timestamp,elapsed_sec,temperature,voltage,current,cpu_percent,queue_depth,dT_dt,dV_dt,sigma_V,x1_thermal_prox,x2_thermal_vel,x3_voltage_sag,x4_voltage_drop,x5_voltage_instab,x6_load_pressure,risk_score,device_state,is_cold_start,budget_remaining,tasks_this_window,task_id,task_weight,task_priority,decision,reason,event
1771435998.312,0.0,35.00,4.9088,0.642,3.0,0,,,,0.0000,0.0000,0.0000,0.0000,0.0000,0.0210,0.0042,SAFE,True,10,0,,,,,,
1771435998.312,0.0,,,,,,,,,,,,,,,0.0042,SAFE,,9,,t0_0,0.27,HIGH,LOCAL,SAFE: all tasks permitted (weight=0.27),
1771435998.312,0.0,35.19,4.9237,0.656,4.0,0,,,0.00749,0.0000,0.0000,0.0000,0.0000,0.0749,0.0281,0.0131,SAFE,True,9,1,,,,,,
1771435998.315,0.0,35.26,4.9004,0.655,3.9,0,,,0.00965,0.0000,0.0000,0.0000,0.0000,0.0965,0.0276,0.0152,SAFE,True,9,1,,,,,,
1771435998.315,0.0,,,,,,,,,,,,,,,0.0152,SAFE,,8,,t2_0,0.68,LOW,LOCAL,SAFE: all tasks permitted (weight=0.68),
1771435998.315,0.0,35.46,4.8950,0.690,6.4,0,,,0.01085,0.0000,0.0000,0.0000,0.0000,0.1085,0.0448,0.0198,SAFE,True,8,2,,,,,,
1771435998.315,0.0,35.53,4.8956,0.686,6.2,0,,,0.01072,0.0000,0.0000,0.0000,0.0000,0.1072,0.0431,0.0193,SAFE,True,8,2,,,,,,
1771435998.315,0.0,35.21,4.8925,0.683,5.9,0,,,0.01080,0.0000,0.0000,0.0000,0.0000,0.1080,0.0416,0.0191,SAFE,True,8,2,,,,,,
1771435998.315,0.0,35.50,4.8945,0.680,5.7,0,,,0.01040,0.0000,0.0000,0.0000,0.0000,0.1040,0.0401,0.0184,SAFE,True,8,2,,,,,,
1771435998.315,0.0,35.47,4.8854,0.678,5.5,0,,,0.01110,0.0000,0.0000,0.0000,0.0000,0.1110,0.0388,0.0189,SAFE,True,8,2,,,,,,
1771435998.315,0.0,35.88,4.8941,0.675,5.4,0,17607.797,-4.88474,0.01060,0.0000,1.0000,0.0000,1.0000,0.1060,0.0376,0.4681,WARNING,False,8,2,,,,,,
1771435998.315,0.0,36.16,4.9125,0.673,5.2,0,19423.947,-3.74999,0.01085,0.0000,1.0000,0.0000,1.0000,0.1085,0.0364,0.4681,WARNING,False,8,2,,,,,,
1771435998.315,0.0,35.91,4.8794,0.671,5.0,0,,,0.01195,0.0000,0.0000,0.0000,0.0000,0.1195,0.0353,0.0190,SAFE,False,8,2,,,,,,
1771435998.315,0.0,36.08,4.8969,0.669,4.9,0,,,0.01145,0.0000,0.0000,0.0000,0.0000,0.1145,0.0343,0.0183,SAFE,False,8,2,,,,,,
1771435998.315,0.0,,,,,,,,,,,,,,,0.0183,SAFE,,7,,t11_0,0.44,HIGH,LOCAL,SAFE: all tasks permitted (weight=0.44),
1771435998.315,0.0,36.06,4.8768,0.690,6.4,0,,,0.01236,0.0000,0.0000,0.0000,0.0000,0.1236,0.0450,0.0214,SAFE,False,7,3,,,,,,
1771435998.315,0.0,35.51,4.8840,0.687,6.2,0,,,0.00932,0.0000,0.0000,0.0000,0.0000,0.0932,0.0434,0.0180,SAFE,False,7,3,,,,,,
1771435998.315,0.0,36.02,4.9055,0.684,6.0,0,,,0.00979,0.0000,0.0000,0.0000,0.0000,0.0979,0.0418,0.0181,SAFE,False,9,0,,,,,,window_reset|B=9
1771435998.315,0.0,36.06,4.9020,0.681,5.8,0,,,0.01011,0.0000,0.0000,0.0000,0.0000,0.1011,0.0403,0.0182,SAFE,False,9,0,,,,,,
1771435998.315,0.0,35.91,4.8873,0.678,5.6,0,,,0.01021,0.0000,0.0000,0.0000,0.0000,0.1021,0.0390,0.0180,SAFE,False,9,0,,,,,,
1771435998.315,0.0,36.21,4.9071,0.675,5.4,0,,,0.01097,0.0000,0.0000,0.0000,0.0000,0.1097,0.0377,0.0185,SAFE,False,9,0,,,,,,
1771435998.315,0.0,35.94,4.8839,0.673,5.2,0,,,0.01130,0.0000,0.0000,0.0000,0.0000,0.1130,0.0365,0.0186,SAFE,False,9,0,,,,,,
1771435998.315,0.0,36.21,4.8908,0.671,5.1,0,,,0.01110,0.0000,0.0000,0.0000,0.0000,0.1110,0.0355,0.0182,SAFE,False,9,0,,,,,,
1771435998.315,0.0,36.69,4.8980,0.669,4.9,0,,,0.01117,0.0000,0.0000,0.0000,0.0000,0.1117,0.0344,0.0181,SAFE,False,9,0,,,,,,
1771435998.315,0.0,36.07,4.8771,0.667,4.8,0,,,0.01047,0.0000,0.0000,0.0000,0.0000,0.1047,0.0335,0.0172,SAFE,False,9,0,,,,,,
1771435998.315,0.0,,,,,,,,,,,,,,,0.0172,SAFE,,8,,t21_0,0.59,NORMAL,LOCAL,SAFE: all tasks permitted (weight=0.59),
1771435998.315,0.0,36.37,4.8943,0.696,6.9,0,,,0.00992,0.0000,0.0000,0.0000,0.0000,0.0992,0.0481,0.0195,SAFE,False,8,1,,,,,,
1771435998.315,0.0,36.40,4.9014,0.692,6.6,0,,,0.01018,0.0000,0.0000,0.0000,0.0000,0.1018,0.0462,0.0194,SAFE,False,8,1,,,,,,
1771435998.315,0.0,36.66,4.8854,0.689,6.3,0,,,0.00934,0.0000,0.0000,0.0000,0.0000,0.0934,0.0444,0.0182,SAFE,False,8,1,,,,,,
1771435998.315,0.0,36.00,4.9120,0.686,6.1,0,,,0.01024,0.0000,0.0000,0.0000,0.0000,0.1024,0.0428,0.0188,SAFE,False,8,1,,,,,,
1771435998.315,0.0,36.54,4.9054,0.683,5.9,0,,,0.01023,0.0000,0.0000,0.0000,0.0000,0.1023,0.0413,0.0185,SAFE,False,8,1,,,,,,
1771435998.315,0.0,36.57,4.9136,0.680,5.7,0,,,0.01130,0.0000,0.0000,0.0000,0.0000,0.1130,0.0399,0.0193,SAFE,False,8,1,,,,,,
1771435998.315,0.0,36.47,4.9026,0.677,5.5,0,,,0.01107,0.0000,0.0000,0.0000,0.0000,0.1107,0.0385,0.0188,SAFE,False,8,1,,,,,,
1771435998.315,0.0,36.54,4.8974,0.675,5.3,0,,,0.01069,0.0000,0.0000,0.0000,0.0000,0.1069,0.0373,0.0182,SAFE,False,9,0,,,,,,window_reset|B=9
1771435998.315,0.0,37.02,4.9099,0.672,5.2,0,,,0.01049,0.0000,0.0000,0.0000,0.0000,0.1049,0.0362,0.0177,SAFE,False,9,0,,,,,,
1771435998.315,0.0,36.62,4.9013,0.670,5.0,0,,,0.01020,0.0000,0.0000,0.0000,0.0000,0.1020,0.0351,0.0172,SAFE,False,9,0,,,,,,
1771435998.315,0.0,37.11,4.8992,0.668,4.9,0,,,0.01019,0.0000,0.0000,0.0000,0.0000,0.1019,0.0341,0.0170,SAFE,False,9,0,,,,,,
1771435998.315,0.0,36.79,4.8986,0.666,4.7,0,,,0.00756,0.0000,0.0000,0.0000,0.0000,0.0756,0.0332,0.0142,SAFE,False,9,0,,,,,,
1771435998.315,0.0,36.62,4.8860,0.665,4.6,0,,,0.00852,0.0000,0.0000,0.0000,0.0000,0.0852,0.0323,0.0150,SAFE,False,9,0,,,,,,
1771435998.315,0.0,,,,,,,,,,,,,,,0.0150,SAFE,,8,,t34_0,0.26,CRITICAL,LOCAL,SAFE: all tasks permitted (weight=0.26),
1771435998.315,0.0,36.71,4.8919,0.677,5.5,0,,,0.00889,0.0000,0.0000,0.0000,0.0000,0.0889,0.0383,0.0166,SAFE,False,8,1,,,,,,
1771435998.315,0.0,36.12,4.9069,0.674,5.3,0,,,0.00781,0.0000,0.0000,0.0000,0.0000,0.0781,0.0371,0.0152,SAFE,False,8,1,,,,,,
1771435998.315,0.0,,,,,,,,,,,,,,,0.0152,SAFE,,7,,t36_0,0.44,HIGH,LOCAL,SAFE: all tasks permitted (weight=0.44),
1771435998.316,0.0,36.85,4.9074,0.696,6.8,0,14100.877,7.54442,0.00741,0.0000,1.0000,0.0000,0.0000,0.0741,0.0478,0.2670,WARNING,False,7,2,,,,,,
1771435998.316,0.0,37.44,4.8787,0.692,6.6,0,18883.543,-23.57674,0.00964,0.0000,1.0000,0.0000,1.0000,0.0964,0.0459,0.4688,WARNING,False,7,2,,,,,,
1771435998.316,0.0,36.69,4.8793,0.688,6.3,0,3127.371,-16.64234,0.01009,0.0000,1.0000,0.0000,1.0000,0.1009,0.0441,0.4689,WARNING,False,7,2,,,,,,
1771435998.316,0.0,,,,,,,,,,,,,,,0.4689,WARNING,,7,,t39_0,0.48,HIGH,OFFLOAD,WARNING: heavy task offloaded (weight=0.48 >= 0.3),
1771435998.316,0.0,37.02,4.8778,0.685,6.1,0,-4110.246,-16.13990,0.01113,0.0000,0.0000,0.0000,1.0000,0.1113,0.0425,0.2196,WARNING,False,7,2,,,,,,
1771435998.316,0.0,,,,,,,,,,,,,,,0.2196,WARNING,,7,,t40_0,0.83,LOW,OFFLOAD,WARNING: heavy task offloaded (weight=0.83 >= 0.3),
1771435998.316,0.0,37.01,4.8950,0.682,5.9,0,9889.344,-2.69979,0.01110,0.0000,1.0000,0.0000,1.0000,0.1110,0.0410,0.4693,WARNING,False,7,2,,,,,,
1771435998.316,0.0,37.73,4.8999,0.679,5.7,0,50092.829,10.47003,0.01024,0.0000,1.0000,0.0000,0.0000,0.1024,0.0396,0.2682,WARNING,False,7,2,,,,,,
1771435998.316,0.0,37.19,4.8873,0.677,5.5,0,21567.736,-3.45922,0.01008,0.0000,1.0000,0.0000,1.0000,0.1008,0.0383,0.4677,WARNING,False,7,2,,,,,,
1771435998.316,0.0,37.61,4.8757,0.674,5.3,0,67355.838,-23.60180,0.01082,0.0000,1.0000,0.0000,1.0000,0.1082,0.0371,0.4682,WARNING,False,5,0,,,,,,window_reset|B=5
1771435998.316,0.0,36.98,4.8984,0.672,5.1,0,,,0.01081,0.0000,0.0000,0.0000,0.0000,0.1081,0.0360,0.0180,SAFE,False,5,0,,,,,,
1771435998.316,0.0,37.12,4.8923,0.670,5.0,0,,,0.01074,0.0000,0.0000,0.0000,0.0000,0.1074,0.0349,0.0177,SAFE,False,5,0,,,,,,
1771435998.316,0.0,36.89,4.8964,0.668,4.8,0,,,0.01084,0.0000,0.0000,0.0000,0.0000,0.1084,0.0339,0.0176,SAFE,False,5,0,,,,,,
1771435998.316,0.0,36.94,4.9042,0.666,4.7,0,,,0.01055,0.0000,0.0000,0.0000,0.0000,0.1055,0.0330,0.0172,SAFE,False,5,0,,,,,,
1771435998.316,0.0,37.10,4.8922,0.664,4.6,0,,,0.00936,0.0000,0.0000,0.0000,0.0000,0.0936,0.0322,0.0158,SAFE,False,5,0,,,,,,
1771435998.316,0.0,37.57,4.9004,0.663,4.5,0,,,0.00914,0.0000,0.0000,0.0000,0.0000,0.0914,0.0314,0.0154,SAFE,False,5,0,,,,,,
1771435998.316,0.0,36.98,4.9009,0.661,4.4,0,,,0.00866,0.0000,0.0000,0.0000,0.0000,0.0866,0.0307,0.0148,SAFE,False,5,0,,,,,,
1771435998.316,0.0,36.93,4.9165,0.660,4.3,0,,,0.00943,0.0000,0.0000,0.0000,0.0000,0.0943,0.0300,0.0154,SAFE,False,5,0,,,,,,
1771435998.316,0.0,37.16,4.9074,0.659,4.2,0,,,0.00987,0.0000,0.0000,0.0000,0.0000,0.0987,0.0294,0.0157,SAFE,False,5,0,,,,,,
1771435998.316,0.0,37.22,4.9303,0.658,4.1,0,,,0.01339,0.0000,0.0000,0.0000,0.0000,0.1339,0.0288,0.0191,SAFE,False,5,0,,,,,,
1771435998.317,0.0,37.33,4.9076,0.656,4.0,0,51003.153,21.93711,0.01293,0.0000,1.0000,0.0000,0.0000,0.1293,0.0282,0.2686,WARNING,False,5,0,,,,,,
1771435998.317,0.0,37.16,4.9100,0.655,4.0,0,25612.582,11.34468,0.01036,0.0000,1.0000,0.0000,0.0000,0.1036,0.0277,0.2659,WARNING,False,5,0,,,,,,
1771435998.317,0.0,,,,,,,,,,,,,,,0.2659,WARNING,,5,,t56_0,0.59,NORMAL,OFFLOAD,WARNING: heavy task offloaded (weight=0.59 >= 0.3),
1771435998.317,0.0,36.81,4.8976,0.655,3.9,0,-34260.198,10.48606,0.01041,0.0000,0.0000,0.0000,0.0000,0.1041,0.0273,0.0159,SAFE,False,5,0,,,,,,
1771435998.317,0.0,37.18,4.8961,0.654,3.8,0,-45306.345,-8.49600,0.01008,0.0000,0.0000,0.0000,1.0000,0.1008,0.0268,0.2154,SAFE,False,5,0,,,,,,
1771435998.317,0.0,36.82,4.9096,0.653,3.8,0,-19188.574,17.07617,0.00980,0.0000,0.0000,0.0000,0.0000,0.0980,0.0264,0.0151,SAFE,False,9,0,,,,,,window_reset|B=9
1771435998.317,0.0,37.04,4.8857,0.652,3.7,0,13427.825,-60.16687,0.01131,0.0000,1.0000,0.0000,1.0000,0.1131,0.0260,0.4665,WARNING,False,9,0,,,,,,
1771435998.317,0.0,37.34,4.9117,0.651,3.7,0,21483.174,8.28240,0.01081,0.0000,1.0000,0.0000,0.0000,0.1081,0.0257,0.2660,WARNING,False,9,0,,,,,,
1771435998.317,0.0,37.23,4.8976,0.651,3.6,0,1269.929,-63.83249,0.01096,0.0000,1.0000,0.0000,1.0000,0.1096,0.0254,0.4660,WARNING,False,9,0,,,,,,
1771435998.317,0.0,36.78,4.9090,0.650,3.6,0,,,0.01088,0.0000,0.0000,0.0000,0.0000,0.1088,0.0251,0.0159,SAFE,False,9,0,,,,,,
1771435998.317,0.0,37.07,4.9338,0.650,3.5,0,,,0.01303,0.0000,0.0000,0.0000,0.0000,0.1303,0.0248,0.0180,SAFE,False,9,0,,,,,,
1771435998.317,0.0,,,,,,,,,,,,,,,0.0180,SAFE,,8,,t64_0,0.79,NORMAL,LOCAL,SAFE: all tasks permitted (weight=0.79),
1771435998.317,0.0,37.34,4.8804,0.692,6.5,0,,,0.01511,0.0000,0.0000,0.0000,0.0000,0.1511,0.0458,0.0243,SAFE,False,8,1,,,,,,
1771435998.317,0.0,37.70,4.8932,0.688,6.3,0,,,0.01350,0.0000,0.0000,0.0000,0.0000,0.1350,0.0441,0.0223,SAFE,False,8,1,,,,,,
1771435998.317,0.0,37.68,4.8831,0.685,6.1,0,,,0.01442,0.0000,0.0000,0.0000,0.0000,0.1442,0.0424,0.0229,SAFE,False,8,1,,,,,,
1771435998.317,0.0,,,,,,,,,,,,,,,0.0229,SAFE,,7,,t67_0,0.42,NORMAL,LOCAL,SAFE: all tasks permitted (weight=0.42),
1771435998.317,0.0,37.00,4.8893,0.705,7.5,0,,,0.01444,0.0000,0.0000,0.0000,0.0000,0.1444,0.0524,0.0249,SAFE,False,7,2,,,,,,
1771435998.317,0.0,37.52,4.8946,0.700,7.2,0,,,0.01448,0.0000,0.0000,0.0000,0.0000,0.1448,0.0502,0.0245,SAFE,False,7,2,,,,,,
1771435998.317,0.0,37.23,4.9145,0.696,6.9,0,,,0.01509,0.0000,0.0000,0.0000,0.0000,0.1509,0.0481,0.0247,SAFE,False,7,2,,,,,,
1771435998.317,0.0,36.65,4.9082,0.692,6.6,0,,,0.01503,0.0000,0.0000,0.0000,0.0000,0.1503,0.0462,0.0243,SAFE,False,7,2,,,,,,
1771435998.317,0.0,36.89,4.8863,0.689,6.4,0,,,0.01498,0.0000,0.0000,0.0000,0.0000,0.1498,0.0445,0.0239,SAFE,False,7,2,,,,,,
1771435998.317,0.0,37.13,4.9275,0.686,6.1,0,,,0.01655,0.0000,0.0000,0.0000,0.0000,0.1655,0.0428,0.0251,SAFE,False,7,2,,,,,,
1771435998.317,0.0,36.90,4.8901,0.683,5.9,0,,,0.01682,0.0000,0.0000,0.0000,0.0000,0.1682,0.0413,0.0251,SAFE,False,9,0,,,,,,window_reset|B=9
1771435998.317,0.0,37.09,4.8881,0.680,5.7,0,,,0.01696,0.0000,0.0000,0.0000,0.0000,0.1696,0.0399,0.0249,SAFE,False,9,0,,,,,,
1771435998.317,0.0,,,,,,,,,,,,,,,0.0249,SAFE,,8,,t75_0,0.25,NORMAL,LOCAL,SAFE: all tasks permitted (weight=0.25),
1771435998.317,0.0,37.84,4.9210,0.691,6.5,0,,,0.01504,0.0000,0.0000,0.0000,0.0000,0.1504,0.0454,0.0241,SAFE,False,8,1,,,,,,
1771435998.317,0.0,37.60,4.9107,0.687,6.2,0,,,0.01440,0.0000,0.0000,0.0000,0.0000,0.1440,0.0437,0.0231,SAFE,False,8,1,,,,,,
1771435998.317,0.0,37.47,4.9017,0.684,6.0,0,,,0.01423,0.0000,0.0000,0.0000,0.0000,0.1423,0.0421,0.0226,SAFE,False,8,1,,,,,,
1771435998.317,0.0,37.48,4.9134,0.681,5.8,0,,,0.01344,0.0000,0.0000,0.0000,0.0000,0.1344,0.0406,0.0216,SAFE,False,8,1,,,,,,
1771435998.317,0.0,37.13,4.9052,0.678,5.6,0,,,0.01271,0.0000,0.0000,0.0000,0.0000,0.1271,0.0392,0.0206,SAFE,False,8,1,,,,,,
1771435998.317,0.0,37.67,4.8939,0.676,5.4,0,,,0.01277,0.0000,0.0000,0.0000,0.0000,0.1277,0.0379,0.0204,SAFE,False,8,1,,,,,,
1771435998.317,0.0,37.51,4.9109,0.674,5.3,0,,,0.01258,0.0000,0.0000,0.0000,0.0000,0.1258,0.0368,0.0199,SAFE,False,8,1,,,,,,
1771435998.317,0.0,37.41,4.9096,0.671,5.1,0,,,0.01262,0.0000,0.0000,0.0000,0.0000,0.1262,0.0357,0.0197,SAFE,False,8,1,,,,,,
1771435998.317,0.0,,,,,,,,,,,,,,,0.0197,SAFE,,7,,t83_0,0.76,HIGH,LOCAL,SAFE: all tasks permitted (weight=0.76),
1771435998.317,0.0,37.83,4.8939,0.710,7.9,0,,,0.01184,0.0000,0.0000,0.0000,0.0000,0.1184,0.0552,0.0229,SAFE,False,7,2,,,,,,
1771435998.317,0.0,37.69,4.8883,0.706,7.5,0,,,0.01068,0.0000,0.0000,0.0000,0.0000,0.1068,0.0528,0.0212,SAFE,False,7,2,,,,,,
1771435998.317,0.0,,,,,,,,,,,,,,,0.0212,SAFE,,6,,t85_0,0.38,NORMAL,LOCAL,SAFE: all tasks permitted (weight=0.38),
1771435998.317,0.0,37.56,4.9156,0.722,8.7,0,,,0.01059,0.0000,0.0000,0.0000,0.0000,0.1059,0.0609,0.0228,SAFE,False,6,3,,,,,,
1771435998.317,0.0,37.88,4.8766,0.716,8.3,0,,,0.01238,0.0000,0.0000,0.0000,0.0000,0.1238,0.0581,0.0240,SAFE,False,6,3,,,,,,
1771435998.317,0.0,37.95,4.8681,0.711,7.9,0,,,0.01455,0.0000,0.0000,0.0000,0.0000,0.1455,0.0555,0.0256,SAFE,False,6,3,,,,,,
1771435998.317,0.0,38.18,4.8862,0.706,7.6,0,,,0.01448,0.0000,0.0000,0.0000,0.0000,0.1448,0.0531,0.0251,SAFE,False,9,0,,,,,,window_reset|B=9
1771435998.317,0.0,37.87,4.8791,0.702,7.3,0,,,0.01520,0.0000,0.0000,0.0000,0.0000,0.1520,0.0508,0.0254,SAFE,False,9,0,,,,,,
1771435998.318,0.0,37.94,4.8879,0.697,7.0,0,31255.023,-21.42127,0.01424,0.0000,1.0000,0.0000,1.0000,0.1424,0.0487,0.4740,WARNING,False,9,0,,,,,,
1771435998.318,0.0,,,,,,,,,,,,,,,0.4740,WARNING,,8,,t91_0,0.23,LOW,LOCAL,WARNING: lightweight task permitted (weight=0.23 < 0.3),
1771435998.318,0.0,38.12,4.8989,0.706,7.6,0,16808.607,4.93471,0.01389,0.0000,1.0000,0.0000,0.0000,0.1389,0.0530,0.2745,WARNING,False,8,1,,,,,,
1771435998.318,0.0,37.47,4.8766,0.701,7.2,0,-13159.693,-11.49944,0.01454,0.0000,0.0000,0.0000,1.0000,0.1454,0.0507,0.2247,WARNING,False,8,1,,,,,,
1771435998.318,0.0,37.71,4.8827,0.697,7.0,0,8735.879,-32.42217,0.01336,0.0000,1.0000,0.0000,1.0000,0.1336,0.0487,0.4731,WARNING,False,8,1,,,,,,
1771435998.318,0.0,38.36,4.8773,0.693,6.7,0,28230.386,0.66657,0.01206,0.0000,1.0000,0.0000,0.0000,0.1206,0.0467,0.2714,WARNING,False,8,1,,,,,,
1771435998.318,0.0,37.67,4.7729,0.690,6.4,0,-16075.380,-93.81234,0.03321,0.0000,0.0000,0.3504,1.0000,0.3321,0.0449,0.2877,WARNING,False,8,1,,,,,,
1771435998.318,0.0,37.74,4.8840,0.686,6.2,0,-25839.915,-2.17849,0.03310,0.0000,0.0000,0.0000,1.0000,0.3310,0.0432,0.2417,WARNING,False,8,1,,,,,,
1771435998.318,0.0,37.60,4.8903,0.683,6.0,0,-16385.403,11.10613,0.03123,0.0000,0.0000,0.0000,0.0000,0.3123,0.0417,0.0396,SAFE,False,8,1,,,,,,
1771435998.318,0.0,38.45,4.9081,0.680,5.7,0,,,0.03268,0.0000,0.0000,0.0000,0.0000,0.3268,0.0402,0.0407,SAFE,False,8,1,,,,,,
1771435998.318,0.0,37.35,4.8899,0.678,5.6,0,,,0.03280,0.0000,0.0000,0.0000,0.0000,0.3280,0.0389,0.0406,SAFE,False,8,1,,,,,,
1771435998.318,0.0,37.98,4.9027,0.675,5.4,0,,,0.03346,0.0000,0.0000,0.0000,0.0000,0.3346,0.0376,0.0410,SAFE,False,8,1,,,,,,
1771435998.318,0.0,38.31,4.8844,0.673,5.2,0,,,0.03349,0.0000,0.0000,0.0000,0.0000,0.3349,0.0365,0.0408,SAFE,False,8,1,,,,,,
1771435998.318,0.0,,,,,,,,,,,,,,,0.0408,SAFE,,7,,t102_0,0.33,LOW,LOCAL,SAFE: all tasks permitted (weight=0.33),
1771435998.318,0.0,38.05,4.8877,0.689,6.4,0,,,0.03349,0.0000,0.0000,0.0000,0.0000,0.3349,0.0445,0.0424,SAFE,False,7,2,,,,,,
1771435998.318,0.0,38.31,4.9080,0.686,6.1,0,,,0.03402,0.0000,0.0000,0.0000,0.0000,0.3402,0.0428,0.0426,SAFE,False,9,0,,,,,,window_reset|B=9
1771435998.318,0.0,37.55,4.9056,0.683,5.9,0,,,0.03469,0.0000,0.0000,0.0000,0.0000,0.3469,0.0413,0.0429,SAFE,False,9,0,,,,,,
1771435998.318,0.0,38.44,4.8851,0.680,5.7,0,,,0.03469,0.0000,0.0000,0.0000,0.0000,0.3469,0.0399,0.0427,SAFE,False,9,0,,,,,,
1771435998.318,0.0,,,,,,,,,,,,,,,0.0427,SAFE,,8,,t106_0,0.80,LOW,LOCAL,SAFE: all tasks permitted (weight=0.80),
1771435998.318,0.0,38.17,4.8573,0.721,8.6,0,,,0.03540,0.0000,0.0000,0.0000,0.0000,0.3540,0.0605,0.0475,SAFE,False,8,1,,,,,,
1771435998.318,0.0,37.95,4.8726,0.715,8.2,0,,,0.01453,0.0000,0.0000,0.0000,0.0000,0.1453,0.0577,0.0261,SAFE,False,8,1,,,,,,
1771435998.318,0.0,38.19,4.8609,0.710,7.9,0,,,0.01655,0.0000,0.0000,0.0000,0.0000,0.1655,0.0552,0.0276,SAFE,False,8,1,,,,,,
1771435998.318,0.0,37.97,4.9116,0.706,7.5,0,,,0.01782,0.0000,0.0000,0.0000,0.0000,0.1782,0.0528,0.0284,SAFE,False,8,1,,,,,,
1771435998.318,0.0,,,,,,,,,,,,,,,0.0284,SAFE,,7,,t110_0,0.43,NORMAL,LOCAL,SAFE: all tasks permitted (weight=0.43),
1771435998.318,0.0,38.48,4.8633,0.725,8.9,0,,,0.01821,0.0000,0.0000,0.0000,0.0000,0.1821,0.0625,0.0307,SAFE,False,7,2,,,,,,
1771435998.318,0.0,38.24,4.8699,0.719,8.5,0,,,0.01867,0.0000,0.0000,0.0000,0.0000,0.1867,0.0596,0.0306,SAFE,False,7,2,,,,,,
1771435998.318,0.0,,,,,,,,,,,,,,,0.0306,SAFE,,6,,t112_0,0.56,CRITICAL,LOCAL,SAFE: all tasks permitted (weight=0.56),
1771435998.318,0.0,38.22,4.8666,0.745,10.3,0,,,0.01833,0.0000,0.0000,0.0000,0.0000,0.1833,0.0724,0.0328,SAFE,False,6,3,,,,,,
1771435998.318,0.0,,,,,,,,,,,,,,,0.0328,SAFE,,5,,t113_0,0.26,LOW,LOCAL,SAFE: all tasks permitted (weight=0.26),
1771435998.318,0.0,38.33,4.8863,0.752,10.8,0,,,0.01836,0.0000,0.0000,0.0000,0.0000,0.1836,0.0759,0.0335,SAFE,False,5,4,,,,,,
1771435998.318,0.0,38.53,4.8746,0.744,10.3,0,,,0.01833,0.0000,0.0000,0.0000,0.0000,0.1833,0.0721,0.0327,SAFE,False,5,4,,,,,,
1771435998.318,0.0,37.65,4.9022,0.737,9.8,0,,,0.01766,0.0000,0.0000,0.0000,0.0000,0.1766,0.0685,0.0314,SAFE,False,5,4,,,,,,
1771435998.318,0.0,38.51,4.8787,0.730,9.3,0,,,0.01583,0.0000,0.0000,0.0000,0.0000,0.1583,0.0652,0.0289,SAFE,False,5,4,,,,,,
1771435998.318,0.0,,,,,,,,,,,,,,,0.0289,SAFE,,4,,t117_0,0.32,NORMAL,LOCAL,SAFE: all tasks permitted (weight=0.32),
1771435998.318,0.0,38.76,4.9102,0.742,10.1,0,,,0.01819,0.0000,0.0000,0.0000,0.0000,0.1819,0.0708,0.0324,SAFE,False,4,5,,,,,,
1771435998.318,0.0,,,,,,,,,,,,,,,0.0324,SAFE,,3,,t118_0,0.50,NORMAL,LOCAL,SAFE: all tasks permitted (weight=0.50),
1771435998.318,0.0,38.75,4.8818,0.762,11.6,1,,,0.01691,0.0000,0.0000,0.0000,0.0000,0.1691,0.0961,0.0361,SAFE,False,9,0,,,,,,window_reset|B=9
1771435998.318,0.0,38.40,4.8921,0.754,11.0,0,,,0.01691,0.0000,0.0000,0.0000,0.0000,0.1691,0.0769,0.0323,SAFE,False,9,0,,,,,,
1771435998.318,0.0,38.31,4.8888,0.746,10.4,0,,,0.01554,0.0000,0.0000,0.0000,0.0000,0.1554,0.0730,0.0301,SAFE,False,9,0,,,,,,
1771435998.318,0.0,38.64,4.8778,0.739,9.9,0,,,0.01349,0.0000,0.0000,0.0000,0.0000,0.1349,0.0693,0.0274,SAFE,False,9,0,,,,,,
1771435998.318,0.0,,,,,,,,,,,,,,,0.0274,SAFE,,8,,t122_0,0.61,HIGH,LOCAL,SAFE: all tasks permitted (weight=0.61),
1771435998.318,0.0,38.25,4.8649,0.766,11.8,1,,,0.01331,0.0000,0.0000,0.0000,0.0000,0.1331,0.0978,0.0329,SAFE,False,8,1,,,,,,
1771435998.318,0.0,,,,,,,,,,,,,,,0.0329,SAFE,,7,,t123_0,0.80,CRITICAL,LOCAL,SAFE: all tasks permitted (weight=0.80),
1771435998.318,0.0,38.68,4.8469,0.802,14.4,1,,,0.01633,0.0000,0.0000,0.0139,0.0000,0.1633,0.1158,0.0413,SAFE,False,7,2,,,,,,
1771435998.319,0.0,,,,,,,,,,,,,,,0.0413,SAFE,,6,,t124_0,0.31,NORMAL,LOCAL,SAFE: all tasks permitted (weight=0.31),
1771435998.319,0.0,38.79,4.8457,0.808,14.8,1,16643.765,-33.12163,0.01870,0.0000,1.0000,0.0194,1.0000,0.1870,0.1189,0.4950,WARNING,False,6,3,,,,,,
1771435998.319,0.0,39.30,4.8412,0.796,14.0,1,32327.773,-69.29122,0.02125,0.0000,1.0000,0.0398,1.0000,0.2125,0.1131,0.4990,WARNING,False,6,3,,,,,,
1771435998.319,0.0,38.99,4.8782,0.785,13.2,1,14456.345,-3.63093,0.02126,0.0000,1.0000,0.0000,1.0000,0.2126,0.1077,0.4928,WARNING,False,6,3,,,,,,
1771435998.319,0.0,39.12,4.8750,0.775,12.5,1,43444.021,-17.17302,0.01970,0.0000,1.0000,0.0000,1.0000,0.1970,0.1027,0.4902,WARNING,False,6,3,,,,,,
1771435998.319,0.0,39.64,4.8623,0.766,11.9,1,79800.045,-26.67199,0.01986,0.0000,1.0000,0.0000,1.0000,0.1986,0.0980,0.4895,WARNING,False,6,3,,,,,,
1771435998.319,0.0,39.07,4.8645,0.757,11.2,1,25624.060,-13.33526,0.01623,0.0000,1.0000,0.0000,1.0000,0.1623,0.0937,0.4850,WARNING,False,6,3,,,,,,
1771435998.319,0.0,39.54,4.8751,0.749,10.7,0,77485.556,10.23296,0.01586,0.0000,1.0000,0.0000,0.0000,0.1586,0.0746,0.2808,WARNING,False,6,3,,,,,,
1771435998.319,0.0,38.93,4.8675,0.742,10.1,0,14854.102,20.62804,0.01407,0.0000,1.0000,0.0000,0.0000,0.1407,0.0709,0.2782,WARNING,False,6,3,,,,,,
1771435998.319,0.0,39.13,4.8828,0.735,9.6,0,,,0.01332,0.0000,0.0000,0.0000,0.0000,0.1332,0.0674,0.0268,SAFE,False,6,3,,,,,,
1771435998.319,0.0,,,,,,,,,,,,,,,0.0268,SAFE,,5,,t133_0,0.78,NORMAL,LOCAL,SAFE: all tasks permitted (weight=0.78),
1771435998.319,0.0,39.82,4.8534,0.772,12.3,1,,,0.01310,0.0000,0.0000,0.0000,0.0000,0.1310,0.1010,0.0333,SAFE,False,9,0,,,,,,window_reset|B=9
1771435998.319,0.0,39.74,4.8797,0.763,11.6,1,,,0.01388,0.0000,0.0000,0.0000,0.0000,0.1388,0.0965,0.0332,SAFE,False,9,0,,,,,,
1771435998.319,0.0,39.18,4.8966,0.754,11.0,1,,,0.01539,0.0000,0.0000,0.0000,0.0000,0.1539,0.0922,0.0338,SAFE,False,9,0,,,,,,
1771435998.319,0.0,,,,,,,,,,,,,,,0.0338,SAFE,,8,,t136_0,0.23,CRITICAL,LOCAL,SAFE: all tasks permitted (weight=0.23),
1771435998.319,0.0,39.40,4.8635,0.760,11.4,1,,,0.01392,0.0000,0.0000,0.0000,0.0000,0.1392,0.0948,0.0329,SAFE,False,8,1,,,,,,
1771435998.319,0.0,39.75,4.8760,0.751,10.8,0,,,0.01093,0.0000,0.0000,0.0000,0.0000,0.1093,0.0757,0.0261,SAFE,False,8,1,,,,,,
1771435998.319,0.0,39.61,4.8724,0.744,10.3,0,,,0.01082,0.0000,0.0000,0.0000,0.0000,0.1082,0.0718,0.0252,SAFE,False,8,1,,,,,,
1771435998.319,0.0,39.42,4.8722,0.737,9.8,0,,,0.01079,0.0000,0.0000,0.0000,0.0000,0.1079,0.0683,0.0244,SAFE,False,8,1,,,,,,
1771435998.319,0.0,,,,,,,,,,,,,,,0.0244,SAFE,,7,,t140_0,0.21,LOW,LOCAL,SAFE: all tasks permitted (weight=0.21),
1771435998.319,0.0,39.34,4.8777,0.742,10.1,0,,,0.01045,0.0000,0.0000,0.0000,0.0000,0.1045,0.0710,0.0246,SAFE,False,7,2,,,,,,
1771435998.319,0.0,,,,,,,,,,,,,,,0.0246,SAFE,,6,,t141_0,0.54,LOW,LOCAL,SAFE: all tasks permitted (weight=0.54),
1771435998.319,0.0,40.11,4.8714,0.765,11.8,1,,,0.01012,0.0000,0.0000,0.0000,0.0000,0.1012,0.0977,0.0297,SAFE,False,6,3,,,,,,
1771435998.319,0.0,39.88,4.8824,0.757,11.2,1,,,0.01039,0.0000,0.0000,0.0000,0.0000,0.1039,0.0933,0.0291,SAFE,False,6,3,,,,,,
1771435998.319,0.0,40.01,4.8710,0.749,10.6,0,,,0.01023,0.0000,0.0000,0.0000,0.0000,0.1023,0.0743,0.0251,SAFE,False,6,3,,,,,,
1771435998.321,0.0,39.67,4.9050,0.741,10.1,0,8170.523,20.56175,0.01309,0.0000,1.0000,0.0000,0.0000,0.1309,0.0706,0.2772,WARNING,False,6,3,,,,,,
1771435998.321,0.0,,,,,,,,,,,,,,,0.2772,WARNING,,6,,t145_0,0.66,HIGH,OFFLOAD,WARNING: heavy task offloaded (weight=0.66 >= 0.3),
1771435998.321,0.0,39.81,4.8604,0.734,9.6,0,2025.207,-7.71893,0.01216,0.0000,1.0000,0.0000,1.0000,0.1216,0.0671,0.4756,WARNING,False,6,3,,,,,,
1771435998.321,0.0,39.06,4.8620,0.728,9.1,0,-16238.097,-5.13490,0.01284,0.0000,0.0000,0.0000,1.0000,0.1284,0.0639,0.2256,WARNING,False,6,3,,,,,,
1771435998.321,0.0,39.30,4.8687,0.722,8.7,0,-3566.580,-1.69627,0.01131,0.0000,0.0000,0.0000,1.0000,0.1131,0.0609,0.2235,WARNING,False,6,3,,,,,,
1771435998.321,0.0,,,,,,,,,,,,,,,0.2235,WARNING,,6,,t148_0,0.48,NORMAL,OFFLOAD,WARNING: heavy task offloaded (weight=0.48 >= 0.3),
1771435998.321,0.0,39.83,4.8697,0.716,8.3,0,14380.771,-3.94282,0.01097,0.0000,1.0000,0.0000,1.0000,0.1097,0.0581,0.4726,WARNING,False,5,0,,,,,,window_reset|B=5
1771435998.321,0.0,39.61,4.8709,0.711,7.9,0,-14750.538,-0.23371,0.01099,0.0000,0.0000,0.0000,0.4674,0.1099,0.0555,0.1156,SAFE,False,5,0,,,,,,
1771435998.321,0.0,39.61,4.9072,0.706,7.6,0,-8256.442,12.25618,0.01435,0.0000,0.0000,0.0000,0.0000,0.1435,0.0531,0.0250,SAFE,False,5,0,,,,,,
1771435998.321,0.0,39.15,4.8873,0.702,7.3,0,-25363.078,8.04480,0.01457,0.0000,0.0000,0.0000,0.0000,0.1457,0.0508,0.0247,SAFE,False,5,0,,,,,,
1771435998.321,0.0,39.75,4.8958,0.697,7.0,0,,,0.01539,0.0000,0.0000,0.0000,0.0000,0.1539,0.0487,0.0251,SAFE,False,5,0,,,,,,
1771435998.321,0.0,,,,,,,,,,,,,,,0.0251,SAFE,,4,,t153_0,0.38,HIGH,LOCAL,SAFE: all tasks permitted (weight=0.38),
1771435998.321,0.0,39.37,4.9011,0.715,8.2,0,-53174.267,80.46048,0.01628,0.0000,0.0000,0.0000,0.0000,0.1628,0.0577,0.0278,SAFE,False,4,1,,,,,,
1771435998.321,0.0,39.56,4.9080,0.710,7.9,0,59177.191,91.07153,0.01783,0.0000,1.0000,0.0000,0.0000,0.1783,0.0551,0.2788,WARNING,False,4,1,,,,,,
1771435998.321,0.0,39.77,4.8942,0.705,7.5,0,55912.607,50.35512,0.01758,0.0000,1.0000,0.0000,0.0000,0.1758,0.0527,0.2781,WARNING,False,4,1,,,,,,
1771435998.321,0.0,,,,,,,,,,,,,,,0.2781,WARNING,,4,,t156_0,0.55,HIGH,OFFLOAD,WARNING: heavy task offloaded (weight=0.55 >= 0.3),
1771435998.321,0.0,39.28,4.8944,0.701,7.2,0,-64784.291,48.92129,0.01684,0.0000,0.0000,0.0000,0.0000,0.1684,0.0505,0.0269,SAFE,False,4,1,,,,,,
1771435998.321,0.0,39.76,4.8810,0.697,6.9,0,17399.130,19.98097,0.01523,0.0000,1.0000,0.0000,0.0000,0.1523,0.0484,0.2749,WARNING,False,4,1,,,,,,
1771435998.321,0.0,39.71,4.8741,0.693,6.6,0,12639.896,-65.47294,0.01390,0.0000,1.0000,0.0000,1.0000,0.1390,0.0465,0.4732,WARNING,False,4,1,,,,,,
1771435998.321,0.0,,,,,,,,,,,,,,,0.4732,WARNING,,4,,t159_0,0.42,HIGH,OFFLOAD,WARNING: heavy task offloaded (weight=0.42 >= 0.3),
1771435998.321,0.0,39.64,4.8933,0.689,6.4,0,57697.859,11.84406,0.01272,0.0000,1.0000,0.0000,0.0000,0.1272,0.0447,0.2717,WARNING,False,4,1,,,,,,
1771435998.321,0.0,,,,,,,,,,,,,,,0.2717,WARNING,,4,,t160_0,0.67,NORMAL,OFFLOAD,WARNING: heavy task offloaded (weight=0.67 >= 0.3),
1771435998.321,0.0,39.77,4.8681,0.686,6.2,0,1842.905,-54.97325,0.01294,0.0000,1.0000,0.0000,1.0000,0.1294,0.0431,0.4716,WARNING,False,4,1,,,,,,
1771435998.321,0.0,39.27,4.8780,0.683,5.9,0,,,0.01221,0.0000,0.0000,0.0000,0.0000,0.1221,0.0415,0.0205,SAFE,False,4,1,,,,,,
1771435998.321,0.0,39.28,4.9047,0.680,5.7,0,,,0.01194,0.0000,0.0000,0.0000,0.0000,0.1194,0.0401,0.0200,SAFE,False,4,1,,,,,,
1771435998.321,0.0,39.46,4.8990,0.677,5.5,0,,,0.01216,0.0000,0.0000,0.0000,0.0000,0.1216,0.0387,0.0199,SAFE,False,9,0,,,,,,window_reset|B=9
1771435998.321,0.0,39.00,4.9020,0.675,5.4,0,,,0.01248,0.0000,0.0000,0.0000,0.0000,0.1248,0.0375,0.0200,SAFE,False,9,0,,,,,,
1771435998.321,0.0,39.39,4.9113,0.673,5.2,0,,,0.01342,0.0000,0.0000,0.0000,0.0000,0.1342,0.0363,0.0207,SAFE,False,9,0,,,,,,
1771435998.321,0.0,38.75,4.9094,0.671,5.0,0,,,0.01355,0.0000,0.0000,0.0000,0.0000,0.1355,0.0353,0.0206,SAFE,False,9,0,,,,,,
1771435998.321,0.0,,,,,,,,,,,,,,,0.0206,SAFE,,8,,t167_0,0.59,NORMAL,LOCAL,SAFE: all tasks permitted (weight=0.59),
1771435998.321,0.0,38.94,4.8840,0.702,7.3,0,,,0.01374,0.0000,0.0000,0.0000,0.0000,0.1374,0.0511,0.0240,SAFE,False,8,1,,,,,,
1771435998.321,0.0,39.30,4.8946,0.698,7.0,0,,,0.01374,0.0000,0.0000,0.0000,0.0000,0.1374,0.0490,0.0235,SAFE,False,8,1,,,,,,
1771435998.321,0.0,38.77,4.9119,0.694,6.7,0,,,0.01438,0.0000,0.0000,0.0000,0.0000,0.1438,0.0470,0.0238,SAFE,False,8,1,,,,,,
1771435998.322,0.0,38.99,4.8681,0.690,6.5,0,-33467.101,-71.19474,0.01516,0.0000,0.0000,0.0000,1.0000,0.1516,0.0452,0.2242,SAFE,False,8,1,,,,,,
1771435998.322,0.0,,,,,,,,,,,,,,,0.2242,SAFE,,7,,t171_0,0.57,LOW,LOCAL,SAFE: all tasks permitted (weight=0.57),
1771435998.322,0.0,39.04,4.8852,0.719,8.5,0,-48768.213,-26.85002,0.01534,0.0000,0.0000,0.0000,1.0000,0.1534,0.0597,0.2273,SAFE,False,7,2,,,,,,
1771435998.322,0.0,39.27,4.8858,0.714,8.1,0,31760.111,-31.42407,0.01362,0.0000,1.0000,0.0000,1.0000,0.1362,0.0570,0.4750,WARNING,False,7,2,,,,,,
1771435998.322,0.0,,,,,,,,,,,,,,,0.4750,WARNING,,7,,t173_0,0.43,NORMAL,OFFLOAD,WARNING: heavy task offloaded (weight=0.43 >= 0.3),
1771435998.322,0.0,39.08,4.8679,0.709,7.8,0,-37040.472,-84.38381,0.01487,0.0000,0.0000,0.0000,1.0000,0.1487,0.0545,0.2258,WARNING,False,7,2,,,,,,
1771435998.322,0.0,39.17,4.8855,0.704,7.4,0,49271.116,-46.38011,0.01462,0.0000,1.0000,0.0000,1.0000,0.1462,0.0521,0.4750,WARNING,False,7,2,,,,,,
1771435998.322,0.0,39.06,4.8957,0.700,7.1,0,13826.130,22.69663,0.01452,0.0000,1.0000,0.0000,0.0000,0.1452,0.0499,0.2745,WARNING,False,7,2,,,,,,
1771435998.322,0.0,38.76,4.8877,0.696,6.8,0,-63524.348,-13.39569,0.01422,0.0000,0.0000,0.0000,1.0000,0.1422,0.0479,0.2238,WARNING,False,7,2,,,,,,
1771435998.322,0.0,38.95,4.8843,0.692,6.6,0,21295.189,-53.65217,0.01283,0.0000,1.0000,0.0000,1.0000,0.1283,0.0460,0.4720,WARNING,False,7,2,,,,,,
1771435998.322,0.0,38.91,4.8867,0.689,6.3,0,,,0.01115,0.0000,0.0000,0.0000,0.0000,0.1115,0.0443,0.0200,SAFE,False,9,0,,,,,,window_reset|B=9
1771435998.322,0.0,39.02,4.8929,0.685,6.1,0,,,0.01126,0.0000,0.0000,0.0000,0.0000,0.1126,0.0426,0.0198,SAFE,False,9,0,,,,,,
1771435998.322,0.0,38.68,4.9136,0.682,5.9,0,,,0.01334,0.0000,0.0000,0.0000,0.0000,0.1334,0.0411,0.0216,SAFE,False,9,0,,,,,,
1771435998.322,0.0,38.45,4.9091,0.679,5.7,0,,,0.01295,0.0000,0.0000,0.0000,0.0000,0.1295,0.0397,0.0209,SAFE,False,9,0,,,,,,
1771435998.322,0.0,38.64,4.8801,0.677,5.5,0,,,0.01174,0.0000,0.0000,0.0000,0.0000,0.1174,0.0384,0.0194,SAFE,False,9,0,,,,,,
1771435998.322,0.0,38.84,4.8722,0.674,5.3,0,,,0.01265,0.0000,0.0000,0.0000,0.0000,0.1265,0.0372,0.0201,SAFE,False,9,0,,,,,,
1771435998.322,0.0,39.35,4.9236,0.672,5.2,0,,,0.01589,0.0000,0.0000,0.0000,0.0000,0.1589,0.0361,0.0231,SAFE,False,9,0,,,,,,
1771435998.322,0.0,38.50,4.9107,0.670,5.0,0,,,0.01495,0.0000,0.0000,0.0000,0.0000,0.1495,0.0350,0.0219,SAFE,False,9,0,,,,,,
1771435998.322,0.0,38.37,4.8993,0.668,4.9,0,,,0.01469,0.0000,0.0000,0.0000,0.0000,0.1469,0.0340,0.0215,SAFE,False,9,0,,,,,,
1771435998.322,0.0,38.67,4.8946,0.666,4.7,0,,,0.01470,0.0000,0.0000,0.0000,0.0000,0.1470,0.0331,0.0213,SAFE,False,9,0,,,,,,
1771435998.322,0.0,,,,,,,,,,,,,,,0.0213,SAFE,,8,,t188_0,0.59,NORMAL,LOCAL,SAFE: all tasks permitted (weight=0.59),
1771435998.322,0.0,38.24,4.8716,0.698,7.0,0,,,0.01609,0.0000,0.0000,0.0000,0.0000,0.1609,0.0492,0.0259,SAFE,False,8,1,,,,,,
1771435998.322,0.0,38.15,4.8999,0.694,6.7,0,-35151.780,-18.20938,0.01580,0.0000,0.0000,0.0000,1.0000,0.1580,0.0472,0.2252,SAFE,False,8,1,,,,,,
1771435998.322,0.0,38.52,4.9169,0.691,6.5,0,-14098.337,73.17374,0.01648,0.0000,0.0000,0.0000,0.0000,0.1648,0.0454,0.0256,SAFE,False,8,1,,,,,,
1771435998.322,0.0,38.26,4.8957,0.687,6.2,0,-69712.594,46.64466,0.01642,0.0000,0.0000,0.0000,0.0000,0.1642,0.0437,0.0252,SAFE,False,8,1,,,,,,
1771435998.322,0.0,38.49,4.9204,0.684,6.0,0,-102140.024,-6.42285,0.01702,0.0000,0.0000,0.0000,1.0000,0.1702,0.0421,0.2254,SAFE,False,8,1,,,,,,
1771435998.322,0.0,39.07,4.9102,0.681,5.8,0,67246.674,-1.01910,0.01707,0.0000,1.0000,0.0000,1.0000,0.1707,0.0406,0.4752,WARNING,False,5,0,,,,,,window_reset|B=5
1771435998.322,0.0,38.11,4.9007,0.678,5.6,0,-31031.245,2.63057,0.01603,0.0000,0.0000,0.0000,0.0000,0.1603,0.0392,0.0239,SAFE,False,5,0,,,,,,
1771435998.322,0.0,,,,,,,,,,,,,,,0.0239,SAFE,,4,,t195_0,0.49,NORMAL,LOCAL,SAFE: all tasks permitted (weight=0.49),
1771435998.322,0.0,39.10,4.8938,0.704,7.4,0,50736.923,-1.72957,0.01371,0.0000,1.0000,0.0000,1.0000,0.1371,0.0520,0.4741,WARNING,False,4,1,,,,,,
1771435998.322,0.0,38.65,4.9136,0.700,7.1,0,49296.406,83.43649,0.01270,0.0000,1.0000,0.0000,0.0000,0.1270,0.0498,0.2727,WARNING,False,4,1,,,,,,
1771435998.322,0.0,,,,,,,,,,,,,,,0.2727,WARNING,,4,,t197_0,0.48,NORMAL,OFFLOAD,WARNING: heavy task offloaded (weight=0.48 >= 0.3),
1771435998.322,0.0,38.86,4.8775,0.696,6.8,0,,,0.01410,0.0000,0.0000,0.0000,0.0000,0.1410,0.0478,0.0237,SAFE,False,4,1,,,,,,
1771435998.322,0.0,,,,,,,,,,,,,,,0.0237,SAFE,,3,,t198_0,0.52,LOW,LOCAL,SAFE: all tasks permitted (weight=0.52),
1771435998.322,0.0,39.27,4.8855,0.722,8.7,0,,,0.01463,0.0000,0.0000,0.0000,0.0000,0.1463,0.0610,0.0268,SAFE,False,3,2,,,,,,
1771435998.322,0.0,38.50,4.8695,0.716,8.3,0,,,0.01667,0.0000,0.0000,0.0000,0.0000,0.1667,0.0582,0.0283,SAFE,False,3,2,,,,,,
1771435998.322,0.0,38.42,4.8680,0.711,7.9,0,,,0.01713,0.0000,0.0000,0.0000,0.0000,0.1713,0.0556,0.0282,SAFE,False,3,2,,,,,,
1771435998.322,0.0,38.62,4.8820,0.706,7.6,0,,,0.01750,0.0000,0.0000,0.0000,0.0000,0.1750,0.0531,0.0281,SAFE,False,3,2,,,,,,
1771435998.322,0.0,38.49,4.8786,0.702,7.3,0,,,0.01659,0.0000,0.0000,0.0000,0.0000,0.1659,0.0509,0.0268,SAFE,False,3,2,,,,,,
1771435998.322,0.0,38.22,4.8933,0.698,7.0,0,,,0.01655,0.0000,0.0000,0.0000,0.0000,0.1655,0.0488,0.0263,SAFE,False,3,2,,,,,,
1771435998.322,0.0,38.57,4.8799,0.694,6.7,0,,,0.01418,0.0000,0.0000,0.0000,0.0000,0.1418,0.0469,0.0236,SAFE,False,3,2,,,,,,
1771435998.322,0.0,38.53,4.9028,0.690,6.4,0,,,0.01333,0.0000,0.0000,0.0000,0.0000,0.1333,0.0450,0.0223,SAFE,False,3,2,,,,,,
1771435998.322,0.0,38.60,4.9004,0.687,6.2,0,,,0.01331,0.0000,0.0000,0.0000,0.0000,0.1331,0.0434,0.0220,SAFE,False,3,2,,,,,,
1771435998.322,0.0,38.55,4.8866,0.684,6.0,0,,,0.01315,0.0000,0.0000,0.0000,0.0000,0.1315,0.0418,0.0215,SAFE,False,3,2,,,,,,
1771435998.322,0.0,38.03,4.8977,0.681,5.8,0,,,0.01098,0.0000,0.0000,0.0000,0.0000,0.1098,0.0403,0.0190,SAFE,False,9,0,,,,,,window_reset|B=9
1771435998.322,0.0,38.25,4.8950,0.678,5.6,0,,,0.01103,0.0000,0.0000,0.0000,0.0000,0.1103,0.0390,0.0188,SAFE,False,9,0,,,,,,
1771435998.322,0.0,38.54,4.9061,0.675,5.4,0,,,0.01226,0.0000,0.0000,0.0000,0.0000,0.1226,0.0377,0.0198,SAFE,False,9,0,,,,,,
1771435998.322,0.0,,,,,,,,,,,,,,,0.0198,SAFE,,8,,t211_0,0.48,HIGH,LOCAL,SAFE: all tasks permitted (weight=0.48),
1771435998.322,0.0,38.84,4.8915,0.701,7.2,0,,,0.01087,0.0000,0.0000,0.0000,0.0000,0.1087,0.0505,0.0210,SAFE,False,8,1,,,,,,
1771435998.322,0.0,38.85,4.8882,0.697,6.9,0,,,0.00866,0.0000,0.0000,0.0000,0.0000,0.0866,0.0484,0.0183,SAFE,False,8,1,,,,,,
1771435998.322,0.0,38.89,4.9112,0.693,6.6,0,,,0.00960,0.0000,0.0000,0.0000,0.0000,0.0960,0.0465,0.0189,SAFE,False,8,1,,,,,,
1771435998.322,0.0,,,,,,,,,,,,,,,0.0189,SAFE,,7,,t214_0,0.21,HIGH,LOCAL,SAFE: all tasks permitted (weight=0.21),
1771435998.322,0.0,38.74,4.8772,0.702,7.3,0,,,0.00979,0.0000,0.0000,0.0000,0.0000,0.0979,0.0510,0.0200,SAFE,False,7,2,,,,,,
1771435998.322,0.0,,,,,,,,,,,,,,,0.0200,SAFE,,6,,t215_0,0.47,NORMAL,LOCAL,SAFE: all tasks permitted (weight=0.47),
1771435998.322,0.0,38.32,4.8856,0.725,8.9,0,,,0.01007,0.0000,0.0000,0.0000,0.0000,0.1007,0.0626,0.0226,SAFE,False,6,3,,,,,,
1771435998.322,0.0,,,,,,,,,,,,,,,0.0226,SAFE,,5,,t216_0,0.60,HIGH,LOCAL,SAFE: all tasks permitted (weight=0.60),
1771435998.322,0.0,38.88,4.8680,0.754,11.0,1,,,0.01180,0.0000,0.0000,0.0000,0.0000,0.1180,0.0921,0.0302,SAFE,False,5,4,,,,,,
1771435998.322,0.0,38.52,4.8792,0.746,10.5,0,,,0.01190,0.0000,0.0000,0.0000,0.0000,0.1190,0.0732,0.0265,SAFE,False,5,4,,,,,,
1771435998.322,0.0,38.81,4.8809,0.739,9.9,0,,,0.01177,0.0000,0.0000,0.0000,0.0000,0.1177,0.0695,0.0257,SAFE,False,5,4,,,,,,
1771435998.322,0.0,38.37,4.9225,0.732,9.5,0,,,0.01494,0.0000,0.0000,0.0000,0.0000,0.1494,0.0662,0.0282,SAFE,False,5,4,,,,,,
1771435998.322,0.0,,,,,,,,,,,,,,,0.0282,SAFE,,4,,t220_0,0.51,HIGH,LOCAL,SAFE: all tasks permitted (weight=0.51),
1771435998.322,0.0,38.78,4.8546,0.756,11.1,1,,,0.01799,0.0000,0.0000,0.0000,0.0000,0.1799,0.0929,0.0366,SAFE,False,4,5,,,,,,
1771435998.322,0.0,38.84,4.8924,0.748,10.6,0,,,0.01792,0.0000,0.0000,0.0000,0.0000,0.1792,0.0739,0.0327,SAFE,False,4,5,,,,,,
1771435998.322,0.0,,,,,,,,,,,,,,,0.0327,SAFE,,3,,t222_0,0.56,CRITICAL,LOCAL,SAFE: all tasks permitted (weight=0.56),
1771435998.322,0.0,38.30,4.8788,0.773,12.4,1,,,0.01721,0.0000,0.0000,0.0000,0.0000,0.1721,0.1015,0.0375,SAFE,False,3,6,,,,,,
1771435998.322,0.0,38.78,4.8900,0.764,11.7,1,,,0.01718,0.0000,0.0000,0.0000,0.0000,0.1718,0.0969,0.0366,SAFE,False,9,0,,,,,,window_reset|B=9
1771435998.322,0.0,38.92,4.8388,0.755,11.1,1,,,0.02147,0.0000,0.0000,0.0509,0.0000,0.2147,0.0927,0.0466,SAFE,False,9,0,,,,,,
1771435998.323,0.0,39.11,4.8954,0.747,10.5,0,35563.893,16.11301,0.02006,0.0000,1.0000,0.0000,0.0000,0.2006,0.0737,0.2848,WARNING,False,9,0,,,,,,
1771435998.323,0.0,,,,,,,,,,,,,,,0.2848,WARNING,,9,,t226_0,0.33,NORMAL,OFFLOAD,WARNING: heavy task offloaded (weight=0.33 >= 0.3),
1771435998.323,0.0,39.09,4.7900,0.740,10.0,0,16530.300,-90.30519,0.03208,0.0000,1.0000,0.2729,1.0000,0.3208,0.0700,0.5316,WARNING,False,9,0,,,,,,
1771435998.323,0.0,,,,,,,,,,,,,,,0.5316,WARNING,,9,,t227_0,0.74,HIGH,OFFLOAD,WARNING: heavy task offloaded (weight=0.74 >= 0.3),
1771435998.323,0.0,38.85,4.8719,0.733,9.5,0,28850.575,-50.22364,0.03185,0.0000,1.0000,0.0000,1.0000,0.3185,0.0666,0.4952,WARNING,False,9,0,,,,,,
1771435998.323,0.0,38.95,4.8609,0.727,9.1,0,10072.823,6.24163,0.03198,0.0000,1.0000,0.0000,0.0000,0.3198,0.0634,0.2947,WARNING,False,9,0,,,,,,
1771435998.323,0.0,,,,,,,,,,,,,,,0.2947,WARNING,,9,,t229_0,0.37,NORMAL,OFFLOAD,WARNING: heavy task offloaded (weight=0.37 >= 0.3),
1771435998.323,0.0,38.82,4.8544,0.721,8.6,0,-1438.733,-37.77731,0.03221,0.0000,0.0000,0.0000,1.0000,0.3221,0.0604,0.2443,WARNING,False,9,0,,,,,,
1771435998.323,0.0,38.77,4.8705,0.715,8.2,0,27793.610,-8.17861,0.03202,0.0000,1.0000,0.0000,1.0000,0.3202,0.0577,0.4936,WARNING,False,9,0,,,,,,
1771435998.323,0.0,38.74,4.8944,0.710,7.9,0,-2102.372,4.33828,0.02884,0.0000,0.0000,0.0000,0.0000,0.2884,0.0551,0.0399,SAFE,False,9,0,,,,,,
1771435998.323,0.0,39.54,4.8747,0.705,7.5,0,36675.160,35.59425,0.02871,0.0000,1.0000,0.0000,0.0000,0.2871,0.0527,0.2893,WARNING,False,9,0,,,,,,
1771435998.323,0.0,39.18,4.8994,0.701,7.2,0,,,0.02927,0.0000,0.0000,0.0000,0.0000,0.2927,0.0505,0.0394,SAFE,False,9,0,,,,,,
1771435998.323,0.0,38.81,4.8864,0.697,6.9,0,,,0.02958,0.0000,0.0000,0.0000,0.0000,0.2958,0.0484,0.0393,SAFE,False,9,0,,,,,,
1771435998.323,0.0,,,,,,,,,,,,,,,0.0393,SAFE,,8,,t235_0,0.76,NORMAL,LOCAL,SAFE: all tasks permitted (weight=0.76),
1771435998.323,0.0,38.89,4.8585,0.738,9.8,0,,,0.02898,0.0000,0.0000,0.0000,0.0000,0.2898,0.0689,0.0428,SAFE,False,8,1,,,,,,
1771435998.323,0.0,,,,,,,,,,,,,,,0.0428,SAFE,,7,,t236_0,0.33,HIGH,LOCAL,SAFE: all tasks permitted (weight=0.33),
1771435998.323,0.0,38.75,4.8744,0.751,10.8,0,,,0.02781,0.0000,0.0000,0.0000,0.0000,0.2781,0.0754,0.0429,SAFE,False,7,2,,,,,,
1771435998.323,0.0,,,,,,,,,,,,,,,0.0429,SAFE,,6,,t237_0,0.42,HIGH,LOCAL,SAFE: all tasks permitted (weight=0.42),
1771435998.323,0.0,39.47,4.8736,0.768,12.0,1,,,0.02673,0.0000,0.0000,0.0000,0.0000,0.2673,0.0988,0.0465,SAFE,False,6,3,,,,,,
1771435998.323,0.0,39.20,4.8787,0.759,11.3,1,,,0.01305,0.0000,0.0000,0.0000,0.0000,0.1305,0.0944,0.0319,SAFE,False,9,0,,,,,,window_reset|B=9
1771435998.323,0.0,39.44,4.8588,0.751,10.8,0,,,0.01378,0.0000,0.0000,0.0000,0.0000,0.1378,0.0753,0.0288,SAFE,False,9,0,,,,,,
1771435998.323,0.0,39.71,4.8767,0.743,10.2,0,,,0.01323,0.0000,0.0000,0.0000,0.0000,0.1323,0.0715,0.0275,SAFE,False,9,0,,,,,,
1771435998.323,0.0,39.77,4.8851,0.736,9.7,0,,,0.01188,0.0000,0.0000,0.0000,0.0000,0.1188,0.0680,0.0255,SAFE,False,9,0,,,,,,
1771435998.323,0.0,38.91,4.8559,0.729,9.2,0,,,0.01322,0.0000,0.0000,0.0000,0.0000,0.1322,0.0647,0.0262,SAFE,False,9,0,,,,,,
1771435998.323,0.0,38.93,4.8725,0.723,8.8,0,,,0.01207,0.0000,0.0000,0.0000,0.0000,0.1207,0.0617,0.0244,SAFE,False,9,0,,,,,,
1771435998.323,0.0,39.53,4.8914,0.718,8.4,0,,,0.01294,0.0000,0.0000,0.0000,0.0000,0.1294,0.0588,0.0247,SAFE,False,9,0,,,,,,
1771435998.323,0.0,39.00,4.8627,0.712,8.0,0,,,0.01126,0.0000,0.0000,0.0000,0.0000,0.1126,0.0562,0.0225,SAFE,False,9,0,,,,,,
1771435998.323,0.0,39.19,4.8768,0.707,7.7,0,,,0.01059,0.0000,0.0000,0.0000,0.0000,0.1059,0.0537,0.0213,SAFE,False,9,0,,,,,,
1771435998.323,0.0,,,,,,,,,,,,,,,0.0213,SAFE,,8,,t247_0,0.45,LOW,LOCAL,SAFE: all tasks permitted (weight=0.45),
1771435998.323,0.0,39.43,4.8649,0.729,9.2,0,,,0.01004,0.0000,0.0000,0.0000,0.0000,0.1004,0.0647,0.0230,SAFE,False,8,1,,,,,,
1771435998.323,0.0,39.18,4.8939,0.723,8.8,0,,,0.01165,0.0000,0.0000,0.0000,0.0000,0.1165,0.0616,0.0240,SAFE,False,8,1,,,,,,
1771435998.323,0.0,,,,,,,,,,,,,,,0.0240,SAFE,,7,,t249_0,0.65,LOW,LOCAL,SAFE: all tasks permitted (weight=0.65),
1771435998.323,0.0,39.03,4.8834,0.756,11.1,1,,,0.01192,0.0000,0.0000,0.0000,0.0000,0.1192,0.0930,0.0305,SAFE,False,7,2,,,,,,
1771435998.323,0.0,39.15,4.8608,0.748,10.6,0,,,0.01248,0.0000,0.0000,0.0000,0.0000,0.1248,0.0740,0.0273,SAFE,False,7,2,,,,,,
1771435998.323,0.0,39.48,4.8899,0.741,10.0,0,,,0.01237,0.0000,0.0000,0.0000,0.0000,0.1237,0.0703,0.0264,SAFE,False,7,2,,,,,,
1771435998.323,0.0,,,,,,,,,,,,,,,0.0264,SAFE,,6,,t252_0,0.34,NORMAL,LOCAL,SAFE: all tasks permitted (weight=0.34),
1771435998.323,0.0,39.05,4.8569,0.754,11.0,0,,,0.01346,0.0000,0.0000,0.0000,0.0000,0.1346,0.0770,0.0289,SAFE,False,6,3,,,,,,
1771435998.323,0.0,,,,,,,,,,,,,,,0.0289,SAFE,,5,,t253_0,0.37,LOW,LOCAL,SAFE: all tasks permitted (weight=0.37),
1771435998.323,0.0,38.80,4.8592,0.768,12.0,1,,,0.01367,0.0000,0.0000,0.0000,0.0000,0.1367,0.0990,0.0335,SAFE,False,9,0,,,,,,window_reset|B=9
1771435998.323,0.0,,,,,,,,,,,,,,,0.0335,SAFE,,8,,t254_0,0.22,LOW,LOCAL,SAFE: all tasks permitted (weight=0.22),
1771435998.323,0.0,39.46,4.8611,0.772,12.3,1,,,0.01322,0.0000,0.0000,0.0000,0.0000,0.1322,0.1011,0.0334,SAFE,False,8,1,,,,,,
1771435998.323,0.0,,,,,,,,,,,,,,,0.0334,SAFE,,7,,t255_0,0.24,CRITICAL,LOCAL,SAFE: all tasks permitted (weight=0.24),
1771435998.323,0.0,,,,,,,,,,,,,,,0.0334,SAFE,,6,,t255_1,0.69,NORMAL,LOCAL,SAFE: all tasks permitted (weight=0.69),
1771435998.323,0.0,39.43,4.8475,0.818,15.6,1,,,0.01496,0.0000,0.0000,0.0115,0.0000,0.1496,0.1241,0.0413,SAFE,False,6,3,,,,,,
1771435998.324,0.0,39.33,4.8520,0.806,14.7,1,8658.303,-41.98067,0.01437,0.0000,1.0000,0.0000,1.0000,0.1437,0.1179,0.4880,WARNING,False,6,3,,,,,,
1771435998.324,0.0,40.42,4.8599,0.794,13.9,1,83431.231,-23.51380,0.01447,0.0000,1.0000,0.0000,1.0000,0.1447,0.1122,0.4869,WARNING,False,6,3,,,,,,
1771435998.324,0.0,,,,,,,,,,,,,,,0.4869,WARNING,,6,,t258_0,0.34,NORMAL,OFFLOAD,WARNING: heavy task offloaded (weight=0.34 >= 0.3),
1771435998.324,0.0,40.23,4.8837,0.784,13.1,1,64869.531,22.92044,0.01497,0.0000,1.0000,0.0000,0.0000,0.1497,0.1068,0.2863,WARNING,False,6,3,,,,,,
1771435998.324,0.0,,,,,,,,,,,,,,,0.2863,WARNING,,6,,t259_0,0.32,NORMAL,OFFLOAD,WARNING: heavy task offloaded (weight=0.32 >= 0.3),
1771435998.324,0.0,39.78,4.8510,0.774,12.4,1,17644.680,-38.92842,0.01567,0.0000,1.0000,0.0000,1.0000,0.1567,0.1019,0.4860,WARNING,False,6,3,,,,,,
1771435998.324,0.0,40.31,4.8352,0.765,11.8,1,75558.742,-21.75710,0.01555,0.0000,1.0000,0.0674,1.0000,0.1555,0.0973,0.4938,WARNING,False,6,3,,,,,,
1771435998.324,0.0,39.62,4.8680,0.756,11.1,1,49365.112,8.85916,0.01429,0.0000,1.0000,0.0000,0.0000,0.1429,0.0930,0.2829,WARNING,False,6,3,,,,,,
1771435998.324,0.0,39.30,4.8740,0.748,10.6,0,-9607.116,12.89491,0.01477,0.0000,0.0000,0.0000,0.0000,0.1477,0.0740,0.0296,SAFE,False,6,3,,,,,,
1771435998.324,0.0,39.83,4.9024,0.741,10.0,0,23846.823,55.00831,0.01701,0.0000,1.0000,0.0000,0.0000,0.1701,0.0703,0.2811,WARNING,False,6,3,,,,,,
1771435998.324,0.0,40.24,4.8736,0.734,9.5,0,,,0.01717,0.0000,0.0000,0.0000,0.0000,0.1717,0.0668,0.0305,SAFE,False,6,3,,,,,,
1771435998.324,0.0,39.85,4.8932,0.727,9.1,0,,,0.01887,0.0000,0.0000,0.0000,0.0000,0.1887,0.0636,0.0316,SAFE,False,6,3,,,,,,
1771435998.324,0.0,40.23,4.8837,0.721,8.7,0,,,0.01932,0.0000,0.0000,0.0000,0.0000,0.1932,0.0606,0.0315,SAFE,False,6,3,,,,,,
1771435998.324,0.0,39.59,4.8822,0.716,8.3,0,,,0.01852,0.0000,0.0000,0.0000,0.0000,0.1852,0.0579,0.0301,SAFE,False,6,3,,,,,,
1771435998.324,0.0,,,,,,,,,,,,,,,0.0301,SAFE,,5,,t268_0,0.76,HIGH,LOCAL,SAFE: all tasks permitted (weight=0.76),
1771435998.324,0.0,39.56,4.8690,0.756,11.2,1,,,0.01759,0.0000,0.0000,0.0000,0.0000,0.1759,0.0932,0.0362,SAFE,False,9,0,,,,,,window_reset|B=9
1771435998.324,0.0,40.07,4.8958,0.748,10.6,0,,,0.01816,0.0000,0.0000,0.0000,0.0000,0.1816,0.0742,0.0330,SAFE,False,9,0,,,,,,
1771435998.324,0.0,39.95,4.9024,0.741,10.1,0,,,0.01951,0.0000,0.0000,0.0000,0.0000,0.1951,0.0704,0.0336,SAFE,False,9,0,,,,,,
1771435998.324,0.0,39.88,4.8583,0.734,9.6,0,,,0.01877,0.0000,0.0000,0.0000,0.0000,0.1877,0.0670,0.0322,SAFE,False,9,0,,,,,,
1771435998.324,0.0,39.55,4.8948,0.728,9.1,0,,,0.01403,0.0000,0.0000,0.0000,0.0000,0.1403,0.0638,0.0268,SAFE,False,9,0,,,,,,
1771435998.324,0.0,40.22,4.8818,0.722,8.7,0,,,0.01329,0.0000,0.0000,0.0000,0.0000,0.1329,0.0608,0.0254,SAFE,False,9,0,,,,,,
1771435998.324,0.0,39.45,4.8849,0.716,8.3,0,,,0.01292,0.0000,0.0000,0.0000,0.0000,0.1292,0.0580,0.0245,SAFE,False,9,0,,,,,,
1771435998.324,0.0,40.05,4.8763,0.711,7.9,0,,,0.01200,0.0000,0.0000,0.0000,0.0000,0.1200,0.0554,0.0231,SAFE,False,9,0,,,,,,
1771435998.324,0.0,,,,,,,,,,,,,,,0.0231,SAFE,,8,,t276_0,0.34,CRITICAL,LOCAL,SAFE: all tasks permitted (weight=0.34),
1771435998.324,0.0,39.35,4.8879,0.726,9.0,0,,,0.01172,0.0000,0.0000,0.0000,0.0000,0.1172,0.0632,0.0244,SAFE,False,8,1,,,,,,
1771435998.324,0.0,,,,,,,,,,,,,,,0.0244,SAFE,,7,,t277_0,0.45,LOW,LOCAL,SAFE: all tasks permitted (weight=0.45),
1771435998.324,0.0,39.73,4.8692,0.747,10.5,0,,,0.01206,0.0000,0.0000,0.0000,0.0000,0.1206,0.0737,0.0268,SAFE,False,7,2,,,,,,
1771435998.324,0.0,,,,,,,,,,,,,,,0.0268,SAFE,,6,,t278_0,0.46,HIGH,LOCAL,SAFE: all tasks permitted (weight=0.46),
1771435998.324,0.0,40.13,4.8672,0.768,12.0,1,,,0.01273,0.0000,0.0000,0.0000,0.0000,0.1273,0.0988,0.0325,SAFE,False,6,3,,,,,,
1771435998.324,0.0,,,,,,,,,,,,,,,0.0325,SAFE,,5,,t279_0,0.55,NORMAL,LOCAL,SAFE: all tasks permitted (weight=0.55),
1771435998.324,0.0,39.57,4.8388,0.792,13.7,1,,,0.01721,0.0000,0.0000,0.0510,0.0000,0.1721,0.1110,0.0460,SAFE,False,5,4,,,,,,
1771435998.324,0.0,40.15,4.8538,0.781,13.0,1,,,0.01829,0.0000,0.0000,0.0000,0.0000,0.1829,0.1057,0.0394,SAFE,False,5,4,,,,,,
1771435998.324,0.0,39.90,4.8439,0.772,12.3,1,,,0.01918,0.0000,0.0000,0.0276,0.0000,0.1918,0.1009,0.0429,SAFE,False,5,4,,,,,,
1771435998.324,0.0,40.14,4.8719,0.763,11.6,1,,,0.01681,0.0000,0.0000,0.0000,0.0000,0.1681,0.0963,0.0361,SAFE,False,5,4,,,,,,
1771435998.324,0.0,,,,,,,,,,,,,,,0.0361,SAFE,,4,,t283_0,0.45,NORMAL,LOCAL,SAFE: all tasks permitted (weight=0.45),
1771435998.324,0.0,40.98,4.8413,0.781,13.0,1,,,0.01831,0.0000,0.0000,0.0395,0.0000,0.1831,0.1057,0.0446,SAFE,False,9,0,,,,,,window_reset|B=9
1771435998.324,0.0,39.98,4.8707,0.772,12.3,1,,,0.01645,0.0000,0.0000,0.0000,0.0000,0.1645,0.1008,0.0366,SAFE,False,9,0,,,,,,
1771435998.324,0.0,40.35,4.8600,0.762,11.6,1,,,0.01575,0.0000,0.0000,0.0000,0.0000,0.1575,0.0962,0.0350,SAFE,False,9,0,,,,,,
1771435998.324,0.0,40.21,4.8710,0.754,11.0,1,,,0.01463,0.0000,0.0000,0.0000,0.0000,0.1463,0.0920,0.0330,SAFE,False,9,0,,,,,,
1771435998.324,0.0,40.06,4.8893,0.746,10.4,0,,,0.01602,0.0000,0.0000,0.0000,0.0000,0.1602,0.0731,0.0306,SAFE,False,9,0,,,,,,
1771435998.324,0.0,39.75,4.8750,0.739,9.9,0,,,0.01475,0.0000,0.0000,0.0000,0.0000,0.1475,0.0695,0.0286,SAFE,False,9,0,,,,,,
1771435998.324,0.0,40.18,4.8852,0.732,9.4,0,,,0.01595,0.0000,0.0000,0.0000,0.0000,0.1595,0.0661,0.0292,SAFE,False,9,0,,,,,,
1771435998.324,0.0,39.94,4.8753,0.726,9.0,0,,,0.01624,0.0000,0.0000,0.0000,0.0000,0.1624,0.0629,0.0288,SAFE,False,9,0,,,,,,
1771435998.325,0.0,40.28,4.8959,0.720,8.6,0,-41854.470,54.58263,0.01631,0.0000,0.0000,0.0000,0.0000,0.1631,0.0600,0.0283,SAFE,False,9,0,,,,,,
1771435998.325,0.0,40.04,4.8877,0.714,8.2,0,4097.236,17.00288,0.01630,0.0000,1.0000,0.0000,0.0000,0.1630,0.0572,0.2778,WARNING,False,9,0,,,,,,
1771435998.325,0.0,,,,,,,,,,,,,,,0.2778,WARNING,,9,,t293_0,0.70,NORMAL,OFFLOAD,WARNING: heavy task offloaded (weight=0.70 >= 0.3),
1771435998.325,0.0,40.38,4.8753,0.709,7.8,0,1826.642,15.30858,0.01388,0.0000,1.0000,0.0000,0.0000,0.1388,0.0547,0.2748,WARNING,False,9,0,,,,,,
1771435998.325,0.0,39.72,4.8928,0.705,7.5,0,-29637.116,21.80477,0.01469,0.0000,0.0000,0.0000,0.0000,0.1469,0.0523,0.0252,SAFE,False,9,0,,,,,,
1771435998.325,0.0,39.73,4.8791,0.700,7.2,0,-19738.545,-10.22972,0.01012,0.0000,0.0000,0.0000,1.0000,0.1012,0.0502,0.2201,SAFE,False,9,0,,,,,,
1771435998.325,0.0,40.00,4.8835,0.696,6.9,0,14937.164,8.55827,0.00978,0.0000,1.0000,0.0000,0.0000,0.0978,0.0481,0.2694,WARNING,False,9,0,,,,,,
1771435998.325,0.0,39.62,4.8931,0.692,6.6,0,-33465.523,7.90713,0.00801,0.0000,0.0000,0.0000,0.0000,0.0801,0.0462,0.0173,SAFE,False,9,0,,,,,,
1771435998.325,0.0,38.95,4.8745,0.689,6.4,0,-59236.324,-0.79642,0.00761,0.0000,0.0000,0.0000,1.0000,0.0761,0.0445,0.2165,SAFE,False,7,0,,,,,,window_reset|B=7
1771435998.325,0.0,40.17,4.8913,0.686,6.1,0,,,0.00774,0.0000,0.0000,0.0000,0.0000,0.0774,0.0428,0.0163,SAFE,False,7,0,,,,,,
1771435998.325,0.0,,,,,,,,,,,,,,,0.0163,SAFE,,6,,t300_0,0.68,LOW,LOCAL,SAFE: all tasks permitted (weight=0.68),
1771435998.325,0.0,,,,,,,,,,,,,,,0.0163,SAFE,,5,,t300_1,0.37,LOW,LOCAL,SAFE: all tasks permitted (weight=0.37),
1771435998.325,0.0,39.33,4.8677,0.746,10.4,0,,,0.00866,0.0000,0.0000,0.0000,0.0000,0.0866,0.0731,0.0233,SAFE,False,5,2,,,,,,
1771435998.325,0.0,,,,,,,,,,,,,,,0.0233,SAFE,,4,,t301_0,0.60,NORMAL,LOCAL,SAFE: all tasks permitted (weight=0.60),
1771435998.325,0.0,40.19,4.8736,0.775,12.5,1,,,0.00906,0.0000,0.0000,0.0000,0.0000,0.0906,0.1026,0.0296,SAFE,False,4,3,,,,,,
1771435998.325,0.0,40.03,4.8635,0.766,11.8,1,,,0.01033,0.0000,0.0000,0.0000,0.0000,0.1033,0.0979,0.0299,SAFE,False,4,3,,,,,,
1771435998.325,0.0,39.64,4.8643,0.757,11.2,1,,,0.01035,0.0000,0.0000,0.0000,0.0000,0.1035,0.0936,0.0291,SAFE,False,4,3,,,,,,
1771435998.325,0.0,39.54,4.8603,0.749,10.7,0,,,0.01115,0.0000,0.0000,0.0000,0.0000,0.1115,0.0746,0.0261,SAFE,False,4,3,,,,,,
1771435998.325,0.0,39.56,4.8544,0.742,10.1,0,,,0.01272,0.0000,0.0000,0.0000,0.0000,0.1272,0.0708,0.0269,SAFE,False,4,3,,,,,,
1771435998.325,0.0,,,,,,,,,,,,,,,0.0269,SAFE,,3,,t306_0,0.40,LOW,LOCAL,SAFE: all tasks permitted (weight=0.40),
1771435998.325,0.0,40.25,4.8602,0.759,11.3,1,,,0.01206,0.0000,0.0000,0.0000,0.0000,0.1206,0.0944,0.0309,SAFE,False,3,4,,,,,,
1771435998.325,0.0,39.54,4.8814,0.751,10.8,0,,,0.01219,0.0000,0.0000,0.0000,0.0000,0.1219,0.0753,0.0272,SAFE,False,3,4,,,,,,
1771435998.325,0.0,40.13,4.8836,0.743,10.2,0,,,0.01219,0.0000,0.0000,0.0000,0.0000,0.1219,0.0715,0.0265,SAFE,False,3,4,,,,,,
1771435998.325,0.0,,,,,,,,,,,,,,,0.0265,SAFE,,2,,t309_0,0.37,HIGH,LOCAL,SAFE: all tasks permitted (weight=0.37),
1771435998.325,0.0,40.01,4.8796,0.758,11.3,1,,,0.01075,0.0000,0.0000,0.0000,0.0000,0.1075,0.0941,0.0296,SAFE,False,2,5,,,,,,
1771435998.325,0.0,40.32,4.8719,0.750,10.7,0,,,0.01071,0.0000,0.0000,0.0000,0.0000,0.1071,0.0751,0.0257,SAFE,False,2,5,,,,,,
1771435998.325,0.0,40.07,4.8676,0.743,10.2,0,,,0.00880,0.0000,0.0000,0.0000,0.0000,0.0880,0.0713,0.0231,SAFE,False,2,5,,,,,,
1771435998.325,0.0,,,,,,,,,,,,,,,0.0231,SAFE,,1,,t312_0,0.79,NORMAL,LOCAL,SAFE: all tasks permitted (weight=0.79),
1771435998.325,0.0,39.47,4.8679,0.784,13.1,1,,,0.00880,0.0000,0.0000,0.0000,0.0000,0.0880,0.1070,0.0302,SAFE,False,1,6,,,,,,
1771435998.325,0.0,,,,,,,,,,,,,,,0.0302,SAFE,,0,,t313_0,0.55,CRITICAL,LOCAL,SAFE: all tasks permitted (weight=0.55),
1771435998.325,0.0,40.00,4.8643,0.808,14.8,1,,,0.00877,0.0000,0.0000,0.0000,0.0000,0.0877,0.1188,0.0325,SAFE,False,9,0,,,,,,window_reset|B=9
1771435998.325,0.0,40.63,4.8917,0.796,14.0,1,,,0.01073,0.0000,0.0000,0.0000,0.0000,0.1073,0.1130,0.0333,SAFE,False,9,0,,,,,,
1771435998.325,0.0,40.04,4.8238,0.785,13.2,1,,,0.01682,0.0000,0.0000,0.1189,0.0000,0.1682,0.1076,0.0538,SAFE,False,9,0,,,,,,
1771435998.325,0.0,40.31,4.8534,0.775,12.5,1,,,0.01715,0.0000,0.0000,0.0000,0.0000,0.1715,0.1026,0.0377,SAFE,False,9,0,,,,,,
1771435998.325,0.0,40.60,4.8715,0.766,11.8,1,,,0.01679,0.0000,0.0000,0.0000,0.0000,0.1679,0.0979,0.0364,SAFE,False,9,0,,,,,,
1771435998.325,0.0,40.04,4.8538,0.757,11.2,1,,,0.01713,0.0000,0.0000,0.0000,0.0000,0.1713,0.0936,0.0358,SAFE,False,9,0,,,,,,
1771435998.325,0.0,,,,,,,,,,,,,,,0.0358,SAFE,,8,,t319_0,0.55,LOW,LOCAL,SAFE: all tasks permitted (weight=0.55),
1771435998.325,0.0,40.60,4.8332,0.783,13.1,1,,,0.01896,0.0000,0.0000,0.0765,0.0000,0.1896,0.1065,0.0502,SAFE,False,8,1,,,,,,
1771435998.325,0.0,40.32,4.8707,0.773,12.4,1,,,0.01815,0.0000,0.0000,0.0000,0.0000,0.1815,0.1016,0.0385,SAFE,False,8,1,,,,,,
1771435998.325,0.0,39.71,4.8586,0.764,11.7,1,,,0.01741,0.0000,0.0000,0.0000,0.0000,0.1741,0.0970,0.0368,SAFE,False,8,1,,,,,,
1771435998.325,0.0,,,,,,,,,,,,,,,0.0368,SAFE,,7,,t322_0,0.32,HIGH,LOCAL,SAFE: all tasks permitted (weight=0.32),
1771435998.325,0.0,,,,,,,,,,,,,,,0.0368,SAFE,,6,,t322_1,0.73,NORMAL,LOCAL,SAFE: all tasks permitted (weight=0.73),
1771435998.325,0.0,40.92,4.8654,0.820,15.7,1,,,0.01715,0.0000,0.0000,0.0000,0.0000,0.1715,0.1248,0.0421,SAFE,False,6,3,,,,,,
1771435998.325,0.0,40.36,4.8728,0.807,14.8,1,,,0.01740,0.0000,0.0000,0.0000,0.0000,0.1740,0.1186,0.0411,SAFE,False,6,3,,,,,,
1771435998.325,0.0,40.75,4.8573,0.796,14.0,1,,,0.01727,0.0000,0.0000,0.0000,0.0000,0.1727,0.1128,0.0398,SAFE,False,6,3,,,,,,
1771435998.326,0.0,41.05,4.8823,0.785,13.2,1,26787.922,10.65508,0.01835,0.0000,1.0000,0.0000,0.0000,0.1835,0.1074,0.2898,WARNING,False,6,3,,,,,,
1771435998.326,0.0,40.13,4.8741,0.775,12.5,1,5817.254,20.19419,0.01647,0.0000,1.0000,0.0000,0.0000,0.1647,0.1024,0.2869,WARNING,False,6,3,,,,,,
1771435998.326,0.0,40.87,4.8654,0.766,11.8,1,16099.212,31.90930,0.01242,0.0000,1.0000,0.0000,0.0000,0.1242,0.0978,0.2820,WARNING,False,6,3,,,,,,
1771435998.326,0.0,,,,,,,,,,,,,,,0.2820,WARNING,,6,,t328_0,0.46,NORMAL,OFFLOAD,WARNING: heavy task offloaded (weight=0.46 >= 0.3),
1771435998.326,0.0,40.75,4.8851,0.757,11.2,1,25647.866,14.30740,0.01339,0.0000,1.0000,0.0000,0.0000,0.1339,0.0934,0.2821,WARNING,False,7,0,,,,,,window_reset|B=7
1771435998.326,0.0,40.26,4.8765,0.749,10.6,0,32687.661,17.72126,0.01364,0.0000,1.0000,0.0000,0.0000,0.1364,0.0744,0.2785,WARNING,False,7,0,,,,,,
1771435998.326,0.0,,,,,,,,,,,,,,,0.2785,WARNING,,7,,t330_0,0.82,NORMAL,OFFLOAD,WARNING: heavy task offloaded (weight=0.82 >= 0.3),
1771435998.326,0.0,40.83,4.8804,0.741,10.1,0,-5084.027,14.85593,0.01359,0.0000,0.0000,0.0000,0.0000,0.1359,0.0707,0.0277,SAFE,False,7,0,,,,,,
1771435998.326,0.0,41.09,4.8712,0.734,9.6,0,43189.364,-1.54276,0.00845,0.0000,1.0000,0.0000,1.0000,0.0845,0.0672,0.4719,WARNING,False,7,0,,,,,,
1771435998.326,0.0,40.35,4.8654,0.728,9.1,0,-23698.812,8.01094,0.00863,0.0000,0.0000,0.0000,0.0000,0.0863,0.0640,0.0214,SAFE,False,7,0,,,,,,
1771435998.326,0.0,40.27,4.8939,0.722,8.7,0,,,0.00978,0.0000,0.0000,0.0000,0.0000,0.0978,0.0610,0.0220,SAFE,False,7,0,,,,,,
1771435998.326,0.0,40.84,4.9038,0.716,8.3,0,,,0.01233,0.0000,0.0000,0.0000,0.0000,0.1233,0.0582,0.0240,SAFE,False,7,0,,,,,,
1771435998.326,0.0,40.16,4.8703,0.711,7.9,0,,,0.01243,0.0000,0.0000,0.0000,0.0000,0.1243,0.0556,0.0235,SAFE,False,7,0,,,,,,
1771435998.326,0.0,40.86,4.8910,0.706,7.6,0,,,0.01139,0.0000,0.0000,0.0000,0.0000,0.1139,0.0531,0.0220,SAFE,False,7,0,,,,,,
1771435998.326,0.0,40.55,4.9019,0.702,7.3,0,,,0.01291,0.0000,0.0000,0.0000,0.0000,0.1291,0.0509,0.0231,SAFE,False,7,0,,,,,,
1771435998.326,0.0,40.25,4.8818,0.698,7.0,0,,,0.01272,0.0000,0.0000,0.0000,0.0000,0.1272,0.0488,0.0225,SAFE,False,7,0,,,,,,
1771435998.326,0.0,,,,,,,,,,,,,,,0.0225,SAFE,,6,,t339_0,0.67,CRITICAL,LOCAL,SAFE: all tasks permitted (weight=0.67),
1771435998.326,0.0,,,,,,,,,,,,,,,0.0225,SAFE,,5,,t339_1,0.55,CRITICAL,LOCAL,SAFE: all tasks permitted (weight=0.55),
1771435998.326,0.0,40.44,4.8600,0.769,12.1,1,,,0.01337,0.0000,0.0000,0.0000,0.0000,0.1337,0.0994,0.0333,SAFE,False,5,2,,,,,,
1771435998.326,0.0,,,,,,,,,,,,,,,0.0333,SAFE,,4,,t340_0,0.70,LOW,LOCAL,SAFE: all tasks permitted (weight=0.70),
1771435998.326,0.0,40.33,4.8584,0.803,14.5,1,,,0.01478,0.0000,0.0000,0.0000,0.0000,0.1478,0.1165,0.0381,SAFE,False,4,3,,,,,,
1771435998.326,0.0,,,,,,,,,,,,,,,0.0381,SAFE,,3,,t341_0,0.35,NORMAL,LOCAL,SAFE: all tasks permitted (weight=0.35),
1771435998.326,0.0,40.48,4.8624,0.814,15.3,1,,,0.01552,0.0000,0.0000,0.0000,0.0000,0.1552,0.1218,0.0399,SAFE,False,3,4,,,,,,
1771435998.326,0.0,40.64,4.8794,0.802,14.4,1,,,0.01551,0.0000,0.0000,0.0000,0.0000,0.1551,0.1158,0.0387,SAFE,False,3,4,,,,,,
1771435998.326,0.0,41.01,4.8656,0.790,13.6,1,,,0.01580,0.0000,0.0000,0.0000,0.0000,0.1580,0.1102,0.0378,SAFE,False,9,0,,,,,,window_reset|B=9
1771435998.326,0.0,40.42,4.8742,0.780,12.9,1,,,0.01540,0.0000,0.0000,0.0000,0.0000,0.1540,0.1050,0.0364,SAFE,False,9,0,,,,,,
1771435998.326,0.0,40.51,4.8511,0.770,12.2,1,,,0.01636,0.0000,0.0000,0.0000,0.0000,0.1636,0.1002,0.0364,SAFE,False,9,0,,,,,,
1771435998.326,0.0,,,,,,,,,,,,,,,0.0364,SAFE,,8,,t346_0,0.73,LOW,LOCAL,SAFE: all tasks permitted (weight=0.73),
1771435998.326,0.0,40.07,4.8618,0.807,14.8,1,,,0.01417,0.0000,0.0000,0.0000,0.0000,0.1417,0.1184,0.0379,SAFE,False,8,1,,,,,,
1771435998.326,0.0,40.90,4.8727,0.795,14.0,1,,,0.01417,0.0000,0.0000,0.0000,0.0000,0.1417,0.1127,0.0367,SAFE,False,8,1,,,,,,
1771435998.326,0.0,,,,,,,,,,,,,,,0.0367,SAFE,,7,,t348_0,0.59,NORMAL,LOCAL,SAFE: all tasks permitted (weight=0.59),
1771435998.326,0.0,41.20,4.8612,0.821,15.8,1,,,0.01315,0.0000,0.0000,0.0000,0.0000,0.1315,0.1257,0.0383,SAFE,False,7,2,,,,,,
1771435998.326,0.0,,,,,,,,,,,,,,,0.0383,SAFE,,6,,t349_0,0.44,LOW,LOCAL,SAFE: all tasks permitted (weight=0.44),
1771435998.326,0.0,40.44,4.8470,0.836,16.9,1,,,0.01021,0.0000,0.0000,0.0137,0.0000,0.1021,0.1331,0.0386,SAFE,False,6,3,,,,,,
1771435998.326,0.0,41.16,4.8597,0.823,15.9,1,,,0.00884,0.0000,0.0000,0.0000,0.0000,0.0884,0.1263,0.0341,SAFE,False,6,3,,,,,,
1771435998.326,0.0,40.75,4.8407,0.810,15.0,1,,,0.01076,0.0000,0.0000,0.0424,0.0000,0.1076,0.1200,0.0403,SAFE,False,6,3,,,,,,
1771435998.326,0.0,41.03,4.8629,0.798,14.2,1,,,0.01073,0.0000,0.0000,0.0000,0.0000,0.1073,0.1141,0.0336,SAFE,False,6,3,,,,,,
1771435998.326,0.0,,,,,,,,,,,,,,,0.0336,SAFE,,5,,t353_0,0.34,LOW,LOCAL,SAFE: all tasks permitted (weight=0.34),
1771435998.326,0.0,41.19,4.8624,0.809,14.9,1,,,0.01073,0.0000,0.0000,0.0000,0.0000,0.1073,0.1193,0.0346,SAFE,False,5,4,,,,,,
1771435998.326,0.0,,,,,,,,,,,,,,,0.0346,SAFE,,4,,t354_0,0.51,NORMAL,LOCAL,SAFE: all tasks permitted (weight=0.51),
1771435998.326,0.0,40.78,4.8474,0.829,16.3,1,,,0.00991,0.0000,0.0000,0.0117,0.0000,0.0991,0.1294,0.0373,SAFE,False,4,5,,,,,,
1771435998.326,0.0,,,,,,,,,,,,,,,0.0373,SAFE,,3,,t355_0,0.64,CRITICAL,LOCAL,SAFE: all tasks permitted (weight=0.64),
1771435998.326,0.0,40.80,4.8400,0.856,18.3,1,,,0.01093,0.0000,0.0000,0.0454,0.0000,0.1093,0.1428,0.0454,SAFE,False,3,6,,,,,,
1771435998.326,0.0,,,,,,,,,,,,,,,0.0454,SAFE,,2,,t356_0,0.77,HIGH,LOCAL,SAFE: all tasks permitted (weight=0.77),
1771435998.326,0.0,41.63,4.8486,0.889,20.6,2,,,0.00976,0.0000,0.0000,0.0063,0.0000,0.0976,0.1743,0.0454,SAFE,False,2,7,,,,,,
1771435998.326,0.0,41.06,4.8160,0.871,19.4,2,,,0.01449,0.0000,0.0000,0.1544,0.0000,0.1449,0.1657,0.0677,SAFE,False,2,7,,,,,,
1771435998.326,0.0,,,,,,,,,,,,,,,0.0677,SAFE,,1,,t358_0,0.77,LOW,LOCAL,SAFE: all tasks permitted (weight=0.77),
1771435998.327,0.0,41.56,4.8468,0.903,21.7,2,24273.053,-12.80921,0.01421,0.0000,1.0000,0.0145,1.0000,0.1421,0.1817,0.5024,WARNING,False,4,0,,,,,,window_reset|B=4
1771435998.327,0.0,41.43,4.8501,0.885,20.4,2,40268.367,9.41207,0.01254,0.0000,1.0000,0.0000,0.0000,0.1254,0.1726,0.2970,WARNING,False,4,0,,,,,,
1771435998.327,0.0,41.95,4.8494,0.868,19.1,2,54787.499,-13.39947,0.01195,0.0000,1.0000,0.0026,1.0000,0.1195,0.1640,0.4951,WARNING,False,4,0,,,,,,
1771435998.327,0.0,,,,,,,,,,,,,,,0.4951,WARNING,,4,,t361_0,0.51,NORMAL,OFFLOAD,WARNING: heavy task offloaded (weight=0.51 >= 0.3),
1771435998.327,0.0,41.64,4.8510,0.852,18.0,1,26785.083,-11.38562,0.01199,0.0000,1.0000,0.0000,1.0000,0.1199,0.1411,0.4902,WARNING,False,4,0,,,,,,
1771435998.327,0.0,42.33,4.8610,0.838,17.0,1,92264.734,13.46845,0.01210,0.0000,1.0000,0.0000,0.0000,0.1210,0.1338,0.2889,WARNING,False,4,0,,,,,,
1771435998.327,0.0,42.25,4.8675,0.824,16.0,1,86282.918,27.32677,0.01298,0.0000,1.0000,0.0000,0.0000,0.1298,0.1269,0.2884,WARNING,False,4,0,,,,,,
1771435998.327,0.0,,,,,,,,,,,,,,,0.2884,WARNING,,4,,t364_0,0.79,NORMAL,OFFLOAD,WARNING: heavy task offloaded (weight=0.79 >= 0.3),
1771435998.327,0.0,41.49,4.8498,0.811,15.1,1,-8229.614,1.16422,0.01241,0.0000,0.0000,0.0009,0.0000,0.1241,0.1206,0.0366,SAFE,False,4,0,,,,,,
1771435998.327,0.0,41.80,4.8668,0.799,14.2,1,44422.653,50.45620,0.01285,0.0000,1.0000,0.0000,0.0000,0.1285,0.1146,0.2858,WARNING,False,4,0,,,,,,
1771435998.327,0.0,,,,,,,,,,,,,,,0.2858,WARNING,,4,,t366_0,0.68,NORMAL,OFFLOAD,WARNING: heavy task offloaded (weight=0.68 >= 0.3),
1771435998.327,0.0,41.62,4.8421,0.788,13.4,1,,,0.01300,0.0000,0.0000,0.0358,0.0000,0.1300,0.1091,0.0395,SAFE,False,4,0,,,,,,
1771435998.327,0.0,41.71,4.8279,0.778,12.7,1,,,0.01409,0.0000,0.0000,0.1003,0.0000,0.1409,0.1040,0.0479,SAFE,False,4,0,,,,,,
1771435998.327,0.0,41.60,4.8841,0.769,12.0,1,,,0.01726,0.0000,0.0000,0.0000,0.0000,0.1726,0.0993,0.0371,SAFE,False,4,0,,,,,,
1771435998.327,0.0,41.68,4.8637,0.760,11.4,1,,,0.01390,0.0000,0.0000,0.0000,0.0000,0.1390,0.0948,0.0329,SAFE,False,4,0,,,,,,
1771435998.327,0.0,,,,,,,,,,,,,,,0.0329,SAFE,,3,,t370_0,0.20,NORMAL,LOCAL,SAFE: all tasks permitted (weight=0.20),
1771435998.327,0.0,41.93,4.8591,0.764,11.7,1,,,0.01371,0.0000,0.0000,0.0000,0.0000,0.1371,0.0971,0.0331,SAFE,False,3,1,,,,,,
1771435998.327,0.0,41.25,4.8613,0.756,11.1,1,,,0.01365,0.0000,0.0000,0.0000,0.0000,0.1365,0.0928,0.0322,SAFE,False,3,1,,,,,,
1771435998.327,0.0,,,,,,,,,,,,,,,0.0322,SAFE,,2,,t372_0,0.39,LOW,LOCAL,SAFE: all tasks permitted (weight=0.39),
1771435998.327,0.0,42.26,4.8639,0.772,12.3,1,,,0.01357,0.0000,0.0000,0.0000,0.0000,0.1357,0.1011,0.0338,SAFE,False,2,2,,,,,,
1771435998.327,0.0,41.65,4.8683,0.763,11.7,1,,,0.01365,0.0000,0.0000,0.0000,0.0000,0.1365,0.0966,0.0330,SAFE,False,9,0,,,,,,window_reset|B=9
1771435998.327,0.0,,,,,,,,,,,,,,,0.0330,SAFE,,8,,t374_0,0.82,HIGH,LOCAL,SAFE: all tasks permitted (weight=0.82),
1771435998.327,0.0,41.82,4.8477,0.806,14.7,1,,,0.01403,0.0000,0.0000,0.0105,0.0000,0.1403,0.1182,0.0390,SAFE,False,8,1,,,,,,
1771435998.327,0.0,41.64,4.8489,0.795,13.9,1,,,0.01398,0.0000,0.0000,0.0051,0.0000,0.1398,0.1125,0.0371,SAFE,False,8,1,,,,,,
1771435998.327,0.0,42.32,4.8656,0.784,13.2,1,,,0.01399,0.0000,0.0000,0.0000,0.0000,0.1399,0.1071,0.0354,SAFE,False,8,1,,,,,,
1771435998.327,0.0,41.56,4.8724,0.774,12.4,1,,,0.01435,0.0000,0.0000,0.0000,0.0000,0.1435,0.1021,0.0348,SAFE,False,8,1,,,,,,
1771435998.327,0.0,42.16,4.8751,0.765,11.8,1,,,0.01406,0.0000,0.0000,0.0000,0.0000,0.1406,0.0975,0.0336,SAFE,False,8,1,,,,,,
1771435998.327,0.0,41.40,4.8795,0.756,11.2,1,,,0.01059,0.0000,0.0000,0.0000,0.0000,0.1059,0.0932,0.0292,SAFE,False,8,1,,,,,,
1771435998.327,0.0,,,,,,,,,,,,,,,0.0292,SAFE,,7,,t380_0,0.50,NORMAL,LOCAL,SAFE: all tasks permitted (weight=0.50),
1771435998.327,0.0,41.54,4.8410,0.780,12.9,1,,,0.01108,0.0000,0.0000,0.0411,0.0000,0.1108,0.1051,0.0374,SAFE,False,7,2,,,,,,
1771435998.327,0.0,41.70,4.8708,0.770,12.2,1,,,0.01133,0.0000,0.0000,0.0000,0.0000,0.1133,0.1002,0.0314,SAFE,False,7,2,,,,,,
1771435998.327,0.0,,,,,,,,,,,,,,,0.0314,SAFE,,6,,t382_0,0.53,NORMAL,LOCAL,SAFE: all tasks permitted (weight=0.53),
1771435998.327,0.0,41.30,4.8466,0.795,13.9,1,,,0.01217,0.0000,0.0000,0.0156,0.0000,0.1217,0.1123,0.0367,SAFE,False,6,3,,,,,,
1771435998.327,0.0,41.45,4.8499,0.784,13.1,1,,,0.01261,0.0000,0.0000,0.0006,0.0000,0.1261,0.1070,0.0341,SAFE,False,6,3,,,,,,
1771435998.327,0.0,41.54,4.8919,0.774,12.4,1,,,0.01527,0.0000,0.0000,0.0000,0.0000,0.1527,0.1020,0.0357,SAFE,False,6,3,,,,,,
1771435998.327,0.0,41.37,4.8760,0.765,11.8,1,,,0.01563,0.0000,0.0000,0.0000,0.0000,0.1563,0.0974,0.0351,SAFE,False,6,3,,,,,,
1771435998.327,0.0,41.12,4.8750,0.756,11.2,1,,,0.01510,0.0000,0.0000,0.0000,0.0000,0.1510,0.0931,0.0337,SAFE,False,6,3,,,,,,
1771435998.327,0.0,,,,,,,,,,,,,,,0.0337,SAFE,,5,,t387_0,0.77,NORMAL,LOCAL,SAFE: all tasks permitted (weight=0.77),
1771435998.327,0.0,41.26,4.8737,0.797,14.1,1,,,0.01429,0.0000,0.0000,0.0000,0.0000,0.1429,0.1134,0.0370,SAFE,False,5,4,,,,,,
1771435998.327,0.0,41.51,4.8741,0.786,13.3,1,,,0.01436,0.0000,0.0000,0.0000,0.0000,0.1436,0.1080,0.0360,SAFE,False,9,0,,,,,,window_reset|B=9
1771435998.327,0.0,41.56,4.8805,0.776,12.6,1,,,0.01469,0.0000,0.0000,0.0000,0.0000,0.1469,0.1030,0.0353,SAFE,False,9,0,,,,,,
1771435998.327,0.0,41.55,4.8612,0.767,11.9,1,,,0.01475,0.0000,0.0000,0.0000,0.0000,0.1475,0.0983,0.0344,SAFE,False,9,0,,,,,,
1771435998.327,0.0,41.42,4.8562,0.758,11.3,1,,,0.01470,0.0000,0.0000,0.0000,0.0000,0.1470,0.0939,0.0335,SAFE,False,9,0,,,,,,
1771435998.327,0.0,41.53,4.8696,0.750,10.7,0,,,0.01254,0.0000,0.0000,0.0000,0.0000,0.1254,0.0749,0.0275,SAFE,False,9,0,,,,,,
1771435998.327,0.0,41.50,4.8779,0.742,10.2,0,,,0.01279,0.0000,0.0000,0.0000,0.0000,0.1279,0.0711,0.0270,SAFE,False,9,0,,,,,,
1771435998.327,0.0,41.65,4.8654,0.735,9.7,0,,,0.01091,0.0000,0.0000,0.0000,0.0000,0.1091,0.0676,0.0244,SAFE,False,9,0,,,,,,
1771435998.328,0.0,,,,,,,,,,,,,,,0.0244,SAFE,,8,,t395_0,0.58,NORMAL,LOCAL,SAFE: all tasks permitted (weight=0.58),
1771435998.328,0.0,41.30,4.8556,0.766,11.8,1,2927.539,-18.12986,0.01008,0.0000,1.0000,0.0000,1.0000,0.1008,0.0978,0.4796,WARNING,False,8,1,,,,,,
1771435998.328,0.0,41.62,4.8743,0.757,11.2,1,6613.883,0.13540,0.00807,0.0000,1.0000,0.0000,0.0000,0.0807,0.0935,0.2768,WARNING,False,8,1,,,,,,
1771435998.328,0.0,,,,,,,,,,,,,,,0.2768,WARNING,,8,,t397_0,0.71,HIGH,OFFLOAD,WARNING: heavy task offloaded (weight=0.71 >= 0.3),
1771435998.328,0.0,40.91,4.8571,0.749,10.6,0,-38948.856,-23.42072,0.00857,0.0000,0.0000,0.0000,1.0000,0.0857,0.0745,0.2235,WARNING,False,8,1,,,,,,
1771435998.328,0.0,41.78,4.8916,0.741,10.1,0,14087.256,30.36549,0.01062,0.0000,1.0000,0.0000,0.0000,0.1062,0.0707,0.2748,WARNING,False,8,1,,,,,,
1771435998.328,0.0,40.94,4.8708,0.734,9.6,0,-29176.898,14.63686,0.01056,0.0000,0.0000,0.0000,0.0000,0.1056,0.0672,0.0240,SAFE,False,8,1,,,,,,
1771435998.328,0.0,41.09,4.8932,0.728,9.1,0,-26026.446,23.62170,0.01241,0.0000,0.0000,0.0000,0.0000,0.1241,0.0640,0.0252,SAFE,False,8,1,,,,,,
1771435998.328,0.0,41.32,4.8980,0.722,8.7,0,-11129.193,20.03027,0.01431,0.0000,0.0000,0.0000,0.0000,0.1431,0.0610,0.0265,SAFE,False,8,1,,,,,,
1771435998.328,0.0,40.43,4.8835,0.716,8.3,0,-73275.965,18.03728,0.01415,0.0000,0.0000,0.0000,0.0000,0.1415,0.0582,0.0258,SAFE,False,8,1,,,,,,
1771435998.328,0.0,40.94,4.8616,0.711,7.9,0,,,0.01364,0.0000,0.0000,0.0000,0.0000,0.1364,0.0556,0.0248,SAFE,False,9,0,,,,,,window_reset|B=9
1771435998.328,0.0,40.97,4.8952,0.706,7.6,0,,,0.01462,0.0000,0.0000,0.0000,0.0000,0.1462,0.0532,0.0253,SAFE,False,9,0,,,,,,
1771435998.328,0.0,40.48,4.8759,0.702,7.3,0,,,0.01462,0.0000,0.0000,0.0000,0.0000,0.1462,0.0509,0.0248,SAFE,False,9,0,,,,,,
1771435998.328,0.0,41.04,4.9112,0.698,7.0,0,,,0.01692,0.0000,0.0000,0.0000,0.0000,0.1692,0.0488,0.0267,SAFE,False,9,0,,,,,,
1771435998.328,0.0,,,,,,,,,,,,,,,0.0267,SAFE,,8,,t407_0,0.53,NORMAL,LOCAL,SAFE: all tasks permitted (weight=0.53),
1771435998.328,0.0,40.79,4.8588,0.727,9.1,0,,,0.01654,0.0000,0.0000,0.0000,0.0000,0.1654,0.0637,0.0293,SAFE,False,8,1,,,,,,
1771435998.328,0.0,41.07,4.8750,0.721,8.7,0,,,0.01652,0.0000,0.0000,0.0000,0.0000,0.1652,0.0607,0.0287,SAFE,False,8,1,,,,,,
1771435998.328,0.0,40.26,4.8657,0.716,8.3,0,,,0.01562,0.0000,0.0000,0.0000,0.0000,0.1562,0.0579,0.0272,SAFE,False,8,1,,,,,,
1771435998.328,0.0,40.69,4.8906,0.711,7.9,0,,,0.01557,0.0000,0.0000,0.0000,0.0000,0.1557,0.0553,0.0266,SAFE,False,8,1,,,,,,
1771435998.328,0.0,40.50,4.8986,0.706,7.6,0,,,0.01585,0.0000,0.0000,0.0000,0.0000,0.1585,0.0529,0.0264,SAFE,False,8,1,,,,,,
1771435998.328,0.0,,,,,,,,,,,,,,,0.0264,SAFE,,7,,t412_0,0.67,HIGH,LOCAL,SAFE: all tasks permitted (weight=0.67),
1771435998.328,0.0,40.30,4.8765,0.744,10.3,0,,,0.01571,0.0000,0.0000,0.0000,0.0000,0.1571,0.0722,0.0301,SAFE,False,7,2,,,,,,
1771435998.328,0.0,41.07,4.8881,0.737,9.8,0,,,0.01513,0.0000,0.0000,0.0000,0.0000,0.1513,0.0686,0.0288,SAFE,False,7,2,,,,,,
1771435998.328,0.0,40.90,4.8603,0.731,9.3,0,,,0.01622,0.0000,0.0000,0.0000,0.0000,0.1622,0.0653,0.0293,SAFE,False,7,2,,,,,,
1771435998.328,0.0,40.15,4.8816,0.724,8.9,0,,,0.01527,0.0000,0.0000,0.0000,0.0000,0.1527,0.0622,0.0277,SAFE,False,7,2,,,,,,
1771435998.328,0.0,40.61,4.8561,0.719,8.5,0,,,0.01614,0.0000,0.0000,0.0000,0.0000,0.1614,0.0593,0.0280,SAFE,False,7,2,,,,,,
1771435998.328,0.0,40.56,4.8670,0.713,8.1,0,,,0.01643,0.0000,0.0000,0.0000,0.0000,0.1643,0.0566,0.0277,SAFE,False,7,2,,,,,,
1771435998.328,0.0,,,,,,,,,,,,,,,0.0277,SAFE,,6,,t418_0,0.32,NORMAL,LOCAL,SAFE: all tasks permitted (weight=0.32),
1771435998.328,0.0,40.21,4.8824,0.729,9.2,0,,,0.01309,0.0000,0.0000,0.0000,0.0000,0.1309,0.0643,0.0260,SAFE,False,9,0,,,,,,window_reset|B=9
1771435998.328,0.0,,,,,,,,,,,,,,,0.0260,SAFE,,8,,t419_0,0.71,NORMAL,LOCAL,SAFE: all tasks permitted (weight=0.71),
1771435998.328,0.0,40.91,4.8887,0.768,12.0,1,,,0.01260,0.0000,0.0000,0.0000,0.0000,0.1260,0.0992,0.0324,SAFE,False,8,1,,,,,,
1771435998.328,0.0,40.33,4.8557,0.760,11.4,1,,,0.01397,0.0000,0.0000,0.0000,0.0000,0.1397,0.0948,0.0329,SAFE,False,8,1,,,,,,
1771435998.328,0.0,40.41,4.8896,0.751,10.8,0,,,0.01408,0.0000,0.0000,0.0000,0.0000,0.1408,0.0757,0.0292,SAFE,False,8,1,,,,,,
1771435998.328,0.0,,,,,,,,,,,,,,,0.0292,SAFE,,7,,t422_0,0.61,LOW,LOCAL,SAFE: all tasks permitted (weight=0.61),
1771435998.328,0.0,40.27,4.8644,0.783,13.0,1,,,0.01398,0.0000,0.0000,0.0000,0.0000,0.1398,0.1063,0.0352,SAFE,False,7,2,,,,,,
1771435998.328,0.0,,,,,,,,,,,,,,,0.0352,SAFE,,6,,t423_0,0.65,HIGH,LOCAL,SAFE: all tasks permitted (weight=0.65),
1771435998.328,0.0,40.44,4.8712,0.815,15.3,1,,,0.01218,0.0000,0.0000,0.0000,0.0000,0.1218,0.1223,0.0367,SAFE,False,6,3,,,,,,
1771435998.328,0.0,40.13,4.8440,0.803,14.5,1,,,0.01459,0.0000,0.0000,0.0274,0.0000,0.1459,0.1163,0.0414,SAFE,False,6,3,,,,,,
1771435998.328,0.0,40.72,4.8649,0.791,13.7,1,,,0.01367,0.0000,0.0000,0.0000,0.0000,0.1367,0.1107,0.0358,SAFE,False,6,3,,,,,,
1771435998.328,0.0,40.52,4.8890,0.781,12.9,1,,,0.01445,0.0000,0.0000,0.0000,0.0000,0.1445,0.1054,0.0355,SAFE,False,6,3,,,,,,
1771435998.328,0.0,41.14,4.8525,0.771,12.2,1,,,0.01494,0.0000,0.0000,0.0000,0.0000,0.1494,0.1006,0.0351,SAFE,False,6,3,,,,,,
1771435998.329,0.0,,,,,,,,,,,,,,,0.0351,SAFE,,5,,t428_0,0.54,CRITICAL,LOCAL,SAFE: all tasks permitted (weight=0.54),
1771435998.329,0.0,40.54,4.8566,0.797,14.1,1,12663.098,0.86454,0.01490,0.0000,1.0000,0.0000,0.0000,0.1490,0.1135,0.2876,WARNING,False,5,4,,,,,,
1771435998.329,0.0,41.16,4.8593,0.786,13.3,1,45763.638,-30.70067,0.01513,0.0000,1.0000,0.0000,1.0000,0.1513,0.1081,0.4868,WARNING,False,5,4,,,,,,
1771435998.329,0.0,40.14,4.8475,0.776,12.6,1,-7554.199,-17.17583,0.01548,0.0000,0.0000,0.0115,1.0000,0.1548,0.1031,0.2376,WARNING,False,5,4,,,,,,
1771435998.329,0.0,40.35,4.8876,0.767,11.9,1,-5490.178,16.65236,0.01535,0.0000,0.0000,0.0000,0.0000,0.1535,0.0984,0.0350,SAFE,False,5,4,,,,,,
1771435998.329,0.0,40.46,4.8491,0.758,11.3,1,20238.399,5.17175,0.01579,0.0000,1.0000,0.0042,0.0000,0.1579,0.0940,0.2851,WARNING,False,5,4,,,,,,
1771435998.329,0.0,40.57,4.8585,0.750,10.7,0,-8816.615,-6.54182,0.01392,0.0000,0.0000,0.0000,1.0000,0.1392,0.0749,0.2289,WARNING,False,7,0,,,,,,window_reset|B=7
1771435998.329,0.0,40.45,4.8832,0.742,10.2,0,-4401.750,-5.85675,0.01510,0.0000,0.0000,0.0000,1.0000,0.1510,0.0712,0.2293,WARNING,False,7,0,,,,,,
1771435998.329,0.0,,,,,,,,,,,,,,,0.2293,WARNING,,6,,t435_0,0.25,LOW,LOCAL,WARNING: lightweight task permitted (weight=0.25 < 0.3),
1771435998.329,0.0,40.78,4.8837,0.752,10.8,0,-22189.206,31.63070,0.01599,0.0000,0.0000,0.0000,0.0000,0.1599,0.0758,0.0312,SAFE,False,6,1,,,,,,
1771435998.329,0.0,40.46,4.8778,0.744,10.3,0,,,0.01506,0.0000,0.0000,0.0000,0.0000,0.1506,0.0720,0.0294,SAFE,False,6,1,,,,,,
1771435998.329,0.0,,,,,,,,,,,,,,,0.0294,SAFE,,5,,t437_0,0.67,NORMAL,LOCAL,SAFE: all tasks permitted (weight=0.67),
1771435998.329,0.0,,,,,,,,,,,,,,,0.0294,SAFE,,4,,t437_1,0.66,NORMAL,LOCAL,SAFE: all tasks permitted (weight=0.66),
1771435998.329,0.0,41.26,4.8675,0.823,15.9,1,,,0.01504,0.0000,0.0000,0.0000,0.0000,0.1504,0.1265,0.0403,SAFE,False,4,3,,,,,,
1771435998.329,0.0,40.87,4.8282,0.810,15.0,1,,,0.01710,0.0000,0.0000,0.0989,0.0000,0.1710,0.1202,0.0540,SAFE,False,4,3,,,,,,
1771435998.329,0.0,41.10,4.8630,0.799,14.2,1,,,0.01683,0.0000,0.0000,0.0000,0.0000,0.1683,0.1143,0.0397,SAFE,False,4,3,,,,,,
1771435998.329,0.0,41.06,4.8743,0.788,13.4,1,,,0.01693,0.0000,0.0000,0.0000,0.0000,0.1693,0.1088,0.0387,SAFE,False,4,3,,,,,,
1771435998.329,0.0,41.13,4.8448,0.777,12.7,1,,,0.01779,0.0000,0.0000,0.0237,0.0000,0.1779,0.1037,0.0416,SAFE,False,4,3,,,,,,
1771435998.329,0.0,,,,,,,,,,,,,,,0.0416,SAFE,,3,,t442_0,0.29,CRITICAL,LOCAL,SAFE: all tasks permitted (weight=0.29),
1771435998.329,0.0,41.06,4.8773,0.787,13.4,1,,,0.01742,0.0000,0.0000,0.0000,0.0000,0.1742,0.1085,0.0391,SAFE,False,3,4,,,,,,
1771435998.329,0.0,40.81,4.8574,0.777,12.6,1,,,0.01630,0.0000,0.0000,0.0000,0.0000,0.1630,0.1035,0.0370,SAFE,False,3,4,,,,,,
1771435998.329,0.0,40.81,4.8932,0.767,12.0,1,,,0.01751,0.0000,0.0000,0.0000,0.0000,0.1751,0.0987,0.0373,SAFE,False,3,4,,,,,,
1771435998.330,0.0,40.66,4.8701,0.759,11.3,1,-70640.250,5.17356,0.01731,0.0000,0.0000,0.0000,0.0000,0.1731,0.0943,0.0362,SAFE,False,3,4,,,,,,
1771435998.330,0.0,,,,,,,,,,,,,,,0.0362,SAFE,,2,,t446_0,0.51,NORMAL,LOCAL,SAFE: all tasks permitted (weight=0.51),
1771435998.330,0.0,40.37,4.8705,0.784,13.1,1,-59187.970,82.77979,0.01675,0.0000,0.0000,0.0000,0.0000,0.1675,0.1068,0.0381,SAFE,False,2,5,,,,,,
1771435998.330,0.0,41.75,4.8541,0.774,12.4,1,76851.807,-17.54071,0.01634,0.0000,1.0000,0.0000,1.0000,0.1634,0.1019,0.4867,WARNING,False,2,5,,,,,,
1771435998.330,0.0,40.88,4.8843,0.764,11.7,1,-21753.408,19.57737,0.01686,0.0000,0.0000,0.0000,0.0000,0.1686,0.0972,0.0363,SAFE,False,9,0,,,,,,window_reset|B=9
1771435998.330,0.0,,,,,,,,,,,,,,,0.0363,SAFE,,8,,t449_0,0.45,LOW,LOCAL,SAFE: all tasks permitted (weight=0.45),
1771435998.330,0.0,41.49,4.8591,0.785,13.2,1,43033.178,28.08497,0.01693,0.0000,1.0000,0.0000,0.0000,0.1693,0.1075,0.2884,WARNING,False,8,1,,,,,,
1771435998.330,0.0,41.11,4.8759,0.775,12.5,1,5414.053,-2.81920,0.01306,0.0000,1.0000,0.0000,1.0000,0.1306,0.1025,0.4835,WARNING,False,8,1,,,,,,
1771435998.330,0.0,41.23,4.8572,0.766,11.8,1,48810.023,-0.27906,0.01336,0.0000,1.0000,0.0000,0.5581,0.1336,0.0978,0.3945,WARNING,False,8,1,,,,,,
1771435998.330,0.0,41.28,4.8494,0.757,11.2,1,55955.721,-85.79397,0.01416,0.0000,1.0000,0.0026,1.0000,0.1416,0.0935,0.4832,WARNING,False,8,1,,,,,,
1771435998.330,0.0,40.95,4.8635,0.749,10.6,0,,,0.01267,0.0000,0.0000,0.0000,0.0000,0.1267,0.0745,0.0276,SAFE,False,8,1,,,,,,
1771435998.330,0.0,41.10,4.8895,0.741,10.1,0,,,0.01383,0.0000,0.0000,0.0000,0.0000,0.1383,0.0707,0.0280,SAFE,False,8,1,,,,,,
1771435998.330,0.0,,,,,,,,,,,,,,,0.0280,SAFE,,7,,t455_0,0.34,HIGH,LOCAL,SAFE: all tasks permitted (weight=0.34),
1771435998.330,0.0,40.95,4.8888,0.757,11.2,1,,,0.01441,0.0000,0.0000,0.0000,0.0000,0.1441,0.0933,0.0331,SAFE,False,7,2,,,,,,
1771435998.330,0.0,40.98,4.8764,0.749,10.6,0,,,0.01296,0.0000,0.0000,0.0000,0.0000,0.1296,0.0743,0.0278,SAFE,False,7,2,,,,,,
1771435998.330,0.0,40.94,4.9231,0.741,10.1,0,,,0.01961,0.0000,0.0000,0.0000,0.0000,0.1961,0.0706,0.0337,SAFE,False,7,2,,,,,,
1771435998.330,0.0,41.50,4.8862,0.734,9.6,0,,,0.01983,0.0000,0.0000,0.0000,0.0000,0.1983,0.0671,0.0333,SAFE,False,7,2,,,,,,
1771435998.330,0.0,,,,,,,,,,,,,,,0.0333,SAFE,,6,,t459_0,0.34,LOW,LOCAL,SAFE: all tasks permitted (weight=0.34),
1771435998.330,0.0,40.49,4.8548,0.750,10.7,0,,,0.01977,0.0000,0.0000,0.0000,0.0000,0.1977,0.0748,0.0347,SAFE,False,6,3,,,,,,
1771435998.330,0.0,40.66,4.9029,0.742,10.2,0,,,0.02106,0.0000,0.0000,0.0000,0.0000,0.2106,0.0711,0.0353,SAFE,False,6,3,,,,,,
1771435998.330,0.0,41.06,4.8967,0.735,9.7,0,,,0.02093,0.0000,0.0000,0.0000,0.0000,0.2093,0.0676,0.0344,SAFE,False,6,3,,,,,,
1771435998.330,0.0,40.84,4.8819,0.729,9.2,0,,,0.02089,0.0000,0.0000,0.0000,0.0000,0.2089,0.0643,0.0338,SAFE,False,6,3,,,,,,
1771435998.330,0.0,,,,,,,,,,,,,,,0.0338,SAFE,,5,,t463_0,0.47,CRITICAL,LOCAL,SAFE: all tasks permitted (weight=0.47),
1771435998.330,0.0,40.91,4.8585,0.754,11.0,0,,,0.02078,0.0000,0.0000,0.0000,0.0000,0.2078,0.0768,0.0361,SAFE,False,9,0,,,,,,window_reset|B=9
1771435998.330,0.0,40.56,4.8747,0.746,10.4,0,,,0.01864,0.0000,0.0000,0.0000,0.0000,0.1864,0.0729,0.0332,SAFE,False,9,0,,,,,,
1771435998.330,0.0,40.65,4.8826,0.739,9.9,0,,,0.01769,0.0000,0.0000,0.0000,0.0000,0.1769,0.0693,0.0315,SAFE,False,9,0,,,,,,
1771435998.330,0.0,40.74,4.8656,0.732,9.4,0,,,0.01837,0.0000,0.0000,0.0000,0.0000,0.1837,0.0659,0.0316,SAFE,False,9,0,,,,,,
1771435998.330,0.0,40.95,4.8715,0.726,9.0,0,,,0.01851,0.0000,0.0000,0.0000,0.0000,0.1851,0.0628,0.0311,SAFE,False,9,0,,,,,,
1771435998.330,0.0,40.35,4.8829,0.720,8.5,0,,,0.01846,0.0000,0.0000,0.0000,0.0000,0.1846,0.0598,0.0304,SAFE,False,9,0,,,,,,
1771435998.330,0.0,,,,,,,,,,,,,,,0.0304,SAFE,,8,,t469_0,0.26,HIGH,LOCAL,SAFE: all tasks permitted (weight=0.26),
1771435998.330,0.0,40.17,4.8889,0.731,9.4,0,,,0.01394,0.0000,0.0000,0.0000,0.0000,0.1394,0.0657,0.0271,SAFE,False,8,1,,,,,,
1771435998.330,0.0,40.13,4.8928,0.725,8.9,0,,,0.01434,0.0000,0.0000,0.0000,0.0000,0.1434,0.0626,0.0269,SAFE,False,8,1,,,,,,
1771435998.330,0.0,,,,,,,,,,,,,,,0.0269,SAFE,,7,,t471_0,0.29,HIGH,LOCAL,SAFE: all tasks permitted (weight=0.29),
1771435998.330,0.0,40.61,4.8778,0.739,9.9,0,,,0.01231,0.0000,0.0000,0.0000,0.0000,0.1231,0.0693,0.0262,SAFE,False,7,2,,,,,,
1771435998.330,0.0,39.58,4.8785,0.732,9.4,0,,,0.01047,0.0000,0.0000,0.0000,0.0000,0.1047,0.0660,0.0237,SAFE,False,7,2,,,,,,
1771435998.330,0.0,,,,,,,,,,,,,,,0.0237,SAFE,,6,,t473_0,0.35,LOW,LOCAL,SAFE: all tasks permitted (weight=0.35),
1771435998.330,0.0,40.21,4.8856,0.749,10.6,0,,,0.00932,0.0000,0.0000,0.0000,0.0000,0.0932,0.0744,0.0242,SAFE,False,6,3,,,,,,
1771435998.330,0.0,40.68,4.8764,0.741,10.1,0,,,0.00928,0.0000,0.0000,0.0000,0.0000,0.0928,0.0707,0.0234,SAFE,False,6,3,,,,,,
1771435998.330,0.0,40.50,4.8671,0.734,9.6,0,,,0.00798,0.0000,0.0000,0.0000,0.0000,0.0798,0.0672,0.0214,SAFE,False,6,3,,,,,,
1771435998.330,0.0,,,,,,,,,,,,,,,0.0214,SAFE,,5,,t476_0,0.47,NORMAL,LOCAL,SAFE: all tasks permitted (weight=0.47),
1771435998.330,0.0,40.09,4.8544,0.759,11.3,1,,,0.01043,0.0000,0.0000,0.0000,0.0000,0.1043,0.0943,0.0293,SAFE,False,5,4,,,,,,
1771435998.330,0.0,40.40,4.8782,0.750,10.7,0,,,0.01030,0.0000,0.0000,0.0000,0.0000,0.1030,0.0752,0.0254,SAFE,False,5,4,,,,,,
1771435998.330,0.0,40.50,4.8690,0.743,10.2,0,,,0.01004,0.0000,0.0000,0.0000,0.0000,0.1004,0.0714,0.0243,SAFE,False,9,0,,,,,,window_reset|B=9
1771435998.330,0.0,39.96,4.8838,0.736,9.7,0,,,0.01006,0.0000,0.0000,0.0000,0.0000,0.1006,0.0679,0.0236,SAFE,False,9,0,,,,,,
1771435998.330,0.0,40.43,4.8766,0.729,9.2,0,,,0.00996,0.0000,0.0000,0.0000,0.0000,0.0996,0.0646,0.0229,SAFE,False,9,0,,,,,,
1771435998.330,0.0,40.12,4.8860,0.723,8.8,0,,,0.00970,0.0000,0.0000,0.0000,0.0000,0.0970,0.0616,0.0220,SAFE,False,9,0,,,,,,
1771435998.331,0.0,40.35,4.8886,0.717,8.4,0,-19723.015,12.06560,0.00919,0.0000,0.0000,0.0000,0.0000,0.0919,0.0587,0.0209,SAFE,False,9,0,,,,,,
1771435998.331,0.0,39.39,4.8824,0.712,8.0,0,-66335.538,15.22075,0.00932,0.0000,0.0000,0.0000,0.0000,0.0932,0.0561,0.0205,SAFE,False,9,0,,,,,,
1771435998.331,0.0,40.23,4.9104,0.707,7.7,0,8627.779,55.57276,0.01310,0.0000,1.0000,0.0000,0.0000,0.1310,0.0536,0.2738,WARNING,False,9,0,,,,,,
1771435998.331,0.0,39.87,4.9080,0.703,7.3,0,-31373.272,29.51834,0.01520,0.0000,0.0000,0.0000,0.0000,0.1520,0.0513,0.0255,SAFE,False,9,0,,,,,,
1771435998.331,0.0,40.07,4.8968,0.698,7.0,0,-25898.326,27.53541,0.01565,0.0000,0.0000,0.0000,0.0000,0.1565,0.0492,0.0255,SAFE,False,9,0,,,,,,
1771435998.331,0.0,40.47,4.8776,0.694,6.7,0,30274.966,-6.16172,0.01498,0.0000,1.0000,0.0000,1.0000,0.1498,0.0472,0.4744,WARNING,False,9,0,,,,,,
1771435998.331,0.0,,,,,,,,,,,,,,,0.4744,WARNING,,8,,t488_0,0.29,HIGH,LOCAL,WARNING: lightweight task permitted (weight=0.29 < 0.3),
1771435998.331,0.0,39.44,4.9108,0.710,7.9,0,-58690.183,33.87516,0.01364,0.0000,0.0000,0.0000,0.0000,0.1364,0.0552,0.0247,SAFE,False,8,1,,,,,,
1771435998.331,0.0,39.34,4.8892,0.706,7.5,0,-46535.743,3.22039,0.01324,0.0000,0.0000,0.0000,0.0000,0.1324,0.0528,0.0238,SAFE,False,8,1,,,,,,
1771435998.331,0.0,40.13,4.8690,0.701,7.2,0,,,0.01325,0.0000,0.0000,0.0000,0.0000,0.1325,0.0506,0.0234,SAFE,False,8,1,,,,,,
1771435998.331,0.0,39.48,4.8755,0.697,6.9,0,,,0.01375,0.0000,0.0000,0.0000,0.0000,0.1375,0.0485,0.0235,SAFE,False,8,1,,,,,,
1771435998.331,0.0,39.83,4.8967,0.693,6.7,0,,,0.01333,0.0000,0.0000,0.0000,0.0000,0.1333,0.0466,0.0226,SAFE,False,8,1,,,,,,
1771435998.331,0.0,,,,,,,,,,,,,,,0.0226,SAFE,,7,,t493_0,0.32,HIGH,LOCAL,SAFE: all tasks permitted (weight=0.32),
1771435998.331,0.0,39.71,4.9043,0.711,7.9,0,,,0.01371,0.0000,0.0000,0.0000,0.0000,0.1371,0.0555,0.0248,SAFE,False,9,0,,,,,,window_reset|B=9
1771435998.331,0.0,,,,,,,,,,,,,,,0.0248,SAFE,,8,,t494_0,0.56,NORMAL,LOCAL,SAFE: all tasks permitted (weight=0.56),
1771435998.331,0.0,39.76,4.8652,0.743,10.2,0,,,0.01565,0.0000,0.0000,0.0000,0.0000,0.1565,0.0717,0.0300,SAFE,False,8,1,,,,,,
1771435998.331,0.0,40.05,4.8693,0.736,9.7,0,,,0.01660,0.0000,0.0000,0.0000,0.0000,0.1660,0.0681,0.0302,SAFE,False,8,1,,,,,,
1771435998.331,0.0,39.73,4.9195,0.730,9.3,0,,,0.01771,0.0000,0.0000,0.0000,0.0000,0.1771,0.0648,0.0307,SAFE,False,8,1,,,,,,
1771435998.331,0.0,40.22,4.8926,0.724,8.8,0,,,0.01691,0.0000,0.0000,0.0000,0.0000,0.1691,0.0618,0.0293,SAFE,False,8,1,,,,,,
1771435998.331,0.0,,,,,,,,,,,,,,,0.0293,SAFE,,7,,t498_0,0.79,LOW,LOCAL,SAFE: all tasks permitted (weight=0.79),
1771435998.331,0.0,40.02,4.8485,0.770,12.1,1,,,0.02001,0.0000,0.0000,0.0069,0.0000,0.2001,0.1000,0.0409,SAFE,False,7,2,,,,,,
1771435998.331,0.0,40.16,4.8867,0.761,11.5,1,,,0.01990,0.0000,0.0000,0.0000,0.0000,0.1990,0.0955,0.0390,SAFE,False,7,2,,,,,,
1771435998.331,0.0,40.03,4.8756,0.753,10.9,0,,,0.01852,0.0000,0.0000,0.0000,0.0000,0.1852,0.0764,0.0338,SAFE,False,7,2,,,,,,
1771435998.331,0.0,39.73,4.8869,0.745,10.4,0,,,0.01846,0.0000,0.0000,0.0000,0.0000,0.1846,0.0725,0.0330,SAFE,False,7,2,,,,,,
1771435998.331,0.0,,,,,,,,,,,,,,,0.0330,SAFE,,6,,t502_0,0.28,NORMAL,LOCAL,SAFE: all tasks permitted (weight=0.28),
1771435998.331,0.0,39.59,4.8601,0.756,11.2,1,,,0.01916,0.0000,0.0000,0.0000,0.0000,0.1916,0.0931,0.0378,SAFE,False,6,3,,,,,,
1771435998.331,0.0,39.61,4.8927,0.748,10.6,0,,,0.01928,0.0000,0.0000,0.0000,0.0000,0.1928,0.0741,0.0341,SAFE,False,6,3,,,,,,
1771435998.331,0.0,39.66,4.8754,0.741,10.1,0,,,0.01893,0.0000,0.0000,0.0000,0.0000,0.1893,0.0704,0.0330,SAFE,False,6,3,,,,,,
1771435998.331,0.0,39.96,4.8867,0.734,9.6,0,,,0.01775,0.0000,0.0000,0.0000,0.0000,0.1775,0.0669,0.0311,SAFE,False,6,3,,,,,,
1771435998.331,0.0,,,,,,,,,,,,,,,0.0311,SAFE,,5,,t506_0,0.54,HIGH,LOCAL,SAFE: all tasks permitted (weight=0.54),
1771435998.331,0.0,39.69,4.8714,0.763,11.7,1,,,0.01740,0.0000,0.0000,0.0000,0.0000,0.1740,0.0966,0.0367,SAFE,False,5,4,,,,,,
1771435998.331,0.0,39.98,4.8847,0.755,11.1,1,,,0.01710,0.0000,0.0000,0.0000,0.0000,0.1710,0.0924,0.0356,SAFE,False,5,4,,,,,,
1771435998.331,0.0,40.25,4.8758,0.747,10.5,0,,,0.01277,0.0000,0.0000,0.0000,0.0000,0.1277,0.0734,0.0275,SAFE,False,9,0,,,,,,window_reset|B=9
1771435998.331,0.0,,,,,,,,,,,,,,,0.0275,SAFE,,8,,t509_0,0.45,LOW,LOCAL,SAFE: all tasks permitted (weight=0.45),
1771435998.331,0.0,39.88,4.8697,0.769,12.1,1,,,0.01216,0.0000,0.0000,0.0000,0.0000,0.1216,0.0997,0.0321,SAFE,False,8,1,,,,,,
1771435998.331,0.0,39.44,4.8810,0.760,11.5,1,,,0.00886,0.0000,0.0000,0.0000,0.0000,0.0886,0.0952,0.0279,SAFE,False,8,1,,,,,,
1771435998.331,0.0,40.46,4.8859,0.752,10.9,0,,,0.00879,0.0000,0.0000,0.0000,0.0000,0.0879,0.0761,0.0240,SAFE,False,8,1,,,,,,
1771435998.331,0.0,,,,,,,,,,,,,,,0.0240,SAFE,,7,,t512_0,0.52,NORMAL,LOCAL,SAFE: all tasks permitted (weight=0.52),
1771435998.331,0.0,39.99,4.8791,0.779,12.8,1,,,0.00874,0.0000,0.0000,0.0000,0.0000,0.0874,0.1045,0.0296,SAFE,False,7,2,,,,,,
1771435998.331,0.0,39.53,4.8613,0.769,12.1,1,,,0.00965,0.0000,0.0000,0.0000,0.0000,0.0965,0.0997,0.0296,SAFE,False,7,2,,,,,,
1771435998.331,0.0,39.99,4.8395,0.760,11.5,1,,,0.01355,0.0000,0.0000,0.0478,0.0000,0.1355,0.0952,0.0388,SAFE,False,7,2,,,,,,
1771435998.331,0.0,,,,,,,,,,,,,,,0.0388,SAFE,,6,,t515_0,0.24,LOW,LOCAL,SAFE: all tasks permitted (weight=0.24),
1771435998.331,0.0,40.28,4.8523,0.768,12.0,1,,,0.01382,0.0000,0.0000,0.0000,0.0000,0.1382,0.0990,0.0336,SAFE,False,6,3,,,,,,
1771435998.331,0.0,40.24,4.8794,0.759,11.4,1,,,0.01395,0.0000,0.0000,0.0000,0.0000,0.1395,0.0946,0.0329,SAFE,False,6,3,,,,,,
1771435998.331,0.0,40.58,4.8778,0.751,10.8,0,,,0.01339,0.0000,0.0000,0.0000,0.0000,0.1339,0.0755,0.0285,SAFE,False,6,3,,,,,,
1771435998.332,0.0,,,,,,,,,,,,,,,0.0285,SAFE,,5,,t518_0,0.32,CRITICAL,LOCAL,SAFE: all tasks permitted (weight=0.32),
1771435998.332,0.0,40.35,4.8533,0.765,11.8,1,54109.172,-27.70702,0.01430,0.0000,1.0000,0.0000,1.0000,0.1430,0.0974,0.4838,WARNING,False,5,4,,,,,,
1771435998.332,0.0,40.45,4.8792,0.756,11.2,1,-150.520,-6.67860,0.01390,0.0000,0.0000,0.0000,1.0000,0.1390,0.0931,0.2325,WARNING,False,5,4,,,,,,
1771435998.332,0.0,40.16,4.8585,0.748,10.6,0,10280.003,-20.54666,0.01407,0.0000,1.0000,0.0000,1.0000,0.1407,0.0741,0.4789,WARNING,False,5,4,,,,,,
1771435998.332,0.0,40.28,4.8725,0.741,10.1,0,45160.008,11.13899,0.01412,0.0000,1.0000,0.0000,0.0000,0.1412,0.0704,0.2782,WARNING,False,5,4,,,,,,
1771435998.332,0.0,,,,,,,,,,,,,,,0.2782,WARNING,,5,,t522_0,0.54,NORMAL,OFFLOAD,WARNING: heavy task offloaded (weight=0.54 >= 0.3),
1771435998.332,0.0,40.01,4.8677,0.734,9.6,0,1058.405,28.25035,0.01359,0.0000,1.0000,0.0000,0.0000,0.1359,0.0669,0.2770,WARNING,False,5,4,,,,,,
1771435998.332,0.0,39.85,4.9052,0.727,9.1,0,-25592.004,52.86805,0.01653,0.0000,0.0000,0.0000,0.0000,0.1653,0.0637,0.0293,SAFE,False,9,0,,,,,,window_reset|B=9
1771435998.332,0.0,40.05,4.8772,0.721,8.7,0,-11843.089,-2.19448,0.01644,0.0000,0.0000,0.0000,1.0000,0.1644,0.0607,0.2286,SAFE,False,9,0,,,,,,
1771435998.332,0.0,39.54,4.8975,0.716,8.3,0,-62388.320,19.69014,0.01806,0.0000,0.0000,0.0000,0.0000,0.1806,0.0579,0.0296,SAFE,False,9,0,,,,,,
1771435998.332,0.0,,,,,,,,,,,,,,,0.0296,SAFE,,8,,t526_0,0.23,HIGH,LOCAL,SAFE: all tasks permitted (weight=0.23),
1771435998.332,0.0,40.24,4.8880,0.726,9.0,0,,,0.01567,0.0000,0.0000,0.0000,0.0000,0.1567,0.0632,0.0283,SAFE,False,8,1,,,,,,
1771435998.332,0.0,39.89,4.9034,0.720,8.6,0,,,0.01568,0.0000,0.0000,0.0000,0.0000,0.1568,0.0602,0.0277,SAFE,False,8,1,,,,,,
1771435998.332,0.0,,,,,,,,,,,,,,,0.0277,SAFE,,7,,t528_0,0.48,NORMAL,LOCAL,SAFE: all tasks permitted (weight=0.48),
1771435998.332,0.0,40.69,4.8654,0.747,10.5,0,,,0.01619,0.0000,0.0000,0.0000,0.0000,0.1619,0.0736,0.0309,SAFE,False,7,2,,,,,,
1771435998.332,0.0,,,,,,,,,,,,,,,0.0309,SAFE,,6,,t529_0,0.62,LOW,LOCAL,SAFE: all tasks permitted (weight=0.62),
1771435998.332,0.0,40.14,4.8866,0.782,13.0,1,,,0.01633,0.0000,0.0000,0.0000,0.0000,0.1633,0.1058,0.0375,SAFE,False,6,3,,,,,,
1771435998.332,0.0,40.35,4.8776,0.772,12.3,1,,,0.01433,0.0000,0.0000,0.0000,0.0000,0.1433,0.1009,0.0345,SAFE,False,6,3,,,,,,
1771435998.332,0.0,40.01,4.8712,0.763,11.6,1,,,0.01461,0.0000,0.0000,0.0000,0.0000,0.1461,0.0963,0.0339,SAFE,False,6,3,,,,,,
1771435998.332,0.0,40.45,4.8911,0.754,11.0,1,,,0.01315,0.0000,0.0000,0.0000,0.0000,0.1315,0.0921,0.0316,SAFE,False,6,3,,,,,,
1771435998.332,0.0,39.74,4.8596,0.746,10.5,0,,,0.01448,0.0000,0.0000,0.0000,0.0000,0.1448,0.0732,0.0291,SAFE,False,6,3,,,,,,
1771435998.332,0.0,40.23,4.8749,0.739,9.9,0,,,0.01400,0.0000,0.0000,0.0000,0.0000,0.1400,0.0695,0.0279,SAFE,False,6,3,,,,,,
1771435998.332,0.0,39.93,4.8660,0.732,9.4,0,,,0.01301,0.0000,0.0000,0.0000,0.0000,0.1301,0.0661,0.0262,SAFE,False,6,3,,,,,,
1771435998.332,0.0,40.19,4.8676,0.726,9.0,0,,,0.01344,0.0000,0.0000,0.0000,0.0000,0.1344,0.0630,0.0260,SAFE,False,6,3,,,,,,
1771435998.332,0.0,39.71,4.8839,0.720,8.6,0,,,0.01237,0.0000,0.0000,0.0000,0.0000,0.1237,0.0600,0.0244,SAFE,False,6,3,,,,,,
1771435998.332,0.0,,,,,,,,,,,,,,,0.0244,SAFE,,5,,t538_0,0.80,HIGH,LOCAL,SAFE: all tasks permitted (weight=0.80),
1771435998.332,0.0,40.49,4.8652,0.769,12.0,1,,,0.01243,0.0000,0.0000,0.0000,0.0000,0.1243,0.0993,0.0323,SAFE,False,9,0,,,,,,window_reset|B=9
1771435998.332,0.0,,,,,,,,,,,,,,,0.0323,SAFE,,8,,t539_0,0.42,LOW,LOCAL,SAFE: all tasks permitted (weight=0.42),
1771435998.332,0.0,40.11,4.8521,0.788,13.4,1,,,0.01102,0.0000,0.0000,0.0000,0.0000,0.1102,0.1091,0.0328,SAFE,False,8,1,,,,,,
1771435998.332,0.0,,,,,,,,,,,,,,,0.0328,SAFE,,7,,t540_0,0.71,LOW,LOCAL,SAFE: all tasks permitted (weight=0.71),
1771435998.332,0.0,40.59,4.8585,0.826,16.1,1,,,0.01151,0.0000,0.0000,0.0000,0.0000,0.1151,0.1278,0.0371,SAFE,False,7,2,,,,,,
1771435998.332,0.0,40.48,4.8763,0.813,15.2,1,,,0.01068,0.0000,0.0000,0.0000,0.0000,0.1068,0.1214,0.0350,SAFE,False,7,2,,,,,,
1771435998.332,0.0,40.32,4.8359,0.801,14.3,1,,,0.01401,0.0000,0.0000,0.0642,0.0000,0.1401,0.1154,0.0454,SAFE,False,7,2,,,,,,
1771435998.332,0.0,40.61,4.8614,0.790,13.6,1,,,0.01402,0.0000,0.0000,0.0000,0.0000,0.1402,0.1099,0.0360,SAFE,False,7,2,,,,,,
1771435998.332,0.0,,,,,,,,,,,,,,,0.0360,SAFE,,6,,t544_0,0.58,LOW,LOCAL,SAFE: all tasks permitted (weight=0.58),
1771435998.332,0.0,40.28,4.8493,0.819,15.6,1,,,0.01247,0.0000,0.0000,0.0032,0.0000,0.1247,0.1245,0.0378,SAFE,False,6,3,,,,,,
1771435998.332,0.0,,,,,,,,,,,,,,,0.0378,SAFE,,5,,t545_0,0.28,LOW,LOCAL,SAFE: all tasks permitted (weight=0.28),
1771435998.332,0.0,40.58,4.8639,0.826,16.1,1,,,0.01244,0.0000,0.0000,0.0000,0.0000,0.1244,0.1280,0.0380,SAFE,False,5,4,,,,,,
1771435998.332,0.0,,,,,,,,,,,,,,,0.0380,SAFE,,4,,t546_0,0.41,HIGH,LOCAL,SAFE: all tasks permitted (weight=0.41),
1771435998.332,0.0,40.62,4.8632,0.841,17.2,1,,,0.01191,0.0000,0.0000,0.0000,0.0000,0.1191,0.1353,0.0390,SAFE,False,4,5,,,,,,
1771435998.332,0.0,,,,,,,,,,,,,,,0.0390,SAFE,,3,,t547_0,0.41,HIGH,LOCAL,SAFE: all tasks permitted (weight=0.41),
1771435998.332,0.0,40.80,4.8762,0.855,18.2,1,,,0.01252,0.0000,0.0000,0.0000,0.0000,0.1252,0.1423,0.0410,SAFE,False,3,6,,,,,,
1771435998.332,0.0,40.69,4.8670,0.840,17.1,1,,,0.01250,0.0000,0.0000,0.0000,0.0000,0.1250,0.1348,0.0395,SAFE,False,3,6,,,,,,
1771435998.332,0.0,40.97,4.8343,0.826,16.1,1,,,0.01300,0.0000,0.0000,0.0714,0.0000,0.1300,0.1279,0.0479,SAFE,False,3,6,,,,,,
1771435998.332,0.0,40.74,4.8558,0.813,15.2,1,,,0.01287,0.0000,0.0000,0.0000,0.0000,0.1287,0.1215,0.0372,SAFE,False,3,6,,,,,,
1771435998.332,0.0,41.36,4.8536,0.801,14.4,1,,,0.01282,0.0000,0.0000,0.0000,0.0000,0.1282,0.1155,0.0359,SAFE,False,3,6,,,,,,
1771435998.332,0.0,,,,,,,,,,,,,,,0.0359,SAFE,,2,,t552_0,0.22,HIGH,LOCAL,SAFE: all tasks permitted (weight=0.22),
1771435998.332,0.0,41.13,4.8724,0.805,14.6,1,,,0.01343,0.0000,0.0000,0.0000,0.0000,0.1343,0.1173,0.0369,SAFE,False,2,7,,,,,,
1771435998.332,0.0,40.47,4.8632,0.793,13.8,1,,,0.01248,0.0000,0.0000,0.0000,0.0000,0.1248,0.1116,0.0348,SAFE,False,9,0,,,,,,window_reset|B=9
1771435998.332,0.0,40.74,4.8685,0.783,13.0,1,,,0.01081,0.0000,0.0000,0.0000,0.0000,0.1081,0.1063,0.0321,SAFE,False,9,0,,,,,,
1771435998.332,0.0,40.54,4.8809,0.773,12.3,1,,,0.01217,0.0000,0.0000,0.0000,0.0000,0.1217,0.1014,0.0325,SAFE,False,9,0,,,,,,
1771435998.332,0.0,,,,,,,,,,,,,,,0.0325,SAFE,,8,,t556_0,0.64,HIGH,LOCAL,SAFE: all tasks permitted (weight=0.64),
1771435998.332,0.0,41.17,4.8436,0.808,14.8,1,,,0.01277,0.0000,0.0000,0.0289,0.0000,0.1277,0.1188,0.0403,SAFE,False,8,1,,,,,,
1771435998.332,0.0,40.99,4.8567,0.796,14.0,1,,,0.01283,0.0000,0.0000,0.0000,0.0000,0.1283,0.1130,0.0354,SAFE,False,8,1,,,,,,
1771435998.332,0.0,41.50,4.8722,0.785,13.2,1,,,0.01317,0.0000,0.0000,0.0000,0.0000,0.1317,0.1076,0.0347,SAFE,False,8,1,,,,,,
1771435998.332,0.0,,,,,,,,,,,,,,,0.0347,SAFE,,7,,t559_0,0.56,LOW,LOCAL,SAFE: all tasks permitted (weight=0.56),
1771435998.332,0.0,41.06,4.9017,0.813,15.2,1,,,0.01684,0.0000,0.0000,0.0000,0.0000,0.1684,0.1216,0.0412,SAFE,False,7,2,,,,,,
1771435998.332,0.0,41.86,4.8884,0.801,14.4,1,,,0.01813,0.0000,0.0000,0.0000,0.0000,0.1813,0.1156,0.0413,SAFE,False,7,2,,,,,,
1771435998.332,0.0,41.35,4.8503,0.790,13.6,1,,,0.01624,0.0000,0.0000,0.0000,0.0000,0.1624,0.1100,0.0382,SAFE,False,7,2,,,,,,
1771435998.332,0.0,,,,,,,,,,,,,,,0.0382,SAFE,,6,,t562_0,0.55,HIGH,LOCAL,SAFE: all tasks permitted (weight=0.55),
1771435998.332,0.0,41.32,4.8444,0.818,15.5,1,,,0.01719,0.0000,0.0000,0.0255,0.0000,0.1719,0.1238,0.0453,SAFE,False,6,3,,,,,,
1771435998.333,0.0,,,,,,,,,,,,,,,0.0453,SAFE,,5,,t563_0,0.46,CRITICAL,LOCAL,SAFE: all tasks permitted (weight=0.46),
1771435998.333,0.0,41.29,4.8490,0.836,16.9,1,29737.972,-21.21528,0.01752,0.0000,1.0000,0.0045,1.0000,0.1752,0.1332,0.4947,WARNING,False,5,4,,,,,,
1771435998.333,0.0,41.26,4.8684,0.823,15.9,1,3502.072,16.42194,0.01743,0.0000,1.0000,0.0000,0.0000,0.1743,0.1264,0.2927,WARNING,False,5,4,,,,,,
1771435998.333,0.0,41.18,4.8458,0.810,15.0,1,7323.416,-7.23267,0.01828,0.0000,1.0000,0.0193,1.0000,0.1828,0.1200,0.4948,WARNING,False,5,4,,,,,,
1771435998.333,0.0,41.34,4.8544,0.798,14.2,1,-6350.153,-11.83210,0.01841,0.0000,0.0000,0.0000,1.0000,0.1841,0.1142,0.2412,WARNING,False,5,4,,,,,,
1771435998.333,0.0,41.47,4.8510,0.787,13.4,1,16273.556,-33.67006,0.01783,0.0000,1.0000,0.0000,1.0000,0.1783,0.1087,0.4896,WARNING,False,5,4,,,,,,
1771435998.333,0.0,41.66,4.8505,0.777,12.7,1,-7950.461,-25.16908,0.01738,0.0000,0.0000,0.0000,1.0000,0.1738,0.1036,0.2381,WARNING,False,7,0,,,,,,window_reset|B=7
1771435998.333,0.0,,,,,,,,,,,,,,,0.2381,WARNING,,7,,t569_0,0.37,LOW,OFFLOAD,WARNING: heavy task offloaded (weight=0.37 >= 0.3),
1771435998.333,0.0,41.30,4.8949,0.768,12.0,1,-2080.746,29.58909,0.01964,0.0000,0.0000,0.0000,0.0000,0.1964,0.0989,0.0394,SAFE,False,7,0,,,,,,
1771435998.333,0.0,41.06,4.8369,0.759,11.4,1,-10662.993,-4.99249,0.02084,0.0000,0.0000,0.0597,1.0000,0.2084,0.0945,0.2475,SAFE,False,7,0,,,,,,
1771435998.333,0.0,41.55,4.8520,0.751,10.8,0,,,0.01697,0.0000,0.0000,0.0000,0.0000,0.1697,0.0754,0.0320,SAFE,False,7,0,,,,,,
1771435998.333,0.0,,,,,,,,,,,,,,,0.0320,SAFE,,6,,t572_0,0.46,NORMAL,LOCAL,SAFE: all tasks permitted (weight=0.46),
1771435998.333,0.0,41.74,4.8700,0.775,12.5,1,,,0.01477,0.0000,0.0000,0.0000,0.0000,0.1477,0.1025,0.0353,SAFE,False,6,1,,,,,,
1771435998.333,0.0,,,,,,,,,,,,,,,0.0353,SAFE,,5,,t573_0,0.29,NORMAL,LOCAL,SAFE: all tasks permitted (weight=0.29),
1771435998.333,0.0,41.52,4.8392,0.786,13.3,1,,,0.01541,0.0000,0.0000,0.0491,0.0000,0.1541,0.1078,0.0434,SAFE,False,5,2,,,,,,
1771435998.333,0.0,,,,,,,,,,,,,,,0.0434,SAFE,,4,,t574_0,0.48,LOW,LOCAL,SAFE: all tasks permitted (weight=0.48),
1771435998.333,0.0,41.37,4.8372,0.808,14.9,1,,,0.01593,0.0000,0.0000,0.0581,0.0000,0.1593,0.1192,0.0473,SAFE,False,4,3,,,,,,
1771435998.333,0.0,41.17,4.8453,0.797,14.1,1,,,0.01606,0.0000,0.0000,0.0213,0.0000,0.1606,0.1134,0.0415,SAFE,False,4,3,,,,,,
1771435998.333,0.0,,,,,,,,,,,,,,,0.0415,SAFE,,3,,t576_0,0.65,HIGH,LOCAL,SAFE: all tasks permitted (weight=0.65),
1771435998.333,0.0,41.79,4.8697,0.830,16.5,1,,,0.01617,0.0000,0.0000,0.0000,0.0000,0.1617,0.1302,0.0422,SAFE,False,3,4,,,,,,
1771435998.333,0.0,,,,,,,,,,,,,,,0.0422,SAFE,,2,,t577_0,0.29,NORMAL,LOCAL,SAFE: all tasks permitted (weight=0.29),
1771435998.333,0.0,41.71,4.8469,0.837,16.9,1,,,0.01612,0.0000,0.0000,0.0141,0.0000,0.1612,0.1334,0.0446,SAFE,False,2,5,,,,,,
1771435998.333,0.0,41.55,4.8611,0.823,15.9,1,,,0.01625,0.0000,0.0000,0.0000,0.0000,0.1625,0.1266,0.0416,SAFE,False,2,5,,,,,,
1771435998.333,0.0,41.20,4.8711,0.811,15.0,1,,,0.01682,0.0000,0.0000,0.0000,0.0000,0.1682,0.1203,0.0409,SAFE,False,2,5,,,,,,
1771435998.333,0.0,,,,,,,,,,,,,,,0.0409,SAFE,,1,,t580_0,0.72,NORMAL,LOCAL,SAFE: all tasks permitted (weight=0.72),
1771435998.333,0.0,42.05,4.8273,0.848,17.7,1,,,0.01861,0.0000,0.0000,0.1034,0.0000,0.1861,0.1392,0.0599,SAFE,False,1,6,,,,,,
1771435998.333,0.0,41.89,4.8575,0.834,16.7,1,,,0.01415,0.0000,0.0000,0.0000,0.0000,0.1415,0.1320,0.0406,SAFE,False,1,6,,,,,,
1771435998.333,0.0,41.60,4.8378,0.821,15.8,1,,,0.01408,0.0000,0.0000,0.0556,0.0000,0.1408,0.1253,0.0464,SAFE,False,1,6,,,,,,
1771435998.333,0.0,42.12,4.8871,0.808,14.9,1,,,0.01721,0.0000,0.0000,0.0000,0.0000,0.1721,0.1190,0.0410,SAFE,False,9,0,,,,,,window_reset|B=9
1771435998.333,0.0,41.50,4.8821,0.796,14.0,1,,,0.01842,0.0000,0.0000,0.0000,0.0000,0.1842,0.1132,0.0411,SAFE,False,9,0,,,,,,
1771435998.333,0.0,41.53,4.8467,0.786,13.3,1,,,0.01799,0.0000,0.0000,0.0151,0.0000,0.1799,0.1078,0.0415,SAFE,False,9,0,,,,,,
1771435998.333,0.0,41.88,4.8773,0.776,12.5,1,,,0.01795,0.0000,0.0000,0.0000,0.0000,0.1795,0.1028,0.0385,SAFE,False,9,0,,,,,,
1771435998.333,0.0,,,,,,,,,,,,,,,0.0385,SAFE,,8,,t587_0,0.65,NORMAL,LOCAL,SAFE: all tasks permitted (weight=0.65),
1771435998.333,0.0,41.94,4.8977,0.811,15.1,1,,,0.02028,0.0000,0.0000,0.0000,0.0000,0.2028,0.1206,0.0444,SAFE,False,8,1,,,,,,
1771435998.333,0.0,41.78,4.8709,0.799,14.2,1,,,0.02031,0.0000,0.0000,0.0000,0.0000,0.2031,0.1146,0.0432,SAFE,False,8,1,,,,,,
1771435998.333,0.0,,,,,,,,,,,,,,,0.0432,SAFE,,7,,t589_0,0.42,LOW,LOCAL,SAFE: all tasks permitted (weight=0.42),
1771435998.333,0.0,41.74,4.8682,0.817,15.5,1,,,0.01969,0.0000,0.0000,0.0000,0.0000,0.1969,0.1235,0.0444,SAFE,False,7,2,,,,,,
1771435998.333,0.0,41.94,4.8470,0.805,14.6,1,,,0.02032,0.0000,0.0000,0.0134,0.0000,0.2032,0.1174,0.0456,SAFE,False,7,2,,,,,,
1771435998.333,0.0,,,,,,,,,,,,,,,0.0456,SAFE,,6,,t591_0,0.80,LOW,LOCAL,SAFE: all tasks permitted (weight=0.80),
1771435998.333,0.0,41.80,4.8313,0.849,17.8,1,,,0.02210,0.0000,0.0000,0.0849,0.0000,0.2210,0.1396,0.0611,SAFE,False,6,3,,,,,,
1771435998.333,0.0,,,,,,,,,,,,,,,0.0611,SAFE,,5,,t592_0,0.62,LOW,LOCAL,SAFE: all tasks permitted (weight=0.62),
1771435998.333,0.0,42.33,4.7995,0.877,19.8,2,,,0.02651,0.0000,0.0000,0.2294,0.0000,0.2651,0.1686,0.0901,SAFE,False,5,4,,,,,,
1771435998.333,0.0,42.03,4.8539,0.861,18.6,1,,,0.02654,0.0000,0.0000,0.0000,0.0000,0.2654,0.1454,0.0556,SAFE,False,5,4,,,,,,
1771435998.333,0.0,41.95,4.8606,0.845,17.5,1,,,0.02581,0.0000,0.0000,0.0000,0.0000,0.2581,0.1377,0.0534,SAFE,False,5,4,,,,,,
1771435998.333,0.0,41.97,4.8522,0.831,16.5,1,,,0.02455,0.0000,0.0000,0.0000,0.0000,0.2455,0.1306,0.0507,SAFE,False,5,4,,,,,,
1771435998.333,0.0,42.61,4.8448,0.818,15.6,1,,,0.02355,0.0000,0.0000,0.0236,0.0000,0.2355,0.1240,0.0514,SAFE,False,5,4,,,,,,
1771435998.333,0.0,,,,,,,,,,,,,,,0.0514,SAFE,,4,,t597_0,0.37,CRITICAL,LOCAL,SAFE: all tasks permitted (weight=0.37),
1771435998.333,0.0,41.92,4.8366,0.831,16.5,1,,,0.02398,0.0000,0.0000,0.0608,0.0000,0.2398,0.1307,0.0580,SAFE,False,4,5,,,,,,
1771435998.335,0.0,42.06,4.8376,0.818,15.6,1,5852.729,-7.38757,0.02317,0.0000,1.0000,0.0565,1.0000,0.2317,0.1241,0.5053,WARNING,False,4,0,,,,,,window_reset|B=4
1771435998.335,0.0,42.54,4.8630,0.806,14.7,1,34497.545,24.71402,0.01879,0.0000,1.0000,0.0000,0.0000,0.1879,0.1179,0.2924,WARNING,False,4,0,,,,,,
1771435998.335,0.0,,,,,,,,,,,,,,,0.2924,WARNING,,4,,t600_0,0.45,NORMAL,OFFLOAD,WARNING: heavy task offloaded (weight=0.45 >= 0.3),
1771435998.335,0.0,,,,,,,,,,,,,,,0.2924,WARNING,,4,,t600_1,0.57,LOW,OFFLOAD,WARNING: heavy task offloaded (weight=0.57 >= 0.3),
1771435998.335,0.0,42.65,4.8770,0.794,13.9,1,14968.451,60.44443,0.01949,0.0000,1.0000,0.0000,0.0000,0.1949,0.1122,0.2919,WARNING,False,4,0,,,,,,
1771435998.335,0.0,41.56,4.8545,0.784,13.1,1,-21917.271,0.46858,0.01864,0.0000,0.0000,0.0000,0.0000,0.1864,0.1068,0.0400,SAFE,False,4,0,,,,,,
1771435998.335,0.0,42.75,4.8556,0.774,12.4,1,37225.991,-3.89150,0.01881,0.0000,1.0000,0.0000,1.0000,0.1881,0.1019,0.4892,WARNING,False,4,0,,,,,,
1771435998.335,0.0,42.39,4.9060,0.765,11.8,1,19369.359,41.99050,0.02412,0.0000,1.0000,0.0000,0.0000,0.2412,0.0973,0.2936,WARNING,False,4,0,,,,,,
1771435998.335,0.0,41.70,4.8488,0.756,11.1,1,-42832.752,3.14519,0.01801,0.0000,0.0000,0.0052,0.0000,0.1801,0.0930,0.0373,SAFE,False,4,0,,,,,,
1771435998.335,0.0,41.71,4.8672,0.748,10.6,0,-10001.915,23.84620,0.01816,0.0000,0.0000,0.0000,0.0000,0.1816,0.0740,0.0330,SAFE,False,4,0,,,,,,
1771435998.335,0.0,42.59,4.8655,0.741,10.0,0,,,0.01825,0.0000,0.0000,0.0000,0.0000,0.1825,0.0703,0.0323,SAFE,False,4,0,,,,,,
1771435998.335,0.0,42.05,4.8738,0.734,9.5,0,,,0.01855,0.0000,0.0000,0.0000,0.0000,0.1855,0.0668,0.0319,SAFE,False,4,0,,,,,,
1771435998.335,0.0,42.15,4.8814,0.727,9.1,0,,,0.01867,0.0000,0.0000,0.0000,0.0000,0.1867,0.0636,0.0314,SAFE,False,4,0,,,,,,
1771435998.335,0.0,42.48,4.8699,0.721,8.7,0,,,0.01678,0.0000,0.0000,0.0000,0.0000,0.1678,0.0606,0.0289,SAFE,False,4,0,,,,,,
1771435998.335,0.0,41.72,4.8837,0.716,8.3,0,,,0.01485,0.0000,0.0000,0.0000,0.0000,0.1485,0.0579,0.0264,SAFE,False,4,0,,,,,,
1771435998.335,0.0,42.28,4.9111,0.711,7.9,0,,,0.01835,0.0000,0.0000,0.0000,0.0000,0.1835,0.0553,0.0294,SAFE,False,4,0,,,,,,
1771435998.335,0.0,41.90,4.8875,0.706,7.6,0,,,0.01869,0.0000,0.0000,0.0000,0.0000,0.1869,0.0529,0.0293,SAFE,False,4,0,,,,,,
1771435998.335,0.0,41.98,4.8797,0.701,7.2,0,,,0.01761,0.0000,0.0000,0.0000,0.0000,0.1761,0.0507,0.0277,SAFE,False,9,0,,,,,,window_reset|B=9
1771435998.335,0.0,,,,,,,,,,,,,,,0.0277,SAFE,,8,,t614_0,0.26,NORMAL,LOCAL,SAFE: all tasks permitted (weight=0.26),
1771435998.335,0.0,41.42,4.8916,0.715,8.2,0,,,0.01666,0.0000,0.0000,0.0000,0.0000,0.1666,0.0576,0.0282,SAFE,False,8,1,,,,,,
1771435998.335,0.0,,,,,,,,,,,,,,,0.0282,SAFE,,7,,t615_0,0.75,HIGH,LOCAL,SAFE: all tasks permitted (weight=0.75),
1771435998.335,0.0,41.13,4.8744,0.763,11.6,1,,,0.01482,0.0000,0.0000,0.0000,0.0000,0.1482,0.0963,0.0341,SAFE,False,7,2,,,,,,
1771435998.335,0.0,41.28,4.8484,0.754,11.0,1,,,0.01490,0.0000,0.0000,0.0073,0.0000,0.1490,0.0921,0.0343,SAFE,False,7,2,,,,,,
1771435998.335,0.0,41.30,4.8667,0.746,10.5,0,,,0.01492,0.0000,0.0000,0.0000,0.0000,0.1492,0.0732,0.0296,SAFE,False,7,2,,,,,,
1771435998.335,0.0,41.70,4.8621,0.739,9.9,0,,,0.01518,0.0000,0.0000,0.0000,0.0000,0.1518,0.0695,0.0291,SAFE,False,7,2,,,,,,
1771435998.335,0.0,41.59,4.8908,0.732,9.4,0,,,0.01556,0.0000,0.0000,0.0000,0.0000,0.1556,0.0661,0.0288,SAFE,False,7,2,,,,,,
1771435998.335,0.0,41.32,4.8919,0.726,9.0,0,,,0.01596,0.0000,0.0000,0.0000,0.0000,0.1596,0.0630,0.0286,SAFE,False,7,2,,,,,,
1771435998.335,0.0,41.08,4.8942,0.720,8.6,0,,,0.01611,0.0000,0.0000,0.0000,0.0000,0.1611,0.0600,0.0281,SAFE,False,7,2,,,,,,
1771435998.335,0.0,41.28,4.8825,0.715,8.2,0,-12833.519,-14.47245,0.01610,0.0000,0.0000,0.0000,1.0000,0.1610,0.0573,0.2276,SAFE,False,7,2,,,,,,
1771435998.335,0.0,41.41,4.8885,0.710,7.8,0,27000.642,22.20736,0.01370,0.0000,1.0000,0.0000,0.0000,0.1370,0.0548,0.2747,WARNING,False,7,2,,,,,,
1771435998.335,0.0,41.05,4.8911,0.705,7.5,0,-22065.900,67.54314,0.01391,0.0000,0.0000,0.0000,0.0000,0.1391,0.0524,0.0244,SAFE,False,7,2,,,,,,
1771435998.335,0.0,40.54,4.8988,0.700,7.2,0,-71634.261,50.68853,0.01483,0.0000,0.0000,0.0000,0.0000,0.1483,0.0502,0.0249,SAFE,False,7,2,,,,,,
1771435998.335,0.0,40.69,4.8802,0.696,6.9,0,-95611.574,28.51498,0.01453,0.0000,0.0000,0.0000,0.0000,0.1453,0.0482,0.0242,SAFE,False,7,2,,,,,,
1771435998.335,0.0,40.91,4.8864,0.693,6.6,0,-64312.964,-6.90547,0.01447,0.0000,0.0000,0.0000,1.0000,0.1447,0.0463,0.2237,SAFE,False,7,2,,,,,,
1771435998.335,0.0,,,,,,,,,,,,,,,0.2237,SAFE,,6,,t628_0,0.76,LOW,LOCAL,SAFE: all tasks permitted (weight=0.76),
1771435998.335,0.0,40.70,4.8849,0.742,10.2,0,-58590.421,-10.97268,0.01039,0.0000,0.0000,0.0000,1.0000,0.1039,0.0711,0.2246,SAFE,False,7,0,,,,,,window_reset|B=7
1771435998.335,0.0,40.64,4.8603,0.735,9.7,0,-41797.400,-53.52522,0.01141,0.0000,0.0000,0.0000,1.0000,0.1141,0.0676,0.2249,SAFE,False,7,0,,,,,,
1771435998.335,0.0,40.29,4.8762,0.729,9.2,0,,,0.00966,0.0000,0.0000,0.0000,0.0000,0.0966,0.0644,0.0225,SAFE,False,7,0,,,,,,
1771435998.335,0.0,40.47,4.8747,0.723,8.8,0,,,0.00994,0.0000,0.0000,0.0000,0.0000,0.0994,0.0613,0.0222,SAFE,False,7,0,,,,,,
1771435998.335,0.0,,,,,,,,,,,,,,,0.0222,SAFE,,6,,t632_0,0.22,HIGH,LOCAL,SAFE: all tasks permitted (weight=0.22),
1771435998.335,0.0,40.57,4.8517,0.733,9.5,0,,,0.01306,0.0000,0.0000,0.0000,0.0000,0.1306,0.0663,0.0263,SAFE,False,6,1,,,,,,
1771435998.335,0.0,40.08,4.8887,0.726,9.0,0,,,0.01267,0.0000,0.0000,0.0000,0.0000,0.1267,0.0631,0.0253,SAFE,False,6,1,,,,,,
1771435998.335,0.0,40.39,4.8820,0.720,8.6,0,,,0.01267,0.0000,0.0000,0.0000,0.0000,0.1267,0.0602,0.0247,SAFE,False,6,1,,,,,,
1771435998.335,0.0,,,,,,,,,,,,,,,0.0247,SAFE,,5,,t635_0,0.27,HIGH,LOCAL,SAFE: all tasks permitted (weight=0.27),
1771435998.335,0.0,40.07,4.8792,0.734,9.6,0,,,0.01243,0.0000,0.0000,0.0000,0.0000,0.1243,0.0671,0.0258,SAFE,False,5,2,,,,,,
1771435998.335,0.0,40.27,4.8965,0.728,9.1,0,,,0.01293,0.0000,0.0000,0.0000,0.0000,0.1293,0.0638,0.0257,SAFE,False,5,2,,,,,,
1771435998.335,0.0,40.52,4.9013,0.722,8.7,0,,,0.01324,0.0000,0.0000,0.0000,0.0000,0.1324,0.0608,0.0254,SAFE,False,5,2,,,,,,
1771435998.335,0.0,39.82,4.8838,0.716,8.3,0,,,0.01328,0.0000,0.0000,0.0000,0.0000,0.1328,0.0581,0.0249,SAFE,False,5,2,,,,,,
1771435998.335,0.0,40.00,4.8854,0.711,7.9,0,,,0.01325,0.0000,0.0000,0.0000,0.0000,0.1325,0.0555,0.0243,SAFE,False,5,2,,,,,,
1771435998.336,0.0,39.75,4.8939,0.706,7.6,0,-94330.728,80.75813,0.01373,0.0000,0.0000,0.0000,0.0000,0.1373,0.0531,0.0243,SAFE,False,5,2,,,,,,
1771435998.336,0.0,39.79,4.9047,0.702,7.3,0,-33228.233,30.63655,0.01360,0.0000,0.0000,0.0000,0.0000,0.1360,0.0508,0.0238,SAFE,False,5,2,,,,,,
1771435998.336,0.0,,,,,,,,,,,,,,,0.0238,SAFE,,4,,t642_0,0.58,NORMAL,LOCAL,SAFE: all tasks permitted (weight=0.58),
1771435998.336,0.0,40.14,4.8769,0.739,9.9,0,-28307.520,-9.91325,0.01356,0.0000,0.0000,0.0000,1.0000,0.1356,0.0693,0.2274,SAFE,False,4,3,,,,,,
1771435998.336,0.0,41.09,4.8979,0.732,9.4,0,116732.172,35.77192,0.01362,0.0000,1.0000,0.0000,0.0000,0.1362,0.0659,0.2768,WARNING,False,7,0,,,,,,window_reset|B=7
1771435998.336,0.0,40.82,4.8962,0.726,9.0,0,63351.438,-0.61994,0.00872,0.0000,1.0000,0.0000,1.0000,0.0872,0.0628,0.4713,WARNING,False,7,0,,,,,,
1771435998.336,0.0,39.73,4.8971,0.720,8.6,0,-90607.281,-8.05688,0.00888,0.0000,0.0000,0.0000,1.0000,0.0888,0.0599,0.2209,WARNING,False,7,0,,,,,,
1771435998.336,0.0,40.55,4.8832,0.714,8.2,0,83777.432,-1.13312,0.00878,0.0000,1.0000,0.0000,1.0000,0.0878,0.0571,0.4702,WARNING,False,7,0,,,,,,
1771435998.336,0.0,,,,,,,,,,,,,,,0.4702,WARNING,,6,,t647_0,0.24,NORMAL,LOCAL,WARNING: lightweight task permitted (weight=0.24 < 0.3),
1771435998.336,0.0,40.40,4.8815,0.726,9.0,0,46567.090,-7.54258,0.00854,0.0000,1.0000,0.0000,1.0000,0.0854,0.0632,0.4712,WARNING,False,6,1,,,,,,
1771435998.336,0.0,40.33,4.8764,0.721,8.6,0,,,0.00933,0.0000,0.0000,0.0000,0.0000,0.0933,0.0603,0.0214,SAFE,False,6,1,,,,,,
1771435998.336,0.0,39.86,4.8708,0.715,8.2,0,,,0.01000,0.0000,0.0000,0.0000,0.0000,0.1000,0.0575,0.0215,SAFE,False,6,1,,,,,,
1771435998.336,0.0,39.91,4.8937,0.710,7.9,0,,,0.01008,0.0000,0.0000,0.0000,0.0000,0.1008,0.0550,0.0211,SAFE,False,6,1,,,,,,
1771435998.336,0.0,39.51,4.8846,0.705,7.5,0,,,0.01011,0.0000,0.0000,0.0000,0.0000,0.1011,0.0526,0.0206,SAFE,False,6,1,,,,,,
1771435998.336,0.0,40.00,4.8897,0.701,7.2,0,,,0.00997,0.0000,0.0000,0.0000,0.0000,0.0997,0.0504,0.0200,SAFE,False,6,1,,,,,,
1771435998.336,0.0,39.72,4.8761,0.697,6.9,0,,,0.00900,0.0000,0.0000,0.0000,0.0000,0.0900,0.0483,0.0187,SAFE,False,6,1,,,,,,
1771435998.336,0.0,39.95,4.8828,0.693,6.6,0,-92033.532,-0.99765,0.00868,0.0000,0.0000,0.0000,1.0000,0.0868,0.0464,0.2180,SAFE,False,6,1,,,,,,
1771435998.336,0.0,39.69,4.9239,0.689,6.4,0,-109008.667,107.64713,0.01339,0.0000,0.0000,0.0000,0.0000,0.1339,0.0446,0.0223,SAFE,False,6,1,,,,,,
1771435998.336,0.0,,,,,,,,,,,,,,,0.0223,SAFE,,5,,t656_0,0.52,NORMAL,LOCAL,SAFE: all tasks permitted (weight=0.52),
1771435998.336,0.0,40.20,4.9004,0.723,8.8,0,-19012.258,60.83283,0.01365,0.0000,0.0000,0.0000,0.0000,0.1365,0.0613,0.0259,SAFE,False,5,2,,,,,,
1771435998.336,0.0,39.83,4.8568,0.717,8.4,0,-4052.260,-35.53405,0.01586,0.0000,0.0000,0.0000,1.0000,0.1586,0.0585,0.2276,SAFE,False,5,2,,,,,,
1771435998.336,0.0,39.78,4.8920,0.712,8.0,0,-19667.099,-4.36619,0.01596,0.0000,0.0000,0.0000,1.0000,0.1596,0.0559,0.2271,SAFE,False,7,0,,,,,,window_reset|B=7
1771435998.336,0.0,,,,,,,,,,,,,,,0.2271,SAFE,,6,,t659_0,0.67,LOW,LOCAL,SAFE: all tasks permitted (weight=0.67),
1771435998.336,0.0,39.39,4.8609,0.755,11.1,1,-18243.197,-60.03999,0.01737,0.0000,0.0000,0.0000,1.0000,0.1737,0.0924,0.2359,SAFE,False,6,1,,,,,,
1771435998.336,0.0,39.76,4.8612,0.747,10.5,0,-36572.829,-72.43970,0.01840,0.0000,0.0000,0.0000,1.0000,0.1840,0.0735,0.2331,SAFE,False,6,1,,,,,,
1771435998.336,0.0,,,,,,,,,,,,,,,0.2331,SAFE,,5,,t661_0,0.65,NORMAL,LOCAL,SAFE: all tasks permitted (weight=0.65),
1771435998.336,0.0,39.96,4.8934,0.786,13.3,1,36306.473,43.93311,0.01824,0.0000,1.0000,0.0000,0.0000,0.1824,0.1078,0.2898,WARNING,False,5,2,,,,,,
1771435998.336,0.0,,,,,,,,,,,,,,,0.2898,WARNING,,4,,t662_0,0.30,NORMAL,LOCAL,WARNING: lightweight task permitted (weight=0.30 < 0.3),
1771435998.336,0.0,39.66,4.8612,0.797,14.1,1,,,0.01908,0.0000,0.0000,0.0000,0.0000,0.1908,0.1134,0.0418,SAFE,False,4,3,,,,,,
1771435998.336,0.0,,,,,,,,,,,,,,,0.0418,SAFE,,3,,t663_0,0.21,HIGH,LOCAL,SAFE: all tasks permitted (weight=0.21),
1771435998.336,0.0,39.94,4.8465,0.801,14.4,1,,,0.02140,0.0000,0.0000,0.0160,0.0000,0.2140,0.1156,0.0466,SAFE,False,3,4,,,,,,
1771435998.336,0.0,39.90,4.8510,0.790,13.6,1,,,0.02239,0.0000,0.0000,0.0000,0.0000,0.2239,0.1100,0.0444,SAFE,False,3,4,,,,,,
1771435998.336,0.0,40.34,4.8829,0.780,12.8,1,,,0.02248,0.0000,0.0000,0.0000,0.0000,0.2248,0.1048,0.0435,SAFE,False,3,4,,,,,,
1771435998.336,0.0,,,,,,,,,,,,,,,0.0435,SAFE,,2,,t666_0,0.33,CRITICAL,LOCAL,SAFE: all tasks permitted (weight=0.33),
1771435998.336,0.0,40.09,4.8673,0.794,13.8,1,,,0.02251,0.0000,0.0000,0.0000,0.0000,0.2251,0.1119,0.0449,SAFE,False,2,5,,,,,,
1771435998.336,0.0,40.65,4.8426,0.783,13.1,1,,,0.01860,0.0000,0.0000,0.0336,0.0000,0.1860,0.1066,0.0443,SAFE,False,2,5,,,,,,
1771435998.336,0.0,39.88,4.8751,0.773,12.4,1,,,0.01608,0.0000,0.0000,0.0000,0.0000,0.1608,0.1017,0.0364,SAFE,False,2,5,,,,,,
1771435998.336,0.0,40.64,4.8630,0.764,11.7,1,,,0.01588,0.0000,0.0000,0.0000,0.0000,0.1588,0.0971,0.0353,SAFE,False,2,5,,,,,,
1771435998.336,0.0,40.10,4.8867,0.756,11.1,1,,,0.01522,0.0000,0.0000,0.0000,0.0000,0.1522,0.0928,0.0338,SAFE,False,2,5,,,,,,
1771435998.336,0.0,39.87,4.8926,0.748,10.5,0,,,0.01679,0.0000,0.0000,0.0000,0.0000,0.1679,0.0738,0.0316,SAFE,False,2,5,,,,,,
1771435998.336,0.0,,,,,,,,,,,,,,,0.0316,SAFE,,1,,t672_0,0.39,NORMAL,LOCAL,SAFE: all tasks permitted (weight=0.39),
1771435998.336,0.0,40.40,4.8598,0.769,12.0,1,,,0.01684,0.0000,0.0000,0.0000,0.0000,0.1684,0.0993,0.0367,SAFE,False,1,6,,,,,,
1771435998.336,0.0,40.49,4.8417,0.760,11.4,1,,,0.01653,0.0000,0.0000,0.0376,0.0000,0.1653,0.0948,0.0404,SAFE,False,9,0,,,,,,window_reset|B=9
1771435998.336,0.0,40.65,4.8703,0.751,10.8,0,,,0.01659,0.0000,0.0000,0.0000,0.0000,0.1659,0.0757,0.0317,SAFE,False,9,0,,,,,,
1771435998.337,0.0,40.28,4.8863,0.744,10.3,0,-36157.062,70.77766,0.01654,0.0000,0.0000,0.0000,0.0000,0.1654,0.0719,0.0309,SAFE,False,9,0,,,,,,
1771435998.337,0.0,40.77,4.8663,0.737,9.8,0,86052.486,-14.23043,0.01573,0.0000,1.0000,0.0000,1.0000,0.1573,0.0683,0.4794,WARNING,False,9,0,,,,,,
1771435998.337,0.0,40.21,4.8718,0.730,9.3,0,-41755.409,14.11941,0.01524,0.0000,0.0000,0.0000,0.0000,0.1524,0.0650,0.0282,SAFE,False,9,0,,,,,,
1771435998.337,0.0,,,,,,,,,,,,,,,0.0282,SAFE,,8,,t678_0,0.60,CRITICAL,LOCAL,SAFE: all tasks permitted (weight=0.60),
1771435998.337,0.0,40.07,4.8525,0.767,11.9,1,-2680.958,-55.44770,0.01589,0.0000,0.0000,0.0000,1.0000,0.1589,0.0983,0.2356,SAFE,False,8,1,,,,,,
1771435998.337,0.0,40.46,4.8949,0.758,11.3,1,57474.854,3.62557,0.01566,0.0000,1.0000,0.0000,0.0000,0.1566,0.0940,0.2844,WARNING,False,8,1,,,,,,
1771435998.337,0.0,39.95,4.8695,0.750,10.7,0,-43615.165,15.67719,0.01563,0.0000,0.0000,0.0000,0.0000,0.1563,0.0749,0.0306,SAFE,False,8,1,,,,,,
1771435998.337,0.0,39.89,4.9080,0.742,10.2,0,-58643.972,107.35669,0.01836,0.0000,0.0000,0.0000,0.0000,0.1836,0.0711,0.0326,SAFE,False,8,1,,,,,,
1771435998.337,0.0,40.96,4.8661,0.735,9.7,0,30677.581,-6.75607,0.01815,0.0000,1.0000,0.0000,1.0000,0.1815,0.0676,0.4817,WARNING,False,8,1,,,,,,
1771435998.337,0.0,40.58,4.8811,0.729,9.2,0,,,0.01739,0.0000,0.0000,0.0000,0.0000,0.1739,0.0644,0.0303,SAFE,False,8,1,,,,,,
1771435998.337,0.0,40.05,4.8775,0.723,8.8,0,,,0.01701,0.0000,0.0000,0.0000,0.0000,0.1701,0.0613,0.0293,SAFE,False,8,1,,,,,,
1771435998.337,0.0,39.69,4.8771,0.717,8.4,0,,,0.01399,0.0000,0.0000,0.0000,0.0000,0.1399,0.0585,0.0257,SAFE,False,8,1,,,,,,
1771435998.337,0.0,39.86,4.8836,0.712,8.0,0,,,0.01396,0.0000,0.0000,0.0000,0.0000,0.1396,0.0559,0.0251,SAFE,False,8,1,,,,,,
1771435998.337,0.0,,,,,,,,,,,,,,,0.0251,SAFE,,7,,t687_0,0.63,CRITICAL,LOCAL,SAFE: all tasks permitted (weight=0.63),
1771435998.337,0.0,39.80,4.8731,0.752,10.9,0,,,0.01377,0.0000,0.0000,0.0000,0.0000,0.1377,0.0762,0.0290,SAFE,False,7,2,,,,,,
1771435998.337,0.0,40.49,4.8746,0.745,10.3,0,,,0.01343,0.0000,0.0000,0.0000,0.0000,0.1343,0.0724,0.0279,SAFE,False,9,0,,,,,,window_reset|B=9
1771435998.337,0.0,40.39,4.8717,0.738,9.8,0,,,0.01343,0.0000,0.0000,0.0000,0.0000,0.1343,0.0688,0.0272,SAFE,False,9,0,,,,,,
1771435998.337,0.0,39.93,4.8768,0.731,9.3,0,,,0.01115,0.0000,0.0000,0.0000,0.0000,0.1115,0.0654,0.0242,SAFE,False,9,0,,,,,,
1771435998.337,0.0,,,,,,,,,,,,,,,0.0242,SAFE,,8,,t691_0,0.47,LOW,LOCAL,SAFE: all tasks permitted (weight=0.47),
1771435998.337,0.0,40.10,4.9061,0.759,11.3,1,,,0.01276,0.0000,0.0000,0.0000,0.0000,0.1276,0.0944,0.0316,SAFE,False,8,1,,,,,,
1771435998.337,0.0,,,,,,,,,,,,,,,0.0316,SAFE,,7,,t692_0,0.43,LOW,LOCAL,SAFE: all tasks permitted (weight=0.43),
1771435998.337,0.0,40.04,4.8704,0.782,13.0,1,,,0.01270,0.0000,0.0000,0.0000,0.0000,0.1270,0.1059,0.0339,SAFE,False,7,2,,,,,,
1771435998.337,0.0,39.80,4.8875,0.772,12.3,1,,,0.00996,0.0000,0.0000,0.0000,0.0000,0.0996,0.1010,0.0302,SAFE,False,7,2,,,,,,
1771435998.337,0.0,39.98,4.8532,0.763,11.6,1,,,0.01181,0.0000,0.0000,0.0000,0.0000,0.1181,0.0965,0.0311,SAFE,False,7,2,,,,,,
1771435998.337,0.0,,,,,,,,,,,,,,,0.0311,SAFE,,6,,t695_0,0.82,NORMAL,LOCAL,SAFE: all tasks permitted (weight=0.82),
1771435998.337,0.0,40.65,4.8197,0.814,15.3,1,,,0.01982,0.0000,0.0000,0.1377,0.0000,0.1982,0.1219,0.0621,SAFE,False,6,3,,,,,,
1771435998.337,0.0,40.18,4.8593,0.802,14.4,1,,,0.02008,0.0000,0.0000,0.0000,0.0000,0.2008,0.1159,0.0433,SAFE,False,6,3,,,,,,
1771435998.337,0.0,,,,,,,,,,,,,,,0.0433,SAFE,,5,,t697_0,0.78,NORMAL,LOCAL,SAFE: all tasks permitted (weight=0.78),
1771435998.337,0.0,40.70,4.8684,0.847,17.6,1,,,0.02001,0.0000,0.0000,0.0000,0.0000,0.2001,0.1385,0.0477,SAFE,False,5,4,,,,,,
1771435998.337,0.0,,,,,,,,,,,,,,,0.0477,SAFE,,4,,t698_0,0.23,NORMAL,LOCAL,SAFE: all tasks permitted (weight=0.23),
1771435998.337,0.0,,,,,,,,,,,,,,,0.0477,SAFE,,3,,t698_1,0.28,CRITICAL,LOCAL,SAFE: all tasks permitted (weight=0.28),
1771435998.337,0.0,40.92,4.8294,0.870,19.3,2,,,0.02247,0.0000,0.0000,0.0934,0.0000,0.2247,0.1649,0.0676,SAFE,False,3,6,,,,,,
1771435998.337,0.0,,,,,,,,,,,,,,,0.0676,SAFE,,2,,t699_0,0.72,LOW,LOCAL,SAFE: all tasks permitted (weight=0.72),
1771435998.337,0.0,40.82,4.8299,0.906,21.8,2,,,0.02440,0.0000,0.0000,0.0915,0.0000,0.2440,0.1829,0.0729,SAFE,False,2,7,,,,,,
1771435998.337,0.0,41.31,4.8254,0.887,20.5,2,,,0.02606,0.0000,0.0000,0.1119,0.0000,0.2606,0.1737,0.0753,SAFE,False,2,7,,,,,,
1771435998.337,0.0,40.51,4.8551,0.870,19.3,2,,,0.02574,0.0000,0.0000,0.0000,0.0000,0.2574,0.1651,0.0588,SAFE,False,2,7,,,,,,
1771435998.337,0.0,,,,,,,,,,,,,,,0.0588,SAFE,,1,,t702_0,0.41,HIGH,LOCAL,SAFE: all tasks permitted (weight=0.41),
1771435998.337,0.0,41.11,4.8331,0.884,20.3,2,,,0.02574,0.0000,0.0000,0.0770,0.0000,0.2574,0.1719,0.0701,SAFE,False,1,8,,,,,,
1771435998.337,0.0,40.94,4.8559,0.867,19.1,2,,,0.02029,0.0000,0.0000,0.0000,0.0000,0.2029,0.1634,0.0530,SAFE,False,9,0,,,,,,window_reset|B=9
1771435998.337,0.0,41.05,4.8326,0.851,17.9,1,,,0.01963,0.0000,0.0000,0.0792,0.0000,0.1963,0.1406,0.0581,SAFE,False,9,0,,,,,,
1771435998.337,0.0,41.75,4.8496,0.837,16.9,1,,,0.01523,0.0000,0.0000,0.0019,0.0000,0.1523,0.1333,0.0421,SAFE,False,9,0,,,,,,
1771435998.337,0.0,,,,,,,,,,,,,,,0.0421,SAFE,,8,,t706_0,0.55,NORMAL,LOCAL,SAFE: all tasks permitted (weight=0.55),
1771435998.337,0.0,41.23,4.8389,0.863,18.8,1,,,0.01491,0.0000,0.0000,0.0504,0.0000,0.1491,0.1464,0.0507,SAFE,False,8,1,,,,,,
1771435998.337,0.0,42.08,4.8488,0.847,17.7,1,,,0.01348,0.0000,0.0000,0.0055,0.0000,0.1348,0.1387,0.0419,SAFE,False,8,1,,,,,,
1771435998.337,0.0,41.82,4.8178,0.833,16.6,1,,,0.01438,0.0000,0.0000,0.1465,0.0000,0.1438,0.1315,0.0597,SAFE,False,8,1,,,,,,
1771435998.337,0.0,41.77,4.8584,0.820,15.7,1,,,0.01296,0.0000,0.0000,0.0000,0.0000,0.1296,0.1248,0.0379,SAFE,False,8,1,,,,,,
1771435998.337,0.0,,,,,,,,,,,,,,,0.0379,SAFE,,7,,t710_0,0.64,HIGH,LOCAL,SAFE: all tasks permitted (weight=0.64),
1771435998.337,0.0,41.15,4.8392,0.854,18.1,1,,,0.01260,0.0000,0.0000,0.0490,0.0000,0.1260,0.1420,0.0474,SAFE,False,7,2,,,,,,
1771435998.338,0.0,41.52,4.8573,0.839,17.1,1,35265.074,1.38637,0.01297,0.0000,1.0000,0.0000,0.0000,0.1297,0.1345,0.2899,WARNING,False,7,2,,,,,,
1771435998.338,0.0,40.95,4.8337,0.825,16.1,1,-5824.680,1.12554,0.01223,0.0000,0.0000,0.0741,0.0000,0.1223,0.1276,0.0474,SAFE,False,7,2,,,,,,
1771435998.338,0.0,41.58,4.8286,0.812,15.2,1,-10210.453,-21.00276,0.01231,0.0000,0.0000,0.0974,1.0000,0.1231,0.1212,0.2492,SAFE,False,7,2,,,,,,
1771435998.338,0.0,42.15,4.8394,0.801,14.3,1,55140.580,0.45922,0.01208,0.0000,1.0000,0.0483,0.0000,0.1208,0.1153,0.2914,WARNING,False,7,2,,,,,,
1771435998.338,0.0,,,,,,,,,,,,,,,0.2914,WARNING,,7,,t715_0,0.50,HIGH,OFFLOAD,WARNING: heavy task offloaded (weight=0.50 >= 0.3),
1771435998.338,0.0,41.55,4.8758,0.789,13.5,1,-31908.954,27.00727,0.01494,0.0000,0.0000,0.0000,0.0000,0.1494,0.1097,0.0369,SAFE,False,7,2,,,,,,
1771435998.338,0.0,42.00,4.8670,0.779,12.8,1,10838.597,49.23837,0.01588,0.0000,1.0000,0.0000,0.0000,0.1588,0.1045,0.2868,WARNING,False,7,2,,,,,,
1771435998.338,0.0,41.31,4.8795,0.770,12.1,1,-27428.627,21.01200,0.01836,0.0000,0.0000,0.0000,0.0000,0.1836,0.0998,0.0383,SAFE,False,7,2,,,,,,
1771435998.338,0.0,41.84,4.8669,0.761,11.5,1,41234.309,27.71100,0.01874,0.0000,1.0000,0.0000,0.0000,0.1874,0.0953,0.2878,WARNING,False,7,0,,,,,,window_reset|B=7
1771435998.338,0.0,,,,,,,,,,,,,,,0.2878,WARNING,,7,,t719_0,0.39,NORMAL,OFFLOAD,WARNING: heavy task offloaded (weight=0.39 >= 0.3),
1771435998.338,0.0,41.92,4.8768,0.752,10.9,0,,,0.02002,0.0000,0.0000,0.0000,0.0000,0.2002,0.0761,0.0352,SAFE,False,7,0,,,,,,
1771435998.338,0.0,,,,,,,,,,,,,,,0.0352,SAFE,,6,,t720_0,0.26,NORMAL,LOCAL,SAFE: all tasks permitted (weight=0.26),
1771435998.338,0.0,41.95,4.8604,0.763,11.7,1,,,0.01693,0.0000,0.0000,0.0000,0.0000,0.1693,0.0966,0.0363,SAFE,False,6,1,,,,,,
1771435998.338,0.0,,,,,,,,,,,,,,,0.0363,SAFE,,5,,t721_0,0.59,LOW,LOCAL,SAFE: all tasks permitted (weight=0.59),
1771435998.338,0.0,42.31,4.8761,0.798,14.2,1,,,0.01774,0.0000,0.0000,0.0000,0.0000,0.1774,0.1141,0.0406,SAFE,False,5,2,,,,,,
1771435998.338,0.0,,,,,,,,,,,,,,,0.0406,SAFE,,4,,t722_0,0.46,LOW,LOCAL,SAFE: all tasks permitted (weight=0.46),
1771435998.338,0.0,41.67,4.8526,0.821,15.8,1,,,0.01690,0.0000,0.0000,0.0000,0.0000,0.1690,0.1254,0.0420,SAFE,False,4,3,,,,,,
1771435998.338,0.0,41.46,4.8933,0.808,14.9,1,,,0.01927,0.0000,0.0000,0.0000,0.0000,0.1927,0.1192,0.0431,SAFE,False,4,3,,,,,,
1771435998.338,0.0,41.77,4.8377,0.797,14.1,1,,,0.01879,0.0000,0.0000,0.0557,0.0000,0.1879,0.1134,0.0487,SAFE,False,4,3,,,,,,
1771435998.338,0.0,41.92,4.8679,0.786,13.3,1,,,0.01571,0.0000,0.0000,0.0000,0.0000,0.1571,0.1079,0.0373,SAFE,False,4,3,,,,,,
1771435998.338,0.0,,,,,,,,,,,,,,,0.0373,SAFE,,3,,t726_0,0.39,CRITICAL,LOCAL,SAFE: all tasks permitted (weight=0.39),
1771435998.338,0.0,41.93,4.8458,0.804,14.6,1,,,0.01488,0.0000,0.0000,0.0191,0.0000,0.1488,0.1172,0.0408,SAFE,False,3,4,,,,,,
1771435998.338,0.0,,,,,,,,,,,,,,,0.0408,SAFE,,2,,t727_0,0.39,NORMAL,LOCAL,SAFE: all tasks permitted (weight=0.39),
1771435998.338,0.0,41.57,4.8759,0.822,15.9,1,,,0.01488,0.0000,0.0000,0.0000,0.0000,0.1488,0.1260,0.0401,SAFE,False,2,5,,,,,,
1771435998.338,0.0,,,,,,,,,,,,,,,0.0401,SAFE,,1,,t728_0,0.66,CRITICAL,LOCAL,SAFE: all tasks permitted (weight=0.66),
1771435998.338,0.0,42.37,4.8413,0.858,18.4,1,,,0.01644,0.0000,0.0000,0.0394,0.0000,0.1644,0.1440,0.0504,SAFE,False,1,6,,,,,,
1771435998.338,0.0,42.04,4.8462,0.843,17.4,1,,,0.01650,0.0000,0.0000,0.0174,0.0000,0.1650,0.1365,0.0461,SAFE,False,1,6,,,,,,
1771435998.338,0.0,42.12,4.8391,0.829,16.3,1,,,0.01753,0.0000,0.0000,0.0494,0.0000,0.1753,0.1294,0.0498,SAFE,False,1,6,,,,,,
1771435998.338,0.0,42.29,4.8506,0.816,15.4,1,,,0.01684,0.0000,0.0000,0.0000,0.0000,0.1684,0.1229,0.0414,SAFE,False,1,6,,,,,,
1771435998.338,0.0,,,,,,,,,,,,,,,0.0414,SAFE,,0,,t732_0,0.26,NORMAL,LOCAL,SAFE: all tasks permitted (weight=0.26),
1771435998.338,0.0,42.26,4.8555,0.823,15.9,1,,,0.01682,0.0000,0.0000,0.0000,0.0000,0.1682,0.1263,0.0421,SAFE,False,0,7,,,,,,
1771435998.338,0.0,41.76,4.8578,0.810,15.0,1,,,0.01581,0.0000,0.0000,0.0000,0.0000,0.1581,0.1200,0.0398,SAFE,False,9,0,,,,,,window_reset|B=9
1771435998.338,0.0,,,,,,,,,,,,,,,0.0398,SAFE,,8,,t734_0,0.21,LOW,LOCAL,SAFE: all tasks permitted (weight=0.21),
1771435998.338,0.0,41.65,4.8656,0.813,15.2,1,,,0.01603,0.0000,0.0000,0.0000,0.0000,0.1603,0.1217,0.0404,SAFE,False,8,1,,,,,,
1771435998.338,0.0,42.42,4.8705,0.801,14.4,1,,,0.01252,0.0000,0.0000,0.0000,0.0000,0.1252,0.1157,0.0357,SAFE,False,8,1,,,,,,
1771435998.338,0.0,42.03,4.8570,0.790,13.6,1,,,0.01145,0.0000,0.0000,0.0000,0.0000,0.1145,0.1102,0.0335,SAFE,False,8,1,,,,,,
1771435998.338,0.0,41.93,4.8455,0.780,12.9,1,,,0.01121,0.0000,0.0000,0.0206,0.0000,0.1121,0.1050,0.0349,SAFE,False,8,1,,,,,,
1771435998.338,0.0,,,,,,,,,,,,,,,0.0349,SAFE,,7,,t738_0,0.39,NORMAL,LOCAL,SAFE: all tasks permitted (weight=0.39),
1771435998.338,0.0,41.98,4.8666,0.799,14.2,1,,,0.01138,0.0000,0.0000,0.0000,0.0000,0.1138,0.1145,0.0343,SAFE,False,7,2,,,,,,
1771435998.338,0.0,,,,,,,,,,,,,,,0.0343,SAFE,,6,,t739_0,0.34,CRITICAL,LOCAL,SAFE: all tasks permitted (weight=0.34),
1771435998.338,0.0,,,,,,,,,,,,,,,0.0343,SAFE,,5,,t739_1,0.51,NORMAL,LOCAL,SAFE: all tasks permitted (weight=0.51),
1771435998.338,0.0,41.99,4.8593,0.851,17.9,1,,,0.00975,0.0000,0.0000,0.0000,0.0000,0.0975,0.1404,0.0378,SAFE,False,5,4,,,,,,
1771435998.338,0.0,42.27,4.8569,0.836,16.9,1,,,0.00890,0.0000,0.0000,0.0000,0.0000,0.0890,0.1331,0.0355,SAFE,False,5,4,,,,,,
1771435998.338,0.0,41.87,4.8479,0.823,15.9,1,,,0.00875,0.0000,0.0000,0.0093,0.0000,0.0875,0.1263,0.0352,SAFE,False,5,4,,,,,,
1771435998.338,0.0,42.09,4.8622,0.810,15.0,1,,,0.00724,0.0000,0.0000,0.0000,0.0000,0.0724,0.1199,0.0312,SAFE,False,5,4,,,,,,
1771435998.338,0.0,42.03,4.8739,0.798,14.2,1,,,0.00808,0.0000,0.0000,0.0000,0.0000,0.0808,0.1141,0.0309,SAFE,False,5,4,,,,,,
1771435998.338,0.0,42.06,4.8681,0.787,13.4,1,,,0.00826,0.0000,0.0000,0.0000,0.0000,0.0826,0.1086,0.0300,SAFE,False,5,4,,,,,,
1771435998.338,0.0,42.82,4.8440,0.777,12.6,1,,,0.00949,0.0000,0.0000,0.0272,0.0000,0.0949,0.1035,0.0337,SAFE,False,5,4,,,,,,
1771435998.339,0.0,42.24,4.8818,0.768,12.0,1,15353.926,15.15913,0.01120,0.0000,1.0000,0.0000,0.0000,0.1120,0.0988,0.2810,WARNING,False,5,4,,,,,,
1771435998.339,0.0,,,,,,,,,,,,,,,0.2810,WARNING,,5,,t747_0,0.63,HIGH,OFFLOAD,WARNING: heavy task offloaded (weight=0.63 >= 0.3),
1771435998.339,0.0,41.94,4.8885,0.759,11.3,1,-3215.412,29.24823,0.01336,0.0000,0.0000,0.0000,0.0000,0.1336,0.0944,0.0322,SAFE,False,5,4,,,,,,
1771435998.339,0.0,41.71,4.8810,0.751,10.8,0,-33177.019,24.19848,0.01414,0.0000,0.0000,0.0000,0.0000,0.1414,0.0753,0.0292,SAFE,False,9,0,,,,,,window_reset|B=9
1771435998.339,0.0,42.15,4.8822,0.743,10.2,0,16545.052,34.26743,0.01363,0.0000,1.0000,0.0000,0.0000,0.1363,0.0715,0.2779,WARNING,False,9,0,,,,,,
1771435998.339,0.0,41.60,4.8659,0.736,9.7,0,-29594.512,3.67498,0.01363,0.0000,0.0000,0.0000,0.0000,0.1363,0.0680,0.0272,SAFE,False,9,0,,,,,,
1771435998.339,0.0,42.01,4.8883,0.729,9.2,0,-1213.887,14.43096,0.01448,0.0000,0.0000,0.0000,0.0000,0.1448,0.0647,0.0274,SAFE,False,9,0,,,,,,
1771435998.339,0.0,41.54,4.8999,0.723,8.8,0,-31326.475,31.81589,0.01602,0.0000,0.0000,0.0000,0.0000,0.1602,0.0616,0.0283,SAFE,False,9,0,,,,,,
1771435998.339,0.0,,,,,,,,,,,,,,,0.0283,SAFE,,8,,t753_0,0.61,CRITICAL,LOCAL,SAFE: all tasks permitted (weight=0.61),
1771435998.339,0.0,41.58,4.8832,0.763,11.6,1,-73931.283,39.21680,0.01416,0.0000,0.0000,0.0000,0.0000,0.1416,0.0964,0.0334,SAFE,False,8,1,,,,,,
1771435998.339,0.0,42.19,4.8438,0.754,11.0,1,,,0.01644,0.0000,0.0000,0.0280,0.0000,0.1644,0.0922,0.0385,SAFE,False,8,1,,,,,,
1771435998.339,0.0,,,,,,,,,,,,,,,0.0385,SAFE,,7,,t755_0,0.57,HIGH,LOCAL,SAFE: all tasks permitted (weight=0.57),
1771435998.339,0.0,41.37,4.8959,0.788,13.4,1,,,0.01741,0.0000,0.0000,0.0000,0.0000,0.1741,0.1091,0.0392,SAFE,False,7,2,,,,,,
1771435998.339,0.0,41.37,4.9023,0.778,12.7,1,,,0.01850,0.0000,0.0000,0.0000,0.0000,0.1850,0.1040,0.0393,SAFE,False,7,2,,,,,,
1771435998.339,0.0,41.53,4.8918,0.769,12.0,1,,,0.01523,0.0000,0.0000,0.0000,0.0000,0.1523,0.0993,0.0351,SAFE,False,7,2,,,,,,
1771435998.339,0.0,,,,,,,,,,,,,,,0.0351,SAFE,,6,,t758_0,0.53,LOW,LOCAL,SAFE: all tasks permitted (weight=0.53),
1771435998.339,0.0,41.46,4.8558,0.799,14.2,1,,,0.01709,0.0000,0.0000,0.0000,0.0000,0.1709,0.1144,0.0400,SAFE,False,6,3,,,,,,
1771435998.339,0.0,,,,,,,,,,,,,,,0.0400,SAFE,,5,,t759_0,0.51,LOW,LOCAL,SAFE: all tasks permitted (weight=0.51),
1771435998.339,0.0,41.83,4.8382,0.826,16.1,1,,,0.02067,0.0000,0.0000,0.0537,0.0000,0.2067,0.1278,0.0532,SAFE,False,5,4,,,,,,
1771435998.339,0.0,,,,,,,,,,,,,,,0.0532,SAFE,,4,,t760_0,0.34,CRITICAL,LOCAL,SAFE: all tasks permitted (weight=0.34),
1771435998.339,0.0,41.39,4.8402,0.838,17.0,1,,,0.02301,0.0000,0.0000,0.0446,0.0000,0.2301,0.1339,0.0556,SAFE,False,4,5,,,,,,
1771435998.339,0.0,41.64,4.8347,0.824,16.0,1,,,0.02524,0.0000,0.0000,0.0698,0.0000,0.2524,0.1271,0.0597,SAFE,False,4,5,,,,,,
1771435998.339,0.0,41.36,4.8619,0.811,15.1,1,,,0.02532,0.0000,0.0000,0.0000,0.0000,0.2532,0.1207,0.0495,SAFE,False,4,5,,,,,,
1771435998.339,0.0,41.71,4.8827,0.800,14.3,1,,,0.02502,0.0000,0.0000,0.0000,0.0000,0.2502,0.1148,0.0480,SAFE,False,9,0,,,,,,window_reset|B=9
1771435998.339,0.0,41.91,4.8491,0.789,13.5,1,,,0.02373,0.0000,0.0000,0.0041,0.0000,0.2373,0.1093,0.0461,SAFE,False,9,0,,,,,,
1771435998.339,0.0,41.66,4.8580,0.778,12.7,1,,,0.02313,0.0000,0.0000,0.0000,0.0000,0.2313,0.1041,0.0440,SAFE,False,9,0,,,,,,
1771435998.339,0.0,41.67,4.8440,0.769,12.1,1,,,0.02312,0.0000,0.0000,0.0273,0.0000,0.2312,0.0994,0.0465,SAFE,False,9,0,,,,,,
1771435998.339,0.0,,,,,,,,,,,,,,,0.0465,SAFE,,8,,t767_0,0.40,LOW,LOCAL,SAFE: all tasks permitted (weight=0.40),
1771435998.339,0.0,42.13,4.8618,0.789,13.5,1,,,0.02087,0.0000,0.0000,0.0000,0.0000,0.2087,0.1097,0.0428,SAFE,False,8,1,,,,,,
1771435998.339,0.0,41.10,4.8648,0.779,12.8,1,,,0.01671,0.0000,0.0000,0.0000,0.0000,0.1671,0.1045,0.0376,SAFE,False,8,1,,,,,,
1771435998.339,0.0,41.24,4.8621,0.769,12.1,1,,,0.01318,0.0000,0.0000,0.0000,0.0000,0.1318,0.0997,0.0331,SAFE,False,8,1,,,,,,
1771435998.339,0.0,,,,,,,,,,,,,,,0.0331,SAFE,,7,,t770_0,0.67,LOW,LOCAL,SAFE: all tasks permitted (weight=0.67),
1771435998.339,0.0,42.07,4.8454,0.810,15.0,1,,,0.01340,0.0000,0.0000,0.0208,0.0000,0.1340,0.1201,0.0401,SAFE,False,7,2,,,,,,
1771435998.339,0.0,42.23,4.8734,0.798,14.2,1,,,0.01356,0.0000,0.0000,0.0000,0.0000,0.1356,0.1142,0.0364,SAFE,False,7,2,,,,,,
1771435998.339,0.0,,,,,,,,,,,,,,,0.0364,SAFE,,6,,t772_0,0.70,LOW,LOCAL,SAFE: all tasks permitted (weight=0.70),
1771435998.339,0.0,41.57,4.8667,0.839,17.1,1,,,0.01286,0.0000,0.0000,0.0000,0.0000,0.1286,0.1347,0.0398,SAFE,False,6,3,,,,,,
1771435998.339,0.0,42.32,4.8502,0.826,16.1,1,,,0.01102,0.0000,0.0000,0.0000,0.0000,0.1102,0.1278,0.0366,SAFE,False,6,3,,,,,,
1771435998.339,0.0,41.91,4.8162,0.813,15.2,1,,,0.01633,0.0000,0.0000,0.1536,0.0000,0.1633,0.1213,0.0606,SAFE,False,6,3,,,,,,
1771435998.339,0.0,42.14,4.8598,0.801,14.3,1,,,0.01434,0.0000,0.0000,0.0000,0.0000,0.1434,0.1154,0.0374,SAFE,False,6,3,,,,,,
1771435998.339,0.0,41.51,4.8607,0.790,13.5,1,,,0.01435,0.0000,0.0000,0.0000,0.0000,0.1435,0.1098,0.0363,SAFE,False,6,3,,,,,,
1771435998.339,0.0,41.60,4.8710,0.779,12.8,1,,,0.01500,0.0000,0.0000,0.0000,0.0000,0.1500,0.1046,0.0359,SAFE,False,6,3,,,,,,
1771435998.339,0.0,,,,,,,,,,,,,,,0.0359,SAFE,,5,,t778_0,0.58,HIGH,LOCAL,SAFE: all tasks permitted (weight=0.58),
1771435998.339,0.0,41.61,4.8469,0.813,15.2,1,,,0.01482,0.0000,0.0000,0.0141,0.0000,0.1482,0.1213,0.0409,SAFE,False,9,0,,,,,,window_reset|B=9
1771435998.339,0.0,42.05,4.8606,0.801,14.3,1,,,0.01479,0.0000,0.0000,0.0000,0.0000,0.1479,0.1154,0.0379,SAFE,False,9,0,,,,,,
1771435998.339,0.0,42.06,4.8613,0.790,13.5,1,,,0.01465,0.0000,0.0000,0.0000,0.0000,0.1465,0.1098,0.0366,SAFE,False,9,0,,,,,,
1771435998.339,0.0,42.06,4.8761,0.779,12.8,1,,,0.01560,0.0000,0.0000,0.0000,0.0000,0.1560,0.1046,0.0365,SAFE,False,9,0,,,,,,
1771435998.339,0.0,41.96,4.8854,0.770,12.1,1,,,0.01691,0.0000,0.0000,0.0000,0.0000,0.1691,0.0998,0.0369,SAFE,False,9,0,,,,,,
1771435998.339,0.0,,,,,,,,,,,,,,,0.0369,SAFE,,8,,t783_0,0.34,LOW,LOCAL,SAFE: all tasks permitted (weight=0.34),
1771435998.339,0.0,41.43,4.8734,0.786,13.3,1,,,0.01691,0.0000,0.0000,0.0000,0.0000,0.1691,0.1079,0.0385,SAFE,False,8,1,,,,,,
1771435998.340,0.0,41.68,4.8929,0.776,12.6,1,9887.349,31.59608,0.01910,0.0000,1.0000,0.0000,0.0000,0.1910,0.1029,0.2897,WARNING,False,8,1,,,,,,
1771435998.340,0.0,,,,,,,,,,,,,,,0.2897,WARNING,,8,,t785_0,0.35,NORMAL,OFFLOAD,WARNING: heavy task offloaded (weight=0.35 >= 0.3),
1771435998.340,0.0,42.07,4.8534,0.766,11.9,1,27538.679,-17.32919,0.01894,0.0000,1.0000,0.0000,1.0000,0.1894,0.0982,0.4886,WARNING,False,8,1,,,,,,
1771435998.340,0.0,42.22,4.9080,0.758,11.3,1,36395.490,59.92383,0.01685,0.0000,1.0000,0.0000,0.0000,0.1685,0.0938,0.2856,WARNING,False,8,1,,,,,,
1771435998.340,0.0,41.82,4.8832,0.750,10.7,0,-13743.688,22.18079,0.01682,0.0000,0.0000,0.0000,0.0000,0.1682,0.0748,0.0318,SAFE,False,8,1,,,,,,
1771435998.340,0.0,,,,,,,,,,,,,,,0.0318,SAFE,,7,,t788_0,0.84,NORMAL,LOCAL,SAFE: all tasks permitted (weight=0.84),
1771435998.340,0.0,,,,,,,,,,,,,,,0.0318,SAFE,,6,,t788_1,0.74,HIGH,LOCAL,SAFE: all tasks permitted (weight=0.74),
1771435998.340,0.0,42.03,4.8396,0.860,18.6,1,-1657.961,-21.29814,0.01896,0.0000,0.0000,0.0473,1.0000,0.1896,0.1452,0.2541,WARNING,False,6,3,,,,,,
1771435998.340,0.0,,,,,,,,,,,,,,,0.2541,WARNING,,6,,t789_0,0.76,LOW,OFFLOAD,WARNING: heavy task offloaded (weight=0.76 >= 0.3),
1771435998.340,0.0,42.05,4.8672,0.845,17.5,1,-707.748,-8.72265,0.01899,0.0000,0.0000,0.0000,1.0000,0.1899,0.1376,0.2465,WARNING,False,6,3,,,,,,
1771435998.340,0.0,,,,,,,,,,,,,,,0.2465,WARNING,,6,,t790_0,0.45,NORMAL,OFFLOAD,WARNING: heavy task offloaded (weight=0.45 >= 0.3),
1771435998.340,0.0,42.32,4.8550,0.831,16.5,1,21230.760,-29.89104,0.01826,0.0000,1.0000,0.0000,1.0000,0.1826,0.1305,0.4944,WARNING,False,6,3,,,,,,
1771435998.340,0.0,41.69,4.8463,0.818,15.5,1,15207.787,-26.55793,0.01936,0.0000,1.0000,0.0168,1.0000,0.1936,0.1238,0.4963,WARNING,False,6,3,,,,,,
1771435998.340,0.0,42.09,4.8826,0.805,14.7,1,,,0.01945,0.0000,0.0000,0.0000,0.0000,0.1945,0.1177,0.0430,SAFE,False,6,3,,,,,,
1771435998.340,0.0,,,,,,,,,,,,,,,0.0430,SAFE,,5,,t793_0,0.82,LOW,LOCAL,SAFE: all tasks permitted (weight=0.82),
1771435998.340,0.0,42.15,4.8469,0.855,18.2,1,,,0.02056,0.0000,0.0000,0.0139,0.0000,0.2056,0.1427,0.0509,SAFE,False,9,0,,,,,,window_reset|B=9
1771435998.340,0.0,42.17,4.8608,0.841,17.2,1,,,0.02009,0.0000,0.0000,0.0000,0.0000,0.2009,0.1353,0.0471,SAFE,False,9,0,,,,,,
1771435998.340,0.0,42.05,4.8832,0.827,16.2,1,,,0.02051,0.0000,0.0000,0.0000,0.0000,0.2051,0.1283,0.0462,SAFE,False,9,0,,,,,,
1771435998.340,0.0,41.85,4.8405,0.814,15.3,1,,,0.02038,0.0000,0.0000,0.0432,0.0000,0.2038,0.1218,0.0504,SAFE,False,9,0,,,,,,
1771435998.340,0.0,41.88,4.8519,0.802,14.4,1,,,0.02045,0.0000,0.0000,0.0000,0.0000,0.2045,0.1158,0.0436,SAFE,False,9,0,,,,,,
1771435998.340,0.0,,,,,,,,,,,,,,,0.0436,SAFE,,8,,t798_0,0.22,NORMAL,LOCAL,SAFE: all tasks permitted (weight=0.22),
1771435998.340,0.0,41.72,4.8389,0.807,14.8,1,,,0.01654,0.0000,0.0000,0.0504,0.0000,0.1654,0.1186,0.0468,SAFE,False,8,1,,,,,,
1771435998.340,0.0,42.00,4.8808,0.796,14.0,1,,,0.01624,0.0000,0.0000,0.0000,0.0000,0.1624,0.1128,0.0388,SAFE,False,8,1,,,,,,
1771435998.340,0.0,,,,,,,,,,,,,,,0.0388,SAFE,,7,,t800_0,0.56,NORMAL,LOCAL,SAFE: all tasks permitted (weight=0.56),
1771435998.340,0.0,42.25,4.8582,0.827,16.2,1,,,0.01529,0.0000,0.0000,0.0000,0.0000,0.1529,0.1286,0.0410,SAFE,False,7,2,,,,,,
1771435998.340,0.0,,,,,,,,,,,,,,,0.0410,SAFE,,6,,t801_0,0.70,NORMAL,LOCAL,SAFE: all tasks permitted (weight=0.70),
1771435998.340,0.0,42.41,4.8632,0.866,19.0,2,,,0.01516,0.0000,0.0000,0.0000,0.0000,0.1516,0.1632,0.0478,SAFE,False,6,3,,,,,,
1771435998.340,0.0,,,,,,,,,,,,,,,0.0478,SAFE,,5,,t802_0,0.49,CRITICAL,LOCAL,SAFE: all tasks permitted (weight=0.49),
1771435998.340,0.0,42.17,4.8387,0.888,20.6,2,,,0.01616,0.0000,0.0000,0.0515,0.0000,0.1616,0.1739,0.0576,SAFE,False,5,4,,,,,,
1771435998.340,0.0,42.55,4.8602,0.871,19.3,2,,,0.01580,0.0000,0.0000,0.0000,0.0000,0.1580,0.1653,0.0489,SAFE,False,5,4,,,,,,
1771435998.340,0.0,41.65,4.7894,0.855,18.2,1,,,0.02331,0.0000,0.0000,0.2754,0.0000,0.2331,0.1423,0.0876,SAFE,False,5,4,,,,,,
1771435998.340,0.0,,,,,,,,,,,,,,,0.0876,SAFE,,4,,t805_0,0.36,HIGH,LOCAL,SAFE: all tasks permitted (weight=0.36),
1771435998.340,0.0,42.33,4.8397,0.866,19.0,2,,,0.02350,0.0000,0.0000,0.0468,0.0000,0.2350,0.1632,0.0622,SAFE,False,4,5,,,,,,
1771435998.340,0.0,42.45,4.8463,0.851,17.9,1,,,0.02331,0.0000,0.0000,0.0169,0.0000,0.2331,0.1404,0.0536,SAFE,False,4,5,,,,,,
1771435998.340,0.0,,,,,,,,,,,,,,,0.0536,SAFE,,3,,t807_0,0.68,NORMAL,LOCAL,SAFE: all tasks permitted (weight=0.68),
1771435998.340,0.0,42.78,4.8345,0.888,20.5,2,,,0.02120,0.0000,0.0000,0.0704,0.0000,0.2120,0.1738,0.0651,SAFE,False,3,6,,,,,,
1771435998.340,0.0,43.03,4.8345,0.870,19.3,2,,,0.02137,0.0000,0.0000,0.0707,0.0000,0.2137,0.1652,0.0636,SAFE,False,9,0,,,,,,window_reset|B=9
1771435998.340,0.0,42.60,4.8283,0.854,18.2,1,,,0.02171,0.0000,0.0000,0.0988,0.0000,0.2171,0.1422,0.0630,SAFE,False,9,0,,,,,,
1771435998.340,0.0,,,,,,,,,,,,,,,0.0630,SAFE,,8,,t810_0,0.62,LOW,LOCAL,SAFE: all tasks permitted (weight=0.62),
1771435998.340,0.0,42.68,4.8345,0.886,20.4,2,,,0.02180,0.0000,0.0000,0.0704,0.0000,0.2180,0.1731,0.0656,SAFE,False,8,1,,,,,,
1771435998.340,0.0,42.87,4.8256,0.869,19.2,2,,,0.01883,0.0000,0.0000,0.1107,0.0000,0.1883,0.1646,0.0661,SAFE,False,8,1,,,,,,
1771435998.340,0.0,,,,,,,,,,,,,,,0.0661,SAFE,,7,,t812_0,0.48,CRITICAL,LOCAL,SAFE: all tasks permitted (weight=0.48),
1771435998.340,0.0,42.75,4.8307,0.889,20.7,2,,,0.01785,0.0000,0.0000,0.0879,0.0000,0.1785,0.1747,0.0642,SAFE,False,7,2,,,,,,
1771435998.340,0.0,42.96,4.8104,0.872,19.4,2,,,0.01695,0.0000,0.0000,0.1802,0.0000,0.1695,0.1661,0.0736,SAFE,False,7,2,,,,,,
1771435998.341,0.0,43.13,4.8478,0.856,18.3,1,41826.865,1.49442,0.01747,0.0000,1.0000,0.0102,0.0000,0.1747,0.1430,0.2974,WARNING,False,7,2,,,,,,
1771435998.341,0.0,43.16,4.8341,0.841,17.2,1,23135.214,-0.40978,0.01529,0.0000,1.0000,0.0722,0.8196,0.1529,0.1355,0.4657,WARNING,False,7,2,,,,,,
1771435998.341,0.0,43.50,4.8580,0.827,16.2,1,28701.625,23.95195,0.01154,0.0000,1.0000,0.0000,0.0000,0.1154,0.1286,0.2873,WARNING,False,7,2,,,,,,
1771435998.341,0.0,43.17,4.8553,0.814,15.3,1,34487.658,27.58196,0.01278,0.0000,1.0000,0.0000,0.0000,0.1278,0.1221,0.2872,WARNING,False,7,2,,,,,,
1771435998.341,0.0,43.00,4.8465,0.802,14.4,1,20061.840,12.25108,0.01279,0.0000,1.0000,0.0158,0.0000,0.1279,0.1161,0.2881,WARNING,False,7,2,,,,,,
1771435998.341,0.0,42.70,4.8667,0.791,13.6,1,-10365.616,41.88206,0.01521,0.0000,0.0000,0.0000,0.0000,0.1521,0.1105,0.0373,SAFE,False,7,2,,,,,,
1771435998.341,0.0,,,,,,,,,,,,,,,0.0373,SAFE,,6,,t820_0,0.82,LOW,LOCAL,SAFE: all tasks permitted (weight=0.82),
1771435998.341,0.0,42.10,4.8666,0.842,17.3,1,-40015.343,36.58789,0.01685,0.0000,0.0000,0.0000,0.0000,0.1685,0.1362,0.0441,SAFE,False,6,3,,,,,,
1771435998.341,0.0,43.04,4.8802,0.828,16.3,1,4789.472,71.12466,0.01925,0.0000,1.0000,0.0000,0.0000,0.1925,0.1292,0.2951,WARNING,False,6,3,,,,,,
1771435998.341,0.0,42.70,4.8754,0.815,15.4,1,,,0.02043,0.0000,0.0000,0.0000,0.0000,0.2043,0.1227,0.0450,SAFE,False,6,3,,,,,,
1771435998.341,0.0,43.04,4.8665,0.803,14.5,1,,,0.01951,0.0000,0.0000,0.0000,0.0000,0.1951,0.1166,0.0428,SAFE,False,9,0,,,,,,window_reset|B=9
1771435998.341,0.0,,,,,,,,,,,,,,,0.0428,SAFE,,8,,t824_0,0.70,LOW,LOCAL,SAFE: all tasks permitted (weight=0.70),
1771435998.341,0.0,43.01,4.8523,0.845,17.5,1,,,0.01831,0.0000,0.0000,0.0000,0.0000,0.1831,0.1374,0.0458,SAFE,False,8,1,,,,,,
1771435998.341,0.0,42.92,4.8700,0.831,16.5,1,,,0.01278,0.0000,0.0000,0.0000,0.0000,0.1278,0.1303,0.0388,SAFE,False,8,1,,,,,,
1771435998.341,0.0,42.91,4.8428,0.817,15.5,1,,,0.01324,0.0000,0.0000,0.0326,0.0000,0.1324,0.1237,0.0422,SAFE,False,8,1,,,,,,
1771435998.341,0.0,43.51,4.8237,0.805,14.6,1,,,0.01509,0.0000,0.0000,0.1196,0.0000,0.1509,0.1175,0.0541,SAFE,False,8,1,,,,,,
1771435998.341,0.0,,,,,,,,,,,,,,,0.0541,SAFE,,7,,t828_0,0.28,CRITICAL,LOCAL,SAFE: all tasks permitted (weight=0.28),
1771435998.341,0.0,43.59,4.8772,0.815,15.4,1,,,0.01593,0.0000,0.0000,0.0000,0.0000,0.1593,0.1225,0.0404,SAFE,False,7,2,,,,,,
1771435998.341,0.0,43.75,4.8362,0.803,14.5,1,,,0.01724,0.0000,0.0000,0.0625,0.0000,0.1724,0.1165,0.0487,SAFE,False,7,2,,,,,,
1771435998.341,0.0,43.32,4.8836,0.792,13.7,1,,,0.01808,0.0000,0.0000,0.0000,0.0000,0.1808,0.1108,0.0402,SAFE,False,7,2,,,,,,
1771435998.341,0.0,,,,,,,,,,,,,,,0.0402,SAFE,,6,,t831_0,0.33,NORMAL,LOCAL,SAFE: all tasks permitted (weight=0.33),
1771435998.341,0.0,42.75,4.8307,0.807,14.8,1,,,0.01991,0.0000,0.0000,0.0878,0.0000,0.1991,0.1183,0.0550,SAFE,False,6,3,,,,,,
1771435998.341,0.0,,,,,,,,,,,,,,,0.0550,SAFE,,5,,t832_0,0.41,HIGH,LOCAL,SAFE: all tasks permitted (weight=0.41),
1771435998.341,0.0,42.74,4.8356,0.826,16.1,1,,,0.02072,0.0000,0.0000,0.0654,0.0000,0.2072,0.1280,0.0548,SAFE,False,5,4,,,,,,
1771435998.341,0.0,42.85,4.8715,0.813,15.2,1,,,0.02001,0.0000,0.0000,0.0000,0.0000,0.2001,0.1216,0.0443,SAFE,False,5,4,,,,,,
1771435998.341,0.0,42.45,4.8366,0.801,14.4,1,,,0.01965,0.0000,0.0000,0.0609,0.0000,0.1965,0.1156,0.0507,SAFE,False,5,4,,,,,,
1771435998.341,0.0,42.59,4.8613,0.790,13.6,1,,,0.01939,0.0000,0.0000,0.0000,0.0000,0.1939,0.1100,0.0414,SAFE,False,5,4,,,,,,
1771435998.341,0.0,,,,,,,,,,,,,,,0.0414,SAFE,,4,,t836_0,0.46,HIGH,LOCAL,SAFE: all tasks permitted (weight=0.46),
1771435998.341,0.0,42.33,4.8833,0.815,15.3,1,,,0.02126,0.0000,0.0000,0.0000,0.0000,0.2126,0.1224,0.0457,SAFE,False,4,5,,,,,,
1771435998.341,0.0,,,,,,,,,,,,,,,0.0457,SAFE,,3,,t837_0,0.40,NORMAL,LOCAL,SAFE: all tasks permitted (weight=0.40),
1771435998.341,0.0,43.36,4.8512,0.833,16.6,1,,,0.02074,0.0000,0.0000,0.0000,0.0000,0.2074,0.1315,0.0470,SAFE,False,3,6,,,,,,
1771435998.341,0.0,42.80,4.8371,0.820,15.7,1,,,0.02103,0.0000,0.0000,0.0588,0.0000,0.2103,0.1248,0.0536,SAFE,False,9,0,,,,,,window_reset|B=9
1771435998.341,0.0,42.76,4.8618,0.807,14.8,1,,,0.01927,0.0000,0.0000,0.0000,0.0000,0.1927,0.1186,0.0430,SAFE,False,9,0,,,,,,
1771435998.341,0.0,,,,,,,,,,,,,,,0.0430,SAFE,,8,,t840_0,0.21,NORMAL,LOCAL,SAFE: all tasks permitted (weight=0.21),
1771435998.341,0.0,42.88,4.8726,0.811,15.1,1,,,0.01888,0.0000,0.0000,0.0000,0.0000,0.1888,0.1206,0.0430,SAFE,False,8,1,,,,,,
1771435998.341,0.0,42.73,4.8886,0.799,14.2,1,,,0.02004,0.0000,0.0000,0.0000,0.0000,0.2004,0.1147,0.0430,SAFE,False,8,1,,,,,,
1771435998.341,0.0,42.42,4.8549,0.788,13.5,1,,,0.01869,0.0000,0.0000,0.0000,0.0000,0.1869,0.1092,0.0405,SAFE,False,8,1,,,,,,
1771435998.341,0.0,,,,,,,,,,,,,,,0.0405,SAFE,,7,,t843_0,0.48,LOW,LOCAL,SAFE: all tasks permitted (weight=0.48),
1771435998.341,0.0,42.51,4.8749,0.815,15.3,1,,,0.01743,0.0000,0.0000,0.0000,0.0000,0.1743,0.1224,0.0419,SAFE,False,7,2,,,,,,
1771435998.341,0.0,,,,,,,,,,,,,,,0.0419,SAFE,,6,,t844_0,0.57,NORMAL,LOCAL,SAFE: all tasks permitted (weight=0.57),
1771435998.341,0.0,43.22,4.8629,0.847,17.6,1,,,0.01570,0.0000,0.0000,0.0000,0.0000,0.1570,0.1383,0.0434,SAFE,False,6,3,,,,,,
1771435998.341,0.0,43.23,4.8724,0.832,16.6,1,,,0.01574,0.0000,0.0000,0.0000,0.0000,0.1574,0.1311,0.0420,SAFE,False,6,3,,,,,,
1771435998.341,0.0,43.57,4.8548,0.819,15.6,1,,,0.01388,0.0000,0.0000,0.0000,0.0000,0.1388,0.1244,0.0388,SAFE,False,6,3,,,,,,
1771435998.341,0.0,42.74,4.8505,0.807,14.8,1,,,0.01441,0.0000,0.0000,0.0000,0.0000,0.1441,0.1183,0.0381,SAFE,False,6,3,,,,,,
1771435998.341,0.0,,,,,,,,,,,,,,,0.0381,SAFE,,5,,t848_0,0.64,NORMAL,LOCAL,SAFE: all tasks permitted (weight=0.64),
1771435998.341,0.0,43.20,4.8778,0.844,17.4,1,,,0.01386,0.0000,0.0000,0.0000,0.0000,0.1386,0.1371,0.0413,SAFE,False,5,4,,,,,,
1771435998.341,0.0,42.71,4.8417,0.830,16.4,1,,,0.01477,0.0000,0.0000,0.0379,0.0000,0.1477,0.1300,0.0457,SAFE,False,5,4,,,,,,
1771435998.341,0.0,42.98,4.8494,0.817,15.5,1,,,0.01332,0.0000,0.0000,0.0027,0.0000,0.1332,0.1235,0.0384,SAFE,False,5,4,,,,,,
1771435998.342,0.0,42.66,4.8806,0.805,14.6,1,8869.731,5.67204,0.01411,0.0000,1.0000,0.0000,0.0000,0.1411,0.1173,0.2876,WARNING,False,5,4,,,,,,
1771435998.342,0.0,,,,,,,,,,,,,,,0.2876,WARNING,,5,,t852_0,0.80,NORMAL,OFFLOAD,WARNING: heavy task offloaded (weight=0.80 >= 0.3),
1771435998.342,0.0,42.53,4.7470,0.793,13.8,1,-41441.768,-115.71059,0.03530,0.0000,0.0000,0.4680,1.0000,0.3530,0.1116,0.3185,WARNING,False,5,4,,,,,,
1771435998.342,0.0,42.90,4.8709,0.783,13.0,1,-19986.600,-1.45848,0.03420,0.0000,0.0000,0.0000,1.0000,0.3420,0.1063,0.2555,WARNING,False,7,0,,,,,,window_reset|B=7
1771435998.342,0.0,43.17,4.8695,0.773,12.3,1,-23863.821,14.67183,0.03450,0.0000,0.0000,0.0000,0.0000,0.3450,0.1014,0.0548,SAFE,False,7,0,,,,,,
1771435998.342,0.0,42.96,4.8697,0.764,11.7,1,13541.844,19.24207,0.03427,0.0000,1.0000,0.0000,0.0000,0.3427,0.0968,0.3036,WARNING,False,7,0,,,,,,
1771435998.342,0.0,42.85,4.8795,0.755,11.1,1,-20945.972,1.62679,0.03493,0.0000,0.0000,0.0000,0.0000,0.3493,0.0926,0.0535,SAFE,False,7,0,,,,,,
1771435998.342,0.0,42.72,4.8833,0.747,10.5,0,991.295,41.59799,0.03551,0.0000,1.0000,0.0000,0.0000,0.3551,0.0736,0.3002,WARNING,False,7,0,,,,,,
1771435998.342,0.0,42.78,4.8966,0.740,10.0,0,-12272.903,47.14596,0.03721,0.0000,0.0000,0.0000,0.0000,0.3721,0.0699,0.0512,SAFE,False,7,0,,,,,,
1771435998.342,0.0,42.99,4.9132,0.733,9.5,0,,,0.03985,0.0000,0.0000,0.0000,0.0000,0.3985,0.0665,0.0532,SAFE,False,7,0,,,,,,
1771435998.342,0.0,42.24,4.8822,0.727,9.0,0,,,0.03998,0.0000,0.0000,0.0000,0.0000,0.3998,0.0633,0.0526,SAFE,False,7,0,,,,,,
1771435998.342,0.0,,,,,,,,,,,,,,,0.0526,SAFE,,6,,t861_0,0.78,LOW,LOCAL,SAFE: all tasks permitted (weight=0.78),
1771435998.342,0.0,41.80,4.8748,0.781,12.9,1,,,0.03940,0.0000,0.0000,0.0000,0.0000,0.3940,0.1054,0.0605,SAFE,False,6,1,,,,,,
1771435998.342,0.0,42.40,4.8811,0.771,12.2,1,,,0.03912,0.0000,0.0000,0.0000,0.0000,0.3912,0.1006,0.0592,SAFE,False,6,1,,,,,,
1771435998.342,0.0,42.25,4.8668,0.762,11.6,1,,,0.03901,0.0000,0.0000,0.0000,0.0000,0.3901,0.0960,0.0582,SAFE,False,6,1,,,,,,
1771435998.342,0.0,,,,,,,,,,,,,,,0.0582,SAFE,,5,,t864_0,0.68,LOW,LOCAL,SAFE: all tasks permitted (weight=0.68),
1771435998.342,0.0,42.18,4.8381,0.806,14.7,1,,,0.01720,0.0000,0.0000,0.0541,0.0000,0.1720,0.1179,0.0478,SAFE,False,5,2,,,,,,
1771435998.342,0.0,42.43,4.8583,0.794,13.9,1,,,0.01792,0.0000,0.0000,0.0000,0.0000,0.1792,0.1121,0.0404,SAFE,False,5,2,,,,,,
1771435998.342,0.0,42.13,4.8709,0.784,13.1,1,,,0.01788,0.0000,0.0000,0.0000,0.0000,0.1788,0.1068,0.0392,SAFE,False,5,2,,,,,,
1771435998.342,0.0,,,,,,,,,,,,,,,0.0392,SAFE,,4,,t867_0,0.72,NORMAL,LOCAL,SAFE: all tasks permitted (weight=0.72),
1771435998.342,0.0,41.85,4.8391,0.829,16.4,1,,,0.02061,0.0000,0.0000,0.0496,0.0000,0.2061,0.1295,0.0530,SAFE,False,4,3,,,,,,
1771435998.342,0.0,41.99,4.8271,0.816,15.4,1,,,0.02416,0.0000,0.0000,0.1042,0.0000,0.2416,0.1230,0.0623,SAFE,False,9,0,,,,,,window_reset|B=9
1771435998.342,0.0,42.09,4.8757,0.804,14.6,1,,,0.02388,0.0000,0.0000,0.0000,0.0000,0.2388,0.1169,0.0473,SAFE,False,9,0,,,,,,
1771435998.342,0.0,42.19,4.8499,0.792,13.7,1,,,0.02278,0.0000,0.0000,0.0003,0.0000,0.2278,0.1112,0.0451,SAFE,False,9,0,,,,,,
1771435998.342,0.0,42.77,4.8431,0.782,13.0,1,,,0.01814,0.0000,0.0000,0.0316,0.0000,0.1814,0.1060,0.0434,SAFE,False,9,0,,,,,,
1771435998.342,0.0,42.41,4.8791,0.772,12.3,1,,,0.01782,0.0000,0.0000,0.0000,0.0000,0.1782,0.1011,0.0380,SAFE,False,9,0,,,,,,
1771435998.342,0.0,,,,,,,,,,,,,,,0.0380,SAFE,,8,,t873_0,0.72,HIGH,LOCAL,SAFE: all tasks permitted (weight=0.72),
1771435998.342,0.0,41.35,4.8472,0.819,15.6,1,,,0.01737,0.0000,0.0000,0.0127,0.0000,0.1737,0.1245,0.0439,SAFE,False,8,1,,,,,,
1771435998.342,0.0,,,,,,,,,,,,,,,0.0439,SAFE,,7,,t874_0,0.57,NORMAL,LOCAL,SAFE: all tasks permitted (weight=0.57),
1771435998.342,0.0,42.36,4.8413,0.851,17.9,1,,,0.01608,0.0000,0.0000,0.0394,0.0000,0.1608,0.1405,0.0493,SAFE,False,7,2,,,,,,
1771435998.342,0.0,41.99,4.8427,0.836,16.9,1,,,0.01574,0.0000,0.0000,0.0332,0.0000,0.1574,0.1332,0.0467,SAFE,False,7,2,,,,,,
1771435998.342,0.0,,,,,,,,,,,,,,,0.0467,SAFE,,6,,t876_0,0.37,HIGH,LOCAL,SAFE: all tasks permitted (weight=0.37),
1771435998.342,0.0,42.36,4.8049,0.851,17.9,1,,,0.02008,0.0000,0.0000,0.2048,0.0000,0.2008,0.1406,0.0748,SAFE,False,6,3,,,,,,
1771435998.342,0.0,,,,,,,,,,,,,,,0.0748,SAFE,,5,,t877_0,0.25,LOW,LOCAL,SAFE: all tasks permitted (weight=0.25),
1771435998.342,0.0,42.47,4.8431,0.856,18.3,1,,,0.01989,0.0000,0.0000,0.0313,0.0000,0.1989,0.1430,0.0526,SAFE,False,5,4,,,,,,
1771435998.342,0.0,42.50,4.8490,0.841,17.2,1,,,0.01857,0.0000,0.0000,0.0047,0.0000,0.1857,0.1355,0.0463,SAFE,False,5,4,,,,,,
1771435998.342,0.0,,,,,,,,,,,,,,,0.0463,SAFE,,4,,t879_0,0.33,HIGH,LOCAL,SAFE: all tasks permitted (weight=0.33),
1771435998.342,0.0,42.02,4.8433,0.853,18.1,1,,,0.01849,0.0000,0.0000,0.0304,0.0000,0.1849,0.1414,0.0507,SAFE,False,4,5,,,,,,
1771435998.342,0.0,,,,,,,,,,,,,,,0.0507,SAFE,,3,,t880_0,0.33,NORMAL,LOCAL,SAFE: all tasks permitted (weight=0.33),
1771435998.342,0.0,42.10,4.8538,0.863,18.8,1,,,0.01773,0.0000,0.0000,0.0000,0.0000,0.1773,0.1466,0.0471,SAFE,False,3,6,,,,,,
1771435998.342,0.0,42.14,4.8408,0.848,17.7,1,,,0.01565,0.0000,0.0000,0.0419,0.0000,0.1565,0.1389,0.0489,SAFE,False,3,6,,,,,,
1771435998.342,0.0,42.44,4.8673,0.833,16.7,1,,,0.01681,0.0000,0.0000,0.0000,0.0000,0.1681,0.1317,0.0432,SAFE,False,3,6,,,,,,
1771435998.342,0.0,42.71,4.8363,0.820,15.7,1,,,0.01702,0.0000,0.0000,0.0622,0.0000,0.1702,0.1250,0.0501,SAFE,False,9,0,,,,,,window_reset|B=9
1771435998.342,0.0,42.19,4.8357,0.808,14.8,1,,,0.01386,0.0000,0.0000,0.0650,0.0000,0.1386,0.1188,0.0461,SAFE,False,9,0,,,,,,
1771435998.342,0.0,42.98,4.8702,0.796,14.0,1,,,0.01587,0.0000,0.0000,0.0000,0.0000,0.1587,0.1130,0.0385,SAFE,False,9,0,,,,,,
1771435998.342,0.0,42.59,4.8603,0.785,13.2,1,,,0.01646,0.0000,0.0000,0.0000,0.0000,0.1646,0.1076,0.0380,SAFE,False,9,0,,,,,,
1771435998.342,0.0,,,,,,,,,,,,,,,0.0380,SAFE,,8,,t887_0,0.66,HIGH,LOCAL,SAFE: all tasks permitted (weight=0.66),
1771435998.342,0.0,42.24,4.8592,0.826,16.2,1,,,0.01684,0.0000,0.0000,0.0000,0.0000,0.1684,0.1281,0.0425,SAFE,False,8,1,,,,,,
1771435998.343,0.0,42.37,4.8796,0.813,15.2,1,15830.447,25.79021,0.01365,0.0000,1.0000,0.0000,0.0000,0.1365,0.1216,0.2880,WARNING,False,8,1,,,,,,
1771435998.343,0.0,,,,,,,,,,,,,,,0.2880,WARNING,,8,,t889_0,0.56,LOW,OFFLOAD,WARNING: heavy task offloaded (weight=0.56 >= 0.3),
1771435998.343,0.0,42.88,4.8762,0.801,14.4,1,44304.669,35.41932,0.01463,0.0000,1.0000,0.0000,0.0000,0.1463,0.1156,0.2878,WARNING,False,8,1,,,,,,
1771435998.343,0.0,,,,,,,,,,,,,,,0.2878,WARNING,,8,,t890_0,0.49,NORMAL,OFFLOAD,WARNING: heavy task offloaded (weight=0.49 >= 0.3),
1771435998.343,0.0,42.89,4.8949,0.790,13.6,1,27498.010,27.65017,0.01794,0.0000,1.0000,0.0000,0.0000,0.1794,0.1101,0.2900,WARNING,False,8,1,,,,,,
1771435998.343,0.0,42.58,4.8435,0.780,12.8,1,-7885.459,7.14383,0.01793,0.0000,0.0000,0.0298,0.0000,0.1793,0.1049,0.0428,SAFE,False,8,1,,,,,,
1771435998.343,0.0,,,,,,,,,,,,,,,0.0428,SAFE,,7,,t892_0,0.64,NORMAL,LOCAL,SAFE: all tasks permitted (weight=0.64),
1771435998.343,0.0,42.86,4.8730,0.820,15.7,1,39757.444,37.32580,0.01818,0.0000,1.0000,0.0000,0.0000,0.1818,0.1252,0.2932,WARNING,False,7,2,,,,,,
1771435998.343,0.0,,,,,,,,,,,,,,,0.2932,WARNING,,7,,t893_0,0.45,LOW,OFFLOAD,WARNING: heavy task offloaded (weight=0.45 >= 0.3),
1771435998.343,0.0,42.88,4.8407,0.808,14.8,1,-6064.011,-29.42056,0.01819,0.0000,0.0000,0.0421,1.0000,0.1819,0.1189,0.2474,WARNING,False,7,2,,,,,,
1771435998.343,0.0,42.56,4.8495,0.796,14.0,1,-1610.654,-10.81663,0.01837,0.0000,0.0000,0.0023,1.0000,0.1837,0.1131,0.2413,WARNING,False,7,2,,,,,,
1771435998.343,0.0,42.36,4.8451,0.785,13.2,1,6963.265,-14.04468,0.01757,0.0000,1.0000,0.0223,1.0000,0.1757,0.1077,0.4920,WARNING,False,7,2,,,,,,
1771435998.343,0.0,42.14,4.8708,0.775,12.5,1,,,0.01603,0.0000,0.0000,0.0000,0.0000,0.1603,0.1027,0.0366,SAFE,False,7,2,,,,,,
1771435998.343,0.0,42.11,4.8645,0.766,11.9,1,,,0.01591,0.0000,0.0000,0.0000,0.0000,0.1591,0.0980,0.0355,SAFE,False,7,2,,,,,,
1771435998.343,0.0,,,,,,,,,,,,,,,0.0355,SAFE,,6,,t898_0,0.29,NORMAL,LOCAL,SAFE: all tasks permitted (weight=0.29),
1771435998.343,0.0,42.65,4.8777,0.780,12.8,1,,,0.01637,0.0000,0.0000,0.0000,0.0000,0.1637,0.1049,0.0373,SAFE,False,9,0,,,,,,window_reset|B=9
1771435998.343,0.0,42.35,4.8864,0.770,12.1,1,,,0.01733,0.0000,0.0000,0.0000,0.0000,0.1733,0.1000,0.0373,SAFE,False,9,0,,,,,,
1771435998.343,0.0,,,,,,,,,,,,,,,0.0373,SAFE,,8,,t900_0,0.58,NORMAL,LOCAL,SAFE: all tasks permitted (weight=0.58),
1771435998.343,0.0,,,,,,,,,,,,,,,0.0373,SAFE,,7,,t900_1,0.43,NORMAL,LOCAL,SAFE: all tasks permitted (weight=0.43),
1771435998.343,0.0,,,,,,,,,,,,,,,0.0373,SAFE,,6,,t900_2,0.55,HIGH,LOCAL,SAFE: all tasks permitted (weight=0.55),
1771435998.343,0.0,42.53,4.8264,0.884,20.3,2,,,0.02009,0.0000,0.0000,0.1075,0.0000,0.2009,0.1720,0.0685,SAFE,False,6,3,,,,,,
1771435998.343,0.0,,,,,,,,,,,,,,,0.0685,SAFE,,5,,t901_0,0.22,LOW,LOCAL,SAFE: all tasks permitted (weight=0.22),
1771435998.343,0.0,42.34,4.8409,0.884,20.3,2,,,0.02044,0.0000,0.0000,0.0413,0.0000,0.2044,0.1721,0.0602,SAFE,False,5,4,,,,,,
1771435998.343,0.0,42.77,4.8237,0.867,19.1,2,,,0.01959,0.0000,0.0000,0.1195,0.0000,0.1959,0.1636,0.0679,SAFE,False,5,4,,,,,,
1771435998.343,0.0,,,,,,,,,,,,,,,0.0679,SAFE,,4,,t903_0,0.82,NORMAL,LOCAL,SAFE: all tasks permitted (weight=0.82),
1771435998.343,0.0,42.63,4.8074,0.916,22.6,2,,,0.02332,0.0000,0.0000,0.1936,0.0000,0.2332,0.1879,0.0861,SAFE,False,4,5,,,,,,
1771435998.343,0.0,42.32,4.8440,0.897,21.2,2,,,0.02234,0.0000,0.0000,0.0273,0.0000,0.2234,0.1784,0.0616,SAFE,False,4,5,,,,,,
1771435998.343,0.0,,,,,,,,,,,,,,,0.0616,SAFE,,3,,t905_0,0.46,NORMAL,LOCAL,SAFE: all tasks permitted (weight=0.46),
1771435998.343,0.0,43.09,4.8337,0.915,22.5,2,,,0.02262,0.0000,0.0000,0.0740,0.0000,0.2262,0.1873,0.0697,SAFE,False,3,6,,,,,,
1771435998.343,0.0,43.07,4.8253,0.895,21.1,2,,,0.02341,0.0000,0.0000,0.1122,0.0000,0.2341,0.1777,0.0735,SAFE,False,3,6,,,,,,
1771435998.343,0.0,43.72,4.8317,0.878,19.8,2,,,0.02372,0.0000,0.0000,0.0831,0.0000,0.2372,0.1689,0.0683,SAFE,False,3,6,,,,,,
1771435998.343,0.0,,,,,,,,,,,,,,,0.0683,SAFE,,2,,t908_0,0.39,NORMAL,LOCAL,SAFE: all tasks permitted (weight=0.39),
1771435998.343,0.0,42.82,4.8354,0.892,20.9,2,,,0.02242,0.0000,0.0000,0.0665,0.0000,0.2242,0.1760,0.0663,SAFE,False,2,7,,,,,,
1771435998.343,0.0,42.93,4.8560,0.874,19.6,2,,,0.02180,0.0000,0.0000,0.0000,0.0000,0.2180,0.1672,0.0552,SAFE,False,2,7,,,,,,
1771435998.343,0.0,43.26,4.8626,0.858,18.4,1,,,0.01999,0.0000,0.0000,0.0000,0.0000,0.1999,0.1441,0.0488,SAFE,False,2,7,,,,,,
1771435998.343,0.0,42.92,4.8350,0.843,17.4,1,,,0.01411,0.0000,0.0000,0.0681,0.0000,0.1411,0.1365,0.0503,SAFE,False,2,7,,,,,,
1771435998.343,0.0,,,,,,,,,,,,,,,0.0503,SAFE,,1,,t912_0,0.40,HIGH,LOCAL,SAFE: all tasks permitted (weight=0.40),
1771435998.343,0.0,42.67,4.8430,0.860,18.6,1,,,0.01399,0.0000,0.0000,0.0319,0.0000,0.1399,0.1451,0.0471,SAFE,False,1,8,,,,,,
1771435998.343,0.0,43.62,4.8307,0.845,17.5,1,,,0.01401,0.0000,0.0000,0.0876,0.0000,0.1401,0.1374,0.0529,SAFE,False,9,0,,,,,,window_reset|B=9
1771435998.343,0.0,,,,,,,,,,,,,,,0.0529,SAFE,,8,,t914_0,0.31,NORMAL,LOCAL,SAFE: all tasks permitted (weight=0.31),
1771435998.343,0.0,43.54,4.8440,0.855,18.2,1,,,0.01368,0.0000,0.0000,0.0272,0.0000,0.1368,0.1424,0.0457,SAFE,False,8,1,,,,,,
1771435998.343,0.0,42.92,4.8729,0.840,17.1,1,,,0.01368,0.0000,0.0000,0.0000,0.0000,0.1368,0.1349,0.0407,SAFE,False,8,1,,,,,,
1771435998.343,0.0,43.25,4.8523,0.826,16.1,1,,,0.01392,0.0000,0.0000,0.0000,0.0000,0.1392,0.1280,0.0395,SAFE,False,8,1,,,,,,
1771435998.343,0.0,,,,,,,,,,,,,,,0.0395,SAFE,,7,,t917_0,0.46,NORMAL,LOCAL,SAFE: all tasks permitted (weight=0.46),
1771435998.343,0.0,43.54,4.8244,0.849,17.8,1,,,0.01469,0.0000,0.0000,0.1162,0.0000,0.1469,0.1396,0.0577,SAFE,False,7,2,,,,,,
1771435998.343,0.0,,,,,,,,,,,,,,,0.0577,SAFE,,6,,t918_0,0.36,NORMAL,LOCAL,SAFE: all tasks permitted (weight=0.36),
1771435998.343,0.0,43.07,4.8385,0.863,18.8,1,,,0.01381,0.0000,0.0000,0.0524,0.0000,0.1381,0.1467,0.0500,SAFE,False,6,3,,,,,,
1771435998.343,0.0,,,,,,,,,,,,,,,0.0500,SAFE,,5,,t919_0,0.39,CRITICAL,LOCAL,SAFE: all tasks permitted (weight=0.39),
1771435998.343,0.0,44.29,4.8572,0.878,19.9,2,,,0.01373,0.0000,0.0000,0.0000,0.0000,0.1373,0.1691,0.0476,SAFE,False,5,4,,,,,,
1771435998.344,0.0,,,,,,,,,,,,,,,0.0476,SAFE,,4,,t920_0,0.72,NORMAL,LOCAL,SAFE: all tasks permitted (weight=0.72),
1771435998.344,0.0,44.00,4.8463,0.919,22.8,2,79302.093,3.30927,0.01335,0.0000,1.0000,0.0168,0.0000,0.1335,0.1894,0.3034,WARNING,False,4,5,,,,,,
1771435998.344,0.0,43.04,4.8272,0.899,21.4,2,-34721.805,-3.48382,0.01407,0.0000,0.0000,0.1034,1.0000,0.1407,0.1797,0.2634,WARNING,False,4,5,,,,,,
1771435998.344,0.0,43.67,4.8343,0.881,20.1,2,7841.366,-9.67077,0.01318,0.0000,1.0000,0.0712,1.0000,0.1318,0.1707,0.5066,WARNING,False,4,5,,,,,,
1771435998.344,0.0,43.95,4.8629,0.865,18.9,1,61685.573,-9.97550,0.01414,0.0000,1.0000,0.0000,1.0000,0.1414,0.1473,0.4936,WARNING,False,4,5,,,,,,
1771435998.344,0.0,43.29,4.8386,0.849,17.8,1,2310.853,-13.75473,0.01423,0.0000,1.0000,0.0520,1.0000,0.1423,0.1395,0.4989,WARNING,False,4,5,,,,,,
1771435998.344,0.0,,,,,,,,,,,,,,,0.4989,WARNING,,4,,t925_0,0.35,HIGH,OFFLOAD,WARNING: heavy task offloaded (weight=0.35 >= 0.3),
1771435998.344,0.0,43.60,4.8616,0.835,16.8,1,3438.350,37.15359,0.01437,0.0000,1.0000,0.0000,0.0000,0.1437,0.1323,0.2908,WARNING,False,4,5,,,,,,
1771435998.344,0.0,43.70,4.8310,0.821,15.8,1,37671.143,-7.48754,0.01501,0.0000,1.0000,0.0865,1.0000,0.1501,0.1255,0.5014,WARNING,False,4,5,,,,,,
1771435998.344,0.0,,,,,,,,,,,,,,,0.5014,WARNING,,4,,t927_0,0.34,HIGH,OFFLOAD,WARNING: heavy task offloaded (weight=0.34 >= 0.3),
1771435998.344,0.0,43.42,4.8680,0.809,14.9,1,-51951.710,10.87755,0.01432,0.0000,0.0000,0.0000,0.0000,0.1432,0.1193,0.0382,SAFE,False,4,5,,,,,,
1771435998.344,0.0,43.63,4.8862,0.797,14.1,1,,,0.01825,0.0000,0.0000,0.0000,0.0000,0.1825,0.1134,0.0409,SAFE,False,9,0,,,,,,window_reset|B=9
1771435998.344,0.0,43.52,4.8720,0.786,13.3,1,,,0.01786,0.0000,0.0000,0.0000,0.0000,0.1786,0.1080,0.0395,SAFE,False,9,0,,,,,,
1771435998.344,0.0,43.05,4.8774,0.776,12.6,1,,,0.01863,0.0000,0.0000,0.0000,0.0000,0.1863,0.1030,0.0392,SAFE,False,9,0,,,,,,
1771435998.344,0.0,,,,,,,,,,,,,,,0.0392,SAFE,,8,,t931_0,0.22,NORMAL,LOCAL,SAFE: all tasks permitted (weight=0.22),
1771435998.344,0.0,,,,,,,,,,,,,,,0.0392,SAFE,,7,,t931_1,0.49,HIGH,LOCAL,SAFE: all tasks permitted (weight=0.49),
1771435998.344,0.0,43.42,4.8666,0.822,15.9,1,,,0.01889,0.0000,0.0000,0.0000,0.0000,0.1889,0.1262,0.0441,SAFE,False,7,2,,,,,,
1771435998.344,0.0,43.45,4.8634,0.810,15.0,1,,,0.01875,0.0000,0.0000,0.0000,0.0000,0.1875,0.1199,0.0427,SAFE,False,7,2,,,,,,
1771435998.344,0.0,,,,,,,,,,,,,,,0.0427,SAFE,,6,,t933_0,0.47,HIGH,LOCAL,SAFE: all tasks permitted (weight=0.47),
1771435998.344,0.0,43.54,4.8282,0.835,16.8,1,,,0.01862,0.0000,0.0000,0.0989,0.0000,0.1862,0.1324,0.0580,SAFE,False,6,3,,,,,,
1771435998.344,0.0,,,,,,,,,,,,,,,0.0580,SAFE,,5,,t934_0,0.48,NORMAL,LOCAL,SAFE: all tasks permitted (weight=0.48),
1771435998.344,0.0,43.49,4.8296,0.859,18.5,1,,,0.01915,0.0000,0.0000,0.0928,0.0000,0.1915,0.1447,0.0601,SAFE,False,5,4,,,,,,
1771435998.344,0.0,,,,,,,,,,,,,,,0.0601,SAFE,,4,,t935_0,0.64,NORMAL,LOCAL,SAFE: all tasks permitted (weight=0.64),
1771435998.344,0.0,43.42,4.8472,0.895,21.1,2,,,0.01925,0.0000,0.0000,0.0129,0.0000,0.1925,0.1775,0.0564,SAFE,False,4,5,,,,,,
1771435998.344,0.0,43.36,4.8255,0.877,19.8,2,,,0.02051,0.0000,0.0000,0.1112,0.0000,0.2051,0.1687,0.0687,SAFE,False,4,5,,,,,,
1771435998.344,0.0,43.79,4.8446,0.861,18.6,1,,,0.02058,0.0000,0.0000,0.0243,0.0000,0.2058,0.1454,0.0528,SAFE,False,4,5,,,,,,
1771435998.344,0.0,43.49,4.8342,0.846,17.5,1,,,0.02030,0.0000,0.0000,0.0716,0.0000,0.2030,0.1378,0.0572,SAFE,False,4,5,,,,,,
1771435998.344,0.0,,,,,,,,,,,,,,,0.0572,SAFE,,3,,t939_0,0.60,HIGH,LOCAL,SAFE: all tasks permitted (weight=0.60),
1771435998.344,0.0,43.59,4.8277,0.879,19.9,2,,,0.02095,0.0000,0.0000,0.1012,0.0000,0.2095,0.1695,0.0680,SAFE,False,3,6,,,,,,
1771435998.344,0.0,43.98,4.8007,0.862,18.7,1,,,0.02202,0.0000,0.0000,0.2241,0.0000,0.2202,0.1462,0.0804,SAFE,False,3,6,,,,,,
1771435998.344,0.0,43.70,4.8313,0.847,17.6,1,,,0.02038,0.0000,0.0000,0.0849,0.0000,0.2038,0.1385,0.0591,SAFE,False,3,6,,,,,,
1771435998.344,0.0,,,,,,,,,,,,,,,0.0591,SAFE,,2,,t942_0,0.43,LOW,LOCAL,SAFE: all tasks permitted (weight=0.43),
1771435998.344,0.0,43.36,4.8229,0.867,19.0,2,,,0.01731,0.0000,0.0000,0.1231,0.0000,0.1731,0.1633,0.0660,SAFE,False,2,7,,,,,,
1771435998.344,0.0,43.64,4.8412,0.851,17.9,1,,,0.01470,0.0000,0.0000,0.0398,0.0000,0.1470,0.1404,0.0480,SAFE,False,9,0,,,,,,window_reset|B=9
1771435998.344,0.0,,,,,,,,,,,,,,,0.0480,SAFE,,8,,t944_0,0.38,LOW,LOCAL,SAFE: all tasks permitted (weight=0.38),
1771435998.344,0.0,,,,,,,,,,,,,,,0.0480,SAFE,,7,,t944_1,0.67,CRITICAL,LOCAL,SAFE: all tasks permitted (weight=0.67),
1771435998.344,0.0,43.96,4.8138,0.920,22.8,2,,,0.01239,0.0000,0.0000,0.1648,0.0000,0.1239,0.1898,0.0718,SAFE,False,7,2,,,,,,
1771435998.344,0.0,,,,,,,,,,,,,,,0.0718,SAFE,,6,,t945_0,0.81,LOW,LOCAL,SAFE: all tasks permitted (weight=0.81),
1771435998.344,0.0,44.29,4.7918,0.964,26.0,2,,,0.01609,0.0000,0.0000,0.2644,0.0000,0.1609,0.2122,0.0929,SAFE,False,6,3,,,,,,
1771435998.344,0.0,44.25,4.8222,0.942,24.4,2,,,0.01608,0.0000,0.0000,0.1265,0.0000,0.1608,0.2009,0.0727,SAFE,False,6,3,,,,,,
1771435998.344,0.0,43.50,4.8095,0.921,22.9,2,,,0.01515,0.0000,0.0000,0.1843,0.0000,0.1515,0.1904,0.0772,SAFE,False,6,3,,,,,,
1771435998.344,0.0,,,,,,,,,,,,,,,0.0772,SAFE,,5,,t948_0,0.38,NORMAL,LOCAL,SAFE: all tasks permitted (weight=0.38),
1771435998.344,0.0,44.53,4.8253,0.931,23.7,2,,,0.01515,0.0000,0.0000,0.1124,0.0000,0.1515,0.1956,0.0689,SAFE,False,5,4,,,,,,
1771435998.344,0.0,,,,,,,,,,,,,,,0.0689,SAFE,,4,,t949_0,0.79,NORMAL,LOCAL,SAFE: all tasks permitted (weight=0.79),
1771435998.344,0.0,44.26,4.8196,0.973,26.7,2,,,0.01354,0.0000,0.0000,0.1380,0.0000,0.1354,0.2167,0.0748,SAFE,False,4,5,,,,,,
1771435998.344,0.0,44.37,4.8119,0.950,25.0,2,,,0.01298,0.0000,0.0000,0.1733,0.0000,0.1298,0.2051,0.0765,SAFE,False,4,5,,,,,,
1771435998.344,0.0,44.39,4.8357,0.929,23.5,2,,,0.01364,0.0000,0.0000,0.0650,0.0000,0.1364,0.1943,0.0610,SAFE,False,4,5,,,,,,
1771435998.345,0.0,,,,,,,,,,,,,,,0.0610,SAFE,,3,,t952_0,0.24,CRITICAL,LOCAL,SAFE: all tasks permitted (weight=0.24),
1771435998.345,0.0,44.35,4.8200,0.928,23.4,2,23580.569,6.27415,0.01250,0.0000,1.0000,0.1362,0.0000,0.1250,0.1938,0.3190,WARNING,False,3,6,,,,,,
1771435998.345,0.0,,,,,,,,,,,,,,,0.3190,WARNING,,3,,t953_0,0.75,HIGH,OFFLOAD,WARNING: heavy task offloaded (weight=0.75 >= 0.3),
1771435998.345,0.0,44.63,4.8361,0.908,22.0,2,20386.017,44.28015,0.01291,0.0000,1.0000,0.0630,0.0000,0.1291,0.1838,0.3079,WARNING,False,3,6,,,,,,
1771435998.345,0.0,44.11,4.8295,0.889,20.6,2,-8379.193,7.36350,0.01313,0.0000,0.0000,0.0930,0.0000,0.1313,0.1745,0.0601,SAFE,False,3,6,,,,,,
1771435998.345,0.0,,,,,,,,,,,,,,,0.0601,SAFE,,2,,t955_0,0.55,NORMAL,LOCAL,SAFE: all tasks permitted (weight=0.55),
1771435998.345,0.0,44.83,4.7758,0.916,22.6,2,79529.458,-33.67351,0.01683,0.0000,1.0000,0.3375,1.0000,0.1683,0.1880,0.5483,WARNING,False,2,7,,,,,,
1771435998.345,0.0,44.37,4.8462,0.897,21.2,2,-9762.807,20.93938,0.01876,0.0000,0.0000,0.0171,0.0000,0.1876,0.1784,0.0567,SAFE,False,2,7,,,,,,
1771435998.345,0.0,44.92,4.8263,0.879,19.9,2,39907.691,6.70041,0.01700,0.0000,1.0000,0.1075,0.0000,0.1700,0.1695,0.3149,WARNING,False,2,7,,,,,,
1771435998.345,0.0,44.73,4.8538,0.862,18.7,1,21124.270,41.94023,0.01921,0.0000,1.0000,0.0000,0.0000,0.1921,0.1462,0.2984,WARNING,False,7,0,,,,,,window_reset|B=7
1771435998.345,0.0,45.00,4.8292,0.847,17.6,1,36534.362,-6.49485,0.01872,0.0000,1.0000,0.0945,1.0000,0.1872,0.1385,0.5087,WARNING,False,7,0,,,,,,
1771435998.345,0.0,44.92,4.8488,0.833,16.6,1,,,0.01976,0.0000,0.0000,0.0054,0.0000,0.1976,0.1313,0.0467,SAFE,False,7,0,,,,,,
1771435998.345,0.0,45.31,4.8540,0.819,15.7,1,,,0.02084,0.0000,0.0000,0.0000,0.0000,0.2084,0.1246,0.0458,SAFE,False,7,0,,,,,,
1771435998.345,0.0,44.31,4.8479,0.807,14.8,1,,,0.02052,0.0000,0.0000,0.0097,0.0000,0.2052,0.1184,0.0455,SAFE,False,7,0,,,,,,
1771435998.345,0.0,44.45,4.8586,0.795,14.0,1,,,0.02165,0.0000,0.0000,0.0000,0.0000,0.2165,0.1127,0.0442,SAFE,False,7,0,,,,,,
1771435998.345,0.0,44.39,4.8928,0.785,13.2,1,,,0.02618,0.0000,0.0000,0.0000,0.0000,0.2618,0.1073,0.0476,SAFE,False,7,0,,,,,,
1771435998.345,0.0,,,,,,,,,,,,,,,0.0476,SAFE,,6,,t965_0,0.55,NORMAL,LOCAL,SAFE: all tasks permitted (weight=0.55),
1771435998.345,0.0,43.88,4.8785,0.819,15.6,1,,,0.02800,0.0000,0.0000,0.0000,0.0000,0.2800,0.1243,0.0529,SAFE,False,6,1,,,,,,
1771435998.345,0.0,,,,,,,,,,,,,,,0.0529,SAFE,,5,,t966_0,0.38,NORMAL,LOCAL,SAFE: all tasks permitted (weight=0.38),
1771435998.345,0.0,44.39,4.8684,0.837,16.9,1,,,0.02825,0.0000,0.0000,0.0000,0.0000,0.2825,0.1335,0.0549,SAFE,False,5,2,,,,,,
1771435998.345,0.0,43.96,4.8207,0.823,15.9,1,,,0.02021,0.0000,0.0000,0.1331,0.0000,0.2021,0.1266,0.0628,SAFE,False,5,2,,,,,,
1771435998.345,0.0,43.90,4.8207,0.811,15.0,1,,,0.02198,0.0000,0.0000,0.1331,0.0000,0.2198,0.1203,0.0633,SAFE,False,5,2,,,,,,
1771435998.345,0.0,,,,,,,,,,,,,,,0.0633,SAFE,,4,,t969_0,0.85,CRITICAL,LOCAL,SAFE: all tasks permitted (weight=0.85),
1771435998.345,0.0,43.96,4.8356,0.867,19.1,2,,,0.02129,0.0000,0.0000,0.0656,0.0000,0.2129,0.1634,0.0625,SAFE,False,4,3,,,,,,
1771435998.345,0.0,,,,,,,,,,,,,,,0.0625,SAFE,,3,,t970_0,0.22,LOW,LOCAL,SAFE: all tasks permitted (weight=0.22),
1771435998.345,0.0,,,,,,,,,,,,,,,0.0625,SAFE,,2,,t970_1,0.80,HIGH,LOCAL,SAFE: all tasks permitted (weight=0.80),
1771435998.345,0.0,44.48,4.8069,0.932,23.7,2,,,0.02444,0.0000,0.0000,0.1958,0.0000,0.2444,0.1961,0.0891,SAFE,False,2,5,,,,,,
1771435998.345,0.0,,,,,,,,,,,,,,,0.0891,SAFE,,1,,t971_0,0.44,NORMAL,LOCAL,SAFE: all tasks permitted (weight=0.44),
1771435998.345,0.0,44.18,4.8162,0.947,24.8,2,,,0.02547,0.0000,0.0000,0.1538,0.0000,0.2547,0.2036,0.0862,SAFE,False,1,6,,,,,,
1771435998.345,0.0,44.46,4.7037,0.926,23.3,2,,,0.04674,0.0000,0.0000,0.6652,0.0000,0.4674,0.1929,0.1718,SAFE,False,1,6,,,,,,
1771435998.345,0.0,44.48,4.8345,0.906,21.9,2,,,0.04634,0.0000,0.0000,0.0705,0.0000,0.4634,0.1830,0.0921,SAFE,False,9,0,,,,,,window_reset|B=9
1771435998.345,0.0,44.96,4.8181,0.887,20.5,2,,,0.04622,0.0000,0.0000,0.1449,0.0000,0.4622,0.1737,0.0998,SAFE,False,9,0,,,,,,
1771435998.345,0.0,,,,,,,,,,,,,,,0.0998,SAFE,,8,,t975_0,0.56,HIGH,LOCAL,SAFE: all tasks permitted (weight=0.56),
1771435998.345,0.0,44.90,4.8284,0.915,22.5,2,,,0.04538,0.0000,0.0000,0.0980,0.0000,0.4538,0.1876,0.0956,SAFE,False,8,1,,,,,,
1771435998.345,0.0,,,,,,,,,,,,,,,0.0956,SAFE,,7,,t976_0,0.66,HIGH,LOCAL,SAFE: all tasks permitted (weight=0.66),
1771435998.345,0.0,44.69,4.7817,0.949,24.9,2,,,0.04224,0.0000,0.0000,0.3104,0.0000,0.4224,0.2046,0.1235,SAFE,False,7,2,,,,,,
1771435998.345,0.0,,,,,,,,,,,,,,,0.1235,SAFE,,6,,t977_0,0.63,HIGH,LOCAL,SAFE: all tasks permitted (weight=0.63),
1771435998.345,0.0,45.00,4.8019,0.978,27.0,2,,,0.03818,0.0000,0.0000,0.2188,0.0000,0.3818,0.2190,0.1104,SAFE,False,6,3,,,,,,
1771435998.345,0.0,,,,,,,,,,,,,,,0.1104,SAFE,,5,,t978_0,0.31,LOW,LOCAL,SAFE: all tasks permitted (weight=0.31),
1771435998.345,0.0,44.72,4.8112,0.980,27.1,3,,,0.03413,0.0000,0.0000,0.1765,0.0000,0.3413,0.2348,0.1040,SAFE,False,5,4,,,,,,
1771435998.345,0.0,45.03,4.8211,0.956,25.4,2,,,0.03414,0.0000,0.0000,0.1316,0.0000,0.3414,0.2080,0.0928,SAFE,False,5,4,,,,,,
1771435998.345,0.0,,,,,,,,,,,,,,,0.0928,SAFE,,4,,t980_0,0.41,NORMAL,LOCAL,SAFE: all tasks permitted (weight=0.41),
1771435998.345,0.0,45.21,4.7660,0.967,26.2,2,,,0.03558,0.0000,0.0000,0.3818,0.0000,0.3558,0.2135,0.1279,SAFE,False,4,5,,,,,,
1771435998.345,0.0,,,,,,,,,,,,,,,0.1279,SAFE,,3,,t981_0,0.42,NORMAL,LOCAL,SAFE: all tasks permitted (weight=0.42),
1771435998.345,0.0,45.48,4.8483,0.978,27.0,2,,,0.03674,0.0000,0.0000,0.0076,0.0000,0.3674,0.2189,0.0815,SAFE,False,3,6,,,,,,
1771435998.345,0.0,,,,,,,,,,,,,,,0.0815,SAFE,,2,,t982_0,0.64,HIGH,LOCAL,SAFE: all tasks permitted (weight=0.64),
1771435998.345,0.0,45.72,4.7850,1.006,29.0,3,,,0.03705,0.0000,0.0000,0.2956,0.0000,0.3705,0.2480,0.1251,SAFE,False,2,7,,,,,,
1771435998.345,0.0,,,,,,,,,,,,,,,0.1251,SAFE,,1,,t983_0,0.84,CRITICAL,LOCAL,SAFE: all tasks permitted (weight=0.84),
1771435998.345,0.0,45.26,4.7792,1.048,32.0,3,,,0.03722,0.0000,0.0000,0.3219,0.0000,0.3722,0.2691,0.1329,SAFE,False,1,8,,,,,,
1771435998.345,0.0,45.50,4.7847,1.020,30.0,3,,,0.02469,0.0000,0.0000,0.2968,0.0000,0.2469,0.2549,0.1142,SAFE,False,1,8,,,,,,
1771435998.346,0.0,,,,,,,,,,,,,,,0.1142,SAFE,,0,,t985_0,0.30,HIGH,LOCAL,SAFE: all tasks permitted (weight=0.30),
1771435998.346,0.0,46.38,4.7800,1.018,29.8,3,79283.928,-20.81951,0.02385,0.0000,1.0000,0.3181,1.0000,0.2385,0.2538,0.5660,WARNING,False,0,9,,,,,,
1771435998.346,0.0,46.56,4.8005,0.991,28.0,3,105465.358,-10.20647,0.02325,0.0000,1.0000,0.2252,1.0000,0.2325,0.2407,0.5507,CRITICAL,False,0,9,,,,,,
1771435998.346,0.0,45.32,4.7855,0.967,26.2,2,16275.626,-33.90878,0.02170,0.0000,1.0000,0.2933,1.0000,0.2170,0.2135,0.5525,CRITICAL,False,0,9,,,,,,
1771435998.346,0.0,45.97,4.8385,0.944,24.6,2,43459.069,69.09965,0.02423,0.0000,1.0000,0.0523,0.0000,0.2423,0.2021,0.3215,WARNING,False,6,0,,,,,,window_reset|B=6
1771435998.346,0.0,,,,,,,,,,,,,,,0.3215,WARNING,,6,,t989_0,0.70,NORMAL,OFFLOAD,WARNING: heavy task offloaded (weight=0.70 >= 0.3),
1771435998.346,0.0,46.23,4.8454,0.923,23.1,2,43180.554,-2.80541,0.02729,0.0000,1.0000,0.0210,1.0000,0.2729,0.1915,0.5183,WARNING,False,6,0,,,,,,
1771435998.346,0.0,46.10,4.8282,0.903,21.7,2,21351.239,41.17517,0.02806,0.0000,1.0000,0.0993,0.0000,0.2806,0.1817,0.3273,WARNING,False,6,0,,,,,,
1771435998.346,0.0,,,,,,,,,,,,,,,0.3273,WARNING,,6,,t991_0,0.76,NORMAL,OFFLOAD,WARNING: heavy task offloaded (weight=0.76 >= 0.3),
1771435998.346,0.0,46.29,4.8481,0.885,20.4,2,58993.050,65.73542,0.03025,0.0000,1.0000,0.0084,0.0000,0.3025,0.1725,0.3159,WARNING,False,6,0,,,,,,
1771435998.346,0.0,,,,,,,,,,,,,,,0.3159,WARNING,,6,,t992_0,0.55,LOW,OFFLOAD,WARNING: heavy task offloaded (weight=0.55 >= 0.3),
1771435998.346,0.0,46.10,4.8282,0.868,19.1,2,34480.409,41.42477,0.02795,0.0000,1.0000,0.0993,0.0000,0.2795,0.1640,0.3237,WARNING,False,6,0,,,,,,
1771435998.346,0.0,45.80,4.8500,0.852,18.0,1,,,0.02813,0.0000,0.0000,0.0000,0.0000,0.2813,0.1411,0.0564,SAFE,False,6,0,,,,,,
1771435998.346,0.0,45.74,4.8493,0.838,17.0,1,,,0.02845,0.0000,0.0000,0.0033,0.0000,0.2845,0.1338,0.0556,SAFE,False,6,0,,,,,,
1771435998.346,0.0,,,,,,,,,,,,,,,0.0556,SAFE,,5,,t995_0,0.28,LOW,LOCAL,SAFE: all tasks permitted (weight=0.28),
1771435998.346,0.0,45.59,4.8045,0.846,17.6,1,,,0.02635,0.0000,0.0000,0.2070,0.0000,0.2635,0.1381,0.0809,SAFE,False,5,1,,,,,,
1771435998.346,0.0,,,,,,,,,,,,,,,0.0809,SAFE,,4,,t996_0,0.43,HIGH,LOCAL,SAFE: all tasks permitted (weight=0.43),
1771435998.346,0.0,45.35,4.8399,0.867,19.1,2,,,0.02450,0.0000,0.0000,0.0457,0.0000,0.2450,0.1635,0.0631,SAFE,False,4,2,,,,,,
1771435998.346,0.0,45.86,4.8554,0.851,17.9,1,,,0.02171,0.0000,0.0000,0.0000,0.0000,0.2171,0.1406,0.0498,SAFE,False,4,2,,,,,,
1771435998.346,0.0,45.26,4.8296,0.837,16.9,1,,,0.01968,0.0000,0.0000,0.0927,0.0000,0.1968,0.1333,0.0584,SAFE,False,4,2,,,,,,
1771435998.346,0.0,45.97,4.8661,0.823,15.9,1,,,0.01542,0.0000,0.0000,0.0000,0.0000,0.1542,0.1265,0.0407,SAFE,False,4,2,,,,,,
1771435998.346,0.0,45.05,4.8913,0.810,15.0,1,,,0.02087,0.0000,0.0000,0.0000,0.0000,0.2087,0.1202,0.0449,SAFE,False,4,2,,,,,,
1771435998.346,0.0,,,,,,,,,,,,,,,0.0449,SAFE,,3,,t1001_0,0.72,LOW,LOCAL,SAFE: all tasks permitted (weight=0.72),
1771435998.346,0.0,45.46,4.8576,0.857,18.3,1,,,0.02117,0.0000,0.0000,0.0000,0.0000,0.2117,0.1433,0.0498,SAFE,False,3,3,,,,,,
1771435998.346,0.0,44.66,4.8378,0.842,17.3,1,,,0.02067,0.0000,0.0000,0.0554,0.0000,0.2067,0.1358,0.0550,SAFE,False,3,3,,,,,,
1771435998.346,0.0,44.86,4.8394,0.828,16.3,1,,,0.02075,0.0000,0.0000,0.0480,0.0000,0.2075,0.1288,0.0528,SAFE,False,9,0,,,,,,window_reset|B=9
1771435998.346,0.0,45.84,4.8624,0.815,15.3,1,,,0.02049,0.0000,0.0000,0.0000,0.0000,0.2049,0.1223,0.0450,SAFE,False,9,0,,,,,,
1771435998.346,0.0,45.18,4.8536,0.803,14.5,1,,,0.02053,0.0000,0.0000,0.0000,0.0000,0.2053,0.1163,0.0438,SAFE,False,9,0,,,,,,
1771435998.346,0.0,,,,,,,,,,,,,,,0.0438,SAFE,,8,,t1006_0,0.39,CRITICAL,LOCAL,SAFE: all tasks permitted (weight=0.39),
1771435998.346,0.0,45.04,4.8627,0.823,16.0,1,,,0.02088,0.0000,0.0000,0.0000,0.0000,0.2088,0.1267,0.0462,SAFE,False,8,1,,,,,,
1771435998.346,0.0,44.82,4.8325,0.811,15.0,1,,,0.01683,0.0000,0.0000,0.0796,0.0000,0.1683,0.1203,0.0512,SAFE,False,8,1,,,,,,
1771435998.346,0.0,44.78,4.8707,0.799,14.2,1,,,0.01708,0.0000,0.0000,0.0000,0.0000,0.1708,0.1144,0.0400,SAFE,False,8,1,,,,,,
1771435998.346,0.0,44.21,4.8513,0.788,13.4,1,,,0.01711,0.0000,0.0000,0.0000,0.0000,0.1711,0.1090,0.0389,SAFE,False,8,1,,,,,,
1771435998.346,0.0,44.43,4.8784,0.778,12.7,1,,,0.01648,0.0000,0.0000,0.0000,0.0000,0.1648,0.1038,0.0372,SAFE,False,8,1,,,,,,
1771435998.346,0.0,44.31,4.8529,0.768,12.0,1,,,0.01638,0.0000,0.0000,0.0000,0.0000,0.1638,0.0991,0.0362,SAFE,False,8,1,,,,,,
1771435998.346,0.0,,,,,,,,,,,,,,,0.0362,SAFE,,7,,t1012_0,0.35,HIGH,LOCAL,SAFE: all tasks permitted (weight=0.35),
1771435998.346,0.0,44.62,4.8648,0.788,13.4,1,,,0.01315,0.0000,0.0000,0.0000,0.0000,0.1315,0.1091,0.0350,SAFE,False,7,2,,,,,,
1771435998.346,0.0,,,,,,,,,,,,,,,0.0350,SAFE,,6,,t1013_0,0.33,HIGH,LOCAL,SAFE: all tasks permitted (weight=0.33),
1771435998.346,0.0,44.88,4.8732,0.805,14.6,1,,,0.01405,0.0000,0.0000,0.0000,0.0000,0.1405,0.1173,0.0375,SAFE,False,6,3,,,,,,
1771435998.347,0.0,44.02,4.8727,0.793,13.8,1,-64531.813,10.61819,0.01345,0.0000,0.0000,0.0000,0.0000,0.1345,0.1116,0.0358,SAFE,False,6,3,,,,,,
1771435998.347,0.0,44.53,4.8754,0.783,13.0,1,-18586.930,45.50957,0.01262,0.0000,0.0000,0.0000,0.0000,0.1262,0.1063,0.0339,SAFE,False,6,3,,,,,,
1771435998.347,0.0,,,,,,,,,,,,,,,0.0339,SAFE,,5,,t1016_0,0.47,NORMAL,LOCAL,SAFE: all tasks permitted (weight=0.47),
1771435998.347,0.0,,,,,,,,,,,,,,,0.0339,SAFE,,4,,t1016_1,0.29,NORMAL,LOCAL,SAFE: all tasks permitted (weight=0.29),
1771435998.347,0.0,44.41,4.8401,0.835,16.8,1,-23768.629,-32.45663,0.01406,0.0000,0.0000,0.0450,1.0000,0.1406,0.1324,0.2464,SAFE,False,4,5,,,,,,
1771435998.347,0.0,44.12,4.8707,0.821,15.8,1,-5761.059,20.51597,0.01414,0.0000,0.0000,0.0000,0.0000,0.1414,0.1256,0.0393,SAFE,False,4,5,,,,,,
1771435998.347,0.0,,,,,,,,,,,,,,,0.0393,SAFE,,3,,t1018_0,0.28,NORMAL,LOCAL,SAFE: all tasks permitted (weight=0.28),
1771435998.347,0.0,44.11,4.8566,0.831,16.5,1,-19947.537,-23.12199,0.01422,0.0000,0.0000,0.0000,1.0000,0.1422,0.1306,0.2403,SAFE,False,7,0,,,,,,window_reset|B=7
1771435998.347,0.0,,,,,,,,,,,,,,,0.2403,SAFE,,6,,t1019_0,0.50,LOW,LOCAL,SAFE: all tasks permitted (weight=0.50),
1771435998.347,0.0,44.07,4.8367,0.859,18.5,1,-15385.832,-17.14236,0.01353,0.0000,0.0000,0.0605,1.0000,0.1353,0.1444,0.2503,WARNING,False,6,1,,,,,,
1771435998.347,0.0,,,,,,,,,,,,,,,0.2503,WARNING,,6,,t1020_0,0.82,CRITICAL,OFFLOAD,WARNING: heavy task offloaded (weight=0.82 >= 0.3),
1771435998.347,0.0,43.35,4.8359,0.844,17.4,1,-80887.827,-30.67095,0.01500,0.0000,0.0000,0.0643,1.0000,0.1500,0.1368,0.2507,WARNING,False,6,1,,,,,,
1771435998.347,0.0,43.55,4.8410,0.830,16.4,1,-84575.568,-34.14680,0.01570,0.0000,0.0000,0.0411,1.0000,0.1570,0.1298,0.2470,WARNING,False,6,1,,,,,,
1771435998.347,0.0,,,,,,,,,,,,,,,0.2470,WARNING,,6,,t1022_0,0.33,HIGH,OFFLOAD,WARNING: heavy task offloaded (weight=0.33 >= 0.3),
1771435998.347,0.0,43.72,4.8642,0.816,15.5,1,,,0.01463,0.0000,0.0000,0.0000,0.0000,0.1463,0.1232,0.0393,SAFE,False,6,1,,,,,,
1771435998.347,0.0,43.38,4.8638,0.804,14.6,1,,,0.01469,0.0000,0.0000,0.0000,0.0000,0.1469,0.1171,0.0381,SAFE,False,6,1,,,,,,
1771435998.347,0.0,44.50,4.8776,0.793,13.8,1,,,0.01559,0.0000,0.0000,0.0000,0.0000,0.1559,0.1114,0.0379,SAFE,False,6,1,,,,,,
1771435998.347,0.0,,,,,,,,,,,,,,,0.0379,SAFE,,5,,t1025_0,0.57,HIGH,LOCAL,SAFE: all tasks permitted (weight=0.57),
1771435998.347,0.0,43.26,4.8514,0.829,16.3,1,,,0.01509,0.0000,0.0000,0.0000,0.0000,0.1509,0.1294,0.0410,SAFE,False,5,2,,,,,,
1771435998.347,0.0,,,,,,,,,,,,,,,0.0410,SAFE,,4,,t1026_0,0.54,LOW,LOCAL,SAFE: all tasks permitted (weight=0.54),
1771435998.347,0.0,43.74,4.8220,0.860,18.6,1,,,0.01710,0.0000,0.0000,0.1271,0.0000,0.1710,0.1449,0.0626,SAFE,False,4,3,,,,,,
1771435998.347,0.0,43.92,4.8364,0.845,17.5,1,,,0.01620,0.0000,0.0000,0.0618,0.0000,0.1620,0.1373,0.0517,SAFE,False,4,3,,,,,,
1771435998.347,0.0,,,,,,,,,,,,,,,0.0517,SAFE,,3,,t1028_0,0.67,LOW,LOCAL,SAFE: all tasks permitted (weight=0.67),
1771435998.347,0.0,44.49,4.8292,0.885,20.4,2,,,0.01699,0.0000,0.0000,0.0943,0.0000,0.1699,0.1726,0.0638,SAFE,False,3,4,,,,,,
1771435998.347,0.0,,,,,,,,,,,,,,,0.0638,SAFE,,2,,t1029_0,0.75,LOW,LOCAL,SAFE: all tasks permitted (weight=0.75),
1771435998.347,0.0,43.24,4.8451,0.930,23.6,2,,,0.01566,0.0000,0.0000,0.0221,0.0000,0.1566,0.1949,0.0575,SAFE,False,2,5,,,,,,
1771435998.347,0.0,44.52,4.8270,0.910,22.1,2,,,0.01622,0.0000,0.0000,0.1044,0.0000,0.1622,0.1848,0.0668,SAFE,False,2,5,,,,,,
1771435998.347,0.0,44.10,4.8692,0.891,20.8,2,,,0.01742,0.0000,0.0000,0.0000,0.0000,0.1742,0.1755,0.0525,SAFE,False,2,5,,,,,,
1771435998.347,0.0,44.43,4.8452,0.873,19.5,2,,,0.01712,0.0000,0.0000,0.0220,0.0000,0.1712,0.1667,0.0533,SAFE,False,2,5,,,,,,
1771435998.347,0.0,44.05,4.8544,0.857,18.4,1,,,0.01708,0.0000,0.0000,0.0000,0.0000,0.1708,0.1436,0.0458,SAFE,False,9,0,,,,,,window_reset|B=9
1771435998.347,0.0,44.51,4.8276,0.842,17.3,1,,,0.01733,0.0000,0.0000,0.1019,0.0000,0.1733,0.1361,0.0578,SAFE,False,9,0,,,,,,
1771435998.347,0.0,43.80,4.8488,0.828,16.3,1,,,0.01650,0.0000,0.0000,0.0054,0.0000,0.1650,0.1291,0.0430,SAFE,False,9,0,,,,,,
1771435998.347,0.0,,,,,,,,,,,,,,,0.0430,SAFE,,8,,t1036_0,0.67,HIGH,LOCAL,SAFE: all tasks permitted (weight=0.67),
1771435998.347,0.0,44.37,4.8567,0.870,19.3,2,,,0.01379,0.0000,0.0000,0.0000,0.0000,0.1379,0.1649,0.0468,SAFE,False,8,1,,,,,,
1771435998.347,0.0,,,,,,,,,,,,,,,0.0468,SAFE,,7,,t1037_0,0.57,LOW,LOCAL,SAFE: all tasks permitted (weight=0.57),
1771435998.347,0.0,44.81,4.8162,0.900,21.4,2,,,0.01530,0.0000,0.0000,0.1534,0.0000,0.1530,0.1801,0.0713,SAFE,False,7,2,,,,,,
1771435998.347,0.0,44.40,4.8431,0.882,20.2,2,,,0.01433,0.0000,0.0000,0.0316,0.0000,0.1433,0.1711,0.0527,SAFE,False,7,2,,,,,,
1771435998.347,0.0,44.04,4.8543,0.865,19.0,1,,,0.01465,0.0000,0.0000,0.0000,0.0000,0.1465,0.1477,0.0442,SAFE,False,7,2,,,,,,
1771435998.347,0.0,43.79,4.8472,0.850,17.8,1,,,0.01406,0.0000,0.0000,0.0125,0.0000,0.1406,0.1398,0.0437,SAFE,False,7,2,,,,,,
1771435998.347,0.0,44.15,4.8581,0.835,16.8,1,,,0.01455,0.0000,0.0000,0.0000,0.0000,0.1455,0.1326,0.0411,SAFE,False,7,2,,,,,,
1771435998.347,0.0,44.11,4.8495,0.822,15.8,1,,,0.01344,0.0000,0.0000,0.0023,0.0000,0.1344,0.1258,0.0389,SAFE,False,7,2,,,,,,
1771435998.347,0.0,,,,,,,,,,,,,,,0.0389,SAFE,,6,,t1043_0,0.30,CRITICAL,LOCAL,SAFE: all tasks permitted (weight=0.30),
1771435998.347,0.0,44.01,4.8599,0.834,16.7,1,,,0.01239,0.0000,0.0000,0.0000,0.0000,0.1239,0.1320,0.0388,SAFE,False,6,3,,,,,,
1771435998.347,0.0,,,,,,,,,,,,,,,0.0388,SAFE,,5,,t1044_0,0.31,LOW,LOCAL,SAFE: all tasks permitted (weight=0.31),
1771435998.347,0.0,44.67,4.8303,0.846,17.6,1,,,0.01320,0.0000,0.0000,0.0894,0.0000,0.1320,0.1379,0.0524,SAFE,False,5,4,,,,,,
1771435998.347,0.0,44.19,4.8380,0.831,16.5,1,,,0.01305,0.0000,0.0000,0.0544,0.0000,0.1305,0.1307,0.0463,SAFE,False,5,4,,,,,,
1771435998.347,0.0,43.58,4.8555,0.818,15.6,1,,,0.01236,0.0000,0.0000,0.0000,0.0000,0.1236,0.1241,0.0372,SAFE,False,5,4,,,,,,
1771435998.347,0.0,44.10,4.8522,0.806,14.7,1,,,0.01245,0.0000,0.0000,0.0000,0.0000,0.1245,0.1179,0.0360,SAFE,False,5,4,,,,,,
1771435998.347,0.0,43.40,4.8713,0.794,13.9,1,,,0.01399,0.0000,0.0000,0.0000,0.0000,0.1399,0.1122,0.0364,SAFE,False,9,0,,,,,,window_reset|B=9
1771435998.347,0.0,,,,,,,,,,,,,,,0.0364,SAFE,,8,,t1049_0,0.33,NORMAL,LOCAL,SAFE: all tasks permitted (weight=0.33),
1771435998.348,0.0,43.51,4.8681,0.811,15.0,1,-30103.162,7.88847,0.01126,0.0000,0.0000,0.0000,0.0000,0.1126,0.1203,0.0353,SAFE,False,8,1,,,,,,
1771435998.348,0.0,,,,,,,,,,,,,,,0.0353,SAFE,,7,,t1050_0,0.26,NORMAL,LOCAL,SAFE: all tasks permitted (weight=0.26),
1771435998.348,0.0,43.99,4.8823,0.820,15.7,1,-5627.693,25.81263,0.01356,0.0000,0.0000,0.0000,0.0000,0.1356,0.1250,0.0386,SAFE,False,7,2,,,,,,
1771435998.348,0.0,,,,,,,,,,,,,,,0.0386,SAFE,,6,,t1051_0,0.79,NORMAL,LOCAL,SAFE: all tasks permitted (weight=0.79),
1771435998.348,0.0,43.92,4.8062,0.873,19.5,2,-4189.190,-42.26542,0.01926,0.0000,0.0000,0.1992,1.0000,0.1926,0.1663,0.2784,WARNING,False,6,3,,,,,,
1771435998.348,0.0,43.72,4.8415,0.856,18.3,1,-44979.424,8.76828,0.01943,0.0000,0.0000,0.0388,0.0000,0.1943,0.1432,0.0531,SAFE,False,6,3,,,,,,
1771435998.348,0.0,43.72,4.8471,0.841,17.2,1,-21908.460,7.11702,0.01934,0.0000,0.0000,0.0133,0.0000,0.1934,0.1357,0.0482,SAFE,False,6,3,,,,,,
1771435998.348,0.0,43.91,4.8491,0.828,16.3,1,15768.776,-5.06023,0.01934,0.0000,1.0000,0.0043,1.0000,0.1934,0.1288,0.4957,WARNING,False,6,3,,,,,,
1771435998.348,0.0,44.11,4.8301,0.815,15.3,1,389.473,-17.37955,0.01984,0.0000,1.0000,0.0905,1.0000,0.1984,0.1223,0.5060,WARNING,False,6,3,,,,,,
1771435998.348,0.0,43.13,4.8679,0.802,14.5,1,-12927.163,-2.70611,0.01982,0.0000,0.0000,0.0000,1.0000,0.1982,0.1162,0.2431,WARNING,False,6,3,,,,,,
1771435998.348,0.0,43.63,4.8903,0.791,13.7,1,,,0.02216,0.0000,0.0000,0.0000,0.0000,0.2216,0.1106,0.0443,SAFE,False,6,3,,,,,,
1771435998.348,0.0,43.55,4.8605,0.781,12.9,1,,,0.02221,0.0000,0.0000,0.0000,0.0000,0.2221,0.1054,0.0433,SAFE,False,6,3,,,,,,
1771435998.348,0.0,,,,,,,,,,,,,,,0.0433,SAFE,,5,,t1059_0,0.42,NORMAL,LOCAL,SAFE: all tasks permitted (weight=0.42),
1771435998.348,0.0,43.33,4.8730,0.806,14.7,1,,,0.02268,0.0000,0.0000,0.0000,0.0000,0.2268,0.1180,0.0463,SAFE,False,5,4,,,,,,
1771435998.348,0.0,,,,,,,,,,,,,,,0.0463,SAFE,,4,,t1060_0,0.38,NORMAL,LOCAL,SAFE: all tasks permitted (weight=0.38),
1771435998.348,0.0,43.87,4.8375,0.826,16.1,1,,,0.02286,0.0000,0.0000,0.0566,0.0000,0.2286,0.1280,0.0558,SAFE,False,4,5,,,,,,
1771435998.348,0.0,43.90,4.8836,0.813,15.2,1,,,0.02401,0.0000,0.0000,0.0000,0.0000,0.2401,0.1215,0.0483,SAFE,False,4,5,,,,,,
1771435998.348,0.0,43.43,4.8486,0.801,14.4,1,,,0.02267,0.0000,0.0000,0.0063,0.0000,0.2267,0.1155,0.0466,SAFE,False,4,5,,,,,,
1771435998.348,0.0,43.68,4.8794,0.790,13.6,1,,,0.01879,0.0000,0.0000,0.0000,0.0000,0.1879,0.1100,0.0408,SAFE,False,9,0,,,,,,window_reset|B=9
1771435998.348,0.0,43.68,4.8497,0.780,12.8,1,,,0.01828,0.0000,0.0000,0.0015,0.0000,0.1828,0.1048,0.0394,SAFE,False,9,0,,,,,,
1771435998.348,0.0,,,,,,,,,,,,,,,0.0394,SAFE,,8,,t1065_0,0.48,NORMAL,LOCAL,SAFE: all tasks permitted (weight=0.48),
1771435998.348,0.0,43.35,4.8725,0.810,15.0,1,,,0.01816,0.0000,0.0000,0.0000,0.0000,0.1816,0.1200,0.0422,SAFE,False,8,1,,,,,,
1771435998.348,0.0,43.44,4.8354,0.798,14.2,1,,,0.01932,0.0000,0.0000,0.0665,0.0000,0.1932,0.1141,0.0508,SAFE,False,8,1,,,,,,
1771435998.348,0.0,43.66,4.8519,0.787,13.4,1,,,0.01727,0.0000,0.0000,0.0000,0.0000,0.1727,0.1087,0.0390,SAFE,False,8,1,,,,,,
1771435998.348,0.0,,,,,,,,,,,,,,,0.0390,SAFE,,7,,t1068_0,0.59,LOW,LOCAL,SAFE: all tasks permitted (weight=0.59),
1771435998.348,0.0,,,,,,,,,,,,,,,0.0390,SAFE,,6,,t1068_1,0.69,NORMAL,LOCAL,SAFE: all tasks permitted (weight=0.69),
1771435998.348,0.0,43.58,4.8360,0.883,20.2,2,,,0.01863,0.0000,0.0000,0.0634,0.0000,0.1863,0.1715,0.0612,SAFE,False,6,3,,,,,,
1771435998.348,0.0,43.12,4.8800,0.866,19.0,2,,,0.01740,0.0000,0.0000,0.0000,0.0000,0.1740,0.1631,0.0500,SAFE,False,6,3,,,,,,
1771435998.348,0.0,43.14,4.8526,0.851,17.9,1,,,0.01748,0.0000,0.0000,0.0000,0.0000,0.1748,0.1403,0.0455,SAFE,False,6,3,,,,,,
1771435998.348,0.0,43.40,4.8669,0.836,16.9,1,,,0.01714,0.0000,0.0000,0.0000,0.0000,0.1714,0.1330,0.0437,SAFE,False,6,3,,,,,,
1771435998.348,0.0,43.52,4.8396,0.822,15.9,1,,,0.01694,0.0000,0.0000,0.0473,0.0000,0.1694,0.1262,0.0483,SAFE,False,6,3,,,,,,
1771435998.348,0.0,42.92,4.8551,0.810,15.0,1,,,0.01508,0.0000,0.0000,0.0000,0.0000,0.1508,0.1199,0.0391,SAFE,False,6,3,,,,,,
1771435998.348,0.0,43.02,4.8760,0.798,14.1,1,,,0.01589,0.0000,0.0000,0.0000,0.0000,0.1589,0.1140,0.0387,SAFE,False,6,3,,,,,,
1771435998.348,0.0,43.23,4.8709,0.787,13.4,1,,,0.01509,0.0000,0.0000,0.0000,0.0000,0.1509,0.1085,0.0368,SAFE,False,6,3,,,,,,
1771435998.348,0.0,43.64,4.8655,0.777,12.6,1,,,0.01506,0.0000,0.0000,0.0000,0.0000,0.1506,0.1035,0.0358,SAFE,False,6,3,,,,,,
1771435998.348,0.0,43.11,4.8926,0.767,12.0,1,,,0.01746,0.0000,0.0000,0.0000,0.0000,0.1746,0.0987,0.0372,SAFE,False,6,3,,,,,,
1771435998.348,0.0,43.02,4.8806,0.759,11.3,1,,,0.01654,0.0000,0.0000,0.0000,0.0000,0.1654,0.0943,0.0354,SAFE,False,9,0,,,,,,window_reset|B=9
1771435998.348,0.0,43.43,4.8597,0.751,10.8,0,,,0.01621,0.0000,0.0000,0.0000,0.0000,0.1621,0.0753,0.0313,SAFE,False,9,0,,,,,,
1771435998.348,0.0,42.55,4.8645,0.743,10.2,0,,,0.01374,0.0000,0.0000,0.0000,0.0000,0.1374,0.0715,0.0280,SAFE,False,9,0,,,,,,
1771435998.348,0.0,,,,,,,,,,,,,,,0.0280,SAFE,,8,,t1081_0,0.22,NORMAL,LOCAL,SAFE: all tasks permitted (weight=0.22),
1771435998.348,0.0,42.76,4.8528,0.755,11.0,1,,,0.01366,0.0000,0.0000,0.0000,0.0000,0.1366,0.0923,0.0321,SAFE,False,8,1,,,,,,
1771435998.348,0.0,42.74,4.8904,0.747,10.5,0,,,0.01481,0.0000,0.0000,0.0000,0.0000,0.1481,0.0733,0.0295,SAFE,False,8,1,,,,,,
1771435998.348,0.0,,,,,,,,,,,,,,,0.0295,SAFE,,7,,t1083_0,0.27,NORMAL,LOCAL,SAFE: all tasks permitted (weight=0.27),
1771435998.348,0.0,43.16,4.8768,0.762,11.6,1,,,0.01500,0.0000,0.0000,0.0000,0.0000,0.1500,0.0959,0.0342,SAFE,False,7,2,,,,,,
1771435998.348,0.0,,,,,,,,,,,,,,,0.0342,SAFE,,6,,t1084_0,0.26,HIGH,LOCAL,SAFE: all tasks permitted (weight=0.26),
1771435998.349,0.0,42.83,4.8897,0.775,12.5,1,-50238.230,25.02990,0.01318,0.0000,0.0000,0.0000,0.0000,0.1318,0.1025,0.0337,SAFE,False,6,3,,,,,,
1771435998.349,0.0,42.09,4.8651,0.766,11.8,1,-63589.534,-28.40845,0.01232,0.0000,0.0000,0.0000,1.0000,0.1232,0.0979,0.2319,SAFE,False,6,3,,,,,,
1771435998.349,0.0,42.37,4.8576,0.757,11.2,1,-40144.841,-23.77025,0.01306,0.0000,0.0000,0.0000,1.0000,0.1306,0.0935,0.2318,SAFE,False,6,3,,,,,,
1771435998.349,0.0,42.81,4.8504,0.749,10.6,0,-38698.654,-9.63360,0.01440,0.0000,0.0000,0.0000,1.0000,0.1440,0.0745,0.2293,SAFE,False,6,3,,,,,,
1771435998.349,0.0,42.53,4.8813,0.742,10.1,0,-1105.559,17.30779,0.01460,0.0000,0.0000,0.0000,0.0000,0.1460,0.0708,0.0288,SAFE,False,6,3,,,,,,
1771435998.349,0.0,42.51,4.8574,0.735,9.6,0,-15379.089,4.75019,0.01363,0.0000,0.0000,0.0000,0.0000,0.1363,0.0673,0.0271,SAFE,False,6,3,,,,,,
1771435998.349,0.0,42.13,4.8697,0.728,9.1,0,-37876.937,-21.31874,0.01317,0.0000,0.0000,0.0000,1.0000,0.1317,0.0640,0.2260,SAFE,False,6,3,,,,,,
1771435998.349,0.0,41.85,4.9012,0.722,8.7,0,-80828.109,25.14290,0.01574,0.0000,0.0000,0.0000,0.0000,0.1574,0.0610,0.0279,SAFE,False,6,3,,,,,,
1771435998.349,0.0,42.13,4.8734,0.716,8.3,0,,,0.01560,0.0000,0.0000,0.0000,0.0000,0.1560,0.0582,0.0273,SAFE,False,6,3,,,,,,
1771435998.349,0.0,,,,,,,,,,,,,,,0.0273,SAFE,,5,,t1093_0,0.39,NORMAL,LOCAL,SAFE: all tasks permitted (weight=0.39),
1771435998.349,0.0,41.85,4.9034,0.744,10.3,0,,,0.01661,0.0000,0.0000,0.0000,0.0000,0.1661,0.0720,0.0310,SAFE,False,9,0,,,,,,window_reset|B=9
1771435998.349,0.0,,,,,,,,,,,,,,,0.0310,SAFE,,8,,t1094_0,0.79,LOW,LOCAL,SAFE: all tasks permitted (weight=0.79),
1771435998.349,0.0,42.28,4.8449,0.803,14.5,1,,,0.01810,0.0000,0.0000,0.0230,0.0000,0.1810,0.1165,0.0444,SAFE,False,8,1,,,,,,
1771435998.349,0.0,,,,,,,,,,,,,,,0.0444,SAFE,,7,,t1095_0,0.70,NORMAL,LOCAL,SAFE: all tasks permitted (weight=0.70),
1771435998.349,0.0,42.64,4.8595,0.850,17.9,1,,,0.01839,0.0000,0.0000,0.0000,0.0000,0.1839,0.1400,0.0464,SAFE,False,7,2,,,,,,
1771435998.349,0.0,42.31,4.8381,0.835,16.8,1,,,0.01954,0.0000,0.0000,0.0539,0.0000,0.1954,0.1327,0.0531,SAFE,False,7,2,,,,,,
1771435998.349,0.0,42.69,4.8633,0.822,15.8,1,,,0.01956,0.0000,0.0000,0.0000,0.0000,0.1956,0.1259,0.0447,SAFE,False,7,2,,,,,,
1771435998.349,0.0,,,,,,,,,,,,,,,0.0447,SAFE,,6,,t1098_0,0.31,CRITICAL,LOCAL,SAFE: all tasks permitted (weight=0.31),
1771435998.349,0.0,42.27,4.8650,0.835,16.8,1,,,0.01938,0.0000,0.0000,0.0000,0.0000,0.1938,0.1327,0.0459,SAFE,False,6,3,,,,,,
1771435998.349,0.0,42.47,4.8441,0.822,15.9,1,,,0.01990,0.0000,0.0000,0.0267,0.0000,0.1990,0.1260,0.0486,SAFE,False,6,3,,,,,,
1771435998.349,0.0,42.09,4.8310,0.809,15.0,1,,,0.02163,0.0000,0.0000,0.0864,0.0000,0.2163,0.1197,0.0568,SAFE,False,6,3,,,,,,
1771435998.349,0.0,,,,,,,,,,,,,,,0.0568,SAFE,,5,,t1101_0,0.37,HIGH,LOCAL,SAFE: all tasks permitted (weight=0.37),
1771435998.349,0.0,42.11,4.8439,0.829,16.3,1,,,0.02221,0.0000,0.0000,0.0278,0.0000,0.2221,0.1293,0.0517,SAFE,False,5,4,,,,,,
1771435998.349,0.0,42.49,4.8555,0.816,15.4,1,,,0.02212,0.0000,0.0000,0.0000,0.0000,0.2212,0.1228,0.0467,SAFE,False,5,4,,,,,,
1771435998.349,0.0,,,,,,,,,,,,,,,0.0467,SAFE,,4,,t1103_0,0.65,LOW,LOCAL,SAFE: all tasks permitted (weight=0.65),
1771435998.349,0.0,42.56,4.8667,0.858,18.5,1,,,0.01858,0.0000,0.0000,0.0000,0.0000,0.1858,0.1442,0.0474,SAFE,False,4,5,,,,,,
1771435998.349,0.0,,,,,,,,,,,,,,,0.0474,SAFE,,3,,t1104_0,0.59,HIGH,LOCAL,SAFE: all tasks permitted (weight=0.59),
1771435998.349,0.0,42.41,4.8256,0.893,20.9,2,,,0.01980,0.0000,0.0000,0.1109,0.0000,0.1980,0.1765,0.0695,SAFE,False,3,6,,,,,,
1771435998.349,0.0,42.27,4.8248,0.875,19.7,2,,,0.01447,0.0000,0.0000,0.1147,0.0000,0.1447,0.1677,0.0629,SAFE,False,3,6,,,,,,
1771435998.349,0.0,,,,,,,,,,,,,,,0.0629,SAFE,,2,,t1106_0,0.39,LOW,LOCAL,SAFE: all tasks permitted (weight=0.39),
1771435998.349,0.0,42.50,4.8353,0.892,20.9,2,,,0.01482,0.0000,0.0000,0.0668,0.0000,0.1482,0.1761,0.0587,SAFE,False,2,7,,,,,,
1771435998.349,0.0,42.60,4.8395,0.875,19.6,2,,,0.01433,0.0000,0.0000,0.0476,0.0000,0.1433,0.1673,0.0540,SAFE,False,2,7,,,,,,
1771435998.349,0.0,42.78,4.8333,0.858,18.5,1,,,0.01456,0.0000,0.0000,0.0757,0.0000,0.1456,0.1442,0.0532,SAFE,False,9,0,,,,,,window_reset|B=9
1771435998.349,0.0,,,,,,,,,,,,,,,0.0532,SAFE,,8,,t1109_0,0.42,HIGH,LOCAL,SAFE: all tasks permitted (weight=0.42),
1771435998.349,0.0,42.59,4.8273,0.879,19.9,2,,,0.01397,0.0000,0.0000,0.1030,0.0000,0.1397,0.1695,0.0613,SAFE,False,8,1,,,,,,
1771435998.349,0.0,42.71,4.8481,0.862,18.7,1,,,0.01222,0.0000,0.0000,0.0087,0.0000,0.1222,0.1462,0.0426,SAFE,False,8,1,,,,,,
1771435998.349,0.0,42.67,4.8409,0.847,17.6,1,,,0.01216,0.0000,0.0000,0.0416,0.0000,0.1216,0.1385,0.0453,SAFE,False,8,1,,,,,,
1771435998.349,0.0,42.77,4.8625,0.833,16.6,1,,,0.01341,0.0000,0.0000,0.0000,0.0000,0.1341,0.1313,0.0397,SAFE,False,8,1,,,,,,
1771435998.349,0.0,42.62,4.8464,0.819,15.7,1,,,0.01345,0.0000,0.0000,0.0165,0.0000,0.1345,0.1246,0.0405,SAFE,False,8,1,,,,,,
1771435998.349,0.0,43.10,4.8573,0.807,14.8,1,,,0.01361,0.0000,0.0000,0.0000,0.0000,0.1361,0.1184,0.0373,SAFE,False,8,1,,,,,,
1771435998.349,0.0,,,,,,,,,,,,,,,0.0373,SAFE,,7,,t1115_0,0.75,LOW,LOCAL,SAFE: all tasks permitted (weight=0.75),
1771435998.349,0.0,42.75,4.8508,0.859,18.5,1,,,0.01184,0.0000,0.0000,0.0000,0.0000,0.1184,0.1443,0.0407,SAFE,False,7,2,,,,,,
1771435998.349,0.0,43.16,4.8391,0.843,17.4,1,,,0.01093,0.0000,0.0000,0.0495,0.0000,0.1093,0.1367,0.0447,SAFE,False,7,2,,,,,,
1771435998.350,0.0,42.88,4.8428,0.829,16.4,1,17485.523,15.42551,0.00960,0.0000,1.0000,0.0328,0.0000,0.0960,0.1296,0.2898,WARNING,False,7,2,,,,,,
1771435998.350,0.0,42.74,4.8499,0.816,15.4,1,2106.544,1.81869,0.00940,0.0000,1.0000,0.0004,0.0000,0.0940,0.1231,0.2841,WARNING,False,7,2,,,,,,
1771435998.350,0.0,42.83,4.8552,0.804,14.6,1,9463.899,14.37038,0.00966,0.0000,1.0000,0.0000,0.0000,0.0966,0.1170,0.2831,WARNING,False,7,2,,,,,,
1771435998.350,0.0,42.84,4.8806,0.793,13.8,1,4113.964,18.17536,0.01278,0.0000,1.0000,0.0000,0.0000,0.1278,0.1113,0.2850,WARNING,False,7,2,,,,,,
1771435998.350,0.0,,,,,,,,,,,,,,,0.2850,WARNING,,7,,t1121_0,0.70,NORMAL,OFFLOAD,WARNING: heavy task offloaded (weight=0.70 >= 0.3),
1771435998.350,0.0,43.25,4.8649,0.782,13.0,1,37990.680,18.53427,0.01135,0.0000,1.0000,0.0000,0.0000,0.1135,0.1061,0.2826,WARNING,False,7,2,,,,,,
1771435998.350,0.0,43.22,4.8710,0.772,12.3,1,6748.433,13.68847,0.01223,0.0000,1.0000,0.0000,0.0000,0.1223,0.1012,0.2825,WARNING,False,7,2,,,,,,
1771435998.350,0.0,42.43,4.8835,0.763,11.7,1,-19265.199,32.76068,0.01368,0.0000,0.0000,0.0000,0.0000,0.1368,0.0966,0.0330,SAFE,False,9,0,,,,,,window_reset|B=9
1771435998.350,0.0,42.90,4.8920,0.755,11.0,1,-15559.871,52.82365,0.01650,0.0000,0.0000,0.0000,0.0000,0.1650,0.0923,0.0350,SAFE,False,9,0,,,,,,
1771435998.350,0.0,42.43,4.8962,0.747,10.5,0,,,0.01842,0.0000,0.0000,0.0000,0.0000,0.1842,0.0734,0.0331,SAFE,False,9,0,,,,,,
1771435998.350,0.0,,,,,,,,,,,,,,,0.0331,SAFE,,8,,t1126_0,0.46,NORMAL,LOCAL,SAFE: all tasks permitted (weight=0.46),
1771435998.350,0.0,42.48,4.8871,0.778,12.7,1,,,0.01917,0.0000,0.0000,0.0000,0.0000,0.1917,0.1041,0.0400,SAFE,False,8,1,,,,,,
1771435998.351,0.0,42.55,4.8637,0.769,12.0,1,-27292.790,13.81773,0.01853,0.0000,0.0000,0.0000,0.0000,0.1853,0.0993,0.0384,SAFE,False,8,1,,,,,,
1771435998.351,0.0,42.54,4.8767,0.760,11.4,1,-29033.327,-6.39585,0.01629,0.0000,0.0000,0.0000,1.0000,0.1629,0.0949,0.2353,SAFE,False,8,1,,,,,,
1771435998.351,0.0,,,,,,,,,,,,,,,0.2353,SAFE,,7,,t1129_0,0.27,NORMAL,LOCAL,SAFE: all tasks permitted (weight=0.27),
1771435998.351,0.0,42.46,4.8771,0.775,12.5,1,-77502.151,19.86842,0.01372,0.0000,0.0000,0.0000,0.0000,0.1372,0.1023,0.0342,SAFE,False,7,2,,,,,,
1771435998.351,0.0,42.15,4.8691,0.765,11.8,1,-104041.625,-3.09656,0.01169,0.0000,0.0000,0.0000,1.0000,0.1169,0.0976,0.2312,SAFE,False,7,2,,,,,,
1771435998.351,0.0,,,,,,,,,,,,,,,0.2312,SAFE,,6,,t1131_0,0.69,NORMAL,LOCAL,SAFE: all tasks permitted (weight=0.69),
1771435998.351,0.0,42.34,4.8600,0.815,15.3,1,-8872.110,-38.35636,0.01102,0.0000,0.0000,0.0000,1.0000,0.1102,0.1224,0.2355,SAFE,False,6,3,,,,,,
1771435998.351,0.0,42.54,4.8933,0.803,14.5,1,-35364.349,2.15528,0.01191,0.0000,0.0000,0.0000,0.0000,0.1191,0.1164,0.0352,SAFE,False,6,3,,,,,,
1771435998.351,0.0,,,,,,,,,,,,,,,0.0352,SAFE,,5,,t1133_0,0.35,HIGH,LOCAL,SAFE: all tasks permitted (weight=0.35),
1771435998.351,0.0,42.82,4.8549,0.821,15.8,1,38485.555,-67.22617,0.01308,0.0000,1.0000,0.0000,1.0000,0.1308,0.1254,0.4882,WARNING,False,5,4,,,,,,
1771435998.351,0.0,42.60,4.8379,0.808,14.9,1,12101.549,-80.09555,0.01698,0.0000,1.0000,0.0550,1.0000,0.1698,0.1192,0.4980,WARNING,False,5,4,,,,,,
1771435998.351,0.0,,,,,,,,,,,,,,,0.4980,WARNING,,4,,t1135_0,0.30,NORMAL,LOCAL,WARNING: lightweight task permitted (weight=0.30 < 0.3),
1771435998.351,0.0,42.69,4.8631,0.822,15.9,1,,,0.01699,0.0000,0.0000,0.0000,0.0000,0.1699,0.1260,0.0422,SAFE,False,4,5,,,,,,
1771435998.351,0.0,42.58,4.8643,0.809,15.0,1,,,0.01606,0.0000,0.0000,0.0000,0.0000,0.1606,0.1197,0.0400,SAFE,False,4,5,,,,,,
1771435998.351,0.0,,,,,,,,,,,,,,,0.0400,SAFE,,3,,t1137_0,0.30,LOW,LOCAL,SAFE: all tasks permitted (weight=0.30),
1771435998.351,0.0,42.66,4.8523,0.823,15.9,1,,,0.01468,0.0000,0.0000,0.0000,0.0000,0.1468,0.1266,0.0400,SAFE,False,3,6,,,,,,
1771435998.351,0.0,,,,,,,,,,,,,,,0.0400,SAFE,,2,,t1138_0,0.55,NORMAL,LOCAL,SAFE: all tasks permitted (weight=0.55),
1771435998.351,0.0,42.61,4.8488,0.857,18.4,1,,,0.01403,0.0000,0.0000,0.0055,0.0000,0.1403,0.1437,0.0435,SAFE,False,9,0,,,,,,window_reset|B=9
1771435998.351,0.0,,,,,,,,,,,,,,,0.0435,SAFE,,8,,t1139_0,0.75,CRITICAL,LOCAL,SAFE: all tasks permitted (weight=0.75),
1771435998.351,0.0,42.43,4.8580,0.906,21.9,2,,,0.01411,0.0000,0.0000,0.0000,0.0000,0.1411,0.1832,0.0507,SAFE,False,8,1,,,,,,
1771435998.351,0.0,42.64,4.8267,0.888,20.6,2,11925.636,-130.96747,0.01660,0.0000,1.0000,0.1060,1.0000,0.1660,0.1739,0.5152,WARNING,False,8,1,,,,,,
1771435998.351,0.0,,,,,,,,,,,,,,,0.5152,WARNING,,8,,t1141_0,0.79,NORMAL,OFFLOAD,WARNING: heavy task offloaded (weight=0.79 >= 0.3),
1771435998.351,0.0,43.27,4.8477,0.871,19.3,2,53460.703,-14.16361,0.01587,0.0000,1.0000,0.0106,1.0000,0.1587,0.1653,0.5003,WARNING,False,8,1,,,,,,
1771435998.351,0.0,,,,,,,,,,,,,,,0.5003,WARNING,,8,,t1142_0,0.58,HIGH,OFFLOAD,WARNING: heavy task offloaded (weight=0.58 >= 0.3),
1771435998.351,0.0,42.89,4.8570,0.855,18.2,1,33685.820,37.45065,0.01540,0.0000,1.0000,0.0000,0.0000,0.1540,0.1423,0.2939,WARNING,False,8,1,,,,,,
1771435998.351,0.0,,,,,,,,,,,,,,,0.2939,WARNING,,8,,t1143_0,0.42,LOW,OFFLOAD,WARNING: heavy task offloaded (weight=0.42 >= 0.3),
1771435998.351,0.0,42.33,4.8257,0.840,17.1,1,-42684.327,-73.36258,0.01732,0.0000,0.0000,0.1103,1.0000,0.1732,0.1349,0.2586,WARNING,False,8,1,,,,,,
1771435998.351,0.0,42.86,4.8427,0.826,16.1,1,33246.660,-42.47682,0.01230,0.0000,1.0000,0.0334,1.0000,0.1230,0.1280,0.4922,WARNING,False,8,1,,,,,,
1771435998.351,0.0,43.01,4.8530,0.813,15.2,1,41360.283,1.27027,0.01223,0.0000,1.0000,0.0000,0.0000,0.1223,0.1215,0.2865,WARNING,False,8,1,,,,,,
1771435998.351,0.0,43.08,4.8376,0.801,14.4,1,54872.647,-21.96281,0.01225,0.0000,1.0000,0.0563,1.0000,0.1225,0.1155,0.4927,WARNING,False,8,1,,,,,,
1771435998.351,0.0,,,,,,,,,,,,,,,0.4927,WARNING,,8,,t1147_0,0.73,LOW,OFFLOAD,WARNING: heavy task offloaded (weight=0.73 >= 0.3),
1771435998.351,0.0,42.77,4.8555,0.790,13.6,1,40414.488,-4.74527,0.01164,0.0000,1.0000,0.0000,1.0000,0.1164,0.1100,0.4836,WARNING,False,8,1,,,,,,
1771435998.351,0.0,,,,,,,,,,,,,,,0.4836,WARNING,,8,,t1148_0,0.35,NORMAL,OFFLOAD,WARNING: heavy task offloaded (weight=0.35 >= 0.3),
1771435998.351,0.0,43.36,4.8787,0.780,12.8,1,,,0.01385,0.0000,0.0000,0.0000,0.0000,0.1385,0.1048,0.0348,SAFE,False,8,1,,,,,,
1771435998.351,0.0,42.30,4.8790,0.770,12.1,1,,,0.01621,0.0000,0.0000,0.0000,0.0000,0.1621,0.1000,0.0362,SAFE,False,8,1,,,,,,
1771435998.351,0.0,42.50,4.8636,0.761,11.5,1,,,0.01657,0.0000,0.0000,0.0000,0.0000,0.1657,0.0955,0.0357,SAFE,False,8,1,,,,,,
1771435998.351,0.0,,,,,,,,,,,,,,,0.0357,SAFE,,7,,t1151_0,0.35,NORMAL,LOCAL,SAFE: all tasks permitted (weight=0.35),
1771435998.351,0.0,42.51,4.8680,0.782,13.0,1,,,0.01709,0.0000,0.0000,0.0000,0.0000,0.1709,0.1062,0.0383,SAFE,False,7,2,,,,,,
1771435998.351,0.0,42.94,4.8346,0.773,12.3,1,,,0.01619,0.0000,0.0000,0.0699,0.0000,0.1619,0.1013,0.0455,SAFE,False,7,2,,,,,,
1771435998.351,0.0,42.59,4.8669,0.763,11.7,1,,,0.01647,0.0000,0.0000,0.0000,0.0000,0.1647,0.0967,0.0358,SAFE,False,9,0,,,,,,window_reset|B=9
1771435998.351,0.0,42.63,4.8766,0.755,11.1,1,,,0.01751,0.0000,0.0000,0.0000,0.0000,0.1751,0.0925,0.0360,SAFE,False,9,0,,,,,,
1771435998.351,0.0,,,,,,,,,,,,,,,0.0360,SAFE,,8,,t1155_0,0.30,HIGH,LOCAL,SAFE: all tasks permitted (weight=0.30),
1771435998.351,0.0,,,,,,,,,,,,,,,0.0360,SAFE,,7,,t1155_1,0.28,HIGH,LOCAL,SAFE: all tasks permitted (weight=0.28),
1771435998.351,0.0,42.27,4.8396,0.796,14.0,1,,,0.01579,0.0000,0.0000,0.0471,0.0000,0.1579,0.1131,0.0445,SAFE,False,7,2,,,,,,
1771435998.351,0.0,42.03,4.8550,0.785,13.2,1,,,0.01515,0.0000,0.0000,0.0000,0.0000,0.1515,0.1077,0.0367,SAFE,False,7,2,,,,,,
1771435998.351,0.0,,,,,,,,,,,,,,,0.0367,SAFE,,6,,t1157_0,0.69,NORMAL,LOCAL,SAFE: all tasks permitted (weight=0.69),
1771435998.351,0.0,42.27,4.8372,0.835,16.8,1,,,0.01626,0.0000,0.0000,0.0581,0.0000,0.1626,0.1323,0.0503,SAFE,False,6,3,,,,,,
1771435998.351,0.0,42.37,4.8468,0.821,15.8,1,,,0.01549,0.0000,0.0000,0.0146,0.0000,0.1549,0.1255,0.0425,SAFE,False,6,3,,,,,,
1771435998.351,0.0,,,,,,,,,,,,,,,0.0425,SAFE,,5,,t1159_0,0.48,NORMAL,LOCAL,SAFE: all tasks permitted (weight=0.48),
1771435998.351,0.0,42.46,4.8599,0.849,17.8,1,,,0.01547,0.0000,0.0000,0.0000,0.0000,0.1547,0.1397,0.0434,SAFE,False,5,4,,,,,,
1771435998.351,0.0,,,,,,,,,,,,,,,0.0434,SAFE,,4,,t1160_0,0.54,CRITICAL,LOCAL,SAFE: all tasks permitted (weight=0.54),
1771435998.351,0.0,42.11,4.8570,0.881,20.1,2,,,0.01427,0.0000,0.0000,0.0000,0.0000,0.1427,0.1706,0.0484,SAFE,False,4,5,,,,,,
1771435998.352,0.0,42.69,4.8405,0.865,18.9,1,6138.444,-26.16290,0.01325,0.0000,1.0000,0.0431,1.0000,0.1325,0.1473,0.4983,WARNING,False,4,5,,,,,,
1771435998.352,0.0,42.96,4.8711,0.849,17.8,1,19437.552,-5.43774,0.01386,0.0000,1.0000,0.0000,1.0000,0.1386,0.1395,0.4918,WARNING,False,4,5,,,,,,
1771435998.352,0.0,,,,,,,,,,,,,,,0.4918,WARNING,,4,,t1163_0,0.46,CRITICAL,OFFLOAD,WARNING: heavy task offloaded (weight=0.46 >= 0.3),
1771435998.352,0.0,42.74,4.8455,0.834,16.7,1,28011.970,5.82651,0.01341,0.0000,1.0000,0.0204,0.0000,0.1341,0.1322,0.2925,WARNING,False,4,5,,,,,,
1771435998.352,0.0,42.71,4.8946,0.821,15.8,1,40566.560,39.22133,0.01658,0.0000,1.0000,0.0000,0.0000,0.1658,0.1255,0.2917,WARNING,False,4,5,,,,,,
1771435998.352,0.0,,,,,,,,,,,,,,,0.2917,WARNING,,4,,t1165_0,0.51,HIGH,OFFLOAD,WARNING: heavy task offloaded (weight=0.51 >= 0.3),
1771435998.352,0.0,42.73,4.8798,0.808,14.9,1,27462.835,42.20647,0.01754,0.0000,1.0000,0.0000,0.0000,0.1754,0.1192,0.2914,WARNING,False,4,5,,,,,,
1771435998.352,0.0,,,,,,,,,,,,,,,0.2914,WARNING,,3,,t1166_0,0.30,NORMAL,LOCAL,WARNING: lightweight task permitted (weight=0.30 < 0.3),
1771435998.352,0.0,42.70,4.8709,0.822,15.9,1,19191.962,23.90865,0.01712,0.0000,1.0000,0.0000,0.0000,0.1712,0.1262,0.2924,WARNING,False,3,6,,,,,,
1771435998.352,0.0,42.10,4.8670,0.810,15.0,1,-21572.900,7.01705,0.01630,0.0000,0.0000,0.0000,0.0000,0.1630,0.1199,0.0403,SAFE,False,3,6,,,,,,
1771435998.352,0.0,,,,,,,,,,,,,,,0.0403,SAFE,,2,,t1168_0,0.33,CRITICAL,LOCAL,SAFE: all tasks permitted (weight=0.33),
1771435998.352,0.0,42.93,4.8648,0.826,16.2,1,49007.527,7.80894,0.01626,0.0000,1.0000,0.0000,0.0000,0.1626,0.1281,0.2919,WARNING,False,7,0,,,,,,window_reset|B=7
1771435998.352,0.0,42.92,4.8657,0.813,15.2,1,,,0.01457,0.0000,0.0000,0.0000,0.0000,0.1457,0.1216,0.0389,SAFE,False,7,0,,,,,,
1771435998.352,0.0,,,,,,,,,,,,,,,0.0389,SAFE,,6,,t1170_0,0.44,NORMAL,LOCAL,SAFE: all tasks permitted (weight=0.44),
1771435998.352,0.0,42.83,4.8487,0.839,17.1,1,,,0.01439,0.0000,0.0000,0.0060,0.0000,0.1439,0.1344,0.0421,SAFE,False,6,1,,,,,,
1771435998.352,0.0,42.52,4.8434,0.825,16.1,1,,,0.01545,0.0000,0.0000,0.0300,0.0000,0.1545,0.1275,0.0449,SAFE,False,6,1,,,,,,
1771435998.352,0.0,,,,,,,,,,,,,,,0.0449,SAFE,,5,,t1172_0,0.77,LOW,LOCAL,SAFE: all tasks permitted (weight=0.77),
1771435998.352,0.0,42.89,4.8603,0.878,19.9,2,,,0.01538,0.0000,0.0000,0.0000,0.0000,0.1538,0.1691,0.0492,SAFE,False,5,2,,,,,,
1771435998.352,0.0,,,,,,,,,,,,,,,0.0492,SAFE,,4,,t1173_0,0.47,HIGH,LOCAL,SAFE: all tasks permitted (weight=0.47),
1771435998.352,0.0,42.80,4.8342,0.902,21.6,2,,,0.01621,0.0000,0.0000,0.0718,0.0000,0.1621,0.1810,0.0618,SAFE,False,4,3,,,,,,
1771435998.352,0.0,42.56,4.8408,0.884,20.3,2,,,0.01696,0.0000,0.0000,0.0417,0.0000,0.1696,0.1719,0.0568,SAFE,False,4,3,,,,,,
1771435998.352,0.0,42.55,4.8439,0.867,19.1,2,,,0.01708,0.0000,0.0000,0.0276,0.0000,0.1708,0.1635,0.0534,SAFE,False,4,3,,,,,,
1771435998.352,0.0,43.39,4.8624,0.851,17.9,1,,,0.01352,0.0000,0.0000,0.0000,0.0000,0.1352,0.1406,0.0416,SAFE,False,4,3,,,,,,
1771435998.352,0.0,42.72,4.8742,0.837,16.9,1,,,0.01280,0.0000,0.0000,0.0000,0.0000,0.1280,0.1333,0.0395,SAFE,False,4,3,,,,,,
1771435998.352,0.0,,,,,,,,,,,,,,,0.0395,SAFE,,3,,t1178_0,0.38,HIGH,LOCAL,SAFE: all tasks permitted (weight=0.38),
1771435998.352,0.0,42.96,4.8628,0.856,18.3,1,,,0.01222,0.0000,0.0000,0.0000,0.0000,0.1222,0.1428,0.0408,SAFE,False,3,4,,,,,,
1771435998.352,0.0,,,,,,,,,,,,,,,0.0408,SAFE,,2,,t1179_0,0.45,NORMAL,LOCAL,SAFE: all tasks permitted (weight=0.45),
1771435998.352,0.0,43.29,4.8394,0.880,20.0,2,,,0.01247,0.0000,0.0000,0.0482,0.0000,0.1247,0.1698,0.0527,SAFE,False,2,5,,,,,,
1771435998.352,0.0,,,,,,,,,,,,,,,0.0527,SAFE,,1,,t1180_0,0.62,HIGH,LOCAL,SAFE: all tasks permitted (weight=0.62),
1771435998.352,0.0,43.11,4.7986,0.916,22.6,2,,,0.01908,0.0000,0.0000,0.2336,0.0000,0.1908,0.1882,0.0871,SAFE,False,1,6,,,,,,
1771435998.352,0.0,,,,,,,,,,,,,,,0.0871,SAFE,,0,,t1181_0,0.24,NORMAL,LOCAL,SAFE: all tasks permitted (weight=0.24),
1771435998.352,0.0,43.16,4.8171,0.918,22.7,2,,,0.02001,0.0000,0.0000,0.1498,0.0000,0.2001,0.1890,0.0773,SAFE,False,0,7,,,,,,
1771435998.352,0.0,43.12,4.8417,0.899,21.3,2,,,0.01996,0.0000,0.0000,0.0376,0.0000,0.1996,0.1793,0.0607,SAFE,False,0,7,,,,,,
1771435998.352,0.0,43.39,4.8282,0.881,20.0,2,,,0.02039,0.0000,0.0000,0.0991,0.0000,0.2039,0.1703,0.0673,SAFE,False,9,0,,,,,,window_reset|B=9
1771435998.352,0.0,,,,,,,,,,,,,,,0.0673,SAFE,,8,,t1184_0,0.51,LOW,LOCAL,SAFE: all tasks permitted (weight=0.51),
1771435998.352,0.0,44.01,4.8131,0.908,22.0,2,,,0.02101,0.0000,0.0000,0.1676,0.0000,0.2101,0.1842,0.0796,SAFE,False,8,1,,,,,,
1771435998.352,0.0,43.60,4.8147,0.890,20.7,2,,,0.02198,0.0000,0.0000,0.1605,0.0000,0.2198,0.1748,0.0778,SAFE,False,8,1,,,,,,
1771435998.352,0.0,43.75,4.8355,0.872,19.5,2,,,0.02194,0.0000,0.0000,0.0660,0.0000,0.2194,0.1662,0.0638,SAFE,False,8,1,,,,,,
1771435998.352,0.0,,,,,,,,,,,,,,,0.0638,SAFE,,7,,t1187_0,0.84,HIGH,LOCAL,SAFE: all tasks permitted (weight=0.84),
1771435998.352,0.0,43.59,4.8206,0.929,23.5,2,,,0.02218,0.0000,0.0000,0.1337,0.0000,0.2218,0.1944,0.0784,SAFE,False,7,2,,,,,,
1771435998.352,0.0,43.94,4.8107,0.909,22.1,2,,,0.02125,0.0000,0.0000,0.1786,0.0000,0.2125,0.1844,0.0813,SAFE,False,7,2,,,,,,
1771435998.352,0.0,,,,,,,,,,,,,,,0.0813,SAFE,,6,,t1189_0,0.54,NORMAL,LOCAL,SAFE: all tasks permitted (weight=0.54),
1771435998.352,0.0,44.02,4.8136,0.937,24.1,2,,,0.01681,0.0000,0.0000,0.1653,0.0000,0.1681,0.1984,0.0780,SAFE,False,6,3,,,,,,
1771435998.353,0.0,43.91,4.8160,0.916,22.6,2,47393.949,-25.57488,0.01236,0.0000,1.0000,0.1543,1.0000,0.1236,0.1881,0.5200,WARNING,False,6,3,,,,,,
1771435998.353,0.0,,,,,,,,,,,,,,,0.5200,WARNING,,6,,t1191_0,0.63,LOW,OFFLOAD,WARNING: heavy task offloaded (weight=0.63 >= 0.3),
1771435998.353,0.0,43.48,4.8101,0.897,21.2,2,4938.423,-17.98366,0.01128,0.0000,1.0000,0.1812,1.0000,0.1128,0.1785,0.5205,WARNING,False,6,3,,,,,,
1771435998.353,0.0,,,,,,,,,,,,,,,0.5205,WARNING,,6,,t1192_0,0.49,NORMAL,OFFLOAD,WARNING: heavy task offloaded (weight=0.49 >= 0.3),
1771435998.353,0.0,43.38,4.8662,0.879,19.9,2,-37762.483,52.88191,0.01595,0.0000,0.0000,0.0000,0.0000,0.1595,0.1696,0.0499,SAFE,False,6,3,,,,,,
1771435998.353,0.0,44.04,4.8288,0.863,18.8,1,25989.179,14.04819,0.01586,0.0000,1.0000,0.0964,0.0000,0.1586,0.1463,0.3076,WARNING,False,6,3,,,,,,
1771435998.353,0.0,44.34,4.8423,0.847,17.6,1,35219.582,6.83350,0.01591,0.0000,1.0000,0.0348,0.0000,0.1591,0.1385,0.2981,WARNING,False,6,3,,,,,,
1771435998.353,0.0,43.60,4.8627,0.833,16.6,1,65.854,41.97166,0.01904,0.0000,1.0000,0.0000,0.0000,0.1904,0.1314,0.2953,WARNING,False,6,3,,,,,,
1771435998.353,0.0,43.82,4.8773,0.819,15.7,1,-7349.614,66.26857,0.02279,0.0000,0.0000,0.0000,0.0000,0.2279,0.1247,0.0477,SAFE,False,6,3,,,,,,
1771435998.353,0.0,43.74,4.8236,0.807,14.8,1,-16492.000,9.87173,0.02232,0.0000,0.0000,0.1202,0.0000,0.2232,0.1185,0.0616,SAFE,False,6,3,,,,,,
1771435998.353,0.0,43.98,4.8808,0.795,14.0,1,,,0.02581,0.0000,0.0000,0.0000,0.0000,0.2581,0.1127,0.0484,SAFE,False,9,0,,,,,,window_reset|B=9
1771435998.353,0.0,43.53,4.8833,0.785,13.2,1,,,0.02805,0.0000,0.0000,0.0000,0.0000,0.2805,0.1073,0.0495,SAFE,False,9,0,,,,,,
1771435998.353,0.0,,,,,,,,,,,,,,,0.0495,SAFE,,8,,t1200_0,0.70,NORMAL,LOCAL,SAFE: all tasks permitted (weight=0.70),
1771435998.353,0.0,,,,,,,,,,,,,,,0.0495,SAFE,,7,,t1200_1,0.54,NORMAL,LOCAL,SAFE: all tasks permitted (weight=0.54),
1771435998.353,0.0,,,,,,,,,,,,,,,0.0495,SAFE,,6,,t1200_2,0.27,CRITICAL,LOCAL,SAFE: all tasks permitted (weight=0.27),
1771435998.353,0.0,43.40,4.7947,0.906,21.9,2,,,0.02988,0.0000,0.0000,0.2514,0.0000,0.2988,0.1830,0.0992,SAFE,False,6,3,,,,,,
1771435998.353,0.0,43.80,4.8193,0.887,20.5,2,,,0.02948,0.0000,0.0000,0.1397,0.0000,0.2948,0.1737,0.0824,SAFE,False,6,3,,,,,,
1771435998.353,0.0,,,,,,,,,,,,,,,0.0824,SAFE,,5,,t1202_0,0.37,NORMAL,LOCAL,SAFE: all tasks permitted (weight=0.37),
1771435998.353,0.0,43.74,4.8445,0.903,21.6,2,,,0.02841,0.0000,0.0000,0.0251,0.0000,0.2841,0.1813,0.0679,SAFE,False,5,4,,,,,,
1771435998.353,0.0,43.83,4.8199,0.884,20.3,2,,,0.02754,0.0000,0.0000,0.1367,0.0000,0.2754,0.1722,0.0798,SAFE,False,5,4,,,,,,
1771435998.353,0.0,44.14,4.8282,0.867,19.1,2,,,0.02713,0.0000,0.0000,0.0992,0.0000,0.2713,0.1637,0.0728,SAFE,False,5,4,,,,,,
1771435998.353,0.0,,,,,,,,,,,,,,,0.0728,SAFE,,4,,t1205_0,0.59,LOW,LOCAL,SAFE: all tasks permitted (weight=0.59),
1771435998.353,0.0,44.19,4.8098,0.903,21.7,2,,,0.02839,0.0000,0.0000,0.1828,0.0000,0.2839,0.1817,0.0885,SAFE,False,4,5,,,,,,
1771435998.353,0.0,44.36,4.8536,0.885,20.4,2,,,0.02862,0.0000,0.0000,0.0000,0.0000,0.2862,0.1725,0.0631,SAFE,False,4,5,,,,,,
1771435998.353,0.0,44.11,4.8302,0.868,19.1,2,,,0.02801,0.0000,0.0000,0.0901,0.0000,0.2801,0.1640,0.0725,SAFE,False,4,5,,,,,,
1771435998.353,0.0,44.10,4.8747,0.852,18.0,1,,,0.02772,0.0000,0.0000,0.0000,0.0000,0.2772,0.1411,0.0559,SAFE,False,4,5,,,,,,
1771435998.353,0.0,,,,,,,,,,,,,,,0.0559,SAFE,,3,,t1209_0,0.61,NORMAL,LOCAL,SAFE: all tasks permitted (weight=0.61),
1771435998.353,0.0,44.00,4.8604,0.891,20.8,2,,,0.02793,0.0000,0.0000,0.0000,0.0000,0.2793,0.1753,0.0630,SAFE,False,3,6,,,,,,
1771435998.353,0.0,44.21,4.8314,0.873,19.5,2,,,0.02538,0.0000,0.0000,0.0843,0.0000,0.2538,0.1666,0.0697,SAFE,False,3,6,,,,,,
1771435998.353,0.0,,,,,,,,,,,,,,,0.0697,SAFE,,2,,t1211_0,0.38,CRITICAL,LOCAL,SAFE: all tasks permitted (weight=0.38),
1771435998.353,0.0,44.16,4.7998,0.890,20.7,2,,,0.02323,0.0000,0.0000,0.2282,0.0000,0.2323,0.1749,0.0879,SAFE,False,2,7,,,,,,
1771435998.353,0.0,,,,,,,,,,,,,,,0.0879,SAFE,,1,,t1212_0,0.28,NORMAL,LOCAL,SAFE: all tasks permitted (weight=0.28),
1771435998.353,0.0,44.03,4.8256,0.897,21.2,2,,,0.02068,0.0000,0.0000,0.1108,0.0000,0.2068,0.1786,0.0708,SAFE,False,1,8,,,,,,
1771435998.353,0.0,44.33,4.8231,0.879,20.0,2,,,0.02050,0.0000,0.0000,0.1225,0.0000,0.2050,0.1697,0.0704,SAFE,False,9,0,,,,,,window_reset|B=9
1771435998.353,0.0,44.53,4.8337,0.863,18.8,1,,,0.02023,0.0000,0.0000,0.0741,0.0000,0.2023,0.1464,0.0591,SAFE,False,9,0,,,,,,
1771435998.353,0.0,44.51,4.8435,0.847,17.7,1,,,0.02005,0.0000,0.0000,0.0295,0.0000,0.2005,0.1386,0.0516,SAFE,False,9,0,,,,,,
1771435998.353,0.0,44.45,4.8510,0.833,16.6,1,,,0.02044,0.0000,0.0000,0.0000,0.0000,0.2044,0.1315,0.0467,SAFE,False,9,0,,,,,,
1771435998.353,0.0,,,,,,,,,,,,,,,0.0467,SAFE,,8,,t1217_0,0.51,NORMAL,LOCAL,SAFE: all tasks permitted (weight=0.51),
1771435998.353,0.0,44.35,4.8087,0.864,18.9,1,,,0.02056,0.0000,0.0000,0.1878,0.0000,0.2056,0.1472,0.0744,SAFE,False,8,1,,,,,,
1771435998.353,0.0,,,,,,,,,,,,,,,0.0744,SAFE,,7,,t1218_0,0.26,HIGH,LOCAL,SAFE: all tasks permitted (weight=0.26),
1771435998.353,0.0,44.64,4.8246,0.871,19.4,2,,,0.02009,0.0000,0.0000,0.1156,0.0000,0.2009,0.1657,0.0682,SAFE,False,7,2,,,,,,
1771435998.353,0.0,44.25,4.8229,0.855,18.2,1,,,0.02030,0.0000,0.0000,0.1234,0.0000,0.2030,0.1426,0.0649,SAFE,False,7,2,,,,,,
1771435998.353,0.0,,,,,,,,,,,,,,,0.0649,SAFE,,6,,t1220_0,0.21,NORMAL,LOCAL,SAFE: all tasks permitted (weight=0.21),
1771435998.353,0.0,44.37,4.8011,0.858,18.5,1,,,0.01783,0.0000,0.0000,0.2225,0.0000,0.1783,0.1442,0.0756,SAFE,False,6,3,,,,,,
1771435998.353,0.0,,,,,,,,,,,,,,,0.0756,SAFE,,5,,t1221_0,0.43,LOW,LOCAL,SAFE: all tasks permitted (weight=0.43),
1771435998.353,0.0,44.46,4.8575,0.881,20.1,2,,,0.01740,0.0000,0.0000,0.0000,0.0000,0.1740,0.1705,0.0515,SAFE,False,5,4,,,,,,
1771435998.354,0.0,,,,,,,,,,,,,,,0.0515,SAFE,,4,,t1222_0,0.57,LOW,LOCAL,SAFE: all tasks permitted (weight=0.57),
1771435998.354,0.0,44.49,4.8445,0.914,22.4,2,-2519.321,10.82745,0.01805,0.0000,0.0000,0.0249,0.0000,0.1805,0.1871,0.0587,SAFE,False,4,5,,,,,,
1771435998.354,0.0,44.01,4.8410,0.895,21.1,2,-29658.244,-2.53555,0.01618,0.0000,0.0000,0.0411,1.0000,0.1618,0.1776,0.2570,WARNING,False,4,5,,,,,,
1771435998.354,0.0,44.18,4.8305,0.877,19.8,2,-16476.934,-20.49933,0.01609,0.0000,0.0000,0.0887,1.0000,0.1609,0.1687,0.2614,WARNING,False,4,5,,,,,,
1771435998.354,0.0,44.33,4.8324,0.861,18.6,1,-1014.738,23.75352,0.01587,0.0000,0.0000,0.0799,0.0000,0.1587,0.1455,0.0553,SAFE,False,4,5,,,,,,
1771435998.354,0.0,,,,,,,,,,,,,,,0.0553,SAFE,,3,,t1226_0,0.63,NORMAL,LOCAL,SAFE: all tasks permitted (weight=0.63),
1771435998.354,0.0,44.37,4.8346,0.901,21.5,2,-16173.254,10.04831,0.01588,0.0000,0.0000,0.0699,0.0000,0.1588,0.1805,0.0611,SAFE,False,3,6,,,,,,
1771435998.354,0.0,44.10,4.8189,0.883,20.2,2,-8803.573,-3.93331,0.01593,0.0000,0.0000,0.1412,1.0000,0.1593,0.1715,0.2686,WARNING,False,3,6,,,,,,
1771435998.354,0.0,44.18,4.8330,0.866,19.0,2,-10931.464,32.01269,0.01475,0.0000,0.0000,0.0771,0.0000,0.1475,0.1630,0.0574,SAFE,False,9,0,,,,,,window_reset|B=9
1771435998.354,0.0,44.33,4.8549,0.850,17.9,1,-7693.716,-2.61254,0.01495,0.0000,0.0000,0.0000,1.0000,0.1495,0.1402,0.2430,SAFE,False,9,0,,,,,,
1771435998.354,0.0,44.72,4.8571,0.836,16.8,1,,,0.01608,0.0000,0.0000,0.0000,0.0000,0.1608,0.1329,0.0427,SAFE,False,9,0,,,,,,
1771435998.354,0.0,44.22,4.8518,0.822,15.9,1,,,0.01615,0.0000,0.0000,0.0000,0.0000,0.1615,0.1261,0.0414,SAFE,False,9,0,,,,,,
1771435998.354,0.0,,,,,,,,,,,,,,,0.0414,SAFE,,8,,t1232_0,0.31,LOW,LOCAL,SAFE: all tasks permitted (weight=0.31),
1771435998.354,0.0,44.38,4.8627,0.837,16.9,1,,,0.01304,0.0000,0.0000,0.0000,0.0000,0.1304,0.1336,0.0398,SAFE,False,8,1,,,,,,
1771435998.354,0.0,44.38,4.8786,0.824,16.0,1,,,0.01594,0.0000,0.0000,0.0000,0.0000,0.1594,0.1268,0.0413,SAFE,False,8,1,,,,,,
1771435998.354,0.0,44.79,4.8565,0.811,15.1,1,,,0.01625,0.0000,0.0000,0.0000,0.0000,0.1625,0.1204,0.0403,SAFE,False,8,1,,,,,,
1771435998.354,0.0,,,,,,,,,,,,,,,0.0403,SAFE,,7,,t1235_0,0.21,NORMAL,LOCAL,SAFE: all tasks permitted (weight=0.21),
1771435998.354,0.0,44.63,4.8560,0.818,15.6,1,,,0.01639,0.0000,0.0000,0.0000,0.0000,0.1639,0.1239,0.0412,SAFE,False,7,2,,,,,,
1771435998.354,0.0,,,,,,,,,,,,,,,0.0412,SAFE,,6,,t1236_0,0.53,NORMAL,LOCAL,SAFE: all tasks permitted (weight=0.53),
1771435998.354,0.0,44.52,4.8322,0.852,18.0,1,,,0.01625,0.0000,0.0000,0.0811,0.0000,0.1625,0.1410,0.0550,SAFE,False,6,3,,,,,,
1771435998.354,0.0,44.60,4.8424,0.837,16.9,1,,,0.01571,0.0000,0.0000,0.0344,0.0000,0.1571,0.1336,0.0469,SAFE,False,6,3,,,,,,
1771435998.354,0.0,,,,,,,,,,,,,,,0.0469,SAFE,,5,,t1238_0,0.57,LOW,LOCAL,SAFE: all tasks permitted (weight=0.57),
1771435998.354,0.0,44.80,4.8180,0.874,19.6,2,,,0.01748,0.0000,0.0000,0.1453,0.0000,0.1748,0.1669,0.0697,SAFE,False,5,4,,,,,,
1771435998.354,0.0,,,,,,,,,,,,,,,0.0697,SAFE,,4,,t1239_0,0.43,LOW,LOCAL,SAFE: all tasks permitted (weight=0.43),
1771435998.354,0.0,,,,,,,,,,,,,,,0.0697,SAFE,,3,,t1239_1,0.32,LOW,LOCAL,SAFE: all tasks permitted (weight=0.32),
1771435998.354,0.0,44.01,4.8191,0.924,23.2,2,,,0.01745,0.0000,0.0000,0.1403,0.0000,0.1745,0.1921,0.0741,SAFE,False,3,6,,,,,,
1771435998.354,0.0,44.43,4.8137,0.904,21.7,2,,,0.01943,0.0000,0.0000,0.1648,0.0000,0.1943,0.1822,0.0773,SAFE,False,3,6,,,,,,
1771435998.354,0.0,44.24,4.8355,0.886,20.4,2,,,0.01937,0.0000,0.0000,0.0661,0.0000,0.1937,0.1731,0.0626,SAFE,False,3,6,,,,,,
1771435998.354,0.0,,,,,,,,,,,,,,,0.0626,SAFE,,2,,t1242_0,0.38,HIGH,LOCAL,SAFE: all tasks permitted (weight=0.38),
1771435998.354,0.0,44.50,4.8484,0.902,21.6,2,,,0.01901,0.0000,0.0000,0.0071,0.0000,0.1901,0.1810,0.0561,SAFE,False,2,7,,,,,,
1771435998.354,0.0,44.77,4.8711,0.884,20.3,2,,,0.02045,0.0000,0.0000,0.0000,0.0000,0.2045,0.1719,0.0548,SAFE,False,9,0,,,,,,window_reset|B=9
1771435998.354,0.0,,,,,,,,,,,,,,,0.0548,SAFE,,8,,t1244_0,0.50,LOW,LOCAL,SAFE: all tasks permitted (weight=0.50),
1771435998.354,0.0,44.55,4.8278,0.911,22.2,2,,,0.02014,0.0000,0.0000,0.1009,0.0000,0.2014,0.1855,0.0704,SAFE,False,8,1,,,,,,
1771435998.354,0.0,,,,,,,,,,,,,,,0.0704,SAFE,,7,,t1245_0,0.23,LOW,LOCAL,SAFE: all tasks permitted (weight=0.23),
1771435998.354,0.0,44.58,4.7926,0.912,22.3,2,,,0.02099,0.0000,0.0000,0.2609,0.0000,0.2099,0.1862,0.0921,SAFE,False,7,2,,,,,,
1771435998.354,0.0,44.82,4.8439,0.893,21.0,2,,,0.02015,0.0000,0.0000,0.0279,0.0000,0.2015,0.1767,0.0591,SAFE,False,7,2,,,,,,
1771435998.354,0.0,,,,,,,,,,,,,,,0.0591,SAFE,,6,,t1247_0,0.81,NORMAL,LOCAL,SAFE: all tasks permitted (weight=0.81),
1771435998.354,0.0,45.12,4.8119,0.947,24.8,2,,,0.01971,0.0000,0.0000,0.1733,0.0000,0.1971,0.2035,0.0829,SAFE,False,6,3,,,,,,
1771435998.354,0.0,,,,,,,,,,,,,,,0.0829,SAFE,,5,,t1248_0,0.49,NORMAL,LOCAL,SAFE: all tasks permitted (weight=0.49),
1771435998.354,0.0,45.18,4.7985,0.968,26.3,2,,,0.02148,0.0000,0.0000,0.2342,0.0000,0.2148,0.2142,0.0948,SAFE,False,5,4,,,,,,
1771435998.354,0.0,,,,,,,,,,,,,,,0.0948,SAFE,,4,,t1249_0,0.52,NORMAL,LOCAL,SAFE: all tasks permitted (weight=0.52),
1771435998.354,0.0,44.58,4.8068,0.991,27.9,3,,,0.02160,0.0000,0.0000,0.1966,0.0000,0.2160,0.2406,0.0953,SAFE,False,4,5,,,,,,
1771435998.354,0.0,,,,,,,,,,,,,,,0.0953,SAFE,,3,,t1250_0,0.65,HIGH,LOCAL,SAFE: all tasks permitted (weight=0.65),
1771435998.354,0.0,45.51,4.8044,1.024,30.3,3,,,0.02223,0.0000,0.0000,0.2075,0.0000,0.2223,0.2569,0.1006,SAFE,False,3,6,,,,,,
1771435998.354,0.0,44.94,4.7949,0.997,28.4,3,,,0.02353,0.0000,0.0000,0.2504,0.0000,0.2353,0.2436,0.1048,SAFE,False,3,6,,,,,,
1771435998.354,0.0,,,,,,,,,,,,,,,0.1048,SAFE,,2,,t1252_0,0.74,NORMAL,LOCAL,SAFE: all tasks permitted (weight=0.74),
1771435998.354,0.0,44.97,4.8062,1.038,31.3,3,,,0.02381,0.0000,0.0000,0.1990,0.0000,0.2381,0.2639,0.1025,SAFE,False,2,7,,,,,,
1771435998.355,0.0,,,,,,,,,,,,,,,0.1025,SAFE,,1,,t1253_0,0.81,HIGH,LOCAL,SAFE: all tasks permitted (weight=0.81),
1771435998.355,0.0,45.95,4.7792,1.082,34.4,3,81831.518,-13.37545,0.02579,0.0000,1.0000,0.3217,1.0000,0.2579,0.2858,0.5748,WARNING,False,1,8,,,,,,
1771435998.355,0.0,45.41,4.7638,1.051,32.2,3,35167.623,-80.09469,0.02734,0.0000,1.0000,0.3919,1.0000,0.2734,0.2704,0.5824,CRITICAL,False,1,8,,,,,,
1771435998.355,0.0,45.40,4.7778,1.022,30.2,3,16686.452,-34.13049,0.02093,0.0000,1.0000,0.3284,1.0000,0.2093,0.2561,0.5648,CRITICAL,False,1,8,,,,,,
1771435998.355,0.0,,,,,,,,,,,,,,,0.5648,CRITICAL,,1,,t1256_0,0.21,NORMAL,OFFLOAD,CRITICAL: non-critical task offloaded (priority=NORMAL),
1771435998.355,0.0,46.03,4.7971,0.996,28.3,3,51004.129,-1.41506,0.01927,0.0000,1.0000,0.2406,1.0000,0.1927,0.2428,0.5491,CRITICAL,False,1,8,,,,,,
1771435998.355,0.0,45.93,4.8158,0.971,26.5,2,80830.994,9.04334,0.01978,0.0000,1.0000,0.1555,0.0000,0.1978,0.2154,0.3331,WARNING,False,1,8,,,,,,
1771435998.355,0.0,45.74,4.8224,0.948,24.8,2,13861.222,18.04474,0.01641,0.0000,1.0000,0.1255,0.0000,0.1641,0.2039,0.3235,WARNING,False,6,0,,,,,,window_reset|B=6
1771435998.355,0.0,,,,,,,,,,,,,,,0.3235,WARNING,,6,,t1259_0,0.42,NORMAL,OFFLOAD,WARNING: heavy task offloaded (weight=0.42 >= 0.3),
1771435998.355,0.0,45.67,4.8255,0.926,23.3,2,43944.542,30.63450,0.01774,0.0000,1.0000,0.1112,0.0000,0.1774,0.1932,0.3208,WARNING,False,6,0,,,,,,
1771435998.355,0.0,45.62,4.8471,0.907,21.9,2,38719.266,40.92781,0.02210,0.0000,1.0000,0.0130,0.0000,0.2210,0.1833,0.3104,WARNING,False,6,0,,,,,,
1771435998.355,0.0,46.17,4.8315,0.888,20.6,2,,,0.02344,0.0000,0.0000,0.0839,0.0000,0.2344,0.1740,0.0691,SAFE,False,6,0,,,,,,
1771435998.355,0.0,46.43,4.8237,0.871,19.3,2,,,0.02397,0.0000,0.0000,0.1196,0.0000,0.2397,0.1654,0.0726,SAFE,False,6,0,,,,,,
1771435998.355,0.0,,,,,,,,,,,,,,,0.0726,SAFE,,5,,t1263_0,0.48,NORMAL,LOCAL,SAFE: all tasks permitted (weight=0.48),
1771435998.355,0.0,45.45,4.8599,0.898,21.3,2,,,0.02766,0.0000,0.0000,0.0000,0.0000,0.2766,0.1788,0.0634,SAFE,False,5,1,,,,,,
1771435998.355,0.0,45.79,4.8336,0.880,20.0,2,,,0.02818,0.0000,0.0000,0.0744,0.0000,0.2818,0.1699,0.0718,SAFE,False,5,1,,,,,,
1771435998.355,0.0,,,,,,,,,,,,,,,0.0718,SAFE,,4,,t1265_0,0.62,NORMAL,LOCAL,SAFE: all tasks permitted (weight=0.62),
1771435998.355,0.0,45.64,4.8125,0.918,22.7,2,,,0.02610,0.0000,0.0000,0.1703,0.0000,0.2610,0.1892,0.0861,SAFE,False,4,2,,,,,,
1771435998.355,0.0,45.77,4.8563,0.899,21.4,2,,,0.02248,0.0000,0.0000,0.0000,0.0000,0.2248,0.1795,0.0584,SAFE,False,4,2,,,,,,
1771435998.355,0.0,45.74,4.8502,0.881,20.1,2,,,0.01824,0.0000,0.0000,0.0000,0.0000,0.1824,0.1705,0.0523,SAFE,False,4,2,,,,,,
1771435998.355,0.0,45.69,4.8401,0.864,18.9,1,,,0.01512,0.0000,0.0000,0.0449,0.0000,0.1512,0.1471,0.0504,SAFE,False,4,2,,,,,,
1771435998.355,0.0,45.91,4.8362,0.849,17.8,1,,,0.01398,0.0000,0.0000,0.0625,0.0000,0.1398,0.1394,0.0500,SAFE,False,4,2,,,,,,
1771435998.355,0.0,,,,,,,,,,,,,,,0.0500,SAFE,,3,,t1270_0,0.21,LOW,LOCAL,SAFE: all tasks permitted (weight=0.21),
1771435998.355,0.0,45.93,4.8140,0.853,18.1,1,,,0.01485,0.0000,0.0000,0.1636,0.0000,0.1485,0.1417,0.0645,SAFE,False,3,3,,,,,,
1771435998.355,0.0,,,,,,,,,,,,,,,0.0645,SAFE,,2,,t1271_0,0.65,NORMAL,LOCAL,SAFE: all tasks permitted (weight=0.65),
1771435998.355,0.0,46.63,4.8085,0.896,21.2,2,,,0.01649,0.0000,0.0000,0.1884,0.0000,0.1649,0.1782,0.0766,SAFE,False,2,4,,,,,,
1771435998.355,0.0,45.49,4.8317,0.879,19.9,2,,,0.01605,0.0000,0.0000,0.0831,0.0000,0.1605,0.1693,0.0607,SAFE,False,2,4,,,,,,
1771435998.355,0.0,,,,,,,,,,,,,,,0.0607,SAFE,,1,,t1273_0,0.73,NORMAL,LOCAL,SAFE: all tasks permitted (weight=0.73),
1771435998.355,0.0,46.15,4.8382,0.927,23.4,2,,,0.01610,0.0000,0.0000,0.0537,0.0000,0.1610,0.1935,0.0618,SAFE,False,9,0,,,,,,window_reset|B=9
1771435998.355,0.0,,,,,,,,,,,,,,,0.0618,SAFE,,8,,t1274_0,0.34,NORMAL,LOCAL,SAFE: all tasks permitted (weight=0.34),
1771435998.355,0.0,45.71,4.8272,0.937,24.1,2,,,0.01594,0.0000,0.0000,0.1034,0.0000,0.1594,0.1985,0.0691,SAFE,False,8,1,,,,,,
1771435998.355,0.0,,,,,,,,,,,,,,,0.0691,SAFE,,7,,t1275_0,0.58,HIGH,LOCAL,SAFE: all tasks permitted (weight=0.58),
1771435998.355,0.0,46.20,4.8245,0.968,26.3,2,,,0.01405,0.0000,0.0000,0.1158,0.0000,0.1405,0.2142,0.0719,SAFE,False,7,2,,,,,,
1771435998.355,0.0,45.77,4.8340,0.945,24.7,2,,,0.01406,0.0000,0.0000,0.0725,0.0000,0.1406,0.2027,0.0640,SAFE,False,7,2,,,,,,
1771435998.355,0.0,45.79,4.8444,0.924,23.2,2,,,0.01328,0.0000,0.0000,0.0255,0.0000,0.1328,0.1921,0.0550,SAFE,False,7,2,,,,,,
1771435998.355,0.0,45.75,4.8400,0.904,21.7,2,,,0.01164,0.0000,0.0000,0.0453,0.0000,0.1164,0.1822,0.0540,SAFE,False,7,2,,,,,,
1771435998.355,0.0,46.13,4.8347,0.886,20.4,2,,,0.01039,0.0000,0.0000,0.0698,0.0000,0.1039,0.1731,0.0541,SAFE,False,7,2,,,,,,
1771435998.355,0.0,,,,,,,,,,,,,,,0.0541,SAFE,,6,,t1280_0,0.52,NORMAL,LOCAL,SAFE: all tasks permitted (weight=0.52),
1771435998.355,0.0,45.89,4.8073,0.915,22.5,2,,,0.01188,0.0000,0.0000,0.1942,0.0000,0.1188,0.1877,0.0747,SAFE,False,6,3,,,,,,
1771435998.355,0.0,,,,,,,,,,,,,,,0.0747,SAFE,,5,,t1281_0,0.43,NORMAL,LOCAL,SAFE: all tasks permitted (weight=0.43),
1771435998.355,0.0,,,,,,,,,,,,,,,0.0747,SAFE,,4,,t1281_1,0.63,NORMAL,LOCAL,SAFE: all tasks permitted (weight=0.63),
1771435998.355,0.0,46.33,4.8253,0.990,27.9,3,,,0.01166,0.0000,0.0000,0.1122,0.0000,0.1166,0.2401,0.0743,SAFE,False,4,5,,,,,,
1771435998.355,0.0,45.79,4.8144,0.966,26.1,2,,,0.01162,0.0000,0.0000,0.1616,0.0000,0.1162,0.2129,0.0752,SAFE,False,4,5,,,,,,
1771435998.355,0.0,45.93,4.8135,0.943,24.5,2,,,0.01101,0.0000,0.0000,0.1658,0.0000,0.1101,0.2016,0.0729,SAFE,False,4,5,,,,,,
1771435998.355,0.0,46.44,4.7947,0.922,23.0,2,,,0.01424,0.0000,0.0000,0.2515,0.0000,0.1424,0.1910,0.0851,SAFE,False,4,5,,,,,,
1771435998.356,0.0,45.88,4.8255,0.902,21.6,2,5243.019,-18.92309,0.01367,0.0000,1.0000,0.1115,1.0000,0.1367,0.1812,0.5144,WARNING,False,4,5,,,,,,
1771435998.356,0.0,,,,,,,,,,,,,,,0.5144,WARNING,,4,,t1286_0,0.79,NORMAL,OFFLOAD,WARNING: heavy task offloaded (weight=0.79 >= 0.3),
1771435998.356,0.0,46.18,4.8376,0.884,20.3,2,25768.761,-2.43537,0.01417,0.0000,1.0000,0.0564,1.0000,0.1417,0.1721,0.5059,WARNING,False,4,5,,,,,,
1771435998.356,0.0,45.96,4.8396,0.867,19.1,2,-10436.095,4.94416,0.01476,0.0000,0.0000,0.0473,0.0000,0.1476,0.1636,0.0536,SAFE,False,4,5,,,,,,
1771435998.356,0.0,45.64,4.8565,0.851,18.0,1,-15385.493,49.19694,0.01693,0.0000,0.0000,0.0000,0.0000,0.1693,0.1407,0.0451,SAFE,False,9,0,,,,,,window_reset|B=9
1771435998.356,0.0,45.54,4.8428,0.837,16.9,1,-47489.743,17.49589,0.01681,0.0000,0.0000,0.0327,0.0000,0.1681,0.1334,0.0477,SAFE,False,9,0,,,,,,
1771435998.356,0.0,,,,,,,,,,,,,,,0.0477,SAFE,,8,,t1290_0,0.42,NORMAL,LOCAL,SAFE: all tasks permitted (weight=0.42),
1771435998.356,0.0,45.34,4.8467,0.861,18.6,1,-27354.839,32.24559,0.01731,0.0000,0.0000,0.0150,0.0000,0.1731,0.1453,0.0483,SAFE,False,8,1,,,,,,
1771435998.356,0.0,,,,,,,,,,,,,,,0.0483,SAFE,,7,,t1291_0,0.51,NORMAL,LOCAL,SAFE: all tasks permitted (weight=0.51),
1771435998.356,0.0,45.92,4.8612,0.891,20.8,2,-416.089,47.70635,0.01955,0.0000,0.0000,0.0000,0.0000,0.1955,0.1755,0.0547,SAFE,False,7,2,,,,,,
1771435998.356,0.0,45.72,4.8561,0.874,19.5,2,-43370.097,61.38893,0.01938,0.0000,0.0000,0.0000,0.0000,0.1938,0.1668,0.0527,SAFE,False,7,2,,,,,,
1771435998.356,0.0,45.47,4.8545,0.857,18.4,1,,,0.01991,0.0000,0.0000,0.0000,0.0000,0.1991,0.1437,0.0486,SAFE,False,7,2,,,,,,
1771435998.356,0.0,,,,,,,,,,,,,,,0.0486,SAFE,,6,,t1294_0,0.68,HIGH,LOCAL,SAFE: all tasks permitted (weight=0.68),
1771435998.356,0.0,46.07,4.8044,0.903,21.7,2,,,0.02101,0.0000,0.0000,0.2071,0.0000,0.2101,0.1817,0.0843,SAFE,False,6,3,,,,,,
1771435998.356,0.0,45.92,4.8511,0.885,20.4,2,,,0.02020,0.0000,0.0000,0.0000,0.0000,0.2020,0.1726,0.0547,SAFE,False,6,3,,,,,,
1771435998.356,0.0,46.02,4.8756,0.868,19.2,2,,,0.01753,0.0000,0.0000,0.0000,0.0000,0.1753,0.1641,0.0503,SAFE,False,6,3,,,,,,
1771435998.356,0.0,46.13,4.8396,0.852,18.0,1,,,0.01656,0.0000,0.0000,0.0472,0.0000,0.1656,0.1412,0.0509,SAFE,False,6,3,,,,,,
1771435998.356,0.0,45.45,4.8572,0.838,17.0,1,,,0.01651,0.0000,0.0000,0.0000,0.0000,0.1651,0.1338,0.0433,SAFE,False,6,3,,,,,,
1771435998.356,0.0,45.78,4.8587,0.824,16.0,1,,,0.01646,0.0000,0.0000,0.0000,0.0000,0.1646,0.1269,0.0419,SAFE,False,6,3,,,,,,
1771435998.356,0.0,45.60,4.8889,0.811,15.1,1,,,0.01961,0.0000,0.0000,0.0000,0.0000,0.1961,0.1206,0.0437,SAFE,False,6,3,,,,,,
1771435998.356,0.0,45.00,4.8639,0.799,14.2,1,,,0.01956,0.0000,0.0000,0.0000,0.0000,0.1956,0.1147,0.0425,SAFE,False,6,3,,,,,,
1771435998.356,0.0,,,,,,,,,,,,,,,0.0425,SAFE,,5,,t1302_0,0.30,LOW,LOCAL,SAFE: all tasks permitted (weight=0.30),
1771435998.356,0.0,,,,,,,,,,,,,,,0.0425,SAFE,,4,,t1302_1,0.22,HIGH,LOCAL,SAFE: all tasks permitted (weight=0.22),
1771435998.356,0.0,45.53,4.8482,0.835,16.8,1,,,0.01951,0.0000,0.0000,0.0084,0.0000,0.1951,0.1323,0.0471,SAFE,False,4,5,,,,,,
1771435998.356,0.0,44.63,4.8496,0.821,15.8,1,,,0.01946,0.0000,0.0000,0.0017,0.0000,0.1946,0.1256,0.0448,SAFE,False,9,0,,,,,,window_reset|B=9
1771435998.356,0.0,45.08,4.8764,0.809,14.9,1,,,0.02043,0.0000,0.0000,0.0000,0.0000,0.2043,0.1193,0.0443,SAFE,False,9,0,,,,,,
1771435998.356,0.0,44.86,4.8493,0.797,14.1,1,,,0.02050,0.0000,0.0000,0.0030,0.0000,0.2050,0.1135,0.0436,SAFE,False,9,0,,,,,,
1771435998.356,0.0,45.10,4.8484,0.786,13.3,1,,,0.01399,0.0000,0.0000,0.0071,0.0000,0.1399,0.1081,0.0365,SAFE,False,9,0,,,,,,
1771435998.356,0.0,45.11,4.8571,0.776,12.6,1,,,0.01381,0.0000,0.0000,0.0000,0.0000,0.1381,0.1030,0.0344,SAFE,False,9,0,,,,,,
1771435998.356,0.0,44.93,4.8573,0.767,11.9,1,,,0.01292,0.0000,0.0000,0.0000,0.0000,0.1292,0.0983,0.0326,SAFE,False,9,0,,,,,,
1771435998.356,0.0,,,,,,,,,,,,,,,0.0326,SAFE,,8,,t1309_0,0.73,NORMAL,LOCAL,SAFE: all tasks permitted (weight=0.73),
1771435998.356,0.0,44.36,4.8419,0.823,15.9,1,,,0.01266,0.0000,0.0000,0.0367,0.0000,0.1266,0.1266,0.0428,SAFE,False,8,1,,,,,,
1771435998.356,0.0,,,,,,,,,,,,,,,0.0428,SAFE,,7,,t1310_0,0.39,LOW,LOCAL,SAFE: all tasks permitted (weight=0.39),
1771435998.356,0.0,44.68,4.8516,0.846,17.6,1,,,0.01278,0.0000,0.0000,0.0000,0.0000,0.1278,0.1380,0.0404,SAFE,False,7,2,,,,,,
1771435998.356,0.0,,,,,,,,,,,,,,,0.0404,SAFE,,6,,t1311_0,0.50,HIGH,LOCAL,SAFE: all tasks permitted (weight=0.50),
1771435998.356,0.0,44.67,4.8475,0.877,19.8,2,,,0.01308,0.0000,0.0000,0.0113,0.0000,0.1308,0.1684,0.0482,SAFE,False,6,3,,,,,,
1771435998.356,0.0,,,,,,,,,,,,,,,0.0482,SAFE,,5,,t1312_0,0.49,CRITICAL,LOCAL,SAFE: all tasks permitted (weight=0.49),
1771435998.356,0.0,,,,,,,,,,,,,,,0.0482,SAFE,,4,,t1312_1,0.51,HIGH,LOCAL,SAFE: all tasks permitted (weight=0.51),
1771435998.356,0.0,44.68,4.8069,0.950,25.0,2,,,0.01562,0.0000,0.0000,0.1958,0.0000,0.1562,0.2050,0.0821,SAFE,False,4,5,,,,,,
1771435998.356,0.0,44.95,4.7956,0.928,23.5,2,,,0.02099,0.0000,0.0000,0.2473,0.0000,0.2099,0.1942,0.0920,SAFE,False,4,5,,,,,,
1771435998.356,0.0,44.60,4.8285,0.908,22.0,2,,,0.02138,0.0000,0.0000,0.0979,0.0000,0.2138,0.1842,0.0709,SAFE,False,4,5,,,,,,
1771435998.356,0.0,44.86,4.8299,0.890,20.7,2,,,0.02152,0.0000,0.0000,0.0913,0.0000,0.2152,0.1749,0.0684,SAFE,False,4,5,,,,,,
1771435998.356,0.0,44.66,4.8338,0.872,19.5,2,,,0.01870,0.0000,0.0000,0.0736,0.0000,0.1870,0.1662,0.0615,SAFE,False,4,5,,,,,,
1771435998.356,0.0,45.18,4.8481,0.856,18.3,1,,,0.01864,0.0000,0.0000,0.0088,0.0000,0.1864,0.1431,0.0484,SAFE,False,4,5,,,,,,
1771435998.356,0.0,44.76,4.8576,0.841,17.2,1,,,0.01926,0.0000,0.0000,0.0000,0.0000,0.1926,0.1356,0.0464,SAFE,False,9,0,,,,,,window_reset|B=9
1771435998.357,0.0,,,,,,,,,,,,,,,0.0464,SAFE,,8,,t1319_0,0.60,NORMAL,LOCAL,SAFE: all tasks permitted (weight=0.60),
1771435998.357,0.0,44.46,4.8235,0.882,20.1,2,-12542.805,-24.03913,0.01872,0.0000,0.0000,0.1205,1.0000,0.1872,0.1708,0.2685,WARNING,False,8,1,,,,,,
1771435998.357,0.0,,,,,,,,,,,,,,,0.2685,WARNING,,7,,t1320_0,0.28,NORMAL,LOCAL,WARNING: lightweight task permitted (weight=0.28 < 0.3),
1771435998.357,0.0,44.71,4.8088,0.890,20.7,2,1706.610,1.87937,0.01874,0.0000,1.0000,0.1873,0.0000,0.1874,0.1749,0.3281,WARNING,False,7,2,,,,,,
1771435998.357,0.0,,,,,,,,,,,,,,,0.3281,WARNING,,6,,t1321_0,0.28,NORMAL,LOCAL,WARNING: lightweight task permitted (weight=0.28 < 0.3),
1771435998.357,0.0,45.10,4.8397,0.898,21.3,2,8876.229,44.15136,0.01864,0.0000,1.0000,0.0467,0.0000,0.1864,0.1788,0.3105,WARNING,False,6,3,,,,,,
1771435998.357,0.0,44.94,4.8287,0.880,20.0,2,20523.111,0.24332,0.01757,0.0000,1.0000,0.0968,0.0000,0.1757,0.1698,0.3141,WARNING,False,6,3,,,,,,
1771435998.357,0.0,44.38,4.8238,0.863,18.8,1,-28633.442,-6.13766,0.01670,0.0000,0.0000,0.1191,1.0000,0.1670,0.1465,0.2615,WARNING,False,6,3,,,,,,
1771435998.357,0.0,44.96,4.8666,0.848,17.7,1,18062.616,32.82862,0.01872,0.0000,1.0000,0.0000,0.0000,0.1872,0.1388,0.2965,WARNING,False,6,3,,,,,,
1771435998.357,0.0,,,,,,,,,,,,,,,0.2965,WARNING,,6,,t1325_0,0.38,LOW,OFFLOAD,WARNING: heavy task offloaded (weight=0.38 >= 0.3),
1771435998.357,0.0,44.69,4.8362,0.833,16.7,1,-29296.901,-11.91518,0.01516,0.0000,0.0000,0.0629,1.0000,0.1516,0.1316,0.2497,WARNING,False,6,3,,,,,,
1771435998.357,0.0,44.50,4.8477,0.820,15.7,1,-15510.839,-9.89636,0.01535,0.0000,0.0000,0.0104,1.0000,0.1535,0.1249,0.2417,WARNING,False,6,3,,,,,,
1771435998.357,0.0,44.77,4.8641,0.807,14.8,1,,,0.01686,0.0000,0.0000,0.0000,0.0000,0.1686,0.1187,0.0406,SAFE,False,6,3,,,,,,
1771435998.357,0.0,,,,,,,,,,,,,,,0.0406,SAFE,,5,,t1328_0,0.39,LOW,LOCAL,SAFE: all tasks permitted (weight=0.39),
1771435998.357,0.0,44.26,4.8504,0.831,16.5,1,,,0.01699,0.0000,0.0000,0.0000,0.0000,0.1699,0.1306,0.0431,SAFE,False,5,4,,,,,,
1771435998.357,0.0,44.80,4.8645,0.818,15.6,1,,,0.01811,0.0000,0.0000,0.0000,0.0000,0.1811,0.1240,0.0429,SAFE,False,5,4,,,,,,
1771435998.357,0.0,,,,,,,,,,,,,,,0.0429,SAFE,,4,,t1330_0,0.47,NORMAL,LOCAL,SAFE: all tasks permitted (weight=0.47),
1771435998.357,0.0,45.01,4.8525,0.849,17.8,1,,,0.01781,0.0000,0.0000,0.0000,0.0000,0.1781,0.1393,0.0457,SAFE,False,4,5,,,,,,
1771435998.357,0.0,44.72,4.8619,0.834,16.7,1,,,0.01761,0.0000,0.0000,0.0000,0.0000,0.1761,0.1321,0.0440,SAFE,False,4,5,,,,,,
1771435998.357,0.0,,,,,,,,,,,,,,,0.0440,SAFE,,3,,t1332_0,0.77,HIGH,LOCAL,SAFE: all tasks permitted (weight=0.77),
1771435998.357,0.0,44.04,4.8145,0.890,20.7,2,,,0.01667,0.0000,0.0000,0.1612,0.0000,0.1667,0.1751,0.0726,SAFE,False,3,6,,,,,,
1771435998.357,0.0,44.57,4.8143,0.873,19.5,2,,,0.01880,0.0000,0.0000,0.1623,0.0000,0.1880,0.1664,0.0732,SAFE,False,9,0,,,,,,window_reset|B=9
1771435998.357,0.0,,,,,,,,,,,,,,,0.0732,SAFE,,8,,t1334_0,0.55,NORMAL,LOCAL,SAFE: all tasks permitted (weight=0.55),
1771435998.357,0.0,44.48,4.8313,0.907,21.9,2,,,0.01863,0.0000,0.0000,0.0848,0.0000,0.1863,0.1835,0.0663,SAFE,False,8,1,,,,,,
1771435998.357,0.0,44.63,4.8631,0.888,20.6,2,,,0.01825,0.0000,0.0000,0.0000,0.0000,0.1825,0.1742,0.0531,SAFE,False,8,1,,,,,,
1771435998.357,0.0,44.28,4.8539,0.871,19.4,2,,,0.01744,0.0000,0.0000,0.0000,0.0000,0.1744,0.1656,0.0506,SAFE,False,8,1,,,,,,
1771435998.357,0.0,44.59,4.8189,0.855,18.2,1,,,0.01887,0.0000,0.0000,0.1414,0.0000,0.1887,0.1425,0.0658,SAFE,False,8,1,,,,,,
1771435998.357,0.0,,,,,,,,,,,,,,,0.0658,SAFE,,7,,t1338_0,0.82,CRITICAL,LOCAL,SAFE: all tasks permitted (weight=0.82),
1771435998.357,0.0,44.83,4.8399,0.915,22.5,2,,,0.01889,0.0000,0.0000,0.0460,0.0000,0.1889,0.1875,0.0624,SAFE,False,7,2,,,,,,
1771435998.357,0.0,,,,,,,,,,,,,,,0.0624,SAFE,,6,,t1339_0,0.78,NORMAL,LOCAL,SAFE: all tasks permitted (weight=0.78),
1771435998.357,0.0,44.87,4.7992,0.967,26.2,2,,,0.02150,0.0000,0.0000,0.2307,0.0000,0.2150,0.2133,0.0941,SAFE,False,6,3,,,,,,
1771435998.357,0.0,44.62,4.8227,0.944,24.6,2,,,0.02161,0.0000,0.0000,0.1241,0.0000,0.2161,0.2019,0.0781,SAFE,False,6,3,,,,,,
1771435998.357,0.0,44.94,4.8013,0.923,23.0,2,,,0.02183,0.0000,0.0000,0.2215,0.0000,0.2183,0.1913,0.0889,SAFE,False,6,3,,,,,,
1771435998.357,0.0,,,,,,,,,,,,,,,0.0889,SAFE,,5,,t1342_0,0.37,NORMAL,LOCAL,SAFE: all tasks permitted (weight=0.37),
1771435998.357,0.0,,,,,,,,,,,,,,,0.0889,SAFE,,4,,t1342_1,0.67,NORMAL,LOCAL,SAFE: all tasks permitted (weight=0.67),
1771435998.357,0.0,45.41,4.8020,0.997,28.4,3,,,0.02216,0.0000,0.0000,0.2181,0.0000,0.2216,0.2437,0.0993,SAFE,False,4,5,,,,,,
1771435998.357,0.0,,,,,,,,,,,,,,,0.0993,SAFE,,3,,t1343_0,0.38,NORMAL,LOCAL,SAFE: all tasks permitted (weight=0.38),
1771435998.357,0.0,44.99,4.8140,1.007,29.1,3,,,0.01967,0.0000,0.0000,0.1635,0.0000,0.1967,0.2487,0.0907,SAFE,False,3,6,,,,,,
1771435998.357,0.0,45.08,4.7942,0.982,27.3,3,,,0.02114,0.0000,0.0000,0.2534,0.0000,0.2114,0.2359,0.1013,SAFE,False,3,6,,,,,,
1771435998.357,0.0,,,,,,,,,,,,,,,0.1013,SAFE,,2,,t1345_0,0.33,HIGH,LOCAL,SAFE: all tasks permitted (weight=0.33),
1771435998.357,0.0,45.07,4.8114,0.988,27.7,3,,,0.02123,0.0000,0.0000,0.1756,0.0000,0.2123,0.2392,0.0919,SAFE,False,2,7,,,,,,
1771435998.357,0.0,,,,,,,,,,,,,,,0.0919,SAFE,,1,,t1346_0,0.55,HIGH,LOCAL,SAFE: all tasks permitted (weight=0.55),
1771435998.357,0.0,45.25,4.7675,1.014,29.6,3,,,0.02554,0.0000,0.0000,0.3751,0.0000,0.2554,0.2522,0.1247,SAFE,False,1,8,,,,,,
1771435998.357,0.0,,,,,,,,,,,,,,,0.1247,SAFE,,0,,t1347_0,0.76,LOW,LOCAL,SAFE: all tasks permitted (weight=0.76),
1771435998.357,0.0,45.71,4.7606,1.057,32.7,3,,,0.02538,0.0000,0.0000,0.4062,0.0000,0.2538,0.2737,0.1329,SAFE,False,0,9,,,,,,
1771435998.357,0.0,45.56,4.7860,1.028,30.6,3,,,0.02161,0.0000,0.0000,0.2909,0.0000,0.2161,0.2592,0.1113,SAFE,False,8,0,,,,,,window_reset|B=8
1771435998.357,0.0,45.62,4.8234,1.001,28.7,3,,,0.02195,0.0000,0.0000,0.1210,0.0000,0.2195,0.2457,0.0868,SAFE,False,8,0,,,,,,
1771435998.357,0.0,46.23,4.7864,0.976,26.9,2,,,0.01900,0.0000,0.0000,0.2889,0.0000,0.1900,0.2181,0.1002,SAFE,False,8,0,,,,,,
1771435998.358,0.0,,,,,,,,,,,,,,,0.1002,SAFE,,7,,t1351_0,0.23,NORMAL,LOCAL,SAFE: all tasks permitted (weight=0.23),
1771435998.358,0.0,45.59,4.8168,0.974,26.7,2,35782.082,2.75566,0.01975,0.0000,1.0000,0.1510,0.0000,0.1975,0.2168,0.3327,WARNING,False,7,1,,,,,,
1771435998.358,0.0,46.14,4.8324,0.950,25.0,2,63583.321,38.13203,0.02087,0.0000,1.0000,0.0801,0.0000,0.2087,0.2052,0.3223,WARNING,False,7,1,,,,,,
1771435998.358,0.0,45.65,4.8132,0.929,23.5,2,34991.007,1.85570,0.02121,0.0000,1.0000,0.1672,0.0000,0.2121,0.1944,0.3318,WARNING,False,7,1,,,,,,
1771435998.358,0.0,46.50,4.8643,0.909,22.0,2,75495.372,96.80071,0.02757,0.0000,1.0000,0.0000,0.0000,0.2757,0.1843,0.3144,WARNING,False,7,1,,,,,,
1771435998.358,0.0,46.21,4.8386,0.890,20.7,2,30228.819,77.98794,0.02898,0.0000,1.0000,0.0517,0.0000,0.2898,0.1750,0.3207,WARNING,False,7,1,,,,,,
1771435998.358,0.0,,,,,,,,,,,,,,,0.3207,WARNING,,7,,t1356_0,0.76,NORMAL,OFFLOAD,WARNING: heavy task offloaded (weight=0.76 >= 0.3),
1771435998.358,0.0,45.93,4.8406,0.873,19.5,2,22251.531,54.55051,0.02997,0.0000,1.0000,0.0429,0.0000,0.2997,0.1663,0.3188,WARNING,False,7,1,,,,,,
1771435998.358,0.0,46.05,4.8452,0.856,18.3,1,25639.428,21.76709,0.03136,0.0000,1.0000,0.0220,0.0000,0.3136,0.1432,0.3129,WARNING,False,7,1,,,,,,
1771435998.358,0.0,46.31,4.8454,0.841,17.2,1,5243.886,58.92361,0.02890,0.0000,1.0000,0.0210,0.0000,0.2890,0.1357,0.3088,WARNING,False,7,1,,,,,,
1771435998.358,0.0,45.72,4.8312,0.828,16.3,1,,,0.02247,0.0000,0.0000,0.0855,0.0000,0.2247,0.1288,0.0593,SAFE,False,7,1,,,,,,
1771435998.358,0.0,,,,,,,,,,,,,,,0.0593,SAFE,,6,,t1360_0,0.36,HIGH,LOCAL,SAFE: all tasks permitted (weight=0.36),
1771435998.358,0.0,45.94,4.8250,0.847,17.6,1,,,0.01884,0.0000,0.0000,0.1136,0.0000,0.1884,0.1385,0.0613,SAFE,False,6,2,,,,,,
1771435998.358,0.0,,,,,,,,,,,,,,,0.0613,SAFE,,5,,t1361_0,0.65,HIGH,LOCAL,SAFE: all tasks permitted (weight=0.65),
1771435998.358,0.0,45.88,4.8556,0.892,20.8,2,,,0.01994,0.0000,0.0000,0.0000,0.0000,0.1994,0.1759,0.0551,SAFE,False,5,3,,,,,,
1771435998.358,0.0,,,,,,,,,,,,,,,0.0551,SAFE,,4,,t1362_0,0.27,NORMAL,LOCAL,SAFE: all tasks permitted (weight=0.27),
1771435998.358,0.0,45.73,4.8351,0.899,21.3,2,,,0.01420,0.0000,0.0000,0.0677,0.0000,0.1420,0.1794,0.0589,SAFE,False,4,4,,,,,,
1771435998.358,0.0,45.51,4.8345,0.881,20.1,2,,,0.01289,0.0000,0.0000,0.0702,0.0000,0.1289,0.1704,0.0561,SAFE,False,9,0,,,,,,window_reset|B=9
1771435998.358,0.0,45.90,4.7788,0.864,18.9,1,,,0.02096,0.0000,0.0000,0.3236,0.0000,0.2096,0.1471,0.0924,SAFE,False,9,0,,,,,,
1771435998.358,0.0,,,,,,,,,,,,,,,0.0924,SAFE,,8,,t1365_0,0.70,HIGH,LOCAL,SAFE: all tasks permitted (weight=0.70),
1771435998.358,0.0,46.22,4.8247,0.913,22.3,2,,,0.02024,0.0000,0.0000,0.1149,0.0000,0.2024,0.1864,0.0724,SAFE,False,8,1,,,,,,
1771435998.358,0.0,45.38,4.8453,0.894,21.0,2,,,0.01855,0.0000,0.0000,0.0212,0.0000,0.1855,0.1769,0.0567,SAFE,False,8,1,,,,,,
1771435998.358,0.0,45.66,4.8311,0.876,19.7,2,,,0.01849,0.0000,0.0000,0.0858,0.0000,0.1849,0.1681,0.0633,SAFE,False,8,1,,,,,,
1771435998.358,0.0,45.51,4.8716,0.860,18.6,1,,,0.02135,0.0000,0.0000,0.0000,0.0000,0.2135,0.1449,0.0503,SAFE,False,8,1,,,,,,
1771435998.358,0.0,,,,,,,,,,,,,,,0.0503,SAFE,,7,,t1369_0,0.57,LOW,LOCAL,SAFE: all tasks permitted (weight=0.57),
1771435998.358,0.0,45.18,4.8669,0.897,21.2,2,,,0.02297,0.0000,0.0000,0.0000,0.0000,0.2297,0.1784,0.0586,SAFE,False,7,2,,,,,,
1771435998.358,0.0,45.45,4.8302,0.879,19.9,2,,,0.02290,0.0000,0.0000,0.0901,0.0000,0.2290,0.1694,0.0685,SAFE,False,7,2,,,,,,
1771435998.358,0.0,,,,,,,,,,,,,,,0.0685,SAFE,,6,,t1371_0,0.58,NORMAL,LOCAL,SAFE: all tasks permitted (weight=0.58),
1771435998.358,0.0,45.42,4.8195,0.915,22.5,2,,,0.02333,0.0000,0.0000,0.1388,0.0000,0.2333,0.1877,0.0789,SAFE,False,6,3,,,,,,
1771435998.358,0.0,45.72,4.8350,0.896,21.2,2,,,0.02314,0.0000,0.0000,0.0683,0.0000,0.2314,0.1781,0.0676,SAFE,False,6,3,,,,,,
1771435998.358,0.0,46.12,4.8268,0.878,19.9,2,,,0.02243,0.0000,0.0000,0.1056,0.0000,0.2243,0.1692,0.0700,SAFE,False,6,3,,,,,,
1771435998.358,0.0,,,,,,,,,,,,,,,0.0700,SAFE,,5,,t1374_0,0.41,LOW,LOCAL,SAFE: all tasks permitted (weight=0.41),
1771435998.358,0.0,46.00,4.8083,0.900,21.4,2,,,0.02345,0.0000,0.0000,0.1894,0.0000,0.2345,0.1799,0.0841,SAFE,False,5,4,,,,,,
1771435998.358,0.0,45.32,4.7946,0.882,20.1,2,,,0.02547,0.0000,0.0000,0.2519,0.0000,0.2547,0.1709,0.0924,SAFE,False,5,4,,,,,,
1771435998.358,0.0,,,,,,,,,,,,,,,0.0924,SAFE,,4,,t1376_0,0.22,HIGH,LOCAL,SAFE: all tasks permitted (weight=0.22),
1771435998.358,0.0,45.64,4.8060,0.885,20.4,2,,,0.02198,0.0000,0.0000,0.1999,0.0000,0.2198,0.1726,0.0825,SAFE,False,4,5,,,,,,
1771435998.358,0.0,,,,,,,,,,,,,,,0.0825,SAFE,,3,,t1377_0,0.57,NORMAL,LOCAL,SAFE: all tasks permitted (weight=0.57),
1771435998.358,0.0,45.28,4.8283,0.921,22.9,2,,,0.02193,0.0000,0.0000,0.0988,0.0000,0.2193,0.1905,0.0729,SAFE,False,3,6,,,,,,
1771435998.358,0.0,45.76,4.8310,0.901,21.5,2,,,0.02147,0.0000,0.0000,0.0865,0.0000,0.2147,0.1807,0.0689,SAFE,False,9,0,,,,,,window_reset|B=9
1771435998.358,0.0,,,,,,,,,,,,,,,0.0689,SAFE,,8,,t1379_0,0.56,HIGH,LOCAL,SAFE: all tasks permitted (weight=0.56),
1771435998.358,0.0,45.01,4.7780,0.935,23.9,2,,,0.02565,0.0000,0.0000,0.3271,0.0000,0.2565,0.1976,0.1077,SAFE,False,8,1,,,,,,
1771435998.358,0.0,,,,,,,,,,,,,,,0.1077,SAFE,,7,,t1380_0,0.53,HIGH,LOCAL,SAFE: all tasks permitted (weight=0.53),
1771435998.358,0.0,45.75,4.8259,0.963,26.0,2,,,0.02146,0.0000,0.0000,0.1097,0.0000,0.2146,0.2117,0.0781,SAFE,False,7,2,,,,,,
1771435998.358,0.0,,,,,,,,,,,,,,,0.0781,SAFE,,6,,t1381_0,0.79,NORMAL,LOCAL,SAFE: all tasks permitted (weight=0.79),
1771435998.358,0.0,45.80,4.7963,1.013,29.5,3,,,0.01730,0.0000,0.0000,0.2439,0.0000,0.1730,0.2516,0.0993,SAFE,False,6,3,,,,,,
1771435998.358,0.0,45.93,4.8118,0.987,27.7,3,,,0.01669,0.0000,0.0000,0.1736,0.0000,0.1669,0.2386,0.0870,SAFE,False,6,3,,,,,,
1771435998.358,0.0,,,,,,,,,,,,,,,0.0870,SAFE,,5,,t1383_0,0.84,HIGH,LOCAL,SAFE: all tasks permitted (weight=0.84),
1771435998.358,0.0,46.13,4.7814,1.041,31.5,3,,,0.01874,0.0000,0.0000,0.3120,0.0000,0.1874,0.2653,0.1124,SAFE,False,5,4,,,,,,
1771435998.359,0.0,,,,,,,,,,,,,,,0.1124,SAFE,,4,,t1384_0,0.24,LOW,LOCAL,SAFE: all tasks permitted (weight=0.24),
1771435998.359,0.0,45.93,4.7921,1.035,31.0,3,17370.309,-13.92088,0.01775,0.0000,1.0000,0.2632,1.0000,0.1775,0.2623,0.5544,WARNING,False,4,5,,,,,,
1771435998.359,0.0,,,,,,,,,,,,,,,0.5544,WARNING,,3,,t1385_0,0.22,HIGH,LOCAL,WARNING: lightweight task permitted (weight=0.22 < 0.3),
1771435998.359,0.0,46.24,4.8375,1.027,30.5,3,57624.376,9.23369,0.01897,0.0000,1.0000,0.0569,0.0000,0.1897,0.2586,0.3281,WARNING,False,3,6,,,,,,
1771435998.359,0.0,,,,,,,,,,,,,,,0.3281,WARNING,,3,,t1386_0,0.60,HIGH,OFFLOAD,WARNING: heavy task offloaded (weight=0.60 >= 0.3),
1771435998.359,0.0,,,,,,,,,,,,,,,0.3281,WARNING,,3,,t1386_1,0.34,NORMAL,OFFLOAD,WARNING: heavy task offloaded (weight=0.34 >= 0.3),
1771435998.359,0.0,46.72,4.7889,1.000,28.6,3,57599.417,-42.06133,0.01965,0.0000,1.0000,0.2776,1.0000,0.1965,0.2452,0.5548,CRITICAL,False,3,6,,,,,,
1771435998.359,0.0,46.42,4.7705,0.975,26.8,2,84907.174,-7.54881,0.02182,0.0000,1.0000,0.3614,1.0000,0.2182,0.2176,0.5623,CRITICAL,False,3,6,,,,,,
1771435998.359,0.0,46.58,4.8265,0.952,25.1,2,49468.229,0.58932,0.02270,0.0000,1.0000,0.1070,0.0000,0.2270,0.2060,0.3278,WARNING,False,3,6,,,,,,
1771435998.359,0.0,46.60,4.8279,0.930,23.6,2,47962.045,31.54548,0.02267,0.0000,1.0000,0.1006,0.0000,0.2267,0.1951,0.3248,WARNING,False,3,6,,,,,,
1771435998.359,0.0,,,,,,,,,,,,,,,0.3248,WARNING,,3,,t1390_0,0.36,CRITICAL,OFFLOAD,WARNING: heavy task offloaded (weight=0.36 >= 0.3),
1771435998.359,0.0,46.31,4.8046,0.910,22.1,2,22487.435,-7.21219,0.02134,0.0000,1.0000,0.2064,1.0000,0.2134,0.1850,0.5352,WARNING,False,3,6,,,,,,
1771435998.359,0.0,46.51,4.8114,0.891,20.8,2,22795.309,29.99458,0.01998,0.0000,1.0000,0.1757,0.0000,0.1998,0.1756,0.3279,WARNING,False,3,6,,,,,,
1771435998.359,0.0,46.01,4.8399,0.874,19.6,2,,,0.02146,0.0000,0.0000,0.0459,0.0000,0.2146,0.1669,0.0608,SAFE,False,3,6,,,,,,
1771435998.359,0.0,46.99,4.8395,0.858,18.4,1,,,0.02287,0.0000,0.0000,0.0477,0.0000,0.2287,0.1438,0.0578,SAFE,False,9,0,,,,,,window_reset|B=9
1771435998.359,0.0,,,,,,,,,,,,,,,0.0578,SAFE,,8,,t1394_0,0.37,LOW,LOCAL,SAFE: all tasks permitted (weight=0.37),
1771435998.359,0.0,45.45,4.8397,0.877,19.8,2,,,0.02422,0.0000,0.0000,0.0467,0.0000,0.2422,0.1684,0.0640,SAFE,False,8,1,,,,,,
1771435998.359,0.0,46.21,4.8531,0.860,18.6,1,,,0.02444,0.0000,0.0000,0.0000,0.0000,0.2444,0.1452,0.0535,SAFE,False,8,1,,,,,,
1771435998.359,0.0,,,,,,,,,,,,,,,0.0535,SAFE,,7,,t1396_0,0.73,HIGH,LOCAL,SAFE: all tasks permitted (weight=0.73),
1771435998.359,0.0,46.76,4.8368,0.913,22.3,2,,,0.02340,0.0000,0.0000,0.0598,0.0000,0.2340,0.1864,0.0685,SAFE,False,7,2,,,,,,
1771435998.359,0.0,,,,,,,,,,,,,,,0.0685,SAFE,,6,,t1397_0,0.65,NORMAL,LOCAL,SAFE: all tasks permitted (weight=0.65),
1771435998.359,0.0,45.95,4.8088,0.954,25.3,2,,,0.02327,0.0000,0.0000,0.1872,0.0000,0.2327,0.2072,0.0890,SAFE,False,6,3,,,,,,
1771435998.359,0.0,46.24,4.8101,0.932,23.7,2,,,0.02153,0.0000,0.0000,0.1812,0.0000,0.2153,0.1962,0.0843,SAFE,False,6,3,,,,,,
1771435998.359,0.0,46.20,4.8081,0.912,22.3,2,,,0.01569,0.0000,0.0000,0.1903,0.0000,0.1569,0.1861,0.0776,SAFE,False,6,3,,,,,,
1771435998.359,0.0,,,,,,,,,,,,,,,0.0776,SAFE,,5,,t1400_0,0.65,NORMAL,LOCAL,SAFE: all tasks permitted (weight=0.65),
1771435998.359,0.0,46.55,4.8147,0.954,25.3,2,,,0.01597,0.0000,0.0000,0.1604,0.0000,0.1597,0.2068,0.0782,SAFE,False,5,4,,,,,,
1771435998.359,0.0,46.17,4.8416,0.932,23.7,2,,,0.01664,0.0000,0.0000,0.0381,0.0000,0.1664,0.1959,0.0608,SAFE,False,5,4,,,,,,
1771435998.359,0.0,46.14,4.8230,0.912,22.3,2,,,0.01543,0.0000,0.0000,0.1225,0.0000,0.1543,0.1858,0.0685,SAFE,False,5,4,,,,,,
1771435998.359,0.0,46.11,4.8216,0.893,20.9,2,,,0.01480,0.0000,0.0000,0.1290,0.0000,0.1480,0.1763,0.0668,SAFE,False,5,4,,,,,,
1771435998.359,0.0,,,,,,,,,,,,,,,0.0668,SAFE,,4,,t1404_0,0.83,CRITICAL,LOCAL,SAFE: all tasks permitted (weight=0.83),
1771435998.359,0.0,46.48,4.8411,0.952,25.2,2,,,0.01488,0.0000,0.0000,0.0403,0.0000,0.1488,0.2061,0.0613,SAFE,False,4,5,,,,,,
1771435998.359,0.0,46.52,4.8101,0.930,23.6,2,,,0.01524,0.0000,0.0000,0.1814,0.0000,0.1524,0.1952,0.0779,SAFE,False,4,5,,,,,,
1771435998.359,0.0,46.63,4.8429,0.910,22.2,2,,,0.01551,0.0000,0.0000,0.0321,0.0000,0.1551,0.1851,0.0567,SAFE,False,4,5,,,,,,
1771435998.359,0.0,,,,,,,,,,,,,,,0.0567,SAFE,,3,,t1407_0,0.42,HIGH,LOCAL,SAFE: all tasks permitted (weight=0.42),
1771435998.359,0.0,46.57,4.8293,0.931,23.6,2,,,0.01328,0.0000,0.0000,0.0942,0.0000,0.1328,0.1954,0.0646,SAFE,False,3,6,,,,,,
1771435998.359,0.0,46.10,4.8338,0.911,22.2,2,,,0.01306,0.0000,0.0000,0.0738,0.0000,0.1306,0.1853,0.0597,SAFE,False,9,0,,,,,,window_reset|B=9
1771435998.359,0.0,,,,,,,,,,,,,,,0.0597,SAFE,,8,,t1409_0,0.70,NORMAL,LOCAL,SAFE: all tasks permitted (weight=0.70),
1771435998.359,0.0,46.58,4.8108,0.957,25.5,2,,,0.01288,0.0000,0.0000,0.1781,0.0000,0.1288,0.2083,0.0777,SAFE,False,8,1,,,,,,
1771435998.359,0.0,46.59,4.8378,0.935,23.9,2,,,0.01268,0.0000,0.0000,0.0555,0.0000,0.1268,0.1973,0.0593,SAFE,False,8,1,,,,,,
1771435998.359,0.0,,,,,,,,,,,,,,,0.0593,SAFE,,7,,t1411_0,0.70,HIGH,LOCAL,SAFE: all tasks permitted (weight=0.70),
1771435998.359,0.0,46.70,4.7891,0.979,27.1,3,,,0.01568,0.0000,0.0000,0.2767,0.0000,0.1568,0.2345,0.0985,SAFE,False,7,2,,,,,,
1771435998.359,0.0,46.58,4.7983,0.955,25.4,2,,,0.01713,0.0000,0.0000,0.2349,0.0000,0.1713,0.2077,0.0892,SAFE,False,7,2,,,,,,
1771435998.359,0.0,,,,,,,,,,,,,,,0.0892,SAFE,,6,,t1413_0,0.79,NORMAL,LOCAL,SAFE: all tasks permitted (weight=0.79),
1771435998.359,0.0,46.34,4.7903,1.006,29.0,3,,,0.01838,0.0000,0.0000,0.2713,0.0000,0.1838,0.2482,0.1033,SAFE,False,6,3,,,,,,
1771435998.359,0.0,47.19,4.8177,0.981,27.2,3,,,0.01834,0.0000,0.0000,0.1467,0.0000,0.1834,0.2355,0.0845,SAFE,False,6,3,,,,,,
1771435998.359,0.0,,,,,,,,,,,,,,,0.0845,SAFE,,5,,t1415_0,0.48,NORMAL,LOCAL,SAFE: all tasks permitted (weight=0.48),
1771435998.359,0.0,46.53,4.7850,1.002,28.7,3,,,0.02050,0.0000,0.0000,0.2953,0.0000,0.2050,0.2459,0.1081,SAFE,False,5,4,,,,,,
1771435998.360,0.0,46.56,4.8244,0.977,26.9,2,27424.193,-9.34394,0.01924,0.0000,1.0000,0.1162,1.0000,0.1924,0.2183,0.5280,WARNING,False,5,4,,,,,,
1771435998.360,0.0,46.83,4.8178,0.953,25.2,2,15093.873,6.96924,0.01922,0.0000,1.0000,0.1464,0.0000,0.1922,0.2066,0.3296,WARNING,False,5,4,,,,,,
1771435998.360,0.0,47.35,4.7875,0.931,23.7,2,45885.473,-50.27578,0.01854,0.0000,1.0000,0.2840,1.0000,0.1854,0.1957,0.5446,WARNING,False,5,4,,,,,,
1771435998.360,0.0,46.43,4.8146,0.911,22.2,2,-16715.828,25.52050,0.01771,0.0000,0.0000,0.1607,0.0000,0.1771,0.1856,0.0757,SAFE,False,5,4,,,,,,
1771435998.360,0.0,46.82,4.8166,0.892,20.9,2,14344.092,18.31704,0.01628,0.0000,1.0000,0.1517,0.0000,0.1628,0.1761,0.3212,WARNING,False,5,4,,,,,,
1771435998.360,0.0,,,,,,,,,,,,,,,0.3212,WARNING,,5,,t1421_0,0.70,LOW,OFFLOAD,WARNING: heavy task offloaded (weight=0.70 >= 0.3),
1771435998.360,0.0,46.22,4.8393,0.875,19.6,2,-7187.334,48.98633,0.01851,0.0000,0.0000,0.0487,0.0000,0.1851,0.1674,0.0583,SAFE,False,5,4,,,,,,
1771435998.360,0.0,,,,,,,,,,,,,,,0.0583,SAFE,,4,,t1422_0,0.43,NORMAL,LOCAL,SAFE: all tasks permitted (weight=0.43),
1771435998.360,0.0,46.50,4.8399,0.899,21.4,2,-41374.035,22.13321,0.01878,0.0000,0.0000,0.0461,0.0000,0.1878,0.1795,0.0607,SAFE,False,4,5,,,,,,
1771435998.360,0.0,46.74,4.8437,0.881,20.1,2,12569.112,58.63307,0.01974,0.0000,1.0000,0.0288,0.0000,0.1974,0.1705,0.3076,WARNING,False,6,0,,,,,,window_reset|B=6
1771435998.360,0.0,46.34,4.8603,0.864,18.9,1,,,0.02269,0.0000,0.0000,0.0000,0.0000,0.2269,0.1471,0.0521,SAFE,False,6,0,,,,,,
1771435998.360,0.0,46.55,4.8407,0.849,17.8,1,,,0.02148,0.0000,0.0000,0.0425,0.0000,0.2148,0.1394,0.0549,SAFE,False,6,0,,,,,,
1771435998.360,0.0,,,,,,,,,,,,,,,0.0549,SAFE,,5,,t1426_0,0.82,LOW,LOCAL,SAFE: all tasks permitted (weight=0.82),
1771435998.360,0.0,46.51,4.8417,0.911,22.2,2,,,0.02192,0.0000,0.0000,0.0377,0.0000,0.2192,0.1855,0.0639,SAFE,False,5,1,,,,,,
1771435998.360,0.0,46.39,4.8564,0.892,20.9,2,,,0.01956,0.0000,0.0000,0.0000,0.0000,0.1956,0.1760,0.0548,SAFE,False,5,1,,,,,,
1771435998.360,0.0,,,,,,,,,,,,,,,0.0548,SAFE,,4,,t1428_0,0.74,CRITICAL,LOCAL,SAFE: all tasks permitted (weight=0.74),
1771435998.360,0.0,45.90,4.8296,0.943,24.5,2,,,0.01945,0.0000,0.0000,0.0928,0.0000,0.1945,0.2017,0.0719,SAFE,False,4,2,,,,,,
1771435998.360,0.0,45.80,4.8002,0.922,23.0,2,,,0.02108,0.0000,0.0000,0.2262,0.0000,0.2108,0.1911,0.0887,SAFE,False,4,2,,,,,,
1771435998.360,0.0,46.47,4.8320,0.903,21.6,2,,,0.01656,0.0000,0.0000,0.0818,0.0000,0.1656,0.1813,0.0635,SAFE,False,4,2,,,,,,
1771435998.360,0.0,,,,,,,,,,,,,,,0.0635,SAFE,,3,,t1431_0,0.44,HIGH,LOCAL,SAFE: all tasks permitted (weight=0.44),
1771435998.360,0.0,46.08,4.7875,0.926,23.3,2,,,0.02051,0.0000,0.0000,0.2841,0.0000,0.2051,0.1930,0.0960,SAFE,False,3,3,,,,,,
1771435998.360,0.0,46.60,4.8324,0.906,21.9,2,,,0.01996,0.0000,0.0000,0.0802,0.0000,0.1996,0.1830,0.0670,SAFE,False,3,3,,,,,,
1771435998.360,0.0,46.97,4.8470,0.888,20.5,2,,,0.02026,0.0000,0.0000,0.0136,0.0000,0.2026,0.1738,0.0568,SAFE,False,3,3,,,,,,
1771435998.360,0.0,,,,,,,,,,,,,,,0.0568,SAFE,,2,,t1434_0,0.32,HIGH,LOCAL,SAFE: all tasks permitted (weight=0.32),
1771435998.360,0.0,46.68,4.8330,0.900,21.5,2,,,0.02019,0.0000,0.0000,0.0773,0.0000,0.2019,0.1802,0.0663,SAFE,False,2,4,,,,,,
1771435998.360,0.0,46.55,4.8417,0.882,20.2,2,,,0.02012,0.0000,0.0000,0.0376,0.0000,0.2012,0.1711,0.0592,SAFE,False,2,4,,,,,,
1771435998.360,0.0,,,,,,,,,,,,,,,0.0592,SAFE,,1,,t1436_0,0.54,LOW,LOCAL,SAFE: all tasks permitted (weight=0.54),
1771435998.360,0.0,45.99,4.7961,0.916,22.6,2,,,0.02081,0.0000,0.0000,0.2449,0.0000,0.2081,0.1880,0.0902,SAFE,False,1,5,,,,,,
1771435998.360,0.0,,,,,,,,,,,,,,,0.0902,SAFE,,0,,t1437_0,0.46,NORMAL,LOCAL,SAFE: all tasks permitted (weight=0.46),
1771435998.360,0.0,46.37,4.8320,0.940,24.3,2,,,0.02051,0.0000,0.0000,0.0819,0.0000,0.2051,0.1999,0.0711,SAFE,False,0,6,,,,,,
1771435998.360,0.0,,,,,,,,,,,,,,,0.0711,SAFE,,0,,t1438_0,0.36,NORMAL,OFFLOAD,"Budget exhausted (B=0), offloading. Original: SAFE: all tasks permitted (weight=0.36)",
1771435998.360,0.0,46.76,4.8485,0.919,22.8,2,,,0.02099,0.0000,0.0000,0.0068,0.0000,0.2099,0.1895,0.0598,SAFE,False,9,0,,,,,,window_reset|B=9
1771435998.360,0.0,46.04,4.8019,0.900,21.4,2,,,0.02024,0.0000,0.0000,0.2186,0.0000,0.2024,0.1798,0.0846,SAFE,False,9,0,,,,,,
1771435998.360,0.0,45.50,4.8416,0.882,20.1,2,,,0.02081,0.0000,0.0000,0.0381,0.0000,0.2081,0.1708,0.0599,SAFE,False,9,0,,,,,,
1771435998.360,0.0,46.21,4.8580,0.865,18.9,1,,,0.02132,0.0000,0.0000,0.0000,0.0000,0.2132,0.1474,0.0508,SAFE,False,9,0,,,,,,
1771435998.360,0.0,,,,,,,,,,,,,,,0.0508,SAFE,,8,,t1442_0,0.84,HIGH,LOCAL,SAFE: all tasks permitted (weight=0.84),
1771435998.360,0.0,46.21,4.8122,0.928,23.4,2,,,0.02181,0.0000,0.0000,0.1720,0.0000,0.2181,0.1938,0.0829,SAFE,False,8,1,,,,,,
1771435998.360,0.0,45.97,4.8097,0.908,22.0,2,,,0.01909,0.0000,0.0000,0.1830,0.0000,0.1909,0.1838,0.0796,SAFE,False,8,1,,,,,,
1771435998.360,0.0,45.81,4.8294,0.889,20.6,2,,,0.01907,0.0000,0.0000,0.0938,0.0000,0.1907,0.1745,0.0662,SAFE,False,8,1,,,,,,
1771435998.360,0.0,45.97,4.8550,0.872,19.4,2,,,0.01980,0.0000,0.0000,0.0000,0.0000,0.1980,0.1659,0.0530,SAFE,False,8,1,,,,,,
1771435998.360,0.0,,,,,,,,,,,,,,,0.0530,SAFE,,7,,t1446_0,0.64,HIGH,LOCAL,SAFE: all tasks permitted (weight=0.64),
1771435998.360,0.0,45.92,4.8316,0.916,22.6,2,,,0.01979,0.0000,0.0000,0.0835,0.0000,0.1979,0.1879,0.0682,SAFE,False,7,2,,,,,,
1771435998.360,0.0,46.17,4.8312,0.897,21.2,2,,,0.01947,0.0000,0.0000,0.0853,0.0000,0.1947,0.1783,0.0662,SAFE,False,7,2,,,,,,
1771435998.360,0.0,46.29,4.8239,0.879,19.9,2,,,0.01692,0.0000,0.0000,0.1185,0.0000,0.1692,0.1694,0.0662,SAFE,False,7,2,,,,,,
1771435998.360,0.0,,,,,,,,,,,,,,,0.0662,SAFE,,6,,t1449_0,0.58,LOW,LOCAL,SAFE: all tasks permitted (weight=0.58),
1771435998.360,0.0,46.82,4.8268,0.917,22.7,2,,,0.01696,0.0000,0.0000,0.1053,0.0000,0.1696,0.1886,0.0684,SAFE,False,6,3,,,,,,
1771435998.360,0.0,46.08,4.8309,0.898,21.3,2,,,0.01610,0.0000,0.0000,0.0869,0.0000,0.1610,0.1790,0.0632,SAFE,False,6,3,,,,,,
1771435998.361,0.0,,,,,,,,,,,,,,,0.0632,SAFE,,5,,t1451_0,0.50,CRITICAL,LOCAL,SAFE: all tasks permitted (weight=0.50),
1771435998.361,0.0,46.08,4.8342,0.927,23.3,2,6849.023,24.49577,0.01383,0.0000,1.0000,0.0717,0.0000,0.1383,0.1933,0.3118,WARNING,False,5,4,,,,,,
1771435998.361,0.0,,,,,,,,,,,,,,,0.3118,WARNING,,5,,t1452_0,0.40,NORMAL,OFFLOAD,WARNING: heavy task offloaded (weight=0.40 >= 0.3),
1771435998.361,0.0,45.92,4.8405,0.907,21.9,2,6720.918,11.17485,0.01377,0.0000,1.0000,0.0430,0.0000,0.1377,0.1834,0.3060,WARNING,False,5,4,,,,,,
1771435998.361,0.0,,,,,,,,,,,,,,,0.3060,WARNING,,5,,t1453_0,0.64,HIGH,OFFLOAD,WARNING: heavy task offloaded (weight=0.64 >= 0.3),
1771435998.361,0.0,45.97,4.8398,0.888,20.6,2,-113.046,-15.23681,0.01165,0.0000,0.0000,0.0466,1.0000,0.1165,0.1741,0.2525,WARNING,False,7,0,,,,,,window_reset|B=7
1771435998.361,0.0,45.84,4.8489,0.871,19.4,2,-4689.237,17.25822,0.01126,0.0000,0.0000,0.0050,0.0000,0.1126,0.1655,0.0450,SAFE,False,7,0,,,,,,
1771435998.361,0.0,45.81,4.8492,0.855,18.2,1,-21372.572,17.94783,0.00946,0.0000,0.0000,0.0037,0.0000,0.0946,0.1425,0.0384,SAFE,False,7,0,,,,,,
1771435998.361,0.0,,,,,,,,,,,,,,,0.0384,SAFE,,6,,t1456_0,0.36,NORMAL,LOCAL,SAFE: all tasks permitted (weight=0.36),
1771435998.361,0.0,,,,,,,,,,,,,,,0.0384,SAFE,,5,,t1456_1,0.37,HIGH,LOCAL,SAFE: all tasks permitted (weight=0.37),
1771435998.361,0.0,46.47,4.8115,0.908,22.0,2,10529.229,-12.44565,0.01166,0.0000,1.0000,0.1751,1.0000,0.1166,0.1840,0.5212,WARNING,False,5,2,,,,,,
1771435998.361,0.0,,,,,,,,,,,,,,,0.5212,WARNING,,5,,t1457_0,0.54,LOW,OFFLOAD,WARNING: heavy task offloaded (weight=0.54 >= 0.3),
1771435998.361,0.0,45.88,4.8596,0.889,20.7,2,-56108.911,32.73628,0.01235,0.0000,0.0000,0.0000,0.0000,0.1235,0.1747,0.0473,SAFE,False,5,2,,,,,,
1771435998.361,0.0,,,,,,,,,,,,,,,0.0473,SAFE,,4,,t1458_0,0.38,NORMAL,LOCAL,SAFE: all tasks permitted (weight=0.38),
1771435998.361,0.0,45.48,4.8456,0.907,22.0,2,-35909.472,14.75143,0.01258,0.0000,0.0000,0.0199,0.0000,0.1258,0.1837,0.0519,SAFE,False,4,3,,,,,,
1771435998.361,0.0,45.86,4.8565,0.889,20.6,2,,,0.01354,0.0000,0.0000,0.0000,0.0000,0.1354,0.1745,0.0484,SAFE,False,4,3,,,,,,
1771435998.361,0.0,45.87,4.8615,0.872,19.4,2,,,0.01403,0.0000,0.0000,0.0000,0.0000,0.1403,0.1658,0.0472,SAFE,False,4,3,,,,,,
1771435998.361,0.0,45.97,4.8443,0.856,18.3,1,,,0.01326,0.0000,0.0000,0.0259,0.0000,0.1326,0.1428,0.0452,SAFE,False,4,3,,,,,,
1771435998.361,0.0,45.86,4.8545,0.841,17.2,1,,,0.01299,0.0000,0.0000,0.0000,0.0000,0.1299,0.1353,0.0400,SAFE,False,4,3,,,,,,
1771435998.361,0.0,,,,,,,,,,,,,,,0.0400,SAFE,,3,,t1463_0,0.28,NORMAL,LOCAL,SAFE: all tasks permitted (weight=0.28),
1771435998.361,0.0,45.65,4.8190,0.853,18.1,1,,,0.01466,0.0000,0.0000,0.1409,0.0000,0.1466,0.1416,0.0613,SAFE,False,3,4,,,,,,
1771435998.361,0.0,45.89,4.8629,0.838,17.0,1,,,0.01547,0.0000,0.0000,0.0000,0.0000,0.1547,0.1342,0.0423,SAFE,False,3,4,,,,,,
1771435998.361,0.0,45.40,4.8786,0.825,16.0,1,,,0.01771,0.0000,0.0000,0.0000,0.0000,0.1771,0.1273,0.0432,SAFE,False,3,4,,,,,,
1771435998.361,0.0,,,,,,,,,,,,,,,0.0432,SAFE,,2,,t1466_0,0.56,NORMAL,LOCAL,SAFE: all tasks permitted (weight=0.56),
1771435998.361,0.0,45.05,4.8477,0.865,18.9,1,,,0.01772,0.0000,0.0000,0.0106,0.0000,0.1772,0.1476,0.0486,SAFE,False,2,5,,,,,,
1771435998.361,0.0,45.93,4.8125,0.849,17.8,1,,,0.02043,0.0000,0.0000,0.1706,0.0000,0.2043,0.1397,0.0706,SAFE,False,2,5,,,,,,
1771435998.361,0.0,,,,,,,,,,,,,,,0.0706,SAFE,,1,,t1468_0,0.40,LOW,LOCAL,SAFE: all tasks permitted (weight=0.40),
1771435998.361,0.0,,,,,,,,,,,,,,,0.0706,SAFE,,0,,t1468_1,0.63,CRITICAL,LOCAL,SAFE: all tasks permitted (weight=0.63),
1771435998.361,0.0,45.58,4.8136,0.932,23.7,2,,,0.02013,0.0000,0.0000,0.1655,0.0000,0.2013,0.1961,0.0809,SAFE,False,9,0,,,,,,window_reset|B=9
1771435998.361,0.0,45.78,4.8567,0.912,22.3,2,,,0.01999,0.0000,0.0000,0.0000,0.0000,0.1999,0.1860,0.0572,SAFE,False,9,0,,,,,,
1771435998.361,0.0,45.65,4.8250,0.893,20.9,2,,,0.02083,0.0000,0.0000,0.1135,0.0000,0.2083,0.1765,0.0709,SAFE,False,9,0,,,,,,
1771435998.361,0.0,45.56,4.8653,0.875,19.7,2,,,0.02139,0.0000,0.0000,0.0000,0.0000,0.2139,0.1677,0.0549,SAFE,False,9,0,,,,,,
1771435998.361,0.0,45.51,4.8385,0.859,18.5,1,,,0.02087,0.0000,0.0000,0.0523,0.0000,0.2087,0.1445,0.0566,SAFE,False,9,0,,,,,,
1771435998.361,0.0,,,,,,,,,,,,,,,0.0566,SAFE,,8,,t1473_0,0.64,HIGH,LOCAL,SAFE: all tasks permitted (weight=0.64),
1771435998.361,0.0,45.57,4.8085,0.905,21.8,2,,,0.02295,0.0000,0.0000,0.1887,0.0000,0.2295,0.1823,0.0839,SAFE,False,8,1,,,,,,
1771435998.361,0.0,,,,,,,,,,,,,,,0.0839,SAFE,,7,,t1474_0,0.81,LOW,LOCAL,SAFE: all tasks permitted (weight=0.81),
1771435998.361,0.0,45.15,4.8158,0.963,25.9,2,,,0.02344,0.0000,0.0000,0.1556,0.0000,0.2344,0.2113,0.0859,SAFE,False,7,2,,,,,,
1771435998.361,0.0,45.46,4.8400,0.940,24.3,2,,,0.02280,0.0000,0.0000,0.0453,0.0000,0.2280,0.2001,0.0687,SAFE,False,7,2,,,,,,
1771435998.361,0.0,46.00,4.8165,0.919,22.8,2,,,0.02231,0.0000,0.0000,0.1521,0.0000,0.2231,0.1896,0.0800,SAFE,False,7,2,,,,,,
1771435998.361,0.0,45.54,4.8212,0.900,21.4,2,,,0.01820,0.0000,0.0000,0.1307,0.0000,0.1820,0.1799,0.0712,SAFE,False,7,2,,,,,,
1771435998.361,0.0,,,,,,,,,,,,,,,0.0712,SAFE,,6,,t1478_0,0.71,CRITICAL,LOCAL,SAFE: all tasks permitted (weight=0.71),
1771435998.361,0.0,45.86,4.8059,0.950,25.0,2,,,0.01850,0.0000,0.0000,0.2005,0.0000,0.1850,0.2048,0.0855,SAFE,False,6,3,,,,,,
1771435998.361,0.0,45.57,4.8099,0.928,23.4,2,,,0.01867,0.0000,0.0000,0.1821,0.0000,0.1867,0.1940,0.0811,SAFE,False,6,3,,,,,,
1771435998.361,0.0,,,,,,,,,,,,,,,0.0811,SAFE,,5,,t1480_0,0.75,HIGH,LOCAL,SAFE: all tasks permitted (weight=0.75),
1771435998.361,0.0,45.81,4.8152,0.980,27.1,3,,,0.01858,0.0000,0.0000,0.1580,0.0000,0.1858,0.2348,0.0861,SAFE,False,5,4,,,,,,
1771435998.361,0.0,45.98,4.8135,0.956,25.4,2,,,0.01645,0.0000,0.0000,0.1657,0.0000,0.1645,0.2080,0.0796,SAFE,False,5,4,,,,,,
1771435998.361,0.0,45.53,4.8233,0.934,23.9,2,,,0.01644,0.0000,0.0000,0.1213,0.0000,0.1644,0.1970,0.0716,SAFE,False,5,4,,,,,,
1771435998.361,0.0,46.08,4.8312,0.914,22.4,2,,,0.01083,0.0000,0.0000,0.0854,0.0000,0.1083,0.1868,0.0593,SAFE,False,9,0,,,,,,window_reset|B=9
1771435998.362,0.1,,,,,,,,,,,,,,,0.0593,SAFE,,8,,t1484_0,0.73,LOW,LOCAL,SAFE: all tasks permitted (weight=0.73),
1771435998.362,0.1,45.49,4.7832,0.964,26.0,2,-31141.851,-33.34915,0.01343,0.0000,0.0000,0.3037,1.0000,0.1343,0.2119,0.2953,WARNING,False,8,1,,,,,,
1771435998.362,0.1,45.96,4.8127,0.941,24.4,2,24931.736,-8.57661,0.01330,0.0000,1.0000,0.1697,1.0000,0.1330,0.2006,0.5255,WARNING,False,8,1,,,,,,
1771435998.362,0.1,,,,,,,,,,,,,,,0.5255,WARNING,,7,,t1486_0,0.23,HIGH,LOCAL,WARNING: lightweight task permitted (weight=0.23 < 0.3),
1771435998.362,0.1,45.91,4.7876,0.942,24.5,2,2702.372,-18.31274,0.01540,0.0000,1.0000,0.2837,1.0000,0.1540,0.2012,0.5425,WARNING,False,7,2,,,,,,
1771435998.362,0.1,,,,,,,,,,,,,,,0.5425,WARNING,,7,,t1487_0,0.56,NORMAL,OFFLOAD,WARNING: heavy task offloaded (weight=0.56 >= 0.3),
1771435998.362,0.1,46.17,4.8713,0.921,23.0,2,35749.680,61.31793,0.02123,0.0000,1.0000,0.0000,0.0000,0.2123,0.1907,0.3094,WARNING,False,7,2,,,,,,
1771435998.362,0.1,46.09,4.7997,0.902,21.6,2,16784.130,-15.49781,0.02169,0.0000,1.0000,0.2284,1.0000,0.2169,0.1809,0.5376,WARNING,False,7,2,,,,,,
1771435998.362,0.1,46.20,4.8580,0.884,20.3,2,13249.049,44.43560,0.02479,0.0000,1.0000,0.0000,0.0000,0.2479,0.1718,0.3091,WARNING,False,7,2,,,,,,
1771435998.362,0.1,,,,,,,,,,,,,,,0.3091,WARNING,,7,,t1490_0,0.34,HIGH,OFFLOAD,WARNING: heavy task offloaded (weight=0.34 >= 0.3),
1771435998.362,0.1,46.42,4.8664,0.867,19.0,2,53741.426,43.07978,0.02785,0.0000,1.0000,0.0000,0.0000,0.2785,0.1633,0.3105,WARNING,False,7,2,,,,,,
1771435998.362,0.1,45.70,4.8502,0.851,17.9,1,-22702.930,19.01052,0.02853,0.0000,0.0000,0.0000,0.0000,0.2853,0.1405,0.0566,SAFE,False,7,2,,,,,,
1771435998.362,0.1,,,,,,,,,,,,,,,0.0566,SAFE,,6,,t1492_0,0.28,HIGH,LOCAL,SAFE: all tasks permitted (weight=0.28),
1771435998.362,0.1,45.96,4.8509,0.863,18.8,1,,,0.02911,0.0000,0.0000,0.0000,0.0000,0.2911,0.1465,0.0584,SAFE,False,6,3,,,,,,
1771435998.362,0.1,45.80,4.8331,0.848,17.7,1,,,0.02874,0.0000,0.0000,0.0767,0.0000,0.2874,0.1388,0.0665,SAFE,False,6,3,,,,,,
1771435998.362,0.1,,,,,,,,,,,,,,,0.0665,SAFE,,5,,t1494_0,0.83,NORMAL,LOCAL,SAFE: all tasks permitted (weight=0.83),
1771435998.362,0.1,46.16,4.8153,0.912,22.3,2,,,0.02900,0.0000,0.0000,0.1576,0.0000,0.2900,0.1862,0.0867,SAFE,False,5,4,,,,,,
1771435998.362,0.1,45.97,4.8432,0.893,21.0,2,,,0.02923,0.0000,0.0000,0.0307,0.0000,0.2923,0.1767,0.0686,SAFE,False,5,4,,,,,,
1771435998.362,0.1,45.79,4.8378,0.876,19.7,2,,,0.02544,0.0000,0.0000,0.0554,0.0000,0.2544,0.1679,0.0662,SAFE,False,5,4,,,,,,
1771435998.362,0.1,45.61,4.8492,0.859,18.5,1,,,0.02470,0.0000,0.0000,0.0036,0.0000,0.2470,0.1447,0.0541,SAFE,False,5,4,,,,,,
1771435998.362,0.1,46.01,4.8252,0.844,17.4,1,,,0.01996,0.0000,0.0000,0.1125,0.0000,0.1996,0.1371,0.0620,SAFE,False,9,0,,,,,,window_reset|B=9
1771435998.362,0.1,,,,,,,,,,,,,,,0.0620,SAFE,,8,,t1499_0,0.36,HIGH,LOCAL,SAFE: all tasks permitted (weight=0.36),
1771435998.362,0.1,45.57,4.8171,0.864,18.9,1,,,0.01886,0.0000,0.0000,0.1495,0.0000,0.1886,0.1470,0.0677,SAFE,False,8,1,,,,,,
1771435998.362,0.1,,,,,,,,,,,,,,,0.0677,SAFE,,7,,t1500_0,0.22,HIGH,LOCAL,SAFE: all tasks permitted (weight=0.22),
1771435998.362,0.1,,,,,,,,,,,,,,,0.0677,SAFE,,6,,t1500_1,0.27,LOW,LOCAL,SAFE: all tasks permitted (weight=0.27),
1771435998.362,0.1,,,,,,,,,,,,,,,0.0677,SAFE,,5,,t1500_2,0.74,LOW,LOCAL,SAFE: all tasks permitted (weight=0.74),
1771435998.362,0.1,45.45,4.8248,0.965,26.1,2,,,0.01573,0.0000,0.0000,0.1146,0.0000,0.1573,0.2125,0.0731,SAFE,False,5,4,,,,,,
1771435998.362,0.1,45.38,4.8097,0.942,24.5,2,,,0.01658,0.0000,0.0000,0.1831,0.0000,0.1658,0.2012,0.0806,SAFE,False,5,4,,,,,,
1771435998.362,0.1,45.70,4.8169,0.921,23.0,2,,,0.01432,0.0000,0.0000,0.1505,0.0000,0.1432,0.1907,0.0720,SAFE,False,5,4,,,,,,
1771435998.362,0.1,46.31,4.8422,0.902,21.6,2,,,0.01359,0.0000,0.0000,0.0353,0.0000,0.1359,0.1809,0.0544,SAFE,False,5,4,,,,,,
1771435998.362,0.1,,,,,,,,,,,,,,,0.0544,SAFE,,4,,t1504_0,0.54,LOW,LOCAL,SAFE: all tasks permitted (weight=0.54),
1771435998.362,0.1,45.97,4.8113,0.936,24.0,2,,,0.01301,0.0000,0.0000,0.1757,0.0000,0.1301,0.1979,0.0754,SAFE,False,4,5,,,,,,
1771435998.362,0.1,46.16,4.8381,0.915,22.5,2,,,0.01327,0.0000,0.0000,0.0540,0.0000,0.1327,0.1876,0.0578,SAFE,False,4,5,,,,,,
1771435998.363,0.1,45.63,4.8142,0.896,21.1,2,-22926.257,-11.06594,0.01336,0.0000,0.0000,0.1629,1.0000,0.1336,0.1780,0.2701,WARNING,False,4,5,,,,,,
1771435998.363,0.1,45.79,4.8518,0.878,19.9,2,13236.280,34.69626,0.01438,0.0000,1.0000,0.0000,0.0000,0.1438,0.1691,0.2982,WARNING,False,4,5,,,,,,
1771435998.363,0.1,46.39,4.8578,0.862,18.7,1,56318.900,32.94092,0.01640,0.0000,1.0000,0.0000,0.0000,0.1640,0.1459,0.2956,WARNING,False,4,5,,,,,,
1771435998.363,0.1,,,,,,,,,,,,,,,0.2956,WARNING,,4,,t1509_0,0.37,LOW,OFFLOAD,WARNING: heavy task offloaded (weight=0.37 >= 0.3),
1771435998.363,0.1,45.07,4.8481,0.846,17.6,1,-18266.230,38.36167,0.01630,0.0000,0.0000,0.0086,0.0000,0.1630,0.1382,0.0450,SAFE,False,4,5,,,,,,
1771435998.363,0.1,,,,,,,,,,,,,,,0.0450,SAFE,,3,,t1510_0,0.46,LOW,LOCAL,SAFE: all tasks permitted (weight=0.46),
1771435998.363,0.1,45.71,4.8319,0.876,19.7,2,671.666,14.99276,0.01625,0.0000,1.0000,0.0823,0.0000,0.1625,0.1680,0.3105,WARNING,False,3,6,,,,,,
1771435998.363,0.1,,,,,,,,,,,,,,,0.3105,WARNING,,3,,t1511_0,0.66,NORMAL,OFFLOAD,WARNING: heavy task offloaded (weight=0.66 >= 0.3),
1771435998.363,0.1,45.92,4.8356,0.860,18.5,1,-23288.592,-6.64099,0.01579,0.0000,0.0000,0.0655,1.0000,0.1579,0.1448,0.2533,WARNING,False,3,6,,,,,,
1771435998.363,0.1,45.43,4.8179,0.844,17.5,1,-32060.566,6.54045,0.01616,0.0000,0.0000,0.1460,0.0000,0.1616,0.1372,0.0626,SAFE,False,3,6,,,,,,
1771435998.363,0.1,45.62,4.8518,0.830,16.4,1,-32344.157,13.72452,0.01566,0.0000,0.0000,0.0000,0.0000,0.1566,0.1301,0.0417,SAFE,False,9,0,,,,,,window_reset|B=9
1771435998.363,0.1,46.14,4.8415,0.817,15.5,1,,,0.01477,0.0000,0.0000,0.0389,0.0000,0.1477,0.1235,0.0445,SAFE,False,9,0,,,,,,
1771435998.363,0.1,45.27,4.8397,0.805,14.6,1,,,0.01470,0.0000,0.0000,0.0467,0.0000,0.1470,0.1174,0.0443,SAFE,False,9,0,,,,,,
1771435998.363,0.1,45.00,4.8597,0.793,13.8,1,,,0.01382,0.0000,0.0000,0.0000,0.0000,0.1382,0.1117,0.0362,SAFE,False,9,0,,,,,,
1771435998.363,0.1,45.33,4.8873,0.783,13.1,1,,,0.01885,0.0000,0.0000,0.0000,0.0000,0.1885,0.1064,0.0401,SAFE,False,9,0,,,,,,
1771435998.363,0.1,45.34,4.8814,0.773,12.4,1,,,0.01890,0.0000,0.0000,0.0000,0.0000,0.1890,0.1015,0.0392,SAFE,False,9,0,,,,,,
1771435998.363,0.1,44.44,4.8766,0.764,11.7,1,,,0.02025,0.0000,0.0000,0.0000,0.0000,0.2025,0.0969,0.0396,SAFE,False,9,0,,,,,,
1771435998.363,0.1,44.84,4.8814,0.755,11.1,1,,,0.02176,0.0000,0.0000,0.0000,0.0000,0.2176,0.0926,0.0403,SAFE,False,9,0,,,,,,
1771435998.363,0.1,44.52,4.8830,0.747,10.5,0,,,0.02302,0.0000,0.0000,0.0000,0.0000,0.2302,0.0737,0.0378,SAFE,False,9,0,,,,,,
1771435998.363,0.1,44.21,4.8827,0.740,10.0,0,,,0.02263,0.0000,0.0000,0.0000,0.0000,0.2263,0.0700,0.0366,SAFE,False,9,0,,,,,,
1771435998.363,0.1,44.60,4.8795,0.733,9.5,0,,,0.02166,0.0000,0.0000,0.0000,0.0000,0.2166,0.0665,0.0350,SAFE,False,9,0,,,,,,
1771435998.363,0.1,,,,,,,,,,,,,,,0.0350,SAFE,,8,,t1524_0,0.27,HIGH,LOCAL,SAFE: all tasks permitted (weight=0.27),
1771435998.363,0.1,44.24,4.8591,0.753,10.9,0,,,0.01655,0.0000,0.0000,0.0000,0.0000,0.1655,0.0764,0.0318,SAFE,False,8,1,,,,,,
1771435998.363,0.1,,,,,,,,,,,,,,,0.0318,SAFE,,7,,t1525_0,0.23,NORMAL,LOCAL,SAFE: all tasks permitted (weight=0.23),
1771435998.363,0.1,,,,,,,,,,,,,,,0.0318,SAFE,,6,,t1525_1,0.76,LOW,LOCAL,SAFE: all tasks permitted (weight=0.76),
1771435998.363,0.1,43.89,4.8353,0.840,17.2,1,,,0.01847,0.0000,0.0000,0.0667,0.0000,0.1847,0.1351,0.0542,SAFE,False,6,3,,,,,,
1771435998.363,0.1,44.23,4.8164,0.826,16.2,1,,,0.02229,0.0000,0.0000,0.1528,0.0000,0.2229,0.1282,0.0678,SAFE,False,6,3,,,,,,
1771435998.363,0.1,,,,,,,,,,,,,,,0.0678,SAFE,,5,,t1527_0,0.31,NORMAL,LOCAL,SAFE: all tasks permitted (weight=0.31),
1771435998.363,0.1,44.46,4.8424,0.843,17.4,1,,,0.02205,0.0000,0.0000,0.0346,0.0000,0.2205,0.1365,0.0539,SAFE,False,5,4,,,,,,
1771435998.363,0.1,43.99,4.8070,0.829,16.4,1,,,0.02736,0.0000,0.0000,0.1954,0.0000,0.2736,0.1295,0.0787,SAFE,False,9,0,,,,,,window_reset|B=9
1771435998.363,0.1,43.13,4.8489,0.816,15.4,1,,,0.02631,0.0000,0.0000,0.0048,0.0000,0.2631,0.1230,0.0515,SAFE,False,9,0,,,,,,
1771435998.363,0.1,43.96,4.8689,0.804,14.6,1,,,0.02560,0.0000,0.0000,0.0000,0.0000,0.2560,0.1169,0.0490,SAFE,False,9,0,,,,,,
1771435998.364,0.1,44.51,4.8662,0.792,13.7,1,-5129.575,-13.19155,0.02509,0.0000,0.0000,0.0000,1.0000,0.2509,0.1112,0.2473,SAFE,False,9,0,,,,,,
1771435998.364,0.1,43.82,4.8840,0.782,13.0,1,-25080.930,24.78451,0.02532,0.0000,0.0000,0.0000,0.0000,0.2532,0.1059,0.0465,SAFE,False,9,0,,,,,,
1771435998.364,0.1,43.96,4.8648,0.772,12.3,1,3700.892,29.34224,0.02419,0.0000,1.0000,0.0000,0.0000,0.2419,0.1010,0.2944,WARNING,False,9,0,,,,,,
1771435998.364,0.1,43.61,4.8772,0.763,11.6,1,-36848.271,60.49296,0.02370,0.0000,0.0000,0.0000,0.0000,0.2370,0.0965,0.0430,SAFE,False,9,0,,,,,,
1771435998.364,0.1,,,,,,,,,,,,,,,0.0430,SAFE,,8,,t1535_0,0.48,NORMAL,LOCAL,SAFE: all tasks permitted (weight=0.48),
1771435998.364,0.1,43.48,4.8546,0.801,14.3,1,-58966.978,12.16610,0.02245,0.0000,0.0000,0.0000,0.0000,0.2245,0.1154,0.0455,SAFE,False,8,1,,,,,,
1771435998.364,0.1,43.86,4.8712,0.790,13.6,1,-7631.013,63.80670,0.02300,0.0000,0.0000,0.0000,0.0000,0.2300,0.1099,0.0450,SAFE,False,8,1,,,,,,
1771435998.364,0.1,,,,,,,,,,,,,,,0.0450,SAFE,,7,,t1537_0,0.69,HIGH,LOCAL,SAFE: all tasks permitted (weight=0.69),
1771435998.364,0.1,43.57,4.8213,0.846,17.6,1,25998.597,-27.44465,0.02420,0.0000,1.0000,0.1303,1.0000,0.2420,0.1379,0.5187,WARNING,False,7,2,,,,,,
1771435998.364,0.1,43.86,4.8760,0.831,16.5,1,-5420.323,6.98064,0.02244,0.0000,0.0000,0.0000,0.0000,0.2244,0.1307,0.0486,SAFE,False,7,2,,,,,,
1771435998.364,0.1,43.00,4.8394,0.818,15.6,1,,,0.02262,0.0000,0.0000,0.0482,0.0000,0.2262,0.1241,0.0537,SAFE,False,7,2,,,,,,
1771435998.364,0.1,,,,,,,,,,,,,,,0.0537,SAFE,,6,,t1540_0,0.52,LOW,LOCAL,SAFE: all tasks permitted (weight=0.52),
1771435998.364,0.1,43.44,4.8679,0.856,18.3,1,,,0.01707,0.0000,0.0000,0.0000,0.0000,0.1707,0.1429,0.0456,SAFE,False,6,3,,,,,,
1771435998.364,0.1,43.69,4.8507,0.841,17.2,1,,,0.01697,0.0000,0.0000,0.0000,0.0000,0.1697,0.1354,0.0441,SAFE,False,6,3,,,,,,
1771435998.364,0.1,,,,,,,,,,,,,,,0.0441,SAFE,,5,,t1542_0,0.83,HIGH,LOCAL,SAFE: all tasks permitted (weight=0.83),
1771435998.364,0.1,43.35,4.8537,0.907,22.0,2,,,0.01696,0.0000,0.0000,0.0000,0.0000,0.1696,0.1837,0.0537,SAFE,False,5,4,,,,,,
1771435998.364,0.1,,,,,,,,,,,,,,,0.0537,SAFE,,4,,t1543_0,0.73,HIGH,LOCAL,SAFE: all tasks permitted (weight=0.73),
1771435998.364,0.1,44.20,4.7863,0.960,25.7,2,,,0.02647,0.0000,0.0000,0.2896,0.0000,0.2647,0.2098,0.1061,SAFE,False,8,0,,,,,,window_reset|B=8
1771435998.364,0.1,43.66,4.7988,0.937,24.1,2,,,0.02878,0.0000,0.0000,0.2329,0.0000,0.2878,0.1987,0.0988,SAFE,False,8,0,,,,,,
1771435998.364,0.1,44.01,4.8080,0.917,22.6,2,,,0.03008,0.0000,0.0000,0.1911,0.0000,0.3008,0.1884,0.0926,SAFE,False,8,0,,,,,,
1771435998.364,0.1,44.37,4.8357,0.897,21.2,2,,,0.02816,0.0000,0.0000,0.0651,0.0000,0.2816,0.1787,0.0724,SAFE,False,8,0,,,,,,
1771435998.364,0.1,,,,,,,,,,,,,,,0.0724,SAFE,,7,,t1547_0,0.39,HIGH,LOCAL,SAFE: all tasks permitted (weight=0.39),
1771435998.364,0.1,43.87,4.8248,0.917,22.7,2,,,0.02796,0.0000,0.0000,0.1145,0.0000,0.2796,0.1887,0.0806,SAFE,False,7,1,,,,,,
1771435998.364,0.1,,,,,,,,,,,,,,,0.0806,SAFE,,6,,t1548_0,0.60,LOW,LOCAL,SAFE: all tasks permitted (weight=0.60),
1771435998.364,0.1,44.16,4.7957,0.956,25.5,2,,,0.02786,0.0000,0.0000,0.2469,0.0000,0.2786,0.2082,0.1016,SAFE,False,6,2,,,,,,
1771435998.364,0.1,43.98,4.8077,0.934,23.9,2,,,0.02845,0.0000,0.0000,0.1925,0.0000,0.2845,0.1972,0.0929,SAFE,False,6,2,,,,,,
1771435998.364,0.1,44.26,4.8421,0.914,22.4,2,,,0.02511,0.0000,0.0000,0.0360,0.0000,0.2511,0.1869,0.0672,SAFE,False,6,2,,,,,,
1771435998.364,0.1,44.71,4.8426,0.895,21.1,2,,,0.02527,0.0000,0.0000,0.0339,0.0000,0.2527,0.1774,0.0651,SAFE,False,6,2,,,,,,
1771435998.364,0.1,44.28,4.8411,0.877,19.8,2,,,0.02250,0.0000,0.0000,0.0406,0.0000,0.2250,0.1686,0.0615,SAFE,False,6,2,,,,,,
1771435998.364,0.1,44.41,4.8333,0.861,18.6,1,,,0.02126,0.0000,0.0000,0.0757,0.0000,0.2126,0.1453,0.0602,SAFE,False,6,2,,,,,,
1771435998.364,0.1,,,,,,,,,,,,,,,0.0602,SAFE,,5,,t1554_0,0.23,NORMAL,LOCAL,SAFE: all tasks permitted (weight=0.23),
1771435998.364,0.1,44.06,4.8326,0.868,19.1,2,,,0.01940,0.0000,0.0000,0.0790,0.0000,0.1940,0.1640,0.0625,SAFE,False,5,3,,,,,,
1771435998.364,0.1,44.51,4.8650,0.852,18.0,1,,,0.01996,0.0000,0.0000,0.0000,0.0000,0.1996,0.1411,0.0482,SAFE,False,5,3,,,,,,
1771435998.364,0.1,44.35,4.8551,0.837,17.0,1,,,0.01932,0.0000,0.0000,0.0000,0.0000,0.1932,0.1337,0.0461,SAFE,False,5,3,,,,,,
1771435998.364,0.1,,,,,,,,,,,,,,,0.0461,SAFE,,4,,t1557_0,0.49,HIGH,LOCAL,SAFE: all tasks permitted (weight=0.49),
1771435998.364,0.1,44.06,4.8720,0.872,19.4,2,,,0.02075,0.0000,0.0000,0.0000,0.0000,0.2075,0.1659,0.0539,SAFE,False,4,4,,,,,,
1771435998.364,0.1,,,,,,,,,,,,,,,0.0539,SAFE,,3,,t1558_0,0.73,NORMAL,LOCAL,SAFE: all tasks permitted (weight=0.73),
1771435998.364,0.1,44.28,4.8069,0.927,23.3,2,,,0.02240,0.0000,0.0000,0.1959,0.0000,0.2240,0.1934,0.0865,SAFE,False,9,0,,,,,,window_reset|B=9
1771435998.364,0.1,44.30,4.8481,0.907,21.9,2,,,0.02244,0.0000,0.0000,0.0087,0.0000,0.2244,0.1834,0.0603,SAFE,False,9,0,,,,,,
1771435998.364,0.1,44.20,4.8802,0.888,20.6,2,,,0.02167,0.0000,0.0000,0.0000,0.0000,0.2167,0.1742,0.0565,SAFE,False,9,0,,,,,,
1771435998.364,0.1,44.83,4.8383,0.871,19.4,2,,,0.01887,0.0000,0.0000,0.0530,0.0000,0.1887,0.1655,0.0589,SAFE,False,9,0,,,,,,
1771435998.364,0.1,45.03,4.8517,0.855,18.2,1,,,0.01887,0.0000,0.0000,0.0000,0.0000,0.1887,0.1425,0.0474,SAFE,False,9,0,,,,,,
1771435998.364,0.1,,,,,,,,,,,,,,,0.0474,SAFE,,8,,t1563_0,0.40,NORMAL,LOCAL,SAFE: all tasks permitted (weight=0.40),
1771435998.364,0.1,44.15,4.8563,0.879,20.0,2,,,0.01897,0.0000,0.0000,0.0000,0.0000,0.1897,0.1697,0.0529,SAFE,False,8,1,,,,,,
1771435998.364,0.1,44.58,4.8450,0.863,18.8,1,,,0.01887,0.0000,0.0000,0.0228,0.0000,0.1887,0.1464,0.0511,SAFE,False,8,1,,,,,,
1771435998.365,0.1,,,,,,,,,,,,,,,0.0511,SAFE,,7,,t1565_0,0.78,CRITICAL,LOCAL,SAFE: all tasks permitted (weight=0.78),
1771435998.365,0.1,45.11,4.8081,0.923,23.1,2,63297.308,-64.22471,0.02166,0.0000,1.0000,0.1904,1.0000,0.2166,0.1915,0.5347,WARNING,False,7,2,,,,,,
1771435998.365,0.1,45.06,4.8309,0.903,21.7,2,47154.415,24.10395,0.02176,0.0000,1.0000,0.0869,0.0000,0.2176,0.1816,0.3194,WARNING,False,7,2,,,,,,
1771435998.365,0.1,44.56,4.8355,0.885,20.4,2,15489.117,-12.61551,0.02119,0.0000,1.0000,0.0657,1.0000,0.2119,0.1725,0.5142,WARNING,False,7,2,,,,,,
1771435998.365,0.1,44.42,4.8369,0.868,19.1,2,13403.443,-43.45810,0.02098,0.0000,1.0000,0.0594,1.0000,0.2098,0.1640,0.5115,WARNING,False,7,2,,,,,,
1771435998.365,0.1,,,,,,,,,,,,,,,0.5115,WARNING,,7,,t1569_0,0.71,NORMAL,OFFLOAD,WARNING: heavy task offloaded (weight=0.71 >= 0.3),
1771435998.365,0.1,44.58,4.8626,0.852,18.0,1,-14911.792,24.37074,0.02002,0.0000,0.0000,0.0000,0.0000,0.2002,0.1411,0.0482,SAFE,False,7,2,,,,,,
1771435998.365,0.1,44.86,4.8680,0.837,17.0,1,-9986.398,16.41177,0.01820,0.0000,0.0000,0.0000,0.0000,0.1820,0.1337,0.0449,SAFE,False,7,2,,,,,,
1771435998.365,0.1,44.14,4.8417,0.824,16.0,1,-1078.155,-14.60309,0.01825,0.0000,0.0000,0.0376,1.0000,0.1825,0.1269,0.2485,SAFE,False,7,2,,,,,,
1771435998.365,0.1,,,,,,,,,,,,,,,0.2485,SAFE,,6,,t1572_0,0.54,HIGH,LOCAL,SAFE: all tasks permitted (weight=0.54),
1771435998.365,0.1,44.63,4.8526,0.863,18.8,1,3201.210,7.68661,0.01534,0.0000,1.0000,0.0000,0.0000,0.1534,0.1467,0.2947,WARNING,False,6,3,,,,,,
1771435998.365,0.1,,,,,,,,,,,,,,,0.2947,WARNING,,6,,t1573_0,0.74,HIGH,OFFLOAD,WARNING: heavy task offloaded (weight=0.74 >= 0.3),
1771435998.365,0.1,44.42,4.8422,0.848,17.7,1,,,0.01526,0.0000,0.0000,0.0354,0.0000,0.1526,0.1389,0.0476,SAFE,False,9,0,,,,,,window_reset|B=9
1771435998.365,0.1,,,,,,,,,,,,,,,0.0476,SAFE,,8,,t1574_0,0.85,NORMAL,LOCAL,SAFE: all tasks permitted (weight=0.85),
1771435998.365,0.1,44.85,4.8264,0.916,22.6,2,,,0.01583,0.0000,0.0000,0.1072,0.0000,0.1583,0.1880,0.0674,SAFE,False,8,1,,,,,,
1771435998.365,0.1,,,,,,,,,,,,,,,0.0674,SAFE,,7,,t1575_0,0.67,HIGH,LOCAL,SAFE: all tasks permitted (weight=0.67),
1771435998.365,0.1,44.92,4.7904,0.963,25.9,2,,,0.02067,0.0000,0.0000,0.2708,0.0000,0.2067,0.2113,0.0981,SAFE,False,7,2,,,,,,
1771435998.365,0.1,45.33,4.8216,0.940,24.3,2,,,0.02090,0.0000,0.0000,0.1289,0.0000,0.2090,0.2001,0.0777,SAFE,False,7,2,,,,,,
1771435998.365,0.1,44.81,4.8408,0.919,22.8,2,,,0.01932,0.0000,0.0000,0.0417,0.0000,0.1932,0.1897,0.0627,SAFE,False,7,2,,,,,,
1771435998.365,0.1,,,,,,,,,,,,,,,0.0627,SAFE,,6,,t1578_0,0.38,CRITICAL,LOCAL,SAFE: all tasks permitted (weight=0.38),
1771435998.365,0.1,45.06,4.8281,0.937,24.1,2,,,0.01941,0.0000,0.0000,0.0994,0.0000,0.1941,0.1986,0.0721,SAFE,False,6,3,,,,,,
1771435998.365,0.1,,,,,,,,,,,,,,,0.0721,SAFE,,5,,t1579_0,0.77,NORMAL,LOCAL,SAFE: all tasks permitted (weight=0.77),
1771435998.365,0.1,44.78,4.8005,0.992,28.0,3,,,0.02192,0.0000,0.0000,0.2248,0.0000,0.2192,0.2410,0.0994,SAFE,False,5,4,,,,,,
1771435998.365,0.1,,,,,,,,,,,,,,,0.0994,SAFE,,4,,t1580_0,0.55,HIGH,LOCAL,SAFE: all tasks permitted (weight=0.55),
1771435998.365,0.1,44.46,4.8050,1.021,30.1,3,,,0.02333,0.0000,0.0000,0.2045,0.0000,0.2333,0.2556,0.1010,SAFE,False,4,5,,,,,,
1771435998.365,0.1,45.25,4.8243,0.995,28.2,3,,,0.02142,0.0000,0.0000,0.1169,0.0000,0.2142,0.2423,0.0851,SAFE,False,4,5,,,,,,
1771435998.365,0.1,45.19,4.8158,0.970,26.4,2,,,0.01799,0.0000,0.0000,0.1554,0.0000,0.1799,0.2150,0.0812,SAFE,False,4,5,,,,,,
1771435998.365,0.1,,,,,,,,,,,,,,,0.0812,SAFE,,3,,t1583_0,0.39,LOW,LOCAL,SAFE: all tasks permitted (weight=0.39),
1771435998.365,0.1,45.18,4.8251,0.985,27.5,3,,,0.01720,0.0000,0.0000,0.1131,0.0000,0.1720,0.2377,0.0794,SAFE,False,3,6,,,,,,
1771435998.365,0.1,,,,,,,,,,,,,,,0.0794,SAFE,,2,,t1584_0,0.42,NORMAL,LOCAL,SAFE: all tasks permitted (weight=0.42),
1771435998.365,0.1,45.90,4.7969,1.002,28.7,3,,,0.01599,0.0000,0.0000,0.2414,0.0000,0.1599,0.2460,0.0966,SAFE,False,2,7,,,,,,
1771435998.365,0.1,,,,,,,,,,,,,,,0.0966,SAFE,,1,,t1585_0,0.42,HIGH,LOCAL,SAFE: all tasks permitted (weight=0.42),
1771435998.365,0.1,45.25,4.7672,1.018,29.8,3,,,0.01960,0.0000,0.0000,0.3763,0.0000,0.1960,0.2539,0.1193,SAFE,False,1,8,,,,,,
1771435998.365,0.1,,,,,,,,,,,,,,,0.1193,SAFE,,0,,t1586_0,0.27,HIGH,LOCAL,SAFE: all tasks permitted (weight=0.27),
1771435998.365,0.1,45.84,4.7899,1.018,29.8,3,,,0.01993,0.0000,0.0000,0.2731,0.0000,0.1993,0.2539,0.1062,SAFE,False,0,9,,,,,,
1771435998.366,0.1,45.87,4.8126,0.992,28.0,3,65488.581,12.11206,0.01916,0.0000,1.0000,0.1698,0.0000,0.1916,0.2408,0.3394,WARNING,False,0,9,,,,,,
1771435998.366,0.1,45.90,4.8035,0.967,26.2,2,86370.209,-1.51152,0.01894,0.0000,1.0000,0.2114,1.0000,0.1894,0.2136,0.5391,WARNING,False,4,0,,,,,,window_reset|B=4
1771435998.366,0.1,46.41,4.8105,0.944,24.6,2,69844.271,-13.75729,0.01640,0.0000,1.0000,0.1794,1.0000,0.1640,0.2022,0.5302,WARNING,False,4,0,,,,,,
1771435998.366,0.1,46.06,4.8355,0.923,23.1,2,51917.569,19.63458,0.01730,0.0000,1.0000,0.0661,0.0000,0.1730,0.1916,0.3142,WARNING,False,4,0,,,,,,
1771435998.366,0.1,46.67,4.8223,0.904,21.7,2,89140.980,-2.87291,0.01764,0.0000,1.0000,0.1261,1.0000,0.1764,0.1818,0.5204,WARNING,False,4,0,,,,,,
1771435998.366,0.1,45.80,4.8313,0.885,20.4,2,-6156.468,34.36049,0.01860,0.0000,0.0000,0.0852,0.0000,0.1860,0.1726,0.0642,SAFE,False,4,0,,,,,,
1771435998.366,0.1,45.43,4.8319,0.868,19.2,2,11071.851,64.67201,0.01916,0.0000,1.0000,0.0823,0.0000,0.1916,0.1641,0.3127,WARNING,False,4,0,,,,,,
1771435998.366,0.1,45.73,4.8674,0.852,18.0,1,-6792.262,77.51519,0.02458,0.0000,0.0000,0.0000,0.0000,0.2458,0.1412,0.0528,SAFE,False,4,0,,,,,,
1771435998.366,0.1,46.48,4.8882,0.838,17.0,1,,,0.03166,0.0000,0.0000,0.0000,0.0000,0.3166,0.1338,0.0584,SAFE,False,4,0,,,,,,
1771435998.366,0.1,46.17,4.8821,0.824,16.0,1,,,0.03476,0.0000,0.0000,0.0000,0.0000,0.3476,0.1270,0.0601,SAFE,False,4,0,,,,,,
1771435998.366,0.1,45.48,4.8750,0.811,15.1,1,,,0.03152,0.0000,0.0000,0.0000,0.0000,0.3152,0.1206,0.0556,SAFE,False,4,0,,,,,,
1771435998.366,0.1,,,,,,,,,,,,,,,0.0556,SAFE,,3,,t1598_0,0.31,HIGH,LOCAL,SAFE: all tasks permitted (weight=0.31),
1771435998.366,0.1,45.76,4.8607,0.830,16.4,1,,,0.02855,0.0000,0.0000,0.0000,0.0000,0.2855,0.1299,0.0545,SAFE,False,3,1,,,,,,
1771435998.366,0.1,,,,,,,,,,,,,,,0.0545,SAFE,,2,,t1599_0,0.79,LOW,LOCAL,SAFE: all tasks permitted (weight=0.79),
1771435998.366,0.1,45.49,4.8039,0.895,21.0,2,,,0.02942,0.0000,0.0000,0.2095,0.0000,0.2942,0.1773,0.0921,SAFE,False,2,2,,,,,,
1771435998.366,0.1,45.28,4.8450,0.877,19.8,2,,,0.02695,0.0000,0.0000,0.0227,0.0000,0.2695,0.1685,0.0636,SAFE,False,2,2,,,,,,
1771435998.366,0.1,,,,,,,,,,,,,,,0.0636,SAFE,,1,,t1601_0,0.55,HIGH,LOCAL,SAFE: all tasks permitted (weight=0.55),
1771435998.366,0.1,46.15,4.8114,0.914,22.5,2,,,0.02686,0.0000,0.0000,0.1755,0.0000,0.2686,0.1872,0.0871,SAFE,False,1,3,,,,,,
1771435998.366,0.1,,,,,,,,,,,,,,,0.0871,SAFE,,0,,t1602_0,0.67,LOW,LOCAL,SAFE: all tasks permitted (weight=0.67),
1771435998.366,0.1,45.56,4.8423,0.961,25.8,2,,,0.02669,0.0000,0.0000,0.0351,0.0000,0.2669,0.2107,0.0734,SAFE,False,0,4,,,,,,
1771435998.366,0.1,,,,,,,,,,,,,,,0.0734,SAFE,,0,,t1603_0,0.63,CRITICAL,OFFLOAD,"Budget exhausted (B=0), offloading. Original: SAFE: all tasks permitted (weight=0.63)",
1771435998.366,0.1,45.89,4.8459,0.939,24.2,2,,,0.02566,0.0000,0.0000,0.0185,0.0000,0.2566,0.1995,0.0680,SAFE,False,9,0,,,,,,window_reset|B=9
1771435998.366,0.1,45.66,4.8470,0.918,22.7,2,,,0.02513,0.0000,0.0000,0.0137,0.0000,0.2513,0.1891,0.0647,SAFE,False,9,0,,,,,,
1771435998.366,0.1,,,,,,,,,,,,,,,0.0647,SAFE,,8,,t1605_0,0.81,HIGH,LOCAL,SAFE: all tasks permitted (weight=0.81),
1771435998.366,0.1,45.84,4.8346,0.979,27.1,3,,,0.02498,0.0000,0.0000,0.0702,0.0000,0.2498,0.2345,0.0810,SAFE,False,8,1,,,,,,
1771435998.366,0.1,,,,,,,,,,,,,,,0.0810,SAFE,,7,,t1606_0,0.66,LOW,LOCAL,SAFE: all tasks permitted (weight=0.66),
1771435998.366,0.1,45.78,4.7749,1.020,30.0,3,,,0.03184,0.0000,0.0000,0.3414,0.0000,0.3184,0.2550,0.1272,SAFE,False,7,2,,,,,,
1771435998.366,0.1,,,,,,,,,,,,,,,0.1272,SAFE,,6,,t1607_0,0.49,NORMAL,LOCAL,SAFE: all tasks permitted (weight=0.49),
1771435998.366,0.1,45.69,4.7686,1.042,31.6,3,,,0.03460,0.0000,0.0000,0.3700,0.0000,0.3460,0.2660,0.1359,SAFE,False,6,3,,,,,,
1771435998.366,0.1,,,,,,,,,,,,,,,0.1359,SAFE,,5,,t1608_0,0.34,NORMAL,LOCAL,SAFE: all tasks permitted (weight=0.34),
1771435998.366,0.1,46.42,4.7673,1.048,32.0,3,,,0.03545,0.0000,0.0000,0.3757,0.0000,0.3545,0.2689,0.1381,SAFE,False,5,4,,,,,,
1771435998.366,0.1,46.35,4.7982,1.019,30.0,3,,,0.03229,0.0000,0.0000,0.2354,0.0000,0.3229,0.2547,0.1138,SAFE,False,5,4,,,,,,
1771435998.366,0.1,,,,,,,,,,,,,,,0.1138,SAFE,,4,,t1610_0,0.61,CRITICAL,LOCAL,SAFE: all tasks permitted (weight=0.61),
1771435998.366,0.1,46.70,4.7857,1.053,32.4,3,,,0.03036,0.0000,0.0000,0.2923,0.0000,0.3036,0.2717,0.1227,SAFE,False,4,5,,,,,,
1771435998.366,0.1,,,,,,,,,,,,,,,0.1227,SAFE,,3,,t1611_0,0.45,LOW,LOCAL,SAFE: all tasks permitted (weight=0.45),
1771435998.366,0.1,46.58,4.7209,1.069,33.5,3,,,0.03922,0.0000,0.0000,0.5868,0.0000,0.3922,0.2794,0.1714,SAFE,False,3,6,,,,,,
1771435998.366,0.1,,,,,,,,,,,,,,,0.1714,SAFE,,2,,t1612_0,0.82,NORMAL,LOCAL,SAFE: all tasks permitted (weight=0.82),
1771435998.366,0.1,47.46,4.7821,1.120,37.2,4,,,0.03748,0.0000,0.0000,0.3085,0.0000,0.3748,0.3201,0.1416,SAFE,False,2,7,,,,,,
1771435998.366,0.1,47.23,4.7570,1.087,34.8,3,,,0.03888,0.0000,0.0000,0.4229,0.0000,0.3888,0.2883,0.1515,SAFE,False,2,7,,,,,,
1771435998.366,0.1,46.91,4.7867,1.056,32.5,3,,,0.03602,0.0000,0.0000,0.2877,0.0000,0.3602,0.2728,0.1280,SAFE,False,2,7,,,,,,
1771435998.366,0.1,47.69,4.8000,1.027,30.5,3,,,0.03199,0.0000,0.0000,0.2275,0.0000,0.3199,0.2583,0.1132,SAFE,False,2,7,,,,,,
1771435998.366,0.1,47.12,4.8236,1.000,28.5,3,,,0.02872,0.0000,0.0000,0.1201,0.0000,0.2872,0.2448,0.0933,SAFE,False,2,7,,,,,,
1771435998.366,0.1,,,,,,,,,,,,,,,0.0933,SAFE,,1,,t1617_0,0.39,LOW,LOCAL,SAFE: all tasks permitted (weight=0.39),
1771435998.366,0.1,47.05,4.7837,1.013,29.5,3,,,0.02424,0.0000,0.0000,0.3012,0.0000,0.2424,0.2517,0.1137,SAFE,False,1,8,,,,,,
1771435998.366,0.1,,,,,,,,,,,,,,,0.1137,SAFE,,0,,t1618_0,0.38,HIGH,LOCAL,SAFE: all tasks permitted (weight=0.38),
1771435998.366,0.1,47.53,4.7699,1.025,30.4,3,,,0.02436,0.0000,0.0000,0.3642,0.0000,0.2436,0.2577,0.1232,SAFE,False,8,0,,,,,,window_reset|B=8
1771435998.366,0.1,47.54,4.7951,0.999,28.5,3,,,0.02454,0.0000,0.0000,0.2497,0.0000,0.2454,0.2443,0.1059,SAFE,False,8,0,,,,,,
1771435998.367,0.1,47.22,4.8056,0.974,26.7,2,-14368.786,23.44629,0.02506,0.0000,0.0000,0.2020,0.0000,0.2506,0.2168,0.0947,SAFE,False,8,0,,,,,,
1771435998.367,0.1,,,,,,,,,,,,,,,0.0947,SAFE,,7,,t1621_0,0.83,HIGH,LOCAL,SAFE: all tasks permitted (weight=0.83),
1771435998.367,0.1,47.27,4.7824,1.032,30.9,3,2246.605,25.45401,0.02469,0.0000,1.0000,0.3073,0.0000,0.2469,0.2612,0.3669,WARNING,False,7,1,,,,,,
1771435998.367,0.1,47.90,4.8029,1.005,28.9,3,59547.972,16.17715,0.02531,0.0000,1.0000,0.2142,0.0000,0.2531,0.2476,0.3527,WARNING,False,7,1,,,,,,
1771435998.367,0.1,47.50,4.8381,0.980,27.1,3,-11470.636,38.19939,0.02133,0.0000,0.0000,0.0540,0.0000,0.2133,0.2348,0.0753,SAFE,False,7,1,,,,,,
1771435998.367,0.1,47.33,4.8251,0.956,25.4,2,12190.865,1.52760,0.02262,0.0000,1.0000,0.1132,0.0000,0.2262,0.2080,0.3289,WARNING,False,7,1,,,,,,
1771435998.367,0.1,,,,,,,,,,,,,,,0.3289,WARNING,,7,,t1625_0,0.39,LOW,OFFLOAD,WARNING: heavy task offloaded (weight=0.39 >= 0.3),
1771435998.367,0.1,47.51,4.8189,0.934,23.9,2,27100.095,35.13587,0.01965,0.0000,1.0000,0.1416,0.0000,0.1965,0.1970,0.3275,WARNING,False,7,1,,,,,,
1771435998.367,0.1,47.17,4.8339,0.914,22.4,2,-21561.757,64.12015,0.02076,0.0000,0.0000,0.0730,0.0000,0.2076,0.1868,0.0676,SAFE,False,7,1,,,,,,
1771435998.367,0.1,47.69,4.7928,0.895,21.0,2,9133.074,-2.21693,0.02104,0.0000,1.0000,0.2598,1.0000,0.2104,0.1773,0.5403,WARNING,False,7,1,,,,,,
1771435998.367,0.1,,,,,,,,,,,,,,,0.5403,WARNING,,7,,t1628_0,0.74,NORMAL,OFFLOAD,WARNING: heavy task offloaded (weight=0.74 >= 0.3),
1771435998.367,0.1,47.69,4.8489,0.877,19.8,2,,,0.02378,0.0000,0.0000,0.0051,0.0000,0.2378,0.1685,0.0581,SAFE,False,7,1,,,,,,
1771435998.367,0.1,47.56,4.8615,0.860,18.6,1,,,0.02667,0.0000,0.0000,0.0000,0.0000,0.2667,0.1452,0.0557,SAFE,False,7,1,,,,,,
1771435998.367,0.1,,,,,,,,,,,,,,,0.0557,SAFE,,6,,t1630_0,0.50,NORMAL,LOCAL,SAFE: all tasks permitted (weight=0.50),
1771435998.367,0.1,47.43,4.8497,0.895,21.1,2,,,0.02456,0.0000,0.0000,0.0015,0.0000,0.2456,0.1775,0.0603,SAFE,False,6,2,,,,,,
1771435998.367,0.1,47.02,4.8036,0.877,19.8,2,,,0.02391,0.0000,0.0000,0.2110,0.0000,0.2391,0.1686,0.0851,SAFE,False,6,2,,,,,,
1771435998.367,0.1,,,,,,,,,,,,,,,0.0851,SAFE,,5,,t1632_0,0.24,HIGH,LOCAL,SAFE: all tasks permitted (weight=0.24),
1771435998.367,0.1,47.17,4.8258,0.884,20.3,2,,,0.02340,0.0000,0.0000,0.1099,0.0000,0.2340,0.1721,0.0721,SAFE,False,5,3,,,,,,
1771435998.367,0.1,,,,,,,,,,,,,,,0.0721,SAFE,,4,,t1633_0,0.57,HIGH,LOCAL,SAFE: all tasks permitted (weight=0.57),
1771435998.367,0.1,46.91,4.8280,0.924,23.1,2,,,0.01983,0.0000,0.0000,0.1002,0.0000,0.1983,0.1920,0.0713,SAFE,False,9,0,,,,,,window_reset|B=9
1771435998.367,0.1,46.74,4.8486,0.904,21.7,2,,,0.01913,0.0000,0.0000,0.0064,0.0000,0.1913,0.1822,0.0564,SAFE,False,9,0,,,,,,
1771435998.367,0.1,47.36,4.8294,0.886,20.4,2,,,0.01902,0.0000,0.0000,0.0934,0.0000,0.1902,0.1730,0.0658,SAFE,False,9,0,,,,,,
1771435998.367,0.1,,,,,,,,,,,,,,,0.0658,SAFE,,8,,t1636_0,0.82,LOW,LOCAL,SAFE: all tasks permitted (weight=0.82),
1771435998.368,0.1,47.17,4.7763,0.951,25.0,2,-61791.762,-144.11413,0.02423,0.0000,0.0000,0.3348,1.0000,0.2423,0.2053,0.3088,WARNING,False,8,1,,,,,,
1771435998.368,0.1,,,,,,,,,,,,,,,0.3088,WARNING,,8,,t1637_0,0.36,NORMAL,OFFLOAD,WARNING: heavy task offloaded (weight=0.36 >= 0.3),
1771435998.368,0.1,,,,,,,,,,,,,,,0.3088,WARNING,,8,,t1637_1,0.51,HIGH,OFFLOAD,WARNING: heavy task offloaded (weight=0.51 >= 0.3),
1771435998.368,0.1,46.99,4.8122,0.929,23.5,2,-67926.071,-97.95346,0.02448,0.0000,0.0000,0.1720,1.0000,0.2448,0.1945,0.2857,WARNING,False,8,1,,,,,,
1771435998.368,0.1,,,,,,,,,,,,,,,0.2857,WARNING,,8,,t1638_0,0.56,LOW,OFFLOAD,WARNING: heavy task offloaded (weight=0.56 >= 0.3),
1771435998.368,0.1,47.26,4.8512,0.909,22.1,2,-20755.443,3.07998,0.02540,0.0000,0.0000,0.0000,0.0000,0.2540,0.1845,0.0623,SAFE,False,8,1,,,,,,
1771435998.368,0.1,,,,,,,,,,,,,,,0.0623,SAFE,,7,,t1639_0,0.54,LOW,LOCAL,SAFE: all tasks permitted (weight=0.54),
1771435998.368,0.1,46.87,4.8455,0.944,24.6,2,-18358.804,83.21796,0.02354,0.0000,0.0000,0.0206,0.0000,0.2354,0.2019,0.0666,SAFE,False,7,2,,,,,,
1771435998.368,0.1,46.94,4.8175,0.923,23.1,2,-27199.177,-16.62667,0.02323,0.0000,0.0000,0.1479,1.0000,0.2323,0.1914,0.2807,WARNING,False,7,2,,,,,,
1771435998.368,0.1,,,,,,,,,,,,,,,0.2807,WARNING,,7,,t1641_0,0.35,LOW,OFFLOAD,WARNING: heavy task offloaded (weight=0.35 >= 0.3),
1771435998.368,0.1,47.13,4.8514,0.903,21.6,2,26406.183,46.60499,0.02221,0.0000,1.0000,0.0000,0.0000,0.2221,0.1815,0.3085,WARNING,False,7,2,,,,,,
1771435998.368,0.1,,,,,,,,,,,,,,,0.3085,WARNING,,7,,t1642_0,0.59,NORMAL,OFFLOAD,WARNING: heavy task offloaded (weight=0.59 >= 0.3),
1771435998.368,0.1,46.38,4.8432,0.885,20.3,2,-43053.182,-10.62696,0.02176,0.0000,0.0000,0.0307,1.0000,0.2176,0.1724,0.2602,WARNING,False,7,2,,,,,,
1771435998.368,0.1,,,,,,,,,,,,,,,0.2602,WARNING,,7,,t1643_0,0.51,NORMAL,OFFLOAD,WARNING: heavy task offloaded (weight=0.51 >= 0.3),
1771435998.368,0.1,47.50,4.8409,0.868,19.1,2,16862.645,22.84568,0.02073,0.0000,1.0000,0.0411,0.0000,0.2073,0.1639,0.3089,WARNING,False,7,2,,,,,,
1771435998.368,0.1,46.50,4.8347,0.852,18.0,1,,,0.02070,0.0000,0.0000,0.0696,0.0000,0.2070,0.1410,0.0579,SAFE,False,7,2,,,,,,
1771435998.368,0.1,,,,,,,,,,,,,,,0.0579,SAFE,,6,,t1645_0,0.28,NORMAL,LOCAL,SAFE: all tasks permitted (weight=0.28),
1771435998.368,0.1,47.08,4.8509,0.865,18.9,1,,,0.02133,0.0000,0.0000,0.0000,0.0000,0.2133,0.1475,0.0508,SAFE,False,6,3,,,,,,
1771435998.368,0.1,46.24,4.8388,0.849,17.8,1,,,0.02092,0.0000,0.0000,0.0509,0.0000,0.2092,0.1397,0.0555,SAFE,False,6,3,,,,,,
1771435998.368,0.1,46.58,4.8449,0.835,16.8,1,,,0.02115,0.0000,0.0000,0.0230,0.0000,0.2115,0.1324,0.0506,SAFE,False,6,3,,,,,,
1771435998.368,0.1,46.38,4.8500,0.821,15.8,1,,,0.01243,0.0000,0.0000,0.0001,0.0000,0.1243,0.1256,0.0376,SAFE,False,9,0,,,,,,window_reset|B=9
1771435998.368,0.1,46.03,4.8319,0.809,14.9,1,,,0.00960,0.0000,0.0000,0.0821,0.0000,0.0960,0.1194,0.0441,SAFE,False,9,0,,,,,,
1771435998.368,0.1,46.27,4.8581,0.797,14.1,1,,,0.01032,0.0000,0.0000,0.0000,0.0000,0.1032,0.1135,0.0330,SAFE,False,9,0,,,,,,
1771435998.368,0.1,46.24,4.8841,0.786,13.3,1,,,0.01551,0.0000,0.0000,0.0000,0.0000,0.1551,0.1081,0.0371,SAFE,False,9,0,,,,,,
1771435998.368,0.1,45.76,4.8490,0.776,12.6,1,,,0.01300,0.0000,0.0000,0.0047,0.0000,0.1300,0.1031,0.0342,SAFE,False,9,0,,,,,,
1771435998.368,0.1,,,,,,,,,,,,,,,0.0342,SAFE,,8,,t1653_0,0.21,LOW,LOCAL,SAFE: all tasks permitted (weight=0.21),
1771435998.368,0.1,,,,,,,,,,,,,,,0.0342,SAFE,,7,,t1653_1,0.62,HIGH,LOCAL,SAFE: all tasks permitted (weight=0.62),
1771435998.368,0.1,45.99,4.8610,0.850,17.8,1,,,0.01346,0.0000,0.0000,0.0000,0.0000,0.1346,0.1398,0.0414,SAFE,False,7,2,,,,,,
1771435998.368,0.1,45.89,4.8468,0.835,16.8,1,,,0.01337,0.0000,0.0000,0.0145,0.0000,0.1337,0.1325,0.0418,SAFE,False,7,2,,,,,,
1771435998.368,0.1,45.49,4.8645,0.822,15.8,1,,,0.01374,0.0000,0.0000,0.0000,0.0000,0.1374,0.1258,0.0389,SAFE,False,7,2,,,,,,
1771435998.368,0.1,45.25,4.8660,0.809,14.9,1,,,0.01331,0.0000,0.0000,0.0000,0.0000,0.1331,0.1195,0.0372,SAFE,False,7,2,,,,,,
1771435998.368,0.1,,,,,,,,,,,,,,,0.0372,SAFE,,6,,t1657_0,0.55,LOW,LOCAL,SAFE: all tasks permitted (weight=0.55),
1771435998.368,0.1,45.85,4.8632,0.852,18.0,1,,,0.01352,0.0000,0.0000,0.0000,0.0000,0.1352,0.1411,0.0417,SAFE,False,6,3,,,,,,
1771435998.368,0.1,,,,,,,,,,,,,,,0.0417,SAFE,,5,,t1658_0,0.75,NORMAL,LOCAL,SAFE: all tasks permitted (weight=0.75),
1771435998.368,0.1,45.20,4.8235,0.912,22.3,2,,,0.01555,0.0000,0.0000,0.1205,0.0000,0.1555,0.1861,0.0684,SAFE,False,5,4,,,,,,
1771435998.368,0.1,,,,,,,,,,,,,,,0.0684,SAFE,,4,,t1659_0,0.20,CRITICAL,LOCAL,SAFE: all tasks permitted (weight=0.20),
1771435998.368,0.1,45.47,4.8205,0.914,22.4,2,,,0.01796,0.0000,0.0000,0.1340,0.0000,0.1796,0.1869,0.0728,SAFE,False,4,5,,,,,,
1771435998.368,0.1,,,,,,,,,,,,,,,0.0728,SAFE,,3,,t1660_0,0.44,HIGH,LOCAL,SAFE: all tasks permitted (weight=0.44),
1771435998.368,0.1,45.02,4.7809,0.939,24.2,2,,,0.02654,0.0000,0.0000,0.3139,0.0000,0.2654,0.1995,0.1072,SAFE,False,3,6,,,,,,
1771435998.368,0.1,,,,,,,,,,,,,,,0.1072,SAFE,,2,,t1661_0,0.65,NORMAL,LOCAL,SAFE: all tasks permitted (weight=0.65),
1771435998.368,0.1,45.46,4.7650,0.984,27.4,3,,,0.03465,0.0000,0.0000,0.3862,0.0000,0.3465,0.2369,0.1322,SAFE,False,2,7,,,,,,
1771435998.368,0.1,45.69,4.8350,0.960,25.7,2,,,0.03425,0.0000,0.0000,0.0683,0.0000,0.3425,0.2099,0.0851,SAFE,False,2,7,,,,,,
1771435998.368,0.1,44.86,4.8100,0.938,24.1,2,,,0.03205,0.0000,0.0000,0.1819,0.0000,0.3205,0.1988,0.0954,SAFE,False,9,0,,,,,,window_reset|B=9
1771435998.368,0.1,46.10,4.8407,0.917,22.6,2,,,0.03176,0.0000,0.0000,0.0424,0.0000,0.3176,0.1884,0.0750,SAFE,False,9,0,,,,,,
1771435998.368,0.1,45.59,4.8165,0.898,21.3,2,,,0.03067,0.0000,0.0000,0.1524,0.0000,0.3067,0.1788,0.0862,SAFE,False,9,0,,,,,,
1771435998.368,0.1,45.44,4.8193,0.880,20.0,2,,,0.03018,0.0000,0.0000,0.1396,0.0000,0.3018,0.1699,0.0823,SAFE,False,9,0,,,,,,
1771435998.368,0.1,,,,,,,,,,,,,,,0.0823,SAFE,,8,,t1667_0,0.80,NORMAL,LOCAL,SAFE: all tasks permitted (weight=0.80),
1771435998.368,0.1,45.91,4.8170,0.944,24.5,2,,,0.02782,0.0000,0.0000,0.1499,0.0000,0.2782,0.2018,0.0877,SAFE,False,8,1,,,,,,
1771435998.368,0.1,46.30,4.8457,0.922,23.0,2,,,0.02559,0.0000,0.0000,0.0196,0.0000,0.2559,0.1912,0.0664,SAFE,False,8,1,,,,,,
1771435998.369,0.1,,,,,,,,,,,,,,,0.0664,SAFE,,7,,t1669_0,0.69,HIGH,LOCAL,SAFE: all tasks permitted (weight=0.69),
1771435998.369,0.1,46.25,4.8090,0.972,26.6,2,47548.371,43.83525,0.02207,0.0000,1.0000,0.1862,0.0000,0.2207,0.2159,0.3394,WARNING,False,7,2,,,,,,
1771435998.369,0.1,,,,,,,,,,,,,,,0.3394,WARNING,,7,,t1670_0,0.63,NORMAL,OFFLOAD,WARNING: heavy task offloaded (weight=0.63 >= 0.3),
1771435998.369,0.1,45.59,4.8060,0.949,24.9,2,-5872.466,-28.90022,0.02205,0.0000,0.0000,0.2002,1.0000,0.2205,0.2043,0.2889,WARNING,False,7,2,,,,,,
1771435998.369,0.1,,,,,,,,,,,,,,,0.2889,WARNING,,7,,t1671_0,0.43,NORMAL,OFFLOAD,WARNING: heavy task offloaded (weight=0.43 >= 0.3),
1771435998.369,0.1,46.08,4.8349,0.927,23.4,2,73221.773,24.87246,0.02277,0.0000,1.0000,0.0684,0.0000,0.2277,0.1936,0.3204,WARNING,False,7,2,,,,,,
1771435998.369,0.1,,,,,,,,,,,,,,,0.3204,WARNING,,7,,t1672_0,0.70,LOW,OFFLOAD,WARNING: heavy task offloaded (weight=0.70 >= 0.3),
1771435998.369,0.1,45.88,4.8468,0.907,21.9,2,-13202.800,6.09642,0.02181,0.0000,0.0000,0.0146,0.0000,0.2181,0.1836,0.0604,SAFE,False,7,2,,,,,,
1771435998.369,0.1,,,,,,,,,,,,,,,0.0604,SAFE,,6,,t1673_0,0.55,HIGH,LOCAL,SAFE: all tasks permitted (weight=0.55),
1771435998.369,0.1,46.50,4.8184,0.944,24.6,2,54237.608,1.95923,0.01415,0.0000,1.0000,0.1434,0.0000,0.1415,0.2019,0.3232,WARNING,False,6,3,,,,,,
1771435998.369,0.1,45.99,4.7996,0.923,23.0,2,32998.270,-19.60337,0.01538,0.0000,1.0000,0.2290,1.0000,0.1538,0.1913,0.5334,WARNING,False,6,3,,,,,,
1771435998.369,0.1,46.17,4.8421,0.903,21.6,2,15435.094,24.95511,0.01584,0.0000,1.0000,0.0361,0.0000,0.1584,0.1815,0.3068,WARNING,False,6,3,,,,,,
1771435998.369,0.1,45.71,4.8021,0.885,20.3,2,-35017.810,-43.43780,0.01618,0.0000,0.0000,0.2177,1.0000,0.1618,0.1724,0.2789,WARNING,False,6,3,,,,,,
1771435998.369,0.1,,,,,,,,,,,,,,,0.2789,WARNING,,6,,t1677_0,0.63,LOW,OFFLOAD,WARNING: heavy task offloaded (weight=0.63 >= 0.3),
1771435998.369,0.1,,,,,,,,,,,,,,,0.2789,WARNING,,6,,t1677_1,0.73,NORMAL,OFFLOAD,WARNING: heavy task offloaded (weight=0.73 >= 0.3),
1771435998.369,0.1,45.77,4.8242,0.868,19.1,2,,,0.01612,0.0000,0.0000,0.1173,0.0000,0.1612,0.1639,0.0641,SAFE,False,6,3,,,,,,
1771435998.369,0.1,,,,,,,,,,,,,,,0.0641,SAFE,,5,,t1678_0,0.36,HIGH,LOCAL,SAFE: all tasks permitted (weight=0.36),
1771435998.369,0.1,46.25,4.8205,0.888,20.6,2,,,0.01610,0.0000,0.0000,0.1339,0.0000,0.1610,0.1739,0.0683,SAFE,False,9,0,,,,,,window_reset|B=9
1771435998.369,0.1,45.99,4.8220,0.871,19.3,2,,,0.01603,0.0000,0.0000,0.1274,0.0000,0.1603,0.1653,0.0657,SAFE,False,9,0,,,,,,
1771435998.369,0.1,,,,,,,,,,,,,,,0.0657,SAFE,,8,,t1680_0,0.32,NORMAL,LOCAL,SAFE: all tasks permitted (weight=0.32),
1771435998.369,0.1,46.03,4.8217,0.887,20.5,2,,,0.01444,0.0000,0.0000,0.1287,0.0000,0.1444,0.1734,0.0658,SAFE,False,8,1,,,,,,
1771435998.369,0.1,,,,,,,,,,,,,,,0.0658,SAFE,,7,,t1681_0,0.39,HIGH,LOCAL,SAFE: all tasks permitted (weight=0.39),
1771435998.369,0.1,45.76,4.8466,0.909,22.0,2,,,0.01562,0.0000,0.0000,0.0154,0.0000,0.1562,0.1843,0.0545,SAFE,False,7,2,,,,,,
1771435998.369,0.1,,,,,,,,,,,,,,,0.0545,SAFE,,6,,t1682_0,0.54,NORMAL,LOCAL,SAFE: all tasks permitted (weight=0.54),
1771435998.369,0.1,45.73,4.7882,0.945,24.6,2,,,0.01791,0.0000,0.0000,0.2809,0.0000,0.1791,0.2023,0.0949,SAFE,False,6,3,,,,,,
1771435998.369,0.1,45.48,4.8586,0.923,23.1,2,,,0.02033,0.0000,0.0000,0.0000,0.0000,0.2033,0.1917,0.0587,SAFE,False,6,3,,,,,,
1771435998.369,0.1,,,,,,,,,,,,,,,0.0587,SAFE,,5,,t1684_0,0.49,LOW,LOCAL,SAFE: all tasks permitted (weight=0.49),
1771435998.369,0.1,46.86,4.8247,0.954,25.3,2,,,0.01917,0.0000,0.0000,0.1152,0.0000,0.1917,0.2068,0.0755,SAFE,False,5,4,,,,,,
1771435998.369,0.1,,,,,,,,,,,,,,,0.0755,SAFE,,4,,t1685_0,0.31,LOW,LOCAL,SAFE: all tasks permitted (weight=0.31),
1771435998.369,0.1,46.29,4.7918,0.963,25.9,2,,,0.02095,0.0000,0.0000,0.2645,0.0000,0.2095,0.2116,0.0977,SAFE,False,4,5,,,,,,
1771435998.369,0.1,45.61,4.7976,0.941,24.3,2,,,0.02113,0.0000,0.0000,0.2383,0.0000,0.2113,0.2004,0.0922,SAFE,False,4,5,,,,,,
1771435998.369,0.1,46.04,4.8092,0.920,22.8,2,,,0.02020,0.0000,0.0000,0.1853,0.0000,0.2020,0.1899,0.0823,SAFE,False,4,5,,,,,,
1771435998.369,0.1,,,,,,,,,,,,,,,0.0823,SAFE,,3,,t1688_0,0.67,HIGH,LOCAL,SAFE: all tasks permitted (weight=0.67),
1771435998.369,0.1,45.87,4.8205,0.968,26.3,2,,,0.01968,0.0000,0.0000,0.1343,0.0000,0.1968,0.2140,0.0799,SAFE,False,3,6,,,,,,
1771435998.369,0.1,,,,,,,,,,,,,,,0.0799,SAFE,,2,,t1689_0,0.80,CRITICAL,LOCAL,SAFE: all tasks permitted (weight=0.80),
1771435998.369,0.1,45.59,4.8066,1.026,30.4,3,,,0.01988,0.0000,0.0000,0.1973,0.0000,0.1988,0.2579,0.0971,SAFE,False,2,7,,,,,,
1771435998.369,0.1,,,,,,,,,,,,,,,0.0971,SAFE,,1,,t1690_0,0.26,NORMAL,LOCAL,SAFE: all tasks permitted (weight=0.26),
1771435998.369,0.1,46.37,4.8014,1.025,30.4,3,,,0.02032,0.0000,0.0000,0.2209,0.0000,0.2032,0.2577,0.1006,SAFE,False,1,8,,,,,,
1771435998.369,0.1,46.61,4.7602,0.999,28.5,3,,,0.02530,0.0000,0.0000,0.4082,0.0000,0.2530,0.2443,0.1272,SAFE,False,1,8,,,,,,
1771435998.369,0.1,,,,,,,,,,,,,,,0.1272,SAFE,,0,,t1692_0,0.39,NORMAL,LOCAL,SAFE: all tasks permitted (weight=0.39),
1771435998.369,0.1,46.94,4.7989,1.013,29.5,3,,,0.02525,0.0000,0.0000,0.2324,0.0000,0.2525,0.2514,0.1057,SAFE,False,0,9,,,,,,
1771435998.369,0.1,,,,,,,,,,,,,,,0.1057,SAFE,,0,,t1693_0,0.33,LOW,OFFLOAD,"Budget exhausted (B=0), offloading. Original: SAFE: all tasks permitted (weight=0.33)",
1771435998.369,0.1,,,,,,,,,,,,,,,0.1057,SAFE,,0,,t1693_1,0.44,LOW,OFFLOAD,"Budget exhausted (B=0), offloading. Original: SAFE: all tasks permitted (weight=0.44)",
1771435998.369,0.1,46.91,4.8425,0.987,27.6,3,,,0.02475,0.0000,0.0000,0.0343,0.0000,0.2475,0.2384,0.0769,SAFE,False,9,0,,,,,,window_reset|B=9
1771435998.369,0.1,,,,,,,,,,,,,,,0.0769,SAFE,,8,,t1694_0,0.70,NORMAL,LOCAL,SAFE: all tasks permitted (weight=0.70),
1771435998.369,0.1,46.26,4.7861,1.033,31.0,3,,,0.02490,0.0000,0.0000,0.2905,0.0000,0.2490,0.2617,0.1150,SAFE,False,8,1,,,,,,
1771435998.369,0.1,47.24,4.7730,1.006,29.0,3,,,0.02146,0.0000,0.0000,0.3498,0.0000,0.2146,0.2480,0.1165,SAFE,False,8,1,,,,,,
1771435998.370,0.1,46.84,4.7966,0.980,27.2,3,57889.571,-23.89896,0.02025,0.0000,1.0000,0.2429,1.0000,0.2025,0.2352,0.5489,WARNING,False,8,1,,,,,,
1771435998.370,0.1,,,,,,,,,,,,,,,0.5489,WARNING,,8,,t1697_0,0.32,CRITICAL,OFFLOAD,WARNING: heavy task offloaded (weight=0.32 >= 0.3),
1771435998.370,0.1,46.48,4.8198,0.957,25.5,2,52924.688,13.18721,0.02092,0.0000,1.0000,0.1374,0.0000,0.2092,0.2084,0.3305,WARNING,False,8,1,,,,,,
1771435998.370,0.1,,,,,,,,,,,,,,,0.3305,WARNING,,8,,t1698_0,0.79,LOW,OFFLOAD,WARNING: heavy task offloaded (weight=0.79 >= 0.3),
1771435998.370,0.1,47.63,4.8206,0.935,23.9,2,75936.171,19.22390,0.02157,0.0000,1.0000,0.1335,0.0000,0.2157,0.1974,0.3284,WARNING,False,8,1,,,,,,
1771435998.370,0.1,46.81,4.8216,0.914,22.4,2,11673.245,61.38012,0.02213,0.0000,1.0000,0.1293,0.0000,0.2213,0.1871,0.3264,WARNING,False,8,1,,,,,,
1771435998.370,0.1,47.22,4.8371,0.895,21.1,2,17162.883,38.20498,0.02359,0.0000,1.0000,0.0588,0.0000,0.2359,0.1776,0.3168,WARNING,False,8,1,,,,,,
1771435998.370,0.1,46.66,4.8567,0.877,19.8,2,-14896.484,14.26086,0.02754,0.0000,0.0000,0.0000,0.0000,0.2754,0.1687,0.0613,SAFE,False,8,1,,,,,,
1771435998.370,0.1,,,,,,,,,,,,,,,0.0613,SAFE,,7,,t1702_0,0.35,HIGH,LOCAL,SAFE: all tasks permitted (weight=0.35),
1771435998.370,0.1,46.98,4.8223,0.896,21.2,2,43175.541,36.20991,0.02763,0.0000,1.0000,0.1260,0.0000,0.2763,0.1782,0.3297,WARNING,False,7,2,,,,,,
1771435998.370,0.1,46.68,4.8504,0.879,19.9,2,-33944.352,77.35957,0.02485,0.0000,0.0000,0.0000,0.0000,0.2485,0.1693,0.0587,SAFE,False,7,2,,,,,,
1771435998.370,0.1,,,,,,,,,,,,,,,0.0587,SAFE,,6,,t1704_0,0.41,CRITICAL,LOCAL,SAFE: all tasks permitted (weight=0.41),
1771435998.370,0.1,46.82,4.8356,0.904,21.7,2,,,0.02447,0.0000,0.0000,0.0653,0.0000,0.2447,0.1820,0.0694,SAFE,False,6,3,,,,,,
1771435998.370,0.1,,,,,,,,,,,,,,,0.0694,SAFE,,5,,t1705_0,0.79,NORMAL,LOCAL,SAFE: all tasks permitted (weight=0.79),
1771435998.370,0.1,47.15,4.8131,0.966,26.1,2,,,0.02374,0.0000,0.0000,0.1676,0.0000,0.2374,0.2129,0.0881,SAFE,False,5,4,,,,,,
1771435998.370,0.1,46.83,4.8327,0.943,24.5,2,,,0.02169,0.0000,0.0000,0.0786,0.0000,0.2169,0.2015,0.0722,SAFE,False,5,4,,,,,,
1771435998.370,0.1,47.04,4.8444,0.922,23.0,2,,,0.01619,0.0000,0.0000,0.0254,0.0000,0.1619,0.1910,0.0577,SAFE,False,5,4,,,,,,
1771435998.370,0.1,46.72,4.8360,0.902,21.6,2,,,0.01289,0.0000,0.0000,0.0635,0.0000,0.1289,0.1812,0.0574,SAFE,False,9,0,,,,,,window_reset|B=9
1771435998.370,0.1,46.50,4.8500,0.884,20.3,2,,,0.01310,0.0000,0.0000,0.0001,0.0000,0.1310,0.1721,0.0475,SAFE,False,9,0,,,,,,
1771435998.370,0.1,46.16,4.8445,0.867,19.1,2,,,0.01256,0.0000,0.0000,0.0251,0.0000,0.1256,0.1636,0.0485,SAFE,False,9,0,,,,,,
1771435998.370,0.1,46.83,4.8502,0.851,18.0,1,,,0.01210,0.0000,0.0000,0.0000,0.0000,0.1210,0.1407,0.0403,SAFE,False,9,0,,,,,,
1771435998.370,0.1,,,,,,,,,,,,,,,0.0403,SAFE,,8,,t1712_0,0.31,LOW,LOCAL,SAFE: all tasks permitted (weight=0.31),
1771435998.370,0.1,46.14,4.8274,0.868,19.1,2,,,0.01255,0.0000,0.0000,0.1027,0.0000,0.1255,0.1640,0.0587,SAFE,False,8,1,,,,,,
1771435998.370,0.1,,,,,,,,,,,,,,,0.0587,SAFE,,7,,t1713_0,0.60,LOW,LOCAL,SAFE: all tasks permitted (weight=0.60),
1771435998.370,0.1,46.33,4.8038,0.913,22.3,2,,,0.01455,0.0000,0.0000,0.2100,0.0000,0.1455,0.1864,0.0791,SAFE,False,7,2,,,,,,
1771435998.370,0.1,46.63,4.8073,0.894,21.0,2,,,0.01608,0.0000,0.0000,0.1942,0.0000,0.1608,0.1769,0.0767,SAFE,False,7,2,,,,,,
1771435998.370,0.1,45.59,4.8274,0.876,19.7,2,,,0.01524,0.0000,0.0000,0.1029,0.0000,0.1524,0.1681,0.0622,SAFE,False,7,2,,,,,,
1771435998.370,0.1,,,,,,,,,,,,,,,0.0622,SAFE,,6,,t1716_0,0.85,LOW,LOCAL,SAFE: all tasks permitted (weight=0.85),
1771435998.370,0.1,46.26,4.8184,0.946,24.7,2,,,0.01555,0.0000,0.0000,0.1436,0.0000,0.1555,0.2030,0.0748,SAFE,False,6,3,,,,,,
1771435998.370,0.1,46.71,4.8131,0.925,23.2,2,,,0.01555,0.0000,0.0000,0.1675,0.0000,0.1555,0.1924,0.0758,SAFE,False,6,3,,,,,,
1771435998.370,0.1,,,,,,,,,,,,,,,0.0758,SAFE,,5,,t1718_0,0.21,CRITICAL,LOCAL,SAFE: all tasks permitted (weight=0.21),
1771435998.370,0.1,46.24,4.7969,0.927,23.3,2,,,0.01792,0.0000,0.0000,0.2414,0.0000,0.1792,0.1934,0.0880,SAFE,False,5,4,,,,,,
1771435998.370,0.1,46.44,4.8394,0.907,21.9,2,,,0.01755,0.0000,0.0000,0.0484,0.0000,0.1755,0.1834,0.0605,SAFE,False,5,4,,,,,,
1771435998.370,0.1,,,,,,,,,,,,,,,0.0605,SAFE,,4,,t1720_0,0.82,NORMAL,LOCAL,SAFE: all tasks permitted (weight=0.82),
1771435998.370,0.1,,,,,,,,,,,,,,,0.0605,SAFE,,3,,t1720_1,0.29,NORMAL,LOCAL,SAFE: all tasks permitted (weight=0.29),
1771435998.370,0.1,46.01,4.7729,1.001,28.7,3,,,0.02256,0.0000,0.0000,0.3506,0.0000,0.2256,0.2457,0.1173,SAFE,False,3,6,,,,,,
1771435998.370,0.1,46.42,4.7811,0.976,26.9,2,,,0.02320,0.0000,0.0000,0.3134,0.0000,0.2320,0.2181,0.1076,SAFE,False,3,6,,,,,,
1771435998.370,0.1,46.83,4.8004,0.953,25.2,2,,,0.02171,0.0000,0.0000,0.2252,0.0000,0.2171,0.2064,0.0923,SAFE,False,3,6,,,,,,
1771435998.370,0.1,46.32,4.8228,0.931,23.6,2,,,0.01877,0.0000,0.0000,0.1236,0.0000,0.1877,0.1955,0.0739,SAFE,False,9,0,,,,,,window_reset|B=9
1771435998.370,0.1,,,,,,,,,,,,,,,0.0739,SAFE,,8,,t1724_0,0.44,CRITICAL,LOCAL,SAFE: all tasks permitted (weight=0.44),
1771435998.370,0.1,46.87,4.8402,0.956,25.4,2,,,0.02009,0.0000,0.0000,0.0446,0.0000,0.2009,0.2078,0.0674,SAFE,False,8,1,,,,,,
1771435998.370,0.1,46.74,4.8261,0.934,23.8,2,,,0.02043,0.0000,0.0000,0.1086,0.0000,0.2043,0.1968,0.0739,SAFE,False,8,1,,,,,,
1771435998.370,0.1,,,,,,,,,,,,,,,0.0739,SAFE,,7,,t1726_0,0.48,NORMAL,LOCAL,SAFE: all tasks permitted (weight=0.48),
1771435998.370,0.1,46.75,4.7963,0.963,25.9,2,,,0.02087,0.0000,0.0000,0.2440,0.0000,0.2087,0.2113,0.0948,SAFE,False,7,2,,,,,,
1771435998.370,0.1,,,,,,,,,,,,,,,0.0948,SAFE,,6,,t1727_0,0.33,LOW,LOCAL,SAFE: all tasks permitted (weight=0.33),
1771435998.370,0.1,46.82,4.7861,0.974,26.7,2,,,0.02132,0.0000,0.0000,0.2902,0.0000,0.2132,0.2169,0.1024,SAFE,False,6,3,,,,,,
1771435998.370,0.1,46.39,4.8270,0.951,25.0,2,,,0.02181,0.0000,0.0000,0.1043,0.0000,0.2181,0.2053,0.0764,SAFE,False,6,3,,,,,,
1771435998.370,0.1,47.04,4.8186,0.929,23.5,2,,,0.02196,0.0000,0.0000,0.1426,0.0000,0.2196,0.1945,0.0794,SAFE,False,6,3,,,,,,
1771435998.371,0.1,46.89,4.8063,0.909,22.1,2,3197.232,5.83388,0.02168,0.0000,1.0000,0.1987,0.0000,0.2168,0.1844,0.3344,WARNING,False,6,3,,,,,,
1771435998.371,0.1,46.20,4.8440,0.890,20.7,2,-7008.910,21.22127,0.02224,0.0000,0.0000,0.0271,0.0000,0.2224,0.1751,0.0608,SAFE,False,6,3,,,,,,
1771435998.371,0.1,,,,,,,,,,,,,,,0.0608,SAFE,,5,,t1732_0,0.60,HIGH,LOCAL,SAFE: all tasks permitted (weight=0.60),
1771435998.371,0.1,46.73,4.8459,0.934,23.8,2,-8414.172,5.68624,0.02117,0.0000,0.0000,0.0187,0.0000,0.2117,0.1968,0.0630,SAFE,False,5,4,,,,,,
1771435998.371,0.1,,,,,,,,,,,,,,,0.0630,SAFE,,4,,t1733_0,0.30,LOW,LOCAL,SAFE: all tasks permitted (weight=0.30),
1771435998.371,0.1,47.07,4.8076,0.944,24.6,2,20013.798,-18.47749,0.01861,0.0000,1.0000,0.1926,1.0000,0.1861,0.2021,0.5341,WARNING,False,4,5,,,,,,
1771435998.371,0.1,,,,,,,,,,,,,,,0.5341,WARNING,,4,,t1734_0,0.36,NORMAL,OFFLOAD,WARNING: heavy task offloaded (weight=0.36 >= 0.3),
1771435998.371,0.1,46.43,4.8123,0.923,23.1,2,-19578.347,16.00175,0.01793,0.0000,0.0000,0.1713,0.0000,0.1793,0.1915,0.0785,SAFE,False,4,5,,,,,,
1771435998.371,0.1,,,,,,,,,,,,,,,0.0785,SAFE,,3,,t1735_0,0.22,LOW,LOCAL,SAFE: all tasks permitted (weight=0.22),
1771435998.371,0.1,46.79,4.8125,0.925,23.2,2,-2269.086,26.37422,0.01799,0.0000,0.0000,0.1703,0.0000,0.1799,0.1927,0.0787,SAFE,False,3,6,,,,,,
1771435998.371,0.1,,,,,,,,,,,,,,,0.0787,SAFE,,2,,t1736_0,0.48,LOW,LOCAL,SAFE: all tasks permitted (weight=0.48),
1771435998.371,0.1,46.86,4.8171,0.955,25.3,2,28264.373,-9.89579,0.01677,0.0000,1.0000,0.1493,1.0000,0.1677,0.2074,0.5277,WARNING,False,2,7,,,,,,
1771435998.371,0.1,,,,,,,,,,,,,,,0.5277,WARNING,,2,,t1737_0,0.34,NORMAL,OFFLOAD,WARNING: heavy task offloaded (weight=0.34 >= 0.3),
1771435998.371,0.1,46.78,4.8033,0.933,23.8,2,-15848.528,-15.36837,0.01689,0.0000,0.0000,0.2125,1.0000,0.1689,0.1965,0.2838,WARNING,False,2,7,,,,,,
1771435998.371,0.1,46.65,4.8195,0.913,22.3,2,,,0.01597,0.0000,0.0000,0.1384,0.0000,0.1597,0.1863,0.0712,SAFE,False,9,0,,,,,,window_reset|B=9
1771435998.371,0.1,47.18,4.8082,0.894,21.0,2,,,0.01341,0.0000,0.0000,0.1901,0.0000,0.1341,0.1768,0.0735,SAFE,False,9,0,,,,,,
1771435998.371,0.1,,,,,,,,,,,,,,,0.0735,SAFE,,8,,t1740_0,0.33,HIGH,LOCAL,SAFE: all tasks permitted (weight=0.33),
1771435998.371,0.1,46.83,4.8267,0.910,22.1,2,,,0.01339,0.0000,0.0000,0.1059,0.0000,0.1339,0.1849,0.0642,SAFE,False,8,1,,,,,,
1771435998.371,0.1,,,,,,,,,,,,,,,0.0642,SAFE,,7,,t1741_0,0.75,HIGH,LOCAL,SAFE: all tasks permitted (weight=0.75),
1771435998.371,0.1,46.42,4.8065,0.968,26.3,2,,,0.01379,0.0000,0.0000,0.1975,0.0000,0.1379,0.2138,0.0822,SAFE,False,7,2,,,,,,
1771435998.371,0.1,46.88,4.8414,0.945,24.6,2,,,0.01480,0.0000,0.0000,0.0389,0.0000,0.1480,0.2024,0.0603,SAFE,False,7,2,,,,,,
1771435998.371,0.1,46.12,4.8070,0.924,23.1,2,,,0.01334,0.0000,0.0000,0.1956,0.0000,0.1334,0.1918,0.0771,SAFE,False,7,2,,,,,,
1771435998.371,0.1,47.00,4.8221,0.904,21.7,2,,,0.01040,0.0000,0.0000,0.1267,0.0000,0.1040,0.1820,0.0633,SAFE,False,7,2,,,,,,
1771435998.371,0.1,46.58,4.8401,0.886,20.4,2,,,0.01211,0.0000,0.0000,0.0452,0.0000,0.1211,0.1728,0.0525,SAFE,False,7,2,,,,,,
1771435998.371,0.1,,,,,,,,,,,,,,,0.0525,SAFE,,6,,t1746_0,0.59,LOW,LOCAL,SAFE: all tasks permitted (weight=0.59),
1771435998.371,0.1,46.96,4.8202,0.929,23.5,2,,,0.01199,0.0000,0.0000,0.1355,0.0000,0.1199,0.1944,0.0685,SAFE,False,6,3,,,,,,
1771435998.371,0.1,,,,,,,,,,,,,,,0.0685,SAFE,,5,,t1747_0,0.20,HIGH,LOCAL,SAFE: all tasks permitted (weight=0.20),
1771435998.371,0.1,46.58,4.8370,0.930,23.6,2,,,0.01282,0.0000,0.0000,0.0589,0.0000,0.1282,0.1949,0.0595,SAFE,False,5,4,,,,,,
1771435998.371,0.1,,,,,,,,,,,,,,,0.0595,SAFE,,4,,t1748_0,0.27,NORMAL,LOCAL,SAFE: all tasks permitted (weight=0.27),
1771435998.371,0.1,47.11,4.8279,0.938,24.1,2,,,0.01292,0.0000,0.0000,0.1003,0.0000,0.1292,0.1989,0.0657,SAFE,False,4,5,,,,,,
1771435998.371,0.1,46.28,4.8513,0.917,22.6,2,,,0.01398,0.0000,0.0000,0.0000,0.0000,0.1398,0.1885,0.0517,SAFE,False,4,5,,,,,,
1771435998.371,0.1,46.67,4.8571,0.898,21.3,2,,,0.01627,0.0000,0.0000,0.0000,0.0000,0.1627,0.1789,0.0521,SAFE,False,4,5,,,,,,
1771435998.371,0.1,46.46,4.8512,0.880,20.0,2,,,0.01607,0.0000,0.0000,0.0000,0.0000,0.1607,0.1699,0.0501,SAFE,False,4,5,,,,,,
1771435998.371,0.1,,,,,,,,,,,,,,,0.0501,SAFE,,3,,t1752_0,0.81,CRITICAL,LOCAL,SAFE: all tasks permitted (weight=0.81),
1771435998.371,0.1,46.18,4.8093,0.947,24.8,2,,,0.01726,0.0000,0.0000,0.1849,0.0000,0.1726,0.2034,0.0820,SAFE,False,3,6,,,,,,
1771435998.371,0.1,,,,,,,,,,,,,,,0.0820,SAFE,,2,,t1753_0,0.54,NORMAL,LOCAL,SAFE: all tasks permitted (weight=0.54),
1771435998.371,0.1,46.78,4.8223,0.981,27.2,3,,,0.01590,0.0000,0.0000,0.1261,0.0000,0.1590,0.2357,0.0794,SAFE,False,9,0,,,,,,window_reset|B=9
1771435998.371,0.1,,,,,,,,,,,,,,,0.0794,SAFE,,8,,t1754_0,0.67,NORMAL,LOCAL,SAFE: all tasks permitted (weight=0.67),
1771435998.371,0.1,,,,,,,,,,,,,,,0.0794,SAFE,,7,,t1754_1,0.78,CRITICAL,LOCAL,SAFE: all tasks permitted (weight=0.78),
1771435998.371,0.1,46.95,4.7590,1.107,36.2,4,,,0.02540,0.0000,0.0000,0.4135,0.0000,0.2540,0.3134,0.1418,SAFE,False,7,2,,,,,,
1771435998.371,0.1,,,,,,,,,,,,,,,0.1418,SAFE,,6,,t1755_0,0.65,NORMAL,LOCAL,SAFE: all tasks permitted (weight=0.65),
1771435998.371,0.1,47.01,4.7477,1.142,38.7,4,,,0.03309,0.0000,0.0000,0.4649,0.0000,0.3309,0.3308,0.1597,SAFE,False,6,3,,,,,,
1771435998.371,0.1,,,,,,,,,,,,,,,0.1597,SAFE,,5,,t1756_0,0.80,LOW,LOCAL,SAFE: all tasks permitted (weight=0.80),
1771435998.371,0.1,47.83,4.7467,1.189,42.1,4,,,0.03883,0.0000,0.0000,0.4694,0.0000,0.3883,0.3546,0.1708,SAFE,False,5,4,,,,,,
1771435998.371,0.1,46.73,4.7794,1.151,39.4,4,,,0.03908,0.0000,0.0000,0.3211,0.0000,0.3908,0.3355,0.1479,SAFE,False,5,4,,,,,,
1771435998.371,0.1,47.55,4.7491,1.115,36.8,4,,,0.04221,0.0000,0.0000,0.4585,0.0000,0.4221,0.3177,0.1653,SAFE,False,5,4,,,,,,
1771435998.371,0.1,47.98,4.7486,1.082,34.4,3,,,0.04336,0.0000,0.0000,0.4610,0.0000,0.4336,0.2861,0.1605,SAFE,False,5,4,,,,,,
1771435998.371,0.1,,,,,,,,,,,,,,,0.1605,SAFE,,4,,t1760_0,0.40,LOW,LOCAL,SAFE: all tasks permitted (weight=0.40),
1771435998.371,0.1,48.17,4.7935,1.092,35.2,4,,,0.04226,0.0000,0.0000,0.2569,0.0000,0.4226,0.3062,0.1369,SAFE,False,4,5,,,,,,
1771435998.372,0.1,47.86,4.7876,1.061,32.9,3,42798.471,-22.88936,0.03843,0.0000,1.0000,0.2837,1.0000,0.3843,0.2755,0.5804,WARNING,False,4,5,,,,,,
1771435998.372,0.1,,,,,,,,,,,,,,,0.5804,WARNING,,4,,t1762_0,0.36,LOW,OFFLOAD,WARNING: heavy task offloaded (weight=0.36 >= 0.3),
1771435998.372,0.1,47.88,4.7752,1.032,30.8,3,36852.683,10.66443,0.03227,0.0000,1.0000,0.3401,0.0000,0.3227,0.2608,0.3786,WARNING,False,4,5,,,,,,
1771435998.372,0.1,48.26,4.8201,1.004,28.9,3,49722.375,47.79238,0.02740,0.0000,1.0000,0.1358,0.0000,0.2740,0.2472,0.3445,WARNING,False,4,5,,,,,,
1771435998.372,0.1,47.97,4.8016,0.979,27.1,3,5407.455,36.21826,0.02674,0.0000,1.0000,0.2200,0.0000,0.2674,0.2345,0.3522,WARNING,False,4,5,,,,,,
1771435998.372,0.1,47.80,4.8016,0.955,25.4,2,42283.438,14.70839,0.02438,0.0000,1.0000,0.2198,0.0000,0.2438,0.2077,0.3445,WARNING,False,4,5,,,,,,
1771435998.372,0.1,47.73,4.8227,0.933,23.8,2,6994.142,48.57103,0.02693,0.0000,1.0000,0.1240,0.0000,0.2693,0.1967,0.3324,WARNING,False,4,5,,,,,,
1771435998.372,0.1,48.02,4.7775,0.913,22.4,2,1739.430,19.08341,0.02505,0.0000,1.0000,0.3296,0.0000,0.2505,0.1865,0.3552,WARNING,False,4,5,,,,,,
1771435998.372,0.1,,,,,,,,,,,,,,,0.3552,WARNING,,4,,t1768_0,0.49,NORMAL,OFFLOAD,WARNING: heavy task offloaded (weight=0.49 >= 0.3),
1771435998.372,0.1,48.11,4.8124,0.894,21.0,2,-2712.860,12.47517,0.02351,0.0000,0.0000,0.1710,0.0000,0.2351,0.1770,0.0811,SAFE,False,9,0,,,,,,window_reset|B=9
1771435998.372,0.1,48.05,4.8321,0.876,19.7,2,,,0.02607,0.0000,0.0000,0.0813,0.0000,0.2607,0.1682,0.0703,SAFE,False,9,0,,,,,,
1771435998.372,0.1,47.80,4.8008,0.860,18.6,1,,,0.02239,0.0000,0.0000,0.2236,0.0000,0.2239,0.1450,0.0805,SAFE,False,9,0,,,,,,
1771435998.372,0.1,47.36,4.8246,0.845,17.5,1,,,0.01786,0.0000,0.0000,0.1157,0.0000,0.1786,0.1374,0.0604,SAFE,False,9,0,,,,,,
1771435998.372,0.1,,,,,,,,,,,,,,,0.0604,SAFE,,8,,t1772_0,0.65,LOW,LOCAL,SAFE: all tasks permitted (weight=0.65),
1771435998.372,0.1,47.92,4.8356,0.898,21.3,2,,,0.01949,0.0000,0.0000,0.0655,0.0000,0.1949,0.1788,0.0638,SAFE,False,8,1,,,,,,
1771435998.372,0.1,,,,,,,,,,,,,,,0.0638,SAFE,,7,,t1773_0,0.73,LOW,LOCAL,SAFE: all tasks permitted (weight=0.73),
1771435998.372,0.1,47.30,4.8181,0.955,25.4,2,,,0.01867,0.0000,0.0000,0.1452,0.0000,0.1867,0.2075,0.0790,SAFE,False,7,2,,,,,,
1771435998.372,0.1,47.60,4.8020,0.933,23.8,2,,,0.01572,0.0000,0.0000,0.2183,0.0000,0.1572,0.1965,0.0834,SAFE,False,7,2,,,,,,
1771435998.372,0.1,47.66,4.8123,0.913,22.3,2,,,0.01555,0.0000,0.0000,0.1713,0.0000,0.1555,0.1863,0.0751,SAFE,False,7,2,,,,,,
1771435998.372,0.1,,,,,,,,,,,,,,,0.0751,SAFE,,6,,t1776_0,0.48,NORMAL,LOCAL,SAFE: all tasks permitted (weight=0.48),
1771435998.372,0.1,48.02,4.8034,0.943,24.5,2,,,0.01546,0.0000,0.0000,0.2117,0.0000,0.1546,0.2015,0.0833,SAFE,False,6,3,,,,,,
1771435998.372,0.1,,,,,,,,,,,,,,,0.0833,SAFE,,5,,t1777_0,0.47,LOW,LOCAL,SAFE: all tasks permitted (weight=0.47),
1771435998.373,0.1,,,,,,,,,,,,,,,0.0833,SAFE,,4,,t1777_1,0.81,CRITICAL,LOCAL,SAFE: all tasks permitted (weight=0.81),
1771435998.373,0.1,47.59,4.7814,1.054,32.4,3,-48363.597,-88.72669,0.01746,0.0000,0.0000,0.3117,1.0000,0.1746,0.2721,0.3124,WARNING,False,4,5,,,,,,
1771435998.373,0.1,,,,,,,,,,,,,,,0.3124,WARNING,,4,,t1778_0,0.43,LOW,OFFLOAD,WARNING: heavy task offloaded (weight=0.43 >= 0.3),
1771435998.373,0.1,47.81,4.7976,1.025,30.4,3,1014.383,-5.62637,0.01735,0.0000,1.0000,0.2382,1.0000,0.1735,0.2576,0.5498,WARNING,False,4,5,,,,,,
1771435998.373,0.1,,,,,,,,,,,,,,,0.5498,WARNING,,4,,t1779_0,0.49,NORMAL,OFFLOAD,WARNING: heavy task offloaded (weight=0.49 >= 0.3),
1771435998.373,0.1,47.96,4.7763,0.998,28.5,3,62950.075,-84.48690,0.01752,0.0000,1.0000,0.3350,1.0000,0.1752,0.2442,0.5599,CRITICAL,False,4,5,,,,,,
1771435998.373,0.1,48.13,4.8180,0.974,26.7,2,22784.055,-30.82364,0.01771,0.0000,1.0000,0.1455,1.0000,0.1771,0.2168,0.5300,CRITICAL,False,4,5,,,,,,
1771435998.373,0.1,,,,,,,,,,,,,,,0.5300,CRITICAL,,4,,t1781_0,0.71,NORMAL,OFFLOAD,CRITICAL: non-critical task offloaded (priority=NORMAL),
1771435998.373,0.1,47.79,4.8242,0.950,25.0,2,50717.271,10.83316,0.01695,0.0000,1.0000,0.1171,0.0000,0.1695,0.2052,0.3232,WARNING,False,4,5,,,,,,
1771435998.373,0.1,,,,,,,,,,,,,,,0.3232,WARNING,,4,,t1782_0,0.38,NORMAL,OFFLOAD,WARNING: heavy task offloaded (weight=0.38 >= 0.3),
1771435998.373,0.1,47.81,4.8192,0.929,23.5,2,22285.621,30.08142,0.01707,0.0000,1.0000,0.1402,0.0000,0.1707,0.1944,0.3242,WARNING,False,4,5,,,,,,
1771435998.373,0.1,47.91,4.8475,0.909,22.0,2,26151.355,61.54419,0.01974,0.0000,1.0000,0.0115,0.0000,0.1974,0.1843,0.3081,WARNING,False,6,0,,,,,,window_reset|B=6
1771435998.373,0.1,,,,,,,,,,,,,,,0.3081,WARNING,,5,,t1784_0,0.23,LOW,LOCAL,WARNING: lightweight task permitted (weight=0.23 < 0.3),
1771435998.373,0.1,47.17,4.8365,0.914,22.4,2,-89481.423,57.85251,0.01983,0.0000,0.0000,0.0614,0.0000,0.1983,0.1868,0.0652,SAFE,False,5,1,,,,,,
1771435998.373,0.1,,,,,,,,,,,,,,,0.0652,SAFE,,4,,t1785_0,0.59,HIGH,LOCAL,SAFE: all tasks permitted (weight=0.59),
1771435998.373,0.1,47.58,4.7940,0.956,25.4,2,,,0.02026,0.0000,0.0000,0.2544,0.0000,0.2026,0.2081,0.0950,SAFE,False,4,2,,,,,,
1771435998.373,0.1,,,,,,,,,,,,,,,0.0950,SAFE,,3,,t1786_0,0.32,LOW,LOCAL,SAFE: all tasks permitted (weight=0.32),
1771435998.373,0.1,47.88,4.7968,0.968,26.3,2,,,0.02047,0.0000,0.0000,0.2418,0.0000,0.2047,0.2139,0.0947,SAFE,False,3,3,,,,,,
1771435998.373,0.1,,,,,,,,,,,,,,,0.0947,SAFE,,2,,t1787_0,0.50,NORMAL,LOCAL,SAFE: all tasks permitted (weight=0.50),
1771435998.373,0.1,48.17,4.8348,0.997,28.4,3,,,0.02168,0.0000,0.0000,0.0693,0.0000,0.2168,0.2437,0.0794,SAFE,False,2,4,,,,,,
1771435998.373,0.1,,,,,,,,,,,,,,,0.0794,SAFE,,1,,t1788_0,0.46,NORMAL,LOCAL,SAFE: all tasks permitted (weight=0.46),
1771435998.373,0.1,,,,,,,,,,,,,,,0.0794,SAFE,,0,,t1788_1,0.63,LOW,LOCAL,SAFE: all tasks permitted (weight=0.63),
1771435998.373,0.1,46.93,4.7771,1.085,34.7,3,,,0.02356,0.0000,0.0000,0.3312,0.0000,0.2356,0.2876,0.1241,SAFE,False,0,6,,,,,,
1771435998.373,0.1,,,,,,,,,,,,,,,0.1241,SAFE,,0,,t1789_0,0.75,LOW,OFFLOAD,"Budget exhausted (B=0), offloading. Original: SAFE: all tasks permitted (weight=0.75)",
1771435998.373,0.1,48.00,4.8045,1.054,32.4,3,25045.074,-37.66654,0.02216,0.0000,1.0000,0.2069,1.0000,0.2216,0.2721,0.5535,WARNING,False,0,6,,,,,,
1771435998.373,0.1,48.17,4.8225,1.025,30.4,3,40287.601,6.40511,0.02202,0.0000,1.0000,0.1249,0.0000,0.2202,0.2577,0.3398,WARNING,False,0,6,,,,,,
1771435998.373,0.1,47.77,4.7767,0.999,28.5,3,-16553.130,-134.89316,0.02197,0.0000,0.0000,0.3334,1.0000,0.2197,0.2443,0.3142,WARNING,False,0,6,,,,,,
1771435998.373,0.1,,,,,,,,,,,,,,,0.3142,WARNING,,0,,t1792_0,0.59,NORMAL,OFFLOAD,WARNING: heavy task offloaded (weight=0.59 >= 0.3),
1771435998.373,0.1,48.24,4.8232,0.974,26.7,2,122473.559,-25.32211,0.02212,0.0000,1.0000,0.1219,1.0000,0.2212,0.2168,0.5313,WARNING,False,0,6,,,,,,
1771435998.373,0.1,48.06,4.7855,0.950,25.0,2,55066.989,-16.24640,0.02306,0.0000,1.0000,0.2931,1.0000,0.2306,0.2052,0.5522,CRITICAL,False,0,6,,,,,,
1771435998.373,0.1,,,,,,,,,,,,,,,0.5522,CRITICAL,,0,,t1794_0,0.51,LOW,OFFLOAD,CRITICAL: non-critical task offloaded (priority=LOW),
1771435998.373,0.1,47.69,4.8393,0.929,23.5,2,-21052.197,80.86084,0.02437,0.0000,0.0000,0.0488,0.0000,0.2437,0.1944,0.0696,WARNING,False,0,6,,,,,,
1771435998.373,0.1,48.34,4.8547,0.909,22.1,2,19778.845,38.04803,0.02533,0.0000,1.0000,0.0000,0.0000,0.2533,0.1844,0.3122,WARNING,False,0,6,,,,,,
1771435998.373,0.1,48.19,4.8254,0.890,20.7,2,144121.591,91.84289,0.02461,0.0000,1.0000,0.1120,0.0000,0.2461,0.1750,0.3242,WARNING,False,0,6,,,,,,
1771435998.373,0.1,48.24,4.8321,0.873,19.5,2,,,0.02465,0.0000,0.0000,0.0816,0.0000,0.2465,0.1663,0.0685,SAFE,False,0,6,,,,,,
1771435998.373,0.1,48.06,4.8315,0.857,18.3,1,,,0.02445,0.0000,0.0000,0.0841,0.0000,0.2445,0.1433,0.0640,SAFE,False,9,0,,,,,,window_reset|B=9
1771435998.373,0.1,46.96,4.8620,0.842,17.3,1,,,0.02709,0.0000,0.0000,0.0000,0.0000,0.2709,0.1358,0.0542,SAFE,False,9,0,,,,,,
1771435998.373,0.1,,,,,,,,,,,,,,,0.0542,SAFE,,8,,t1800_0,0.49,LOW,LOCAL,SAFE: all tasks permitted (weight=0.49),
1771435998.373,0.1,,,,,,,,,,,,,,,0.0542,SAFE,,7,,t1800_1,0.44,HIGH,LOCAL,SAFE: all tasks permitted (weight=0.44),
1771435998.373,0.1,,,,,,,,,,,,,,,0.0542,SAFE,,6,,t1800_2,0.57,NORMAL,LOCAL,SAFE: all tasks permitted (weight=0.57),
1771435998.373,0.1,47.48,4.8183,0.984,27.4,3,,,0.02393,0.0000,0.0000,0.1440,0.0000,0.2393,0.2368,0.0900,SAFE,False,6,3,,,,,,
1771435998.373,0.1,47.44,4.7975,0.960,25.7,2,,,0.02444,0.0000,0.0000,0.2384,0.0000,0.2444,0.2099,0.0974,SAFE,False,6,3,,,,,,
1771435998.373,0.1,47.59,4.7899,0.937,24.1,2,,,0.02604,0.0000,0.0000,0.2730,0.0000,0.2604,0.1987,0.1013,SAFE,False,6,3,,,,,,
1771435998.373,0.1,,,,,,,,,,,,,,,0.1013,SAFE,,5,,t1803_0,0.46,CRITICAL,LOCAL,SAFE: all tasks permitted (weight=0.46),
1771435998.373,0.1,47.70,4.8255,0.965,26.0,2,,,0.02258,0.0000,0.0000,0.1111,0.0000,0.2258,0.2123,0.0795,SAFE,False,5,4,,,,,,
1771435998.373,0.1,,,,,,,,,,,,,,,0.0795,SAFE,,4,,t1804_0,0.82,HIGH,LOCAL,SAFE: all tasks permitted (weight=0.82),
1771435998.373,0.1,47.85,4.8141,1.027,30.5,3,,,0.02274,0.0000,0.0000,0.1630,0.0000,0.2274,0.2585,0.0956,SAFE,False,4,5,,,,,,
1771435998.373,0.1,,,,,,,,,,,,,,,0.0956,SAFE,,3,,t1805_0,0.51,LOW,LOCAL,SAFE: all tasks permitted (weight=0.51),
1771435998.373,0.1,47.81,4.7821,1.053,32.3,3,,,0.02322,0.0000,0.0000,0.3087,0.0000,0.2322,0.2714,0.1176,SAFE,False,3,6,,,,,,
1771435998.373,0.1,,,,,,,,,,,,,,,0.1176,SAFE,,2,,t1806_0,0.38,HIGH,LOCAL,SAFE: all tasks permitted (weight=0.38),
1771435998.373,0.1,48.16,4.7938,1.064,33.1,3,,,0.02391,0.0000,0.0000,0.2556,0.0000,0.2391,0.2770,0.1125,SAFE,False,2,7,,,,,,
1771435998.373,0.1,,,,,,,,,,,,,,,0.1125,SAFE,,1,,t1807_0,0.37,NORMAL,LOCAL,SAFE: all tasks permitted (weight=0.37),
1771435998.373,0.1,47.98,4.7911,1.073,33.8,3,,,0.02239,0.0000,0.0000,0.2678,0.0000,0.2239,0.2814,0.1135,SAFE,False,1,8,,,,,,
1771435998.373,0.1,48.70,4.8121,1.043,31.6,3,,,0.02211,0.0000,0.0000,0.1724,0.0000,0.2211,0.2663,0.0978,SAFE,False,1,8,,,,,,
1771435998.373,0.1,,,,,,,,,,,,,,,0.0978,SAFE,,0,,t1809_0,0.22,LOW,LOCAL,SAFE: all tasks permitted (weight=0.22),
1771435998.373,0.1,,,,,,,,,,,,,,,0.0978,SAFE,,0,,t1809_1,0.40,NORMAL,OFFLOAD,"Budget exhausted (B=0), offloading. Original: SAFE: all tasks permitted (weight=0.40)",
1771435998.373,0.1,48.56,4.7487,1.038,31.3,3,,,0.02734,0.0000,0.0000,0.4602,0.0000,0.2734,0.2639,0.1400,SAFE,False,0,9,,,,,,
1771435998.373,0.1,48.19,4.7870,1.010,29.3,3,,,0.02658,0.0000,0.0000,0.2865,0.0000,0.2658,0.2500,0.1138,SAFE,False,0,9,,,,,,
1771435998.373,0.1,48.54,4.8238,0.984,27.5,3,,,0.02086,0.0000,0.0000,0.1190,0.0000,0.2086,0.2372,0.0838,SAFE,False,0,9,,,,,,
1771435998.373,0.1,,,,,,,,,,,,,,,0.0838,SAFE,,0,,t1812_0,0.33,LOW,OFFLOAD,"Budget exhausted (B=0), offloading. Original: SAFE: all tasks permitted (weight=0.33)",
1771435998.373,0.1,47.51,4.7933,0.960,25.7,2,,,0.02003,0.0000,0.0000,0.2577,0.0000,0.2003,0.2102,0.0956,SAFE,False,0,9,,,,,,
1771435998.373,0.1,,,,,,,,,,,,,,,0.0956,SAFE,,0,,t1813_0,0.54,NORMAL,OFFLOAD,"Budget exhausted (B=0), offloading. Original: SAFE: all tasks permitted (weight=0.54)",
1771435998.373,0.1,48.12,4.8055,0.938,24.1,2,,,0.02018,0.0000,0.0000,0.2021,0.0000,0.2018,0.1990,0.0863,SAFE,False,9,0,,,,,,window_reset|B=9
1771435998.373,0.1,48.53,4.8149,0.917,22.7,2,,,0.02060,0.0000,0.0000,0.1595,0.0000,0.2060,0.1887,0.0791,SAFE,False,9,0,,,,,,
1771435998.373,0.1,48.01,4.8478,0.898,21.3,2,,,0.02365,0.0000,0.0000,0.0101,0.0000,0.2365,0.1790,0.0608,SAFE,False,9,0,,,,,,
1771435998.373,0.1,,,,,,,,,,,,,,,0.0608,SAFE,,8,,t1816_0,0.73,HIGH,LOCAL,SAFE: all tasks permitted (weight=0.73),
1771435998.373,0.1,48.09,4.7980,0.957,25.5,2,,,0.02333,0.0000,0.0000,0.2363,0.0000,0.2333,0.2084,0.0957,SAFE,False,8,1,,,,,,
1771435998.373,0.1,,,,,,,,,,,,,,,0.0957,SAFE,,7,,t1817_0,0.66,HIGH,LOCAL,SAFE: all tasks permitted (weight=0.66),
1771435998.373,0.1,48.56,4.8133,1.004,28.8,3,,,0.02294,0.0000,0.0000,0.1667,0.0000,0.2294,0.2468,0.0940,SAFE,False,7,2,,,,,,
1771435998.373,0.1,48.06,4.8122,0.978,27.0,3,,,0.02293,0.0000,0.0000,0.1719,0.0000,0.2293,0.2342,0.0921,SAFE,False,7,2,,,,,,
1771435998.373,0.1,48.07,4.8326,0.955,25.3,2,,,0.02384,0.0000,0.0000,0.0791,0.0000,0.2384,0.2074,0.0756,SAFE,False,7,2,,,,,,
1771435998.374,0.1,,,,,,,,,,,,,,,0.0756,SAFE,,6,,t1820_0,0.34,NORMAL,LOCAL,SAFE: all tasks permitted (weight=0.34),
1771435998.374,0.1,48.47,4.7993,0.968,26.3,2,57101.486,5.94120,0.02389,0.0000,1.0000,0.2306,0.0000,0.2389,0.2141,0.3467,WARNING,False,6,3,,,,,,
1771435998.374,0.1,47.91,4.8166,0.945,24.7,2,-12646.435,10.99622,0.01646,0.0000,0.0000,0.1520,0.0000,0.1646,0.2027,0.0767,SAFE,False,6,3,,,,,,
1771435998.374,0.1,48.11,4.8469,0.924,23.2,2,-25080.300,31.88231,0.01718,0.0000,0.0000,0.0140,0.0000,0.1718,0.1921,0.0574,SAFE,False,6,3,,,,,,
1771435998.374,0.1,,,,,,,,,,,,,,,0.0574,SAFE,,5,,t1823_0,0.67,NORMAL,LOCAL,SAFE: all tasks permitted (weight=0.67),
1771435998.374,0.1,48.01,4.8001,0.975,26.8,2,-183.332,-47.52092,0.01764,0.0000,0.0000,0.2270,1.0000,0.1764,0.2174,0.2906,WARNING,False,5,4,,,,,,
1771435998.374,0.1,,,,,,,,,,,,,,,0.2906,WARNING,,5,,t1824_0,0.66,LOW,OFFLOAD,WARNING: heavy task offloaded (weight=0.66 >= 0.3),
1771435998.374,0.1,47.82,4.8085,0.951,25.1,2,-16044.942,10.43530,0.01655,0.0000,0.0000,0.1887,0.0000,0.1655,0.2057,0.0822,SAFE,False,5,4,,,,,,
1771435998.374,0.1,48.12,4.8149,0.930,23.6,2,-26139.422,1.55916,0.01624,0.0000,0.0000,0.1596,0.0000,0.1624,0.1949,0.0760,SAFE,False,5,4,,,,,,
1771435998.374,0.1,48.33,4.8166,0.910,22.1,2,16631.883,4.42321,0.01623,0.0000,1.0000,0.1518,0.0000,0.1623,0.1848,0.3229,WARNING,False,5,4,,,,,,
1771435998.374,0.1,47.65,4.7981,0.891,20.8,2,-24670.865,-34.39875,0.01411,0.0000,0.0000,0.2361,1.0000,0.1411,0.1754,0.2799,WARNING,False,5,4,,,,,,
1771435998.374,0.1,47.05,4.8335,0.873,19.5,2,,,0.01436,0.0000,0.0000,0.0751,0.0000,0.1436,0.1667,0.0575,SAFE,False,9,0,,,,,,window_reset|B=9
1771435998.374,0.1,,,,,,,,,,,,,,,0.0575,SAFE,,8,,t1829_0,0.56,LOW,LOCAL,SAFE: all tasks permitted (weight=0.56),
1771435998.374,0.1,47.18,4.8381,0.916,22.6,2,,,0.01555,0.0000,0.0000,0.0541,0.0000,0.1555,0.1882,0.0602,SAFE,False,8,1,,,,,,
1771435998.374,0.1,,,,,,,,,,,,,,,0.0602,SAFE,,7,,t1830_0,0.63,NORMAL,LOCAL,SAFE: all tasks permitted (weight=0.63),
1771435998.374,0.1,,,,,,,,,,,,,,,0.0602,SAFE,,6,,t1830_1,0.26,HIGH,LOCAL,SAFE: all tasks permitted (weight=0.26),
1771435998.374,0.1,47.84,4.6382,0.991,27.9,3,,,0.05220,0.0000,0.0000,0.9626,0.0000,0.5220,0.2406,0.2254,SAFE,False,6,3,,,,,,
1771435998.374,0.1,47.91,4.7881,0.967,26.2,2,,,0.05159,0.0000,0.0000,0.2813,0.0000,0.5159,0.2133,0.1308,SAFE,False,6,3,,,,,,
1771435998.374,0.1,,,,,,,,,,,,,,,0.1308,SAFE,,5,,t1832_0,0.68,HIGH,LOCAL,SAFE: all tasks permitted (weight=0.68),
1771435998.374,0.1,48.09,4.7882,1.016,29.7,3,,,0.05169,0.0000,0.0000,0.2811,0.0000,0.5169,0.2528,0.1388,SAFE,False,5,4,,,,,,
1771435998.374,0.1,47.52,4.8180,0.989,27.8,3,,,0.05173,0.0000,0.0000,0.1452,0.0000,0.5173,0.2397,0.1186,SAFE,False,5,4,,,,,,
1771435998.374,0.1,48.18,4.8226,0.965,26.1,2,,,0.05027,0.0000,0.0000,0.1248,0.0000,0.5027,0.2126,0.1090,SAFE,False,5,4,,,,,,
1771435998.374,0.1,,,,,,,,,,,,,,,0.1090,SAFE,,4,,t1835_0,0.22,NORMAL,LOCAL,SAFE: all tasks permitted (weight=0.22),
1771435998.374,0.1,48.16,4.8201,0.966,26.1,2,,,0.05068,0.0000,0.0000,0.1358,0.0000,0.5068,0.2129,0.1109,SAFE,False,4,5,,,,,,
1771435998.374,0.1,47.74,4.8084,0.943,24.5,2,,,0.05067,0.0000,0.0000,0.1893,0.0000,0.5067,0.2016,0.1156,SAFE,False,4,5,,,,,,
1771435998.374,0.1,,,,,,,,,,,,,,,0.1156,SAFE,,3,,t1837_0,0.48,NORMAL,LOCAL,SAFE: all tasks permitted (weight=0.48),
1771435998.374,0.1,47.72,4.8160,0.973,26.6,2,,,0.05070,0.0000,0.0000,0.1546,0.0000,0.5070,0.2164,0.1141,SAFE,False,3,6,,,,,,
1771435998.374,0.1,48.19,4.8000,0.950,25.0,2,,,0.05043,0.0000,0.0000,0.2272,0.0000,0.5043,0.2048,0.1209,SAFE,False,3,6,,,,,,
1771435998.374,0.1,48.19,4.8336,0.928,23.4,2,,,0.05141,0.0000,0.0000,0.0745,0.0000,0.5141,0.1941,0.0999,SAFE,False,3,6,,,,,,
1771435998.374,0.1,47.89,4.8362,0.908,22.0,2,,,0.05156,0.0000,0.0000,0.0625,0.0000,0.5156,0.1840,0.0965,SAFE,False,3,6,,,,,,
1771435998.374,0.1,47.40,4.8226,0.889,20.7,2,,,0.05080,0.0000,0.0000,0.1247,0.0000,0.5080,0.1747,0.1019,SAFE,False,3,6,,,,,,
1771435998.374,0.1,,,,,,,,,,,,,,,0.1019,SAFE,,2,,t1842_0,0.36,HIGH,LOCAL,SAFE: all tasks permitted (weight=0.36),
1771435998.374,0.1,,,,,,,,,,,,,,,0.1019,SAFE,,1,,t1842_1,0.25,NORMAL,LOCAL,SAFE: all tasks permitted (weight=0.25),
1771435998.374,0.1,47.42,4.8155,0.936,24.0,2,,,0.01487,0.0000,0.0000,0.1567,0.0000,0.1487,0.1979,0.0748,SAFE,False,1,8,,,,,,
1771435998.374,0.1,,,,,,,,,,,,,,,0.0748,SAFE,,0,,t1843_0,0.48,NORMAL,LOCAL,SAFE: all tasks permitted (weight=0.48),
1771435998.374,0.1,47.85,4.7933,0.966,26.2,2,,,0.01416,0.0000,0.0000,0.2578,0.0000,0.1416,0.2132,0.0903,SAFE,False,9,0,,,,,,window_reset|B=9
1771435998.374,0.1,47.77,4.8179,0.944,24.5,2,,,0.01172,0.0000,0.0000,0.1461,0.0000,0.1172,0.2018,0.0711,SAFE,False,9,0,,,,,,
1771435998.374,0.1,47.78,4.8254,0.923,23.0,2,,,0.01195,0.0000,0.0000,0.1116,0.0000,0.1195,0.1913,0.0647,SAFE,False,9,0,,,,,,
1771435998.374,0.1,,,,,,,,,,,,,,,0.0647,SAFE,,8,,t1846_0,0.61,NORMAL,LOCAL,SAFE: all tasks permitted (weight=0.61),
1771435998.374,0.1,47.49,4.7927,0.968,26.3,2,,,0.01365,0.0000,0.0000,0.2604,0.0000,0.1365,0.2138,0.0903,SAFE,False,8,1,,,,,,
1771435998.374,0.1,,,,,,,,,,,,,,,0.0903,SAFE,,7,,t1847_0,0.29,LOW,LOCAL,SAFE: all tasks permitted (weight=0.29),
1771435998.374,0.1,47.80,4.7996,0.976,26.9,2,,,0.01419,0.0000,0.0000,0.2289,0.0000,0.1419,0.2180,0.0875,SAFE,False,7,2,,,,,,
1771435998.374,0.1,,,,,,,,,,,,,,,0.0875,SAFE,,6,,t1848_0,0.64,NORMAL,LOCAL,SAFE: all tasks permitted (weight=0.64),
1771435998.374,0.1,47.82,4.7918,1.020,30.0,3,,,0.01538,0.0000,0.0000,0.2646,0.0000,0.1538,0.2549,0.1008,SAFE,False,6,3,,,,,,
1771435998.374,0.1,,,,,,,,,,,,,,,0.1008,SAFE,,5,,t1849_0,0.28,HIGH,LOCAL,SAFE: all tasks permitted (weight=0.28),
1771435998.374,0.1,47.62,4.7755,1.023,30.2,3,,,0.01831,0.0000,0.0000,0.3386,0.0000,0.1831,0.2565,0.1136,SAFE,False,5,4,,,,,,
1771435998.374,0.1,,,,,,,,,,,,,,,0.1136,SAFE,,4,,t1850_0,0.76,HIGH,LOCAL,SAFE: all tasks permitted (weight=0.76),
1771435998.374,0.1,48.39,4.7858,1.077,34.0,3,,,0.01927,0.0000,0.0000,0.2920,0.0000,0.1927,0.2833,0.1139,SAFE,False,4,5,,,,,,
1771435998.375,0.1,,,,,,,,,,,,,,,0.1139,SAFE,,3,,t1851_0,0.61,LOW,LOCAL,SAFE: all tasks permitted (weight=0.61),
1771435998.375,0.1,48.15,4.7730,1.110,36.5,4,17725.070,-20.25860,0.01970,0.0000,1.0000,0.3499,1.0000,0.1970,0.3152,0.5782,WARNING,False,3,6,,,,,,
1771435998.375,0.1,,,,,,,,,,,,,,,0.5782,WARNING,,3,,t1852_0,0.73,LOW,OFFLOAD,WARNING: heavy task offloaded (weight=0.73 >= 0.3),
1771435998.375,0.1,48.31,4.7556,1.078,34.1,3,32236.539,-62.19556,0.02074,0.0000,1.0000,0.4290,1.0000,0.2074,0.2838,0.5833,CRITICAL,False,3,6,,,,,,
1771435998.375,0.1,47.84,4.7661,1.047,31.9,3,3207.281,-59.35348,0.02053,0.0000,1.0000,0.3816,1.0000,0.2053,0.2685,0.5738,CRITICAL,False,3,6,,,,,,
1771435998.375,0.1,47.81,4.7945,1.019,29.9,3,19561.940,1.75920,0.01922,0.0000,1.0000,0.2524,0.0000,0.1922,0.2543,0.3529,WARNING,False,3,6,,,,,,
1771435998.375,0.1,,,,,,,,,,,,,,,0.3529,WARNING,,3,,t1855_0,0.48,HIGH,OFFLOAD,WARNING: heavy task offloaded (weight=0.48 >= 0.3),
1771435998.375,0.1,48.48,4.7839,0.992,28.0,3,40863.697,-15.72031,0.01923,0.0000,1.0000,0.3004,1.0000,0.1923,0.2412,0.5565,CRITICAL,False,3,6,,,,,,
1771435998.375,0.1,,,,,,,,,,,,,,,0.5565,CRITICAL,,3,,t1856_0,0.84,LOW,OFFLOAD,CRITICAL: non-critical task offloaded (priority=LOW),
1771435998.375,0.1,48.81,4.8062,0.968,26.3,2,59630.209,14.37360,0.01797,0.0000,1.0000,0.1992,0.0000,0.1797,0.2139,0.3367,WARNING,False,3,6,,,,,,
1771435998.375,0.1,,,,,,,,,,,,,,,0.3367,WARNING,,3,,t1857_0,0.40,LOW,OFFLOAD,WARNING: heavy task offloaded (weight=0.40 >= 0.3),
1771435998.375,0.1,48.72,4.8128,0.945,24.6,2,65796.895,37.30597,0.01598,0.0000,1.0000,0.1689,0.0000,0.1598,0.2025,0.3284,WARNING,False,3,6,,,,,,
1771435998.375,0.1,,,,,,,,,,,,,,,0.3284,WARNING,,3,,t1858_0,0.35,LOW,OFFLOAD,WARNING: heavy task offloaded (weight=0.35 >= 0.3),
1771435998.375,0.1,48.55,4.7965,0.924,23.1,2,9912.802,10.73557,0.01614,0.0000,1.0000,0.2432,0.0000,0.1614,0.1919,0.3361,WARNING,False,6,0,,,,,,window_reset|B=6
1771435998.375,0.1,,,,,,,,,,,,,,,0.3361,WARNING,,6,,t1859_0,0.32,NORMAL,OFFLOAD,WARNING: heavy task offloaded (weight=0.32 >= 0.3),
1771435998.375,0.1,47.98,4.8198,0.904,21.7,2,,,0.01829,0.0000,0.0000,0.1375,0.0000,0.1829,0.1820,0.0726,SAFE,False,6,0,,,,,,
1771435998.375,0.1,48.31,4.8473,0.886,20.4,2,,,0.02452,0.0000,0.0000,0.0121,0.0000,0.2452,0.1729,0.0607,SAFE,False,6,0,,,,,,
1771435998.375,0.1,47.71,4.8338,0.869,19.2,2,,,0.02627,0.0000,0.0000,0.0737,0.0000,0.2627,0.1643,0.0687,SAFE,False,6,0,,,,,,
1771435998.375,0.1,48.03,4.8458,0.853,18.1,1,,,0.02905,0.0000,0.0000,0.0189,0.0000,0.2905,0.1414,0.0598,SAFE,False,6,0,,,,,,
1771435998.375,0.1,47.36,4.8308,0.838,17.0,1,,,0.02847,0.0000,0.0000,0.0874,0.0000,0.2847,0.1340,0.0666,SAFE,False,6,0,,,,,,
1771435998.375,0.1,,,,,,,,,,,,,,,0.0666,SAFE,,5,,t1864_0,0.83,NORMAL,LOCAL,SAFE: all tasks permitted (weight=0.83),
1771435998.375,0.1,47.68,4.8264,0.913,22.3,2,,,0.02404,0.0000,0.0000,0.1073,0.0000,0.2404,0.1864,0.0753,SAFE,False,5,1,,,,,,
1771435998.375,0.1,,,,,,,,,,,,,,,0.0753,SAFE,,4,,t1865_0,0.66,LOW,LOCAL,SAFE: all tasks permitted (weight=0.66),
1771435998.375,0.1,48.09,4.8250,0.964,26.0,2,,,0.01939,0.0000,0.0000,0.1135,0.0000,0.1939,0.2118,0.0765,SAFE,False,4,2,,,,,,
1771435998.375,0.1,,,,,,,,,,,,,,,0.0765,SAFE,,3,,t1866_0,0.79,NORMAL,LOCAL,SAFE: all tasks permitted (weight=0.79),
1771435998.375,0.1,47.32,4.8103,1.025,30.4,3,,,0.01821,0.0000,0.0000,0.1803,0.0000,0.1821,0.2576,0.0932,SAFE,False,3,3,,,,,,
1771435998.375,0.1,47.77,4.7889,0.998,28.5,3,,,0.01741,0.0000,0.0000,0.2775,0.0000,0.1741,0.2442,0.1023,SAFE,False,3,3,,,,,,
1771435998.375,0.1,47.55,4.8050,0.973,26.7,2,,,0.01750,0.0000,0.0000,0.2048,0.0000,0.1750,0.2167,0.0875,SAFE,False,3,3,,,,,,
1771435998.375,0.1,,,,,,,,,,,,,,,0.0875,SAFE,,2,,t1869_0,0.76,NORMAL,LOCAL,SAFE: all tasks permitted (weight=0.76),
1771435998.375,0.1,47.86,4.7875,1.031,30.8,3,,,0.01965,0.0000,0.0000,0.2839,0.0000,0.1965,0.2606,0.1087,SAFE,False,2,4,,,,,,
1771435998.375,0.1,47.24,4.7986,1.004,28.9,3,,,0.01946,0.0000,0.0000,0.2334,0.0000,0.1946,0.2470,0.0992,SAFE,False,2,4,,,,,,
1771435998.375,0.1,,,,,,,,,,,,,,,0.0992,SAFE,,1,,t1871_0,0.77,CRITICAL,LOCAL,SAFE: all tasks permitted (weight=0.77),
1771435998.375,0.1,,,,,,,,,,,,,,,0.0992,SAFE,,0,,t1871_1,0.48,LOW,LOCAL,SAFE: all tasks permitted (weight=0.48),
1771435998.375,0.1,48.19,4.6766,1.111,36.5,4,,,0.04370,0.0000,0.0000,0.7883,0.0000,0.4370,0.3156,0.2093,SAFE,False,0,6,,,,,,
1771435998.375,0.1,,,,,,,,,,,,,,,0.2093,SAFE,,0,,t1872_0,0.60,HIGH,OFFLOAD,"Budget exhausted (B=0), offloading. Original: SAFE: all tasks permitted (weight=0.60)",
1771435998.375,0.1,48.52,4.7911,1.078,34.2,3,,,0.04204,0.0000,0.0000,0.2678,0.0000,0.4204,0.2842,0.1337,SAFE,False,0,6,,,,,,
1771435998.375,0.1,48.00,4.8107,1.048,32.0,3,,,0.04104,0.0000,0.0000,0.1786,0.0000,0.4104,0.2689,0.1180,SAFE,False,8,0,,,,,,window_reset|B=8
1771435998.375,0.1,48.48,4.8262,1.019,30.0,3,,,0.03953,0.0000,0.0000,0.1082,0.0000,0.3953,0.2547,0.1045,SAFE,False,8,0,,,,,,
1771435998.375,0.1,48.37,4.8145,0.993,28.1,3,,,0.03866,0.0000,0.0000,0.1616,0.0000,0.3866,0.2415,0.1080,SAFE,False,8,0,,,,,,
1771435998.375,0.1,,,,,,,,,,,,,,,0.1080,SAFE,,7,,t1876_0,0.64,LOW,LOCAL,SAFE: all tasks permitted (weight=0.64),
1771435998.375,0.1,48.16,4.7433,1.036,31.2,3,,,0.04013,0.0000,0.0000,0.4848,0.0000,0.4013,0.2632,0.1558,SAFE,False,7,1,,,,,,
1771435998.375,0.1,,,,,,,,,,,,,,,0.1558,SAFE,,6,,t1877_0,0.52,CRITICAL,LOCAL,SAFE: all tasks permitted (weight=0.52),
1771435998.375,0.1,48.76,4.8063,1.064,33.1,3,,,0.03908,0.0000,0.0000,0.1985,0.0000,0.3908,0.2768,0.1202,SAFE,False,6,2,,,,,,
1771435998.375,0.1,48.47,4.7777,1.034,31.0,3,,,0.03859,0.0000,0.0000,0.3285,0.0000,0.3859,0.2620,0.1337,SAFE,False,6,2,,,,,,
1771435998.375,0.1,48.37,4.8267,1.007,29.0,3,,,0.04024,0.0000,0.0000,0.1059,0.0000,0.4024,0.2483,0.1037,SAFE,False,6,2,,,,,,
1771435998.375,0.1,49.12,4.8141,0.981,27.2,3,,,0.04062,0.0000,0.0000,0.1632,0.0000,0.4062,0.2356,0.1090,SAFE,False,6,2,,,,,,
1771435998.376,0.1,48.85,4.8407,0.957,25.5,2,50981.254,30.01588,0.04300,0.0000,1.0000,0.0422,0.0000,0.4300,0.2087,0.3402,WARNING,False,6,2,,,,,,
1771435998.376,0.1,49.04,4.8445,0.935,23.9,2,33762.422,18.25515,0.04523,0.0000,1.0000,0.0252,0.0000,0.4523,0.1976,0.3380,WARNING,False,6,2,,,,,,
1771435998.376,0.1,48.28,4.8176,0.915,22.5,2,-5580.543,3.11721,0.02680,0.0000,0.0000,0.1474,0.0000,0.2680,0.1874,0.0834,SAFE,False,6,2,,,,,,
1771435998.376,0.1,,,,,,,,,,,,,,,0.0834,SAFE,,5,,t1884_0,0.81,HIGH,LOCAL,SAFE: all tasks permitted (weight=0.81),
1771435998.376,0.1,48.39,4.7911,0.982,27.3,3,13816.585,47.71169,0.02680,0.0000,1.0000,0.2679,0.0000,0.2680,0.2361,0.3589,WARNING,False,5,3,,,,,,
1771435998.376,0.1,48.42,4.8193,0.958,25.6,2,-20396.622,12.92886,0.02694,0.0000,0.0000,0.1397,0.0000,0.2694,0.2092,0.0869,SAFE,False,5,3,,,,,,
1771435998.376,0.1,,,,,,,,,,,,,,,0.0869,SAFE,,4,,t1886_0,0.23,NORMAL,LOCAL,SAFE: all tasks permitted (weight=0.23),
1771435998.376,0.1,48.66,4.7993,0.961,25.8,2,11758.409,21.57023,0.02663,0.0000,1.0000,0.2304,0.0000,0.2663,0.2103,0.3486,WARNING,False,4,4,,,,,,
1771435998.376,0.1,,,,,,,,,,,,,,,0.3486,WARNING,,4,,t1887_0,0.67,CRITICAL,OFFLOAD,WARNING: heavy task offloaded (weight=0.67 >= 0.3),
1771435998.376,0.1,48.08,4.8218,0.938,24.2,2,-17280.015,-4.91888,0.02685,0.0000,0.0000,0.1282,1.0000,0.2685,0.1992,0.2834,WARNING,False,4,4,,,,,,
1771435998.376,0.1,,,,,,,,,,,,,,,0.2834,WARNING,,4,,t1888_0,0.73,NORMAL,OFFLOAD,WARNING: heavy task offloaded (weight=0.73 >= 0.3),
1771435998.376,0.1,48.78,4.8557,0.918,22.7,2,-20196.144,41.60320,0.02156,0.0000,0.0000,0.0000,0.0000,0.2156,0.1888,0.0593,SAFE,False,9,0,,,,,,window_reset|B=9
1771435998.376,0.1,48.16,4.8369,0.898,21.3,2,,,0.02184,0.0000,0.0000,0.0596,0.0000,0.2184,0.1792,0.0654,SAFE,False,9,0,,,,,,
1771435998.376,0.1,,,,,,,,,,,,,,,0.0654,SAFE,,8,,t1890_0,0.39,NORMAL,LOCAL,SAFE: all tasks permitted (weight=0.39),
1771435998.376,0.1,47.67,4.7892,0.922,23.0,2,,,0.02014,0.0000,0.0000,0.2765,0.0000,0.2014,0.1909,0.0943,SAFE,False,8,1,,,,,,
1771435998.376,0.1,48.47,4.8472,0.902,21.6,2,,,0.02135,0.0000,0.0000,0.0129,0.0000,0.2135,0.1811,0.0592,SAFE,False,8,1,,,,,,
1771435998.376,0.1,48.45,4.8595,0.884,20.3,2,,,0.02335,0.0000,0.0000,0.0000,0.0000,0.2335,0.1720,0.0577,SAFE,False,8,1,,,,,,
1771435998.376,0.1,48.09,4.8534,0.867,19.1,2,,,0.02422,0.0000,0.0000,0.0000,0.0000,0.2422,0.1635,0.0569,SAFE,False,8,1,,,,,,
1771435998.376,0.1,,,,,,,,,,,,,,,0.0569,SAFE,,7,,t1894_0,0.54,HIGH,LOCAL,SAFE: all tasks permitted (weight=0.54),
1771435998.376,0.1,47.48,4.8096,0.909,22.1,2,,,0.02416,0.0000,0.0000,0.1836,0.0000,0.2416,0.1845,0.0849,SAFE,False,7,2,,,,,,
1771435998.376,0.1,,,,,,,,,,,,,,,0.0849,SAFE,,6,,t1895_0,0.84,CRITICAL,LOCAL,SAFE: all tasks permitted (weight=0.84),
1771435998.376,0.1,47.78,4.7988,0.980,27.2,3,,,0.02518,0.0000,0.0000,0.2328,0.0000,0.2518,0.2352,0.1025,SAFE,False,6,3,,,,,,
1771435998.376,0.1,47.99,4.8067,0.957,25.5,2,,,0.02383,0.0000,0.0000,0.1966,0.0000,0.2383,0.2084,0.0911,SAFE,False,6,3,,,,,,
1771435998.376,0.1,,,,,,,,,,,,,,,0.0911,SAFE,,5,,t1897_0,0.52,NORMAL,LOCAL,SAFE: all tasks permitted (weight=0.52),
1771435998.376,0.1,46.96,4.8069,0.991,27.9,3,,,0.02431,0.0000,0.0000,0.1958,0.0000,0.2431,0.2404,0.0978,SAFE,False,5,4,,,,,,
1771435998.376,0.1,48.08,4.7976,0.966,26.2,2,,,0.02445,0.0000,0.0000,0.2381,0.0000,0.2445,0.2132,0.0980,SAFE,False,5,4,,,,,,
1771435998.376,0.1,47.91,4.8034,0.944,24.5,2,,,0.02509,0.0000,0.0000,0.2119,0.0000,0.2509,0.2018,0.0930,SAFE,False,5,4,,,,,,
1771435998.376,0.1,,,,,,,,,,,,,,,0.0930,SAFE,,4,,t1900_0,0.29,HIGH,LOCAL,SAFE: all tasks permitted (weight=0.29),
1771435998.376,0.1,47.36,4.7959,0.954,25.3,2,,,0.02383,0.0000,0.0000,0.2461,0.0000,0.2383,0.2068,0.0972,SAFE,False,4,5,,,,,,
1771435998.376,0.1,,,,,,,,,,,,,,,0.0972,SAFE,,3,,t1901_0,0.77,HIGH,LOCAL,SAFE: all tasks permitted (weight=0.77),
1771435998.376,0.1,,,,,,,,,,,,,,,0.0972,SAFE,,2,,t1901_1,0.55,LOW,LOCAL,SAFE: all tasks permitted (weight=0.55),
1771435998.376,0.1,48.27,4.7991,1.073,33.8,3,,,0.02350,0.0000,0.0000,0.2316,0.0000,0.2350,0.2817,0.1100,SAFE,False,2,7,,,,,,
1771435998.376,0.1,,,,,,,,,,,,,,,0.1100,SAFE,,1,,t1902_0,0.73,CRITICAL,LOCAL,SAFE: all tasks permitted (weight=0.73),
1771435998.376,0.1,48.29,4.7634,1.122,37.3,4,,,0.02663,0.0000,0.0000,0.3936,0.0000,0.2663,0.3208,0.1420,SAFE,False,1,8,,,,,,
1771435998.376,0.1,,,,,,,,,,,,,,,0.1420,SAFE,,0,,t1903_0,0.49,NORMAL,LOCAL,SAFE: all tasks permitted (weight=0.49),
1771435998.376,0.1,48.40,4.7525,1.141,38.6,4,,,0.02891,0.0000,0.0000,0.4433,0.0000,0.2891,0.3303,0.1526,SAFE,False,8,0,,,,,,window_reset|B=8
1771435998.376,0.1,,,,,,,,,,,,,,,0.1526,SAFE,,7,,t1904_0,0.37,NORMAL,LOCAL,SAFE: all tasks permitted (weight=0.37),
1771435998.376,0.1,48.04,4.7613,1.145,38.9,4,,,0.02573,0.0000,0.0000,0.4031,0.0000,0.2573,0.3325,0.1446,SAFE,False,7,1,,,,,,
1771435998.376,0.1,48.50,4.7714,1.110,36.4,4,,,0.01968,0.0000,0.0000,0.3572,0.0000,0.1968,0.3149,0.1291,SAFE,False,7,1,,,,,,
1771435998.376,0.1,49.30,4.7793,1.077,34.1,3,,,0.01879,0.0000,0.0000,0.3213,0.0000,0.1879,0.2835,0.1173,SAFE,False,7,1,,,,,,
1771435998.376,0.1,49.04,4.7979,1.047,31.9,3,,,0.01874,0.0000,0.0000,0.2369,0.0000,0.1874,0.2683,0.1032,SAFE,False,7,1,,,,,,
1771435998.376,0.1,49.20,4.8062,1.018,29.9,3,,,0.01869,0.0000,0.0000,0.1991,0.0000,0.1869,0.2541,0.0954,SAFE,False,7,1,,,,,,
1771435998.376,0.1,48.74,4.7678,0.992,28.0,3,,,0.01821,0.0000,0.0000,0.3738,0.0000,0.1821,0.2409,0.1150,SAFE,False,7,1,,,,,,
1771435998.376,0.1,49.21,4.8120,0.967,26.2,2,,,0.01956,0.0000,0.0000,0.1726,0.0000,0.1956,0.2137,0.0847,SAFE,False,7,1,,,,,,
1771435998.376,0.1,,,,,,,,,,,,,,,0.0847,SAFE,,6,,t1911_0,0.53,HIGH,LOCAL,SAFE: all tasks permitted (weight=0.53),
1771435998.376,0.1,49.11,4.7865,1.001,28.7,3,,,0.01871,0.0000,0.0000,0.2888,0.0000,0.1871,0.2456,0.1054,SAFE,False,6,2,,,,,,
1771435998.376,0.1,48.66,4.8215,0.976,26.9,2,,,0.02137,0.0000,0.0000,0.1294,0.0000,0.2137,0.2180,0.0818,SAFE,False,6,2,,,,,,
1771435998.376,0.1,48.92,4.8091,0.953,25.2,2,,,0.02210,0.0000,0.0000,0.1857,0.0000,0.2210,0.2063,0.0875,SAFE,False,6,2,,,,,,
1771435998.377,0.1,48.75,4.8244,0.931,23.6,2,-32994.128,45.13586,0.02335,0.0000,0.0000,0.1163,0.0000,0.2335,0.1954,0.0776,SAFE,False,6,2,,,,,,
1771435998.377,0.1,48.62,4.8676,0.911,22.2,2,-25780.502,69.72479,0.02866,0.0000,0.0000,0.0000,0.0000,0.2866,0.1853,0.0657,SAFE,False,6,2,,,,,,
1771435998.377,0.1,,,,,,,,,,,,,,,0.0657,SAFE,,5,,t1916_0,0.74,HIGH,LOCAL,SAFE: all tasks permitted (weight=0.74),
1771435998.377,0.1,48.84,4.7792,0.971,26.5,2,-21550.443,-27.01241,0.02700,0.0000,0.0000,0.3217,1.0000,0.2700,0.2156,0.3120,WARNING,False,5,3,,,,,,
1771435998.377,0.1,,,,,,,,,,,,,,,0.3120,WARNING,,5,,t1917_0,0.50,NORMAL,OFFLOAD,WARNING: heavy task offloaded (weight=0.50 >= 0.3),
1771435998.377,0.1,49.01,4.7953,0.948,24.9,2,16437.875,27.56876,0.02552,0.0000,1.0000,0.2486,0.0000,0.2552,0.2041,0.3487,WARNING,False,5,3,,,,,,
1771435998.377,0.1,,,,,,,,,,,,,,,0.3487,WARNING,,5,,t1918_0,0.39,LOW,OFFLOAD,WARNING: heavy task offloaded (weight=0.39 >= 0.3),
1771435998.377,0.1,49.02,4.8128,0.927,23.3,2,-11732.747,0.73851,0.02449,0.0000,0.0000,0.1692,0.0000,0.2449,0.1934,0.0852,SAFE,False,9,0,,,,,,window_reset|B=9
1771435998.377,0.1,48.73,4.8381,0.907,21.9,2,-22830.862,51.64165,0.02577,0.0000,0.0000,0.0543,0.0000,0.2577,0.1834,0.0695,SAFE,False,9,0,,,,,,
1771435998.377,0.1,,,,,,,,,,,,,,,0.0695,SAFE,,8,,t1920_0,0.79,HIGH,LOCAL,SAFE: all tasks permitted (weight=0.79),
1771435998.377,0.1,48.39,4.8169,0.974,26.7,2,-16155.557,-4.67179,0.02581,0.0000,0.0000,0.1506,1.0000,0.2581,0.2168,0.2887,WARNING,False,8,1,,,,,,
1771435998.377,0.1,48.91,4.8263,0.950,25.0,2,-579.336,17.16247,0.02251,0.0000,0.0000,0.1078,0.0000,0.2251,0.2052,0.0776,SAFE,False,8,1,,,,,,
1771435998.377,0.1,,,,,,,,,,,,,,,0.0776,SAFE,,7,,t1922_0,0.42,LOW,LOCAL,SAFE: all tasks permitted (weight=0.42),
1771435998.377,0.1,48.70,4.8066,0.974,26.7,2,,,0.02263,0.0000,0.0000,0.1972,0.0000,0.2263,0.2169,0.0917,SAFE,False,7,2,,,,,,
1771435998.377,0.1,47.74,4.8203,0.951,25.0,2,,,0.02090,0.0000,0.0000,0.1350,0.0000,0.2090,0.2053,0.0795,SAFE,False,7,2,,,,,,
1771435998.377,0.1,,,,,,,,,,,,,,,0.0795,SAFE,,6,,t1924_0,0.66,LOW,LOCAL,SAFE: all tasks permitted (weight=0.66),
1771435998.377,0.1,48.67,4.7972,1.000,28.6,3,,,0.02165,0.0000,0.0000,0.2402,0.0000,0.2165,0.2450,0.1019,SAFE,False,6,3,,,,,,
1771435998.377,0.1,,,,,,,,,,,,,,,0.1019,SAFE,,5,,t1925_0,0.84,NORMAL,LOCAL,SAFE: all tasks permitted (weight=0.84),
1771435998.377,0.1,48.61,4.7986,1.066,33.3,3,,,0.02212,0.0000,0.0000,0.2336,0.0000,0.2212,0.2780,0.1081,SAFE,False,5,4,,,,,,
1771435998.377,0.1,,,,,,,,,,,,,,,0.1081,SAFE,,4,,t1926_0,0.39,NORMAL,LOCAL,SAFE: all tasks permitted (weight=0.39),
1771435998.377,0.1,48.57,4.7625,1.078,34.1,3,,,0.02622,0.0000,0.0000,0.3975,0.0000,0.2622,0.2840,0.1347,SAFE,False,4,5,,,,,,
1771435998.377,0.1,48.55,4.8038,1.047,32.0,3,,,0.01968,0.0000,0.0000,0.2102,0.0000,0.1968,0.2687,0.1008,SAFE,False,4,5,,,,,,
1771435998.378,0.1,49.12,4.8151,1.019,29.9,3,87261.405,-3.52609,0.01824,0.0000,1.0000,0.1587,1.0000,0.1824,0.2545,0.5398,WARNING,False,4,5,,,,,,
1771435998.378,0.1,48.54,4.7993,0.993,28.0,3,-43989.790,-53.69476,0.01805,0.0000,0.0000,0.2305,1.0000,0.1805,0.2413,0.2963,WARNING,False,4,5,,,,,,
1771435998.378,0.1,,,,,,,,,,,,,,,0.2963,WARNING,,4,,t1930_0,0.31,LOW,OFFLOAD,WARNING: heavy task offloaded (weight=0.31 >= 0.3),
1771435998.378,0.1,48.99,4.7681,0.968,26.3,2,35086.768,-76.54537,0.02105,0.0000,1.0000,0.3721,1.0000,0.2105,0.2141,0.5622,CRITICAL,False,4,5,,,,,,
1771435998.378,0.1,,,,,,,,,,,,,,,0.5622,CRITICAL,,4,,t1931_0,0.39,HIGH,OFFLOAD,CRITICAL: non-critical task offloaded (priority=HIGH),
1771435998.378,0.1,48.83,4.8132,0.945,24.7,2,129257.535,-14.17871,0.01873,0.0000,1.0000,0.1674,1.0000,0.1873,0.2027,0.5310,CRITICAL,False,4,5,,,,,,
1771435998.378,0.1,,,,,,,,,,,,,,,0.5310,CRITICAL,,4,,t1932_0,0.30,NORMAL,OFFLOAD,CRITICAL: non-critical task offloaded (priority=NORMAL),
1771435998.378,0.1,48.54,4.8244,0.924,23.1,2,-15609.086,54.30670,0.01933,0.0000,0.0000,0.1162,0.0000,0.1933,0.1920,0.0728,WARNING,False,4,5,,,,,,
1771435998.378,0.1,,,,,,,,,,,,,,,0.0728,WARNING,,4,,t1933_0,0.68,LOW,OFFLOAD,WARNING: heavy task offloaded (weight=0.68 >= 0.3),
1771435998.378,0.1,48.40,4.8697,0.904,21.7,2,-25602.919,141.51500,0.02621,0.0000,0.0000,0.0000,0.0000,0.2621,0.1822,0.0626,SAFE,False,9,0,,,,,,window_reset|B=9
1771435998.378,0.1,,,,,,,,,,,,,,,0.0626,SAFE,,8,,t1934_0,0.34,NORMAL,LOCAL,SAFE: all tasks permitted (weight=0.34),
1771435998.378,0.1,48.44,4.8502,0.923,23.1,2,-15640.658,174.45929,0.02885,0.0000,0.0000,0.0000,0.0000,0.2885,0.1915,0.0671,SAFE,False,8,1,,,,,,
1771435998.378,0.1,,,,,,,,,,,,,,,0.0671,SAFE,,7,,t1935_0,0.75,LOW,LOCAL,SAFE: all tasks permitted (weight=0.75),
1771435998.378,0.1,48.78,4.7898,0.985,27.5,3,27606.525,-27.72017,0.02919,0.0000,1.0000,0.2735,1.0000,0.2919,0.2373,0.5622,WARNING,False,7,2,,,,,,
1771435998.378,0.1,,,,,,,,,,,,,,,0.5622,WARNING,,7,,t1936_0,0.35,LOW,OFFLOAD,WARNING: heavy task offloaded (weight=0.35 >= 0.3),
1771435998.378,0.1,48.29,4.8569,0.961,25.8,2,,,0.03194,0.0000,0.0000,0.0000,0.0000,0.3194,0.2103,0.0740,SAFE,False,7,2,,,,,,
1771435998.378,0.1,,,,,,,,,,,,,,,0.0740,SAFE,,6,,t1937_0,0.82,NORMAL,LOCAL,SAFE: all tasks permitted (weight=0.82),
1771435998.378,0.1,,,,,,,,,,,,,,,0.0740,SAFE,,5,,t1937_1,0.42,NORMAL,LOCAL,SAFE: all tasks permitted (weight=0.42),
1771435998.378,0.1,48.79,4.7933,1.072,33.7,3,,,0.03216,0.0000,0.0000,0.2577,0.0000,0.3216,0.2809,0.1219,SAFE,False,5,4,,,,,,
1771435998.378,0.1,,,,,,,,,,,,,,,0.1219,SAFE,,4,,t1938_0,0.27,HIGH,LOCAL,SAFE: all tasks permitted (weight=0.27),
1771435998.378,0.1,48.55,4.7662,1.070,33.6,3,,,0.03170,0.0000,0.0000,0.3808,0.0000,0.3170,0.2802,0.1373,SAFE,False,4,5,,,,,,
1771435998.378,0.1,48.91,4.7774,1.040,31.5,3,,,0.03312,0.0000,0.0000,0.3300,0.0000,0.3312,0.2652,0.1291,SAFE,False,4,5,,,,,,
1771435998.378,0.1,,,,,,,,,,,,,,,0.1291,SAFE,,3,,t1940_0,0.43,LOW,LOCAL,SAFE: all tasks permitted (weight=0.43),
1771435998.378,0.1,48.65,4.7663,1.059,32.8,3,,,0.03521,0.0000,0.0000,0.3804,0.0000,0.3521,0.2746,0.1396,SAFE,False,3,6,,,,,,
1771435998.378,0.1,,,,,,,,,,,,,,,0.1396,SAFE,,2,,t1941_0,0.39,NORMAL,LOCAL,SAFE: all tasks permitted (weight=0.39),
1771435998.378,0.1,48.77,4.7642,1.072,33.7,3,,,0.03708,0.0000,0.0000,0.3901,0.0000,0.3708,0.2811,0.1440,SAFE,False,2,7,,,,,,
1771435998.378,0.1,48.80,4.7521,1.042,31.6,3,,,0.03858,0.0000,0.0000,0.4452,0.0000,0.3858,0.2661,0.1497,SAFE,False,2,7,,,,,,
1771435998.378,0.1,48.96,4.8044,1.014,29.6,3,,,0.03845,0.0000,0.0000,0.2074,0.0000,0.3845,0.2521,0.1158,SAFE,False,2,7,,,,,,
1771435998.378,0.1,,,,,,,,,,,,,,,0.1158,SAFE,,1,,t1944_0,0.50,NORMAL,LOCAL,SAFE: all tasks permitted (weight=0.50),
1771435998.378,0.1,49.17,4.8007,1.042,31.6,3,,,0.03781,0.0000,0.0000,0.2240,0.0000,0.3781,0.2662,0.1202,SAFE,False,1,8,,,,,,
1771435998.378,0.1,,,,,,,,,,,,,,,0.1202,SAFE,,0,,t1945_0,0.70,LOW,LOCAL,SAFE: all tasks permitted (weight=0.70),
1771435998.378,0.1,,,,,,,,,,,,,,,0.1202,SAFE,,0,,t1945_1,0.48,NORMAL,OFFLOAD,"Budget exhausted (B=0), offloading. Original: SAFE: all tasks permitted (weight=0.48)",
1771435998.378,0.1,49.67,4.7671,1.091,35.0,4,,,0.03207,0.0000,0.0000,0.3770,0.0000,0.3207,0.3053,0.1421,SAFE,False,0,9,,,,,,
1771435998.378,0.1,,,,,,,,,,,,,,,0.1421,SAFE,,0,,t1946_0,0.67,LOW,OFFLOAD,"Budget exhausted (B=0), offloading. Original: SAFE: all tasks permitted (weight=0.67)",
1771435998.378,0.1,49.03,4.7991,1.059,32.8,3,,,0.02686,0.0000,0.0000,0.2312,0.0000,0.2686,0.2746,0.1118,SAFE,False,0,9,,,,,,
1771435998.378,0.1,,,,,,,,,,,,,,,0.1118,SAFE,,0,,t1947_0,0.50,HIGH,OFFLOAD,"Budget exhausted (B=0), offloading. Original: SAFE: all tasks permitted (weight=0.50)",
1771435998.378,0.1,49.69,4.7774,1.030,30.7,3,,,0.02695,0.0000,0.0000,0.3300,0.0000,0.2695,0.2600,0.1218,SAFE,False,0,9,,,,,,
1771435998.378,0.1,49.84,4.7928,1.003,28.8,3,,,0.01663,0.0000,0.0000,0.2599,0.0000,0.1663,0.2464,0.0997,SAFE,False,9,0,,,,,,window_reset|B=9
1771435998.378,0.1,49.16,4.7974,0.978,27.0,2,,,0.01694,0.0000,0.0000,0.2390,0.0000,0.1694,0.2188,0.0918,SAFE,False,9,0,,,,,,
1771435998.378,0.1,49.45,4.8174,0.954,25.3,2,,,0.01914,0.0000,0.0000,0.1480,0.0000,0.1914,0.2070,0.0798,SAFE,False,9,0,,,,,,
1771435998.378,0.1,49.12,4.8314,0.932,23.7,2,,,0.02287,0.0000,0.0000,0.0848,0.0000,0.2287,0.1961,0.0731,SAFE,False,9,0,,,,,,
1771435998.378,0.1,49.30,4.8297,0.912,22.3,2,,,0.02426,0.0000,0.0000,0.0921,0.0000,0.2426,0.1860,0.0734,SAFE,False,9,0,,,,,,
1771435998.378,0.1,,,,,,,,,,,,,,,0.0734,SAFE,,8,,t1953_0,0.20,HIGH,LOCAL,SAFE: all tasks permitted (weight=0.20),
1771435998.378,0.1,48.70,4.8408,0.915,22.5,2,,,0.02550,0.0000,0.0000,0.0418,0.0000,0.2550,0.1875,0.0684,SAFE,False,8,1,,,,,,
1771435998.378,0.1,48.64,4.8671,0.896,21.1,2,,,0.02694,0.0000,0.0000,0.0000,0.0000,0.2694,0.1780,0.0625,SAFE,False,8,1,,,,,,
1771435998.378,0.1,,,,,,,,,,,,,,,0.0625,SAFE,,7,,t1955_0,0.31,NORMAL,LOCAL,SAFE: all tasks permitted (weight=0.31),
1771435998.378,0.1,,,,,,,,,,,,,,,0.0625,SAFE,,6,,t1955_1,0.71,LOW,LOCAL,SAFE: all tasks permitted (weight=0.71),
1771435998.378,0.1,48.69,4.8045,0.989,27.8,3,,,0.02694,0.0000,0.0000,0.2067,0.0000,0.2694,0.2395,0.1017,SAFE,False,6,3,,,,,,
1771435998.378,0.1,,,,,,,,,,,,,,,0.1017,SAFE,,5,,t1956_0,0.48,NORMAL,LOCAL,SAFE: all tasks permitted (weight=0.48),
1771435998.378,0.1,48.87,4.7968,1.017,29.8,3,,,0.02708,0.0000,0.0000,0.2418,0.0000,0.2708,0.2533,0.1092,SAFE,False,5,4,,,,,,
1771435998.378,0.1,,,,,,,,,,,,,,,0.1092,SAFE,,4,,t1957_0,0.50,LOW,LOCAL,SAFE: all tasks permitted (weight=0.50),
1771435998.378,0.1,49.21,4.7843,1.044,31.7,3,,,0.02515,0.0000,0.0000,0.2988,0.0000,0.2515,0.2671,0.1174,SAFE,False,4,5,,,,,,
1771435998.378,0.1,,,,,,,,,,,,,,,0.1174,SAFE,,3,,t1958_0,0.52,NORMAL,LOCAL,SAFE: all tasks permitted (weight=0.52),
1771435998.378,0.1,48.79,4.7809,1.073,33.8,3,,,0.02637,0.0000,0.0000,0.3142,0.0000,0.2637,0.2815,0.1235,SAFE,False,3,6,,,,,,
1771435998.378,0.1,,,,,,,,,,,,,,,0.1235,SAFE,,2,,t1959_0,0.27,CRITICAL,LOCAL,SAFE: all tasks permitted (weight=0.27),
1771435998.378,0.1,49.51,4.7752,1.072,33.7,3,,,0.02661,0.0000,0.0000,0.3400,0.0000,0.2661,0.2812,0.1270,SAFE,False,2,7,,,,,,
1771435998.378,0.1,48.57,4.7704,1.042,31.6,3,,,0.02846,0.0000,0.0000,0.3618,0.0000,0.2846,0.2661,0.1287,SAFE,False,2,7,,,,,,
1771435998.378,0.1,,,,,,,,,,,,,,,0.1287,SAFE,,1,,t1961_0,0.58,NORMAL,LOCAL,SAFE: all tasks permitted (weight=0.58),
1771435998.378,0.1,49.07,4.7469,1.077,34.1,3,,,0.03308,0.0000,0.0000,0.4689,0.0000,0.3308,0.2837,0.1508,SAFE,False,1,8,,,,,,
1771435998.378,0.1,,,,,,,,,,,,,,,0.1508,SAFE,,0,,t1962_0,0.29,CRITICAL,LOCAL,SAFE: all tasks permitted (weight=0.29),
1771435998.378,0.1,49.58,4.7953,1.078,34.1,3,,,0.03289,0.0000,0.0000,0.2485,0.0000,0.3289,0.2840,0.1220,SAFE,False,0,9,,,,,,
1771435998.378,0.1,48.92,4.8074,1.047,32.0,3,,,0.03175,0.0000,0.0000,0.1937,0.0000,0.3175,0.2687,0.1107,SAFE,False,8,0,,,,,,window_reset|B=8
1771435998.378,0.1,,,,,,,,,,,,,,,0.1107,SAFE,,7,,t1964_0,0.48,NORMAL,LOCAL,SAFE: all tasks permitted (weight=0.48),
1771435998.378,0.1,,,,,,,,,,,,,,,0.1107,SAFE,,6,,t1964_1,0.47,HIGH,LOCAL,SAFE: all tasks permitted (weight=0.47),
1771435998.378,0.1,49.60,4.7676,1.123,37.4,4,,,0.03153,0.0000,0.0000,0.3744,0.0000,0.3153,0.3216,0.1445,SAFE,False,6,2,,,,,,
1771435998.378,0.1,49.42,4.7659,1.090,35.0,3,,,0.02912,0.0000,0.0000,0.3821,0.0000,0.2912,0.2898,0.1368,SAFE,False,6,2,,,,,,
1771435998.378,0.1,,,,,,,,,,,,,,,0.1368,SAFE,,5,,t1966_0,0.32,HIGH,LOCAL,SAFE: all tasks permitted (weight=0.32),
1771435998.378,0.1,49.69,4.7762,1.093,35.2,4,,,0.01697,0.0000,0.0000,0.3354,0.0000,0.1697,0.3065,0.1219,SAFE,False,5,3,,,,,,
1771435998.378,0.1,49.33,4.7913,1.061,33.0,3,,,0.01579,0.0000,0.0000,0.2669,0.0000,0.1579,0.2757,0.1056,SAFE,False,5,3,,,,,,
1771435998.378,0.1,49.57,4.7895,1.032,30.9,3,,,0.01526,0.0000,0.0000,0.2751,0.0000,0.1526,0.2610,0.1032,SAFE,False,5,3,,,,,,
1771435998.378,0.1,,,,,,,,,,,,,,,0.1032,SAFE,,4,,t1969_0,0.65,NORMAL,LOCAL,SAFE: all tasks permitted (weight=0.65),
1771435998.378,0.1,49.27,4.7485,1.075,34.0,3,,,0.01733,0.0000,0.0000,0.4613,0.0000,0.1733,0.2827,0.1338,SAFE,False,4,4,,,,,,
1771435998.379,0.1,,,,,,,,,,,,,,,0.1338,SAFE,,3,,t1970_0,0.64,HIGH,LOCAL,SAFE: all tasks permitted (weight=0.64),
1771435998.379,0.1,49.83,4.7742,1.114,36.7,4,10017.844,-14.03304,0.01728,0.0000,1.0000,0.3445,1.0000,0.1728,0.3172,0.5755,WARNING,False,3,5,,,,,,
1771435998.379,0.1,,,,,,,,,,,,,,,0.5755,WARNING,,2,,t1971_0,0.25,NORMAL,LOCAL,WARNING: lightweight task permitted (weight=0.25 < 0.3),
1771435998.379,0.1,49.84,4.7817,1.109,36.4,4,36780.640,-17.05281,0.01736,0.0000,1.0000,0.3103,1.0000,0.1736,0.3146,0.5706,CRITICAL,False,2,6,,,,,,
1771435998.379,0.1,49.61,4.8210,1.076,34.0,3,231.470,35.46687,0.02116,0.0000,1.0000,0.1318,0.0000,0.2116,0.2832,0.3449,WARNING,False,2,6,,,,,,
1771435998.379,0.1,50.54,4.8031,1.046,31.9,3,44438.400,24.70313,0.01934,0.0000,1.0000,0.2132,0.0000,0.1934,0.2680,0.3507,WARNING,False,2,6,,,,,,
1771435998.379,0.1,,,,,,,,,,,,,,,0.3507,WARNING,,2,,t1974_0,0.57,HIGH,OFFLOAD,WARNING: heavy task offloaded (weight=0.57 >= 0.3),
1771435998.379,0.1,50.66,4.7932,1.018,29.8,3,38823.500,11.32038,0.01926,0.0000,1.0000,0.2580,0.0000,0.1926,0.2539,0.3536,WARNING,False,2,6,,,,,,
1771435998.379,0.1,,,,,,,,,,,,,,,0.3536,WARNING,,2,,t1975_0,0.50,LOW,OFFLOAD,WARNING: heavy task offloaded (weight=0.50 >= 0.3),
1771435998.379,0.1,50.36,4.7566,0.991,28.0,3,41011.406,-23.04247,0.01945,0.0000,1.0000,0.4245,1.0000,0.1945,0.2407,0.5728,CRITICAL,False,2,6,,,,,,
1771435998.379,0.1,50.16,4.8030,0.967,26.2,2,23204.650,8.96385,0.01991,0.0000,1.0000,0.2138,0.0000,0.1991,0.2135,0.3404,WARNING,False,2,6,,,,,,
1771435998.379,0.1,50.12,4.8226,0.944,24.6,2,33879.382,49.26875,0.02178,0.0000,1.0000,0.1243,0.0000,0.2178,0.2021,0.3284,WARNING,False,2,6,,,,,,
1771435998.379,0.1,50.43,4.7857,0.923,23.1,2,,,0.02149,0.0000,0.0000,0.2925,0.0000,0.2149,0.1916,0.0978,SAFE,False,9,0,,,,,,window_reset|B=9
1771435998.379,0.1,,,,,,,,,,,,,,,0.0978,SAFE,,8,,t1979_0,0.32,NORMAL,LOCAL,SAFE: all tasks permitted (weight=0.32),
1771435998.379,0.1,50.25,4.8107,0.938,24.1,2,,,0.02230,0.0000,0.0000,0.1785,0.0000,0.2230,0.1990,0.0853,SAFE,False,8,1,,,,,,
1771435998.379,0.1,49.09,4.8450,0.917,22.7,2,,,0.02684,0.0000,0.0000,0.0227,0.0000,0.2684,0.1886,0.0675,SAFE,False,8,1,,,,,,
1771435998.379,0.1,,,,,,,,,,,,,,,0.0675,SAFE,,7,,t1981_0,0.31,NORMAL,LOCAL,SAFE: all tasks permitted (weight=0.31),
1771435998.379,0.1,49.13,4.8115,0.932,23.7,2,,,0.02304,0.0000,0.0000,0.1750,0.0000,0.2304,0.1960,0.0850,SAFE,False,7,2,,,,,,
1771435998.379,0.1,49.59,4.8345,0.912,22.3,2,,,0.02330,0.0000,0.0000,0.0704,0.0000,0.2330,0.1858,0.0696,SAFE,False,7,2,,,,,,
1771435998.379,0.1,49.26,4.8306,0.893,20.9,2,,,0.02301,0.0000,0.0000,0.0882,0.0000,0.2301,0.1764,0.0698,SAFE,False,7,2,,,,,,
1771435998.379,0.1,,,,,,,,,,,,,,,0.0698,SAFE,,6,,t1984_0,0.34,LOW,LOCAL,SAFE: all tasks permitted (weight=0.34),
1771435998.379,0.1,49.38,4.8140,0.912,22.3,2,,,0.02281,0.0000,0.0000,0.1637,0.0000,0.2281,0.1860,0.0813,SAFE,False,6,3,,,,,,
1771435998.379,0.1,49.07,4.7578,0.893,20.9,2,,,0.02690,0.0000,0.0000,0.4193,0.0000,0.2690,0.1765,0.1167,SAFE,False,6,3,,,,,,
1771435998.379,0.1,49.56,4.8274,0.876,19.7,2,,,0.02726,0.0000,0.0000,0.1027,0.0000,0.2726,0.1678,0.0742,SAFE,False,6,3,,,,,,
1771435998.379,0.1,,,,,,,,,,,,,,,0.0742,SAFE,,5,,t1987_0,0.84,LOW,LOCAL,SAFE: all tasks permitted (weight=0.84),
1771435998.379,0.1,48.61,4.7839,0.952,25.1,2,,,0.02377,0.0000,0.0000,0.3002,0.0000,0.2377,0.2059,0.1040,SAFE,False,5,4,,,,,,
1771435998.379,0.1,48.44,4.8217,0.930,23.6,2,,,0.02383,0.0000,0.0000,0.1288,0.0000,0.2383,0.1950,0.0796,SAFE,False,5,4,,,,,,
1771435998.379,0.1,,,,,,,,,,,,,,,0.0796,SAFE,,4,,t1989_0,0.50,LOW,LOCAL,SAFE: all tasks permitted (weight=0.50),
1771435998.379,0.1,49.05,4.8206,0.965,26.0,2,,,0.02376,0.0000,0.0000,0.1334,0.0000,0.2376,0.2123,0.0836,SAFE,False,4,5,,,,,,
1771435998.379,0.1,,,,,,,,,,,,,,,0.0836,SAFE,,3,,t1990_0,0.39,NORMAL,LOCAL,SAFE: all tasks permitted (weight=0.39),
1771435998.379,0.1,49.32,4.8173,0.984,27.5,3,,,0.02242,0.0000,0.0000,0.1487,0.0000,0.2242,0.2372,0.0892,SAFE,False,3,6,,,,,,
1771435998.379,0.1,48.29,4.7976,0.960,25.7,2,,,0.02289,0.0000,0.0000,0.2382,0.0000,0.2289,0.2102,0.0959,SAFE,False,3,6,,,,,,
1771435998.379,0.1,48.33,4.8222,0.938,24.1,2,,,0.02107,0.0000,0.0000,0.1263,0.0000,0.2107,0.1990,0.0773,SAFE,False,3,6,,,,,,
1771435998.379,0.1,48.32,4.8230,0.917,22.7,2,,,0.02131,0.0000,0.0000,0.1228,0.0000,0.2131,0.1887,0.0750,SAFE,False,9,0,,,,,,window_reset|B=9
1771435998.380,0.1,48.68,4.8354,0.898,21.3,2,-52265.341,7.92975,0.02139,0.0000,0.0000,0.0663,0.0000,0.2139,0.1790,0.0658,SAFE,False,9,0,,,,,,
1771435998.380,0.1,,,,,,,,,,,,,,,0.0658,SAFE,,8,,t1995_0,0.84,LOW,LOCAL,SAFE: all tasks permitted (weight=0.84),
1771435998.380,0.1,48.73,4.8021,0.972,26.6,2,7274.665,17.92504,0.02083,0.0000,1.0000,0.2178,0.0000,0.2083,0.2161,0.3424,WARNING,False,8,1,,,,,,
1771435998.380,0.1,48.53,4.8332,0.949,24.9,2,5308.548,11.45647,0.02178,0.0000,1.0000,0.0762,0.0000,0.2178,0.2046,0.3226,WARNING,False,8,1,,,,,,
1771435998.380,0.1,48.37,4.8332,0.928,23.4,2,-40547.514,12.38327,0.01513,0.0000,0.0000,0.0765,0.0000,0.1513,0.1938,0.0638,SAFE,False,8,1,,,,,,
1771435998.380,0.1,48.78,4.8199,0.908,22.0,2,-32411.021,2.56141,0.01489,0.0000,0.0000,0.1369,0.0000,0.1489,0.1838,0.0695,SAFE,False,8,1,,,,,,
1771435998.380,0.1,,,,,,,,,,,,,,,0.0695,SAFE,,7,,t1999_0,0.20,NORMAL,LOCAL,SAFE: all tasks permitted (weight=0.20),
1771435998.380,0.1,48.43,4.8334,0.911,22.2,2,8508.098,35.39847,0.01148,0.0000,1.0000,0.0755,0.0000,0.1148,0.1857,0.3084,WARNING,False,7,2,,,,,,
1771435998.380,0.1,,,,,,,,,,,,,,,0.3084,WARNING,,7,,t2000_0,0.61,NORMAL,OFFLOAD,WARNING: heavy task offloaded (weight=0.61 >= 0.3),
1771435998.380,0.1,47.70,4.8231,0.892,20.9,2,-37308.360,0.84564,0.01149,0.0000,0.0000,0.1224,0.0000,0.1149,0.1762,0.0626,SAFE,False,7,2,,,,,,
1771435998.380,0.1,,,,,,,,,,,,,,,0.0626,SAFE,,6,,t2001_0,0.67,HIGH,LOCAL,SAFE: all tasks permitted (weight=0.67),
1771435998.380,0.1,48.16,4.8019,0.949,24.9,2,-9524.570,-20.89377,0.01274,0.0000,0.0000,0.2189,1.0000,0.1274,0.2043,0.2821,WARNING,False,6,3,,,,,,
1771435998.380,0.1,48.16,4.8143,0.927,23.4,2,,,0.01283,0.0000,0.0000,0.1622,0.0000,0.1283,0.1936,0.0726,SAFE,False,6,3,,,,,,
1771435998.380,0.1,48.17,4.8252,0.907,21.9,2,,,0.01095,0.0000,0.0000,0.1129,0.0000,0.1095,0.1836,0.0624,SAFE,False,6,3,,,,,,
1771435998.380,0.1,,,,,,,,,,,,,,,0.0624,SAFE,,5,,t2004_0,0.78,LOW,LOCAL,SAFE: all tasks permitted (weight=0.78),
1771435998.380,0.1,,,,,,,,,,,,,,,0.0624,SAFE,,4,,t2004_1,0.80,HIGH,LOCAL,SAFE: all tasks permitted (weight=0.80),
1771435998.380,0.1,48.01,4.7981,1.063,33.1,3,,,0.01282,0.0000,0.0000,0.2359,0.0000,0.1282,0.2764,0.0988,SAFE,False,4,5,,,,,,
1771435998.380,0.1,48.43,4.7854,1.033,31.0,3,,,0.01596,0.0000,0.0000,0.2935,0.0000,0.1596,0.2617,0.1064,SAFE,False,4,5,,,,,,
1771435998.380,0.1,,,,,,,,,,,,,,,0.1064,SAFE,,3,,t2006_0,0.39,LOW,LOCAL,SAFE: all tasks permitted (weight=0.39),
1771435998.380,0.1,48.43,4.7975,1.049,32.1,3,,,0.01577,0.0000,0.0000,0.2386,0.0000,0.1577,0.2696,0.1007,SAFE,False,3,6,,,,,,
1771435998.380,0.1,,,,,,,,,,,,,,,0.1007,SAFE,,2,,t2007_0,0.27,HIGH,LOCAL,SAFE: all tasks permitted (weight=0.27),
1771435998.380,0.1,48.05,4.7611,1.051,32.2,3,,,0.02139,0.0000,0.0000,0.4039,0.0000,0.2139,0.2703,0.1280,SAFE,False,2,7,,,,,,
1771435998.380,0.1,,,,,,,,,,,,,,,0.1280,SAFE,,1,,t2008_0,0.48,HIGH,LOCAL,SAFE: all tasks permitted (weight=0.48),
1771435998.380,0.1,48.21,4.7722,1.075,33.9,3,,,0.02260,0.0000,0.0000,0.3534,0.0000,0.2260,0.2824,0.1250,SAFE,False,8,0,,,,,,window_reset|B=8
1771435998.380,0.1,,,,,,,,,,,,,,,0.1250,SAFE,,7,,t2009_0,0.38,LOW,LOCAL,SAFE: all tasks permitted (weight=0.38),
1771435998.380,0.1,48.95,4.7885,1.087,34.8,3,,,0.02138,0.0000,0.0000,0.2797,0.0000,0.2138,0.2884,0.1154,SAFE,False,7,1,,,,,,
1771435998.380,0.1,,,,,,,,,,,,,,,0.1154,SAFE,,6,,t2010_0,0.28,LOW,LOCAL,SAFE: all tasks permitted (weight=0.28),
1771435998.380,0.1,49.09,4.7332,1.087,34.8,3,,,0.02772,0.0000,0.0000,0.5309,0.0000,0.2772,0.2883,0.1544,SAFE,False,6,2,,,,,,
1771435998.380,0.1,48.77,4.7995,1.055,32.5,3,,,0.02523,0.0000,0.0000,0.2293,0.0000,0.2523,0.2727,0.1096,SAFE,False,6,2,,,,,,
1771435998.380,0.1,,,,,,,,,,,,,,,0.1096,SAFE,,5,,t2012_0,0.80,CRITICAL,LOCAL,SAFE: all tasks permitted (weight=0.80),
1771435998.381,0.1,49.33,4.7485,1.115,36.8,4,121040.417,-75.73282,0.02590,0.0000,1.0000,0.4612,1.0000,0.2590,0.3174,0.5993,WARNING,False,5,3,,,,,,
1771435998.381,0.1,48.85,4.8012,1.082,34.4,3,38529.954,24.05268,0.02586,0.0000,1.0000,0.2219,0.0000,0.2586,0.2859,0.3619,WARNING,False,5,3,,,,,,
1771435998.381,0.1,,,,,,,,,,,,,,,0.3619,WARNING,,5,,t2014_0,0.66,LOW,OFFLOAD,WARNING: heavy task offloaded (weight=0.66 >= 0.3),
1771435998.381,0.1,49.26,4.7724,1.051,32.2,3,75477.594,-38.38764,0.02452,0.0000,1.0000,0.3528,1.0000,0.2452,0.2705,0.5745,CRITICAL,False,5,3,,,,,,
1771435998.381,0.1,,,,,,,,,,,,,,,0.5745,CRITICAL,,5,,t2015_0,0.26,LOW,OFFLOAD,CRITICAL: non-critical task offloaded (priority=LOW),
1771435998.381,0.1,49.33,4.8035,1.022,30.2,3,117684.065,64.67501,0.02193,0.0000,1.0000,0.2115,0.0000,0.2193,0.2562,0.3507,WARNING,False,5,3,,,,,,
1771435998.381,0.1,49.28,4.8068,0.996,28.3,3,98038.565,52.75509,0.02264,0.0000,1.0000,0.1965,0.0000,0.2264,0.2429,0.3468,WARNING,False,5,3,,,,,,
1771435998.381,0.1,,,,,,,,,,,,,,,0.3468,WARNING,,5,,t2017_0,0.71,NORMAL,OFFLOAD,WARNING: heavy task offloaded (weight=0.71 >= 0.3),
1771435998.381,0.1,,,,,,,,,,,,,,,0.3468,WARNING,,5,,t2017_1,0.74,CRITICAL,OFFLOAD,WARNING: heavy task offloaded (weight=0.74 >= 0.3),
1771435998.381,0.1,49.19,4.8016,0.971,26.5,2,22548.483,20.04022,0.02334,0.0000,1.0000,0.2200,0.0000,0.2334,0.2155,0.3450,WARNING,False,5,3,,,,,,
1771435998.381,0.1,,,,,,,,,,,,,,,0.3450,WARNING,,4,,t2018_0,0.28,HIGH,LOCAL,WARNING: lightweight task permitted (weight=0.28 < 0.3),
1771435998.381,0.1,49.15,4.8009,0.979,27.1,3,5611.156,103.46076,0.02355,0.0000,1.0000,0.2231,0.0000,0.2355,0.2344,0.3494,WARNING,False,4,4,,,,,,
1771435998.381,0.1,,,,,,,,,,,,,,,0.3494,WARNING,,4,,t2019_0,0.59,CRITICAL,OFFLOAD,WARNING: heavy task offloaded (weight=0.59 >= 0.3),
1771435998.381,0.1,49.20,4.7927,0.955,25.4,2,39263.391,-10.52806,0.02277,0.0000,1.0000,0.2607,1.0000,0.2277,0.2076,0.5482,WARNING,False,4,4,,,,,,
1771435998.381,0.1,,,,,,,,,,,,,,,0.5482,WARNING,,4,,t2020_0,0.32,NORMAL,OFFLOAD,WARNING: heavy task offloaded (weight=0.32 >= 0.3),
1771435998.381,0.1,49.21,4.8285,0.933,23.8,2,,,0.02530,0.0000,0.0000,0.0976,0.0000,0.2530,0.1967,0.0773,SAFE,False,4,4,,,,,,
1771435998.381,0.1,48.70,4.8013,0.913,22.4,2,,,0.02549,0.0000,0.0000,0.2212,0.0000,0.2549,0.1865,0.0915,SAFE,False,4,4,,,,,,
1771435998.381,0.1,,,,,,,,,,,,,,,0.0915,SAFE,,3,,t2022_0,0.55,LOW,LOCAL,SAFE: all tasks permitted (weight=0.55),
1771435998.381,0.1,49.09,4.8074,0.955,25.4,2,,,0.01891,0.0000,0.0000,0.1937,0.0000,0.1891,0.2077,0.0856,SAFE,False,3,5,,,,,,
1771435998.381,0.1,48.97,4.8346,0.933,23.8,2,,,0.02159,0.0000,0.0000,0.0700,0.0000,0.2159,0.1967,0.0700,SAFE,False,9,0,,,,,,window_reset|B=9
1771435998.381,0.1,,,,,,,,,,,,,,,0.0700,SAFE,,8,,t2024_0,0.76,LOW,LOCAL,SAFE: all tasks permitted (weight=0.76),
1771435998.381,0.1,49.27,4.7653,0.997,28.3,3,,,0.01855,0.0000,0.0000,0.3851,0.0000,0.1855,0.2434,0.1173,SAFE,False,8,1,,,,,,
1771435998.381,0.1,48.75,4.8163,0.972,26.6,2,,,0.01901,0.0000,0.0000,0.1531,0.0000,0.1901,0.2160,0.0821,SAFE,False,8,1,,,,,,
1771435998.381,0.1,,,,,,,,,,,,,,,0.0821,SAFE,,7,,t2026_0,0.31,LOW,LOCAL,SAFE: all tasks permitted (weight=0.31),
1771435998.381,0.1,48.81,4.7918,0.983,27.4,3,,,0.01710,0.0000,0.0000,0.2645,0.0000,0.1710,0.2366,0.0988,SAFE,False,7,2,,,,,,
1771435998.381,0.1,,,,,,,,,,,,,,,0.0988,SAFE,,6,,t2027_0,0.43,CRITICAL,LOCAL,SAFE: all tasks permitted (weight=0.43),
1771435998.381,0.1,49.18,4.8121,1.007,29.1,3,,,0.01723,0.0000,0.0000,0.1723,0.0000,0.1723,0.2484,0.0893,SAFE,False,6,3,,,,,,
1771435998.381,0.1,,,,,,,,,,,,,,,0.0893,SAFE,,5,,t2028_0,0.60,LOW,LOCAL,SAFE: all tasks permitted (weight=0.60),
1771435998.381,0.1,48.97,4.7985,1.048,32.0,3,,,0.01731,0.0000,0.0000,0.2340,0.0000,0.1731,0.2688,0.1015,SAFE,False,5,4,,,,,,
1771435998.381,0.1,49.26,4.7808,1.019,29.9,3,,,0.01849,0.0000,0.0000,0.3147,0.0000,0.1849,0.2546,0.1103,SAFE,False,5,4,,,,,,
1771435998.381,0.1,,,,,,,,,,,,,,,0.1103,SAFE,,4,,t2030_0,0.70,LOW,LOCAL,SAFE: all tasks permitted (weight=0.70),
1771435998.381,0.1,49.21,4.7868,1.071,33.6,3,,,0.01900,0.0000,0.0000,0.2875,0.0000,0.1900,0.2804,0.1124,SAFE,False,4,5,,,,,,
1771435998.381,0.1,,,,,,,,,,,,,,,0.1124,SAFE,,3,,t2031_0,0.62,HIGH,LOCAL,SAFE: all tasks permitted (weight=0.62),
1771435998.381,0.1,49.09,4.7486,1.110,36.4,4,,,0.02394,0.0000,0.0000,0.4610,0.0000,0.2394,0.3150,0.1469,SAFE,False,3,6,,,,,,
1771435998.381,0.1,,,,,,,,,,,,,,,0.1469,SAFE,,2,,t2032_0,0.57,HIGH,LOCAL,SAFE: all tasks permitted (weight=0.57),
1771435998.381,0.1,48.62,4.7770,1.141,38.6,4,,,0.02260,0.0000,0.0000,0.3317,0.0000,0.2260,0.3304,0.1318,SAFE,False,2,7,,,,,,
1771435998.381,0.1,,,,,,,,,,,,,,,0.1318,SAFE,,1,,t2033_0,0.82,NORMAL,LOCAL,SAFE: all tasks permitted (weight=0.82),
1771435998.381,0.1,49.35,4.7585,1.197,42.6,4,,,0.02438,0.0000,0.0000,0.4161,0.0000,0.2438,0.3584,0.1502,SAFE,False,1,8,,,,,,
1771435998.381,0.1,,,,,,,,,,,,,,,0.1502,SAFE,,0,,t2034_0,0.36,NORMAL,LOCAL,SAFE: all tasks permitted (weight=0.36),
1771435998.381,0.1,49.76,4.7514,1.198,42.7,4,,,0.02588,0.0000,0.0000,0.4480,0.0000,0.2588,0.3591,0.1559,SAFE,False,0,9,,,,,,
1771435998.381,0.1,50.00,4.7594,1.159,40.0,4,,,0.02195,0.0000,0.0000,0.4119,0.0000,0.2195,0.3397,0.1434,SAFE,False,0,9,,,,,,
1771435998.381,0.1,50.05,4.7309,1.123,37.4,4,,,0.02548,0.0000,0.0000,0.5411,0.0000,0.2548,0.3215,0.1601,SAFE,False,0,9,,,,,,
1771435998.381,0.1,,,,,,,,,,,,,,,0.1601,SAFE,,0,,t2037_0,0.63,HIGH,OFFLOAD,"Budget exhausted (B=0), offloading. Original: SAFE: all tasks permitted (weight=0.63)",
1771435998.381,0.1,50.34,4.7769,1.089,35.0,3,,,0.02243,0.0000,0.0000,0.3322,0.0000,0.2243,0.2897,0.1236,SAFE,False,0,9,,,,,,
1771435998.381,0.1,,,,,,,,,,,,,,,0.1236,SAFE,,0,,t2038_0,0.83,CRITICAL,OFFLOAD,"Budget exhausted (B=0), offloading. Original: SAFE: all tasks permitted (weight=0.83)",
1771435998.381,0.1,50.04,4.8083,1.058,32.7,3,,,0.02401,0.0000,0.0000,0.1897,0.0000,0.2401,0.2741,0.1035,SAFE,False,8,0,,,,,,window_reset|B=8
1771435998.382,0.1,50.45,4.7885,1.029,30.6,3,79312.211,38.99170,0.02167,0.0000,1.0000,0.2793,0.0000,0.2167,0.2595,0.3599,WARNING,False,8,0,,,,,,
1771435998.382,0.1,49.96,4.8345,1.002,28.7,3,78026.674,56.10428,0.02696,0.0000,1.0000,0.0704,0.0000,0.2696,0.2459,0.3353,WARNING,False,8,0,,,,,,
1771435998.382,0.1,50.58,4.8222,0.977,26.9,2,71531.240,62.19747,0.02995,0.0000,1.0000,0.1263,0.0000,0.2995,0.2183,0.3400,WARNING,False,8,0,,,,,,
1771435998.382,0.1,49.90,4.8041,0.953,25.2,2,8273.364,51.39159,0.03072,0.0000,1.0000,0.2086,0.0000,0.3072,0.2066,0.3492,WARNING,False,8,0,,,,,,
1771435998.382,0.1,49.75,4.8207,0.931,23.7,2,-14804.270,59.81663,0.03103,0.0000,0.0000,0.1333,0.0000,0.3103,0.1957,0.0875,SAFE,False,8,0,,,,,,
1771435998.382,0.1,49.71,4.8205,0.911,22.2,2,-19892.033,87.37684,0.03228,0.0000,0.0000,0.1341,0.0000,0.3228,0.1856,0.0868,SAFE,False,8,0,,,,,,
1771435998.382,0.1,49.32,4.8451,0.892,20.9,2,-59897.490,66.55403,0.03413,0.0000,0.0000,0.0222,0.0000,0.3413,0.1762,0.0723,SAFE,False,8,0,,,,,,
1771435998.382,0.1,,,,,,,,,,,,,,,0.0723,SAFE,,7,,t2046_0,0.49,HIGH,LOCAL,SAFE: all tasks permitted (weight=0.49),
1771435998.382,0.1,,,,,,,,,,,,,,,0.0723,SAFE,,6,,t2046_1,0.67,NORMAL,LOCAL,SAFE: all tasks permitted (weight=0.67),
1771435998.382,0.1,50.38,4.7765,1.004,28.8,3,19888.034,-31.01262,0.03199,0.0000,1.0000,0.3341,1.0000,0.3199,0.2469,0.5748,WARNING,False,6,2,,,,,,
1771435998.382,0.1,,,,,,,,,,,,,,,0.5748,WARNING,,6,,t2047_0,0.64,NORMAL,OFFLOAD,WARNING: heavy task offloaded (weight=0.64 >= 0.3),
1771435998.382,0.1,49.87,4.8033,0.979,27.0,3,,,0.02968,0.0000,0.0000,0.2121,0.0000,0.2968,0.2343,0.1041,SAFE,False,6,2,,,,,,
1771435998.382,0.1,,,,,,,,,,,,,,,0.1041,SAFE,,5,,t2048_0,0.27,LOW,LOCAL,SAFE: all tasks permitted (weight=0.27),
1771435998.382,0.1,49.73,4.8040,0.985,27.5,3,,,0.02038,0.0000,0.0000,0.2092,0.0000,0.2038,0.2374,0.0951,SAFE,False,5,3,,,,,,
1771435998.382,0.1,,,,,,,,,,,,,,,0.0951,SAFE,,4,,t2049_0,0.47,NORMAL,LOCAL,SAFE: all tasks permitted (weight=0.47),
1771435998.382,0.1,49.55,4.7811,1.014,29.5,3,,,0.01986,0.0000,0.0000,0.3131,0.0000,0.1986,0.2518,0.1109,SAFE,False,4,4,,,,,,
1771435998.382,0.1,49.35,4.7961,0.988,27.7,3,,,0.02018,0.0000,0.0000,0.2449,0.0000,0.2018,0.2388,0.0998,SAFE,False,4,4,,,,,,
1771435998.382,0.1,,,,,,,,,,,,,,,0.0998,SAFE,,3,,t2051_0,0.46,NORMAL,LOCAL,SAFE: all tasks permitted (weight=0.46),
1771435998.382,0.1,49.38,4.7808,1.014,29.6,3,,,0.02091,0.0000,0.0000,0.3147,0.0000,0.2091,0.2522,0.1123,SAFE,False,3,5,,,,,,
1771435998.382,0.1,,,,,,,,,,,,,,,0.1123,SAFE,,2,,t2052_0,0.68,NORMAL,LOCAL,SAFE: all tasks permitted (weight=0.68),
1771435998.382,0.1,49.39,4.7686,1.064,33.2,3,,,0.02171,0.0000,0.0000,0.3698,0.0000,0.2171,0.2772,0.1252,SAFE,False,2,6,,,,,,
1771435998.382,0.1,49.56,4.8213,1.035,31.1,3,,,0.02164,0.0000,0.0000,0.1305,0.0000,0.2164,0.2624,0.0911,SAFE,False,9,0,,,,,,window_reset|B=9
1771435998.382,0.1,,,,,,,,,,,,,,,0.0911,SAFE,,8,,t2054_0,0.63,NORMAL,LOCAL,SAFE: all tasks permitted (weight=0.63),
1771435998.382,0.1,,,,,,,,,,,,,,,0.0911,SAFE,,7,,t2054_1,0.34,LOW,LOCAL,SAFE: all tasks permitted (weight=0.34),
1771435998.382,0.1,49.77,4.7904,1.116,36.8,4,,,0.02185,0.0000,0.0000,0.2711,0.0000,0.2185,0.3178,0.1206,SAFE,False,7,2,,,,,,
1771435998.382,0.1,,,,,,,,,,,,,,,0.1206,SAFE,,6,,t2055_0,0.71,LOW,LOCAL,SAFE: all tasks permitted (weight=0.71),
1771435998.382,0.1,50.02,4.7596,1.161,40.1,4,,,0.02364,0.0000,0.0000,0.4108,0.0000,0.2364,0.3406,0.1452,SAFE,False,6,3,,,,,,
1771435998.382,0.1,50.45,4.7754,1.125,37.5,4,,,0.02296,0.0000,0.0000,0.3391,0.0000,0.2296,0.3224,0.1315,SAFE,False,6,3,,,,,,
1771435998.382,0.1,,,,,,,,,,,,,,,0.1315,SAFE,,5,,t2057_0,0.73,LOW,LOCAL,SAFE: all tasks permitted (weight=0.73),
1771435998.382,0.1,49.87,4.7704,1.173,40.9,4,,,0.01703,0.0000,0.0000,0.3617,0.0000,0.1703,0.3463,0.1333,SAFE,False,5,4,,,,,,
1771435998.382,0.1,50.22,4.7531,1.135,38.2,4,,,0.01917,0.0000,0.0000,0.4406,0.0000,0.1917,0.3277,0.1420,SAFE,False,5,4,,,,,,
1771435998.382,0.1,50.40,4.7349,1.101,35.8,4,,,0.02239,0.0000,0.0000,0.5232,0.0000,0.2239,0.3105,0.1525,SAFE,False,5,4,,,,,,
1771435998.382,0.1,,,,,,,,,,,,,,,0.1525,SAFE,,4,,t2060_0,0.82,HIGH,LOCAL,SAFE: all tasks permitted (weight=0.82),
1771435998.382,0.1,50.67,4.7813,1.161,40.1,4,,,0.02103,0.0000,0.0000,0.3124,0.0000,0.2103,0.3404,0.1297,SAFE,False,4,5,,,,,,
1771435998.382,0.1,50.61,4.7818,1.125,37.5,4,,,0.02105,0.0000,0.0000,0.3098,0.0000,0.2105,0.3223,0.1258,SAFE,False,4,5,,,,,,
1771435998.382,0.1,,,,,,,,,,,,,,,0.1258,SAFE,,3,,t2062_0,0.66,NORMAL,LOCAL,SAFE: all tasks permitted (weight=0.66),
1771435998.382,0.1,50.06,4.7360,1.165,40.3,4,,,0.02278,0.0000,0.0000,0.5184,0.0000,0.2278,0.3424,0.1587,SAFE,False,3,6,,,,,,
1771435998.382,0.1,50.26,4.7805,1.128,37.7,4,,,0.02277,0.0000,0.0000,0.3159,0.0000,0.2277,0.3241,0.1287,SAFE,False,3,6,,,,,,
1771435998.382,0.1,,,,,,,,,,,,,,,0.1287,SAFE,,2,,t2064_0,0.21,NORMAL,LOCAL,SAFE: all tasks permitted (weight=0.21),
1771435998.382,0.1,50.83,4.7833,1.117,37.0,4,,,0.02300,0.0000,0.0000,0.3030,0.0000,0.2300,0.3187,0.1261,SAFE,False,2,7,,,,,,
1771435998.382,0.1,,,,,,,,,,,,,,,0.1261,SAFE,,1,,t2065_0,0.61,LOW,LOCAL,SAFE: all tasks permitted (weight=0.61),
1771435998.382,0.1,51.43,4.7602,1.153,39.5,4,,,0.01777,0.0000,0.0000,0.4083,0.0000,0.1777,0.3365,0.1381,SAFE,False,1,8,,,,,,
1771435998.382,0.1,50.97,4.7951,1.117,36.9,4,,,0.01832,0.0000,0.0000,0.2498,0.0000,0.1832,0.3186,0.1145,SAFE,False,1,8,,,,,,
1771435998.382,0.1,51.48,4.7988,1.084,34.6,3,,,0.02002,0.0000,0.0000,0.2326,0.0000,0.2002,0.2870,0.1076,SAFE,False,1,8,,,,,,
1771435998.382,0.1,,,,,,,,,,,,,,,0.1076,SAFE,,0,,t2068_0,0.65,NORMAL,LOCAL,SAFE: all tasks permitted (weight=0.65),
1771435998.382,0.1,51.59,4.7827,1.125,37.5,4,,,0.02025,0.0000,0.0000,0.3061,0.0000,0.2025,0.3227,0.1246,SAFE,False,8,0,,,,,,window_reset|B=8
1771435998.382,0.1,51.13,4.7487,1.092,35.1,4,,,0.02122,0.0000,0.0000,0.4604,0.0000,0.2122,0.3058,0.1422,SAFE,False,8,0,,,,,,
1771435998.383,0.1,,,,,,,,,,,,,,,0.1422,SAFE,,7,,t2070_0,0.64,HIGH,LOCAL,SAFE: all tasks permitted (weight=0.64),
1771435998.383,0.1,51.58,4.7407,1.132,38.0,4,89020.506,4.65474,0.02227,0.0000,1.0000,0.4967,0.0000,0.2227,0.3259,0.4020,WARNING,False,7,1,,,,,,
1771435998.383,0.1,,,,,,,,,,,,,,,0.4020,WARNING,,7,,t2071_0,0.57,LOW,OFFLOAD,WARNING: heavy task offloaded (weight=0.57 >= 0.3),
1771435998.383,0.1,50.61,4.7720,1.097,35.5,4,20341.056,-8.31817,0.01981,0.0000,1.0000,0.3546,1.0000,0.1981,0.3087,0.5777,CRITICAL,False,7,1,,,,,,
1771435998.383,0.1,,,,,,,,,,,,,,,0.5777,CRITICAL,,6,,t2072_0,0.48,CRITICAL,LOCAL,CRITICAL: mission-critical task permitted locally (priority=CRITICAL),
1771435998.383,0.1,50.97,4.8096,1.119,37.1,4,8417.304,25.63577,0.02233,0.0000,1.0000,0.1837,0.0000,0.2233,0.3196,0.3601,WARNING,False,6,2,,,,,,
1771435998.383,0.1,51.58,4.7760,1.086,34.7,3,9042.102,15.42368,0.02222,0.0000,1.0000,0.3366,0.0000,0.2222,0.2879,0.3736,WARNING,False,6,2,,,,,,
1771435998.383,0.1,,,,,,,,,,,,,,,0.3736,WARNING,,6,,t2074_0,0.37,LOW,OFFLOAD,WARNING: heavy task offloaded (weight=0.37 >= 0.3),
1771435998.383,0.1,,,,,,,,,,,,,,,0.3736,WARNING,,5,,t2074_1,0.30,HIGH,LOCAL,WARNING: lightweight task permitted (weight=0.30 < 0.3),
1771435998.383,0.1,51.24,4.8003,1.088,34.9,3,15302.150,5.16027,0.02015,0.0000,1.0000,0.2258,0.0000,0.2015,0.2891,0.3573,WARNING,False,5,3,,,,,,
1771435998.383,0.1,51.73,4.7720,1.057,32.6,3,14720.984,-26.23632,0.02023,0.0000,1.0000,0.3546,1.0000,0.2023,0.2735,0.5710,CRITICAL,False,5,3,,,,,,
1771435998.383,0.1,51.32,4.8060,1.028,30.6,3,-15671.699,22.80845,0.02163,0.0000,0.0000,0.2000,0.0000,0.2163,0.2590,0.0994,WARNING,False,5,3,,,,,,
1771435998.383,0.1,,,,,,,,,,,,,,,0.0994,WARNING,,5,,t2077_0,0.80,NORMAL,OFFLOAD,WARNING: heavy task offloaded (weight=0.80 >= 0.3),
1771435998.383,0.1,51.30,4.7880,1.001,28.6,3,9944.288,38.36626,0.02083,0.0000,1.0000,0.2820,0.0000,0.2083,0.2455,0.3566,WARNING,False,5,3,,,,,,
1771435998.383,0.1,50.77,4.7851,0.976,26.8,2,,,0.02051,0.0000,0.0000,0.2952,0.0000,0.2051,0.2179,0.1025,SAFE,False,5,3,,,,,,
1771435998.383,0.1,,,,,,,,,,,,,,,0.1025,SAFE,,4,,t2079_0,0.34,HIGH,LOCAL,SAFE: all tasks permitted (weight=0.34),
1771435998.383,0.1,51.16,4.8182,0.990,27.9,3,,,0.02247,0.0000,0.0000,0.1444,0.0000,0.2247,0.2402,0.0893,SAFE,False,4,4,,,,,,
1771435998.383,0.1,,,,,,,,,,,,,,,0.0893,SAFE,,3,,t2080_0,0.75,NORMAL,LOCAL,SAFE: all tasks permitted (weight=0.75),
1771435998.383,0.1,51.10,4.8045,1.051,32.2,3,14218.835,-9.50946,0.02323,0.0000,1.0000,0.2067,1.0000,0.2323,0.2703,0.5542,WARNING,False,3,5,,,,,,
1771435998.383,0.1,,,,,,,,,,,,,,,0.5542,WARNING,,3,,t2081_0,0.42,CRITICAL,OFFLOAD,WARNING: heavy task offloaded (weight=0.42 >= 0.3),
1771435998.383,0.1,50.63,4.7767,1.022,30.1,3,-108370.261,1.48948,0.02072,0.0000,0.0000,0.3330,0.0000,0.2072,0.2560,0.1152,SAFE,False,3,5,,,,,,
1771435998.383,0.1,51.02,4.7778,0.995,28.2,3,-24590.356,-42.52911,0.01568,0.0000,0.0000,0.3283,1.0000,0.1568,0.2427,0.3069,WARNING,False,3,5,,,,,,
1771435998.383,0.1,50.85,4.8207,0.971,26.5,2,-99583.657,91.79009,0.01664,0.0000,0.0000,0.1333,0.0000,0.1664,0.2153,0.0770,SAFE,False,9,0,,,,,,window_reset|B=9
1771435998.383,0.1,,,,,,,,,,,,,,,0.0770,SAFE,,8,,t2084_0,0.60,HIGH,LOCAL,SAFE: all tasks permitted (weight=0.60),
1771435998.383,0.1,51.08,4.7878,1.016,29.7,3,-27681.293,-34.40285,0.01608,0.0000,0.0000,0.2829,1.0000,0.1608,0.2528,0.3034,WARNING,False,8,1,,,,,,
1771435998.383,0.1,50.78,4.8215,0.989,27.8,3,-58169.793,63.18034,0.01701,0.0000,0.0000,0.1296,0.0000,0.1701,0.2397,0.0818,SAFE,False,8,1,,,,,,
1771435998.383,0.1,,,,,,,,,,,,,,,0.0818,SAFE,,7,,t2086_0,0.49,HIGH,LOCAL,SAFE: all tasks permitted (weight=0.49),
1771435998.383,0.1,50.71,4.8166,1.020,30.0,3,-6946.990,59.44317,0.01788,0.0000,0.0000,0.1519,0.0000,0.1788,0.2549,0.0886,SAFE,False,7,2,,,,,,
1771435998.383,0.1,50.55,4.8107,0.993,28.1,3,-68734.183,-14.17331,0.01635,0.0000,0.0000,0.1786,1.0000,0.1635,0.2417,0.2879,WARNING,False,7,2,,,,,,
1771435998.383,0.1,50.93,4.7759,0.969,26.3,2,,,0.01766,0.0000,0.0000,0.3369,0.0000,0.1766,0.2144,0.1043,SAFE,False,7,2,,,,,,
1771435998.383,0.1,50.67,4.8208,0.946,24.7,2,,,0.01834,0.0000,0.0000,0.1325,0.0000,0.1834,0.2029,0.0761,SAFE,False,7,2,,,,,,
1771435998.383,0.1,,,,,,,,,,,,,,,0.0761,SAFE,,6,,t2090_0,0.41,LOW,LOCAL,SAFE: all tasks permitted (weight=0.41),
1771435998.383,0.1,50.44,4.8164,0.971,26.5,2,,,0.01806,0.0000,0.0000,0.1526,0.0000,0.1806,0.2154,0.0810,SAFE,False,6,3,,,,,,
1771435998.383,0.1,51.01,4.8343,0.948,24.8,2,,,0.01959,0.0000,0.0000,0.0716,0.0000,0.1959,0.2039,0.0697,SAFE,False,6,3,,,,,,
1771435998.383,0.1,,,,,,,,,,,,,,,0.0697,SAFE,,5,,t2092_0,0.73,NORMAL,LOCAL,SAFE: all tasks permitted (weight=0.73),
1771435998.383,0.1,50.44,4.8039,1.009,29.2,3,,,0.01959,0.0000,0.0000,0.2093,0.0000,0.1959,0.2495,0.0967,SAFE,False,5,4,,,,,,
1771435998.383,0.1,50.24,4.8069,0.983,27.4,3,,,0.01761,0.0000,0.0000,0.1957,0.0000,0.1761,0.2366,0.0904,SAFE,False,5,4,,,,,,
1771435998.383,0.1,,,,,,,,,,,,,,,0.0904,SAFE,,4,,t2094_0,0.47,LOW,LOCAL,SAFE: all tasks permitted (weight=0.47),
1771435998.384,0.1,50.27,4.7836,1.012,29.4,3,-50386.476,-62.90254,0.01684,0.0000,0.0000,0.3018,1.0000,0.1684,0.2511,0.3063,WARNING,False,4,5,,,,,,
1771435998.384,0.1,50.03,4.8131,0.986,27.6,3,-59895.805,4.45567,0.01650,0.0000,0.0000,0.1680,0.0000,0.1650,0.2382,0.0860,SAFE,False,4,5,,,,,,
1771435998.384,0.1,,,,,,,,,,,,,,,0.0860,SAFE,,3,,t2096_0,0.78,LOW,LOCAL,SAFE: all tasks permitted (weight=0.78),
1771435998.384,0.1,50.05,4.8012,1.050,32.1,3,-100715.493,48.23580,0.01554,0.0000,0.0000,0.2219,0.0000,0.1554,0.2699,0.0984,SAFE,False,3,6,,,,,,
1771435998.384,0.1,50.40,4.7819,1.021,30.1,3,-31278.090,-74.25404,0.01665,0.0000,0.0000,0.3096,1.0000,0.1665,0.2556,0.3080,WARNING,False,3,6,,,,,,
1771435998.384,0.1,,,,,,,,,,,,,,,0.3080,WARNING,,3,,t2098_0,0.78,HIGH,OFFLOAD,WARNING: heavy task offloaded (weight=0.78 >= 0.3),
1771435998.384,0.1,,,,,,,,,,,,,,,0.3080,WARNING,,3,,t2098_1,0.39,CRITICAL,OFFLOAD,WARNING: heavy task offloaded (weight=0.39 >= 0.3),
1771435998.384,0.1,50.17,4.7661,0.995,28.2,3,-31315.074,-95.98696,0.01945,0.0000,0.0000,0.3814,1.0000,0.1945,0.2423,0.3175,WARNING,False,6,0,,,,,,window_reset|B=6
1771435998.384,0.1,,,,,,,,,,,,,,,0.3175,WARNING,,6,,t2099_0,0.44,NORMAL,OFFLOAD,WARNING: heavy task offloaded (weight=0.44 >= 0.3),
1771435998.384,0.1,50.46,4.8530,0.970,26.4,2,-63100.308,35.82127,0.02412,0.0000,0.0000,0.0000,0.0000,0.2412,0.2150,0.0671,SAFE,False,6,0,,,,,,
1771435998.384,0.1,,,,,,,,,,,,,,,0.0671,SAFE,,5,,t2100_0,0.46,NORMAL,LOCAL,SAFE: all tasks permitted (weight=0.46),
1771435998.384,0.1,,,,,,,,,,,,,,,0.0671,SAFE,,4,,t2100_1,0.74,HIGH,LOCAL,SAFE: all tasks permitted (weight=0.74),
1771435998.384,0.1,,,,,,,,,,,,,,,0.0671,SAFE,,3,,t2100_2,0.71,HIGH,LOCAL,SAFE: all tasks permitted (weight=0.71),
1771435998.384,0.1,,,,,,,,,,,,,,,0.0671,SAFE,,2,,t2100_3,0.24,NORMAL,LOCAL,SAFE: all tasks permitted (weight=0.24),
1771435998.384,0.1,49.76,4.7556,1.189,42.1,4,-77353.401,-92.17255,0.02666,0.0000,0.0000,0.4291,1.0000,0.2666,0.3547,0.3534,WARNING,False,2,4,,,,,,
1771435998.384,0.1,50.19,4.7309,1.151,39.4,4,-5198.926,-144.88707,0.03259,0.0000,0.0000,0.5412,1.0000,0.3259,0.3356,0.3701,WARNING,False,2,4,,,,,,
1771435998.384,0.1,,,,,,,,,,,,,,,0.3701,WARNING,,2,,t2102_0,0.61,NORMAL,OFFLOAD,WARNING: heavy task offloaded (weight=0.61 >= 0.3),
1771435998.384,0.1,50.28,4.7531,1.115,36.8,4,,,0.03388,0.0000,0.0000,0.4403,0.0000,0.3388,0.3177,0.1547,SAFE,False,2,4,,,,,,
1771435998.384,0.1,50.60,4.7834,1.082,34.5,3,,,0.03120,0.0000,0.0000,0.3029,0.0000,0.3120,0.2862,0.1278,SAFE,False,2,4,,,,,,
1771435998.384,0.1,50.62,4.7695,1.052,32.3,3,,,0.03100,0.0000,0.0000,0.3660,0.0000,0.3100,0.2708,0.1327,SAFE,False,2,4,,,,,,
1771435998.384,0.1,,,,,,,,,,,,,,,0.1327,SAFE,,1,,t2105_0,0.68,LOW,LOCAL,SAFE: all tasks permitted (weight=0.68),
1771435998.384,0.1,50.55,4.8046,1.100,35.7,4,,,0.03086,0.0000,0.0000,0.2064,0.0000,0.3086,0.3099,0.1197,SAFE,False,1,5,,,,,,
1771435998.384,0.1,50.90,4.7995,1.068,33.4,3,,,0.03120,0.0000,0.0000,0.2293,0.0000,0.3120,0.2789,0.1168,SAFE,False,1,5,,,,,,
1771435998.384,0.1,,,,,,,,,,,,,,,0.1168,SAFE,,0,,t2107_0,0.77,CRITICAL,LOCAL,SAFE: all tasks permitted (weight=0.77),
1771435998.384,0.1,50.76,4.7506,1.125,37.5,4,,,0.03118,0.0000,0.0000,0.4518,0.0000,0.3118,0.3225,0.1544,SAFE,False,0,6,,,,,,
1771435998.384,0.1,,,,,,,,,,,,,,,0.1544,SAFE,,0,,t2108_0,0.44,LOW,OFFLOAD,"Budget exhausted (B=0), offloading. Original: SAFE: all tasks permitted (weight=0.44)",
1771435998.384,0.1,50.83,4.7777,1.091,35.1,4,,,0.03047,0.0000,0.0000,0.3284,0.0000,0.3047,0.3056,0.1343,SAFE,False,0,6,,,,,,
1771435998.384,0.1,,,,,,,,,,,,,,,0.1343,SAFE,,0,,t2109_0,0.35,HIGH,OFFLOAD,"Budget exhausted (B=0), offloading. Original: SAFE: all tasks permitted (weight=0.35)",
1771435998.384,0.1,50.98,4.8186,1.060,32.8,3,,,0.03255,0.0000,0.0000,0.1429,0.0000,0.3255,0.2748,0.1061,SAFE,False,0,6,,,,,,
1771435998.384,0.1,,,,,,,,,,,,,,,0.1061,SAFE,,0,,t2110_0,0.75,HIGH,OFFLOAD,"Budget exhausted (B=0), offloading. Original: SAFE: all tasks permitted (weight=0.75)",
1771435998.384,0.1,50.65,4.7839,1.030,30.7,3,,,0.03228,0.0000,0.0000,0.3005,0.0000,0.3228,0.2602,0.1234,SAFE,False,0,6,,,,,,
1771435998.384,0.1,,,,,,,,,,,,,,,0.1234,SAFE,,0,,t2111_0,0.83,HIGH,OFFLOAD,"Budget exhausted (B=0), offloading. Original: SAFE: all tasks permitted (weight=0.83)",
1771435998.384,0.1,51.07,4.8013,1.003,28.8,3,,,0.02513,0.0000,0.0000,0.2215,0.0000,0.2513,0.2466,0.1032,SAFE,False,0,6,,,,,,
1771435998.384,0.1,,,,,,,,,,,,,,,0.1032,SAFE,,0,,t2112_0,0.68,NORMAL,OFFLOAD,"Budget exhausted (B=0), offloading. Original: SAFE: all tasks permitted (weight=0.68)",
1771435998.384,0.1,50.80,4.8392,0.978,27.0,2,,,0.02935,0.0000,0.0000,0.0491,0.0000,0.2935,0.2190,0.0795,SAFE,False,0,6,,,,,,
1771435998.384,0.1,,,,,,,,,,,,,,,0.0795,SAFE,,0,,t2113_0,0.35,HIGH,OFFLOAD,"Budget exhausted (B=0), offloading. Original: SAFE: all tasks permitted (weight=0.35)",
1771435998.384,0.1,51.00,4.8452,0.954,25.3,2,,,0.02900,0.0000,0.0000,0.0220,0.0000,0.2900,0.2072,0.0733,SAFE,False,9,0,,,,,,window_reset|B=9
1771435998.384,0.1,,,,,,,,,,,,,,,0.0733,SAFE,,8,,t2114_0,0.33,LOW,LOCAL,SAFE: all tasks permitted (weight=0.33),
1771435998.384,0.1,,,,,,,,,,,,,,,0.0733,SAFE,,7,,t2114_1,0.37,NORMAL,LOCAL,SAFE: all tasks permitted (weight=0.37),
1771435998.384,0.1,50.64,4.7979,1.011,29.4,3,,,0.02627,0.0000,0.0000,0.2370,0.0000,0.2627,0.2506,0.1072,SAFE,False,7,2,,,,,,
1771435998.384,0.1,,,,,,,,,,,,,,,0.1072,SAFE,,6,,t2115_0,0.73,LOW,LOCAL,SAFE: all tasks permitted (weight=0.73),
1771435998.384,0.1,51.08,4.7934,1.068,33.4,3,,,0.02596,0.0000,0.0000,0.2573,0.0000,0.2596,0.2789,0.1152,SAFE,False,6,3,,,,,,
1771435998.384,0.1,,,,,,,,,,,,,,,0.1152,SAFE,,5,,t2116_0,0.37,HIGH,LOCAL,SAFE: all tasks permitted (weight=0.37),
1771435998.384,0.1,51.02,4.7644,1.080,34.3,3,,,0.02647,0.0000,0.0000,0.3892,0.0000,0.2647,0.2851,0.1341,SAFE,False,5,4,,,,,,
1771435998.384,0.1,50.71,4.7777,1.050,32.1,3,,,0.02695,0.0000,0.0000,0.3285,0.0000,0.2695,0.2698,0.1236,SAFE,False,5,4,,,,,,
1771435998.384,0.1,50.73,4.7832,1.021,30.1,3,,,0.02714,0.0000,0.0000,0.3038,0.0000,0.2714,0.2555,0.1177,SAFE,False,5,4,,,,,,
1771435998.384,0.1,,,,,,,,,,,,,,,0.1177,SAFE,,4,,t2119_0,0.77,NORMAL,LOCAL,SAFE: all tasks permitted (weight=0.77),
1771435998.384,0.1,50.74,4.7297,1.082,34.4,3,,,0.03038,0.0000,0.0000,0.5470,0.0000,0.3038,0.2858,0.1587,SAFE,False,4,5,,,,,,
1771435998.384,0.1,,,,,,,,,,,,,,,0.1587,SAFE,,3,,t2120_0,0.79,HIGH,LOCAL,SAFE: all tasks permitted (weight=0.79),
1771435998.384,0.1,51.26,4.7126,1.140,38.6,4,,,0.03754,0.0000,0.0000,0.6244,0.0000,0.3754,0.3300,0.1847,SAFE,False,3,6,,,,,,
1771435998.384,0.1,50.97,4.8096,1.105,36.1,4,,,0.03699,0.0000,0.0000,0.1837,0.0000,0.3699,0.3126,0.1234,SAFE,False,3,6,,,,,,
1771435998.384,0.1,,,,,,,,,,,,,,,0.1234,SAFE,,2,,t2122_0,0.42,HIGH,LOCAL,SAFE: all tasks permitted (weight=0.42),
1771435998.384,0.1,51.44,4.7906,1.120,37.2,4,,,0.03700,0.0000,0.0000,0.2701,0.0000,0.3700,0.3202,0.1362,SAFE,False,2,7,,,,,,
1771435998.384,0.1,,,,,,,,,,,,,,,0.1362,SAFE,,1,,t2123_0,0.33,NORMAL,LOCAL,SAFE: all tasks permitted (weight=0.33),
1771435998.384,0.1,50.87,4.7528,1.125,37.5,4,,,0.03786,0.0000,0.0000,0.4419,0.0000,0.3786,0.3223,0.1598,SAFE,False,1,8,,,,,,
1771435998.384,0.1,51.20,4.7933,1.091,35.1,4,,,0.03413,0.0000,0.0000,0.2576,0.0000,0.3413,0.3054,0.1287,SAFE,False,1,8,,,,,,
1771435998.384,0.1,,,,,,,,,,,,,,,0.1287,SAFE,,0,,t2125_0,0.52,HIGH,LOCAL,SAFE: all tasks permitted (weight=0.52),
1771435998.384,0.1,51.60,4.8133,1.119,37.1,4,,,0.02986,0.0000,0.0000,0.1669,0.0000,0.2986,0.3194,0.1155,SAFE,False,0,9,,,,,,
1771435998.384,0.1,,,,,,,,,,,,,,,0.1155,SAFE,,0,,t2126_0,0.32,HIGH,OFFLOAD,"Budget exhausted (B=0), offloading. Original: SAFE: all tasks permitted (weight=0.32)",
1771435998.384,0.1,51.27,4.8017,1.085,34.7,3,,,0.03011,0.0000,0.0000,0.2196,0.0000,0.3011,0.2877,0.1162,SAFE,False,0,9,,,,,,
1771435998.384,0.1,,,,,,,,,,,,,,,0.1162,SAFE,,0,,t2127_0,0.27,LOW,OFFLOAD,"Budget exhausted (B=0), offloading. Original: SAFE: all tasks permitted (weight=0.27)",
1771435998.384,0.1,50.76,4.8175,1.054,32.5,3,,,0.03190,0.0000,0.0000,0.1475,0.0000,0.3190,0.2722,0.1055,SAFE,False,0,9,,,,,,
1771435998.384,0.1,50.84,4.8060,1.026,30.4,3,,,0.03240,0.0000,0.0000,0.1999,0.0000,0.3240,0.2578,0.1099,SAFE,False,8,0,,,,,,window_reset|B=8
1771435998.384,0.1,,,,,,,,,,,,,,,0.1099,SAFE,,7,,t2129_0,0.50,NORMAL,LOCAL,SAFE: all tasks permitted (weight=0.50),
1771435998.384,0.1,51.76,4.7522,1.056,32.6,3,,,0.03345,0.0000,0.0000,0.4445,0.0000,0.3345,0.2730,0.1458,SAFE,False,7,1,,,,,,
1771435998.384,0.1,,,,,,,,,,,,,,,0.1458,SAFE,,6,,t2130_0,0.57,NORMAL,LOCAL,SAFE: all tasks permitted (weight=0.57),
1771435998.384,0.1,51.16,4.7358,1.091,35.1,4,,,0.03559,0.0000,0.0000,0.5189,0.0000,0.3559,0.3057,0.1642,SAFE,False,6,2,,,,,,
1771435998.384,0.1,51.69,4.7756,1.060,32.9,3,,,0.03272,0.0000,0.0000,0.3380,0.0000,0.3272,0.2750,0.1317,SAFE,False,6,2,,,,,,
1771435998.384,0.1,,,,,,,,,,,,,,,0.1317,SAFE,,5,,t2132_0,0.71,NORMAL,LOCAL,SAFE: all tasks permitted (weight=0.71),
1771435998.384,0.1,50.97,4.7254,1.111,36.5,4,,,0.03065,0.0000,0.0000,0.5662,0.0000,0.3065,0.3157,0.1674,SAFE,False,5,3,,,,,,
1771435998.384,0.1,,,,,,,,,,,,,,,0.1674,SAFE,,4,,t2133_0,0.25,CRITICAL,LOCAL,SAFE: all tasks permitted (weight=0.25),
1771435998.384,0.1,,,,,,,,,,,,,,,0.1674,SAFE,,3,,t2133_1,0.32,NORMAL,LOCAL,SAFE: all tasks permitted (weight=0.32),
1771435998.384,0.1,51.49,4.7415,1.143,38.8,4,,,0.03116,0.0000,0.0000,0.4933,0.0000,0.3116,0.3315,0.1616,SAFE,False,3,5,,,,,,
1771435998.386,0.1,,,,,,,,,,,,,,,0.1616,SAFE,,2,,t2134_0,0.23,NORMAL,LOCAL,SAFE: all tasks permitted (weight=0.23),
1771435998.386,0.1,51.24,4.8082,1.134,38.2,4,-922.897,4.26698,0.03224,0.0000,0.0000,0.1899,0.0000,0.3224,0.3271,0.1223,SAFE,False,2,6,,,,,,
1771435998.386,0.1,51.62,4.7613,1.100,35.7,4,33527.037,-36.71033,0.03179,0.0000,1.0000,0.4034,1.0000,0.3179,0.3099,0.5962,WARNING,False,2,6,,,,,,
1771435998.386,0.1,51.75,4.7642,1.068,33.4,3,35557.746,-27.29963,0.03161,0.0000,1.0000,0.3902,1.0000,0.3161,0.2788,0.5881,CRITICAL,False,2,6,,,,,,
1771435998.386,0.1,,,,,,,,,,,,,,,0.5881,CRITICAL,,2,,t2137_0,0.49,NORMAL,OFFLOAD,CRITICAL: non-critical task offloaded (priority=NORMAL),
1771435998.386,0.1,50.89,4.8211,1.038,31.3,3,-34087.166,44.96772,0.03247,0.0000,0.0000,0.1312,0.0000,0.3247,0.2639,0.1023,WARNING,False,2,6,,,,,,
1771435998.386,0.1,,,,,,,,,,,,,,,0.1023,WARNING,,1,,t2138_0,0.25,NORMAL,LOCAL,WARNING: lightweight task permitted (weight=0.25 < 0.3),
1771435998.386,0.1,51.98,4.8081,1.039,31.4,3,31888.128,47.12539,0.03293,0.0000,1.0000,0.1905,0.0000,0.3293,0.2645,0.3606,WARNING,False,1,7,,,,,,
1771435998.386,0.1,51.61,4.8350,1.011,29.4,3,-3105.437,38.70170,0.03503,0.0000,0.0000,0.0683,0.0000,0.3503,0.2506,0.0940,SAFE,False,1,7,,,,,,
1771435998.386,0.1,50.95,4.7774,0.985,27.5,3,-751.282,33.88152,0.03399,0.0000,0.0000,0.3301,0.0000,0.3399,0.2376,0.1244,SAFE,False,1,7,,,,,,
1771435998.386,0.1,,,,,,,,,,,,,,,0.1244,SAFE,,0,,t2141_0,0.84,LOW,LOCAL,SAFE: all tasks permitted (weight=0.84),
1771435998.386,0.1,51.31,4.7857,1.057,32.6,3,-7313.453,28.87459,0.03334,0.0000,0.0000,0.2921,0.0000,0.3334,0.2733,0.1260,SAFE,False,0,8,,,,,,
1771435998.386,0.1,,,,,,,,,,,,,,,0.1260,SAFE,,0,,t2142_0,0.55,LOW,OFFLOAD,"Budget exhausted (B=0), offloading. Original: SAFE: all tasks permitted (weight=0.55)",
1771435998.386,0.1,51.65,4.7512,1.028,30.5,3,,,0.03195,0.0000,0.0000,0.4491,0.0000,0.3195,0.2588,0.1421,SAFE,False,0,8,,,,,,
1771435998.386,0.1,,,,,,,,,,,,,,,0.1421,SAFE,,0,,t2143_0,0.78,LOW,OFFLOAD,"Budget exhausted (B=0), offloading. Original: SAFE: all tasks permitted (weight=0.78)",
1771435998.386,0.1,50.79,4.8174,1.001,28.6,3,,,0.03357,0.0000,0.0000,0.1482,0.0000,0.3357,0.2453,0.1019,SAFE,False,8,0,,,,,,window_reset|B=8
1771435998.386,0.1,51.59,4.7841,0.976,26.8,2,,,0.02875,0.0000,0.0000,0.2997,0.0000,0.2875,0.2178,0.1113,SAFE,False,8,0,,,,,,
1771435998.386,0.1,50.97,4.7938,0.952,25.2,2,,,0.02511,0.0000,0.0000,0.2553,0.0000,0.2511,0.2061,0.0995,SAFE,False,8,0,,,,,,
1771435998.386,0.1,50.51,4.8013,0.930,23.6,2,,,0.02481,0.0000,0.0000,0.2212,0.0000,0.2481,0.1952,0.0926,SAFE,False,8,0,,,,,,
1771435998.386,0.1,50.74,4.8276,0.910,22.2,2,,,0.02480,0.0000,0.0000,0.1018,0.0000,0.2480,0.1851,0.0751,SAFE,False,8,0,,,,,,
1771435998.386,0.1,50.38,4.8142,0.892,20.8,2,,,0.02303,0.0000,0.0000,0.1628,0.0000,0.2303,0.1758,0.0794,SAFE,False,8,0,,,,,,
1771435998.386,0.1,50.67,4.8499,0.874,19.6,2,,,0.02623,0.0000,0.0000,0.0006,0.0000,0.2623,0.1670,0.0597,SAFE,False,8,0,,,,,,
1771435998.386,0.1,,,,,,,,,,,,,,,0.0597,SAFE,,7,,t2150_0,0.25,CRITICAL,LOCAL,SAFE: all tasks permitted (weight=0.25),
1771435998.386,0.1,,,,,,,,,,,,,,,0.0597,SAFE,,6,,t2150_1,0.31,LOW,LOCAL,SAFE: all tasks permitted (weight=0.31),
1771435998.386,0.1,50.30,4.8303,0.922,23.0,2,,,0.02724,0.0000,0.0000,0.0894,0.0000,0.2724,0.1912,0.0771,SAFE,False,6,2,,,,,,
1771435998.386,0.1,,,,,,,,,,,,,,,0.0771,SAFE,,5,,t2151_0,0.22,NORMAL,LOCAL,SAFE: all tasks permitted (weight=0.22),
1771435998.386,0.1,49.45,4.8170,0.928,23.4,2,,,0.02605,0.0000,0.0000,0.1499,0.0000,0.2605,0.1941,0.0844,SAFE,False,5,3,,,,,,
1771435998.386,0.1,,,,,,,,,,,,,,,0.0844,SAFE,,4,,t2152_0,0.24,NORMAL,LOCAL,SAFE: all tasks permitted (weight=0.24),
1771435998.386,0.1,50.19,4.7858,0.935,23.9,2,,,0.02543,0.0000,0.0000,0.2920,0.0000,0.2543,0.1976,0.1029,SAFE,False,4,4,,,,,,
1771435998.386,0.1,,,,,,,,,,,,,,,0.1029,SAFE,,3,,t2153_0,0.78,HIGH,LOCAL,SAFE: all tasks permitted (weight=0.78),
1771435998.386,0.1,50.19,4.7830,1.003,28.8,3,,,0.02561,0.0000,0.0000,0.3045,0.0000,0.2561,0.2467,0.1145,SAFE,False,3,5,,,,,,
1771435998.386,0.1,50.05,4.7921,0.978,27.0,3,,,0.02048,0.0000,0.0000,0.2633,0.0000,0.2048,0.2341,0.1015,SAFE,False,3,5,,,,,,
1771435998.386,0.1,50.25,4.7850,0.955,25.3,2,,,0.02119,0.0000,0.0000,0.2954,0.0000,0.2119,0.2073,0.1011,SAFE,False,3,5,,,,,,
1771435998.386,0.1,49.75,4.8252,0.933,23.8,2,,,0.02079,0.0000,0.0000,0.1129,0.0000,0.2079,0.1964,0.0747,SAFE,False,3,5,,,,,,
1771435998.386,0.1,,,,,,,,,,,,,,,0.0747,SAFE,,2,,t2157_0,0.50,NORMAL,LOCAL,SAFE: all tasks permitted (weight=0.50),
1771435998.386,0.1,50.44,4.7965,0.970,26.4,2,,,0.02065,0.0000,0.0000,0.2431,0.0000,0.2065,0.2151,0.0953,SAFE,False,2,6,,,,,,
1771435998.386,0.1,,,,,,,,,,,,,,,0.0953,SAFE,,1,,t2158_0,0.81,HIGH,LOCAL,SAFE: all tasks permitted (weight=0.81),
1771435998.386,0.1,50.53,4.7744,1.040,31.4,3,,,0.02272,0.0000,0.0000,0.3437,0.0000,0.2272,0.2648,0.1203,SAFE,False,8,0,,,,,,window_reset|B=8
1771435998.386,0.1,49.42,4.7670,1.012,29.4,3,,,0.02421,0.0000,0.0000,0.3774,0.0000,0.2421,0.2508,0.1234,SAFE,False,8,0,,,,,,
1771435998.386,0.1,49.99,4.8305,0.986,27.6,3,,,0.02531,0.0000,0.0000,0.0887,0.0000,0.2531,0.2379,0.0844,SAFE,False,8,0,,,,,,
1771435998.386,0.1,,,,,,,,,,,,,,,0.0844,SAFE,,7,,t2161_0,0.50,NORMAL,LOCAL,SAFE: all tasks permitted (weight=0.50),
1771435998.386,0.1,49.59,4.8065,1.019,29.9,3,,,0.02111,0.0000,0.0000,0.1977,0.0000,0.2111,0.2546,0.0977,SAFE,False,7,1,,,,,,
1771435998.386,0.1,50.07,4.8116,0.993,28.1,3,,,0.01939,0.0000,0.0000,0.1746,0.0000,0.1939,0.2414,0.0904,SAFE,False,7,1,,,,,,
1771435998.386,0.1,50.13,4.8288,0.968,26.3,2,,,0.02060,0.0000,0.0000,0.0964,0.0000,0.2060,0.2141,0.0759,SAFE,False,7,1,,,,,,
1771435998.386,0.1,49.99,4.8073,0.945,24.7,2,,,0.02031,0.0000,0.0000,0.1942,0.0000,0.2031,0.2027,0.0861,SAFE,False,7,1,,,,,,
1771435998.386,0.1,,,,,,,,,,,,,,,0.0861,SAFE,,6,,t2165_0,0.25,HIGH,LOCAL,SAFE: all tasks permitted (weight=0.25),
1771435998.386,0.1,49.99,4.8329,0.953,25.2,2,,,0.02136,0.0000,0.0000,0.0776,0.0000,0.2136,0.2066,0.0728,SAFE,False,6,2,,,,,,
1771435998.386,0.1,49.89,4.7977,0.931,23.7,2,,,0.02113,0.0000,0.0000,0.2377,0.0000,0.2113,0.1957,0.0912,SAFE,False,6,2,,,,,,
1771435998.386,0.1,,,,,,,,,,,,,,,0.0912,SAFE,,5,,t2167_0,0.66,HIGH,LOCAL,SAFE: all tasks permitted (weight=0.66),
1771435998.387,0.1,49.37,4.8041,0.987,27.6,3,-2639.123,35.08049,0.02025,0.0000,0.0000,0.2084,0.0000,0.2025,0.2385,0.0950,SAFE,False,5,3,,,,,,
1771435998.387,0.1,48.69,4.7766,0.963,25.9,2,-73717.730,-50.83122,0.02102,0.0000,0.0000,0.3335,1.0000,0.2102,0.2114,0.3067,WARNING,False,5,3,,,,,,
1771435998.387,0.1,49.28,4.8008,0.940,24.3,2,-17750.750,-5.40441,0.02095,0.0000,0.0000,0.2237,1.0000,0.2095,0.2002,0.2901,WARNING,False,5,3,,,,,,
1771435998.387,0.1,,,,,,,,,,,,,,,0.2901,WARNING,,5,,t2170_0,0.68,LOW,OFFLOAD,WARNING: heavy task offloaded (weight=0.68 >= 0.3),
1771435998.387,0.1,49.48,4.8350,0.919,22.8,2,-33504.391,22.10395,0.02070,0.0000,0.0000,0.0682,0.0000,0.2070,0.1897,0.0675,SAFE,False,5,3,,,,,,
1771435998.387,0.1,,,,,,,,,,,,,,,0.0675,SAFE,,4,,t2171_0,0.48,LOW,LOCAL,SAFE: all tasks permitted (weight=0.48),
1771435998.387,0.1,48.79,4.7878,0.955,25.3,2,-75637.653,-38.66844,0.01784,0.0000,0.0000,0.2826,1.0000,0.1784,0.2074,0.2961,WARNING,False,4,4,,,,,,
1771435998.387,0.1,49.07,4.8019,0.933,23.8,2,-52059.337,-5.08862,0.01683,0.0000,0.0000,0.2187,1.0000,0.1683,0.1965,0.2846,WARNING,False,4,4,,,,,,
1771435998.387,0.1,,,,,,,,,,,,,,,0.2846,WARNING,,4,,t2173_0,0.35,LOW,OFFLOAD,WARNING: heavy task offloaded (weight=0.35 >= 0.3),
1771435998.387,0.1,49.29,4.8370,0.913,22.3,2,-39455.791,3.80371,0.01867,0.0000,0.0000,0.0593,0.0000,0.1867,0.1863,0.0636,SAFE,False,9,0,,,,,,window_reset|B=9
1771435998.387,0.1,,,,,,,,,,,,,,,0.0636,SAFE,,8,,t2174_0,0.34,LOW,LOCAL,SAFE: all tasks permitted (weight=0.34),
1771435998.387,0.1,48.86,4.7951,0.933,23.8,2,-58322.254,-2.50142,0.01911,0.0000,0.0000,0.2498,1.0000,0.1911,0.1965,0.2909,WARNING,False,8,1,,,,,,
1771435998.387,0.1,,,,,,,,,,,,,,,0.2909,WARNING,,8,,t2175_0,0.46,LOW,OFFLOAD,WARNING: heavy task offloaded (weight=0.46 >= 0.3),
1771435998.387,0.1,48.94,4.8126,0.913,22.3,2,,,0.01820,0.0000,0.0000,0.1702,0.0000,0.1820,0.1863,0.0776,SAFE,False,8,1,,,,,,
1771435998.387,0.1,49.11,4.8370,0.894,21.0,2,,,0.01995,0.0000,0.0000,0.0593,0.0000,0.1995,0.1769,0.0630,SAFE,False,8,1,,,,,,
1771435998.387,0.1,,,,,,,,,,,,,,,0.0630,SAFE,,7,,t2177_0,0.73,HIGH,LOCAL,SAFE: all tasks permitted (weight=0.73),
1771435998.387,0.1,49.68,4.7796,0.960,25.7,2,,,0.02025,0.0000,0.0000,0.3200,0.0000,0.2025,0.2099,0.1038,SAFE,False,7,2,,,,,,
1771435998.387,0.1,,,,,,,,,,,,,,,0.1038,SAFE,,6,,t2178_0,0.63,HIGH,LOCAL,SAFE: all tasks permitted (weight=0.63),
1771435998.387,0.1,49.25,4.7916,1.010,29.3,3,,,0.02052,0.0000,0.0000,0.2656,0.0000,0.2052,0.2499,0.1050,SAFE,False,6,3,,,,,,
1771435998.387,0.1,,,,,,,,,,,,,,,0.1050,SAFE,,5,,t2179_0,0.85,LOW,LOCAL,SAFE: all tasks permitted (weight=0.85),
1771435998.387,0.1,49.17,4.7800,1.082,34.4,3,,,0.02164,0.0000,0.0000,0.3180,0.0000,0.2164,0.2859,0.1202,SAFE,False,5,4,,,,,,
1771435998.387,0.1,48.92,4.8030,1.051,32.2,3,,,0.02015,0.0000,0.0000,0.2138,0.0000,0.2015,0.2705,0.1020,SAFE,False,5,4,,,,,,
1771435998.387,0.1,49.42,4.7886,1.022,30.2,3,,,0.02064,0.0000,0.0000,0.2789,0.0000,0.2064,0.2562,0.1081,SAFE,False,5,4,,,,,,
1771435998.387,0.1,49.03,4.8228,0.996,28.3,3,,,0.01936,0.0000,0.0000,0.1235,0.0000,0.1936,0.2429,0.0840,SAFE,False,5,4,,,,,,
1771435998.387,0.1,49.14,4.8023,0.971,26.5,2,,,0.01881,0.0000,0.0000,0.2168,0.0000,0.1881,0.2155,0.0901,SAFE,False,5,4,,,,,,
1771435998.387,0.1,48.82,4.8135,0.948,24.9,2,,,0.01896,0.0000,0.0000,0.1659,0.0000,0.1896,0.2040,0.0813,SAFE,False,5,4,,,,,,
1771435998.387,0.1,49.06,4.8244,0.927,23.3,2,,,0.01747,0.0000,0.0000,0.1166,0.0000,0.1747,0.1933,0.0713,SAFE,False,5,4,,,,,,
1771435998.387,0.1,,,,,,,,,,,,,,,0.0713,SAFE,,4,,t2186_0,0.67,NORMAL,LOCAL,SAFE: all tasks permitted (weight=0.67),
1771435998.387,0.1,49.16,4.7790,0.984,27.5,3,,,0.01869,0.0000,0.0000,0.3229,0.0000,0.1869,0.2372,0.1081,SAFE,False,4,5,,,,,,
1771435998.387,0.1,,,,,,,,,,,,,,,0.1081,SAFE,,3,,t2187_0,0.22,NORMAL,LOCAL,SAFE: all tasks permitted (weight=0.22),
1771435998.387,0.1,48.77,4.8404,0.986,27.6,3,,,0.02130,0.0000,0.0000,0.0437,0.0000,0.2130,0.2379,0.0746,SAFE,False,3,6,,,,,,
1771435998.387,0.1,,,,,,,,,,,,,,,0.0746,SAFE,,2,,t2188_0,0.61,NORMAL,LOCAL,SAFE: all tasks permitted (weight=0.61),
1771435998.387,0.1,48.96,4.7766,1.032,30.8,3,,,0.02031,0.0000,0.0000,0.3338,0.0000,0.2031,0.2608,0.1159,SAFE,False,8,0,,,,,,window_reset|B=8
1771435998.387,0.1,,,,,,,,,,,,,,,0.1159,SAFE,,7,,t2189_0,0.24,HIGH,LOCAL,SAFE: all tasks permitted (weight=0.24),
1771435998.387,0.1,49.19,4.7797,1.032,30.9,3,,,0.02030,0.0000,0.0000,0.3195,0.0000,0.2030,0.2611,0.1140,SAFE,False,7,1,,,,,,
1771435998.387,0.1,,,,,,,,,,,,,,,0.1140,SAFE,,6,,t2190_0,0.82,NORMAL,LOCAL,SAFE: all tasks permitted (weight=0.82),
1771435998.387,0.1,49.12,4.7589,1.099,35.6,4,,,0.02324,0.0000,0.0000,0.4140,0.0000,0.2324,0.3095,0.1390,SAFE,False,6,2,,,,,,
1771435998.387,0.1,,,,,,,,,,,,,,,0.1390,SAFE,,5,,t2191_0,0.31,LOW,LOCAL,SAFE: all tasks permitted (weight=0.31),
1771435998.387,0.1,,,,,,,,,,,,,,,0.1390,SAFE,,4,,t2191_1,0.36,CRITICAL,LOCAL,SAFE: all tasks permitted (weight=0.36),
1771435998.387,0.1,48.97,4.7252,1.145,38.9,4,,,0.03047,0.0000,0.0000,0.5671,0.0000,0.3047,0.3325,0.1707,SAFE,False,4,4,,,,,,
1771435998.387,0.1,,,,,,,,,,,,,,,0.1707,SAFE,,3,,t2192_0,0.78,LOW,LOCAL,SAFE: all tasks permitted (weight=0.78),
1771435998.387,0.1,49.61,4.7526,1.199,42.8,4,,,0.03221,0.0000,0.0000,0.4427,0.0000,0.3221,0.3597,0.1617,SAFE,False,3,5,,,,,,
1771435998.388,0.1,,,,,,,,,,,,,,,0.1617,SAFE,,2,,t2193_0,0.67,NORMAL,LOCAL,SAFE: all tasks permitted (weight=0.67),
1771435998.388,0.1,49.70,4.7642,1.238,45.6,5,40199.377,-63.05920,0.03291,0.0000,1.0000,0.3901,1.0000,0.3291,0.3940,0.6124,WARNING,False,2,6,,,,,,
1771435998.388,0.1,50.61,4.7400,1.196,42.6,4,91577.206,-40.81314,0.03328,0.0000,1.0000,0.4999,1.0000,0.3328,0.3582,0.6199,CRITICAL,False,2,6,,,,,,
1771435998.388,0.1,,,,,,,,,,,,,,,0.6199,CRITICAL,,2,,t2195_0,0.33,LOW,OFFLOAD,CRITICAL: non-critical task offloaded (priority=LOW),
1771435998.388,0.1,49.78,4.7786,1.158,39.8,4,63497.161,-64.77334,0.03258,0.0000,1.0000,0.3246,1.0000,0.3258,0.3388,0.5925,CRITICAL,False,2,6,,,,,,
1771435998.388,0.1,,,,,,,,,,,,,,,0.5925,CRITICAL,,2,,t2196_0,0.31,NORMAL,OFFLOAD,CRITICAL: non-critical task offloaded (priority=NORMAL),
1771435998.388,0.1,49.60,4.7656,1.121,37.2,4,40272.093,-11.49579,0.03084,0.0000,1.0000,0.3837,1.0000,0.3084,0.3207,0.5949,CRITICAL,False,2,6,,,,,,
1771435998.388,0.1,,,,,,,,,,,,,,,0.5949,CRITICAL,,2,,t2197_0,0.59,HIGH,OFFLOAD,CRITICAL: non-critical task offloaded (priority=HIGH),
1771435998.388,0.1,50.34,4.7797,1.088,34.8,3,72336.058,-0.01668,0.02696,0.0000,1.0000,0.3195,0.0334,0.2696,0.2889,0.3830,WARNING,False,2,6,,,,,,
1771435998.388,0.1,,,,,,,,,,,,,,,0.3830,WARNING,,1,,t2198_0,0.22,LOW,LOCAL,WARNING: lightweight task permitted (weight=0.22 < 0.3),
1771435998.388,0.1,50.39,4.7862,1.083,34.5,3,79627.144,28.62181,0.02723,0.0000,1.0000,0.2898,0.0000,0.2723,0.2863,0.3722,WARNING,False,1,7,,,,,,
1771435998.388,0.1,,,,,,,,,,,,,,,0.3722,WARNING,,1,,t2199_0,0.65,NORMAL,OFFLOAD,WARNING: heavy task offloaded (weight=0.65 >= 0.3),
1771435998.388,0.1,50.24,4.8249,1.052,32.3,3,80051.219,104.42583,0.02408,0.0000,1.0000,0.1142,0.0000,0.2408,0.2709,0.3431,WARNING,False,1,7,,,,,,
1771435998.388,0.1,,,,,,,,,,,,,,,0.3431,WARNING,,1,,t2200_0,0.61,NORMAL,OFFLOAD,WARNING: heavy task offloaded (weight=0.61 >= 0.3),
1771435998.388,0.1,49.63,4.7684,1.023,30.2,3,1597.328,16.50794,0.02398,0.0000,1.0000,0.3711,0.0000,0.2398,0.2566,0.3735,WARNING,False,1,7,,,,,,
1771435998.388,0.1,50.01,4.7922,0.996,28.3,3,,,0.02470,0.0000,0.0000,0.2626,0.0000,0.2470,0.2432,0.1075,SAFE,False,1,7,,,,,,
1771435998.388,0.1,,,,,,,,,,,,,,,0.1075,SAFE,,0,,t2202_0,0.75,NORMAL,LOCAL,SAFE: all tasks permitted (weight=0.75),
1771435998.388,0.1,50.38,4.7535,1.058,32.7,3,,,0.02494,0.0000,0.0000,0.4385,0.0000,0.2494,0.2742,0.1368,SAFE,False,0,8,,,,,,
1771435998.388,0.1,50.77,4.7952,1.029,30.7,3,,,0.02196,0.0000,0.0000,0.2491,0.0000,0.2196,0.2596,0.1063,SAFE,False,8,0,,,,,,window_reset|B=8
1771435998.388,0.1,49.98,4.8146,1.002,28.7,3,,,0.02331,0.0000,0.0000,0.1611,0.0000,0.2331,0.2461,0.0935,SAFE,False,8,0,,,,,,
1771435998.388,0.1,50.33,4.7981,0.977,26.9,2,,,0.02325,0.0000,0.0000,0.2359,0.0000,0.2325,0.2185,0.0976,SAFE,False,8,0,,,,,,
1771435998.388,0.1,50.38,4.7909,0.954,25.3,2,,,0.01931,0.0000,0.0000,0.2686,0.0000,0.1931,0.2068,0.0956,SAFE,False,8,0,,,,,,
1771435998.388,0.1,50.45,4.8135,0.932,23.7,2,,,0.02037,0.0000,0.0000,0.1661,0.0000,0.2037,0.1959,0.0811,SAFE,False,8,0,,,,,,
1771435998.388,0.1,50.38,4.8216,0.911,22.2,2,,,0.02061,0.0000,0.0000,0.1289,0.0000,0.2061,0.1857,0.0745,SAFE,False,8,0,,,,,,
1771435998.388,0.1,49.59,4.8562,0.893,20.9,2,,,0.02604,0.0000,0.0000,0.0000,0.0000,0.2604,0.1763,0.0613,SAFE,False,8,0,,,,,,
1771435998.388,0.1,,,,,,,,,,,,,,,0.0613,SAFE,,7,,t2210_0,0.77,NORMAL,LOCAL,SAFE: all tasks permitted (weight=0.77),
1771435998.388,0.1,50.13,4.8054,0.964,26.0,2,,,0.02565,0.0000,0.0000,0.2026,0.0000,0.2565,0.2121,0.0944,SAFE,False,7,1,,,,,,
1771435998.388,0.1,50.09,4.8249,0.942,24.4,2,,,0.02565,0.0000,0.0000,0.1142,0.0000,0.2565,0.2008,0.0807,SAFE,False,7,1,,,,,,
1771435998.388,0.1,49.69,4.8261,0.921,22.9,2,,,0.02409,0.0000,0.0000,0.1088,0.0000,0.2409,0.1903,0.0763,SAFE,False,7,1,,,,,,
1771435998.388,0.1,49.25,4.8411,0.901,21.5,2,,,0.02524,0.0000,0.0000,0.0404,0.0000,0.2524,0.1806,0.0666,SAFE,False,7,1,,,,,,
1771435998.388,0.1,49.92,4.8280,0.883,20.2,2,,,0.01839,0.0000,0.0000,0.1001,0.0000,0.1839,0.1715,0.0657,SAFE,False,7,1,,,,,,
1771435998.388,0.1,49.30,4.8322,0.866,19.0,2,,,0.01739,0.0000,0.0000,0.0810,0.0000,0.1739,0.1631,0.0605,SAFE,False,7,1,,,,,,
1771435998.388,0.1,,,,,,,,,,,,,,,0.0605,SAFE,,6,,t2216_0,0.27,NORMAL,LOCAL,SAFE: all tasks permitted (weight=0.27),
1771435998.388,0.1,48.96,4.8624,0.881,20.1,2,,,0.02063,0.0000,0.0000,0.0000,0.0000,0.2063,0.1707,0.0548,SAFE,False,6,2,,,,,,
1771435998.388,0.1,49.18,4.8540,0.865,18.9,1,,,0.02033,0.0000,0.0000,0.0000,0.0000,0.2033,0.1474,0.0498,SAFE,False,6,2,,,,,,
1771435998.388,0.1,,,,,,,,,,,,,,,0.0498,SAFE,,5,,t2218_0,0.56,CRITICAL,LOCAL,SAFE: all tasks permitted (weight=0.56),
1771435998.388,0.1,,,,,,,,,,,,,,,0.0498,SAFE,,4,,t2218_1,0.42,NORMAL,LOCAL,SAFE: all tasks permitted (weight=0.42),
1771435998.388,0.1,48.99,4.7975,0.963,25.9,2,,,0.01934,0.0000,0.0000,0.2388,0.0000,0.1934,0.2114,0.0927,SAFE,False,9,0,,,,,,window_reset|B=9
1771435998.388,0.1,49.15,4.8365,0.940,24.3,2,,,0.01872,0.0000,0.0000,0.0612,0.0000,0.1872,0.2002,0.0667,SAFE,False,9,0,,,,,,
1771435998.388,0.1,48.43,4.8228,0.920,22.8,2,,,0.01867,0.0000,0.0000,0.1237,0.0000,0.1867,0.1898,0.0727,SAFE,False,9,0,,,,,,
1771435998.388,0.1,,,,,,,,,,,,,,,0.0727,SAFE,,8,,t2221_0,0.80,NORMAL,LOCAL,SAFE: all tasks permitted (weight=0.80),
1771435998.388,0.1,48.40,4.8059,0.993,28.1,3,,,0.01847,0.0000,0.0000,0.2005,0.0000,0.1847,0.2416,0.0929,SAFE,False,8,1,,,,,,
1771435998.388,0.1,,,,,,,,,,,,,,,0.0929,SAFE,,7,,t2222_0,0.35,HIGH,LOCAL,SAFE: all tasks permitted (weight=0.35),
1771435998.388,0.1,48.83,4.7632,1.010,29.3,3,,,0.02523,0.0000,0.0000,0.3946,0.0000,0.2523,0.2499,0.1265,SAFE,False,7,2,,,,,,
1771435998.388,0.1,48.52,4.8118,0.984,27.4,3,,,0.02548,0.0000,0.0000,0.1737,0.0000,0.2548,0.2370,0.0955,SAFE,False,7,2,,,,,,
1771435998.388,0.1,,,,,,,,,,,,,,,0.0955,SAFE,,6,,t2224_0,0.40,NORMAL,LOCAL,SAFE: all tasks permitted (weight=0.40),
1771435998.388,0.1,48.64,4.8157,1.007,29.0,3,,,0.02555,0.0000,0.0000,0.1560,0.0000,0.2555,0.2483,0.0955,SAFE,False,6,3,,,,,,
1771435998.389,0.1,,,,,,,,,,,,,,,0.0955,SAFE,,5,,t2225_0,0.42,NORMAL,LOCAL,SAFE: all tasks permitted (weight=0.42),
1771435998.389,0.1,48.80,4.7813,1.030,30.7,3,-22708.165,-72.82300,0.02723,0.0000,0.0000,0.3122,1.0000,0.2723,0.2599,0.3198,WARNING,False,5,4,,,,,,
1771435998.389,0.1,,,,,,,,,,,,,,,0.3198,WARNING,,5,,t2226_0,0.82,LOW,OFFLOAD,WARNING: heavy task offloaded (weight=0.82 >= 0.3),
1771435998.389,0.1,48.64,4.7824,1.003,28.8,3,-21224.773,-15.10426,0.02865,0.0000,0.0000,0.3073,1.0000,0.2865,0.2464,0.3179,WARNING,False,5,4,,,,,,
1771435998.389,0.1,48.27,4.8215,0.977,27.0,2,-52783.450,-15.09712,0.02823,0.0000,0.0000,0.1296,1.0000,0.2823,0.2187,0.2888,WARNING,False,5,4,,,,,,
1771435998.389,0.1,,,,,,,,,,,,,,,0.2888,WARNING,,5,,t2228_0,0.52,CRITICAL,OFFLOAD,WARNING: heavy task offloaded (weight=0.52 >= 0.3),
1771435998.389,0.1,48.93,4.8214,0.954,25.3,2,30342.321,-1.39133,0.02423,0.0000,1.0000,0.1300,1.0000,0.2423,0.2070,0.5325,WARNING,False,5,4,,,,,,
1771435998.389,0.1,,,,,,,,,,,,,,,0.5325,WARNING,,5,,t2229_0,0.73,HIGH,OFFLOAD,WARNING: heavy task offloaded (weight=0.73 >= 0.3),
1771435998.389,0.1,48.98,4.8026,0.932,23.7,2,34722.658,-3.25718,0.02019,0.0000,1.0000,0.2153,1.0000,0.2019,0.1961,0.5374,WARNING,False,5,4,,,,,,
1771435998.389,0.1,48.81,4.8280,0.912,22.3,2,-961.803,65.01037,0.02097,0.0000,0.0000,0.0999,0.0000,0.2097,0.1859,0.0711,SAFE,False,5,4,,,,,,
1771435998.389,0.1,,,,,,,,,,,,,,,0.0711,SAFE,,4,,t2231_0,0.45,NORMAL,LOCAL,SAFE: all tasks permitted (weight=0.45),
1771435998.389,0.1,48.91,4.8280,0.946,24.7,2,23459.393,16.29917,0.02011,0.0000,1.0000,0.0999,0.0000,0.2011,0.2030,0.3237,WARNING,False,4,5,,,,,,
1771435998.389,0.1,48.39,4.8038,0.925,23.2,2,-15236.967,-11.94037,0.01955,0.0000,0.0000,0.2101,1.0000,0.1955,0.1923,0.2853,WARNING,False,4,5,,,,,,
1771435998.389,0.1,48.51,4.8351,0.905,21.8,2,,,0.02120,0.0000,0.0000,0.0678,0.0000,0.2120,0.1824,0.0665,SAFE,False,9,0,,,,,,window_reset|B=9
1771435998.389,0.1,48.75,4.8501,0.886,20.5,2,,,0.01946,0.0000,0.0000,0.0000,0.0000,0.1946,0.1732,0.0541,SAFE,False,9,0,,,,,,
1771435998.389,0.1,,,,,,,,,,,,,,,0.0541,SAFE,,8,,t2235_0,0.74,NORMAL,LOCAL,SAFE: all tasks permitted (weight=0.74),
1771435998.389,0.1,48.52,4.8302,0.956,25.4,2,,,0.01986,0.0000,0.0000,0.0901,0.0000,0.1986,0.2078,0.0731,SAFE,False,8,1,,,,,,
1771435998.389,0.1,,,,,,,,,,,,,,,0.0731,SAFE,,7,,t2236_0,0.73,CRITICAL,LOCAL,SAFE: all tasks permitted (weight=0.73),
1771435998.389,0.1,,,,,,,,,,,,,,,0.0731,SAFE,,6,,t2236_1,0.66,HIGH,LOCAL,SAFE: all tasks permitted (weight=0.66),
1771435998.389,0.1,48.71,4.7605,1.096,35.4,4,,,0.02523,0.0000,0.0000,0.4070,0.0000,0.2523,0.3080,0.1397,SAFE,False,6,3,,,,,,
1771435998.389,0.1,,,,,,,,,,,,,,,0.1397,SAFE,,5,,t2237_0,0.75,CRITICAL,LOCAL,SAFE: all tasks permitted (weight=0.75),
1771435998.389,0.1,48.28,4.7635,1.151,39.4,4,,,0.02742,0.0000,0.0000,0.3933,0.0000,0.2742,0.3356,0.1457,SAFE,False,5,4,,,,,,
1771435998.389,0.1,,,,,,,,,,,,,,,0.1457,SAFE,,4,,t2238_0,0.33,NORMAL,LOCAL,SAFE: all tasks permitted (weight=0.33),
1771435998.389,0.1,48.82,4.8086,1.155,39.6,4,,,0.02610,0.0000,0.0000,0.1881,0.0000,0.2610,0.3373,0.1180,SAFE,False,4,5,,,,,,
1771435998.389,0.1,49.11,4.7773,1.119,37.1,4,,,0.02768,0.0000,0.0000,0.3304,0.0000,0.2768,0.3194,0.1345,SAFE,False,4,5,,,,,,
1771435998.389,0.1,,,,,,,,,,,,,,,0.1345,SAFE,,3,,t2240_0,0.23,HIGH,LOCAL,SAFE: all tasks permitted (weight=0.23),
1771435998.389,0.1,48.68,4.7415,1.112,36.6,4,,,0.03302,0.0000,0.0000,0.4932,0.0000,0.3302,0.3160,0.1603,SAFE,False,3,6,,,,,,
1771435998.389,0.1,,,,,,,,,,,,,,,0.1603,SAFE,,2,,t2241_0,0.36,NORMAL,LOCAL,SAFE: all tasks permitted (weight=0.36),
1771435998.389,0.1,,,,,,,,,,,,,,,0.1603,SAFE,,1,,t2241_1,0.66,HIGH,LOCAL,SAFE: all tasks permitted (weight=0.66),
1771435998.389,0.1,49.34,4.7400,1.198,42.7,4,,,0.03726,0.0000,0.0000,0.5001,0.0000,0.3726,0.3592,0.1741,SAFE,False,1,8,,,,,,
1771435998.389,0.1,,,,,,,,,,,,,,,0.1741,SAFE,,0,,t2242_0,0.39,LOW,LOCAL,SAFE: all tasks permitted (weight=0.39),
1771435998.389,0.1,49.75,4.7605,1.205,43.2,5,,,0.03728,0.0000,0.0000,0.4067,0.0000,0.3728,0.3776,0.1657,SAFE,False,0,9,,,,,,
1771435998.389,0.1,50.29,4.7098,1.166,40.4,4,,,0.04170,0.0000,0.0000,0.6371,0.0000,0.4170,0.3429,0.1931,SAFE,False,0,9,,,,,,
1771435998.389,0.1,,,,,,,,,,,,,,,0.1931,SAFE,,0,,t2244_0,0.32,HIGH,OFFLOAD,"Budget exhausted (B=0), offloading. Original: SAFE: all tasks permitted (weight=0.32)",
1771435998.389,0.1,,,,,,,,,,,,,,,0.1931,SAFE,,0,,t2244_1,0.58,NORMAL,OFFLOAD,"Budget exhausted (B=0), offloading. Original: SAFE: all tasks permitted (weight=0.58)",
1771435998.389,0.1,49.47,4.7627,1.129,37.8,4,,,0.04143,0.0000,0.0000,0.3967,0.0000,0.4143,0.3245,0.1579,SAFE,False,0,9,,,,,,
1771435998.389,0.1,49.68,4.7945,1.095,35.4,4,,,0.03819,0.0000,0.0000,0.2525,0.0000,0.3819,0.3075,0.1325,SAFE,False,0,9,,,,,,
1771435998.389,0.1,49.82,4.7915,1.063,33.1,3,,,0.03140,0.0000,0.0000,0.2661,0.0000,0.3140,0.2766,0.1213,SAFE,False,0,9,,,,,,
1771435998.389,0.1,50.18,4.7907,1.034,31.0,3,,,0.02664,0.0000,0.0000,0.2695,0.0000,0.2664,0.2619,0.1141,SAFE,False,0,9,,,,,,
1771435998.389,0.1,50.60,4.7912,1.006,29.0,3,,,0.02738,0.0000,0.0000,0.2674,0.0000,0.2738,0.2482,0.1118,SAFE,False,8,0,,,,,,window_reset|B=8
1771435998.389,0.1,,,,,,,,,,,,,,,0.1118,SAFE,,7,,t2249_0,0.26,NORMAL,LOCAL,SAFE: all tasks permitted (weight=0.26),
1771435998.389,0.1,49.75,4.7748,1.011,29.4,3,,,0.02735,0.0000,0.0000,0.3417,0.0000,0.2735,0.2505,0.1219,SAFE,False,7,1,,,,,,
1771435998.389,0.1,,,,,,,,,,,,,,,0.1219,SAFE,,6,,t2250_0,0.65,NORMAL,LOCAL,SAFE: all tasks permitted (weight=0.65),
1771435998.389,0.1,,,,,,,,,,,,,,,0.1219,SAFE,,5,,t2250_1,0.46,HIGH,LOCAL,SAFE: all tasks permitted (weight=0.46),
1771435998.389,0.1,49.74,4.7397,1.116,36.8,4,,,0.02589,0.0000,0.0000,0.5013,0.0000,0.2589,0.3179,0.1546,SAFE,False,5,3,,,,,,
1771435998.389,0.1,,,,,,,,,,,,,,,0.1546,SAFE,,4,,t2251_0,0.58,HIGH,LOCAL,SAFE: all tasks permitted (weight=0.58),
1771435998.389,0.1,50.14,4.7768,1.151,39.4,4,,,0.02587,0.0000,0.0000,0.3330,0.0000,0.2587,0.3355,0.1362,SAFE,False,4,4,,,,,,
1771435998.390,0.1,50.52,4.7673,1.115,36.8,4,62462.815,4.54262,0.02492,0.0000,1.0000,0.3759,0.0000,0.2492,0.3176,0.3873,WARNING,False,4,4,,,,,,
1771435998.390,0.1,50.17,4.7262,1.082,34.4,3,29050.765,-67.81340,0.02640,0.0000,1.0000,0.5627,1.0000,0.2640,0.2861,0.6068,CRITICAL,False,4,4,,,,,,
1771435998.390,0.1,50.67,4.7637,1.051,32.2,3,50990.318,-27.57589,0.02637,0.0000,1.0000,0.3923,1.0000,0.2637,0.2707,0.5815,CRITICAL,False,4,4,,,,,,
1771435998.390,0.1,49.89,4.7775,1.023,30.2,3,-16914.952,-13.09476,0.02036,0.0000,0.0000,0.3294,1.0000,0.2036,0.2563,0.3145,WARNING,False,4,4,,,,,,
1771435998.390,0.1,50.79,4.8020,0.996,28.3,3,11547.297,10.79530,0.02181,0.0000,1.0000,0.2180,0.0000,0.2181,0.2430,0.3488,WARNING,False,4,4,,,,,,
1771435998.390,0.1,50.88,4.8040,0.971,26.5,2,67830.509,28.98425,0.02268,0.0000,1.0000,0.2091,0.0000,0.2268,0.2156,0.3430,WARNING,False,4,4,,,,,,
1771435998.390,0.1,49.91,4.8026,0.948,24.9,2,10182.240,62.49126,0.02353,0.0000,1.0000,0.2154,0.0000,0.2353,0.2041,0.3423,WARNING,False,4,4,,,,,,
1771435998.390,0.1,49.77,4.8232,0.927,23.3,2,-22083.958,46.12249,0.02668,0.0000,0.0000,0.1219,0.0000,0.2668,0.1934,0.0812,SAFE,False,4,4,,,,,,
1771435998.390,0.1,49.64,4.8114,0.907,21.9,2,,,0.02799,0.0000,0.0000,0.1754,0.0000,0.2799,0.1834,0.0875,SAFE,False,4,4,,,,,,
1771435998.390,0.1,,,,,,,,,,,,,,,0.0875,SAFE,,3,,t2261_0,0.38,HIGH,LOCAL,SAFE: all tasks permitted (weight=0.38),
1771435998.390,0.1,49.42,4.8220,0.933,23.8,2,,,0.03012,0.0000,0.0000,0.1273,0.0000,0.3012,0.1965,0.0860,SAFE,False,3,5,,,,,,
1771435998.390,0.1,,,,,,,,,,,,,,,0.0860,SAFE,,2,,t2262_0,0.68,HIGH,LOCAL,SAFE: all tasks permitted (weight=0.68),
1771435998.390,0.1,49.64,4.8101,0.993,28.1,3,,,0.02753,0.0000,0.0000,0.1814,0.0000,0.2753,0.2414,0.0994,SAFE,False,2,6,,,,,,
1771435998.390,0.1,,,,,,,,,,,,,,,0.0994,SAFE,,1,,t2263_0,0.67,NORMAL,LOCAL,SAFE: all tasks permitted (weight=0.67),
1771435998.390,0.1,50.15,4.7739,1.047,31.9,3,,,0.02765,0.0000,0.0000,0.3458,0.0000,0.2765,0.2684,0.1263,SAFE,False,8,0,,,,,,window_reset|B=8
1771435998.390,0.1,,,,,,,,,,,,,,,0.1263,SAFE,,7,,t2264_0,0.27,NORMAL,LOCAL,SAFE: all tasks permitted (weight=0.27),
1771435998.390,0.1,49.23,4.7864,1.050,32.1,3,,,0.02682,0.0000,0.0000,0.2893,0.0000,0.2682,0.2699,0.1184,SAFE,False,7,1,,,,,,
1771435998.390,0.1,,,,,,,,,,,,,,,0.1184,SAFE,,6,,t2265_0,0.78,CRITICAL,LOCAL,SAFE: all tasks permitted (weight=0.78),
1771435998.390,0.1,50.02,4.7626,1.113,36.6,4,,,0.02054,0.0000,0.0000,0.3973,0.0000,0.2054,0.3163,0.1355,SAFE,False,6,2,,,,,,
1771435998.390,0.1,50.20,4.7929,1.080,34.3,3,,,0.01830,0.0000,0.0000,0.2597,0.0000,0.1830,0.2849,0.1090,SAFE,False,6,2,,,,,,
1771435998.390,0.1,50.25,4.8270,1.049,32.1,3,,,0.01892,0.0000,0.0000,0.1046,0.0000,0.1892,0.2696,0.0864,SAFE,False,6,2,,,,,,
1771435998.390,0.1,49.66,4.7727,1.021,30.0,3,,,0.02052,0.0000,0.0000,0.3512,0.0000,0.2052,0.2553,0.1172,SAFE,False,6,2,,,,,,
1771435998.390,0.1,50.27,4.8125,0.994,28.2,3,,,0.02082,0.0000,0.0000,0.1705,0.0000,0.2082,0.2421,0.0914,SAFE,False,6,2,,,,,,
1771435998.390,0.1,50.59,4.8007,0.969,26.4,2,,,0.02081,0.0000,0.0000,0.2240,0.0000,0.2081,0.2147,0.0929,SAFE,False,6,2,,,,,,
1771435998.390,0.1,49.91,4.7845,0.947,24.8,2,,,0.01988,0.0000,0.0000,0.2977,0.0000,0.1988,0.2033,0.0992,SAFE,False,6,2,,,,,,
1771435998.390,0.1,,,,,,,,,,,,,,,0.0992,SAFE,,5,,t2272_0,0.73,HIGH,LOCAL,SAFE: all tasks permitted (weight=0.73),
1771435998.390,0.1,50.18,4.7747,1.012,29.4,3,,,0.02016,0.0000,0.0000,0.3424,0.0000,0.2016,0.2508,0.1148,SAFE,False,5,3,,,,,,
1771435998.390,0.1,49.91,4.7766,0.986,27.6,3,,,0.01863,0.0000,0.0000,0.3335,0.0000,0.1863,0.2379,0.1096,SAFE,False,5,3,,,,,,
1771435998.390,0.1,49.98,4.8340,0.962,25.8,2,,,0.02174,0.0000,0.0000,0.0726,0.0000,0.2174,0.2108,0.0734,SAFE,False,5,3,,,,,,
1771435998.390,0.1,48.95,4.8466,0.939,24.2,2,,,0.02574,0.0000,0.0000,0.0156,0.0000,0.2574,0.1997,0.0677,SAFE,False,5,3,,,,,,
1771435998.390,0.1,,,,,,,,,,,,,,,0.0677,SAFE,,4,,t2276_0,0.78,HIGH,LOCAL,SAFE: all tasks permitted (weight=0.78),
1771435998.390,0.1,49.79,4.8033,1.011,29.3,3,,,0.02555,0.0000,0.0000,0.2123,0.0000,0.2555,0.2504,0.1032,SAFE,False,4,4,,,,,,
1771435998.390,0.1,,,,,,,,,,,,,,,0.1032,SAFE,,3,,t2277_0,0.46,NORMAL,LOCAL,SAFE: all tasks permitted (weight=0.46),
1771435998.390,0.1,50.00,4.7763,1.039,31.4,3,,,0.02417,0.0000,0.0000,0.3352,0.0000,0.2417,0.2646,0.1207,SAFE,False,3,5,,,,,,
1771435998.390,0.1,,,,,,,,,,,,,,,0.1207,SAFE,,2,,t2278_0,0.63,NORMAL,LOCAL,SAFE: all tasks permitted (weight=0.63),
1771435998.390,0.1,50.17,4.7370,1.086,34.7,3,,,0.02984,0.0000,0.0000,0.5137,0.0000,0.2984,0.2879,0.1542,SAFE,False,8,0,,,,,,window_reset|B=8
1771435998.390,0.1,50.21,4.7908,1.055,32.5,3,,,0.02829,0.0000,0.0000,0.2692,0.0000,0.2829,0.2723,0.1177,SAFE,False,8,0,,,,,,
1771435998.390,0.1,50.08,4.8015,1.026,30.4,3,,,0.02773,0.0000,0.0000,0.2203,0.0000,0.2773,0.2579,0.1080,SAFE,False,8,0,,,,,,
1771435998.390,0.1,,,,,,,,,,,,,,,0.1080,SAFE,,7,,t2281_0,0.40,NORMAL,LOCAL,SAFE: all tasks permitted (weight=0.40),
1771435998.390,0.1,49.80,4.8016,1.047,31.9,3,,,0.02731,0.0000,0.0000,0.2202,0.0000,0.2731,0.2683,0.1096,SAFE,False,7,1,,,,,,
1771435998.390,0.1,,,,,,,,,,,,,,,0.1096,SAFE,,6,,t2282_0,0.20,NORMAL,LOCAL,SAFE: all tasks permitted (weight=0.20),
1771435998.390,0.1,50.15,4.7771,1.042,31.6,3,,,0.02761,0.0000,0.0000,0.3315,0.0000,0.2761,0.2661,0.1239,SAFE,False,6,2,,,,,,
1771435998.390,0.1,,,,,,,,,,,,,,,0.1239,SAFE,,5,,t2283_0,0.69,NORMAL,LOCAL,SAFE: all tasks permitted (weight=0.69),
1771435998.390,0.1,49.93,4.7490,1.095,35.4,4,,,0.03004,0.0000,0.0000,0.4590,0.0000,0.3004,0.3076,0.1512,SAFE,False,5,3,,,,,,
1771435998.390,0.1,,,,,,,,,,,,,,,0.1512,SAFE,,4,,t2284_0,0.70,LOW,LOCAL,SAFE: all tasks permitted (weight=0.70),
1771435998.390,0.1,50.01,4.7097,1.147,39.1,4,,,0.03716,0.0000,0.0000,0.6378,0.0000,0.3716,0.3334,0.1867,SAFE,False,4,4,,,,,,
1771435998.390,0.1,,,,,,,,,,,,,,,0.1867,SAFE,,3,,t2285_0,0.83,LOW,LOCAL,SAFE: all tasks permitted (weight=0.83),
1771435998.390,0.1,49.84,4.7479,1.210,43.5,5,,,0.03843,0.0000,0.0000,0.4641,0.0000,0.3843,0.3798,0.1747,SAFE,False,3,5,,,,,,
1771435998.391,0.1,,,,,,,,,,,,,,,0.1747,SAFE,,2,,t2286_0,0.46,HIGH,LOCAL,SAFE: all tasks permitted (weight=0.46),
1771435998.391,0.1,50.92,4.7518,1.225,44.6,5,45277.427,14.86541,0.03564,0.0000,1.0000,0.4465,0.0000,0.3564,0.3874,0.4212,WARNING,False,2,6,,,,,,
1771435998.391,0.1,,,,,,,,,,,,,,,0.4212,WARNING,,2,,t2287_0,0.46,HIGH,OFFLOAD,WARNING: heavy task offloaded (weight=0.46 >= 0.3),
1771435998.391,0.1,51.29,4.7319,1.184,41.7,4,65026.249,-59.24742,0.02991,0.0000,1.0000,0.5369,1.0000,0.2991,0.3520,0.6201,CRITICAL,False,2,6,,,,,,
1771435998.391,0.1,51.20,4.7739,1.146,39.0,4,67841.970,-27.75129,0.02779,0.0000,1.0000,0.3457,1.0000,0.2779,0.3330,0.5893,CRITICAL,False,2,6,,,,,,
1771435998.391,0.1,51.09,4.7606,1.111,36.5,4,77601.015,-41.21013,0.02748,0.0000,1.0000,0.4064,1.0000,0.2748,0.3154,0.5934,CRITICAL,False,2,6,,,,,,
1771435998.391,0.1,,,,,,,,,,,,,,,0.5934,CRITICAL,,2,,t2290_0,0.54,HIGH,OFFLOAD,CRITICAL: non-critical task offloaded (priority=HIGH),
1771435998.391,0.1,,,,,,,,,,,,,,,0.5934,CRITICAL,,2,,t2290_1,0.62,NORMAL,OFFLOAD,CRITICAL: non-critical task offloaded (priority=NORMAL),
1771435998.391,0.1,50.64,4.7848,1.078,34.1,3,29702.487,7.76801,0.02716,0.0000,1.0000,0.2964,0.0000,0.2716,0.2840,0.3725,WARNING,False,2,6,,,,,,
1771435998.391,0.1,,,,,,,,,,,,,,,0.3725,WARNING,,1,,t2291_0,0.20,NORMAL,LOCAL,WARNING: lightweight task permitted (weight=0.20 < 0.3),
1771435998.391,0.1,51.35,4.7953,1.071,33.7,3,85911.438,46.55750,0.02754,0.0000,1.0000,0.2486,0.0000,0.2754,0.2807,0.3660,WARNING,False,1,7,,,,,,
1771435998.391,0.1,51.37,4.8162,1.041,31.5,3,82180.333,107.08743,0.02938,0.0000,1.0000,0.1538,0.0000,0.2938,0.2657,0.3525,WARNING,False,1,7,,,,,,
1771435998.391,0.1,,,,,,,,,,,,,,,0.3525,WARNING,,1,,t2293_0,0.44,LOW,OFFLOAD,WARNING: heavy task offloaded (weight=0.44 >= 0.3),
1771435998.391,0.1,50.51,4.8125,1.013,29.5,3,40806.060,65.03430,0.03060,0.0000,1.0000,0.1702,0.0000,0.3060,0.2517,0.3531,WARNING,False,6,0,,,,,,window_reset|B=6
1771435998.391,0.1,,,,,,,,,,,,,,,0.3531,WARNING,,6,,t2294_0,0.46,NORMAL,OFFLOAD,WARNING: heavy task offloaded (weight=0.46 >= 0.3),
1771435998.391,0.1,50.99,4.7884,0.987,27.7,3,,,0.03105,0.0000,0.0000,0.2802,0.0000,0.3105,0.2387,0.1152,SAFE,False,6,0,,,,,,
1771435998.391,0.1,51.05,4.8194,0.963,25.9,2,,,0.03338,0.0000,0.0000,0.1389,0.0000,0.3338,0.2116,0.0938,SAFE,False,6,0,,,,,,
1771435998.391,0.1,,,,,,,,,,,,,,,0.0938,SAFE,,5,,t2296_0,0.64,HIGH,LOCAL,SAFE: all tasks permitted (weight=0.64),
1771435998.391,0.1,50.49,4.8169,1.016,29.7,3,,,0.02892,0.0000,0.0000,0.1506,0.0000,0.2892,0.2532,0.0991,SAFE,False,5,1,,,,,,
1771435998.391,0.1,50.73,4.7840,0.990,27.9,3,,,0.02688,0.0000,0.0000,0.3000,0.0000,0.2688,0.2401,0.1139,SAFE,False,5,1,,,,,,
1771435998.391,0.1,50.74,4.7922,0.966,26.1,2,,,0.02480,0.0000,0.0000,0.2626,0.0000,0.2480,0.2129,0.1015,SAFE,False,5,1,,,,,,
1771435998.391,0.1,,,,,,,,,,,,,,,0.1015,SAFE,,4,,t2299_0,0.48,LOW,LOCAL,SAFE: all tasks permitted (weight=0.48),
1771435998.391,0.1,50.03,4.8091,1.000,28.6,3,,,0.01807,0.0000,0.0000,0.1860,0.0000,0.1807,0.2451,0.0913,SAFE,False,4,2,,,,,,
1771435998.391,0.1,,,,,,,,,,,,,,,0.0913,SAFE,,3,,t2300_0,0.51,NORMAL,LOCAL,SAFE: all tasks permitted (weight=0.51),
1771435998.391,0.1,50.55,4.7934,1.035,31.1,3,,,0.01684,0.0000,0.0000,0.2571,0.0000,0.1684,0.2625,0.1028,SAFE,False,3,3,,,,,,
1771435998.391,0.1,51.11,4.7998,1.008,29.1,3,,,0.01258,0.0000,0.0000,0.2283,0.0000,0.1258,0.2488,0.0920,SAFE,False,3,3,,,,,,
1771435998.391,0.1,,,,,,,,,,,,,,,0.0920,SAFE,,2,,t2302_0,0.24,CRITICAL,LOCAL,SAFE: all tasks permitted (weight=0.24),
1771435998.391,0.1,50.77,4.8052,1.010,29.3,3,,,0.01162,0.0000,0.0000,0.2034,0.0000,0.1162,0.2501,0.0881,SAFE,False,2,4,,,,,,
1771435998.391,0.1,,,,,,,,,,,,,,,0.0881,SAFE,,1,,t2303_0,0.30,NORMAL,LOCAL,SAFE: all tasks permitted (weight=0.30),
1771435998.391,0.1,50.58,4.7999,1.020,30.0,3,,,0.01145,0.0000,0.0000,0.2279,0.0000,0.1145,0.2552,0.0921,SAFE,False,1,5,,,,,,
1771435998.391,0.1,50.25,4.7795,0.994,28.1,3,,,0.01240,0.0000,0.0000,0.3204,0.0000,0.1240,0.2419,0.1024,SAFE,False,1,5,,,,,,
1771435998.391,0.1,50.81,4.8177,0.969,26.4,2,,,0.01290,0.0000,0.0000,0.1467,0.0000,0.1290,0.2146,0.0749,SAFE,False,1,5,,,,,,
1771435998.391,0.1,,,,,,,,,,,,,,,0.0749,SAFE,,0,,t2306_0,0.29,CRITICAL,LOCAL,SAFE: all tasks permitted (weight=0.29),
1771435998.391,0.1,50.16,4.7875,0.980,27.2,3,,,0.01297,0.0000,0.0000,0.2840,0.0000,0.1297,0.2351,0.0969,SAFE,False,0,6,,,,,,
1771435998.391,0.1,49.91,4.8281,0.957,25.5,2,,,0.01419,0.0000,0.0000,0.0996,0.0000,0.1419,0.2083,0.0688,SAFE,False,0,6,,,,,,
1771435998.391,0.1,50.01,4.8468,0.935,23.9,2,,,0.01867,0.0000,0.0000,0.0144,0.0000,0.1867,0.1973,0.0600,SAFE,False,9,0,,,,,,window_reset|B=9
1771435998.391,0.1,,,,,,,,,,,,,,,0.0600,SAFE,,8,,t2309_0,0.38,CRITICAL,LOCAL,SAFE: all tasks permitted (weight=0.38),
1771435998.391,0.1,,,,,,,,,,,,,,,0.0600,SAFE,,7,,t2309_1,0.68,HIGH,LOCAL,SAFE: all tasks permitted (weight=0.68),
1771435998.391,0.1,50.44,4.7898,1.040,31.4,3,,,0.01823,0.0000,0.0000,0.2737,0.0000,0.1823,0.2651,0.1068,SAFE,False,7,2,,,,,,
1771435998.391,0.1,,,,,,,,,,,,,,,0.1068,SAFE,,6,,t2310_0,0.73,HIGH,LOCAL,SAFE: all tasks permitted (weight=0.73),
1771435998.391,0.1,50.68,4.7555,1.100,35.7,4,,,0.02254,0.0000,0.0000,0.4297,0.0000,0.2254,0.3098,0.1404,SAFE,False,6,3,,,,,,
1771435998.391,0.1,,,,,,,,,,,,,,,0.1404,SAFE,,5,,t2311_0,0.51,NORMAL,LOCAL,SAFE: all tasks permitted (weight=0.51),
1771435998.391,0.1,50.49,4.7863,1.128,37.7,4,,,0.02274,0.0000,0.0000,0.2894,0.0000,0.2274,0.3241,0.1252,SAFE,False,5,4,,,,,,
1771435998.391,0.1,,,,,,,,,,,,,,,0.1252,SAFE,,4,,t2312_0,0.80,NORMAL,LOCAL,SAFE: all tasks permitted (weight=0.80),
1771435998.391,0.1,50.28,4.7167,1.189,42.1,4,,,0.03224,0.0000,0.0000,0.6058,0.0000,0.3224,0.3545,0.1819,SAFE,False,4,5,,,,,,
1771435998.391,0.1,50.74,4.7331,1.151,39.3,4,,,0.03607,0.0000,0.0000,0.5314,0.0000,0.3607,0.3353,0.1722,SAFE,False,4,5,,,,,,
1771435998.391,0.1,,,,,,,,,,,,,,,0.1722,SAFE,,3,,t2314_0,0.68,LOW,LOCAL,SAFE: all tasks permitted (weight=0.68),
1771435998.392,0.1,50.82,4.7467,1.196,42.6,4,39270.415,-40.85212,0.03723,0.0000,1.0000,0.4695,1.0000,0.3723,0.3580,0.6199,WARNING,False,3,6,,,,,,
1771435998.392,0.1,50.89,4.7184,1.157,39.8,4,58854.020,-109.79413,0.04068,0.0000,1.0000,0.5982,1.0000,0.4068,0.3386,0.6362,CRITICAL,False,3,6,,,,,,
1771435998.392,0.1,,,,,,,,,,,,,,,0.6362,CRITICAL,,3,,t2316_0,0.58,LOW,OFFLOAD,CRITICAL: non-critical task offloaded (priority=LOW),
1771435998.392,0.1,51.29,4.7620,1.121,37.2,4,76650.429,-84.94854,0.04083,0.0000,1.0000,0.4002,1.0000,0.4083,0.3206,0.6070,CRITICAL,False,3,6,,,,,,
1771435998.392,0.1,,,,,,,,,,,,,,,0.6070,CRITICAL,,3,,t2317_0,0.30,LOW,OFFLOAD,CRITICAL: non-critical task offloaded (priority=LOW),
1771435998.392,0.1,50.74,4.7657,1.088,34.8,3,18192.993,-24.07833,0.03866,0.0000,1.0000,0.3830,1.0000,0.3866,0.2888,0.5962,CRITICAL,False,3,6,,,,,,
1771435998.392,0.1,51.13,4.7867,1.056,32.6,3,26863.686,31.22159,0.03863,0.0000,1.0000,0.2879,0.0000,0.3863,0.2732,0.3807,WARNING,False,3,6,,,,,,
1771435998.392,0.1,,,,,,,,,,,,,,,0.3807,WARNING,,3,,t2319_0,0.37,HIGH,OFFLOAD,WARNING: heavy task offloaded (weight=0.37 >= 0.3),
1771435998.392,0.1,50.88,4.7839,1.027,30.5,3,23686.295,-2.41411,0.03480,0.0000,1.0000,0.3003,1.0000,0.3480,0.2587,0.5756,CRITICAL,False,3,6,,,,,,
1771435998.392,0.1,,,,,,,,,,,,,,,0.5756,CRITICAL,,3,,t2320_0,0.76,NORMAL,OFFLOAD,CRITICAL: non-critical task offloaded (priority=NORMAL),
1771435998.392,0.1,50.88,4.7456,1.000,28.6,3,36083.274,28.90865,0.02510,0.0000,1.0000,0.4745,0.0000,0.2510,0.2452,0.3858,WARNING,False,3,6,,,,,,
1771435998.392,0.1,51.21,4.8127,0.975,26.8,2,28263.978,79.66857,0.02816,0.0000,1.0000,0.1696,0.0000,0.2816,0.2177,0.3437,WARNING,False,3,6,,,,,,
1771435998.392,0.1,50.78,4.8187,0.952,25.1,2,,,0.03251,0.0000,0.0000,0.1421,0.0000,0.3251,0.2060,0.0922,SAFE,False,3,6,,,,,,
1771435998.392,0.1,50.89,4.8312,0.930,23.6,2,,,0.03704,0.0000,0.0000,0.0856,0.0000,0.3704,0.1952,0.0872,SAFE,False,9,0,,,,,,window_reset|B=9
1771435998.392,0.1,,,,,,,,,,,,,,,0.0872,SAFE,,8,,t2324_0,0.68,LOW,LOCAL,SAFE: all tasks permitted (weight=0.68),
1771435998.392,0.1,49.84,4.8183,0.991,28.0,3,,,0.03584,0.0000,0.0000,0.1440,0.0000,0.3584,0.2407,0.1027,SAFE,False,8,1,,,,,,
1771435998.392,0.1,50.97,4.8085,0.967,26.2,2,,,0.03418,0.0000,0.0000,0.1887,0.0000,0.3418,0.2134,0.1014,SAFE,False,8,1,,,,,,
1771435998.392,0.1,,,,,,,,,,,,,,,0.1014,SAFE,,7,,t2326_0,0.36,CRITICAL,LOCAL,SAFE: all tasks permitted (weight=0.36),
1771435998.392,0.1,50.28,4.7876,0.987,27.7,3,,,0.03236,0.0000,0.0000,0.2834,0.0000,0.3236,0.2387,0.1169,SAFE,False,7,2,,,,,,
1771435998.392,0.1,50.31,4.8225,0.963,25.9,2,,,0.02630,0.0000,0.0000,0.1252,0.0000,0.2630,0.2116,0.0849,SAFE,False,7,2,,,,,,
1771435998.392,0.1,,,,,,,,,,,,,,,0.0849,SAFE,,6,,t2328_0,0.51,HIGH,LOCAL,SAFE: all tasks permitted (weight=0.51),
1771435998.392,0.1,,,,,,,,,,,,,,,0.0849,SAFE,,5,,t2328_1,0.65,NORMAL,LOCAL,SAFE: all tasks permitted (weight=0.65),
1771435998.392,0.1,50.41,4.7481,1.079,34.2,3,,,0.02799,0.0000,0.0000,0.4633,0.0000,0.2799,0.2847,0.1452,SAFE,False,5,4,,,,,,
1771435998.392,0.1,,,,,,,,,,,,,,,0.1452,SAFE,,4,,t2329_0,0.58,NORMAL,LOCAL,SAFE: all tasks permitted (weight=0.58),
1771435998.392,0.1,50.37,4.7624,1.118,37.0,4,,,0.02828,0.0000,0.0000,0.3982,0.0000,0.2828,0.3190,0.1438,SAFE,False,4,5,,,,,,
1771435998.392,0.1,50.16,4.7560,1.085,34.6,3,,,0.03014,0.0000,0.0000,0.4271,0.0000,0.3014,0.2873,0.1431,SAFE,False,4,5,,,,,,
1771435998.392,0.1,,,,,,,,,,,,,,,0.1431,SAFE,,3,,t2331_0,0.69,LOW,LOCAL,SAFE: all tasks permitted (weight=0.69),
1771435998.392,0.1,51.14,4.7779,1.137,38.3,4,,,0.03030,0.0000,0.0000,0.3276,0.0000,0.3030,0.3283,0.1385,SAFE,False,3,6,,,,,,
1771435998.392,0.1,,,,,,,,,,,,,,,0.1385,SAFE,,2,,t2332_0,0.37,LOW,LOCAL,SAFE: all tasks permitted (weight=0.37),
1771435998.392,0.1,50.96,4.7604,1.146,39.0,4,,,0.02870,0.0000,0.0000,0.4072,0.0000,0.2870,0.3328,0.1482,SAFE,False,2,7,,,,,,
1771435998.392,0.1,50.61,4.7701,1.110,36.5,4,,,0.02856,0.0000,0.0000,0.3633,0.0000,0.2856,0.3152,0.1388,SAFE,False,2,7,,,,,,
1771435998.392,0.1,50.57,4.7723,1.078,34.1,3,,,0.02731,0.0000,0.0000,0.3533,0.0000,0.2731,0.2838,0.1300,SAFE,False,2,7,,,,,,
1771435998.392,0.1,,,,,,,,,,,,,,,0.1300,SAFE,,1,,t2335_0,0.78,NORMAL,LOCAL,SAFE: all tasks permitted (weight=0.78),
1771435998.392,0.1,50.88,4.7682,1.140,38.6,4,,,0.02367,0.0000,0.0000,0.3719,0.0000,0.2367,0.3302,0.1381,SAFE,False,1,8,,,,,,
1771435998.392,0.1,50.84,4.7785,1.105,36.1,4,,,0.02056,0.0000,0.0000,0.3251,0.0000,0.2056,0.3127,0.1254,SAFE,False,1,8,,,,,,
1771435998.392,0.1,,,,,,,,,,,,,,,0.1254,SAFE,,0,,t2337_0,0.28,HIGH,LOCAL,SAFE: all tasks permitted (weight=0.28),
1771435998.392,0.1,50.38,4.7717,1.107,36.2,4,,,0.01809,0.0000,0.0000,0.3560,0.0000,0.1809,0.3135,0.1271,SAFE,False,0,9,,,,,,
1771435998.392,0.1,,,,,,,,,,,,,,,0.1271,SAFE,,0,,t2338_0,0.74,HIGH,OFFLOAD,"Budget exhausted (B=0), offloading. Original: SAFE: all tasks permitted (weight=0.74)",
1771435998.392,0.1,51.31,4.7857,1.074,33.9,3,,,0.01797,0.0000,0.0000,0.2924,0.0000,0.1797,0.2822,0.1124,SAFE,False,8,0,,,,,,window_reset|B=8
1771435998.392,0.1,51.52,4.8086,1.044,31.7,3,,,0.01492,0.0000,0.0000,0.1884,0.0000,0.1492,0.2671,0.0928,SAFE,False,8,0,,,,,,
1771435998.392,0.1,,,,,,,,,,,,,,,0.0928,SAFE,,7,,t2340_0,0.57,NORMAL,LOCAL,SAFE: all tasks permitted (weight=0.57),
1771435998.392,0.1,51.39,4.7846,1.084,34.6,3,,,0.01346,0.0000,0.0000,0.2971,0.0000,0.1346,0.2871,0.1095,SAFE,False,7,1,,,,,,
1771435998.392,0.1,51.22,4.7374,1.053,32.4,3,,,0.01673,0.0000,0.0000,0.5117,0.0000,0.1673,0.2717,0.1376,SAFE,False,7,1,,,,,,
1771435998.392,0.1,,,,,,,,,,,,,,,0.1376,SAFE,,6,,t2342_0,0.50,LOW,LOCAL,SAFE: all tasks permitted (weight=0.50),
1771435998.392,0.1,51.65,4.7661,1.084,34.6,3,,,0.01612,0.0000,0.0000,0.3814,0.0000,0.1612,0.2869,0.1231,SAFE,False,6,2,,,,,,
1771435998.392,0.1,,,,,,,,,,,,,,,0.1231,SAFE,,5,,t2343_0,0.57,HIGH,LOCAL,SAFE: all tasks permitted (weight=0.57),
1771435998.392,0.1,51.62,4.7820,1.121,37.2,4,,,0.01625,0.0000,0.0000,0.3089,0.0000,0.1625,0.3207,0.1206,SAFE,False,5,3,,,,,,
1771435998.392,0.1,51.53,4.7896,1.088,34.9,3,,,0.01625,0.0000,0.0000,0.2746,0.0000,0.1625,0.2890,0.1097,SAFE,False,5,3,,,,,,
1771435998.392,0.1,,,,,,,,,,,,,,,0.1097,SAFE,,4,,t2345_0,0.26,CRITICAL,LOCAL,SAFE: all tasks permitted (weight=0.26),
1771435998.392,0.1,51.29,4.7956,1.088,34.9,3,,,0.01696,0.0000,0.0000,0.2474,0.0000,0.1696,0.2892,0.1070,SAFE,False,4,4,,,,,,
1771435998.393,0.1,51.65,4.8033,1.057,32.7,3,20461.596,17.68564,0.01817,0.0000,1.0000,0.2121,0.0000,0.1817,0.2736,0.3504,WARNING,False,4,4,,,,,,
1771435998.393,0.1,51.86,4.7673,1.028,30.6,3,20204.894,-41.31917,0.01822,0.0000,1.0000,0.3761,1.0000,0.1822,0.2590,0.5689,CRITICAL,False,4,4,,,,,,
1771435998.393,0.1,,,,,,,,,,,,,,,0.5689,CRITICAL,,4,,t2348_0,0.83,NORMAL,OFFLOAD,CRITICAL: non-critical task offloaded (priority=NORMAL),
1771435998.393,0.1,51.45,4.7796,1.001,28.6,3,3755.635,-5.02527,0.01821,0.0000,1.0000,0.3199,1.0000,0.1821,0.2455,0.5589,CRITICAL,False,4,4,,,,,,
1771435998.393,0.1,,,,,,,,,,,,,,,0.5589,CRITICAL,,4,,t2349_0,0.79,HIGH,OFFLOAD,CRITICAL: non-critical task offloaded (priority=HIGH),
1771435998.393,0.1,50.86,4.8365,0.976,26.8,2,-21138.346,99.13252,0.02351,0.0000,0.0000,0.0613,0.0000,0.2351,0.2179,0.0751,WARNING,False,4,4,,,,,,
1771435998.393,0.1,,,,,,,,,,,,,,,0.0751,WARNING,,4,,t2350_0,0.84,HIGH,OFFLOAD,WARNING: heavy task offloaded (weight=0.84 >= 0.3),
1771435998.393,0.1,50.76,4.8045,0.953,25.2,2,-53529.628,38.43059,0.02403,0.0000,0.0000,0.2068,0.0000,0.2403,0.2063,0.0922,SAFE,False,4,4,,,,,,
1771435998.393,0.1,,,,,,,,,,,,,,,0.0922,SAFE,,3,,t2351_0,0.25,NORMAL,LOCAL,SAFE: all tasks permitted (weight=0.25),
1771435998.393,0.1,51.08,4.7919,0.960,25.7,2,-32446.386,9.84304,0.02327,0.0000,0.0000,0.2642,0.0000,0.2327,0.2102,0.0997,SAFE,False,3,5,,,,,,
1771435998.393,0.1,50.49,4.7998,0.938,24.1,2,-62418.757,10.24059,0.02354,0.0000,0.0000,0.2280,0.0000,0.2354,0.1990,0.0930,SAFE,False,3,5,,,,,,
1771435998.393,0.1,50.44,4.8289,0.917,22.7,2,-50906.991,33.31190,0.02062,0.0000,0.0000,0.0960,0.0000,0.2062,0.1887,0.0708,SAFE,False,9,0,,,,,,window_reset|B=9
1771435998.393,0.1,50.78,4.8194,0.898,21.3,2,,,0.01954,0.0000,0.0000,0.1389,0.0000,0.1954,0.1790,0.0734,SAFE,False,9,0,,,,,,
1771435998.393,0.1,,,,,,,,,,,,,,,0.0734,SAFE,,8,,t2355_0,0.66,HIGH,LOCAL,SAFE: all tasks permitted (weight=0.66),
1771435998.393,0.1,,,,,,,,,,,,,,,0.0734,SAFE,,7,,t2355_1,0.66,NORMAL,LOCAL,SAFE: all tasks permitted (weight=0.66),
1771435998.393,0.1,50.45,4.7721,1.039,31.3,3,,,0.02047,0.0000,0.0000,0.3542,0.0000,0.2047,0.2643,0.1194,SAFE,False,7,2,,,,,,
1771435998.393,0.1,,,,,,,,,,,,,,,0.1194,SAFE,,6,,t2356_0,0.57,CRITICAL,LOCAL,SAFE: all tasks permitted (weight=0.57),
1771435998.393,0.1,50.35,4.7911,1.080,34.3,3,,,0.02042,0.0000,0.0000,0.2677,0.0000,0.2042,0.2849,0.1122,SAFE,False,6,3,,,,,,
1771435998.393,0.1,,,,,,,,,,,,,,,0.1122,SAFE,,5,,t2357_0,0.37,NORMAL,LOCAL,SAFE: all tasks permitted (weight=0.37),
1771435998.393,0.1,51.09,4.7515,1.093,35.2,4,,,0.02433,0.0000,0.0000,0.4479,0.0000,0.2433,0.3067,0.1439,SAFE,False,5,4,,,,,,
1771435998.393,0.1,51.05,4.7581,1.062,33.0,3,,,0.02625,0.0000,0.0000,0.4179,0.0000,0.2625,0.2759,0.1357,SAFE,False,5,4,,,,,,
1771435998.393,0.1,,,,,,,,,,,,,,,0.1357,SAFE,,4,,t2359_0,0.50,NORMAL,LOCAL,SAFE: all tasks permitted (weight=0.50),
1771435998.393,0.1,50.92,4.7417,1.093,35.2,4,,,0.02905,0.0000,0.0000,0.4925,0.0000,0.2905,0.3065,0.1544,SAFE,False,4,5,,,,,,
1771435998.393,0.1,,,,,,,,,,,,,,,0.1544,SAFE,,3,,t2360_0,0.26,NORMAL,LOCAL,SAFE: all tasks permitted (weight=0.26),
1771435998.393,0.1,51.12,4.7895,1.093,35.2,4,,,0.02889,0.0000,0.0000,0.2750,0.0000,0.2889,0.3067,0.1260,SAFE,False,3,6,,,,,,
1771435998.393,0.1,,,,,,,,,,,,,,,0.1260,SAFE,,2,,t2361_0,0.73,NORMAL,LOCAL,SAFE: all tasks permitted (weight=0.73),
1771435998.393,0.1,50.67,4.7369,1.150,39.3,4,,,0.02876,0.0000,0.0000,0.5140,0.0000,0.2876,0.3350,0.1626,SAFE,False,2,7,,,,,,
1771435998.393,0.1,50.85,4.7595,1.114,36.7,4,,,0.02853,0.0000,0.0000,0.4114,0.0000,0.2853,0.3172,0.1455,SAFE,False,2,7,,,,,,
1771435998.393,0.1,,,,,,,,,,,,,,,0.1455,SAFE,,1,,t2363_0,0.83,HIGH,LOCAL,SAFE: all tasks permitted (weight=0.83),
1771435998.393,0.1,,,,,,,,,,,,,,,0.1455,SAFE,,0,,t2363_1,0.67,NORMAL,LOCAL,SAFE: all tasks permitted (weight=0.67),
1771435998.393,0.1,51.38,4.7152,1.262,47.3,5,,,0.03302,0.0000,0.0000,0.6129,0.0000,0.3302,0.4059,0.1939,SAFE,False,0,9,,,,,,
1771435998.393,0.1,,,,,,,,,,,,,,,0.1939,SAFE,,0,,t2364_0,0.37,NORMAL,OFFLOAD,"Budget exhausted (B=0), offloading. Original: SAFE: all tasks permitted (weight=0.37)",
1771435998.393,0.1,51.46,4.7381,1.218,44.2,5,,,0.03309,0.0000,0.0000,0.5088,0.0000,0.3309,0.3842,0.1761,SAFE,False,0,9,,,,,,
1771435998.393,0.1,51.57,4.7801,1.178,41.3,4,,,0.02779,0.0000,0.0000,0.3179,0.0000,0.2779,0.3490,0.1389,SAFE,False,0,9,,,,,,
1771435998.393,0.1,,,,,,,,,,,,,,,0.1389,SAFE,,0,,t2366_0,0.21,CRITICAL,OFFLOAD,"Budget exhausted (B=0), offloading. Original: SAFE: all tasks permitted (weight=0.21)",
1771435998.393,0.1,51.13,4.7713,1.140,38.6,4,,,0.02223,0.0000,0.0000,0.3579,0.0000,0.2223,0.3302,0.1348,SAFE,False,0,9,,,,,,
1771435998.393,0.1,,,,,,,,,,,,,,,0.1348,SAFE,,0,,t2367_0,0.51,HIGH,OFFLOAD,"Budget exhausted (B=0), offloading. Original: SAFE: all tasks permitted (weight=0.51)",
1771435998.393,0.1,51.61,4.7719,1.106,36.1,4,,,0.02222,0.0000,0.0000,0.3548,0.0000,0.2222,0.3128,0.1309,SAFE,False,0,9,,,,,,
1771435998.393,0.1,52.01,4.7810,1.073,33.8,3,,,0.02115,0.0000,0.0000,0.3135,0.0000,0.2115,0.2816,0.1182,SAFE,False,8,0,,,,,,window_reset|B=8
1771435998.393,0.1,51.83,4.7740,1.043,31.6,3,,,0.02149,0.0000,0.0000,0.3454,0.0000,0.2149,0.2665,0.1197,SAFE,False,8,0,,,,,,
1771435998.393,0.1,,,,,,,,,,,,,,,0.1197,SAFE,,7,,t2370_0,0.70,HIGH,LOCAL,SAFE: all tasks permitted (weight=0.70),
1771435998.393,0.1,51.80,4.7763,1.099,35.7,4,,,0.02196,0.0000,0.0000,0.3348,0.0000,0.2196,0.3097,0.1274,SAFE,False,7,1,,,,,,
1771435998.393,0.1,,,,,,,,,,,,,,,0.1274,SAFE,,6,,t2371_0,0.72,NORMAL,LOCAL,SAFE: all tasks permitted (weight=0.72),
1771435998.393,0.1,,,,,,,,,,,,,,,0.1274,SAFE,,5,,t2371_1,0.73,NORMAL,LOCAL,SAFE: all tasks permitted (weight=0.73),
1771435998.393,0.1,52.03,4.7417,1.243,45.9,5,,,0.02196,0.0000,0.0000,0.4920,0.0000,0.2196,0.3963,0.1652,SAFE,False,5,3,,,,,,
1771435998.393,0.1,,,,,,,,,,,,,,,0.1652,SAFE,,4,,t2372_0,0.52,NORMAL,LOCAL,SAFE: all tasks permitted (weight=0.52),
1771435998.393,0.1,51.98,4.7435,1.263,47.4,5,,,0.02068,0.0000,0.0000,0.4843,0.0000,0.2068,0.4065,0.1649,SAFE,False,4,4,,,,,,
1771435998.393,0.1,52.04,4.7213,1.220,44.3,5,,,0.02235,0.0000,0.0000,0.5849,0.0000,0.2235,0.3848,0.1753,SAFE,False,4,4,,,,,,
1771435998.394,0.1,,,,,,,,,,,,,,,0.1753,SAFE,,3,,t2374_0,0.35,LOW,LOCAL,SAFE: all tasks permitted (weight=0.35),
1771435998.394,0.1,,,,,,,,,,,,,,,0.1753,SAFE,,2,,t2374_1,0.56,CRITICAL,LOCAL,SAFE: all tasks permitted (weight=0.56),
1771435998.394,0.1,52.74,4.7219,1.289,49.2,5,95137.343,-48.64320,0.02422,0.0000,1.0000,0.5825,1.0000,0.2422,0.4194,0.6338,WARNING,False,2,6,,,,,,
1771435998.394,0.1,52.40,4.7373,1.244,46.0,5,46772.991,-34.13194,0.02202,0.0000,1.0000,0.5124,1.0000,0.2202,0.3968,0.6180,CRITICAL,False,2,6,,,,,,
1771435998.394,0.1,,,,,,,,,,,,,,,0.6180,CRITICAL,,2,,t2376_0,0.49,HIGH,OFFLOAD,CRITICAL: non-critical task offloaded (priority=HIGH),
1771435998.394,0.1,52.82,4.7297,1.201,43.0,4,47656.765,-50.52739,0.02266,0.0000,1.0000,0.5468,1.0000,0.2266,0.3607,0.6159,CRITICAL,False,2,6,,,,,,
1771435998.394,0.1,52.82,4.7227,1.162,40.2,4,58382.625,-50.51989,0.02274,0.0000,1.0000,0.5786,1.0000,0.2274,0.3411,0.6162,CRITICAL,False,2,6,,,,,,
1771435998.394,0.1,52.85,4.7412,1.126,37.6,4,61720.367,-34.62593,0.02183,0.0000,1.0000,0.4946,1.0000,0.2183,0.3229,0.6007,CRITICAL,False,2,6,,,,,,
1771435998.394,0.1,53.15,4.7802,1.092,35.1,4,65972.313,37.83069,0.02272,0.0000,1.0000,0.3174,0.0000,0.2272,0.3060,0.3752,WARNING,False,2,6,,,,,,
1771435998.394,0.1,,,,,,,,,,,,,,,0.3752,WARNING,,2,,t2380_0,0.73,NORMAL,OFFLOAD,WARNING: heavy task offloaded (weight=0.73 >= 0.3),
1771435998.394,0.1,52.49,4.7838,1.060,32.9,3,29776.795,39.72995,0.02307,0.0000,1.0000,0.3009,0.0000,0.2307,0.2752,0.3672,WARNING,False,2,6,,,,,,
1771435998.394,0.1,52.90,4.7806,1.031,30.8,3,50742.920,58.38776,0.02376,0.0000,1.0000,0.3153,0.0000,0.2376,0.2606,0.3669,WARNING,False,2,6,,,,,,
1771435998.394,0.1,,,,,,,,,,,,,,,0.3669,WARNING,,2,,t2382_0,0.48,NORMAL,OFFLOAD,WARNING: heavy task offloaded (weight=0.48 >= 0.3),
1771435998.394,0.1,52.52,4.7860,1.004,28.9,3,,,0.02484,0.0000,0.0000,0.2908,0.0000,0.2484,0.2470,0.1120,SAFE,False,2,6,,,,,,
1771435998.394,0.1,,,,,,,,,,,,,,,0.1120,SAFE,,1,,t2383_0,0.51,NORMAL,LOCAL,SAFE: all tasks permitted (weight=0.51),
1771435998.394,0.1,52.62,4.7718,1.041,31.5,3,,,0.02547,0.0000,0.0000,0.3554,0.0000,0.2547,0.2653,0.1247,SAFE,False,8,0,,,,,,window_reset|B=8
1771435998.394,0.1,52.85,4.8091,1.013,29.5,3,,,0.02981,0.0000,0.0000,0.1858,0.0000,0.2981,0.2514,0.1042,SAFE,False,8,0,,,,,,
1771435998.394,0.1,52.66,4.8005,0.987,27.6,3,,,0.02992,0.0000,0.0000,0.2249,0.0000,0.2992,0.2384,0.1068,SAFE,False,8,0,,,,,,
1771435998.394,0.1,52.31,4.7893,0.963,25.9,2,,,0.02778,0.0000,0.0000,0.2761,0.0000,0.2778,0.2113,0.1059,SAFE,False,8,0,,,,,,
1771435998.394,0.1,,,,,,,,,,,,,,,0.1059,SAFE,,7,,t2387_0,0.80,LOW,LOCAL,SAFE: all tasks permitted (weight=0.80),
1771435998.394,0.1,52.47,4.6830,1.037,31.2,3,,,0.03587,0.0000,0.0000,0.7590,0.0000,0.3587,0.2637,0.1873,SAFE,False,7,1,,,,,,
1771435998.394,0.1,52.23,4.7814,1.010,29.3,3,,,0.03447,0.0000,0.0000,0.3116,0.0000,0.3447,0.2499,0.1250,SAFE,False,7,1,,,,,,
1771435998.394,0.1,,,,,,,,,,,,,,,0.1250,SAFE,,6,,t2389_0,0.21,LOW,LOCAL,SAFE: all tasks permitted (weight=0.21),
1771435998.394,0.1,52.74,4.7969,1.010,29.3,3,,,0.03216,0.0000,0.0000,0.2414,0.0000,0.3216,0.2499,0.1135,SAFE,False,6,2,,,,,,
1771435998.394,0.1,,,,,,,,,,,,,,,0.1135,SAFE,,5,,t2390_0,0.53,LOW,LOCAL,SAFE: all tasks permitted (weight=0.53),
1771435998.394,0.1,,,,,,,,,,,,,,,0.1135,SAFE,,4,,t2390_1,0.28,NORMAL,LOCAL,SAFE: all tasks permitted (weight=0.28),
1771435998.394,0.1,51.58,4.7537,1.082,34.5,3,,,0.03123,0.0000,0.0000,0.4377,0.0000,0.3123,0.2862,0.1454,SAFE,False,4,4,,,,,,
1771435998.394,0.1,51.76,4.8060,1.052,32.3,3,,,0.03229,0.0000,0.0000,0.2000,0.0000,0.3229,0.2708,0.1124,SAFE,False,4,4,,,,,,
1771435998.394,0.1,51.87,4.7930,1.023,30.2,3,,,0.03251,0.0000,0.0000,0.2591,0.0000,0.3251,0.2565,0.1175,SAFE,False,4,4,,,,,,
1771435998.394,0.1,51.64,4.7950,0.996,28.3,3,,,0.03280,0.0000,0.0000,0.2502,0.0000,0.3280,0.2431,0.1140,SAFE,False,4,4,,,,,,
1771435998.394,0.1,51.89,4.8152,0.971,26.5,2,,,0.03417,0.0000,0.0000,0.1581,0.0000,0.3417,0.2157,0.0979,SAFE,False,4,4,,,,,,
1771435998.394,0.1,,,,,,,,,,,,,,,0.0979,SAFE,,3,,t2395_0,0.46,CRITICAL,LOCAL,SAFE: all tasks permitted (weight=0.46),
1771435998.394,0.1,51.64,4.8183,1.005,28.9,3,,,0.03531,0.0000,0.0000,0.1441,0.0000,0.3531,0.2474,0.1035,SAFE,False,3,5,,,,,,
1771435998.394,0.1,,,,,,,,,,,,,,,0.1035,SAFE,,2,,t2396_0,0.27,HIGH,LOCAL,SAFE: all tasks permitted (weight=0.27),
1771435998.394,0.1,51.89,4.7925,1.012,29.4,3,,,0.03473,0.0000,0.0000,0.2615,0.0000,0.3473,0.2510,0.1189,SAFE,False,2,6,,,,,,
1771435998.394,0.1,,,,,,,,,,,,,,,0.1189,SAFE,,1,,t2397_0,0.35,HIGH,LOCAL,SAFE: all tasks permitted (weight=0.35),
1771435998.394,0.1,51.47,4.8038,1.028,30.6,3,,,0.03486,0.0000,0.0000,0.2099,0.0000,0.3486,0.2592,0.1140,SAFE,False,1,7,,,,,,
1771435998.394,0.1,,,,,,,,,,,,,,,0.1140,SAFE,,0,,t2398_0,0.27,LOW,LOCAL,SAFE: all tasks permitted (weight=0.27),
1771435998.394,0.1,51.35,4.7941,1.034,31.0,3,,,0.03493,0.0000,0.0000,0.2539,0.0000,0.3493,0.2622,0.1204,SAFE,False,8,0,,,,,,window_reset|B=8
1771435998.394,0.1,,,,,,,,,,,,,,,0.1204,SAFE,,7,,t2399_0,0.64,LOW,LOCAL,SAFE: all tasks permitted (weight=0.64),
1771435998.394,0.1,51.41,4.7937,1.084,34.6,3,,,0.01595,0.0000,0.0000,0.2561,0.0000,0.1595,0.2871,0.1067,SAFE,False,7,1,,,,,,
1771435998.394,0.1,,,,,,,,,,,,,,,0.1067,SAFE,,6,,t2400_0,0.75,NORMAL,LOCAL,SAFE: all tasks permitted (weight=0.75),
1771435998.394,0.1,,,,,,,,,,,,,,,0.1067,SAFE,,5,,t2400_1,0.26,LOW,LOCAL,SAFE: all tasks permitted (weight=0.26),
1771435998.394,0.1,,,,,,,,,,,,,,,0.1067,SAFE,,4,,t2400_2,0.28,HIGH,LOCAL,SAFE: all tasks permitted (weight=0.28),
1771435998.394,0.1,,,,,,,,,,,,,,,0.1067,SAFE,,3,,t2400_3,0.46,HIGH,LOCAL,SAFE: all tasks permitted (weight=0.46),
1771435998.394,0.1,52.26,4.7251,1.266,47.6,5,,,0.02504,0.0000,0.0000,0.5677,0.0000,0.2504,0.4079,0.1804,SAFE,False,3,5,,,,,,
1771435998.394,0.1,52.31,4.7335,1.222,44.4,5,,,0.02945,0.0000,0.0000,0.5294,0.0000,0.2945,0.3861,0.1755,SAFE,False,3,5,,,,,,
1771435998.395,0.1,,,,,,,,,,,,,,,0.1755,SAFE,,2,,t2402_0,0.41,NORMAL,LOCAL,SAFE: all tasks permitted (weight=0.41),
1771435998.395,0.1,51.99,4.7102,1.231,45.1,5,6213.622,-104.83750,0.03524,0.0000,1.0000,0.6356,1.0000,0.3524,0.3907,0.6460,WARNING,False,2,6,,,,,,
1771435998.395,0.1,,,,,,,,,,,,,,,0.6460,WARNING,,2,,t2403_0,0.44,HIGH,OFFLOAD,WARNING: heavy task offloaded (weight=0.44 >= 0.3),
1771435998.395,0.1,52.10,4.7071,1.190,42.2,4,27866.722,-110.96537,0.03985,0.0000,1.0000,0.6495,1.0000,0.3985,0.3551,0.6453,CRITICAL,False,2,6,,,,,,
1771435998.395,0.1,52.43,4.7239,1.152,39.4,4,32003.931,-68.37939,0.04157,0.0000,1.0000,0.5730,1.0000,0.4157,0.3359,0.6332,CRITICAL,False,2,6,,,,,,
1771435998.395,0.1,,,,,,,,,,,,,,,0.6332,CRITICAL,,2,,t2405_0,0.54,NORMAL,OFFLOAD,CRITICAL: non-critical task offloaded (priority=NORMAL),
1771435998.395,0.1,52.91,4.7719,1.116,36.9,4,86499.658,-31.87749,0.04079,0.0000,1.0000,0.3551,1.0000,0.4079,0.3181,0.6006,CRITICAL,False,2,6,,,,,,
1771435998.395,0.1,,,,,,,,,,,,,,,0.6006,CRITICAL,,2,,t2406_0,0.63,LOW,OFFLOAD,CRITICAL: non-critical task offloaded (priority=LOW),
1771435998.395,0.1,52.22,4.7587,1.083,34.5,3,52306.501,-35.41053,0.03797,0.0000,1.0000,0.4152,1.0000,0.3797,0.2865,0.5992,CRITICAL,False,2,6,,,,,,
1771435998.395,0.1,,,,,,,,,,,,,,,0.5992,CRITICAL,,2,,t2407_0,0.37,NORMAL,OFFLOAD,CRITICAL: non-critical task offloaded (priority=NORMAL),
1771435998.395,0.1,52.45,4.7678,1.052,32.3,3,62555.083,-25.82947,0.03398,0.0000,1.0000,0.3737,1.0000,0.3398,0.2710,0.5868,CRITICAL,False,2,6,,,,,,
1771435998.395,0.1,,,,,,,,,,,,,,,0.5868,CRITICAL,,2,,t2408_0,0.36,NORMAL,OFFLOAD,CRITICAL: non-critical task offloaded (priority=NORMAL),
1771435998.395,0.1,52.31,4.7635,1.023,30.2,3,2624.628,38.31771,0.03236,0.0000,1.0000,0.3932,0.0000,0.3236,0.2567,0.3848,WARNING,False,2,6,,,,,,
1771435998.395,0.1,51.48,4.8104,0.997,28.3,3,-49783.219,76.69047,0.03323,0.0000,0.0000,0.1801,0.0000,0.3323,0.2433,0.1053,SAFE,False,2,6,,,,,,
1771435998.395,0.1,,,,,,,,,,,,,,,0.1053,SAFE,,1,,t2410_0,0.80,LOW,LOCAL,SAFE: all tasks permitted (weight=0.80),
1771435998.395,0.1,52.16,4.7836,1.069,33.5,3,,,0.03231,0.0000,0.0000,0.3017,0.0000,0.3231,0.2797,0.1275,SAFE,False,1,7,,,,,,
1771435998.395,0.1,,,,,,,,,,,,,,,0.1275,SAFE,,0,,t2411_0,0.54,HIGH,LOCAL,SAFE: all tasks permitted (weight=0.54),
1771435998.395,0.1,,,,,,,,,,,,,,,0.1275,SAFE,,0,,t2411_1,0.42,HIGH,OFFLOAD,"Budget exhausted (B=0), offloading. Original: SAFE: all tasks permitted (weight=0.42)",
1771435998.395,0.1,52.42,4.7595,1.106,36.1,4,,,0.03013,0.0000,0.0000,0.4113,0.0000,0.3013,0.3129,0.1462,SAFE,False,0,8,,,,,,
1771435998.395,0.1,51.97,4.7667,1.073,33.8,3,,,0.02931,0.0000,0.0000,0.3786,0.0000,0.2931,0.2816,0.1349,SAFE,False,0,8,,,,,,
1771435998.395,0.1,,,,,,,,,,,,,,,0.1349,SAFE,,0,,t2413_0,0.60,LOW,OFFLOAD,"Budget exhausted (B=0), offloading. Original: SAFE: all tasks permitted (weight=0.60)",
1771435998.395,0.1,52.16,4.8090,1.043,31.6,3,,,0.03205,0.0000,0.0000,0.1862,0.0000,0.3205,0.2665,0.1096,SAFE,False,8,0,,,,,,window_reset|B=8
1771435998.395,0.1,,,,,,,,,,,,,,,0.1096,SAFE,,7,,t2414_0,0.79,LOW,LOCAL,SAFE: all tasks permitted (weight=0.79),
1771435998.395,0.1,52.04,4.8106,1.112,36.6,4,,,0.03077,0.0000,0.0000,0.1789,0.0000,0.3077,0.3159,0.1172,SAFE,False,7,1,,,,,,
1771435998.395,0.1,,,,,,,,,,,,,,,0.1172,SAFE,,6,,t2415_0,0.38,HIGH,LOCAL,SAFE: all tasks permitted (weight=0.38),
1771435998.395,0.1,,,,,,,,,,,,,,,0.1172,SAFE,,5,,t2415_1,0.60,NORMAL,LOCAL,SAFE: all tasks permitted (weight=0.60),
1771435998.395,0.1,52.34,4.7557,1.199,42.8,4,,,0.02496,0.0000,0.0000,0.4287,0.0000,0.2496,0.3593,0.1525,SAFE,False,5,3,,,,,,
1771435998.395,0.1,,,,,,,,,,,,,,,0.1525,SAFE,,4,,t2416_0,0.74,LOW,LOCAL,SAFE: all tasks permitted (weight=0.74),
1771435998.395,0.1,,,,,,,,,,,,,,,0.1525,SAFE,,3,,t2416_1,0.80,NORMAL,LOCAL,SAFE: all tasks permitted (weight=0.80),
1771435998.395,0.1,52.09,4.7271,1.346,53.3,6,,,0.02445,0.0000,0.0000,0.5588,0.0000,0.2445,0.4632,0.1897,SAFE,False,3,5,,,,,,
1771435998.395,0.1,,,,,,,,,,,,,,,0.1897,SAFE,,2,,t2417_0,0.55,LOW,LOCAL,SAFE: all tasks permitted (weight=0.55),
1771435998.395,0.1,52.48,4.6927,1.364,54.6,6,,,0.03318,0.0000,0.0000,0.7150,0.0000,0.3318,0.4719,0.2205,SAFE,False,2,6,,,,,,
1771435998.395,0.1,,,,,,,,,,,,,,,0.2205,SAFE,,1,,t2418_0,0.46,NORMAL,LOCAL,SAFE: all tasks permitted (weight=0.46),
1771435998.395,0.1,52.73,4.6742,1.369,55.0,6,,,0.04200,0.0000,0.0000,0.7989,0.0000,0.4200,0.4747,0.2408,SAFE,False,1,7,,,,,,
1771435998.395,0.1,,,,,,,,,,,,,,,0.2408,SAFE,,0,,t2419_0,0.26,NORMAL,LOCAL,SAFE: all tasks permitted (weight=0.26),
1771435998.395,0.1,53.55,4.6996,1.350,53.6,6,,,0.04507,0.0000,0.0000,0.6836,0.0000,0.4507,0.4652,0.2270,SAFE,False,0,8,,,,,,
1771435998.395,0.1,53.58,4.7401,1.301,50.1,5,,,0.04514,0.0000,0.0000,0.4994,0.0000,0.4514,0.4254,0.1951,SAFE,False,0,8,,,,,,
1771435998.395,0.1,53.23,4.7181,1.255,46.8,5,,,0.04239,0.0000,0.0000,0.5993,0.0000,0.4239,0.4023,0.2008,SAFE,False,0,8,,,,,,
1771435998.395,0.1,53.44,4.6745,1.212,43.7,5,,,0.04472,0.0000,0.0000,0.7979,0.0000,0.4472,0.3809,0.2246,SAFE,False,0,8,,,,,,
1771435998.395,0.1,53.67,4.7437,1.172,40.9,4,,,0.04423,0.0000,0.0000,0.4831,0.0000,0.4423,0.3460,0.1762,SAFE,False,0,8,,,,,,
1771435998.395,0.1,53.22,4.7732,1.135,38.2,4,,,0.04467,0.0000,0.0000,0.3489,0.0000,0.4467,0.3274,0.1555,SAFE,False,0,8,,,,,,
1771435998.395,0.1,53.96,4.7677,1.100,35.7,4,,,0.04018,0.0000,0.0000,0.3743,0.0000,0.4018,0.3102,0.1509,SAFE,False,0,8,,,,,,
1771435998.395,0.1,,,,,,,,,,,,,,,0.1509,SAFE,,0,,t2426_0,0.44,HIGH,OFFLOAD,"Budget exhausted (B=0), offloading. Original: SAFE: all tasks permitted (weight=0.44)",
1771435998.395,0.1,52.91,4.8057,1.068,33.4,3,,,0.03938,0.0000,0.0000,0.2014,0.0000,0.3938,0.2791,0.1214,SAFE,False,0,8,,,,,,
1771435998.395,0.1,,,,,,,,,,,,,,,0.1214,SAFE,,0,,t2427_0,0.57,NORMAL,OFFLOAD,"Budget exhausted (B=0), offloading. Original: SAFE: all tasks permitted (weight=0.57)",
1771435998.395,0.1,53.56,4.7693,1.038,31.3,3,,,0.04027,0.0000,0.0000,0.3666,0.0000,0.4027,0.2642,0.1408,SAFE,False,0,8,,,,,,
1771435998.396,0.1,,,,,,,,,,,,,,,0.1408,SAFE,,0,,t2428_0,0.70,NORMAL,OFFLOAD,"Budget exhausted (B=0), offloading. Original: SAFE: all tasks permitted (weight=0.70)",
1771435998.396,0.1,53.62,4.7576,1.011,29.3,3,2285.907,17.46401,0.04082,0.0000,1.0000,0.4201,0.0000,0.4082,0.2503,0.3955,WARNING,False,6,0,,,,,,window_reset|B=6
1771435998.396,0.1,53.39,4.8225,0.985,27.5,3,9275.237,104.43798,0.04521,0.0000,1.0000,0.1252,0.0000,0.4521,0.2374,0.3590,WARNING,False,6,0,,,,,,
1771435998.396,0.1,53.47,4.8123,0.961,25.8,2,2149.227,138.02991,0.04313,0.0000,1.0000,0.1713,0.0000,0.4313,0.2104,0.3575,WARNING,False,6,0,,,,,,
1771435998.396,0.1,53.03,4.8166,0.939,24.2,2,-38379.045,72.98114,0.04226,0.0000,0.0000,0.1518,0.0000,0.4226,0.1993,0.1018,SAFE,False,6,0,,,,,,
1771435998.396,0.1,,,,,,,,,,,,,,,0.1018,SAFE,,5,,t2432_0,0.41,NORMAL,LOCAL,SAFE: all tasks permitted (weight=0.41),
1771435998.396,0.1,53.25,4.8070,0.968,26.3,2,2029.317,33.81043,0.04279,0.0000,1.0000,0.1954,0.0000,0.4279,0.2142,0.3610,WARNING,False,5,1,,,,,,
1771435998.396,0.1,52.77,4.8267,0.946,24.7,2,-71184.401,59.12728,0.04184,0.0000,0.0000,0.1059,0.0000,0.4184,0.2028,0.0962,SAFE,False,5,1,,,,,,
1771435998.396,0.1,52.49,4.8172,0.924,23.2,2,-25095.308,11.57866,0.02762,0.0000,0.0000,0.1489,0.0000,0.2762,0.1922,0.0854,SAFE,False,5,1,,,,,,
1771435998.396,0.1,52.53,4.8073,0.905,21.8,2,-62196.968,37.96138,0.02337,0.0000,0.0000,0.1943,0.0000,0.2337,0.1823,0.0851,SAFE,False,5,1,,,,,,
1771435998.396,0.1,52.06,4.8445,0.886,20.4,2,,,0.02516,0.0000,0.0000,0.0249,0.0000,0.2516,0.1731,0.0630,SAFE,False,5,1,,,,,,
1771435998.396,0.1,51.96,4.8542,0.869,19.2,2,,,0.02595,0.0000,0.0000,0.0000,0.0000,0.2595,0.1645,0.0589,SAFE,False,5,1,,,,,,
1771435998.396,0.1,51.44,4.8689,0.853,18.1,1,,,0.03025,0.0000,0.0000,0.0000,0.0000,0.3025,0.1416,0.0586,SAFE,False,5,1,,,,,,
1771435998.396,0.1,,,,,,,,,,,,,,,0.0586,SAFE,,4,,t2439_0,0.25,HIGH,LOCAL,SAFE: all tasks permitted (weight=0.25),
1771435998.396,0.1,51.56,4.8176,0.868,19.2,2,,,0.02663,0.0000,0.0000,0.1471,0.0000,0.2663,0.1642,0.0786,SAFE,False,4,2,,,,,,
1771435998.396,0.1,,,,,,,,,,,,,,,0.0786,SAFE,,3,,t2440_0,0.31,LOW,LOCAL,SAFE: all tasks permitted (weight=0.31),
1771435998.396,0.1,51.03,4.8170,0.891,20.8,2,-176459.524,13.22678,0.01873,0.0000,0.0000,0.1500,0.0000,0.1873,0.1753,0.0733,SAFE,False,3,3,,,,,,
1771435998.396,0.1,,,,,,,,,,,,,,,0.0733,SAFE,,2,,t2441_0,0.58,NORMAL,LOCAL,SAFE: all tasks permitted (weight=0.58),
1771435998.396,0.1,,,,,,,,,,,,,,,0.0733,SAFE,,1,,t2441_1,0.49,LOW,LOCAL,SAFE: all tasks permitted (weight=0.49),
1771435998.396,0.1,51.33,4.8007,1.005,28.9,3,-114869.803,-34.42892,0.01999,0.0000,0.0000,0.2241,1.0000,0.1999,0.2474,0.2986,WARNING,False,1,5,,,,,,
1771435998.396,0.1,,,,,,,,,,,,,,,0.2986,WARNING,,1,,t2442_0,0.50,LOW,OFFLOAD,WARNING: heavy task offloaded (weight=0.50 >= 0.3),
1771435998.396,0.1,51.24,4.8006,0.979,27.1,3,-99735.586,-21.98976,0.02081,0.0000,0.0000,0.2244,1.0000,0.2081,0.2347,0.2969,WARNING,False,1,5,,,,,,
1771435998.396,0.1,51.35,4.8037,0.956,25.4,2,-93500.306,-4.71868,0.02145,0.0000,0.0000,0.2105,1.0000,0.2145,0.2079,0.2904,WARNING,False,7,0,,,,,,window_reset|B=7
1771435998.396,0.1,,,,,,,,,,,,,,,0.2904,WARNING,,7,,t2444_0,0.66,HIGH,OFFLOAD,WARNING: heavy task offloaded (weight=0.66 >= 0.3),
1771435998.396,0.1,50.87,4.8150,0.934,23.8,2,-94429.829,-39.10974,0.02109,0.0000,0.0000,0.1591,1.0000,0.2109,0.1969,0.2812,WARNING,False,7,0,,,,,,
1771435998.396,0.1,,,,,,,,,,,,,,,0.2812,WARNING,,7,,t2445_0,0.64,HIGH,OFFLOAD,WARNING: heavy task offloaded (weight=0.64 >= 0.3),
1771435998.396,0.1,50.57,4.8206,0.913,22.4,2,-110856.599,-44.51554,0.02106,0.0000,0.0000,0.1336,1.0000,0.2106,0.1867,0.2758,WARNING,False,7,0,,,,,,
1771435998.396,0.1,51.06,4.8473,0.894,21.0,2,-30441.992,-28.59399,0.02208,0.0000,0.0000,0.0122,1.0000,0.2208,0.1772,0.2591,WARNING,False,7,0,,,,,,
1771435998.396,0.1,,,,,,,,,,,,,,,0.2591,WARNING,,7,,t2447_0,0.76,NORMAL,OFFLOAD,WARNING: heavy task offloaded (weight=0.76 >= 0.3),
1771435998.396,0.1,50.11,4.8230,0.877,19.8,2,-114945.266,7.15212,0.02146,0.0000,0.0000,0.1225,0.0000,0.2146,0.1684,0.0711,SAFE,False,7,0,,,,,,
1771435998.396,0.1,49.89,4.8607,0.860,18.6,1,,,0.02303,0.0000,0.0000,0.0000,0.0000,0.2303,0.1451,0.0521,SAFE,False,7,0,,,,,,
1771435998.396,0.1,,,,,,,,,,,,,,,0.0521,SAFE,,6,,t2449_0,0.45,NORMAL,LOCAL,SAFE: all tasks permitted (weight=0.45),
1771435998.396,0.1,49.95,4.8201,0.900,21.4,2,,,0.02161,0.0000,0.0000,0.1360,0.0000,0.2161,0.1801,0.0753,SAFE,False,6,1,,,,,,
1771435998.396,0.1,,,,,,,,,,,,,,,0.0753,SAFE,,5,,t2450_0,0.28,LOW,LOCAL,SAFE: all tasks permitted (weight=0.28),
1771435998.396,0.1,50.10,4.8066,0.916,22.6,2,,,0.01743,0.0000,0.0000,0.1974,0.0000,0.1743,0.1882,0.0807,SAFE,False,5,2,,,,,,
1771435998.396,0.1,49.95,4.8377,0.897,21.2,2,,,0.01812,0.0000,0.0000,0.0558,0.0000,0.1812,0.1786,0.0611,SAFE,False,5,2,,,,,,
1771435998.396,0.1,,,,,,,,,,,,,,,0.0611,SAFE,,4,,t2452_0,0.83,LOW,LOCAL,SAFE: all tasks permitted (weight=0.83),
1771435998.397,0.1,50.34,4.8194,0.981,27.2,3,-60943.173,8.57422,0.01809,0.0000,0.0000,0.1391,0.0000,0.1809,0.2357,0.0833,SAFE,False,4,3,,,,,,
1771435998.397,0.1,49.42,4.8016,0.958,25.5,2,-134367.419,-36.96285,0.01801,0.0000,0.0000,0.2201,1.0000,0.1801,0.2088,0.2884,WARNING,False,4,3,,,,,,
1771435998.397,0.1,,,,,,,,,,,,,,,0.2884,WARNING,,4,,t2454_0,0.59,NORMAL,OFFLOAD,WARNING: heavy task offloaded (weight=0.59 >= 0.3),
1771435998.397,0.1,49.29,4.8323,0.936,24.0,2,-205861.895,-29.08779,0.01708,0.0000,0.0000,0.0803,1.0000,0.1708,0.1978,0.2671,WARNING,False,4,3,,,,,,
1771435998.397,0.1,49.63,4.8561,0.915,22.5,2,-55953.317,64.26839,0.01800,0.0000,0.0000,0.0000,0.0000,0.1800,0.1875,0.0555,SAFE,False,4,3,,,,,,
1771435998.397,0.1,49.37,4.8483,0.896,21.1,2,-60517.470,-24.19717,0.01829,0.0000,0.0000,0.0077,1.0000,0.1829,0.1779,0.2549,WARNING,False,4,3,,,,,,
1771435998.397,0.1,49.36,4.8226,0.878,19.9,2,-68621.792,4.83319,0.01820,0.0000,0.0000,0.1247,0.0000,0.1820,0.1691,0.0682,SAFE,False,4,3,,,,,,
1771435998.397,0.1,49.23,4.8322,0.862,18.7,1,-101607.117,49.71095,0.01756,0.0000,0.0000,0.0811,0.0000,0.1756,0.1458,0.0573,SAFE,False,9,0,,,,,,window_reset|B=9
1771435998.397,0.1,,,,,,,,,,,,,,,0.0573,SAFE,,8,,t2459_0,0.40,CRITICAL,LOCAL,SAFE: all tasks permitted (weight=0.40),
1771435998.397,0.1,48.93,4.8447,0.896,21.1,2,-118363.739,13.52580,0.01786,0.0000,0.0000,0.0242,0.0000,0.1786,0.1779,0.0566,SAFE,False,8,1,,,,,,
1771435998.397,0.1,48.58,4.8239,0.878,19.9,2,,,0.01566,0.0000,0.0000,0.1186,0.0000,0.1566,0.1690,0.0649,SAFE,False,8,1,,,,,,
1771435998.397,0.1,48.26,4.8398,0.862,18.7,1,,,0.01570,0.0000,0.0000,0.0462,0.0000,0.1570,0.1458,0.0509,SAFE,False,8,1,,,,,,
1771435998.397,0.1,48.50,4.8510,0.846,17.6,1,,,0.01485,0.0000,0.0000,0.0000,0.0000,0.1485,0.1381,0.0425,SAFE,False,8,1,,,,,,
1771435998.397,0.1,,,,,,,,,,,,,,,0.0425,SAFE,,7,,t2463_0,0.55,CRITICAL,LOCAL,SAFE: all tasks permitted (weight=0.55),
1771435998.397,0.1,,,,,,,,,,,,,,,0.0425,SAFE,,6,,t2463_1,0.32,HIGH,LOCAL,SAFE: all tasks permitted (weight=0.32),
1771435998.397,0.1,49.07,4.8023,0.939,24.2,2,,,0.01718,0.0000,0.0000,0.2168,0.0000,0.1718,0.1994,0.0852,SAFE,False,6,3,,,,,,
1771435998.397,0.1,48.34,4.8012,0.918,22.7,2,,,0.01887,0.0000,0.0000,0.2216,0.0000,0.1887,0.1890,0.0855,SAFE,False,6,3,,,,,,
1771435998.397,0.1,,,,,,,,,,,,,,,0.0855,SAFE,,5,,t2465_0,0.21,HIGH,LOCAL,SAFE: all tasks permitted (weight=0.21),
1771435998.397,0.1,48.29,4.8133,0.924,23.1,2,,,0.01765,0.0000,0.0000,0.1667,0.0000,0.1765,0.1920,0.0777,SAFE,False,5,4,,,,,,
1771435998.397,0.1,,,,,,,,,,,,,,,0.0777,SAFE,,4,,t2466_0,0.79,HIGH,LOCAL,SAFE: all tasks permitted (weight=0.79),
1771435998.397,0.1,48.93,4.7936,1.002,28.7,3,,,0.02037,0.0000,0.0000,0.2562,0.0000,0.2037,0.2462,0.1029,SAFE,False,4,5,,,,,,
1771435998.397,0.1,48.70,4.8236,0.977,26.9,2,,,0.01845,0.0000,0.0000,0.1200,0.0000,0.1845,0.2186,0.0778,SAFE,False,4,5,,,,,,
1771435998.397,0.1,,,,,,,,,,,,,,,0.0778,SAFE,,3,,t2468_0,0.49,NORMAL,LOCAL,SAFE: all tasks permitted (weight=0.49),
1771435998.397,0.1,48.77,4.7287,1.014,29.6,3,,,0.03104,0.0000,0.0000,0.5516,0.0000,0.3104,0.2522,0.1532,SAFE,False,3,6,,,,,,
1771435998.397,0.1,48.63,4.8275,0.988,27.7,3,,,0.03117,0.0000,0.0000,0.1021,0.0000,0.3117,0.2392,0.0923,SAFE,False,3,6,,,,,,
1771435998.397,0.1,,,,,,,,,,,,,,,0.0923,SAFE,,2,,t2470_0,0.78,HIGH,LOCAL,SAFE: all tasks permitted (weight=0.78),
1771435998.397,0.1,48.59,4.7347,1.061,32.9,3,,,0.03770,0.0000,0.0000,0.5242,0.0000,0.3770,0.2753,0.1609,SAFE,False,2,7,,,,,,
1771435998.397,0.1,,,,,,,,,,,,,,,0.1609,SAFE,,1,,t2471_0,0.85,NORMAL,LOCAL,SAFE: all tasks permitted (weight=0.85),
1771435998.397,0.1,48.81,4.7448,1.136,38.3,4,,,0.03946,0.0000,0.0000,0.4783,0.0000,0.3946,0.3279,0.1672,SAFE,False,1,8,,,,,,
1771435998.397,0.1,,,,,,,,,,,,,,,0.1672,SAFE,,0,,t2472_0,0.31,NORMAL,LOCAL,SAFE: all tasks permitted (weight=0.31),
1771435998.397,0.1,49.27,4.7565,1.140,38.6,4,,,0.04026,0.0000,0.0000,0.4249,0.0000,0.4026,0.3300,0.1615,SAFE,False,0,9,,,,,,
1771435998.397,0.1,,,,,,,,,,,,,,,0.1615,SAFE,,0,,t2473_0,0.71,NORMAL,OFFLOAD,"Budget exhausted (B=0), offloading. Original: SAFE: all tasks permitted (weight=0.71)",
1771435998.397,0.1,49.26,4.7701,1.105,36.1,4,,,0.03806,0.0000,0.0000,0.3630,0.0000,0.3806,0.3125,0.1478,SAFE,False,8,0,,,,,,window_reset|B=8
1771435998.397,0.1,,,,,,,,,,,,,,,0.1478,SAFE,,7,,t2474_0,0.63,HIGH,LOCAL,SAFE: all tasks permitted (weight=0.63),
1771435998.397,0.1,49.41,4.7815,1.150,39.3,4,,,0.03287,0.0000,0.0000,0.3113,0.0000,0.3287,0.3350,0.1403,SAFE,False,7,1,,,,,,
1771435998.397,0.1,49.47,4.7673,1.114,36.7,4,,,0.03244,0.0000,0.0000,0.3758,0.0000,0.3244,0.3172,0.1447,SAFE,False,7,1,,,,,,
1771435998.397,0.1,,,,,,,,,,,,,,,0.1447,SAFE,,6,,t2476_0,0.65,HIGH,LOCAL,SAFE: all tasks permitted (weight=0.65),
1771435998.397,0.1,49.86,4.7911,1.162,40.1,4,,,0.03197,0.0000,0.0000,0.2677,0.0000,0.3197,0.3408,0.1349,SAFE,False,6,2,,,,,,
1771435998.397,0.1,49.49,4.7851,1.125,37.5,4,,,0.03025,0.0000,0.0000,0.2949,0.0000,0.3025,0.3226,0.1331,SAFE,False,6,2,,,,,,
1771435998.397,0.1,,,,,,,,,,,,,,,0.1331,SAFE,,5,,t2478_0,0.49,LOW,LOCAL,SAFE: all tasks permitted (weight=0.49),
1771435998.397,0.1,50.42,4.7606,1.151,39.4,4,,,0.02997,0.0000,0.0000,0.4064,0.0000,0.2997,0.3357,0.1500,SAFE,False,5,3,,,,,,
1771435998.397,0.1,,,,,,,,,,,,,,,0.1500,SAFE,,4,,t2479_0,0.41,HIGH,LOCAL,SAFE: all tasks permitted (weight=0.41),
1771435998.397,0.1,50.45,4.7543,1.167,40.5,4,,,0.02601,0.0000,0.0000,0.4349,0.0000,0.2601,0.3435,0.1512,SAFE,False,4,4,,,,,,
1771435998.397,0.1,,,,,,,,,,,,,,,0.1512,SAFE,,3,,t2480_0,0.25,HIGH,LOCAL,SAFE: all tasks permitted (weight=0.25),
1771435998.397,0.1,50.19,4.7416,1.161,40.1,4,,,0.02463,0.0000,0.0000,0.4927,0.0000,0.2463,0.3407,0.1568,SAFE,False,3,5,,,,,,
1771435998.397,0.1,,,,,,,,,,,,,,,0.1568,SAFE,,2,,t2481_0,0.23,LOW,LOCAL,SAFE: all tasks permitted (weight=0.23),
1771435998.397,0.1,50.22,4.7684,1.154,39.5,4,,,0.01692,0.0000,0.0000,0.3709,0.0000,0.1692,0.3368,0.1325,SAFE,False,2,6,,,,,,
1771435998.397,0.1,50.01,4.7234,1.118,37.0,4,,,0.01869,0.0000,0.0000,0.5755,0.0000,0.1869,0.3189,0.1573,SAFE,False,2,6,,,,,,
1771435998.397,0.1,51.07,4.7731,1.084,34.6,3,,,0.01814,0.0000,0.0000,0.3495,0.0000,0.1814,0.2872,0.1210,SAFE,False,2,6,,,,,,
1771435998.398,0.1,,,,,,,,,,,,,,,0.1210,SAFE,,1,,t2484_0,0.45,LOW,LOCAL,SAFE: all tasks permitted (weight=0.45),
1771435998.398,0.1,50.69,4.7718,1.109,36.4,4,49417.640,-19.13076,0.01808,0.0000,1.0000,0.3554,1.0000,0.1808,0.3147,0.5772,WARNING,False,1,7,,,,,,
1771435998.398,0.1,50.63,4.7645,1.077,34.1,3,67904.794,-20.49045,0.01803,0.0000,1.0000,0.3887,1.0000,0.1803,0.2834,0.5752,CRITICAL,False,1,7,,,,,,
1771435998.398,0.1,,,,,,,,,,,,,,,0.5752,CRITICAL,,1,,t2486_0,0.63,LOW,OFFLOAD,CRITICAL: non-critical task offloaded (priority=LOW),
1771435998.398,0.1,50.30,4.8043,1.046,31.9,3,-6807.431,43.32004,0.02065,0.0000,0.0000,0.2079,0.0000,0.2065,0.2682,0.1013,WARNING,False,1,7,,,,,,
1771435998.398,0.1,50.57,4.8006,1.018,29.9,3,6967.034,45.87547,0.02262,0.0000,1.0000,0.2247,0.0000,0.2262,0.2540,0.3526,WARNING,False,1,7,,,,,,
1771435998.398,0.1,,,,,,,,,,,,,,,0.3526,WARNING,,1,,t2488_0,0.73,NORMAL,OFFLOAD,WARNING: heavy task offloaded (weight=0.73 >= 0.3),
1771435998.398,0.1,50.66,4.8236,0.992,28.0,3,27816.673,81.31354,0.02659,0.0000,1.0000,0.1202,0.0000,0.2659,0.2408,0.3404,WARNING,False,6,0,,,,,,window_reset|B=6
1771435998.398,0.1,,,,,,,,,,,,,,,0.3404,WARNING,,6,,t2489_0,0.31,NORMAL,OFFLOAD,WARNING: heavy task offloaded (weight=0.31 >= 0.3),
1771435998.398,0.1,50.40,4.8153,0.967,26.2,2,10760.885,46.56527,0.02898,0.0000,1.0000,0.1576,0.0000,0.2898,0.2136,0.3422,WARNING,False,6,0,,,,,,
1771435998.398,0.1,50.76,4.7920,0.944,24.6,2,44610.220,68.10651,0.02897,0.0000,1.0000,0.2634,0.0000,0.2897,0.2022,0.3537,WARNING,False,6,0,,,,,,
1771435998.398,0.1,50.39,4.8147,0.923,23.1,2,-40165.640,41.24761,0.02970,0.0000,0.0000,0.1605,0.0000,0.2970,0.1916,0.0889,SAFE,False,6,0,,,,,,
1771435998.398,0.1,49.67,4.8332,0.904,21.7,2,,,0.02991,0.0000,0.0000,0.0762,0.0000,0.2991,0.1818,0.0762,SAFE,False,6,0,,,,,,
1771435998.398,0.1,49.46,4.8329,0.885,20.4,2,,,0.03124,0.0000,0.0000,0.0777,0.0000,0.3124,0.1726,0.0759,SAFE,False,6,0,,,,,,
1771435998.398,0.1,49.45,4.8383,0.868,19.2,2,,,0.02446,0.0000,0.0000,0.0532,0.0000,0.2446,0.1641,0.0642,SAFE,False,6,0,,,,,,
1771435998.398,0.1,,,,,,,,,,,,,,,0.0642,SAFE,,5,,t2495_0,0.51,NORMAL,LOCAL,SAFE: all tasks permitted (weight=0.51),
1771435998.398,0.1,,,,,,,,,,,,,,,0.0642,SAFE,,4,,t2495_1,0.69,NORMAL,LOCAL,SAFE: all tasks permitted (weight=0.69),
1771435998.398,0.1,49.66,4.8164,1.001,28.7,3,,,0.02255,0.0000,0.0000,0.1526,0.0000,0.2255,0.2457,0.0915,SAFE,False,4,2,,,,,,
1771435998.398,0.1,,,,,,,,,,,,,,,0.0915,SAFE,,3,,t2496_0,0.49,NORMAL,LOCAL,SAFE: all tasks permitted (weight=0.49),
1771435998.398,0.1,49.73,4.7676,1.037,31.2,3,,,0.02315,0.0000,0.0000,0.3745,0.0000,0.2315,0.2634,0.1245,SAFE,False,3,3,,,,,,
1771435998.398,0.1,,,,,,,,,,,,,,,0.1245,SAFE,,2,,t2497_0,0.21,CRITICAL,LOCAL,SAFE: all tasks permitted (weight=0.21),
1771435998.398,0.1,,,,,,,,,,,,,,,0.1245,SAFE,,1,,t2497_1,0.53,NORMAL,LOCAL,SAFE: all tasks permitted (weight=0.53),
1771435998.398,0.1,49.35,4.7962,1.101,35.8,4,,,0.01948,0.0000,0.0000,0.2444,0.0000,0.1948,0.3105,0.1134,SAFE,False,1,5,,,,,,
1771435998.398,0.1,50.16,4.7828,1.069,33.5,3,,,0.02097,0.0000,0.0000,0.3054,0.0000,0.2097,0.2794,0.1166,SAFE,False,1,5,,,,,,
1771435998.398,0.1,,,,,,,,,,,,,,,0.1166,SAFE,,0,,t2499_0,0.72,HIGH,LOCAL,SAFE: all tasks permitted (weight=0.72),
1771435998.398,0.1,50.27,4.7462,1.128,37.7,4,,,0.02732,0.0000,0.0000,0.4720,0.0000,0.2732,0.3242,0.1535,SAFE,False,0,6,,,,,,
1771435998.398,0.1,50.45,4.7544,1.094,35.3,4,,,0.02995,0.0000,0.0000,0.4345,0.0000,0.2995,0.3071,0.1479,SAFE,False,0,6,,,,,,
1771435998.398,0.1,,,,,,,,,,,,,,,0.1479,SAFE,,0,,t2501_0,0.30,LOW,OFFLOAD,"Budget exhausted (B=0), offloading. Original: SAFE: all tasks permitted (weight=0.30)",
1771435998.398,0.1,49.93,4.7983,1.063,33.0,3,,,0.02956,0.0000,0.0000,0.2349,0.0000,0.2956,0.2763,0.1154,SAFE,False,0,6,,,,,,
1771435998.398,0.1,,,,,,,,,,,,,,,0.1154,SAFE,,0,,t2502_0,0.82,NORMAL,OFFLOAD,"Budget exhausted (B=0), offloading. Original: SAFE: all tasks permitted (weight=0.82)",
1771435998.398,0.1,50.48,4.8006,1.033,30.9,3,,,0.02951,0.0000,0.0000,0.2245,0.0000,0.2951,0.2616,0.1110,SAFE,False,0,6,,,,,,
1771435998.398,0.1,,,,,,,,,,,,,,,0.1110,SAFE,,0,,t2503_0,0.69,NORMAL,OFFLOAD,"Budget exhausted (B=0), offloading. Original: SAFE: all tasks permitted (weight=0.69)",
1771435998.398,0.1,49.89,4.7878,1.006,29.0,3,,,0.02922,0.0000,0.0000,0.2826,0.0000,0.2922,0.2479,0.1155,SAFE,False,8,0,,,,,,window_reset|B=8
1771435998.398,0.1,,,,,,,,,,,,,,,0.1155,SAFE,,7,,t2504_0,0.22,LOW,LOCAL,SAFE: all tasks permitted (weight=0.22),
1771435998.398,0.1,49.86,4.8070,1.007,29.1,3,,,0.02728,0.0000,0.0000,0.1954,0.0000,0.2728,0.2486,0.1024,SAFE,False,7,1,,,,,,
1771435998.398,0.1,,,,,,,,,,,,,,,0.1024,SAFE,,6,,t2505_0,0.23,NORMAL,LOCAL,SAFE: all tasks permitted (weight=0.23),
1771435998.398,0.1,50.23,4.7816,1.011,29.3,3,,,0.02476,0.0000,0.0000,0.3107,0.0000,0.2476,0.2503,0.1152,SAFE,False,6,2,,,,,,
1771435998.398,0.1,,,,,,,,,,,,,,,0.1152,SAFE,,5,,t2506_0,0.63,LOW,LOCAL,SAFE: all tasks permitted (weight=0.63),
1771435998.398,0.1,50.28,4.7939,1.063,33.1,3,,,0.02012,0.0000,0.0000,0.2551,0.0000,0.2012,0.2767,0.1086,SAFE,False,5,3,,,,,,
1771435998.398,0.1,50.12,4.7960,1.034,31.0,3,,,0.01825,0.0000,0.0000,0.2454,0.0000,0.1825,0.2620,0.1025,SAFE,False,5,3,,,,,,
1771435998.398,0.1,,,,,,,,,,,,,,,0.1025,SAFE,,4,,t2508_0,0.84,HIGH,LOCAL,SAFE: all tasks permitted (weight=0.84),
1771435998.398,0.1,49.86,4.7647,1.112,36.5,4,,,0.01849,0.0000,0.0000,0.3878,0.0000,0.1849,0.3158,0.1321,SAFE,False,4,4,,,,,,
1771435998.399,0.1,50.47,4.7721,1.079,34.2,3,32420.443,-26.18944,0.01838,0.0000,1.0000,0.3539,1.0000,0.1838,0.2844,0.5713,WARNING,False,4,4,,,,,,
1771435998.399,0.1,,,,,,,,,,,,,,,0.5713,WARNING,,4,,t2510_0,0.77,CRITICAL,OFFLOAD,WARNING: heavy task offloaded (weight=0.77 >= 0.3),
1771435998.399,0.1,50.56,4.7884,1.048,32.0,3,4589.783,-12.24657,0.01846,0.0000,1.0000,0.2801,1.0000,0.1846,0.2691,0.5587,CRITICAL,False,4,4,,,,,,
1771435998.399,0.1,,,,,,,,,,,,,,,0.5587,CRITICAL,,4,,t2511_0,0.74,LOW,OFFLOAD,CRITICAL: non-critical task offloaded (priority=LOW),
1771435998.399,0.1,,,,,,,,,,,,,,,0.5587,CRITICAL,,4,,t2511_1,0.55,HIGH,OFFLOAD,CRITICAL: non-critical task offloaded (priority=HIGH),
1771435998.399,0.1,50.23,4.8080,1.020,30.0,3,20473.647,20.21026,0.01605,0.0000,1.0000,0.1908,0.0000,0.1605,0.2549,0.3418,WARNING,False,4,4,,,,,,
1771435998.399,0.1,,,,,,,,,,,,,,,0.3418,WARNING,,4,,t2512_0,0.45,NORMAL,OFFLOAD,WARNING: heavy task offloaded (weight=0.45 >= 0.3),
1771435998.399,0.1,50.22,4.7886,0.993,28.1,3,21390.019,-18.38588,0.01252,0.0000,1.0000,0.2789,1.0000,0.1252,0.2417,0.5471,WARNING,False,4,4,,,,,,
1771435998.399,0.1,,,,,,,,,,,,,,,0.5471,WARNING,,4,,t2513_0,0.44,NORMAL,OFFLOAD,WARNING: heavy task offloaded (weight=0.44 >= 0.3),
1771435998.399,0.1,51.33,4.8082,0.969,26.3,2,65537.536,26.55657,0.01330,0.0000,1.0000,0.1901,0.0000,0.1330,0.2144,0.3309,WARNING,False,4,4,,,,,,
1771435998.399,0.1,,,,,,,,,,,,,,,0.3309,WARNING,,4,,t2514_0,0.81,HIGH,OFFLOAD,WARNING: heavy task offloaded (weight=0.81 >= 0.3),
1771435998.399,0.1,50.12,4.7773,0.946,24.7,2,-9715.939,-16.56214,0.01352,0.0000,0.0000,0.3303,1.0000,0.1352,0.2029,0.2970,WARNING,False,4,4,,,,,,
1771435998.399,0.1,,,,,,,,,,,,,,,0.2970,WARNING,,4,,t2515_0,0.46,HIGH,OFFLOAD,WARNING: heavy task offloaded (weight=0.46 >= 0.3),
1771435998.399,0.1,49.88,4.8523,0.925,23.2,2,-14045.006,56.30867,0.02197,0.0000,0.0000,0.0000,0.0000,0.2197,0.1923,0.0604,SAFE,False,4,4,,,,,,
1771435998.399,0.1,49.68,4.8388,0.905,21.8,2,-10914.016,74.12766,0.02498,0.0000,0.0000,0.0509,0.0000,0.2498,0.1824,0.0681,SAFE,False,4,4,,,,,,
1771435998.399,0.1,,,,,,,,,,,,,,,0.0681,SAFE,,3,,t2517_0,0.58,NORMAL,LOCAL,SAFE: all tasks permitted (weight=0.58),
1771435998.399,0.1,,,,,,,,,,,,,,,0.0681,SAFE,,2,,t2517_1,0.83,HIGH,LOCAL,SAFE: all tasks permitted (weight=0.83),
1771435998.399,0.1,49.79,4.7639,1.063,33.1,3,,,0.02637,0.0000,0.0000,0.3914,0.0000,0.2637,0.2764,0.1325,SAFE,False,2,6,,,,,,
1771435998.399,0.1,50.01,4.7787,1.033,31.0,3,,,0.02680,0.0000,0.0000,0.3242,0.0000,0.2680,0.2617,0.1213,SAFE,False,8,0,,,,,,window_reset|B=8
1771435998.399,0.1,50.05,4.8285,1.006,29.0,3,,,0.02838,0.0000,0.0000,0.0979,0.0000,0.2838,0.2480,0.0907,SAFE,False,8,0,,,,,,
1771435998.399,0.1,49.41,4.8031,0.981,27.2,3,,,0.02662,0.0000,0.0000,0.2132,0.0000,0.2662,0.2353,0.1014,SAFE,False,8,0,,,,,,
1771435998.399,0.1,49.81,4.7933,0.957,25.5,2,,,0.02534,0.0000,0.0000,0.2578,0.0000,0.2534,0.2084,0.1005,SAFE,False,8,0,,,,,,
1771435998.399,0.1,49.71,4.8294,0.935,23.9,2,,,0.02598,0.0000,0.0000,0.0934,0.0000,0.2598,0.1974,0.0776,SAFE,False,8,0,,,,,,
1771435998.399,0.1,,,,,,,,,,,,,,,0.0776,SAFE,,7,,t2523_0,0.30,LOW,LOCAL,SAFE: all tasks permitted (weight=0.30),
1771435998.399,0.1,,,,,,,,,,,,,,,0.0776,SAFE,,6,,t2523_1,0.25,NORMAL,LOCAL,SAFE: all tasks permitted (weight=0.25),
1771435998.399,0.1,49.69,4.7935,0.984,27.4,3,,,0.02618,0.0000,0.0000,0.2567,0.0000,0.2618,0.2368,0.1069,SAFE,False,6,2,,,,,,
1771435998.399,0.1,,,,,,,,,,,,,,,0.1069,SAFE,,5,,t2524_0,0.29,NORMAL,LOCAL,SAFE: all tasks permitted (weight=0.29),
1771435998.399,0.1,49.46,4.7947,0.996,28.3,3,,,0.02593,0.0000,0.0000,0.2516,0.0000,0.2593,0.2430,0.1072,SAFE,False,5,3,,,,,,
1771435998.399,0.1,,,,,,,,,,,,,,,0.1072,SAFE,,4,,t2525_0,0.35,HIGH,LOCAL,SAFE: all tasks permitted (weight=0.35),
1771435998.399,0.1,50.23,4.8280,1.015,29.6,3,,,0.02669,0.0000,0.0000,0.1002,0.0000,0.2669,0.2525,0.0902,SAFE,False,4,4,,,,,,
1771435998.399,0.1,,,,,,,,,,,,,,,0.0902,SAFE,,3,,t2526_0,0.65,HIGH,LOCAL,SAFE: all tasks permitted (weight=0.65),
1771435998.399,0.1,50.01,4.7450,1.071,33.6,3,,,0.03084,0.0000,0.0000,0.4774,0.0000,0.3084,0.2804,0.1490,SAFE,False,3,5,,,,,,
1771435998.399,0.1,49.43,4.8012,1.041,31.5,3,,,0.02720,0.0000,0.0000,0.2218,0.0000,0.2720,0.2654,0.1091,SAFE,False,3,5,,,,,,
1771435998.399,0.1,49.89,4.7734,1.013,29.5,3,,,0.02534,0.0000,0.0000,0.3484,0.0000,0.2534,0.2514,0.1209,SAFE,False,3,5,,,,,,
1771435998.399,0.1,,,,,,,,,,,,,,,0.1209,SAFE,,2,,t2529_0,0.42,NORMAL,LOCAL,SAFE: all tasks permitted (weight=0.42),
1771435998.399,0.1,50.37,4.7929,1.039,31.4,3,,,0.02364,0.0000,0.0000,0.2594,0.0000,0.2364,0.2645,0.1103,SAFE,False,2,6,,,,,,
1771435998.399,0.1,,,,,,,,,,,,,,,0.1103,SAFE,,1,,t2530_0,0.53,NORMAL,LOCAL,SAFE: all tasks permitted (weight=0.53),
1771435998.399,0.1,50.34,4.8173,1.077,34.1,3,,,0.02358,0.0000,0.0000,0.1486,0.0000,0.2358,0.2837,0.0997,SAFE,False,1,7,,,,,,
1771435998.399,0.1,49.67,4.7674,1.047,31.9,3,,,0.02348,0.0000,0.0000,0.3756,0.0000,0.2348,0.2685,0.1260,SAFE,False,1,7,,,,,,
1771435998.399,0.1,50.51,4.7548,1.019,29.9,3,,,0.02577,0.0000,0.0000,0.4328,0.0000,0.2577,0.2543,0.1329,SAFE,False,1,7,,,,,,
1771435998.399,0.1,,,,,,,,,,,,,,,0.1329,SAFE,,0,,t2533_0,0.37,NORMAL,LOCAL,SAFE: all tasks permitted (weight=0.37),
1771435998.399,0.1,49.68,4.8027,1.039,31.4,3,,,0.02597,0.0000,0.0000,0.2151,0.0000,0.2597,0.2646,0.1069,SAFE,False,8,0,,,,,,window_reset|B=8
1771435998.399,0.1,50.26,4.8120,1.011,29.4,3,,,0.02425,0.0000,0.0000,0.1726,0.0000,0.2425,0.2507,0.0968,SAFE,False,8,0,,,,,,
1771435998.399,0.1,,,,,,,,,,,,,,,0.0968,SAFE,,7,,t2535_0,0.22,NORMAL,LOCAL,SAFE: all tasks permitted (weight=0.22),
1771435998.399,0.1,50.06,4.7913,1.013,29.5,3,,,0.02423,0.0000,0.0000,0.2667,0.0000,0.2423,0.2514,0.1092,SAFE,False,7,1,,,,,,
1771435998.399,0.1,,,,,,,,,,,,,,,0.1092,SAFE,,6,,t2536_0,0.36,NORMAL,LOCAL,SAFE: all tasks permitted (weight=0.36),
1771435998.399,0.1,49.90,4.7888,1.032,30.9,3,,,0.02419,0.0000,0.0000,0.2780,0.0000,0.2419,0.2610,0.1125,SAFE,False,6,2,,,,,,
1771435998.399,0.1,49.76,4.7993,1.005,28.9,3,,,0.02155,0.0000,0.0000,0.2306,0.0000,0.2155,0.2473,0.1010,SAFE,False,6,2,,,,,,
1771435998.400,0.1,,,,,,,,,,,,,,,0.1010,SAFE,,5,,t2538_0,0.60,NORMAL,LOCAL,SAFE: all tasks permitted (weight=0.60),
1771435998.400,0.1,50.23,4.7802,1.055,32.5,3,-6402.929,-37.09957,0.01765,0.0000,0.0000,0.3172,1.0000,0.1765,0.2723,0.3134,WARNING,False,5,3,,,,,,
1771435998.400,0.1,,,,,,,,,,,,,,,0.3134,WARNING,,5,,t2539_0,0.84,NORMAL,OFFLOAD,WARNING: heavy task offloaded (weight=0.84 >= 0.3),
1771435998.400,0.1,49.94,4.7860,1.026,30.4,3,16164.247,18.60057,0.01735,0.0000,1.0000,0.2911,0.0000,0.1735,0.2579,0.3568,WARNING,False,5,3,,,,,,
1771435998.400,0.1,,,,,,,,,,,,,,,0.3568,WARNING,,5,,t2540_0,0.35,NORMAL,OFFLOAD,WARNING: heavy task offloaded (weight=0.35 >= 0.3),
1771435998.400,0.1,49.79,4.7987,0.999,28.5,3,-43076.106,43.96648,0.01688,0.0000,0.0000,0.2330,0.0000,0.1688,0.2445,0.0961,SAFE,False,5,3,,,,,,
1771435998.400,0.1,,,,,,,,,,,,,,,0.0961,SAFE,,4,,t2541_0,0.54,NORMAL,LOCAL,SAFE: all tasks permitted (weight=0.54),
1771435998.400,0.1,49.85,4.7938,1.041,31.5,3,10105.485,-8.91321,0.01689,0.0000,1.0000,0.2556,1.0000,0.1689,0.2657,0.5532,WARNING,False,4,4,,,,,,
1771435998.400,0.1,,,,,,,,,,,,,,,0.5532,WARNING,,4,,t2542_0,0.51,LOW,OFFLOAD,WARNING: heavy task offloaded (weight=0.51 >= 0.3),
1771435998.400,0.1,49.66,4.7911,1.013,29.5,3,-36267.963,-20.93945,0.01493,0.0000,0.0000,0.2678,1.0000,0.1493,0.2517,0.3001,WARNING,False,4,4,,,,,,
1771435998.400,0.1,,,,,,,,,,,,,,,0.3001,WARNING,,4,,t2543_0,0.49,HIGH,OFFLOAD,WARNING: heavy task offloaded (weight=0.49 >= 0.3),
1771435998.400,0.1,50.53,4.7933,0.987,27.7,3,28559.565,2.00831,0.01347,0.0000,1.0000,0.2575,0.0000,0.1347,0.2387,0.3447,WARNING,False,4,4,,,,,,
1771435998.400,0.1,49.99,4.8290,0.963,25.9,2,5370.654,40.20152,0.01242,0.0000,1.0000,0.0954,0.0000,0.1242,0.2116,0.3171,WARNING,False,4,4,,,,,,
1771435998.400,0.1,,,,,,,,,,,,,,,0.3171,WARNING,,4,,t2545_0,0.31,NORMAL,OFFLOAD,WARNING: heavy task offloaded (weight=0.31 >= 0.3),
1771435998.400,0.1,49.41,4.8217,0.941,24.3,2,-20877.705,22.48898,0.01413,0.0000,0.0000,0.1284,0.0000,0.1413,0.2004,0.0709,SAFE,False,4,4,,,,,,
1771435998.400,0.1,,,,,,,,,,,,,,,0.0709,SAFE,,3,,t2546_0,0.77,HIGH,LOCAL,SAFE: all tasks permitted (weight=0.77),
1771435998.400,0.1,49.52,4.7839,1.017,29.8,3,,,0.01407,0.0000,0.0000,0.3005,0.0000,0.1407,0.2533,0.1038,SAFE,False,3,5,,,,,,
1771435998.400,0.1,,,,,,,,,,,,,,,0.1038,SAFE,,2,,t2547_0,0.84,NORMAL,LOCAL,SAFE: all tasks permitted (weight=0.84),
1771435998.400,0.1,,,,,,,,,,,,,,,0.1038,SAFE,,1,,t2547_1,0.44,NORMAL,LOCAL,SAFE: all tasks permitted (weight=0.44),
1771435998.400,0.1,49.96,4.7574,1.152,39.4,4,,,0.01774,0.0000,0.0000,0.4209,0.0000,0.1774,0.3361,0.1397,SAFE,False,1,7,,,,,,
1771435998.400,0.1,50.35,4.7730,1.117,36.9,4,,,0.01861,0.0000,0.0000,0.3501,0.0000,0.1861,0.3183,0.1278,SAFE,False,8,0,,,,,,window_reset|B=8
1771435998.400,0.1,,,,,,,,,,,,,,,0.1278,SAFE,,7,,t2549_0,0.54,NORMAL,LOCAL,SAFE: all tasks permitted (weight=0.54),
1771435998.400,0.1,49.56,4.7476,1.151,39.4,4,,,0.02214,0.0000,0.0000,0.4655,0.0000,0.2214,0.3355,0.1498,SAFE,False,7,1,,,,,,
1771435998.400,0.1,,,,,,,,,,,,,,,0.1498,SAFE,,6,,t2550_0,0.63,LOW,LOCAL,SAFE: all tasks permitted (weight=0.63),
1771435998.400,0.1,50.01,4.7487,1.195,42.5,4,,,0.02463,0.0000,0.0000,0.4603,0.0000,0.2463,0.3574,0.1560,SAFE,False,6,2,,,,,,
1771435998.400,0.1,,,,,,,,,,,,,,,0.1560,SAFE,,5,,t2551_0,0.63,NORMAL,LOCAL,SAFE: all tasks permitted (weight=0.63),
1771435998.400,0.1,50.46,4.7749,1.235,45.3,5,,,0.02480,0.0000,0.0000,0.3412,0.0000,0.2480,0.3924,0.1477,SAFE,False,5,3,,,,,,
1771435998.400,0.1,50.63,4.7099,1.193,42.4,4,,,0.03172,0.0000,0.0000,0.6367,0.0000,0.3172,0.3567,0.1858,SAFE,False,5,3,,,,,,
1771435998.400,0.1,50.48,4.7277,1.155,39.6,4,,,0.03399,0.0000,0.0000,0.5560,0.0000,0.3399,0.3374,0.1738,SAFE,False,5,3,,,,,,
1771435998.400,0.1,50.98,4.8077,1.119,37.1,4,,,0.03508,0.0000,0.0000,0.1924,0.0000,0.3508,0.3194,0.1240,SAFE,False,5,3,,,,,,
1771435998.400,0.1,50.38,4.7864,1.086,34.7,3,,,0.03479,0.0000,0.0000,0.2889,0.0000,0.3479,0.2878,0.1299,SAFE,False,5,3,,,,,,
1771435998.400,0.1,,,,,,,,,,,,,,,0.1299,SAFE,,4,,t2556_0,0.58,HIGH,LOCAL,SAFE: all tasks permitted (weight=0.58),
1771435998.400,0.1,50.83,4.7537,1.127,37.6,4,,,0.03053,0.0000,0.0000,0.4378,0.0000,0.3053,0.3235,0.1522,SAFE,False,4,4,,,,,,
1771435998.400,0.1,,,,,,,,,,,,,,,0.1522,SAFE,,3,,t2557_0,0.29,LOW,LOCAL,SAFE: all tasks permitted (weight=0.29),
1771435998.400,0.1,51.22,4.8026,1.130,37.9,4,,,0.02797,0.0000,0.0000,0.2156,0.0000,0.2797,0.3251,0.1210,SAFE,False,3,5,,,,,,
1771435998.400,0.1,51.06,4.7597,1.096,35.4,4,,,0.02736,0.0000,0.0000,0.4104,0.0000,0.2736,0.3080,0.1423,SAFE,False,3,5,,,,,,
1771435998.400,0.1,51.09,4.7506,1.064,33.2,3,,,0.02753,0.0000,0.0000,0.4517,0.0000,0.2753,0.2771,0.1417,SAFE,False,3,5,,,,,,
1771435998.400,0.1,50.28,4.7913,1.035,31.1,3,,,0.02859,0.0000,0.0000,0.2668,0.0000,0.2859,0.2624,0.1157,SAFE,False,3,5,,,,,,
1771435998.400,0.1,,,,,,,,,,,,,,,0.1157,SAFE,,2,,t2561_0,0.67,LOW,LOCAL,SAFE: all tasks permitted (weight=0.67),
1771435998.400,0.1,,,,,,,,,,,,,,,0.1157,SAFE,,1,,t2561_1,0.73,LOW,LOCAL,SAFE: all tasks permitted (weight=0.73),
1771435998.400,0.1,51.48,4.7456,1.183,41.7,4,,,0.02869,0.0000,0.0000,0.4746,0.0000,0.2869,0.3517,0.1607,SAFE,False,1,7,,,,,,
1771435998.400,0.1,,,,,,,,,,,,,,,0.1607,SAFE,,0,,t2562_0,0.46,HIGH,LOCAL,SAFE: all tasks permitted (weight=0.46),
1771435998.400,0.1,51.54,4.7197,1.203,43.1,5,,,0.03094,0.0000,0.0000,0.5921,0.0000,0.3094,0.3767,0.1832,SAFE,False,0,8,,,,,,
1771435998.400,0.1,,,,,,,,,,,,,,,0.1832,SAFE,,0,,t2563_0,0.42,HIGH,OFFLOAD,"Budget exhausted (B=0), offloading. Original: SAFE: all tasks permitted (weight=0.42)",
1771435998.400,0.1,51.62,4.7755,1.164,40.3,4,,,0.03096,0.0000,0.0000,0.3387,0.0000,0.3096,0.3420,0.1434,SAFE,False,8,0,,,,,,window_reset|B=8
1771435998.400,0.1,,,,,,,,,,,,,,,0.1434,SAFE,,7,,t2564_0,0.51,NORMAL,LOCAL,SAFE: all tasks permitted (weight=0.51),
1771435998.400,0.1,52.17,4.7578,1.192,42.3,4,,,0.02697,0.0000,0.0000,0.4191,0.0000,0.2697,0.3561,0.1527,SAFE,False,7,1,,,,,,
1771435998.401,0.1,51.49,4.7777,1.154,39.5,4,15621.855,-24.88092,0.02466,0.0000,1.0000,0.3287,1.0000,0.2466,0.3368,0.5848,WARNING,False,7,1,,,,,,
1771435998.401,0.1,,,,,,,,,,,,,,,0.5848,WARNING,,7,,t2566_0,0.56,NORMAL,OFFLOAD,WARNING: heavy task offloaded (weight=0.56 >= 0.3),
1771435998.401,0.1,51.86,4.7667,1.118,37.0,4,48308.972,6.99164,0.02174,0.0000,1.0000,0.3787,0.0000,0.2174,0.3189,0.3848,WARNING,False,7,1,,,,,,
1771435998.401,0.1,52.14,4.7657,1.085,34.6,3,63288.590,15.03653,0.02082,0.0000,1.0000,0.3834,0.0000,0.2082,0.2873,0.3781,WARNING,False,7,1,,,,,,
1771435998.401,0.1,51.78,4.7843,1.054,32.4,3,89591.629,-7.02194,0.02129,0.0000,1.0000,0.2987,1.0000,0.2129,0.2718,0.5645,CRITICAL,False,7,1,,,,,,
1771435998.401,0.1,51.87,4.8387,1.025,30.3,3,23716.201,93.09152,0.02776,0.0000,1.0000,0.0514,0.0000,0.2776,0.2574,0.3359,WARNING,False,7,1,,,,,,
1771435998.401,0.1,,,,,,,,,,,,,,,0.3359,WARNING,,7,,t2570_0,0.55,NORMAL,OFFLOAD,WARNING: heavy task offloaded (weight=0.55 >= 0.3),
1771435998.401,0.1,52.01,4.7693,0.998,28.4,3,27836.233,49.49529,0.02760,0.0000,1.0000,0.3670,0.0000,0.2760,0.2440,0.3741,WARNING,False,7,1,,,,,,
1771435998.401,0.1,,,,,,,,,,,,,,,0.3741,WARNING,,7,,t2571_0,0.82,HIGH,OFFLOAD,WARNING: heavy task offloaded (weight=0.82 >= 0.3),
1771435998.401,0.1,51.79,4.8083,0.973,26.6,2,10588.361,32.82089,0.02877,0.0000,1.0000,0.1895,0.0000,0.2877,0.2165,0.3467,WARNING,False,7,1,,,,,,
1771435998.401,0.1,,,,,,,,,,,,,,,0.3467,WARNING,,7,,t2572_0,0.41,LOW,OFFLOAD,WARNING: heavy task offloaded (weight=0.41 >= 0.3),
1771435998.401,0.1,51.24,4.8111,0.950,25.0,2,-55980.017,53.29303,0.03018,0.0000,0.0000,0.1768,0.0000,0.3018,0.2049,0.0942,SAFE,False,7,1,,,,,,
1771435998.401,0.1,,,,,,,,,,,,,,,0.0942,SAFE,,6,,t2573_0,0.24,HIGH,LOCAL,SAFE: all tasks permitted (weight=0.24),
1771435998.401,0.1,51.46,4.7857,0.959,25.6,2,,,0.02874,0.0000,0.0000,0.2922,0.0000,0.2874,0.2093,0.1086,SAFE,False,6,2,,,,,,
1771435998.401,0.1,51.16,4.8280,0.936,24.0,2,,,0.02516,0.0000,0.0000,0.1002,0.0000,0.2516,0.1982,0.0778,SAFE,False,6,2,,,,,,
1771435998.401,0.1,51.04,4.8147,0.916,22.6,2,,,0.02573,0.0000,0.0000,0.1605,0.0000,0.2573,0.1879,0.0842,SAFE,False,6,2,,,,,,
1771435998.401,0.1,,,,,,,,,,,,,,,0.0842,SAFE,,5,,t2576_0,0.47,HIGH,LOCAL,SAFE: all tasks permitted (weight=0.47),
1771435998.401,0.1,51.32,4.7855,0.956,25.4,2,,,0.02369,0.0000,0.0000,0.2933,0.0000,0.2369,0.2079,0.1034,SAFE,False,5,3,,,,,,
1771435998.401,0.1,,,,,,,,,,,,,,,0.1034,SAFE,,4,,t2577_0,0.45,NORMAL,LOCAL,SAFE: all tasks permitted (weight=0.45),
1771435998.401,0.1,,,,,,,,,,,,,,,0.1034,SAFE,,3,,t2577_1,0.37,HIGH,LOCAL,SAFE: all tasks permitted (weight=0.37),
1771435998.401,0.1,50.89,4.7486,1.038,31.3,3,,,0.02661,0.0000,0.0000,0.4611,0.0000,0.2661,0.2641,0.1394,SAFE,False,3,5,,,,,,
1771435998.401,0.1,50.95,4.6768,1.010,29.3,3,,,0.04132,0.0000,0.0000,0.7873,0.0000,0.4132,0.2502,0.1937,SAFE,False,8,0,,,,,,window_reset|B=8
1771435998.401,0.1,50.99,4.7605,0.985,27.5,3,,,0.04154,0.0000,0.0000,0.4066,0.0000,0.4154,0.2373,0.1419,SAFE,False,8,0,,,,,,
1771435998.401,0.1,50.83,4.8187,0.961,25.8,2,,,0.04262,0.0000,0.0000,0.1424,0.0000,0.4262,0.2103,0.1032,SAFE,False,8,0,,,,,,
1771435998.401,0.1,,,,,,,,,,,,,,,0.1032,SAFE,,7,,t2581_0,0.63,NORMAL,LOCAL,SAFE: all tasks permitted (weight=0.63),
1771435998.401,0.1,51.07,4.7939,1.018,29.9,3,,,0.03981,0.0000,0.0000,0.2550,0.0000,0.3981,0.2540,0.1238,SAFE,False,7,1,,,,,,
1771435998.401,0.1,,,,,,,,,,,,,,,0.1238,SAFE,,6,,t2582_0,0.47,NORMAL,LOCAL,SAFE: all tasks permitted (weight=0.47),
1771435998.401,0.1,50.70,4.7730,1.051,32.2,3,,,0.03971,0.0000,0.0000,0.3500,0.0000,0.3971,0.2704,0.1393,SAFE,False,6,2,,,,,,
1771435998.401,0.1,,,,,,,,,,,,,,,0.1393,SAFE,,5,,t2583_0,0.24,HIGH,LOCAL,SAFE: all tasks permitted (weight=0.24),
1771435998.401,0.1,50.98,4.7490,1.053,32.3,3,,,0.04003,0.0000,0.0000,0.4592,0.0000,0.4003,0.2714,0.1540,SAFE,False,5,3,,,,,,
1771435998.401,0.1,50.95,4.8090,1.024,30.3,3,,,0.03989,0.0000,0.0000,0.1864,0.0000,0.3989,0.2570,0.1155,SAFE,False,5,3,,,,,,
1771435998.401,0.1,50.57,4.8220,0.997,28.4,3,,,0.04165,0.0000,0.0000,0.1275,0.0000,0.4165,0.2437,0.1070,SAFE,False,5,3,,,,,,
1771435998.401,0.1,,,,,,,,,,,,,,,0.1070,SAFE,,4,,t2586_0,0.73,LOW,LOCAL,SAFE: all tasks permitted (weight=0.73),
1771435998.401,0.1,50.87,4.8050,1.064,33.2,3,,,0.03997,0.0000,0.0000,0.2045,0.0000,0.3997,0.2772,0.1220,SAFE,False,4,4,,,,,,
1771435998.401,0.1,50.92,4.7989,1.035,31.1,3,,,0.03905,0.0000,0.0000,0.2321,0.0000,0.3905,0.2624,0.1217,SAFE,False,4,4,,,,,,
1771435998.401,0.1,,,,,,,,,,,,,,,0.1217,SAFE,,3,,t2588_0,0.43,NORMAL,LOCAL,SAFE: all tasks permitted (weight=0.43),
1771435998.401,0.1,50.93,4.7992,1.063,33.0,3,,,0.03944,0.0000,0.0000,0.2310,0.0000,0.3944,0.2763,0.1247,SAFE,False,3,5,,,,,,
1771435998.401,0.1,,,,,,,,,,,,,,,0.1247,SAFE,,2,,t2589_0,0.83,NORMAL,LOCAL,SAFE: all tasks permitted (weight=0.83),
1771435998.401,0.1,50.64,4.7738,1.139,38.5,4,,,0.03839,0.0000,0.0000,0.3462,0.0000,0.3839,0.3295,0.1493,SAFE,False,2,6,,,,,,
1771435998.401,0.1,51.13,4.7419,1.104,36.0,4,,,0.02569,0.0000,0.0000,0.4915,0.0000,0.2569,0.3121,0.1520,SAFE,False,2,6,,,,,,
1771435998.401,0.1,,,,,,,,,,,,,,,0.1520,SAFE,,1,,t2591_0,0.85,CRITICAL,LOCAL,SAFE: all tasks permitted (weight=0.85),
1771435998.401,0.1,51.29,4.7523,1.180,41.4,4,,,0.02650,0.0000,0.0000,0.4443,0.0000,0.2650,0.3498,0.1542,SAFE,False,1,7,,,,,,
1771435998.401,0.1,,,,,,,,,,,,,,,0.1542,SAFE,,0,,t2592_0,0.41,NORMAL,LOCAL,SAFE: all tasks permitted (weight=0.41),
1771435998.401,0.1,50.56,4.7056,1.195,42.5,4,,,0.03272,0.0000,0.0000,0.6565,0.0000,0.3272,0.3573,0.1895,SAFE,False,0,8,,,,,,
1771435998.401,0.1,50.47,4.7378,1.156,39.7,4,,,0.03395,0.0000,0.0000,0.5100,0.0000,0.3395,0.3380,0.1678,SAFE,False,8,0,,,,,,window_reset|B=8
1771435998.401,0.1,51.79,4.8092,1.120,37.1,4,,,0.03546,0.0000,0.0000,0.1853,0.0000,0.3546,0.3200,0.1235,SAFE,False,8,0,,,,,,
1771435998.401,0.1,,,,,,,,,,,,,,,0.1235,SAFE,,7,,t2595_0,0.68,NORMAL,LOCAL,SAFE: all tasks permitted (weight=0.68),
1771435998.401,0.1,,,,,,,,,,,,,,,0.1235,SAFE,,6,,t2595_1,0.84,CRITICAL,LOCAL,SAFE: all tasks permitted (weight=0.84),
1771435998.402,0.1,52.12,4.7134,1.280,48.6,5,72263.224,-85.39428,0.03885,0.0000,1.0000,0.6208,1.0000,0.3885,0.4152,0.6526,WARNING,False,6,2,,,,,,
1771435998.402,0.1,,,,,,,,,,,,,,,0.6526,WARNING,,5,,t2596_0,0.26,LOW,LOCAL,WARNING: lightweight task permitted (weight=0.26 < 0.3),
1771435998.402,0.1,52.33,4.7132,1.268,47.7,5,84170.606,-85.81057,0.04031,0.0000,1.0000,0.6216,1.0000,0.4031,0.4092,0.6530,CRITICAL,False,5,3,,,,,,
1771435998.402,0.1,51.63,4.6975,1.225,44.6,5,59551.113,-76.23871,0.04017,0.0000,1.0000,0.6932,1.0000,0.4017,0.3873,0.6577,CRITICAL,False,5,3,,,,,,
1771435998.402,0.1,,,,,,,,,,,,,,,0.6577,CRITICAL,,5,,t2598_0,0.59,NORMAL,OFFLOAD,CRITICAL: non-critical task offloaded (priority=NORMAL),
1771435998.402,0.1,52.36,4.7241,1.184,41.7,4,73843.902,-17.75378,0.03776,0.0000,1.0000,0.5723,1.0000,0.3776,0.3519,0.6325,CRITICAL,False,5,3,,,,,,
1771435998.402,0.1,,,,,,,,,,,,,,,0.6325,CRITICAL,,4,,t2599_0,0.37,CRITICAL,LOCAL,CRITICAL: mission-critical task permitted locally (priority=CRITICAL),
1771435998.402,0.1,,,,,,,,,,,,,,,0.6325,CRITICAL,,4,,t2599_1,0.82,LOW,OFFLOAD,CRITICAL: non-critical task offloaded (priority=LOW),
1771435998.402,0.1,51.97,4.7236,1.193,42.3,4,40592.462,-28.60182,0.03479,0.0000,1.0000,0.5745,1.0000,0.3479,0.3564,0.6308,CRITICAL,False,4,4,,,,,,
1771435998.402,0.1,52.21,4.7413,1.154,39.6,4,99369.662,35.65378,0.03008,0.0000,1.0000,0.4942,0.0000,0.3008,0.3372,0.4118,WARNING,False,4,4,,,,,,
1771435998.402,0.1,,,,,,,,,,,,,,,0.4118,WARNING,,4,,t2601_0,0.50,NORMAL,OFFLOAD,WARNING: heavy task offloaded (weight=0.50 >= 0.3),
1771435998.402,0.1,,,,,,,,,,,,,,,0.4118,WARNING,,4,,t2601_1,0.57,LOW,OFFLOAD,WARNING: heavy task offloaded (weight=0.57 >= 0.3),
1771435998.402,0.1,52.61,4.7629,1.118,37.0,4,128034.057,25.11092,0.02907,0.0000,1.0000,0.3957,0.0000,0.2907,0.3192,0.3944,WARNING,False,4,4,,,,,,
1771435998.402,0.1,,,,,,,,,,,,,,,0.3944,WARNING,,3,,t2602_0,0.23,LOW,LOCAL,WARNING: lightweight task permitted (weight=0.23 < 0.3),
1771435998.402,0.1,,,,,,,,,,,,,,,0.3944,WARNING,,3,,t2602_1,0.84,LOW,OFFLOAD,WARNING: heavy task offloaded (weight=0.84 >= 0.3),
1771435998.402,0.1,52.62,4.7552,1.114,36.7,4,50080.301,-54.00210,0.02955,0.0000,1.0000,0.4311,1.0000,0.2955,0.3170,0.5990,CRITICAL,False,3,5,,,,,,
1771435998.402,0.1,52.43,4.7477,1.081,34.4,3,,,0.02938,0.0000,0.0000,0.4648,0.0000,0.2938,0.2855,0.1469,WARNING,False,3,5,,,,,,
1771435998.402,0.1,52.19,4.7958,1.050,32.2,3,,,0.03206,0.0000,0.0000,0.2465,0.0000,0.3206,0.2701,0.1181,SAFE,False,3,5,,,,,,
1771435998.402,0.1,,,,,,,,,,,,,,,0.1181,SAFE,,2,,t2605_0,0.21,LOW,LOCAL,SAFE: all tasks permitted (weight=0.21),
1771435998.402,0.1,52.35,4.7908,1.049,32.0,3,,,0.03452,0.0000,0.0000,0.2691,0.0000,0.3452,0.2693,0.1234,SAFE,False,2,6,,,,,,
1771435998.402,0.1,,,,,,,,,,,,,,,0.1234,SAFE,,1,,t2606_0,0.83,HIGH,LOCAL,SAFE: all tasks permitted (weight=0.83),
1771435998.402,0.1,51.78,4.7338,1.126,37.6,4,,,0.02925,0.0000,0.0000,0.5280,0.0000,0.2925,0.3231,0.1625,SAFE,False,1,7,,,,,,
1771435998.402,0.1,,,,,,,,,,,,,,,0.1625,SAFE,,0,,t2607_0,0.43,CRITICAL,LOCAL,SAFE: all tasks permitted (weight=0.43),
1771435998.402,0.1,52.32,4.7703,1.147,39.1,4,,,0.02890,0.0000,0.0000,0.3623,0.0000,0.2890,0.3337,0.1427,SAFE,False,0,8,,,,,,
1771435998.402,0.1,52.49,4.7418,1.112,36.6,4,,,0.02720,0.0000,0.0000,0.4920,0.0000,0.2720,0.3160,0.1544,SAFE,False,8,0,,,,,,window_reset|B=8
1771435998.402,0.1,,,,,,,,,,,,,,,0.1544,SAFE,,7,,t2609_0,0.72,NORMAL,LOCAL,SAFE: all tasks permitted (weight=0.72),
1771435998.402,0.1,52.40,4.7344,1.171,40.8,4,,,0.02300,0.0000,0.0000,0.5253,0.0000,0.2300,0.3455,0.1604,SAFE,False,7,1,,,,,,
1771435998.402,0.1,52.75,4.7441,1.134,38.1,4,,,0.02161,0.0000,0.0000,0.4815,0.0000,0.2161,0.3270,0.1496,SAFE,False,7,1,,,,,,
1771435998.402,0.1,51.97,4.7589,1.100,35.7,4,,,0.01966,0.0000,0.0000,0.4140,0.0000,0.1966,0.3098,0.1354,SAFE,False,7,1,,,,,,
1771435998.402,0.1,52.58,4.8093,1.067,33.4,3,,,0.02384,0.0000,0.0000,0.1849,0.0000,0.2384,0.2787,0.1036,SAFE,False,7,1,,,,,,
1771435998.402,0.1,,,,,,,,,,,,,,,0.1036,SAFE,,6,,t2613_0,0.64,NORMAL,LOCAL,SAFE: all tasks permitted (weight=0.64),
1771435998.402,0.1,52.38,4.7524,1.119,37.1,4,,,0.02399,0.0000,0.0000,0.4438,0.0000,0.2399,0.3197,0.1456,SAFE,False,6,2,,,,,,
1771435998.402,0.1,52.57,4.7746,1.086,34.7,3,,,0.02418,0.0000,0.0000,0.3428,0.0000,0.2418,0.2880,0.1264,SAFE,False,6,2,,,,,,
1771435998.402,0.1,,,,,,,,,,,,,,,0.1264,SAFE,,5,,t2615_0,0.83,NORMAL,LOCAL,SAFE: all tasks permitted (weight=0.83),
1771435998.402,0.1,52.85,4.7579,1.161,40.1,4,,,0.02382,0.0000,0.0000,0.4186,0.0000,0.2382,0.3407,0.1464,SAFE,False,5,3,,,,,,
1771435998.402,0.1,,,,,,,,,,,,,,,0.1464,SAFE,,4,,t2616_0,0.21,HIGH,LOCAL,SAFE: all tasks permitted (weight=0.21),
1771435998.402,0.1,52.86,4.7656,1.152,39.4,4,,,0.02180,0.0000,0.0000,0.3835,0.0000,0.2180,0.3358,0.1388,SAFE,False,4,4,,,,,,
1771435998.402,0.1,52.28,4.7440,1.116,36.9,4,,,0.02028,0.0000,0.0000,0.4818,0.0000,0.2028,0.3180,0.1465,SAFE,False,4,4,,,,,,
1771435998.402,0.1,52.75,4.7826,1.083,34.5,3,,,0.02007,0.0000,0.0000,0.3064,0.0000,0.2007,0.2864,0.1172,SAFE,False,4,4,,,,,,
1771435998.402,0.1,,,,,,,,,,,,,,,0.1172,SAFE,,3,,t2619_0,0.30,NORMAL,LOCAL,SAFE: all tasks permitted (weight=0.30),
1771435998.402,0.1,52.55,4.8029,1.090,35.0,3,,,0.02308,0.0000,0.0000,0.2142,0.0000,0.2308,0.2899,0.1089,SAFE,False,3,5,,,,,,
1771435998.402,0.1,,,,,,,,,,,,,,,0.1089,SAFE,,2,,t2620_0,0.62,NORMAL,LOCAL,SAFE: all tasks permitted (weight=0.62),
1771435998.402,0.1,52.88,4.7735,1.138,38.4,4,,,0.02217,0.0000,0.0000,0.3477,0.0000,0.2217,0.3290,0.1332,SAFE,False,2,6,,,,,,
1771435998.402,0.1,,,,,,,,,,,,,,,0.1332,SAFE,,1,,t2621_0,0.25,HIGH,LOCAL,SAFE: all tasks permitted (weight=0.25),
1771435998.402,0.1,52.41,4.7691,1.135,38.2,4,,,0.01993,0.0000,0.0000,0.3678,0.0000,0.1993,0.3277,0.1333,SAFE,False,1,7,,,,,,
1771435998.402,0.1,,,,,,,,,,,,,,,0.1333,SAFE,,0,,t2622_0,0.40,NORMAL,LOCAL,SAFE: all tasks permitted (weight=0.40),
1771435998.402,0.1,52.90,4.7464,1.152,39.4,4,,,0.01969,0.0000,0.0000,0.4710,0.0000,0.1969,0.3358,0.1481,SAFE,False,0,8,,,,,,
1771435998.402,0.1,52.74,4.7723,1.116,36.8,4,,,0.01942,0.0000,0.0000,0.3532,0.0000,0.1942,0.3179,0.1289,SAFE,False,8,0,,,,,,window_reset|B=8
1771435998.402,0.1,,,,,,,,,,,,,,,0.1289,SAFE,,7,,t2624_0,0.31,NORMAL,LOCAL,SAFE: all tasks permitted (weight=0.31),
1771435998.403,0.1,52.42,4.7622,1.123,37.3,4,-26012.086,-3.40182,0.01565,0.0000,0.0000,0.3991,1.0000,0.1565,0.3214,0.3318,WARNING,False,7,1,,,,,,
1771435998.403,0.1,53.13,4.7408,1.089,34.9,3,50235.926,-3.13662,0.01682,0.0000,1.0000,0.4961,1.0000,0.1682,0.2896,0.5892,CRITICAL,False,7,1,,,,,,
1771435998.403,0.1,,,,,,,,,,,,,,,0.5892,CRITICAL,,7,,t2626_0,0.49,LOW,OFFLOAD,CRITICAL: non-critical task offloaded (priority=LOW),
1771435998.403,0.1,52.42,4.8078,1.058,32.7,3,-19569.331,24.99945,0.02037,0.0000,0.0000,0.1918,0.0000,0.2037,0.2739,0.1001,WARNING,False,7,1,,,,,,
1771435998.403,0.1,53.13,4.7796,1.029,30.6,3,34620.548,-23.11063,0.02029,0.0000,1.0000,0.3201,1.0000,0.2029,0.2594,0.5638,CRITICAL,False,7,1,,,,,,
1771435998.403,0.1,52.64,4.7850,1.002,28.7,3,-14120.483,11.39363,0.02060,0.0000,0.0000,0.2955,0.0000,0.2060,0.2458,0.1082,WARNING,False,7,1,,,,,,
1771435998.403,0.1,52.27,4.8117,0.976,26.9,2,-8570.000,42.27922,0.02136,0.0000,0.0000,0.1741,0.0000,0.2136,0.2182,0.0876,SAFE,False,7,1,,,,,,
1771435998.403,0.1,,,,,,,,,,,,,,,0.0876,SAFE,,6,,t2630_0,0.81,NORMAL,LOCAL,SAFE: all tasks permitted (weight=0.81),
1771435998.403,0.1,52.66,4.7880,1.057,32.7,3,-14278.756,41.27728,0.02151,0.0000,0.0000,0.2820,0.0000,0.2151,0.2736,0.1129,SAFE,False,6,2,,,,,,
1771435998.403,0.1,,,,,,,,,,,,,,,0.1129,SAFE,,5,,t2631_0,0.40,NORMAL,LOCAL,SAFE: all tasks permitted (weight=0.40),
1771435998.403,0.1,52.61,4.7870,1.080,34.3,3,-8020.721,14.57928,0.02042,0.0000,0.0000,0.2864,0.0000,0.2042,0.2848,0.1146,SAFE,False,5,3,,,,,,
1771435998.403,0.1,,,,,,,,,,,,,,,0.1146,SAFE,,4,,t2632_0,0.32,LOW,LOCAL,SAFE: all tasks permitted (weight=0.32),
1771435998.403,0.1,52.02,4.7732,1.090,35.0,3,,,0.02042,0.0000,0.0000,0.3492,0.0000,0.2042,0.2899,0.1238,SAFE,False,4,4,,,,,,
1771435998.403,0.1,53.10,4.7615,1.058,32.7,3,,,0.02077,0.0000,0.0000,0.4025,0.0000,0.2077,0.2742,0.1279,SAFE,False,4,4,,,,,,
1771435998.403,0.1,,,,,,,,,,,,,,,0.1279,SAFE,,3,,t2634_0,0.60,HIGH,LOCAL,SAFE: all tasks permitted (weight=0.60),
1771435998.403,0.1,52.24,4.7847,1.107,36.2,4,,,0.01878,0.0000,0.0000,0.2968,0.0000,0.1878,0.3134,0.1200,SAFE,False,3,5,,,,,,
1771435998.403,0.1,,,,,,,,,,,,,,,0.1200,SAFE,,2,,t2635_0,0.29,NORMAL,LOCAL,SAFE: all tasks permitted (weight=0.29),
1771435998.403,0.1,,,,,,,,,,,,,,,0.1200,SAFE,,1,,t2635_1,0.21,HIGH,LOCAL,SAFE: all tasks permitted (weight=0.21),
1771435998.403,0.1,52.27,4.7477,1.138,38.5,4,,,0.02070,0.0000,0.0000,0.4650,0.0000,0.2070,0.3292,0.1470,SAFE,False,1,7,,,,,,
1771435998.403,0.1,,,,,,,,,,,,,,,0.1470,SAFE,,0,,t2636_0,0.38,HIGH,LOCAL,SAFE: all tasks permitted (weight=0.38),
1771435998.403,0.1,52.86,4.7445,1.152,39.4,4,,,0.02230,0.0000,0.0000,0.4798,0.0000,0.2230,0.3360,0.1519,SAFE,False,0,8,,,,,,
1771435998.403,0.1,52.74,4.7853,1.116,36.9,4,,,0.01971,0.0000,0.0000,0.2940,0.0000,0.1971,0.3182,0.1216,SAFE,False,0,8,,,,,,
1771435998.403,0.1,,,,,,,,,,,,,,,0.1216,SAFE,,0,,t2638_0,0.23,CRITICAL,OFFLOAD,"Budget exhausted (B=0), offloading. Original: SAFE: all tasks permitted (weight=0.23)",
1771435998.403,0.1,53.03,4.7587,1.083,34.5,3,,,0.01850,0.0000,0.0000,0.4150,0.0000,0.1850,0.2866,0.1298,SAFE,False,8,0,,,,,,window_reset|B=8
1771435998.403,0.1,52.11,4.7860,1.052,32.3,3,,,0.01870,0.0000,0.0000,0.2910,0.0000,0.1870,0.2711,0.1108,SAFE,False,8,0,,,,,,
1771435998.403,0.1,,,,,,,,,,,,,,,0.1108,SAFE,,7,,t2640_0,0.49,NORMAL,LOCAL,SAFE: all tasks permitted (weight=0.49),
1771435998.403,0.1,52.17,4.7373,1.086,34.7,3,,,0.02127,0.0000,0.0000,0.5122,0.0000,0.2127,0.2881,0.1455,SAFE,False,7,1,,,,,,
1771435998.403,0.1,52.53,4.7878,1.055,32.5,3,,,0.01840,0.0000,0.0000,0.2828,0.0000,0.1840,0.2725,0.1097,SAFE,False,7,1,,,,,,
1771435998.403,0.1,,,,,,,,,,,,,,,0.1097,SAFE,,6,,t2642_0,0.45,HIGH,LOCAL,SAFE: all tasks permitted (weight=0.45),
1771435998.403,0.1,,,,,,,,,,,,,,,0.1097,SAFE,,5,,t2642_1,0.54,NORMAL,LOCAL,SAFE: all tasks permitted (weight=0.54),
1771435998.403,0.1,52.29,4.7311,1.154,39.6,4,,,0.02041,0.0000,0.0000,0.5405,0.0000,0.2041,0.3372,0.1581,SAFE,False,5,3,,,,,,
1771435998.403,0.1,,,,,,,,,,,,,,,0.1581,SAFE,,4,,t2643_0,0.51,LOW,LOCAL,SAFE: all tasks permitted (weight=0.51),
1771435998.403,0.1,52.55,4.7311,1.184,41.7,4,,,0.02131,0.0000,0.0000,0.5405,0.0000,0.2131,0.3522,0.1620,SAFE,False,4,4,,,,,,
1771435998.403,0.1,52.65,4.7410,1.147,39.0,4,,,0.02159,0.0000,0.0000,0.4954,0.0000,0.2159,0.3333,0.1527,SAFE,False,4,4,,,,,,
1771435998.403,0.1,,,,,,,,,,,,,,,0.1527,SAFE,,3,,t2645_0,0.24,NORMAL,LOCAL,SAFE: all tasks permitted (weight=0.24),
1771435998.403,0.1,53.35,4.7451,1.142,38.7,4,,,0.02185,0.0000,0.0000,0.4767,0.0000,0.2185,0.3310,0.1500,SAFE,False,3,5,,,,,,
1771435998.403,0.1,,,,,,,,,,,,,,,0.1500,SAFE,,2,,t2646_0,0.52,HIGH,LOCAL,SAFE: all tasks permitted (weight=0.52),
1771435998.403,0.1,52.93,4.7174,1.173,41.0,4,,,0.02257,0.0000,0.0000,0.6027,0.0000,0.2257,0.3467,0.1702,SAFE,False,2,6,,,,,,
1771435998.403,0.1,52.60,4.7750,1.136,38.3,4,,,0.02347,0.0000,0.0000,0.3411,0.0000,0.2347,0.3281,0.1334,SAFE,False,2,6,,,,,,
1771435998.403,0.1,52.72,4.7681,1.102,35.8,4,,,0.02363,0.0000,0.0000,0.3722,0.0000,0.2363,0.3108,0.1342,SAFE,False,2,6,,,,,,
1771435998.403,0.1,52.99,4.7658,1.069,33.5,3,,,0.02213,0.0000,0.0000,0.3827,0.0000,0.2213,0.2797,0.1278,SAFE,False,2,6,,,,,,
1771435998.403,0.1,,,,,,,,,,,,,,,0.1278,SAFE,,1,,t2650_0,0.32,LOW,LOCAL,SAFE: all tasks permitted (weight=0.32),
1771435998.403,0.1,53.29,4.7696,1.081,34.4,3,,,0.02254,0.0000,0.0000,0.3654,0.0000,0.2254,0.2856,0.1272,SAFE,False,1,7,,,,,,
1771435998.403,0.1,,,,,,,,,,,,,,,0.1272,SAFE,,0,,t2651_0,0.41,LOW,LOCAL,SAFE: all tasks permitted (weight=0.41),
1771435998.403,0.1,52.75,4.7887,1.103,35.9,4,,,0.02287,0.0000,0.0000,0.2786,0.0000,0.2287,0.3113,0.1213,SAFE,False,0,8,,,,,,
1771435998.404,0.1,,,,,,,,,,,,,,,0.1213,SAFE,,0,,t2652_0,0.60,LOW,OFFLOAD,"Budget exhausted (B=0), offloading. Original: SAFE: all tasks permitted (weight=0.60)",
1771435998.404,0.1,52.81,4.7707,1.070,33.6,3,9666.594,29.75869,0.02259,0.0000,1.0000,0.3606,0.0000,0.2259,0.2802,0.3755,WARNING,False,0,8,,,,,,
1771435998.404,0.1,,,,,,,,,,,,,,,0.3755,WARNING,,0,,t2653_0,0.40,NORMAL,OFFLOAD,WARNING: heavy task offloaded (weight=0.40 >= 0.3),
1771435998.404,0.1,52.81,4.7702,1.040,31.5,3,-32075.513,25.15654,0.02111,0.0000,0.0000,0.3628,0.0000,0.2111,0.2652,0.1213,SAFE,False,8,0,,,,,,window_reset|B=8
1771435998.404,0.1,52.67,4.7526,1.012,29.5,3,-15824.482,35.31892,0.01978,0.0000,0.0000,0.4427,0.0000,0.1978,0.2512,0.1276,SAFE,False,8,0,,,,,,
1771435998.404,0.1,52.24,4.8534,0.987,27.6,3,-21172.010,78.74702,0.03142,0.0000,0.0000,0.0000,0.0000,0.3142,0.2383,0.0791,SAFE,False,8,0,,,,,,
1771435998.404,0.1,,,,,,,,,,,,,,,0.0791,SAFE,,7,,t2656_0,0.56,NORMAL,LOCAL,SAFE: all tasks permitted (weight=0.56),
1771435998.404,0.1,52.61,4.7907,1.035,31.1,3,-6529.439,22.65988,0.03084,0.0000,0.0000,0.2695,0.0000,0.3084,0.2626,0.1184,SAFE,False,7,1,,,,,,
1771435998.404,0.1,,,,,,,,,,,,,,,0.1184,SAFE,,6,,t2657_0,0.74,HIGH,LOCAL,SAFE: all tasks permitted (weight=0.74),
1771435998.404,0.1,52.08,4.7648,1.103,36.0,4,-54702.597,-1.01976,0.02986,0.0000,0.0000,0.3873,1.0000,0.2986,0.3117,0.3425,WARNING,False,6,2,,,,,,
1771435998.404,0.1,,,,,,,,,,,,,,,0.3425,WARNING,,6,,t2658_0,0.46,LOW,OFFLOAD,WARNING: heavy task offloaded (weight=0.46 >= 0.3),
1771435998.404,0.1,52.63,4.7952,1.071,33.6,3,-39619.729,25.69248,0.02493,0.0000,0.0000,0.2491,0.0000,0.2493,0.2805,0.1134,SAFE,False,6,2,,,,,,
1771435998.404,0.1,,,,,,,,,,,,,,,0.1134,SAFE,,5,,t2659_0,0.30,NORMAL,LOCAL,SAFE: all tasks permitted (weight=0.30),
1771435998.404,0.1,52.54,4.7883,1.080,34.3,3,-12552.984,-0.43402,0.02495,0.0000,0.0000,0.2806,0.8680,0.2495,0.2850,0.2920,WARNING,False,5,3,,,,,,
1771435998.404,0.1,,,,,,,,,,,,,,,0.2920,WARNING,,4,,t2660_0,0.26,LOW,LOCAL,WARNING: lightweight task permitted (weight=0.26 < 0.3),
1771435998.404,0.1,,,,,,,,,,,,,,,0.2920,WARNING,,4,,t2660_1,0.57,HIGH,OFFLOAD,WARNING: heavy task offloaded (weight=0.57 >= 0.3),
1771435998.404,0.1,51.95,4.7865,1.083,34.5,3,,,0.02465,0.0000,0.0000,0.2888,0.0000,0.2465,0.2865,0.1195,SAFE,False,4,4,,,,,,
1771435998.404,0.1,,,,,,,,,,,,,,,0.1195,SAFE,,3,,t2661_0,0.31,NORMAL,LOCAL,SAFE: all tasks permitted (weight=0.31),
1771435998.404,0.1,52.66,4.7774,1.092,35.1,4,,,0.02418,0.0000,0.0000,0.3300,0.0000,0.2418,0.3058,0.1282,SAFE,False,3,5,,,,,,
1771435998.404,0.1,52.41,4.8239,1.060,32.9,3,,,0.02607,0.0000,0.0000,0.1186,0.0000,0.2607,0.2751,0.0965,SAFE,False,3,5,,,,,,
1771435998.404,0.1,,,,,,,,,,,,,,,0.0965,SAFE,,2,,t2663_0,0.70,NORMAL,LOCAL,SAFE: all tasks permitted (weight=0.70),
1771435998.404,0.1,52.19,4.7441,1.121,37.2,4,,,0.02881,0.0000,0.0000,0.4814,0.0000,0.2881,0.3207,0.1555,SAFE,False,2,6,,,,,,
1771435998.404,0.1,,,,,,,,,,,,,,,0.1555,SAFE,,1,,t2664_0,0.61,HIGH,LOCAL,SAFE: all tasks permitted (weight=0.61),
1771435998.404,0.1,52.69,4.7653,1.166,40.5,4,,,0.02907,0.0000,0.0000,0.3849,0.0000,0.2907,0.3432,0.1477,SAFE,False,1,7,,,,,,
1771435998.404,0.1,,,,,,,,,,,,,,,0.1477,SAFE,,0,,t2665_0,0.58,NORMAL,LOCAL,SAFE: all tasks permitted (weight=0.58),
1771435998.404,0.1,52.64,4.7588,1.205,43.2,5,,,0.02969,0.0000,0.0000,0.4145,0.0000,0.2969,0.3775,0.1591,SAFE,False,0,8,,,,,,
1771435998.404,0.1,,,,,,,,,,,,,,,0.1591,SAFE,,0,,t2666_0,0.30,LOW,OFFLOAD,"Budget exhausted (B=0), offloading. Original: SAFE: all tasks permitted (weight=0.30)",
1771435998.404,0.1,52.32,4.7549,1.166,40.4,4,,,0.02950,0.0000,0.0000,0.4323,0.0000,0.2950,0.3428,0.1543,SAFE,False,0,8,,,,,,
1771435998.404,0.1,,,,,,,,,,,,,,,0.1543,SAFE,,0,,t2667_0,0.75,HIGH,OFFLOAD,"Budget exhausted (B=0), offloading. Original: SAFE: all tasks permitted (weight=0.75)",
1771435998.404,0.1,53.26,4.7741,1.129,37.8,4,,,0.02068,0.0000,0.0000,0.3448,0.0000,0.2068,0.3244,0.1304,SAFE,False,0,8,,,,,,
1771435998.404,0.1,52.02,4.7421,1.095,35.3,4,,,0.02230,0.0000,0.0000,0.4905,0.0000,0.2230,0.3074,0.1475,SAFE,False,8,0,,,,,,window_reset|B=8
1771435998.404,0.1,,,,,,,,,,,,,,,0.1475,SAFE,,7,,t2669_0,0.20,LOW,LOCAL,SAFE: all tasks permitted (weight=0.20),
1771435998.404,0.1,52.75,4.7723,1.089,35.0,3,,,0.02216,0.0000,0.0000,0.3532,0.0000,0.2216,0.2897,0.1260,SAFE,False,7,1,,,,,,
1771435998.404,0.1,53.24,4.7797,1.058,32.7,3,,,0.02130,0.0000,0.0000,0.3196,0.0000,0.2130,0.2740,0.1177,SAFE,False,7,1,,,,,,
1771435998.404,0.1,52.40,4.7940,1.029,30.6,3,,,0.02171,0.0000,0.0000,0.2546,0.0000,0.2171,0.2595,0.1067,SAFE,False,7,1,,,,,,
1771435998.404,0.1,52.13,4.8276,1.002,28.7,3,,,0.02636,0.0000,0.0000,0.1017,0.0000,0.2636,0.2459,0.0888,SAFE,False,7,1,,,,,,
1771435998.404,0.1,,,,,,,,,,,,,,,0.0888,SAFE,,6,,t2673_0,0.84,HIGH,LOCAL,SAFE: all tasks permitted (weight=0.84),
1771435998.404,0.1,52.85,4.7318,1.086,34.7,3,,,0.02906,0.0000,0.0000,0.5371,0.0000,0.2906,0.2880,0.1565,SAFE,False,6,2,,,,,,
1771435998.404,0.1,,,,,,,,,,,,,,,0.1565,SAFE,,5,,t2674_0,0.40,NORMAL,LOCAL,SAFE: all tasks permitted (weight=0.40),
1771435998.404,0.1,52.50,4.7721,1.107,36.2,4,,,0.02459,0.0000,0.0000,0.3542,0.0000,0.2459,0.3135,0.1333,SAFE,False,5,3,,,,,,
1771435998.404,0.1,,,,,,,,,,,,,,,0.1333,SAFE,,4,,t2675_0,0.61,NORMAL,LOCAL,SAFE: all tasks permitted (weight=0.61),
1771435998.404,0.1,52.58,4.7628,1.153,39.5,4,,,0.02359,0.0000,0.0000,0.3965,0.0000,0.2359,0.3367,0.1425,SAFE,False,4,4,,,,,,
1771435998.404,0.1,52.51,4.7334,1.118,37.0,4,,,0.02563,0.0000,0.0000,0.5298,0.0000,0.2563,0.3188,0.1583,SAFE,False,4,4,,,,,,
1771435998.405,0.1,52.92,4.7947,1.084,34.6,3,10353.181,22.31406,0.02658,0.0000,1.0000,0.2516,0.0000,0.2658,0.2872,0.3667,WARNING,False,4,4,,,,,,
1771435998.405,0.1,,,,,,,,,,,,,,,0.3667,WARNING,,3,,t2678_0,0.27,LOW,LOCAL,WARNING: lightweight task permitted (weight=0.27 < 0.3),
1771435998.405,0.1,52.56,4.8045,1.088,34.9,3,-40744.100,24.71669,0.02774,0.0000,0.0000,0.2070,0.0000,0.2774,0.2890,0.1124,SAFE,False,3,5,,,,,,
1771435998.405,0.1,,,,,,,,,,,,,,,0.1124,SAFE,,2,,t2679_0,0.42,NORMAL,LOCAL,SAFE: all tasks permitted (weight=0.42),
1771435998.405,0.1,52.39,4.7883,1.111,36.5,4,-746.194,-5.70074,0.02802,0.0000,0.0000,0.2805,1.0000,0.2802,0.3154,0.3276,WARNING,False,2,6,,,,,,
1771435998.405,0.1,52.34,4.7800,1.078,34.1,3,12617.603,-47.49901,0.02618,0.0000,1.0000,0.3181,1.0000,0.2618,0.2839,0.5743,CRITICAL,False,2,6,,,,,,
1771435998.405,0.1,,,,,,,,,,,,,,,0.5743,CRITICAL,,2,,t2681_0,0.25,NORMAL,OFFLOAD,CRITICAL: non-critical task offloaded (priority=NORMAL),
1771435998.405,0.1,53.35,4.7815,1.047,32.0,3,29887.941,49.52096,0.02612,0.0000,1.0000,0.3115,0.0000,0.2612,0.2687,0.3704,WARNING,False,2,6,,,,,,
1771435998.405,0.1,,,,,,,,,,,,,,,0.3704,WARNING,,2,,t2682_0,0.61,NORMAL,OFFLOAD,WARNING: heavy task offloaded (weight=0.61 >= 0.3),
1771435998.405,0.1,52.80,4.7959,1.019,29.9,3,17961.725,23.78017,0.02653,0.0000,1.0000,0.2458,0.0000,0.2653,0.2545,0.3594,WARNING,False,2,6,,,,,,
1771435998.405,0.1,52.51,4.7868,0.993,28.0,3,-3961.249,24.00429,0.02630,0.0000,0.0000,0.2871,0.0000,0.2630,0.2413,0.1119,SAFE,False,8,0,,,,,,window_reset|B=8
1771435998.405,0.1,52.05,4.7979,0.968,26.3,2,-27785.342,64.26750,0.02286,0.0000,0.0000,0.2370,0.0000,0.2286,0.2140,0.0965,SAFE,False,8,0,,,,,,
1771435998.405,0.1,,,,,,,,,,,,,,,0.0965,SAFE,,7,,t2685_0,0.62,NORMAL,LOCAL,SAFE: all tasks permitted (weight=0.62),
1771435998.405,0.1,52.50,4.8022,1.026,30.4,3,,,0.01913,0.0000,0.0000,0.2171,0.0000,0.1913,0.2578,0.0989,SAFE,False,7,1,,,,,,
1771435998.405,0.1,,,,,,,,,,,,,,,0.0989,SAFE,,6,,t2686_0,0.31,HIGH,LOCAL,SAFE: all tasks permitted (weight=0.31),
1771435998.405,0.1,,,,,,,,,,,,,,,0.0989,SAFE,,5,,t2686_1,0.70,LOW,LOCAL,SAFE: all tasks permitted (weight=0.70),
1771435998.405,0.1,53.08,4.7364,1.129,37.8,4,,,0.02303,0.0000,0.0000,0.5164,0.0000,0.2303,0.3246,0.1551,SAFE,False,5,3,,,,,,
1771435998.405,0.1,,,,,,,,,,,,,,,0.1551,SAFE,,4,,t2687_0,0.58,LOW,LOCAL,SAFE: all tasks permitted (weight=0.58),
1771435998.405,0.1,52.77,4.7291,1.170,40.7,4,,,0.02675,0.0000,0.0000,0.5495,0.0000,0.2675,0.3452,0.1672,SAFE,False,4,4,,,,,,
1771435998.405,0.1,,,,,,,,,,,,,,,0.1672,SAFE,,3,,t2688_0,0.73,NORMAL,LOCAL,SAFE: all tasks permitted (weight=0.73),
1771435998.405,0.1,52.58,4.7430,1.229,44.9,5,,,0.02553,0.0000,0.0000,0.4862,0.0000,0.2553,0.3894,0.1666,SAFE,False,3,5,,,,,,
1771435998.405,0.1,,,,,,,,,,,,,,,0.1666,SAFE,,2,,t2689_0,0.33,HIGH,LOCAL,SAFE: all tasks permitted (weight=0.33),
1771435998.405,0.1,52.14,4.7119,1.230,45.0,5,,,0.03083,0.0000,0.0000,0.6278,0.0000,0.3083,0.3901,0.1905,SAFE,False,2,6,,,,,,
1771435998.405,0.1,53.14,4.7706,1.189,42.1,4,,,0.02919,0.0000,0.0000,0.3610,0.0000,0.2919,0.3545,0.1470,SAFE,False,2,6,,,,,,
1771435998.405,0.1,,,,,,,,,,,,,,,0.1470,SAFE,,1,,t2691_0,0.78,HIGH,LOCAL,SAFE: all tasks permitted (weight=0.78),
1771435998.405,0.1,52.76,4.6999,1.252,46.6,5,,,0.03405,0.0000,0.0000,0.6823,0.0000,0.3405,0.4009,0.2029,SAFE,False,1,7,,,,,,
1771435998.405,0.1,53.21,4.7574,1.209,43.5,5,,,0.03358,0.0000,0.0000,0.4207,0.0000,0.3358,0.3795,0.1642,SAFE,False,1,7,,,,,,
1771435998.405,0.1,53.00,4.7358,1.169,40.7,4,,,0.03345,0.0000,0.0000,0.5191,0.0000,0.3345,0.3447,0.1699,SAFE,False,1,7,,,,,,
1771435998.405,0.1,53.16,4.7294,1.132,38.0,4,,,0.03178,0.0000,0.0000,0.5484,0.0000,0.3178,0.3262,0.1683,SAFE,False,1,7,,,,,,
1771435998.405,0.1,,,,,,,,,,,,,,,0.1683,SAFE,,0,,t2695_0,0.23,HIGH,LOCAL,SAFE: all tasks permitted (weight=0.23),
1771435998.405,0.1,52.73,4.7742,1.128,37.7,4,,,0.03073,0.0000,0.0000,0.3447,0.0000,0.3073,0.3238,0.1403,SAFE,False,0,8,,,,,,
1771435998.405,0.1,,,,,,,,,,,,,,,0.1403,SAFE,,0,,t2696_0,0.40,HIGH,OFFLOAD,"Budget exhausted (B=0), offloading. Original: SAFE: all tasks permitted (weight=0.40)",
1771435998.405,0.1,53.73,4.7532,1.094,35.3,4,,,0.02707,0.0000,0.0000,0.4398,0.0000,0.2707,0.3068,0.1456,SAFE,False,0,8,,,,,,
1771435998.405,0.1,,,,,,,,,,,,,,,0.1456,SAFE,,0,,t2697_0,0.35,NORMAL,OFFLOAD,"Budget exhausted (B=0), offloading. Original: SAFE: all tasks permitted (weight=0.35)",
1771435998.405,0.1,53.14,4.7957,1.062,33.0,3,,,0.02597,0.0000,0.0000,0.2467,0.0000,0.2597,0.2760,0.1132,SAFE,False,0,8,,,,,,
1771435998.405,0.1,53.14,4.7845,1.033,30.9,3,,,0.02800,0.0000,0.0000,0.2979,0.0000,0.2800,0.2613,0.1190,SAFE,False,8,0,,,,,,window_reset|B=8
1771435998.405,0.1,52.44,4.7917,1.005,28.9,3,,,0.02965,0.0000,0.0000,0.2649,0.0000,0.2965,0.2476,0.1136,SAFE,False,8,0,,,,,,
1771435998.405,0.1,,,,,,,,,,,,,,,0.1136,SAFE,,7,,t2700_0,0.81,HIGH,LOCAL,SAFE: all tasks permitted (weight=0.81),
1771435998.405,0.1,,,,,,,,,,,,,,,0.1136,SAFE,,6,,t2700_1,0.56,NORMAL,LOCAL,SAFE: all tasks permitted (weight=0.56),
1771435998.405,0.1,,,,,,,,,,,,,,,0.1136,SAFE,,5,,t2700_2,0.68,NORMAL,LOCAL,SAFE: all tasks permitted (weight=0.68),
1771435998.405,0.1,,,,,,,,,,,,,,,0.1136,SAFE,,4,,t2700_3,0.66,NORMAL,LOCAL,SAFE: all tasks permitted (weight=0.66),
1771435998.405,0.1,52.95,4.6562,1.333,52.3,6,,,0.04016,0.0000,0.0000,0.8809,0.0000,0.4016,0.4564,0.2460,SAFE,False,4,4,,,,,,
1771435998.405,0.1,53.39,4.6822,1.284,48.9,5,,,0.04304,0.0000,0.0000,0.7627,0.0000,0.4304,0.4172,0.2256,SAFE,False,4,4,,,,,,
1771435998.405,0.1,,,,,,,,,,,,,,,0.2256,SAFE,,3,,t2702_0,0.35,NORMAL,LOCAL,SAFE: all tasks permitted (weight=0.35),
1771435998.405,0.1,53.19,4.7399,1.285,48.9,5,,,0.04230,0.0000,0.0000,0.5007,0.0000,0.4230,0.4174,0.1909,SAFE,False,3,5,,,,,,
1771435998.405,0.1,53.35,4.7502,1.240,45.7,5,,,0.04040,0.0000,0.0000,0.4538,0.0000,0.4040,0.3949,0.1784,SAFE,False,3,5,,,,,,
1771435998.406,0.1,,,,,,,,,,,,,,,0.1784,SAFE,,2,,t2704_0,0.31,CRITICAL,LOCAL,SAFE: all tasks permitted (weight=0.31),
1771435998.406,0.1,,,,,,,,,,,,,,,0.1784,SAFE,,1,,t2704_1,0.49,HIGH,LOCAL,SAFE: all tasks permitted (weight=0.49),
1771435998.406,0.1,54.19,4.6763,1.302,50.2,5,27544.942,-76.96178,0.04448,0.0000,1.0000,0.7894,1.0000,0.4448,0.4262,0.6823,WARNING,False,1,7,,,,,,
1771435998.406,0.1,,,,,,,,,,,,,,,0.6823,WARNING,,1,,t2705_0,0.32,NORMAL,OFFLOAD,WARNING: heavy task offloaded (weight=0.32 >= 0.3),
1771435998.406,0.1,54.09,4.7288,1.256,46.9,5,56767.306,-66.95977,0.04457,0.0000,1.0000,0.5509,1.0000,0.4457,0.4031,0.6468,CRITICAL,False,1,7,,,,,,
1771435998.406,0.1,,,,,,,,,,,,,,,0.6468,CRITICAL,,1,,t2706_0,0.20,NORMAL,OFFLOAD,CRITICAL: non-critical task offloaded (priority=NORMAL),
1771435998.406,0.1,54.04,4.6840,1.213,43.8,5,53692.464,-100.49545,0.04704,0.0000,1.0000,0.7545,1.0000,0.4704,0.3816,0.6714,CRITICAL,False,1,7,,,,,,
1771435998.406,0.1,,,,,,,,,,,,,,,0.6714,CRITICAL,,1,,t2707_0,0.25,LOW,OFFLOAD,CRITICAL: non-critical task offloaded (priority=LOW),
1771435998.406,0.1,54.34,4.7606,1.173,40.9,4,113607.635,-31.19608,0.04623,0.0000,1.0000,0.4066,1.0000,0.4623,0.3466,0.6184,CRITICAL,False,1,7,,,,,,
1771435998.406,0.1,,,,,,,,,,,,,,,0.6184,CRITICAL,,1,,t2708_0,0.81,NORMAL,OFFLOAD,CRITICAL: non-critical task offloaded (priority=NORMAL),
1771435998.406,0.1,54.50,4.6963,1.136,38.3,4,93348.902,40.13043,0.04689,0.0000,1.0000,0.6986,0.0000,0.4689,0.3280,0.4533,CRITICAL,False,1,7,,,,,,
1771435998.406,0.1,,,,,,,,,,,,,,,0.4533,CRITICAL,,1,,t2709_0,0.43,NORMAL,OFFLOAD,CRITICAL: non-critical task offloaded (priority=NORMAL),
1771435998.406,0.1,53.52,4.7595,1.101,35.8,4,7607.339,77.38228,0.04353,0.0000,1.0000,0.4112,0.0000,0.4353,0.3107,0.4091,WARNING,False,1,7,,,,,,
1771435998.406,0.1,,,,,,,,,,,,,,,0.4091,WARNING,,1,,t2710_0,0.53,NORMAL,OFFLOAD,WARNING: heavy task offloaded (weight=0.53 >= 0.3),
1771435998.406,0.1,53.90,4.7959,1.069,33.5,3,42186.398,56.02941,0.04490,0.0000,1.0000,0.2461,0.0000,0.4490,0.2796,0.3828,WARNING,False,1,7,,,,,,
1771435998.406,0.1,,,,,,,,,,,,,,,0.3828,WARNING,,1,,t2711_0,0.67,NORMAL,OFFLOAD,WARNING: heavy task offloaded (weight=0.67 >= 0.3),
1771435998.406,0.1,,,,,,,,,,,,,,,0.3828,WARNING,,1,,t2711_1,0.80,HIGH,OFFLOAD,WARNING: heavy task offloaded (weight=0.80 >= 0.3),
1771435998.406,0.1,54.02,4.7661,1.039,31.4,3,40493.951,15.93773,0.04230,0.0000,1.0000,0.3813,0.0000,0.4230,0.2647,0.3948,WARNING,False,1,7,,,,,,
1771435998.406,0.1,,,,,,,,,,,,,,,0.3948,WARNING,,1,,t2712_0,0.61,HIGH,OFFLOAD,WARNING: heavy task offloaded (weight=0.61 >= 0.3),
1771435998.406,0.1,53.84,4.8145,1.012,29.4,3,,,0.04355,0.0000,0.0000,0.1615,0.0000,0.4355,0.2508,0.1147,SAFE,False,1,7,,,,,,
1771435998.406,0.1,,,,,,,,,,,,,,,0.1147,SAFE,,0,,t2713_0,0.53,LOW,LOCAL,SAFE: all tasks permitted (weight=0.53),
1771435998.406,0.1,53.55,4.7869,1.054,32.5,3,,,0.04199,0.0000,0.0000,0.2868,0.0000,0.4199,0.2722,0.1337,SAFE,False,8,0,,,,,,window_reset|B=8
1771435998.406,0.1,,,,,,,,,,,,,,,0.1337,SAFE,,7,,t2714_0,0.31,LOW,LOCAL,SAFE: all tasks permitted (weight=0.31),
1771435998.406,0.1,53.84,4.7606,1.066,33.3,3,,,0.04210,0.0000,0.0000,0.4066,0.0000,0.4210,0.2781,0.1506,SAFE,False,7,1,,,,,,
1771435998.406,0.1,,,,,,,,,,,,,,,0.1506,SAFE,,6,,t2715_0,0.66,LOW,LOCAL,SAFE: all tasks permitted (weight=0.66),
1771435998.406,0.1,53.52,4.7564,1.122,37.3,4,,,0.04216,0.0000,0.0000,0.4253,0.0000,0.4216,0.3211,0.1617,SAFE,False,6,2,,,,,,
1771435998.406,0.1,,,,,,,,,,,,,,,0.1617,SAFE,,5,,t2716_0,0.35,LOW,LOCAL,SAFE: all tasks permitted (weight=0.35),
1771435998.406,0.1,53.81,4.7291,1.134,38.1,4,,,0.03678,0.0000,0.0000,0.5495,0.0000,0.3678,0.3269,0.1736,SAFE,False,5,3,,,,,,
1771435998.406,0.1,,,,,,,,,,,,,,,0.1736,SAFE,,4,,t2717_0,0.44,NORMAL,LOCAL,SAFE: all tasks permitted (weight=0.44),
1771435998.406,0.1,53.37,4.8125,1.157,39.8,4,,,0.03934,0.0000,0.0000,0.1703,0.0000,0.3934,0.3385,0.1292,SAFE,False,4,4,,,,,,
1771435998.406,0.1,54.17,4.7640,1.121,37.2,4,,,0.03195,0.0000,0.0000,0.3910,0.0000,0.3195,0.3205,0.1469,SAFE,False,4,4,,,,,,
1771435998.406,0.1,,,,,,,,,,,,,,,0.1469,SAFE,,3,,t2719_0,0.52,NORMAL,LOCAL,SAFE: all tasks permitted (weight=0.52),
1771435998.406,0.1,53.90,4.7316,1.156,39.7,4,,,0.03339,0.0000,0.0000,0.5380,0.0000,0.3339,0.3380,0.1709,SAFE,False,3,5,,,,,,
1771435998.406,0.1,,,,,,,,,,,,,,,0.1709,SAFE,,2,,t2720_0,0.82,CRITICAL,LOCAL,SAFE: all tasks permitted (weight=0.82),
1771435998.406,0.1,53.24,4.7760,1.227,44.8,5,,,0.02636,0.0000,0.0000,0.3365,0.0000,0.2636,0.3884,0.1478,SAFE,False,2,6,,,,,,
1771435998.406,0.1,,,,,,,,,,,,,,,0.1478,SAFE,,1,,t2721_0,0.40,NORMAL,LOCAL,SAFE: all tasks permitted (weight=0.40),
1771435998.406,0.1,54.06,4.7157,1.238,45.6,5,,,0.03043,0.0000,0.0000,0.6104,0.0000,0.3043,0.3942,0.1886,SAFE,False,1,7,,,,,,
1771435998.406,0.1,,,,,,,,,,,,,,,0.1886,SAFE,,0,,t2722_0,0.40,NORMAL,LOCAL,SAFE: all tasks permitted (weight=0.40),
1771435998.406,0.1,54.26,4.6926,1.248,46.3,5,,,0.03538,0.0000,0.0000,0.7155,0.0000,0.3538,0.3992,0.2082,SAFE,False,0,8,,,,,,
1771435998.406,0.1,,,,,,,,,,,,,,,0.2082,SAFE,,0,,t2723_0,0.36,CRITICAL,OFFLOAD,"Budget exhausted (B=0), offloading. Original: SAFE: all tasks permitted (weight=0.36)",
1771435998.406,0.1,54.29,4.7271,1.206,43.3,5,,,0.03634,0.0000,0.0000,0.5588,0.0000,0.3634,0.3780,0.1846,SAFE,False,0,8,,,,,,
1771435998.406,0.1,53.52,4.7883,1.166,40.5,4,,,0.03341,0.0000,0.0000,0.2805,0.0000,0.3341,0.3432,0.1385,SAFE,False,0,8,,,,,,
1771435998.406,0.1,54.72,4.7098,1.130,37.8,4,,,0.03376,0.0000,0.0000,0.6372,0.0000,0.3376,0.3249,0.1816,SAFE,False,0,8,,,,,,
1771435998.406,0.1,,,,,,,,,,,,,,,0.1816,SAFE,,0,,t2726_0,0.62,HIGH,OFFLOAD,"Budget exhausted (B=0), offloading. Original: SAFE: all tasks permitted (weight=0.62)",
1771435998.406,0.1,53.91,4.7960,1.096,35.4,4,,,0.03628,0.0000,0.0000,0.2453,0.0000,0.3628,0.3078,0.1297,SAFE,False,0,8,,,,,,
1771435998.406,0.1,54.08,4.7616,1.064,33.1,3,,,0.03639,0.0000,0.0000,0.4016,0.0000,0.3639,0.2769,0.1440,SAFE,False,0,8,,,,,,
1771435998.406,0.1,,,,,,,,,,,,,,,0.1440,SAFE,,0,,t2728_0,0.54,NORMAL,OFFLOAD,"Budget exhausted (B=0), offloading. Original: SAFE: all tasks permitted (weight=0.54)",
1771435998.406,0.1,53.86,4.8180,1.034,31.0,3,,,0.04016,0.0000,0.0000,0.1453,0.0000,0.4016,0.2621,0.1115,SAFE,False,8,0,,,,,,window_reset|B=8
1771435998.406,0.1,54.01,4.7837,1.007,29.1,3,,,0.03759,0.0000,0.0000,0.3014,0.0000,0.3759,0.2484,0.1265,SAFE,False,8,0,,,,,,
1771435998.407,0.1,,,,,,,,,,,,,,,0.1265,SAFE,,7,,t2730_0,0.66,LOW,LOCAL,SAFE: all tasks permitted (weight=0.66),
1771435998.407,0.1,53.77,4.7536,1.068,33.5,3,-29447.386,61.01009,0.03750,0.0000,0.0000,0.4380,0.0000,0.3750,0.2792,0.1503,SAFE,False,7,1,,,,,,
1771435998.407,0.1,53.95,4.7634,1.039,31.3,3,-20493.433,36.30466,0.03691,0.0000,0.0000,0.3937,0.0000,0.3691,0.2643,0.1410,SAFE,False,7,1,,,,,,
1771435998.407,0.1,,,,,,,,,,,,,,,0.1410,SAFE,,6,,t2732_0,0.81,HIGH,LOCAL,SAFE: all tasks permitted (weight=0.81),
1771435998.407,0.1,53.75,4.7744,1.117,36.9,4,13533.335,-13.91284,0.03685,0.0000,1.0000,0.3437,1.0000,0.3685,0.3186,0.5952,WARNING,False,6,2,,,,,,
1771435998.407,0.1,53.58,4.7856,1.084,34.6,3,-68505.760,75.76194,0.03535,0.0000,0.0000,0.2927,0.0000,0.3535,0.2869,0.1308,SAFE,False,6,2,,,,,,
1771435998.407,0.1,,,,,,,,,,,,,,,0.1308,SAFE,,5,,t2734_0,0.74,NORMAL,LOCAL,SAFE: all tasks permitted (weight=0.74),
1771435998.407,0.1,53.65,4.7211,1.150,39.3,4,-15490.137,-74.86578,0.03127,0.0000,0.0000,0.5857,1.0000,0.3127,0.3352,0.3745,WARNING,False,5,3,,,,,,
1771435998.407,0.1,,,,,,,,,,,,,,,0.3745,WARNING,,5,,t2735_0,0.45,NORMAL,OFFLOAD,WARNING: heavy task offloaded (weight=0.45 >= 0.3),
1771435998.407,0.1,53.59,4.7383,1.115,36.8,4,-29587.944,-23.35568,0.03026,0.0000,0.0000,0.5078,1.0000,0.3026,0.3174,0.3598,WARNING,False,5,3,,,,,,
1771435998.407,0.1,53.77,4.7740,1.082,34.4,3,-5504.133,-44.02642,0.02964,0.0000,0.0000,0.3455,1.0000,0.2964,0.2859,0.3317,WARNING,False,5,3,,,,,,
1771435998.407,0.1,,,,,,,,,,,,,,,0.3317,WARNING,,5,,t2737_0,0.44,CRITICAL,OFFLOAD,WARNING: heavy task offloaded (weight=0.44 >= 0.3),
1771435998.407,0.1,53.01,4.8010,1.051,32.2,3,-60027.028,17.27697,0.02599,0.0000,0.0000,0.2229,0.0000,0.2599,0.2705,0.1091,SAFE,False,5,3,,,,,,
1771435998.407,0.1,,,,,,,,,,,,,,,0.1091,SAFE,,4,,t2738_0,0.83,NORMAL,LOCAL,SAFE: all tasks permitted (weight=0.83),
1771435998.407,0.1,54.21,4.7931,1.131,38.0,4,,,0.02578,0.0000,0.0000,0.2585,0.0000,0.2578,0.3257,0.1245,SAFE,False,4,4,,,,,,
1771435998.407,0.1,54.31,4.7896,1.097,35.5,4,,,0.02598,0.0000,0.0000,0.2747,0.0000,0.2598,0.3085,0.1234,SAFE,False,4,4,,,,,,
1771435998.407,0.1,,,,,,,,,,,,,,,0.1234,SAFE,,3,,t2740_0,0.36,HIGH,LOCAL,SAFE: all tasks permitted (weight=0.36),
1771435998.407,0.1,52.85,4.7368,1.112,36.6,4,,,0.02432,0.0000,0.0000,0.5145,0.0000,0.2432,0.3162,0.1544,SAFE,False,3,5,,,,,,
1771435998.407,0.1,53.40,4.7784,1.080,34.3,3,,,0.02407,0.0000,0.0000,0.3255,0.0000,0.2407,0.2848,0.1233,SAFE,False,3,5,,,,,,
1771435998.407,0.1,52.94,4.7873,1.049,32.1,3,,,0.02426,0.0000,0.0000,0.2850,0.0000,0.2426,0.2695,0.1152,SAFE,False,3,5,,,,,,
1771435998.407,0.1,53.13,4.7788,1.020,30.0,3,,,0.02427,0.0000,0.0000,0.3238,0.0000,0.2427,0.2552,0.1174,SAFE,False,8,0,,,,,,window_reset|B=8
1771435998.407,0.1,,,,,,,,,,,,,,,0.1174,SAFE,,7,,t2744_0,0.75,HIGH,LOCAL,SAFE: all tasks permitted (weight=0.75),
1771435998.407,0.1,53.40,4.7440,1.093,35.2,4,,,0.02540,0.0000,0.0000,0.4818,0.0000,0.2540,0.3065,0.1493,SAFE,False,7,1,,,,,,
1771435998.407,0.1,,,,,,,,,,,,,,,0.1493,SAFE,,6,,t2745_0,0.53,NORMAL,LOCAL,SAFE: all tasks permitted (weight=0.53),
1771435998.407,0.1,53.58,4.7378,1.131,37.9,4,,,0.02622,0.0000,0.0000,0.5100,0.0000,0.2622,0.3256,0.1576,SAFE,False,6,2,,,,,,
1771435998.407,0.1,,,,,,,,,,,,,,,0.1576,SAFE,,5,,t2746_0,0.56,HIGH,LOCAL,SAFE: all tasks permitted (weight=0.56),
1771435998.407,0.1,53.19,4.7317,1.171,40.8,4,,,0.02488,0.0000,0.0000,0.5379,0.0000,0.2488,0.3456,0.1639,SAFE,False,5,3,,,,,,
1771435998.407,0.1,53.68,4.7712,1.134,38.2,4,,,0.02346,0.0000,0.0000,0.3582,0.0000,0.2346,0.3271,0.1354,SAFE,False,5,3,,,,,,
1771435998.407,0.1,,,,,,,,,,,,,,,0.1354,SAFE,,4,,t2748_0,0.32,HIGH,LOCAL,SAFE: all tasks permitted (weight=0.32),
1771435998.407,0.1,53.34,4.7575,1.142,38.7,4,,,0.02358,0.0000,0.0000,0.4204,0.0000,0.2358,0.3308,0.1444,SAFE,False,4,4,,,,,,
1771435998.407,0.1,,,,,,,,,,,,,,,0.1444,SAFE,,3,,t2749_0,0.72,NORMAL,LOCAL,SAFE: all tasks permitted (weight=0.72),
1771435998.407,0.1,53.28,4.7323,1.201,42.9,4,,,0.02304,0.0000,0.0000,0.5352,0.0000,0.2304,0.3606,0.1647,SAFE,False,3,5,,,,,,
1771435998.407,0.1,53.60,4.7381,1.162,40.1,4,,,0.02173,0.0000,0.0000,0.5085,0.0000,0.2173,0.3410,0.1560,SAFE,False,3,5,,,,,,
1771435998.407,0.1,53.36,4.7445,1.126,37.5,4,,,0.01956,0.0000,0.0000,0.4795,0.0000,0.1956,0.3228,0.1464,SAFE,False,3,5,,,,,,
1771435998.407,0.1,,,,,,,,,,,,,,,0.1464,SAFE,,2,,t2752_0,0.78,NORMAL,LOCAL,SAFE: all tasks permitted (weight=0.78),
1771435998.407,0.1,53.72,4.7461,1.195,42.5,4,,,0.01907,0.0000,0.0000,0.4721,0.0000,0.1907,0.3576,0.1520,SAFE,False,2,6,,,,,,
1771435998.407,0.1,,,,,,,,,,,,,,,0.1520,SAFE,,1,,t2753_0,0.67,NORMAL,LOCAL,SAFE: all tasks permitted (weight=0.67),
1771435998.407,0.1,53.82,4.7132,1.244,46.0,5,,,0.02057,0.0000,0.0000,0.6219,0.0000,0.2057,0.3972,0.1809,SAFE,False,1,7,,,,,,
1771435998.407,0.1,,,,,,,,,,,,,,,0.1809,SAFE,,0,,t2754_0,0.57,LOW,LOCAL,SAFE: all tasks permitted (weight=0.57),
1771435998.407,0.1,54.31,4.7203,1.277,48.4,5,,,0.01825,0.0000,0.0000,0.5894,0.0000,0.1825,0.4137,0.1776,SAFE,False,0,8,,,,,,
1771435998.407,0.1,54.17,4.7059,1.233,45.2,5,,,0.01743,0.0000,0.0000,0.6550,0.0000,0.1743,0.3915,0.1809,SAFE,False,0,8,,,,,,
1771435998.407,0.1,53.69,4.7244,1.192,42.3,4,,,0.01760,0.0000,0.0000,0.5710,0.0000,0.1760,0.3558,0.1630,SAFE,False,0,8,,,,,,
1771435998.407,0.1,54.48,4.7783,1.153,39.5,4,,,0.02127,0.0000,0.0000,0.3259,0.0000,0.2127,0.3366,0.1310,SAFE,False,0,8,,,,,,
1771435998.407,0.1,,,,,,,,,,,,,,,0.1310,SAFE,,0,,t2758_0,0.38,HIGH,OFFLOAD,"Budget exhausted (B=0), offloading. Original: SAFE: all tasks permitted (weight=0.38)",
1771435998.407,0.1,54.25,4.7573,1.117,37.0,4,,,0.02174,0.0000,0.0000,0.4215,0.0000,0.2174,0.3187,0.1403,SAFE,False,8,0,,,,,,window_reset|B=8
1771435998.407,0.1,54.21,4.7974,1.084,34.6,3,,,0.02565,0.0000,0.0000,0.2392,0.0000,0.2565,0.2871,0.1142,SAFE,False,8,0,,,,,,
1771435998.407,0.1,54.07,4.7914,1.053,32.4,3,,,0.02878,0.0000,0.0000,0.2663,0.0000,0.2878,0.2716,0.1177,SAFE,False,8,0,,,,,,
1771435998.407,0.1,54.05,4.8133,1.024,30.3,3,,,0.03387,0.0000,0.0000,0.1668,0.0000,0.3387,0.2572,0.1070,SAFE,False,8,0,,,,,,
1771435998.407,0.1,54.53,4.8122,0.998,28.4,3,,,0.03727,0.0000,0.0000,0.1718,0.0000,0.3727,0.2438,0.1084,SAFE,False,8,0,,,,,,
1771435998.408,0.1,53.30,4.8254,0.973,26.6,2,-52234.799,119.37013,0.04120,0.0000,0.0000,0.1119,0.0000,0.4120,0.2164,0.0990,SAFE,False,8,0,,,,,,
1771435998.408,0.1,53.37,4.8152,0.950,25.0,2,-19472.657,90.77144,0.04289,0.0000,0.0000,0.1580,0.0000,0.4289,0.2048,0.1044,SAFE,False,8,0,,,,,,
1771435998.408,0.1,,,,,,,,,,,,,,,0.1044,SAFE,,7,,t2765_0,0.51,HIGH,LOCAL,SAFE: all tasks permitted (weight=0.51),
1771435998.408,0.1,53.58,4.7944,0.995,28.2,3,-53887.142,16.05604,0.03947,0.0000,0.0000,0.2529,0.0000,0.3947,0.2425,0.1208,SAFE,False,7,1,,,,,,
1771435998.408,0.1,,,,,,,,,,,,,,,0.1208,SAFE,,6,,t2766_0,0.64,CRITICAL,LOCAL,SAFE: all tasks permitted (weight=0.64),
1771435998.408,0.1,53.00,4.7662,1.054,32.4,3,-75127.341,8.89002,0.03576,0.0000,0.0000,0.3810,0.0000,0.3576,0.2721,0.1397,SAFE,False,6,2,,,,,,
1771435998.408,0.1,,,,,,,,,,,,,,,0.1397,SAFE,,5,,t2767_0,0.51,NORMAL,LOCAL,SAFE: all tasks permitted (weight=0.51),
1771435998.408,0.1,53.04,4.7489,1.093,35.2,4,-70392.238,-48.40688,0.02959,0.0000,0.0000,0.4594,1.0000,0.2959,0.3066,0.3506,WARNING,False,5,3,,,,,,
1771435998.408,0.1,52.89,4.8004,1.062,33.0,3,-71243.437,8.94809,0.02334,0.0000,0.0000,0.2256,0.0000,0.2334,0.2758,0.1078,SAFE,False,5,3,,,,,,
1771435998.408,0.1,,,,,,,,,,,,,,,0.1078,SAFE,,4,,t2769_0,0.82,HIGH,LOCAL,SAFE: all tasks permitted (weight=0.82),
1771435998.408,0.1,53.60,4.7812,1.140,38.6,4,-27306.141,-32.09382,0.02321,0.0000,0.0000,0.3128,1.0000,0.2321,0.3302,0.3299,WARNING,False,4,4,,,,,,
1771435998.408,0.1,53.24,4.7844,1.105,36.1,4,-77238.281,-27.75863,0.02094,0.0000,0.0000,0.2980,1.0000,0.2094,0.3127,0.3222,WARNING,False,4,4,,,,,,
1771435998.408,0.1,53.50,4.7711,1.073,33.8,3,,,0.02184,0.0000,0.0000,0.3586,0.0000,0.2184,0.2815,0.1248,SAFE,False,4,4,,,,,,
1771435998.408,0.1,,,,,,,,,,,,,,,0.1248,SAFE,,3,,t2772_0,0.66,NORMAL,LOCAL,SAFE: all tasks permitted (weight=0.66),
1771435998.408,0.1,53.03,4.7694,1.131,37.9,4,,,0.02272,0.0000,0.0000,0.3663,0.0000,0.2272,0.3253,0.1354,SAFE,False,3,5,,,,,,
1771435998.408,0.1,,,,,,,,,,,,,,,0.1354,SAFE,,2,,t2773_0,0.76,HIGH,LOCAL,SAFE: all tasks permitted (weight=0.76),
1771435998.408,0.1,53.43,4.7490,1.197,42.6,4,,,0.02418,0.0000,0.0000,0.4593,0.0000,0.2418,0.3585,0.1556,SAFE,False,8,0,,,,,,window_reset|B=8
1771435998.408,0.1,,,,,,,,,,,,,,,0.1556,SAFE,,7,,t2774_0,0.23,NORMAL,LOCAL,SAFE: all tasks permitted (weight=0.23),
1771435998.408,0.1,53.56,4.7312,1.188,42.0,4,,,0.02675,0.0000,0.0000,0.5398,0.0000,0.2675,0.3540,0.1677,SAFE,False,7,1,,,,,,
1771435998.408,0.1,,,,,,,,,,,,,,,0.1677,SAFE,,6,,t2775_0,0.62,NORMAL,LOCAL,SAFE: all tasks permitted (weight=0.62),
1771435998.408,0.1,53.43,4.7541,1.232,45.1,5,,,0.02327,0.0000,0.0000,0.4358,0.0000,0.2327,0.3908,0.1581,SAFE,False,6,2,,,,,,
1771435998.408,0.1,,,,,,,,,,,,,,,0.1581,SAFE,,5,,t2776_0,0.29,LOW,LOCAL,SAFE: all tasks permitted (weight=0.29),
1771435998.408,0.1,,,,,,,,,,,,,,,0.1581,SAFE,,4,,t2776_1,0.54,LOW,LOCAL,SAFE: all tasks permitted (weight=0.54),
1771435998.408,0.1,53.52,4.7086,1.301,50.1,5,,,0.02539,0.0000,0.0000,0.6429,0.0000,0.2539,0.4254,0.1940,SAFE,False,4,4,,,,,,
1771435998.408,0.1,,,,,,,,,,,,,,,0.1940,SAFE,,3,,t2777_0,0.65,LOW,LOCAL,SAFE: all tasks permitted (weight=0.65),
1771435998.408,0.1,54.33,4.6970,1.341,52.9,6,,,0.02939,0.0000,0.0000,0.6957,0.0000,0.2939,0.4603,0.2119,SAFE,False,3,5,,,,,,
1771435998.408,0.1,53.74,4.7369,1.292,49.4,5,,,0.02959,0.0000,0.0000,0.5141,0.0000,0.2959,0.4208,0.1806,SAFE,False,3,5,,,,,,
1771435998.408,0.1,53.92,4.7119,1.246,46.2,5,,,0.03168,0.0000,0.0000,0.6278,0.0000,0.3168,0.3981,0.1929,SAFE,False,3,5,,,,,,
1771435998.408,0.1,,,,,,,,,,,,,,,0.1929,SAFE,,2,,t2780_0,0.75,LOW,LOCAL,SAFE: all tasks permitted (weight=0.75),
1771435998.408,0.1,54.66,4.7077,1.304,50.3,5,,,0.02958,0.0000,0.0000,0.6468,0.0000,0.2958,0.4269,0.1991,SAFE,False,2,6,,,,,,
1771435998.408,0.1,,,,,,,,,,,,,,,0.1991,SAFE,,1,,t2781_0,0.43,LOW,LOCAL,SAFE: all tasks permitted (weight=0.43),
1771435998.408,0.1,54.43,4.6998,1.315,51.1,6,,,0.02912,0.0000,0.0000,0.6828,0.0000,0.2912,0.4474,0.2074,SAFE,False,1,7,,,,,,
1771435998.408,0.1,54.95,4.7378,1.268,47.7,5,,,0.02511,0.0000,0.0000,0.5100,0.0000,0.2511,0.4089,0.1732,SAFE,False,1,7,,,,,,
1771435998.408,0.1,54.56,4.7166,1.224,44.6,5,,,0.02225,0.0000,0.0000,0.6064,0.0000,0.2225,0.3870,0.1785,SAFE,False,1,7,,,,,,
1771435998.408,0.1,54.68,4.7876,1.183,41.7,4,,,0.02549,0.0000,0.0000,0.2837,0.0000,0.2549,0.3516,0.1327,SAFE,False,1,7,,,,,,
1771435998.408,0.1,,,,,,,,,,,,,,,0.1327,SAFE,,0,,t2785_0,0.25,HIGH,LOCAL,SAFE: all tasks permitted (weight=0.25),
1771435998.408,0.1,55.09,4.7484,1.179,41.4,4,,,0.02545,0.0000,0.0000,0.4619,0.0000,0.2545,0.3495,0.1554,SAFE,False,0,8,,,,,,
1771435998.408,0.1,,,,,,,,,,,,,,,0.1554,SAFE,,0,,t2786_0,0.42,NORMAL,OFFLOAD,"Budget exhausted (B=0), offloading. Original: SAFE: all tasks permitted (weight=0.42)",
1771435998.408,0.1,54.68,4.7642,1.141,38.7,4,,,0.02735,0.0000,0.0000,0.3899,0.0000,0.2735,0.3307,0.1442,SAFE,False,0,8,,,,,,
1771435998.408,0.1,,,,,,,,,,,,,,,0.1442,SAFE,,0,,t2787_0,0.53,NORMAL,OFFLOAD,"Budget exhausted (B=0), offloading. Original: SAFE: all tasks permitted (weight=0.53)",
1771435998.408,0.1,54.95,4.7973,1.106,36.2,4,,,0.03252,0.0000,0.0000,0.2396,0.0000,0.3252,0.3132,0.1263,SAFE,False,0,8,,,,,,
1771435998.408,0.1,54.80,4.7575,1.074,33.8,3,,,0.03209,0.0000,0.0000,0.4202,0.0000,0.3209,0.2819,0.1431,SAFE,False,8,0,,,,,,window_reset|B=8
1771435998.408,0.1,,,,,,,,,,,,,,,0.1431,SAFE,,7,,t2789_0,0.61,NORMAL,LOCAL,SAFE: all tasks permitted (weight=0.61),
1771435998.408,0.1,54.44,4.7231,1.125,37.5,4,,,0.03001,0.0000,0.0000,0.5769,0.0000,0.3001,0.3225,0.1695,SAFE,False,7,1,,,,,,
1771435998.408,0.1,,,,,,,,,,,,,,,0.1695,SAFE,,6,,t2790_0,0.55,HIGH,LOCAL,SAFE: all tasks permitted (weight=0.55),
1771435998.408,0.1,54.14,4.7221,1.164,40.3,4,,,0.03044,0.0000,0.0000,0.5816,0.0000,0.3044,0.3419,0.1744,SAFE,False,6,2,,,,,,
1771435998.408,0.1,54.89,4.7543,1.127,37.7,4,,,0.02948,0.0000,0.0000,0.4348,0.0000,0.2948,0.3236,0.1507,SAFE,False,6,2,,,,,,
1771435998.409,0.1,,,,,,,,,,,,,,,0.1507,SAFE,,5,,t2792_0,0.46,NORMAL,LOCAL,SAFE: all tasks permitted (weight=0.46),
1771435998.409,0.1,54.57,4.6986,1.154,39.6,4,-6485.434,-89.05165,0.03048,0.0000,0.0000,0.6881,1.0000,0.3048,0.3369,0.3873,WARNING,False,5,3,,,,,,
1771435998.409,0.1,,,,,,,,,,,,,,,0.3873,WARNING,,5,,t2793_0,0.38,NORMAL,OFFLOAD,WARNING: heavy task offloaded (weight=0.38 >= 0.3),
1771435998.409,0.1,54.10,4.7411,1.118,37.0,4,-59395.858,-7.31727,0.02769,0.0000,0.0000,0.4951,1.0000,0.2769,0.3190,0.3558,WARNING,False,5,3,,,,,,
1771435998.409,0.1,,,,,,,,,,,,,,,0.3558,WARNING,,5,,t2794_0,0.79,NORMAL,OFFLOAD,WARNING: heavy task offloaded (weight=0.79 >= 0.3),
1771435998.409,0.1,54.54,4.7760,1.085,34.6,3,-8235.386,11.76537,0.02877,0.0000,0.0000,0.3364,0.0000,0.2877,0.2873,0.1300,SAFE,False,5,3,,,,,,
1771435998.409,0.1,,,,,,,,,,,,,,,0.1300,SAFE,,4,,t2795_0,0.55,HIGH,LOCAL,SAFE: all tasks permitted (weight=0.55),
1771435998.409,0.1,54.58,4.7710,1.127,37.7,4,-22119.691,-26.35069,0.02758,0.0000,0.0000,0.3592,1.0000,0.2758,0.3237,0.3390,WARNING,False,4,4,,,,,,
1771435998.409,0.1,,,,,,,,,,,,,,,0.3390,WARNING,,4,,t2796_0,0.36,HIGH,OFFLOAD,WARNING: heavy task offloaded (weight=0.36 >= 0.3),
1771435998.409,0.1,54.43,4.7654,1.093,35.2,4,-22192.589,7.84885,0.02592,0.0000,0.0000,0.3846,0.0000,0.2592,0.3067,0.1373,SAFE,False,4,4,,,,,,
1771435998.409,0.1,,,,,,,,,,,,,,,0.1373,SAFE,,3,,t2797_0,0.59,LOW,LOCAL,SAFE: all tasks permitted (weight=0.59),
1771435998.409,0.1,54.90,4.7527,1.141,38.6,4,27740.498,29.62939,0.02591,0.0000,1.0000,0.4424,0.0000,0.2591,0.3304,0.3995,WARNING,False,3,5,,,,,,
1771435998.409,0.1,,,,,,,,,,,,,,,0.3995,WARNING,,3,,t2798_0,0.73,HIGH,OFFLOAD,WARNING: heavy task offloaded (weight=0.73 >= 0.3),
1771435998.409,0.1,54.03,4.7479,1.106,36.1,4,-6521.616,25.85318,0.02565,0.0000,0.0000,0.4642,0.0000,0.2565,0.3129,0.1486,SAFE,False,3,5,,,,,,
1771435998.409,0.1,,,,,,,,,,,,,,,0.1486,SAFE,,2,,t2799_0,0.39,NORMAL,LOCAL,SAFE: all tasks permitted (weight=0.39),
1771435998.409,0.1,54.91,4.7588,1.126,37.5,4,982.518,4.49895,0.02172,0.0000,1.0000,0.4144,0.0000,0.2172,0.3228,0.3902,WARNING,False,2,6,,,,,,
1771435998.409,0.1,54.27,4.7931,1.092,35.1,4,,,0.02507,0.0000,0.0000,0.2586,0.0000,0.2507,0.3059,0.1199,SAFE,False,2,6,,,,,,
1771435998.409,0.1,54.64,4.7578,1.060,32.9,3,,,0.02373,0.0000,0.0000,0.4190,0.0000,0.2373,0.2752,0.1332,SAFE,False,2,6,,,,,,
1771435998.409,0.1,54.58,4.7541,1.031,30.8,3,,,0.02179,0.0000,0.0000,0.4359,0.0000,0.2179,0.2605,0.1306,SAFE,False,2,6,,,,,,
1771435998.409,0.1,,,,,,,,,,,,,,,0.1306,SAFE,,1,,t2803_0,0.78,NORMAL,LOCAL,SAFE: all tasks permitted (weight=0.78),
1771435998.409,0.1,54.04,4.7756,1.108,36.3,4,,,0.02245,0.0000,0.0000,0.3384,0.0000,0.2245,0.3139,0.1292,SAFE,False,8,0,,,,,,window_reset|B=8
1771435998.409,0.1,53.94,4.7302,1.075,33.9,3,,,0.01641,0.0000,0.0000,0.5448,0.0000,0.1641,0.2826,0.1438,SAFE,False,8,0,,,,,,
1771435998.409,0.1,,,,,,,,,,,,,,,0.1438,SAFE,,7,,t2805_0,0.33,NORMAL,LOCAL,SAFE: all tasks permitted (weight=0.33),
1771435998.409,0.1,54.44,4.7843,1.089,34.9,3,,,0.01654,0.0000,0.0000,0.2986,0.0000,0.1654,0.2893,0.1132,SAFE,False,7,1,,,,,,
1771435998.409,0.1,,,,,,,,,,,,,,,0.1132,SAFE,,6,,t2806_0,0.73,HIGH,LOCAL,SAFE: all tasks permitted (weight=0.73),
1771435998.409,0.1,53.39,4.7562,1.154,39.6,4,,,0.01624,0.0000,0.0000,0.4262,0.0000,0.1624,0.3371,0.1391,SAFE,False,6,2,,,,,,
1771435998.409,0.1,,,,,,,,,,,,,,,0.1391,SAFE,,5,,t2807_0,0.65,HIGH,LOCAL,SAFE: all tasks permitted (weight=0.65),
1771435998.409,0.1,53.76,4.7510,1.204,43.2,5,,,0.01628,0.0000,0.0000,0.4500,0.0000,0.1628,0.3772,0.1502,SAFE,False,5,3,,,,,,
1771435998.409,0.1,53.76,4.7537,1.165,40.4,4,,,0.01631,0.0000,0.0000,0.4375,0.0000,0.1631,0.3426,0.1417,SAFE,False,5,3,,,,,,
1771435998.409,0.1,54.46,4.7406,1.128,37.7,4,,,0.01706,0.0000,0.0000,0.4972,0.0000,0.1706,0.3242,0.1465,SAFE,False,5,3,,,,,,
1771435998.409,0.1,53.57,4.7416,1.094,35.3,4,,,0.01748,0.0000,0.0000,0.4927,0.0000,0.1748,0.3072,0.1430,SAFE,False,5,3,,,,,,
1771435998.409,0.1,53.88,4.7507,1.063,33.1,3,,,0.01759,0.0000,0.0000,0.4512,0.0000,0.1759,0.2764,0.1315,SAFE,False,5,3,,,,,,
1771435998.409,0.1,53.90,4.8205,1.033,31.0,3,,,0.02302,0.0000,0.0000,0.1340,0.0000,0.2302,0.2617,0.0928,SAFE,False,5,3,,,,,,
1771435998.409,0.1,,,,,,,,,,,,,,,0.0928,SAFE,,4,,t2813_0,0.48,NORMAL,LOCAL,SAFE: all tasks permitted (weight=0.48),
1771435998.409,0.1,54.09,4.7433,1.070,33.6,3,,,0.02347,0.0000,0.0000,0.4851,0.0000,0.2347,0.2802,0.1426,SAFE,False,4,4,,,,,,
1771435998.409,0.1,53.41,4.7704,1.040,31.5,3,,,0.02364,0.0000,0.0000,0.3617,0.0000,0.2364,0.2652,0.1237,SAFE,False,4,4,,,,,,
1771435998.409,0.1,,,,,,,,,,,,,,,0.1237,SAFE,,3,,t2815_0,0.80,HIGH,LOCAL,SAFE: all tasks permitted (weight=0.80),
1771435998.409,0.1,53.44,4.7268,1.119,37.1,4,,,0.02476,0.0000,0.0000,0.5601,0.0000,0.2476,0.3194,0.1614,SAFE,False,3,5,,,,,,
1771435998.409,0.1,53.70,4.7813,1.085,34.7,3,,,0.02438,0.0000,0.0000,0.3122,0.0000,0.2438,0.2877,0.1225,SAFE,False,3,5,,,,,,
1771435998.409,0.1,52.87,4.7795,1.054,32.5,3,,,0.02402,0.0000,0.0000,0.3203,0.0000,0.2402,0.2722,0.1201,SAFE,False,3,5,,,,,,
1771435998.409,0.1,53.29,4.8047,1.025,30.4,3,,,0.02700,0.0000,0.0000,0.2057,0.0000,0.2700,0.2577,0.1053,SAFE,False,8,0,,,,,,window_reset|B=8
1771435998.409,0.1,,,,,,,,,,,,,,,0.1053,SAFE,,7,,t2819_0,0.26,HIGH,LOCAL,SAFE: all tasks permitted (weight=0.26),
1771435998.409,0.1,,,,,,,,,,,,,,,0.1053,SAFE,,6,,t2819_1,0.35,NORMAL,LOCAL,SAFE: all tasks permitted (weight=0.35),
1771435998.409,0.1,53.66,4.7688,1.080,34.3,3,,,0.02675,0.0000,0.0000,0.3690,0.0000,0.2675,0.2850,0.1317,SAFE,False,6,2,,,,,,
1771435998.409,0.1,,,,,,,,,,,,,,,0.1317,SAFE,,5,,t2820_0,0.71,NORMAL,LOCAL,SAFE: all tasks permitted (weight=0.71),
1771435998.409,0.1,53.51,4.7464,1.145,38.9,4,,,0.02709,0.0000,0.0000,0.4707,0.0000,0.2709,0.3323,0.1547,SAFE,False,5,3,,,,,,
1771435998.410,0.1,,,,,,,,,,,,,,,0.1547,SAFE,,4,,t2821_0,0.82,NORMAL,LOCAL,SAFE: all tasks permitted (weight=0.82),
1771435998.410,0.1,53.54,4.7495,1.218,44.2,5,-33032.103,6.18119,0.02654,0.0000,0.0000,0.4570,0.0000,0.2654,0.3842,0.1628,SAFE,False,4,4,,,,,,
1771435998.410,0.1,,,,,,,,,,,,,,,0.1628,SAFE,,3,,t2822_0,0.49,HIGH,LOCAL,SAFE: all tasks permitted (weight=0.49),
1771435998.410,0.1,53.54,4.7206,1.244,46.0,5,7888.324,-49.82055,0.02866,0.0000,1.0000,0.5883,1.0000,0.2866,0.3970,0.6345,WARNING,False,3,5,,,,,,
1771435998.410,0.1,,,,,,,,,,,,,,,0.6345,WARNING,,3,,t2823_0,0.68,NORMAL,OFFLOAD,WARNING: heavy task offloaded (weight=0.68 >= 0.3),
1771435998.410,0.1,54.21,4.7263,1.202,43.0,4,46178.976,-0.51674,0.03032,0.0000,1.0000,0.5624,1.0000,0.3032,0.3609,0.6256,CRITICAL,False,3,5,,,,,,
1771435998.410,0.1,54.18,4.7560,1.163,40.2,4,28884.294,-25.32514,0.02455,0.0000,1.0000,0.4274,1.0000,0.2455,0.3413,0.5984,CRITICAL,False,3,5,,,,,,
1771435998.410,0.1,,,,,,,,,,,,,,,0.5984,CRITICAL,,3,,t2825_0,0.75,NORMAL,OFFLOAD,CRITICAL: non-critical task offloaded (priority=NORMAL),
1771435998.410,0.1,,,,,,,,,,,,,,,0.5984,CRITICAL,,3,,t2825_1,0.76,LOW,OFFLOAD,CRITICAL: non-critical task offloaded (priority=LOW),
1771435998.410,0.1,53.57,4.7634,1.126,37.6,4,42152.878,-16.09295,0.02430,0.0000,1.0000,0.3934,1.0000,0.2430,0.3231,0.5901,CRITICAL,False,3,5,,,,,,
1771435998.410,0.1,53.68,4.7887,1.092,35.2,4,23233.732,-16.07742,0.02558,0.0000,1.0000,0.2789,1.0000,0.2558,0.3062,0.5731,CRITICAL,False,3,5,,,,,,
1771435998.410,0.1,53.89,4.7739,1.061,32.9,3,14014.679,5.08755,0.02384,0.0000,1.0000,0.3459,0.0000,0.2384,0.2754,0.3739,WARNING,False,3,5,,,,,,
1771435998.410,0.1,,,,,,,,,,,,,,,0.3739,WARNING,,2,,t2828_0,0.22,HIGH,LOCAL,WARNING: lightweight task permitted (weight=0.22 < 0.3),
1771435998.410,0.1,53.96,4.7950,1.061,32.9,3,26860.556,48.53535,0.02497,0.0000,1.0000,0.2500,0.0000,0.2497,0.2756,0.3626,WARNING,False,2,6,,,,,,
1771435998.410,0.1,,,,,,,,,,,,,,,0.3626,WARNING,,2,,t2829_0,0.62,HIGH,OFFLOAD,WARNING: heavy task offloaded (weight=0.62 >= 0.3),
1771435998.410,0.1,53.40,4.7895,1.032,30.9,3,,,0.02562,0.0000,0.0000,0.2749,0.0000,0.2562,0.2610,0.1135,SAFE,False,2,6,,,,,,
1771435998.410,0.1,,,,,,,,,,,,,,,0.1135,SAFE,,1,,t2830_0,0.43,LOW,LOCAL,SAFE: all tasks permitted (weight=0.43),
1771435998.410,0.1,53.34,4.7823,1.062,33.0,3,,,0.02339,0.0000,0.0000,0.3076,0.0000,0.2339,0.2762,0.1186,SAFE,False,1,7,,,,,,
1771435998.410,0.1,,,,,,,,,,,,,,,0.1186,SAFE,,0,,t2831_0,0.42,LOW,LOCAL,SAFE: all tasks permitted (weight=0.42),
1771435998.410,0.1,53.53,4.7934,1.089,34.9,3,,,0.02481,0.0000,0.0000,0.2574,0.0000,0.2481,0.2894,0.1162,SAFE,False,0,8,,,,,,
1771435998.410,0.1,,,,,,,,,,,,,,,0.1162,SAFE,,0,,t2832_0,0.79,LOW,OFFLOAD,"Budget exhausted (B=0), offloading. Original: SAFE: all tasks permitted (weight=0.79)",
1771435998.410,0.1,53.25,4.7883,1.058,32.7,3,,,0.02484,0.0000,0.0000,0.2804,0.0000,0.2484,0.2738,0.1160,SAFE,False,0,8,,,,,,
1771435998.410,0.1,53.58,4.8043,1.028,30.6,3,,,0.02587,0.0000,0.0000,0.2078,0.0000,0.2587,0.2592,0.1047,SAFE,False,8,0,,,,,,window_reset|B=8
1771435998.410,0.1,,,,,,,,,,,,,,,0.1047,SAFE,,7,,t2834_0,0.80,HIGH,LOCAL,SAFE: all tasks permitted (weight=0.80),
1771435998.410,0.1,53.47,4.7841,1.109,36.4,4,,,0.02043,0.0000,0.0000,0.2995,0.0000,0.2043,0.3146,0.1223,SAFE,False,7,1,,,,,,
1771435998.410,0.1,,,,,,,,,,,,,,,0.1223,SAFE,,6,,t2835_0,0.28,NORMAL,LOCAL,SAFE: all tasks permitted (weight=0.28),
1771435998.410,0.1,52.94,4.7980,1.114,36.7,4,,,0.01352,0.0000,0.0000,0.2362,0.0000,0.1352,0.3171,0.1076,SAFE,False,6,2,,,,,,
1771435998.410,0.1,,,,,,,,,,,,,,,0.1076,SAFE,,5,,t2836_0,0.78,NORMAL,LOCAL,SAFE: all tasks permitted (weight=0.78),
1771435998.410,0.1,53.43,4.7508,1.186,41.9,4,,,0.01448,0.0000,0.0000,0.4508,0.0000,0.1448,0.3532,0.1437,SAFE,False,5,3,,,,,,
1771435998.410,0.1,,,,,,,,,,,,,,,0.1437,SAFE,,4,,t2837_0,0.78,LOW,LOCAL,SAFE: all tasks permitted (weight=0.78),
1771435998.410,0.1,,,,,,,,,,,,,,,0.1437,SAFE,,3,,t2837_1,0.30,HIGH,LOCAL,SAFE: all tasks permitted (weight=0.30),
1771435998.410,0.1,53.57,4.6621,1.294,49.6,5,,,0.03670,0.0000,0.0000,0.8541,0.0000,0.3670,0.4220,0.2321,SAFE,False,3,5,,,,,,
1771435998.410,0.1,,,,,,,,,,,,,,,0.2321,SAFE,,2,,t2838_0,0.47,HIGH,LOCAL,SAFE: all tasks permitted (weight=0.47),
1771435998.410,0.1,,,,,,,,,,,,,,,0.2321,SAFE,,1,,t2838_1,0.64,NORMAL,LOCAL,SAFE: all tasks permitted (weight=0.64),
1771435998.410,0.1,54.00,4.7079,1.397,56.9,6,,,0.04090,0.0000,0.0000,0.6457,0.0000,0.4090,0.4884,0.2225,SAFE,False,1,7,,,,,,
1771435998.410,0.1,,,,,,,,,,,,,,,0.2225,SAFE,,0,,t2839_0,0.46,NORMAL,LOCAL,SAFE: all tasks permitted (weight=0.46),
1771435998.410,0.1,54.15,4.7053,1.405,57.5,6,,,0.04447,0.0000,0.0000,0.6576,0.0000,0.4447,0.4926,0.2285,SAFE,False,0,8,,,,,,
1771435998.410,0.1,,,,,,,,,,,,,,,0.2285,SAFE,,0,,t2840_0,0.47,HIGH,OFFLOAD,"Budget exhausted (B=0), offloading. Original: SAFE: all tasks permitted (weight=0.47)",
1771435998.410,0.1,54.56,4.6579,1.352,53.7,6,,,0.05189,0.0000,0.0000,0.8734,0.0000,0.5189,0.4659,0.2586,WARNING,False,0,8,,,,,,
1771435998.410,0.1,54.64,4.6599,1.302,50.2,5,,,0.05627,0.0000,0.0000,0.8643,0.0000,0.5627,0.4261,0.2538,WARNING,False,0,8,,,,,,
1771435998.410,0.1,,,,,,,,,,,,,,,0.2538,WARNING,,0,,t2842_0,0.46,CRITICAL,OFFLOAD,WARNING: heavy task offloaded (weight=0.46 >= 0.3),
1771435998.410,0.1,55.21,4.7018,1.256,46.9,5,,,0.05576,0.0000,0.0000,0.6738,0.0000,0.5576,0.4030,0.2239,WARNING,False,0,8,,,,,,
1771435998.410,0.1,,,,,,,,,,,,,,,0.2239,WARNING,,0,,t2843_0,0.81,NORMAL,OFFLOAD,WARNING: heavy task offloaded (weight=0.81 >= 0.3),
1771435998.410,0.1,54.88,4.7422,1.213,43.8,5,,,0.05298,0.0000,0.0000,0.4900,0.0000,0.5298,0.3815,0.1930,WARNING,False,0,8,,,,,,
1771435998.410,0.1,,,,,,,,,,,,,,,0.1930,WARNING,,0,,t2844_0,0.23,CRITICAL,OFFLOAD,"Budget exhausted (B=0), offloading. Original: WARNING: lightweight task permitted (weight=0.23 < 0.3)",
1771435998.410,0.1,,,,,,,,,,,,,,,0.1930,WARNING,,0,,t2844_1,0.61,NORMAL,OFFLOAD,WARNING: heavy task offloaded (weight=0.61 >= 0.3),
1771435998.410,0.1,54.98,4.7689,1.173,40.9,4,,,0.05146,0.0000,0.0000,0.3686,0.0000,0.5146,0.3465,0.1687,SAFE,False,0,8,,,,,,
1771435998.410,0.1,,,,,,,,,,,,,,,0.1687,SAFE,,0,,t2845_0,0.66,HIGH,OFFLOAD,"Budget exhausted (B=0), offloading. Original: SAFE: all tasks permitted (weight=0.66)",
1771435998.410,0.1,,,,,,,,,,,,,,,0.1687,SAFE,,0,,t2845_1,0.36,NORMAL,OFFLOAD,"Budget exhausted (B=0), offloading. Original: SAFE: all tasks permitted (weight=0.36)",
1771435998.410,0.1,54.81,4.7906,1.136,38.3,4,,,0.04990,0.0000,0.0000,0.2698,0.0000,0.4990,0.3279,0.1506,SAFE,False,0,8,,,,,,
1771435998.410,0.1,,,,,,,,,,,,,,,0.1506,SAFE,,0,,t2846_0,0.73,LOW,OFFLOAD,"Budget exhausted (B=0), offloading. Original: SAFE: all tasks permitted (weight=0.73)",
1771435998.411,0.1,55.20,4.7651,1.101,35.8,4,71986.229,57.19017,0.04836,0.0000,1.0000,0.3858,0.0000,0.4836,0.3106,0.4106,WARNING,False,0,8,,,,,,
1771435998.411,0.1,,,,,,,,,,,,,,,0.4106,WARNING,,0,,t2847_0,0.55,CRITICAL,OFFLOAD,WARNING: heavy task offloaded (weight=0.55 >= 0.3),
1771435998.411,0.1,54.54,4.8010,1.069,33.5,3,23024.565,95.69959,0.04873,0.0000,1.0000,0.2227,0.0000,0.4873,0.2796,0.3836,WARNING,False,0,8,,,,,,
1771435998.411,0.1,54.51,4.7995,1.039,31.4,3,-3258.547,141.65582,0.05250,0.0000,0.0000,0.2295,0.0000,0.5250,0.2646,0.1353,SAFE,False,8,0,,,,,,window_reset|B=8
1771435998.411,0.1,,,,,,,,,,,,,,,0.1353,SAFE,,7,,t2849_0,0.62,HIGH,LOCAL,SAFE: all tasks permitted (weight=0.62),
1771435998.411,0.1,54.45,4.8063,1.095,35.4,4,-11352.456,146.43129,0.05204,0.0000,0.0000,0.1988,0.0000,0.5204,0.3076,0.1394,SAFE,False,7,1,,,,,,
1771435998.411,0.1,,,,,,,,,,,,,,,0.1394,SAFE,,6,,t2850_0,0.39,HIGH,LOCAL,SAFE: all tasks permitted (weight=0.39),
1771435998.411,0.1,54.65,4.7653,1.116,36.9,4,-34002.215,63.58482,0.05130,0.0000,0.0000,0.3848,0.0000,0.5130,0.3181,0.1649,SAFE,False,6,2,,,,,,
1771435998.411,0.1,,,,,,,,,,,,,,,0.1649,SAFE,,5,,t2851_0,0.61,LOW,LOCAL,SAFE: all tasks permitted (weight=0.61),
1771435998.411,0.1,54.59,4.7825,1.165,40.3,4,-17101.879,40.27387,0.05051,0.0000,0.0000,0.3070,0.0000,0.5051,0.3423,0.1589,SAFE,False,5,3,,,,,,
1771435998.411,0.1,54.32,4.7387,1.128,37.7,4,-40028.272,-30.20915,0.04198,0.0000,0.0000,0.5059,1.0000,0.4198,0.3240,0.3726,WARNING,False,5,3,,,,,,
1771435998.411,0.1,54.77,4.7699,1.094,35.3,4,-2028.897,-20.71014,0.02912,0.0000,0.0000,0.3639,1.0000,0.2912,0.3070,0.3378,WARNING,False,5,3,,,,,,
1771435998.411,0.1,,,,,,,,,,,,,,,0.3378,WARNING,,5,,t2854_0,0.61,NORMAL,OFFLOAD,WARNING: heavy task offloaded (weight=0.61 >= 0.3),
1771435998.411,0.1,,,,,,,,,,,,,,,0.3378,WARNING,,5,,t2854_1,0.74,CRITICAL,OFFLOAD,WARNING: heavy task offloaded (weight=0.74 >= 0.3),
1771435998.411,0.1,54.31,4.7914,1.062,33.0,3,,,0.02128,0.0000,0.0000,0.2663,0.0000,0.2128,0.2762,0.1111,SAFE,False,5,3,,,,,,
1771435998.411,0.1,,,,,,,,,,,,,,,0.1111,SAFE,,4,,t2855_0,0.43,NORMAL,LOCAL,SAFE: all tasks permitted (weight=0.43),
1771435998.411,0.1,54.92,4.7703,1.091,35.1,4,,,0.01874,0.0000,0.0000,0.3624,0.0000,0.1874,0.3055,0.1269,SAFE,False,4,4,,,,,,
1771435998.411,0.1,,,,,,,,,,,,,,,0.1269,SAFE,,3,,t2856_0,0.54,CRITICAL,LOCAL,SAFE: all tasks permitted (weight=0.54),
1771435998.411,0.1,54.13,4.7544,1.132,38.0,4,,,0.01980,0.0000,0.0000,0.4346,0.0000,0.1980,0.3262,0.1415,SAFE,False,3,5,,,,,,
1771435998.411,0.1,53.97,4.7798,1.098,35.6,4,,,0.01944,0.0000,0.0000,0.3193,0.0000,0.1944,0.3091,0.1228,SAFE,False,3,5,,,,,,
1771435998.411,0.1,,,,,,,,,,,,,,,0.1228,SAFE,,2,,t2858_0,0.67,LOW,LOCAL,SAFE: all tasks permitted (weight=0.67),
1771435998.411,0.1,54.23,4.7727,1.156,39.7,4,,,0.01917,0.0000,0.0000,0.3515,0.0000,0.1917,0.3380,0.1325,SAFE,False,2,6,,,,,,
1771435998.411,0.1,53.75,4.7623,1.120,37.1,4,,,0.01819,0.0000,0.0000,0.3986,0.0000,0.1819,0.3200,0.1340,SAFE,False,2,6,,,,,,
1771435998.411,0.1,,,,,,,,,,,,,,,0.1340,SAFE,,1,,t2860_0,0.84,LOW,LOCAL,SAFE: all tasks permitted (weight=0.84),
1771435998.411,0.1,54.22,4.7582,1.199,42.8,4,,,0.01699,0.0000,0.0000,0.4172,0.0000,0.1699,0.3597,0.1432,SAFE,False,1,7,,,,,,
1771435998.411,0.1,,,,,,,,,,,,,,,0.1432,SAFE,,0,,t2861_0,0.69,NORMAL,LOCAL,SAFE: all tasks permitted (weight=0.69),
1771435998.411,0.1,,,,,,,,,,,,,,,0.1432,SAFE,,0,,t2861_1,0.83,LOW,OFFLOAD,"Budget exhausted (B=0), offloading. Original: SAFE: all tasks permitted (weight=0.83)",
1771435998.411,0.1,54.14,4.7346,1.253,46.6,5,-55933.760,-52.54626,0.01612,0.0000,0.0000,0.5248,1.0000,0.1612,0.4015,0.3646,WARNING,False,0,8,,,,,,
1771435998.411,0.1,,,,,,,,,,,,,,,0.3646,WARNING,,0,,t2862_0,0.62,NORMAL,OFFLOAD,WARNING: heavy task offloaded (weight=0.62 >= 0.3),
1771435998.411,0.1,54.54,4.7387,1.210,43.6,5,20952.424,-78.28104,0.01767,0.0000,1.0000,0.5059,1.0000,0.1767,0.3801,0.6095,CRITICAL,False,0,8,,,,,,
1771435998.411,0.1,,,,,,,,,,,,,,,0.6095,CRITICAL,,0,,t2863_0,0.45,NORMAL,OFFLOAD,CRITICAL: non-critical task offloaded (priority=NORMAL),
1771435998.411,0.1,54.55,4.7721,1.170,40.7,4,-32747.300,2.77509,0.01693,0.0000,0.0000,0.3539,0.0000,0.1693,0.3452,0.1320,WARNING,False,8,0,,,,,,window_reset|B=8
1771435998.411,0.1,,,,,,,,,,,,,,,0.1320,WARNING,,8,,t2864_0,0.76,CRITICAL,OFFLOAD,WARNING: heavy task offloaded (weight=0.76 >= 0.3),
1771435998.411,0.1,54.62,4.7680,1.134,38.1,4,43414.676,20.24862,0.01545,0.0000,1.0000,0.3726,0.0000,0.1545,0.3268,0.3792,WARNING,False,8,0,,,,,,
1771435998.411,0.1,54.24,4.7832,1.099,35.6,4,24603.412,5.16026,0.01627,0.0000,1.0000,0.3035,0.0000,0.1627,0.3095,0.3676,WARNING,False,8,0,,,,,,
1771435998.411,0.1,,,,,,,,,,,,,,,0.3676,WARNING,,7,,t2866_0,0.28,NORMAL,LOCAL,WARNING: lightweight task permitted (weight=0.28 < 0.3),
1771435998.411,0.1,54.75,4.7710,1.105,36.1,4,45835.397,-2.45436,0.01443,0.0000,1.0000,0.3590,1.0000,0.1443,0.3124,0.5736,CRITICAL,False,7,1,,,,,,
1771435998.411,0.1,,,,,,,,,,,,,,,0.5736,CRITICAL,,7,,t2867_0,0.59,HIGH,OFFLOAD,CRITICAL: non-critical task offloaded (priority=HIGH),
1771435998.411,0.1,54.05,4.8064,1.072,33.7,3,26784.966,65.55951,0.01864,0.0000,1.0000,0.1980,0.0000,0.1864,0.2812,0.3506,WARNING,False,7,1,,,,,,
1771435998.411,0.1,54.26,4.7645,1.042,31.6,3,3144.139,9.26984,0.01828,0.0000,1.0000,0.3888,0.0000,0.1828,0.2662,0.3721,WARNING,False,7,1,,,,,,
1771435998.411,0.1,,,,,,,,,,,,,,,0.3721,WARNING,,6,,t2869_0,0.27,CRITICAL,LOCAL,WARNING: lightweight task permitted (weight=0.27 < 0.3),
1771435998.411,0.1,53.98,4.7738,1.050,32.2,3,,,0.01803,0.0000,0.0000,0.3464,0.0000,0.1803,0.2701,0.1171,SAFE,False,6,2,,,,,,
1771435998.411,0.1,,,,,,,,,,,,,,,0.1171,SAFE,,5,,t2870_0,0.36,HIGH,LOCAL,SAFE: all tasks permitted (weight=0.36),
1771435998.411,0.1,54.15,4.7720,1.070,33.6,3,,,0.01801,0.0000,0.0000,0.3546,0.0000,0.1801,0.2802,0.1201,SAFE,False,5,3,,,,,,
1771435998.411,0.1,,,,,,,,,,,,,,,0.1201,SAFE,,4,,t2871_0,0.81,NORMAL,LOCAL,SAFE: all tasks permitted (weight=0.81),
1771435998.411,0.1,54.34,4.7745,1.150,39.3,4,,,0.01806,0.0000,0.0000,0.3430,0.0000,0.1806,0.3349,0.1296,SAFE,False,4,4,,,,,,
1771435998.411,0.1,,,,,,,,,,,,,,,0.1296,SAFE,,3,,t2872_0,0.71,LOW,LOCAL,SAFE: all tasks permitted (weight=0.71),
1771435998.411,0.1,54.02,4.7259,1.210,43.6,5,,,0.02143,0.0000,0.0000,0.5641,0.0000,0.2143,0.3800,0.1708,SAFE,False,3,5,,,,,,
1771435998.411,0.1,54.27,4.7447,1.170,40.7,4,,,0.02037,0.0000,0.0000,0.4786,0.0000,0.2037,0.3451,0.1516,SAFE,False,3,5,,,,,,
1771435998.411,0.1,,,,,,,,,,,,,,,0.1516,SAFE,,2,,t2874_0,0.53,NORMAL,LOCAL,SAFE: all tasks permitted (weight=0.53),
1771435998.411,0.1,53.97,4.7682,1.205,43.2,5,,,0.01860,0.0000,0.0000,0.3719,0.0000,0.1860,0.3773,0.1424,SAFE,False,2,6,,,,,,
1771435998.411,0.1,54.41,4.7832,1.165,40.4,4,,,0.01902,0.0000,0.0000,0.3034,0.0000,0.1902,0.3426,0.1270,SAFE,False,2,6,,,,,,
1771435998.411,0.1,,,,,,,,,,,,,,,0.1270,SAFE,,1,,t2876_0,0.68,LOW,LOCAL,SAFE: all tasks permitted (weight=0.68),
1771435998.411,0.1,,,,,,,,,,,,,,,0.1270,SAFE,,0,,t2876_1,0.63,HIGH,LOCAL,SAFE: all tasks permitted (weight=0.63),
1771435998.411,0.1,54.58,4.7375,1.306,50.4,5,,,0.02100,0.0000,0.0000,0.5113,0.0000,0.2100,0.4280,0.1731,SAFE,False,0,8,,,,,,
1771435998.411,0.1,,,,,,,,,,,,,,,0.1731,SAFE,,0,,t2877_0,0.80,HIGH,OFFLOAD,"Budget exhausted (B=0), offloading. Original: SAFE: all tasks permitted (weight=0.80)",
1771435998.411,0.1,,,,,,,,,,,,,,,0.1731,SAFE,,0,,t2877_1,0.36,NORMAL,OFFLOAD,"Budget exhausted (B=0), offloading. Original: SAFE: all tasks permitted (weight=0.36)",
1771435998.411,0.1,54.99,4.6911,1.260,47.1,5,,,0.02900,0.0000,0.0000,0.7221,0.0000,0.2900,0.4048,0.2038,SAFE,False,0,8,,,,,,
1771435998.411,0.1,,,,,,,,,,,,,,,0.2038,SAFE,,0,,t2878_0,0.41,HIGH,OFFLOAD,"Budget exhausted (B=0), offloading. Original: SAFE: all tasks permitted (weight=0.41)",
1771435998.411,0.1,55.27,4.7270,1.216,44.0,5,,,0.03006,0.0000,0.0000,0.5591,0.0000,0.3006,0.3831,0.1794,SAFE,False,8,0,,,,,,window_reset|B=8
1771435998.411,0.1,54.54,4.7006,1.176,41.1,4,,,0.02942,0.0000,0.0000,0.6792,0.0000,0.2942,0.3480,0.1873,SAFE,False,8,0,,,,,,
1771435998.411,0.1,,,,,,,,,,,,,,,0.1873,SAFE,,7,,t2880_0,0.49,NORMAL,LOCAL,SAFE: all tasks permitted (weight=0.49),
1771435998.411,0.1,54.12,4.7626,1.205,43.2,5,,,0.02933,0.0000,0.0000,0.3974,0.0000,0.2933,0.3775,0.1565,SAFE,False,7,1,,,,,,
1771435998.413,0.1,55.14,4.7545,1.166,40.4,4,51118.577,9.55134,0.02831,0.0000,1.0000,0.4341,0.0000,0.2831,0.3428,0.4033,WARNING,False,7,1,,,,,,
1771435998.413,0.1,54.78,4.7658,1.129,37.8,4,47271.724,-2.36803,0.02787,0.0000,1.0000,0.3829,1.0000,0.2787,0.3245,0.5925,CRITICAL,False,7,1,,,,,,
1771435998.413,0.1,54.78,4.7417,1.095,35.3,4,21850.336,-40.56720,0.02637,0.0000,1.0000,0.4923,1.0000,0.2637,0.3074,0.6019,CRITICAL,False,7,1,,,,,,
1771435998.413,0.1,,,,,,,,,,,,,,,0.6019,CRITICAL,,7,,t2884_0,0.58,HIGH,OFFLOAD,CRITICAL: non-critical task offloaded (priority=HIGH),
1771435998.413,0.1,54.20,4.7982,1.063,33.1,3,-22500.008,59.25485,0.03003,0.0000,0.0000,0.2355,0.0000,0.3003,0.2766,0.1160,WARNING,False,7,1,,,,,,
1771435998.413,0.1,,,,,,,,,,,,,,,0.1160,WARNING,,7,,t2885_0,0.71,HIGH,OFFLOAD,WARNING: heavy task offloaded (weight=0.71 >= 0.3),
1771435998.413,0.1,54.62,4.7880,1.034,31.0,3,-21833.396,94.59868,0.03197,0.0000,0.0000,0.2818,0.0000,0.3197,0.2618,0.1210,SAFE,False,7,1,,,,,,
1771435998.413,0.1,,,,,,,,,,,,,,,0.1210,SAFE,,6,,t2886_0,0.28,HIGH,LOCAL,SAFE: all tasks permitted (weight=0.28),
1771435998.413,0.1,53.94,4.8092,1.044,31.7,3,-77850.134,80.27248,0.03556,0.0000,0.0000,0.1855,0.0000,0.3556,0.2668,0.1130,SAFE,False,6,2,,,,,,
1771435998.413,0.1,54.17,4.8075,1.016,29.7,3,-21341.190,104.37894,0.03773,0.0000,0.0000,0.1933,0.0000,0.3773,0.2528,0.1134,SAFE,False,6,2,,,,,,
1771435998.413,0.1,,,,,,,,,,,,,,,0.1134,SAFE,,5,,t2888_0,0.33,NORMAL,LOCAL,SAFE: all tasks permitted (weight=0.33),
1771435998.413,0.1,54.18,4.8189,1.034,31.0,3,3383.581,55.04618,0.04081,0.0000,1.0000,0.1412,0.0000,0.4081,0.2621,0.3616,WARNING,False,5,3,,,,,,
1771435998.413,0.1,,,,,,,,,,,,,,,0.3616,WARNING,,5,,t2889_0,0.62,HIGH,OFFLOAD,WARNING: heavy task offloaded (weight=0.62 >= 0.3),
1771435998.413,0.1,54.03,4.7785,1.007,29.1,3,,,0.03452,0.0000,0.0000,0.3251,0.0000,0.3452,0.2484,0.1264,SAFE,False,5,3,,,,,,
1771435998.413,0.1,53.54,4.8027,0.981,27.2,3,,,0.03276,0.0000,0.0000,0.2150,0.0000,0.3276,0.2356,0.1078,SAFE,False,5,3,,,,,,
1771435998.413,0.1,53.51,4.7908,0.957,25.5,2,,,0.02326,0.0000,0.0000,0.2692,0.0000,0.2326,0.2087,0.1000,SAFE,False,5,3,,,,,,
1771435998.413,0.1,53.62,4.8225,0.935,24.0,2,,,0.02435,0.0000,0.0000,0.1250,0.0000,0.2435,0.1977,0.0801,SAFE,False,5,3,,,,,,
1771435998.413,0.1,,,,,,,,,,,,,,,0.0801,SAFE,,4,,t2893_0,0.27,NORMAL,LOCAL,SAFE: all tasks permitted (weight=0.27),
1771435998.413,0.1,53.61,4.8443,0.951,25.1,2,,,0.02607,0.0000,0.0000,0.0259,0.0000,0.2607,0.2054,0.0705,SAFE,False,9,0,,,,,,window_reset|B=9
1771435998.413,0.1,,,,,,,,,,,,,,,0.0705,SAFE,,8,,t2894_0,0.67,LOW,LOCAL,SAFE: all tasks permitted (weight=0.67),
1771435998.413,0.1,53.07,4.8281,1.020,30.0,3,,,0.02546,0.0000,0.0000,0.0997,0.0000,0.2546,0.2549,0.0894,SAFE,False,8,1,,,,,,
1771435998.413,0.1,,,,,,,,,,,,,,,0.0894,SAFE,,7,,t2895_0,0.50,LOW,LOCAL,SAFE: all tasks permitted (weight=0.50),
1771435998.413,0.1,53.09,4.8189,1.061,32.9,3,,,0.01791,0.0000,0.0000,0.1415,0.0000,0.1791,0.2756,0.0914,SAFE,False,7,2,,,,,,
1771435998.413,0.1,,,,,,,,,,,,,,,0.0914,SAFE,,6,,t2896_0,0.43,NORMAL,LOCAL,SAFE: all tasks permitted (weight=0.43),
1771435998.413,0.1,53.35,4.7740,1.090,35.0,4,,,0.02023,0.0000,0.0000,0.3457,0.0000,0.2023,0.3051,0.1262,SAFE,False,6,3,,,,,,
1771435998.413,0.1,,,,,,,,,,,,,,,0.1262,SAFE,,5,,t2897_0,0.27,LOW,LOCAL,SAFE: all tasks permitted (weight=0.27),
1771435998.413,0.1,52.97,4.7775,1.096,35.4,4,,,0.02123,0.0000,0.0000,0.3296,0.0000,0.2123,0.3078,0.1256,SAFE,False,5,4,,,,,,
1771435998.413,0.1,,,,,,,,,,,,,,,0.1256,SAFE,,4,,t2898_0,0.84,LOW,LOCAL,SAFE: all tasks permitted (weight=0.84),
1771435998.413,0.1,52.68,4.7368,1.178,41.3,4,,,0.02852,0.0000,0.0000,0.5147,0.0000,0.2852,0.3488,0.1652,SAFE,False,4,5,,,,,,
1771435998.413,0.1,,,,,,,,,,,,,,,0.1652,SAFE,,3,,t2899_0,0.43,LOW,LOCAL,SAFE: all tasks permitted (weight=0.43),
1771435998.413,0.1,53.03,4.7280,1.198,42.7,4,,,0.03461,0.0000,0.0000,0.5546,0.0000,0.3461,0.3591,0.1785,SAFE,False,3,6,,,,,,
1771435998.413,0.1,,,,,,,,,,,,,,,0.1785,SAFE,,2,,t2900_0,0.77,NORMAL,LOCAL,SAFE: all tasks permitted (weight=0.77),
1771435998.413,0.1,53.62,4.6819,1.264,47.4,5,,,0.04526,0.0000,0.0000,0.7640,0.0000,0.4526,0.4068,0.2259,SAFE,False,2,7,,,,,,
1771435998.413,0.1,,,,,,,,,,,,,,,0.2259,SAFE,,1,,t2901_0,0.56,LOW,LOCAL,SAFE: all tasks permitted (weight=0.56),
1771435998.413,0.1,53.77,4.7075,1.296,49.7,5,,,0.04975,0.0000,0.0000,0.6479,0.0000,0.4975,0.4231,0.2186,SAFE,False,1,8,,,,,,
1771435998.413,0.1,,,,,,,,,,,,,,,0.2186,SAFE,,0,,t2902_0,0.57,LOW,LOCAL,SAFE: all tasks permitted (weight=0.57),
1771435998.413,0.1,53.00,4.6862,1.328,52.0,6,,,0.05473,0.0000,0.0000,0.7445,0.0000,0.5473,0.4540,0.2423,SAFE,False,0,9,,,,,,
1771435998.413,0.1,,,,,,,,,,,,,,,0.2423,SAFE,,0,,t2903_0,0.58,HIGH,OFFLOAD,"Budget exhausted (B=0), offloading. Original: SAFE: all tasks permitted (weight=0.58)",
1771435998.413,0.1,54.00,4.7047,1.280,48.6,5,,,0.05666,0.0000,0.0000,0.6606,0.0000,0.5666,0.4149,0.2255,SAFE,False,0,9,,,,,,
1771435998.413,0.1,,,,,,,,,,,,,,,0.2255,SAFE,,0,,t2904_0,0.47,NORMAL,OFFLOAD,"Budget exhausted (B=0), offloading. Original: SAFE: all tasks permitted (weight=0.47)",
1771435998.413,0.1,53.77,4.7511,1.235,45.4,5,,,0.05336,0.0000,0.0000,0.4496,0.0000,0.5336,0.3926,0.1903,SAFE,False,0,9,,,,,,
1771435998.414,0.1,53.90,4.7215,1.194,42.4,4,55338.092,-55.79611,0.04620,0.0000,1.0000,0.5842,1.0000,0.4620,0.3569,0.6435,WARNING,False,0,9,,,,,,
1771435998.414,0.1,54.21,4.7693,1.155,39.6,4,91849.524,32.41243,0.03957,0.0000,1.0000,0.3667,0.0000,0.3957,0.3375,0.4048,WARNING,False,0,9,,,,,,
1771435998.414,0.1,,,,,,,,,,,,,,,0.4048,WARNING,,0,,t2907_0,0.57,NORMAL,OFFLOAD,WARNING: heavy task offloaded (weight=0.57 >= 0.3),
1771435998.414,0.1,54.33,4.7323,1.119,37.1,4,77782.181,4.27027,0.03119,0.0000,1.0000,0.5352,0.0000,0.3119,0.3196,0.4147,WARNING,False,0,9,,,,,,
1771435998.414,0.1,54.15,4.8054,1.086,34.7,3,31828.140,122.99464,0.03570,0.0000,1.0000,0.2027,0.0000,0.3570,0.2879,0.3696,WARNING,False,6,0,,,,,,window_reset|B=6
1771435998.414,0.1,54.12,4.7790,1.055,32.5,3,20833.649,71.28068,0.03586,0.0000,1.0000,0.3227,0.0000,0.3586,0.2724,0.3823,WARNING,False,6,0,,,,,,
1771435998.414,0.1,,,,,,,,,,,,,,,0.3823,WARNING,,6,,t2910_0,0.70,LOW,OFFLOAD,WARNING: heavy task offloaded (weight=0.70 >= 0.3),
1771435998.414,0.1,54.14,4.8266,1.026,30.4,3,67722.582,139.87486,0.04415,0.0000,1.0000,0.1062,0.0000,0.4415,0.2579,0.3595,WARNING,False,6,0,,,,,,
1771435998.414,0.1,53.27,4.8026,0.999,28.5,3,-43551.622,97.51742,0.04703,0.0000,0.0000,0.2156,0.0000,0.4703,0.2445,0.1239,SAFE,False,6,0,,,,,,
1771435998.414,0.1,,,,,,,,,,,,,,,0.1239,SAFE,,5,,t2912_0,0.25,NORMAL,LOCAL,SAFE: all tasks permitted (weight=0.25),
1771435998.414,0.1,53.81,4.7992,1.008,29.1,3,2706.783,47.87745,0.04453,0.0000,1.0000,0.2311,0.0000,0.4453,0.2490,0.3744,WARNING,False,5,1,,,,,,
1771435998.414,0.1,53.16,4.8205,0.982,27.3,3,,,0.04499,0.0000,0.0000,0.1339,0.0000,0.4499,0.2362,0.1096,SAFE,False,5,1,,,,,,
1771435998.414,0.1,,,,,,,,,,,,,,,0.1096,SAFE,,4,,t2914_0,0.53,NORMAL,LOCAL,SAFE: all tasks permitted (weight=0.53),
1771435998.414,0.1,53.59,4.7976,1.031,30.8,3,,,0.03848,0.0000,0.0000,0.2380,0.0000,0.3848,0.2603,0.1215,SAFE,False,4,2,,,,,,
1771435998.414,0.1,,,,,,,,,,,,,,,0.1215,SAFE,,3,,t2915_0,0.85,NORMAL,LOCAL,SAFE: all tasks permitted (weight=0.85),
1771435998.414,0.1,53.53,4.7633,1.119,37.0,4,,,0.03238,0.0000,0.0000,0.3942,0.0000,0.3238,0.3193,0.1475,SAFE,False,3,3,,,,,,
1771435998.414,0.1,53.28,4.7384,1.085,34.7,3,,,0.03352,0.0000,0.0000,0.5074,0.0000,0.3352,0.2876,0.1570,SAFE,False,3,3,,,,,,
1771435998.414,0.1,,,,,,,,,,,,,,,0.1570,SAFE,,2,,t2917_0,0.59,NORMAL,LOCAL,SAFE: all tasks permitted (weight=0.59),
1771435998.414,0.1,53.34,4.7622,1.134,38.2,4,,,0.02925,0.0000,0.0000,0.3990,0.0000,0.2925,0.3272,0.1466,SAFE,False,2,4,,,,,,
1771435998.414,0.1,,,,,,,,,,,,,,,0.1466,SAFE,,1,,t2918_0,0.22,LOW,LOCAL,SAFE: all tasks permitted (weight=0.22),
1771435998.414,0.1,53.44,4.7313,1.130,37.9,4,,,0.03244,0.0000,0.0000,0.5394,0.0000,0.3244,0.3251,0.1676,SAFE,False,1,5,,,,,,
1771435998.414,0.1,,,,,,,,,,,,,,,0.1676,SAFE,,0,,t2919_0,0.65,NORMAL,LOCAL,SAFE: all tasks permitted (weight=0.65),
1771435998.414,0.1,53.48,4.7533,1.185,41.8,4,,,0.03032,0.0000,0.0000,0.4394,0.0000,0.3032,0.3524,0.1579,SAFE,False,0,6,,,,,,
1771435998.414,0.1,53.47,4.7534,1.147,39.1,4,,,0.03033,0.0000,0.0000,0.4391,0.0000,0.3033,0.3334,0.1541,SAFE,False,0,6,,,,,,
1771435998.414,0.1,,,,,,,,,,,,,,,0.1541,SAFE,,0,,t2921_0,0.36,HIGH,OFFLOAD,"Budget exhausted (B=0), offloading. Original: SAFE: all tasks permitted (weight=0.36)",
1771435998.414,0.1,,,,,,,,,,,,,,,0.1541,SAFE,,0,,t2921_1,0.57,HIGH,OFFLOAD,"Budget exhausted (B=0), offloading. Original: SAFE: all tasks permitted (weight=0.57)",
1771435998.414,0.1,53.64,4.7638,1.112,36.5,4,,,0.03055,0.0000,0.0000,0.3920,0.0000,0.3055,0.3158,0.1447,SAFE,False,0,6,,,,,,
1771435998.414,0.1,,,,,,,,,,,,,,,0.1447,SAFE,,0,,t2922_0,0.22,NORMAL,OFFLOAD,"Budget exhausted (B=0), offloading. Original: SAFE: all tasks permitted (weight=0.22)",
1771435998.414,0.1,53.21,4.8026,1.079,34.2,3,,,0.02783,0.0000,0.0000,0.2155,0.0000,0.2783,0.2843,0.1127,SAFE,False,0,6,,,,,,
1771435998.414,0.1,53.00,4.7889,1.048,32.0,3,,,0.02690,0.0000,0.0000,0.2776,0.0000,0.2690,0.2691,0.1168,SAFE,False,8,0,,,,,,window_reset|B=8
1771435998.414,0.1,53.42,4.8085,1.020,30.0,3,,,0.02777,0.0000,0.0000,0.1888,0.0000,0.2777,0.2548,0.1033,SAFE,False,8,0,,,,,,
1771435998.414,0.1,53.59,4.8119,0.993,28.1,3,,,0.02663,0.0000,0.0000,0.1734,0.0000,0.2663,0.2416,0.0975,SAFE,False,8,0,,,,,,
1771435998.414,0.1,,,,,,,,,,,,,,,0.0975,SAFE,,7,,t2926_0,0.76,HIGH,LOCAL,SAFE: all tasks permitted (weight=0.76),
1771435998.414,0.1,53.52,4.8047,1.072,33.7,3,,,0.02724,0.0000,0.0000,0.2059,0.0000,0.2724,0.2810,0.1102,SAFE,False,7,1,,,,,,
1771435998.414,0.1,,,,,,,,,,,,,,,0.1102,SAFE,,6,,t2927_0,0.33,CRITICAL,LOCAL,SAFE: all tasks permitted (weight=0.33),
1771435998.414,0.1,52.99,4.7974,1.087,34.8,3,,,0.02780,0.0000,0.0000,0.2390,0.0000,0.2780,0.2884,0.1165,SAFE,False,6,2,,,,,,
1771435998.414,0.1,53.46,4.8169,1.056,32.5,3,,,0.02733,0.0000,0.0000,0.1503,0.0000,0.2733,0.2728,0.1014,SAFE,False,6,2,,,,,,
1771435998.414,0.1,,,,,,,,,,,,,,,0.1014,SAFE,,5,,t2929_0,0.73,NORMAL,LOCAL,SAFE: all tasks permitted (weight=0.73),
1771435998.414,0.1,52.91,4.7681,1.127,37.6,4,,,0.02700,0.0000,0.0000,0.3724,0.0000,0.2700,0.3235,0.1401,SAFE,False,5,3,,,,,,
1771435998.414,0.1,,,,,,,,,,,,,,,0.1401,SAFE,,4,,t2930_0,0.63,HIGH,LOCAL,SAFE: all tasks permitted (weight=0.63),
1771435998.414,0.1,53.24,4.7902,1.180,41.4,4,,,0.02198,0.0000,0.0000,0.2716,0.0000,0.2198,0.3498,0.1273,SAFE,False,4,4,,,,,,
1771435998.414,0.1,,,,,,,,,,,,,,,0.1273,SAFE,,3,,t2931_0,0.26,HIGH,LOCAL,SAFE: all tasks permitted (weight=0.26),
1771435998.414,0.1,53.63,4.7211,1.177,41.2,4,,,0.02739,0.0000,0.0000,0.5858,0.0000,0.2739,0.3485,0.1732,SAFE,False,3,5,,,,,,
1771435998.414,0.1,,,,,,,,,,,,,,,0.1732,SAFE,,2,,t2932_0,0.47,NORMAL,LOCAL,SAFE: all tasks permitted (weight=0.47),
1771435998.414,0.1,53.39,4.7478,1.204,43.1,5,,,0.02797,0.0000,0.0000,0.4643,0.0000,0.2797,0.3768,0.1637,SAFE,False,2,6,,,,,,
1771435998.414,0.1,53.64,4.7452,1.164,40.3,4,3394.790,-68.11553,0.02958,0.0000,1.0000,0.4765,1.0000,0.2958,0.3422,0.6100,WARNING,False,2,6,,,,,,
1771435998.414,0.1,,,,,,,,,,,,,,,0.6100,WARNING,,2,,t2934_0,0.46,NORMAL,OFFLOAD,WARNING: heavy task offloaded (weight=0.46 >= 0.3),
1771435998.414,0.1,53.89,4.7931,1.128,37.7,4,22628.023,-11.89639,0.02919,0.0000,1.0000,0.2588,1.0000,0.2919,0.3239,0.5776,CRITICAL,False,2,6,,,,,,
1771435998.414,0.1,,,,,,,,,,,,,,,0.5776,CRITICAL,,2,,t2935_0,0.38,HIGH,OFFLOAD,CRITICAL: non-critical task offloaded (priority=HIGH),
1771435998.414,0.1,53.69,4.7556,1.094,35.3,4,42701.179,-42.76063,0.03005,0.0000,1.0000,0.4293,1.0000,0.3005,0.3069,0.5972,CRITICAL,False,2,6,,,,,,
1771435998.414,0.1,52.91,4.7758,1.062,33.0,3,-33471.848,-41.97600,0.02880,0.0000,0.0000,0.3371,1.0000,0.2880,0.2761,0.3278,WARNING,False,2,6,,,,,,
1771435998.414,0.1,,,,,,,,,,,,,,,0.3278,WARNING,,2,,t2937_0,0.57,NORMAL,OFFLOAD,WARNING: heavy task offloaded (weight=0.57 >= 0.3),
1771435998.414,0.1,53.48,4.8128,1.033,30.9,3,35061.559,45.68611,0.02890,0.0000,1.0000,0.1690,0.0000,0.2890,0.2614,0.3531,WARNING,False,2,6,,,,,,
1771435998.414,0.1,,,,,,,,,,,,,,,0.3531,WARNING,,2,,t2938_0,0.30,LOW,OFFLOAD,WARNING: heavy task offloaded (weight=0.30 >= 0.3),
1771435998.414,0.1,53.22,4.7830,1.005,29.0,3,-679.150,-7.44852,0.02779,0.0000,0.0000,0.3048,1.0000,0.2779,0.2477,0.3169,WARNING,False,6,0,,,,,,window_reset|B=6
1771435998.414,0.1,,,,,,,,,,,,,,,0.3169,WARNING,,6,,t2939_0,0.57,CRITICAL,OFFLOAD,WARNING: heavy task offloaded (weight=0.57 >= 0.3),
1771435998.414,0.1,53.36,4.7921,0.980,27.1,3,-16997.934,72.54174,0.02748,0.0000,0.0000,0.2630,0.0000,0.2748,0.2350,0.1087,SAFE,False,6,0,,,,,,
1771435998.414,0.1,,,,,,,,,,,,,,,0.1087,SAFE,,5,,t2940_0,0.85,NORMAL,LOCAL,SAFE: all tasks permitted (weight=0.85),
1771435998.414,0.1,53.12,4.7496,1.072,33.7,3,-16538.485,1.83985,0.02515,0.0000,0.0000,0.4562,0.0000,0.2515,0.2812,0.1407,SAFE,False,5,1,,,,,,
1771435998.414,0.1,,,,,,,,,,,,,,,0.1407,SAFE,,4,,t2941_0,0.68,HIGH,LOCAL,SAFE: all tasks permitted (weight=0.68),
1771435998.414,0.1,53.67,4.7599,1.135,38.2,4,,,0.02529,0.0000,0.0000,0.4097,0.0000,0.2529,0.3277,0.1441,SAFE,False,4,2,,,,,,
1771435998.414,0.1,,,,,,,,,,,,,,,0.1441,SAFE,,3,,t2942_0,0.58,LOW,LOCAL,SAFE: all tasks permitted (weight=0.58),
1771435998.414,0.1,52.91,4.7304,1.180,41.5,4,,,0.02645,0.0000,0.0000,0.5435,0.0000,0.2645,0.3502,0.1671,SAFE,False,3,3,,,,,,
1771435998.414,0.1,,,,,,,,,,,,,,,0.1671,SAFE,,2,,t2943_0,0.41,HIGH,LOCAL,SAFE: all tasks permitted (weight=0.41),
1771435998.414,0.1,53.06,4.7022,1.199,42.8,4,,,0.02935,0.0000,0.0000,0.6717,0.0000,0.2935,0.3597,0.1886,SAFE,False,2,4,,,,,,
1771435998.414,0.1,,,,,,,,,,,,,,,0.1886,SAFE,,1,,t2944_0,0.79,NORMAL,LOCAL,SAFE: all tasks permitted (weight=0.79),
1771435998.414,0.1,,,,,,,,,,,,,,,0.1886,SAFE,,0,,t2944_1,0.48,LOW,LOCAL,SAFE: all tasks permitted (weight=0.48),
1771435998.414,0.1,53.76,4.7127,1.334,52.5,6,,,0.03225,0.0000,0.0000,0.6239,0.0000,0.3225,0.4572,0.2048,SAFE,False,0,6,,,,,,
1771435998.414,0.1,53.56,4.7242,1.286,49.0,5,,,0.03352,0.0000,0.0000,0.5719,0.0000,0.3352,0.4180,0.1915,SAFE,False,0,6,,,,,,
1771435998.414,0.1,,,,,,,,,,,,,,,0.1915,SAFE,,0,,t2946_0,0.77,LOW,OFFLOAD,"Budget exhausted (B=0), offloading. Original: SAFE: all tasks permitted (weight=0.77)",
1771435998.414,0.1,53.84,4.7479,1.241,45.8,5,,,0.03182,0.0000,0.0000,0.4640,0.0000,0.3182,0.3954,0.1712,SAFE,False,0,6,,,,,,
1771435998.414,0.1,,,,,,,,,,,,,,,0.1712,SAFE,,0,,t2947_0,0.66,HIGH,OFFLOAD,"Budget exhausted (B=0), offloading. Original: SAFE: all tasks permitted (weight=0.66)",
1771435998.414,0.1,53.38,4.7559,1.199,42.8,4,,,0.03182,0.0000,0.0000,0.4275,0.0000,0.3182,0.3595,0.1593,SAFE,False,0,6,,,,,,
1771435998.414,0.1,,,,,,,,,,,,,,,0.1593,SAFE,,0,,t2948_0,0.32,NORMAL,OFFLOAD,"Budget exhausted (B=0), offloading. Original: SAFE: all tasks permitted (weight=0.32)",
1771435998.414,0.1,53.90,4.7337,1.160,40.0,4,,,0.03153,0.0000,0.0000,0.5286,0.0000,0.3153,0.3400,0.1682,SAFE,False,0,6,,,,,,
1771435998.414,0.1,,,,,,,,,,,,,,,0.1682,SAFE,,0,,t2949_0,0.51,NORMAL,OFFLOAD,"Budget exhausted (B=0), offloading. Original: SAFE: all tasks permitted (weight=0.51)",
1771435998.414,0.1,53.70,4.7496,1.124,37.4,4,,,0.02533,0.0000,0.0000,0.4563,0.0000,0.2533,0.3218,0.1490,SAFE,False,0,6,,,,,,
1771435998.414,0.1,,,,,,,,,,,,,,,0.1490,SAFE,,0,,t2950_0,0.68,NORMAL,OFFLOAD,"Budget exhausted (B=0), offloading. Original: SAFE: all tasks permitted (weight=0.68)",
1771435998.414,0.1,53.42,4.7730,1.090,35.0,3,,,0.02422,0.0000,0.0000,0.3499,0.0000,0.2422,0.2900,0.1277,SAFE,False,0,6,,,,,,
1771435998.414,0.1,,,,,,,,,,,,,,,0.1277,SAFE,,0,,t2951_0,0.81,NORMAL,OFFLOAD,"Budget exhausted (B=0), offloading. Original: SAFE: all tasks permitted (weight=0.81)",
1771435998.414,0.1,53.84,4.7649,1.059,32.8,3,,,0.02064,0.0000,0.0000,0.3867,0.0000,0.2064,0.2743,0.1258,SAFE,False,0,6,,,,,,
1771435998.414,0.1,,,,,,,,,,,,,,,0.1258,SAFE,,0,,t2952_0,0.79,NORMAL,OFFLOAD,"Budget exhausted (B=0), offloading. Original: SAFE: all tasks permitted (weight=0.79)",
1771435998.414,0.1,,,,,,,,,,,,,,,0.1258,SAFE,,0,,t2952_1,0.74,LOW,OFFLOAD,"Budget exhausted (B=0), offloading. Original: SAFE: all tasks permitted (weight=0.74)",
1771435998.414,0.1,53.27,4.8025,1.029,30.7,3,,,0.02657,0.0000,0.0000,0.2161,0.0000,0.2657,0.2597,0.1066,SAFE,False,0,6,,,,,,
1771435998.414,0.1,,,,,,,,,,,,,,,0.1066,SAFE,,0,,t2953_0,0.23,NORMAL,OFFLOAD,"Budget exhausted (B=0), offloading. Original: SAFE: all tasks permitted (weight=0.23)",
1771435998.414,0.1,53.48,4.7705,1.002,28.7,3,,,0.02717,0.0000,0.0000,0.3616,0.0000,0.2717,0.2462,0.1234,SAFE,False,8,0,,,,,,window_reset|B=8
1771435998.414,0.1,,,,,,,,,,,,,,,0.1234,SAFE,,7,,t2954_0,0.35,LOW,LOCAL,SAFE: all tasks permitted (weight=0.35),
1771435998.414,0.1,54.35,4.7929,1.026,30.4,3,,,0.02934,0.0000,0.0000,0.2595,0.0000,0.2934,0.2580,0.1147,SAFE,False,7,1,,,,,,
1771435998.415,0.1,,,,,,,,,,,,,,,0.1147,SAFE,,6,,t2955_0,0.61,NORMAL,LOCAL,SAFE: all tasks permitted (weight=0.61),
1771435998.415,0.1,52.65,4.7575,1.083,34.5,3,-44148.269,1.52443,0.02512,0.0000,0.0000,0.4206,0.0000,0.2512,0.2865,0.1371,SAFE,False,6,2,,,,,,
1771435998.415,0.1,,,,,,,,,,,,,,,0.1371,SAFE,,5,,t2956_0,0.71,NORMAL,LOCAL,SAFE: all tasks permitted (weight=0.71),
1771435998.415,0.1,53.65,4.7622,1.150,39.3,4,-15148.304,28.55224,0.02127,0.0000,0.0000,0.3990,0.0000,0.2127,0.3349,0.1401,SAFE,False,5,3,,,,,,
1771435998.415,0.1,,,,,,,,,,,,,,,0.1401,SAFE,,4,,t2957_0,0.25,NORMAL,LOCAL,SAFE: all tasks permitted (weight=0.25),
1771435998.415,0.1,53.80,4.7265,1.149,39.2,4,6103.321,-23.14517,0.02094,0.0000,1.0000,0.5614,1.0000,0.2094,0.3346,0.6108,WARNING,False,4,4,,,,,,
1771435998.415,0.1,53.79,4.7967,1.114,36.7,4,22396.894,23.64027,0.02259,0.0000,1.0000,0.2425,0.0000,0.2259,0.3169,0.3675,WARNING,False,4,4,,,,,,
1771435998.415,0.1,,,,,,,,,,,,,,,0.3675,WARNING,,4,,t2959_0,0.35,LOW,OFFLOAD,WARNING: heavy task offloaded (weight=0.35 >= 0.3),
1771435998.415,0.1,53.58,4.7685,1.081,34.3,3,-15799.311,3.54257,0.02241,0.0000,0.0000,0.3706,0.0000,0.2241,0.2853,0.1277,SAFE,False,4,4,,,,,,
1771435998.415,0.1,,,,,,,,,,,,,,,0.1277,SAFE,,3,,t2960_0,0.69,HIGH,LOCAL,SAFE: all tasks permitted (weight=0.69),
1771435998.415,0.1,53.57,4.7605,1.145,39.0,4,18554.016,-41.96212,0.02026,0.0000,1.0000,0.4067,1.0000,0.2026,0.3327,0.5897,WARNING,False,3,5,,,,,,
1771435998.415,0.1,,,,,,,,,,,,,,,0.5897,WARNING,,3,,t2961_0,0.53,HIGH,OFFLOAD,WARNING: heavy task offloaded (weight=0.53 >= 0.3),
1771435998.415,0.1,53.33,4.7478,1.110,36.4,4,-8937.786,-22.63709,0.02040,0.0000,0.0000,0.4644,1.0000,0.2040,0.3151,0.3438,WARNING,False,3,5,,,,,,
1771435998.415,0.1,,,,,,,,,,,,,,,0.3438,WARNING,,3,,t2962_0,0.59,LOW,OFFLOAD,WARNING: heavy task offloaded (weight=0.59 >= 0.3),
1771435998.415,0.1,53.66,4.7721,1.077,34.1,3,-41378.985,-20.85123,0.02039,0.0000,0.0000,0.3542,1.0000,0.2039,0.2837,0.3232,WARNING,False,3,5,,,,,,
1771435998.415,0.1,,,,,,,,,,,,,,,0.3232,WARNING,,3,,t2963_0,0.55,LOW,OFFLOAD,WARNING: heavy task offloaded (weight=0.55 >= 0.3),
1771435998.415,0.1,53.24,4.7792,1.047,31.9,3,,,0.02056,0.0000,0.0000,0.3217,0.0000,0.2056,0.2685,0.1161,SAFE,False,3,5,,,,,,
1771435998.415,0.1,53.25,4.7908,1.019,29.9,3,,,0.01922,0.0000,0.0000,0.2693,0.0000,0.1922,0.2543,0.1051,SAFE,False,3,5,,,,,,
1771435998.415,0.1,,,,,,,,,,,,,,,0.1051,SAFE,,2,,t2965_0,0.71,HIGH,LOCAL,SAFE: all tasks permitted (weight=0.71),
1771435998.415,0.1,53.28,4.7773,1.090,35.0,3,,,0.01936,0.0000,0.0000,0.3306,0.0000,0.1936,0.2898,0.1203,SAFE,False,2,6,,,,,,
1771435998.415,0.1,53.19,4.7722,1.058,32.7,3,,,0.01806,0.0000,0.0000,0.3536,0.0000,0.1806,0.2741,0.1188,SAFE,False,2,6,,,,,,
1771435998.415,0.1,,,,,,,,,,,,,,,0.1188,SAFE,,1,,t2967_0,0.33,CRITICAL,LOCAL,SAFE: all tasks permitted (weight=0.33),
1771435998.415,0.1,53.07,4.7446,1.075,33.9,3,,,0.01899,0.0000,0.0000,0.4793,0.0000,0.1899,0.2826,0.1378,SAFE,False,1,7,,,,,,
1771435998.415,0.1,,,,,,,,,,,,,,,0.1378,SAFE,,0,,t2968_0,0.30,NORMAL,LOCAL,SAFE: all tasks permitted (weight=0.30),
1771435998.415,0.1,52.97,4.7932,1.086,34.7,3,,,0.02029,0.0000,0.0000,0.2584,0.0000,0.2029,0.2881,0.1115,SAFE,False,8,0,,,,,,window_reset|B=8
1771435998.415,0.1,,,,,,,,,,,,,,,0.1115,SAFE,,7,,t2969_0,0.30,NORMAL,LOCAL,SAFE: all tasks permitted (weight=0.30),
1771435998.415,0.1,53.15,4.7410,1.096,35.5,4,,,0.01801,0.0000,0.0000,0.4953,0.0000,0.1801,0.3082,0.1440,SAFE,False,7,1,,,,,,
1771435998.415,0.1,,,,,,,,,,,,,,,0.1440,SAFE,,6,,t2970_0,0.48,NORMAL,LOCAL,SAFE: all tasks permitted (weight=0.48),
1771435998.415,0.1,53.43,4.7960,1.130,37.9,4,,,0.01793,0.0000,0.0000,0.2456,0.0000,0.1793,0.3252,0.1149,SAFE,False,6,2,,,,,,
1771435998.415,0.1,,,,,,,,,,,,,,,0.1149,SAFE,,5,,t2971_0,0.83,NORMAL,LOCAL,SAFE: all tasks permitted (weight=0.83),
1771435998.415,0.1,53.20,4.7116,1.211,43.7,5,,,0.02419,0.0000,0.0000,0.6289,0.0000,0.2419,0.3806,0.1821,SAFE,False,5,3,,,,,,
1771435998.415,0.1,53.49,4.7199,1.171,40.8,4,,,0.02730,0.0000,0.0000,0.5914,0.0000,0.2730,0.3457,0.1733,SAFE,False,5,3,,,,,,
1771435998.415,0.1,,,,,,,,,,,,,,,0.1733,SAFE,,4,,t2973_0,0.45,HIGH,LOCAL,SAFE: all tasks permitted (weight=0.45),
1771435998.415,0.1,,,,,,,,,,,,,,,0.1733,SAFE,,3,,t2973_1,0.78,NORMAL,LOCAL,SAFE: all tasks permitted (weight=0.78),
1771435998.415,0.1,52.94,4.6941,1.304,50.3,5,,,0.03307,0.0000,0.0000,0.7085,0.0000,0.3307,0.4271,0.2106,SAFE,False,3,5,,,,,,
1771435998.415,0.1,53.15,4.7217,1.258,47.0,5,,,0.03415,0.0000,0.0000,0.5831,0.0000,0.3415,0.4039,0.1907,SAFE,False,3,5,,,,,,
1771435998.415,0.1,,,,,,,,,,,,,,,0.1907,SAFE,,2,,t2975_0,0.25,LOW,LOCAL,SAFE: all tasks permitted (weight=0.25),
1771435998.415,0.1,54.20,4.7761,1.249,46.4,5,,,0.03397,0.0000,0.0000,0.3358,0.0000,0.3397,0.3995,0.1575,SAFE,False,2,6,,,,,,
1771435998.415,0.1,,,,,,,,,,,,,,,0.1575,SAFE,,1,,t2976_0,0.48,NORMAL,LOCAL,SAFE: all tasks permitted (weight=0.48),
1771435998.415,0.1,54.07,4.7174,1.273,48.1,5,,,0.03325,0.0000,0.0000,0.6028,0.0000,0.3325,0.4117,0.1940,SAFE,False,1,7,,,,,,
1771435998.415,0.1,,,,,,,,,,,,,,,0.1940,SAFE,,0,,t2977_0,0.55,HIGH,LOCAL,SAFE: all tasks permitted (weight=0.55),
1771435998.415,0.1,53.95,4.6971,1.306,50.4,5,,,0.03454,0.0000,0.0000,0.6948,0.0000,0.3454,0.4278,0.2104,SAFE,False,0,8,,,,,,
1771435998.415,0.1,,,,,,,,,,,,,,,0.2104,SAFE,,0,,t2978_0,0.60,NORMAL,OFFLOAD,"Budget exhausted (B=0), offloading. Original: SAFE: all tasks permitted (weight=0.60)",
1771435998.415,0.1,54.23,4.6925,1.259,47.1,5,,,0.03544,0.0000,0.0000,0.7159,0.0000,0.3544,0.4046,0.2094,SAFE,False,0,8,,,,,,
1771435998.415,0.1,,,,,,,,,,,,,,,0.2094,SAFE,,0,,t2979_0,0.51,NORMAL,OFFLOAD,"Budget exhausted (B=0), offloading. Original: SAFE: all tasks permitted (weight=0.51)",
1771435998.415,0.1,54.46,4.7117,1.216,44.0,5,,,0.03577,0.0000,0.0000,0.6288,0.0000,0.3577,0.3830,0.1941,SAFE,False,0,8,,,,,,
1771435998.415,0.1,,,,,,,,,,,,,,,0.1941,SAFE,,0,,t2980_0,0.59,CRITICAL,OFFLOAD,"Budget exhausted (B=0), offloading. Original: SAFE: all tasks permitted (weight=0.59)",
1771435998.415,0.1,54.01,4.7153,1.176,41.1,4,,,0.03060,0.0000,0.0000,0.6123,0.0000,0.3060,0.3479,0.1798,SAFE,False,0,8,,,,,,
1771435998.415,0.1,,,,,,,,,,,,,,,0.1798,SAFE,,0,,t2981_0,0.82,NORMAL,OFFLOAD,"Budget exhausted (B=0), offloading. Original: SAFE: all tasks permitted (weight=0.82)",
1771435998.415,0.1,54.50,4.7293,1.138,38.5,4,,,0.03024,0.0000,0.0000,0.5487,0.0000,0.3024,0.3292,0.1674,SAFE,False,0,8,,,,,,
1771435998.415,0.1,54.41,4.7733,1.104,36.0,4,,,0.02608,0.0000,0.0000,0.3487,0.0000,0.2608,0.3119,0.1338,SAFE,False,0,8,,,,,,
1771435998.415,0.1,54.28,4.7746,1.071,33.7,3,,,0.02963,0.0000,0.0000,0.3426,0.0000,0.2963,0.2807,0.1303,SAFE,False,8,0,,,,,,window_reset|B=8
1771435998.415,0.1,54.03,4.7855,1.041,31.5,3,,,0.03362,0.0000,0.0000,0.2930,0.0000,0.3362,0.2657,0.1248,SAFE,False,8,0,,,,,,
1771435998.415,0.1,,,,,,,,,,,,,,,0.1248,SAFE,,7,,t2985_0,0.54,CRITICAL,LOCAL,SAFE: all tasks permitted (weight=0.54),
1771435998.415,0.1,54.09,4.7568,1.088,34.8,3,,,0.03210,0.0000,0.0000,0.4239,0.0000,0.3210,0.2888,0.1450,SAFE,False,7,1,,,,,,
1771435998.415,0.1,53.95,4.7788,1.056,32.6,3,,,0.03358,0.0000,0.0000,0.3238,0.0000,0.3358,0.2732,0.1303,SAFE,False,7,1,,,,,,
1771435998.415,0.1,54.27,4.7880,1.027,30.5,3,,,0.03472,0.0000,0.0000,0.2820,0.0000,0.3472,0.2587,0.1231,SAFE,False,7,1,,,,,,
1771435998.417,0.1,53.77,4.7942,1.000,28.6,3,-9246.613,52.41989,0.03638,0.0000,0.0000,0.2538,0.0000,0.3638,0.2452,0.1184,SAFE,False,7,1,,,,,,
1771435998.417,0.1,53.63,4.8063,0.975,26.8,2,-34698.388,51.20969,0.03573,0.0000,0.0000,0.1985,0.0000,0.3573,0.2177,0.1051,SAFE,False,7,1,,,,,,
1771435998.417,0.1,53.35,4.8317,0.952,25.1,2,-42231.492,38.82976,0.03490,0.0000,0.0000,0.0831,0.0000,0.3490,0.2060,0.0869,SAFE,False,7,1,,,,,,
1771435998.417,0.1,,,,,,,,,,,,,,,0.0869,SAFE,,6,,t2991_0,0.64,LOW,LOCAL,SAFE: all tasks permitted (weight=0.64),
1771435998.417,0.1,53.31,4.7645,1.020,30.0,3,-38584.624,-6.74958,0.03022,0.0000,0.0000,0.3888,1.0000,0.3022,0.2549,0.3317,WARNING,False,6,2,,,,,,
1771435998.417,0.1,,,,,,,,,,,,,,,0.3317,WARNING,,5,,t2992_0,0.29,LOW,LOCAL,WARNING: lightweight task permitted (weight=0.29 < 0.3),
1771435998.417,0.1,53.18,4.7811,1.034,31.0,3,-33720.807,-2.94698,0.02431,0.0000,0.0000,0.3132,1.0000,0.2431,0.2620,0.3174,WARNING,False,5,3,,,,,,
1771435998.417,0.1,,,,,,,,,,,,,,,0.3174,WARNING,,5,,t2993_0,0.42,LOW,OFFLOAD,WARNING: heavy task offloaded (weight=0.42 >= 0.3),
1771435998.417,0.1,,,,,,,,,,,,,,,0.3174,WARNING,,5,,t2993_1,0.67,HIGH,OFFLOAD,WARNING: heavy task offloaded (weight=0.67 >= 0.3),
1771435998.417,0.1,53.10,4.7892,1.006,29.0,3,-39475.240,21.54158,0.01885,0.0000,0.0000,0.2765,0.0000,0.1885,0.2482,0.1044,SAFE,False,5,3,,,,,,
1771435998.417,0.1,,,,,,,,,,,,,,,0.1044,SAFE,,4,,t2994_0,0.60,HIGH,LOCAL,SAFE: all tasks permitted (weight=0.60),
1771435998.417,0.1,53.30,4.8021,1.064,33.1,3,-25968.343,15.53640,0.01900,0.0000,0.0000,0.2175,0.0000,0.1900,0.2768,0.1026,SAFE,False,4,4,,,,,,
1771435998.417,0.1,,,,,,,,,,,,,,,0.1026,SAFE,,3,,t2995_0,0.67,CRITICAL,LOCAL,SAFE: all tasks permitted (weight=0.67),
1771435998.417,0.1,52.58,4.7419,1.127,37.6,4,-67226.373,-30.58225,0.02267,0.0000,0.0000,0.4912,1.0000,0.2267,0.3233,0.3512,WARNING,False,3,5,,,,,,
1771435998.417,0.1,,,,,,,,,,,,,,,0.3512,WARNING,,2,,t2996_0,0.26,NORMAL,LOCAL,WARNING: lightweight task permitted (weight=0.26 < 0.3),
1771435998.417,0.1,53.30,4.7799,1.128,37.7,4,,,0.02272,0.0000,0.0000,0.3185,0.0000,0.2272,0.3242,0.1290,SAFE,False,2,6,,,,,,
1771435998.418,0.1,53.49,4.7896,1.094,35.3,4,-7865.789,-16.63927,0.02113,0.0000,0.0000,0.2747,1.0000,0.2113,0.3071,0.3183,WARNING,False,2,6,,,,,,
1771435998.418,0.1,,,,,,,,,,,,,,,0.3183,WARNING,,2,,t2998_0,0.49,NORMAL,OFFLOAD,WARNING: heavy task offloaded (weight=0.49 >= 0.3),
1771435998.418,0.1,53.20,4.7547,1.063,33.0,3,-8600.046,-76.47929,0.02291,0.0000,0.0000,0.4332,1.0000,0.2291,0.2763,0.3345,WARNING,False,6,0,,,,,,window_reset|B=6
1771435998.418,0.1,,,,,,,,,,,,,,,0.3345,WARNING,,6,,t2999_0,0.51,NORMAL,OFFLOAD,WARNING: heavy task offloaded (weight=0.51 >= 0.3),
1771435998.418,0.1,53.38,4.8310,1.033,30.9,3,4126.766,66.10203,0.02619,0.0000,1.0000,0.0862,0.0000,0.2619,0.2616,0.3397,WARNING,False,6,0,,,,,,
1771435998.418,0.1,,,,,,,,,,,,,,,0.3397,WARNING,,6,,t3000_0,0.68,HIGH,OFFLOAD,WARNING: heavy task offloaded (weight=0.68 >= 0.3),
1771435998.418,0.1,,,,,,,,,,,,,,,0.3397,WARNING,,5,,t3000_1,0.22,NORMAL,LOCAL,WARNING: lightweight task permitted (weight=0.22 < 0.3),
1771435998.418,0.1,,,,,,,,,,,,,,,0.3397,WARNING,,5,,t3000_2,0.41,HIGH,OFFLOAD,WARNING: heavy task offloaded (weight=0.41 >= 0.3),
1771435998.418,0.1,,,,,,,,,,,,,,,0.3397,WARNING,,5,,t3000_3,0.67,HIGH,OFFLOAD,WARNING: heavy task offloaded (weight=0.67 >= 0.3),
1771435998.418,0.1,,,,,,,,,,,,,,,0.3397,WARNING,,5,,t3000_4,0.59,HIGH,OFFLOAD,WARNING: heavy task offloaded (weight=0.59 >= 0.3),
1771435998.418,0.1,52.84,4.7625,1.036,31.1,3,-20315.003,-18.43961,0.02710,0.0000,0.0000,0.3976,1.0000,0.2710,0.2629,0.3314,WARNING,False,5,1,,,,,,
1771435998.418,0.1,52.51,4.8244,1.008,29.2,3,-35133.163,34.95139,0.02863,0.0000,0.0000,0.1165,0.0000,0.2863,0.2491,0.0936,SAFE,False,5,1,,,,,,
1771435998.418,0.1,52.30,4.8332,0.983,27.3,3,-59593.524,30.80051,0.02882,0.0000,0.0000,0.0765,0.0000,0.2882,0.2363,0.0860,SAFE,False,5,1,,,,,,
1771435998.418,0.1,52.93,4.7933,0.959,25.6,2,20587.175,50.96785,0.02795,0.0000,1.0000,0.2579,0.0000,0.2795,0.2094,0.3534,WARNING,False,5,1,,,,,,
1771435998.418,0.1,,,,,,,,,,,,,,,0.3534,WARNING,,5,,t3004_0,0.30,HIGH,OFFLOAD,WARNING: heavy task offloaded (weight=0.30 >= 0.3),
1771435998.418,0.1,52.47,4.8417,0.937,24.0,2,-49701.947,61.34792,0.03114,0.0000,0.0000,0.0377,0.0000,0.3114,0.1983,0.0757,SAFE,False,5,1,,,,,,
1771435998.419,0.1,,,,,,,,,,,,,,,0.0757,SAFE,,4,,t3005_0,0.33,HIGH,LOCAL,SAFE: all tasks permitted (weight=0.33),
1771435998.419,0.1,52.47,4.8327,0.961,25.8,2,-61337.688,43.16535,0.03271,0.0000,0.0000,0.0788,0.0000,0.3271,0.2107,0.0851,SAFE,False,4,2,,,,,,
1771435998.419,0.1,,,,,,,,,,,,,,,0.0851,SAFE,,3,,t3006_0,0.62,CRITICAL,LOCAL,SAFE: all tasks permitted (weight=0.62),
1771435998.419,0.1,52.23,4.7831,1.026,30.4,3,-58727.226,28.42104,0.03298,0.0000,0.0000,0.3042,0.0000,0.3298,0.2580,0.1241,SAFE,False,3,3,,,,,,
1771435998.419,0.1,51.33,4.7858,0.999,28.5,3,-123479.040,-45.35055,0.02880,0.0000,0.0000,0.2920,1.0000,0.2880,0.2445,0.3157,WARNING,False,3,3,,,,,,
1771435998.419,0.1,,,,,,,,,,,,,,,0.3157,WARNING,,3,,t3008_0,0.54,NORMAL,OFFLOAD,WARNING: heavy task offloaded (weight=0.54 >= 0.3),
1771435998.419,0.1,52.09,4.8116,0.974,26.7,2,-45469.721,49.11259,0.02820,0.0000,0.0000,0.1747,0.0000,0.2820,0.2170,0.0943,SAFE,False,3,3,,,,,,
1771435998.419,0.1,,,,,,,,,,,,,,,0.0943,SAFE,,2,,t3009_0,0.24,LOW,LOCAL,SAFE: all tasks permitted (weight=0.24),
1771435998.419,0.1,52.04,4.8004,0.984,27.5,3,-28685.450,-23.94917,0.02790,0.0000,0.0000,0.2252,1.0000,0.2790,0.2372,0.3046,WARNING,False,2,4,,,,,,
1771435998.419,0.1,51.67,4.8175,0.960,25.7,2,-37835.281,-15.68430,0.02363,0.0000,0.0000,0.1477,1.0000,0.2363,0.2102,0.2849,WARNING,False,2,4,,,,,,
1771435998.419,0.1,51.65,4.8052,0.938,24.2,2,-77214.369,11.92322,0.02275,0.0000,0.0000,0.2038,0.0000,0.2275,0.1991,0.0891,SAFE,False,2,4,,,,,,
1771435998.419,0.1,,,,,,,,,,,,,,,0.0891,SAFE,,1,,t3012_0,0.31,HIGH,LOCAL,SAFE: all tasks permitted (weight=0.31),
1771435998.419,0.1,51.48,4.8480,0.961,25.8,2,-59572.877,6.33183,0.02083,0.0000,0.0000,0.0089,0.0000,0.2083,0.2106,0.0641,SAFE,False,1,5,,,,,,
1771435998.419,0.1,51.47,4.8258,0.939,24.2,2,,,0.02089,0.0000,0.0000,0.1098,0.0000,0.2089,0.1994,0.0751,SAFE,False,9,0,,,,,,window_reset|B=9
1771435998.419,0.1,,,,,,,,,,,,,,,0.0751,SAFE,,8,,t3014_0,0.70,LOW,LOCAL,SAFE: all tasks permitted (weight=0.70),
1771435998.419,0.1,51.90,4.8050,1.016,29.7,3,,,0.02028,0.0000,0.0000,0.2045,0.0000,0.2028,0.2528,0.0974,SAFE,False,8,1,,,,,,
1771435998.419,0.1,51.67,4.7712,0.990,27.8,3,,,0.02279,0.0000,0.0000,0.3584,0.0000,0.2279,0.2398,0.1173,SAFE,False,8,1,,,,,,
1771435998.419,0.1,,,,,,,,,,,,,,,0.1173,SAFE,,7,,t3016_0,0.29,CRITICAL,LOCAL,SAFE: all tasks permitted (weight=0.29),
1771435998.419,0.1,50.81,4.8246,1.005,29.0,3,,,0.02129,0.0000,0.0000,0.1155,0.0000,0.2129,0.2477,0.0858,SAFE,False,7,2,,,,,,
1771435998.419,0.1,,,,,,,,,,,,,,,0.0858,SAFE,,6,,t3017_0,0.83,NORMAL,LOCAL,SAFE: all tasks permitted (weight=0.83),
1771435998.419,0.1,,,,,,,,,,,,,,,0.0858,SAFE,,5,,t3017_1,0.52,HIGH,LOCAL,SAFE: all tasks permitted (weight=0.52),
1771435998.419,0.1,51.00,4.7740,1.168,40.6,4,,,0.02206,0.0000,0.0000,0.3453,0.0000,0.2206,0.3440,0.1357,SAFE,False,5,4,,,,,,
1771435998.419,0.1,51.35,4.8031,1.131,37.9,4,,,0.02113,0.0000,0.0000,0.2133,0.0000,0.2113,0.3255,0.1140,SAFE,False,5,4,,,,,,
1771435998.419,0.1,,,,,,,,,,,,,,,0.1140,SAFE,,4,,t3019_0,0.74,NORMAL,LOCAL,SAFE: all tasks permitted (weight=0.74),
1771435998.419,0.1,51.24,4.7195,1.200,42.9,4,,,0.03172,0.0000,0.0000,0.5933,0.0000,0.3172,0.3601,0.1809,SAFE,False,4,5,,,,,,
1771435998.419,0.1,51.67,4.7904,1.161,40.1,4,,,0.03164,0.0000,0.0000,0.2708,0.0000,0.3164,0.3406,0.1350,SAFE,False,4,5,,,,,,
1771435998.419,0.1,,,,,,,,,,,,,,,0.1350,SAFE,,3,,t3021_0,0.62,HIGH,LOCAL,SAFE: all tasks permitted (weight=0.62),
1771435998.419,0.1,51.96,4.7229,1.212,43.7,5,,,0.03792,0.0000,0.0000,0.5777,0.0000,0.3792,0.3808,0.1892,SAFE,False,3,6,,,,,,
1771435998.419,0.1,,,,,,,,,,,,,,,0.1892,SAFE,,2,,t3022_0,0.50,CRITICAL,LOCAL,SAFE: all tasks permitted (weight=0.50),
1771435998.419,0.1,51.90,4.7328,1.241,45.8,5,,,0.04038,0.0000,0.0000,0.5329,0.0000,0.4038,0.3956,0.1888,SAFE,False,2,7,,,,,,
1771435998.419,0.1,,,,,,,,,,,,,,,0.1888,SAFE,,1,,t3023_0,0.81,NORMAL,LOCAL,SAFE: all tasks permitted (weight=0.81),
1771435998.419,0.1,52.12,4.7095,1.312,50.8,5,,,0.04485,0.0000,0.0000,0.6388,0.0000,0.4485,0.4308,0.2141,SAFE,False,1,8,,,,,,
1771435998.419,0.1,,,,,,,,,,,,,,,0.2141,SAFE,,0,,t3024_0,0.25,NORMAL,LOCAL,SAFE: all tasks permitted (weight=0.25),
1771435998.419,0.1,52.08,4.6707,1.299,50.0,5,,,0.04818,0.0000,0.0000,0.8151,0.0000,0.4818,0.4247,0.2391,SAFE,False,0,9,,,,,,
1771435998.419,0.1,,,,,,,,,,,,,,,0.2391,SAFE,,0,,t3025_0,0.23,NORMAL,OFFLOAD,"Budget exhausted (B=0), offloading. Original: SAFE: all tasks permitted (weight=0.23)",
1771435998.419,0.1,53.07,4.7420,1.253,46.7,5,,,0.04441,0.0000,0.0000,0.4911,0.0000,0.4441,0.4017,0.1886,SAFE,False,0,9,,,,,,
1771435998.419,0.1,,,,,,,,,,,,,,,0.1886,SAFE,,0,,t3026_0,0.28,HIGH,OFFLOAD,"Budget exhausted (B=0), offloading. Original: SAFE: all tasks permitted (weight=0.28)",
1771435998.419,0.1,53.23,4.7192,1.211,43.6,5,,,0.04273,0.0000,0.0000,0.5944,0.0000,0.4273,0.3803,0.1961,SAFE,False,0,9,,,,,,
1771435998.419,0.1,52.73,4.7646,1.171,40.8,4,,,0.04248,0.0000,0.0000,0.3880,0.0000,0.4248,0.3454,0.1620,SAFE,False,0,9,,,,,,
1771435998.419,0.1,52.43,4.7627,1.134,38.1,4,,,0.03612,0.0000,0.0000,0.3968,0.0000,0.3612,0.3269,0.1531,SAFE,False,8,0,,,,,,window_reset|B=8
1771435998.419,0.1,,,,,,,,,,,,,,,0.1531,SAFE,,7,,t3029_0,0.54,HIGH,LOCAL,SAFE: all tasks permitted (weight=0.54),
1771435998.419,0.1,52.96,4.7535,1.176,41.1,4,,,0.03507,0.0000,0.0000,0.4386,0.0000,0.3507,0.3478,0.1616,SAFE,False,7,1,,,,,,
1771435998.419,0.1,,,,,,,,,,,,,,,0.1616,SAFE,,6,,t3030_0,0.60,HIGH,LOCAL,SAFE: all tasks permitted (weight=0.60),
1771435998.419,0.1,52.68,4.7398,1.222,44.4,5,,,0.02966,0.0000,0.0000,0.5009,0.0000,0.2966,0.3859,0.1719,SAFE,False,6,2,,,,,,
1771435998.419,0.1,53.58,4.7513,1.181,41.5,4,,,0.02952,0.0000,0.0000,0.4488,0.0000,0.2952,0.3506,0.1580,SAFE,False,6,2,,,,,,
1771435998.419,0.1,,,,,,,,,,,,,,,0.1580,SAFE,,5,,t3032_0,0.55,LOW,LOCAL,SAFE: all tasks permitted (weight=0.55),
1771435998.420,0.1,53.56,4.7258,1.221,44.4,5,89086.615,55.12156,0.02507,0.0000,1.0000,0.5644,0.0000,0.2507,0.3855,0.4255,WARNING,False,5,3,,,,,,
1771435998.420,0.1,,,,,,,,,,,,,,,0.4255,WARNING,,5,,t3033_0,0.54,NORMAL,OFFLOAD,WARNING: heavy task offloaded (weight=0.54 >= 0.3),
1771435998.420,0.1,53.27,4.7467,1.180,41.5,4,12116.765,4.73380,0.02515,0.0000,1.0000,0.4696,0.0000,0.2515,0.3502,0.4062,WARNING,False,5,3,,,,,,
1771435998.420,0.1,,,,,,,,,,,,,,,0.4062,WARNING,,5,,t3034_0,0.52,LOW,OFFLOAD,WARNING: heavy task offloaded (weight=0.52 >= 0.3),
1771435998.420,0.1,53.84,4.7477,1.143,38.8,4,36328.115,28.41691,0.02538,0.0000,1.0000,0.4651,0.0000,0.2538,0.3314,0.4021,WARNING,False,5,3,,,,,,
1771435998.420,0.1,53.31,4.7609,1.108,36.3,4,34752.324,-3.71714,0.02485,0.0000,1.0000,0.4049,1.0000,0.2485,0.3139,0.5903,CRITICAL,False,5,3,,,,,,
1771435998.420,0.1,53.14,4.7865,1.075,33.9,3,42868.213,23.78612,0.01722,0.0000,1.0000,0.2886,0.0000,0.1722,0.2826,0.3612,WARNING,False,5,3,,,,,,
1771435998.420,0.1,53.53,4.7696,1.045,31.8,3,34312.280,16.03486,0.01781,0.0000,1.0000,0.3656,0.0000,0.1781,0.2674,0.3688,WARNING,False,5,3,,,,,,
1771435998.420,0.1,,,,,,,,,,,,,,,0.3688,WARNING,,5,,t3038_0,0.67,NORMAL,OFFLOAD,WARNING: heavy task offloaded (weight=0.67 >= 0.3),
1771435998.420,0.1,53.14,4.8299,1.017,29.8,3,27796.861,90.03258,0.02533,0.0000,1.0000,0.0914,0.0000,0.2533,0.2533,0.3379,WARNING,False,5,3,,,,,,
1771435998.420,0.1,,,,,,,,,,,,,,,0.3379,WARNING,,5,,t3039_0,0.42,LOW,OFFLOAD,WARNING: heavy task offloaded (weight=0.42 >= 0.3),
1771435998.420,0.1,53.27,4.7937,0.990,27.9,3,-18352.295,42.36807,0.02685,0.0000,0.0000,0.2561,0.0000,0.2685,0.2402,0.1082,SAFE,False,5,3,,,,,,
1771435998.420,0.1,53.04,4.8242,0.966,26.1,2,,,0.03156,0.0000,0.0000,0.1173,0.0000,0.3156,0.2130,0.0894,SAFE,False,5,3,,,,,,
1771435998.420,0.1,,,,,,,,,,,,,,,0.0894,SAFE,,4,,t3041_0,0.40,LOW,LOCAL,SAFE: all tasks permitted (weight=0.40),
1771435998.420,0.1,52.34,4.8048,1.000,28.6,3,,,0.03262,0.0000,0.0000,0.2054,0.0000,0.3262,0.2449,0.1083,SAFE,False,4,4,,,,,,
1771435998.420,0.1,,,,,,,,,,,,,,,0.1083,SAFE,,3,,t3042_0,0.20,NORMAL,LOCAL,SAFE: all tasks permitted (weight=0.20),
1771435998.420,0.1,52.60,4.7828,1.003,28.8,3,,,0.03105,0.0000,0.0000,0.3053,0.0000,0.3105,0.2465,0.1200,SAFE,False,3,5,,,,,,
1771435998.420,0.1,,,,,,,,,,,,,,,0.1200,SAFE,,2,,t3043_0,0.81,NORMAL,LOCAL,SAFE: all tasks permitted (weight=0.81),
1771435998.420,0.1,52.65,4.7747,1.091,35.1,4,,,0.03010,0.0000,0.0000,0.3423,0.0000,0.3010,0.3055,0.1357,SAFE,False,8,0,,,,,,window_reset|B=8
1771435998.420,0.1,,,,,,,,,,,,,,,0.1357,SAFE,,7,,t3044_0,0.32,LOW,LOCAL,SAFE: all tasks permitted (weight=0.32),
1771435998.420,0.1,,,,,,,,,,,,,,,0.1357,SAFE,,6,,t3044_1,0.84,NORMAL,LOCAL,SAFE: all tasks permitted (weight=0.84),
1771435998.420,0.1,52.72,4.7289,1.222,44.5,5,,,0.02965,0.0000,0.0000,0.5504,0.0000,0.2965,0.3862,0.1784,SAFE,False,6,2,,,,,,
1771435998.420,0.1,52.71,4.7324,1.182,41.6,4,,,0.03118,0.0000,0.0000,0.5344,0.0000,0.3118,0.3509,0.1708,SAFE,False,6,2,,,,,,
1771435998.420,0.1,,,,,,,,,,,,,,,0.1708,SAFE,,5,,t3046_0,0.79,HIGH,LOCAL,SAFE: all tasks permitted (weight=0.79),
1771435998.420,0.1,53.53,4.7097,1.255,46.8,5,,,0.03570,0.0000,0.0000,0.6379,0.0000,0.3570,0.4024,0.1991,SAFE,False,5,3,,,,,,
1771435998.420,0.1,,,,,,,,,,,,,,,0.1991,SAFE,,4,,t3047_0,0.27,LOW,LOCAL,SAFE: all tasks permitted (weight=0.27),
1771435998.420,0.1,53.16,4.7365,1.250,46.4,5,,,0.03711,0.0000,0.0000,0.5158,0.0000,0.3711,0.4001,0.1842,SAFE,False,4,4,,,,,,
1771435998.420,0.1,,,,,,,,,,,,,,,0.1842,SAFE,,3,,t3048_0,0.70,CRITICAL,LOCAL,SAFE: all tasks permitted (weight=0.70),
1771435998.420,0.1,53.80,4.7468,1.305,50.4,5,,,0.03751,0.0000,0.0000,0.4692,0.0000,0.3751,0.4276,0.1840,SAFE,False,3,5,,,,,,
1771435998.420,0.1,,,,,,,,,,,,,,,0.1840,SAFE,,2,,t3049_0,0.32,CRITICAL,LOCAL,SAFE: all tasks permitted (weight=0.32),
1771435998.420,0.1,53.94,4.7052,1.303,50.2,5,,,0.04150,0.0000,0.0000,0.6583,0.0000,0.4150,0.4266,0.2124,SAFE,False,2,6,,,,,,
1771435998.420,0.1,54.11,4.7232,1.257,46.9,5,,,0.03772,0.0000,0.0000,0.5766,0.0000,0.3772,0.4035,0.1934,SAFE,False,2,6,,,,,,
1771435998.420,0.1,,,,,,,,,,,,,,,0.1934,SAFE,,1,,t3051_0,0.52,HIGH,LOCAL,SAFE: all tasks permitted (weight=0.52),
1771435998.420,0.1,54.19,4.7320,1.288,49.1,5,,,0.03631,0.0000,0.0000,0.5363,0.0000,0.3631,0.4188,0.1898,SAFE,False,1,7,,,,,,
1771435998.420,0.1,,,,,,,,,,,,,,,0.1898,SAFE,,0,,t3052_0,0.43,HIGH,LOCAL,SAFE: all tasks permitted (weight=0.43),
1771435998.420,0.1,54.31,4.7191,1.303,50.2,5,,,0.02940,0.0000,0.0000,0.5952,0.0000,0.2940,0.4265,0.1921,SAFE,False,0,8,,,,,,
1771435998.420,0.1,,,,,,,,,,,,,,,0.1921,SAFE,,0,,t3053_0,0.58,CRITICAL,OFFLOAD,"Budget exhausted (B=0), offloading. Original: SAFE: all tasks permitted (weight=0.58)",
1771435998.420,0.1,53.94,4.7367,1.257,46.9,5,,,0.02232,0.0000,0.0000,0.5150,0.0000,0.2232,0.4034,0.1699,SAFE,False,0,8,,,,,,
1771435998.420,0.1,,,,,,,,,,,,,,,0.1699,SAFE,,0,,t3054_0,0.38,NORMAL,OFFLOAD,"Budget exhausted (B=0), offloading. Original: SAFE: all tasks permitted (weight=0.38)",
1771435998.420,0.1,54.15,4.7501,1.214,43.8,5,,,0.01797,0.0000,0.0000,0.4539,0.0000,0.1797,0.3818,0.1534,SAFE,False,0,8,,,,,,
1771435998.420,0.1,,,,,,,,,,,,,,,0.1534,SAFE,,0,,t3055_0,0.82,CRITICAL,OFFLOAD,"Budget exhausted (B=0), offloading. Original: SAFE: all tasks permitted (weight=0.82)",
1771435998.420,0.1,54.77,4.7430,1.174,41.0,4,,,0.01338,0.0000,0.0000,0.4865,0.0000,0.1338,0.3468,0.1460,SAFE,False,0,8,,,,,,
1771435998.420,0.1,,,,,,,,,,,,,,,0.1460,SAFE,,0,,t3056_0,0.32,NORMAL,OFFLOAD,"Budget exhausted (B=0), offloading. Original: SAFE: all tasks permitted (weight=0.32)",
1771435998.420,0.1,54.40,4.7553,1.136,38.3,4,,,0.01504,0.0000,0.0000,0.4304,0.0000,0.1504,0.3282,0.1366,SAFE,False,0,8,,,,,,
1771435998.420,0.1,,,,,,,,,,,,,,,0.1366,SAFE,,0,,t3057_0,0.45,CRITICAL,OFFLOAD,"Budget exhausted (B=0), offloading. Original: SAFE: all tasks permitted (weight=0.45)",
1771435998.420,0.1,53.73,4.7687,1.102,35.8,4,,,0.01806,0.0000,0.0000,0.3698,0.0000,0.1806,0.3109,0.1283,SAFE,False,0,8,,,,,,
1771435998.420,0.1,,,,,,,,,,,,,,,0.1283,SAFE,,0,,t3058_0,0.39,NORMAL,OFFLOAD,"Budget exhausted (B=0), offloading. Original: SAFE: all tasks permitted (weight=0.39)",
1771435998.421,0.1,54.06,4.7614,1.070,33.5,3,-3014.778,37.74402,0.01754,0.0000,0.0000,0.4026,0.0000,0.1754,0.2798,0.1258,SAFE,False,8,0,,,,,,window_reset|B=8
1771435998.421,0.1,53.92,4.8068,1.040,31.4,3,-15472.929,73.75871,0.02542,0.0000,0.0000,0.1964,0.0000,0.2542,0.2649,0.1039,SAFE,False,8,0,,,,,,
1771435998.421,0.1,,,,,,,,,,,,,,,0.1039,SAFE,,7,,t3060_0,0.46,NORMAL,LOCAL,SAFE: all tasks permitted (weight=0.46),
1771435998.421,0.1,54.10,4.7680,1.076,34.0,3,-12617.953,48.23246,0.02616,0.0000,0.0000,0.3729,0.0000,0.2616,0.2832,0.1313,SAFE,False,7,1,,,,,,
1771435998.421,0.1,,,,,,,,,,,,,,,0.1313,SAFE,,6,,t3061_0,0.37,NORMAL,LOCAL,SAFE: all tasks permitted (weight=0.37),
1771435998.421,0.1,53.88,4.7760,1.098,35.6,4,-3605.127,38.73191,0.02385,0.0000,0.0000,0.3364,0.0000,0.2385,0.3091,0.1294,SAFE,False,6,2,,,,,,
1771435998.421,0.1,,,,,,,,,,,,,,,0.1294,SAFE,,5,,t3062_0,0.51,LOW,LOCAL,SAFE: all tasks permitted (weight=0.51),
1771435998.421,0.1,53.77,4.7536,1.138,38.4,4,-22596.322,3.39219,0.02205,0.0000,0.0000,0.4383,0.0000,0.2205,0.3289,0.1448,SAFE,False,5,3,,,,,,
1771435998.421,0.1,,,,,,,,,,,,,,,0.1448,SAFE,,4,,t3063_0,0.66,NORMAL,LOCAL,SAFE: all tasks permitted (weight=0.66),
1771435998.421,0.1,54.00,4.7199,1.196,42.5,4,-45780.965,-22.77973,0.02336,0.0000,0.0000,0.5915,1.0000,0.2336,0.3578,0.3718,WARNING,False,4,4,,,,,,
1771435998.421,0.1,53.64,4.7193,1.157,39.8,4,-44580.376,-35.52097,0.02333,0.0000,0.0000,0.5941,1.0000,0.2333,0.3384,0.3683,WARNING,False,4,4,,,,,,
1771435998.421,0.1,,,,,,,,,,,,,,,0.3683,WARNING,,4,,t3065_0,0.47,LOW,OFFLOAD,WARNING: heavy task offloaded (weight=0.47 >= 0.3),
1771435998.421,0.1,54.67,4.7619,1.121,37.2,4,55525.875,-6.70289,0.02273,0.0000,1.0000,0.4006,1.0000,0.2273,0.3204,0.5889,CRITICAL,False,4,4,,,,,,
1771435998.421,0.1,,,,,,,,,,,,,,,0.5889,CRITICAL,,4,,t3066_0,0.28,HIGH,OFFLOAD,CRITICAL: non-critical task offloaded (priority=HIGH),
1771435998.421,0.1,53.83,4.7513,1.087,34.8,3,,,0.02270,0.0000,0.0000,0.4488,0.0000,0.2270,0.2886,0.1388,WARNING,False,4,4,,,,,,
1771435998.421,0.1,,,,,,,,,,,,,,,0.1388,WARNING,,4,,t3067_0,0.37,CRITICAL,OFFLOAD,WARNING: heavy task offloaded (weight=0.37 >= 0.3),
1771435998.421,0.1,53.49,4.7833,1.056,32.6,3,,,0.02334,0.0000,0.0000,0.3031,0.0000,0.2334,0.2731,0.1174,SAFE,False,4,4,,,,,,
1771435998.421,0.1,,,,,,,,,,,,,,,0.1174,SAFE,,3,,t3068_0,0.47,NORMAL,LOCAL,SAFE: all tasks permitted (weight=0.47),
1771435998.421,0.1,54.21,4.7850,1.093,35.2,4,,,0.02422,0.0000,0.0000,0.2955,0.0000,0.2422,0.3066,0.1240,SAFE,False,3,5,,,,,,
1771435998.421,0.1,,,,,,,,,,,,,,,0.1240,SAFE,,2,,t3069_0,0.30,HIGH,LOCAL,SAFE: all tasks permitted (weight=0.30),
1771435998.421,0.1,54.16,4.7727,1.103,36.0,4,,,0.02433,0.0000,0.0000,0.3514,0.0000,0.2433,0.3117,0.1323,SAFE,False,2,6,,,,,,
1771435998.421,0.1,53.91,4.8000,1.071,33.6,3,,,0.02633,0.0000,0.0000,0.2275,0.0000,0.2633,0.2805,0.1120,SAFE,False,2,6,,,,,,
1771435998.421,0.1,53.88,4.8083,1.041,31.5,3,,,0.02653,0.0000,0.0000,0.1896,0.0000,0.2653,0.2655,0.1043,SAFE,False,2,6,,,,,,
1771435998.421,0.1,54.29,4.7879,1.013,29.5,3,,,0.02718,0.0000,0.0000,0.2822,0.0000,0.2718,0.2516,0.1142,SAFE,False,2,6,,,,,,
1771435998.421,0.1,,,,,,,,,,,,,,,0.1142,SAFE,,1,,t3073_0,0.68,HIGH,LOCAL,SAFE: all tasks permitted (weight=0.68),
1771435998.421,0.1,53.80,4.7475,1.082,34.5,3,,,0.02764,0.0000,0.0000,0.4660,0.0000,0.2764,0.2862,0.1455,SAFE,False,8,0,,,,,,window_reset|B=8
1771435998.421,0.1,,,,,,,,,,,,,,,0.1455,SAFE,,7,,t3074_0,0.24,HIGH,LOCAL,SAFE: all tasks permitted (weight=0.24),
1771435998.421,0.1,53.85,4.7750,1.085,34.6,3,,,0.02748,0.0000,0.0000,0.3410,0.0000,0.2748,0.2874,0.1293,SAFE,False,7,1,,,,,,
1771435998.421,0.1,,,,,,,,,,,,,,,0.1293,SAFE,,6,,t3075_0,0.30,LOW,LOCAL,SAFE: all tasks permitted (weight=0.30),
1771435998.421,0.1,53.41,4.8119,1.096,35.4,4,,,0.02586,0.0000,0.0000,0.1733,0.0000,0.2586,0.3078,0.1100,SAFE,False,6,2,,,,,,
1771435998.421,0.1,,,,,,,,,,,,,,,0.1100,SAFE,,5,,t3076_0,0.32,NORMAL,LOCAL,SAFE: all tasks permitted (weight=0.32),
1771435998.421,0.1,,,,,,,,,,,,,,,0.1100,SAFE,,4,,t3076_1,0.57,HIGH,LOCAL,SAFE: all tasks permitted (weight=0.57),
1771435998.421,0.1,53.89,4.7112,1.191,42.2,4,,,0.02738,0.0000,0.0000,0.6309,0.0000,0.2738,0.3554,0.1805,SAFE,False,4,4,,,,,,
1771435998.421,0.1,,,,,,,,,,,,,,,0.1805,SAFE,,3,,t3077_0,0.48,HIGH,LOCAL,SAFE: all tasks permitted (weight=0.48),
1771435998.421,0.1,53.75,4.7813,1.220,44.3,5,,,0.02715,0.0000,0.0000,0.3122,0.0000,0.2715,0.3848,0.1447,SAFE,False,3,5,,,,,,
1771435998.421,0.1,,,,,,,,,,,,,,,0.1447,SAFE,,2,,t3078_0,0.44,NORMAL,LOCAL,SAFE: all tasks permitted (weight=0.44),
1771435998.421,0.1,,,,,,,,,,,,,,,0.1447,SAFE,,1,,t3078_1,0.61,NORMAL,LOCAL,SAFE: all tasks permitted (weight=0.61),
1771435998.421,0.1,54.11,4.7046,1.327,52.0,6,,,0.03314,0.0000,0.0000,0.6610,0.0000,0.3314,0.4537,0.2098,SAFE,False,1,7,,,,,,
1771435998.421,0.1,,,,,,,,,,,,,,,0.2098,SAFE,,0,,t3079_0,0.22,LOW,LOCAL,SAFE: all tasks permitted (weight=0.22),
1771435998.421,0.1,,,,,,,,,,,,,,,0.2098,SAFE,,0,,t3079_1,0.26,HIGH,OFFLOAD,"Budget exhausted (B=0), offloading. Original: SAFE: all tasks permitted (weight=0.26)",
1771435998.421,0.1,54.36,4.6667,1.310,50.7,5,,,0.04387,0.0000,0.0000,0.8334,0.0000,0.4387,0.4302,0.2383,SAFE,False,0,8,,,,,,
1771435998.421,0.1,,,,,,,,,,,,,,,0.2383,SAFE,,0,,t3080_0,0.50,LOW,OFFLOAD,"Budget exhausted (B=0), offloading. Original: SAFE: all tasks permitted (weight=0.50)",
1771435998.421,0.1,53.88,4.7698,1.264,47.4,5,,,0.04343,0.0000,0.0000,0.3644,0.0000,0.4343,0.4068,0.1722,SAFE,False,0,8,,,,,,
1771435998.421,0.1,54.39,4.7944,1.220,44.3,5,,,0.04430,0.0000,0.0000,0.2528,0.0000,0.4430,0.3851,0.1542,SAFE,False,0,8,,,,,,
1771435998.421,0.1,,,,,,,,,,,,,,,0.1542,SAFE,,0,,t3082_0,0.34,CRITICAL,OFFLOAD,"Budget exhausted (B=0), offloading. Original: SAFE: all tasks permitted (weight=0.34)",
1771435998.421,0.1,54.05,4.7151,1.180,41.4,4,,,0.04464,0.0000,0.0000,0.6132,0.0000,0.4464,0.3498,0.1943,SAFE,False,0,8,,,,,,
1771435998.421,0.1,,,,,,,,,,,,,,,0.1943,SAFE,,0,,t3083_0,0.62,HIGH,OFFLOAD,"Budget exhausted (B=0), offloading. Original: SAFE: all tasks permitted (weight=0.62)",
1771435998.421,0.1,54.25,4.7514,1.142,38.7,4,,,0.04178,0.0000,0.0000,0.4480,0.0000,0.4178,0.3310,0.1662,SAFE,False,0,8,,,,,,
1771435998.422,0.1,,,,,,,,,,,,,,,0.1662,SAFE,,0,,t3084_0,0.37,CRITICAL,OFFLOAD,"Budget exhausted (B=0), offloading. Original: SAFE: all tasks permitted (weight=0.37)",
1771435998.422,0.1,54.54,4.7658,1.107,36.2,4,37314.085,52.84259,0.04060,0.0000,1.0000,0.3827,0.0000,0.4060,0.3135,0.4031,WARNING,False,0,8,,,,,,
1771435998.422,0.1,53.96,4.7751,1.074,33.9,3,12156.819,-5.97421,0.04120,0.0000,1.0000,0.3403,1.0000,0.4120,0.2822,0.5919,CRITICAL,False,0,8,,,,,,
1771435998.422,0.1,,,,,,,,,,,,,,,0.5919,CRITICAL,,0,,t3086_0,0.42,NORMAL,OFFLOAD,CRITICAL: non-critical task offloaded (priority=NORMAL),
1771435998.422,0.1,54.29,4.7649,1.044,31.7,3,10629.379,58.36042,0.04082,0.0000,1.0000,0.3869,0.0000,0.4082,0.2671,0.3945,WARNING,False,0,8,,,,,,
1771435998.422,0.1,,,,,,,,,,,,,,,0.3945,WARNING,,0,,t3087_0,0.36,LOW,OFFLOAD,WARNING: heavy task offloaded (weight=0.36 >= 0.3),
1771435998.422,0.1,54.17,4.7593,1.016,29.7,3,-10591.744,89.66945,0.03667,0.0000,0.0000,0.4122,0.0000,0.3667,0.2530,0.1409,SAFE,False,0,8,,,,,,
1771435998.422,0.1,,,,,,,,,,,,,,,0.1409,SAFE,,0,,t3088_0,0.28,NORMAL,OFFLOAD,"Budget exhausted (B=0), offloading. Original: SAFE: all tasks permitted (weight=0.28)",
1771435998.422,0.1,53.87,4.8255,0.990,27.8,3,-494.586,53.82370,0.04083,0.0000,0.0000,0.1116,0.0000,0.4083,0.2399,0.1033,SAFE,False,8,0,,,,,,window_reset|B=8
1771435998.422,0.1,,,,,,,,,,,,,,,0.1033,SAFE,,7,,t3089_0,0.25,LOW,LOCAL,SAFE: all tasks permitted (weight=0.25),
1771435998.422,0.1,53.80,4.8082,1.000,28.6,3,-34759.387,13.40628,0.04284,0.0000,0.0000,0.1898,0.0000,0.4284,0.2451,0.1165,SAFE,False,7,1,,,,,,
1771435998.422,0.1,,,,,,,,,,,,,,,0.1165,SAFE,,6,,t3090_0,0.74,LOW,LOCAL,SAFE: all tasks permitted (weight=0.74),
1771435998.422,0.1,,,,,,,,,,,,,,,0.1165,SAFE,,5,,t3090_1,0.80,HIGH,LOCAL,SAFE: all tasks permitted (weight=0.80),
1771435998.422,0.1,53.55,4.7225,1.192,42.3,4,-28733.012,7.16515,0.04122,0.0000,0.0000,0.5795,0.0000,0.4122,0.3560,0.1877,SAFE,False,5,3,,,,,,
1771435998.422,0.1,,,,,,,,,,,,,,,0.1877,SAFE,,4,,t3091_0,0.43,NORMAL,LOCAL,SAFE: all tasks permitted (weight=0.43),
1771435998.422,0.1,53.75,4.6873,1.215,43.9,5,-29508.619,-62.08500,0.03756,0.0000,0.0000,0.7396,1.0000,0.3756,0.3824,0.4102,WARNING,False,4,4,,,,,,
1771435998.422,0.1,,,,,,,,,,,,,,,0.4102,WARNING,,4,,t3092_0,0.50,CRITICAL,OFFLOAD,WARNING: heavy task offloaded (weight=0.50 >= 0.3),
1771435998.422,0.1,,,,,,,,,,,,,,,0.4102,WARNING,,3,,t3092_1,0.21,LOW,LOCAL,WARNING: lightweight task permitted (weight=0.21 < 0.3),
1771435998.422,0.1,53.64,4.7622,1.204,43.1,5,,,0.03748,0.0000,0.0000,0.3989,0.0000,0.3748,0.3769,0.1647,SAFE,False,3,5,,,,,,
1771435998.423,0.1,,,,,,,,,,,,,,,0.1647,SAFE,,2,,t3093_0,0.60,NORMAL,LOCAL,SAFE: all tasks permitted (weight=0.60),
1771435998.423,0.1,53.72,4.7350,1.250,46.4,5,-28319.369,-79.14732,0.03665,0.0000,0.0000,0.5229,1.0000,0.3665,0.3999,0.3846,WARNING,False,2,6,,,,,,
1771435998.423,0.1,54.25,4.7847,1.207,43.4,5,-5328.538,39.02041,0.03520,0.0000,0.0000,0.2969,0.0000,0.3520,0.3786,0.1495,SAFE,False,2,6,,,,,,
1771435998.423,0.1,,,,,,,,,,,,,,,0.1495,SAFE,,1,,t3095_0,0.78,LOW,LOCAL,SAFE: all tasks permitted (weight=0.78),
1771435998.423,0.1,54.14,4.7138,1.279,48.5,5,-4297.467,-89.69812,0.03758,0.0000,0.0000,0.6192,1.0000,0.3758,0.4144,0.4009,WARNING,False,1,7,,,,,,
1771435998.423,0.1,,,,,,,,,,,,,,,0.4009,WARNING,,1,,t3096_0,0.42,LOW,OFFLOAD,WARNING: heavy task offloaded (weight=0.42 >= 0.3),
1771435998.423,0.1,54.57,4.6919,1.234,45.3,5,82637.748,-263.07854,0.04173,0.0000,1.0000,0.7185,1.0000,0.4173,0.3921,0.6636,CRITICAL,False,1,7,,,,,,
1771435998.423,0.1,,,,,,,,,,,,,,,0.6636,CRITICAL,,1,,t3097_0,0.22,LOW,OFFLOAD,CRITICAL: non-critical task offloaded (priority=LOW),
1771435998.423,0.1,54.40,4.7915,1.193,42.3,4,71035.506,-32.99020,0.04271,0.0000,1.0000,0.2659,1.0000,0.4271,0.3564,0.5985,CRITICAL,False,1,7,,,,,,
1771435998.423,0.1,,,,,,,,,,,,,,,0.5985,CRITICAL,,1,,t3098_0,0.28,LOW,OFFLOAD,CRITICAL: non-critical task offloaded (priority=LOW),
1771435998.423,0.1,54.26,4.7332,1.154,39.6,4,83739.234,21.09344,0.04292,0.0000,1.0000,0.5308,0.0000,0.4292,0.3371,0.4293,CRITICAL,False,1,7,,,,,,
1771435998.423,0.1,,,,,,,,,,,,,,,0.4293,CRITICAL,,1,,t3099_0,0.60,HIGH,OFFLOAD,CRITICAL: non-critical task offloaded (priority=HIGH),
1771435998.423,0.1,54.09,4.7709,1.118,37.0,4,41259.018,164.78590,0.04322,0.0000,1.0000,0.3594,0.0000,0.4322,0.3192,0.4038,WARNING,False,1,7,,,,,,
1771435998.423,0.1,,,,,,,,,,,,,,,0.4038,WARNING,,1,,t3100_0,0.81,CRITICAL,OFFLOAD,WARNING: heavy task offloaded (weight=0.81 >= 0.3),
1771435998.423,0.1,54.29,4.8159,1.085,34.6,3,77296.319,105.63822,0.04193,0.0000,1.0000,0.1551,0.0000,0.4193,0.2875,0.3696,WARNING,False,1,7,,,,,,
1771435998.423,0.1,,,,,,,,,,,,,,,0.3696,WARNING,,1,,t3101_0,0.41,LOW,OFFLOAD,WARNING: heavy task offloaded (weight=0.41 >= 0.3),
1771435998.423,0.1,54.04,4.7851,1.054,32.4,3,,,0.03975,0.0000,0.0000,0.2952,0.0000,0.3975,0.2720,0.1325,SAFE,False,1,7,,,,,,
1771435998.423,0.1,53.93,4.8063,1.025,30.4,3,,,0.04170,0.0000,0.0000,0.1988,0.0000,0.4170,0.2576,0.1191,SAFE,False,1,7,,,,,,
1771435998.423,0.1,,,,,,,,,,,,,,,0.1191,SAFE,,0,,t3103_0,0.71,HIGH,LOCAL,SAFE: all tasks permitted (weight=0.71),
1771435998.423,0.1,54.84,4.7936,1.100,35.7,4,,,0.03710,0.0000,0.0000,0.2565,0.0000,0.3710,0.3098,0.1324,SAFE,False,8,0,,,,,,window_reset|B=8
1771435998.423,0.1,,,,,,,,,,,,,,,0.1324,SAFE,,7,,t3104_0,0.55,LOW,LOCAL,SAFE: all tasks permitted (weight=0.55),
1771435998.423,0.1,54.06,4.7384,1.145,38.9,4,,,0.03784,0.0000,0.0000,0.5074,0.0000,0.3784,0.3326,0.1703,SAFE,False,7,1,,,,,,
1771435998.423,0.1,,,,,,,,,,,,,,,0.1703,SAFE,,6,,t3105_0,0.80,HIGH,LOCAL,SAFE: all tasks permitted (weight=0.80),
1771435998.423,0.1,54.72,4.7110,1.224,44.5,5,,,0.03987,0.0000,0.0000,0.6320,0.0000,0.3987,0.3868,0.1994,SAFE,False,6,2,,,,,,
1771435998.423,0.1,54.50,4.7454,1.183,41.6,4,,,0.03943,0.0000,0.0000,0.4756,0.0000,0.3943,0.3514,0.1715,SAFE,False,6,2,,,,,,
1771435998.423,0.1,,,,,,,,,,,,,,,0.1715,SAFE,,5,,t3107_0,0.83,NORMAL,LOCAL,SAFE: all tasks permitted (weight=0.83),
1771435998.423,0.1,54.38,4.7179,1.263,47.4,5,,,0.03906,0.0000,0.0000,0.6007,0.0000,0.3906,0.4066,0.1985,SAFE,False,5,3,,,,,,
1771435998.423,0.1,54.87,4.7328,1.220,44.3,5,,,0.03465,0.0000,0.0000,0.5329,0.0000,0.3465,0.3849,0.1809,SAFE,False,5,3,,,,,,
1771435998.423,0.1,54.39,4.7423,1.179,41.4,4,,,0.03380,0.0000,0.0000,0.4895,0.0000,0.3380,0.3497,0.1674,SAFE,False,5,3,,,,,,
1771435998.423,0.1,,,,,,,,,,,,,,,0.1674,SAFE,,4,,t3110_0,0.60,NORMAL,LOCAL,SAFE: all tasks permitted (weight=0.60),
1771435998.423,0.1,54.82,4.7256,1.227,44.8,5,,,0.03432,0.0000,0.0000,0.5655,0.0000,0.3432,0.3885,0.1855,SAFE,False,4,4,,,,,,
1771435998.423,0.1,,,,,,,,,,,,,,,0.1855,SAFE,,3,,t3111_0,0.42,NORMAL,LOCAL,SAFE: all tasks permitted (weight=0.42),
1771435998.423,0.1,55.10,4.7300,1.246,46.2,5,,,0.03480,0.0000,0.0000,0.5453,0.0000,0.3480,0.3981,0.1853,SAFE,False,3,5,,,,,,
1771435998.423,0.1,,,,,,,,,,,,,,,0.1853,SAFE,,2,,t3112_0,0.50,HIGH,LOCAL,SAFE: all tasks permitted (weight=0.50),
1771435998.423,0.1,54.97,4.7092,1.275,48.2,5,,,0.03122,0.0000,0.0000,0.6400,0.0000,0.3122,0.4126,0.1969,SAFE,False,2,6,,,,,,
1771435998.423,0.1,,,,,,,,,,,,,,,0.1969,SAFE,,1,,t3113_0,0.68,LOW,LOCAL,SAFE: all tasks permitted (weight=0.68),
1771435998.423,0.1,54.96,4.7170,1.327,51.9,6,,,0.02952,0.0000,0.0000,0.6046,0.0000,0.2952,0.4535,0.1988,SAFE,False,1,7,,,,,,
1771435998.423,0.1,55.40,4.7095,1.279,48.5,5,,,0.02244,0.0000,0.0000,0.6384,0.0000,0.2244,0.4145,0.1883,SAFE,False,1,7,,,,,,
1771435998.423,0.1,55.52,4.7233,1.234,45.3,5,,,0.01219,0.0000,0.0000,0.5760,0.0000,0.1219,0.3922,0.1655,SAFE,False,1,7,,,,,,
1771435998.423,0.1,55.15,4.7764,1.193,42.4,4,,,0.01850,0.0000,0.0000,0.3347,0.0000,0.1850,0.3565,0.1333,SAFE,False,1,7,,,,,,
1771435998.423,0.1,,,,,,,,,,,,,,,0.1333,SAFE,,0,,t3117_0,0.38,NORMAL,LOCAL,SAFE: all tasks permitted (weight=0.38),
1771435998.423,0.1,55.03,4.7366,1.208,43.4,5,,,0.01784,0.0000,0.0000,0.5156,0.0000,0.1784,0.3789,0.1607,SAFE,False,0,8,,,,,,
1771435998.423,0.1,55.54,4.7781,1.168,40.6,4,,,0.02193,0.0000,0.0000,0.3269,0.0000,0.2193,0.3441,0.1333,SAFE,False,8,0,,,,,,window_reset|B=8
1771435998.423,0.1,,,,,,,,,,,,,,,0.1333,SAFE,,7,,t3119_0,0.37,CRITICAL,LOCAL,SAFE: all tasks permitted (weight=0.37),
1771435998.423,0.1,55.29,4.7665,1.184,41.7,4,,,0.02317,0.0000,0.0000,0.3798,0.0000,0.2317,0.3522,0.1430,SAFE,False,7,1,,,,,,
1771435998.423,0.1,,,,,,,,,,,,,,,0.1430,SAFE,,6,,t3120_0,0.46,NORMAL,LOCAL,SAFE: all tasks permitted (weight=0.46),
1771435998.423,0.1,55.41,4.7182,1.211,43.7,5,,,0.02375,0.0000,0.0000,0.5993,0.0000,0.2375,0.3807,0.1778,SAFE,False,6,2,,,,,,
1771435998.423,0.1,55.72,4.7409,1.172,40.8,4,,,0.02372,0.0000,0.0000,0.4960,0.0000,0.2372,0.3458,0.1574,SAFE,False,6,2,,,,,,
1771435998.424,0.1,54.91,4.7752,1.134,38.2,4,-28726.791,63.51567,0.02579,0.0000,0.0000,0.3400,0.0000,0.2579,0.3272,0.1354,SAFE,False,6,2,,,,,,
1771435998.424,0.1,,,,,,,,,,,,,,,0.1354,SAFE,,5,,t3123_0,0.62,NORMAL,LOCAL,SAFE: all tasks permitted (weight=0.62),
1771435998.424,0.1,55.08,4.7236,1.188,42.0,4,-26008.941,0.28044,0.02606,0.0000,0.0000,0.5747,0.0000,0.2606,0.3539,0.1716,SAFE,False,5,3,,,,,,
1771435998.424,0.1,,,,,,,,,,,,,,,0.1716,SAFE,,4,,t3124_0,0.71,LOW,LOCAL,SAFE: all tasks permitted (weight=0.71),
1771435998.424,0.1,55.19,4.7156,1.251,46.5,5,2455.737,-58.81939,0.02550,0.0000,1.0000,0.6111,1.0000,0.2550,0.4007,0.6351,WARNING,False,4,4,,,,,,
1771435998.424,0.1,,,,,,,,,,,,,,,0.6351,WARNING,,4,,t3125_0,0.64,LOW,OFFLOAD,WARNING: heavy task offloaded (weight=0.64 >= 0.3),
1771435998.424,0.1,55.66,4.7422,1.209,43.5,5,36903.580,5.47367,0.02453,0.0000,1.0000,0.4899,0.0000,0.2453,0.3793,0.4141,WARNING,False,4,4,,,,,,
1771435998.424,0.1,55.09,4.7471,1.169,40.6,4,-26028.651,-29.92906,0.02248,0.0000,0.0000,0.4675,1.0000,0.2248,0.3445,0.3522,WARNING,False,4,4,,,,,,
1771435998.424,0.1,55.64,4.7337,1.132,38.0,4,20877.833,-31.71709,0.02181,0.0000,1.0000,0.5288,1.0000,0.2181,0.3261,0.6058,CRITICAL,False,4,4,,,,,,
1771435998.424,0.1,55.32,4.7740,1.098,35.6,4,-5483.148,53.99391,0.02154,0.0000,0.0000,0.3457,0.0000,0.2154,0.3089,0.1283,WARNING,False,4,4,,,,,,
1771435998.424,0.1,,,,,,,,,,,,,,,0.1283,WARNING,,4,,t3129_0,0.78,NORMAL,OFFLOAD,WARNING: heavy task offloaded (weight=0.78 >= 0.3),
1771435998.424,0.1,55.02,4.8113,1.066,33.3,3,-40777.167,68.09867,0.02781,0.0000,0.0000,0.1761,0.0000,0.2781,0.2780,0.1063,SAFE,False,4,4,,,,,,
1771435998.424,0.1,,,,,,,,,,,,,,,0.1063,SAFE,,3,,t3130_0,0.84,CRITICAL,LOCAL,SAFE: all tasks permitted (weight=0.84),
1771435998.424,0.1,55.63,4.7680,1.156,39.7,4,,,0.02716,0.0000,0.0000,0.3726,0.0000,0.2716,0.3378,0.1431,SAFE,False,3,5,,,,,,
1771435998.424,0.1,,,,,,,,,,,,,,,0.1431,SAFE,,2,,t3131_0,0.33,NORMAL,LOCAL,SAFE: all tasks permitted (weight=0.33),
1771435998.424,0.1,,,,,,,,,,,,,,,0.1431,SAFE,,1,,t3131_1,0.70,NORMAL,LOCAL,SAFE: all tasks permitted (weight=0.70),
1771435998.424,0.1,55.38,4.7096,1.266,47.6,5,,,0.02901,0.0000,0.0000,0.6384,0.0000,0.2901,0.4080,0.1936,SAFE,False,1,7,,,,,,
1771435998.424,0.1,55.67,4.7343,1.222,44.4,5,,,0.02802,0.0000,0.0000,0.5261,0.0000,0.2802,0.3861,0.1736,SAFE,False,1,7,,,,,,
1771435998.424,0.1,,,,,,,,,,,,,,,0.1736,SAFE,,0,,t3133_0,0.66,HIGH,LOCAL,SAFE: all tasks permitted (weight=0.66),
1771435998.424,0.1,,,,,,,,,,,,,,,0.1736,SAFE,,0,,t3133_1,0.59,CRITICAL,OFFLOAD,"Budget exhausted (B=0), offloading. Original: SAFE: all tasks permitted (weight=0.59)",
1771435998.424,0.1,55.69,4.6702,1.275,48.2,5,,,0.03535,0.0000,0.0000,0.8172,0.0000,0.3535,0.4126,0.2241,SAFE,False,7,0,,,,,,window_reset|B=7
1771435998.424,0.1,,,,,,,,,,,,,,,0.2241,SAFE,,6,,t3134_0,0.81,HIGH,LOCAL,SAFE: all tasks permitted (weight=0.81),
1771435998.424,0.1,55.39,4.7173,1.347,53.3,6,,,0.03444,0.0000,0.0000,0.6033,0.0000,0.3444,0.4633,0.2055,SAFE,False,6,1,,,,,,
1771435998.424,0.1,,,,,,,,,,,,,,,0.2055,SAFE,,5,,t3135_0,0.65,NORMAL,LOCAL,SAFE: all tasks permitted (weight=0.65),
1771435998.424,0.1,56.12,4.6956,1.391,56.5,6,,,0.03618,0.0000,0.0000,0.7016,0.0000,0.3618,0.4853,0.2245,SAFE,False,5,2,,,,,,
1771435998.424,0.1,,,,,,,,,,,,,,,0.2245,SAFE,,4,,t3136_0,0.35,HIGH,LOCAL,SAFE: all tasks permitted (weight=0.35),
1771435998.424,0.1,56.58,4.6507,1.388,56.3,6,,,0.04290,0.0000,0.0000,0.9061,0.0000,0.4290,0.4839,0.2575,WARNING,False,4,3,,,,,,
1771435998.424,0.1,,,,,,,,,,,,,,,0.2575,WARNING,,4,,t3137_0,0.60,LOW,OFFLOAD,WARNING: heavy task offloaded (weight=0.60 >= 0.3),
1771435998.424,0.1,56.54,4.6826,1.336,52.5,6,,,0.04455,0.0000,0.0000,0.7607,0.0000,0.4455,0.4578,0.2350,WARNING,False,4,3,,,,,,
1771435998.424,0.1,56.28,4.7320,1.287,49.1,5,,,0.04411,0.0000,0.0000,0.5364,0.0000,0.4411,0.4185,0.1975,WARNING,False,4,3,,,,,,
1771435998.424,0.1,,,,,,,,,,,,,,,0.1975,WARNING,,4,,t3139_0,0.42,NORMAL,OFFLOAD,WARNING: heavy task offloaded (weight=0.42 >= 0.3),
1771435998.424,0.1,56.55,4.7024,1.242,45.9,5,,,0.04434,0.0000,0.0000,0.6708,0.0000,0.4434,0.3960,0.2107,WARNING,False,4,3,,,,,,
1771435998.424,0.1,,,,,,,,,,,,,,,0.2107,WARNING,,4,,t3140_0,0.61,HIGH,OFFLOAD,WARNING: heavy task offloaded (weight=0.61 >= 0.3),
1771435998.424,0.1,56.30,4.7447,1.200,42.9,4,,,0.04209,0.0000,0.0000,0.4787,0.0000,0.4209,0.3600,0.1763,SAFE,False,4,3,,,,,,
1771435998.424,0.1,56.26,4.7701,1.161,40.1,4,,,0.03553,0.0000,0.0000,0.3633,0.0000,0.3553,0.3404,0.1508,SAFE,False,4,3,,,,,,
1771435998.424,0.1,,,,,,,,,,,,,,,0.1508,SAFE,,3,,t3142_0,0.30,NORMAL,LOCAL,SAFE: all tasks permitted (weight=0.30),
1771435998.424,0.1,56.27,4.7800,1.168,40.6,4,,,0.03713,0.0000,0.0000,0.3184,0.0000,0.3713,0.3439,0.1473,SAFE,False,3,4,,,,,,
1771435998.424,0.1,,,,,,,,,,,,,,,0.1473,SAFE,,2,,t3143_0,0.46,NORMAL,LOCAL,SAFE: all tasks permitted (weight=0.46),
1771435998.424,0.1,57.02,4.7379,1.197,42.7,4,,,0.03756,0.0000,0.0000,0.5094,0.0000,0.3756,0.3586,0.1755,SAFE,False,2,5,,,,,,
1771435998.424,0.1,,,,,,,,,,,,,,,0.1755,SAFE,,1,,t3144_0,0.66,HIGH,LOCAL,SAFE: all tasks permitted (weight=0.66),
1771435998.424,0.1,56.59,4.7052,1.252,46.6,5,,,0.03738,0.0000,0.0000,0.6582,0.0000,0.3738,0.4011,0.2032,SAFE,False,1,6,,,,,,
1771435998.424,0.1,,,,,,,,,,,,,,,0.2032,SAFE,,0,,t3145_0,0.76,CRITICAL,LOCAL,SAFE: all tasks permitted (weight=0.76),
1771435998.424,0.1,,,,,,,,,,,,,,,0.2032,SAFE,,0,,t3145_1,0.50,HIGH,OFFLOAD,"Budget exhausted (B=0), offloading. Original: SAFE: all tasks permitted (weight=0.50)",
1771435998.424,0.1,56.62,4.7011,1.319,51.3,6,,,0.03516,0.0000,0.0000,0.6768,0.0000,0.3516,0.4493,0.2130,SAFE,False,0,7,,,,,,
1771435998.424,0.1,,,,,,,,,,,,,,,0.2130,SAFE,,0,,t3146_0,0.58,NORMAL,OFFLOAD,"Budget exhausted (B=0), offloading. Original: SAFE: all tasks permitted (weight=0.58)",
1771435998.424,0.1,56.74,4.7227,1.271,47.9,5,,,0.03517,0.0000,0.0000,0.5788,0.0000,0.3517,0.4106,0.1925,SAFE,False,0,7,,,,,,
1771435998.424,0.1,,,,,,,,,,,,,,,0.1925,SAFE,,0,,t3147_0,0.27,NORMAL,OFFLOAD,"Budget exhausted (B=0), offloading. Original: SAFE: all tasks permitted (weight=0.27)",
1771435998.424,0.1,56.60,4.7140,1.227,44.8,5,,,0.03453,0.0000,0.0000,0.6181,0.0000,0.3453,0.3886,0.1926,SAFE,False,0,7,,,,,,
1771435998.425,0.1,,,,,,,,,,,,,,,0.1926,SAFE,,0,,t3148_0,0.77,HIGH,OFFLOAD,"Budget exhausted (B=0), offloading. Original: SAFE: all tasks permitted (weight=0.77)",
1771435998.425,0.1,56.31,4.7598,1.186,41.9,4,581.563,15.44902,0.02891,0.0000,1.0000,0.4102,0.0000,0.2891,0.3531,0.4029,WARNING,False,5,0,,,,,,window_reset|B=5
1771435998.425,0.1,,,,,,,,,,,,,,,0.4029,WARNING,,5,,t3149_0,0.45,NORMAL,OFFLOAD,WARNING: heavy task offloaded (weight=0.45 >= 0.3),
1771435998.425,0.1,56.33,4.7420,1.148,39.2,4,4489.554,-28.76811,0.02535,0.0000,1.0000,0.4908,1.0000,0.2535,0.3341,0.6060,CRITICAL,False,5,0,,,,,,
1771435998.425,0.1,,,,,,,,,,,,,,,0.6060,CRITICAL,,5,,t3150_0,0.62,HIGH,OFFLOAD,CRITICAL: non-critical task offloaded (priority=HIGH),
1771435998.425,0.1,55.90,4.7769,1.113,36.6,4,-22445.432,-3.11751,0.02791,0.0000,0.0000,0.3322,1.0000,0.2791,0.3164,0.3344,WARNING,False,5,0,,,,,,
1771435998.425,0.1,56.54,4.7894,1.080,34.3,3,-29371.824,52.72965,0.02899,0.0000,0.0000,0.2756,0.0000,0.2899,0.2849,0.1218,SAFE,False,5,0,,,,,,
1771435998.425,0.1,,,,,,,,,,,,,,,0.1218,SAFE,,4,,t3152_0,0.32,NORMAL,LOCAL,SAFE: all tasks permitted (weight=0.32),
1771435998.425,0.1,56.32,4.7730,1.095,35.4,4,-16578.865,69.49643,0.02997,0.0000,0.0000,0.3501,0.0000,0.2997,0.3075,0.1370,SAFE,False,4,1,,,,,,
1771435998.425,0.1,56.29,4.7915,1.063,33.1,3,-20189.900,92.63762,0.03183,0.0000,0.0000,0.2661,0.0000,0.3183,0.2767,0.1217,SAFE,False,4,1,,,,,,
1771435998.425,0.1,,,,,,,,,,,,,,,0.1217,SAFE,,3,,t3154_0,0.64,HIGH,LOCAL,SAFE: all tasks permitted (weight=0.64),
1771435998.425,0.1,,,,,,,,,,,,,,,0.1217,SAFE,,2,,t3154_1,0.21,LOW,LOCAL,SAFE: all tasks permitted (weight=0.21),
1771435998.425,0.1,55.88,4.7592,1.155,39.7,4,-53152.545,37.45164,0.03067,0.0000,0.0000,0.4127,0.0000,0.3067,0.3376,0.1518,SAFE,False,2,3,,,,,,
1771435998.425,0.1,,,,,,,,,,,,,,,0.1518,SAFE,,1,,t3155_0,0.43,HIGH,LOCAL,SAFE: all tasks permitted (weight=0.43),
1771435998.425,0.1,56.27,4.7340,1.181,41.5,4,-20336.641,20.44749,0.03079,0.0000,0.0000,0.5274,0.0000,0.3079,0.3506,0.1695,SAFE,False,1,4,,,,,,
1771435998.425,0.1,56.69,4.7533,1.143,38.8,4,,,0.02805,0.0000,0.0000,0.4393,0.0000,0.2805,0.3317,0.1515,SAFE,False,1,4,,,,,,
1771435998.425,0.1,,,,,,,,,,,,,,,0.1515,SAFE,,0,,t3157_0,0.79,HIGH,LOCAL,SAFE: all tasks permitted (weight=0.79),
1771435998.425,0.1,55.99,4.7730,1.221,44.4,5,,,0.02406,0.0000,0.0000,0.3502,0.0000,0.2406,0.3855,0.1467,SAFE,False,0,5,,,,,,
1771435998.425,0.1,,,,,,,,,,,,,,,0.1467,SAFE,,0,,t3158_0,0.83,NORMAL,OFFLOAD,"Budget exhausted (B=0), offloading. Original: SAFE: all tasks permitted (weight=0.83)",
1771435998.425,0.1,56.13,4.7436,1.180,41.5,4,,,0.02216,0.0000,0.0000,0.4838,0.0000,0.2216,0.3502,0.1551,SAFE,False,0,5,,,,,,
1771435998.425,0.1,,,,,,,,,,,,,,,0.1551,SAFE,,0,,t3159_0,0.46,LOW,OFFLOAD,"Budget exhausted (B=0), offloading. Original: SAFE: all tasks permitted (weight=0.46)",
1771435998.425,0.1,55.55,4.7320,1.143,38.8,4,,,0.01951,0.0000,0.0000,0.5363,0.0000,0.1951,0.3314,0.1555,SAFE,False,0,5,,,,,,
1771435998.425,0.1,,,,,,,,,,,,,,,0.1555,SAFE,,0,,t3160_0,0.21,LOW,OFFLOAD,"Budget exhausted (B=0), offloading. Original: SAFE: all tasks permitted (weight=0.21)",
1771435998.425,0.1,55.96,4.7767,1.108,36.3,4,,,0.02001,0.0000,0.0000,0.3330,0.0000,0.2001,0.3139,0.1261,SAFE,False,0,5,,,,,,
1771435998.425,0.1,,,,,,,,,,,,,,,0.1261,SAFE,,0,,t3161_0,0.36,HIGH,OFFLOAD,"Budget exhausted (B=0), offloading. Original: SAFE: all tasks permitted (weight=0.36)",
1771435998.425,0.1,56.18,4.8055,1.075,33.9,3,,,0.02228,0.0000,0.0000,0.2023,0.0000,0.2228,0.2826,0.1051,SAFE,False,0,5,,,,,,
1771435998.425,0.1,56.21,4.7545,1.045,31.8,3,,,0.02234,0.0000,0.0000,0.4343,0.0000,0.2234,0.2674,0.1323,SAFE,False,0,5,,,,,,
1771435998.425,0.1,,,,,,,,,,,,,,,0.1323,SAFE,,0,,t3163_0,0.84,NORMAL,OFFLOAD,"Budget exhausted (B=0), offloading. Original: SAFE: all tasks permitted (weight=0.84)",
1771435998.425,0.1,55.30,4.7974,1.017,29.8,3,,,0.02315,0.0000,0.0000,0.2390,0.0000,0.2315,0.2533,0.1049,SAFE,False,8,0,,,,,,window_reset|B=8
1771435998.425,0.1,,,,,,,,,,,,,,,0.1049,SAFE,,7,,t3164_0,0.80,LOW,LOCAL,SAFE: all tasks permitted (weight=0.80),
1771435998.425,0.1,54.98,4.7547,1.106,36.1,4,,,0.02325,0.0000,0.0000,0.4331,0.0000,0.2325,0.3130,0.1421,SAFE,False,7,1,,,,,,
1771435998.425,0.1,,,,,,,,,,,,,,,0.1421,SAFE,,6,,t3165_0,0.56,NORMAL,LOCAL,SAFE: all tasks permitted (weight=0.56),
1771435998.425,0.1,55.14,4.7846,1.154,39.6,4,,,0.02266,0.0000,0.0000,0.2971,0.0000,0.2266,0.3369,0.1287,SAFE,False,6,2,,,,,,
1771435998.425,0.1,,,,,,,,,,,,,,,0.1287,SAFE,,5,,t3166_0,0.46,HIGH,LOCAL,SAFE: all tasks permitted (weight=0.46),
1771435998.425,0.1,,,,,,,,,,,,,,,0.1287,SAFE,,4,,t3166_1,0.38,CRITICAL,LOCAL,SAFE: all tasks permitted (weight=0.38),
1771435998.425,0.1,55.41,4.7481,1.239,45.7,5,,,0.02306,0.0000,0.0000,0.4632,0.0000,0.2306,0.3946,0.1622,SAFE,False,4,4,,,,,,
1771435998.425,0.1,54.89,4.7250,1.197,42.7,4,,,0.02412,0.0000,0.0000,0.5682,0.0000,0.2412,0.3587,0.1697,SAFE,False,4,4,,,,,,
1771435998.425,0.1,,,,,,,,,,,,,,,0.1697,SAFE,,3,,t3168_0,0.30,HIGH,LOCAL,SAFE: all tasks permitted (weight=0.30),
1771435998.425,0.1,55.47,4.7246,1.201,42.9,4,,,0.02623,0.0000,0.0000,0.5701,0.0000,0.2623,0.3606,0.1725,SAFE,False,3,5,,,,,,
1771435998.425,0.1,,,,,,,,,,,,,,,0.1725,SAFE,,2,,t3169_0,0.80,LOW,LOCAL,SAFE: all tasks permitted (weight=0.80),
1771435998.425,0.1,55.70,4.7156,1.277,48.4,5,,,0.02856,0.0000,0.0000,0.6110,0.0000,0.2856,0.4135,0.1907,SAFE,False,2,6,,,,,,
1771435998.425,0.1,,,,,,,,,,,,,,,0.1907,SAFE,,1,,t3170_0,0.73,LOW,LOCAL,SAFE: all tasks permitted (weight=0.73),
1771435998.425,0.1,55.89,4.7428,1.337,52.7,6,,,0.02859,0.0000,0.0000,0.4873,0.0000,0.2859,0.4587,0.1837,SAFE,False,1,7,,,,,,
1771435998.425,0.1,56.05,4.7237,1.289,49.2,5,,,0.02923,0.0000,0.0000,0.5741,0.0000,0.2923,0.4193,0.1877,SAFE,False,1,7,,,,,,
1771435998.425,0.1,,,,,,,,,,,,,,,0.1877,SAFE,,0,,t3172_0,0.31,HIGH,LOCAL,SAFE: all tasks permitted (weight=0.31),
1771435998.425,0.1,55.41,4.7057,1.288,49.2,5,,,0.03124,0.0000,0.0000,0.6558,0.0000,0.3124,0.4191,0.2003,SAFE,False,0,8,,,,,,
1771435998.425,0.1,55.93,4.7497,1.243,45.9,5,,,0.02615,0.0000,0.0000,0.4559,0.0000,0.2615,0.3965,0.1647,SAFE,False,0,8,,,,,,
1771435998.426,0.1,,,,,,,,,,,,,,,0.1647,SAFE,,0,,t3174_0,0.45,NORMAL,OFFLOAD,"Budget exhausted (B=0), offloading. Original: SAFE: all tasks permitted (weight=0.45)",
1771435998.426,0.1,55.40,4.7385,1.201,42.9,4,-320.979,-9.47270,0.02598,0.0000,0.0000,0.5067,1.0000,0.2598,0.3605,0.3639,WARNING,False,0,8,,,,,,
1771435998.426,0.1,,,,,,,,,,,,,,,0.3639,WARNING,,0,,t3175_0,0.31,NORMAL,OFFLOAD,WARNING: heavy task offloaded (weight=0.31 >= 0.3),
1771435998.426,0.1,,,,,,,,,,,,,,,0.3639,WARNING,,0,,t3175_1,0.43,NORMAL,OFFLOAD,WARNING: heavy task offloaded (weight=0.43 >= 0.3),
1771435998.426,0.1,55.50,4.7948,1.162,40.1,4,36466.524,69.03041,0.02553,0.0000,1.0000,0.2508,0.0000,0.2553,0.3409,0.3763,WARNING,False,0,8,,,,,,
1771435998.426,0.1,,,,,,,,,,,,,,,0.3763,WARNING,,0,,t3176_0,0.47,CRITICAL,OFFLOAD,WARNING: heavy task offloaded (weight=0.47 >= 0.3),
1771435998.426,0.1,55.45,4.7599,1.125,37.5,4,-1176.591,34.94726,0.02578,0.0000,0.0000,0.4094,0.0000,0.2578,0.3227,0.1435,SAFE,False,0,8,,,,,,
1771435998.426,0.1,55.84,4.7841,1.092,35.1,4,7889.242,67.74585,0.02571,0.0000,1.0000,0.2995,0.0000,0.2571,0.3058,0.3758,WARNING,False,0,8,,,,,,
1771435998.426,0.1,,,,,,,,,,,,,,,0.3758,WARNING,,0,,t3178_0,0.74,HIGH,OFFLOAD,WARNING: heavy task offloaded (weight=0.74 >= 0.3),
1771435998.426,0.1,56.03,4.7614,1.060,32.9,3,8473.980,18.40548,0.02620,0.0000,1.0000,0.4027,0.0000,0.2620,0.2751,0.3836,WARNING,False,6,0,,,,,,window_reset|B=6
1771435998.426,0.1,,,,,,,,,,,,,,,0.3836,WARNING,,6,,t3179_0,0.76,HIGH,OFFLOAD,WARNING: heavy task offloaded (weight=0.76 >= 0.3),
1771435998.426,0.1,55.93,4.7681,1.031,30.8,3,-7177.374,43.91611,0.02633,0.0000,0.0000,0.3722,0.0000,0.2633,0.2604,0.1268,SAFE,False,6,0,,,,,,
1771435998.426,0.1,,,,,,,,,,,,,,,0.1268,SAFE,,5,,t3180_0,0.60,LOW,LOCAL,SAFE: all tasks permitted (weight=0.60),
1771435998.426,0.1,55.63,4.7651,1.089,35.0,3,13091.948,58.71219,0.02577,0.0000,1.0000,0.3858,0.0000,0.2577,0.2897,0.3839,WARNING,False,5,1,,,,,,
1771435998.426,0.1,,,,,,,,,,,,,,,0.3839,WARNING,,5,,t3181_0,0.62,CRITICAL,OFFLOAD,WARNING: heavy task offloaded (weight=0.62 >= 0.3),
1771435998.426,0.1,55.18,4.7640,1.058,32.7,3,-44260.589,14.15959,0.02365,0.0000,0.0000,0.3907,0.0000,0.2365,0.2741,0.1293,SAFE,False,5,1,,,,,,
1771435998.426,0.1,,,,,,,,,,,,,,,0.1293,SAFE,,4,,t3182_0,0.23,NORMAL,LOCAL,SAFE: all tasks permitted (weight=0.23),
1771435998.426,0.1,55.36,4.7772,1.063,33.1,3,,,0.02410,0.0000,0.0000,0.3309,0.0000,0.2410,0.2764,0.1224,SAFE,False,4,2,,,,,,
1771435998.426,0.1,,,,,,,,,,,,,,,0.1224,SAFE,,3,,t3183_0,0.44,HIGH,LOCAL,SAFE: all tasks permitted (weight=0.44),
1771435998.426,0.1,55.38,4.7902,1.097,35.5,4,,,0.02327,0.0000,0.0000,0.2718,0.0000,0.2327,0.3087,0.1204,SAFE,False,3,3,,,,,,
1771435998.426,0.1,,,,,,,,,,,,,,,0.1204,SAFE,,2,,t3184_0,0.27,NORMAL,LOCAL,SAFE: all tasks permitted (weight=0.27),
1771435998.426,0.1,55.33,4.7743,1.105,36.0,4,,,0.01560,0.0000,0.0000,0.3441,0.0000,0.1560,0.3123,0.1228,SAFE,False,2,4,,,,,,
1771435998.426,0.1,,,,,,,,,,,,,,,0.1228,SAFE,,1,,t3185_0,0.31,NORMAL,LOCAL,SAFE: all tasks permitted (weight=0.31),
1771435998.426,0.1,,,,,,,,,,,,,,,0.1228,SAFE,,0,,t3185_1,0.79,NORMAL,LOCAL,SAFE: all tasks permitted (weight=0.79),
1771435998.426,0.1,54.89,4.7022,1.231,45.1,5,,,0.02383,0.0000,0.0000,0.6717,0.0000,0.2383,0.3906,0.1893,SAFE,False,0,6,,,,,,
1771435998.426,0.1,,,,,,,,,,,,,,,0.1893,SAFE,,0,,t3186_0,0.27,LOW,OFFLOAD,"Budget exhausted (B=0), offloading. Original: SAFE: all tasks permitted (weight=0.27)",
1771435998.426,0.1,55.12,4.7635,1.190,42.1,4,,,0.02248,0.0000,0.0000,0.3933,0.0000,0.2248,0.3550,0.1446,SAFE,False,0,6,,,,,,
1771435998.426,0.1,54.84,4.7502,1.152,39.4,4,,,0.02125,0.0000,0.0000,0.4539,0.0000,0.2125,0.3358,0.1474,SAFE,False,0,6,,,,,,
1771435998.426,0.1,54.95,4.7382,1.116,36.9,4,,,0.02236,0.0000,0.0000,0.5083,0.0000,0.2236,0.3180,0.1520,SAFE,False,0,6,,,,,,
1771435998.426,0.1,,,,,,,,,,,,,,,0.1520,SAFE,,0,,t3189_0,0.73,CRITICAL,OFFLOAD,"Budget exhausted (B=0), offloading. Original: SAFE: all tasks permitted (weight=0.73)",
1771435998.426,0.1,55.07,4.7810,1.083,34.5,3,,,0.02211,0.0000,0.0000,0.3138,0.0000,0.2211,0.2864,0.1202,SAFE,False,0,6,,,,,,
1771435998.426,0.1,54.92,4.7915,1.052,32.3,3,,,0.02364,0.0000,0.0000,0.2660,0.0000,0.2364,0.2709,0.1124,SAFE,False,0,6,,,,,,
1771435998.426,0.1,,,,,,,,,,,,,,,0.1124,SAFE,,0,,t3191_0,0.70,HIGH,OFFLOAD,"Budget exhausted (B=0), offloading. Original: SAFE: all tasks permitted (weight=0.70)",
1771435998.426,0.1,54.85,4.8190,1.023,30.2,3,,,0.02817,0.0000,0.0000,0.1408,0.0000,0.2817,0.2566,0.0978,SAFE,False,0,6,,,,,,
1771435998.426,0.1,,,,,,,,,,,,,,,0.0978,SAFE,,0,,t3192_0,0.63,HIGH,OFFLOAD,"Budget exhausted (B=0), offloading. Original: SAFE: all tasks permitted (weight=0.63)",
1771435998.426,0.1,54.51,4.8067,0.997,28.3,3,,,0.03009,0.0000,0.0000,0.1967,0.0000,0.3009,0.2433,0.1043,SAFE,False,0,6,,,,,,
1771435998.426,0.1,,,,,,,,,,,,,,,0.1043,SAFE,,0,,t3193_0,0.23,HIGH,OFFLOAD,"Budget exhausted (B=0), offloading. Original: SAFE: all tasks permitted (weight=0.23)",
1771435998.426,0.1,54.60,4.7987,0.972,26.5,2,,,0.03089,0.0000,0.0000,0.2333,0.0000,0.3089,0.2158,0.1044,SAFE,False,8,0,,,,,,window_reset|B=8
1771435998.426,0.1,,,,,,,,,,,,,,,0.1044,SAFE,,7,,t3194_0,0.77,NORMAL,LOCAL,SAFE: all tasks permitted (weight=0.77),
1771435998.426,0.1,54.40,4.7647,1.060,32.9,3,,,0.03099,0.0000,0.0000,0.3877,0.0000,0.3099,0.2750,0.1364,SAFE,False,7,1,,,,,,
1771435998.426,0.1,,,,,,,,,,,,,,,0.1364,SAFE,,6,,t3195_0,0.33,HIGH,LOCAL,SAFE: all tasks permitted (weight=0.33),
1771435998.426,0.1,53.87,4.7577,1.079,34.2,3,,,0.03082,0.0000,0.0000,0.4197,0.0000,0.3082,0.2846,0.1423,SAFE,False,6,2,,,,,,
1771435998.426,0.1,53.71,4.7843,1.049,32.0,3,,,0.03104,0.0000,0.0000,0.2986,0.0000,0.3104,0.2693,0.1237,SAFE,False,6,2,,,,,,
1771435998.426,0.1,,,,,,,,,,,,,,,0.1237,SAFE,,5,,t3197_0,0.77,LOW,LOCAL,SAFE: all tasks permitted (weight=0.77),
1771435998.426,0.1,53.94,4.8036,1.131,37.9,4,,,0.02405,0.0000,0.0000,0.2108,0.0000,0.2405,0.3254,0.1165,SAFE,False,5,3,,,,,,
1771435998.426,0.1,54.08,4.7787,1.096,35.5,4,,,0.02355,0.0000,0.0000,0.3243,0.0000,0.2355,0.3082,0.1274,SAFE,False,5,3,,,,,,
1771435998.426,0.1,54.18,4.7742,1.065,33.2,3,,,0.02178,0.0000,0.0000,0.3446,0.0000,0.2178,0.2773,0.1221,SAFE,False,5,3,,,,,,
1771435998.426,0.1,,,,,,,,,,,,,,,0.1221,SAFE,,4,,t3200_0,0.24,CRITICAL,LOCAL,SAFE: all tasks permitted (weight=0.24),
1771435998.426,0.1,53.71,4.7816,1.070,33.6,3,,,0.01711,0.0000,0.0000,0.3109,0.0000,0.1711,0.2802,0.1136,SAFE,False,4,4,,,,,,
1771435998.427,0.1,53.87,4.7954,1.040,31.5,3,-43652.439,-3.26377,0.01716,0.0000,0.0000,0.2481,1.0000,0.1716,0.2652,0.3025,WARNING,False,4,4,,,,,,
1771435998.427,0.1,,,,,,,,,,,,,,,0.3025,WARNING,,4,,t3202_0,0.84,NORMAL,OFFLOAD,WARNING: heavy task offloaded (weight=0.84 >= 0.3),
1771435998.427,0.1,54.00,4.7762,1.013,29.5,3,-23875.871,11.46551,0.01742,0.0000,0.0000,0.3356,0.0000,0.1742,0.2513,0.1113,SAFE,False,4,4,,,,,,
1771435998.427,0.1,,,,,,,,,,,,,,,0.1113,SAFE,,3,,t3203_0,0.85,NORMAL,LOCAL,SAFE: all tasks permitted (weight=0.85),
1771435998.427,0.1,53.44,4.7556,1.109,36.4,4,-25744.979,-2.05191,0.01641,0.0000,0.0000,0.4290,1.0000,0.1641,0.3146,0.3351,WARNING,False,3,5,,,,,,
1771435998.427,0.1,,,,,,,,,,,,,,,0.3351,WARNING,,3,,t3204_0,0.63,HIGH,OFFLOAD,WARNING: heavy task offloaded (weight=0.63 >= 0.3),
1771435998.427,0.1,54.12,4.7999,1.077,34.0,3,24648.349,15.54591,0.01562,0.0000,1.0000,0.2279,0.0000,0.1562,0.2833,0.3519,WARNING,False,3,5,,,,,,
1771435998.427,0.1,,,,,,,,,,,,,,,0.3519,WARNING,,3,,t3205_0,0.39,NORMAL,OFFLOAD,WARNING: heavy task offloaded (weight=0.39 >= 0.3),
1771435998.427,0.1,54.18,4.7842,1.046,31.9,3,13899.383,-19.42969,0.01473,0.0000,1.0000,0.2991,1.0000,0.1473,0.2681,0.5572,CRITICAL,False,3,5,,,,,,
1771435998.427,0.1,53.58,4.8036,1.018,29.8,3,-29885.113,24.98922,0.01535,0.0000,0.0000,0.2107,0.0000,0.1535,0.2539,0.0935,WARNING,False,3,5,,,,,,
1771435998.427,0.1,,,,,,,,,,,,,,,0.0935,WARNING,,3,,t3207_0,0.32,NORMAL,OFFLOAD,WARNING: heavy task offloaded (weight=0.32 >= 0.3),
1771435998.427,0.1,53.20,4.8308,0.992,28.0,3,-59142.740,56.61926,0.01835,0.0000,0.0000,0.0873,0.0000,0.1835,0.2408,0.0778,SAFE,False,3,5,,,,,,
1771435998.427,0.1,53.12,4.7561,0.967,26.2,2,-21636.371,-15.40901,0.02048,0.0000,0.0000,0.4267,1.0000,0.2048,0.2135,0.3187,WARNING,False,6,0,,,,,,window_reset|B=6
1771435998.427,0.1,,,,,,,,,,,,,,,0.3187,WARNING,,5,,t3209_0,0.28,NORMAL,LOCAL,WARNING: lightweight task permitted (weight=0.28 < 0.3),
1771435998.427,0.1,52.79,4.8051,0.985,27.5,3,-99769.124,14.80785,0.02058,0.0000,0.0000,0.2041,0.0000,0.2058,0.2375,0.0946,SAFE,False,5,1,,,,,,
1771435998.427,0.1,52.63,4.8340,0.961,25.8,2,-125795.248,88.51587,0.02414,0.0000,0.0000,0.0725,0.0000,0.2414,0.2105,0.0757,SAFE,False,5,1,,,,,,
1771435998.427,0.1,,,,,,,,,,,,,,,0.0757,SAFE,,4,,t3211_0,0.38,HIGH,LOCAL,SAFE: all tasks permitted (weight=0.38),
1771435998.427,0.1,52.89,4.7666,0.994,28.1,3,-50518.563,16.74624,0.02468,0.0000,0.0000,0.3792,0.0000,0.2468,0.2419,0.1224,SAFE,False,4,2,,,,,,
1771435998.427,0.1,,,,,,,,,,,,,,,0.1224,SAFE,,3,,t3212_0,0.29,HIGH,LOCAL,SAFE: all tasks permitted (weight=0.29),
1771435998.427,0.1,52.58,4.7910,1.011,29.3,3,-140794.929,-13.51209,0.02453,0.0000,0.0000,0.2681,1.0000,0.2453,0.2504,0.3095,WARNING,False,3,3,,,,,,
1771435998.427,0.1,,,,,,,,,,,,,,,0.3095,WARNING,,2,,t3213_0,0.27,LOW,LOCAL,WARNING: lightweight task permitted (weight=0.27 < 0.3),
1771435998.427,0.1,52.62,4.7888,1.024,30.3,3,-142750.452,7.06955,0.02451,0.0000,0.0000,0.2781,0.0000,0.2451,0.2572,0.1121,SAFE,False,2,4,,,,,,
1771435998.427,0.1,,,,,,,,,,,,,,,0.1121,SAFE,,1,,t3214_0,0.37,HIGH,LOCAL,SAFE: all tasks permitted (weight=0.37),
1771435998.427,0.1,52.86,4.7623,1.051,32.2,3,-66466.971,-63.18241,0.02549,0.0000,0.0000,0.3985,1.0000,0.2549,0.2707,0.3314,WARNING,False,1,5,,,,,,
1771435998.427,0.1,,,,,,,,,,,,,,,0.3314,WARNING,,1,,t3215_0,0.69,HIGH,OFFLOAD,WARNING: heavy task offloaded (weight=0.69 >= 0.3),
1771435998.427,0.1,52.28,4.7928,1.023,30.2,3,-83702.220,-58.09519,0.02330,0.0000,0.0000,0.2599,1.0000,0.2330,0.2564,0.3084,WARNING,False,1,5,,,,,,
1771435998.427,0.1,,,,,,,,,,,,,,,0.3084,WARNING,,1,,t3216_0,0.32,LOW,OFFLOAD,WARNING: heavy task offloaded (weight=0.32 >= 0.3),
1771435998.427,0.1,52.69,4.7981,0.996,28.3,3,,,0.02326,0.0000,0.0000,0.2358,0.0000,0.2326,0.2430,0.1025,SAFE,False,1,5,,,,,,
1771435998.427,0.1,,,,,,,,,,,,,,,0.1025,SAFE,,0,,t3217_0,0.40,HIGH,LOCAL,SAFE: all tasks permitted (weight=0.40),
1771435998.427,0.1,52.60,4.8356,1.030,30.7,3,,,0.02588,0.0000,0.0000,0.0653,0.0000,0.2588,0.2598,0.0863,SAFE,False,0,6,,,,,,
1771435998.427,0.1,,,,,,,,,,,,,,,0.0863,SAFE,,0,,t3218_0,0.24,NORMAL,OFFLOAD,"Budget exhausted (B=0), offloading. Original: SAFE: all tasks permitted (weight=0.24)",
1771435998.427,0.1,52.86,4.7917,1.002,28.7,3,,,0.02584,0.0000,0.0000,0.2648,0.0000,0.2584,0.2462,0.1095,SAFE,False,0,6,,,,,,
1771435998.427,0.1,,,,,,,,,,,,,,,0.1095,SAFE,,0,,t3219_0,0.61,LOW,OFFLOAD,"Budget exhausted (B=0), offloading. Original: SAFE: all tasks permitted (weight=0.61)",
1771435998.427,0.1,52.41,4.7948,0.977,26.9,2,,,0.02363,0.0000,0.0000,0.2507,0.0000,0.2363,0.2186,0.0999,SAFE,False,0,6,,,,,,
1771435998.427,0.1,,,,,,,,,,,,,,,0.0999,SAFE,,0,,t3220_0,0.35,LOW,OFFLOAD,"Budget exhausted (B=0), offloading. Original: SAFE: all tasks permitted (weight=0.35)",
1771435998.427,0.1,51.78,4.8112,0.954,25.3,2,,,0.02123,0.0000,0.0000,0.1765,0.0000,0.2123,0.2069,0.0855,SAFE,False,0,6,,,,,,
1771435998.427,0.1,,,,,,,,,,,,,,,0.0855,SAFE,,0,,t3221_0,0.70,NORMAL,OFFLOAD,"Budget exhausted (B=0), offloading. Original: SAFE: all tasks permitted (weight=0.70)",
1771435998.427,0.1,52.08,4.8091,0.932,23.7,2,,,0.02137,0.0000,0.0000,0.1861,0.0000,0.2137,0.1960,0.0848,SAFE,False,0,6,,,,,,
1771435998.427,0.1,,,,,,,,,,,,,,,0.0848,SAFE,,0,,t3222_0,0.47,NORMAL,OFFLOAD,"Budget exhausted (B=0), offloading. Original: SAFE: all tasks permitted (weight=0.47)",
1771435998.427,0.1,51.94,4.8256,0.912,22.3,2,,,0.02029,0.0000,0.0000,0.1108,0.0000,0.2029,0.1858,0.0719,SAFE,False,0,6,,,,,,
1771435998.427,0.1,,,,,,,,,,,,,,,0.0719,SAFE,,0,,t3223_0,0.48,LOW,OFFLOAD,"Budget exhausted (B=0), offloading. Original: SAFE: all tasks permitted (weight=0.48)",
1771435998.427,0.1,51.22,4.8301,0.893,20.9,2,,,0.01986,0.0000,0.0000,0.0904,0.0000,0.1986,0.1764,0.0669,SAFE,False,9,0,,,,,,window_reset|B=9
1771435998.427,0.1,,,,,,,,,,,,,,,0.0669,SAFE,,8,,t3224_0,0.43,LOW,LOCAL,SAFE: all tasks permitted (weight=0.43),
1771435998.427,0.1,51.06,4.8269,0.937,24.1,2,,,0.02058,0.0000,0.0000,0.1051,0.0000,0.2058,0.1986,0.0739,SAFE,False,8,1,,,,,,
1771435998.427,0.1,,,,,,,,,,,,,,,0.0739,SAFE,,7,,t3225_0,0.50,NORMAL,LOCAL,SAFE: all tasks permitted (weight=0.50),
1771435998.427,0.1,51.35,4.7893,0.989,27.8,3,,,0.02055,0.0000,0.0000,0.2759,0.0000,0.2055,0.2393,0.1043,SAFE,False,7,2,,,,,,
1771435998.427,0.1,,,,,,,,,,,,,,,0.1043,SAFE,,6,,t3226_0,0.53,NORMAL,LOCAL,SAFE: all tasks permitted (weight=0.53),
1771435998.427,0.1,,,,,,,,,,,,,,,0.1043,SAFE,,5,,t3226_1,0.60,LOW,LOCAL,SAFE: all tasks permitted (weight=0.60),
1771435998.427,0.1,50.91,4.7621,1.129,37.8,4,,,0.02059,0.0000,0.0000,0.3995,0.0000,0.2059,0.3244,0.1374,SAFE,False,5,4,,,,,,
1771435998.427,0.1,51.86,4.8139,1.095,35.3,4,,,0.02032,0.0000,0.0000,0.1641,0.0000,0.2032,0.3073,0.1031,SAFE,False,5,4,,,,,,
1771435998.427,0.1,,,,,,,,,,,,,,,0.1031,SAFE,,4,,t3228_0,0.72,NORMAL,LOCAL,SAFE: all tasks permitted (weight=0.72),
1771435998.427,0.1,51.39,4.7353,1.167,40.5,4,,,0.02847,0.0000,0.0000,0.5211,0.0000,0.2847,0.3437,0.1650,SAFE,False,4,5,,,,,,
1771435998.427,0.1,,,,,,,,,,,,,,,0.1650,SAFE,,3,,t3229_0,0.29,NORMAL,LOCAL,SAFE: all tasks permitted (weight=0.29),
1771435998.427,0.1,51.65,4.7442,1.173,40.9,4,,,0.03064,0.0000,0.0000,0.4808,0.0000,0.3064,0.3466,0.1625,SAFE,False,3,6,,,,,,
1771435998.427,0.1,,,,,,,,,,,,,,,0.1625,SAFE,,2,,t3230_0,0.53,NORMAL,LOCAL,SAFE: all tasks permitted (weight=0.53),
1771435998.427,0.1,51.71,4.7654,1.212,43.7,5,,,0.03168,0.0000,0.0000,0.3846,0.0000,0.3168,0.3812,0.1579,SAFE,False,2,7,,,,,,
1771435998.427,0.1,51.80,4.7699,1.173,40.9,4,,,0.03226,0.0000,0.0000,0.3641,0.0000,0.3226,0.3463,0.1488,SAFE,False,2,7,,,,,,
1771435998.427,0.1,,,,,,,,,,,,,,,0.1488,SAFE,,1,,t3232_0,0.83,NORMAL,LOCAL,SAFE: all tasks permitted (weight=0.83),
1771435998.427,0.1,52.33,4.7242,1.256,46.8,5,,,0.03627,0.0000,0.0000,0.5717,0.0000,0.3627,0.4028,0.1912,SAFE,False,1,8,,,,,,
1771435998.427,0.1,,,,,,,,,,,,,,,0.1912,SAFE,,0,,t3233_0,0.21,NORMAL,LOCAL,SAFE: all tasks permitted (weight=0.21),
1771435998.427,0.1,52.15,4.7706,1.244,46.0,5,,,0.03552,0.0000,0.0000,0.3610,0.0000,0.3552,0.3969,0.1618,SAFE,False,0,9,,,,,,
1771435998.428,0.1,,,,,,,,,,,,,,,0.1618,SAFE,,0,,t3234_0,0.50,HIGH,OFFLOAD,"Budget exhausted (B=0), offloading. Original: SAFE: all tasks permitted (weight=0.50)",
1771435998.428,0.1,52.42,4.7274,1.202,43.0,4,89994.234,-34.32910,0.03533,0.0000,1.0000,0.5572,1.0000,0.3533,0.3609,0.6299,WARNING,False,0,9,,,,,,
1771435998.428,0.1,,,,,,,,,,,,,,,0.6299,WARNING,,0,,t3235_0,0.61,LOW,OFFLOAD,WARNING: heavy task offloaded (weight=0.61 >= 0.3),
1771435998.428,0.1,52.36,4.8207,1.163,40.2,4,29235.573,6.70634,0.03410,0.0000,1.0000,0.1333,0.0000,0.3410,0.3413,0.3697,WARNING,False,0,9,,,,,,
1771435998.428,0.1,,,,,,,,,,,,,,,0.3697,WARNING,,0,,t3236_0,0.58,NORMAL,OFFLOAD,WARNING: heavy task offloaded (weight=0.58 >= 0.3),
1771435998.428,0.1,52.42,4.7589,1.126,37.6,4,61072.501,23.32479,0.02968,0.0000,1.0000,0.4140,0.0000,0.2968,0.3231,0.3981,WARNING,False,0,9,,,,,,
1771435998.428,0.1,,,,,,,,,,,,,,,0.3981,WARNING,,0,,t3237_0,0.70,LOW,OFFLOAD,WARNING: heavy task offloaded (weight=0.70 >= 0.3),
1771435998.428,0.1,,,,,,,,,,,,,,,0.3981,WARNING,,0,,t3237_1,0.80,NORMAL,OFFLOAD,WARNING: heavy task offloaded (weight=0.80 >= 0.3),
1771435998.428,0.1,52.25,4.7752,1.092,35.2,4,35245.055,30.70115,0.02897,0.0000,1.0000,0.3398,0.0000,0.2897,0.3061,0.3844,WARNING,False,0,9,,,,,,
1771435998.428,0.1,,,,,,,,,,,,,,,0.3844,WARNING,,0,,t3238_0,0.58,LOW,OFFLOAD,WARNING: heavy task offloaded (weight=0.58 >= 0.3),
1771435998.428,0.1,52.29,4.7661,1.061,32.9,3,34174.699,0.73430,0.02897,0.0000,1.0000,0.3812,0.0000,0.2897,0.2754,0.3836,WARNING,False,6,0,,,,,,window_reset|B=6
1771435998.428,0.1,,,,,,,,,,,,,,,0.3836,WARNING,,6,,t3239_0,0.79,HIGH,OFFLOAD,WARNING: heavy task offloaded (weight=0.79 >= 0.3),
1771435998.428,0.1,52.62,4.7987,1.031,30.8,3,49003.032,28.50783,0.02704,0.0000,1.0000,0.2332,0.0000,0.2704,0.2607,0.3595,WARNING,False,6,0,,,,,,
1771435998.428,0.1,,,,,,,,,,,,,,,0.3595,WARNING,,6,,t3240_0,0.45,HIGH,OFFLOAD,WARNING: heavy task offloaded (weight=0.45 >= 0.3),
1771435998.428,0.1,52.20,4.8210,1.004,28.9,3,-7845.346,95.75849,0.02993,0.0000,0.0000,0.1319,0.0000,0.2993,0.2471,0.0965,SAFE,False,6,0,,,,,,
1771435998.428,0.1,,,,,,,,,,,,,,,0.0965,SAFE,,5,,t3241_0,0.55,HIGH,LOCAL,SAFE: all tasks permitted (weight=0.55),
1771435998.428,0.1,,,,,,,,,,,,,,,0.0965,SAFE,,4,,t3241_1,0.33,NORMAL,LOCAL,SAFE: all tasks permitted (weight=0.33),
1771435998.428,0.1,52.19,4.7928,1.107,36.2,4,2161.250,21.96174,0.02942,0.0000,1.0000,0.2601,0.0000,0.2942,0.3136,0.3760,WARNING,False,4,2,,,,,,
1771435998.428,0.1,52.40,4.7880,1.075,33.9,3,,,0.02952,0.0000,0.0000,0.2817,0.0000,0.2952,0.2823,0.1226,SAFE,False,4,2,,,,,,
1771435998.428,0.1,52.27,4.7944,1.044,31.7,3,,,0.02987,0.0000,0.0000,0.2525,0.0000,0.2987,0.2672,0.1161,SAFE,False,4,2,,,,,,
1771435998.428,0.1,51.97,4.7781,1.016,29.7,3,,,0.02508,0.0000,0.0000,0.3269,0.0000,0.2508,0.2531,0.1182,SAFE,False,4,2,,,,,,
1771435998.428,0.1,,,,,,,,,,,,,,,0.1182,SAFE,,3,,t3245_0,0.28,CRITICAL,LOCAL,SAFE: all tasks permitted (weight=0.28),
1771435998.428,0.1,52.41,4.7763,1.031,30.8,3,,,0.02490,0.0000,0.0000,0.3352,0.0000,0.2490,0.2603,0.1205,SAFE,False,3,3,,,,,,
1771435998.428,0.1,51.85,4.8043,1.003,28.8,3,,,0.01892,0.0000,0.0000,0.2076,0.0000,0.1892,0.2467,0.0952,SAFE,False,3,3,,,,,,
1771435998.428,0.1,,,,,,,,,,,,,,,0.0952,SAFE,,2,,t3247_0,0.79,HIGH,LOCAL,SAFE: all tasks permitted (weight=0.79),
1771435998.428,0.1,52.03,4.7505,1.094,35.3,4,,,0.01923,0.0000,0.0000,0.4523,0.0000,0.1923,0.3069,0.1394,SAFE,False,2,4,,,,,,
1771435998.428,0.1,51.82,4.7904,1.062,33.0,3,,,0.01777,0.0000,0.0000,0.2708,0.0000,0.1777,0.2761,0.1082,SAFE,False,2,4,,,,,,
1771435998.428,0.1,51.34,4.7729,1.033,30.9,3,,,0.01790,0.0000,0.0000,0.3507,0.0000,0.1790,0.2614,0.1158,SAFE,False,2,4,,,,,,
1771435998.428,0.1,51.98,4.7722,1.005,29.0,3,,,0.01741,0.0000,0.0000,0.3535,0.0000,0.1741,0.2477,0.1129,SAFE,False,2,4,,,,,,
1771435998.428,0.1,,,,,,,,,,,,,,,0.1129,SAFE,,1,,t3251_0,0.25,HIGH,LOCAL,SAFE: all tasks permitted (weight=0.25),
1771435998.428,0.1,51.92,4.8171,1.017,29.8,3,,,0.01912,0.0000,0.0000,0.1498,0.0000,0.1912,0.2534,0.0893,SAFE,False,1,5,,,,,,
1771435998.428,0.1,,,,,,,,,,,,,,,0.0893,SAFE,,0,,t3252_0,0.63,NORMAL,LOCAL,SAFE: all tasks permitted (weight=0.63),
1771435998.428,0.1,51.54,4.7691,1.083,34.5,3,,,0.01696,0.0000,0.0000,0.3677,0.0000,0.1696,0.2863,0.1220,SAFE,False,0,6,,,,,,
1771435998.428,0.1,51.90,4.7649,1.052,32.3,3,,,0.01748,0.0000,0.0000,0.3870,0.0000,0.1748,0.2709,0.1220,SAFE,False,8,0,,,,,,window_reset|B=8
1771435998.428,0.1,,,,,,,,,,,,,,,0.1220,SAFE,,7,,t3254_0,0.35,CRITICAL,LOCAL,SAFE: all tasks permitted (weight=0.35),
1771435998.428,0.1,52.44,4.7790,1.074,33.8,3,,,0.01738,0.0000,0.0000,0.3229,0.0000,0.1738,0.2819,0.1157,SAFE,False,7,1,,,,,,
1771435998.428,0.1,,,,,,,,,,,,,,,0.1157,SAFE,,6,,t3255_0,0.67,HIGH,LOCAL,SAFE: all tasks permitted (weight=0.67),
1771435998.428,0.1,51.87,4.7596,1.142,38.7,4,,,0.01776,0.0000,0.0000,0.4110,0.0000,0.1776,0.3309,0.1374,SAFE,False,6,2,,,,,,
1771435998.428,0.1,52.21,4.7420,1.107,36.2,4,,,0.02033,0.0000,0.0000,0.4909,0.0000,0.2033,0.3134,0.1468,SAFE,False,6,2,,,,,,
1771435998.428,0.1,,,,,,,,,,,,,,,0.1468,SAFE,,5,,t3257_0,0.24,NORMAL,LOCAL,SAFE: all tasks permitted (weight=0.24),
1771435998.428,0.1,52.24,4.7766,1.109,36.3,4,,,0.02033,0.0000,0.0000,0.3337,0.0000,0.2033,0.3144,0.1266,SAFE,False,5,3,,,,,,
1771435998.428,0.1,,,,,,,,,,,,,,,0.1266,SAFE,,4,,t3258_0,0.59,LOW,LOCAL,SAFE: all tasks permitted (weight=0.59),
1771435998.428,0.1,52.07,4.7582,1.163,40.2,4,,,0.01870,0.0000,0.0000,0.4174,0.0000,0.1870,0.3414,0.1412,SAFE,False,4,4,,,,,,
1771435998.429,0.1,,,,,,,,,,,,,,,0.1412,SAFE,,3,,t3259_0,0.37,CRITICAL,LOCAL,SAFE: all tasks permitted (weight=0.37),
1771435998.429,0.1,52.01,4.7148,1.180,41.4,4,5342.486,-102.76745,0.02386,0.0000,1.0000,0.6146,1.0000,0.2386,0.3500,0.6238,WARNING,False,3,5,,,,,,
1771435998.429,0.1,,,,,,,,,,,,,,,0.6238,WARNING,,3,,t3260_0,0.47,HIGH,OFFLOAD,WARNING: heavy task offloaded (weight=0.47 >= 0.3),
1771435998.429,0.1,52.35,4.7677,1.142,38.7,4,48486.343,-1.40037,0.02289,0.0000,1.0000,0.3741,1.0000,0.2289,0.3312,0.5878,CRITICAL,False,3,5,,,,,,
1771435998.429,0.1,52.11,4.7682,1.107,36.2,4,12609.653,3.37079,0.02281,0.0000,1.0000,0.3718,0.0000,0.2281,0.3137,0.3839,WARNING,False,3,5,,,,,,
1771435998.429,0.1,52.46,4.7640,1.075,33.9,3,1718.207,-15.03968,0.02273,0.0000,1.0000,0.3909,1.0000,0.2273,0.2824,0.5800,CRITICAL,False,3,5,,,,,,
1771435998.429,0.1,,,,,,,,,,,,,,,0.5800,CRITICAL,,3,,t3263_0,0.82,HIGH,OFFLOAD,CRITICAL: non-critical task offloaded (priority=HIGH),
1771435998.429,0.1,52.30,4.7861,1.045,31.8,3,26222.710,26.63988,0.01794,0.0000,1.0000,0.2905,0.0000,0.1794,0.2673,0.3592,WARNING,False,3,5,,,,,,
1771435998.429,0.1,,,,,,,,,,,,,,,0.3592,WARNING,,3,,t3264_0,0.58,LOW,OFFLOAD,WARNING: heavy task offloaded (weight=0.58 >= 0.3),
1771435998.429,0.1,52.14,4.6780,1.016,29.7,3,-4096.966,-64.30697,0.02925,0.0000,0.0000,0.7818,1.0000,0.2925,0.2532,0.3815,WARNING,False,3,5,,,,,,
1771435998.429,0.1,,,,,,,,,,,,,,,0.3815,WARNING,,3,,t3265_0,0.55,LOW,OFFLOAD,WARNING: heavy task offloaded (weight=0.55 >= 0.3),
1771435998.429,0.1,52.20,4.8064,0.990,27.9,3,-2461.749,29.95001,0.03250,0.0000,0.0000,0.1983,0.0000,0.3250,0.2401,0.1063,SAFE,False,3,5,,,,,,
1771435998.429,0.1,,,,,,,,,,,,,,,0.1063,SAFE,,2,,t3266_0,0.66,NORMAL,LOCAL,SAFE: all tasks permitted (weight=0.66),
1771435998.429,0.1,51.52,4.7880,1.062,33.0,3,-33354.859,29.92689,0.03306,0.0000,0.0000,0.2820,0.0000,0.3306,0.2760,0.1249,SAFE,False,2,6,,,,,,
1771435998.429,0.1,52.18,4.7935,1.033,30.9,3,,,0.03440,0.0000,0.0000,0.2567,0.0000,0.3440,0.2613,0.1200,SAFE,False,2,6,,,,,,
1771435998.429,0.1,52.51,4.7946,1.005,28.9,3,,,0.03493,0.0000,0.0000,0.2518,0.0000,0.3493,0.2476,0.1172,SAFE,False,8,0,,,,,,window_reset|B=8
1771435998.429,0.1,51.32,4.7961,0.980,27.1,3,,,0.03581,0.0000,0.0000,0.2450,0.0000,0.3581,0.2349,0.1146,SAFE,False,8,0,,,,,,
1771435998.429,0.1,51.99,4.7938,0.956,25.4,2,,,0.03635,0.0000,0.0000,0.2554,0.0000,0.3635,0.2081,0.1112,SAFE,False,8,0,,,,,,
1771435998.429,0.1,,,,,,,,,,,,,,,0.1112,SAFE,,7,,t3271_0,0.43,CRITICAL,LOCAL,SAFE: all tasks permitted (weight=0.43),
1771435998.429,0.1,51.53,4.7916,0.998,28.4,3,,,0.03246,0.0000,0.0000,0.2654,0.0000,0.3246,0.2439,0.1157,SAFE,False,7,1,,,,,,
1771435998.429,0.1,,,,,,,,,,,,,,,0.1157,SAFE,,6,,t3272_0,0.81,LOW,LOCAL,SAFE: all tasks permitted (weight=0.81),
1771435998.429,0.1,51.58,4.7625,1.092,35.2,4,,,0.03262,0.0000,0.0000,0.3979,0.0000,0.3262,0.3061,0.1456,SAFE,False,6,2,,,,,,
1771435998.429,0.1,51.35,4.7750,1.061,32.9,3,,,0.03252,0.0000,0.0000,0.3407,0.0000,0.3252,0.2753,0.1319,SAFE,False,6,2,,,,,,
1771435998.429,0.1,,,,,,,,,,,,,,,0.1319,SAFE,,5,,t3274_0,0.39,NORMAL,LOCAL,SAFE: all tasks permitted (weight=0.39),
1771435998.429,0.1,51.32,4.7298,1.088,34.8,3,,,0.03499,0.0000,0.0000,0.5466,0.0000,0.3499,0.2889,0.1638,SAFE,False,5,3,,,,,,
1771435998.429,0.1,51.54,4.7652,1.057,32.6,3,,,0.03489,0.0000,0.0000,0.3856,0.0000,0.3489,0.2733,0.1397,SAFE,False,5,3,,,,,,
1771435998.429,0.1,,,,,,,,,,,,,,,0.1397,SAFE,,4,,t3276_0,0.50,CRITICAL,LOCAL,SAFE: all tasks permitted (weight=0.50),
1771435998.429,0.1,51.97,4.7827,1.101,35.8,4,,,0.01999,0.0000,0.0000,0.3061,0.0000,0.1999,0.3106,0.1219,SAFE,False,4,4,,,,,,
1771435998.429,0.1,,,,,,,,,,,,,,,0.1219,SAFE,,3,,t3277_0,0.66,NORMAL,LOCAL,SAFE: all tasks permitted (weight=0.66),
1771435998.429,0.1,52.15,4.7548,1.166,40.5,4,,,0.01974,0.0000,0.0000,0.4328,0.0000,0.1974,0.3432,0.1446,SAFE,False,3,5,,,,,,
1771435998.429,0.1,,,,,,,,,,,,,,,0.1446,SAFE,,2,,t3278_0,0.24,LOW,LOCAL,SAFE: all tasks permitted (weight=0.24),
1771435998.429,0.1,52.18,4.7517,1.165,40.4,4,,,0.02063,0.0000,0.0000,0.4468,0.0000,0.2063,0.3427,0.1472,SAFE,False,2,6,,,,,,
1771435998.429,0.1,,,,,,,,,,,,,,,0.1472,SAFE,,1,,t3279_0,0.71,LOW,LOCAL,SAFE: all tasks permitted (weight=0.71),
1771435998.429,0.1,52.42,4.7112,1.233,45.2,5,,,0.02605,0.0000,0.0000,0.6308,0.0000,0.2605,0.3913,0.1863,SAFE,False,1,7,,,,,,
1771435998.429,0.1,,,,,,,,,,,,,,,0.1863,SAFE,,0,,t3280_0,0.26,HIGH,LOCAL,SAFE: all tasks permitted (weight=0.26),
1771435998.429,0.1,52.90,4.6991,1.230,45.0,5,,,0.03071,0.0000,0.0000,0.6860,0.0000,0.3071,0.3898,0.1979,SAFE,False,0,8,,,,,,
1771435998.429,0.1,,,,,,,,,,,,,,,0.1979,SAFE,,0,,t3281_0,0.62,NORMAL,OFFLOAD,"Budget exhausted (B=0), offloading. Original: SAFE: all tasks permitted (weight=0.62)",
1771435998.429,0.1,52.33,4.7254,1.189,42.0,4,,,0.02988,0.0000,0.0000,0.5663,0.0000,0.2988,0.3543,0.1744,SAFE,False,0,8,,,,,,
1771435998.429,0.1,52.07,4.7867,1.150,39.3,4,,,0.02913,0.0000,0.0000,0.2880,0.0000,0.2913,0.3351,0.1336,SAFE,False,0,8,,,,,,
1771435998.429,0.1,52.20,4.7920,1.115,36.8,4,,,0.02918,0.0000,0.0000,0.2637,0.0000,0.2918,0.3174,0.1269,SAFE,False,8,0,,,,,,window_reset|B=8
1771435998.429,0.1,,,,,,,,,,,,,,,0.1269,SAFE,,7,,t3284_0,0.83,LOW,LOCAL,SAFE: all tasks permitted (weight=0.83),
1771435998.429,0.1,53.00,4.7521,1.204,43.1,5,,,0.02904,0.0000,0.0000,0.4452,0.0000,0.2904,0.3770,0.1623,SAFE,False,7,1,,,,,,
1771435998.429,0.1,,,,,,,,,,,,,,,0.1623,SAFE,,6,,t3285_0,0.25,NORMAL,LOCAL,SAFE: all tasks permitted (weight=0.25),
1771435998.429,0.1,52.66,4.7203,1.201,43.0,4,,,0.02938,0.0000,0.0000,0.5897,0.0000,0.2938,0.3607,0.1782,SAFE,False,6,2,,,,,,
1771435998.429,0.1,,,,,,,,,,,,,,,0.1782,SAFE,,5,,t3286_0,0.42,NORMAL,LOCAL,SAFE: all tasks permitted (weight=0.42),
1771435998.429,0.1,52.90,4.7149,1.224,44.6,5,,,0.03039,0.0000,0.0000,0.6139,0.0000,0.3039,0.3872,0.1876,SAFE,False,5,3,,,,,,
1771435998.429,0.1,,,,,,,,,,,,,,,0.1876,SAFE,,4,,t3287_0,0.38,LOW,LOCAL,SAFE: all tasks permitted (weight=0.38),
1771435998.429,0.1,52.90,4.7494,1.239,45.6,5,,,0.02989,0.0000,0.0000,0.4574,0.0000,0.2989,0.3945,0.1683,SAFE,False,4,4,,,,,,
1771435998.429,0.1,,,,,,,,,,,,,,,0.1683,SAFE,,3,,t3288_0,0.57,CRITICAL,LOCAL,SAFE: all tasks permitted (weight=0.57),
1771435998.429,0.1,53.01,4.6986,1.280,48.6,5,,,0.03009,0.0000,0.0000,0.6881,0.0000,0.3009,0.4152,0.2026,SAFE,False,3,5,,,,,,
1771435998.429,0.1,,,,,,,,,,,,,,,0.2026,SAFE,,2,,t3289_0,0.47,HIGH,LOCAL,SAFE: all tasks permitted (weight=0.47),
1771435998.429,0.1,53.18,4.6824,1.305,50.3,5,,,0.03322,0.0000,0.0000,0.7618,0.0000,0.3322,0.4273,0.2177,SAFE,False,2,6,,,,,,
1771435998.429,0.1,,,,,,,,,,,,,,,0.2177,SAFE,,1,,t3290_0,0.54,HIGH,LOCAL,SAFE: all tasks permitted (weight=0.54),
1771435998.429,0.1,53.69,4.6690,1.338,52.7,6,,,0.03679,0.0000,0.0000,0.8225,0.0000,0.3679,0.4591,0.2355,SAFE,False,1,7,,,,,,
1771435998.429,0.1,53.48,4.7644,1.290,49.3,5,,,0.03803,0.0000,0.0000,0.3890,0.0000,0.3803,0.4198,0.1726,SAFE,False,1,7,,,,,,
1771435998.429,0.1,53.71,4.7120,1.244,46.0,5,,,0.03734,0.0000,0.0000,0.6275,0.0000,0.3734,0.3971,0.1983,SAFE,False,1,7,,,,,,
1771435998.429,0.1,54.12,4.7285,1.202,43.0,5,,,0.03731,0.0000,0.0000,0.5521,0.0000,0.3731,0.3760,0.1843,SAFE,False,1,7,,,,,,
1771435998.429,0.1,54.60,4.7814,1.163,40.2,4,,,0.03668,0.0000,0.0000,0.3117,0.0000,0.3668,0.3414,0.1455,SAFE,False,1,7,,,,,,
1771435998.429,0.1,,,,,,,,,,,,,,,0.1455,SAFE,,0,,t3295_0,0.66,NORMAL,LOCAL,SAFE: all tasks permitted (weight=0.66),
1771435998.429,0.1,54.20,4.6709,1.224,44.6,5,,,0.03497,0.0000,0.0000,0.8140,0.0000,0.3497,0.3870,0.2182,SAFE,False,0,8,,,,,,
1771435998.429,0.1,,,,,,,,,,,,,,,0.2182,SAFE,,0,,t3296_0,0.53,NORMAL,OFFLOAD,"Budget exhausted (B=0), offloading. Original: SAFE: all tasks permitted (weight=0.53)",
1771435998.429,0.1,54.17,4.7279,1.183,41.7,4,,,0.03376,0.0000,0.0000,0.5551,0.0000,0.3376,0.3517,0.1763,SAFE,False,0,8,,,,,,
1771435998.431,0.1,,,,,,,,,,,,,,,0.1763,SAFE,,0,,t3297_0,0.39,NORMAL,OFFLOAD,"Budget exhausted (B=0), offloading. Original: SAFE: all tasks permitted (weight=0.39)",
1771435998.431,0.1,54.50,4.7952,1.145,39.0,4,56559.968,80.87657,0.03990,0.0000,1.0000,0.2493,0.0000,0.3990,0.3327,0.3888,WARNING,False,0,8,,,,,,
1771435998.431,0.1,,,,,,,,,,,,,,,0.3888,WARNING,,0,,t3298_0,0.26,LOW,OFFLOAD,"Budget exhausted (B=0), offloading. Original: WARNING: lightweight task permitted (weight=0.26 < 0.3)",
1771435998.431,0.1,54.08,4.7710,1.110,36.4,4,16680.123,73.15073,0.04175,0.0000,1.0000,0.3589,0.0000,0.4175,0.3151,0.4014,WARNING,False,5,0,,,,,,window_reset|B=5
1771435998.431,0.1,,,,,,,,,,,,,,,0.4014,WARNING,,5,,t3299_0,0.65,LOW,OFFLOAD,WARNING: heavy task offloaded (weight=0.65 >= 0.3),
1771435998.431,0.1,54.55,4.8020,1.077,34.1,3,46085.286,26.92996,0.04616,0.0000,1.0000,0.2184,0.0000,0.4616,0.2837,0.3813,WARNING,False,5,0,,,,,,
1771435998.431,0.1,,,,,,,,,,,,,,,0.3813,WARNING,,5,,t3300_0,0.41,NORMAL,OFFLOAD,WARNING: heavy task offloaded (weight=0.41 >= 0.3),
1771435998.431,0.1,,,,,,,,,,,,,,,0.3813,WARNING,,5,,t3300_1,0.34,NORMAL,OFFLOAD,WARNING: heavy task offloaded (weight=0.34 >= 0.3),
1771435998.431,0.1,,,,,,,,,,,,,,,0.3813,WARNING,,5,,t3300_2,0.55,CRITICAL,OFFLOAD,WARNING: heavy task offloaded (weight=0.55 >= 0.3),
1771435998.431,0.1,,,,,,,,,,,,,,,0.3813,WARNING,,5,,t3300_3,0.33,CRITICAL,OFFLOAD,WARNING: heavy task offloaded (weight=0.33 >= 0.3),
1771435998.431,0.1,54.05,4.7599,1.047,31.9,3,14541.915,34.42391,0.04539,0.0000,1.0000,0.4093,0.0000,0.4539,0.2685,0.4023,WARNING,False,5,0,,,,,,
1771435998.431,0.1,,,,,,,,,,,,,,,0.4023,WARNING,,5,,t3301_0,0.36,HIGH,OFFLOAD,WARNING: heavy task offloaded (weight=0.36 >= 0.3),
1771435998.431,0.1,54.13,4.7861,1.019,29.9,3,323.356,41.30838,0.04369,0.0000,1.0000,0.2903,0.0000,0.4369,0.2543,0.3823,WARNING,False,5,0,,,,,,
1771435998.431,0.1,53.10,4.8404,0.992,28.0,3,-64404.523,42.27942,0.04375,0.0000,0.0000,0.0438,0.0000,0.4375,0.2411,0.0977,SAFE,False,5,0,,,,,,
1771435998.431,0.1,53.65,4.8233,0.968,26.3,2,-23557.196,109.27198,0.04697,0.0000,0.0000,0.1215,0.0000,0.4697,0.2139,0.1055,SAFE,False,5,0,,,,,,
1771435998.431,0.1,,,,,,,,,,,,,,,0.1055,SAFE,,4,,t3304_0,0.54,CRITICAL,LOCAL,SAFE: all tasks permitted (weight=0.54),
1771435998.431,0.1,53.43,4.8055,1.025,30.3,3,-31841.341,55.66655,0.04498,0.0000,0.0000,0.2023,0.0000,0.4498,0.2574,0.1228,SAFE,False,4,1,,,,,,
1771435998.431,0.1,,,,,,,,,,,,,,,0.1228,SAFE,,3,,t3305_0,0.50,HIGH,LOCAL,SAFE: all tasks permitted (weight=0.50),
1771435998.431,0.1,53.64,4.7458,1.072,33.7,3,,,0.04375,0.0000,0.0000,0.4736,0.0000,0.4375,0.2811,0.1615,SAFE,False,3,2,,,,,,
1771435998.431,0.1,52.98,4.7733,1.042,31.6,3,,,0.04372,0.0000,0.0000,0.3488,0.0000,0.4372,0.2660,0.1423,SAFE,False,3,2,,,,,,
1771435998.431,0.1,,,,,,,,,,,,,,,0.1423,SAFE,,2,,t3307_0,0.81,NORMAL,LOCAL,SAFE: all tasks permitted (weight=0.81),
1771435998.431,0.1,,,,,,,,,,,,,,,0.1423,SAFE,,1,,t3307_1,0.67,HIGH,LOCAL,SAFE: all tasks permitted (weight=0.67),
1771435998.431,0.1,53.63,4.7702,1.232,45.2,5,,,0.03067,0.0000,0.0000,0.3626,0.0000,0.3067,0.3912,0.1561,SAFE,False,1,4,,,,,,
1771435998.431,0.1,53.36,4.7604,1.191,42.2,4,,,0.02685,0.0000,0.0000,0.4074,0.0000,0.2685,0.3555,0.1509,SAFE,False,1,4,,,,,,
1771435998.431,0.1,53.76,4.7602,1.153,39.5,4,,,0.02759,0.0000,0.0000,0.4080,0.0000,0.2759,0.3363,0.1479,SAFE,False,1,4,,,,,,
1771435998.431,0.1,,,,,,,,,,,,,,,0.1479,SAFE,,0,,t3310_0,0.54,NORMAL,LOCAL,SAFE: all tasks permitted (weight=0.54),
1771435998.431,0.1,54.04,4.7247,1.197,42.6,4,,,0.03192,0.0000,0.0000,0.5696,0.0000,0.3192,0.3584,0.1777,SAFE,False,0,5,,,,,,
1771435998.431,0.1,53.90,4.7282,1.158,39.9,4,,,0.03401,0.0000,0.0000,0.5538,0.0000,0.3401,0.3390,0.1738,SAFE,False,0,5,,,,,,
1771435998.431,0.1,,,,,,,,,,,,,,,0.1738,SAFE,,0,,t3312_0,0.55,HIGH,OFFLOAD,"Budget exhausted (B=0), offloading. Original: SAFE: all tasks permitted (weight=0.55)",
1771435998.431,0.1,53.46,4.7856,1.122,37.3,4,,,0.03392,0.0000,0.0000,0.2925,0.0000,0.3392,0.3210,0.1361,SAFE,False,0,5,,,,,,
1771435998.431,0.1,53.74,4.7794,1.088,34.9,3,,,0.03379,0.0000,0.0000,0.3209,0.0000,0.3379,0.2892,0.1333,SAFE,False,8,0,,,,,,window_reset|B=8
1771435998.431,0.1,,,,,,,,,,,,,,,0.1333,SAFE,,7,,t3314_0,0.51,NORMAL,LOCAL,SAFE: all tasks permitted (weight=0.51),
1771435998.431,0.1,53.60,4.7660,1.133,38.1,4,,,0.02740,0.0000,0.0000,0.3817,0.0000,0.2740,0.3265,0.1423,SAFE,False,7,1,,,,,,
1771435998.431,0.1,53.71,4.7537,1.099,35.6,4,,,0.02205,0.0000,0.0000,0.4378,0.0000,0.2205,0.3094,0.1408,SAFE,False,7,1,,,,,,
1771435998.431,0.1,,,,,,,,,,,,,,,0.1408,SAFE,,6,,t3316_0,0.54,NORMAL,LOCAL,SAFE: all tasks permitted (weight=0.54),
1771435998.431,0.1,53.73,4.7841,1.147,39.1,4,,,0.01919,0.0000,0.0000,0.2998,0.0000,0.1919,0.3336,0.1249,SAFE,False,6,2,,,,,,
1771435998.432,0.1,,,,,,,,,,,,,,,0.1249,SAFE,,5,,t3317_0,0.74,HIGH,LOCAL,SAFE: all tasks permitted (weight=0.74),
1771435998.432,0.1,53.90,4.7865,1.222,44.4,5,8324.981,26.13270,0.01981,0.0000,1.0000,0.2884,0.0000,0.1981,0.3859,0.3845,WARNING,False,5,3,,,,,,
1771435998.432,0.1,53.84,4.7800,1.181,41.5,4,-11601.535,54.92492,0.02014,0.0000,0.0000,0.3182,0.0000,0.2014,0.3506,0.1316,SAFE,False,5,3,,,,,,
1771435998.432,0.1,,,,,,,,,,,,,,,0.1316,SAFE,,4,,t3319_0,0.54,CRITICAL,LOCAL,SAFE: all tasks permitted (weight=0.54),
1771435998.432,0.1,54.49,4.6917,1.223,44.5,5,35132.411,-36.17624,0.02841,0.0000,1.0000,0.7194,1.0000,0.2841,0.3865,0.6492,WARNING,False,4,4,,,,,,
1771435998.432,0.1,,,,,,,,,,,,,,,0.6492,WARNING,,4,,t3320_0,0.58,HIGH,OFFLOAD,WARNING: heavy task offloaded (weight=0.58 >= 0.3),
1771435998.432,0.1,53.48,4.7250,1.182,41.6,4,1314.434,-60.17446,0.02984,0.0000,1.0000,0.5680,1.0000,0.2984,0.3512,0.6239,CRITICAL,False,4,4,,,,,,
1771435998.432,0.1,,,,,,,,,,,,,,,0.6239,CRITICAL,,4,,t3321_0,0.82,HIGH,OFFLOAD,CRITICAL: non-critical task offloaded (priority=HIGH),
1771435998.432,0.1,,,,,,,,,,,,,,,0.6239,CRITICAL,,4,,t3321_1,0.82,HIGH,OFFLOAD,CRITICAL: non-critical task offloaded (priority=HIGH),
1771435998.432,0.1,53.71,4.7561,1.144,38.9,4,-1676.362,-23.17496,0.02981,0.0000,0.0000,0.4270,1.0000,0.2981,0.3322,0.3518,WARNING,False,4,4,,,,,,
1771435998.432,0.1,,,,,,,,,,,,,,,0.3518,WARNING,,4,,t3322_0,0.37,LOW,OFFLOAD,WARNING: heavy task offloaded (weight=0.37 >= 0.3),
1771435998.432,0.1,53.95,4.7577,1.109,36.4,4,20620.035,-8.29479,0.02836,0.0000,1.0000,0.4197,1.0000,0.2836,0.3147,0.5959,CRITICAL,False,4,4,,,,,,
1771435998.432,0.1,,,,,,,,,,,,,,,0.5959,CRITICAL,,3,,t3323_0,0.36,CRITICAL,LOCAL,CRITICAL: mission-critical task permitted locally (priority=CRITICAL),
1771435998.432,0.1,54.20,4.7527,1.131,37.9,4,29112.608,-0.94382,0.02700,0.0000,1.0000,0.4421,1.0000,0.2700,0.3253,0.5995,CRITICAL,False,3,5,,,,,,
1771435998.432,0.1,53.83,4.7841,1.096,35.5,4,5927.784,0.01015,0.02688,0.0000,1.0000,0.2997,0.0000,0.2688,0.3082,0.3775,WARNING,False,3,5,,,,,,
1771435998.432,0.1,53.90,4.7700,1.065,33.2,3,,,0.02643,0.0000,0.0000,0.3637,0.0000,0.2643,0.2773,0.1292,SAFE,False,3,5,,,,,,
1771435998.432,0.1,,,,,,,,,,,,,,,0.1292,SAFE,,2,,t3326_0,0.46,LOW,LOCAL,SAFE: all tasks permitted (weight=0.46),
1771435998.432,0.1,53.79,4.7234,1.103,35.9,4,,,0.02806,0.0000,0.0000,0.5756,0.0000,0.2806,0.3115,0.1652,SAFE,False,2,6,,,,,,
1771435998.432,0.1,53.95,4.7678,1.071,33.6,3,,,0.02826,0.0000,0.0000,0.3738,0.0000,0.2826,0.2804,0.1329,SAFE,False,2,6,,,,,,
1771435998.432,0.1,54.32,4.7741,1.041,31.5,3,,,0.02757,0.0000,0.0000,0.3451,0.0000,0.2757,0.2654,0.1255,SAFE,False,8,0,,,,,,window_reset|B=8
1771435998.432,0.1,,,,,,,,,,,,,,,0.1255,SAFE,,7,,t3329_0,0.81,NORMAL,LOCAL,SAFE: all tasks permitted (weight=0.81),
1771435998.432,0.1,53.72,4.7548,1.133,38.1,4,,,0.02597,0.0000,0.0000,0.4328,0.0000,0.2597,0.3266,0.1476,SAFE,False,7,1,,,,,,
1771435998.432,0.1,54.07,4.7617,1.099,35.6,4,,,0.02486,0.0000,0.0000,0.4016,0.0000,0.2486,0.3094,0.1389,SAFE,False,7,1,,,,,,
1771435998.432,0.1,,,,,,,,,,,,,,,0.1389,SAFE,,6,,t3331_0,0.34,CRITICAL,LOCAL,SAFE: all tasks permitted (weight=0.34),
1771435998.432,0.1,54.01,4.7772,1.118,37.0,4,,,0.01798,0.0000,0.0000,0.3311,0.0000,0.1798,0.3190,0.1248,SAFE,False,6,2,,,,,,
1771435998.432,0.1,,,,,,,,,,,,,,,0.1248,SAFE,,5,,t3332_0,0.30,NORMAL,LOCAL,SAFE: all tasks permitted (weight=0.30),
1771435998.432,0.1,53.68,4.7673,1.130,37.8,4,,,0.01492,0.0000,0.0000,0.3757,0.0000,0.1492,0.3249,0.1287,SAFE,False,5,3,,,,,,
1771435998.432,0.1,,,,,,,,,,,,,,,0.1287,SAFE,,4,,t3333_0,0.47,NORMAL,LOCAL,SAFE: all tasks permitted (weight=0.47),
1771435998.432,0.1,53.30,4.7490,1.166,40.4,4,,,0.01528,0.0000,0.0000,0.4589,0.0000,0.1528,0.3430,0.1435,SAFE,False,4,4,,,,,,
1771435998.432,0.1,,,,,,,,,,,,,,,0.1435,SAFE,,3,,t3334_0,0.28,LOW,LOCAL,SAFE: all tasks permitted (weight=0.28),
1771435998.432,0.1,53.59,4.7882,1.170,40.7,4,,,0.01687,0.0000,0.0000,0.2808,0.0000,0.1687,0.3451,0.1224,SAFE,False,3,5,,,,,,
1771435998.432,0.1,53.89,4.7615,1.133,38.1,4,,,0.01655,0.0000,0.0000,0.4024,0.0000,0.1655,0.3266,0.1342,SAFE,False,3,5,,,,,,
1771435998.432,0.1,,,,,,,,,,,,,,,0.1342,SAFE,,2,,t3336_0,0.39,HIGH,LOCAL,SAFE: all tasks permitted (weight=0.39),
1771435998.432,0.1,53.96,4.7287,1.157,39.8,4,,,0.01820,0.0000,0.0000,0.5513,0.0000,0.1820,0.3387,0.1576,SAFE,False,2,6,,,,,,
1771435998.432,0.1,53.61,4.7324,1.121,37.2,4,,,0.01946,0.0000,0.0000,0.5347,0.0000,0.1946,0.3206,0.1531,SAFE,False,2,6,,,,,,
1771435998.432,0.1,,,,,,,,,,,,,,,0.1531,SAFE,,1,,t3338_0,0.35,NORMAL,LOCAL,SAFE: all tasks permitted (weight=0.35),
1771435998.432,0.1,54.32,4.7689,1.140,38.6,4,,,0.01675,0.0000,0.0000,0.3687,0.0000,0.1675,0.3302,0.1307,SAFE,False,1,7,,,,,,
1771435998.432,0.1,,,,,,,,,,,,,,,0.1307,SAFE,,0,,t3339_0,0.53,HIGH,LOCAL,SAFE: all tasks permitted (weight=0.53),
1771435998.432,0.1,,,,,,,,,,,,,,,0.1307,SAFE,,0,,t3339_1,0.33,LOW,OFFLOAD,"Budget exhausted (B=0), offloading. Original: SAFE: all tasks permitted (weight=0.33)",
1771435998.432,0.1,53.61,4.7548,1.184,41.7,4,,,0.01669,0.0000,0.0000,0.4325,0.0000,0.1669,0.3522,0.1434,SAFE,False,0,8,,,,,,
1771435998.432,0.1,,,,,,,,,,,,,,,0.1434,SAFE,,0,,t3340_0,0.72,HIGH,OFFLOAD,"Budget exhausted (B=0), offloading. Original: SAFE: all tasks permitted (weight=0.72)",
1771435998.432,0.1,53.32,4.7730,1.147,39.0,4,,,0.01662,0.0000,0.0000,0.3499,0.0000,0.1662,0.3333,0.1288,SAFE,False,0,8,,,,,,
1771435998.432,0.1,,,,,,,,,,,,,,,0.1288,SAFE,,0,,t3341_0,0.31,CRITICAL,OFFLOAD,"Budget exhausted (B=0), offloading. Original: SAFE: all tasks permitted (weight=0.31)",
1771435998.432,0.1,,,,,,,,,,,,,,,0.1288,SAFE,,0,,t3341_1,0.39,HIGH,OFFLOAD,"Budget exhausted (B=0), offloading. Original: SAFE: all tasks permitted (weight=0.39)",
1771435998.432,0.1,53.76,4.7766,1.111,36.5,4,,,0.01716,0.0000,0.0000,0.3335,0.0000,0.1716,0.3156,0.1236,SAFE,False,0,8,,,,,,
1771435998.432,0.1,54.04,4.7816,1.078,34.2,3,,,0.01803,0.0000,0.0000,0.3108,0.0000,0.1803,0.2842,0.1153,SAFE,False,0,8,,,,,,
1771435998.432,0.1,,,,,,,,,,,,,,,0.1153,SAFE,,0,,t3343_0,0.47,LOW,OFFLOAD,"Budget exhausted (B=0), offloading. Original: SAFE: all tasks permitted (weight=0.47)",
1771435998.432,0.1,53.82,4.8173,1.048,32.0,3,,,0.02326,0.0000,0.0000,0.1486,0.0000,0.2326,0.2689,0.0964,SAFE,False,9,0,,,,,,window_reset|B=9
1771435998.432,0.1,,,,,,,,,,,,,,,0.0964,SAFE,,8,,t3344_0,0.33,HIGH,LOCAL,SAFE: all tasks permitted (weight=0.33),
1771435998.432,0.1,53.80,4.7556,1.068,33.5,3,,,0.02345,0.0000,0.0000,0.4291,0.0000,0.2345,0.2792,0.1351,SAFE,False,8,1,,,,,,
1771435998.432,0.1,,,,,,,,,,,,,,,0.1351,SAFE,,7,,t3345_0,0.24,LOW,LOCAL,SAFE: all tasks permitted (weight=0.24),
1771435998.432,0.1,54.12,4.7801,1.075,33.9,3,,,0.02319,0.0000,0.0000,0.3176,0.0000,0.2319,0.2823,0.1209,SAFE,False,7,2,,,,,,
1771435998.432,0.1,53.70,4.7912,1.044,31.7,3,,,0.02342,0.0000,0.0000,0.2673,0.0000,0.2342,0.2672,0.1116,SAFE,False,7,2,,,,,,
1771435998.432,0.1,,,,,,,,,,,,,,,0.1116,SAFE,,6,,t3347_0,0.22,NORMAL,LOCAL,SAFE: all tasks permitted (weight=0.22),
1771435998.432,0.1,53.75,4.7904,1.049,32.0,3,,,0.02405,0.0000,0.0000,0.2709,0.0000,0.2405,0.2693,0.1131,SAFE,False,6,3,,,,,,
1771435998.432,0.1,,,,,,,,,,,,,,,0.1131,SAFE,,5,,t3348_0,0.49,HIGH,LOCAL,SAFE: all tasks permitted (weight=0.49),
1771435998.432,0.1,53.46,4.7892,1.093,35.2,4,,,0.02080,0.0000,0.0000,0.2766,0.0000,0.2080,0.3064,0.1180,SAFE,False,5,4,,,,,,
1771435998.432,0.1,,,,,,,,,,,,,,,0.1180,SAFE,,4,,t3349_0,0.34,HIGH,LOCAL,SAFE: all tasks permitted (weight=0.34),
1771435998.432,0.1,53.30,4.7684,1.111,36.5,4,,,0.01644,0.0000,0.0000,0.3709,0.0000,0.1644,0.3157,0.1278,SAFE,False,4,5,,,,,,
1771435998.432,0.1,,,,,,,,,,,,,,,0.1278,SAFE,,3,,t3350_0,0.57,CRITICAL,LOCAL,SAFE: all tasks permitted (weight=0.57),
1771435998.432,0.1,53.50,4.7779,1.164,40.3,4,,,0.01617,0.0000,0.0000,0.3279,0.0000,0.1617,0.3418,0.1272,SAFE,False,3,6,,,,,,
1771435998.432,0.1,,,,,,,,,,,,,,,0.1272,SAFE,,2,,t3351_0,0.41,HIGH,LOCAL,SAFE: all tasks permitted (weight=0.41),
1771435998.432,0.1,53.55,4.7238,1.188,42.0,4,,,0.02152,0.0000,0.0000,0.5735,0.0000,0.2152,0.3542,0.1669,SAFE,False,2,7,,,,,,
1771435998.432,0.1,,,,,,,,,,,,,,,0.1669,SAFE,,1,,t3352_0,0.40,LOW,LOCAL,SAFE: all tasks permitted (weight=0.40),
1771435998.432,0.1,53.76,4.7712,1.209,43.5,5,,,0.02156,0.0000,0.0000,0.3582,0.0000,0.2156,0.3796,0.1440,SAFE,False,1,8,,,,,,
1771435998.432,0.1,,,,,,,,,,,,,,,0.1440,SAFE,,0,,t3353_0,0.55,LOW,LOCAL,SAFE: all tasks permitted (weight=0.55),
1771435998.432,0.1,53.85,4.7068,1.251,46.5,5,,,0.02899,0.0000,0.0000,0.6508,0.0000,0.2899,0.4007,0.1937,SAFE,False,0,9,,,,,,
1771435998.432,0.1,53.66,4.7339,1.209,43.5,5,,,0.03052,0.0000,0.0000,0.5278,0.0000,0.3052,0.3794,0.1750,SAFE,False,0,9,,,,,,
1771435998.433,0.1,,,,,,,,,,,,,,,0.1750,SAFE,,0,,t3355_0,0.45,NORMAL,OFFLOAD,"Budget exhausted (B=0), offloading. Original: SAFE: all tasks permitted (weight=0.45)",
1771435998.433,0.1,,,,,,,,,,,,,,,0.1750,SAFE,,0,,t3355_1,0.50,NORMAL,OFFLOAD,"Budget exhausted (B=0), offloading. Original: SAFE: all tasks permitted (weight=0.50)",
1771435998.433,0.1,53.84,4.7488,1.169,40.7,4,3606.969,-27.63568,0.02678,0.0000,1.0000,0.4599,1.0000,0.2678,0.3446,0.6055,WARNING,False,0,9,,,,,,
1771435998.433,0.1,,,,,,,,,,,,,,,0.6055,WARNING,,0,,t3356_0,0.81,NORMAL,OFFLOAD,WARNING: heavy task offloaded (weight=0.81 >= 0.3),
1771435998.433,0.1,53.83,4.7323,1.132,38.0,4,14444.160,-37.77823,0.02795,0.0000,1.0000,0.5349,1.0000,0.2795,0.3261,0.6127,CRITICAL,False,0,9,,,,,,
1771435998.433,0.1,,,,,,,,,,,,,,,0.6127,CRITICAL,,0,,t3357_0,0.49,HIGH,OFFLOAD,CRITICAL: non-critical task offloaded (priority=HIGH),
1771435998.433,0.1,53.95,4.7804,1.098,35.6,4,26181.707,7.98065,0.02797,0.0000,1.0000,0.3163,0.0000,0.2797,0.3090,0.3809,WARNING,False,0,9,,,,,,
1771435998.433,0.1,,,,,,,,,,,,,,,0.3809,WARNING,,0,,t3358_0,0.60,NORMAL,OFFLOAD,WARNING: heavy task offloaded (weight=0.60 >= 0.3),
1771435998.433,0.1,,,,,,,,,,,,,,,0.3809,WARNING,,0,,t3358_1,0.58,NORMAL,OFFLOAD,WARNING: heavy task offloaded (weight=0.58 >= 0.3),
1771435998.433,0.1,53.90,4.8123,1.066,33.3,3,15952.645,22.86938,0.03045,0.0000,1.0000,0.1716,0.0000,0.3045,0.2780,0.3584,WARNING,False,6,0,,,,,,window_reset|B=6
1771435998.433,0.1,,,,,,,,,,,,,,,0.3584,WARNING,,6,,t3359_0,0.48,CRITICAL,OFFLOAD,WARNING: heavy task offloaded (weight=0.48 >= 0.3),
1771435998.433,0.1,53.36,4.8148,1.036,31.2,3,-7648.139,60.48775,0.03304,0.0000,0.0000,0.1599,0.0000,0.3304,0.2632,0.1065,SAFE,False,6,0,,,,,,
1771435998.433,0.1,,,,,,,,,,,,,,,0.1065,SAFE,,5,,t3360_0,0.74,CRITICAL,LOCAL,SAFE: all tasks permitted (weight=0.74),
1771435998.433,0.1,54.19,4.7608,1.119,37.1,4,17411.017,-6.89708,0.03210,0.0000,1.0000,0.4053,1.0000,0.3210,0.3195,0.5987,WARNING,False,5,1,,,,,,
1771435998.433,0.1,,,,,,,,,,,,,,,0.5987,WARNING,,5,,t3361_0,0.65,NORMAL,OFFLOAD,WARNING: heavy task offloaded (weight=0.65 >= 0.3),
1771435998.433,0.1,53.55,4.7769,1.086,34.7,3,-12114.798,46.56931,0.03235,0.0000,0.0000,0.3323,0.0000,0.3235,0.2878,0.1331,SAFE,False,5,1,,,,,,
1771435998.433,0.1,53.86,4.7868,1.055,32.5,3,7703.950,35.18292,0.03282,0.0000,1.0000,0.2872,0.0000,0.3282,0.2723,0.3746,WARNING,False,5,1,,,,,,
1771435998.433,0.1,53.58,4.7852,1.026,30.4,3,,,0.03114,0.0000,0.0000,0.2948,0.0000,0.3114,0.2578,0.1210,SAFE,False,5,1,,,,,,
1771435998.433,0.1,,,,,,,,,,,,,,,0.1210,SAFE,,4,,t3364_0,0.28,LOW,LOCAL,SAFE: all tasks permitted (weight=0.28),
1771435998.433,0.1,53.16,4.7736,1.040,31.5,3,,,0.03117,0.0000,0.0000,0.3474,0.0000,0.3117,0.2652,0.1294,SAFE,False,4,2,,,,,,
1771435998.433,0.1,,,,,,,,,,,,,,,0.1294,SAFE,,3,,t3365_0,0.34,HIGH,LOCAL,SAFE: all tasks permitted (weight=0.34),
1771435998.433,0.1,53.31,4.7848,1.063,33.1,3,,,0.02540,0.0000,0.0000,0.2963,0.0000,0.2540,0.2766,0.1192,SAFE,False,3,3,,,,,,
1771435998.433,0.1,,,,,,,,,,,,,,,0.1192,SAFE,,2,,t3366_0,0.37,NORMAL,LOCAL,SAFE: all tasks permitted (weight=0.37),
1771435998.433,0.1,53.48,4.7930,1.089,34.9,3,,,0.02268,0.0000,0.0000,0.2589,0.0000,0.2268,0.2894,0.1142,SAFE,False,2,4,,,,,,
1771435998.433,0.1,,,,,,,,,,,,,,,0.1142,SAFE,,1,,t3367_0,0.81,NORMAL,LOCAL,SAFE: all tasks permitted (weight=0.81),
1771435998.433,0.1,53.29,4.7726,1.178,41.3,4,,,0.02092,0.0000,0.0000,0.3518,0.0000,0.2092,0.3492,0.1365,SAFE,False,1,5,,,,,,
1771435998.433,0.1,53.85,4.7627,1.141,38.6,4,,,0.01616,0.0000,0.0000,0.3970,0.0000,0.1616,0.3304,0.1339,SAFE,False,1,5,,,,,,
1771435998.433,0.1,54.01,4.7474,1.106,36.1,4,,,0.01903,0.0000,0.0000,0.4662,0.0000,0.1903,0.3130,0.1422,SAFE,False,1,5,,,,,,
1771435998.433,0.1,,,,,,,,,,,,,,,0.1422,SAFE,,0,,t3370_0,0.59,CRITICAL,LOCAL,SAFE: all tasks permitted (weight=0.59),
1771435998.433,0.1,53.06,4.7319,1.162,40.2,4,,,0.02087,0.0000,0.0000,0.5369,0.0000,0.2087,0.3412,0.1589,SAFE,False,0,6,,,,,,
1771435998.433,0.1,53.64,4.7423,1.126,37.6,4,,,0.01861,0.0000,0.0000,0.4895,0.0000,0.1861,0.3230,0.1468,SAFE,False,0,6,,,,,,
1771435998.433,0.1,,,,,,,,,,,,,,,0.1468,SAFE,,0,,t3372_0,0.45,NORMAL,OFFLOAD,"Budget exhausted (B=0), offloading. Original: SAFE: all tasks permitted (weight=0.45)",
1771435998.433,0.1,,,,,,,,,,,,,,,0.1468,SAFE,,0,,t3372_1,0.57,LOW,OFFLOAD,"Budget exhausted (B=0), offloading. Original: SAFE: all tasks permitted (weight=0.57)",
1771435998.433,0.1,53.40,4.7394,1.092,35.1,4,,,0.02019,0.0000,0.0000,0.5028,0.0000,0.2019,0.3060,0.1468,SAFE,False,0,6,,,,,,
1771435998.433,0.1,53.63,4.7933,1.061,32.9,3,,,0.02138,0.0000,0.0000,0.2577,0.0000,0.2138,0.2753,0.1099,SAFE,False,8,0,,,,,,window_reset|B=8
1771435998.433,0.1,,,,,,,,,,,,,,,0.1099,SAFE,,7,,t3374_0,0.70,NORMAL,LOCAL,SAFE: all tasks permitted (weight=0.70),
1771435998.433,0.1,53.17,4.7228,1.136,38.3,4,,,0.02380,0.0000,0.0000,0.5781,0.0000,0.2380,0.3280,0.1646,SAFE,False,7,1,,,,,,
1771435998.433,0.1,,,,,,,,,,,,,,,0.1646,SAFE,,6,,t3375_0,0.48,NORMAL,LOCAL,SAFE: all tasks permitted (weight=0.48),
1771435998.433,0.1,53.11,4.7539,1.173,40.9,4,,,0.02287,0.0000,0.0000,0.4368,0.0000,0.2287,0.3466,0.1490,SAFE,False,6,2,,,,,,
1771435998.433,0.1,,,,,,,,,,,,,,,0.1490,SAFE,,5,,t3376_0,0.25,HIGH,LOCAL,SAFE: all tasks permitted (weight=0.25),
1771435998.433,0.1,,,,,,,,,,,,,,,0.1490,SAFE,,4,,t3376_1,0.58,LOW,LOCAL,SAFE: all tasks permitted (weight=0.58),
1771435998.433,0.1,53.46,4.7209,1.260,47.2,5,,,0.02478,0.0000,0.0000,0.5870,0.0000,0.2478,0.4052,0.1821,SAFE,False,4,4,,,,,,
1771435998.433,0.1,,,,,,,,,,,,,,,0.1821,SAFE,,3,,t3377_0,0.69,LOW,LOCAL,SAFE: all tasks permitted (weight=0.69),
1771435998.433,0.1,53.83,4.6499,1.320,51.4,6,,,0.03665,0.0000,0.0000,0.9094,0.0000,0.3665,0.4501,0.2449,SAFE,False,3,5,,,,,,
1771435998.433,0.1,,,,,,,,,,,,,,,0.2449,SAFE,,2,,t3378_0,0.62,NORMAL,LOCAL,SAFE: all tasks permitted (weight=0.62),
1771435998.433,0.1,,,,,,,,,,,,,,,0.2449,SAFE,,1,,t3378_1,0.69,LOW,LOCAL,SAFE: all tasks permitted (weight=0.69),
1771435998.433,0.1,54.75,4.6637,1.469,62.1,7,,,0.03960,0.0000,0.0000,0.8469,0.0000,0.3960,0.5394,0.2576,WARNING,False,1,7,,,,,,
1771435998.434,0.1,,,,,,,,,,,,,,,0.2576,WARNING,,1,,t3379_0,0.41,NORMAL,OFFLOAD,WARNING: heavy task offloaded (weight=0.41 >= 0.3),
1771435998.434,0.1,54.71,4.6863,1.411,57.9,6,63405.928,-55.73167,0.03966,0.0000,1.0000,0.7439,1.0000,0.3966,0.4955,0.6855,CRITICAL,False,1,7,,,,,,
1771435998.434,0.1,,,,,,,,,,,,,,,0.6855,CRITICAL,,1,,t3380_0,0.76,LOW,OFFLOAD,CRITICAL: non-critical task offloaded (priority=LOW),
1771435998.434,0.1,54.58,4.7137,1.357,54.1,6,70421.846,-25.59372,0.03819,0.0000,1.0000,0.6196,1.0000,0.3819,0.4686,0.6625,CRITICAL,False,1,7,,,,,,
1771435998.434,0.1,,,,,,,,,,,,,,,0.6625,CRITICAL,,1,,t3381_0,0.58,NORMAL,OFFLOAD,CRITICAL: non-critical task offloaded (priority=NORMAL),
1771435998.434,0.1,54.62,4.7345,1.307,50.5,5,58777.993,-58.54793,0.03764,0.0000,1.0000,0.5249,1.0000,0.3764,0.4285,0.6416,CRITICAL,False,1,7,,,,,,
1771435998.434,0.1,,,,,,,,,,,,,,,0.6416,CRITICAL,,1,,t3382_0,0.37,NORMAL,OFFLOAD,CRITICAL: non-critical task offloaded (priority=NORMAL),
1771435998.434,0.1,55.16,4.6930,1.261,47.2,5,119353.652,-29.72415,0.03824,0.0000,1.0000,0.7138,1.0000,0.3824,0.4053,0.6621,CRITICAL,False,1,7,,,,,,
1771435998.434,0.1,,,,,,,,,,,,,,,0.6621,CRITICAL,,0,,t3383_0,0.54,CRITICAL,LOCAL,CRITICAL: mission-critical task permitted locally (priority=CRITICAL),
1771435998.434,0.1,,,,,,,,,,,,,,,0.6621,CRITICAL,,0,,t3383_1,0.24,HIGH,OFFLOAD,CRITICAL: non-critical task offloaded (priority=HIGH),
1771435998.434,0.1,54.92,4.7014,1.299,49.9,5,108400.331,-52.27963,0.03772,0.0000,1.0000,0.6754,1.0000,0.3772,0.4244,0.6604,CRITICAL,False,0,8,,,,,,
1771435998.434,0.1,,,,,,,,,,,,,,,0.6604,CRITICAL,,0,,t3384_0,0.35,NORMAL,OFFLOAD,CRITICAL: non-critical task offloaded (priority=NORMAL),
1771435998.434,0.1,,,,,,,,,,,,,,,0.6604,CRITICAL,,0,,t3384_1,0.39,NORMAL,OFFLOAD,CRITICAL: non-critical task offloaded (priority=NORMAL),
1771435998.434,0.1,55.40,4.7466,1.253,46.6,5,115740.534,25.64777,0.03817,0.0000,1.0000,0.4699,0.0000,0.3817,0.4014,0.4295,CRITICAL,False,0,8,,,,,,
1771435998.434,0.1,54.54,4.7491,1.210,43.6,5,42112.529,98.80136,0.03209,0.0000,1.0000,0.4584,0.0000,0.3209,0.3800,0.4177,WARNING,False,0,8,,,,,,
1771435998.434,0.1,55.42,4.7365,1.170,40.7,4,39871.367,72.49227,0.03271,0.0000,1.0000,0.5160,0.0000,0.3271,0.3452,0.4188,WARNING,False,0,8,,,,,,
1771435998.434,0.1,,,,,,,,,,,,,,,0.4188,WARNING,,0,,t3387_0,0.70,NORMAL,OFFLOAD,WARNING: heavy task offloaded (weight=0.70 >= 0.3),
1771435998.434,0.1,55.49,4.7533,1.133,38.1,4,,,0.03265,0.0000,0.0000,0.4395,0.0000,0.3265,0.3267,0.1551,SAFE,False,0,8,,,,,,
1771435998.434,0.1,,,,,,,,,,,,,,,0.1551,SAFE,,0,,t3388_0,0.62,HIGH,OFFLOAD,"Budget exhausted (B=0), offloading. Original: SAFE: all tasks permitted (weight=0.62)",
1771435998.434,0.1,55.15,4.7768,1.099,35.6,4,,,0.03719,0.0000,0.0000,0.3329,0.0000,0.3719,0.3095,0.1424,SAFE,False,8,0,,,,,,window_reset|B=8
1771435998.434,0.1,,,,,,,,,,,,,,,0.1424,SAFE,,7,,t3389_0,0.73,NORMAL,LOCAL,SAFE: all tasks permitted (weight=0.73),
1771435998.434,0.1,55.23,4.7306,1.176,41.1,4,,,0.03127,0.0000,0.0000,0.5428,0.0000,0.3127,0.3480,0.1714,SAFE,False,7,1,,,,,,
1771435998.434,0.1,,,,,,,,,,,,,,,0.1714,SAFE,,6,,t3390_0,0.72,NORMAL,LOCAL,SAFE: all tasks permitted (weight=0.72),
1771435998.434,0.1,55.59,4.7491,1.246,46.2,5,,,0.02606,0.0000,0.0000,0.4587,0.0000,0.2606,0.3982,0.1653,SAFE,False,6,2,,,,,,
1771435998.434,0.1,55.26,4.7342,1.204,43.2,5,,,0.02233,0.0000,0.0000,0.5262,0.0000,0.2233,0.3771,0.1662,SAFE,False,6,2,,,,,,
1771435998.434,0.1,,,,,,,,,,,,,,,0.1662,SAFE,,5,,t3392_0,0.40,NORMAL,LOCAL,SAFE: all tasks permitted (weight=0.40),
1771435998.434,0.1,55.83,4.7406,1.225,44.6,5,,,0.02142,0.0000,0.0000,0.4972,0.0000,0.2142,0.3875,0.1636,SAFE,False,5,3,,,,,,
1771435998.434,0.1,,,,,,,,,,,,,,,0.1636,SAFE,,4,,t3393_0,0.59,LOW,LOCAL,SAFE: all tasks permitted (weight=0.59),
1771435998.434,0.1,55.42,4.7154,1.273,48.0,5,,,0.02226,0.0000,0.0000,0.6120,0.0000,0.2226,0.4113,0.1841,SAFE,False,4,4,,,,,,
1771435998.434,0.1,,,,,,,,,,,,,,,0.1841,SAFE,,3,,t3394_0,0.56,HIGH,LOCAL,SAFE: all tasks permitted (weight=0.56),
1771435998.434,0.1,,,,,,,,,,,,,,,0.1841,SAFE,,2,,t3394_1,0.47,NORMAL,LOCAL,SAFE: all tasks permitted (weight=0.47),
1771435998.434,0.1,56.16,4.7004,1.383,55.9,6,,,0.02114,0.0000,0.0000,0.6799,0.0000,0.2114,0.4815,0.2058,SAFE,False,2,6,,,,,,
1771435998.434,0.1,55.86,4.7369,1.331,52.2,6,,,0.01837,0.0000,0.0000,0.5140,0.0000,0.1837,0.4555,0.1763,SAFE,False,2,6,,,,,,
1771435998.434,0.1,,,,,,,,,,,,,,,0.1763,SAFE,,1,,t3396_0,0.27,HIGH,LOCAL,SAFE: all tasks permitted (weight=0.27),
1771435998.434,0.1,55.74,4.7341,1.323,51.6,6,,,0.01827,0.0000,0.0000,0.5268,0.0000,0.1827,0.4515,0.1770,SAFE,False,1,7,,,,,,
1771435998.434,0.1,,,,,,,,,,,,,,,0.1770,SAFE,,0,,t3397_0,0.72,HIGH,LOCAL,SAFE: all tasks permitted (weight=0.72),
1771435998.434,0.1,56.17,4.6940,1.383,55.9,6,,,0.02154,0.0000,0.0000,0.7089,0.0000,0.2154,0.4816,0.2100,SAFE,False,0,8,,,,,,
1771435998.434,0.1,,,,,,,,,,,,,,,0.2100,SAFE,,0,,t3398_0,0.55,LOW,OFFLOAD,"Budget exhausted (B=0), offloading. Original: SAFE: all tasks permitted (weight=0.55)",
1771435998.434,0.1,56.17,4.6992,1.331,52.2,6,,,0.02348,0.0000,0.0000,0.6852,0.0000,0.2348,0.4557,0.2037,SAFE,False,0,8,,,,,,
1771435998.434,0.1,,,,,,,,,,,,,,,0.2037,SAFE,,0,,t3399_0,0.49,NORMAL,OFFLOAD,"Budget exhausted (B=0), offloading. Original: SAFE: all tasks permitted (weight=0.49)",
1771435998.434,0.1,,,,,,,,,,,,,,,0.2037,SAFE,,0,,t3399_1,0.85,HIGH,OFFLOAD,"Budget exhausted (B=0), offloading. Original: SAFE: all tasks permitted (weight=0.85)",
1771435998.434,0.1,56.09,4.7461,1.283,48.8,5,,,0.02297,0.0000,0.0000,0.4723,0.0000,0.2297,0.4165,0.1677,SAFE,False,0,8,,,,,,
1771435998.434,0.1,56.13,4.6931,1.238,45.6,5,,,0.02019,0.0000,0.0000,0.7133,0.0000,0.2019,0.3941,0.1917,SAFE,False,0,8,,,,,,
1771435998.434,0.1,,,,,,,,,,,,,,,0.1917,SAFE,,0,,t3401_0,0.28,HIGH,OFFLOAD,"Budget exhausted (B=0), offloading. Original: SAFE: all tasks permitted (weight=0.28)",
1771435998.434,0.1,56.26,4.7743,1.196,42.6,4,,,0.02469,0.0000,0.0000,0.3443,0.0000,0.2469,0.3582,0.1411,SAFE,False,0,8,,,,,,
1771435998.434,0.1,56.10,4.7699,1.158,39.8,4,,,0.02686,0.0000,0.0000,0.3642,0.0000,0.2686,0.3388,0.1420,SAFE,False,0,8,,,,,,
1771435998.434,0.1,,,,,,,,,,,,,,,0.1420,SAFE,,0,,t3403_0,0.22,HIGH,OFFLOAD,"Budget exhausted (B=0), offloading. Original: SAFE: all tasks permitted (weight=0.22)",
1771435998.434,0.1,56.79,4.7589,1.122,37.3,4,,,0.02815,0.0000,0.0000,0.4141,0.0000,0.2815,0.3208,0.1461,SAFE,False,8,0,,,,,,window_reset|B=8
1771435998.434,0.1,,,,,,,,,,,,,,,0.1461,SAFE,,7,,t3404_0,0.77,NORMAL,LOCAL,SAFE: all tasks permitted (weight=0.77),
1771435998.434,0.1,,,,,,,,,,,,,,,0.1461,SAFE,,6,,t3404_1,0.64,HIGH,LOCAL,SAFE: all tasks permitted (weight=0.64),
1771435998.434,0.1,57.15,4.7259,1.300,50.0,5,,,0.02799,0.0000,0.0000,0.5642,0.0000,0.2799,0.4251,0.1864,SAFE,False,6,2,,,,,,
1771435998.434,0.1,,,,,,,,,,,,,,,0.1864,SAFE,,5,,t3405_0,0.68,HIGH,LOCAL,SAFE: all tasks permitted (weight=0.68),
1771435998.434,0.1,57.06,4.6990,1.357,54.0,6,,,0.02901,0.0000,0.0000,0.6864,0.0000,0.2901,0.4683,0.2119,SAFE,False,5,3,,,,,,
1771435998.434,0.1,56.24,4.7051,1.307,50.5,5,,,0.02867,0.0000,0.0000,0.6588,0.0000,0.2867,0.4283,0.2000,SAFE,False,5,3,,,,,,
1771435998.434,0.1,,,,,,,,,,,,,,,0.2000,SAFE,,4,,t3407_0,0.62,NORMAL,LOCAL,SAFE: all tasks permitted (weight=0.62),
1771435998.434,0.1,56.67,4.6830,1.354,53.9,6,,,0.03105,0.0000,0.0000,0.7591,0.0000,0.3105,0.4670,0.2231,SAFE,False,4,4,,,,,,
1771435998.434,0.1,,,,,,,,,,,,,,,0.2231,SAFE,,3,,t3408_0,0.37,NORMAL,LOCAL,SAFE: all tasks permitted (weight=0.37),
1771435998.434,0.1,57.11,4.6864,1.360,54.3,6,,,0.03247,0.0000,0.0000,0.7436,0.0000,0.3247,0.4698,0.2231,SAFE,False,3,5,,,,,,
1771435998.434,0.1,56.40,4.7632,1.309,50.7,5,,,0.03355,0.0000,0.0000,0.3944,0.0000,0.3355,0.4297,0.1708,SAFE,False,3,5,,,,,,
1771435998.434,0.1,57.83,4.7470,1.263,47.3,5,,,0.03305,0.0000,0.0000,0.4680,0.0000,0.3305,0.4063,0.1752,SAFE,False,3,5,,,,,,
1771435998.434,0.1,,,,,,,,,,,,,,,0.1752,SAFE,,2,,t3411_0,0.70,LOW,LOCAL,SAFE: all tasks permitted (weight=0.70),
1771435998.434,0.1,56.93,4.7028,1.324,51.7,6,,,0.03338,0.0000,0.0000,0.6689,0.0000,0.3338,0.4521,0.2108,SAFE,False,2,6,,,,,,
1771435998.434,0.1,,,,,,,,,,,,,,,0.2108,SAFE,,1,,t3412_0,0.43,NORMAL,LOCAL,SAFE: all tasks permitted (weight=0.43),
1771435998.434,0.1,57.02,4.7171,1.341,52.9,6,,,0.03205,0.0000,0.0000,0.6040,0.0000,0.3205,0.4606,0.2027,SAFE,False,1,7,,,,,,
1771435998.434,0.1,,,,,,,,,,,,,,,0.2027,SAFE,,0,,t3413_0,0.53,NORMAL,LOCAL,SAFE: all tasks permitted (weight=0.53),
1771435998.434,0.1,57.51,4.6875,1.372,55.1,6,,,0.03048,0.0000,0.0000,0.7384,0.0000,0.3048,0.4760,0.2217,SAFE,False,0,8,,,,,,
1771435998.434,0.1,,,,,,,,,,,,,,,0.2217,SAFE,,0,,t3414_0,0.64,NORMAL,OFFLOAD,"Budget exhausted (B=0), offloading. Original: SAFE: all tasks permitted (weight=0.64)",
1771435998.434,0.1,57.38,4.6995,1.321,51.5,6,,,0.02698,0.0000,0.0000,0.6841,0.0000,0.2698,0.4504,0.2060,SAFE,False,0,8,,,,,,
1771435998.434,0.1,,,,,,,,,,,,,,,0.2060,SAFE,,0,,t3415_0,0.82,HIGH,OFFLOAD,"Budget exhausted (B=0), offloading. Original: SAFE: all tasks permitted (weight=0.82)",
1771435998.434,0.1,57.86,4.7012,1.273,48.1,5,,,0.02360,0.0000,0.0000,0.6766,0.0000,0.2360,0.4117,0.1939,SAFE,False,0,8,,,,,,
1771435998.434,0.1,57.75,4.7689,1.229,44.9,5,,,0.02852,0.0000,0.0000,0.3687,0.0000,0.2852,0.3896,0.1544,SAFE,False,0,8,,,,,,
1771435998.434,0.1,57.20,4.7539,1.188,42.0,4,,,0.03020,0.0000,0.0000,0.4367,0.0000,0.3020,0.3540,0.1578,SAFE,False,0,8,,,,,,
1771435998.434,0.1,,,,,,,,,,,,,,,0.1578,SAFE,,0,,t3418_0,0.58,LOW,OFFLOAD,"Budget exhausted (B=0), offloading. Original: SAFE: all tasks permitted (weight=0.58)",
1771435998.434,0.1,57.61,4.7892,1.150,39.3,4,,,0.03565,0.0000,0.0000,0.2766,0.0000,0.3565,0.3349,0.1386,SAFE,False,8,0,,,,,,window_reset|B=8
1771435998.436,0.1,,,,,,,,,,,,,,,0.1386,SAFE,,7,,t3419_0,0.83,LOW,LOCAL,SAFE: all tasks permitted (weight=0.83),
1771435998.436,0.1,57.41,4.7452,1.240,45.7,5,19213.120,28.21623,0.03364,0.0000,1.0000,0.4762,0.0000,0.3364,0.3948,0.4245,WARNING,False,7,1,,,,,,
1771435998.436,0.1,,,,,,,,,,,,,,,0.4245,WARNING,,7,,t3420_0,0.67,NORMAL,OFFLOAD,WARNING: heavy task offloaded (weight=0.67 >= 0.3),
1771435998.436,0.1,57.93,4.7245,1.198,42.7,4,36244.465,4.90532,0.03106,0.0000,1.0000,0.5705,0.0000,0.3106,0.3589,0.4270,WARNING,False,7,1,,,,,,
1771435998.436,0.1,,,,,,,,,,,,,,,0.4270,WARNING,,7,,t3421_0,0.71,NORMAL,OFFLOAD,WARNING: heavy task offloaded (weight=0.71 >= 0.3),
1771435998.436,0.1,57.18,4.7588,1.159,39.9,4,-12939.916,47.39903,0.03072,0.0000,0.0000,0.4147,0.0000,0.3072,0.3395,0.1525,SAFE,False,7,1,,,,,,
1771435998.436,0.1,57.44,4.7537,1.123,37.3,4,2384.719,36.04558,0.03103,0.0000,1.0000,0.4379,0.0000,0.3103,0.3214,0.4022,WARNING,False,7,1,,,,,,
1771435998.436,0.1,,,,,,,,,,,,,,,0.4022,WARNING,,7,,t3423_0,0.65,HIGH,OFFLOAD,WARNING: heavy task offloaded (weight=0.65 >= 0.3),
1771435998.436,0.1,57.27,4.7527,1.089,34.9,3,-23846.715,34.31441,0.02996,0.0000,0.0000,0.4422,0.0000,0.2996,0.2895,0.1454,SAFE,False,7,1,,,,,,
1771435998.436,0.1,,,,,,,,,,,,,,,0.1454,SAFE,,6,,t3424_0,0.81,NORMAL,LOCAL,SAFE: all tasks permitted (weight=0.81),
1771435998.436,0.1,57.32,4.7586,1.181,41.5,4,-17060.999,-6.82745,0.02978,0.0000,0.0000,0.4153,1.0000,0.2978,0.3505,0.3539,WARNING,False,6,2,,,,,,
1771435998.436,0.1,,,,,,,,,,,,,,,0.3539,WARNING,,6,,t3425_0,0.75,CRITICAL,OFFLOAD,WARNING: heavy task offloaded (weight=0.75 >= 0.3),
1771435998.436,0.1,57.04,4.7650,1.143,38.8,4,-6233.297,7.38534,0.02556,0.0000,0.0000,0.3863,0.0000,0.2556,0.3316,0.1421,SAFE,False,6,2,,,,,,
1771435998.436,0.1,57.36,4.7647,1.108,36.3,4,-8118.685,-13.18811,0.02135,0.0000,0.0000,0.3876,1.0000,0.2135,0.3141,0.3345,WARNING,False,6,2,,,,,,
1771435998.436,0.1,,,,,,,,,,,,,,,0.3345,WARNING,,5,,t3427_0,0.23,NORMAL,LOCAL,WARNING: lightweight task permitted (weight=0.23 < 0.3),
1771435998.436,0.1,56.95,4.7238,1.110,36.4,4,-79453.158,-61.40359,0.01730,0.0000,0.0000,0.5737,1.0000,0.1730,0.3149,0.3549,WARNING,False,5,3,,,,,,
1771435998.436,0.1,,,,,,,,,,,,,,,0.3549,WARNING,,5,,t3428_0,0.53,NORMAL,OFFLOAD,WARNING: heavy task offloaded (weight=0.53 >= 0.3),
1771435998.436,0.1,56.87,4.7769,1.077,34.1,3,-182989.838,149.91465,0.01796,0.0000,0.0000,0.3323,0.0000,0.1796,0.2835,0.1179,SAFE,False,5,3,,,,,,
1771435998.436,0.1,,,,,,,,,,,,,,,0.1179,SAFE,,4,,t3429_0,0.67,HIGH,LOCAL,SAFE: all tasks permitted (weight=0.67),
1771435998.436,0.1,56.00,4.7396,1.148,39.2,4,-203150.679,-54.81124,0.01850,0.0000,0.0000,0.5017,1.0000,0.1850,0.3341,0.3506,WARNING,False,4,4,,,,,,
1771435998.436,0.1,,,,,,,,,,,,,,,0.3506,WARNING,,4,,t3430_0,0.64,LOW,OFFLOAD,WARNING: heavy task offloaded (weight=0.64 >= 0.3),
1771435998.436,0.1,56.61,4.7695,1.113,36.6,4,-142595.550,45.28958,0.01606,0.0000,0.0000,0.3659,0.0000,0.1606,0.3164,0.1269,SAFE,False,4,4,,,,,,
1771435998.436,0.1,,,,,,,,,,,,,,,0.1269,SAFE,,3,,t3431_0,0.71,CRITICAL,LOCAL,SAFE: all tasks permitted (weight=0.71),
1771435998.436,0.1,56.20,4.6833,1.187,41.9,4,-183692.940,-198.70439,0.02508,0.0000,0.0000,0.7579,1.0000,0.2508,0.3535,0.3943,WARNING,False,3,5,,,,,,
1771435998.436,0.1,,,,,,,,,,,,,,,0.3943,WARNING,,3,,t3432_0,0.43,HIGH,OFFLOAD,WARNING: heavy task offloaded (weight=0.43 >= 0.3),
1771435998.436,0.1,56.92,4.7191,1.149,39.2,4,-68432.244,-113.18646,0.02554,0.0000,0.0000,0.5952,1.0000,0.2554,0.3345,0.3698,WARNING,False,3,5,,,,,,
1771435998.436,0.1,,,,,,,,,,,,,,,0.3698,WARNING,,3,,t3433_0,0.34,NORMAL,OFFLOAD,WARNING: heavy task offloaded (weight=0.34 >= 0.3),
1771435998.436,0.1,56.19,4.7815,1.113,36.7,4,-145332.402,47.26708,0.02713,0.0000,0.0000,0.3112,0.0000,0.2713,0.3167,0.1309,SAFE,False,8,0,,,,,,window_reset|B=8
1771435998.436,0.1,,,,,,,,,,,,,,,0.1309,SAFE,,7,,t3434_0,0.54,LOW,LOCAL,SAFE: all tasks permitted (weight=0.54),
1771435998.436,0.1,56.31,4.7416,1.162,40.1,4,,,0.02716,0.0000,0.0000,0.4928,0.0000,0.2716,0.3410,0.1594,SAFE,False,7,1,,,,,,
1771435998.436,0.1,,,,,,,,,,,,,,,0.1594,SAFE,,6,,t3435_0,0.69,HIGH,LOCAL,SAFE: all tasks permitted (weight=0.69),
1771435998.436,0.1,56.70,4.7132,1.231,45.0,5,,,0.02874,0.0000,0.0000,0.6219,0.0000,0.2874,0.3903,0.1876,SAFE,False,6,2,,,,,,
1771435998.436,0.1,,,,,,,,,,,,,,,0.1876,SAFE,,5,,t3436_0,0.39,NORMAL,LOCAL,SAFE: all tasks permitted (weight=0.39),
1771435998.436,0.1,56.52,4.7249,1.249,46.3,5,,,0.02890,0.0000,0.0000,0.5688,0.0000,0.2890,0.3994,0.1827,SAFE,False,5,3,,,,,,
1771435998.436,0.1,,,,,,,,,,,,,,,0.1827,SAFE,,4,,t3437_0,0.71,CRITICAL,LOCAL,SAFE: all tasks permitted (weight=0.71),
1771435998.436,0.1,56.35,4.7267,1.314,51.0,6,,,0.02828,0.0000,0.0000,0.5606,0.0000,0.2828,0.4470,0.1906,SAFE,False,4,4,,,,,,
1771435998.436,0.1,,,,,,,,,,,,,,,0.1906,SAFE,,3,,t3438_0,0.47,NORMAL,LOCAL,SAFE: all tasks permitted (weight=0.47),
1771435998.436,0.1,56.16,4.7131,1.339,52.8,6,,,0.02792,0.0000,0.0000,0.6222,0.0000,0.2792,0.4594,0.2007,SAFE,False,3,5,,,,,,
1771435998.436,0.1,,,,,,,,,,,,,,,0.2007,SAFE,,2,,t3439_0,0.56,NORMAL,LOCAL,SAFE: all tasks permitted (weight=0.56),
1771435998.436,0.1,56.72,4.6900,1.375,55.3,6,,,0.03044,0.0000,0.0000,0.7272,0.0000,0.3044,0.4773,0.2204,SAFE,False,2,6,,,,,,
1771435998.436,0.1,,,,,,,,,,,,,,,0.2204,SAFE,,1,,t3440_0,0.24,HIGH,LOCAL,SAFE: all tasks permitted (weight=0.24),
1771435998.436,0.1,57.10,4.6378,1.359,54.2,6,,,0.03680,0.0000,0.0000,0.9644,0.0000,0.3680,0.4695,0.2561,WARNING,False,1,7,,,,,,
1771435998.436,0.1,,,,,,,,,,,,,,,0.2561,WARNING,,1,,t3441_0,0.62,HIGH,OFFLOAD,WARNING: heavy task offloaded (weight=0.62 >= 0.3),
1771435998.436,0.1,57.68,4.7314,1.309,50.6,5,,,0.03650,0.0000,0.0000,0.5391,0.0000,0.3650,0.4294,0.1925,WARNING,False,1,7,,,,,,
1771435998.437,0.1,56.88,4.7458,1.262,47.3,5,52678.184,6.35997,0.03431,0.0000,1.0000,0.4739,0.0000,0.3431,0.4061,0.4271,WARNING,False,1,7,,,,,,
1771435998.437,0.1,,,,,,,,,,,,,,,0.4271,WARNING,,1,,t3443_0,0.77,LOW,OFFLOAD,WARNING: heavy task offloaded (weight=0.77 >= 0.3),
1771435998.437,0.1,56.84,4.7445,1.219,44.2,5,13283.599,47.88835,0.03340,0.0000,1.0000,0.4793,0.0000,0.3340,0.3844,0.4226,WARNING,False,1,7,,,,,,
1771435998.437,0.1,,,,,,,,,,,,,,,0.4226,WARNING,,1,,t3444_0,0.50,CRITICAL,OFFLOAD,WARNING: heavy task offloaded (weight=0.50 >= 0.3),
1771435998.437,0.1,,,,,,,,,,,,,,,0.4226,WARNING,,1,,t3444_1,0.55,CRITICAL,OFFLOAD,WARNING: heavy task offloaded (weight=0.55 >= 0.3),
1771435998.437,0.1,57.26,4.7432,1.178,41.3,4,67363.855,27.91822,0.03386,0.0000,1.0000,0.4857,0.0000,0.3386,0.3492,0.4168,WARNING,False,1,7,,,,,,
1771435998.437,0.1,,,,,,,,,,,,,,,0.4168,WARNING,,1,,t3445_0,0.54,CRITICAL,OFFLOAD,WARNING: heavy task offloaded (weight=0.54 >= 0.3),
1771435998.437,0.1,,,,,,,,,,,,,,,0.4168,WARNING,,1,,t3445_1,0.79,CRITICAL,OFFLOAD,WARNING: heavy task offloaded (weight=0.79 >= 0.3),
1771435998.437,0.1,56.84,4.7801,1.141,38.6,4,44319.960,81.60332,0.03366,0.0000,1.0000,0.3177,0.0000,0.3366,0.3304,0.3910,WARNING,False,1,7,,,,,,
1771435998.437,0.1,,,,,,,,,,,,,,,0.3910,WARNING,,1,,t3446_0,0.75,HIGH,OFFLOAD,WARNING: heavy task offloaded (weight=0.75 >= 0.3),
1771435998.437,0.1,56.42,4.7496,1.106,36.1,4,24022.767,55.75457,0.03407,0.0000,1.0000,0.4562,0.0000,0.3407,0.3130,0.4060,WARNING,False,1,7,,,,,,
1771435998.437,0.1,,,,,,,,,,,,,,,0.4060,WARNING,,1,,t3447_0,0.84,HIGH,OFFLOAD,WARNING: heavy task offloaded (weight=0.84 >= 0.3),
1771435998.437,0.1,56.66,4.7930,1.073,33.8,3,-5288.654,157.21210,0.03860,0.0000,0.0000,0.2592,0.0000,0.3860,0.2817,0.1286,SAFE,False,1,7,,,,,,
1771435998.437,0.1,,,,,,,,,,,,,,,0.1286,SAFE,,0,,t3448_0,0.61,NORMAL,LOCAL,SAFE: all tasks permitted (weight=0.61),
1771435998.437,0.1,57.04,4.7897,1.136,38.3,4,-5687.643,231.91353,0.04169,0.0000,0.0000,0.2740,0.0000,0.4169,0.3280,0.1429,SAFE,False,8,0,,,,,,window_reset|B=8
1771435998.437,0.1,,,,,,,,,,,,,,,0.1429,SAFE,,7,,t3449_0,0.47,NORMAL,LOCAL,SAFE: all tasks permitted (weight=0.47),
1771435998.437,0.1,56.86,4.7481,1.172,40.9,4,-75053.554,25.55556,0.04166,0.0000,0.0000,0.4630,0.0000,0.4166,0.3460,0.1711,SAFE,False,7,1,,,,,,
1771435998.437,0.1,56.21,4.7462,1.135,38.2,4,,,0.04096,0.0000,0.0000,0.4716,0.0000,0.4096,0.3275,0.1678,SAFE,False,7,1,,,,,,
1771435998.437,0.1,,,,,,,,,,,,,,,0.1678,SAFE,,6,,t3451_0,0.50,HIGH,LOCAL,SAFE: all tasks permitted (weight=0.50),
1771435998.437,0.1,,,,,,,,,,,,,,,0.1678,SAFE,,5,,t3451_1,0.21,LOW,LOCAL,SAFE: all tasks permitted (weight=0.21),
1771435998.437,0.1,56.55,4.7484,1.208,43.5,5,,,0.03789,0.0000,0.0000,0.4617,0.0000,0.3789,0.3792,0.1737,SAFE,False,5,3,,,,,,
1771435998.437,0.1,,,,,,,,,,,,,,,0.1737,SAFE,,4,,t3452_0,0.77,LOW,LOCAL,SAFE: all tasks permitted (weight=0.77),
1771435998.437,0.1,56.09,4.7329,1.286,49.0,5,,,0.02010,0.0000,0.0000,0.5322,0.0000,0.2010,0.4182,0.1729,SAFE,False,4,4,,,,,,
1771435998.437,0.1,,,,,,,,,,,,,,,0.1729,SAFE,,3,,t3453_0,0.44,NORMAL,LOCAL,SAFE: all tasks permitted (weight=0.44),
1771435998.437,0.1,57.56,4.6732,1.307,50.5,5,,,0.02978,0.0000,0.0000,0.8038,0.0000,0.2978,0.4287,0.2200,SAFE,False,3,5,,,,,,
1771435998.437,0.1,,,,,,,,,,,,,,,0.2200,SAFE,,2,,t3454_0,0.31,LOW,LOCAL,SAFE: all tasks permitted (weight=0.31),
1771435998.437,0.1,57.28,4.6912,1.307,50.5,5,,,0.03390,0.0000,0.0000,0.7220,0.0000,0.3390,0.4286,0.2135,SAFE,False,2,6,,,,,,
1771435998.437,0.1,57.09,4.7634,1.261,47.2,5,,,0.03427,0.0000,0.0000,0.3937,0.0000,0.3427,0.4053,0.1665,SAFE,False,2,6,,,,,,
1771435998.437,0.1,57.58,4.7435,1.217,44.1,5,,,0.03427,0.0000,0.0000,0.4841,0.0000,0.3427,0.3837,0.1739,SAFE,False,2,6,,,,,,
1771435998.437,0.1,56.38,4.7373,1.177,41.2,4,,,0.03279,0.0000,0.0000,0.5124,0.0000,0.3279,0.3486,0.1691,SAFE,False,2,6,,,,,,
1771435998.437,0.1,,,,,,,,,,,,,,,0.1691,SAFE,,1,,t3458_0,0.67,CRITICAL,LOCAL,SAFE: all tasks permitted (weight=0.67),
1771435998.437,0.1,56.96,4.7234,1.241,45.8,5,,,0.03315,0.0000,0.0000,0.5754,0.0000,0.3315,0.3955,0.1870,SAFE,False,1,7,,,,,,
1771435998.437,0.1,,,,,,,,,,,,,,,0.1870,SAFE,,0,,t3459_0,0.49,HIGH,LOCAL,SAFE: all tasks permitted (weight=0.49),
1771435998.437,0.1,57.36,4.7071,1.274,48.2,5,,,0.03028,0.0000,0.0000,0.6496,0.0000,0.3028,0.4121,0.1971,SAFE,False,0,8,,,,,,
1771435998.437,0.1,,,,,,,,,,,,,,,0.1971,SAFE,,0,,t3460_0,0.74,HIGH,OFFLOAD,"Budget exhausted (B=0), offloading. Original: SAFE: all tasks permitted (weight=0.74)",
1771435998.437,0.1,56.45,4.7251,1.230,45.0,5,,,0.02515,0.0000,0.0000,0.5679,0.0000,0.2515,0.3900,0.1770,SAFE,False,0,8,,,,,,
1771435998.437,0.1,,,,,,,,,,,,,,,0.1770,SAFE,,0,,t3461_0,0.41,HIGH,OFFLOAD,"Budget exhausted (B=0), offloading. Original: SAFE: all tasks permitted (weight=0.41)",
1771435998.437,0.1,57.34,4.7646,1.189,42.1,4,,,0.02660,0.0000,0.0000,0.3881,0.0000,0.2660,0.3544,0.1479,SAFE,False,0,8,,,,,,
1771435998.437,0.1,,,,,,,,,,,,,,,0.1479,SAFE,,0,,t3462_0,0.65,HIGH,OFFLOAD,"Budget exhausted (B=0), offloading. Original: SAFE: all tasks permitted (weight=0.65)",
1771435998.437,0.1,,,,,,,,,,,,,,,0.1479,SAFE,,0,,t3462_1,0.36,CRITICAL,OFFLOAD,"Budget exhausted (B=0), offloading. Original: SAFE: all tasks permitted (weight=0.36)",
1771435998.437,0.1,56.61,4.7627,1.150,39.3,4,,,0.02781,0.0000,0.0000,0.3968,0.0000,0.2781,0.3352,0.1464,SAFE,False,0,8,,,,,,
1771435998.437,0.1,,,,,,,,,,,,,,,0.1464,SAFE,,0,,t3463_0,0.70,NORMAL,OFFLOAD,"Budget exhausted (B=0), offloading. Original: SAFE: all tasks permitted (weight=0.70)",
1771435998.437,0.1,57.43,4.7170,1.115,36.8,4,,,0.02753,0.0000,0.0000,0.6046,0.0000,0.2753,0.3174,0.1696,SAFE,False,8,0,,,,,,window_reset|B=8
1771435998.437,0.1,,,,,,,,,,,,,,,0.1696,SAFE,,7,,t3464_0,0.24,NORMAL,LOCAL,SAFE: all tasks permitted (weight=0.24),
1771435998.437,0.1,56.91,4.7764,1.118,37.0,4,,,0.03058,0.0000,0.0000,0.3346,0.0000,0.3058,0.3192,0.1379,SAFE,False,7,1,,,,,,
1771435998.437,0.1,56.70,4.7435,1.085,34.7,3,,,0.02495,0.0000,0.0000,0.4839,0.0000,0.2495,0.2876,0.1454,SAFE,False,7,1,,,,,,
1771435998.437,0.1,,,,,,,,,,,,,,,0.1454,SAFE,,6,,t3466_0,0.52,NORMAL,LOCAL,SAFE: all tasks permitted (weight=0.52),
1771435998.437,0.1,56.26,4.7588,1.134,38.1,4,,,0.02109,0.0000,0.0000,0.4144,0.0000,0.2109,0.3269,0.1403,SAFE,False,6,2,,,,,,
1771435998.438,0.1,,,,,,,,,,,,,,,0.1403,SAFE,,5,,t3467_0,0.64,HIGH,LOCAL,SAFE: all tasks permitted (weight=0.64),
1771435998.438,0.1,55.98,4.7383,1.197,42.6,4,-83052.085,31.19404,0.02025,0.0000,0.0000,0.5079,0.0000,0.2025,0.3583,0.1579,SAFE,False,5,3,,,,,,
1771435998.438,0.1,,,,,,,,,,,,,,,0.1579,SAFE,,4,,t3468_0,0.79,HIGH,LOCAL,SAFE: all tasks permitted (weight=0.79),
1771435998.438,0.1,,,,,,,,,,,,,,,0.1579,SAFE,,3,,t3468_1,0.42,CRITICAL,LOCAL,SAFE: all tasks permitted (weight=0.42),
1771435998.438,0.1,56.37,4.7489,1.342,53.0,6,-4515.327,23.81758,0.02035,0.0000,0.0000,0.4597,0.0000,0.2035,0.4609,0.1723,SAFE,False,3,5,,,,,,
1771435998.438,0.1,,,,,,,,,,,,,,,0.1723,SAFE,,2,,t3469_0,0.38,NORMAL,LOCAL,SAFE: all tasks permitted (weight=0.38),
1771435998.438,0.1,57.28,4.6780,1.350,53.6,6,-3498.050,-86.68377,0.02699,0.0000,0.0000,0.7819,1.0000,0.2699,0.4652,0.4217,WARNING,False,2,6,,,,,,
1771435998.438,0.1,,,,,,,,,,,,,,,0.4217,WARNING,,2,,t3470_0,0.51,HIGH,OFFLOAD,WARNING: heavy task offloaded (weight=0.51 >= 0.3),
1771435998.438,0.1,57.14,4.6801,1.301,50.1,5,31492.371,-82.67877,0.03115,0.0000,1.0000,0.7724,1.0000,0.3115,0.4254,0.6666,CRITICAL,False,2,6,,,,,,
1771435998.438,0.1,,,,,,,,,,,,,,,0.6666,CRITICAL,,2,,t3471_0,0.38,NORMAL,OFFLOAD,CRITICAL: non-critical task offloaded (priority=NORMAL),
1771435998.438,0.1,57.35,4.7300,1.255,46.8,5,-4405.593,13.00419,0.03016,0.0000,0.0000,0.5455,0.0000,0.3016,0.4023,0.1816,WARNING,False,2,6,,,,,,
1771435998.438,0.1,,,,,,,,,,,,,,,0.1816,WARNING,,2,,t3472_0,0.38,HIGH,OFFLOAD,WARNING: heavy task offloaded (weight=0.38 >= 0.3),
1771435998.438,0.1,57.13,4.7526,1.212,43.7,5,12763.958,-23.81126,0.03035,0.0000,1.0000,0.4427,1.0000,0.3035,0.3809,0.6141,CRITICAL,False,2,6,,,,,,
1771435998.438,0.1,,,,,,,,,,,,,,,0.6141,CRITICAL,,2,,t3473_0,0.78,NORMAL,OFFLOAD,CRITICAL: non-critical task offloaded (priority=NORMAL),
1771435998.438,0.1,56.78,4.7336,1.172,40.9,4,4678.940,-9.93062,0.02923,0.0000,1.0000,0.5291,1.0000,0.2923,0.3460,0.6172,CRITICAL,False,2,6,,,,,,
1771435998.438,0.1,,,,,,,,,,,,,,,0.6172,CRITICAL,,2,,t3474_0,0.58,HIGH,OFFLOAD,CRITICAL: non-critical task offloaded (priority=HIGH),
1771435998.438,0.1,57.00,4.7280,1.135,38.2,4,44439.424,-30.89046,0.02804,0.0000,1.0000,0.5547,1.0000,0.2804,0.3274,0.6156,CRITICAL,False,2,6,,,,,,
1771435998.438,0.1,,,,,,,,,,,,,,,0.6156,CRITICAL,,2,,t3475_0,0.32,HIGH,OFFLOAD,CRITICAL: non-critical task offloaded (priority=HIGH),
1771435998.438,0.1,,,,,,,,,,,,,,,0.6156,CRITICAL,,2,,t3475_1,0.33,LOW,OFFLOAD,CRITICAL: non-critical task offloaded (priority=LOW),
1771435998.438,0.1,56.88,4.8083,1.100,35.7,4,,,0.03454,0.0000,0.0000,0.1897,0.0000,0.3454,0.3102,0.1212,WARNING,False,2,6,,,,,,
1771435998.438,0.1,,,,,,,,,,,,,,,0.1212,WARNING,,2,,t3476_0,0.51,HIGH,OFFLOAD,WARNING: heavy task offloaded (weight=0.51 >= 0.3),
1771435998.438,0.1,,,,,,,,,,,,,,,0.1212,WARNING,,2,,t3476_1,0.59,LOW,OFFLOAD,WARNING: heavy task offloaded (weight=0.59 >= 0.3),
1771435998.438,0.1,56.85,4.6988,1.068,33.4,3,,,0.03433,0.0000,0.0000,0.6873,0.0000,0.3433,0.2791,0.1795,SAFE,False,2,6,,,,,,
1771435998.438,0.1,,,,,,,,,,,,,,,0.1795,SAFE,,1,,t3477_0,0.58,LOW,LOCAL,SAFE: all tasks permitted (weight=0.58),
1771435998.438,0.1,,,,,,,,,,,,,,,0.1795,SAFE,,0,,t3477_1,0.55,LOW,LOCAL,SAFE: all tasks permitted (weight=0.55),
1771435998.438,0.1,56.36,4.7308,1.211,43.6,5,,,0.03419,0.0000,0.0000,0.5420,0.0000,0.3419,0.3803,0.1807,SAFE,False,0,8,,,,,,
1771435998.438,0.1,,,,,,,,,,,,,,,0.1807,SAFE,,0,,t3478_0,0.35,NORMAL,OFFLOAD,"Budget exhausted (B=0), offloading. Original: SAFE: all tasks permitted (weight=0.35)",
1771435998.438,0.1,56.31,4.7566,1.171,40.8,4,,,0.03405,0.0000,0.0000,0.4244,0.0000,0.3405,0.3454,0.1583,SAFE,False,8,0,,,,,,window_reset|B=8
1771435998.438,0.1,,,,,,,,,,,,,,,0.1583,SAFE,,7,,t3479_0,0.83,NORMAL,LOCAL,SAFE: all tasks permitted (weight=0.83),
1771435998.438,0.1,56.21,4.7062,1.260,47.2,5,,,0.03471,0.0000,0.0000,0.6538,0.0000,0.3471,0.4051,0.2007,SAFE,False,7,1,,,,,,
1771435998.438,0.1,,,,,,,,,,,,,,,0.2007,SAFE,,6,,t3480_0,0.45,HIGH,LOCAL,SAFE: all tasks permitted (weight=0.45),
1771435998.438,0.1,56.56,4.7020,1.285,49.0,5,,,0.03492,0.0000,0.0000,0.6729,0.0000,0.3492,0.4177,0.2059,SAFE,False,6,2,,,,,,
1771435998.438,0.1,,,,,,,,,,,,,,,0.2059,SAFE,,5,,t3481_0,0.75,CRITICAL,LOCAL,SAFE: all tasks permitted (weight=0.75),
1771435998.438,0.1,56.85,4.7137,1.356,54.0,6,,,0.03217,0.0000,0.0000,0.6196,0.0000,0.3217,0.4678,0.2063,SAFE,False,5,3,,,,,,
1771435998.438,0.1,57.01,4.6858,1.306,50.4,5,,,0.03148,0.0000,0.0000,0.7464,0.0000,0.3148,0.4278,0.2141,SAFE,False,5,3,,,,,,
1771435998.438,0.1,,,,,,,,,,,,,,,0.2141,SAFE,,4,,t3483_0,0.38,LOW,LOCAL,SAFE: all tasks permitted (weight=0.38),
1771435998.438,0.1,56.90,4.7055,1.318,51.3,6,,,0.03213,0.0000,0.0000,0.6567,0.0000,0.3213,0.4490,0.2073,SAFE,False,4,4,,,,,,
1771435998.438,0.1,,,,,,,,,,,,,,,0.2073,SAFE,,3,,t3484_0,0.59,HIGH,LOCAL,SAFE: all tasks permitted (weight=0.59),
1771435998.438,0.1,57.56,4.6637,1.362,54.4,6,,,0.03541,0.0000,0.0000,0.8467,0.0000,0.3541,0.4708,0.2396,SAFE,False,3,5,,,,,,
1771435998.438,0.1,,,,,,,,,,,,,,,0.2396,SAFE,,2,,t3485_0,0.84,NORMAL,LOCAL,SAFE: all tasks permitted (weight=0.84),
1771435998.438,0.1,57.69,4.6635,1.440,60.0,7,,,0.03826,0.0000,0.0000,0.8479,0.0000,0.3826,0.5251,0.2535,WARNING,False,2,6,,,,,,
1771435998.438,0.1,,,,,,,,,,,,,,,0.2535,WARNING,,2,,t3486_0,0.60,LOW,OFFLOAD,WARNING: heavy task offloaded (weight=0.60 >= 0.3),
1771435998.438,0.1,57.84,4.7029,1.384,56.0,6,,,0.03810,0.0000,0.0000,0.6686,0.0000,0.3810,0.4822,0.2215,WARNING,False,2,6,,,,,,
1771435998.438,0.1,58.05,4.7247,1.332,52.3,6,,,0.02524,0.0000,0.0000,0.5695,0.0000,0.2524,0.4562,0.1905,WARNING,False,2,6,,,,,,
1771435998.438,0.1,,,,,,,,,,,,,,,0.1905,WARNING,,2,,t3488_0,0.56,LOW,OFFLOAD,WARNING: heavy task offloaded (weight=0.56 >= 0.3),
1771435998.438,0.1,57.80,4.6885,1.284,48.9,5,,,0.02559,0.0000,0.0000,0.7341,0.0000,0.2559,0.4170,0.2044,WARNING,False,2,6,,,,,,
1771435998.438,0.1,,,,,,,,,,,,,,,0.2044,WARNING,,2,,t3489_0,0.68,LOW,OFFLOAD,WARNING: heavy task offloaded (weight=0.68 >= 0.3),
1771435998.438,0.1,57.45,4.7291,1.239,45.6,5,,,0.02545,0.0000,0.0000,0.5494,0.0000,0.2545,0.3945,0.1758,SAFE,False,2,6,,,,,,
1771435998.438,0.1,,,,,,,,,,,,,,,0.1758,SAFE,,1,,t3490_0,0.57,NORMAL,LOCAL,SAFE: all tasks permitted (weight=0.57),
1771435998.438,0.1,57.71,4.7417,1.285,48.9,5,,,0.02308,0.0000,0.0000,0.4921,0.0000,0.2308,0.4173,0.1705,SAFE,False,1,7,,,,,,
1771435998.439,0.1,,,,,,,,,,,,,,,0.1705,SAFE,,0,,t3491_0,0.83,NORMAL,LOCAL,SAFE: all tasks permitted (weight=0.83),
1771435998.439,0.1,57.96,4.6826,1.366,54.7,6,63661.072,-22.93724,0.02366,0.0000,1.0000,0.7609,1.0000,0.2366,0.4730,0.6672,WARNING,False,0,8,,,,,,
1771435998.439,0.1,,,,,,,,,,,,,,,0.6672,WARNING,,0,,t3492_0,0.34,CRITICAL,OFFLOAD,WARNING: heavy task offloaded (weight=0.34 >= 0.3),
1771435998.439,0.1,58.00,4.7258,1.315,51.1,6,26437.359,62.02929,0.02469,0.0000,1.0000,0.5647,0.0000,0.2469,0.4477,0.4376,WARNING,False,0,8,,,,,,
1771435998.439,0.1,57.76,4.7279,1.268,47.7,5,4525.034,64.46137,0.02554,0.0000,1.0000,0.5548,0.0000,0.2554,0.4091,0.4295,WARNING,False,5,0,,,,,,window_reset|B=5
1771435998.439,0.1,,,,,,,,,,,,,,,0.4295,WARNING,,5,,t3494_0,0.32,LOW,OFFLOAD,WARNING: heavy task offloaded (weight=0.32 >= 0.3),
1771435998.439,0.1,57.97,4.7683,1.224,44.6,5,7400.105,65.43616,0.03049,0.0000,1.0000,0.3712,0.0000,0.3049,0.3872,0.4062,WARNING,False,5,0,,,,,,
1771435998.439,0.1,,,,,,,,,,,,,,,0.4062,WARNING,,5,,t3495_0,0.32,NORMAL,OFFLOAD,WARNING: heavy task offloaded (weight=0.32 >= 0.3),
1771435998.439,0.1,,,,,,,,,,,,,,,0.4062,WARNING,,5,,t3495_1,0.30,HIGH,OFFLOAD,WARNING: heavy task offloaded (weight=0.30 >= 0.3),
1771435998.439,0.1,58.06,4.7285,1.184,41.7,4,849.456,3.77153,0.03084,0.0000,1.0000,0.5523,0.0000,0.3084,0.3518,0.4230,WARNING,False,5,0,,,,,,
1771435998.439,0.1,,,,,,,,,,,,,,,0.4230,WARNING,,5,,t3496_0,0.63,LOW,OFFLOAD,WARNING: heavy task offloaded (weight=0.63 >= 0.3),
1771435998.439,0.1,57.69,4.7502,1.146,39.0,4,-6751.463,61.72142,0.02868,0.0000,0.0000,0.4535,0.0000,0.2868,0.3328,0.1542,SAFE,False,5,0,,,,,,
1771435998.439,0.1,57.20,4.7315,1.110,36.5,4,-14752.880,2.36830,0.02326,0.0000,0.0000,0.5387,0.0000,0.2326,0.3152,0.1563,SAFE,False,5,0,,,,,,
1771435998.439,0.1,,,,,,,,,,,,,,,0.1563,SAFE,,4,,t3498_0,0.36,HIGH,LOCAL,SAFE: all tasks permitted (weight=0.36),
1771435998.439,0.1,57.41,4.7844,1.133,38.1,4,-18379.494,42.67506,0.02732,0.0000,0.0000,0.2981,0.0000,0.2732,0.3265,0.1314,SAFE,False,4,1,,,,,,
1771435998.439,0.1,,,,,,,,,,,,,,,0.1314,SAFE,,3,,t3499_0,0.68,NORMAL,LOCAL,SAFE: all tasks permitted (weight=0.68),
1771435998.439,0.1,,,,,,,,,,,,,,,0.1314,SAFE,,2,,t3499_1,0.36,NORMAL,LOCAL,SAFE: all tasks permitted (weight=0.36),
1771435998.439,0.1,57.54,4.6830,1.259,47.0,5,,,0.03049,0.0000,0.0000,0.7592,0.0000,0.3049,0.4043,0.2101,SAFE,False,2,3,,,,,,
1771435998.439,0.1,57.43,4.6875,1.216,44.0,5,,,0.03060,0.0000,0.0000,0.7386,0.0000,0.3060,0.3828,0.2032,SAFE,False,2,3,,,,,,
1771435998.439,0.1,,,,,,,,,,,,,,,0.2032,SAFE,,1,,t3501_0,0.39,NORMAL,LOCAL,SAFE: all tasks permitted (weight=0.39),
1771435998.439,0.1,57.20,4.7182,1.235,45.3,5,,,0.03073,0.0000,0.0000,0.5992,0.0000,0.3073,0.3923,0.1871,SAFE,False,1,4,,,,,,
1771435998.439,0.1,,,,,,,,,,,,,,,0.1871,SAFE,,0,,t3502_0,0.69,LOW,LOCAL,SAFE: all tasks permitted (weight=0.69),
1771435998.439,0.1,57.55,4.7225,1.299,49.9,5,,,0.03044,0.0000,0.0000,0.5796,0.0000,0.3044,0.4243,0.1906,SAFE,False,0,5,,,,,,
1771435998.439,0.1,,,,,,,,,,,,,,,0.1906,SAFE,,0,,t3503_0,0.67,NORMAL,OFFLOAD,"Budget exhausted (B=0), offloading. Original: SAFE: all tasks permitted (weight=0.67)",
1771435998.439,0.1,57.12,4.7141,1.253,46.6,5,,,0.02784,0.0000,0.0000,0.6175,0.0000,0.2784,0.4013,0.1884,SAFE,False,0,5,,,,,,
1771435998.439,0.1,,,,,,,,,,,,,,,0.1884,SAFE,,0,,t3504_0,0.30,LOW,OFFLOAD,"Budget exhausted (B=0), offloading. Original: SAFE: all tasks permitted (weight=0.30)",
1771435998.439,0.1,57.88,4.6907,1.210,43.6,5,,,0.02975,0.0000,0.0000,0.7243,0.0000,0.2975,0.3799,0.1999,SAFE,False,0,5,,,,,,
1771435998.439,0.1,,,,,,,,,,,,,,,0.1999,SAFE,,0,,t3505_0,0.21,LOW,OFFLOAD,"Budget exhausted (B=0), offloading. Original: SAFE: all tasks permitted (weight=0.21)",
1771435998.439,0.1,57.71,4.7818,1.170,40.7,4,,,0.03359,0.0000,0.0000,0.3098,0.0000,0.3359,0.3451,0.1429,SAFE,False,0,5,,,,,,
1771435998.439,0.1,57.56,4.7614,1.133,38.1,4,,,0.03298,0.0000,0.0000,0.4028,0.0000,0.3298,0.3266,0.1507,SAFE,False,0,5,,,,,,
1771435998.439,0.1,57.60,4.7824,1.099,35.6,4,,,0.03607,0.0000,0.0000,0.3072,0.0000,0.3607,0.3094,0.1379,SAFE,False,0,5,,,,,,
1771435998.439,0.1,,,,,,,,,,,,,,,0.1379,SAFE,,0,,t3508_0,0.36,NORMAL,OFFLOAD,"Budget exhausted (B=0), offloading. Original: SAFE: all tasks permitted (weight=0.36)",
1771435998.439,0.1,57.33,4.7939,1.067,33.3,3,,,0.03956,0.0000,0.0000,0.2551,0.0000,0.3956,0.2784,0.1284,SAFE,False,8,0,,,,,,window_reset|B=8
1771435998.439,0.1,,,,,,,,,,,,,,,0.1284,SAFE,,7,,t3509_0,0.69,HIGH,LOCAL,SAFE: all tasks permitted (weight=0.69),
1771435998.439,0.1,57.13,4.7422,1.143,38.8,4,,,0.03953,0.0000,0.0000,0.4902,0.0000,0.3953,0.3315,0.1695,SAFE,False,7,1,,,,,,
1771435998.439,0.1,,,,,,,,,,,,,,,0.1695,SAFE,,6,,t3510_0,0.71,NORMAL,LOCAL,SAFE: all tasks permitted (weight=0.71),
1771435998.439,0.1,57.48,4.7624,1.216,44.0,5,,,0.03783,0.0000,0.0000,0.3983,0.0000,0.3783,0.3832,0.1663,SAFE,False,6,2,,,,,,
1771435998.439,0.1,57.39,4.7733,1.176,41.2,4,,,0.03530,0.0000,0.0000,0.3487,0.0000,0.3530,0.3481,0.1503,SAFE,False,6,2,,,,,,
1771435998.439,0.1,,,,,,,,,,,,,,,0.1503,SAFE,,5,,t3512_0,0.21,NORMAL,LOCAL,SAFE: all tasks permitted (weight=0.21),
1771435998.439,0.1,57.11,4.7532,1.172,40.8,4,,,0.03090,0.0000,0.0000,0.4400,0.0000,0.3090,0.3459,0.1573,SAFE,False,5,3,,,,,,
1771435998.439,0.1,,,,,,,,,,,,,,,0.1573,SAFE,,4,,t3513_0,0.52,NORMAL,LOCAL,SAFE: all tasks permitted (weight=0.52),
1771435998.439,0.1,,,,,,,,,,,,,,,0.1573,SAFE,,3,,t3513_1,0.59,NORMAL,LOCAL,SAFE: all tasks permitted (weight=0.59),
1771435998.439,0.1,57.13,4.6847,1.306,50.4,5,,,0.03488,0.0000,0.0000,0.7516,0.0000,0.3488,0.4279,0.2182,SAFE,False,3,5,,,,,,
1771435998.439,0.1,,,,,,,,,,,,,,,0.2182,SAFE,,2,,t3514_0,0.40,LOW,LOCAL,SAFE: all tasks permitted (weight=0.40),
1771435998.439,0.1,57.41,4.6748,1.321,51.5,6,,,0.03981,0.0000,0.0000,0.7966,0.0000,0.3981,0.4506,0.2335,SAFE,False,2,6,,,,,,
1771435998.439,0.1,,,,,,,,,,,,,,,0.2335,SAFE,,1,,t3515_0,0.65,LOW,LOCAL,SAFE: all tasks permitted (weight=0.65),
1771435998.439,0.1,57.33,4.6439,1.373,55.2,6,,,0.04794,0.0000,0.0000,0.9367,0.0000,0.4794,0.4767,0.2651,WARNING,False,1,7,,,,,,
1771435998.439,0.1,,,,,,,,,,,,,,,0.2651,WARNING,,1,,t3516_0,0.56,LOW,OFFLOAD,WARNING: heavy task offloaded (weight=0.56 >= 0.3),
1771435998.439,0.1,57.27,4.6895,1.322,51.6,6,,,0.04803,0.0000,0.0000,0.7296,0.0000,0.4803,0.4511,0.2331,WARNING,False,1,7,,,,,,
1771435998.439,0.1,,,,,,,,,,,,,,,0.2331,WARNING,,1,,t3517_0,0.71,NORMAL,OFFLOAD,WARNING: heavy task offloaded (weight=0.71 >= 0.3),
1771435998.440,0.1,57.46,4.7167,1.275,48.2,5,19496.437,-25.45582,0.04630,0.0000,1.0000,0.6059,1.0000,0.4630,0.4123,0.6575,CRITICAL,False,1,7,,,,,,
1771435998.440,0.1,,,,,,,,,,,,,,,0.6575,CRITICAL,,1,,t3518_0,0.26,LOW,OFFLOAD,CRITICAL: non-critical task offloaded (priority=LOW),
1771435998.440,0.1,57.59,4.7474,1.230,45.0,5,7095.875,-14.96266,0.04571,0.0000,1.0000,0.4663,1.0000,0.4571,0.3902,0.6344,CRITICAL,False,1,7,,,,,,
1771435998.440,0.1,,,,,,,,,,,,,,,0.6344,CRITICAL,,1,,t3519_0,0.64,HIGH,OFFLOAD,CRITICAL: non-critical task offloaded (priority=HIGH),
1771435998.440,0.1,57.24,4.7466,1.189,42.1,4,-9273.425,-26.74363,0.04332,0.0000,0.0000,0.4702,1.0000,0.4332,0.3546,0.3754,WARNING,False,1,7,,,,,,
1771435998.440,0.1,,,,,,,,,,,,,,,0.3754,WARNING,,1,,t3520_0,0.72,LOW,OFFLOAD,WARNING: heavy task offloaded (weight=0.72 >= 0.3),
1771435998.440,0.1,57.77,4.7490,1.151,39.3,4,39923.058,-4.19043,0.03915,0.0000,1.0000,0.4590,1.0000,0.3915,0.3354,0.6159,CRITICAL,False,1,7,,,,,,
1771435998.440,0.1,,,,,,,,,,,,,,,0.6159,CRITICAL,,0,,t3521_0,0.55,CRITICAL,LOCAL,CRITICAL: mission-critical task permitted locally (priority=CRITICAL),
1771435998.440,0.1,57.68,4.7253,1.200,42.9,4,33050.368,40.60770,0.03876,0.0000,1.0000,0.5670,0.0000,0.3876,0.3602,0.4345,CRITICAL,False,0,8,,,,,,
1771435998.440,0.1,,,,,,,,,,,,,,,0.4345,CRITICAL,,0,,t3522_0,0.70,LOW,OFFLOAD,CRITICAL: non-critical task offloaded (priority=LOW),
1771435998.440,0.1,57.65,4.7538,1.161,40.1,4,14284.492,79.07527,0.03809,0.0000,1.0000,0.4371,0.0000,0.3809,0.3406,0.4130,WARNING,False,0,8,,,,,,
1771435998.440,0.1,,,,,,,,,,,,,,,0.4130,WARNING,,0,,t3523_0,0.80,LOW,OFFLOAD,WARNING: heavy task offloaded (weight=0.80 >= 0.3),
1771435998.440,0.1,56.93,4.7810,1.125,37.5,4,-23926.059,137.04874,0.03901,0.0000,0.0000,0.3138,0.0000,0.3901,0.3225,0.1443,SAFE,False,8,0,,,,,,window_reset|B=8
1771435998.440,0.1,57.18,4.8266,1.091,35.1,4,-5299.593,137.12800,0.04809,0.0000,0.0000,0.1064,0.0000,0.4809,0.3056,0.1230,SAFE,False,8,0,,,,,,
1771435998.440,0.1,,,,,,,,,,,,,,,0.1230,SAFE,,7,,t3525_0,0.23,NORMAL,LOCAL,SAFE: all tasks permitted (weight=0.23),
1771435998.440,0.1,56.95,4.7917,1.095,35.4,4,,,0.04910,0.0000,0.0000,0.2650,0.0000,0.4910,0.3075,0.1451,SAFE,False,7,1,,,,,,
1771435998.440,0.1,,,,,,,,,,,,,,,0.1451,SAFE,,6,,t3526_0,0.22,NORMAL,LOCAL,SAFE: all tasks permitted (weight=0.22),
1771435998.440,0.1,,,,,,,,,,,,,,,0.1451,SAFE,,5,,t3526_1,0.44,HIGH,LOCAL,SAFE: all tasks permitted (weight=0.44),
1771435998.440,0.1,56.70,4.7364,1.165,40.3,4,,,0.04538,0.0000,0.0000,0.5163,0.0000,0.4538,0.3423,0.1810,SAFE,False,5,3,,,,,,
1771435998.440,0.1,,,,,,,,,,,,,,,0.1810,SAFE,,4,,t3527_0,0.37,LOW,LOCAL,SAFE: all tasks permitted (weight=0.37),
1771435998.440,0.1,56.97,4.7427,1.185,41.8,4,,,0.03442,0.0000,0.0000,0.4875,0.0000,0.3442,0.3527,0.1683,SAFE,False,4,4,,,,,,
1771435998.440,0.1,57.00,4.7372,1.147,39.1,4,,,0.02954,0.0000,0.0000,0.5125,0.0000,0.2954,0.3337,0.1629,SAFE,False,4,4,,,,,,
1771435998.440,0.1,,,,,,,,,,,,,,,0.1629,SAFE,,3,,t3529_0,0.49,NORMAL,LOCAL,SAFE: all tasks permitted (weight=0.49),
1771435998.440,0.1,57.01,4.7669,1.188,42.0,4,,,0.02736,0.0000,0.0000,0.3778,0.0000,0.2736,0.3538,0.1472,SAFE,False,3,5,,,,,,
1771435998.440,0.1,,,,,,,,,,,,,,,0.1472,SAFE,,2,,t3530_0,0.58,HIGH,LOCAL,SAFE: all tasks permitted (weight=0.58),
1771435998.440,0.1,56.71,4.7002,1.239,45.7,5,,,0.03174,0.0000,0.0000,0.6808,0.0000,0.3174,0.3946,0.1992,SAFE,False,2,6,,,,,,
1771435998.440,0.1,56.79,4.7235,1.197,42.7,4,,,0.03286,0.0000,0.0000,0.5750,0.0000,0.3286,0.3587,0.1793,SAFE,False,2,6,,,,,,
1771435998.440,0.1,,,,,,,,,,,,,,,0.1793,SAFE,,1,,t3532_0,0.70,HIGH,LOCAL,SAFE: all tasks permitted (weight=0.70),
1771435998.440,0.1,56.74,4.7313,1.266,47.6,5,,,0.03339,0.0000,0.0000,0.5395,0.0000,0.3339,0.4082,0.1852,SAFE,False,1,7,,,,,,
1771435998.440,0.1,,,,,,,,,,,,,,,0.1852,SAFE,,0,,t3533_0,0.27,HIGH,LOCAL,SAFE: all tasks permitted (weight=0.27),
1771435998.440,0.1,56.60,4.7116,1.264,47.4,5,,,0.03448,0.0000,0.0000,0.6290,0.0000,0.3448,0.4070,0.1977,SAFE,False,0,8,,,,,,
1771435998.440,0.1,,,,,,,,,,,,,,,0.1977,SAFE,,0,,t3534_0,0.41,NORMAL,OFFLOAD,"Budget exhausted (B=0), offloading. Original: SAFE: all tasks permitted (weight=0.41)",
1771435998.440,0.1,56.71,4.6987,1.221,44.3,5,,,0.03725,0.0000,0.0000,0.6875,0.0000,0.3725,0.3853,0.2037,SAFE,False,0,8,,,,,,
1771435998.440,0.1,,,,,,,,,,,,,,,0.2037,SAFE,,0,,t3535_0,0.34,HIGH,OFFLOAD,"Budget exhausted (B=0), offloading. Original: SAFE: all tasks permitted (weight=0.34)",
1771435998.440,0.1,56.61,4.7399,1.180,41.4,4,,,0.03571,0.0000,0.0000,0.5007,0.0000,0.3571,0.3500,0.1708,SAFE,False,0,8,,,,,,
1771435998.440,0.1,,,,,,,,,,,,,,,0.1708,SAFE,,0,,t3536_0,0.67,HIGH,OFFLOAD,"Budget exhausted (B=0), offloading. Original: SAFE: all tasks permitted (weight=0.67)",
1771435998.440,0.1,56.58,4.7865,1.142,38.7,4,,,0.02888,0.0000,0.0000,0.2885,0.0000,0.2888,0.3312,0.1326,SAFE,False,0,8,,,,,,
1771435998.440,0.1,,,,,,,,,,,,,,,0.1326,SAFE,,0,,t3537_0,0.33,NORMAL,OFFLOAD,"Budget exhausted (B=0), offloading. Original: SAFE: all tasks permitted (weight=0.33)",
1771435998.440,0.1,57.27,4.7187,1.107,36.2,4,,,0.02447,0.0000,0.0000,0.5970,0.0000,0.2447,0.3137,0.1648,SAFE,False,0,8,,,,,,
1771435998.440,0.1,,,,,,,,,,,,,,,0.1648,SAFE,,0,,t3538_0,0.29,LOW,OFFLOAD,"Budget exhausted (B=0), offloading. Original: SAFE: all tasks permitted (weight=0.29)",
1771435998.440,0.1,56.90,4.7953,1.075,33.9,3,,,0.02998,0.0000,0.0000,0.2487,0.0000,0.2998,0.2824,0.1188,SAFE,False,8,0,,,,,,window_reset|B=8
1771435998.440,0.1,,,,,,,,,,,,,,,0.1188,SAFE,,7,,t3539_0,0.56,NORMAL,LOCAL,SAFE: all tasks permitted (weight=0.56),
1771435998.440,0.1,,,,,,,,,,,,,,,0.1188,SAFE,,6,,t3539_1,0.33,HIGH,LOCAL,SAFE: all tasks permitted (weight=0.33),
1771435998.440,0.1,56.52,4.7335,1.182,41.6,4,,,0.02996,0.0000,0.0000,0.5295,0.0000,0.2996,0.3510,0.1690,SAFE,False,6,2,,,,,,
1771435998.440,0.1,56.61,4.7758,1.144,38.9,4,,,0.03183,0.0000,0.0000,0.3375,0.0000,0.3183,0.3321,0.1421,SAFE,False,6,2,,,,,,
1771435998.440,0.1,56.65,4.7727,1.109,36.4,4,,,0.03227,0.0000,0.0000,0.3516,0.0000,0.3227,0.3145,0.1409,SAFE,False,6,2,,,,,,
1771435998.440,0.1,,,,,,,,,,,,,,,0.1409,SAFE,,5,,t3542_0,0.73,HIGH,LOCAL,SAFE: all tasks permitted (weight=0.73),
1771435998.440,0.1,56.45,4.7201,1.189,42.1,4,,,0.03062,0.0000,0.0000,0.5903,0.0000,0.3062,0.3545,0.1783,SAFE,False,5,3,,,,,,
1771435998.441,0.1,,,,,,,,,,,,,,,0.1783,SAFE,,4,,t3543_0,0.61,LOW,LOCAL,SAFE: all tasks permitted (weight=0.61),
1771435998.441,0.1,56.10,4.7199,1.244,46.0,5,-30503.203,-19.93164,0.03082,0.0000,0.0000,0.5912,1.0000,0.3082,0.3972,0.3871,WARNING,False,4,4,,,,,,
1771435998.441,0.1,,,,,,,,,,,,,,,0.3871,WARNING,,3,,t3544_0,0.23,LOW,LOCAL,WARNING: lightweight task permitted (weight=0.23 < 0.3),
1771435998.441,0.1,,,,,,,,,,,,,,,0.3871,WARNING,,3,,t3544_1,0.52,NORMAL,OFFLOAD,WARNING: heavy task offloaded (weight=0.52 >= 0.3),
1771435998.441,0.1,56.20,4.7359,1.238,45.6,5,-22562.188,-50.67995,0.03071,0.0000,0.0000,0.5188,1.0000,0.3071,0.3940,0.3770,WARNING,False,3,5,,,,,,
1771435998.441,0.1,,,,,,,,,,,,,,,0.3770,WARNING,,3,,t3545_0,0.49,NORMAL,OFFLOAD,WARNING: heavy task offloaded (weight=0.49 >= 0.3),
1771435998.441,0.1,56.26,4.7173,1.196,42.6,4,-60129.438,-1.38348,0.03028,0.0000,0.0000,0.6033,1.0000,0.3028,0.3581,0.3803,WARNING,False,3,5,,,,,,
1771435998.441,0.1,,,,,,,,,,,,,,,0.3803,WARNING,,3,,t3546_0,0.70,HIGH,OFFLOAD,WARNING: heavy task offloaded (weight=0.70 >= 0.3),
1771435998.441,0.1,56.08,4.7743,1.157,39.8,4,-49087.110,-21.03177,0.02823,0.0000,0.0000,0.3443,1.0000,0.2823,0.3387,0.3407,WARNING,False,3,5,,,,,,
1771435998.441,0.1,,,,,,,,,,,,,,,0.3407,WARNING,,2,,t3547_0,0.27,NORMAL,LOCAL,WARNING: lightweight task permitted (weight=0.27 < 0.3),
1771435998.441,0.1,56.14,4.7492,1.164,40.3,4,-22384.714,15.67623,0.02810,0.0000,0.0000,0.4582,0.0000,0.2810,0.3419,0.1560,SAFE,False,2,6,,,,,,
1771435998.441,0.1,,,,,,,,,,,,,,,0.1560,SAFE,,1,,t3548_0,0.58,HIGH,LOCAL,SAFE: all tasks permitted (weight=0.58),
1771435998.441,0.1,56.28,4.7088,1.218,44.1,5,-19390.162,-66.94353,0.02786,0.0000,0.0000,0.6417,1.0000,0.2786,0.3838,0.3880,WARNING,False,1,7,,,,,,
1771435998.441,0.1,,,,,,,,,,,,,,,0.3880,WARNING,,1,,t3549_0,0.57,CRITICAL,OFFLOAD,WARNING: heavy task offloaded (weight=0.57 >= 0.3),
1771435998.441,0.1,55.66,4.7578,1.177,41.2,4,-59772.003,-14.87138,0.02705,0.0000,0.0000,0.4191,1.0000,0.2705,0.3486,0.3513,WARNING,False,1,7,,,,,,
1771435998.441,0.1,,,,,,,,,,,,,,,0.3513,WARNING,,1,,t3550_0,0.69,LOW,OFFLOAD,WARNING: heavy task offloaded (weight=0.69 >= 0.3),
1771435998.441,0.1,,,,,,,,,,,,,,,0.3513,WARNING,,1,,t3550_1,0.72,LOW,OFFLOAD,WARNING: heavy task offloaded (weight=0.72 >= 0.3),
1771435998.441,0.1,56.17,4.7180,1.140,38.6,4,-16875.813,-2.16163,0.02371,0.0000,0.0000,0.6001,1.0000,0.2371,0.3299,0.3677,WARNING,False,1,7,,,,,,
1771435998.441,0.1,,,,,,,,,,,,,,,0.3677,WARNING,,1,,t3551_0,0.55,HIGH,OFFLOAD,WARNING: heavy task offloaded (weight=0.55 >= 0.3),
1771435998.441,0.1,55.63,4.7618,1.105,36.1,4,,,0.02432,0.0000,0.0000,0.4010,0.0000,0.2432,0.3125,0.1389,SAFE,False,1,7,,,,,,
1771435998.441,0.1,55.91,4.7836,1.073,33.8,3,,,0.02529,0.0000,0.0000,0.3018,0.0000,0.2529,0.2813,0.1208,SAFE,False,1,7,,,,,,
1771435998.441,0.1,,,,,,,,,,,,,,,0.1208,SAFE,,0,,t3553_0,0.32,NORMAL,LOCAL,SAFE: all tasks permitted (weight=0.32),
1771435998.441,0.1,56.21,4.7703,1.091,35.1,4,,,0.02507,0.0000,0.0000,0.3622,0.0000,0.2507,0.3057,0.1333,SAFE,False,8,0,,,,,,window_reset|B=8
1771435998.441,0.1,,,,,,,,,,,,,,,0.1333,SAFE,,7,,t3554_0,0.54,NORMAL,LOCAL,SAFE: all tasks permitted (weight=0.54),
1771435998.441,0.1,55.78,4.7325,1.144,38.9,4,,,0.02435,0.0000,0.0000,0.5339,0.0000,0.2435,0.3321,0.1602,SAFE,False,7,1,,,,,,
1771435998.441,0.1,56.13,4.7752,1.109,36.4,4,,,0.02457,0.0000,0.0000,0.3400,0.0000,0.2457,0.3146,0.1317,SAFE,False,7,1,,,,,,
1771435998.441,0.1,,,,,,,,,,,,,,,0.1317,SAFE,,6,,t3556_0,0.58,NORMAL,LOCAL,SAFE: all tasks permitted (weight=0.58),
1771435998.441,0.1,,,,,,,,,,,,,,,0.1317,SAFE,,5,,t3556_1,0.25,LOW,LOCAL,SAFE: all tasks permitted (weight=0.25),
1771435998.441,0.1,55.62,4.7616,1.206,43.3,5,,,0.02447,0.0000,0.0000,0.4016,0.0000,0.2447,0.3779,0.1523,SAFE,False,5,3,,,,,,
1771435998.441,0.1,,,,,,,,,,,,,,,0.1523,SAFE,,4,,t3557_0,0.78,HIGH,LOCAL,SAFE: all tasks permitted (weight=0.78),
1771435998.441,0.1,,,,,,,,,,,,,,,0.1523,SAFE,,3,,t3557_1,0.27,LOW,LOCAL,SAFE: all tasks permitted (weight=0.27),
1771435998.441,0.1,55.53,4.6624,1.329,52.1,6,,,0.03370,0.0000,0.0000,0.8527,0.0000,0.3370,0.4546,0.2355,SAFE,False,3,5,,,,,,
1771435998.441,0.1,56.36,4.6725,1.281,48.7,5,,,0.03812,0.0000,0.0000,0.8070,0.0000,0.3812,0.4156,0.2261,SAFE,False,3,5,,,,,,
1771435998.441,0.1,,,,,,,,,,,,,,,0.2261,SAFE,,2,,t3559_0,0.73,CRITICAL,LOCAL,SAFE: all tasks permitted (weight=0.73),
1771435998.441,0.1,56.13,4.7267,1.350,53.6,6,,,0.03807,0.0000,0.0000,0.5603,0.0000,0.3807,0.4649,0.2039,SAFE,False,2,6,,,,,,
1771435998.441,0.1,56.37,4.7396,1.300,50.0,5,,,0.03718,0.0000,0.0000,0.5017,0.0000,0.3718,0.4251,0.1874,SAFE,False,2,6,,,,,,
1771435998.441,0.1,56.60,4.7302,1.254,46.7,5,,,0.03677,0.0000,0.0000,0.5447,0.0000,0.3677,0.4021,0.1880,SAFE,False,2,6,,,,,,
1771435998.441,0.1,,,,,,,,,,,,,,,0.1880,SAFE,,1,,t3562_0,0.66,NORMAL,LOCAL,SAFE: all tasks permitted (weight=0.66),
1771435998.441,0.1,56.52,4.7246,1.314,51.0,5,,,0.03654,0.0000,0.0000,0.5701,0.0000,0.3654,0.4319,0.1970,SAFE,False,1,7,,,,,,
1771435998.441,0.1,,,,,,,,,,,,,,,0.1970,SAFE,,0,,t3563_0,0.24,LOW,LOCAL,SAFE: all tasks permitted (weight=0.24),
1771435998.441,0.1,56.79,4.6789,1.304,50.3,5,,,0.03891,0.0000,0.0000,0.7776,0.0000,0.3891,0.4271,0.2254,SAFE,False,0,8,,,,,,
1771435998.441,0.1,,,,,,,,,,,,,,,0.2254,SAFE,,0,,t3564_0,0.58,HIGH,OFFLOAD,"Budget exhausted (B=0), offloading. Original: SAFE: all tasks permitted (weight=0.58)",
1771435998.441,0.1,56.48,4.7562,1.258,47.0,5,,,0.03642,0.0000,0.0000,0.4262,0.0000,0.3642,0.4040,0.1726,SAFE,False,0,8,,,,,,
1771435998.441,0.1,,,,,,,,,,,,,,,0.1726,SAFE,,0,,t3565_0,0.60,LOW,OFFLOAD,"Budget exhausted (B=0), offloading. Original: SAFE: all tasks permitted (weight=0.60)",
1771435998.441,0.1,,,,,,,,,,,,,,,0.1726,SAFE,,0,,t3565_1,0.20,NORMAL,OFFLOAD,"Budget exhausted (B=0), offloading. Original: SAFE: all tasks permitted (weight=0.20)",
1771435998.441,0.1,56.64,4.7755,1.215,43.9,5,,,0.03695,0.0000,0.0000,0.3386,0.0000,0.3695,0.3824,0.1575,SAFE,False,0,8,,,,,,
1771435998.441,0.1,,,,,,,,,,,,,,,0.1575,SAFE,,0,,t3566_0,0.26,HIGH,OFFLOAD,"Budget exhausted (B=0), offloading. Original: SAFE: all tasks permitted (weight=0.26)",
1771435998.441,0.1,56.53,4.7269,1.175,41.1,4,,,0.03693,0.0000,0.0000,0.5595,0.0000,0.3693,0.3474,0.1791,SAFE,False,0,8,,,,,,
1771435998.441,0.1,56.81,4.6970,1.137,38.4,4,,,0.03478,0.0000,0.0000,0.6956,0.0000,0.3478,0.3287,0.1910,SAFE,False,0,8,,,,,,
1771435998.441,0.1,56.57,4.7571,1.103,35.9,4,,,0.03435,0.0000,0.0000,0.4223,0.0000,0.3435,0.3114,0.1515,SAFE,False,8,0,,,,,,window_reset|B=8
1771435998.442,0.1,,,,,,,,,,,,,,,0.1515,SAFE,,7,,t3569_0,0.40,NORMAL,LOCAL,SAFE: all tasks permitted (weight=0.40),
1771435998.442,0.1,56.62,4.7473,1.132,38.0,4,1712.588,17.13913,0.03012,0.0000,1.0000,0.4668,0.0000,0.3012,0.3261,0.4060,WARNING,False,7,1,,,,,,
1771435998.442,0.1,,,,,,,,,,,,,,,0.4060,WARNING,,6,,t3570_0,0.25,HIGH,LOCAL,WARNING: lightweight task permitted (weight=0.25 < 0.3),
1771435998.442,0.1,56.71,4.7666,1.137,38.4,4,11346.817,42.03090,0.02678,0.0000,1.0000,0.3790,0.0000,0.2678,0.3287,0.3918,WARNING,False,6,2,,,,,,
1771435998.442,0.1,56.13,4.7537,1.103,35.9,4,-39414.507,74.72117,0.02707,0.0000,0.0000,0.4379,0.0000,0.2707,0.3113,0.1463,SAFE,False,6,2,,,,,,
1771435998.442,0.1,,,,,,,,,,,,,,,0.1463,SAFE,,5,,t3572_0,0.67,HIGH,LOCAL,SAFE: all tasks permitted (weight=0.67),
1771435998.442,0.1,56.53,4.7663,1.174,41.0,4,3075.693,10.04911,0.02820,0.0000,1.0000,0.3805,0.0000,0.2820,0.3472,0.3971,WARNING,False,5,3,,,,,,
1771435998.442,0.1,,,,,,,,,,,,,,,0.3971,WARNING,,5,,t3573_0,0.45,CRITICAL,OFFLOAD,WARNING: heavy task offloaded (weight=0.45 >= 0.3),
1771435998.442,0.1,55.93,4.7746,1.137,38.4,4,-42865.812,-0.92437,0.02955,0.0000,0.0000,0.3428,1.0000,0.2955,0.3285,0.3398,WARNING,False,5,3,,,,,,
1771435998.442,0.1,,,,,,,,,,,,,,,0.3398,WARNING,,5,,t3574_0,0.46,NORMAL,OFFLOAD,WARNING: heavy task offloaded (weight=0.46 >= 0.3),
1771435998.442,0.1,55.72,4.7660,1.102,35.9,4,-48664.251,39.02594,0.02953,0.0000,0.0000,0.3820,0.0000,0.2953,0.3112,0.1414,SAFE,False,5,3,,,,,,
1771435998.442,0.1,,,,,,,,,,,,,,,0.1414,SAFE,,4,,t3575_0,0.57,HIGH,LOCAL,SAFE: all tasks permitted (weight=0.57),
1771435998.442,0.1,,,,,,,,,,,,,,,0.1414,SAFE,,3,,t3575_1,0.28,LOW,LOCAL,SAFE: all tasks permitted (weight=0.28),
1771435998.442,0.1,56.51,4.6942,1.202,43.0,4,-18176.084,-2.74615,0.02675,0.0000,0.0000,0.7081,1.0000,0.2675,0.3609,0.3910,WARNING,False,3,5,,,,,,
1771435998.442,0.1,56.31,4.7212,1.163,40.2,4,-15795.064,-35.90702,0.02764,0.0000,0.0000,0.5855,1.0000,0.2764,0.3413,0.3720,WARNING,False,3,5,,,,,,
1771435998.442,0.1,,,,,,,,,,,,,,,0.3720,WARNING,,2,,t3577_0,0.25,LOW,LOCAL,WARNING: lightweight task permitted (weight=0.25 < 0.3),
1771435998.442,0.1,55.72,4.7406,1.166,40.4,4,,,0.02613,0.0000,0.0000,0.4973,0.0000,0.2613,0.3428,0.1593,SAFE,False,2,6,,,,,,
1771435998.442,0.1,,,,,,,,,,,,,,,0.1593,SAFE,,1,,t3578_0,0.57,HIGH,LOCAL,SAFE: all tasks permitted (weight=0.57),
1771435998.442,0.1,55.92,4.7087,1.218,44.1,5,,,0.02749,0.0000,0.0000,0.6424,0.0000,0.2749,0.3840,0.1878,SAFE,False,1,7,,,,,,
1771435998.442,0.1,56.02,4.7500,1.178,41.3,4,,,0.02410,0.0000,0.0000,0.4547,0.0000,0.2410,0.3488,0.1530,SAFE,False,1,7,,,,,,
1771435998.442,0.1,55.57,4.7644,1.140,38.6,4,-85287.996,-2.82731,0.02447,0.0000,0.0000,0.3892,1.0000,0.2447,0.3301,0.3411,WARNING,False,1,7,,,,,,
1771435998.442,0.1,56.00,4.7937,1.105,36.1,4,6879.897,28.24792,0.02778,0.0000,1.0000,0.2561,0.0000,0.2778,0.3126,0.3736,WARNING,False,1,7,,,,,,
1771435998.442,0.1,,,,,,,,,,,,,,,0.3736,WARNING,,1,,t3582_0,0.51,LOW,OFFLOAD,WARNING: heavy task offloaded (weight=0.51 >= 0.3),
1771435998.442,0.1,56.07,4.7712,1.073,33.8,3,31099.751,7.80890,0.02804,0.0000,1.0000,0.3581,0.0000,0.2804,0.2814,0.3809,WARNING,False,1,7,,,,,,
1771435998.442,0.1,,,,,,,,,,,,,,,0.3809,WARNING,,1,,t3583_0,0.46,HIGH,OFFLOAD,WARNING: heavy task offloaded (weight=0.46 >= 0.3),
1771435998.442,0.1,,,,,,,,,,,,,,,0.3809,WARNING,,1,,t3583_1,0.63,NORMAL,OFFLOAD,WARNING: heavy task offloaded (weight=0.63 >= 0.3),
1771435998.442,0.1,55.65,4.7841,1.043,31.6,3,-76507.258,133.09087,0.02956,0.0000,0.0000,0.2996,0.0000,0.2956,0.2664,0.1218,SAFE,False,8,0,,,,,,window_reset|B=8
1771435998.442,0.1,,,,,,,,,,,,,,,0.1218,SAFE,,7,,t3584_0,0.61,HIGH,LOCAL,SAFE: all tasks permitted (weight=0.61),
1771435998.442,0.1,55.54,4.7670,1.110,36.4,4,-67746.730,67.85106,0.02959,0.0000,0.0000,0.3773,0.0000,0.2959,0.3149,0.1416,SAFE,False,7,1,,,,,,
1771435998.442,0.1,55.71,4.7873,1.077,34.1,3,-1028.447,69.14186,0.03055,0.0000,0.0000,0.2851,0.0000,0.3055,0.2836,0.1243,SAFE,False,7,1,,,,,,
1771435998.442,0.1,,,,,,,,,,,,,,,0.1243,SAFE,,6,,t3586_0,0.25,LOW,LOCAL,SAFE: all tasks permitted (weight=0.25),
1771435998.442,0.1,55.74,4.7615,1.086,34.7,3,-16482.046,78.25570,0.03043,0.0000,0.0000,0.4022,0.0000,0.3043,0.2880,0.1403,SAFE,False,6,2,,,,,,
1771435998.442,0.1,,,,,,,,,,,,,,,0.1403,SAFE,,5,,t3587_0,0.84,HIGH,LOCAL,SAFE: all tasks permitted (weight=0.84),
1771435998.442,0.1,55.34,4.7689,1.186,41.9,4,-60635.663,28.07223,0.02475,0.0000,0.0000,0.3685,0.0000,0.2475,0.3530,0.1432,SAFE,False,5,3,,,,,,
1771435998.442,0.1,,,,,,,,,,,,,,,0.1432,SAFE,,4,,t3588_0,0.34,LOW,LOCAL,SAFE: all tasks permitted (weight=0.34),
1771435998.442,0.1,55.35,4.7244,1.201,42.9,4,,,0.02434,0.0000,0.0000,0.5707,0.0000,0.2434,0.3606,0.1706,SAFE,False,4,4,,,,,,
1771435998.442,0.1,,,,,,,,,,,,,,,0.1706,SAFE,,3,,t3589_0,0.67,HIGH,LOCAL,SAFE: all tasks permitted (weight=0.67),
1771435998.442,0.1,56.08,4.7122,1.267,47.7,5,,,0.02732,0.0000,0.0000,0.6263,0.0000,0.2732,0.4086,0.1905,SAFE,False,3,5,,,,,,
1771435998.442,0.1,,,,,,,,,,,,,,,0.1905,SAFE,,2,,t3590_0,0.22,NORMAL,LOCAL,SAFE: all tasks permitted (weight=0.22),
1771435998.442,0.1,56.54,4.6878,1.258,47.0,5,,,0.03083,0.0000,0.0000,0.7373,0.0000,0.3083,0.4042,0.2075,SAFE,False,2,6,,,,,,
1771435998.442,0.1,,,,,,,,,,,,,,,0.2075,SAFE,,1,,t3591_0,0.50,HIGH,LOCAL,SAFE: all tasks permitted (weight=0.50),
1771435998.442,0.1,,,,,,,,,,,,,,,0.2075,SAFE,,0,,t3591_1,0.22,NORMAL,LOCAL,SAFE: all tasks permitted (weight=0.22),
1771435998.442,0.1,55.44,4.7033,1.327,51.9,6,,,0.03413,0.0000,0.0000,0.6670,0.0000,0.3413,0.4536,0.2116,SAFE,False,0,8,,,,,,
1771435998.442,0.1,,,,,,,,,,,,,,,0.2116,SAFE,,0,,t3592_0,0.80,NORMAL,OFFLOAD,"Budget exhausted (B=0), offloading. Original: SAFE: all tasks permitted (weight=0.80)",
1771435998.442,0.1,55.88,4.6739,1.279,48.5,5,,,0.04007,0.0000,0.0000,0.8005,0.0000,0.4007,0.4146,0.2271,SAFE,False,0,8,,,,,,
1771435998.442,0.1,,,,,,,,,,,,,,,0.2271,SAFE,,0,,t3593_0,0.40,CRITICAL,OFFLOAD,"Budget exhausted (B=0), offloading. Original: SAFE: all tasks permitted (weight=0.40)",
1771435998.442,0.1,56.56,4.7372,1.235,45.3,5,,,0.03725,0.0000,0.0000,0.5128,0.0000,0.3725,0.3923,0.1824,SAFE,False,0,8,,,,,,
1771435998.442,0.1,55.89,4.6981,1.193,42.4,4,,,0.03761,0.0000,0.0000,0.6904,0.0000,0.3761,0.3565,0.1987,SAFE,False,0,8,,,,,,
1771435998.442,0.1,55.40,4.7724,1.155,39.6,4,,,0.03642,0.0000,0.0000,0.3528,0.0000,0.3642,0.3373,0.1497,SAFE,False,0,8,,,,,,
1771435998.442,0.1,,,,,,,,,,,,,,,0.1497,SAFE,,0,,t3596_0,0.64,HIGH,OFFLOAD,"Budget exhausted (B=0), offloading. Original: SAFE: all tasks permitted (weight=0.64)",
1771435998.442,0.1,55.77,4.7590,1.119,37.0,4,,,0.03586,0.0000,0.0000,0.4138,0.0000,0.3586,0.3193,0.1535,SAFE,False,0,8,,,,,,
1771435998.442,0.1,54.90,4.7585,1.085,34.7,3,,,0.03294,0.0000,0.0000,0.4158,0.0000,0.3294,0.2876,0.1445,SAFE,False,0,8,,,,,,
1771435998.442,0.1,,,,,,,,,,,,,,,0.1445,SAFE,,0,,t3598_0,0.40,NORMAL,OFFLOAD,"Budget exhausted (B=0), offloading. Original: SAFE: all tasks permitted (weight=0.40)",
1771435998.442,0.1,55.55,4.7809,1.054,32.4,3,,,0.03488,0.0000,0.0000,0.3140,0.0000,0.3488,0.2721,0.1301,SAFE,False,8,0,,,,,,window_reset|B=8
1771435998.442,0.1,,,,,,,,,,,,,,,0.1301,SAFE,,7,,t3599_0,0.36,NORMAL,LOCAL,SAFE: all tasks permitted (weight=0.36),
