timestamp,elapsed_sec,temperature,voltage,current,cpu_percent,queue_depth,dT_dt,dV_dt,sigma_V,x1_thermal_prox,x2_thermal_vel,x3_voltage_sag,x4_voltage_drop,x5_voltage_instab,x6_load_pressure,risk_score,device_state,is_cold_start,budget_remaining,tasks_this_window,task_id,task_weight,task_priority,decision,reason,event
1771436121.756,0.0,35.03,4.9088,0.642,3.0,0,,,,0.0000,0.0000,0.0000,0.0000,0.0000,0.0210,0.0042,SAFE,True,10,0,,,,,,
1771436121.756,0.0,,,,,,,,,,,,,,,0.0042,SAFE,,10,,t0_0,0.27,HIGH,LOCAL,SAFE: all tasks permitted (weight=0.27),
1771436121.756,0.0,35.26,4.9219,0.663,4.5,0,,,0.00654,0.0000,0.0000,0.0000,0.0000,0.0654,0.0316,0.0129,SAFE,True,10,0,,,,,,
1771436121.756,0.0,35.38,4.8984,0.662,4.4,0,,,0.00959,0.0000,0.0000,0.0000,0.0000,0.0959,0.0309,0.0158,SAFE,True,10,0,,,,,,
1771436121.758,0.0,,,,,,,,,,,,,,,0.0158,SAFE,,10,,t2_0,0.68,LOW,LOCAL,SAFE: all tasks permitted (weight=0.68),
1771436121.758,0.0,,,,,,,,,,,,,,,0.0158,SAFE,,10,,t2_1,0.68,NORMAL,LOCAL,SAFE: all tasks permitted (weight=0.68),
1771436121.758,0.0,35.77,4.8725,0.766,11.9,1,,,0.01811,0.0000,0.0000,0.0000,0.0000,0.1811,0.0982,0.0377,SAFE,True,10,0,,,,,,
1771436121.758,0.0,36.01,4.8743,0.758,11.3,1,,,0.01927,0.0000,0.0000,0.0000,0.0000,0.1927,0.0938,0.0380,SAFE,True,10,0,,,,,,
1771436121.758,0.0,35.85,4.8723,0.750,10.7,0,,,0.01954,0.0000,0.0000,0.0000,0.0000,0.1954,0.0748,0.0345,SAFE,True,10,0,,,,,,
1771436121.758,0.0,36.28,4.8758,0.742,10.1,0,,,0.01889,0.0000,0.0000,0.0000,0.0000,0.1889,0.0710,0.0331,SAFE,True,10,0,,,,,,
1771436121.758,0.0,36.38,4.8673,0.735,9.6,0,,,0.01909,0.0000,0.0000,0.0000,0.0000,0.1909,0.0675,0.0326,SAFE,True,10,0,,,,,,
1771436121.758,0.0,36.92,4.8778,0.729,9.2,0,53039.045,-14.47072,0.01820,0.0000,0.0000,0.0000,0.0000,0.1820,0.0643,0.0311,SAFE,False,10,0,,,,,,
1771436121.758,0.0,,,,,,,,,,,,,,,0.0311,SAFE,,10,,t8_0,0.48,NORMAL,LOCAL,SAFE: all tasks permitted (weight=0.48),
1771436121.758,0.0,37.37,4.8882,0.760,11.4,1,59148.352,-15.73488,0.01729,0.0000,0.0000,0.0000,0.0000,0.1729,0.0948,0.0363,SAFE,False,10,0,,,,,,
1771436121.758,0.0,37.28,4.8531,0.751,10.8,0,53195.744,-21.19670,0.01897,0.0000,0.0000,0.0000,0.0000,0.1897,0.0757,0.0341,SAFE,False,10,0,,,,,,
1771436121.758,0.0,37.59,4.8741,0.744,10.3,0,,,0.01832,0.0000,0.0000,0.0000,0.0000,0.1832,0.0719,0.0327,SAFE,False,10,0,,,,,,
1771436121.758,0.0,37.68,4.8617,0.737,9.8,0,,,0.01717,0.0000,0.0000,0.0000,0.0000,0.1717,0.0683,0.0308,SAFE,False,10,0,,,,,,
1771436121.758,0.0,37.23,4.8704,0.730,9.3,0,,,0.01105,0.0000,0.0000,0.0000,0.0000,0.1105,0.0650,0.0241,SAFE,False,10,0,,,,,,
1771436121.758,0.0,37.83,4.8940,0.724,8.8,0,,,0.01026,0.0000,0.0000,0.0000,0.0000,0.1026,0.0619,0.0227,SAFE,False,10,0,,,,,,window_reset|B=10
1771436121.758,0.0,37.94,4.8910,0.718,8.4,0,,,0.01134,0.0000,0.0000,0.0000,0.0000,0.1134,0.0591,0.0232,SAFE,False,10,0,,,,,,
1771436121.758,0.0,37.86,4.8764,0.713,8.1,0,,,0.01135,0.0000,0.0000,0.0000,0.0000,0.1135,0.0564,0.0226,SAFE,False,10,0,,,,,,
1771436121.758,0.0,38.22,4.8978,0.708,7.7,0,,,0.01289,0.0000,0.0000,0.0000,0.0000,0.1289,0.0539,0.0237,SAFE,False,10,0,,,,,,
1771436121.758,0.0,,,,,,,,,,,,,,,0.0237,SAFE,,10,,t17_0,0.24,NORMAL,LOCAL,SAFE: all tasks permitted (weight=0.24),
1771436121.758,0.0,38.05,4.8684,0.722,8.7,0,,,0.01313,0.0000,0.0000,0.0000,0.0000,0.1313,0.0612,0.0254,SAFE,False,10,0,,,,,,
1771436121.758,0.0,38.39,4.8765,0.717,8.3,0,,,0.01282,0.0000,0.0000,0.0000,0.0000,0.1282,0.0584,0.0245,SAFE,False,10,0,,,,,,
1771436121.758,0.0,38.95,4.8851,0.711,8.0,0,,,0.01299,0.0000,0.0000,0.0000,0.0000,0.1299,0.0557,0.0241,SAFE,False,10,0,,,,,,
1771436121.758,0.0,38.39,4.8640,0.707,7.6,0,,,0.01314,0.0000,0.0000,0.0000,0.0000,0.1314,0.0533,0.0238,SAFE,False,10,0,,,,,,
1771436121.758,0.0,,,,,,,,,,,,,,,0.0238,SAFE,,10,,t21_0,0.48,NORMAL,LOCAL,SAFE: all tasks permitted (weight=0.48),
1771436121.758,0.0,38.79,4.8812,0.740,10.0,0,,,0.01120,0.0000,0.0000,0.0000,0.0000,0.1120,0.0701,0.0252,SAFE,False,10,0,,,,,,
1771436121.758,0.0,38.89,4.8896,0.733,9.5,0,,,0.01152,0.0000,0.0000,0.0000,0.0000,0.1152,0.0667,0.0249,SAFE,False,10,0,,,,,,
1771436121.758,0.0,39.23,4.8736,0.727,9.1,0,,,0.01040,0.0000,0.0000,0.0000,0.0000,0.1040,0.0635,0.0231,SAFE,False,10,0,,,,,,
1771436121.758,0.0,38.62,4.9022,0.721,8.6,0,,,0.01144,0.0000,0.0000,0.0000,0.0000,0.1144,0.0605,0.0235,SAFE,False,10,0,,,,,,
1771436121.760,0.0,39.23,4.8959,0.716,8.3,0,46762.792,18.25778,0.01161,0.0000,0.0000,0.0000,0.0000,0.1161,0.0578,0.0232,SAFE,False,10,0,,,,,,
1771436121.760,0.0,39.30,4.9051,0.710,7.9,0,36165.268,18.88791,0.01294,0.0000,0.0000,0.0000,0.0000,0.1294,0.0552,0.0240,SAFE,False,10,0,,,,,,
1771436121.760,0.0,39.24,4.8943,0.706,7.5,0,11459.138,6.07753,0.01293,0.0000,0.0000,0.0000,0.0000,0.1293,0.0528,0.0235,SAFE,False,10,0,,,,,,
1771436121.760,0.0,39.35,4.8894,0.701,7.2,0,37963.002,16.79733,0.01250,0.0000,0.0000,0.0000,0.0000,0.1250,0.0506,0.0226,SAFE,False,10,0,,,,,,window_reset|B=10
1771436121.760,0.0,,,,,,,,,,,,,,,0.0226,SAFE,,10,,t29_0,0.26,CRITICAL,LOCAL,SAFE: all tasks permitted (weight=0.26),
1771436121.760,0.0,39.90,4.8972,0.717,8.4,0,44138.155,10.57302,0.01174,0.0000,0.0000,0.0000,0.0000,0.1174,0.0586,0.0235,SAFE,False,10,0,,,,,,
1771436121.760,0.0,39.56,4.8889,0.712,8.0,0,26492.484,-0.43104,0.01123,0.0000,0.0000,0.0000,0.0000,0.1123,0.0560,0.0224,SAFE,False,10,0,,,,,,
1771436121.760,0.0,,,,,,,,,,,,,,,0.0224,SAFE,,10,,t31_0,0.44,HIGH,LOCAL,SAFE: all tasks permitted (weight=0.44),
1771436121.760,0.0,40.16,4.8771,0.742,10.2,0,36949.465,2.37320,0.01166,0.0000,0.0000,0.0000,0.0000,0.1166,0.0711,0.0259,SAFE,False,10,0,,,,,,
1771436121.760,0.0,39.93,4.8778,0.735,9.7,0,52071.197,-16.15881,0.00975,0.0000,0.0000,0.0000,0.0000,0.0975,0.0676,0.0233,SAFE,False,10,0,,,,,,
1771436121.760,0.0,39.85,4.8656,0.729,9.2,0,,,0.01161,0.0000,0.0000,0.0000,0.0000,0.1161,0.0643,0.0245,SAFE,False,10,0,,,,,,
1771436121.760,0.0,,,,,,,,,,,,,,,0.0245,SAFE,,10,,t34_0,0.48,HIGH,LOCAL,SAFE: all tasks permitted (weight=0.48),
1771436121.760,0.0,40.07,4.8663,0.760,11.5,1,,,0.01305,0.0000,0.0000,0.0000,0.0000,0.1305,0.0952,0.0321,SAFE,False,10,0,,,,,,
1771436121.760,0.0,,,,,,,,,,,,,,,0.0321,SAFE,,10,,t35_0,0.83,LOW,LOCAL,SAFE: all tasks permitted (weight=0.83),
1771436121.760,0.0,39.70,4.8658,0.818,15.6,1,,,0.01382,0.0000,0.0000,0.0000,0.0000,0.1382,0.1239,0.0386,SAFE,False,10,0,,,,,,
1771436121.760,0.0,40.61,4.8764,0.806,14.7,1,,,0.01304,0.0000,0.0000,0.0000,0.0000,0.1304,0.1178,0.0366,SAFE,False,10,0,,,,,,
1771436121.760,0.0,41.35,4.8462,0.794,13.9,1,,,0.01596,0.0000,0.0000,0.0175,0.0000,0.1596,0.1121,0.0406,SAFE,False,10,0,,,,,,
1771436121.760,0.0,40.74,4.8490,0.783,13.1,1,,,0.01590,0.0000,0.0000,0.0046,0.0000,0.1590,0.1067,0.0378,SAFE,False,10,0,,,,,,
1771436121.760,0.0,41.19,4.8493,0.774,12.4,1,,,0.01609,0.0000,0.0000,0.0030,0.0000,0.1609,0.1018,0.0368,SAFE,False,10,0,,,,,,
1771436121.760,0.0,41.28,4.8702,0.764,11.7,1,,,0.01508,0.0000,0.0000,0.0000,0.0000,0.1508,0.0972,0.0345,SAFE,False,10,0,,,,,,
1771436121.760,0.0,42.10,4.8772,0.756,11.1,1,,,0.01283,0.0000,0.0000,0.0000,0.0000,0.1283,0.0929,0.0314,SAFE,False,10,0,,,,,,
1771436121.760,0.0,,,,,,,,,,,,,,,0.0314,SAFE,,10,,t42_0,0.54,HIGH,LOCAL,SAFE: all tasks permitted (weight=0.54),
1771436121.760,0.0,41.71,4.8518,0.791,13.6,1,,,0.01171,0.0000,0.0000,0.0000,0.0000,0.1171,0.1105,0.0338,SAFE,False,10,0,,,,,,
1771436121.760,0.0,42.26,4.8407,0.781,12.9,1,,,0.01270,0.0000,0.0000,0.0423,0.0000,0.1270,0.1053,0.0393,SAFE,False,10,0,,,,,,window_reset|B=10
1771436121.760,0.0,41.75,4.8687,0.771,12.2,1,,,0.01195,0.0000,0.0000,0.0000,0.0000,0.1195,0.1004,0.0320,SAFE,False,10,0,,,,,,
1771436121.760,0.0,41.99,4.8638,0.762,11.6,1,65187.353,29.81905,0.01190,0.0000,0.0000,0.0000,0.0000,0.1190,0.0959,0.0311,SAFE,False,10,0,,,,,,
1771436121.760,0.0,41.85,4.8703,0.753,11.0,0,111989.916,35.93520,0.01211,0.0000,0.0000,0.0000,0.0000,0.1211,0.0767,0.0275,SAFE,False,10,0,,,,,,
1771436121.760,0.0,41.97,4.8808,0.746,10.4,0,78994.272,52.97404,0.01328,0.0000,0.0000,0.0000,0.0000,0.1328,0.0728,0.0278,SAFE,False,10,0,,,,,,
1771436121.760,0.0,,,,,,,,,,,,,,,0.0278,SAFE,,10,,t48_0,0.59,NORMAL,LOCAL,SAFE: all tasks permitted (weight=0.59),
1771436121.760,0.0,42.27,4.8548,0.785,13.2,1,100161.498,-25.95484,0.01266,0.0000,0.0000,0.0000,0.0000,0.1266,0.1077,0.0342,SAFE,False,10,0,,,,,,
1771436121.760,0.0,,,,,,,,,,,,,,,0.0342,SAFE,,10,,t49_0,0.82,HIGH,LOCAL,SAFE: all tasks permitted (weight=0.82),
1771436121.760,0.0,42.97,4.8471,0.841,17.2,1,88727.001,-50.83118,0.01258,0.0000,0.0000,0.0133,0.0000,0.1258,0.1356,0.0414,SAFE,False,10,0,,,,,,
1771436121.760,0.0,42.60,4.8509,0.827,16.2,1,89540.276,-1.54187,0.01245,0.0000,0.0000,0.0000,0.0000,0.1245,0.1286,0.0382,SAFE,False,10,0,,,,,,
1771436121.760,0.0,42.72,4.8731,0.814,15.3,1,46450.374,54.58125,0.01241,0.0000,0.0000,0.0000,0.0000,0.1241,0.1221,0.0368,SAFE,False,10,0,,,,,,
1771436121.760,0.0,43.11,4.8653,0.802,14.4,1,136797.959,-5.75165,0.01222,0.0000,0.0000,0.0000,0.0000,0.1222,0.1161,0.0354,SAFE,False,10,0,,,,,,
1771436121.760,0.0,,,,,,,,,,,,,,,0.0354,SAFE,,10,,t53_0,0.79,NORMAL,LOCAL,SAFE: all tasks permitted (weight=0.79),
1771436121.760,0.0,43.41,4.8787,0.854,18.2,1,,,0.01238,0.0000,0.0000,0.0000,0.0000,0.1238,0.1421,0.0408,SAFE,False,10,0,,,,,,
1771436121.760,0.0,43.74,4.8538,0.839,17.1,1,,,0.01225,0.0000,0.0000,0.0000,0.0000,0.1225,0.1347,0.0392,SAFE,False,10,0,,,,,,
1771436121.760,0.0,43.75,4.8605,0.826,16.1,1,,,0.01042,0.0000,0.0000,0.0000,0.0000,0.1042,0.1278,0.0360,SAFE,False,10,0,,,,,,
1771436121.760,0.0,,,,,,,,,,,,,,,0.0360,SAFE,,10,,t56_0,0.42,NORMAL,LOCAL,SAFE: all tasks permitted (weight=0.42),
1771436121.760,0.0,43.63,4.8385,0.847,17.6,1,,,0.01243,0.0000,0.0000,0.0522,0.0000,0.1243,0.1383,0.0469,SAFE,False,10,0,,,,,,
1771436121.760,0.0,44.18,4.8406,0.832,16.6,1,,,0.01366,0.0000,0.0000,0.0429,0.0000,0.1366,0.1311,0.0455,SAFE,False,10,0,,,,,,
1771436121.760,0.0,43.99,4.8609,0.819,15.6,1,,,0.01329,0.0000,0.0000,0.0000,0.0000,0.1329,0.1245,0.0382,SAFE,False,10,0,,,,,,window_reset|B=10
1771436121.760,0.0,44.35,4.8355,0.807,14.8,1,,,0.01292,0.0000,0.0000,0.0661,0.0000,0.1292,0.1183,0.0452,SAFE,False,10,0,,,,,,
1771436121.760,0.0,44.76,4.8699,0.795,13.9,1,,,0.01356,0.0000,0.0000,0.0000,0.0000,0.1356,0.1125,0.0361,SAFE,False,10,0,,,,,,
1771436121.760,0.0,44.75,4.8562,0.784,13.2,1,,,0.01328,0.0000,0.0000,0.0000,0.0000,0.1328,0.1072,0.0347,SAFE,False,10,0,,,,,,
1771436121.760,0.0,44.37,4.8724,0.774,12.5,1,,,0.01378,0.0000,0.0000,0.0000,0.0000,0.1378,0.1022,0.0342,SAFE,False,10,0,,,,,,
1771436121.760,0.0,44.72,4.9035,0.765,11.8,1,,,0.01825,0.0000,0.0000,0.0000,0.0000,0.1825,0.0976,0.0378,SAFE,False,10,0,,,,,,
1771436121.760,0.0,,,,,,,,,,,,,,,0.0378,SAFE,,10,,t64_0,0.25,NORMAL,LOCAL,SAFE: all tasks permitted (weight=0.25),
1771436121.760,0.0,,,,,,,,,,,,,,,0.0378,SAFE,,10,,t64_1,0.84,CRITICAL,LOCAL,SAFE: all tasks permitted (weight=0.84),
1771436121.760,0.0,45.15,4.8324,0.844,17.5,1,,,0.01985,0.0000,0.0000,0.0802,0.0000,0.1985,0.1372,0.0577,SAFE,False,10,0,,,,,,
1771436121.760,0.0,45.63,4.8505,0.830,16.4,1,,,0.01897,0.0000,0.0000,0.0000,0.0000,0.1897,0.1301,0.0450,SAFE,False,10,0,,,,,,
1771436121.760,0.0,45.71,4.8414,0.817,15.5,1,,,0.01941,0.0000,0.0000,0.0390,0.0000,0.1941,0.1235,0.0492,SAFE,False,10,0,,,,,,
1771436121.760,0.0,45.09,4.8592,0.805,14.6,1,,,0.01938,0.0000,0.0000,0.0000,0.0000,0.1938,0.1174,0.0429,SAFE,False,10,0,,,,,,
1771436121.760,0.0,45.66,4.8672,0.793,13.8,1,,,0.01896,0.0000,0.0000,0.0000,0.0000,0.1896,0.1117,0.0413,SAFE,False,10,0,,,,,,
1771436121.760,0.0,,,,,,,,,,,,,,,0.0413,SAFE,,10,,t69_0,0.34,HIGH,LOCAL,SAFE: all tasks permitted (weight=0.34),
1771436121.760,0.0,45.44,4.8838,0.810,15.0,1,,,0.01950,0.0000,0.0000,0.0000,0.0000,0.1950,0.1202,0.0435,SAFE,False,10,0,,,,,,
1771436121.760,0.0,44.92,4.8785,0.799,14.2,1,,,0.02009,0.0000,0.0000,0.0000,0.0000,0.2009,0.1143,0.0429,SAFE,False,10,0,,,,,,
1771436121.760,0.0,45.20,4.8558,0.788,13.4,1,,,0.01853,0.0000,0.0000,0.0000,0.0000,0.1853,0.1088,0.0403,SAFE,False,10,0,,,,,,
1771436121.760,0.0,,,,,,,,,,,,,,,0.0403,SAFE,,10,,t72_0,0.38,NORMAL,LOCAL,SAFE: all tasks permitted (weight=0.38),
1771436121.760,0.0,45.52,4.8961,0.808,14.8,1,,,0.02051,0.0000,0.0000,0.0000,0.0000,0.2051,0.1189,0.0443,SAFE,False,10,0,,,,,,
1771436121.760,0.0,45.35,4.8552,0.796,14.0,1,,,0.02055,0.0000,0.0000,0.0000,0.0000,0.2055,0.1131,0.0432,SAFE,False,10,0,,,,,,window_reset|B=10
1771436121.760,0.0,45.58,4.8553,0.785,13.2,1,,,0.02068,0.0000,0.0000,0.0000,0.0000,0.2068,0.1077,0.0422,SAFE,False,10,0,,,,,,
1771436121.760,0.0,46.35,4.8985,0.775,12.5,1,,,0.01993,0.0000,0.0000,0.0000,0.0000,0.1993,0.1027,0.0405,SAFE,False,10,0,,,,,,
1771436121.760,0.0,46.11,4.8887,0.766,11.9,1,,,0.01839,0.0000,0.0000,0.0000,0.0000,0.1839,0.0980,0.0380,SAFE,False,10,0,,,,,,
1771436121.760,0.0,45.97,4.8804,0.757,11.2,1,,,0.01769,0.0000,0.0000,0.0000,0.0000,0.1769,0.0937,0.0364,SAFE,False,10,0,,,,,,
1771436121.761,0.0,,,,,,,,,,,,,,,0.0364,SAFE,,10,,t78_0,0.23,LOW,LOCAL,SAFE: all tasks permitted (weight=0.23),
1771436121.761,0.0,45.99,4.8895,0.768,12.0,1,61109.578,10.45513,0.01572,0.0000,0.0000,0.0000,0.0000,0.1572,0.0988,0.0355,SAFE,False,10,0,,,,,,
1771436121.761,0.0,45.64,4.8820,0.759,11.3,1,25022.543,24.81636,0.01498,0.0000,0.0000,0.0000,0.0000,0.1498,0.0944,0.0339,SAFE,False,10,0,,,,,,
1771436121.761,0.0,46.17,4.8711,0.751,10.8,0,36791.799,-23.75014,0.01479,0.0000,0.0000,0.0000,0.0000,0.1479,0.0753,0.0299,SAFE,False,10,0,,,,,,
1771436121.761,0.0,45.99,4.8912,0.743,10.2,0,36277.076,34.11159,0.01517,0.0000,0.0000,0.0000,0.0000,0.1517,0.0715,0.0295,SAFE,False,10,0,,,,,,
1771436121.761,0.0,45.85,4.8911,0.736,9.7,0,15523.381,33.93016,0.01556,0.0000,0.0000,0.0000,0.0000,0.1556,0.0680,0.0292,SAFE,False,10,0,,,,,,
1771436121.761,0.0,46.19,4.8882,0.729,9.2,0,-8750.941,-9.79571,0.01393,0.0000,0.0000,0.0000,0.0000,0.1393,0.0647,0.0269,SAFE,False,10,0,,,,,,
1771436121.761,0.0,45.96,4.8830,0.723,8.8,0,-8331.221,-5.45683,0.01330,0.0000,0.0000,0.0000,0.0000,0.1330,0.0616,0.0256,SAFE,False,10,0,,,,,,
1771436121.761,0.0,45.72,4.9166,0.718,8.4,0,-14306.863,34.34871,0.01411,0.0000,0.0000,0.0000,0.0000,0.1411,0.0588,0.0259,SAFE,False,10,0,,,,,,
1771436121.761,0.0,45.93,4.8778,0.712,8.0,0,,,0.01102,0.0000,0.0000,0.0000,0.0000,0.1102,0.0561,0.0222,SAFE,False,10,0,,,,,,
1771436121.761,0.0,45.88,4.8693,0.707,7.7,0,,,0.01168,0.0000,0.0000,0.0000,0.0000,0.1168,0.0537,0.0224,SAFE,False,10,0,,,,,,
1771436121.761,0.0,46.00,4.8872,0.703,7.3,0,,,0.01165,0.0000,0.0000,0.0000,0.0000,0.1165,0.0514,0.0219,SAFE,False,10,0,,,,,,window_reset|B=10
1771436121.761,0.0,,,,,,,,,,,,,,,0.0219,SAFE,,10,,t89_0,0.33,LOW,LOCAL,SAFE: all tasks permitted (weight=0.33),
1771436121.761,0.0,45.63,4.8718,0.725,9.0,0,,,0.01220,0.0000,0.0000,0.0000,0.0000,0.1220,0.0627,0.0247,SAFE,False,10,0,,,,,,
1771436121.761,0.0,45.63,4.8811,0.720,8.5,0,,,0.01216,0.0000,0.0000,0.0000,0.0000,0.1216,0.0598,0.0241,SAFE,False,10,0,,,,,,
1771436121.761,0.0,45.72,4.8965,0.714,8.2,0,,,0.01259,0.0000,0.0000,0.0000,0.0000,0.1259,0.0571,0.0240,SAFE,False,10,0,,,,,,
1771436121.761,0.0,,,,,,,,,,,,,,,0.0240,SAFE,,10,,t92_0,0.67,CRITICAL,LOCAL,SAFE: all tasks permitted (weight=0.67),
1771436121.761,0.0,,,,,,,,,,,,,,,0.0240,SAFE,,10,,t92_1,0.26,CRITICAL,LOCAL,SAFE: all tasks permitted (weight=0.26),
1771436121.761,0.0,45.11,4.8505,0.785,13.2,1,,,0.01549,0.0000,0.0000,0.0000,0.0000,0.1549,0.1076,0.0370,SAFE,False,10,0,,,,,,
1771436121.761,0.0,45.38,4.8585,0.775,12.5,1,,,0.01676,0.0000,0.0000,0.0000,0.0000,0.1676,0.1026,0.0373,SAFE,False,10,0,,,,,,
1771436121.761,0.0,,,,,,,,,,,,,,,0.0373,SAFE,,10,,t94_0,0.65,NORMAL,LOCAL,SAFE: all tasks permitted (weight=0.65),
1771436121.761,0.0,,,,,,,,,,,,,,,0.0373,SAFE,,10,,t94_1,0.38,CRITICAL,LOCAL,SAFE: all tasks permitted (weight=0.38),
1771436121.761,0.0,46.20,4.8279,0.850,17.9,1,,,0.02190,0.0000,0.0000,0.1006,0.0000,0.2190,0.1401,0.0630,SAFE,False,10,0,,,,,,
1771436121.761,0.0,,,,,,,,,,,,,,,0.0630,SAFE,,10,,t95_0,0.56,CRITICAL,LOCAL,SAFE: all tasks permitted (weight=0.56),
1771436121.761,0.0,45.73,4.7168,0.881,20.1,2,,,0.04865,0.0000,0.0000,0.6056,0.0000,0.4865,0.1707,0.1615,SAFE,False,10,0,,,,,,
1771436121.761,0.0,,,,,,,,,,,,,,,0.1615,SAFE,,10,,t96_0,0.26,LOW,LOCAL,SAFE: all tasks permitted (weight=0.26),
1771436121.761,0.0,,,,,,,,,,,,,,,0.1615,SAFE,,10,,t96_1,0.42,NORMAL,LOCAL,SAFE: all tasks permitted (weight=0.42),
1771436121.761,0.0,46.07,4.8120,0.919,22.8,2,,,0.04997,0.0000,0.0000,0.1725,0.0000,0.4997,0.1897,0.1103,SAFE,False,10,0,,,,,,
1771436121.761,0.0,46.17,4.8240,0.900,21.4,2,,,0.04700,0.0000,0.0000,0.1182,0.0000,0.4700,0.1800,0.0984,SAFE,False,10,0,,,,,,
1771436121.762,0.0,,,,,,,,,,,,,,,0.0984,SAFE,,10,,t98_0,0.32,NORMAL,LOCAL,SAFE: all tasks permitted (weight=0.32),
1771436121.762,0.0,47.28,4.8436,0.908,22.0,2,136206.804,-51.72755,0.04612,0.0000,0.0000,0.0291,0.0000,0.4612,0.1839,0.0867,SAFE,False,10,0,,,,,,
1771436121.762,0.0,,,,,,,,,,,,,,,0.0867,SAFE,,10,,t99_0,0.50,NORMAL,LOCAL,SAFE: all tasks permitted (weight=0.50),
1771436121.762,0.0,,,,,,,,,,,,,,,0.0867,SAFE,,10,,t99_1,0.62,CRITICAL,LOCAL,SAFE: all tasks permitted (weight=0.62),
1771436121.762,0.0,46.55,4.7969,0.980,27.2,3,68282.465,-137.26047,0.04726,0.0000,0.0000,0.2414,0.0000,0.4726,0.2351,0.1257,SAFE,False,10,0,,,,,,
1771436121.762,0.0,47.51,4.8202,0.956,25.5,2,197929.869,-41.76896,0.04514,0.0000,0.0000,0.1354,0.0000,0.4514,0.2082,0.1044,SAFE,False,10,0,,,,,,
1771436121.762,0.0,,,,,,,,,,,,,,,0.1044,SAFE,,10,,t101_0,0.61,HIGH,LOCAL,SAFE: all tasks permitted (weight=0.61),
1771436121.762,0.0,48.21,4.7858,0.984,27.4,3,233321.135,-100.25229,0.04529,0.0000,0.0000,0.2920,0.0000,0.4529,0.2371,0.1307,SAFE,False,10,0,,,,,,
1771436121.762,0.0,,,,,,,,,,,,,,,0.1307,SAFE,,10,,t102_0,0.80,CRITICAL,LOCAL,SAFE: all tasks permitted (weight=0.80),
1771436121.762,0.0,48.36,4.7845,1.026,30.4,3,179199.012,-59.80275,0.04335,0.0000,0.0000,0.2979,0.0000,0.4335,0.2578,0.1336,SAFE,False,10,0,,,,,,
1771436121.762,0.0,,,,,,,,,,,,,,,0.1336,SAFE,,10,,t103_0,0.31,NORMAL,LOCAL,SAFE: all tasks permitted (weight=0.31),
1771436121.762,0.0,49.03,4.8124,1.024,30.3,3,272725.145,131.73298,0.03633,0.0000,0.0000,0.1710,0.0000,0.3633,0.2572,0.1100,SAFE,False,10,0,,,,,,window_reset|B=10
1771436121.762,0.0,48.62,4.8152,0.998,28.4,3,210183.194,4.37030,0.03440,0.0000,0.0000,0.1581,0.0000,0.3440,0.2438,0.1037,SAFE,False,10,0,,,,,,
1771436121.762,0.0,49.81,4.7929,0.973,26.6,2,300878.039,-42.78566,0.03100,0.0000,0.0000,0.2594,0.0000,0.3100,0.2163,0.1080,SAFE,False,10,0,,,,,,
1771436121.762,0.0,49.76,4.7809,0.950,25.0,2,,,0.03054,0.0000,0.0000,0.3141,0.0000,0.3054,0.2048,0.1123,SAFE,False,10,0,,,,,,
1771436121.762,0.0,49.72,4.8054,0.928,23.4,2,,,0.01793,0.0000,0.0000,0.2029,0.0000,0.1793,0.1940,0.0831,SAFE,False,10,0,,,,,,
1771436121.762,0.0,50.11,4.7951,0.908,22.0,2,,,0.01808,0.0000,0.0000,0.2494,0.0000,0.1808,0.1840,0.0873,SAFE,False,10,0,,,,,,
1771436121.762,0.0,,,,,,,,,,,,,,,0.0873,SAFE,,10,,t109_0,0.40,LOW,LOCAL,SAFE: all tasks permitted (weight=0.40),
1771436121.762,0.0,50.05,4.8530,0.922,23.0,2,,,0.02201,0.0000,0.0000,0.0000,0.0000,0.2201,0.1909,0.0602,SAFE,False,10,0,,,,,,
1771436121.762,0.0,50.67,4.8058,0.902,21.6,2,,,0.01908,0.0000,0.0000,0.2011,0.0000,0.1908,0.1811,0.0814,SAFE,False,10,0,,,,,,
1771436121.762,0.0,50.52,4.8175,0.884,20.3,2,,,0.01928,0.0000,0.0000,0.1479,0.0000,0.1928,0.1720,0.0729,SAFE,False,10,0,,,,,,
1771436121.762,0.0,50.53,4.8282,0.867,19.1,2,,,0.01990,0.0000,0.0000,0.0989,0.0000,0.1990,0.1635,0.0655,SAFE,False,10,0,,,,,,
1771436121.762,0.0,50.62,4.8577,0.851,18.0,1,,,0.02333,0.0000,0.0000,0.0000,0.0000,0.2333,0.1407,0.0515,SAFE,False,10,0,,,,,,
1771436121.762,0.0,50.80,4.8465,0.837,16.9,1,,,0.02344,0.0000,0.0000,0.0158,0.0000,0.2344,0.1333,0.0522,SAFE,False,10,0,,,,,,
1771436121.762,0.0,,,,,,,,,,,,,,,0.0522,SAFE,,10,,t115_0,0.23,CRITICAL,LOCAL,SAFE: all tasks permitted (weight=0.23),
1771436121.762,0.0,49.92,4.8737,0.842,17.3,1,,,0.02800,0.0000,0.0000,0.0000,0.0000,0.2800,0.1361,0.0552,SAFE,False,10,0,,,,,,
1771436121.762,0.0,50.76,4.8491,0.828,16.3,1,,,0.02880,0.0000,0.0000,0.0042,0.0000,0.2880,0.1291,0.0552,SAFE,False,10,0,,,,,,
1771436121.762,0.0,50.95,4.8909,0.815,15.4,1,,,0.03211,0.0000,0.0000,0.0000,0.0000,0.3211,0.1225,0.0566,SAFE,False,10,0,,,,,,
1771436121.762,0.0,50.84,4.8699,0.803,14.5,1,,,0.02922,0.0000,0.0000,0.0000,0.0000,0.2922,0.1165,0.0525,SAFE,False,10,0,,,,,,window_reset|B=10
1771436121.762,0.0,,,,,,,,,,,,,,,0.0525,SAFE,,10,,t119_0,0.21,LOW,LOCAL,SAFE: all tasks permitted (weight=0.21),
1771436121.762,0.0,50.41,4.8766,0.809,15.0,1,,,0.02860,0.0000,0.0000,0.0000,0.0000,0.2860,0.1197,0.0525,SAFE,False,10,0,,,,,,
1771436121.762,0.0,,,,,,,,,,,,,,,0.0525,SAFE,,10,,t120_0,0.54,LOW,LOCAL,SAFE: all tasks permitted (weight=0.54),
1771436121.762,0.0,50.32,4.8616,0.842,17.3,1,,,0.02410,0.0000,0.0000,0.0000,0.0000,0.2410,0.1361,0.0513,SAFE,False,10,0,,,,,,
1771436121.762,0.0,50.63,4.8509,0.828,16.3,1,,,0.02410,0.0000,0.0000,0.0000,0.0000,0.2410,0.1291,0.0499,SAFE,False,10,0,,,,,,
1771436121.762,0.0,50.16,4.8495,0.815,15.4,1,,,0.01968,0.0000,0.0000,0.0023,0.0000,0.1968,0.1226,0.0445,SAFE,False,10,0,,,,,,
1771436121.762,0.0,50.46,4.8462,0.803,14.5,1,,,0.01630,0.0000,0.0000,0.0172,0.0000,0.1630,0.1165,0.0418,SAFE,False,10,0,,,,,,
1771436121.762,0.0,,,,,,,,,,,,,,,0.0418,SAFE,,10,,t124_0,0.66,HIGH,LOCAL,SAFE: all tasks permitted (weight=0.66),
1771436121.762,0.0,,,,,,,,,,,,,,,0.0418,SAFE,,10,,t124_1,0.83,NORMAL,LOCAL,SAFE: all tasks permitted (weight=0.83),
1771436121.762,0.0,50.63,4.8128,0.915,22.5,2,,,0.01901,0.0000,0.0000,0.1689,0.0000,0.1901,0.1874,0.0784,SAFE,False,10,0,,,,,,
1771436121.762,0.0,,,,,,,,,,,,,,,0.0784,SAFE,,10,,t125_0,0.48,NORMAL,LOCAL,SAFE: all tasks permitted (weight=0.48),
1771436121.762,0.0,51.24,4.7966,0.935,24.0,2,,,0.02532,0.0000,0.0000,0.2429,0.0000,0.2532,0.1977,0.0964,SAFE,False,10,0,,,,,,
1771436121.762,0.0,51.01,4.8413,0.915,22.5,2,,,0.02545,0.0000,0.0000,0.0396,0.0000,0.2545,0.1875,0.0681,SAFE,False,10,0,,,,,,
1771436121.762,0.0,51.19,4.8398,0.896,21.1,2,,,0.02471,0.0000,0.0000,0.0462,0.0000,0.2471,0.1779,0.0663,SAFE,False,10,0,,,,,,
1771436121.762,0.0,,,,,,,,,,,,,,,0.0663,SAFE,,10,,t128_0,0.34,NORMAL,LOCAL,SAFE: all tasks permitted (weight=0.34),
1771436121.762,0.0,51.79,4.8190,0.906,21.9,2,,,0.02605,0.0000,0.0000,0.1410,0.0000,0.2605,0.1832,0.0810,SAFE,False,10,0,,,,,,
1771436121.762,0.0,51.28,4.8240,0.888,20.6,2,,,0.02286,0.0000,0.0000,0.1180,0.0000,0.2286,0.1739,0.0730,SAFE,False,10,0,,,,,,
1771436121.762,0.0,51.79,4.8386,0.871,19.3,2,,,0.02109,0.0000,0.0000,0.0520,0.0000,0.2109,0.1653,0.0609,SAFE,False,10,0,,,,,,
1771436121.762,0.0,51.20,4.8322,0.855,18.2,1,,,0.01761,0.0000,0.0000,0.0808,0.0000,0.1761,0.1423,0.0566,SAFE,False,10,0,,,,,,
1771436121.762,0.0,51.40,4.8517,0.840,17.1,1,,,0.01651,0.0000,0.0000,0.0000,0.0000,0.1651,0.1349,0.0435,SAFE,False,10,0,,,,,,
1771436121.763,0.0,,,,,,,,,,,,,,,0.0435,SAFE,,10,,t133_0,0.55,HIGH,LOCAL,SAFE: all tasks permitted (weight=0.55),
1771436121.763,0.0,52.10,4.8219,0.871,19.4,2,46860.419,23.03701,0.01590,0.0000,0.0000,0.1277,0.0000,0.1590,0.1656,0.0656,SAFE,False,10,0,,,,,,window_reset|B=10
1771436121.763,0.0,52.01,4.8529,0.855,18.2,1,54766.772,10.52299,0.01625,0.0000,0.0000,0.0000,0.0000,0.1625,0.1426,0.0448,SAFE,False,10,0,,,,,,
1771436121.763,0.0,51.43,4.8732,0.840,17.2,1,12769.401,30.27396,0.01965,0.0000,0.0000,0.0000,0.0000,0.1965,0.1351,0.0467,SAFE,False,10,0,,,,,,
1771436121.763,0.0,,,,,,,,,,,,,,,0.0467,SAFE,,10,,t136_0,0.42,HIGH,LOCAL,SAFE: all tasks permitted (weight=0.42),
1771436121.763,0.0,51.66,4.8321,0.861,18.6,1,-7435.687,11.92899,0.01864,0.0000,0.0000,0.0813,0.0000,0.1864,0.1454,0.0583,SAFE,False,10,0,,,,,,
1771436121.763,0.0,,,,,,,,,,,,,,,0.0583,SAFE,,10,,t137_0,0.67,NORMAL,LOCAL,SAFE: all tasks permitted (weight=0.67),
1771436121.763,0.0,52.09,4.8315,0.902,21.5,2,44131.702,6.78681,0.01467,0.0000,0.0000,0.0841,0.0000,0.1467,0.1808,0.0618,SAFE,False,10,0,,,,,,
1771436121.763,0.0,52.02,4.8297,0.883,20.2,2,12624.254,-8.05414,0.01482,0.0000,0.0000,0.0923,0.0000,0.1482,0.1717,0.0612,SAFE,False,10,0,,,,,,
1771436121.763,0.0,51.87,4.8321,0.867,19.0,2,36440.008,-0.14174,0.01486,0.0000,0.0000,0.0815,0.0000,0.1486,0.1633,0.0581,SAFE,False,10,0,,,,,,
1771436121.763,0.0,51.80,4.8450,0.851,17.9,1,21770.874,-6.11071,0.01401,0.0000,0.0000,0.0229,0.0000,0.1401,0.1404,0.0451,SAFE,False,10,0,,,,,,
1771436121.763,0.0,52.52,4.8500,0.836,16.9,1,,,0.01357,0.0000,0.0000,0.0001,0.0000,0.1357,0.1331,0.0402,SAFE,False,10,0,,,,,,
1771436121.763,0.0,52.24,4.8633,0.823,15.9,1,,,0.01487,0.0000,0.0000,0.0000,0.0000,0.1487,0.1263,0.0401,SAFE,False,10,0,,,,,,
1771436121.763,0.0,52.30,4.8523,0.810,15.0,1,,,0.01470,0.0000,0.0000,0.0000,0.0000,0.1470,0.1200,0.0387,SAFE,False,10,0,,,,,,
1771436121.763,0.0,,,,,,,,,,,,,,,0.0387,SAFE,,10,,t144_0,0.59,NORMAL,LOCAL,SAFE: all tasks permitted (weight=0.59),
1771436121.763,0.0,51.97,4.8768,0.847,17.7,1,,,0.01715,0.0000,0.0000,0.0000,0.0000,0.1715,0.1387,0.0449,SAFE,False,10,0,,,,,,
1771436121.763,0.0,52.10,4.8285,0.833,16.7,1,,,0.01644,0.0000,0.0000,0.0979,0.0000,0.1644,0.1316,0.0555,SAFE,False,10,0,,,,,,
1771436121.763,0.0,,,,,,,,,,,,,,,0.0555,SAFE,,10,,t146_0,0.26,NORMAL,LOCAL,SAFE: all tasks permitted (weight=0.26),
1771436121.763,0.0,51.36,4.8252,0.842,17.3,1,,,0.01740,0.0000,0.0000,0.1127,0.0000,0.1740,0.1359,0.0592,SAFE,False,10,0,,,,,,
1771436121.763,0.0,51.58,4.8350,0.828,16.3,1,,,0.01532,0.0000,0.0000,0.0683,0.0000,0.1532,0.1289,0.0500,SAFE,False,10,0,,,,,,
1771436121.763,0.0,,,,,,,,,,,,,,,0.0500,SAFE,,10,,t148_0,0.34,HIGH,LOCAL,SAFE: all tasks permitted (weight=0.34),
1771436121.763,0.0,52.14,4.8294,0.843,17.4,1,,,0.01549,0.0000,0.0000,0.0937,0.0000,0.1549,0.1365,0.0550,SAFE,False,10,0,,,,,,window_reset|B=10
1771436121.763,0.0,51.93,4.8332,0.829,16.4,1,,,0.01540,0.0000,0.0000,0.0764,0.0000,0.1540,0.1295,0.0512,SAFE,False,10,0,,,,,,
1771436121.763,0.0,51.91,4.8768,0.816,15.4,1,,,0.01768,0.0000,0.0000,0.0000,0.0000,0.1768,0.1229,0.0423,SAFE,False,10,0,,,,,,
1771436121.763,0.0,51.43,4.8564,0.804,14.6,1,,,0.01740,0.0000,0.0000,0.0000,0.0000,0.1740,0.1169,0.0408,SAFE,False,10,0,,,,,,
1771436121.763,0.0,,,,,,,,,,,,,,,0.0408,SAFE,,10,,t152_0,0.45,HIGH,LOCAL,SAFE: all tasks permitted (weight=0.45),
1771436121.763,0.0,52.06,4.8572,0.830,16.4,1,,,0.01757,0.0000,0.0000,0.0000,0.0000,0.1757,0.1298,0.0435,SAFE,False,10,0,,,,,,
1771436121.763,0.0,51.65,4.8725,0.817,15.5,1,,,0.01877,0.0000,0.0000,0.0000,0.0000,0.1877,0.1233,0.0434,SAFE,False,10,0,,,,,,
1771436121.763,0.0,51.81,4.8822,0.804,14.6,1,,,0.02049,0.0000,0.0000,0.0000,0.0000,0.2049,0.1171,0.0439,SAFE,False,10,0,,,,,,
1771436121.763,0.0,51.96,4.8685,0.793,13.8,1,,,0.02099,0.0000,0.0000,0.0000,0.0000,0.2099,0.1115,0.0433,SAFE,False,10,0,,,,,,
1771436121.763,0.0,51.42,4.8705,0.782,13.0,1,,,0.02046,0.0000,0.0000,0.0000,0.0000,0.2046,0.1062,0.0417,SAFE,False,10,0,,,,,,
1771436121.763,0.0,51.82,4.8573,0.773,12.3,1,,,0.01910,0.0000,0.0000,0.0000,0.0000,0.1910,0.1013,0.0393,SAFE,False,10,0,,,,,,
1771436121.763,0.0,51.69,4.8513,0.763,11.7,1,,,0.01690,0.0000,0.0000,0.0000,0.0000,0.1690,0.0967,0.0362,SAFE,False,10,0,,,,,,
1771436121.763,0.0,51.53,4.8736,0.755,11.1,1,,,0.01595,0.0000,0.0000,0.0000,0.0000,0.1595,0.0925,0.0344,SAFE,False,10,0,,,,,,
1771436121.763,0.0,51.56,4.8478,0.747,10.5,0,,,0.01357,0.0000,0.0000,0.0102,0.0000,0.1357,0.0735,0.0296,SAFE,False,10,0,,,,,,
1771436121.763,0.0,50.96,4.8598,0.740,10.0,0,,,0.01045,0.0000,0.0000,0.0000,0.0000,0.1045,0.0698,0.0244,SAFE,False,10,0,,,,,,
1771436121.763,0.0,,,,,,,,,,,,,,,0.0244,SAFE,,10,,t162_0,0.59,NORMAL,LOCAL,SAFE: all tasks permitted (weight=0.59),
1771436121.763,0.0,50.93,4.8755,0.782,13.0,1,,,0.01033,0.0000,0.0000,0.0000,0.0000,0.1033,0.1061,0.0315,SAFE,False,10,0,,,,,,
1771436121.763,0.0,51.07,4.8708,0.772,12.3,1,,,0.01017,0.0000,0.0000,0.0000,0.0000,0.1017,0.1012,0.0304,SAFE,False,10,0,,,,,,window_reset|B=10
1771436121.763,0.0,50.56,4.8760,0.763,11.7,1,,,0.01020,0.0000,0.0000,0.0000,0.0000,0.1020,0.0966,0.0295,SAFE,False,10,0,,,,,,
1771436121.763,0.0,50.89,4.8880,0.755,11.1,1,,,0.01168,0.0000,0.0000,0.0000,0.0000,0.1168,0.0924,0.0302,SAFE,False,10,0,,,,,,
1771436121.763,0.0,50.17,4.8875,0.747,10.5,0,,,0.01227,0.0000,0.0000,0.0000,0.0000,0.1227,0.0734,0.0270,SAFE,False,10,0,,,,,,
1771436121.763,0.0,50.24,4.8724,0.740,10.0,0,,,0.01231,0.0000,0.0000,0.0000,0.0000,0.1231,0.0698,0.0263,SAFE,False,10,0,,,,,,
1771436121.763,0.0,50.48,4.8843,0.733,9.5,0,,,0.01300,0.0000,0.0000,0.0000,0.0000,0.1300,0.0663,0.0263,SAFE,False,10,0,,,,,,
1771436121.763,0.0,,,,,,,,,,,,,,,0.0263,SAFE,,10,,t169_0,0.49,NORMAL,LOCAL,SAFE: all tasks permitted (weight=0.49),
1771436121.763,0.0,49.89,4.8920,0.767,11.9,1,,,0.01362,0.0000,0.0000,0.0000,0.0000,0.1362,0.0986,0.0333,SAFE,False,10,0,,,,,,
1771436121.763,0.0,50.04,4.8455,0.758,11.3,1,,,0.01446,0.0000,0.0000,0.0203,0.0000,0.1446,0.0942,0.0359,SAFE,False,10,0,,,,,,
1771436121.764,0.0,,,,,,,,,,,,,,,0.0359,SAFE,,10,,t171_0,0.48,NORMAL,LOCAL,SAFE: all tasks permitted (weight=0.48),
1771436121.764,0.0,50.05,4.8639,0.791,13.6,1,-61320.718,-6.94104,0.01467,0.0000,0.0000,0.0000,0.0000,0.1467,0.1105,0.0368,SAFE,False,10,0,,,,,,
1771436121.764,0.0,,,,,,,,,,,,,,,0.0368,SAFE,,10,,t172_0,0.52,LOW,LOCAL,SAFE: all tasks permitted (weight=0.52),
1771436121.764,0.0,50.30,4.8529,0.824,16.0,1,-15434.002,-23.03231,0.01402,0.0000,0.0000,0.0000,0.0000,0.1402,0.1272,0.0395,SAFE,False,10,0,,,,,,
1771436121.764,0.0,50.11,4.8346,0.812,15.1,1,-46504.503,-53.32734,0.01726,0.0000,0.0000,0.0701,0.0000,0.1726,0.1208,0.0505,SAFE,False,10,0,,,,,,
1771436121.764,0.0,50.20,4.8565,0.800,14.3,1,1659.642,-30.97961,0.01758,0.0000,0.0000,0.0000,0.0000,0.1758,0.1149,0.0406,SAFE,False,10,0,,,,,,
1771436121.764,0.0,50.06,4.8696,0.789,13.5,1,-10780.987,-2.74056,0.01757,0.0000,0.0000,0.0000,0.0000,0.1757,0.1094,0.0394,SAFE,False,10,0,,,,,,
1771436121.764,0.0,,,,,,,,,,,,,,,0.0394,SAFE,,10,,t176_0,0.74,CRITICAL,LOCAL,SAFE: all tasks permitted (weight=0.74),
1771436121.764,0.0,49.83,4.8437,0.841,17.2,1,-38769.812,-40.53728,0.01867,0.0000,0.0000,0.0288,0.0000,0.1867,0.1357,0.0496,SAFE,False,10,0,,,,,,
1771436121.764,0.0,50.07,4.8422,0.827,16.2,1,11163.052,-49.61436,0.01844,0.0000,0.0000,0.0353,0.0000,0.1844,0.1287,0.0488,SAFE,False,10,0,,,,,,
1771436121.764,0.0,50.06,4.8478,0.814,15.3,1,1194.851,2.30215,0.01709,0.0000,0.0000,0.0098,0.0000,0.1709,0.1222,0.0428,SAFE,False,10,0,,,,,,window_reset|B=10
1771436121.764,0.0,50.18,4.8575,0.802,14.5,1,,,0.01659,0.0000,0.0000,0.0000,0.0000,0.1659,0.1162,0.0398,SAFE,False,10,0,,,,,,
1771436121.764,0.0,49.84,4.8834,0.791,13.7,1,,,0.01648,0.0000,0.0000,0.0000,0.0000,0.1648,0.1106,0.0386,SAFE,False,10,0,,,,,,
1771436121.764,0.0,49.58,4.8803,0.781,12.9,1,,,0.01466,0.0000,0.0000,0.0000,0.0000,0.1466,0.1053,0.0357,SAFE,False,10,0,,,,,,
1771436121.764,0.0,,,,,,,,,,,,,,,0.0357,SAFE,,10,,t182_0,0.48,HIGH,LOCAL,SAFE: all tasks permitted (weight=0.48),
1771436121.764,0.0,49.81,4.8369,0.812,15.1,1,,,0.01537,0.0000,0.0000,0.0596,0.0000,0.1537,0.1208,0.0473,SAFE,False,10,0,,,,,,
1771436121.764,0.0,50.03,4.8304,0.800,14.3,1,,,0.01663,0.0000,0.0000,0.0889,0.0000,0.1663,0.1149,0.0512,SAFE,False,10,0,,,,,,
1771436121.764,0.0,50.54,4.8924,0.789,13.5,1,,,0.01988,0.0000,0.0000,0.0000,0.0000,0.1988,0.1093,0.0417,SAFE,False,10,0,,,,,,
1771436121.764,0.0,,,,,,,,,,,,,,,0.0417,SAFE,,10,,t185_0,0.21,HIGH,LOCAL,SAFE: all tasks permitted (weight=0.21),
1771436121.764,0.0,49.71,4.8747,0.797,14.0,1,,,0.01931,0.0000,0.0000,0.0000,0.0000,0.1931,0.1133,0.0420,SAFE,False,10,0,,,,,,
1771436121.764,0.0,,,,,,,,,,,,,,,0.0420,SAFE,,10,,t186_0,0.47,NORMAL,LOCAL,SAFE: all tasks permitted (weight=0.47),
1771436121.764,0.0,49.65,4.8522,0.826,16.1,1,,,0.01941,0.0000,0.0000,0.0000,0.0000,0.1941,0.1278,0.0450,SAFE,False,10,0,,,,,,
1771436121.764,0.0,,,,,,,,,,,,,,,0.0450,SAFE,,10,,t187_0,0.60,HIGH,LOCAL,SAFE: all tasks permitted (weight=0.60),
1771436121.764,0.0,,,,,,,,,,,,,,,0.0450,SAFE,,10,,t187_1,0.54,HIGH,LOCAL,SAFE: all tasks permitted (weight=0.54),
1771436121.764,0.0,50.15,4.8205,0.909,22.1,2,,,0.02183,0.0000,0.0000,0.1343,0.0000,0.2183,0.1847,0.0762,SAFE,False,10,0,,,,,,
1771436121.764,0.0,49.86,4.8090,0.891,20.8,2,,,0.02519,0.0000,0.0000,0.1863,0.0000,0.2519,0.1753,0.0845,SAFE,False,10,0,,,,,,
1771436121.764,0.0,,,,,,,,,,,,,,,0.0845,SAFE,,10,,t189_0,0.51,HIGH,LOCAL,SAFE: all tasks permitted (weight=0.51),
1771436121.764,0.0,49.96,4.8357,0.916,22.6,2,,,0.02547,0.0000,0.0000,0.0648,0.0000,0.2547,0.1882,0.0715,SAFE,False,10,0,,,,,,
1771436121.764,0.0,50.48,4.8612,0.897,21.2,2,,,0.02557,0.0000,0.0000,0.0000,0.0000,0.2557,0.1786,0.0613,SAFE,False,10,0,,,,,,
1771436121.764,0.0,,,,,,,,,,,,,,,0.0613,SAFE,,10,,t191_0,0.56,CRITICAL,LOCAL,SAFE: all tasks permitted (weight=0.56),
1771436121.764,0.0,50.41,4.8246,0.927,23.4,2,,,0.02666,0.0000,0.0000,0.1156,0.0000,0.2666,0.1935,0.0804,SAFE,False,10,0,,,,,,
1771436121.764,0.0,50.81,4.8607,0.907,21.9,2,,,0.02498,0.0000,0.0000,0.0000,0.0000,0.2498,0.1835,0.0617,SAFE,False,10,0,,,,,,
1771436121.764,0.0,51.52,4.8518,0.888,20.6,2,,,0.02310,0.0000,0.0000,0.0000,0.0000,0.2310,0.1742,0.0579,SAFE,False,10,0,,,,,,window_reset|B=10
1771436121.764,0.0,50.67,4.8438,0.871,19.4,2,,,0.02296,0.0000,0.0000,0.0281,0.0000,0.2296,0.1656,0.0597,SAFE,False,10,0,,,,,,
1771436121.764,0.0,,,,,,,,,,,,,,,0.0597,SAFE,,10,,t195_0,0.33,NORMAL,LOCAL,SAFE: all tasks permitted (weight=0.33),
1771436121.764,0.0,51.75,4.8410,0.883,20.2,2,,,0.02253,0.0000,0.0000,0.0411,0.0000,0.2253,0.1717,0.0622,SAFE,False,10,0,,,,,,
1771436121.764,0.0,,,,,,,,,,,,,,,0.0622,SAFE,,10,,t196_0,0.74,HIGH,LOCAL,SAFE: all tasks permitted (weight=0.74),
1771436121.764,0.0,51.48,4.8517,0.929,23.5,2,,,0.01811,0.0000,0.0000,0.0000,0.0000,0.1811,0.1947,0.0570,SAFE,False,10,0,,,,,,
1771436121.764,0.0,51.83,4.8096,0.909,22.1,2,,,0.01782,0.0000,0.0000,0.1834,0.0000,0.1782,0.1846,0.0786,SAFE,False,10,0,,,,,,
1771436121.764,0.0,,,,,,,,,,,,,,,0.0786,SAFE,,10,,t198_0,0.37,NORMAL,LOCAL,SAFE: all tasks permitted (weight=0.37),
1771436121.764,0.0,52.38,4.8257,0.922,23.0,2,,,0.01762,0.0000,0.0000,0.1106,0.0000,0.1762,0.1912,0.0702,SAFE,False,10,0,,,,,,
1771436121.764,0.0,51.70,4.8099,0.903,21.6,2,,,0.01862,0.0000,0.0000,0.1823,0.0000,0.1862,0.1814,0.0786,SAFE,False,10,0,,,,,,
1771436121.764,0.0,51.69,4.8119,0.885,20.3,2,,,0.01829,0.0000,0.0000,0.1730,0.0000,0.1829,0.1723,0.0752,SAFE,False,10,0,,,,,,
1771436121.764,0.0,51.94,4.8323,0.868,19.1,2,,,0.01832,0.0000,0.0000,0.0806,0.0000,0.1832,0.1638,0.0616,SAFE,False,10,0,,,,,,
1771436121.764,0.0,51.84,4.8314,0.852,18.0,1,,,0.01659,0.0000,0.0000,0.0843,0.0000,0.1659,0.1409,0.0557,SAFE,False,10,0,,,,,,
1771436121.764,0.0,51.57,4.8518,0.837,16.9,1,,,0.01715,0.0000,0.0000,0.0000,0.0000,0.1715,0.1336,0.0439,SAFE,False,10,0,,,,,,
1771436121.764,0.0,,,,,,,,,,,,,,,0.0439,SAFE,,10,,t204_0,0.76,NORMAL,LOCAL,SAFE: all tasks permitted (weight=0.76),
1771436121.765,0.0,52.01,4.8189,0.889,20.6,2,32109.066,-32.78734,0.01579,0.0000,0.0000,0.1415,0.0000,0.1579,0.1743,0.0690,SAFE,False,10,0,,,,,,
1771436121.765,0.0,,,,,,,,,,,,,,,0.0690,SAFE,,10,,t205_0,0.33,HIGH,LOCAL,SAFE: all tasks permitted (weight=0.33),
1771436121.765,0.0,52.10,4.8425,0.900,21.4,2,15945.531,32.90893,0.01499,0.0000,0.0000,0.0339,0.0000,0.1499,0.1799,0.0554,SAFE,False,10,0,,,,,,
1771436121.765,0.0,,,,,,,,,,,,,,,0.0554,SAFE,,10,,t206_0,0.42,HIGH,LOCAL,SAFE: all tasks permitted (weight=0.42),
1771436121.765,0.0,52.31,4.8332,0.917,22.7,2,-3758.610,7.52829,0.01451,0.0000,0.0000,0.0763,0.0000,0.1451,0.1887,0.0622,SAFE,False,10,0,,,,,,
1771436121.765,0.0,52.37,4.8199,0.898,21.3,2,40145.513,10.02547,0.01435,0.0000,0.0000,0.1368,0.0000,0.1435,0.1790,0.0679,SAFE,False,10,0,,,,,,
1771436121.765,0.0,51.94,4.8383,0.880,20.0,2,14747.760,26.35357,0.01294,0.0000,0.0000,0.0532,0.0000,0.1294,0.1701,0.0539,SAFE,False,10,0,,,,,,window_reset|B=10
1771436121.765,0.0,52.21,4.8389,0.863,18.8,1,16188.825,6.59443,0.01214,0.0000,0.0000,0.0506,0.0000,0.1214,0.1467,0.0481,SAFE,False,10,0,,,,,,
1771436121.765,0.0,52.53,4.8562,0.848,17.7,1,41595.569,24.80917,0.01411,0.0000,0.0000,0.0000,0.0000,0.1411,0.1390,0.0419,SAFE,False,10,0,,,,,,
1771436121.765,0.0,52.81,4.8518,0.834,16.7,1,74523.754,-0.01809,0.01334,0.0000,0.0000,0.0000,0.0000,0.1334,0.1318,0.0397,SAFE,False,10,0,,,,,,
1771436121.765,0.0,52.78,4.8508,0.820,15.7,1,,,0.01183,0.0000,0.0000,0.0000,0.0000,0.1183,0.1251,0.0368,SAFE,False,10,0,,,,,,
1771436121.765,0.0,52.76,4.8795,0.808,14.8,1,,,0.01609,0.0000,0.0000,0.0000,0.0000,0.1609,0.1188,0.0399,SAFE,False,10,0,,,,,,
1771436121.765,0.0,52.53,4.8474,0.796,14.0,1,,,0.01575,0.0000,0.0000,0.0119,0.0000,0.1575,0.1130,0.0399,SAFE,False,10,0,,,,,,
1771436121.765,0.0,51.98,4.8676,0.785,13.2,1,,,0.01695,0.0000,0.0000,0.0000,0.0000,0.1695,0.1076,0.0385,SAFE,False,10,0,,,,,,
1771436121.765,0.0,,,,,,,,,,,,,,,0.0385,SAFE,,10,,t216_0,0.45,LOW,LOCAL,SAFE: all tasks permitted (weight=0.45),
1771436121.765,0.0,52.43,4.8497,0.814,15.3,1,,,0.01496,0.0000,0.0000,0.0012,0.0000,0.1496,0.1219,0.0395,SAFE,False,10,0,,,,,,
1771436121.765,0.0,51.96,4.8628,0.802,14.4,1,,,0.01538,0.0000,0.0000,0.0000,0.0000,0.1538,0.1159,0.0386,SAFE,False,10,0,,,,,,
1771436121.765,0.0,,,,,,,,,,,,,,,0.0386,SAFE,,10,,t218_0,0.65,LOW,LOCAL,SAFE: all tasks permitted (weight=0.65),
1771436121.765,0.0,52.23,4.8494,0.846,17.6,1,,,0.01457,0.0000,0.0000,0.0027,0.0000,0.1457,0.1381,0.0425,SAFE,False,10,0,,,,,,
1771436121.765,0.0,51.73,4.8977,0.832,16.6,1,,,0.01646,0.0000,0.0000,0.0000,0.0000,0.1646,0.1310,0.0427,SAFE,False,10,0,,,,,,
1771436121.765,0.0,52.05,4.8342,0.819,15.6,1,,,0.01689,0.0000,0.0000,0.0720,0.0000,0.1689,0.1243,0.0511,SAFE,False,10,0,,,,,,
1771436121.765,0.0,,,,,,,,,,,,,,,0.0511,SAFE,,10,,t221_0,0.34,NORMAL,LOCAL,SAFE: all tasks permitted (weight=0.34),
1771436121.765,0.0,,,,,,,,,,,,,,,0.0511,SAFE,,10,,t221_1,0.25,LOW,LOCAL,SAFE: all tasks permitted (weight=0.25),
1771436121.765,0.0,52.11,4.8619,0.858,18.4,1,,,0.01599,0.0000,0.0000,0.0000,0.0000,0.1599,0.1438,0.0448,SAFE,False,10,0,,,,,,
1771436121.765,0.0,,,,,,,,,,,,,,,0.0448,SAFE,,10,,t222_0,0.34,LOW,LOCAL,SAFE: all tasks permitted (weight=0.34),
1771436121.765,0.0,,,,,,,,,,,,,,,0.0448,SAFE,,10,,t222_1,0.22,LOW,LOCAL,SAFE: all tasks permitted (weight=0.22),
1771436121.765,0.0,51.58,4.8448,0.891,20.8,2,,,0.01646,0.0000,0.0000,0.0236,0.0000,0.1646,0.1756,0.0546,SAFE,False,10,0,,,,,,
1771436121.765,0.0,,,,,,,,,,,,,,,0.0546,SAFE,,10,,t223_0,0.24,CRITICAL,LOCAL,SAFE: all tasks permitted (weight=0.24),
1771436121.765,0.0,,,,,,,,,,,,,,,0.0546,SAFE,,10,,t223_1,0.69,NORMAL,LOCAL,SAFE: all tasks permitted (weight=0.69),
1771436121.765,0.0,52.19,4.8377,0.953,25.2,2,,,0.01735,0.0000,0.0000,0.0557,0.0000,0.1735,0.2067,0.0659,SAFE,False,10,0,,,,,,window_reset|B=10
1771436121.765,0.0,52.44,4.7787,0.932,23.7,2,,,0.02777,0.0000,0.0000,0.3239,0.0000,0.2777,0.1958,0.1090,SAFE,False,10,0,,,,,,
1771436121.765,0.0,52.71,4.8500,0.911,22.2,2,,,0.02641,0.0000,0.0000,0.0001,0.0000,0.2641,0.1857,0.0636,SAFE,False,10,0,,,,,,
1771436121.765,0.0,,,,,,,,,,,,,,,0.0636,SAFE,,10,,t226_0,0.34,NORMAL,LOCAL,SAFE: all tasks permitted (weight=0.34),
1771436121.765,0.0,52.79,4.7367,0.922,23.0,2,,,0.04067,0.0000,0.0000,0.5150,0.0000,0.4067,0.1909,0.1458,SAFE,False,10,0,,,,,,
1771436121.765,0.0,,,,,,,,,,,,,,,0.1458,SAFE,,10,,t227_0,0.32,NORMAL,LOCAL,SAFE: all tasks permitted (weight=0.32),
1771436121.765,0.0,52.66,4.8116,0.929,23.5,2,,,0.04036,0.0000,0.0000,0.1745,0.0000,0.4036,0.1947,0.1020,SAFE,False,10,0,,,,,,
1771436121.765,0.0,52.85,4.8014,0.909,22.1,2,,,0.04106,0.0000,0.0000,0.2209,0.0000,0.4106,0.1847,0.1067,SAFE,False,10,0,,,,,,
1771436121.765,0.0,52.78,4.7973,0.891,20.8,2,,,0.04077,0.0000,0.0000,0.2396,0.0000,0.4077,0.1753,0.1070,SAFE,False,10,0,,,,,,
1771436121.765,0.0,52.76,4.8202,0.873,19.5,2,,,0.04011,0.0000,0.0000,0.1353,0.0000,0.4011,0.1666,0.0910,SAFE,False,10,0,,,,,,
1771436121.765,0.0,52.75,4.8516,0.857,18.4,1,,,0.03458,0.0000,0.0000,0.0000,0.0000,0.3458,0.1435,0.0633,SAFE,False,10,0,,,,,,
1771436121.765,0.0,53.53,4.8313,0.842,17.3,1,,,0.03448,0.0000,0.0000,0.0849,0.0000,0.3448,0.1360,0.0727,SAFE,False,10,0,,,,,,
1771436121.765,0.0,53.15,4.8628,0.828,16.3,1,,,0.03457,0.0000,0.0000,0.0000,0.0000,0.3457,0.1290,0.0604,SAFE,False,10,0,,,,,,
1771436121.765,0.0,52.73,4.8503,0.815,15.4,1,,,0.03495,0.0000,0.0000,0.0000,0.0000,0.3495,0.1225,0.0594,SAFE,False,10,0,,,,,,
1771436121.765,0.0,52.70,4.8371,0.803,14.5,1,,,0.03492,0.0000,0.0000,0.0585,0.0000,0.3492,0.1164,0.0658,SAFE,False,10,0,,,,,,
1771436121.765,0.0,,,,,,,,,,,,,,,0.0658,SAFE,,10,,t236_0,0.76,HIGH,LOCAL,SAFE: all tasks permitted (weight=0.76),
1771436121.765,0.0,52.54,4.8425,0.858,18.4,1,,,0.03318,0.0000,0.0000,0.0342,0.0000,0.3318,0.1440,0.0664,SAFE,False,10,0,,,,,,
1771436121.765,0.0,53.18,4.8513,0.843,17.3,1,,,0.03327,0.0000,0.0000,0.0000,0.0000,0.3327,0.1364,0.0605,SAFE,False,10,0,,,,,,
1771436121.765,0.0,52.84,4.8582,0.829,16.3,1,,,0.02136,0.0000,0.0000,0.0000,0.0000,0.2136,0.1294,0.0472,SAFE,False,10,0,,,,,,window_reset|B=10
1771436121.766,0.0,52.98,4.8381,0.816,15.4,1,13966.589,-13.52326,0.02020,0.0000,0.0000,0.0543,0.0000,0.2020,0.1228,0.0518,SAFE,False,10,0,,,,,,
1771436121.766,0.0,,,,,,,,,,,,,,,0.0518,SAFE,,10,,t240_0,0.70,NORMAL,LOCAL,SAFE: all tasks permitted (weight=0.70),
1771436121.766,0.0,,,,,,,,,,,,,,,0.0518,SAFE,,10,,t240_1,0.77,LOW,LOCAL,SAFE: all tasks permitted (weight=0.77),
1771436121.766,0.0,53.37,4.8210,0.931,23.6,2,-9995.939,-10.34130,0.01794,0.0000,0.0000,0.1320,0.0000,0.1794,0.1955,0.0742,SAFE,False,10,0,,,,,,
1771436121.766,0.0,53.51,4.8338,0.911,22.2,2,21522.407,-28.89608,0.01315,0.0000,0.0000,0.0736,0.0000,0.1315,0.1854,0.0598,SAFE,False,10,0,,,,,,
1771436121.766,0.0,,,,,,,,,,,,,,,0.0598,SAFE,,10,,t242_0,0.24,LOW,LOCAL,SAFE: all tasks permitted (weight=0.24),
1771436121.766,0.0,52.74,4.7953,0.913,22.4,2,386.231,-54.80794,0.01757,0.0000,0.0000,0.2485,0.0000,0.1757,0.1865,0.0872,SAFE,False,10,0,,,,,,
1771436121.766,0.0,52.83,4.8190,0.894,21.0,2,7801.113,-18.09311,0.01800,0.0000,0.0000,0.1410,0.0000,0.1800,0.1770,0.0717,SAFE,False,10,0,,,,,,
1771436121.766,0.0,,,,,,,,,,,,,,,0.0717,SAFE,,10,,t244_0,0.74,NORMAL,LOCAL,SAFE: all tasks permitted (weight=0.74),
1771436121.766,0.0,53.57,4.8266,0.941,24.3,2,62145.831,-15.78719,0.01816,0.0000,0.0000,0.1062,0.0000,0.1816,0.2003,0.0720,SAFE,False,10,0,,,,,,
1771436121.766,0.0,53.16,4.7944,0.920,22.8,2,-1065.226,-56.65942,0.01963,0.0000,0.0000,0.2525,0.0000,0.1963,0.1898,0.0904,SAFE,False,10,0,,,,,,
1771436121.766,0.0,,,,,,,,,,,,,,,0.0904,SAFE,,10,,t246_0,0.55,NORMAL,LOCAL,SAFE: all tasks permitted (weight=0.55),
1771436121.766,0.0,,,,,,,,,,,,,,,0.0904,SAFE,,10,,t246_1,0.56,NORMAL,LOCAL,SAFE: all tasks permitted (weight=0.56),
1771436121.766,0.0,53.60,4.7864,0.997,28.4,3,45836.995,-71.61730,0.02208,0.0000,0.0000,0.2891,0.0000,0.2208,0.2437,0.1084,SAFE,False,10,0,,,,,,
1771436121.766,0.0,54.02,4.7868,0.972,26.6,2,,,0.02412,0.0000,0.0000,0.2871,0.0000,0.2412,0.2162,0.1047,SAFE,False,10,0,,,,,,
1771436121.766,0.0,,,,,,,,,,,,,,,0.1047,SAFE,,10,,t248_0,0.45,NORMAL,LOCAL,SAFE: all tasks permitted (weight=0.45),
1771436121.766,0.0,53.99,4.8180,0.988,27.7,3,,,0.02325,0.0000,0.0000,0.1453,0.0000,0.2325,0.2392,0.0900,SAFE,False,10,0,,,,,,
1771436121.766,0.0,53.96,4.8231,0.964,26.0,2,,,0.02121,0.0000,0.0000,0.1224,0.0000,0.2121,0.2121,0.0796,SAFE,False,10,0,,,,,,
1771436121.766,0.0,54.17,4.7993,0.942,24.4,2,,,0.01754,0.0000,0.0000,0.2306,0.0000,0.1754,0.2008,0.0877,SAFE,False,10,0,,,,,,
1771436121.766,0.0,54.57,4.8384,0.921,22.9,2,,,0.01758,0.0000,0.0000,0.0528,0.0000,0.1758,0.1903,0.0625,SAFE,False,10,0,,,,,,
1771436121.766,0.0,54.16,4.8096,0.901,21.5,2,,,0.01737,0.0000,0.0000,0.1835,0.0000,0.1737,0.1806,0.0773,SAFE,False,10,0,,,,,,
1771436121.766,0.0,53.88,4.8231,0.883,20.2,2,,,0.01642,0.0000,0.0000,0.1224,0.0000,0.1642,0.1715,0.0666,SAFE,False,10,0,,,,,,window_reset|B=10
1771436121.766,0.0,54.47,4.8320,0.866,19.0,2,,,0.01681,0.0000,0.0000,0.0818,0.0000,0.1681,0.1631,0.0601,SAFE,False,10,0,,,,,,
1771436121.766,0.0,54.31,4.8371,0.850,17.9,1,,,0.01805,0.0000,0.0000,0.0584,0.0000,0.1805,0.1402,0.0537,SAFE,False,10,0,,,,,,
1771436121.766,0.0,54.06,4.8427,0.836,16.8,1,,,0.01944,0.0000,0.0000,0.0330,0.0000,0.1944,0.1329,0.0503,SAFE,False,10,0,,,,,,
1771436121.766,0.0,54.99,4.8514,0.822,15.9,1,,,0.02054,0.0000,0.0000,0.0000,0.0000,0.2054,0.1262,0.0458,SAFE,False,10,0,,,,,,
1771436121.766,0.0,,,,,,,,,,,,,,,0.0458,SAFE,,10,,t258_0,0.70,NORMAL,LOCAL,SAFE: all tasks permitted (weight=0.70),
1771436121.766,0.0,54.75,4.8598,0.871,19.3,2,,,0.02035,0.0000,0.0000,0.0000,0.0000,0.2035,0.1654,0.0534,SAFE,False,10,0,,,,,,
1771436121.766,0.0,54.23,4.8251,0.855,18.2,1,,,0.01647,0.0000,0.0000,0.1130,0.0000,0.1647,0.1424,0.0596,SAFE,False,10,0,,,,,,
1771436121.766,0.0,54.68,4.8094,0.840,17.1,1,,,0.01715,0.0000,0.0000,0.1843,0.0000,0.1715,0.1349,0.0681,SAFE,False,10,0,,,,,,
1771436121.766,0.0,53.90,4.8466,0.826,16.1,1,,,0.01766,0.0000,0.0000,0.0156,0.0000,0.1766,0.1280,0.0453,SAFE,False,10,0,,,,,,
1771436121.766,0.0,53.47,4.8543,0.813,15.2,1,,,0.01582,0.0000,0.0000,0.0000,0.0000,0.1582,0.1216,0.0401,SAFE,False,10,0,,,,,,
1771436121.766,0.0,53.88,4.8860,0.801,14.4,1,,,0.02107,0.0000,0.0000,0.0000,0.0000,0.2107,0.1156,0.0442,SAFE,False,10,0,,,,,,
1771436121.766,0.0,54.17,4.8563,0.790,13.6,1,,,0.01938,0.0000,0.0000,0.0000,0.0000,0.1938,0.1100,0.0414,SAFE,False,10,0,,,,,,
1771436121.766,0.0,53.64,4.8781,0.780,12.8,1,,,0.02045,0.0000,0.0000,0.0000,0.0000,0.2045,0.1048,0.0414,SAFE,False,10,0,,,,,,
1771436121.766,0.0,53.89,4.8690,0.770,12.1,1,,,0.02057,0.0000,0.0000,0.0000,0.0000,0.2057,0.1000,0.0406,SAFE,False,10,0,,,,,,
1771436121.766,0.0,,,,,,,,,,,,,,,0.0406,SAFE,,10,,t267_0,0.26,LOW,LOCAL,SAFE: all tasks permitted (weight=0.26),
1771436121.766,0.0,53.14,4.8616,0.784,13.1,1,,,0.02027,0.0000,0.0000,0.0000,0.0000,0.2027,0.1070,0.0417,SAFE,False,10,0,,,,,,
1771436121.766,0.0,52.95,4.8633,0.774,12.4,1,,,0.02017,0.0000,0.0000,0.0000,0.0000,0.2017,0.1020,0.0406,SAFE,False,10,0,,,,,,window_reset|B=10
1771436121.766,0.0,53.28,4.8913,0.765,11.8,1,,,0.02244,0.0000,0.0000,0.0000,0.0000,0.2244,0.0974,0.0419,SAFE,False,10,0,,,,,,
1771436121.766,0.0,53.00,4.8982,0.756,11.2,1,,,0.02501,0.0000,0.0000,0.0000,0.0000,0.2501,0.0931,0.0436,SAFE,False,10,0,,,,,,
1771436121.766,0.0,52.75,4.8536,0.748,10.6,0,,,0.02268,0.0000,0.0000,0.0000,0.0000,0.2268,0.0741,0.0375,SAFE,False,10,0,,,,,,
1771436121.766,0.0,52.25,4.8910,0.741,10.1,0,,,0.01677,0.0000,0.0000,0.0000,0.0000,0.1677,0.0704,0.0309,SAFE,False,10,0,,,,,,
1771436121.766,0.0,52.74,4.8781,0.734,9.6,0,,,0.01517,0.0000,0.0000,0.0000,0.0000,0.1517,0.0669,0.0286,SAFE,False,10,0,,,,,,
1771436121.766,0.0,51.79,4.8814,0.727,9.1,0,,,0.01413,0.0000,0.0000,0.0000,0.0000,0.1413,0.0637,0.0269,SAFE,False,10,0,,,,,,
1771436121.766,0.0,,,,,,,,,,,,,,,0.0269,SAFE,,10,,t275_0,0.40,LOW,LOCAL,SAFE: all tasks permitted (weight=0.40),
1771436121.766,0.0,52.27,4.8622,0.756,11.2,1,,,0.01421,0.0000,0.0000,0.0000,0.0000,0.1421,0.0932,0.0328,SAFE,False,10,0,,,,,,
1771436121.767,0.0,51.43,4.8814,0.748,10.6,0,-91308.456,18.11038,0.01331,0.0000,0.0000,0.0000,0.0000,0.1331,0.0742,0.0281,SAFE,False,10,0,,,,,,
1771436121.767,0.0,51.63,4.8710,0.741,10.1,0,-99481.062,-20.27524,0.01335,0.0000,0.0000,0.0000,0.0000,0.1335,0.0704,0.0274,SAFE,False,10,0,,,,,,
1771436121.767,0.0,,,,,,,,,,,,,,,0.0274,SAFE,,10,,t278_0,0.37,HIGH,LOCAL,SAFE: all tasks permitted (weight=0.37),
1771436121.767,0.0,51.88,4.8676,0.766,11.9,1,-67209.519,-30.71330,0.01342,0.0000,0.0000,0.0000,0.0000,0.1342,0.0982,0.0330,SAFE,False,10,0,,,,,,
1771436121.767,0.0,51.14,4.8498,0.758,11.3,1,-96998.917,-3.82242,0.01473,0.0000,0.0000,0.0008,0.0000,0.1473,0.0938,0.0336,SAFE,False,10,0,,,,,,
1771436121.767,0.0,51.53,4.8639,0.750,10.7,0,-43179.501,-27.19648,0.01470,0.0000,0.0000,0.0000,0.0000,0.1470,0.0748,0.0296,SAFE,False,10,0,,,,,,
1771436121.767,0.0,,,,,,,,,,,,,,,0.0296,SAFE,,10,,t281_0,0.79,NORMAL,LOCAL,SAFE: all tasks permitted (weight=0.79),
1771436121.767,0.0,51.22,4.8311,0.812,15.2,1,-91480.006,-47.05481,0.01791,0.0000,0.0000,0.0859,0.0000,0.1791,0.1211,0.0533,SAFE,False,10,0,,,,,,
1771436121.767,0.0,,,,,,,,,,,,,,,0.0533,SAFE,,10,,t282_0,0.55,CRITICAL,LOCAL,SAFE: all tasks permitted (weight=0.55),
1771436121.767,0.0,,,,,,,,,,,,,,,0.0533,SAFE,,10,,t282_1,0.83,NORMAL,LOCAL,SAFE: all tasks permitted (weight=0.83),
1771436121.767,0.0,51.58,4.8252,0.921,23.0,2,-12371.428,-56.35425,0.01934,0.0000,0.0000,0.1129,0.0000,0.1934,0.1907,0.0721,SAFE,False,10,0,,,,,,
1771436121.767,0.0,52.51,4.8016,0.902,21.6,2,14026.548,-60.70003,0.02573,0.0000,0.0000,0.2199,0.0000,0.2573,0.1809,0.0905,SAFE,False,10,0,,,,,,window_reset|B=10
1771436121.767,0.0,,,,,,,,,,,,,,,0.0905,SAFE,,10,,t284_0,0.33,NORMAL,LOCAL,SAFE: all tasks permitted (weight=0.33),
1771436121.767,0.0,51.61,4.8288,0.913,22.4,2,,,0.02495,0.0000,0.0000,0.0966,0.0000,0.2495,0.1865,0.0748,SAFE,False,10,0,,,,,,
1771436121.767,0.0,52.06,4.8187,0.894,21.0,2,,,0.02547,0.0000,0.0000,0.1422,0.0000,0.2547,0.1771,0.0794,SAFE,False,10,0,,,,,,
1771436121.767,0.0,,,,,,,,,,,,,,,0.0794,SAFE,,10,,t286_0,0.49,LOW,LOCAL,SAFE: all tasks permitted (weight=0.49),
1771436121.767,0.0,52.06,4.8209,0.920,22.9,2,,,0.02443,0.0000,0.0000,0.1324,0.0000,0.2443,0.1900,0.0796,SAFE,False,10,0,,,,,,
1771436121.767,0.0,,,,,,,,,,,,,,,0.0796,SAFE,,10,,t287_0,0.76,HIGH,LOCAL,SAFE: all tasks permitted (weight=0.76),
1771436121.767,0.0,52.13,4.8267,0.968,26.3,2,,,0.02414,0.0000,0.0000,0.1058,0.0000,0.2414,0.2138,0.0806,SAFE,False,10,0,,,,,,
1771436121.767,0.0,52.00,4.8123,0.945,24.6,2,,,0.02184,0.0000,0.0000,0.1712,0.0000,0.2184,0.2024,0.0846,SAFE,False,10,0,,,,,,
1771436121.767,0.0,52.58,4.8289,0.924,23.1,2,,,0.01893,0.0000,0.0000,0.0961,0.0000,0.1893,0.1918,0.0698,SAFE,False,10,0,,,,,,
1771436121.767,0.0,52.46,4.8203,0.904,21.7,2,,,0.01559,0.0000,0.0000,0.1351,0.0000,0.1559,0.1819,0.0695,SAFE,False,10,0,,,,,,
1771436121.767,0.0,52.89,4.8485,0.886,20.4,2,,,0.01544,0.0000,0.0000,0.0067,0.0000,0.1544,0.1728,0.0509,SAFE,False,10,0,,,,,,
1771436121.767,0.0,52.72,4.8419,0.868,19.2,2,,,0.01187,0.0000,0.0000,0.0370,0.0000,0.1187,0.1642,0.0495,SAFE,False,10,0,,,,,,
1771436121.767,0.0,53.10,4.8301,0.853,18.0,1,,,0.01183,0.0000,0.0000,0.0903,0.0000,0.1183,0.1413,0.0518,SAFE,False,10,0,,,,,,
1771436121.767,0.0,,,,,,,,,,,,,,,0.0518,SAFE,,10,,t294_0,0.46,NORMAL,LOCAL,SAFE: all tasks permitted (weight=0.46),
1771436121.767,0.0,52.52,4.8416,0.879,19.9,2,,,0.01266,0.0000,0.0000,0.0381,0.0000,0.1266,0.1695,0.0515,SAFE,False,10,0,,,,,,
1771436121.767,0.0,52.60,4.8282,0.862,18.7,1,,,0.01016,0.0000,0.0000,0.0989,0.0000,0.1016,0.1462,0.0523,SAFE,False,10,0,,,,,,
1771436121.767,0.0,,,,,,,,,,,,,,,0.0523,SAFE,,10,,t296_0,0.82,NORMAL,LOCAL,SAFE: all tasks permitted (weight=0.82),
1771436121.767,0.0,53.04,4.8146,0.920,22.9,2,,,0.01090,0.0000,0.0000,0.1610,0.0000,0.1090,0.1901,0.0698,SAFE,False,10,0,,,,,,
1771436121.768,0.0,52.79,4.8308,0.901,21.5,2,21119.565,3.22057,0.01058,0.0000,0.0000,0.0871,0.0000,0.1058,0.1803,0.0580,SAFE,False,10,0,,,,,,
1771436121.768,0.0,52.23,4.8117,0.883,20.2,2,-22766.537,-14.11766,0.01142,0.0000,0.0000,0.1743,0.0000,0.1142,0.1713,0.0683,SAFE,False,10,0,,,,,,window_reset|B=10
1771436121.768,0.0,53.52,4.8365,0.866,19.0,1,61723.294,-19.75073,0.01165,0.0000,0.0000,0.0615,0.0000,0.1165,0.1479,0.0492,SAFE,False,10,0,,,,,,
1771436121.768,0.0,52.66,4.8350,0.850,17.9,1,-5662.859,-11.18822,0.01062,0.0000,0.0000,0.0680,0.0000,0.1062,0.1400,0.0475,SAFE,False,10,0,,,,,,
1771436121.768,0.0,53.44,4.8556,0.835,16.8,1,33828.640,41.72754,0.01263,0.0000,0.0000,0.0000,0.0000,0.1263,0.1327,0.0392,SAFE,False,10,0,,,,,,
1771436121.768,0.0,53.20,4.8462,0.822,15.9,1,66486.164,7.58383,0.01250,0.0000,0.0000,0.0171,0.0000,0.1250,0.1260,0.0399,SAFE,False,10,0,,,,,,
1771436121.768,0.0,52.71,4.8481,0.809,15.0,1,10133.164,32.56055,0.01246,0.0000,0.0000,0.0086,0.0000,0.1246,0.1197,0.0375,SAFE,False,10,0,,,,,,
1771436121.768,0.0,52.51,4.8448,0.798,14.1,1,-52469.733,49.53820,0.01262,0.0000,0.0000,0.0235,0.0000,0.1262,0.1138,0.0384,SAFE,False,10,0,,,,,,
1771436121.768,0.0,,,,,,,,,,,,,,,0.0384,SAFE,,10,,t305_0,0.67,CRITICAL,LOCAL,SAFE: all tasks permitted (weight=0.67),
1771436121.768,0.0,,,,,,,,,,,,,,,0.0384,SAFE,,10,,t305_1,0.55,CRITICAL,LOCAL,SAFE: all tasks permitted (weight=0.55),
1771436121.768,0.0,52.60,4.8048,0.895,21.1,2,,,0.01517,0.0000,0.0000,0.2053,0.0000,0.1517,0.1775,0.0774,SAFE,False,10,0,,,,,,
1771436121.768,0.0,,,,,,,,,,,,,,,0.0774,SAFE,,10,,t306_0,0.70,LOW,LOCAL,SAFE: all tasks permitted (weight=0.70),
1771436121.768,0.0,53.42,4.8036,0.939,24.2,2,,,0.01694,0.0000,0.0000,0.2111,0.0000,0.1694,0.1997,0.0843,SAFE,False,10,0,,,,,,
1771436121.768,0.0,,,,,,,,,,,,,,,0.0843,SAFE,,10,,t307_0,0.35,NORMAL,LOCAL,SAFE: all tasks permitted (weight=0.35),
1771436121.768,0.0,52.86,4.8232,0.950,25.0,2,,,0.01704,0.0000,0.0000,0.1217,0.0000,0.1704,0.2050,0.0739,SAFE,False,10,0,,,,,,
1771436121.768,0.0,53.57,4.8293,0.928,23.5,2,,,0.01644,0.0000,0.0000,0.0943,0.0000,0.1644,0.1942,0.0675,SAFE,False,10,0,,,,,,
1771436121.768,0.0,53.52,4.8356,0.908,22.0,2,,,0.01649,0.0000,0.0000,0.0656,0.0000,0.1649,0.1842,0.0619,SAFE,False,10,0,,,,,,
1771436121.768,0.0,53.86,4.8295,0.890,20.7,2,,,0.01543,0.0000,0.0000,0.0933,0.0000,0.1543,0.1749,0.0625,SAFE,False,10,0,,,,,,
1771436121.768,0.0,53.63,4.8271,0.872,19.5,2,,,0.01546,0.0000,0.0000,0.1042,0.0000,0.1546,0.1662,0.0622,SAFE,False,10,0,,,,,,
1771436121.768,0.0,,,,,,,,,,,,,,,0.0622,SAFE,,10,,t312_0,0.73,LOW,LOCAL,SAFE: all tasks permitted (weight=0.73),
1771436121.768,0.0,53.09,4.8271,0.922,23.0,2,,,0.01548,0.0000,0.0000,0.1041,0.0000,0.1548,0.1909,0.0672,SAFE,False,10,0,,,,,,
1771436121.768,0.0,53.62,4.8364,0.902,21.6,2,,,0.01378,0.0000,0.0000,0.0618,0.0000,0.1378,0.1811,0.0580,SAFE,False,10,0,,,,,,window_reset|B=10
1771436121.768,0.0,,,,,,,,,,,,,,,0.0580,SAFE,,10,,t314_0,0.59,NORMAL,LOCAL,SAFE: all tasks permitted (weight=0.59),
1771436121.768,0.0,54.32,4.8544,0.937,24.1,2,,,0.01475,0.0000,0.0000,0.0000,0.0000,0.1475,0.1984,0.0544,SAFE,False,10,0,,,,,,
1771436121.768,0.0,,,,,,,,,,,,,,,0.0544,SAFE,,10,,t315_0,0.44,LOW,LOCAL,SAFE: all tasks permitted (weight=0.44),
1771436121.768,0.0,,,,,,,,,,,,,,,0.0544,SAFE,,10,,t315_1,0.60,NORMAL,LOCAL,SAFE: all tasks permitted (weight=0.60),
1771436121.768,0.0,53.94,4.7467,1.009,29.2,3,,,0.02650,0.0000,0.0000,0.4694,0.0000,0.2650,0.2497,0.1375,SAFE,False,10,0,,,,,,
1771436121.768,0.0,54.37,4.7875,0.984,27.4,3,,,0.02710,0.0000,0.0000,0.2843,0.0000,0.2710,0.2368,0.1114,SAFE,False,10,0,,,,,,
1771436121.768,0.0,,,,,,,,,,,,,,,0.1114,SAFE,,10,,t317_0,0.34,LOW,LOCAL,SAFE: all tasks permitted (weight=0.34),
1771436121.768,0.0,54.85,4.8046,0.990,27.9,3,,,0.02710,0.0000,0.0000,0.2064,0.0000,0.2710,0.2402,0.1020,SAFE,False,10,0,,,,,,
1771436121.769,0.0,,,,,,,,,,,,,,,0.1020,SAFE,,10,,t318_0,0.51,NORMAL,LOCAL,SAFE: all tasks permitted (weight=0.51),
1771436121.769,0.0,54.51,4.7719,1.012,29.4,3,38813.880,-57.09873,0.02971,0.0000,0.0000,0.3550,0.0000,0.2971,0.2509,0.1260,SAFE,False,10,0,,,,,,
1771436121.769,0.0,,,,,,,,,,,,,,,0.1260,SAFE,,10,,t319_0,0.64,CRITICAL,LOCAL,SAFE: all tasks permitted (weight=0.64),
1771436121.769,0.0,,,,,,,,,,,,,,,0.1260,SAFE,,10,,t319_1,0.34,NORMAL,LOCAL,SAFE: all tasks permitted (weight=0.34),
1771436121.769,0.0,55.37,4.7356,1.074,33.9,3,103644.100,-90.77229,0.03662,0.0000,0.0000,0.5201,0.0000,0.3662,0.2820,0.1606,SAFE,False,10,0,,,,,,
1771436121.769,0.0,55.35,4.7903,1.044,31.7,3,134488.947,-36.54897,0.03624,0.0000,0.0000,0.2716,0.0000,0.3624,0.2669,0.1249,SAFE,False,10,0,,,,,,
1771436121.769,0.0,54.95,4.7795,1.016,29.7,3,78975.577,-56.41483,0.03546,0.0000,0.0000,0.3203,0.0000,0.3546,0.2528,0.1277,SAFE,False,10,0,,,,,,
1771436121.769,0.0,56.25,4.8160,0.989,27.8,3,114947.481,-38.17061,0.03468,0.0000,0.0000,0.1548,0.0000,0.3468,0.2397,0.1027,SAFE,False,10,0,,,,,,
1771436121.769,0.0,,,,,,,,,,,,,,,0.1027,SAFE,,10,,t323_0,0.77,LOW,LOCAL,SAFE: all tasks permitted (weight=0.77),
1771436121.769,0.0,55.89,4.8087,1.034,31.0,3,115725.463,61.50226,0.03376,0.0000,0.0000,0.1876,0.0000,0.3376,0.2621,0.1106,SAFE,False,10,0,,,,,,
1771436121.769,0.0,56.42,4.7929,1.007,29.1,3,121823.419,5.40903,0.03248,0.0000,0.0000,0.2595,0.0000,0.3248,0.2484,0.1159,SAFE,False,10,0,,,,,,
1771436121.769,0.0,56.84,4.8272,0.981,27.2,3,118053.572,22.42459,0.03156,0.0000,0.0000,0.1037,0.0000,0.3156,0.2356,0.0922,SAFE,False,10,0,,,,,,
1771436121.769,0.0,,,,,,,,,,,,,,,0.0922,SAFE,,10,,t326_0,0.51,NORMAL,LOCAL,SAFE: all tasks permitted (weight=0.51),
1771436121.769,0.0,56.08,4.8074,1.004,28.8,3,,,0.02614,0.0000,0.0000,0.1938,0.0000,0.2614,0.2468,0.1007,SAFE,False,10,0,,,,,,
1771436121.769,0.0,56.93,4.8002,0.978,27.0,3,,,0.02290,0.0000,0.0000,0.2263,0.0000,0.2290,0.2342,0.0992,SAFE,False,10,0,,,,,,
1771436121.769,0.0,56.90,4.8285,0.955,25.3,2,,,0.02474,0.0000,0.0000,0.0978,0.0000,0.2474,0.2074,0.0789,SAFE,False,10,0,,,,,,window_reset|B=10
1771436121.769,0.0,,,,,,,,,,,,,,,0.0789,SAFE,,10,,t329_0,0.79,NORMAL,LOCAL,SAFE: all tasks permitted (weight=0.79),
1771436121.769,0.0,56.59,4.8005,1.004,28.9,3,,,0.02466,0.0000,0.0000,0.2249,0.0000,0.2466,0.2471,0.1033,SAFE,False,10,0,,,,,,
1771436121.769,0.0,57.30,4.8098,0.979,27.1,3,,,0.02371,0.0000,0.0000,0.1828,0.0000,0.2371,0.2345,0.0944,SAFE,False,10,0,,,,,,
1771436121.769,0.0,,,,,,,,,,,,,,,0.0944,SAFE,,10,,t331_0,0.68,NORMAL,LOCAL,SAFE: all tasks permitted (weight=0.68),
1771436121.769,0.0,57.77,4.7839,1.017,29.8,3,,,0.01496,0.0000,0.0000,0.3003,0.0000,0.1496,0.2534,0.1047,SAFE,False,10,0,,,,,,
1771436121.769,0.0,57.20,4.7813,0.991,27.9,3,,,0.01581,0.0000,0.0000,0.3122,0.0000,0.1581,0.2403,0.1045,SAFE,False,10,0,,,,,,
1771436121.769,0.0,57.24,4.8236,0.966,26.2,2,,,0.01504,0.0000,0.0000,0.1198,0.0000,0.1504,0.2131,0.0732,SAFE,False,10,0,,,,,,
1771436121.769,0.0,57.90,4.8407,0.943,24.5,2,,,0.01765,0.0000,0.0000,0.0421,0.0000,0.1765,0.2017,0.0635,SAFE,False,10,0,,,,,,
1771436121.769,0.0,,,,,,,,,,,,,,,0.0635,SAFE,,10,,t335_0,0.20,NORMAL,LOCAL,SAFE: all tasks permitted (weight=0.20),
1771436121.769,0.0,57.31,4.7968,0.941,24.3,2,,,0.01796,0.0000,0.0000,0.2418,0.0000,0.1796,0.2003,0.0895,SAFE,False,10,0,,,,,,
1771436121.769,0.0,58.06,4.8276,0.920,22.8,2,,,0.01813,0.0000,0.0000,0.1018,0.0000,0.1813,0.1899,0.0693,SAFE,False,10,0,,,,,,
1771436121.769,0.0,,,,,,,,,,,,,,,0.0693,SAFE,,10,,t337_0,0.39,LOW,LOCAL,SAFE: all tasks permitted (weight=0.39),
1771436121.769,0.0,,,,,,,,,,,,,,,0.0693,SAFE,,10,,t337_1,0.77,LOW,LOCAL,SAFE: all tasks permitted (weight=0.77),
1771436121.769,0.0,57.96,4.8160,1.005,28.9,3,,,0.01753,0.0000,0.0000,0.1543,0.0000,0.1753,0.2476,0.0871,SAFE,False,10,0,,,,,,
1771436121.769,0.0,57.82,4.7939,0.980,27.1,3,,,0.01806,0.0000,0.0000,0.2548,0.0000,0.1806,0.2349,0.0982,SAFE,False,10,0,,,,,,
1771436121.769,0.0,58.04,4.8012,0.956,25.4,2,,,0.01803,0.0000,0.0000,0.2217,0.0000,0.1803,0.2080,0.0885,SAFE,False,10,0,,,,,,
1771436121.769,0.0,57.90,4.8187,0.934,23.9,2,,,0.01732,0.0000,0.0000,0.1424,0.0000,0.1732,0.1971,0.0752,SAFE,False,10,0,,,,,,
1771436121.769,0.0,57.97,4.8329,0.914,22.4,2,,,0.01845,0.0000,0.0000,0.0778,0.0000,0.1845,0.1868,0.0659,SAFE,False,10,0,,,,,,
1771436121.769,0.0,58.03,4.8535,0.895,21.0,2,,,0.02193,0.0000,0.0000,0.0000,0.0000,0.2193,0.1773,0.0574,SAFE,False,10,0,,,,,,
1771436121.769,0.0,58.28,4.8399,0.877,19.8,2,,,0.02093,0.0000,0.0000,0.0458,0.0000,0.2093,0.1685,0.0606,SAFE,False,10,0,,,,,,window_reset|B=10
1771436121.769,0.0,57.57,4.8508,0.861,18.6,1,,,0.01929,0.0000,0.0000,0.0000,0.0000,0.1929,0.1453,0.0483,SAFE,False,10,0,,,,,,
1771436121.770,0.0,57.51,4.8271,0.845,17.5,1,-26982.152,11.07889,0.01929,0.0000,0.0000,0.1041,0.0000,0.1929,0.1376,0.0603,SAFE,False,10,0,,,,,,
1771436121.770,0.0,,,,,,,,,,,,,,,0.0603,SAFE,,10,,t346_0,0.50,NORMAL,LOCAL,SAFE: all tasks permitted (weight=0.50),
1771436121.770,0.0,56.95,4.8411,0.877,19.8,2,-52003.664,47.24349,0.01932,0.0000,0.0000,0.0405,0.0000,0.1932,0.1683,0.0582,SAFE,False,10,0,,,,,,
1771436121.770,0.0,57.65,4.8540,0.860,18.6,1,-23765.061,52.91505,0.01884,0.0000,0.0000,0.0000,0.0000,0.1884,0.1451,0.0478,SAFE,False,10,0,,,,,,
1771436121.770,0.0,,,,,,,,,,,,,,,0.0478,SAFE,,10,,t348_0,0.53,NORMAL,LOCAL,SAFE: all tasks permitted (weight=0.53),
1771436121.770,0.0,57.84,4.8405,0.893,20.9,2,-3605.902,21.87015,0.01905,0.0000,0.0000,0.0432,0.0000,0.1905,0.1763,0.0599,SAFE,False,10,0,,,,,,
1771436121.770,0.0,56.94,4.8351,0.875,19.6,2,-61700.577,2.23665,0.01854,0.0000,0.0000,0.0677,0.0000,0.1854,0.1675,0.0608,SAFE,False,10,0,,,,,,
1771436121.770,0.0,57.50,4.8491,0.859,18.5,1,-31916.761,-4.42122,0.01492,0.0000,0.0000,0.0040,0.0000,0.1492,0.1444,0.0443,SAFE,False,10,0,,,,,,
1771436121.770,0.0,56.93,4.8300,0.844,17.4,1,-81323.228,-9.93800,0.01070,0.0000,0.0000,0.0909,0.0000,0.1070,0.1368,0.0499,SAFE,False,10,0,,,,,,
1771436121.770,0.0,57.04,4.8536,0.829,16.4,1,-32006.337,2.88730,0.00933,0.0000,0.0000,0.0000,0.0000,0.0933,0.1297,0.0353,SAFE,False,10,0,,,,,,
1771436121.770,0.0,,,,,,,,,,,,,,,0.0353,SAFE,,10,,t353_0,0.77,NORMAL,LOCAL,SAFE: all tasks permitted (weight=0.77),
1771436121.770,0.0,57.12,4.8399,0.886,20.4,2,,,0.00893,0.0000,0.0000,0.0461,0.0000,0.0893,0.1731,0.0495,SAFE,False,10,0,,,,,,
1771436121.770,0.0,56.58,4.8350,0.869,19.2,2,,,0.00855,0.0000,0.0000,0.0683,0.0000,0.0855,0.1645,0.0503,SAFE,False,10,0,,,,,,
1771436121.770,0.0,56.42,4.8405,0.853,18.1,1,,,0.00855,0.0000,0.0000,0.0431,0.0000,0.0855,0.1416,0.0425,SAFE,False,10,0,,,,,,
1771436121.770,0.0,57.01,4.8627,0.838,17.0,1,,,0.01012,0.0000,0.0000,0.0000,0.0000,0.1012,0.1342,0.0370,SAFE,False,10,0,,,,,,
1771436121.770,0.0,56.19,4.8312,0.825,16.0,1,,,0.00967,0.0000,0.0000,0.0857,0.0000,0.0967,0.1273,0.0463,SAFE,False,10,0,,,,,,
1771436121.770,0.0,56.41,4.8724,0.812,15.1,1,,,0.01264,0.0000,0.0000,0.0000,0.0000,0.1264,0.1209,0.0368,SAFE,False,10,0,,,,,,window_reset|B=10
1771436121.770,0.0,56.00,4.8744,0.800,14.3,1,,,0.01486,0.0000,0.0000,0.0000,0.0000,0.1486,0.1150,0.0379,SAFE,False,10,0,,,,,,
1771436121.770,0.0,56.25,4.8724,0.789,13.5,1,,,0.01624,0.0000,0.0000,0.0000,0.0000,0.1624,0.1094,0.0381,SAFE,False,10,0,,,,,,
1771436121.770,0.0,,,,,,,,,,,,,,,0.0381,SAFE,,10,,t361_0,0.58,NORMAL,LOCAL,SAFE: all tasks permitted (weight=0.58),
1771436121.770,0.0,55.76,4.8573,0.832,16.6,1,,,0.01573,0.0000,0.0000,0.0000,0.0000,0.1573,0.1309,0.0419,SAFE,False,10,0,,,,,,
1771436121.770,0.0,56.27,4.8665,0.818,15.6,1,,,0.01623,0.0000,0.0000,0.0000,0.0000,0.1623,0.1242,0.0411,SAFE,False,10,0,,,,,,
1771436121.770,0.0,,,,,,,,,,,,,,,0.0411,SAFE,,10,,t363_0,0.71,HIGH,LOCAL,SAFE: all tasks permitted (weight=0.71),
1771436121.770,0.0,56.13,4.8544,0.871,19.4,2,,,0.01468,0.0000,0.0000,0.0000,0.0000,0.1468,0.1656,0.0478,SAFE,False,10,0,,,,,,
1771436121.770,0.0,,,,,,,,,,,,,,,0.0478,SAFE,,10,,t364_0,0.46,HIGH,LOCAL,SAFE: all tasks permitted (weight=0.46),
1771436121.770,0.0,55.36,4.8235,0.897,21.2,2,,,0.01709,0.0000,0.0000,0.1206,0.0000,0.1709,0.1787,0.0685,SAFE,False,10,0,,,,,,
1771436121.770,0.0,55.64,4.8433,0.880,20.0,2,,,0.01690,0.0000,0.0000,0.0305,0.0000,0.1690,0.1698,0.0548,SAFE,False,10,0,,,,,,
1771436121.770,0.0,55.42,4.8179,0.863,18.8,1,,,0.01894,0.0000,0.0000,0.1459,0.0000,0.1894,0.1465,0.0672,SAFE,False,10,0,,,,,,
1771436121.770,0.0,55.45,4.8040,0.847,17.7,1,,,0.02294,0.0000,0.0000,0.2090,0.0000,0.2294,0.1387,0.0779,SAFE,False,10,0,,,,,,
1771436121.770,0.0,55.27,4.8658,0.833,16.6,1,,,0.02312,0.0000,0.0000,0.0000,0.0000,0.2312,0.1315,0.0494,SAFE,False,10,0,,,,,,
1771436121.770,0.0,55.27,4.8451,0.820,15.7,1,,,0.02256,0.0000,0.0000,0.0222,0.0000,0.2256,0.1249,0.0504,SAFE,False,10,0,,,,,,
1771436121.770,0.0,,,,,,,,,,,,,,,0.0504,SAFE,,10,,t370_0,0.53,NORMAL,LOCAL,SAFE: all tasks permitted (weight=0.53),
1771436121.770,0.0,55.50,4.8307,0.855,18.2,1,,,0.02201,0.0000,0.0000,0.0877,0.0000,0.2201,0.1427,0.0619,SAFE,False,10,0,,,,,,
1771436121.770,0.0,54.77,4.8347,0.840,17.2,1,,,0.02046,0.0000,0.0000,0.0697,0.0000,0.2046,0.1352,0.0566,SAFE,False,10,0,,,,,,
1771436121.770,0.0,,,,,,,,,,,,,,,0.0566,SAFE,,10,,t372_0,0.61,LOW,LOCAL,SAFE: all tasks permitted (weight=0.61),
1771436121.770,0.0,55.81,4.8303,0.883,20.2,2,,,0.01864,0.0000,0.0000,0.0893,0.0000,0.1864,0.1713,0.0645,SAFE,False,10,0,,,,,,
1771436121.770,0.0,,,,,,,,,,,,,,,0.0645,SAFE,,10,,t373_0,0.75,HIGH,LOCAL,SAFE: all tasks permitted (weight=0.75),
1771436121.770,0.0,55.30,4.8166,0.935,23.9,2,,,0.01879,0.0000,0.0000,0.1517,0.0000,0.1879,0.1974,0.0780,SAFE,False,10,0,,,,,,window_reset|B=10
1771436121.770,0.0,55.51,4.8137,0.914,22.4,2,,,0.01727,0.0000,0.0000,0.1649,0.0000,0.1727,0.1871,0.0761,SAFE,False,10,0,,,,,,
1771436121.770,0.0,55.34,4.8173,0.895,21.1,2,,,0.01621,0.0000,0.0000,0.1484,0.0000,0.1621,0.1776,0.0710,SAFE,False,10,0,,,,,,
1771436121.770,0.0,56.00,4.8377,0.877,19.8,2,,,0.01631,0.0000,0.0000,0.0560,0.0000,0.1631,0.1687,0.0573,SAFE,False,10,0,,,,,,
1771436121.770,0.0,55.22,4.8468,0.861,18.6,1,,,0.01658,0.0000,0.0000,0.0143,0.0000,0.1658,0.1455,0.0475,SAFE,False,10,0,,,,,,
1771436121.770,0.0,,,,,,,,,,,,,,,0.0475,SAFE,,10,,t378_0,0.32,NORMAL,LOCAL,SAFE: all tasks permitted (weight=0.32),
1771436121.770,0.0,55.83,4.8429,0.875,19.6,2,,,0.01649,0.0000,0.0000,0.0322,0.0000,0.1649,0.1674,0.0542,SAFE,False,10,0,,,,,,
1771436121.770,0.0,,,,,,,,,,,,,,,0.0542,SAFE,,10,,t379_0,0.71,NORMAL,LOCAL,SAFE: all tasks permitted (weight=0.71),
1771436121.770,0.0,55.17,4.8307,0.924,23.2,2,,,0.01419,0.0000,0.0000,0.0876,0.0000,0.1419,0.1921,0.0640,SAFE,False,10,0,,,,,,
1771436121.770,0.0,55.35,4.7999,0.904,21.7,2,,,0.01371,0.0000,0.0000,0.2277,0.0000,0.1371,0.1822,0.0797,SAFE,False,10,0,,,,,,
1771436121.770,0.0,55.52,4.8363,0.886,20.4,2,,,0.01304,0.0000,0.0000,0.0621,0.0000,0.1304,0.1730,0.0557,SAFE,False,10,0,,,,,,
1771436121.770,0.0,,,,,,,,,,,,,,,0.0557,SAFE,,10,,t382_0,0.61,LOW,LOCAL,SAFE: all tasks permitted (weight=0.61),
1771436121.770,0.0,55.17,4.8054,0.925,23.2,2,,,0.01443,0.0000,0.0000,0.2025,0.0000,0.1443,0.1923,0.0792,SAFE,False,10,0,,,,,,
1771436121.771,0.0,,,,,,,,,,,,,,,0.0792,SAFE,,10,,t383_0,0.65,HIGH,LOCAL,SAFE: all tasks permitted (weight=0.65),
1771436121.771,0.0,55.46,4.7929,0.965,26.1,2,6496.277,-22.33914,0.01677,0.0000,0.0000,0.2596,0.0000,0.1677,0.2124,0.0930,SAFE,False,10,0,,,,,,
1771436121.771,0.0,55.66,4.8460,0.942,24.4,2,-19087.630,7.61260,0.01790,0.0000,0.0000,0.0182,0.0000,0.1790,0.2011,0.0605,SAFE,False,10,0,,,,,,
1771436121.771,0.0,55.56,4.8300,0.921,22.9,2,18569.861,-15.35873,0.01783,0.0000,0.0000,0.0907,0.0000,0.1783,0.1906,0.0677,SAFE,False,10,0,,,,,,
1771436121.771,0.0,55.36,4.8316,0.902,21.5,2,-25757.999,-10.32822,0.01757,0.0000,0.0000,0.0835,0.0000,0.1757,0.1808,0.0646,SAFE,False,10,0,,,,,,
1771436121.771,0.0,55.47,4.8486,0.883,20.2,2,16406.674,16.32872,0.01833,0.0000,0.0000,0.0064,0.0000,0.1833,0.1717,0.0535,SAFE,False,10,0,,,,,,
1771436121.771,0.0,,,,,,,,,,,,,,,0.0535,SAFE,,10,,t388_0,0.54,CRITICAL,LOCAL,SAFE: all tasks permitted (weight=0.54),
1771436121.771,0.0,55.76,4.8366,0.917,22.6,2,22954.575,33.56740,0.01829,0.0000,0.0000,0.0607,0.0000,0.1829,0.1883,0.0638,SAFE,False,10,0,,,,,,window_reset|B=10
1771436121.771,0.0,,,,,,,,,,,,,,,0.0638,SAFE,,10,,t389_0,0.57,CRITICAL,LOCAL,SAFE: all tasks permitted (weight=0.57),
1771436121.771,0.0,55.92,4.8312,0.950,25.0,2,21804.221,-4.68213,0.01751,0.0000,0.0000,0.0854,0.0000,0.1751,0.2049,0.0696,SAFE,False,10,0,,,,,,
1771436121.771,0.0,55.99,4.8110,0.928,23.4,2,44640.287,5.04945,0.01742,0.0000,0.0000,0.1774,0.0000,0.1742,0.1941,0.0793,SAFE,False,10,0,,,,,,
1771436121.771,0.0,55.91,4.8081,0.908,22.0,2,,,0.01792,0.0000,0.0000,0.1904,0.0000,0.1792,0.1841,0.0795,SAFE,False,10,0,,,,,,
1771436121.771,0.0,,,,,,,,,,,,,,,0.0795,SAFE,,10,,t392_0,0.25,LOW,LOCAL,SAFE: all tasks permitted (weight=0.25),
1771436121.771,0.0,56.09,4.8197,0.913,22.3,2,,,0.01657,0.0000,0.0000,0.1379,0.0000,0.1657,0.1864,0.0718,SAFE,False,10,0,,,,,,
1771436121.771,0.0,56.10,4.8325,0.894,21.0,2,,,0.01638,0.0000,0.0000,0.0796,0.0000,0.1638,0.1769,0.0621,SAFE,False,10,0,,,,,,
1771436121.771,0.0,,,,,,,,,,,,,,,0.0621,SAFE,,10,,t394_0,0.67,NORMAL,LOCAL,SAFE: all tasks permitted (weight=0.67),
1771436121.771,0.0,,,,,,,,,,,,,,,0.0621,SAFE,,10,,t394_1,0.66,NORMAL,LOCAL,SAFE: all tasks permitted (weight=0.66),
1771436121.771,0.0,56.48,4.7823,0.999,28.5,3,,,0.01955,0.0000,0.0000,0.3076,0.0000,0.1955,0.2447,0.1085,SAFE,False,10,0,,,,,,
1771436121.771,0.0,56.28,4.7890,0.974,26.7,2,,,0.02006,0.0000,0.0000,0.2771,0.0000,0.2006,0.2172,0.0995,SAFE,False,10,0,,,,,,
1771436121.771,0.0,56.71,4.8163,0.951,25.1,2,,,0.01877,0.0000,0.0000,0.1533,0.0000,0.1877,0.2055,0.0798,SAFE,False,10,0,,,,,,
1771436121.771,0.0,56.08,4.7990,0.929,23.5,2,,,0.01930,0.0000,0.0000,0.2320,0.0000,0.1930,0.1947,0.0884,SAFE,False,10,0,,,,,,
1771436121.771,0.0,57.00,4.8439,0.909,22.1,2,,,0.02034,0.0000,0.0000,0.0276,0.0000,0.2034,0.1846,0.0609,SAFE,False,10,0,,,,,,
1771436121.771,0.0,,,,,,,,,,,,,,,0.0609,SAFE,,10,,t399_0,0.29,CRITICAL,LOCAL,SAFE: all tasks permitted (weight=0.29),
1771436121.771,0.0,56.23,4.8139,0.918,22.7,2,,,0.01816,0.0000,0.0000,0.1639,0.0000,0.1816,0.1889,0.0773,SAFE,False,10,0,,,,,,
1771436121.771,0.0,56.43,4.8444,0.899,21.3,2,,,0.01902,0.0000,0.0000,0.0256,0.0000,0.1902,0.1793,0.0582,SAFE,False,10,0,,,,,,
1771436121.771,0.0,56.67,4.8532,0.881,20.0,2,,,0.02132,0.0000,0.0000,0.0000,0.0000,0.2132,0.1703,0.0554,SAFE,False,10,0,,,,,,
1771436121.771,0.0,55.78,4.8389,0.864,18.8,1,,,0.02196,0.0000,0.0000,0.0506,0.0000,0.2196,0.1469,0.0579,SAFE,False,10,0,,,,,,
1771436121.771,0.0,,,,,,,,,,,,,,,0.0579,SAFE,,10,,t403_0,0.51,NORMAL,LOCAL,SAFE: all tasks permitted (weight=0.51),
1771436121.771,0.0,56.35,4.8008,0.896,21.1,2,,,0.02238,0.0000,0.0000,0.2236,0.0000,0.2238,0.1778,0.0870,SAFE,False,10,0,,,,,,window_reset|B=10
1771436121.771,0.0,56.40,4.8452,0.878,19.8,2,,,0.02349,0.0000,0.0000,0.0217,0.0000,0.2349,0.1689,0.0601,SAFE,False,10,0,,,,,,
1771436121.771,0.0,55.92,4.8253,0.861,18.7,1,,,0.02329,0.0000,0.0000,0.1124,0.0000,0.2329,0.1457,0.0670,SAFE,False,10,0,,,,,,
1771436121.771,0.0,,,,,,,,,,,,,,,0.0670,SAFE,,10,,t406_0,0.45,LOW,LOCAL,SAFE: all tasks permitted (weight=0.45),
1771436121.771,0.0,56.53,4.8593,0.887,20.5,2,,,0.02234,0.0000,0.0000,0.0000,0.0000,0.2234,0.1737,0.0571,SAFE,False,10,0,,,,,,
1771436121.771,0.0,56.27,4.8118,0.870,19.3,2,,,0.01983,0.0000,0.0000,0.1738,0.0000,0.1983,0.1651,0.0754,SAFE,False,10,0,,,,,,
1771436121.771,0.0,56.53,4.8337,0.854,18.2,1,,,0.01945,0.0000,0.0000,0.0742,0.0000,0.1945,0.1421,0.0575,SAFE,False,10,0,,,,,,
1771436121.771,0.0,55.66,4.8257,0.839,17.1,1,,,0.01707,0.0000,0.0000,0.1106,0.0000,0.1707,0.1347,0.0584,SAFE,False,10,0,,,,,,
1771436121.771,0.0,56.03,4.8566,0.826,16.1,1,,,0.01807,0.0000,0.0000,0.0000,0.0000,0.1807,0.1278,0.0436,SAFE,False,10,0,,,,,,
1771436121.771,0.0,55.75,4.8678,0.813,15.2,1,,,0.01918,0.0000,0.0000,0.0000,0.0000,0.1918,0.1213,0.0434,SAFE,False,10,0,,,,,,
1771436121.771,0.0,,,,,,,,,,,,,,,0.0434,SAFE,,10,,t412_0,0.34,HIGH,LOCAL,SAFE: all tasks permitted (weight=0.34),
1771436121.771,0.0,55.47,4.8500,0.832,16.6,1,,,0.01939,0.0000,0.0000,0.0001,0.0000,0.1939,0.1312,0.0456,SAFE,False,10,0,,,,,,
1771436121.771,0.0,56.13,4.8644,0.819,15.6,1,,,0.02030,0.0000,0.0000,0.0000,0.0000,0.2030,0.1245,0.0452,SAFE,False,10,0,,,,,,
1771436121.771,0.0,,,,,,,,,,,,,,,0.0452,SAFE,,10,,t414_0,0.36,LOW,LOCAL,SAFE: all tasks permitted (weight=0.36),
1771436121.771,0.0,55.91,4.8248,0.840,17.2,1,,,0.02073,0.0000,0.0000,0.1146,0.0000,0.2073,0.1351,0.0627,SAFE,False,10,0,,,,,,
1771436121.771,0.0,,,,,,,,,,,,,,,0.0627,SAFE,,10,,t415_0,0.79,HIGH,LOCAL,SAFE: all tasks permitted (weight=0.79),
1771436121.771,0.0,55.21,4.8291,0.900,21.4,2,,,0.01766,0.0000,0.0000,0.0952,0.0000,0.1766,0.1800,0.0660,SAFE,False,10,0,,,,,,
1771436121.771,0.0,55.70,4.8013,0.882,20.1,2,,,0.02072,0.0000,0.0000,0.2212,0.0000,0.2072,0.1710,0.0837,SAFE,False,10,0,,,,,,
1771436121.771,0.0,,,,,,,,,,,,,,,0.0837,SAFE,,10,,t417_0,0.47,CRITICAL,LOCAL,SAFE: all tasks permitted (weight=0.47),
1771436121.771,0.0,55.73,4.8037,0.909,22.1,2,,,0.02255,0.0000,0.0000,0.2103,0.0000,0.2255,0.1847,0.0868,SAFE,False,10,0,,,,,,
1771436121.771,0.0,55.40,4.8337,0.891,20.8,2,,,0.02139,0.0000,0.0000,0.0740,0.0000,0.2139,0.1754,0.0661,SAFE,False,10,0,,,,,,window_reset|B=10
1771436121.772,0.0,56.06,4.8592,0.873,19.5,2,18750.871,-8.65218,0.02138,0.0000,0.0000,0.0000,0.0000,0.2138,0.1666,0.0547,SAFE,False,10,0,,,,,,
1771436121.772,0.0,55.42,4.8246,0.857,18.4,1,-2878.719,-25.36376,0.02166,0.0000,0.0000,0.1157,0.0000,0.2166,0.1436,0.0654,SAFE,False,10,0,,,,,,
1771436121.772,0.0,55.42,4.8640,0.842,17.3,1,-42404.125,-0.44113,0.02260,0.0000,0.0000,0.0000,0.0000,0.2260,0.1360,0.0498,SAFE,False,10,0,,,,,,
1771436121.772,0.0,,,,,,,,,,,,,,,0.0498,SAFE,,10,,t422_0,0.29,LOW,LOCAL,SAFE: all tasks permitted (weight=0.29),
1771436121.772,0.0,55.19,4.8424,0.855,18.2,1,-42780.661,17.58038,0.02206,0.0000,0.0000,0.0345,0.0000,0.2206,0.1427,0.0551,SAFE,False,10,0,,,,,,
1771436121.772,0.0,55.23,4.8636,0.840,17.2,1,1207.950,34.50318,0.02162,0.0000,0.0000,0.0000,0.0000,0.2162,0.1352,0.0487,SAFE,False,10,0,,,,,,
1771436121.772,0.0,54.76,4.8364,0.827,16.2,1,-56131.053,34.93913,0.02134,0.0000,0.0000,0.0620,0.0000,0.2134,0.1283,0.0551,SAFE,False,10,0,,,,,,
1771436121.772,0.0,,,,,,,,,,,,,,,0.0551,SAFE,,10,,t425_0,0.29,HIGH,LOCAL,SAFE: all tasks permitted (weight=0.29),
1771436121.772,0.0,55.24,4.8503,0.841,17.2,1,-29101.244,46.42642,0.02017,0.0000,0.0000,0.0000,0.0000,0.2017,0.1356,0.0473,SAFE,False,10,0,,,,,,
1771436121.772,0.0,54.93,4.8763,0.827,16.2,1,-28706.182,42.44574,0.02263,0.0000,0.0000,0.0000,0.0000,0.2263,0.1286,0.0484,SAFE,False,10,0,,,,,,
1771436121.772,0.0,,,,,,,,,,,,,,,0.0484,SAFE,,10,,t427_0,0.35,LOW,LOCAL,SAFE: all tasks permitted (weight=0.35),
1771436121.772,0.0,55.48,4.8284,0.847,17.7,1,,,0.02266,0.0000,0.0000,0.0983,0.0000,0.2266,0.1387,0.0632,SAFE,False,10,0,,,,,,
1771436121.772,0.0,54.75,4.8454,0.833,16.6,1,,,0.01938,0.0000,0.0000,0.0209,0.0000,0.1938,0.1315,0.0484,SAFE,False,10,0,,,,,,
1771436121.772,0.0,,,,,,,,,,,,,,,0.0484,SAFE,,10,,t429_0,0.58,NORMAL,LOCAL,SAFE: all tasks permitted (weight=0.58),
1771436121.772,0.0,,,,,,,,,,,,,,,0.0484,SAFE,,10,,t429_1,0.59,HIGH,LOCAL,SAFE: all tasks permitted (weight=0.59),
1771436121.772,0.0,55.43,4.8161,0.930,23.5,2,1794.330,-151.40987,0.01744,0.0000,0.0000,0.1539,0.0000,0.1744,0.1948,0.0764,SAFE,False,10,0,,,,,,
1771436121.772,0.0,54.44,4.8044,0.909,22.1,2,-142084.911,-120.27046,0.02061,0.0000,0.0000,0.2072,0.0000,0.2061,0.1847,0.0845,SAFE,False,10,0,,,,,,
1771436121.772,0.0,54.67,4.8529,0.891,20.8,2,-106329.097,-33.98755,0.02026,0.0000,0.0000,0.0000,0.0000,0.2026,0.1754,0.0553,SAFE,False,10,0,,,,,,
1771436121.772,0.0,54.76,4.8113,0.873,19.5,2,748.041,-79.42591,0.02151,0.0000,0.0000,0.1760,0.0000,0.2151,0.1667,0.0777,SAFE,False,10,0,,,,,,
1771436121.772,0.0,54.85,4.8242,0.857,18.4,1,-74669.314,-82.65113,0.02076,0.0000,0.0000,0.1174,0.0000,0.2076,0.1436,0.0647,SAFE,False,10,0,,,,,,window_reset|B=10
1771436121.772,0.0,54.68,4.8539,0.842,17.3,1,-46914.499,-70.79087,0.02122,0.0000,0.0000,0.0000,0.0000,0.2122,0.1361,0.0484,SAFE,False,10,0,,,,,,
1771436121.772,0.0,54.93,4.8614,0.828,16.3,1,-103873.985,104.66615,0.02101,0.0000,0.0000,0.0000,0.0000,0.2101,0.1290,0.0468,SAFE,False,10,0,,,,,,
1771436121.772,0.0,54.52,4.8565,0.815,15.4,1,-42946.470,35.24354,0.02158,0.0000,0.0000,0.0000,0.0000,0.2158,0.1225,0.0461,SAFE,False,10,0,,,,,,
1771436121.772,0.0,55.12,4.8727,0.803,14.5,1,,,0.02329,0.0000,0.0000,0.0000,0.0000,0.2329,0.1165,0.0466,SAFE,False,10,0,,,,,,
1771436121.772,0.0,54.54,4.8344,0.792,13.7,1,,,0.02090,0.0000,0.0000,0.0708,0.0000,0.2090,0.1108,0.0523,SAFE,False,10,0,,,,,,
1771436121.772,0.0,54.58,4.8682,0.781,12.9,1,,,0.02216,0.0000,0.0000,0.0000,0.0000,0.2216,0.1056,0.0433,SAFE,False,10,0,,,,,,
1771436121.772,0.0,,,,,,,,,,,,,,,0.0433,SAFE,,10,,t440_0,0.29,HIGH,LOCAL,SAFE: all tasks permitted (weight=0.29),
1771436121.772,0.0,54.39,4.8712,0.799,14.2,1,,,0.02361,0.0000,0.0000,0.0000,0.0000,0.2361,0.1146,0.0465,SAFE,False,10,0,,,,,,
1771436121.772,0.0,54.30,4.8413,0.788,13.4,1,,,0.02211,0.0000,0.0000,0.0396,0.0000,0.2211,0.1091,0.0491,SAFE,False,10,0,,,,,,
1771436121.772,0.0,54.06,4.8798,0.778,12.7,1,,,0.02001,0.0000,0.0000,0.0000,0.0000,0.2001,0.1040,0.0408,SAFE,False,10,0,,,,,,
1771436121.772,0.0,53.64,4.8600,0.768,12.0,1,,,0.02012,0.0000,0.0000,0.0000,0.0000,0.2012,0.0992,0.0400,SAFE,False,10,0,,,,,,
1771436121.772,0.0,53.45,4.8954,0.760,11.4,1,,,0.01901,0.0000,0.0000,0.0000,0.0000,0.1901,0.0948,0.0380,SAFE,False,10,0,,,,,,
1771436121.772,0.0,,,,,,,,,,,,,,,0.0380,SAFE,,10,,t445_0,0.32,HIGH,LOCAL,SAFE: all tasks permitted (weight=0.32),
1771436121.772,0.0,53.17,4.8633,0.782,13.0,1,,,0.01566,0.0000,0.0000,0.0000,0.0000,0.1566,0.1059,0.0368,SAFE,False,10,0,,,,,,
1771436121.772,0.0,,,,,,,,,,,,,,,0.0368,SAFE,,10,,t446_0,0.56,NORMAL,LOCAL,SAFE: all tasks permitted (weight=0.56),
1771436121.772,0.0,52.81,4.8585,0.825,16.1,1,,,0.01548,0.0000,0.0000,0.0000,0.0000,0.1548,0.1274,0.0410,SAFE,False,10,0,,,,,,
1771436121.772,0.0,,,,,,,,,,,,,,,0.0410,SAFE,,10,,t447_0,0.62,LOW,LOCAL,SAFE: all tasks permitted (weight=0.62),
1771436121.772,0.0,54.21,4.8238,0.870,19.3,2,,,0.01900,0.0000,0.0000,0.1189,0.0000,0.1900,0.1652,0.0675,SAFE,False,10,0,,,,,,
1771436121.772,0.0,,,,,,,,,,,,,,,0.0675,SAFE,,10,,t448_0,0.27,HIGH,LOCAL,SAFE: all tasks permitted (weight=0.27),
1771436121.772,0.0,53.37,4.8516,0.880,20.0,2,,,0.01913,0.0000,0.0000,0.0000,0.0000,0.1913,0.1701,0.0532,SAFE,False,10,0,,,,,,window_reset|B=10
1771436121.772,0.0,53.98,4.8348,0.864,18.8,1,,,0.01989,0.0000,0.0000,0.0689,0.0000,0.1989,0.1468,0.0582,SAFE,False,10,0,,,,,,
1771436121.772,0.0,53.57,4.8546,0.848,17.7,1,,,0.01874,0.0000,0.0000,0.0000,0.0000,0.1874,0.1390,0.0465,SAFE,False,10,0,,,,,,
1771436121.772,0.0,,,,,,,,,,,,,,,0.0465,SAFE,,10,,t451_0,0.28,NORMAL,LOCAL,SAFE: all tasks permitted (weight=0.28),
1771436121.772,0.0,53.69,4.8277,0.860,18.6,1,,,0.02028,0.0000,0.0000,0.1013,0.0000,0.2028,0.1449,0.0624,SAFE,False,10,0,,,,,,
1771436121.772,0.0,53.73,4.8207,0.844,17.5,1,,,0.02170,0.0000,0.0000,0.1330,0.0000,0.2170,0.1372,0.0664,SAFE,False,10,0,,,,,,
1771436121.772,0.0,53.37,4.8379,0.830,16.5,1,,,0.02184,0.0000,0.0000,0.0550,0.0000,0.2184,0.1302,0.0550,SAFE,False,10,0,,,,,,
1771436121.772,0.0,53.48,4.8678,0.817,15.5,1,,,0.02073,0.0000,0.0000,0.0000,0.0000,0.2073,0.1236,0.0454,SAFE,False,10,0,,,,,,
1771436121.772,0.0,,,,,,,,,,,,,,,0.0454,SAFE,,10,,t455_0,0.54,HIGH,LOCAL,SAFE: all tasks permitted (weight=0.54),
1771436121.772,0.0,53.34,4.8611,0.856,18.3,1,,,0.02078,0.0000,0.0000,0.0000,0.0000,0.2078,0.1428,0.0493,SAFE,False,10,0,,,,,,
1771436121.772,0.0,53.36,4.8489,0.841,17.2,1,,,0.01561,0.0000,0.0000,0.0049,0.0000,0.1561,0.1353,0.0433,SAFE,False,10,0,,,,,,
1771436121.772,0.0,53.30,4.9021,0.827,16.2,1,,,0.02170,0.0000,0.0000,0.0000,0.0000,0.2170,0.1284,0.0474,SAFE,False,10,0,,,,,,
1771436121.772,0.0,,,,,,,,,,,,,,,0.0474,SAFE,,10,,t458_0,0.45,LOW,LOCAL,SAFE: all tasks permitted (weight=0.45),
1771436121.772,0.0,53.89,4.8508,0.856,18.3,1,,,0.02153,0.0000,0.0000,0.0000,0.0000,0.2153,0.1431,0.0501,SAFE,False,10,0,,,,,,
1771436121.772,0.0,52.88,4.8250,0.841,17.2,1,,,0.02141,0.0000,0.0000,0.1135,0.0000,0.2141,0.1356,0.0633,SAFE,False,10,0,,,,,,
1771436121.772,0.0,53.01,4.8799,0.827,16.2,1,,,0.02311,0.0000,0.0000,0.0000,0.0000,0.2311,0.1286,0.0488,SAFE,False,10,0,,,,,,
1771436121.772,0.0,,,,,,,,,,,,,,,0.0488,SAFE,,10,,t461_0,0.52,NORMAL,LOCAL,SAFE: all tasks permitted (weight=0.52),
1771436121.772,0.0,53.46,4.8612,0.863,18.8,1,,,0.02272,0.0000,0.0000,0.0000,0.0000,0.2272,0.1465,0.0520,SAFE,False,10,0,,,,,,
1771436121.772,0.0,53.27,4.8462,0.848,17.7,1,,,0.02280,0.0000,0.0000,0.0172,0.0000,0.2280,0.1388,0.0528,SAFE,False,10,0,,,,,,
1771436121.772,0.0,53.30,4.8329,0.833,16.7,1,,,0.02237,0.0000,0.0000,0.0777,0.0000,0.2237,0.1316,0.0588,SAFE,False,10,0,,,,,,window_reset|B=10
1771436121.772,0.0,,,,,,,,,,,,,,,0.0588,SAFE,,10,,t464_0,0.24,LOW,LOCAL,SAFE: all tasks permitted (weight=0.24),
1771436121.773,0.0,52.95,4.8457,0.842,17.3,1,-25690.483,-3.35878,0.02035,0.0000,0.0000,0.0195,0.0000,0.2035,0.1362,0.0501,SAFE,False,10,0,,,,,,
1771436121.773,0.0,53.02,4.8560,0.828,16.3,1,-17424.670,-48.02960,0.01969,0.0000,0.0000,0.0000,0.0000,0.1969,0.1291,0.0455,SAFE,False,10,0,,,,,,
1771436121.773,0.0,53.07,4.8391,0.815,15.4,1,-51394.691,-12.25569,0.01992,0.0000,0.0000,0.0498,0.0000,0.1992,0.1226,0.0509,SAFE,False,10,0,,,,,,
1771436121.773,0.0,,,,,,,,,,,,,,,0.0509,SAFE,,10,,t467_0,0.32,CRITICAL,LOCAL,SAFE: all tasks permitted (weight=0.32),
1771436121.773,0.0,53.29,4.8379,0.833,16.7,1,25739.875,13.39530,0.02027,0.0000,0.0000,0.0551,0.0000,0.2027,0.1317,0.0538,SAFE,False,10,0,,,,,,
1771436121.773,0.0,52.68,4.8526,0.820,15.7,1,-20986.052,-28.56244,0.02024,0.0000,0.0000,0.0000,0.0000,0.2024,0.1250,0.0453,SAFE,False,10,0,,,,,,
1771436121.773,0.0,52.45,4.8667,0.808,14.8,1,-63107.606,5.74293,0.01459,0.0000,0.0000,0.0000,0.0000,0.1459,0.1188,0.0384,SAFE,False,10,0,,,,,,
1771436121.773,0.0,52.35,4.8724,0.796,14.0,1,-57482.299,27.38057,0.01592,0.0000,0.0000,0.0000,0.0000,0.1592,0.1130,0.0385,SAFE,False,10,0,,,,,,
1771436121.773,0.0,,,,,,,,,,,,,,,0.0385,SAFE,,10,,t471_0,0.54,NORMAL,LOCAL,SAFE: all tasks permitted (weight=0.54),
1771436121.773,0.0,52.83,4.8484,0.837,16.9,1,-29905.137,16.16182,0.01389,0.0000,0.0000,0.0073,0.0000,0.1389,0.1335,0.0415,SAFE,False,10,0,,,,,,
1771436121.773,0.0,51.78,4.8508,0.823,16.0,1,,,0.01132,0.0000,0.0000,0.0000,0.0000,0.1132,0.1267,0.0367,SAFE,False,10,0,,,,,,
1771436121.773,0.0,52.35,4.8677,0.811,15.0,1,,,0.01194,0.0000,0.0000,0.0000,0.0000,0.1194,0.1203,0.0360,SAFE,False,10,0,,,,,,
1771436121.773,0.0,52.76,4.8591,0.799,14.2,1,,,0.01201,0.0000,0.0000,0.0000,0.0000,0.1201,0.1144,0.0349,SAFE,False,10,0,,,,,,
1771436121.773,0.0,,,,,,,,,,,,,,,0.0349,SAFE,,10,,t475_0,0.23,HIGH,LOCAL,SAFE: all tasks permitted (weight=0.23),
1771436121.773,0.0,52.53,4.8434,0.810,15.0,1,,,0.01089,0.0000,0.0000,0.0302,0.0000,0.1089,0.1200,0.0388,SAFE,False,10,0,,,,,,
1771436121.773,0.0,52.03,4.8415,0.798,14.2,1,,,0.01119,0.0000,0.0000,0.0388,0.0000,0.1119,0.1141,0.0391,SAFE,False,10,0,,,,,,
1771436121.773,0.0,,,,,,,,,,,,,,,0.0391,SAFE,,10,,t477_0,0.48,NORMAL,LOCAL,SAFE: all tasks permitted (weight=0.48),
1771436121.773,0.0,52.32,4.8540,0.833,16.6,1,,,0.01116,0.0000,0.0000,0.0000,0.0000,0.1116,0.1315,0.0375,SAFE,False,10,0,,,,,,
1771436121.773,0.0,,,,,,,,,,,,,,,0.0375,SAFE,,10,,t478_0,0.62,LOW,LOCAL,SAFE: all tasks permitted (weight=0.62),
1771436121.773,0.0,52.50,4.8273,0.879,19.9,2,,,0.01273,0.0000,0.0000,0.1031,0.0000,0.1273,0.1693,0.0600,SAFE,False,10,0,,,,,,window_reset|B=10
1771436121.773,0.0,52.01,4.8466,0.862,18.7,1,,,0.01214,0.0000,0.0000,0.0154,0.0000,0.1214,0.1460,0.0434,SAFE,False,10,0,,,,,,
1771436121.773,0.0,,,,,,,,,,,,,,,0.0434,SAFE,,10,,t480_0,0.67,HIGH,LOCAL,SAFE: all tasks permitted (weight=0.67),
1771436121.773,0.0,,,,,,,,,,,,,,,0.0434,SAFE,,10,,t480_1,0.45,CRITICAL,LOCAL,SAFE: all tasks permitted (weight=0.45),
1771436121.773,0.0,52.69,4.8084,0.954,25.3,2,,,0.01721,0.0000,0.0000,0.1889,0.0000,0.1721,0.2071,0.0832,SAFE,False,10,0,,,,,,
1771436121.773,0.0,52.55,4.8239,0.932,23.7,2,,,0.01757,0.0000,0.0000,0.1186,0.0000,0.1757,0.1961,0.0722,SAFE,False,10,0,,,,,,
1771436121.773,0.0,52.93,4.8311,0.912,22.3,2,,,0.01588,0.0000,0.0000,0.0859,0.0000,0.1588,0.1860,0.0642,SAFE,False,10,0,,,,,,
1771436121.773,0.0,,,,,,,,,,,,,,,0.0642,SAFE,,10,,t483_0,0.80,HIGH,LOCAL,SAFE: all tasks permitted (weight=0.80),
1771436121.773,0.0,,,,,,,,,,,,,,,0.0642,SAFE,,10,,t483_1,0.31,LOW,LOCAL,SAFE: all tasks permitted (weight=0.31),
1771436121.773,0.0,52.26,4.7955,0.999,28.5,3,,,0.02020,0.0000,0.0000,0.2477,0.0000,0.2020,0.2445,0.1013,SAFE,False,10,0,,,,,,
1771436121.773,0.0,53.35,4.8378,0.974,26.7,2,,,0.01980,0.0000,0.0000,0.0554,0.0000,0.1980,0.2170,0.0704,SAFE,False,10,0,,,,,,
1771436121.773,0.0,,,,,,,,,,,,,,,0.0704,SAFE,,10,,t485_0,0.71,HIGH,LOCAL,SAFE: all tasks permitted (weight=0.71),
1771436121.773,0.0,,,,,,,,,,,,,,,0.0704,SAFE,,10,,t485_1,0.35,NORMAL,LOCAL,SAFE: all tasks permitted (weight=0.35),
1771436121.773,0.0,53.37,4.8117,1.052,32.3,3,,,0.01842,0.0000,0.0000,0.1742,0.0000,0.1842,0.2712,0.0953,SAFE,False,10,0,,,,,,
1771436121.773,0.0,53.90,4.8017,1.024,30.3,3,,,0.01814,0.0000,0.0000,0.2195,0.0000,0.1814,0.2569,0.0980,SAFE,False,10,0,,,,,,
1771436121.773,0.0,54.58,4.7814,0.997,28.4,3,,,0.02126,0.0000,0.0000,0.3117,0.0000,0.2126,0.2435,0.1105,SAFE,False,10,0,,,,,,
1771436121.773,0.0,,,,,,,,,,,,,,,0.1105,SAFE,,10,,t488_0,0.58,LOW,LOCAL,SAFE: all tasks permitted (weight=0.58),
1771436121.773,0.0,53.86,4.8248,1.028,30.6,3,,,0.02046,0.0000,0.0000,0.1144,0.0000,0.2046,0.2591,0.0871,SAFE,False,10,0,,,,,,
1771436121.773,0.0,,,,,,,,,,,,,,,0.0871,SAFE,,10,,t489_0,0.28,LOW,LOCAL,SAFE: all tasks permitted (weight=0.28),
1771436121.773,0.0,54.06,4.7928,1.028,30.6,3,,,0.01901,0.0000,0.0000,0.2601,0.0000,0.1901,0.2592,0.1047,SAFE,False,10,0,,,,,,
1771436121.773,0.0,,,,,,,,,,,,,,,0.1047,SAFE,,10,,t490_0,0.41,HIGH,LOCAL,SAFE: all tasks permitted (weight=0.41),
1771436121.773,0.0,55.17,4.7587,1.040,31.4,3,,,0.02415,0.0000,0.0000,0.4150,0.0000,0.2415,0.2651,0.1311,SAFE,False,10,0,,,,,,
1771436121.773,0.0,,,,,,,,,,,,,,,0.1311,SAFE,,10,,t491_0,0.41,HIGH,LOCAL,SAFE: all tasks permitted (weight=0.41),
1771436121.773,0.0,54.87,4.7624,1.052,32.3,3,,,0.02459,0.0000,0.0000,0.3982,0.0000,0.2459,0.2708,0.1305,SAFE,False,10,0,,,,,,
1771436121.773,0.0,55.50,4.7995,1.023,30.2,3,,,0.02453,0.0000,0.0000,0.2295,0.0000,0.2453,0.2565,0.1057,SAFE,False,10,0,,,,,,
1771436121.773,0.0,55.60,4.8246,0.996,28.3,3,,,0.02459,0.0000,0.0000,0.1156,0.0000,0.2459,0.2432,0.0882,SAFE,False,10,0,,,,,,window_reset|B=10
1771436121.773,0.0,55.77,4.7932,0.972,26.5,2,,,0.02301,0.0000,0.0000,0.2580,0.0000,0.2301,0.2158,0.0997,SAFE,False,10,0,,,,,,
1771436121.773,0.0,56.17,4.8031,0.948,24.9,2,,,0.02301,0.0000,0.0000,0.2133,0.0000,0.2301,0.2042,0.0916,SAFE,False,10,0,,,,,,
1771436121.773,0.0,,,,,,,,,,,,,,,0.0916,SAFE,,10,,t496_0,0.22,HIGH,LOCAL,SAFE: all tasks permitted (weight=0.22),
1771436121.773,0.0,55.94,4.8642,0.948,24.8,2,,,0.02742,0.0000,0.0000,0.0000,0.0000,0.2742,0.2039,0.0682,SAFE,False,10,0,,,,,,
1771436121.773,0.0,56.50,4.8340,0.926,23.3,2,,,0.02877,0.0000,0.0000,0.0727,0.0000,0.2877,0.1932,0.0769,SAFE,False,10,0,,,,,,
1771436121.773,0.0,56.28,4.8039,0.907,21.9,2,,,0.02876,0.0000,0.0000,0.2096,0.0000,0.2876,0.1833,0.0927,SAFE,False,10,0,,,,,,
1771436121.774,0.0,,,,,,,,,,,,,,,0.0927,SAFE,,10,,t499_0,0.85,HIGH,LOCAL,SAFE: all tasks permitted (weight=0.85),
1771436121.774,0.0,,,,,,,,,,,,,,,0.0927,SAFE,,10,,t499_1,0.69,NORMAL,LOCAL,SAFE: all tasks permitted (weight=0.69),
1771436121.774,0.0,56.64,4.8100,1.036,31.1,3,105429.779,47.36753,0.02801,0.0000,0.0000,0.1817,0.0000,0.2801,0.2628,0.1042,SAFE,False,10,0,,,,,,
1771436121.774,0.0,56.67,4.7993,1.008,29.1,3,70156.134,-0.17820,0.02745,0.0000,0.0000,0.2304,0.0000,0.2745,0.2490,0.1072,SAFE,False,10,0,,,,,,
1771436121.774,0.0,,,,,,,,,,,,,,,0.1072,SAFE,,10,,t501_0,0.56,LOW,LOCAL,SAFE: all tasks permitted (weight=0.56),
1771436121.774,0.0,56.60,4.8033,1.036,31.1,3,59797.959,-21.12299,0.02726,0.0000,0.0000,0.2121,0.0000,0.2726,0.2630,0.1074,SAFE,False,10,0,,,,,,
1771436121.774,0.0,56.62,4.7803,1.009,29.2,3,50193.460,-12.86986,0.02476,0.0000,0.0000,0.3168,0.0000,0.2476,0.2493,0.1158,SAFE,False,10,0,,,,,,
1771436121.774,0.0,56.75,4.8270,0.983,27.3,3,34793.390,23.77528,0.02138,0.0000,0.0000,0.1047,0.0000,0.2138,0.2364,0.0823,SAFE,False,10,0,,,,,,
1771436121.774,0.0,,,,,,,,,,,,,,,0.0823,SAFE,,10,,t504_0,0.55,HIGH,LOCAL,SAFE: all tasks permitted (weight=0.55),
1771436121.774,0.0,56.98,4.7934,1.012,29.4,3,62247.664,-70.38315,0.02173,0.0000,0.0000,0.2572,0.0000,0.2173,0.2511,0.1054,SAFE,False,10,0,,,,,,
1771436121.774,0.0,,,,,,,,,,,,,,,0.1054,SAFE,,10,,t505_0,0.46,CRITICAL,LOCAL,SAFE: all tasks permitted (weight=0.46),
1771436121.774,0.0,57.48,4.8003,1.030,30.7,3,58459.229,-33.52367,0.02154,0.0000,0.0000,0.2259,0.0000,0.2154,0.2601,0.1029,SAFE,False,10,0,,,,,,
1771436121.774,0.0,57.34,4.7992,1.003,28.8,3,62852.351,-4.65607,0.02123,0.0000,0.0000,0.2308,0.0000,0.2123,0.2465,0.1005,SAFE,False,10,0,,,,,,
1771436121.774,0.0,57.72,4.8206,0.978,27.0,2,,,0.02131,0.0000,0.0000,0.1337,0.0000,0.2131,0.2189,0.0825,SAFE,False,10,0,,,,,,
1771436121.774,0.0,58.04,4.8135,0.954,25.3,2,,,0.01428,0.0000,0.0000,0.1659,0.0000,0.1428,0.2071,0.0773,SAFE,False,10,0,,,,,,window_reset|B=10
1771436121.774,0.0,57.67,4.8206,0.932,23.7,2,,,0.01256,0.0000,0.0000,0.1334,0.0000,0.1256,0.1962,0.0691,SAFE,False,10,0,,,,,,
1771436121.774,0.0,57.20,4.8371,0.912,22.3,2,,,0.01518,0.0000,0.0000,0.0587,0.0000,0.1518,0.1860,0.0600,SAFE,False,10,0,,,,,,
1771436121.774,0.0,,,,,,,,,,,,,,,0.0600,SAFE,,10,,t511_0,0.37,LOW,LOCAL,SAFE: all tasks permitted (weight=0.37),
1771436121.774,0.0,58.21,4.8354,0.929,23.5,2,,,0.01689,0.0000,0.0000,0.0663,0.0000,0.1689,0.1944,0.0644,SAFE,False,10,0,,,,,,
1771436121.774,0.0,57.69,4.8418,0.909,22.0,2,,,0.01847,0.0000,0.0000,0.0374,0.0000,0.1847,0.1843,0.0602,SAFE,False,10,0,,,,,,
1771436121.774,0.0,57.15,4.8240,0.890,20.7,2,,,0.01833,0.0000,0.0000,0.1183,0.0000,0.1833,0.1750,0.0687,SAFE,False,10,0,,,,,,
1771436121.774,0.0,,,,,,,,,,,,,,,0.0687,SAFE,,10,,t514_0,0.46,NORMAL,LOCAL,SAFE: all tasks permitted (weight=0.46),
1771436121.774,0.0,57.59,4.7867,0.917,22.7,2,,,0.01735,0.0000,0.0000,0.2880,0.0000,0.1735,0.1887,0.0925,SAFE,False,10,0,,,,,,
1771436121.774,0.0,,,,,,,,,,,,,,,0.0925,SAFE,,10,,t515_0,0.29,NORMAL,LOCAL,SAFE: all tasks permitted (weight=0.29),
1771436121.774,0.0,57.86,4.8016,0.926,23.3,2,,,0.01750,0.0000,0.0000,0.2198,0.0000,0.1750,0.1931,0.0847,SAFE,False,10,0,,,,,,
1771436121.774,0.0,,,,,,,,,,,,,,,0.0847,SAFE,,10,,t516_0,0.48,LOW,LOCAL,SAFE: all tasks permitted (weight=0.48),
1771436121.774,0.0,57.87,4.8232,0.953,25.2,2,,,0.01641,0.0000,0.0000,0.1219,0.0000,0.1641,0.2064,0.0735,SAFE,False,10,0,,,,,,
1771436121.774,0.0,58.22,4.8244,0.931,23.6,2,,,0.01571,0.0000,0.0000,0.1165,0.0000,0.1571,0.1955,0.0699,SAFE,False,10,0,,,,,,
1771436121.774,0.0,,,,,,,,,,,,,,,0.0699,SAFE,,10,,t518_0,0.65,HIGH,LOCAL,SAFE: all tasks permitted (weight=0.65),
1771436121.774,0.0,58.06,4.7867,0.973,26.7,2,,,0.01732,0.0000,0.0000,0.2877,0.0000,0.1732,0.2167,0.0980,SAFE,False,10,0,,,,,,
1771436121.774,0.0,,,,,,,,,,,,,,,0.0980,SAFE,,10,,t519_0,0.29,NORMAL,LOCAL,SAFE: all tasks permitted (weight=0.29),
1771436121.774,0.0,58.25,4.8143,0.978,27.0,2,,,0.01732,0.0000,0.0000,0.1621,0.0000,0.1732,0.2189,0.0822,SAFE,False,10,0,,,,,,
1771436121.775,0.0,58.02,4.7925,0.954,25.3,2,21856.600,-54.64349,0.01865,0.0000,0.0000,0.2615,0.0000,0.1865,0.2071,0.0941,SAFE,False,10,0,,,,,,
1771436121.775,0.0,58.16,4.8137,0.932,23.7,2,67219.062,-11.42582,0.01859,0.0000,0.0000,0.1651,0.0000,0.1859,0.1962,0.0793,SAFE,False,10,0,,,,,,
1771436121.775,0.0,,,,,,,,,,,,,,,0.0793,SAFE,,10,,t522_0,0.72,NORMAL,LOCAL,SAFE: all tasks permitted (weight=0.72),
1771436121.775,0.0,58.00,4.7900,0.982,27.3,3,27202.093,3.66314,0.01851,0.0000,0.0000,0.2729,0.0000,0.1851,0.2361,0.1012,SAFE,False,10,0,,,,,,
1771436121.775,0.0,57.92,4.8423,0.958,25.6,2,3598.316,45.10549,0.01935,0.0000,0.0000,0.0348,0.0000,0.1935,0.2092,0.0657,SAFE,False,10,0,,,,,,window_reset|B=10
1771436121.775,0.0,58.16,4.8110,0.936,24.0,2,18895.232,-13.45484,0.01711,0.0000,0.0000,0.1771,0.0000,0.1711,0.1981,0.0798,SAFE,False,10,0,,,,,,
1771436121.775,0.0,,,,,,,,,,,,,,,0.0798,SAFE,,10,,t525_0,0.50,CRITICAL,LOCAL,SAFE: all tasks permitted (weight=0.50),
1771436121.775,0.0,57.74,4.8270,0.964,26.0,2,-31675.797,2.86749,0.01734,0.0000,0.0000,0.1047,0.0000,0.1734,0.2120,0.0734,SAFE,False,10,0,,,,,,
1771436121.775,0.0,,,,,,,,,,,,,,,0.0734,SAFE,,10,,t526_0,0.65,NORMAL,LOCAL,SAFE: all tasks permitted (weight=0.65),
1771436121.775,0.0,58.60,4.8067,1.005,28.9,3,35902.876,22.11391,0.01598,0.0000,0.0000,0.1970,0.0000,0.1598,0.2473,0.0911,SAFE,False,10,0,,,,,,
1771436121.775,0.0,58.36,4.8319,0.979,27.1,3,6856.467,19.41727,0.01666,0.0000,0.0000,0.0825,0.0000,0.1666,0.2346,0.0743,SAFE,False,10,0,,,,,,
1771436121.775,0.0,,,,,,,,,,,,,,,0.0743,SAFE,,10,,t528_0,0.42,LOW,LOCAL,SAFE: all tasks permitted (weight=0.42),
1771436121.775,0.0,59.27,4.7875,0.996,28.3,3,,,0.01783,0.0000,0.0000,0.2841,0.0000,0.1783,0.2431,0.1034,SAFE,False,10,0,,,,,,
1771436121.775,0.0,58.75,4.8338,0.971,26.5,2,,,0.01861,0.0000,0.0000,0.0737,0.0000,0.1861,0.2157,0.0713,SAFE,False,10,0,,,,,,
1771436121.775,0.0,,,,,,,,,,,,,,,0.0713,SAFE,,10,,t530_0,0.80,LOW,LOCAL,SAFE: all tasks permitted (weight=0.80),
1771436121.775,0.0,,,,,,,,,,,,,,,0.0713,SAFE,,10,,t530_1,0.32,LOW,LOCAL,SAFE: all tasks permitted (weight=0.32),
1771436121.775,0.0,59.14,4.7954,1.057,32.7,3,,,0.01778,0.0000,0.0000,0.2482,0.0000,0.1778,0.2737,0.1048,SAFE,False,10,0,,,,,,
1771436121.775,0.0,58.94,4.7914,1.028,30.6,3,,,0.01866,0.0000,0.0000,0.2665,0.0000,0.1866,0.2592,0.1052,SAFE,False,10,0,,,,,,
1771436121.775,0.0,,,,,,,,,,,,,,,0.1052,SAFE,,10,,t532_0,0.56,HIGH,LOCAL,SAFE: all tasks permitted (weight=0.56),
1771436121.775,0.0,59.57,4.8070,1.056,32.5,3,,,0.01793,0.0000,0.0000,0.1957,0.0000,0.1793,0.2728,0.0979,SAFE,False,10,0,,,,,,
1771436121.775,0.0,59.02,4.7699,1.027,30.5,3,,,0.02125,0.0000,0.0000,0.3641,0.0000,0.2125,0.2584,0.1203,SAFE,False,10,0,,,,,,
1771436121.775,0.0,,,,,,,,,,,,,,,0.1203,SAFE,,10,,t534_0,0.37,CRITICAL,LOCAL,SAFE: all tasks permitted (weight=0.37),
1771436121.775,0.0,59.66,4.7848,1.036,31.1,3,,,0.02166,0.0000,0.0000,0.2964,0.0000,0.2166,0.2629,0.1128,SAFE,False,10,0,,,,,,
1771436121.775,0.0,59.49,4.7783,1.008,29.2,3,,,0.02023,0.0000,0.0000,0.3260,0.0000,0.2023,0.2492,0.1124,SAFE,False,10,0,,,,,,
1771436121.775,0.0,59.84,4.7859,0.983,27.3,3,,,0.02049,0.0000,0.0000,0.2914,0.0000,0.2049,0.2363,0.1056,SAFE,False,10,0,,,,,,
1771436121.775,0.0,59.40,4.8122,0.959,25.6,2,,,0.01923,0.0000,0.0000,0.1719,0.0000,0.1923,0.2094,0.0835,SAFE,False,10,0,,,,,,
1771436121.775,0.0,60.14,4.8135,0.937,24.0,2,,,0.01956,0.0000,0.0000,0.1660,0.0000,0.1956,0.1983,0.0808,SAFE,False,10,0,,,,,,window_reset|B=10
1771436121.775,0.0,59.65,4.8118,0.916,22.6,2,,,0.01744,0.0000,0.0000,0.1737,0.0000,0.1744,0.1880,0.0776,SAFE,False,10,0,,,,,,
1771436121.775,0.0,59.97,4.8372,0.897,21.2,2,,,0.02023,0.0000,0.0000,0.0580,0.0000,0.2023,0.1784,0.0635,SAFE,False,10,0,,,,,,
1771436121.775,0.0,,,,,,,,,,,,,,,0.0635,SAFE,,10,,t541_0,0.64,HIGH,LOCAL,SAFE: all tasks permitted (weight=0.64),
1771436121.775,0.0,59.78,4.8409,0.942,24.4,2,,,0.02123,0.0000,0.0000,0.0416,0.0000,0.2123,0.2008,0.0668,SAFE,False,10,0,,,,,,
1771436121.775,0.0,59.52,4.7967,0.921,22.9,2,,,0.02120,0.0000,0.0000,0.2421,0.0000,0.2120,0.1903,0.0907,SAFE,False,10,0,,,,,,
1771436121.775,0.0,59.70,4.8277,0.901,21.5,2,,,0.02198,0.0000,0.0000,0.1014,0.0000,0.2198,0.1805,0.0713,SAFE,False,10,0,,,,,,
1771436121.775,0.0,59.19,4.8295,0.883,20.2,2,,,0.02297,0.0000,0.0000,0.0932,0.0000,0.2297,0.1715,0.0694,SAFE,False,10,0,,,,,,
1771436121.775,0.0,59.28,4.8522,0.866,19.0,2,,,0.02304,0.0000,0.0000,0.0000,0.0000,0.2304,0.1630,0.0556,SAFE,False,10,0,,,,,,
1771436121.775,0.0,59.08,4.8603,0.850,17.9,1,,,0.02441,0.0000,0.0000,0.0000,0.0000,0.2441,0.1402,0.0525,SAFE,False,10,0,,,,,,
1771436121.775,0.0,58.98,4.8810,0.836,16.8,1,,,0.02606,0.0000,0.0000,0.0000,0.0000,0.2606,0.1329,0.0526,SAFE,False,10,0,,,,,,
1771436121.775,0.0,58.60,4.8719,0.822,15.9,1,,,0.02500,0.0000,0.0000,0.0000,0.0000,0.2500,0.1261,0.0502,SAFE,False,10,0,,,,,,
1771436121.775,0.0,58.60,4.8395,0.810,15.0,1,,,0.02392,0.0000,0.0000,0.0479,0.0000,0.2392,0.1198,0.0541,SAFE,False,10,0,,,,,,
1771436121.775,0.0,58.09,4.8603,0.798,14.1,1,,,0.02334,0.0000,0.0000,0.0000,0.0000,0.2334,0.1139,0.0461,SAFE,False,10,0,,,,,,
1771436121.775,0.0,58.44,4.8579,0.787,13.4,1,,,0.02172,0.0000,0.0000,0.0000,0.0000,0.2172,0.1085,0.0434,SAFE,False,10,0,,,,,,
1771436121.775,0.0,,,,,,,,,,,,,,,0.0434,SAFE,,10,,t552_0,0.26,NORMAL,LOCAL,SAFE: all tasks permitted (weight=0.26),
1771436121.775,0.0,57.96,4.8732,0.802,14.4,1,,,0.02272,0.0000,0.0000,0.0000,0.0000,0.2272,0.1161,0.0459,SAFE,False,10,0,,,,,,
1771436121.775,0.0,,,,,,,,,,,,,,,0.0459,SAFE,,10,,t553_0,0.75,HIGH,LOCAL,SAFE: all tasks permitted (weight=0.75),
1771436121.775,0.0,,,,,,,,,,,,,,,0.0459,SAFE,,10,,t553_1,0.40,NORMAL,LOCAL,SAFE: all tasks permitted (weight=0.40),
1771436121.775,0.0,57.25,4.8307,0.904,21.7,2,,,0.02320,0.0000,0.0000,0.0878,0.0000,0.2320,0.1821,0.0710,SAFE,False,10,0,,,,,,window_reset|B=10
1771436121.775,0.0,57.44,4.8380,0.886,20.4,2,,,0.01770,0.0000,0.0000,0.0547,0.0000,0.1770,0.1729,0.0594,SAFE,False,10,0,,,,,,
1771436121.775,0.0,57.16,4.8535,0.869,19.2,2,,,0.01613,0.0000,0.0000,0.0000,0.0000,0.1613,0.1644,0.0490,SAFE,False,10,0,,,,,,
1771436121.775,0.0,57.64,4.8291,0.853,18.1,1,,,0.01619,0.0000,0.0000,0.0952,0.0000,0.1619,0.1414,0.0568,SAFE,False,10,0,,,,,,
1771436121.775,0.0,57.30,4.8438,0.838,17.0,1,,,0.01643,0.0000,0.0000,0.0283,0.0000,0.1643,0.1341,0.0469,SAFE,False,10,0,,,,,,
1771436121.776,0.0,57.64,4.8607,0.824,16.0,1,-26793.847,0.38865,0.01645,0.0000,0.0000,0.0000,0.0000,0.1645,0.1272,0.0419,SAFE,False,10,0,,,,,,
1771436121.776,0.0,56.98,4.9019,0.812,15.1,1,-87436.344,44.00207,0.02001,0.0000,0.0000,0.0000,0.0000,0.2001,0.1208,0.0442,SAFE,False,10,0,,,,,,
1771436121.776,0.0,57.56,4.8888,0.800,14.3,1,-23951.832,15.61448,0.02168,0.0000,0.0000,0.0000,0.0000,0.2168,0.1149,0.0447,SAFE,False,10,0,,,,,,
1771436121.776,0.0,56.83,4.8508,0.789,13.5,1,-24954.758,20.07684,0.02116,0.0000,0.0000,0.0000,0.0000,0.2116,0.1093,0.0430,SAFE,False,10,0,,,,,,
1771436121.776,0.0,56.55,4.8563,0.778,12.7,1,-53828.716,18.34799,0.02114,0.0000,0.0000,0.0000,0.0000,0.2114,0.1042,0.0420,SAFE,False,10,0,,,,,,
1771436121.776,0.0,56.22,4.8691,0.769,12.1,1,-56278.238,15.54402,0.02140,0.0000,0.0000,0.0000,0.0000,0.2140,0.0994,0.0413,SAFE,False,10,0,,,,,,
1771436121.776,0.0,,,,,,,,,,,,,,,0.0413,SAFE,,10,,t564_0,0.76,LOW,LOCAL,SAFE: all tasks permitted (weight=0.76),
1771436121.776,0.0,56.03,4.8654,0.835,16.8,1,-96046.347,36.28732,0.02105,0.0000,0.0000,0.0000,0.0000,0.2105,0.1324,0.0475,SAFE,False,10,0,,,,,,
1771436121.776,0.0,55.79,4.8423,0.821,15.8,1,-90405.013,-1.49127,0.02005,0.0000,0.0000,0.0351,0.0000,0.2005,0.1256,0.0497,SAFE,False,10,0,,,,,,
1771436121.776,0.0,55.79,4.8512,0.809,14.9,1,,,0.01925,0.0000,0.0000,0.0000,0.0000,0.1925,0.1194,0.0431,SAFE,False,10,0,,,,,,
1771436121.776,0.0,55.74,4.8480,0.797,14.1,1,,,0.01945,0.0000,0.0000,0.0091,0.0000,0.1945,0.1135,0.0433,SAFE,False,10,0,,,,,,
1771436121.776,0.0,,,,,,,,,,,,,,,0.0433,SAFE,,10,,t568_0,0.22,HIGH,LOCAL,SAFE: all tasks permitted (weight=0.22),
1771436121.776,0.0,55.79,4.8408,0.808,14.9,1,,,0.01817,0.0000,0.0000,0.0418,0.0000,0.1817,0.1190,0.0474,SAFE,False,10,0,,,,,,window_reset|B=10
1771436121.776,0.0,55.29,4.8871,0.796,14.0,1,,,0.01890,0.0000,0.0000,0.0000,0.0000,0.1890,0.1132,0.0415,SAFE,False,10,0,,,,,,
1771436121.776,0.0,54.90,4.8278,0.786,13.3,1,,,0.02134,0.0000,0.0000,0.1011,0.0000,0.2134,0.1078,0.0560,SAFE,False,10,0,,,,,,
1771436121.776,0.0,,,,,,,,,,,,,,,0.0560,SAFE,,10,,t571_0,0.27,HIGH,LOCAL,SAFE: all tasks permitted (weight=0.27),
1771436121.776,0.0,55.29,4.8353,0.803,14.5,1,,,0.01838,0.0000,0.0000,0.0669,0.0000,0.1838,0.1163,0.0503,SAFE,False,10,0,,,,,,
1771436121.776,0.0,55.33,4.8649,0.791,13.7,1,,,0.01575,0.0000,0.0000,0.0000,0.0000,0.1575,0.1107,0.0379,SAFE,False,10,0,,,,,,
1771436121.776,0.0,54.93,4.8406,0.781,12.9,1,,,0.01613,0.0000,0.0000,0.0426,0.0000,0.1613,0.1054,0.0428,SAFE,False,10,0,,,,,,
1771436121.776,0.0,54.57,4.8491,0.771,12.2,1,,,0.01610,0.0000,0.0000,0.0043,0.0000,0.1610,0.1006,0.0368,SAFE,False,10,0,,,,,,
1771436121.776,0.0,54.16,4.8563,0.762,11.6,1,,,0.01533,0.0000,0.0000,0.0000,0.0000,0.1533,0.0961,0.0345,SAFE,False,10,0,,,,,,
1771436121.776,0.0,54.52,4.8910,0.754,11.0,0,,,0.01864,0.0000,0.0000,0.0000,0.0000,0.1864,0.0769,0.0340,SAFE,False,10,0,,,,,,
1771436121.776,0.0,54.17,4.8743,0.746,10.4,0,,,0.01922,0.0000,0.0000,0.0000,0.0000,0.1922,0.0729,0.0338,SAFE,False,10,0,,,,,,
1771436121.776,0.0,,,,,,,,,,,,,,,0.0338,SAFE,,10,,t578_0,0.58,NORMAL,LOCAL,SAFE: all tasks permitted (weight=0.58),
1771436121.776,0.0,53.85,4.8693,0.796,14.0,1,,,0.01952,0.0000,0.0000,0.0000,0.0000,0.1952,0.1132,0.0422,SAFE,False,10,0,,,,,,
1771436121.776,0.0,53.34,4.8782,0.786,13.3,1,,,0.02013,0.0000,0.0000,0.0000,0.0000,0.2013,0.1078,0.0417,SAFE,False,10,0,,,,,,
1771436121.776,0.0,53.97,4.8503,0.775,12.5,1,,,0.01956,0.0000,0.0000,0.0000,0.0000,0.1956,0.1027,0.0401,SAFE,False,10,0,,,,,,
1771436121.776,0.0,53.60,4.8774,0.766,11.9,1,,,0.01861,0.0000,0.0000,0.0000,0.0000,0.1861,0.0981,0.0382,SAFE,False,10,0,,,,,,
1771436121.776,0.0,53.10,4.8578,0.757,11.2,1,,,0.01600,0.0000,0.0000,0.0000,0.0000,0.1600,0.0937,0.0348,SAFE,False,10,0,,,,,,
1771436121.776,0.0,,,,,,,,,,,,,,,0.0348,SAFE,,10,,t583_0,0.24,NORMAL,LOCAL,SAFE: all tasks permitted (weight=0.24),
1771436121.776,0.0,53.46,4.8965,0.774,12.4,1,,,0.01641,0.0000,0.0000,0.0000,0.0000,0.1641,0.1018,0.0368,SAFE,False,10,0,,,,,,window_reset|B=10
1771436121.776,0.0,52.68,4.8910,0.764,11.7,1,,,0.01765,0.0000,0.0000,0.0000,0.0000,0.1765,0.0972,0.0371,SAFE,False,10,0,,,,,,
1771436121.776,0.0,52.54,4.8563,0.756,11.1,1,,,0.01599,0.0000,0.0000,0.0000,0.0000,0.1599,0.0929,0.0346,SAFE,False,10,0,,,,,,
1771436121.776,0.0,52.74,4.8853,0.748,10.6,0,,,0.01502,0.0000,0.0000,0.0000,0.0000,0.1502,0.0739,0.0298,SAFE,False,10,0,,,,,,
1771436121.776,0.0,52.60,4.9155,0.740,10.0,0,,,0.01797,0.0000,0.0000,0.0000,0.0000,0.1797,0.0702,0.0320,SAFE,False,10,0,,,,,,
1771436121.776,0.0,52.23,4.8899,0.733,9.5,0,,,0.01791,0.0000,0.0000,0.0000,0.0000,0.1791,0.0667,0.0313,SAFE,False,10,0,,,,,,
1771436121.776,0.0,51.97,4.8938,0.727,9.1,0,,,0.01833,0.0000,0.0000,0.0000,0.0000,0.1833,0.0635,0.0310,SAFE,False,10,0,,,,,,
1771436121.776,0.0,51.95,4.8732,0.721,8.7,0,,,0.01817,0.0000,0.0000,0.0000,0.0000,0.1817,0.0606,0.0303,SAFE,False,10,0,,,,,,
1771436121.776,0.0,51.55,4.8731,0.716,8.3,0,,,0.01828,0.0000,0.0000,0.0000,0.0000,0.1828,0.0578,0.0298,SAFE,False,10,0,,,,,,
1771436121.776,0.0,,,,,,,,,,,,,,,0.0298,SAFE,,10,,t592_0,0.52,NORMAL,LOCAL,SAFE: all tasks permitted (weight=0.52),
1771436121.776,0.0,51.86,4.8387,0.762,11.6,1,,,0.02005,0.0000,0.0000,0.0515,0.0000,0.2005,0.0959,0.0459,SAFE,False,10,0,,,,,,
1771436121.776,0.0,51.36,4.8848,0.753,11.0,0,,,0.02010,0.0000,0.0000,0.0000,0.0000,0.2010,0.0767,0.0355,SAFE,False,10,0,,,,,,
1771436121.776,0.0,51.09,4.8891,0.746,10.4,0,,,0.01911,0.0000,0.0000,0.0000,0.0000,0.1911,0.0728,0.0337,SAFE,False,10,0,,,,,,
1771436121.776,0.0,,,,,,,,,,,,,,,0.0337,SAFE,,10,,t595_0,0.67,LOW,LOCAL,SAFE: all tasks permitted (weight=0.67),
1771436121.776,0.0,51.04,4.8602,0.806,14.7,1,,,0.01949,0.0000,0.0000,0.0000,0.0000,0.1949,0.1178,0.0431,SAFE,False,10,0,,,,,,
1771436121.776,0.0,51.60,4.8522,0.794,13.9,1,,,0.02046,0.0000,0.0000,0.0000,0.0000,0.2046,0.1121,0.0429,SAFE,False,10,0,,,,,,
1771436121.776,0.0,,,,,,,,,,,,,,,0.0429,SAFE,,10,,t597_0,0.65,NORMAL,LOCAL,SAFE: all tasks permitted (weight=0.65),
1771436121.776,0.0,50.92,4.8317,0.848,17.7,1,,,0.02336,0.0000,0.0000,0.0834,0.0000,0.2336,0.1389,0.0620,SAFE,False,10,0,,,,,,
1771436121.777,0.0,,,,,,,,,,,,,,,0.0620,SAFE,,10,,t598_0,0.30,NORMAL,LOCAL,SAFE: all tasks permitted (weight=0.30),
1771436121.777,0.0,51.10,4.8234,0.863,18.8,1,-51137.535,-50.02712,0.02686,0.0000,0.0000,0.1211,0.0000,0.2686,0.1467,0.0719,SAFE,False,10,0,,,,,,window_reset|B=10
1771436121.777,0.0,,,,,,,,,,,,,,,0.0719,SAFE,,10,,t599_0,0.21,HIGH,LOCAL,SAFE: all tasks permitted (weight=0.21),
1771436121.777,0.0,51.64,4.8445,0.869,19.2,2,5823.041,-28.71389,0.02353,0.0000,0.0000,0.0252,0.0000,0.2353,0.1645,0.0597,SAFE,False,10,0,,,,,,
1771436121.777,0.0,51.81,4.8603,0.853,18.1,1,-3470.463,21.70734,0.02208,0.0000,0.0000,0.0000,0.0000,0.2208,0.1416,0.0504,SAFE,False,10,0,,,,,,
1771436121.777,0.0,50.75,4.8374,0.838,17.0,1,-36510.143,-47.48179,0.02041,0.0000,0.0000,0.0573,0.0000,0.2041,0.1342,0.0547,SAFE,False,10,0,,,,,,
1771436121.777,0.0,,,,,,,,,,,,,,,0.0547,SAFE,,10,,t602_0,0.33,CRITICAL,LOCAL,SAFE: all tasks permitted (weight=0.33),
1771436121.777,0.0,52.02,4.8294,0.858,18.4,1,55929.635,-59.90241,0.02087,0.0000,0.0000,0.0938,0.0000,0.2087,0.1440,0.0619,SAFE,False,10,0,,,,,,
1771436121.777,0.0,51.72,4.8857,0.843,17.4,1,40953.185,25.51552,0.02217,0.0000,0.0000,0.0000,0.0000,0.2217,0.1365,0.0495,SAFE,False,10,0,,,,,,
1771436121.777,0.0,51.08,4.8249,0.829,16.3,1,-31782.378,-27.41786,0.02322,0.0000,0.0000,0.1142,0.0000,0.2322,0.1294,0.0640,SAFE,False,10,0,,,,,,
1771436121.777,0.0,51.12,4.8461,0.816,15.4,1,11867.218,14.52745,0.02102,0.0000,0.0000,0.0175,0.0000,0.2102,0.1229,0.0479,SAFE,False,10,0,,,,,,
1771436121.777,0.0,52.01,4.8457,0.804,14.5,1,,,0.01714,0.0000,0.0000,0.0197,0.0000,0.1714,0.1168,0.0431,SAFE,False,10,0,,,,,,
1771436121.777,0.0,51.48,4.8557,0.792,13.7,1,,,0.01686,0.0000,0.0000,0.0000,0.0000,0.1686,0.1111,0.0391,SAFE,False,10,0,,,,,,
1771436121.777,0.0,,,,,,,,,,,,,,,0.0391,SAFE,,10,,t608_0,0.39,NORMAL,LOCAL,SAFE: all tasks permitted (weight=0.39),
1771436121.777,0.0,51.63,4.8534,0.821,15.8,1,,,0.01690,0.0000,0.0000,0.0000,0.0000,0.1690,0.1257,0.0420,SAFE,False,10,0,,,,,,
1771436121.777,0.0,52.00,4.8421,0.809,14.9,1,,,0.01646,0.0000,0.0000,0.0358,0.0000,0.1646,0.1194,0.0450,SAFE,False,10,0,,,,,,
1771436121.777,0.0,51.27,4.8591,0.797,14.1,1,,,0.01535,0.0000,0.0000,0.0000,0.0000,0.1535,0.1135,0.0381,SAFE,False,10,0,,,,,,
1771436121.777,0.0,51.84,4.8906,0.786,13.3,1,,,0.01913,0.0000,0.0000,0.0000,0.0000,0.1913,0.1081,0.0407,SAFE,False,10,0,,,,,,
1771436121.777,0.0,51.46,4.8663,0.776,12.6,1,,,0.01940,0.0000,0.0000,0.0000,0.0000,0.1940,0.1031,0.0400,SAFE,False,10,0,,,,,,
1771436121.777,0.0,51.52,4.8592,0.767,11.9,1,,,0.01886,0.0000,0.0000,0.0000,0.0000,0.1886,0.0984,0.0385,SAFE,False,10,0,,,,,,window_reset|B=10
1771436121.777,0.0,,,,,,,,,,,,,,,0.0385,SAFE,,10,,t614_0,0.60,CRITICAL,LOCAL,SAFE: all tasks permitted (weight=0.60),
1771436121.777,0.0,51.02,4.8618,0.818,15.6,1,,,0.01728,0.0000,0.0000,0.0000,0.0000,0.1728,0.1239,0.0421,SAFE,False,10,0,,,,,,
1771436121.777,0.0,50.72,4.8614,0.806,14.7,1,,,0.01516,0.0000,0.0000,0.0000,0.0000,0.1516,0.1178,0.0387,SAFE,False,10,0,,,,,,
1771436121.777,0.0,50.85,4.8352,0.794,13.9,1,,,0.01360,0.0000,0.0000,0.0671,0.0000,0.1360,0.1121,0.0447,SAFE,False,10,0,,,,,,
1771436121.777,0.0,50.83,4.8552,0.783,13.1,1,,,0.01326,0.0000,0.0000,0.0000,0.0000,0.1326,0.1067,0.0346,SAFE,False,10,0,,,,,,
1771436121.777,0.0,51.19,4.8511,0.774,12.4,1,,,0.01295,0.0000,0.0000,0.0000,0.0000,0.1295,0.1018,0.0333,SAFE,False,10,0,,,,,,
1771436121.777,0.0,51.03,4.8816,0.764,11.7,1,,,0.01451,0.0000,0.0000,0.0000,0.0000,0.1451,0.0972,0.0339,SAFE,False,10,0,,,,,,
1771436121.777,0.0,50.71,4.8833,0.756,11.1,1,,,0.01572,0.0000,0.0000,0.0000,0.0000,0.1572,0.0929,0.0343,SAFE,False,10,0,,,,,,
1771436121.777,0.0,50.40,4.8862,0.748,10.6,0,,,0.01574,0.0000,0.0000,0.0000,0.0000,0.1574,0.0739,0.0305,SAFE,False,10,0,,,,,,
1771436121.777,0.0,50.53,4.8746,0.740,10.0,0,,,0.01576,0.0000,0.0000,0.0000,0.0000,0.1576,0.0702,0.0298,SAFE,False,10,0,,,,,,
1771436121.777,0.0,,,,,,,,,,,,,,,0.0298,SAFE,,10,,t623_0,0.63,CRITICAL,LOCAL,SAFE: all tasks permitted (weight=0.63),
1771436121.777,0.0,50.70,4.8626,0.797,14.1,1,,,0.01411,0.0000,0.0000,0.0000,0.0000,0.1411,0.1137,0.0368,SAFE,False,10,0,,,,,,
1771436121.777,0.0,,,,,,,,,,,,,,,0.0368,SAFE,,10,,t624_0,0.71,LOW,LOCAL,SAFE: all tasks permitted (weight=0.71),
1771436121.777,0.0,50.47,4.8461,0.858,18.4,1,,,0.01502,0.0000,0.0000,0.0177,0.0000,0.1502,0.1439,0.0461,SAFE,False,10,0,,,,,,
1771436121.778,0.0,50.09,4.8577,0.843,17.3,1,-40622.006,2.26160,0.01506,0.0000,0.0000,0.0000,0.0000,0.1506,0.1363,0.0423,SAFE,False,10,0,,,,,,
1771436121.778,0.0,50.33,4.8386,0.829,16.3,1,-46947.062,-11.38865,0.01651,0.0000,0.0000,0.0518,0.0000,0.1651,0.1293,0.0491,SAFE,False,10,0,,,,,,
1771436121.778,0.0,,,,,,,,,,,,,,,0.0491,SAFE,,10,,t627_0,0.85,NORMAL,LOCAL,SAFE: all tasks permitted (weight=0.85),
1771436121.778,0.0,50.77,4.8227,0.901,21.5,2,-14095.016,-53.62033,0.01963,0.0000,0.0000,0.1240,0.0000,0.1963,0.1806,0.0719,SAFE,False,10,0,,,,,,
1771436121.778,0.0,,,,,,,,,,,,,,,0.0719,SAFE,,10,,t628_0,0.80,LOW,LOCAL,SAFE: all tasks permitted (weight=0.80),
1771436121.778,0.0,50.83,4.8204,0.964,26.0,2,7043.364,-57.25681,0.02140,0.0000,0.0000,0.1344,0.0000,0.2140,0.2120,0.0813,SAFE,False,10,0,,,,,,window_reset|B=10
1771436121.778,0.0,51.00,4.7937,0.941,24.4,2,32849.740,-84.31464,0.02760,0.0000,0.0000,0.2558,0.0000,0.2760,0.2007,0.1010,SAFE,False,10,0,,,,,,
1771436121.778,0.0,50.85,4.8174,0.920,22.9,2,17492.464,-52.13609,0.02917,0.0000,0.0000,0.1481,0.0000,0.2917,0.1902,0.0865,SAFE,False,10,0,,,,,,
1771436121.778,0.0,51.19,4.8193,0.901,21.5,2,27261.556,-39.46013,0.02840,0.0000,0.0000,0.1394,0.0000,0.2840,0.1805,0.0826,SAFE,False,10,0,,,,,,
1771436121.778,0.0,51.41,4.8013,0.883,20.2,2,51372.904,-40.87188,0.02789,0.0000,0.0000,0.2215,0.0000,0.2789,0.1714,0.0910,SAFE,False,10,0,,,,,,
1771436121.778,0.0,,,,,,,,,,,,,,,0.0910,SAFE,,10,,t633_0,0.78,NORMAL,LOCAL,SAFE: all tasks permitted (weight=0.78),
1771436121.778,0.0,,,,,,,,,,,,,,,0.0910,SAFE,,10,,t633_1,0.37,LOW,LOCAL,SAFE: all tasks permitted (weight=0.37),
1771436121.778,0.0,51.22,4.8147,0.982,27.3,3,,,0.02405,0.0000,0.0000,0.1605,0.0000,0.2405,0.2359,0.0921,SAFE,False,10,0,,,,,,
1771436121.778,0.0,,,,,,,,,,,,,,,0.0921,SAFE,,10,,t634_0,0.28,CRITICAL,LOCAL,SAFE: all tasks permitted (weight=0.28),
1771436121.778,0.0,51.82,4.8016,0.987,27.6,3,,,0.02126,0.0000,0.0000,0.2200,0.0000,0.2126,0.2384,0.0975,SAFE,False,10,0,,,,,,
1771436121.778,0.0,,,,,,,,,,,,,,,0.0975,SAFE,,10,,t635_0,0.72,LOW,LOCAL,SAFE: all tasks permitted (weight=0.72),
1771436121.778,0.0,51.87,4.7887,1.035,31.1,3,,,0.02005,0.0000,0.0000,0.2785,0.0000,0.2005,0.2627,0.1088,SAFE,False,10,0,,,,,,
1771436121.778,0.0,52.37,4.8174,1.008,29.1,3,,,0.01824,0.0000,0.0000,0.1482,0.0000,0.1824,0.2490,0.0873,SAFE,False,10,0,,,,,,
1771436121.779,0.0,52.89,4.8287,0.982,27.3,3,207117.063,63.98971,0.01401,0.0000,0.0000,0.0969,0.0000,0.1401,0.2362,0.0738,SAFE,False,10,0,,,,,,
1771436121.779,0.0,,,,,,,,,,,,,,,0.0738,SAFE,,10,,t638_0,0.41,HIGH,LOCAL,SAFE: all tasks permitted (weight=0.41),
1771436121.779,0.0,52.49,4.7984,1.000,28.6,3,180321.080,-34.83214,0.01237,0.0000,0.0000,0.2347,0.0000,0.1237,0.2449,0.0919,SAFE,False,10,0,,,,,,
1771436121.779,0.0,52.92,4.8057,0.975,26.8,2,189306.075,-24.90424,0.01184,0.0000,0.0000,0.2012,0.0000,0.1184,0.2174,0.0815,SAFE,False,10,0,,,,,,
1771436121.779,0.0,52.88,4.8219,0.952,25.1,2,161410.511,37.77201,0.01196,0.0000,0.0000,0.1277,0.0000,0.1196,0.2058,0.0697,SAFE,False,10,0,,,,,,
1771436121.779,0.0,53.10,4.8405,0.930,23.6,2,206754.213,47.19804,0.01380,0.0000,0.0000,0.0433,0.0000,0.1380,0.1949,0.0584,SAFE,False,10,0,,,,,,
1771436121.779,0.0,,,,,,,,,,,,,,,0.0584,SAFE,,10,,t642_0,0.55,NORMAL,LOCAL,SAFE: all tasks permitted (weight=0.55),
1771436121.779,0.0,53.64,4.8083,0.966,26.1,2,199385.334,12.31382,0.01379,0.0000,0.0000,0.1895,0.0000,0.1379,0.2128,0.0810,SAFE,False,10,0,,,,,,
1771436121.779,0.0,54.74,4.8389,0.943,24.5,2,315386.233,91.85254,0.01558,0.0000,0.0000,0.0504,0.0000,0.1558,0.2014,0.0624,SAFE,False,10,0,,,,,,window_reset|B=10
1771436121.779,0.0,54.59,4.8406,0.922,23.0,2,243288.929,42.43173,0.01668,0.0000,0.0000,0.0428,0.0000,0.1668,0.1909,0.0604,SAFE,False,10,0,,,,,,
1771436121.779,0.0,53.59,4.8452,0.902,21.6,2,,,0.01836,0.0000,0.0000,0.0219,0.0000,0.1836,0.1811,0.0574,SAFE,False,10,0,,,,,,
1771436121.779,0.0,,,,,,,,,,,,,,,0.0574,SAFE,,10,,t646_0,0.64,HIGH,LOCAL,SAFE: all tasks permitted (weight=0.64),
1771436121.779,0.0,54.59,4.8123,0.949,24.9,2,,,0.01771,0.0000,0.0000,0.1713,0.0000,0.1771,0.2046,0.0809,SAFE,False,10,0,,,,,,
1771436121.779,0.0,54.56,4.8207,0.928,23.4,2,,,0.01490,0.0000,0.0000,0.1330,0.0000,0.1490,0.1939,0.0710,SAFE,False,10,0,,,,,,
1771436121.779,0.0,54.57,4.8184,0.908,22.0,2,,,0.01487,0.0000,0.0000,0.1434,0.0000,0.1487,0.1839,0.0703,SAFE,False,10,0,,,,,,
1771436121.779,0.0,54.16,4.8154,0.889,20.7,2,,,0.01492,0.0000,0.0000,0.1575,0.0000,0.1492,0.1746,0.0703,SAFE,False,10,0,,,,,,
1771436121.779,0.0,54.25,4.8464,0.872,19.4,2,,,0.01443,0.0000,0.0000,0.0164,0.0000,0.1443,0.1659,0.0497,SAFE,False,10,0,,,,,,
1771436121.779,0.0,,,,,,,,,,,,,,,0.0497,SAFE,,10,,t651_0,0.50,HIGH,LOCAL,SAFE: all tasks permitted (weight=0.50),
1771436121.779,0.0,53.95,4.8235,0.906,21.9,2,,,0.01310,0.0000,0.0000,0.1205,0.0000,0.1310,0.1832,0.0654,SAFE,False,10,0,,,,,,
1771436121.779,0.0,54.51,4.8335,0.888,20.6,2,,,0.01307,0.0000,0.0000,0.0749,0.0000,0.1307,0.1739,0.0576,SAFE,False,10,0,,,,,,
1771436121.779,0.0,,,,,,,,,,,,,,,0.0576,SAFE,,10,,t653_0,0.32,NORMAL,LOCAL,SAFE: all tasks permitted (weight=0.32),
1771436121.779,0.0,54.33,4.8104,0.903,21.7,2,,,0.01344,0.0000,0.0000,0.1801,0.0000,0.1344,0.1816,0.0732,SAFE,False,10,0,,,,,,
1771436121.779,0.0,,,,,,,,,,,,,,,0.0732,SAFE,,10,,t654_0,0.26,HIGH,LOCAL,SAFE: all tasks permitted (weight=0.26),
1771436121.779,0.0,54.67,4.8149,0.911,22.2,2,,,0.01283,0.0000,0.0000,0.1597,0.0000,0.1283,0.1856,0.0707,SAFE,False,10,0,,,,,,
1771436121.779,0.0,,,,,,,,,,,,,,,0.0707,SAFE,,10,,t655_0,0.40,HIGH,LOCAL,SAFE: all tasks permitted (weight=0.40),
1771436121.779,0.0,54.56,4.8605,0.933,23.8,2,,,0.01562,0.0000,0.0000,0.0000,0.0000,0.1562,0.1963,0.0549,SAFE,False,10,0,,,,,,
1771436121.779,0.0,55.15,4.8471,0.912,22.3,2,,,0.01614,0.0000,0.0000,0.0130,0.0000,0.1614,0.1861,0.0551,SAFE,False,10,0,,,,,,
1771436121.779,0.0,,,,,,,,,,,,,,,0.0551,SAFE,,10,,t657_0,0.46,NORMAL,LOCAL,SAFE: all tasks permitted (weight=0.46),
1771436121.779,0.0,54.90,4.7822,0.940,24.3,2,,,0.01984,0.0000,0.0000,0.3080,0.0000,0.1984,0.2002,0.0999,SAFE,False,10,0,,,,,,
1771436121.779,0.0,,,,,,,,,,,,,,,0.0999,SAFE,,10,,t658_0,0.55,HIGH,LOCAL,SAFE: all tasks permitted (weight=0.55),
1771436121.779,0.0,55.05,4.8149,0.975,26.8,2,78092.091,-51.59879,0.01973,0.0000,0.0000,0.1593,0.0000,0.1973,0.2177,0.0840,SAFE,False,10,0,,,,,,window_reset|B=10
1771436121.779,0.0,,,,,,,,,,,,,,,0.0840,SAFE,,10,,t659_0,0.39,CRITICAL,LOCAL,SAFE: all tasks permitted (weight=0.39),
1771436121.779,0.0,54.82,4.7861,0.992,28.0,3,85889.896,-61.36587,0.02236,0.0000,0.0000,0.2905,0.0000,0.2236,0.2410,0.1083,SAFE,False,10,0,,,,,,
1771436121.779,0.0,,,,,,,,,,,,,,,0.1083,SAFE,,10,,t660_0,0.39,NORMAL,LOCAL,SAFE: all tasks permitted (weight=0.39),
1771436121.779,0.0,55.40,4.7785,1.008,29.1,3,86939.518,-90.19011,0.02528,0.0000,0.0000,0.3248,0.0000,0.2528,0.2489,0.1173,SAFE,False,10,0,,,,,,
1771436121.779,0.0,,,,,,,,,,,,,,,0.1173,SAFE,,10,,t661_0,0.66,CRITICAL,LOCAL,SAFE: all tasks permitted (weight=0.66),
1771436121.779,0.0,55.82,4.8227,1.050,32.1,3,146723.063,20.18680,0.02531,0.0000,0.0000,0.1242,0.0000,0.2531,0.2700,0.0955,SAFE,False,10,0,,,,,,
1771436121.779,0.0,55.68,4.7937,1.022,30.1,3,99071.919,-34.72800,0.02463,0.0000,0.0000,0.2559,0.0000,0.2463,0.2558,0.1091,SAFE,False,10,0,,,,,,
1771436121.779,0.0,56.07,4.7853,0.995,28.2,3,148843.639,-123.30821,0.02564,0.0000,0.0000,0.2940,0.0000,0.2564,0.2425,0.1124,SAFE,False,10,0,,,,,,
1771436121.779,0.0,56.10,4.7945,0.970,26.4,2,94142.728,-86.36607,0.02503,0.0000,0.0000,0.2523,0.0000,0.2503,0.2151,0.1008,SAFE,False,10,0,,,,,,
1771436121.779,0.0,,,,,,,,,,,,,,,0.1008,SAFE,,10,,t665_0,0.26,NORMAL,LOCAL,SAFE: all tasks permitted (weight=0.26),
1771436121.779,0.0,,,,,,,,,,,,,,,0.1008,SAFE,,10,,t665_1,0.83,NORMAL,LOCAL,SAFE: all tasks permitted (weight=0.83),
1771436121.779,0.0,56.78,4.8052,1.058,32.7,3,184237.452,37.59519,0.02502,0.0000,0.0000,0.2038,0.0000,0.2502,0.2742,0.1063,SAFE,False,10,0,,,,,,
1771436121.779,0.0,56.69,4.7979,1.029,30.7,3,,,0.02502,0.0000,0.0000,0.2368,0.0000,0.2502,0.2596,0.1077,SAFE,False,10,0,,,,,,
1771436121.780,0.0,,,,,,,,,,,,,,,0.1077,SAFE,,10,,t667_0,0.60,NORMAL,LOCAL,SAFE: all tasks permitted (weight=0.60),
1771436121.780,0.0,,,,,,,,,,,,,,,0.1077,SAFE,,10,,t667_1,0.67,LOW,LOCAL,SAFE: all tasks permitted (weight=0.67),
1771436121.780,0.0,57.59,4.7297,1.132,38.0,4,511987.374,-173.36038,0.02718,0.0000,0.0000,0.5468,0.0000,0.2718,0.3261,0.1635,SAFE,False,10,0,,,,,,
1771436121.780,0.0,,,,,,,,,,,,,,,0.1635,SAFE,,10,,t668_0,0.38,LOW,LOCAL,SAFE: all tasks permitted (weight=0.38),
1771436121.780,0.0,57.19,4.7692,1.137,38.3,4,330320.256,-28.82939,0.02288,0.0000,0.0000,0.3674,0.0000,0.2288,0.3284,0.1363,SAFE,False,10,0,,,,,,
1771436121.780,0.0,,,,,,,,,,,,,,,0.1363,SAFE,,10,,t669_0,0.81,NORMAL,LOCAL,SAFE: all tasks permitted (weight=0.81),
1771436121.780,0.0,58.38,4.7332,1.186,41.8,4,473182.376,-275.10411,0.02751,0.0000,0.0000,0.5308,0.0000,0.2751,0.3528,0.1671,SAFE,False,10,0,,,,,,
1771436121.780,0.0,58.22,4.7751,1.147,39.1,4,470148.741,-57.08304,0.02596,0.0000,0.0000,0.3403,0.0000,0.2596,0.3337,0.1370,SAFE,False,10,0,,,,,,
1771436121.780,0.0,58.31,4.7905,1.112,36.6,4,414181.137,15.84798,0.02606,0.0000,0.0000,0.2705,0.0000,0.2606,0.3160,0.1244,SAFE,False,10,0,,,,,,
1771436121.780,0.0,59.07,4.7629,1.079,34.2,3,547934.262,-97.19300,0.02656,0.0000,0.0000,0.3960,0.0000,0.2656,0.2846,0.1350,SAFE,False,10,0,,,,,,
1771436121.780,0.0,59.35,4.7447,1.049,32.0,3,474403.607,-185.84098,0.02479,0.0000,0.0000,0.4785,0.0000,0.2479,0.2693,0.1409,SAFE,False,10,0,,,,,,window_reset|B=10
1771436121.780,0.0,59.64,4.7882,1.020,30.0,3,543672.460,-29.77245,0.02447,0.0000,0.0000,0.2808,0.0000,0.2447,0.2551,0.1120,SAFE,False,10,0,,,,,,
1771436121.780,0.0,59.36,4.8141,0.994,28.1,3,,,0.02684,0.0000,0.0000,0.1634,0.0000,0.2684,0.2418,0.0964,SAFE,False,10,0,,,,,,
1771436121.780,0.0,59.91,4.7930,0.969,26.4,2,,,0.02676,0.0000,0.0000,0.2591,0.0000,0.2676,0.2145,0.1033,SAFE,False,10,0,,,,,,
1771436121.780,0.0,59.38,4.8044,0.946,24.7,2,,,0.02669,0.0000,0.0000,0.2071,0.0000,0.2669,0.2031,0.0942,SAFE,False,10,0,,,,,,
1771436121.780,0.0,,,,,,,,,,,,,,,0.0942,SAFE,,10,,t678_0,0.63,HIGH,LOCAL,SAFE: all tasks permitted (weight=0.63),
1771436121.780,0.0,59.30,4.7810,0.990,27.8,3,,,0.02589,0.0000,0.0000,0.3138,0.0000,0.2589,0.2399,0.1147,SAFE,False,10,0,,,,,,
1771436121.780,0.0,59.72,4.8379,0.965,26.1,2,,,0.02773,0.0000,0.0000,0.0549,0.0000,0.2773,0.2127,0.0774,SAFE,False,10,0,,,,,,
1771436121.780,0.0,59.21,4.8103,0.943,24.5,2,,,0.02836,0.0000,0.0000,0.1805,0.0000,0.2836,0.2014,0.0921,SAFE,False,10,0,,,,,,
1771436121.780,0.0,59.12,4.8606,0.922,23.0,2,,,0.03030,0.0000,0.0000,0.0000,0.0000,0.3030,0.1909,0.0685,SAFE,False,10,0,,,,,,
1771436121.780,0.0,60.13,4.8133,0.902,21.6,2,,,0.02985,0.0000,0.0000,0.1667,0.0000,0.2985,0.1811,0.0877,SAFE,False,10,0,,,,,,
1771436121.780,0.0,59.67,4.8344,0.884,20.3,2,,,0.03111,0.0000,0.0000,0.0710,0.0000,0.3111,0.1720,0.0747,SAFE,False,10,0,,,,,,
1771436121.780,0.0,,,,,,,,,,,,,,,0.0747,SAFE,,10,,t684_0,0.61,CRITICAL,LOCAL,SAFE: all tasks permitted (weight=0.61),
1771436121.780,0.0,59.14,4.8141,0.930,23.6,2,,,0.02862,0.0000,0.0000,0.1632,0.0000,0.2862,0.1950,0.0888,SAFE,False,10,0,,,,,,
1771436121.780,0.0,58.76,4.8174,0.910,22.1,2,,,0.02136,0.0000,0.0000,0.1483,0.0000,0.2136,0.1849,0.0776,SAFE,False,10,0,,,,,,
1771436121.780,0.0,,,,,,,,,,,,,,,0.0776,SAFE,,10,,t686_0,0.57,HIGH,LOCAL,SAFE: all tasks permitted (weight=0.57),
1771436121.780,0.0,58.99,4.8118,0.949,24.9,2,,,0.01993,0.0000,0.0000,0.1738,0.0000,0.1993,0.2046,0.0835,SAFE,False,10,0,,,,,,
1771436121.780,0.0,58.90,4.8199,0.928,23.4,2,,,0.01995,0.0000,0.0000,0.1370,0.0000,0.1995,0.1939,0.0765,SAFE,False,10,0,,,,,,
1771436121.780,0.0,59.53,4.8253,0.908,22.0,2,,,0.01874,0.0000,0.0000,0.1123,0.0000,0.1874,0.1839,0.0701,SAFE,False,10,0,,,,,,window_reset|B=10
1771436121.780,0.0,,,,,,,,,,,,,,,0.0701,SAFE,,10,,t689_0,0.53,LOW,LOCAL,SAFE: all tasks permitted (weight=0.53),
1771436121.780,0.0,59.45,4.8084,0.944,24.5,2,,,0.01851,0.0000,0.0000,0.1891,0.0000,0.1851,0.2018,0.0834,SAFE,False,10,0,,,,,,
1771436121.780,0.0,,,,,,,,,,,,,,,0.0834,SAFE,,10,,t690_0,0.51,LOW,LOCAL,SAFE: all tasks permitted (weight=0.51),
1771436121.780,0.0,59.07,4.8026,0.975,26.8,2,,,0.01547,0.0000,0.0000,0.2154,0.0000,0.1547,0.2175,0.0870,SAFE,False,10,0,,,,,,
1771436121.780,0.0,,,,,,,,,,,,,,,0.0870,SAFE,,10,,t691_0,0.34,CRITICAL,LOCAL,SAFE: all tasks permitted (weight=0.34),
1771436121.780,0.0,,,,,,,,,,,,,,,0.0870,SAFE,,10,,t691_1,0.58,HIGH,LOCAL,SAFE: all tasks permitted (weight=0.58),
1771436121.780,0.0,59.40,4.8314,1.046,31.9,3,,,0.01498,0.0000,0.0000,0.0846,0.0000,0.1498,0.2681,0.0796,SAFE,False,10,0,,,,,,
1771436121.780,0.0,59.43,4.8006,1.018,29.9,3,,,0.01576,0.0000,0.0000,0.2243,0.0000,0.1576,0.2540,0.0957,SAFE,False,10,0,,,,,,
1771436121.780,0.0,59.25,4.8263,0.992,28.0,3,,,0.01029,0.0000,0.0000,0.1077,0.0000,0.1029,0.2408,0.0725,SAFE,False,10,0,,,,,,
1771436121.780,0.0,59.44,4.7876,0.967,26.2,2,,,0.01314,0.0000,0.0000,0.2835,0.0000,0.1314,0.2136,0.0927,SAFE,False,10,0,,,,,,
1771436121.780,0.0,60.03,4.7749,0.944,24.6,2,87255.233,-57.56493,0.01583,0.0000,0.0000,0.3414,0.0000,0.1583,0.2022,0.1006,SAFE,False,10,0,,,,,,
1771436121.780,0.0,,,,,,,,,,,,,,,0.1006,SAFE,,10,,t696_0,0.40,LOW,LOCAL,SAFE: all tasks permitted (weight=0.40),
1771436121.780,0.0,59.54,4.8107,0.964,26.0,2,1094.692,-18.70216,0.01578,0.0000,0.0000,0.1787,0.0000,0.1578,0.2122,0.0814,SAFE,False,10,0,,,,,,
1771436121.780,0.0,59.95,4.8418,0.942,24.4,2,38435.065,42.76073,0.01805,0.0000,0.0000,0.0372,0.0000,0.1805,0.2009,0.0631,SAFE,False,10,0,,,,,,
1771436121.780,0.0,60.00,4.8134,0.921,22.9,2,71535.571,13.80569,0.01806,0.0000,0.0000,0.1664,0.0000,0.1806,0.1904,0.0778,SAFE,False,10,0,,,,,,
1771436121.780,0.0,,,,,,,,,,,,,,,0.0778,SAFE,,10,,t699_0,0.67,LOW,LOCAL,SAFE: all tasks permitted (weight=0.67),
1771436121.780,0.0,59.79,4.8107,0.970,26.5,2,30042.094,-26.52441,0.01790,0.0000,0.0000,0.1787,0.0000,0.1790,0.2152,0.0842,SAFE,False,10,0,,,,,,
1771436121.780,0.0,,,,,,,,,,,,,,,0.0842,SAFE,,10,,t700_0,0.79,HIGH,LOCAL,SAFE: all tasks permitted (weight=0.79),
1771436121.780,0.0,60.28,4.7820,1.029,30.7,3,65515.180,-23.88343,0.01901,0.0000,0.0000,0.3091,0.0000,0.1901,0.2597,0.1111,SAFE,False,10,0,,,,,,
1771436121.780,0.0,,,,,,,,,,,,,,,0.1111,SAFE,,10,,t701_0,0.64,CRITICAL,LOCAL,SAFE: all tasks permitted (weight=0.64),
1771436121.780,0.0,59.58,4.7992,1.069,33.5,3,25410.140,-34.68440,0.01915,0.0000,0.0000,0.2308,0.0000,0.1915,0.2793,0.1050,SAFE,False,10,0,,,,,,
1771436121.780,0.0,60.21,4.7860,1.039,31.3,3,59015.020,-2.01566,0.01997,0.0000,0.0000,0.2907,0.0000,0.1997,0.2644,0.1106,SAFE,False,10,0,,,,,,
1771436121.780,0.0,60.03,4.8150,1.011,29.4,3,,,0.01867,0.0000,0.0000,0.1589,0.0000,0.1867,0.2505,0.0894,SAFE,False,10,0,,,,,,window_reset|B=10
1771436121.780,0.0,,,,,,,,,,,,,,,0.0894,SAFE,,10,,t704_0,0.58,HIGH,LOCAL,SAFE: all tasks permitted (weight=0.58),
1771436121.780,0.0,60.22,4.7722,1.045,31.8,3,,,0.02064,0.0000,0.0000,0.3535,0.0000,0.2064,0.2675,0.1201,SAFE,False,10,0,,,,,,
1771436121.780,0.0,60.96,4.7955,1.017,29.8,3,,,0.01929,0.0000,0.0000,0.2475,0.0000,0.1929,0.2534,0.1021,SAFE,False,10,0,,,,,,
1771436121.780,0.0,60.40,4.8000,0.991,27.9,3,,,0.01898,0.0000,0.0000,0.2272,0.0000,0.1898,0.2403,0.0966,SAFE,False,10,0,,,,,,
1771436121.780,0.0,61.19,4.8135,0.966,26.2,2,,,0.01765,0.0000,0.0000,0.1659,0.0000,0.1765,0.2131,0.0818,SAFE,False,10,0,,,,,,
1771436121.780,0.0,,,,,,,,,,,,,,,0.0818,SAFE,,10,,t708_0,0.67,LOW,LOCAL,SAFE: all tasks permitted (weight=0.67),
1771436121.780,0.0,60.96,4.7578,1.013,29.5,3,,,0.02146,0.0000,0.0000,0.4190,0.0000,0.2146,0.2516,0.1262,SAFE,False,10,0,,,,,,
1771436121.780,0.0,,,,,,,,,,,,,,,0.1262,SAFE,,10,,t709_0,0.21,HIGH,LOCAL,SAFE: all tasks permitted (weight=0.21),
1771436121.780,0.0,60.96,4.8026,1.009,29.2,3,,,0.01725,0.0000,0.0000,0.2155,0.0000,0.1725,0.2495,0.0952,SAFE,False,10,0,,,,,,
1771436121.780,0.0,,,,,,,,,,,,,,,0.0952,SAFE,,10,,t710_0,0.75,NORMAL,LOCAL,SAFE: all tasks permitted (weight=0.75),
1771436121.780,0.0,60.45,4.7761,1.061,32.9,3,,,0.01714,0.0000,0.0000,0.3359,0.0000,0.1714,0.2755,0.1159,SAFE,False,10,0,,,,,,
1771436121.780,0.0,,,,,,,,,,,,,,,0.1159,SAFE,,10,,t711_0,0.84,NORMAL,LOCAL,SAFE: all tasks permitted (weight=0.84),
1771436121.780,0.0,,,,,,,,,,,,,,,0.1159,SAFE,,10,,t711_1,0.74,HIGH,LOCAL,SAFE: all tasks permitted (weight=0.74),
1771436121.780,0.0,61.16,4.7546,1.196,42.6,4,,,0.01910,0.0000,0.0000,0.4337,0.0000,0.1910,0.3580,0.1471,SAFE,False,10,0,,,,,,
1771436121.780,0.0,,,,,,,,,,,,,,,0.1471,SAFE,,10,,t712_0,0.76,LOW,LOCAL,SAFE: all tasks permitted (weight=0.76),
1771436121.780,0.0,61.01,4.7026,1.236,45.4,5,,,0.03041,0.0000,0.0000,0.6702,0.0000,0.3041,0.3929,0.1961,SAFE,False,10,0,,,,,,
1771436121.780,0.0,,,,,,,,,,,,,,,0.1961,SAFE,,10,,t713_0,0.45,NORMAL,LOCAL,SAFE: all tasks permitted (weight=0.45),
1771436121.780,0.0,62.06,4.6873,1.241,45.8,5,,,0.03934,0.0000,0.0000,0.7397,0.0000,0.3934,0.3953,0.2146,SAFE,False,10,0,,,,,,
1771436121.780,0.0,62.99,4.7107,1.199,42.8,4,,,0.04247,0.0000,0.0000,0.6331,0.0000,0.4247,0.3594,0.1967,SAFE,False,10,0,,,,,,
1771436121.780,0.0,62.69,4.7698,1.160,40.0,4,,,0.03985,0.0000,0.0000,0.3645,0.0000,0.3985,0.3399,0.1552,SAFE,False,10,0,,,,,,
1771436121.780,0.0,,,,,,,,,,,,,,,0.1552,SAFE,,10,,t716_0,0.82,LOW,LOCAL,SAFE: all tasks permitted (weight=0.82),
1771436121.780,0.0,63.52,4.7388,1.209,43.5,5,,,0.04020,0.0000,0.0000,0.5056,0.0000,0.4020,0.3794,0.1818,SAFE,False,10,0,,,,,,
1771436121.780,0.0,63.15,4.7642,1.169,40.7,4,,,0.03874,0.0000,0.0000,0.3901,0.0000,0.3874,0.3446,0.1584,SAFE,False,10,0,,,,,,
1771436121.780,0.0,63.94,4.7532,1.132,38.0,4,,,0.03645,0.0000,0.0000,0.4401,0.0000,0.3645,0.3261,0.1589,SAFE,False,10,0,,,,,,window_reset|B=10
1771436121.780,0.0,64.22,4.7740,1.098,35.6,4,,,0.03235,0.0000,0.0000,0.3455,0.0000,0.3235,0.3089,0.1391,SAFE,False,10,0,,,,,,
1771436121.780,0.0,,,,,,,,,,,,,,,0.1391,SAFE,,10,,t720_0,0.28,NORMAL,LOCAL,SAFE: all tasks permitted (weight=0.28),
1771436121.780,0.0,,,,,,,,,,,,,,,0.1391,SAFE,,10,,t720_1,0.22,NORMAL,LOCAL,SAFE: all tasks permitted (weight=0.22),
1771436121.780,0.0,64.47,4.7496,1.118,37.0,4,,,0.03225,0.0000,0.0000,0.4564,0.0000,0.3225,0.3191,0.1554,SAFE,False,10,0,,,,,,
1771436121.780,0.0,64.95,4.7946,1.085,34.6,3,,,0.03119,0.0000,0.0000,0.2520,0.0000,0.3119,0.2874,0.1214,SAFE,False,10,0,,,,,,
1771436121.780,0.0,,,,,,,,,,,,,,,0.1214,SAFE,,10,,t722_0,0.56,NORMAL,LOCAL,SAFE: all tasks permitted (weight=0.56),
1771436121.780,0.0,64.44,4.7648,1.112,36.6,4,,,0.03049,0.0000,0.0000,0.3874,0.0000,0.3049,0.3162,0.1441,SAFE,False,10,0,,,,,,
1771436121.780,0.0,,,,,,,,,,,,,,,0.1441,SAFE,,10,,t723_0,0.70,NORMAL,LOCAL,SAFE: all tasks permitted (weight=0.70),
1771436121.780,0.0,64.45,4.8040,1.152,39.4,4,,,0.03433,0.0000,0.0000,0.2089,0.0000,0.3433,0.3359,0.1287,SAFE,False,10,0,,,,,,
1771436121.780,0.0,,,,,,,,,,,,,,,0.1287,SAFE,,10,,t724_0,0.49,CRITICAL,LOCAL,SAFE: all tasks permitted (weight=0.49),
1771436121.780,0.0,,,,,,,,,,,,,,,0.1287,SAFE,,10,,t724_1,0.45,NORMAL,LOCAL,SAFE: all tasks permitted (weight=0.45),
1771436121.780,0.0,65.10,4.7021,1.214,43.9,5,,,0.03438,0.0066,0.0000,0.6721,0.0000,0.3438,0.3820,0.1989,SAFE,False,10,0,,,,,,
1771436121.780,0.0,,,,,,,,,,,,,,,0.1989,SAFE,,10,,t725_0,0.36,HIGH,LOCAL,SAFE: all tasks permitted (weight=0.36),
1771436121.780,0.0,65.58,4.7422,1.211,43.6,5,,,0.02878,0.0384,0.0000,0.4902,0.0000,0.2878,0.3805,0.1732,SAFE,False,10,0,,,,,,
1771436121.780,0.0,65.82,4.7302,1.171,40.8,4,,,0.02667,0.0545,0.0000,0.5445,0.0000,0.2667,0.3456,0.1731,SAFE,False,10,0,,,,,,
1771436121.781,0.0,,,,,,,,,,,,,,,0.1731,SAFE,,10,,t727_0,0.68,NORMAL,LOCAL,SAFE: all tasks permitted (weight=0.68),
1771436121.781,0.0,65.72,4.7704,1.205,43.2,5,90092.631,-3.60084,0.02670,0.0481,0.0000,0.3619,0.0000,0.2670,0.3776,0.1550,SAFE,False,10,0,,,,,,
1771436121.781,0.0,66.68,4.7481,1.166,40.4,4,132263.937,-1.46437,0.02628,0.1117,0.0000,0.4630,0.0000,0.2628,0.3429,0.1685,SAFE,False,10,0,,,,,,
1771436121.781,0.0,66.45,4.7599,1.129,37.8,4,89974.775,-34.66365,0.02622,0.0968,0.0000,0.4095,0.0000,0.2622,0.3246,0.1560,SAFE,False,10,0,,,,,,
1771436121.781,0.0,,,,,,,,,,,,,,,0.1560,SAFE,,10,,t730_0,0.62,LOW,LOCAL,SAFE: all tasks permitted (weight=0.62),
1771436121.781,0.0,,,,,,,,,,,,,,,0.1560,SAFE,,10,,t730_1,0.64,LOW,LOCAL,SAFE: all tasks permitted (weight=0.64),
1771436121.781,0.0,66.82,4.7153,1.226,44.7,5,142523.897,-49.47325,0.02874,0.1213,0.0000,0.6123,0.0000,0.2874,0.3882,0.2005,SAFE,False,10,0,,,,,,
1771436121.781,0.0,,,,,,,,,,,,,,,0.2005,SAFE,,10,,t731_0,0.80,HIGH,LOCAL,SAFE: all tasks permitted (weight=0.80),
1771436121.781,0.0,67.35,4.7126,1.270,47.8,5,174020.876,-91.45395,0.03026,0.1568,0.0000,0.6246,0.0000,0.3026,0.4098,0.2122,SAFE,False,10,0,,,,,,
1771436121.781,0.0,67.60,4.7353,1.226,44.7,5,150140.456,33.13265,0.03051,0.1734,0.0000,0.5215,0.0000,0.3051,0.3878,0.1967,SAFE,False,10,0,,,,,,
1771436121.781,0.0,67.31,4.7456,1.185,41.8,4,104081.535,3.45108,0.02714,0.1540,0.0000,0.4745,0.0000,0.2714,0.3524,0.1778,SAFE,False,10,0,,,,,,window_reset|B=10
1771436121.781,0.0,67.33,4.7689,1.147,39.1,4,91000.729,38.73078,0.02742,0.1556,0.0000,0.3685,0.0000,0.2742,0.3334,0.1607,SAFE,False,10,0,,,,,,
1771436121.781,0.0,68.19,4.7811,1.111,36.5,4,,,0.02377,0.2130,0.0000,0.3130,0.0000,0.2377,0.3157,0.1532,SAFE,False,10,0,,,,,,
1771436121.781,0.0,67.84,4.7685,1.079,34.2,3,,,0.02129,0.1894,0.0000,0.3703,0.0000,0.2129,0.2843,0.1490,SAFE,False,10,0,,,,,,
1771436121.781,0.0,67.75,4.7587,1.048,32.0,3,,,0.02140,0.1831,0.0000,0.4150,0.0000,0.2140,0.2690,0.1511,SAFE,False,10,0,,,,,,
1771436121.781,0.0,,,,,,,,,,,,,,,0.1511,SAFE,,10,,t738_0,0.82,LOW,LOCAL,SAFE: all tasks permitted (weight=0.82),
1771436121.781,0.0,67.87,4.7770,1.105,36.1,4,,,0.02178,0.1912,0.0000,0.3316,0.0000,0.2178,0.3126,0.1504,SAFE,False,10,0,,,,,,
1771436121.781,0.0,67.85,4.7955,1.073,33.8,3,,,0.02436,0.1897,0.0000,0.2476,0.0000,0.2436,0.2814,0.1356,SAFE,False,10,0,,,,,,
1771436121.781,0.0,68.04,4.7965,1.043,31.6,3,,,0.02669,0.2030,0.0000,0.2431,0.0000,0.2669,0.2663,0.1359,SAFE,False,10,0,,,,,,
1771436121.781,0.0,67.55,4.7891,1.015,29.6,3,,,0.02792,0.1698,0.0000,0.2766,0.0000,0.2792,0.2523,0.1347,SAFE,False,10,0,,,,,,
1771436121.781,0.0,,,,,,,,,,,,,,,0.1347,SAFE,,10,,t742_0,0.70,LOW,LOCAL,SAFE: all tasks permitted (weight=0.70),
1771436121.781,0.0,,,,,,,,,,,,,,,0.1347,SAFE,,10,,t742_1,0.56,NORMAL,LOCAL,SAFE: all tasks permitted (weight=0.56),
1771436121.781,0.0,67.86,4.7715,1.120,37.2,4,,,0.02415,0.1906,0.0000,0.3566,0.0000,0.2415,0.3202,0.1574,SAFE,False,10,0,,,,,,
1771436121.781,0.0,67.85,4.7915,1.087,34.8,3,,,0.01862,0.1900,0.0000,0.2661,0.0000,0.1862,0.2885,0.1337,SAFE,False,10,0,,,,,,
1771436121.781,0.0,,,,,,,,,,,,,,,0.1337,SAFE,,10,,t744_0,0.28,CRITICAL,LOCAL,SAFE: all tasks permitted (weight=0.28),
1771436121.781,0.0,,,,,,,,,,,,,,,0.1337,SAFE,,10,,t744_1,0.63,NORMAL,LOCAL,SAFE: all tasks permitted (weight=0.63),
1771436121.781,0.0,68.04,4.7610,1.151,39.4,4,,,0.01531,0.2028,0.0000,0.4045,0.0000,0.1531,0.3357,0.1594,SAFE,False,10,0,,,,,,
1771436121.781,0.0,,,,,,,,,,,,,,,0.1594,SAFE,,10,,t745_0,0.33,NORMAL,LOCAL,SAFE: all tasks permitted (weight=0.33),
1771436121.781,0.0,,,,,,,,,,,,,,,0.1594,SAFE,,10,,t745_1,0.20,HIGH,LOCAL,SAFE: all tasks permitted (weight=0.20),
1771436121.781,0.0,69.01,4.7154,1.172,40.9,4,,,0.02132,0.2673,0.0000,0.6120,0.0000,0.2132,0.3461,0.2022,SAFE,False,10,0,,,,,,
1771436121.781,0.0,,,,,,,,,,,,,,,0.2022,SAFE,,10,,t746_0,0.43,NORMAL,LOCAL,SAFE: all tasks permitted (weight=0.43),
1771436121.781,0.0,68.66,4.7639,1.180,41.4,4,,,0.02144,0.2440,0.0000,0.3912,0.0000,0.2144,0.3499,0.1715,SAFE,False,10,0,,,,,,
1771436121.781,0.0,68.53,4.7806,1.142,38.7,4,,,0.02142,0.2355,0.0000,0.3155,0.0000,0.2142,0.3311,0.1569,SAFE,False,10,0,,,,,,
1771436121.781,0.0,,,,,,,,,,,,,,,0.1569,SAFE,,10,,t748_0,0.46,HIGH,LOCAL,SAFE: all tasks permitted (weight=0.46),
1771436121.781,0.0,68.50,4.7627,1.155,39.7,4,,,0.02157,0.2333,0.0000,0.3970,0.0000,0.2157,0.3377,0.1687,SAFE,False,10,0,,,,,,window_reset|B=10
1771436121.781,0.0,,,,,,,,,,,,,,,0.1687,SAFE,,10,,t749_0,0.40,NORMAL,LOCAL,SAFE: all tasks permitted (weight=0.40),
1771436121.781,0.0,69.14,4.7593,1.161,40.1,4,,,0.02154,0.2760,0.0000,0.4121,0.0000,0.2154,0.3406,0.1764,SAFE,False,10,0,,,,,,
1771436121.781,0.0,68.74,4.7429,1.125,37.5,4,,,0.02290,0.2493,0.0000,0.4868,0.0000,0.2290,0.3224,0.1806,SAFE,False,10,0,,,,,,
1771436121.781,0.0,69.25,4.7828,1.091,35.1,4,,,0.02193,0.2833,0.0000,0.3056,0.0000,0.2193,0.3055,0.1568,SAFE,False,10,0,,,,,,
1771436121.781,0.0,,,,,,,,,,,,,,,0.1568,SAFE,,10,,t752_0,0.21,NORMAL,LOCAL,SAFE: all tasks permitted (weight=0.21),
1771436121.781,0.0,68.85,4.7998,1.081,34.4,3,,,0.02230,0.2567,0.0000,0.2282,0.0000,0.2230,0.2857,0.1399,SAFE,False,10,0,,,,,,
1771436121.781,0.0,68.88,4.8004,1.051,32.2,3,,,0.02337,0.2588,0.0000,0.2252,0.0000,0.2337,0.2703,0.1378,SAFE,False,10,0,,,,,,
1771436121.781,0.0,69.43,4.7541,1.022,30.1,3,,,0.02372,0.2956,0.0000,0.4360,0.0000,0.2372,0.2560,0.1671,SAFE,False,10,0,,,,,,
1771436121.781,0.0,,,,,,,,,,,,,,,0.1671,SAFE,,10,,t755_0,0.48,LOW,LOCAL,SAFE: all tasks permitted (weight=0.48),
1771436121.781,0.0,,,,,,,,,,,,,,,0.1671,SAFE,,10,,t755_1,0.22,NORMAL,LOCAL,SAFE: all tasks permitted (weight=0.22),
1771436121.781,0.0,68.60,4.8219,1.069,33.5,3,,,0.02745,0.2398,0.0000,0.1276,0.0000,0.2745,0.2795,0.1287,SAFE,False,10,0,,,,,,
1771436121.781,0.0,68.54,4.8344,1.039,31.4,3,,,0.03241,0.2363,0.0000,0.0707,0.0000,0.3241,0.2646,0.1229,SAFE,False,10,0,,,,,,
1771436121.781,0.0,,,,,,,,,,,,,,,0.1229,SAFE,,10,,t757_0,0.50,HIGH,LOCAL,SAFE: all tasks permitted (weight=0.50),
1771436121.781,0.0,68.71,4.8109,1.064,33.2,3,,,0.02782,0.2475,0.0000,0.1777,0.0000,0.2782,0.2771,0.1360,SAFE,False,10,0,,,,,,
1771436121.782,0.0,,,,,,,,,,,,,,,0.1360,SAFE,,10,,t758_0,0.64,NORMAL,LOCAL,SAFE: all tasks permitted (weight=0.64),
1771436121.782,0.0,68.68,4.7631,1.102,35.9,4,-3406.234,20.18961,0.02787,0.2455,0.0000,0.3949,0.0000,0.2787,0.3112,0.1709,SAFE,False,10,0,,,,,,
1771436121.782,0.0,69.00,4.7607,1.070,33.6,3,-15210.896,-22.07382,0.02863,0.2664,0.0000,0.4061,0.0000,0.2863,0.2801,0.1694,SAFE,False,10,0,,,,,,
1771436121.782,0.0,68.45,4.7774,1.040,31.4,3,-24289.242,-22.36884,0.02805,0.2297,0.0000,0.3300,0.0000,0.2805,0.2651,0.1515,SAFE,False,10,0,,,,,,
1771436121.782,0.0,68.55,4.7744,1.012,29.5,3,-19728.598,-25.98606,0.02725,0.2369,0.0000,0.3435,0.0000,0.2725,0.2512,0.1506,SAFE,False,10,0,,,,,,
1771436121.782,0.0,,,,,,,,,,,,,,,0.1506,SAFE,,10,,t762_0,0.80,NORMAL,LOCAL,SAFE: all tasks permitted (weight=0.80),
1771436121.782,0.0,68.25,4.7860,1.071,33.6,3,-70875.194,31.88143,0.02409,0.2168,0.0000,0.2909,0.0000,0.2409,0.2805,0.1440,SAFE,False,10,0,,,,,,
1771436121.782,0.0,68.54,4.8162,1.041,31.5,3,-3519.958,-5.72894,0.02513,0.2358,0.0000,0.1537,0.0000,0.2513,0.2655,0.1265,SAFE,False,10,0,,,,,,window_reset|B=10
1771436121.782,0.0,68.64,4.7780,1.013,29.5,3,5974.576,-56.35897,0.02526,0.2429,0.0000,0.3272,0.0000,0.2526,0.2515,0.1473,SAFE,False,10,0,,,,,,
1771436121.782,0.0,68.27,4.7933,0.987,27.6,3,-26802.773,-17.60821,0.02509,0.2177,0.0000,0.2578,0.0000,0.2509,0.2385,0.1324,SAFE,False,10,0,,,,,,
1771436121.782,0.0,68.12,4.7800,0.963,25.9,2,,,0.02300,0.2080,0.0000,0.3182,0.0000,0.2300,0.2115,0.1316,SAFE,False,10,0,,,,,,
1771436121.782,0.0,68.36,4.8160,0.940,24.3,2,,,0.02240,0.2242,0.0000,0.1545,0.0000,0.2240,0.2002,0.1094,SAFE,False,10,0,,,,,,
1771436121.782,0.0,67.10,4.8224,0.920,22.8,2,,,0.02062,0.1401,0.0000,0.1256,0.0000,0.2062,0.1898,0.0917,SAFE,False,10,0,,,,,,
1771436121.782,0.0,66.99,4.8218,0.900,21.4,2,,,0.02173,0.1329,0.0000,0.1284,0.0000,0.2173,0.1801,0.0904,SAFE,False,10,0,,,,,,
1771436121.782,0.0,67.50,4.8226,0.882,20.1,2,,,0.02164,0.1668,0.0000,0.1245,0.0000,0.2164,0.1710,0.0921,SAFE,False,10,0,,,,,,
1771436121.782,0.0,,,,,,,,,,,,,,,0.0921,SAFE,,10,,t771_0,0.78,LOW,LOCAL,SAFE: all tasks permitted (weight=0.78),
1771436121.782,0.0,67.47,4.8311,0.948,24.9,2,,,0.02087,0.1649,0.0000,0.0860,0.0000,0.2087,0.2040,0.0926,SAFE,False,10,0,,,,,,
1771436121.782,0.0,66.56,4.8419,0.927,23.3,2,,,0.02221,0.1038,0.0000,0.0369,0.0000,0.2221,0.1933,0.0781,SAFE,False,10,0,,,,,,
1771436121.782,0.0,67.03,4.8256,0.907,21.9,2,,,0.02039,0.1356,0.0000,0.1108,0.0000,0.2039,0.1833,0.0877,SAFE,False,10,0,,,,,,
1771436121.782,0.0,,,,,,,,,,,,,,,0.0877,SAFE,,10,,t774_0,0.68,LOW,LOCAL,SAFE: all tasks permitted (weight=0.68),
1771436121.782,0.0,66.46,4.7660,0.960,25.7,2,,,0.02304,0.0971,0.0000,0.3819,0.0000,0.2304,0.2099,0.1263,SAFE,False,10,0,,,,,,
1771436121.782,0.0,66.50,4.8186,0.938,24.1,2,,,0.02311,0.0999,0.0000,0.1425,0.0000,0.2311,0.1988,0.0934,SAFE,False,10,0,,,,,,
1771436121.782,0.0,65.67,4.8222,0.917,22.6,2,,,0.02119,0.0445,0.0000,0.1266,0.0000,0.2119,0.1885,0.0807,SAFE,False,10,0,,,,,,
1771436121.782,0.0,,,,,,,,,,,,,,,0.0807,SAFE,,10,,t777_0,0.72,NORMAL,LOCAL,SAFE: all tasks permitted (weight=0.72),
1771436121.782,0.0,65.67,4.8141,0.974,26.7,2,,,0.02030,0.0449,0.0000,0.1630,0.0000,0.2030,0.2169,0.0903,SAFE,False,10,0,,,,,,
1771436121.782,0.0,65.51,4.8038,0.951,25.0,2,,,0.01777,0.0342,0.0000,0.2100,0.0000,0.1777,0.2053,0.0902,SAFE,False,10,0,,,,,,window_reset|B=10
1771436121.782,0.0,65.78,4.8222,0.929,23.5,2,,,0.01782,0.0518,0.0000,0.1262,0.0000,0.1782,0.1945,0.0793,SAFE,False,10,0,,,,,,
1771436121.782,0.0,65.58,4.8252,0.909,22.1,2,,,0.01790,0.0385,0.0000,0.1126,0.0000,0.1790,0.1844,0.0740,SAFE,False,10,0,,,,,,
1771436121.782,0.0,65.36,4.8440,0.890,20.7,2,,,0.01930,0.0242,0.0000,0.0273,0.0000,0.1930,0.1751,0.0608,SAFE,False,10,0,,,,,,
1771436121.782,0.0,65.03,4.8564,0.873,19.5,2,,,0.02180,0.0023,0.0000,0.0000,0.0000,0.2180,0.1664,0.0554,SAFE,False,10,0,,,,,,
1771436121.782,0.0,,,,,,,,,,,,,,,0.0554,SAFE,,10,,t783_0,0.72,HIGH,LOCAL,SAFE: all tasks permitted (weight=0.72),
1771436121.782,0.0,64.37,4.8307,0.934,23.8,2,,,0.02179,0.0000,0.0000,0.0876,0.0000,0.2179,0.1969,0.0726,SAFE,False,10,0,,,,,,
1771436121.782,0.0,,,,,,,,,,,,,,,0.0726,SAFE,,10,,t784_0,0.57,NORMAL,LOCAL,SAFE: all tasks permitted (weight=0.57),
1771436121.782,0.0,64.55,4.8395,0.974,26.7,2,,,0.02162,0.0000,0.0000,0.0479,0.0000,0.2162,0.2172,0.0713,SAFE,False,10,0,,,,,,
1771436121.782,0.0,64.86,4.7944,0.951,25.1,2,,,0.02292,0.0000,0.0000,0.2528,0.0000,0.2292,0.2055,0.0969,SAFE,False,10,0,,,,,,
1771436121.782,0.0,,,,,,,,,,,,,,,0.0969,SAFE,,10,,t786_0,0.37,HIGH,LOCAL,SAFE: all tasks permitted (weight=0.37),
1771436121.782,0.0,64.97,4.8535,0.969,26.3,2,,,0.01805,0.0000,0.0000,0.0000,0.0000,0.1805,0.2143,0.0609,SAFE,False,10,0,,,,,,
1771436121.782,0.0,,,,,,,,,,,,,,,0.0609,SAFE,,10,,t787_0,0.25,LOW,LOCAL,SAFE: all tasks permitted (weight=0.25),
1771436121.782,0.0,64.54,4.8185,0.973,26.6,2,,,0.01806,0.0000,0.0000,0.1431,0.0000,0.1806,0.2163,0.0799,SAFE,False,10,0,,,,,,
1771436121.782,0.0,64.56,4.8119,0.949,25.0,2,,,0.01850,0.0000,0.0000,0.1732,0.0000,0.1850,0.2047,0.0820,SAFE,False,10,0,,,,,,
1771436121.782,0.0,,,,,,,,,,,,,,,0.0820,SAFE,,10,,t789_0,0.33,HIGH,LOCAL,SAFE: all tasks permitted (weight=0.33),
1771436121.782,0.0,64.44,4.8345,0.963,25.9,2,,,0.01825,0.0000,0.0000,0.0704,0.0000,0.1825,0.2116,0.0697,SAFE,False,10,0,,,,,,
1771436121.782,0.0,,,,,,,,,,,,,,,0.0697,SAFE,,10,,t790_0,0.33,NORMAL,LOCAL,SAFE: all tasks permitted (weight=0.33),
1771436121.782,0.0,64.62,4.8124,0.976,26.8,2,,,0.01744,0.0000,0.0000,0.1709,0.0000,0.1744,0.2178,0.0832,SAFE,False,10,0,,,,,,
1771436121.782,0.0,63.87,4.8047,0.952,25.2,2,,,0.01861,0.0000,0.0000,0.2059,0.0000,0.1861,0.2061,0.0866,SAFE,False,10,0,,,,,,
1771436121.782,0.0,64.12,4.8484,0.930,23.6,2,,,0.01950,0.0000,0.0000,0.0071,0.0000,0.1950,0.1952,0.0595,SAFE,False,10,0,,,,,,
1771436121.782,0.0,63.95,4.8303,0.910,22.2,2,,,0.01899,0.0000,0.0000,0.0894,0.0000,0.1899,0.1851,0.0676,SAFE,False,10,0,,,,,,window_reset|B=10
1771436121.782,0.0,63.73,4.8462,0.891,20.8,2,,,0.01789,0.0000,0.0000,0.0173,0.0000,0.1789,0.1757,0.0553,SAFE,False,10,0,,,,,,
1771436121.782,0.0,63.36,4.8705,0.874,19.6,2,,,0.02157,0.0000,0.0000,0.0000,0.0000,0.2157,0.1670,0.0550,SAFE,False,10,0,,,,,,
1771436121.783,0.0,62.91,4.8265,0.858,18.4,1,-99028.758,14.58005,0.02141,0.0000,0.0000,0.1068,0.0000,0.2141,0.1439,0.0641,SAFE,False,10,0,,,,,,
1771436121.783,0.0,,,,,,,,,,,,,,,0.0641,SAFE,,10,,t797_0,0.66,HIGH,LOCAL,SAFE: all tasks permitted (weight=0.66),
1771436121.783,0.0,62.79,4.8180,0.913,22.3,2,-98827.060,-16.51940,0.01907,0.0000,0.0000,0.1457,0.0000,0.1907,0.1864,0.0753,SAFE,False,10,0,,,,,,
1771436121.783,0.0,62.46,4.8110,0.894,21.0,2,-129701.077,-1.44023,0.01855,0.0000,0.0000,0.1775,0.0000,0.1855,0.1769,0.0770,SAFE,False,10,0,,,,,,
1771436121.783,0.0,,,,,,,,,,,,,,,0.0770,SAFE,,10,,t799_0,0.56,LOW,LOCAL,SAFE: all tasks permitted (weight=0.56),
1771436121.783,0.0,,,,,,,,,,,,,,,0.0770,SAFE,,10,,t799_1,0.26,NORMAL,LOCAL,SAFE: all tasks permitted (weight=0.26),
1771436121.783,0.0,62.70,4.8344,0.964,26.0,2,-70146.999,29.68314,0.01842,0.0000,0.0000,0.0708,0.0000,0.1842,0.2120,0.0700,SAFE,False,10,0,,,,,,
1771436121.783,0.0,62.84,4.8244,0.941,24.4,2,-77021.192,-23.97113,0.01776,0.0000,0.0000,0.1163,0.0000,0.1776,0.2007,0.0730,SAFE,False,10,0,,,,,,
1771436121.783,0.0,62.81,4.8480,0.921,22.9,2,-68342.500,17.60028,0.01841,0.0000,0.0000,0.0092,0.0000,0.1841,0.1903,0.0577,SAFE,False,10,0,,,,,,
1771436121.783,0.0,62.33,4.8345,0.901,21.5,2,-83913.322,-11.62579,0.01752,0.0000,0.0000,0.0703,0.0000,0.1752,0.1805,0.0628,SAFE,False,10,0,,,,,,
1771436121.783,0.0,,,,,,,,,,,,,,,0.0628,SAFE,,10,,t803_0,0.64,NORMAL,LOCAL,SAFE: all tasks permitted (weight=0.64),
1771436121.783,0.0,,,,,,,,,,,,,,,0.0628,SAFE,,10,,t803_1,0.33,LOW,LOCAL,SAFE: all tasks permitted (weight=0.33),
1771436121.783,0.0,62.64,4.8282,0.988,27.7,3,-43100.816,-42.25200,0.01543,0.0000,0.0000,0.0992,0.0000,0.1543,0.2388,0.0761,SAFE,False,10,0,,,,,,
1771436121.783,0.0,61.65,4.7505,0.963,26.0,2,,,0.02742,0.0000,0.0000,0.4522,0.0000,0.2742,0.2117,0.1285,SAFE,False,10,0,,,,,,
1771436121.783,0.0,,,,,,,,,,,,,,,0.1285,SAFE,,10,,t805_0,0.51,NORMAL,LOCAL,SAFE: all tasks permitted (weight=0.51),
1771436121.783,0.0,62.30,4.8010,0.996,28.3,3,,,0.02829,0.0000,0.0000,0.2228,0.0000,0.2829,0.2429,0.1058,SAFE,False,10,0,,,,,,
1771436121.784,0.0,62.34,4.8104,0.971,26.5,2,-19776.698,-1.76320,0.02773,0.0000,0.0000,0.1802,0.0000,0.2773,0.2155,0.0943,SAFE,False,10,0,,,,,,
1771436121.784,0.0,,,,,,,,,,,,,,,0.0943,SAFE,,10,,t807_0,0.29,NORMAL,LOCAL,SAFE: all tasks permitted (weight=0.29),
1771436121.784,0.0,62.59,4.8071,0.979,27.1,3,-18523.893,-80.59597,0.02361,0.0000,0.0000,0.1952,0.0000,0.2361,0.2344,0.0959,SAFE,False,10,0,,,,,,
1771436121.784,0.0,62.73,4.8086,0.955,25.4,2,-19300.950,-46.57121,0.02347,0.0000,0.0000,0.1882,0.0000,0.2347,0.2076,0.0895,SAFE,False,10,0,,,,,,window_reset|B=10
1771436121.784,0.0,,,,,,,,,,,,,,,0.0895,SAFE,,10,,t809_0,0.58,NORMAL,LOCAL,SAFE: all tasks permitted (weight=0.58),
1771436121.784,0.0,62.28,4.7838,0.996,28.3,3,-93731.519,-188.72567,0.02492,0.0000,0.0000,0.3007,0.0000,0.2492,0.2429,0.1126,SAFE,False,10,0,,,,,,
1771436121.784,0.0,,,,,,,,,,,,,,,0.1126,SAFE,,10,,t810_0,0.55,HIGH,LOCAL,SAFE: all tasks permitted (weight=0.55),
1771436121.784,0.0,62.36,4.7912,1.031,30.8,3,4799.248,-127.45400,0.02557,0.0000,0.0000,0.2671,0.0000,0.2557,0.2603,0.1124,SAFE,False,10,0,,,,,,
1771436121.784,0.0,,,,,,,,,,,,,,,0.1124,SAFE,,10,,t811_0,0.22,LOW,LOCAL,SAFE: all tasks permitted (weight=0.22),
1771436121.784,0.0,,,,,,,,,,,,,,,0.1124,SAFE,,10,,t811_1,0.61,NORMAL,LOCAL,SAFE: all tasks permitted (weight=0.61),
1771436121.784,0.0,62.68,4.7560,1.092,35.2,4,6798.893,-212.54531,0.02840,0.0000,0.0000,0.4274,0.0000,0.2840,0.3062,0.1452,SAFE,False,10,0,,,,,,
1771436121.784,0.0,,,,,,,,,,,,,,,0.1452,SAFE,,10,,t812_0,0.60,NORMAL,LOCAL,SAFE: all tasks permitted (weight=0.60),
1771436121.784,0.0,62.73,4.7593,1.125,37.5,4,189307.291,25.95729,0.03008,0.0000,0.0000,0.4121,0.0000,0.3008,0.3227,0.1482,SAFE,False,10,0,,,,,,
1771436121.784,0.0,,,,,,,,,,,,,,,0.1482,SAFE,,10,,t813_0,0.46,NORMAL,LOCAL,SAFE: all tasks permitted (weight=0.46),
1771436121.784,0.0,63.14,4.7223,1.141,38.6,4,148209.608,-231.51074,0.03270,0.0000,0.0000,0.5803,0.0000,0.3270,0.3303,0.1742,SAFE,False,10,0,,,,,,
1771436121.784,0.0,63.46,4.7740,1.106,36.1,4,,,0.02961,0.0000,0.0000,0.3455,0.0000,0.2961,0.3128,0.1371,SAFE,False,10,0,,,,,,
1771436121.784,0.0,63.61,4.7611,1.073,33.8,3,,,0.02669,0.0000,0.0000,0.4043,0.0000,0.2669,0.2816,0.1356,SAFE,False,10,0,,,,,,
1771436121.784,0.0,,,,,,,,,,,,,,,0.1356,SAFE,,10,,t816_0,0.39,NORMAL,LOCAL,SAFE: all tasks permitted (weight=0.39),
1771436121.784,0.0,64.09,4.7824,1.085,34.7,3,,,0.02547,0.0000,0.0000,0.3072,0.0000,0.2547,0.2876,0.1229,SAFE,False,10,0,,,,,,
1771436121.784,0.0,63.86,4.7831,1.054,32.4,3,,,0.02469,0.0000,0.0000,0.3039,0.0000,0.2469,0.2721,0.1186,SAFE,False,10,0,,,,,,
1771436121.784,0.0,63.76,4.7763,1.025,30.4,3,,,0.02272,0.0000,0.0000,0.3349,0.0000,0.2272,0.2577,0.1178,SAFE,False,10,0,,,,,,
1771436121.784,0.0,63.49,4.8053,0.998,28.5,3,,,0.02253,0.0000,0.0000,0.2030,0.0000,0.2253,0.2442,0.0978,SAFE,False,10,0,,,,,,
1771436121.784,0.0,,,,,,,,,,,,,,,0.0978,SAFE,,10,,t820_0,0.40,HIGH,LOCAL,SAFE: all tasks permitted (weight=0.40),
1771436121.784,0.0,62.89,4.8177,1.016,29.7,3,,,0.02376,0.0000,0.0000,0.1468,0.0000,0.2376,0.2532,0.0935,SAFE,False,10,0,,,,,,
1771436121.784,0.0,63.80,4.8366,0.990,27.9,3,,,0.02907,0.0000,0.0000,0.0610,0.0000,0.2907,0.2401,0.0850,SAFE,False,10,0,,,,,,
1771436121.784,0.0,,,,,,,,,,,,,,,0.0850,SAFE,,10,,t822_0,0.31,NORMAL,LOCAL,SAFE: all tasks permitted (weight=0.31),
1771436121.784,0.0,63.47,4.8245,0.999,28.5,3,,,0.03146,0.0000,0.0000,0.1158,0.0000,0.3146,0.2444,0.0954,SAFE,False,10,0,,,,,,
1771436121.784,0.0,63.78,4.8167,0.974,26.7,2,,,0.03155,0.0000,0.0000,0.1513,0.0000,0.3155,0.2169,0.0946,SAFE,False,10,0,,,,,,window_reset|B=10
1771436121.784,0.0,63.64,4.8208,0.951,25.0,2,,,0.03143,0.0000,0.0000,0.1327,0.0000,0.3143,0.2053,0.0897,SAFE,False,10,0,,,,,,
1771436121.784,0.0,,,,,,,,,,,,,,,0.0897,SAFE,,10,,t825_0,0.46,NORMAL,LOCAL,SAFE: all tasks permitted (weight=0.46),
1771436121.784,0.0,63.50,4.8288,0.979,27.0,3,,,0.02434,0.0000,0.0000,0.0962,0.0000,0.2434,0.2343,0.0837,SAFE,False,10,0,,,,,,
1771436121.784,0.0,,,,,,,,,,,,,,,0.0837,SAFE,,10,,t826_0,0.36,NORMAL,LOCAL,SAFE: all tasks permitted (weight=0.36),
1771436121.784,0.0,63.49,4.7876,0.994,28.2,3,,,0.02329,0.0000,0.0000,0.2837,0.0000,0.2329,0.2422,0.1086,SAFE,False,10,0,,,,,,
1771436121.784,0.0,,,,,,,,,,,,,,,0.1086,SAFE,,10,,t827_0,0.39,CRITICAL,LOCAL,SAFE: all tasks permitted (weight=0.39),
1771436121.784,0.0,64.13,4.7540,1.011,29.4,3,,,0.02441,0.0000,0.0000,0.4362,0.0000,0.2441,0.2507,0.1313,SAFE,False,10,0,,,,,,
1771436121.784,0.0,,,,,,,,,,,,,,,0.1313,SAFE,,10,,t828_0,0.72,NORMAL,LOCAL,SAFE: all tasks permitted (weight=0.72),
1771436121.784,0.0,64.33,4.8086,1.064,33.1,3,,,0.02365,0.0000,0.0000,0.1880,0.0000,0.2365,0.2770,0.1035,SAFE,False,10,0,,,,,,
1771436121.784,0.0,64.57,4.7609,1.034,31.0,3,,,0.02604,0.0000,0.0000,0.4051,0.0000,0.2604,0.2622,0.1311,SAFE,False,10,0,,,,,,
1771436121.784,0.0,64.18,4.8240,1.007,29.1,3,,,0.02527,0.0000,0.0000,0.1183,0.0000,0.2527,0.2485,0.0903,SAFE,False,10,0,,,,,,
1771436121.784,0.0,63.59,4.7728,0.981,27.2,3,,,0.02701,0.0000,0.0000,0.3511,0.0000,0.2701,0.2357,0.1198,SAFE,False,10,0,,,,,,
1771436121.784,0.0,63.49,4.7935,0.958,25.5,2,,,0.02684,0.0000,0.0000,0.2567,0.0000,0.2684,0.2088,0.1020,SAFE,False,10,0,,,,,,
1771436121.784,0.0,,,,,,,,,,,,,,,0.1020,SAFE,,10,,t833_0,0.35,HIGH,LOCAL,SAFE: all tasks permitted (weight=0.35),
1771436121.784,0.0,63.56,4.8262,0.974,26.7,2,,,0.02587,0.0000,0.0000,0.1083,0.0000,0.2587,0.2169,0.0833,SAFE,False,10,0,,,,,,
1771436121.784,0.0,63.10,4.7880,0.950,25.0,2,,,0.02513,0.0000,0.0000,0.2820,0.0000,0.2513,0.2052,0.1028,SAFE,False,10,0,,,,,,
1771436121.784,0.0,,,,,,,,,,,,,,,0.1028,SAFE,,10,,t835_0,0.34,HIGH,LOCAL,SAFE: all tasks permitted (weight=0.34),
1771436121.784,0.0,63.21,4.8084,0.966,26.1,2,,,0.02473,0.0000,0.0000,0.1890,0.0000,0.2473,0.2129,0.0919,SAFE,False,10,0,,,,,,
1771436121.784,0.0,62.86,4.8484,0.943,24.5,2,,,0.02785,0.0000,0.0000,0.0072,0.0000,0.2785,0.2016,0.0691,SAFE,False,10,0,,,,,,
1771436121.785,0.0,63.75,4.8243,0.922,23.0,2,-52279.396,67.47516,0.02749,0.0000,0.0000,0.1168,0.0000,0.2749,0.1910,0.0809,SAFE,False,10,0,,,,,,
1771436121.785,0.0,63.03,4.8106,0.902,21.6,2,-73045.544,-14.20466,0.02738,0.0000,0.0000,0.1790,0.0000,0.2738,0.1812,0.0869,SAFE,False,10,0,,,,,,window_reset|B=10
1771436121.785,0.0,,,,,,,,,,,,,,,0.0869,SAFE,,10,,t839_0,0.22,NORMAL,LOCAL,SAFE: all tasks permitted (weight=0.22),
1771436121.785,0.0,,,,,,,,,,,,,,,0.0869,SAFE,,10,,t839_1,0.49,HIGH,LOCAL,SAFE: all tasks permitted (weight=0.49),
1771436121.785,0.0,62.95,4.8167,0.961,25.8,2,-40587.245,46.75618,0.02350,0.0000,0.0000,0.1513,0.0000,0.2350,0.2105,0.0853,SAFE,False,10,0,,,,,,
1771436121.785,0.0,62.99,4.8365,0.939,24.2,2,-31866.902,45.73681,0.02490,0.0000,0.0000,0.0613,0.0000,0.2490,0.1993,0.0727,SAFE,False,10,0,,,,,,
1771436121.785,0.0,,,,,,,,,,,,,,,0.0727,SAFE,,10,,t841_0,0.47,HIGH,LOCAL,SAFE: all tasks permitted (weight=0.47),
1771436121.785,0.0,62.82,4.8435,0.968,26.3,2,-47205.801,18.43719,0.02182,0.0000,0.0000,0.0295,0.0000,0.2182,0.2142,0.0685,SAFE,False,10,0,,,,,,
1771436121.785,0.0,,,,,,,,,,,,,,,0.0685,SAFE,,10,,t842_0,0.48,NORMAL,LOCAL,SAFE: all tasks permitted (weight=0.48),
1771436121.785,0.0,62.56,4.7903,0.998,28.4,3,-34601.605,2.44390,0.02277,0.0000,0.0000,0.2716,0.0000,0.2277,0.2438,0.1068,SAFE,False,10,0,,,,,,
1771436121.785,0.0,,,,,,,,,,,,,,,0.1068,SAFE,,10,,t843_0,0.64,NORMAL,LOCAL,SAFE: all tasks permitted (weight=0.64),
1771436121.785,0.0,62.74,4.8115,1.043,31.6,3,-30486.347,3.26284,0.01928,0.0000,0.0000,0.1750,0.0000,0.1928,0.2663,0.0953,SAFE,False,10,0,,,,,,
1771436121.785,0.0,63.45,4.8152,1.015,29.6,3,37844.545,-35.39032,0.01802,0.0000,0.0000,0.1584,0.0000,0.1802,0.2523,0.0891,SAFE,False,10,0,,,,,,
1771436121.785,0.0,63.44,4.8291,0.988,27.7,3,,,0.01814,0.0000,0.0000,0.0949,0.0000,0.1814,0.2392,0.0783,SAFE,False,10,0,,,,,,
1771436121.785,0.0,63.73,4.8113,0.964,26.0,2,,,0.01587,0.0000,0.0000,0.1761,0.0000,0.1587,0.2121,0.0812,SAFE,False,10,0,,,,,,
1771436121.785,0.0,,,,,,,,,,,,,,,0.0812,SAFE,,10,,t847_0,0.60,HIGH,LOCAL,SAFE: all tasks permitted (weight=0.60),
1771436121.785,0.0,62.94,4.7889,1.007,29.1,3,,,0.01789,0.0000,0.0000,0.2776,0.0000,0.1789,0.2486,0.1037,SAFE,False,10,0,,,,,,
1771436121.785,0.0,63.36,4.8408,0.982,27.3,3,,,0.01694,0.0000,0.0000,0.0419,0.0000,0.1694,0.2358,0.0695,SAFE,False,10,0,,,,,,
1771436121.785,0.0,62.79,4.8020,0.958,25.6,2,,,0.01739,0.0000,0.0000,0.2181,0.0000,0.1739,0.2089,0.0875,SAFE,False,10,0,,,,,,
1771436121.785,0.0,,,,,,,,,,,,,,,0.0875,SAFE,,10,,t850_0,0.43,LOW,LOCAL,SAFE: all tasks permitted (weight=0.43),
1771436121.785,0.0,63.06,4.7990,0.982,27.3,3,,,0.01799,0.0000,0.0000,0.2317,0.0000,0.1799,0.2361,0.0953,SAFE,False,10,0,,,,,,
1771436121.785,0.0,62.69,4.8382,0.958,25.6,2,,,0.01907,0.0000,0.0000,0.0538,0.0000,0.1907,0.2092,0.0679,SAFE,False,10,0,,,,,,
1771436121.786,0.0,,,,,,,,,,,,,,,0.0679,SAFE,,10,,t852_0,0.38,LOW,LOCAL,SAFE: all tasks permitted (weight=0.38),
1771436121.786,0.0,,,,,,,,,,,,,,,0.0679,SAFE,,10,,t852_1,0.67,CRITICAL,LOCAL,SAFE: all tasks permitted (weight=0.67),
1771436121.786,0.0,62.70,4.6648,1.051,32.2,3,-50763.426,-167.79920,0.04541,0.0000,0.0000,0.8416,0.0000,0.4541,0.2703,0.2089,SAFE,False,10,0,,,,,,
1771436121.786,0.0,,,,,,,,,,,,,,,0.2089,SAFE,,10,,t853_0,0.81,LOW,LOCAL,SAFE: all tasks permitted (weight=0.81),
1771436121.786,0.0,63.31,4.7759,1.110,36.4,4,-9150.545,-59.43017,0.04419,0.0000,0.0000,0.3369,0.0000,0.4419,0.3151,0.1510,SAFE,False,10,0,,,,,,window_reset|B=10
1771436121.786,0.0,63.77,4.7786,1.077,34.1,3,2471.964,-36.51022,0.04447,0.0000,0.0000,0.3247,0.0000,0.4447,0.2837,0.1434,SAFE,False,10,0,,,,,,
1771436121.786,0.0,63.70,4.7843,1.047,31.9,3,51188.431,-5.17645,0.04432,0.0000,0.0000,0.2987,0.0000,0.4432,0.2684,0.1368,SAFE,False,10,0,,,,,,
1771436121.786,0.0,,,,,,,,,,,,,,,0.1368,SAFE,,10,,t856_0,0.38,NORMAL,LOCAL,SAFE: all tasks permitted (weight=0.38),
1771436121.786,0.0,63.76,4.7904,1.060,32.8,3,27065.841,-56.24036,0.04387,0.0000,0.0000,0.2708,0.0000,0.4387,0.2748,0.1340,SAFE,False,10,0,,,,,,
1771436121.786,0.0,,,,,,,,,,,,,,,0.1340,SAFE,,10,,t857_0,0.79,NORMAL,LOCAL,SAFE: all tasks permitted (weight=0.79),
1771436121.786,0.0,,,,,,,,,,,,,,,0.1340,SAFE,,10,,t857_1,0.53,HIGH,LOCAL,SAFE: all tasks permitted (weight=0.53),
1771436121.786,0.0,64.00,4.7599,1.173,41.0,4,80983.378,-47.00839,0.04314,0.0000,0.0000,0.4095,0.0000,0.4314,0.3467,0.1657,SAFE,False,10,0,,,,,,
1771436121.786,0.0,,,,,,,,,,,,,,,0.1657,SAFE,,10,,t858_0,0.24,CRITICAL,LOCAL,SAFE: all tasks permitted (weight=0.24),
1771436121.786,0.0,64.41,4.7792,1.162,40.2,4,90313.989,-22.09301,0.04249,0.0000,0.0000,0.3217,0.0000,0.4249,0.3412,0.1525,SAFE,False,10,0,,,,,,
1771436121.786,0.0,,,,,,,,,,,,,,,0.1525,SAFE,,10,,t859_0,0.75,HIGH,LOCAL,SAFE: all tasks permitted (weight=0.75),
1771436121.786,0.0,65.05,4.7899,1.208,43.4,5,157467.005,-53.86463,0.04250,0.0030,0.0000,0.2731,0.0000,0.4250,0.3788,0.1541,SAFE,False,10,0,,,,,,
1771436121.786,0.0,64.64,4.7498,1.168,40.6,4,,,0.03964,0.0000,0.0000,0.4553,0.0000,0.3964,0.3440,0.1676,SAFE,False,10,0,,,,,,
1771436121.786,0.0,,,,,,,,,,,,,,,0.1676,SAFE,,10,,t861_0,0.55,NORMAL,LOCAL,SAFE: all tasks permitted (weight=0.55),
1771436121.786,0.0,64.54,4.7554,1.192,42.3,4,,,0.03918,0.0000,0.0000,0.4299,0.0000,0.3918,0.3558,0.1662,SAFE,False,10,0,,,,,,
1771436121.786,0.0,65.39,4.7717,1.153,39.5,4,,,0.03834,0.0260,0.0000,0.3557,0.0000,0.3834,0.3366,0.1550,SAFE,False,10,0,,,,,,
1771436121.786,0.0,65.45,4.7582,1.117,37.0,4,,,0.03237,0.0303,0.0000,0.4174,0.0000,0.3237,0.3187,0.1540,SAFE,False,10,0,,,,,,
1771436121.786,0.0,65.48,4.7479,1.084,34.6,3,,,0.01462,0.0320,0.0000,0.4643,0.0000,0.1462,0.2871,0.1362,SAFE,False,10,0,,,,,,
1771436121.786,0.0,65.77,4.7795,1.053,32.4,3,,,0.01477,0.0515,0.0000,0.3204,0.0000,0.1477,0.2716,0.1169,SAFE,False,10,0,,,,,,
1771436121.786,0.0,65.49,4.8003,1.024,30.3,3,,,0.01684,0.0329,0.0000,0.2261,0.0000,0.1684,0.2572,0.1016,SAFE,False,10,0,,,,,,
1771436121.786,0.0,65.13,4.7858,0.998,28.4,3,,,0.01694,0.0088,0.0000,0.2916,0.0000,0.1694,0.2438,0.1047,SAFE,False,10,0,,,,,,
1771436121.786,0.0,65.16,4.7752,0.973,26.6,2,,,0.01609,0.0106,0.0000,0.3402,0.0000,0.1609,0.2164,0.1049,SAFE,False,10,0,,,,,,window_reset|B=10
1771436121.786,0.0,65.13,4.8346,0.950,25.0,2,,,0.02337,0.0084,0.0000,0.0700,0.0000,0.2337,0.2048,0.0744,SAFE,False,10,0,,,,,,
1771436121.786,0.0,65.08,4.8073,0.928,23.4,2,,,0.02481,0.0050,0.0000,0.1939,0.0000,0.2481,0.1940,0.0894,SAFE,False,10,0,,,,,,
1771436121.786,0.0,,,,,,,,,,,,,,,0.0894,SAFE,,10,,t871_0,0.55,NORMAL,LOCAL,SAFE: all tasks permitted (weight=0.55),
1771436121.786,0.0,65.59,4.7827,0.968,26.3,2,,,0.02464,0.0391,0.0000,0.3059,0.0000,0.2464,0.2142,0.1119,SAFE,False,10,0,,,,,,
1771436121.786,0.0,,,,,,,,,,,,,,,0.1119,SAFE,,10,,t872_0,0.38,NORMAL,LOCAL,SAFE: all tasks permitted (weight=0.38),
1771436121.786,0.0,65.20,4.8174,0.988,27.7,3,,,0.02504,0.0134,0.0000,0.1484,0.0000,0.2504,0.2388,0.0937,SAFE,False,10,0,,,,,,
1771436121.786,0.0,64.02,4.8024,0.963,26.0,2,,,0.02380,0.0000,0.0000,0.2164,0.0000,0.2380,0.2117,0.0943,SAFE,False,10,0,,,,,,
1771436121.786,0.0,64.85,4.8137,0.941,24.3,2,,,0.02415,0.0000,0.0000,0.1650,0.0000,0.2415,0.2004,0.0857,SAFE,False,10,0,,,,,,
1771436121.786,0.0,,,,,,,,,,,,,,,0.0857,SAFE,,10,,t875_0,0.85,CRITICAL,LOCAL,SAFE: all tasks permitted (weight=0.85),
1771436121.786,0.0,64.44,4.7890,1.013,29.5,3,,,0.02194,0.0000,0.0000,0.2774,0.0000,0.2194,0.2515,0.1083,SAFE,False,10,0,,,,,,
1771436121.786,0.0,,,,,,,,,,,,,,,0.1083,SAFE,,10,,t876_0,0.22,LOW,LOCAL,SAFE: all tasks permitted (weight=0.22),
1771436121.786,0.0,,,,,,,,,,,,,,,0.1083,SAFE,,10,,t876_1,0.80,HIGH,LOCAL,SAFE: all tasks permitted (weight=0.80),
1771436121.786,0.0,64.90,4.7209,1.098,35.6,4,-18839.458,-66.23281,0.02734,0.0000,0.0000,0.5869,0.0000,0.2734,0.3092,0.1655,SAFE,False,10,0,,,,,,
1771436121.786,0.0,,,,,,,,,,,,,,,0.1655,SAFE,,10,,t877_0,0.44,NORMAL,LOCAL,SAFE: all tasks permitted (weight=0.44),
1771436121.786,0.0,65.12,4.7656,1.115,36.8,4,-497.936,-84.23212,0.02815,0.0080,0.0000,0.3837,0.0000,0.2815,0.3173,0.1425,SAFE,False,10,0,,,,,,
1771436121.786,0.0,65.22,4.7771,1.082,34.4,3,10318.787,-36.91801,0.02826,0.0144,0.0000,0.3314,0.0000,0.2826,0.2858,0.1302,SAFE,False,10,0,,,,,,
1771436121.786,0.0,64.74,4.7835,1.051,32.2,3,-61824.136,0.95484,0.02829,0.0000,0.0000,0.3023,0.0000,0.2829,0.2704,0.1217,SAFE,False,10,0,,,,,,
1771436121.786,0.0,64.76,4.8081,1.022,30.2,3,-32205.840,-11.36132,0.02840,0.0000,0.0000,0.1907,0.0000,0.2840,0.2561,0.1044,SAFE,False,10,0,,,,,,
1771436121.786,0.0,,,,,,,,,,,,,,,0.1044,SAFE,,10,,t881_0,0.56,HIGH,LOCAL,SAFE: all tasks permitted (weight=0.56),
1771436121.786,0.0,64.82,4.7772,1.057,32.6,3,58264.647,-30.70527,0.02547,0.0000,0.0000,0.3308,0.0000,0.2547,0.2735,0.1232,SAFE,False,10,0,,,,,,
1771436121.786,0.0,,,,,,,,,,,,,,,0.1232,SAFE,,10,,t882_0,0.66,HIGH,LOCAL,SAFE: all tasks permitted (weight=0.66),
1771436121.786,0.0,65.22,4.7924,1.101,35.8,4,27268.074,-25.99456,0.02481,0.0149,0.0000,0.2618,0.0000,0.2481,0.3104,0.1227,SAFE,False,10,0,,,,,,
1771436121.786,0.0,,,,,,,,,,,,,,,0.1227,SAFE,,10,,t883_0,0.63,HIGH,LOCAL,SAFE: all tasks permitted (weight=0.63),
1771436121.786,0.0,65.68,4.7352,1.138,38.4,4,90874.474,-65.58844,0.02850,0.0454,0.0000,0.5217,0.0000,0.2850,0.3288,0.1675,SAFE,False,10,0,,,,,,window_reset|B=10
1771436121.786,0.0,,,,,,,,,,,,,,,0.1675,SAFE,,10,,t884_0,0.31,LOW,LOCAL,SAFE: all tasks permitted (weight=0.31),
1771436121.786,0.0,65.36,4.7289,1.137,38.4,4,,,0.02978,0.0239,0.0000,0.5505,0.0000,0.2978,0.3286,0.1699,SAFE,False,10,0,,,,,,
1771436121.786,0.0,66.29,4.7811,1.103,35.9,4,,,0.02868,0.0857,0.0000,0.3130,0.0000,0.2868,0.3113,0.1419,SAFE,False,10,0,,,,,,
1771436121.786,0.0,,,,,,,,,,,,,,,0.1419,SAFE,,10,,t886_0,0.41,NORMAL,LOCAL,SAFE: all tasks permitted (weight=0.41),
1771436121.786,0.0,66.06,4.7598,1.116,36.8,4,,,0.02601,0.0709,0.0000,0.4100,0.0000,0.2601,0.3178,0.1514,SAFE,False,10,0,,,,,,
1771436121.786,0.0,,,,,,,,,,,,,,,0.1514,SAFE,,10,,t887_0,0.42,NORMAL,LOCAL,SAFE: all tasks permitted (weight=0.42),
1771436121.786,0.0,65.86,4.7705,1.129,37.8,4,,,0.02527,0.0576,0.0000,0.3614,0.0000,0.2527,0.3243,0.1440,SAFE,False,10,0,,,,,,
1771436121.786,0.0,,,,,,,,,,,,,,,0.1440,SAFE,,10,,t888_0,0.64,HIGH,LOCAL,SAFE: all tasks permitted (weight=0.64),
1771436121.786,0.0,66.21,4.7834,1.165,40.4,4,,,0.02144,0.0805,0.0000,0.3025,0.0000,0.2144,0.3426,0.1389,SAFE,False,10,0,,,,,,
1771436121.786,0.0,,,,,,,,,,,,,,,0.1389,SAFE,,10,,t889_0,0.84,CRITICAL,LOCAL,SAFE: all tasks permitted (weight=0.84),
1771436121.786,0.0,67.04,4.7584,1.221,44.4,5,,,0.02171,0.1362,0.0000,0.4166,0.0000,0.2171,0.3856,0.1693,SAFE,False,10,0,,,,,,
1771436121.786,0.0,,,,,,,,,,,,,,,0.1693,SAFE,,10,,t890_0,0.29,LOW,LOCAL,SAFE: all tasks permitted (weight=0.29),
1771436121.786,0.0,67.37,4.7836,1.212,43.7,5,,,0.02193,0.1579,0.0000,0.3019,0.0000,0.2193,0.3810,0.1563,SAFE,False,10,0,,,,,,
1771436121.786,0.0,67.30,4.7155,1.172,40.9,4,,,0.02649,0.1532,0.0000,0.6112,0.0000,0.2649,0.3461,0.1936,SAFE,False,10,0,,,,,,
1771436121.786,0.0,,,,,,,,,,,,,,,0.1936,SAFE,,10,,t892_0,0.79,LOW,LOCAL,SAFE: all tasks permitted (weight=0.79),
1771436121.786,0.0,67.86,4.7609,1.222,44.4,5,,,0.02329,0.1906,0.0000,0.4051,0.0000,0.2329,0.3859,0.1760,SAFE,False,10,0,,,,,,
1771436121.786,0.0,,,,,,,,,,,,,,,0.1760,SAFE,,10,,t893_0,0.56,NORMAL,LOCAL,SAFE: all tasks permitted (weight=0.56),
1771436121.786,0.0,68.21,4.7022,1.243,46.0,5,,,0.02803,0.2137,0.0000,0.6719,0.0000,0.2803,0.3967,0.2204,SAFE,False,10,0,,,,,,
1771436121.786,0.0,,,,,,,,,,,,,,,0.2204,SAFE,,10,,t894_0,0.76,NORMAL,LOCAL,SAFE: all tasks permitted (weight=0.76),
1771436121.786,0.0,68.29,4.6967,1.286,49.0,5,,,0.03007,0.2192,0.0000,0.6968,0.0000,0.3007,0.4178,0.2305,SAFE,False,10,0,,,,,,
1771436121.786,0.0,,,,,,,,,,,,,,,0.2305,SAFE,,10,,t895_0,0.55,LOW,LOCAL,SAFE: all tasks permitted (weight=0.55),
1771436121.786,0.0,68.52,4.6795,1.301,50.1,5,,,0.03550,0.2344,0.0000,0.7751,0.0000,0.3550,0.4254,0.2495,SAFE,False,10,0,,,,,,
1771436121.786,0.0,68.65,4.7288,1.255,46.8,5,,,0.03551,0.2434,0.0000,0.5510,0.0000,0.3551,0.4023,0.2168,SAFE,False,10,0,,,,,,
1771436121.786,0.0,68.90,4.7277,1.212,43.7,5,,,0.03380,0.2598,0.0000,0.5559,0.0000,0.3380,0.3809,0.2134,SAFE,False,10,0,,,,,,
1771436121.786,0.0,,,,,,,,,,,,,,,0.2134,SAFE,,10,,t898_0,0.28,LOW,LOCAL,SAFE: all tasks permitted (weight=0.28),
1771436121.786,0.0,69.68,4.7563,1.203,43.0,5,,,0.03363,0.3123,0.0000,0.4260,0.0000,0.3363,0.3763,0.2017,SAFE,False,10,0,,,,,,window_reset|B=10
1771436121.786,0.0,,,,,,,,,,,,,,,0.2017,SAFE,,10,,t899_0,0.43,HIGH,LOCAL,SAFE: all tasks permitted (weight=0.43),
1771436121.786,0.0,69.64,4.7631,1.211,43.7,5,,,0.03311,0.3095,0.0000,0.3952,0.0000,0.3311,0.3806,0.1977,SAFE,False,10,0,,,,,,
1771436121.786,0.0,69.89,4.7367,1.171,40.8,4,,,0.03015,0.3260,0.0000,0.5151,0.0000,0.3015,0.3457,0.2054,SAFE,False,10,0,,,,,,
1771436121.786,0.0,69.70,4.7672,1.134,38.2,4,,,0.03083,0.3133,0.0000,0.3763,0.0000,0.3083,0.3272,0.1828,SAFE,False,10,0,,,,,,
1771436121.786,0.0,70.09,4.7500,1.100,35.7,4,,,0.02764,0.3390,0.0000,0.4546,0.0000,0.2764,0.3099,0.1894,SAFE,False,10,0,,,,,,
1771436121.786,0.0,69.79,4.7587,1.068,33.4,3,,,0.02806,0.3196,0.0000,0.4152,0.0000,0.2806,0.2789,0.1762,SAFE,False,10,0,,,,,,
1771436121.786,0.0,,,,,,,,,,,,,,,0.1762,SAFE,,10,,t904_0,0.72,LOW,LOCAL,SAFE: all tasks permitted (weight=0.72),
1771436121.786,0.0,69.45,4.7810,1.118,37.0,4,,,0.03005,0.2967,0.0000,0.3134,0.0000,0.3005,0.3188,0.1702,SAFE,False,10,0,,,,,,
1771436121.786,0.0,70.11,4.7839,1.084,34.6,3,,,0.03057,0.3409,0.0000,0.3005,0.0000,0.3057,0.2871,0.1680,SAFE,False,10,0,,,,,,
1771436121.786,0.0,69.95,4.7770,1.053,32.4,3,,,0.02815,0.3302,0.0000,0.3320,0.0000,0.2815,0.2717,0.1653,SAFE,False,10,0,,,,,,
1771436121.786,0.0,70.43,4.7869,1.025,30.3,3,,,0.01992,0.3620,0.0000,0.2869,0.0000,0.1992,0.2573,0.1521,SAFE,False,10,0,,,,,,
1771436121.786,0.0,69.30,4.8037,0.998,28.4,3,,,0.02095,0.2868,0.0000,0.2105,0.0000,0.2095,0.2439,0.1315,SAFE,False,10,0,,,,,,
1771436121.786,0.0,,,,,,,,,,,,,,,0.1315,SAFE,,10,,t909_0,0.39,CRITICAL,LOCAL,SAFE: all tasks permitted (weight=0.39),
1771436121.786,0.0,69.25,4.8163,1.017,29.8,3,,,0.02174,0.2832,0.0000,0.1534,0.0000,0.2174,0.2533,0.1263,SAFE,False,10,0,,,,,,
1771436121.786,0.0,69.39,4.8256,0.990,27.9,3,,,0.02534,0.2924,0.0000,0.1108,0.0000,0.2534,0.2402,0.1229,SAFE,False,10,0,,,,,,
1771436121.786,0.0,68.83,4.7965,0.966,26.1,2,,,0.02526,0.2556,0.0000,0.2431,0.0000,0.2526,0.2130,0.1301,SAFE,False,10,0,,,,,,
1771436121.787,0.0,68.33,4.8179,0.943,24.5,2,-60160.080,32.91958,0.02300,0.2219,0.0000,0.1460,0.0000,0.2300,0.2017,0.1089,SAFE,False,10,0,,,,,,
1771436121.787,0.0,69.00,4.8062,0.922,23.0,2,-59950.143,19.93960,0.02248,0.2664,0.0000,0.1991,0.0000,0.2248,0.1911,0.1186,SAFE,False,10,0,,,,,,window_reset|B=10
1771436121.787,0.0,68.61,4.8295,0.903,21.6,2,-72236.514,46.94767,0.02078,0.2404,0.0000,0.0933,0.0000,0.2078,0.1813,0.0980,SAFE,False,10,0,,,,,,
1771436121.787,0.0,,,,,,,,,,,,,,,0.0980,SAFE,,10,,t915_0,0.35,HIGH,LOCAL,SAFE: all tasks permitted (weight=0.35),
1771436121.787,0.0,67.73,4.8501,0.924,23.1,2,-145005.214,56.46760,0.02149,0.1818,0.0000,0.0000,0.0000,0.2149,0.1919,0.0817,SAFE,False,10,0,,,,,,
1771436121.787,0.0,,,,,,,,,,,,,,,0.0817,SAFE,,10,,t916_0,0.33,HIGH,LOCAL,SAFE: all tasks permitted (weight=0.33),
1771436121.787,0.0,67.86,4.8182,0.940,24.3,2,-77361.669,12.93955,0.02028,0.1906,0.0000,0.1446,0.0000,0.2028,0.2002,0.1020,SAFE,False,10,0,,,,,,
1771436121.787,0.0,67.88,4.8016,0.920,22.8,2,-73081.927,-13.14036,0.01898,0.1923,0.0000,0.2202,0.0000,0.1898,0.1898,0.1086,SAFE,False,10,0,,,,,,
1771436121.787,0.0,67.12,4.8271,0.900,21.4,2,-121659.212,1.34406,0.01643,0.1412,0.0000,0.1039,0.0000,0.1643,0.1800,0.0829,SAFE,False,10,0,,,,,,
1771436121.787,0.0,,,,,,,,,,,,,,,0.0829,SAFE,,10,,t919_0,0.47,NORMAL,LOCAL,SAFE: all tasks permitted (weight=0.47),
1771436121.787,0.0,,,,,,,,,,,,,,,0.0829,SAFE,,10,,t919_1,0.29,NORMAL,LOCAL,SAFE: all tasks permitted (weight=0.29),
1771436121.787,0.0,68.14,4.8328,0.967,26.2,2,-37305.314,32.39005,0.01469,0.2092,0.0000,0.0784,0.0000,0.1469,0.2134,0.0927,SAFE,False,10,0,,,,,,
1771436121.787,0.0,67.57,4.8390,0.944,24.6,2,,,0.01491,0.1713,0.0000,0.0502,0.0000,0.1491,0.2020,0.0824,SAFE,False,10,0,,,,,,
1771436121.787,0.0,,,,,,,,,,,,,,,0.0824,SAFE,,10,,t921_0,0.28,NORMAL,LOCAL,SAFE: all tasks permitted (weight=0.28),
1771436121.787,0.0,66.38,4.8109,0.954,25.3,2,,,0.01514,0.0920,0.0000,0.1775,0.0000,0.1514,0.2068,0.0906,SAFE,False,10,0,,,,,,
1771436121.787,0.0,,,,,,,,,,,,,,,0.0906,SAFE,,10,,t922_0,0.50,LOW,LOCAL,SAFE: all tasks permitted (weight=0.50),
1771436121.787,0.0,66.87,4.8026,0.988,27.7,3,,,0.01591,0.1246,0.0000,0.2154,0.0000,0.1591,0.2388,0.1066,SAFE,False,10,0,,,,,,
1771436121.787,0.0,,,,,,,,,,,,,,,0.1066,SAFE,,10,,t923_0,0.82,CRITICAL,LOCAL,SAFE: all tasks permitted (weight=0.82),
1771436121.787,0.0,67.13,4.8106,1.055,32.5,3,,,0.01465,0.1422,0.0000,0.1793,0.0000,0.1465,0.2726,0.1095,SAFE,False,10,0,,,,,,
1771436121.787,0.0,66.44,4.7841,1.026,30.5,3,,,0.01780,0.0959,0.0000,0.2997,0.0000,0.1780,0.2582,0.1199,SAFE,False,10,0,,,,,,
1771436121.787,0.0,,,,,,,,,,,,,,,0.1199,SAFE,,10,,t925_0,0.33,HIGH,LOCAL,SAFE: all tasks permitted (weight=0.33),
1771436121.787,0.0,66.74,4.8039,1.036,31.1,3,,,0.01793,0.1157,0.0000,0.2093,0.0000,0.1793,0.2630,0.1116,SAFE,False,10,0,,,,,,
1771436121.787,0.0,66.80,4.7701,1.008,29.2,3,,,0.02174,0.1201,0.0000,0.3631,0.0000,0.2174,0.2492,0.1332,SAFE,False,10,0,,,,,,
1771436121.787,0.0,66.45,4.8178,0.983,27.3,3,,,0.01872,0.0968,0.0000,0.1465,0.0000,0.1872,0.2363,0.0967,SAFE,False,10,0,,,,,,
1771436121.787,0.0,,,,,,,,,,,,,,,0.0967,SAFE,,10,,t928_0,0.57,HIGH,LOCAL,SAFE: all tasks permitted (weight=0.57),
1771436121.787,0.0,66.67,4.8251,1.022,30.2,3,,,0.01907,0.1114,0.0000,0.1130,0.0000,0.1907,0.2562,0.0984,SAFE,False,10,0,,,,,,window_reset|B=10
1771436121.787,0.0,,,,,,,,,,,,,,,0.0984,SAFE,,10,,t929_0,0.54,LOW,LOCAL,SAFE: all tasks permitted (weight=0.54),
1771436121.787,0.0,66.64,4.7936,1.056,32.6,3,,,0.01950,0.1096,0.0000,0.2562,0.0000,0.1950,0.2730,0.1206,SAFE,False,10,0,,,,,,
1771436121.787,0.0,66.21,4.8049,1.027,30.5,3,,,0.01881,0.0806,0.0000,0.2048,0.0000,0.1881,0.2585,0.1068,SAFE,False,10,0,,,,,,
1771436121.787,0.0,,,,,,,,,,,,,,,0.1068,SAFE,,10,,t931_0,0.67,LOW,LOCAL,SAFE: all tasks permitted (weight=0.67),
1771436121.787,0.0,66.64,4.7944,1.075,33.9,3,,,0.01754,0.1096,0.0000,0.2527,0.0000,0.1754,0.2824,0.1200,SAFE,False,10,0,,,,,,
1771436121.787,0.0,,,,,,,,,,,,,,,0.1200,SAFE,,10,,t932_0,0.75,LOW,LOCAL,SAFE: all tasks permitted (weight=0.75),
1771436121.787,0.0,66.85,4.7702,1.129,37.8,4,,,0.01663,0.1236,0.0000,0.3625,0.0000,0.1663,0.3244,0.1435,SAFE,False,10,0,,,,,,
1771436121.787,0.0,67.03,4.7440,1.095,35.3,4,,,0.02205,0.1351,0.0000,0.4818,0.0000,0.2205,0.3074,0.1624,SAFE,False,10,0,,,,,,
1771436121.787,0.0,66.98,4.7654,1.063,33.1,3,,,0.02313,0.1320,0.0000,0.3844,0.0000,0.2313,0.2765,0.1442,SAFE,False,10,0,,,,,,
1771436121.787,0.0,66.82,4.8074,1.034,31.0,3,,,0.02291,0.1216,0.0000,0.1938,0.0000,0.2291,0.2618,0.1151,SAFE,False,10,0,,,,,,
1771436121.787,0.0,66.65,4.7854,1.006,29.0,3,,,0.02288,0.1101,0.0000,0.2939,0.0000,0.2288,0.2481,0.1239,SAFE,False,10,0,,,,,,
1771436121.787,0.0,66.94,4.8090,0.981,27.2,3,,,0.02318,0.1296,0.0000,0.1863,0.0000,0.2318,0.2353,0.1100,SAFE,False,10,0,,,,,,
1771436121.787,0.0,66.49,4.7993,0.957,25.5,2,,,0.02242,0.0996,0.0000,0.2302,0.0000,0.2242,0.2085,0.1060,SAFE,False,10,0,,,,,,
1771436121.787,0.0,,,,,,,,,,,,,,,0.1060,SAFE,,10,,t939_0,0.67,HIGH,LOCAL,SAFE: all tasks permitted (weight=0.67),
1771436121.787,0.0,66.50,4.7875,1.009,29.2,3,,,0.02116,0.0998,0.0000,0.2840,0.0000,0.2116,0.2497,0.1200,SAFE,False,10,0,,,,,,
1771436121.787,0.0,,,,,,,,,,,,,,,0.1200,SAFE,,10,,t940_0,0.57,LOW,LOCAL,SAFE: all tasks permitted (weight=0.57),
1771436121.787,0.0,66.87,4.7378,1.047,31.9,3,,,0.02296,0.1245,0.0000,0.5100,0.0000,0.2296,0.2686,0.1579,SAFE,False,10,0,,,,,,
1771436121.787,0.0,66.55,4.7771,1.019,29.9,3,,,0.02279,0.1031,0.0000,0.3315,0.0000,0.2279,0.2544,0.1291,SAFE,False,10,0,,,,,,
1771436121.787,0.0,66.09,4.7826,0.992,28.0,3,,,0.02171,0.0729,0.0000,0.3062,0.0000,0.2171,0.2412,0.1185,SAFE,False,10,0,,,,,,
1771436121.787,0.0,66.24,4.8057,0.968,26.3,2,,,0.02254,0.0826,0.0000,0.2016,0.0000,0.2254,0.2139,0.1014,SAFE,False,10,0,,,,,,window_reset|B=10
1771436121.787,0.0,66.32,4.8053,0.945,24.6,2,,,0.02323,0.0882,0.0000,0.2030,0.0000,0.2323,0.2025,0.1007,SAFE,False,10,0,,,,,,
1771436121.787,0.0,66.33,4.8043,0.924,23.1,2,,,0.02041,0.0889,0.0000,0.2076,0.0000,0.2041,0.1919,0.0965,SAFE,False,10,0,,,,,,
1771436121.788,0.0,,,,,,,,,,,,,,,0.0965,SAFE,,10,,t946_0,0.30,CRITICAL,LOCAL,SAFE: all tasks permitted (weight=0.30),
1771436121.788,0.0,66.03,4.8234,0.938,24.2,2,-28416.726,24.45051,0.02113,0.0685,0.0000,0.1208,0.0000,0.2113,0.1991,0.0849,SAFE,False,10,0,,,,,,
1771436121.788,0.0,,,,,,,,,,,,,,,0.0849,SAFE,,10,,t947_0,0.31,LOW,LOCAL,SAFE: all tasks permitted (weight=0.31),
1771436121.788,0.0,65.07,4.7999,0.952,25.1,2,-86759.815,12.56006,0.02083,0.0050,0.0000,0.2278,0.0000,0.2083,0.2059,0.0922,SAFE,False,10,0,,,,,,
1771436121.788,0.0,65.85,4.8254,0.930,23.6,2,-61934.988,89.01264,0.02246,0.0568,0.0000,0.1118,0.0000,0.2246,0.1951,0.0828,SAFE,False,10,0,,,,,,
1771436121.788,0.0,65.25,4.8376,0.910,22.1,2,-79137.693,61.55182,0.02504,0.0166,0.0000,0.0561,0.0000,0.2504,0.1850,0.0713,SAFE,False,10,0,,,,,,
1771436121.788,0.0,65.04,4.8298,0.891,20.8,2,-64186.957,47.86988,0.02646,0.0027,0.0000,0.0920,0.0000,0.2646,0.1756,0.0739,SAFE,False,10,0,,,,,,
1771436121.788,0.0,64.74,4.8514,0.874,19.6,2,-91569.546,46.49648,0.02941,0.0000,0.0000,0.0000,0.0000,0.2941,0.1669,0.0628,SAFE,False,10,0,,,,,,
1771436121.788,0.0,,,,,,,,,,,,,,,0.0628,SAFE,,10,,t952_0,0.33,NORMAL,LOCAL,SAFE: all tasks permitted (weight=0.33),
1771436121.788,0.0,64.42,4.8302,0.894,21.0,2,-115993.304,25.27934,0.02135,0.0000,0.0000,0.0900,0.0000,0.2135,0.1772,0.0685,SAFE,False,10,0,,,,,,
1771436121.788,0.0,,,,,,,,,,,,,,,0.0685,SAFE,,10,,t953_0,0.26,NORMAL,LOCAL,SAFE: all tasks permitted (weight=0.26),
1771436121.788,0.0,,,,,,,,,,,,,,,0.0685,SAFE,,10,,t953_1,0.29,NORMAL,LOCAL,SAFE: all tasks permitted (weight=0.29),
1771436121.788,0.0,64.52,4.8275,0.939,24.2,2,-110372.720,23.56651,0.01834,0.0000,0.0000,0.1022,0.0000,0.1834,0.1993,0.0715,SAFE,False,10,0,,,,,,
1771436121.788,0.0,63.81,4.8208,0.918,22.7,2,,,0.01480,0.0000,0.0000,0.1326,0.0000,0.1480,0.1889,0.0698,SAFE,False,10,0,,,,,,
1771436121.788,0.0,64.29,4.7816,0.898,21.3,2,,,0.01811,0.0000,0.0000,0.3108,0.0000,0.1811,0.1792,0.0944,SAFE,False,10,0,,,,,,
1771436121.788,0.0,63.59,4.8509,0.880,20.0,2,,,0.01941,0.0000,0.0000,0.0000,0.0000,0.1941,0.1702,0.0535,SAFE,False,10,0,,,,,,
1771436121.788,0.0,63.89,4.8310,0.864,18.8,1,,,0.01859,0.0000,0.0000,0.0861,0.0000,0.1859,0.1469,0.0592,SAFE,False,10,0,,,,,,
1771436121.788,0.0,63.44,4.8579,0.848,17.7,1,,,0.02056,0.0000,0.0000,0.0000,0.0000,0.2056,0.1391,0.0484,SAFE,False,10,0,,,,,,window_reset|B=10
1771436121.788,0.0,63.46,4.8334,0.834,16.7,1,,,0.01864,0.0000,0.0000,0.0756,0.0000,0.1864,0.1319,0.0549,SAFE,False,10,0,,,,,,
1771436121.788,0.0,,,,,,,,,,,,,,,0.0549,SAFE,,10,,t960_0,0.68,HIGH,LOCAL,SAFE: all tasks permitted (weight=0.68),
1771436121.788,0.0,,,,,,,,,,,,,,,0.0549,SAFE,,10,,t960_1,0.43,HIGH,LOCAL,SAFE: all tasks permitted (weight=0.43),
1771436121.788,0.0,,,,,,,,,,,,,,,0.0549,SAFE,,10,,t960_2,0.42,NORMAL,LOCAL,SAFE: all tasks permitted (weight=0.42),
1771436121.788,0.0,63.42,4.8014,0.993,28.1,3,,,0.02039,0.0000,0.0000,0.2210,0.0000,0.2039,0.2417,0.0975,SAFE,False,10,0,,,,,,
1771436121.788,0.0,,,,,,,,,,,,,,,0.0975,SAFE,,10,,t961_0,0.38,NORMAL,LOCAL,SAFE: all tasks permitted (weight=0.38),
1771436121.788,0.0,63.89,4.7965,1.012,29.4,3,,,0.02212,0.0000,0.0000,0.2432,0.0000,0.2212,0.2508,0.1039,SAFE,False,10,0,,,,,,
1771436121.788,0.0,62.94,4.7921,0.986,27.6,3,,,0.02396,0.0000,0.0000,0.2630,0.0000,0.2396,0.2379,0.1057,SAFE,False,10,0,,,,,,
1771436121.788,0.0,63.10,4.8081,0.962,25.8,2,,,0.02261,0.0000,0.0000,0.1903,0.0000,0.2261,0.2108,0.0895,SAFE,False,10,0,,,,,,
1771436121.788,0.0,63.03,4.8513,0.939,24.2,2,,,0.02416,0.0000,0.0000,0.0000,0.0000,0.2416,0.1996,0.0641,SAFE,False,10,0,,,,,,
1771436121.788,0.0,62.45,4.8509,0.918,22.7,2,,,0.02550,0.0000,0.0000,0.0000,0.0000,0.2550,0.1892,0.0633,SAFE,False,10,0,,,,,,
1771436121.788,0.0,,,,,,,,,,,,,,,0.0633,SAFE,,10,,t966_0,0.48,NORMAL,LOCAL,SAFE: all tasks permitted (weight=0.48),
1771436121.788,0.0,62.92,4.8358,0.954,25.3,2,,,0.02573,0.0000,0.0000,0.0646,0.0000,0.2573,0.2069,0.0755,SAFE,False,10,0,,,,,,
1771436121.788,0.0,62.43,4.7843,0.932,23.7,2,,,0.02537,0.0000,0.0000,0.2987,0.0000,0.2537,0.1960,0.1034,SAFE,False,10,0,,,,,,
1771436121.788,0.0,62.29,4.7864,0.912,22.3,2,,,0.02603,0.0000,0.0000,0.2893,0.0000,0.2603,0.1858,0.1008,SAFE,False,10,0,,,,,,
1771436121.788,0.0,,,,,,,,,,,,,,,0.1008,SAFE,,10,,t969_0,0.59,LOW,LOCAL,SAFE: all tasks permitted (weight=0.59),
1771436121.788,0.0,,,,,,,,,,,,,,,0.1008,SAFE,,10,,t969_1,0.69,NORMAL,LOCAL,SAFE: all tasks permitted (weight=0.69),
1771436121.788,0.0,62.42,4.7840,1.037,31.2,3,,,0.02744,0.0000,0.0000,0.3000,0.0000,0.2744,0.2636,0.1192,SAFE,False,10,0,,,,,,
1771436121.788,0.0,62.90,4.7822,1.010,29.3,3,,,0.02553,0.0000,0.0000,0.3084,0.0000,0.2553,0.2498,0.1156,SAFE,False,10,0,,,,,,
1771436121.788,0.0,62.51,4.8049,0.984,27.4,3,,,0.02444,0.0000,0.0000,0.2050,0.0000,0.2444,0.2369,0.0985,SAFE,False,10,0,,,,,,
1771436121.788,0.0,62.66,4.6941,0.960,25.7,2,,,0.03959,0.0000,0.0000,0.7087,0.0000,0.3959,0.2100,0.1737,SAFE,False,10,0,,,,,,
1771436121.788,0.0,62.56,4.8252,0.938,24.1,2,,,0.04032,0.0000,0.0000,0.1126,0.0000,0.4032,0.1988,0.0947,SAFE,False,10,0,,,,,,window_reset|B=10
1771436121.788,0.0,62.90,4.8088,0.917,22.6,2,,,0.04032,0.0000,0.0000,0.1873,0.0000,0.4032,0.1885,0.1024,SAFE,False,10,0,,,,,,
1771436121.788,0.0,62.64,4.8333,0.898,21.3,2,,,0.04126,0.0000,0.0000,0.0757,0.0000,0.4126,0.1789,0.0869,SAFE,False,10,0,,,,,,
1771436121.788,0.0,62.16,4.8045,0.880,20.0,2,,,0.03869,0.0000,0.0000,0.2070,0.0000,0.3869,0.1699,0.0996,SAFE,False,10,0,,,,,,
1771436121.788,0.0,62.15,4.8365,0.863,18.8,1,,,0.03728,0.0000,0.0000,0.0612,0.0000,0.3728,0.1466,0.0746,SAFE,False,10,0,,,,,,
1771436121.788,0.0,61.54,4.8500,0.848,17.7,1,,,0.03865,0.0000,0.0000,0.0000,0.0000,0.3865,0.1389,0.0664,SAFE,False,10,0,,,,,,
1771436121.788,0.0,61.53,4.8570,0.833,16.7,1,,,0.04139,0.0000,0.0000,0.0000,0.0000,0.4139,0.1317,0.0677,SAFE,False,10,0,,,,,,
1771436121.788,0.0,61.35,4.8161,0.820,15.7,1,,,0.04105,0.0000,0.0000,0.1543,0.0000,0.4105,0.1250,0.0861,SAFE,False,10,0,,,,,,
1771436121.788,0.0,61.24,4.8927,0.807,14.8,1,,,0.04640,0.0000,0.0000,0.0000,0.0000,0.4640,0.1187,0.0701,SAFE,False,10,0,,,,,,
1771436121.788,0.0,,,,,,,,,,,,,,,0.0701,SAFE,,10,,t982_0,0.22,NORMAL,LOCAL,SAFE: all tasks permitted (weight=0.22),
1771436121.788,0.0,61.12,4.8425,0.821,15.8,1,,,0.04560,0.0000,0.0000,0.0340,0.0000,0.4560,0.1257,0.0752,SAFE,False,10,0,,,,,,
1771436121.788,0.0,60.23,4.8520,0.809,14.9,1,,,0.04598,0.0000,0.0000,0.0000,0.0000,0.4598,0.1194,0.0699,SAFE,False,10,0,,,,,,
1771436121.789,0.0,,,,,,,,,,,,,,,0.0699,SAFE,,10,,t984_0,0.27,NORMAL,LOCAL,SAFE: all tasks permitted (weight=0.27),
1771436121.789,0.0,60.11,4.8441,0.828,16.3,1,-122705.110,39.52628,0.02309,0.0000,0.0000,0.0267,0.0000,0.2309,0.1289,0.0523,SAFE,False,10,0,,,,,,
1771436121.789,0.0,,,,,,,,,,,,,,,0.0523,SAFE,,10,,t985_0,0.26,HIGH,LOCAL,SAFE: all tasks permitted (weight=0.26),
1771436121.789,0.0,60.67,4.8344,0.844,17.4,1,-88442.543,-2.08987,0.02279,0.0000,0.0000,0.0708,0.0000,0.2279,0.1371,0.0594,SAFE,False,10,0,,,,,,
1771436121.789,0.0,60.55,4.8492,0.830,16.4,1,-59181.494,-0.79429,0.02093,0.0000,0.0000,0.0036,0.0000,0.2093,0.1300,0.0474,SAFE,False,10,0,,,,,,
1771436121.789,0.0,59.01,4.8340,0.817,15.5,1,-150370.489,-22.91502,0.02091,0.0000,0.0000,0.0729,0.0000,0.2091,0.1235,0.0551,SAFE,False,10,0,,,,,,
1771436121.789,0.0,59.38,4.8775,0.805,14.6,1,-117705.699,61.19606,0.01946,0.0000,0.0000,0.0000,0.0000,0.1946,0.1173,0.0429,SAFE,False,10,0,,,,,,window_reset|B=10
1771436121.789,0.0,59.38,4.8815,0.793,13.8,1,-111701.641,-11.16919,0.02100,0.0000,0.0000,0.0000,0.0000,0.2100,0.1116,0.0433,SAFE,False,10,0,,,,,,
1771436121.789,0.0,58.98,4.8645,0.783,13.1,1,-127854.014,21.89722,0.02123,0.0000,0.0000,0.0000,0.0000,0.2123,0.1064,0.0425,SAFE,False,10,0,,,,,,
1771436121.789,0.0,58.92,4.8803,0.773,12.3,1,-77911.195,28.13620,0.02246,0.0000,0.0000,0.0000,0.0000,0.2246,0.1014,0.0427,SAFE,False,10,0,,,,,,
1771436121.789,0.0,58.48,4.8607,0.764,11.7,1,,,0.01901,0.0000,0.0000,0.0000,0.0000,0.1901,0.0968,0.0384,SAFE,False,10,0,,,,,,
1771436121.789,0.0,57.95,4.8786,0.755,11.1,1,,,0.01727,0.0000,0.0000,0.0000,0.0000,0.1727,0.0926,0.0358,SAFE,False,10,0,,,,,,
1771436121.789,0.0,,,,,,,,,,,,,,,0.0358,SAFE,,10,,t994_0,0.39,NORMAL,LOCAL,SAFE: all tasks permitted (weight=0.39),
1771436121.789,0.0,57.74,4.8632,0.792,13.7,1,,,0.01664,0.0000,0.0000,0.0000,0.0000,0.1664,0.1109,0.0388,SAFE,False,10,0,,,,,,
1771436121.789,0.0,,,,,,,,,,,,,,,0.0388,SAFE,,10,,t995_0,0.79,LOW,LOCAL,SAFE: all tasks permitted (weight=0.79),
1771436121.789,0.0,57.56,4.7961,0.872,19.4,2,,,0.02429,0.0000,0.0000,0.2449,0.0000,0.2429,0.1658,0.0893,SAFE,False,10,0,,,,,,
1771436121.789,0.0,,,,,,,,,,,,,,,0.0893,SAFE,,10,,t996_0,0.70,NORMAL,LOCAL,SAFE: all tasks permitted (weight=0.70),
1771436121.789,0.0,57.38,4.8199,0.935,23.9,2,,,0.02608,0.0000,0.0000,0.1370,0.0000,0.2608,0.1974,0.0834,SAFE,False,10,0,,,,,,
1771436121.789,0.0,57.95,4.8372,0.914,22.5,2,,,0.02593,0.0000,0.0000,0.0582,0.0000,0.2593,0.1872,0.0709,SAFE,False,10,0,,,,,,
1771436121.789,0.0,57.37,4.8108,0.895,21.1,2,,,0.02851,0.0000,0.0000,0.1783,0.0000,0.2851,0.1776,0.0872,SAFE,False,10,0,,,,,,
1771436121.789,0.0,,,,,,,,,,,,,,,0.0872,SAFE,,10,,t999_0,0.31,CRITICAL,LOCAL,SAFE: all tasks permitted (weight=0.31),
1771436121.789,0.0,,,,,,,,,,,,,,,0.0872,SAFE,,10,,t999_1,0.58,HIGH,LOCAL,SAFE: all tasks permitted (weight=0.58),
1771436121.789,0.0,58.26,4.8219,0.980,27.1,3,,,0.02928,0.0000,0.0000,0.1280,0.0000,0.2928,0.2349,0.0929,SAFE,False,10,0,,,,,,
1771436121.789,0.0,,,,,,,,,,,,,,,0.0929,SAFE,,10,,t1000_0,0.37,HIGH,LOCAL,SAFE: all tasks permitted (weight=0.37),
1771436121.789,0.0,57.57,4.8422,0.998,28.5,3,,,0.02805,0.0000,0.0000,0.0355,0.0000,0.2805,0.2442,0.0815,SAFE,False,10,0,,,,,,
1771436121.789,0.0,58.11,4.8240,0.973,26.7,2,,,0.02651,0.0000,0.0000,0.1184,0.0000,0.2651,0.2167,0.0852,SAFE,False,10,0,,,,,,
1771436121.789,0.0,,,,,,,,,,,,,,,0.0852,SAFE,,10,,t1002_0,0.65,LOW,LOCAL,SAFE: all tasks permitted (weight=0.65),
1771436121.789,0.0,57.53,4.7813,1.025,30.4,3,,,0.03024,0.0000,0.0000,0.3123,0.0000,0.3024,0.2575,0.1223,SAFE,False,10,0,,,,,,
1771436121.789,0.0,,,,,,,,,,,,,,,0.1223,SAFE,,10,,t1003_0,0.59,HIGH,LOCAL,SAFE: all tasks permitted (weight=0.59),
1771436121.789,0.0,58.05,4.7652,1.066,33.3,3,,,0.03243,0.0000,0.0000,0.3856,0.0000,0.3243,0.2780,0.1381,SAFE,False,10,0,,,,,,window_reset|B=10
1771436121.789,0.0,59.28,4.7975,1.036,31.2,3,,,0.03132,0.0000,0.0000,0.2385,0.0000,0.3132,0.2631,0.1149,SAFE,False,10,0,,,,,,
1771436121.789,0.0,,,,,,,,,,,,,,,0.1149,SAFE,,10,,t1005_0,0.39,LOW,LOCAL,SAFE: all tasks permitted (weight=0.39),
1771436121.789,0.0,58.92,4.7769,1.054,32.4,3,,,0.02784,0.0000,0.0000,0.3324,0.0000,0.2784,0.2719,0.1254,SAFE,False,10,0,,,,,,
1771436121.789,0.0,59.00,4.8040,1.025,30.4,3,,,0.02304,0.0000,0.0000,0.2089,0.0000,0.2304,0.2575,0.1017,SAFE,False,10,0,,,,,,
1771436121.789,0.0,58.97,4.7712,0.998,28.4,3,,,0.02492,0.0000,0.0000,0.3583,0.0000,0.2492,0.2441,0.1203,SAFE,False,10,0,,,,,,
1771436121.789,0.0,,,,,,,,,,,,,,,0.1203,SAFE,,10,,t1008_0,0.42,HIGH,LOCAL,SAFE: all tasks permitted (weight=0.42),
1771436121.789,0.0,59.16,4.8067,1.022,30.1,3,,,0.02450,0.0000,0.0000,0.1970,0.0000,0.2450,0.2559,0.1013,SAFE,False,10,0,,,,,,
1771436121.789,0.0,58.78,4.7861,0.995,28.2,3,,,0.02259,0.0000,0.0000,0.2903,0.0000,0.2259,0.2426,0.1089,SAFE,False,10,0,,,,,,
1771436121.789,0.0,59.14,4.8230,0.971,26.5,2,,,0.02336,0.0000,0.0000,0.1226,0.0000,0.2336,0.2153,0.0824,SAFE,False,10,0,,,,,,
1771436121.789,0.0,59.15,4.7956,0.948,24.8,2,,,0.02242,0.0000,0.0000,0.2475,0.0000,0.2242,0.2038,0.0954,SAFE,False,10,0,,,,,,
1771436121.789,0.0,59.51,4.8234,0.926,23.3,2,,,0.01976,0.0000,0.0000,0.1211,0.0000,0.1976,0.1931,0.0741,SAFE,False,10,0,,,,,,
1771436121.789,0.0,59.78,4.8441,0.906,21.9,2,,,0.02269,0.0000,0.0000,0.0268,0.0000,0.2269,0.1831,0.0628,SAFE,False,10,0,,,,,,
1771436121.789,0.0,,,,,,,,,,,,,,,0.0628,SAFE,,10,,t1014_0,0.75,LOW,LOCAL,SAFE: all tasks permitted (weight=0.75),
1771436121.789,0.0,,,,,,,,,,,,,,,0.0628,SAFE,,10,,t1014_1,0.82,HIGH,LOCAL,SAFE: all tasks permitted (weight=0.82),
1771436121.789,0.0,59.22,4.7945,1.068,33.4,3,,,0.02217,0.0000,0.0000,0.2522,0.0000,0.2217,0.2789,0.1107,SAFE,False,10,0,,,,,,
1771436121.789,0.0,59.97,4.8017,1.038,31.3,3,,,0.01968,0.0000,0.0000,0.2195,0.0000,0.1968,0.2640,0.1010,SAFE,False,10,0,,,,,,
1771436121.789,0.0,59.99,4.7852,1.010,29.3,3,,,0.02021,0.0000,0.0000,0.2946,0.0000,0.2021,0.2501,0.1085,SAFE,False,10,0,,,,,,
1771436121.789,0.0,59.81,4.8246,0.984,27.5,3,,,0.01975,0.0000,0.0000,0.1153,0.0000,0.1975,0.2372,0.0822,SAFE,False,10,0,,,,,,
1771436121.789,0.0,,,,,,,,,,,,,,,0.0822,SAFE,,10,,t1018_0,0.70,NORMAL,LOCAL,SAFE: all tasks permitted (weight=0.70),
1771436121.790,0.0,59.98,4.7953,1.041,31.5,3,49996.060,-27.62518,0.01994,0.0000,0.0000,0.2485,0.0000,0.1994,0.2653,0.1053,SAFE,False,10,0,,,,,,window_reset|B=10
1771436121.790,0.0,60.04,4.7893,1.013,29.5,3,53323.984,-6.22257,0.01796,0.0000,0.0000,0.2758,0.0000,0.1796,0.2513,0.1041,SAFE,False,10,0,,,,,,
1771436121.790,0.0,59.39,4.7912,0.987,27.6,3,-7460.805,-32.06247,0.01840,0.0000,0.0000,0.2672,0.0000,0.1840,0.2383,0.1008,SAFE,False,10,0,,,,,,
1771436121.790,0.0,59.64,4.7995,0.963,25.9,2,-8525.320,-44.43499,0.01764,0.0000,0.0000,0.2294,0.0000,0.1764,0.2113,0.0897,SAFE,False,10,0,,,,,,
1771436121.790,0.0,59.83,4.8282,0.940,24.3,2,36907.949,33.62366,0.01812,0.0000,0.0000,0.0989,0.0000,0.1812,0.2001,0.0710,SAFE,False,10,0,,,,,,
1771436121.790,0.0,,,,,,,,,,,,,,,0.0710,SAFE,,10,,t1023_0,0.46,NORMAL,LOCAL,SAFE: all tasks permitted (weight=0.46),
1771436121.790,0.0,59.58,4.8147,0.972,26.6,2,-23607.647,12.92984,0.01797,0.0000,0.0000,0.1605,0.0000,0.1797,0.2159,0.0820,SAFE,False,10,0,,,,,,
1771436121.790,0.0,60.75,4.8335,0.949,24.9,2,45964.010,48.18606,0.01890,0.0000,0.0000,0.0750,0.0000,0.1890,0.2044,0.0695,SAFE,False,10,0,,,,,,
1771436121.790,0.0,59.50,4.8215,0.927,23.4,2,-18498.919,-3.08791,0.01619,0.0000,0.0000,0.1294,0.0000,0.1619,0.1936,0.0717,SAFE,False,10,0,,,,,,
1771436121.790,0.0,,,,,,,,,,,,,,,0.0717,SAFE,,10,,t1026_0,0.27,NORMAL,LOCAL,SAFE: all tasks permitted (weight=0.27),
1771436121.790,0.0,59.93,4.7966,0.939,24.2,2,,,0.01607,0.0000,0.0000,0.2426,0.0000,0.1607,0.1993,0.0875,SAFE,False,10,0,,,,,,
1771436121.790,0.0,60.07,4.8136,0.918,22.7,2,,,0.01610,0.0000,0.0000,0.1655,0.0000,0.1610,0.1889,0.0754,SAFE,False,10,0,,,,,,
1771436121.790,0.0,,,,,,,,,,,,,,,0.0754,SAFE,,10,,t1028_0,0.69,NORMAL,LOCAL,SAFE: all tasks permitted (weight=0.69),
1771436121.790,0.0,60.64,4.8011,0.978,27.0,2,,,0.01478,0.0000,0.0000,0.2223,0.0000,0.1478,0.2188,0.0875,SAFE,False,10,0,,,,,,
1771436121.790,0.0,59.32,4.8380,0.954,25.3,2,,,0.01633,0.0000,0.0000,0.0545,0.0000,0.1633,0.2071,0.0648,SAFE,False,10,0,,,,,,
1771436121.790,0.0,,,,,,,,,,,,,,,0.0648,SAFE,,10,,t1030_0,0.35,HIGH,LOCAL,SAFE: all tasks permitted (weight=0.35),
1771436121.790,0.0,60.57,4.8084,0.972,26.6,2,,,0.01573,0.0000,0.0000,0.1889,0.0000,0.1573,0.2161,0.0835,SAFE,False,10,0,,,,,,
1771436121.790,0.0,60.11,4.8539,0.949,24.9,2,,,0.01814,0.0000,0.0000,0.0000,0.0000,0.1814,0.2046,0.0591,SAFE,False,10,0,,,,,,
1771436121.790,0.0,,,,,,,,,,,,,,,0.0591,SAFE,,10,,t1032_0,0.30,NORMAL,LOCAL,SAFE: all tasks permitted (weight=0.30),
1771436121.790,0.0,60.43,4.8194,0.962,25.9,2,,,0.01644,0.0000,0.0000,0.1392,0.0000,0.1644,0.2111,0.0768,SAFE,False,10,0,,,,,,
1771436121.790,0.0,60.03,4.8306,0.940,24.3,2,,,0.01559,0.0000,0.0000,0.0882,0.0000,0.1559,0.1999,0.0670,SAFE,False,10,0,,,,,,window_reset|B=10
1771436121.790,0.0,,,,,,,,,,,,,,,0.0670,SAFE,,10,,t1034_0,0.30,LOW,LOCAL,SAFE: all tasks permitted (weight=0.30),
1771436121.790,0.0,60.51,4.7920,0.953,25.2,2,,,0.01741,0.0000,0.0000,0.2635,0.0000,0.1741,0.2067,0.0930,SAFE,False,10,0,,,,,,
1771436121.790,0.0,,,,,,,,,,,,,,,0.0930,SAFE,,10,,t1035_0,0.55,NORMAL,LOCAL,SAFE: all tasks permitted (weight=0.55),
1771436121.790,0.0,59.90,4.7985,0.996,28.3,3,,,0.01827,0.0000,0.0000,0.2343,0.0000,0.1827,0.2428,0.0973,SAFE,False,10,0,,,,,,
1771436121.790,0.0,,,,,,,,,,,,,,,0.0973,SAFE,,10,,t1036_0,0.75,CRITICAL,LOCAL,SAFE: all tasks permitted (weight=0.75),
1771436121.790,0.0,60.63,4.8038,1.058,32.7,3,,,0.01792,0.0000,0.0000,0.2100,0.0000,0.1792,0.2739,0.1000,SAFE,False,10,0,,,,,,
1771436121.790,0.0,61.15,4.7756,1.029,30.6,3,,,0.02074,0.0000,0.0000,0.3380,0.0000,0.2074,0.2593,0.1165,SAFE,False,10,0,,,,,,
1771436121.790,0.0,,,,,,,,,,,,,,,0.1165,SAFE,,10,,t1038_0,0.79,NORMAL,LOCAL,SAFE: all tasks permitted (weight=0.79),
1771436121.790,0.0,60.95,4.7819,1.093,35.2,4,,,0.02195,0.0000,0.0000,0.3094,0.0000,0.2195,0.3065,0.1235,SAFE,False,10,0,,,,,,
1771436121.790,0.0,,,,,,,,,,,,,,,0.1235,SAFE,,10,,t1039_0,0.58,HIGH,LOCAL,SAFE: all tasks permitted (weight=0.58),
1771436121.790,0.0,60.87,4.7796,1.128,37.7,4,,,0.02341,0.0000,0.0000,0.3198,0.0000,0.2341,0.3240,0.1298,SAFE,False,10,0,,,,,,
1771436121.790,0.0,,,,,,,,,,,,,,,0.1298,SAFE,,10,,t1040_0,0.42,LOW,LOCAL,SAFE: all tasks permitted (weight=0.42),
1771436121.790,0.0,60.94,4.7601,1.143,38.8,4,,,0.02676,0.0000,0.0000,0.4085,0.0000,0.2676,0.3315,0.1462,SAFE,False,10,0,,,,,,
1771436121.790,0.0,61.56,4.7787,1.108,36.3,4,,,0.02537,0.0000,0.0000,0.3242,0.0000,0.2537,0.3139,0.1303,SAFE,False,10,0,,,,,,
1771436121.790,0.0,61.73,4.7722,1.075,33.9,3,,,0.02615,0.0000,0.0000,0.3535,0.0000,0.2615,0.2826,0.1286,SAFE,False,10,0,,,,,,
1771436121.790,0.0,61.77,4.7986,1.045,31.8,3,,,0.01948,0.0000,0.0000,0.2335,0.0000,0.1948,0.2675,0.1033,SAFE,False,10,0,,,,,,
1771436121.790,0.0,,,,,,,,,,,,,,,0.1033,SAFE,,10,,t1044_0,0.73,LOW,LOCAL,SAFE: all tasks permitted (weight=0.73),
1771436121.790,0.0,62.66,4.7496,1.101,35.8,4,,,0.02051,0.0000,0.0000,0.4563,0.0000,0.2051,0.3106,0.1420,SAFE,False,10,0,,,,,,
1771436121.790,0.0,,,,,,,,,,,,,,,0.1420,SAFE,,10,,t1045_0,0.35,NORMAL,LOCAL,SAFE: all tasks permitted (weight=0.35),
1771436121.790,0.0,62.42,4.7509,1.110,36.4,4,,,0.01737,0.0000,0.0000,0.4506,0.0000,0.1737,0.3151,0.1390,SAFE,False,10,0,,,,,,
1771436121.790,0.0,62.02,4.7779,1.077,34.1,3,,,0.01689,0.0000,0.0000,0.3276,0.0000,0.1689,0.2837,0.1162,SAFE,False,10,0,,,,,,
1771436121.790,0.0,62.70,4.7782,1.047,31.9,3,,,0.01566,0.0000,0.0000,0.3264,0.0000,0.1566,0.2684,0.1118,SAFE,False,10,0,,,,,,
1771436121.790,0.0,,,,,,,,,,,,,,,0.1118,SAFE,,10,,t1048_0,0.35,NORMAL,LOCAL,SAFE: all tasks permitted (weight=0.35),
1771436121.790,0.0,62.19,4.7950,1.059,32.8,3,,,0.01448,0.0000,0.0000,0.2500,0.0000,0.1448,0.2745,0.1019,SAFE,False,10,0,,,,,,window_reset|B=10
1771436121.790,0.0,62.41,4.8048,1.030,30.7,3,,,0.01669,0.0000,0.0000,0.2054,0.0000,0.1669,0.2599,0.0954,SAFE,False,10,0,,,,,,
1771436121.790,0.0,62.94,4.8329,1.003,28.8,3,,,0.02272,0.0000,0.0000,0.0778,0.0000,0.2272,0.2463,0.0821,SAFE,False,10,0,,,,,,
1771436121.790,0.0,62.82,4.7709,0.977,27.0,2,,,0.02291,0.0000,0.0000,0.3596,0.0000,0.2291,0.2187,0.1134,SAFE,False,10,0,,,,,,
1771436121.790,0.0,,,,,,,,,,,,,,,0.1134,SAFE,,10,,t1052_0,0.30,HIGH,LOCAL,SAFE: all tasks permitted (weight=0.30),
1771436121.790,0.0,,,,,,,,,,,,,,,0.1134,SAFE,,10,,t1052_1,0.28,HIGH,LOCAL,SAFE: all tasks permitted (weight=0.28),
1771436121.790,0.0,62.67,4.7923,1.021,30.1,3,,,0.02220,0.0000,0.0000,0.2623,0.0000,0.2220,0.2554,0.1074,SAFE,False,10,0,,,,,,
1771436121.791,0.0,62.69,4.8011,0.994,28.2,3,15896.425,50.49508,0.02266,0.0000,0.0000,0.2221,0.0000,0.2266,0.2421,0.0999,SAFE,False,10,0,,,,,,
1771436121.791,0.0,,,,,,,,,,,,,,,0.0999,SAFE,,10,,t1054_0,0.69,NORMAL,LOCAL,SAFE: all tasks permitted (weight=0.69),
1771436121.791,0.0,63.00,4.7821,1.050,32.1,3,59409.688,4.18313,0.02234,0.0000,0.0000,0.3087,0.0000,0.2234,0.2700,0.1165,SAFE,False,10,0,,,,,,
1771436121.791,0.0,63.29,4.7622,1.021,30.1,3,35585.630,-16.04595,0.02291,0.0000,0.0000,0.3991,0.0000,0.2291,0.2557,0.1259,SAFE,False,10,0,,,,,,
1771436121.791,0.0,,,,,,,,,,,,,,,0.1259,SAFE,,10,,t1056_0,0.48,NORMAL,LOCAL,SAFE: all tasks permitted (weight=0.48),
1771436121.791,0.0,62.46,4.7961,1.050,32.2,3,16300.052,1.14881,0.02074,0.0000,0.0000,0.2448,0.0000,0.2074,0.2702,0.1066,SAFE,False,10,0,,,,,,
1771436121.791,0.0,,,,,,,,,,,,,,,0.1066,SAFE,,10,,t1057_0,0.54,CRITICAL,LOCAL,SAFE: all tasks permitted (weight=0.54),
1771436121.791,0.0,,,,,,,,,,,,,,,0.1066,SAFE,,10,,t1057_1,0.75,NORMAL,LOCAL,SAFE: all tasks permitted (weight=0.75),
1771436121.791,0.0,63.33,4.7885,1.173,40.9,4,55264.109,-16.35509,0.01765,0.0000,0.0000,0.2794,0.0000,0.1765,0.3463,0.1232,SAFE,False,10,0,,,,,,
1771436121.791,0.0,,,,,,,,,,,,,,,0.1232,SAFE,,10,,t1058_0,0.46,CRITICAL,LOCAL,SAFE: all tasks permitted (weight=0.46),
1771436121.791,0.0,63.64,4.7356,1.189,42.1,4,41924.955,-97.70128,0.02312,0.0000,0.0000,0.5199,0.0000,0.2312,0.3547,0.1617,SAFE,False,10,0,,,,,,
1771436121.791,0.0,63.71,4.7746,1.151,39.4,4,53693.885,3.74700,0.02325,0.0000,0.0000,0.3426,0.0000,0.2325,0.3355,0.1349,SAFE,False,10,0,,,,,,
1771436121.791,0.0,,,,,,,,,,,,,,,0.1349,SAFE,,10,,t1060_0,0.51,HIGH,LOCAL,SAFE: all tasks permitted (weight=0.51),
1771436121.791,0.0,64.56,4.7274,1.175,41.0,4,113999.866,-65.20693,0.02815,0.0000,0.0000,0.5574,0.0000,0.2815,0.3473,0.1701,SAFE,False,10,0,,,,,,
1771436121.791,0.0,,,,,,,,,,,,,,,0.1701,SAFE,,10,,t1061_0,0.30,NORMAL,LOCAL,SAFE: all tasks permitted (weight=0.30),
1771436121.791,0.0,64.89,4.7868,1.172,40.9,4,,,0.02729,0.0000,0.0000,0.2871,0.0000,0.2729,0.3461,0.1338,SAFE,False,10,0,,,,,,
1771436121.791,0.0,64.68,4.7442,1.135,38.2,4,,,0.02351,0.0000,0.0000,0.4809,0.0000,0.2351,0.3275,0.1515,SAFE,False,10,0,,,,,,
1771436121.791,0.0,,,,,,,,,,,,,,,0.1515,SAFE,,10,,t1063_0,0.33,CRITICAL,LOCAL,SAFE: all tasks permitted (weight=0.33),
1771436121.791,0.0,,,,,,,,,,,,,,,0.1515,SAFE,,10,,t1063_1,0.80,NORMAL,LOCAL,SAFE: all tasks permitted (weight=0.80),
1771436121.791,0.0,65.34,4.7557,1.232,45.1,5,,,0.02393,0.0227,0.0000,0.4286,0.0000,0.2393,0.3908,0.1605,SAFE,False,10,0,,,,,,window_reset|B=10
1771436121.791,0.0,65.70,4.7186,1.190,42.2,4,,,0.02684,0.0464,0.0000,0.5972,0.0000,0.2684,0.3552,0.1811,SAFE,False,10,0,,,,,,
1771436121.791,0.0,,,,,,,,,,,,,,,0.1811,SAFE,,10,,t1065_0,0.72,LOW,LOCAL,SAFE: all tasks permitted (weight=0.72),
1771436121.791,0.0,65.75,4.7520,1.236,45.4,5,,,0.02458,0.0499,0.0000,0.4454,0.0000,0.2458,0.3928,0.1670,SAFE,False,10,0,,,,,,
1771436121.791,0.0,66.16,4.7054,1.194,42.4,4,,,0.02784,0.0775,0.0000,0.6572,0.0000,0.2784,0.3571,0.1940,SAFE,False,10,0,,,,,,
1771436121.791,0.0,66.64,4.7364,1.155,39.7,4,,,0.02812,0.1093,0.0000,0.5165,0.0000,0.2812,0.3377,0.1759,SAFE,False,10,0,,,,,,
1771436121.791,0.0,,,,,,,,,,,,,,,0.1759,SAFE,,10,,t1068_0,0.37,NORMAL,LOCAL,SAFE: all tasks permitted (weight=0.37),
1771436121.791,0.0,,,,,,,,,,,,,,,0.1759,SAFE,,10,,t1068_1,0.69,HIGH,LOCAL,SAFE: all tasks permitted (weight=0.69),
1771436121.791,0.0,66.85,4.7283,1.243,45.9,5,,,0.02531,0.1235,0.0000,0.5533,0.0000,0.2531,0.3963,0.1913,SAFE,False,10,0,,,,,,
1771436121.791,0.0,66.63,4.7933,1.201,42.9,4,,,0.02601,0.1084,0.0000,0.2575,0.0000,0.2601,0.3603,0.1446,SAFE,False,10,0,,,,,,
1771436121.791,0.0,66.83,4.7618,1.162,40.1,4,,,0.02610,0.1222,0.0000,0.4008,0.0000,0.2610,0.3408,0.1610,SAFE,False,10,0,,,,,,
1771436121.791,0.0,67.22,4.7856,1.125,37.5,4,,,0.02716,0.1478,0.0000,0.2929,0.0000,0.2716,0.3226,0.1475,SAFE,False,10,0,,,,,,
1771436121.791,0.0,,,,,,,,,,,,,,,0.1475,SAFE,,10,,t1072_0,0.38,HIGH,LOCAL,SAFE: all tasks permitted (weight=0.38),
1771436121.791,0.0,67.50,4.7411,1.136,38.3,4,,,0.02648,0.1668,0.0000,0.4948,0.0000,0.2648,0.3278,0.1764,SAFE,False,10,0,,,,,,
1771436121.791,0.0,,,,,,,,,,,,,,,0.1764,SAFE,,10,,t1073_0,0.45,NORMAL,LOCAL,SAFE: all tasks permitted (weight=0.45),
1771436121.791,0.0,67.10,4.7513,1.154,39.6,4,,,0.02416,0.1399,0.0000,0.4486,0.0000,0.2416,0.3370,0.1667,SAFE,False,10,0,,,,,,
1771436121.791,0.0,,,,,,,,,,,,,,,0.1667,SAFE,,10,,t1074_0,0.62,HIGH,LOCAL,SAFE: all tasks permitted (weight=0.62),
1771436121.791,0.0,,,,,,,,,,,,,,,0.1667,SAFE,,10,,t1074_1,0.32,HIGH,LOCAL,SAFE: all tasks permitted (weight=0.32),
1771436121.791,0.0,67.53,4.7548,1.228,44.9,5,,,0.02421,0.1687,0.0000,0.4328,0.0000,0.2421,0.3892,0.1786,SAFE,False,10,0,,,,,,
1771436121.791,0.0,,,,,,,,,,,,,,,0.1786,SAFE,,10,,t1075_0,0.59,HIGH,LOCAL,SAFE: all tasks permitted (weight=0.59),
1771436121.791,0.0,68.13,4.7340,1.257,46.9,5,,,0.02443,0.2087,0.0000,0.5275,0.0000,0.2443,0.4034,0.1987,SAFE,False,10,0,,,,,,
1771436121.791,0.0,,,,,,,,,,,,,,,0.1987,SAFE,,10,,t1076_0,0.51,LOW,LOCAL,SAFE: all tasks permitted (weight=0.51),
1771436121.791,0.0,68.96,4.7157,1.274,48.1,5,,,0.02472,0.2640,0.0000,0.6104,0.0000,0.2472,0.4119,0.2181,SAFE,False,10,0,,,,,,
1771436121.791,0.0,68.77,4.7660,1.230,45.0,5,,,0.02527,0.2516,0.0000,0.3818,0.0000,0.2527,0.3898,0.1831,SAFE,False,10,0,,,,,,
1771436121.791,0.0,68.95,4.7556,1.189,42.0,4,,,0.02183,0.2635,0.0000,0.4289,0.0000,0.2183,0.3543,0.1801,SAFE,False,10,0,,,,,,window_reset|B=10
1771436121.791,0.0,,,,,,,,,,,,,,,0.1801,SAFE,,10,,t1079_0,0.84,HIGH,LOCAL,SAFE: all tasks permitted (weight=0.84),
1771436121.792,0.0,69.74,4.7017,1.249,46.3,5,167370.094,-92.70919,0.02565,0.3159,0.0000,0.6739,0.0000,0.2565,0.3993,0.2310,SAFE,False,10,0,,,,,,
1771436121.792,0.0,69.16,4.7185,1.206,43.3,5,110025.317,-25.06927,0.02645,0.2773,0.0000,0.5979,0.0000,0.2645,0.3781,0.2131,SAFE,False,10,0,,,,,,
1771436121.792,0.0,,,,,,,,,,,,,,,0.2131,SAFE,,10,,t1081_0,0.54,NORMAL,LOCAL,SAFE: all tasks permitted (weight=0.54),
1771436121.792,0.0,69.69,4.6986,1.230,45.0,5,171985.224,-58.28808,0.02596,0.3126,0.0000,0.6881,0.0000,0.2596,0.3900,0.2309,SAFE,False,10,0,,,,,,
1771436121.792,0.0,69.92,4.7651,1.189,42.1,4,158893.148,11.37699,0.02619,0.3283,0.0000,0.3860,0.0000,0.2619,0.3544,0.1867,SAFE,False,10,0,,,,,,
1771436121.792,0.0,,,,,,,,,,,,,,,0.1867,SAFE,,10,,t1083_0,0.63,LOW,LOCAL,SAFE: all tasks permitted (weight=0.63),
1771436121.792,0.0,70.63,4.7410,1.224,44.6,5,166163.460,7.80517,0.02246,0.3756,0.0000,0.4954,0.0000,0.2246,0.3871,0.2094,SAFE,False,10,0,,,,,,
1771436121.792,0.0,,,,,,,,,,,,,,,0.2094,SAFE,,10,,t1084_0,0.49,NORMAL,LOCAL,SAFE: all tasks permitted (weight=0.49),
1771436121.792,0.0,70.61,4.7619,1.240,45.7,5,109248.478,51.06589,0.02349,0.3738,0.0000,0.4006,0.0000,0.2349,0.3952,0.1995,SAFE,False,10,0,,,,,,
1771436121.792,0.0,70.09,4.7326,1.199,42.8,4,87392.160,-36.98606,0.02322,0.3394,0.0000,0.5338,0.0000,0.2322,0.3593,0.2052,SAFE,False,10,0,,,,,,
1771436121.792,0.0,70.54,4.7295,1.160,40.0,4,105378.302,-28.88821,0.02266,0.3694,0.0000,0.5476,0.0000,0.2266,0.3398,0.2061,SAFE,False,10,0,,,,,,
1771436121.792,0.0,71.08,4.7269,1.123,37.4,4,,,0.02277,0.4053,0.0000,0.5595,0.0000,0.2277,0.3217,0.2085,SAFE,False,10,0,,,,,,
1771436121.792,0.0,70.86,4.7783,1.090,35.0,3,,,0.02495,0.3906,0.0000,0.3260,0.0000,0.2495,0.2898,0.1722,SAFE,False,10,0,,,,,,
1771436121.792,0.0,70.84,4.7515,1.058,32.7,3,,,0.02398,0.3894,0.0000,0.4475,0.0000,0.2398,0.2742,0.1837,SAFE,False,10,0,,,,,,
1771436121.792,0.0,70.42,4.7750,1.029,30.7,3,,,0.02567,0.3615,0.0000,0.3410,0.0000,0.2567,0.2596,0.1653,SAFE,False,10,0,,,,,,
1771436121.792,0.0,70.07,4.8231,1.002,28.7,3,,,0.03177,0.3380,0.0000,0.1223,0.0000,0.3177,0.2460,0.1374,SAFE,False,10,0,,,,,,
1771436121.792,0.0,70.24,4.7914,0.977,26.9,2,,,0.03210,0.3491,0.0000,0.2662,0.0000,0.3210,0.2184,0.1523,SAFE,False,10,0,,,,,,
1771436121.792,0.0,69.77,4.8468,0.953,25.2,2,,,0.03585,0.3183,0.0000,0.0143,0.0000,0.3585,0.2067,0.1172,SAFE,False,10,0,,,,,,window_reset|B=10
1771436121.792,0.0,,,,,,,,,,,,,,,0.1172,SAFE,,10,,t1094_0,0.56,LOW,LOCAL,SAFE: all tasks permitted (weight=0.56),
1771436121.792,0.0,70.04,4.7835,0.997,28.4,3,,,0.03606,0.3361,0.0000,0.3021,0.0000,0.3606,0.2435,0.1644,SAFE,False,10,0,,,,,,
1771436121.792,0.0,70.15,4.8243,0.972,26.6,2,,,0.03776,0.3431,0.0000,0.1170,0.0000,0.3776,0.2161,0.1374,SAFE,False,10,0,,,,,,
1771436121.792,0.0,69.55,4.8026,0.949,24.9,2,,,0.03807,0.3031,0.0000,0.2153,0.0000,0.3807,0.2046,0.1433,SAFE,False,10,0,,,,,,
1771436121.792,0.0,,,,,,,,,,,,,,,0.1433,SAFE,,10,,t1097_0,0.37,NORMAL,LOCAL,SAFE: all tasks permitted (weight=0.37),
1771436121.792,0.0,69.72,4.8202,0.972,26.5,2,,,0.03656,0.3144,0.0000,0.1353,0.0000,0.3656,0.2158,0.1350,SAFE,False,10,0,,,,,,
1771436121.792,0.0,69.03,4.8328,0.948,24.9,2,,,0.03389,0.2688,0.0000,0.0783,0.0000,0.3389,0.2042,0.1172,SAFE,False,10,0,,,,,,
1771436121.792,0.0,68.96,4.8115,0.927,23.4,2,,,0.02675,0.2640,0.0000,0.1749,0.0000,0.2675,0.1935,0.1199,SAFE,False,10,0,,,,,,
1771436121.792,0.0,,,,,,,,,,,,,,,0.1199,SAFE,,10,,t1100_0,0.59,LOW,LOCAL,SAFE: all tasks permitted (weight=0.59),
1771436121.792,0.0,68.41,4.7762,0.977,26.9,2,,,0.02692,0.2274,0.0000,0.3356,0.0000,0.2692,0.2186,0.1416,SAFE,False,10,0,,,,,,
1771436121.792,0.0,68.20,4.8051,0.954,25.3,2,,,0.02197,0.2131,0.0000,0.2042,0.0000,0.2197,0.2069,0.1155,SAFE,False,10,0,,,,,,
1771436121.792,0.0,68.33,4.8206,0.932,23.7,2,,,0.01981,0.2222,0.0000,0.1338,0.0000,0.1981,0.1960,0.1031,SAFE,False,10,0,,,,,,
1771436121.792,0.0,68.08,4.8517,0.912,22.3,2,,,0.02258,0.2055,0.0000,0.0000,0.0000,0.2258,0.1858,0.0844,SAFE,False,10,0,,,,,,
1771436121.792,0.0,,,,,,,,,,,,,,,0.0844,SAFE,,10,,t1104_0,0.61,NORMAL,LOCAL,SAFE: all tasks permitted (weight=0.61),
1771436121.792,0.0,67.68,4.8037,0.965,26.0,2,,,0.02181,0.1788,0.0000,0.2105,0.0000,0.2181,0.2123,0.1131,SAFE,False,10,0,,,,,,
1771436121.792,0.0,67.27,4.8039,0.942,24.4,2,,,0.01970,0.1513,0.0000,0.2097,0.0000,0.1970,0.2010,0.1053,SAFE,False,10,0,,,,,,
1771436121.792,0.0,,,,,,,,,,,,,,,0.1053,SAFE,,10,,t1106_0,0.38,CRITICAL,LOCAL,SAFE: all tasks permitted (weight=0.38),
1771436121.793,0.0,67.26,4.8136,0.965,26.1,2,-106804.111,-19.28110,0.01783,0.1506,0.0000,0.1656,0.0000,0.1783,0.2127,0.1000,SAFE,False,10,0,,,,,,
1771436121.793,0.0,,,,,,,,,,,,,,,0.1000,SAFE,,10,,t1107_0,0.28,NORMAL,LOCAL,SAFE: all tasks permitted (weight=0.28),
1771436121.793,0.0,,,,,,,,,,,,,,,0.1000,SAFE,,10,,t1107_1,0.51,HIGH,LOCAL,SAFE: all tasks permitted (weight=0.51),
1771436121.793,0.0,67.26,4.7916,1.037,31.2,3,-102450.813,-19.94863,0.01850,0.1506,0.0000,0.2653,0.0000,0.1850,0.2635,0.1238,SAFE,False,10,0,,,,,,
1771436121.793,0.0,67.32,4.7866,1.009,29.2,3,-65779.272,10.42204,0.01962,0.1545,0.0000,0.2884,0.0000,0.1962,0.2497,0.1256,SAFE,False,10,0,,,,,,window_reset|B=10
1771436121.793,0.0,66.95,4.7947,0.984,27.4,3,-75282.721,-10.41740,0.01975,0.1298,0.0000,0.2514,0.0000,0.1975,0.2369,0.1154,SAFE,False,10,0,,,,,,
1771436121.793,0.0,,,,,,,,,,,,,,,0.1154,SAFE,,10,,t1110_0,0.51,NORMAL,LOCAL,SAFE: all tasks permitted (weight=0.51),
1771436121.793,0.0,66.97,4.8021,1.021,30.0,3,-82207.518,-18.54720,0.01826,0.1312,0.0000,0.2179,0.0000,0.1826,0.2553,0.1134,SAFE,False,10,0,,,,,,
1771436121.793,0.0,,,,,,,,,,,,,,,0.1134,SAFE,,10,,t1111_0,0.26,HIGH,LOCAL,SAFE: all tasks permitted (weight=0.26),
1771436121.793,0.0,66.86,4.7868,1.025,30.3,3,-73621.470,-65.09511,0.01881,0.1240,0.0000,0.2874,0.0000,0.1881,0.2573,0.1225,SAFE,False,10,0,,,,,,
1771436121.793,0.0,66.85,4.8150,0.998,28.4,3,-49855.215,11.38942,0.01718,0.1236,0.0000,0.1589,0.0000,0.1718,0.2439,0.1014,SAFE,False,10,0,,,,,,
1771436121.793,0.0,,,,,,,,,,,,,,,0.1014,SAFE,,10,,t1113_0,0.21,NORMAL,LOCAL,SAFE: all tasks permitted (weight=0.21),
1771436121.793,0.0,66.62,4.7915,0.997,28.4,3,-39177.166,-12.36716,0.01766,0.1079,0.0000,0.2657,0.0000,0.1766,0.2436,0.1139,SAFE,False,10,0,,,,,,
1771436121.793,0.0,,,,,,,,,,,,,,,0.1139,SAFE,,10,,t1114_0,0.43,LOW,LOCAL,SAFE: all tasks permitted (weight=0.43),
1771436121.793,0.0,67.08,4.7924,1.023,30.2,3,,,0.01732,0.1386,0.0000,0.2616,0.0000,0.1732,0.2567,0.1193,SAFE,False,10,0,,,,,,
1771436121.793,0.0,,,,,,,,,,,,,,,0.1193,SAFE,,10,,t1115_0,0.57,LOW,LOCAL,SAFE: all tasks permitted (weight=0.57),
1771436121.793,0.0,66.71,4.7907,1.065,33.2,3,,,0.00935,0.1143,0.0000,0.2697,0.0000,0.0935,0.2773,0.1136,SAFE,False,10,0,,,,,,
1771436121.793,0.0,67.08,4.7800,1.035,31.1,3,,,0.01033,0.1389,0.0000,0.3182,0.0000,0.1033,0.2625,0.1209,SAFE,False,10,0,,,,,,
1771436121.793,0.0,66.73,4.7877,1.007,29.1,3,,,0.01024,0.1154,0.0000,0.2834,0.0000,0.1024,0.2487,0.1107,SAFE,False,10,0,,,,,,
1771436121.793,0.0,66.49,4.7992,0.982,27.3,3,,,0.00864,0.0994,0.0000,0.2309,0.0000,0.0864,0.2359,0.0978,SAFE,False,10,0,,,,,,
1771436121.793,0.0,,,,,,,,,,,,,,,0.0978,SAFE,,10,,t1119_0,0.63,NORMAL,LOCAL,SAFE: all tasks permitted (weight=0.63),
1771436121.793,0.0,66.58,4.7860,1.033,30.9,3,,,0.00887,0.1054,0.0000,0.2911,0.0000,0.0887,0.2616,0.1117,SAFE,False,10,0,,,,,,
1771436121.793,0.0,66.55,4.8210,1.006,29.0,3,,,0.01158,0.1035,0.0000,0.1316,0.0000,0.1158,0.2479,0.0907,SAFE,False,10,0,,,,,,
1771436121.793,0.0,66.90,4.8053,0.980,27.2,3,,,0.01188,0.1268,0.0000,0.2032,0.0000,0.1188,0.2352,0.1005,SAFE,False,10,0,,,,,,
1771436121.793,0.0,66.77,4.8162,0.957,25.5,2,,,0.01303,0.1181,0.0000,0.1535,0.0000,0.1303,0.2083,0.0888,SAFE,False,10,0,,,,,,
1771436121.793,0.0,65.86,4.8345,0.935,23.9,2,,,0.01604,0.0575,0.0000,0.0703,0.0000,0.1604,0.1973,0.0715,SAFE,False,10,0,,,,,,window_reset|B=10
1771436121.793,0.0,66.19,4.8475,0.914,22.4,2,,,0.02026,0.0796,0.0000,0.0113,0.0000,0.2026,0.1871,0.0687,SAFE,False,10,0,,,,,,
1771436121.793,0.0,,,,,,,,,,,,,,,0.0687,SAFE,,10,,t1125_0,0.31,LOW,LOCAL,SAFE: all tasks permitted (weight=0.31),
1771436121.793,0.0,65.62,4.8450,0.932,23.7,2,,,0.02269,0.0412,0.0000,0.0226,0.0000,0.2269,0.1962,0.0698,SAFE,False,10,0,,,,,,
1771436121.793,0.0,65.50,4.8498,0.912,22.3,2,,,0.02469,0.0335,0.0000,0.0011,0.0000,0.2469,0.1861,0.0661,SAFE,False,10,0,,,,,,
1771436121.793,0.0,65.39,4.8255,0.893,20.9,2,,,0.02386,0.0261,0.0000,0.1115,0.0000,0.2386,0.1766,0.0768,SAFE,False,10,0,,,,,,
1771436121.793,0.0,,,,,,,,,,,,,,,0.0768,SAFE,,10,,t1128_0,0.21,NORMAL,LOCAL,SAFE: all tasks permitted (weight=0.21),
1771436121.793,0.0,65.22,4.8352,0.901,21.5,2,,,0.02159,0.0147,0.0000,0.0673,0.0000,0.2159,0.1805,0.0682,SAFE,False,10,0,,,,,,
1771436121.793,0.0,,,,,,,,,,,,,,,0.0682,SAFE,,10,,t1129_0,0.53,NORMAL,LOCAL,SAFE: all tasks permitted (weight=0.53),
1771436121.793,0.0,65.05,4.8278,0.946,24.7,2,,,0.01913,0.0030,0.0000,0.1011,0.0000,0.1913,0.2029,0.0732,SAFE,False,10,0,,,,,,
1771436121.793,0.0,64.62,4.8211,0.925,23.2,2,,,0.01762,0.0000,0.0000,0.1315,0.0000,0.1762,0.1923,0.0732,SAFE,False,10,0,,,,,,
1771436121.793,0.0,,,,,,,,,,,,,,,0.0732,SAFE,,10,,t1131_0,0.57,LOW,LOCAL,SAFE: all tasks permitted (weight=0.57),
1771436121.793,0.0,64.72,4.8133,0.973,26.6,2,,,0.01357,0.0000,0.0000,0.1668,0.0000,0.1357,0.2164,0.0785,SAFE,False,10,0,,,,,,
1771436121.793,0.0,,,,,,,,,,,,,,,0.0785,SAFE,,10,,t1132_0,0.43,LOW,LOCAL,SAFE: all tasks permitted (weight=0.43),
1771436121.793,0.0,,,,,,,,,,,,,,,0.0785,SAFE,,10,,t1132_1,0.32,LOW,LOCAL,SAFE: all tasks permitted (weight=0.32),
1771436121.793,0.0,64.97,4.8315,1.040,31.4,3,,,0.01339,0.0000,0.0000,0.0839,0.0000,0.1339,0.2650,0.0773,SAFE,False,10,0,,,,,,
1771436121.793,0.0,65.22,4.7975,1.012,29.4,3,,,0.01467,0.0148,0.0000,0.2386,0.0000,0.1467,0.2510,0.0977,SAFE,False,10,0,,,,,,
1771436121.793,0.0,64.95,4.7807,0.986,27.6,3,,,0.01965,0.0000,0.0000,0.3152,0.0000,0.1965,0.2381,0.1082,SAFE,False,10,0,,,,,,
1771436121.793,0.0,,,,,,,,,,,,,,,0.1082,SAFE,,10,,t1135_0,0.38,HIGH,LOCAL,SAFE: all tasks permitted (weight=0.38),
1771436121.793,0.0,65.01,4.8096,1.007,29.1,3,,,0.01993,0.0006,0.0000,0.1836,0.0000,0.1993,0.2484,0.0935,SAFE,False,10,0,,,,,,
1771436121.793,0.0,64.83,4.8140,0.981,27.2,3,,,0.01871,0.0000,0.0000,0.1636,0.0000,0.1871,0.2356,0.0871,SAFE,False,10,0,,,,,,
1771436121.794,0.0,,,,,,,,,,,,,,,0.0871,SAFE,,10,,t1137_0,0.50,LOW,LOCAL,SAFE: all tasks permitted (weight=0.50),
1771436121.794,0.0,64.90,4.7941,1.017,29.8,3,-8696.382,-33.71085,0.01853,0.0000,0.0000,0.2542,0.0000,0.1853,0.2536,0.1023,SAFE,False,10,0,,,,,,
1771436121.794,0.0,,,,,,,,,,,,,,,0.1023,SAFE,,10,,t1138_0,0.23,LOW,LOCAL,SAFE: all tasks permitted (weight=0.23),
1771436121.794,0.0,64.81,4.8014,1.018,29.9,3,11194.648,-19.72685,0.01598,0.0000,0.0000,0.2211,0.0000,0.1598,0.2541,0.0956,SAFE,False,10,0,,,,,,window_reset|B=10
1771436121.794,0.0,64.48,4.8344,0.992,28.0,3,-14339.559,21.10061,0.01675,0.0000,0.0000,0.0710,0.0000,0.1675,0.2410,0.0742,SAFE,False,10,0,,,,,,
1771436121.794,0.0,,,,,,,,,,,,,,,0.0742,SAFE,,10,,t1140_0,0.81,NORMAL,LOCAL,SAFE: all tasks permitted (weight=0.81),
1771436121.794,0.0,64.69,4.7731,1.064,33.1,3,-16553.306,-58.46637,0.01869,0.0000,0.0000,0.3494,0.0000,0.1869,0.2769,0.1195,SAFE,False,10,0,,,,,,
1771436121.794,0.0,,,,,,,,,,,,,,,0.1195,SAFE,,10,,t1141_0,0.49,NORMAL,LOCAL,SAFE: all tasks permitted (weight=0.49),
1771436121.794,0.0,65.39,4.7835,1.092,35.2,4,10285.770,-14.02544,0.01883,0.0262,0.0000,0.3023,0.0000,0.1883,0.3061,0.1225,SAFE,False,10,0,,,,,,
1771436121.794,0.0,,,,,,,,,,,,,,,0.1225,SAFE,,10,,t1142_0,0.52,NORMAL,LOCAL,SAFE: all tasks permitted (weight=0.52),
1771436121.794,0.0,65.15,4.7807,1.122,37.3,4,11790.672,-0.00615,0.01918,0.0097,0.0000,0.3152,0.0000,0.1918,0.3212,0.1256,SAFE,False,10,0,,,,,,
1771436121.794,0.0,,,,,,,,,,,,,,,0.1256,SAFE,,10,,t1143_0,0.65,HIGH,LOCAL,SAFE: all tasks permitted (weight=0.65),
1771436121.794,0.0,64.82,4.7204,1.166,40.4,4,-11559.112,-89.22549,0.02895,0.0000,0.0000,0.5889,0.0000,0.2895,0.3430,0.1741,SAFE,False,10,0,,,,,,
1771436121.794,0.0,65.52,4.7484,1.129,37.8,4,41166.927,-65.67607,0.02895,0.0345,0.0000,0.4619,0.0000,0.2895,0.3247,0.1581,SAFE,False,10,0,,,,,,
1771436121.794,0.0,,,,,,,,,,,,,,,0.1581,SAFE,,10,,t1145_0,0.74,NORMAL,LOCAL,SAFE: all tasks permitted (weight=0.74),
1771436121.794,0.0,65.94,4.7408,1.184,41.7,4,,,0.03129,0.0630,0.0000,0.4964,0.0000,0.3129,0.3520,0.1738,SAFE,False,10,0,,,,,,
1771436121.794,0.0,,,,,,,,,,,,,,,0.1738,SAFE,,10,,t1146_0,0.81,HIGH,LOCAL,SAFE: all tasks permitted (weight=0.81),
1771436121.794,0.0,66.40,4.6947,1.243,45.9,5,,,0.03949,0.0930,0.0000,0.7059,0.0000,0.3949,0.3964,0.2217,SAFE,False,10,0,,,,,,
1771436121.794,0.0,66.40,4.7287,1.201,42.9,4,,,0.03984,0.0936,0.0000,0.5515,0.0000,0.3984,0.3604,0.1949,SAFE,False,10,0,,,,,,
1771436121.794,0.0,67.24,4.7693,1.162,40.1,4,,,0.03737,0.1493,0.0000,0.3666,0.0000,0.3737,0.3408,0.1711,SAFE,False,10,0,,,,,,
1771436121.794,0.0,,,,,,,,,,,,,,,0.1711,SAFE,,10,,t1149_0,0.21,NORMAL,LOCAL,SAFE: all tasks permitted (weight=0.21),
1771436121.794,0.0,66.41,4.7694,1.150,39.3,4,,,0.03633,0.0940,0.0000,0.3662,0.0000,0.3633,0.3350,0.1622,SAFE,False,10,0,,,,,,
1771436121.794,0.0,66.79,4.7541,1.114,36.7,4,,,0.03436,0.1196,0.0000,0.4359,0.0000,0.3436,0.3172,0.1688,SAFE,False,10,0,,,,,,
1771436121.794,0.0,66.89,4.7789,1.081,34.4,3,,,0.02666,0.1260,0.0000,0.3230,0.0000,0.2666,0.2857,0.1409,SAFE,False,10,0,,,,,,
1771436121.794,0.0,,,,,,,,,,,,,,,0.1409,SAFE,,10,,t1152_0,0.42,NORMAL,LOCAL,SAFE: all tasks permitted (weight=0.42),
1771436121.794,0.0,67.46,4.7235,1.101,35.8,4,,,0.02714,0.1637,0.0000,0.5751,0.0000,0.2714,0.3107,0.1837,SAFE,False,10,0,,,,,,
1771436121.794,0.0,67.19,4.7736,1.069,33.5,3,,,0.02623,0.1463,0.0000,0.3474,0.0000,0.2623,0.2796,0.1449,SAFE,False,10,0,,,,,,window_reset|B=10
1771436121.794,0.0,67.27,4.7922,1.039,31.4,3,,,0.02756,0.1515,0.0000,0.2628,0.0000,0.2756,0.2647,0.1329,SAFE,False,10,0,,,,,,
1771436121.794,0.0,66.86,4.7694,1.012,29.4,3,,,0.02656,0.1239,0.0000,0.3662,0.0000,0.2656,0.2508,0.1392,SAFE,False,10,0,,,,,,
1771436121.794,0.0,,,,,,,,,,,,,,,0.1392,SAFE,,10,,t1156_0,0.48,NORMAL,LOCAL,SAFE: all tasks permitted (weight=0.48),
1771436121.794,0.0,66.64,4.7751,1.044,31.7,3,,,0.02715,0.1090,0.0000,0.3407,0.0000,0.2715,0.2669,0.1379,SAFE,False,10,0,,,,,,
1771436121.794,0.0,66.79,4.7800,1.016,29.7,3,,,0.02750,0.1195,0.0000,0.3182,0.0000,0.2750,0.2528,0.1338,SAFE,False,10,0,,,,,,
1771436121.794,0.0,,,,,,,,,,,,,,,0.1338,SAFE,,10,,t1158_0,0.62,NORMAL,LOCAL,SAFE: all tasks permitted (weight=0.62),
1771436121.794,0.0,66.91,4.7724,1.064,33.2,3,,,0.01959,0.1275,0.0000,0.3528,0.0000,0.1959,0.2771,0.1362,SAFE,False,10,0,,,,,,
1771436121.794,0.0,66.93,4.8069,1.035,31.0,3,,,0.01924,0.1289,0.0000,0.1960,0.0000,0.1924,0.2623,0.1126,SAFE,False,10,0,,,,,,
1771436121.794,0.0,66.43,4.8216,1.007,29.1,3,,,0.02356,0.0955,0.0000,0.1291,0.0000,0.2356,0.2486,0.1015,SAFE,False,10,0,,,,,,
1771436121.794,0.0,66.85,4.8054,0.982,27.3,3,,,0.02473,0.1235,0.0000,0.2029,0.0000,0.2473,0.2358,0.1131,SAFE,False,10,0,,,,,,
1771436121.794,0.0,66.93,4.8414,0.958,25.6,2,,,0.02873,0.1284,0.0000,0.0392,0.0000,0.2873,0.2089,0.0910,SAFE,False,10,0,,,,,,
1771436121.795,0.0,,,,,,,,,,,,,,,0.0910,SAFE,,10,,t1163_0,0.21,LOW,LOCAL,SAFE: all tasks permitted (weight=0.21),
1771436121.795,0.0,66.55,4.8069,0.961,25.8,2,-18774.527,37.54333,0.02914,0.1030,0.0000,0.1957,0.0000,0.2914,0.2107,0.1091,SAFE,False,10,0,,,,,,
1771436121.795,0.0,,,,,,,,,,,,,,,0.1091,SAFE,,10,,t1164_0,0.65,NORMAL,LOCAL,SAFE: all tasks permitted (weight=0.65),
1771436121.795,0.0,66.47,4.8447,1.017,29.8,3,-9885.733,69.75198,0.02545,0.0980,0.0000,0.0239,0.0000,0.2545,0.2537,0.0911,SAFE,False,10,0,,,,,,
1771436121.795,0.0,66.41,4.8294,0.991,27.9,3,-22624.188,49.45005,0.02546,0.0943,0.0000,0.0936,0.0000,0.2546,0.2406,0.0971,SAFE,False,10,0,,,,,,
1771436121.795,0.0,,,,,,,,,,,,,,,0.0971,SAFE,,10,,t1166_0,0.73,NORMAL,LOCAL,SAFE: all tasks permitted (weight=0.73),
1771436121.795,0.0,,,,,,,,,,,,,,,0.0971,SAFE,,10,,t1166_1,0.29,HIGH,LOCAL,SAFE: all tasks permitted (weight=0.29),
1771436121.795,0.0,66.46,4.7963,1.089,35.0,3,-27158.666,23.92438,0.02533,0.0973,0.0000,0.2441,0.0000,0.2533,0.2897,0.1267,SAFE,False,10,0,,,,,,
1771436121.795,0.0,,,,,,,,,,,,,,,0.1267,SAFE,,10,,t1167_0,0.28,CRITICAL,LOCAL,SAFE: all tasks permitted (weight=0.28),
1771436121.795,0.0,65.96,4.7854,1.092,35.2,4,-58593.405,-21.46841,0.02385,0.0639,0.0000,0.2935,0.0000,0.2385,0.3061,0.1309,SAFE,False,10,0,,,,,,
1771436121.795,0.0,66.81,4.7974,1.061,32.9,3,22626.976,-24.21571,0.02222,0.1206,0.0000,0.2391,0.0000,0.2222,0.2754,0.1229,SAFE,False,10,0,,,,,,window_reset|B=10
1771436121.795,0.0,66.78,4.8025,1.031,30.8,3,-4296.568,-2.85225,0.02073,0.1187,0.0000,0.2159,0.0000,0.2073,0.2607,0.1152,SAFE,False,10,0,,,,,,
1771436121.795,0.0,66.60,4.7988,1.004,28.9,3,-19504.640,-42.58111,0.01792,0.1067,0.0000,0.2326,0.0000,0.1792,0.2471,0.1104,SAFE,False,10,0,,,,,,
1771436121.795,0.0,66.18,4.7957,0.979,27.1,3,,,0.01841,0.0784,0.0000,0.2468,0.0000,0.1841,0.2344,0.1068,SAFE,False,10,0,,,,,,
1771436121.795,0.0,66.34,4.8386,0.955,25.4,2,,,0.01982,0.0893,0.0000,0.0517,0.0000,0.1982,0.2076,0.0788,SAFE,False,10,0,,,,,,
1771436121.795,0.0,65.98,4.8247,0.933,23.8,2,,,0.02001,0.0651,0.0000,0.1148,0.0000,0.2001,0.1967,0.0821,SAFE,False,10,0,,,,,,
1771436121.795,0.0,,,,,,,,,,,,,,,0.0821,SAFE,,10,,t1174_0,0.52,NORMAL,LOCAL,SAFE: all tasks permitted (weight=0.52),
1771436121.795,0.0,65.57,4.8141,0.976,26.8,2,,,0.01818,0.0382,0.0000,0.1630,0.0000,0.1818,0.2179,0.0875,SAFE,False,10,0,,,,,,
1771436121.795,0.0,,,,,,,,,,,,,,,0.0875,SAFE,,10,,t1175_0,0.43,NORMAL,LOCAL,SAFE: all tasks permitted (weight=0.43),
1771436121.795,0.0,,,,,,,,,,,,,,,0.0875,SAFE,,10,,t1175_1,0.63,NORMAL,LOCAL,SAFE: all tasks permitted (weight=0.63),
1771436121.795,0.0,65.59,4.7818,1.079,34.2,3,,,0.01992,0.0392,0.0000,0.3102,0.0000,0.1992,0.2847,0.1219,SAFE,False,10,0,,,,,,
1771436121.795,0.0,66.43,4.8067,1.049,32.1,3,,,0.01678,0.0951,0.0000,0.1967,0.0000,0.1678,0.2694,0.1076,SAFE,False,10,0,,,,,,
1771436121.795,0.0,65.71,4.8239,1.020,30.0,3,,,0.01620,0.0476,0.0000,0.1184,0.0000,0.1620,0.2551,0.0883,SAFE,False,10,0,,,,,,
1771436121.795,0.0,65.86,4.8239,0.994,28.1,3,,,0.01668,0.0571,0.0000,0.1188,0.0000,0.1668,0.2419,0.0874,SAFE,False,10,0,,,,,,
1771436121.795,0.0,66.01,4.8126,0.969,26.4,2,,,0.01528,0.0676,0.0000,0.1701,0.0000,0.1528,0.2146,0.0884,SAFE,False,10,0,,,,,,
1771436121.795,0.0,,,,,,,,,,,,,,,0.0884,SAFE,,10,,t1180_0,0.79,NORMAL,LOCAL,SAFE: all tasks permitted (weight=0.79),
1771436121.795,0.0,65.76,4.7577,1.042,31.6,3,,,0.02091,0.0507,0.0000,0.4193,0.0000,0.2091,0.2661,0.1347,SAFE,False,10,0,,,,,,
1771436121.795,0.0,65.68,4.7873,1.014,29.6,3,,,0.02158,0.0453,0.0000,0.2850,0.0000,0.2158,0.2521,0.1145,SAFE,False,10,0,,,,,,
1771436121.796,0.0,65.49,4.8159,0.988,27.7,3,-5363.770,2.00771,0.02165,0.0330,0.0000,0.1550,0.0000,0.2165,0.2390,0.0936,SAFE,False,10,0,,,,,,
1771436121.796,0.0,65.61,4.8026,0.964,26.0,2,1519.863,23.88202,0.02144,0.0407,0.0000,0.2156,0.0000,0.2144,0.2119,0.0967,SAFE,False,10,0,,,,,,window_reset|B=10
1771436121.796,0.0,,,,,,,,,,,,,,,0.0967,SAFE,,10,,t1184_0,0.42,NORMAL,LOCAL,SAFE: all tasks permitted (weight=0.42),
1771436121.796,0.0,66.09,4.7868,0.992,28.0,3,-23332.060,-22.86854,0.01989,0.0726,0.0000,0.2872,0.0000,0.1989,0.2410,0.1141,SAFE,False,10,0,,,,,,
1771436121.796,0.0,,,,,,,,,,,,,,,0.1141,SAFE,,10,,t1185_0,0.51,NORMAL,LOCAL,SAFE: all tasks permitted (weight=0.51),
1771436121.796,0.0,,,,,,,,,,,,,,,0.1141,SAFE,,10,,t1185_1,0.53,NORMAL,LOCAL,SAFE: all tasks permitted (weight=0.53),
1771436121.796,0.0,65.73,4.7504,1.094,35.3,4,1403.694,-84.47564,0.02347,0.0490,0.0000,0.4529,0.0000,0.2347,0.3069,0.1496,SAFE,False,10,0,,,,,,
1771436121.796,0.0,,,,,,,,,,,,,,,0.1496,SAFE,,10,,t1186_0,0.68,HIGH,LOCAL,SAFE: all tasks permitted (weight=0.68),
1771436121.796,0.0,66.04,4.7534,1.145,38.9,4,12773.684,-80.91364,0.02568,0.0694,0.0000,0.4392,0.0000,0.2568,0.3324,0.1576,SAFE,False,10,0,,,,,,
1771436121.796,0.0,65.93,4.7656,1.110,36.4,4,-6037.650,-53.88168,0.02658,0.0617,0.0000,0.3835,0.0000,0.2658,0.3148,0.1468,SAFE,False,10,0,,,,,,
1771436121.796,0.0,66.27,4.7574,1.077,34.1,3,35438.801,-0.37558,0.02756,0.0850,0.0000,0.4208,0.0000,0.2756,0.2835,0.1492,SAFE,False,10,0,,,,,,
1771436121.796,0.0,66.28,4.7798,1.046,31.9,3,41043.858,-8.61693,0.02515,0.0851,0.0000,0.3191,0.0000,0.2515,0.2682,0.1305,SAFE,False,10,0,,,,,,
1771436121.796,0.0,66.06,4.7845,1.018,29.9,3,,,0.02194,0.0708,0.0000,0.2978,0.0000,0.2194,0.2541,0.1200,SAFE,False,10,0,,,,,,
1771436121.796,0.0,65.51,4.7797,0.992,28.0,3,,,0.01956,0.0337,0.0000,0.3197,0.0000,0.1956,0.2409,0.1134,SAFE,False,10,0,,,,,,
1771436121.796,0.0,65.27,4.8424,0.967,26.2,2,,,0.02573,0.0178,0.0000,0.0343,0.0000,0.2573,0.2137,0.0751,SAFE,False,10,0,,,,,,
1771436121.796,0.0,65.76,4.8031,0.945,24.6,2,,,0.02628,0.0507,0.0000,0.2132,0.0000,0.2628,0.2023,0.1005,SAFE,False,10,0,,,,,,
1771436121.796,0.0,,,,,,,,,,,,,,,0.1005,SAFE,,10,,t1194_0,0.30,LOW,LOCAL,SAFE: all tasks permitted (weight=0.30),
1771436121.796,0.0,,,,,,,,,,,,,,,0.1005,SAFE,,10,,t1194_1,0.22,HIGH,LOCAL,SAFE: all tasks permitted (weight=0.22),
1771436121.796,0.0,65.99,4.8005,0.986,27.6,3,,,0.02509,0.0660,0.0000,0.2252,0.0000,0.2509,0.2380,0.1099,SAFE,False,10,0,,,,,,
1771436121.796,0.0,65.15,4.8257,0.962,25.9,2,,,0.02725,0.0102,0.0000,0.1107,0.0000,0.2725,0.2110,0.0851,SAFE,False,10,0,,,,,,
1771436121.796,0.0,65.26,4.8442,0.940,24.3,2,,,0.03168,0.0172,0.0000,0.0264,0.0000,0.3168,0.1998,0.0771,SAFE,False,10,0,,,,,,
1771436121.796,0.0,65.05,4.7857,0.919,22.8,2,,,0.02937,0.0033,0.0000,0.2921,0.0000,0.2937,0.1894,0.1056,SAFE,False,10,0,,,,,,
1771436121.796,0.0,65.13,4.8518,0.899,21.4,2,,,0.03073,0.0088,0.0000,0.0000,0.0000,0.3073,0.1797,0.0677,SAFE,False,10,0,,,,,,window_reset|B=10
1771436121.796,0.0,64.51,4.8563,0.881,20.1,2,,,0.03204,0.0000,0.0000,0.0000,0.0000,0.3204,0.1707,0.0662,SAFE,False,10,0,,,,,,
1771436121.796,0.0,,,,,,,,,,,,,,,0.0662,SAFE,,10,,t1200_0,0.46,HIGH,LOCAL,SAFE: all tasks permitted (weight=0.46),
1771436121.796,0.0,,,,,,,,,,,,,,,0.0662,SAFE,,10,,t1200_1,0.73,NORMAL,LOCAL,SAFE: all tasks permitted (weight=0.73),
1771436121.796,0.0,,,,,,,,,,,,,,,0.0662,SAFE,,10,,t1200_2,0.21,CRITICAL,LOCAL,SAFE: all tasks permitted (weight=0.21),
1771436121.796,0.0,64.35,4.7521,1.034,31.0,3,,,0.03279,0.0000,0.0000,0.4451,0.0000,0.3279,0.2620,0.1431,SAFE,False,10,0,,,,,,
1771436121.797,0.0,,,,,,,,,,,,,,,0.1431,SAFE,,10,,t1201_0,0.44,NORMAL,LOCAL,SAFE: all tasks permitted (weight=0.44),
1771436121.797,0.0,64.78,4.7653,1.060,32.8,3,-96673.163,-61.93737,0.03407,0.0000,0.0000,0.3848,0.0000,0.3407,0.2749,0.1391,SAFE,False,10,0,,,,,,
1771436121.797,0.0,64.68,4.8078,1.031,30.8,3,-128473.852,12.06470,0.03336,0.0000,0.0000,0.1918,0.0000,0.3336,0.2603,0.1103,SAFE,False,10,0,,,,,,
1771436121.797,0.0,64.71,4.7824,1.003,28.8,3,-43689.204,-70.95135,0.03316,0.0000,0.0000,0.3072,0.0000,0.3316,0.2467,0.1224,SAFE,False,10,0,,,,,,
1771436121.797,0.0,,,,,,,,,,,,,,,0.1224,SAFE,,10,,t1204_0,0.49,CRITICAL,LOCAL,SAFE: all tasks permitted (weight=0.49),
1771436121.797,0.0,,,,,,,,,,,,,,,0.1224,SAFE,,10,,t1204_1,0.51,HIGH,LOCAL,SAFE: all tasks permitted (weight=0.51),
1771436121.797,0.0,65.14,4.7565,1.099,35.7,4,-11910.584,-143.81387,0.03458,0.0092,0.0000,0.4248,0.0000,0.3458,0.3096,0.1528,SAFE,False,10,0,,,,,,
1771436121.797,0.0,65.22,4.7571,1.067,33.4,3,16298.085,-46.98729,0.03679,0.0144,0.0000,0.4223,0.0000,0.3679,0.2786,0.1491,SAFE,False,10,0,,,,,,
1771436121.797,0.0,65.39,4.8107,1.037,31.2,3,24979.899,-67.33931,0.03694,0.0257,0.0000,0.1784,0.0000,0.3694,0.2637,0.1160,SAFE,False,10,0,,,,,,
1771436121.797,0.0,65.09,4.7863,1.010,29.3,3,56940.693,-114.88368,0.03622,0.0062,0.0000,0.2898,0.0000,0.3622,0.2499,0.1246,SAFE,False,10,0,,,,,,
1771436121.797,0.0,65.03,4.8393,0.984,27.4,3,66383.861,143.19706,0.03571,0.0018,0.0000,0.0485,0.0000,0.3571,0.2370,0.0896,SAFE,False,10,0,,,,,,
1771436121.797,0.0,64.78,4.8411,0.960,25.7,2,,,0.03762,0.0000,0.0000,0.0403,0.0000,0.3762,0.2100,0.0849,SAFE,False,10,0,,,,,,
1771436121.797,0.0,64.84,4.8116,0.938,24.1,2,,,0.03458,0.0000,0.0000,0.1746,0.0000,0.3458,0.1989,0.0971,SAFE,False,10,0,,,,,,
1771436121.797,0.0,,,,,,,,,,,,,,,0.0971,SAFE,,10,,t1211_0,0.60,NORMAL,LOCAL,SAFE: all tasks permitted (weight=0.60),
1771436121.797,0.0,64.70,4.7664,0.990,27.9,3,,,0.03047,0.0000,0.0000,0.3801,0.0000,0.3047,0.2402,0.1279,SAFE,False,10,0,,,,,,
1771436121.797,0.0,,,,,,,,,,,,,,,0.1279,SAFE,,10,,t1212_0,0.28,NORMAL,LOCAL,SAFE: all tasks permitted (weight=0.28),
1771436121.797,0.0,64.51,4.7943,1.000,28.6,3,,,0.02828,0.0000,0.0000,0.2531,0.0000,0.2828,0.2449,0.1102,SAFE,False,10,0,,,,,,
1771436121.797,0.0,,,,,,,,,,,,,,,0.1102,SAFE,,10,,t1213_0,0.28,NORMAL,LOCAL,SAFE: all tasks permitted (weight=0.28),
1771436121.797,0.0,64.77,4.7827,1.009,29.2,3,,,0.02724,0.0000,0.0000,0.3060,0.0000,0.2724,0.2493,0.1169,SAFE,False,10,0,,,,,,window_reset|B=10
1771436121.797,0.0,64.91,4.7966,0.983,27.4,3,,,0.02696,0.0000,0.0000,0.2425,0.0000,0.2696,0.2365,0.1058,SAFE,False,10,0,,,,,,
1771436121.797,0.0,64.80,4.8096,0.959,25.7,2,,,0.02706,0.0000,0.0000,0.1835,0.0000,0.2706,0.2096,0.0928,SAFE,False,10,0,,,,,,
1771436121.797,0.0,64.64,4.8198,0.937,24.1,2,,,0.02493,0.0000,0.0000,0.1372,0.0000,0.2493,0.1985,0.0825,SAFE,False,10,0,,,,,,
1771436121.797,0.0,,,,,,,,,,,,,,,0.0825,SAFE,,10,,t1217_0,0.38,LOW,LOCAL,SAFE: all tasks permitted (weight=0.38),
1771436121.797,0.0,,,,,,,,,,,,,,,0.0825,SAFE,,10,,t1217_1,0.80,NORMAL,LOCAL,SAFE: all tasks permitted (weight=0.80),
1771436121.797,0.0,64.62,4.7437,1.061,32.9,3,,,0.02709,0.0000,0.0000,0.4832,0.0000,0.2709,0.2755,0.1450,SAFE,False,10,0,,,,,,
1771436121.797,0.0,,,,,,,,,,,,,,,0.1450,SAFE,,10,,t1218_0,0.39,LOW,LOCAL,SAFE: all tasks permitted (weight=0.39),
1771436121.797,0.0,65.01,4.7592,1.080,34.3,3,,,0.02909,0.0008,0.0000,0.4128,0.0000,0.2909,0.2848,0.1398,SAFE,False,10,0,,,,,,
1771436121.797,0.0,64.69,4.7605,1.049,32.1,3,,,0.03063,0.0000,0.0000,0.4066,0.0000,0.3063,0.2695,0.1374,SAFE,False,10,0,,,,,,
1771436121.797,0.0,,,,,,,,,,,,,,,0.1374,SAFE,,10,,t1220_0,0.47,NORMAL,LOCAL,SAFE: all tasks permitted (weight=0.47),
1771436121.797,0.0,,,,,,,,,,,,,,,0.1374,SAFE,,10,,t1220_1,0.58,NORMAL,LOCAL,SAFE: all tasks permitted (weight=0.58),
1771436121.797,0.0,65.03,4.7018,1.149,39.2,4,,,0.03658,0.0019,0.0000,0.6737,0.0000,0.3658,0.3346,0.1913,SAFE,False,10,0,,,,,,
1771436121.797,0.0,65.27,4.7925,1.114,36.7,4,,,0.03228,0.0177,0.0000,0.2614,0.0000,0.3228,0.3169,0.1318,SAFE,False,10,0,,,,,,
1771436121.797,0.0,65.33,4.7973,1.081,34.3,3,,,0.03127,0.0223,0.0000,0.2396,0.0000,0.3127,0.2853,0.1222,SAFE,False,10,0,,,,,,
1771436121.797,0.0,64.87,4.7959,1.050,32.1,3,,,0.03150,0.0000,0.0000,0.2457,0.0000,0.3150,0.2700,0.1174,SAFE,False,10,0,,,,,,
1771436121.797,0.0,65.01,4.7863,1.021,30.1,3,,,0.03126,0.0009,0.0000,0.2894,0.0000,0.3126,0.2557,0.1201,SAFE,False,10,0,,,,,,
1771436121.797,0.0,65.12,4.7909,0.995,28.2,3,,,0.03143,0.0081,0.0000,0.2686,0.0000,0.3143,0.2424,0.1158,SAFE,False,10,0,,,,,,
1771436121.797,0.0,65.03,4.8138,0.970,26.4,2,,,0.03255,0.0022,0.0000,0.1643,0.0000,0.3255,0.2151,0.0972,SAFE,False,10,0,,,,,,
1771436121.797,0.0,64.62,4.7986,0.947,24.8,2,,,0.03187,0.0000,0.0000,0.2338,0.0000,0.3187,0.2036,0.1030,SAFE,False,10,0,,,,,,
1771436121.797,0.0,64.53,4.8147,0.926,23.3,2,,,0.03136,0.0000,0.0000,0.1607,0.0000,0.3136,0.1929,0.0908,SAFE,False,10,0,,,,,,window_reset|B=10
1771436121.797,0.0,64.51,4.8388,0.906,21.9,2,,,0.03325,0.0000,0.0000,0.0508,0.0000,0.3325,0.1830,0.0764,SAFE,False,10,0,,,,,,
1771436121.797,0.0,64.70,4.8420,0.887,20.5,2,,,0.03519,0.0000,0.0000,0.0362,0.0000,0.3519,0.1737,0.0746,SAFE,False,10,0,,,,,,
1771436121.797,0.0,64.01,4.8373,0.870,19.3,2,,,0.03543,0.0000,0.0000,0.0577,0.0000,0.3543,0.1651,0.0760,SAFE,False,10,0,,,,,,
1771436121.797,0.0,,,,,,,,,,,,,,,0.0760,SAFE,,10,,t1232_0,0.82,CRITICAL,LOCAL,SAFE: all tasks permitted (weight=0.82),
1771436121.797,0.0,64.11,4.8293,0.955,25.4,2,,,0.01981,0.0000,0.0000,0.0939,0.0000,0.1981,0.2077,0.0736,SAFE,False,10,0,,,,,,
1771436121.797,0.0,,,,,,,,,,,,,,,0.0736,SAFE,,10,,t1233_0,0.78,NORMAL,LOCAL,SAFE: all tasks permitted (weight=0.78),
1771436121.797,0.0,,,,,,,,,,,,,,,0.0736,SAFE,,10,,t1233_1,0.64,HIGH,LOCAL,SAFE: all tasks permitted (weight=0.64),
1771436121.797,0.0,64.32,4.8022,1.107,36.2,4,,,0.01921,0.0000,0.0000,0.2171,0.0000,0.1921,0.3136,0.1102,SAFE,False,10,0,,,,,,
1771436121.797,0.0,,,,,,,,,,,,,,,0.1102,SAFE,,10,,t1234_0,0.37,NORMAL,LOCAL,SAFE: all tasks permitted (weight=0.37),
1771436121.797,0.0,,,,,,,,,,,,,,,0.1102,SAFE,,10,,t1234_1,0.67,NORMAL,LOCAL,SAFE: all tasks permitted (weight=0.67),
1771436121.797,0.0,65.11,4.7397,1.202,43.0,5,,,0.02768,0.0074,0.0000,0.5015,0.0000,0.2768,0.3760,0.1690,SAFE,False,10,0,,,,,,
1771436121.797,0.0,,,,,,,,,,,,,,,0.1690,SAFE,,10,,t1235_0,0.38,NORMAL,LOCAL,SAFE: all tasks permitted (weight=0.38),
1771436121.797,0.0,65.33,4.7388,1.210,43.6,5,,,0.03355,0.0223,0.0000,0.5053,0.0000,0.3355,0.3801,0.1779,SAFE,False,10,0,,,,,,
1771436121.797,0.0,65.49,4.7321,1.170,40.7,4,,,0.03871,0.0327,0.0000,0.5361,0.0000,0.3871,0.3452,0.1814,SAFE,False,10,0,,,,,,
1771436121.798,0.0,,,,,,,,,,,,,,,0.1814,SAFE,,10,,t1237_0,0.33,HIGH,LOCAL,SAFE: all tasks permitted (weight=0.33),
1771436121.798,0.0,65.85,4.7391,1.174,41.0,4,72839.829,-90.40994,0.04203,0.0566,0.0000,0.5040,0.0000,0.4203,0.3472,0.1838,SAFE,False,10,0,,,,,,
1771436121.798,0.0,,,,,,,,,,,,,,,0.1838,SAFE,,10,,t1238_0,0.55,HIGH,LOCAL,SAFE: all tasks permitted (weight=0.55),
1771436121.798,0.0,66.34,4.7119,1.205,43.2,5,89046.522,-117.96365,0.04712,0.0894,0.0000,0.6276,0.0000,0.4712,0.3774,0.2149,SAFE,False,10,0,,,,,,
1771436121.798,0.0,,,,,,,,,,,,,,,0.2149,SAFE,,10,,t1239_0,0.76,LOW,LOCAL,SAFE: all tasks permitted (weight=0.76),
1771436121.798,0.0,65.87,4.7175,1.259,47.1,5,101279.107,-108.61596,0.05044,0.0581,0.0000,0.6022,0.0000,0.5044,0.4044,0.2166,SAFE,False,10,0,,,,,,
1771436121.798,0.0,66.54,4.7157,1.216,44.0,5,132456.686,-103.02982,0.05194,0.1030,0.0000,0.6104,0.0000,0.5194,0.3828,0.2202,SAFE,False,10,0,,,,,,
1771436121.798,0.0,66.57,4.7489,1.175,41.1,4,122160.567,-48.31619,0.04785,0.1044,0.0000,0.4593,0.0000,0.4785,0.3477,0.1896,SAFE,False,10,0,,,,,,
1771436121.798,0.0,66.94,4.7818,1.138,38.4,4,99527.633,38.21200,0.04210,0.1293,0.0000,0.3100,0.0000,0.4210,0.3290,0.1637,SAFE,False,10,0,,,,,,
1771436121.798,0.0,,,,,,,,,,,,,,,0.1637,SAFE,,10,,t1243_0,0.23,NORMAL,LOCAL,SAFE: all tasks permitted (weight=0.23),
1771436121.798,0.0,67.33,4.8060,1.131,38.0,4,108727.851,60.90058,0.03785,0.1555,0.0000,0.2000,0.0000,0.3785,0.3257,0.1476,SAFE,False,10,0,,,,,,window_reset|B=10
1771436121.798,0.0,67.16,4.7719,1.097,35.5,4,90591.334,36.07655,0.03123,0.1437,0.0000,0.3552,0.0000,0.3123,0.3086,0.1564,SAFE,False,10,0,,,,,,
1771436121.798,0.0,67.16,4.7415,1.065,33.2,3,,,0.02708,0.1442,0.0000,0.4934,0.0000,0.2708,0.2776,0.1640,SAFE,False,10,0,,,,,,
1771436121.798,0.0,67.35,4.8029,1.036,31.1,3,,,0.03127,0.1565,0.0000,0.2143,0.0000,0.3127,0.2628,0.1305,SAFE,False,10,0,,,,,,
1771436121.798,0.0,67.49,4.7929,1.008,29.1,3,,,0.03308,0.1662,0.0000,0.2596,0.0000,0.3308,0.2490,0.1366,SAFE,False,10,0,,,,,,
1771436121.798,0.0,,,,,,,,,,,,,,,0.1366,SAFE,,10,,t1248_0,0.76,NORMAL,LOCAL,SAFE: all tasks permitted (weight=0.76),
1771436121.798,0.0,67.49,4.7653,1.076,34.0,3,,,0.03241,0.1661,0.0000,0.3851,0.0000,0.3241,0.2832,0.1590,SAFE,False,10,0,,,,,,
1771436121.798,0.0,66.77,4.7902,1.046,31.9,3,,,0.03301,0.1177,0.0000,0.2717,0.0000,0.3301,0.2680,0.1360,SAFE,False,10,0,,,,,,
1771436121.798,0.0,67.48,4.8058,1.018,29.8,3,,,0.03125,0.1651,0.0000,0.2009,0.0000,0.3125,0.2538,0.1279,SAFE,False,10,0,,,,,,
1771436121.798,0.0,66.68,4.7967,0.991,28.0,3,,,0.02761,0.1123,0.0000,0.2424,0.0000,0.2761,0.2407,0.1207,SAFE,False,10,0,,,,,,
1771436121.798,0.0,,,,,,,,,,,,,,,0.1207,SAFE,,10,,t1252_0,0.36,HIGH,LOCAL,SAFE: all tasks permitted (weight=0.36),
1771436121.798,0.0,66.49,4.8138,1.011,29.3,3,,,0.02239,0.0995,0.0000,0.1645,0.0000,0.2239,0.2504,0.1058,SAFE,False,10,0,,,,,,
1771436121.798,0.0,,,,,,,,,,,,,,,0.1058,SAFE,,10,,t1253_0,0.65,HIGH,LOCAL,SAFE: all tasks permitted (weight=0.65),
1771436121.798,0.0,,,,,,,,,,,,,,,0.1058,SAFE,,10,,t1253_1,0.45,NORMAL,LOCAL,SAFE: all tasks permitted (weight=0.45),
1771436121.798,0.0,67.39,4.7681,1.120,37.2,4,,,0.02037,0.1594,0.0000,0.3724,0.0000,0.2037,0.3202,0.1519,SAFE,False,10,0,,,,,,
1771436121.798,0.0,,,,,,,,,,,,,,,0.1519,SAFE,,10,,t1254_0,0.53,NORMAL,LOCAL,SAFE: all tasks permitted (weight=0.53),
1771436121.798,0.0,66.86,4.7318,1.153,39.5,4,,,0.02539,0.1241,0.0000,0.5374,0.0000,0.2539,0.3363,0.1774,SAFE,False,10,0,,,,,,
1771436121.798,0.0,,,,,,,,,,,,,,,0.1774,SAFE,,10,,t1255_0,0.70,HIGH,LOCAL,SAFE: all tasks permitted (weight=0.70),
1771436121.798,0.0,66.99,4.7214,1.203,43.1,5,,,0.02926,0.1325,0.0000,0.5845,0.0000,0.2926,0.3767,0.1965,SAFE,False,10,0,,,,,,
1771436121.798,0.0,67.71,4.7458,1.164,40.3,4,,,0.03036,0.1804,0.0000,0.4734,0.0000,0.3036,0.3420,0.1820,SAFE,False,10,0,,,,,,
1771436121.798,0.0,67.66,4.7698,1.127,37.7,4,,,0.02888,0.1773,0.0000,0.3646,0.0000,0.2888,0.3237,0.1623,SAFE,False,10,0,,,,,,
1771436121.798,0.0,67.48,4.7796,1.094,35.3,4,,,0.02773,0.1655,0.0000,0.3200,0.0000,0.2773,0.3068,0.1506,SAFE,False,10,0,,,,,,window_reset|B=10
1771436121.798,0.0,,,,,,,,,,,,,,,0.1506,SAFE,,10,,t1259_0,0.57,LOW,LOCAL,SAFE: all tasks permitted (weight=0.57),
1771436121.798,0.0,67.52,4.7648,1.132,38.0,4,,,0.02717,0.1681,0.0000,0.3872,0.0000,0.2717,0.3262,0.1629,SAFE,False,10,0,,,,,,
1771436121.798,0.0,67.54,4.7933,1.098,35.6,4,,,0.02777,0.1691,0.0000,0.2578,0.0000,0.2777,0.3090,0.1434,SAFE,False,10,0,,,,,,
1771436121.798,0.0,,,,,,,,,,,,,,,0.1434,SAFE,,10,,t1261_0,0.58,NORMAL,LOCAL,SAFE: all tasks permitted (weight=0.58),
1771436121.798,0.0,68.24,4.7565,1.138,38.4,4,,,0.02763,0.2163,0.0000,0.4250,0.0000,0.2763,0.3288,0.1746,SAFE,False,10,0,,,,,,
1771436121.798,0.0,68.61,4.7504,1.103,35.9,4,,,0.02594,0.2406,0.0000,0.4527,0.0000,0.2594,0.3114,0.1759,SAFE,False,10,0,,,,,,
1771436121.798,0.0,67.65,4.8127,1.071,33.6,3,,,0.02784,0.1766,0.0000,0.1694,0.0000,0.2784,0.2803,0.1271,SAFE,False,10,0,,,,,,
1771436121.798,0.0,,,,,,,,,,,,,,,0.1271,SAFE,,10,,t1264_0,0.41,LOW,LOCAL,SAFE: all tasks permitted (weight=0.41),
1771436121.798,0.0,,,,,,,,,,,,,,,0.1271,SAFE,,10,,t1264_1,0.61,NORMAL,LOCAL,SAFE: all tasks permitted (weight=0.61),
1771436121.798,0.0,68.19,4.7474,1.167,40.5,4,,,0.02444,0.2129,0.0000,0.4666,0.0000,0.2444,0.3435,0.1793,SAFE,False,10,0,,,,,,
1771436121.798,0.0,,,,,,,,,,,,,,,0.1793,SAFE,,10,,t1265_0,0.74,NORMAL,LOCAL,SAFE: all tasks permitted (weight=0.74),
1771436121.798,0.0,,,,,,,,,,,,,,,0.1793,SAFE,,10,,t1265_1,0.29,NORMAL,LOCAL,SAFE: all tasks permitted (weight=0.29),
1771436121.798,0.0,68.36,4.7070,1.258,47.0,5,,,0.02862,0.2240,0.0000,0.6502,0.0000,0.2862,0.4039,0.2208,SAFE,False,10,0,,,,,,
1771436121.798,0.0,68.74,4.7697,1.215,43.9,5,,,0.02777,0.2495,0.0000,0.3650,0.0000,0.2777,0.3823,0.1816,SAFE,False,10,0,,,,,,
1771436121.798,0.0,68.91,4.7664,1.175,41.0,4,,,0.02525,0.2606,0.0000,0.3798,0.0000,0.2525,0.3473,0.1754,SAFE,False,10,0,,,,,,
1771436121.798,0.0,,,,,,,,,,,,,,,0.1754,SAFE,,10,,t1268_0,0.56,HIGH,LOCAL,SAFE: all tasks permitted (weight=0.56),
1771436121.798,0.0,69.13,4.7374,1.207,43.4,5,,,0.02585,0.2752,0.0000,0.5120,0.0000,0.2585,0.3786,0.2011,SAFE,False,10,0,,,,,,
1771436121.798,0.0,,,,,,,,,,,,,,,0.2011,SAFE,,10,,t1269_0,0.53,HIGH,LOCAL,SAFE: all tasks permitted (weight=0.53),
1771436121.798,0.0,69.67,4.7175,1.233,45.2,5,,,0.02859,0.3111,0.0000,0.6024,0.0000,0.2859,0.3916,0.2226,SAFE,False,10,0,,,,,,
1771436121.798,0.0,,,,,,,,,,,,,,,0.2226,SAFE,,10,,t1270_0,0.79,NORMAL,LOCAL,SAFE: all tasks permitted (weight=0.79),
1771436121.798,0.0,70.10,4.6698,1.289,49.2,5,,,0.03678,0.3399,0.0000,0.8191,0.0000,0.3678,0.4196,0.2680,WARNING,False,10,0,,,,,,
1771436121.799,0.0,71.06,4.6958,1.244,46.0,5,186243.009,-106.32686,0.03924,0.4042,0.0000,0.7009,0.0000,0.3924,0.3970,0.2583,WARNING,False,10,0,,,,,,
1771436121.799,0.0,,,,,,,,,,,,,,,0.2583,WARNING,,10,,t1272_0,0.84,HIGH,OFFLOAD,WARNING: heavy task offloaded (weight=0.84 >= 0.3),
1771436121.799,0.0,70.14,4.7331,1.202,43.0,4,105951.894,-12.96908,0.03631,0.3423,0.0000,0.5314,0.0000,0.3631,0.3609,0.2187,WARNING,False,10,0,,,,,,
1771436121.799,0.0,,,,,,,,,,,,,,,0.2187,WARNING,,10,,t1273_0,0.24,LOW,LOCAL,WARNING: lightweight task permitted (weight=0.24 < 0.3),
1771436121.799,0.0,70.93,4.7624,1.192,42.3,4,140310.100,50.45383,0.03659,0.3954,0.0000,0.3980,0.0000,0.3659,0.3560,0.2070,WARNING,False,10,0,,,,,,window_reset|B=10
1771436121.799,0.0,,,,,,,,,,,,,,,0.2070,WARNING,,10,,t1274_0,0.22,HIGH,LOCAL,WARNING: lightweight task permitted (weight=0.22 < 0.3),
1771436121.799,0.0,70.60,4.7559,1.181,41.5,4,101534.801,-12.50833,0.03676,0.3736,0.0000,0.4276,0.0000,0.3676,0.3504,0.2073,WARNING,False,10,0,,,,,,
1771436121.799,0.0,,,,,,,,,,,,,,,0.2073,WARNING,,10,,t1275_0,0.60,HIGH,OFFLOAD,WARNING: heavy task offloaded (weight=0.60 >= 0.3),
1771436121.799,0.0,,,,,,,,,,,,,,,0.2073,WARNING,,10,,t1275_1,0.34,NORMAL,OFFLOAD,WARNING: heavy task offloaded (weight=0.34 >= 0.3),
1771436121.799,0.0,71.09,4.7742,1.143,38.8,4,119080.093,7.02049,0.03154,0.4062,0.0000,0.3447,0.0000,0.3154,0.3315,0.1914,WARNING,False,10,0,,,,,,
1771436121.799,0.0,70.63,4.7880,1.108,36.3,4,82093.123,46.02435,0.03457,0.3755,0.0000,0.2819,0.0000,0.3457,0.3140,0.1791,SAFE,False,10,0,,,,,,
1771436121.799,0.0,70.59,4.8022,1.075,34.0,3,50260.666,77.03767,0.03698,0.3725,0.0000,0.2173,0.0000,0.3698,0.2827,0.1665,SAFE,False,10,0,,,,,,
1771436121.799,0.0,70.46,4.7994,1.045,31.8,3,19569.646,117.85927,0.03929,0.3638,0.0000,0.2299,0.0000,0.3929,0.2675,0.1663,SAFE,False,10,0,,,,,,
1771436121.799,0.0,,,,,,,,,,,,,,,0.1663,SAFE,,10,,t1279_0,0.36,CRITICAL,LOCAL,SAFE: all tasks permitted (weight=0.36),
1771436121.799,0.0,70.79,4.7822,1.062,33.0,3,,,0.04007,0.3861,0.0000,0.3081,0.0000,0.4007,0.2759,0.1816,SAFE,False,10,0,,,,,,
1771436121.799,0.0,70.43,4.7698,1.032,30.9,3,,,0.04012,0.3623,0.0000,0.3648,0.0000,0.4012,0.2612,0.1833,SAFE,False,10,0,,,,,,
1771436121.799,0.0,70.62,4.8205,1.005,28.9,3,,,0.04231,0.3748,0.0000,0.1340,0.0000,0.4231,0.2476,0.1542,SAFE,False,10,0,,,,,,
1771436121.799,0.0,69.83,4.8103,0.980,27.1,3,,,0.03348,0.3218,0.0000,0.1804,0.0000,0.3348,0.2349,0.1425,SAFE,False,10,0,,,,,,
1771436121.799,0.0,,,,,,,,,,,,,,,0.1425,SAFE,,10,,t1283_0,0.37,LOW,LOCAL,SAFE: all tasks permitted (weight=0.37),
1771436121.799,0.0,69.77,4.7958,1.002,28.7,3,,,0.02395,0.3182,0.0000,0.2463,0.0000,0.2395,0.2462,0.1434,SAFE,False,10,0,,,,,,
1771436121.799,0.0,70.08,4.7766,0.977,26.9,2,,,0.01890,0.3387,0.0000,0.3337,0.0000,0.1890,0.2186,0.1466,SAFE,False,10,0,,,,,,
1771436121.799,0.0,,,,,,,,,,,,,,,0.1466,SAFE,,10,,t1285_0,0.73,HIGH,LOCAL,SAFE: all tasks permitted (weight=0.73),
1771436121.799,0.0,69.46,4.7827,1.045,31.8,3,,,0.01754,0.2972,0.0000,0.3057,0.0000,0.1754,0.2674,0.1464,SAFE,False,10,0,,,,,,
1771436121.799,0.0,,,,,,,,,,,,,,,0.1464,SAFE,,10,,t1286_0,0.65,NORMAL,LOCAL,SAFE: all tasks permitted (weight=0.65),
1771436121.799,0.0,69.81,4.7745,1.098,35.6,4,,,0.01531,0.3208,0.0000,0.3433,0.0000,0.1531,0.3091,0.1603,SAFE,False,10,0,,,,,,
1771436121.799,0.0,69.60,4.7798,1.066,33.3,3,,,0.01491,0.3065,0.0000,0.3190,0.0000,0.1491,0.2781,0.1488,SAFE,False,10,0,,,,,,
1771436121.799,0.0,69.26,4.8032,1.037,31.2,3,,,0.01531,0.2838,0.0000,0.2127,0.0000,0.1531,0.2633,0.1297,SAFE,False,10,0,,,,,,window_reset|B=10
1771436121.799,0.0,,,,,,,,,,,,,,,0.1297,SAFE,,10,,t1289_0,0.65,NORMAL,LOCAL,SAFE: all tasks permitted (weight=0.65),
1771436121.799,0.0,69.24,4.7655,1.090,35.0,4,,,0.01648,0.2829,0.0000,0.3842,0.0000,0.1648,0.3052,0.1614,SAFE,False,10,0,,,,,,
1771436121.799,0.0,69.05,4.7879,1.059,32.8,3,,,0.01614,0.2697,0.0000,0.2823,0.0000,0.1614,0.2745,0.1401,SAFE,False,10,0,,,,,,
1771436121.799,0.0,69.55,4.8233,1.030,30.7,3,,,0.01881,0.3033,0.0000,0.1216,0.0000,0.1881,0.2599,0.1230,SAFE,False,10,0,,,,,,
1771436121.799,0.0,69.24,4.8197,1.003,28.8,3,,,0.01921,0.2827,0.0000,0.1376,0.0000,0.1921,0.2463,0.1203,SAFE,False,10,0,,,,,,
1771436121.799,0.0,,,,,,,,,,,,,,,0.1203,SAFE,,10,,t1293_0,0.83,CRITICAL,LOCAL,SAFE: all tasks permitted (weight=0.83),
1771436121.799,0.0,69.05,4.7906,1.081,34.4,3,,,0.01761,0.2697,0.0000,0.2698,0.0000,0.1761,0.2856,0.1422,SAFE,False,10,0,,,,,,
1771436121.799,0.0,69.59,4.7563,1.050,32.2,3,,,0.01929,0.3060,0.0000,0.4258,0.0000,0.1929,0.2702,0.1654,SAFE,False,10,0,,,,,,
1771436121.799,0.0,69.36,4.8124,1.022,30.1,3,,,0.02037,0.2905,0.0000,0.1711,0.0000,0.2037,0.2559,0.1287,SAFE,False,10,0,,,,,,
1771436121.799,0.0,,,,,,,,,,,,,,,0.1287,SAFE,,10,,t1296_0,0.42,HIGH,LOCAL,SAFE: all tasks permitted (weight=0.42),
1771436121.799,0.0,69.44,4.8286,1.048,32.0,3,,,0.02259,0.2959,0.0000,0.0974,0.0000,0.2259,0.2690,0.1246,SAFE,False,10,0,,,,,,
1771436121.799,0.0,69.50,4.7885,1.020,30.0,3,,,0.02241,0.3003,0.0000,0.2794,0.0000,0.2241,0.2548,0.1457,SAFE,False,10,0,,,,,,
1771436121.799,0.0,,,,,,,,,,,,,,,0.1457,SAFE,,10,,t1298_0,0.70,NORMAL,LOCAL,SAFE: all tasks permitted (weight=0.70),
1771436121.799,0.0,68.90,4.7869,1.081,34.3,3,,,0.02176,0.2599,0.0000,0.2870,0.0000,0.2176,0.2853,0.1473,SAFE,False,10,0,,,,,,
1771436121.799,0.0,69.25,4.7922,1.050,32.1,3,,,0.02129,0.2835,0.0000,0.2628,0.0000,0.2129,0.2700,0.1435,SAFE,False,10,0,,,,,,
1771436121.799,0.0,,,,,,,,,,,,,,,0.1435,SAFE,,10,,t1300_0,0.70,HIGH,LOCAL,SAFE: all tasks permitted (weight=0.70),
1771436121.799,0.0,69.22,4.8106,1.109,36.3,4,,,0.02159,0.2813,0.0000,0.1790,0.0000,0.2159,0.3144,0.1415,SAFE,False,10,0,,,,,,
1771436121.799,0.0,68.72,4.7819,1.076,34.0,3,,,0.02002,0.2479,0.0000,0.3094,0.0000,0.2002,0.2830,0.1466,SAFE,False,10,0,,,,,,
1771436121.799,0.0,,,,,,,,,,,,,,,0.1466,SAFE,,10,,t1302_0,0.79,NORMAL,LOCAL,SAFE: all tasks permitted (weight=0.79),
1771436121.799,0.0,69.42,4.7550,1.144,38.9,4,,,0.02324,0.2948,0.0000,0.4318,0.0000,0.2324,0.3320,0.1812,SAFE,False,10,0,,,,,,
1771436121.800,0.0,68.65,4.7620,1.109,36.3,4,-42187.632,-50.08720,0.02331,0.2434,0.0000,0.4001,0.0000,0.2331,0.3144,0.1674,SAFE,False,10,0,,,,,,window_reset|B=10
1771436121.800,0.0,,,,,,,,,,,,,,,0.1674,SAFE,,10,,t1304_0,0.48,NORMAL,LOCAL,SAFE: all tasks permitted (weight=0.48),
1771436121.800,0.0,69.28,4.7852,1.136,38.3,4,-9663.862,-43.14019,0.02158,0.2851,0.0000,0.2946,0.0000,0.2158,0.3281,0.1597,SAFE,False,10,0,,,,,,
1771436121.800,0.0,69.18,4.7539,1.102,35.8,4,-19204.135,-34.40257,0.02344,0.2788,0.0000,0.4366,0.0000,0.2344,0.3108,0.1758,SAFE,False,10,0,,,,,,
1771436121.800,0.0,69.51,4.7583,1.069,33.5,3,36492.789,-28.37666,0.02325,0.3007,0.0000,0.4168,0.0000,0.2325,0.2797,0.1695,SAFE,False,10,0,,,,,,
1771436121.800,0.0,69.56,4.7749,1.040,31.4,3,18163.108,-17.21626,0.02178,0.3038,0.0000,0.3415,0.0000,0.2178,0.2648,0.1556,SAFE,False,10,0,,,,,,
1771436121.800,0.0,69.37,4.7801,1.012,29.4,3,9162.798,-30.31861,0.01654,0.2915,0.0000,0.3176,0.0000,0.1654,0.2508,0.1430,SAFE,False,10,0,,,,,,
1771436121.800,0.0,68.70,4.7907,0.986,27.6,3,-1062.633,8.69909,0.01667,0.2467,0.0000,0.2697,0.0000,0.1667,0.2379,0.1289,SAFE,False,10,0,,,,,,
1771436121.800,0.0,68.85,4.8173,0.962,25.8,2,-34309.461,61.92094,0.01988,0.2564,0.0000,0.1488,0.0000,0.1988,0.2109,0.1122,SAFE,False,10,0,,,,,,
1771436121.800,0.0,,,,,,,,,,,,,,,0.1122,SAFE,,10,,t1311_0,0.28,LOW,LOCAL,SAFE: all tasks permitted (weight=0.28),
1771436121.800,0.0,68.66,4.8191,0.975,26.8,2,,,0.02246,0.2442,0.0000,0.1406,0.0000,0.2246,0.2173,0.1135,SAFE,False,10,0,,,,,,
1771436121.800,0.0,,,,,,,,,,,,,,,0.1135,SAFE,,10,,t1312_0,0.44,HIGH,LOCAL,SAFE: all tasks permitted (weight=0.44),
1771436121.800,0.0,68.48,4.7892,1.007,29.1,3,,,0.02095,0.2318,0.0000,0.2764,0.0000,0.2095,0.2484,0.1344,SAFE,False,10,0,,,,,,
1771436121.800,0.0,68.54,4.7784,0.981,27.2,3,,,0.02095,0.2358,0.0000,0.3255,0.0000,0.2095,0.2356,0.1387,SAFE,False,10,0,,,,,,
1771436121.800,0.0,67.96,4.8137,0.958,25.5,2,,,0.02132,0.1976,0.0000,0.1648,0.0000,0.2132,0.2088,0.1082,SAFE,False,10,0,,,,,,
1771436121.800,0.0,,,,,,,,,,,,,,,0.1082,SAFE,,10,,t1315_0,0.82,LOW,LOCAL,SAFE: all tasks permitted (weight=0.82),
1771436121.800,0.0,68.16,4.7853,1.039,31.3,3,,,0.02014,0.2105,0.0000,0.2939,0.0000,0.2014,0.2643,0.1365,SAFE,False,10,0,,,,,,
1771436121.800,0.0,67.88,4.7916,1.011,29.3,3,,,0.02016,0.1917,0.0000,0.2655,0.0000,0.2016,0.2504,0.1278,SAFE,False,10,0,,,,,,
1771436121.800,0.0,,,,,,,,,,,,,,,0.1278,SAFE,,10,,t1317_0,0.74,CRITICAL,LOCAL,SAFE: all tasks permitted (weight=0.74),
1771436121.800,0.0,68.44,4.7833,1.078,34.1,3,,,0.01753,0.2293,0.0000,0.3033,0.0000,0.1753,0.2838,0.1412,SAFE,False,10,0,,,,,,
1771436121.800,0.0,68.02,4.7979,1.047,31.9,3,,,0.01473,0.2016,0.0000,0.2366,0.0000,0.1473,0.2686,0.1234,SAFE,False,10,0,,,,,,window_reset|B=10
1771436121.800,0.0,67.65,4.7803,1.019,29.9,3,,,0.01423,0.1764,0.0000,0.3170,0.0000,0.1423,0.2544,0.1275,SAFE,False,10,0,,,,,,
1771436121.800,0.0,,,,,,,,,,,,,,,0.1275,SAFE,,10,,t1320_0,0.44,HIGH,LOCAL,SAFE: all tasks permitted (weight=0.44),
1771436121.800,0.0,67.85,4.7575,1.048,32.0,3,,,0.01714,0.1902,0.0000,0.4207,0.0000,0.1714,0.2692,0.1485,SAFE,False,10,0,,,,,,
1771436121.800,0.0,68.15,4.8039,1.020,30.0,3,,,0.01744,0.2098,0.0000,0.2095,0.0000,0.1744,0.2550,0.1208,SAFE,False,10,0,,,,,,
1771436121.800,0.0,67.87,4.7937,0.993,28.1,3,,,0.01587,0.1917,0.0000,0.2561,0.0000,0.1587,0.2417,0.1205,SAFE,False,10,0,,,,,,
1771436121.800,0.0,,,,,,,,,,,,,,,0.1205,SAFE,,10,,t1323_0,0.32,HIGH,LOCAL,SAFE: all tasks permitted (weight=0.32),
1771436121.800,0.0,,,,,,,,,,,,,,,0.1205,SAFE,,10,,t1323_1,0.68,LOW,LOCAL,SAFE: all tasks permitted (weight=0.68),
1771436121.800,0.0,67.38,4.7507,1.095,35.4,4,,,0.01705,0.1589,0.0000,0.4514,0.0000,0.1705,0.3075,0.1563,SAFE,False,10,0,,,,,,
1771436121.800,0.0,68.00,4.8066,1.063,33.1,3,,,0.01802,0.2003,0.0000,0.1974,0.0000,0.1802,0.2767,0.1230,SAFE,False,10,0,,,,,,
1771436121.800,0.0,67.73,4.7729,1.034,31.0,3,,,0.01830,0.1822,0.0000,0.3505,0.0000,0.1830,0.2619,0.1381,SAFE,False,10,0,,,,,,
1771436121.800,0.0,,,,,,,,,,,,,,,0.1381,SAFE,,10,,t1326_0,0.51,NORMAL,LOCAL,SAFE: all tasks permitted (weight=0.51),
1771436121.800,0.0,,,,,,,,,,,,,,,0.1381,SAFE,,10,,t1326_1,0.56,NORMAL,LOCAL,SAFE: all tasks permitted (weight=0.56),
1771436121.800,0.0,67.74,4.7498,1.141,38.7,4,,,0.01888,0.1824,0.0000,0.4554,0.0000,0.1888,0.3306,0.1661,SAFE,False,10,0,,,,,,
1771436121.800,0.0,,,,,,,,,,,,,,,0.1661,SAFE,,10,,t1327_0,0.39,HIGH,LOCAL,SAFE: all tasks permitted (weight=0.39),
1771436121.800,0.0,68.24,4.7622,1.156,39.7,4,,,0.01951,0.2158,0.0000,0.3989,0.0000,0.1951,0.3378,0.1648,SAFE,False,10,0,,,,,,
1771436121.800,0.0,67.86,4.7635,1.120,37.1,4,,,0.01957,0.1910,0.0000,0.3931,0.0000,0.1957,0.3198,0.1575,SAFE,False,10,0,,,,,,
1771436121.800,0.0,68.49,4.7869,1.086,34.7,3,,,0.01969,0.2330,0.0000,0.2870,0.0000,0.1969,0.2881,0.1426,SAFE,False,10,0,,,,,,
1771436121.800,0.0,,,,,,,,,,,,,,,0.1426,SAFE,,10,,t1330_0,0.84,HIGH,LOCAL,SAFE: all tasks permitted (weight=0.84),
1771436121.800,0.0,68.89,4.7615,1.161,40.0,4,,,0.01905,0.2592,0.0000,0.4025,0.0000,0.1905,0.3403,0.1705,SAFE,False,10,0,,,,,,
1771436121.800,0.0,68.73,4.7786,1.124,37.5,4,,,0.01901,0.2487,0.0000,0.3247,0.0000,0.1901,0.3222,0.1555,SAFE,False,10,0,,,,,,
1771436121.800,0.0,68.07,4.7502,1.091,35.0,4,,,0.01964,0.2044,0.0000,0.4537,0.0000,0.1964,0.3053,0.1642,SAFE,False,10,0,,,,,,
1771436121.800,0.0,68.56,4.7538,1.059,32.8,3,,,0.01796,0.2376,0.0000,0.4375,0.0000,0.1796,0.2746,0.1583,SAFE,False,10,0,,,,,,window_reset|B=10
1771436121.800,0.0,,,,,,,,,,,,,,,0.1583,SAFE,,10,,t1334_0,0.64,HIGH,LOCAL,SAFE: all tasks permitted (weight=0.64),
1771436121.800,0.0,68.51,4.7709,1.111,36.5,4,,,0.01641,0.2338,0.0000,0.3594,0.0000,0.1641,0.3154,0.1543,SAFE,False,10,0,,,,,,
1771436121.801,0.0,68.65,4.8119,1.078,34.1,3,27413.019,54.68336,0.01965,0.2435,0.0000,0.1732,0.0000,0.1965,0.2840,0.1282,SAFE,False,10,0,,,,,,
1771436121.801,0.0,68.25,4.8037,1.048,32.0,3,25478.333,44.27809,0.01924,0.2167,0.0000,0.2104,0.0000,0.1924,0.2688,0.1263,SAFE,False,10,0,,,,,,
1771436121.801,0.0,,,,,,,,,,,,,,,0.1263,SAFE,,10,,t1337_0,0.58,LOW,LOCAL,SAFE: all tasks permitted (weight=0.58),
1771436121.801,0.0,68.62,4.7417,1.093,35.2,4,8105.748,-49.73833,0.02099,0.2412,0.0000,0.4922,0.0000,0.2099,0.3066,0.1752,SAFE,False,10,0,,,,,,
1771436121.801,0.0,68.80,4.7974,1.062,33.0,3,-6012.725,39.60152,0.02138,0.2531,0.0000,0.2391,0.0000,0.2138,0.2758,0.1380,SAFE,False,10,0,,,,,,
1771436121.801,0.0,,,,,,,,,,,,,,,0.1380,SAFE,,10,,t1339_0,0.50,CRITICAL,LOCAL,SAFE: all tasks permitted (weight=0.50),
1771436121.801,0.0,68.77,4.7593,1.095,35.4,4,2381.625,-21.25414,0.02152,0.2511,0.0000,0.4124,0.0000,0.2152,0.3075,0.1668,SAFE,False,10,0,,,,,,
1771436121.801,0.0,,,,,,,,,,,,,,,0.1668,SAFE,,10,,t1340_0,0.40,NORMAL,LOCAL,SAFE: all tasks permitted (weight=0.40),
1771436121.801,0.0,68.52,4.7728,1.114,36.7,4,30218.410,24.95553,0.02133,0.2349,0.0000,0.3507,0.0000,0.2133,0.3170,0.1585,SAFE,False,10,0,,,,,,
1771436121.801,0.0,,,,,,,,,,,,,,,0.1585,SAFE,,10,,t1341_0,0.64,HIGH,LOCAL,SAFE: all tasks permitted (weight=0.64),
1771436121.801,0.0,68.94,4.7246,1.162,40.2,4,24746.395,-32.09966,0.02486,0.2626,0.0000,0.5699,0.0000,0.2486,0.3412,0.1987,SAFE,False,10,0,,,,,,
1771436121.801,0.0,69.37,4.7629,1.126,37.6,4,56928.115,-8.87009,0.02482,0.2912,0.0000,0.3960,0.0000,0.2482,0.3230,0.1759,SAFE,False,10,0,,,,,,
1771436121.801,0.0,68.85,4.7896,1.092,35.2,4,,,0.02536,0.2564,0.0000,0.2745,0.0000,0.2536,0.3061,0.1530,SAFE,False,10,0,,,,,,
1771436121.801,0.0,,,,,,,,,,,,,,,0.1530,SAFE,,10,,t1344_0,0.36,NORMAL,LOCAL,SAFE: all tasks permitted (weight=0.36),
1771436121.801,0.0,,,,,,,,,,,,,,,0.1530,SAFE,,10,,t1344_1,0.37,HIGH,LOCAL,SAFE: all tasks permitted (weight=0.37),
1771436121.801,0.0,68.96,4.7419,1.152,39.4,4,,,0.02599,0.2639,0.0000,0.4914,0.0000,0.2599,0.3360,0.1887,SAFE,False,10,0,,,,,,
1771436121.801,0.0,,,,,,,,,,,,,,,0.1887,SAFE,,10,,t1345_0,0.54,LOW,LOCAL,SAFE: all tasks permitted (weight=0.54),
1771436121.801,0.0,69.02,4.7539,1.185,41.8,4,,,0.02599,0.2682,0.0000,0.4370,0.0000,0.2599,0.3527,0.1855,SAFE,False,10,0,,,,,,
1771436121.801,0.0,,,,,,,,,,,,,,,0.1855,SAFE,,10,,t1346_0,0.38,NORMAL,LOCAL,SAFE: all tasks permitted (weight=0.38),
1771436121.801,0.0,69.26,4.7086,1.195,42.5,4,,,0.03089,0.2842,0.0000,0.6427,0.0000,0.3089,0.3575,0.2200,SAFE,False,10,0,,,,,,
1771436121.801,0.0,69.67,4.7286,1.156,39.7,4,,,0.02864,0.3116,0.0000,0.5519,0.0000,0.2864,0.3381,0.2054,SAFE,False,10,0,,,,,,
1771436121.801,0.0,69.45,4.7580,1.120,37.2,4,,,0.02499,0.2964,0.0000,0.4184,0.0000,0.2499,0.3201,0.1790,SAFE,False,10,0,,,,,,window_reset|B=10
1771436121.801,0.0,69.40,4.7996,1.087,34.8,3,,,0.02772,0.2935,0.0000,0.2293,0.0000,0.2772,0.2884,0.1504,SAFE,False,10,0,,,,,,
1771436121.801,0.0,69.88,4.7610,1.056,32.5,3,,,0.02513,0.3256,0.0000,0.4043,0.0000,0.2513,0.2728,0.1713,SAFE,False,10,0,,,,,,
1771436121.802,0.0,,,,,,,,,,,,,,,0.1713,SAFE,,10,,t1351_0,0.28,NORMAL,LOCAL,SAFE: all tasks permitted (weight=0.28),
1771436121.802,0.0,69.14,4.7909,1.062,33.0,3,17547.848,1.30003,0.02702,0.2758,0.0000,0.2686,0.0000,0.2702,0.2762,0.1503,SAFE,False,10,0,,,,,,
1771436121.802,0.0,69.56,4.8089,1.033,30.9,3,36013.703,67.42943,0.03034,0.3037,0.0000,0.1866,0.0000,0.3034,0.2615,0.1433,SAFE,False,10,0,,,,,,
1771436121.802,0.0,68.92,4.7895,1.006,29.0,3,-6510.936,35.87879,0.02919,0.2611,0.0000,0.2748,0.0000,0.2919,0.2478,0.1458,SAFE,False,10,0,,,,,,
1771436121.802,0.0,,,,,,,,,,,,,,,0.1458,SAFE,,10,,t1354_0,0.56,NORMAL,LOCAL,SAFE: all tasks permitted (weight=0.56),
1771436121.802,0.0,,,,,,,,,,,,,,,0.1458,SAFE,,10,,t1354_1,0.71,LOW,LOCAL,SAFE: all tasks permitted (weight=0.71),
1771436121.802,0.0,69.87,4.8037,1.142,38.7,4,36874.384,95.67318,0.03094,0.3249,0.0000,0.2104,0.0000,0.3094,0.3310,0.1635,SAFE,False,10,0,,,,,,
1771436121.802,0.0,,,,,,,,,,,,,,,0.1635,SAFE,,10,,t1355_0,0.34,HIGH,LOCAL,SAFE: all tasks permitted (weight=0.34),
1771436121.802,0.0,69.72,4.7623,1.150,39.3,4,2675.390,33.91154,0.03038,0.3145,0.0000,0.3987,0.0000,0.3038,0.3350,0.1869,SAFE,False,10,0,,,,,,
1771436121.802,0.0,69.53,4.7686,1.114,36.7,4,4933.212,10.66783,0.02941,0.3019,0.0000,0.3702,0.0000,0.2941,0.3172,0.1772,SAFE,False,10,0,,,,,,
1771436121.802,0.0,69.70,4.7781,1.081,34.4,3,17650.239,-21.55777,0.02910,0.3130,0.0000,0.3267,0.0000,0.2910,0.2857,0.1663,SAFE,False,10,0,,,,,,
1771436121.802,0.0,69.98,4.7821,1.051,32.2,3,5543.037,21.17663,0.02211,0.3317,0.0000,0.3086,0.0000,0.2211,0.2703,0.1561,SAFE,False,10,0,,,,,,
1771436121.802,0.0,69.36,4.7685,1.022,30.1,3,,,0.01686,0.2908,0.0000,0.3706,0.0000,0.1686,0.2560,0.1511,SAFE,False,10,0,,,,,,
1771436121.802,0.0,69.49,4.7769,0.995,28.2,3,,,0.01547,0.2995,0.0000,0.3321,0.0000,0.1547,0.2427,0.1431,SAFE,False,10,0,,,,,,
1771436121.802,0.0,,,,,,,,,,,,,,,0.1431,SAFE,,10,,t1361_0,0.64,HIGH,LOCAL,SAFE: all tasks permitted (weight=0.64),
1771436121.802,0.0,69.39,4.8113,1.052,32.3,3,,,0.01682,0.2928,0.0000,0.1760,0.0000,0.1682,0.2711,0.1290,SAFE,False,10,0,,,,,,
1771436121.802,0.0,,,,,,,,,,,,,,,0.1290,SAFE,,10,,t1362_0,0.81,LOW,LOCAL,SAFE: all tasks permitted (weight=0.81),
1771436121.802,0.0,69.32,4.7683,1.126,37.6,4,,,0.01612,0.2882,0.0000,0.3714,0.0000,0.1612,0.3231,0.1636,SAFE,False,10,0,,,,,,
1771436121.802,0.0,69.14,4.7708,1.092,35.2,4,,,0.01637,0.2762,0.0000,0.3600,0.0000,0.1637,0.3062,0.1576,SAFE,False,10,0,,,,,,window_reset|B=10
1771436121.802,0.0,69.54,4.7203,1.061,32.9,3,,,0.02183,0.3028,0.0000,0.5897,0.0000,0.2183,0.2754,0.1899,SAFE,False,10,0,,,,,,
1771436121.802,0.0,69.76,4.7886,1.031,30.8,3,,,0.02178,0.3175,0.0000,0.2791,0.0000,0.2178,0.2607,0.1483,SAFE,False,10,0,,,,,,
1771436121.802,0.0,,,,,,,,,,,,,,,0.1483,SAFE,,10,,t1366_0,0.71,CRITICAL,LOCAL,SAFE: all tasks permitted (weight=0.71),
1771436121.802,0.0,68.95,4.7881,1.095,35.4,4,,,0.02045,0.2636,0.0000,0.2814,0.0000,0.2045,0.3076,0.1502,SAFE,False,10,0,,,,,,
1771436121.802,0.0,69.23,4.7737,1.064,33.1,3,,,0.02016,0.2821,0.0000,0.3468,0.0000,0.2016,0.2768,0.1545,SAFE,False,10,0,,,,,,
1771436121.802,0.0,,,,,,,,,,,,,,,0.1545,SAFE,,10,,t1368_0,0.75,HIGH,LOCAL,SAFE: all tasks permitted (weight=0.75),
1771436121.802,0.0,69.21,4.7992,1.130,37.9,4,,,0.02115,0.2804,0.0000,0.2310,0.0000,0.2115,0.3252,0.1499,SAFE,False,10,0,,,,,,
1771436121.802,0.0,68.91,4.8139,1.096,35.4,4,,,0.02347,0.2606,0.0000,0.1641,0.0000,0.2347,0.3081,0.1377,SAFE,False,10,0,,,,,,
1771436121.802,0.0,69.17,4.7733,1.064,33.2,3,,,0.02354,0.2781,0.0000,0.3486,0.0000,0.2354,0.2772,0.1577,SAFE,False,10,0,,,,,,
1771436121.802,0.0,69.04,4.7825,1.035,31.1,3,,,0.02331,0.2693,0.0000,0.3067,0.0000,0.2331,0.2624,0.1480,SAFE,False,10,0,,,,,,
1771436121.802,0.0,,,,,,,,,,,,,,,0.1480,SAFE,,10,,t1372_0,0.73,LOW,LOCAL,SAFE: all tasks permitted (weight=0.73),
1771436121.802,0.0,69.37,4.7750,1.100,35.7,4,,,0.02334,0.2916,0.0000,0.3409,0.0000,0.2334,0.3101,0.1647,SAFE,False,10,0,,,,,,
1771436121.802,0.0,69.77,4.7679,1.068,33.4,3,,,0.02158,0.3183,0.0000,0.3733,0.0000,0.2158,0.2791,0.1641,SAFE,False,10,0,,,,,,
1771436121.802,0.0,,,,,,,,,,,,,,,0.1641,SAFE,,10,,t1374_0,0.23,HIGH,LOCAL,SAFE: all tasks permitted (weight=0.23),
1771436121.802,0.0,69.63,4.7541,1.068,33.4,3,,,0.02239,0.3090,0.0000,0.4360,0.0000,0.2239,0.2791,0.1720,SAFE,False,10,0,,,,,,
1771436121.802,0.0,,,,,,,,,,,,,,,0.1720,SAFE,,10,,t1375_0,0.56,NORMAL,LOCAL,SAFE: all tasks permitted (weight=0.56),
1771436121.802,0.0,69.03,4.7169,1.110,36.5,4,,,0.02769,0.2686,0.0000,0.6051,0.0000,0.2769,0.3152,0.2016,SAFE,False,10,0,,,,,,
1771436121.802,0.0,69.36,4.7425,1.078,34.1,3,,,0.02482,0.2904,0.0000,0.4886,0.0000,0.2482,0.2838,0.1799,SAFE,False,10,0,,,,,,
1771436121.802,0.0,68.91,4.7905,1.047,31.9,3,,,0.02492,0.2609,0.0000,0.2703,0.0000,0.2492,0.2686,0.1451,SAFE,False,10,0,,,,,,
1771436121.802,0.0,,,,,,,,,,,,,,,0.1451,SAFE,,10,,t1378_0,0.34,HIGH,LOCAL,SAFE: all tasks permitted (weight=0.34),
1771436121.802,0.0,69.35,4.7830,1.063,33.0,3,,,0.02471,0.2903,0.0000,0.3043,0.0000,0.2471,0.2763,0.1544,SAFE,False,10,0,,,,,,window_reset|B=10
1771436121.802,0.0,68.49,4.7444,1.033,30.9,3,,,0.02591,0.2324,0.0000,0.4802,0.0000,0.2591,0.2616,0.1685,SAFE,False,10,0,,,,,,
1771436121.803,0.0,,,,,,,,,,,,,,,0.1685,SAFE,,10,,t1380_0,0.28,HIGH,LOCAL,SAFE: all tasks permitted (weight=0.28),
1771436121.803,0.0,69.10,4.8033,1.042,31.5,3,-14924.017,25.62496,0.02632,0.2733,0.0000,0.2122,0.0000,0.2632,0.2658,0.1399,SAFE,False,10,0,,,,,,
1771436121.803,0.0,68.92,4.7958,1.014,29.5,3,-46559.630,25.23622,0.02423,0.2611,0.0000,0.2465,0.0000,0.2423,0.2518,0.1380,SAFE,False,10,0,,,,,,
1771436121.803,0.0,,,,,,,,,,,,,,,0.1380,SAFE,,10,,t1382_0,0.83,NORMAL,LOCAL,SAFE: all tasks permitted (weight=0.83),
1771436121.803,0.0,68.99,4.7811,1.094,35.3,4,-34892.086,24.43451,0.02444,0.2661,0.0000,0.3133,0.0000,0.2444,0.3071,0.1585,SAFE,False,10,0,,,,,,
1771436121.803,0.0,69.02,4.7742,1.063,33.0,3,-508.264,51.90453,0.02418,0.2679,0.0000,0.3444,0.0000,0.2418,0.2763,0.1564,SAFE,False,10,0,,,,,,
1771436121.803,0.0,68.62,4.7924,1.033,30.9,3,-40061.652,45.14813,0.02500,0.2412,0.0000,0.2618,0.0000,0.2500,0.2615,0.1403,SAFE,False,10,0,,,,,,
1771436121.803,0.0,68.69,4.8430,1.006,29.0,3,-12144.658,47.44850,0.03198,0.2460,0.0000,0.0319,0.0000,0.3198,0.2478,0.1152,SAFE,False,10,0,,,,,,
1771436121.803,0.0,68.92,4.7951,0.980,27.2,3,-23806.734,10.94797,0.03157,0.2611,0.0000,0.2493,0.0000,0.3157,0.2351,0.1423,SAFE,False,10,0,,,,,,
1771436121.803,0.0,,,,,,,,,,,,,,,0.1423,SAFE,,10,,t1387_0,0.36,HIGH,LOCAL,SAFE: all tasks permitted (weight=0.36),
1771436121.803,0.0,68.45,4.7617,1.002,28.7,3,-2231.614,15.74162,0.02601,0.2297,0.0000,0.4011,0.0000,0.2601,0.2461,0.1549,SAFE,False,10,0,,,,,,
1771436121.803,0.0,68.41,4.8192,0.977,26.9,2,,,0.02443,0.2273,0.0000,0.1400,0.0000,0.2443,0.2185,0.1136,SAFE,False,10,0,,,,,,
1771436121.803,0.0,,,,,,,,,,,,,,,0.1136,SAFE,,10,,t1389_0,0.27,LOW,LOCAL,SAFE: all tasks permitted (weight=0.27),
1771436121.803,0.0,68.29,4.8111,0.988,27.7,3,,,0.02509,0.2192,0.0000,0.1768,0.0000,0.2509,0.2390,0.1222,SAFE,False,10,0,,,,,,
1771436121.803,0.0,67.84,4.7873,0.964,26.0,2,,,0.02500,0.1891,0.0000,0.2852,0.0000,0.2500,0.2119,0.1271,SAFE,False,10,0,,,,,,
1771436121.803,0.0,,,,,,,,,,,,,,,0.1271,SAFE,,10,,t1391_0,0.72,HIGH,LOCAL,SAFE: all tasks permitted (weight=0.72),
1771436121.803,0.0,68.02,4.7663,1.033,30.9,3,,,0.02205,0.2012,0.0000,0.3806,0.0000,0.2205,0.2616,0.1480,SAFE,False,10,0,,,,,,
1771436121.803,0.0,,,,,,,,,,,,,,,0.1480,SAFE,,10,,t1392_0,0.54,LOW,LOCAL,SAFE: all tasks permitted (weight=0.54),
1771436121.803,0.0,67.59,4.7801,1.076,34.0,3,,,0.02218,0.1729,0.0000,0.3177,0.0000,0.2218,0.2829,0.1408,SAFE,False,10,0,,,,,,
1771436121.803,0.0,68.62,4.7825,1.045,31.8,3,,,0.02231,0.2411,0.0000,0.3070,0.0000,0.2231,0.2677,0.1447,SAFE,False,10,0,,,,,,window_reset|B=10
1771436121.803,0.0,67.04,4.7977,1.017,29.8,3,,,0.02216,0.1360,0.0000,0.2376,0.0000,0.2216,0.2536,0.1201,SAFE,False,10,0,,,,,,
1771436121.803,0.0,67.74,4.8154,0.991,27.9,3,,,0.02224,0.1829,0.0000,0.1573,0.0000,0.2224,0.2405,0.1127,SAFE,False,10,0,,,,,,
1771436121.803,0.0,68.13,4.8209,0.967,26.2,2,,,0.02323,0.2088,0.0000,0.1324,0.0000,0.2323,0.2133,0.1082,SAFE,False,10,0,,,,,,
1771436121.803,0.0,,,,,,,,,,,,,,,0.1082,SAFE,,10,,t1397_0,0.37,LOW,LOCAL,SAFE: all tasks permitted (weight=0.37),
1771436121.803,0.0,67.17,4.7974,0.992,28.0,3,,,0.01896,0.1447,0.0000,0.2392,0.0000,0.1896,0.2408,0.1156,SAFE,False,10,0,,,,,,
1771436121.803,0.0,,,,,,,,,,,,,,,0.1156,SAFE,,10,,t1398_0,0.46,LOW,LOCAL,SAFE: all tasks permitted (weight=0.46),
1771436121.803,0.0,67.39,4.7814,1.026,30.4,3,,,0.01930,0.1595,0.0000,0.3116,0.0000,0.1930,0.2581,0.1306,SAFE,False,10,0,,,,,,
1771436121.803,0.0,,,,,,,,,,,,,,,0.1306,SAFE,,10,,t1399_0,0.66,NORMAL,LOCAL,SAFE: all tasks permitted (weight=0.66),
1771436121.803,0.0,67.41,4.7541,1.084,34.5,3,,,0.02043,0.1605,0.0000,0.4360,0.0000,0.2043,0.2868,0.1537,SAFE,False,10,0,,,,,,
1771436121.803,0.0,67.72,4.7846,1.053,32.3,3,,,0.01888,0.1810,0.0000,0.2971,0.0000,0.1888,0.2714,0.1335,SAFE,False,10,0,,,,,,
1771436121.803,0.0,67.27,4.8158,1.024,30.3,3,,,0.01936,0.1512,0.0000,0.1552,0.0000,0.1936,0.2570,0.1091,SAFE,False,10,0,,,,,,
1771436121.803,0.0,67.15,4.7970,0.997,28.4,3,,,0.01942,0.1432,0.0000,0.2408,0.0000,0.1942,0.2436,0.1166,SAFE,False,10,0,,,,,,
1771436121.803,0.0,67.00,4.7969,0.972,26.6,2,,,0.01794,0.1335,0.0000,0.2416,0.0000,0.1794,0.2162,0.1086,SAFE,False,10,0,,,,,,
1771436121.803,0.0,67.16,4.8415,0.949,24.9,2,,,0.02171,0.1440,0.0000,0.0387,0.0000,0.2171,0.2046,0.0849,SAFE,False,10,0,,,,,,
1771436121.803,0.0,66.99,4.8109,0.928,23.4,2,,,0.02135,0.1324,0.0000,0.1775,0.0000,0.2135,0.1939,0.0991,SAFE,False,10,0,,,,,,
1771436121.803,0.0,66.87,4.8437,0.908,22.0,2,,,0.02431,0.1246,0.0000,0.0287,0.0000,0.2431,0.1839,0.0798,SAFE,False,10,0,,,,,,
1771436121.803,0.0,66.53,4.8412,0.889,20.7,2,,,0.02620,0.1021,0.0000,0.0400,0.0000,0.2620,0.1746,0.0786,SAFE,False,10,0,,,,,,
1771436121.803,0.0,65.79,4.8451,0.872,19.4,2,,,0.02806,0.0523,0.0000,0.0222,0.0000,0.2806,0.1659,0.0704,SAFE,False,10,0,,,,,,window_reset|B=10
1771436121.803,0.0,65.91,4.8410,0.856,18.3,1,,,0.02910,0.0607,0.0000,0.0410,0.0000,0.2910,0.1429,0.0703,SAFE,False,10,0,,,,,,
1771436121.804,0.0,65.58,4.8643,0.841,17.2,1,-93901.119,67.08061,0.03064,0.0385,0.0000,0.0000,0.0000,0.3064,0.1354,0.0623,SAFE,False,10,0,,,,,,
1771436121.804,0.0,65.29,4.8369,0.827,16.2,1,-102383.944,39.91983,0.02361,0.0194,0.0000,0.0595,0.0000,0.2361,0.1284,0.0594,SAFE,False,10,0,,,,,,
1771436121.804,0.0,,,,,,,,,,,,,,,0.0594,SAFE,,10,,t1412_0,0.27,HIGH,LOCAL,SAFE: all tasks permitted (weight=0.27),
1771436121.804,0.0,64.84,4.8320,0.849,17.8,1,-138744.562,-9.41441,0.01994,0.0000,0.0000,0.0816,0.0000,0.1994,0.1394,0.0584,SAFE,False,10,0,,,,,,
1771436121.804,0.0,,,,,,,,,,,,,,,0.0584,SAFE,,10,,t1413_0,0.23,NORMAL,LOCAL,SAFE: all tasks permitted (weight=0.23),
1771436121.804,0.0,,,,,,,,,,,,,,,0.0584,SAFE,,10,,t1413_1,0.76,LOW,LOCAL,SAFE: all tasks permitted (weight=0.76),
1771436121.804,0.0,64.42,4.8042,0.962,25.9,2,-153778.009,-6.67821,0.02089,0.0000,0.0000,0.2080,0.0000,0.2089,0.2111,0.0902,SAFE,False,10,0,,,,,,
1771436121.804,0.0,65.07,4.8296,0.940,24.3,2,-107451.542,-14.02649,0.01846,0.0048,0.0000,0.0927,0.0000,0.1846,0.1999,0.0711,SAFE,False,10,0,,,,,,
1771436121.804,0.0,,,,,,,,,,,,,,,0.0711,SAFE,,10,,t1415_0,0.31,NORMAL,LOCAL,SAFE: all tasks permitted (weight=0.31),
1771436121.804,0.0,64.24,4.7985,0.959,25.6,2,-136952.654,-42.60056,0.01820,0.0000,0.0000,0.2342,0.0000,0.1820,0.2094,0.0905,SAFE,False,10,0,,,,,,
1771436121.804,0.0,64.09,4.8358,0.937,24.0,2,-101423.440,-9.32373,0.01803,0.0000,0.0000,0.0647,0.0000,0.1803,0.1983,0.0661,SAFE,False,10,0,,,,,,
1771436121.804,0.0,64.17,4.8288,0.916,22.6,2,-104058.326,-12.15367,0.01694,0.0000,0.0000,0.0964,0.0000,0.1694,0.1880,0.0671,SAFE,False,10,0,,,,,,
1771436121.804,0.0,64.50,4.7990,0.897,21.2,2,,,0.01906,0.0000,0.0000,0.2318,0.0000,0.1906,0.1784,0.0849,SAFE,False,10,0,,,,,,
1771436121.804,0.0,63.38,4.8247,0.879,19.9,2,,,0.01877,0.0000,0.0000,0.1152,0.0000,0.1877,0.1695,0.0676,SAFE,False,10,0,,,,,,
1771436121.804,0.0,63.58,4.8261,0.862,18.7,1,,,0.01808,0.0000,0.0000,0.1088,0.0000,0.1808,0.1462,0.0615,SAFE,False,10,0,,,,,,
1771436121.804,0.0,62.78,4.8476,0.847,17.6,1,,,0.01859,0.0000,0.0000,0.0110,0.0000,0.1859,0.1385,0.0477,SAFE,False,10,0,,,,,,
1771436121.804,0.0,62.80,4.8589,0.833,16.6,1,,,0.01774,0.0000,0.0000,0.0000,0.0000,0.1774,0.1313,0.0440,SAFE,False,10,0,,,,,,
1771436121.804,0.0,,,,,,,,,,,,,,,0.0440,SAFE,,10,,t1423_0,0.48,NORMAL,LOCAL,SAFE: all tasks permitted (weight=0.48),
1771436121.804,0.0,62.91,4.8439,0.881,20.1,2,,,0.01817,0.0000,0.0000,0.0278,0.0000,0.1817,0.1707,0.0559,SAFE,False,10,0,,,,,,window_reset|B=10
1771436121.804,0.0,62.36,4.8602,0.865,18.9,1,,,0.02031,0.0000,0.0000,0.0000,0.0000,0.2031,0.1474,0.0498,SAFE,False,10,0,,,,,,
1771436121.804,0.0,,,,,,,,,,,,,,,0.0498,SAFE,,10,,t1425_0,0.69,HIGH,LOCAL,SAFE: all tasks permitted (weight=0.69),
1771436121.804,0.0,62.57,4.8138,0.938,24.2,2,,,0.01946,0.0000,0.0000,0.1644,0.0000,0.1946,0.1991,0.0807,SAFE,False,10,0,,,,,,
1771436121.804,0.0,62.42,4.8394,0.918,22.7,2,,,0.01960,0.0000,0.0000,0.0484,0.0000,0.1960,0.1888,0.0636,SAFE,False,10,0,,,,,,
1771436121.804,0.0,62.19,4.8547,0.898,21.3,2,,,0.01782,0.0000,0.0000,0.0000,0.0000,0.1782,0.1791,0.0536,SAFE,False,10,0,,,,,,
1771436121.804,0.0,,,,,,,,,,,,,,,0.0536,SAFE,,10,,t1428_0,0.52,LOW,LOCAL,SAFE: all tasks permitted (weight=0.52),
1771436121.804,0.0,61.62,4.8284,0.947,24.8,2,,,0.01794,0.0000,0.0000,0.0981,0.0000,0.1794,0.2037,0.0714,SAFE,False,10,0,,,,,,
1771436121.804,0.0,61.42,4.7990,0.926,23.3,2,,,0.02056,0.0000,0.0000,0.2317,0.0000,0.2056,0.1930,0.0893,SAFE,False,10,0,,,,,,
1771436121.804,0.0,,,,,,,,,,,,,,,0.0893,SAFE,,10,,t1430_0,0.83,HIGH,LOCAL,SAFE: all tasks permitted (weight=0.83),
1771436121.804,0.0,62.17,4.7995,1.014,29.6,3,,,0.02049,0.0000,0.0000,0.2295,0.0000,0.2049,0.2521,0.1008,SAFE,False,10,0,,,,,,
1771436121.804,0.0,,,,,,,,,,,,,,,0.1008,SAFE,,10,,t1431_0,0.73,HIGH,LOCAL,SAFE: all tasks permitted (weight=0.73),
1771436121.804,0.0,61.95,4.7352,1.083,34.5,3,,,0.03399,0.0000,0.0000,0.5216,0.0000,0.3399,0.2866,0.1591,SAFE,False,10,0,,,,,,
1771436121.804,0.0,62.60,4.7891,1.052,32.3,3,,,0.03545,0.0000,0.0000,0.2770,0.0000,0.3545,0.2712,0.1257,SAFE,False,10,0,,,,,,
1771436121.804,0.0,63.08,4.8080,1.024,30.3,3,,,0.03479,0.0000,0.0000,0.1909,0.0000,0.3479,0.2568,0.1110,SAFE,False,10,0,,,,,,
1771436121.804,0.0,62.83,4.8041,0.997,28.3,3,,,0.03282,0.0000,0.0000,0.2085,0.0000,0.3282,0.2434,0.1086,SAFE,False,10,0,,,,,,
1771436121.804,0.0,,,,,,,,,,,,,,,0.1086,SAFE,,10,,t1435_0,0.39,HIGH,LOCAL,SAFE: all tasks permitted (weight=0.39),
1771436121.804,0.0,62.80,4.8007,1.023,30.2,3,,,0.03176,0.0000,0.0000,0.2239,0.0000,0.3176,0.2564,0.1121,SAFE,False,10,0,,,,,,
1771436121.804,0.0,,,,,,,,,,,,,,,0.1121,SAFE,,10,,t1436_0,0.60,LOW,LOCAL,SAFE: all tasks permitted (weight=0.60),
1771436121.804,0.0,62.39,4.7442,1.074,33.9,3,,,0.03296,0.0000,0.0000,0.4811,0.0000,0.3296,0.2821,0.1519,SAFE,False,10,0,,,,,,
1771436121.804,0.0,62.84,4.8018,1.044,31.7,3,,,0.03275,0.0000,0.0000,0.2192,0.0000,0.3275,0.2670,0.1146,SAFE,False,10,0,,,,,,
1771436121.804,0.0,63.27,4.8217,1.016,29.7,3,,,0.03133,0.0000,0.0000,0.1286,0.0000,0.3133,0.2529,0.0986,SAFE,False,10,0,,,,,,window_reset|B=10
1771436121.804,0.0,62.58,4.7723,0.990,27.8,3,,,0.02708,0.0000,0.0000,0.3532,0.0000,0.2708,0.2398,0.1210,SAFE,False,10,0,,,,,,
1771436121.805,0.1,,,,,,,,,,,,,,,0.1210,SAFE,,10,,t1440_0,0.83,NORMAL,LOCAL,SAFE: all tasks permitted (weight=0.83),
1771436121.805,0.1,,,,,,,,,,,,,,,0.1210,SAFE,,10,,t1440_1,0.33,LOW,LOCAL,SAFE: all tasks permitted (weight=0.33),
1771436121.805,0.1,,,,,,,,,,,,,,,0.1210,SAFE,,10,,t1440_2,0.38,CRITICAL,LOCAL,SAFE: all tasks permitted (weight=0.38),
1771436121.805,0.1,62.38,4.7593,1.166,40.4,4,-13178.161,-29.32189,0.02605,0.0000,0.0000,0.4122,0.0000,0.2605,0.3429,0.1482,SAFE,False,10,0,,,,,,
1771436121.805,0.1,63.37,4.7835,1.129,37.8,4,17247.541,-24.20190,0.02577,0.0000,0.0000,0.3025,0.0000,0.2577,0.3246,0.1300,SAFE,False,10,0,,,,,,
1771436121.805,0.1,,,,,,,,,,,,,,,0.1300,SAFE,,10,,t1442_0,0.49,HIGH,LOCAL,SAFE: all tasks permitted (weight=0.49),
1771436121.805,0.1,63.63,4.7402,1.159,40.0,4,47510.130,-62.97014,0.02808,0.0000,0.0000,0.4989,0.0000,0.2808,0.3397,0.1609,SAFE,False,10,0,,,,,,
1771436121.805,0.1,,,,,,,,,,,,,,,0.1609,SAFE,,10,,t1443_0,0.73,NORMAL,LOCAL,SAFE: all tasks permitted (weight=0.73),
1771436121.805,0.1,63.77,4.7114,1.219,44.2,5,57751.939,-88.02391,0.03177,0.0000,0.0000,0.6299,0.0000,0.3177,0.3843,0.1905,SAFE,False,10,0,,,,,,
1771436121.805,0.1,63.93,4.7414,1.178,41.3,4,91053.138,-2.71117,0.03310,0.0000,0.0000,0.4936,0.0000,0.3310,0.3491,0.1671,SAFE,False,10,0,,,,,,
1771436121.805,0.1,64.37,4.7788,1.141,38.6,4,89932.512,-22.61004,0.03155,0.0000,0.0000,0.3235,0.0000,0.3155,0.3303,0.1397,SAFE,False,10,0,,,,,,
1771436121.805,0.1,64.47,4.7754,1.106,36.1,4,70677.668,-45.63655,0.03004,0.0000,0.0000,0.3391,0.0000,0.3004,0.3129,0.1367,SAFE,False,10,0,,,,,,
1771436121.805,0.1,64.83,4.7782,1.073,33.8,3,133438.619,5.85424,0.02869,0.0000,0.0000,0.3262,0.0000,0.2869,0.2816,0.1274,SAFE,False,10,0,,,,,,
1771436121.805,0.1,,,,,,,,,,,,,,,0.1274,SAFE,,10,,t1448_0,0.40,NORMAL,LOCAL,SAFE: all tasks permitted (weight=0.40),
1771436121.805,0.1,65.13,4.7563,1.096,35.4,4,,,0.02806,0.0085,0.0000,0.4257,0.0000,0.2806,0.3078,0.1460,SAFE,False,10,0,,,,,,
1771436121.805,0.1,65.72,4.7827,1.064,33.1,3,,,0.02662,0.0481,0.0000,0.3059,0.0000,0.2662,0.2769,0.1276,SAFE,False,10,0,,,,,,
1771436121.805,0.1,,,,,,,,,,,,,,,0.1276,SAFE,,10,,t1450_0,0.78,CRITICAL,LOCAL,SAFE: all tasks permitted (weight=0.78),
1771436121.805,0.1,65.20,4.7601,1.136,38.3,4,,,0.02085,0.0134,0.0000,0.4087,0.0000,0.2085,0.3279,0.1412,SAFE,False,10,0,,,,,,
1771436121.805,0.1,65.32,4.7836,1.101,35.8,4,,,0.02155,0.0211,0.0000,0.3019,0.0000,0.2155,0.3106,0.1255,SAFE,False,10,0,,,,,,
1771436121.805,0.1,65.23,4.7938,1.069,33.5,3,,,0.02317,0.0156,0.0000,0.2554,0.0000,0.2317,0.2795,0.1141,SAFE,False,10,0,,,,,,
1771436121.805,0.1,65.33,4.7954,1.039,31.4,3,,,0.02415,0.0221,0.0000,0.2483,0.0000,0.2415,0.2646,0.1120,SAFE,False,10,0,,,,,,window_reset|B=10
1771436121.805,0.1,,,,,,,,,,,,,,,0.1120,SAFE,,10,,t1454_0,0.71,NORMAL,LOCAL,SAFE: all tasks permitted (weight=0.71),
1771436121.805,0.1,65.38,4.7817,1.105,36.0,4,,,0.02310,0.0254,0.0000,0.3103,0.0000,0.2310,0.3123,0.1289,SAFE,False,10,0,,,,,,
1771436121.805,0.1,65.48,4.7853,1.072,33.7,3,,,0.01517,0.0323,0.0000,0.2943,0.0000,0.1517,0.2811,0.1135,SAFE,False,10,0,,,,,,
1771436121.805,0.1,66.16,4.7686,1.042,31.6,3,,,0.01138,0.0775,0.0000,0.3699,0.0000,0.1138,0.2660,0.1220,SAFE,False,10,0,,,,,,
1771436121.805,0.1,,,,,,,,,,,,,,,0.1220,SAFE,,10,,t1457_0,0.54,HIGH,LOCAL,SAFE: all tasks permitted (weight=0.54),
1771436121.805,0.1,65.69,4.8067,1.084,34.6,3,,,0.01383,0.0459,0.0000,0.1969,0.0000,0.1383,0.2871,0.1024,SAFE,False,10,0,,,,,,
1771436121.805,0.1,,,,,,,,,,,,,,,0.1024,SAFE,,10,,t1458_0,0.74,HIGH,LOCAL,SAFE: all tasks permitted (weight=0.74),
1771436121.805,0.1,65.50,4.7773,1.151,39.3,4,,,0.01378,0.0332,0.0000,0.3307,0.0000,0.1378,0.3353,0.1278,SAFE,False,10,0,,,,,,
1771436121.805,0.1,,,,,,,,,,,,,,,0.1278,SAFE,,10,,t1459_0,0.85,NORMAL,LOCAL,SAFE: all tasks permitted (weight=0.85),
1771436121.805,0.1,66.22,4.7639,1.226,44.7,5,,,0.01454,0.0816,0.0000,0.3912,0.0000,0.1454,0.3878,0.1527,SAFE,False,10,0,,,,,,
1771436121.805,0.1,,,,,,,,,,,,,,,0.1527,SAFE,,10,,t1460_0,0.67,HIGH,LOCAL,SAFE: all tasks permitted (weight=0.67),
1771436121.805,0.1,66.67,4.7509,1.273,48.1,5,,,0.01533,0.1115,0.0000,0.4505,0.0000,0.1533,0.4115,0.1696,SAFE,False,10,0,,,,,,
1771436121.805,0.1,67.14,4.7326,1.229,44.9,5,,,0.01993,0.1428,0.0000,0.5337,0.0000,0.1993,0.3894,0.1843,SAFE,False,10,0,,,,,,
1771436121.805,0.1,67.34,4.7527,1.188,42.0,4,,,0.02049,0.1560,0.0000,0.4421,0.0000,0.2049,0.3539,0.1675,SAFE,False,10,0,,,,,,
1771436121.805,0.1,,,,,,,,,,,,,,,0.1675,SAFE,,10,,t1463_0,0.38,CRITICAL,LOCAL,SAFE: all tasks permitted (weight=0.38),
1771436121.805,0.1,67.43,4.7059,1.200,42.8,4,,,0.02759,0.1622,0.0000,0.6548,0.0000,0.2759,0.3598,0.2041,SAFE,False,10,0,,,,,,
1771436121.805,0.1,,,,,,,,,,,,,,,0.2041,SAFE,,10,,t1464_0,0.77,NORMAL,LOCAL,SAFE: all tasks permitted (weight=0.77),
1771436121.805,0.1,68.10,4.7429,1.262,47.3,5,,,0.02719,0.2064,0.0000,0.4869,0.0000,0.2719,0.4059,0.1964,SAFE,False,10,0,,,,,,
1771436121.805,0.1,,,,,,,,,,,,,,,0.1964,SAFE,,10,,t1465_0,0.55,HIGH,LOCAL,SAFE: all tasks permitted (weight=0.55),
1771436121.805,0.1,68.08,4.7523,1.290,49.3,5,,,0.02556,0.2055,0.0000,0.4441,0.0000,0.2556,0.4201,0.1920,SAFE,False,10,0,,,,,,
1771436121.806,0.1,68.08,4.7361,1.245,46.1,5,158871.613,-42.32574,0.02545,0.2050,0.0000,0.5179,0.0000,0.2545,0.3975,0.1969,SAFE,False,10,0,,,,,,
1771436121.806,0.1,69.23,4.6942,1.203,43.1,5,185290.973,-71.62707,0.02900,0.2819,0.0000,0.7081,0.0000,0.2900,0.3764,0.2301,SAFE,False,10,0,,,,,,
1771436121.806,0.1,,,,,,,,,,,,,,,0.2301,SAFE,,10,,t1468_0,0.39,LOW,LOCAL,SAFE: all tasks permitted (weight=0.39),
1771436121.806,0.1,69.08,4.7264,1.215,43.9,5,148457.702,-25.18571,0.02893,0.2720,0.0000,0.5619,0.0000,0.2893,0.3824,0.2111,SAFE,False,10,0,,,,,,window_reset|B=10
1771436121.806,0.1,,,,,,,,,,,,,,,0.2111,SAFE,,10,,t1469_0,0.42,NORMAL,LOCAL,SAFE: all tasks permitted (weight=0.42),
1771436121.806,0.1,69.53,4.7713,1.229,44.9,5,147085.161,39.76276,0.02386,0.3018,0.0000,0.3578,0.0000,0.2386,0.3896,0.1845,SAFE,False,10,0,,,,,,
1771436121.806,0.1,,,,,,,,,,,,,,,0.1845,SAFE,,10,,t1470_0,0.42,HIGH,LOCAL,SAFE: all tasks permitted (weight=0.42),
1771436121.806,0.1,69.67,4.7177,1.243,45.9,5,143915.714,-36.02811,0.02219,0.3116,0.0000,0.6015,0.0000,0.2219,0.3966,0.2171,SAFE,False,10,0,,,,,,
1771436121.806,0.1,,,,,,,,,,,,,,,0.2171,SAFE,,10,,t1471_0,0.27,HIGH,LOCAL,SAFE: all tasks permitted (weight=0.27),
1771436121.806,0.1,69.87,4.7675,1.236,45.5,5,149963.660,63.24881,0.02257,0.3244,0.0000,0.3751,0.0000,0.2257,0.3932,0.1889,SAFE,False,10,0,,,,,,
1771436121.806,0.1,70.04,4.7364,1.195,42.5,4,119798.499,-6.71515,0.02221,0.3360,0.0000,0.5166,0.0000,0.2221,0.3574,0.2012,SAFE,False,10,0,,,,,,
1771436121.806,0.1,70.21,4.7274,1.156,39.7,4,130876.697,-25.56536,0.02232,0.3471,0.0000,0.5572,0.0000,0.2232,0.3381,0.2040,SAFE,False,10,0,,,,,,
1771436121.806,0.1,69.76,4.7686,1.120,37.2,4,,,0.02371,0.3172,0.0000,0.3702,0.0000,0.2371,0.3201,0.1739,SAFE,False,10,0,,,,,,
1771436121.806,0.1,70.01,4.7991,1.087,34.8,3,,,0.02719,0.3339,0.0000,0.2313,0.0000,0.2719,0.2883,0.1550,SAFE,False,10,0,,,,,,
1771436121.806,0.1,70.47,4.7746,1.056,32.5,3,,,0.02837,0.3645,0.0000,0.3428,0.0000,0.2837,0.2728,0.1712,SAFE,False,10,0,,,,,,
1771436121.806,0.1,69.89,4.7821,1.027,30.5,3,,,0.02993,0.3261,0.0000,0.3088,0.0000,0.2993,0.2583,0.1609,SAFE,False,10,0,,,,,,
1771436121.806,0.1,70.00,4.7900,1.000,28.5,3,,,0.03149,0.3335,0.0000,0.2729,0.0000,0.3149,0.2448,0.1560,SAFE,False,10,0,,,,,,
1771436121.806,0.1,69.49,4.7954,0.975,26.8,2,,,0.02749,0.2994,0.0000,0.2481,0.0000,0.2749,0.2173,0.1391,SAFE,False,10,0,,,,,,
1771436121.806,0.1,69.42,4.8231,0.951,25.1,2,,,0.02965,0.2943,0.0000,0.1225,0.0000,0.2965,0.2057,0.1220,SAFE,False,10,0,,,,,,
1771436121.806,0.1,69.27,4.8214,0.930,23.5,2,,,0.03276,0.2844,0.0000,0.1299,0.0000,0.3276,0.1948,0.1228,SAFE,False,10,0,,,,,,
1771436121.806,0.1,68.49,4.8306,0.910,22.1,2,,,0.03103,0.2327,0.0000,0.0883,0.0000,0.3103,0.1848,0.1074,SAFE,False,10,0,,,,,,
1771436121.806,0.1,,,,,,,,,,,,,,,0.1074,SAFE,,10,,t1483_0,0.31,HIGH,LOCAL,SAFE: all tasks permitted (weight=0.31),
1771436121.806,0.1,68.79,4.8261,0.932,23.7,2,,,0.03252,0.2529,0.0000,0.1087,0.0000,0.3252,0.1959,0.1162,SAFE,False,10,0,,,,,,window_reset|B=10
1771436121.806,0.1,,,,,,,,,,,,,,,0.1162,SAFE,,10,,t1484_0,0.79,LOW,LOCAL,SAFE: all tasks permitted (weight=0.79),
1771436121.806,0.1,68.04,4.7663,1.016,29.7,3,,,0.02933,0.2027,0.0000,0.3803,0.0000,0.2933,0.2530,0.1537,SAFE,False,10,0,,,,,,
1771436121.806,0.1,68.34,4.7978,0.990,27.8,3,,,0.02193,0.2226,0.0000,0.2371,0.0000,0.2193,0.2399,0.1274,SAFE,False,10,0,,,,,,
1771436121.806,0.1,,,,,,,,,,,,,,,0.1274,SAFE,,10,,t1486_0,0.55,HIGH,LOCAL,SAFE: all tasks permitted (weight=0.55),
1771436121.806,0.1,68.20,4.7565,1.038,31.3,3,,,0.02347,0.2134,0.0000,0.4249,0.0000,0.2347,0.2639,0.1571,SAFE,False,10,0,,,,,,
1771436121.806,0.1,,,,,,,,,,,,,,,0.1571,SAFE,,10,,t1487_0,0.67,LOW,LOCAL,SAFE: all tasks permitted (weight=0.67),
1771436121.806,0.1,68.51,4.8269,1.098,35.6,4,,,0.02490,0.2338,0.0000,0.1048,0.0000,0.2490,0.3092,0.1284,SAFE,False,10,0,,,,,,
1771436121.806,0.1,,,,,,,,,,,,,,,0.1284,SAFE,,10,,t1488_0,0.63,CRITICAL,LOCAL,SAFE: all tasks permitted (weight=0.63),
1771436121.806,0.1,68.58,4.7185,1.149,39.2,4,,,0.03302,0.2385,0.0000,0.5977,0.0000,0.3302,0.3347,0.2063,SAFE,False,10,0,,,,,,
1771436121.806,0.1,68.79,4.7942,1.114,36.7,4,,,0.03281,0.2527,0.0000,0.2534,0.0000,0.3281,0.3169,0.1595,SAFE,False,10,0,,,,,,
1771436121.806,0.1,,,,,,,,,,,,,,,0.1595,SAFE,,10,,t1490_0,0.81,HIGH,LOCAL,SAFE: all tasks permitted (weight=0.81),
1771436121.806,0.1,69.26,4.7792,1.188,42.0,4,,,0.03310,0.2838,0.0000,0.3217,0.0000,0.3310,0.3541,0.1798,SAFE,False,10,0,,,,,,
1771436121.806,0.1,,,,,,,,,,,,,,,0.1798,SAFE,,10,,t1491_0,0.66,LOW,LOCAL,SAFE: all tasks permitted (weight=0.66),
1771436121.806,0.1,,,,,,,,,,,,,,,0.1798,SAFE,,10,,t1491_1,0.36,NORMAL,LOCAL,SAFE: all tasks permitted (weight=0.36),
1771436121.806,0.1,68.96,4.7233,1.284,48.9,5,,,0.03852,0.2641,0.0000,0.5760,0.0000,0.3852,0.4172,0.2285,SAFE,False,10,0,,,,,,
1771436121.806,0.1,,,,,,,,,,,,,,,0.2285,SAFE,,10,,t1492_0,0.46,NORMAL,LOCAL,SAFE: all tasks permitted (weight=0.46),
1771436121.806,0.1,69.64,4.7241,1.301,50.1,5,,,0.04080,0.3097,0.0000,0.5724,0.0000,0.4080,0.4254,0.2375,SAFE,False,10,0,,,,,,
1771436121.806,0.1,,,,,,,,,,,,,,,0.2375,SAFE,,10,,t1493_0,0.66,LOW,LOCAL,SAFE: all tasks permitted (weight=0.66),
1771436121.806,0.1,69.99,4.6786,1.342,53.0,6,,,0.04741,0.3326,0.0000,0.7791,0.0000,0.4741,0.4609,0.2808,WARNING,False,10,0,,,,,,
1771436121.806,0.1,,,,,,,,,,,,,,,0.2808,WARNING,,10,,t1494_0,0.83,LOW,OFFLOAD,WARNING: heavy task offloaded (weight=0.83 >= 0.3),
1771436121.806,0.1,70.69,4.6963,1.293,49.5,5,,,0.04729,0.3794,0.0000,0.6987,0.0000,0.4729,0.4214,0.2679,WARNING,False,10,0,,,,,,
1771436121.806,0.1,,,,,,,,,,,,,,,0.2679,WARNING,,10,,t1495_0,0.24,NORMAL,LOCAL,WARNING: lightweight task permitted (weight=0.24 < 0.3),
1771436121.806,0.1,70.82,4.7319,1.279,48.5,5,,,0.04283,0.3880,0.0000,0.5369,0.0000,0.4283,0.4147,0.2421,WARNING,False,10,0,,,,,,
1771436121.806,0.1,70.90,4.7302,1.235,45.3,5,,,0.04281,0.3935,0.0000,0.5444,0.0000,0.4281,0.3924,0.2393,WARNING,False,10,0,,,,,,
1771436121.806,0.1,70.93,4.7514,1.193,42.4,4,,,0.04000,0.3951,0.0000,0.4482,0.0000,0.4000,0.3567,0.2170,WARNING,False,10,0,,,,,,
1771436121.807,0.1,71.47,4.7249,1.155,39.6,4,132882.535,-54.21782,0.04003,0.4316,0.0000,0.5685,0.0000,0.4003,0.3374,0.2332,WARNING,False,10,0,,,,,,window_reset|B=10
1771436121.807,0.1,71.09,4.7341,1.119,37.1,4,127784.244,10.75404,0.03026,0.4063,0.0000,0.5270,0.0000,0.3026,0.3194,0.2114,WARNING,False,10,0,,,,,,
1771436121.807,0.1,70.86,4.7894,1.085,34.7,3,72784.470,65.24546,0.03373,0.3906,0.0000,0.2754,0.0000,0.3373,0.2877,0.1740,SAFE,False,10,0,,,,,,
1771436121.807,0.1,70.66,4.7753,1.054,32.5,3,40047.081,96.54438,0.03142,0.3772,0.0000,0.3397,0.0000,0.3142,0.2722,0.1753,SAFE,False,10,0,,,,,,
1771436121.807,0.1,70.82,4.7849,1.026,30.4,3,7859.749,88.52189,0.03210,0.3881,0.0000,0.2958,0.0000,0.3210,0.2578,0.1687,SAFE,False,10,0,,,,,,
1771436121.807,0.1,,,,,,,,,,,,,,,0.1687,SAFE,,10,,t1503_0,0.39,LOW,LOCAL,SAFE: all tasks permitted (weight=0.39),
1771436121.807,0.1,71.34,4.7997,1.051,32.2,3,31445.902,67.76287,0.03608,0.4230,0.0000,0.2285,0.0000,0.3608,0.2704,0.1706,SAFE,False,10,0,,,,,,
1771436121.807,0.1,,,,,,,,,,,,,,,0.1706,SAFE,,10,,t1504_0,0.38,HIGH,LOCAL,SAFE: all tasks permitted (weight=0.38),
1771436121.807,0.1,70.92,4.7691,1.073,33.8,3,797.306,38.77725,0.03621,0.3944,0.0000,0.3679,0.0000,0.3621,0.2815,0.1877,SAFE,False,10,0,,,,,,
1771436121.807,0.1,70.99,4.8014,1.043,31.6,3,3981.891,49.93249,0.03256,0.3996,0.0000,0.2210,0.0000,0.3256,0.2664,0.1625,SAFE,False,10,0,,,,,,
1771436121.807,0.1,70.33,4.7765,1.015,29.6,3,,,0.02711,0.3553,0.0000,0.3341,0.0000,0.2711,0.2524,0.1637,SAFE,False,10,0,,,,,,
1771436121.807,0.1,,,,,,,,,,,,,,,0.1637,SAFE,,10,,t1507_0,0.83,HIGH,LOCAL,SAFE: all tasks permitted (weight=0.83),
1771436121.810,0.1,70.52,4.7898,1.099,35.6,4,-11832.903,19.21553,0.02609,0.3681,0.0000,0.2737,0.0000,0.2609,0.3093,0.1677,SAFE,False,10,0,,,,,,
1771436121.810,0.1,71.10,4.7997,1.067,33.3,3,5064.529,3.55028,0.02453,0.4070,0.0000,0.2286,0.0000,0.2453,0.2783,0.1587,SAFE,False,10,0,,,,,,
1771436121.810,0.1,69.75,4.7913,1.037,31.2,3,-18810.737,5.52630,0.02384,0.3165,0.0000,0.2668,0.0000,0.2384,0.2634,0.1492,SAFE,False,10,0,,,,,,
1771436121.810,0.1,70.26,4.7908,1.009,29.2,3,-11556.683,2.04143,0.01781,0.3509,0.0000,0.2689,0.0000,0.1781,0.2496,0.1448,SAFE,False,10,0,,,,,,
1771436121.810,0.1,,,,,,,,,,,,,,,0.1448,SAFE,,10,,t1511_0,0.39,LOW,LOCAL,SAFE: all tasks permitted (weight=0.39),
1771436121.810,0.1,70.42,4.7821,1.035,31.1,3,-19186.133,-6.07787,0.00988,0.3612,0.0000,0.3086,0.0000,0.0988,0.2624,0.1458,SAFE,False,10,0,,,,,,
1771436121.810,0.1,69.84,4.7640,1.007,29.1,3,-22267.361,-1.74360,0.01179,0.3227,0.0000,0.3909,0.0000,0.1179,0.2486,0.1511,SAFE,False,10,0,,,,,,
1771436121.810,0.1,69.91,4.8065,0.982,27.3,3,-22409.081,1.75810,0.01268,0.3273,0.0000,0.1978,0.0000,0.1268,0.2358,0.1248,SAFE,False,10,0,,,,,,window_reset|B=10
1771436121.811,0.1,,,,,,,,,,,,,,,0.1248,SAFE,,10,,t1514_0,0.74,NORMAL,LOCAL,SAFE: all tasks permitted (weight=0.74),
1771436121.811,0.1,70.46,4.7666,1.057,32.6,3,2055.395,-2.54461,0.01400,0.3643,0.0000,0.3792,0.0000,0.1400,0.2733,0.1617,SAFE,False,10,0,,,,,,
1771436121.811,0.1,69.59,4.7682,1.028,30.5,3,-55620.805,-21.46880,0.01422,0.3059,0.0000,0.3719,0.0000,0.1422,0.2588,0.1510,SAFE,False,10,0,,,,,,
1771436121.811,0.1,,,,,,,,,,,,,,,0.1510,SAFE,,10,,t1516_0,0.50,NORMAL,LOCAL,SAFE: all tasks permitted (weight=0.50),
1771436121.811,0.1,69.39,4.7772,1.067,33.4,3,-102069.838,-22.38531,0.01368,0.2928,0.0000,0.3311,0.0000,0.1368,0.2786,0.1476,SAFE,False,10,0,,,,,,
1771436121.811,0.1,69.75,4.8172,1.038,31.3,3,133.483,25.77483,0.01584,0.3167,0.0000,0.1489,0.0000,0.1584,0.2638,0.1260,SAFE,False,10,0,,,,,,
1771436121.811,0.1,,,,,,,,,,,,,,,0.1260,SAFE,,10,,t1518_0,0.24,HIGH,LOCAL,SAFE: all tasks permitted (weight=0.24),
1771436121.811,0.1,69.80,4.8050,1.041,31.5,3,-27622.568,14.10248,0.01640,0.3200,0.0000,0.2043,0.0000,0.1640,0.2656,0.1345,SAFE,False,10,0,,,,,,
1771436121.811,0.1,,,,,,,,,,,,,,,0.1345,SAFE,,10,,t1519_0,0.57,HIGH,LOCAL,SAFE: all tasks permitted (weight=0.57),
1771436121.811,0.1,69.04,4.7814,1.089,35.0,3,-81785.219,-0.72390,0.01650,0.2697,0.0000,0.3119,0.0000,0.1650,0.2897,0.1473,SAFE,False,10,0,,,,,,
1771436121.811,0.1,69.53,4.7932,1.058,32.7,3,-18705.872,29.02474,0.01619,0.3018,0.0000,0.2581,0.0000,0.1619,0.2740,0.1408,SAFE,False,10,0,,,,,,
1771436121.811,0.1,69.25,4.8009,1.029,30.6,3,-39412.559,-5.58316,0.01661,0.2832,0.0000,0.2233,0.0000,0.1661,0.2595,0.1315,SAFE,False,10,0,,,,,,
1771436121.811,0.1,,,,,,,,,,,,,,,0.1315,SAFE,,10,,t1522_0,0.82,LOW,LOCAL,SAFE: all tasks permitted (weight=0.82),
1771436121.811,0.1,69.13,4.7739,1.111,36.5,4,,,0.01701,0.2754,0.0000,0.3459,0.0000,0.1701,0.3156,0.1582,SAFE,False,10,0,,,,,,
1771436121.811,0.1,,,,,,,,,,,,,,,0.1582,SAFE,,10,,t1523_0,0.36,NORMAL,LOCAL,SAFE: all tasks permitted (weight=0.36),
1771436121.811,0.1,,,,,,,,,,,,,,,0.1582,SAFE,,10,,t1523_1,0.51,HIGH,LOCAL,SAFE: all tasks permitted (weight=0.51),
1771436121.811,0.1,69.85,4.7415,1.193,42.4,4,,,0.02106,0.3234,0.0000,0.4930,0.0000,0.2106,0.3567,0.1953,SAFE,False,10,0,,,,,,
1771436121.811,0.1,,,,,,,,,,,,,,,0.1953,SAFE,,10,,t1524_0,0.56,LOW,LOCAL,SAFE: all tasks permitted (weight=0.56),
1771436121.811,0.1,69.86,4.7075,1.230,45.0,5,,,0.02942,0.3242,0.0000,0.6476,0.0000,0.2942,0.3900,0.2305,SAFE,False,10,0,,,,,,
1771436121.811,0.1,,,,,,,,,,,,,,,0.2305,SAFE,,10,,t1525_0,0.54,LOW,LOCAL,SAFE: all tasks permitted (weight=0.54),
1771436121.811,0.1,,,,,,,,,,,,,,,0.2305,SAFE,,10,,t1525_1,0.67,NORMAL,LOCAL,SAFE: all tasks permitted (weight=0.67),
1771436121.811,0.1,69.98,4.6755,1.350,53.6,6,,,0.03949,0.3323,0.0000,0.7930,0.0000,0.3949,0.4649,0.2754,WARNING,False,10,0,,,,,,
1771436121.811,0.1,,,,,,,,,,,,,,,0.2754,WARNING,,10,,t1526_0,0.24,NORMAL,LOCAL,WARNING: lightweight task permitted (weight=0.24 < 0.3),
1771436121.811,0.1,70.76,4.6453,1.332,52.3,6,,,0.05195,0.3839,0.0000,0.9305,0.0000,0.5195,0.4559,0.3102,WARNING,False,10,0,,,,,,
1771436121.811,0.1,71.32,4.7076,1.283,48.8,5,,,0.05356,0.4216,0.0000,0.6471,0.0000,0.5356,0.4167,0.2716,WARNING,False,10,0,,,,,,
1771436121.811,0.1,71.11,4.6645,1.239,45.6,5,,,0.05805,0.4073,0.0000,0.8433,0.0000,0.5805,0.3943,0.2954,WARNING,False,10,0,,,,,,window_reset|B=10
1771436121.811,0.1,70.45,4.7319,1.197,42.6,4,,,0.05355,0.3630,0.0000,0.5367,0.0000,0.5355,0.3584,0.2386,WARNING,False,10,0,,,,,,
1771436121.811,0.1,,,,,,,,,,,,,,,0.2386,WARNING,,10,,t1530_0,0.51,NORMAL,OFFLOAD,WARNING: heavy task offloaded (weight=0.51 >= 0.3),
1771436121.811,0.1,71.41,4.7665,1.158,39.9,4,,,0.05035,0.4272,0.0000,0.3796,0.0000,0.5035,0.3390,0.2188,WARNING,False,10,0,,,,,,
1771436121.811,0.1,72.05,4.7687,1.122,37.3,4,,,0.04944,0.4697,0.0000,0.3696,0.0000,0.4944,0.3209,0.2180,WARNING,False,10,0,,,,,,
1771436121.811,0.1,,,,,,,,,,,,,,,0.2180,WARNING,,10,,t1532_0,0.28,NORMAL,LOCAL,WARNING: lightweight task permitted (weight=0.28 < 0.3),
1771436121.811,0.1,71.46,4.7884,1.125,37.5,4,,,0.04895,0.4304,0.0000,0.2801,0.0000,0.4895,0.3226,0.2015,WARNING,False,10,0,,,,,,
1771436121.811,0.1,71.64,4.7676,1.091,35.1,4,,,0.04575,0.4426,0.0000,0.3744,0.0000,0.4575,0.3057,0.2087,WARNING,False,10,0,,,,,,
1771436121.811,0.1,71.30,4.7901,1.060,32.9,3,,,0.04730,0.4197,0.0000,0.2721,0.0000,0.4730,0.2750,0.1880,WARNING,False,10,0,,,,,,
1771436121.811,0.1,71.07,4.7839,1.031,30.8,3,,,0.04959,0.4048,0.0000,0.3003,0.0000,0.4959,0.2604,0.1893,WARNING,False,10,0,,,,,,
1771436121.812,0.1,71.34,4.8089,1.004,28.8,3,17001.991,180.62924,0.05302,0.4225,0.0000,0.1867,0.0000,0.5302,0.2468,0.1773,SAFE,False,10,0,,,,,,
1771436121.812,0.1,70.82,4.7776,0.978,27.0,3,27922.905,57.15796,0.04984,0.3878,0.0000,0.3290,0.0000,0.4984,0.2341,0.1860,SAFE,False,10,0,,,,,,
1771436121.812,0.1,70.87,4.8423,0.955,25.3,2,-40070.380,94.81277,0.04480,0.3916,0.0000,0.0350,0.0000,0.4480,0.2073,0.1378,SAFE,False,10,0,,,,,,
1771436121.812,0.1,69.75,4.8031,0.933,23.8,2,-172425.757,43.01042,0.04203,0.3165,0.0000,0.2132,0.0000,0.4203,0.1964,0.1470,SAFE,False,10,0,,,,,,
1771436121.812,0.1,,,,,,,,,,,,,,,0.1470,SAFE,,10,,t1540_0,0.21,LOW,LOCAL,SAFE: all tasks permitted (weight=0.21),
1771436121.812,0.1,,,,,,,,,,,,,,,0.1470,SAFE,,10,,t1540_1,0.62,HIGH,LOCAL,SAFE: all tasks permitted (weight=0.62),
1771436121.812,0.1,70.05,4.8223,1.023,30.2,3,-105114.969,42.39717,0.02786,0.3370,0.0000,0.1260,0.0000,0.2786,0.2567,0.1360,SAFE,False,10,0,,,,,,
1771436121.812,0.1,70.13,4.8044,0.997,28.3,3,-113167.666,45.91211,0.02246,0.3421,0.0000,0.2075,0.0000,0.2246,0.2433,0.1391,SAFE,False,10,0,,,,,,
1771436121.812,0.1,69.52,4.8355,0.972,26.6,2,-133351.884,56.76188,0.02358,0.3012,0.0000,0.0658,0.0000,0.2358,0.2159,0.1115,SAFE,False,10,0,,,,,,
1771436121.812,0.1,70.01,4.7894,0.949,24.9,2,-79789.399,6.88367,0.02197,0.3339,0.0000,0.2753,0.0000,0.2197,0.2044,0.1387,SAFE,False,10,0,,,,,,window_reset|B=10
1771436121.812,0.1,,,,,,,,,,,,,,,0.1387,SAFE,,10,,t1544_0,0.55,LOW,LOCAL,SAFE: all tasks permitted (weight=0.55),
1771436121.812,0.1,69.22,4.7789,1.001,28.6,3,,,0.02257,0.2815,0.0000,0.3231,0.0000,0.2257,0.2455,0.1474,SAFE,False,10,0,,,,,,
1771436121.812,0.1,,,,,,,,,,,,,,,0.1474,SAFE,,10,,t1545_0,0.75,NORMAL,LOCAL,SAFE: all tasks permitted (weight=0.75),
1771436121.812,0.1,69.50,4.7581,1.076,34.0,3,,,0.02384,0.2997,0.0000,0.4176,0.0000,0.2384,0.2829,0.1707,SAFE,False,10,0,,,,,,
1771436121.812,0.1,,,,,,,,,,,,,,,0.1707,SAFE,,10,,t1546_0,0.20,CRITICAL,LOCAL,SAFE: all tasks permitted (weight=0.20),
1771436121.812,0.1,69.79,4.7841,1.073,33.8,3,,,0.02410,0.3194,0.0000,0.2997,0.0000,0.2410,0.2814,0.1577,SAFE,False,10,0,,,,,,
1771436121.812,0.1,,,,,,,,,,,,,,,0.1577,SAFE,,10,,t1547_0,0.44,HIGH,LOCAL,SAFE: all tasks permitted (weight=0.44),
1771436121.812,0.1,,,,,,,,,,,,,,,0.1577,SAFE,,10,,t1547_1,0.25,LOW,LOCAL,SAFE: all tasks permitted (weight=0.25),
1771436121.812,0.1,69.31,4.7597,1.135,38.2,4,-50936.245,-83.76911,0.02620,0.2872,0.0000,0.4102,0.0000,0.2620,0.3275,0.1795,SAFE,False,10,0,,,,,,
1771436121.812,0.1,69.51,4.7496,1.100,35.7,4,-62649.639,-140.41102,0.02893,0.3010,0.0000,0.4562,0.0000,0.2893,0.3102,0.1864,SAFE,False,10,0,,,,,,
1771436121.812,0.1,69.23,4.7658,1.068,33.5,3,-104595.991,-74.45661,0.02960,0.2819,0.0000,0.3826,0.0000,0.2960,0.2792,0.1690,SAFE,False,10,0,,,,,,
1771436121.812,0.1,69.37,4.8066,1.038,31.3,3,-17009.923,-55.85938,0.02587,0.2914,0.0000,0.1972,0.0000,0.2587,0.2642,0.1393,SAFE,False,10,0,,,,,,
1771436121.812,0.1,69.66,4.8090,1.011,29.3,3,-40048.331,37.85199,0.02620,0.3108,0.0000,0.1863,0.0000,0.2620,0.2504,0.1378,SAFE,False,10,0,,,,,,
1771436121.812,0.1,69.06,4.8092,0.985,27.5,3,-19137.862,58.45361,0.02502,0.2705,0.0000,0.1856,0.0000,0.2502,0.2375,0.1291,SAFE,False,10,0,,,,,,
1771436121.812,0.1,68.98,4.8023,0.961,25.8,2,-59553.182,85.47190,0.02492,0.2655,0.0000,0.2166,0.0000,0.2492,0.2105,0.1270,SAFE,False,10,0,,,,,,
1771436121.812,0.1,68.40,4.8108,0.939,24.2,2,-161169.453,51.58548,0.02166,0.2267,0.0000,0.1783,0.0000,0.2166,0.1993,0.1119,SAFE,False,10,0,,,,,,
1771436121.812,0.1,,,,,,,,,,,,,,,0.1119,SAFE,,10,,t1555_0,0.80,NORMAL,LOCAL,SAFE: all tasks permitted (weight=0.80),
1771436121.812,0.1,68.78,4.8174,1.026,30.4,3,,,0.02341,0.2521,0.0000,0.1483,0.0000,0.2341,0.2578,0.1245,SAFE,False,10,0,,,,,,
1771436121.812,0.1,68.52,4.8078,0.999,28.5,3,,,0.02387,0.2349,0.0000,0.1917,0.0000,0.2387,0.2444,0.1258,SAFE,False,10,0,,,,,,
1771436121.812,0.1,,,,,,,,,,,,,,,0.1258,SAFE,,10,,t1557_0,0.69,HIGH,LOCAL,SAFE: all tasks permitted (weight=0.69),
1771436121.812,0.1,68.21,4.8206,1.066,33.3,3,,,0.02314,0.2141,0.0000,0.1337,0.0000,0.2314,0.2781,0.1218,SAFE,False,10,0,,,,,,
1771436121.812,0.1,,,,,,,,,,,,,,,0.1218,SAFE,,10,,t1558_0,0.63,NORMAL,LOCAL,SAFE: all tasks permitted (weight=0.63),
1771436121.812,0.1,68.46,4.7455,1.122,37.3,4,,,0.02685,0.2304,0.0000,0.4750,0.0000,0.2685,0.3209,0.1804,SAFE,False,10,0,,,,,,window_reset|B=10
1771436121.812,0.1,,,,,,,,,,,,,,,0.1804,SAFE,,10,,t1559_0,0.43,NORMAL,LOCAL,SAFE: all tasks permitted (weight=0.43),
1771436121.812,0.1,68.56,4.7813,1.146,39.0,4,,,0.02530,0.2374,0.0000,0.3121,0.0000,0.2530,0.3332,0.1610,SAFE,False,10,0,,,,,,
1771436121.812,0.1,,,,,,,,,,,,,,,0.1610,SAFE,,10,,t1560_0,0.70,LOW,LOCAL,SAFE: all tasks permitted (weight=0.70),
1771436121.812,0.1,,,,,,,,,,,,,,,0.1610,SAFE,,10,,t1560_1,0.38,CRITICAL,LOCAL,SAFE: all tasks permitted (weight=0.38),
1771436121.812,0.1,68.75,4.7880,1.256,46.8,5,,,0.02168,0.2499,0.0000,0.2818,0.0000,0.2168,0.4029,0.1689,SAFE,False,10,0,,,,,,
1771436121.812,0.1,69.61,4.7356,1.213,43.8,5,,,0.02640,0.3071,0.0000,0.5198,0.0000,0.2640,0.3814,0.2071,SAFE,False,10,0,,,,,,
1771436121.812,0.1,69.97,4.7589,1.173,40.9,4,,,0.02783,0.3316,0.0000,0.4140,0.0000,0.2783,0.3464,0.1907,SAFE,False,10,0,,,,,,
1771436121.812,0.1,69.18,4.7842,1.136,38.3,4,,,0.02729,0.2786,0.0000,0.2989,0.0000,0.2729,0.3278,0.1652,SAFE,False,10,0,,,,,,
1771436121.812,0.1,69.64,4.7743,1.101,35.8,4,,,0.02679,0.3094,0.0000,0.3440,0.0000,0.2679,0.3106,0.1707,SAFE,False,10,0,,,,,,
1771436121.812,0.1,70.08,4.7616,1.069,33.5,3,,,0.02703,0.3387,0.0000,0.4018,0.0000,0.2703,0.2795,0.1758,SAFE,False,10,0,,,,,,
1771436121.812,0.1,,,,,,,,,,,,,,,0.1758,SAFE,,10,,t1566_0,0.63,LOW,LOCAL,SAFE: all tasks permitted (weight=0.63),
1771436121.812,0.1,,,,,,,,,,,,,,,0.1758,SAFE,,10,,t1566_1,0.73,NORMAL,LOCAL,SAFE: all tasks permitted (weight=0.73),
1771436121.813,0.1,70.24,4.7368,1.222,44.4,5,170755.170,-13.92764,0.02821,0.3491,0.0000,0.5146,0.0000,0.2821,0.3861,0.2142,SAFE,False,10,0,,,,,,
1771436121.813,0.1,,,,,,,,,,,,,,,0.2142,SAFE,,10,,t1567_0,0.36,HIGH,LOCAL,SAFE: all tasks permitted (weight=0.36),
1771436121.813,0.1,69.96,4.7327,1.230,45.0,5,134133.417,-77.80526,0.02757,0.3307,0.0000,0.5333,0.0000,0.2757,0.3899,0.2145,SAFE,False,10,0,,,,,,
1771436121.813,0.1,69.99,4.7398,1.189,42.0,4,119313.572,-77.13093,0.02594,0.3328,0.0000,0.5011,0.0000,0.2594,0.3543,0.2019,SAFE,False,10,0,,,,,,
1771436121.813,0.1,,,,,,,,,,,,,,,0.2019,SAFE,,10,,t1569_0,0.32,NORMAL,LOCAL,SAFE: all tasks permitted (weight=0.32),
1771436121.813,0.1,70.34,4.7669,1.193,42.4,4,70727.353,50.00341,0.01950,0.3562,0.0000,0.3777,0.0000,0.1950,0.3567,0.1827,SAFE,False,10,0,,,,,,
1771436121.813,0.1,,,,,,,,,,,,,,,0.1827,SAFE,,10,,t1570_0,0.39,HIGH,LOCAL,SAFE: all tasks permitted (weight=0.39),
1771436121.813,0.1,70.85,4.7649,1.207,43.3,5,83764.218,9.54819,0.01913,0.3898,0.0000,0.3868,0.0000,0.1913,0.3784,0.1919,SAFE,False,10,0,,,,,,
1771436121.813,0.1,,,,,,,,,,,,,,,0.1919,SAFE,,10,,t1571_0,0.54,NORMAL,LOCAL,SAFE: all tasks permitted (weight=0.54),
1771436121.813,0.1,70.41,4.7119,1.241,45.8,5,118562.707,-115.65523,0.02219,0.3610,0.0000,0.6277,0.0000,0.2219,0.3953,0.2262,SAFE,False,10,0,,,,,,
1771436121.813,0.1,71.08,4.7555,1.199,42.8,4,138477.037,-30.03772,0.01981,0.4056,0.0000,0.4294,0.0000,0.1981,0.3594,0.1962,SAFE,False,10,0,,,,,,
1771436121.813,0.1,,,,,,,,,,,,,,,0.1962,SAFE,,10,,t1573_0,0.49,LOW,LOCAL,SAFE: all tasks permitted (weight=0.49),
1771436121.813,0.1,71.10,4.7275,1.226,44.7,5,98216.380,-54.51774,0.02048,0.4069,0.0000,0.5568,0.0000,0.2048,0.3882,0.2193,SAFE,False,10,0,,,,,,window_reset|B=10
1771436121.813,0.1,,,,,,,,,,,,,,,0.2193,SAFE,,10,,t1574_0,0.31,LOW,LOCAL,SAFE: all tasks permitted (weight=0.31),
1771436121.813,0.1,,,,,,,,,,,,,,,0.2193,SAFE,,10,,t1574_1,0.83,HIGH,LOCAL,SAFE: all tasks permitted (weight=0.83),
1771436121.813,0.1,71.87,4.6999,1.340,52.8,6,,,0.02470,0.4582,0.0000,0.6822,0.0000,0.2470,0.4598,0.2603,WARNING,False,10,0,,,,,,
1771436121.813,0.1,,,,,,,,,,,,,,,0.2603,WARNING,,10,,t1575_0,0.67,HIGH,OFFLOAD,WARNING: heavy task offloaded (weight=0.67 >= 0.3),
1771436121.813,0.1,72.15,4.6850,1.291,49.3,5,,,0.02713,0.4764,0.0000,0.7501,0.0000,0.2713,0.4204,0.2659,WARNING,False,10,0,,,,,,
1771436121.813,0.1,,,,,,,,,,,,,,,0.2659,WARNING,,10,,t1576_0,0.80,CRITICAL,OFFLOAD,WARNING: heavy task offloaded (weight=0.80 >= 0.3),
1771436121.813,0.1,72.70,4.7311,1.245,46.1,5,,,0.02485,0.5135,0.0000,0.5406,0.0000,0.2485,0.3977,0.2363,WARNING,False,10,0,,,,,,
1771436121.813,0.1,,,,,,,,,,,,,,,0.2363,WARNING,,10,,t1577_0,0.26,NORMAL,LOCAL,WARNING: lightweight task permitted (weight=0.26 < 0.3),
1771436121.813,0.1,72.34,4.7504,1.238,45.6,5,,,0.02401,0.4895,0.0000,0.4526,0.0000,0.2401,0.3942,0.2204,WARNING,False,10,0,,,,,,
1771436121.813,0.1,72.65,4.7523,1.197,42.6,4,,,0.02456,0.5098,0.0000,0.4440,0.0000,0.2456,0.3583,0.2151,WARNING,False,10,0,,,,,,
1771436121.813,0.1,,,,,,,,,,,,,,,0.2151,WARNING,,10,,t1579_0,0.39,NORMAL,OFFLOAD,WARNING: heavy task offloaded (weight=0.39 >= 0.3),
1771436121.813,0.1,72.30,4.7500,1.158,39.8,4,,,0.02490,0.4869,0.0000,0.4547,0.0000,0.2490,0.3389,0.2102,WARNING,False,10,0,,,,,,
1771436121.813,0.1,,,,,,,,,,,,,,,0.2102,WARNING,,10,,t1580_0,0.33,LOW,OFFLOAD,WARNING: heavy task offloaded (weight=0.33 >= 0.3),
1771436121.813,0.1,,,,,,,,,,,,,,,0.2102,WARNING,,10,,t1580_1,0.44,LOW,OFFLOAD,WARNING: heavy task offloaded (weight=0.44 >= 0.3),
1771436121.813,0.1,71.83,4.7755,1.122,37.3,4,,,0.02717,0.4551,0.0000,0.3386,0.0000,0.2717,0.3208,0.1900,WARNING,False,10,0,,,,,,
1771436121.813,0.1,,,,,,,,,,,,,,,0.1900,WARNING,,10,,t1581_0,0.70,NORMAL,OFFLOAD,WARNING: heavy task offloaded (weight=0.70 >= 0.3),
1771436121.813,0.1,72.43,4.7981,1.088,34.9,3,,,0.03093,0.4954,0.0000,0.2357,0.0000,0.3093,0.2891,0.1788,SAFE,False,10,0,,,,,,
1771436121.813,0.1,72.17,4.7903,1.057,32.6,3,,,0.03322,0.4781,0.0000,0.2715,0.0000,0.3322,0.2734,0.1806,SAFE,False,10,0,,,,,,
1771436121.813,0.1,71.90,4.8129,1.028,30.6,3,,,0.03665,0.4598,0.0000,0.1684,0.0000,0.3665,0.2589,0.1655,SAFE,False,10,0,,,,,,
1771436121.813,0.1,,,,,,,,,,,,,,,0.1655,SAFE,,10,,t1584_0,0.32,CRITICAL,LOCAL,SAFE: all tasks permitted (weight=0.32),
1771436121.813,0.1,72.37,4.7840,1.045,31.8,3,,,0.03769,0.4912,0.0000,0.2999,0.0000,0.3769,0.2673,0.1891,SAFE,False,10,0,,,,,,
1771436121.813,0.1,,,,,,,,,,,,,,,0.1891,SAFE,,10,,t1585_0,0.79,LOW,LOCAL,SAFE: all tasks permitted (weight=0.79),
1771436121.813,0.1,71.59,4.7332,1.124,37.4,4,,,0.03738,0.4396,0.0000,0.5308,0.0000,0.3738,0.3219,0.2235,SAFE,False,10,0,,,,,,
1771436121.813,0.1,72.01,4.7678,1.090,35.0,3,,,0.03351,0.4672,0.0000,0.3737,0.0000,0.3351,0.2900,0.1962,SAFE,False,10,0,,,,,,
1771436121.813,0.1,71.85,4.7931,1.059,32.8,3,,,0.02546,0.4563,0.0000,0.2585,0.0000,0.2546,0.2743,0.1687,SAFE,False,10,0,,,,,,
1771436121.813,0.1,71.66,4.7844,1.029,30.7,3,,,0.02281,0.4438,0.0000,0.2982,0.0000,0.2281,0.2597,0.1668,SAFE,False,10,0,,,,,,window_reset|B=10
1771436121.813,0.1,,,,,,,,,,,,,,,0.1668,SAFE,,10,,t1589_0,0.35,HIGH,LOCAL,SAFE: all tasks permitted (weight=0.35),
1771436121.813,0.1,72.02,4.7785,1.050,32.1,3,,,0.02165,0.4679,0.0000,0.3249,0.0000,0.2165,0.2699,0.1740,SAFE,False,10,0,,,,,,
1771436121.813,0.1,71.49,4.8072,1.021,30.1,3,,,0.02181,0.4329,0.0000,0.1946,0.0000,0.2181,0.2556,0.1502,SAFE,False,10,0,,,,,,
1771436121.813,0.1,,,,,,,,,,,,,,,0.1502,SAFE,,10,,t1591_0,0.41,CRITICAL,LOCAL,SAFE: all tasks permitted (weight=0.41),
1771436121.813,0.1,72.01,4.7773,1.051,32.2,3,,,0.01976,0.4671,0.0000,0.3304,0.0000,0.1976,0.2705,0.1729,SAFE,False,10,0,,,,,,
1771436121.813,0.1,,,,,,,,,,,,,,,0.1729,SAFE,,10,,t1592_0,0.79,NORMAL,LOCAL,SAFE: all tasks permitted (weight=0.79),
1771436121.813,0.1,71.20,4.7578,1.129,37.8,4,,,0.02093,0.4132,0.0000,0.4191,0.0000,0.2093,0.3247,0.1899,SAFE,False,10,0,,,,,,
1771436121.813,0.1,70.85,4.7619,1.095,35.4,4,,,0.02101,0.3900,0.0000,0.4004,0.0000,0.2101,0.3076,0.1814,SAFE,False,10,0,,,,,,
1771436121.813,0.1,71.12,4.8091,1.064,33.1,3,,,0.02244,0.4081,0.0000,0.1858,0.0000,0.2244,0.2768,0.1509,SAFE,False,10,0,,,,,,
1771436121.813,0.1,71.82,4.8375,1.034,31.0,3,,,0.02611,0.4546,0.0000,0.0570,0.0000,0.2611,0.2620,0.1405,SAFE,False,10,0,,,,,,
1771436121.813,0.1,71.42,4.8330,1.007,29.0,3,,,0.02960,0.4280,0.0000,0.0773,0.0000,0.2960,0.2483,0.1407,SAFE,False,10,0,,,,,,
1771436121.813,0.1,70.63,4.8274,0.981,27.2,3,,,0.02671,0.3750,0.0000,0.1029,0.0000,0.2671,0.2355,0.1322,SAFE,False,10,0,,,,,,
1771436121.813,0.1,70.73,4.8236,0.957,25.5,2,,,0.02650,0.3820,0.0000,0.1200,0.0000,0.2650,0.2087,0.1297,SAFE,False,10,0,,,,,,
1771436121.813,0.1,,,,,,,,,,,,,,,0.1297,SAFE,,10,,t1599_0,0.31,LOW,LOCAL,SAFE: all tasks permitted (weight=0.31),
1771436121.813,0.1,70.26,4.7767,0.977,26.9,2,,,0.02719,0.3505,0.0000,0.3333,0.0000,0.2719,0.2185,0.1563,SAFE,False,10,0,,,,,,
1771436121.814,0.1,,,,,,,,,,,,,,,0.1563,SAFE,,10,,t1600_0,0.60,LOW,LOCAL,SAFE: all tasks permitted (weight=0.60),
1771436121.814,0.1,69.96,4.7995,1.035,31.0,3,-66133.441,37.23485,0.02689,0.3308,0.0000,0.2295,0.0000,0.2689,0.2623,0.1489,SAFE,False,10,0,,,,,,
1771436121.814,0.1,70.66,4.7820,1.007,29.1,3,-10107.785,17.90097,0.02668,0.3774,0.0000,0.3093,0.0000,0.2668,0.2485,0.1619,SAFE,False,10,0,,,,,,
1771436121.814,0.1,69.81,4.8364,0.981,27.2,3,-70037.145,24.34782,0.02855,0.3209,0.0000,0.0618,0.0000,0.2855,0.2357,0.1222,SAFE,False,10,0,,,,,,
1771436121.814,0.1,,,,,,,,,,,,,,,0.1222,SAFE,,10,,t1603_0,0.85,LOW,LOCAL,SAFE: all tasks permitted (weight=0.85),
1771436121.814,0.1,70.07,4.8098,1.073,33.8,3,-93725.884,-24.64845,0.02762,0.3379,0.0000,0.1825,0.0000,0.2762,0.2815,0.1482,SAFE,False,10,0,,,,,,window_reset|B=10
1771436121.814,0.1,69.75,4.8123,1.043,31.6,3,-89644.436,-18.47445,0.02377,0.3164,0.0000,0.1714,0.0000,0.2377,0.2665,0.1373,SAFE,False,10,0,,,,,,
1771436121.814,0.1,,,,,,,,,,,,,,,0.1373,SAFE,,10,,t1605_0,0.21,CRITICAL,LOCAL,SAFE: all tasks permitted (weight=0.21),
1771436121.814,0.1,69.77,4.8164,1.044,31.7,3,-46071.045,-9.75571,0.01906,0.3177,0.0000,0.1526,0.0000,0.1906,0.2670,0.1304,SAFE,False,10,0,,,,,,
1771436121.814,0.1,69.46,4.7758,1.016,29.7,3,-67752.947,-42.63100,0.02175,0.2976,0.0000,0.3371,0.0000,0.2175,0.2530,0.1519,SAFE,False,10,0,,,,,,
1771436121.814,0.1,,,,,,,,,,,,,,,0.1519,SAFE,,10,,t1607_0,0.82,NORMAL,LOCAL,SAFE: all tasks permitted (weight=0.82),
1771436121.814,0.1,,,,,,,,,,,,,,,0.1519,SAFE,,10,,t1607_1,0.29,NORMAL,LOCAL,SAFE: all tasks permitted (weight=0.29),
1771436121.814,0.1,69.32,4.7379,1.141,38.6,4,-50352.271,-34.61940,0.02809,0.2878,0.0000,0.5096,0.0000,0.2809,0.3305,0.1950,SAFE,False,10,0,,,,,,
1771436121.814,0.1,69.93,4.7487,1.106,36.1,4,,,0.03007,0.3290,0.0000,0.4603,0.0000,0.3007,0.3130,0.1920,SAFE,False,10,0,,,,,,
1771436121.814,0.1,69.73,4.7821,1.074,33.8,3,,,0.02865,0.3154,0.0000,0.3085,0.0000,0.2865,0.2818,0.1630,SAFE,False,10,0,,,,,,
1771436121.814,0.1,69.87,4.7883,1.043,31.7,3,,,0.02699,0.3246,0.0000,0.2803,0.0000,0.2699,0.2667,0.1557,SAFE,False,10,0,,,,,,
1771436121.814,0.1,,,,,,,,,,,,,,,0.1557,SAFE,,10,,t1611_0,0.44,CRITICAL,LOCAL,SAFE: all tasks permitted (weight=0.44),
1771436121.814,0.1,69.57,4.7188,1.075,33.9,3,,,0.03319,0.3048,0.0000,0.5964,0.0000,0.3319,0.2825,0.2038,SAFE,False,10,0,,,,,,
1771436121.814,0.1,70.17,4.8031,1.045,31.8,3,,,0.03335,0.3450,0.0000,0.2131,0.0000,0.3335,0.2674,0.1559,SAFE,False,10,0,,,,,,
1771436121.814,0.1,,,,,,,,,,,,,,,0.1559,SAFE,,10,,t1613_0,0.48,NORMAL,LOCAL,SAFE: all tasks permitted (weight=0.48),
1771436121.814,0.1,,,,,,,,,,,,,,,0.1559,SAFE,,10,,t1613_1,0.30,HIGH,LOCAL,SAFE: all tasks permitted (weight=0.30),
1771436121.814,0.1,69.85,4.7461,1.123,37.4,4,,,0.03499,0.3232,0.0000,0.4723,0.0000,0.3499,0.3216,0.1995,SAFE,False,10,0,,,,,,
1771436121.814,0.1,,,,,,,,,,,,,,,0.1995,SAFE,,10,,t1614_0,0.84,HIGH,LOCAL,SAFE: all tasks permitted (weight=0.84),
1771436121.814,0.1,,,,,,,,,,,,,,,0.1995,SAFE,,10,,t1614_1,0.72,HIGH,LOCAL,SAFE: all tasks permitted (weight=0.72),
1771436121.814,0.1,69.77,4.7145,1.303,50.2,5,,,0.03522,0.3180,0.0000,0.6157,0.0000,0.3522,0.4264,0.2387,SAFE,False,10,0,,,,,,
1771436121.814,0.1,,,,,,,,,,,,,,,0.2387,SAFE,,10,,t1615_0,0.60,HIGH,LOCAL,SAFE: all tasks permitted (weight=0.60),
1771436121.814,0.1,70.89,4.7092,1.338,52.7,6,,,0.03695,0.3924,0.0000,0.6400,0.0000,0.3695,0.4589,0.2590,WARNING,False,10,0,,,,,,
1771436121.814,0.1,,,,,,,,,,,,,,,0.2590,WARNING,,10,,t1616_0,0.30,LOW,OFFLOAD,WARNING: heavy task offloaded (weight=0.30 >= 0.3),
1771436121.814,0.1,70.59,4.7429,1.289,49.2,5,,,0.03407,0.3724,0.0000,0.4870,0.0000,0.3407,0.4195,0.2260,WARNING,False,10,0,,,,,,
1771436121.814,0.1,,,,,,,,,,,,,,,0.2260,WARNING,,10,,t1617_0,0.36,NORMAL,OFFLOAD,WARNING: heavy task offloaded (weight=0.36 >= 0.3),
1771436121.814,0.1,70.69,4.7118,1.244,46.0,5,,,0.03099,0.3791,0.0000,0.6281,0.0000,0.3099,0.3969,0.2375,WARNING,False,10,0,,,,,,
1771436121.814,0.1,,,,,,,,,,,,,,,0.2375,WARNING,,10,,t1618_0,0.22,LOW,LOCAL,WARNING: lightweight task permitted (weight=0.22 < 0.3),
1771436121.814,0.1,71.29,4.7038,1.231,45.1,5,,,0.03203,0.4195,0.0000,0.6643,0.0000,0.3203,0.3906,0.2468,WARNING,False,10,0,,,,,,window_reset|B=10
1771436121.814,0.1,,,,,,,,,,,,,,,0.2468,WARNING,,10,,t1619_0,0.48,LOW,OFFLOAD,WARNING: heavy task offloaded (weight=0.48 >= 0.3),
1771436121.814,0.1,71.39,4.7366,1.190,42.1,4,,,0.03204,0.4261,0.0000,0.5153,0.0000,0.3204,0.3550,0.2212,WARNING,False,10,0,,,,,,
1771436121.814,0.1,,,,,,,,,,,,,,,0.2212,WARNING,,10,,t1620_0,0.34,NORMAL,OFFLOAD,WARNING: heavy task offloaded (weight=0.34 >= 0.3),
1771436121.814,0.1,71.13,4.7517,1.152,39.4,4,,,0.03210,0.4083,0.0000,0.4468,0.0000,0.3210,0.3358,0.2063,WARNING,False,10,0,,,,,,
1771436121.814,0.1,71.10,4.7562,1.116,36.9,4,,,0.03017,0.4064,0.0000,0.4263,0.0000,0.3017,0.3180,0.1980,WARNING,False,10,0,,,,,,
1771436121.814,0.1,71.62,4.7799,1.083,34.5,3,,,0.02912,0.4416,0.0000,0.3188,0.0000,0.2912,0.2864,0.1808,WARNING,False,10,0,,,,,,
1771436121.814,0.1,,,,,,,,,,,,,,,0.1808,WARNING,,10,,t1623_0,0.33,HIGH,OFFLOAD,WARNING: heavy task offloaded (weight=0.33 >= 0.3),
1771436121.814,0.1,,,,,,,,,,,,,,,0.1808,WARNING,,10,,t1623_1,0.32,HIGH,OFFLOAD,WARNING: heavy task offloaded (weight=0.32 >= 0.3),
1771436121.814,0.1,71.10,4.8186,1.052,32.3,3,,,0.03554,0.4067,0.0000,0.1428,0.0000,0.3554,0.2710,0.1571,SAFE,False,10,0,,,,,,
1771436121.814,0.1,70.78,4.8057,1.023,30.2,3,,,0.03588,0.3852,0.0000,0.2014,0.0000,0.3588,0.2566,0.1596,SAFE,False,10,0,,,,,,
1771436121.814,0.1,70.79,4.8000,0.997,28.3,3,,,0.03862,0.3860,0.0000,0.2271,0.0000,0.3862,0.2433,0.1631,SAFE,False,10,0,,,,,,
1771436121.814,0.1,70.27,4.8170,0.972,26.6,2,,,0.04054,0.3514,0.0000,0.1502,0.0000,0.4054,0.2159,0.1454,SAFE,False,10,0,,,,,,
1771436121.814,0.1,70.60,4.7745,0.949,24.9,2,,,0.03748,0.3732,0.0000,0.3431,0.0000,0.3748,0.2043,0.1677,SAFE,False,10,0,,,,,,
1771436121.814,0.1,70.38,4.8344,0.927,23.4,2,,,0.04102,0.3590,0.0000,0.0709,0.0000,0.4102,0.1936,0.1320,SAFE,False,10,0,,,,,,
1771436121.815,0.1,70.04,4.8484,0.907,21.9,2,-64665.036,93.61109,0.04108,0.3357,0.0000,0.0074,0.0000,0.4108,0.1836,0.1190,SAFE,False,10,0,,,,,,
1771436121.815,0.1,,,,,,,,,,,,,,,0.1190,SAFE,,10,,t1630_0,0.59,LOW,LOCAL,SAFE: all tasks permitted (weight=0.59),
1771436121.815,0.1,69.76,4.8289,0.969,26.4,2,-113839.301,49.77791,0.03434,0.3171,0.0000,0.0961,0.0000,0.3434,0.2146,0.1278,SAFE,False,10,0,,,,,,
1771436121.815,0.1,,,,,,,,,,,,,,,0.1278,SAFE,,10,,t1631_0,0.20,HIGH,LOCAL,SAFE: all tasks permitted (weight=0.20),
1771436121.815,0.1,69.23,4.7712,0.974,26.7,2,-113698.053,-48.07977,0.03046,0.2823,0.0000,0.3580,0.0000,0.3046,0.2172,0.1543,SAFE,False,10,0,,,,,,
1771436121.815,0.1,,,,,,,,,,,,,,,0.1543,SAFE,,10,,t1632_0,0.27,NORMAL,LOCAL,SAFE: all tasks permitted (weight=0.27),
1771436121.815,0.1,69.28,4.7936,0.989,27.8,3,-91475.927,-12.31431,0.02707,0.2852,0.0000,0.2565,0.0000,0.2707,0.2394,0.1425,SAFE,False,10,0,,,,,,
1771436121.815,0.1,68.84,4.8157,0.964,26.0,2,-118980.147,15.88338,0.02336,0.2559,0.0000,0.1560,0.0000,0.2336,0.2122,0.1168,SAFE,False,10,0,,,,,,window_reset|B=10
1771436121.815,0.1,68.48,4.8381,0.942,24.4,2,-109177.951,21.43024,0.02320,0.2320,0.0000,0.0543,0.0000,0.2320,0.2009,0.0983,SAFE,False,10,0,,,,,,
1771436121.815,0.1,68.89,4.8188,0.921,22.9,2,-103945.672,44.97965,0.02320,0.2595,0.0000,0.1418,0.0000,0.2320,0.1904,0.1109,SAFE,False,10,0,,,,,,
1771436121.815,0.1,,,,,,,,,,,,,,,0.1109,SAFE,,10,,t1636_0,0.81,CRITICAL,LOCAL,SAFE: all tasks permitted (weight=0.81),
1771436121.815,0.1,68.59,4.7555,1.013,29.5,3,-109323.807,-80.19612,0.02803,0.2394,0.0000,0.4298,0.0000,0.2803,0.2515,0.1629,SAFE,False,10,0,,,,,,
1771436121.815,0.1,,,,,,,,,,,,,,,0.1629,SAFE,,10,,t1637_0,0.54,NORMAL,LOCAL,SAFE: all tasks permitted (weight=0.54),
1771436121.815,0.1,68.41,4.7716,1.062,33.0,3,,,0.02975,0.2273,0.0000,0.3562,0.0000,0.2975,0.2758,0.1585,SAFE,False,10,0,,,,,,
1771436121.815,0.1,,,,,,,,,,,,,,,0.1585,SAFE,,10,,t1638_0,0.67,NORMAL,LOCAL,SAFE: all tasks permitted (weight=0.67),
1771436121.815,0.1,,,,,,,,,,,,,,,0.1585,SAFE,,10,,t1638_1,0.78,CRITICAL,LOCAL,SAFE: all tasks permitted (weight=0.78),
1771436121.815,0.1,68.99,4.7632,1.232,45.1,5,,,0.03169,0.2657,0.0000,0.3947,0.0000,0.3169,0.3908,0.1930,SAFE,False,10,0,,,,,,
1771436121.815,0.1,68.79,4.7779,1.190,42.2,4,,,0.03147,0.2530,0.0000,0.3279,0.0000,0.3147,0.3552,0.1755,SAFE,False,10,0,,,,,,
1771436121.815,0.1,,,,,,,,,,,,,,,0.1755,SAFE,,10,,t1640_0,0.57,LOW,LOCAL,SAFE: all tasks permitted (weight=0.57),
1771436121.815,0.1,69.14,4.7237,1.231,45.0,5,,,0.03630,0.2761,0.0000,0.5740,0.0000,0.3630,0.3903,0.2221,SAFE,False,10,0,,,,,,
1771436121.815,0.1,,,,,,,,,,,,,,,0.2221,SAFE,,10,,t1641_0,0.33,HIGH,LOCAL,SAFE: all tasks permitted (weight=0.33),
1771436121.815,0.1,69.64,4.7595,1.235,45.3,5,,,0.03300,0.3090,0.0000,0.4115,0.0000,0.3300,0.3924,0.2021,SAFE,False,10,0,,,,,,
1771436121.815,0.1,69.13,4.7534,1.193,42.4,4,,,0.03115,0.2755,0.0000,0.4393,0.0000,0.3115,0.3566,0.1926,SAFE,False,10,0,,,,,,
1771436121.815,0.1,70.44,4.7552,1.155,39.6,4,,,0.03177,0.3627,0.0000,0.4310,0.0000,0.3177,0.3373,0.1988,SAFE,False,10,0,,,,,,
1771436121.815,0.1,,,,,,,,,,,,,,,0.1988,SAFE,,10,,t1644_0,0.40,LOW,LOCAL,SAFE: all tasks permitted (weight=0.40),
1771436121.815,0.1,69.68,4.7351,1.174,41.0,4,,,0.03332,0.3119,0.0000,0.5221,0.0000,0.3332,0.3468,0.2080,SAFE,False,10,0,,,,,,
1771436121.815,0.1,70.40,4.7721,1.136,38.3,4,,,0.03066,0.3603,0.0000,0.3540,0.0000,0.3066,0.3282,0.1856,SAFE,False,10,0,,,,,,
1771436121.815,0.1,,,,,,,,,,,,,,,0.1856,SAFE,,10,,t1646_0,0.36,LOW,LOCAL,SAFE: all tasks permitted (weight=0.36),
1771436121.815,0.1,69.75,4.7464,1.151,39.4,4,,,0.02285,0.3169,0.0000,0.4708,0.0000,0.2285,0.3355,0.1892,SAFE,False,10,0,,,,,,
1771436121.815,0.1,70.23,4.7593,1.115,36.8,4,,,0.01481,0.3490,0.0000,0.4125,0.0000,0.1481,0.3177,0.1739,SAFE,False,10,0,,,,,,
1771436121.815,0.1,70.13,4.7705,1.082,34.5,3,,,0.01534,0.3418,0.0000,0.3611,0.0000,0.1534,0.2862,0.1605,SAFE,False,10,0,,,,,,window_reset|B=10
1771436121.815,0.1,69.82,4.7522,1.051,32.2,3,,,0.01476,0.3212,0.0000,0.4444,0.0000,0.1476,0.2707,0.1652,SAFE,False,10,0,,,,,,
1771436121.815,0.1,70.07,4.7895,1.023,30.2,3,,,0.01743,0.3380,0.0000,0.2749,0.0000,0.1743,0.2564,0.1450,SAFE,False,10,0,,,,,,
1771436121.815,0.1,70.02,4.8257,0.996,28.3,3,,,0.02526,0.3347,0.0000,0.1103,0.0000,0.2526,0.2431,0.1284,SAFE,False,10,0,,,,,,
1771436121.815,0.1,,,,,,,,,,,,,,,0.1284,SAFE,,10,,t1652_0,0.49,NORMAL,LOCAL,SAFE: all tasks permitted (weight=0.49),
1771436121.815,0.1,69.60,4.7648,1.039,31.4,3,,,0.02248,0.3065,0.0000,0.3873,0.0000,0.2248,0.2647,0.1626,SAFE,False,10,0,,,,,,
1771436121.815,0.1,69.76,4.8145,1.012,29.4,3,,,0.02613,0.3174,0.0000,0.1616,0.0000,0.2613,0.2508,0.1354,SAFE,False,10,0,,,,,,
1771436121.815,0.1,69.57,4.8011,0.986,27.6,3,,,0.02693,0.3044,0.0000,0.2223,0.0000,0.2693,0.2379,0.1399,SAFE,False,10,0,,,,,,
1771436121.815,0.1,69.04,4.8241,0.962,25.8,2,,,0.02956,0.2693,0.0000,0.1176,0.0000,0.2956,0.2108,0.1193,SAFE,False,10,0,,,,,,
1771436121.815,0.1,,,,,,,,,,,,,,,0.1193,SAFE,,10,,t1656_0,0.65,LOW,LOCAL,SAFE: all tasks permitted (weight=0.65),
1771436121.815,0.1,68.81,4.8025,1.029,30.6,3,,,0.02685,0.2541,0.0000,0.2158,0.0000,0.2685,0.2595,0.1373,SAFE,False,10,0,,,,,,
1771436121.815,0.1,,,,,,,,,,,,,,,0.1373,SAFE,,10,,t1657_0,0.73,LOW,LOCAL,SAFE: all tasks permitted (weight=0.73),
1771436121.815,0.1,69.50,4.7933,1.102,35.9,4,,,0.02662,0.3000,0.0000,0.2579,0.0000,0.2662,0.3111,0.1584,SAFE,False,10,0,,,,,,
1771436121.816,0.1,68.82,4.7752,1.070,33.6,3,-74892.830,-14.28814,0.02403,0.2545,0.0000,0.3400,0.0000,0.2403,0.2800,0.1548,SAFE,False,10,0,,,,,,
1771436121.816,0.1,69.00,4.7818,1.040,31.4,3,-60925.593,-43.82953,0.02243,0.2668,0.0000,0.3101,0.0000,0.2243,0.2650,0.1478,SAFE,False,10,0,,,,,,
1771436121.816,0.1,,,,,,,,,,,,,,,0.1478,SAFE,,10,,t1660_0,0.48,NORMAL,LOCAL,SAFE: all tasks permitted (weight=0.48),
1771436121.816,0.1,68.50,4.7343,1.078,34.1,3,-65548.623,-30.37833,0.02699,0.2335,0.0000,0.5257,0.0000,0.2699,0.2839,0.1801,SAFE,False,10,0,,,,,,
1771436121.816,0.1,,,,,,,,,,,,,,,0.1801,SAFE,,10,,t1661_0,0.47,LOW,LOCAL,SAFE: all tasks permitted (weight=0.47),
1771436121.816,0.1,,,,,,,,,,,,,,,0.1801,SAFE,,10,,t1661_1,0.81,CRITICAL,LOCAL,SAFE: all tasks permitted (weight=0.81),
1771436121.816,0.1,69.10,4.6847,1.224,44.6,5,-39451.864,-129.38593,0.03850,0.2734,0.0000,0.7513,0.0000,0.3850,0.3870,0.2464,SAFE,False,10,0,,,,,,
1771436121.816,0.1,,,,,,,,,,,,,,,0.2464,SAFE,,10,,t1662_0,0.43,LOW,LOCAL,SAFE: all tasks permitted (weight=0.43),
1771436121.816,0.1,69.55,4.7564,1.243,45.9,5,-1149.114,-44.56614,0.03909,0.3031,0.0000,0.4254,0.0000,0.3909,0.3966,0.2101,SAFE,False,10,0,,,,,,
1771436121.816,0.1,,,,,,,,,,,,,,,0.2101,SAFE,,10,,t1663_0,0.49,NORMAL,LOCAL,SAFE: all tasks permitted (weight=0.49),
1771436121.816,0.1,68.99,4.7080,1.269,47.8,5,-2820.504,-115.80041,0.04107,0.2662,0.0000,0.6454,0.0000,0.4107,0.4096,0.2388,SAFE,False,10,0,,,,,,window_reset|B=10
1771436121.816,0.1,70.46,4.7528,1.225,44.7,5,98333.666,-49.54168,0.04133,0.3637,0.0000,0.4416,0.0000,0.4133,0.3876,0.2199,SAFE,False,10,0,,,,,,
1771436121.816,0.1,70.11,4.7263,1.184,41.7,4,36597.922,-66.81562,0.04043,0.3408,0.0000,0.5624,0.0000,0.4043,0.3522,0.2249,SAFE,False,10,0,,,,,,
1771436121.816,0.1,70.07,4.7346,1.146,39.0,4,,,0.03920,0.3381,0.0000,0.5245,0.0000,0.3920,0.3332,0.2146,SAFE,False,10,0,,,,,,
1771436121.816,0.1,70.53,4.7661,1.111,36.5,4,,,0.03371,0.3685,0.0000,0.3813,0.0000,0.3371,0.3156,0.1906,SAFE,False,10,0,,,,,,
1771436121.816,0.1,,,,,,,,,,,,,,,0.1906,SAFE,,10,,t1668_0,0.42,NORMAL,LOCAL,SAFE: all tasks permitted (weight=0.42),
1771436121.816,0.1,,,,,,,,,,,,,,,0.1906,SAFE,,10,,t1668_1,0.57,NORMAL,LOCAL,SAFE: all tasks permitted (weight=0.57),
1771436121.816,0.1,71.10,4.7649,1.215,44.0,5,,,0.03039,0.4064,0.0000,0.3866,0.0000,0.3039,0.3827,0.2060,SAFE,False,10,0,,,,,,
1771436121.816,0.1,,,,,,,,,,,,,,,0.2060,SAFE,,10,,t1669_0,0.23,LOW,LOCAL,SAFE: all tasks permitted (weight=0.23),
1771436121.816,0.1,71.16,4.7383,1.207,43.4,5,,,0.02723,0.4107,0.0000,0.5079,0.0000,0.2723,0.3785,0.2182,SAFE,False,10,0,,,,,,
1771436121.816,0.1,,,,,,,,,,,,,,,0.2182,SAFE,,10,,t1670_0,0.59,HIGH,LOCAL,SAFE: all tasks permitted (weight=0.59),
1771436121.816,0.1,70.71,4.7134,1.250,46.4,5,,,0.02661,0.3805,0.0000,0.6211,0.0000,0.2661,0.3998,0.2330,SAFE,False,10,0,,,,,,
1771436121.816,0.1,,,,,,,,,,,,,,,0.2330,SAFE,,10,,t1671_0,0.32,LOW,LOCAL,SAFE: all tasks permitted (weight=0.32),
1771436121.816,0.1,71.43,4.7419,1.252,46.6,5,,,0.02328,0.4286,0.0000,0.4915,0.0000,0.2328,0.4010,0.2188,SAFE,False,10,0,,,,,,
1771436121.816,0.1,,,,,,,,,,,,,,,0.2188,SAFE,,10,,t1672_0,0.50,NORMAL,LOCAL,SAFE: all tasks permitted (weight=0.50),
1771436121.816,0.1,71.52,4.7425,1.279,48.5,5,,,0.02336,0.4347,0.0000,0.4885,0.0000,0.2336,0.4145,0.2219,SAFE,False,10,0,,,,,,
1771436121.816,0.1,,,,,,,,,,,,,,,0.2219,SAFE,,10,,t1673_0,0.46,NORMAL,LOCAL,SAFE: all tasks permitted (weight=0.46),
1771436121.816,0.1,,,,,,,,,,,,,,,0.2219,SAFE,,10,,t1673_1,0.63,LOW,LOCAL,SAFE: all tasks permitted (weight=0.63),
1771436121.816,0.1,72.57,4.6870,1.385,56.1,6,,,0.02295,0.5046,0.0000,0.7410,0.0000,0.2295,0.4826,0.2763,WARNING,False,10,0,,,,,,
1771436121.816,0.1,,,,,,,,,,,,,,,0.2763,WARNING,,10,,t1674_0,0.75,LOW,OFFLOAD,WARNING: heavy task offloaded (weight=0.75 >= 0.3),
1771436121.816,0.1,72.41,4.6669,1.333,52.4,6,,,0.02889,0.4942,0.0000,0.8323,0.0000,0.2889,0.4566,0.2877,WARNING,False,10,0,,,,,,
1771436121.816,0.1,72.87,4.7323,1.285,48.9,5,,,0.02822,0.5250,0.0000,0.5348,0.0000,0.2822,0.4174,0.2442,WARNING,False,10,0,,,,,,
1771436121.816,0.1,72.63,4.6838,1.240,45.7,5,,,0.03008,0.5088,0.0000,0.7555,0.0000,0.3008,0.3949,0.2683,WARNING,False,10,0,,,,,,
1771436121.816,0.1,72.85,4.7197,1.198,42.7,4,,,0.03011,0.5232,0.0000,0.5921,0.0000,0.3011,0.3590,0.2417,WARNING,False,10,0,,,,,,
1771436121.816,0.1,,,,,,,,,,,,,,,0.2417,WARNING,,10,,t1678_0,0.54,NORMAL,OFFLOAD,WARNING: heavy task offloaded (weight=0.54 >= 0.3),
1771436121.816,0.1,73.39,4.7352,1.159,39.9,4,,,0.03012,0.5595,0.0000,0.5218,0.0000,0.3012,0.3395,0.2330,WARNING,False,10,0,,,,,,window_reset|B=10
1771436121.816,0.1,,,,,,,,,,,,,,,0.2330,WARNING,,10,,t1679_0,0.51,LOW,OFFLOAD,WARNING: heavy task offloaded (weight=0.51 >= 0.3),
1771436121.816,0.1,73.15,4.7419,1.123,37.3,4,,,0.02799,0.5434,0.0000,0.4916,0.0000,0.2799,0.3214,0.2214,WARNING,False,10,0,,,,,,
1771436121.816,0.1,,,,,,,,,,,,,,,0.2214,WARNING,,10,,t1680_0,0.57,NORMAL,OFFLOAD,WARNING: heavy task offloaded (weight=0.57 >= 0.3),
1771436121.816,0.1,,,,,,,,,,,,,,,0.2214,WARNING,,10,,t1680_1,0.56,HIGH,OFFLOAD,WARNING: heavy task offloaded (weight=0.56 >= 0.3),
1771436121.816,0.1,,,,,,,,,,,,,,,0.2214,WARNING,,10,,t1680_2,0.55,NORMAL,OFFLOAD,WARNING: heavy task offloaded (weight=0.55 >= 0.3),
1771436121.816,0.1,73.14,4.7582,1.089,34.9,3,,,0.02718,0.5426,0.0000,0.4175,0.0000,0.2718,0.2896,0.2045,WARNING,False,10,0,,,,,,
1771436121.816,0.1,,,,,,,,,,,,,,,0.2045,WARNING,,10,,t1681_0,0.63,NORMAL,OFFLOAD,WARNING: heavy task offloaded (weight=0.63 >= 0.3),
1771436121.816,0.1,72.73,4.8043,1.058,32.7,3,,,0.03541,0.5156,0.0000,0.2076,0.0000,0.3541,0.2739,0.1791,SAFE,False,10,0,,,,,,
1771436121.816,0.1,,,,,,,,,,,,,,,0.1791,SAFE,,10,,t1682_0,0.84,NORMAL,LOCAL,SAFE: all tasks permitted (weight=0.84),
1771436121.816,0.1,72.69,4.7229,1.145,38.9,4,,,0.03520,0.5130,0.0000,0.5776,0.0000,0.3520,0.3324,0.2383,SAFE,False,10,0,,,,,,
1771436121.816,0.1,72.39,4.8091,1.110,36.4,4,,,0.04170,0.4927,0.0000,0.1858,0.0000,0.4170,0.3148,0.1879,SAFE,False,10,0,,,,,,
1771436121.816,0.1,,,,,,,,,,,,,,,0.1879,SAFE,,10,,t1684_0,0.45,HIGH,LOCAL,SAFE: all tasks permitted (weight=0.45),
1771436121.816,0.1,73.73,4.7709,1.139,38.5,4,,,0.04292,0.5820,0.0000,0.3597,0.0000,0.4292,0.3295,0.2254,SAFE,False,10,0,,,,,,
1771436121.816,0.1,73.05,4.7467,1.104,36.0,4,,,0.04033,0.5370,0.0000,0.4694,0.0000,0.4033,0.3121,0.2282,SAFE,False,10,0,,,,,,
1771436121.817,0.1,72.25,4.7557,1.072,33.7,3,-68420.299,20.32851,0.03365,0.4830,0.0000,0.4288,0.0000,0.3365,0.2809,0.2035,SAFE,False,10,0,,,,,,
1771436121.817,0.1,,,,,,,,,,,,,,,0.2035,SAFE,,10,,t1687_0,0.51,LOW,LOCAL,SAFE: all tasks permitted (weight=0.51),
1771436121.817,0.1,,,,,,,,,,,,,,,0.2035,SAFE,,10,,t1687_1,0.30,LOW,LOCAL,SAFE: all tasks permitted (weight=0.30),
1771436121.817,0.1,72.71,4.7363,1.154,39.6,4,-26107.209,-5.56469,0.03351,0.5142,0.0000,0.5170,0.0000,0.3351,0.3369,0.2298,SAFE,False,10,0,,,,,,
1771436121.817,0.1,,,,,,,,,,,,,,,0.2298,SAFE,,10,,t1688_0,0.24,CRITICAL,LOCAL,SAFE: all tasks permitted (weight=0.24),
1771436121.817,0.1,72.52,4.7670,1.151,39.4,4,-36750.722,8.75577,0.02741,0.5015,0.0000,0.3774,0.0000,0.2741,0.3357,0.2038,SAFE,False,10,0,,,,,,
1771436121.817,0.1,,,,,,,,,,,,,,,0.2038,SAFE,,10,,t1689_0,0.79,LOW,LOCAL,SAFE: all tasks permitted (weight=0.79),
1771436121.817,0.1,72.29,4.7493,1.226,44.7,5,-26716.130,-54.72306,0.02533,0.4857,0.0000,0.4579,0.0000,0.2533,0.3878,0.2207,SAFE,False,10,0,,,,,,
1771436121.817,0.1,,,,,,,,,,,,,,,0.2207,SAFE,,10,,t1690_0,0.24,NORMAL,LOCAL,SAFE: all tasks permitted (weight=0.24),
1771436121.817,0.1,,,,,,,,,,,,,,,0.2207,SAFE,,10,,t1690_1,0.53,NORMAL,LOCAL,SAFE: all tasks permitted (weight=0.53),
1771436121.817,0.1,73.21,4.7240,1.292,49.4,5,31011.344,1.07622,0.02634,0.5477,0.0000,0.5727,0.0000,0.2634,0.4208,0.2507,WARNING,False,10,0,,,,,,
1771436121.817,0.1,73.57,4.6768,1.246,46.2,5,70161.331,-131.53721,0.03440,0.5711,0.0000,0.7874,0.0000,0.3440,0.3981,0.2849,WARNING,False,10,0,,,,,,
1771436121.817,0.1,,,,,,,,,,,,,,,0.2849,WARNING,,10,,t1692_0,0.33,LOW,OFFLOAD,WARNING: heavy task offloaded (weight=0.33 >= 0.3),
1771436121.817,0.1,,,,,,,,,,,,,,,0.2849,WARNING,,10,,t1692_1,0.30,NORMAL,LOCAL,WARNING: lightweight task permitted (weight=0.30 < 0.3),
1771436121.817,0.1,73.98,4.7295,1.246,46.1,5,14673.712,-41.16823,0.03487,0.5984,0.0000,0.5479,0.0000,0.3487,0.3978,0.2575,WARNING,False,10,0,,,,,,
1771436121.817,0.1,73.99,4.7851,1.203,43.1,5,55897.285,38.11601,0.03268,0.5995,0.0000,0.2951,0.0000,0.3268,0.3767,0.2183,WARNING,False,10,0,,,,,,window_reset|B=10
1771436121.817,0.1,,,,,,,,,,,,,,,0.2183,WARNING,,10,,t1694_0,0.81,NORMAL,OFFLOAD,WARNING: heavy task offloaded (weight=0.81 >= 0.3),
1771436121.817,0.1,73.27,4.7460,1.164,40.3,4,,,0.03183,0.5511,0.0000,0.4729,0.0000,0.3183,0.3420,0.2279,WARNING,False,10,0,,,,,,
1771436121.817,0.1,74.14,4.7338,1.128,37.7,4,,,0.02646,0.6093,0.0000,0.5284,0.0000,0.2646,0.3238,0.2330,WARNING,False,10,0,,,,,,
1771436121.817,0.1,73.60,4.7616,1.094,35.3,4,,,0.02578,0.5732,0.0000,0.4017,0.0000,0.2578,0.3068,0.2081,WARNING,False,10,0,,,,,,
1771436121.817,0.1,73.07,4.7889,1.062,33.0,3,,,0.02879,0.5383,0.0000,0.2779,0.0000,0.2879,0.2760,0.1847,WARNING,False,10,0,,,,,,
1771436121.817,0.1,,,,,,,,,,,,,,,0.1847,WARNING,,10,,t1698_0,0.66,HIGH,OFFLOAD,WARNING: heavy task offloaded (weight=0.66 >= 0.3),
1771436121.817,0.1,74.05,4.7914,1.033,30.9,3,,,0.03135,0.6031,0.0000,0.2666,0.0000,0.3135,0.2613,0.1906,WARNING,False,10,0,,,,,,
1771436121.817,0.1,73.02,4.7939,1.005,28.9,3,,,0.03336,0.5345,0.0000,0.2551,0.0000,0.3336,0.2476,0.1802,WARNING,False,10,0,,,,,,
1771436121.817,0.1,73.21,4.8121,0.980,27.1,3,,,0.03697,0.5473,0.0000,0.1721,0.0000,0.3697,0.2349,0.1720,SAFE,False,10,0,,,,,,
1771436121.817,0.1,,,,,,,,,,,,,,,0.1720,SAFE,,10,,t1701_0,0.34,NORMAL,LOCAL,SAFE: all tasks permitted (weight=0.34),
1771436121.817,0.1,72.49,4.8218,1.003,28.8,3,,,0.04083,0.4995,0.0000,0.1282,0.0000,0.4083,0.2466,0.1668,SAFE,False,10,0,,,,,,
1771436121.817,0.1,72.59,4.7969,0.978,27.0,2,,,0.03988,0.5062,0.0000,0.2414,0.0000,0.3988,0.2190,0.1758,SAFE,False,10,0,,,,,,
1771436121.817,0.1,72.05,4.8287,0.954,25.3,2,,,0.03160,0.4703,0.0000,0.0968,0.0000,0.3160,0.2072,0.1420,SAFE,False,10,0,,,,,,
1771436121.817,0.1,,,,,,,,,,,,,,,0.1420,SAFE,,10,,t1704_0,0.67,NORMAL,LOCAL,SAFE: all tasks permitted (weight=0.67),
1771436121.817,0.1,72.06,4.8000,1.026,30.5,3,,,0.02748,0.4709,0.0000,0.2271,0.0000,0.2748,0.2582,0.1652,SAFE,False,10,0,,,,,,
1771436121.817,0.1,,,,,,,,,,,,,,,0.1652,SAFE,,10,,t1705_0,0.66,LOW,LOCAL,SAFE: all tasks permitted (weight=0.66),
1771436121.817,0.1,72.31,4.7757,1.091,35.1,4,,,0.02770,0.4874,0.0000,0.3376,0.0000,0.2770,0.3057,0.1912,SAFE,False,10,0,,,,,,
1771436121.817,0.1,71.87,4.7993,1.060,32.9,3,,,0.02479,0.4582,0.0000,0.2303,0.0000,0.2479,0.2750,0.1647,SAFE,False,10,0,,,,,,
1771436121.817,0.1,71.95,4.8140,1.031,30.8,3,,,0.01810,0.4632,0.0000,0.1636,0.0000,0.1810,0.2604,0.1470,SAFE,False,10,0,,,,,,
1771436121.817,0.1,71.47,4.8063,1.004,28.8,3,,,0.01428,0.4312,0.0000,0.1984,0.0000,0.1428,0.2468,0.1412,SAFE,False,10,0,,,,,,window_reset|B=10
1771436121.817,0.1,71.07,4.8232,0.978,27.0,3,,,0.01471,0.4044,0.0000,0.1218,0.0000,0.1471,0.2341,0.1259,SAFE,False,10,0,,,,,,
1771436121.817,0.1,,,,,,,,,,,,,,,0.1259,SAFE,,10,,t1710_0,0.56,LOW,LOCAL,SAFE: all tasks permitted (weight=0.56),
1771436121.817,0.1,70.67,4.7957,1.034,31.0,3,,,0.01441,0.3779,0.0000,0.2466,0.0000,0.1441,0.2618,0.1442,SAFE,False,10,0,,,,,,
1771436121.817,0.1,,,,,,,,,,,,,,,0.1442,SAFE,,10,,t1711_0,0.63,NORMAL,LOCAL,SAFE: all tasks permitted (weight=0.63),
1771436121.817,0.1,,,,,,,,,,,,,,,0.1442,SAFE,,10,,t1711_1,0.26,HIGH,LOCAL,SAFE: all tasks permitted (weight=0.26),
1771436121.817,0.1,71.45,4.7685,1.131,38.0,4,,,0.01752,0.4303,0.0000,0.3705,0.0000,0.1752,0.3257,0.1825,SAFE,False,10,0,,,,,,
1771436121.817,0.1,70.81,4.7555,1.097,35.5,4,,,0.02170,0.3873,0.0000,0.4296,0.0000,0.2170,0.3086,0.1857,SAFE,False,10,0,,,,,,
1771436121.818,0.1,,,,,,,,,,,,,,,0.1857,SAFE,,10,,t1713_0,0.68,HIGH,LOCAL,SAFE: all tasks permitted (weight=0.68),
1771436121.818,0.1,71.10,4.7239,1.161,40.1,4,-63457.401,-45.38608,0.02876,0.4070,0.0000,0.5730,0.0000,0.2876,0.3404,0.2202,SAFE,False,10,0,,,,,,
1771436121.818,0.1,71.46,4.7323,1.124,37.5,4,-21757.832,-58.76374,0.03285,0.4306,0.0000,0.5351,0.0000,0.3285,0.3222,0.2185,SAFE,False,10,0,,,,,,
1771436121.818,0.1,70.44,4.7608,1.091,35.0,4,-79104.596,-46.65115,0.03066,0.3629,0.0000,0.4056,0.0000,0.3066,0.3053,0.1880,SAFE,False,10,0,,,,,,
1771436121.818,0.1,,,,,,,,,,,,,,,0.1880,SAFE,,10,,t1716_0,0.22,NORMAL,LOCAL,SAFE: all tasks permitted (weight=0.22),
1771436121.818,0.1,,,,,,,,,,,,,,,0.1880,SAFE,,10,,t1716_1,0.70,NORMAL,LOCAL,SAFE: all tasks permitted (weight=0.70),
1771436121.818,0.1,71.22,4.7464,1.188,42.0,4,-13237.276,-52.50389,0.03125,0.4145,0.0000,0.4707,0.0000,0.3125,0.3539,0.2130,SAFE,False,10,0,,,,,,
1771436121.818,0.1,,,,,,,,,,,,,,,0.2130,SAFE,,10,,t1717_0,0.37,NORMAL,LOCAL,SAFE: all tasks permitted (weight=0.37),
1771436121.818,0.1,71.82,4.7280,1.201,42.9,4,39890.592,-83.44420,0.03386,0.4550,0.0000,0.5546,0.0000,0.3386,0.3604,0.2326,SAFE,False,10,0,,,,,,
1771436121.818,0.1,71.43,4.7204,1.162,40.1,4,39838.242,-66.00205,0.03538,0.4285,0.0000,0.5889,0.0000,0.3538,0.3408,0.2315,SAFE,False,10,0,,,,,,
1771436121.818,0.1,71.66,4.7762,1.125,37.5,4,10921.232,6.77797,0.03239,0.4441,0.0000,0.3354,0.0000,0.3239,0.3227,0.1938,SAFE,False,10,0,,,,,,
1771436121.818,0.1,71.11,4.7429,1.091,35.1,4,15757.119,-11.01265,0.02970,0.4073,0.0000,0.4867,0.0000,0.2970,0.3057,0.2030,SAFE,False,10,0,,,,,,
1771436121.818,0.1,,,,,,,,,,,,,,,0.2030,SAFE,,10,,t1721_0,0.36,HIGH,LOCAL,SAFE: all tasks permitted (weight=0.36),
1771436121.818,0.1,,,,,,,,,,,,,,,0.2030,SAFE,,10,,t1721_1,0.25,NORMAL,LOCAL,SAFE: all tasks permitted (weight=0.25),
1771436121.818,0.1,71.52,4.7268,1.145,38.9,4,,,0.02269,0.4346,0.0000,0.5599,0.0000,0.2269,0.3325,0.2141,SAFE,False,10,0,,,,,,
1771436121.818,0.1,,,,,,,,,,,,,,,0.2141,SAFE,,10,,t1722_0,0.48,NORMAL,LOCAL,SAFE: all tasks permitted (weight=0.48),
1771436121.818,0.1,,,,,,,,,,,,,,,0.2141,SAFE,,10,,t1722_1,0.63,NORMAL,LOCAL,SAFE: all tasks permitted (weight=0.63),
1771436121.818,0.1,72.16,4.7034,1.266,47.5,5,,,0.02081,0.4774,0.0000,0.6661,0.0000,0.2081,0.4078,0.2463,SAFE,False,10,0,,,,,,
1771436121.818,0.1,,,,,,,,,,,,,,,0.2463,SAFE,,10,,t1723_0,0.61,NORMAL,LOCAL,SAFE: all tasks permitted (weight=0.61),
1771436121.818,0.1,71.97,4.7109,1.308,50.6,5,,,0.02043,0.4647,0.0000,0.6323,0.0000,0.2043,0.4291,0.2442,SAFE,False,10,0,,,,,,window_reset|B=10
1771436121.818,0.1,72.73,4.7558,1.262,47.3,5,,,0.02045,0.5154,0.0000,0.4283,0.0000,0.2045,0.4058,0.2191,SAFE,False,10,0,,,,,,
1771436121.818,0.1,72.74,4.7424,1.218,44.2,5,,,0.02020,0.5162,0.0000,0.4892,0.0000,0.2020,0.3841,0.2226,SAFE,False,10,0,,,,,,
1771436121.818,0.1,,,,,,,,,,,,,,,0.2226,SAFE,,10,,t1726_0,0.22,CRITICAL,LOCAL,SAFE: all tasks permitted (weight=0.22),
1771436121.818,0.1,72.86,4.7189,1.208,43.4,5,,,0.02080,0.5241,0.0000,0.5959,0.0000,0.2080,0.3791,0.2370,SAFE,False,10,0,,,,,,
1771436121.818,0.1,72.95,4.7235,1.169,40.6,4,,,0.01963,0.5300,0.0000,0.5752,0.0000,0.1963,0.3443,0.2269,SAFE,False,10,0,,,,,,
1771436121.818,0.1,72.50,4.7747,1.132,38.0,4,,,0.02259,0.4999,0.0000,0.3421,0.0000,0.2259,0.3259,0.1922,SAFE,False,10,0,,,,,,
1771436121.818,0.1,,,,,,,,,,,,,,,0.1922,SAFE,,10,,t1729_0,0.28,HIGH,LOCAL,SAFE: all tasks permitted (weight=0.28),
1771436121.818,0.1,73.16,4.7559,1.137,38.4,4,,,0.02314,0.5439,0.0000,0.4278,0.0000,0.2314,0.3285,0.2097,SAFE,False,10,0,,,,,,
1771436121.818,0.1,,,,,,,,,,,,,,,0.2097,SAFE,,10,,t1730_0,0.76,HIGH,LOCAL,SAFE: all tasks permitted (weight=0.76),
1771436121.818,0.1,73.16,4.7105,1.209,43.5,5,,,0.02390,0.5440,0.0000,0.6340,0.0000,0.2390,0.3795,0.2475,SAFE,False,10,0,,,,,,
1771436121.818,0.1,72.58,4.7633,1.169,40.7,4,,,0.02235,0.5055,0.0000,0.3939,0.0000,0.2235,0.3447,0.2031,SAFE,False,10,0,,,,,,
1771436121.818,0.1,,,,,,,,,,,,,,,0.2031,SAFE,,10,,t1732_0,0.31,LOW,LOCAL,SAFE: all tasks permitted (weight=0.31),
1771436121.818,0.1,73.18,4.7790,1.176,41.1,4,,,0.02534,0.5453,0.0000,0.3227,0.0000,0.2534,0.3480,0.2023,SAFE,False,10,0,,,,,,
1771436121.818,0.1,73.50,4.7473,1.139,38.5,4,,,0.02517,0.5670,0.0000,0.4668,0.0000,0.2517,0.3294,0.2198,SAFE,False,10,0,,,,,,
1771436121.818,0.1,72.82,4.7561,1.104,36.0,4,,,0.02281,0.5212,0.0000,0.4270,0.0000,0.2281,0.3120,0.2032,SAFE,False,10,0,,,,,,
1771436121.818,0.1,,,,,,,,,,,,,,,0.2032,SAFE,,10,,t1735_0,0.55,NORMAL,LOCAL,SAFE: all tasks permitted (weight=0.55),
1771436121.818,0.1,73.20,4.7437,1.148,39.2,4,,,0.02041,0.5470,0.0000,0.4831,0.0000,0.2041,0.3342,0.2157,SAFE,False,10,0,,,,,,
1771436121.818,0.1,73.22,4.7699,1.113,36.6,4,,,0.02124,0.5479,0.0000,0.3643,0.0000,0.2124,0.3165,0.1976,SAFE,False,10,0,,,,,,
1771436121.818,0.1,,,,,,,,,,,,,,,0.1976,SAFE,,10,,t1737_0,0.45,LOW,LOCAL,SAFE: all tasks permitted (weight=0.45),
1771436121.818,0.1,73.14,4.7370,1.143,38.8,4,,,0.02142,0.5429,0.0000,0.5135,0.0000,0.2142,0.3316,0.2197,SAFE,False,10,0,,,,,,
1771436121.818,0.1,72.99,4.7595,1.108,36.3,4,,,0.01964,0.5328,0.0000,0.4113,0.0000,0.1964,0.3141,0.1999,SAFE,False,10,0,,,,,,window_reset|B=10
1771436121.818,0.1,,,,,,,,,,,,,,,0.1999,SAFE,,10,,t1739_0,0.79,NORMAL,LOCAL,SAFE: all tasks permitted (weight=0.79),
1771436121.818,0.1,,,,,,,,,,,,,,,0.1999,SAFE,,10,,t1739_1,0.27,LOW,LOCAL,SAFE: all tasks permitted (weight=0.27),
1771436121.818,0.1,73.71,4.7017,1.225,44.6,5,,,0.02290,0.5808,0.0000,0.6741,0.0000,0.2290,0.3874,0.2577,WARNING,False,10,0,,,,,,
1771436121.819,0.1,,,,,,,,,,,,,,,0.2577,WARNING,,10,,t1740_0,0.28,LOW,LOCAL,WARNING: lightweight task permitted (weight=0.28 < 0.3),
1771436121.819,0.1,73.54,4.7325,1.223,44.5,5,19440.861,-41.90298,0.02204,0.5693,0.0000,0.5341,0.0000,0.2204,0.3866,0.2371,WARNING,False,10,0,,,,,,
1771436121.819,0.1,,,,,,,,,,,,,,,0.2371,WARNING,,10,,t1741_0,0.48,HIGH,OFFLOAD,WARNING: heavy task offloaded (weight=0.48 >= 0.3),
1771436121.819,0.1,73.16,4.7408,1.182,41.6,4,-18890.290,-5.82639,0.02189,0.5437,0.0000,0.4962,0.0000,0.2189,0.3512,0.2219,WARNING,False,10,0,,,,,,
1771436121.819,0.1,73.61,4.7862,1.145,38.9,4,42871.513,27.12516,0.02192,0.5740,0.0000,0.2901,0.0000,0.2192,0.3323,0.1950,WARNING,False,10,0,,,,,,
1771436121.819,0.1,72.81,4.7483,1.109,36.4,4,-21375.384,4.09837,0.02163,0.5206,0.0000,0.4624,0.0000,0.2163,0.3147,0.2072,WARNING,False,10,0,,,,,,
1771436121.819,0.1,73.60,4.7691,1.077,34.1,3,20910.389,-0.69770,0.02068,0.5736,0.0000,0.3678,0.0000,0.2068,0.2834,0.1940,WARNING,False,10,0,,,,,,
1771436121.819,0.1,,,,,,,,,,,,,,,0.1940,WARNING,,10,,t1745_0,0.83,NORMAL,OFFLOAD,WARNING: heavy task offloaded (weight=0.83 >= 0.3),
1771436121.819,0.1,73.08,4.7927,1.046,31.9,3,-3568.937,50.16998,0.02387,0.5385,0.0000,0.2604,0.0000,0.2387,0.2682,0.1760,SAFE,False,10,0,,,,,,
1771436121.819,0.1,,,,,,,,,,,,,,,0.1760,SAFE,,10,,t1746_0,0.66,LOW,LOCAL,SAFE: all tasks permitted (weight=0.66),
1771436121.819,0.1,73.41,4.7654,1.111,36.5,4,22878.154,5.34049,0.02411,0.5610,0.0000,0.3844,0.0000,0.2411,0.3155,0.2045,SAFE,False,10,0,,,,,,
1771436121.819,0.1,,,,,,,,,,,,,,,0.2045,SAFE,,10,,t1747_0,0.79,NORMAL,LOCAL,SAFE: all tasks permitted (weight=0.79),
1771436121.819,0.1,73.13,4.7634,1.190,42.1,4,-31512.717,55.62881,0.02403,0.5419,0.0000,0.3934,0.0000,0.2403,0.3550,0.2112,SAFE,False,10,0,,,,,,
1771436121.819,0.1,73.68,4.7654,1.152,39.4,4,,,0.02384,0.5785,0.0000,0.3845,0.0000,0.2384,0.3358,0.2104,SAFE,False,10,0,,,,,,
1771436121.819,0.1,72.83,4.7967,1.116,36.9,4,,,0.02568,0.5217,0.0000,0.2424,0.0000,0.2568,0.3180,0.1834,SAFE,False,10,0,,,,,,
1771436121.819,0.1,,,,,,,,,,,,,,,0.1834,SAFE,,10,,t1750_0,0.76,NORMAL,LOCAL,SAFE: all tasks permitted (weight=0.76),
1771436121.819,0.1,,,,,,,,,,,,,,,0.1834,SAFE,,10,,t1750_1,0.79,NORMAL,LOCAL,SAFE: all tasks permitted (weight=0.79),
1771436121.819,0.1,73.53,4.7476,1.302,50.1,5,,,0.02592,0.5688,0.0000,0.4656,0.0000,0.2592,0.4260,0.2399,SAFE,False,10,0,,,,,,
1771436121.819,0.1,,,,,,,,,,,,,,,0.2399,SAFE,,10,,t1751_0,0.80,NORMAL,LOCAL,SAFE: all tasks permitted (weight=0.80),
1771436121.819,0.1,73.76,4.7124,1.369,55.0,6,,,0.02404,0.5841,0.0000,0.6256,0.0000,0.2404,0.4747,0.2704,WARNING,False,10,0,,,,,,
1771436121.819,0.1,,,,,,,,,,,,,,,0.2704,WARNING,,10,,t1752_0,0.83,NORMAL,OFFLOAD,WARNING: heavy task offloaded (weight=0.83 >= 0.3),
1771436121.819,0.1,,,,,,,,,,,,,,,0.2704,WARNING,,10,,t1752_1,0.74,NORMAL,OFFLOAD,WARNING: heavy task offloaded (weight=0.74 >= 0.3),
1771436121.819,0.1,73.76,4.6948,1.318,51.3,6,,,0.02932,0.5839,0.0000,0.7056,0.0000,0.2932,0.4492,0.2810,WARNING,False,10,0,,,,,,
1771436121.819,0.1,74.50,4.7393,1.271,47.9,5,,,0.02940,0.6337,0.0000,0.5032,0.0000,0.2940,0.4105,0.2530,WARNING,False,10,0,,,,,,window_reset|B=10
1771436121.819,0.1,74.62,4.7211,1.227,44.8,5,,,0.02948,0.6410,0.0000,0.5859,0.0000,0.2948,0.3885,0.2603,WARNING,False,10,0,,,,,,
1771436121.819,0.1,,,,,,,,,,,,,,,0.2603,WARNING,,10,,t1755_0,0.64,LOW,OFFLOAD,WARNING: heavy task offloaded (weight=0.64 >= 0.3),
1771436121.819,0.1,74.50,4.7336,1.186,41.9,4,,,0.02988,0.6334,0.0000,0.5292,0.0000,0.2988,0.3530,0.2453,WARNING,False,10,0,,,,,,
1771436121.819,0.1,,,,,,,,,,,,,,,0.2453,WARNING,,10,,t1756_0,0.52,CRITICAL,OFFLOAD,WARNING: heavy task offloaded (weight=0.52 >= 0.3),
1771436121.819,0.1,,,,,,,,,,,,,,,0.2453,WARNING,,10,,t1756_1,0.82,HIGH,OFFLOAD,WARNING: heavy task offloaded (weight=0.82 >= 0.3),
1771436121.819,0.1,75.05,4.7585,1.148,39.1,4,,,0.02946,0.6697,0.0000,0.4159,0.0000,0.2946,0.3340,0.2307,WARNING,False,10,0,,,,,,
1771436121.819,0.1,73.66,4.7901,1.113,36.6,4,,,0.02915,0.5770,0.0000,0.2722,0.0000,0.2915,0.3163,0.1970,WARNING,False,10,0,,,,,,
1771436121.819,0.1,74.18,4.7603,1.080,34.3,3,,,0.02894,0.6118,0.0000,0.4076,0.0000,0.2894,0.2848,0.2123,WARNING,False,10,0,,,,,,
1771436121.819,0.1,74.30,4.7593,1.049,32.1,3,,,0.02879,0.6197,0.0000,0.4123,0.0000,0.2879,0.2695,0.2106,WARNING,False,10,0,,,,,,
1771436121.819,0.1,74.13,4.8136,1.021,30.0,3,,,0.03382,0.6086,0.0000,0.1656,0.0000,0.3382,0.2553,0.1794,SAFE,False,10,0,,,,,,
1771436121.819,0.1,,,,,,,,,,,,,,,0.1794,SAFE,,10,,t1761_0,0.81,HIGH,LOCAL,SAFE: all tasks permitted (weight=0.81),
1771436121.819,0.1,73.65,4.7740,1.109,36.4,4,,,0.03186,0.5764,0.0000,0.3456,0.0000,0.3186,0.3146,0.2089,SAFE,False,10,0,,,,,,
1771436121.819,0.1,73.48,4.7611,1.077,34.0,3,,,0.03198,0.5657,0.0000,0.4041,0.0000,0.3198,0.2833,0.2090,SAFE,False,10,0,,,,,,
1771436121.819,0.1,,,,,,,,,,,,,,,0.2090,SAFE,,10,,t1763_0,0.23,NORMAL,LOCAL,SAFE: all tasks permitted (weight=0.23),
1771436121.819,0.1,73.72,4.7995,1.079,34.2,3,,,0.03216,0.5810,0.0000,0.2296,0.0000,0.3216,0.2843,0.1886,SAFE,False,10,0,,,,,,
1771436121.819,0.1,,,,,,,,,,,,,,,0.1886,SAFE,,10,,t1764_0,0.67,CRITICAL,LOCAL,SAFE: all tasks permitted (weight=0.67),
1771436121.819,0.1,73.41,4.7521,1.143,38.8,4,,,0.02596,0.5609,0.0000,0.4449,0.0000,0.2596,0.3316,0.2174,SAFE,False,10,0,,,,,,
1771436121.819,0.1,,,,,,,,,,,,,,,0.2174,SAFE,,10,,t1765_0,0.73,NORMAL,LOCAL,SAFE: all tasks permitted (weight=0.73),
1771436121.819,0.1,73.38,4.7226,1.211,43.7,5,,,0.02762,0.5588,0.0000,0.5791,0.0000,0.2762,0.3806,0.2461,SAFE,False,10,0,,,,,,
1771436121.819,0.1,73.40,4.7519,1.171,40.8,4,,,0.02499,0.5600,0.0000,0.4459,0.0000,0.2499,0.3457,0.2193,SAFE,False,10,0,,,,,,
1771436121.819,0.1,,,,,,,,,,,,,,,0.2193,SAFE,,10,,t1767_0,0.39,NORMAL,LOCAL,SAFE: all tasks permitted (weight=0.39),
1771436121.819,0.1,73.83,4.6816,1.189,42.1,4,,,0.03318,0.5889,0.0000,0.7656,0.0000,0.3318,0.3547,0.2743,WARNING,False,10,0,,,,,,
1771436121.820,0.1,74.00,4.7302,1.151,39.4,4,-7584.354,-84.57417,0.03422,0.6003,0.0000,0.5446,0.0000,0.3422,0.3355,0.2442,WARNING,False,10,0,,,,,,window_reset|B=10
1771436121.820,0.1,73.99,4.7591,1.115,36.8,4,21052.268,-15.06674,0.03284,0.5995,0.0000,0.4131,0.0000,0.3284,0.3177,0.2220,WARNING,False,10,0,,,,,,
1771436121.820,0.1,73.75,4.7245,1.082,34.4,3,15926.059,-37.10436,0.03387,0.5831,0.0000,0.5703,0.0000,0.3387,0.2861,0.2352,WARNING,False,10,0,,,,,,
1771436121.820,0.1,,,,,,,,,,,,,,,0.2352,WARNING,,10,,t1771_0,0.54,HIGH,OFFLOAD,WARNING: heavy task offloaded (weight=0.54 >= 0.3),
1771436121.820,0.1,73.27,4.7577,1.051,32.2,3,-27039.384,-42.44312,0.03385,0.5514,0.0000,0.4198,0.0000,0.3385,0.2707,0.2087,WARNING,False,10,0,,,,,,
1771436121.820,0.1,,,,,,,,,,,,,,,0.2087,WARNING,,10,,t1772_0,0.84,CRITICAL,OFFLOAD,WARNING: heavy task offloaded (weight=0.84 >= 0.3),
1771436121.820,0.1,73.69,4.7982,1.023,30.2,3,16649.293,46.70348,0.03172,0.5792,0.0000,0.2357,0.0000,0.3172,0.2564,0.1831,WARNING,False,10,0,,,,,,
1771436121.820,0.1,72.83,4.8054,0.996,28.3,3,-33502.577,83.98525,0.03467,0.5221,0.0000,0.2027,0.0000,0.3467,0.2431,0.1723,SAFE,False,10,0,,,,,,
1771436121.820,0.1,,,,,,,,,,,,,,,0.1723,SAFE,,10,,t1774_0,0.52,NORMAL,LOCAL,SAFE: all tasks permitted (weight=0.52),
1771436121.820,0.1,73.00,4.7665,1.046,31.9,3,-24309.878,14.79713,0.03480,0.5334,0.0000,0.3796,0.0000,0.3480,0.2680,0.2017,SAFE,False,10,0,,,,,,
1771436121.820,0.1,72.91,4.7793,1.018,29.8,3,-56212.351,99.16222,0.03301,0.5273,0.0000,0.3212,0.0000,0.3301,0.2539,0.1888,SAFE,False,10,0,,,,,,
1771436121.820,0.1,73.04,4.7879,0.991,28.0,3,,,0.03443,0.5360,0.0000,0.2822,0.0000,0.3443,0.2407,0.1836,SAFE,False,10,0,,,,,,
1771436121.820,0.1,,,,,,,,,,,,,,,0.1836,SAFE,,10,,t1777_0,0.29,HIGH,LOCAL,SAFE: all tasks permitted (weight=0.29),
1771436121.820,0.1,72.30,4.7948,1.008,29.2,3,,,0.03448,0.4865,0.0000,0.2509,0.0000,0.3448,0.2491,0.1753,SAFE,False,10,0,,,,,,
1771436121.820,0.1,,,,,,,,,,,,,,,0.1753,SAFE,,10,,t1778_0,0.77,HIGH,LOCAL,SAFE: all tasks permitted (weight=0.77),
1771436121.820,0.1,,,,,,,,,,,,,,,0.1753,SAFE,,10,,t1778_1,0.55,LOW,LOCAL,SAFE: all tasks permitted (weight=0.55),
1771436121.820,0.1,72.52,4.7556,1.171,40.8,4,,,0.03441,0.5016,0.0000,0.4290,0.0000,0.3441,0.3455,0.2195,SAFE,False,10,0,,,,,,
1771436121.820,0.1,,,,,,,,,,,,,,,0.2195,SAFE,,10,,t1779_0,0.73,CRITICAL,LOCAL,SAFE: all tasks permitted (weight=0.73),
1771436121.820,0.1,72.82,4.6996,1.238,45.6,5,,,0.03111,0.5216,0.0000,0.6836,0.0000,0.3111,0.3942,0.2614,WARNING,False,10,0,,,,,,
1771436121.820,0.1,,,,,,,,,,,,,,,0.2614,WARNING,,10,,t1780_0,0.49,NORMAL,OFFLOAD,WARNING: heavy task offloaded (weight=0.49 >= 0.3),
1771436121.820,0.1,73.10,4.7531,1.197,42.6,4,,,0.02970,0.5400,0.0000,0.4405,0.0000,0.2970,0.3583,0.2234,WARNING,False,10,0,,,,,,
1771436121.820,0.1,72.81,4.7638,1.158,39.8,4,,,0.02965,0.5208,0.0000,0.3918,0.0000,0.2965,0.3389,0.2109,WARNING,False,10,0,,,,,,
1771436121.820,0.1,72.86,4.7608,1.122,37.3,4,,,0.02705,0.5238,0.0000,0.4055,0.0000,0.2705,0.3208,0.2068,WARNING,False,10,0,,,,,,
1771436121.820,0.1,,,,,,,,,,,,,,,0.2068,WARNING,,10,,t1783_0,0.56,HIGH,OFFLOAD,WARNING: heavy task offloaded (weight=0.56 >= 0.3),
1771436121.820,0.1,72.94,4.7972,1.088,34.9,3,,,0.02791,0.5292,0.0000,0.2402,0.0000,0.2791,0.2890,0.1804,WARNING,False,10,0,,,,,,window_reset|B=10
1771436121.820,0.1,72.12,4.7948,1.057,32.6,3,,,0.02766,0.4745,0.0000,0.2507,0.0000,0.2766,0.2734,0.1719,SAFE,False,10,0,,,,,,
1771436121.820,0.1,72.36,4.7709,1.028,30.6,3,,,0.02572,0.4905,0.0000,0.3596,0.0000,0.2572,0.2589,0.1831,SAFE,False,10,0,,,,,,
1771436121.820,0.1,72.43,4.7863,1.001,28.6,3,,,0.02616,0.4952,0.0000,0.2896,0.0000,0.2616,0.2454,0.1723,SAFE,False,10,0,,,,,,
1771436121.820,0.1,72.43,4.8403,0.976,26.8,2,,,0.03254,0.4952,0.0000,0.0443,0.0000,0.3254,0.2178,0.1413,SAFE,False,10,0,,,,,,
1771436121.820,0.1,,,,,,,,,,,,,,,0.1413,SAFE,,10,,t1788_0,0.53,HIGH,LOCAL,SAFE: all tasks permitted (weight=0.53),
1771436121.820,0.1,70.89,4.7942,1.027,30.5,3,,,0.03279,0.3928,0.0000,0.2537,0.0000,0.3279,0.2587,0.1647,SAFE,False,10,0,,,,,,
1771436121.820,0.1,71.67,4.8196,1.000,28.6,3,,,0.03465,0.4448,0.0000,0.1380,0.0000,0.3465,0.2452,0.1550,SAFE,False,10,0,,,,,,
1771436121.820,0.1,71.53,4.8362,0.975,26.8,2,,,0.03736,0.4353,0.0000,0.0628,0.0000,0.3736,0.2177,0.1413,SAFE,False,10,0,,,,,,
1771436121.820,0.1,70.83,4.7916,0.952,25.1,2,,,0.02715,0.3884,0.0000,0.2654,0.0000,0.2715,0.2060,0.1495,SAFE,False,10,0,,,,,,
1771436121.820,0.1,70.99,4.8356,0.930,23.6,2,,,0.02676,0.3993,0.0000,0.0657,0.0000,0.2676,0.1952,0.1223,SAFE,False,10,0,,,,,,
1771436121.820,0.1,,,,,,,,,,,,,,,0.1223,SAFE,,10,,t1793_0,0.74,HIGH,LOCAL,SAFE: all tasks permitted (weight=0.74),
1771436121.820,0.1,,,,,,,,,,,,,,,0.1223,SAFE,,10,,t1793_1,0.48,HIGH,LOCAL,SAFE: all tasks permitted (weight=0.48),
1771436121.820,0.1,70.80,4.7424,1.085,34.6,3,,,0.02963,0.3866,0.0000,0.4891,0.0000,0.2963,0.2874,0.1971,SAFE,False,10,0,,,,,,
1771436121.820,0.1,,,,,,,,,,,,,,,0.1971,SAFE,,10,,t1794_0,0.47,HIGH,LOCAL,SAFE: all tasks permitted (weight=0.47),
1771436121.820,0.1,70.50,4.7852,1.122,37.3,4,,,0.02782,0.3669,0.0000,0.2947,0.0000,0.2782,0.3208,0.1743,SAFE,False,10,0,,,,,,
1771436121.820,0.1,,,,,,,,,,,,,,,0.1743,SAFE,,10,,t1795_0,0.77,NORMAL,LOCAL,SAFE: all tasks permitted (weight=0.77),
1771436121.820,0.1,,,,,,,,,,,,,,,0.1743,SAFE,,10,,t1795_1,0.25,CRITICAL,LOCAL,SAFE: all tasks permitted (weight=0.25),
1771436121.820,0.1,71.44,4.7666,1.234,45.3,5,,,0.02928,0.4296,0.0000,0.3790,0.0000,0.2928,0.3921,0.2085,SAFE,False,10,0,,,,,,
1771436121.820,0.1,71.52,4.7321,1.193,42.3,4,,,0.03435,0.4344,0.0000,0.5358,0.0000,0.3435,0.3564,0.2274,SAFE,False,10,0,,,,,,
1771436121.820,0.1,71.75,4.7457,1.154,39.6,4,,,0.03628,0.4497,0.0000,0.4740,0.0000,0.3628,0.3371,0.2193,SAFE,False,10,0,,,,,,
1771436121.820,0.1,,,,,,,,,,,,,,,0.2193,SAFE,,10,,t1798_0,0.42,LOW,LOCAL,SAFE: all tasks permitted (weight=0.42),
1771436121.820,0.1,71.80,4.7313,1.178,41.3,4,,,0.03972,0.4530,0.0000,0.5393,0.0000,0.3972,0.3492,0.2340,SAFE,False,10,0,,,,,,window_reset|B=10
1771436121.820,0.1,70.87,4.7767,1.141,38.6,4,,,0.03607,0.3911,0.0000,0.3332,0.0000,0.3607,0.3304,0.1924,SAFE,False,10,0,,,,,,
1771436121.820,0.1,,,,,,,,,,,,,,,0.1924,SAFE,,10,,t1800_0,0.66,LOW,LOCAL,SAFE: all tasks permitted (weight=0.66),
1771436121.820,0.1,,,,,,,,,,,,,,,0.1924,SAFE,,10,,t1800_1,0.21,LOW,LOCAL,SAFE: all tasks permitted (weight=0.21),
1771436121.820,0.1,71.56,4.7468,1.231,45.1,5,,,0.03686,0.4375,0.0000,0.4692,0.0000,0.3686,0.3904,0.2284,SAFE,False,10,0,,,,,,
1771436121.820,0.1,71.64,4.7253,1.190,42.1,4,,,0.03674,0.4429,0.0000,0.5666,0.0000,0.3674,0.3548,0.2345,SAFE,False,10,0,,,,,,
1771436121.820,0.1,71.87,4.7198,1.151,39.4,4,,,0.03257,0.4581,0.0000,0.5919,0.0000,0.3257,0.3357,0.2316,SAFE,False,10,0,,,,,,
1771436121.820,0.1,,,,,,,,,,,,,,,0.2316,SAFE,,10,,t1803_0,0.39,NORMAL,LOCAL,SAFE: all tasks permitted (weight=0.39),
1771436121.820,0.1,72.06,4.7664,1.171,40.8,4,,,0.03114,0.4707,0.0000,0.3801,0.0000,0.3114,0.3456,0.2061,SAFE,False,10,0,,,,,,
1771436121.820,0.1,72.16,4.7836,1.134,38.2,4,,,0.02209,0.4772,0.0000,0.3020,0.0000,0.2209,0.3271,0.1840,SAFE,False,10,0,,,,,,
1771436121.820,0.1,71.99,4.7676,1.100,35.7,4,,,0.02229,0.4659,0.0000,0.3744,0.0000,0.2229,0.3098,0.1888,SAFE,False,10,0,,,,,,
1771436121.820,0.1,72.14,4.7925,1.068,33.4,3,,,0.02322,0.4759,0.0000,0.2615,0.0000,0.2322,0.2788,0.1701,SAFE,False,10,0,,,,,,
1771436121.820,0.1,,,,,,,,,,,,,,,0.1701,SAFE,,10,,t1807_0,0.31,LOW,LOCAL,SAFE: all tasks permitted (weight=0.31),
1771436121.820,0.1,,,,,,,,,,,,,,,0.1701,SAFE,,10,,t1807_1,0.47,NORMAL,LOCAL,SAFE: all tasks permitted (weight=0.47),
1771436121.820,0.1,71.90,4.7690,1.150,39.3,4,,,0.02333,0.4599,0.0000,0.3680,0.0000,0.2333,0.3352,0.1934,SAFE,False,10,0,,,,,,
1771436121.820,0.1,,,,,,,,,,,,,,,0.1934,SAFE,,10,,t1808_0,0.39,HIGH,LOCAL,SAFE: all tasks permitted (weight=0.39),
1771436121.820,0.1,72.62,4.7768,1.170,40.7,4,,,0.02299,0.5082,0.0000,0.3327,0.0000,0.2299,0.3452,0.1963,SAFE,False,10,0,,,,,,
1771436121.820,0.1,,,,,,,,,,,,,,,0.1963,SAFE,,10,,t1809_0,0.43,HIGH,LOCAL,SAFE: all tasks permitted (weight=0.43),
1771436121.820,0.1,72.54,4.6960,1.196,42.6,4,,,0.02869,0.5026,0.0000,0.7001,0.0000,0.2869,0.3579,0.2516,WARNING,False,10,0,,,,,,
1771436121.820,0.1,72.19,4.7415,1.157,39.8,4,,,0.02814,0.4791,0.0000,0.4931,0.0000,0.2814,0.3385,0.2174,WARNING,False,10,0,,,,,,
1771436121.820,0.1,,,,,,,,,,,,,,,0.2174,WARNING,,10,,t1811_0,0.81,LOW,OFFLOAD,WARNING: heavy task offloaded (weight=0.81 >= 0.3),
1771436121.820,0.1,72.53,4.7852,1.121,37.2,4,,,0.02877,0.5017,0.0000,0.2946,0.0000,0.2877,0.3205,0.1914,WARNING,False,10,0,,,,,,
1771436121.820,0.1,,,,,,,,,,,,,,,0.1914,WARNING,,10,,t1812_0,0.84,HIGH,OFFLOAD,WARNING: heavy task offloaded (weight=0.84 >= 0.3),
1771436121.820,0.1,71.45,4.7529,1.087,34.8,3,,,0.02866,0.4300,0.0000,0.4413,0.0000,0.2866,0.2887,0.1954,WARNING,False,10,0,,,,,,
1771436121.820,0.1,,,,,,,,,,,,,,,0.1954,WARNING,,10,,t1813_0,0.84,LOW,OFFLOAD,WARNING: heavy task offloaded (weight=0.84 >= 0.3),
1771436121.820,0.1,71.98,4.7686,1.056,32.6,3,,,0.02721,0.4654,0.0000,0.3702,0.0000,0.2721,0.2731,0.1858,WARNING,False,10,0,,,,,,window_reset|B=10
1771436121.820,0.1,,,,,,,,,,,,,,,0.1858,WARNING,,10,,t1814_0,0.25,CRITICAL,LOCAL,WARNING: lightweight task permitted (weight=0.25 < 0.3),
1771436121.820,0.1,,,,,,,,,,,,,,,0.1858,WARNING,,10,,t1814_1,0.37,NORMAL,OFFLOAD,WARNING: heavy task offloaded (weight=0.37 >= 0.3),
1771436121.820,0.1,72.36,4.7701,1.063,33.0,3,,,0.02443,0.4904,0.0000,0.3632,0.0000,0.2443,0.2763,0.1858,WARNING,False,10,0,,,,,,
1771436121.820,0.1,,,,,,,,,,,,,,,0.1858,WARNING,,10,,t1815_0,0.35,LOW,OFFLOAD,WARNING: heavy task offloaded (weight=0.35 >= 0.3),
1771436121.820,0.1,71.76,4.8095,1.033,30.9,3,,,0.02748,0.4510,0.0000,0.1839,0.0000,0.2748,0.2616,0.1578,SAFE,False,10,0,,,,,,
1771436121.820,0.1,71.66,4.7822,1.006,29.0,3,,,0.02741,0.4441,0.0000,0.3084,0.0000,0.2741,0.2479,0.1704,SAFE,False,10,0,,,,,,
1771436121.822,0.1,71.87,4.8196,0.980,27.2,3,-25144.730,77.01727,0.03094,0.4577,0.0000,0.1382,0.0000,0.3094,0.2352,0.1509,SAFE,False,10,0,,,,,,
1771436121.822,0.1,,,,,,,,,,,,,,,0.1509,SAFE,,10,,t1818_0,0.43,LOW,LOCAL,SAFE: all tasks permitted (weight=0.43),
1771436121.822,0.1,71.19,4.8006,1.019,29.9,3,-37120.517,36.83057,0.03147,0.4129,0.0000,0.2243,0.0000,0.3147,0.2543,0.1610,SAFE,False,10,0,,,,,,
1771436121.822,0.1,,,,,,,,,,,,,,,0.1610,SAFE,,10,,t1819_0,0.39,NORMAL,LOCAL,SAFE: all tasks permitted (weight=0.39),
1771436121.822,0.1,71.11,4.8065,1.048,32.0,3,-52748.117,13.27578,0.03279,0.4076,0.0000,0.1977,0.0000,0.3279,0.2692,0.1613,SAFE,False,10,0,,,,,,
1771436121.822,0.1,71.37,4.7830,1.020,30.0,3,-3064.607,18.75417,0.03285,0.4245,0.0000,0.3045,0.0000,0.3285,0.2550,0.1744,SAFE,False,10,0,,,,,,
1771436121.822,0.1,70.64,4.8021,0.994,28.1,3,-50104.493,20.90700,0.02277,0.3760,0.0000,0.2177,0.0000,0.2277,0.2418,0.1445,SAFE,False,10,0,,,,,,
1771436121.822,0.1,,,,,,,,,,,,,,,0.1445,SAFE,,10,,t1822_0,0.50,NORMAL,LOCAL,SAFE: all tasks permitted (weight=0.50),
1771436121.822,0.1,,,,,,,,,,,,,,,0.1445,SAFE,,10,,t1822_1,0.49,LOW,LOCAL,SAFE: all tasks permitted (weight=0.49),
1771436121.822,0.1,70.91,4.7958,1.112,36.6,4,-53998.792,15.98988,0.01868,0.3941,0.0000,0.2466,0.0000,0.1868,0.3160,0.1612,SAFE,False,10,0,,,,,,
1771436121.822,0.1,70.76,4.7676,1.079,34.2,3,-37652.830,-26.14847,0.01964,0.3838,0.0000,0.3747,0.0000,0.1964,0.2846,0.1713,SAFE,False,10,0,,,,,,
1771436121.822,0.1,,,,,,,,,,,,,,,0.1713,SAFE,,10,,t1824_0,0.47,NORMAL,LOCAL,SAFE: all tasks permitted (weight=0.47),
1771436121.822,0.1,70.61,4.7585,1.116,36.9,4,-39403.766,-14.72459,0.01885,0.3738,0.0000,0.4158,0.0000,0.1885,0.3180,0.1814,SAFE,False,10,0,,,,,,
1771436121.822,0.1,70.92,4.7680,1.083,34.5,3,,,0.01890,0.3944,0.0000,0.3726,0.0000,0.1890,0.2864,0.1720,SAFE,False,10,0,,,,,,
1771436121.822,0.1,71.10,4.7724,1.052,32.3,3,,,0.01872,0.4068,0.0000,0.3528,0.0000,0.1872,0.2710,0.1676,SAFE,False,10,0,,,,,,
1771436121.822,0.1,,,,,,,,,,,,,,,0.1676,SAFE,,10,,t1827_0,0.69,NORMAL,LOCAL,SAFE: all tasks permitted (weight=0.69),
1771436121.822,0.1,70.54,4.7209,1.123,37.3,4,,,0.02539,0.3691,0.0000,0.5869,0.0000,0.2539,0.3214,0.2103,SAFE,False,10,0,,,,,,
1771436121.822,0.1,70.01,4.7677,1.089,34.9,3,,,0.02567,0.3340,0.0000,0.3741,0.0000,0.2567,0.2896,0.1723,SAFE,False,10,0,,,,,,window_reset|B=10
1771436121.822,0.1,70.11,4.7970,1.058,32.7,3,,,0.02345,0.3409,0.0000,0.2407,0.0000,0.2345,0.2739,0.1504,SAFE,False,10,0,,,,,,
1771436121.822,0.1,70.61,4.6256,1.029,30.6,3,,,0.04732,0.3738,0.0000,1.0000,0.0000,0.4732,0.2594,0.2741,WARNING,False,10,0,,,,,,FAILURE:BROWNOUT(V=4.626V)
1771436121.822,0.1,70.50,4.7769,1.002,28.7,3,,,0.04578,0.3669,0.0000,0.3321,0.0000,0.4578,0.2459,0.1821,WARNING,False,10,0,,,,,,
1771436121.822,0.1,70.42,4.7997,0.977,26.9,2,,,0.04666,0.3612,0.0000,0.2286,0.0000,0.4666,0.2183,0.1634,SAFE,False,10,0,,,,,,
1771436121.822,0.1,69.58,4.8285,0.953,25.2,2,,,0.04902,0.3050,0.0000,0.0979,0.0000,0.4902,0.2066,0.1397,SAFE,False,10,0,,,,,,
1771436121.822,0.1,,,,,,,,,,,,,,,0.1397,SAFE,,10,,t1834_0,0.20,HIGH,LOCAL,SAFE: all tasks permitted (weight=0.20),
1771436121.822,0.1,70.01,4.8240,0.961,25.8,2,,,0.05109,0.3341,0.0000,0.1181,0.0000,0.5109,0.2103,0.1486,SAFE,False,10,0,,,,,,
1771436121.822,0.1,69.74,4.8280,0.938,24.2,2,,,0.05378,0.3159,0.0000,0.1000,0.0000,0.5378,0.1992,0.1445,SAFE,False,10,0,,,,,,
1771436121.822,0.1,,,,,,,,,,,,,,,0.1445,SAFE,,10,,t1836_0,0.31,NORMAL,LOCAL,SAFE: all tasks permitted (weight=0.31),
1771436121.822,0.1,,,,,,,,,,,,,,,0.1445,SAFE,,10,,t1836_1,0.71,LOW,LOCAL,SAFE: all tasks permitted (weight=0.71),
1771436121.822,0.1,69.31,4.7716,1.065,33.2,3,,,0.05362,0.2870,0.0000,0.3564,0.0000,0.5362,0.2775,0.1899,SAFE,False,10,0,,,,,,
1771436121.822,0.1,,,,,,,,,,,,,,,0.1899,SAFE,,10,,t1837_0,0.48,NORMAL,LOCAL,SAFE: all tasks permitted (weight=0.48),
1771436121.822,0.1,69.31,4.7775,1.104,36.0,4,,,0.05361,0.2873,0.0000,0.3294,0.0000,0.5361,0.3122,0.1933,SAFE,False,10,0,,,,,,
1771436121.822,0.1,,,,,,,,,,,,,,,0.1933,SAFE,,10,,t1838_0,0.50,LOW,LOCAL,SAFE: all tasks permitted (weight=0.50),
1771436121.822,0.1,69.90,4.7394,1.144,38.8,4,,,0.05447,0.3265,0.0000,0.5029,0.0000,0.5447,0.3319,0.2254,SAFE,False,10,0,,,,,,
1771436121.822,0.1,,,,,,,,,,,,,,,0.2254,SAFE,,10,,t1839_0,0.52,NORMAL,LOCAL,SAFE: all tasks permitted (weight=0.52),
1771436121.822,0.1,70.10,4.7602,1.184,41.7,4,,,0.05248,0.3399,0.0000,0.4084,0.0000,0.5248,0.3522,0.2168,SAFE,False,10,0,,,,,,
1771436121.822,0.1,,,,,,,,,,,,,,,0.2168,SAFE,,10,,t1840_0,0.27,CRITICAL,LOCAL,SAFE: all tasks permitted (weight=0.27),
1771436121.822,0.1,70.03,4.7555,1.186,41.8,4,,,0.05272,0.3353,0.0000,0.4295,0.0000,0.5272,0.3528,0.2194,SAFE,False,10,0,,,,,,
1771436121.822,0.1,69.71,4.7423,1.148,39.1,4,,,0.05287,0.3143,0.0000,0.4896,0.0000,0.5287,0.3338,0.2210,SAFE,False,10,0,,,,,,
1771436121.822,0.1,,,,,,,,,,,,,,,0.2210,SAFE,,10,,t1842_0,0.58,NORMAL,LOCAL,SAFE: all tasks permitted (weight=0.58),
1771436121.822,0.1,69.94,4.7364,1.196,42.6,4,,,0.03291,0.3292,0.0000,0.5162,0.0000,0.3291,0.3581,0.2111,SAFE,False,10,0,,,,,,
1771436121.822,0.1,,,,,,,,,,,,,,,0.2111,SAFE,,10,,t1843_0,0.29,CRITICAL,LOCAL,SAFE: all tasks permitted (weight=0.29),
1771436121.822,0.1,70.53,4.7197,1.199,42.8,4,,,0.03670,0.3689,0.0000,0.5923,0.0000,0.3670,0.3594,0.2298,SAFE,False,10,0,,,,,,window_reset|B=10
1771436121.822,0.1,70.58,4.7531,1.160,40.0,4,,,0.03619,0.3719,0.0000,0.4403,0.0000,0.3619,0.3399,0.2060,SAFE,False,10,0,,,,,,
1771436121.822,0.1,,,,,,,,,,,,,,,0.2060,SAFE,,10,,t1845_0,0.48,NORMAL,LOCAL,SAFE: all tasks permitted (weight=0.48),
1771436121.822,0.1,,,,,,,,,,,,,,,0.2060,SAFE,,10,,t1845_1,0.47,HIGH,LOCAL,SAFE: all tasks permitted (weight=0.47),
1771436121.822,0.1,70.91,4.7250,1.262,47.3,5,,,0.03337,0.3939,0.0000,0.5681,0.0000,0.3337,0.4060,0.2357,SAFE,False,10,0,,,,,,
1771436121.822,0.1,70.80,4.7129,1.219,44.2,5,,,0.02984,0.3867,0.0000,0.6232,0.0000,0.2984,0.3843,0.2341,SAFE,False,10,0,,,,,,
1771436121.822,0.1,,,,,,,,,,,,,,,0.2341,SAFE,,10,,t1847_0,0.32,HIGH,LOCAL,SAFE: all tasks permitted (weight=0.32),
1771436121.822,0.1,71.29,4.7233,1.225,44.6,5,,,0.01996,0.4195,0.0000,0.5760,0.0000,0.1996,0.3873,0.2226,SAFE,False,10,0,,,,,,
1771436121.822,0.1,71.38,4.7418,1.184,41.7,4,,,0.01802,0.4252,0.0000,0.4919,0.0000,0.1802,0.3519,0.2034,SAFE,False,10,0,,,,,,
1771436121.822,0.1,71.18,4.7365,1.146,39.0,4,,,0.01417,0.4118,0.0000,0.5159,0.0000,0.1417,0.3329,0.1972,SAFE,False,10,0,,,,,,
1771436121.822,0.1,,,,,,,,,,,,,,,0.1972,SAFE,,10,,t1850_0,0.65,NORMAL,LOCAL,SAFE: all tasks permitted (weight=0.65),
1771436121.822,0.1,71.98,4.7483,1.205,43.2,5,,,0.01449,0.4653,0.0000,0.4623,0.0000,0.1449,0.3773,0.2059,SAFE,False,10,0,,,,,,
1771436121.822,0.1,,,,,,,,,,,,,,,0.2059,SAFE,,10,,t1851_0,0.64,HIGH,LOCAL,SAFE: all tasks permitted (weight=0.64),
1771436121.823,0.1,71.83,4.7297,1.257,47.0,5,69816.994,9.00160,0.01296,0.4552,0.0000,0.5468,0.0000,0.1296,0.4037,0.2194,SAFE,False,10,0,,,,,,
1771436121.823,0.1,,,,,,,,,,,,,,,0.2194,SAFE,,10,,t1852_0,0.25,NORMAL,LOCAL,SAFE: all tasks permitted (weight=0.25),
1771436121.823,0.1,72.11,4.7005,1.251,46.5,5,82439.269,-47.28673,0.01464,0.4738,0.0000,0.6794,0.0000,0.1464,0.4007,0.2399,SAFE,False,10,0,,,,,,
1771436121.823,0.1,71.71,4.7147,1.209,43.5,5,43079.605,-9.25101,0.01482,0.4471,0.0000,0.6149,0.0000,0.1482,0.3793,0.2243,SAFE,False,10,0,,,,,,
1771436121.823,0.1,71.72,4.7494,1.169,40.6,4,49500.447,32.78133,0.01579,0.4478,0.0000,0.4575,0.0000,0.1579,0.3445,0.1979,SAFE,False,10,0,,,,,,
1771436121.823,0.1,,,,,,,,,,,,,,,0.1979,SAFE,,10,,t1855_0,0.57,HIGH,LOCAL,SAFE: all tasks permitted (weight=0.57),
1771436121.823,0.1,72.52,4.7140,1.214,43.9,5,66237.092,-8.35847,0.01617,0.5014,0.0000,0.6182,0.0000,0.1617,0.3822,0.2331,SAFE,False,10,0,,,,,,
1771436121.823,0.1,,,,,,,,,,,,,,,0.2331,SAFE,,10,,t1856_0,0.50,LOW,LOCAL,SAFE: all tasks permitted (weight=0.50),
1771436121.823,0.1,73.07,4.7219,1.247,46.2,5,91480.356,-17.85203,0.01452,0.5383,0.0000,0.5821,0.0000,0.1452,0.3984,0.2345,SAFE,False,10,0,,,,,,
1771436121.823,0.1,73.15,4.7340,1.204,43.2,5,106255.277,-2.24869,0.01465,0.5431,0.0000,0.5272,0.0000,0.1465,0.3772,0.2238,SAFE,False,10,0,,,,,,
1771436121.823,0.1,73.10,4.7178,1.165,40.4,4,60195.992,-27.39987,0.01431,0.5397,0.0000,0.6008,0.0000,0.1431,0.3425,0.2257,SAFE,False,10,0,,,,,,window_reset|B=10
1771436121.823,0.1,72.59,4.7503,1.128,37.7,4,,,0.01552,0.5062,0.0000,0.4530,0.0000,0.1552,0.3242,0.2000,SAFE,False,10,0,,,,,,
1771436121.823,0.1,,,,,,,,,,,,,,,0.2000,SAFE,,10,,t1860_0,0.32,NORMAL,LOCAL,SAFE: all tasks permitted (weight=0.32),
1771436121.823,0.1,73.03,4.7745,1.140,38.6,4,,,0.01969,0.5356,0.0000,0.3431,0.0000,0.1969,0.3302,0.1946,SAFE,False,10,0,,,,,,
1771436121.823,0.1,72.49,4.7613,1.105,36.1,4,,,0.02122,0.4994,0.0000,0.4032,0.0000,0.2122,0.3127,0.1961,SAFE,False,10,0,,,,,,
1771436121.823,0.1,,,,,,,,,,,,,,,0.1961,SAFE,,10,,t1862_0,0.31,NORMAL,LOCAL,SAFE: all tasks permitted (weight=0.31),
1771436121.823,0.1,72.91,4.7669,1.118,37.0,4,,,0.02278,0.5274,0.0000,0.3778,0.0000,0.2278,0.3191,0.1990,SAFE,False,10,0,,,,,,
1771436121.823,0.1,72.31,4.7520,1.085,34.6,3,,,0.02308,0.4871,0.0000,0.4456,0.0000,0.2308,0.2874,0.1969,SAFE,False,10,0,,,,,,
1771436121.823,0.1,72.54,4.7835,1.054,32.4,3,,,0.02320,0.5027,0.0000,0.3025,0.0000,0.2320,0.2719,0.1772,SAFE,False,10,0,,,,,,
1771436121.823,0.1,,,,,,,,,,,,,,,0.1772,SAFE,,10,,t1865_0,0.34,LOW,LOCAL,SAFE: all tasks permitted (weight=0.34),
1771436121.823,0.1,72.85,4.7932,1.074,33.9,3,,,0.02475,0.5236,0.0000,0.2583,0.0000,0.2475,0.2820,0.1776,SAFE,False,10,0,,,,,,
1771436121.823,0.1,71.88,4.8046,1.044,31.7,3,,,0.02872,0.4584,0.0000,0.2065,0.0000,0.2872,0.2668,0.1639,SAFE,False,10,0,,,,,,
1771436121.823,0.1,72.09,4.7836,1.016,29.7,3,,,0.02656,0.4727,0.0000,0.3020,0.0000,0.2656,0.2528,0.1731,SAFE,False,10,0,,,,,,
1771436121.823,0.1,,,,,,,,,,,,,,,0.1731,SAFE,,10,,t1868_0,0.84,LOW,LOCAL,SAFE: all tasks permitted (weight=0.84),
1771436121.823,0.1,71.84,4.7635,1.112,36.6,4,,,0.02367,0.4562,0.0000,0.3930,0.0000,0.2367,0.3162,0.1928,SAFE,False,10,0,,,,,,
1771436121.823,0.1,72.02,4.7724,1.080,34.3,3,,,0.02172,0.4677,0.0000,0.3528,0.0000,0.2172,0.2848,0.1807,SAFE,False,10,0,,,,,,
1771436121.823,0.1,,,,,,,,,,,,,,,0.1807,SAFE,,10,,t1870_0,0.50,LOW,LOCAL,SAFE: all tasks permitted (weight=0.50),
1771436121.823,0.1,71.35,4.7637,1.122,37.3,4,,,0.01562,0.4233,0.0000,0.3924,0.0000,0.1562,0.3209,0.1816,SAFE,False,10,0,,,,,,
1771436121.823,0.1,,,,,,,,,,,,,,,0.1816,SAFE,,10,,t1871_0,0.39,NORMAL,LOCAL,SAFE: all tasks permitted (weight=0.39),
1771436121.823,0.1,72.18,4.6657,1.144,38.9,4,,,0.03323,0.4789,0.0000,0.8380,0.0000,0.3323,0.3322,0.2661,WARNING,False,10,0,,,,,,
1771436121.823,0.1,72.38,4.7822,1.109,36.4,4,,,0.03347,0.4921,0.0000,0.3081,0.0000,0.3347,0.3146,0.1955,WARNING,False,10,0,,,,,,
1771436121.823,0.1,71.71,4.8027,1.076,34.0,3,,,0.03491,0.4471,0.0000,0.2150,0.0000,0.3491,0.2832,0.1732,SAFE,False,10,0,,,,,,window_reset|B=10
1771436121.823,0.1,72.01,4.8190,1.046,31.9,3,,,0.03746,0.4673,0.0000,0.1411,0.0000,0.3746,0.2680,0.1655,SAFE,False,10,0,,,,,,
1771436121.823,0.1,71.71,4.8073,1.018,29.8,3,,,0.03789,0.4473,0.0000,0.1942,0.0000,0.3789,0.2539,0.1676,SAFE,False,10,0,,,,,,
1771436121.823,0.1,,,,,,,,,,,,,,,0.1676,SAFE,,10,,t1876_0,0.84,LOW,LOCAL,SAFE: all tasks permitted (weight=0.84),
1771436121.823,0.1,71.43,4.7172,1.114,36.7,4,,,0.04141,0.4286,0.0000,0.6035,0.0000,0.4141,0.3170,0.2347,SAFE,False,10,0,,,,,,
1771436121.823,0.1,71.88,4.8011,1.081,34.3,3,,,0.04179,0.4588,0.0000,0.2221,0.0000,0.4179,0.2854,0.1828,SAFE,False,10,0,,,,,,
1771436121.823,0.1,71.42,4.7727,1.050,32.2,3,,,0.04074,0.4282,0.0000,0.3512,0.0000,0.4074,0.2701,0.1918,SAFE,False,10,0,,,,,,
1771436121.823,0.1,71.15,4.8226,1.022,30.1,3,,,0.04311,0.4097,0.0000,0.1245,0.0000,0.4311,0.2558,0.1596,SAFE,False,10,0,,,,,,
1771436121.823,0.1,,,,,,,,,,,,,,,0.1596,SAFE,,10,,t1880_0,0.20,NORMAL,LOCAL,SAFE: all tasks permitted (weight=0.20),
1771436121.823,0.1,71.75,4.8015,1.025,30.3,3,,,0.04360,0.4499,0.0000,0.2204,0.0000,0.4360,0.2573,0.1777,SAFE,False,10,0,,,,,,
1771436121.823,0.1,,,,,,,,,,,,,,,0.1777,SAFE,,10,,t1881_0,0.61,NORMAL,LOCAL,SAFE: all tasks permitted (weight=0.61),
1771436121.823,0.1,71.47,4.8058,1.087,34.8,3,,,0.04426,0.4315,0.0000,0.2007,0.0000,0.4426,0.2883,0.1798,SAFE,False,10,0,,,,,,
1771436121.823,0.1,,,,,,,,,,,,,,,0.1798,SAFE,,10,,t1882_0,0.67,HIGH,LOCAL,SAFE: all tasks permitted (weight=0.67),
1771436121.823,0.1,71.79,4.7848,1.153,39.5,4,,,0.04399,0.4527,0.0000,0.2964,0.0000,0.4399,0.3367,0.2042,SAFE,False,10,0,,,,,,
1771436121.823,0.1,71.11,4.7551,1.118,37.0,4,,,0.02852,0.4073,0.0000,0.4314,0.0000,0.2852,0.3188,0.1972,SAFE,False,10,0,,,,,,
1771436121.823,0.1,71.17,4.7585,1.084,34.6,3,,,0.02974,0.4114,0.0000,0.4158,0.0000,0.2974,0.2871,0.1906,SAFE,False,10,0,,,,,,
1771436121.823,0.1,,,,,,,,,,,,,,,0.1906,SAFE,,10,,t1885_0,0.78,LOW,LOCAL,SAFE: all tasks permitted (weight=0.78),
1771436121.823,0.1,,,,,,,,,,,,,,,0.1906,SAFE,,10,,t1885_1,0.80,HIGH,LOCAL,SAFE: all tasks permitted (weight=0.80),
1771436121.823,0.1,71.53,4.7248,1.285,48.9,5,,,0.03390,0.4353,0.0000,0.5692,0.0000,0.3390,0.4174,0.2436,SAFE,False,10,0,,,,,,
1771436121.825,0.1,72.01,4.7120,1.240,45.7,5,22492.871,-38.79392,0.03666,0.4673,0.0000,0.6271,0.0000,0.3666,0.3949,0.2532,WARNING,False,10,0,,,,,,
1771436121.825,0.1,,,,,,,,,,,,,,,0.2532,WARNING,,10,,t1887_0,0.39,LOW,OFFLOAD,WARNING: heavy task offloaded (weight=0.39 >= 0.3),
1771436121.825,0.1,71.61,4.7447,1.198,42.7,4,17937.477,-49.83216,0.03571,0.4409,0.0000,0.4788,0.0000,0.3571,0.3590,0.2227,WARNING,False,10,0,,,,,,
1771436121.825,0.1,,,,,,,,,,,,,,,0.2227,WARNING,,10,,t1888_0,0.27,HIGH,LOCAL,WARNING: lightweight task permitted (weight=0.27 < 0.3),
1771436121.825,0.1,72.51,4.7801,1.199,42.8,4,29381.910,-13.71609,0.03253,0.5009,0.0000,0.3179,0.0000,0.3253,0.3594,0.2058,WARNING,False,10,0,,,,,,window_reset|B=10
1771436121.825,0.1,,,,,,,,,,,,,,,0.2058,WARNING,,10,,t1889_0,0.48,HIGH,OFFLOAD,WARNING: heavy task offloaded (weight=0.48 >= 0.3),
1771436121.825,0.1,,,,,,,,,,,,,,,0.2058,WARNING,,10,,t1889_1,0.34,NORMAL,OFFLOAD,WARNING: heavy task offloaded (weight=0.34 >= 0.3),
1771436121.825,0.1,72.04,4.7601,1.160,40.0,4,21663.561,-29.27623,0.03142,0.4692,0.0000,0.4089,0.0000,0.3142,0.3399,0.2089,WARNING,False,10,0,,,,,,
1771436121.825,0.1,,,,,,,,,,,,,,,0.2089,WARNING,,10,,t1890_0,0.46,NORMAL,OFFLOAD,WARNING: heavy task offloaded (weight=0.46 >= 0.3),
1771436121.825,0.1,,,,,,,,,,,,,,,0.2089,WARNING,,10,,t1890_1,0.28,LOW,LOCAL,WARNING: lightweight task permitted (weight=0.28 < 0.3),
1771436121.825,0.1,71.69,4.7081,1.164,40.3,4,-4043.773,-49.04853,0.03552,0.4457,0.0000,0.6451,0.0000,0.3552,0.3422,0.2413,WARNING,False,10,0,,,,,,
1771436121.825,0.1,72.57,4.7834,1.128,37.7,4,56030.019,18.08880,0.03147,0.5046,0.0000,0.3027,0.0000,0.3147,0.3239,0.1962,WARNING,False,10,0,,,,,,
1771436121.825,0.1,,,,,,,,,,,,,,,0.1962,WARNING,,10,,t1892_0,0.80,CRITICAL,OFFLOAD,WARNING: heavy task offloaded (weight=0.80 >= 0.3),
1771436121.825,0.1,72.58,4.8017,1.094,35.3,4,54205.338,27.63113,0.03150,0.5056,0.0000,0.2194,0.0000,0.3150,0.3069,0.1821,WARNING,False,10,0,,,,,,
1771436121.825,0.1,72.23,4.7975,1.062,33.0,3,26918.781,46.48923,0.03056,0.4821,0.0000,0.2387,0.0000,0.3056,0.2761,0.1747,SAFE,False,10,0,,,,,,
1771436121.825,0.1,,,,,,,,,,,,,,,0.1747,SAFE,,10,,t1894_0,0.66,LOW,LOCAL,SAFE: all tasks permitted (weight=0.66),
1771436121.825,0.1,71.70,4.7398,1.129,37.8,4,,,0.02994,0.4464,0.0000,0.5007,0.0000,0.2994,0.3245,0.2135,SAFE,False,10,0,,,,,,
1771436121.825,0.1,,,,,,,,,,,,,,,0.2135,SAFE,,10,,t1895_0,0.26,LOW,LOCAL,SAFE: all tasks permitted (weight=0.26),
1771436121.825,0.1,72.00,4.7517,1.133,38.0,4,,,0.02996,0.4666,0.0000,0.4468,0.0000,0.2996,0.3263,0.2093,SAFE,False,10,0,,,,,,
1771436121.825,0.1,72.18,4.7634,1.098,35.6,4,,,0.03003,0.4787,0.0000,0.3935,0.0000,0.3003,0.3091,0.2005,SAFE,False,10,0,,,,,,
1771436121.825,0.1,,,,,,,,,,,,,,,0.2005,SAFE,,10,,t1897_0,0.71,NORMAL,LOCAL,SAFE: all tasks permitted (weight=0.71),
1771436121.825,0.1,,,,,,,,,,,,,,,0.2005,SAFE,,10,,t1897_1,0.74,CRITICAL,LOCAL,SAFE: all tasks permitted (weight=0.74),
1771436121.825,0.1,71.39,4.7222,1.280,48.5,5,,,0.03026,0.4259,0.0000,0.5811,0.0000,0.3026,0.4148,0.2399,SAFE,False,10,0,,,,,,
1771436121.825,0.1,,,,,,,,,,,,,,,0.2399,SAFE,,10,,t1898_0,0.28,HIGH,LOCAL,SAFE: all tasks permitted (weight=0.28),
1771436121.826,0.1,72.76,4.7013,1.276,48.3,5,64209.652,-6.74073,0.03166,0.5176,0.0000,0.6760,0.0000,0.3166,0.4130,0.2643,WARNING,False,10,0,,,,,,
1771436121.826,0.1,,,,,,,,,,,,,,,0.2643,WARNING,,10,,t1899_0,0.59,CRITICAL,OFFLOAD,WARNING: heavy task offloaded (weight=0.59 >= 0.3),
1771436121.826,0.1,72.80,4.7132,1.232,45.1,5,13610.735,-69.63442,0.03361,0.5199,0.0000,0.6220,0.0000,0.3361,0.3908,0.2550,WARNING,False,10,0,,,,,,
1771436121.826,0.1,,,,,,,,,,,,,,,0.2550,WARNING,,10,,t1900_0,0.32,NORMAL,OFFLOAD,WARNING: heavy task offloaded (weight=0.32 >= 0.3),
1771436121.826,0.1,72.37,4.7204,1.190,42.2,4,-12948.891,-80.63418,0.03349,0.4911,0.0000,0.5890,0.0000,0.3349,0.3552,0.2400,WARNING,False,10,0,,,,,,
1771436121.826,0.1,73.19,4.7759,1.152,39.4,4,57071.513,-21.37577,0.03429,0.5460,0.0000,0.3367,0.0000,0.3429,0.3360,0.2108,WARNING,False,10,0,,,,,,
1771436121.826,0.1,,,,,,,,,,,,,,,0.2108,WARNING,,10,,t1902_0,0.55,LOW,OFFLOAD,WARNING: heavy task offloaded (weight=0.55 >= 0.3),
1771436121.826,0.1,73.02,4.7646,1.116,36.9,4,78638.389,24.54164,0.03227,0.5345,0.0000,0.3882,0.0000,0.3227,0.3181,0.2105,WARNING,False,10,0,,,,,,
1771436121.826,0.1,72.86,4.7697,1.083,34.5,3,51174.631,17.85530,0.03140,0.5240,0.0000,0.3650,0.0000,0.3140,0.2865,0.1990,WARNING,False,10,0,,,,,,window_reset|B=10
1771436121.826,0.1,,,,,,,,,,,,,,,0.1990,WARNING,,10,,t1904_0,0.76,LOW,OFFLOAD,WARNING: heavy task offloaded (weight=0.76 >= 0.3),
1771436121.826,0.1,72.19,4.7886,1.052,32.3,3,292.741,24.94180,0.02983,0.4790,0.0000,0.2792,0.0000,0.2983,0.2711,0.1778,SAFE,False,10,0,,,,,,
1771436121.826,0.1,72.33,4.7970,1.023,30.2,3,55687.029,74.20108,0.02977,0.4883,0.0000,0.2409,0.0000,0.2977,0.2567,0.1710,SAFE,False,10,0,,,,,,
1771436121.826,0.1,,,,,,,,,,,,,,,0.1710,SAFE,,10,,t1906_0,0.31,LOW,LOCAL,SAFE: all tasks permitted (weight=0.31),
1771436121.826,0.1,72.88,4.7899,1.042,31.6,3,,,0.03142,0.5254,0.0000,0.2731,0.0000,0.3142,0.2662,0.1832,SAFE,False,10,0,,,,,,
1771436121.826,0.1,,,,,,,,,,,,,,,0.1832,SAFE,,10,,t1907_0,0.43,CRITICAL,LOCAL,SAFE: all tasks permitted (weight=0.43),
1771436121.826,0.1,72.49,4.7893,1.078,34.1,3,,,0.03280,0.4990,0.0000,0.2760,0.0000,0.3280,0.2838,0.1853,SAFE,False,10,0,,,,,,
1771436121.826,0.1,,,,,,,,,,,,,,,0.1853,SAFE,,10,,t1908_0,0.60,LOW,LOCAL,SAFE: all tasks permitted (weight=0.60),
1771436121.826,0.1,72.63,4.7728,1.135,38.2,4,,,0.03303,0.5084,0.0000,0.3507,0.0000,0.3303,0.3275,0.2051,SAFE,False,10,0,,,,,,
1771436121.826,0.1,72.13,4.7317,1.101,35.8,4,,,0.03225,0.4752,0.0000,0.5378,0.0000,0.3225,0.3103,0.2212,SAFE,False,10,0,,,,,,
1771436121.826,0.1,,,,,,,,,,,,,,,0.2212,SAFE,,10,,t1910_0,0.70,LOW,LOCAL,SAFE: all tasks permitted (weight=0.70),
1771436121.826,0.1,72.71,4.7517,1.172,40.9,4,,,0.02729,0.5141,0.0000,0.4468,0.0000,0.2729,0.3460,0.2163,SAFE,False,10,0,,,,,,
1771436121.826,0.1,,,,,,,,,,,,,,,0.2163,SAFE,,10,,t1911_0,0.62,HIGH,LOCAL,SAFE: all tasks permitted (weight=0.62),
1771436121.826,0.1,72.78,4.7161,1.227,44.8,5,,,0.02684,0.5185,0.0000,0.6086,0.0000,0.2684,0.3884,0.2459,SAFE,False,10,0,,,,,,
1771436121.826,0.1,,,,,,,,,,,,,,,0.2459,SAFE,,10,,t1912_0,0.57,HIGH,LOCAL,SAFE: all tasks permitted (weight=0.57),
1771436121.826,0.1,72.58,4.7376,1.270,47.9,5,,,0.02487,0.5054,0.0000,0.5111,0.0000,0.2487,0.4102,0.2340,SAFE,False,10,0,,,,,,
1771436121.826,0.1,73.05,4.7256,1.226,44.7,5,,,0.02690,0.5367,0.0000,0.5655,0.0000,0.2690,0.3882,0.2425,SAFE,False,10,0,,,,,,
1771436121.826,0.1,,,,,,,,,,,,,,,0.2425,SAFE,,10,,t1914_0,0.58,LOW,LOCAL,SAFE: all tasks permitted (weight=0.58),
1771436121.826,0.1,73.18,4.7242,1.270,47.9,5,,,0.02873,0.5451,0.0000,0.5719,0.0000,0.2873,0.4102,0.2505,WARNING,False,10,0,,,,,,
1771436121.826,0.1,73.28,4.7855,1.226,44.7,5,,,0.02959,0.5521,0.0000,0.2933,0.0000,0.2959,0.3882,0.2116,WARNING,False,10,0,,,,,,
1771436121.826,0.1,,,,,,,,,,,,,,,0.2116,WARNING,,10,,t1916_0,0.76,HIGH,OFFLOAD,WARNING: heavy task offloaded (weight=0.76 >= 0.3),
1771436121.826,0.1,73.60,4.7085,1.185,41.8,4,,,0.03119,0.5733,0.0000,0.6431,0.0000,0.3119,0.3527,0.2541,WARNING,False,10,0,,,,,,
1771436121.826,0.1,,,,,,,,,,,,,,,0.2541,WARNING,,10,,t1917_0,0.63,HIGH,OFFLOAD,WARNING: heavy task offloaded (weight=0.63 >= 0.3),
1771436121.826,0.1,73.83,4.7316,1.147,39.1,4,,,0.02854,0.5885,0.0000,0.5382,0.0000,0.2854,0.3337,0.2359,WARNING,False,10,0,,,,,,
1771436121.826,0.1,,,,,,,,,,,,,,,0.2359,WARNING,,10,,t1918_0,0.83,CRITICAL,OFFLOAD,WARNING: heavy task offloaded (weight=0.83 >= 0.3),
1771436121.826,0.1,73.85,4.7555,1.112,36.6,4,,,0.02567,0.5898,0.0000,0.4297,0.0000,0.2567,0.3160,0.2155,WARNING,False,10,0,,,,,,window_reset|B=10
1771436121.826,0.1,73.54,4.7880,1.079,34.2,3,,,0.02549,0.5695,0.0000,0.2817,0.0000,0.2549,0.2846,0.1874,WARNING,False,10,0,,,,,,
1771436121.826,0.1,,,,,,,,,,,,,,,0.1874,WARNING,,10,,t1920_0,0.75,HIGH,OFFLOAD,WARNING: heavy task offloaded (weight=0.75 >= 0.3),
1771436121.826,0.1,,,,,,,,,,,,,,,0.1874,WARNING,,10,,t1920_1,0.56,NORMAL,OFFLOAD,WARNING: heavy task offloaded (weight=0.56 >= 0.3),
1771436121.826,0.1,,,,,,,,,,,,,,,0.1874,WARNING,,10,,t1920_2,0.73,LOW,OFFLOAD,WARNING: heavy task offloaded (weight=0.73 >= 0.3),
1771436121.826,0.1,,,,,,,,,,,,,,,0.1874,WARNING,,10,,t1920_3,0.23,NORMAL,LOCAL,WARNING: lightweight task permitted (weight=0.23 < 0.3),
1771436121.826,0.1,73.11,4.7846,1.083,34.5,3,,,0.02677,0.5405,0.0000,0.2973,0.0000,0.2677,0.2865,0.1876,WARNING,False,10,0,,,,,,
1771436121.826,0.1,73.52,4.7968,1.052,32.3,3,,,0.02993,0.5679,0.0000,0.2417,0.0000,0.2993,0.2711,0.1837,WARNING,False,10,0,,,,,,
1771436121.826,0.1,73.12,4.7914,1.023,30.2,3,,,0.03201,0.5414,0.0000,0.2663,0.0000,0.3201,0.2567,0.1829,WARNING,False,10,0,,,,,,
1771436121.826,0.1,,,,,,,,,,,,,,,0.1829,WARNING,,10,,t1923_0,0.83,HIGH,OFFLOAD,WARNING: heavy task offloaded (weight=0.83 >= 0.3),
1771436121.826,0.1,71.97,4.8067,0.997,28.3,3,,,0.03290,0.4645,0.0000,0.1968,0.0000,0.3290,0.2434,0.1629,SAFE,False,10,0,,,,,,
1771436121.826,0.1,,,,,,,,,,,,,,,0.1629,SAFE,,10,,t1924_0,0.73,LOW,LOCAL,SAFE: all tasks permitted (weight=0.73),
1771436121.826,0.1,72.79,4.7731,1.080,34.3,3,,,0.03222,0.5193,0.0000,0.3497,0.0000,0.3222,0.2851,0.1970,SAFE,False,10,0,,,,,,
1771436121.827,0.1,,,,,,,,,,,,,,,0.1970,SAFE,,10,,t1925_0,0.68,NORMAL,LOCAL,SAFE: all tasks permitted (weight=0.68),
1771436121.827,0.1,,,,,,,,,,,,,,,0.1970,SAFE,,10,,t1925_1,0.38,HIGH,LOCAL,SAFE: all tasks permitted (weight=0.38),
1771436121.827,0.1,72.77,4.7590,1.206,43.3,5,-58060.602,25.07331,0.03013,0.5180,0.0000,0.4136,0.0000,0.3013,0.3782,0.2217,SAFE,False,10,0,,,,,,
1771436121.827,0.1,,,,,,,,,,,,,,,0.2217,SAFE,,10,,t1926_0,0.46,NORMAL,LOCAL,SAFE: all tasks permitted (weight=0.46),
1771436121.827,0.1,72.81,4.7138,1.235,45.3,5,-57095.479,-38.12990,0.03147,0.5205,0.0000,0.6192,0.0000,0.3147,0.3923,0.2529,WARNING,False,10,0,,,,,,
1771436121.827,0.1,,,,,,,,,,,,,,,0.2529,WARNING,,10,,t1927_0,0.68,NORMAL,OFFLOAD,WARNING: heavy task offloaded (weight=0.68 >= 0.3),
1771436121.827,0.1,72.82,4.7623,1.193,42.4,4,-39574.426,-23.54262,0.03094,0.5214,0.0000,0.3986,0.0000,0.3094,0.3566,0.2166,WARNING,False,10,0,,,,,,
1771436121.827,0.1,73.39,4.7769,1.155,39.6,4,15673.618,-6.99004,0.02606,0.5595,0.0000,0.3321,0.0000,0.2606,0.3373,0.2038,WARNING,False,10,0,,,,,,
1771436121.827,0.1,,,,,,,,,,,,,,,0.2038,WARNING,,10,,t1929_0,0.63,NORMAL,OFFLOAD,WARNING: heavy task offloaded (weight=0.63 >= 0.3),
1771436121.827,0.1,,,,,,,,,,,,,,,0.2038,WARNING,,10,,t1929_1,0.34,LOW,OFFLOAD,WARNING: heavy task offloaded (weight=0.34 >= 0.3),
1771436121.827,0.1,72.79,4.7611,1.119,37.0,4,-40222.902,-32.64745,0.02359,0.5191,0.0000,0.4039,0.0000,0.2359,0.3193,0.2023,WARNING,False,10,0,,,,,,
1771436121.827,0.1,,,,,,,,,,,,,,,0.2023,WARNING,,10,,t1930_0,0.71,LOW,OFFLOAD,WARNING: heavy task offloaded (weight=0.71 >= 0.3),
1771436121.827,0.1,,,,,,,,,,,,,,,0.2023,WARNING,,10,,t1930_1,0.80,NORMAL,OFFLOAD,WARNING: heavy task offloaded (weight=0.80 >= 0.3),
1771436121.827,0.1,73.17,4.7284,1.085,34.7,3,2873.469,-57.62303,0.02625,0.5449,0.0000,0.5526,0.0000,0.2625,0.2876,0.2210,WARNING,False,10,0,,,,,,
1771436121.827,0.1,,,,,,,,,,,,,,,0.2210,WARNING,,10,,t1931_0,0.23,HIGH,LOCAL,WARNING: lightweight task permitted (weight=0.23 < 0.3),
1771436121.827,0.1,72.98,4.7702,1.088,34.8,3,55464.669,-33.41613,0.02570,0.5319,0.0000,0.3629,0.0000,0.2570,0.2889,0.1945,WARNING,False,10,0,,,,,,
1771436121.827,0.1,72.63,4.7849,1.057,32.6,3,-8706.948,10.80945,0.02571,0.5087,0.0000,0.2960,0.0000,0.2571,0.2733,0.1799,SAFE,False,10,0,,,,,,
1771436121.827,0.1,,,,,,,,,,,,,,,0.1799,SAFE,,10,,t1933_0,0.82,HIGH,LOCAL,SAFE: all tasks permitted (weight=0.82),
1771436121.827,0.1,72.61,4.8068,1.150,39.3,4,,,0.02675,0.5070,0.0000,0.1962,0.0000,0.2675,0.3348,0.1801,SAFE,False,10,0,,,,,,window_reset|B=10
1771436121.827,0.1,72.68,4.7977,1.114,36.7,4,,,0.02723,0.5123,0.0000,0.2378,0.0000,0.2723,0.3170,0.1830,SAFE,False,10,0,,,,,,
1771436121.827,0.1,,,,,,,,,,,,,,,0.1830,SAFE,,10,,t1935_0,0.66,NORMAL,LOCAL,SAFE: all tasks permitted (weight=0.66),
1771436121.827,0.1,73.10,4.7287,1.179,41.4,4,,,0.02702,0.5402,0.0000,0.5512,0.0000,0.2702,0.3496,0.2334,SAFE,False,10,0,,,,,,
1771436121.827,0.1,72.65,4.8102,1.142,38.7,4,,,0.02990,0.5102,0.0000,0.1808,0.0000,0.2990,0.3308,0.1808,SAFE,False,10,0,,,,,,
1771436121.827,0.1,73.01,4.7826,1.107,36.2,4,,,0.03011,0.5342,0.0000,0.3062,0.0000,0.3011,0.3133,0.1967,SAFE,False,10,0,,,,,,
1771436121.827,0.1,,,,,,,,,,,,,,,0.1967,SAFE,,10,,t1938_0,0.48,NORMAL,LOCAL,SAFE: all tasks permitted (weight=0.48),
1771436121.827,0.1,,,,,,,,,,,,,,,0.1967,SAFE,,10,,t1938_1,0.49,NORMAL,LOCAL,SAFE: all tasks permitted (weight=0.49),
1771436121.827,0.1,72.82,4.7213,1.217,44.1,5,,,0.02901,0.5215,0.0000,0.5849,0.0000,0.2901,0.3834,0.2443,SAFE,False,10,0,,,,,,
1771436121.827,0.1,,,,,,,,,,,,,,,0.2443,SAFE,,10,,t1939_0,0.78,LOW,LOCAL,SAFE: all tasks permitted (weight=0.78),
1771436121.827,0.1,73.40,4.7003,1.292,49.4,5,,,0.03475,0.5601,0.0000,0.6805,0.0000,0.3475,0.4210,0.2746,WARNING,False,10,0,,,,,,
1771436121.827,0.1,,,,,,,,,,,,,,,0.2746,WARNING,,10,,t1940_0,0.54,HIGH,OFFLOAD,WARNING: heavy task offloaded (weight=0.54 >= 0.3),
1771436121.827,0.1,73.25,4.7072,1.246,46.2,5,,,0.03782,0.5500,0.0000,0.6492,0.0000,0.3782,0.3982,0.2679,WARNING,False,10,0,,,,,,
1771436121.827,0.1,,,,,,,,,,,,,,,0.2679,WARNING,,10,,t1941_0,0.64,HIGH,OFFLOAD,WARNING: heavy task offloaded (weight=0.64 >= 0.3),
1771436121.827,0.1,73.39,4.7227,1.204,43.2,5,,,0.03905,0.5594,0.0000,0.5787,0.0000,0.3905,0.3771,0.2568,WARNING,False,10,0,,,,,,
1771436121.827,0.1,,,,,,,,,,,,,,,0.2568,WARNING,,10,,t1942_0,0.57,LOW,OFFLOAD,WARNING: heavy task offloaded (weight=0.57 >= 0.3),
1771436121.827,0.1,73.41,4.7114,1.165,40.3,4,,,0.04028,0.5605,0.0000,0.6299,0.0000,0.4028,0.3424,0.2579,WARNING,False,10,0,,,,,,
1771436121.827,0.1,,,,,,,,,,,,,,,0.2579,WARNING,,10,,t1943_0,0.48,CRITICAL,OFFLOAD,WARNING: heavy task offloaded (weight=0.48 >= 0.3),
1771436121.827,0.1,73.52,4.7710,1.128,37.7,4,,,0.04031,0.5681,0.0000,0.3591,0.0000,0.4031,0.3241,0.2200,WARNING,False,10,0,,,,,,
1771436121.827,0.1,73.61,4.7855,1.094,35.3,4,,,0.04035,0.5738,0.0000,0.2932,0.0000,0.4035,0.3071,0.2087,WARNING,False,10,0,,,,,,
1771436121.827,0.1,,,,,,,,,,,,,,,0.2087,WARNING,,10,,t1945_0,0.37,LOW,OFFLOAD,WARNING: heavy task offloaded (weight=0.37 >= 0.3),
1771436121.827,0.1,,,,,,,,,,,,,,,0.2087,WARNING,,10,,t1945_1,0.30,HIGH,LOCAL,WARNING: lightweight task permitted (weight=0.30 < 0.3),
1771436121.827,0.1,73.95,4.7619,1.107,36.2,4,,,0.03721,0.5965,0.0000,0.4004,0.0000,0.3721,0.3134,0.2235,WARNING,False,10,0,,,,,,
1771436121.827,0.1,73.13,4.7948,1.074,33.9,3,,,0.03691,0.5421,0.0000,0.2509,0.0000,0.3691,0.2821,0.1910,WARNING,False,10,0,,,,,,
1771436121.828,0.1,73.59,4.7730,1.044,31.7,3,11371.371,71.53655,0.03684,0.5729,0.0000,0.3500,0.0000,0.3684,0.2670,0.2045,WARNING,False,10,0,,,,,,
1771436121.828,0.1,,,,,,,,,,,,,,,0.2045,WARNING,,10,,t1948_0,0.80,NORMAL,OFFLOAD,WARNING: heavy task offloaded (weight=0.80 >= 0.3),
1771436121.828,0.1,73.54,4.7888,1.016,29.7,3,16844.712,80.31332,0.03449,0.5690,0.0000,0.2781,0.0000,0.3449,0.2529,0.1895,WARNING,False,10,0,,,,,,window_reset|B=10
1771436121.828,0.1,72.64,4.7937,0.990,27.8,3,-44350.614,69.83352,0.03544,0.5093,0.0000,0.2561,0.0000,0.3544,0.2399,0.1778,SAFE,False,10,0,,,,,,
1771436121.828,0.1,,,,,,,,,,,,,,,0.1778,SAFE,,10,,t1950_0,0.34,HIGH,LOCAL,SAFE: all tasks permitted (weight=0.34),
1771436121.828,0.1,72.79,4.7995,1.016,29.7,3,-36626.839,86.63174,0.03626,0.5191,0.0000,0.2296,0.0000,0.3626,0.2528,0.1790,SAFE,False,10,0,,,,,,
1771436121.828,0.1,,,,,,,,,,,,,,,0.1790,SAFE,,10,,t1951_0,0.75,NORMAL,LOCAL,SAFE: all tasks permitted (weight=0.75),
1771436121.828,0.1,72.48,4.7830,1.102,35.8,4,-61503.926,11.78668,0.03203,0.4987,0.0000,0.3047,0.0000,0.3203,0.3108,0.1936,SAFE,False,10,0,,,,,,
1771436121.828,0.1,,,,,,,,,,,,,,,0.1936,SAFE,,10,,t1952_0,0.42,CRITICAL,LOCAL,SAFE: all tasks permitted (weight=0.42),
1771436121.828,0.1,72.76,4.7647,1.132,38.0,4,-49921.425,-20.45869,0.02673,0.5174,0.0000,0.3878,0.0000,0.2673,0.3261,0.2044,SAFE,False,10,0,,,,,,
1771436121.828,0.1,72.20,4.7885,1.098,35.6,4,-103273.764,26.20127,0.02274,0.4798,0.0000,0.2794,0.0000,0.2274,0.3089,0.1784,SAFE,False,10,0,,,,,,
1771436121.828,0.1,72.14,4.8222,1.066,33.3,3,-58382.915,26.97858,0.01602,0.4762,0.0000,0.1262,0.0000,0.1602,0.2780,0.1452,SAFE,False,10,0,,,,,,
1771436121.828,0.1,,,,,,,,,,,,,,,0.1452,SAFE,,10,,t1955_0,0.60,HIGH,LOCAL,SAFE: all tasks permitted (weight=0.60),
1771436121.828,0.1,72.20,4.7633,1.126,37.6,4,,,0.01673,0.4797,0.0000,0.3940,0.0000,0.1673,0.3231,0.1901,SAFE,False,10,0,,,,,,
1771436121.828,0.1,72.30,4.7739,1.092,35.2,4,,,0.01700,0.4866,0.0000,0.3461,0.0000,0.1700,0.3061,0.1816,SAFE,False,10,0,,,,,,
1771436121.828,0.1,,,,,,,,,,,,,,,0.1816,SAFE,,10,,t1957_0,0.49,HIGH,LOCAL,SAFE: all tasks permitted (weight=0.49),
1771436121.828,0.1,72.59,4.7575,1.133,38.1,4,,,0.01752,0.5063,0.0000,0.4206,0.0000,0.1752,0.3266,0.1983,SAFE,False,10,0,,,,,,
1771436121.828,0.1,72.04,4.7729,1.099,35.6,4,,,0.01739,0.4695,0.0000,0.3506,0.0000,0.1739,0.3094,0.1812,SAFE,False,10,0,,,,,,
1771436121.828,0.1,72.58,4.7767,1.067,33.3,3,,,0.01727,0.5055,0.0000,0.3330,0.0000,0.1727,0.2784,0.1769,SAFE,False,10,0,,,,,,
1771436121.828,0.1,71.45,4.7721,1.037,31.2,3,,,0.01734,0.4300,0.0000,0.3543,0.0000,0.1734,0.2635,0.1677,SAFE,False,10,0,,,,,,
1771436121.828,0.1,,,,,,,,,,,,,,,0.1677,SAFE,,10,,t1961_0,0.41,LOW,LOCAL,SAFE: all tasks permitted (weight=0.41),
1771436121.828,0.1,71.79,4.7491,1.071,33.6,3,,,0.01887,0.4524,0.0000,0.4588,0.0000,0.1887,0.2803,0.1889,SAFE,False,10,0,,,,,,
1771436121.828,0.1,72.08,4.8058,1.041,31.5,3,,,0.01956,0.4719,0.0000,0.2010,0.0000,0.1956,0.2653,0.1554,SAFE,False,10,0,,,,,,
1771436121.828,0.1,,,,,,,,,,,,,,,0.1554,SAFE,,10,,t1963_0,0.73,NORMAL,LOCAL,SAFE: all tasks permitted (weight=0.73),
1771436121.828,0.1,71.38,4.7870,1.122,37.3,4,,,0.01969,0.4252,0.0000,0.2863,0.0000,0.1969,0.3210,0.1721,SAFE,False,10,0,,,,,,window_reset|B=10
1771436121.828,0.1,71.88,4.7774,1.088,34.9,3,,,0.01929,0.4589,0.0000,0.3299,0.0000,0.1929,0.2892,0.1751,SAFE,False,10,0,,,,,,
1771436121.828,0.1,,,,,,,,,,,,,,,0.1751,SAFE,,10,,t1965_0,0.47,LOW,LOCAL,SAFE: all tasks permitted (weight=0.47),
1771436121.828,0.1,71.64,4.7548,1.127,37.7,4,,,0.02012,0.4424,0.0000,0.4327,0.0000,0.2012,0.3236,0.1942,SAFE,False,10,0,,,,,,
1771436121.828,0.1,71.77,4.7759,1.093,35.2,4,,,0.01457,0.4514,0.0000,0.3366,0.0000,0.1457,0.3066,0.1738,SAFE,False,10,0,,,,,,
1771436121.828,0.1,71.27,4.7912,1.062,33.0,3,,,0.01518,0.4179,0.0000,0.2672,0.0000,0.1518,0.2758,0.1552,SAFE,False,10,0,,,,,,
1771436121.828,0.1,71.35,4.7894,1.032,30.9,3,,,0.01572,0.4236,0.0000,0.2754,0.0000,0.1572,0.2611,0.1546,SAFE,False,10,0,,,,,,
1771436121.828,0.1,70.80,4.7710,1.005,28.9,3,,,0.01482,0.3866,0.0000,0.3590,0.0000,0.1482,0.2475,0.1574,SAFE,False,10,0,,,,,,
1771436121.828,0.1,,,,,,,,,,,,,,,0.1574,SAFE,,10,,t1970_0,0.40,LOW,LOCAL,SAFE: all tasks permitted (weight=0.40),
1771436121.828,0.1,71.14,4.7961,1.040,31.4,3,,,0.01566,0.4093,0.0000,0.2449,0.0000,0.1566,0.2648,0.1496,SAFE,False,10,0,,,,,,
1771436121.828,0.1,70.89,4.8097,1.012,29.4,3,,,0.01778,0.3924,0.0000,0.1834,0.0000,0.1778,0.2509,0.1389,SAFE,False,10,0,,,,,,
1771436121.828,0.1,70.39,4.8448,0.986,27.6,3,,,0.02459,0.3592,0.0000,0.0236,0.0000,0.2459,0.2380,0.1184,SAFE,False,10,0,,,,,,
1771436121.828,0.1,,,,,,,,,,,,,,,0.1184,SAFE,,10,,t1973_0,0.52,NORMAL,LOCAL,SAFE: all tasks permitted (weight=0.52),
1771436121.828,0.1,71.18,4.8053,1.040,31.4,3,,,0.02200,0.4123,0.0000,0.2030,0.0000,0.2200,0.2648,0.1508,SAFE,False,10,0,,,,,,
1771436121.828,0.1,,,,,,,,,,,,,,,0.1508,SAFE,,10,,t1974_0,0.47,LOW,LOCAL,SAFE: all tasks permitted (weight=0.47),
1771436121.828,0.1,71.28,4.7745,1.081,34.4,3,,,0.02211,0.4186,0.0000,0.3433,0.0000,0.2211,0.2857,0.1741,SAFE,False,10,0,,,,,,
1771436121.828,0.1,,,,,,,,,,,,,,,0.1741,SAFE,,10,,t1975_0,0.74,HIGH,LOCAL,SAFE: all tasks permitted (weight=0.74),
1771436121.828,0.1,71.12,4.6993,1.161,40.1,4,,,0.03343,0.4077,0.0000,0.6852,0.0000,0.3343,0.3405,0.2395,SAFE,False,10,0,,,,,,
1771436121.828,0.1,71.01,4.7546,1.125,37.5,4,,,0.03430,0.4008,0.0000,0.4336,0.0000,0.3430,0.3223,0.2032,SAFE,False,10,0,,,,,,
1771436121.828,0.1,71.04,4.7795,1.091,35.1,4,,,0.03343,0.4025,0.0000,0.3206,0.0000,0.3343,0.3054,0.1845,SAFE,False,10,0,,,,,,
1771436121.828,0.1,,,,,,,,,,,,,,,0.1845,SAFE,,10,,t1978_0,0.58,LOW,LOCAL,SAFE: all tasks permitted (weight=0.58),
1771436121.828,0.1,71.53,4.7112,1.145,39.0,4,,,0.03884,0.4353,0.0000,0.6307,0.0000,0.3884,0.3327,0.2396,SAFE,False,10,0,,,,,,window_reset|B=10
1771436121.828,0.1,,,,,,,,,,,,,,,0.2396,SAFE,,10,,t1979_0,0.54,HIGH,LOCAL,SAFE: all tasks permitted (weight=0.54),
1771436121.828,0.1,71.58,4.7331,1.191,42.2,4,,,0.04039,0.4383,0.0000,0.5314,0.0000,0.4039,0.3555,0.2332,SAFE,False,10,0,,,,,,
1771436121.828,0.1,70.61,4.7790,1.153,39.5,4,,,0.04013,0.3738,0.0000,0.3226,0.0000,0.4013,0.3363,0.1942,SAFE,False,10,0,,,,,,
1771436121.828,0.1,,,,,,,,,,,,,,,0.1942,SAFE,,10,,t1981_0,0.68,LOW,LOCAL,SAFE: all tasks permitted (weight=0.68),
1771436121.828,0.1,70.92,4.7232,1.219,44.2,5,,,0.04229,0.3945,0.0000,0.5764,0.0000,0.4229,0.3844,0.2414,SAFE,False,10,0,,,,,,
1771436121.828,0.1,71.61,4.7565,1.178,41.3,4,,,0.04147,0.4403,0.0000,0.4249,0.0000,0.4147,0.3492,0.2194,SAFE,False,10,0,,,,,,
1771436121.828,0.1,,,,,,,,,,,,,,,0.2194,SAFE,,10,,t1983_0,0.77,CRITICAL,LOCAL,SAFE: all tasks permitted (weight=0.77),
1771436121.828,0.1,71.65,4.7215,1.256,46.9,5,,,0.04057,0.4431,0.0000,0.5839,0.0000,0.4057,0.4031,0.2503,WARNING,False,10,0,,,,,,
1771436121.828,0.1,72.03,4.7196,1.213,43.8,5,,,0.03176,0.4685,0.0000,0.5929,0.0000,0.3176,0.3816,0.2414,WARNING,False,10,0,,,,,,
1771436121.828,0.1,71.93,4.6738,1.173,40.9,4,,,0.03224,0.4618,0.0000,0.8009,0.0000,0.3224,0.3466,0.2611,WARNING,False,10,0,,,,,,
1771436121.828,0.1,,,,,,,,,,,,,,,0.2611,WARNING,,10,,t1986_0,0.40,NORMAL,OFFLOAD,WARNING: heavy task offloaded (weight=0.40 >= 0.3),
1771436121.828,0.1,72.57,4.7469,1.136,38.3,4,,,0.03030,0.5049,0.0000,0.4687,0.0000,0.3030,0.3280,0.2174,WARNING,False,10,0,,,,,,
1771436121.828,0.1,,,,,,,,,,,,,,,0.2174,WARNING,,10,,t1987_0,0.38,HIGH,OFFLOAD,WARNING: heavy task offloaded (weight=0.38 >= 0.3),
1771436121.828,0.1,71.64,4.7340,1.101,35.8,4,,,0.02853,0.4425,0.0000,0.5272,0.0000,0.2853,0.3107,0.2123,WARNING,False,10,0,,,,,,
1771436121.828,0.1,71.46,4.7799,1.069,33.5,3,,,0.03067,0.4305,0.0000,0.3185,0.0000,0.3067,0.2796,0.1797,SAFE,False,10,0,,,,,,
1771436121.828,0.1,71.96,4.7986,1.039,31.4,3,,,0.03317,0.4639,0.0000,0.2338,0.0000,0.3317,0.2647,0.1722,SAFE,False,10,0,,,,,,
1771436121.828,0.1,,,,,,,,,,,,,,,0.1722,SAFE,,10,,t1990_0,0.83,HIGH,LOCAL,SAFE: all tasks permitted (weight=0.83),
1771436121.828,0.1,72.27,4.7741,1.136,38.3,4,,,0.03321,0.4847,0.0000,0.3452,0.0000,0.3321,0.3278,0.2018,SAFE,False,10,0,,,,,,
1771436121.828,0.1,,,,,,,,,,,,,,,0.2018,SAFE,,10,,t1991_0,0.68,NORMAL,LOCAL,SAFE: all tasks permitted (weight=0.68),
1771436121.828,0.1,71.41,4.7218,1.204,43.1,5,,,0.03369,0.4276,0.0000,0.5826,0.0000,0.3369,0.3769,0.2361,SAFE,False,10,0,,,,,,
1771436121.828,0.1,,,,,,,,,,,,,,,0.2361,SAFE,,10,,t1992_0,0.35,HIGH,LOCAL,SAFE: all tasks permitted (weight=0.35),
1771436121.828,0.1,71.68,4.7399,1.217,44.0,5,,,0.03200,0.4454,0.0000,0.5004,0.0000,0.3200,0.3833,0.2272,SAFE,False,10,0,,,,,,
1771436121.828,0.1,,,,,,,,,,,,,,,0.2272,SAFE,,10,,t1993_0,0.33,LOW,LOCAL,SAFE: all tasks permitted (weight=0.33),
1771436121.828,0.1,,,,,,,,,,,,,,,0.2272,SAFE,,10,,t1993_1,0.37,NORMAL,LOCAL,SAFE: all tasks permitted (weight=0.37),
1771436121.828,0.1,72.02,4.7139,1.281,48.6,5,,,0.03253,0.4681,0.0000,0.6187,0.0000,0.3253,0.4153,0.2522,WARNING,False,10,0,,,,,,window_reset|B=10
1771436121.828,0.1,,,,,,,,,,,,,,,0.2522,WARNING,,10,,t1994_0,0.73,LOW,OFFLOAD,WARNING: heavy task offloaded (weight=0.73 >= 0.3),
1771436121.828,0.1,72.66,4.7356,1.236,45.4,5,,,0.03216,0.5106,0.0000,0.5199,0.0000,0.3216,0.3929,0.2396,WARNING,False,10,0,,,,,,
1771436121.828,0.1,,,,,,,,,,,,,,,0.2396,WARNING,,10,,t1995_0,0.37,HIGH,OFFLOAD,WARNING: heavy task offloaded (weight=0.37 >= 0.3),
1771436121.828,0.1,72.84,4.7335,1.194,42.5,4,,,0.03180,0.5226,0.0000,0.5297,0.0000,0.3180,0.3572,0.2348,WARNING,False,10,0,,,,,,
1771436121.828,0.1,72.72,4.7748,1.156,39.7,4,,,0.03260,0.5150,0.0000,0.3420,0.0000,0.3260,0.3378,0.2064,WARNING,False,10,0,,,,,,
1771436121.828,0.1,72.60,4.7776,1.120,37.1,4,,,0.02595,0.5067,0.0000,0.3289,0.0000,0.2595,0.3198,0.1935,WARNING,False,10,0,,,,,,
1771436121.828,0.1,,,,,,,,,,,,,,,0.1935,WARNING,,10,,t1998_0,0.77,NORMAL,OFFLOAD,WARNING: heavy task offloaded (weight=0.77 >= 0.3),
1771436121.829,0.1,73.01,4.7648,1.086,34.7,3,27706.742,-5.73075,0.02610,0.5342,0.0000,0.3871,0.0000,0.2610,0.2881,0.1981,WARNING,False,10,0,,,,,,
1771436121.829,0.1,,,,,,,,,,,,,,,0.1981,WARNING,,10,,t1999_0,0.79,HIGH,OFFLOAD,WARNING: heavy task offloaded (weight=0.79 >= 0.3),
1771436121.829,0.1,72.61,4.7910,1.055,32.5,3,44643.721,43.02658,0.02718,0.5074,0.0000,0.2681,0.0000,0.2718,0.2726,0.1774,SAFE,False,10,0,,,,,,
1771436121.829,0.1,71.80,4.7817,1.026,30.4,3,4437.341,25.97110,0.02730,0.4533,0.0000,0.3106,0.0000,0.2730,0.2581,0.1737,SAFE,False,10,0,,,,,,
1771436121.829,0.1,,,,,,,,,,,,,,,0.1737,SAFE,,10,,t2001_0,0.42,HIGH,LOCAL,SAFE: all tasks permitted (weight=0.42),
1771436121.829,0.1,72.18,4.7660,1.063,33.0,3,5941.375,32.41707,0.02472,0.4787,0.0000,0.3818,0.0000,0.2472,0.2763,0.1871,SAFE,False,10,0,,,,,,
1771436121.829,0.1,,,,,,,,,,,,,,,0.1871,SAFE,,10,,t2002_0,0.33,NORMAL,LOCAL,SAFE: all tasks permitted (weight=0.33),
1771436121.829,0.1,,,,,,,,,,,,,,,0.1871,SAFE,,10,,t2002_1,0.84,NORMAL,LOCAL,SAFE: all tasks permitted (weight=0.84),
1771436121.829,0.1,72.38,4.7287,1.209,43.5,5,-10418.816,-4.31761,0.02517,0.4920,0.0000,0.5515,0.0000,0.2517,0.3795,0.2318,SAFE,False,10,0,,,,,,
1771436121.829,0.1,,,,,,,,,,,,,,,0.2318,SAFE,,10,,t2003_0,0.63,LOW,LOCAL,SAFE: all tasks permitted (weight=0.63),
1771436121.829,0.1,72.69,4.7175,1.265,47.5,5,-5408.573,-9.93738,0.02564,0.5129,0.0000,0.6024,0.0000,0.2564,0.4073,0.2469,SAFE,False,10,0,,,,,,
1771436121.829,0.1,,,,,,,,,,,,,,,0.2469,SAFE,,10,,t2004_0,0.70,LOW,LOCAL,SAFE: all tasks permitted (weight=0.70),
1771436121.829,0.1,72.77,4.7222,1.326,51.9,6,1748.925,-32.65132,0.02678,0.5181,0.0000,0.5807,0.0000,0.2678,0.4530,0.2551,WARNING,False,10,0,,,,,,
1771436121.829,0.1,,,,,,,,,,,,,,,0.2551,WARNING,,10,,t2005_0,0.21,NORMAL,LOCAL,WARNING: lightweight task permitted (weight=0.21 < 0.3),
1771436121.829,0.1,,,,,,,,,,,,,,,0.2551,WARNING,,10,,t2005_1,0.51,HIGH,OFFLOAD,WARNING: heavy task offloaded (weight=0.51 >= 0.3),
1771436121.829,0.1,73.44,4.7014,1.310,50.7,5,31178.784,-47.41446,0.02838,0.5624,0.0000,0.6755,0.0000,0.2838,0.4301,0.2697,WARNING,False,10,0,,,,,,
1771436121.829,0.1,,,,,,,,,,,,,,,0.2697,WARNING,,10,,t2006_0,0.30,LOW,OFFLOAD,WARNING: heavy task offloaded (weight=0.30 >= 0.3),
1771436121.829,0.1,73.57,4.7352,1.263,47.4,5,,,0.02840,0.5713,0.0000,0.5217,0.0000,0.2840,0.4067,0.2461,WARNING,False,10,0,,,,,,
1771436121.829,0.1,73.24,4.7067,1.220,44.3,5,,,0.03055,0.5496,0.0000,0.6515,0.0000,0.3055,0.3849,0.2582,WARNING,False,10,0,,,,,,
1771436121.829,0.1,,,,,,,,,,,,,,,0.2582,WARNING,,10,,t2008_0,0.43,NORMAL,OFFLOAD,WARNING: heavy task offloaded (weight=0.43 >= 0.3),
1771436121.829,0.1,73.37,4.7400,1.179,41.4,4,,,0.02943,0.5577,0.0000,0.5000,0.0000,0.2943,0.3497,0.2313,WARNING,False,10,0,,,,,,window_reset|B=10
1771436121.829,0.1,73.99,4.7724,1.142,38.7,4,,,0.02897,0.5992,0.0000,0.3528,0.0000,0.2897,0.3309,0.2129,WARNING,False,10,0,,,,,,
1771436121.829,0.1,,,,,,,,,,,,,,,0.2129,WARNING,,10,,t2010_0,0.22,LOW,LOCAL,WARNING: lightweight task permitted (weight=0.22 < 0.3),
1771436121.829,0.1,74.02,4.7152,1.140,38.6,4,,,0.02923,0.6012,0.0000,0.6125,0.0000,0.2923,0.3301,0.2470,WARNING,False,10,0,,,,,,
1771436121.829,0.1,73.56,4.7853,1.105,36.1,4,,,0.02842,0.5708,0.0000,0.2943,0.0000,0.2842,0.3127,0.1977,WARNING,False,10,0,,,,,,
1771436121.829,0.1,,,,,,,,,,,,,,,0.1977,WARNING,,10,,t2012_0,0.52,LOW,OFFLOAD,WARNING: heavy task offloaded (weight=0.52 >= 0.3),
1771436121.829,0.1,73.86,4.7612,1.073,33.8,3,,,0.02638,0.5909,0.0000,0.4034,0.0000,0.2638,0.2815,0.2060,WARNING,False,10,0,,,,,,
1771436121.829,0.1,,,,,,,,,,,,,,,0.2060,WARNING,,10,,t2013_0,0.71,CRITICAL,OFFLOAD,WARNING: heavy task offloaded (weight=0.71 >= 0.3),
1771436121.829,0.1,73.13,4.8120,1.043,31.6,3,,,0.03279,0.5419,0.0000,0.1726,0.0000,0.3279,0.2664,0.1735,SAFE,False,10,0,,,,,,
1771436121.829,0.1,,,,,,,,,,,,,,,0.1735,SAFE,,10,,t2014_0,0.49,NORMAL,LOCAL,SAFE: all tasks permitted (weight=0.49),
1771436121.829,0.1,73.39,4.7612,1.088,34.9,3,,,0.03296,0.5591,0.0000,0.4038,0.0000,0.3296,0.2892,0.2104,SAFE,False,10,0,,,,,,
1771436121.829,0.1,,,,,,,,,,,,,,,0.2104,SAFE,,10,,t2015_0,0.25,NORMAL,LOCAL,SAFE: all tasks permitted (weight=0.25),
1771436121.829,0.1,73.37,4.7825,1.095,35.4,4,,,0.03346,0.5578,0.0000,0.3068,0.0000,0.3346,0.3076,0.2018,SAFE,False,10,0,,,,,,
1771436121.829,0.1,73.19,4.7868,1.063,33.1,3,,,0.03382,0.5461,0.0000,0.2874,0.0000,0.3382,0.2767,0.1921,SAFE,False,10,0,,,,,,
1771436121.829,0.1,72.96,4.7823,1.034,31.0,3,,,0.03034,0.5309,0.0000,0.3079,0.0000,0.3034,0.2620,0.1865,SAFE,False,10,0,,,,,,
1771436121.829,0.1,,,,,,,,,,,,,,,0.1865,SAFE,,10,,t2018_0,0.84,LOW,LOCAL,SAFE: all tasks permitted (weight=0.84),
1771436121.829,0.1,72.95,4.7544,1.133,38.1,4,,,0.02939,0.5297,0.0000,0.4345,0.0000,0.2939,0.3265,0.2147,SAFE,False,10,0,,,,,,
1771436121.829,0.1,,,,,,,,,,,,,,,0.2147,SAFE,,10,,t2019_0,0.55,LOW,LOCAL,SAFE: all tasks permitted (weight=0.55),
1771436121.829,0.1,73.12,4.7207,1.182,41.5,4,,,0.02732,0.5416,0.0000,0.5876,0.0000,0.2732,0.3508,0.2389,SAFE,False,10,0,,,,,,
1771436121.829,0.1,,,,,,,,,,,,,,,0.2389,SAFE,,10,,t2020_0,0.78,LOW,LOCAL,SAFE: all tasks permitted (weight=0.78),
1771436121.829,0.1,73.42,4.7332,1.262,47.3,5,,,0.02788,0.5612,0.0000,0.5309,0.0000,0.2788,0.4061,0.2455,SAFE,False,10,0,,,,,,
1771436121.829,0.1,73.14,4.7020,1.219,44.2,5,,,0.03251,0.5430,0.0000,0.6727,0.0000,0.3251,0.3844,0.2620,WARNING,False,10,0,,,,,,
1771436121.829,0.1,73.64,4.7386,1.178,41.3,4,,,0.03052,0.5761,0.0000,0.5062,0.0000,0.3052,0.3492,0.2353,WARNING,False,10,0,,,,,,
1771436121.829,0.1,73.58,4.7752,1.141,38.6,4,,,0.02995,0.5719,0.0000,0.3400,0.0000,0.2995,0.3305,0.2089,WARNING,False,10,0,,,,,,window_reset|B=10
1771436121.829,0.1,73.82,4.7284,1.106,36.1,4,,,0.03111,0.5878,0.0000,0.5525,0.0000,0.3111,0.3130,0.2361,WARNING,False,10,0,,,,,,
1771436121.829,0.1,73.20,4.7866,1.074,33.8,3,,,0.02796,0.5466,0.0000,0.2882,0.0000,0.2796,0.2818,0.1874,WARNING,False,10,0,,,,,,
1771436121.829,0.1,73.11,4.7728,1.043,31.7,3,,,0.02838,0.5408,0.0000,0.3508,0.0000,0.2838,0.2667,0.1922,WARNING,False,10,0,,,,,,
1771436121.830,0.1,,,,,,,,,,,,,,,0.1922,WARNING,,10,,t2027_0,0.25,CRITICAL,LOCAL,WARNING: lightweight task permitted (weight=0.25 < 0.3),
1771436121.830,0.1,,,,,,,,,,,,,,,0.1922,WARNING,,10,,t2027_1,0.31,LOW,OFFLOAD,WARNING: heavy task offloaded (weight=0.31 >= 0.3),
1771436121.830,0.1,73.32,4.7987,1.053,32.4,3,10907.300,70.78623,0.02998,0.5549,0.0000,0.2333,0.0000,0.2998,0.2716,0.1812,WARNING,False,10,0,,,,,,
1771436121.830,0.1,,,,,,,,,,,,,,,0.1812,WARNING,,10,,t2028_0,0.22,NORMAL,LOCAL,WARNING: lightweight task permitted (weight=0.22 < 0.3),
1771436121.830,0.1,72.92,4.7953,1.058,32.7,3,-27290.709,56.37080,0.03077,0.5278,0.0000,0.2487,0.0000,0.3077,0.2741,0.1813,WARNING,False,10,0,,,,,,
1771436121.830,0.1,,,,,,,,,,,,,,,0.1813,WARNING,,10,,t2029_0,0.24,NORMAL,LOCAL,WARNING: lightweight task permitted (weight=0.24 < 0.3),
1771436121.830,0.1,73.07,4.7667,1.065,33.2,3,-4124.681,58.76654,0.03001,0.5379,0.0000,0.3785,0.0000,0.3001,0.2774,0.1993,WARNING,False,10,0,,,,,,
1771436121.830,0.1,,,,,,,,,,,,,,,0.1993,WARNING,,10,,t2030_0,0.78,HIGH,OFFLOAD,WARNING: heavy task offloaded (weight=0.78 >= 0.3),
1771436121.830,0.1,72.77,4.7967,1.035,31.1,3,-47260.913,52.74703,0.03203,0.5183,0.0000,0.2422,0.0000,0.3203,0.2626,0.1782,SAFE,False,10,0,,,,,,
1771436121.830,0.1,72.33,4.7805,1.008,29.1,3,-68251.414,4.78878,0.03019,0.4884,0.0000,0.3160,0.0000,0.3019,0.2489,0.1797,SAFE,False,10,0,,,,,,
1771436121.830,0.1,71.46,4.8219,0.982,27.3,3,-128554.533,84.83026,0.03238,0.4305,0.0000,0.1279,0.0000,0.3238,0.2361,0.1479,SAFE,False,10,0,,,,,,
1771436121.830,0.1,71.70,4.8264,0.958,25.6,2,-81587.269,36.19031,0.02795,0.4468,0.0000,0.1071,0.0000,0.2795,0.2092,0.1373,SAFE,False,10,0,,,,,,
1771436121.830,0.1,,,,,,,,,,,,,,,0.1373,SAFE,,10,,t2034_0,0.50,NORMAL,LOCAL,SAFE: all tasks permitted (weight=0.50),
1771436121.830,0.1,71.72,4.8058,1.013,29.5,3,-75631.384,29.96543,0.02523,0.4483,0.0000,0.2008,0.0000,0.2523,0.2514,0.1554,SAFE,False,10,0,,,,,,
1771436121.830,0.1,,,,,,,,,,,,,,,0.1554,SAFE,,10,,t2035_0,0.81,HIGH,LOCAL,SAFE: all tasks permitted (weight=0.81),
1771436121.830,0.1,71.80,4.7749,1.109,36.4,4,,,0.02524,0.4533,0.0000,0.3414,0.0000,0.2524,0.3145,0.1869,SAFE,False,10,0,,,,,,
1771436121.830,0.1,71.67,4.7462,1.076,34.0,3,,,0.02202,0.4445,0.0000,0.4717,0.0000,0.2202,0.2832,0.1933,SAFE,False,10,0,,,,,,
1771436121.830,0.1,71.78,4.7898,1.046,31.9,3,,,0.02201,0.4517,0.0000,0.2735,0.0000,0.2201,0.2680,0.1654,SAFE,False,10,0,,,,,,
1771436121.830,0.1,,,,,,,,,,,,,,,0.1654,SAFE,,10,,t2038_0,0.50,NORMAL,LOCAL,SAFE: all tasks permitted (weight=0.50),
1771436121.830,0.1,71.40,4.7988,1.094,35.3,4,,,0.02152,0.4268,0.0000,0.2328,0.0000,0.2152,0.3069,0.1644,SAFE,False,10,0,,,,,,window_reset|B=10
1771436121.830,0.1,71.72,4.7785,1.062,33.0,3,,,0.02170,0.4483,0.0000,0.3250,0.0000,0.2170,0.2761,0.1730,SAFE,False,10,0,,,,,,
1771436121.831,0.1,71.12,4.8262,1.033,30.9,3,-19885.905,4.31645,0.02389,0.4082,0.0000,0.1081,0.0000,0.2389,0.2614,0.1392,SAFE,False,10,0,,,,,,
1771436121.831,0.1,71.62,4.8140,1.005,29.0,3,-5010.144,-12.32658,0.02317,0.4412,0.0000,0.1637,0.0000,0.2317,0.2477,0.1469,SAFE,False,10,0,,,,,,
1771436121.831,0.1,,,,,,,,,,,,,,,0.1469,SAFE,,10,,t2042_0,0.25,HIGH,LOCAL,SAFE: all tasks permitted (weight=0.25),
1771436121.831,0.1,,,,,,,,,,,,,,,0.1469,SAFE,,10,,t2042_1,0.73,LOW,LOCAL,SAFE: all tasks permitted (weight=0.73),
1771436121.831,0.1,71.06,4.7506,1.129,37.8,4,-39723.647,-54.69994,0.02644,0.4037,0.0000,0.4520,0.0000,0.2644,0.3245,0.1985,SAFE,False,10,0,,,,,,
1771436121.831,0.1,,,,,,,,,,,,,,,0.1985,SAFE,,10,,t2043_0,0.65,NORMAL,LOCAL,SAFE: all tasks permitted (weight=0.65),
1771436121.831,0.1,71.15,4.7427,1.193,42.4,4,-38826.871,-31.83835,0.02975,0.4097,0.0000,0.4876,0.0000,0.2975,0.3566,0.2136,SAFE,False,10,0,,,,,,
1771436121.831,0.1,71.30,4.7459,1.155,39.6,4,-21965.004,-0.28461,0.03030,0.4198,0.0000,0.4730,0.0000,0.3030,0.3373,0.2096,SAFE,False,10,0,,,,,,
1771436121.831,0.1,,,,,,,,,,,,,,,0.2096,SAFE,,10,,t2045_0,0.68,LOW,LOCAL,SAFE: all tasks permitted (weight=0.68),
1771436121.831,0.1,71.24,4.7509,1.222,44.5,5,-32083.790,-38.55134,0.02848,0.4157,0.0000,0.4505,0.0000,0.2848,0.3862,0.2142,SAFE,False,10,0,,,,,,
1771436121.831,0.1,,,,,,,,,,,,,,,0.2142,SAFE,,10,,t2046_0,0.48,LOW,LOCAL,SAFE: all tasks permitted (weight=0.48),
1771436121.831,0.1,72.54,4.6957,1.254,46.7,5,67824.989,-102.03413,0.03477,0.5029,0.0000,0.7013,0.0000,0.3477,0.4022,0.2667,WARNING,False,10,0,,,,,,
1771436121.831,0.1,72.24,4.7327,1.212,43.7,5,30567.705,-45.35883,0.03600,0.4826,0.0000,0.5333,0.0000,0.3600,0.3808,0.2394,WARNING,False,10,0,,,,,,
1771436121.831,0.1,,,,,,,,,,,,,,,0.2394,WARNING,,10,,t2048_0,0.35,LOW,OFFLOAD,WARNING: heavy task offloaded (weight=0.35 >= 0.3),
1771436121.831,0.1,72.22,4.7476,1.172,40.8,4,,,0.03594,0.4811,0.0000,0.4656,0.0000,0.3594,0.3458,0.2234,WARNING,False,10,0,,,,,,
1771436121.831,0.1,,,,,,,,,,,,,,,0.2234,WARNING,,10,,t2049_0,0.34,LOW,OFFLOAD,WARNING: heavy task offloaded (weight=0.34 >= 0.3),
1771436121.831,0.1,72.05,4.7428,1.135,38.2,4,,,0.03552,0.4701,0.0000,0.4872,0.0000,0.3552,0.3273,0.2207,WARNING,False,10,0,,,,,,
1771436121.831,0.1,,,,,,,,,,,,,,,0.2207,WARNING,,10,,t2050_0,0.46,LOW,OFFLOAD,WARNING: heavy task offloaded (weight=0.46 >= 0.3),
1771436121.831,0.1,71.85,4.7615,1.100,35.7,4,,,0.03362,0.4566,0.0000,0.4021,0.0000,0.3362,0.3101,0.2027,WARNING,False,10,0,,,,,,
1771436121.831,0.1,71.78,4.7636,1.068,33.4,3,,,0.03309,0.4522,0.0000,0.3926,0.0000,0.3309,0.2790,0.1942,WARNING,False,10,0,,,,,,
1771436121.831,0.1,,,,,,,,,,,,,,,0.1942,WARNING,,10,,t2052_0,0.73,HIGH,OFFLOAD,WARNING: heavy task offloaded (weight=0.73 >= 0.3),
1771436121.831,0.1,71.59,4.7763,1.038,31.3,3,,,0.02651,0.4394,0.0000,0.3350,0.0000,0.2651,0.2641,0.1756,SAFE,False,10,0,,,,,,
1771436121.831,0.1,,,,,,,,,,,,,,,0.1756,SAFE,,10,,t2053_0,0.63,HIGH,LOCAL,SAFE: all tasks permitted (weight=0.63),
1771436121.831,0.1,71.72,4.8024,1.106,36.2,4,,,0.02436,0.4483,0.0000,0.2162,0.0000,0.2436,0.3131,0.1689,SAFE,False,10,0,,,,,,window_reset|B=10
1771436121.831,0.1,,,,,,,,,,,,,,,0.1689,SAFE,,10,,t2054_0,0.85,LOW,LOCAL,SAFE: all tasks permitted (weight=0.85),
1771436121.831,0.1,,,,,,,,,,,,,,,0.1689,SAFE,,10,,t2054_1,0.62,HIGH,LOCAL,SAFE: all tasks permitted (weight=0.62),
1771436121.831,0.1,72.13,4.7401,1.297,49.8,5,,,0.02455,0.4752,0.0000,0.4996,0.0000,0.2455,0.4236,0.2312,SAFE,False,10,0,,,,,,
1771436121.831,0.1,72.45,4.7327,1.251,46.5,5,,,0.02496,0.4964,0.0000,0.5333,0.0000,0.2496,0.4007,0.2340,SAFE,False,10,0,,,,,,
1771436121.831,0.1,72.91,4.7511,1.209,43.5,5,,,0.02494,0.5275,0.0000,0.4496,0.0000,0.2494,0.3793,0.2226,SAFE,False,10,0,,,,,,
1771436121.831,0.1,72.24,4.7710,1.169,40.6,4,,,0.02563,0.4828,0.0000,0.3592,0.0000,0.2563,0.3445,0.1992,SAFE,False,10,0,,,,,,
1771436121.831,0.1,72.49,4.7541,1.132,38.0,4,,,0.01935,0.4993,0.0000,0.4360,0.0000,0.1935,0.3261,0.2012,SAFE,False,10,0,,,,,,
1771436121.831,0.1,,,,,,,,,,,,,,,0.2012,SAFE,,10,,t2059_0,0.67,NORMAL,LOCAL,SAFE: all tasks permitted (weight=0.67),
1771436121.831,0.1,72.72,4.7027,1.201,42.9,4,,,0.02370,0.5147,0.0000,0.6696,0.0000,0.2370,0.3603,0.2446,SAFE,False,10,0,,,,,,
1771436121.831,0.1,,,,,,,,,,,,,,,0.2446,SAFE,,10,,t2060_0,0.22,NORMAL,LOCAL,SAFE: all tasks permitted (weight=0.22),
1771436121.831,0.1,72.96,4.7714,1.195,42.5,4,,,0.02408,0.5308,0.0000,0.3573,0.0000,0.2408,0.3576,0.2058,SAFE,False,10,0,,,,,,
1771436121.831,0.1,,,,,,,,,,,,,,,0.2058,SAFE,,10,,t2061_0,0.61,NORMAL,LOCAL,SAFE: all tasks permitted (weight=0.61),
1771436121.831,0.1,,,,,,,,,,,,,,,0.2058,SAFE,,10,,t2061_1,0.37,NORMAL,LOCAL,SAFE: all tasks permitted (weight=0.37),
1771436121.831,0.1,73.11,4.7313,1.305,50.4,5,,,0.02480,0.5407,0.0000,0.5396,0.0000,0.2480,0.4275,0.2453,SAFE,False,10,0,,,,,,
1771436121.831,0.1,,,,,,,,,,,,,,,0.2453,SAFE,,10,,t2062_0,0.48,NORMAL,LOCAL,SAFE: all tasks permitted (weight=0.48),
1771436121.831,0.1,72.76,4.6838,1.332,52.3,6,,,0.03146,0.5174,0.0000,0.7554,0.0000,0.3146,0.4560,0.2829,WARNING,False,10,0,,,,,,
1771436121.831,0.1,73.12,4.7362,1.284,48.8,5,,,0.03127,0.5410,0.0000,0.5171,0.0000,0.3127,0.4168,0.2468,WARNING,False,10,0,,,,,,
1771436121.831,0.1,,,,,,,,,,,,,,,0.2468,WARNING,,10,,t2064_0,0.24,LOW,LOCAL,WARNING: lightweight task permitted (weight=0.24 < 0.3),
1771436121.831,0.1,73.83,4.7386,1.275,48.2,5,,,0.02994,0.5887,0.0000,0.5064,0.0000,0.2994,0.4123,0.2489,WARNING,False,10,0,,,,,,
1771436121.831,0.1,,,,,,,,,,,,,,,0.2489,WARNING,,10,,t2065_0,0.79,LOW,OFFLOAD,WARNING: heavy task offloaded (weight=0.79 >= 0.3),
1771436121.831,0.1,74.47,4.7369,1.230,45.0,5,,,0.02397,0.6311,0.0000,0.5142,0.0000,0.2397,0.3902,0.2446,WARNING,False,10,0,,,,,,
1771436121.831,0.1,,,,,,,,,,,,,,,0.2446,WARNING,,10,,t2066_0,0.34,LOW,OFFLOAD,WARNING: heavy task offloaded (weight=0.34 >= 0.3),
1771436121.831,0.1,74.01,4.7752,1.189,42.1,4,,,0.02615,0.6007,0.0000,0.3400,0.0000,0.2615,0.3546,0.2134,WARNING,False,10,0,,,,,,
1771436121.831,0.1,74.48,4.7801,1.151,39.4,4,,,0.02819,0.6323,0.0000,0.3178,0.0000,0.2819,0.3355,0.2125,WARNING,False,10,0,,,,,,
1771436121.831,0.1,74.46,4.7851,1.115,36.8,4,,,0.03035,0.6306,0.0000,0.2948,0.0000,0.3035,0.3176,0.2079,WARNING,False,10,0,,,,,,window_reset|B=10
1771436121.831,0.1,,,,,,,,,,,,,,,0.2079,WARNING,,10,,t2069_0,0.26,HIGH,LOCAL,WARNING: lightweight task permitted (weight=0.26 < 0.3),
1771436121.831,0.1,73.91,4.7391,1.122,37.3,4,,,0.02954,0.5943,0.0000,0.5039,0.0000,0.2954,0.3211,0.2306,WARNING,False,10,0,,,,,,
1771436121.831,0.1,,,,,,,,,,,,,,,0.2306,WARNING,,10,,t2070_0,0.25,NORMAL,LOCAL,WARNING: lightweight task permitted (weight=0.25 < 0.3),
1771436121.831,0.1,,,,,,,,,,,,,,,0.2306,WARNING,,10,,t2070_1,0.31,NORMAL,OFFLOAD,WARNING: heavy task offloaded (weight=0.31 >= 0.3),
1771436121.831,0.1,74.25,4.7419,1.127,37.7,4,,,0.02940,0.6168,0.0000,0.4912,0.0000,0.2940,0.3237,0.2320,WARNING,False,10,0,,,,,,
1771436121.831,0.1,,,,,,,,,,,,,,,0.2320,WARNING,,10,,t2071_0,0.59,HIGH,OFFLOAD,WARNING: heavy task offloaded (weight=0.59 >= 0.3),
1771436121.831,0.1,73.15,4.7732,1.093,35.2,4,,,0.02765,0.5431,0.0000,0.3490,0.0000,0.2765,0.3067,0.1995,WARNING,False,10,0,,,,,,
1771436121.831,0.1,,,,,,,,,,,,,,,0.1995,WARNING,,10,,t2072_0,0.22,LOW,LOCAL,WARNING: lightweight task permitted (weight=0.22 < 0.3),
1771436121.831,0.1,73.36,4.8156,1.096,35.4,4,,,0.03279,0.5574,0.0000,0.1566,0.0000,0.3279,0.3081,0.1816,WARNING,False,10,0,,,,,,
1771436121.831,0.1,,,,,,,,,,,,,,,0.1816,WARNING,,10,,t2073_0,0.65,NORMAL,OFFLOAD,WARNING: heavy task offloaded (weight=0.65 >= 0.3),
1771436121.831,0.1,73.81,4.7824,1.064,33.2,3,,,0.03300,0.5875,0.0000,0.3074,0.0000,0.3300,0.2772,0.1989,WARNING,False,10,0,,,,,,
1771436121.831,0.1,73.25,4.8150,1.035,31.1,3,,,0.02821,0.5501,0.0000,0.1591,0.0000,0.2821,0.2624,0.1674,SAFE,False,10,0,,,,,,
1771436121.831,0.1,73.52,4.7874,1.007,29.1,3,,,0.02688,0.5683,0.0000,0.2846,0.0000,0.2688,0.2486,0.1818,SAFE,False,10,0,,,,,,
1771436121.831,0.1,72.89,4.8193,0.982,27.3,3,,,0.02763,0.5259,0.0000,0.1395,0.0000,0.2763,0.2359,0.1560,SAFE,False,10,0,,,,,,
1771436121.831,0.1,,,,,,,,,,,,,,,0.1560,SAFE,,10,,t2077_0,0.50,NORMAL,LOCAL,SAFE: all tasks permitted (weight=0.50),
1771436121.831,0.1,72.76,4.7778,1.035,31.1,3,,,0.02454,0.5173,0.0000,0.3281,0.0000,0.2454,0.2625,0.1818,SAFE,False,10,0,,,,,,
1771436121.831,0.1,72.12,4.7749,1.007,29.1,3,,,0.02455,0.4745,0.0000,0.3413,0.0000,0.2455,0.2487,0.1756,SAFE,False,10,0,,,,,,
1771436121.831,0.1,,,,,,,,,,,,,,,0.1756,SAFE,,10,,t2079_0,0.57,HIGH,LOCAL,SAFE: all tasks permitted (weight=0.57),
1771436121.831,0.1,72.48,4.7959,1.069,33.5,3,,,0.02480,0.4985,0.0000,0.2458,0.0000,0.2480,0.2797,0.1725,SAFE,False,10,0,,,,,,
1771436121.831,0.1,72.27,4.8072,1.039,31.4,3,,,0.02562,0.4845,0.0000,0.1944,0.0000,0.2562,0.2647,0.1620,SAFE,False,10,0,,,,,,
1771436121.831,0.1,71.64,4.7800,1.012,29.4,3,,,0.02159,0.4427,0.0000,0.3181,0.0000,0.2159,0.2508,0.1662,SAFE,False,10,0,,,,,,
1771436121.831,0.1,71.86,4.7809,0.986,27.6,3,,,0.01658,0.4575,0.0000,0.3141,0.0000,0.1658,0.2379,0.1599,SAFE,False,10,0,,,,,,
1771436121.831,0.1,71.51,4.8233,0.962,25.8,2,,,0.01749,0.4342,0.0000,0.1214,0.0000,0.1749,0.2108,0.1275,SAFE,False,10,0,,,,,,window_reset|B=10
1771436121.831,0.1,,,,,,,,,,,,,,,0.1275,SAFE,,10,,t2084_0,0.77,NORMAL,LOCAL,SAFE: all tasks permitted (weight=0.77),
1771436121.831,0.1,,,,,,,,,,,,,,,0.1275,SAFE,,10,,t2084_1,0.85,NORMAL,LOCAL,SAFE: all tasks permitted (weight=0.85),
1771436121.831,0.1,71.90,4.7360,1.187,41.9,4,,,0.02320,0.4602,0.0000,0.5180,0.0000,0.2320,0.3536,0.2165,SAFE,False,10,0,,,,,,
1771436121.833,0.1,71.73,4.7763,1.149,39.2,4,-38704.585,-0.97541,0.02343,0.4485,0.0000,0.3351,0.0000,0.2343,0.3345,0.1877,SAFE,False,10,0,,,,,,
1771436121.833,0.1,71.68,4.7900,1.113,36.7,4,-16308.073,9.43440,0.02215,0.4456,0.0000,0.2727,0.0000,0.2215,0.3167,0.1744,SAFE,False,10,0,,,,,,
1771436121.833,0.1,71.52,4.7852,1.080,34.3,3,-35946.942,-6.68595,0.02216,0.4346,0.0000,0.2944,0.0000,0.2216,0.2852,0.1696,SAFE,False,10,0,,,,,,
1771436121.833,0.1,,,,,,,,,,,,,,,0.1696,SAFE,,10,,t2088_0,0.27,NORMAL,LOCAL,SAFE: all tasks permitted (weight=0.27),
1771436121.833,0.1,71.93,4.7356,1.091,35.1,4,-12567.446,-44.74949,0.02405,0.4622,0.0000,0.5198,0.0000,0.2405,0.3054,0.2082,SAFE,False,10,0,,,,,,
1771436121.833,0.1,71.68,4.7873,1.059,32.8,3,1542.689,4.52247,0.02411,0.4455,0.0000,0.2852,0.0000,0.2411,0.2747,0.1696,SAFE,False,10,0,,,,,,
1771436121.833,0.1,,,,,,,,,,,,,,,0.1696,SAFE,,10,,t2090_0,0.56,CRITICAL,LOCAL,SAFE: all tasks permitted (weight=0.56),
1771436121.833,0.1,,,,,,,,,,,,,,,0.1696,SAFE,,10,,t2090_1,0.42,NORMAL,LOCAL,SAFE: all tasks permitted (weight=0.42),
1771436121.833,0.1,71.64,4.7555,1.181,41.5,4,-8261.582,-15.87721,0.02510,0.4429,0.0000,0.4296,0.0000,0.2510,0.3503,0.2042,SAFE,False,10,0,,,,,,
1771436121.833,0.1,72.35,4.7791,1.143,38.8,4,31349.998,-27.59578,0.02461,0.4900,0.0000,0.3221,0.0000,0.2461,0.3314,0.1916,SAFE,False,10,0,,,,,,
1771436121.833,0.1,71.79,4.7744,1.108,36.3,4,-4120.674,23.94829,0.02298,0.4529,0.0000,0.3439,0.0000,0.2298,0.3139,0.1848,SAFE,False,10,0,,,,,,
1771436121.833,0.1,,,,,,,,,,,,,,,0.1848,SAFE,,10,,t2093_0,0.80,NORMAL,LOCAL,SAFE: all tasks permitted (weight=0.80),
1771436121.833,0.1,71.79,4.7434,1.198,42.7,4,,,0.02453,0.4526,0.0000,0.4845,0.0000,0.2453,0.3592,0.2137,SAFE,False,10,0,,,,,,
1771436121.833,0.1,,,,,,,,,,,,,,,0.2137,SAFE,,10,,t2094_0,0.35,HIGH,LOCAL,SAFE: all tasks permitted (weight=0.35),
1771436121.833,0.1,72.01,4.7208,1.214,43.8,5,,,0.02813,0.4673,0.0000,0.5874,0.0000,0.2813,0.3818,0.2369,SAFE,False,10,0,,,,,,
1771436121.833,0.1,71.91,4.7583,1.174,41.0,4,,,0.02251,0.4605,0.0000,0.4167,0.0000,0.2251,0.3468,0.2013,SAFE,False,10,0,,,,,,
1771436121.833,0.1,,,,,,,,,,,,,,,0.2013,SAFE,,10,,t2096_0,0.40,NORMAL,LOCAL,SAFE: all tasks permitted (weight=0.40),
1771436121.833,0.1,72.04,4.7585,1.198,42.7,4,,,0.02119,0.4691,0.0000,0.4158,0.0000,0.2119,0.3591,0.2033,SAFE,False,10,0,,,,,,
1771436121.833,0.1,,,,,,,,,,,,,,,0.2033,SAFE,,10,,t2097_0,0.42,NORMAL,LOCAL,SAFE: all tasks permitted (weight=0.42),
1771436121.833,0.1,72.57,4.7194,1.224,44.5,5,,,0.02402,0.5045,0.0000,0.5937,0.0000,0.2402,0.3868,0.2391,SAFE,False,10,0,,,,,,
1771436121.833,0.1,,,,,,,,,,,,,,,0.2391,SAFE,,10,,t2098_0,0.82,LOW,LOCAL,SAFE: all tasks permitted (weight=0.82),
1771436121.833,0.1,72.69,4.6621,1.310,50.7,5,,,0.03413,0.5129,0.0000,0.8541,0.0000,0.3413,0.4298,0.2927,WARNING,False,10,0,,,,,,window_reset|B=10
1771436121.833,0.1,73.27,4.7772,1.263,47.3,5,,,0.03347,0.5514,0.0000,0.3311,0.0000,0.3347,0.4064,0.2240,WARNING,False,10,0,,,,,,
1771436121.833,0.1,,,,,,,,,,,,,,,0.2240,WARNING,,10,,t2100_0,0.52,CRITICAL,OFFLOAD,WARNING: heavy task offloaded (weight=0.52 >= 0.3),
1771436121.833,0.1,72.55,4.7456,1.219,44.2,5,,,0.03328,0.5034,0.0000,0.4744,0.0000,0.3328,0.3847,0.2323,WARNING,False,10,0,,,,,,
1771436121.833,0.1,,,,,,,,,,,,,,,0.2323,WARNING,,10,,t2101_0,0.73,HIGH,OFFLOAD,WARNING: heavy task offloaded (weight=0.73 >= 0.3),
1771436121.833,0.1,72.93,4.7220,1.179,41.4,4,,,0.03180,0.5287,0.0000,0.5817,0.0000,0.3180,0.3495,0.2408,WARNING,False,10,0,,,,,,
1771436121.833,0.1,72.94,4.7451,1.141,38.7,4,,,0.03159,0.5293,0.0000,0.4768,0.0000,0.3159,0.3307,0.2232,WARNING,False,10,0,,,,,,
1771436121.833,0.1,,,,,,,,,,,,,,,0.2232,WARNING,,10,,t2103_0,0.45,NORMAL,OFFLOAD,WARNING: heavy task offloaded (weight=0.45 >= 0.3),
1771436121.833,0.1,73.16,4.7763,1.106,36.2,4,,,0.03132,0.5441,0.0000,0.3350,0.0000,0.3132,0.3132,0.2028,WARNING,False,10,0,,,,,,
1771436121.833,0.1,73.07,4.7625,1.074,33.9,3,,,0.03045,0.5378,0.0000,0.3979,0.0000,0.3045,0.2820,0.2031,WARNING,False,10,0,,,,,,
1771436121.833,0.1,72.78,4.8194,1.044,31.7,3,,,0.03741,0.5184,0.0000,0.1392,0.0000,0.3741,0.2668,0.1711,SAFE,False,10,0,,,,,,
1771436121.833,0.1,72.90,4.8143,1.016,29.7,3,,,0.04068,0.5267,0.0000,0.1622,0.0000,0.4068,0.2528,0.1755,SAFE,False,10,0,,,,,,
1771436121.833,0.1,,,,,,,,,,,,,,,0.1755,SAFE,,10,,t2107_0,0.74,NORMAL,LOCAL,SAFE: all tasks permitted (weight=0.74),
1771436121.833,0.1,72.63,4.7574,1.103,36.0,4,,,0.04068,0.5085,0.0000,0.4207,0.0000,0.4068,0.3117,0.2187,SAFE,False,10,0,,,,,,
1771436121.833,0.1,,,,,,,,,,,,,,,0.2187,SAFE,,10,,t2108_0,0.73,CRITICAL,LOCAL,SAFE: all tasks permitted (weight=0.73),
1771436121.833,0.1,,,,,,,,,,,,,,,0.2187,SAFE,,10,,t2108_1,0.66,HIGH,LOCAL,SAFE: all tasks permitted (weight=0.66),
1771436121.833,0.1,72.91,4.7215,1.286,49.0,5,,,0.04168,0.5276,0.0000,0.5842,0.0000,0.4168,0.4178,0.2645,WARNING,False,10,0,,,,,,
1771436121.833,0.1,73.24,4.7700,1.241,45.8,5,,,0.04073,0.5492,0.0000,0.3638,0.0000,0.4073,0.3953,0.2330,WARNING,False,10,0,,,,,,
1771436121.833,0.1,73.03,4.7323,1.199,42.8,4,,,0.03058,0.5355,0.0000,0.5348,0.0000,0.3058,0.3594,0.2362,WARNING,False,10,0,,,,,,
1771436121.833,0.1,73.54,4.7546,1.160,40.0,4,,,0.03028,0.5695,0.0000,0.4337,0.0000,0.3028,0.3399,0.2230,WARNING,False,10,0,,,,,,
1771436121.833,0.1,73.32,4.7999,1.124,37.4,4,,,0.03180,0.5546,0.0000,0.2278,0.0000,0.3180,0.3218,0.1923,WARNING,False,10,0,,,,,,
1771436121.833,0.1,73.53,4.8086,1.090,35.0,3,,,0.03113,0.5686,0.0000,0.1883,0.0000,0.3113,0.2899,0.1818,WARNING,False,10,0,,,,,,window_reset|B=10
1771436121.833,0.1,73.07,4.7833,1.058,32.7,3,,,0.03017,0.5383,0.0000,0.3032,0.0000,0.3017,0.2742,0.1890,WARNING,False,10,0,,,,,,
1771436121.833,0.1,,,,,,,,,,,,,,,0.1890,WARNING,,10,,t2115_0,0.66,LOW,OFFLOAD,WARNING: heavy task offloaded (weight=0.66 >= 0.3),
1771436121.833,0.1,73.31,4.8040,1.029,30.7,3,,,0.03123,0.5538,0.0000,0.2089,0.0000,0.3123,0.2597,0.1768,SAFE,False,10,0,,,,,,
1771436121.833,0.1,72.98,4.7883,1.002,28.7,3,,,0.03102,0.5321,0.0000,0.2803,0.0000,0.3102,0.2461,0.1805,SAFE,False,10,0,,,,,,
1771436121.833,0.1,,,,,,,,,,,,,,,0.1805,SAFE,,10,,t2117_0,0.32,LOW,LOCAL,SAFE: all tasks permitted (weight=0.32),
1771436121.833,0.1,72.49,4.7852,1.026,30.4,3,,,0.02871,0.4991,0.0000,0.2944,0.0000,0.2871,0.2580,0.1785,SAFE,False,10,0,,,,,,
1771436121.833,0.1,,,,,,,,,,,,,,,0.1785,SAFE,,10,,t2118_0,0.66,HIGH,LOCAL,SAFE: all tasks permitted (weight=0.66),
1771436121.833,0.1,72.49,4.7591,1.101,35.8,4,,,0.02665,0.4992,0.0000,0.4131,0.0000,0.2665,0.3103,0.2023,SAFE,False,10,0,,,,,,
1771436121.833,0.1,,,,,,,,,,,,,,,0.2023,SAFE,,10,,t2119_0,0.39,LOW,LOCAL,SAFE: all tasks permitted (weight=0.39),
1771436121.833,0.1,72.45,4.7134,1.129,37.8,4,,,0.03107,0.4969,0.0000,0.6208,0.0000,0.3107,0.3245,0.2363,SAFE,False,10,0,,,,,,
1771436121.834,0.1,72.82,4.7272,1.095,35.3,4,-27145.998,-65.71682,0.03038,0.5212,0.0000,0.5580,0.0000,0.3038,0.3074,0.2270,SAFE,False,10,0,,,,,,
1771436121.834,0.1,,,,,,,,,,,,,,,0.2270,SAFE,,10,,t2121_0,0.32,HIGH,LOCAL,SAFE: all tasks permitted (weight=0.32),
1771436121.834,0.1,,,,,,,,,,,,,,,0.2270,SAFE,,10,,t2121_1,0.58,NORMAL,LOCAL,SAFE: all tasks permitted (weight=0.58),
1771436121.834,0.1,72.60,4.7843,1.203,43.1,5,-50599.164,-21.93390,0.03068,0.5065,0.0000,0.2986,0.0000,0.3068,0.3767,0.2056,SAFE,False,10,0,,,,,,
1771436121.834,0.1,73.06,4.7782,1.164,40.3,4,-750.164,-4.63828,0.02853,0.5373,0.0000,0.3265,0.0000,0.2853,0.3421,0.2039,SAFE,False,10,0,,,,,,
1771436121.834,0.1,72.41,4.7516,1.128,37.7,4,-48530.491,-47.40622,0.02870,0.4941,0.0000,0.4471,0.0000,0.2870,0.3238,0.2109,SAFE,False,10,0,,,,,,
1771436121.834,0.1,72.64,4.7925,1.094,35.3,4,-18590.073,3.77912,0.02821,0.5093,0.0000,0.2613,0.0000,0.2821,0.3068,0.1847,SAFE,False,10,0,,,,,,
1771436121.834,0.1,72.86,4.8277,1.062,33.0,3,20337.396,38.44607,0.03062,0.5241,0.0000,0.1012,0.0000,0.3062,0.2760,0.1619,SAFE,False,10,0,,,,,,
1771436121.834,0.1,,,,,,,,,,,,,,,0.1619,SAFE,,10,,t2126_0,0.26,NORMAL,LOCAL,SAFE: all tasks permitted (weight=0.26),
1771436121.834,0.1,72.40,4.8055,1.073,33.8,3,-4768.789,41.92786,0.03174,0.4934,0.0000,0.2024,0.0000,0.3174,0.2813,0.1735,SAFE,False,10,0,,,,,,
1771436121.834,0.1,,,,,,,,,,,,,,,0.1735,SAFE,,10,,t2127_0,0.65,NORMAL,LOCAL,SAFE: all tasks permitted (weight=0.65),
1771436121.834,0.1,,,,,,,,,,,,,,,0.1735,SAFE,,10,,t2127_1,0.46,HIGH,LOCAL,SAFE: all tasks permitted (weight=0.46),
1771436121.834,0.1,72.05,4.7749,1.215,43.9,5,-21792.585,55.65120,0.03063,0.4701,0.0000,0.3412,0.0000,0.3063,0.3826,0.2079,SAFE,False,10,0,,,,,,
1771436121.834,0.1,,,,,,,,,,,,,,,0.2079,SAFE,,10,,t2128_0,0.58,HIGH,LOCAL,SAFE: all tasks permitted (weight=0.58),
1771436121.834,0.1,72.40,4.7374,1.265,47.5,5,,,0.03185,0.4936,0.0000,0.5118,0.0000,0.3185,0.4077,0.2392,SAFE,False,10,0,,,,,,window_reset|B=10
1771436121.834,0.1,73.48,4.6976,1.222,44.4,5,,,0.03709,0.5652,0.0000,0.6928,0.0000,0.3709,0.3859,0.2722,WARNING,False,10,0,,,,,,
1771436121.834,0.1,72.93,4.7057,1.181,41.5,4,,,0.04029,0.5288,0.0000,0.6561,0.0000,0.4029,0.3506,0.2592,WARNING,False,10,0,,,,,,
1771436121.834,0.1,73.47,4.7501,1.143,38.8,4,,,0.03813,0.5647,0.0000,0.4541,0.0000,0.3813,0.3317,0.2313,WARNING,False,10,0,,,,,,
1771436121.834,0.1,72.65,4.7260,1.108,36.3,4,,,0.03822,0.5102,0.0000,0.5637,0.0000,0.3822,0.3142,0.2356,WARNING,False,10,0,,,,,,
1771436121.834,0.1,72.98,4.7621,1.076,34.0,3,,,0.03758,0.5322,0.0000,0.3994,0.0000,0.3758,0.2829,0.2099,WARNING,False,10,0,,,,,,
1771436121.834,0.1,72.51,4.8312,1.045,31.8,3,,,0.04238,0.5005,0.0000,0.0853,0.0000,0.4238,0.2677,0.1671,SAFE,False,10,0,,,,,,
1771436121.834,0.1,72.65,4.7867,1.017,29.8,3,,,0.04266,0.5100,0.0000,0.2879,0.0000,0.4266,0.2536,0.1920,SAFE,False,10,0,,,,,,
1771436121.834,0.1,72.55,4.7882,0.991,27.9,3,,,0.04246,0.5030,0.0000,0.2807,0.0000,0.4246,0.2404,0.1874,SAFE,False,10,0,,,,,,
1771436121.834,0.1,71.44,4.8406,0.966,26.2,2,,,0.04412,0.4295,0.0000,0.0429,0.0000,0.4412,0.2132,0.1439,SAFE,False,10,0,,,,,,
1771436121.834,0.1,72.26,4.8349,0.944,24.6,2,,,0.04691,0.4840,0.0000,0.0688,0.0000,0.4691,0.2019,0.1543,SAFE,False,10,0,,,,,,
1771436121.834,0.1,71.62,4.8585,0.923,23.0,2,,,0.05299,0.4410,0.0000,0.0000,0.0000,0.5299,0.1913,0.1442,SAFE,False,10,0,,,,,,
1771436121.834,0.1,,,,,,,,,,,,,,,0.1442,SAFE,,10,,t2140_0,0.50,NORMAL,LOCAL,SAFE: all tasks permitted (weight=0.50),
1771436121.834,0.1,70.82,4.7794,0.980,27.2,3,,,0.05166,0.3879,0.0000,0.3207,0.0000,0.5166,0.2351,0.1869,SAFE,False,10,0,,,,,,
1771436121.834,0.1,70.91,4.8150,0.956,25.5,2,,,0.04591,0.3942,0.0000,0.1589,0.0000,0.4591,0.2082,0.1555,SAFE,False,10,0,,,,,,
1771436121.834,0.1,71.00,4.7825,0.934,23.9,2,,,0.03847,0.4003,0.0000,0.3067,0.0000,0.3847,0.1972,0.1658,SAFE,False,10,0,,,,,,
1771436121.834,0.1,,,,,,,,,,,,,,,0.1658,SAFE,,10,,t2143_0,0.67,NORMAL,LOCAL,SAFE: all tasks permitted (weight=0.67),
1771436121.834,0.1,70.06,4.8131,1.018,29.9,3,,,0.03604,0.3371,0.0000,0.1675,0.0000,0.3604,0.2540,0.1491,SAFE,False,10,0,,,,,,window_reset|B=10
1771436121.834,0.1,,,,,,,,,,,,,,,0.1491,SAFE,,10,,t2144_0,0.27,NORMAL,LOCAL,SAFE: all tasks permitted (weight=0.27),
1771436121.834,0.1,70.83,4.7657,1.033,30.9,3,,,0.03031,0.3890,0.0000,0.3830,0.0000,0.3031,0.2616,0.1791,SAFE,False,10,0,,,,,,
1771436121.834,0.1,70.17,4.7767,1.006,29.0,3,,,0.02883,0.3446,0.0000,0.3332,0.0000,0.2883,0.2479,0.1631,SAFE,False,10,0,,,,,,
1771436121.834,0.1,,,,,,,,,,,,,,,0.1631,SAFE,,10,,t2146_0,0.84,CRITICAL,LOCAL,SAFE: all tasks permitted (weight=0.84),
1771436121.834,0.1,69.87,4.7446,1.111,36.5,4,,,0.03227,0.3248,0.0000,0.4793,0.0000,0.3227,0.3155,0.1967,SAFE,False,10,0,,,,,,
1771436121.834,0.1,70.22,4.7773,1.078,34.2,3,,,0.03267,0.3478,0.0000,0.3303,0.0000,0.3267,0.2841,0.1742,SAFE,False,10,0,,,,,,
1771436121.834,0.1,69.94,4.7644,1.048,32.0,3,,,0.03390,0.3292,0.0000,0.3890,0.0000,0.3390,0.2688,0.1777,SAFE,False,10,0,,,,,,
1771436121.834,0.1,70.28,4.8081,1.019,29.9,3,,,0.03145,0.3518,0.0000,0.1906,0.0000,0.3145,0.2546,0.1494,SAFE,False,10,0,,,,,,
1771436121.834,0.1,69.86,4.8093,0.993,28.1,3,,,0.02937,0.3241,0.0000,0.1851,0.0000,0.2937,0.2414,0.1406,SAFE,False,10,0,,,,,,
1771436121.834,0.1,68.91,4.8046,0.968,26.3,2,,,0.02191,0.2609,0.0000,0.2062,0.0000,0.2191,0.2141,0.1228,SAFE,False,10,0,,,,,,
1771436121.834,0.1,,,,,,,,,,,,,,,0.1228,SAFE,,10,,t2152_0,0.73,HIGH,LOCAL,SAFE: all tasks permitted (weight=0.73),
1771436121.834,0.1,69.71,4.7448,1.060,32.8,3,,,0.02478,0.3138,0.0000,0.4782,0.0000,0.2478,0.2749,0.1796,SAFE,False,10,0,,,,,,
1771436121.834,0.1,69.63,4.7739,1.031,30.8,3,,,0.02301,0.3090,0.0000,0.3459,0.0000,0.2301,0.2603,0.1571,SAFE,False,10,0,,,,,,
1771436121.834,0.1,69.40,4.7842,1.003,28.8,3,,,0.02303,0.2937,0.0000,0.2992,0.0000,0.2303,0.2467,0.1465,SAFE,False,10,0,,,,,,
1771436121.834,0.1,69.50,4.7774,0.978,27.0,3,,,0.02083,0.2999,0.0000,0.3302,0.0000,0.2083,0.2340,0.1465,SAFE,False,10,0,,,,,,
1771436121.834,0.1,,,,,,,,,,,,,,,0.1465,SAFE,,10,,t2156_0,0.78,HIGH,LOCAL,SAFE: all tasks permitted (weight=0.78),
1771436121.834,0.1,69.08,4.7834,1.077,34.0,3,,,0.02056,0.2720,0.0000,0.3026,0.0000,0.2056,0.2833,0.1492,SAFE,False,10,0,,,,,,
1771436121.836,0.1,,,,,,,,,,,,,,,0.1492,SAFE,,10,,t2157_0,0.46,NORMAL,LOCAL,SAFE: all tasks permitted (weight=0.46),
1771436121.836,0.1,69.90,4.7505,1.118,37.0,4,-15220.075,-38.27478,0.02204,0.3264,0.0000,0.4524,0.0000,0.2204,0.3190,0.1838,SAFE,False,10,0,,,,,,
1771436121.836,0.1,,,,,,,,,,,,,,,0.1838,SAFE,,10,,t2158_0,0.63,NORMAL,LOCAL,SAFE: all tasks permitted (weight=0.63),
1771436121.836,0.1,70.13,4.7295,1.183,41.6,4,10691.314,-52.99769,0.02416,0.3420,0.0000,0.5476,0.0000,0.2416,0.3515,0.2067,SAFE,False,10,0,,,,,,window_reset|B=10
1771436121.836,0.1,69.14,4.7233,1.145,38.9,4,8813.960,-54.01743,0.02813,0.2757,0.0000,0.5757,0.0000,0.2813,0.3326,0.2026,SAFE,False,10,0,,,,,,
1771436121.836,0.1,,,,,,,,,,,,,,,0.2026,SAFE,,10,,t2160_0,0.30,HIGH,LOCAL,SAFE: all tasks permitted (weight=0.30),
1771436121.836,0.1,,,,,,,,,,,,,,,0.2026,SAFE,,10,,t2160_1,0.40,NORMAL,LOCAL,SAFE: all tasks permitted (weight=0.40),
1771436121.836,0.1,,,,,,,,,,,,,,,0.2026,SAFE,,10,,t2160_2,0.53,LOW,LOCAL,SAFE: all tasks permitted (weight=0.53),
1771436121.836,0.1,,,,,,,,,,,,,,,0.2026,SAFE,,10,,t2160_3,0.20,NORMAL,LOCAL,SAFE: all tasks permitted (weight=0.20),
1771436121.836,0.1,70.17,4.7358,1.334,52.4,6,18463.278,-5.98697,0.02976,0.3446,0.0000,0.5191,0.0000,0.2976,0.4570,0.2300,SAFE,False,10,0,,,,,,
1771436121.836,0.1,,,,,,,,,,,,,,,0.2300,SAFE,,10,,t2161_0,0.69,NORMAL,LOCAL,SAFE: all tasks permitted (weight=0.69),
1771436121.836,0.1,70.28,4.6987,1.393,56.6,6,25780.246,-49.99887,0.03291,0.3521,0.0000,0.6879,0.0000,0.3291,0.4864,0.2619,WARNING,False,10,0,,,,,,
1771436121.836,0.1,,,,,,,,,,,,,,,0.2619,WARNING,,10,,t2162_0,0.70,LOW,OFFLOAD,WARNING: heavy task offloaded (weight=0.70 >= 0.3),
1771436121.836,0.1,71.20,4.7103,1.340,52.9,6,71506.862,-49.09393,0.03181,0.4132,0.0000,0.6351,0.0000,0.3181,0.4601,0.2560,WARNING,False,10,0,,,,,,
1771436121.836,0.1,,,,,,,,,,,,,,,0.2560,WARNING,,10,,t2163_0,0.83,LOW,OFFLOAD,WARNING: heavy task offloaded (weight=0.83 >= 0.3),
1771436121.836,0.1,71.63,4.7376,1.291,49.4,5,85032.703,-26.39861,0.02757,0.4421,0.0000,0.5108,0.0000,0.2757,0.4207,0.2311,WARNING,False,10,0,,,,,,
1771436121.836,0.1,,,,,,,,,,,,,,,0.2311,WARNING,,10,,t2164_0,0.46,HIGH,OFFLOAD,WARNING: heavy task offloaded (weight=0.46 >= 0.3),
1771436121.836,0.1,71.80,4.7145,1.246,46.1,5,108533.918,-45.82348,0.02890,0.4535,0.0000,0.6161,0.0000,0.2890,0.3979,0.2430,WARNING,False,10,0,,,,,,
1771436121.836,0.1,,,,,,,,,,,,,,,0.2430,WARNING,,10,,t2165_0,0.46,HIGH,OFFLOAD,WARNING: heavy task offloaded (weight=0.46 >= 0.3),
1771436121.836,0.1,72.02,4.7620,1.204,43.1,5,,,0.02802,0.4681,0.0000,0.4001,0.0000,0.2802,0.3768,0.2116,WARNING,False,10,0,,,,,,
1771436121.836,0.1,72.10,4.7226,1.164,40.3,4,,,0.02539,0.4732,0.0000,0.5791,0.0000,0.2539,0.3421,0.2259,WARNING,False,10,0,,,,,,
1771436121.836,0.1,71.62,4.7614,1.128,37.7,4,,,0.02360,0.4416,0.0000,0.4029,0.0000,0.2360,0.3239,0.1937,WARNING,False,10,0,,,,,,
1771436121.836,0.1,,,,,,,,,,,,,,,0.1937,WARNING,,10,,t2168_0,0.54,HIGH,OFFLOAD,WARNING: heavy task offloaded (weight=0.54 >= 0.3),
1771436121.836,0.1,,,,,,,,,,,,,,,0.1937,WARNING,,10,,t2168_1,0.62,NORMAL,OFFLOAD,WARNING: heavy task offloaded (weight=0.62 >= 0.3),
1771436121.836,0.1,70.95,4.7331,1.094,35.3,4,,,0.01873,0.3968,0.0000,0.5315,0.0000,0.1873,0.3069,0.1968,WARNING,False,10,0,,,,,,
1771436121.836,0.1,,,,,,,,,,,,,,,0.1968,WARNING,,10,,t2169_0,0.20,NORMAL,LOCAL,WARNING: lightweight task permitted (weight=0.20 < 0.3),
1771436121.836,0.1,71.57,4.7524,1.094,35.3,4,,,0.01890,0.4381,0.0000,0.4438,0.0000,0.1890,0.3069,0.1905,WARNING,False,10,0,,,,,,
1771436121.836,0.1,71.77,4.7937,1.062,33.0,3,,,0.02544,0.4515,0.0000,0.2561,0.0000,0.2544,0.2761,0.1681,SAFE,False,10,0,,,,,,
1771436121.836,0.1,,,,,,,,,,,,,,,0.1681,SAFE,,10,,t2171_0,0.44,LOW,LOCAL,SAFE: all tasks permitted (weight=0.44),
1771436121.836,0.1,71.12,4.7400,1.102,35.9,4,,,0.02511,0.4080,0.0000,0.4999,0.0000,0.2511,0.3112,0.2013,SAFE,False,10,0,,,,,,
1771436121.836,0.1,71.40,4.7583,1.070,33.6,3,,,0.02567,0.4265,0.0000,0.4169,0.0000,0.2567,0.2800,0.1871,SAFE,False,10,0,,,,,,
1771436121.836,0.1,71.59,4.8000,1.040,31.4,3,,,0.02719,0.4391,0.0000,0.2272,0.0000,0.2719,0.2651,0.1624,SAFE,False,10,0,,,,,,window_reset|B=10
1771436121.836,0.1,,,,,,,,,,,,,,,0.1624,SAFE,,10,,t2174_0,0.80,LOW,LOCAL,SAFE: all tasks permitted (weight=0.80),
1771436121.836,0.1,71.27,4.7292,1.137,38.4,4,,,0.02540,0.4182,0.0000,0.5492,0.0000,0.2540,0.3287,0.2127,SAFE,False,10,0,,,,,,
1771436121.836,0.1,,,,,,,,,,,,,,,0.2127,SAFE,,10,,t2175_0,0.78,NORMAL,LOCAL,SAFE: all tasks permitted (weight=0.78),
1771436121.836,0.1,71.63,4.7151,1.226,44.7,5,,,0.02705,0.4423,0.0000,0.6131,0.0000,0.2705,0.3879,0.2374,SAFE,False,10,0,,,,,,
1771436121.836,0.1,72.03,4.7510,1.185,41.8,4,,,0.02502,0.4686,0.0000,0.4499,0.0000,0.2502,0.3524,0.2102,SAFE,False,10,0,,,,,,
1771436121.836,0.1,,,,,,,,,,,,,,,0.2102,SAFE,,10,,t2177_0,0.48,LOW,LOCAL,SAFE: all tasks permitted (weight=0.48),
1771436121.836,0.1,,,,,,,,,,,,,,,0.2102,SAFE,,10,,t2177_1,0.39,LOW,LOCAL,SAFE: all tasks permitted (weight=0.39),
1771436121.836,0.1,72.92,4.6727,1.283,48.8,5,,,0.03287,0.5278,0.0000,0.8061,0.0000,0.3287,0.4167,0.2843,WARNING,False,10,0,,,,,,
1771436121.836,0.1,,,,,,,,,,,,,,,0.2843,WARNING,,10,,t2178_0,0.75,LOW,OFFLOAD,WARNING: heavy task offloaded (weight=0.75 >= 0.3),
1771436121.836,0.1,72.67,4.7212,1.239,45.6,5,,,0.03295,0.5112,0.0000,0.5855,0.0000,0.3295,0.3943,0.2493,WARNING,False,10,0,,,,,,
1771436121.836,0.1,,,,,,,,,,,,,,,0.2493,WARNING,,10,,t2179_0,0.81,LOW,OFFLOAD,WARNING: heavy task offloaded (weight=0.81 >= 0.3),
1771436121.836,0.1,,,,,,,,,,,,,,,0.2493,WARNING,,10,,t2179_1,0.43,LOW,OFFLOAD,WARNING: heavy task offloaded (weight=0.43 >= 0.3),
1771436121.836,0.1,72.62,4.7453,1.197,42.6,4,,,0.03254,0.5080,0.0000,0.4759,0.0000,0.3254,0.3584,0.2270,WARNING,False,10,0,,,,,,
1771436121.836,0.1,72.36,4.7725,1.158,39.9,4,,,0.03339,0.4907,0.0000,0.3521,0.0000,0.3339,0.3390,0.2058,WARNING,False,10,0,,,,,,
1771436121.836,0.1,72.83,4.7584,1.122,37.3,4,,,0.03352,0.5220,0.0000,0.4165,0.0000,0.3352,0.3209,0.2145,WARNING,False,10,0,,,,,,
1771436121.836,0.1,72.37,4.7969,1.088,34.9,3,,,0.03391,0.4913,0.0000,0.2415,0.0000,0.3391,0.2891,0.1821,WARNING,False,10,0,,,,,,
1771436121.836,0.1,,,,,,,,,,,,,,,0.1821,WARNING,,10,,t2183_0,0.29,CRITICAL,LOCAL,WARNING: lightweight task permitted (weight=0.29 < 0.3),
1771436121.836,0.1,72.47,4.7625,1.102,35.8,4,,,0.03411,0.4980,0.0000,0.3978,0.0000,0.3411,0.3109,0.2078,WARNING,False,10,0,,,,,,
1771436121.836,0.1,72.10,4.7767,1.070,33.5,3,,,0.03492,0.4734,0.0000,0.3331,0.0000,0.3492,0.2798,0.1910,WARNING,False,10,0,,,,,,
1771436121.836,0.1,72.27,4.7906,1.040,31.4,3,,,0.03388,0.4850,0.0000,0.2699,0.0000,0.3388,0.2649,0.1801,WARNING,False,10,0,,,,,,
1771436121.836,0.1,,,,,,,,,,,,,,,0.1801,WARNING,,10,,t2186_0,0.38,CRITICAL,OFFLOAD,WARNING: heavy task offloaded (weight=0.38 >= 0.3),
1771436121.837,0.1,,,,,,,,,,,,,,,0.1801,WARNING,,10,,t2186_1,0.68,HIGH,OFFLOAD,WARNING: heavy task offloaded (weight=0.68 >= 0.3),
1771436121.837,0.1,72.19,4.7696,1.012,29.4,3,-25741.315,43.60041,0.03372,0.4794,0.0000,0.3656,0.0000,0.3372,0.2509,0.1890,WARNING,False,10,0,,,,,,
1771436121.837,0.1,,,,,,,,,,,,,,,0.1890,WARNING,,10,,t2187_0,0.73,HIGH,OFFLOAD,WARNING: heavy task offloaded (weight=0.73 >= 0.3),
1771436121.837,0.1,71.59,4.8402,0.986,27.6,3,-55805.441,85.48689,0.03935,0.4392,0.0000,0.0446,0.0000,0.3935,0.2380,0.1455,SAFE,False,10,0,,,,,,
1771436121.837,0.1,,,,,,,,,,,,,,,0.1455,SAFE,,10,,t2188_0,0.51,NORMAL,LOCAL,SAFE: all tasks permitted (weight=0.51),
1771436121.837,0.1,71.61,4.7734,1.042,31.6,3,-40755.070,0.74013,0.03926,0.4405,0.0000,0.3483,0.0000,0.3926,0.2660,0.1906,SAFE,False,10,0,,,,,,window_reset|B=10
1771436121.837,0.1,,,,,,,,,,,,,,,0.1906,SAFE,,10,,t2189_0,0.80,NORMAL,LOCAL,SAFE: all tasks permitted (weight=0.80),
1771436121.837,0.1,71.84,4.7471,1.139,38.5,4,-53513.904,-10.11904,0.02862,0.4561,0.0000,0.4676,0.0000,0.2862,0.3297,0.2101,SAFE,False,10,0,,,,,,
1771436121.837,0.1,71.64,4.7567,1.105,36.0,4,-39585.511,-36.21203,0.02489,0.4425,0.0000,0.4242,0.0000,0.2489,0.3123,0.1956,SAFE,False,10,0,,,,,,
1771436121.837,0.1,,,,,,,,,,,,,,,0.1956,SAFE,,10,,t2191_0,0.68,LOW,LOCAL,SAFE: all tasks permitted (weight=0.68),
1771436121.837,0.1,71.44,4.7142,1.179,41.4,4,-55604.017,-43.47482,0.02903,0.4294,0.0000,0.6172,0.0000,0.2903,0.3496,0.2307,SAFE,False,10,0,,,,,,
1771436121.837,0.1,71.91,4.7688,1.142,38.7,4,-10197.394,-7.09749,0.02903,0.4608,0.0000,0.3689,0.0000,0.2903,0.3308,0.1985,SAFE,False,10,0,,,,,,
1771436121.837,0.1,,,,,,,,,,,,,,,0.1985,SAFE,,10,,t2193_0,0.58,LOW,LOCAL,SAFE: all tasks permitted (weight=0.58),
1771436121.837,0.1,71.90,4.7751,1.198,42.7,4,-20437.297,-13.96359,0.02878,0.4598,0.0000,0.3404,0.0000,0.2878,0.3592,0.2000,SAFE,False,10,0,,,,,,
1771436121.837,0.1,,,,,,,,,,,,,,,0.2000,SAFE,,10,,t2194_0,0.30,LOW,LOCAL,SAFE: all tasks permitted (weight=0.30),
1771436121.837,0.1,72.77,4.7370,1.207,43.4,5,,,0.02933,0.5178,0.0000,0.5136,0.0000,0.2933,0.3786,0.2339,SAFE,False,10,0,,,,,,
1771436121.837,0.1,71.87,4.7758,1.168,40.5,4,,,0.02937,0.4581,0.0000,0.3374,0.0000,0.2937,0.3438,0.1970,SAFE,False,10,0,,,,,,
1771436121.837,0.1,,,,,,,,,,,,,,,0.1970,SAFE,,10,,t2196_0,0.37,HIGH,LOCAL,SAFE: all tasks permitted (weight=0.37),
1771436121.837,0.1,71.70,4.7456,1.189,42.1,4,,,0.02992,0.4469,0.0000,0.4746,0.0000,0.2992,0.3547,0.2162,SAFE,False,10,0,,,,,,
1771436121.837,0.1,,,,,,,,,,,,,,,0.2162,SAFE,,10,,t2197_0,0.76,NORMAL,LOCAL,SAFE: all tasks permitted (weight=0.76),
1771436121.837,0.1,,,,,,,,,,,,,,,0.2162,SAFE,,10,,t2197_1,0.76,CRITICAL,LOCAL,SAFE: all tasks permitted (weight=0.76),
1771436121.837,0.1,72.84,4.6920,1.390,56.4,6,,,0.03516,0.5224,0.0000,0.7182,0.0000,0.3516,0.4849,0.2882,WARNING,False,10,0,,,,,,
1771436121.837,0.1,73.18,4.7120,1.337,52.7,6,,,0.03713,0.5451,0.0000,0.6275,0.0000,0.3713,0.4587,0.2759,WARNING,False,10,0,,,,,,
1771436121.837,0.1,,,,,,,,,,,,,,,0.2759,WARNING,,10,,t2199_0,0.68,LOW,OFFLOAD,WARNING: heavy task offloaded (weight=0.68 >= 0.3),
1771436121.837,0.1,73.28,4.7620,1.289,49.2,5,,,0.02667,0.5518,0.0000,0.3998,0.0000,0.2667,0.4194,0.2287,WARNING,False,10,0,,,,,,
1771436121.837,0.1,72.86,4.6974,1.243,46.0,5,,,0.02854,0.5237,0.0000,0.6939,0.0000,0.2854,0.3967,0.2609,WARNING,False,10,0,,,,,,
1771436121.837,0.1,,,,,,,,,,,,,,,0.2609,WARNING,,10,,t2201_0,0.36,CRITICAL,OFFLOAD,WARNING: heavy task offloaded (weight=0.36 >= 0.3),
1771436121.837,0.1,73.37,4.7290,1.201,43.0,4,,,0.02862,0.5582,0.0000,0.5499,0.0000,0.2862,0.3607,0.2392,WARNING,False,10,0,,,,,,
1771436121.837,0.1,73.74,4.7192,1.162,40.2,4,,,0.02854,0.5828,0.0000,0.5945,0.0000,0.2854,0.3411,0.2440,WARNING,False,10,0,,,,,,
1771436121.837,0.1,,,,,,,,,,,,,,,0.2440,WARNING,,10,,t2203_0,0.51,HIGH,OFFLOAD,WARNING: heavy task offloaded (weight=0.51 >= 0.3),
1771436121.837,0.1,,,,,,,,,,,,,,,0.2440,WARNING,,10,,t2203_1,0.65,NORMAL,OFFLOAD,WARNING: heavy task offloaded (weight=0.65 >= 0.3),
1771436121.837,0.1,74.11,4.7665,1.126,37.6,4,,,0.02892,0.6074,0.0000,0.3794,0.0000,0.2892,0.3229,0.2157,WARNING,False,10,0,,,,,,window_reset|B=10
1771436121.837,0.1,,,,,,,,,,,,,,,0.2157,WARNING,,10,,t2204_0,0.58,NORMAL,OFFLOAD,WARNING: heavy task offloaded (weight=0.58 >= 0.3),
1771436121.837,0.1,73.26,4.7888,1.092,35.1,4,,,0.03103,0.5509,0.0000,0.2780,0.0000,0.3103,0.3060,0.1945,WARNING,False,10,0,,,,,,
1771436121.837,0.1,73.53,4.7724,1.060,32.9,3,,,0.03079,0.5688,0.0000,0.3529,0.0000,0.3079,0.2752,0.2000,WARNING,False,10,0,,,,,,
1771436121.837,0.1,,,,,,,,,,,,,,,0.2000,WARNING,,10,,t2206_0,0.69,LOW,OFFLOAD,WARNING: heavy task offloaded (weight=0.69 >= 0.3),
1771436121.837,0.1,73.47,4.7659,1.031,30.8,3,,,0.03147,0.5649,0.0000,0.3823,0.0000,0.3147,0.2606,0.2011,WARNING,False,10,0,,,,,,
1771436121.837,0.1,,,,,,,,,,,,,,,0.2011,WARNING,,10,,t2207_0,0.37,LOW,OFFLOAD,WARNING: heavy task offloaded (weight=0.37 >= 0.3),
1771436121.837,0.1,73.42,4.7913,1.004,28.9,3,,,0.03303,0.5614,0.0000,0.2669,0.0000,0.3303,0.2470,0.1845,WARNING,False,10,0,,,,,,
1771436121.837,0.1,73.20,4.8011,0.979,27.0,3,,,0.03648,0.5467,0.0000,0.2221,0.0000,0.3648,0.2343,0.1778,SAFE,False,10,0,,,,,,
1771436121.837,0.1,72.25,4.8389,0.955,25.4,2,,,0.03955,0.4834,0.0000,0.0503,0.0000,0.3955,0.2075,0.1456,SAFE,False,10,0,,,,,,
1771436121.837,0.1,,,,,,,,,,,,,,,0.1456,SAFE,,10,,t2210_0,0.78,NORMAL,LOCAL,SAFE: all tasks permitted (weight=0.78),
1771436121.837,0.1,72.73,4.7774,1.056,32.6,3,,,0.03668,0.5153,0.0000,0.3298,0.0000,0.3668,0.2732,0.1960,SAFE,False,10,0,,,,,,
1771436121.837,0.1,72.60,4.7997,1.027,30.5,3,,,0.03768,0.5068,0.0000,0.2284,0.0000,0.3768,0.2587,0.1799,SAFE,False,10,0,,,,,,
1771436121.837,0.1,,,,,,,,,,,,,,,0.1799,SAFE,,10,,t2212_0,0.28,HIGH,LOCAL,SAFE: all tasks permitted (weight=0.28),
1771436121.837,0.1,,,,,,,,,,,,,,,0.1799,SAFE,,10,,t2212_1,0.33,LOW,LOCAL,SAFE: all tasks permitted (weight=0.33),
1771436121.837,0.1,72.26,4.7739,1.097,35.5,4,,,0.03053,0.4839,0.0000,0.3458,0.0000,0.3053,0.3087,0.1953,SAFE,False,10,0,,,,,,
1771436121.837,0.1,71.83,4.7936,1.066,33.3,3,,,0.02710,0.4557,0.0000,0.2563,0.0000,0.2710,0.2778,0.1706,SAFE,False,10,0,,,,,,
1771436121.837,0.1,72.50,4.7810,1.036,31.1,3,,,0.01936,0.5001,0.0000,0.3138,0.0000,0.1936,0.2630,0.1728,SAFE,False,10,0,,,,,,
1771436121.838,0.1,71.84,4.7883,1.008,29.2,3,-95061.738,-3.00972,0.01830,0.4558,0.0000,0.2805,0.0000,0.1830,0.2492,0.1593,SAFE,False,10,0,,,,,,
1771436121.838,0.1,,,,,,,,,,,,,,,0.1593,SAFE,,10,,t2216_0,0.57,NORMAL,LOCAL,SAFE: all tasks permitted (weight=0.57),
1771436121.838,0.1,71.55,4.8105,1.073,33.8,3,-99082.554,9.38655,0.01921,0.4366,0.0000,0.1794,0.0000,0.1921,0.2814,0.1512,SAFE,False,10,0,,,,,,
1771436121.838,0.1,71.79,4.8030,1.043,31.6,3,-27614.306,-35.97742,0.01856,0.4527,0.0000,0.2138,0.0000,0.1856,0.2664,0.1539,SAFE,False,10,0,,,,,,
1771436121.838,0.1,,,,,,,,,,,,,,,0.1539,SAFE,,10,,t2218_0,0.50,LOW,LOCAL,SAFE: all tasks permitted (weight=0.50),
1771436121.838,0.1,71.60,4.7564,1.093,35.2,4,-68093.764,-21.03596,0.01988,0.4397,0.0000,0.4254,0.0000,0.1988,0.3065,0.1893,SAFE,False,10,0,,,,,,window_reset|B=10
1771436121.838,0.1,,,,,,,,,,,,,,,0.1893,SAFE,,10,,t2219_0,0.57,HIGH,LOCAL,SAFE: all tasks permitted (weight=0.57),
1771436121.838,0.1,71.88,4.7773,1.152,39.4,4,-43461.247,-22.42638,0.02035,0.4585,0.0000,0.3303,0.0000,0.2035,0.3360,0.1855,SAFE,False,10,0,,,,,,
1771436121.838,0.1,71.24,4.7634,1.116,36.9,4,-61357.746,-10.49441,0.02153,0.4158,0.0000,0.3935,0.0000,0.2153,0.3182,0.1862,SAFE,False,10,0,,,,,,
1771436121.838,0.1,71.15,4.7786,1.083,34.5,3,-40999.344,-15.00679,0.01536,0.4101,0.0000,0.3244,0.0000,0.1536,0.2866,0.1641,SAFE,False,10,0,,,,,,
1771436121.838,0.1,,,,,,,,,,,,,,,0.1641,SAFE,,10,,t2222_0,0.84,CRITICAL,LOCAL,SAFE: all tasks permitted (weight=0.84),
1771436121.838,0.1,,,,,,,,,,,,,,,0.1641,SAFE,,10,,t2222_1,0.79,NORMAL,LOCAL,SAFE: all tasks permitted (weight=0.79),
1771436121.838,0.1,71.90,4.6651,1.310,50.7,5,-36360.445,-115.92737,0.03627,0.4597,0.0000,0.8405,0.0000,0.3627,0.4299,0.2867,WARNING,False,10,0,,,,,,
1771436121.838,0.1,71.84,4.7298,1.263,47.4,5,,,0.03731,0.4557,0.0000,0.5465,0.0000,0.3731,0.4065,0.2444,WARNING,False,10,0,,,,,,
1771436121.838,0.1,72.11,4.7548,1.220,44.3,5,,,0.03745,0.4743,0.0000,0.4326,0.0000,0.3745,0.3848,0.2276,WARNING,False,10,0,,,,,,
1771436121.838,0.1,,,,,,,,,,,,,,,0.2276,WARNING,,10,,t2225_0,0.65,CRITICAL,OFFLOAD,WARNING: heavy task offloaded (weight=0.65 >= 0.3),
1771436121.838,0.1,,,,,,,,,,,,,,,0.2276,WARNING,,10,,t2225_1,0.78,LOW,OFFLOAD,WARNING: heavy task offloaded (weight=0.78 >= 0.3),
1771436121.838,0.1,72.33,4.7349,1.179,41.4,4,,,0.03747,0.4884,0.0000,0.5232,0.0000,0.3747,0.3496,0.2340,WARNING,False,10,0,,,,,,
1771436121.838,0.1,72.17,4.7386,1.142,38.7,4,,,0.03750,0.4783,0.0000,0.5064,0.0000,0.3750,0.3308,0.2269,WARNING,False,10,0,,,,,,
1771436121.838,0.1,71.79,4.7845,1.107,36.2,4,,,0.03726,0.4528,0.0000,0.2979,0.0000,0.3726,0.3133,0.1930,WARNING,False,10,0,,,,,,
1771436121.838,0.1,72.40,4.7862,1.074,33.9,3,,,0.03494,0.4936,0.0000,0.2900,0.0000,0.3494,0.2820,0.1883,WARNING,False,10,0,,,,,,
1771436121.838,0.1,,,,,,,,,,,,,,,0.1883,WARNING,,10,,t2229_0,0.25,NORMAL,LOCAL,WARNING: lightweight task permitted (weight=0.25 < 0.3),
1771436121.838,0.1,,,,,,,,,,,,,,,0.1883,WARNING,,10,,t2229_1,0.75,CRITICAL,OFFLOAD,WARNING: heavy task offloaded (weight=0.75 >= 0.3),
1771436121.838,0.1,72.44,4.7550,1.083,34.5,3,,,0.03196,0.4961,0.0000,0.4319,0.0000,0.3196,0.2865,0.2049,WARNING,False,10,0,,,,,,
1771436121.838,0.1,72.24,4.7861,1.052,32.3,3,,,0.03333,0.4826,0.0000,0.2904,0.0000,0.3333,0.2710,0.1832,WARNING,False,10,0,,,,,,
1771436121.838,0.1,,,,,,,,,,,,,,,0.1832,WARNING,,10,,t2231_0,0.66,HIGH,OFFLOAD,WARNING: heavy task offloaded (weight=0.66 >= 0.3),
1771436121.838,0.1,,,,,,,,,,,,,,,0.1832,WARNING,,10,,t2231_1,0.66,NORMAL,OFFLOAD,WARNING: heavy task offloaded (weight=0.66 >= 0.3),
1771436121.838,0.1,72.21,4.8053,1.023,30.2,3,,,0.03573,0.4804,0.0000,0.2031,0.0000,0.3573,0.2567,0.1711,SAFE,False,10,0,,,,,,
1771436121.838,0.1,,,,,,,,,,,,,,,0.1711,SAFE,,10,,t2232_0,0.57,CRITICAL,LOCAL,SAFE: all tasks permitted (weight=0.57),
1771436121.838,0.1,71.70,4.7523,1.088,34.8,3,,,0.03570,0.4468,0.0000,0.4441,0.0000,0.3570,0.2889,0.2048,SAFE,False,10,0,,,,,,
1771436121.838,0.1,,,,,,,,,,,,,,,0.2048,SAFE,,10,,t2233_0,0.37,NORMAL,LOCAL,SAFE: all tasks permitted (weight=0.37),
1771436121.838,0.1,71.90,4.7737,1.115,36.8,4,,,0.03546,0.4601,0.0000,0.3466,0.0000,0.3546,0.3174,0.1992,SAFE,False,10,0,,,,,,window_reset|B=10
1771436121.838,0.1,72.18,4.7947,1.082,34.4,3,,,0.02423,0.4786,0.0000,0.2516,0.0000,0.2423,0.2859,0.1715,SAFE,False,10,0,,,,,,
1771436121.838,0.1,,,,,,,,,,,,,,,0.1715,SAFE,,10,,t2235_0,0.50,NORMAL,LOCAL,SAFE: all tasks permitted (weight=0.50),
1771436121.838,0.1,72.00,4.7801,1.131,37.9,4,,,0.02177,0.4664,0.0000,0.3177,0.0000,0.2177,0.3256,0.1842,SAFE,False,10,0,,,,,,
1771436121.838,0.1,,,,,,,,,,,,,,,0.1842,SAFE,,10,,t2236_0,0.26,NORMAL,LOCAL,SAFE: all tasks permitted (weight=0.26),
1771436121.838,0.1,72.09,4.7465,1.139,38.5,4,,,0.02239,0.4727,0.0000,0.4707,0.0000,0.2239,0.3295,0.2062,SAFE,False,10,0,,,,,,
1771436121.838,0.1,,,,,,,,,,,,,,,0.2062,SAFE,,10,,t2237_0,0.73,NORMAL,LOCAL,SAFE: all tasks permitted (weight=0.73),
1771436121.838,0.1,71.66,4.7432,1.221,44.3,5,,,0.02140,0.4440,0.0000,0.4853,0.0000,0.2140,0.3854,0.2148,SAFE,False,10,0,,,,,,
1771436121.838,0.1,72.12,4.8018,1.180,41.4,4,,,0.02066,0.4746,0.0000,0.2190,0.0000,0.2066,0.3501,0.1761,SAFE,False,10,0,,,,,,
1771436121.838,0.1,,,,,,,,,,,,,,,0.1761,SAFE,,10,,t2239_0,0.83,HIGH,LOCAL,SAFE: all tasks permitted (weight=0.83),
1771436121.838,0.1,,,,,,,,,,,,,,,0.1761,SAFE,,10,,t2239_1,0.67,NORMAL,LOCAL,SAFE: all tasks permitted (weight=0.67),
1771436121.838,0.1,72.71,4.7026,1.381,55.8,6,,,0.02865,0.5142,0.0000,0.6700,0.0000,0.2865,0.4804,0.2735,WARNING,False,10,0,,,,,,
1771436121.838,0.1,,,,,,,,,,,,,,,0.2735,WARNING,,10,,t2240_0,0.37,NORMAL,OFFLOAD,WARNING: heavy task offloaded (weight=0.37 >= 0.3),
1771436121.838,0.1,72.50,4.6716,1.329,52.1,6,,,0.03865,0.5003,0.0000,0.8107,0.0000,0.3865,0.4546,0.2950,WARNING,False,10,0,,,,,,
1771436121.838,0.1,73.21,4.7143,1.281,48.6,5,,,0.04062,0.5474,0.0000,0.6166,0.0000,0.4062,0.4155,0.2696,WARNING,False,10,0,,,,,,
1771436121.838,0.1,,,,,,,,,,,,,,,0.2696,WARNING,,10,,t2242_0,0.21,CRITICAL,LOCAL,WARNING: lightweight task permitted (weight=0.21 < 0.3),
1771436121.838,0.1,73.63,4.7422,1.269,47.8,5,,,0.03971,0.5755,0.0000,0.4898,0.0000,0.3971,0.4097,0.2544,WARNING,False,10,0,,,,,,
1771436121.838,0.1,,,,,,,,,,,,,,,0.2544,WARNING,,10,,t2243_0,0.51,HIGH,OFFLOAD,WARNING: heavy task offloaded (weight=0.51 >= 0.3),
1771436121.838,0.1,74.15,4.6900,1.225,44.7,5,,,0.03969,0.6100,0.0000,0.7273,0.0000,0.3969,0.3877,0.2850,WARNING,False,10,0,,,,,,
1771436121.838,0.1,73.28,4.7461,1.185,41.8,4,,,0.03960,0.5521,0.0000,0.4722,0.0000,0.3960,0.3523,0.2377,WARNING,False,10,0,,,,,,
1771436121.839,0.1,73.42,4.7799,1.147,39.0,4,105969.968,36.90927,0.04005,0.5611,0.0000,0.3185,0.0000,0.4005,0.3333,0.2154,WARNING,False,10,0,,,,,,
1771436121.839,0.1,,,,,,,,,,,,,,,0.2154,WARNING,,10,,t2246_0,0.70,HIGH,OFFLOAD,WARNING: heavy task offloaded (weight=0.70 >= 0.3),
1771436121.839,0.1,73.45,4.7775,1.111,36.5,4,80292.156,-24.49486,0.03844,0.5634,0.0000,0.3297,0.0000,0.3844,0.3156,0.2120,WARNING,False,10,0,,,,,,
1771436121.839,0.1,,,,,,,,,,,,,,,0.2120,WARNING,,10,,t2247_0,0.72,NORMAL,OFFLOAD,WARNING: heavy task offloaded (weight=0.72 >= 0.3),
1771436121.839,0.1,,,,,,,,,,,,,,,0.2120,WARNING,,10,,t2247_1,0.73,NORMAL,OFFLOAD,WARNING: heavy task offloaded (weight=0.73 >= 0.3),
1771436121.839,0.1,73.69,4.7773,1.078,34.2,3,58912.374,75.15621,0.03822,0.5793,0.0000,0.3303,0.0000,0.3822,0.2842,0.2075,WARNING,False,10,0,,,,,,
1771436121.839,0.1,73.97,4.7784,1.048,32.0,3,88508.484,107.38947,0.03959,0.5980,0.0000,0.3253,0.0000,0.3959,0.2689,0.2074,WARNING,False,10,0,,,,,,window_reset|B=10
1771436121.839,0.1,,,,,,,,,,,,,,,0.2074,WARNING,,10,,t2249_0,0.41,CRITICAL,OFFLOAD,WARNING: heavy task offloaded (weight=0.41 >= 0.3),
1771436121.839,0.1,72.93,4.7719,1.019,30.0,3,-17132.802,57.90958,0.04034,0.5284,0.0000,0.3549,0.0000,0.4034,0.2547,0.2008,WARNING,False,10,0,,,,,,
1771436121.839,0.1,,,,,,,,,,,,,,,0.2008,WARNING,,10,,t2250_0,0.35,LOW,OFFLOAD,WARNING: heavy task offloaded (weight=0.35 >= 0.3),
1771436121.839,0.1,,,,,,,,,,,,,,,0.2008,WARNING,,10,,t2250_1,0.56,CRITICAL,OFFLOAD,WARNING: heavy task offloaded (weight=0.56 >= 0.3),
1771436121.839,0.1,72.57,4.7784,0.993,28.1,3,-64142.607,36.36110,0.03811,0.5047,0.0000,0.3255,0.0000,0.3811,0.2415,0.1893,WARNING,False,10,0,,,,,,
1771436121.839,0.1,72.56,4.8279,0.968,26.3,2,-96042.062,138.70463,0.04222,0.5039,0.0000,0.1003,0.0000,0.4222,0.2142,0.1586,SAFE,False,10,0,,,,,,
1771436121.839,0.1,,,,,,,,,,,,,,,0.1586,SAFE,,10,,t2252_0,0.49,HIGH,LOCAL,SAFE: all tasks permitted (weight=0.49),
1771436121.839,0.1,72.67,4.7949,1.024,30.3,3,-37097.017,49.04596,0.03519,0.5111,0.0000,0.2505,0.0000,0.3519,0.2572,0.1805,SAFE,False,10,0,,,,,,
1771436121.839,0.1,72.04,4.7551,0.998,28.4,3,,,0.03196,0.4695,0.0000,0.4313,0.0000,0.3196,0.2438,0.1931,SAFE,False,10,0,,,,,,
1771436121.839,0.1,72.27,4.7887,0.973,26.6,2,,,0.03138,0.4844,0.0000,0.2784,0.0000,0.3138,0.2164,0.1690,SAFE,False,10,0,,,,,,
1771436121.839,0.1,71.21,4.8005,0.950,25.0,2,,,0.02009,0.4139,0.0000,0.2249,0.0000,0.2009,0.2048,0.1400,SAFE,False,10,0,,,,,,
1771436121.839,0.1,,,,,,,,,,,,,,,0.1400,SAFE,,10,,t2256_0,0.73,NORMAL,LOCAL,SAFE: all tasks permitted (weight=0.73),
1771436121.839,0.1,72.03,4.7883,1.044,31.7,3,,,0.01707,0.4685,0.0000,0.2806,0.0000,0.1707,0.2672,0.1632,SAFE,False,10,0,,,,,,
1771436121.839,0.1,72.02,4.7903,1.016,29.7,3,,,0.01706,0.4679,0.0000,0.2713,0.0000,0.1706,0.2531,0.1591,SAFE,False,10,0,,,,,,
1771436121.839,0.1,,,,,,,,,,,,,,,0.1591,SAFE,,10,,t2258_0,0.48,NORMAL,LOCAL,SAFE: all tasks permitted (weight=0.48),
1771436121.839,0.1,71.05,4.7661,1.067,33.3,3,,,0.01780,0.4034,0.0000,0.3814,0.0000,0.1780,0.2783,0.1714,SAFE,False,10,0,,,,,,
1771436121.839,0.1,70.90,4.7903,1.037,31.2,3,,,0.01770,0.3931,0.0000,0.2715,0.0000,0.1770,0.2634,0.1528,SAFE,False,10,0,,,,,,
1771436121.839,0.1,,,,,,,,,,,,,,,0.1528,SAFE,,10,,t2260_0,0.37,CRITICAL,LOCAL,SAFE: all tasks permitted (weight=0.37),
1771436121.839,0.1,70.83,4.7607,1.068,33.4,3,,,0.01896,0.3885,0.0000,0.4061,0.0000,0.1896,0.2791,0.1742,SAFE,False,10,0,,,,,,
1771436121.839,0.1,70.58,4.7903,1.038,31.3,3,,,0.01863,0.3722,0.0000,0.2713,0.0000,0.1863,0.2641,0.1514,SAFE,False,10,0,,,,,,
1771436121.839,0.1,70.66,4.8044,1.011,29.3,3,,,0.01913,0.3776,0.0000,0.2074,0.0000,0.1913,0.2503,0.1415,SAFE,False,10,0,,,,,,
1771436121.839,0.1,,,,,,,,,,,,,,,0.1415,SAFE,,10,,t2263_0,0.80,LOW,LOCAL,SAFE: all tasks permitted (weight=0.80),
1771436121.839,0.1,71.16,4.7535,1.113,36.7,4,,,0.01718,0.4105,0.0000,0.4384,0.0000,0.1718,0.3166,0.1867,SAFE,False,10,0,,,,,,window_reset|B=10
1771436121.839,0.1,70.17,4.7771,1.080,34.3,3,,,0.01676,0.3444,0.0000,0.3314,0.0000,0.1676,0.2851,0.1582,SAFE,False,10,0,,,,,,
1771436121.839,0.1,,,,,,,,,,,,,,,0.1582,SAFE,,10,,t2265_0,0.21,LOW,LOCAL,SAFE: all tasks permitted (weight=0.21),
1771436121.839,0.1,70.82,4.7711,1.084,34.5,3,,,0.01526,0.3882,0.0000,0.3588,0.0000,0.1526,0.2868,0.1659,SAFE,False,10,0,,,,,,
1771436121.839,0.1,,,,,,,,,,,,,,,0.1659,SAFE,,10,,t2266_0,0.53,LOW,LOCAL,SAFE: all tasks permitted (weight=0.53),
1771436121.839,0.1,,,,,,,,,,,,,,,0.1659,SAFE,,10,,t2266_1,0.28,NORMAL,LOCAL,SAFE: all tasks permitted (weight=0.28),
1771436121.839,0.1,71.08,4.7642,1.183,41.6,4,,,0.01582,0.4053,0.0000,0.3898,0.0000,0.1582,0.3513,0.1854,SAFE,False,10,0,,,,,,
1771436121.839,0.1,71.18,4.8018,1.145,38.9,4,,,0.01596,0.4117,0.0000,0.2192,0.0000,0.1596,0.3323,0.1603,SAFE,False,10,0,,,,,,
1771436121.839,0.1,70.60,4.7444,1.109,36.4,4,,,0.01845,0.3732,0.0000,0.4801,0.0000,0.1845,0.3147,0.1886,SAFE,False,10,0,,,,,,
1771436121.839,0.1,71.18,4.7885,1.077,34.1,3,,,0.01834,0.4121,0.0000,0.2796,0.0000,0.1834,0.2834,0.1608,SAFE,False,10,0,,,,,,
1771436121.839,0.1,71.46,4.7770,1.046,31.9,3,,,0.01809,0.4308,0.0000,0.3317,0.0000,0.1809,0.2682,0.1665,SAFE,False,10,0,,,,,,
1771436121.839,0.1,,,,,,,,,,,,,,,0.1665,SAFE,,10,,t2271_0,0.46,CRITICAL,LOCAL,SAFE: all tasks permitted (weight=0.46),
1771436121.839,0.1,70.84,4.7367,1.093,35.2,4,,,0.02067,0.3895,0.0000,0.5149,0.0000,0.2067,0.3063,0.1956,SAFE,False,10,0,,,,,,
1771436121.839,0.1,,,,,,,,,,,,,,,0.1956,SAFE,,10,,t2272_0,0.27,HIGH,LOCAL,SAFE: all tasks permitted (weight=0.27),
1771436121.839,0.1,71.13,4.7448,1.104,36.0,4,,,0.02186,0.4088,0.0000,0.4783,0.0000,0.2186,0.3120,0.1955,SAFE,False,10,0,,,,,,
1771436121.839,0.1,,,,,,,,,,,,,,,0.1955,SAFE,,10,,t2273_0,0.35,HIGH,LOCAL,SAFE: all tasks permitted (weight=0.35),
1771436121.839,0.1,70.94,4.7308,1.128,37.7,4,,,0.02364,0.3959,0.0000,0.5420,0.0000,0.2364,0.3238,0.2064,SAFE,False,10,0,,,,,,
1771436121.839,0.1,,,,,,,,,,,,,,,0.2064,SAFE,,10,,t2274_0,0.27,LOW,LOCAL,SAFE: all tasks permitted (weight=0.27),
1771436121.839,0.1,71.13,4.7853,1.137,38.4,4,,,0.02157,0.4084,0.0000,0.2940,0.0000,0.2157,0.3286,0.1745,SAFE,False,10,0,,,,,,
1771436121.839,0.1,,,,,,,,,,,,,,,0.1745,SAFE,,10,,t2275_0,0.64,LOW,LOCAL,SAFE: all tasks permitted (weight=0.64),
1771436121.839,0.1,70.34,4.7748,1.204,43.2,5,,,0.02146,0.3563,0.0000,0.3420,0.0000,0.2146,0.3772,0.1841,SAFE,False,10,0,,,,,,
1771436121.840,0.1,71.29,4.7573,1.165,40.4,4,41999.419,12.99558,0.02133,0.4197,0.0000,0.4213,0.0000,0.2133,0.3425,0.1950,SAFE,False,10,0,,,,,,
1771436121.840,0.1,71.51,4.7482,1.128,37.7,4,20005.155,-40.46837,0.02170,0.4342,0.0000,0.4629,0.0000,0.2170,0.3242,0.1988,SAFE,False,10,0,,,,,,
1771436121.840,0.1,71.58,4.7336,1.094,35.3,4,7246.832,-43.55012,0.02313,0.4388,0.0000,0.5290,0.0000,0.2313,0.3072,0.2060,SAFE,False,10,0,,,,,,window_reset|B=10
1771436121.840,0.1,,,,,,,,,,,,,,,0.2060,SAFE,,10,,t2279_0,0.28,HIGH,LOCAL,SAFE: all tasks permitted (weight=0.28),
1771436121.840,0.1,71.58,4.7753,1.108,36.3,4,44185.614,38.73750,0.02014,0.4384,0.0000,0.3395,0.0000,0.2014,0.3141,0.1797,SAFE,False,10,0,,,,,,
1771436121.840,0.1,,,,,,,,,,,,,,,0.1797,SAFE,,10,,t2280_0,0.63,LOW,LOCAL,SAFE: all tasks permitted (weight=0.63),
1771436121.840,0.1,71.56,4.7580,1.177,41.2,4,25591.701,13.30399,0.01971,0.4371,0.0000,0.4180,0.0000,0.1971,0.3484,0.1962,SAFE,False,10,0,,,,,,
1771436121.840,0.1,,,,,,,,,,,,,,,0.1962,SAFE,,10,,t2281_0,0.42,NORMAL,LOCAL,SAFE: all tasks permitted (weight=0.42),
1771436121.840,0.1,71.42,4.7559,1.206,43.3,5,28753.129,25.21538,0.01762,0.4277,0.0000,0.4278,0.0000,0.1762,0.3781,0.2002,SAFE,False,10,0,,,,,,
1771436121.840,0.1,71.83,4.7384,1.167,40.5,4,42423.229,-47.07603,0.01709,0.4554,0.0000,0.5072,0.0000,0.1709,0.3433,0.2063,SAFE,False,10,0,,,,,,
1771436121.840,0.1,,,,,,,,,,,,,,,0.2063,SAFE,,10,,t2283_0,0.69,NORMAL,LOCAL,SAFE: all tasks permitted (weight=0.69),
1771436121.840,0.1,71.75,4.7027,1.241,45.8,5,84417.673,-72.35119,0.02179,0.4498,0.0000,0.6697,0.0000,0.2179,0.3954,0.2419,SAFE,False,10,0,,,,,,
1771436121.840,0.1,,,,,,,,,,,,,,,0.2419,SAFE,,10,,t2284_0,0.40,NORMAL,LOCAL,SAFE: all tasks permitted (weight=0.40),
1771436121.840,0.1,71.95,4.6700,1.264,47.4,5,,,0.03117,0.4631,0.0000,0.8180,0.0000,0.3117,0.4069,0.2745,WARNING,False,10,0,,,,,,
1771436121.840,0.1,,,,,,,,,,,,,,,0.2745,WARNING,,10,,t2285_0,0.33,LOW,OFFLOAD,WARNING: heavy task offloaded (weight=0.33 >= 0.3),
1771436121.840,0.1,71.75,4.7441,1.220,44.3,5,,,0.03091,0.4499,0.0000,0.4813,0.0000,0.3091,0.3851,0.2245,WARNING,False,10,0,,,,,,
1771436121.840,0.1,72.73,4.7643,1.180,41.4,4,,,0.02913,0.5151,0.0000,0.3895,0.0000,0.2913,0.3499,0.2116,WARNING,False,10,0,,,,,,
1771436121.840,0.1,,,,,,,,,,,,,,,0.2116,WARNING,,10,,t2287_0,0.45,NORMAL,OFFLOAD,WARNING: heavy task offloaded (weight=0.45 >= 0.3),
1771436121.840,0.1,72.96,4.7449,1.142,38.7,4,,,0.02760,0.5309,0.0000,0.4779,0.0000,0.2760,0.3310,0.2196,WARNING,False,10,0,,,,,,
1771436121.840,0.1,,,,,,,,,,,,,,,0.2196,WARNING,,10,,t2288_0,0.76,LOW,OFFLOAD,WARNING: heavy task offloaded (weight=0.76 >= 0.3),
1771436121.840,0.1,72.74,4.7851,1.107,36.2,4,,,0.02993,0.5159,0.0000,0.2952,0.0000,0.2993,0.3135,0.1929,WARNING,False,10,0,,,,,,
1771436121.840,0.1,72.47,4.7716,1.075,33.9,3,,,0.03093,0.4980,0.0000,0.3562,0.0000,0.3093,0.2823,0.1934,WARNING,False,10,0,,,,,,
1771436121.840,0.1,71.85,4.7947,1.044,31.7,3,,,0.03350,0.4570,0.0000,0.2515,0.0000,0.3350,0.2671,0.1745,SAFE,False,10,0,,,,,,
1771436121.840,0.1,,,,,,,,,,,,,,,0.1745,SAFE,,10,,t2291_0,0.22,NORMAL,LOCAL,SAFE: all tasks permitted (weight=0.22),
1771436121.840,0.1,72.42,4.8011,1.051,32.2,3,,,0.03578,0.4946,0.0000,0.2222,0.0000,0.3578,0.2707,0.1781,SAFE,False,10,0,,,,,,
1771436121.840,0.1,72.28,4.8213,1.023,30.2,3,39672.729,299.25259,0.04054,0.4854,0.0000,0.1304,0.0000,0.4054,0.2563,0.1670,SAFE,False,10,0,,,,,,
1771436121.840,0.1,,,,,,,,,,,,,,,0.1670,SAFE,,10,,t2293_0,0.72,NORMAL,LOCAL,SAFE: all tasks permitted (weight=0.72),
1771436121.840,0.1,71.45,4.7852,1.112,36.5,4,-35380.510,81.21877,0.04122,0.4301,0.0000,0.2947,0.0000,0.4122,0.3158,0.1943,SAFE,False,10,0,,,,,,window_reset|B=10
1771436121.840,0.1,71.93,4.7597,1.079,34.2,3,-94714.622,-9.16583,0.04070,0.4619,0.0000,0.4106,0.0000,0.4070,0.2843,0.2064,SAFE,False,10,0,,,,,,
1771436121.840,0.1,71.96,4.7946,1.048,32.0,3,-118730.499,98.43249,0.03731,0.4642,0.0000,0.2518,0.0000,0.3731,0.2691,0.1796,SAFE,False,10,0,,,,,,
1771436121.840,0.1,,,,,,,,,,,,,,,0.1796,SAFE,,10,,t2296_0,0.72,CRITICAL,LOCAL,SAFE: all tasks permitted (weight=0.72),
1771436121.840,0.1,71.47,4.7833,1.137,38.3,4,-150838.480,-3.43222,0.02215,0.4312,0.0000,0.3030,0.0000,0.2215,0.3283,0.1789,SAFE,False,10,0,,,,,,
1771436121.840,0.1,,,,,,,,,,,,,,,0.1789,SAFE,,10,,t2297_0,0.24,NORMAL,LOCAL,SAFE: all tasks permitted (weight=0.24),
1771436121.840,0.1,,,,,,,,,,,,,,,0.1789,SAFE,,10,,t2297_1,0.72,NORMAL,LOCAL,SAFE: all tasks permitted (weight=0.72),
1771436121.840,0.1,72.00,4.7004,1.256,46.9,5,-55500.824,-141.03247,0.02987,0.4668,0.0000,0.6802,0.0000,0.2987,0.4031,0.2549,WARNING,False,10,0,,,,,,
1771436121.840,0.1,,,,,,,,,,,,,,,0.2549,WARNING,,10,,t2298_0,0.22,HIGH,LOCAL,WARNING: lightweight task permitted (weight=0.22 < 0.3),
1771436121.840,0.1,,,,,,,,,,,,,,,0.2549,WARNING,,10,,t2298_1,0.29,CRITICAL,LOCAL,WARNING: lightweight task permitted (weight=0.29 < 0.3),
1771436121.840,0.1,72.40,4.6885,1.294,49.6,5,64382.196,-210.05168,0.03838,0.4931,0.0000,0.7341,0.0000,0.3838,0.4222,0.2774,WARNING,False,10,0,,,,,,
1771436121.840,0.1,,,,,,,,,,,,,,,0.2774,WARNING,,10,,t2299_0,0.32,NORMAL,OFFLOAD,WARNING: heavy task offloaded (weight=0.32 >= 0.3),
1771436121.840,0.1,,,,,,,,,,,,,,,0.2774,WARNING,,10,,t2299_1,0.31,LOW,OFFLOAD,WARNING: heavy task offloaded (weight=0.31 >= 0.3),
1771436121.840,0.1,71.95,4.7361,1.249,46.3,5,-56022.065,-128.70562,0.03892,0.4632,0.0000,0.5179,0.0000,0.3892,0.3994,0.2417,WARNING,False,10,0,,,,,,
1771436121.840,0.1,,,,,,,,,,,,,,,0.2417,WARNING,,10,,t2300_0,0.60,NORMAL,OFFLOAD,WARNING: heavy task offloaded (weight=0.60 >= 0.3),
1771436121.840,0.1,72.61,4.7422,1.206,43.3,5,,,0.03920,0.5071,0.0000,0.4900,0.0000,0.3920,0.3781,0.2394,WARNING,False,10,0,,,,,,
1771436121.840,0.1,73.26,4.7522,1.167,40.5,4,,,0.03928,0.5509,0.0000,0.4444,0.0000,0.3928,0.3434,0.2318,WARNING,False,10,0,,,,,,
1771436121.841,0.1,,,,,,,,,,,,,,,0.2318,WARNING,,10,,t2302_0,0.78,CRITICAL,OFFLOAD,WARNING: heavy task offloaded (weight=0.78 >= 0.3),
1771436121.841,0.1,72.95,4.7700,1.130,37.9,4,119887.657,20.14521,0.03822,0.5300,0.0000,0.3638,0.0000,0.3822,0.3250,0.2141,WARNING,False,10,0,,,,,,
1771436121.841,0.1,72.72,4.7774,1.096,35.4,4,89471.882,-33.75956,0.03668,0.5150,0.0000,0.3302,0.0000,0.3668,0.3079,0.2030,WARNING,False,10,0,,,,,,
1771436121.841,0.1,72.33,4.7570,1.064,33.2,3,101400.252,-51.55134,0.03156,0.4888,0.0000,0.4228,0.0000,0.3156,0.2771,0.2006,WARNING,False,10,0,,,,,,
1771436121.841,0.1,72.80,4.7986,1.035,31.0,3,93848.494,192.30528,0.03287,0.5201,0.0000,0.2336,0.0000,0.3287,0.2623,0.1781,SAFE,False,10,0,,,,,,
1771436121.841,0.1,72.01,4.7788,1.007,29.1,3,-45290.962,176.76046,0.03351,0.4674,0.0000,0.3236,0.0000,0.3351,0.2485,0.1814,SAFE,False,10,0,,,,,,
1771436121.841,0.1,,,,,,,,,,,,,,,0.1814,SAFE,,10,,t2307_0,0.44,HIGH,LOCAL,SAFE: all tasks permitted (weight=0.44),
1771436121.841,0.1,71.72,4.8010,1.053,32.3,3,-26934.047,127.09329,0.03416,0.4479,0.0000,0.2227,0.0000,0.3416,0.2714,0.1711,SAFE,False,10,0,,,,,,
1771436121.841,0.1,,,,,,,,,,,,,,,0.1711,SAFE,,10,,t2308_0,0.57,NORMAL,LOCAL,SAFE: all tasks permitted (weight=0.57),
1771436121.841,0.1,71.92,4.7977,1.116,36.8,4,-80977.027,108.71378,0.03529,0.4611,0.0000,0.2375,0.0000,0.3529,0.3178,0.1851,SAFE,False,10,0,,,,,,window_reset|B=10
1771436121.841,0.1,,,,,,,,,,,,,,,0.1851,SAFE,,10,,t2309_0,0.70,NORMAL,LOCAL,SAFE: all tasks permitted (weight=0.70),
1771436121.841,0.1,72.46,4.7431,1.196,42.6,4,-94814.090,-17.93489,0.03118,0.4971,0.0000,0.4861,0.0000,0.3118,0.3581,0.2256,SAFE,False,10,0,,,,,,
1771436121.841,0.1,72.69,4.7369,1.157,39.8,4,,,0.02365,0.5123,0.0000,0.5142,0.0000,0.2365,0.3387,0.2197,SAFE,False,10,0,,,,,,
1771436121.841,0.1,72.38,4.7879,1.121,37.2,4,,,0.02251,0.4920,0.0000,0.2824,0.0000,0.2251,0.3206,0.1824,SAFE,False,10,0,,,,,,
1771436121.841,0.1,71.95,4.7487,1.088,34.8,3,,,0.02190,0.4633,0.0000,0.4604,0.0000,0.2190,0.2889,0.1951,SAFE,False,10,0,,,,,,
1771436121.841,0.1,,,,,,,,,,,,,,,0.1951,SAFE,,10,,t2313_0,0.41,NORMAL,LOCAL,SAFE: all tasks permitted (weight=0.41),
1771436121.841,0.1,72.28,4.7422,1.123,37.4,4,,,0.02277,0.4854,0.0000,0.4902,0.0000,0.2277,0.3217,0.2091,SAFE,False,10,0,,,,,,
1771436121.841,0.1,72.14,4.7777,1.090,35.0,3,,,0.02287,0.4761,0.0000,0.3285,0.0000,0.2287,0.2899,0.1807,SAFE,False,10,0,,,,,,
1771436121.841,0.1,71.98,4.7508,1.058,32.7,3,,,0.02339,0.4656,0.0000,0.4510,0.0000,0.2339,0.2742,0.1927,SAFE,False,10,0,,,,,,
1771436121.841,0.1,72.15,4.7897,1.029,30.7,3,,,0.02381,0.4768,0.0000,0.2741,0.0000,0.2381,0.2596,0.1686,SAFE,False,10,0,,,,,,
1771436121.841,0.1,71.37,4.7920,1.002,28.7,3,,,0.02323,0.4244,0.0000,0.2637,0.0000,0.2323,0.2461,0.1577,SAFE,False,10,0,,,,,,
1771436121.841,0.1,71.51,4.8103,0.977,26.9,2,,,0.02567,0.4343,0.0000,0.1805,0.0000,0.2567,0.2185,0.1449,SAFE,False,10,0,,,,,,
1771436121.841,0.1,71.02,4.8067,0.953,25.2,2,,,0.02622,0.4014,0.0000,0.1970,0.0000,0.2622,0.2067,0.1413,SAFE,False,10,0,,,,,,
1771436121.841,0.1,,,,,,,,,,,,,,,0.1413,SAFE,,10,,t2320_0,0.25,HIGH,LOCAL,SAFE: all tasks permitted (weight=0.25),
1771436121.841,0.1,70.84,4.7560,0.971,26.5,2,,,0.02555,0.3896,0.0000,0.4272,0.0000,0.2555,0.2157,0.1710,SAFE,False,10,0,,,,,,
1771436121.841,0.1,,,,,,,,,,,,,,,0.1710,SAFE,,10,,t2321_0,0.31,LOW,LOCAL,SAFE: all tasks permitted (weight=0.31),
1771436121.841,0.1,71.06,4.8062,0.999,28.5,3,,,0.02593,0.4042,0.0000,0.1991,0.0000,0.2593,0.2443,0.1492,SAFE,False,10,0,,,,,,
1771436121.841,0.1,,,,,,,,,,,,,,,0.1492,SAFE,,10,,t2322_0,0.58,NORMAL,LOCAL,SAFE: all tasks permitted (weight=0.58),
1771436121.841,0.1,,,,,,,,,,,,,,,0.1492,SAFE,,10,,t2322_1,0.49,LOW,LOCAL,SAFE: all tasks permitted (weight=0.49),
1771436121.841,0.1,70.82,4.7619,1.147,39.1,4,,,0.02365,0.3877,0.0000,0.4004,0.0000,0.2365,0.3337,0.1890,SAFE,False,10,0,,,,,,
1771436121.841,0.1,,,,,,,,,,,,,,,0.1890,SAFE,,10,,t2323_0,0.50,LOW,LOCAL,SAFE: all tasks permitted (weight=0.50),
1771436121.841,0.1,71.21,4.7553,1.193,42.4,4,,,0.02417,0.4139,0.0000,0.4304,0.0000,0.2417,0.3566,0.2011,SAFE,False,10,0,,,,,,window_reset|B=10
1771436121.841,0.1,70.30,4.7711,1.155,39.6,4,,,0.02291,0.3531,0.0000,0.3586,0.0000,0.2291,0.3373,0.1794,SAFE,False,10,0,,,,,,
1771436121.841,0.1,,,,,,,,,,,,,,,0.1794,SAFE,,10,,t2325_0,0.66,HIGH,LOCAL,SAFE: all tasks permitted (weight=0.66),
1771436121.841,0.1,71.71,4.7309,1.226,44.7,5,,,0.02448,0.4472,0.0000,0.5412,0.0000,0.2448,0.3880,0.2261,SAFE,False,10,0,,,,,,
1771436121.842,0.1,,,,,,,,,,,,,,,0.2261,SAFE,,10,,t2326_0,0.64,HIGH,LOCAL,SAFE: all tasks permitted (weight=0.64),
1771436121.842,0.1,71.37,4.6929,1.289,49.2,5,-8377.430,-116.77211,0.03347,0.4249,0.0000,0.7142,0.0000,0.3347,0.4195,0.2612,WARNING,False,10,0,,,,,,
1771436121.842,0.1,71.71,4.7412,1.244,46.0,5,41209.650,-65.07625,0.03400,0.4474,0.0000,0.4944,0.0000,0.3400,0.3968,0.2313,WARNING,False,10,0,,,,,,
1771436121.842,0.1,,,,,,,,,,,,,,,0.2313,WARNING,,10,,t2328_0,0.76,NORMAL,OFFLOAD,WARNING: heavy task offloaded (weight=0.76 >= 0.3),
1771436121.842,0.1,71.90,4.7076,1.202,43.0,4,63238.898,-48.11178,0.03703,0.4603,0.0000,0.6471,0.0000,0.3703,0.3608,0.2485,WARNING,False,10,0,,,,,,
1771436121.842,0.1,71.85,4.7485,1.162,40.2,4,47145.942,-57.38191,0.03594,0.4569,0.0000,0.4613,0.0000,0.3594,0.3412,0.2190,WARNING,False,10,0,,,,,,
1771436121.842,0.1,71.61,4.7430,1.126,37.6,4,47072.093,-18.83234,0.03231,0.4403,0.0000,0.4865,0.0000,0.3231,0.3230,0.2130,WARNING,False,10,0,,,,,,
1771436121.842,0.1,,,,,,,,,,,,,,,0.2130,WARNING,,10,,t2331_0,0.47,NORMAL,OFFLOAD,WARNING: heavy task offloaded (weight=0.47 >= 0.3),
1771436121.842,0.1,72.43,4.7901,1.092,35.1,4,72891.526,34.61340,0.03023,0.4953,0.0000,0.2722,0.0000,0.3023,0.3060,0.1863,WARNING,False,10,0,,,,,,
1771436121.842,0.1,,,,,,,,,,,,,,,0.1863,WARNING,,10,,t2332_0,0.22,CRITICAL,LOCAL,WARNING: lightweight task permitted (weight=0.22 < 0.3),
1771436121.842,0.1,,,,,,,,,,,,,,,0.1863,WARNING,,10,,t2332_1,0.39,LOW,OFFLOAD,WARNING: heavy task offloaded (weight=0.39 >= 0.3),
1771436121.842,0.1,72.10,4.7748,1.097,35.5,4,107630.718,3.67190,0.03096,0.4733,0.0000,0.3418,0.0000,0.3096,0.3085,0.1939,WARNING,False,10,0,,,,,,
1771436121.842,0.1,71.59,4.7835,1.065,33.2,3,-6876.214,52.28682,0.02815,0.4395,0.0000,0.3022,0.0000,0.2815,0.2776,0.1757,SAFE,False,10,0,,,,,,
1771436121.842,0.1,,,,,,,,,,,,,,,0.1757,SAFE,,10,,t2334_0,0.32,HIGH,LOCAL,SAFE: all tasks permitted (weight=0.32),
1771436121.842,0.1,71.47,4.7695,1.088,34.8,3,,,0.02850,0.4314,0.0000,0.3659,0.0000,0.2850,0.2888,0.1856,SAFE,False,10,0,,,,,,
1771436121.842,0.1,71.58,4.7922,1.056,32.6,3,,,0.03072,0.4385,0.0000,0.2629,0.0000,0.3072,0.2732,0.1722,SAFE,False,10,0,,,,,,
1771436121.842,0.1,,,,,,,,,,,,,,,0.1722,SAFE,,10,,t2336_0,0.73,HIGH,LOCAL,SAFE: all tasks permitted (weight=0.73),
1771436121.842,0.1,71.53,4.7671,1.147,39.1,4,,,0.03056,0.4355,0.0000,0.3768,0.0000,0.3056,0.3334,0.1985,SAFE,False,10,0,,,,,,
1771436121.842,0.1,71.01,4.7702,1.111,36.5,4,,,0.03007,0.4004,0.0000,0.3628,0.0000,0.3007,0.3157,0.1884,SAFE,False,10,0,,,,,,
1771436121.842,0.1,,,,,,,,,,,,,,,0.1884,SAFE,,10,,t2338_0,0.40,CRITICAL,LOCAL,SAFE: all tasks permitted (weight=0.40),
1771436121.842,0.1,71.96,4.7656,1.144,38.9,4,,,0.02312,0.4638,0.0000,0.3836,0.0000,0.2312,0.3321,0.1950,SAFE,False,10,0,,,,,,window_reset|B=10
1771436121.842,0.1,72.17,4.7904,1.109,36.4,4,,,0.02329,0.4780,0.0000,0.2711,0.0000,0.2329,0.3145,0.1788,SAFE,False,10,0,,,,,,
1771436121.842,0.1,71.93,4.7866,1.076,34.0,3,,,0.01546,0.4622,0.0000,0.2881,0.0000,0.1546,0.2831,0.1650,SAFE,False,10,0,,,,,,
1771436121.842,0.1,71.65,4.7399,1.046,31.8,3,,,0.01674,0.4431,0.0000,0.5002,0.0000,0.1674,0.2679,0.1885,SAFE,False,10,0,,,,,,
1771436121.842,0.1,,,,,,,,,,,,,,,0.1885,SAFE,,10,,t2342_0,0.55,CRITICAL,LOCAL,SAFE: all tasks permitted (weight=0.55),
1771436121.842,0.1,,,,,,,,,,,,,,,0.1885,SAFE,,10,,t2342_1,0.32,HIGH,LOCAL,SAFE: all tasks permitted (weight=0.32),
1771436121.842,0.1,72.13,4.7436,1.159,39.9,4,,,0.01665,0.4752,0.0000,0.4836,0.0000,0.1665,0.3393,0.2044,SAFE,False,10,0,,,,,,
1771436121.842,0.1,72.04,4.7813,1.122,37.3,4,,,0.01605,0.4692,0.0000,0.3121,0.0000,0.1605,0.3212,0.1772,SAFE,False,10,0,,,,,,
1771436121.842,0.1,,,,,,,,,,,,,,,0.1772,SAFE,,10,,t2344_0,0.21,HIGH,LOCAL,SAFE: all tasks permitted (weight=0.21),
1771436121.842,0.1,71.93,4.7799,1.122,37.3,4,,,0.01619,0.4622,0.0000,0.3186,0.0000,0.1619,0.3212,0.1773,SAFE,False,10,0,,,,,,
1771436121.842,0.1,71.61,4.7953,1.089,34.9,3,,,0.01715,0.4406,0.0000,0.2487,0.0000,0.1715,0.2894,0.1602,SAFE,False,10,0,,,,,,
1771436121.842,0.1,71.88,4.8032,1.057,32.7,3,,,0.01895,0.4585,0.0000,0.2125,0.0000,0.1895,0.2737,0.1563,SAFE,False,10,0,,,,,,
1771436121.842,0.1,71.98,4.7671,1.028,30.6,3,,,0.01845,0.4651,0.0000,0.3766,0.0000,0.1845,0.2592,0.1751,SAFE,False,10,0,,,,,,
1771436121.842,0.1,71.44,4.7795,1.001,28.7,3,,,0.01837,0.4293,0.0000,0.3203,0.0000,0.1837,0.2457,0.1607,SAFE,False,10,0,,,,,,
1771436121.842,0.1,70.72,4.8364,0.976,26.9,2,,,0.02484,0.3810,0.0000,0.0616,0.0000,0.2484,0.2181,0.1222,SAFE,False,10,0,,,,,,
1771436121.842,0.1,,,,,,,,,,,,,,,0.1222,SAFE,,10,,t2350_0,0.49,NORMAL,LOCAL,SAFE: all tasks permitted (weight=0.49),
1771436121.842,0.1,70.60,4.7800,1.033,30.9,3,,,0.02443,0.3731,0.0000,0.3180,0.0000,0.2443,0.2615,0.1628,SAFE,False,10,0,,,,,,
1771436121.842,0.1,70.84,4.7773,1.006,29.0,3,,,0.02432,0.3896,0.0000,0.3307,0.0000,0.2432,0.2478,0.1636,SAFE,False,10,0,,,,,,
1771436121.842,0.1,,,,,,,,,,,,,,,0.1636,SAFE,,10,,t2352_0,0.78,HIGH,LOCAL,SAFE: all tasks permitted (weight=0.78),
1771436121.842,0.1,70.39,4.7467,1.108,36.3,4,,,0.02598,0.3592,0.0000,0.4696,0.0000,0.2598,0.3138,0.1929,SAFE,False,10,0,,,,,,
1771436121.842,0.1,,,,,,,,,,,,,,,0.1929,SAFE,,10,,t2353_0,0.85,NORMAL,LOCAL,SAFE: all tasks permitted (weight=0.85),
1771436121.842,0.1,70.66,4.7422,1.213,43.8,5,,,0.02572,0.3775,0.0000,0.4901,0.0000,0.2572,0.3815,0.2110,SAFE,False,10,0,,,,,,window_reset|B=10
1771436121.842,0.1,,,,,,,,,,,,,,,0.2110,SAFE,,10,,t2354_0,0.31,NORMAL,LOCAL,SAFE: all tasks permitted (weight=0.31),
1771436121.842,0.1,71.36,4.7182,1.224,44.6,5,,,0.02924,0.4243,0.0000,0.5990,0.0000,0.2924,0.3871,0.2354,SAFE,False,10,0,,,,,,
1771436121.842,0.1,,,,,,,,,,,,,,,0.2354,SAFE,,10,,t2355_0,0.71,NORMAL,LOCAL,SAFE: all tasks permitted (weight=0.71),
1771436121.842,0.1,71.36,4.6897,1.299,49.9,5,,,0.03754,0.4239,0.0000,0.7289,0.0000,0.3754,0.4245,0.2681,WARNING,False,10,0,,,,,,
1771436121.843,0.1,,,,,,,,,,,,,,,0.2681,WARNING,,10,,t2356_0,0.63,HIGH,OFFLOAD,WARNING: heavy task offloaded (weight=0.63 >= 0.3),
1771436121.843,0.1,71.46,4.7408,1.253,46.6,5,1409.129,-38.75645,0.03806,0.4309,0.0000,0.4964,0.0000,0.3806,0.4015,0.2346,WARNING,False,10,0,,,,,,
1771436121.843,0.1,72.30,4.7140,1.210,43.6,5,95228.748,-122.49282,0.03923,0.4867,0.0000,0.6180,0.0000,0.3923,0.3802,0.2540,WARNING,False,10,0,,,,,,
1771436121.843,0.1,,,,,,,,,,,,,,,0.2540,WARNING,,10,,t2358_0,0.65,HIGH,OFFLOAD,WARNING: heavy task offloaded (weight=0.65 >= 0.3),
1771436121.843,0.1,72.33,4.7232,1.171,40.8,4,103998.438,-56.88187,0.03773,0.4886,0.0000,0.5764,0.0000,0.3773,0.3453,0.2403,WARNING,False,10,0,,,,,,
1771436121.843,0.1,72.18,4.7281,1.134,38.1,4,80035.761,-49.21248,0.03791,0.4784,0.0000,0.5542,0.0000,0.3791,0.3268,0.2327,WARNING,False,10,0,,,,,,
1771436121.843,0.1,,,,,,,,,,,,,,,0.2327,WARNING,,10,,t2360_0,0.49,LOW,OFFLOAD,WARNING: heavy task offloaded (weight=0.49 >= 0.3),
1771436121.843,0.1,72.28,4.7876,1.099,35.7,4,113738.844,40.95907,0.03853,0.4855,0.0000,0.2836,0.0000,0.3853,0.3096,0.1956,WARNING,False,10,0,,,,,,
1771436121.843,0.1,,,,,,,,,,,,,,,0.1956,WARNING,,10,,t2361_0,0.41,HIGH,OFFLOAD,WARNING: heavy task offloaded (weight=0.41 >= 0.3),
1771436121.843,0.1,71.63,4.7625,1.067,33.4,3,58259.397,20.35286,0.02865,0.4421,0.0000,0.3976,0.0000,0.2865,0.2786,0.1891,WARNING,False,10,0,,,,,,
1771436121.843,0.1,,,,,,,,,,,,,,,0.1891,WARNING,,10,,t2362_0,0.25,HIGH,LOCAL,WARNING: lightweight task permitted (weight=0.25 < 0.3),
1771436121.843,0.1,71.68,4.7707,1.079,34.2,3,18945.362,52.50571,0.02773,0.4453,0.0000,0.3606,0.0000,0.2773,0.2843,0.1849,WARNING,False,10,0,,,,,,
1771436121.843,0.1,,,,,,,,,,,,,,,0.1849,WARNING,,10,,t2363_0,0.23,LOW,LOCAL,WARNING: lightweight task permitted (weight=0.23 < 0.3),
1771436121.843,0.1,71.92,4.7681,1.086,34.7,3,33972.518,78.53958,0.02685,0.4616,0.0000,0.3721,0.0000,0.2685,0.2878,0.1882,WARNING,False,10,0,,,,,,
1771436121.843,0.1,71.72,4.7868,1.055,32.5,3,,,0.02970,0.4483,0.0000,0.2874,0.0000,0.2970,0.2723,0.1753,SAFE,False,10,0,,,,,,
1771436121.843,0.1,71.56,4.8218,1.026,30.4,3,,,0.03657,0.4375,0.0000,0.1282,0.0000,0.3657,0.2579,0.1573,SAFE,False,10,0,,,,,,
1771436121.843,0.1,,,,,,,,,,,,,,,0.1573,SAFE,,10,,t2366_0,0.45,LOW,LOCAL,SAFE: all tasks permitted (weight=0.45),
1771436121.843,0.1,70.97,4.7913,1.073,33.8,3,,,0.03670,0.3981,0.0000,0.2670,0.0000,0.3670,0.2814,0.1754,SAFE,False,10,0,,,,,,
1771436121.843,0.1,71.29,4.7907,1.043,31.6,3,,,0.03149,0.4194,0.0000,0.2697,0.0000,0.3149,0.2663,0.1701,SAFE,False,10,0,,,,,,
1771436121.843,0.1,,,,,,,,,,,,,,,0.1701,SAFE,,10,,t2368_0,0.63,LOW,LOCAL,SAFE: all tasks permitted (weight=0.63),
1771436121.843,0.1,71.70,4.7684,1.118,37.0,4,,,0.03060,0.4465,0.0000,0.3710,0.0000,0.3060,0.3188,0.1962,SAFE,False,10,0,,,,,,window_reset|B=10
1771436121.843,0.1,71.50,4.7611,1.084,34.6,3,,,0.02615,0.4336,0.0000,0.4039,0.0000,0.2615,0.2872,0.1881,SAFE,False,10,0,,,,,,
1771436121.843,0.1,,,,,,,,,,,,,,,0.1881,SAFE,,10,,t2370_0,0.73,NORMAL,LOCAL,SAFE: all tasks permitted (weight=0.73),
1771436121.843,0.1,71.55,4.7550,1.172,40.9,4,,,0.02246,0.4366,0.0000,0.4320,0.0000,0.2246,0.3462,0.2003,SAFE,False,10,0,,,,,,
1771436121.843,0.1,,,,,,,,,,,,,,,0.2003,SAFE,,10,,t2371_0,0.31,NORMAL,LOCAL,SAFE: all tasks permitted (weight=0.31),
1771436121.843,0.1,71.72,4.7574,1.186,41.9,4,,,0.01855,0.4479,0.0000,0.4209,0.0000,0.1855,0.3531,0.1976,SAFE,False,10,0,,,,,,
1771436121.843,0.1,71.53,4.7757,1.148,39.2,4,,,0.01826,0.4354,0.0000,0.3376,0.0000,0.1826,0.3341,0.1812,SAFE,False,10,0,,,,,,
1771436121.843,0.1,71.44,4.7544,1.113,36.6,4,,,0.01887,0.4292,0.0000,0.4344,0.0000,0.1887,0.3164,0.1901,SAFE,False,10,0,,,,,,
1771436121.843,0.1,71.86,4.7828,1.080,34.3,3,,,0.01893,0.4573,0.0000,0.3056,0.0000,0.1893,0.2849,0.1705,SAFE,False,10,0,,,,,,
1771436121.843,0.1,71.25,4.7941,1.049,32.1,3,,,0.01938,0.4164,0.0000,0.2539,0.0000,0.1938,0.2696,0.1563,SAFE,False,10,0,,,,,,
1771436121.843,0.1,71.39,4.7854,1.021,30.0,3,,,0.01933,0.4260,0.0000,0.2938,0.0000,0.1933,0.2553,0.1597,SAFE,False,10,0,,,,,,
1771436121.843,0.1,,,,,,,,,,,,,,,0.1597,SAFE,,10,,t2377_0,0.51,NORMAL,LOCAL,SAFE: all tasks permitted (weight=0.51),
1771436121.843,0.1,,,,,,,,,,,,,,,0.1597,SAFE,,10,,t2377_1,0.69,NORMAL,LOCAL,SAFE: all tasks permitted (weight=0.69),
1771436121.843,0.1,71.47,4.7147,1.191,42.2,4,,,0.02171,0.4310,0.0000,0.6151,0.0000,0.2171,0.3554,0.2245,SAFE,False,10,0,,,,,,
1771436121.843,0.1,,,,,,,,,,,,,,,0.2245,SAFE,,10,,t2378_0,0.49,NORMAL,LOCAL,SAFE: all tasks permitted (weight=0.49),
1771436121.843,0.1,71.67,4.7079,1.233,45.2,5,,,0.02639,0.4449,0.0000,0.6461,0.0000,0.2639,0.3913,0.2420,SAFE,False,10,0,,,,,,
1771436121.843,0.1,,,,,,,,,,,,,,,0.2420,SAFE,,10,,t2379_0,0.21,CRITICAL,LOCAL,SAFE: all tasks permitted (weight=0.21),
1771436121.843,0.1,,,,,,,,,,,,,,,0.2420,SAFE,,10,,t2379_1,0.53,NORMAL,LOCAL,SAFE: all tasks permitted (weight=0.53),
1771436121.843,0.1,72.32,4.7162,1.312,50.9,5,,,0.02771,0.4881,0.0000,0.6081,0.0000,0.2771,0.4311,0.2516,WARNING,False,10,0,,,,,,
1771436121.843,0.1,71.96,4.7226,1.265,47.5,5,,,0.02888,0.4638,0.0000,0.5789,0.0000,0.2888,0.4077,0.2413,WARNING,False,10,0,,,,,,
1771436121.843,0.1,,,,,,,,,,,,,,,0.2413,WARNING,,10,,t2381_0,0.72,HIGH,OFFLOAD,WARNING: heavy task offloaded (weight=0.72 >= 0.3),
1771436121.843,0.1,72.61,4.7217,1.222,44.4,5,,,0.02991,0.5076,0.0000,0.5831,0.0000,0.2991,0.3859,0.2438,WARNING,False,10,0,,,,,,
1771436121.843,0.1,72.43,4.7308,1.181,41.5,4,,,0.03025,0.4953,0.0000,0.5420,0.0000,0.3025,0.3506,0.2303,WARNING,False,10,0,,,,,,
1771436121.843,0.1,,,,,,,,,,,,,,,0.2303,WARNING,,10,,t2383_0,0.30,LOW,LOCAL,WARNING: lightweight task permitted (weight=0.30 < 0.3),
1771436121.843,0.1,72.70,4.7239,1.193,42.3,4,,,0.03070,0.5136,0.0000,0.5731,0.0000,0.3070,0.3563,0.2381,WARNING,False,10,0,,,,,,window_reset|B=10
1771436121.843,0.1,,,,,,,,,,,,,,,0.2381,WARNING,,10,,t2384_0,0.82,NORMAL,OFFLOAD,WARNING: heavy task offloaded (weight=0.82 >= 0.3),
1771436121.843,0.1,73.06,4.7683,1.154,39.6,4,,,0.03013,0.5375,0.0000,0.3712,0.0000,0.3013,0.3370,0.2103,WARNING,False,10,0,,,,,,
1771436121.843,0.1,,,,,,,,,,,,,,,0.2103,WARNING,,10,,t2385_0,0.69,NORMAL,OFFLOAD,WARNING: heavy task offloaded (weight=0.69 >= 0.3),
1771436121.843,0.1,72.96,4.7606,1.118,37.0,4,,,0.03037,0.5308,0.0000,0.4062,0.0000,0.3037,0.3191,0.2107,WARNING,False,10,0,,,,,,
1771436121.844,0.1,,,,,,,,,,,,,,,0.2107,WARNING,,10,,t2386_0,0.22,LOW,LOCAL,WARNING: lightweight task permitted (weight=0.22 < 0.3),
1771436121.844,0.1,72.74,4.7388,1.120,37.2,4,63961.186,30.99864,0.02804,0.5160,0.0000,0.5053,0.0000,0.2804,0.3202,0.2197,WARNING,False,10,0,,,,,,
1771436121.844,0.1,,,,,,,,,,,,,,,0.2197,WARNING,,10,,t2387_0,0.23,NORMAL,LOCAL,WARNING: lightweight task permitted (weight=0.23 < 0.3),
1771436121.844,0.1,72.94,4.6554,1.125,37.5,4,37136.947,-60.82349,0.03185,0.5294,0.0000,0.8845,0.0000,0.3185,0.3225,0.2749,WARNING,False,10,0,,,,,,
1771436121.844,0.1,,,,,,,,,,,,,,,0.2749,WARNING,,10,,t2388_0,0.63,LOW,OFFLOAD,WARNING: heavy task offloaded (weight=0.63 >= 0.3),
1771436121.844,0.1,72.72,4.7559,1.091,35.1,4,45655.652,33.29357,0.02835,0.5145,0.0000,0.4276,0.0000,0.2835,0.3056,0.2068,WARNING,False,10,0,,,,,,
1771436121.844,0.1,73.18,4.7817,1.060,32.8,3,34221.583,60.02604,0.03187,0.5456,0.0000,0.3103,0.0000,0.3187,0.2749,0.1927,WARNING,False,10,0,,,,,,
1771436121.844,0.1,,,,,,,,,,,,,,,0.1927,WARNING,,10,,t2390_0,0.84,HIGH,OFFLOAD,WARNING: heavy task offloaded (weight=0.84 >= 0.3),
1771436121.844,0.1,71.85,4.7697,1.031,30.8,3,-34498.309,38.91975,0.03254,0.4570,0.0000,0.3651,0.0000,0.3254,0.2603,0.1869,WARNING,False,10,0,,,,,,
1771436121.844,0.1,71.87,4.8196,1.003,28.8,3,-50195.651,95.66899,0.03891,0.4578,0.0000,0.1383,0.0000,0.3891,0.2467,0.1612,SAFE,False,10,0,,,,,,
1771436121.844,0.1,,,,,,,,,,,,,,,0.1612,SAFE,,10,,t2392_0,0.77,CRITICAL,LOCAL,SAFE: all tasks permitted (weight=0.77),
1771436121.844,0.1,72.00,4.7690,1.105,36.1,4,-63548.927,0.67034,0.03873,0.4669,0.0000,0.3682,0.0000,0.3873,0.3126,0.2051,SAFE,False,10,0,,,,,,
1771436121.844,0.1,,,,,,,,,,,,,,,0.2051,SAFE,,10,,t2393_0,0.74,LOW,LOCAL,SAFE: all tasks permitted (weight=0.74),
1771436121.844,0.1,,,,,,,,,,,,,,,0.2051,SAFE,,10,,t2393_1,0.55,HIGH,LOCAL,SAFE: all tasks permitted (weight=0.55),
1771436121.844,0.1,72.14,4.7079,1.285,48.9,5,-49040.996,-52.72472,0.03973,0.4763,0.0000,0.6458,0.0000,0.3973,0.4174,0.2643,WARNING,False,10,0,,,,,,
1771436121.844,0.1,,,,,,,,,,,,,,,0.2643,WARNING,,10,,t2394_0,0.45,NORMAL,OFFLOAD,WARNING: heavy task offloaded (weight=0.45 >= 0.3),
1771436121.844,0.1,72.70,4.7363,1.240,45.7,5,,,0.03955,0.5131,0.0000,0.5168,0.0000,0.3955,0.3949,0.2473,WARNING,False,10,0,,,,,,
1771436121.844,0.1,,,,,,,,,,,,,,,0.2473,WARNING,,10,,t2395_0,0.44,NORMAL,OFFLOAD,WARNING: heavy task offloaded (weight=0.44 >= 0.3),
1771436121.844,0.1,72.64,4.7634,1.198,42.7,4,,,0.03897,0.5095,0.0000,0.3938,0.0000,0.3897,0.3590,0.2231,WARNING,False,10,0,,,,,,
1771436121.844,0.1,,,,,,,,,,,,,,,0.2231,WARNING,,10,,t2396_0,0.81,HIGH,OFFLOAD,WARNING: heavy task offloaded (weight=0.81 >= 0.3),
1771436121.844,0.1,73.01,4.7476,1.159,39.9,4,,,0.03868,0.5339,0.0000,0.4656,0.0000,0.3868,0.3395,0.2312,WARNING,False,10,0,,,,,,
1771436121.844,0.1,,,,,,,,,,,,,,,0.2312,WARNING,,10,,t2397_0,0.46,HIGH,OFFLOAD,WARNING: heavy task offloaded (weight=0.46 >= 0.3),
1771436121.844,0.1,,,,,,,,,,,,,,,0.2312,WARNING,,10,,t2397_1,0.67,LOW,OFFLOAD,WARNING: heavy task offloaded (weight=0.67 >= 0.3),
1771436121.844,0.1,72.62,4.7762,1.123,37.3,4,,,0.03925,0.5078,0.0000,0.3353,0.0000,0.3925,0.3214,0.2081,WARNING,False,10,0,,,,,,
1771436121.844,0.1,,,,,,,,,,,,,,,0.2081,WARNING,,10,,t2398_0,0.54,CRITICAL,OFFLOAD,WARNING: heavy task offloaded (weight=0.54 >= 0.3),
1771436121.844,0.1,72.46,4.7777,1.089,34.9,3,,,0.03965,0.4975,0.0000,0.3287,0.0000,0.3965,0.2896,0.2000,WARNING,False,10,0,,,,,,window_reset|B=10
1771436121.844,0.1,72.38,4.8007,1.058,32.7,3,,,0.02779,0.4918,0.0000,0.2242,0.0000,0.2779,0.2740,0.1708,SAFE,False,10,0,,,,,,
1771436121.844,0.1,,,,,,,,,,,,,,,0.1708,SAFE,,10,,t2400_0,0.77,CRITICAL,LOCAL,SAFE: all tasks permitted (weight=0.77),
1771436121.844,0.1,,,,,,,,,,,,,,,0.1708,SAFE,,10,,t2400_1,0.72,HIGH,LOCAL,SAFE: all tasks permitted (weight=0.72),
1771436121.844,0.1,,,,,,,,,,,,,,,0.1708,SAFE,,10,,t2400_2,0.28,LOW,LOCAL,SAFE: all tasks permitted (weight=0.28),
1771436121.844,0.1,,,,,,,,,,,,,,,0.1708,SAFE,,10,,t2400_3,0.30,LOW,LOCAL,SAFE: all tasks permitted (weight=0.30),
1771436121.844,0.1,73.43,4.6949,1.370,55.0,6,,,0.03422,0.5623,0.0000,0.7049,0.0000,0.3422,0.4748,0.2883,WARNING,False,10,0,,,,,,
1771436121.844,0.1,,,,,,,,,,,,,,,0.2883,WARNING,,10,,t2401_0,0.42,LOW,OFFLOAD,WARNING: heavy task offloaded (weight=0.42 >= 0.3),
1771436121.844,0.1,73.64,4.7046,1.319,51.3,6,,,0.03705,0.5759,0.0000,0.6611,0.0000,0.3705,0.4494,0.2820,WARNING,False,10,0,,,,,,
1771436121.844,0.1,,,,,,,,,,,,,,,0.2820,WARNING,,10,,t2402_0,0.43,HIGH,OFFLOAD,WARNING: heavy task offloaded (weight=0.43 >= 0.3),
1771436121.844,0.1,73.38,4.6973,1.271,48.0,5,,,0.04004,0.5590,0.0000,0.6943,0.0000,0.4004,0.4107,0.2795,WARNING,False,10,0,,,,,,
1771436121.844,0.1,,,,,,,,,,,,,,,0.2795,WARNING,,10,,t2403_0,0.33,CRITICAL,OFFLOAD,WARNING: heavy task offloaded (weight=0.33 >= 0.3),
1771436121.844,0.1,73.53,4.6949,1.227,44.8,5,,,0.03656,0.5689,0.0000,0.7049,0.0000,0.3656,0.3887,0.2742,WARNING,False,10,0,,,,,,
1771436121.845,0.1,73.86,4.7127,1.186,41.9,4,50835.562,-34.76070,0.03604,0.5905,0.0000,0.6240,0.0000,0.3604,0.3532,0.2587,WARNING,False,10,0,,,,,,
1771436121.845,0.1,74.32,4.7624,1.148,39.2,4,102080.633,-13.78212,0.03584,0.6215,0.0000,0.3981,0.0000,0.3584,0.3341,0.2290,WARNING,False,10,0,,,,,,
1771436121.845,0.1,73.58,4.7493,1.113,36.6,4,67107.660,-28.34330,0.03594,0.5722,0.0000,0.4579,0.0000,0.3594,0.3164,0.2274,WARNING,False,10,0,,,,,,
1771436121.845,0.1,73.74,4.7590,1.080,34.3,3,81585.721,-41.53205,0.03572,0.5827,0.0000,0.4135,0.0000,0.3572,0.2849,0.2164,WARNING,False,10,0,,,,,,
1771436121.845,0.1,,,,,,,,,,,,,,,0.2164,WARNING,,10,,t2408_0,0.42,NORMAL,OFFLOAD,WARNING: heavy task offloaded (weight=0.42 >= 0.3),
1771436121.845,0.1,73.50,4.7551,1.049,32.1,3,4157.273,59.99248,0.03592,0.5669,0.0000,0.4315,0.0000,0.3592,0.2696,0.2140,WARNING,False,10,0,,,,,,
1771436121.845,0.1,,,,,,,,,,,,,,,0.2140,WARNING,,10,,t2409_0,0.53,NORMAL,OFFLOAD,WARNING: heavy task offloaded (weight=0.53 >= 0.3),
1771436121.845,0.1,72.57,4.8034,1.021,30.0,3,-64219.462,98.55674,0.03884,0.5044,0.0000,0.2120,0.0000,0.3884,0.2553,0.1780,SAFE,False,10,0,,,,,,
1771436121.845,0.1,73.02,4.8054,0.994,28.2,3,-21896.612,107.86285,0.04158,0.5346,0.0000,0.2027,0.0000,0.4158,0.2421,0.1805,SAFE,False,10,0,,,,,,
1771436121.845,0.1,72.98,4.8010,0.970,26.4,2,-33203.785,105.85431,0.04162,0.5319,0.0000,0.2225,0.0000,0.4162,0.2148,0.1773,SAFE,False,10,0,,,,,,
1771436121.845,0.1,,,,,,,,,,,,,,,0.1773,SAFE,,10,,t2412_0,0.37,NORMAL,LOCAL,SAFE: all tasks permitted (weight=0.37),
1771436121.845,0.1,72.33,4.7872,1.008,29.2,3,,,0.04015,0.4887,0.0000,0.2856,0.0000,0.4015,0.2492,0.1858,SAFE,False,10,0,,,,,,
1771436121.845,0.1,72.31,4.8260,0.983,27.3,3,,,0.04201,0.4876,0.0000,0.1091,0.0000,0.4201,0.2364,0.1620,SAFE,False,10,0,,,,,,window_reset|B=10
1771436121.845,0.1,,,,,,,,,,,,,,,0.1620,SAFE,,10,,t2414_0,0.22,NORMAL,LOCAL,SAFE: all tasks permitted (weight=0.22),
1771436121.845,0.1,71.94,4.8411,0.995,28.2,3,,,0.04212,0.4625,0.0000,0.0403,0.0000,0.4212,0.2425,0.1514,SAFE,False,10,0,,,,,,
1771436121.845,0.1,71.86,4.8210,0.970,26.5,2,,,0.03620,0.4572,0.0000,0.1318,0.0000,0.3620,0.2152,0.1512,SAFE,False,10,0,,,,,,
1771436121.845,0.1,,,,,,,,,,,,,,,0.1512,SAFE,,10,,t2416_0,0.42,HIGH,LOCAL,SAFE: all tasks permitted (weight=0.42),
1771436121.845,0.1,71.16,4.8185,1.017,29.8,3,,,0.02976,0.4105,0.0000,0.1432,0.0000,0.2976,0.2534,0.1483,SAFE,False,10,0,,,,,,
1771436121.845,0.1,,,,,,,,,,,,,,,0.1483,SAFE,,10,,t2417_0,0.60,NORMAL,LOCAL,SAFE: all tasks permitted (weight=0.60),
1771436121.845,0.1,71.22,4.7748,1.090,35.0,3,,,0.02884,0.4146,0.0000,0.3419,0.0000,0.2884,0.2900,0.1810,SAFE,False,10,0,,,,,,
1771436121.845,0.1,,,,,,,,,,,,,,,0.1810,SAFE,,10,,t2418_0,0.84,NORMAL,LOCAL,SAFE: all tasks permitted (weight=0.84),
1771436121.845,0.1,71.33,4.7279,1.198,42.7,4,,,0.03210,0.4220,0.0000,0.5551,0.0000,0.3210,0.3591,0.2267,SAFE,False,10,0,,,,,,
1771436121.845,0.1,,,,,,,,,,,,,,,0.2267,SAFE,,10,,t2419_0,0.35,NORMAL,LOCAL,SAFE: all tasks permitted (weight=0.35),
1771436121.845,0.1,72.07,4.7394,1.217,44.1,5,,,0.03424,0.4711,0.0000,0.5027,0.0000,0.3424,0.3835,0.2328,SAFE,False,10,0,,,,,,
1771436121.845,0.1,,,,,,,,,,,,,,,0.2328,SAFE,,10,,t2420_0,0.54,NORMAL,LOCAL,SAFE: all tasks permitted (weight=0.54),
1771436121.845,0.1,72.15,4.7505,1.266,47.5,5,,,0.03467,0.4769,0.0000,0.4525,0.0000,0.3467,0.4078,0.2323,SAFE,False,10,0,,,,,,
1771436121.845,0.1,,,,,,,,,,,,,,,0.2323,SAFE,,10,,t2421_0,0.51,LOW,LOCAL,SAFE: all tasks permitted (weight=0.51),
1771436121.845,0.1,71.98,4.7029,1.306,50.5,5,,,0.04210,0.4652,0.0000,0.6688,0.0000,0.4210,0.4282,0.2705,WARNING,False,10,0,,,,,,
1771436121.845,0.1,,,,,,,,,,,,,,,0.2705,WARNING,,10,,t2422_0,0.49,HIGH,OFFLOAD,WARNING: heavy task offloaded (weight=0.49 >= 0.3),
1771436121.845,0.1,72.32,4.6577,1.260,47.1,5,,,0.05372,0.4880,0.0000,0.8739,0.0000,0.5372,0.4050,0.3069,WARNING,False,10,0,,,,,,
1771436121.845,0.1,72.65,4.7301,1.217,44.0,5,,,0.05395,0.5103,0.0000,0.5450,0.0000,0.5395,0.3833,0.2627,WARNING,False,10,0,,,,,,
1771436121.845,0.1,,,,,,,,,,,,,,,0.2627,WARNING,,10,,t2424_0,0.31,NORMAL,OFFLOAD,WARNING: heavy task offloaded (weight=0.31 >= 0.3),
1771436121.845,0.1,72.28,4.7612,1.176,41.2,4,,,0.05353,0.4854,0.0000,0.4036,0.0000,0.5353,0.3482,0.2339,WARNING,False,10,0,,,,,,
1771436121.845,0.1,73.06,4.7560,1.139,38.5,4,,,0.05000,0.5375,0.0000,0.4275,0.0000,0.5000,0.3295,0.2360,WARNING,False,10,0,,,,,,
1771436121.846,0.1,,,,,,,,,,,,,,,0.2360,WARNING,,10,,t2426_0,0.75,NORMAL,OFFLOAD,WARNING: heavy task offloaded (weight=0.75 >= 0.3),
1771436121.846,0.1,72.03,4.7957,1.104,36.0,4,28699.651,46.19209,0.04493,0.4688,0.0000,0.2469,0.0000,0.4493,0.3121,0.1957,WARNING,False,10,0,,,,,,
1771436121.846,0.1,,,,,,,,,,,,,,,0.1957,WARNING,,10,,t2427_0,0.55,NORMAL,OFFLOAD,WARNING: heavy task offloaded (weight=0.55 >= 0.3),
1771436121.846,0.1,72.68,4.7587,1.072,33.7,3,25092.108,13.17001,0.04011,0.5120,0.0000,0.4148,0.0000,0.4011,0.2809,0.2117,WARNING,False,10,0,,,,,,
1771436121.846,0.1,72.71,4.7471,1.042,31.6,3,22658.162,-2.26702,0.03400,0.5139,0.0000,0.4676,0.0000,0.3400,0.2659,0.2096,WARNING,False,10,0,,,,,,window_reset|B=10
1771436121.846,0.1,72.42,4.8142,1.014,29.6,3,18214.544,75.86053,0.03862,0.4949,0.0000,0.1626,0.0000,0.3862,0.2519,0.1695,SAFE,False,10,0,,,,,,
1771436121.846,0.1,,,,,,,,,,,,,,,0.1695,SAFE,,10,,t2430_0,0.54,NORMAL,LOCAL,SAFE: all tasks permitted (weight=0.54),
1771436121.846,0.1,72.59,4.7780,1.077,34.1,3,11172.709,81.93354,0.03924,0.5062,0.0000,0.3272,0.0000,0.3924,0.2835,0.1992,SAFE,False,10,0,,,,,,
1771436121.846,0.1,,,,,,,,,,,,,,,0.1992,SAFE,,10,,t2431_0,0.63,LOW,LOCAL,SAFE: all tasks permitted (weight=0.63),
1771436121.846,0.1,72.38,4.7529,1.151,39.4,4,-11123.523,15.53693,0.03913,0.4922,0.0000,0.4413,0.0000,0.3913,0.3357,0.2227,SAFE,False,10,0,,,,,,
1771436121.846,0.1,,,,,,,,,,,,,,,0.2227,SAFE,,10,,t2432_0,0.63,NORMAL,LOCAL,SAFE: all tasks permitted (weight=0.63),
1771436121.846,0.1,72.92,4.7312,1.220,44.3,5,26129.473,-20.41720,0.03949,0.5280,0.0000,0.5398,0.0000,0.3949,0.3848,0.2500,SAFE,False,10,0,,,,,,
1771436121.846,0.1,72.70,4.7589,1.179,41.4,4,-14916.151,1.97419,0.03702,0.5132,0.0000,0.4143,0.0000,0.3702,0.3496,0.2224,SAFE,False,10,0,,,,,,
1771436121.846,0.1,72.63,4.7508,1.142,38.7,4,,,0.02338,0.5085,0.0000,0.4508,0.0000,0.2338,0.3308,0.2092,SAFE,False,10,0,,,,,,
1771436121.846,0.1,72.83,4.7423,1.107,36.2,4,,,0.02225,0.5219,0.0000,0.4897,0.0000,0.2225,0.3133,0.2112,SAFE,False,10,0,,,,,,
1771436121.846,0.1,72.48,4.7901,1.074,33.9,3,,,0.02353,0.4986,0.0000,0.2725,0.0000,0.2353,0.2821,0.1752,SAFE,False,10,0,,,,,,
1771436121.846,0.1,,,,,,,,,,,,,,,0.1752,SAFE,,10,,t2437_0,0.58,HIGH,LOCAL,SAFE: all tasks permitted (weight=0.58),
1771436121.846,0.1,72.64,4.7777,1.140,38.5,4,,,0.02362,0.5091,0.0000,0.3287,0.0000,0.2362,0.3298,0.1934,SAFE,False,10,0,,,,,,
1771436121.846,0.1,,,,,,,,,,,,,,,0.1934,SAFE,,10,,t2438_0,0.29,LOW,LOCAL,SAFE: all tasks permitted (weight=0.29),
1771436121.846,0.1,72.40,4.7868,1.154,39.6,4,,,0.02282,0.4930,0.0000,0.2875,0.0000,0.2282,0.3369,0.1867,SAFE,False,10,0,,,,,,
1771436121.846,0.1,72.71,4.7369,1.118,37.0,4,,,0.02414,0.5143,0.0000,0.5141,0.0000,0.2414,0.3190,0.2165,SAFE,False,10,0,,,,,,
1771436121.846,0.1,72.30,4.7553,1.085,34.6,3,,,0.02377,0.4864,0.0000,0.4303,0.0000,0.2377,0.2873,0.1955,SAFE,False,10,0,,,,,,
1771436121.847,0.1,72.52,4.7853,1.054,32.4,3,-20570.315,51.62159,0.01973,0.5015,0.0000,0.2943,0.0000,0.1973,0.2718,0.1725,SAFE,False,10,0,,,,,,
1771436121.847,0.1,,,,,,,,,,,,,,,0.1725,SAFE,,10,,t2442_0,0.67,LOW,LOCAL,SAFE: all tasks permitted (weight=0.67),
1771436121.847,0.1,,,,,,,,,,,,,,,0.1725,SAFE,,10,,t2442_1,0.73,LOW,LOCAL,SAFE: all tasks permitted (weight=0.73),
1771436121.847,0.1,72.74,4.7171,1.257,46.9,5,13447.603,-65.85943,0.02262,0.5161,0.0000,0.6039,0.0000,0.2262,0.4036,0.2438,SAFE,False,10,0,,,,,,
1771436121.847,0.1,,,,,,,,,,,,,,,0.2438,SAFE,,10,,t2443_0,0.46,HIGH,LOCAL,SAFE: all tasks permitted (weight=0.46),
1771436121.847,0.1,73.24,4.7007,1.290,49.3,5,48325.300,-81.37378,0.02751,0.5494,0.0000,0.6789,0.0000,0.2751,0.4202,0.2657,WARNING,False,10,0,,,,,,window_reset|B=10
1771436121.847,0.1,,,,,,,,,,,,,,,0.2657,WARNING,,10,,t2444_0,0.42,HIGH,OFFLOAD,WARNING: heavy task offloaded (weight=0.42 >= 0.3),
1771436121.847,0.1,73.07,4.7201,1.245,46.1,5,69937.037,-136.85697,0.02839,0.5383,0.0000,0.5906,0.0000,0.2839,0.3975,0.2493,WARNING,False,10,0,,,,,,
1771436121.847,0.1,,,,,,,,,,,,,,,0.2493,WARNING,,10,,t2445_0,0.51,NORMAL,OFFLOAD,WARNING: heavy task offloaded (weight=0.51 >= 0.3),
1771436121.847,0.1,73.04,4.7321,1.203,43.1,5,46918.618,-89.05163,0.02880,0.5358,0.0000,0.5358,0.0000,0.2880,0.3764,0.2380,WARNING,False,10,0,,,,,,
1771436121.847,0.1,73.73,4.7707,1.164,40.3,4,156612.118,-31.39935,0.02939,0.5820,0.0000,0.3605,0.0000,0.2939,0.3418,0.2145,WARNING,False,10,0,,,,,,
1771436121.847,0.1,,,,,,,,,,,,,,,0.2145,WARNING,,10,,t2447_0,0.56,NORMAL,OFFLOAD,WARNING: heavy task offloaded (weight=0.56 >= 0.3),
1771436121.847,0.1,72.94,4.7443,1.127,37.6,4,27011.018,14.46426,0.02934,0.5296,0.0000,0.4805,0.0000,0.2934,0.3235,0.2201,WARNING,False,10,0,,,,,,
1771436121.847,0.1,72.83,4.7954,1.093,35.2,4,62572.049,78.32352,0.02996,0.5220,0.0000,0.2482,0.0000,0.2996,0.3066,0.1862,WARNING,False,10,0,,,,,,
1771436121.847,0.1,72.90,4.7697,1.062,33.0,3,,,0.02946,0.5267,0.0000,0.3651,0.0000,0.2946,0.2758,0.1953,WARNING,False,10,0,,,,,,
1771436121.847,0.1,73.00,4.7695,1.032,30.9,3,,,0.02808,0.5330,0.0000,0.3661,0.0000,0.2808,0.2611,0.1919,WARNING,False,10,0,,,,,,
1771436121.847,0.1,,,,,,,,,,,,,,,0.1919,WARNING,,10,,t2451_0,0.55,NORMAL,OFFLOAD,WARNING: heavy task offloaded (weight=0.55 >= 0.3),
1771436121.847,0.1,72.76,4.8061,1.005,28.9,3,,,0.03172,0.5174,0.0000,0.1995,0.0000,0.3172,0.2474,0.1692,SAFE,False,10,0,,,,,,
1771436121.847,0.1,,,,,,,,,,,,,,,0.1692,SAFE,,10,,t2452_0,0.82,HIGH,LOCAL,SAFE: all tasks permitted (weight=0.82),
1771436121.847,0.1,73.17,4.7806,1.117,36.9,4,,,0.03246,0.5450,0.0000,0.3154,0.0000,0.3246,0.3184,0.2025,SAFE,False,10,0,,,,,,
1771436121.847,0.1,,,,,,,,,,,,,,,0.2025,SAFE,,10,,t2453_0,0.41,LOW,LOCAL,SAFE: all tasks permitted (weight=0.41),
1771436121.847,0.1,72.35,4.7414,1.153,39.5,4,,,0.03161,0.4901,0.0000,0.4938,0.0000,0.3161,0.3363,0.2219,SAFE,False,10,0,,,,,,
1771436121.847,0.1,,,,,,,,,,,,,,,0.2219,SAFE,,10,,t2454_0,0.24,HIGH,LOCAL,SAFE: all tasks permitted (weight=0.24),
1771436121.847,0.1,72.36,4.7689,1.157,39.8,4,,,0.02977,0.4907,0.0000,0.3684,0.0000,0.2977,0.3384,0.2042,SAFE,False,10,0,,,,,,
1771436121.847,0.1,72.79,4.8005,1.121,37.2,4,,,0.02625,0.5195,0.0000,0.2248,0.0000,0.2625,0.3203,0.1819,SAFE,False,10,0,,,,,,
1771436121.847,0.1,72.58,4.7941,1.087,34.8,3,,,0.02310,0.5051,0.0000,0.2540,0.0000,0.2310,0.2886,0.1744,SAFE,False,10,0,,,,,,
1771436121.847,0.1,72.58,4.7666,1.056,32.6,3,,,0.01976,0.5055,0.0000,0.3791,0.0000,0.1976,0.2730,0.1843,SAFE,False,10,0,,,,,,
1771436121.847,0.1,72.43,4.7809,1.027,30.5,3,,,0.01975,0.4955,0.0000,0.3143,0.0000,0.1975,0.2585,0.1718,SAFE,False,10,0,,,,,,window_reset|B=10
1771436121.847,0.1,,,,,,,,,,,,,,,0.1718,SAFE,,10,,t2459_0,0.44,LOW,LOCAL,SAFE: all tasks permitted (weight=0.44),
1771436121.847,0.1,72.16,4.7939,1.073,33.8,3,,,0.01766,0.4773,0.0000,0.2549,0.0000,0.1766,0.2816,0.1644,SAFE,False,10,0,,,,,,
1771436121.847,0.1,,,,,,,,,,,,,,,0.1644,SAFE,,10,,t2460_0,0.37,HIGH,LOCAL,SAFE: all tasks permitted (weight=0.37),
1771436121.847,0.1,71.90,4.7530,1.105,36.1,4,,,0.01857,0.4602,0.0000,0.4408,0.0000,0.1857,0.3127,0.1936,SAFE,False,10,0,,,,,,
1771436121.847,0.1,71.64,4.7760,1.073,33.8,3,,,0.01844,0.4424,0.0000,0.3366,0.0000,0.1844,0.2815,0.1716,SAFE,False,10,0,,,,,,
1771436121.847,0.1,71.90,4.7929,1.043,31.6,3,,,0.01871,0.4598,0.0000,0.2595,0.0000,0.1871,0.2664,0.1609,SAFE,False,10,0,,,,,,
1771436121.847,0.1,72.33,4.7776,1.015,29.6,3,,,0.01691,0.4890,0.0000,0.3290,0.0000,0.1691,0.2524,0.1688,SAFE,False,10,0,,,,,,
1771436121.847,0.1,,,,,,,,,,,,,,,0.1688,SAFE,,10,,t2464_0,0.63,NORMAL,LOCAL,SAFE: all tasks permitted (weight=0.63),
1771436121.847,0.1,71.63,4.7450,1.094,35.3,4,,,0.01904,0.4418,0.0000,0.4771,0.0000,0.1904,0.3069,0.1954,SAFE,False,10,0,,,,,,
1771436121.847,0.1,,,,,,,,,,,,,,,0.1954,SAFE,,10,,t2465_0,0.47,NORMAL,LOCAL,SAFE: all tasks permitted (weight=0.47),
1771436121.847,0.1,71.68,4.7467,1.140,38.6,4,,,0.01831,0.4452,0.0000,0.4694,0.0000,0.1831,0.3301,0.1988,SAFE,False,10,0,,,,,,
1771436121.847,0.1,,,,,,,,,,,,,,,0.1988,SAFE,,10,,t2466_0,0.24,HIGH,LOCAL,SAFE: all tasks permitted (weight=0.24),
1771436121.847,0.1,72.35,4.7494,1.146,39.0,4,,,0.01957,0.4900,0.0000,0.4571,0.0000,0.1957,0.3328,0.2044,SAFE,False,10,0,,,,,,
1771436121.847,0.1,72.11,4.7856,1.110,36.5,4,,,0.01821,0.4738,0.0000,0.2925,0.0000,0.1821,0.3152,0.1761,SAFE,False,10,0,,,,,,
1771436121.847,0.1,72.07,4.7095,1.078,34.1,3,,,0.02374,0.4714,0.0000,0.6384,0.0000,0.2374,0.2838,0.2201,SAFE,False,10,0,,,,,,
1771436121.847,0.1,,,,,,,,,,,,,,,0.2201,SAFE,,10,,t2469_0,0.73,LOW,LOCAL,SAFE: all tasks permitted (weight=0.73),
1771436121.847,0.1,,,,,,,,,,,,,,,0.2201,SAFE,,10,,t2469_1,0.77,LOW,LOCAL,SAFE: all tasks permitted (weight=0.77),
1771436121.847,0.1,72.23,4.7432,1.298,49.9,5,,,0.02446,0.4820,0.0000,0.4853,0.0000,0.2446,0.4240,0.2302,SAFE,False,10,0,,,,,,
1771436121.847,0.1,,,,,,,,,,,,,,,0.2302,SAFE,,10,,t2470_0,0.45,NORMAL,LOCAL,SAFE: all tasks permitted (weight=0.45),
1771436121.847,0.1,72.46,4.6436,1.327,51.9,6,,,0.04031,0.4974,0.0000,0.9380,0.0000,0.4031,0.4535,0.3126,WARNING,False,10,0,,,,,,
1771436121.847,0.1,,,,,,,,,,,,,,,0.3126,WARNING,,10,,t2471_0,0.43,CRITICAL,OFFLOAD,WARNING: heavy task offloaded (weight=0.43 >= 0.3),
1771436121.847,0.1,72.78,4.6992,1.279,48.5,5,,,0.04048,0.5189,0.0000,0.6852,0.0000,0.4048,0.4145,0.2747,WARNING,False,10,0,,,,,,
1771436121.847,0.1,,,,,,,,,,,,,,,0.2747,WARNING,,10,,t2472_0,0.85,CRITICAL,OFFLOAD,WARNING: heavy task offloaded (weight=0.85 >= 0.3),
1771436121.847,0.1,73.26,4.7277,1.234,45.3,5,,,0.04058,0.5507,0.0000,0.5557,0.0000,0.4058,0.3922,0.2574,WARNING,False,10,0,,,,,,
1771436121.847,0.1,,,,,,,,,,,,,,,0.2574,WARNING,,10,,t2473_0,0.41,NORMAL,OFFLOAD,WARNING: heavy task offloaded (weight=0.41 >= 0.3),
1771436121.847,0.1,73.23,4.7439,1.193,42.4,4,,,0.03925,0.5485,0.0000,0.4825,0.0000,0.3925,0.3565,0.2391,WARNING,False,10,0,,,,,,window_reset|B=10
1771436121.848,0.1,73.25,4.7798,1.154,39.6,4,49153.391,27.52134,0.03789,0.5503,0.0000,0.3190,0.0000,0.3789,0.3372,0.2128,WARNING,False,10,0,,,,,,
1771436121.848,0.1,73.16,4.7661,1.119,37.0,4,57384.261,-17.72213,0.03700,0.5442,0.0000,0.3814,0.0000,0.3700,0.3193,0.2157,WARNING,False,10,0,,,,,,
1771436121.848,0.1,,,,,,,,,,,,,,,0.2157,WARNING,,10,,t2476_0,0.68,NORMAL,OFFLOAD,WARNING: heavy task offloaded (weight=0.68 >= 0.3),
1771436121.848,0.1,,,,,,,,,,,,,,,0.2157,WARNING,,10,,t2476_1,0.84,CRITICAL,OFFLOAD,WARNING: heavy task offloaded (weight=0.84 >= 0.3),
1771436121.848,0.1,73.30,4.8112,1.085,34.7,3,66618.222,92.06667,0.04237,0.5531,0.0000,0.1765,0.0000,0.4237,0.2876,0.1892,WARNING,False,10,0,,,,,,
1771436121.848,0.1,,,,,,,,,,,,,,,0.1892,WARNING,,10,,t2477_0,0.26,LOW,LOCAL,WARNING: lightweight task permitted (weight=0.26 < 0.3),
1771436121.848,0.1,72.75,4.7932,1.097,35.5,4,28030.572,45.24333,0.04467,0.5164,0.0000,0.2583,0.0000,0.4467,0.3087,0.2019,WARNING,False,10,0,,,,,,
1771436121.848,0.1,73.41,4.7857,1.065,33.2,3,51544.745,128.67550,0.04600,0.5606,0.0000,0.2924,0.0000,0.4600,0.2777,0.2068,WARNING,False,10,0,,,,,,
1771436121.848,0.1,,,,,,,,,,,,,,,0.2068,WARNING,,10,,t2479_0,0.59,NORMAL,OFFLOAD,WARNING: heavy task offloaded (weight=0.59 >= 0.3),
1771436121.848,0.1,,,,,,,,,,,,,,,0.2068,WARNING,,10,,t2479_1,0.48,LOW,OFFLOAD,WARNING: heavy task offloaded (weight=0.48 >= 0.3),
1771436121.848,0.1,73.12,4.7930,1.036,31.1,3,18509.220,84.89933,0.04653,0.5416,0.0000,0.2592,0.0000,0.4653,0.2629,0.1978,WARNING,False,10,0,,,,,,
1771436121.848,0.1,,,,,,,,,,,,,,,0.1978,WARNING,,10,,t2480_0,0.82,LOW,OFFLOAD,WARNING: heavy task offloaded (weight=0.82 >= 0.3),
1771436121.848,0.1,72.51,4.7886,1.008,29.2,3,-41024.954,55.16148,0.04597,0.5004,0.0000,0.2789,0.0000,0.4597,0.2491,0.1921,WARNING,False,10,0,,,,,,
1771436121.848,0.1,72.15,4.8176,0.983,27.3,3,-58383.476,66.81304,0.04873,0.4769,0.0000,0.1472,0.0000,0.4873,0.2363,0.1724,SAFE,False,10,0,,,,,,
1771436121.848,0.1,,,,,,,,,,,,,,,0.1724,SAFE,,10,,t2482_0,0.50,NORMAL,LOCAL,SAFE: all tasks permitted (weight=0.50),
1771436121.848,0.1,,,,,,,,,,,,,,,0.1724,SAFE,,10,,t2482_1,0.57,LOW,LOCAL,SAFE: all tasks permitted (weight=0.57),
1771436121.848,0.1,71.88,4.7176,1.138,38.4,4,,,0.03643,0.4586,0.0000,0.6018,0.0000,0.3643,0.3291,0.2355,SAFE,False,10,0,,,,,,
1771436121.848,0.1,,,,,,,,,,,,,,,0.2355,SAFE,,10,,t2483_0,0.23,LOW,LOCAL,SAFE: all tasks permitted (weight=0.23),
1771436121.848,0.1,,,,,,,,,,,,,,,0.2355,SAFE,,10,,t2483_1,0.84,LOW,LOCAL,SAFE: all tasks permitted (weight=0.84),
1771436121.848,0.1,73.15,4.7144,1.283,48.8,5,,,0.03420,0.5436,0.0000,0.6164,0.0000,0.3420,0.4166,0.2629,WARNING,False,10,0,,,,,,
1771436121.848,0.1,72.88,4.7333,1.238,45.6,5,,,0.03367,0.5254,0.0000,0.5306,0.0000,0.3367,0.3942,0.2445,WARNING,False,10,0,,,,,,
1771436121.848,0.1,72.90,4.7272,1.197,42.6,4,,,0.03504,0.5266,0.0000,0.5581,0.0000,0.3504,0.3583,0.2425,WARNING,False,10,0,,,,,,
1771436121.848,0.1,,,,,,,,,,,,,,,0.2425,WARNING,,10,,t2486_0,0.21,LOW,LOCAL,WARNING: lightweight task permitted (weight=0.21 < 0.3),
1771436121.848,0.1,72.67,4.7627,1.193,42.4,4,,,0.03492,0.5112,0.0000,0.3969,0.0000,0.3492,0.3566,0.2192,WARNING,False,10,0,,,,,,
1771436121.848,0.1,,,,,,,,,,,,,,,0.2192,WARNING,,10,,t2487_0,0.83,HIGH,OFFLOAD,WARNING: heavy task offloaded (weight=0.83 >= 0.3),
1771436121.848,0.1,73.00,4.7603,1.155,39.6,4,,,0.03498,0.5331,0.0000,0.4079,0.0000,0.3498,0.3373,0.2194,WARNING,False,10,0,,,,,,
1771436121.848,0.1,,,,,,,,,,,,,,,0.2194,WARNING,,10,,t2488_0,0.43,CRITICAL,OFFLOAD,WARNING: heavy task offloaded (weight=0.43 >= 0.3),
1771436121.848,0.1,73.11,4.7879,1.119,37.1,4,,,0.03307,0.5407,0.0000,0.2825,0.0000,0.3307,0.3194,0.1985,WARNING,False,10,0,,,,,,window_reset|B=10
1771436121.848,0.1,72.85,4.7805,1.085,34.7,3,,,0.03235,0.5230,0.0000,0.3161,0.0000,0.3235,0.2877,0.1937,WARNING,False,10,0,,,,,,
1771436121.848,0.1,,,,,,,,,,,,,,,0.1937,WARNING,,10,,t2490_0,0.72,NORMAL,OFFLOAD,WARNING: heavy task offloaded (weight=0.72 >= 0.3),
1771436121.848,0.1,73.17,4.7564,1.054,32.5,3,,,0.03172,0.5447,0.0000,0.4252,0.0000,0.3172,0.2722,0.2068,WARNING,False,10,0,,,,,,
1771436121.848,0.1,72.74,4.7832,1.025,30.4,3,,,0.03102,0.5160,0.0000,0.3038,0.0000,0.3102,0.2577,0.1840,WARNING,False,10,0,,,,,,
1771436121.848,0.1,71.93,4.8051,0.999,28.5,3,,,0.03255,0.4620,0.0000,0.2041,0.0000,0.3255,0.2443,0.1634,SAFE,False,10,0,,,,,,
1771436121.848,0.1,71.61,4.8062,0.974,26.7,2,,,0.03105,0.4407,0.0000,0.1990,0.0000,0.3105,0.2168,0.1532,SAFE,False,10,0,,,,,,
1771436121.848,0.1,,,,,,,,,,,,,,,0.1532,SAFE,,10,,t2494_0,0.64,NORMAL,LOCAL,SAFE: all tasks permitted (weight=0.64),
1771436121.848,0.1,,,,,,,,,,,,,,,0.1532,SAFE,,10,,t2494_1,0.78,NORMAL,LOCAL,SAFE: all tasks permitted (weight=0.78),
1771436121.848,0.1,71.88,4.7431,1.189,42.1,4,,,0.02878,0.4584,0.0000,0.4861,0.0000,0.2878,0.3544,0.2179,SAFE,False,10,0,,,,,,
1771436121.848,0.1,72.15,4.7730,1.150,39.3,4,,,0.02475,0.4768,0.0000,0.3502,0.0000,0.2475,0.3352,0.1945,SAFE,False,10,0,,,,,,
1771436121.848,0.1,72.19,4.7423,1.115,36.8,4,,,0.02380,0.4794,0.0000,0.4894,0.0000,0.2380,0.3174,0.2084,SAFE,False,10,0,,,,,,
1771436121.848,0.1,,,,,,,,,,,,,,,0.2084,SAFE,,10,,t2497_0,0.59,LOW,LOCAL,SAFE: all tasks permitted (weight=0.59),
1771436121.848,0.1,,,,,,,,,,,,,,,0.2084,SAFE,,10,,t2497_1,0.67,HIGH,LOCAL,SAFE: all tasks permitted (weight=0.67),
1771436121.848,0.1,72.01,4.7432,1.294,49.6,5,,,0.02178,0.4675,0.0000,0.4855,0.0000,0.2178,0.4220,0.2254,SAFE,False,10,0,,,,,,
1771436121.848,0.1,72.98,4.7295,1.248,46.3,5,,,0.02452,0.5318,0.0000,0.5479,0.0000,0.2452,0.3992,0.2394,SAFE,False,10,0,,,,,,
1771436121.848,0.1,,,,,,,,,,,,,,,0.2394,SAFE,,10,,t2499_0,0.30,NORMAL,LOCAL,SAFE: all tasks permitted (weight=0.30),
1771436121.848,0.1,73.19,4.7060,1.256,46.9,5,,,0.02987,0.5458,0.0000,0.6547,0.0000,0.2987,0.4030,0.2611,WARNING,False,10,0,,,,,,
1771436121.848,0.1,,,,,,,,,,,,,,,0.2611,WARNING,,10,,t2500_0,0.62,NORMAL,OFFLOAD,WARNING: heavy task offloaded (weight=0.62 >= 0.3),
1771436121.848,0.1,73.43,4.7170,1.213,43.8,5,,,0.03133,0.5618,0.0000,0.6043,0.0000,0.3133,0.3815,0.2536,WARNING,False,10,0,,,,,,
1771436121.848,0.1,,,,,,,,,,,,,,,0.2536,WARNING,,10,,t2501_0,0.25,HIGH,LOCAL,WARNING: lightweight task permitted (weight=0.25 < 0.3),
1771436121.848,0.1,73.00,4.7550,1.215,43.9,5,,,0.03053,0.5334,0.0000,0.4318,0.0000,0.3053,0.3826,0.2272,WARNING,False,10,0,,,,,,
1771436121.848,0.1,,,,,,,,,,,,,,,0.2272,WARNING,,10,,t2502_0,0.40,NORMAL,OFFLOAD,WARNING: heavy task offloaded (weight=0.40 >= 0.3),
1771436121.849,0.1,73.62,4.7593,1.175,41.1,4,104164.574,16.24770,0.03056,0.5744,0.0000,0.4121,0.0000,0.3056,0.3475,0.2226,WARNING,False,10,0,,,,,,
1771436121.849,0.1,73.05,4.7470,1.138,38.4,4,53595.225,-25.94682,0.02942,0.5365,0.0000,0.4684,0.0000,0.2942,0.3289,0.2205,WARNING,False,10,0,,,,,,window_reset|B=10
1771436121.849,0.1,,,,,,,,,,,,,,,0.2205,WARNING,,10,,t2504_0,0.31,NORMAL,OFFLOAD,WARNING: heavy task offloaded (weight=0.31 >= 0.3),
1771436121.849,0.1,72.98,4.7789,1.103,35.9,4,47106.956,36.44640,0.02621,0.5319,0.0000,0.3233,0.0000,0.2621,0.3115,0.1944,WARNING,False,10,0,,,,,,
1771436121.849,0.1,73.26,4.7626,1.071,33.6,3,74438.563,19.32265,0.02058,0.5504,0.0000,0.3974,0.0000,0.2058,0.2804,0.1944,WARNING,False,10,0,,,,,,
1771436121.849,0.1,,,,,,,,,,,,,,,0.1944,WARNING,,10,,t2506_0,0.49,LOW,OFFLOAD,WARNING: heavy task offloaded (weight=0.49 >= 0.3),
1771436121.849,0.1,73.10,4.8000,1.041,31.5,3,7411.097,70.34131,0.02529,0.5401,0.0000,0.2274,0.0000,0.2529,0.2654,0.1727,SAFE,False,10,0,,,,,,
1771436121.849,0.1,72.72,4.8022,1.013,29.5,3,-27657.848,96.03361,0.02848,0.5149,0.0000,0.2171,0.0000,0.2848,0.2514,0.1688,SAFE,False,10,0,,,,,,
1771436121.849,0.1,72.13,4.8018,0.987,27.6,3,-77712.529,84.55133,0.03114,0.4753,0.0000,0.2191,0.0000,0.3114,0.2384,0.1643,SAFE,False,10,0,,,,,,
1771436121.849,0.1,72.40,4.8074,0.963,25.9,2,-35903.679,52.24892,0.03347,0.4934,0.0000,0.1937,0.0000,0.3347,0.2114,0.1601,SAFE,False,10,0,,,,,,
1771436121.849,0.1,,,,,,,,,,,,,,,0.1601,SAFE,,10,,t2510_0,0.81,NORMAL,LOCAL,SAFE: all tasks permitted (weight=0.81),
1771436121.849,0.1,72.40,4.7805,1.078,34.1,3,,,0.03204,0.4932,0.0000,0.3161,0.0000,0.3204,0.2838,0.1891,SAFE,False,10,0,,,,,,
1771436121.849,0.1,,,,,,,,,,,,,,,0.1891,SAFE,,10,,t2511_0,0.40,NORMAL,LOCAL,SAFE: all tasks permitted (weight=0.40),
1771436121.849,0.1,72.07,4.7811,1.115,36.8,4,,,0.02607,0.4714,0.0000,0.3132,0.0000,0.2607,0.3174,0.1868,SAFE,False,10,0,,,,,,
1771436121.849,0.1,,,,,,,,,,,,,,,0.1868,SAFE,,10,,t2512_0,0.32,LOW,LOCAL,SAFE: all tasks permitted (weight=0.32),
1771436121.849,0.1,,,,,,,,,,,,,,,0.1868,SAFE,,10,,t2512_1,0.66,NORMAL,LOCAL,SAFE: all tasks permitted (weight=0.66),
1771436121.849,0.1,72.31,4.7103,1.247,46.2,5,,,0.02734,0.4875,0.0000,0.6349,0.0000,0.2734,0.3985,0.2481,SAFE,False,10,0,,,,,,
1771436121.849,0.1,,,,,,,,,,,,,,,0.2481,SAFE,,10,,t2513_0,0.73,LOW,LOCAL,SAFE: all tasks permitted (weight=0.73),
1771436121.849,0.1,73.84,4.7005,1.329,52.0,6,,,0.03384,0.5891,0.0000,0.6796,0.0000,0.3384,0.4543,0.2838,WARNING,False,10,0,,,,,,
1771436121.849,0.1,,,,,,,,,,,,,,,0.2838,WARNING,,10,,t2514_0,0.41,LOW,OFFLOAD,WARNING: heavy task offloaded (weight=0.41 >= 0.3),
1771436121.849,0.1,,,,,,,,,,,,,,,0.2838,WARNING,,10,,t2514_1,0.63,NORMAL,OFFLOAD,WARNING: heavy task offloaded (weight=0.63 >= 0.3),
1771436121.849,0.1,72.98,4.6644,1.281,48.6,5,,,0.04463,0.5319,0.0000,0.8437,0.0000,0.4463,0.4153,0.3012,WARNING,False,10,0,,,,,,
1771436121.849,0.1,73.03,4.7678,1.236,45.4,5,,,0.04444,0.5352,0.0000,0.3735,0.0000,0.4444,0.3929,0.2358,WARNING,False,10,0,,,,,,
1771436121.849,0.1,,,,,,,,,,,,,,,0.2358,WARNING,,10,,t2516_0,0.82,NORMAL,OFFLOAD,WARNING: heavy task offloaded (weight=0.82 >= 0.3),
1771436121.849,0.1,73.05,4.7548,1.194,42.5,4,,,0.04423,0.5366,0.0000,0.4327,0.0000,0.4423,0.3572,0.2363,WARNING,False,10,0,,,,,,
1771436121.849,0.1,73.14,4.7336,1.156,39.7,4,,,0.04487,0.5429,0.0000,0.5293,0.0000,0.4487,0.3378,0.2464,WARNING,False,10,0,,,,,,
1771436121.849,0.1,,,,,,,,,,,,,,,0.2464,WARNING,,10,,t2518_0,0.85,LOW,OFFLOAD,WARNING: heavy task offloaded (weight=0.85 >= 0.3),
1771436121.849,0.1,73.32,4.7519,1.120,37.1,4,,,0.04312,0.5544,0.0000,0.4459,0.0000,0.4312,0.3198,0.2316,WARNING,False,10,0,,,,,,window_reset|B=10
1771436121.849,0.1,,,,,,,,,,,,,,,0.2316,WARNING,,10,,t2519_0,0.57,CRITICAL,OFFLOAD,WARNING: heavy task offloaded (weight=0.57 >= 0.3),
1771436121.849,0.1,73.29,4.8066,1.086,34.7,3,,,0.04353,0.5527,0.0000,0.1974,0.0000,0.4353,0.2881,0.1931,WARNING,False,10,0,,,,,,
1771436121.849,0.1,72.56,4.7805,1.055,32.5,3,,,0.04199,0.5039,0.0000,0.3160,0.0000,0.4199,0.2726,0.1980,WARNING,False,10,0,,,,,,
1771436121.849,0.1,,,,,,,,,,,,,,,0.1980,WARNING,,10,,t2521_0,0.74,NORMAL,OFFLOAD,WARNING: heavy task offloaded (weight=0.74 >= 0.3),
1771436121.849,0.1,72.84,4.7711,1.026,30.4,3,,,0.03920,0.5228,0.0000,0.3584,0.0000,0.3920,0.2581,0.2002,WARNING,False,10,0,,,,,,
1771436121.849,0.1,,,,,,,,,,,,,,,0.2002,WARNING,,10,,t2522_0,0.68,NORMAL,OFFLOAD,WARNING: heavy task offloaded (weight=0.68 >= 0.3),
1771436121.849,0.1,,,,,,,,,,,,,,,0.2002,WARNING,,10,,t2522_1,0.32,HIGH,OFFLOAD,WARNING: heavy task offloaded (weight=0.32 >= 0.3),
1771436121.849,0.1,72.60,4.8107,0.999,28.5,3,,,0.04194,0.5066,0.0000,0.1787,0.0000,0.4194,0.2447,0.1749,SAFE,False,10,0,,,,,,
1771436121.849,0.1,,,,,,,,,,,,,,,0.1749,SAFE,,10,,t2523_0,0.24,NORMAL,LOCAL,SAFE: all tasks permitted (weight=0.24),
1771436121.849,0.1,72.41,4.7836,1.015,29.6,3,,,0.04208,0.4943,0.0000,0.3018,0.0000,0.4208,0.2525,0.1911,SAFE,False,10,0,,,,,,
1771436121.849,0.1,,,,,,,,,,,,,,,0.1911,SAFE,,10,,t2524_0,0.52,HIGH,LOCAL,SAFE: all tasks permitted (weight=0.52),
1771436121.849,0.1,72.13,4.7704,1.076,34.0,3,,,0.04024,0.4751,0.0000,0.3618,0.0000,0.4024,0.2831,0.2009,SAFE,False,10,0,,,,,,
1771436121.849,0.1,72.76,4.8193,1.046,31.8,3,,,0.03949,0.5174,0.0000,0.1394,0.0000,0.3949,0.2679,0.1733,SAFE,False,10,0,,,,,,
1771436121.849,0.1,72.30,4.7621,1.017,29.8,3,,,0.02456,0.4864,0.0000,0.3996,0.0000,0.2456,0.2537,0.1856,SAFE,False,10,0,,,,,,
1771436121.849,0.1,71.47,4.8155,0.991,27.9,3,,,0.02668,0.4311,0.0000,0.1569,0.0000,0.2668,0.2406,0.1469,SAFE,False,10,0,,,,,,
1771436121.849,0.1,,,,,,,,,,,,,,,0.1469,SAFE,,10,,t2528_0,0.32,LOW,LOCAL,SAFE: all tasks permitted (weight=0.32),
1771436121.849,0.1,71.77,4.7708,1.022,30.1,3,,,0.02577,0.4514,0.0000,0.3598,0.0000,0.2577,0.2558,0.1779,SAFE,False,10,0,,,,,,
1771436121.849,0.1,,,,,,,,,,,,,,,0.1779,SAFE,,10,,t2529_0,0.41,LOW,LOCAL,SAFE: all tasks permitted (weight=0.41),
1771436121.849,0.1,72.14,4.7857,1.064,33.1,3,,,0.02136,0.4759,0.0000,0.2924,0.0000,0.2136,0.2769,0.1719,SAFE,False,10,0,,,,,,
1771436121.849,0.1,,,,,,,,,,,,,,,0.1719,SAFE,,10,,t2530_0,0.60,LOW,LOCAL,SAFE: all tasks permitted (weight=0.60),
1771436121.849,0.1,72.08,4.8021,1.135,38.2,4,,,0.01914,0.4719,0.0000,0.2176,0.0000,0.1914,0.3276,0.1696,SAFE,False,10,0,,,,,,
1771436121.849,0.1,,,,,,,,,,,,,,,0.1696,SAFE,,10,,t2531_0,0.40,NORMAL,LOCAL,SAFE: all tasks permitted (weight=0.40),
1771436121.849,0.1,71.47,4.7294,1.168,40.6,4,,,0.02463,0.4315,0.0000,0.5484,0.0000,0.2463,0.3441,0.2165,SAFE,False,10,0,,,,,,
1771436121.850,0.1,72.34,4.7169,1.131,38.0,4,12992.746,-53.26688,0.03077,0.4896,0.0000,0.6048,0.0000,0.3077,0.3257,0.2333,SAFE,False,10,0,,,,,,
1771436121.850,0.1,71.46,4.7857,1.097,35.5,4,-77641.217,-33.55529,0.03075,0.4309,0.0000,0.2924,0.0000,0.3075,0.3086,0.1822,SAFE,False,10,0,,,,,,window_reset|B=10
1771436121.850,0.1,,,,,,,,,,,,,,,0.1822,SAFE,,10,,t2534_0,0.56,NORMAL,LOCAL,SAFE: all tasks permitted (weight=0.56),
1771436121.850,0.1,72.13,4.7697,1.161,40.1,4,-9820.547,7.57020,0.02933,0.4755,0.0000,0.3651,0.0000,0.2933,0.3405,0.2019,SAFE,False,10,0,,,,,,
1771436121.850,0.1,,,,,,,,,,,,,,,0.2019,SAFE,,10,,t2535_0,0.74,HIGH,LOCAL,SAFE: all tasks permitted (weight=0.74),
1771436121.850,0.1,72.17,4.7194,1.251,46.5,5,41787.166,-95.73015,0.03306,0.4777,0.0000,0.5935,0.0000,0.3306,0.4004,0.2476,SAFE,False,10,0,,,,,,
1771436121.850,0.1,,,,,,,,,,,,,,,0.2476,SAFE,,10,,t2536_0,0.46,LOW,LOCAL,SAFE: all tasks permitted (weight=0.46),
1771436121.850,0.1,72.28,4.7124,1.286,49.0,5,30152.310,-58.21436,0.03676,0.4850,0.0000,0.6253,0.0000,0.3676,0.4179,0.2598,WARNING,False,10,0,,,,,,
1771436121.850,0.1,,,,,,,,,,,,,,,0.2598,WARNING,,10,,t2537_0,0.30,NORMAL,OFFLOAD,WARNING: heavy task offloaded (weight=0.30 >= 0.3),
1771436121.850,0.1,72.36,4.7286,1.241,45.8,5,13042.311,-56.92864,0.03421,0.4905,0.0000,0.5520,0.0000,0.3421,0.3953,0.2439,WARNING,False,10,0,,,,,,
1771436121.850,0.1,,,,,,,,,,,,,,,0.2439,WARNING,,10,,t2538_0,0.26,LOW,LOCAL,WARNING: lightweight task permitted (weight=0.26 < 0.3),
1771436121.850,0.1,,,,,,,,,,,,,,,0.2439,WARNING,,10,,t2538_1,0.57,HIGH,OFFLOAD,WARNING: heavy task offloaded (weight=0.57 >= 0.3),
1771436121.850,0.1,72.99,4.7228,1.243,45.9,5,54463.496,-79.03572,0.03553,0.5326,0.0000,0.5781,0.0000,0.3553,0.3966,0.2539,WARNING,False,10,0,,,,,,
1771436121.850,0.1,,,,,,,,,,,,,,,0.2539,WARNING,,10,,t2539_0,0.31,NORMAL,OFFLOAD,WARNING: heavy task offloaded (weight=0.31 >= 0.3),
1771436121.850,0.1,72.81,4.7323,1.201,42.9,4,80228.402,2.97137,0.03084,0.5209,0.0000,0.5348,0.0000,0.3084,0.3605,0.2350,WARNING,False,10,0,,,,,,
1771436121.850,0.1,72.75,4.7496,1.162,40.1,4,,,0.03008,0.5164,0.0000,0.4566,0.0000,0.3008,0.3410,0.2196,WARNING,False,10,0,,,,,,
1771436121.850,0.1,,,,,,,,,,,,,,,0.2196,WARNING,,10,,t2541_0,0.70,NORMAL,OFFLOAD,WARNING: heavy task offloaded (weight=0.70 >= 0.3),
1771436121.850,0.1,72.77,4.7685,1.126,37.5,4,,,0.02853,0.5181,0.0000,0.3704,0.0000,0.2853,0.3228,0.2034,WARNING,False,10,0,,,,,,
1771436121.850,0.1,,,,,,,,,,,,,,,0.2034,WARNING,,10,,t2542_0,0.61,HIGH,OFFLOAD,WARNING: heavy task offloaded (weight=0.61 >= 0.3),
1771436121.850,0.1,72.52,4.7672,1.092,35.1,4,,,0.02395,0.5013,0.0000,0.3763,0.0000,0.2395,0.3059,0.1942,WARNING,False,10,0,,,,,,
1771436121.850,0.1,,,,,,,,,,,,,,,0.1942,WARNING,,10,,t2543_0,0.58,NORMAL,OFFLOAD,WARNING: heavy task offloaded (weight=0.58 >= 0.3),
1771436121.850,0.1,73.31,4.7708,1.060,32.9,3,,,0.02486,0.5541,0.0000,0.3601,0.0000,0.2486,0.2751,0.1932,WARNING,False,10,0,,,,,,
1771436121.850,0.1,,,,,,,,,,,,,,,0.1932,WARNING,,10,,t2544_0,0.30,LOW,OFFLOAD,WARNING: heavy task offloaded (weight=0.30 >= 0.3),
1771436121.850,0.1,72.65,4.8098,1.031,30.8,3,,,0.02894,0.5103,0.0000,0.1826,0.0000,0.2894,0.2605,0.1660,SAFE,False,10,0,,,,,,
1771436121.850,0.1,,,,,,,,,,,,,,,0.1660,SAFE,,10,,t2545_0,0.75,HIGH,LOCAL,SAFE: all tasks permitted (weight=0.75),
1771436121.850,0.1,72.17,4.7660,1.131,37.9,4,,,0.02758,0.4782,0.0000,0.3818,0.0000,0.2758,0.3256,0.1997,SAFE,False,10,0,,,,,,
1771436121.850,0.1,72.22,4.7584,1.097,35.5,4,,,0.02713,0.4816,0.0000,0.4163,0.0000,0.2713,0.3084,0.2007,SAFE,False,10,0,,,,,,
1771436121.850,0.1,,,,,,,,,,,,,,,0.2007,SAFE,,10,,t2547_0,0.20,LOW,LOCAL,SAFE: all tasks permitted (weight=0.20),
1771436121.850,0.1,,,,,,,,,,,,,,,0.2007,SAFE,,10,,t2547_1,0.80,CRITICAL,LOCAL,SAFE: all tasks permitted (weight=0.80),
1771436121.850,0.1,72.71,4.7323,1.236,45.5,5,,,0.02611,0.5140,0.0000,0.5349,0.0000,0.2611,0.3932,0.2360,SAFE,False,10,0,,,,,,
1771436121.850,0.1,73.11,4.7500,1.195,42.5,4,,,0.02334,0.5406,0.0000,0.4545,0.0000,0.2334,0.3574,0.2188,SAFE,False,10,0,,,,,,window_reset|B=10
1771436121.850,0.1,,,,,,,,,,,,,,,0.2188,SAFE,,10,,t2549_0,0.84,HIGH,LOCAL,SAFE: all tasks permitted (weight=0.84),
1771436121.850,0.1,72.47,4.7024,1.300,50.0,5,,,0.02666,0.4981,0.0000,0.6710,0.0000,0.2666,0.4250,0.2587,WARNING,False,10,0,,,,,,
1771436121.850,0.1,,,,,,,,,,,,,,,0.2587,WARNING,,10,,t2550_0,0.40,NORMAL,OFFLOAD,WARNING: heavy task offloaded (weight=0.40 >= 0.3),
1771436121.850,0.1,72.95,4.7308,1.254,46.7,5,,,0.02600,0.5298,0.0000,0.5417,0.0000,0.2600,0.4019,0.2404,WARNING,False,10,0,,,,,,
1771436121.850,0.1,,,,,,,,,,,,,,,0.2404,WARNING,,10,,t2551_0,0.61,NORMAL,OFFLOAD,WARNING: heavy task offloaded (weight=0.61 >= 0.3),
1771436121.850,0.1,73.31,4.7808,1.211,43.6,5,,,0.02622,0.5540,0.0000,0.3145,0.0000,0.2622,0.3805,0.2097,WARNING,False,10,0,,,,,,
1771436121.850,0.1,73.37,4.7171,1.171,40.8,4,,,0.02845,0.5578,0.0000,0.6040,0.0000,0.2845,0.3456,0.2430,WARNING,False,10,0,,,,,,
1771436121.850,0.1,73.09,4.7343,1.134,38.2,4,,,0.02861,0.5393,0.0000,0.5260,0.0000,0.2861,0.3271,0.2271,WARNING,False,10,0,,,,,,
1771436121.850,0.1,,,,,,,,,,,,,,,0.2271,WARNING,,10,,t2554_0,0.27,LOW,LOCAL,WARNING: lightweight task permitted (weight=0.27 < 0.3),
1771436121.850,0.1,73.52,4.8010,1.145,38.9,4,,,0.03152,0.5679,0.0000,0.2227,0.0000,0.3152,0.3326,0.1951,WARNING,False,10,0,,,,,,
1771436121.850,0.1,,,,,,,,,,,,,,,0.1951,WARNING,,10,,t2555_0,0.42,NORMAL,OFFLOAD,WARNING: heavy task offloaded (weight=0.42 >= 0.3),
1771436121.850,0.1,72.83,4.7794,1.110,36.4,4,,,0.03198,0.5218,0.0000,0.3211,0.0000,0.3198,0.3150,0.1993,WARNING,False,10,0,,,,,,
1771436121.850,0.1,73.09,4.7686,1.077,34.1,3,,,0.02788,0.5391,0.0000,0.3700,0.0000,0.2788,0.2836,0.1974,WARNING,False,10,0,,,,,,
1771436121.850,0.1,,,,,,,,,,,,,,,0.1974,WARNING,,10,,t2557_0,0.25,NORMAL,LOCAL,WARNING: lightweight task permitted (weight=0.25 < 0.3),
1771436121.850,0.1,,,,,,,,,,,,,,,0.1974,WARNING,,10,,t2557_1,0.35,NORMAL,OFFLOAD,WARNING: heavy task offloaded (weight=0.35 >= 0.3),
1771436121.850,0.1,73.32,4.8136,1.089,34.9,3,,,0.03260,0.5544,0.0000,0.1657,0.0000,0.3260,0.2896,0.1786,SAFE,False,10,0,,,,,,
1771436121.850,0.1,72.97,4.7715,1.058,32.7,3,,,0.03289,0.5314,0.0000,0.3566,0.0000,0.3289,0.2739,0.1978,SAFE,False,10,0,,,,,,
1771436121.850,0.1,,,,,,,,,,,,,,,0.1978,SAFE,,10,,t2559_0,0.73,NORMAL,LOCAL,SAFE: all tasks permitted (weight=0.73),
1771436121.850,0.1,73.02,4.7222,1.154,39.5,4,,,0.03363,0.5349,0.0000,0.5808,0.0000,0.3363,0.3368,0.2407,SAFE,False,10,0,,,,,,
1771436121.851,0.1,,,,,,,,,,,,,,,0.2407,SAFE,,10,,t2560_0,0.54,NORMAL,LOCAL,SAFE: all tasks permitted (weight=0.54),
1771436121.851,0.1,72.37,4.7395,1.210,43.6,5,-60048.621,22.45655,0.03391,0.4914,0.0000,0.5024,0.0000,0.3391,0.3801,0.2342,SAFE,False,10,0,,,,,,
1771436121.851,0.1,,,,,,,,,,,,,,,0.2342,SAFE,,10,,t2561_0,0.78,HIGH,LOCAL,SAFE: all tasks permitted (weight=0.78),
1771436121.851,0.1,,,,,,,,,,,,,,,0.2342,SAFE,,10,,t2561_1,0.30,NORMAL,LOCAL,SAFE: all tasks permitted (weight=0.30),
1771436121.851,0.1,73.80,4.6940,1.355,53.9,6,42942.833,-40.47080,0.03505,0.5868,0.0000,0.7091,0.0000,0.3505,0.4676,0.2912,WARNING,False,10,0,,,,,,
1771436121.851,0.1,,,,,,,,,,,,,,,0.2912,WARNING,,10,,t2562_0,0.32,LOW,OFFLOAD,WARNING: heavy task offloaded (weight=0.32 >= 0.3),
1771436121.851,0.1,73.99,4.6873,1.305,50.4,5,28485.917,-114.24722,0.03931,0.5994,0.0000,0.7398,0.0000,0.3931,0.4276,0.2929,WARNING,False,10,0,,,,,,
1771436121.851,0.1,,,,,,,,,,,,,,,0.2929,WARNING,,10,,t2563_0,0.40,NORMAL,OFFLOAD,WARNING: heavy task offloaded (weight=0.40 >= 0.3),
1771436121.851,0.1,74.15,4.7489,1.259,47.1,5,79754.701,-30.63580,0.03825,0.6101,0.0000,0.4597,0.0000,0.3825,0.4044,0.2521,WARNING,False,10,0,,,,,,window_reset|B=10
1771436121.851,0.1,,,,,,,,,,,,,,,0.2521,WARNING,,10,,t2564_0,0.75,CRITICAL,OFFLOAD,WARNING: heavy task offloaded (weight=0.75 >= 0.3),
1771436121.851,0.1,,,,,,,,,,,,,,,0.2521,WARNING,,10,,t2564_1,0.23,NORMAL,LOCAL,WARNING: lightweight task permitted (weight=0.23 < 0.3),
1771436121.851,0.1,74.76,4.7394,1.256,46.8,5,100574.902,-29.37405,0.03723,0.6504,0.0000,0.5029,0.0000,0.3723,0.4028,0.2612,WARNING,False,10,0,,,,,,
1771436121.851,0.1,74.08,4.7611,1.213,43.8,5,46215.027,-52.69983,0.03702,0.6055,0.0000,0.4042,0.0000,0.3702,0.3814,0.2385,WARNING,False,10,0,,,,,,
1771436121.851,0.1,74.45,4.7503,1.173,40.9,4,89022.855,-21.33079,0.03398,0.6298,0.0000,0.4531,0.0000,0.3398,0.3464,0.2377,WARNING,False,10,0,,,,,,
1771436121.851,0.1,74.69,4.7499,1.136,38.3,4,100164.035,27.83944,0.03266,0.6457,0.0000,0.4548,0.0000,0.3266,0.3278,0.2348,WARNING,False,10,0,,,,,,
1771436121.851,0.1,74.25,4.7700,1.101,35.8,4,,,0.03275,0.6169,0.0000,0.3634,0.0000,0.3275,0.3105,0.2161,WARNING,False,10,0,,,,,,
1771436121.851,0.1,74.26,4.8272,1.069,33.5,3,,,0.03524,0.6173,0.0000,0.1034,0.0000,0.3524,0.2795,0.1787,SAFE,False,10,0,,,,,,
1771436121.851,0.1,,,,,,,,,,,,,,,0.1787,SAFE,,10,,t2570_0,0.23,HIGH,LOCAL,SAFE: all tasks permitted (weight=0.23),
1771436121.851,0.1,74.35,4.7432,1.078,34.1,3,,,0.03444,0.6233,0.0000,0.4854,0.0000,0.3444,0.2839,0.2291,SAFE,False,10,0,,,,,,
1771436121.851,0.1,,,,,,,,,,,,,,,0.2291,SAFE,,10,,t2571_0,0.40,HIGH,LOCAL,SAFE: all tasks permitted (weight=0.40),
1771436121.851,0.1,74.18,4.7660,1.115,36.8,4,,,0.03422,0.6123,0.0000,0.3817,0.0000,0.3422,0.3177,0.2209,SAFE,False,10,0,,,,,,
1771436121.851,0.1,,,,,,,,,,,,,,,0.2209,SAFE,,10,,t2572_0,0.35,NORMAL,LOCAL,SAFE: all tasks permitted (weight=0.35),
1771436121.851,0.1,,,,,,,,,,,,,,,0.2209,SAFE,,10,,t2572_1,0.73,CRITICAL,LOCAL,SAFE: all tasks permitted (weight=0.73),
1771436121.851,0.1,73.96,4.7157,1.267,47.7,5,,,0.03533,0.5975,0.0000,0.6106,0.0000,0.3533,0.4087,0.2682,WARNING,False,10,0,,,,,,
1771436121.851,0.1,74.42,4.6992,1.224,44.5,5,,,0.03471,0.6280,0.0000,0.6854,0.0000,0.3471,0.3868,0.2765,WARNING,False,10,0,,,,,,
1771436121.851,0.1,74.30,4.7560,1.183,41.6,4,,,0.02978,0.6203,0.0000,0.4272,0.0000,0.2978,0.3515,0.2300,WARNING,False,10,0,,,,,,
1771436121.851,0.1,74.33,4.7434,1.145,38.9,4,,,0.02987,0.6219,0.0000,0.4844,0.0000,0.2987,0.3325,0.2340,WARNING,False,10,0,,,,,,
1771436121.851,0.1,,,,,,,,,,,,,,,0.2340,WARNING,,10,,t2576_0,0.68,NORMAL,OFFLOAD,WARNING: heavy task offloaded (weight=0.68 >= 0.3),
1771436121.851,0.1,74.63,4.7348,1.110,36.4,4,,,0.03006,0.6423,0.0000,0.5238,0.0000,0.3006,0.3149,0.2382,WARNING,False,10,0,,,,,,
1771436121.851,0.1,74.09,4.7348,1.077,34.1,3,,,0.03023,0.6061,0.0000,0.5237,0.0000,0.3023,0.2836,0.2277,WARNING,False,10,0,,,,,,
1771436121.851,0.1,,,,,,,,,,,,,,,0.2277,WARNING,,10,,t2578_0,0.28,NORMAL,LOCAL,WARNING: lightweight task permitted (weight=0.28 < 0.3),
1771436121.851,0.1,74.10,4.6521,1.095,35.4,4,,,0.04041,0.6065,0.0000,0.8996,0.0000,0.4041,0.3075,0.2916,WARNING,False,10,0,,,,,,window_reset|B=10
1771436121.851,0.1,,,,,,,,,,,,,,,0.2916,WARNING,,10,,t2579_0,0.70,NORMAL,OFFLOAD,WARNING: heavy task offloaded (weight=0.70 >= 0.3),
1771436121.851,0.1,74.06,4.7339,1.063,33.1,3,,,0.04036,0.6041,0.0000,0.5277,0.0000,0.4036,0.2766,0.2368,WARNING,False,10,0,,,,,,
1771436121.851,0.1,,,,,,,,,,,,,,,0.2368,WARNING,,10,,t2580_0,0.83,NORMAL,OFFLOAD,WARNING: heavy task offloaded (weight=0.83 >= 0.3),
1771436121.851,0.1,,,,,,,,,,,,,,,0.2368,WARNING,,10,,t2580_1,0.77,LOW,OFFLOAD,WARNING: heavy task offloaded (weight=0.77 >= 0.3),
1771436121.851,0.1,73.80,4.7972,1.034,31.0,3,,,0.04269,0.5870,0.0000,0.2401,0.0000,0.4269,0.2619,0.1967,WARNING,False,10,0,,,,,,
1771436121.851,0.1,,,,,,,,,,,,,,,0.1967,WARNING,,10,,t2581_0,0.42,LOW,OFFLOAD,WARNING: heavy task offloaded (weight=0.42 >= 0.3),
1771436121.851,0.1,,,,,,,,,,,,,,,0.1967,WARNING,,10,,t2581_1,0.48,LOW,OFFLOAD,WARNING: heavy task offloaded (weight=0.48 >= 0.3),
1771436121.851,0.1,73.83,4.7969,1.006,29.0,3,,,0.03823,0.5888,0.0000,0.2412,0.0000,0.3823,0.2482,0.1899,WARNING,False,10,0,,,,,,
1771436121.851,0.1,,,,,,,,,,,,,,,0.1899,WARNING,,10,,t2582_0,0.84,LOW,OFFLOAD,WARNING: heavy task offloaded (weight=0.84 >= 0.3),
1771436121.851,0.1,73.18,4.7944,0.981,27.2,3,,,0.04116,0.5456,0.0000,0.2528,0.0000,0.4116,0.2354,0.1866,WARNING,False,10,0,,,,,,
1771436121.851,0.1,,,,,,,,,,,,,,,0.1866,WARNING,,10,,t2583_0,0.35,CRITICAL,OFFLOAD,WARNING: heavy task offloaded (weight=0.35 >= 0.3),
1771436121.851,0.1,,,,,,,,,,,,,,,0.1866,WARNING,,10,,t2583_1,0.55,NORMAL,OFFLOAD,WARNING: heavy task offloaded (weight=0.55 >= 0.3),
1771436121.851,0.1,73.15,4.7805,0.957,25.5,2,,,0.04199,0.5430,0.0000,0.3161,0.0000,0.4199,0.2086,0.1900,WARNING,False,10,0,,,,,,
1771436121.852,0.1,72.80,4.8344,0.935,23.9,2,-73247.483,66.26049,0.04756,0.5199,0.0000,0.0708,0.0000,0.4756,0.1975,0.1587,SAFE,False,10,0,,,,,,
1771436121.852,0.1,,,,,,,,,,,,,,,0.1587,SAFE,,10,,t2585_0,0.39,NORMAL,LOCAL,SAFE: all tasks permitted (weight=0.39),
1771436121.852,0.1,72.22,4.8266,0.982,27.3,3,-74809.371,61.06908,0.04819,0.4811,0.0000,0.1062,0.0000,0.4819,0.2360,0.1669,SAFE,False,10,0,,,,,,
1771436121.852,0.1,,,,,,,,,,,,,,,0.1669,SAFE,,10,,t2586_0,0.34,LOW,LOCAL,SAFE: all tasks permitted (weight=0.34),
1771436121.852,0.1,72.31,4.8182,1.017,29.8,3,-71192.923,110.42225,0.05019,0.4875,0.0000,0.1447,0.0000,0.5019,0.2534,0.1782,SAFE,False,10,0,,,,,,
1771436121.852,0.1,72.14,4.8119,0.991,27.9,3,-76640.939,51.82502,0.05067,0.4760,0.0000,0.1734,0.0000,0.5067,0.2403,0.1784,SAFE,False,10,0,,,,,,
1771436121.852,0.1,71.87,4.8263,0.966,26.2,2,-77190.076,19.37361,0.05073,0.4580,0.0000,0.1077,0.0000,0.5073,0.2131,0.1623,SAFE,False,10,0,,,,,,
1771436121.852,0.1,71.18,4.8296,0.944,24.5,2,-105740.972,21.71186,0.04984,0.4121,0.0000,0.0927,0.0000,0.4984,0.2018,0.1517,SAFE,False,10,0,,,,,,
1771436121.852,0.1,71.29,4.8005,0.922,23.0,2,-75684.889,4.08554,0.02665,0.4192,0.0000,0.2249,0.0000,0.2665,0.1912,0.1444,SAFE,False,10,0,,,,,,
1771436121.852,0.1,,,,,,,,,,,,,,,0.1444,SAFE,,10,,t2591_0,0.61,HIGH,LOCAL,SAFE: all tasks permitted (weight=0.61),
1771436121.852,0.1,71.14,4.8031,1.008,29.1,3,-80045.071,15.06184,0.01629,0.4093,0.0000,0.2131,0.0000,0.1629,0.2489,0.1429,SAFE,False,10,0,,,,,,
1771436121.852,0.1,,,,,,,,,,,,,,,0.1429,SAFE,,10,,t2592_0,0.53,LOW,LOCAL,SAFE: all tasks permitted (weight=0.53),
1771436121.852,0.1,70.20,4.7459,1.073,33.8,3,,,0.02400,0.3465,0.0000,0.4734,0.0000,0.2400,0.2813,0.1834,SAFE,False,10,0,,,,,,
1771436121.852,0.1,,,,,,,,,,,,,,,0.1834,SAFE,,10,,t2593_0,0.31,LOW,LOCAL,SAFE: all tasks permitted (weight=0.31),
1771436121.852,0.1,69.99,4.7569,1.096,35.4,4,,,0.02751,0.3327,0.0000,0.4232,0.0000,0.2751,0.3080,0.1840,SAFE,False,10,0,,,,,,window_reset|B=10
1771436121.852,0.1,71.18,4.8239,1.064,33.2,3,,,0.02800,0.4118,0.0000,0.1185,0.0000,0.2800,0.2771,0.1482,SAFE,False,10,0,,,,,,
1771436121.852,0.1,,,,,,,,,,,,,,,0.1482,SAFE,,10,,t2595_0,0.21,LOW,LOCAL,SAFE: all tasks permitted (weight=0.21),
1771436121.852,0.1,71.22,4.7762,1.070,33.6,3,,,0.02833,0.4149,0.0000,0.3352,0.0000,0.2833,0.2801,0.1777,SAFE,False,10,0,,,,,,
1771436121.852,0.1,71.11,4.7826,1.040,31.4,3,,,0.02736,0.4076,0.0000,0.3062,0.0000,0.2736,0.2651,0.1691,SAFE,False,10,0,,,,,,
1771436121.852,0.1,,,,,,,,,,,,,,,0.1691,SAFE,,10,,t2597_0,0.21,LOW,LOCAL,SAFE: all tasks permitted (weight=0.21),
1771436121.852,0.1,,,,,,,,,,,,,,,0.1691,SAFE,,10,,t2597_1,0.44,NORMAL,LOCAL,SAFE: all tasks permitted (weight=0.44),
1771436121.852,0.1,70.29,4.7307,1.125,37.5,4,,,0.03206,0.3529,0.0000,0.5422,0.0000,0.3206,0.3225,0.2094,SAFE,False,10,0,,,,,,
1771436121.852,0.1,70.89,4.7534,1.091,35.1,4,,,0.03267,0.3930,0.0000,0.4390,0.0000,0.3267,0.3056,0.1980,SAFE,False,10,0,,,,,,
1771436121.853,0.1,,,,,,,,,,,,,,,0.1980,SAFE,,10,,t2599_0,0.52,NORMAL,LOCAL,SAFE: all tasks permitted (weight=0.52),
1771436121.853,0.1,70.47,4.7374,1.150,39.3,4,-58217.037,-94.86681,0.03435,0.3645,0.0000,0.5119,0.0000,0.3435,0.3350,0.2116,SAFE,False,10,0,,,,,,
1771436121.853,0.1,,,,,,,,,,,,,,,0.2116,SAFE,,10,,t2600_0,0.82,CRITICAL,LOCAL,SAFE: all tasks permitted (weight=0.82),
1771436121.853,0.1,70.90,4.7109,1.255,46.8,5,60959.548,-50.38959,0.03629,0.3934,0.0000,0.6321,0.0000,0.3629,0.4025,0.2462,SAFE,False,10,0,,,,,,
1771436121.853,0.1,,,,,,,,,,,,,,,0.2462,SAFE,,10,,t2601_0,0.40,NORMAL,LOCAL,SAFE: all tasks permitted (weight=0.40),
1771436121.853,0.1,71.56,4.7143,1.281,48.7,5,135909.801,-61.42546,0.03471,0.4374,0.0000,0.6166,0.0000,0.3471,0.4156,0.2505,WARNING,False,10,0,,,,,,
1771436121.853,0.1,,,,,,,,,,,,,,,0.2505,WARNING,,10,,t2602_0,0.40,NORMAL,OFFLOAD,WARNING: heavy task offloaded (weight=0.40 >= 0.3),
1771436121.853,0.1,71.77,4.7171,1.236,45.5,5,51082.269,-154.13006,0.03451,0.4511,0.0000,0.6039,0.0000,0.3451,0.3932,0.2458,WARNING,False,10,0,,,,,,
1771436121.853,0.1,,,,,,,,,,,,,,,0.2458,WARNING,,10,,t2603_0,0.36,CRITICAL,OFFLOAD,WARNING: heavy task offloaded (weight=0.36 >= 0.3),
1771436121.853,0.1,71.72,4.7108,1.195,42.5,4,43166.151,-94.39580,0.03305,0.4482,0.0000,0.6325,0.0000,0.3305,0.3574,0.2405,WARNING,False,10,0,,,,,,
1771436121.853,0.1,71.60,4.7650,1.156,39.7,4,41889.079,-25.50243,0.03343,0.4399,0.0000,0.3865,0.0000,0.3343,0.3380,0.2041,WARNING,False,10,0,,,,,,
1771436121.853,0.1,71.81,4.7695,1.120,37.1,4,131188.221,55.91741,0.03387,0.4539,0.0000,0.3661,0.0000,0.3387,0.3200,0.1999,WARNING,False,10,0,,,,,,
1771436121.853,0.1,,,,,,,,,,,,,,,0.1999,WARNING,,10,,t2606_0,0.62,HIGH,OFFLOAD,WARNING: heavy task offloaded (weight=0.62 >= 0.3),
1771436121.853,0.1,71.14,4.7461,1.087,34.8,3,21702.298,-10.62414,0.02535,0.4097,0.0000,0.4725,0.0000,0.2535,0.2883,0.1936,WARNING,False,10,0,,,,,,
1771436121.853,0.1,71.52,4.7965,1.056,32.5,3,,,0.02805,0.4347,0.0000,0.2433,0.0000,0.2805,0.2728,0.1664,SAFE,False,10,0,,,,,,
1771436121.853,0.1,,,,,,,,,,,,,,,0.1664,SAFE,,10,,t2608_0,0.54,NORMAL,LOCAL,SAFE: all tasks permitted (weight=0.54),
1771436121.853,0.1,71.67,4.7398,1.120,37.1,4,,,0.02559,0.4448,0.0000,0.5011,0.0000,0.2559,0.3200,0.2081,SAFE,False,10,0,,,,,,window_reset|B=10
1771436121.853,0.1,71.45,4.7602,1.086,34.7,3,,,0.02590,0.4303,0.0000,0.4081,0.0000,0.2590,0.2882,0.1882,SAFE,False,10,0,,,,,,
1771436121.853,0.1,,,,,,,,,,,,,,,0.1882,SAFE,,10,,t2610_0,0.66,LOW,LOCAL,SAFE: all tasks permitted (weight=0.66),
1771436121.853,0.1,71.85,4.7335,1.170,40.7,4,,,0.02585,0.4570,0.0000,0.5297,0.0000,0.2585,0.3450,0.2186,SAFE,False,10,0,,,,,,
1771436121.853,0.1,71.10,4.7485,1.133,38.1,4,,,0.02587,0.4067,0.0000,0.4612,0.0000,0.2587,0.3266,0.1999,SAFE,False,10,0,,,,,,
1771436121.853,0.1,,,,,,,,,,,,,,,0.1999,SAFE,,10,,t2612_0,0.81,HIGH,LOCAL,SAFE: all tasks permitted (weight=0.81),
1771436121.853,0.1,71.95,4.7631,1.239,45.6,5,,,0.02452,0.4635,0.0000,0.3949,0.0000,0.2452,0.3943,0.2103,SAFE,False,10,0,,,,,,
1771436121.853,0.1,71.85,4.7279,1.197,42.6,4,,,0.02327,0.4570,0.0000,0.5550,0.0000,0.2327,0.3584,0.2219,SAFE,False,10,0,,,,,,
1771436121.853,0.1,,,,,,,,,,,,,,,0.2219,SAFE,,10,,t2614_0,0.74,NORMAL,LOCAL,SAFE: all tasks permitted (weight=0.74),
1771436121.853,0.1,,,,,,,,,,,,,,,0.2219,SAFE,,10,,t2614_1,0.41,HIGH,LOCAL,SAFE: all tasks permitted (weight=0.41),
1771436121.853,0.1,72.46,4.6943,1.358,54.1,6,,,0.02645,0.4974,0.0000,0.7080,0.0000,0.2645,0.4689,0.2720,WARNING,False,10,0,,,,,,
1771436121.854,0.1,,,,,,,,,,,,,,,0.2720,WARNING,,10,,t2615_0,0.79,NORMAL,OFFLOAD,WARNING: heavy task offloaded (weight=0.79 >= 0.3),
1771436121.854,0.1,72.98,4.7140,1.308,50.6,5,144330.046,-135.57082,0.02611,0.5322,0.0000,0.6181,0.0000,0.2611,0.4289,0.2561,WARNING,False,10,0,,,,,,
1771436121.854,0.1,,,,,,,,,,,,,,,0.2561,WARNING,,10,,t2616_0,0.84,LOW,OFFLOAD,WARNING: heavy task offloaded (weight=0.84 >= 0.3),
1771436121.854,0.1,73.16,4.7335,1.261,47.2,5,146827.076,-10.23023,0.02570,0.5440,0.0000,0.5293,0.0000,0.2570,0.4056,0.2409,WARNING,False,10,0,,,,,,
1771436121.854,0.1,72.71,4.7116,1.218,44.1,5,123478.495,-79.87211,0.02588,0.5137,0.0000,0.6289,0.0000,0.2588,0.3839,0.2461,WARNING,False,10,0,,,,,,
1771436121.854,0.1,73.26,4.7548,1.177,41.2,4,138879.976,35.01106,0.02618,0.5508,0.0000,0.4329,0.0000,0.2618,0.3487,0.2183,WARNING,False,10,0,,,,,,
1771436121.854,0.1,,,,,,,,,,,,,,,0.2183,WARNING,,10,,t2619_0,0.43,HIGH,OFFLOAD,WARNING: heavy task offloaded (weight=0.43 >= 0.3),
1771436121.854,0.1,73.08,4.7889,1.140,38.6,4,195201.819,66.30137,0.02486,0.5386,0.0000,0.2779,0.0000,0.2486,0.3300,0.1916,WARNING,False,10,0,,,,,,
1771436121.854,0.1,,,,,,,,,,,,,,,0.1916,WARNING,,10,,t2620_0,0.80,HIGH,OFFLOAD,WARNING: heavy task offloaded (weight=0.80 >= 0.3),
1771436121.854,0.1,73.31,4.7826,1.105,36.1,4,133862.462,31.96310,0.02761,0.5539,0.0000,0.3065,0.0000,0.2761,0.3126,0.1964,WARNING,False,10,0,,,,,,
1771436121.854,0.1,72.70,4.7872,1.073,33.8,3,83091.754,97.51622,0.02994,0.5131,0.0000,0.2854,0.0000,0.2994,0.2814,0.1849,WARNING,False,10,0,,,,,,
1771436121.854,0.1,72.97,4.7795,1.043,31.6,3,50048.651,140.20909,0.03114,0.5313,0.0000,0.3203,0.0000,0.3114,0.2663,0.1898,WARNING,False,10,0,,,,,,
1771436121.854,0.1,72.60,4.8021,1.015,29.6,3,,,0.03445,0.5066,0.0000,0.2176,0.0000,0.3445,0.2523,0.1740,SAFE,False,10,0,,,,,,window_reset|B=10
1771436121.854,0.1,72.02,4.8024,0.988,27.7,3,,,0.03700,0.4678,0.0000,0.2162,0.0000,0.3700,0.2392,0.1691,SAFE,False,10,0,,,,,,
1771436121.854,0.1,72.46,4.7818,0.964,26.0,2,,,0.03652,0.4970,0.0000,0.3101,0.0000,0.3652,0.2121,0.1789,SAFE,False,10,0,,,,,,
1771436121.854,0.1,,,,,,,,,,,,,,,0.1789,SAFE,,10,,t2626_0,0.53,NORMAL,LOCAL,SAFE: all tasks permitted (weight=0.53),
1771436121.854,0.1,71.65,4.8152,1.034,31.0,3,,,0.03323,0.4431,0.0000,0.1583,0.0000,0.3323,0.2618,0.1593,SAFE,False,10,0,,,,,,
1771436121.854,0.1,72.24,4.7866,1.006,29.0,3,,,0.02856,0.4827,0.0000,0.2880,0.0000,0.2856,0.2481,0.1735,SAFE,False,10,0,,,,,,
1771436121.854,0.1,,,,,,,,,,,,,,,0.1735,SAFE,,10,,t2628_0,0.70,HIGH,LOCAL,SAFE: all tasks permitted (weight=0.70),
1771436121.854,0.1,71.83,4.7544,1.102,35.8,4,,,0.02640,0.4551,0.0000,0.4345,0.0000,0.2640,0.3108,0.1997,SAFE,False,10,0,,,,,,
1771436121.854,0.1,,,,,,,,,,,,,,,0.1997,SAFE,,10,,t2629_0,0.32,HIGH,LOCAL,SAFE: all tasks permitted (weight=0.32),
1771436121.854,0.1,71.60,4.7682,1.125,37.5,4,,,0.01753,0.4397,0.0000,0.3716,0.0000,0.1753,0.3223,0.1831,SAFE,False,10,0,,,,,,
1771436121.854,0.1,,,,,,,,,,,,,,,0.1831,SAFE,,10,,t2630_0,0.72,NORMAL,LOCAL,SAFE: all tasks permitted (weight=0.72),
1771436121.854,0.1,72.19,4.7413,1.215,43.9,5,,,0.01965,0.4794,0.0000,0.4943,0.0000,0.1965,0.3826,0.2180,SAFE,False,10,0,,,,,,
1771436121.854,0.1,72.25,4.7588,1.175,41.1,4,,,0.02057,0.4834,0.0000,0.4144,0.0000,0.2057,0.3476,0.2020,SAFE,False,10,0,,,,,,
1771436121.854,0.1,71.69,4.7585,1.138,38.4,4,,,0.02138,0.4460,0.0000,0.4159,0.0000,0.2138,0.3289,0.1947,SAFE,False,10,0,,,,,,
1771436121.854,0.1,,,,,,,,,,,,,,,0.1947,SAFE,,10,,t2633_0,0.78,NORMAL,LOCAL,SAFE: all tasks permitted (weight=0.78),
1771436121.854,0.1,73.01,4.7047,1.239,45.7,5,,,0.02916,0.5341,0.0000,0.6603,0.0000,0.2916,0.3946,0.2580,WARNING,False,10,0,,,,,,
1771436121.854,0.1,72.26,4.7583,1.197,42.7,4,,,0.02924,0.4839,0.0000,0.4170,0.0000,0.2924,0.3587,0.2133,WARNING,False,10,0,,,,,,
1771436121.854,0.1,,,,,,,,,,,,,,,0.2133,WARNING,,10,,t2635_0,0.44,NORMAL,OFFLOAD,WARNING: heavy task offloaded (weight=0.44 >= 0.3),
1771436121.854,0.1,72.30,4.7411,1.158,39.9,4,,,0.02840,0.4865,0.0000,0.4949,0.0000,0.2840,0.3392,0.2190,WARNING,False,10,0,,,,,,
1771436121.854,0.1,,,,,,,,,,,,,,,0.2190,WARNING,,10,,t2636_0,0.22,HIGH,LOCAL,WARNING: lightweight task permitted (weight=0.22 < 0.3),
1771436121.854,0.1,72.88,4.7420,1.160,40.0,4,,,0.02648,0.5252,0.0000,0.4909,0.0000,0.2648,0.3399,0.2213,WARNING,False,10,0,,,,,,
1771436121.854,0.1,72.72,4.7833,1.123,37.4,4,,,0.02659,0.5148,0.0000,0.3033,0.0000,0.2659,0.3217,0.1921,WARNING,False,10,0,,,,,,
1771436121.854,0.1,72.96,4.7566,1.090,35.0,3,,,0.02059,0.5306,0.0000,0.4245,0.0000,0.2059,0.2899,0.1974,WARNING,False,10,0,,,,,,window_reset|B=10
1771436121.854,0.1,,,,,,,,,,,,,,,0.1974,WARNING,,10,,t2639_0,0.38,HIGH,OFFLOAD,WARNING: heavy task offloaded (weight=0.38 >= 0.3),
1771436121.854,0.1,71.98,4.7841,1.058,32.7,3,,,0.02028,0.4651,0.0000,0.2994,0.0000,0.2028,0.2742,0.1699,SAFE,False,10,0,,,,,,
1771436121.854,0.1,,,,,,,,,,,,,,,0.1699,SAFE,,10,,t2640_0,0.63,HIGH,LOCAL,SAFE: all tasks permitted (weight=0.63),
1771436121.854,0.1,,,,,,,,,,,,,,,0.1699,SAFE,,10,,t2640_1,0.65,CRITICAL,LOCAL,SAFE: all tasks permitted (weight=0.65),
1771436121.854,0.1,,,,,,,,,,,,,,,0.1699,SAFE,,10,,t2640_2,0.75,NORMAL,LOCAL,SAFE: all tasks permitted (weight=0.75),
1771436121.854,0.1,,,,,,,,,,,,,,,0.1699,SAFE,,10,,t2640_3,0.33,NORMAL,LOCAL,SAFE: all tasks permitted (weight=0.33),
1771436121.854,0.1,72.58,4.6220,1.440,60.0,7,,,0.04179,0.5050,0.0000,1.0000,0.0000,0.4179,0.5250,0.3374,WARNING,False,10,0,,,,,,FAILURE:BROWNOUT(V=4.622V)
1771436121.854,0.1,73.41,4.6902,1.384,56.0,6,,,0.04344,0.5608,0.0000,0.7262,0.0000,0.4344,0.4820,0.3015,WARNING,False,10,0,,,,,,
1771436121.854,0.1,,,,,,,,,,,,,,,0.3015,WARNING,,10,,t2642_0,0.64,CRITICAL,OFFLOAD,WARNING: heavy task offloaded (weight=0.64 >= 0.3),
1771436121.854,0.1,,,,,,,,,,,,,,,0.3015,WARNING,,10,,t2642_1,0.59,NORMAL,OFFLOAD,WARNING: heavy task offloaded (weight=0.59 >= 0.3),
1771436121.854,0.1,73.43,4.6736,1.332,52.3,6,,,0.04675,0.5623,0.0000,0.8017,0.0000,0.4675,0.4561,0.3097,WARNING,False,10,0,,,,,,
1771436121.854,0.1,,,,,,,,,,,,,,,0.3097,WARNING,,10,,t2643_0,0.73,NORMAL,OFFLOAD,WARNING: heavy task offloaded (weight=0.73 >= 0.3),
1771436121.854,0.1,73.84,4.6998,1.284,48.8,5,,,0.04668,0.5894,0.0000,0.6829,0.0000,0.4668,0.4169,0.2896,WARNING,False,10,0,,,,,,
1771436121.854,0.1,74.05,4.7121,1.239,45.6,5,,,0.04575,0.6031,0.0000,0.6266,0.0000,0.4575,0.3944,0.2785,WARNING,False,10,0,,,,,,
1771436121.854,0.1,74.78,4.7278,1.197,42.7,4,,,0.04546,0.6518,0.0000,0.5553,0.0000,0.4546,0.3586,0.2676,WARNING,False,10,0,,,,,,
1771436121.854,0.1,74.30,4.7219,1.158,39.9,4,,,0.04429,0.6200,0.0000,0.5823,0.0000,0.4429,0.3391,0.2622,WARNING,False,10,0,,,,,,
1771436121.854,0.1,73.88,4.7790,1.122,37.3,4,,,0.04687,0.5918,0.0000,0.3228,0.0000,0.4687,0.3211,0.2241,WARNING,False,10,0,,,,,,
1771436121.854,0.1,73.90,4.7720,1.089,34.9,3,,,0.04851,0.5934,0.0000,0.3543,0.0000,0.4851,0.2893,0.2236,WARNING,False,10,0,,,,,,
1771436121.855,0.1,,,,,,,,,,,,,,,0.2236,WARNING,,10,,t2649_0,0.66,NORMAL,OFFLOAD,WARNING: heavy task offloaded (weight=0.66 >= 0.3),
1771436121.855,0.1,,,,,,,,,,,,,,,0.2236,WARNING,,10,,t2649_1,0.59,CRITICAL,OFFLOAD,WARNING: heavy task offloaded (weight=0.59 >= 0.3),
1771436121.855,0.1,74.05,4.7696,1.057,32.7,3,34479.685,71.58525,0.04732,0.6033,0.0000,0.3655,0.0000,0.4732,0.2736,0.2220,WARNING,False,10,0,,,,,,
1771436121.855,0.1,74.17,4.7855,1.028,30.6,3,39743.373,100.95175,0.04952,0.6113,0.0000,0.2930,0.0000,0.4952,0.2591,0.2128,WARNING,False,10,0,,,,,,
1771436121.855,0.1,73.39,4.8172,1.001,28.7,3,-24625.444,105.98684,0.05333,0.5591,0.0000,0.1490,0.0000,0.5333,0.2456,0.1889,WARNING,False,10,0,,,,,,
1771436121.855,0.1,,,,,,,,,,,,,,,0.1889,WARNING,,10,,t2652_0,0.23,NORMAL,LOCAL,WARNING: lightweight task permitted (weight=0.23 < 0.3),
1771436121.855,0.1,73.27,4.7878,1.015,29.7,3,-42279.050,68.28538,0.04400,0.5511,0.0000,0.2826,0.0000,0.4400,0.2526,0.1974,WARNING,False,10,0,,,,,,
1771436121.855,0.1,,,,,,,,,,,,,,,0.1974,WARNING,,10,,t2653_0,0.62,NORMAL,OFFLOAD,WARNING: heavy task offloaded (weight=0.62 >= 0.3),
1771436121.855,0.1,73.08,4.7864,0.989,27.8,3,-91970.485,52.83034,0.04206,0.5386,0.0000,0.2891,0.0000,0.4206,0.2395,0.1922,WARNING,False,10,0,,,,,,window_reset|B=10
1771436121.855,0.1,,,,,,,,,,,,,,,0.1922,WARNING,,10,,t2654_0,0.29,LOW,LOCAL,WARNING: lightweight task permitted (weight=0.29 < 0.3),
1771436121.855,0.1,,,,,,,,,,,,,,,0.1922,WARNING,,10,,t2654_1,0.54,LOW,OFFLOAD,WARNING: heavy task offloaded (weight=0.54 >= 0.3),
1771436121.855,0.1,72.83,4.7519,1.016,29.7,3,-79772.200,27.07254,0.03472,0.5217,0.0000,0.4459,0.0000,0.3472,0.2528,0.2058,WARNING,False,10,0,,,,,,
1771436121.855,0.1,,,,,,,,,,,,,,,0.2058,WARNING,,10,,t2655_0,0.65,LOW,OFFLOAD,WARNING: heavy task offloaded (weight=0.65 >= 0.3),
1771436121.855,0.1,72.28,4.8527,0.989,27.8,3,-86717.008,66.53546,0.03841,0.4850,0.0000,0.0000,0.0000,0.3841,0.2397,0.1446,SAFE,False,10,0,,,,,,
1771436121.855,0.1,72.43,4.8113,0.965,26.1,2,-79649.605,35.44258,0.03518,0.4953,0.0000,0.1758,0.0000,0.3518,0.2125,0.1600,SAFE,False,10,0,,,,,,
1771436121.855,0.1,71.57,4.8132,0.942,24.5,2,,,0.03237,0.4383,0.0000,0.1674,0.0000,0.3237,0.2012,0.1470,SAFE,False,10,0,,,,,,
1771436121.855,0.1,,,,,,,,,,,,,,,0.1470,SAFE,,10,,t2658_0,0.75,LOW,LOCAL,SAFE: all tasks permitted (weight=0.75),
1771436121.855,0.1,72.03,4.8012,1.053,32.4,3,,,0.02574,0.4689,0.0000,0.2220,0.0000,0.2574,0.2715,0.1652,SAFE,False,10,0,,,,,,
1771436121.855,0.1,,,,,,,,,,,,,,,0.1652,SAFE,,10,,t2659_0,0.43,LOW,LOCAL,SAFE: all tasks permitted (weight=0.43),
1771436121.855,0.1,71.93,4.7828,1.100,35.7,4,,,0.02558,0.4618,0.0000,0.3054,0.0000,0.2558,0.3098,0.1826,SAFE,False,10,0,,,,,,
1771436121.855,0.1,71.26,4.7908,1.068,33.4,3,,,0.02473,0.4172,0.0000,0.2691,0.0000,0.2473,0.2788,0.1655,SAFE,False,10,0,,,,,,
1771436121.855,0.1,71.83,4.7931,1.038,31.3,3,,,0.02347,0.4552,0.0000,0.2585,0.0000,0.2347,0.2639,0.1645,SAFE,False,10,0,,,,,,
1771436121.855,0.1,71.44,4.8371,1.010,29.3,3,,,0.02546,0.4290,0.0000,0.0585,0.0000,0.2546,0.2500,0.1345,SAFE,False,10,0,,,,,,
1771436121.855,0.1,,,,,,,,,,,,,,,0.1345,SAFE,,10,,t2663_0,0.25,HIGH,LOCAL,SAFE: all tasks permitted (weight=0.25),
1771436121.855,0.1,,,,,,,,,,,,,,,0.1345,SAFE,,10,,t2663_1,0.45,HIGH,LOCAL,SAFE: all tasks permitted (weight=0.45),
1771436121.855,0.1,71.17,4.7489,1.107,36.2,4,,,0.02887,0.4116,0.0000,0.4597,0.0000,0.2887,0.3134,0.2007,SAFE,False,10,0,,,,,,
1771436121.855,0.1,,,,,,,,,,,,,,,0.2007,SAFE,,10,,t2664_0,0.26,HIGH,LOCAL,SAFE: all tasks permitted (weight=0.26),
1771436121.855,0.1,71.61,4.7785,1.120,37.1,4,,,0.02921,0.4406,0.0000,0.3250,0.0000,0.2921,0.3200,0.1883,SAFE,False,10,0,,,,,,
1771436121.855,0.1,,,,,,,,,,,,,,,0.1883,SAFE,,10,,t2665_0,0.80,NORMAL,LOCAL,SAFE: all tasks permitted (weight=0.80),
1771436121.855,0.1,71.64,4.7530,1.227,44.8,5,,,0.03146,0.4424,0.0000,0.4408,0.0000,0.3146,0.3883,0.2195,SAFE,False,10,0,,,,,,
1771436121.855,0.1,71.36,4.7489,1.186,41.8,4,,,0.03179,0.4241,0.0000,0.4594,0.0000,0.3179,0.3528,0.2130,SAFE,False,10,0,,,,,,
1771436121.855,0.1,72.32,4.7687,1.148,39.1,4,,,0.02662,0.4883,0.0000,0.3695,0.0000,0.2662,0.3338,0.2000,SAFE,False,10,0,,,,,,
1771436121.855,0.1,,,,,,,,,,,,,,,0.2000,SAFE,,10,,t2668_0,0.59,NORMAL,LOCAL,SAFE: all tasks permitted (weight=0.59),
1771436121.855,0.1,71.26,4.7034,1.216,44.0,5,,,0.03371,0.4173,0.0000,0.6664,0.0000,0.3371,0.3829,0.2470,SAFE,False,10,0,,,,,,window_reset|B=10
1771436121.855,0.1,72.09,4.7461,1.176,41.1,4,,,0.03273,0.4729,0.0000,0.4721,0.0000,0.3273,0.3478,0.2204,SAFE,False,10,0,,,,,,
1771436121.855,0.1,72.67,4.7554,1.138,38.4,4,,,0.03165,0.5112,0.0000,0.4300,0.0000,0.3165,0.3291,0.2147,SAFE,False,10,0,,,,,,
1771436121.855,0.1,,,,,,,,,,,,,,,0.2147,SAFE,,10,,t2671_0,0.46,NORMAL,LOCAL,SAFE: all tasks permitted (weight=0.46),
1771436121.855,0.1,72.00,4.7485,1.183,41.6,4,,,0.03166,0.4667,0.0000,0.4612,0.0000,0.3166,0.3515,0.2179,SAFE,False,10,0,,,,,,
1771436121.855,0.1,,,,,,,,,,,,,,,0.2179,SAFE,,10,,t2672_0,0.38,NORMAL,LOCAL,SAFE: all tasks permitted (weight=0.38),
1771436121.855,0.1,71.99,4.7706,1.211,43.6,5,,,0.03073,0.4659,0.0000,0.3611,0.0000,0.3073,0.3805,0.2097,SAFE,False,10,0,,,,,,
1771436121.855,0.1,,,,,,,,,,,,,,,0.2097,SAFE,,10,,t2673_0,0.79,NORMAL,LOCAL,SAFE: all tasks permitted (weight=0.79),
1771436121.855,0.1,73.03,4.6571,1.308,50.6,5,,,0.04084,0.5353,0.0000,0.8767,0.0000,0.4084,0.4292,0.3049,WARNING,False,10,0,,,,,,
1771436121.855,0.1,,,,,,,,,,,,,,,0.3049,WARNING,,10,,t2674_0,0.55,HIGH,OFFLOAD,WARNING: heavy task offloaded (weight=0.55 >= 0.3),
1771436121.855,0.1,72.89,4.7257,1.262,47.3,5,,,0.03199,0.5262,0.0000,0.5649,0.0000,0.3199,0.4059,0.2497,WARNING,False,10,0,,,,,,
1771436121.855,0.1,,,,,,,,,,,,,,,0.2497,WARNING,,10,,t2675_0,0.36,HIGH,OFFLOAD,WARNING: heavy task offloaded (weight=0.36 >= 0.3),
1771436121.855,0.1,73.05,4.7432,1.218,44.2,5,,,0.03193,0.5366,0.0000,0.4853,0.0000,0.3193,0.3842,0.2363,WARNING,False,10,0,,,,,,
1771436121.855,0.1,,,,,,,,,,,,,,,0.2363,WARNING,,10,,t2676_0,0.59,LOW,OFFLOAD,WARNING: heavy task offloaded (weight=0.59 >= 0.3),
1771436121.855,0.1,73.04,4.7137,1.178,41.3,4,,,0.03068,0.5359,0.0000,0.6193,0.0000,0.3068,0.3490,0.2453,WARNING,False,10,0,,,,,,
1771436121.855,0.1,,,,,,,,,,,,,,,0.2453,WARNING,,10,,t2677_0,0.73,HIGH,OFFLOAD,WARNING: heavy task offloaded (weight=0.73 >= 0.3),
1771436121.855,0.1,73.46,4.7787,1.141,38.6,4,,,0.03262,0.5643,0.0000,0.3240,0.0000,0.3262,0.3303,0.2085,WARNING,False,10,0,,,,,,
1771436121.855,0.1,,,,,,,,,,,,,,,0.2085,WARNING,,10,,t2678_0,0.39,NORMAL,OFFLOAD,WARNING: heavy task offloaded (weight=0.39 >= 0.3),
1771436121.856,0.1,73.07,4.7994,1.106,36.1,4,23914.828,43.92408,0.03671,0.5378,0.0000,0.2300,0.0000,0.3671,0.3128,0.1937,WARNING,False,10,0,,,,,,
1771436121.856,0.1,72.77,4.7986,1.073,33.8,3,45812.466,49.94572,0.03932,0.5177,0.0000,0.2337,0.0000,0.3932,0.2816,0.1881,WARNING,False,10,0,,,,,,
1771436121.856,0.1,72.59,4.7904,1.043,31.6,3,35937.986,19.78937,0.03899,0.5059,0.0000,0.2710,0.0000,0.3899,0.2665,0.1882,WARNING,False,10,0,,,,,,
1771436121.856,0.1,73.45,4.7913,1.015,29.6,3,25028.398,133.93124,0.04037,0.5632,0.0000,0.2667,0.0000,0.4037,0.2525,0.1931,WARNING,False,10,0,,,,,,
1771436121.856,0.1,,,,,,,,,,,,,,,0.1931,WARNING,,10,,t2682_0,0.78,NORMAL,OFFLOAD,WARNING: heavy task offloaded (weight=0.78 >= 0.3),
1771436121.856,0.1,72.74,4.8049,0.989,27.8,3,-9149.242,79.05178,0.04256,0.5160,0.0000,0.2048,0.0000,0.4256,0.2394,0.1790,SAFE,False,10,0,,,,,,
1771436121.856,0.1,72.28,4.7957,0.965,26.0,2,-46186.111,52.31183,0.04347,0.4852,0.0000,0.2470,0.0000,0.4347,0.2123,0.1763,SAFE,False,10,0,,,,,,window_reset|B=10
1771436121.856,0.1,,,,,,,,,,,,,,,0.1763,SAFE,,10,,t2684_0,0.33,NORMAL,LOCAL,SAFE: all tasks permitted (weight=0.33),
1771436121.856,0.1,71.74,4.7885,0.999,28.5,3,-77840.408,74.60202,0.04397,0.4492,0.0000,0.2795,0.0000,0.4397,0.2446,0.1831,SAFE,False,10,0,,,,,,
1771436121.856,0.1,,,,,,,,,,,,,,,0.1831,SAFE,,10,,t2685_0,0.73,HIGH,LOCAL,SAFE: all tasks permitted (weight=0.73),
1771436121.856,0.1,72.23,4.7803,1.102,35.8,4,-74187.051,1.56551,0.02942,0.4817,0.0000,0.3168,0.0000,0.2942,0.3108,0.1906,SAFE,False,10,0,,,,,,
1771436121.856,0.1,,,,,,,,,,,,,,,0.1906,SAFE,,10,,t2686_0,0.65,HIGH,LOCAL,SAFE: all tasks permitted (weight=0.65),
1771436121.856,0.1,,,,,,,,,,,,,,,0.1906,SAFE,,10,,t2686_1,0.68,HIGH,LOCAL,SAFE: all tasks permitted (weight=0.68),
1771436121.856,0.1,73.06,4.6817,1.301,50.1,5,,,0.03716,0.5377,0.0000,0.7649,0.0000,0.3716,0.4256,0.2862,WARNING,False,10,0,,,,,,
1771436121.856,0.1,72.90,4.7019,1.255,46.8,5,,,0.04137,0.5265,0.0000,0.6732,0.0000,0.4137,0.4025,0.2726,WARNING,False,10,0,,,,,,
1771436121.856,0.1,72.70,4.7473,1.212,43.7,5,,,0.03860,0.5132,0.0000,0.4669,0.0000,0.3860,0.3811,0.2371,WARNING,False,10,0,,,,,,
1771436121.856,0.1,72.19,4.7299,1.172,40.9,4,,,0.04017,0.4792,0.0000,0.5460,0.0000,0.4017,0.3461,0.2379,WARNING,False,10,0,,,,,,
1771436121.856,0.1,,,,,,,,,,,,,,,0.2379,WARNING,,10,,t2690_0,0.48,NORMAL,OFFLOAD,WARNING: heavy task offloaded (weight=0.48 >= 0.3),
1771436121.856,0.1,73.10,4.7856,1.135,38.2,4,,,0.03943,0.5402,0.0000,0.2926,0.0000,0.3943,0.3276,0.2078,WARNING,False,10,0,,,,,,
1771436121.856,0.1,72.51,4.7475,1.101,35.8,4,,,0.03846,0.5006,0.0000,0.4657,0.0000,0.3846,0.3103,0.2211,WARNING,False,10,0,,,,,,
1771436121.856,0.1,,,,,,,,,,,,,,,0.2211,WARNING,,10,,t2692_0,0.80,HIGH,OFFLOAD,WARNING: heavy task offloaded (weight=0.80 >= 0.3),
1771436121.856,0.1,,,,,,,,,,,,,,,0.2211,WARNING,,10,,t2692_1,0.69,CRITICAL,OFFLOAD,WARNING: heavy task offloaded (weight=0.69 >= 0.3),
1771436121.856,0.1,72.74,4.7975,1.068,33.5,3,,,0.03895,0.5162,0.0000,0.2387,0.0000,0.3895,0.2792,0.1878,WARNING,False,10,0,,,,,,
1771436121.856,0.1,72.32,4.7764,1.039,31.3,3,,,0.03824,0.4878,0.0000,0.3344,0.0000,0.3824,0.2643,0.1931,WARNING,False,10,0,,,,,,
1771436121.856,0.1,,,,,,,,,,,,,,,0.1931,WARNING,,10,,t2694_0,0.26,HIGH,LOCAL,WARNING: lightweight task permitted (weight=0.26 < 0.3),
1771436121.856,0.1,,,,,,,,,,,,,,,0.1931,WARNING,,10,,t2694_1,0.35,NORMAL,OFFLOAD,WARNING: heavy task offloaded (weight=0.35 >= 0.3),
1771436121.856,0.1,72.33,4.7542,1.057,32.6,3,,,0.03594,0.4885,0.0000,0.4356,0.0000,0.3594,0.2735,0.2059,WARNING,False,10,0,,,,,,
1771436121.856,0.1,,,,,,,,,,,,,,,0.2059,WARNING,,10,,t2695_0,0.71,NORMAL,OFFLOAD,WARNING: heavy task offloaded (weight=0.71 >= 0.3),
1771436121.856,0.1,71.72,4.8029,1.028,30.6,3,,,0.03663,0.4480,0.0000,0.2141,0.0000,0.3663,0.2590,0.1700,SAFE,False,10,0,,,,,,
1771436121.856,0.1,72.54,4.7825,1.001,28.6,3,,,0.03625,0.5024,0.0000,0.3068,0.0000,0.3625,0.2455,0.1855,SAFE,False,10,0,,,,,,
1771436121.856,0.1,,,,,,,,,,,,,,,0.1855,SAFE,,10,,t2697_0,0.38,NORMAL,LOCAL,SAFE: all tasks permitted (weight=0.38),
1771436121.856,0.1,71.87,4.8017,1.043,31.6,3,,,0.03782,0.4578,0.0000,0.2197,0.0000,0.3782,0.2664,0.1746,SAFE,False,10,0,,,,,,
1771436121.856,0.1,,,,,,,,,,,,,,,0.1746,SAFE,,10,,t2698_0,0.72,LOW,LOCAL,SAFE: all tasks permitted (weight=0.72),
1771436121.856,0.1,71.99,4.7521,1.141,38.6,4,,,0.03002,0.4660,0.0000,0.4451,0.0000,0.3002,0.3305,0.2099,SAFE,False,10,0,,,,,,window_reset|B=10
1771436121.856,0.1,71.38,4.7609,1.106,36.1,4,,,0.02339,0.4253,0.0000,0.4052,0.0000,0.2339,0.3130,0.1897,SAFE,False,10,0,,,,,,
1771436121.856,0.1,71.56,4.7402,1.074,33.8,3,,,0.02403,0.4374,0.0000,0.4990,0.0000,0.2403,0.2818,0.1977,SAFE,False,10,0,,,,,,
1771436121.856,0.1,,,,,,,,,,,,,,,0.1977,SAFE,,10,,t2701_0,0.26,LOW,LOCAL,SAFE: all tasks permitted (weight=0.26),
1771436121.856,0.1,71.78,4.7455,1.090,35.0,3,,,0.02222,0.4518,0.0000,0.4751,0.0000,0.2222,0.2899,0.1962,SAFE,False,10,0,,,,,,
1771436121.856,0.1,71.30,4.8034,1.058,32.7,3,,,0.02372,0.4198,0.0000,0.2117,0.0000,0.2372,0.2742,0.1565,SAFE,False,10,0,,,,,,
1771436121.856,0.1,,,,,,,,,,,,,,,0.1565,SAFE,,10,,t2703_0,0.29,HIGH,LOCAL,SAFE: all tasks permitted (weight=0.29),
1771436121.856,0.1,71.27,4.7958,1.080,34.3,3,,,0.02331,0.4177,0.0000,0.2464,0.0000,0.2331,0.2850,0.1625,SAFE,False,10,0,,,,,,
1771436121.856,0.1,71.81,4.7578,1.049,32.1,3,,,0.02285,0.4541,0.0000,0.4192,0.0000,0.2285,0.2697,0.1858,SAFE,False,10,0,,,,,,
1771436121.856,0.1,,,,,,,,,,,,,,,0.1858,SAFE,,10,,t2705_0,0.22,HIGH,LOCAL,SAFE: all tasks permitted (weight=0.22),
1771436121.857,0.1,71.48,4.7871,1.060,32.8,3,-23059.408,-14.55916,0.02318,0.4323,0.0000,0.2857,0.0000,0.2318,0.2749,0.1672,SAFE,False,10,0,,,,,,
1771436121.857,0.1,,,,,,,,,,,,,,,0.1672,SAFE,,10,,t2706_0,0.62,HIGH,LOCAL,SAFE: all tasks permitted (weight=0.62),
1771436121.857,0.1,71.40,4.7098,1.139,38.5,4,-35735.495,-42.38840,0.02884,0.4265,0.0000,0.6372,0.0000,0.2884,0.3296,0.2288,SAFE,False,10,0,,,,,,
1771436121.857,0.1,,,,,,,,,,,,,,,0.2288,SAFE,,10,,t2707_0,0.43,LOW,LOCAL,SAFE: all tasks permitted (weight=0.43),
1771436121.857,0.1,71.77,4.7590,1.180,41.4,4,23680.984,-1.84993,0.02717,0.4515,0.0000,0.4136,0.0000,0.2717,0.3501,0.2051,SAFE,False,10,0,,,,,,
1771436121.857,0.1,,,,,,,,,,,,,,,0.2051,SAFE,,10,,t2708_0,0.42,LOW,LOCAL,SAFE: all tasks permitted (weight=0.42),
1771436121.857,0.1,72.11,4.6722,1.216,44.0,5,33345.070,-68.18585,0.03700,0.4743,0.0000,0.8080,0.0000,0.3700,0.3830,0.2756,WARNING,False,10,0,,,,,,
1771436121.857,0.1,,,,,,,,,,,,,,,0.2756,WARNING,,10,,t2709_0,0.79,LOW,OFFLOAD,WARNING: heavy task offloaded (weight=0.79 >= 0.3),
1771436121.857,0.1,71.28,4.7367,1.176,41.1,4,-30142.305,-8.83086,0.03478,0.4184,0.0000,0.5151,0.0000,0.3478,0.3479,0.2215,WARNING,False,10,0,,,,,,
1771436121.857,0.1,71.76,4.7761,1.138,38.5,4,27831.716,-27.43341,0.03543,0.4507,0.0000,0.3360,0.0000,0.3543,0.3292,0.1990,WARNING,False,10,0,,,,,,
1771436121.857,0.1,,,,,,,,,,,,,,,0.1990,WARNING,,10,,t2711_0,0.80,HIGH,OFFLOAD,WARNING: heavy task offloaded (weight=0.80 >= 0.3),
1771436121.857,0.1,71.96,4.7456,1.104,36.0,4,42018.426,-50.37917,0.03542,0.4643,0.0000,0.4748,0.0000,0.3542,0.3118,0.2152,WARNING,False,10,0,,,,,,
1771436121.857,0.1,,,,,,,,,,,,,,,0.2152,WARNING,,10,,t2712_0,0.28,NORMAL,LOCAL,WARNING: lightweight task permitted (weight=0.28 < 0.3),
1771436121.857,0.1,71.92,4.7837,1.121,37.2,4,6506.443,25.98173,0.03620,0.4613,0.0000,0.3015,0.0000,0.3620,0.3205,0.1948,WARNING,False,10,0,,,,,,
1771436121.857,0.1,71.66,4.7767,1.087,34.8,3,,,0.03647,0.4437,0.0000,0.3332,0.0000,0.3647,0.2887,0.1908,WARNING,False,10,0,,,,,,window_reset|B=10
1771436121.857,0.1,,,,,,,,,,,,,,,0.1908,WARNING,,10,,t2714_0,0.37,NORMAL,OFFLOAD,WARNING: heavy task offloaded (weight=0.37 >= 0.3),
1771436121.857,0.1,71.90,4.7635,1.056,32.6,3,,,0.03397,0.4601,0.0000,0.3934,0.0000,0.3397,0.2731,0.1949,WARNING,False,10,0,,,,,,
1771436121.857,0.1,,,,,,,,,,,,,,,0.1949,WARNING,,10,,t2715_0,0.30,LOW,LOCAL,WARNING: lightweight task permitted (weight=0.30 < 0.3),
1771436121.857,0.1,71.52,4.7692,1.080,34.3,3,,,0.03207,0.4349,0.0000,0.3672,0.0000,0.3207,0.2849,0.1890,WARNING,False,10,0,,,,,,
1771436121.857,0.1,71.70,4.7564,1.049,32.1,3,,,0.03206,0.4464,0.0000,0.4254,0.0000,0.3206,0.2695,0.1948,WARNING,False,10,0,,,,,,
1771436121.857,0.1,,,,,,,,,,,,,,,0.1948,WARNING,,10,,t2717_0,0.47,HIGH,OFFLOAD,WARNING: heavy task offloaded (weight=0.47 >= 0.3),
1771436121.857,0.1,,,,,,,,,,,,,,,0.1948,WARNING,,10,,t2717_1,0.64,NORMAL,OFFLOAD,WARNING: heavy task offloaded (weight=0.64 >= 0.3),
1771436121.857,0.1,71.06,4.8467,1.021,30.0,3,,,0.04046,0.4041,0.0000,0.0150,0.0000,0.4046,0.2553,0.1420,SAFE,False,10,0,,,,,,
1771436121.857,0.1,,,,,,,,,,,,,,,0.1420,SAFE,,10,,t2718_0,0.46,NORMAL,LOCAL,SAFE: all tasks permitted (weight=0.46),
1771436121.857,0.1,71.80,4.7782,1.075,33.9,3,,,0.03803,0.4535,0.0000,0.3262,0.0000,0.3803,0.2824,0.1913,SAFE,False,10,0,,,,,,
1771436121.857,0.1,,,,,,,,,,,,,,,0.1913,SAFE,,10,,t2719_0,0.47,HIGH,LOCAL,SAFE: all tasks permitted (weight=0.47),
1771436121.857,0.1,,,,,,,,,,,,,,,0.1913,SAFE,,10,,t2719_1,0.85,NORMAL,LOCAL,SAFE: all tasks permitted (weight=0.85),
1771436121.857,0.1,71.79,4.6943,1.276,48.3,5,,,0.04261,0.4524,0.0000,0.7076,0.0000,0.4261,0.4132,0.2715,WARNING,False,10,0,,,,,,
1771436121.857,0.1,,,,,,,,,,,,,,,0.2715,WARNING,,10,,t2720_0,0.79,NORMAL,OFFLOAD,WARNING: heavy task offloaded (weight=0.79 >= 0.3),
1771436121.857,0.1,71.22,4.7739,1.232,45.1,5,,,0.03387,0.4147,0.0000,0.3459,0.0000,0.3387,0.3910,0.2068,WARNING,False,10,0,,,,,,
1771436121.857,0.1,72.05,4.7302,1.191,42.2,4,,,0.03440,0.4701,0.0000,0.5448,0.0000,0.3440,0.3554,0.2327,WARNING,False,10,0,,,,,,
1771436121.857,0.1,72.19,4.7235,1.152,39.5,4,,,0.03617,0.4791,0.0000,0.5752,0.0000,0.3617,0.3362,0.2357,WARNING,False,10,0,,,,,,
1771436121.857,0.1,,,,,,,,,,,,,,,0.2357,WARNING,,10,,t2723_0,0.25,LOW,LOCAL,WARNING: lightweight task permitted (weight=0.25 < 0.3),
1771436121.857,0.1,72.21,4.7414,1.160,40.0,4,,,0.03634,0.4807,0.0000,0.4936,0.0000,0.3634,0.3402,0.2262,WARNING,False,10,0,,,,,,
1771436121.857,0.1,71.42,4.7997,1.124,37.4,4,,,0.03742,0.4281,0.0000,0.2285,0.0000,0.3742,0.3220,0.1829,WARNING,False,10,0,,,,,,
1771436121.857,0.1,,,,,,,,,,,,,,,0.1829,WARNING,,10,,t2725_0,0.55,LOW,OFFLOAD,WARNING: heavy task offloaded (weight=0.55 >= 0.3),
1771436121.857,0.1,72.58,4.7233,1.090,35.0,4,,,0.03866,0.5053,0.0000,0.5760,0.0000,0.3866,0.3052,0.2352,WARNING,False,10,0,,,,,,
1771436121.857,0.1,71.71,4.8063,1.059,32.8,3,,,0.04087,0.4471,0.0000,0.1987,0.0000,0.4087,0.2745,0.1753,SAFE,False,10,0,,,,,,
1771436121.857,0.1,71.81,4.7724,1.030,30.7,3,,,0.04093,0.4538,0.0000,0.3526,0.0000,0.4093,0.2599,0.1932,SAFE,False,10,0,,,,,,
1771436121.857,0.1,,,,,,,,,,,,,,,0.1932,SAFE,,10,,t2728_0,0.28,NORMAL,LOCAL,SAFE: all tasks permitted (weight=0.28),
1771436121.857,0.1,71.59,4.8133,1.053,32.3,3,,,0.04321,0.4393,0.0000,0.1670,0.0000,0.4321,0.2714,0.1719,SAFE,False,10,0,,,,,,window_reset|B=10
1771436121.857,0.1,71.72,4.7783,1.024,30.3,3,,,0.03627,0.4479,0.0000,0.3259,0.0000,0.3627,0.2570,0.1838,SAFE,False,10,0,,,,,,
1771436121.857,0.1,,,,,,,,,,,,,,,0.1838,SAFE,,10,,t2730_0,0.70,NORMAL,LOCAL,SAFE: all tasks permitted (weight=0.70),
1771436121.857,0.1,71.56,4.7367,1.122,37.3,4,,,0.03646,0.4370,0.0000,0.5149,0.0000,0.3646,0.3208,0.2200,SAFE,False,10,0,,,,,,
1771436121.857,0.1,71.79,4.7475,1.088,34.9,3,,,0.03136,0.4524,0.0000,0.4660,0.0000,0.3136,0.2890,0.2040,SAFE,False,10,0,,,,,,
1771436121.857,0.1,71.50,4.7914,1.057,32.6,3,,,0.03226,0.4333,0.0000,0.2664,0.0000,0.3226,0.2734,0.1736,SAFE,False,10,0,,,,,,
1771436121.857,0.1,,,,,,,,,,,,,,,0.1736,SAFE,,10,,t2733_0,0.62,HIGH,LOCAL,SAFE: all tasks permitted (weight=0.62),
1771436121.857,0.1,71.42,4.7705,1.138,38.4,4,,,0.03066,0.4281,0.0000,0.3614,0.0000,0.3066,0.3290,0.1948,SAFE,False,10,0,,,,,,
1771436121.857,0.1,,,,,,,,,,,,,,,0.1948,SAFE,,10,,t2734_0,0.39,HIGH,LOCAL,SAFE: all tasks permitted (weight=0.39),
1771436121.857,0.1,71.57,4.7137,1.173,40.9,4,,,0.03190,0.4377,0.0000,0.6194,0.0000,0.3190,0.3463,0.2342,SAFE,False,10,0,,,,,,
1771436121.857,0.1,,,,,,,,,,,,,,,0.2342,SAFE,,10,,t2735_0,0.61,LOW,LOCAL,SAFE: all tasks permitted (weight=0.61),
1771436121.858,0.1,71.74,4.6977,1.243,45.9,5,-4305.652,-74.75002,0.03667,0.4490,0.0000,0.6925,0.0000,0.3667,0.3964,0.2599,WARNING,False,10,0,,,,,,
1771436121.858,0.1,72.11,4.7381,1.201,42.9,4,31187.483,-75.12291,0.03540,0.4740,0.0000,0.5086,0.0000,0.3540,0.3604,0.2305,WARNING,False,10,0,,,,,,
1771436121.858,0.1,71.50,4.7693,1.162,40.1,4,-13028.801,-9.01558,0.03396,0.4334,0.0000,0.3669,0.0000,0.3396,0.3408,0.2018,WARNING,False,10,0,,,,,,
1771436121.858,0.1,,,,,,,,,,,,,,,0.2018,WARNING,,10,,t2738_0,0.61,NORMAL,OFFLOAD,WARNING: heavy task offloaded (weight=0.61 >= 0.3),
1771436121.858,0.1,,,,,,,,,,,,,,,0.2018,WARNING,,10,,t2738_1,0.74,CRITICAL,OFFLOAD,WARNING: heavy task offloaded (weight=0.74 >= 0.3),
1771436121.858,0.1,72.70,4.7942,1.125,37.5,4,68509.284,57.43600,0.03276,0.5132,0.0000,0.2537,0.0000,0.3276,0.3226,0.1919,WARNING,False,10,0,,,,,,
1771436121.858,0.1,,,,,,,,,,,,,,,0.1919,WARNING,,10,,t2739_0,0.43,NORMAL,OFFLOAD,WARNING: heavy task offloaded (weight=0.43 >= 0.3),
1771436121.858,0.1,72.78,4.7912,1.091,35.1,4,59555.836,43.65129,0.03374,0.5186,0.0000,0.2675,0.0000,0.3374,0.3057,0.1919,WARNING,False,10,0,,,,,,
1771436121.858,0.1,,,,,,,,,,,,,,,0.1919,WARNING,,10,,t2740_0,0.54,CRITICAL,OFFLOAD,WARNING: heavy task offloaded (weight=0.54 >= 0.3),
1771436121.858,0.1,71.22,4.7536,1.060,32.9,3,-16570.293,-37.80079,0.02998,0.4149,0.0000,0.4382,0.0000,0.2998,0.2750,0.1917,WARNING,False,10,0,,,,,,
1771436121.858,0.1,71.67,4.7929,1.031,30.8,3,15082.621,22.44509,0.03110,0.4448,0.0000,0.2594,0.0000,0.3110,0.2604,0.1703,SAFE,False,10,0,,,,,,
1771436121.858,0.1,,,,,,,,,,,,,,,0.1703,SAFE,,10,,t2742_0,0.67,LOW,LOCAL,SAFE: all tasks permitted (weight=0.67),
1771436121.858,0.1,71.29,4.7663,1.122,37.3,4,-16299.239,52.50635,0.03048,0.4196,0.0000,0.3806,0.0000,0.3048,0.3209,0.1945,SAFE,False,10,0,,,,,,
1771436121.858,0.1,71.54,4.7575,1.088,34.9,3,,,0.03025,0.4359,0.0000,0.4203,0.0000,0.3025,0.2891,0.1950,SAFE,False,10,0,,,,,,window_reset|B=10
1771436121.858,0.1,71.73,4.7551,1.057,32.6,3,,,0.02887,0.4487,0.0000,0.4315,0.0000,0.2887,0.2735,0.1935,SAFE,False,10,0,,,,,,
1771436121.858,0.1,,,,,,,,,,,,,,,0.1935,SAFE,,10,,t2745_0,0.32,LOW,LOCAL,SAFE: all tasks permitted (weight=0.32),
1771436121.858,0.1,71.85,4.7527,1.084,34.6,3,,,0.02867,0.4564,0.0000,0.4423,0.0000,0.2867,0.2871,0.1984,SAFE,False,10,0,,,,,,
1771436121.858,0.1,,,,,,,,,,,,,,,0.1984,SAFE,,10,,t2746_0,0.55,CRITICAL,LOCAL,SAFE: all tasks permitted (weight=0.55),
1771436121.858,0.1,71.46,4.7384,1.150,39.3,4,,,0.02629,0.4307,0.0000,0.5072,0.0000,0.2629,0.3350,0.2109,SAFE,False,10,0,,,,,,
1771436121.858,0.1,,,,,,,,,,,,,,,0.2109,SAFE,,10,,t2747_0,0.82,NORMAL,LOCAL,SAFE: all tasks permitted (weight=0.82),
1771436121.858,0.1,72.18,4.7353,1.261,47.2,5,,,0.02037,0.4786,0.0000,0.5214,0.0000,0.2037,0.4053,0.2266,SAFE,False,10,0,,,,,,
1771436121.858,0.1,,,,,,,,,,,,,,,0.2266,SAFE,,10,,t2748_0,0.45,NORMAL,LOCAL,SAFE: all tasks permitted (weight=0.45),
1771436121.858,0.1,72.12,4.7112,1.296,49.7,5,,,0.02403,0.4748,0.0000,0.6309,0.0000,0.2403,0.4232,0.2477,SAFE,False,10,0,,,,,,
1771436121.858,0.1,,,,,,,,,,,,,,,0.2477,SAFE,,10,,t2749_0,0.53,HIGH,LOCAL,SAFE: all tasks permitted (weight=0.53),
1771436121.858,0.1,,,,,,,,,,,,,,,0.2477,SAFE,,10,,t2749_1,0.84,CRITICAL,LOCAL,SAFE: all tasks permitted (weight=0.84),
1771436121.858,0.1,72.61,4.6435,1.494,63.8,7,,,0.03984,0.5074,0.0000,0.9387,0.0000,0.3984,0.5519,0.3331,WARNING,False,10,0,,,,,,
1771436121.858,0.1,,,,,,,,,,,,,,,0.3331,WARNING,,10,,t2750_0,0.28,NORMAL,LOCAL,WARNING: lightweight task permitted (weight=0.28 < 0.3),
1771436121.858,0.1,73.49,4.6384,1.484,63.1,7,,,0.04771,0.5657,0.0000,0.9616,0.0000,0.4771,0.5469,0.3500,WARNING,False,10,0,,,,,,
1771436121.858,0.1,,,,,,,,,,,,,,,0.3500,WARNING,,10,,t2751_0,0.59,HIGH,OFFLOAD,WARNING: heavy task offloaded (weight=0.59 >= 0.3),
1771436121.858,0.1,73.73,4.6503,1.425,58.9,6,,,0.05004,0.5819,0.0000,0.9076,0.0000,0.5004,0.5025,0.3384,WARNING,False,10,0,,,,,,
1771436121.858,0.1,74.40,4.6935,1.370,55.0,6,,,0.04990,0.6266,0.0000,0.7114,0.0000,0.4990,0.4751,0.3126,WARNING,False,10,0,,,,,,
1771436121.858,0.1,,,,,,,,,,,,,,,0.3126,WARNING,,10,,t2753_0,0.27,CRITICAL,LOCAL,WARNING: lightweight task permitted (weight=0.27 < 0.3),
1771436121.858,0.1,74.74,4.6750,1.366,54.7,6,,,0.04594,0.6490,0.0000,0.7955,0.0000,0.4594,0.4732,0.3219,WARNING,False,10,0,,,,,,
1771436121.858,0.1,,,,,,,,,,,,,,,0.3219,WARNING,,10,,t2754_0,0.36,HIGH,OFFLOAD,WARNING: heavy task offloaded (weight=0.36 >= 0.3),
1771436121.858,0.1,75.34,4.7085,1.316,51.1,6,,,0.04268,0.6890,0.0000,0.6432,0.0000,0.4268,0.4479,0.2986,WARNING,False,10,0,,,,,,
1771436121.858,0.1,,,,,,,,,,,,,,,0.2986,WARNING,,10,,t2755_0,0.81,NORMAL,OFFLOAD,WARNING: heavy task offloaded (weight=0.81 >= 0.3),
1771436121.858,0.1,75.28,4.6946,1.269,47.8,5,,,0.03966,0.6850,0.0000,0.7065,0.0000,0.3966,0.4093,0.2956,WARNING,False,10,0,,,,,,
1771436121.858,0.1,,,,,,,,,,,,,,,0.2956,WARNING,,10,,t2756_0,0.71,LOW,OFFLOAD,WARNING: heavy task offloaded (weight=0.71 >= 0.3),
1771436121.858,0.1,74.84,4.7140,1.225,44.6,5,,,0.03637,0.6561,0.0000,0.6182,0.0000,0.3637,0.3873,0.2729,WARNING,False,10,0,,,,,,
1771436121.858,0.1,75.64,4.7697,1.184,41.7,4,,,0.03879,0.7095,0.0000,0.3651,0.0000,0.3879,0.3519,0.2418,WARNING,False,10,0,,,,,,
1771436121.858,0.1,,,,,,,,,,,,,,,0.2418,WARNING,,10,,t2758_0,0.53,NORMAL,OFFLOAD,WARNING: heavy task offloaded (weight=0.53 >= 0.3),
1771436121.859,0.1,75.41,4.7485,1.146,39.0,4,127699.265,121.97877,0.03976,0.6938,0.0000,0.4613,0.0000,0.3976,0.3330,0.2496,WARNING,False,10,0,,,,,,window_reset|B=10
1771436121.859,0.1,75.33,4.7899,1.111,36.5,4,106262.403,154.67800,0.04629,0.6885,0.0000,0.2732,0.0000,0.4629,0.3153,0.2275,WARNING,False,10,0,,,,,,
1771436121.859,0.1,,,,,,,,,,,,,,,0.2275,WARNING,,10,,t2760_0,0.68,LOW,OFFLOAD,WARNING: heavy task offloaded (weight=0.68 >= 0.3),
1771436121.859,0.1,,,,,,,,,,,,,,,0.2275,WARNING,,10,,t2760_1,0.63,HIGH,OFFLOAD,WARNING: heavy task offloaded (weight=0.63 >= 0.3),
1771436121.859,0.1,75.13,4.7841,1.078,34.1,3,48723.344,100.45011,0.05146,0.6755,0.0000,0.2993,0.0000,0.5146,0.2839,0.2282,WARNING,False,10,0,,,,,,
1771436121.859,0.1,,,,,,,,,,,,,,,0.2282,WARNING,,10,,t2761_0,0.80,HIGH,OFFLOAD,WARNING: heavy task offloaded (weight=0.80 >= 0.3),
1771436121.859,0.1,,,,,,,,,,,,,,,0.2282,WARNING,,10,,t2761_1,0.36,NORMAL,OFFLOAD,WARNING: heavy task offloaded (weight=0.36 >= 0.3),
1771436121.859,0.1,75.03,4.8068,1.047,32.0,3,19593.127,146.08708,0.05383,0.6687,0.0000,0.1963,0.0000,0.5383,0.2687,0.2133,WARNING,False,10,0,,,,,,
1771436121.859,0.1,75.41,4.8060,1.019,29.9,3,4741.421,108.07375,0.05184,0.6938,0.0000,0.1999,0.0000,0.5184,0.2545,0.2120,WARNING,False,10,0,,,,,,
1771436121.859,0.1,74.07,4.8197,0.993,28.0,3,-80492.162,138.67828,0.04939,0.6043,0.0000,0.1376,0.0000,0.4939,0.2413,0.1881,WARNING,False,10,0,,,,,,
1771436121.859,0.1,,,,,,,,,,,,,,,0.1881,WARNING,,10,,t2764_0,0.84,LOW,OFFLOAD,WARNING: heavy task offloaded (weight=0.84 >= 0.3),
1771436121.859,0.1,74.00,4.8097,0.968,26.3,2,-55816.010,106.03398,0.04858,0.6002,0.0000,0.1832,0.0000,0.4858,0.2140,0.1872,WARNING,False,10,0,,,,,,
1771436121.859,0.1,,,,,,,,,,,,,,,0.1872,WARNING,,10,,t2765_0,0.48,CRITICAL,OFFLOAD,WARNING: heavy task offloaded (weight=0.48 >= 0.3),
1771436121.859,0.1,74.00,4.8092,0.945,24.7,2,-109389.843,43.85591,0.04269,0.5998,0.0000,0.1852,0.0000,0.4269,0.2026,0.1793,SAFE,False,10,0,,,,,,
1771436121.859,0.1,73.11,4.8068,0.924,23.1,2,,,0.03905,0.5404,0.0000,0.1963,0.0000,0.3905,0.1920,0.1678,SAFE,False,10,0,,,,,,
1771436121.859,0.1,72.76,4.8090,0.904,21.7,2,,,0.02995,0.5175,0.0000,0.1865,0.0000,0.2995,0.1821,0.1527,SAFE,False,10,0,,,,,,
1771436121.859,0.1,,,,,,,,,,,,,,,0.1527,SAFE,,10,,t2768_0,0.58,HIGH,LOCAL,SAFE: all tasks permitted (weight=0.58),
1771436121.859,0.1,,,,,,,,,,,,,,,0.1527,SAFE,,10,,t2768_1,0.41,HIGH,LOCAL,SAFE: all tasks permitted (weight=0.41),
1771436121.859,0.1,72.54,4.8015,1.061,33.0,3,,,0.01953,0.5029,0.0000,0.2203,0.0000,0.1953,0.2757,0.1637,SAFE,False,10,0,,,,,,
1771436121.859,0.1,73.05,4.8111,1.032,30.9,3,,,0.01804,0.5368,0.0000,0.1767,0.0000,0.1804,0.2610,0.1576,SAFE,False,10,0,,,,,,
1771436121.859,0.1,72.49,4.8133,1.005,28.9,3,,,0.00939,0.4993,0.0000,0.1668,0.0000,0.0939,0.2474,0.1405,SAFE,False,10,0,,,,,,
1771436121.859,0.1,,,,,,,,,,,,,,,0.1405,SAFE,,10,,t2771_0,0.28,HIGH,LOCAL,SAFE: all tasks permitted (weight=0.28),
1771436121.859,0.1,,,,,,,,,,,,,,,0.1405,SAFE,,10,,t2771_1,0.72,LOW,LOCAL,SAFE: all tasks permitted (weight=0.72),
1771436121.859,0.1,72.84,4.7462,1.158,39.8,4,,,0.01867,0.5230,0.0000,0.4719,0.0000,0.1867,0.3389,0.2106,SAFE,False,10,0,,,,,,
1771436121.859,0.1,,,,,,,,,,,,,,,0.2106,SAFE,,10,,t2772_0,0.50,NORMAL,LOCAL,SAFE: all tasks permitted (weight=0.50),
1771436121.859,0.1,,,,,,,,,,,,,,,0.2106,SAFE,,10,,t2772_1,0.59,NORMAL,LOCAL,SAFE: all tasks permitted (weight=0.59),
1771436121.859,0.1,72.68,4.7156,1.316,51.2,6,,,0.03019,0.5121,0.0000,0.6109,0.0000,0.3019,0.4481,0.2607,WARNING,False,10,0,,,,,,
1771436121.859,0.1,73.23,4.7272,1.269,47.8,5,,,0.03543,0.5484,0.0000,0.5581,0.0000,0.3543,0.4095,0.2557,WARNING,False,10,0,,,,,,window_reset|B=10
1771436121.859,0.1,73.43,4.7196,1.225,44.6,5,,,0.03987,0.5619,0.0000,0.5929,0.0000,0.3987,0.3875,0.2619,WARNING,False,10,0,,,,,,
1771436121.859,0.1,73.26,4.7670,1.184,41.7,4,,,0.03839,0.5504,0.0000,0.3772,0.0000,0.3839,0.3521,0.2239,WARNING,False,10,0,,,,,,
1771436121.859,0.1,73.17,4.7545,1.146,39.0,4,,,0.03762,0.5447,0.0000,0.4340,0.0000,0.3762,0.3331,0.2260,WARNING,False,10,0,,,,,,
1771436121.859,0.1,,,,,,,,,,,,,,,0.2260,WARNING,,10,,t2777_0,0.27,NORMAL,LOCAL,WARNING: lightweight task permitted (weight=0.27 < 0.3),
1771436121.859,0.1,73.78,4.7516,1.158,39.9,4,,,0.03640,0.5856,0.0000,0.4473,0.0000,0.3640,0.3392,0.2327,WARNING,False,10,0,,,,,,
1771436121.859,0.1,,,,,,,,,,,,,,,0.2327,WARNING,,10,,t2778_0,0.67,LOW,OFFLOAD,WARNING: heavy task offloaded (weight=0.67 >= 0.3),
1771436121.859,0.1,72.99,4.7848,1.122,37.3,4,,,0.03496,0.5328,0.0000,0.2964,0.0000,0.3496,0.3211,0.2016,WARNING,False,10,0,,,,,,
1771436121.860,0.1,,,,,,,,,,,,,,,0.2016,WARNING,,10,,t2779_0,0.50,LOW,OFFLOAD,WARNING: heavy task offloaded (weight=0.50 >= 0.3),
1771436121.860,0.1,72.97,4.7609,1.089,34.9,3,7406.114,14.72025,0.03257,0.5312,0.0000,0.4052,0.0000,0.3257,0.2893,0.2068,WARNING,False,10,0,,,,,,
1771436121.860,0.1,,,,,,,,,,,,,,,0.2068,WARNING,,10,,t2780_0,0.43,NORMAL,OFFLOAD,WARNING: heavy task offloaded (weight=0.43 >= 0.3),
1771436121.860,0.1,73.40,4.7814,1.057,32.7,3,43340.657,66.00681,0.03101,0.5601,0.0000,0.3117,0.0000,0.3101,0.2736,0.1935,WARNING,False,10,0,,,,,,
1771436121.860,0.1,,,,,,,,,,,,,,,0.1935,WARNING,,10,,t2781_0,0.27,LOW,LOCAL,WARNING: lightweight task permitted (weight=0.27 < 0.3),
1771436121.860,0.1,,,,,,,,,,,,,,,0.1935,WARNING,,10,,t2781_1,0.60,NORMAL,OFFLOAD,WARNING: heavy task offloaded (weight=0.60 >= 0.3),
1771436121.860,0.1,72.89,4.7722,1.077,34.1,3,-20260.919,45.14408,0.02744,0.5259,0.0000,0.3535,0.0000,0.2744,0.2834,0.1932,WARNING,False,10,0,,,,,,
1771436121.860,0.1,73.13,4.8014,1.046,31.9,3,-17979.282,82.01205,0.02556,0.5420,0.0000,0.2211,0.0000,0.2556,0.2682,0.1730,SAFE,False,10,0,,,,,,
1771436121.860,0.1,,,,,,,,,,,,,,,0.1730,SAFE,,10,,t2783_0,0.54,NORMAL,LOCAL,SAFE: all tasks permitted (weight=0.54),
1771436121.860,0.1,72.63,4.7512,1.115,36.8,4,-37564.324,-15.88170,0.02542,0.5088,0.0000,0.4492,0.0000,0.2542,0.3175,0.2084,SAFE,False,10,0,,,,,,
1771436121.860,0.1,,,,,,,,,,,,,,,0.2084,SAFE,,10,,t2784_0,0.44,HIGH,LOCAL,SAFE: all tasks permitted (weight=0.44),
1771436121.860,0.1,72.78,4.7940,1.161,40.1,4,-23549.368,39.58814,0.02390,0.5186,0.0000,0.2545,0.0000,0.2390,0.3405,0.1873,SAFE,False,10,0,,,,,,
1771436121.860,0.1,,,,,,,,,,,,,,,0.1873,SAFE,,10,,t2785_0,0.65,NORMAL,LOCAL,SAFE: all tasks permitted (weight=0.65),
1771436121.860,0.1,73.35,4.7304,1.241,45.8,5,-26231.421,-21.27502,0.02351,0.5566,0.0000,0.5438,0.0000,0.2351,0.3953,0.2401,SAFE,False,10,0,,,,,,
1771436121.860,0.1,,,,,,,,,,,,,,,0.2401,SAFE,,10,,t2786_0,0.46,NORMAL,LOCAL,SAFE: all tasks permitted (weight=0.46),
1771436121.860,0.1,73.21,4.7234,1.281,48.7,5,13105.696,-61.54440,0.02292,0.5473,0.0000,0.5754,0.0000,0.2292,0.4157,0.2465,SAFE,False,10,0,,,,,,
1771436121.860,0.1,,,,,,,,,,,,,,,0.2465,SAFE,,10,,t2787_0,0.56,NORMAL,LOCAL,SAFE: all tasks permitted (weight=0.56),
1771436121.860,0.1,73.87,4.7343,1.337,52.6,6,,,0.02435,0.5916,0.0000,0.5261,0.0000,0.2435,0.4584,0.2554,WARNING,False,10,0,,,,,,
1771436121.860,0.1,74.06,4.6895,1.288,49.2,5,,,0.03152,0.6039,0.0000,0.7295,0.0000,0.3152,0.4191,0.2826,WARNING,False,10,0,,,,,,window_reset|B=10
1771436121.860,0.1,,,,,,,,,,,,,,,0.2826,WARNING,,10,,t2789_0,0.47,NORMAL,OFFLOAD,WARNING: heavy task offloaded (weight=0.47 >= 0.3),
1771436121.860,0.1,73.89,4.6833,1.243,45.9,5,,,0.03745,0.5928,0.0000,0.7576,0.0000,0.3745,0.3965,0.2864,WARNING,False,10,0,,,,,,
1771436121.860,0.1,73.67,4.7095,1.201,42.9,4,,,0.03749,0.5780,0.0000,0.6384,0.0000,0.3749,0.3605,0.2619,WARNING,False,10,0,,,,,,
1771436121.860,0.1,74.47,4.7437,1.162,40.1,4,,,0.03716,0.6315,0.0000,0.4830,0.0000,0.3716,0.3409,0.2439,WARNING,False,10,0,,,,,,
1771436121.860,0.1,,,,,,,,,,,,,,,0.2439,WARNING,,10,,t2792_0,0.57,NORMAL,OFFLOAD,WARNING: heavy task offloaded (weight=0.57 >= 0.3),
1771436121.860,0.1,74.11,4.7080,1.125,37.5,4,,,0.03634,0.6072,0.0000,0.6454,0.0000,0.3634,0.3227,0.2576,WARNING,False,10,0,,,,,,
1771436121.860,0.1,73.57,4.7495,1.092,35.1,4,,,0.03501,0.5714,0.0000,0.4569,0.0000,0.3501,0.3058,0.2241,WARNING,False,10,0,,,,,,
1771436121.860,0.1,73.93,4.7833,1.060,32.9,3,,,0.03241,0.5956,0.0000,0.3031,0.0000,0.3241,0.2750,0.1983,WARNING,False,10,0,,,,,,
1771436121.860,0.1,,,,,,,,,,,,,,,0.1983,WARNING,,10,,t2795_0,0.70,LOW,OFFLOAD,WARNING: heavy task offloaded (weight=0.70 >= 0.3),
1771436121.860,0.1,73.80,4.7988,1.031,30.8,3,,,0.03695,0.5865,0.0000,0.2327,0.0000,0.3695,0.2604,0.1897,WARNING,False,10,0,,,,,,
1771436121.860,0.1,73.46,4.7928,1.004,28.8,3,,,0.03680,0.5643,0.0000,0.2599,0.0000,0.3680,0.2468,0.1877,WARNING,False,10,0,,,,,,
1771436121.860,0.1,,,,,,,,,,,,,,,0.1877,WARNING,,10,,t2797_0,0.25,NORMAL,LOCAL,WARNING: lightweight task permitted (weight=0.25 < 0.3),
1771436121.860,0.1,73.74,4.7883,1.023,30.2,3,,,0.03930,0.5826,0.0000,0.2803,0.0000,0.3930,0.2565,0.1970,WARNING,False,10,0,,,,,,
1771436121.860,0.1,72.67,4.7826,0.996,28.3,3,,,0.04035,0.5115,0.0000,0.3063,0.0000,0.4035,0.2432,0.1902,WARNING,False,10,0,,,,,,
1771436121.860,0.1,73.30,4.8053,0.972,26.5,2,,,0.04316,0.5530,0.0000,0.2034,0.0000,0.4316,0.2158,0.1791,SAFE,False,10,0,,,,,,
1771436121.860,0.1,72.40,4.8337,0.949,24.9,2,,,0.04390,0.4934,0.0000,0.0743,0.0000,0.4390,0.2043,0.1536,SAFE,False,10,0,,,,,,
1771436121.860,0.1,,,,,,,,,,,,,,,0.1536,SAFE,,10,,t2801_0,0.27,NORMAL,LOCAL,SAFE: all tasks permitted (weight=0.27),
1771436121.860,0.1,72.60,4.7853,0.975,26.8,2,,,0.03654,0.5067,0.0000,0.2939,0.0000,0.3654,0.2177,0.1791,SAFE,False,10,0,,,,,,
1771436121.860,0.1,72.36,4.7804,0.952,25.1,2,,,0.03106,0.4909,0.0000,0.3165,0.0000,0.3106,0.2060,0.1723,SAFE,False,10,0,,,,,,
1771436121.860,0.1,,,,,,,,,,,,,,,0.1723,SAFE,,10,,t2803_0,0.44,NORMAL,LOCAL,SAFE: all tasks permitted (weight=0.44),
1771436121.860,0.1,71.67,4.8044,1.009,29.2,3,,,0.02976,0.4449,0.0000,0.2072,0.0000,0.2976,0.2496,0.1600,SAFE,False,10,0,,,,,,window_reset|B=10
1771436121.860,0.1,,,,,,,,,,,,,,,0.1600,SAFE,,10,,t2804_0,0.34,LOW,LOCAL,SAFE: all tasks permitted (weight=0.34),
1771436121.860,0.1,71.51,4.7412,1.044,31.7,3,,,0.02341,0.4341,0.0000,0.4947,0.0000,0.2341,0.2670,0.1932,SAFE,False,10,0,,,,,,
1771436121.860,0.1,,,,,,,,,,,,,,,0.1932,SAFE,,10,,t2805_0,0.47,CRITICAL,LOCAL,SAFE: all tasks permitted (weight=0.47),
1771436121.860,0.1,72.04,4.7812,1.100,35.7,4,,,0.02064,0.4696,0.0000,0.3128,0.0000,0.2064,0.3101,0.1797,SAFE,False,10,0,,,,,,
1771436121.860,0.1,70.90,4.7814,1.068,33.4,3,,,0.02069,0.3931,0.0000,0.3118,0.0000,0.2069,0.2790,0.1642,SAFE,False,10,0,,,,,,
1771436121.860,0.1,,,,,,,,,,,,,,,0.1642,SAFE,,10,,t2807_0,0.51,LOW,LOCAL,SAFE: all tasks permitted (weight=0.51),
1771436121.861,0.1,71.22,4.7726,1.130,37.9,4,-117291.043,-30.81314,0.02099,0.4148,0.0000,0.3519,0.0000,0.2099,0.3252,0.1816,SAFE,False,10,0,,,,,,
1771436121.861,0.1,,,,,,,,,,,,,,,0.1816,SAFE,,10,,t2808_0,0.57,HIGH,LOCAL,SAFE: all tasks permitted (weight=0.57),
1771436121.861,0.1,71.33,4.7446,1.198,42.7,4,-60577.125,-83.98961,0.02398,0.4220,0.0000,0.4792,0.0000,0.2398,0.3589,0.2087,SAFE,False,10,0,,,,,,
1771436121.861,0.1,,,,,,,,,,,,,,,0.2087,SAFE,,10,,t2809_0,0.22,NORMAL,LOCAL,SAFE: all tasks permitted (weight=0.22),
1771436121.861,0.1,72.19,4.7189,1.198,42.7,4,-23473.224,-62.65388,0.02977,0.4791,0.0000,0.5960,0.0000,0.2977,0.3589,0.2365,SAFE,False,10,0,,,,,,
1771436121.861,0.1,71.41,4.7206,1.159,39.9,4,-53708.609,-56.32043,0.03359,0.4276,0.0000,0.5881,0.0000,0.3359,0.3394,0.2292,SAFE,False,10,0,,,,,,
1771436121.861,0.1,71.81,4.7312,1.123,37.3,4,7857.919,-69.04400,0.03380,0.4541,0.0000,0.5401,0.0000,0.3380,0.3214,0.2228,SAFE,False,10,0,,,,,,
1771436121.861,0.1,71.89,4.8053,1.089,34.9,3,21179.684,60.45695,0.02976,0.4591,0.0000,0.2032,0.0000,0.2976,0.2895,0.1692,SAFE,False,10,0,,,,,,
1771436121.861,0.1,,,,,,,,,,,,,,,0.1692,SAFE,,10,,t2813_0,0.76,HIGH,LOCAL,SAFE: all tasks permitted (weight=0.76),
1771436121.861,0.1,72.28,4.7028,1.194,42.4,4,13126.335,-73.86877,0.03333,0.4851,0.0000,0.6689,0.0000,0.3333,0.3569,0.2499,SAFE,False,10,0,,,,,,
1771436121.861,0.1,,,,,,,,,,,,,,,0.2499,SAFE,,10,,t2814_0,0.33,CRITICAL,LOCAL,SAFE: all tasks permitted (weight=0.33),
1771436121.861,0.1,71.85,4.7160,1.214,43.9,5,53919.431,-61.63389,0.03431,0.4566,0.0000,0.6090,0.0000,0.3431,0.3820,0.2447,SAFE,False,10,0,,,,,,
1771436121.861,0.1,71.98,4.7078,1.174,41.0,4,,,0.03226,0.4650,0.0000,0.6464,0.0000,0.3226,0.3470,0.2415,SAFE,False,10,0,,,,,,
1771436121.861,0.1,,,,,,,,,,,,,,,0.2415,SAFE,,10,,t2816_0,0.73,NORMAL,LOCAL,SAFE: all tasks permitted (weight=0.73),
1771436121.861,0.1,72.53,4.7282,1.269,47.8,5,,,0.03254,0.5019,0.0000,0.5538,0.0000,0.3254,0.4093,0.2466,SAFE,False,10,0,,,,,,
1771436121.861,0.1,,,,,,,,,,,,,,,0.2466,SAFE,,10,,t2817_0,0.63,HIGH,LOCAL,SAFE: all tasks permitted (weight=0.63),
1771436121.861,0.1,72.14,4.6938,1.339,52.8,6,,,0.03286,0.4759,0.0000,0.7102,0.0000,0.3286,0.4594,0.2742,WARNING,False,10,0,,,,,,
1771436121.861,0.1,,,,,,,,,,,,,,,0.2742,WARNING,,10,,t2818_0,0.26,HIGH,LOCAL,WARNING: lightweight task permitted (weight=0.26 < 0.3),
1771436121.861,0.1,73.02,4.7152,1.336,52.6,6,,,0.03009,0.5346,0.0000,0.6128,0.0000,0.3009,0.4580,0.2655,WARNING,False,10,0,,,,,,window_reset|B=10
1771436121.861,0.1,,,,,,,,,,,,,,,0.2655,WARNING,,10,,t2819_0,0.47,NORMAL,OFFLOAD,WARNING: heavy task offloaded (weight=0.47 >= 0.3),
1771436121.861,0.1,73.69,4.7047,1.287,49.1,5,,,0.02780,0.5790,0.0000,0.6605,0.0000,0.2780,0.4187,0.2669,WARNING,False,10,0,,,,,,
1771436121.861,0.1,73.68,4.7157,1.242,45.9,5,,,0.02717,0.5789,0.0000,0.6106,0.0000,0.2717,0.3961,0.2552,WARNING,False,10,0,,,,,,
1771436121.861,0.1,,,,,,,,,,,,,,,0.2552,WARNING,,10,,t2821_0,0.46,NORMAL,OFFLOAD,WARNING: heavy task offloaded (weight=0.46 >= 0.3),
1771436121.861,0.1,,,,,,,,,,,,,,,0.2552,WARNING,,10,,t2821_1,0.48,HIGH,OFFLOAD,WARNING: heavy task offloaded (weight=0.48 >= 0.3),
1771436121.861,0.1,73.71,4.7541,1.200,42.9,4,,,0.02857,0.5808,0.0000,0.4360,0.0000,0.2857,0.3601,0.2270,WARNING,False,10,0,,,,,,
1771436121.861,0.1,,,,,,,,,,,,,,,0.2270,WARNING,,10,,t2822_0,0.68,LOW,OFFLOAD,WARNING: heavy task offloaded (weight=0.68 >= 0.3),
1771436121.861,0.1,73.61,4.7455,1.161,40.1,4,,,0.02910,0.5740,0.0000,0.4751,0.0000,0.2910,0.3406,0.2279,WARNING,False,10,0,,,,,,
1771436121.861,0.1,,,,,,,,,,,,,,,0.2279,WARNING,,10,,t2823_0,0.52,NORMAL,OFFLOAD,WARNING: heavy task offloaded (weight=0.52 >= 0.3),
1771436121.861,0.1,74.16,4.7502,1.125,37.5,4,,,0.02981,0.6108,0.0000,0.4538,0.0000,0.2981,0.3224,0.2266,WARNING,False,10,0,,,,,,
1771436121.861,0.1,,,,,,,,,,,,,,,0.2266,WARNING,,10,,t2824_0,0.34,LOW,OFFLOAD,WARNING: heavy task offloaded (weight=0.34 >= 0.3),
1771436121.861,0.1,,,,,,,,,,,,,,,0.2266,WARNING,,10,,t2824_1,0.82,NORMAL,OFFLOAD,WARNING: heavy task offloaded (weight=0.82 >= 0.3),
1771436121.861,0.1,74.01,4.7772,1.091,35.1,4,,,0.02426,0.6004,0.0000,0.3308,0.0000,0.2426,0.3055,0.2004,WARNING,False,10,0,,,,,,
1771436121.861,0.1,73.26,4.7834,1.060,32.8,3,,,0.02783,0.5506,0.0000,0.3028,0.0000,0.2783,0.2748,0.1882,WARNING,False,10,0,,,,,,
1771436121.861,0.1,,,,,,,,,,,,,,,0.1882,WARNING,,10,,t2826_0,0.85,NORMAL,OFFLOAD,WARNING: heavy task offloaded (weight=0.85 >= 0.3),
1771436121.861,0.1,73.22,4.8064,1.030,30.7,3,,,0.03389,0.5480,0.0000,0.1981,0.0000,0.3389,0.2602,0.1774,SAFE,False,10,0,,,,,,
1771436121.861,0.1,,,,,,,,,,,,,,,0.1774,SAFE,,10,,t2827_0,0.68,HIGH,LOCAL,SAFE: all tasks permitted (weight=0.68),
1771436121.861,0.1,,,,,,,,,,,,,,,0.1774,SAFE,,10,,t2827_1,0.32,LOW,LOCAL,SAFE: all tasks permitted (weight=0.32),
1771436121.861,0.1,73.58,4.7374,1.183,41.7,4,,,0.03249,0.5720,0.0000,0.5120,0.0000,0.3249,0.3516,0.2380,SAFE,False,10,0,,,,,,
1771436121.861,0.1,,,,,,,,,,,,,,,0.2380,SAFE,,10,,t2828_0,0.32,NORMAL,LOCAL,SAFE: all tasks permitted (weight=0.32),
1771436121.861,0.1,,,,,,,,,,,,,,,0.2380,SAFE,,10,,t2828_1,0.41,HIGH,LOCAL,SAFE: all tasks permitted (weight=0.41),
1771436121.861,0.1,73.95,4.7331,1.278,48.4,5,,,0.03233,0.5968,0.0000,0.5313,0.0000,0.3233,0.4139,0.2558,WARNING,False,10,0,,,,,,
1771436121.861,0.1,,,,,,,,,,,,,,,0.2558,WARNING,,10,,t2829_0,0.79,NORMAL,OFFLOAD,WARNING: heavy task offloaded (weight=0.79 >= 0.3),
1771436121.861,0.1,,,,,,,,,,,,,,,0.2558,WARNING,,10,,t2829_1,0.48,LOW,OFFLOAD,WARNING: heavy task offloaded (weight=0.48 >= 0.3),
1771436121.861,0.1,73.66,4.7289,1.233,45.2,5,,,0.02917,0.5771,0.0000,0.5503,0.0000,0.2917,0.3916,0.2483,WARNING,False,10,0,,,,,,
1771436121.861,0.1,73.74,4.7432,1.192,42.3,4,,,0.02770,0.5825,0.0000,0.4855,0.0000,0.2770,0.3559,0.2319,WARNING,False,10,0,,,,,,
1771436121.861,0.1,,,,,,,,,,,,,,,0.2319,WARNING,,10,,t2831_0,0.77,LOW,OFFLOAD,WARNING: heavy task offloaded (weight=0.77 >= 0.3),
1771436121.861,0.1,73.97,4.7747,1.153,39.5,4,,,0.02516,0.5981,0.0000,0.3422,0.0000,0.2516,0.3367,0.2087,WARNING,False,10,0,,,,,,
1771436121.861,0.1,,,,,,,,,,,,,,,0.2087,WARNING,,10,,t2832_0,0.66,HIGH,OFFLOAD,WARNING: heavy task offloaded (weight=0.66 >= 0.3),
1771436121.861,0.1,73.71,4.7706,1.118,37.0,4,,,0.02261,0.5805,0.0000,0.3610,0.0000,0.2261,0.3188,0.2030,WARNING,False,10,0,,,,,,
1771436121.861,0.1,,,,,,,,,,,,,,,0.2030,WARNING,,10,,t2833_0,0.32,NORMAL,OFFLOAD,WARNING: heavy task offloaded (weight=0.32 >= 0.3),
1771436121.861,0.1,74.03,4.7882,1.084,34.6,3,,,0.02395,0.6017,0.0000,0.2811,0.0000,0.2395,0.2871,0.1901,WARNING,False,10,0,,,,,,window_reset|B=10
1771436121.862,0.1,,,,,,,,,,,,,,,0.1901,WARNING,,10,,t2834_0,0.51,NORMAL,OFFLOAD,WARNING: heavy task offloaded (weight=0.51 >= 0.3),
1771436121.862,0.1,73.77,4.7995,1.053,32.4,3,31815.086,-6.65351,0.02553,0.5847,0.0000,0.2295,0.0000,0.2553,0.2717,0.1799,SAFE,False,10,0,,,,,,
1771436121.862,0.1,,,,,,,,,,,,,,,0.1799,SAFE,,10,,t2835_0,0.68,NORMAL,LOCAL,SAFE: all tasks permitted (weight=0.68),
1771436121.862,0.1,73.25,4.7896,1.147,39.1,4,-19169.793,50.31447,0.02581,0.5499,0.0000,0.2746,0.0000,0.2581,0.3334,0.1942,SAFE,False,10,0,,,,,,
1771436121.862,0.1,,,,,,,,,,,,,,,0.1942,SAFE,,10,,t2836_0,0.81,NORMAL,LOCAL,SAFE: all tasks permitted (weight=0.81),
1771436121.862,0.1,73.86,4.7300,1.258,47.0,5,-5022.690,-2.97297,0.02782,0.5910,0.0000,0.5454,0.0000,0.2782,0.4038,0.2504,WARNING,False,10,0,,,,,,
1771436121.862,0.1,,,,,,,,,,,,,,,0.2504,WARNING,,10,,t2837_0,0.79,NORMAL,OFFLOAD,WARNING: heavy task offloaded (weight=0.79 >= 0.3),
1771436121.862,0.1,,,,,,,,,,,,,,,0.2504,WARNING,,10,,t2837_1,0.74,LOW,OFFLOAD,WARNING: heavy task offloaded (weight=0.74 >= 0.3),
1771436121.862,0.1,73.93,4.6880,1.215,43.9,5,15839.734,-39.42771,0.03440,0.5953,0.0000,0.7364,0.0000,0.3440,0.3823,0.2780,WARNING,False,10,0,,,,,,
1771436121.862,0.1,74.11,4.7698,1.174,41.0,4,21683.337,25.64903,0.03142,0.6075,0.0000,0.3644,0.0000,0.3142,0.3472,0.2211,WARNING,False,10,0,,,,,,
1771436121.862,0.1,73.96,4.7807,1.137,38.4,4,-742.460,5.77136,0.03174,0.5972,0.0000,0.3150,0.0000,0.3174,0.3286,0.2101,WARNING,False,10,0,,,,,,
1771436121.862,0.1,,,,,,,,,,,,,,,0.2101,WARNING,,10,,t2840_0,0.65,LOW,OFFLOAD,WARNING: heavy task offloaded (weight=0.65 >= 0.3),
1771436121.862,0.1,74.06,4.7390,1.103,35.9,4,20433.269,-30.43664,0.03140,0.6041,0.0000,0.5047,0.0000,0.3140,0.3113,0.2317,WARNING,False,10,0,,,,,,
1771436121.862,0.1,,,,,,,,,,,,,,,0.2317,WARNING,,10,,t2841_0,0.64,CRITICAL,OFFLOAD,WARNING: heavy task offloaded (weight=0.64 >= 0.3),
1771436121.862,0.1,,,,,,,,,,,,,,,0.2317,WARNING,,10,,t2841_1,0.61,NORMAL,OFFLOAD,WARNING: heavy task offloaded (weight=0.61 >= 0.3),
1771436121.862,0.1,73.84,4.7377,1.070,33.6,3,-10572.632,-48.65411,0.03080,0.5895,0.0000,0.5107,0.0000,0.3080,0.2801,0.2240,WARNING,False,10,0,,,,,,
1771436121.862,0.1,,,,,,,,,,,,,,,0.2240,WARNING,,10,,t2842_0,0.71,NORMAL,OFFLOAD,WARNING: heavy task offloaded (weight=0.71 >= 0.3),
1771436121.862,0.1,74.12,4.7699,1.040,31.5,3,,,0.03052,0.6082,0.0000,0.3640,0.0000,0.3052,0.2652,0.2039,WARNING,False,10,0,,,,,,
1771436121.862,0.1,,,,,,,,,,,,,,,0.2039,WARNING,,10,,t2843_0,0.25,NORMAL,LOCAL,WARNING: lightweight task permitted (weight=0.25 < 0.3),
1771436121.862,0.1,73.58,4.7882,1.058,32.7,3,,,0.03123,0.5720,0.0000,0.2810,0.0000,0.3123,0.2742,0.1912,WARNING,False,10,0,,,,,,
1771436121.862,0.1,73.48,4.8097,1.029,30.7,3,,,0.03383,0.5653,0.0000,0.1831,0.0000,0.3383,0.2596,0.1774,SAFE,False,10,0,,,,,,
1771436121.862,0.1,,,,,,,,,,,,,,,0.1774,SAFE,,10,,t2845_0,0.35,LOW,LOCAL,SAFE: all tasks permitted (weight=0.35),
1771436121.862,0.1,73.20,4.8102,1.066,33.3,3,,,0.03555,0.5467,0.0000,0.1807,0.0000,0.3555,0.2779,0.1802,SAFE,False,10,0,,,,,,
1771436121.862,0.1,,,,,,,,,,,,,,,0.1802,SAFE,,10,,t2846_0,0.69,HIGH,LOCAL,SAFE: all tasks permitted (weight=0.69),
1771436121.862,0.1,73.69,4.7475,1.162,40.1,4,,,0.03456,0.5796,0.0000,0.4659,0.0000,0.3456,0.3408,0.2328,SAFE,False,10,0,,,,,,
1771436121.862,0.1,,,,,,,,,,,,,,,0.2328,SAFE,,10,,t2847_0,0.53,HIGH,LOCAL,SAFE: all tasks permitted (weight=0.53),
1771436121.862,0.1,73.27,4.7589,1.221,44.3,5,,,0.03365,0.5514,0.0000,0.4143,0.0000,0.3365,0.3854,0.2308,SAFE,False,10,0,,,,,,
1771436121.862,0.1,,,,,,,,,,,,,,,0.2308,SAFE,,10,,t2848_0,0.59,LOW,LOCAL,SAFE: all tasks permitted (weight=0.59),
1771436121.862,0.1,,,,,,,,,,,,,,,0.2308,SAFE,,10,,t2848_1,0.44,NORMAL,LOCAL,SAFE: all tasks permitted (weight=0.44),
1771436121.862,0.1,73.75,4.7054,1.367,54.8,6,,,0.03613,0.5835,0.0000,0.6574,0.0000,0.3613,0.4735,0.2863,WARNING,False,10,0,,,,,,window_reset|B=10
1771436121.862,0.1,,,,,,,,,,,,,,,0.2863,WARNING,,10,,t2849_0,0.66,NORMAL,OFFLOAD,WARNING: heavy task offloaded (weight=0.66 >= 0.3),
1771436121.862,0.1,,,,,,,,,,,,,,,0.2863,WARNING,,10,,t2849_1,0.33,HIGH,OFFLOAD,WARNING: heavy task offloaded (weight=0.33 >= 0.3),
1771436121.862,0.1,74.05,4.7458,1.316,51.2,6,,,0.02965,0.6034,0.0000,0.4737,0.0000,0.2965,0.4481,0.2533,WARNING,False,10,0,,,,,,
1771436121.862,0.1,74.48,4.7191,1.269,47.8,5,,,0.03198,0.6323,0.0000,0.5948,0.0000,0.3198,0.4095,0.2671,WARNING,False,10,0,,,,,,
1771436121.862,0.1,74.54,4.7653,1.225,44.7,5,,,0.03140,0.6358,0.0000,0.3850,0.0000,0.3140,0.3876,0.2353,WARNING,False,10,0,,,,,,
1771436121.862,0.1,,,,,,,,,,,,,,,0.2353,WARNING,,10,,t2852_0,0.33,CRITICAL,OFFLOAD,WARNING: heavy task offloaded (weight=0.33 >= 0.3),
1771436121.862,0.1,74.34,4.7207,1.184,41.7,4,,,0.03270,0.6225,0.0000,0.5876,0.0000,0.3270,0.3522,0.2542,WARNING,False,10,0,,,,,,
1771436121.862,0.1,,,,,,,,,,,,,,,0.2542,WARNING,,10,,t2853_0,0.30,NORMAL,OFFLOAD,WARNING: heavy task offloaded (weight=0.30 >= 0.3),
1771436121.862,0.1,,,,,,,,,,,,,,,0.2542,WARNING,,10,,t2853_1,0.23,NORMAL,LOCAL,WARNING: lightweight task permitted (weight=0.23 < 0.3),
1771436121.862,0.1,74.91,4.7419,1.188,42.0,4,,,0.03251,0.6604,0.0000,0.4915,0.0000,0.3251,0.3539,0.2464,WARNING,False,10,0,,,,,,
1771436121.862,0.1,,,,,,,,,,,,,,,0.2464,WARNING,,10,,t2854_0,0.24,NORMAL,LOCAL,WARNING: lightweight task permitted (weight=0.24 < 0.3),
1771436121.862,0.1,74.59,4.7537,1.193,42.3,4,,,0.03228,0.6396,0.0000,0.4376,0.0000,0.3228,0.3563,0.2372,WARNING,False,10,0,,,,,,
1771436121.862,0.1,,,,,,,,,,,,,,,0.2372,WARNING,,10,,t2855_0,0.39,LOW,OFFLOAD,WARNING: heavy task offloaded (weight=0.39 >= 0.3),
1771436121.862,0.1,75.26,4.7509,1.154,39.6,4,,,0.03075,0.6841,0.0000,0.4506,0.0000,0.3075,0.3370,0.2388,WARNING,False,10,0,,,,,,
1771436121.862,0.1,74.41,4.7583,1.118,37.0,4,,,0.02562,0.6276,0.0000,0.4167,0.0000,0.2562,0.3191,0.2189,WARNING,False,10,0,,,,,,
1771436121.862,0.1,,,,,,,,,,,,,,,0.2189,WARNING,,10,,t2857_0,0.34,LOW,OFFLOAD,WARNING: heavy task offloaded (weight=0.34 >= 0.3),
1771436121.862,0.1,74.18,4.7836,1.085,34.6,3,,,0.02086,0.6120,0.0000,0.3017,0.0000,0.2086,0.2874,0.1910,WARNING,False,10,0,,,,,,
1771436121.863,0.1,,,,,,,,,,,,,,,0.1910,WARNING,,10,,t2858_0,0.78,NORMAL,OFFLOAD,WARNING: heavy task offloaded (weight=0.78 >= 0.3),
1771436121.863,0.1,74.26,4.8013,1.054,32.4,3,-14298.512,86.69387,0.02589,0.6172,0.0000,0.2213,0.0000,0.2589,0.2719,0.1831,WARNING,False,10,0,,,,,,
1771436121.863,0.1,73.58,4.7910,1.025,30.4,3,-60378.081,27.08300,0.02818,0.5723,0.0000,0.2683,0.0000,0.2818,0.2575,0.1832,WARNING,False,10,0,,,,,,
1771436121.863,0.1,,,,,,,,,,,,,,,0.1832,WARNING,,10,,t2860_0,0.25,LOW,LOCAL,WARNING: lightweight task permitted (weight=0.25 < 0.3),
1771436121.863,0.1,73.81,4.8026,1.043,31.7,3,-33487.950,86.37102,0.02726,0.5872,0.0000,0.2155,0.0000,0.2726,0.2666,0.1791,SAFE,False,10,0,,,,,,
1771436121.863,0.1,,,,,,,,,,,,,,,0.1791,SAFE,,10,,t2861_0,0.48,NORMAL,LOCAL,SAFE: all tasks permitted (weight=0.48),
1771436121.863,0.1,,,,,,,,,,,,,,,0.1791,SAFE,,10,,t2861_1,0.21,NORMAL,LOCAL,SAFE: all tasks permitted (weight=0.21),
1771436121.863,0.1,73.60,4.7675,1.141,38.7,4,-82431.950,27.01125,0.02689,0.5736,0.0000,0.3751,0.0000,0.2689,0.3306,0.2106,SAFE,False,10,0,,,,,,
1771436121.863,0.1,,,,,,,,,,,,,,,0.2106,SAFE,,10,,t2862_0,0.45,NORMAL,LOCAL,SAFE: all tasks permitted (weight=0.45),
1771436121.863,0.1,74.00,4.7459,1.188,42.0,4,-37337.302,-8.23595,0.02413,0.6003,0.0000,0.4731,0.0000,0.2413,0.3539,0.2284,SAFE,False,10,0,,,,,,
1771436121.863,0.1,,,,,,,,,,,,,,,0.2284,SAFE,,10,,t2863_0,0.65,HIGH,LOCAL,SAFE: all tasks permitted (weight=0.65),
1771436121.863,0.1,74.20,4.7455,1.267,47.7,5,-67252.893,-5.65926,0.02474,0.6133,0.0000,0.4750,0.0000,0.2474,0.4087,0.2418,SAFE,False,10,0,,,,,,window_reset|B=10
1771436121.863,0.1,,,,,,,,,,,,,,,0.2418,SAFE,,10,,t2864_0,0.40,NORMAL,LOCAL,SAFE: all tasks permitted (weight=0.40),
1771436121.863,0.1,74.53,4.7205,1.297,49.8,5,7297.763,-39.85801,0.02477,0.6353,0.0000,0.5884,0.0000,0.2477,0.4233,0.2622,WARNING,False,10,0,,,,,,
1771436121.863,0.1,,,,,,,,,,,,,,,0.2622,WARNING,,10,,t2865_0,0.47,HIGH,OFFLOAD,WARNING: heavy task offloaded (weight=0.47 >= 0.3),
1771436121.863,0.1,74.38,4.7393,1.251,46.5,5,12532.034,-46.74796,0.02496,0.6252,0.0000,0.5030,0.0000,0.2496,0.4004,0.2455,WARNING,False,10,0,,,,,,
1771436121.863,0.1,75.02,4.7400,1.208,43.4,5,,,0.02568,0.6678,0.0000,0.5001,0.0000,0.2568,0.3791,0.2467,WARNING,False,10,0,,,,,,
1771436121.863,0.1,,,,,,,,,,,,,,,0.2467,WARNING,,10,,t2867_0,0.80,HIGH,OFFLOAD,WARNING: heavy task offloaded (weight=0.80 >= 0.3),
1771436121.863,0.1,74.42,4.7799,1.169,40.6,4,,,0.02587,0.6281,0.0000,0.3186,0.0000,0.2587,0.3443,0.2115,WARNING,False,10,0,,,,,,
1771436121.863,0.1,,,,,,,,,,,,,,,0.2115,WARNING,,10,,t2868_0,0.54,CRITICAL,OFFLOAD,WARNING: heavy task offloaded (weight=0.54 >= 0.3),
1771436121.863,0.1,74.69,4.7358,1.132,38.0,4,,,0.02704,0.6459,0.0000,0.5189,0.0000,0.2704,0.3258,0.2372,WARNING,False,10,0,,,,,,
1771436121.863,0.1,74.40,4.7589,1.097,35.5,4,,,0.02631,0.6268,0.0000,0.4139,0.0000,0.2631,0.3087,0.2171,WARNING,False,10,0,,,,,,
1771436121.863,0.1,74.49,4.7732,1.066,33.3,3,,,0.02371,0.6329,0.0000,0.3491,0.0000,0.2371,0.2778,0.2006,WARNING,False,10,0,,,,,,
1771436121.863,0.1,74.47,4.8064,1.036,31.1,3,,,0.02577,0.6310,0.0000,0.1983,0.0000,0.2577,0.2629,0.1799,SAFE,False,10,0,,,,,,
1771436121.863,0.1,73.82,4.7877,1.008,29.2,3,,,0.02396,0.5883,0.0000,0.2833,0.0000,0.2396,0.2491,0.1812,SAFE,False,10,0,,,,,,
1771436121.863,0.1,73.76,4.8016,0.983,27.3,3,,,0.02674,0.5841,0.0000,0.2198,0.0000,0.2674,0.2363,0.1727,SAFE,False,10,0,,,,,,
1771436121.863,0.1,,,,,,,,,,,,,,,0.1727,SAFE,,10,,t2874_0,0.64,LOW,LOCAL,SAFE: all tasks permitted (weight=0.64),
1771436121.863,0.1,,,,,,,,,,,,,,,0.1727,SAFE,,10,,t2874_1,0.47,HIGH,LOCAL,SAFE: all tasks permitted (weight=0.47),
1771436121.863,0.1,73.42,4.7811,1.161,40.1,4,,,0.02683,0.5616,0.0000,0.3132,0.0000,0.2683,0.3405,0.2030,SAFE,False,10,0,,,,,,
1771436121.863,0.1,,,,,,,,,,,,,,,0.2030,SAFE,,10,,t2875_0,0.54,LOW,LOCAL,SAFE: all tasks permitted (weight=0.54),
1771436121.863,0.1,,,,,,,,,,,,,,,0.2030,SAFE,,10,,t2875_1,0.42,LOW,LOCAL,SAFE: all tasks permitted (weight=0.42),
1771436121.863,0.1,74.10,4.7476,1.299,49.9,5,,,0.02671,0.6068,0.0000,0.4654,0.0000,0.2671,0.4243,0.2449,SAFE,False,10,0,,,,,,
1771436121.863,0.1,74.28,4.7515,1.253,46.6,5,,,0.02368,0.6186,0.0000,0.4477,0.0000,0.2368,0.4013,0.2364,SAFE,False,10,0,,,,,,
1771436121.863,0.1,74.67,4.7072,1.210,43.6,5,,,0.02807,0.6447,0.0000,0.6493,0.0000,0.2807,0.3799,0.2658,WARNING,False,10,0,,,,,,
1771436121.863,0.1,,,,,,,,,,,,,,,0.2658,WARNING,,10,,t2878_0,0.60,HIGH,OFFLOAD,WARNING: heavy task offloaded (weight=0.60 >= 0.3),
1771436121.863,0.1,74.91,4.7411,1.170,40.7,4,,,0.02799,0.6609,0.0000,0.4949,0.0000,0.2799,0.3451,0.2406,WARNING,False,10,0,,,,,,window_reset|B=10
1771436121.863,0.1,,,,,,,,,,,,,,,0.2406,WARNING,,10,,t2879_0,0.67,CRITICAL,OFFLOAD,WARNING: heavy task offloaded (weight=0.67 >= 0.3),
1771436121.863,0.1,74.12,4.7150,1.133,38.1,4,,,0.03060,0.6081,0.0000,0.6135,0.0000,0.3060,0.3266,0.2486,WARNING,False,10,0,,,,,,
1771436121.863,0.1,,,,,,,,,,,,,,,0.2486,WARNING,,10,,t2880_0,0.26,NORMAL,LOCAL,WARNING: lightweight task permitted (weight=0.26 < 0.3),
1771436121.863,0.1,,,,,,,,,,,,,,,0.2486,WARNING,,10,,t2880_1,0.74,LOW,OFFLOAD,WARNING: heavy task offloaded (weight=0.74 >= 0.3),
1771436121.863,0.1,,,,,,,,,,,,,,,0.2486,WARNING,,10,,t2880_2,0.46,NORMAL,OFFLOAD,WARNING: heavy task offloaded (weight=0.46 >= 0.3),
1771436121.863,0.1,,,,,,,,,,,,,,,0.2486,WARNING,,10,,t2880_3,0.57,NORMAL,OFFLOAD,WARNING: heavy task offloaded (weight=0.57 >= 0.3),
1771436121.863,0.1,,,,,,,,,,,,,,,0.2486,WARNING,,10,,t2880_4,0.46,NORMAL,OFFLOAD,WARNING: heavy task offloaded (weight=0.46 >= 0.3),
1771436121.863,0.1,,,,,,,,,,,,,,,0.2486,WARNING,,10,,t2880_5,0.59,LOW,OFFLOAD,WARNING: heavy task offloaded (weight=0.59 >= 0.3),
1771436121.863,0.1,73.64,4.7792,1.146,39.0,4,,,0.03022,0.5762,0.0000,0.3219,0.0000,0.3022,0.3328,0.2078,WARNING,False,10,0,,,,,,
1771436121.863,0.1,,,,,,,,,,,,,,,0.2078,WARNING,,10,,t2881_0,0.75,LOW,OFFLOAD,WARNING: heavy task offloaded (weight=0.75 >= 0.3),
1771436121.863,0.1,74.58,4.7709,1.110,36.5,4,,,0.03028,0.6389,0.0000,0.3597,0.0000,0.3028,0.3152,0.2167,WARNING,False,10,0,,,,,,
1771436121.863,0.1,,,,,,,,,,,,,,,0.2167,WARNING,,10,,t2882_0,0.68,HIGH,OFFLOAD,WARNING: heavy task offloaded (weight=0.68 >= 0.3),
1771436121.863,0.1,74.12,4.7810,1.078,34.1,3,,,0.03056,0.6082,0.0000,0.3137,0.0000,0.3056,0.2838,0.2011,WARNING,False,10,0,,,,,,
1771436121.863,0.1,74.02,4.7572,1.047,31.9,3,,,0.02780,0.6011,0.0000,0.4217,0.0000,0.2780,0.2686,0.2085,WARNING,False,10,0,,,,,,
1771436121.863,0.1,,,,,,,,,,,,,,,0.2085,WARNING,,10,,t2884_0,0.72,HIGH,OFFLOAD,WARNING: heavy task offloaded (weight=0.72 >= 0.3),
1771436121.863,0.1,73.31,4.8109,1.019,29.9,3,,,0.03034,0.5540,0.0000,0.1779,0.0000,0.3034,0.2544,0.1708,SAFE,False,10,0,,,,,,
1771436121.863,0.1,73.60,4.8005,0.992,28.0,3,,,0.03022,0.5731,0.0000,0.2251,0.0000,0.3022,0.2412,0.1765,SAFE,False,10,0,,,,,,
1771436121.863,0.1,,,,,,,,,,,,,,,0.1765,SAFE,,10,,t2886_0,0.30,HIGH,LOCAL,SAFE: all tasks permitted (weight=0.30),
1771436121.863,0.1,72.83,4.8151,1.023,30.2,3,,,0.03332,0.5222,0.0000,0.1587,0.0000,0.3332,0.2565,0.1679,SAFE,False,10,0,,,,,,
1771436121.863,0.1,,,,,,,,,,,,,,,0.1679,SAFE,,10,,t2887_0,0.33,HIGH,LOCAL,SAFE: all tasks permitted (weight=0.33),
1771436121.864,0.1,73.06,4.7961,1.056,32.6,3,-59755.031,76.08689,0.03392,0.5374,0.0000,0.2451,0.0000,0.3392,0.2730,0.1849,SAFE,False,10,0,,,,,,
1771436121.864,0.1,,,,,,,,,,,,,,,0.1849,SAFE,,10,,t2888_0,0.62,CRITICAL,LOCAL,SAFE: all tasks permitted (weight=0.62),
1771436121.864,0.1,73.19,4.7900,1.141,38.6,4,-25345.029,10.14419,0.03396,0.5462,0.0000,0.2728,0.0000,0.3396,0.3305,0.2011,SAFE,False,10,0,,,,,,
1771436121.864,0.1,73.14,4.7469,1.106,36.2,4,-81527.846,-22.49924,0.02905,0.5424,0.0000,0.4686,0.0000,0.2905,0.3131,0.2177,SAFE,False,10,0,,,,,,
1771436121.864,0.1,,,,,,,,,,,,,,,0.2177,SAFE,,10,,t2890_0,0.54,NORMAL,LOCAL,SAFE: all tasks permitted (weight=0.54),
1771436121.864,0.1,72.87,4.7454,1.172,40.9,4,-70682.311,-33.36446,0.02865,0.5246,0.0000,0.4753,0.0000,0.2865,0.3461,0.2226,SAFE,False,10,0,,,,,,
1771436121.864,0.1,,,,,,,,,,,,,,,0.2226,SAFE,,10,,t2891_0,0.24,LOW,LOCAL,SAFE: all tasks permitted (weight=0.24),
1771436121.864,0.1,73.10,4.7199,1.179,41.4,4,-51622.809,-35.06968,0.02782,0.5400,0.0000,0.5916,0.0000,0.2782,0.3496,0.2394,SAFE,False,10,0,,,,,,
1771436121.864,0.1,73.42,4.7612,1.142,38.7,4,6371.165,-46.64272,0.02810,0.5615,0.0000,0.4037,0.0000,0.2810,0.3308,0.2141,SAFE,False,10,0,,,,,,
1771436121.864,0.1,73.53,4.8017,1.107,36.2,4,-3529.672,1.11527,0.02903,0.5689,0.0000,0.2197,0.0000,0.2903,0.3133,0.1885,SAFE,False,10,0,,,,,,window_reset|B=10
1771436121.864,0.1,,,,,,,,,,,,,,,0.1885,SAFE,,10,,t2894_0,0.31,HIGH,LOCAL,SAFE: all tasks permitted (weight=0.31),
1771436121.864,0.1,73.09,4.7976,1.132,38.0,4,14484.955,-16.40535,0.02957,0.5393,0.0000,0.2381,0.0000,0.2957,0.3258,0.1904,SAFE,False,10,0,,,,,,
1771436121.864,0.1,73.10,4.8088,1.097,35.5,4,,,0.02991,0.5398,0.0000,0.1872,0.0000,0.2991,0.3087,0.1808,SAFE,False,10,0,,,,,,
1771436121.864,0.1,,,,,,,,,,,,,,,0.1808,SAFE,,10,,t2896_0,0.70,LOW,LOCAL,SAFE: all tasks permitted (weight=0.70),
1771436121.864,0.1,73.47,4.7433,1.194,42.4,4,,,0.03046,0.5650,0.0000,0.4849,0.0000,0.3046,0.3568,0.2327,SAFE,False,10,0,,,,,,
1771436121.864,0.1,73.15,4.7598,1.155,39.6,4,,,0.02994,0.5431,0.0000,0.4102,0.0000,0.2994,0.3375,0.2159,SAFE,False,10,0,,,,,,
1771436121.864,0.1,,,,,,,,,,,,,,,0.2159,SAFE,,10,,t2898_0,0.29,CRITICAL,LOCAL,SAFE: all tasks permitted (weight=0.29),
1771436121.864,0.1,72.84,4.7382,1.172,40.8,4,,,0.02861,0.5225,0.0000,0.5080,0.0000,0.2861,0.3459,0.2265,SAFE,False,10,0,,,,,,
1771436121.864,0.1,,,,,,,,,,,,,,,0.2265,SAFE,,10,,t2899_0,0.83,NORMAL,LOCAL,SAFE: all tasks permitted (weight=0.83),
1771436121.864,0.1,,,,,,,,,,,,,,,0.2265,SAFE,,10,,t2899_1,0.52,HIGH,LOCAL,SAFE: all tasks permitted (weight=0.52),
1771436121.864,0.1,73.51,4.6723,1.382,55.8,6,,,0.03739,0.5675,0.0000,0.8079,0.0000,0.3739,0.4808,0.3067,WARNING,False,10,0,,,,,,
1771436121.864,0.1,74.26,4.6595,1.330,52.1,6,,,0.04453,0.6175,0.0000,0.8659,0.0000,0.4453,0.4549,0.3222,WARNING,False,10,0,,,,,,
1771436121.864,0.1,74.45,4.7113,1.282,48.7,5,,,0.04556,0.6301,0.0000,0.6302,0.0000,0.4556,0.4158,0.2863,WARNING,False,10,0,,,,,,
1771436121.864,0.1,73.61,4.7141,1.237,45.5,5,,,0.04625,0.5739,0.0000,0.6178,0.0000,0.4625,0.3934,0.2741,WARNING,False,10,0,,,,,,
1771436121.864,0.1,74.52,4.7308,1.195,42.5,4,,,0.04594,0.6346,0.0000,0.5419,0.0000,0.4594,0.3576,0.2641,WARNING,False,10,0,,,,,,
1771436121.864,0.1,,,,,,,,,,,,,,,0.2641,WARNING,,10,,t2904_0,0.48,HIGH,OFFLOAD,WARNING: heavy task offloaded (weight=0.48 >= 0.3),
1771436121.864,0.1,74.18,4.7735,1.156,39.7,4,,,0.04650,0.6118,0.0000,0.3479,0.0000,0.4650,0.3382,0.2328,WARNING,False,10,0,,,,,,
1771436121.864,0.1,,,,,,,,,,,,,,,0.2328,WARNING,,10,,t2905_0,0.30,HIGH,OFFLOAD,WARNING: heavy task offloaded (weight=0.30 >= 0.3),
1771436121.864,0.1,74.19,4.7446,1.120,37.2,4,,,0.04300,0.6127,0.0000,0.4790,0.0000,0.4300,0.3202,0.2428,WARNING,False,10,0,,,,,,
1771436121.864,0.1,,,,,,,,,,,,,,,0.2428,WARNING,,10,,t2906_0,0.46,NORMAL,OFFLOAD,WARNING: heavy task offloaded (weight=0.46 >= 0.3),
1771436121.864,0.1,74.37,4.7889,1.087,34.8,3,,,0.04205,0.6250,0.0000,0.2777,0.0000,0.4205,0.2885,0.2108,WARNING,False,10,0,,,,,,
1771436121.864,0.1,74.35,4.7530,1.056,32.6,3,,,0.03659,0.6231,0.0000,0.4411,0.0000,0.3659,0.2729,0.2233,WARNING,False,10,0,,,,,,
1771436121.864,0.1,,,,,,,,,,,,,,,0.2233,WARNING,,10,,t2908_0,0.45,LOW,OFFLOAD,WARNING: heavy task offloaded (weight=0.45 >= 0.3),
1771436121.864,0.1,74.02,4.8216,1.027,30.5,3,,,0.04414,0.6010,0.0000,0.1293,0.0000,0.4414,0.2584,0.1848,WARNING,False,10,0,,,,,,window_reset|B=10
1771436121.864,0.1,,,,,,,,,,,,,,,0.1848,WARNING,,10,,t2909_0,0.73,LOW,OFFLOAD,WARNING: heavy task offloaded (weight=0.73 >= 0.3),
1771436121.864,0.1,73.82,4.7957,1.000,28.6,3,,,0.04660,0.5880,0.0000,0.2469,0.0000,0.4660,0.2450,0.1982,WARNING,False,10,0,,,,,,
1771436121.864,0.1,,,,,,,,,,,,,,,0.1982,WARNING,,10,,t2910_0,0.68,LOW,OFFLOAD,WARNING: heavy task offloaded (weight=0.68 >= 0.3),
1771436121.864,0.1,73.66,4.8404,0.975,26.8,2,,,0.05390,0.5774,0.0000,0.0437,0.0000,0.5390,0.2174,0.1724,SAFE,False,10,0,,,,,,
1771436121.864,0.1,72.62,4.8167,0.952,25.1,2,,,0.05115,0.5080,0.0000,0.1513,0.0000,0.5115,0.2058,0.1729,SAFE,False,10,0,,,,,,
1771436121.864,0.1,72.93,4.8223,0.930,23.6,2,,,0.04297,0.5289,0.0000,0.1258,0.0000,0.4297,0.1949,0.1618,SAFE,False,10,0,,,,,,
1771436121.864,0.1,72.06,4.8413,0.910,22.1,2,,,0.04165,0.4705,0.0000,0.0394,0.0000,0.4165,0.1849,0.1402,SAFE,False,10,0,,,,,,
1771436121.864,0.1,,,,,,,,,,,,,,,0.1402,SAFE,,10,,t2914_0,0.54,HIGH,LOCAL,SAFE: all tasks permitted (weight=0.54),
1771436121.864,0.1,72.36,4.8094,0.991,27.9,3,,,0.03567,0.4904,0.0000,0.1844,0.0000,0.3567,0.2405,0.1666,SAFE,False,10,0,,,,,,
1771436121.864,0.1,72.03,4.8085,0.967,26.2,2,,,0.03007,0.4684,0.0000,0.1887,0.0000,0.3007,0.2133,0.1535,SAFE,False,10,0,,,,,,
1771436121.864,0.1,71.52,4.7851,0.944,24.6,2,,,0.02933,0.4344,0.0000,0.2949,0.0000,0.2933,0.2019,0.1602,SAFE,False,10,0,,,,,,
1771436121.864,0.1,,,,,,,,,,,,,,,0.1602,SAFE,,10,,t2917_0,0.80,LOW,LOCAL,SAFE: all tasks permitted (weight=0.80),
1771436121.864,0.1,71.48,4.7821,1.069,33.5,3,,,0.02464,0.4318,0.0000,0.3085,0.0000,0.2464,0.2796,0.1725,SAFE,False,10,0,,,,,,
1771436121.864,0.1,71.43,4.7606,1.039,31.4,3,,,0.02732,0.4289,0.0000,0.4063,0.0000,0.2732,0.2647,0.1845,SAFE,False,10,0,,,,,,
1771436121.864,0.1,,,,,,,,,,,,,,,0.1845,SAFE,,10,,t2919_0,0.22,HIGH,LOCAL,SAFE: all tasks permitted (weight=0.22),
1771436121.865,0.1,,,,,,,,,,,,,,,0.1845,SAFE,,10,,t2919_1,0.54,NORMAL,LOCAL,SAFE: all tasks permitted (weight=0.54),
1771436121.865,0.1,71.47,4.7637,1.151,39.3,4,-69576.309,-53.43216,0.02580,0.4313,0.0000,0.3924,0.0000,0.2580,0.3354,0.1956,SAFE,False,10,0,,,,,,
1771436121.865,0.1,,,,,,,,,,,,,,,0.1956,SAFE,,10,,t2920_0,0.52,LOW,LOCAL,SAFE: all tasks permitted (weight=0.52),
1771436121.865,0.1,71.61,4.7347,1.211,43.6,5,-80257.966,-88.27124,0.03142,0.4403,0.0000,0.5242,0.0000,0.3142,0.3803,0.2285,SAFE,False,10,0,,,,,,
1771436121.865,0.1,71.88,4.7458,1.171,40.8,4,-10965.872,-96.21296,0.03443,0.4584,0.0000,0.4736,0.0000,0.3443,0.3454,0.2201,SAFE,False,10,0,,,,,,
1771436121.865,0.1,71.52,4.7873,1.134,38.1,4,-50275.798,-22.33766,0.03127,0.4350,0.0000,0.2852,0.0000,0.3127,0.3269,0.1859,SAFE,False,10,0,,,,,,
1771436121.865,0.1,71.36,4.7737,1.099,35.7,4,-40077.984,-35.06850,0.03024,0.4242,0.0000,0.3469,0.0000,0.3024,0.3097,0.1882,SAFE,False,10,0,,,,,,window_reset|B=10
1771436121.865,0.1,,,,,,,,,,,,,,,0.1882,SAFE,,10,,t2924_0,0.67,NORMAL,LOCAL,SAFE: all tasks permitted (weight=0.67),
1771436121.865,0.1,,,,,,,,,,,,,,,0.1882,SAFE,,10,,t2924_1,0.41,NORMAL,LOCAL,SAFE: all tasks permitted (weight=0.41),
1771436121.865,0.1,72.15,4.7389,1.266,47.6,5,38077.038,-46.60291,0.03035,0.4764,0.0000,0.5052,0.0000,0.3035,0.4079,0.2348,SAFE,False,10,0,,,,,,
1771436121.865,0.1,,,,,,,,,,,,,,,0.2348,SAFE,,10,,t2925_0,0.82,NORMAL,LOCAL,SAFE: all tasks permitted (weight=0.82),
1771436121.865,0.1,,,,,,,,,,,,,,,0.2348,SAFE,,10,,t2925_1,0.36,NORMAL,LOCAL,SAFE: all tasks permitted (weight=0.36),
1771436121.865,0.1,72.99,4.6831,1.440,60.0,7,91412.944,-99.76600,0.03395,0.5326,0.0000,0.7587,0.0000,0.3395,0.5248,0.3015,WARNING,False,10,0,,,,,,
1771436121.865,0.1,,,,,,,,,,,,,,,0.3015,WARNING,,10,,t2926_0,0.71,LOW,OFFLOAD,WARNING: heavy task offloaded (weight=0.71 >= 0.3),
1771436121.865,0.1,73.40,4.7174,1.384,56.0,6,118818.602,-43.53439,0.03330,0.5600,0.0000,0.6027,0.0000,0.3330,0.4819,0.2752,WARNING,False,10,0,,,,,,
1771436121.865,0.1,,,,,,,,,,,,,,,0.2752,WARNING,,10,,t2927_0,0.60,CRITICAL,OFFLOAD,WARNING: heavy task offloaded (weight=0.60 >= 0.3),
1771436121.865,0.1,,,,,,,,,,,,,,,0.2752,WARNING,,10,,t2927_1,0.58,NORMAL,OFFLOAD,WARNING: heavy task offloaded (weight=0.58 >= 0.3),
1771436121.865,0.1,73.24,4.7284,1.332,52.3,6,,,0.03014,0.5492,0.0000,0.5529,0.0000,0.3014,0.4559,0.2591,WARNING,False,10,0,,,,,,
1771436121.865,0.1,,,,,,,,,,,,,,,0.2591,WARNING,,10,,t2928_0,0.27,CRITICAL,LOCAL,WARNING: lightweight task permitted (weight=0.27 < 0.3),
1771436121.865,0.1,,,,,,,,,,,,,,,0.2591,WARNING,,10,,t2928_1,0.44,HIGH,OFFLOAD,WARNING: heavy task offloaded (weight=0.44 >= 0.3),
1771436121.865,0.1,74.09,4.7422,1.332,52.3,6,,,0.02825,0.6062,0.0000,0.4902,0.0000,0.2825,0.4562,0.2560,WARNING,False,10,0,,,,,,
1771436121.865,0.1,,,,,,,,,,,,,,,0.2560,WARNING,,10,,t2929_0,0.79,HIGH,OFFLOAD,WARNING: heavy task offloaded (weight=0.79 >= 0.3),
1771436121.865,0.1,73.77,4.7211,1.284,48.9,5,,,0.02683,0.5846,0.0000,0.5859,0.0000,0.2683,0.4170,0.2566,WARNING,False,10,0,,,,,,
1771436121.865,0.1,,,,,,,,,,,,,,,0.2566,WARNING,,10,,t2930_0,0.27,LOW,LOCAL,WARNING: lightweight task permitted (weight=0.27 < 0.3),
1771436121.865,0.1,74.26,4.7609,1.289,49.2,5,,,0.02685,0.6175,0.0000,0.4052,0.0000,0.2685,0.4196,0.2375,WARNING,False,10,0,,,,,,
1771436121.865,0.1,,,,,,,,,,,,,,,0.2375,WARNING,,10,,t2931_0,0.70,CRITICAL,OFFLOAD,WARNING: heavy task offloaded (weight=0.70 >= 0.3),
1771436121.865,0.1,74.75,4.6995,1.244,46.0,5,,,0.02824,0.6500,0.0000,0.6843,0.0000,0.2824,0.3970,0.2746,WARNING,False,10,0,,,,,,
1771436121.865,0.1,74.49,4.7480,1.202,43.0,4,,,0.02842,0.6327,0.0000,0.4637,0.0000,0.2842,0.3609,0.2368,WARNING,False,10,0,,,,,,
1771436121.865,0.1,,,,,,,,,,,,,,,0.2368,WARNING,,10,,t2933_0,0.81,HIGH,OFFLOAD,WARNING: heavy task offloaded (weight=0.81 >= 0.3),
1771436121.865,0.1,,,,,,,,,,,,,,,0.2368,WARNING,,10,,t2933_1,0.46,HIGH,OFFLOAD,WARNING: heavy task offloaded (weight=0.46 >= 0.3),
1771436121.865,0.1,74.71,4.7457,1.163,40.2,4,,,0.02842,0.6473,0.0000,0.4742,0.0000,0.2842,0.3413,0.2360,WARNING,False,10,0,,,,,,
1771436121.865,0.1,,,,,,,,,,,,,,,0.2360,WARNING,,10,,t2934_0,0.43,NORMAL,OFFLOAD,WARNING: heavy task offloaded (weight=0.43 >= 0.3),
1771436121.865,0.1,74.89,4.7935,1.126,37.6,4,,,0.02937,0.6597,0.0000,0.2568,0.0000,0.2937,0.3231,0.2065,WARNING,False,10,0,,,,,,
1771436121.865,0.1,,,,,,,,,,,,,,,0.2065,WARNING,,10,,t2935_0,0.31,NORMAL,OFFLOAD,WARNING: heavy task offloaded (weight=0.31 >= 0.3),
1771436121.865,0.1,74.62,4.7560,1.092,35.2,4,,,0.02794,0.6411,0.0000,0.4272,0.0000,0.2794,0.3062,0.2216,WARNING,False,10,0,,,,,,
1771436121.865,0.1,,,,,,,,,,,,,,,0.2216,WARNING,,10,,t2936_0,0.25,HIGH,LOCAL,WARNING: lightweight task permitted (weight=0.25 < 0.3),
1771436121.865,0.1,73.82,4.7624,1.107,36.2,4,,,0.02887,0.5880,0.0000,0.3981,0.0000,0.2887,0.3136,0.2139,WARNING,False,10,0,,,,,,
1771436121.865,0.1,,,,,,,,,,,,,,,0.2139,WARNING,,10,,t2937_0,0.46,NORMAL,OFFLOAD,WARNING: heavy task offloaded (weight=0.46 >= 0.3),
1771436121.865,0.1,74.35,4.8011,1.075,33.9,3,,,0.02853,0.6235,0.0000,0.2223,0.0000,0.2853,0.2823,0.1887,WARNING,False,10,0,,,,,,
1771436121.865,0.1,74.03,4.7707,1.044,31.7,3,,,0.02755,0.6020,0.0000,0.3603,0.0000,0.2755,0.2671,0.2001,WARNING,False,10,0,,,,,,window_reset|B=10
1771436121.865,0.1,74.08,4.7808,1.016,29.7,3,,,0.02755,0.6051,0.0000,0.3145,0.0000,0.2755,0.2531,0.1917,WARNING,False,10,0,,,,,,
1771436121.865,0.1,,,,,,,,,,,,,,,0.1917,WARNING,,10,,t2940_0,0.32,NORMAL,OFFLOAD,WARNING: heavy task offloaded (weight=0.32 >= 0.3),
1771436121.865,0.1,,,,,,,,,,,,,,,0.1917,WARNING,,10,,t2940_1,0.56,NORMAL,OFFLOAD,WARNING: heavy task offloaded (weight=0.56 >= 0.3),
1771436121.865,0.1,73.61,4.7758,0.990,27.9,3,,,0.02762,0.5740,0.0000,0.3374,0.0000,0.2762,0.2400,0.1884,WARNING,False,10,0,,,,,,
1771436121.865,0.1,,,,,,,,,,,,,,,0.1884,WARNING,,10,,t2941_0,0.36,NORMAL,OFFLOAD,WARNING: heavy task offloaded (weight=0.36 >= 0.3),
1771436121.865,0.1,73.84,4.8103,0.966,26.1,2,,,0.02825,0.5891,0.0000,0.1806,0.0000,0.2825,0.2128,0.1650,SAFE,False,10,0,,,,,,
1771436121.865,0.1,,,,,,,,,,,,,,,0.1650,SAFE,,10,,t2942_0,0.69,LOW,LOCAL,SAFE: all tasks permitted (weight=0.69),
1771436121.865,0.1,72.88,4.7652,1.070,33.6,3,,,0.02820,0.5255,0.0000,0.3853,0.0000,0.2820,0.2800,0.1973,SAFE,False,10,0,,,,,,
1771436121.865,0.1,,,,,,,,,,,,,,,0.1973,SAFE,,10,,t2943_0,0.43,NORMAL,LOCAL,SAFE: all tasks permitted (weight=0.43),
1771436121.865,0.1,72.91,4.7290,1.119,37.1,4,,,0.02296,0.5274,0.0000,0.5501,0.0000,0.2296,0.3194,0.2216,SAFE,False,10,0,,,,,,
1771436121.865,0.1,73.28,4.7843,1.085,34.7,3,,,0.02226,0.5523,0.0000,0.2986,0.0000,0.2226,0.2877,0.1849,SAFE,False,10,0,,,,,,
1771436121.865,0.1,,,,,,,,,,,,,,,0.1849,SAFE,,10,,t2945_0,0.49,NORMAL,LOCAL,SAFE: all tasks permitted (weight=0.49),
1771436121.865,0.1,72.93,4.7661,1.145,38.9,4,,,0.02085,0.5284,0.0000,0.3813,0.0000,0.2085,0.3323,0.2003,SAFE,False,10,0,,,,,,
1771436121.866,0.1,,,,,,,,,,,,,,,0.2003,SAFE,,10,,t2946_0,0.62,NORMAL,LOCAL,SAFE: all tasks permitted (weight=0.62),
1771436121.866,0.1,,,,,,,,,,,,,,,0.2003,SAFE,,10,,t2946_1,0.66,NORMAL,LOCAL,SAFE: all tasks permitted (weight=0.66),
1771436121.866,0.1,73.44,4.7194,1.346,53.3,6,-35521.066,-51.45707,0.02491,0.5626,0.0000,0.5936,0.0000,0.2491,0.4628,0.2621,WARNING,False,10,0,,,,,,
1771436121.866,0.1,73.18,4.7279,1.296,49.7,5,-53874.631,-53.08086,0.02719,0.5454,0.0000,0.5551,0.0000,0.2719,0.4232,0.2494,WARNING,False,10,0,,,,,,
1771436121.866,0.1,,,,,,,,,,,,,,,0.2494,WARNING,,10,,t2948_0,0.47,LOW,OFFLOAD,WARNING: heavy task offloaded (weight=0.47 >= 0.3),
1771436121.866,0.1,73.85,4.7052,1.251,46.5,5,14563.662,-70.79236,0.03201,0.5902,0.0000,0.6583,0.0000,0.3201,0.4003,0.2685,WARNING,False,10,0,,,,,,
1771436121.866,0.1,,,,,,,,,,,,,,,0.2685,WARNING,,10,,t2949_0,0.28,HIGH,LOCAL,WARNING: lightweight task permitted (weight=0.28 < 0.3),
1771436121.866,0.1,73.85,4.7079,1.259,47.1,5,847.359,-102.65386,0.03271,0.5900,0.0000,0.6460,0.0000,0.3271,0.4044,0.2684,WARNING,False,10,0,,,,,,
1771436121.866,0.1,,,,,,,,,,,,,,,0.2684,WARNING,,10,,t2950_0,0.37,CRITICAL,OFFLOAD,WARNING: heavy task offloaded (weight=0.37 >= 0.3),
1771436121.866,0.1,73.73,4.7353,1.216,44.0,5,50882.166,-30.01344,0.03263,0.5818,0.0000,0.5214,0.0000,0.3263,0.3828,0.2468,WARNING,False,10,0,,,,,,
1771436121.866,0.1,74.27,4.7281,1.176,41.1,4,82028.528,-0.91796,0.03180,0.6183,0.0000,0.5542,0.0000,0.3180,0.3478,0.2476,WARNING,False,10,0,,,,,,
1771436121.866,0.1,73.78,4.7709,1.138,38.4,4,29921.854,-13.44772,0.03145,0.5855,0.0000,0.3596,0.0000,0.3145,0.3291,0.2143,WARNING,False,10,0,,,,,,
1771436121.866,0.1,,,,,,,,,,,,,,,0.2143,WARNING,,10,,t2953_0,0.35,NORMAL,OFFLOAD,WARNING: heavy task offloaded (weight=0.35 >= 0.3),
1771436121.866,0.1,74.05,4.7374,1.103,36.0,4,67556.693,-28.75135,0.02474,0.6032,0.0000,0.5116,0.0000,0.2474,0.3117,0.2260,WARNING,False,10,0,,,,,,window_reset|B=10
1771436121.866,0.1,,,,,,,,,,,,,,,0.2260,WARNING,,10,,t2954_0,0.73,CRITICAL,OFFLOAD,WARNING: heavy task offloaded (weight=0.73 >= 0.3),
1771436121.866,0.1,74.88,4.7790,1.071,33.7,3,,,0.02618,0.6588,0.0000,0.3226,0.0000,0.2618,0.2806,0.2033,WARNING,False,10,0,,,,,,
1771436121.866,0.1,73.04,4.7702,1.041,31.5,3,,,0.02708,0.5361,0.0000,0.3627,0.0000,0.2708,0.2655,0.1917,WARNING,False,10,0,,,,,,
1771436121.866,0.1,73.78,4.8019,1.013,29.5,3,,,0.02957,0.5855,0.0000,0.2185,0.0000,0.2957,0.2516,0.1786,SAFE,False,10,0,,,,,,
1771436121.866,0.1,,,,,,,,,,,,,,,0.1786,SAFE,,10,,t2957_0,0.77,NORMAL,LOCAL,SAFE: all tasks permitted (weight=0.77),
1771436121.866,0.1,73.88,4.7335,1.130,37.8,4,,,0.02907,0.5919,0.0000,0.5298,0.0000,0.2907,0.3248,0.2339,SAFE,False,10,0,,,,,,
1771436121.866,0.1,,,,,,,,,,,,,,,0.2339,SAFE,,10,,t2958_0,0.77,NORMAL,LOCAL,SAFE: all tasks permitted (weight=0.77),
1771436121.866,0.1,,,,,,,,,,,,,,,0.2339,SAFE,,10,,t2958_1,0.47,LOW,LOCAL,SAFE: all tasks permitted (weight=0.47),
1771436121.866,0.1,74.19,4.7397,1.326,51.9,6,,,0.02823,0.6127,0.0000,0.5013,0.0000,0.2823,0.4531,0.2575,WARNING,False,10,0,,,,,,
1771436121.866,0.1,,,,,,,,,,,,,,,0.2575,WARNING,,10,,t2959_0,0.21,LOW,LOCAL,WARNING: lightweight task permitted (weight=0.21 < 0.3),
1771436121.866,0.1,74.32,4.6961,1.318,51.3,6,,,0.03103,0.6212,0.0000,0.6994,0.0000,0.3103,0.4488,0.2863,WARNING,False,10,0,,,,,,
1771436121.866,0.1,,,,,,,,,,,,,,,0.2863,WARNING,,10,,t2960_0,0.63,LOW,OFFLOAD,WARNING: heavy task offloaded (weight=0.63 >= 0.3),
1771436121.866,0.1,74.49,4.7228,1.270,47.9,5,,,0.02963,0.6327,0.0000,0.5781,0.0000,0.2963,0.4101,0.2627,WARNING,False,10,0,,,,,,
1771436121.866,0.1,74.38,4.7111,1.226,44.7,5,,,0.02932,0.6255,0.0000,0.6313,0.0000,0.2932,0.3881,0.2641,WARNING,False,10,0,,,,,,
1771436121.866,0.1,,,,,,,,,,,,,,,0.2641,WARNING,,10,,t2962_0,0.35,LOW,OFFLOAD,WARNING: heavy task offloaded (weight=0.35 >= 0.3),
1771436121.866,0.1,74.80,4.7392,1.185,41.8,4,,,0.02925,0.6536,0.0000,0.5036,0.0000,0.2925,0.3527,0.2437,WARNING,False,10,0,,,,,,
1771436121.866,0.1,,,,,,,,,,,,,,,0.2437,WARNING,,10,,t2963_0,0.61,NORMAL,OFFLOAD,WARNING: heavy task offloaded (weight=0.61 >= 0.3),
1771436121.866,0.1,74.45,4.7485,1.147,39.1,4,,,0.02885,0.6301,0.0000,0.4615,0.0000,0.2885,0.3337,0.2312,WARNING,False,10,0,,,,,,
1771436121.866,0.1,74.49,4.7624,1.112,36.6,4,,,0.02833,0.6328,0.0000,0.3982,0.0000,0.2833,0.3160,0.2192,WARNING,False,10,0,,,,,,
1771436121.866,0.1,,,,,,,,,,,,,,,0.2192,WARNING,,10,,t2965_0,0.24,LOW,LOCAL,WARNING: lightweight task permitted (weight=0.24 < 0.3),
1771436121.866,0.1,,,,,,,,,,,,,,,0.2192,WARNING,,10,,t2965_1,0.78,NORMAL,OFFLOAD,WARNING: heavy task offloaded (weight=0.78 >= 0.3),
1771436121.866,0.1,74.50,4.7669,1.124,37.4,4,,,0.02882,0.6332,0.0000,0.3779,0.0000,0.2882,0.3218,0.2183,WARNING,False,10,0,,,,,,
1771436121.866,0.1,,,,,,,,,,,,,,,0.2183,WARNING,,10,,t2966_0,0.33,HIGH,OFFLOAD,WARNING: heavy task offloaded (weight=0.33 >= 0.3),
1771436121.866,0.1,74.35,4.7624,1.090,35.0,3,,,0.02766,0.6236,0.0000,0.3980,0.0000,0.2766,0.2899,0.2122,WARNING,False,10,0,,,,,,
1771436121.866,0.1,74.11,4.7497,1.058,32.7,3,,,0.02674,0.6073,0.0000,0.4557,0.0000,0.2674,0.2742,0.2137,WARNING,False,10,0,,,,,,
1771436121.866,0.1,,,,,,,,,,,,,,,0.2137,WARNING,,10,,t2968_0,0.80,NORMAL,OFFLOAD,WARNING: heavy task offloaded (weight=0.80 >= 0.3),
1771436121.866,0.1,,,,,,,,,,,,,,,0.2137,WARNING,,10,,t2968_1,0.56,HIGH,OFFLOAD,WARNING: heavy task offloaded (weight=0.56 >= 0.3),
1771436121.866,0.1,73.83,4.8091,1.029,30.7,3,,,0.02806,0.5888,0.0000,0.1860,0.0000,0.2806,0.2597,0.1748,SAFE,False,10,0,,,,,,window_reset|B=10
1771436121.866,0.1,73.77,4.7715,1.002,28.7,3,,,0.02870,0.5848,0.0000,0.3569,0.0000,0.2870,0.2461,0.1945,SAFE,False,10,0,,,,,,
1771436121.866,0.1,,,,,,,,,,,,,,,0.1945,SAFE,,10,,t2970_0,0.37,CRITICAL,LOCAL,SAFE: all tasks permitted (weight=0.37),
1771436121.866,0.1,73.86,4.8190,1.046,31.9,3,,,0.03450,0.5909,0.0000,0.1411,0.0000,0.3450,0.2680,0.1774,SAFE,False,10,0,,,,,,
1771436121.866,0.1,73.31,4.7729,1.018,29.8,3,,,0.02981,0.5542,0.0000,0.3506,0.0000,0.2981,0.2539,0.1927,SAFE,False,10,0,,,,,,
1771436121.866,0.1,,,,,,,,,,,,,,,0.1927,SAFE,,10,,t2972_0,0.42,NORMAL,LOCAL,SAFE: all tasks permitted (weight=0.42),
1771436121.866,0.1,73.42,4.7530,1.070,33.6,3,,,0.02765,0.5614,0.0000,0.4410,0.0000,0.2765,0.2802,0.2084,SAFE,False,10,0,,,,,,
1771436121.867,0.1,,,,,,,,,,,,,,,0.2084,SAFE,,10,,t2973_0,0.36,LOW,LOCAL,SAFE: all tasks permitted (weight=0.36),
1771436121.867,0.1,72.62,4.7547,1.107,36.2,4,-112693.358,-12.11256,0.02296,0.5079,0.0000,0.4330,0.0000,0.2296,0.3137,0.2029,SAFE,False,10,0,,,,,,
1771436121.867,0.1,,,,,,,,,,,,,,,0.2029,SAFE,,10,,t2974_0,0.28,NORMAL,LOCAL,SAFE: all tasks permitted (weight=0.28),
1771436121.867,0.1,72.67,4.7614,1.127,37.7,4,-101114.050,-1.07886,0.02146,0.5111,0.0000,0.4029,0.0000,0.2146,0.3236,0.1999,SAFE,False,10,0,,,,,,
1771436121.867,0.1,,,,,,,,,,,,,,,0.1999,SAFE,,10,,t2975_0,0.25,LOW,LOCAL,SAFE: all tasks permitted (weight=0.25),
1771436121.867,0.1,73.59,4.8052,1.139,38.5,4,-31014.252,55.37251,0.02257,0.5728,0.0000,0.2038,0.0000,0.2257,0.3294,0.1837,SAFE,False,10,0,,,,,,
1771436121.867,0.1,,,,,,,,,,,,,,,0.1837,SAFE,,10,,t2976_0,0.74,LOW,LOCAL,SAFE: all tasks permitted (weight=0.74),
1771436121.867,0.1,,,,,,,,,,,,,,,0.1837,SAFE,,10,,t2976_1,0.80,HIGH,LOCAL,SAFE: all tasks permitted (weight=0.80),
1771436121.867,0.1,73.74,4.6839,1.389,56.3,6,-5748.607,-125.08094,0.03365,0.5824,0.0000,0.7551,0.0000,0.3365,0.4843,0.2985,WARNING,False,10,0,,,,,,
1771436121.867,0.1,,,,,,,,,,,,,,,0.2985,WARNING,,10,,t2977_0,0.43,NORMAL,OFFLOAD,WARNING: heavy task offloaded (weight=0.43 >= 0.3),
1771436121.867,0.1,73.76,4.6873,1.336,52.6,6,-503.995,-84.11310,0.04030,0.5843,0.0000,0.7396,0.0000,0.4030,0.4581,0.2982,WARNING,False,10,0,,,,,,
1771436121.867,0.1,,,,,,,,,,,,,,,0.2982,WARNING,,10,,t2978_0,0.50,CRITICAL,OFFLOAD,WARNING: heavy task offloaded (weight=0.50 >= 0.3),
1771436121.867,0.1,,,,,,,,,,,,,,,0.2982,WARNING,,10,,t2978_1,0.21,LOW,LOCAL,WARNING: lightweight task permitted (weight=0.21 < 0.3),
1771436121.867,0.1,74.22,4.6712,1.326,51.9,6,21349.850,-147.60370,0.04727,0.6146,0.0000,0.8126,0.0000,0.4727,0.4530,0.3173,WARNING,False,10,0,,,,,,
1771436121.867,0.1,,,,,,,,,,,,,,,0.3173,WARNING,,10,,t2979_0,0.60,NORMAL,OFFLOAD,WARNING: heavy task offloaded (weight=0.60 >= 0.3),
1771436121.867,0.1,74.59,4.6919,1.278,48.4,5,76409.081,-80.87022,0.05024,0.6391,0.0000,0.7186,0.0000,0.5024,0.4140,0.3032,WARNING,False,10,0,,,,,,
1771436121.867,0.1,74.24,4.6965,1.234,45.3,5,48833.963,-56.41649,0.04851,0.6158,0.0000,0.6977,0.0000,0.4851,0.3918,0.2915,WARNING,False,10,0,,,,,,
1771436121.867,0.1,,,,,,,,,,,,,,,0.2915,WARNING,,10,,t2981_0,0.78,LOW,OFFLOAD,WARNING: heavy task offloaded (weight=0.78 >= 0.3),
1771436121.867,0.1,74.80,4.7119,1.192,42.3,4,,,0.04798,0.6531,0.0000,0.6278,0.0000,0.4798,0.3561,0.2792,WARNING,False,10,0,,,,,,
1771436121.867,0.1,,,,,,,,,,,,,,,0.2792,WARNING,,10,,t2982_0,0.42,LOW,OFFLOAD,WARNING: heavy task offloaded (weight=0.42 >= 0.3),
1771436121.867,0.1,74.75,4.7585,1.154,39.5,4,,,0.04155,0.6497,0.0000,0.4160,0.0000,0.4155,0.3368,0.2410,WARNING,False,10,0,,,,,,
1771436121.867,0.1,,,,,,,,,,,,,,,0.2410,WARNING,,10,,t2983_0,0.22,LOW,LOCAL,WARNING: lightweight task permitted (weight=0.22 < 0.3),
1771436121.867,0.1,74.70,4.7481,1.159,40.0,4,,,0.03990,0.6467,0.0000,0.4630,0.0000,0.3990,0.3397,0.2456,WARNING,False,10,0,,,,,,window_reset|B=10
1771436121.867,0.1,,,,,,,,,,,,,,,0.2456,WARNING,,10,,t2984_0,0.28,LOW,LOCAL,WARNING: lightweight task permitted (weight=0.28 < 0.3),
1771436121.867,0.1,74.59,4.7452,1.176,41.1,4,,,0.03954,0.6392,0.0000,0.4763,0.0000,0.3954,0.3479,0.2477,WARNING,False,10,0,,,,,,
1771436121.867,0.1,,,,,,,,,,,,,,,0.2477,WARNING,,10,,t2985_0,0.60,HIGH,OFFLOAD,WARNING: heavy task offloaded (weight=0.60 >= 0.3),
1771436121.867,0.1,74.68,4.7403,1.138,38.5,4,,,0.03887,0.6450,0.0000,0.4986,0.0000,0.3887,0.3292,0.2469,WARNING,False,10,0,,,,,,
1771436121.867,0.1,,,,,,,,,,,,,,,0.2469,WARNING,,10,,t2986_0,0.81,CRITICAL,OFFLOAD,WARNING: heavy task offloaded (weight=0.81 >= 0.3),
1771436121.867,0.1,74.53,4.7644,1.104,36.0,4,,,0.03911,0.6351,0.0000,0.3891,0.0000,0.3911,0.3119,0.2283,WARNING,False,10,0,,,,,,
1771436121.867,0.1,,,,,,,,,,,,,,,0.2283,WARNING,,10,,t2987_0,0.41,LOW,OFFLOAD,WARNING: heavy task offloaded (weight=0.41 >= 0.3),
1771436121.867,0.1,74.82,4.7746,1.071,33.7,3,,,0.03457,0.6545,0.0000,0.3427,0.0000,0.3457,0.2807,0.2138,WARNING,False,10,0,,,,,,
1771436121.867,0.1,74.27,4.7817,1.041,31.5,3,,,0.03593,0.6179,0.0000,0.3106,0.0000,0.3593,0.2657,0.2036,WARNING,False,10,0,,,,,,
1771436121.867,0.1,,,,,,,,,,,,,,,0.2036,WARNING,,10,,t2989_0,0.71,HIGH,OFFLOAD,WARNING: heavy task offloaded (weight=0.71 >= 0.3),
1771436121.867,0.1,74.05,4.7949,1.013,29.5,3,,,0.03730,0.6032,0.0000,0.2506,0.0000,0.3730,0.2517,0.1926,WARNING,False,10,0,,,,,,
1771436121.867,0.1,73.68,4.8217,0.987,27.7,3,,,0.03739,0.5786,0.0000,0.1287,0.0000,0.3739,0.2387,0.1713,SAFE,False,10,0,,,,,,
1771436121.867,0.1,,,,,,,,,,,,,,,0.1713,SAFE,,10,,t2991_0,0.26,LOW,LOCAL,SAFE: all tasks permitted (weight=0.26),
1771436121.867,0.1,73.52,4.7666,1.012,29.5,3,,,0.03271,0.5682,0.0000,0.3790,0.0000,0.3271,0.2512,0.2004,SAFE,False,10,0,,,,,,
1771436121.867,0.1,,,,,,,,,,,,,,,0.2004,SAFE,,10,,t2992_0,0.78,HIGH,LOCAL,SAFE: all tasks permitted (weight=0.78),
1771436121.867,0.1,73.47,4.7513,1.133,38.1,4,,,0.02705,0.5644,0.0000,0.4486,0.0000,0.2705,0.3264,0.2184,SAFE,False,10,0,,,,,,
1771436121.867,0.1,,,,,,,,,,,,,,,0.2184,SAFE,,10,,t2993_0,0.83,NORMAL,LOCAL,SAFE: all tasks permitted (weight=0.83),
1771436121.867,0.1,,,,,,,,,,,,,,,0.2184,SAFE,,10,,t2993_1,0.73,HIGH,LOCAL,SAFE: all tasks permitted (weight=0.73),
1771436121.867,0.1,73.93,4.6726,1.390,56.4,6,,,0.03443,0.5953,0.0000,0.8063,0.0000,0.3443,0.4851,0.3077,WARNING,False,10,0,,,,,,
1771436121.867,0.1,,,,,,,,,,,,,,,0.3077,WARNING,,10,,t2994_0,0.60,NORMAL,OFFLOAD,WARNING: heavy task offloaded (weight=0.60 >= 0.3),
1771436121.867,0.1,,,,,,,,,,,,,,,0.3077,WARNING,,10,,t2994_1,0.54,NORMAL,OFFLOAD,WARNING: heavy task offloaded (weight=0.54 >= 0.3),
1771436121.867,0.1,74.50,4.7242,1.338,52.7,6,,,0.03583,0.6334,0.0000,0.5717,0.0000,0.3583,0.4589,0.2780,WARNING,False,10,0,,,,,,
1771436121.867,0.1,,,,,,,,,,,,,,,0.2780,WARNING,,10,,t2995_0,0.23,CRITICAL,LOCAL,WARNING: lightweight task permitted (weight=0.23 < 0.3),
1771436121.867,0.1,74.08,4.6766,1.332,52.3,6,,,0.04222,0.6051,0.0000,0.7883,0.0000,0.4222,0.4559,0.3085,WARNING,False,10,0,,,,,,
1771436121.867,0.1,,,,,,,,,,,,,,,0.3085,WARNING,,10,,t2996_0,0.50,LOW,OFFLOAD,WARNING: heavy task offloaded (weight=0.50 >= 0.3),
1771436121.867,0.1,75.00,4.7354,1.284,48.8,5,,,0.04242,0.6663,0.0000,0.5210,0.0000,0.4242,0.4168,0.2735,WARNING,False,10,0,,,,,,
1771436121.867,0.1,75.34,4.7484,1.239,45.6,5,,,0.04232,0.6892,0.0000,0.4619,0.0000,0.4232,0.3943,0.2639,WARNING,False,10,0,,,,,,
1771436121.867,0.1,,,,,,,,,,,,,,,0.2639,WARNING,,10,,t2998_0,0.79,CRITICAL,OFFLOAD,WARNING: heavy task offloaded (weight=0.79 >= 0.3),
1771436121.867,0.1,75.16,4.7113,1.197,42.6,4,,,0.04345,0.6773,0.0000,0.6304,0.0000,0.4345,0.3584,0.2784,WARNING,False,10,0,,,,,,window_reset|B=10
1771436121.867,0.1,,,,,,,,,,,,,,,0.2784,WARNING,,10,,t2999_0,0.38,NORMAL,OFFLOAD,WARNING: heavy task offloaded (weight=0.38 >= 0.3),
1771436121.867,0.1,75.41,4.7981,1.158,39.9,4,,,0.04516,0.6941,0.0000,0.2361,0.0000,0.4516,0.3390,0.2269,WARNING,False,10,0,,,,,,
1771436121.867,0.1,74.88,4.7345,1.122,37.3,4,,,0.04415,0.6586,0.0000,0.5251,0.0000,0.4415,0.3210,0.2556,WARNING,False,10,0,,,,,,
1771436121.867,0.1,,,,,,,,,,,,,,,0.2556,WARNING,,10,,t3001_0,0.37,CRITICAL,OFFLOAD,WARNING: heavy task offloaded (weight=0.37 >= 0.3),
1771436121.867,0.1,74.53,4.8022,1.088,34.9,3,,,0.04489,0.6353,0.0000,0.2171,0.0000,0.4489,0.2892,0.2072,WARNING,False,10,0,,,,,,
1771436121.867,0.1,,,,,,,,,,,,,,,0.2072,WARNING,,10,,t3002_0,0.46,NORMAL,OFFLOAD,WARNING: heavy task offloaded (weight=0.46 >= 0.3),
1771436121.867,0.1,74.27,4.8127,1.057,32.6,3,,,0.04367,0.6177,0.0000,0.1695,0.0000,0.4367,0.2735,0.1945,WARNING,False,10,0,,,,,,
1771436121.867,0.1,74.83,4.7712,1.028,30.6,3,,,0.04388,0.6550,0.0000,0.3581,0.0000,0.4388,0.2590,0.2208,WARNING,False,10,0,,,,,,
1771436121.868,0.1,74.27,4.8238,1.001,28.6,3,-34898.107,71.08423,0.04904,0.6181,0.0000,0.1192,0.0000,0.4904,0.2455,0.1878,WARNING,False,10,0,,,,,,
1771436121.868,0.1,,,,,,,,,,,,,,,0.1878,WARNING,,10,,t3005_0,0.62,NORMAL,OFFLOAD,WARNING: heavy task offloaded (weight=0.62 >= 0.3),
1771436121.868,0.1,74.11,4.8284,0.976,26.8,2,-59111.084,64.32685,0.04717,0.6076,0.0000,0.0984,0.0000,0.4717,0.2179,0.1765,SAFE,False,10,0,,,,,,
1771436121.868,0.1,73.60,4.8053,0.952,25.2,2,-75346.930,75.55246,0.04681,0.5732,0.0000,0.2034,0.0000,0.4681,0.2062,0.1833,SAFE,False,10,0,,,,,,
1771436121.868,0.1,,,,,,,,,,,,,,,0.1833,SAFE,,10,,t3007_0,0.28,NORMAL,LOCAL,SAFE: all tasks permitted (weight=0.28),
1771436121.868,0.1,72.52,4.7908,0.984,27.4,3,-139565.229,-5.82607,0.03737,0.5013,0.0000,0.2690,0.0000,0.3737,0.2369,0.1799,SAFE,False,10,0,,,,,,
1771436121.868,0.1,,,,,,,,,,,,,,,0.1799,SAFE,,10,,t3008_0,0.27,HIGH,LOCAL,SAFE: all tasks permitted (weight=0.27),
1771436121.868,0.1,73.18,4.8009,1.011,29.4,3,-82173.016,53.39543,0.03515,0.5450,0.0000,0.2233,0.0000,0.3515,0.2506,0.1797,SAFE,False,10,0,,,,,,
1771436121.868,0.1,72.97,4.8000,0.985,27.5,3,-75153.260,-1.83127,0.03344,0.5314,0.0000,0.2274,0.0000,0.3344,0.2377,0.1743,SAFE,False,10,0,,,,,,
1771436121.868,0.1,72.44,4.8172,0.961,25.8,2,-88294.634,3.63385,0.02424,0.4957,0.0000,0.1489,0.0000,0.2424,0.2107,0.1452,SAFE,False,10,0,,,,,,
1771436121.868,0.1,,,,,,,,,,,,,,,0.1452,SAFE,,10,,t3011_0,0.78,NORMAL,LOCAL,SAFE: all tasks permitted (weight=0.78),
1771436121.868,0.1,72.48,4.7604,1.084,34.6,3,-113104.269,-8.73844,0.02647,0.4988,0.0000,0.4075,0.0000,0.2647,0.2870,0.1967,SAFE,False,10,0,,,,,,
1771436121.868,0.1,,,,,,,,,,,,,,,0.1967,SAFE,,10,,t3012_0,0.84,CRITICAL,LOCAL,SAFE: all tasks permitted (weight=0.84),
1771436121.868,0.1,,,,,,,,,,,,,,,0.1967,SAFE,,10,,t3012_1,0.45,LOW,LOCAL,SAFE: all tasks permitted (weight=0.45),
1771436121.868,0.1,72.72,4.7606,1.294,49.6,5,,,0.02206,0.5145,0.0000,0.4062,0.0000,0.2206,0.4220,0.2210,SAFE,False,10,0,,,,,,
1771436121.868,0.1,,,,,,,,,,,,,,,0.2210,SAFE,,10,,t3013_0,0.70,NORMAL,LOCAL,SAFE: all tasks permitted (weight=0.70),
1771436121.868,0.1,73.27,4.6975,1.379,55.7,6,,,0.03532,0.5513,0.0000,0.6933,0.0000,0.3532,0.4797,0.2875,WARNING,False,10,0,,,,,,window_reset|B=10
1771436121.868,0.1,74.08,4.7133,1.328,52.0,6,,,0.04012,0.6052,0.0000,0.6213,0.0000,0.4012,0.4538,0.2843,WARNING,False,10,0,,,,,,
1771436121.868,0.1,,,,,,,,,,,,,,,0.2843,WARNING,,10,,t3015_0,0.66,HIGH,OFFLOAD,WARNING: heavy task offloaded (weight=0.66 >= 0.3),
1771436121.868,0.1,,,,,,,,,,,,,,,0.2843,WARNING,,10,,t3015_1,0.59,CRITICAL,OFFLOAD,WARNING: heavy task offloaded (weight=0.59 >= 0.3),
1771436121.868,0.1,74.16,4.6755,1.280,48.5,5,,,0.04962,0.6107,0.0000,0.7932,0.0000,0.4962,0.4148,0.3090,WARNING,False,10,0,,,,,,
1771436121.868,0.1,,,,,,,,,,,,,,,0.3090,WARNING,,10,,t3016_0,0.81,HIGH,OFFLOAD,WARNING: heavy task offloaded (weight=0.81 >= 0.3),
1771436121.868,0.1,73.51,4.7607,1.235,45.4,5,,,0.04723,0.5676,0.0000,0.4058,0.0000,0.4723,0.3925,0.2466,WARNING,False,10,0,,,,,,
1771436121.868,0.1,,,,,,,,,,,,,,,0.2466,WARNING,,10,,t3017_0,0.65,NORMAL,OFFLOAD,WARNING: heavy task offloaded (weight=0.65 >= 0.3),
1771436121.868,0.1,73.67,4.7658,1.194,42.4,4,,,0.04353,0.5778,0.0000,0.3828,0.0000,0.4353,0.3568,0.2340,WARNING,False,10,0,,,,,,
1771436121.869,0.1,,,,,,,,,,,,,,,0.2340,WARNING,,10,,t3018_0,0.35,HIGH,OFFLOAD,WARNING: heavy task offloaded (weight=0.35 >= 0.3),
1771436121.869,0.1,73.95,4.7967,1.155,39.6,4,96793.109,-21.82890,0.04289,0.5968,0.0000,0.2422,0.0000,0.4289,0.3375,0.2135,WARNING,False,10,0,,,,,,
1771436121.869,0.1,,,,,,,,,,,,,,,0.2135,WARNING,,10,,t3019_0,0.60,LOW,OFFLOAD,WARNING: heavy task offloaded (weight=0.60 >= 0.3),
1771436121.869,0.1,,,,,,,,,,,,,,,0.2135,WARNING,,10,,t3019_1,0.80,LOW,OFFLOAD,WARNING: heavy task offloaded (weight=0.80 >= 0.3),
1771436121.869,0.1,73.64,4.7446,1.119,37.1,4,74085.080,-16.73114,0.04216,0.5762,0.0000,0.4790,0.0000,0.4216,0.3195,0.2375,WARNING,False,10,0,,,,,,
1771436121.869,0.1,73.87,4.8108,1.086,34.7,3,73631.001,53.33179,0.04309,0.5914,0.0000,0.1783,0.0000,0.4309,0.2878,0.1948,WARNING,False,10,0,,,,,,
1771436121.869,0.1,,,,,,,,,,,,,,,0.1948,WARNING,,10,,t3021_0,0.28,HIGH,LOCAL,WARNING: lightweight task permitted (weight=0.28 < 0.3),
1771436121.869,0.1,73.94,4.7551,1.107,36.2,4,42855.431,61.33836,0.04124,0.5960,0.0000,0.4312,0.0000,0.4124,0.3137,0.2316,WARNING,False,10,0,,,,,,
1771436121.869,0.1,,,,,,,,,,,,,,,0.2316,WARNING,,10,,t3022_0,0.81,LOW,OFFLOAD,WARNING: heavy task offloaded (weight=0.81 >= 0.3),
1771436121.869,0.1,73.58,4.7817,1.075,33.9,3,-31815.955,72.71945,0.03778,0.5720,0.0000,0.3105,0.0000,0.3778,0.2824,0.2033,WARNING,False,10,0,,,,,,
1771436121.869,0.1,73.38,4.7885,1.045,31.8,3,-49923.133,120.25607,0.03909,0.5586,0.0000,0.2793,0.0000,0.3909,0.2673,0.1959,WARNING,False,10,0,,,,,,
1771436121.869,0.1,,,,,,,,,,,,,,,0.1959,WARNING,,10,,t3024_0,0.30,HIGH,LOCAL,WARNING: lightweight task permitted (weight=0.30 < 0.3),
1771436121.869,0.1,72.99,4.7456,1.072,33.7,3,-33516.218,-16.07586,0.03911,0.5326,0.0000,0.4745,0.0000,0.3911,0.2809,0.2209,WARNING,False,10,0,,,,,,
1771436121.869,0.1,,,,,,,,,,,,,,,0.2209,WARNING,,10,,t3025_0,0.48,LOW,OFFLOAD,WARNING: heavy task offloaded (weight=0.48 >= 0.3),
1771436121.869,0.1,73.65,4.8027,1.042,31.6,3,-1401.523,39.28940,0.03744,0.5764,0.0000,0.2149,0.0000,0.3744,0.2659,0.1877,WARNING,False,10,0,,,,,,
1771436121.869,0.1,73.47,4.7810,1.014,29.6,3,,,0.03472,0.5649,0.0000,0.3136,0.0000,0.3472,0.2519,0.1937,WARNING,False,10,0,,,,,,
1771436121.869,0.1,72.65,4.8173,0.988,27.7,3,,,0.02386,0.5098,0.0000,0.1485,0.0000,0.2386,0.2389,0.1521,SAFE,False,10,0,,,,,,
1771436121.869,0.1,,,,,,,,,,,,,,,0.1521,SAFE,,10,,t3028_0,0.76,CRITICAL,LOCAL,SAFE: all tasks permitted (weight=0.76),
1771436121.869,0.1,,,,,,,,,,,,,,,0.1521,SAFE,,10,,t3028_1,0.50,HIGH,LOCAL,SAFE: all tasks permitted (weight=0.50),
1771436121.869,0.1,72.43,4.7440,1.201,42.9,4,,,0.02534,0.4954,0.0000,0.4818,0.0000,0.2534,0.3606,0.2195,SAFE,False,10,0,,,,,,window_reset|B=10
1771436121.869,0.1,,,,,,,,,,,,,,,0.2195,SAFE,,10,,t3029_0,0.58,NORMAL,LOCAL,SAFE: all tasks permitted (weight=0.58),
1771436121.869,0.1,73.12,4.7256,1.271,47.9,5,,,0.02909,0.5414,0.0000,0.5655,0.0000,0.2909,0.4103,0.2496,SAFE,False,10,0,,,,,,
1771436121.869,0.1,,,,,,,,,,,,,,,0.2496,SAFE,,10,,t3030_0,0.27,NORMAL,LOCAL,SAFE: all tasks permitted (weight=0.27),
1771436121.869,0.1,72.96,4.7234,1.277,48.3,5,,,0.03139,0.5306,0.0000,0.5754,0.0000,0.3139,0.4133,0.2525,WARNING,False,10,0,,,,,,
1771436121.869,0.1,,,,,,,,,,,,,,,0.2525,WARNING,,10,,t3031_0,0.77,HIGH,OFFLOAD,WARNING: heavy task offloaded (weight=0.77 >= 0.3),
1771436121.869,0.1,73.94,4.7362,1.232,45.2,5,,,0.03200,0.5961,0.0000,0.5174,0.0000,0.3200,0.3911,0.2490,WARNING,False,10,0,,,,,,
1771436121.869,0.1,,,,,,,,,,,,,,,0.2490,WARNING,,10,,t3032_0,0.45,NORMAL,OFFLOAD,WARNING: heavy task offloaded (weight=0.45 >= 0.3),
1771436121.869,0.1,73.89,4.7346,1.191,42.2,4,,,0.03033,0.5929,0.0000,0.5244,0.0000,0.3033,0.3554,0.2407,WARNING,False,10,0,,,,,,
1771436121.869,0.1,,,,,,,,,,,,,,,0.2407,WARNING,,10,,t3033_0,0.62,HIGH,OFFLOAD,WARNING: heavy task offloaded (weight=0.62 >= 0.3),
1771436121.869,0.1,73.55,4.7551,1.152,39.5,4,,,0.03033,0.5702,0.0000,0.4314,0.0000,0.3033,0.3362,0.2221,WARNING,False,10,0,,,,,,
1771436121.869,0.1,74.04,4.7557,1.117,36.9,4,,,0.02972,0.6030,0.0000,0.4286,0.0000,0.2972,0.3183,0.2215,WARNING,False,10,0,,,,,,
1771436121.869,0.1,,,,,,,,,,,,,,,0.2215,WARNING,,10,,t3035_0,0.32,NORMAL,OFFLOAD,WARNING: heavy task offloaded (weight=0.32 >= 0.3),
1771436121.869,0.1,73.43,4.7683,1.083,34.5,3,,,0.02856,0.5619,0.0000,0.3711,0.0000,0.2856,0.2867,0.2016,WARNING,False,10,0,,,,,,
1771436121.869,0.1,73.15,4.7931,1.053,32.3,3,,,0.02990,0.5436,0.0000,0.2586,0.0000,0.2990,0.2713,0.1830,WARNING,False,10,0,,,,,,
1771436121.869,0.1,,,,,,,,,,,,,,,0.1830,WARNING,,10,,t3037_0,0.64,HIGH,OFFLOAD,WARNING: heavy task offloaded (weight=0.64 >= 0.3),
1771436121.869,0.1,,,,,,,,,,,,,,,0.1830,WARNING,,10,,t3037_1,0.21,LOW,LOCAL,WARNING: lightweight task permitted (weight=0.21 < 0.3),
1771436121.869,0.1,73.49,4.7642,1.062,33.0,3,,,0.02724,0.5658,0.0000,0.3898,0.0000,0.2724,0.2762,0.2011,WARNING,False,10,0,,,,,,
1771436121.869,0.1,,,,,,,,,,,,,,,0.2011,WARNING,,10,,t3038_0,0.43,HIGH,OFFLOAD,WARNING: heavy task offloaded (weight=0.43 >= 0.3),
1771436121.869,0.1,73.03,4.8255,1.033,30.9,3,,,0.03259,0.5351,0.0000,0.1114,0.0000,0.3259,0.2615,0.1636,SAFE,False,10,0,,,,,,
1771436121.869,0.1,73.06,4.7890,1.006,29.0,3,,,0.02936,0.5377,0.0000,0.2775,0.0000,0.2936,0.2478,0.1795,SAFE,False,10,0,,,,,,
1771436121.869,0.1,,,,,,,,,,,,,,,0.1795,SAFE,,10,,t3040_0,0.79,HIGH,LOCAL,SAFE: all tasks permitted (weight=0.79),
1771436121.869,0.1,,,,,,,,,,,,,,,0.1795,SAFE,,10,,t3040_1,0.41,HIGH,LOCAL,SAFE: all tasks permitted (weight=0.41),
1771436121.869,0.1,73.11,4.7568,1.206,43.3,5,,,0.02900,0.5409,0.0000,0.4238,0.0000,0.2900,0.3778,0.2246,SAFE,False,10,0,,,,,,
1771436121.869,0.1,72.58,4.7553,1.166,40.4,4,,,0.02711,0.5052,0.0000,0.4306,0.0000,0.2711,0.3431,0.2123,SAFE,False,10,0,,,,,,
1771436121.869,0.1,,,,,,,,,,,,,,,0.2123,SAFE,,10,,t3042_0,0.77,NORMAL,LOCAL,SAFE: all tasks permitted (weight=0.77),
1771436121.869,0.1,,,,,,,,,,,,,,,0.2123,SAFE,,10,,t3042_1,0.26,NORMAL,LOCAL,SAFE: all tasks permitted (weight=0.26),
1771436121.869,0.1,73.26,4.6831,1.322,51.6,6,,,0.03356,0.5509,0.0000,0.7588,0.0000,0.3356,0.4512,0.2886,WARNING,False,10,0,,,,,,
1771436121.869,0.1,,,,,,,,,,,,,,,0.2886,WARNING,,10,,t3043_0,0.35,NORMAL,OFFLOAD,WARNING: heavy task offloaded (weight=0.35 >= 0.3),
1771436121.869,0.1,,,,,,,,,,,,,,,0.2886,WARNING,,10,,t3043_1,0.52,LOW,OFFLOAD,WARNING: heavy task offloaded (weight=0.52 >= 0.3),
1771436121.869,0.1,73.56,4.7190,1.275,48.2,5,,,0.03487,0.5707,0.0000,0.5953,0.0000,0.3487,0.4124,0.2632,WARNING,False,10,0,,,,,,window_reset|B=10
1771436121.869,0.1,73.65,4.7255,1.230,45.0,5,,,0.03548,0.5765,0.0000,0.5660,0.0000,0.3548,0.3902,0.2563,WARNING,False,10,0,,,,,,
1771436121.869,0.1,73.63,4.7301,1.189,42.1,4,,,0.03629,0.5753,0.0000,0.5452,0.0000,0.3629,0.3546,0.2471,WARNING,False,10,0,,,,,,
1771436121.869,0.1,,,,,,,,,,,,,,,0.2471,WARNING,,10,,t3046_0,0.84,NORMAL,OFFLOAD,WARNING: heavy task offloaded (weight=0.84 >= 0.3),
1771436121.869,0.1,74.30,4.7413,1.151,39.4,4,,,0.03650,0.6199,0.0000,0.4942,0.0000,0.3650,0.3355,0.2422,WARNING,False,10,0,,,,,,
1771436121.870,0.1,,,,,,,,,,,,,,,0.2422,WARNING,,10,,t3047_0,0.80,LOW,OFFLOAD,WARNING: heavy task offloaded (weight=0.80 >= 0.3),
1771436121.870,0.1,73.72,4.7756,1.115,36.8,4,36848.938,-12.46019,0.03679,0.5814,0.0000,0.3381,0.0000,0.3679,0.3177,0.2140,WARNING,False,10,0,,,,,,
1771436121.870,0.1,,,,,,,,,,,,,,,0.2140,WARNING,,10,,t3048_0,0.56,NORMAL,OFFLOAD,WARNING: heavy task offloaded (weight=0.56 >= 0.3),
1771436121.870,0.1,74.05,4.8071,1.082,34.4,3,52380.683,47.11220,0.03818,0.6031,0.0000,0.1948,0.0000,0.3818,0.2861,0.1931,WARNING,False,10,0,,,,,,
1771436121.870,0.1,,,,,,,,,,,,,,,0.1931,WARNING,,10,,t3049_0,0.46,HIGH,OFFLOAD,WARNING: heavy task offloaded (weight=0.46 >= 0.3),
1771436121.870,0.1,,,,,,,,,,,,,,,0.1931,WARNING,,10,,t3049_1,0.38,CRITICAL,OFFLOAD,WARNING: heavy task offloaded (weight=0.38 >= 0.3),
1771436121.870,0.1,73.83,4.7813,1.051,32.2,3,70467.108,24.31645,0.03877,0.5889,0.0000,0.3124,0.0000,0.3877,0.2707,0.2042,WARNING,False,10,0,,,,,,
1771436121.870,0.1,73.66,4.7934,1.023,30.2,3,22258.426,103.21431,0.03490,0.5774,0.0000,0.2571,0.0000,0.3490,0.2564,0.1889,WARNING,False,10,0,,,,,,
1771436121.870,0.1,,,,,,,,,,,,,,,0.1889,WARNING,,10,,t3051_0,0.30,HIGH,LOCAL,WARNING: lightweight task permitted (weight=0.30 < 0.3),
1771436121.870,0.1,73.42,4.7996,1.052,32.3,3,-7962.920,75.34048,0.03588,0.5612,0.0000,0.2291,0.0000,0.3588,0.2710,0.1872,WARNING,False,10,0,,,,,,
1771436121.870,0.1,,,,,,,,,,,,,,,0.1872,WARNING,,10,,t3052_0,0.80,LOW,OFFLOAD,WARNING: heavy task offloaded (weight=0.80 >= 0.3),
1771436121.870,0.1,73.17,4.8007,1.023,30.2,3,-26881.474,70.39683,0.03799,0.5446,0.0000,0.2239,0.0000,0.3799,0.2567,0.1838,WARNING,False,10,0,,,,,,
1771436121.870,0.1,,,,,,,,,,,,,,,0.1838,WARNING,,10,,t3053_0,0.73,LOW,OFFLOAD,WARNING: heavy task offloaded (weight=0.73 >= 0.3),
1771436121.870,0.1,,,,,,,,,,,,,,,0.1838,WARNING,,10,,t3053_1,0.81,NORMAL,OFFLOAD,WARNING: heavy task offloaded (weight=0.81 >= 0.3),
1771436121.870,0.1,72.43,4.8121,0.997,28.3,3,-67106.482,76.77117,0.04064,0.4956,0.0000,0.1720,0.0000,0.4064,0.2433,0.1711,SAFE,False,10,0,,,,,,
1771436121.870,0.1,,,,,,,,,,,,,,,0.1711,SAFE,,10,,t3054_0,0.65,CRITICAL,LOCAL,SAFE: all tasks permitted (weight=0.65),
1771436121.870,0.1,,,,,,,,,,,,,,,0.1711,SAFE,,10,,t3054_1,0.41,NORMAL,LOCAL,SAFE: all tasks permitted (weight=0.41),
1771436121.870,0.1,72.64,4.7635,1.171,40.8,4,-93155.063,20.81881,0.03256,0.5092,0.0000,0.3930,0.0000,0.3256,0.3457,0.2139,SAFE,False,10,0,,,,,,
1771436121.870,0.1,,,,,,,,,,,,,,,0.2139,SAFE,,10,,t3055_0,0.65,LOW,LOCAL,SAFE: all tasks permitted (weight=0.65),
1771436121.870,0.1,73.44,4.7182,1.257,47.0,5,,,0.03266,0.5629,0.0000,0.5989,0.0000,0.3266,0.4037,0.2588,WARNING,False,10,0,,,,,,
1771436121.870,0.1,,,,,,,,,,,,,,,0.2588,WARNING,,10,,t3056_0,0.43,NORMAL,OFFLOAD,WARNING: heavy task offloaded (weight=0.43 >= 0.3),
1771436121.870,0.1,73.22,4.7317,1.214,43.9,5,,,0.03198,0.5478,0.0000,0.5377,0.0000,0.3198,0.3822,0.2441,WARNING,False,10,0,,,,,,
1771436121.870,0.1,,,,,,,,,,,,,,,0.2441,WARNING,,10,,t3057_0,0.47,CRITICAL,OFFLOAD,WARNING: heavy task offloaded (weight=0.47 >= 0.3),
1771436121.870,0.1,72.66,4.7469,1.174,41.0,4,,,0.03048,0.5107,0.0000,0.4688,0.0000,0.3048,0.3471,0.2221,WARNING,False,10,0,,,,,,
1771436121.870,0.1,73.07,4.7402,1.137,38.4,4,,,0.03058,0.5380,0.0000,0.4992,0.0000,0.3058,0.3285,0.2257,WARNING,False,10,0,,,,,,window_reset|B=10
1771436121.870,0.1,,,,,,,,,,,,,,,0.2257,WARNING,,10,,t3059_0,0.74,HIGH,OFFLOAD,WARNING: heavy task offloaded (weight=0.74 >= 0.3),
1771436121.870,0.1,72.98,4.7890,1.102,35.9,4,,,0.03091,0.5323,0.0000,0.2772,0.0000,0.3091,0.3112,0.1931,WARNING,False,10,0,,,,,,
1771436121.870,0.1,,,,,,,,,,,,,,,0.1931,WARNING,,10,,t3060_0,0.76,HIGH,OFFLOAD,WARNING: heavy task offloaded (weight=0.76 >= 0.3),
1771436121.870,0.1,73.11,4.7695,1.070,33.6,3,,,0.02922,0.5408,0.0000,0.3658,0.0000,0.2922,0.2801,0.1977,WARNING,False,10,0,,,,,,
1771436121.870,0.1,,,,,,,,,,,,,,,0.1977,WARNING,,10,,t3061_0,0.60,LOW,OFFLOAD,WARNING: heavy task offloaded (weight=0.60 >= 0.3),
1771436121.870,0.1,72.77,4.7928,1.040,31.4,3,,,0.02974,0.5180,0.0000,0.2599,0.0000,0.2974,0.2651,0.1787,SAFE,False,10,0,,,,,,
1771436121.870,0.1,,,,,,,,,,,,,,,0.1787,SAFE,,10,,t3062_0,0.62,CRITICAL,LOCAL,SAFE: all tasks permitted (weight=0.62),
1771436121.870,0.1,72.65,4.7565,1.129,37.8,4,,,0.02922,0.5101,0.0000,0.4251,0.0000,0.2922,0.3245,0.2106,SAFE,False,10,0,,,,,,
1771436121.870,0.1,,,,,,,,,,,,,,,0.2106,SAFE,,10,,t3063_0,0.23,NORMAL,LOCAL,SAFE: all tasks permitted (weight=0.23),
1771436121.870,0.1,72.83,4.7375,1.139,38.5,4,,,0.02874,0.5218,0.0000,0.5116,0.0000,0.2874,0.3296,0.2238,SAFE,False,10,0,,,,,,
1771436121.870,0.1,,,,,,,,,,,,,,,0.2238,SAFE,,10,,t3064_0,0.44,HIGH,LOCAL,SAFE: all tasks permitted (weight=0.44),
1771436121.870,0.1,72.55,4.7095,1.188,42.0,4,,,0.02985,0.5033,0.0000,0.6387,0.0000,0.2985,0.3542,0.2441,SAFE,False,10,0,,,,,,
1771436121.870,0.1,,,,,,,,,,,,,,,0.2441,SAFE,,10,,t3065_0,0.27,NORMAL,LOCAL,SAFE: all tasks permitted (weight=0.27),
1771436121.870,0.1,,,,,,,,,,,,,,,0.2441,SAFE,,10,,t3065_1,0.29,LOW,LOCAL,SAFE: all tasks permitted (weight=0.29),
1771436121.870,0.1,73.80,4.7216,1.257,46.9,5,,,0.02578,0.5868,0.0000,0.5837,0.0000,0.2578,0.4033,0.2527,WARNING,False,10,0,,,,,,
1771436121.870,0.1,,,,,,,,,,,,,,,0.2527,WARNING,,10,,t3066_0,0.79,NORMAL,OFFLOAD,WARNING: heavy task offloaded (weight=0.79 >= 0.3),
1771436121.870,0.1,73.15,4.7110,1.214,43.8,5,,,0.02721,0.5432,0.0000,0.6319,0.0000,0.2721,0.3818,0.2509,WARNING,False,10,0,,,,,,
1771436121.870,0.1,,,,,,,,,,,,,,,0.2509,WARNING,,10,,t3067_0,0.27,LOW,LOCAL,WARNING: lightweight task permitted (weight=0.27 < 0.3),
1771436121.870,0.1,73.04,4.7331,1.224,44.6,5,,,0.02634,0.5361,0.0000,0.5314,0.0000,0.2634,0.3872,0.2372,WARNING,False,10,0,,,,,,
1771436121.870,0.1,73.88,4.7584,1.184,41.7,4,,,0.02626,0.5920,0.0000,0.4164,0.0000,0.2626,0.3519,0.2218,WARNING,False,10,0,,,,,,
1771436121.870,0.1,73.87,4.7598,1.146,39.0,4,,,0.02649,0.5913,0.0000,0.4098,0.0000,0.2649,0.3329,0.2173,WARNING,False,10,0,,,,,,
1771436121.870,0.1,,,,,,,,,,,,,,,0.2173,WARNING,,10,,t3070_0,0.73,CRITICAL,OFFLOAD,WARNING: heavy task offloaded (weight=0.73 >= 0.3),
1771436121.870,0.1,73.63,4.7888,1.111,36.5,4,,,0.02859,0.5753,0.0000,0.2781,0.0000,0.2859,0.3153,0.1968,WARNING,False,10,0,,,,,,
1771436121.870,0.1,73.58,4.7979,1.078,34.1,3,,,0.02963,0.5720,0.0000,0.2367,0.0000,0.2963,0.2839,0.1858,WARNING,False,10,0,,,,,,
1771436121.870,0.1,,,,,,,,,,,,,,,0.1858,WARNING,,10,,t3072_0,0.70,HIGH,OFFLOAD,WARNING: heavy task offloaded (weight=0.70 >= 0.3),
1771436121.871,0.1,,,,,,,,,,,,,,,0.1858,WARNING,,10,,t3072_1,0.31,NORMAL,OFFLOAD,WARNING: heavy task offloaded (weight=0.31 >= 0.3),
1771436121.871,0.1,73.96,4.7774,1.047,31.9,3,85682.480,68.69587,0.03007,0.5974,0.0000,0.3299,0.0000,0.3007,0.2686,0.1984,WARNING,False,10,0,,,,,,
1771436121.871,0.1,,,,,,,,,,,,,,,0.1984,WARNING,,10,,t3073_0,0.52,HIGH,OFFLOAD,WARNING: heavy task offloaded (weight=0.52 >= 0.3),
1771436121.871,0.1,73.31,4.7675,1.019,29.9,3,-29868.142,46.42211,0.02807,0.5540,0.0000,0.3751,0.0000,0.2807,0.2544,0.1942,WARNING,False,10,0,,,,,,window_reset|B=10
1771436121.871,0.1,,,,,,,,,,,,,,,0.1942,WARNING,,10,,t3074_0,0.46,NORMAL,OFFLOAD,WARNING: heavy task offloaded (weight=0.46 >= 0.3),
1771436121.871,0.1,73.16,4.8025,0.992,28.0,3,626.903,92.54003,0.03142,0.5439,0.0000,0.2160,0.0000,0.3142,0.2412,0.1730,SAFE,False,10,0,,,,,,
1771436121.871,0.1,72.46,4.8456,0.968,26.3,2,-35243.499,113.82957,0.03946,0.4973,0.0000,0.0198,0.0000,0.3946,0.2140,0.1445,SAFE,False,10,0,,,,,,
1771436121.871,0.1,,,,,,,,,,,,,,,0.1445,SAFE,,10,,t3076_0,0.65,LOW,LOCAL,SAFE: all tasks permitted (weight=0.65),
1771436121.871,0.1,72.77,4.7511,1.068,33.4,3,-67314.084,-7.35196,0.03617,0.5181,0.0000,0.4494,0.0000,0.3617,0.2789,0.2126,SAFE,False,10,0,,,,,,
1771436121.871,0.1,72.37,4.8290,1.038,31.3,3,-90682.822,69.91336,0.03688,0.4916,0.0000,0.0956,0.0000,0.3688,0.2640,0.1611,SAFE,False,10,0,,,,,,
1771436121.871,0.1,72.32,4.7985,1.010,29.3,3,-79503.335,9.83059,0.03138,0.4880,0.0000,0.2339,0.0000,0.3138,0.2502,0.1704,SAFE,False,10,0,,,,,,
1771436121.871,0.1,,,,,,,,,,,,,,,0.1704,SAFE,,10,,t3079_0,0.77,LOW,LOCAL,SAFE: all tasks permitted (weight=0.77),
1771436121.871,0.1,72.39,4.7268,1.129,37.8,4,-72250.835,-71.91055,0.03227,0.4927,0.0000,0.5599,0.0000,0.3227,0.3247,0.2291,SAFE,False,10,0,,,,,,
1771436121.871,0.1,71.73,4.8143,1.095,35.4,4,,,0.03233,0.4490,0.0000,0.1620,0.0000,0.3233,0.3077,0.1688,SAFE,False,10,0,,,,,,
1771436121.871,0.1,72.07,4.8342,1.064,33.1,3,,,0.03339,0.4711,0.0000,0.0717,0.0000,0.3339,0.2768,0.1546,SAFE,False,10,0,,,,,,
1771436121.871,0.1,,,,,,,,,,,,,,,0.1546,SAFE,,10,,t3082_0,0.24,CRITICAL,LOCAL,SAFE: all tasks permitted (weight=0.24),
1771436121.871,0.1,71.61,4.7475,1.080,34.3,3,,,0.03583,0.4409,0.0000,0.4657,0.0000,0.3583,0.2852,0.2063,SAFE,False,10,0,,,,,,
1771436121.871,0.1,71.70,4.7796,1.050,32.1,3,,,0.03590,0.4470,0.0000,0.3199,0.0000,0.3590,0.2699,0.1851,SAFE,False,10,0,,,,,,
1771436121.871,0.1,71.87,4.7917,1.021,30.1,3,,,0.03571,0.4577,0.0000,0.2649,0.0000,0.3571,0.2556,0.1762,SAFE,False,10,0,,,,,,
1771436121.872,0.1,,,,,,,,,,,,,,,0.1762,SAFE,,10,,t3085_0,0.53,NORMAL,LOCAL,SAFE: all tasks permitted (weight=0.53),
1771436121.872,0.1,71.33,4.7692,1.096,35.4,4,-69619.780,-66.49916,0.03562,0.4221,0.0000,0.3673,0.0000,0.3562,0.3081,0.1956,SAFE,False,10,0,,,,,,
1771436121.872,0.1,71.68,4.7585,1.064,33.2,3,-42700.569,-44.59509,0.03649,0.4454,0.0000,0.4160,0.0000,0.3649,0.2772,0.1995,SAFE,False,10,0,,,,,,
1771436121.872,0.1,71.56,4.7531,1.035,31.1,3,-55469.426,29.23370,0.03293,0.4373,0.0000,0.4404,0.0000,0.3293,0.2624,0.1951,SAFE,False,10,0,,,,,,
1771436121.872,0.1,,,,,,,,,,,,,,,0.1951,SAFE,,10,,t3088_0,0.29,HIGH,LOCAL,SAFE: all tasks permitted (weight=0.29),
1771436121.872,0.1,,,,,,,,,,,,,,,0.1951,SAFE,,10,,t3088_1,0.78,HIGH,LOCAL,SAFE: all tasks permitted (weight=0.78),
1771436121.872,0.1,71.58,4.7653,1.210,43.6,5,-10163.438,-54.63068,0.03214,0.4388,0.0000,0.3852,0.0000,0.3214,0.3799,0.2109,SAFE,False,10,0,,,,,,window_reset|B=10
1771436121.872,0.1,71.74,4.7583,1.170,40.7,4,-21566.079,-84.44353,0.02907,0.4496,0.0000,0.4166,0.0000,0.2907,0.3450,0.2062,SAFE,False,10,0,,,,,,
1771436121.872,0.1,,,,,,,,,,,,,,,0.2062,SAFE,,10,,t3090_0,0.76,LOW,LOCAL,SAFE: all tasks permitted (weight=0.76),
1771436121.872,0.1,71.71,4.6948,1.278,48.4,5,6456.651,-58.75195,0.03545,0.4473,0.0000,0.7057,0.0000,0.3545,0.4141,0.2637,WARNING,False,10,0,,,,,,
1771436121.872,0.1,72.01,4.6805,1.234,45.3,5,20253.214,-110.30374,0.04152,0.4672,0.0000,0.7705,0.0000,0.4152,0.3919,0.2761,WARNING,False,10,0,,,,,,
1771436121.872,0.1,,,,,,,,,,,,,,,0.2761,WARNING,,10,,t3092_0,0.73,NORMAL,OFFLOAD,WARNING: heavy task offloaded (weight=0.73 >= 0.3),
1771436121.872,0.1,71.94,4.7653,1.192,42.3,4,5245.147,-29.42238,0.03850,0.4629,0.0000,0.3850,0.0000,0.3850,0.3562,0.2153,WARNING,False,10,0,,,,,,
1771436121.872,0.1,,,,,,,,,,,,,,,0.2153,WARNING,,10,,t3093_0,0.50,HIGH,OFFLOAD,WARNING: heavy task offloaded (weight=0.50 >= 0.3),
1771436121.872,0.1,,,,,,,,,,,,,,,0.2153,WARNING,,10,,t3093_1,0.32,NORMAL,OFFLOAD,WARNING: heavy task offloaded (weight=0.32 >= 0.3),
1771436121.872,0.1,71.96,4.7626,1.154,39.6,4,73894.639,-12.97558,0.03109,0.4638,0.0000,0.3972,0.0000,0.3109,0.3369,0.2058,WARNING,False,10,0,,,,,,
1771436121.872,0.1,,,,,,,,,,,,,,,0.2058,WARNING,,10,,t3094_0,0.60,NORMAL,OFFLOAD,WARNING: heavy task offloaded (weight=0.60 >= 0.3),
1771436121.872,0.1,72.40,4.8083,1.118,37.0,4,84559.239,98.15515,0.03465,0.4930,0.0000,0.1897,0.0000,0.3465,0.3190,0.1823,WARNING,False,10,0,,,,,,
1771436121.872,0.1,,,,,,,,,,,,,,,0.1823,WARNING,,10,,t3095_0,0.37,HIGH,OFFLOAD,WARNING: heavy task offloaded (weight=0.37 >= 0.3),
1771436121.872,0.1,72.07,4.7719,1.085,34.6,3,60282.734,37.09236,0.03430,0.4713,0.0000,0.3549,0.0000,0.3430,0.2873,0.1945,WARNING,False,10,0,,,,,,
1771436121.872,0.1,,,,,,,,,,,,,,,0.1945,WARNING,,10,,t3096_0,0.56,NORMAL,OFFLOAD,WARNING: heavy task offloaded (weight=0.56 >= 0.3),
1771436121.872,0.1,,,,,,,,,,,,,,,0.1945,WARNING,,10,,t3096_1,0.37,HIGH,OFFLOAD,WARNING: heavy task offloaded (weight=0.37 >= 0.3),
1771436121.872,0.1,72.29,4.7512,1.054,32.4,3,83314.226,-27.65679,0.03263,0.4858,0.0000,0.4490,0.0000,0.3263,0.2718,0.2037,WARNING,False,10,0,,,,,,
1771436121.872,0.1,,,,,,,,,,,,,,,0.2037,WARNING,,10,,t3097_0,0.69,HIGH,OFFLOAD,WARNING: heavy task offloaded (weight=0.69 >= 0.3),
1771436121.872,0.1,71.90,4.8355,1.025,30.3,3,18256.560,152.09317,0.03971,0.4599,0.0000,0.0659,0.0000,0.3971,0.2574,0.1549,SAFE,False,10,0,,,,,,
1771436121.872,0.1,,,,,,,,,,,,,,,0.1549,SAFE,,10,,t3098_0,0.32,LOW,LOCAL,SAFE: all tasks permitted (weight=0.32),
1771436121.872,0.1,71.65,4.7635,1.059,32.8,3,-6813.379,135.54182,0.03973,0.4435,0.0000,0.3931,0.0000,0.3973,0.2747,0.1990,SAFE,False,10,0,,,,,,
1771436121.873,0.1,,,,,,,,,,,,,,,0.1990,SAFE,,10,,t3099_0,0.40,HIGH,LOCAL,SAFE: all tasks permitted (weight=0.40),
1771436121.873,0.1,71.50,4.7749,1.107,36.2,4,-27835.445,86.00218,0.03991,0.4333,0.0000,0.3415,0.0000,0.3991,0.3133,0.1990,SAFE,False,10,0,,,,,,
1771436121.873,0.1,,,,,,,,,,,,,,,0.1990,SAFE,,10,,t3100_0,0.24,NORMAL,LOCAL,SAFE: all tasks permitted (weight=0.24),
1771436121.873,0.1,71.77,4.8071,1.119,37.1,4,-9745.008,38.06418,0.04190,0.4510,0.0000,0.1952,0.0000,0.4190,0.3196,0.1853,SAFE,False,10,0,,,,,,
1771436121.873,0.1,,,,,,,,,,,,,,,0.1853,SAFE,,10,,t3101_0,0.61,LOW,LOCAL,SAFE: all tasks permitted (weight=0.61),
1771436121.873,0.1,,,,,,,,,,,,,,,0.1853,SAFE,,10,,t3101_1,0.41,NORMAL,LOCAL,SAFE: all tasks permitted (weight=0.41),
1771436121.873,0.1,71.89,4.7184,1.280,48.6,5,-6683.758,-74.96603,0.04380,0.4594,0.0000,0.5982,0.0000,0.4380,0.4151,0.2597,WARNING,False,10,0,,,,,,
1771436121.873,0.1,,,,,,,,,,,,,,,0.2597,WARNING,,10,,t3102_0,0.39,NORMAL,OFFLOAD,WARNING: heavy task offloaded (weight=0.39 >= 0.3),
1771436121.873,0.1,,,,,,,,,,,,,,,0.2597,WARNING,,10,,t3102_1,0.70,NORMAL,OFFLOAD,WARNING: heavy task offloaded (weight=0.70 >= 0.3),
1771436121.873,0.1,72.10,4.7457,1.236,45.4,5,-29799.817,-106.09469,0.03941,0.4735,0.0000,0.4741,0.0000,0.3941,0.3928,0.2364,WARNING,False,10,0,,,,,,
1771436121.873,0.1,,,,,,,,,,,,,,,0.2364,WARNING,,10,,t3103_0,0.47,NORMAL,OFFLOAD,WARNING: heavy task offloaded (weight=0.47 >= 0.3),
1771436121.873,0.1,73.17,4.7664,1.194,42.4,4,112288.814,-9.28359,0.03002,0.5449,0.0000,0.3798,0.0000,0.3002,0.3570,0.2162,WARNING,False,10,0,,,,,,window_reset|B=10
1771436121.873,0.1,,,,,,,,,,,,,,,0.2162,WARNING,,10,,t3104_0,0.48,LOW,OFFLOAD,WARNING: heavy task offloaded (weight=0.48 >= 0.3),
1771436121.873,0.1,72.43,4.7347,1.155,39.7,4,14987.502,-27.99705,0.03177,0.4956,0.0000,0.5240,0.0000,0.3177,0.3377,0.2269,WARNING,False,10,0,,,,,,
1771436121.873,0.1,,,,,,,,,,,,,,,0.2269,WARNING,,10,,t3105_0,0.43,LOW,OFFLOAD,WARNING: heavy task offloaded (weight=0.43 >= 0.3),
1771436121.873,0.1,72.99,4.7433,1.119,37.1,4,111349.552,-156.30095,0.03259,0.5328,0.0000,0.4850,0.0000,0.3259,0.3197,0.2235,WARNING,False,10,0,,,,,,
1771436121.873,0.1,,,,,,,,,,,,,,,0.2235,WARNING,,10,,t3106_0,0.50,NORMAL,OFFLOAD,WARNING: heavy task offloaded (weight=0.50 >= 0.3),
1771436121.873,0.1,72.66,4.7744,1.086,34.7,3,102030.994,18.50619,0.03041,0.5104,0.0000,0.3435,0.0000,0.3041,0.2880,0.1939,WARNING,False,10,0,,,,,,
1771436121.873,0.1,,,,,,,,,,,,,,,0.1939,WARNING,,10,,t3107_0,0.53,NORMAL,OFFLOAD,WARNING: heavy task offloaded (weight=0.53 >= 0.3),
1771436121.873,0.1,,,,,,,,,,,,,,,0.1939,WARNING,,10,,t3107_1,0.60,LOW,OFFLOAD,WARNING: heavy task offloaded (weight=0.60 >= 0.3),
1771436121.873,0.1,72.29,4.7803,1.055,32.5,3,,,0.03064,0.4859,0.0000,0.3168,0.0000,0.3064,0.2725,0.1846,WARNING,False,10,0,,,,,,
1771436121.873,0.1,72.53,4.7911,1.026,30.4,3,,,0.03099,0.5018,0.0000,0.2676,0.0000,0.3099,0.2580,0.1776,SAFE,False,10,0,,,,,,
1771436121.873,0.1,,,,,,,,,,,,,,,0.1776,SAFE,,10,,t3109_0,0.72,NORMAL,LOCAL,SAFE: all tasks permitted (weight=0.72),
1771436121.873,0.1,72.04,4.7563,1.136,38.3,4,,,0.02387,0.4693,0.0000,0.4261,0.0000,0.2387,0.3280,0.2012,SAFE,False,10,0,,,,,,
1771436121.873,0.1,,,,,,,,,,,,,,,0.2012,SAFE,,10,,t3110_0,0.29,NORMAL,LOCAL,SAFE: all tasks permitted (weight=0.29),
1771436121.873,0.1,72.45,4.7468,1.157,39.8,4,,,0.02428,0.4964,0.0000,0.4692,0.0000,0.2428,0.3385,0.2125,SAFE,False,10,0,,,,,,
1771436121.874,0.1,,,,,,,,,,,,,,,0.2125,SAFE,,10,,t3111_0,0.53,NORMAL,LOCAL,SAFE: all tasks permitted (weight=0.53),
1771436121.874,0.1,72.80,4.7377,1.221,44.4,5,-22444.130,-28.53013,0.02476,0.5198,0.0000,0.5103,0.0000,0.2476,0.3856,0.2306,SAFE,False,10,0,,,,,,
1771436121.874,0.1,72.64,4.7378,1.181,41.5,4,12085.526,3.02777,0.02048,0.5091,0.0000,0.5102,0.0000,0.2048,0.3503,0.2180,SAFE,False,10,0,,,,,,
1771436121.874,0.1,,,,,,,,,,,,,,,0.2180,SAFE,,10,,t3113_0,0.83,NORMAL,LOCAL,SAFE: all tasks permitted (weight=0.83),
1771436121.874,0.1,72.74,4.7250,1.301,50.0,5,-15130.041,-18.16433,0.01962,0.5159,0.0000,0.5681,0.0000,0.1962,0.4253,0.2404,SAFE,False,10,0,,,,,,
1771436121.874,0.1,,,,,,,,,,,,,,,0.2404,SAFE,,10,,t3114_0,0.21,NORMAL,LOCAL,SAFE: all tasks permitted (weight=0.21),
1771436121.874,0.1,73.34,4.7048,1.295,49.7,5,40899.130,-69.13176,0.02375,0.5561,0.0000,0.6598,0.0000,0.2375,0.4226,0.2608,WARNING,False,10,0,,,,,,
1771436121.874,0.1,,,,,,,,,,,,,,,0.2608,WARNING,,10,,t3115_0,0.50,HIGH,OFFLOAD,WARNING: heavy task offloaded (weight=0.50 >= 0.3),
1771436121.874,0.1,73.59,4.7187,1.249,46.4,5,77315.466,-61.21365,0.02463,0.5724,0.0000,0.5969,0.0000,0.2463,0.3997,0.2509,WARNING,False,10,0,,,,,,
1771436121.874,0.1,,,,,,,,,,,,,,,0.2509,WARNING,,10,,t3116_0,0.61,LOW,OFFLOAD,WARNING: heavy task offloaded (weight=0.61 >= 0.3),
1771436121.874,0.1,73.30,4.7725,1.207,43.4,5,46347.172,-18.47283,0.02540,0.5536,0.0000,0.3521,0.0000,0.2540,0.3785,0.2133,WARNING,False,10,0,,,,,,
1771436121.874,0.1,,,,,,,,,,,,,,,0.2133,WARNING,,10,,t3117_0,0.58,NORMAL,OFFLOAD,WARNING: heavy task offloaded (weight=0.58 >= 0.3),
1771436121.874,0.1,73.19,4.7485,1.167,40.5,4,68473.680,-7.72446,0.02534,0.5459,0.0000,0.4615,0.0000,0.2534,0.3437,0.2196,WARNING,False,10,0,,,,,,
1771436121.874,0.1,,,,,,,,,,,,,,,0.2196,WARNING,,10,,t3118_0,0.70,LOW,OFFLOAD,WARNING: heavy task offloaded (weight=0.70 >= 0.3),
1771436121.874,0.1,,,,,,,,,,,,,,,0.2196,WARNING,,10,,t3118_1,0.80,NORMAL,OFFLOAD,WARNING: heavy task offloaded (weight=0.80 >= 0.3),
1771436121.874,0.1,73.69,4.7885,1.131,37.9,4,74103.845,41.46404,0.02676,0.5793,0.0000,0.2794,0.0000,0.2676,0.3253,0.1977,WARNING,False,10,0,,,,,,window_reset|B=10
1771436121.874,0.1,,,,,,,,,,,,,,,0.1977,WARNING,,10,,t3119_0,0.58,LOW,OFFLOAD,WARNING: heavy task offloaded (weight=0.58 >= 0.3),
1771436121.874,0.1,73.35,4.7911,1.096,35.5,4,,,0.02790,0.5564,0.0000,0.2676,0.0000,0.2790,0.3082,0.1911,WARNING,False,10,0,,,,,,
1771436121.874,0.1,,,,,,,,,,,,,,,0.1911,WARNING,,10,,t3120_0,0.79,HIGH,OFFLOAD,WARNING: heavy task offloaded (weight=0.79 >= 0.3),
1771436121.874,0.1,,,,,,,,,,,,,,,0.1911,WARNING,,10,,t3120_1,0.54,CRITICAL,OFFLOAD,WARNING: heavy task offloaded (weight=0.54 >= 0.3),
1771436121.874,0.1,,,,,,,,,,,,,,,0.1911,WARNING,,10,,t3120_2,0.45,HIGH,OFFLOAD,WARNING: heavy task offloaded (weight=0.45 >= 0.3),
1771436121.874,0.1,,,,,,,,,,,,,,,0.1911,WARNING,,10,,t3120_3,0.50,LOW,OFFLOAD,WARNING: heavy task offloaded (weight=0.50 >= 0.3),
1771436121.874,0.1,,,,,,,,,,,,,,,0.1911,WARNING,,10,,t3120_4,0.55,HIGH,OFFLOAD,WARNING: heavy task offloaded (weight=0.55 >= 0.3),
1771436121.874,0.1,,,,,,,,,,,,,,,0.1911,WARNING,,10,,t3120_5,0.33,NORMAL,OFFLOAD,WARNING: heavy task offloaded (weight=0.33 >= 0.3),
1771436121.874,0.1,73.31,4.7640,1.065,33.2,3,,,0.02560,0.5537,0.0000,0.3911,0.0000,0.2560,0.2773,0.1984,WARNING,False,10,0,,,,,,
1771436121.874,0.1,73.44,4.7827,1.035,31.1,3,,,0.02719,0.5626,0.0000,0.3060,0.0000,0.2719,0.2625,0.1870,WARNING,False,10,0,,,,,,
1771436121.874,0.1,72.45,4.8117,1.008,29.1,3,,,0.03179,0.4966,0.0000,0.1740,0.0000,0.3179,0.2488,0.1638,SAFE,False,10,0,,,,,,
1771436121.874,0.1,72.34,4.7882,0.982,27.3,3,,,0.03230,0.4895,0.0000,0.2811,0.0000,0.3230,0.2360,0.1748,SAFE,False,10,0,,,,,,
1771436121.874,0.1,,,,,,,,,,,,,,,0.1748,SAFE,,10,,t3124_0,0.28,CRITICAL,LOCAL,SAFE: all tasks permitted (weight=0.28),
1771436121.874,0.1,72.17,4.7891,1.011,29.4,3,,,0.03232,0.4782,0.0000,0.2770,0.0000,0.3232,0.2506,0.1758,SAFE,False,10,0,,,,,,
1771436121.874,0.1,72.37,4.8084,0.985,27.5,3,,,0.03186,0.4911,0.0000,0.1889,0.0000,0.3186,0.2377,0.1629,SAFE,False,10,0,,,,,,
1771436121.874,0.1,71.53,4.8098,0.961,25.8,2,,,0.02599,0.4352,0.0000,0.1825,0.0000,0.2599,0.2107,0.1441,SAFE,False,10,0,,,,,,
1771436121.874,0.1,71.82,4.7958,0.939,24.2,2,,,0.01811,0.4548,0.0000,0.2462,0.0000,0.1811,0.1995,0.1446,SAFE,False,10,0,,,,,,
1771436121.874,0.1,71.24,4.8274,0.918,22.7,2,,,0.02051,0.4162,0.0000,0.1028,0.0000,0.2051,0.1891,0.1216,SAFE,False,10,0,,,,,,
1771436121.874,0.1,70.70,4.8570,0.899,21.3,2,,,0.02304,0.3797,0.0000,0.0000,0.0000,0.2304,0.1794,0.1045,SAFE,False,10,0,,,,,,
1771436121.874,0.1,70.94,4.8468,0.881,20.1,2,,,0.02584,0.3962,0.0000,0.0147,0.0000,0.2584,0.1704,0.1094,SAFE,False,10,0,,,,,,
1771436121.874,0.1,70.18,4.8327,0.864,18.9,1,,,0.02639,0.3451,0.0000,0.0786,0.0000,0.2639,0.1471,0.1074,SAFE,False,10,0,,,,,,
1771436121.874,0.1,70.00,4.8462,0.849,17.8,1,,,0.02428,0.3332,0.0000,0.0175,0.0000,0.2428,0.1393,0.0944,SAFE,False,10,0,,,,,,
1771436121.874,0.1,,,,,,,,,,,,,,,0.0944,SAFE,,10,,t3133_0,0.25,HIGH,LOCAL,SAFE: all tasks permitted (weight=0.25),
1771436121.874,0.1,69.56,4.8015,0.882,20.2,2,,,0.02260,0.3041,0.0000,0.2203,0.0000,0.2260,0.1712,0.1220,SAFE,False,10,0,,,,,,window_reset|B=10
1771436121.875,0.1,,,,,,,,,,,,,,,0.1220,SAFE,,10,,t3134_0,0.63,NORMAL,LOCAL,SAFE: all tasks permitted (weight=0.63),
1771436121.875,0.1,68.91,4.8205,0.986,27.6,3,-157128.518,10.62157,0.02253,0.2608,0.0000,0.1343,0.0000,0.2253,0.2380,0.1189,SAFE,False,10,0,,,,,,
1771436121.875,0.1,69.21,4.8203,0.962,25.9,2,-156761.466,24.43133,0.02058,0.2807,0.0000,0.1352,0.0000,0.2058,0.2110,0.1140,SAFE,False,10,0,,,,,,
1771436121.875,0.1,,,,,,,,,,,,,,,0.1140,SAFE,,10,,t3136_0,0.35,CRITICAL,LOCAL,SAFE: all tasks permitted (weight=0.35),
1771436121.875,0.1,,,,,,,,,,,,,,,0.1140,SAFE,,10,,t3136_1,0.62,NORMAL,LOCAL,SAFE: all tasks permitted (weight=0.62),
1771436121.875,0.1,69.54,4.7365,1.124,37.4,4,-102187.020,-90.99789,0.03029,0.3028,0.0000,0.5161,0.0000,0.3029,0.3221,0.1981,SAFE,False,10,0,,,,,,
1771436121.875,0.1,69.37,4.7591,1.090,35.0,4,-79741.406,-97.94537,0.03425,0.2911,0.0000,0.4131,0.0000,0.3425,0.3052,0.1839,SAFE,False,10,0,,,,,,
1771436121.875,0.1,68.98,4.7975,1.059,32.8,3,-117769.422,-49.33803,0.03451,0.2654,0.0000,0.2388,0.0000,0.3451,0.2745,0.1523,SAFE,False,10,0,,,,,,
1771436121.875,0.1,69.12,4.7700,1.030,30.7,3,-63231.817,-62.73107,0.03619,0.2749,0.0000,0.3635,0.0000,0.3619,0.2599,0.1684,SAFE,False,10,0,,,,,,
1771436121.875,0.1,,,,,,,,,,,,,,,0.1684,SAFE,,10,,t3140_0,0.24,NORMAL,LOCAL,SAFE: all tasks permitted (weight=0.24),
1771436121.875,0.1,68.82,4.7901,1.048,32.0,3,-70474.039,-56.13924,0.03614,0.2550,0.0000,0.2724,0.0000,0.3614,0.2690,0.1559,SAFE,False,10,0,,,,,,
1771436121.875,0.1,,,,,,,,,,,,,,,0.1559,SAFE,,10,,t3141_0,0.59,LOW,LOCAL,SAFE: all tasks permitted (weight=0.59),
1771436121.875,0.1,68.92,4.7787,1.133,38.1,4,-38369.161,-22.88598,0.03340,0.2615,0.0000,0.3243,0.0000,0.3340,0.3266,0.1722,SAFE,False,10,0,,,,,,
1771436121.875,0.1,,,,,,,,,,,,,,,0.1722,SAFE,,10,,t3142_0,0.37,CRITICAL,LOCAL,SAFE: all tasks permitted (weight=0.37),
1771436121.875,0.1,,,,,,,,,,,,,,,0.1722,SAFE,,10,,t3142_1,0.32,LOW,LOCAL,SAFE: all tasks permitted (weight=0.32),
1771436121.875,0.1,69.23,4.7631,1.231,45.0,5,,,0.03159,0.2819,0.0000,0.3950,0.0000,0.3159,0.3903,0.1948,SAFE,False,10,0,,,,,,
1771436121.875,0.1,,,,,,,,,,,,,,,0.1948,SAFE,,10,,t3143_0,0.74,CRITICAL,LOCAL,SAFE: all tasks permitted (weight=0.74),
1771436121.875,0.1,70.41,4.6978,1.331,52.2,6,,,0.03867,0.3608,0.0000,0.6920,0.0000,0.3867,0.4556,0.2630,WARNING,False,10,0,,,,,,
1771436121.875,0.1,,,,,,,,,,,,,,,0.2630,WARNING,,10,,t3144_0,0.82,HIGH,OFFLOAD,WARNING: heavy task offloaded (weight=0.82 >= 0.3),
1771436121.875,0.1,70.26,4.6950,1.283,48.8,5,,,0.04024,0.3503,0.0000,0.7047,0.0000,0.4024,0.4165,0.2572,WARNING,False,10,0,,,,,,
1771436121.875,0.1,,,,,,,,,,,,,,,0.2572,WARNING,,10,,t3145_0,0.58,LOW,OFFLOAD,WARNING: heavy task offloaded (weight=0.58 >= 0.3),
1771436121.875,0.1,70.41,4.7248,1.238,45.6,5,,,0.04068,0.3610,0.0000,0.5690,0.0000,0.4068,0.3941,0.2368,WARNING,False,10,0,,,,,,
1771436121.875,0.1,,,,,,,,,,,,,,,0.2368,WARNING,,10,,t3146_0,0.55,LOW,OFFLOAD,WARNING: heavy task offloaded (weight=0.55 >= 0.3),
1771436121.875,0.1,70.64,4.7449,1.196,42.6,4,,,0.03693,0.3758,0.0000,0.4777,0.0000,0.3693,0.3582,0.2158,WARNING,False,10,0,,,,,,
1771436121.875,0.1,,,,,,,,,,,,,,,0.2158,WARNING,,10,,t3147_0,0.66,NORMAL,OFFLOAD,WARNING: heavy task offloaded (weight=0.66 >= 0.3),
1771436121.875,0.1,70.58,4.7359,1.158,39.8,4,,,0.03180,0.3719,0.0000,0.5188,0.0000,0.3180,0.3388,0.2116,WARNING,False,10,0,,,,,,
1771436121.875,0.1,70.35,4.7784,1.121,37.2,4,,,0.03248,0.3565,0.0000,0.3254,0.0000,0.3248,0.3207,0.1817,WARNING,False,10,0,,,,,,window_reset|B=10
1771436121.875,0.1,70.41,4.7607,1.088,34.9,3,,,0.03251,0.3607,0.0000,0.4057,0.0000,0.3251,0.2890,0.1863,WARNING,False,10,0,,,,,,
1771436121.875,0.1,70.01,4.7932,1.057,32.6,3,,,0.03204,0.3338,0.0000,0.2580,0.0000,0.3204,0.2734,0.1603,SAFE,False,10,0,,,,,,
1771436121.875,0.1,70.66,4.8044,1.028,30.5,3,,,0.03487,0.3770,0.0000,0.2072,0.0000,0.3487,0.2588,0.1588,SAFE,False,10,0,,,,,,
1771436121.875,0.1,,,,,,,,,,,,,,,0.1588,SAFE,,10,,t3152_0,0.43,CRITICAL,LOCAL,SAFE: all tasks permitted (weight=0.43),
1771436121.875,0.1,70.52,4.7765,1.084,34.6,3,,,0.03394,0.3678,0.0000,0.3342,0.0000,0.3394,0.2870,0.1789,SAFE,False,10,0,,,,,,
1771436121.875,0.1,,,,,,,,,,,,,,,0.1789,SAFE,,10,,t3153_0,0.81,LOW,LOCAL,SAFE: all tasks permitted (weight=0.81),
1771436121.875,0.1,70.83,4.7499,1.209,43.5,5,,,0.03316,0.3885,0.0000,0.4551,0.0000,0.3316,0.3796,0.2149,SAFE,False,10,0,,,,,,
1771436121.875,0.1,70.57,4.7543,1.170,40.7,4,,,0.03300,0.3715,0.0000,0.4350,0.0000,0.3300,0.3448,0.2031,SAFE,False,10,0,,,,,,
1771436121.875,0.1,,,,,,,,,,,,,,,0.2031,SAFE,,10,,t3155_0,0.39,NORMAL,LOCAL,SAFE: all tasks permitted (weight=0.39),
1771436121.875,0.1,71.16,4.7261,1.207,43.3,5,,,0.02995,0.4105,0.0000,0.5630,0.0000,0.2995,0.3783,0.2281,SAFE,False,10,0,,,,,,
1771436121.875,0.1,71.73,4.7462,1.167,40.5,4,,,0.02442,0.4487,0.0000,0.4720,0.0000,0.2442,0.3436,0.2083,SAFE,False,10,0,,,,,,
1771436121.875,0.1,,,,,,,,,,,,,,,0.2083,SAFE,,10,,t3157_0,0.50,CRITICAL,LOCAL,SAFE: all tasks permitted (weight=0.50),
1771436121.875,0.1,71.21,4.7713,1.227,44.8,5,,,0.02247,0.4140,0.0000,0.3577,0.0000,0.2247,0.3884,0.1963,SAFE,False,10,0,,,,,,
1771436121.875,0.1,71.49,4.7420,1.186,41.8,4,,,0.02267,0.4326,0.0000,0.4911,0.0000,0.2267,0.3529,0.2090,SAFE,False,10,0,,,,,,
1771436121.875,0.1,,,,,,,,,,,,,,,0.2090,SAFE,,10,,t3159_0,0.55,NORMAL,LOCAL,SAFE: all tasks permitted (weight=0.55),
1771436121.875,0.1,71.21,4.6974,1.253,46.6,5,,,0.02813,0.4137,0.0000,0.6935,0.0000,0.2813,0.4013,0.2482,SAFE,False,10,0,,,,,,
1771436121.875,0.1,,,,,,,,,,,,,,,0.2482,SAFE,,10,,t3160_0,0.30,HIGH,LOCAL,SAFE: all tasks permitted (weight=0.30),
1771436121.875,0.1,,,,,,,,,,,,,,,0.2482,SAFE,,10,,t3160_1,0.77,HIGH,LOCAL,SAFE: all tasks permitted (weight=0.77),
1771436121.875,0.1,72.22,4.6882,1.415,58.2,6,,,0.03335,0.4813,0.0000,0.7356,0.0000,0.3335,0.4973,0.2862,WARNING,False,10,0,,,,,,
1771436121.875,0.1,,,,,,,,,,,,,,,0.2862,WARNING,,10,,t3161_0,0.32,LOW,OFFLOAD,WARNING: heavy task offloaded (weight=0.32 >= 0.3),
1771436121.875,0.1,,,,,,,,,,,,,,,0.2862,WARNING,,10,,t3161_1,0.75,NORMAL,OFFLOAD,WARNING: heavy task offloaded (weight=0.75 >= 0.3),
1771436121.875,0.1,72.97,4.7266,1.361,54.3,6,,,0.03383,0.5314,0.0000,0.5608,0.0000,0.3383,0.4703,0.2646,WARNING,False,10,0,,,,,,
1771436121.876,0.1,,,,,,,,,,,,,,,0.2646,WARNING,,10,,t3162_0,0.60,HIGH,OFFLOAD,WARNING: heavy task offloaded (weight=0.60 >= 0.3),
1771436121.876,0.1,73.46,4.6673,1.310,50.7,5,173759.664,-87.13015,0.03751,0.5642,0.0000,0.8304,0.0000,0.3751,0.4301,0.2992,WARNING,False,10,0,,,,,,
1771436121.876,0.1,72.95,4.7238,1.263,47.4,5,107888.216,-2.33502,0.03169,0.5302,0.0000,0.5736,0.0000,0.3169,0.4067,0.2512,WARNING,False,10,0,,,,,,window_reset|B=10
1771436121.876,0.1,,,,,,,,,,,,,,,0.2512,WARNING,,10,,t3164_0,0.83,LOW,OFFLOAD,WARNING: heavy task offloaded (weight=0.83 >= 0.3),
1771436121.876,0.1,,,,,,,,,,,,,,,0.2512,WARNING,,10,,t3164_1,0.50,NORMAL,OFFLOAD,WARNING: heavy task offloaded (weight=0.50 >= 0.3),
1771436121.876,0.1,72.86,4.7185,1.220,44.3,5,67658.678,-27.76647,0.02863,0.5238,0.0000,0.5979,0.0000,0.2863,0.3850,0.2462,WARNING,False,10,0,,,,,,
1771436121.876,0.1,,,,,,,,,,,,,,,0.2462,WARNING,,10,,t3165_0,0.46,NORMAL,OFFLOAD,WARNING: heavy task offloaded (weight=0.46 >= 0.3),
1771436121.876,0.1,73.11,4.7770,1.180,41.4,4,114147.487,5.72907,0.03137,0.5406,0.0000,0.3317,0.0000,0.3137,0.3498,0.2093,WARNING,False,10,0,,,,,,
1771436121.876,0.1,,,,,,,,,,,,,,,0.2093,WARNING,,10,,t3166_0,0.33,HIGH,OFFLOAD,WARNING: heavy task offloaded (weight=0.33 >= 0.3),
1771436121.876,0.1,73.31,4.7752,1.142,38.7,4,109410.549,33.34126,0.03330,0.5540,0.0000,0.3398,0.0000,0.3330,0.3310,0.2101,WARNING,False,10,0,,,,,,
1771436121.876,0.1,,,,,,,,,,,,,,,0.2101,WARNING,,10,,t3167_0,0.36,HIGH,OFFLOAD,WARNING: heavy task offloaded (weight=0.36 >= 0.3),
1771436121.876,0.1,,,,,,,,,,,,,,,0.2101,WARNING,,10,,t3167_1,0.57,CRITICAL,OFFLOAD,WARNING: heavy task offloaded (weight=0.57 >= 0.3),
1771436121.876,0.1,72.71,4.7532,1.107,36.2,4,90494.473,55.90707,0.03388,0.5141,0.0000,0.4399,0.0000,0.3388,0.3135,0.2154,WARNING,False,10,0,,,,,,
1771436121.876,0.1,,,,,,,,,,,,,,,0.2154,WARNING,,10,,t3168_0,0.47,HIGH,OFFLOAD,WARNING: heavy task offloaded (weight=0.47 >= 0.3),
1771436121.876,0.1,73.16,4.7639,1.074,33.9,3,56319.319,75.83444,0.03482,0.5437,0.0000,0.3915,0.0000,0.3482,0.2822,0.2074,WARNING,False,10,0,,,,,,
1771436121.876,0.1,,,,,,,,,,,,,,,0.2074,WARNING,,10,,t3169_0,0.54,HIGH,OFFLOAD,WARNING: heavy task offloaded (weight=0.54 >= 0.3),
1771436121.876,0.1,73.12,4.7852,1.044,31.7,3,9155.442,58.63033,0.03625,0.5416,0.0000,0.2948,0.0000,0.3625,0.2671,0.1930,WARNING,False,10,0,,,,,,
1771436121.876,0.1,72.94,4.8289,1.016,29.7,3,,,0.04467,0.5292,0.0000,0.0957,0.0000,0.4467,0.2530,0.1712,SAFE,False,10,0,,,,,,
1771436121.876,0.1,72.74,4.8112,0.990,27.8,3,,,0.04622,0.5162,0.0000,0.1764,0.0000,0.4622,0.2399,0.1791,SAFE,False,10,0,,,,,,
1771436121.876,0.1,71.72,4.8043,0.965,26.1,2,,,0.04404,0.4481,0.0000,0.2079,0.0000,0.4404,0.2127,0.1674,SAFE,False,10,0,,,,,,
1771436121.876,0.1,71.87,4.8348,0.943,24.5,2,,,0.04700,0.4582,0.0000,0.0691,0.0000,0.4700,0.2014,0.1512,SAFE,False,10,0,,,,,,
1771436121.877,0.1,,,,,,,,,,,,,,,0.1512,SAFE,,10,,t3174_0,0.66,NORMAL,LOCAL,SAFE: all tasks permitted (weight=0.66),
1771436121.877,0.1,,,,,,,,,,,,,,,0.1512,SAFE,,10,,t3174_1,0.25,CRITICAL,LOCAL,SAFE: all tasks permitted (weight=0.25),
1771436121.877,0.1,71.30,4.7703,1.099,35.6,4,-111225.946,-4.54241,0.03538,0.4200,0.0000,0.3622,0.0000,0.3538,0.3093,0.1947,SAFE,False,10,0,,,,,,
1771436121.877,0.1,,,,,,,,,,,,,,,0.1947,SAFE,,10,,t3175_0,0.25,NORMAL,LOCAL,SAFE: all tasks permitted (weight=0.25),
1771436121.877,0.1,71.43,4.8075,1.115,36.8,4,-71120.673,50.08478,0.03192,0.4285,0.0000,0.1931,0.0000,0.3192,0.3176,0.1720,SAFE,False,10,0,,,,,,
1771436121.877,0.1,,,,,,,,,,,,,,,0.1720,SAFE,,10,,t3176_0,0.52,NORMAL,LOCAL,SAFE: all tasks permitted (weight=0.52),
1771436121.877,0.1,71.55,4.7431,1.183,41.6,4,-88734.296,-19.21117,0.02808,0.4369,0.0000,0.4861,0.0000,0.2808,0.3515,0.2140,SAFE,False,10,0,,,,,,
1771436121.877,0.1,,,,,,,,,,,,,,,0.2140,SAFE,,10,,t3177_0,0.27,CRITICAL,LOCAL,SAFE: all tasks permitted (weight=0.27),
1771436121.877,0.1,,,,,,,,,,,,,,,0.2140,SAFE,,10,,t3177_1,0.65,LOW,LOCAL,SAFE: all tasks permitted (weight=0.65),
1771436121.877,0.1,72.39,4.7179,1.323,51.7,6,-40532.515,-62.02602,0.03409,0.4928,0.0000,0.6003,0.0000,0.3409,0.4516,0.2616,WARNING,False,10,0,,,,,,
1771436121.877,0.1,72.98,4.6930,1.275,48.2,5,2318.530,-125.46200,0.04225,0.5320,0.0000,0.7138,0.0000,0.4225,0.4127,0.2814,WARNING,False,10,0,,,,,,window_reset|B=10
1771436121.877,0.1,,,,,,,,,,,,,,,0.2814,WARNING,,10,,t3179_0,0.34,NORMAL,OFFLOAD,WARNING: heavy task offloaded (weight=0.34 >= 0.3),
1771436121.877,0.1,73.21,4.7040,1.231,45.1,5,26024.331,-98.91477,0.04646,0.5476,0.0000,0.6637,0.0000,0.4646,0.3905,0.2766,WARNING,False,10,0,,,,,,
1771436121.877,0.1,,,,,,,,,,,,,,,0.2766,WARNING,,10,,t3180_0,0.33,CRITICAL,OFFLOAD,WARNING: heavy task offloaded (weight=0.33 >= 0.3),
1771436121.877,0.1,73.11,4.7337,1.190,42.1,4,77142.677,-65.09479,0.04763,0.5410,0.0000,0.5286,0.0000,0.4763,0.3549,0.2523,WARNING,False,10,0,,,,,,
1771436121.877,0.1,,,,,,,,,,,,,,,0.2523,WARNING,,10,,t3181_0,0.36,HIGH,OFFLOAD,WARNING: heavy task offloaded (weight=0.36 >= 0.3),
1771436121.877,0.1,72.82,4.7345,1.152,39.4,4,52656.148,-92.53622,0.04830,0.5216,0.0000,0.5250,0.0000,0.4830,0.3358,0.2463,WARNING,False,10,0,,,,,,
1771436121.877,0.1,73.08,4.7609,1.116,36.8,4,,,0.04432,0.5388,0.0000,0.4051,0.0000,0.4432,0.3179,0.2252,WARNING,False,10,0,,,,,,
1771436121.877,0.1,73.09,4.7940,1.083,34.5,3,,,0.04288,0.5395,0.0000,0.2545,0.0000,0.4288,0.2863,0.1980,WARNING,False,10,0,,,,,,
1771436121.877,0.1,,,,,,,,,,,,,,,0.1980,WARNING,,10,,t3184_0,0.54,CRITICAL,OFFLOAD,WARNING: heavy task offloaded (weight=0.54 >= 0.3),
1771436121.877,0.1,72.98,4.7897,1.052,32.3,3,,,0.04175,0.5318,0.0000,0.2741,0.0000,0.4175,0.2709,0.1954,WARNING,False,10,0,,,,,,
1771436121.877,0.1,,,,,,,,,,,,,,,0.1954,WARNING,,10,,t3185_0,0.50,HIGH,OFFLOAD,WARNING: heavy task offloaded (weight=0.50 >= 0.3),
1771436121.877,0.1,72.28,4.7683,1.023,30.2,3,,,0.03490,0.4854,0.0000,0.3712,0.0000,0.3490,0.2566,0.1927,WARNING,False,10,0,,,,,,
1771436121.877,0.1,72.27,4.8185,0.996,28.3,3,,,0.03933,0.4843,0.0000,0.1433,0.0000,0.3933,0.2432,0.1647,SAFE,False,10,0,,,,,,
1771436121.877,0.1,,,,,,,,,,,,,,,0.1647,SAFE,,10,,t3187_0,0.81,NORMAL,LOCAL,SAFE: all tasks permitted (weight=0.81),
1771436121.877,0.1,,,,,,,,,,,,,,,0.1647,SAFE,,10,,t3187_1,0.67,HIGH,LOCAL,SAFE: all tasks permitted (weight=0.67),
1771436121.877,0.1,72.23,4.7196,1.257,47.0,5,,,0.03707,0.4823,0.0000,0.5926,0.0000,0.3707,0.4037,0.2527,WARNING,False,10,0,,,,,,
1771436121.877,0.1,72.55,4.7065,1.214,43.9,5,,,0.03882,0.5032,0.0000,0.6524,0.0000,0.3882,0.3821,0.2604,WARNING,False,10,0,,,,,,
1771436121.877,0.1,72.83,4.7539,1.174,41.0,4,,,0.03799,0.5218,0.0000,0.4366,0.0000,0.3799,0.3471,0.2268,WARNING,False,10,0,,,,,,
1771436121.877,0.1,,,,,,,,,,,,,,,0.2268,WARNING,,10,,t3190_0,0.54,NORMAL,OFFLOAD,WARNING: heavy task offloaded (weight=0.54 >= 0.3),
1771436121.877,0.1,72.81,4.7665,1.137,38.4,4,,,0.03437,0.5207,0.0000,0.3797,0.0000,0.3437,0.3285,0.2119,WARNING,False,10,0,,,,,,
1771436121.877,0.1,72.84,4.7971,1.102,35.9,4,,,0.03263,0.5224,0.0000,0.2404,0.0000,0.3263,0.3111,0.1888,WARNING,False,10,0,,,,,,
1771436121.877,0.1,,,,,,,,,,,,,,,0.1888,WARNING,,10,,t3192_0,0.55,HIGH,OFFLOAD,WARNING: heavy task offloaded (weight=0.55 >= 0.3),
1771436121.877,0.1,72.57,4.7850,1.070,33.6,3,,,0.03201,0.5044,0.0000,0.2953,0.0000,0.3201,0.2800,0.1869,WARNING,False,10,0,,,,,,
1771436121.877,0.1,72.70,4.7775,1.040,31.4,3,,,0.03063,0.5131,0.0000,0.3295,0.0000,0.3063,0.2651,0.1881,WARNING,False,10,0,,,,,,window_reset|B=10
1771436121.877,0.1,,,,,,,,,,,,,,,0.1881,WARNING,,10,,t3194_0,0.51,NORMAL,OFFLOAD,WARNING: heavy task offloaded (weight=0.51 >= 0.3),
1771436121.877,0.1,72.39,4.7791,1.012,29.4,3,,,0.03060,0.4928,0.0000,0.3222,0.0000,0.3060,0.2511,0.1819,WARNING,False,10,0,,,,,,
1771436121.877,0.1,71.70,4.7867,0.986,27.6,3,,,0.03022,0.4464,0.0000,0.2876,0.0000,0.3022,0.2382,0.1688,SAFE,False,10,0,,,,,,
1771436121.877,0.1,,,,,,,,,,,,,,,0.1688,SAFE,,10,,t3196_0,0.54,NORMAL,LOCAL,SAFE: all tasks permitted (weight=0.54),
1771436121.877,0.1,71.54,4.7792,1.068,33.4,3,,,0.02981,0.4362,0.0000,0.3217,0.0000,0.2981,0.2788,0.1797,SAFE,False,10,0,,,,,,
1771436121.877,0.1,,,,,,,,,,,,,,,0.1797,SAFE,,10,,t3197_0,0.74,HIGH,LOCAL,SAFE: all tasks permitted (weight=0.74),
1771436121.877,0.1,71.89,4.7903,1.182,41.5,4,,,0.03033,0.4596,0.0000,0.2714,0.0000,0.3033,0.3508,0.1909,SAFE,False,10,0,,,,,,
1771436121.878,0.1,72.11,4.7647,1.144,38.8,4,-39421.870,-1.62774,0.02685,0.4742,0.0000,0.3875,0.0000,0.2685,0.3319,0.2005,SAFE,False,10,0,,,,,,
1771436121.878,0.1,,,,,,,,,,,,,,,0.2005,SAFE,,10,,t3199_0,0.54,CRITICAL,LOCAL,SAFE: all tasks permitted (weight=0.54),
1771436121.878,0.1,72.45,4.7295,1.213,43.8,5,-21775.074,-63.72852,0.02550,0.4968,0.0000,0.5478,0.0000,0.2550,0.3814,0.2326,SAFE,False,10,0,,,,,,
1771436121.878,0.1,,,,,,,,,,,,,,,0.2326,SAFE,,10,,t3200_0,0.58,HIGH,LOCAL,SAFE: all tasks permitted (weight=0.58),
1771436121.878,0.1,72.33,4.7179,1.286,49.0,5,-13360.548,-63.26053,0.02330,0.4887,0.0000,0.6004,0.0000,0.2330,0.4179,0.2436,SAFE,False,10,0,,,,,,
1771436121.878,0.1,,,,,,,,,,,,,,,0.2436,SAFE,,10,,t3201_0,0.82,HIGH,LOCAL,SAFE: all tasks permitted (weight=0.82),
1771436121.878,0.1,,,,,,,,,,,,,,,0.2436,SAFE,,10,,t3201_1,0.82,HIGH,LOCAL,SAFE: all tasks permitted (weight=0.82),
1771436121.878,0.1,73.33,4.6449,1.559,68.5,8,35754.962,-124.99922,0.04153,0.5553,0.0000,0.9324,0.0000,0.4153,0.5997,0.3493,WARNING,False,10,0,,,,,,
1771436121.878,0.1,,,,,,,,,,,,,,,0.3493,WARNING,,10,,t3202_0,0.37,LOW,OFFLOAD,WARNING: heavy task offloaded (weight=0.37 >= 0.3),
1771436121.878,0.1,74.20,4.6226,1.495,63.9,7,102061.173,-147.54567,0.05611,0.6131,0.0000,1.0000,0.0000,0.5611,0.5526,0.3702,WARNING,False,10,0,,,,,,FAILURE:BROWNOUT(V=4.623V)
1771436121.878,0.1,,,,,,,,,,,,,,,0.3702,WARNING,,10,,t3203_0,0.36,CRITICAL,OFFLOAD,WARNING: heavy task offloaded (weight=0.36 >= 0.3),
1771436121.878,0.1,74.15,4.6536,1.435,59.7,7,138831.585,-125.49882,0.05953,0.6100,0.0000,0.8929,0.0000,0.5953,0.5227,0.3534,WARNING,False,10,0,,,,,,
1771436121.878,0.1,75.27,4.7146,1.380,55.7,6,210816.917,-60.88726,0.05785,0.6847,0.0000,0.6153,0.0000,0.5785,0.4800,0.3160,WARNING,False,10,0,,,,,,
1771436121.878,0.1,75.70,4.6990,1.328,52.0,6,215360.379,-86.03860,0.05654,0.7135,0.0000,0.6863,0.0000,0.5654,0.4541,0.3222,WARNING,False,10,0,,,,,,
1771436121.878,0.1,,,,,,,,,,,,,,,0.3222,WARNING,,10,,t3206_0,0.46,LOW,OFFLOAD,WARNING: heavy task offloaded (weight=0.46 >= 0.3),
1771436121.878,0.1,75.42,4.7270,1.280,48.6,5,,,0.05405,0.6947,0.0000,0.5592,0.0000,0.5405,0.4151,0.2931,WARNING,False,10,0,,,,,,
1771436121.878,0.1,75.29,4.7638,1.236,45.4,5,,,0.05200,0.6862,0.0000,0.3916,0.0000,0.5200,0.3928,0.2638,WARNING,False,10,0,,,,,,
1771436121.878,0.1,75.42,4.6766,1.194,42.4,4,,,0.04948,0.6946,0.0000,0.7884,0.0000,0.4948,0.3570,0.3067,WARNING,False,10,0,,,,,,window_reset|B=10
1771436121.878,0.1,,,,,,,,,,,,,,,0.3067,WARNING,,10,,t3209_0,0.81,NORMAL,OFFLOAD,WARNING: heavy task offloaded (weight=0.81 >= 0.3),
1771436121.878,0.1,75.20,4.7537,1.155,39.7,4,,,0.04531,0.6801,0.0000,0.4378,0.0000,0.4531,0.3377,0.2514,WARNING,False,10,0,,,,,,
1771436121.878,0.1,75.12,4.7898,1.119,37.1,4,,,0.04845,0.6747,0.0000,0.2737,0.0000,0.4845,0.3197,0.2289,WARNING,False,10,0,,,,,,
1771436121.878,0.1,,,,,,,,,,,,,,,0.2289,WARNING,,10,,t3211_0,0.34,CRITICAL,OFFLOAD,WARNING: heavy task offloaded (weight=0.34 >= 0.3),
1771436121.878,0.1,75.36,4.7356,1.086,34.7,3,,,0.04871,0.6906,0.0000,0.5201,0.0000,0.4871,0.2880,0.2568,WARNING,False,10,0,,,,,,
1771436121.878,0.1,,,,,,,,,,,,,,,0.2568,WARNING,,10,,t3212_0,0.30,NORMAL,OFFLOAD,WARNING: heavy task offloaded (weight=0.30 >= 0.3),
1771436121.878,0.1,74.96,4.7773,1.055,32.5,3,,,0.05232,0.6640,0.0000,0.3306,0.0000,0.5232,0.2725,0.2295,WARNING,False,10,0,,,,,,
1771436121.878,0.1,,,,,,,,,,,,,,,0.2295,WARNING,,10,,t3213_0,0.47,NORMAL,OFFLOAD,WARNING: heavy task offloaded (weight=0.47 >= 0.3),
1771436121.878,0.1,74.84,4.7881,1.026,30.4,3,,,0.05170,0.6561,0.0000,0.2815,0.0000,0.5170,0.2580,0.2186,WARNING,False,10,0,,,,,,
1771436121.878,0.1,,,,,,,,,,,,,,,0.2186,WARNING,,10,,t3214_0,0.28,LOW,LOCAL,WARNING: lightweight task permitted (weight=0.28 < 0.3),
1771436121.878,0.1,74.94,4.7619,1.053,32.3,3,,,0.04212,0.6628,0.0000,0.4005,0.0000,0.4212,0.2714,0.2280,WARNING,False,10,0,,,,,,
1771436121.878,0.1,74.22,4.7924,1.024,30.3,3,,,0.03637,0.6146,0.0000,0.2617,0.0000,0.3637,0.2570,0.1955,WARNING,False,10,0,,,,,,
1771436121.878,0.1,,,,,,,,,,,,,,,0.1955,WARNING,,10,,t3216_0,0.39,HIGH,OFFLOAD,WARNING: heavy task offloaded (weight=0.39 >= 0.3),
1771436121.878,0.1,74.46,4.7978,0.997,28.4,3,,,0.03720,0.6305,0.0000,0.2375,0.0000,0.3720,0.2436,0.1925,WARNING,False,10,0,,,,,,
1771436121.878,0.1,74.13,4.8502,0.972,26.6,2,,,0.04139,0.6090,0.0000,0.0000,0.0000,0.4139,0.2162,0.1577,SAFE,False,10,0,,,,,,
1771436121.878,0.1,74.14,4.8081,0.949,24.9,2,,,0.04079,0.6095,0.0000,0.1906,0.0000,0.4079,0.2046,0.1796,SAFE,False,10,0,,,,,,
1771436121.878,0.1,73.44,4.8102,0.928,23.4,2,,,0.04177,0.5629,0.0000,0.1807,0.0000,0.4177,0.1939,0.1716,SAFE,False,10,0,,,,,,
1771436121.878,0.1,,,,,,,,,,,,,,,0.1716,SAFE,,10,,t3220_0,0.64,LOW,LOCAL,SAFE: all tasks permitted (weight=0.64),
1771436121.878,0.1,72.77,4.7879,1.033,30.9,3,,,0.02830,0.5182,0.0000,0.2821,0.0000,0.2830,0.2615,0.1795,SAFE,False,10,0,,,,,,
1771436121.878,0.1,,,,,,,,,,,,,,,0.1795,SAFE,,10,,t3221_0,0.33,LOW,LOCAL,SAFE: all tasks permitted (weight=0.33),
1771436121.878,0.1,73.13,4.7666,1.070,33.5,3,,,0.02721,0.5417,0.0000,0.3790,0.0000,0.2721,0.2798,0.1974,SAFE,False,10,0,,,,,,
1771436121.878,0.1,,,,,,,,,,,,,,,0.1974,SAFE,,10,,t3222_0,0.72,HIGH,LOCAL,SAFE: all tasks permitted (weight=0.72),
1771436121.878,0.1,73.24,4.7456,1.180,41.4,4,,,0.02970,0.5494,0.0000,0.4746,0.0000,0.2970,0.3501,0.2274,SAFE,False,10,0,,,,,,
1771436121.878,0.1,,,,,,,,,,,,,,,0.2274,SAFE,,10,,t3223_0,0.31,CRITICAL,LOCAL,SAFE: all tasks permitted (weight=0.31),
1771436121.878,0.1,,,,,,,,,,,,,,,0.2274,SAFE,,10,,t3223_1,0.39,HIGH,LOCAL,SAFE: all tasks permitted (weight=0.39),
1771436121.878,0.1,72.96,4.7143,1.279,48.5,5,,,0.03306,0.5308,0.0000,0.6169,0.0000,0.3306,0.4143,0.2598,WARNING,False,10,0,,,,,,window_reset|B=10
1771436121.878,0.1,73.10,4.7396,1.234,45.3,5,,,0.03521,0.5401,0.0000,0.5020,0.0000,0.3521,0.3920,0.2437,WARNING,False,10,0,,,,,,
1771436121.878,0.1,,,,,,,,,,,,,,,0.2437,WARNING,,10,,t3225_0,0.47,LOW,OFFLOAD,WARNING: heavy task offloaded (weight=0.47 >= 0.3),
1771436121.878,0.1,73.56,4.7249,1.193,42.3,4,,,0.03824,0.5709,0.0000,0.5688,0.0000,0.3824,0.3563,0.2519,WARNING,False,10,0,,,,,,
1771436121.878,0.1,,,,,,,,,,,,,,,0.2519,WARNING,,10,,t3226_0,0.33,HIGH,OFFLOAD,WARNING: heavy task offloaded (weight=0.33 >= 0.3),
1771436121.878,0.1,73.07,4.7535,1.154,39.6,4,,,0.03855,0.5379,0.0000,0.4387,0.0000,0.3855,0.3370,0.2275,WARNING,False,10,0,,,,,,
1771436121.878,0.1,73.95,4.8076,1.118,37.0,4,,,0.03937,0.5965,0.0000,0.1925,0.0000,0.3937,0.3191,0.1998,WARNING,False,10,0,,,,,,
1771436121.879,0.1,,,,,,,,,,,,,,,0.1998,WARNING,,10,,t3228_0,0.35,CRITICAL,OFFLOAD,WARNING: heavy task offloaded (weight=0.35 >= 0.3),
1771436121.879,0.1,,,,,,,,,,,,,,,0.1998,WARNING,,10,,t3228_1,0.25,CRITICAL,LOCAL,WARNING: lightweight task permitted (weight=0.25 < 0.3),
1771436121.879,0.1,73.35,4.7454,1.134,38.2,4,32995.925,-40.61745,0.03956,0.5566,0.0000,0.4756,0.0000,0.3956,0.3272,0.2336,WARNING,False,10,0,,,,,,
1771436121.879,0.1,,,,,,,,,,,,,,,0.2336,WARNING,,10,,t3229_0,0.31,HIGH,OFFLOAD,WARNING: heavy task offloaded (weight=0.31 >= 0.3),
1771436121.879,0.1,73.43,4.7661,1.100,35.7,4,17426.864,-0.45338,0.03158,0.5620,0.0000,0.3812,0.0000,0.3158,0.3100,0.2106,WARNING,False,10,0,,,,,,
1771436121.879,0.1,,,,,,,,,,,,,,,0.2106,WARNING,,10,,t3230_0,0.26,CRITICAL,LOCAL,WARNING: lightweight task permitted (weight=0.26 < 0.3),
1771436121.879,0.1,73.30,4.7915,1.118,37.0,4,3227.495,43.76106,0.02994,0.5532,0.0000,0.2661,0.0000,0.2994,0.3191,0.1947,WARNING,False,10,0,,,,,,
1771436121.879,0.1,,,,,,,,,,,,,,,0.1947,WARNING,,10,,t3231_0,0.20,LOW,LOCAL,WARNING: lightweight task permitted (weight=0.20 < 0.3),
1771436121.879,0.1,73.25,4.7839,1.124,37.4,4,16383.027,66.37470,0.02722,0.5499,0.0000,0.3007,0.0000,0.2722,0.3220,0.1967,WARNING,False,10,0,,,,,,
1771436121.879,0.1,,,,,,,,,,,,,,,0.1967,WARNING,,10,,t3232_0,0.24,HIGH,LOCAL,WARNING: lightweight task permitted (weight=0.24 < 0.3),
1771436121.879,0.1,73.59,4.7595,1.137,38.3,4,27681.230,18.98736,0.02594,0.5724,0.0000,0.4116,0.0000,0.2594,0.3284,0.2138,WARNING,False,10,0,,,,,,
1771436121.879,0.1,,,,,,,,,,,,,,,0.2138,WARNING,,10,,t3233_0,0.60,LOW,OFFLOAD,WARNING: heavy task offloaded (weight=0.60 >= 0.3),
1771436121.879,0.1,73.17,4.8083,1.102,35.9,4,-22261.189,79.62800,0.02940,0.5450,0.0000,0.1894,0.0000,0.2940,0.3111,0.1816,WARNING,False,10,0,,,,,,
1771436121.879,0.1,,,,,,,,,,,,,,,0.1816,WARNING,,10,,t3234_0,0.57,HIGH,OFFLOAD,WARNING: heavy task offloaded (weight=0.57 >= 0.3),
1771436121.879,0.1,,,,,,,,,,,,,,,0.1816,WARNING,,10,,t3234_1,0.55,LOW,OFFLOAD,WARNING: heavy task offloaded (weight=0.55 >= 0.3),
1771436121.879,0.1,73.21,4.7682,1.070,33.6,3,7851.392,14.02961,0.02903,0.5470,0.0000,0.3719,0.0000,0.2903,0.2800,0.1990,WARNING,False,10,0,,,,,,
1771436121.879,0.1,72.89,4.8507,1.040,31.4,3,-60305.644,41.09712,0.03383,0.5262,0.0000,0.0000,0.0000,0.3383,0.2650,0.1500,SAFE,False,10,0,,,,,,
1771436121.879,0.1,,,,,,,,,,,,,,,0.1500,SAFE,,10,,t3236_0,0.45,NORMAL,LOCAL,SAFE: all tasks permitted (weight=0.45),
1771436121.879,0.1,,,,,,,,,,,,,,,0.1500,SAFE,,10,,t3236_1,0.50,NORMAL,LOCAL,SAFE: all tasks permitted (weight=0.50),
1771436121.879,0.1,73.03,4.7384,1.197,42.6,4,,,0.03393,0.5351,0.0000,0.5073,0.0000,0.3393,0.3584,0.2358,SAFE,False,10,0,,,,,,
1771436121.879,0.1,,,,,,,,,,,,,,,0.2358,SAFE,,10,,t3237_0,0.81,NORMAL,LOCAL,SAFE: all tasks permitted (weight=0.81),
1771436121.879,0.1,73.17,4.7097,1.316,51.1,6,,,0.03600,0.5445,0.0000,0.6379,0.0000,0.3600,0.4478,0.2738,WARNING,False,10,0,,,,,,
1771436121.879,0.1,73.46,4.7010,1.268,47.7,5,,,0.04101,0.5642,0.0000,0.6773,0.0000,0.4101,0.4092,0.2786,WARNING,False,10,0,,,,,,window_reset|B=10
1771436121.879,0.1,,,,,,,,,,,,,,,0.2786,WARNING,,10,,t3239_0,0.78,LOW,OFFLOAD,WARNING: heavy task offloaded (weight=0.78 >= 0.3),
1771436121.879,0.1,74.00,4.7421,1.225,44.6,5,,,0.03988,0.6001,0.0000,0.4906,0.0000,0.3988,0.3873,0.2531,WARNING,False,10,0,,,,,,
1771436121.879,0.1,,,,,,,,,,,,,,,0.2531,WARNING,,10,,t3240_0,0.42,NORMAL,OFFLOAD,WARNING: heavy task offloaded (weight=0.42 >= 0.3),
1771436121.879,0.1,73.74,4.7706,1.184,41.7,4,,,0.03952,0.5824,0.0000,0.3607,0.0000,0.3952,0.3519,0.2267,WARNING,False,10,0,,,,,,
1771436121.879,0.1,,,,,,,,,,,,,,,0.2267,WARNING,,10,,t3241_0,0.80,NORMAL,OFFLOAD,WARNING: heavy task offloaded (weight=0.80 >= 0.3),
1771436121.879,0.1,,,,,,,,,,,,,,,0.2267,WARNING,,10,,t3241_1,0.81,NORMAL,OFFLOAD,WARNING: heavy task offloaded (weight=0.81 >= 0.3),
1771436121.879,0.1,73.71,4.7812,1.146,39.0,4,,,0.03975,0.5806,0.0000,0.3125,0.0000,0.3975,0.3329,0.2166,WARNING,False,10,0,,,,,,
1771436121.879,0.1,,,,,,,,,,,,,,,0.2166,WARNING,,10,,t3242_0,0.79,NORMAL,OFFLOAD,WARNING: heavy task offloaded (weight=0.79 >= 0.3),
1771436121.879,0.1,73.88,4.7775,1.111,36.5,4,,,0.03922,0.5917,0.0000,0.3294,0.0000,0.3922,0.3153,0.2161,WARNING,False,10,0,,,,,,
1771436121.879,0.1,73.67,4.7846,1.078,34.1,3,,,0.03925,0.5781,0.0000,0.2971,0.0000,0.3925,0.2839,0.2040,WARNING,False,10,0,,,,,,
1771436121.879,0.1,,,,,,,,,,,,,,,0.2040,WARNING,,10,,t3244_0,0.76,CRITICAL,OFFLOAD,WARNING: heavy task offloaded (weight=0.76 >= 0.3),
1771436121.879,0.1,73.29,4.7683,1.047,31.9,3,,,0.03920,0.5526,0.0000,0.3714,0.0000,0.3920,0.2686,0.2075,WARNING,False,10,0,,,,,,
1771436121.879,0.1,,,,,,,,,,,,,,,0.2075,WARNING,,10,,t3245_0,0.28,LOW,LOCAL,WARNING: lightweight task permitted (weight=0.28 < 0.3),
1771436121.879,0.1,,,,,,,,,,,,,,,0.2075,WARNING,,10,,t3245_1,0.65,NORMAL,OFFLOAD,WARNING: heavy task offloaded (weight=0.65 >= 0.3),
1771436121.879,0.1,73.66,4.7630,1.073,33.8,3,,,0.03714,0.5776,0.0000,0.3956,0.0000,0.3714,0.2816,0.2142,WARNING,False,10,0,,,,,,
1771436121.879,0.1,,,,,,,,,,,,,,,0.2142,WARNING,,10,,t3246_0,0.20,NORMAL,LOCAL,WARNING: lightweight task permitted (weight=0.20 < 0.3),
1771436121.879,0.1,73.10,4.7810,1.083,34.5,3,,,0.03746,0.5399,0.0000,0.3136,0.0000,0.3746,0.2866,0.2003,WARNING,False,10,0,,,,,,
1771436121.879,0.1,,,,,,,,,,,,,,,0.2003,WARNING,,10,,t3247_0,0.57,CRITICAL,OFFLOAD,WARNING: heavy task offloaded (weight=0.57 >= 0.3),
1771436121.879,0.1,73.12,4.7631,1.052,32.3,3,,,0.02690,0.5412,0.0000,0.3951,0.0000,0.2690,0.2711,0.1974,WARNING,False,10,0,,,,,,
1771436121.879,0.1,72.74,4.8017,1.024,30.3,3,,,0.02892,0.5157,0.0000,0.2195,0.0000,0.2892,0.2568,0.1707,SAFE,False,10,0,,,,,,
1771436121.879,0.1,,,,,,,,,,,,,,,0.1707,SAFE,,10,,t3249_0,0.71,LOW,LOCAL,SAFE: all tasks permitted (weight=0.71),
1771436121.879,0.1,72.31,4.7414,1.135,38.2,4,,,0.02523,0.4872,0.0000,0.4934,0.0000,0.2523,0.3274,0.2133,SAFE,False,10,0,,,,,,
1771436121.879,0.1,,,,,,,,,,,,,,,0.2133,SAFE,,10,,t3250_0,0.81,HIGH,LOCAL,SAFE: all tasks permitted (weight=0.81),
1771436121.879,0.1,73.24,4.6912,1.258,47.0,5,,,0.02734,0.5495,0.0000,0.7217,0.0000,0.2734,0.4042,0.2679,WARNING,False,10,0,,,,,,
1771436121.879,0.1,,,,,,,,,,,,,,,0.2679,WARNING,,10,,t3251_0,0.45,NORMAL,OFFLOAD,WARNING: heavy task offloaded (weight=0.45 >= 0.3),
1771436121.879,0.1,,,,,,,,,,,,,,,0.2679,WARNING,,10,,t3251_1,0.57,LOW,OFFLOAD,WARNING: heavy task offloaded (weight=0.57 >= 0.3),
1771436121.879,0.1,73.38,4.7611,1.215,44.0,5,,,0.02657,0.5587,0.0000,0.4042,0.0000,0.2657,0.3827,0.2227,WARNING,False,10,0,,,,,,
1771436121.879,0.1,73.06,4.7402,1.175,41.1,4,,,0.02739,0.5371,0.0000,0.4989,0.0000,0.2739,0.3476,0.2262,WARNING,False,10,0,,,,,,
1771436121.879,0.1,,,,,,,,,,,,,,,0.2262,WARNING,,10,,t3253_0,0.70,NORMAL,OFFLOAD,WARNING: heavy task offloaded (weight=0.70 >= 0.3),
1771436121.879,0.1,,,,,,,,,,,,,,,0.2262,WARNING,,10,,t3253_1,0.27,HIGH,LOCAL,WARNING: lightweight task permitted (weight=0.27 < 0.3),
1771436121.879,0.1,73.53,4.7212,1.190,42.2,4,,,0.02901,0.5686,0.0000,0.5856,0.0000,0.2901,0.3552,0.2444,WARNING,False,10,0,,,,,,window_reset|B=10
1771436121.879,0.1,,,,,,,,,,,,,,,0.2444,WARNING,,10,,t3254_0,0.49,LOW,OFFLOAD,WARNING: heavy task offloaded (weight=0.49 >= 0.3),
1771436121.879,0.1,74.09,4.7552,1.152,39.4,4,,,0.02840,0.6057,0.0000,0.4308,0.0000,0.2840,0.3360,0.2243,WARNING,False,10,0,,,,,,
1771436121.879,0.1,,,,,,,,,,,,,,,0.2243,WARNING,,10,,t3255_0,0.58,LOW,OFFLOAD,WARNING: heavy task offloaded (weight=0.58 >= 0.3),
1771436121.879,0.1,73.40,4.7666,1.116,36.9,4,,,0.02730,0.5603,0.0000,0.3790,0.0000,0.2730,0.3182,0.2074,WARNING,False,10,0,,,,,,
1771436121.879,0.1,,,,,,,,,,,,,,,0.2074,WARNING,,10,,t3256_0,0.69,LOW,OFFLOAD,WARNING: heavy task offloaded (weight=0.69 >= 0.3),
1771436121.879,0.1,73.61,4.7496,1.083,34.5,3,,,0.02700,0.5743,0.0000,0.4562,0.0000,0.2700,0.2866,0.2125,WARNING,False,10,0,,,,,,
1771436121.879,0.1,,,,,,,,,,,,,,,0.2125,WARNING,,10,,t3257_0,0.62,NORMAL,OFFLOAD,WARNING: heavy task offloaded (weight=0.62 >= 0.3),
1771436121.879,0.1,,,,,,,,,,,,,,,0.2125,WARNING,,10,,t3257_1,0.69,LOW,OFFLOAD,WARNING: heavy task offloaded (weight=0.69 >= 0.3),
1771436121.879,0.1,73.46,4.7929,1.052,32.3,3,,,0.02912,0.5642,0.0000,0.2594,0.0000,0.2912,0.2711,0.1848,WARNING,False,10,0,,,,,,
1771436121.880,0.1,,,,,,,,,,,,,,,0.1848,WARNING,,10,,t3258_0,0.41,NORMAL,OFFLOAD,WARNING: heavy task offloaded (weight=0.41 >= 0.3),
1771436121.880,0.1,73.01,4.7988,1.024,30.3,3,-10928.668,86.18318,0.03079,0.5343,0.0000,0.2328,0.0000,0.3079,0.2568,0.1765,SAFE,False,10,0,,,,,,
1771436121.880,0.1,,,,,,,,,,,,,,,0.1765,SAFE,,10,,t3259_0,0.76,LOW,LOCAL,SAFE: all tasks permitted (weight=0.76),
1771436121.880,0.1,,,,,,,,,,,,,,,0.1765,SAFE,,10,,t3259_1,0.49,HIGH,LOCAL,SAFE: all tasks permitted (weight=0.49),
1771436121.880,0.1,73.03,4.6961,1.241,45.8,5,-17002.541,-52.09658,0.03496,0.5351,0.0000,0.6997,0.0000,0.3496,0.3955,0.2692,WARNING,False,10,0,,,,,,
1771436121.880,0.1,,,,,,,,,,,,,,,0.2692,WARNING,,10,,t3260_0,0.49,NORMAL,OFFLOAD,WARNING: heavy task offloaded (weight=0.49 >= 0.3),
1771436121.880,0.1,73.41,4.7512,1.199,42.8,4,16893.620,8.74434,0.03151,0.5605,0.0000,0.4493,0.0000,0.3151,0.3596,0.2291,WARNING,False,10,0,,,,,,
1771436121.880,0.1,,,,,,,,,,,,,,,0.2291,WARNING,,10,,t3261_0,0.52,LOW,OFFLOAD,WARNING: heavy task offloaded (weight=0.52 >= 0.3),
1771436121.880,0.1,73.19,4.7524,1.160,40.0,4,-16437.313,25.01775,0.03149,0.5458,0.0000,0.4437,0.0000,0.3149,0.3401,0.2227,WARNING,False,10,0,,,,,,
1771436121.880,0.1,,,,,,,,,,,,,,,0.2227,WARNING,,10,,t3262_0,0.24,HIGH,LOCAL,WARNING: lightweight task permitted (weight=0.24 < 0.3),
1771436121.880,0.1,73.61,4.7341,1.172,40.8,4,-22801.228,-16.91464,0.02695,0.5741,0.0000,0.5268,0.0000,0.2695,0.3458,0.2335,WARNING,False,10,0,,,,,,
1771436121.880,0.1,,,,,,,,,,,,,,,0.2335,WARNING,,10,,t3263_0,0.35,NORMAL,OFFLOAD,WARNING: heavy task offloaded (weight=0.35 >= 0.3),
1771436121.880,0.1,,,,,,,,,,,,,,,0.2335,WARNING,,10,,t3263_1,0.39,NORMAL,OFFLOAD,WARNING: heavy task offloaded (weight=0.39 >= 0.3),
1771436121.880,0.1,73.49,4.7590,1.134,38.2,4,3949.362,-6.08494,0.02689,0.5658,0.0000,0.4135,0.0000,0.2689,0.3272,0.2140,WARNING,False,10,0,,,,,,
1771436121.880,0.1,73.33,4.6522,1.100,35.7,4,-13675.368,-78.04226,0.03846,0.5553,0.0000,0.8990,0.0000,0.3846,0.3100,0.2840,WARNING,False,10,0,,,,,,
1771436121.880,0.1,73.37,4.7834,1.068,33.4,3,-4655.910,-7.63572,0.03921,0.5577,0.0000,0.3027,0.0000,0.3921,0.2790,0.2013,WARNING,False,10,0,,,,,,
1771436121.880,0.1,,,,,,,,,,,,,,,0.2013,WARNING,,10,,t3266_0,0.70,NORMAL,OFFLOAD,WARNING: heavy task offloaded (weight=0.70 >= 0.3),
1771436121.880,0.1,72.54,4.7944,1.038,31.3,3,,,0.04115,0.5027,0.0000,0.2527,0.0000,0.4115,0.2641,0.1871,WARNING,False,10,0,,,,,,
1771436121.880,0.1,,,,,,,,,,,,,,,0.1871,WARNING,,10,,t3267_0,0.62,HIGH,OFFLOAD,WARNING: heavy task offloaded (weight=0.62 >= 0.3),
1771436121.880,0.1,73.03,4.8001,1.010,29.3,3,,,0.04310,0.5355,0.0000,0.2268,0.0000,0.4310,0.2502,0.1869,WARNING,False,10,0,,,,,,
1771436121.880,0.1,,,,,,,,,,,,,,,0.1869,WARNING,,10,,t3268_0,0.73,NORMAL,OFFLOAD,WARNING: heavy task offloaded (weight=0.73 >= 0.3),
1771436121.880,0.1,73.19,4.8009,0.985,27.5,3,,,0.04482,0.5461,0.0000,0.2233,0.0000,0.4482,0.2373,0.1869,WARNING,False,10,0,,,,,,window_reset|B=10
1771436121.880,0.1,,,,,,,,,,,,,,,0.1869,WARNING,,10,,t3269_0,0.72,NORMAL,OFFLOAD,WARNING: heavy task offloaded (weight=0.72 >= 0.3),
1771436121.880,0.1,71.82,4.8020,0.961,25.8,2,,,0.04545,0.4547,0.0000,0.2181,0.0000,0.4545,0.2103,0.1704,SAFE,False,10,0,,,,,,
1771436121.880,0.1,72.30,4.7995,0.938,24.2,2,,,0.04550,0.4868,0.0000,0.2297,0.0000,0.4550,0.1992,0.1736,SAFE,False,10,0,,,,,,
1771436121.880,0.1,,,,,,,,,,,,,,,0.1736,SAFE,,10,,t3271_0,0.40,NORMAL,LOCAL,SAFE: all tasks permitted (weight=0.40),
1771436121.880,0.1,71.70,4.7921,0.996,28.3,3,,,0.04177,0.4468,0.0000,0.2630,0.0000,0.4177,0.2432,0.1782,SAFE,False,10,0,,,,,,
1771436121.880,0.1,,,,,,,,,,,,,,,0.1782,SAFE,,10,,t3272_0,0.59,LOW,LOCAL,SAFE: all tasks permitted (weight=0.59),
1771436121.880,0.1,71.68,4.7640,1.087,34.8,3,,,0.04147,0.4453,0.0000,0.3911,0.0000,0.4147,0.2886,0.2035,SAFE,False,10,0,,,,,,
1771436121.880,0.1,,,,,,,,,,,,,,,0.2035,SAFE,,10,,t3273_0,0.56,HIGH,LOCAL,SAFE: all tasks permitted (weight=0.56),
1771436121.880,0.1,,,,,,,,,,,,,,,0.2035,SAFE,,10,,t3273_1,0.47,NORMAL,LOCAL,SAFE: all tasks permitted (weight=0.47),
1771436121.880,0.1,71.70,4.7159,1.258,47.0,5,,,0.04389,0.4466,0.0000,0.6097,0.0000,0.4389,0.4040,0.2575,WARNING,False,10,0,,,,,,
1771436121.880,0.1,71.81,4.6866,1.215,43.9,5,,,0.04853,0.4543,0.0000,0.7428,0.0000,0.4853,0.3824,0.2761,WARNING,False,10,0,,,,,,
1771436121.880,0.1,,,,,,,,,,,,,,,0.2761,WARNING,,10,,t3275_0,0.27,HIGH,LOCAL,WARNING: lightweight task permitted (weight=0.27 < 0.3),
1771436121.880,0.1,72.23,4.7117,1.227,44.8,5,,,0.05054,0.4817,0.0000,0.6288,0.0000,0.5054,0.3886,0.2678,WARNING,False,10,0,,,,,,
1771436121.880,0.1,,,,,,,,,,,,,,,0.2678,WARNING,,10,,t3276_0,0.72,HIGH,OFFLOAD,WARNING: heavy task offloaded (weight=0.72 >= 0.3),
1771436121.880,0.1,72.72,4.7576,1.186,41.9,4,,,0.03917,0.5150,0.0000,0.4201,0.0000,0.3917,0.3531,0.2262,WARNING,False,10,0,,,,,,
1771436121.880,0.1,,,,,,,,,,,,,,,0.2262,WARNING,,10,,t3277_0,0.55,LOW,OFFLOAD,WARNING: heavy task offloaded (weight=0.55 >= 0.3),
1771436121.880,0.1,72.85,4.7597,1.148,39.2,4,,,0.03891,0.5232,0.0000,0.4107,0.0000,0.3891,0.3341,0.2219,WARNING,False,10,0,,,,,,
1771436121.880,0.1,,,,,,,,,,,,,,,0.2219,WARNING,,10,,t3278_0,0.49,NORMAL,OFFLOAD,WARNING: heavy task offloaded (weight=0.49 >= 0.3),
1771436121.880,0.1,,,,,,,,,,,,,,,0.2219,WARNING,,10,,t3278_1,0.85,HIGH,OFFLOAD,WARNING: heavy task offloaded (weight=0.85 >= 0.3),
1771436121.880,0.1,72.75,4.7673,1.113,36.6,4,,,0.03793,0.5169,0.0000,0.3761,0.0000,0.3793,0.3164,0.2121,WARNING,False,10,0,,,,,,
1771436121.880,0.1,72.75,4.7587,1.080,34.3,3,,,0.03626,0.5166,0.0000,0.4148,0.0000,0.3626,0.2849,0.2091,WARNING,False,10,0,,,,,,
1771436121.880,0.1,,,,,,,,,,,,,,,0.2091,WARNING,,10,,t3280_0,0.28,HIGH,LOCAL,WARNING: lightweight task permitted (weight=0.28 < 0.3),
1771436121.880,0.1,73.03,4.7400,1.104,36.0,4,,,0.03434,0.5353,0.0000,0.4998,0.0000,0.3434,0.3119,0.2259,WARNING,False,10,0,,,,,,
1771436121.880,0.1,72.26,4.7622,1.071,33.7,3,,,0.03140,0.4838,0.0000,0.3990,0.0000,0.3140,0.2807,0.1975,WARNING,False,10,0,,,,,,
1771436121.880,0.1,,,,,,,,,,,,,,,0.1975,WARNING,,10,,t3282_0,0.22,HIGH,LOCAL,WARNING: lightweight task permitted (weight=0.22 < 0.3),
1771436121.880,0.1,71.86,4.8050,1.084,34.6,3,,,0.03214,0.4576,0.0000,0.2043,0.0000,0.3214,0.2872,0.1710,SAFE,False,10,0,,,,,,
1771436121.880,0.1,,,,,,,,,,,,,,,0.1710,SAFE,,10,,t3283_0,0.77,NORMAL,LOCAL,SAFE: all tasks permitted (weight=0.77),
1771436121.880,0.1,,,,,,,,,,,,,,,0.1710,SAFE,,10,,t3283_1,0.64,HIGH,LOCAL,SAFE: all tasks permitted (weight=0.64),
1771436121.880,0.1,72.32,4.7333,1.331,52.2,6,,,0.03002,0.4880,0.0000,0.5303,0.0000,0.3002,0.4554,0.2486,SAFE,False,10,0,,,,,,window_reset|B=10
1771436121.881,0.1,,,,,,,,,,,,,,,0.2486,SAFE,,10,,t3284_0,0.68,HIGH,LOCAL,SAFE: all tasks permitted (weight=0.68),
1771436121.881,0.1,73.49,4.6904,1.417,58.3,6,46093.123,-66.96753,0.03323,0.5663,0.0000,0.7254,0.0000,0.3323,0.4983,0.2951,WARNING,False,10,0,,,,,,
1771436121.881,0.1,73.43,4.6693,1.362,54.5,6,34869.702,-90.11332,0.03825,0.5620,0.0000,0.8214,0.0000,0.3825,0.4712,0.3067,WARNING,False,10,0,,,,,,
1771436121.881,0.1,,,,,,,,,,,,,,,0.3067,WARNING,,10,,t3286_0,0.62,NORMAL,OFFLOAD,WARNING: heavy task offloaded (weight=0.62 >= 0.3),
1771436121.881,0.1,73.84,4.6871,1.312,50.9,5,64704.295,-79.98737,0.03819,0.5890,0.0000,0.7407,0.0000,0.3819,0.4310,0.2914,WARNING,False,10,0,,,,,,
1771436121.881,0.1,,,,,,,,,,,,,,,0.2914,WARNING,,10,,t3287_0,0.37,NORMAL,OFFLOAD,WARNING: heavy task offloaded (weight=0.37 >= 0.3),
1771436121.881,0.1,73.89,4.7416,1.265,47.5,5,68344.928,-17.08851,0.03744,0.5927,0.0000,0.4927,0.0000,0.3744,0.4075,0.2541,WARNING,False,10,0,,,,,,
1771436121.881,0.1,73.94,4.7166,1.221,44.4,5,54483.686,-23.35303,0.03749,0.5960,0.0000,0.6062,0.0000,0.3749,0.3857,0.2650,WARNING,False,10,0,,,,,,
1771436121.881,0.1,73.96,4.7215,1.181,41.5,4,102037.241,-40.65369,0.03696,0.5975,0.0000,0.5843,0.0000,0.3696,0.3504,0.2547,WARNING,False,10,0,,,,,,
1771436121.881,0.1,,,,,,,,,,,,,,,0.2547,WARNING,,10,,t3290_0,0.70,LOW,OFFLOAD,WARNING: heavy task offloaded (weight=0.70 >= 0.3),
1771436121.881,0.1,74.22,4.7312,1.143,38.8,4,141281.820,-73.65706,0.03546,0.6150,0.0000,0.5401,0.0000,0.3546,0.3316,0.2458,WARNING,False,10,0,,,,,,
1771436121.881,0.1,,,,,,,,,,,,,,,0.2458,WARNING,,10,,t3291_0,0.43,NORMAL,OFFLOAD,WARNING: heavy task offloaded (weight=0.43 >= 0.3),
1771436121.881,0.1,73.76,4.8122,1.108,36.3,4,86315.930,78.64768,0.04164,0.5841,0.0000,0.1719,0.0000,0.4164,0.3140,0.1969,WARNING,False,10,0,,,,,,
1771436121.881,0.1,,,,,,,,,,,,,,,0.1969,WARNING,,10,,t3292_0,0.53,NORMAL,OFFLOAD,WARNING: heavy task offloaded (weight=0.53 >= 0.3),
1771436121.881,0.1,73.75,4.7645,1.075,34.0,3,,,0.04247,0.5832,0.0000,0.3888,0.0000,0.4247,0.2827,0.2195,WARNING,False,10,0,,,,,,
1771436121.881,0.1,,,,,,,,,,,,,,,0.2195,WARNING,,10,,t3293_0,0.64,NORMAL,OFFLOAD,WARNING: heavy task offloaded (weight=0.64 >= 0.3),
1771436121.881,0.1,73.91,4.7770,1.045,31.8,3,,,0.04341,0.5938,0.0000,0.3319,0.0000,0.4341,0.2676,0.2113,WARNING,False,10,0,,,,,,
1771436121.881,0.1,,,,,,,,,,,,,,,0.2113,WARNING,,10,,t3294_0,0.82,HIGH,OFFLOAD,WARNING: heavy task offloaded (weight=0.82 >= 0.3),
1771436121.881,0.1,74.13,4.8217,1.017,29.8,3,,,0.04575,0.6090,0.0000,0.1284,0.0000,0.4575,0.2534,0.1862,WARNING,False,10,0,,,,,,
1771436121.881,0.1,73.38,4.7515,0.991,27.9,3,,,0.04585,0.5588,0.0000,0.4479,0.0000,0.4585,0.2403,0.2192,WARNING,False,10,0,,,,,,
1771436121.881,0.1,73.01,4.7959,0.966,26.2,2,,,0.04554,0.5342,0.0000,0.2457,0.0000,0.4554,0.2131,0.1842,WARNING,False,10,0,,,,,,
1771436121.881,0.1,,,,,,,,,,,,,,,0.1842,WARNING,,10,,t3297_0,0.58,LOW,OFFLOAD,WARNING: heavy task offloaded (weight=0.58 >= 0.3),
1771436121.881,0.1,,,,,,,,,,,,,,,0.1842,WARNING,,10,,t3297_1,0.59,NORMAL,OFFLOAD,WARNING: heavy task offloaded (weight=0.59 >= 0.3),
1771436121.881,0.1,73.00,4.8495,0.944,24.5,2,,,0.04643,0.5336,0.0000,0.0023,0.0000,0.4643,0.2018,0.1511,SAFE,False,10,0,,,,,,
1771436121.881,0.1,72.26,4.8268,0.922,23.0,2,,,0.04302,0.4843,0.0000,0.1056,0.0000,0.4302,0.1912,0.1531,SAFE,False,10,0,,,,,,window_reset|B=10
1771436121.881,0.1,,,,,,,,,,,,,,,0.1531,SAFE,,10,,t3299_0,0.66,HIGH,LOCAL,SAFE: all tasks permitted (weight=0.66),
1771436121.881,0.1,72.64,4.8153,1.032,30.9,3,,,0.04295,0.5095,0.0000,0.1577,0.0000,0.4295,0.2611,0.1768,SAFE,False,10,0,,,,,,
1771436121.881,0.1,,,,,,,,,,,,,,,0.1768,SAFE,,10,,t3300_0,0.66,HIGH,LOCAL,SAFE: all tasks permitted (weight=0.66),
1771436121.881,0.1,72.26,4.7324,1.134,38.2,4,,,0.04114,0.4842,0.0000,0.5345,0.0000,0.4114,0.3272,0.2342,SAFE,False,10,0,,,,,,
1771436121.881,0.1,,,,,,,,,,,,,,,0.2342,SAFE,,10,,t3301_0,0.43,LOW,LOCAL,SAFE: all tasks permitted (weight=0.43),
1771436121.881,0.1,72.57,4.7356,1.185,41.8,4,,,0.03952,0.5047,0.0000,0.5199,0.0000,0.3952,0.3523,0.2381,SAFE,False,10,0,,,,,,
1771436121.881,0.1,,,,,,,,,,,,,,,0.2381,SAFE,,10,,t3302_0,0.68,HIGH,LOCAL,SAFE: all tasks permitted (weight=0.68),
1771436121.881,0.1,71.96,4.7647,1.280,48.6,5,,,0.03674,0.4640,0.0000,0.3879,0.0000,0.3674,0.4152,0.2259,SAFE,False,10,0,,,,,,
1771436121.881,0.1,72.87,4.7462,1.236,45.4,5,,,0.03753,0.5244,0.0000,0.4718,0.0000,0.3753,0.3929,0.2404,SAFE,False,10,0,,,,,,
1771436121.881,0.1,,,,,,,,,,,,,,,0.2404,SAFE,,10,,t3304_0,0.33,HIGH,LOCAL,SAFE: all tasks permitted (weight=0.33),
1771436121.881,0.1,72.97,4.7373,1.260,47.2,5,,,0.03928,0.5316,0.0000,0.5122,0.0000,0.3928,0.4051,0.2507,WARNING,False,10,0,,,,,,
1771436121.881,0.1,73.38,4.6979,1.217,44.1,5,,,0.04532,0.5585,0.0000,0.6916,0.0000,0.4532,0.3835,0.2789,WARNING,False,10,0,,,,,,
1771436121.881,0.1,72.87,4.7312,1.177,41.2,4,,,0.04409,0.5246,0.0000,0.5402,0.0000,0.4409,0.3484,0.2469,WARNING,False,10,0,,,,,,
1771436121.881,0.1,,,,,,,,,,,,,,,0.2469,WARNING,,10,,t3307_0,0.23,NORMAL,LOCAL,WARNING: lightweight task permitted (weight=0.23 < 0.3),
1771436121.881,0.1,73.48,4.7822,1.184,41.7,4,,,0.04410,0.5652,0.0000,0.3081,0.0000,0.4410,0.3521,0.2224,WARNING,False,10,0,,,,,,
1771436121.881,0.1,,,,,,,,,,,,,,,0.2224,WARNING,,10,,t3308_0,0.53,NORMAL,OFFLOAD,WARNING: heavy task offloaded (weight=0.53 >= 0.3),
1771436121.881,0.1,73.14,4.7732,1.146,39.0,4,,,0.04334,0.5428,0.0000,0.3491,0.0000,0.4334,0.3331,0.2205,WARNING,False,10,0,,,,,,
1771436121.881,0.1,,,,,,,,,,,,,,,0.2205,WARNING,,10,,t3309_0,0.67,HIGH,OFFLOAD,WARNING: heavy task offloaded (weight=0.67 >= 0.3),
1771436121.881,0.1,73.47,4.7725,1.111,36.5,4,,,0.03549,0.5644,0.0000,0.3521,0.0000,0.3549,0.3155,0.2121,WARNING,False,10,0,,,,,,
1771436121.881,0.1,73.56,4.7614,1.078,34.1,3,,,0.02923,0.5706,0.0000,0.4026,0.0000,0.2923,0.2840,0.2068,WARNING,False,10,0,,,,,,
1771436121.881,0.1,,,,,,,,,,,,,,,0.2068,WARNING,,10,,t3311_0,0.24,NORMAL,LOCAL,WARNING: lightweight task permitted (weight=0.24 < 0.3),
1771436121.881,0.1,73.32,4.7485,1.095,35.4,4,,,0.02269,0.5546,0.0000,0.4614,0.0000,0.2269,0.3077,0.2107,WARNING,False,10,0,,,,,,
1771436121.881,0.1,,,,,,,,,,,,,,,0.2107,WARNING,,10,,t3312_0,0.83,HIGH,OFFLOAD,WARNING: heavy task offloaded (weight=0.83 >= 0.3),
1771436121.881,0.1,72.76,4.8021,1.064,33.1,3,,,0.02641,0.5171,0.0000,0.2177,0.0000,0.2641,0.2768,0.1721,SAFE,False,10,0,,,,,,
1771436121.881,0.1,,,,,,,,,,,,,,,0.1721,SAFE,,10,,t3313_0,0.67,NORMAL,LOCAL,SAFE: all tasks permitted (weight=0.67),
1771436121.881,0.1,73.14,4.7571,1.166,40.4,4,,,0.02580,0.5425,0.0000,0.4221,0.0000,0.2580,0.3431,0.2144,SAFE,False,10,0,,,,,,window_reset|B=10
1771436121.881,0.1,,,,,,,,,,,,,,,0.2144,SAFE,,10,,t3314_0,0.43,NORMAL,LOCAL,SAFE: all tasks permitted (weight=0.43),
1771436121.881,0.1,,,,,,,,,,,,,,,0.2144,SAFE,,10,,t3314_1,0.79,NORMAL,LOCAL,SAFE: all tasks permitted (weight=0.79),
1771436121.881,0.1,73.39,4.6966,1.371,55.1,6,,,0.03039,0.5594,0.0000,0.6974,0.0000,0.3039,0.4756,0.2833,WARNING,False,10,0,,,,,,
1771436121.881,0.1,,,,,,,,,,,,,,,0.2833,WARNING,,10,,t3315_0,0.79,HIGH,OFFLOAD,WARNING: heavy task offloaded (weight=0.79 >= 0.3),
1771436121.881,0.1,73.83,4.6841,1.320,51.4,6,,,0.03553,0.5890,0.0000,0.7539,0.0000,0.3553,0.4500,0.2942,WARNING,False,10,0,,,,,,
1771436121.881,0.1,74.06,4.7487,1.273,48.0,5,,,0.03546,0.6037,0.0000,0.4605,0.0000,0.3546,0.4113,0.2500,WARNING,False,10,0,,,,,,
1771436121.881,0.1,,,,,,,,,,,,,,,0.2500,WARNING,,10,,t3317_0,0.39,NORMAL,OFFLOAD,WARNING: heavy task offloaded (weight=0.39 >= 0.3),
1771436121.881,0.1,74.26,4.7842,1.228,44.9,5,,,0.03361,0.6175,0.0000,0.2991,0.0000,0.3361,0.3892,0.2245,WARNING,False,10,0,,,,,,
1771436121.881,0.1,,,,,,,,,,,,,,,0.2245,WARNING,,10,,t3318_0,0.71,CRITICAL,OFFLOAD,WARNING: heavy task offloaded (weight=0.71 >= 0.3),
1771436121.881,0.1,74.21,4.7783,1.187,42.0,4,,,0.03352,0.6141,0.0000,0.3260,0.0000,0.3352,0.3537,0.2203,WARNING,False,10,0,,,,,,
1771436121.881,0.1,,,,,,,,,,,,,,,0.2203,WARNING,,10,,t3319_0,0.47,NORMAL,OFFLOAD,WARNING: heavy task offloaded (weight=0.47 >= 0.3),
1771436121.881,0.1,74.76,4.7158,1.149,39.2,4,,,0.03445,0.6506,0.0000,0.6101,0.0000,0.3445,0.3346,0.2588,WARNING,False,10,0,,,,,,
1771436121.881,0.1,,,,,,,,,,,,,,,0.2588,WARNING,,10,,t3320_0,0.56,NORMAL,OFFLOAD,WARNING: heavy task offloaded (weight=0.56 >= 0.3),
1771436121.881,0.1,,,,,,,,,,,,,,,0.2588,WARNING,,10,,t3320_1,0.52,NORMAL,OFFLOAD,WARNING: heavy task offloaded (weight=0.52 >= 0.3),
1771436121.881,0.1,73.63,4.7467,1.114,36.7,4,,,0.03385,0.5755,0.0000,0.4695,0.0000,0.3385,0.3169,0.2273,WARNING,False,10,0,,,,,,
1771436121.881,0.1,,,,,,,,,,,,,,,0.2273,WARNING,,10,,t3321_0,0.33,HIGH,OFFLOAD,WARNING: heavy task offloaded (weight=0.33 >= 0.3),
1771436121.881,0.1,73.74,4.7752,1.081,34.3,3,,,0.03401,0.5824,0.0000,0.3398,0.0000,0.3401,0.2854,0.2051,WARNING,False,10,0,,,,,,
1771436121.881,0.1,,,,,,,,,,,,,,,0.2051,WARNING,,10,,t3322_0,0.71,NORMAL,OFFLOAD,WARNING: heavy task offloaded (weight=0.71 >= 0.3),
1771436121.881,0.1,73.83,4.7759,1.050,32.1,3,,,0.03465,0.5884,0.0000,0.3366,0.0000,0.3465,0.2700,0.2030,WARNING,False,10,0,,,,,,
1771436121.881,0.1,,,,,,,,,,,,,,,0.2030,WARNING,,10,,t3323_0,0.23,LOW,LOCAL,WARNING: lightweight task permitted (weight=0.23 < 0.3),
1771436121.881,0.1,73.94,4.7723,1.067,33.3,3,,,0.03513,0.5963,0.0000,0.3531,0.0000,0.3513,0.2783,0.2082,WARNING,False,10,0,,,,,,
1771436121.881,0.1,,,,,,,,,,,,,,,0.2082,WARNING,,10,,t3324_0,0.81,NORMAL,OFFLOAD,WARNING: heavy task offloaded (weight=0.81 >= 0.3),
1771436121.881,0.1,73.44,4.8013,1.037,31.2,3,,,0.03503,0.5625,0.0000,0.2215,0.0000,0.3503,0.2635,0.1840,WARNING,False,10,0,,,,,,
1771436121.881,0.1,73.35,4.7871,1.009,29.2,3,,,0.03628,0.5568,0.0000,0.2859,0.0000,0.3628,0.2496,0.1902,WARNING,False,10,0,,,,,,
1771436121.881,0.1,,,,,,,,,,,,,,,0.1902,WARNING,,10,,t3326_0,0.54,CRITICAL,OFFLOAD,WARNING: heavy task offloaded (weight=0.54 >= 0.3),
1771436121.881,0.1,,,,,,,,,,,,,,,0.1902,WARNING,,10,,t3326_1,0.79,CRITICAL,OFFLOAD,WARNING: heavy task offloaded (weight=0.79 >= 0.3),
1771436121.881,0.1,73.00,4.7634,0.984,27.4,3,,,0.03164,0.5336,0.0000,0.3937,0.0000,0.3164,0.2368,0.1942,WARNING,False,10,0,,,,,,
1771436121.881,0.1,,,,,,,,,,,,,,,0.1942,WARNING,,10,,t3327_0,0.75,HIGH,OFFLOAD,WARNING: heavy task offloaded (weight=0.75 >= 0.3),
1771436121.881,0.1,,,,,,,,,,,,,,,0.1942,WARNING,,10,,t3327_1,0.43,NORMAL,OFFLOAD,WARNING: heavy task offloaded (weight=0.43 >= 0.3),
1771436121.881,0.1,72.94,4.8022,0.960,25.7,2,,,0.02348,0.5290,0.0000,0.2175,0.0000,0.2348,0.2098,0.1572,SAFE,False,10,0,,,,,,
1771436121.883,0.1,73.06,4.8063,0.937,24.1,2,-21273.702,37.21329,0.02432,0.5376,0.0000,0.1985,0.0000,0.2432,0.1987,0.1544,SAFE,False,10,0,,,,,,window_reset|B=10
1771436121.883,0.1,72.10,4.8201,0.917,22.6,2,-61275.536,27.97827,0.02721,0.4734,0.0000,0.1361,0.0000,0.2721,0.1884,0.1394,SAFE,False,10,0,,,,,,
1771436121.883,0.1,,,,,,,,,,,,,,,0.1394,SAFE,,10,,t3330_0,0.61,NORMAL,LOCAL,SAFE: all tasks permitted (weight=0.61),
1771436121.883,0.1,72.31,4.7870,1.019,29.9,3,-56982.334,6.89774,0.02730,0.4870,0.0000,0.2864,0.0000,0.2730,0.2543,0.1738,SAFE,False,10,0,,,,,,
1771436121.883,0.1,,,,,,,,,,,,,,,0.1738,SAFE,,10,,t3331_0,0.47,NORMAL,LOCAL,SAFE: all tasks permitted (weight=0.47),
1771436121.883,0.1,72.20,4.7870,1.085,34.6,3,-65432.079,9.18227,0.01942,0.4798,0.0000,0.2862,0.0000,0.1942,0.2874,0.1717,SAFE,False,10,0,,,,,,
1771436121.883,0.1,71.75,4.7895,1.054,32.4,3,-63312.143,-7.32820,0.01553,0.4498,0.0000,0.2748,0.0000,0.1553,0.2719,0.1596,SAFE,False,10,0,,,,,,
1771436121.883,0.1,,,,,,,,,,,,,,,0.1596,SAFE,,10,,t3333_0,0.50,HIGH,LOCAL,SAFE: all tasks permitted (weight=0.50),
1771436121.883,0.1,,,,,,,,,,,,,,,0.1596,SAFE,,10,,t3333_1,0.21,LOW,LOCAL,SAFE: all tasks permitted (weight=0.21),
1771436121.883,0.1,71.41,4.7494,1.166,40.4,4,-72626.109,-23.54699,0.01874,0.4275,0.0000,0.4573,0.0000,0.1874,0.3431,0.1981,SAFE,False,10,0,,,,,,
1771436121.883,0.1,,,,,,,,,,,,,,,0.1981,SAFE,,10,,t3334_0,0.77,LOW,LOCAL,SAFE: all tasks permitted (weight=0.77),
1771436121.883,0.1,71.94,4.7585,1.283,48.8,5,-39835.127,-3.07452,0.02016,0.4627,0.0000,0.4160,0.0000,0.2016,0.4166,0.2131,SAFE,False,10,0,,,,,,
1771436121.883,0.1,72.44,4.7301,1.238,45.6,5,-18658.793,-44.99505,0.02518,0.4958,0.0000,0.5451,0.0000,0.2518,0.3942,0.2344,SAFE,False,10,0,,,,,,
1771436121.883,0.1,,,,,,,,,,,,,,,0.2344,SAFE,,10,,t3336_0,0.49,HIGH,LOCAL,SAFE: all tasks permitted (weight=0.49),
1771436121.883,0.1,72.77,4.6854,1.293,49.5,5,,,0.03583,0.5179,0.0000,0.7480,0.0000,0.3583,0.4217,0.2796,WARNING,False,10,0,,,,,,
1771436121.883,0.1,,,,,,,,,,,,,,,0.2796,WARNING,,10,,t3337_0,0.28,CRITICAL,LOCAL,WARNING: lightweight task permitted (weight=0.28 < 0.3),
1771436121.883,0.1,,,,,,,,,,,,,,,0.2796,WARNING,,10,,t3337_1,0.74,CRITICAL,OFFLOAD,WARNING: heavy task offloaded (weight=0.74 >= 0.3),
1771436121.883,0.1,72.73,4.6733,1.304,50.3,5,,,0.04461,0.5153,0.0000,0.8033,0.0000,0.4461,0.4269,0.2962,WARNING,False,10,0,,,,,,
1771436121.883,0.1,,,,,,,,,,,,,,,0.2962,WARNING,,10,,t3338_0,0.67,CRITICAL,OFFLOAD,WARNING: heavy task offloaded (weight=0.67 >= 0.3),
1771436121.883,0.1,73.63,4.7344,1.257,47.0,5,201289.904,-132.88625,0.04528,0.5755,0.0000,0.5255,0.0000,0.4528,0.4037,0.2634,WARNING,False,10,0,,,,,,
1771436121.883,0.1,,,,,,,,,,,,,,,0.2634,WARNING,,10,,t3339_0,0.49,HIGH,OFFLOAD,WARNING: heavy task offloaded (weight=0.49 >= 0.3),
1771436121.883,0.1,73.00,4.7457,1.214,43.9,5,121767.499,-104.53829,0.04359,0.5334,0.0000,0.4743,0.0000,0.4359,0.3822,0.2457,WARNING,False,10,0,,,,,,
1771436121.883,0.1,,,,,,,,,,,,,,,0.2457,WARNING,,10,,t3340_0,0.74,HIGH,OFFLOAD,WARNING: heavy task offloaded (weight=0.74 >= 0.3),
1771436121.883,0.1,72.76,4.7651,1.174,41.0,4,153622.031,-61.82104,0.04100,0.5174,0.0000,0.3861,0.0000,0.4100,0.3471,0.2227,WARNING,False,10,0,,,,,,
1771436121.883,0.1,,,,,,,,,,,,,,,0.2227,WARNING,,10,,t3341_0,0.41,HIGH,OFFLOAD,WARNING: heavy task offloaded (weight=0.41 >= 0.3),
1771436121.883,0.1,73.22,4.7691,1.137,38.4,4,273995.218,49.81906,0.03608,0.5480,0.0000,0.3677,0.0000,0.3608,0.3285,0.2153,WARNING,False,10,0,,,,,,
1771436121.883,0.1,,,,,,,,,,,,,,,0.2153,WARNING,,10,,t3342_0,0.65,HIGH,OFFLOAD,WARNING: heavy task offloaded (weight=0.65 >= 0.3),
1771436121.883,0.1,,,,,,,,,,,,,,,0.2153,WARNING,,10,,t3342_1,0.36,CRITICAL,OFFLOAD,WARNING: heavy task offloaded (weight=0.36 >= 0.3),
1771436121.883,0.1,73.50,4.7745,1.102,35.9,4,235826.537,40.56693,0.03511,0.5665,0.0000,0.3431,0.0000,0.3511,0.3112,0.2099,WARNING,False,10,0,,,,,,
1771436121.883,0.1,,,,,,,,,,,,,,,0.2099,WARNING,,10,,t3343_0,0.70,NORMAL,OFFLOAD,WARNING: heavy task offloaded (weight=0.70 >= 0.3),
1771436121.883,0.1,73.25,4.8112,1.070,33.6,3,123441.629,205.01040,0.03794,0.5501,0.0000,0.1763,0.0000,0.3794,0.2801,0.1829,WARNING,False,10,0,,,,,,window_reset|B=10
1771436121.883,0.1,,,,,,,,,,,,,,,0.1829,WARNING,,10,,t3344_0,0.24,NORMAL,LOCAL,WARNING: lightweight task permitted (weight=0.24 < 0.3),
1771436121.883,0.1,73.20,4.7493,1.088,34.9,3,66059.723,161.35667,0.03592,0.5470,0.0000,0.4577,0.0000,0.3592,0.2890,0.2189,WARNING,False,10,0,,,,,,
1771436121.883,0.1,73.45,4.7852,1.057,32.6,3,108640.573,282.86623,0.03757,0.5630,0.0000,0.2944,0.0000,0.3757,0.2734,0.1981,WARNING,False,10,0,,,,,,
1771436121.883,0.1,,,,,,,,,,,,,,,0.1981,WARNING,,10,,t3346_0,0.52,NORMAL,OFFLOAD,WARNING: heavy task offloaded (weight=0.52 >= 0.3),
1771436121.883,0.1,72.93,4.7961,1.028,30.6,3,,,0.03978,0.5286,0.0000,0.2449,0.0000,0.3978,0.2589,0.1868,WARNING,False,10,0,,,,,,
1771436121.884,0.1,72.84,4.8044,1.001,28.6,3,-15486.527,93.93081,0.04168,0.5226,0.0000,0.2075,0.0000,0.4168,0.2454,0.1804,WARNING,False,10,0,,,,,,
1771436121.884,0.1,72.32,4.8223,0.976,26.8,2,-42023.853,91.56185,0.03895,0.4882,0.0000,0.1260,0.0000,0.3895,0.2178,0.1575,SAFE,False,10,0,,,,,,
1771436121.884,0.1,,,,,,,,,,,,,,,0.1575,SAFE,,10,,t3349_0,0.59,LOW,LOCAL,SAFE: all tasks permitted (weight=0.59),
1771436121.884,0.1,72.07,4.7813,1.069,33.5,3,-110307.051,19.56131,0.02611,0.4714,0.0000,0.3121,0.0000,0.2611,0.2797,0.1792,SAFE,False,10,0,,,,,,
1771436121.884,0.1,72.08,4.8121,1.039,31.4,3,-135816.377,60.07152,0.02398,0.4721,0.0000,0.1724,0.0000,0.2398,0.2647,0.1560,SAFE,False,10,0,,,,,,
1771436121.884,0.1,71.87,4.7793,1.012,29.4,3,-132408.470,-51.07594,0.02104,0.4581,0.0000,0.3214,0.0000,0.2104,0.2508,0.1680,SAFE,False,10,0,,,,,,
1771436121.884,0.1,,,,,,,,,,,,,,,0.1680,SAFE,,10,,t3352_0,0.26,NORMAL,LOCAL,SAFE: all tasks permitted (weight=0.26),
1771436121.884,0.1,71.85,4.8182,1.038,31.3,3,-129926.895,110.27863,0.02145,0.4568,0.0000,0.1445,0.0000,0.2145,0.2639,0.1478,SAFE,False,10,0,,,,,,
1771436121.884,0.1,,,,,,,,,,,,,,,0.1478,SAFE,,10,,t3353_0,0.30,HIGH,LOCAL,SAFE: all tasks permitted (weight=0.30),
1771436121.884,0.1,71.73,4.7636,1.070,33.6,3,-164364.396,-34.54333,0.02198,0.4489,0.0000,0.3925,0.0000,0.2198,0.2800,0.1829,SAFE,False,10,0,,,,,,
1771436121.884,0.1,,,,,,,,,,,,,,,0.1829,SAFE,,10,,t3354_0,0.31,HIGH,LOCAL,SAFE: all tasks permitted (weight=0.31),
1771436121.884,0.1,71.43,4.7669,1.101,35.8,4,-143817.411,-46.77983,0.02256,0.4288,0.0000,0.3778,0.0000,0.2256,0.3106,0.1852,SAFE,False,10,0,,,,,,
1771436121.884,0.1,,,,,,,,,,,,,,,0.1852,SAFE,,10,,t3355_0,0.65,NORMAL,LOCAL,SAFE: all tasks permitted (weight=0.65),
1771436121.884,0.1,71.71,4.7407,1.199,42.8,4,,,0.02548,0.4474,0.0000,0.4967,0.0000,0.2548,0.3593,0.2156,SAFE,False,10,0,,,,,,
1771436121.884,0.1,,,,,,,,,,,,,,,0.2156,SAFE,,10,,t3356_0,0.20,HIGH,LOCAL,SAFE: all tasks permitted (weight=0.20),
1771436121.884,0.1,71.84,4.7105,1.200,42.9,4,,,0.03153,0.4561,0.0000,0.6339,0.0000,0.3153,0.3602,0.2407,SAFE,False,10,0,,,,,,
1771436121.884,0.1,72.08,4.7619,1.161,40.1,4,,,0.03197,0.4720,0.0000,0.4005,0.0000,0.3197,0.3407,0.2088,SAFE,False,10,0,,,,,,
1771436121.884,0.1,,,,,,,,,,,,,,,0.2088,SAFE,,10,,t3358_0,0.64,NORMAL,LOCAL,SAFE: all tasks permitted (weight=0.64),
1771436121.884,0.1,72.32,4.7619,1.253,46.7,5,,,0.03191,0.4883,0.0000,0.4005,0.0000,0.3191,0.4017,0.2229,SAFE,False,10,0,,,,,,window_reset|B=10
1771436121.884,0.1,72.03,4.7665,1.211,43.6,5,,,0.03090,0.4688,0.0000,0.3797,0.0000,0.3090,0.3803,0.2126,SAFE,False,10,0,,,,,,
1771436121.884,0.1,,,,,,,,,,,,,,,0.2126,SAFE,,10,,t3360_0,0.32,HIGH,LOCAL,SAFE: all tasks permitted (weight=0.32),
1771436121.884,0.1,,,,,,,,,,,,,,,0.2126,SAFE,,10,,t3360_1,0.33,LOW,LOCAL,SAFE: all tasks permitted (weight=0.33),
1771436121.884,0.1,,,,,,,,,,,,,,,0.2126,SAFE,,10,,t3360_2,0.55,LOW,LOCAL,SAFE: all tasks permitted (weight=0.55),
1771436121.884,0.1,,,,,,,,,,,,,,,0.2126,SAFE,,10,,t3360_3,0.51,HIGH,LOCAL,SAFE: all tasks permitted (weight=0.51),
1771436121.884,0.1,,,,,,,,,,,,,,,0.2126,SAFE,,10,,t3360_4,0.59,LOW,LOCAL,SAFE: all tasks permitted (weight=0.59),
1771436121.884,0.1,,,,,,,,,,,,,,,0.2126,SAFE,,10,,t3360_5,0.30,LOW,LOCAL,SAFE: all tasks permitted (weight=0.30),
1771436121.884,0.1,,,,,,,,,,,,,,,0.2126,SAFE,,10,,t3360_6,0.58,LOW,LOCAL,SAFE: all tasks permitted (weight=0.58),
1771436121.884,0.1,74.05,4.5550,1.806,86.2,10,,,0.06519,0.6031,0.0000,1.0000,0.0000,0.6519,0.7532,0.4182,WARNING,False,10,0,,,,,,FAILURE:BROWNOUT(V=4.555V)
1771436121.884,0.1,,,,,,,,,,,,,,,0.4182,WARNING,,10,,t3361_0,0.65,HIGH,OFFLOAD,WARNING: heavy task offloaded (weight=0.65 >= 0.3),
1771436121.884,0.1,,,,,,,,,,,,,,,0.4182,WARNING,,10,,t3361_1,0.35,NORMAL,OFFLOAD,WARNING: heavy task offloaded (weight=0.35 >= 0.3),
1771436121.884,0.1,74.45,4.5864,1.725,80.3,9,,,0.07864,0.6298,0.0000,1.0000,0.0000,0.7864,0.6974,0.4237,WARNING,False,10,0,,,,,,
1771436121.884,0.1,,,,,,,,,,,,,,,0.4237,WARNING,,10,,t3362_0,0.83,NORMAL,OFFLOAD,WARNING: heavy task offloaded (weight=0.83 >= 0.3),
1771436121.884,0.1,75.67,4.6099,1.649,74.9,8,,,0.08196,0.7116,0.0000,1.0000,0.0000,0.8196,0.6445,0.4263,WARNING,False,10,0,,,,,,
1771436121.884,0.1,,,,,,,,,,,,,,,0.4263,WARNING,,10,,t3363_0,0.45,HIGH,OFFLOAD,WARNING: heavy task offloaded (weight=0.45 >= 0.3),
1771436121.884,0.1,76.20,4.6156,1.579,69.9,8,,,0.08428,0.7469,0.0000,1.0000,0.0000,0.8428,0.6093,0.4258,WARNING,False,10,0,,,,,,
1771436121.884,0.1,,,,,,,,,,,,,,,0.4258,WARNING,,10,,t3364_0,0.75,CRITICAL,OFFLOAD,WARNING: heavy task offloaded (weight=0.75 >= 0.3),
1771436121.884,0.1,76.45,4.6253,1.513,65.2,7,,,0.07936,0.7634,0.0000,1.0000,0.0000,0.7936,0.5615,0.4133,WARNING,False,10,0,,,,,,
1771436121.884,0.1,77.11,4.6689,1.452,60.9,7,,,0.07616,0.8076,0.0000,0.8232,0.0000,0.7616,0.5310,0.3863,WARNING,False,10,0,,,,,,
1771436121.884,0.1,,,,,,,,,,,,,,,0.3863,WARNING,,10,,t3366_0,0.38,LOW,OFFLOAD,WARNING: heavy task offloaded (weight=0.38 >= 0.3),
1771436121.884,0.1,77.66,4.7057,1.395,56.8,6,,,0.07217,0.8440,0.0000,0.6561,0.0000,0.7217,0.4877,0.3563,WARNING,False,10,0,,,,,,
1771436121.884,0.1,,,,,,,,,,,,,,,0.3563,WARNING,,10,,t3367_0,0.59,HIGH,OFFLOAD,WARNING: heavy task offloaded (weight=0.59 >= 0.3),
1771436121.884,0.1,77.66,4.7259,1.343,53.0,6,,,0.07116,0.8438,0.0000,0.5641,0.0000,0.7116,0.4613,0.3380,WARNING,False,10,0,,,,,,
1771436121.884,0.1,78.35,4.7174,1.294,49.5,5,,,0.07148,0.8901,0.0000,0.6027,0.0000,0.7148,0.4218,0.3410,WARNING,False,10,0,,,,,,
1771436121.884,0.1,78.61,4.7024,1.248,46.3,5,,,0.06722,0.9070,0.0000,0.6711,0.0000,0.6722,0.3990,0.3431,WARNING,False,10,0,,,,,,
1771436121.884,0.1,77.61,4.7177,1.206,43.3,5,,,0.06317,0.8405,0.0000,0.6015,0.0000,0.6317,0.3778,0.3178,WARNING,False,10,0,,,,,,
1771436121.884,0.1,,,,,,,,,,,,,,,0.3178,WARNING,,10,,t3371_0,0.71,NORMAL,OFFLOAD,WARNING: heavy task offloaded (weight=0.71 >= 0.3),
1771436121.884,0.1,,,,,,,,,,,,,,,0.3178,WARNING,,10,,t3371_1,0.27,CRITICAL,LOCAL,WARNING: lightweight task permitted (weight=0.27 < 0.3),
1771436121.884,0.1,78.22,4.7127,1.221,44.3,5,,,0.05757,0.8811,0.0000,0.6241,0.0000,0.5757,0.3853,0.3215,WARNING,False,10,0,,,,,,
1771436121.884,0.1,,,,,,,,,,,,,,,0.3215,WARNING,,10,,t3372_0,0.56,LOW,OFFLOAD,WARNING: heavy task offloaded (weight=0.56 >= 0.3),
1771436121.884,0.1,,,,,,,,,,,,,,,0.3215,WARNING,,10,,t3372_1,0.65,HIGH,OFFLOAD,WARNING: heavy task offloaded (weight=0.65 >= 0.3),
1771436121.884,0.1,77.96,4.7105,1.180,41.4,4,,,0.04891,0.8640,0.0000,0.6339,0.0000,0.4891,0.3500,0.3050,WARNING,False,10,0,,,,,,
1771436121.884,0.1,78.15,4.7696,1.142,38.7,4,,,0.04747,0.8768,0.0000,0.3657,0.0000,0.4747,0.3312,0.2665,WARNING,False,10,0,,,,,,window_reset|B=10
1771436121.886,0.1,,,,,,,,,,,,,,,0.2665,WARNING,,10,,t3374_0,0.57,NORMAL,OFFLOAD,WARNING: heavy task offloaded (weight=0.57 >= 0.3),
1771436121.886,0.1,,,,,,,,,,,,,,,0.2665,WARNING,,10,,t3374_1,0.48,NORMAL,OFFLOAD,WARNING: heavy task offloaded (weight=0.48 >= 0.3),
1771436121.886,0.1,77.50,4.7317,1.107,36.2,4,-6261.171,17.16883,0.04193,0.8334,0.0000,0.5378,0.0000,0.4193,0.3137,0.2746,WARNING,False,10,0,,,,,,
1771436121.886,0.1,77.17,4.7826,1.075,33.9,3,-19373.790,37.40256,0.03914,0.8112,0.0000,0.3065,0.0000,0.3914,0.2824,0.2328,WARNING,False,10,0,,,,,,
1771436121.886,0.1,77.11,4.7852,1.045,31.8,3,-49087.229,44.73666,0.03342,0.8075,0.0000,0.2945,0.0000,0.3342,0.2673,0.2221,WARNING,False,10,0,,,,,,
1771436121.886,0.1,,,,,,,,,,,,,,,0.2221,WARNING,,10,,t3377_0,0.48,LOW,OFFLOAD,WARNING: heavy task offloaded (weight=0.48 >= 0.3),
1771436121.886,0.1,76.97,4.7522,1.016,29.7,3,-64759.855,32.89372,0.02886,0.7980,0.0000,0.4445,0.0000,0.2886,0.2532,0.2330,WARNING,False,10,0,,,,,,
1771436121.886,0.1,77.18,4.8052,0.990,27.9,3,-16731.563,57.72118,0.03335,0.8123,0.0000,0.2038,0.0000,0.3335,0.2401,0.2053,WARNING,False,10,0,,,,,,
1771436121.886,0.1,76.47,4.8171,0.966,26.1,2,-69030.964,68.91269,0.03862,0.7648,0.0000,0.1494,0.0000,0.3862,0.2129,0.1924,WARNING,False,10,0,,,,,,
1771436121.886,0.1,,,,,,,,,,,,,,,0.1924,WARNING,,10,,t3380_0,0.32,LOW,OFFLOAD,WARNING: heavy task offloaded (weight=0.32 >= 0.3),
1771436121.886,0.1,75.72,4.8321,0.943,24.5,2,-88799.899,80.18356,0.04320,0.7145,0.0000,0.0815,0.0000,0.4320,0.2015,0.1798,SAFE,False,10,0,,,,,,
1771436121.886,0.1,,,,,,,,,,,,,,,0.1798,SAFE,,10,,t3381_0,0.32,NORMAL,LOCAL,SAFE: all tasks permitted (weight=0.32),
1771436121.886,0.1,,,,,,,,,,,,,,,0.1798,SAFE,,10,,t3381_1,0.30,HIGH,LOCAL,SAFE: all tasks permitted (weight=0.30),
1771436121.886,0.1,75.37,4.8086,1.046,31.9,3,-109937.988,25.74032,0.04134,0.6916,0.0000,0.1883,0.0000,0.4134,0.2682,0.2025,SAFE,False,10,0,,,,,,
1771436121.886,0.1,,,,,,,,,,,,,,,0.2025,SAFE,,10,,t3382_0,0.63,LOW,LOCAL,SAFE: all tasks permitted (weight=0.63),
1771436121.886,0.1,75.77,4.7311,1.144,38.9,4,,,0.04011,0.7178,0.0000,0.5403,0.0000,0.4011,0.3320,0.2629,WARNING,False,10,0,,,,,,
1771436121.886,0.1,75.27,4.7592,1.109,36.3,4,,,0.03648,0.6849,0.0000,0.4126,0.0000,0.3648,0.3144,0.2352,WARNING,False,10,0,,,,,,
1771436121.886,0.1,,,,,,,,,,,,,,,0.2352,WARNING,,10,,t3384_0,0.36,HIGH,OFFLOAD,WARNING: heavy task offloaded (weight=0.36 >= 0.3),
1771436121.886,0.1,75.50,4.7967,1.076,34.0,3,,,0.03146,0.7001,0.0000,0.2422,0.0000,0.3146,0.2831,0.2036,WARNING,False,10,0,,,,,,
1771436121.886,0.1,,,,,,,,,,,,,,,0.2036,WARNING,,10,,t3385_0,0.68,NORMAL,OFFLOAD,WARNING: heavy task offloaded (weight=0.68 >= 0.3),
1771436121.886,0.1,,,,,,,,,,,,,,,0.2036,WARNING,,10,,t3385_1,0.36,NORMAL,OFFLOAD,WARNING: heavy task offloaded (weight=0.36 >= 0.3),
1771436121.886,0.1,74.39,4.7970,1.046,31.8,3,,,0.03155,0.6260,0.0000,0.2411,0.0000,0.3155,0.2679,0.1916,WARNING,False,10,0,,,,,,
1771436121.886,0.1,75.02,4.7839,1.017,29.8,3,,,0.02747,0.6681,0.0000,0.3006,0.0000,0.2747,0.2537,0.1975,WARNING,False,10,0,,,,,,
1771436121.886,0.1,,,,,,,,,,,,,,,0.1975,WARNING,,10,,t3387_0,0.39,NORMAL,OFFLOAD,WARNING: heavy task offloaded (weight=0.39 >= 0.3),
1771436121.886,0.1,74.84,4.7968,0.991,27.9,3,,,0.02754,0.6561,0.0000,0.2420,0.0000,0.2754,0.2406,0.1858,WARNING,False,10,0,,,,,,
1771436121.886,0.1,,,,,,,,,,,,,,,0.1858,WARNING,,10,,t3388_0,0.69,LOW,OFFLOAD,WARNING: heavy task offloaded (weight=0.69 >= 0.3),
1771436121.886,0.1,74.25,4.8157,0.967,26.2,2,,,0.02849,0.6168,0.0000,0.1557,0.0000,0.2849,0.2134,0.1654,SAFE,False,10,0,,,,,,window_reset|B=10
1771436121.886,0.1,,,,,,,,,,,,,,,0.1654,SAFE,,10,,t3389_0,0.67,NORMAL,LOCAL,SAFE: all tasks permitted (weight=0.67),
1771436121.886,0.1,74.20,4.7611,1.079,34.2,3,,,0.02756,0.6132,0.0000,0.4041,0.0000,0.2756,0.2846,0.2106,SAFE,False,10,0,,,,,,
1771436121.886,0.1,,,,,,,,,,,,,,,0.2106,SAFE,,10,,t3390_0,0.30,LOW,LOCAL,SAFE: all tasks permitted (weight=0.30),
1771436121.886,0.1,74.40,4.7878,1.109,36.3,4,,,0.02729,0.6267,0.0000,0.2826,0.0000,0.2729,0.3144,0.2021,SAFE,False,10,0,,,,,,
1771436121.886,0.1,,,,,,,,,,,,,,,0.2021,SAFE,,10,,t3391_0,0.21,LOW,LOCAL,SAFE: all tasks permitted (weight=0.21),
1771436121.886,0.1,73.98,4.7605,1.118,37.0,4,,,0.02719,0.5990,0.0000,0.4067,0.0000,0.2719,0.3192,0.2158,SAFE,False,10,0,,,,,,
1771436121.886,0.1,74.39,4.7815,1.085,34.6,3,,,0.02335,0.6261,0.0000,0.3113,0.0000,0.2335,0.2875,0.1965,SAFE,False,10,0,,,,,,
1771436121.886,0.1,73.72,4.7810,1.054,32.4,3,,,0.02190,0.5811,0.0000,0.3135,0.0000,0.2190,0.2720,0.1868,SAFE,False,10,0,,,,,,
1771436121.886,0.1,,,,,,,,,,,,,,,0.1868,SAFE,,10,,t3394_0,0.36,NORMAL,LOCAL,SAFE: all tasks permitted (weight=0.36),
1771436121.886,0.1,74.16,4.7828,1.098,35.5,4,,,0.01638,0.6104,0.0000,0.3053,0.0000,0.1638,0.3088,0.1911,SAFE,False,10,0,,,,,,
1771436121.886,0.1,,,,,,,,,,,,,,,0.1911,SAFE,,10,,t3395_0,0.69,HIGH,LOCAL,SAFE: all tasks permitted (weight=0.69),
1771436121.886,0.1,73.80,4.7726,1.204,43.2,5,,,0.01508,0.5867,0.0000,0.3519,0.0000,0.1508,0.3771,0.2066,SAFE,False,10,0,,,,,,
1771436121.886,0.1,,,,,,,,,,,,,,,0.2066,SAFE,,10,,t3396_0,0.71,NORMAL,LOCAL,SAFE: all tasks permitted (weight=0.71),
1771436121.886,0.1,73.81,4.7392,1.307,50.5,5,,,0.01913,0.5875,0.0000,0.5038,0.0000,0.1913,0.4284,0.2408,SAFE,False,10,0,,,,,,
1771436121.886,0.1,74.22,4.7297,1.260,47.2,5,,,0.02284,0.6149,0.0000,0.5469,0.0000,0.2284,0.4051,0.2488,SAFE,False,10,0,,,,,,
1771436121.886,0.1,74.19,4.7337,1.217,44.1,5,,,0.02519,0.6126,0.0000,0.5287,0.0000,0.2519,0.3835,0.2441,SAFE,False,10,0,,,,,,
1771436121.886,0.1,,,,,,,,,,,,,,,0.2441,SAFE,,10,,t3399_0,0.48,NORMAL,LOCAL,SAFE: all tasks permitted (weight=0.48),
1771436121.886,0.1,,,,,,,,,,,,,,,0.2441,SAFE,,10,,t3399_1,0.23,NORMAL,LOCAL,SAFE: all tasks permitted (weight=0.23),
1771436121.886,0.1,74.31,4.7366,1.320,51.5,6,,,0.02540,0.6209,0.0000,0.5155,0.0000,0.2540,0.4502,0.2569,WARNING,False,10,0,,,,,,
1771436121.886,0.1,,,,,,,,,,,,,,,0.2569,WARNING,,10,,t3400_0,0.49,NORMAL,OFFLOAD,WARNING: heavy task offloaded (weight=0.49 >= 0.3),
1771436121.886,0.1,74.51,4.6818,1.273,48.1,5,,,0.02979,0.6343,0.0000,0.7647,0.0000,0.2979,0.4114,0.2876,WARNING,False,10,0,,,,,,
1771436121.886,0.1,,,,,,,,,,,,,,,0.2876,WARNING,,10,,t3401_0,0.24,LOW,LOCAL,WARNING: lightweight task permitted (weight=0.24 < 0.3),
1771436121.886,0.1,74.86,4.7522,1.278,48.4,5,,,0.02971,0.6573,0.0000,0.4445,0.0000,0.2971,0.4140,0.2492,WARNING,False,10,0,,,,,,
1771436121.886,0.1,74.86,4.7482,1.233,45.2,5,,,0.02783,0.6574,0.0000,0.4628,0.0000,0.2783,0.3917,0.2452,WARNING,False,10,0,,,,,,
1771436121.886,0.1,,,,,,,,,,,,,,,0.2452,WARNING,,10,,t3403_0,0.26,NORMAL,LOCAL,WARNING: lightweight task permitted (weight=0.26 < 0.3),
1771436121.886,0.1,,,,,,,,,,,,,,,0.2452,WARNING,,10,,t3403_1,0.56,LOW,OFFLOAD,WARNING: heavy task offloaded (weight=0.56 >= 0.3),
1771436121.886,0.1,75.78,4.7220,1.244,46.0,5,,,0.02864,0.7185,0.0000,0.5819,0.0000,0.2864,0.3970,0.2699,WARNING,False,10,0,,,,,,window_reset|B=10
1771436121.886,0.1,,,,,,,,,,,,,,,0.2699,WARNING,,10,,t3404_0,0.71,NORMAL,OFFLOAD,WARNING: heavy task offloaded (weight=0.71 >= 0.3),
1771436121.886,0.1,76.09,4.7531,1.202,43.0,4,,,0.02679,0.7396,0.0000,0.4404,0.0000,0.2679,0.3609,0.2450,WARNING,False,10,0,,,,,,
1771436121.887,0.1,,,,,,,,,,,,,,,0.2450,WARNING,,10,,t3405_0,0.26,LOW,LOCAL,WARNING: lightweight task permitted (weight=0.26 < 0.3),
1771436121.887,0.1,75.92,4.7408,1.214,43.9,5,91718.963,10.05933,0.02441,0.7278,0.0000,0.4963,0.0000,0.2441,0.3822,0.2527,WARNING,False,10,0,,,,,,
1771436121.887,0.1,,,,,,,,,,,,,,,0.2527,WARNING,,10,,t3406_0,0.64,HIGH,OFFLOAD,WARNING: heavy task offloaded (weight=0.64 >= 0.3),
1771436121.887,0.1,75.00,4.7450,1.174,41.0,4,44042.521,10.24349,0.02101,0.6668,0.0000,0.4772,0.0000,0.2101,0.3472,0.2325,WARNING,False,10,0,,,,,,
1771436121.887,0.1,,,,,,,,,,,,,,,0.2325,WARNING,,10,,t3407_0,0.72,LOW,OFFLOAD,WARNING: heavy task offloaded (weight=0.72 >= 0.3),
1771436121.887,0.1,75.23,4.7492,1.137,38.4,4,49777.287,11.41889,0.01866,0.6821,0.0000,0.4580,0.0000,0.1866,0.3286,0.2258,WARNING,False,10,0,,,,,,
1771436121.887,0.1,,,,,,,,,,,,,,,0.2258,WARNING,,10,,t3408_0,0.55,CRITICAL,OFFLOAD,WARNING: heavy task offloaded (weight=0.55 >= 0.3),
1771436121.887,0.1,75.40,4.7643,1.102,35.9,4,47967.092,74.54620,0.02025,0.6933,0.0000,0.3894,0.0000,0.2025,0.3112,0.2163,WARNING,False,10,0,,,,,,
1771436121.887,0.1,,,,,,,,,,,,,,,0.2163,WARNING,,10,,t3409_0,0.70,LOW,OFFLOAD,WARNING: heavy task offloaded (weight=0.70 >= 0.3),
1771436121.887,0.1,74.43,4.8255,1.070,33.6,3,-23300.153,66.18146,0.03127,0.6286,0.0000,0.1113,0.0000,0.3127,0.2801,0.1772,SAFE,False,10,0,,,,,,
1771436121.887,0.1,,,,,,,,,,,,,,,0.1772,SAFE,,10,,t3410_0,0.80,LOW,LOCAL,SAFE: all tasks permitted (weight=0.80),
1771436121.887,0.1,75.89,4.7650,1.202,43.0,4,55572.197,15.16645,0.03144,0.7258,0.0000,0.3865,0.0000,0.3144,0.3609,0.2410,SAFE,False,10,0,,,,,,
1771436121.887,0.1,74.87,4.7509,1.163,40.2,4,-49050.690,26.06677,0.03123,0.6582,0.0000,0.4507,0.0000,0.3123,0.3413,0.2371,SAFE,False,10,0,,,,,,
1771436121.887,0.1,,,,,,,,,,,,,,,0.2371,SAFE,,10,,t3412_0,0.23,NORMAL,LOCAL,SAFE: all tasks permitted (weight=0.23),
1771436121.887,0.1,74.86,4.7654,1.173,40.9,4,-67084.271,11.10790,0.02368,0.6570,0.0000,0.3844,0.0000,0.2368,0.3463,0.2217,SAFE,False,10,0,,,,,,
1771436121.887,0.1,,,,,,,,,,,,,,,0.2217,SAFE,,10,,t3413_0,0.22,NORMAL,LOCAL,SAFE: all tasks permitted (weight=0.22),
1771436121.887,0.1,,,,,,,,,,,,,,,0.2217,SAFE,,10,,t3413_1,0.44,HIGH,LOCAL,SAFE: all tasks permitted (weight=0.44),
1771436121.887,0.1,75.36,4.7192,1.268,47.7,5,,,0.02587,0.6908,0.0000,0.5946,0.0000,0.2587,0.4089,0.2678,WARNING,False,10,0,,,,,,
1771436121.887,0.1,,,,,,,,,,,,,,,0.2678,WARNING,,10,,t3414_0,0.37,LOW,OFFLOAD,WARNING: heavy task offloaded (weight=0.37 >= 0.3),
1771436121.887,0.1,75.24,4.7289,1.224,44.6,5,,,0.02677,0.6825,0.0000,0.5506,0.0000,0.2677,0.3870,0.2576,WARNING,False,10,0,,,,,,
1771436121.887,0.1,75.71,4.7293,1.183,41.7,4,,,0.02615,0.7141,0.0000,0.5486,0.0000,0.2615,0.3516,0.2535,WARNING,False,10,0,,,,,,
1771436121.887,0.1,,,,,,,,,,,,,,,0.2535,WARNING,,10,,t3416_0,0.49,NORMAL,OFFLOAD,WARNING: heavy task offloaded (weight=0.49 >= 0.3),
1771436121.887,0.1,75.57,4.7917,1.145,39.0,4,,,0.02824,0.7044,0.0000,0.2652,0.0000,0.2824,0.3327,0.2138,WARNING,False,10,0,,,,,,
1771436121.887,0.1,,,,,,,,,,,,,,,0.2138,WARNING,,10,,t3417_0,0.58,HIGH,OFFLOAD,WARNING: heavy task offloaded (weight=0.58 >= 0.3),
1771436121.887,0.1,74.97,4.7767,1.110,36.4,4,,,0.02834,0.6644,0.0000,0.3333,0.0000,0.2834,0.3151,0.2144,WARNING,False,10,0,,,,,,
1771436121.887,0.1,75.32,4.8089,1.077,34.1,3,,,0.03104,0.6880,0.0000,0.1867,0.0000,0.3104,0.2837,0.1946,WARNING,False,10,0,,,,,,window_reset|B=10
1771436121.887,0.1,,,,,,,,,,,,,,,0.1946,WARNING,,10,,t3419_0,0.70,HIGH,OFFLOAD,WARNING: heavy task offloaded (weight=0.70 >= 0.3),
1771436121.887,0.1,74.91,4.8001,1.047,31.9,3,,,0.03211,0.6608,0.0000,0.2270,0.0000,0.3211,0.2685,0.1946,WARNING,False,10,0,,,,,,
1771436121.887,0.1,,,,,,,,,,,,,,,0.1946,WARNING,,10,,t3420_0,0.27,HIGH,LOCAL,WARNING: lightweight task permitted (weight=0.27 < 0.3),
1771436121.887,0.1,75.32,4.7640,1.073,33.8,3,,,0.03211,0.6877,0.0000,0.3911,0.0000,0.3211,0.2813,0.2217,WARNING,False,10,0,,,,,,
1771436121.887,0.1,,,,,,,,,,,,,,,0.2217,WARNING,,10,,t3421_0,0.41,NORMAL,OFFLOAD,WARNING: heavy task offloaded (weight=0.41 >= 0.3),
1771436121.887,0.1,74.44,4.7932,1.042,31.6,3,-79528.989,106.75709,0.02838,0.6296,0.0000,0.2584,0.0000,0.2838,0.2662,0.1908,WARNING,False,10,0,,,,,,
1771436121.887,0.1,74.57,4.7870,1.014,29.6,3,-57856.453,83.95985,0.02896,0.6379,0.0000,0.2862,0.0000,0.2896,0.2522,0.1931,WARNING,False,10,0,,,,,,
1771436121.887,0.1,,,,,,,,,,,,,,,0.1931,WARNING,,10,,t3423_0,0.69,NORMAL,OFFLOAD,WARNING: heavy task offloaded (weight=0.69 >= 0.3),
1771436121.887,0.1,,,,,,,,,,,,,,,0.1931,WARNING,,10,,t3423_1,0.51,HIGH,OFFLOAD,WARNING: heavy task offloaded (weight=0.51 >= 0.3),
1771436121.887,0.1,74.27,4.7847,0.988,27.7,3,-125256.604,79.98600,0.02880,0.6177,0.0000,0.2967,0.0000,0.2880,0.2392,0.1893,WARNING,False,10,0,,,,,,
1771436121.887,0.1,74.05,4.8209,0.964,26.0,2,-131484.582,42.21147,0.03187,0.6032,0.0000,0.1322,0.0000,0.3187,0.2120,0.1639,SAFE,False,10,0,,,,,,
1771436121.887,0.1,,,,,,,,,,,,,,,0.1639,SAFE,,10,,t3425_0,0.33,NORMAL,LOCAL,SAFE: all tasks permitted (weight=0.33),
1771436121.887,0.1,73.62,4.8048,1.009,29.2,3,-116886.400,40.64724,0.02782,0.5744,0.0000,0.2053,0.0000,0.2782,0.2495,0.1733,SAFE,False,10,0,,,,,,
1771436121.887,0.1,,,,,,,,,,,,,,,0.1733,SAFE,,10,,t3426_0,0.29,LOW,LOCAL,SAFE: all tasks permitted (weight=0.29),
1771436121.887,0.1,73.88,4.7852,1.042,31.5,3,-124346.451,-34.22449,0.02265,0.5923,0.0000,0.2945,0.0000,0.2265,0.2658,0.1852,SAFE,False,10,0,,,,,,
1771436121.887,0.1,,,,,,,,,,,,,,,0.1852,SAFE,,10,,t3427_0,0.56,NORMAL,LOCAL,SAFE: all tasks permitted (weight=0.56),
1771436121.887,0.1,,,,,,,,,,,,,,,0.1852,SAFE,,10,,t3427_1,0.33,HIGH,LOCAL,SAFE: all tasks permitted (weight=0.33),
1771436121.887,0.1,73.68,4.6966,1.193,42.4,4,-106787.807,-149.39404,0.03018,0.5786,0.0000,0.6975,0.0000,0.3018,0.3567,0.2616,WARNING,False,10,0,,,,,,
1771436121.887,0.1,73.76,4.7536,1.155,39.6,4,-134391.227,-14.98720,0.03124,0.5842,0.0000,0.4383,0.0000,0.3124,0.3374,0.2258,WARNING,False,10,0,,,,,,
1771436121.887,0.1,72.92,4.7482,1.119,37.1,4,,,0.03255,0.5282,0.0000,0.4626,0.0000,0.3255,0.3194,0.2200,WARNING,False,10,0,,,,,,
1771436121.887,0.1,,,,,,,,,,,,,,,0.2200,WARNING,,10,,t3430_0,0.73,HIGH,OFFLOAD,WARNING: heavy task offloaded (weight=0.73 >= 0.3),
1771436121.887,0.1,73.54,4.7776,1.085,34.7,3,,,0.03127,0.5691,0.0000,0.3290,0.0000,0.3127,0.2877,0.1999,WARNING,False,10,0,,,,,,
1771436121.887,0.1,,,,,,,,,,,,,,,0.1999,WARNING,,10,,t3431_0,0.61,LOW,OFFLOAD,WARNING: heavy task offloaded (weight=0.61 >= 0.3),
1771436121.887,0.1,73.00,4.7288,1.054,32.5,3,,,0.03293,0.5335,0.0000,0.5511,0.0000,0.3293,0.2722,0.2230,WARNING,False,10,0,,,,,,
1771436121.887,0.1,73.60,4.7597,1.026,30.4,3,,,0.03302,0.5731,0.0000,0.4106,0.0000,0.3302,0.2578,0.2067,WARNING,False,10,0,,,,,,
1771436121.887,0.1,,,,,,,,,,,,,,,0.2067,WARNING,,10,,t3433_0,0.30,NORMAL,OFFLOAD,WARNING: heavy task offloaded (weight=0.30 >= 0.3),
1771436121.887,0.1,,,,,,,,,,,,,,,0.2067,WARNING,,10,,t3433_1,0.46,LOW,OFFLOAD,WARNING: heavy task offloaded (weight=0.46 >= 0.3),
1771436121.887,0.1,72.73,4.8145,0.999,28.5,3,,,0.03475,0.5153,0.0000,0.1613,0.0000,0.3475,0.2444,0.1664,SAFE,False,10,0,,,,,,window_reset|B=10
1771436121.887,0.1,,,,,,,,,,,,,,,0.1664,SAFE,,10,,t3434_0,0.53,NORMAL,LOCAL,SAFE: all tasks permitted (weight=0.53),
1771436121.887,0.1,72.79,4.7667,1.081,34.4,3,,,0.03446,0.5196,0.0000,0.3788,0.0000,0.3446,0.2855,0.2032,SAFE,False,10,0,,,,,,
1771436121.887,0.1,73.02,4.7691,1.050,32.2,3,,,0.03417,0.5344,0.0000,0.3676,0.0000,0.3417,0.2702,0.2001,SAFE,False,10,0,,,,,,
1771436121.887,0.1,72.60,4.7928,1.022,30.1,3,,,0.03137,0.5069,0.0000,0.2599,0.0000,0.3137,0.2559,0.1772,SAFE,False,10,0,,,,,,
1771436121.887,0.1,,,,,,,,,,,,,,,0.1772,SAFE,,10,,t3437_0,0.47,LOW,LOCAL,SAFE: all tasks permitted (weight=0.47),
1771436121.887,0.1,,,,,,,,,,,,,,,0.1772,SAFE,,10,,t3437_1,0.60,NORMAL,LOCAL,SAFE: all tasks permitted (weight=0.60),
1771436121.887,0.1,72.46,4.7565,1.212,43.7,5,,,0.02922,0.4973,0.0000,0.4249,0.0000,0.2922,0.3809,0.2203,SAFE,False,10,0,,,,,,
1771436121.887,0.1,72.20,4.7612,1.172,40.9,4,,,0.02840,0.4797,0.0000,0.4038,0.0000,0.2840,0.3460,0.2076,SAFE,False,10,0,,,,,,
1771436121.887,0.1,,,,,,,,,,,,,,,0.2076,SAFE,,10,,t3439_0,0.58,CRITICAL,LOCAL,SAFE: all tasks permitted (weight=0.58),
1771436121.887,0.1,72.79,4.7265,1.253,46.6,5,,,0.02358,0.5194,0.0000,0.5613,0.0000,0.2358,0.4015,0.2392,SAFE,False,10,0,,,,,,
1771436121.887,0.1,,,,,,,,,,,,,,,0.2392,SAFE,,10,,t3440_0,0.25,LOW,LOCAL,SAFE: all tasks permitted (weight=0.25),
1771436121.887,0.1,73.24,4.6713,1.260,47.1,5,,,0.03466,0.5492,0.0000,0.8121,0.0000,0.3466,0.4050,0.2871,WARNING,False,10,0,,,,,,
1771436121.887,0.1,73.86,4.7575,1.217,44.1,5,,,0.03458,0.5909,0.0000,0.4206,0.0000,0.3458,0.3834,0.2369,WARNING,False,10,0,,,,,,
1771436121.887,0.1,,,,,,,,,,,,,,,0.2369,WARNING,,10,,t3442_0,0.35,LOW,OFFLOAD,WARNING: heavy task offloaded (weight=0.35 >= 0.3),
1771436121.887,0.1,73.08,4.7699,1.177,41.2,4,,,0.03425,0.5390,0.0000,0.3640,0.0000,0.3425,0.3483,0.2159,WARNING,False,10,0,,,,,,
1771436121.887,0.1,,,,,,,,,,,,,,,0.2159,WARNING,,10,,t3443_0,0.67,CRITICAL,OFFLOAD,WARNING: heavy task offloaded (weight=0.67 >= 0.3),
1771436121.887,0.1,73.05,4.7678,1.139,38.5,4,,,0.03333,0.5369,0.0000,0.3735,0.0000,0.3333,0.3296,0.2122,WARNING,False,10,0,,,,,,
1771436121.887,0.1,,,,,,,,,,,,,,,0.2122,WARNING,,10,,t3444_0,0.32,NORMAL,OFFLOAD,WARNING: heavy task offloaded (weight=0.32 >= 0.3),
1771436121.887,0.1,,,,,,,,,,,,,,,0.2122,WARNING,,10,,t3444_1,0.57,NORMAL,OFFLOAD,WARNING: heavy task offloaded (weight=0.57 >= 0.3),
1771436121.887,0.1,73.46,4.7656,1.104,36.0,4,,,0.03338,0.5637,0.0000,0.3838,0.0000,0.3338,0.3122,0.2133,WARNING,False,10,0,,,,,,
1771436121.887,0.1,,,,,,,,,,,,,,,0.2133,WARNING,,10,,t3445_0,0.82,LOW,OFFLOAD,WARNING: heavy task offloaded (weight=0.82 >= 0.3),
1771436121.887,0.1,73.01,4.7995,1.072,33.7,3,,,0.03154,0.5339,0.0000,0.2294,0.0000,0.3154,0.2810,0.1816,WARNING,False,10,0,,,,,,
1771436121.887,0.1,,,,,,,,,,,,,,,0.1816,WARNING,,10,,t3446_0,0.47,LOW,OFFLOAD,WARNING: heavy task offloaded (weight=0.47 >= 0.3),
1771436121.887,0.1,72.55,4.7698,1.042,31.6,3,,,0.03162,0.5034,0.0000,0.3644,0.0000,0.3162,0.2659,0.1926,WARNING,False,10,0,,,,,,
1771436121.887,0.1,,,,,,,,,,,,,,,0.1926,WARNING,,10,,t3447_0,0.25,HIGH,LOCAL,WARNING: lightweight task permitted (weight=0.25 < 0.3),
1771436121.887,0.1,72.82,4.7958,1.065,33.2,3,,,0.03316,0.5217,0.0000,0.2463,0.0000,0.3316,0.2773,0.1832,WARNING,False,10,0,,,,,,
1771436121.888,0.1,73.12,4.8170,1.035,31.1,3,-7154.737,144.64276,0.03567,0.5412,0.0000,0.1499,0.0000,0.3567,0.2625,0.1726,SAFE,False,10,0,,,,,,window_reset|B=10
1771436121.888,0.1,,,,,,,,,,,,,,,0.1726,SAFE,,10,,t3449_0,0.82,NORMAL,LOCAL,SAFE: all tasks permitted (weight=0.82),
1771436121.888,0.1,,,,,,,,,,,,,,,0.1726,SAFE,,10,,t3449_1,0.34,HIGH,LOCAL,SAFE: all tasks permitted (weight=0.34),
1771436121.888,0.1,73.18,4.7276,1.243,46.0,5,-40849.772,-29.66842,0.03699,0.5452,0.0000,0.5565,0.0000,0.3699,0.3967,0.2541,WARNING,False,10,0,,,,,,
1771436121.888,0.1,72.72,4.7256,1.201,42.9,4,-21567.183,-43.96661,0.03824,0.5148,0.0000,0.5654,0.0000,0.3824,0.3606,0.2457,WARNING,False,10,0,,,,,,
1771436121.888,0.1,73.11,4.7613,1.162,40.2,4,3292.287,-6.47523,0.03706,0.5406,0.0000,0.4032,0.0000,0.3706,0.3411,0.2226,WARNING,False,10,0,,,,,,
1771436121.888,0.1,72.55,4.7783,1.126,37.6,4,-54038.361,12.67832,0.02557,0.5032,0.0000,0.3257,0.0000,0.2557,0.3229,0.1929,WARNING,False,10,0,,,,,,
1771436121.888,0.1,,,,,,,,,,,,,,,0.1929,WARNING,,10,,t3453_0,0.66,NORMAL,OFFLOAD,WARNING: heavy task offloaded (weight=0.66 >= 0.3),
1771436121.888,0.1,73.84,4.7428,1.092,35.1,4,49384.735,-56.30033,0.02645,0.5891,0.0000,0.4872,0.0000,0.2645,0.3059,0.2217,WARNING,False,10,0,,,,,,
1771436121.888,0.1,,,,,,,,,,,,,,,0.2217,WARNING,,10,,t3454_0,0.24,LOW,LOCAL,WARNING: lightweight task permitted (weight=0.24 < 0.3),
1771436121.888,0.1,73.41,4.7529,1.110,36.4,4,51251.739,-16.79756,0.02679,0.5607,0.0000,0.4413,0.0000,0.2679,0.3148,0.2144,WARNING,False,10,0,,,,,,
1771436121.888,0.1,,,,,,,,,,,,,,,0.2144,WARNING,,10,,t3455_0,0.58,HIGH,OFFLOAD,WARNING: heavy task offloaded (weight=0.58 >= 0.3),
1771436121.888,0.1,73.07,4.8130,1.077,34.1,3,14845.502,17.04159,0.02966,0.5383,0.0000,0.1683,0.0000,0.2966,0.2834,0.1728,SAFE,False,10,0,,,,,,
1771436121.888,0.1,,,,,,,,,,,,,,,0.1728,SAFE,,10,,t3456_0,0.60,LOW,LOCAL,SAFE: all tasks permitted (weight=0.60),
1771436121.888,0.1,,,,,,,,,,,,,,,0.1728,SAFE,,10,,t3456_1,0.20,NORMAL,LOCAL,SAFE: all tasks permitted (weight=0.20),
1771436121.888,0.1,73.69,4.7469,1.209,43.5,5,,,0.03037,0.5795,0.0000,0.4687,0.0000,0.3037,0.3794,0.2367,SAFE,False,10,0,,,,,,
1771436121.888,0.1,,,,,,,,,,,,,,,0.2367,SAFE,,10,,t3457_0,0.26,HIGH,LOCAL,SAFE: all tasks permitted (weight=0.26),
1771436121.888,0.1,,,,,,,,,,,,,,,0.2367,SAFE,,10,,t3457_1,0.76,CRITICAL,LOCAL,SAFE: all tasks permitted (weight=0.76),
1771436121.888,0.1,72.95,4.6773,1.376,55.4,6,,,0.03804,0.5300,0.0000,0.7852,0.0000,0.3804,0.4780,0.2993,WARNING,False,10,0,,,,,,
1771436121.888,0.1,,,,,,,,,,,,,,,0.2993,WARNING,,10,,t3458_0,0.40,NORMAL,OFFLOAD,WARNING: heavy task offloaded (weight=0.40 >= 0.3),
1771436121.888,0.1,73.82,4.6974,1.325,51.8,6,,,0.04144,0.5883,0.0000,0.6937,0.0000,0.4144,0.4523,0.2927,WARNING,False,10,0,,,,,,
1771436121.888,0.1,,,,,,,,,,,,,,,0.2927,WARNING,,10,,t3459_0,0.25,HIGH,LOCAL,WARNING: lightweight task permitted (weight=0.25 < 0.3),
1771436121.888,0.1,74.47,4.6902,1.329,52.0,6,,,0.04262,0.6315,0.0000,0.7265,0.0000,0.4262,0.4543,0.3037,WARNING,False,10,0,,,,,,
1771436121.888,0.1,73.78,4.7096,1.281,48.6,5,,,0.03733,0.5850,0.0000,0.6380,0.0000,0.3733,0.4153,0.2735,WARNING,False,10,0,,,,,,
1771436121.888,0.1,,,,,,,,,,,,,,,0.2735,WARNING,,10,,t3461_0,0.67,HIGH,OFFLOAD,WARNING: heavy task offloaded (weight=0.67 >= 0.3),
1771436121.888,0.1,74.84,4.7513,1.236,45.4,5,,,0.03750,0.6563,0.0000,0.4488,0.0000,0.3750,0.3929,0.2532,WARNING,False,10,0,,,,,,
1771436121.888,0.1,,,,,,,,,,,,,,,0.2532,WARNING,,10,,t3462_0,0.45,CRITICAL,OFFLOAD,WARNING: heavy task offloaded (weight=0.45 >= 0.3),
1771436121.888,0.1,74.25,4.7498,1.194,42.4,4,,,0.03747,0.6169,0.0000,0.4553,0.0000,0.3747,0.3571,0.2421,WARNING,False,10,0,,,,,,
1771436121.888,0.1,,,,,,,,,,,,,,,0.2421,WARNING,,10,,t3463_0,0.46,NORMAL,OFFLOAD,WARNING: heavy task offloaded (weight=0.46 >= 0.3),
1771436121.888,0.1,75.18,4.7031,1.156,39.7,4,,,0.03806,0.6787,0.0000,0.6676,0.0000,0.3806,0.3378,0.2738,WARNING,False,10,0,,,,,,window_reset|B=10
1771436121.888,0.1,,,,,,,,,,,,,,,0.2738,WARNING,,10,,t3464_0,0.57,HIGH,OFFLOAD,WARNING: heavy task offloaded (weight=0.57 >= 0.3),
1771436121.888,0.1,,,,,,,,,,,,,,,0.2738,WARNING,,10,,t3464_1,0.28,LOW,LOCAL,WARNING: lightweight task permitted (weight=0.28 < 0.3),
1771436121.888,0.1,74.80,4.7597,1.176,41.2,4,,,0.03658,0.6536,0.0000,0.4106,0.0000,0.3658,0.3482,0.2380,WARNING,False,10,0,,,,,,
1771436121.888,0.1,74.70,4.7259,1.139,38.5,4,,,0.03650,0.6466,0.0000,0.5639,0.0000,0.3650,0.3295,0.2533,WARNING,False,10,0,,,,,,
1771436121.888,0.1,,,,,,,,,,,,,,,0.2533,WARNING,,10,,t3466_0,0.25,LOW,LOCAL,WARNING: lightweight task permitted (weight=0.25 < 0.3),
1771436121.888,0.1,74.33,4.7520,1.156,39.7,4,,,0.03645,0.6221,0.0000,0.4456,0.0000,0.3645,0.3380,0.2366,WARNING,False,10,0,,,,,,
1771436121.888,0.1,,,,,,,,,,,,,,,0.2366,WARNING,,10,,t3467_0,0.57,HIGH,OFFLOAD,WARNING: heavy task offloaded (weight=0.57 >= 0.3),
1771436121.888,0.1,74.00,4.7609,1.120,37.1,4,,,0.02877,0.5997,0.0000,0.4048,0.0000,0.2877,0.3200,0.2174,WARNING,False,10,0,,,,,,
1771436121.888,0.1,74.13,4.8155,1.086,34.7,3,,,0.03761,0.6086,0.0000,0.1567,0.0000,0.3761,0.2882,0.1887,WARNING,False,10,0,,,,,,
1771436121.888,0.1,74.72,4.7697,1.055,32.5,3,,,0.03483,0.6480,0.0000,0.3649,0.0000,0.3483,0.2727,0.2146,WARNING,False,10,0,,,,,,
1771436121.888,0.1,74.26,4.7683,1.026,30.5,3,,,0.03299,0.6176,0.0000,0.3716,0.0000,0.3299,0.2582,0.2070,WARNING,False,10,0,,,,,,
1771436121.888,0.1,,,,,,,,,,,,,,,0.2070,WARNING,,10,,t3471_0,0.51,LOW,OFFLOAD,WARNING: heavy task offloaded (weight=0.51 >= 0.3),
1771436121.888,0.1,74.19,4.8054,1.000,28.5,3,,,0.03200,0.6125,0.0000,0.2028,0.0000,0.3200,0.2448,0.1808,WARNING,False,10,0,,,,,,
1771436121.888,0.1,,,,,,,,,,,,,,,0.1808,WARNING,,10,,t3472_0,0.46,HIGH,OFFLOAD,WARNING: heavy task offloaded (weight=0.46 >= 0.3),
1771436121.888,0.1,,,,,,,,,,,,,,,0.1808,WARNING,,10,,t3472_1,0.63,NORMAL,OFFLOAD,WARNING: heavy task offloaded (weight=0.63 >= 0.3),
1771436121.888,0.1,73.67,4.8209,0.974,26.7,2,,,0.03333,0.5783,0.0000,0.1322,0.0000,0.3333,0.2172,0.1634,SAFE,False,10,0,,,,,,
1771436121.888,0.1,,,,,,,,,,,,,,,0.1634,SAFE,,10,,t3473_0,0.61,HIGH,LOCAL,SAFE: all tasks permitted (weight=0.61),
1771436121.888,0.1,73.27,4.7643,1.076,34.0,3,,,0.03307,0.5511,0.0000,0.3895,0.0000,0.3307,0.2829,0.2064,SAFE,False,10,0,,,,,,
1771436121.888,0.1,73.41,4.7571,1.045,31.8,3,,,0.03283,0.5606,0.0000,0.4222,0.0000,0.3283,0.2677,0.2085,SAFE,False,10,0,,,,,,
1771436121.888,0.1,,,,,,,,,,,,,,,0.2085,SAFE,,10,,t3475_0,0.25,LOW,LOCAL,SAFE: all tasks permitted (weight=0.25),
1771436121.889,0.1,73.30,4.8171,1.069,33.5,3,-41786.848,56.11868,0.02930,0.5533,0.0000,0.1496,0.0000,0.2930,0.2793,0.1710,SAFE,False,10,0,,,,,,
1771436121.889,0.1,,,,,,,,,,,,,,,0.1710,SAFE,,10,,t3476_0,0.84,HIGH,LOCAL,SAFE: all tasks permitted (weight=0.84),
1771436121.889,0.1,73.55,4.6541,1.210,43.6,5,-34915.941,-161.34103,0.04477,0.5698,0.0000,0.8906,0.0000,0.4477,0.3800,0.3049,WARNING,False,10,0,,,,,,
1771436121.889,0.1,,,,,,,,,,,,,,,0.3049,WARNING,,10,,t3477_0,0.34,LOW,OFFLOAD,WARNING: heavy task offloaded (weight=0.34 >= 0.3),
1771436121.889,0.1,73.10,4.7420,1.170,40.7,4,-96932.943,-27.73361,0.04374,0.5403,0.0000,0.4910,0.0000,0.4374,0.3452,0.2414,WARNING,False,10,0,,,,,,
1771436121.889,0.1,,,,,,,,,,,,,,,0.2414,WARNING,,10,,t3478_0,0.67,HIGH,OFFLOAD,WARNING: heavy task offloaded (weight=0.67 >= 0.3),
1771436121.889,0.1,73.09,4.7676,1.133,38.1,4,-70566.638,-0.60878,0.04344,0.5391,0.0000,0.3744,0.0000,0.4344,0.3267,0.2221,WARNING,False,10,0,,,,,,window_reset|B=10
1771436121.889,0.1,,,,,,,,,,,,,,,0.2221,WARNING,,10,,t3479_0,0.22,NORMAL,LOCAL,WARNING: lightweight task permitted (weight=0.22 < 0.3),
1771436121.889,0.1,,,,,,,,,,,,,,,0.2221,WARNING,,10,,t3479_1,0.67,LOW,OFFLOAD,WARNING: heavy task offloaded (weight=0.67 >= 0.3),
1771436121.889,0.1,72.94,4.7417,1.145,38.9,4,-74996.614,-63.60897,0.04410,0.5291,0.0000,0.4921,0.0000,0.4410,0.3324,0.2381,WARNING,False,10,0,,,,,,
1771436121.889,0.1,,,,,,,,,,,,,,,0.2381,WARNING,,10,,t3480_0,0.22,NORMAL,LOCAL,WARNING: lightweight task permitted (weight=0.22 < 0.3),
1771436121.889,0.1,73.23,4.7422,1.155,39.6,4,-26408.631,-78.63537,0.04223,0.5489,0.0000,0.4898,0.0000,0.4223,0.3374,0.2393,WARNING,False,10,0,,,,,,
1771436121.889,0.1,,,,,,,,,,,,,,,0.2393,WARNING,,10,,t3481_0,0.80,NORMAL,OFFLOAD,WARNING: heavy task offloaded (weight=0.80 >= 0.3),
1771436121.889,0.1,73.34,4.7809,1.119,37.1,4,4138.022,16.54348,0.04249,0.5557,0.0000,0.3143,0.0000,0.4249,0.3195,0.2139,WARNING,False,10,0,,,,,,
1771436121.889,0.1,,,,,,,,,,,,,,,0.2139,WARNING,,10,,t3482_0,0.40,CRITICAL,OFFLOAD,WARNING: heavy task offloaded (weight=0.40 >= 0.3),
1771436121.889,0.1,73.31,4.7554,1.086,34.7,3,-6107.549,-1.71839,0.04252,0.5538,0.0000,0.4300,0.0000,0.4252,0.2878,0.2224,WARNING,False,10,0,,,,,,
1771436121.889,0.1,72.95,4.7842,1.054,32.5,3,,,0.04112,0.5299,0.0000,0.2992,0.0000,0.4112,0.2722,0.1980,WARNING,False,10,0,,,,,,
1771436121.889,0.1,73.27,4.7705,1.026,30.4,3,,,0.03712,0.5511,0.0000,0.3611,0.0000,0.3712,0.2578,0.2018,WARNING,False,10,0,,,,,,
1771436121.889,0.1,,,,,,,,,,,,,,,0.2018,WARNING,,10,,t3485_0,0.64,HIGH,OFFLOAD,WARNING: heavy task offloaded (weight=0.64 >= 0.3),
1771436121.889,0.1,72.93,4.7967,0.999,28.5,3,,,0.03874,0.5289,0.0000,0.2423,0.0000,0.3874,0.2444,0.1826,WARNING,False,10,0,,,,,,
1771436121.889,0.1,72.66,4.8211,0.974,26.7,2,,,0.04233,0.5106,0.0000,0.1314,0.0000,0.4233,0.2169,0.1641,SAFE,False,10,0,,,,,,
1771436121.889,0.1,,,,,,,,,,,,,,,0.1641,SAFE,,10,,t3487_0,0.40,NORMAL,LOCAL,SAFE: all tasks permitted (weight=0.40),
1771436121.889,0.1,,,,,,,,,,,,,,,0.1641,SAFE,,10,,t3487_1,0.45,CRITICAL,LOCAL,SAFE: all tasks permitted (weight=0.45),
1771436121.889,0.1,72.76,4.7845,1.125,37.5,4,,,0.03984,0.5174,0.0000,0.2978,0.0000,0.3984,0.3224,0.2051,SAFE,False,10,0,,,,,,
1771436121.889,0.1,,,,,,,,,,,,,,,0.2051,SAFE,,10,,t3488_0,0.39,NORMAL,LOCAL,SAFE: all tasks permitted (weight=0.39),
1771436121.889,0.1,72.54,4.7249,1.172,40.8,4,,,0.02645,0.5029,0.0000,0.5688,0.0000,0.2645,0.3458,0.2299,SAFE,False,10,0,,,,,,
1771436121.889,0.1,,,,,,,,,,,,,,,0.2299,SAFE,,10,,t3489_0,0.72,NORMAL,LOCAL,SAFE: all tasks permitted (weight=0.72),
1771436121.889,0.1,72.45,4.7176,1.281,48.6,5,,,0.02914,0.4967,0.0000,0.6019,0.0000,0.2914,0.4153,0.2501,WARNING,False,10,0,,,,,,
1771436121.889,0.1,,,,,,,,,,,,,,,0.2501,WARNING,,10,,t3490_0,0.25,NORMAL,LOCAL,WARNING: lightweight task permitted (weight=0.25 < 0.3),
1771436121.889,0.1,,,,,,,,,,,,,,,0.2501,WARNING,,10,,t3490_1,0.72,NORMAL,OFFLOAD,WARNING: heavy task offloaded (weight=0.72 >= 0.3),
1771436121.889,0.1,72.94,4.7410,1.286,49.0,5,,,0.02991,0.5293,0.0000,0.4955,0.0000,0.2991,0.4182,0.2415,WARNING,False,10,0,,,,,,
1771436121.889,0.1,,,,,,,,,,,,,,,0.2415,WARNING,,10,,t3491_0,0.75,LOW,OFFLOAD,WARNING: heavy task offloaded (weight=0.75 >= 0.3),
1771436121.889,0.1,73.24,4.7200,1.241,45.8,5,,,0.03176,0.5492,0.0000,0.5908,0.0000,0.3176,0.3956,0.2536,WARNING,False,10,0,,,,,,
1771436121.889,0.1,73.31,4.7589,1.199,42.8,4,,,0.03125,0.5538,0.0000,0.4141,0.0000,0.3125,0.3597,0.2235,WARNING,False,10,0,,,,,,
1771436121.889,0.1,,,,,,,,,,,,,,,0.2235,WARNING,,10,,t3493_0,0.22,HIGH,LOCAL,WARNING: lightweight task permitted (weight=0.22 < 0.3),
1771436121.889,0.1,,,,,,,,,,,,,,,0.2235,WARNING,,10,,t3493_1,0.42,LOW,OFFLOAD,WARNING: heavy task offloaded (weight=0.42 >= 0.3),
1771436121.889,0.1,73.16,4.7467,1.205,43.2,5,,,0.03104,0.5441,0.0000,0.4698,0.0000,0.3104,0.3777,0.2330,WARNING,False,10,0,,,,,,window_reset|B=10
1771436121.889,0.1,,,,,,,,,,,,,,,0.2330,WARNING,,10,,t3494_0,0.71,NORMAL,OFFLOAD,WARNING: heavy task offloaded (weight=0.71 >= 0.3),
1771436121.889,0.1,,,,,,,,,,,,,,,0.2330,WARNING,,10,,t3494_1,0.31,NORMAL,OFFLOAD,WARNING: heavy task offloaded (weight=0.31 >= 0.3),
1771436121.889,0.1,73.44,4.7843,1.166,40.4,4,,,0.03170,0.5624,0.0000,0.2986,0.0000,0.3170,0.3430,0.2066,WARNING,False,10,0,,,,,,
1771436121.889,0.1,73.58,4.7455,1.129,37.8,4,,,0.03130,0.5722,0.0000,0.4751,0.0000,0.3130,0.3247,0.2267,WARNING,False,10,0,,,,,,
1771436121.889,0.1,,,,,,,,,,,,,,,0.2267,WARNING,,10,,t3496_0,0.69,NORMAL,OFFLOAD,WARNING: heavy task offloaded (weight=0.69 >= 0.3),
1771436121.889,0.1,73.24,4.7656,1.095,35.4,4,,,0.03118,0.5492,0.0000,0.3835,0.0000,0.3118,0.3076,0.2085,WARNING,False,10,0,,,,,,
1771436121.889,0.1,,,,,,,,,,,,,,,0.2085,WARNING,,10,,t3497_0,0.35,NORMAL,OFFLOAD,WARNING: heavy task offloaded (weight=0.35 >= 0.3),
1771436121.889,0.1,72.76,4.7470,1.063,33.1,3,,,0.02912,0.5173,0.0000,0.4683,0.0000,0.2912,0.2767,0.2074,WARNING,False,10,0,,,,,,
1771436121.889,0.1,,,,,,,,,,,,,,,0.2074,WARNING,,10,,t3498_0,0.55,LOW,OFFLOAD,WARNING: heavy task offloaded (weight=0.55 >= 0.3),
1771436121.889,0.1,72.90,4.8118,1.034,31.0,3,,,0.02742,0.5269,0.0000,0.1734,0.0000,0.2742,0.2620,0.1656,SAFE,False,10,0,,,,,,
1771436121.889,0.1,,,,,,,,,,,,,,,0.1656,SAFE,,10,,t3499_0,0.33,NORMAL,LOCAL,SAFE: all tasks permitted (weight=0.33),
1771436121.889,0.1,72.91,4.7432,1.075,33.9,3,,,0.02593,0.5270,0.0000,0.4856,0.0000,0.2593,0.2823,0.2088,SAFE,False,10,0,,,,,,
1771436121.889,0.1,,,,,,,,,,,,,,,0.2088,SAFE,,10,,t3500_0,0.54,HIGH,LOCAL,SAFE: all tasks permitted (weight=0.54),
1771436121.889,0.1,72.85,4.7084,1.156,39.7,4,,,0.02764,0.5236,0.0000,0.6437,0.0000,0.2764,0.3378,0.2417,SAFE,False,10,0,,,,,,
1771436121.889,0.1,,,,,,,,,,,,,,,0.2417,SAFE,,10,,t3501_0,0.40,HIGH,LOCAL,SAFE: all tasks permitted (weight=0.40),
1771436121.890,0.1,72.74,4.7284,1.202,43.0,4,-25045.410,-18.22966,0.02675,0.5163,0.0000,0.5526,0.0000,0.2675,0.3610,0.2327,SAFE,False,10,0,,,,,,
1771436121.890,0.1,,,,,,,,,,,,,,,0.2327,SAFE,,10,,t3502_0,0.59,CRITICAL,LOCAL,SAFE: all tasks permitted (weight=0.59),
1771436121.890,0.1,73.29,4.7268,1.284,48.9,5,-9035.243,-57.48953,0.02743,0.5524,0.0000,0.5599,0.0000,0.2743,0.4170,0.2499,SAFE,False,10,0,,,,,,
1771436121.890,0.1,,,,,,,,,,,,,,,0.2499,SAFE,,10,,t3503_0,0.80,CRITICAL,LOCAL,SAFE: all tasks permitted (weight=0.80),
1771436121.890,0.1,73.29,4.6689,1.403,57.3,6,-17630.169,-76.58003,0.03461,0.5526,0.0000,0.8231,0.0000,0.3461,0.4913,0.3062,WARNING,False,10,0,,,,,,
1771436121.890,0.1,,,,,,,,,,,,,,,0.3062,WARNING,,10,,t3504_0,0.69,NORMAL,OFFLOAD,WARNING: heavy task offloaded (weight=0.69 >= 0.3),
1771436121.890,0.1,74.43,4.6438,1.349,53.5,6,71499.334,-121.81719,0.04399,0.6287,0.0000,0.9371,0.0000,0.4399,0.4647,0.3342,WARNING,False,10,0,,,,,,
1771436121.890,0.1,,,,,,,,,,,,,,,0.3342,WARNING,,10,,t3505_0,0.44,NORMAL,OFFLOAD,WARNING: heavy task offloaded (weight=0.44 >= 0.3),
1771436121.890,0.1,74.58,4.7462,1.300,50.0,5,109518.992,-0.73132,0.04398,0.6390,0.0000,0.4717,0.0000,0.4398,0.4249,0.2670,WARNING,False,10,0,,,,,,
1771436121.890,0.1,,,,,,,,,,,,,,,0.2670,WARNING,,10,,t3506_0,0.22,NORMAL,LOCAL,WARNING: lightweight task permitted (weight=0.22 < 0.3),
1771436121.890,0.1,74.79,4.7119,1.299,49.9,5,113221.201,-99.93090,0.04171,0.6526,0.0000,0.6275,0.0000,0.4171,0.4246,0.2865,WARNING,False,10,0,,,,,,
1771436121.890,0.1,,,,,,,,,,,,,,,0.2865,WARNING,,10,,t3507_0,0.64,CRITICAL,OFFLOAD,WARNING: heavy task offloaded (weight=0.64 >= 0.3),
1771436121.890,0.1,,,,,,,,,,,,,,,0.2865,WARNING,,10,,t3507_1,0.28,HIGH,LOCAL,WARNING: lightweight task permitted (weight=0.28 < 0.3),
1771436121.890,0.1,75.24,4.7215,1.310,50.7,5,139886.348,-21.66704,0.04145,0.6824,0.0000,0.5841,0.0000,0.4145,0.4299,0.2852,WARNING,False,10,0,,,,,,
1771436121.890,0.1,,,,,,,,,,,,,,,0.2852,WARNING,,10,,t3508_0,0.64,CRITICAL,OFFLOAD,WARNING: heavy task offloaded (weight=0.64 >= 0.3),
1771436121.890,0.1,75.31,4.7373,1.263,47.4,5,147494.220,28.92451,0.03996,0.6874,0.0000,0.5123,0.0000,0.3996,0.4065,0.2704,WARNING,False,10,0,,,,,,window_reset|B=10
1771436121.890,0.1,,,,,,,,,,,,,,,0.2704,WARNING,,10,,t3509_0,0.20,NORMAL,LOCAL,WARNING: lightweight task permitted (weight=0.20 < 0.3),
1771436121.890,0.1,75.37,4.7047,1.262,47.3,5,,,0.03969,0.6915,0.0000,0.6603,0.0000,0.3969,0.4058,0.2897,WARNING,False,10,0,,,,,,
1771436121.890,0.1,,,,,,,,,,,,,,,0.2897,WARNING,,10,,t3510_0,0.79,NORMAL,OFFLOAD,WARNING: heavy task offloaded (weight=0.79 >= 0.3),
1771436121.890,0.1,75.81,4.7612,1.218,44.2,5,,,0.03171,0.7205,0.0000,0.4035,0.0000,0.3171,0.3841,0.2474,WARNING,False,10,0,,,,,,
1771436121.890,0.1,,,,,,,,,,,,,,,0.2474,WARNING,,10,,t3511_0,0.57,CRITICAL,OFFLOAD,WARNING: heavy task offloaded (weight=0.57 >= 0.3),
1771436121.890,0.1,75.79,4.7728,1.178,41.3,4,,,0.03468,0.7192,0.0000,0.3507,0.0000,0.3468,0.3489,0.2364,WARNING,False,10,0,,,,,,
1771436121.890,0.1,,,,,,,,,,,,,,,0.2364,WARNING,,10,,t3512_0,0.78,LOW,OFFLOAD,WARNING: heavy task offloaded (weight=0.78 >= 0.3),
1771436121.890,0.1,75.51,4.7623,1.140,38.6,4,,,0.03642,0.7006,0.0000,0.3985,0.0000,0.3642,0.3302,0.2383,WARNING,False,10,0,,,,,,
1771436121.890,0.1,,,,,,,,,,,,,,,0.2383,WARNING,,10,,t3513_0,0.77,HIGH,OFFLOAD,WARNING: heavy task offloaded (weight=0.77 >= 0.3),
1771436121.890,0.1,,,,,,,,,,,,,,,0.2383,WARNING,,10,,t3513_1,0.64,NORMAL,OFFLOAD,WARNING: heavy task offloaded (weight=0.64 >= 0.3),
1771436121.890,0.1,75.33,4.7473,1.105,36.1,4,,,0.03699,0.6886,0.0000,0.4668,0.0000,0.3699,0.3127,0.2429,WARNING,False,10,0,,,,,,
1771436121.890,0.1,75.35,4.7540,1.073,33.8,3,,,0.03783,0.6897,0.0000,0.4364,0.0000,0.3783,0.2815,0.2336,WARNING,False,10,0,,,,,,
1771436121.890,0.1,,,,,,,,,,,,,,,0.2336,WARNING,,10,,t3515_0,0.20,NORMAL,LOCAL,WARNING: lightweight task permitted (weight=0.20 < 0.3),
1771436121.890,0.1,74.97,4.7390,1.085,34.6,3,,,0.03347,0.6646,0.0000,0.5045,0.0000,0.3347,0.2873,0.2363,WARNING,False,10,0,,,,,,
1771436121.890,0.1,,,,,,,,,,,,,,,0.2363,WARNING,,10,,t3516_0,0.45,NORMAL,OFFLOAD,WARNING: heavy task offloaded (weight=0.45 >= 0.3),
1771436121.890,0.1,74.63,4.7727,1.054,32.4,3,,,0.02151,0.6419,0.0000,0.3512,0.0000,0.2151,0.2718,0.1986,WARNING,False,10,0,,,,,,
1771436121.890,0.1,74.54,4.7919,1.025,30.3,3,,,0.02523,0.6360,0.0000,0.2642,0.0000,0.2523,0.2574,0.1874,WARNING,False,10,0,,,,,,
1771436121.890,0.1,74.41,4.8143,0.998,28.4,3,,,0.02865,0.6270,0.0000,0.1624,0.0000,0.2865,0.2440,0.1738,SAFE,False,10,0,,,,,,
1771436121.890,0.1,,,,,,,,,,,,,,,0.1738,SAFE,,10,,t3519_0,0.56,HIGH,LOCAL,SAFE: all tasks permitted (weight=0.56),
1771436121.890,0.1,73.99,4.7770,1.089,34.9,3,,,0.02704,0.5991,0.0000,0.3317,0.0000,0.2704,0.2895,0.1999,SAFE,False,10,0,,,,,,
1771436121.890,0.1,,,,,,,,,,,,,,,0.1999,SAFE,,10,,t3520_0,0.56,LOW,LOCAL,SAFE: all tasks permitted (weight=0.56),
1771436121.890,0.1,74.65,4.7433,1.172,40.8,4,,,0.02665,0.6431,0.0000,0.4849,0.0000,0.2665,0.3459,0.2360,SAFE,False,10,0,,,,,,
1771436121.890,0.1,,,,,,,,,,,,,,,0.2360,SAFE,,10,,t3521_0,0.51,NORMAL,LOCAL,SAFE: all tasks permitted (weight=0.51),
1771436121.890,0.1,74.73,4.7135,1.238,45.6,5,,,0.02516,0.6488,0.0000,0.6205,0.0000,0.2516,0.3942,0.2625,WARNING,False,10,0,,,,,,
1771436121.890,0.1,74.85,4.7432,1.197,42.6,4,,,0.02571,0.6565,0.0000,0.4853,0.0000,0.2571,0.3584,0.2393,WARNING,False,10,0,,,,,,
1771436121.891,0.1,,,,,,,,,,,,,,,0.2393,WARNING,,10,,t3523_0,0.50,NORMAL,OFFLOAD,WARNING: heavy task offloaded (weight=0.50 >= 0.3),
1771436121.891,0.1,,,,,,,,,,,,,,,0.2393,WARNING,,10,,t3523_1,0.31,NORMAL,OFFLOAD,WARNING: heavy task offloaded (weight=0.31 >= 0.3),
1771436121.891,0.1,74.24,4.7716,1.158,39.8,4,-43477.507,32.54301,0.02567,0.6163,0.0000,0.3566,0.0000,0.2567,0.3389,0.2138,WARNING,False,10,0,,,,,,window_reset|B=10
1771436121.891,0.1,,,,,,,,,,,,,,,0.2138,WARNING,,10,,t3524_0,0.37,LOW,OFFLOAD,WARNING: heavy task offloaded (weight=0.37 >= 0.3),
1771436121.891,0.1,74.59,4.8188,1.122,37.3,4,-2567.922,46.05344,0.03027,0.6390,0.0000,0.1419,0.0000,0.3027,0.3209,0.1896,WARNING,False,10,0,,,,,,
1771436121.891,0.1,,,,,,,,,,,,,,,0.1896,WARNING,,10,,t3525_0,0.23,NORMAL,LOCAL,WARNING: lightweight task permitted (weight=0.23 < 0.3),
1771436121.891,0.1,74.46,4.7805,1.135,38.2,4,-5083.467,-11.34198,0.02999,0.6303,0.0000,0.3157,0.0000,0.2999,0.3273,0.2121,WARNING,False,10,0,,,,,,
1771436121.891,0.1,,,,,,,,,,,,,,,0.2121,WARNING,,10,,t3526_0,0.56,LOW,OFFLOAD,WARNING: heavy task offloaded (weight=0.56 >= 0.3),
1771436121.891,0.1,74.17,4.7560,1.100,35.7,4,-14391.771,-58.33876,0.02992,0.6111,0.0000,0.4275,0.0000,0.2992,0.3101,0.2208,WARNING,False,10,0,,,,,,
1771436121.891,0.1,74.33,4.7778,1.068,33.4,3,20363.459,0.77830,0.02863,0.6217,0.0000,0.3281,0.0000,0.2863,0.2790,0.2017,WARNING,False,10,0,,,,,,
1771436121.891,0.1,,,,,,,,,,,,,,,0.2017,WARNING,,10,,t3528_0,0.81,HIGH,OFFLOAD,WARNING: heavy task offloaded (weight=0.81 >= 0.3),
1771436121.891,0.1,74.23,4.7716,1.038,31.3,3,-24798.763,28.33929,0.02862,0.6155,0.0000,0.3562,0.0000,0.2862,0.2641,0.2016,WARNING,False,10,0,,,,,,
1771436121.891,0.1,,,,,,,,,,,,,,,0.2016,WARNING,,10,,t3529_0,0.44,CRITICAL,OFFLOAD,WARNING: heavy task offloaded (weight=0.44 >= 0.3),
1771436121.891,0.1,,,,,,,,,,,,,,,0.2016,WARNING,,10,,t3529_1,0.71,NORMAL,OFFLOAD,WARNING: heavy task offloaded (weight=0.71 >= 0.3),
1771436121.891,0.1,74.03,4.8165,1.011,29.3,3,-41922.815,103.00415,0.03080,0.6022,0.0000,0.1525,0.0000,0.3080,0.2503,0.1729,SAFE,False,10,0,,,,,,
1771436121.891,0.1,,,,,,,,,,,,,,,0.1729,SAFE,,10,,t3530_0,0.26,LOW,LOCAL,SAFE: all tasks permitted (weight=0.26),
1771436121.891,0.1,73.52,4.7649,1.037,31.2,3,-79443.981,21.69675,0.02829,0.5683,0.0000,0.3867,0.0000,0.2829,0.2636,0.1995,SAFE,False,10,0,,,,,,
1771436121.891,0.1,,,,,,,,,,,,,,,0.1995,SAFE,,10,,t3531_0,0.80,LOW,LOCAL,SAFE: all tasks permitted (weight=0.80),
1771436121.891,0.1,73.67,4.7320,1.173,41.0,4,,,0.02999,0.5781,0.0000,0.5362,0.0000,0.2999,0.3467,0.2384,SAFE,False,10,0,,,,,,
1771436121.891,0.1,,,,,,,,,,,,,,,0.2384,SAFE,,10,,t3532_0,0.61,HIGH,LOCAL,SAFE: all tasks permitted (weight=0.61),
1771436121.891,0.1,,,,,,,,,,,,,,,0.2384,SAFE,,10,,t3532_1,0.22,NORMAL,LOCAL,SAFE: all tasks permitted (weight=0.22),
1771436121.891,0.1,73.84,4.7197,1.308,50.5,5,,,0.03210,0.5895,0.0000,0.5923,0.0000,0.3210,0.4288,0.2656,WARNING,False,10,0,,,,,,
1771436121.891,0.1,73.85,4.7123,1.261,47.2,5,,,0.03225,0.5900,0.0000,0.6258,0.0000,0.3225,0.4055,0.2655,WARNING,False,10,0,,,,,,
1771436121.891,0.1,,,,,,,,,,,,,,,0.2655,WARNING,,10,,t3534_0,0.36,CRITICAL,OFFLOAD,WARNING: heavy task offloaded (weight=0.36 >= 0.3),
1771436121.891,0.1,74.07,4.6997,1.218,44.1,5,,,0.03653,0.6045,0.0000,0.6833,0.0000,0.3653,0.3838,0.2747,WARNING,False,10,0,,,,,,
1771436121.891,0.1,,,,,,,,,,,,,,,0.2747,WARNING,,10,,t3535_0,0.27,NORMAL,LOCAL,WARNING: lightweight task permitted (weight=0.27 < 0.3),
1771436121.891,0.1,74.15,4.7239,1.233,45.2,5,,,0.03764,0.6097,0.0000,0.5730,0.0000,0.3764,0.3917,0.2636,WARNING,False,10,0,,,,,,
1771436121.891,0.1,74.26,4.7728,1.192,42.3,4,,,0.03314,0.6172,0.0000,0.3509,0.0000,0.3314,0.3560,0.2240,WARNING,False,10,0,,,,,,
1771436121.891,0.1,,,,,,,,,,,,,,,0.2240,WARNING,,10,,t3537_0,0.61,HIGH,OFFLOAD,WARNING: heavy task offloaded (weight=0.61 >= 0.3),
1771436121.891,0.1,,,,,,,,,,,,,,,0.2240,WARNING,,10,,t3537_1,0.42,NORMAL,OFFLOAD,WARNING: heavy task offloaded (weight=0.42 >= 0.3),
1771436121.891,0.1,75.06,4.7029,1.153,39.5,4,,,0.03454,0.6706,0.0000,0.6685,0.0000,0.3454,0.3367,0.2693,WARNING,False,10,0,,,,,,
1771436121.891,0.1,,,,,,,,,,,,,,,0.2693,WARNING,,10,,t3538_0,0.25,HIGH,LOCAL,WARNING: lightweight task permitted (weight=0.25 < 0.3),
1771436121.891,0.1,74.86,4.7688,1.169,40.6,4,,,0.03504,0.6574,0.0000,0.3691,0.0000,0.3504,0.3444,0.2308,WARNING,False,10,0,,,,,,window_reset|B=10
1771436121.891,0.1,,,,,,,,,,,,,,,0.2308,WARNING,,10,,t3539_0,0.67,HIGH,OFFLOAD,WARNING: heavy task offloaded (weight=0.67 >= 0.3),
1771436121.891,0.1,74.47,4.7482,1.132,38.0,4,,,0.03379,0.6310,0.0000,0.4625,0.0000,0.3379,0.3260,0.2348,WARNING,False,10,0,,,,,,
1771436121.891,0.1,,,,,,,,,,,,,,,0.2348,WARNING,,10,,t3540_0,0.69,HIGH,OFFLOAD,WARNING: heavy task offloaded (weight=0.69 >= 0.3),
1771436121.891,0.1,,,,,,,,,,,,,,,0.2348,WARNING,,10,,t3540_1,0.44,NORMAL,OFFLOAD,WARNING: heavy task offloaded (weight=0.44 >= 0.3),
1771436121.891,0.1,74.53,4.7890,1.098,35.5,4,,,0.03526,0.6350,0.0000,0.2774,0.0000,0.3526,0.3088,0.2093,WARNING,False,10,0,,,,,,
1771436121.891,0.1,,,,,,,,,,,,,,,0.2093,WARNING,,10,,t3541_0,0.47,LOW,OFFLOAD,WARNING: heavy task offloaded (weight=0.47 >= 0.3),
1771436121.891,0.1,74.52,4.7854,1.066,33.3,3,,,0.03086,0.6349,0.0000,0.2935,0.0000,0.3086,0.2779,0.2008,WARNING,False,10,0,,,,,,
1771436121.891,0.1,74.14,4.7682,1.036,31.2,3,,,0.03106,0.6092,0.0000,0.3717,0.0000,0.3106,0.2631,0.2051,WARNING,False,10,0,,,,,,
1771436121.891,0.1,,,,,,,,,,,,,,,0.2051,WARNING,,10,,t3543_0,0.20,HIGH,LOCAL,WARNING: lightweight task permitted (weight=0.20 < 0.3),
1771436121.891,0.1,73.57,4.7789,1.050,32.2,3,,,0.03229,0.5713,0.0000,0.3233,0.0000,0.3229,0.2702,0.1969,WARNING,False,10,0,,,,,,
1771436121.891,0.1,73.42,4.7994,1.022,30.1,3,,,0.03403,0.5613,0.0000,0.2300,0.0000,0.3403,0.2559,0.1825,WARNING,False,10,0,,,,,,
1771436121.891,0.1,73.24,4.7813,0.995,28.2,3,,,0.03227,0.5492,0.0000,0.3122,0.0000,0.3227,0.2426,0.1873,WARNING,False,10,0,,,,,,
1771436121.891,0.1,,,,,,,,,,,,,,,0.1873,WARNING,,10,,t3546_0,0.20,CRITICAL,LOCAL,WARNING: lightweight task permitted (weight=0.20 < 0.3),
1771436121.891,0.1,72.88,4.8156,1.012,29.4,3,,,0.03008,0.5256,0.0000,0.1562,0.0000,0.3008,0.2511,0.1637,SAFE,False,10,0,,,,,,
1771436121.892,0.1,,,,,,,,,,,,,,,0.1637,SAFE,,10,,t3547_0,0.38,CRITICAL,LOCAL,SAFE: all tasks permitted (weight=0.38),
1771436121.892,0.1,72.86,4.7794,1.065,33.2,3,-96310.619,31.19414,0.02680,0.5243,0.0000,0.3211,0.0000,0.2680,0.2773,0.1869,SAFE,False,10,0,,,,,,
1771436121.892,0.1,72.82,4.7668,1.035,31.1,3,-102795.587,-22.24767,0.02687,0.5211,0.0000,0.3782,0.0000,0.2687,0.2625,0.1911,SAFE,False,10,0,,,,,,
1771436121.892,0.1,,,,,,,,,,,,,,,0.1911,SAFE,,10,,t3549_0,0.65,NORMAL,LOCAL,SAFE: all tasks permitted (weight=0.65),
1771436121.892,0.1,72.23,4.7689,1.142,38.7,4,-137843.098,-16.53981,0.01664,0.4821,0.0000,0.3685,0.0000,0.1664,0.3309,0.1886,SAFE,False,10,0,,,,,,
1771436121.892,0.1,72.77,4.7289,1.107,36.2,4,-82509.559,-39.40331,0.02162,0.5177,0.0000,0.5504,0.0000,0.2162,0.3135,0.2180,SAFE,False,10,0,,,,,,
1771436121.892,0.1,,,,,,,,,,,,,,,0.2180,SAFE,,10,,t3551_0,0.57,CRITICAL,LOCAL,SAFE: all tasks permitted (weight=0.57),
1771436121.892,0.1,,,,,,,,,,,,,,,0.2180,SAFE,,10,,t3551_1,0.29,NORMAL,LOCAL,SAFE: all tasks permitted (weight=0.29),
1771436121.892,0.1,72.53,4.7178,1.253,46.6,5,-62682.875,-61.27152,0.02605,0.5018,0.0000,0.6011,0.0000,0.2605,0.4013,0.2447,SAFE,False,10,0,,,,,,
1771436121.892,0.1,,,,,,,,,,,,,,,0.2447,SAFE,,10,,t3552_0,0.70,LOW,LOCAL,SAFE: all tasks permitted (weight=0.70),
1771436121.892,0.1,73.32,4.7012,1.354,53.9,6,-6261.025,-98.42172,0.03221,0.5544,0.0000,0.6763,0.0000,0.3221,0.4670,0.2801,WARNING,False,10,0,,,,,,
1771436121.892,0.1,,,,,,,,,,,,,,,0.2801,WARNING,,10,,t3553_0,0.74,NORMAL,OFFLOAD,WARNING: heavy task offloaded (weight=0.74 >= 0.3),
1771436121.892,0.1,74.00,4.7056,1.304,50.3,5,46126.861,-75.86289,0.03557,0.6003,0.0000,0.6562,0.0000,0.3557,0.4271,0.2783,WARNING,False,10,0,,,,,,window_reset|B=10
1771436121.892,0.1,,,,,,,,,,,,,,,0.2783,WARNING,,10,,t3554_0,0.27,NORMAL,LOCAL,WARNING: lightweight task permitted (weight=0.27 < 0.3),
1771436121.892,0.1,73.91,4.6778,1.315,51.0,6,61995.329,-138.13982,0.04190,0.5943,0.0000,0.7825,0.0000,0.4190,0.4473,0.3044,WARNING,False,10,0,,,,,,
1771436121.892,0.1,,,,,,,,,,,,,,,0.3044,WARNING,,10,,t3555_0,0.38,NORMAL,OFFLOAD,WARNING: heavy task offloaded (weight=0.38 >= 0.3),
1771436121.892,0.1,,,,,,,,,,,,,,,0.3044,WARNING,,10,,t3555_1,0.44,NORMAL,OFFLOAD,WARNING: heavy task offloaded (weight=0.44 >= 0.3),
1771436121.892,0.1,74.56,4.7287,1.268,47.7,5,,,0.04149,0.6376,0.0000,0.5515,0.0000,0.4149,0.4088,0.2715,WARNING,False,10,0,,,,,,
1771436121.892,0.1,,,,,,,,,,,,,,,0.2715,WARNING,,10,,t3556_0,0.29,HIGH,LOCAL,WARNING: lightweight task permitted (weight=0.29 < 0.3),
1771436121.892,0.1,74.25,4.7393,1.283,48.8,5,,,0.03846,0.6169,0.0000,0.5032,0.0000,0.3846,0.4167,0.2612,WARNING,False,10,0,,,,,,
1771436121.892,0.1,,,,,,,,,,,,,,,0.2612,WARNING,,10,,t3557_0,0.65,NORMAL,OFFLOAD,WARNING: heavy task offloaded (weight=0.65 >= 0.3),
1771436121.892,0.1,74.15,4.6913,1.238,45.6,5,,,0.03895,0.6102,0.0000,0.7215,0.0000,0.3895,0.3942,0.2848,WARNING,False,10,0,,,,,,
1771436121.892,0.1,,,,,,,,,,,,,,,0.2848,WARNING,,10,,t3558_0,0.30,NORMAL,OFFLOAD,WARNING: heavy task offloaded (weight=0.30 >= 0.3),
1771436121.892,0.1,74.96,4.7004,1.197,42.6,4,,,0.03139,0.6639,0.0000,0.6799,0.0000,0.3139,0.3584,0.2711,WARNING,False,10,0,,,,,,
1771436121.892,0.1,74.56,4.7795,1.158,39.8,4,,,0.03141,0.6372,0.0000,0.3204,0.0000,0.3141,0.3389,0.2173,WARNING,False,10,0,,,,,,
1771436121.892,0.1,,,,,,,,,,,,,,,0.2173,WARNING,,10,,t3560_0,0.25,NORMAL,LOCAL,WARNING: lightweight task permitted (weight=0.25 < 0.3),
1771436121.892,0.1,74.72,4.7751,1.174,41.0,4,,,0.03238,0.6482,0.0000,0.3405,0.0000,0.3238,0.3471,0.2238,WARNING,False,10,0,,,,,,
1771436121.892,0.1,,,,,,,,,,,,,,,0.2238,WARNING,,10,,t3561_0,0.81,LOW,OFFLOAD,WARNING: heavy task offloaded (weight=0.81 >= 0.3),
1771436121.892,0.1,74.85,4.7648,1.137,38.3,4,,,0.03195,0.6569,0.0000,0.3871,0.0000,0.3195,0.3284,0.2268,WARNING,False,10,0,,,,,,
1771436121.892,0.1,,,,,,,,,,,,,,,0.2268,WARNING,,10,,t3562_0,0.60,NORMAL,OFFLOAD,WARNING: heavy task offloaded (weight=0.60 >= 0.3),
1771436121.892,0.1,74.56,4.7848,1.102,35.9,4,,,0.03588,0.6377,0.0000,0.2965,0.0000,0.3588,0.3111,0.2132,WARNING,False,10,0,,,,,,
1771436121.892,0.1,,,,,,,,,,,,,,,0.2132,WARNING,,10,,t3563_0,0.83,LOW,OFFLOAD,WARNING: heavy task offloaded (weight=0.83 >= 0.3),
1771436121.892,0.1,74.58,4.7540,1.070,33.6,3,,,0.03621,0.6386,0.0000,0.4362,0.0000,0.3621,0.2800,0.2255,WARNING,False,10,0,,,,,,
1771436121.892,0.1,74.02,4.8163,1.040,31.4,3,,,0.04126,0.6015,0.0000,0.1534,0.0000,0.4126,0.2650,0.1864,WARNING,False,10,0,,,,,,
1771436121.892,0.1,,,,,,,,,,,,,,,0.1864,WARNING,,10,,t3565_0,0.81,LOW,OFFLOAD,WARNING: heavy task offloaded (weight=0.81 >= 0.3),
1771436121.892,0.1,,,,,,,,,,,,,,,0.1864,WARNING,,10,,t3565_1,0.42,CRITICAL,OFFLOAD,WARNING: heavy task offloaded (weight=0.42 >= 0.3),
1771436121.892,0.1,73.94,4.8302,1.012,29.4,3,,,0.04592,0.5962,0.0000,0.0901,0.0000,0.4592,0.2511,0.1794,SAFE,False,10,0,,,,,,
1771436121.892,0.1,,,,,,,,,,,,,,,0.1794,SAFE,,10,,t3566_0,0.78,HIGH,LOCAL,SAFE: all tasks permitted (weight=0.78),
1771436121.892,0.1,73.87,4.7364,1.148,39.1,4,,,0.04040,0.5914,0.0000,0.5165,0.0000,0.4040,0.3338,0.2453,SAFE,False,10,0,,,,,,
1771436121.892,0.1,,,,,,,,,,,,,,,0.2453,SAFE,,10,,t3567_0,0.82,NORMAL,LOCAL,SAFE: all tasks permitted (weight=0.82),
1771436121.892,0.1,,,,,,,,,,,,,,,0.2453,SAFE,,10,,t3567_1,0.38,LOW,LOCAL,SAFE: all tasks permitted (weight=0.38),
1771436121.892,0.1,74.59,4.6206,1.360,54.3,6,,,0.05531,0.6394,0.0000,1.0000,0.0000,0.5531,0.4699,0.3560,WARNING,False,10,0,,,,,,FAILURE:BROWNOUT(V=4.621V)
1771436121.892,0.1,74.73,4.6929,1.310,50.7,5,,,0.05746,0.6486,0.0000,0.7140,0.0000,0.5746,0.4298,0.3141,WARNING,False,10,0,,,,,,window_reset|B=10
1771436121.892,0.1,,,,,,,,,,,,,,,0.3141,WARNING,,10,,t3569_0,0.29,NORMAL,LOCAL,WARNING: lightweight task permitted (weight=0.29 < 0.3),
1771436121.892,0.1,,,,,,,,,,,,,,,0.3141,WARNING,,10,,t3569_1,0.70,NORMAL,OFFLOAD,WARNING: heavy task offloaded (weight=0.70 >= 0.3),
1771436121.892,0.1,75.15,4.6879,1.323,51.7,6,,,0.05773,0.6765,0.0000,0.7370,0.0000,0.5773,0.4516,0.3250,WARNING,False,10,0,,,,,,
1771436121.892,0.1,,,,,,,,,,,,,,,0.3250,WARNING,,10,,t3570_0,0.47,LOW,OFFLOAD,WARNING: heavy task offloaded (weight=0.47 >= 0.3),
1771436121.892,0.1,75.50,4.7257,1.275,48.2,5,,,0.05651,0.7000,0.0000,0.5648,0.0000,0.5651,0.4127,0.2965,WARNING,False,10,0,,,,,,
1771436121.892,0.1,,,,,,,,,,,,,,,0.2965,WARNING,,10,,t3571_0,0.41,NORMAL,OFFLOAD,WARNING: heavy task offloaded (weight=0.41 >= 0.3),
1771436121.892,0.1,75.14,4.7134,1.231,45.1,5,,,0.05632,0.6761,0.0000,0.6208,0.0000,0.5632,0.3906,0.2963,WARNING,False,10,0,,,,,,
1771436121.892,0.1,,,,,,,,,,,,,,,0.2963,WARNING,,10,,t3572_0,0.52,HIGH,OFFLOAD,WARNING: heavy task offloaded (weight=0.52 >= 0.3),
1771436121.892,0.1,75.61,4.7612,1.190,42.1,4,,,0.05577,0.7072,0.0000,0.4037,0.0000,0.5577,0.3549,0.2641,WARNING,False,10,0,,,,,,
1771436121.892,0.1,75.04,4.7704,1.152,39.4,4,,,0.05599,0.6696,0.0000,0.3618,0.0000,0.5599,0.3358,0.2505,WARNING,False,10,0,,,,,,
1771436121.892,0.1,,,,,,,,,,,,,,,0.2505,WARNING,,10,,t3574_0,0.75,NORMAL,OFFLOAD,WARNING: heavy task offloaded (weight=0.75 >= 0.3),
1771436121.892,0.1,74.85,4.7619,1.116,36.8,4,,,0.05485,0.6568,0.0000,0.4006,0.0000,0.5485,0.3179,0.2493,WARNING,False,10,0,,,,,,
1771436121.892,0.1,,,,,,,,,,,,,,,0.2493,WARNING,,10,,t3575_0,0.65,LOW,OFFLOAD,WARNING: heavy task offloaded (weight=0.65 >= 0.3),
1771436121.892,0.1,75.49,4.7334,1.083,34.5,3,,,0.05468,0.6993,0.0000,0.5300,0.0000,0.5468,0.2864,0.2648,WARNING,False,10,0,,,,,,
1771436121.892,0.1,,,,,,,,,,,,,,,0.2648,WARNING,,10,,t3576_0,0.38,LOW,OFFLOAD,WARNING: heavy task offloaded (weight=0.38 >= 0.3),
1771436121.892,0.1,75.13,4.7571,1.052,32.3,3,,,0.04981,0.6753,0.0000,0.4224,0.0000,0.4981,0.2709,0.2399,WARNING,False,10,0,,,,,,
1771436121.892,0.1,,,,,,,,,,,,,,,0.2399,WARNING,,10,,t3577_0,0.53,NORMAL,OFFLOAD,WARNING: heavy task offloaded (weight=0.53 >= 0.3),
1771436121.892,0.1,,,,,,,,,,,,,,,0.2399,WARNING,,10,,t3577_1,0.51,NORMAL,OFFLOAD,WARNING: heavy task offloaded (weight=0.51 >= 0.3),
1771436121.892,0.1,74.34,4.7843,1.023,30.2,3,,,0.04353,0.6225,0.0000,0.2988,0.0000,0.4353,0.2566,0.2084,WARNING,False,10,0,,,,,,
1771436121.892,0.1,,,,,,,,,,,,,,,0.2084,WARNING,,10,,t3578_0,0.26,NORMAL,LOCAL,WARNING: lightweight task permitted (weight=0.26 < 0.3),
1771436121.892,0.1,74.33,4.7619,1.051,32.2,3,,,0.04447,0.6220,0.0000,0.4003,0.0000,0.4447,0.2705,0.2253,WARNING,False,10,0,,,,,,
1771436121.892,0.1,,,,,,,,,,,,,,,0.2253,WARNING,,10,,t3579_0,0.24,LOW,LOCAL,WARNING: lightweight task permitted (weight=0.24 < 0.3),
1771436121.892,0.1,,,,,,,,,,,,,,,0.2253,WARNING,,10,,t3579_1,0.52,NORMAL,OFFLOAD,WARNING: heavy task offloaded (weight=0.52 >= 0.3),
1771436121.892,0.1,74.30,4.7818,1.072,33.7,3,,,0.03162,0.6202,0.0000,0.3099,0.0000,0.3162,0.2809,0.2025,WARNING,False,10,0,,,,,,
1771436121.892,0.1,73.72,4.7935,1.042,31.5,3,,,0.03017,0.5813,0.0000,0.2570,0.0000,0.3017,0.2658,0.1865,WARNING,False,10,0,,,,,,
1771436121.892,0.1,,,,,,,,,,,,,,,0.1865,WARNING,,10,,t3581_0,0.61,HIGH,OFFLOAD,WARNING: heavy task offloaded (weight=0.61 >= 0.3),
1771436121.892,0.1,74.01,4.8192,1.014,29.5,3,,,0.02845,0.6008,0.0000,0.1398,0.0000,0.2845,0.2518,0.1691,SAFE,False,10,0,,,,,,
1771436121.892,0.1,73.93,4.7973,0.988,27.7,3,,,0.02736,0.5953,0.0000,0.2395,0.0000,0.2736,0.2388,0.1777,SAFE,False,10,0,,,,,,
1771436121.892,0.1,,,,,,,,,,,,,,,0.1777,SAFE,,10,,t3583_0,0.33,HIGH,LOCAL,SAFE: all tasks permitted (weight=0.33),
1771436121.892,0.1,73.47,4.7876,1.032,30.9,3,,,0.02177,0.5646,0.0000,0.2837,0.0000,0.2177,0.2612,0.1786,SAFE,False,10,0,,,,,,window_reset|B=10
1771436121.892,0.1,,,,,,,,,,,,,,,0.1786,SAFE,,10,,t3584_0,0.64,LOW,LOCAL,SAFE: all tasks permitted (weight=0.64),
1771436121.892,0.1,73.44,4.7588,1.138,38.4,4,,,0.02191,0.5624,0.0000,0.4144,0.0000,0.2191,0.3289,0.2091,SAFE,False,10,0,,,,,,
1771436121.892,0.1,73.65,4.7797,1.103,35.9,4,,,0.02188,0.5764,0.0000,0.3195,0.0000,0.2188,0.3116,0.1949,SAFE,False,10,0,,,,,,
1771436121.894,0.1,,,,,,,,,,,,,,,0.1949,SAFE,,10,,t3586_0,0.84,HIGH,LOCAL,SAFE: all tasks permitted (weight=0.84),
1771436121.894,0.1,,,,,,,,,,,,,,,0.1949,SAFE,,10,,t3586_1,0.42,LOW,LOCAL,SAFE: all tasks permitted (weight=0.42),
1771436121.894,0.1,74.10,4.6866,1.331,52.2,6,-9218.824,-50.11712,0.03307,0.6066,0.0000,0.7427,0.0000,0.3307,0.4555,0.2935,WARNING,False,10,0,,,,,,
1771436121.894,0.1,,,,,,,,,,,,,,,0.2935,WARNING,,10,,t3587_0,0.47,LOW,OFFLOAD,WARNING: heavy task offloaded (weight=0.47 >= 0.3),
1771436121.894,0.1,73.93,4.7409,1.283,48.8,5,-15091.477,-27.22666,0.03243,0.5950,0.0000,0.4959,0.0000,0.3243,0.4164,0.2516,WARNING,False,10,0,,,,,,
1771436121.894,0.1,,,,,,,,,,,,,,,0.2516,WARNING,,10,,t3588_0,0.24,NORMAL,LOCAL,WARNING: lightweight task permitted (weight=0.24 < 0.3),
1771436121.894,0.1,74.14,4.6977,1.287,49.1,5,16954.256,-63.72498,0.03817,0.6096,0.0000,0.6924,0.0000,0.3817,0.4184,0.2850,WARNING,False,10,0,,,,,,
1771436121.894,0.1,74.93,4.7194,1.242,45.8,5,36604.870,-66.43750,0.03973,0.6619,0.0000,0.5937,0.0000,0.3973,0.3958,0.2755,WARNING,False,10,0,,,,,,
1771436121.894,0.1,,,,,,,,,,,,,,,0.2755,WARNING,,10,,t3590_0,0.75,NORMAL,OFFLOAD,WARNING: heavy task offloaded (weight=0.75 >= 0.3),
1771436121.894,0.1,75.39,4.7067,1.200,42.8,4,58207.685,-60.26320,0.04239,0.6925,0.0000,0.6512,0.0000,0.4239,0.3598,0.2821,WARNING,False,10,0,,,,,,
1771436121.894,0.1,,,,,,,,,,,,,,,0.2821,WARNING,,10,,t3591_0,0.48,NORMAL,OFFLOAD,WARNING: heavy task offloaded (weight=0.48 >= 0.3),
1771436121.894,0.1,74.14,4.7524,1.161,40.0,4,26693.390,-23.37951,0.04166,0.6092,0.0000,0.4434,0.0000,0.4166,0.3403,0.2405,WARNING,False,10,0,,,,,,
1771436121.894,0.1,74.43,4.7251,1.124,37.5,4,39650.114,-22.42480,0.04043,0.6287,0.0000,0.5677,0.0000,0.4043,0.3222,0.2541,WARNING,False,10,0,,,,,,
1771436121.894,0.1,,,,,,,,,,,,,,,0.2541,WARNING,,10,,t3593_0,0.82,NORMAL,OFFLOAD,WARNING: heavy task offloaded (weight=0.82 >= 0.3),
1771436121.894,0.1,74.95,4.7796,1.091,35.0,4,51968.245,-0.06498,0.03580,0.6632,0.0000,0.3200,0.0000,0.3580,0.3053,0.2180,WARNING,False,10,0,,,,,,
1771436121.894,0.1,,,,,,,,,,,,,,,0.2180,WARNING,,10,,t3594_0,0.29,HIGH,LOCAL,WARNING: lightweight task permitted (weight=0.29 < 0.3),
1771436121.894,0.1,74.22,4.7233,1.119,37.1,4,,,0.03235,0.6144,0.0000,0.5760,0.0000,0.3235,0.3194,0.2448,WARNING,False,10,0,,,,,,
1771436121.894,0.1,,,,,,,,,,,,,,,0.2448,WARNING,,10,,t3595_0,0.78,LOW,OFFLOAD,WARNING: heavy task offloaded (weight=0.78 >= 0.3),
1771436121.894,0.1,73.65,4.7921,1.085,34.7,3,,,0.03294,0.5767,0.0000,0.2632,0.0000,0.3294,0.2877,0.1939,WARNING,False,10,0,,,,,,
1771436121.894,0.1,73.93,4.7785,1.054,32.5,3,,,0.03437,0.5952,0.0000,0.3249,0.0000,0.3437,0.2722,0.2025,WARNING,False,10,0,,,,,,
1771436121.894,0.1,,,,,,,,,,,,,,,0.2025,WARNING,,10,,t3597_0,0.75,HIGH,OFFLOAD,WARNING: heavy task offloaded (weight=0.75 >= 0.3),
1771436121.894,0.1,72.96,4.7772,1.026,30.4,3,,,0.03414,0.5310,0.0000,0.3307,0.0000,0.3414,0.2578,0.1924,WARNING,False,10,0,,,,,,
1771436121.894,0.1,,,,,,,,,,,,,,,0.1924,WARNING,,10,,t3598_0,0.74,HIGH,OFFLOAD,WARNING: heavy task offloaded (weight=0.74 >= 0.3),
1771436121.894,0.1,73.50,4.7977,0.999,28.5,3,,,0.03348,0.5668,0.0000,0.2376,0.0000,0.3348,0.2444,0.1812,WARNING,False,10,0,,,,,,window_reset|B=10
1771436121.894,0.1,,,,,,,,,,,,,,,0.1812,WARNING,,10,,t3599_0,0.64,LOW,OFFLOAD,WARNING: heavy task offloaded (weight=0.64 >= 0.3),
1771436121.894,0.1,,,,,,,,,,,,,,,0.1812,WARNING,,10,,t3599_1,0.56,HIGH,OFFLOAD,WARNING: heavy task offloaded (weight=0.56 >= 0.3),
