timestamp,elapsed_sec,temperature,voltage,current,cpu_percent,queue_depth,dT_dt,dV_dt,sigma_V,x1_thermal_prox,x2_thermal_vel,x3_voltage_sag,x4_voltage_drop,x5_voltage_instab,x6_load_pressure,risk_score,device_state,is_cold_start,budget_remaining,tasks_this_window,task_id,task_weight,task_priority,decision,reason,event
1771436122.032,0.0,35.03,4.9088,0.642,3.0,0,,,,0.0000,0.0000,0.0000,0.0000,0.0000,0.0210,0.0042,SAFE,True,10,0,,,,,,
1771436122.032,0.0,,,,,,,,,,,,,,,0.0042,SAFE,,9,,t0_0,0.27,HIGH,LOCAL,SAFE: all tasks permitted (weight=0.27),
1771436122.032,0.0,35.26,4.9219,0.663,4.5,0,,,0.00654,0.0000,0.0000,0.0000,0.0000,0.0654,0.0316,0.0129,SAFE,True,9,1,,,,,,
1771436122.032,0.0,35.38,4.8984,0.662,4.4,0,,,0.00959,0.0000,0.0000,0.0000,0.0000,0.0959,0.0309,0.0158,SAFE,True,9,1,,,,,,
1771436122.034,0.0,,,,,,,,,,,,,,,0.0158,SAFE,,8,,t2_0,0.68,LOW,LOCAL,SAFE: all tasks permitted (weight=0.68),
1771436122.034,0.0,,,,,,,,,,,,,,,0.0158,SAFE,,7,,t2_1,0.68,NORMAL,LOCAL,SAFE: all tasks permitted (weight=0.68),
1771436122.034,0.0,35.77,4.8725,0.766,11.9,1,,,0.01811,0.0000,0.0000,0.0000,0.0000,0.1811,0.0982,0.0377,SAFE,True,7,3,,,,,,
1771436122.034,0.0,36.01,4.8743,0.758,11.3,1,,,0.01927,0.0000,0.0000,0.0000,0.0000,0.1927,0.0938,0.0380,SAFE,True,7,3,,,,,,
1771436122.034,0.0,35.85,4.8723,0.750,10.7,0,,,0.01954,0.0000,0.0000,0.0000,0.0000,0.1954,0.0748,0.0345,SAFE,True,7,3,,,,,,
1771436122.034,0.0,36.28,4.8758,0.742,10.1,0,,,0.01889,0.0000,0.0000,0.0000,0.0000,0.1889,0.0710,0.0331,SAFE,True,7,3,,,,,,
1771436122.034,0.0,36.38,4.8673,0.735,9.6,0,,,0.01909,0.0000,0.0000,0.0000,0.0000,0.1909,0.0675,0.0326,SAFE,True,7,3,,,,,,
1771436122.034,0.0,36.92,4.8778,0.729,9.2,0,56204.713,-15.33441,0.01820,0.0000,1.0000,0.0000,1.0000,0.1820,0.0643,0.4811,WARNING,False,7,3,,,,,,
1771436122.034,0.0,,,,,,,,,,,,,,,0.4811,WARNING,,7,,t8_0,0.48,NORMAL,OFFLOAD,WARNING: heavy task offloaded (weight=0.48 >= 0.3),
1771436122.034,0.0,37.30,4.8985,0.722,8.7,0,60779.179,-11.57949,0.01771,0.0000,1.0000,0.0000,1.0000,0.1771,0.0612,0.4800,WARNING,False,7,3,,,,,,
1771436122.034,0.0,37.15,4.8644,0.717,8.3,0,52750.359,-16.87282,0.01807,0.0000,1.0000,0.0000,1.0000,0.1807,0.0584,0.4797,WARNING,False,7,3,,,,,,
1771436122.034,0.0,37.42,4.8839,0.712,8.0,0,,,0.01730,0.0000,0.0000,0.0000,0.0000,0.1730,0.0558,0.0285,SAFE,False,7,3,,,,,,
1771436122.034,0.0,37.46,4.8714,0.707,7.6,0,,,0.01599,0.0000,0.0000,0.0000,0.0000,0.1599,0.0534,0.0267,SAFE,False,7,3,,,,,,
1771436122.034,0.0,36.97,4.8792,0.702,7.3,0,,,0.01040,0.0000,0.0000,0.0000,0.0000,0.1040,0.0511,0.0206,SAFE,False,7,3,,,,,,
1771436122.034,0.0,37.52,4.9014,0.698,7.0,0,,,0.01091,0.0000,0.0000,0.0000,0.0000,0.1091,0.0490,0.0207,SAFE,False,9,0,,,,,,window_reset|B=9
1771436122.034,0.0,37.61,4.8981,0.694,6.7,0,,,0.01203,0.0000,0.0000,0.0000,0.0000,0.1203,0.0470,0.0214,SAFE,False,9,0,,,,,,
1771436122.034,0.0,37.50,4.8834,0.690,6.5,0,,,0.01191,0.0000,0.0000,0.0000,0.0000,0.1191,0.0452,0.0209,SAFE,False,9,0,,,,,,
1771436122.034,0.0,37.83,4.9038,0.687,6.2,0,,,0.01309,0.0000,0.0000,0.0000,0.0000,0.1309,0.0435,0.0218,SAFE,False,9,0,,,,,,
1771436122.034,0.0,,,,,,,,,,,,,,,0.0218,SAFE,,8,,t17_0,0.24,NORMAL,LOCAL,SAFE: all tasks permitted (weight=0.24),
1771436122.034,0.0,37.63,4.8745,0.703,7.4,0,,,0.01316,0.0000,0.0000,0.0000,0.0000,0.1316,0.0515,0.0235,SAFE,False,8,1,,,,,,
1771436122.034,0.0,37.96,4.8821,0.699,7.0,0,,,0.01223,0.0000,0.0000,0.0000,0.0000,0.1223,0.0493,0.0221,SAFE,False,8,1,,,,,,
1771436122.034,0.0,38.50,4.8902,0.695,6.8,0,,,0.01211,0.0000,0.0000,0.0000,0.0000,0.1211,0.0474,0.0216,SAFE,False,8,1,,,,,,
1771436122.034,0.0,37.92,4.8692,0.691,6.5,0,,,0.01228,0.0000,0.0000,0.0000,0.0000,0.1228,0.0455,0.0214,SAFE,False,8,1,,,,,,
1771436122.034,0.0,,,,,,,,,,,,,,,0.0214,SAFE,,7,,t21_0,0.48,NORMAL,LOCAL,SAFE: all tasks permitted (weight=0.48),
1771436122.034,0.0,38.30,4.8855,0.726,9.0,0,,,0.01085,0.0000,0.0000,0.0000,0.0000,0.1085,0.0629,0.0234,SAFE,False,7,2,,,,,,
1771436122.034,0.0,38.40,4.8935,0.720,8.6,0,,,0.01107,0.0000,0.0000,0.0000,0.0000,0.1107,0.0600,0.0231,SAFE,False,7,2,,,,,,
1771436122.034,0.0,38.72,4.8774,0.714,8.2,0,,,0.01051,0.0000,0.0000,0.0000,0.0000,0.1051,0.0572,0.0220,SAFE,False,7,2,,,,,,
1771436122.034,0.0,38.11,4.9054,0.709,7.8,0,,,0.01145,0.0000,0.0000,0.0000,0.0000,0.1145,0.0547,0.0224,SAFE,False,7,2,,,,,,
1771436122.034,0.0,38.71,4.8990,0.705,7.5,0,,,0.01125,0.0000,0.0000,0.0000,0.0000,0.1125,0.0523,0.0217,SAFE,False,7,2,,,,,,
1771436122.034,0.0,38.78,4.9079,0.700,7.2,0,,,0.01222,0.0000,0.0000,0.0000,0.0000,0.1222,0.0501,0.0223,SAFE,False,7,2,,,,,,
1771436122.034,0.0,38.71,4.8970,0.696,6.9,0,,,0.01225,0.0000,0.0000,0.0000,0.0000,0.1225,0.0481,0.0219,SAFE,False,7,2,,,,,,
1771436122.034,0.0,38.82,4.8920,0.692,6.6,0,,,0.01160,0.0000,0.0000,0.0000,0.0000,0.1160,0.0462,0.0208,SAFE,False,9,0,,,,,,window_reset|B=9
1771436122.034,0.0,,,,,,,,,,,,,,,0.0208,SAFE,,8,,t29_0,0.26,CRITICAL,LOCAL,SAFE: all tasks permitted (weight=0.26),
1771436122.034,0.0,39.37,4.8995,0.709,7.8,0,,,0.01095,0.0000,0.0000,0.0000,0.0000,0.1095,0.0545,0.0219,SAFE,False,8,1,,,,,,
1771436122.034,0.0,39.03,4.8912,0.704,7.5,0,,,0.01058,0.0000,0.0000,0.0000,0.0000,0.1058,0.0522,0.0210,SAFE,False,8,1,,,,,,
1771436122.034,0.0,,,,,,,,,,,,,,,0.0210,SAFE,,7,,t31_0,0.44,HIGH,LOCAL,SAFE: all tasks permitted (weight=0.44),
1771436122.034,0.0,39.62,4.8793,0.735,9.7,0,,,0.01118,0.0000,0.0000,0.0000,0.0000,0.1118,0.0676,0.0247,SAFE,False,7,2,,,,,,
1771436122.034,0.0,39.40,4.8797,0.729,9.2,0,,,0.00971,0.0000,0.0000,0.0000,0.0000,0.0971,0.0643,0.0226,SAFE,False,7,2,,,,,,
1771436122.034,0.0,39.33,4.8675,0.723,8.8,0,,,0.01180,0.0000,0.0000,0.0000,0.0000,0.1180,0.0613,0.0241,SAFE,False,7,2,,,,,,
1771436122.034,0.0,,,,,,,,,,,,,,,0.0241,SAFE,,6,,t34_0,0.48,HIGH,LOCAL,SAFE: all tasks permitted (weight=0.48),
1771436122.034,0.0,39.55,4.8680,0.755,11.1,1,,,0.01332,0.0000,0.0000,0.0000,0.0000,0.1332,0.0924,0.0318,SAFE,False,6,3,,,,,,
1771436122.034,0.0,,,,,,,,,,,,,,,0.0318,SAFE,,5,,t35_0,0.83,LOW,LOCAL,SAFE: all tasks permitted (weight=0.83),
1771436122.034,0.0,39.18,4.8673,0.813,15.2,1,,,0.01429,0.0000,0.0000,0.0000,0.0000,0.1429,0.1213,0.0386,SAFE,False,5,4,,,,,,
1771436122.035,0.0,40.09,4.8777,0.801,14.3,1,49950.734,-9.37089,0.01347,0.0000,1.0000,0.0000,1.0000,0.1347,0.1154,0.4865,WARNING,False,5,4,,,,,,
1771436122.035,0.0,40.84,4.8476,0.790,13.5,1,57860.789,-34.06510,0.01636,0.0000,1.0000,0.0109,1.0000,0.1636,0.1098,0.4897,WARNING,False,5,4,,,,,,
1771436122.035,0.0,40.24,4.8503,0.779,12.8,1,47527.058,-26.79221,0.01628,0.0000,1.0000,0.0000,1.0000,0.1628,0.1046,0.4872,WARNING,False,5,4,,,,,,
1771436122.035,0.0,40.69,4.8506,0.770,12.1,1,41842.638,-18.79788,0.01645,0.0000,1.0000,0.0000,1.0000,0.1645,0.0998,0.4864,WARNING,False,5,4,,,,,,
1771436122.035,0.0,40.79,4.8713,0.761,11.5,1,54473.582,-5.53787,0.01537,0.0000,1.0000,0.0000,1.0000,0.1537,0.0954,0.4844,WARNING,False,5,4,,,,,,
1771436122.035,0.0,41.61,4.8783,0.752,10.9,0,89743.100,7.02272,0.01301,0.0000,1.0000,0.0000,0.0000,0.1301,0.0762,0.2782,WARNING,False,5,4,,,,,,
1771436122.035,0.0,,,,,,,,,,,,,,,0.2782,WARNING,,5,,t42_0,0.54,HIGH,OFFLOAD,WARNING: heavy task offloaded (weight=0.54 >= 0.3),
1771436122.035,0.0,41.15,4.8660,0.745,10.3,0,63245.887,-1.32894,0.01117,0.0000,1.0000,0.0000,1.0000,0.1117,0.0723,0.4756,WARNING,False,5,4,,,,,,
1771436122.035,0.0,41.64,4.8548,0.737,9.8,0,96926.578,-8.20872,0.01098,0.0000,1.0000,0.0000,1.0000,0.1098,0.0687,0.4747,WARNING,False,5,0,,,,,,window_reset|B=5
1771436122.035,0.0,41.08,4.8807,0.731,9.3,0,,,0.01109,0.0000,0.0000,0.0000,0.0000,0.1109,0.0654,0.0242,SAFE,False,5,0,,,,,,
1771436122.035,0.0,41.28,4.8753,0.725,8.9,0,,,0.01144,0.0000,0.0000,0.0000,0.0000,0.1144,0.0623,0.0239,SAFE,False,5,0,,,,,,
1771436122.035,0.0,41.09,4.8809,0.719,8.5,0,,,0.01219,0.0000,0.0000,0.0000,0.0000,0.1219,0.0594,0.0241,SAFE,False,5,0,,,,,,
1771436122.035,0.0,41.17,4.8903,0.713,8.1,0,,,0.01382,0.0000,0.0000,0.0000,0.0000,0.1382,0.0567,0.0252,SAFE,False,5,0,,,,,,
1771436122.035,0.0,,,,,,,,,,,,,,,0.0252,SAFE,,4,,t48_0,0.59,NORMAL,LOCAL,SAFE: all tasks permitted (weight=0.59),
1771436122.035,0.0,41.44,4.8641,0.755,11.1,1,,,0.01358,0.0000,0.0000,0.0000,0.0000,0.1358,0.0927,0.0321,SAFE,False,4,1,,,,,,
1771436122.035,0.0,,,,,,,,,,,,,,,0.0321,SAFE,,3,,t49_0,0.82,HIGH,LOCAL,SAFE: all tasks permitted (weight=0.82),
1771436122.035,0.0,42.11,4.8555,0.813,15.2,1,,,0.01277,0.0000,0.0000,0.0000,0.0000,0.1277,0.1217,0.0371,SAFE,False,3,2,,,,,,
1771436122.035,0.0,41.71,4.8587,0.801,14.4,1,,,0.01199,0.0000,0.0000,0.0000,0.0000,0.1199,0.1157,0.0351,SAFE,False,3,2,,,,,,
1771436122.035,0.0,41.82,4.8798,0.790,13.6,1,,,0.01095,0.0000,0.0000,0.0000,0.0000,0.1095,0.1101,0.0330,SAFE,False,3,2,,,,,,
1771436122.035,0.0,42.19,4.8719,0.780,12.8,1,,,0.01095,0.0000,0.0000,0.0000,0.0000,0.1095,0.1049,0.0319,SAFE,False,3,2,,,,,,
1771436122.035,0.0,,,,,,,,,,,,,,,0.0319,SAFE,,2,,t53_0,0.79,NORMAL,LOCAL,SAFE: all tasks permitted (weight=0.79),
1771436122.035,0.0,42.48,4.8842,0.833,16.7,1,,,0.01138,0.0000,0.0000,0.0000,0.0000,0.1138,0.1317,0.0377,SAFE,False,2,3,,,,,,
1771436122.035,0.0,42.79,4.8595,0.820,15.7,1,,,0.01179,0.0000,0.0000,0.0000,0.0000,0.1179,0.1250,0.0368,SAFE,False,2,3,,,,,,
1771436122.035,0.0,42.80,4.8657,0.808,14.8,1,,,0.01087,0.0000,0.0000,0.0000,0.0000,0.1087,0.1188,0.0346,SAFE,False,2,3,,,,,,
1771436122.035,0.0,,,,,,,,,,,,,,,0.0346,SAFE,,1,,t56_0,0.42,NORMAL,LOCAL,SAFE: all tasks permitted (weight=0.42),
1771436122.035,0.0,42.67,4.8437,0.830,16.4,1,,,0.01306,0.0000,0.0000,0.0288,0.0000,0.1306,0.1299,0.0428,SAFE,False,1,4,,,,,,
1771436122.035,0.0,43.22,4.8454,0.817,15.5,1,,,0.01442,0.0000,0.0000,0.0209,0.0000,0.1442,0.1234,0.0418,SAFE,False,1,4,,,,,,
1771436122.035,0.0,43.02,4.8651,0.804,14.6,1,,,0.01377,0.0000,0.0000,0.0000,0.0000,0.1377,0.1172,0.0372,SAFE,False,9,0,,,,,,window_reset|B=9
1771436122.035,0.0,43.38,4.8398,0.793,13.8,1,,,0.01320,0.0000,0.0000,0.0462,0.0000,0.1320,0.1115,0.0415,SAFE,False,9,0,,,,,,
1771436122.035,0.0,43.80,4.8735,0.783,13.0,1,,,0.01363,0.0000,0.0000,0.0000,0.0000,0.1363,0.1063,0.0349,SAFE,False,9,0,,,,,,
1771436122.035,0.0,43.79,4.8598,0.773,12.3,1,,,0.01351,0.0000,0.0000,0.0000,0.0000,0.1351,0.1013,0.0338,SAFE,False,9,0,,,,,,
1771436122.035,0.0,43.42,4.8756,0.764,11.7,1,,,0.01393,0.0000,0.0000,0.0000,0.0000,0.1393,0.0968,0.0333,SAFE,False,9,0,,,,,,
1771436122.035,0.0,43.77,4.9061,0.755,11.1,1,,,0.01783,0.0000,0.0000,0.0000,0.0000,0.1783,0.0925,0.0363,SAFE,False,9,0,,,,,,
1771436122.035,0.0,,,,,,,,,,,,,,,0.0363,SAFE,,8,,t64_0,0.25,NORMAL,LOCAL,SAFE: all tasks permitted (weight=0.25),
1771436122.035,0.0,,,,,,,,,,,,,,,0.0363,SAFE,,7,,t64_1,0.84,CRITICAL,LOCAL,SAFE: all tasks permitted (weight=0.84),
1771436122.035,0.0,44.21,4.8353,0.835,16.8,1,,,0.01958,0.0000,0.0000,0.0667,0.0000,0.1958,0.1325,0.0548,SAFE,False,7,2,,,,,,
1771436122.035,0.0,44.70,4.8531,0.821,15.8,1,,,0.01861,0.0000,0.0000,0.0000,0.0000,0.1861,0.1257,0.0438,SAFE,False,7,2,,,,,,
1771436122.035,0.0,44.79,4.8440,0.809,14.9,1,,,0.01914,0.0000,0.0000,0.0274,0.0000,0.1914,0.1195,0.0466,SAFE,False,7,2,,,,,,
1771436122.035,0.0,44.18,4.8615,0.797,14.1,1,,,0.01906,0.0000,0.0000,0.0000,0.0000,0.1906,0.1136,0.0418,SAFE,False,7,2,,,,,,
1771436122.036,0.0,44.75,4.8693,0.786,13.3,1,56782.935,-4.21092,0.01870,0.0000,1.0000,0.0000,1.0000,0.1870,0.1082,0.4903,WARNING,False,7,2,,,,,,
1771436122.036,0.0,,,,,,,,,,,,,,,0.4903,WARNING,,7,,t69_0,0.34,HIGH,OFFLOAD,WARNING: heavy task offloaded (weight=0.34 >= 0.3),
1771436122.036,0.0,44.50,4.8929,0.776,12.6,1,42596.154,32.88260,0.02001,0.0000,1.0000,0.0000,0.0000,0.2001,0.1031,0.2906,WARNING,False,7,2,,,,,,
1771436122.036,0.0,43.94,4.8874,0.767,11.9,1,31327.132,11.77902,0.02098,0.0000,1.0000,0.0000,0.0000,0.2098,0.0984,0.2907,WARNING,False,7,2,,,,,,
1771436122.036,0.0,44.20,4.8649,0.758,11.3,1,25573.250,-40.98057,0.01941,0.0000,1.0000,0.0000,1.0000,0.1941,0.0941,0.4882,WARNING,False,7,2,,,,,,
1771436122.036,0.0,,,,,,,,,,,,,,,0.4882,WARNING,,7,,t72_0,0.38,NORMAL,OFFLOAD,WARNING: heavy task offloaded (weight=0.38 >= 0.3),
1771436122.036,0.0,44.45,4.9109,0.750,10.7,0,14229.717,75.15240,0.02267,0.0000,1.0000,0.0000,0.0000,0.2267,0.0750,0.2877,WARNING,False,7,2,,,,,,
1771436122.036,0.0,44.21,4.8717,0.742,10.2,0,-29407.562,18.53291,0.02238,0.0000,0.0000,0.0000,0.0000,0.2238,0.0712,0.0366,SAFE,False,9,0,,,,,,window_reset|B=9
1771436122.036,0.0,44.38,4.8709,0.735,9.7,0,-24407.021,26.73395,0.02237,0.0000,0.0000,0.0000,0.0000,0.2237,0.0677,0.0359,SAFE,False,9,0,,,,,,
1771436122.036,0.0,45.09,4.9108,0.729,9.2,0,54824.059,49.09241,0.02299,0.0000,1.0000,0.0000,0.0000,0.2299,0.0644,0.2859,WARNING,False,9,0,,,,,,
1771436122.036,0.0,44.81,4.9008,0.723,8.8,0,,,0.02116,0.0000,0.0000,0.0000,0.0000,0.2116,0.0614,0.0334,SAFE,False,9,0,,,,,,
1771436122.036,0.0,44.64,4.8921,0.717,8.4,0,,,0.02002,0.0000,0.0000,0.0000,0.0000,0.2002,0.0586,0.0317,SAFE,False,9,0,,,,,,
1771436122.036,0.0,,,,,,,,,,,,,,,0.0317,SAFE,,8,,t78_0,0.23,LOW,LOCAL,SAFE: all tasks permitted (weight=0.23),
1771436122.036,0.0,44.62,4.8999,0.730,9.3,0,,,0.01705,0.0000,0.0000,0.0000,0.0000,0.1705,0.0651,0.0301,SAFE,False,8,1,,,,,,
1771436122.036,0.0,44.25,4.8920,0.724,8.9,0,,,0.01539,0.0000,0.0000,0.0000,0.0000,0.1539,0.0620,0.0278,SAFE,False,8,1,,,,,,
1771436122.036,0.0,44.76,4.8809,0.718,8.4,0,,,0.01448,0.0000,0.0000,0.0000,0.0000,0.1448,0.0591,0.0263,SAFE,False,8,1,,,,,,
1771436122.036,0.0,44.55,4.8997,0.713,8.1,0,,,0.01473,0.0000,0.0000,0.0000,0.0000,0.1473,0.0565,0.0260,SAFE,False,8,1,,,,,,
1771436122.036,0.0,44.41,4.8991,0.708,7.7,0,,,0.01490,0.0000,0.0000,0.0000,0.0000,0.1490,0.0540,0.0257,SAFE,False,8,1,,,,,,
1771436122.036,0.0,44.74,4.8958,0.703,7.4,0,,,0.01265,0.0000,0.0000,0.0000,0.0000,0.1265,0.0517,0.0230,SAFE,False,8,1,,,,,,
1771436122.036,0.0,44.50,4.8903,0.699,7.1,0,,,0.01155,0.0000,0.0000,0.0000,0.0000,0.1155,0.0495,0.0215,SAFE,False,8,1,,,,,,
1771436122.036,0.0,44.25,4.9224,0.695,6.8,0,,,0.01259,0.0000,0.0000,0.0000,0.0000,0.1259,0.0475,0.0221,SAFE,False,8,1,,,,,,
1771436122.036,0.0,44.46,4.8843,0.691,6.5,0,,,0.01075,0.0000,0.0000,0.0000,0.0000,0.1075,0.0457,0.0199,SAFE,False,8,1,,,,,,
1771436122.036,0.0,44.42,4.8756,0.688,6.3,0,,,0.01146,0.0000,0.0000,0.0000,0.0000,0.1146,0.0439,0.0202,SAFE,False,8,1,,,,,,
1771436122.036,0.0,44.54,4.8927,0.685,6.0,0,,,0.01130,0.0000,0.0000,0.0000,0.0000,0.1130,0.0423,0.0198,SAFE,False,9,0,,,,,,window_reset|B=9
1771436122.036,0.0,,,,,,,,,,,,,,,0.0198,SAFE,,8,,t89_0,0.33,LOW,LOCAL,SAFE: all tasks permitted (weight=0.33),
1771436122.036,0.0,44.18,4.8771,0.709,7.8,0,,,0.01221,0.0000,0.0000,0.0000,0.0000,0.1221,0.0543,0.0231,SAFE,False,8,1,,,,,,
1771436122.036,0.0,44.18,4.8859,0.704,7.4,0,,,0.01211,0.0000,0.0000,0.0000,0.0000,0.1211,0.0520,0.0225,SAFE,False,8,1,,,,,,
1771436122.036,0.0,44.29,4.9007,0.700,7.1,0,,,0.01239,0.0000,0.0000,0.0000,0.0000,0.1239,0.0498,0.0223,SAFE,False,8,1,,,,,,
1771436122.036,0.0,,,,,,,,,,,,,,,0.0223,SAFE,,7,,t92_0,0.67,CRITICAL,LOCAL,SAFE: all tasks permitted (weight=0.67),
1771436122.036,0.0,,,,,,,,,,,,,,,0.0223,SAFE,,6,,t92_1,0.26,CRITICAL,LOCAL,SAFE: all tasks permitted (weight=0.26),
1771436122.036,0.0,43.69,4.8548,0.772,12.3,1,,,0.01594,0.0000,0.0000,0.0000,0.0000,0.1594,0.1009,0.0361,SAFE,False,6,3,,,,,,
1771436122.036,0.0,43.97,4.8624,0.763,11.6,1,,,0.01729,0.0000,0.0000,0.0000,0.0000,0.1729,0.0963,0.0366,SAFE,False,6,3,,,,,,
1771436122.036,0.0,,,,,,,,,,,,,,,0.0366,SAFE,,5,,t94_0,0.65,NORMAL,LOCAL,SAFE: all tasks permitted (weight=0.65),
1771436122.036,0.0,,,,,,,,,,,,,,,0.0366,SAFE,,4,,t94_1,0.38,CRITICAL,LOCAL,SAFE: all tasks permitted (weight=0.38),
1771436122.036,0.0,44.80,4.8316,0.838,17.0,1,,,0.02254,0.0000,0.0000,0.0836,0.0000,0.2254,0.1342,0.0603,SAFE,False,4,5,,,,,,
1771436122.036,0.0,,,,,,,,,,,,,,,0.0603,SAFE,,3,,t95_0,0.56,CRITICAL,LOCAL,SAFE: all tasks permitted (weight=0.56),
1771436122.036,0.0,44.34,4.7200,0.871,19.3,2,,,0.04939,0.0000,0.0000,0.5910,0.0000,0.4939,0.1653,0.1593,SAFE,False,3,6,,,,,,
1771436122.036,0.0,,,,,,,,,,,,,,,0.1593,SAFE,,2,,t96_0,0.26,LOW,LOCAL,SAFE: all tasks permitted (weight=0.26),
1771436122.036,0.0,,,,,,,,,,,,,,,0.1593,SAFE,,1,,t96_1,0.42,NORMAL,LOCAL,SAFE: all tasks permitted (weight=0.42),
1771436122.036,0.0,44.71,4.8152,0.909,22.1,2,,,0.05072,0.0000,0.0000,0.1582,0.0000,0.5072,0.1847,0.1082,SAFE,False,1,8,,,,,,
1771436122.036,0.0,44.82,4.8269,0.891,20.8,2,,,0.04774,0.0000,0.0000,0.1051,0.0000,0.4774,0.1753,0.0965,SAFE,False,1,8,,,,,,
1771436122.036,0.0,,,,,,,,,,,,,,,0.0965,SAFE,,0,,t98_0,0.32,NORMAL,LOCAL,SAFE: all tasks permitted (weight=0.32),
1771436122.036,0.0,45.94,4.8461,0.899,21.4,2,,,0.04676,0.0000,0.0000,0.0178,0.0000,0.4676,0.1795,0.0850,SAFE,False,0,9,,,,,,
1771436122.036,0.0,,,,,,,,,,,,,,,0.0850,SAFE,,0,,t99_0,0.50,NORMAL,OFFLOAD,"Budget exhausted (B=0), offloading. Original: SAFE: all tasks permitted (weight=0.50)",
1771436122.036,0.0,,,,,,,,,,,,,,,0.0850,SAFE,,0,,t99_1,0.62,CRITICAL,OFFLOAD,"Budget exhausted (B=0), offloading. Original: SAFE: all tasks permitted (weight=0.62)",
1771436122.036,0.0,45.08,4.8270,0.881,20.1,2,,,0.04639,0.0000,0.0000,0.1044,0.0000,0.4639,0.1705,0.0941,SAFE,False,0,9,,,,,,
1771436122.036,0.0,45.91,4.8473,0.864,18.9,1,,,0.04415,0.0000,0.0000,0.0125,0.0000,0.4415,0.1472,0.0752,SAFE,False,0,9,,,,,,
1771436122.037,0.0,,,,,,,,,,,,,,,0.0752,SAFE,,0,,t101_0,0.61,HIGH,OFFLOAD,"Budget exhausted (B=0), offloading. Original: SAFE: all tasks permitted (weight=0.61)",
1771436122.037,0.0,46.42,4.8285,0.849,17.8,1,146907.875,-33.92398,0.04289,0.0000,1.0000,0.0976,1.0000,0.4289,0.1394,0.5335,WARNING,False,0,9,,,,,,
1771436122.037,0.0,,,,,,,,,,,,,,,0.5335,WARNING,,0,,t102_0,0.80,CRITICAL,OFFLOAD,WARNING: heavy task offloaded (weight=0.80 >= 0.3),
1771436122.037,0.0,46.29,4.8429,0.834,16.7,1,89645.299,11.32893,0.04039,0.0000,1.0000,0.0322,0.0000,0.4039,0.1321,0.3210,WARNING,False,0,9,,,,,,
1771436122.037,0.0,,,,,,,,,,,,,,,0.3210,WARNING,,0,,t103_0,0.31,NORMAL,OFFLOAD,WARNING: heavy task offloaded (weight=0.31 >= 0.3),
1771436122.037,0.0,46.65,4.8698,0.821,15.8,1,138721.144,149.92812,0.03686,0.0000,1.0000,0.0000,0.0000,0.3686,0.1254,0.3119,WARNING,False,6,0,,,,,,window_reset|B=6
1771436122.037,0.0,45.98,4.8695,0.808,14.9,1,76282.206,54.39781,0.03787,0.0000,1.0000,0.0000,0.0000,0.3787,0.1192,0.3117,WARNING,False,6,0,,,,,,
1771436122.037,0.0,46.93,4.8483,0.797,14.0,1,126840.966,21.43452,0.03712,0.0000,1.0000,0.0078,0.0000,0.3712,0.1133,0.3108,WARNING,False,6,0,,,,,,
1771436122.037,0.0,46.67,4.8354,0.786,13.3,1,43368.321,-10.70617,0.03714,0.0000,1.0000,0.0664,1.0000,0.3714,0.1079,0.5174,WARNING,False,6,0,,,,,,
1771436122.037,0.0,46.44,4.8535,0.776,12.6,1,81809.993,26.48365,0.01618,0.0000,1.0000,0.0000,0.0000,0.1618,0.1029,0.2868,WARNING,False,6,0,,,,,,
1771436122.037,0.0,46.67,4.8422,0.766,11.9,1,45086.543,-5.05329,0.01394,0.0000,1.0000,0.0354,1.0000,0.1394,0.0982,0.4882,WARNING,False,6,0,,,,,,
1771436122.037,0.0,,,,,,,,,,,,,,,0.4882,WARNING,,6,,t109_0,0.40,LOW,OFFLOAD,WARNING: heavy task offloaded (weight=0.40 >= 0.3),
1771436122.037,0.0,46.41,4.8974,0.758,11.3,1,,,0.01907,0.0000,0.0000,0.0000,0.0000,0.1907,0.0938,0.0378,SAFE,False,6,0,,,,,,
1771436122.037,0.0,46.86,4.8552,0.750,10.7,0,,,0.01906,0.0000,0.0000,0.0000,0.0000,0.1906,0.0748,0.0340,SAFE,False,6,0,,,,,,
1771436122.037,0.0,46.55,4.8626,0.742,10.1,0,,,0.01775,0.0000,0.0000,0.0000,0.0000,0.1775,0.0710,0.0320,SAFE,False,6,0,,,,,,
1771436122.037,0.0,46.44,4.8695,0.735,9.6,0,,,0.01807,0.0000,0.0000,0.0000,0.0000,0.1807,0.0675,0.0316,SAFE,False,6,0,,,,,,
1771436122.037,0.0,46.42,4.8929,0.729,9.2,0,,,0.01859,0.0000,0.0000,0.0000,0.0000,0.1859,0.0643,0.0314,SAFE,False,6,0,,,,,,
1771436122.037,0.0,46.50,4.8811,0.722,8.7,0,,,0.01839,0.0000,0.0000,0.0000,0.0000,0.1839,0.0612,0.0306,SAFE,False,6,0,,,,,,
1771436122.037,0.0,,,,,,,,,,,,,,,0.0306,SAFE,,5,,t115_0,0.23,CRITICAL,LOCAL,SAFE: all tasks permitted (weight=0.23),
1771436122.037,0.0,45.54,4.9026,0.736,9.7,0,,,0.02117,0.0000,0.0000,0.0000,0.0000,0.2117,0.0680,0.0348,SAFE,False,5,1,,,,,,
1771436122.037,0.0,46.31,4.8790,0.729,9.2,0,,,0.02140,0.0000,0.0000,0.0000,0.0000,0.2140,0.0647,0.0343,SAFE,False,5,1,,,,,,
1771436122.037,0.0,46.45,4.9149,0.723,8.8,0,,,0.02398,0.0000,0.0000,0.0000,0.0000,0.2398,0.0616,0.0363,SAFE,False,5,1,,,,,,
1771436122.037,0.0,46.30,4.8945,0.718,8.4,0,,,0.02152,0.0000,0.0000,0.0000,0.0000,0.2152,0.0588,0.0333,SAFE,False,9,0,,,,,,window_reset|B=9
1771436122.037,0.0,,,,,,,,,,,,,,,0.0333,SAFE,,8,,t119_0,0.21,LOW,LOCAL,SAFE: all tasks permitted (weight=0.21),
1771436122.037,0.0,45.85,4.8988,0.730,9.3,0,,,0.02071,0.0000,0.0000,0.0000,0.0000,0.2071,0.0650,0.0337,SAFE,False,8,1,,,,,,
1771436122.037,0.0,,,,,,,,,,,,,,,0.0337,SAFE,,7,,t120_0,0.54,LOW,LOCAL,SAFE: all tasks permitted (weight=0.54),
1771436122.037,0.0,45.74,4.8827,0.768,12.0,1,,,0.01679,0.0000,0.0000,0.0000,0.0000,0.1679,0.0992,0.0366,SAFE,False,7,2,,,,,,
1771436122.037,0.0,46.04,4.8715,0.759,11.4,1,,,0.01684,0.0000,0.0000,0.0000,0.0000,0.1684,0.0947,0.0358,SAFE,False,7,2,,,,,,
1771436122.037,0.0,45.57,4.8691,0.751,10.8,0,,,0.01523,0.0000,0.0000,0.0000,0.0000,0.1523,0.0756,0.0304,SAFE,False,7,2,,,,,,
1771436122.037,0.0,45.88,4.8649,0.744,10.3,0,,,0.01496,0.0000,0.0000,0.0000,0.0000,0.1496,0.0718,0.0293,SAFE,False,7,2,,,,,,
1771436122.037,0.0,,,,,,,,,,,,,,,0.0293,SAFE,,6,,t124_0,0.66,HIGH,LOCAL,SAFE: all tasks permitted (weight=0.66),
1771436122.037,0.0,,,,,,,,,,,,,,,0.0293,SAFE,,5,,t124_1,0.83,NORMAL,LOCAL,SAFE: all tasks permitted (weight=0.83),
1771436122.037,0.0,46.06,4.8302,0.859,18.5,1,,,0.02108,0.0000,0.0000,0.0901,0.0000,0.2108,0.1447,0.0617,SAFE,False,5,4,,,,,,
1771436122.037,0.0,,,,,,,,,,,,,,,0.0617,SAFE,,4,,t125_0,0.48,NORMAL,LOCAL,SAFE: all tasks permitted (weight=0.48),
1771436122.037,0.0,46.69,4.8131,0.884,20.3,2,,,0.02799,0.0000,0.0000,0.1676,0.0000,0.2799,0.1720,0.0842,SAFE,False,4,5,,,,,,
1771436122.037,0.0,46.49,4.8549,0.867,19.1,2,,,0.02847,0.0000,0.0000,0.0000,0.0000,0.2847,0.1636,0.0612,SAFE,False,4,5,,,,,,
1771436122.037,0.0,46.71,4.8528,0.851,18.0,1,,,0.02747,0.0000,0.0000,0.0000,0.0000,0.2747,0.1407,0.0556,SAFE,False,4,5,,,,,,
1771436122.037,0.0,,,,,,,,,,,,,,,0.0556,SAFE,,3,,t128_0,0.34,NORMAL,LOCAL,SAFE: all tasks permitted (weight=0.34),
1771436122.037,0.0,47.35,4.8318,0.865,18.9,1,,,0.02907,0.0000,0.0000,0.0828,0.0000,0.2907,0.1475,0.0693,SAFE,False,3,6,,,,,,
1771436122.037,0.0,46.88,4.8360,0.849,17.8,1,,,0.02576,0.0000,0.0000,0.0638,0.0000,0.2576,0.1397,0.0620,SAFE,False,3,6,,,,,,
1771436122.037,0.0,47.43,4.8493,0.835,16.8,1,,,0.02339,0.0000,0.0000,0.0031,0.0000,0.2339,0.1324,0.0503,SAFE,False,3,6,,,,,,
1771436122.037,0.0,46.88,4.8426,0.821,15.8,1,,,0.01934,0.0000,0.0000,0.0336,0.0000,0.1934,0.1257,0.0488,SAFE,False,3,6,,,,,,
1771436122.037,0.0,47.14,4.8608,0.809,14.9,1,,,0.01706,0.0000,0.0000,0.0000,0.0000,0.1706,0.1194,0.0409,SAFE,False,3,6,,,,,,
1771436122.037,0.0,,,,,,,,,,,,,,,0.0409,SAFE,,2,,t133_0,0.55,HIGH,LOCAL,SAFE: all tasks permitted (weight=0.55),
1771436122.037,0.0,47.89,4.8311,0.842,17.3,1,,,0.01607,0.0000,0.0000,0.0861,0.0000,0.1607,0.1362,0.0545,SAFE,False,9,0,,,,,,window_reset|B=9
1771436122.037,0.0,47.85,4.8606,0.828,16.3,1,,,0.01514,0.0000,0.0000,0.0000,0.0000,0.1514,0.1292,0.0410,SAFE,False,9,0,,,,,,
1771436122.038,0.0,47.33,4.8800,0.815,15.4,1,37195.917,27.17002,0.01729,0.0000,1.0000,0.0000,0.0000,0.1729,0.1227,0.2918,WARNING,False,9,0,,,,,,
1771436122.038,0.0,,,,,,,,,,,,,,,0.2918,WARNING,,9,,t136_0,0.42,HIGH,OFFLOAD,WARNING: heavy task offloaded (weight=0.42 >= 0.3),
1771436122.038,0.0,47.56,4.8498,0.803,14.5,1,12718.564,18.04391,0.01670,0.0000,1.0000,0.0008,0.0000,0.1670,0.1166,0.2901,WARNING,False,9,0,,,,,,
1771436122.038,0.0,,,,,,,,,,,,,,,0.2901,WARNING,,9,,t137_0,0.67,NORMAL,OFFLOAD,WARNING: heavy task offloaded (weight=0.67 >= 0.3),
1771436122.038,0.0,47.91,4.8639,0.792,13.7,1,61676.903,27.95234,0.01379,0.0000,1.0000,0.0000,0.0000,0.1379,0.1110,0.2860,WARNING,False,9,0,,,,,,
1771436122.038,0.0,47.76,4.8609,0.781,13.0,1,19860.096,11.54504,0.01402,0.0000,1.0000,0.0000,0.0000,0.1402,0.1057,0.2852,WARNING,False,9,0,,,,,,
1771436122.038,0.0,47.54,4.8613,0.772,12.3,1,39608.436,18.72053,0.01428,0.0000,1.0000,0.0000,0.0000,0.1428,0.1009,0.2844,WARNING,False,9,0,,,,,,
1771436122.038,0.0,47.43,4.8714,0.763,11.6,1,17578.963,10.56896,0.01371,0.0000,1.0000,0.0000,0.0000,0.1371,0.0963,0.2830,WARNING,False,9,0,,,,,,
1771436122.038,0.0,48.11,4.8745,0.754,11.0,1,13709.384,43.49752,0.01323,0.0000,1.0000,0.0000,0.0000,0.1323,0.0921,0.2817,WARNING,False,9,0,,,,,,
1771436122.038,0.0,47.81,4.8854,0.746,10.5,0,-2681.867,24.73621,0.01473,0.0000,0.0000,0.0000,0.0000,0.1473,0.0732,0.0294,SAFE,False,9,0,,,,,,
1771436122.038,0.0,47.85,4.8740,0.739,9.9,0,,,0.01384,0.0000,0.0000,0.0000,0.0000,0.1384,0.0695,0.0277,SAFE,False,9,0,,,,,,
1771436122.038,0.0,,,,,,,,,,,,,,,0.0277,SAFE,,8,,t144_0,0.59,NORMAL,LOCAL,SAFE: all tasks permitted (weight=0.59),
1771436122.038,0.0,47.51,4.8945,0.782,13.0,1,,,0.01606,0.0000,0.0000,0.0000,0.0000,0.1606,0.1058,0.0372,SAFE,False,8,1,,,,,,
1771436122.038,0.0,47.65,4.8483,0.772,12.3,1,,,0.01328,0.0000,0.0000,0.0077,0.0000,0.1328,0.1009,0.0345,SAFE,False,8,1,,,,,,
1771436122.038,0.0,,,,,,,,,,,,,,,0.0345,SAFE,,7,,t146_0,0.26,NORMAL,LOCAL,SAFE: all tasks permitted (weight=0.26),
1771436122.038,0.0,46.92,4.8437,0.785,13.2,1,,,0.01487,0.0000,0.0000,0.0287,0.0000,0.1487,0.1074,0.0401,SAFE,False,7,2,,,,,,
1771436122.038,0.0,47.16,4.8519,0.775,12.5,1,,,0.01491,0.0000,0.0000,0.0000,0.0000,0.1491,0.1024,0.0354,SAFE,False,7,2,,,,,,
1771436122.038,0.0,,,,,,,,,,,,,,,0.0354,SAFE,,6,,t148_0,0.34,HIGH,LOCAL,SAFE: all tasks permitted (weight=0.34),
1771436122.038,0.0,47.74,4.8451,0.794,13.8,1,,,0.01535,0.0000,0.0000,0.0221,0.0000,0.1535,0.1119,0.0406,SAFE,False,9,0,,,,,,window_reset|B=9
1771436122.038,0.0,47.55,4.8479,0.783,13.1,1,,,0.01604,0.0000,0.0000,0.0097,0.0000,0.1604,0.1065,0.0386,SAFE,False,9,0,,,,,,
1771436122.038,0.0,47.57,4.8886,0.773,12.4,1,,,0.01746,0.0000,0.0000,0.0000,0.0000,0.1746,0.1016,0.0378,SAFE,False,9,0,,,,,,
1771436122.038,0.0,47.12,4.8684,0.764,11.7,1,,,0.01743,0.0000,0.0000,0.0000,0.0000,0.1743,0.0970,0.0368,SAFE,False,9,0,,,,,,
1771436122.038,0.0,,,,,,,,,,,,,,,0.0368,SAFE,,8,,t152_0,0.45,HIGH,LOCAL,SAFE: all tasks permitted (weight=0.45),
1771436122.038,0.0,47.79,4.8681,0.793,13.8,1,,,0.01737,0.0000,0.0000,0.0000,0.0000,0.1737,0.1114,0.0396,SAFE,False,8,1,,,,,,
1771436122.038,0.0,47.42,4.8822,0.782,13.0,1,,,0.01781,0.0000,0.0000,0.0000,0.0000,0.1781,0.1061,0.0390,SAFE,False,8,1,,,,,,
1771436122.038,0.0,47.63,4.8910,0.772,12.3,1,,,0.01836,0.0000,0.0000,0.0000,0.0000,0.1836,0.1012,0.0386,SAFE,False,8,1,,,,,,
1771436122.038,0.0,47.83,4.8772,0.763,11.7,1,,,0.01849,0.0000,0.0000,0.0000,0.0000,0.1849,0.0966,0.0378,SAFE,False,8,1,,,,,,
1771436122.038,0.0,47.34,4.8786,0.755,11.1,1,,,0.01699,0.0000,0.0000,0.0000,0.0000,0.1699,0.0924,0.0355,SAFE,False,8,1,,,,,,
1771436122.038,0.0,47.80,4.8654,0.747,10.5,0,,,0.01615,0.0000,0.0000,0.0000,0.0000,0.1615,0.0734,0.0308,SAFE,False,8,1,,,,,,
1771436122.038,0.0,47.72,4.8591,0.740,10.0,0,,,0.01478,0.0000,0.0000,0.0000,0.0000,0.1478,0.0698,0.0287,SAFE,False,8,1,,,,,,
1771436122.038,0.0,47.62,4.8803,0.733,9.5,0,,,0.01417,0.0000,0.0000,0.0000,0.0000,0.1417,0.0663,0.0274,SAFE,False,8,1,,,,,,
1771436122.038,0.0,47.71,4.8546,0.726,9.0,0,,,0.01292,0.0000,0.0000,0.0000,0.0000,0.1292,0.0632,0.0256,SAFE,False,8,1,,,,,,
1771436122.038,0.0,47.16,4.8660,0.720,8.6,0,,,0.01094,0.0000,0.0000,0.0000,0.0000,0.1094,0.0602,0.0230,SAFE,False,8,1,,,,,,
1771436122.038,0.0,,,,,,,,,,,,,,,0.0230,SAFE,,7,,t162_0,0.59,NORMAL,LOCAL,SAFE: all tasks permitted (weight=0.59),
1771436122.038,0.0,47.20,4.8807,0.764,11.7,1,,,0.01021,0.0000,0.0000,0.0000,0.0000,0.1021,0.0972,0.0296,SAFE,False,7,2,,,,,,
1771436122.038,0.0,47.40,4.8758,0.756,11.1,1,,,0.01016,0.0000,0.0000,0.0000,0.0000,0.1016,0.0929,0.0287,SAFE,False,9,0,,,,,,window_reset|B=9
1771436122.038,0.0,46.95,4.8805,0.748,10.6,0,,,0.01021,0.0000,0.0000,0.0000,0.0000,0.1021,0.0739,0.0250,SAFE,False,9,0,,,,,,
1771436122.038,0.0,47.34,4.8921,0.740,10.0,0,,,0.01118,0.0000,0.0000,0.0000,0.0000,0.1118,0.0702,0.0252,SAFE,False,9,0,,,,,,
1771436122.038,0.0,46.68,4.8913,0.734,9.5,0,,,0.01122,0.0000,0.0000,0.0000,0.0000,0.1122,0.0668,0.0246,SAFE,False,9,0,,,,,,
1771436122.038,0.0,46.82,4.8762,0.727,9.1,0,,,0.01121,0.0000,0.0000,0.0000,0.0000,0.1121,0.0635,0.0239,SAFE,False,9,0,,,,,,
1771436122.038,0.0,47.12,4.8877,0.721,8.7,0,,,0.01172,0.0000,0.0000,0.0000,0.0000,0.1172,0.0606,0.0238,SAFE,False,9,0,,,,,,
1771436122.038,0.0,,,,,,,,,,,,,,,0.0238,SAFE,,8,,t169_0,0.49,NORMAL,LOCAL,SAFE: all tasks permitted (weight=0.49),
1771436122.038,0.0,46.59,4.8949,0.756,11.2,1,,,0.01236,0.0000,0.0000,0.0000,0.0000,0.1236,0.0932,0.0310,SAFE,False,8,1,,,,,,
1771436122.038,0.0,46.80,4.8489,0.748,10.6,0,,,0.01391,0.0000,0.0000,0.0052,0.0000,0.1391,0.0742,0.0294,SAFE,False,8,1,,,,,,
1771436122.038,0.0,,,,,,,,,,,,,,,0.0294,SAFE,,7,,t171_0,0.48,NORMAL,LOCAL,SAFE: all tasks permitted (weight=0.48),
1771436122.038,0.0,46.87,4.8667,0.782,13.0,1,,,0.01418,0.0000,0.0000,0.0000,0.0000,0.1418,0.1058,0.0353,SAFE,False,7,2,,,,,,
1771436122.039,0.0,,,,,,,,,,,,,,,0.0353,SAFE,,6,,t172_0,0.52,LOW,LOCAL,SAFE: all tasks permitted (weight=0.52),
1771436122.039,0.0,47.19,4.8555,0.816,15.4,1,14304.537,-25.04773,0.01408,0.0000,1.0000,0.0000,1.0000,0.1408,0.1229,0.4887,WARNING,False,6,3,,,,,,
1771436122.039,0.0,47.06,4.8372,0.804,14.5,1,-16911.275,-54.93139,0.01764,0.0000,0.0000,0.0582,1.0000,0.1764,0.1168,0.2486,WARNING,False,6,3,,,,,,
1771436122.039,0.0,47.20,4.8587,0.792,13.7,1,31271.346,-32.61563,0.01798,0.0000,1.0000,0.0000,1.0000,0.1798,0.1112,0.4902,WARNING,False,6,3,,,,,,
1771436122.039,0.0,47.13,4.8716,0.782,13.0,1,18650.455,-4.52604,0.01795,0.0000,1.0000,0.0000,1.0000,0.1795,0.1059,0.4891,WARNING,False,6,3,,,,,,
1771436122.039,0.0,,,,,,,,,,,,,,,0.4891,WARNING,,6,,t176_0,0.74,CRITICAL,OFFLOAD,WARNING: heavy task offloaded (weight=0.74 >= 0.3),
1771436122.039,0.0,46.85,4.8644,0.772,12.3,1,-16061.814,-23.28081,0.01785,0.0000,0.0000,0.0000,1.0000,0.1785,0.1010,0.2380,WARNING,False,6,3,,,,,,
1771436122.039,0.0,47.05,4.8623,0.763,11.6,1,27927.590,-32.67620,0.01670,0.0000,1.0000,0.0000,1.0000,0.1670,0.0965,0.4860,WARNING,False,6,3,,,,,,
1771436122.039,0.0,47.01,4.8664,0.754,11.0,1,12391.495,17.51826,0.01513,0.0000,1.0000,0.0000,0.0000,0.1513,0.0922,0.2836,WARNING,False,7,0,,,,,,window_reset|B=7
1771436122.039,0.0,47.11,4.8744,0.747,10.5,0,14320.493,7.69976,0.01504,0.0000,1.0000,0.0000,0.0000,0.1504,0.0733,0.2797,WARNING,False,7,0,,,,,,
1771436122.039,0.0,46.75,4.8978,0.739,9.9,0,,,0.01646,0.0000,0.0000,0.0000,0.0000,0.1646,0.0696,0.0304,SAFE,False,7,0,,,,,,
1771436122.039,0.0,46.49,4.8940,0.732,9.5,0,,,0.01633,0.0000,0.0000,0.0000,0.0000,0.1633,0.0662,0.0296,SAFE,False,7,0,,,,,,
1771436122.039,0.0,,,,,,,,,,,,,,,0.0296,SAFE,,6,,t182_0,0.48,HIGH,LOCAL,SAFE: all tasks permitted (weight=0.48),
1771436122.039,0.0,46.71,4.8513,0.767,11.9,1,,,0.01612,0.0000,0.0000,0.0000,0.0000,0.1612,0.0984,0.0358,SAFE,False,6,1,,,,,,
1771436122.039,0.0,46.93,4.8443,0.758,11.3,1,,,0.01726,0.0000,0.0000,0.0257,0.0000,0.1726,0.0940,0.0394,SAFE,False,6,1,,,,,,
1771436122.039,0.0,47.45,4.9028,0.750,10.7,0,,,0.01988,0.0000,0.0000,0.0000,0.0000,0.1988,0.0749,0.0349,SAFE,False,6,1,,,,,,
1771436122.039,0.0,,,,,,,,,,,,,,,0.0349,SAFE,,5,,t185_0,0.21,HIGH,LOCAL,SAFE: all tasks permitted (weight=0.21),
1771436122.039,0.0,46.63,4.8850,0.760,11.5,1,,,0.01784,0.0000,0.0000,0.0000,0.0000,0.1784,0.0952,0.0369,SAFE,False,5,2,,,,,,
1771436122.039,0.0,,,,,,,,,,,,,,,0.0369,SAFE,,4,,t186_0,0.47,NORMAL,LOCAL,SAFE: all tasks permitted (weight=0.47),
1771436122.039,0.0,46.59,4.8623,0.792,13.7,1,,,0.01763,0.0000,0.0000,0.0000,0.0000,0.1763,0.1110,0.0398,SAFE,False,4,3,,,,,,
1771436122.039,0.0,,,,,,,,,,,,,,,0.0398,SAFE,,3,,t187_0,0.60,HIGH,LOCAL,SAFE: all tasks permitted (weight=0.60),
1771436122.039,0.0,,,,,,,,,,,,,,,0.0398,SAFE,,2,,t187_1,0.54,HIGH,LOCAL,SAFE: all tasks permitted (weight=0.54),
1771436122.039,0.0,47.12,4.8300,0.878,19.9,2,,,0.02128,0.0000,0.0000,0.0907,0.0000,0.2128,0.1691,0.0669,SAFE,False,2,5,,,,,,
1771436122.039,0.0,46.84,4.8184,0.862,18.7,1,,,0.02557,0.0000,0.0000,0.1435,0.0000,0.2557,0.1458,0.0734,SAFE,False,2,5,,,,,,
1771436122.039,0.0,,,,,,,,,,,,,,,0.0734,SAFE,,1,,t189_0,0.51,HIGH,LOCAL,SAFE: all tasks permitted (weight=0.51),
1771436122.039,0.0,46.97,4.8436,0.889,20.7,2,,,0.02629,0.0000,0.0000,0.0292,0.0000,0.2629,0.1747,0.0650,SAFE,False,1,6,,,,,,
1771436122.039,0.0,47.52,4.8679,0.872,19.4,2,,,0.02631,0.0000,0.0000,0.0000,0.0000,0.2631,0.1661,0.0595,SAFE,False,1,6,,,,,,
1771436122.039,0.0,,,,,,,,,,,,,,,0.0595,SAFE,,0,,t191_0,0.56,CRITICAL,LOCAL,SAFE: all tasks permitted (weight=0.56),
1771436122.039,0.0,47.48,4.8315,0.904,21.7,2,,,0.02758,0.0000,0.0000,0.0840,0.0000,0.2758,0.1818,0.0749,SAFE,False,0,7,,,,,,
1771436122.039,0.0,47.92,4.8665,0.885,20.4,2,,,0.02534,0.0000,0.0000,0.0000,0.0000,0.2534,0.1726,0.0599,SAFE,False,0,7,,,,,,
1771436122.039,0.0,48.66,4.8575,0.868,19.2,2,,,0.02293,0.0000,0.0000,0.0000,0.0000,0.2293,0.1641,0.0558,SAFE,False,9,0,,,,,,window_reset|B=9
1771436122.039,0.0,47.85,4.8494,0.852,18.0,1,,,0.02297,0.0000,0.0000,0.0029,0.0000,0.2297,0.1412,0.0516,SAFE,False,9,0,,,,,,
1771436122.039,0.0,,,,,,,,,,,,,,,0.0516,SAFE,,8,,t195_0,0.33,NORMAL,LOCAL,SAFE: all tasks permitted (weight=0.33),
1771436122.039,0.0,48.96,4.8461,0.866,19.0,1,,,0.02290,0.0000,0.0000,0.0177,0.0000,0.2290,0.1479,0.0548,SAFE,False,8,1,,,,,,
1771436122.039,0.0,,,,,,,,,,,,,,,0.0548,SAFE,,7,,t196_0,0.74,HIGH,LOCAL,SAFE: all tasks permitted (weight=0.74),
1771436122.039,0.0,48.73,4.8561,0.913,22.4,2,,,0.01788,0.0000,0.0000,0.0000,0.0000,0.1788,0.1866,0.0552,SAFE,False,7,2,,,,,,
1771436122.039,0.0,49.12,4.8144,0.894,21.0,2,,,0.01740,0.0000,0.0000,0.1616,0.0000,0.1740,0.1771,0.0738,SAFE,False,7,2,,,,,,
1771436122.039,0.0,,,,,,,,,,,,,,,0.0738,SAFE,,6,,t198_0,0.37,NORMAL,LOCAL,SAFE: all tasks permitted (weight=0.37),
1771436122.039,0.0,49.71,4.8299,0.908,22.0,2,,,0.01707,0.0000,0.0000,0.0915,0.0000,0.1707,0.1842,0.0658,SAFE,False,6,3,,,,,,
1771436122.039,0.0,49.08,4.8141,0.890,20.7,2,,,0.01856,0.0000,0.0000,0.1634,0.0000,0.1856,0.1749,0.0748,SAFE,False,6,3,,,,,,
1771436122.039,0.0,49.11,4.8159,0.872,19.5,2,,,0.01883,0.0000,0.0000,0.1551,0.0000,0.1883,0.1662,0.0722,SAFE,False,6,3,,,,,,
1771436122.039,0.0,49.40,4.8358,0.856,18.3,1,,,0.01887,0.0000,0.0000,0.0647,0.0000,0.1887,0.1431,0.0559,SAFE,False,6,3,,,,,,
1771436122.039,0.0,49.34,4.8347,0.841,17.2,1,,,0.01697,0.0000,0.0000,0.0693,0.0000,0.1697,0.1356,0.0531,SAFE,False,6,3,,,,,,
1771436122.039,0.0,49.11,4.8547,0.827,16.2,1,,,0.01747,0.0000,0.0000,0.0000,0.0000,0.1747,0.1287,0.0432,SAFE,False,6,3,,,,,,
1771436122.039,0.0,,,,,,,,,,,,,,,0.0432,SAFE,,5,,t204_0,0.76,NORMAL,LOCAL,SAFE: all tasks permitted (weight=0.76),
1771436122.039,0.0,49.60,4.8217,0.879,20.0,2,,,0.01604,0.0000,0.0000,0.1284,0.0000,0.1604,0.1697,0.0667,SAFE,False,5,4,,,,,,
1771436122.040,0.0,,,,,,,,,,,,,,,0.0667,SAFE,,4,,t205_0,0.33,HIGH,LOCAL,SAFE: all tasks permitted (weight=0.33),
1771436122.040,0.0,49.73,4.8450,0.891,20.8,2,36363.865,30.53665,0.01497,0.0000,1.0000,0.0228,0.0000,0.1497,0.1757,0.3031,WARNING,False,4,5,,,,,,
1771436122.040,0.0,,,,,,,,,,,,,,,0.3031,WARNING,,4,,t206_0,0.42,HIGH,OFFLOAD,WARNING: heavy task offloaded (weight=0.42 >= 0.3),
1771436122.040,0.0,49.93,4.8457,0.874,19.6,2,13151.365,15.83008,0.01471,0.0000,1.0000,0.0196,0.0000,0.1471,0.1670,0.3006,WARNING,False,4,5,,,,,,
1771436122.040,0.0,49.97,4.8325,0.858,18.4,1,53827.882,18.40832,0.01429,0.0000,1.0000,0.0797,0.0000,0.1429,0.1438,0.3034,WARNING,False,4,5,,,,,,
1771436122.040,0.0,49.54,4.8495,0.843,17.3,1,25493.049,33.61193,0.01351,0.0000,1.0000,0.0024,0.0000,0.1351,0.1363,0.2911,WARNING,False,7,0,,,,,,window_reset|B=7
1771436122.040,0.0,49.80,4.8494,0.829,16.3,1,24244.287,13.68088,0.01300,0.0000,1.0000,0.0026,0.0000,0.1300,0.1293,0.2892,WARNING,False,7,0,,,,,,
1771436122.040,0.0,50.13,4.8656,0.815,15.4,1,47190.244,30.89764,0.01522,0.0000,1.0000,0.0000,0.0000,0.1522,0.1227,0.2898,WARNING,False,7,0,,,,,,
1771436122.040,0.0,50.41,4.8608,0.803,14.5,1,77873.053,6.09302,0.01437,0.0000,1.0000,0.0000,0.0000,0.1437,0.1167,0.2877,WARNING,False,7,0,,,,,,
1771436122.040,0.0,50.39,4.8593,0.792,13.7,1,47043.627,37.54687,0.01253,0.0000,1.0000,0.0000,0.0000,0.1253,0.1110,0.2847,WARNING,False,7,0,,,,,,
1771436122.040,0.0,50.38,4.8867,0.782,13.0,1,,,0.01632,0.0000,0.0000,0.0000,0.0000,0.1632,0.1058,0.0375,SAFE,False,7,0,,,,,,
1771436122.040,0.0,50.17,4.8551,0.772,12.3,1,,,0.01564,0.0000,0.0000,0.0000,0.0000,0.1564,0.1009,0.0358,SAFE,False,7,0,,,,,,
1771436122.040,0.0,49.64,4.8743,0.763,11.6,1,,,0.01680,0.0000,0.0000,0.0000,0.0000,0.1680,0.0963,0.0361,SAFE,False,7,0,,,,,,
1771436122.040,0.0,,,,,,,,,,,,,,,0.0361,SAFE,,6,,t216_0,0.45,LOW,LOCAL,SAFE: all tasks permitted (weight=0.45),
1771436122.040,0.0,50.11,4.8562,0.793,13.8,1,,,0.01375,0.0000,0.0000,0.0000,0.0000,0.1375,0.1114,0.0360,SAFE,False,6,1,,,,,,
1771436122.040,0.0,49.65,4.8686,0.782,13.0,1,,,0.01362,0.0000,0.0000,0.0000,0.0000,0.1362,0.1061,0.0348,SAFE,False,6,1,,,,,,
1771436122.040,0.0,,,,,,,,,,,,,,,0.0348,SAFE,,5,,t218_0,0.65,LOW,LOCAL,SAFE: all tasks permitted (weight=0.65),
1771436122.040,0.0,49.95,4.8548,0.828,16.3,1,,,0.01312,0.0000,0.0000,0.0000,0.0000,0.1312,0.1290,0.0389,SAFE,False,5,2,,,,,,
1771436122.040,0.0,49.48,4.9019,0.815,15.4,1,,,0.01512,0.0000,0.0000,0.0000,0.0000,0.1512,0.1225,0.0396,SAFE,False,5,2,,,,,,
1771436122.040,0.0,49.83,4.8392,0.803,14.5,1,,,0.01623,0.0000,0.0000,0.0489,0.0000,0.1623,0.1165,0.0459,SAFE,False,5,2,,,,,,
1771436122.040,0.0,,,,,,,,,,,,,,,0.0459,SAFE,,4,,t221_0,0.34,NORMAL,LOCAL,SAFE: all tasks permitted (weight=0.34),
1771436122.040,0.0,,,,,,,,,,,,,,,0.0459,SAFE,,3,,t221_1,0.25,LOW,LOCAL,SAFE: all tasks permitted (weight=0.25),
1771436122.040,0.0,49.91,4.8660,0.843,17.4,1,,,0.01560,0.0000,0.0000,0.0000,0.0000,0.1560,0.1365,0.0429,SAFE,False,3,4,,,,,,
1771436122.040,0.0,,,,,,,,,,,,,,,0.0429,SAFE,,2,,t222_0,0.34,LOW,LOCAL,SAFE: all tasks permitted (weight=0.34),
1771436122.040,0.0,,,,,,,,,,,,,,,0.0429,SAFE,,1,,t222_1,0.22,LOW,LOCAL,SAFE: all tasks permitted (weight=0.22),
1771436122.040,0.0,49.42,4.8487,0.878,19.8,2,,,0.01629,0.0000,0.0000,0.0057,0.0000,0.1629,0.1688,0.0508,SAFE,False,1,6,,,,,,
1771436122.040,0.0,,,,,,,,,,,,,,,0.0508,SAFE,,0,,t223_0,0.24,CRITICAL,LOCAL,SAFE: all tasks permitted (weight=0.24),
1771436122.040,0.0,,,,,,,,,,,,,,,0.0508,SAFE,,0,,t223_1,0.69,NORMAL,OFFLOAD,"Budget exhausted (B=0), offloading. Original: SAFE: all tasks permitted (weight=0.69)",
1771436122.040,0.0,49.96,4.8574,0.882,20.1,2,,,0.01638,0.0000,0.0000,0.0000,0.0000,0.1638,0.1708,0.0505,SAFE,False,9,0,,,,,,window_reset|B=9
1771436122.040,0.0,50.14,4.8015,0.865,18.9,1,,,0.02385,0.0000,0.0000,0.2205,0.0000,0.2385,0.1474,0.0820,SAFE,False,9,0,,,,,,
1771436122.040,0.0,50.36,4.8672,0.849,17.8,1,,,0.02255,0.0000,0.0000,0.0000,0.0000,0.2255,0.1396,0.0505,SAFE,False,9,0,,,,,,
1771436122.040,0.0,,,,,,,,,,,,,,,0.0505,SAFE,,8,,t226_0,0.34,NORMAL,LOCAL,SAFE: all tasks permitted (weight=0.34),
1771436122.040,0.0,50.39,4.7537,0.864,18.9,1,,,0.03656,0.0000,0.0000,0.4379,0.0000,0.3656,0.1470,0.1229,SAFE,False,8,1,,,,,,
1771436122.040,0.0,,,,,,,,,,,,,,,0.1229,SAFE,,7,,t227_0,0.32,NORMAL,LOCAL,SAFE: all tasks permitted (weight=0.32),
1771436122.040,0.0,50.24,4.8282,0.876,19.7,2,,,0.03613,0.0000,0.0000,0.0993,0.0000,0.3613,0.1679,0.0826,SAFE,False,7,2,,,,,,
1771436122.040,0.0,50.39,4.8177,0.859,18.5,1,,,0.03672,0.0000,0.0000,0.1470,0.0000,0.3672,0.1447,0.0848,SAFE,False,7,2,,,,,,
1771436122.040,0.0,50.30,4.8129,0.844,17.4,1,,,0.03660,0.0000,0.0000,0.1687,0.0000,0.3660,0.1371,0.0859,SAFE,False,7,2,,,,,,
1771436122.040,0.0,50.27,4.8340,0.830,16.4,1,,,0.03623,0.0000,0.0000,0.0727,0.0000,0.3623,0.1300,0.0717,SAFE,False,7,2,,,,,,
1771436122.040,0.0,50.25,4.8633,0.817,15.5,1,,,0.03163,0.0000,0.0000,0.0000,0.0000,0.3163,0.1234,0.0563,SAFE,False,7,2,,,,,,
1771436122.040,0.0,51.03,4.8432,0.805,14.6,1,,,0.03172,0.0000,0.0000,0.0310,0.0000,0.3172,0.1173,0.0592,SAFE,False,7,2,,,,,,
1771436122.040,0.0,50.65,4.8728,0.793,13.8,1,,,0.03236,0.0000,0.0000,0.0000,0.0000,0.3236,0.1116,0.0547,SAFE,False,7,2,,,,,,
1771436122.040,0.0,50.23,4.8602,0.783,13.0,1,,,0.03296,0.0000,0.0000,0.0000,0.0000,0.3296,0.1063,0.0542,SAFE,False,7,2,,,,,,
1771436122.040,0.0,50.21,4.8469,0.773,12.3,1,,,0.03248,0.0000,0.0000,0.0141,0.0000,0.3248,0.1014,0.0546,SAFE,False,7,2,,,,,,
1771436122.040,0.0,,,,,,,,,,,,,,,0.0546,SAFE,,6,,t236_0,0.76,HIGH,LOCAL,SAFE: all tasks permitted (weight=0.76),
1771436122.040,0.0,50.06,4.8509,0.830,16.4,1,,,0.03127,0.0000,0.0000,0.0000,0.0000,0.3127,0.1300,0.0573,SAFE,False,6,3,,,,,,
1771436122.040,0.0,50.72,4.8590,0.817,15.5,1,,,0.03070,0.0000,0.0000,0.0000,0.0000,0.3070,0.1234,0.0554,SAFE,False,6,3,,,,,,
1771436122.041,0.0,50.39,4.8653,0.805,14.6,1,7074.560,31.29007,0.01860,0.0000,1.0000,0.0000,0.0000,0.1860,0.1173,0.2921,WARNING,False,7,0,,,,,,window_reset|B=7
1771436122.041,0.0,50.55,4.8452,0.793,13.8,1,18444.856,-18.07728,0.01781,0.0000,1.0000,0.0217,1.0000,0.1781,0.1116,0.4929,WARNING,False,7,0,,,,,,
1771436122.041,0.0,,,,,,,,,,,,,,,0.4929,WARNING,,7,,t240_0,0.70,NORMAL,OFFLOAD,WARNING: heavy task offloaded (weight=0.70 >= 0.3),
1771436122.041,0.0,,,,,,,,,,,,,,,0.4929,WARNING,,7,,t240_1,0.77,LOW,OFFLOAD,WARNING: heavy task offloaded (weight=0.77 >= 0.3),
1771436122.041,0.0,50.75,4.8648,0.783,13.0,1,-17096.442,21.60490,0.01586,0.0000,0.0000,0.0000,0.0000,0.1586,0.1063,0.0371,SAFE,False,7,0,,,,,,
1771436122.041,0.0,50.71,4.8743,0.773,12.3,1,4050.927,1.47392,0.01200,0.0000,1.0000,0.0000,0.0000,0.1200,0.1014,0.2823,WARNING,False,7,0,,,,,,
1771436122.041,0.0,,,,,,,,,,,,,,,0.2823,WARNING,,6,,t242_0,0.24,LOW,LOCAL,WARNING: lightweight task permitted (weight=0.24 < 0.3),
1771436122.041,0.0,49.79,4.8378,0.785,13.2,1,-26587.893,-22.38708,0.01144,0.0000,0.0000,0.0556,1.0000,0.1144,0.1073,0.2401,WARNING,False,6,1,,,,,,
1771436122.041,0.0,49.75,4.8564,0.775,12.5,1,-27689.659,9.47858,0.01128,0.0000,0.0000,0.0000,0.0000,0.1128,0.1023,0.0317,SAFE,False,6,1,,,,,,
1771436122.041,0.0,,,,,,,,,,,,,,,0.0317,SAFE,,5,,t244_0,0.74,NORMAL,LOCAL,SAFE: all tasks permitted (weight=0.74),
1771436122.041,0.0,50.38,4.8591,0.830,16.4,1,19097.799,8.19197,0.01056,0.0000,1.0000,0.0000,0.0000,0.1056,0.1298,0.2865,WARNING,False,5,2,,,,,,
1771436122.041,0.0,49.87,4.8284,0.816,15.5,1,-51168.467,-30.49500,0.01226,0.0000,0.0000,0.0980,1.0000,0.1226,0.1232,0.2496,WARNING,False,5,2,,,,,,
1771436122.041,0.0,,,,,,,,,,,,,,,0.2496,WARNING,,5,,t246_0,0.55,NORMAL,OFFLOAD,WARNING: heavy task offloaded (weight=0.55 >= 0.3),
1771436122.041,0.0,,,,,,,,,,,,,,,0.2496,WARNING,,5,,t246_1,0.56,NORMAL,OFFLOAD,WARNING: heavy task offloaded (weight=0.56 >= 0.3),
1771436122.041,0.0,50.05,4.8464,0.804,14.6,1,,,0.01227,0.0000,0.0000,0.0163,0.0000,0.1227,0.1171,0.0378,SAFE,False,5,2,,,,,,
1771436122.041,0.0,50.25,4.8444,0.793,13.8,1,,,0.01239,0.0000,0.0000,0.0256,0.0000,0.1239,0.1114,0.0380,SAFE,False,5,2,,,,,,
1771436122.041,0.0,,,,,,,,,,,,,,,0.0380,SAFE,,4,,t248_0,0.45,NORMAL,LOCAL,SAFE: all tasks permitted (weight=0.45),
1771436122.041,0.0,50.02,4.8660,0.821,15.8,1,,,0.01291,0.0000,0.0000,0.0000,0.0000,0.1291,0.1257,0.0381,SAFE,False,4,3,,,,,,
1771436122.041,0.0,49.82,4.8679,0.809,14.9,1,,,0.01342,0.0000,0.0000,0.0000,0.0000,0.1342,0.1194,0.0373,SAFE,False,4,3,,,,,,
1771436122.041,0.0,49.89,4.8452,0.797,14.1,1,,,0.01325,0.0000,0.0000,0.0219,0.0000,0.1325,0.1136,0.0388,SAFE,False,4,3,,,,,,
1771436122.041,0.0,50.16,4.8768,0.786,13.3,1,,,0.01452,0.0000,0.0000,0.0000,0.0000,0.1452,0.1082,0.0362,SAFE,False,4,3,,,,,,
1771436122.041,0.0,49.63,4.8496,0.776,12.6,1,,,0.01433,0.0000,0.0000,0.0016,0.0000,0.1433,0.1031,0.0352,SAFE,False,4,3,,,,,,
1771436122.041,0.0,49.26,4.8594,0.767,11.9,1,,,0.01314,0.0000,0.0000,0.0000,0.0000,0.1314,0.0984,0.0328,SAFE,False,9,0,,,,,,window_reset|B=9
1771436122.041,0.0,49.78,4.8654,0.758,11.3,1,,,0.01266,0.0000,0.0000,0.0000,0.0000,0.1266,0.0941,0.0315,SAFE,False,9,0,,,,,,
1771436122.041,0.0,49.56,4.8681,0.750,10.7,0,,,0.01315,0.0000,0.0000,0.0000,0.0000,0.1315,0.0750,0.0281,SAFE,False,9,0,,,,,,
1771436122.041,0.0,49.26,4.8715,0.742,10.2,0,,,0.01379,0.0000,0.0000,0.0000,0.0000,0.1379,0.0712,0.0280,SAFE,False,9,0,,,,,,
1771436122.041,0.0,50.16,4.8777,0.735,9.7,0,,,0.01173,0.0000,0.0000,0.0000,0.0000,0.1173,0.0677,0.0253,SAFE,False,9,0,,,,,,
1771436122.041,0.0,,,,,,,,,,,,,,,0.0253,SAFE,,8,,t258_0,0.70,NORMAL,LOCAL,SAFE: all tasks permitted (weight=0.70),
1771436122.041,0.0,49.90,4.8823,0.790,13.6,1,,,0.01207,0.0000,0.0000,0.0000,0.0000,0.1207,0.1100,0.0341,SAFE,False,8,1,,,,,,
1771436122.041,0.0,49.37,4.8492,0.780,12.8,1,,,0.01145,0.0000,0.0000,0.0038,0.0000,0.1145,0.1048,0.0329,SAFE,False,8,1,,,,,,
1771436122.041,0.0,49.81,4.8333,0.770,12.1,1,,,0.01439,0.0000,0.0000,0.0758,0.0000,0.1439,0.1000,0.0442,SAFE,False,8,1,,,,,,
1771436122.041,0.0,49.04,4.8665,0.761,11.5,1,,,0.01434,0.0000,0.0000,0.0000,0.0000,0.1434,0.0955,0.0334,SAFE,False,8,1,,,,,,
1771436122.041,0.0,48.62,4.8725,0.753,10.9,0,,,0.01363,0.0000,0.0000,0.0000,0.0000,0.1363,0.0763,0.0289,SAFE,False,8,1,,,,,,
1771436122.041,0.0,49.05,4.9012,0.745,10.4,0,,,0.01679,0.0000,0.0000,0.0000,0.0000,0.1679,0.0725,0.0313,SAFE,False,8,1,,,,,,
1771436122.041,0.0,49.36,4.8724,0.738,9.8,0,,,0.01606,0.0000,0.0000,0.0000,0.0000,0.1606,0.0689,0.0298,SAFE,False,8,1,,,,,,
1771436122.041,0.0,48.87,4.8921,0.731,9.4,0,,,0.01706,0.0000,0.0000,0.0000,0.0000,0.1706,0.0655,0.0302,SAFE,False,8,1,,,,,,
1771436122.041,0.0,49.15,4.8826,0.725,8.9,0,,,0.01725,0.0000,0.0000,0.0000,0.0000,0.1725,0.0624,0.0297,SAFE,False,8,1,,,,,,
1771436122.041,0.0,,,,,,,,,,,,,,,0.0297,SAFE,,7,,t267_0,0.26,LOW,LOCAL,SAFE: all tasks permitted (weight=0.26),
1771436122.041,0.0,48.45,4.8744,0.742,10.1,0,,,0.01721,0.0000,0.0000,0.0000,0.0000,0.1721,0.0710,0.0314,SAFE,False,7,2,,,,,,
1771436122.041,0.0,48.30,4.8752,0.735,9.6,0,,,0.01721,0.0000,0.0000,0.0000,0.0000,0.1721,0.0675,0.0307,SAFE,False,9,0,,,,,,window_reset|B=9
1771436122.041,0.0,48.69,4.9013,0.728,9.2,0,,,0.01887,0.0000,0.0000,0.0000,0.0000,0.1887,0.0642,0.0317,SAFE,False,9,0,,,,,,
1771436122.041,0.0,48.45,4.9074,0.722,8.7,0,,,0.02083,0.0000,0.0000,0.0000,0.0000,0.2083,0.0612,0.0331,SAFE,False,9,0,,,,,,
1771436122.041,0.0,48.26,4.8639,0.717,8.3,0,,,0.01952,0.0000,0.0000,0.0000,0.0000,0.1952,0.0584,0.0312,SAFE,False,9,0,,,,,,
1771436122.041,0.0,47.82,4.8994,0.712,8.0,0,,,0.01470,0.0000,0.0000,0.0000,0.0000,0.1470,0.0558,0.0259,SAFE,False,9,0,,,,,,
1771436122.041,0.0,48.36,4.8863,0.707,7.6,0,,,0.01372,0.0000,0.0000,0.0000,0.0000,0.1372,0.0533,0.0244,SAFE,False,9,0,,,,,,
1771436122.041,0.0,47.48,4.8890,0.702,7.3,0,,,0.01314,0.0000,0.0000,0.0000,0.0000,0.1314,0.0511,0.0234,SAFE,False,9,0,,,,,,
1771436122.042,0.0,,,,,,,,,,,,,,,0.0234,SAFE,,8,,t275_0,0.40,LOW,LOCAL,SAFE: all tasks permitted (weight=0.40),
1771436122.042,0.0,48.03,4.8696,0.733,9.5,0,-25437.673,-4.78357,0.01321,0.0000,0.0000,0.0000,1.0000,0.1321,0.0664,0.2265,SAFE,False,8,1,,,,,,
1771436122.042,0.0,47.24,4.8878,0.726,9.0,0,-63376.769,12.55256,0.01271,0.0000,0.0000,0.0000,0.0000,0.1271,0.0632,0.0254,SAFE,False,8,1,,,,,,
1771436122.042,0.0,47.51,4.8773,0.721,8.6,0,-70554.046,-24.02094,0.01276,0.0000,0.0000,0.0000,1.0000,0.1276,0.0603,0.2248,SAFE,False,8,1,,,,,,
1771436122.042,0.0,,,,,,,,,,,,,,,0.2248,SAFE,,7,,t278_0,0.37,HIGH,LOCAL,SAFE: all tasks permitted (weight=0.37),
1771436122.042,0.0,47.83,4.8733,0.747,10.5,0,-37493.626,-34.08569,0.01313,0.0000,0.0000,0.0000,1.0000,0.1313,0.0737,0.2279,SAFE,False,7,2,,,,,,
1771436122.042,0.0,47.15,4.8556,0.740,10.0,0,-66518.100,-8.32009,0.01512,0.0000,0.0000,0.0000,1.0000,0.1512,0.0700,0.2291,SAFE,False,7,2,,,,,,
1771436122.042,0.0,47.61,4.8690,0.733,9.5,0,-12190.271,-30.34439,0.01545,0.0000,0.0000,0.0000,1.0000,0.1545,0.0666,0.2288,SAFE,False,7,2,,,,,,
1771436122.042,0.0,,,,,,,,,,,,,,,0.2288,SAFE,,6,,t281_0,0.79,NORMAL,LOCAL,SAFE: all tasks permitted (weight=0.79),
1771436122.042,0.0,47.37,4.8361,0.797,14.1,1,-59919.091,-50.20543,0.01871,0.0000,0.0000,0.0632,1.0000,0.1871,0.1134,0.2496,SAFE,False,6,3,,,,,,
1771436122.042,0.0,,,,,,,,,,,,,,,0.2496,SAFE,,5,,t282_0,0.55,CRITICAL,LOCAL,SAFE: all tasks permitted (weight=0.55),
1771436122.042,0.0,,,,,,,,,,,,,,,0.2496,SAFE,,4,,t282_1,0.83,NORMAL,LOCAL,SAFE: all tasks permitted (weight=0.83),
1771436122.042,0.0,47.80,4.8294,0.907,21.9,2,19450.419,-59.63108,0.02023,0.0000,1.0000,0.0936,1.0000,0.2023,0.1836,0.5191,WARNING,False,4,5,,,,,,
1771436122.042,0.0,48.79,4.8059,0.889,20.6,2,,,0.02687,0.0000,0.0000,0.2002,0.0000,0.2687,0.1743,0.0878,SAFE,False,9,0,,,,,,window_reset|B=9
1771436122.042,0.0,,,,,,,,,,,,,,,0.0878,SAFE,,8,,t284_0,0.33,NORMAL,LOCAL,SAFE: all tasks permitted (weight=0.33),
1771436122.042,0.0,47.96,4.8324,0.901,21.5,2,,,0.02608,0.0000,0.0000,0.0800,0.0000,0.2608,0.1804,0.0726,SAFE,False,8,1,,,,,,
1771436122.042,0.0,48.49,4.8223,0.883,20.2,2,,,0.02656,0.0000,0.0000,0.1260,0.0000,0.2656,0.1714,0.0772,SAFE,False,8,1,,,,,,
1771436122.042,0.0,,,,,,,,,,,,,,,0.0772,SAFE,,7,,t286_0,0.49,LOW,LOCAL,SAFE: all tasks permitted (weight=0.49),
1771436122.042,0.0,48.55,4.8241,0.909,22.1,2,,,0.02546,0.0000,0.0000,0.1177,0.0000,0.2546,0.1847,0.0777,SAFE,False,7,2,,,,,,
1771436122.042,0.0,,,,,,,,,,,,,,,0.0777,SAFE,,6,,t287_0,0.76,HIGH,LOCAL,SAFE: all tasks permitted (weight=0.76),
1771436122.042,0.0,48.68,4.8295,0.958,25.5,2,,,0.02511,0.0000,0.0000,0.0931,0.0000,0.2511,0.2088,0.0790,SAFE,False,6,3,,,,,,
1771436122.042,0.0,48.63,4.8151,0.936,24.0,2,,,0.02276,0.0000,0.0000,0.1585,0.0000,0.2276,0.1978,0.0829,SAFE,False,6,3,,,,,,
1771436122.042,0.0,49.27,4.8314,0.915,22.5,2,,,0.01968,0.0000,0.0000,0.0847,0.0000,0.1968,0.1875,0.0682,SAFE,False,6,3,,,,,,
1771436122.042,0.0,49.21,4.8227,0.896,21.1,2,,,0.01621,0.0000,0.0000,0.1240,0.0000,0.1621,0.1780,0.0679,SAFE,False,6,3,,,,,,
1771436122.042,0.0,49.72,4.8506,0.878,19.9,2,,,0.01564,0.0000,0.0000,0.0000,0.0000,0.1564,0.1691,0.0494,SAFE,False,6,3,,,,,,
1771436122.042,0.0,49.61,4.8439,0.862,18.7,1,,,0.01151,0.0000,0.0000,0.0277,0.0000,0.1151,0.1458,0.0443,SAFE,False,6,3,,,,,,
1771436122.042,0.0,50.05,4.8322,0.846,17.6,1,,,0.01134,0.0000,0.0000,0.0811,0.0000,0.1134,0.1381,0.0495,SAFE,False,6,3,,,,,,
1771436122.042,0.0,,,,,,,,,,,,,,,0.0495,SAFE,,5,,t294_0,0.46,NORMAL,LOCAL,SAFE: all tasks permitted (weight=0.46),
1771436122.042,0.0,49.54,4.8434,0.873,19.5,2,,,0.01209,0.0000,0.0000,0.0302,0.0000,0.1209,0.1665,0.0493,SAFE,False,5,4,,,,,,
1771436122.042,0.0,49.68,4.8300,0.857,18.4,1,,,0.00980,0.0000,0.0000,0.0911,0.0000,0.0980,0.1435,0.0503,SAFE,False,5,4,,,,,,
1771436122.042,0.0,,,,,,,,,,,,,,,0.0503,SAFE,,4,,t296_0,0.82,NORMAL,LOCAL,SAFE: all tasks permitted (weight=0.82),
1771436122.042,0.0,50.18,4.8162,0.915,22.5,2,,,0.01066,0.0000,0.0000,0.1537,0.0000,0.1066,0.1875,0.0681,SAFE,False,4,5,,,,,,
1771436122.042,0.0,49.99,4.8323,0.896,21.1,2,,,0.01040,0.0000,0.0000,0.0807,0.0000,0.1040,0.1779,0.0565,SAFE,False,4,5,,,,,,
1771436122.042,0.0,49.48,4.8131,0.878,19.9,2,,,0.01140,0.0000,0.0000,0.1677,0.0000,0.1140,0.1691,0.0670,SAFE,False,9,0,,,,,,window_reset|B=9
1771436122.042,0.0,50.84,4.8377,0.862,18.7,1,,,0.01160,0.0000,0.0000,0.0558,0.0000,0.1160,0.1458,0.0480,SAFE,False,9,0,,,,,,
1771436122.042,0.0,50.04,4.8362,0.846,17.6,1,,,0.01066,0.0000,0.0000,0.0626,0.0000,0.1066,0.1381,0.0464,SAFE,False,9,0,,,,,,
1771436122.042,0.0,50.87,4.8567,0.832,16.6,1,,,0.01257,0.0000,0.0000,0.0000,0.0000,0.1257,0.1310,0.0388,SAFE,False,9,0,,,,,,
1771436122.042,0.0,50.69,4.8473,0.819,15.6,1,,,0.01247,0.0000,0.0000,0.0124,0.0000,0.1247,0.1243,0.0389,SAFE,False,9,0,,,,,,
1771436122.042,0.0,50.25,4.8491,0.806,14.7,1,,,0.01233,0.0000,0.0000,0.0043,0.0000,0.1233,0.1181,0.0365,SAFE,False,9,0,,,,,,
1771436122.042,0.0,50.10,4.8457,0.795,13.9,1,,,0.01243,0.0000,0.0000,0.0194,0.0000,0.1243,0.1124,0.0374,SAFE,False,9,0,,,,,,
1771436122.042,0.0,,,,,,,,,,,,,,,0.0374,SAFE,,8,,t305_0,0.67,CRITICAL,LOCAL,SAFE: all tasks permitted (weight=0.67),
1771436122.042,0.0,,,,,,,,,,,,,,,0.0374,SAFE,,7,,t305_1,0.55,CRITICAL,LOCAL,SAFE: all tasks permitted (weight=0.55),
1771436122.042,0.0,50.25,4.8057,0.892,20.9,2,,,0.01509,0.0000,0.0000,0.2013,0.0000,0.1509,0.1762,0.0765,SAFE,False,7,2,,,,,,
1771436122.042,0.0,,,,,,,,,,,,,,,0.0765,SAFE,,6,,t306_0,0.70,LOW,LOCAL,SAFE: all tasks permitted (weight=0.70),
1771436122.042,0.0,51.12,4.8043,0.937,24.1,2,,,0.01691,0.0000,0.0000,0.2075,0.0000,0.1691,0.1984,0.0836,SAFE,False,6,3,,,,,,
1771436122.042,0.0,,,,,,,,,,,,,,,0.0836,SAFE,,5,,t307_0,0.35,NORMAL,LOCAL,SAFE: all tasks permitted (weight=0.35),
1771436122.042,0.0,50.61,4.8239,0.948,24.8,2,,,0.01703,0.0000,0.0000,0.1186,0.0000,0.1703,0.2039,0.0732,SAFE,False,5,4,,,,,,
1771436122.042,0.0,51.37,4.8299,0.926,23.3,2,,,0.01647,0.0000,0.0000,0.0914,0.0000,0.1647,0.1932,0.0670,SAFE,False,5,4,,,,,,
1771436122.043,0.0,51.37,4.8362,0.906,21.9,2,29734.389,-20.50674,0.01651,0.0000,1.0000,0.0629,1.0000,0.1651,0.1832,0.5113,WARNING,False,5,4,,,,,,
1771436122.043,0.0,51.76,4.8300,0.888,20.6,2,64416.474,-17.23847,0.01552,0.0000,1.0000,0.0908,1.0000,0.1552,0.1740,0.5121,WARNING,False,5,4,,,,,,
1771436122.043,0.0,51.58,4.8276,0.871,19.3,2,79964.525,-21.45572,0.01554,0.0000,1.0000,0.1017,1.0000,0.1554,0.1653,0.5118,WARNING,False,5,4,,,,,,
1771436122.043,0.0,,,,,,,,,,,,,,,0.5118,WARNING,,5,,t312_0,0.73,LOW,OFFLOAD,WARNING: heavy task offloaded (weight=0.73 >= 0.3),
1771436122.043,0.0,50.97,4.8466,0.855,18.2,1,52067.331,0.87911,0.01600,0.0000,1.0000,0.0154,0.0000,0.1600,0.1423,0.2965,WARNING,False,5,4,,,,,,
1771436122.043,0.0,51.45,4.8547,0.840,17.1,1,71729.924,48.98378,0.01577,0.0000,1.0000,0.0000,0.0000,0.1577,0.1349,0.2927,WARNING,False,7,0,,,,,,window_reset|B=7
1771436122.043,0.0,,,,,,,,,,,,,,,0.2927,WARNING,,7,,t314_0,0.59,NORMAL,OFFLOAD,WARNING: heavy task offloaded (weight=0.59 >= 0.3),
1771436122.043,0.0,52.01,4.8837,0.826,16.1,1,53489.713,79.34933,0.02083,0.0000,1.0000,0.0000,0.0000,0.2083,0.1280,0.2964,WARNING,False,7,0,,,,,,
1771436122.043,0.0,,,,,,,,,,,,,,,0.2964,WARNING,,7,,t315_0,0.44,LOW,OFFLOAD,WARNING: heavy task offloaded (weight=0.44 >= 0.3),
1771436122.043,0.0,,,,,,,,,,,,,,,0.2964,WARNING,,7,,t315_1,0.60,NORMAL,OFFLOAD,WARNING: heavy task offloaded (weight=0.60 >= 0.3),
1771436122.043,0.0,51.35,4.8142,0.813,15.2,1,44101.595,-9.73188,0.02130,0.0000,1.0000,0.1628,1.0000,0.2130,0.1215,0.5168,WARNING,False,7,0,,,,,,
1771436122.043,0.0,51.53,4.8452,0.801,14.4,1,9602.669,15.32585,0.02127,0.0000,1.0000,0.0218,0.0000,0.2127,0.1156,0.2972,WARNING,False,7,0,,,,,,
1771436122.043,0.0,,,,,,,,,,,,,,,0.2972,WARNING,,7,,t317_0,0.34,LOW,OFFLOAD,WARNING: heavy task offloaded (weight=0.34 >= 0.3),
1771436122.043,0.0,51.74,4.8643,0.790,13.6,1,,,0.02105,0.0000,0.0000,0.0000,0.0000,0.2105,0.1100,0.0431,SAFE,False,7,0,,,,,,
1771436122.043,0.0,,,,,,,,,,,,,,,0.0431,SAFE,,6,,t318_0,0.51,NORMAL,LOCAL,SAFE: all tasks permitted (weight=0.51),
1771436122.043,0.0,51.15,4.8320,0.825,16.1,1,,,0.01857,0.0000,0.0000,0.0816,0.0000,0.1857,0.1277,0.0547,SAFE,False,6,1,,,,,,
1771436122.043,0.0,,,,,,,,,,,,,,,0.0547,SAFE,,5,,t319_0,0.64,CRITICAL,LOCAL,SAFE: all tasks permitted (weight=0.64),
1771436122.043,0.0,,,,,,,,,,,,,,,0.0547,SAFE,,4,,t319_1,0.34,NORMAL,LOCAL,SAFE: all tasks permitted (weight=0.34),
1771436122.043,0.0,51.79,4.7939,0.901,21.5,2,,,0.02230,0.0000,0.0000,0.2548,0.0000,0.2230,0.1803,0.0915,SAFE,False,4,3,,,,,,
1771436122.043,0.0,51.58,4.8382,0.883,20.2,2,,,0.02216,0.0000,0.0000,0.0537,0.0000,0.2216,0.1713,0.0634,SAFE,False,4,3,,,,,,
1771436122.043,0.0,51.01,4.8267,0.866,19.0,1,,,0.02241,0.0000,0.0000,0.1060,0.0000,0.2241,0.1478,0.0658,SAFE,False,4,3,,,,,,
1771436122.043,0.0,52.17,4.8562,0.850,17.9,1,,,0.02279,0.0000,0.0000,0.0000,0.0000,0.2279,0.1400,0.0508,SAFE,False,4,3,,,,,,
1771436122.043,0.0,,,,,,,,,,,,,,,0.0508,SAFE,,3,,t323_0,0.77,LOW,LOCAL,SAFE: all tasks permitted (weight=0.77),
1771436122.043,0.0,51.68,4.8455,0.905,21.8,2,,,0.02249,0.0000,0.0000,0.0203,0.0000,0.2249,0.1823,0.0616,SAFE,False,3,4,,,,,,
1771436122.043,0.0,52.11,4.8297,0.886,20.4,2,,,0.02268,0.0000,0.0000,0.0924,0.0000,0.2268,0.1731,0.0693,SAFE,False,3,4,,,,,,
1771436122.043,0.0,52.44,4.8586,0.869,19.2,2,,,0.02291,0.0000,0.0000,0.0000,0.0000,0.2291,0.1645,0.0558,SAFE,False,3,4,,,,,,
1771436122.043,0.0,,,,,,,,,,,,,,,0.0558,SAFE,,2,,t326_0,0.51,NORMAL,LOCAL,SAFE: all tasks permitted (weight=0.51),
1771436122.043,0.0,51.60,4.8379,0.899,21.4,2,,,0.01889,0.0000,0.0000,0.0550,0.0000,0.1889,0.1797,0.0620,SAFE,False,2,5,,,,,,
1771436122.043,0.0,52.40,4.8299,0.881,20.1,2,,,0.01779,0.0000,0.0000,0.0914,0.0000,0.1779,0.1707,0.0638,SAFE,False,2,5,,,,,,
1771436122.043,0.0,52.32,4.8543,0.865,18.9,1,,,0.01826,0.0000,0.0000,0.0000,0.0000,0.1826,0.1473,0.0477,SAFE,False,9,0,,,,,,window_reset|B=9
1771436122.043,0.0,,,,,,,,,,,,,,,0.0477,SAFE,,8,,t329_0,0.79,NORMAL,LOCAL,SAFE: all tasks permitted (weight=0.79),
1771436122.043,0.0,51.98,4.8256,0.920,22.9,2,,,0.01686,0.0000,0.0000,0.1109,0.0000,0.1686,0.1902,0.0693,SAFE,False,8,1,,,,,,
1771436122.043,0.0,52.67,4.8330,0.901,21.5,2,,,0.01684,0.0000,0.0000,0.0775,0.0000,0.1684,0.1805,0.0630,SAFE,False,8,1,,,,,,
1771436122.043,0.0,,,,,,,,,,,,,,,0.0630,SAFE,,7,,t331_0,0.68,NORMAL,LOCAL,SAFE: all tasks permitted (weight=0.68),
1771436122.043,0.0,53.12,4.8065,0.944,24.6,2,,,0.01443,0.0000,0.0000,0.1979,0.0000,0.1443,0.2021,0.0806,SAFE,False,7,2,,,,,,
1771436122.043,0.0,52.54,4.8029,0.923,23.1,2,,,0.01719,0.0000,0.0000,0.2140,0.0000,0.1719,0.1915,0.0833,SAFE,False,7,2,,,,,,
1771436122.043,0.0,52.60,4.8417,0.903,21.7,2,,,0.01716,0.0000,0.0000,0.0377,0.0000,0.1716,0.1817,0.0584,SAFE,False,7,2,,,,,,
1771436122.043,0.0,53.27,4.8569,0.885,20.4,2,,,0.01724,0.0000,0.0000,0.0000,0.0000,0.1724,0.1726,0.0518,SAFE,False,7,2,,,,,,
1771436122.043,0.0,,,,,,,,,,,,,,,0.0518,SAFE,,6,,t335_0,0.20,NORMAL,LOCAL,SAFE: all tasks permitted (weight=0.20),
1771436122.043,0.0,52.69,4.8142,0.886,20.5,2,,,0.01784,0.0000,0.0000,0.1628,0.0000,0.1784,0.1732,0.0736,SAFE,False,6,3,,,,,,
1771436122.043,0.0,53.47,4.8426,0.869,19.2,2,,,0.01802,0.0000,0.0000,0.0337,0.0000,0.1802,0.1647,0.0553,SAFE,False,6,3,,,,,,
1771436122.043,0.0,,,,,,,,,,,,,,,0.0553,SAFE,,5,,t337_0,0.39,LOW,LOCAL,SAFE: all tasks permitted (weight=0.39),
1771436122.043,0.0,,,,,,,,,,,,,,,0.0553,SAFE,,4,,t337_1,0.77,LOW,LOCAL,SAFE: all tasks permitted (weight=0.77),
1771436122.043,0.0,53.40,4.8294,0.958,25.6,2,,,0.01638,0.0000,0.0000,0.0935,0.0000,0.1638,0.2091,0.0704,SAFE,False,4,5,,,,,,
1771436122.043,0.0,53.29,4.8075,0.936,24.0,2,,,0.01747,0.0000,0.0000,0.1930,0.0000,0.1747,0.1980,0.0822,SAFE,False,4,5,,,,,,
1771436122.043,0.0,53.55,4.8139,0.915,22.5,2,,,0.01793,0.0000,0.0000,0.1641,0.0000,0.1793,0.1877,0.0768,SAFE,False,4,5,,,,,,
1771436122.043,0.0,53.46,4.8300,0.896,21.2,2,,,0.01605,0.0000,0.0000,0.0907,0.0000,0.1605,0.1782,0.0635,SAFE,False,4,5,,,,,,
1771436122.043,0.0,53.57,4.8432,0.879,19.9,2,,,0.01679,0.0000,0.0000,0.0310,0.0000,0.1679,0.1693,0.0547,SAFE,False,4,5,,,,,,
1771436122.044,0.0,53.68,4.8626,0.862,18.7,1,24706.037,5.67927,0.01948,0.0000,1.0000,0.0000,0.0000,0.1948,0.1460,0.2987,WARNING,False,4,5,,,,,,
1771436122.044,0.0,53.99,4.8490,0.847,17.6,1,77854.493,34.76386,0.01886,0.0000,1.0000,0.0048,0.0000,0.1886,0.1383,0.2971,WARNING,False,7,0,,,,,,window_reset|B=7
1771436122.044,0.0,53.33,4.8590,0.832,16.6,1,-8189.970,16.39652,0.01779,0.0000,0.0000,0.0000,0.0000,0.1779,0.1311,0.0440,SAFE,False,7,0,,,,,,
1771436122.044,0.0,53.33,4.8355,0.819,15.6,1,-4309.382,6.10855,0.01775,0.0000,0.0000,0.0658,0.0000,0.1775,0.1245,0.0512,SAFE,False,7,0,,,,,,
1771436122.044,0.0,,,,,,,,,,,,,,,0.0512,SAFE,,6,,t346_0,0.50,NORMAL,LOCAL,SAFE: all tasks permitted (weight=0.50),
1771436122.044,0.0,52.82,4.8483,0.852,18.0,1,-27848.177,40.79504,0.01709,0.0000,0.0000,0.0076,0.0000,0.1709,0.1411,0.0463,SAFE,False,6,1,,,,,,
1771436122.044,0.0,53.58,4.8606,0.837,17.0,1,1598.658,46.69895,0.01690,0.0000,1.0000,0.0000,0.0000,0.1690,0.1337,0.2936,WARNING,False,6,1,,,,,,
1771436122.044,0.0,,,,,,,,,,,,,,,0.2936,WARNING,,6,,t348_0,0.53,NORMAL,OFFLOAD,WARNING: heavy task offloaded (weight=0.53 >= 0.3),
1771436122.044,0.0,53.75,4.8603,0.824,16.0,1,17916.342,30.29249,0.01780,0.0000,1.0000,0.0000,0.0000,0.1780,0.1269,0.2932,WARNING,False,6,1,,,,,,
1771436122.044,0.0,52.84,4.8545,0.811,15.1,1,-43555.592,11.30243,0.01772,0.0000,0.0000,0.0000,0.0000,0.1772,0.1205,0.0418,SAFE,False,6,1,,,,,,
1771436122.044,0.0,53.40,4.8666,0.799,14.2,1,,,0.01498,0.0000,0.0000,0.0000,0.0000,0.1498,0.1146,0.0379,SAFE,False,6,1,,,,,,
1771436122.044,0.0,52.83,4.8476,0.788,13.4,1,,,0.01077,0.0000,0.0000,0.0108,0.0000,0.1077,0.1091,0.0340,SAFE,False,6,1,,,,,,
1771436122.044,0.0,52.95,4.8690,0.778,12.7,1,,,0.00964,0.0000,0.0000,0.0000,0.0000,0.0964,0.1040,0.0304,SAFE,False,6,1,,,,,,
1771436122.044,0.0,,,,,,,,,,,,,,,0.0304,SAFE,,5,,t353_0,0.77,NORMAL,LOCAL,SAFE: all tasks permitted (weight=0.77),
1771436122.044,0.0,53.04,4.8540,0.838,17.0,1,,,0.00901,0.0000,0.0000,0.0000,0.0000,0.0901,0.1341,0.0358,SAFE,False,5,2,,,,,,
1771436122.044,0.0,52.52,4.8485,0.825,16.0,1,,,0.00894,0.0000,0.0000,0.0066,0.0000,0.0894,0.1273,0.0353,SAFE,False,5,2,,,,,,
1771436122.044,0.0,52.39,4.8531,0.812,15.1,1,,,0.00880,0.0000,0.0000,0.0000,0.0000,0.0880,0.1209,0.0330,SAFE,False,5,2,,,,,,
1771436122.044,0.0,53.01,4.8737,0.800,14.3,1,,,0.01021,0.0000,0.0000,0.0000,0.0000,0.1021,0.1149,0.0332,SAFE,False,5,2,,,,,,
1771436122.044,0.0,52.23,4.8427,0.789,13.5,1,,,0.00914,0.0000,0.0000,0.0330,0.0000,0.0914,0.1094,0.0353,SAFE,False,5,2,,,,,,
1771436122.044,0.0,52.49,4.8818,0.779,12.8,1,,,0.01110,0.0000,0.0000,0.0000,0.0000,0.1110,0.1043,0.0320,SAFE,False,9,0,,,,,,window_reset|B=9
1771436122.044,0.0,52.11,4.8832,0.769,12.1,1,,,0.01291,0.0000,0.0000,0.0000,0.0000,0.1291,0.0995,0.0328,SAFE,False,9,0,,,,,,
1771436122.044,0.0,52.41,4.8808,0.760,11.4,1,,,0.01398,0.0000,0.0000,0.0000,0.0000,0.1398,0.0950,0.0330,SAFE,False,9,0,,,,,,
1771436122.045,0.0,,,,,,,,,,,,,,,0.0330,SAFE,,8,,t361_0,0.58,NORMAL,LOCAL,SAFE: all tasks permitted (weight=0.58),
1771436122.045,0.0,51.97,4.8651,0.805,14.6,1,-99539.245,17.24823,0.01375,0.0000,0.0000,0.0000,0.0000,0.1375,0.1175,0.0372,SAFE,False,8,1,,,,,,
1771436122.045,0.0,52.53,4.8736,0.794,13.8,1,263.415,38.72699,0.01401,0.0000,1.0000,0.0000,0.0000,0.1401,0.1118,0.2864,WARNING,False,8,1,,,,,,
1771436122.045,0.0,,,,,,,,,,,,,,,0.2864,WARNING,,8,,t363_0,0.71,HIGH,OFFLOAD,WARNING: heavy task offloaded (weight=0.71 >= 0.3),
1771436122.045,0.0,52.32,4.8792,0.783,13.1,1,-6588.265,40.21861,0.01356,0.0000,0.0000,0.0000,0.0000,0.1356,0.1065,0.0349,SAFE,False,8,1,,,,,,
1771436122.045,0.0,,,,,,,,,,,,,,,0.0349,SAFE,,7,,t364_0,0.46,HIGH,LOCAL,SAFE: all tasks permitted (weight=0.46),
1771436122.045,0.0,51.51,4.8487,0.815,15.4,1,-139524.415,-38.53871,0.01445,0.0000,0.0000,0.0059,1.0000,0.1445,0.1227,0.2398,SAFE,False,7,2,,,,,,
1771436122.045,0.0,51.75,4.8656,0.803,14.5,1,-44853.224,35.35131,0.01403,0.0000,0.0000,0.0000,0.0000,0.1403,0.1166,0.0374,SAFE,False,7,2,,,,,,
1771436122.045,0.0,51.49,4.8409,0.792,13.7,1,-92200.160,-63.17895,0.01497,0.0000,0.0000,0.0413,1.0000,0.1497,0.1110,0.2425,SAFE,False,7,2,,,,,,
1771436122.045,0.0,51.51,4.8267,0.781,13.0,1,-55606.917,-87.12531,0.01823,0.0000,0.0000,0.1057,1.0000,0.1823,0.1057,0.2531,WARNING,False,7,2,,,,,,
1771436122.045,0.0,51.32,4.8832,0.772,12.3,1,-101347.925,3.73500,0.01885,0.0000,0.0000,0.0000,0.0000,0.1885,0.1009,0.0390,SAFE,False,7,2,,,,,,
1771436122.045,0.0,51.32,4.8628,0.763,11.6,1,,,0.01772,0.0000,0.0000,0.0000,0.0000,0.1772,0.0963,0.0370,SAFE,False,7,2,,,,,,
1771436122.045,0.0,,,,,,,,,,,,,,,0.0370,SAFE,,6,,t370_0,0.53,NORMAL,LOCAL,SAFE: all tasks permitted (weight=0.53),
1771436122.045,0.0,51.55,4.8474,0.802,14.5,1,,,0.01772,0.0000,0.0000,0.0120,0.0000,0.1772,0.1162,0.0425,SAFE,False,6,3,,,,,,
1771436122.045,0.0,50.83,4.8502,0.791,13.6,1,,,0.01693,0.0000,0.0000,0.0000,0.0000,0.1693,0.1105,0.0390,SAFE,False,6,3,,,,,,
1771436122.045,0.0,,,,,,,,,,,,,,,0.0390,SAFE,,5,,t372_0,0.61,LOW,LOCAL,SAFE: all tasks permitted (weight=0.61),
1771436122.045,0.0,51.88,4.8444,0.837,16.9,1,,,0.01625,0.0000,0.0000,0.0256,0.0000,0.1625,0.1334,0.0462,SAFE,False,5,4,,,,,,
1771436122.045,0.0,,,,,,,,,,,,,,,0.0462,SAFE,,4,,t373_0,0.75,HIGH,LOCAL,SAFE: all tasks permitted (weight=0.75),
1771436122.045,0.0,51.40,4.8296,0.892,20.9,2,,,0.01772,0.0000,0.0000,0.0928,0.0000,0.1772,0.1760,0.0650,SAFE,False,9,0,,,,,,window_reset|B=9
1771436122.045,0.0,51.63,4.8261,0.875,19.6,2,,,0.01828,0.0000,0.0000,0.1085,0.0000,0.1828,0.1673,0.0658,SAFE,False,9,0,,,,,,
1771436122.045,0.0,51.49,4.8290,0.858,18.4,1,,,0.01691,0.0000,0.0000,0.0957,0.0000,0.1691,0.1441,0.0582,SAFE,False,9,0,,,,,,
1771436122.045,0.0,52.19,4.8480,0.843,17.4,1,,,0.01690,0.0000,0.0000,0.0093,0.0000,0.1690,0.1366,0.0454,SAFE,False,9,0,,,,,,
1771436122.045,0.0,51.44,4.8563,0.829,16.4,1,,,0.01618,0.0000,0.0000,0.0000,0.0000,0.1618,0.1295,0.0421,SAFE,False,9,0,,,,,,
1771436122.045,0.0,,,,,,,,,,,,,,,0.0421,SAFE,,8,,t378_0,0.32,NORMAL,LOCAL,SAFE: all tasks permitted (weight=0.32),
1771436122.045,0.0,52.09,4.8517,0.845,17.5,1,,,0.01621,0.0000,0.0000,0.0000,0.0000,0.1621,0.1376,0.0437,SAFE,False,8,1,,,,,,
1771436122.045,0.0,,,,,,,,,,,,,,,0.0437,SAFE,,7,,t379_0,0.71,NORMAL,LOCAL,SAFE: all tasks permitted (weight=0.71),
1771436122.045,0.0,51.47,4.8388,0.897,21.2,2,,,0.01532,0.0000,0.0000,0.0508,0.0000,0.1532,0.1783,0.0576,SAFE,False,7,2,,,,,,
1771436122.045,0.0,51.70,4.8084,0.879,19.9,2,,,0.01464,0.0000,0.0000,0.1893,0.0000,0.1464,0.1693,0.0731,SAFE,False,7,2,,,,,,
1771436122.045,0.0,51.92,4.8435,0.862,18.7,1,,,0.01315,0.0000,0.0000,0.0297,0.0000,0.1315,0.1461,0.0462,SAFE,False,7,2,,,,,,
1771436122.045,0.0,,,,,,,,,,,,,,,0.0462,SAFE,,6,,t382_0,0.61,LOW,LOCAL,SAFE: all tasks permitted (weight=0.61),
1771436122.045,0.0,51.62,4.8125,0.902,21.6,2,,,0.01482,0.0000,0.0000,0.1705,0.0000,0.1482,0.1812,0.0732,SAFE,False,6,3,,,,,,
1771436122.045,0.0,,,,,,,,,,,,,,,0.0732,SAFE,,5,,t383_0,0.65,HIGH,LOCAL,SAFE: all tasks permitted (weight=0.65),
1771436122.045,0.0,51.95,4.7995,0.944,24.6,2,,,0.01734,0.0000,0.0000,0.2298,0.0000,0.1734,0.2021,0.0876,SAFE,False,5,4,,,,,,
1771436122.045,0.0,52.20,4.8512,0.923,23.1,2,,,0.01784,0.0000,0.0000,0.0000,0.0000,0.1784,0.1915,0.0561,SAFE,False,5,4,,,,,,
1771436122.045,0.0,52.16,4.8353,0.903,21.7,2,,,0.01782,0.0000,0.0000,0.0668,0.0000,0.1782,0.1816,0.0628,SAFE,False,5,4,,,,,,
1771436122.045,0.0,52.01,4.8366,0.885,20.4,2,,,0.01770,0.0000,0.0000,0.0610,0.0000,0.1770,0.1725,0.0601,SAFE,False,5,4,,,,,,
1771436122.045,0.0,52.17,4.8530,0.868,19.1,2,,,0.01834,0.0000,0.0000,0.0000,0.0000,0.1834,0.1640,0.0511,SAFE,False,5,4,,,,,,
1771436122.045,0.0,,,,,,,,,,,,,,,0.0511,SAFE,,4,,t388_0,0.54,CRITICAL,LOCAL,SAFE: all tasks permitted (weight=0.54),
1771436122.045,0.0,52.52,4.8408,0.902,21.6,2,,,0.01807,0.0000,0.0000,0.0418,0.0000,0.1807,0.1811,0.0597,SAFE,False,9,0,,,,,,window_reset|B=9
1771436122.045,0.0,,,,,,,,,,,,,,,0.0597,SAFE,,8,,t389_0,0.57,CRITICAL,LOCAL,SAFE: all tasks permitted (weight=0.57),
1771436122.045,0.0,52.74,4.8350,0.936,24.0,2,,,0.01697,0.0000,0.0000,0.0680,0.0000,0.1697,0.1982,0.0654,SAFE,False,8,1,,,,,,
1771436122.045,0.0,52.86,4.8148,0.916,22.6,2,,,0.01679,0.0000,0.0000,0.1599,0.0000,0.1679,0.1879,0.0752,SAFE,False,8,1,,,,,,
1771436122.045,0.0,52.84,4.8118,0.897,21.2,2,,,0.01737,0.0000,0.0000,0.1736,0.0000,0.1737,0.1783,0.0756,SAFE,False,8,1,,,,,,
1771436122.045,0.0,,,,,,,,,,,,,,,0.0756,SAFE,,7,,t392_0,0.25,LOW,LOCAL,SAFE: all tasks permitted (weight=0.25),
1771436122.045,0.0,53.07,4.8230,0.902,21.6,2,,,0.01640,0.0000,0.0000,0.1229,0.0000,0.1640,0.1810,0.0686,SAFE,False,7,2,,,,,,
1771436122.045,0.0,53.14,4.8355,0.884,20.3,2,,,0.01598,0.0000,0.0000,0.0660,0.0000,0.1598,0.1719,0.0589,SAFE,False,7,2,,,,,,
1771436122.045,0.0,,,,,,,,,,,,,,,0.0589,SAFE,,6,,t394_0,0.67,NORMAL,LOCAL,SAFE: all tasks permitted (weight=0.67),
1771436122.045,0.0,,,,,,,,,,,,,,,0.0589,SAFE,,5,,t394_1,0.66,NORMAL,LOCAL,SAFE: all tasks permitted (weight=0.66),
1771436122.045,0.0,53.57,4.7853,0.990,27.9,3,,,0.01968,0.0000,0.0000,0.2942,0.0000,0.1968,0.2400,0.1059,SAFE,False,5,4,,,,,,
1771436122.045,0.0,53.42,4.7918,0.966,26.1,2,,,0.02066,0.0000,0.0000,0.2646,0.0000,0.2066,0.2128,0.0976,SAFE,False,5,4,,,,,,
1771436122.045,0.0,53.91,4.8187,0.943,24.5,2,,,0.01928,0.0000,0.0000,0.1424,0.0000,0.1928,0.2015,0.0781,SAFE,False,5,4,,,,,,
1771436122.045,0.0,53.33,4.8014,0.922,23.0,2,,,0.01981,0.0000,0.0000,0.2210,0.0000,0.1981,0.1910,0.0867,SAFE,False,5,4,,,,,,
1771436122.045,0.0,54.31,4.8459,0.902,21.6,2,,,0.02059,0.0000,0.0000,0.0186,0.0000,0.2059,0.1812,0.0592,SAFE,False,5,4,,,,,,
1771436122.045,0.0,,,,,,,,,,,,,,,0.0592,SAFE,,4,,t399_0,0.29,CRITICAL,LOCAL,SAFE: all tasks permitted (weight=0.29),
1771436122.045,0.0,53.59,4.8160,0.911,22.2,2,,,0.01827,0.0000,0.0000,0.1547,0.0000,0.1827,0.1857,0.0755,SAFE,False,4,5,,,,,,
1771436122.045,0.0,53.85,4.8461,0.893,20.9,2,,,0.01886,0.0000,0.0000,0.0178,0.0000,0.1886,0.1763,0.0564,SAFE,False,4,5,,,,,,
1771436122.045,0.0,54.14,4.8547,0.875,19.6,2,,,0.02095,0.0000,0.0000,0.0000,0.0000,0.2095,0.1675,0.0544,SAFE,False,4,5,,,,,,
1771436122.045,0.0,53.30,4.8404,0.859,18.5,1,,,0.02156,0.0000,0.0000,0.0435,0.0000,0.2156,0.1443,0.0561,SAFE,False,4,5,,,,,,
1771436122.045,0.0,,,,,,,,,,,,,,,0.0561,SAFE,,3,,t403_0,0.51,NORMAL,LOCAL,SAFE: all tasks permitted (weight=0.51),
1771436122.045,0.0,53.92,4.8024,0.891,20.8,2,,,0.02210,0.0000,0.0000,0.2163,0.0000,0.2210,0.1754,0.0853,SAFE,False,9,0,,,,,,window_reset|B=9
1771436122.045,0.0,54.02,4.8465,0.873,19.5,2,,,0.02315,0.0000,0.0000,0.0157,0.0000,0.2315,0.1667,0.0585,SAFE,False,9,0,,,,,,
1771436122.045,0.0,53.59,4.8266,0.857,18.4,1,,,0.02290,0.0000,0.0000,0.1064,0.0000,0.2290,0.1436,0.0654,SAFE,False,9,0,,,,,,
1771436122.045,0.0,,,,,,,,,,,,,,,0.0654,SAFE,,8,,t406_0,0.45,LOW,LOCAL,SAFE: all tasks permitted (weight=0.45),
1771436122.045,0.0,54.25,4.8604,0.883,20.2,2,,,0.02198,0.0000,0.0000,0.0000,0.0000,0.2198,0.1717,0.0563,SAFE,False,8,1,,,,,,
1771436122.045,0.0,54.04,4.8130,0.867,19.0,2,,,0.01963,0.0000,0.0000,0.1684,0.0000,0.1963,0.1633,0.0742,SAFE,False,8,1,,,,,,
1771436122.045,0.0,54.34,4.8347,0.851,17.9,1,,,0.01929,0.0000,0.0000,0.0695,0.0000,0.1929,0.1404,0.0564,SAFE,False,8,1,,,,,,
1771436122.045,0.0,53.52,4.8267,0.836,16.9,1,,,0.01704,0.0000,0.0000,0.1060,0.0000,0.1704,0.1331,0.0574,SAFE,False,8,1,,,,,,
1771436122.045,0.0,53.94,4.8575,0.823,15.9,1,,,0.01797,0.0000,0.0000,0.0000,0.0000,0.1797,0.1263,0.0432,SAFE,False,8,1,,,,,,
1771436122.045,0.0,53.70,4.8686,0.810,15.0,1,,,0.01908,0.0000,0.0000,0.0000,0.0000,0.1908,0.1200,0.0431,SAFE,False,8,1,,,,,,
1771436122.045,0.0,,,,,,,,,,,,,,,0.0431,SAFE,,7,,t412_0,0.34,HIGH,LOCAL,SAFE: all tasks permitted (weight=0.34),
1771436122.047,0.0,53.47,4.8507,0.830,16.4,1,-22198.148,2.78292,0.01925,0.0000,0.0000,0.0000,0.0000,0.1925,0.1299,0.0452,SAFE,False,7,2,,,,,,
1771436122.047,0.0,54.18,4.8651,0.817,15.5,1,23361.670,25.49210,0.02009,0.0000,1.0000,0.0000,0.0000,0.2009,0.1234,0.2948,WARNING,False,7,2,,,,,,
1771436122.047,0.0,,,,,,,,,,,,,,,0.2948,WARNING,,7,,t414_0,0.36,LOW,OFFLOAD,WARNING: heavy task offloaded (weight=0.36 >= 0.3),
1771436122.047,0.0,53.94,4.8362,0.804,14.6,1,-12532.017,-15.99295,0.02014,0.0000,0.0000,0.0626,1.0000,0.2014,0.1172,0.2517,WARNING,False,7,2,,,,,,
1771436122.047,0.0,,,,,,,,,,,,,,,0.2517,WARNING,,7,,t415_0,0.79,HIGH,OFFLOAD,WARNING: heavy task offloaded (weight=0.79 >= 0.3),
1771436122.047,0.0,53.10,4.8608,0.793,13.8,1,-37260.595,31.71714,0.01713,0.0000,0.0000,0.0000,0.0000,0.1713,0.1116,0.0394,SAFE,False,7,2,,,,,,
1771436122.047,0.0,53.47,4.8347,0.783,13.0,1,-34584.271,-0.03941,0.01739,0.0000,0.0000,0.0698,0.0788,0.1739,0.1063,0.0635,SAFE,False,7,2,,,,,,
1771436122.047,0.0,,,,,,,,,,,,,,,0.0635,SAFE,,6,,t417_0,0.47,CRITICAL,LOCAL,SAFE: all tasks permitted (weight=0.47),
1771436122.047,0.0,53.40,4.8337,0.817,15.5,1,-4914.832,4.64512,0.01688,0.0000,0.0000,0.0741,0.0000,0.1688,0.1235,0.0512,SAFE,False,6,3,,,,,,
1771436122.047,0.0,52.98,4.8595,0.805,14.6,1,-38057.976,1.31446,0.01681,0.0000,0.0000,0.0000,0.0000,0.1681,0.1173,0.0403,SAFE,False,9,0,,,,,,window_reset|B=9
1771436122.047,0.0,53.56,4.8815,0.793,13.8,1,-5721.457,8.49784,0.01656,0.0000,0.0000,0.0000,0.0000,0.1656,0.1117,0.0389,SAFE,False,9,0,,,,,,
1771436122.047,0.0,52.85,4.8483,0.783,13.1,1,,,0.01587,0.0000,0.0000,0.0076,0.0000,0.1587,0.1064,0.0381,SAFE,False,9,0,,,,,,
1771436122.047,0.0,52.80,4.8835,0.773,12.3,1,,,0.01610,0.0000,0.0000,0.0000,0.0000,0.1610,0.1014,0.0364,SAFE,False,9,0,,,,,,
1771436122.047,0.0,,,,,,,,,,,,,,,0.0364,SAFE,,8,,t422_0,0.29,LOW,LOCAL,SAFE: all tasks permitted (weight=0.29),
1771436122.047,0.0,52.52,4.8618,0.791,13.6,1,,,0.01617,0.0000,0.0000,0.0000,0.0000,0.1617,0.1105,0.0383,SAFE,False,8,1,,,,,,
1771436122.047,0.0,52.52,4.8806,0.781,12.9,1,,,0.01719,0.0000,0.0000,0.0000,0.0000,0.1719,0.1053,0.0382,SAFE,False,8,1,,,,,,
1771436122.047,0.0,52.02,4.8540,0.771,12.2,1,,,0.01710,0.0000,0.0000,0.0000,0.0000,0.1710,0.1005,0.0372,SAFE,False,8,1,,,,,,
1771436122.047,0.0,,,,,,,,,,,,,,,0.0372,SAFE,,7,,t425_0,0.29,HIGH,LOCAL,SAFE: all tasks permitted (weight=0.29),
1771436122.047,0.0,52.48,4.8657,0.789,13.5,1,,,0.01712,0.0000,0.0000,0.0000,0.0000,0.1712,0.1097,0.0391,SAFE,False,7,2,,,,,,
1771436122.047,0.0,52.14,4.8895,0.779,12.8,1,,,0.01769,0.0000,0.0000,0.0000,0.0000,0.1769,0.1045,0.0386,SAFE,False,7,2,,,,,,
1771436122.047,0.0,,,,,,,,,,,,,,,0.0386,SAFE,,6,,t427_0,0.35,LOW,LOCAL,SAFE: all tasks permitted (weight=0.35),
1771436122.047,0.0,52.69,4.8426,0.803,14.5,1,,,0.01855,0.0000,0.0000,0.0334,0.0000,0.1855,0.1163,0.0462,SAFE,False,6,3,,,,,,
1771436122.047,0.0,51.95,4.8581,0.791,13.7,1,,,0.01680,0.0000,0.0000,0.0000,0.0000,0.1680,0.1107,0.0389,SAFE,False,6,3,,,,,,
1771436122.047,0.0,,,,,,,,,,,,,,,0.0389,SAFE,,5,,t429_0,0.58,NORMAL,LOCAL,SAFE: all tasks permitted (weight=0.58),
1771436122.047,0.0,,,,,,,,,,,,,,,0.0389,SAFE,,4,,t429_1,0.59,HIGH,LOCAL,SAFE: all tasks permitted (weight=0.59),
1771436122.047,0.0,52.64,4.8280,0.891,20.8,2,,,0.01769,0.0000,0.0000,0.1001,0.0000,0.1769,0.1755,0.0658,SAFE,False,4,5,,,,,,
1771436122.047,0.0,51.66,4.8160,0.873,19.5,2,,,0.02192,0.0000,0.0000,0.1543,0.0000,0.2192,0.1667,0.0753,SAFE,False,4,5,,,,,,
1771436122.047,0.0,51.89,4.8623,0.857,18.4,1,,,0.02091,0.0000,0.0000,0.0000,0.0000,0.2091,0.1436,0.0496,SAFE,False,4,5,,,,,,
1771436122.047,0.0,52.00,4.8215,0.842,17.3,1,,,0.02310,0.0000,0.0000,0.1296,0.0000,0.2310,0.1361,0.0672,SAFE,False,4,5,,,,,,
1771436122.047,0.0,52.10,4.8334,0.828,16.3,1,,,0.02213,0.0000,0.0000,0.0753,0.0000,0.2213,0.1291,0.0577,SAFE,False,9,0,,,,,,window_reset|B=9
1771436122.047,0.0,51.95,4.8618,0.815,15.4,1,,,0.02213,0.0000,0.0000,0.0000,0.0000,0.2213,0.1226,0.0466,SAFE,False,9,0,,,,,,
1771436122.047,0.0,52.22,4.8687,0.803,14.5,1,,,0.02102,0.0000,0.0000,0.0000,0.0000,0.2102,0.1165,0.0443,SAFE,False,9,0,,,,,,
1771436122.047,0.0,51.84,4.8635,0.792,13.7,1,,,0.02133,0.0000,0.0000,0.0000,0.0000,0.2133,0.1109,0.0435,SAFE,False,9,0,,,,,,
1771436122.047,0.0,52.47,4.8789,0.781,12.9,1,,,0.02238,0.0000,0.0000,0.0000,0.0000,0.2238,0.1056,0.0435,SAFE,False,9,0,,,,,,
1771436122.047,0.0,51.92,4.8411,0.772,12.3,1,,,0.01944,0.0000,0.0000,0.0404,0.0000,0.1944,0.1008,0.0448,SAFE,False,9,0,,,,,,
1771436122.047,0.0,51.98,4.8738,0.762,11.6,1,,,0.02059,0.0000,0.0000,0.0000,0.0000,0.2059,0.0962,0.0398,SAFE,False,9,0,,,,,,
1771436122.047,0.0,,,,,,,,,,,,,,,0.0398,SAFE,,8,,t440_0,0.29,HIGH,LOCAL,SAFE: all tasks permitted (weight=0.29),
1771436122.047,0.0,51.82,4.8762,0.782,13.0,1,,,0.02172,0.0000,0.0000,0.0000,0.0000,0.2172,0.1059,0.0429,SAFE,False,8,1,,,,,,
1771436122.047,0.0,51.77,4.8466,0.772,12.3,1,,,0.02058,0.0000,0.0000,0.0156,0.0000,0.2058,0.1010,0.0428,SAFE,False,8,1,,,,,,
1771436122.047,0.0,51.57,4.8841,0.763,11.6,1,,,0.01873,0.0000,0.0000,0.0000,0.0000,0.1873,0.0964,0.0380,SAFE,False,8,1,,,,,,
1771436122.047,0.0,51.18,4.8644,0.754,11.0,1,,,0.01876,0.0000,0.0000,0.0000,0.0000,0.1876,0.0922,0.0372,SAFE,False,8,1,,,,,,
1771436122.047,0.0,51.03,4.8989,0.747,10.5,0,,,0.01788,0.0000,0.0000,0.0000,0.0000,0.1788,0.0733,0.0325,SAFE,False,8,1,,,,,,
1771436122.047,0.0,,,,,,,,,,,,,,,0.0325,SAFE,,7,,t445_0,0.32,HIGH,LOCAL,SAFE: all tasks permitted (weight=0.32),
1771436122.047,0.0,50.79,4.8669,0.770,12.1,1,,,0.01496,0.0000,0.0000,0.0000,0.0000,0.1496,0.0999,0.0349,SAFE,False,7,2,,,,,,
1771436122.047,0.0,,,,,,,,,,,,,,,0.0349,SAFE,,6,,t446_0,0.56,NORMAL,LOCAL,SAFE: all tasks permitted (weight=0.56),
1771436122.047,0.0,50.46,4.8618,0.814,15.3,1,,,0.01496,0.0000,0.0000,0.0000,0.0000,0.1496,0.1218,0.0393,SAFE,False,6,3,,,,,,
1771436122.047,0.0,,,,,,,,,,,,,,,0.0393,SAFE,,5,,t447_0,0.62,LOW,LOCAL,SAFE: all tasks permitted (weight=0.62),
1771436122.047,0.0,51.90,4.8272,0.860,18.6,1,,,0.01886,0.0000,0.0000,0.1038,0.0000,0.1886,0.1450,0.0614,SAFE,False,5,4,,,,,,
1771436122.048,0.0,,,,,,,,,,,,,,,0.0614,SAFE,,4,,t448_0,0.27,HIGH,LOCAL,SAFE: all tasks permitted (weight=0.27),
1771436122.048,0.0,51.10,4.8543,0.870,19.3,2,-43201.786,-21.77668,0.01910,0.0000,0.0000,0.0000,1.0000,0.1910,0.1652,0.2522,WARNING,False,7,0,,,,,,window_reset|B=7
1771436122.048,0.0,51.75,4.8376,0.854,18.2,1,-1497.784,-8.90747,0.01990,0.0000,0.0000,0.0562,1.0000,0.1990,0.1422,0.2557,WARNING,False,7,0,,,,,,
1771436122.048,0.0,51.38,4.8571,0.840,17.1,1,-11391.343,-26.93017,0.01904,0.0000,0.0000,0.0000,1.0000,0.1904,0.1348,0.2460,WARNING,False,7,0,,,,,,
1771436122.048,0.0,,,,,,,,,,,,,,,0.2460,WARNING,,6,,t451_0,0.28,NORMAL,LOCAL,WARNING: lightweight task permitted (weight=0.28 < 0.3),
1771436122.048,0.0,51.54,4.8302,0.852,18.0,1,21738.886,-34.07392,0.02062,0.0000,1.0000,0.0901,1.0000,0.2062,0.1409,0.5105,WARNING,False,6,1,,,,,,
1771436122.048,0.0,51.62,4.8231,0.837,16.9,1,35422.199,-75.50115,0.02205,0.0000,1.0000,0.1221,1.0000,0.2205,0.1336,0.5146,WARNING,False,6,1,,,,,,
1771436122.048,0.0,51.30,4.8400,0.824,16.0,1,30648.346,-26.80940,0.02231,0.0000,1.0000,0.0453,1.0000,0.2231,0.1268,0.5036,WARNING,False,6,1,,,,,,
1771436122.048,0.0,51.44,4.8696,0.811,15.1,1,58731.435,7.77979,0.02099,0.0000,1.0000,0.0000,0.0000,0.2099,0.1204,0.2951,WARNING,False,6,1,,,,,,
1771436122.048,0.0,,,,,,,,,,,,,,,0.2951,WARNING,,6,,t455_0,0.54,HIGH,OFFLOAD,WARNING: heavy task offloaded (weight=0.54 >= 0.3),
1771436122.048,0.0,51.26,4.8768,0.799,14.2,1,-38302.202,49.43983,0.02183,0.0000,0.0000,0.0000,0.0000,0.2183,0.1145,0.0447,SAFE,False,6,1,,,,,,
1771436122.048,0.0,51.23,4.8647,0.788,13.4,1,,,0.01754,0.0000,0.0000,0.0000,0.0000,0.1754,0.1090,0.0393,SAFE,False,6,1,,,,,,
1771436122.048,0.0,51.14,4.9141,0.778,12.7,1,,,0.02459,0.0000,0.0000,0.0000,0.0000,0.2459,0.1039,0.0454,SAFE,False,6,1,,,,,,
1771436122.048,0.0,,,,,,,,,,,,,,,0.0454,SAFE,,5,,t458_0,0.45,LOW,LOCAL,SAFE: all tasks permitted (weight=0.45),
1771436122.048,0.0,51.71,4.8641,0.811,15.0,1,,,0.02465,0.0000,0.0000,0.0000,0.0000,0.2465,0.1203,0.0487,SAFE,False,5,2,,,,,,
1771436122.048,0.0,50.67,4.8388,0.799,14.2,1,,,0.02376,0.0000,0.0000,0.0510,0.0000,0.2376,0.1144,0.0533,SAFE,False,5,2,,,,,,
1771436122.048,0.0,50.79,4.8906,0.788,13.4,1,,,0.02560,0.0000,0.0000,0.0000,0.0000,0.2560,0.1089,0.0474,SAFE,False,5,2,,,,,,
1771436122.048,0.0,,,,,,,,,,,,,,,0.0474,SAFE,,4,,t461_0,0.52,NORMAL,LOCAL,SAFE: all tasks permitted (weight=0.52),
1771436122.048,0.0,51.23,4.8714,0.826,16.2,1,,,0.02496,0.0000,0.0000,0.0000,0.0000,0.2496,0.1282,0.0506,SAFE,False,4,3,,,,,,
1771436122.048,0.0,51.04,4.8564,0.814,15.3,1,,,0.02497,0.0000,0.0000,0.0000,0.0000,0.2497,0.1218,0.0493,SAFE,False,4,3,,,,,,
1771436122.048,0.0,51.07,4.8430,0.802,14.4,1,,,0.02385,0.0000,0.0000,0.0318,0.0000,0.2385,0.1158,0.0511,SAFE,False,9,0,,,,,,window_reset|B=9
1771436122.048,0.0,,,,,,,,,,,,,,,0.0511,SAFE,,8,,t464_0,0.24,LOW,LOCAL,SAFE: all tasks permitted (weight=0.24),
1771436122.048,0.0,50.72,4.8546,0.813,15.2,1,,,0.02090,0.0000,0.0000,0.0000,0.0000,0.2090,0.1214,0.0452,SAFE,False,8,1,,,,,,
1771436122.048,0.0,50.79,4.8641,0.801,14.3,1,,,0.01948,0.0000,0.0000,0.0000,0.0000,0.1948,0.1154,0.0426,SAFE,False,8,1,,,,,,
1771436122.048,0.0,50.86,4.8472,0.790,13.6,1,,,0.02024,0.0000,0.0000,0.0129,0.0000,0.2024,0.1099,0.0439,SAFE,False,8,1,,,,,,
1771436122.048,0.0,,,,,,,,,,,,,,,0.0439,SAFE,,7,,t467_0,0.32,CRITICAL,LOCAL,SAFE: all tasks permitted (weight=0.32),
1771436122.048,0.0,51.09,4.8453,0.810,15.0,1,,,0.02064,0.0000,0.0000,0.0214,0.0000,0.2064,0.1199,0.0474,SAFE,False,7,2,,,,,,
1771436122.048,0.0,50.49,4.8592,0.798,14.1,1,,,0.02066,0.0000,0.0000,0.0000,0.0000,0.2066,0.1140,0.0435,SAFE,False,7,2,,,,,,
1771436122.048,0.0,50.28,4.8726,0.787,13.4,1,,,0.01417,0.0000,0.0000,0.0000,0.0000,0.1417,0.1086,0.0359,SAFE,False,7,2,,,,,,
1771436122.048,0.0,50.20,4.8779,0.777,12.6,1,,,0.01507,0.0000,0.0000,0.0000,0.0000,0.1507,0.1035,0.0358,SAFE,False,7,2,,,,,,
1771436122.048,0.0,,,,,,,,,,,,,,,0.0358,SAFE,,6,,t471_0,0.54,NORMAL,LOCAL,SAFE: all tasks permitted (weight=0.54),
1771436122.048,0.0,50.70,4.8537,0.819,15.7,1,,,0.01382,0.0000,0.0000,0.0000,0.0000,0.1382,0.1246,0.0388,SAFE,False,6,3,,,,,,
1771436122.048,0.0,49.67,4.8558,0.807,14.8,1,,,0.01068,0.0000,0.0000,0.0000,0.0000,0.1068,0.1184,0.0344,SAFE,False,6,3,,,,,,
1771436122.048,0.0,50.27,4.8721,0.795,14.0,1,,,0.01075,0.0000,0.0000,0.0000,0.0000,0.1075,0.1127,0.0333,SAFE,False,6,3,,,,,,
1771436122.048,0.0,50.70,4.8634,0.785,13.2,1,,,0.01081,0.0000,0.0000,0.0000,0.0000,0.1081,0.1073,0.0323,SAFE,False,6,3,,,,,,
1771436122.048,0.0,,,,,,,,,,,,,,,0.0323,SAFE,,5,,t475_0,0.23,HIGH,LOCAL,SAFE: all tasks permitted (weight=0.23),
1771436122.048,0.0,50.50,4.8475,0.797,14.1,1,,,0.01031,0.0000,0.0000,0.0112,0.0000,0.1031,0.1134,0.0344,SAFE,False,5,4,,,,,,
1771436122.048,0.0,50.03,4.8454,0.786,13.3,1,,,0.01096,0.0000,0.0000,0.0208,0.0000,0.1096,0.1080,0.0353,SAFE,False,5,4,,,,,,
1771436122.048,0.0,,,,,,,,,,,,,,,0.0353,SAFE,,4,,t477_0,0.48,NORMAL,LOCAL,SAFE: all tasks permitted (weight=0.48),
1771436122.048,0.0,50.35,4.8574,0.822,15.8,1,,,0.01084,0.0000,0.0000,0.0000,0.0000,0.1084,0.1258,0.0360,SAFE,False,4,5,,,,,,
1771436122.048,0.0,,,,,,,,,,,,,,,0.0360,SAFE,,3,,t478_0,0.62,LOW,LOCAL,SAFE: all tasks permitted (weight=0.62),
1771436122.048,0.0,50.56,4.8306,0.868,19.1,2,,,0.01299,0.0000,0.0000,0.0881,0.0000,0.1299,0.1640,0.0572,SAFE,False,9,0,,,,,,window_reset|B=9
1771436122.048,0.0,50.10,4.8495,0.852,18.0,1,,,0.01273,0.0000,0.0000,0.0021,0.0000,0.1273,0.1411,0.0412,SAFE,False,9,0,,,,,,
1771436122.048,0.0,,,,,,,,,,,,,,,0.0412,SAFE,,8,,t480_0,0.67,HIGH,LOCAL,SAFE: all tasks permitted (weight=0.67),
1771436122.048,0.0,,,,,,,,,,,,,,,0.0412,SAFE,,7,,t480_1,0.45,CRITICAL,LOCAL,SAFE: all tasks permitted (weight=0.45),
1771436122.048,0.0,50.81,4.8113,0.945,24.6,2,,,0.01791,0.0000,0.0000,0.1761,0.0000,0.1791,0.2024,0.0813,SAFE,False,7,2,,,,,,
1771436122.048,0.0,50.70,4.8265,0.924,23.1,2,,,0.01826,0.0000,0.0000,0.1070,0.0000,0.1826,0.1918,0.0705,SAFE,False,7,2,,,,,,
1771436122.048,0.0,51.11,4.8335,0.904,21.7,2,,,0.01650,0.0000,0.0000,0.0752,0.0000,0.1650,0.1820,0.0627,SAFE,False,7,2,,,,,,
1771436122.049,0.0,,,,,,,,,,,,,,,0.0627,SAFE,,6,,t483_0,0.80,HIGH,LOCAL,SAFE: all tasks permitted (weight=0.80),
1771436122.049,0.0,,,,,,,,,,,,,,,0.0627,SAFE,,5,,t483_1,0.31,LOW,LOCAL,SAFE: all tasks permitted (weight=0.31),
1771436122.049,0.0,50.47,4.7978,0.992,28.0,3,-2166.639,-49.59100,0.02086,0.0000,0.0000,0.2374,1.0000,0.2086,0.2408,0.2999,WARNING,False,5,4,,,,,,
1771436122.049,0.0,51.59,4.8397,0.967,26.2,2,93424.827,-5.71629,0.02037,0.0000,1.0000,0.0468,1.0000,0.2037,0.2135,0.5192,WARNING,False,5,4,,,,,,
1771436122.049,0.0,,,,,,,,,,,,,,,0.5192,WARNING,,5,,t485_0,0.71,HIGH,OFFLOAD,WARNING: heavy task offloaded (weight=0.71 >= 0.3),
1771436122.049,0.0,,,,,,,,,,,,,,,0.5192,WARNING,,5,,t485_1,0.35,NORMAL,OFFLOAD,WARNING: heavy task offloaded (weight=0.35 >= 0.3),
1771436122.049,0.0,51.47,4.8411,0.944,24.6,2,66761.792,-16.29947,0.01790,0.0000,1.0000,0.0405,1.0000,0.1790,0.2022,0.5136,WARNING,False,5,4,,,,,,
1771436122.049,0.0,51.87,4.8311,0.923,23.1,2,78315.981,0.49633,0.01606,0.0000,1.0000,0.0859,0.0000,0.1606,0.1916,0.3155,WARNING,False,5,4,,,,,,
1771436122.049,0.0,52.44,4.8112,0.903,21.7,2,140066.839,-38.23156,0.01669,0.0000,1.0000,0.1765,1.0000,0.1669,0.1817,0.5260,WARNING,False,5,4,,,,,,
1771436122.049,0.0,,,,,,,,,,,,,,,0.5260,WARNING,,5,,t488_0,0.58,LOW,OFFLOAD,WARNING: heavy task offloaded (weight=0.58 >= 0.3),
1771436122.049,0.0,51.53,4.8633,0.885,20.4,2,42999.974,51.81633,0.01857,0.0000,1.0000,0.0000,0.0000,0.1857,0.1726,0.3031,WARNING,False,5,4,,,,,,
1771436122.049,0.0,,,,,,,,,,,,,,,0.3031,WARNING,,4,,t489_0,0.28,LOW,LOCAL,WARNING: lightweight task permitted (weight=0.28 < 0.3),
1771436122.049,0.0,51.55,4.8326,0.895,21.1,2,50872.308,6.08748,0.01702,0.0000,1.0000,0.0793,0.0000,0.1702,0.1777,0.3129,WARNING,False,4,5,,,,,,
1771436122.049,0.0,,,,,,,,,,,,,,,0.3129,WARNING,,4,,t490_0,0.41,HIGH,OFFLOAD,WARNING: heavy task offloaded (weight=0.41 >= 0.3),
1771436122.049,0.0,52.45,4.8115,0.878,19.8,2,80137.592,-21.91131,0.01783,0.0000,1.0000,0.1751,1.0000,0.1783,0.1688,0.5244,WARNING,False,4,5,,,,,,
1771436122.049,0.0,,,,,,,,,,,,,,,0.5244,WARNING,,4,,t491_0,0.41,HIGH,OFFLOAD,WARNING: heavy task offloaded (weight=0.41 >= 0.3),
1771436122.049,0.0,51.88,4.8231,0.861,18.7,1,,,0.01676,0.0000,0.0000,0.1225,0.0000,0.1676,0.1456,0.0618,SAFE,False,4,5,,,,,,
1771436122.049,0.0,52.28,4.8517,0.846,17.6,1,,,0.01734,0.0000,0.0000,0.0000,0.0000,0.1734,0.1379,0.0449,SAFE,False,4,5,,,,,,
1771436122.049,0.0,52.17,4.8705,0.832,16.5,1,,,0.02053,0.0000,0.0000,0.0000,0.0000,0.2053,0.1308,0.0467,SAFE,False,9,0,,,,,,window_reset|B=9
1771436122.049,0.0,52.17,4.8414,0.818,15.6,1,,,0.02063,0.0000,0.0000,0.0389,0.0000,0.2063,0.1241,0.0505,SAFE,False,9,0,,,,,,
1771436122.049,0.0,52.40,4.8476,0.806,14.7,1,,,0.01760,0.0000,0.0000,0.0111,0.0000,0.1760,0.1180,0.0426,SAFE,False,9,0,,,,,,
1771436122.049,0.0,,,,,,,,,,,,,,,0.0426,SAFE,,8,,t496_0,0.22,HIGH,LOCAL,SAFE: all tasks permitted (weight=0.22),
1771436122.049,0.0,52.04,4.8978,0.815,15.4,1,,,0.02403,0.0000,0.0000,0.0000,0.0000,0.2403,0.1227,0.0486,SAFE,False,8,1,,,,,,
1771436122.049,0.0,52.48,4.8696,0.803,14.5,1,,,0.02505,0.0000,0.0000,0.0000,0.0000,0.2505,0.1166,0.0484,SAFE,False,8,1,,,,,,
1771436122.049,0.0,52.17,4.8411,0.792,13.7,1,,,0.02471,0.0000,0.0000,0.0406,0.0000,0.2471,0.1110,0.0522,SAFE,False,8,1,,,,,,
1771436122.049,0.0,,,,,,,,,,,,,,,0.0522,SAFE,,7,,t499_0,0.85,HIGH,LOCAL,SAFE: all tasks permitted (weight=0.85),
1771436122.049,0.0,,,,,,,,,,,,,,,0.0522,SAFE,,6,,t499_1,0.69,NORMAL,LOCAL,SAFE: all tasks permitted (weight=0.69),
1771436122.049,0.0,52.43,4.8402,0.929,23.5,2,,,0.02242,0.0000,0.0000,0.0447,0.0000,0.2242,0.1945,0.0671,SAFE,False,6,3,,,,,,
1771436122.049,0.0,52.40,4.8289,0.909,22.1,2,,,0.02263,0.0000,0.0000,0.0957,0.0000,0.2263,0.1845,0.0720,SAFE,False,6,3,,,,,,
1771436122.049,0.0,,,,,,,,,,,,,,,0.0720,SAFE,,5,,t501_0,0.56,LOW,LOCAL,SAFE: all tasks permitted (weight=0.56),
1771436122.049,0.0,52.27,4.8299,0.944,24.6,2,,,0.02278,0.0000,0.0000,0.0913,0.0000,0.2278,0.2019,0.0750,SAFE,False,5,4,,,,,,
1771436122.049,0.0,52.25,4.8074,0.923,23.1,2,,,0.02332,0.0000,0.0000,0.1937,0.0000,0.2332,0.1914,0.0868,SAFE,False,5,4,,,,,,
1771436122.049,0.0,52.35,4.8493,0.903,21.6,2,,,0.02230,0.0000,0.0000,0.0031,0.0000,0.2230,0.1815,0.0590,SAFE,False,5,4,,,,,,
1771436122.049,0.0,,,,,,,,,,,,,,,0.0590,SAFE,,4,,t504_0,0.55,HIGH,LOCAL,SAFE: all tasks permitted (weight=0.55),
1771436122.049,0.0,52.56,4.8159,0.938,24.2,2,,,0.02393,0.0000,0.0000,0.1550,0.0000,0.2393,0.1991,0.0839,SAFE,False,4,5,,,,,,
1771436122.049,0.0,,,,,,,,,,,,,,,0.0839,SAFE,,3,,t505_0,0.46,CRITICAL,LOCAL,SAFE: all tasks permitted (weight=0.46),
1771436122.049,0.0,53.05,4.8205,0.961,25.8,2,,,0.02347,0.0000,0.0000,0.1342,0.0000,0.2347,0.2106,0.0830,SAFE,False,3,6,,,,,,
1771436122.049,0.0,52.90,4.8185,0.939,24.2,2,,,0.02426,0.0000,0.0000,0.1433,0.0000,0.2426,0.1995,0.0828,SAFE,False,3,6,,,,,,
1771436122.049,0.0,53.29,4.8377,0.918,22.7,2,,,0.02412,0.0000,0.0000,0.0558,0.0000,0.2412,0.1891,0.0692,SAFE,False,3,6,,,,,,
1771436122.049,0.0,53.62,4.8302,0.899,21.3,2,,,0.01605,0.0000,0.0000,0.0901,0.0000,0.1605,0.1794,0.0636,SAFE,False,9,0,,,,,,window_reset|B=9
1771436122.049,0.0,53.26,4.8361,0.881,20.1,2,,,0.01165,0.0000,0.0000,0.0631,0.0000,0.1165,0.1704,0.0539,SAFE,False,9,0,,,,,,
1771436122.049,0.0,52.81,4.8510,0.864,18.9,1,,,0.01274,0.0000,0.0000,0.0000,0.0000,0.1274,0.1470,0.0421,SAFE,False,9,0,,,,,,
1771436122.049,0.0,,,,,,,,,,,,,,,0.0421,SAFE,,8,,t511_0,0.37,LOW,LOCAL,SAFE: all tasks permitted (weight=0.37),
1771436122.049,0.0,53.86,4.8482,0.884,20.3,2,,,0.01342,0.0000,0.0000,0.0081,0.0000,0.1342,0.1720,0.0489,SAFE,False,8,1,,,,,,
1771436122.049,0.0,53.37,4.8536,0.867,19.1,2,,,0.01476,0.0000,0.0000,0.0000,0.0000,0.1476,0.1636,0.0475,SAFE,False,8,1,,,,,,
1771436122.049,0.0,52.86,4.8359,0.851,18.0,1,,,0.01474,0.0000,0.0000,0.0640,0.0000,0.1474,0.1407,0.0512,SAFE,False,8,1,,,,,,
1771436122.049,0.0,,,,,,,,,,,,,,,0.0512,SAFE,,7,,t514_0,0.46,NORMAL,LOCAL,SAFE: all tasks permitted (weight=0.46),
1771436122.049,0.0,53.35,4.7988,0.882,20.1,2,,,0.01614,0.0000,0.0000,0.2328,0.0000,0.1614,0.1708,0.0806,SAFE,False,7,2,,,,,,
1771436122.050,0.0,,,,,,,,,,,,,,,0.0806,SAFE,,6,,t515_0,0.29,NORMAL,LOCAL,SAFE: all tasks permitted (weight=0.29),
1771436122.050,0.0,53.67,4.8123,0.893,20.9,2,22948.658,-25.39934,0.01626,0.0000,1.0000,0.1711,1.0000,0.1626,0.1764,0.5238,WARNING,False,6,3,,,,,,
1771436122.050,0.0,,,,,,,,,,,,,,,0.5238,WARNING,,6,,t516_0,0.48,LOW,OFFLOAD,WARNING: heavy task offloaded (weight=0.48 >= 0.3),
1771436122.050,0.0,53.65,4.8455,0.875,19.7,2,1500.981,15.33102,0.01619,0.0000,1.0000,0.0205,0.0000,0.1619,0.1677,0.3024,WARNING,False,6,3,,,,,,
1771436122.050,0.0,53.97,4.8457,0.859,18.5,1,42510.394,9.62360,0.01615,0.0000,1.0000,0.0194,0.0000,0.1615,0.1445,0.2976,WARNING,False,6,3,,,,,,
1771436122.050,0.0,,,,,,,,,,,,,,,0.2976,WARNING,,6,,t518_0,0.65,HIGH,OFFLOAD,WARNING: heavy task offloaded (weight=0.65 >= 0.3),
1771436122.050,0.0,53.69,4.8279,0.844,17.4,1,52743.024,-23.15867,0.01557,0.0000,1.0000,0.1007,1.0000,0.1557,0.1369,0.5060,WARNING,False,6,3,,,,,,
1771436122.050,0.0,,,,,,,,,,,,,,,0.5060,WARNING,,5,,t519_0,0.29,NORMAL,LOCAL,WARNING: lightweight task permitted (weight=0.29 < 0.3),
1771436122.050,0.0,53.78,4.8497,0.857,18.4,1,-4526.498,1.46168,0.01607,0.0000,0.0000,0.0015,0.0000,0.1607,0.1437,0.0450,SAFE,False,5,4,,,,,,
1771436122.050,0.0,53.46,4.8284,0.842,17.3,1,5501.437,-25.29826,0.01614,0.0000,1.0000,0.0983,1.0000,0.1614,0.1361,0.5062,WARNING,False,5,4,,,,,,
1771436122.050,0.0,53.53,4.8456,0.828,16.3,1,40057.026,9.71410,0.01635,0.0000,1.0000,0.0199,0.0000,0.1635,0.1291,0.2948,WARNING,False,5,4,,,,,,
1771436122.050,0.0,,,,,,,,,,,,,,,0.2948,WARNING,,5,,t522_0,0.72,NORMAL,OFFLOAD,WARNING: heavy task offloaded (weight=0.72 >= 0.3),
1771436122.050,0.0,53.20,4.8421,0.815,15.4,1,-9087.490,43.38479,0.01589,0.0000,0.0000,0.0358,0.0000,0.1589,0.1226,0.0451,SAFE,False,5,4,,,,,,
1771436122.050,0.0,52.97,4.8846,0.803,14.5,1,,,0.02066,0.0000,0.0000,0.0000,0.0000,0.2066,0.1165,0.0440,SAFE,False,9,0,,,,,,window_reset|B=9
1771436122.050,0.0,53.08,4.8555,0.792,13.7,1,,,0.02078,0.0000,0.0000,0.0000,0.0000,0.2078,0.1109,0.0430,SAFE,False,9,0,,,,,,
1771436122.050,0.0,,,,,,,,,,,,,,,0.0430,SAFE,,8,,t525_0,0.50,CRITICAL,LOCAL,SAFE: all tasks permitted (weight=0.50),
1771436122.050,0.0,52.56,4.8653,0.830,16.4,1,,,0.02193,0.0000,0.0000,0.0000,0.0000,0.2193,0.1299,0.0479,SAFE,False,8,1,,,,,,
1771436122.050,0.0,,,,,,,,,,,,,,,0.0479,SAFE,,7,,t526_0,0.65,NORMAL,LOCAL,SAFE: all tasks permitted (weight=0.65),
1771436122.050,0.0,53.32,4.8433,0.880,20.0,2,,,0.01770,0.0000,0.0000,0.0304,0.0000,0.1770,0.1699,0.0556,SAFE,False,7,2,,,,,,
1771436122.050,0.0,53.01,4.8640,0.863,18.8,1,,,0.01522,0.0000,0.0000,0.0000,0.0000,0.1522,0.1465,0.0445,SAFE,False,7,2,,,,,,
1771436122.050,0.0,,,,,,,,,,,,,,,0.0445,SAFE,,6,,t528_0,0.42,LOW,LOCAL,SAFE: all tasks permitted (weight=0.42),
1771436122.050,0.0,53.86,4.8213,0.888,20.6,2,,,0.01714,0.0000,0.0000,0.1304,0.0000,0.1714,0.1741,0.0689,SAFE,False,6,3,,,,,,
1771436122.050,0.0,53.30,4.8616,0.871,19.3,2,,,0.01754,0.0000,0.0000,0.0000,0.0000,0.1754,0.1654,0.0506,SAFE,False,6,3,,,,,,
1771436122.050,0.0,,,,,,,,,,,,,,,0.0506,SAFE,,5,,t530_0,0.80,LOW,LOCAL,SAFE: all tasks permitted (weight=0.80),
1771436122.050,0.0,,,,,,,,,,,,,,,0.0506,SAFE,,4,,t530_1,0.32,LOW,LOCAL,SAFE: all tasks permitted (weight=0.32),
1771436122.050,0.0,53.66,4.8225,0.964,26.0,2,,,0.01813,0.0000,0.0000,0.1251,0.0000,0.1813,0.2120,0.0768,SAFE,False,4,5,,,,,,
1771436122.050,0.0,53.44,4.8175,0.941,24.4,2,,,0.02006,0.0000,0.0000,0.1479,0.0000,0.2006,0.2007,0.0794,SAFE,False,4,5,,,,,,
1771436122.050,0.0,,,,,,,,,,,,,,,0.0794,SAFE,,3,,t532_0,0.56,HIGH,LOCAL,SAFE: all tasks permitted (weight=0.56),
1771436122.050,0.0,54.07,4.8296,0.975,26.8,2,,,0.01998,0.0000,0.0000,0.0928,0.0000,0.1998,0.2174,0.0755,SAFE,False,3,6,,,,,,
1771436122.050,0.0,53.51,4.7939,0.952,25.1,2,,,0.02464,0.0000,0.0000,0.2548,0.0000,0.2464,0.2058,0.0989,SAFE,False,3,6,,,,,,
1771436122.050,0.0,,,,,,,,,,,,,,,0.0989,SAFE,,2,,t534_0,0.37,CRITICAL,LOCAL,SAFE: all tasks permitted (weight=0.37),
1771436122.050,0.0,54.18,4.8061,0.966,26.1,2,,,0.02654,0.0000,0.0000,0.1997,0.0000,0.2654,0.2130,0.0951,SAFE,False,2,7,,,,,,
1771436122.050,0.0,54.02,4.7989,0.943,24.5,2,,,0.02471,0.0000,0.0000,0.2321,0.0000,0.2471,0.2017,0.0952,SAFE,False,2,7,,,,,,
1771436122.050,0.0,54.39,4.8051,0.922,23.0,2,,,0.02457,0.0000,0.0000,0.2039,0.0000,0.2457,0.1911,0.0893,SAFE,False,2,7,,,,,,
1771436122.050,0.0,53.99,4.8291,0.903,21.6,2,,,0.02180,0.0000,0.0000,0.0951,0.0000,0.2180,0.1813,0.0704,SAFE,False,2,7,,,,,,
1771436122.050,0.0,54.77,4.8295,0.884,20.3,2,,,0.02113,0.0000,0.0000,0.0933,0.0000,0.2113,0.1722,0.0677,SAFE,False,9,0,,,,,,window_reset|B=9
1771436122.050,0.0,54.33,4.8270,0.867,19.1,2,,,0.01731,0.0000,0.0000,0.1044,0.0000,0.1731,0.1637,0.0636,SAFE,False,9,0,,,,,,
1771436122.050,0.0,54.69,4.8505,0.852,18.0,1,,,0.01925,0.0000,0.0000,0.0000,0.0000,0.1925,0.1408,0.0474,SAFE,False,9,0,,,,,,
1771436122.050,0.0,,,,,,,,,,,,,,,0.0474,SAFE,,8,,t541_0,0.64,HIGH,LOCAL,SAFE: all tasks permitted (weight=0.64),
1771436122.050,0.0,54.56,4.8526,0.899,21.4,2,,,0.01783,0.0000,0.0000,0.0000,0.0000,0.1783,0.1797,0.0538,SAFE,False,8,1,,,,,,
1771436122.050,0.0,54.36,4.8095,0.881,20.1,2,,,0.01815,0.0000,0.0000,0.1840,0.0000,0.1815,0.1707,0.0762,SAFE,False,8,1,,,,,,
1771436122.050,0.0,54.60,4.8387,0.865,18.9,1,,,0.01876,0.0000,0.0000,0.0514,0.0000,0.1876,0.1473,0.0549,SAFE,False,8,1,,,,,,
1771436122.050,0.0,54.16,4.8399,0.849,17.8,1,,,0.01929,0.0000,0.0000,0.0461,0.0000,0.1929,0.1395,0.0532,SAFE,False,8,1,,,,,,
1771436122.050,0.0,54.32,4.8612,0.835,16.8,1,,,0.01969,0.0000,0.0000,0.0000,0.0000,0.1969,0.1323,0.0462,SAFE,False,8,1,,,,,,
1771436122.050,0.0,54.18,4.8686,0.821,15.8,1,,,0.02115,0.0000,0.0000,0.0000,0.0000,0.2115,0.1256,0.0463,SAFE,False,8,1,,,,,,
1771436122.050,0.0,54.16,4.8882,0.809,14.9,1,,,0.02305,0.0000,0.0000,0.0000,0.0000,0.2305,0.1193,0.0469,SAFE,False,8,1,,,,,,
1771436122.050,0.0,53.85,4.8789,0.797,14.1,1,,,0.02232,0.0000,0.0000,0.0000,0.0000,0.2232,0.1135,0.0450,SAFE,False,8,1,,,,,,
1771436122.050,0.0,53.92,4.8470,0.786,13.3,1,,,0.02160,0.0000,0.0000,0.0137,0.0000,0.2160,0.1080,0.0450,SAFE,False,8,1,,,,,,
1771436122.050,0.0,53.48,4.8669,0.776,12.6,1,,,0.02121,0.0000,0.0000,0.0000,0.0000,0.2121,0.1030,0.0418,SAFE,False,8,1,,,,,,
1771436122.051,0.0,53.91,4.8641,0.767,11.9,1,-41403.746,25.41054,0.01995,0.0000,0.0000,0.0000,0.0000,0.1995,0.0983,0.0396,SAFE,False,8,1,,,,,,
1771436122.051,0.0,,,,,,,,,,,,,,,0.0396,SAFE,,7,,t552_0,0.26,NORMAL,LOCAL,SAFE: all tasks permitted (weight=0.26),
1771436122.051,0.0,53.50,4.8786,0.783,13.1,1,-39362.421,38.68211,0.02085,0.0000,0.0000,0.0000,0.0000,0.2085,0.1066,0.0422,SAFE,False,7,2,,,,,,
1771436122.051,0.0,,,,,,,,,,,,,,,0.0422,SAFE,,6,,t553_0,0.75,HIGH,LOCAL,SAFE: all tasks permitted (weight=0.75),
1771436122.051,0.0,,,,,,,,,,,,,,,0.0422,SAFE,,5,,t553_1,0.40,NORMAL,LOCAL,SAFE: all tasks permitted (weight=0.40),
1771436122.051,0.0,52.87,4.8360,0.887,20.5,2,-86608.680,-25.27876,0.02169,0.0000,0.0000,0.0638,1.0000,0.2169,0.1733,0.2646,WARNING,False,7,0,,,,,,window_reset|B=7
1771436122.051,0.0,53.14,4.8428,0.869,19.2,2,-62214.617,-25.73992,0.01717,0.0000,0.0000,0.0326,1.0000,0.1717,0.1647,0.2543,WARNING,False,7,0,,,,,,
1771436122.051,0.0,52.94,4.8579,0.854,18.1,1,-73183.857,-30.34368,0.01603,0.0000,0.0000,0.0000,1.0000,0.1603,0.1418,0.2444,WARNING,False,7,0,,,,,,
1771436122.051,0.0,53.49,4.8335,0.839,17.1,1,-21240.117,-45.38440,0.01680,0.0000,0.0000,0.0748,1.0000,0.1680,0.1344,0.2534,WARNING,False,7,0,,,,,,
1771436122.051,0.0,53.23,4.8478,0.825,16.1,1,-41417.802,0.80064,0.01715,0.0000,0.0000,0.0100,0.0000,0.1715,0.1275,0.0439,SAFE,False,7,0,,,,,,
1771436122.051,0.0,53.65,4.8643,0.812,15.2,1,9972.688,-2.62000,0.01699,0.0000,1.0000,0.0000,1.0000,0.1699,0.1211,0.4912,WARNING,False,7,0,,,,,,
1771436122.051,0.0,53.07,4.9048,0.800,14.3,1,,,0.01976,0.0000,0.0000,0.0000,0.0000,0.1976,0.1151,0.0428,SAFE,False,7,0,,,,,,
1771436122.051,0.0,53.72,4.8916,0.789,13.5,1,,,0.02103,0.0000,0.0000,0.0000,0.0000,0.2103,0.1096,0.0429,SAFE,False,7,0,,,,,,
1771436122.051,0.0,53.07,4.8539,0.779,12.8,1,,,0.02073,0.0000,0.0000,0.0000,0.0000,0.2073,0.1044,0.0416,SAFE,False,7,0,,,,,,
1771436122.051,0.0,52.86,4.8592,0.769,12.1,1,,,0.02068,0.0000,0.0000,0.0000,0.0000,0.2068,0.0996,0.0406,SAFE,False,7,0,,,,,,
1771436122.051,0.0,52.61,4.8717,0.760,11.5,1,,,0.02087,0.0000,0.0000,0.0000,0.0000,0.2087,0.0952,0.0399,SAFE,False,7,0,,,,,,
1771436122.051,0.0,,,,,,,,,,,,,,,0.0399,SAFE,,6,,t564_0,0.76,LOW,LOCAL,SAFE: all tasks permitted (weight=0.76),
1771436122.051,0.0,52.49,4.8676,0.827,16.2,1,,,0.02035,0.0000,0.0000,0.0000,0.0000,0.2035,0.1284,0.0460,SAFE,False,6,1,,,,,,
1771436122.051,0.0,52.32,4.8446,0.814,15.3,1,,,0.01960,0.0000,0.0000,0.0246,0.0000,0.1960,0.1219,0.0472,SAFE,False,6,1,,,,,,
1771436122.051,0.0,52.39,4.8533,0.802,14.4,1,,,0.01896,0.0000,0.0000,0.0000,0.0000,0.1896,0.1159,0.0422,SAFE,False,6,1,,,,,,
1771436122.051,0.0,52.42,4.8500,0.791,13.6,1,,,0.01925,0.0000,0.0000,0.0000,0.0000,0.1925,0.1103,0.0413,SAFE,False,6,1,,,,,,
1771436122.051,0.0,,,,,,,,,,,,,,,0.0413,SAFE,,5,,t568_0,0.22,HIGH,LOCAL,SAFE: all tasks permitted (weight=0.22),
1771436122.051,0.0,52.54,4.8427,0.802,14.4,1,,,0.01827,0.0000,0.0000,0.0332,0.0000,0.1827,0.1161,0.0458,SAFE,False,9,0,,,,,,window_reset|B=9
1771436122.051,0.0,52.10,4.8886,0.791,13.6,1,,,0.01897,0.0000,0.0000,0.0000,0.0000,0.1897,0.1105,0.0411,SAFE,False,9,0,,,,,,
1771436122.051,0.0,51.78,4.8295,0.780,12.9,1,,,0.02150,0.0000,0.0000,0.0931,0.0000,0.2150,0.1052,0.0547,SAFE,False,9,0,,,,,,
1771436122.051,0.0,,,,,,,,,,,,,,,0.0547,SAFE,,8,,t571_0,0.27,HIGH,LOCAL,SAFE: all tasks permitted (weight=0.27),
1771436122.051,0.0,52.23,4.8368,0.798,14.1,1,,,0.01853,0.0000,0.0000,0.0598,0.0000,0.1853,0.1139,0.0491,SAFE,False,8,1,,,,,,
1771436122.051,0.0,52.34,4.8663,0.787,13.3,1,,,0.01575,0.0000,0.0000,0.0000,0.0000,0.1575,0.1084,0.0374,SAFE,False,8,1,,,,,,
1771436122.051,0.0,52.01,4.8420,0.777,12.6,1,,,0.01618,0.0000,0.0000,0.0365,0.0000,0.1618,0.1034,0.0416,SAFE,False,8,1,,,,,,
1771436122.051,0.0,51.71,4.8503,0.767,12.0,1,,,0.01615,0.0000,0.0000,0.0000,0.0000,0.1615,0.0987,0.0359,SAFE,False,8,1,,,,,,
1771436122.051,0.0,51.36,4.8575,0.759,11.3,1,,,0.01528,0.0000,0.0000,0.0000,0.0000,0.1528,0.0943,0.0341,SAFE,False,8,1,,,,,,
1771436122.051,0.0,51.78,4.8919,0.750,10.7,0,,,0.01843,0.0000,0.0000,0.0000,0.0000,0.1843,0.0752,0.0335,SAFE,False,8,1,,,,,,
1771436122.051,0.0,51.49,4.8752,0.743,10.2,0,,,0.01900,0.0000,0.0000,0.0000,0.0000,0.1900,0.0714,0.0333,SAFE,False,8,1,,,,,,
1771436122.051,0.0,,,,,,,,,,,,,,,0.0333,SAFE,,7,,t578_0,0.58,NORMAL,LOCAL,SAFE: all tasks permitted (weight=0.58),
1771436122.051,0.0,51.23,4.8701,0.793,13.8,1,,,0.01930,0.0000,0.0000,0.0000,0.0000,0.1930,0.1117,0.0416,SAFE,False,7,2,,,,,,
1771436122.051,0.0,50.78,4.8789,0.783,13.1,1,,,0.01989,0.0000,0.0000,0.0000,0.0000,0.1989,0.1064,0.0412,SAFE,False,7,2,,,,,,
1771436122.052,0.0,51.47,4.8511,0.773,12.4,1,-52330.401,-15.12670,0.01939,0.0000,0.0000,0.0000,1.0000,0.1939,0.1015,0.2397,SAFE,False,7,2,,,,,,
1771436122.052,0.0,51.15,4.8780,0.764,11.7,1,-51196.312,36.01784,0.01835,0.0000,0.0000,0.0000,0.0000,0.1835,0.0969,0.0377,SAFE,False,7,2,,,,,,
1771436122.052,0.0,50.71,4.8585,0.755,11.1,1,-59950.837,8.22116,0.01583,0.0000,0.0000,0.0000,0.0000,0.1583,0.0927,0.0344,SAFE,False,7,2,,,,,,
1771436122.052,0.0,,,,,,,,,,,,,,,0.0344,SAFE,,6,,t583_0,0.24,NORMAL,LOCAL,SAFE: all tasks permitted (weight=0.24),
1771436122.052,0.0,51.12,4.8970,0.772,12.3,1,-14482.493,39.48704,0.01625,0.0000,0.0000,0.0000,0.0000,0.1625,0.1008,0.0364,SAFE,False,9,0,,,,,,window_reset|B=9
1771436122.052,0.0,50.40,4.8915,0.762,11.6,1,-82769.047,-0.35758,0.01747,0.0000,0.0000,0.0000,0.7152,0.1747,0.0962,0.1797,SAFE,False,9,0,,,,,,
1771436122.052,0.0,50.31,4.8568,0.754,11.0,1,-70754.205,-18.41462,0.01588,0.0000,0.0000,0.0000,1.0000,0.1588,0.0920,0.2343,SAFE,False,9,0,,,,,,
1771436122.052,0.0,50.56,4.8858,0.746,10.4,0,-40322.539,15.65168,0.01495,0.0000,0.0000,0.0000,0.0000,0.1495,0.0731,0.0296,SAFE,False,9,0,,,,,,
1771436122.052,0.0,50.47,4.9159,0.739,9.9,0,-18627.143,36.94727,0.01789,0.0000,0.0000,0.0000,0.0000,0.1789,0.0694,0.0318,SAFE,False,9,0,,,,,,
1771436122.052,0.0,50.15,4.8903,0.732,9.4,0,,,0.01780,0.0000,0.0000,0.0000,0.0000,0.1780,0.0661,0.0310,SAFE,False,9,0,,,,,,
1771436122.052,0.0,49.94,4.8942,0.726,9.0,0,,,0.01822,0.0000,0.0000,0.0000,0.0000,0.1822,0.0629,0.0308,SAFE,False,9,0,,,,,,
1771436122.052,0.0,49.96,4.8736,0.720,8.6,0,,,0.01808,0.0000,0.0000,0.0000,0.0000,0.1808,0.0600,0.0301,SAFE,False,9,0,,,,,,
1771436122.052,0.0,49.60,4.8734,0.714,8.2,0,,,0.01819,0.0000,0.0000,0.0000,0.0000,0.1819,0.0572,0.0296,SAFE,False,9,0,,,,,,
1771436122.052,0.0,,,,,,,,,,,,,,,0.0296,SAFE,,8,,t592_0,0.52,NORMAL,LOCAL,SAFE: all tasks permitted (weight=0.52),
1771436122.052,0.0,49.97,4.8390,0.761,11.5,1,,,0.02003,0.0000,0.0000,0.0499,0.0000,0.2003,0.0954,0.0456,SAFE,False,8,1,,,,,,
1771436122.052,0.0,49.50,4.8850,0.753,10.9,0,-96356.252,56.06799,0.02008,0.0000,0.0000,0.0000,0.0000,0.2008,0.0763,0.0353,SAFE,False,8,1,,,,,,
1771436122.052,0.0,49.28,4.8894,0.745,10.3,0,-151963.038,7.04107,0.01911,0.0000,0.0000,0.0000,0.0000,0.1911,0.0724,0.0336,SAFE,False,8,1,,,,,,
1771436122.052,0.0,,,,,,,,,,,,,,,0.0336,SAFE,,7,,t595_0,0.67,LOW,LOCAL,SAFE: all tasks permitted (weight=0.67),
1771436122.052,0.0,49.27,4.8605,0.805,14.6,1,-142985.236,-110.15169,0.01949,0.0000,0.0000,0.0000,1.0000,0.1949,0.1174,0.2430,SAFE,False,7,2,,,,,,
1771436122.052,0.0,49.88,4.8525,0.793,13.8,1,-32773.940,-75.09596,0.02046,0.0000,0.0000,0.0000,1.0000,0.2046,0.1117,0.2428,SAFE,False,7,2,,,,,,
1771436122.052,0.0,,,,,,,,,,,,,,,0.2428,SAFE,,6,,t597_0,0.65,NORMAL,LOCAL,SAFE: all tasks permitted (weight=0.65),
1771436122.052,0.0,49.23,4.8319,0.847,17.7,1,-84097.682,-123.66239,0.02340,0.0000,0.0000,0.0823,1.0000,0.2340,0.1386,0.2618,WARNING,False,6,3,,,,,,
1771436122.052,0.0,,,,,,,,,,,,,,,0.2618,WARNING,,5,,t598_0,0.30,NORMAL,LOCAL,WARNING: lightweight task permitted (weight=0.30 < 0.3),
1771436122.052,0.0,49.45,4.8236,0.863,18.8,1,-60745.903,-99.40419,0.02690,0.0000,0.0000,0.1201,1.0000,0.2690,0.1463,0.2718,WARNING,False,7,0,,,,,,window_reset|B=7
1771436122.052,0.0,,,,,,,,,,,,,,,0.2718,WARNING,,6,,t599_0,0.21,HIGH,LOCAL,WARNING: lightweight task permitted (weight=0.21 < 0.3),
1771436122.052,0.0,50.03,4.8446,0.868,19.2,2,51197.101,-57.20364,0.02357,0.0000,1.0000,0.0244,1.0000,0.2357,0.1642,0.5096,WARNING,False,6,1,,,,,,
1771436122.052,0.0,50.24,4.8605,0.853,18.0,1,31932.033,42.62137,0.02211,0.0000,1.0000,0.0000,0.0000,0.2211,0.1413,0.3004,WARNING,False,6,1,,,,,,
1771436122.052,0.0,49.22,4.8376,0.838,17.0,1,,,0.02044,0.0000,0.0000,0.0565,0.0000,0.2044,0.1339,0.0546,SAFE,False,6,1,,,,,,
1771436122.052,0.0,,,,,,,,,,,,,,,0.0546,SAFE,,5,,t602_0,0.33,CRITICAL,LOCAL,SAFE: all tasks permitted (weight=0.33),
1771436122.052,0.0,50.52,4.8295,0.858,18.4,1,,,0.02089,0.0000,0.0000,0.0931,0.0000,0.2089,0.1438,0.0618,SAFE,False,5,2,,,,,,
1771436122.052,0.0,50.25,4.8858,0.842,17.3,1,,,0.02217,0.0000,0.0000,0.0000,0.0000,0.2217,0.1362,0.0494,SAFE,False,5,2,,,,,,
1771436122.052,0.0,49.65,4.8250,0.828,16.3,1,,,0.02324,0.0000,0.0000,0.1135,0.0000,0.2324,0.1292,0.0638,SAFE,False,5,2,,,,,,
1771436122.052,0.0,49.72,4.8463,0.815,15.4,1,,,0.02103,0.0000,0.0000,0.0169,0.0000,0.2103,0.1227,0.0478,SAFE,False,5,2,,,,,,
1771436122.052,0.0,50.65,4.8458,0.803,14.5,1,,,0.01714,0.0000,0.0000,0.0192,0.0000,0.1714,0.1166,0.0430,SAFE,False,5,2,,,,,,
1771436122.052,0.0,50.15,4.8558,0.792,13.7,1,,,0.01684,0.0000,0.0000,0.0000,0.0000,0.1684,0.1110,0.0390,SAFE,False,5,2,,,,,,
1771436122.052,0.0,,,,,,,,,,,,,,,0.0390,SAFE,,4,,t608_0,0.39,NORMAL,LOCAL,SAFE: all tasks permitted (weight=0.39),
1771436122.052,0.0,50.33,4.8535,0.821,15.8,1,,,0.01688,0.0000,0.0000,0.0000,0.0000,0.1688,0.1255,0.0420,SAFE,False,4,3,,,,,,
1771436122.052,0.0,50.73,4.8422,0.808,14.9,1,,,0.01645,0.0000,0.0000,0.0354,0.0000,0.1645,0.1192,0.0449,SAFE,False,4,3,,,,,,
1771436122.052,0.0,50.03,4.8592,0.797,14.1,1,,,0.01534,0.0000,0.0000,0.0000,0.0000,0.1534,0.1134,0.0380,SAFE,False,4,3,,,,,,
1771436122.052,0.0,50.63,4.8907,0.786,13.3,1,,,0.01911,0.0000,0.0000,0.0000,0.0000,0.1911,0.1080,0.0407,SAFE,False,4,3,,,,,,
1771436122.052,0.0,50.28,4.8664,0.776,12.6,1,,,0.01938,0.0000,0.0000,0.0000,0.0000,0.1938,0.1029,0.0400,SAFE,False,4,3,,,,,,
1771436122.052,0.0,50.37,4.8593,0.767,11.9,1,,,0.01885,0.0000,0.0000,0.0000,0.0000,0.1885,0.0983,0.0385,SAFE,False,9,0,,,,,,window_reset|B=9
1771436122.052,0.0,,,,,,,,,,,,,,,0.0385,SAFE,,8,,t614_0,0.60,CRITICAL,LOCAL,SAFE: all tasks permitted (weight=0.60),
1771436122.052,0.0,49.90,4.8619,0.818,15.5,1,,,0.01726,0.0000,0.0000,0.0000,0.0000,0.1726,0.1238,0.0420,SAFE,False,8,1,,,,,,
1771436122.052,0.0,49.62,4.8615,0.805,14.7,1,,,0.01514,0.0000,0.0000,0.0000,0.0000,0.1514,0.1177,0.0387,SAFE,False,8,1,,,,,,
1771436122.052,0.0,49.77,4.8353,0.794,13.9,1,,,0.01359,0.0000,0.0000,0.0668,0.0000,0.1359,0.1120,0.0447,SAFE,False,8,1,,,,,,
1771436122.052,0.0,49.79,4.8552,0.783,13.1,1,,,0.01325,0.0000,0.0000,0.0000,0.0000,0.1325,0.1066,0.0346,SAFE,False,8,1,,,,,,
1771436122.052,0.0,50.17,4.8512,0.773,12.4,1,,,0.01295,0.0000,0.0000,0.0000,0.0000,0.1295,0.1017,0.0333,SAFE,False,8,1,,,,,,
1771436122.052,0.0,50.03,4.8816,0.764,11.7,1,,,0.01451,0.0000,0.0000,0.0000,0.0000,0.1451,0.0971,0.0339,SAFE,False,8,1,,,,,,
1771436122.052,0.0,49.73,4.8833,0.756,11.1,1,,,0.01571,0.0000,0.0000,0.0000,0.0000,0.1571,0.0928,0.0343,SAFE,False,8,1,,,,,,
1771436122.052,0.0,49.45,4.8863,0.748,10.5,0,,,0.01574,0.0000,0.0000,0.0000,0.0000,0.1574,0.0738,0.0305,SAFE,False,8,1,,,,,,
1771436122.052,0.0,49.60,4.8746,0.740,10.0,0,,,0.01576,0.0000,0.0000,0.0000,0.0000,0.1576,0.0701,0.0298,SAFE,False,8,1,,,,,,
1771436122.052,0.0,,,,,,,,,,,,,,,0.0298,SAFE,,7,,t623_0,0.63,CRITICAL,LOCAL,SAFE: all tasks permitted (weight=0.63),
1771436122.052,0.0,49.79,4.8627,0.797,14.1,1,,,0.01410,0.0000,0.0000,0.0000,0.0000,0.1410,0.1136,0.0368,SAFE,False,7,2,,,,,,
1771436122.052,0.0,,,,,,,,,,,,,,,0.0368,SAFE,,6,,t624_0,0.71,LOW,LOCAL,SAFE: all tasks permitted (weight=0.71),
1771436122.052,0.0,49.59,4.8461,0.858,18.4,1,,,0.01501,0.0000,0.0000,0.0176,0.0000,0.1501,0.1438,0.0461,SAFE,False,6,3,,,,,,
1771436122.052,0.0,49.23,4.8577,0.843,17.3,1,,,0.01505,0.0000,0.0000,0.0000,0.0000,0.1505,0.1363,0.0423,SAFE,False,6,3,,,,,,
1771436122.052,0.0,49.49,4.8386,0.829,16.3,1,,,0.01651,0.0000,0.0000,0.0517,0.0000,0.1651,0.1293,0.0491,SAFE,False,6,3,,,,,,
1771436122.052,0.0,,,,,,,,,,,,,,,0.0491,SAFE,,5,,t627_0,0.85,NORMAL,LOCAL,SAFE: all tasks permitted (weight=0.85),
1771436122.052,0.0,49.95,4.8227,0.901,21.5,2,,,0.01963,0.0000,0.0000,0.1239,0.0000,0.1963,0.1806,0.0718,SAFE,False,5,4,,,,,,
1771436122.052,0.0,,,,,,,,,,,,,,,0.0718,SAFE,,4,,t628_0,0.80,LOW,LOCAL,SAFE: all tasks permitted (weight=0.80),
1771436122.053,0.0,50.03,4.8205,0.964,26.0,2,17907.111,-62.57537,0.02140,0.0000,1.0000,0.1343,1.0000,0.2140,0.2119,0.5312,WARNING,False,4,0,,,,,,window_reset|B=4
1771436122.053,0.0,50.22,4.7937,0.941,24.4,2,45863.601,-92.13505,0.02761,0.0000,1.0000,0.2557,1.0000,0.2761,0.2007,0.5510,CRITICAL,False,4,0,,,,,,
1771436122.053,0.0,50.09,4.8174,0.920,22.9,2,28850.334,-56.97906,0.02918,0.0000,1.0000,0.1480,1.0000,0.2918,0.1902,0.5365,CRITICAL,False,4,0,,,,,,
1771436122.053,0.0,50.45,4.8194,0.901,21.5,2,39295.196,-43.12747,0.02841,0.0000,1.0000,0.1393,1.0000,0.2841,0.1805,0.5326,CRITICAL,False,4,0,,,,,,
1771436122.053,0.0,50.68,4.8013,0.883,20.2,2,65415.445,-44.66745,0.02789,0.0000,1.0000,0.2215,1.0000,0.2789,0.1714,0.5410,CRITICAL,False,4,0,,,,,,
1771436122.053,0.0,,,,,,,,,,,,,,,0.5410,CRITICAL,,4,,t633_0,0.78,NORMAL,OFFLOAD,CRITICAL: non-critical task offloaded (priority=NORMAL),
1771436122.053,0.0,,,,,,,,,,,,,,,0.5410,CRITICAL,,4,,t633_1,0.37,LOW,OFFLOAD,CRITICAL: non-critical task offloaded (priority=LOW),
1771436122.053,0.0,50.30,4.8478,0.866,19.0,1,64434.015,-9.82415,0.02395,0.0000,1.0000,0.0098,1.0000,0.2395,0.1480,0.5048,CRITICAL,False,4,0,,,,,,
1771436122.053,0.0,,,,,,,,,,,,,,,0.5048,CRITICAL,,3,,t634_0,0.28,CRITICAL,LOCAL,CRITICAL: mission-critical task permitted locally (priority=CRITICAL),
1771436122.053,0.0,50.75,4.8342,0.879,19.9,2,75261.970,-4.40001,0.02053,0.0000,1.0000,0.0717,1.0000,0.2053,0.1695,0.5138,CRITICAL,False,3,1,,,,,,
1771436122.053,0.0,,,,,,,,,,,,,,,0.5138,CRITICAL,,3,,t635_0,0.72,LOW,OFFLOAD,CRITICAL: non-critical task offloaded (priority=LOW),
1771436122.053,0.0,50.53,4.8404,0.862,18.7,1,34574.558,17.60995,0.01841,0.0000,1.0000,0.0435,0.0000,0.1841,0.1462,0.3033,WARNING,False,3,1,,,,,,
1771436122.053,0.0,50.79,4.8629,0.847,17.6,1,,,0.02025,0.0000,0.0000,0.0000,0.0000,0.2025,0.1385,0.0479,SAFE,False,3,1,,,,,,
1771436122.053,0.0,51.08,4.8704,0.833,16.6,1,,,0.02194,0.0000,0.0000,0.0000,0.0000,0.2194,0.1313,0.0482,SAFE,False,3,1,,,,,,
1771436122.053,0.0,,,,,,,,,,,,,,,0.0482,SAFE,,2,,t638_0,0.41,HIGH,LOCAL,SAFE: all tasks permitted (weight=0.41),
1771436122.053,0.0,50.49,4.8404,0.861,18.6,1,,,0.02200,0.0000,0.0000,0.0435,0.0000,0.2200,0.1453,0.0567,SAFE,False,2,2,,,,,,
1771436122.053,0.0,50.74,4.8448,0.845,17.5,1,,,0.02216,0.0000,0.0000,0.0235,0.0000,0.2216,0.1377,0.0527,SAFE,False,2,2,,,,,,
1771436122.053,0.0,50.55,4.8572,0.831,16.5,1,,,0.02278,0.0000,0.0000,0.0000,0.0000,0.2278,0.1305,0.0489,SAFE,False,2,2,,,,,,
1771436122.053,0.0,50.63,4.8720,0.818,15.6,1,,,0.02092,0.0000,0.0000,0.0000,0.0000,0.2092,0.1239,0.0457,SAFE,False,2,2,,,,,,
1771436122.053,0.0,,,,,,,,,,,,,,,0.0457,SAFE,,1,,t642_0,0.55,NORMAL,LOCAL,SAFE: all tasks permitted (weight=0.55),
1771436122.053,0.0,51.05,4.8398,0.861,18.7,1,,,0.01957,0.0000,0.0000,0.0463,0.0000,0.1957,0.1457,0.0547,SAFE,False,1,3,,,,,,
1771436122.053,0.0,52.05,4.8660,0.846,17.6,1,,,0.01887,0.0000,0.0000,0.0000,0.0000,0.1887,0.1380,0.0465,SAFE,False,9,0,,,,,,window_reset|B=9
1771436122.053,0.0,51.81,4.8661,0.832,16.6,1,,,0.01308,0.0000,0.0000,0.0000,0.0000,0.1308,0.1309,0.0392,SAFE,False,9,0,,,,,,
1771436122.053,0.0,50.73,4.8690,0.818,15.6,1,,,0.01361,0.0000,0.0000,0.0000,0.0000,0.1361,0.1242,0.0385,SAFE,False,9,0,,,,,,
1771436122.053,0.0,,,,,,,,,,,,,,,0.0385,SAFE,,8,,t646_0,0.64,HIGH,LOCAL,SAFE: all tasks permitted (weight=0.64),
1771436122.053,0.0,51.67,4.8360,0.871,19.4,2,,,0.01339,0.0000,0.0000,0.0638,0.0000,0.1339,0.1657,0.0548,SAFE,False,8,1,,,,,,
1771436122.053,0.0,51.58,4.8426,0.855,18.2,1,,,0.01321,0.0000,0.0000,0.0338,0.0000,0.1321,0.1427,0.0461,SAFE,False,8,1,,,,,,
1771436122.053,0.0,51.55,4.8393,0.840,17.2,1,,,0.01372,0.0000,0.0000,0.0486,0.0000,0.1372,0.1352,0.0471,SAFE,False,8,1,,,,,,
1771436122.053,0.0,51.11,4.8353,0.826,16.2,1,,,0.01358,0.0000,0.0000,0.0668,0.0000,0.1358,0.1282,0.0479,SAFE,False,8,1,,,,,,
1771436122.053,0.0,51.17,4.8634,0.814,15.3,1,,,0.01361,0.0000,0.0000,0.0000,0.0000,0.1361,0.1218,0.0380,SAFE,False,8,1,,,,,,
1771436122.053,0.0,,,,,,,,,,,,,,,0.0380,SAFE,,7,,t651_0,0.50,HIGH,LOCAL,SAFE: all tasks permitted (weight=0.50),
1771436122.053,0.0,50.85,4.8400,0.852,18.0,1,,,0.01390,0.0000,0.0000,0.0453,0.0000,0.1390,0.1411,0.0480,SAFE,False,7,2,,,,,,
1771436122.053,0.0,51.40,4.8487,0.837,17.0,1,,,0.01385,0.0000,0.0000,0.0060,0.0000,0.1385,0.1337,0.0414,SAFE,False,7,2,,,,,,
1771436122.053,0.0,,,,,,,,,,,,,,,0.0414,SAFE,,6,,t653_0,0.32,NORMAL,LOCAL,SAFE: all tasks permitted (weight=0.32),
1771436122.053,0.0,51.21,4.8253,0.856,18.3,1,,,0.01410,0.0000,0.0000,0.1121,0.0000,0.1410,0.1431,0.0573,SAFE,False,6,3,,,,,,
1771436122.053,0.0,,,,,,,,,,,,,,,0.0573,SAFE,,5,,t654_0,0.26,HIGH,LOCAL,SAFE: all tasks permitted (weight=0.26),
1771436122.053,0.0,51.55,4.8285,0.868,19.1,2,,,0.01495,0.0000,0.0000,0.0978,0.0000,0.1495,0.1638,0.0604,SAFE,False,5,4,,,,,,
1771436122.053,0.0,,,,,,,,,,,,,,,0.0604,SAFE,,4,,t655_0,0.40,HIGH,LOCAL,SAFE: all tasks permitted (weight=0.40),
1771436122.053,0.0,51.44,4.8711,0.892,20.9,2,,,0.01555,0.0000,0.0000,0.0000,0.0000,0.1555,0.1760,0.0508,SAFE,False,4,5,,,,,,
1771436122.053,0.0,52.04,4.8577,0.875,19.6,2,,,0.01485,0.0000,0.0000,0.0000,0.0000,0.1485,0.1673,0.0483,SAFE,False,4,5,,,,,,
1771436122.053,0.0,,,,,,,,,,,,,,,0.0483,SAFE,,3,,t657_0,0.46,NORMAL,LOCAL,SAFE: all tasks permitted (weight=0.46),
1771436122.053,0.0,51.82,4.7940,0.905,21.8,2,,,0.01918,0.0000,0.0000,0.2546,0.0000,0.1918,0.1827,0.0888,SAFE,False,3,6,,,,,,
1771436122.053,0.0,,,,,,,,,,,,,,,0.0888,SAFE,,2,,t658_0,0.55,HIGH,LOCAL,SAFE: all tasks permitted (weight=0.55),
1771436122.053,0.0,51.98,4.8245,0.943,24.5,2,,,0.01965,0.0000,0.0000,0.1158,0.0000,0.1965,0.2014,0.0750,SAFE,False,9,0,,,,,,window_reset|B=9
1771436122.053,0.0,,,,,,,,,,,,,,,0.0750,SAFE,,8,,t659_0,0.39,CRITICAL,LOCAL,SAFE: all tasks permitted (weight=0.39),
1771436122.053,0.0,51.77,4.7957,0.962,25.8,2,,,0.02297,0.0000,0.0000,0.2470,0.0000,0.2297,0.2109,0.0973,SAFE,False,8,1,,,,,,
1771436122.053,0.0,,,,,,,,,,,,,,,0.0973,SAFE,,7,,t660_0,0.39,NORMAL,LOCAL,SAFE: all tasks permitted (weight=0.39),
1771436122.053,0.0,52.37,4.7875,0.980,27.1,3,,,0.02642,0.0000,0.0000,0.2840,0.0000,0.2642,0.2348,0.1103,SAFE,False,7,2,,,,,,
1771436122.054,0.0,,,,,,,,,,,,,,,0.1103,SAFE,,6,,t661_0,0.66,CRITICAL,LOCAL,SAFE: all tasks permitted (weight=0.66),
1771436122.054,0.0,52.82,4.8297,1.024,30.3,3,96875.384,4.37731,0.02639,0.0000,1.0000,0.0922,0.0000,0.2639,0.2569,0.3398,WARNING,False,6,3,,,,,,
1771436122.054,0.0,52.71,4.8010,0.997,28.4,3,69596.636,-27.48712,0.02553,0.0000,1.0000,0.2227,1.0000,0.2553,0.2436,0.5532,CRITICAL,False,6,3,,,,,,
1771436122.054,0.0,53.13,4.7925,0.972,26.6,2,101589.798,-78.71018,0.02660,0.0000,1.0000,0.2615,1.0000,0.2660,0.2161,0.5538,CRITICAL,False,6,3,,,,,,
1771436122.054,0.0,53.20,4.8011,0.949,24.9,2,69659.659,-56.63585,0.02576,0.0000,1.0000,0.2222,1.0000,0.2576,0.2046,0.5456,CRITICAL,False,6,3,,,,,,
1771436122.054,0.0,,,,,,,,,,,,,,,0.5456,CRITICAL,,6,,t665_0,0.26,NORMAL,OFFLOAD,CRITICAL: non-critical task offloaded (priority=NORMAL),
1771436122.054,0.0,,,,,,,,,,,,,,,0.5456,CRITICAL,,6,,t665_1,0.83,NORMAL,OFFLOAD,CRITICAL: non-critical task offloaded (priority=NORMAL),
1771436122.054,0.0,53.72,4.8412,0.928,23.4,2,114505.652,47.29927,0.02654,0.0000,1.0000,0.0398,0.0000,0.2654,0.1938,0.3205,WARNING,False,6,3,,,,,,
1771436122.054,0.0,53.50,4.8337,0.908,22.0,2,91494.845,9.15295,0.02673,0.0000,1.0000,0.0742,0.0000,0.2673,0.1838,0.3232,WARNING,False,6,3,,,,,,
1771436122.054,0.0,,,,,,,,,,,,,,,0.3232,WARNING,,6,,t667_0,0.60,NORMAL,OFFLOAD,WARNING: heavy task offloaded (weight=0.60 >= 0.3),
1771436122.054,0.0,,,,,,,,,,,,,,,0.3232,WARNING,,6,,t667_1,0.67,LOW,OFFLOAD,WARNING: heavy task offloaded (weight=0.67 >= 0.3),
1771436122.054,0.0,54.07,4.8081,0.889,20.6,2,137802.698,12.50186,0.02173,0.0000,1.0000,0.1903,0.0000,0.2173,0.1745,0.3314,WARNING,False,6,3,,,,,,
1771436122.054,0.0,,,,,,,,,,,,,,,0.3314,WARNING,,6,,t668_0,0.38,LOW,OFFLOAD,WARNING: heavy task offloaded (weight=0.38 >= 0.3),
1771436122.054,0.0,53.29,4.8464,0.872,19.4,2,54970.265,58.91212,0.01998,0.0000,1.0000,0.0165,0.0000,0.1998,0.1659,0.3053,WARNING,False,6,3,,,,,,
1771436122.054,0.0,,,,,,,,,,,,,,,0.3053,WARNING,,6,,t669_0,0.81,NORMAL,OFFLOAD,WARNING: heavy task offloaded (weight=0.81 >= 0.3),
1771436122.054,0.0,54.01,4.8347,0.856,18.3,1,,,0.01993,0.0000,0.0000,0.0694,0.0000,0.1993,0.1428,0.0575,SAFE,False,6,3,,,,,,
1771436122.054,0.0,53.43,4.8625,0.841,17.2,1,,,0.02364,0.0000,0.0000,0.0000,0.0000,0.2364,0.1354,0.0507,SAFE,False,6,3,,,,,,
1771436122.054,0.0,53.15,4.8705,0.827,16.2,1,,,0.02625,0.0000,0.0000,0.0000,0.0000,0.2625,0.1284,0.0519,SAFE,False,6,3,,,,,,
1771436122.054,0.0,53.58,4.8455,0.814,15.3,1,,,0.02401,0.0000,0.0000,0.0202,0.0000,0.2401,0.1219,0.0510,SAFE,False,6,3,,,,,,
1771436122.054,0.0,53.56,4.8276,0.802,14.4,1,,,0.02403,0.0000,0.0000,0.1020,0.0000,0.2403,0.1159,0.0605,SAFE,False,9,0,,,,,,window_reset|B=9
1771436122.054,0.0,53.59,4.8583,0.791,13.6,1,,,0.02340,0.0000,0.0000,0.0000,0.0000,0.2340,0.1103,0.0455,SAFE,False,9,0,,,,,,
1771436122.054,0.0,53.10,4.8758,0.780,12.9,1,,,0.02201,0.0000,0.0000,0.0000,0.0000,0.2201,0.1051,0.0430,SAFE,False,9,0,,,,,,
1771436122.054,0.0,53.46,4.8556,0.771,12.2,1,,,0.01841,0.0000,0.0000,0.0000,0.0000,0.1841,0.1003,0.0385,SAFE,False,9,0,,,,,,
1771436122.054,0.0,52.76,4.8619,0.762,11.5,1,,,0.01879,0.0000,0.0000,0.0000,0.0000,0.1879,0.0958,0.0379,SAFE,False,9,0,,,,,,
1771436122.054,0.0,,,,,,,,,,,,,,,0.0379,SAFE,,8,,t678_0,0.63,HIGH,LOCAL,SAFE: all tasks permitted (weight=0.63),
1771436122.054,0.0,52.55,4.8361,0.818,15.6,1,,,0.01865,0.0000,0.0000,0.0634,0.0000,0.1865,0.1241,0.0517,SAFE,False,8,1,,,,,,
1771436122.054,0.0,52.86,4.8817,0.806,14.7,1,,,0.01629,0.0000,0.0000,0.0000,0.0000,0.1629,0.1179,0.0399,SAFE,False,8,1,,,,,,
1771436122.054,0.0,52.26,4.8558,0.794,13.9,1,,,0.01610,0.0000,0.0000,0.0000,0.0000,0.1610,0.1122,0.0385,SAFE,False,8,1,,,,,,
1771436122.054,0.0,52.10,4.8971,0.784,13.1,1,,,0.01845,0.0000,0.0000,0.0000,0.0000,0.1845,0.1068,0.0398,SAFE,False,8,1,,,,,,
1771436122.054,0.0,53.06,4.8539,0.774,12.4,1,,,0.01853,0.0000,0.0000,0.0000,0.0000,0.1853,0.1019,0.0389,SAFE,False,8,1,,,,,,
1771436122.054,0.0,52.56,4.8703,0.765,11.8,1,,,0.01852,0.0000,0.0000,0.0000,0.0000,0.1852,0.0973,0.0380,SAFE,False,8,1,,,,,,
1771436122.054,0.0,,,,,,,,,,,,,,,0.0380,SAFE,,7,,t684_0,0.61,CRITICAL,LOCAL,SAFE: all tasks permitted (weight=0.61),
1771436122.054,0.0,52.02,4.8482,0.819,15.6,1,,,0.01836,0.0000,0.0000,0.0080,0.0000,0.1836,0.1245,0.0443,SAFE,False,7,2,,,,,,
1771436122.054,0.0,51.63,4.8494,0.807,14.8,1,,,0.01596,0.0000,0.0000,0.0028,0.0000,0.1596,0.1183,0.0400,SAFE,False,7,2,,,,,,
1771436122.054,0.0,,,,,,,,,,,,,,,0.0400,SAFE,,6,,t686_0,0.57,HIGH,LOCAL,SAFE: all tasks permitted (weight=0.57),
1771436122.054,0.0,51.87,4.8410,0.853,18.1,1,,,0.01699,0.0000,0.0000,0.0411,0.0000,0.1699,0.1416,0.0507,SAFE,False,6,3,,,,,,
1771436122.054,0.0,51.79,4.8468,0.838,17.0,1,,,0.01671,0.0000,0.0000,0.0143,0.0000,0.1671,0.1342,0.0454,SAFE,False,6,3,,,,,,
1771436122.054,0.0,52.45,4.8504,0.825,16.0,1,,,0.01684,0.0000,0.0000,0.0000,0.0000,0.1684,0.1273,0.0423,SAFE,False,9,0,,,,,,window_reset|B=9
1771436122.054,0.0,,,,,,,,,,,,,,,0.0423,SAFE,,8,,t689_0,0.53,LOW,LOCAL,SAFE: all tasks permitted (weight=0.53),
1771436122.054,0.0,52.41,4.8323,0.866,19.0,2,,,0.01816,0.0000,0.0000,0.0806,0.0000,0.1816,0.1632,0.0613,SAFE,False,8,1,,,,,,
1771436122.054,0.0,,,,,,,,,,,,,,,0.0613,SAFE,,7,,t690_0,0.51,LOW,LOCAL,SAFE: all tasks permitted (weight=0.51),
1771436122.054,0.0,52.07,4.8245,0.903,21.7,2,,,0.01941,0.0000,0.0000,0.1158,0.0000,0.1941,0.1816,0.0708,SAFE,False,7,2,,,,,,
1771436122.054,0.0,,,,,,,,,,,,,,,0.0708,SAFE,,6,,t691_0,0.34,CRITICAL,LOCAL,SAFE: all tasks permitted (weight=0.34),
1771436122.054,0.0,,,,,,,,,,,,,,,0.0708,SAFE,,5,,t691_1,0.58,HIGH,LOCAL,SAFE: all tasks permitted (weight=0.58),
1771436122.054,0.0,52.46,4.8489,0.979,27.1,3,,,0.01758,0.0000,0.0000,0.0052,0.0000,0.1758,0.2347,0.0652,SAFE,False,5,4,,,,,,
1771436122.054,0.0,52.54,4.8190,0.956,25.4,2,,,0.01966,0.0000,0.0000,0.1410,0.0000,0.1966,0.2079,0.0796,SAFE,False,5,4,,,,,,
1771436122.054,0.0,52.43,4.8424,0.934,23.8,2,,,0.01312,0.0000,0.0000,0.0345,0.0000,0.1312,0.1969,0.0570,SAFE,False,5,4,,,,,,
1771436122.054,0.0,52.69,4.8049,0.913,22.4,2,,,0.01655,0.0000,0.0000,0.2051,0.0000,0.1655,0.1867,0.0806,SAFE,False,5,4,,,,,,
1771436122.054,0.0,53.36,4.7919,0.894,21.0,2,,,0.01859,0.0000,0.0000,0.2640,0.0000,0.1859,0.1772,0.0884,SAFE,False,5,4,,,,,,
1771436122.055,0.0,,,,,,,,,,,,,,,0.0884,SAFE,,4,,t696_0,0.40,LOW,LOCAL,SAFE: all tasks permitted (weight=0.40),
1771436122.055,0.0,52.95,4.8247,0.918,22.7,2,30316.300,-25.77366,0.01815,0.0000,1.0000,0.1152,1.0000,0.1815,0.1889,0.5209,WARNING,False,4,5,,,,,,
1771436122.055,0.0,53.45,4.8538,0.899,21.3,2,62268.764,21.51268,0.01855,0.0000,1.0000,0.0000,0.0000,0.1855,0.1793,0.3044,WARNING,False,4,5,,,,,,
1771436122.055,0.0,53.58,4.8259,0.881,20.0,2,90598.222,1.34000,0.01839,0.0000,1.0000,0.1097,0.0000,0.1839,0.1703,0.3167,WARNING,False,4,5,,,,,,
1771436122.055,0.0,,,,,,,,,,,,,,,0.3167,WARNING,,4,,t699_0,0.67,LOW,OFFLOAD,WARNING: heavy task offloaded (weight=0.67 >= 0.3),
1771436122.055,0.0,53.34,4.8421,0.864,18.8,1,53283.037,-6.75852,0.01808,0.0000,1.0000,0.0359,1.0000,0.1808,0.1469,0.5021,WARNING,False,4,5,,,,,,
1771436122.055,0.0,,,,,,,,,,,,,,,0.5021,WARNING,,4,,t700_0,0.79,HIGH,OFFLOAD,WARNING: heavy task offloaded (weight=0.79 >= 0.3),
1771436122.055,0.0,53.68,4.8374,0.848,17.7,1,68036.306,18.45625,0.01719,0.0000,1.0000,0.0571,0.0000,0.1719,0.1392,0.3025,WARNING,False,4,5,,,,,,
1771436122.055,0.0,,,,,,,,,,,,,,,0.3025,WARNING,,4,,t701_0,0.64,CRITICAL,OFFLOAD,WARNING: heavy task offloaded (weight=0.64 >= 0.3),
1771436122.055,0.0,52.73,4.8654,0.834,16.7,1,18109.242,23.00095,0.01994,0.0000,1.0000,0.0000,0.0000,0.1994,0.1320,0.2963,WARNING,False,4,5,,,,,,
1771436122.055,0.0,53.15,4.8520,0.820,15.7,1,27465.232,47.15948,0.02056,0.0000,1.0000,0.0000,0.0000,0.2056,0.1252,0.2956,WARNING,False,4,5,,,,,,
1771436122.055,0.0,52.79,4.8727,0.808,14.9,1,-34352.946,80.73679,0.02291,0.0000,0.0000,0.0000,0.0000,0.2291,0.1190,0.0467,SAFE,False,9,0,,,,,,window_reset|B=9
1771436122.055,0.0,,,,,,,,,,,,,,,0.0467,SAFE,,8,,t704_0,0.58,HIGH,LOCAL,SAFE: all tasks permitted (weight=0.58),
1771436122.055,0.0,52.83,4.8314,0.856,18.3,1,,,0.02239,0.0000,0.0000,0.0848,0.0000,0.2239,0.1430,0.0620,SAFE,False,8,1,,,,,,
1771436122.055,0.0,53.45,4.8482,0.841,17.2,1,,,0.02256,0.0000,0.0000,0.0082,0.0000,0.2256,0.1356,0.0507,SAFE,False,8,1,,,,,,
1771436122.055,0.0,52.79,4.8495,0.827,16.2,1,,,0.02045,0.0000,0.0000,0.0024,0.0000,0.2045,0.1286,0.0465,SAFE,False,8,1,,,,,,
1771436122.055,0.0,53.50,4.8587,0.814,15.3,1,,,0.01448,0.0000,0.0000,0.0000,0.0000,0.1448,0.1221,0.0389,SAFE,False,8,1,,,,,,
1771436122.055,0.0,,,,,,,,,,,,,,,0.0389,SAFE,,7,,t708_0,0.67,LOW,LOCAL,SAFE: all tasks permitted (weight=0.67),
1771436122.055,0.0,53.22,4.8052,0.872,19.4,2,,,0.01763,0.0000,0.0000,0.2038,0.0000,0.1763,0.1659,0.0773,SAFE,False,7,2,,,,,,
1771436122.055,0.0,,,,,,,,,,,,,,,0.0773,SAFE,,6,,t709_0,0.21,HIGH,LOCAL,SAFE: all tasks permitted (weight=0.21),
1771436122.055,0.0,53.18,4.8414,0.878,19.8,2,,,0.01746,0.0000,0.0000,0.0389,0.0000,0.1746,0.1688,0.0563,SAFE,False,6,3,,,,,,
1771436122.055,0.0,,,,,,,,,,,,,,,0.0563,SAFE,,5,,t710_0,0.75,NORMAL,LOCAL,SAFE: all tasks permitted (weight=0.75),
1771436122.055,0.0,52.64,4.8134,0.939,24.2,2,,,0.01883,0.0000,0.0000,0.1662,0.0000,0.1883,0.1995,0.0803,SAFE,False,5,4,,,,,,
1771436122.055,0.0,,,,,,,,,,,,,,,0.0803,SAFE,,4,,t711_0,0.84,NORMAL,LOCAL,SAFE: all tasks permitted (weight=0.84),
1771436122.055,0.0,,,,,,,,,,,,,,,0.0803,SAFE,,3,,t711_1,0.74,HIGH,LOCAL,SAFE: all tasks permitted (weight=0.74),
1771436122.055,0.0,53.34,4.7876,1.082,34.4,3,,,0.02430,0.0000,0.0000,0.2835,0.0000,0.2430,0.2861,0.1184,SAFE,False,3,6,,,,,,
1771436122.055,0.0,,,,,,,,,,,,,,,0.1184,SAFE,,2,,t712_0,0.76,LOW,LOCAL,SAFE: all tasks permitted (weight=0.76),
1771436122.055,0.0,53.20,4.7364,1.130,37.9,4,,,0.03727,0.0000,0.0000,0.5162,0.0000,0.3727,0.3251,0.1694,SAFE,False,2,7,,,,,,
1771436122.055,0.0,,,,,,,,,,,,,,,0.1694,SAFE,,1,,t713_0,0.45,NORMAL,LOCAL,SAFE: all tasks permitted (weight=0.45),
1771436122.055,0.0,54.28,4.7198,1.142,38.7,4,,,0.04641,0.0000,0.0000,0.5920,0.0000,0.4641,0.3312,0.1896,SAFE,False,1,8,,,,,,
1771436122.055,0.0,55.23,4.7402,1.107,36.2,4,,,0.04974,0.0000,0.0000,0.4989,0.0000,0.4974,0.3137,0.1773,SAFE,False,1,8,,,,,,
1771436122.055,0.0,54.97,4.7941,1.075,33.9,3,,,0.04592,0.0000,0.0000,0.2539,0.0000,0.4592,0.2824,0.1354,SAFE,False,1,8,,,,,,
1771436122.055,0.0,,,,,,,,,,,,,,,0.1354,SAFE,,0,,t716_0,0.82,LOW,LOCAL,SAFE: all tasks permitted (weight=0.82),
1771436122.055,0.0,55.85,4.7624,1.130,37.8,4,,,0.04621,0.0000,0.0000,0.3980,0.0000,0.4621,0.3249,0.1629,SAFE,False,0,9,,,,,,
1771436122.055,0.0,55.54,4.7854,1.096,35.4,4,,,0.04353,0.0000,0.0000,0.2937,0.0000,0.4353,0.3078,0.1433,SAFE,False,0,9,,,,,,
1771436122.055,0.0,56.40,4.7741,1.064,33.1,3,,,0.03996,0.0000,0.0000,0.3450,0.0000,0.3996,0.2769,0.1402,SAFE,False,8,0,,,,,,window_reset|B=8
1771436122.055,0.0,56.75,4.7929,1.034,31.0,3,,,0.03345,0.0000,0.0000,0.2596,0.0000,0.3345,0.2622,0.1196,SAFE,False,8,0,,,,,,
1771436122.055,0.0,,,,,,,,,,,,,,,0.1196,SAFE,,7,,t720_0,0.28,NORMAL,LOCAL,SAFE: all tasks permitted (weight=0.28),
1771436122.055,0.0,,,,,,,,,,,,,,,0.1196,SAFE,,6,,t720_1,0.22,NORMAL,LOCAL,SAFE: all tasks permitted (weight=0.22),
1771436122.055,0.0,57.08,4.7681,1.059,32.8,3,,,0.03263,0.0000,0.0000,0.3723,0.0000,0.3263,0.2745,0.1359,SAFE,False,6,2,,,,,,
1771436122.055,0.0,57.64,4.8101,1.030,30.7,3,,,0.02828,0.0000,0.0000,0.1812,0.0000,0.2828,0.2599,0.1038,SAFE,False,6,2,,,,,,
1771436122.055,0.0,,,,,,,,,,,,,,,0.1038,SAFE,,5,,t722_0,0.56,NORMAL,LOCAL,SAFE: all tasks permitted (weight=0.56),
1771436122.055,0.0,57.22,4.7802,1.061,32.9,3,,,0.02577,0.0000,0.0000,0.3172,0.0000,0.2577,0.2756,0.1221,SAFE,False,5,3,,,,,,
1771436122.055,0.0,,,,,,,,,,,,,,,0.1221,SAFE,,4,,t723_0,0.70,NORMAL,LOCAL,SAFE: all tasks permitted (weight=0.70),
1771436122.055,0.0,57.32,4.8165,1.104,36.0,4,,,0.02842,0.0000,0.0000,0.1525,0.0000,0.2842,0.3122,0.1107,SAFE,False,4,4,,,,,,
1771436122.055,0.0,,,,,,,,,,,,,,,0.1107,SAFE,,3,,t724_0,0.49,CRITICAL,LOCAL,SAFE: all tasks permitted (weight=0.49),
1771436122.056,0.0,,,,,,,,,,,,,,,0.1107,SAFE,,2,,t724_1,0.45,NORMAL,LOCAL,SAFE: all tasks permitted (weight=0.45),
1771436122.056,0.0,58.06,4.7166,1.170,40.7,4,132509.822,-45.88070,0.03099,0.0000,1.0000,0.6065,1.0000,0.3099,0.3449,0.6288,WARNING,False,2,6,,,,,,
1771436122.056,0.0,,,,,,,,,,,,,,,0.6288,WARNING,,2,,t725_0,0.36,HIGH,OFFLOAD,WARNING: heavy task offloaded (weight=0.36 >= 0.3),
1771436122.056,0.0,58.57,4.7651,1.133,38.1,4,181862.915,-20.28031,0.02693,0.0000,1.0000,0.3859,1.0000,0.2693,0.3264,0.5924,CRITICAL,False,2,6,,,,,,
1771436122.056,0.0,58.86,4.7531,1.098,35.6,4,147643.040,-20.99876,0.02573,0.0000,1.0000,0.4404,1.0000,0.2573,0.3092,0.5948,CRITICAL,False,2,6,,,,,,
1771436122.056,0.0,,,,,,,,,,,,,,,0.5948,CRITICAL,,2,,t727_0,0.68,NORMAL,OFFLOAD,CRITICAL: non-critical task offloaded (priority=NORMAL),
1771436122.056,0.0,58.69,4.8083,1.066,33.3,3,116688.981,15.36332,0.02681,0.0000,1.0000,0.1897,0.0000,0.2681,0.2782,0.3571,WARNING,False,2,6,,,,,,
1771436122.056,0.0,59.59,4.7871,1.037,31.2,3,151028.008,18.99920,0.02650,0.0000,1.0000,0.2859,0.0000,0.2650,0.2634,0.3663,WARNING,False,2,6,,,,,,
1771436122.056,0.0,59.33,4.7961,1.009,29.2,3,101598.118,-14.07459,0.02685,0.0000,1.0000,0.2451,1.0000,0.2685,0.2496,0.5586,CRITICAL,False,2,6,,,,,,
1771436122.056,0.0,,,,,,,,,,,,,,,0.5586,CRITICAL,,2,,t730_0,0.62,LOW,OFFLOAD,CRITICAL: non-critical task offloaded (priority=LOW),
1771436122.056,0.0,,,,,,,,,,,,,,,0.5586,CRITICAL,,2,,t730_1,0.64,LOW,OFFLOAD,CRITICAL: non-critical task offloaded (priority=LOW),
1771436122.056,0.0,59.46,4.7907,0.983,27.4,3,134139.158,10.47374,0.02690,0.0000,1.0000,0.2696,0.0000,0.2690,0.2367,0.3593,WARNING,False,2,6,,,,,,
1771436122.056,0.0,,,,,,,,,,,,,,,0.3593,WARNING,,2,,t731_0,0.80,HIGH,OFFLOAD,WARNING: heavy task offloaded (weight=0.80 >= 0.3),
1771436122.056,0.0,59.63,4.8067,0.960,25.7,2,138846.080,-9.72797,0.02763,0.0000,1.0000,0.1967,1.0000,0.2763,0.2098,0.5452,WARNING,False,2,6,,,,,,
1771436122.056,0.0,59.57,4.8212,0.937,24.1,2,,,0.02907,0.0000,0.0000,0.1311,0.0000,0.2907,0.1987,0.0858,SAFE,False,2,6,,,,,,
1771436122.056,0.0,59.02,4.8259,0.917,22.6,2,,,0.03038,0.0000,0.0000,0.1096,0.0000,0.3038,0.1883,0.0823,SAFE,False,9,0,,,,,,window_reset|B=9
1771436122.056,0.0,58.81,4.8412,0.897,21.2,2,,,0.03344,0.0000,0.0000,0.0400,0.0000,0.3344,0.1787,0.0744,SAFE,False,9,0,,,,,,
1771436122.056,0.0,59.48,4.8480,0.880,20.0,2,,,0.03622,0.0000,0.0000,0.0092,0.0000,0.3622,0.1698,0.0714,SAFE,False,9,0,,,,,,
1771436122.056,0.0,58.96,4.8347,0.863,18.8,1,,,0.02831,0.0000,0.0000,0.0694,0.0000,0.2831,0.1465,0.0666,SAFE,False,9,0,,,,,,
1771436122.056,0.0,58.74,4.8236,0.847,17.7,1,,,0.02567,0.0000,0.0000,0.1199,0.0000,0.2567,0.1387,0.0690,SAFE,False,9,0,,,,,,
1771436122.056,0.0,,,,,,,,,,,,,,,0.0690,SAFE,,8,,t738_0,0.82,LOW,LOCAL,SAFE: all tasks permitted (weight=0.82),
1771436122.056,0.0,58.76,4.8318,0.919,22.8,2,,,0.01918,0.0000,0.0000,0.0828,0.0000,0.1918,0.1894,0.0678,SAFE,False,8,1,,,,,,
1771436122.056,0.0,58.66,4.8450,0.899,21.4,2,,,0.02030,0.0000,0.0000,0.0225,0.0000,0.2030,0.1797,0.0592,SAFE,False,8,1,,,,,,
1771436122.056,0.0,58.80,4.8436,0.881,20.1,2,,,0.01835,0.0000,0.0000,0.0289,0.0000,0.1835,0.1707,0.0562,SAFE,False,8,1,,,,,,
1771436122.056,0.0,58.27,4.8351,0.865,18.9,1,,,0.01613,0.0000,0.0000,0.0679,0.0000,0.1613,0.1473,0.0544,SAFE,False,8,1,,,,,,
1771436122.056,0.0,,,,,,,,,,,,,,,0.0544,SAFE,,7,,t742_0,0.70,LOW,LOCAL,SAFE: all tasks permitted (weight=0.70),
1771436122.056,0.0,,,,,,,,,,,,,,,0.0544,SAFE,,6,,t742_1,0.56,NORMAL,LOCAL,SAFE: all tasks permitted (weight=0.56),
1771436122.056,0.0,58.56,4.8126,0.981,27.2,3,,,0.01253,0.0000,0.0000,0.1698,0.0000,0.1253,0.2355,0.0817,SAFE,False,6,3,,,,,,
1771436122.056,0.0,58.55,4.8285,0.957,25.5,2,,,0.01029,0.0000,0.0000,0.0977,0.0000,0.1029,0.2086,0.0647,SAFE,False,6,3,,,,,,
1771436122.056,0.0,,,,,,,,,,,,,,,0.0647,SAFE,,5,,t744_0,0.28,CRITICAL,LOCAL,SAFE: all tasks permitted (weight=0.28),
1771436122.056,0.0,,,,,,,,,,,,,,,0.0647,SAFE,,4,,t744_1,0.63,NORMAL,LOCAL,SAFE: all tasks permitted (weight=0.63),
1771436122.056,0.0,58.76,4.7967,1.031,30.8,3,,,0.01408,0.0000,0.0000,0.2424,0.0000,0.1408,0.2604,0.0977,SAFE,False,4,5,,,,,,
1771436122.056,0.0,,,,,,,,,,,,,,,0.0977,SAFE,,3,,t745_0,0.33,NORMAL,LOCAL,SAFE: all tasks permitted (weight=0.33),
1771436122.056,0.0,,,,,,,,,,,,,,,0.0977,SAFE,,2,,t745_1,0.20,HIGH,LOCAL,SAFE: all tasks permitted (weight=0.20),
1771436122.056,0.0,59.76,4.7520,1.060,32.9,3,,,0.02594,0.0000,0.0000,0.4455,0.0000,0.2594,0.2750,0.1389,SAFE,False,2,7,,,,,,
1771436122.056,0.0,,,,,,,,,,,,,,,0.1389,SAFE,,1,,t746_0,0.43,NORMAL,LOCAL,SAFE: all tasks permitted (weight=0.43),
1771436122.056,0.0,59.45,4.7938,1.075,34.0,3,,,0.02668,0.0000,0.0000,0.2552,0.0000,0.2668,0.2827,0.1164,SAFE,False,1,8,,,,,,
1771436122.056,0.0,59.38,4.8079,1.045,31.8,3,,,0.02551,0.0000,0.0000,0.1913,0.0000,0.2551,0.2676,0.1039,SAFE,False,1,8,,,,,,
1771436122.056,0.0,,,,,,,,,,,,,,,0.1039,SAFE,,0,,t748_0,0.46,HIGH,LOCAL,SAFE: all tasks permitted (weight=0.46),
1771436122.056,0.0,59.41,4.7891,1.065,33.2,3,,,0.02600,0.0000,0.0000,0.2768,0.0000,0.2600,0.2776,0.1175,SAFE,False,8,0,,,,,,window_reset|B=8
1771436122.056,0.0,,,,,,,,,,,,,,,0.1175,SAFE,,7,,t749_0,0.40,NORMAL,LOCAL,SAFE: all tasks permitted (weight=0.40),
1771436122.056,0.0,60.13,4.7840,1.077,34.1,3,,,0.02697,0.0000,0.0000,0.2998,0.0000,0.2697,0.2836,0.1227,SAFE,False,7,1,,,,,,
1771436122.056,0.0,59.81,4.7676,1.047,31.9,3,,,0.02845,0.0000,0.0000,0.3746,0.0000,0.2845,0.2684,0.1308,SAFE,False,7,1,,,,,,
1771436122.056,0.0,60.41,4.8040,1.018,29.9,3,,,0.02573,0.0000,0.0000,0.2093,0.0000,0.2573,0.2542,0.1038,SAFE,False,7,1,,,,,,
1771436122.056,0.0,,,,,,,,,,,,,,,0.1038,SAFE,,6,,t752_0,0.21,NORMAL,LOCAL,SAFE: all tasks permitted (weight=0.21),
1771436122.056,0.0,60.11,4.8187,1.014,29.6,3,,,0.02309,0.0000,0.0000,0.1423,0.0000,0.2309,0.2519,0.0920,SAFE,False,6,2,,,,,,
1771436122.056,0.0,60.24,4.8185,0.988,27.7,3,,,0.02133,0.0000,0.0000,0.1434,0.0000,0.2133,0.2389,0.0877,SAFE,False,6,2,,,,,,
1771436122.057,0.0,60.90,4.7737,0.964,26.0,2,86772.359,-20.16939,0.02178,0.0000,1.0000,0.3470,1.0000,0.2178,0.2118,0.5592,WARNING,False,6,2,,,,,,
1771436122.057,0.0,,,,,,,,,,,,,,,0.5592,WARNING,,6,,t755_0,0.48,LOW,OFFLOAD,WARNING: heavy task offloaded (weight=0.48 >= 0.3),
1771436122.057,0.0,,,,,,,,,,,,,,,0.5592,WARNING,,5,,t755_1,0.22,NORMAL,LOCAL,WARNING: lightweight task permitted (weight=0.22 < 0.3),
1771436122.057,0.0,60.09,4.8493,0.964,26.0,2,42401.304,41.35946,0.02500,0.0000,1.0000,0.0032,0.0000,0.2500,0.2121,0.3178,WARNING,False,5,3,,,,,,
1771436122.057,0.0,60.07,4.8598,0.942,24.4,2,39513.079,70.61956,0.03055,0.0000,1.0000,0.0000,0.0000,0.3055,0.2008,0.3207,WARNING,False,5,3,,,,,,
1771436122.057,0.0,,,,,,,,,,,,,,,0.3207,WARNING,,5,,t757_0,0.50,HIGH,OFFLOAD,WARNING: heavy task offloaded (weight=0.50 >= 0.3),
1771436122.057,0.0,60.20,4.8500,0.921,22.9,2,4165.415,65.95952,0.02930,0.0000,1.0000,0.0000,0.0000,0.2930,0.1903,0.3174,WARNING,False,5,3,,,,,,
1771436122.057,0.0,,,,,,,,,,,,,,,0.3174,WARNING,,5,,t758_0,0.64,NORMAL,OFFLOAD,WARNING: heavy task offloaded (weight=0.64 >= 0.3),
1771436122.057,0.0,60.03,4.8243,0.901,21.5,2,13060.471,56.64515,0.02913,0.0000,1.0000,0.1170,0.0000,0.2913,0.1806,0.3305,WARNING,False,5,3,,,,,,
1771436122.057,0.0,60.23,4.8198,0.883,20.2,2,-10927.375,15.82900,0.02917,0.0000,0.0000,0.1373,0.0000,0.2917,0.1715,0.0813,SAFE,False,5,3,,,,,,
1771436122.057,0.0,59.59,4.8313,0.866,19.0,2,-31070.198,12.58226,0.02859,0.0000,0.0000,0.0851,0.0000,0.2859,0.1631,0.0723,SAFE,False,5,3,,,,,,
1771436122.057,0.0,59.63,4.8262,0.850,17.9,1,-36532.044,7.77384,0.02689,0.0000,0.0000,0.1080,0.0000,0.2689,0.1402,0.0690,SAFE,False,5,3,,,,,,
1771436122.057,0.0,,,,,,,,,,,,,,,0.0690,SAFE,,4,,t762_0,0.80,NORMAL,LOCAL,SAFE: all tasks permitted (weight=0.80),
1771436122.057,0.0,59.29,4.8303,0.920,22.9,2,,,0.02176,0.0000,0.0000,0.0893,0.0000,0.2176,0.1902,0.0714,SAFE,False,4,4,,,,,,
1771436122.057,0.0,59.55,4.8547,0.901,21.5,2,,,0.02209,0.0000,0.0000,0.0000,0.0000,0.2209,0.1805,0.0582,SAFE,False,9,0,,,,,,window_reset|B=9
1771436122.057,0.0,59.65,4.8192,0.883,20.2,2,,,0.02207,0.0000,0.0000,0.1399,0.0000,0.2207,0.1714,0.0745,SAFE,False,9,0,,,,,,
1771436122.057,0.0,59.28,4.8308,0.866,19.0,1,,,0.02181,0.0000,0.0000,0.0871,0.0000,0.2181,0.1480,0.0627,SAFE,False,9,0,,,,,,
1771436122.057,0.0,59.15,4.8171,0.850,17.9,1,,,0.01436,0.0000,0.0000,0.1495,0.0000,0.1436,0.1402,0.0618,SAFE,False,9,0,,,,,,
1771436122.057,0.0,59.43,4.8476,0.836,16.8,1,,,0.01422,0.0000,0.0000,0.0107,0.0000,0.1422,0.1329,0.0422,SAFE,False,9,0,,,,,,
1771436122.057,0.0,58.22,4.8518,0.822,15.9,1,,,0.01316,0.0000,0.0000,0.0000,0.0000,0.1316,0.1261,0.0384,SAFE,False,9,0,,,,,,
1771436122.057,0.0,58.17,4.8497,0.810,15.0,1,,,0.01313,0.0000,0.0000,0.0013,0.0000,0.1313,0.1198,0.0373,SAFE,False,9,0,,,,,,
1771436122.057,0.0,58.74,4.8490,0.798,14.1,1,,,0.01344,0.0000,0.0000,0.0045,0.0000,0.1344,0.1139,0.0368,SAFE,False,9,0,,,,,,
1771436122.057,0.0,,,,,,,,,,,,,,,0.0368,SAFE,,8,,t771_0,0.78,LOW,LOCAL,SAFE: all tasks permitted (weight=0.78),
1771436122.057,0.0,58.79,4.8535,0.870,19.3,2,,,0.01336,0.0000,0.0000,0.0000,0.0000,0.1336,0.1648,0.0463,SAFE,False,8,1,,,,,,
1771436122.057,0.0,57.96,4.8624,0.854,18.1,1,,,0.01467,0.0000,0.0000,0.0000,0.0000,0.1467,0.1419,0.0430,SAFE,False,8,1,,,,,,
1771436122.057,0.0,58.52,4.8461,0.839,17.1,1,,,0.01401,0.0000,0.0000,0.0176,0.0000,0.1401,0.1345,0.0432,SAFE,False,8,1,,,,,,
1771436122.057,0.0,,,,,,,,,,,,,,,0.0432,SAFE,,7,,t774_0,0.68,LOW,LOCAL,SAFE: all tasks permitted (weight=0.68),
1771436122.057,0.0,58.04,4.7877,0.897,21.2,2,,,0.02057,0.0000,0.0000,0.2833,0.0000,0.2057,0.1784,0.0931,SAFE,False,7,2,,,,,,
1771436122.057,0.0,58.19,4.8363,0.879,19.9,2,,,0.02003,0.0000,0.0000,0.0625,0.0000,0.2003,0.1695,0.0621,SAFE,False,7,2,,,,,,
1771436122.057,0.0,57.46,4.8387,0.862,18.7,1,,,0.01925,0.0000,0.0000,0.0515,0.0000,0.1925,0.1462,0.0552,SAFE,False,7,2,,,,,,
1771436122.057,0.0,,,,,,,,,,,,,,,0.0552,SAFE,,6,,t777_0,0.72,NORMAL,LOCAL,SAFE: all tasks permitted (weight=0.72),
1771436122.057,0.0,57.58,4.8291,0.923,23.1,2,,,0.01932,0.0000,0.0000,0.0951,0.0000,0.1932,0.1916,0.0700,SAFE,False,6,3,,,,,,
1771436122.057,0.0,57.53,4.8185,0.903,21.7,2,,,0.01920,0.0000,0.0000,0.1434,0.0000,0.1920,0.1817,0.0742,SAFE,False,9,0,,,,,,window_reset|B=9
1771436122.057,0.0,57.91,4.8354,0.885,20.4,2,,,0.01905,0.0000,0.0000,0.0665,0.0000,0.1905,0.1726,0.0622,SAFE,False,9,0,,,,,,
1771436122.057,0.0,57.83,4.8376,0.868,19.2,2,,,0.01860,0.0000,0.0000,0.0565,0.0000,0.1860,0.1641,0.0588,SAFE,False,9,0,,,,,,
1771436122.057,0.0,57.74,4.8550,0.852,18.0,1,,,0.01895,0.0000,0.0000,0.0000,0.0000,0.1895,0.1411,0.0472,SAFE,False,9,0,,,,,,
1771436122.057,0.0,57.53,4.8663,0.838,17.0,1,,,0.02038,0.0000,0.0000,0.0000,0.0000,0.2038,0.1338,0.0471,SAFE,False,9,0,,,,,,
1771436122.057,0.0,,,,,,,,,,,,,,,0.0471,SAFE,,8,,t783_0,0.72,HIGH,LOCAL,SAFE: all tasks permitted (weight=0.72),
1771436122.057,0.0,56.99,4.8402,0.901,21.5,2,,,0.01991,0.0000,0.0000,0.0444,0.0000,0.1991,0.1805,0.0618,SAFE,False,8,1,,,,,,
1771436122.057,0.0,,,,,,,,,,,,,,,0.0618,SAFE,,7,,t784_0,0.57,NORMAL,LOCAL,SAFE: all tasks permitted (weight=0.57),
1771436122.057,0.0,57.30,4.8477,0.944,24.6,2,,,0.01878,0.0000,0.0000,0.0104,0.0000,0.1878,0.2019,0.0605,SAFE,False,7,2,,,,,,
1771436122.057,0.0,57.74,4.8034,0.923,23.0,2,,,0.02059,0.0000,0.0000,0.2116,0.0000,0.2059,0.1913,0.0864,SAFE,False,7,2,,,,,,
1771436122.057,0.0,,,,,,,,,,,,,,,0.0864,SAFE,,6,,t786_0,0.37,HIGH,LOCAL,SAFE: all tasks permitted (weight=0.37),
1771436122.057,0.0,57.97,4.8604,0.942,24.4,2,,,0.01669,0.0000,0.0000,0.0000,0.0000,0.1669,0.2011,0.0569,SAFE,False,6,3,,,,,,
1771436122.057,0.0,,,,,,,,,,,,,,,0.0569,SAFE,,5,,t787_0,0.25,LOW,LOCAL,SAFE: all tasks permitted (weight=0.25),
1771436122.057,0.0,57.67,4.8257,0.948,24.9,2,,,0.01709,0.0000,0.0000,0.1106,0.0000,0.1709,0.2040,0.0723,SAFE,False,5,4,,,,,,
1771436122.057,0.0,57.81,4.8188,0.927,23.3,2,,,0.01790,0.0000,0.0000,0.1417,0.0000,0.1790,0.1933,0.0750,SAFE,False,5,4,,,,,,
1771436122.057,0.0,,,,,,,,,,,,,,,0.0750,SAFE,,4,,t789_0,0.33,HIGH,LOCAL,SAFE: all tasks permitted (weight=0.33),
1771436122.057,0.0,57.82,4.8404,0.942,24.4,2,,,0.01778,0.0000,0.0000,0.0436,0.0000,0.1778,0.2010,0.0636,SAFE,False,4,5,,,,,,
1771436122.058,0.0,,,,,,,,,,,,,,,0.0636,SAFE,,3,,t790_0,0.33,NORMAL,LOCAL,SAFE: all tasks permitted (weight=0.33),
1771436122.058,0.0,58.12,4.8182,0.956,25.4,2,35350.042,-48.09152,0.01780,0.0000,1.0000,0.1444,1.0000,0.1780,0.2079,0.5281,WARNING,False,3,6,,,,,,
1771436122.058,0.0,57.49,4.8104,0.934,23.8,2,30228.646,-29.87909,0.01931,0.0000,1.0000,0.1801,1.0000,0.1931,0.1969,0.5321,WARNING,False,3,6,,,,,,
1771436122.058,0.0,57.87,4.8531,0.913,22.4,2,34286.502,5.38111,0.01993,0.0000,1.0000,0.0000,0.0000,0.1993,0.1867,0.3073,WARNING,False,3,6,,,,,,
1771436122.058,0.0,57.82,4.8350,0.894,21.0,2,5061.948,31.61843,0.01915,0.0000,1.0000,0.0680,0.0000,0.1915,0.1772,0.3134,WARNING,False,6,0,,,,,,window_reset|B=6
1771436122.058,0.0,57.72,4.8504,0.877,19.8,2,-14852.866,-9.94410,0.01741,0.0000,0.0000,0.0000,1.0000,0.1741,0.1684,0.2511,WARNING,False,6,0,,,,,,
1771436122.058,0.0,57.48,4.8742,0.860,18.6,1,-11313.766,48.54049,0.02070,0.0000,0.0000,0.0000,0.0000,0.2070,0.1451,0.0497,SAFE,False,6,0,,,,,,
1771436122.058,0.0,57.14,4.8306,0.845,17.5,1,-40203.694,11.74040,0.02046,0.0000,0.0000,0.0884,0.0000,0.2046,0.1375,0.0594,SAFE,False,6,0,,,,,,
1771436122.058,0.0,,,,,,,,,,,,,,,0.0594,SAFE,,5,,t797_0,0.66,HIGH,LOCAL,SAFE: all tasks permitted (weight=0.66),
1771436122.058,0.0,57.14,4.8216,0.901,21.5,2,-40457.209,-18.80081,0.01866,0.0000,0.0000,0.1290,1.0000,0.1866,0.1805,0.2715,WARNING,False,5,1,,,,,,
1771436122.058,0.0,56.92,4.8145,0.883,20.2,2,,,0.01808,0.0000,0.0000,0.1613,0.0000,0.1808,0.1714,0.0733,SAFE,False,5,1,,,,,,
1771436122.058,0.0,,,,,,,,,,,,,,,0.0733,SAFE,,4,,t799_0,0.56,LOW,LOCAL,SAFE: all tasks permitted (weight=0.56),
1771436122.058,0.0,,,,,,,,,,,,,,,0.0733,SAFE,,3,,t799_1,0.26,NORMAL,LOCAL,SAFE: all tasks permitted (weight=0.26),
1771436122.058,0.0,57.28,4.8373,0.954,25.3,2,,,0.01799,0.0000,0.0000,0.0577,0.0000,0.1799,0.2069,0.0669,SAFE,False,3,3,,,,,,
1771436122.058,0.0,57.53,4.8272,0.932,23.7,2,,,0.01755,0.0000,0.0000,0.1035,0.0000,0.1755,0.1960,0.0702,SAFE,False,3,3,,,,,,
1771436122.058,0.0,57.62,4.8504,0.912,22.3,2,,,0.01805,0.0000,0.0000,0.0000,0.0000,0.1805,0.1858,0.0552,SAFE,False,3,3,,,,,,
1771436122.058,0.0,57.25,4.8370,0.893,20.9,2,,,0.01730,0.0000,0.0000,0.0592,0.0000,0.1730,0.1764,0.0603,SAFE,False,3,3,,,,,,
1771436122.058,0.0,,,,,,,,,,,,,,,0.0603,SAFE,,2,,t803_0,0.64,NORMAL,LOCAL,SAFE: all tasks permitted (weight=0.64),
1771436122.058,0.0,,,,,,,,,,,,,,,0.0603,SAFE,,1,,t803_1,0.33,LOW,LOCAL,SAFE: all tasks permitted (weight=0.33),
1771436122.058,0.0,57.67,4.8303,0.980,27.1,3,,,0.01555,0.0000,0.0000,0.0895,0.0000,0.1555,0.2350,0.0742,SAFE,False,1,5,,,,,,
1771436122.058,0.0,56.79,4.7531,0.956,25.5,2,,,0.02761,0.0000,0.0000,0.4406,0.0000,0.2761,0.2082,0.1265,SAFE,False,1,5,,,,,,
1771436122.058,0.0,,,,,,,,,,,,,,,0.1265,SAFE,,0,,t805_0,0.51,NORMAL,LOCAL,SAFE: all tasks permitted (weight=0.51),
1771436122.058,0.0,57.54,4.8030,0.989,27.8,3,,,0.02854,0.0000,0.0000,0.2137,0.0000,0.2854,0.2396,0.1042,SAFE,False,0,6,,,,,,
1771436122.058,0.0,57.69,4.8122,0.965,26.1,2,,,0.02793,0.0000,0.0000,0.1718,0.0000,0.2793,0.2124,0.0927,SAFE,False,0,6,,,,,,
1771436122.058,0.0,,,,,,,,,,,,,,,0.0927,SAFE,,0,,t807_0,0.29,NORMAL,OFFLOAD,"Budget exhausted (B=0), offloading. Original: SAFE: all tasks permitted (weight=0.29)",
1771436122.058,0.0,57.98,4.8178,0.942,24.4,2,,,0.02354,0.0000,0.0000,0.1464,0.0000,0.2354,0.2011,0.0828,SAFE,False,0,6,,,,,,
1771436122.058,0.0,58.17,4.8189,0.921,22.9,2,,,0.02330,0.0000,0.0000,0.1413,0.0000,0.2330,0.1906,0.0798,SAFE,False,9,0,,,,,,window_reset|B=9
1771436122.058,0.0,,,,,,,,,,,,,,,0.0798,SAFE,,8,,t809_0,0.58,NORMAL,LOCAL,SAFE: all tasks permitted (weight=0.58),
1771436122.058,0.0,57.78,4.7938,0.964,26.0,2,,,0.02425,0.0000,0.0000,0.2553,0.0000,0.2425,0.2122,0.0999,SAFE,False,8,1,,,,,,
1771436122.058,0.0,,,,,,,,,,,,,,,0.0999,SAFE,,7,,t810_0,0.55,HIGH,LOCAL,SAFE: all tasks permitted (weight=0.55),
1771436122.058,0.0,57.92,4.8000,1.001,28.7,3,,,0.02467,0.0000,0.0000,0.2271,0.0000,0.2467,0.2457,0.1033,SAFE,False,7,2,,,,,,
1771436122.058,0.0,,,,,,,,,,,,,,,0.1033,SAFE,,6,,t811_0,0.22,LOW,LOCAL,SAFE: all tasks permitted (weight=0.22),
1771436122.058,0.0,,,,,,,,,,,,,,,0.1033,SAFE,,5,,t811_1,0.61,NORMAL,LOCAL,SAFE: all tasks permitted (weight=0.61),
1771436122.058,0.0,58.30,4.7645,1.065,33.2,3,,,0.02727,0.0000,0.0000,0.3884,0.0000,0.2727,0.2776,0.1333,SAFE,False,5,4,,,,,,
1771436122.058,0.0,,,,,,,,,,,,,,,0.1333,SAFE,,4,,t812_0,0.60,NORMAL,LOCAL,SAFE: all tasks permitted (weight=0.60),
1771436122.058,0.0,58.41,4.7670,1.100,35.7,4,,,0.02895,0.0000,0.0000,0.3772,0.0000,0.2895,0.3100,0.1400,SAFE,False,4,5,,,,,,
1771436122.058,0.0,,,,,,,,,,,,,,,0.1400,SAFE,,3,,t813_0,0.46,NORMAL,LOCAL,SAFE: all tasks permitted (weight=0.46),
1771436122.058,0.0,58.88,4.7301,1.117,36.9,4,,,0.03183,0.0000,0.0000,0.5450,0.0000,0.3183,0.3185,0.1664,SAFE,False,3,6,,,,,,
1771436122.058,0.0,59.27,4.7805,1.084,34.5,3,,,0.02919,0.0000,0.0000,0.3160,0.0000,0.2919,0.2868,0.1276,SAFE,False,3,6,,,,,,
1771436122.058,0.0,59.48,4.7675,1.053,32.3,3,,,0.02690,0.0000,0.0000,0.3751,0.0000,0.2690,0.2714,0.1299,SAFE,False,3,6,,,,,,
1771436122.058,0.0,,,,,,,,,,,,,,,0.1299,SAFE,,2,,t816_0,0.39,NORMAL,LOCAL,SAFE: all tasks permitted (weight=0.39),
1771436122.058,0.0,60.03,4.7880,1.066,33.3,3,,,0.02523,0.0000,0.0000,0.2819,0.0000,0.2523,0.2781,0.1175,SAFE,False,2,7,,,,,,
1771436122.058,0.0,59.87,4.7885,1.037,31.2,3,,,0.02478,0.0000,0.0000,0.2797,0.0000,0.2478,0.2633,0.1138,SAFE,False,2,7,,,,,,
1771436122.058,0.0,59.84,4.7815,1.009,29.2,3,,,0.02347,0.0000,0.0000,0.3115,0.0000,0.2347,0.2494,0.1138,SAFE,False,2,7,,,,,,
1771436122.058,0.0,59.63,4.8098,0.983,27.4,3,,,0.02257,0.0000,0.0000,0.1825,0.0000,0.2257,0.2366,0.0936,SAFE,False,2,7,,,,,,
1771436122.058,0.0,,,,,,,,,,,,,,,0.0936,SAFE,,1,,t820_0,0.40,HIGH,LOCAL,SAFE: all tasks permitted (weight=0.40),
1771436122.058,0.0,59.10,4.8217,1.002,28.7,3,,,0.02296,0.0000,0.0000,0.1287,0.0000,0.2296,0.2461,0.0889,SAFE,False,1,8,,,,,,
1771436122.058,0.0,60.08,4.8401,0.977,26.9,2,,,0.02786,0.0000,0.0000,0.0448,0.0000,0.2786,0.2185,0.0774,SAFE,False,1,8,,,,,,
1771436122.059,0.0,,,,,,,,,,,,,,,0.0774,SAFE,,0,,t822_0,0.31,NORMAL,LOCAL,SAFE: all tasks permitted (weight=0.31),
1771436122.059,0.0,59.82,4.8279,0.987,27.6,3,32822.473,47.45238,0.02997,0.0000,1.0000,0.1003,0.0000,0.2997,0.2383,0.3407,WARNING,False,0,9,,,,,,
1771436122.059,0.0,60.20,4.8200,0.962,25.9,2,42963.444,52.54802,0.03013,0.0000,1.0000,0.1362,0.0000,0.3013,0.2112,0.3401,WARNING,False,6,0,,,,,,window_reset|B=6
1771436122.059,0.0,60.12,4.8239,0.940,24.3,2,5550.751,35.94783,0.03006,0.0000,1.0000,0.1184,0.0000,0.3006,0.2000,0.3355,WARNING,False,6,0,,,,,,
1771436122.059,0.0,,,,,,,,,,,,,,,0.3355,WARNING,,6,,t825_0,0.46,NORMAL,OFFLOAD,WARNING: heavy task offloaded (weight=0.46 >= 0.3),
1771436122.059,0.0,59.97,4.8452,0.919,22.8,2,6044.586,56.72261,0.02464,0.0000,1.0000,0.0219,0.0000,0.2464,0.1896,0.3154,WARNING,False,6,0,,,,,,
1771436122.059,0.0,,,,,,,,,,,,,,,0.3154,WARNING,,6,,t826_0,0.36,NORMAL,OFFLOAD,WARNING: heavy task offloaded (weight=0.36 >= 0.3),
1771436122.059,0.0,59.88,4.8170,0.900,21.4,2,2699.109,35.54362,0.02329,0.0000,1.0000,0.1499,0.0000,0.2329,0.1799,0.3287,WARNING,False,6,0,,,,,,
1771436122.059,0.0,,,,,,,,,,,,,,,0.3287,WARNING,,6,,t827_0,0.39,CRITICAL,OFFLOAD,WARNING: heavy task offloaded (weight=0.39 >= 0.3),
1771436122.059,0.0,60.39,4.7977,0.882,20.1,2,45161.677,-12.10418,0.01983,0.0000,1.0000,0.2375,1.0000,0.1983,0.1708,0.5349,WARNING,False,6,0,,,,,,
1771436122.059,0.0,,,,,,,,,,,,,,,0.5349,WARNING,,6,,t828_0,0.72,NORMAL,OFFLOAD,WARNING: heavy task offloaded (weight=0.72 >= 0.3),
1771436122.059,0.0,60.33,4.8632,0.865,18.9,1,73933.785,41.51074,0.02250,0.0000,1.0000,0.0000,0.0000,0.2250,0.1475,0.3020,WARNING,False,6,0,,,,,,
1771436122.059,0.0,60.35,4.8211,0.849,17.8,1,16138.793,-19.00837,0.02043,0.0000,1.0000,0.1312,1.0000,0.2043,0.1397,0.5154,WARNING,False,6,0,,,,,,
1771436122.059,0.0,59.76,4.8716,0.835,16.8,1,,,0.02056,0.0000,0.0000,0.0000,0.0000,0.2056,0.1324,0.0470,SAFE,False,6,0,,,,,,
1771436122.059,0.0,59.00,4.8257,0.821,15.8,1,,,0.01971,0.0000,0.0000,0.1106,0.0000,0.1971,0.1256,0.0592,SAFE,False,6,0,,,,,,
1771436122.059,0.0,58.76,4.8409,0.809,14.9,1,,,0.01965,0.0000,0.0000,0.0412,0.0000,0.1965,0.1194,0.0489,SAFE,False,6,0,,,,,,
1771436122.059,0.0,,,,,,,,,,,,,,,0.0489,SAFE,,5,,t833_0,0.35,HIGH,LOCAL,SAFE: all tasks permitted (weight=0.35),
1771436122.059,0.0,58.71,4.8654,0.835,16.8,1,,,0.02158,0.0000,0.0000,0.0000,0.0000,0.2158,0.1326,0.0481,SAFE,False,5,1,,,,,,
1771436122.059,0.0,58.14,4.8299,0.822,15.8,1,,,0.02153,0.0000,0.0000,0.0913,0.0000,0.2153,0.1259,0.0586,SAFE,False,5,1,,,,,,
1771436122.059,0.0,,,,,,,,,,,,,,,0.0586,SAFE,,4,,t835_0,0.34,HIGH,LOCAL,SAFE: all tasks permitted (weight=0.34),
1771436122.059,0.0,58.17,4.8446,0.846,17.6,1,,,0.02116,0.0000,0.0000,0.0245,0.0000,0.2116,0.1380,0.0519,SAFE,False,4,2,,,,,,
1771436122.059,0.0,57.75,4.8785,0.832,16.6,1,,,0.02355,0.0000,0.0000,0.0000,0.0000,0.2355,0.1309,0.0497,SAFE,False,4,2,,,,,,
1771436122.059,0.0,58.58,4.8553,0.819,15.6,1,,,0.02384,0.0000,0.0000,0.0000,0.0000,0.2384,0.1243,0.0487,SAFE,False,4,2,,,,,,
1771436122.059,0.0,57.83,4.8413,0.806,14.7,1,,,0.02258,0.0000,0.0000,0.0394,0.0000,0.2258,0.1181,0.0513,SAFE,False,9,0,,,,,,window_reset|B=9
1771436122.059,0.0,,,,,,,,,,,,,,,0.0513,SAFE,,8,,t839_0,0.22,NORMAL,LOCAL,SAFE: all tasks permitted (weight=0.22),
1771436122.059,0.0,,,,,,,,,,,,,,,0.0513,SAFE,,7,,t839_1,0.49,HIGH,LOCAL,SAFE: all tasks permitted (weight=0.49),
1771436122.059,0.0,57.71,4.8432,0.871,19.4,2,,,0.01768,0.0000,0.0000,0.0308,0.0000,0.1768,0.1657,0.0548,SAFE,False,7,2,,,,,,
1771436122.059,0.0,57.74,4.8601,0.855,18.2,1,,,0.01748,0.0000,0.0000,0.0000,0.0000,0.1748,0.1427,0.0460,SAFE,False,7,2,,,,,,
1771436122.059,0.0,,,,,,,,,,,,,,,0.0460,SAFE,,6,,t841_0,0.47,HIGH,LOCAL,SAFE: all tasks permitted (weight=0.47),
1771436122.059,0.0,57.56,4.8643,0.891,20.8,2,,,0.01593,0.0000,0.0000,0.0000,0.0000,0.1593,0.1754,0.0510,SAFE,False,6,3,,,,,,
1771436122.059,0.0,,,,,,,,,,,,,,,0.0510,SAFE,,5,,t842_0,0.48,NORMAL,LOCAL,SAFE: all tasks permitted (weight=0.48),
1771436122.059,0.0,57.30,4.8126,0.926,23.3,2,,,0.01801,0.0000,0.0000,0.1701,0.0000,0.1801,0.1928,0.0787,SAFE,False,5,4,,,,,,
1771436122.059,0.0,,,,,,,,,,,,,,,0.0787,SAFE,,4,,t843_0,0.64,NORMAL,LOCAL,SAFE: all tasks permitted (weight=0.64),
1771436122.059,0.0,57.49,4.8302,0.976,26.8,2,,,0.01761,0.0000,0.0000,0.0899,0.0000,0.1761,0.2178,0.0729,SAFE,False,4,5,,,,,,
1771436122.059,0.0,58.23,4.8328,0.952,25.2,2,,,0.01799,0.0000,0.0000,0.0783,0.0000,0.1799,0.2061,0.0694,SAFE,False,4,5,,,,,,
1771436122.059,0.0,58.24,4.8452,0.931,23.6,2,,,0.01706,0.0000,0.0000,0.0220,0.0000,0.1706,0.1953,0.0590,SAFE,False,4,5,,,,,,
1771436122.059,0.0,58.56,4.8274,0.910,22.2,2,,,0.01726,0.0000,0.0000,0.1026,0.0000,0.1726,0.1852,0.0676,SAFE,False,4,5,,,,,,
1771436122.059,0.0,,,,,,,,,,,,,,,0.0676,SAFE,,3,,t847_0,0.60,HIGH,LOCAL,SAFE: all tasks permitted (weight=0.60),
1771436122.059,0.0,57.81,4.8044,0.957,25.5,2,,,0.02053,0.0000,0.0000,0.2072,0.0000,0.2053,0.2085,0.0892,SAFE,False,3,6,,,,,,
1771436122.059,0.0,58.27,4.8533,0.935,23.9,2,,,0.01770,0.0000,0.0000,0.0000,0.0000,0.1770,0.1975,0.0572,SAFE,False,3,6,,,,,,
1771436122.059,0.0,57.76,4.8155,0.914,22.5,2,,,0.01810,0.0000,0.0000,0.1569,0.0000,0.1810,0.1872,0.0759,SAFE,False,3,6,,,,,,
1771436122.059,0.0,,,,,,,,,,,,,,,0.0759,SAFE,,2,,t850_0,0.43,LOW,LOCAL,SAFE: all tasks permitted (weight=0.43),
1771436122.059,0.0,58.07,4.8114,0.942,24.4,2,,,0.01920,0.0000,0.0000,0.1756,0.0000,0.1920,0.2010,0.0822,SAFE,False,2,7,,,,,,
1771436122.059,0.0,57.76,4.8485,0.921,22.9,2,,,0.01948,0.0000,0.0000,0.0067,0.0000,0.1948,0.1905,0.0585,SAFE,False,2,7,,,,,,
1771436122.059,0.0,,,,,,,,,,,,,,,0.0585,SAFE,,1,,t852_0,0.38,LOW,LOCAL,SAFE: all tasks permitted (weight=0.38),
1771436122.059,0.0,,,,,,,,,,,,,,,0.0585,SAFE,,0,,t852_1,0.67,CRITICAL,LOCAL,SAFE: all tasks permitted (weight=0.67),
1771436122.059,0.0,57.82,4.6761,1.016,29.7,3,,,0.04648,0.0000,0.0000,0.7906,0.0000,0.4648,0.2529,0.1998,SAFE,False,0,9,,,,,,
1771436122.059,0.0,,,,,,,,,,,,,,,0.1998,SAFE,,0,,t853_0,0.81,LOW,OFFLOAD,"Budget exhausted (B=0), offloading. Original: SAFE: all tasks permitted (weight=0.81)",
1771436122.059,0.0,58.34,4.8105,0.990,27.8,3,,,0.04439,0.0000,0.0000,0.1795,0.0000,0.4439,0.2398,0.1157,SAFE,False,8,0,,,,,,window_reset|B=8
1771436122.060,0.0,58.73,4.8120,0.965,26.1,2,10150.797,-15.38452,0.04439,0.0000,1.0000,0.1726,1.0000,0.4439,0.2127,0.5594,WARNING,False,8,0,,,,,,
1771436122.060,0.0,58.61,4.8157,0.943,24.5,2,48001.606,11.31758,0.04412,0.0000,1.0000,0.1558,0.0000,0.4412,0.2013,0.3546,WARNING,False,8,0,,,,,,
1771436122.060,0.0,,,,,,,,,,,,,,,0.3546,WARNING,,8,,t856_0,0.38,NORMAL,OFFLOAD,WARNING: heavy task offloaded (weight=0.38 >= 0.3),
1771436122.060,0.0,58.55,4.8306,0.922,23.0,2,16971.812,-22.60837,0.04405,0.0000,1.0000,0.0880,1.0000,0.4405,0.1908,0.5437,WARNING,False,8,0,,,,,,
1771436122.060,0.0,,,,,,,,,,,,,,,0.5437,WARNING,,8,,t857_0,0.79,NORMAL,OFFLOAD,WARNING: heavy task offloaded (weight=0.79 >= 0.3),
1771436122.060,0.0,,,,,,,,,,,,,,,0.5437,WARNING,,8,,t857_1,0.53,HIGH,OFFLOAD,WARNING: heavy task offloaded (weight=0.53 >= 0.3),
1771436122.060,0.0,58.46,4.8382,0.902,21.6,2,41973.058,22.68240,0.04366,0.0000,1.0000,0.0537,0.0000,0.4366,0.1810,0.3368,WARNING,False,8,0,,,,,,
1771436122.060,0.0,,,,,,,,,,,,,,,0.3368,WARNING,,7,,t858_0,0.24,CRITICAL,LOCAL,WARNING: lightweight task permitted (weight=0.24 < 0.3),
1771436122.060,0.0,58.56,4.8494,0.910,22.1,2,29269.130,38.01386,0.04472,0.0000,1.0000,0.0026,0.0000,0.4472,0.1850,0.3321,WARNING,False,7,1,,,,,,
1771436122.060,0.0,,,,,,,,,,,,,,,0.3321,WARNING,,7,,t859_0,0.75,HIGH,OFFLOAD,WARNING: heavy task offloaded (weight=0.75 >= 0.3),
1771436122.060,0.0,58.80,4.8719,0.891,20.8,2,61959.590,23.36600,0.04735,0.0000,1.0000,0.0000,0.0000,0.4735,0.1756,0.3325,WARNING,False,7,1,,,,,,
1771436122.060,0.0,58.04,4.8381,0.874,19.6,2,12956.155,161.86304,0.04663,0.0000,1.0000,0.0542,0.0000,0.4663,0.1669,0.3371,WARNING,False,7,1,,,,,,
1771436122.060,0.0,,,,,,,,,,,,,,,0.3371,WARNING,,7,,t861_0,0.55,NORMAL,OFFLOAD,WARNING: heavy task offloaded (weight=0.55 >= 0.3),
1771436122.060,0.0,57.52,4.8521,0.858,18.4,1,-49431.131,41.58122,0.04754,0.0000,0.0000,0.0000,0.0000,0.4754,0.1438,0.0763,SAFE,False,7,1,,,,,,
1771436122.060,0.0,58.01,4.8606,0.843,17.3,1,,,0.04863,0.0000,0.0000,0.0000,0.0000,0.4863,0.1363,0.0759,SAFE,False,7,1,,,,,,
1771436122.060,0.0,57.75,4.8465,0.828,16.3,1,,,0.04855,0.0000,0.0000,0.0159,0.0000,0.4855,0.1292,0.0765,SAFE,False,7,1,,,,,,
1771436122.060,0.0,57.50,4.8347,0.815,15.4,1,,,0.01838,0.0000,0.0000,0.0697,0.0000,0.1838,0.1227,0.0520,SAFE,False,7,1,,,,,,
1771436122.060,0.0,57.56,4.8555,0.803,14.5,1,,,0.01684,0.0000,0.0000,0.0000,0.0000,0.1684,0.1166,0.0402,SAFE,False,7,1,,,,,,
1771436122.060,0.0,57.08,4.8685,0.792,13.7,1,,,0.01562,0.0000,0.0000,0.0000,0.0000,0.1562,0.1110,0.0378,SAFE,False,7,1,,,,,,
1771436122.060,0.0,56.55,4.8537,0.781,13.0,1,,,0.01254,0.0000,0.0000,0.0000,0.0000,0.1254,0.1057,0.0337,SAFE,False,7,1,,,,,,
1771436122.060,0.0,56.44,4.8417,0.772,12.3,1,,,0.01145,0.0000,0.0000,0.0377,0.0000,0.1145,0.1009,0.0365,SAFE,False,9,0,,,,,,window_reset|B=9
1771436122.060,0.0,56.29,4.8873,0.763,11.6,1,,,0.01453,0.0000,0.0000,0.0000,0.0000,0.1453,0.0963,0.0338,SAFE,False,9,0,,,,,,
1771436122.060,0.0,56.16,4.8620,0.754,11.0,1,,,0.01454,0.0000,0.0000,0.0000,0.0000,0.1454,0.0921,0.0330,SAFE,False,9,0,,,,,,
1771436122.060,0.0,,,,,,,,,,,,,,,0.0330,SAFE,,8,,t871_0,0.55,NORMAL,LOCAL,SAFE: all tasks permitted (weight=0.55),
1771436122.061,0.0,56.60,4.8354,0.807,14.8,1,-103804.486,-16.73403,0.01472,0.0000,0.0000,0.0665,1.0000,0.1472,0.1183,0.2470,SAFE,False,8,1,,,,,,
1771436122.061,0.0,,,,,,,,,,,,,,,0.2470,SAFE,,7,,t872_0,0.38,NORMAL,LOCAL,SAFE: all tasks permitted (weight=0.38),
1771436122.061,0.0,56.18,4.8607,0.837,16.9,1,-119806.958,39.14419,0.01413,0.0000,0.0000,0.0000,0.0000,0.1413,0.1336,0.0408,SAFE,False,7,2,,,,,,
1771436122.061,0.0,54.98,4.8455,0.824,16.0,1,-233290.149,-15.10099,0.01435,0.0000,0.0000,0.0204,1.0000,0.1435,0.1268,0.2424,SAFE,False,7,2,,,,,,
1771436122.061,0.0,55.80,4.8533,0.811,15.1,1,-115578.493,-22.90265,0.01422,0.0000,0.0000,0.0000,1.0000,0.1422,0.1204,0.2383,SAFE,False,7,2,,,,,,
1771436122.061,0.0,,,,,,,,,,,,,,,0.2383,SAFE,,6,,t875_0,0.85,CRITICAL,LOCAL,SAFE: all tasks permitted (weight=0.85),
1771436122.061,0.0,55.40,4.8261,0.892,20.9,2,-103946.951,-41.44125,0.01608,0.0000,0.0000,0.1085,1.0000,0.1608,0.1760,0.2654,WARNING,False,6,3,,,,,,
1771436122.061,0.0,,,,,,,,,,,,,,,0.2654,WARNING,,5,,t876_0,0.22,LOW,LOCAL,WARNING: lightweight task permitted (weight=0.22 < 0.3),
1771436122.061,0.0,,,,,,,,,,,,,,,0.2654,WARNING,,5,,t876_1,0.80,HIGH,OFFLOAD,WARNING: heavy task offloaded (weight=0.80 >= 0.3),
1771436122.061,0.0,55.73,4.7888,0.898,21.3,2,-63597.631,-79.66344,0.02350,0.0000,0.0000,0.2784,1.0000,0.2350,0.1792,0.2955,WARNING,False,5,4,,,,,,
1771436122.061,0.0,,,,,,,,,,,,,,,0.2955,WARNING,,5,,t877_0,0.44,NORMAL,OFFLOAD,WARNING: heavy task offloaded (weight=0.44 >= 0.3),
1771436122.061,0.0,55.77,4.8356,0.880,20.0,2,-47322.405,-77.70211,0.02363,0.0000,0.0000,0.0653,1.0000,0.2363,0.1702,0.2662,WARNING,False,5,4,,,,,,
1771436122.061,0.0,55.72,4.8422,0.864,18.8,1,-39660.225,-29.74815,0.02269,0.0000,0.0000,0.0355,1.0000,0.2269,0.1469,0.2567,WARNING,False,5,4,,,,,,
1771436122.061,0.0,55.12,4.8445,0.848,17.7,1,,,0.02252,0.0000,0.0000,0.0249,0.0000,0.2252,0.1391,0.0536,SAFE,False,5,4,,,,,,
1771436122.061,0.0,55.05,4.8621,0.834,16.7,1,,,0.02308,0.0000,0.0000,0.0000,0.0000,0.2308,0.1319,0.0495,SAFE,False,5,4,,,,,,
1771436122.061,0.0,,,,,,,,,,,,,,,0.0495,SAFE,,4,,t881_0,0.56,HIGH,LOCAL,SAFE: all tasks permitted (weight=0.56),
1771436122.061,0.0,55.04,4.8307,0.882,20.1,2,,,0.01952,0.0000,0.0000,0.0876,0.0000,0.1952,0.1709,0.0651,SAFE,False,4,5,,,,,,
1771436122.061,0.0,,,,,,,,,,,,,,,0.0651,SAFE,,3,,t882_0,0.66,HIGH,LOCAL,SAFE: all tasks permitted (weight=0.66),
1771436122.061,0.0,55.40,4.8383,0.938,24.1,2,,,0.01842,0.0000,0.0000,0.0532,0.0000,0.1842,0.1989,0.0651,SAFE,False,3,6,,,,,,
1771436122.061,0.0,,,,,,,,,,,,,,,0.0651,SAFE,,2,,t883_0,0.63,HIGH,LOCAL,SAFE: all tasks permitted (weight=0.63),
1771436122.061,0.0,55.84,4.7836,0.986,27.6,3,,,0.02391,0.0000,0.0000,0.3016,0.0000,0.2391,0.2380,0.1107,SAFE,False,8,0,,,,,,window_reset|B=8
1771436122.061,0.0,,,,,,,,,,,,,,,0.1107,SAFE,,7,,t884_0,0.31,LOW,LOCAL,SAFE: all tasks permitted (weight=0.31),
1771436122.061,0.0,55.51,4.7746,0.996,28.3,3,,,0.02755,0.0000,0.0000,0.3426,0.0000,0.2755,0.2432,0.1207,SAFE,False,7,1,,,,,,
1771436122.061,0.0,56.45,4.8192,0.972,26.5,2,,,0.02704,0.0000,0.0000,0.1401,0.0000,0.2704,0.2158,0.0884,SAFE,False,7,1,,,,,,
1771436122.061,0.0,,,,,,,,,,,,,,,0.0884,SAFE,,6,,t886_0,0.41,NORMAL,LOCAL,SAFE: all tasks permitted (weight=0.41),
1771436122.061,0.0,56.25,4.7970,0.994,28.1,3,,,0.02660,0.0000,0.0000,0.2411,0.0000,0.2660,0.2419,0.1063,SAFE,False,6,2,,,,,,
1771436122.061,0.0,,,,,,,,,,,,,,,0.1063,SAFE,,5,,t887_0,0.42,NORMAL,LOCAL,SAFE: all tasks permitted (weight=0.42),
1771436122.061,0.0,56.09,4.8037,1.015,29.7,3,,,0.02690,0.0000,0.0000,0.2104,0.0000,0.2690,0.2526,0.1048,SAFE,False,5,3,,,,,,
1771436122.061,0.0,,,,,,,,,,,,,,,0.1048,SAFE,,4,,t888_0,0.64,HIGH,LOCAL,SAFE: all tasks permitted (weight=0.64),
1771436122.061,0.0,56.49,4.8124,1.060,32.8,3,,,0.02549,0.0000,0.0000,0.1710,0.0000,0.2549,0.2749,0.1027,SAFE,False,4,4,,,,,,
1771436122.061,0.0,,,,,,,,,,,,,,,0.1027,SAFE,,3,,t889_0,0.84,CRITICAL,LOCAL,SAFE: all tasks permitted (weight=0.84),
1771436122.061,0.0,57.39,4.7860,1.123,37.4,4,,,0.02667,0.0000,0.0000,0.2910,0.0000,0.2667,0.3216,0.1288,SAFE,False,3,5,,,,,,
1771436122.061,0.0,,,,,,,,,,,,,,,0.1288,SAFE,,2,,t890_0,0.29,LOW,LOCAL,SAFE: all tasks permitted (weight=0.29),
1771436122.061,0.0,57.79,4.8077,1.121,37.2,4,,,0.02555,0.0000,0.0000,0.1924,0.0000,0.2555,0.3205,0.1147,SAFE,False,2,6,,,,,,
1771436122.061,0.0,57.81,4.7432,1.087,34.8,3,,,0.03018,0.0000,0.0000,0.4856,0.0000,0.3018,0.2887,0.1510,SAFE,False,2,6,,,,,,
1771436122.061,0.0,,,,,,,,,,,,,,,0.1510,SAFE,,1,,t892_0,0.79,LOW,LOCAL,SAFE: all tasks permitted (weight=0.79),
1771436122.061,0.0,58.46,4.7830,1.143,38.8,4,,,0.02518,0.0000,0.0000,0.3047,0.0000,0.2518,0.3315,0.1311,SAFE,False,1,7,,,,,,
1771436122.061,0.0,,,,,,,,,,,,,,,0.1311,SAFE,,0,,t893_0,0.56,NORMAL,LOCAL,SAFE: all tasks permitted (weight=0.56),
1771436122.061,0.0,58.91,4.7256,1.170,40.7,4,,,0.03017,0.0000,0.0000,0.5656,0.0000,0.3017,0.3450,0.1727,SAFE,False,0,8,,,,,,
1771436122.061,0.0,,,,,,,,,,,,,,,0.1727,SAFE,,0,,t894_0,0.76,NORMAL,OFFLOAD,"Budget exhausted (B=0), offloading. Original: SAFE: all tasks permitted (weight=0.76)",
1771436122.061,0.0,58.95,4.7440,1.133,38.1,4,,,0.02868,0.0000,0.0000,0.4820,0.0000,0.2868,0.3266,0.1567,SAFE,False,0,8,,,,,,
1771436122.061,0.0,,,,,,,,,,,,,,,0.1567,SAFE,,0,,t895_0,0.55,LOW,OFFLOAD,"Budget exhausted (B=0), offloading. Original: SAFE: all tasks permitted (weight=0.55)",
1771436122.061,0.0,59.06,4.7442,1.099,35.6,4,,,0.03047,0.0000,0.0000,0.4810,0.0000,0.3047,0.3094,0.1549,SAFE,False,0,8,,,,,,
1771436122.061,0.0,59.10,4.7845,1.067,33.3,3,,,0.03049,0.0000,0.0000,0.2979,0.0000,0.3049,0.2784,0.1249,SAFE,False,0,8,,,,,,
1771436122.061,0.0,59.27,4.7813,1.037,31.2,3,,,0.02805,0.0000,0.0000,0.3121,0.0000,0.2805,0.2635,0.1213,SAFE,False,0,8,,,,,,
1771436122.061,0.0,,,,,,,,,,,,,,,0.1213,SAFE,,0,,t898_0,0.28,LOW,OFFLOAD,"Budget exhausted (B=0), offloading. Original: SAFE: all tasks permitted (weight=0.28)",
1771436122.061,0.0,59.96,4.8116,1.009,29.2,3,,,0.02923,0.0000,0.0000,0.1746,0.0000,0.2923,0.2497,0.1019,SAFE,False,8,0,,,,,,window_reset|B=8
1771436122.061,0.0,,,,,,,,,,,,,,,0.1019,SAFE,,7,,t899_0,0.43,HIGH,LOCAL,SAFE: all tasks permitted (weight=0.43),
1771436122.061,0.0,59.84,4.8134,1.032,30.8,3,,,0.03007,0.0000,0.0000,0.1664,0.0000,0.3007,0.2608,0.1039,SAFE,False,7,1,,,,,,
1771436122.062,0.0,60.04,4.7884,1.004,28.9,3,94462.207,5.42621,0.02848,0.0000,1.0000,0.2800,0.0000,0.2848,0.2472,0.3643,WARNING,False,7,1,,,,,,
1771436122.062,0.0,59.82,4.8129,0.979,27.1,3,54508.800,87.03200,0.03018,0.0000,1.0000,0.1685,0.0000,0.3018,0.2345,0.3490,WARNING,False,7,1,,,,,,
1771436122.062,0.0,60.19,4.7958,0.955,25.4,2,74332.977,51.63347,0.02939,0.0000,1.0000,0.2464,0.0000,0.2939,0.2077,0.3530,WARNING,False,7,1,,,,,,
1771436122.062,0.0,59.91,4.8014,0.933,23.8,2,51046.673,57.01453,0.02813,0.0000,1.0000,0.2208,0.0000,0.2813,0.1967,0.3462,WARNING,False,7,1,,,,,,
1771436122.062,0.0,,,,,,,,,,,,,,,0.3462,WARNING,,7,,t904_0,0.72,LOW,OFFLOAD,WARNING: heavy task offloaded (weight=0.72 >= 0.3),
1771436122.062,0.0,59.45,4.8393,0.913,22.4,2,21285.623,54.62024,0.03227,0.0000,1.0000,0.0487,0.0000,0.3227,0.1865,0.3259,WARNING,False,7,1,,,,,,
1771436122.062,0.0,60.03,4.8395,0.894,21.0,2,45363.362,57.95314,0.02948,0.0000,1.0000,0.0477,0.0000,0.2948,0.1770,0.3211,WARNING,False,7,1,,,,,,
1771436122.062,0.0,59.81,4.8311,0.876,19.7,2,-9063.080,19.47863,0.02623,0.0000,0.0000,0.0857,0.0000,0.2623,0.1682,0.0710,SAFE,False,7,1,,,,,,
1771436122.062,0.0,60.25,4.8371,0.860,18.6,1,24154.842,23.63441,0.02067,0.0000,1.0000,0.0586,0.0000,0.2067,0.1450,0.3073,WARNING,False,7,1,,,,,,
1771436122.062,0.0,59.10,4.8492,0.845,17.5,1,,,0.02138,0.0000,0.0000,0.0036,0.0000,0.2138,0.1374,0.0493,SAFE,False,7,1,,,,,,
1771436122.062,0.0,,,,,,,,,,,,,,,0.0493,SAFE,,6,,t909_0,0.39,CRITICAL,LOCAL,SAFE: all tasks permitted (weight=0.39),
1771436122.062,0.0,59.05,4.8563,0.874,19.6,2,,,0.02107,0.0000,0.0000,0.0000,0.0000,0.2107,0.1672,0.0545,SAFE,False,6,2,,,,,,
1771436122.062,0.0,59.20,4.8626,0.858,18.4,1,,,0.02336,0.0000,0.0000,0.0000,0.0000,0.2336,0.1441,0.0522,SAFE,False,6,2,,,,,,
1771436122.062,0.0,58.68,4.8350,0.843,17.4,1,,,0.02305,0.0000,0.0000,0.0680,0.0000,0.2305,0.1365,0.0592,SAFE,False,6,2,,,,,,
1771436122.062,0.0,58.23,4.8522,0.829,16.4,1,,,0.02025,0.0000,0.0000,0.0000,0.0000,0.2025,0.1295,0.0461,SAFE,False,6,2,,,,,,
1771436122.062,0.0,58.95,4.8399,0.816,15.4,1,,,0.01921,0.0000,0.0000,0.0457,0.0000,0.1921,0.1229,0.0497,SAFE,False,9,0,,,,,,window_reset|B=9
1771436122.062,0.0,58.64,4.8592,0.804,14.5,1,,,0.01564,0.0000,0.0000,0.0000,0.0000,0.1564,0.1168,0.0390,SAFE,False,9,0,,,,,,
1771436122.062,0.0,,,,,,,,,,,,,,,0.0390,SAFE,,8,,t915_0,0.35,HIGH,LOCAL,SAFE: all tasks permitted (weight=0.35),
1771436122.062,0.0,57.84,4.8753,0.832,16.6,1,,,0.01276,0.0000,0.0000,0.0000,0.0000,0.1276,0.1309,0.0389,SAFE,False,8,1,,,,,,
1771436122.062,0.0,,,,,,,,,,,,,,,0.0389,SAFE,,7,,t916_0,0.33,HIGH,LOCAL,SAFE: all tasks permitted (weight=0.33),
1771436122.062,0.0,58.06,4.8439,0.855,18.2,1,,,0.01256,0.0000,0.0000,0.0279,0.0000,0.1256,0.1424,0.0447,SAFE,False,7,2,,,,,,
1771436122.062,0.0,58.19,4.8272,0.840,17.1,1,,,0.01369,0.0000,0.0000,0.1035,0.0000,0.1369,0.1350,0.0541,SAFE,False,7,2,,,,,,
1771436122.062,0.0,57.52,4.8496,0.826,16.1,1,,,0.01278,0.0000,0.0000,0.0019,0.0000,0.1278,0.1280,0.0386,SAFE,False,7,2,,,,,,
1771436122.062,0.0,,,,,,,,,,,,,,,0.0386,SAFE,,6,,t919_0,0.47,NORMAL,LOCAL,SAFE: all tasks permitted (weight=0.47),
1771436122.062,0.0,,,,,,,,,,,,,,,0.0386,SAFE,,5,,t919_1,0.29,NORMAL,LOCAL,SAFE: all tasks permitted (weight=0.29),
1771436122.062,0.0,58.66,4.8520,0.898,21.3,2,,,0.01229,0.0000,0.0000,0.0000,0.0000,0.1229,0.1789,0.0481,SAFE,False,5,4,,,,,,
1771436122.062,0.0,58.21,4.8568,0.880,20.0,2,,,0.01242,0.0000,0.0000,0.0000,0.0000,0.1242,0.1700,0.0464,SAFE,False,5,4,,,,,,
1771436122.062,0.0,,,,,,,,,,,,,,,0.0464,SAFE,,4,,t921_0,0.28,NORMAL,LOCAL,SAFE: all tasks permitted (weight=0.28),
1771436122.062,0.0,57.14,4.8290,0.894,21.0,2,,,0.01365,0.0000,0.0000,0.0954,0.0000,0.1365,0.1771,0.0615,SAFE,False,4,5,,,,,,
1771436122.062,0.0,,,,,,,,,,,,,,,0.0615,SAFE,,3,,t922_0,0.50,LOW,LOCAL,SAFE: all tasks permitted (weight=0.50),
1771436122.062,0.0,57.75,4.8193,0.932,23.7,2,,,0.01510,0.0000,0.0000,0.1395,0.0000,0.1510,0.1961,0.0725,SAFE,False,3,6,,,,,,
1771436122.062,0.0,,,,,,,,,,,,,,,0.0725,SAFE,,2,,t923_0,0.82,CRITICAL,LOCAL,SAFE: all tasks permitted (weight=0.82),
1771436122.062,0.0,58.15,4.8248,1.004,28.8,3,,,0.01590,0.0000,0.0000,0.1144,0.0000,0.1590,0.2469,0.0801,SAFE,False,2,7,,,,,,
1771436122.062,0.0,57.59,4.7988,0.978,27.0,3,,,0.01997,0.0000,0.0000,0.2328,0.0000,0.1997,0.2342,0.0971,SAFE,False,2,7,,,,,,
1771436122.062,0.0,,,,,,,,,,,,,,,0.0971,SAFE,,1,,t925_0,0.33,HIGH,LOCAL,SAFE: all tasks permitted (weight=0.33),
1771436122.062,0.0,58.02,4.8168,0.991,28.0,3,,,0.02094,0.0000,0.0000,0.1511,0.0000,0.2094,0.2407,0.0887,SAFE,False,1,8,,,,,,
1771436122.062,0.0,58.23,4.7836,0.967,26.2,2,,,0.02460,0.0000,0.0000,0.3019,0.0000,0.2460,0.2135,0.1065,SAFE,False,1,8,,,,,,
1771436122.062,0.0,58.02,4.8289,0.944,24.6,2,,,0.02074,0.0000,0.0000,0.0960,0.0000,0.2074,0.2021,0.0736,SAFE,False,1,8,,,,,,
1771436122.062,0.0,,,,,,,,,,,,,,,0.0736,SAFE,,0,,t928_0,0.57,HIGH,LOCAL,SAFE: all tasks permitted (weight=0.57),
1771436122.062,0.0,58.38,4.8349,0.987,27.6,3,,,0.02030,0.0000,0.0000,0.0687,0.0000,0.2030,0.2383,0.0769,SAFE,False,9,0,,,,,,window_reset|B=9
1771436122.062,0.0,,,,,,,,,,,,,,,0.0769,SAFE,,8,,t929_0,0.54,LOW,LOCAL,SAFE: all tasks permitted (weight=0.54),
1771436122.062,0.0,58.49,4.8033,1.023,30.2,3,,,0.02130,0.0000,0.0000,0.2121,0.0000,0.2130,0.2563,0.1001,SAFE,False,8,1,,,,,,
1771436122.062,0.0,58.20,4.8139,0.996,28.3,3,,,0.02010,0.0000,0.0000,0.1641,0.0000,0.2010,0.2430,0.0900,SAFE,False,8,1,,,,,,
1771436122.062,0.0,,,,,,,,,,,,,,,0.0900,SAFE,,7,,t931_0,0.67,LOW,LOCAL,SAFE: all tasks permitted (weight=0.67),
1771436122.062,0.0,58.78,4.8027,1.046,31.9,3,,,0.01849,0.0000,0.0000,0.2152,0.0000,0.1849,0.2680,0.1001,SAFE,False,7,2,,,,,,
1771436122.062,0.0,,,,,,,,,,,,,,,0.1001,SAFE,,6,,t932_0,0.75,LOW,LOCAL,SAFE: all tasks permitted (weight=0.75),
1771436122.062,0.0,59.13,4.7781,1.102,35.9,4,,,0.01739,0.0000,0.0000,0.3268,0.0000,0.1739,0.3110,0.1221,SAFE,False,6,3,,,,,,
1771436122.062,0.0,59.44,4.7521,1.070,33.6,3,,,0.02293,0.0000,0.0000,0.4452,0.0000,0.2293,0.2799,0.1368,SAFE,False,6,3,,,,,,
1771436122.063,0.0,59.54,4.7727,1.040,31.4,3,78893.302,-10.86644,0.02406,0.0000,1.0000,0.3513,1.0000,0.2406,0.2649,0.5727,WARNING,False,6,3,,,,,,
1771436122.063,0.0,59.53,4.8135,1.012,29.4,3,90640.671,-15.38511,0.02331,0.0000,1.0000,0.1659,1.0000,0.2331,0.2510,0.5451,WARNING,False,6,3,,,,,,
1771436122.063,0.0,59.49,4.7916,0.986,27.6,3,67068.521,-43.30669,0.02342,0.0000,1.0000,0.2654,1.0000,0.2342,0.2381,0.5555,CRITICAL,False,6,3,,,,,,
1771436122.063,0.0,59.93,4.8146,0.962,25.9,2,86141.897,11.22301,0.02329,0.0000,1.0000,0.1611,0.0000,0.2329,0.2110,0.3364,WARNING,False,6,3,,,,,,
1771436122.063,0.0,59.62,4.8048,0.940,24.3,2,85025.735,-9.12188,0.02285,0.0000,1.0000,0.2055,1.0000,0.2285,0.1998,0.5395,WARNING,False,6,3,,,,,,
1771436122.063,0.0,,,,,,,,,,,,,,,0.5395,WARNING,,6,,t939_0,0.67,HIGH,OFFLOAD,WARNING: heavy task offloaded (weight=0.67 >= 0.3),
1771436122.063,0.0,59.63,4.8151,0.919,22.8,2,51133.710,12.47042,0.02173,0.0000,1.0000,0.1585,0.0000,0.2173,0.1894,0.3302,WARNING,False,6,3,,,,,,
1771436122.063,0.0,,,,,,,,,,,,,,,0.3302,WARNING,,6,,t940_0,0.57,LOW,OFFLOAD,WARNING: heavy task offloaded (weight=0.57 >= 0.3),
1771436122.063,0.0,59.91,4.7880,0.899,21.4,2,46924.413,9.90591,0.01912,0.0000,1.0000,0.2818,0.0000,0.1912,0.1797,0.3417,WARNING,False,6,3,,,,,,
1771436122.063,0.0,59.52,4.8204,0.881,20.1,2,4626.510,68.43067,0.02023,0.0000,1.0000,0.1343,0.0000,0.2023,0.1707,0.3218,WARNING,False,6,3,,,,,,
1771436122.063,0.0,59.02,4.8233,0.865,18.9,1,,,0.02103,0.0000,0.0000,0.1213,0.0000,0.2103,0.1473,0.0663,SAFE,False,6,3,,,,,,
1771436122.063,0.0,59.13,4.8418,0.849,17.8,1,,,0.02427,0.0000,0.0000,0.0373,0.0000,0.2427,0.1395,0.0570,SAFE,False,9,0,,,,,,window_reset|B=9
1771436122.063,0.0,59.19,4.8397,0.835,16.8,1,,,0.02531,0.0000,0.0000,0.0468,0.0000,0.2531,0.1323,0.0579,SAFE,False,9,0,,,,,,
1771436122.063,0.0,59.20,4.8370,0.821,15.8,1,,,0.02053,0.0000,0.0000,0.0589,0.0000,0.2053,0.1255,0.0533,SAFE,False,9,0,,,,,,
1771436122.063,0.0,,,,,,,,,,,,,,,0.0533,SAFE,,8,,t946_0,0.30,CRITICAL,LOCAL,SAFE: all tasks permitted (weight=0.30),
1771436122.063,0.0,58.90,4.8517,0.843,17.3,1,,,0.01899,0.0000,0.0000,0.0000,0.0000,0.1899,0.1363,0.0463,SAFE,False,8,1,,,,,,
1771436122.063,0.0,,,,,,,,,,,,,,,0.0463,SAFE,,7,,t947_0,0.31,LOW,LOCAL,SAFE: all tasks permitted (weight=0.31),
1771436122.063,0.0,57.97,4.8278,0.863,18.8,1,,,0.01898,0.0000,0.0000,0.1008,0.0000,0.1898,0.1465,0.0614,SAFE,False,7,2,,,,,,
1771436122.063,0.0,58.77,4.8499,0.847,17.7,1,,,0.01819,0.0000,0.0000,0.0006,0.0000,0.1819,0.1387,0.0460,SAFE,False,7,2,,,,,,
1771436122.063,0.0,58.21,4.8599,0.833,16.7,1,,,0.02001,0.0000,0.0000,0.0000,0.0000,0.2001,0.1316,0.0463,SAFE,False,7,2,,,,,,
1771436122.063,0.0,58.05,4.8514,0.820,15.7,1,,,0.01926,0.0000,0.0000,0.0000,0.0000,0.1926,0.1249,0.0442,SAFE,False,7,2,,,,,,
1771436122.063,0.0,57.80,4.8705,0.807,14.8,1,,,0.02079,0.0000,0.0000,0.0000,0.0000,0.2079,0.1186,0.0445,SAFE,False,7,2,,,,,,
1771436122.063,0.0,,,,,,,,,,,,,,,0.0445,SAFE,,6,,t952_0,0.33,NORMAL,LOCAL,SAFE: all tasks permitted (weight=0.33),
1771436122.063,0.0,57.54,4.8489,0.832,16.6,1,,,0.01426,0.0000,0.0000,0.0051,0.0000,0.1426,0.1312,0.0412,SAFE,False,6,3,,,,,,
1771436122.063,0.0,,,,,,,,,,,,,,,0.0412,SAFE,,5,,t953_0,0.26,NORMAL,LOCAL,SAFE: all tasks permitted (weight=0.26),
1771436122.063,0.0,,,,,,,,,,,,,,,0.0412,SAFE,,4,,t953_1,0.29,NORMAL,LOCAL,SAFE: all tasks permitted (weight=0.29),
1771436122.063,0.0,57.71,4.8443,0.881,20.1,2,,,0.01245,0.0000,0.0000,0.0259,0.0000,0.1245,0.1705,0.0499,SAFE,False,4,5,,,,,,
1771436122.063,0.0,57.07,4.8371,0.864,18.9,1,,,0.01089,0.0000,0.0000,0.0587,0.0000,0.1089,0.1471,0.0479,SAFE,False,4,5,,,,,,
1771436122.063,0.0,57.63,4.7990,0.849,17.8,1,,,0.01713,0.0000,0.0000,0.2319,0.0000,0.1713,0.1394,0.0751,SAFE,False,4,5,,,,,,
1771436122.063,0.0,57.00,4.8641,0.834,16.7,1,,,0.01802,0.0000,0.0000,0.0000,0.0000,0.1802,0.1321,0.0444,SAFE,False,4,5,,,,,,
1771436122.063,0.0,57.39,4.8444,0.821,15.8,1,,,0.01786,0.0000,0.0000,0.0254,0.0000,0.1786,0.1254,0.0462,SAFE,False,4,5,,,,,,
1771436122.063,0.0,57.03,4.8694,0.808,14.9,1,,,0.01899,0.0000,0.0000,0.0000,0.0000,0.1899,0.1191,0.0428,SAFE,False,9,0,,,,,,window_reset|B=9
1771436122.063,0.0,57.14,4.8452,0.797,14.0,1,,,0.01809,0.0000,0.0000,0.0218,0.0000,0.1809,0.1133,0.0436,SAFE,False,9,0,,,,,,
1771436122.063,0.0,,,,,,,,,,,,,,,0.0436,SAFE,,8,,t960_0,0.68,HIGH,LOCAL,SAFE: all tasks permitted (weight=0.68),
1771436122.063,0.0,,,,,,,,,,,,,,,0.0436,SAFE,,7,,t960_1,0.43,HIGH,LOCAL,SAFE: all tasks permitted (weight=0.43),
1771436122.063,0.0,,,,,,,,,,,,,,,0.0436,SAFE,,6,,t960_2,0.42,NORMAL,LOCAL,SAFE: all tasks permitted (weight=0.42),
1771436122.063,0.0,57.19,4.8118,0.959,25.6,2,,,0.02075,0.0000,0.0000,0.1735,0.0000,0.2075,0.2094,0.0852,SAFE,False,6,3,,,,,,
1771436122.063,0.0,,,,,,,,,,,,,,,0.0852,SAFE,,5,,t961_0,0.38,NORMAL,LOCAL,SAFE: all tasks permitted (weight=0.38),
1771436122.063,0.0,57.76,4.8062,0.979,27.1,3,,,0.02285,0.0000,0.0000,0.1993,0.0000,0.2285,0.2347,0.0957,SAFE,False,5,4,,,,,,
1771436122.063,0.0,56.90,4.8015,0.956,25.4,2,,,0.02502,0.0000,0.0000,0.2206,0.0000,0.2502,0.2079,0.0953,SAFE,False,5,4,,,,,,
1771436122.063,0.0,57.16,4.8166,0.934,23.8,2,,,0.02336,0.0000,0.0000,0.1519,0.0000,0.2336,0.1969,0.0825,SAFE,False,5,4,,,,,,
1771436122.063,0.0,57.19,4.8582,0.913,22.4,2,,,0.02405,0.0000,0.0000,0.0000,0.0000,0.2405,0.1867,0.0614,SAFE,False,5,4,,,,,,
1771436122.063,0.0,56.70,4.8575,0.894,21.0,2,,,0.02482,0.0000,0.0000,0.0000,0.0000,0.2482,0.1772,0.0603,SAFE,False,5,4,,,,,,
1771436122.063,0.0,,,,,,,,,,,,,,,0.0603,SAFE,,4,,t966_0,0.48,NORMAL,LOCAL,SAFE: all tasks permitted (weight=0.48),
1771436122.063,0.0,57.27,4.8420,0.931,23.7,2,,,0.02490,0.0000,0.0000,0.0362,0.0000,0.2490,0.1957,0.0687,SAFE,False,4,5,,,,,,
1771436122.063,0.0,56.88,4.7913,0.911,22.2,2,,,0.02590,0.0000,0.0000,0.2670,0.0000,0.2590,0.1856,0.0977,SAFE,False,4,5,,,,,,
1771436122.063,0.0,56.84,4.7929,0.892,20.9,2,,,0.02647,0.0000,0.0000,0.2594,0.0000,0.2647,0.1762,0.0954,SAFE,False,4,5,,,,,,
1771436122.063,0.0,,,,,,,,,,,,,,,0.0954,SAFE,,3,,t969_0,0.59,LOW,LOCAL,SAFE: all tasks permitted (weight=0.59),
1771436122.064,0.0,,,,,,,,,,,,,,,0.0954,SAFE,,2,,t969_1,0.69,NORMAL,LOCAL,SAFE: all tasks permitted (weight=0.69),
1771436122.064,0.0,57.08,4.7895,1.019,29.9,3,-40680.871,-16.66127,0.02796,0.0000,0.0000,0.2750,1.0000,0.2796,0.2546,0.3146,WARNING,False,2,7,,,,,,
1771436122.064,0.0,57.65,4.7874,0.993,28.1,3,45288.703,-14.05767,0.02585,0.0000,1.0000,0.2845,1.0000,0.2585,0.2414,0.5611,CRITICAL,False,2,7,,,,,,
1771436122.064,0.0,57.36,4.8096,0.968,26.3,2,11938.402,-7.00850,0.02441,0.0000,1.0000,0.1837,1.0000,0.2441,0.2141,0.5411,CRITICAL,False,2,7,,,,,,
1771436122.064,0.0,57.61,4.6981,0.945,24.7,2,25378.963,-160.08334,0.04023,0.0000,1.0000,0.6902,1.0000,0.4023,0.2027,0.6205,CRITICAL,False,2,7,,,,,,
1771436122.064,0.0,57.60,4.8291,0.924,23.2,2,54070.102,-28.32525,0.04082,0.0000,1.0000,0.0948,1.0000,0.4082,0.1921,0.5416,CRITICAL,False,4,0,,,,,,window_reset|B=4
1771436122.064,0.0,58.04,4.8127,0.904,21.7,2,46145.180,-29.29964,0.04083,0.0000,1.0000,0.1693,1.0000,0.4083,0.1822,0.5493,CRITICAL,False,4,0,,,,,,
1771436122.064,0.0,57.88,4.8368,0.886,20.4,2,60020.354,45.54956,0.04160,0.0000,1.0000,0.0600,0.0000,0.4160,0.1730,0.3340,WARNING,False,4,0,,,,,,
1771436122.064,0.0,57.50,4.8081,0.869,19.2,2,39148.031,15.11260,0.03885,0.0000,1.0000,0.1907,0.0000,0.3885,0.1645,0.3465,WARNING,False,4,0,,,,,,
1771436122.064,0.0,57.59,4.8396,0.853,18.1,1,,,0.03710,0.0000,0.0000,0.0473,0.0000,0.3710,0.1416,0.0716,SAFE,False,4,0,,,,,,
1771436122.064,0.0,57.07,4.8528,0.838,17.0,1,,,0.03814,0.0000,0.0000,0.0000,0.0000,0.3814,0.1342,0.0650,SAFE,False,4,0,,,,,,
1771436122.064,0.0,57.15,4.8595,0.825,16.0,1,,,0.04081,0.0000,0.0000,0.0000,0.0000,0.4081,0.1273,0.0663,SAFE,False,4,0,,,,,,
1771436122.064,0.0,57.06,4.8188,0.812,15.1,1,,,0.04055,0.0000,0.0000,0.1417,0.0000,0.4055,0.1209,0.0832,SAFE,False,4,0,,,,,,
1771436122.064,0.0,57.04,4.8947,0.800,14.3,1,,,0.04581,0.0000,0.0000,0.0000,0.0000,0.4581,0.1150,0.0688,SAFE,False,4,0,,,,,,
1771436122.064,0.0,,,,,,,,,,,,,,,0.0688,SAFE,,3,,t982_0,0.22,NORMAL,LOCAL,SAFE: all tasks permitted (weight=0.22),
1771436122.064,0.0,57.01,4.8447,0.814,15.3,1,,,0.04508,0.0000,0.0000,0.0241,0.0000,0.4508,0.1222,0.0726,SAFE,False,3,1,,,,,,
1771436122.064,0.0,56.20,4.8540,0.802,14.4,1,,,0.04545,0.0000,0.0000,0.0000,0.0000,0.4545,0.1161,0.0687,SAFE,False,3,1,,,,,,
1771436122.064,0.0,,,,,,,,,,,,,,,0.0687,SAFE,,2,,t984_0,0.27,NORMAL,LOCAL,SAFE: all tasks permitted (weight=0.27),
1771436122.064,0.0,56.17,4.8460,0.822,15.8,1,,,0.02256,0.0000,0.0000,0.0182,0.0000,0.2256,0.1259,0.0501,SAFE,False,2,2,,,,,,
1771436122.064,0.0,,,,,,,,,,,,,,,0.0501,SAFE,,1,,t985_0,0.26,HIGH,LOCAL,SAFE: all tasks permitted (weight=0.26),
1771436122.064,0.0,56.82,4.8362,0.839,17.0,1,,,0.02232,0.0000,0.0000,0.0627,0.0000,0.2232,0.1343,0.0573,SAFE,False,1,3,,,,,,
1771436122.064,0.0,56.78,4.8508,0.825,16.1,1,,,0.02058,0.0000,0.0000,0.0000,0.0000,0.2058,0.1274,0.0461,SAFE,False,1,3,,,,,,
1771436122.064,0.0,55.32,4.8355,0.812,15.1,1,,,0.02062,0.0000,0.0000,0.0657,0.0000,0.2062,0.1210,0.0534,SAFE,False,1,3,,,,,,
1771436122.064,0.0,55.78,4.8787,0.800,14.3,1,,,0.01926,0.0000,0.0000,0.0000,0.0000,0.1926,0.1151,0.0423,SAFE,False,9,0,,,,,,window_reset|B=9
1771436122.064,0.0,55.85,4.8827,0.789,13.5,1,,,0.02077,0.0000,0.0000,0.0000,0.0000,0.2077,0.1095,0.0427,SAFE,False,9,0,,,,,,
1771436122.064,0.0,55.53,4.8657,0.779,12.8,1,,,0.02098,0.0000,0.0000,0.0000,0.0000,0.2098,0.1044,0.0419,SAFE,False,9,0,,,,,,
1771436122.064,0.0,55.55,4.8813,0.769,12.1,1,,,0.02215,0.0000,0.0000,0.0000,0.0000,0.2215,0.0996,0.0421,SAFE,False,9,0,,,,,,
1771436122.064,0.0,55.19,4.8618,0.760,11.4,1,,,0.01885,0.0000,0.0000,0.0000,0.0000,0.1885,0.0951,0.0379,SAFE,False,9,0,,,,,,
1771436122.064,0.0,54.72,4.8795,0.752,10.9,0,,,0.01696,0.0000,0.0000,0.0000,0.0000,0.1696,0.0760,0.0322,SAFE,False,9,0,,,,,,
1771436122.064,0.0,,,,,,,,,,,,,,,0.0322,SAFE,,8,,t994_0,0.39,NORMAL,LOCAL,SAFE: all tasks permitted (weight=0.39),
1771436122.064,0.0,54.58,4.8641,0.789,13.5,1,,,0.01637,0.0000,0.0000,0.0000,0.0000,0.1637,0.1095,0.0383,SAFE,False,8,1,,,,,,
1771436122.064,0.0,,,,,,,,,,,,,,,0.0383,SAFE,,7,,t995_0,0.79,LOW,LOCAL,SAFE: all tasks permitted (weight=0.79),
1771436122.064,0.0,54.48,4.7971,0.869,19.2,2,,,0.02420,0.0000,0.0000,0.2406,0.0000,0.2420,0.1644,0.0884,SAFE,False,7,2,,,,,,
1771436122.064,0.0,,,,,,,,,,,,,,,0.0884,SAFE,,6,,t996_0,0.70,NORMAL,LOCAL,SAFE: all tasks permitted (weight=0.70),
1771436122.064,0.0,54.37,4.8206,0.932,23.7,2,,,0.02607,0.0000,0.0000,0.1336,0.0000,0.2607,0.1962,0.0827,SAFE,False,6,3,,,,,,
1771436122.064,0.0,55.00,4.8379,0.912,22.3,2,,,0.02597,0.0000,0.0000,0.0551,0.0000,0.2597,0.1860,0.0703,SAFE,False,6,3,,,,,,
1771436122.064,0.0,54.49,4.8115,0.893,20.9,2,,,0.02860,0.0000,0.0000,0.1751,0.0000,0.2860,0.1765,0.0867,SAFE,False,6,3,,,,,,
1771436122.064,0.0,,,,,,,,,,,,,,,0.0867,SAFE,,5,,t999_0,0.31,CRITICAL,LOCAL,SAFE: all tasks permitted (weight=0.31),
1771436122.064,0.0,,,,,,,,,,,,,,,0.0867,SAFE,,4,,t999_1,0.58,HIGH,LOCAL,SAFE: all tasks permitted (weight=0.58),
1771436122.064,0.0,55.45,4.8224,0.978,27.0,2,,,0.02942,0.0000,0.0000,0.1253,0.0000,0.2942,0.2189,0.0895,SAFE,False,4,5,,,,,,
1771436122.064,0.0,,,,,,,,,,,,,,,0.0895,SAFE,,3,,t1000_0,0.37,HIGH,LOCAL,SAFE: all tasks permitted (weight=0.37),
1771436122.064,0.0,54.82,4.8427,0.996,28.3,3,,,0.02818,0.0000,0.0000,0.0332,0.0000,0.2818,0.2432,0.0811,SAFE,False,3,6,,,,,,
1771436122.064,0.0,55.43,4.8245,0.972,26.5,2,,,0.02663,0.0000,0.0000,0.1161,0.0000,0.2663,0.2158,0.0849,SAFE,False,3,6,,,,,,
1771436122.064,0.0,,,,,,,,,,,,,,,0.0849,SAFE,,2,,t1002_0,0.65,LOW,LOCAL,SAFE: all tasks permitted (weight=0.65),
1771436122.064,0.0,54.91,4.7818,1.023,30.2,3,,,0.03036,0.0000,0.0000,0.3100,0.0000,0.3036,0.2567,0.1220,SAFE,False,2,7,,,,,,
1771436122.064,0.0,,,,,,,,,,,,,,,0.1220,SAFE,,1,,t1003_0,0.59,HIGH,LOCAL,SAFE: all tasks permitted (weight=0.59),
1771436122.064,0.0,55.48,4.7657,1.064,33.2,3,,,0.03254,0.0000,0.0000,0.3834,0.0000,0.3254,0.2772,0.1378,SAFE,False,8,0,,,,,,window_reset|B=8
1771436122.064,0.0,56.78,4.7979,1.035,31.1,3,,,0.03142,0.0000,0.0000,0.2366,0.0000,0.3142,0.2624,0.1147,SAFE,False,8,0,,,,,,
1771436122.065,0.0,,,,,,,,,,,,,,,0.1147,SAFE,,7,,t1005_0,0.39,LOW,LOCAL,SAFE: all tasks permitted (weight=0.39),
1771436122.065,0.0,56.48,4.7773,1.052,32.3,3,88505.973,-60.60483,0.02791,0.0000,1.0000,0.3306,1.0000,0.2791,0.2712,0.5751,WARNING,False,7,1,,,,,,
1771436122.065,0.0,56.61,4.8044,1.024,30.3,3,127266.305,-7.07487,0.02308,0.0000,1.0000,0.2073,1.0000,0.2308,0.2569,0.5514,CRITICAL,False,7,1,,,,,,
1771436122.065,0.0,56.64,4.7716,0.997,28.4,3,71206.768,-50.88531,0.02499,0.0000,1.0000,0.3566,1.0000,0.2499,0.2435,0.5700,CRITICAL,False,7,1,,,,,,
1771436122.065,0.0,,,,,,,,,,,,,,,0.5700,CRITICAL,,7,,t1008_0,0.42,HIGH,OFFLOAD,CRITICAL: non-critical task offloaded (priority=HIGH),
1771436122.065,0.0,56.79,4.8207,0.972,26.6,2,118289.153,-21.98910,0.02500,0.0000,1.0000,0.1331,1.0000,0.2500,0.2161,0.5355,CRITICAL,False,7,1,,,,,,
1771436122.065,0.0,56.39,4.8007,0.949,24.9,2,58155.578,-23.80384,0.02293,0.0000,1.0000,0.2243,1.0000,0.2293,0.2045,0.5430,CRITICAL,False,7,1,,,,,,
1771436122.065,0.0,56.74,4.8354,0.928,23.4,2,109981.448,53.56801,0.02466,0.0000,1.0000,0.0665,0.0000,0.2466,0.1938,0.3221,WARNING,False,7,1,,,,,,
1771436122.065,0.0,56.73,4.8083,0.908,22.0,2,75011.362,42.68252,0.02407,0.0000,1.0000,0.1894,0.0000,0.2407,0.1838,0.3354,WARNING,False,7,1,,,,,,
1771436122.065,0.0,57.10,4.8345,0.889,20.6,2,19250.391,36.54658,0.02301,0.0000,1.0000,0.0705,0.0000,0.2301,0.1745,0.3171,WARNING,False,7,1,,,,,,
1771436122.065,0.0,57.36,4.8539,0.872,19.4,2,,,0.02659,0.0000,0.0000,0.0000,0.0000,0.2659,0.1658,0.0598,SAFE,False,7,1,,,,,,
1771436122.065,0.0,,,,,,,,,,,,,,,0.0598,SAFE,,6,,t1014_0,0.75,LOW,LOCAL,SAFE: all tasks permitted (weight=0.75),
1771436122.065,0.0,,,,,,,,,,,,,,,0.0598,SAFE,,5,,t1014_1,0.82,HIGH,LOCAL,SAFE: all tasks permitted (weight=0.82),
1771436122.065,0.0,56.80,4.8038,1.036,31.1,3,,,0.02571,0.0000,0.0000,0.2100,0.0000,0.2571,0.2628,0.1056,SAFE,False,5,3,,,,,,
1771436122.065,0.0,57.56,4.8104,1.008,29.1,3,,,0.02262,0.0000,0.0000,0.1802,0.0000,0.2262,0.2490,0.0959,SAFE,False,5,3,,,,,,
1771436122.065,0.0,57.59,4.7938,0.982,27.3,3,,,0.02283,0.0000,0.0000,0.2553,0.0000,0.2283,0.2362,0.1033,SAFE,False,5,3,,,,,,
1771436122.065,0.0,57.42,4.8319,0.959,25.6,2,,,0.02134,0.0000,0.0000,0.0821,0.0000,0.2134,0.2093,0.0739,SAFE,False,5,3,,,,,,
1771436122.065,0.0,,,,,,,,,,,,,,,0.0739,SAFE,,4,,t1018_0,0.70,NORMAL,LOCAL,SAFE: all tasks permitted (weight=0.70),
1771436122.065,0.0,57.61,4.8024,1.016,29.7,3,,,0.02143,0.0000,0.0000,0.2164,0.0000,0.2143,0.2532,0.1002,SAFE,False,8,0,,,,,,window_reset|B=8
1771436122.065,0.0,57.69,4.7962,0.990,27.9,3,,,0.01820,0.0000,0.0000,0.2447,0.0000,0.1820,0.2401,0.0980,SAFE,False,8,0,,,,,,
1771436122.065,0.0,57.06,4.7977,0.966,26.1,2,,,0.01881,0.0000,0.0000,0.2377,0.0000,0.1881,0.2129,0.0923,SAFE,False,8,0,,,,,,
1771436122.065,0.0,57.33,4.8056,0.943,24.5,2,,,0.01856,0.0000,0.0000,0.2020,0.0000,0.1856,0.2016,0.0851,SAFE,False,8,0,,,,,,
1771436122.065,0.0,57.55,4.8335,0.922,23.0,2,,,0.01839,0.0000,0.0000,0.0752,0.0000,0.1839,0.1911,0.0664,SAFE,False,8,0,,,,,,
1771436122.065,0.0,,,,,,,,,,,,,,,0.0664,SAFE,,7,,t1023_0,0.46,NORMAL,LOCAL,SAFE: all tasks permitted (weight=0.46),
1771436122.065,0.0,57.32,4.8196,0.955,25.4,2,,,0.01835,0.0000,0.0000,0.1381,0.0000,0.1835,0.2075,0.0778,SAFE,False,7,1,,,,,,
1771436122.065,0.0,58.52,4.8379,0.933,23.8,2,,,0.01867,0.0000,0.0000,0.0550,0.0000,0.1867,0.1966,0.0651,SAFE,False,7,1,,,,,,
1771436122.065,0.0,57.29,4.8259,0.913,22.3,2,,,0.01514,0.0000,0.0000,0.1096,0.0000,0.1514,0.1864,0.0667,SAFE,False,7,1,,,,,,
1771436122.065,0.0,,,,,,,,,,,,,,,0.0667,SAFE,,6,,t1026_0,0.27,NORMAL,LOCAL,SAFE: all tasks permitted (weight=0.27),
1771436122.065,0.0,57.76,4.8010,0.925,23.2,2,,,0.01531,0.0000,0.0000,0.2230,0.0000,0.1531,0.1926,0.0828,SAFE,False,6,2,,,,,,
1771436122.065,0.0,57.93,4.8175,0.905,21.8,2,,,0.01533,0.0000,0.0000,0.1478,0.0000,0.1533,0.1827,0.0711,SAFE,False,6,2,,,,,,
1771436122.065,0.0,,,,,,,,,,,,,,,0.0711,SAFE,,5,,t1028_0,0.69,NORMAL,LOCAL,SAFE: all tasks permitted (weight=0.69),
1771436122.065,0.0,58.53,4.8046,0.966,26.1,2,,,0.01444,0.0000,0.0000,0.2061,0.0000,0.1444,0.2130,0.0838,SAFE,False,5,3,,,,,,
1771436122.065,0.0,57.24,4.8410,0.943,24.5,2,,,0.01553,0.0000,0.0000,0.0408,0.0000,0.1553,0.2017,0.0612,SAFE,False,5,3,,,,,,
1771436122.065,0.0,,,,,,,,,,,,,,,0.0612,SAFE,,4,,t1030_0,0.35,HIGH,LOCAL,SAFE: all tasks permitted (weight=0.35),
1771436122.065,0.0,58.52,4.8115,0.962,25.9,2,,,0.01510,0.0000,0.0000,0.1752,0.0000,0.1510,0.2111,0.0801,SAFE,False,4,4,,,,,,
1771436122.065,0.0,58.10,4.8564,0.940,24.3,2,,,0.01749,0.0000,0.0000,0.0000,0.0000,0.1749,0.1999,0.0575,SAFE,False,4,4,,,,,,
1771436122.065,0.0,,,,,,,,,,,,,,,0.0575,SAFE,,3,,t1032_0,0.30,NORMAL,LOCAL,SAFE: all tasks permitted (weight=0.30),
1771436122.065,0.0,58.45,4.8219,0.953,25.2,2,,,0.01603,0.0000,0.0000,0.1276,0.0000,0.1603,0.2067,0.0740,SAFE,False,3,5,,,,,,
1771436122.065,0.0,58.08,4.8329,0.932,23.7,2,,,0.01531,0.0000,0.0000,0.0776,0.0000,0.1531,0.1958,0.0646,SAFE,False,9,0,,,,,,window_reset|B=9
1771436122.065,0.0,,,,,,,,,,,,,,,0.0646,SAFE,,8,,t1034_0,0.30,LOW,LOCAL,SAFE: all tasks permitted (weight=0.30),
1771436122.065,0.0,58.60,4.7944,0.946,24.7,2,,,0.01725,0.0000,0.0000,0.2525,0.0000,0.1725,0.2030,0.0907,SAFE,False,8,1,,,,,,
1771436122.065,0.0,,,,,,,,,,,,,,,0.0907,SAFE,,7,,t1035_0,0.55,NORMAL,LOCAL,SAFE: all tasks permitted (weight=0.55),
1771436122.065,0.0,58.03,4.8006,0.989,27.8,3,,,0.01825,0.0000,0.0000,0.2246,0.0000,0.1825,0.2393,0.0953,SAFE,False,7,2,,,,,,
1771436122.065,0.0,,,,,,,,,,,,,,,0.0953,SAFE,,6,,t1036_0,0.75,CRITICAL,LOCAL,SAFE: all tasks permitted (weight=0.75),
1771436122.065,0.0,58.79,4.8056,1.051,32.2,3,,,0.01785,0.0000,0.0000,0.2017,0.0000,0.1785,0.2706,0.0982,SAFE,False,6,3,,,,,,
1771436122.065,0.0,59.34,4.7775,1.023,30.2,3,,,0.02078,0.0000,0.0000,0.3293,0.0000,0.2078,0.2563,0.1148,SAFE,False,6,3,,,,,,
1771436122.065,0.0,,,,,,,,,,,,,,,0.1148,SAFE,,5,,t1038_0,0.79,NORMAL,LOCAL,SAFE: all tasks permitted (weight=0.79),
1771436122.065,0.0,59.17,4.7836,1.087,34.8,3,,,0.02218,0.0000,0.0000,0.3019,0.0000,0.2218,0.2887,0.1192,SAFE,False,5,4,,,,,,
1771436122.066,0.0,,,,,,,,,,,,,,,0.1192,SAFE,,4,,t1039_0,0.58,HIGH,LOCAL,SAFE: all tasks permitted (weight=0.58),
1771436122.066,0.0,59.13,4.7811,1.123,37.3,4,61720.075,-75.23186,0.02370,0.0000,1.0000,0.3130,1.0000,0.2370,0.3214,0.5787,WARNING,False,4,5,,,,,,
1771436122.066,0.0,,,,,,,,,,,,,,,0.5787,WARNING,,4,,t1040_0,0.42,LOW,OFFLOAD,WARNING: heavy task offloaded (weight=0.42 >= 0.3),
1771436122.066,0.0,59.14,4.7759,1.089,34.9,3,41487.060,-46.02645,0.02544,0.0000,1.0000,0.3369,1.0000,0.2544,0.2896,0.5771,CRITICAL,False,4,5,,,,,,
1771436122.066,0.0,59.72,4.7933,1.058,32.7,3,98393.301,-39.66558,0.02344,0.0000,1.0000,0.2580,1.0000,0.2344,0.2739,0.5618,CRITICAL,False,4,5,,,,,,
1771436122.066,0.0,59.86,4.7864,1.029,30.6,3,75699.326,-8.03723,0.02370,0.0000,1.0000,0.2891,1.0000,0.2370,0.2594,0.5631,CRITICAL,False,4,5,,,,,,
1771436122.066,0.0,59.87,4.8112,1.002,28.7,3,110651.237,10.59023,0.01729,0.0000,1.0000,0.1765,0.0000,0.1729,0.2458,0.3394,WARNING,False,4,5,,,,,,
1771436122.066,0.0,,,,,,,,,,,,,,,0.3394,WARNING,,4,,t1044_0,0.73,LOW,OFFLOAD,WARNING: heavy task offloaded (weight=0.73 >= 0.3),
1771436122.066,0.0,60.59,4.7887,0.976,26.9,2,107931.969,-16.92625,0.01567,0.0000,1.0000,0.2786,1.0000,0.1567,0.2182,0.5455,WARNING,False,4,5,,,,,,
1771436122.066,0.0,,,,,,,,,,,,,,,0.5455,WARNING,,4,,t1045_0,0.35,NORMAL,OFFLOAD,WARNING: heavy task offloaded (weight=0.35 >= 0.3),
1771436122.066,0.0,60.14,4.7999,0.953,25.2,2,47478.621,22.33577,0.01078,0.0000,1.0000,0.2278,0.0000,0.1078,0.2065,0.3317,WARNING,False,4,5,,,,,,
1771436122.066,0.0,59.54,4.8216,0.931,23.7,2,21643.457,38.06553,0.01364,0.0000,1.0000,0.1289,0.0000,0.1364,0.1956,0.3195,WARNING,False,4,5,,,,,,
1771436122.066,0.0,60.04,4.8199,0.911,22.2,2,,,0.01537,0.0000,0.0000,0.1369,0.0000,0.1537,0.1855,0.0703,SAFE,False,4,5,,,,,,
1771436122.066,0.0,,,,,,,,,,,,,,,0.0703,SAFE,,3,,t1048_0,0.35,NORMAL,LOCAL,SAFE: all tasks permitted (weight=0.35),
1771436122.066,0.0,59.38,4.8316,0.933,23.8,2,,,0.01822,0.0000,0.0000,0.0837,0.0000,0.1822,0.1963,0.0684,SAFE,False,9,0,,,,,,window_reset|B=9
1771436122.066,0.0,59.47,4.8387,0.912,22.3,2,,,0.02034,0.0000,0.0000,0.0515,0.0000,0.2034,0.1861,0.0643,SAFE,False,9,0,,,,,,
1771436122.066,0.0,59.88,4.8624,0.893,21.0,2,,,0.02524,0.0000,0.0000,0.0000,0.0000,0.2524,0.1767,0.0606,SAFE,False,9,0,,,,,,
1771436122.066,0.0,59.66,4.8048,0.876,19.7,2,,,0.02386,0.0000,0.0000,0.2055,0.0000,0.2386,0.1679,0.0841,SAFE,False,9,0,,,,,,
1771436122.066,0.0,,,,,,,,,,,,,,,0.0841,SAFE,,8,,t1052_0,0.30,HIGH,LOCAL,SAFE: all tasks permitted (weight=0.30),
1771436122.066,0.0,,,,,,,,,,,,,,,0.0841,SAFE,,7,,t1052_1,0.28,HIGH,LOCAL,SAFE: all tasks permitted (weight=0.28),
1771436122.066,0.0,59.42,4.8208,0.926,23.3,2,,,0.02143,0.0000,0.0000,0.1325,0.0000,0.2143,0.1931,0.0773,SAFE,False,7,2,,,,,,
1771436122.066,0.0,59.37,4.8276,0.906,21.9,2,,,0.02062,0.0000,0.0000,0.1019,0.0000,0.2062,0.1832,0.0705,SAFE,False,7,2,,,,,,
1771436122.066,0.0,,,,,,,,,,,,,,,0.0705,SAFE,,6,,t1054_0,0.69,NORMAL,LOCAL,SAFE: all tasks permitted (weight=0.69),
1771436122.066,0.0,59.62,4.8069,0.968,26.3,2,,,0.01871,0.0000,0.0000,0.1960,0.0000,0.1871,0.2141,0.0870,SAFE,False,6,3,,,,,,
1771436122.066,0.0,59.86,4.7872,0.945,24.7,2,,,0.02067,0.0000,0.0000,0.2856,0.0000,0.2067,0.2027,0.0983,SAFE,False,6,3,,,,,,
1771436122.066,0.0,,,,,,,,,,,,,,,0.0983,SAFE,,5,,t1056_0,0.48,NORMAL,LOCAL,SAFE: all tasks permitted (weight=0.48),
1771436122.066,0.0,58.99,4.8167,0.980,27.1,3,,,0.01879,0.0000,0.0000,0.1514,0.0000,0.1879,0.2349,0.0854,SAFE,False,5,4,,,,,,
1771436122.066,0.0,,,,,,,,,,,,,,,0.0854,SAFE,,4,,t1057_0,0.54,CRITICAL,LOCAL,SAFE: all tasks permitted (weight=0.54),
1771436122.066,0.0,,,,,,,,,,,,,,,0.0854,SAFE,,3,,t1057_1,0.75,NORMAL,LOCAL,SAFE: all tasks permitted (weight=0.75),
1771436122.066,0.0,59.83,4.8062,1.107,36.2,4,,,0.01830,0.0000,0.0000,0.1989,0.0000,0.1830,0.3134,0.1068,SAFE,False,3,6,,,,,,
1771436122.066,0.0,,,,,,,,,,,,,,,0.1068,SAFE,,2,,t1058_0,0.46,CRITICAL,LOCAL,SAFE: all tasks permitted (weight=0.46),
1771436122.066,0.0,60.12,4.7543,1.128,37.7,4,,,0.02582,0.0000,0.0000,0.4348,0.0000,0.2582,0.3241,0.1472,SAFE,False,2,7,,,,,,
1771436122.066,0.0,60.18,4.7908,1.094,35.3,4,,,0.02658,0.0000,0.0000,0.2691,0.0000,0.2658,0.3071,0.1230,SAFE,False,2,7,,,,,,
1771436122.066,0.0,,,,,,,,,,,,,,,0.1230,SAFE,,1,,t1060_0,0.51,HIGH,LOCAL,SAFE: all tasks permitted (weight=0.51),
1771436122.066,0.0,61.02,4.7441,1.122,37.3,4,,,0.03178,0.0000,0.0000,0.4813,0.0000,0.3178,0.3209,0.1585,SAFE,False,1,8,,,,,,
1771436122.066,0.0,,,,,,,,,,,,,,,0.1585,SAFE,,0,,t1061_0,0.30,NORMAL,LOCAL,SAFE: all tasks permitted (weight=0.30),
1771436122.066,0.0,61.35,4.8001,1.123,37.4,4,,,0.03012,0.0000,0.0000,0.2267,0.0000,0.3012,0.3215,0.1239,SAFE,False,0,9,,,,,,
1771436122.066,0.0,61.15,4.7585,1.089,34.9,3,,,0.02615,0.0000,0.0000,0.4159,0.0000,0.2615,0.2896,0.1381,SAFE,False,0,9,,,,,,
1771436122.066,0.0,,,,,,,,,,,,,,,0.1381,SAFE,,0,,t1063_0,0.33,CRITICAL,OFFLOAD,"Budget exhausted (B=0), offloading. Original: SAFE: all tasks permitted (weight=0.33)",
1771436122.066,0.0,,,,,,,,,,,,,,,0.1381,SAFE,,0,,t1063_1,0.80,NORMAL,OFFLOAD,"Budget exhausted (B=0), offloading. Original: SAFE: all tasks permitted (weight=0.80)",
1771436122.066,0.0,61.60,4.8039,1.058,32.7,3,,,0.02611,0.0000,0.0000,0.2097,0.0000,0.2611,0.2740,0.1082,SAFE,False,8,0,,,,,,window_reset|B=8
1771436122.066,0.0,61.77,4.7701,1.029,30.6,3,,,0.02537,0.0000,0.0000,0.3631,0.0000,0.2537,0.2594,0.1245,SAFE,False,8,0,,,,,,
1771436122.066,0.0,,,,,,,,,,,,,,,0.1245,SAFE,,7,,t1065_0,0.72,LOW,LOCAL,SAFE: all tasks permitted (weight=0.72),
1771436122.066,0.0,61.66,4.7946,1.086,34.7,3,,,0.02267,0.0000,0.0000,0.2518,0.0000,0.2267,0.2878,0.1130,SAFE,False,7,1,,,,,,
1771436122.066,0.0,61.93,4.7513,1.054,32.5,3,,,0.02362,0.0000,0.0000,0.4488,0.0000,0.2362,0.2722,0.1364,SAFE,False,7,1,,,,,,
1771436122.066,0.0,62.28,4.7771,1.026,30.4,3,,,0.02358,0.0000,0.0000,0.3312,0.0000,0.2358,0.2578,0.1182,SAFE,False,7,1,,,,,,
1771436122.066,0.0,,,,,,,,,,,,,,,0.1182,SAFE,,6,,t1068_0,0.37,NORMAL,LOCAL,SAFE: all tasks permitted (weight=0.37),
1771436122.066,0.0,,,,,,,,,,,,,,,0.1182,SAFE,,5,,t1068_1,0.69,HIGH,LOCAL,SAFE: all tasks permitted (weight=0.69),
1771436122.066,0.0,62.39,4.7645,1.122,37.3,4,,,0.02123,0.0000,0.0000,0.3885,0.0000,0.2123,0.3209,0.1359,SAFE,False,5,3,,,,,,
1771436122.066,0.0,62.08,4.8225,1.088,34.9,3,,,0.02349,0.0000,0.0000,0.1252,0.0000,0.2349,0.2891,0.0976,SAFE,False,5,3,,,,,,
1771436122.067,0.0,62.22,4.7923,1.057,32.6,3,64307.286,33.82753,0.02268,0.0000,1.0000,0.2621,0.0000,0.2268,0.2735,0.3615,WARNING,False,5,3,,,,,,
1771436122.067,0.0,62.55,4.8129,1.028,30.6,3,56980.824,9.04780,0.02426,0.0000,1.0000,0.1686,0.0000,0.2426,0.2590,0.3480,WARNING,False,5,3,,,,,,
1771436122.067,0.0,,,,,,,,,,,,,,,0.3480,WARNING,,5,,t1072_0,0.38,HIGH,OFFLOAD,WARNING: heavy task offloaded (weight=0.38 >= 0.3),
1771436122.067,0.0,62.71,4.7833,1.001,28.6,3,56856.265,13.18398,0.02130,0.0000,1.0000,0.3031,0.0000,0.2130,0.2455,0.3598,WARNING,False,5,3,,,,,,
1771436122.067,0.0,,,,,,,,,,,,,,,0.3598,WARNING,,5,,t1073_0,0.45,NORMAL,OFFLOAD,WARNING: heavy task offloaded (weight=0.45 >= 0.3),
1771436122.067,0.0,62.12,4.8049,0.976,26.8,2,27818.863,10.28211,0.02161,0.0000,1.0000,0.2051,0.0000,0.2161,0.2179,0.3418,WARNING,False,5,3,,,,,,
1771436122.067,0.0,,,,,,,,,,,,,,,0.3418,WARNING,,5,,t1074_0,0.62,HIGH,OFFLOAD,WARNING: heavy task offloaded (weight=0.62 >= 0.3),
1771436122.067,0.0,,,,,,,,,,,,,,,0.3418,WARNING,,5,,t1074_1,0.32,HIGH,OFFLOAD,WARNING: heavy task offloaded (weight=0.32 >= 0.3),
1771436122.067,0.0,62.20,4.8323,0.952,25.2,2,16216.115,80.99220,0.02325,0.0000,1.0000,0.0806,0.0000,0.2325,0.2062,0.3250,WARNING,False,5,3,,,,,,
1771436122.067,0.0,,,,,,,,,,,,,,,0.3250,WARNING,,5,,t1075_0,0.59,HIGH,OFFLOAD,WARNING: heavy task offloaded (weight=0.59 >= 0.3),
1771436122.067,0.0,62.37,4.8289,0.931,23.6,2,4940.467,51.77275,0.02522,0.0000,1.0000,0.0959,0.0000,0.2522,0.1954,0.3268,WARNING,False,5,3,,,,,,
1771436122.067,0.0,,,,,,,,,,,,,,,0.3268,WARNING,,5,,t1076_0,0.51,LOW,OFFLOAD,WARNING: heavy task offloaded (weight=0.51 >= 0.3),
1771436122.067,0.0,62.71,4.8251,0.911,22.2,2,19122.932,60.58162,0.02535,0.0000,1.0000,0.1132,0.0000,0.2535,0.1853,0.3271,WARNING,False,5,3,,,,,,
1771436122.067,0.0,62.10,4.8586,0.892,20.8,2,832.174,36.13278,0.03012,0.0000,1.0000,0.0000,0.0000,0.3012,0.1759,0.3153,WARNING,False,5,3,,,,,,
1771436122.067,0.0,61.90,4.8470,0.874,19.6,2,,,0.02754,0.0000,0.0000,0.0136,0.0000,0.2754,0.1671,0.0627,SAFE,False,9,0,,,,,,window_reset|B=9
1771436122.067,0.0,,,,,,,,,,,,,,,0.0627,SAFE,,8,,t1079_0,0.84,HIGH,LOCAL,SAFE: all tasks permitted (weight=0.84),
1771436122.067,0.0,62.35,4.7947,0.956,25.5,2,,,0.02605,0.0000,0.0000,0.2512,0.0000,0.2605,0.2082,0.1003,SAFE,False,8,1,,,,,,
1771436122.067,0.0,61.48,4.8042,0.934,23.9,2,,,0.02173,0.0000,0.0000,0.2083,0.0000,0.2173,0.1972,0.0882,SAFE,False,8,1,,,,,,
1771436122.067,0.0,,,,,,,,,,,,,,,0.0882,SAFE,,7,,t1081_0,0.54,NORMAL,LOCAL,SAFE: all tasks permitted (weight=0.54),
1771436122.067,0.0,61.76,4.7807,0.977,26.9,2,,,0.02385,0.0000,0.0000,0.3148,0.0000,0.2385,0.2186,0.1085,SAFE,False,7,2,,,,,,
1771436122.067,0.0,61.79,4.8317,0.954,25.3,2,,,0.02338,0.0000,0.0000,0.0832,0.0000,0.2338,0.2069,0.0756,SAFE,False,7,2,,,,,,
1771436122.067,0.0,,,,,,,,,,,,,,,0.0756,SAFE,,6,,t1083_0,0.63,LOW,LOCAL,SAFE: all tasks permitted (weight=0.63),
1771436122.067,0.0,62.32,4.8054,1.006,29.0,3,,,0.02358,0.0000,0.0000,0.2029,0.0000,0.2358,0.2478,0.0995,SAFE,False,6,3,,,,,,
1771436122.067,0.0,,,,,,,,,,,,,,,0.0995,SAFE,,5,,t1084_0,0.49,NORMAL,LOCAL,SAFE: all tasks permitted (weight=0.49),
1771436122.067,0.0,62.14,4.8178,1.037,31.2,3,-68378.959,-14.50594,0.02137,0.0000,0.0000,0.1463,1.0000,0.2137,0.2636,0.2931,WARNING,False,5,4,,,,,,
1771436122.067,0.0,61.50,4.7905,1.009,29.2,3,-70879.561,-135.57510,0.02252,0.0000,0.0000,0.2706,1.0000,0.2252,0.2497,0.3076,WARNING,False,5,4,,,,,,
1771436122.067,0.0,61.86,4.7855,0.984,27.4,3,-4692.337,-122.49930,0.02374,0.0000,0.0000,0.2933,1.0000,0.2374,0.2369,0.3092,WARNING,False,5,4,,,,,,
1771436122.067,0.0,62.32,4.7809,0.960,25.7,2,-3142.242,-27.65229,0.02494,0.0000,0.0000,0.3143,1.0000,0.2494,0.2099,0.3078,WARNING,False,5,4,,,,,,
1771436122.067,0.0,62.05,4.8233,0.938,24.1,2,68071.868,38.05391,0.02486,0.0000,1.0000,0.1214,0.0000,0.2486,0.1988,0.3304,WARNING,False,5,4,,,,,,
1771436122.067,0.0,62.00,4.7978,0.917,22.6,2,28708.344,33.94924,0.02020,0.0000,1.0000,0.2373,0.0000,0.2020,0.1884,0.3387,WARNING,False,5,4,,,,,,
1771436122.067,0.0,61.57,4.8164,0.898,21.3,2,-25544.680,-30.49045,0.01628,0.0000,0.0000,0.1528,1.0000,0.1628,0.1788,0.2719,WARNING,False,5,4,,,,,,
1771436122.067,0.0,61.22,4.8572,0.880,20.0,2,-130543.050,103.21686,0.02199,0.0000,0.0000,0.0000,0.0000,0.2199,0.1699,0.0560,SAFE,False,5,4,,,,,,
1771436122.067,0.0,61.41,4.8272,0.863,18.8,1,,,0.02260,0.0000,0.0000,0.1034,0.0000,0.2260,0.1465,0.0654,SAFE,False,5,4,,,,,,
1771436122.067,0.0,60.97,4.8753,0.848,17.7,1,,,0.02721,0.0000,0.0000,0.0000,0.0000,0.2721,0.1388,0.0550,SAFE,False,9,0,,,,,,window_reset|B=9
1771436122.067,0.0,,,,,,,,,,,,,,,0.0550,SAFE,,8,,t1094_0,0.56,LOW,LOCAL,SAFE: all tasks permitted (weight=0.56),
1771436122.067,0.0,61.28,4.8147,0.899,21.3,2,,,0.02687,0.0000,0.0000,0.1606,0.0000,0.2687,0.1793,0.0836,SAFE,False,8,1,,,,,,
1771436122.067,0.0,61.44,4.8504,0.881,20.0,2,,,0.02823,0.0000,0.0000,0.0000,0.0000,0.2823,0.1703,0.0623,SAFE,False,8,1,,,,,,
1771436122.067,0.0,60.90,4.8292,0.864,18.9,1,,,0.02834,0.0000,0.0000,0.0945,0.0000,0.2834,0.1470,0.0700,SAFE,False,8,1,,,,,,
1771436122.067,0.0,,,,,,,,,,,,,,,0.0700,SAFE,,7,,t1097_0,0.37,NORMAL,LOCAL,SAFE: all tasks permitted (weight=0.37),
1771436122.067,0.0,61.15,4.8432,0.892,20.9,2,,,0.02739,0.0000,0.0000,0.0311,0.0000,0.2739,0.1762,0.0667,SAFE,False,7,2,,,,,,
1771436122.067,0.0,60.54,4.8537,0.875,19.6,2,,,0.02560,0.0000,0.0000,0.0000,0.0000,0.2560,0.1674,0.0591,SAFE,False,7,2,,,,,,
1771436122.067,0.0,60.56,4.8328,0.859,18.5,1,,,0.02072,0.0000,0.0000,0.0783,0.0000,0.2072,0.1443,0.0598,SAFE,False,7,2,,,,,,
1771436122.067,0.0,,,,,,,,,,,,,,,0.0598,SAFE,,6,,t1100_0,0.59,LOW,LOCAL,SAFE: all tasks permitted (weight=0.59),
1771436122.067,0.0,60.10,4.7971,0.914,22.4,2,,,0.02309,0.0000,0.0000,0.2404,0.0000,0.2309,0.1868,0.0917,SAFE,False,6,3,,,,,,
1771436122.067,0.0,59.98,4.8234,0.895,21.0,2,,,0.02082,0.0000,0.0000,0.1211,0.0000,0.2082,0.1773,0.0720,SAFE,False,6,3,,,,,,
1771436122.067,0.0,60.22,4.8371,0.877,19.8,2,,,0.02004,0.0000,0.0000,0.0587,0.0000,0.2004,0.1684,0.0614,SAFE,False,6,3,,,,,,
1771436122.067,0.0,60.08,4.8658,0.860,18.6,1,,,0.02089,0.0000,0.0000,0.0000,0.0000,0.2089,0.1452,0.0499,SAFE,False,6,3,,,,,,
1771436122.067,0.0,,,,,,,,,,,,,,,0.0499,SAFE,,5,,t1104_0,0.61,NORMAL,LOCAL,SAFE: all tasks permitted (weight=0.61),
1771436122.067,0.0,59.79,4.8183,0.917,22.6,2,,,0.02139,0.0000,0.0000,0.1440,0.0000,0.2139,0.1885,0.0778,SAFE,False,5,4,,,,,,
1771436122.067,0.0,59.49,4.8177,0.898,21.3,2,,,0.01846,0.0000,0.0000,0.1466,0.0000,0.1846,0.1789,0.0733,SAFE,False,5,4,,,,,,
1771436122.067,0.0,,,,,,,,,,,,,,,0.0733,SAFE,,4,,t1106_0,0.38,CRITICAL,LOCAL,SAFE: all tasks permitted (weight=0.38),
1771436122.067,0.0,59.59,4.8258,0.924,23.2,2,,,0.01784,0.0000,0.0000,0.1099,0.0000,0.1784,0.1922,0.0706,SAFE,False,4,5,,,,,,
1771436122.067,0.0,,,,,,,,,,,,,,,0.0706,SAFE,,3,,t1107_0,0.28,NORMAL,LOCAL,SAFE: all tasks permitted (weight=0.28),
1771436122.067,0.0,,,,,,,,,,,,,,,0.0706,SAFE,,2,,t1107_1,0.51,HIGH,LOCAL,SAFE: all tasks permitted (weight=0.51),
1771436122.067,0.0,59.71,4.8031,0.999,28.5,3,,,0.01874,0.0000,0.0000,0.2134,0.0000,0.1874,0.2444,0.0953,SAFE,False,2,7,,,,,,
1771436122.067,0.0,59.89,4.7976,0.974,26.7,2,,,0.02064,0.0000,0.0000,0.2382,0.0000,0.2064,0.2169,0.0950,SAFE,False,9,0,,,,,,window_reset|B=9
1771436122.067,0.0,59.64,4.8050,0.951,25.0,2,,,0.02073,0.0000,0.0000,0.2047,0.0000,0.2073,0.2053,0.0884,SAFE,False,9,0,,,,,,
1771436122.067,0.0,,,,,,,,,,,,,,,0.0884,SAFE,,8,,t1110_0,0.51,NORMAL,LOCAL,SAFE: all tasks permitted (weight=0.51),
1771436122.067,0.0,59.79,4.8111,0.990,27.8,3,,,0.01875,0.0000,0.0000,0.1768,0.0000,0.1875,0.2399,0.0897,SAFE,False,8,1,,,,,,
1771436122.067,0.0,,,,,,,,,,,,,,,0.0897,SAFE,,7,,t1111_0,0.26,HIGH,LOCAL,SAFE: all tasks permitted (weight=0.26),
1771436122.067,0.0,59.80,4.7955,0.996,28.3,3,,,0.01938,0.0000,0.0000,0.2476,0.0000,0.1938,0.2429,0.1002,SAFE,False,7,2,,,,,,
1771436122.067,0.0,59.92,4.8227,0.971,26.5,2,,,0.01852,0.0000,0.0000,0.1241,0.0000,0.1852,0.2155,0.0778,SAFE,False,7,2,,,,,,
1771436122.067,0.0,,,,,,,,,,,,,,,0.0778,SAFE,,6,,t1113_0,0.21,NORMAL,LOCAL,SAFE: all tasks permitted (weight=0.21),
1771436122.067,0.0,59.81,4.7992,0.972,26.6,2,,,0.01919,0.0000,0.0000,0.2309,0.0000,0.1919,0.2162,0.0925,SAFE,False,6,3,,,,,,
1771436122.067,0.0,,,,,,,,,,,,,,,0.0925,SAFE,,5,,t1114_0,0.43,LOW,LOCAL,SAFE: all tasks permitted (weight=0.43),
1771436122.067,0.0,60.39,4.7994,1.000,28.6,3,,,0.01866,0.0000,0.0000,0.2301,0.0000,0.1866,0.2452,0.0976,SAFE,False,5,4,,,,,,
1771436122.068,0.0,,,,,,,,,,,,,,,0.0976,SAFE,,4,,t1115_0,0.57,LOW,LOCAL,SAFE: all tasks permitted (weight=0.57),
1771436122.068,0.0,60.15,4.7969,1.043,31.6,3,26173.001,-6.11673,0.01047,0.0000,1.0000,0.2413,1.0000,0.1047,0.2665,0.5451,WARNING,False,4,5,,,,,,
1771436122.068,0.0,60.64,4.7862,1.015,29.6,3,44913.982,-11.39159,0.01148,0.0000,1.0000,0.2902,1.0000,0.1148,0.2525,0.5497,WARNING,False,4,5,,,,,,
1771436122.068,0.0,60.41,4.7934,0.989,27.8,3,46084.685,-11.50657,0.01119,0.0000,1.0000,0.2573,1.0000,0.1119,0.2394,0.5425,WARNING,False,4,5,,,,,,
1771436122.068,0.0,60.30,4.8045,0.965,26.0,2,30515.881,-6.59900,0.00888,0.0000,1.0000,0.2069,1.0000,0.0888,0.2123,0.5282,WARNING,False,4,5,,,,,,
1771436122.068,0.0,,,,,,,,,,,,,,,0.5282,WARNING,,4,,t1119_0,0.63,NORMAL,OFFLOAD,WARNING: heavy task offloaded (weight=0.63 >= 0.3),
1771436122.068,0.0,60.38,4.8132,0.942,24.4,2,34434.864,17.63276,0.00948,0.0000,1.0000,0.1671,0.0000,0.0948,0.2010,0.3214,WARNING,False,4,5,,,,,,
1771436122.068,0.0,60.35,4.8447,0.921,22.9,2,25952.616,21.95763,0.01499,0.0000,1.0000,0.0239,0.0000,0.1499,0.1905,0.3062,WARNING,False,4,5,,,,,,
1771436122.068,0.0,60.72,4.8290,0.901,21.5,2,54286.999,29.68303,0.01627,0.0000,1.0000,0.0954,0.0000,0.1627,0.1807,0.3148,WARNING,False,4,5,,,,,,
1771436122.068,0.0,60.61,4.8380,0.883,20.2,2,12976.605,38.48261,0.01828,0.0000,1.0000,0.0544,0.0000,0.1828,0.1717,0.3097,WARNING,False,4,5,,,,,,
1771436122.068,0.0,59.73,4.8540,0.866,19.0,2,,,0.02126,0.0000,0.0000,0.0000,0.0000,0.2126,0.1632,0.0539,SAFE,False,9,0,,,,,,window_reset|B=9
1771436122.068,0.0,60.10,4.8652,0.851,17.9,1,,,0.02537,0.0000,0.0000,0.0000,0.0000,0.2537,0.1404,0.0534,SAFE,False,9,0,,,,,,
1771436122.068,0.0,,,,,,,,,,,,,,,0.0534,SAFE,,8,,t1125_0,0.31,LOW,LOCAL,SAFE: all tasks permitted (weight=0.31),
1771436122.068,0.0,59.57,4.8613,0.874,19.5,2,,,0.02715,0.0000,0.0000,0.0000,0.0000,0.2715,0.1668,0.0605,SAFE,False,8,1,,,,,,
1771436122.068,0.0,59.51,4.8650,0.857,18.4,1,,,0.02826,0.0000,0.0000,0.0000,0.0000,0.2826,0.1437,0.0570,SAFE,False,8,1,,,,,,
1771436122.068,0.0,59.45,4.8411,0.842,17.3,1,,,0.02664,0.0000,0.0000,0.0403,0.0000,0.2664,0.1361,0.0591,SAFE,False,8,1,,,,,,
1771436122.068,0.0,,,,,,,,,,,,,,,0.0591,SAFE,,7,,t1128_0,0.21,NORMAL,LOCAL,SAFE: all tasks permitted (weight=0.21),
1771436122.068,0.0,59.34,4.8492,0.854,18.1,1,,,0.02283,0.0000,0.0000,0.0037,0.0000,0.2283,0.1418,0.0517,SAFE,False,7,2,,,,,,
1771436122.068,0.0,,,,,,,,,,,,,,,0.0517,SAFE,,6,,t1129_0,0.53,NORMAL,LOCAL,SAFE: all tasks permitted (weight=0.53),
1771436122.068,0.0,59.23,4.8405,0.902,21.5,2,,,0.01840,0.0000,0.0000,0.0430,0.0000,0.1840,0.1808,0.0602,SAFE,False,6,3,,,,,,
1771436122.068,0.0,58.87,4.8334,0.883,20.2,2,,,0.01486,0.0000,0.0000,0.0752,0.0000,0.1486,0.1717,0.0590,SAFE,False,6,3,,,,,,
1771436122.068,0.0,,,,,,,,,,,,,,,0.0590,SAFE,,5,,t1131_0,0.57,LOW,LOCAL,SAFE: all tasks permitted (weight=0.57),
1771436122.068,0.0,59.05,4.8246,0.935,23.9,2,,,0.01310,0.0000,0.0000,0.1155,0.0000,0.1310,0.1973,0.0676,SAFE,False,5,4,,,,,,
1771436122.068,0.0,,,,,,,,,,,,,,,0.0676,SAFE,,4,,t1132_0,0.43,LOW,LOCAL,SAFE: all tasks permitted (weight=0.43),
1771436122.068,0.0,,,,,,,,,,,,,,,0.0676,SAFE,,3,,t1132_1,0.32,LOW,LOCAL,SAFE: all tasks permitted (weight=0.32),
1771436122.068,0.0,59.37,4.8409,1.004,28.9,3,,,0.01316,0.0000,0.0000,0.0416,0.0000,0.1316,0.2472,0.0680,SAFE,False,3,6,,,,,,
1771436122.068,0.0,59.70,4.8074,0.979,27.1,3,,,0.01635,0.0000,0.0000,0.1937,0.0000,0.1635,0.2345,0.0884,SAFE,False,3,6,,,,,,
1771436122.068,0.0,59.51,4.7905,0.955,25.4,2,,,0.02195,0.0000,0.0000,0.2703,0.0000,0.2195,0.2077,0.0986,SAFE,False,3,6,,,,,,
1771436122.068,0.0,,,,,,,,,,,,,,,0.0986,SAFE,,2,,t1135_0,0.38,HIGH,LOCAL,SAFE: all tasks permitted (weight=0.38),
1771436122.068,0.0,59.65,4.8179,0.978,27.0,3,,,0.02222,0.0000,0.0000,0.1460,0.0000,0.2222,0.2341,0.0880,SAFE,False,2,7,,,,,,
1771436122.068,0.0,59.56,4.8218,0.955,25.3,2,,,0.02073,0.0000,0.0000,0.1283,0.0000,0.2073,0.2074,0.0789,SAFE,False,2,7,,,,,,
1771436122.068,0.0,,,,,,,,,,,,,,,0.0789,SAFE,,1,,t1137_0,0.50,LOW,LOCAL,SAFE: all tasks permitted (weight=0.50),
1771436122.068,0.0,59.71,4.8015,0.993,28.0,3,,,0.02046,0.0000,0.0000,0.2204,0.0000,0.2046,0.2413,0.0974,SAFE,False,1,8,,,,,,
1771436122.068,0.0,,,,,,,,,,,,,,,0.0974,SAFE,,0,,t1138_0,0.23,LOW,LOCAL,SAFE: all tasks permitted (weight=0.23),
1771436122.068,0.0,59.70,4.8081,0.995,28.2,3,,,0.01770,0.0000,0.0000,0.1904,0.0000,0.1770,0.2427,0.0910,SAFE,False,9,0,,,,,,window_reset|B=9
1771436122.068,0.0,59.46,4.8402,0.971,26.5,2,,,0.01762,0.0000,0.0000,0.0447,0.0000,0.1762,0.2153,0.0665,SAFE,False,9,0,,,,,,
1771436122.069,0.0,,,,,,,,,,,,,,,0.0665,SAFE,,8,,t1140_0,0.81,NORMAL,LOCAL,SAFE: all tasks permitted (weight=0.81),
1771436122.069,0.0,59.76,4.7792,1.044,31.7,3,23246.429,-61.47712,0.01947,0.0000,1.0000,0.3217,1.0000,0.1947,0.2670,0.5647,WARNING,False,8,1,,,,,,
1771436122.069,0.0,,,,,,,,,,,,,,,0.5647,WARNING,,8,,t1141_0,0.49,NORMAL,OFFLOAD,WARNING: heavy task offloaded (weight=0.49 >= 0.3),
1771436122.069,0.0,60.45,4.8054,1.016,29.7,3,44582.661,-1.96767,0.01835,0.0000,1.0000,0.2027,1.0000,0.1835,0.2529,0.5453,WARNING,False,8,1,,,,,,
1771436122.069,0.0,,,,,,,,,,,,,,,0.5453,WARNING,,8,,t1142_0,0.52,NORMAL,OFFLOAD,WARNING: heavy task offloaded (weight=0.52 >= 0.3),
1771436122.069,0.0,60.09,4.8183,0.990,27.8,3,34788.570,27.69352,0.01748,0.0000,1.0000,0.1441,0.0000,0.1748,0.2398,0.3342,WARNING,False,8,1,,,,,,
1771436122.069,0.0,,,,,,,,,,,,,,,0.3342,WARNING,,8,,t1143_0,0.65,HIGH,OFFLOAD,WARNING: heavy task offloaded (weight=0.65 >= 0.3),
1771436122.069,0.0,59.54,4.7851,0.965,26.1,2,-6704.465,-32.73239,0.01867,0.0000,0.0000,0.2952,1.0000,0.1867,0.2126,0.2996,WARNING,False,8,1,,,,,,
1771436122.069,0.0,60.05,4.8064,0.943,24.5,2,29299.111,-15.34955,0.01613,0.0000,1.0000,0.1983,1.0000,0.1613,0.2013,0.5322,WARNING,False,8,1,,,,,,
1771436122.069,0.0,,,,,,,,,,,,,,,0.5322,WARNING,,8,,t1145_0,0.74,NORMAL,OFFLOAD,WARNING: heavy task offloaded (weight=0.74 >= 0.3),
1771436122.069,0.0,60.16,4.8200,0.922,23.0,2,26633.481,18.43421,0.01654,0.0000,1.0000,0.1364,0.0000,0.1654,0.1908,0.3224,WARNING,False,8,1,,,,,,
1771436122.069,0.0,,,,,,,,,,,,,,,0.3224,WARNING,,8,,t1146_0,0.81,HIGH,OFFLOAD,WARNING: heavy task offloaded (weight=0.81 >= 0.3),
1771436122.069,0.0,60.16,4.8048,0.902,21.6,2,27532.117,-3.28100,0.01574,0.0000,1.0000,0.2054,1.0000,0.1574,0.1810,0.5286,WARNING,False,8,1,,,,,,
1771436122.069,0.0,59.78,4.8265,0.884,20.3,2,18877.033,-13.59430,0.01632,0.0000,1.0000,0.1066,1.0000,0.1632,0.1719,0.5146,WARNING,False,8,1,,,,,,
1771436122.069,0.0,60.27,4.8537,0.867,19.1,2,,,0.02020,0.0000,0.0000,0.0000,0.0000,0.2020,0.1635,0.0529,SAFE,False,8,1,,,,,,
1771436122.069,0.0,,,,,,,,,,,,,,,0.0529,SAFE,,7,,t1149_0,0.21,NORMAL,LOCAL,SAFE: all tasks permitted (weight=0.21),
1771436122.069,0.0,59.13,4.8486,0.876,19.7,2,,,0.02217,0.0000,0.0000,0.0063,0.0000,0.2217,0.1679,0.0566,SAFE,False,7,2,,,,,,
1771436122.069,0.0,59.25,4.8331,0.859,18.5,1,,,0.02247,0.0000,0.0000,0.0769,0.0000,0.2247,0.1447,0.0614,SAFE,False,7,2,,,,,,
1771436122.069,0.0,59.13,4.8495,0.844,17.4,1,,,0.02335,0.0000,0.0000,0.0024,0.0000,0.2335,0.1371,0.0511,SAFE,False,7,2,,,,,,
1771436122.069,0.0,,,,,,,,,,,,,,,0.0511,SAFE,,6,,t1152_0,0.42,NORMAL,LOCAL,SAFE: all tasks permitted (weight=0.42),
1771436122.069,0.0,59.50,4.7982,0.881,20.1,2,,,0.02113,0.0000,0.0000,0.2354,0.0000,0.2113,0.1705,0.0858,SAFE,False,6,3,,,,,,
1771436122.069,0.0,59.08,4.8362,0.864,18.9,1,,,0.02097,0.0000,0.0000,0.0629,0.0000,0.2097,0.1471,0.0586,SAFE,False,9,0,,,,,,window_reset|B=9
1771436122.069,0.0,59.02,4.8488,0.849,17.8,1,,,0.02202,0.0000,0.0000,0.0056,0.0000,0.2202,0.1393,0.0506,SAFE,False,9,0,,,,,,
1771436122.069,0.0,58.50,4.8270,0.834,16.7,1,,,0.01827,0.0000,0.0000,0.1045,0.0000,0.1827,0.1321,0.0583,SAFE,False,9,0,,,,,,
1771436122.069,0.0,,,,,,,,,,,,,,,0.0583,SAFE,,8,,t1156_0,0.48,NORMAL,LOCAL,SAFE: all tasks permitted (weight=0.48),
1771436122.069,0.0,58.20,4.8263,0.879,19.9,2,,,0.01696,0.0000,0.0000,0.1075,0.0000,0.1696,0.1694,0.0648,SAFE,False,8,1,,,,,,
1771436122.069,0.0,58.29,4.8282,0.862,18.7,1,,,0.01666,0.0000,0.0000,0.0992,0.0000,0.1666,0.1461,0.0588,SAFE,False,8,1,,,,,,
1771436122.069,0.0,,,,,,,,,,,,,,,0.0588,SAFE,,7,,t1158_0,0.62,NORMAL,LOCAL,SAFE: all tasks permitted (weight=0.62),
1771436122.069,0.0,58.37,4.8163,0.922,23.0,2,,,0.01537,0.0000,0.0000,0.1531,0.0000,0.1537,0.1908,0.0734,SAFE,False,7,2,,,,,,
1771436122.069,0.0,58.37,4.8447,0.902,21.6,2,,,0.01558,0.0000,0.0000,0.0240,0.0000,0.1558,0.1810,0.0549,SAFE,False,7,2,,,,,,
1771436122.069,0.0,57.87,4.8560,0.884,20.3,2,,,0.01583,0.0000,0.0000,0.0000,0.0000,0.1583,0.1719,0.0502,SAFE,False,7,2,,,,,,
1771436122.069,0.0,58.29,4.8398,0.867,19.1,2,,,0.01536,0.0000,0.0000,0.0462,0.0000,0.1536,0.1634,0.0540,SAFE,False,7,2,,,,,,
1771436122.069,0.0,58.39,4.8705,0.851,17.9,1,,,0.01842,0.0000,0.0000,0.0000,0.0000,0.1842,0.1405,0.0465,SAFE,False,7,2,,,,,,
1771436122.069,0.0,,,,,,,,,,,,,,,0.0465,SAFE,,6,,t1163_0,0.21,LOW,LOCAL,SAFE: all tasks permitted (weight=0.21),
1771436122.069,0.0,58.04,4.8372,0.862,18.7,1,,,0.01802,0.0000,0.0000,0.0582,0.0000,0.1802,0.1461,0.0548,SAFE,False,6,3,,,,,,
1771436122.069,0.0,,,,,,,,,,,,,,,0.0548,SAFE,,5,,t1164_0,0.65,NORMAL,LOCAL,SAFE: all tasks permitted (weight=0.65),
1771436122.069,0.0,58.02,4.8684,0.925,23.2,2,,,0.01618,0.0000,0.0000,0.0000,0.0000,0.1618,0.1926,0.0547,SAFE,False,5,4,,,,,,
1771436122.069,0.0,58.02,4.8531,0.905,21.8,2,,,0.01637,0.0000,0.0000,0.0000,0.0000,0.1637,0.1827,0.0529,SAFE,False,5,4,,,,,,
1771436122.069,0.0,,,,,,,,,,,,,,,0.0529,SAFE,,4,,t1166_0,0.73,NORMAL,LOCAL,SAFE: all tasks permitted (weight=0.73),
1771436122.069,0.0,,,,,,,,,,,,,,,0.0529,SAFE,,3,,t1166_1,0.29,HIGH,LOCAL,SAFE: all tasks permitted (weight=0.29),
1771436122.069,0.0,58.12,4.8188,1.010,29.3,3,,,0.01756,0.0000,0.0000,0.1420,0.0000,0.1756,0.2498,0.0860,SAFE,False,3,6,,,,,,
1771436122.069,0.0,,,,,,,,,,,,,,,0.0860,SAFE,,2,,t1167_0,0.28,CRITICAL,LOCAL,SAFE: all tasks permitted (weight=0.28),
1771436122.069,0.0,57.70,4.8069,1.018,29.9,3,,,0.01960,0.0000,0.0000,0.1958,0.0000,0.1960,0.2540,0.0959,SAFE,False,2,7,,,,,,
1771436122.069,0.0,58.63,4.8172,0.992,28.0,3,,,0.02024,0.0000,0.0000,0.1491,0.0000,0.2024,0.2408,0.0878,SAFE,False,9,0,,,,,,window_reset|B=9
1771436122.069,0.0,58.68,4.8211,0.967,26.2,2,,,0.02062,0.0000,0.0000,0.1313,0.0000,0.2062,0.2136,0.0804,SAFE,False,9,0,,,,,,
1771436122.069,0.0,58.60,4.8168,0.944,24.6,2,,,0.02058,0.0000,0.0000,0.1511,0.0000,0.2058,0.2022,0.0807,SAFE,False,9,0,,,,,,
1771436122.070,0.0,58.27,4.8129,0.923,23.1,2,13493.512,-24.26356,0.02151,0.0000,1.0000,0.1685,1.0000,0.2151,0.1916,0.5318,WARNING,False,9,0,,,,,,
1771436122.070,0.0,58.53,4.8529,0.904,21.7,2,31112.118,-15.45718,0.02128,0.0000,1.0000,0.0000,1.0000,0.2128,0.1818,0.5076,WARNING,False,9,0,,,,,,
1771436122.070,0.0,58.28,4.8390,0.885,20.4,2,15613.392,-14.12020,0.02126,0.0000,1.0000,0.0502,1.0000,0.2126,0.1726,0.5123,WARNING,False,9,0,,,,,,
1771436122.070,0.0,,,,,,,,,,,,,,,0.5123,WARNING,,9,,t1174_0,0.52,NORMAL,OFFLOAD,WARNING: heavy task offloaded (weight=0.52 >= 0.3),
1771436122.070,0.0,57.87,4.8454,0.868,19.2,2,-15158.768,26.64690,0.01870,0.0000,0.0000,0.0208,0.0000,0.1870,0.1641,0.0542,SAFE,False,9,0,,,,,,
1771436122.070,0.0,,,,,,,,,,,,,,,0.0542,SAFE,,8,,t1175_0,0.43,NORMAL,LOCAL,SAFE: all tasks permitted (weight=0.43),
1771436122.070,0.0,,,,,,,,,,,,,,,0.0542,SAFE,,7,,t1175_1,0.63,NORMAL,LOCAL,SAFE: all tasks permitted (weight=0.63),
1771436122.070,0.0,57.90,4.8114,0.979,27.1,3,12296.024,4.44837,0.01950,0.0000,1.0000,0.1756,0.0000,0.1950,0.2347,0.3393,WARNING,False,7,2,,,,,,
1771436122.070,0.0,58.76,4.8329,0.956,25.4,2,8253.205,15.72325,0.01585,0.0000,1.0000,0.0776,0.0000,0.1585,0.2079,0.3175,WARNING,False,7,2,,,,,,
1771436122.070,0.0,58.09,4.8476,0.934,23.8,2,-35817.767,26.48055,0.01517,0.0000,0.0000,0.0109,0.0000,0.1517,0.1969,0.0560,SAFE,False,7,2,,,,,,
1771436122.070,0.0,58.27,4.8464,0.913,22.4,2,-19289.451,29.61849,0.01584,0.0000,0.0000,0.0164,0.0000,0.1584,0.1867,0.0553,SAFE,False,7,2,,,,,,
1771436122.070,0.0,58.49,4.8348,0.894,21.0,2,,,0.01438,0.0000,0.0000,0.0691,0.0000,0.1438,0.1772,0.0588,SAFE,False,7,2,,,,,,
1771436122.070,0.0,,,,,,,,,,,,,,,0.0588,SAFE,,6,,t1180_0,0.79,NORMAL,LOCAL,SAFE: all tasks permitted (weight=0.79),
1771436122.070,0.0,58.29,4.7805,0.973,26.6,2,,,0.01994,0.0000,0.0000,0.3160,0.0000,0.1994,0.2163,0.1043,SAFE,False,6,3,,,,,,
1771436122.070,0.0,58.28,4.8072,0.949,25.0,2,,,0.02072,0.0000,0.0000,0.1944,0.0000,0.2072,0.2047,0.0869,SAFE,False,6,3,,,,,,
1771436122.070,0.0,58.17,4.8333,0.928,23.4,2,,,0.02052,0.0000,0.0000,0.0760,0.0000,0.2052,0.1940,0.0692,SAFE,False,6,3,,,,,,
1771436122.070,0.0,58.37,4.8198,0.908,22.0,2,,,0.02016,0.0000,0.0000,0.1372,0.0000,0.2016,0.1840,0.0748,SAFE,False,9,0,,,,,,window_reset|B=9
1771436122.070,0.0,,,,,,,,,,,,,,,0.0748,SAFE,,8,,t1184_0,0.42,NORMAL,LOCAL,SAFE: all tasks permitted (weight=0.42),
1771436122.070,0.0,58.93,4.8032,0.940,24.3,2,,,0.01999,0.0000,0.0000,0.2127,0.0000,0.1999,0.2000,0.0876,SAFE,False,8,1,,,,,,
1771436122.070,0.0,,,,,,,,,,,,,,,0.0876,SAFE,,7,,t1185_0,0.51,NORMAL,LOCAL,SAFE: all tasks permitted (weight=0.51),
1771436122.070,0.0,,,,,,,,,,,,,,,0.0876,SAFE,,6,,t1185_1,0.53,NORMAL,LOCAL,SAFE: all tasks permitted (weight=0.53),
1771436122.070,0.0,58.66,4.7658,1.045,31.8,3,,,0.02529,0.0000,0.0000,0.3828,0.0000,0.2529,0.2677,0.1286,SAFE,False,6,3,,,,,,
1771436122.070,0.0,,,,,,,,,,,,,,,0.1286,SAFE,,5,,t1186_0,0.68,HIGH,LOCAL,SAFE: all tasks permitted (weight=0.68),
1771436122.070,0.0,59.06,4.7670,1.100,35.7,4,,,0.02765,0.0000,0.0000,0.3772,0.0000,0.2765,0.3099,0.1387,SAFE,False,5,4,,,,,,
1771436122.070,0.0,59.04,4.7783,1.068,33.4,3,,,0.02923,0.0000,0.0000,0.3261,0.0000,0.2923,0.2789,0.1274,SAFE,False,5,4,,,,,,
1771436122.070,0.0,59.49,4.7698,1.038,31.3,3,,,0.03025,0.0000,0.0000,0.3648,0.0000,0.3025,0.2640,0.1305,SAFE,False,5,4,,,,,,
1771436122.070,0.0,59.59,4.7909,1.010,29.3,3,,,0.02744,0.0000,0.0000,0.2688,0.0000,0.2744,0.2501,0.1124,SAFE,False,5,4,,,,,,
1771436122.070,0.0,59.48,4.7949,0.984,27.5,3,,,0.02356,0.0000,0.0000,0.2504,0.0000,0.2356,0.2372,0.1036,SAFE,False,5,4,,,,,,
1771436122.070,0.0,59.03,4.7897,0.961,25.8,2,,,0.02036,0.0000,0.0000,0.2740,0.0000,0.2036,0.2103,0.0980,SAFE,False,5,4,,,,,,
1771436122.070,0.0,58.90,4.8503,0.938,24.2,2,,,0.02562,0.0000,0.0000,0.0000,0.0000,0.2562,0.1991,0.0654,SAFE,False,5,4,,,,,,
1771436122.070,0.0,59.50,4.8116,0.917,22.7,2,,,0.02579,0.0000,0.0000,0.1747,0.0000,0.2579,0.1887,0.0862,SAFE,False,5,4,,,,,,
1771436122.070,0.0,,,,,,,,,,,,,,,0.0862,SAFE,,4,,t1194_0,0.30,LOW,LOCAL,SAFE: all tasks permitted (weight=0.30),
1771436122.070,0.0,,,,,,,,,,,,,,,0.0862,SAFE,,3,,t1194_1,0.22,HIGH,LOCAL,SAFE: all tasks permitted (weight=0.22),
1771436122.070,0.0,59.83,4.8081,0.961,25.8,2,,,0.02377,0.0000,0.0000,0.1904,0.0000,0.2377,0.2105,0.0906,SAFE,False,3,6,,,,,,
1771436122.070,0.0,59.10,4.8324,0.939,24.2,2,,,0.02505,0.0000,0.0000,0.0801,0.0000,0.2505,0.1993,0.0753,SAFE,False,3,6,,,,,,
1771436122.070,0.0,59.32,4.8502,0.918,22.7,2,,,0.02908,0.0000,0.0000,0.0000,0.0000,0.2908,0.1889,0.0669,SAFE,False,3,6,,,,,,
1771436122.070,0.0,59.22,4.7926,0.899,21.3,2,,,0.02729,0.0000,0.0000,0.2610,0.0000,0.2729,0.1793,0.0971,SAFE,False,3,6,,,,,,
1771436122.070,0.0,59.41,4.8570,0.881,20.0,2,,,0.02871,0.0000,0.0000,0.0000,0.0000,0.2871,0.1703,0.0628,SAFE,False,9,0,,,,,,window_reset|B=9
1771436122.070,0.0,58.90,4.8612,0.864,18.8,1,,,0.03007,0.0000,0.0000,0.0000,0.0000,0.3007,0.1469,0.0595,SAFE,False,9,0,,,,,,
1771436122.070,0.0,,,,,,,,,,,,,,,0.0595,SAFE,,8,,t1200_0,0.46,HIGH,LOCAL,SAFE: all tasks permitted (weight=0.46),
1771436122.070,0.0,,,,,,,,,,,,,,,0.0595,SAFE,,7,,t1200_1,0.73,NORMAL,LOCAL,SAFE: all tasks permitted (weight=0.73),
1771436122.070,0.0,,,,,,,,,,,,,,,0.0595,SAFE,,6,,t1200_2,0.21,CRITICAL,LOCAL,SAFE: all tasks permitted (weight=0.21),
1771436122.070,0.0,58.84,4.7575,1.018,29.8,3,,,0.03182,0.0000,0.0000,0.4203,0.0000,0.3182,0.2539,0.1372,SAFE,False,6,3,,,,,,
1771436122.070,0.0,,,,,,,,,,,,,,,0.1372,SAFE,,5,,t1201_0,0.44,NORMAL,LOCAL,SAFE: all tasks permitted (weight=0.44),
1771436122.070,0.0,59.37,4.7701,1.045,31.8,3,,,0.03367,0.0000,0.0000,0.3631,0.0000,0.3367,0.2673,0.1343,SAFE,False,5,4,,,,,,
1771436122.070,0.0,59.39,4.8118,1.016,29.7,3,,,0.03317,0.0000,0.0000,0.1735,0.0000,0.3317,0.2532,0.1064,SAFE,False,5,4,,,,,,
1771436122.070,0.0,59.51,4.7865,0.990,27.9,3,,,0.03339,0.0000,0.0000,0.2884,0.0000,0.3339,0.2401,0.1189,SAFE,False,5,4,,,,,,
1771436122.070,0.0,,,,,,,,,,,,,,,0.1189,SAFE,,4,,t1204_0,0.49,CRITICAL,LOCAL,SAFE: all tasks permitted (weight=0.49),
1771436122.070,0.0,,,,,,,,,,,,,,,0.1189,SAFE,,3,,t1204_1,0.51,HIGH,LOCAL,SAFE: all tasks permitted (weight=0.51),
1771436122.070,0.0,60.05,4.7604,1.087,34.8,3,,,0.03486,0.0000,0.0000,0.4075,0.0000,0.3486,0.2885,0.1455,SAFE,False,3,6,,,,,,
1771436122.070,0.0,60.23,4.7607,1.056,32.6,3,,,0.03721,0.0000,0.0000,0.4058,0.0000,0.3721,0.2729,0.1446,SAFE,False,3,6,,,,,,
1771436122.070,0.0,60.50,4.8137,1.027,30.5,3,,,0.03729,0.0000,0.0000,0.1650,0.0000,0.3729,0.2585,0.1104,SAFE,False,3,6,,,,,,
1771436122.070,0.0,60.31,4.7893,1.000,28.6,3,,,0.03650,0.0000,0.0000,0.2759,0.0000,0.3650,0.2450,0.1214,SAFE,False,3,6,,,,,,
1771436122.070,0.0,60.34,4.8418,0.975,26.8,2,,,0.03562,0.0000,0.0000,0.0373,0.0000,0.3562,0.2175,0.0840,SAFE,False,3,6,,,,,,
1771436122.070,0.0,60.20,4.8435,0.952,25.1,2,,,0.03744,0.0000,0.0000,0.0298,0.0000,0.3744,0.2058,0.0825,SAFE,False,3,6,,,,,,
1771436122.070,0.0,60.35,4.8140,0.930,23.6,2,,,0.03415,0.0000,0.0000,0.1636,0.0000,0.3415,0.1950,0.0944,SAFE,False,3,6,,,,,,
1771436122.070,0.0,,,,,,,,,,,,,,,0.0944,SAFE,,2,,t1211_0,0.60,NORMAL,LOCAL,SAFE: all tasks permitted (weight=0.60),
1771436122.070,0.0,60.30,4.7688,0.983,27.4,3,,,0.02983,0.0000,0.0000,0.3689,0.0000,0.2983,0.2366,0.1251,SAFE,False,2,7,,,,,,
1771436122.070,0.0,,,,,,,,,,,,,,,0.1251,SAFE,,1,,t1212_0,0.28,NORMAL,LOCAL,SAFE: all tasks permitted (weight=0.28),
1771436122.070,0.0,60.20,4.7964,0.993,28.1,3,,,0.02783,0.0000,0.0000,0.2436,0.0000,0.2783,0.2415,0.1078,SAFE,False,1,8,,,,,,
1771436122.070,0.0,,,,,,,,,,,,,,,0.1078,SAFE,,0,,t1213_0,0.28,NORMAL,LOCAL,SAFE: all tasks permitted (weight=0.28),
1771436122.070,0.0,60.56,4.7847,1.002,28.7,3,,,0.02696,0.0000,0.0000,0.2969,0.0000,0.2696,0.2462,0.1148,SAFE,False,8,0,,,,,,window_reset|B=8
1771436122.070,0.0,60.79,4.7985,0.977,26.9,2,,,0.02662,0.0000,0.0000,0.2343,0.0000,0.2662,0.2186,0.1008,SAFE,False,8,0,,,,,,
1771436122.072,0.0,60.77,4.8113,0.954,25.3,2,18647.355,14.62067,0.02673,0.0000,1.0000,0.1759,0.0000,0.2673,0.2068,0.3410,WARNING,False,8,0,,,,,,
1771436122.072,0.0,60.70,4.8214,0.932,23.7,2,14422.997,-13.57720,0.02470,0.0000,1.0000,0.1302,1.0000,0.2470,0.1959,0.5308,WARNING,False,8,0,,,,,,
1771436122.072,0.0,,,,,,,,,,,,,,,0.5308,WARNING,,8,,t1217_0,0.38,LOW,OFFLOAD,WARNING: heavy task offloaded (weight=0.38 >= 0.3),
1771436122.072,0.0,,,,,,,,,,,,,,,0.5308,WARNING,,8,,t1217_1,0.80,NORMAL,OFFLOAD,WARNING: heavy task offloaded (weight=0.80 >= 0.3),
1771436122.072,0.0,60.51,4.7927,0.912,22.3,2,12675.996,-33.73202,0.02143,0.0000,1.0000,0.2605,1.0000,0.2143,0.1858,0.5424,WARNING,False,8,0,,,,,,
1771436122.072,0.0,,,,,,,,,,,,,,,0.5424,WARNING,,8,,t1218_0,0.39,LOW,OFFLOAD,WARNING: heavy task offloaded (weight=0.39 >= 0.3),
1771436122.072,0.0,60.69,4.8177,0.893,20.9,2,13490.566,2.44821,0.02157,0.0000,1.0000,0.1468,0.0000,0.2157,0.1763,0.3259,WARNING,False,8,0,,,,,,
1771436122.072,0.0,60.17,4.8165,0.875,19.7,2,-5511.964,31.65136,0.02105,0.0000,0.0000,0.1524,0.0000,0.2105,0.1676,0.0744,SAFE,False,8,0,,,,,,
1771436122.072,0.0,,,,,,,,,,,,,,,0.0744,SAFE,,7,,t1220_0,0.47,NORMAL,LOCAL,SAFE: all tasks permitted (weight=0.47),
1771436122.072,0.0,,,,,,,,,,,,,,,0.0744,SAFE,,6,,t1220_1,0.58,NORMAL,LOCAL,SAFE: all tasks permitted (weight=0.58),
1771436122.072,0.0,60.34,4.7573,0.988,27.7,3,5454.071,-25.95623,0.02292,0.0000,1.0000,0.4212,1.0000,0.2292,0.2388,0.5754,WARNING,False,6,2,,,,,,
1771436122.072,0.0,60.43,4.8343,0.963,26.0,2,-5230.333,32.99818,0.02165,0.0000,0.0000,0.0712,0.0000,0.2165,0.2117,0.0732,SAFE,False,6,2,,,,,,
1771436122.072,0.0,60.38,4.8367,0.941,24.4,2,-16449.173,25.41307,0.02359,0.0000,0.0000,0.0604,0.0000,0.2359,0.2005,0.0715,SAFE,False,6,2,,,,,,
1771436122.072,0.0,59.81,4.8337,0.920,22.9,2,,,0.02255,0.0000,0.0000,0.0739,0.0000,0.2255,0.1900,0.0702,SAFE,False,6,2,,,,,,
1771436122.072,0.0,59.87,4.8234,0.901,21.5,2,,,0.02259,0.0000,0.0000,0.1209,0.0000,0.2259,0.1803,0.0744,SAFE,False,6,2,,,,,,
1771436122.072,0.0,59.90,4.8258,0.882,20.2,2,,,0.02147,0.0000,0.0000,0.1101,0.0000,0.2147,0.1712,0.0700,SAFE,False,6,2,,,,,,
1771436122.072,0.0,59.76,4.8448,0.866,19.0,1,,,0.02245,0.0000,0.0000,0.0238,0.0000,0.2245,0.1478,0.0551,SAFE,False,6,2,,,,,,
1771436122.072,0.0,59.31,4.8294,0.850,17.9,1,,,0.02256,0.0000,0.0000,0.0938,0.0000,0.2256,0.1400,0.0627,SAFE,False,6,2,,,,,,
1771436122.072,0.0,59.20,4.8425,0.835,16.8,1,,,0.02345,0.0000,0.0000,0.0342,0.0000,0.2345,0.1327,0.0544,SAFE,False,9,0,,,,,,window_reset|B=9
1771436122.072,0.0,59.16,4.8632,0.822,15.8,1,,,0.02437,0.0000,0.0000,0.0000,0.0000,0.2437,0.1259,0.0496,SAFE,False,9,0,,,,,,
1771436122.072,0.0,59.34,4.8649,0.809,14.9,1,,,0.02627,0.0000,0.0000,0.0000,0.0000,0.2627,0.1196,0.0502,SAFE,False,9,0,,,,,,
1771436122.072,0.0,58.65,4.8593,0.798,14.1,1,,,0.02695,0.0000,0.0000,0.0000,0.0000,0.2695,0.1138,0.0497,SAFE,False,9,0,,,,,,
1771436122.072,0.0,,,,,,,,,,,,,,,0.0497,SAFE,,8,,t1232_0,0.82,CRITICAL,LOCAL,SAFE: all tasks permitted (weight=0.82),
1771436122.072,0.0,58.77,4.8487,0.888,20.6,2,,,0.01368,0.0000,0.0000,0.0061,0.0000,0.1368,0.1739,0.0493,SAFE,False,8,1,,,,,,
1771436122.072,0.0,,,,,,,,,,,,,,,0.0493,SAFE,,7,,t1233_0,0.78,NORMAL,LOCAL,SAFE: all tasks permitted (weight=0.78),
1771436122.072,0.0,,,,,,,,,,,,,,,0.0493,SAFE,,6,,t1233_1,0.64,HIGH,LOCAL,SAFE: all tasks permitted (weight=0.64),
1771436122.072,0.0,59.00,4.8194,1.044,31.7,3,,,0.01496,0.0000,0.0000,0.1392,0.0000,0.1496,0.2672,0.0865,SAFE,False,6,3,,,,,,
1771436122.072,0.0,,,,,,,,,,,,,,,0.0865,SAFE,,5,,t1234_0,0.37,NORMAL,LOCAL,SAFE: all tasks permitted (weight=0.37),
1771436122.072,0.0,,,,,,,,,,,,,,,0.0865,SAFE,,4,,t1234_1,0.67,NORMAL,LOCAL,SAFE: all tasks permitted (weight=0.67),
1771436122.072,0.0,59.82,4.7572,1.144,38.8,4,,,0.02762,0.0000,0.0000,0.4216,0.0000,0.2762,0.3318,0.1488,SAFE,False,4,5,,,,,,
1771436122.072,0.0,,,,,,,,,,,,,,,0.1488,SAFE,,3,,t1235_0,0.38,NORMAL,LOCAL,SAFE: all tasks permitted (weight=0.38),
1771436122.072,0.0,60.07,4.7551,1.156,39.7,4,,,0.03526,0.0000,0.0000,0.4314,0.0000,0.3526,0.3378,0.1589,SAFE,False,3,6,,,,,,
1771436122.072,0.0,60.27,4.7479,1.120,37.1,4,,,0.04163,0.0000,0.0000,0.4640,0.0000,0.4163,0.3199,0.1659,SAFE,False,3,6,,,,,,
1771436122.072,0.0,,,,,,,,,,,,,,,0.1659,SAFE,,2,,t1237_0,0.33,HIGH,LOCAL,SAFE: all tasks permitted (weight=0.33),
1771436122.072,0.0,60.67,4.7536,1.127,37.7,4,,,0.04561,0.0000,0.0000,0.4383,0.0000,0.4561,0.3236,0.1673,SAFE,False,2,7,,,,,,
1771436122.072,0.0,,,,,,,,,,,,,,,0.1673,SAFE,,1,,t1238_0,0.55,HIGH,LOCAL,SAFE: all tasks permitted (weight=0.55),
1771436122.072,0.0,61.21,4.7260,1.161,40.1,4,,,0.05078,0.0000,0.0000,0.5637,0.0000,0.5078,0.3405,0.1922,SAFE,False,1,8,,,,,,
1771436122.072,0.0,,,,,,,,,,,,,,,0.1922,SAFE,,0,,t1239_0,0.76,LOW,LOCAL,SAFE: all tasks permitted (weight=0.76),
1771436122.072,0.0,60.80,4.7299,1.218,44.1,5,,,0.05422,0.0000,0.0000,0.5459,0.0000,0.5422,0.3840,0.2020,SAFE,False,0,9,,,,,,
1771436122.072,0.0,61.53,4.7276,1.178,41.3,4,,,0.05552,0.0000,0.0000,0.5562,0.0000,0.5552,0.3489,0.1976,SAFE,False,0,9,,,,,,
1771436122.072,0.0,61.61,4.7595,1.140,38.6,4,,,0.05099,0.0000,0.0000,0.4115,0.0000,0.5099,0.3301,0.1705,SAFE,False,0,9,,,,,,
1771436122.072,0.0,62.05,4.7910,1.105,36.1,4,,,0.04428,0.0000,0.0000,0.2681,0.0000,0.4428,0.3127,0.1417,SAFE,False,0,9,,,,,,
1771436122.072,0.0,,,,,,,,,,,,,,,0.1417,SAFE,,0,,t1243_0,0.23,NORMAL,OFFLOAD,"Budget exhausted (B=0), offloading. Original: SAFE: all tasks permitted (weight=0.23)",
1771436122.072,0.0,62.45,4.8212,1.073,33.8,3,,,0.03904,0.0000,0.0000,0.1307,0.0000,0.3904,0.2815,0.1123,SAFE,False,8,0,,,,,,window_reset|B=8
1771436122.072,0.0,62.30,4.7881,1.043,31.6,3,,,0.03175,0.0000,0.0000,0.2813,0.0000,0.3175,0.2664,0.1216,SAFE,False,8,0,,,,,,
1771436122.072,0.0,62.34,4.7583,1.015,29.6,3,,,0.02713,0.0000,0.0000,0.4167,0.0000,0.2713,0.2523,0.1318,SAFE,False,8,0,,,,,,
1771436122.072,0.0,62.56,4.8164,0.989,27.8,3,,,0.03131,0.0000,0.0000,0.1526,0.0000,0.3131,0.2393,0.0990,SAFE,False,8,0,,,,,,
1771436122.072,0.0,62.74,4.8062,0.964,26.0,2,,,0.03315,0.0000,0.0000,0.1991,0.0000,0.3315,0.2122,0.1015,SAFE,False,8,0,,,,,,
1771436122.073,0.0,,,,,,,,,,,,,,,0.1015,SAFE,,7,,t1248_0,0.76,NORMAL,LOCAL,SAFE: all tasks permitted (weight=0.76),
1771436122.073,0.0,62.79,4.7779,1.036,31.1,3,75272.781,50.02842,0.03261,0.0000,1.0000,0.3277,0.0000,0.3261,0.2628,0.3778,WARNING,False,7,1,,,,,,
1771436122.073,0.0,62.11,4.8015,1.008,29.1,3,29930.120,41.77505,0.03312,0.0000,1.0000,0.2207,0.0000,0.3312,0.2490,0.3616,WARNING,False,7,1,,,,,,
1771436122.073,0.0,62.87,4.8160,0.982,27.3,3,49298.435,24.87687,0.03124,0.0000,1.0000,0.1544,0.0000,0.3124,0.2362,0.3486,WARNING,False,7,1,,,,,,
1771436122.073,0.0,62.13,4.8067,0.959,25.6,2,-19158.588,-14.50575,0.02737,0.0000,0.0000,0.1970,1.0000,0.2737,0.2093,0.2948,WARNING,False,7,1,,,,,,
1771436122.073,0.0,,,,,,,,,,,,,,,0.2948,WARNING,,7,,t1252_0,0.36,HIGH,OFFLOAD,WARNING: heavy task offloaded (weight=0.36 >= 0.3),
1771436122.073,0.0,61.92,4.8347,0.936,24.0,2,-22535.744,46.39554,0.02294,0.0000,0.0000,0.0693,0.0000,0.2294,0.1982,0.0716,SAFE,False,7,1,,,,,,
1771436122.073,0.0,,,,,,,,,,,,,,,0.0716,SAFE,,6,,t1253_0,0.65,HIGH,LOCAL,SAFE: all tasks permitted (weight=0.65),
1771436122.073,0.0,,,,,,,,,,,,,,,0.0716,SAFE,,5,,t1253_1,0.45,NORMAL,LOCAL,SAFE: all tasks permitted (weight=0.45),
1771436122.073,0.0,62.81,4.7886,1.051,32.2,3,28320.972,30.15494,0.02009,0.0000,1.0000,0.2790,0.0000,0.2009,0.2706,0.3605,WARNING,False,5,3,,,,,,
1771436122.073,0.0,,,,,,,,,,,,,,,0.3605,WARNING,,5,,t1254_0,0.53,NORMAL,OFFLOAD,WARNING: heavy task offloaded (weight=0.53 >= 0.3),
1771436122.073,0.0,62.17,4.7728,1.023,30.2,3,-23071.926,-43.40479,0.02140,0.0000,0.0000,0.3509,1.0000,0.2140,0.2563,0.3183,WARNING,False,5,3,,,,,,
1771436122.073,0.0,,,,,,,,,,,,,,,0.3183,WARNING,,5,,t1255_0,0.70,HIGH,OFFLOAD,WARNING: heavy task offloaded (weight=0.70 >= 0.3),
1771436122.073,0.0,62.05,4.7860,0.996,28.3,3,-41240.358,-20.06878,0.02055,0.0000,0.0000,0.2908,1.0000,0.2055,0.2430,0.3069,WARNING,False,5,3,,,,,,
1771436122.073,0.0,62.56,4.8045,0.971,26.5,2,,,0.02052,0.0000,0.0000,0.2067,0.0000,0.2052,0.2156,0.0905,SAFE,False,5,3,,,,,,
1771436122.073,0.0,62.33,4.8225,0.948,24.9,2,,,0.01780,0.0000,0.0000,0.1251,0.0000,0.1780,0.2040,0.0749,SAFE,False,5,3,,,,,,
1771436122.073,0.0,62.00,4.8286,0.927,23.3,2,,,0.01886,0.0000,0.0000,0.0972,0.0000,0.1886,0.1933,0.0702,SAFE,False,9,0,,,,,,window_reset|B=9
1771436122.073,0.0,,,,,,,,,,,,,,,0.0702,SAFE,,8,,t1259_0,0.57,LOW,LOCAL,SAFE: all tasks permitted (weight=0.57),
1771436122.073,0.0,61.90,4.8109,0.977,26.9,2,,,0.01896,0.0000,0.0000,0.1777,0.0000,0.1896,0.2186,0.0858,SAFE,False,8,1,,,,,,
1771436122.073,0.0,61.80,4.8339,0.954,25.3,2,,,0.01879,0.0000,0.0000,0.0732,0.0000,0.1879,0.2068,0.0697,SAFE,False,8,1,,,,,,
1771436122.073,0.0,,,,,,,,,,,,,,,0.0697,SAFE,,7,,t1261_0,0.58,NORMAL,LOCAL,SAFE: all tasks permitted (weight=0.58),
1771436122.073,0.0,62.42,4.7971,1.003,28.8,3,,,0.01897,0.0000,0.0000,0.2406,0.0000,0.1897,0.2467,0.0996,SAFE,False,7,2,,,,,,
1771436122.073,0.0,62.71,4.7898,0.978,27.0,3,,,0.01949,0.0000,0.0000,0.2735,0.0000,0.1949,0.2340,0.1018,SAFE,False,7,2,,,,,,
1771436122.073,0.0,61.69,4.8442,0.955,25.3,2,,,0.02212,0.0000,0.0000,0.0262,0.0000,0.2212,0.2073,0.0670,SAFE,False,7,2,,,,,,
1771436122.073,0.0,,,,,,,,,,,,,,,0.0670,SAFE,,6,,t1264_0,0.41,LOW,LOCAL,SAFE: all tasks permitted (weight=0.41),
1771436122.073,0.0,,,,,,,,,,,,,,,0.0670,SAFE,,5,,t1264_1,0.61,NORMAL,LOCAL,SAFE: all tasks permitted (weight=0.61),
1771436122.073,0.0,62.19,4.7800,1.059,32.8,3,,,0.02208,0.0000,0.0000,0.3180,0.0000,0.2208,0.2745,0.1183,SAFE,False,5,4,,,,,,
1771436122.073,0.0,,,,,,,,,,,,,,,0.1183,SAFE,,4,,t1265_0,0.74,NORMAL,LOCAL,SAFE: all tasks permitted (weight=0.74),
1771436122.073,0.0,,,,,,,,,,,,,,,0.1183,SAFE,,3,,t1265_1,0.29,NORMAL,LOCAL,SAFE: all tasks permitted (weight=0.29),
1771436122.073,0.0,62.33,4.7383,1.157,39.8,4,,,0.02860,0.0000,0.0000,0.5077,0.0000,0.2860,0.3387,0.1623,SAFE,False,3,6,,,,,,
1771436122.073,0.0,62.70,4.7953,1.121,37.2,4,,,0.02742,0.0000,0.0000,0.2486,0.0000,0.2742,0.3206,0.1239,SAFE,False,3,6,,,,,,
1771436122.073,0.0,62.86,4.7912,1.088,34.8,3,,,0.02719,0.0000,0.0000,0.2672,0.0000,0.2719,0.2888,0.1197,SAFE,False,3,6,,,,,,
1771436122.073,0.0,,,,,,,,,,,,,,,0.1197,SAFE,,2,,t1268_0,0.56,HIGH,LOCAL,SAFE: all tasks permitted (weight=0.56),
1771436122.073,0.0,63.09,4.7617,1.126,37.6,4,,,0.02948,0.0000,0.0000,0.4015,0.0000,0.2948,0.3232,0.1463,SAFE,False,2,7,,,,,,
1771436122.073,0.0,,,,,,,,,,,,,,,0.1463,SAFE,,1,,t1269_0,0.53,HIGH,LOCAL,SAFE: all tasks permitted (weight=0.53),
1771436122.073,0.0,63.64,4.7407,1.158,39.9,4,,,0.03265,0.0000,0.0000,0.4966,0.0000,0.3265,0.3390,0.1650,SAFE,False,1,8,,,,,,
1771436122.073,0.0,,,,,,,,,,,,,,,0.1650,SAFE,,0,,t1270_0,0.79,NORMAL,LOCAL,SAFE: all tasks permitted (weight=0.79),
1771436122.073,0.0,64.10,4.6930,1.219,44.2,5,,,0.04072,0.0000,0.0000,0.7138,0.0000,0.4072,0.3847,0.2104,SAFE,False,0,9,,,,,,
1771436122.073,0.0,65.10,4.7168,1.179,41.4,4,,,0.04326,0.0064,0.0000,0.6055,0.0000,0.4326,0.3495,0.1926,SAFE,False,0,9,,,,,,
1771436122.073,0.0,,,,,,,,,,,,,,,0.1926,SAFE,,0,,t1272_0,0.84,HIGH,OFFLOAD,"Budget exhausted (B=0), offloading. Original: SAFE: all tasks permitted (weight=0.84)",
1771436122.073,0.0,64.21,4.7515,1.141,38.7,4,,,0.03950,0.0000,0.0000,0.4476,0.0000,0.3950,0.3307,0.1638,SAFE,False,0,9,,,,,,
1771436122.073,0.0,,,,,,,,,,,,,,,0.1638,SAFE,,0,,t1273_0,0.24,LOW,OFFLOAD,"Budget exhausted (B=0), offloading. Original: SAFE: all tasks permitted (weight=0.24)",
1771436122.073,0.0,65.00,4.7867,1.106,36.2,4,,,0.03894,0.0000,0.0000,0.2879,0.0000,0.3894,0.3132,0.1390,SAFE,False,8,0,,,,,,window_reset|B=8
1771436122.073,0.0,,,,,,,,,,,,,,,0.1390,SAFE,,7,,t1274_0,0.22,HIGH,LOCAL,SAFE: all tasks permitted (weight=0.22),
1771436122.073,0.0,64.68,4.7792,1.101,35.8,4,,,0.03850,0.0000,0.0000,0.3217,0.0000,0.3850,0.3106,0.1424,SAFE,False,7,1,,,,,,
1771436122.073,0.0,,,,,,,,,,,,,,,0.1424,SAFE,,6,,t1275_0,0.60,HIGH,LOCAL,SAFE: all tasks permitted (weight=0.60),
1771436122.073,0.0,,,,,,,,,,,,,,,0.1424,SAFE,,5,,t1275_1,0.34,NORMAL,LOCAL,SAFE: all tasks permitted (weight=0.34),
1771436122.073,0.0,65.38,4.7626,1.186,41.8,4,,,0.03019,0.0254,0.0000,0.3972,0.0000,0.3019,0.3528,0.1555,SAFE,False,5,3,,,,,,
1771436122.073,0.0,65.13,4.7768,1.148,39.1,4,,,0.03001,0.0084,0.0000,0.3329,0.0000,0.3001,0.3338,0.1411,SAFE,False,5,3,,,,,,
1771436122.074,0.0,65.28,4.7919,1.112,36.6,4,98207.773,51.20058,0.03075,0.0185,1.0000,0.2641,0.0000,0.3075,0.3161,0.3805,WARNING,False,5,3,,,,,,
1771436122.074,0.0,65.33,4.7895,1.079,34.2,3,74115.576,96.61151,0.03027,0.0222,1.0000,0.2750,0.0000,0.3027,0.2847,0.3756,WARNING,False,5,3,,,,,,
1771436122.074,0.0,,,,,,,,,,,,,,,0.3756,WARNING,,5,,t1279_0,0.36,CRITICAL,OFFLOAD,WARNING: heavy task offloaded (weight=0.36 >= 0.3),
1771436122.074,0.0,65.77,4.7859,1.049,32.1,3,40349.943,69.16075,0.02987,0.0512,1.0000,0.2913,0.0000,0.2987,0.2694,0.3778,WARNING,False,5,3,,,,,,
1771436122.074,0.0,65.51,4.7736,1.020,30.0,3,78179.860,22.13897,0.03007,0.0340,1.0000,0.3471,0.0000,0.3007,0.2551,0.3803,WARNING,False,5,3,,,,,,
1771436122.074,0.0,65.80,4.8237,0.994,28.1,3,47868.457,37.07505,0.03363,0.0531,1.0000,0.1195,0.0000,0.3363,0.2419,0.3539,WARNING,False,5,3,,,,,,
1771436122.074,0.0,65.10,4.8134,0.969,26.4,2,25272.431,34.25664,0.02660,0.0066,1.0000,0.1662,0.0000,0.2660,0.2146,0.3419,WARNING,False,5,3,,,,,,
1771436122.074,0.0,,,,,,,,,,,,,,,0.3419,WARNING,,5,,t1283_0,0.37,LOW,OFFLOAD,WARNING: heavy task offloaded (weight=0.37 >= 0.3),
1771436122.074,0.0,65.06,4.8126,0.946,24.7,2,-19210.518,50.00734,0.02027,0.0041,0.0000,0.1701,0.0000,0.2027,0.2031,0.0835,SAFE,False,5,3,,,,,,
1771436122.074,0.0,65.39,4.7937,0.925,23.2,2,16038.152,16.97993,0.01718,0.0262,1.0000,0.2558,0.0000,0.1718,0.1925,0.3421,WARNING,False,5,3,,,,,,
1771436122.074,0.0,,,,,,,,,,,,,,,0.3421,WARNING,,5,,t1285_0,0.73,HIGH,OFFLOAD,WARNING: heavy task offloaded (weight=0.73 >= 0.3),
1771436122.074,0.0,64.64,4.8246,0.905,21.8,2,,,0.01947,0.0000,0.0000,0.1152,0.0000,0.1947,0.1826,0.0710,SAFE,False,5,3,,,,,,
1771436122.074,0.0,,,,,,,,,,,,,,,0.0710,SAFE,,4,,t1286_0,0.65,NORMAL,LOCAL,SAFE: all tasks permitted (weight=0.65),
1771436122.074,0.0,64.89,4.8131,0.968,26.3,2,,,0.01958,0.0000,0.0000,0.1677,0.0000,0.1958,0.2141,0.0842,SAFE,False,4,4,,,,,,
1771436122.074,0.0,64.59,4.8161,0.945,24.7,2,,,0.01725,0.0000,0.0000,0.1540,0.0000,0.1725,0.2027,0.0778,SAFE,False,4,4,,,,,,
1771436122.074,0.0,64.17,4.8356,0.924,23.2,2,,,0.01793,0.0000,0.0000,0.0656,0.0000,0.1793,0.1921,0.0649,SAFE,False,9,0,,,,,,window_reset|B=9
1771436122.074,0.0,,,,,,,,,,,,,,,0.0649,SAFE,,8,,t1289_0,0.65,NORMAL,LOCAL,SAFE: all tasks permitted (weight=0.65),
1771436122.074,0.0,64.10,4.7975,0.986,27.6,3,,,0.01762,0.0000,0.0000,0.2384,0.0000,0.1762,0.2379,0.0962,SAFE,False,8,1,,,,,,
1771436122.074,0.0,63.86,4.8166,0.962,25.8,2,,,0.01701,0.0000,0.0000,0.1518,0.0000,0.1701,0.2109,0.0789,SAFE,False,8,1,,,,,,
1771436122.074,0.0,64.34,4.8478,0.939,24.2,2,,,0.01858,0.0000,0.0000,0.0099,0.0000,0.1858,0.1997,0.0598,SAFE,False,8,1,,,,,,
1771436122.074,0.0,64.01,4.8434,0.919,22.8,2,,,0.01572,0.0000,0.0000,0.0300,0.0000,0.1572,0.1893,0.0575,SAFE,False,8,1,,,,,,
1771436122.074,0.0,,,,,,,,,,,,,,,0.0575,SAFE,,7,,t1293_0,0.83,CRITICAL,LOCAL,SAFE: all tasks permitted (weight=0.83),
1771436122.074,0.0,63.80,4.8132,1.003,28.8,3,,,0.01577,0.0000,0.0000,0.1675,0.0000,0.1577,0.2465,0.0868,SAFE,False,7,2,,,,,,
1771436122.074,0.0,64.35,4.7800,0.978,27.0,2,,,0.01911,0.0000,0.0000,0.3184,0.0000,0.1911,0.2189,0.1043,SAFE,False,7,2,,,,,,
1771436122.074,0.0,64.13,4.8315,0.954,25.3,2,,,0.01953,0.0000,0.0000,0.0840,0.0000,0.1953,0.2071,0.0719,SAFE,False,7,2,,,,,,
1771436122.074,0.0,,,,,,,,,,,,,,,0.0719,SAFE,,6,,t1296_0,0.42,HIGH,LOCAL,SAFE: all tasks permitted (weight=0.42),
1771436122.074,0.0,64.23,4.8451,0.985,27.5,3,,,0.01942,0.0000,0.0000,0.0222,0.0000,0.1942,0.2376,0.0698,SAFE,False,6,3,,,,,,
1771436122.074,0.0,64.32,4.8064,0.961,25.8,2,,,0.01987,0.0000,0.0000,0.1982,0.0000,0.1987,0.2106,0.0878,SAFE,False,6,3,,,,,,
1771436122.074,0.0,,,,,,,,,,,,,,,0.0878,SAFE,,5,,t1298_0,0.70,NORMAL,LOCAL,SAFE: all tasks permitted (weight=0.70),
1771436122.074,0.0,63.74,4.8027,1.026,30.5,3,,,0.02039,0.0000,0.0000,0.2150,0.0000,0.2039,0.2582,0.1000,SAFE,False,5,4,,,,,,
1771436122.074,0.0,64.13,4.8071,0.999,28.5,3,,,0.02068,0.0000,0.0000,0.1952,0.0000,0.2068,0.2447,0.0950,SAFE,False,5,4,,,,,,
1771436122.074,0.0,,,,,,,,,,,,,,,0.0950,SAFE,,4,,t1300_0,0.70,HIGH,LOCAL,SAFE: all tasks permitted (weight=0.70),
1771436122.074,0.0,64.14,4.8231,1.062,33.0,3,,,0.02012,0.0000,0.0000,0.1224,0.0000,0.2012,0.2758,0.0912,SAFE,False,4,5,,,,,,
1771436122.074,0.0,63.69,4.7949,1.032,30.9,3,,,0.02035,0.0000,0.0000,0.2505,0.0000,0.2035,0.2611,0.1052,SAFE,False,4,5,,,,,,
1771436122.074,0.0,,,,,,,,,,,,,,,0.1052,SAFE,,3,,t1302_0,0.79,NORMAL,LOCAL,SAFE: all tasks permitted (weight=0.79),
1771436122.074,0.0,64.44,4.7673,1.103,36.0,4,,,0.02467,0.0000,0.0000,0.3760,0.0000,0.2467,0.3117,0.1359,SAFE,False,3,6,,,,,,
1771436122.075,0.0,63.73,4.7735,1.071,33.6,3,-24053.099,-57.91490,0.02461,0.0000,0.0000,0.3477,1.0000,0.2461,0.2805,0.3259,WARNING,False,6,0,,,,,,window_reset|B=6
1771436122.075,0.0,,,,,,,,,,,,,,,0.3259,WARNING,,6,,t1304_0,0.48,NORMAL,OFFLOAD,WARNING: heavy task offloaded (weight=0.48 >= 0.3),
1771436122.075,0.0,64.31,4.8114,1.041,31.5,3,4844.720,-33.62772,0.02217,0.0000,1.0000,0.1753,1.0000,0.2217,0.2655,0.5481,WARNING,False,6,0,,,,,,
1771436122.075,0.0,64.18,4.7817,1.013,29.5,3,-8169.264,-24.68490,0.02287,0.0000,0.0000,0.3106,1.0000,0.2287,0.2515,0.3136,WARNING,False,6,0,,,,,,
1771436122.075,0.0,64.49,4.7845,0.987,27.7,3,44616.400,-18.16231,0.02253,0.0000,1.0000,0.2977,1.0000,0.2253,0.2386,0.5589,CRITICAL,False,6,0,,,,,,
1771436122.075,0.0,64.52,4.7988,0.963,25.9,2,23352.076,-8.28705,0.02076,0.0000,1.0000,0.2329,1.0000,0.2076,0.2115,0.5433,CRITICAL,False,6,0,,,,,,
1771436122.075,0.0,64.34,4.8026,0.940,24.3,2,11710.359,-20.48604,0.01572,0.0000,1.0000,0.2156,1.0000,0.1572,0.2002,0.5338,CRITICAL,False,6,0,,,,,,
1771436122.075,0.0,63.67,4.8114,0.920,22.8,2,-925.162,16.47959,0.01605,0.0000,0.0000,0.1755,0.0000,0.1605,0.1898,0.0768,WARNING,False,6,0,,,,,,
1771436122.075,0.0,63.83,4.8354,0.900,21.4,2,-36456.798,68.02918,0.01931,0.0000,0.0000,0.0662,0.0000,0.1931,0.1801,0.0639,SAFE,False,6,0,,,,,,
1771436122.075,0.0,,,,,,,,,,,,,,,0.0639,SAFE,,5,,t1311_0,0.28,LOW,LOCAL,SAFE: all tasks permitted (weight=0.28),
1771436122.075,0.0,63.67,4.8357,0.917,22.7,2,,,0.02173,0.0000,0.0000,0.0652,0.0000,0.2173,0.1887,0.0679,SAFE,False,5,1,,,,,,
1771436122.075,0.0,,,,,,,,,,,,,,,0.0679,SAFE,,4,,t1312_0,0.44,HIGH,LOCAL,SAFE: all tasks permitted (weight=0.44),
1771436122.075,0.0,63.51,4.8056,0.954,25.3,2,,,0.02082,0.0000,0.0000,0.2017,0.0000,0.2082,0.2068,0.0884,SAFE,False,4,2,,,,,,
1771436122.075,0.0,63.61,4.7945,0.932,23.7,2,,,0.02083,0.0000,0.0000,0.2522,0.0000,0.2083,0.1959,0.0928,SAFE,False,4,2,,,,,,
1771436122.075,0.0,63.08,4.8275,0.911,22.2,2,,,0.01951,0.0000,0.0000,0.1021,0.0000,0.1951,0.1857,0.0699,SAFE,False,4,2,,,,,,
1771436122.075,0.0,,,,,,,,,,,,,,,0.0699,SAFE,,3,,t1315_0,0.82,LOW,LOCAL,SAFE: all tasks permitted (weight=0.82),
1771436122.075,0.0,63.31,4.7983,0.996,28.3,3,,,0.01722,0.0000,0.0000,0.2348,0.0000,0.1722,0.2429,0.0963,SAFE,False,3,3,,,,,,
1771436122.075,0.0,63.08,4.8037,0.971,26.5,2,,,0.01719,0.0000,0.0000,0.2102,0.0000,0.1719,0.2155,0.0876,SAFE,False,3,3,,,,,,
1771436122.075,0.0,,,,,,,,,,,,,,,0.0876,SAFE,,2,,t1317_0,0.74,CRITICAL,LOCAL,SAFE: all tasks permitted (weight=0.74),
1771436122.075,0.0,63.69,4.7942,1.041,31.5,3,,,0.01598,0.0000,0.0000,0.2536,0.0000,0.1598,0.2653,0.1020,SAFE,False,2,4,,,,,,
1771436122.075,0.0,63.33,4.8079,1.013,29.5,3,,,0.01438,0.0000,0.0000,0.1912,0.0000,0.1438,0.2514,0.0895,SAFE,False,9,0,,,,,,window_reset|B=9
1771436122.075,0.0,63.01,4.7903,0.987,27.6,3,,,0.01509,0.0000,0.0000,0.2715,0.0000,0.1509,0.2384,0.0981,SAFE,False,9,0,,,,,,
1771436122.075,0.0,,,,,,,,,,,,,,,0.0981,SAFE,,8,,t1320_0,0.44,HIGH,LOCAL,SAFE: all tasks permitted (weight=0.44),
1771436122.075,0.0,63.28,4.7671,1.019,29.9,3,,,0.01901,0.0000,0.0000,0.3766,0.0000,0.1901,0.2543,0.1188,SAFE,False,8,1,,,,,,
1771436122.075,0.0,63.64,4.8120,0.992,28.0,3,,,0.01902,0.0000,0.0000,0.1728,0.0000,0.1902,0.2411,0.0897,SAFE,False,8,1,,,,,,
1771436122.075,0.0,63.43,4.8016,0.968,26.3,2,,,0.01684,0.0000,0.0000,0.2200,0.0000,0.1684,0.2138,0.0882,SAFE,False,8,1,,,,,,
1771436122.075,0.0,,,,,,,,,,,,,,,0.0882,SAFE,,7,,t1323_0,0.32,HIGH,LOCAL,SAFE: all tasks permitted (weight=0.32),
1771436122.075,0.0,,,,,,,,,,,,,,,0.0882,SAFE,,6,,t1323_1,0.68,LOW,LOCAL,SAFE: all tasks permitted (weight=0.68),
1771436122.075,0.0,63.00,4.7583,1.071,33.7,3,,,0.01795,0.0000,0.0000,0.4167,0.0000,0.1795,0.2806,0.1282,SAFE,False,6,3,,,,,,
1771436122.075,0.0,63.69,4.8128,1.041,31.5,3,,,0.01835,0.0000,0.0000,0.1691,0.0000,0.1835,0.2655,0.0934,SAFE,False,6,3,,,,,,
1771436122.075,0.0,63.49,4.7794,1.013,29.5,3,,,0.01901,0.0000,0.0000,0.3208,0.0000,0.1901,0.2516,0.1110,SAFE,False,6,3,,,,,,
1771436122.075,0.0,,,,,,,,,,,,,,,0.1110,SAFE,,5,,t1326_0,0.51,NORMAL,LOCAL,SAFE: all tasks permitted (weight=0.51),
1771436122.075,0.0,,,,,,,,,,,,,,,0.1110,SAFE,,4,,t1326_1,0.56,NORMAL,LOCAL,SAFE: all tasks permitted (weight=0.56),
1771436122.075,0.0,63.56,4.7557,1.122,37.3,4,,,0.01947,0.0000,0.0000,0.4285,0.0000,0.1947,0.3209,0.1394,SAFE,False,4,5,,,,,,
1771436122.075,0.0,,,,,,,,,,,,,,,0.1394,SAFE,,3,,t1327_0,0.39,HIGH,LOCAL,SAFE: all tasks permitted (weight=0.39),
1771436122.075,0.0,64.13,4.7675,1.138,38.4,4,,,0.02023,0.0000,0.0000,0.3750,0.0000,0.2023,0.3288,0.1347,SAFE,False,3,6,,,,,,
1771436122.075,0.0,63.83,4.7685,1.103,35.9,4,,,0.02023,0.0000,0.0000,0.3703,0.0000,0.2023,0.3114,0.1307,SAFE,False,3,6,,,,,,
1771436122.075,0.0,64.53,4.7914,1.071,33.6,3,,,0.02013,0.0000,0.0000,0.2665,0.0000,0.2013,0.2803,0.1108,SAFE,False,3,6,,,,,,
1771436122.075,0.0,,,,,,,,,,,,,,,0.1108,SAFE,,2,,t1330_0,0.84,HIGH,LOCAL,SAFE: all tasks permitted (weight=0.84),
1771436122.075,0.0,64.99,4.7657,1.146,39.0,4,,,0.01938,0.0000,0.0000,0.3833,0.0000,0.1938,0.3331,0.1358,SAFE,False,2,7,,,,,,
1771436122.075,0.0,64.90,4.7824,1.111,36.5,4,,,0.01918,0.0000,0.0000,0.3071,0.0000,0.1918,0.3155,0.1222,SAFE,False,2,7,,,,,,
1771436122.075,0.0,64.31,4.7542,1.078,34.2,3,,,0.02023,0.0000,0.0000,0.4356,0.0000,0.2023,0.2841,0.1337,SAFE,False,2,7,,,,,,
1771436122.075,0.0,64.88,4.7575,1.048,32.0,3,,,0.01837,0.0000,0.0000,0.4203,0.0000,0.1837,0.2688,0.1268,SAFE,False,8,0,,,,,,window_reset|B=8
1771436122.075,0.0,,,,,,,,,,,,,,,0.1268,SAFE,,7,,t1334_0,0.64,HIGH,LOCAL,SAFE: all tasks permitted (weight=0.64),
1771436122.075,0.0,64.89,4.7741,1.100,35.7,4,,,0.01648,0.0000,0.0000,0.3449,0.0000,0.1648,0.3100,0.1233,SAFE,False,7,1,,,,,,
1771436122.076,0.0,65.11,4.8146,1.068,33.4,3,58654.163,47.15672,0.01955,0.0070,1.0000,0.1609,0.0000,0.1955,0.2790,0.3471,WARNING,False,7,1,,,,,,
1771436122.076,0.0,64.77,4.8064,1.038,31.3,3,56842.406,37.88740,0.01863,0.0000,1.0000,0.1983,0.0000,0.1863,0.2641,0.3472,WARNING,False,7,1,,,,,,
1771436122.076,0.0,,,,,,,,,,,,,,,0.3472,WARNING,,7,,t1337_0,0.58,LOW,OFFLOAD,WARNING: heavy task offloaded (weight=0.58 >= 0.3),
1771436122.076,0.0,65.08,4.7683,1.010,29.3,3,33325.759,-23.14119,0.01874,0.0055,1.0000,0.3716,1.0000,0.1874,0.2502,0.5677,CRITICAL,False,7,1,,,,,,
1771436122.076,0.0,65.21,4.8194,0.985,27.5,3,13436.739,53.82305,0.02124,0.0143,1.0000,0.1389,0.0000,0.2124,0.2373,0.3385,WARNING,False,7,1,,,,,,
1771436122.076,0.0,,,,,,,,,,,,,,,0.3385,WARNING,,7,,t1339_0,0.50,CRITICAL,OFFLOAD,WARNING: heavy task offloaded (weight=0.50 >= 0.3),
1771436122.076,0.0,65.04,4.8007,0.961,25.8,2,8165.218,18.25377,0.02148,0.0027,1.0000,0.2243,0.0000,0.2148,0.2103,0.3430,WARNING,False,7,1,,,,,,
1771436122.076,0.0,,,,,,,,,,,,,,,0.3430,WARNING,,7,,t1340_0,0.40,NORMAL,OFFLOAD,WARNING: heavy task offloaded (weight=0.40 >= 0.3),
1771436122.076,0.0,64.59,4.8243,0.938,24.2,2,16514.251,70.23130,0.02364,0.0000,1.0000,0.1168,0.0000,0.2364,0.1992,0.3287,WARNING,False,7,1,,,,,,
1771436122.076,0.0,,,,,,,,,,,,,,,0.3287,WARNING,,7,,t1341_0,0.64,HIGH,OFFLOAD,WARNING: heavy task offloaded (weight=0.64 >= 0.3),
1771436122.076,0.0,64.68,4.8029,0.918,22.7,2,-12214.910,45.43321,0.02398,0.0000,0.0000,0.2141,0.0000,0.2398,0.1888,0.0896,SAFE,False,7,1,,,,,,
1771436122.076,0.0,64.82,4.8311,0.898,21.3,2,-4463.675,57.04491,0.02541,0.0000,0.0000,0.0859,0.0000,0.2541,0.1792,0.0724,SAFE,False,7,1,,,,,,
1771436122.076,0.0,64.04,4.8501,0.880,20.0,2,,,0.02929,0.0000,0.0000,0.0000,0.0000,0.2929,0.1702,0.0633,SAFE,False,7,1,,,,,,
1771436122.076,0.0,,,,,,,,,,,,,,,0.0633,SAFE,,6,,t1344_0,0.36,NORMAL,LOCAL,SAFE: all tasks permitted (weight=0.36),
1771436122.076,0.0,,,,,,,,,,,,,,,0.0633,SAFE,,5,,t1344_1,0.37,HIGH,LOCAL,SAFE: all tasks permitted (weight=0.37),
1771436122.076,0.0,63.93,4.8031,0.955,25.4,2,,,0.02578,0.0000,0.0000,0.2133,0.0000,0.2578,0.2076,0.0950,SAFE,False,5,3,,,,,,
1771436122.076,0.0,,,,,,,,,,,,,,,0.0950,SAFE,,4,,t1345_0,0.54,LOW,LOCAL,SAFE: all tasks permitted (weight=0.54),
1771436122.076,0.0,63.80,4.8076,1.002,28.7,3,,,0.02156,0.0000,0.0000,0.1929,0.0000,0.2156,0.2461,0.0959,SAFE,False,4,4,,,,,,
1771436122.076,0.0,,,,,,,,,,,,,,,0.0959,SAFE,,3,,t1346_0,0.38,NORMAL,LOCAL,SAFE: all tasks permitted (weight=0.38),
1771436122.076,0.0,63.88,4.7641,1.025,30.3,3,,,0.02303,0.0000,0.0000,0.3905,0.0000,0.2303,0.2573,0.1253,SAFE,False,3,5,,,,,,
1771436122.076,0.0,64.14,4.7792,0.998,28.4,3,,,0.02419,0.0000,0.0000,0.3217,0.0000,0.2419,0.2439,0.1148,SAFE,False,3,5,,,,,,
1771436122.076,0.0,63.80,4.8029,0.973,26.6,2,,,0.02419,0.0000,0.0000,0.2141,0.0000,0.2419,0.2165,0.0953,SAFE,False,9,0,,,,,,window_reset|B=9
1771436122.076,0.0,63.65,4.8377,0.950,25.0,2,,,0.02312,0.0000,0.0000,0.0557,0.0000,0.2312,0.2049,0.0713,SAFE,False,9,0,,,,,,
1771436122.076,0.0,64.06,4.8018,0.928,23.4,2,,,0.02305,0.0000,0.0000,0.2193,0.0000,0.2305,0.1941,0.0904,SAFE,False,9,0,,,,,,
1771436122.076,0.0,,,,,,,,,,,,,,,0.0904,SAFE,,8,,t1351_0,0.28,NORMAL,LOCAL,SAFE: all tasks permitted (weight=0.28),
1771436122.076,0.0,63.24,4.8255,0.944,24.6,2,,,0.02334,0.0000,0.0000,0.1112,0.0000,0.2334,0.2019,0.0782,SAFE,False,8,1,,,,,,
1771436122.076,0.0,63.62,4.8402,0.923,23.1,2,,,0.02449,0.0000,0.0000,0.0446,0.0000,0.2449,0.1914,0.0686,SAFE,False,8,1,,,,,,
1771436122.077,0.0,62.94,4.8211,0.903,21.7,2,-67139.715,17.64217,0.02443,0.0000,0.0000,0.1313,0.0000,0.2443,0.1816,0.0778,SAFE,False,8,1,,,,,,
1771436122.077,0.0,,,,,,,,,,,,,,,0.0778,SAFE,,7,,t1354_0,0.56,NORMAL,LOCAL,SAFE: all tasks permitted (weight=0.56),
1771436122.077,0.0,,,,,,,,,,,,,,,0.0778,SAFE,,6,,t1354_1,0.71,LOW,LOCAL,SAFE: all tasks permitted (weight=0.71),
1771436122.077,0.0,63.88,4.8289,1.047,31.9,3,422.477,84.24431,0.02431,0.0000,1.0000,0.0961,0.0000,0.2431,0.2684,0.3405,WARNING,False,6,3,,,,,,
1771436122.077,0.0,,,,,,,,,,,,,,,0.3405,WARNING,,6,,t1355_0,0.34,HIGH,OFFLOAD,WARNING: heavy task offloaded (weight=0.34 >= 0.3),
1771436122.077,0.0,63.64,4.8008,1.018,29.9,3,-39079.358,28.07334,0.02181,0.0000,0.0000,0.2236,0.0000,0.2181,0.2542,0.1017,SAFE,False,6,3,,,,,,
1771436122.077,0.0,63.39,4.8050,0.992,28.0,3,-31792.449,2.70998,0.02177,0.0000,0.0000,0.2046,0.0000,0.2177,0.2410,0.0966,SAFE,False,6,3,,,,,,
1771436122.077,0.0,63.51,4.8120,0.968,26.3,2,-11316.343,-33.43876,0.02177,0.0000,0.0000,0.1725,1.0000,0.2177,0.2138,0.2870,WARNING,False,6,3,,,,,,
1771436122.077,0.0,63.76,4.8141,0.945,24.6,2,-23262.962,16.08085,0.01682,0.0000,0.0000,0.1631,0.0000,0.1682,0.2024,0.0785,SAFE,False,6,3,,,,,,
1771436122.077,0.0,63.12,4.8002,0.924,23.1,2,-9515.669,-32.95757,0.01395,0.0000,0.0000,0.2264,1.0000,0.1395,0.1918,0.2817,WARNING,False,6,3,,,,,,
1771436122.077,0.0,63.25,4.8065,0.904,21.7,2,-28846.801,-43.88555,0.01371,0.0000,0.0000,0.1979,1.0000,0.1371,0.1819,0.2758,WARNING,False,6,3,,,,,,
1771436122.077,0.0,,,,,,,,,,,,,,,0.2758,WARNING,,6,,t1361_0,0.64,HIGH,OFFLOAD,WARNING: heavy task offloaded (weight=0.64 >= 0.3),
1771436122.077,0.0,63.01,4.8570,0.886,20.4,2,,,0.01689,0.0000,0.0000,0.0000,0.0000,0.1689,0.1728,0.0514,SAFE,False,6,3,,,,,,
1771436122.077,0.0,,,,,,,,,,,,,,,0.0514,SAFE,,5,,t1362_0,0.81,LOW,LOCAL,SAFE: all tasks permitted (weight=0.81),
1771436122.077,0.0,62.83,4.8141,0.971,26.5,2,,,0.01625,0.0000,0.0000,0.1632,0.0000,0.1625,0.2156,0.0806,SAFE,False,5,4,,,,,,
1771436122.077,0.0,62.56,4.8142,0.948,24.9,2,,,0.01616,0.0000,0.0000,0.1626,0.0000,0.1616,0.2041,0.0781,SAFE,False,9,0,,,,,,window_reset|B=9
1771436122.077,0.0,62.89,4.7602,0.927,23.3,2,,,0.02127,0.0000,0.0000,0.4084,0.0000,0.2127,0.1934,0.1130,SAFE,False,9,0,,,,,,
1771436122.077,0.0,63.05,4.8261,0.907,21.9,2,,,0.02151,0.0000,0.0000,0.1086,0.0000,0.2151,0.1834,0.0723,SAFE,False,9,0,,,,,,
1771436122.077,0.0,,,,,,,,,,,,,,,0.0723,SAFE,,8,,t1366_0,0.71,CRITICAL,LOCAL,SAFE: all tasks permitted (weight=0.71),
1771436122.077,0.0,62.21,4.8213,0.979,27.1,3,,,0.02110,0.0000,0.0000,0.1304,0.0000,0.2110,0.2347,0.0850,SAFE,False,8,1,,,,,,
1771436122.077,0.0,62.46,4.8067,0.956,25.4,2,,,0.02092,0.0000,0.0000,0.1967,0.0000,0.2092,0.2079,0.0881,SAFE,False,8,1,,,,,,
1771436122.077,0.0,,,,,,,,,,,,,,,0.0881,SAFE,,7,,t1368_0,0.75,HIGH,LOCAL,SAFE: all tasks permitted (weight=0.75),
1771436122.077,0.0,62.43,4.8262,1.030,30.7,3,,,0.02120,0.0000,0.0000,0.1081,0.0000,0.2120,0.2600,0.0873,SAFE,False,7,2,,,,,,
1771436122.077,0.0,62.13,4.8386,1.003,28.8,3,,,0.02231,0.0000,0.0000,0.0520,0.0000,0.2231,0.2465,0.0784,SAFE,False,7,2,,,,,,
1771436122.077,0.0,62.41,4.7999,0.978,27.0,2,,,0.02273,0.0000,0.0000,0.2277,0.0000,0.2273,0.2188,0.0961,SAFE,False,7,2,,,,,,
1771436122.077,0.0,62.30,4.8072,0.954,25.3,2,,,0.02244,0.0000,0.0000,0.1944,0.0000,0.2244,0.2071,0.0891,SAFE,False,7,2,,,,,,
1771436122.077,0.0,,,,,,,,,,,,,,,0.0891,SAFE,,6,,t1372_0,0.73,LOW,LOCAL,SAFE: all tasks permitted (weight=0.73),
1771436122.077,0.0,62.67,4.7972,1.025,30.4,3,,,0.02287,0.0000,0.0000,0.2398,0.0000,0.2287,0.2576,0.1056,SAFE,False,6,3,,,,,,
1771436122.077,0.0,63.11,4.7895,0.998,28.5,3,,,0.01971,0.0000,0.0000,0.2749,0.0000,0.1971,0.2442,0.1043,SAFE,False,6,3,,,,,,
1771436122.077,0.0,,,,,,,,,,,,,,,0.1043,SAFE,,5,,t1374_0,0.23,HIGH,LOCAL,SAFE: all tasks permitted (weight=0.23),
1771436122.077,0.0,63.02,4.7750,1.003,28.8,3,,,0.02164,0.0000,0.0000,0.3411,0.0000,0.2164,0.2466,0.1153,SAFE,False,5,4,,,,,,
1771436122.077,0.0,,,,,,,,,,,,,,,0.1153,SAFE,,4,,t1375_0,0.56,NORMAL,LOCAL,SAFE: all tasks permitted (weight=0.56),
1771436122.077,0.0,62.47,4.7375,1.050,32.2,3,,,0.02833,0.0000,0.0000,0.5114,0.0000,0.2833,0.2701,0.1488,SAFE,False,4,5,,,,,,
1771436122.077,0.0,62.86,4.7610,1.022,30.1,3,,,0.02823,0.0000,0.0000,0.4046,0.0000,0.2823,0.2558,0.1320,SAFE,False,4,5,,,,,,
1771436122.077,0.0,62.48,4.8060,0.995,28.2,3,,,0.02714,0.0000,0.0000,0.2000,0.0000,0.2714,0.2425,0.1016,SAFE,False,4,5,,,,,,
1771436122.077,0.0,,,,,,,,,,,,,,,0.1016,SAFE,,3,,t1378_0,0.34,HIGH,LOCAL,SAFE: all tasks permitted (weight=0.34),
1771436122.077,0.0,62.99,4.7975,1.014,29.6,3,,,0.02616,0.0000,0.0000,0.2384,0.0000,0.2616,0.2521,0.1076,SAFE,False,8,0,,,,,,window_reset|B=8
1771436122.077,0.0,62.20,4.7597,0.988,27.7,3,,,0.02762,0.0000,0.0000,0.4104,0.0000,0.2762,0.2390,0.1288,SAFE,False,8,0,,,,,,
1771436122.077,0.0,,,,,,,,,,,,,,,0.1288,SAFE,,7,,t1380_0,0.28,HIGH,LOCAL,SAFE: all tasks permitted (weight=0.28),
1771436122.077,0.0,62.89,4.8153,1.000,28.5,3,,,0.02662,0.0000,0.0000,0.1575,0.0000,0.2662,0.2448,0.0961,SAFE,False,7,1,,,,,,
1771436122.077,0.0,62.79,4.8075,0.975,26.8,2,,,0.02308,0.0000,0.0000,0.1932,0.0000,0.2308,0.2173,0.0917,SAFE,False,7,1,,,,,,
1771436122.077,0.0,,,,,,,,,,,,,,,0.0917,SAFE,,6,,t1382_0,0.83,NORMAL,LOCAL,SAFE: all tasks permitted (weight=0.83),
1771436122.077,0.0,62.95,4.7917,1.058,32.7,3,,,0.02283,0.0000,0.0000,0.2650,0.0000,0.2283,0.2739,0.1121,SAFE,False,6,2,,,,,,
1771436122.077,0.0,63.07,4.7846,1.029,30.6,3,,,0.02201,0.0000,0.0000,0.2974,0.0000,0.2201,0.2594,0.1126,SAFE,False,6,2,,,,,,
1771436122.077,0.0,62.75,4.8018,1.002,28.7,3,,,0.02225,0.0000,0.0000,0.2193,0.0000,0.2225,0.2458,0.0999,SAFE,False,6,2,,,,,,
1771436122.077,0.0,62.92,4.8506,0.977,26.9,2,,,0.02863,0.0000,0.0000,0.0000,0.0000,0.2863,0.2183,0.0723,SAFE,False,6,2,,,,,,
1771436122.077,0.0,63.23,4.8036,0.953,25.2,2,,,0.02841,0.0000,0.0000,0.2111,0.0000,0.2841,0.2065,0.0972,SAFE,False,6,2,,,,,,
1771436122.078,0.0,,,,,,,,,,,,,,,0.0972,SAFE,,5,,t1387_0,0.36,HIGH,LOCAL,SAFE: all tasks permitted (weight=0.36),
1771436122.078,0.0,62.86,4.7702,0.977,26.9,2,39261.588,10.44065,0.02421,0.0000,1.0000,0.3627,0.0000,0.2421,0.2185,0.3651,WARNING,False,5,3,,,,,,
1771436122.078,0.0,62.92,4.8260,0.954,25.3,2,1342.264,10.60554,0.02306,0.0000,1.0000,0.1091,0.0000,0.2306,0.2068,0.3286,WARNING,False,5,3,,,,,,
1771436122.078,0.0,,,,,,,,,,,,,,,0.3286,WARNING,,4,,t1389_0,0.27,LOW,LOCAL,WARNING: lightweight task permitted (weight=0.27 < 0.3),
1771436122.078,0.0,62.89,4.8175,0.966,26.2,2,5722.418,9.98341,0.02348,0.0000,1.0000,0.1477,0.0000,0.2348,0.2131,0.3353,WARNING,False,4,4,,,,,,
1771436122.078,0.0,62.53,4.7938,0.944,24.5,2,-25184.656,2.09207,0.02356,0.0000,0.0000,0.2554,0.0000,0.2356,0.2018,0.0971,SAFE,False,4,4,,,,,,
1771436122.078,0.0,,,,,,,,,,,,,,,0.0971,SAFE,,3,,t1391_0,0.72,HIGH,LOCAL,SAFE: all tasks permitted (weight=0.72),
1771436122.078,0.0,62.81,4.7723,1.014,29.6,3,-15440.559,-12.18399,0.02188,0.0000,0.0000,0.3530,1.0000,0.2188,0.2522,0.3182,WARNING,False,3,5,,,,,,
1771436122.078,0.0,,,,,,,,,,,,,,,0.3182,WARNING,,3,,t1392_0,0.54,LOW,OFFLOAD,WARNING: heavy task offloaded (weight=0.54 >= 0.3),
1771436122.078,0.0,62.36,4.8058,0.988,27.7,3,-23639.315,4.00081,0.02158,0.0000,0.0000,0.2010,0.0000,0.2158,0.2391,0.0955,SAFE,False,3,5,,,,,,
1771436122.078,0.0,63.37,4.8072,0.964,26.0,2,26982.883,-43.22154,0.02158,0.0000,1.0000,0.1946,1.0000,0.2158,0.2120,0.5393,WARNING,False,4,0,,,,,,window_reset|B=4
1771436122.078,0.0,61.79,4.8203,0.941,24.4,2,-86552.127,16.65474,0.02187,0.0000,0.0000,0.1351,0.0000,0.2187,0.2007,0.0796,SAFE,False,4,0,,,,,,
1771436122.078,0.0,62.50,4.8357,0.921,22.9,2,,,0.02256,0.0000,0.0000,0.0649,0.0000,0.2256,0.1903,0.0690,SAFE,False,4,0,,,,,,
1771436122.078,0.0,62.90,4.8399,0.901,21.5,2,,,0.02399,0.0000,0.0000,0.0460,0.0000,0.2399,0.1805,0.0661,SAFE,False,4,0,,,,,,
1771436122.078,0.0,,,,,,,,,,,,,,,0.0661,SAFE,,3,,t1397_0,0.37,LOW,LOCAL,SAFE: all tasks permitted (weight=0.37),
1771436122.078,0.0,61.96,4.8160,0.931,23.6,2,,,0.02107,0.0000,0.0000,0.1547,0.0000,0.2107,0.1953,0.0803,SAFE,False,3,1,,,,,,
1771436122.078,0.0,,,,,,,,,,,,,,,0.0803,SAFE,,2,,t1398_0,0.46,LOW,LOCAL,SAFE: all tasks permitted (weight=0.46),
1771436122.078,0.0,62.21,4.7990,0.969,26.4,2,,,0.02121,0.0000,0.0000,0.2318,0.0000,0.2121,0.2147,0.0943,SAFE,False,2,2,,,,,,
1771436122.078,0.0,,,,,,,,,,,,,,,0.0943,SAFE,,1,,t1399_0,0.66,NORMAL,LOCAL,SAFE: all tasks permitted (weight=0.66),
1771436122.078,0.0,62.26,4.7708,1.031,30.8,3,,,0.02111,0.0000,0.0000,0.3598,0.0000,0.2111,0.2605,0.1200,SAFE,False,1,3,,,,,,
1771436122.078,0.0,62.60,4.7993,1.004,28.8,3,,,0.02057,0.0000,0.0000,0.2304,0.0000,0.2057,0.2469,0.0999,SAFE,False,1,3,,,,,,
1771436122.078,0.0,62.20,4.8286,0.978,27.0,3,,,0.02128,0.0000,0.0000,0.0973,0.0000,0.2128,0.2342,0.0808,SAFE,False,1,3,,,,,,
1771436122.078,0.0,62.13,4.8099,0.955,25.3,2,,,0.02088,0.0000,0.0000,0.1823,0.0000,0.2088,0.2074,0.0861,SAFE,False,1,3,,,,,,
1771436122.078,0.0,62.04,4.8091,0.933,23.8,2,,,0.01779,0.0000,0.0000,0.1859,0.0000,0.1779,0.1965,0.0812,SAFE,False,1,3,,,,,,
1771436122.078,0.0,62.25,4.8516,0.913,22.3,2,,,0.02075,0.0000,0.0000,0.0000,0.0000,0.2075,0.1863,0.0580,SAFE,False,1,3,,,,,,
1771436122.078,0.0,62.14,4.8215,0.894,21.0,2,,,0.02064,0.0000,0.0000,0.1294,0.0000,0.2064,0.1768,0.0728,SAFE,False,1,3,,,,,,
1771436122.078,0.0,62.08,4.8527,0.876,19.7,2,,,0.02292,0.0000,0.0000,0.0000,0.0000,0.2292,0.1680,0.0565,SAFE,False,1,3,,,,,,
1771436122.078,0.0,61.81,4.8498,0.860,18.5,1,,,0.02405,0.0000,0.0000,0.0008,0.0000,0.2405,0.1448,0.0531,SAFE,False,1,3,,,,,,
1771436122.078,0.0,61.13,4.8532,0.844,17.5,1,,,0.02519,0.0000,0.0000,0.0000,0.0000,0.2519,0.1372,0.0526,SAFE,False,9,0,,,,,,window_reset|B=9
1771436122.078,0.0,61.32,4.8487,0.830,16.4,1,,,0.02616,0.0000,0.0000,0.0059,0.0000,0.2616,0.1301,0.0530,SAFE,False,9,0,,,,,,
1771436122.078,0.0,61.06,4.8710,0.817,15.5,1,,,0.02783,0.0000,0.0000,0.0000,0.0000,0.2783,0.1235,0.0525,SAFE,False,9,0,,,,,,
1771436122.078,0.0,60.84,4.8439,0.805,14.6,1,,,0.02134,0.0000,0.0000,0.0278,0.0000,0.2134,0.1174,0.0484,SAFE,False,9,0,,,,,,
1771436122.078,0.0,,,,,,,,,,,,,,,0.0484,SAFE,,8,,t1412_0,0.27,HIGH,LOCAL,SAFE: all tasks permitted (weight=0.27),
1771436122.078,0.0,60.46,4.8385,0.828,16.3,1,,,0.01815,0.0000,0.0000,0.0523,0.0000,0.1815,0.1292,0.0508,SAFE,False,8,1,,,,,,
1771436122.078,0.0,,,,,,,,,,,,,,,0.0508,SAFE,,7,,t1413_0,0.23,NORMAL,LOCAL,SAFE: all tasks permitted (weight=0.23),
1771436122.078,0.0,,,,,,,,,,,,,,,0.0508,SAFE,,6,,t1413_1,0.76,LOW,LOCAL,SAFE: all tasks permitted (weight=0.76),
1771436122.078,0.0,60.11,4.8101,0.943,24.5,2,,,0.01975,0.0000,0.0000,0.1813,0.0000,0.1975,0.2016,0.0836,SAFE,False,6,3,,,,,,
1771436122.078,0.0,60.84,4.8347,0.922,23.0,2,,,0.01788,0.0000,0.0000,0.0694,0.0000,0.1788,0.1911,0.0651,SAFE,False,6,3,,,,,,
1771436122.078,0.0,,,,,,,,,,,,,,,0.0651,SAFE,,5,,t1415_0,0.31,NORMAL,LOCAL,SAFE: all tasks permitted (weight=0.31),
1771436122.078,0.0,60.08,4.8036,0.942,24.5,2,,,0.01872,0.0000,0.0000,0.2107,0.0000,0.1872,0.2012,0.0864,SAFE,False,5,4,,,,,,
1771436122.078,0.0,60.00,4.8401,0.921,23.0,2,,,0.01839,0.0000,0.0000,0.0449,0.0000,0.1839,0.1907,0.0624,SAFE,False,5,4,,,,,,
1771436122.078,0.0,60.16,4.8330,0.902,21.6,2,,,0.01775,0.0000,0.0000,0.0771,0.0000,0.1775,0.1809,0.0640,SAFE,False,5,4,,,,,,
1771436122.078,0.0,60.56,4.8034,0.884,20.3,2,,,0.01989,0.0000,0.0000,0.2118,0.0000,0.1989,0.1718,0.0818,SAFE,False,5,4,,,,,,
1771436122.078,0.0,59.52,4.8285,0.867,19.0,2,,,0.01952,0.0000,0.0000,0.0977,0.0000,0.1952,0.1633,0.0649,SAFE,False,5,4,,,,,,
1771436122.078,0.0,59.79,4.8297,0.851,17.9,1,,,0.01866,0.0000,0.0000,0.0923,0.0000,0.1866,0.1405,0.0588,SAFE,False,5,4,,,,,,
1771436122.078,0.0,59.06,4.8508,0.836,16.9,1,,,0.01882,0.0000,0.0000,0.0000,0.0000,0.1882,0.1332,0.0455,SAFE,False,5,4,,,,,,
1771436122.078,0.0,59.16,4.8618,0.823,15.9,1,,,0.01735,0.0000,0.0000,0.0000,0.0000,0.1735,0.1264,0.0426,SAFE,False,5,4,,,,,,
1771436122.078,0.0,,,,,,,,,,,,,,,0.0426,SAFE,,4,,t1423_0,0.48,NORMAL,LOCAL,SAFE: all tasks permitted (weight=0.48),
1771436122.078,0.0,59.33,4.8466,0.872,19.4,2,,,0.01753,0.0000,0.0000,0.0155,0.0000,0.1753,0.1661,0.0528,SAFE,False,9,0,,,,,,window_reset|B=9
1771436122.078,0.0,58.86,4.8626,0.856,18.3,1,,,0.01946,0.0000,0.0000,0.0000,0.0000,0.1946,0.1431,0.0481,SAFE,False,9,0,,,,,,
1771436122.078,0.0,,,,,,,,,,,,,,,0.0481,SAFE,,8,,t1425_0,0.69,HIGH,LOCAL,SAFE: all tasks permitted (weight=0.69),
1771436122.078,0.0,59.13,4.8163,0.930,23.6,2,,,0.01891,0.0000,0.0000,0.1534,0.0000,0.1891,0.1951,0.0779,SAFE,False,8,1,,,,,,
1771436122.078,0.0,59.06,4.8415,0.910,22.1,2,,,0.01901,0.0000,0.0000,0.0387,0.0000,0.1901,0.1850,0.0611,SAFE,False,8,1,,,,,,
1771436122.078,0.0,58.90,4.8566,0.891,20.8,2,,,0.01734,0.0000,0.0000,0.0000,0.0000,0.1734,0.1757,0.0525,SAFE,False,8,1,,,,,,
1771436122.078,0.0,,,,,,,,,,,,,,,0.0525,SAFE,,7,,t1428_0,0.52,LOW,LOCAL,SAFE: all tasks permitted (weight=0.52),
1771436122.078,0.0,58.39,4.8303,0.941,24.4,2,,,0.01751,0.0000,0.0000,0.0897,0.0000,0.1751,0.2005,0.0693,SAFE,False,7,2,,,,,,
1771436122.078,0.0,58.26,4.8010,0.920,22.9,2,,,0.02034,0.0000,0.0000,0.2229,0.0000,0.2034,0.1900,0.0873,SAFE,False,7,2,,,,,,
1771436122.078,0.0,,,,,,,,,,,,,,,0.0873,SAFE,,6,,t1430_0,0.83,HIGH,LOCAL,SAFE: all tasks permitted (weight=0.83),
1771436122.078,0.0,59.08,4.8012,1.009,29.2,3,,,0.02065,0.0000,0.0000,0.2220,0.0000,0.2065,0.2493,0.0994,SAFE,False,6,3,,,,,,
1771436122.078,0.0,,,,,,,,,,,,,,,0.0994,SAFE,,5,,t1431_0,0.73,HIGH,LOCAL,SAFE: all tasks permitted (weight=0.73),
1771436122.078,0.0,58.92,4.7370,1.078,34.1,3,,,0.03427,0.0000,0.0000,0.5138,0.0000,0.3427,0.2840,0.1579,SAFE,False,5,4,,,,,,
1771436122.078,0.0,59.64,4.7905,1.047,32.0,3,,,0.03578,0.0000,0.0000,0.2705,0.0000,0.3578,0.2687,0.1247,SAFE,False,5,4,,,,,,
1771436122.078,0.0,60.18,4.8093,1.019,29.9,3,,,0.03509,0.0000,0.0000,0.1850,0.0000,0.3509,0.2546,0.1101,SAFE,False,5,4,,,,,,
1771436122.078,0.0,59.99,4.8054,0.993,28.1,3,,,0.03305,0.0000,0.0000,0.2029,0.0000,0.3305,0.2414,0.1077,SAFE,False,5,4,,,,,,
1771436122.078,0.0,,,,,,,,,,,,,,,0.1077,SAFE,,4,,t1435_0,0.39,HIGH,LOCAL,SAFE: all tasks permitted (weight=0.39),
1771436122.078,0.0,60.02,4.8019,1.019,29.9,3,,,0.03195,0.0000,0.0000,0.2187,0.0000,0.3195,0.2544,0.1113,SAFE,False,4,5,,,,,,
1771436122.078,0.0,,,,,,,,,,,,,,,0.1113,SAFE,,3,,t1436_0,0.60,LOW,LOCAL,SAFE: all tasks permitted (weight=0.60),
1771436122.078,0.0,59.68,4.7453,1.071,33.6,3,,,0.03313,0.0000,0.0000,0.4758,0.0000,0.3313,0.2803,0.1510,SAFE,False,3,6,,,,,,
1771436122.078,0.0,60.19,4.8027,1.041,31.5,3,,,0.03289,0.0000,0.0000,0.2149,0.0000,0.3289,0.2653,0.1139,SAFE,False,3,6,,,,,,
1771436122.078,0.0,60.68,4.8226,1.013,29.5,3,,,0.03137,0.0000,0.0000,0.1247,0.0000,0.3137,0.2514,0.0979,SAFE,False,9,0,,,,,,window_reset|B=9
1771436122.078,0.0,60.04,4.7732,0.987,27.6,3,,,0.02707,0.0000,0.0000,0.3489,0.0000,0.2707,0.2384,0.1201,SAFE,False,9,0,,,,,,
1771436122.078,0.0,,,,,,,,,,,,,,,0.1201,SAFE,,8,,t1440_0,0.83,NORMAL,LOCAL,SAFE: all tasks permitted (weight=0.83),
1771436122.078,0.0,,,,,,,,,,,,,,,0.1201,SAFE,,7,,t1440_1,0.33,LOW,LOCAL,SAFE: all tasks permitted (weight=0.33),
1771436122.078,0.0,,,,,,,,,,,,,,,0.1201,SAFE,,6,,t1440_2,0.38,CRITICAL,LOCAL,SAFE: all tasks permitted (weight=0.38),
1771436122.079,0.0,59.90,4.7601,1.163,40.2,4,10245.338,-20.22300,0.02602,0.0000,1.0000,0.4086,1.0000,0.2602,0.3415,0.5975,WARNING,False,6,3,,,,,,
1771436122.079,0.0,60.94,4.7842,1.127,37.6,4,30468.286,-16.72790,0.02571,0.0000,1.0000,0.2993,1.0000,0.2571,0.3233,0.5793,CRITICAL,False,6,3,,,,,,
1771436122.079,0.0,,,,,,,,,,,,,,,0.5793,CRITICAL,,6,,t1442_0,0.49,HIGH,OFFLOAD,CRITICAL: non-critical task offloaded (priority=HIGH),
1771436122.079,0.0,61.15,4.7606,1.093,35.2,4,46171.790,-29.82272,0.02617,0.0000,1.0000,0.4066,1.0000,0.2617,0.3063,0.5903,CRITICAL,False,6,3,,,,,,
1771436122.079,0.0,,,,,,,,,,,,,,,0.5903,CRITICAL,,6,,t1443_0,0.73,NORMAL,OFFLOAD,CRITICAL: non-critical task offloaded (priority=NORMAL),
1771436122.079,0.0,61.08,4.7609,1.061,32.9,3,42242.198,-27.27140,0.02337,0.0000,1.0000,0.4050,1.0000,0.2337,0.2756,0.5811,CRITICAL,False,6,3,,,,,,
1771436122.079,0.0,61.05,4.7859,1.032,30.8,3,54881.448,27.01453,0.02331,0.0000,1.0000,0.2913,0.0000,0.2331,0.2609,0.3634,WARNING,False,6,3,,,,,,
1771436122.079,0.0,61.32,4.8174,1.005,28.9,3,45194.721,9.75639,0.02413,0.0000,1.0000,0.1483,0.0000,0.2413,0.2473,0.3429,WARNING,False,6,3,,,,,,
1771436122.079,0.0,61.28,4.8127,0.979,27.1,3,24111.728,-6.59515,0.02472,0.0000,1.0000,0.1698,1.0000,0.2472,0.2346,0.5437,WARNING,False,6,3,,,,,,
1771436122.079,0.0,61.52,4.8136,0.956,25.4,2,59202.948,26.83254,0.02555,0.0000,1.0000,0.1657,0.0000,0.2555,0.2078,0.3386,WARNING,False,6,3,,,,,,
1771436122.079,0.0,,,,,,,,,,,,,,,0.3386,WARNING,,6,,t1448_0,0.40,NORMAL,OFFLOAD,WARNING: heavy task offloaded (weight=0.40 >= 0.3),
1771436122.079,0.0,61.61,4.8068,0.934,23.8,2,,,0.02278,0.0000,0.0000,0.1965,0.0000,0.2278,0.1968,0.0877,SAFE,False,6,3,,,,,,
1771436122.079,0.0,62.03,4.8277,0.913,22.4,2,,,0.02475,0.0000,0.0000,0.1013,0.0000,0.2475,0.1866,0.0752,SAFE,False,6,3,,,,,,
1771436122.079,0.0,,,,,,,,,,,,,,,0.0752,SAFE,,5,,t1450_0,0.78,CRITICAL,LOCAL,SAFE: all tasks permitted (weight=0.78),
1771436122.079,0.0,61.36,4.8021,0.996,28.3,3,,,0.02337,0.0000,0.0000,0.2175,0.0000,0.2337,0.2428,0.1002,SAFE,False,5,4,,,,,,
1771436122.079,0.0,61.35,4.8212,0.971,26.5,2,,,0.02390,0.0000,0.0000,0.1309,0.0000,0.2390,0.2154,0.0840,SAFE,False,5,4,,,,,,
1771436122.079,0.0,61.15,4.8287,0.948,24.8,2,,,0.02279,0.0000,0.0000,0.0968,0.0000,0.2279,0.2039,0.0762,SAFE,False,5,4,,,,,,
1771436122.079,0.0,61.15,4.8285,0.926,23.3,2,,,0.02322,0.0000,0.0000,0.0976,0.0000,0.2322,0.1932,0.0746,SAFE,False,9,0,,,,,,window_reset|B=9
1771436122.079,0.0,,,,,,,,,,,,,,,0.0746,SAFE,,8,,t1454_0,0.71,NORMAL,LOCAL,SAFE: all tasks permitted (weight=0.71),
1771436122.079,0.0,61.12,4.8121,1.000,28.6,3,,,0.01887,0.0000,0.0000,0.1722,0.0000,0.1887,0.2449,0.0902,SAFE,False,8,1,,,,,,
1771436122.079,0.0,61.16,4.8140,0.975,26.8,2,,,0.01178,0.0000,0.0000,0.1638,0.0000,0.1178,0.2174,0.0765,SAFE,False,8,1,,,,,,
1771436122.079,0.0,61.79,4.7973,0.951,25.1,2,,,0.00974,0.0000,0.0000,0.2393,0.0000,0.0974,0.2057,0.0820,SAFE,False,8,1,,,,,,
1771436122.079,0.0,,,,,,,,,,,,,,,0.0820,SAFE,,7,,t1457_0,0.54,HIGH,LOCAL,SAFE: all tasks permitted (weight=0.54),
1771436122.079,0.0,61.28,4.8298,1.000,28.6,3,,,0.01054,0.0000,0.0000,0.0920,0.0000,0.1054,0.2450,0.0715,SAFE,False,7,2,,,,,,
1771436122.079,0.0,,,,,,,,,,,,,,,0.0715,SAFE,,6,,t1458_0,0.74,HIGH,LOCAL,SAFE: all tasks permitted (weight=0.74),
1771436122.079,0.0,61.06,4.7994,1.072,33.7,3,,,0.01150,0.0000,0.0000,0.2299,0.0000,0.1150,0.2810,0.0976,SAFE,False,6,3,,,,,,
1771436122.079,0.0,,,,,,,,,,,,,,,0.0976,SAFE,,5,,t1459_0,0.85,NORMAL,LOCAL,SAFE: all tasks permitted (weight=0.85),
1771436122.079,0.0,61.76,4.7841,1.153,39.5,4,,,0.01435,0.0000,0.0000,0.2994,0.0000,0.1435,0.3363,0.1205,SAFE,False,5,4,,,,,,
1771436122.079,0.0,,,,,,,,,,,,,,,0.1205,SAFE,,4,,t1460_0,0.67,HIGH,LOCAL,SAFE: all tasks permitted (weight=0.67),
1771436122.079,0.0,62.20,4.7697,1.205,43.2,5,,,0.01864,0.0000,0.0000,0.3652,0.0000,0.1864,0.3776,0.1416,SAFE,False,4,5,,,,,,
1771436122.079,0.0,62.67,4.7515,1.166,40.4,4,,,0.02368,0.0000,0.0000,0.4479,0.0000,0.2368,0.3429,0.1505,SAFE,False,4,5,,,,,,
1771436122.079,0.0,62.88,4.7699,1.129,37.8,4,,,0.02541,0.0000,0.0000,0.3639,0.0000,0.2541,0.3245,0.1376,SAFE,False,4,5,,,,,,
1771436122.079,0.0,,,,,,,,,,,,,,,0.1376,SAFE,,3,,t1463_0,0.38,CRITICAL,LOCAL,SAFE: all tasks permitted (weight=0.38),
1771436122.079,0.0,62.98,4.7238,1.145,38.9,4,,,0.03217,0.0000,0.0000,0.5738,0.0000,0.3217,0.3325,0.1733,SAFE,False,3,6,,,,,,
1771436122.079,0.0,,,,,,,,,,,,,,,0.1733,SAFE,,2,,t1464_0,0.77,NORMAL,LOCAL,SAFE: all tasks permitted (weight=0.77),
1771436122.079,0.0,63.67,4.7574,1.211,43.6,5,,,0.03150,0.0000,0.0000,0.4211,0.0000,0.3150,0.3805,0.1623,SAFE,False,2,7,,,,,,
1771436122.079,0.0,,,,,,,,,,,,,,,0.1623,SAFE,,1,,t1465_0,0.55,HIGH,LOCAL,SAFE: all tasks permitted (weight=0.55),
1771436122.079,0.0,63.68,4.7651,1.243,45.9,5,,,0.02924,0.0000,0.0000,0.3857,0.0000,0.2924,0.3965,0.1587,SAFE,False,1,8,,,,,,
1771436122.079,0.0,63.70,4.7489,1.201,42.9,4,,,0.02888,0.0000,0.0000,0.4594,0.0000,0.2888,0.3605,0.1607,SAFE,False,1,8,,,,,,
1771436122.079,0.0,64.89,4.7079,1.162,40.1,4,,,0.03195,0.0000,0.0000,0.6460,0.0000,0.3195,0.3409,0.1841,SAFE,False,1,8,,,,,,
1771436122.079,0.0,,,,,,,,,,,,,,,0.1841,SAFE,,0,,t1468_0,0.39,LOW,LOCAL,SAFE: all tasks permitted (weight=0.39),
1771436122.079,0.0,64.78,4.7381,1.177,41.2,4,,,0.03147,0.0000,0.0000,0.5088,0.0000,0.3147,0.3484,0.1673,SAFE,False,8,0,,,,,,window_reset|B=8
1771436122.079,0.0,,,,,,,,,,,,,,,0.1673,SAFE,,7,,t1469_0,0.42,NORMAL,LOCAL,SAFE: all tasks permitted (weight=0.42),
1771436122.079,0.0,65.27,4.7808,1.194,42.4,4,,,0.02493,0.0180,0.0000,0.3144,0.0000,0.2493,0.3570,0.1394,SAFE,False,7,1,,,,,,
1771436122.079,0.0,,,,,,,,,,,,,,,0.1394,SAFE,,6,,t1470_0,0.42,HIGH,LOCAL,SAFE: all tasks permitted (weight=0.42),
1771436122.079,0.0,65.46,4.7278,1.210,43.6,5,,,0.02279,0.0308,0.0000,0.5556,0.0000,0.2279,0.3802,0.1748,SAFE,False,6,2,,,,,,
1771436122.079,0.0,,,,,,,,,,,,,,,0.1748,SAFE,,5,,t1471_0,0.27,HIGH,LOCAL,SAFE: all tasks permitted (weight=0.27),
1771436122.079,0.0,65.70,4.7758,1.206,43.3,5,,,0.02191,0.0469,0.0000,0.3373,0.0000,0.2191,0.3780,0.1470,SAFE,False,5,3,,,,,,
1771436122.079,0.0,65.93,4.7450,1.166,40.5,4,,,0.02125,0.0619,0.0000,0.4773,0.0000,0.2125,0.3432,0.1594,SAFE,False,5,3,,,,,,
1771436122.079,0.0,66.15,4.7359,1.130,37.8,4,,,0.02155,0.0765,0.0000,0.5187,0.0000,0.2155,0.3249,0.1631,SAFE,False,5,3,,,,,,
1771436122.079,0.0,65.76,4.7758,1.096,35.4,4,,,0.02211,0.0504,0.0000,0.3371,0.0000,0.2211,0.3078,0.1335,SAFE,False,5,3,,,,,,
1771436122.079,0.0,66.06,4.8055,1.064,33.1,3,,,0.02572,0.0708,0.0000,0.2023,0.0000,0.2572,0.2769,0.1159,SAFE,False,5,3,,,,,,
1771436122.079,0.0,66.58,4.7811,1.034,31.0,3,,,0.02670,0.1053,0.0000,0.3131,0.0000,0.2670,0.2622,0.1325,SAFE,False,5,3,,,,,,
1771436122.079,0.0,66.06,4.7882,1.007,29.1,3,,,0.02799,0.0708,0.0000,0.2811,0.0000,0.2799,0.2484,0.1227,SAFE,False,5,3,,,,,,
1771436122.079,0.0,66.23,4.7957,0.981,27.2,3,,,0.02949,0.0823,0.0000,0.2470,0.0000,0.2949,0.2357,0.1186,SAFE,False,5,3,,,,,,
1771436122.079,0.0,65.78,4.8007,0.958,25.5,2,,,0.02596,0.0523,0.0000,0.2239,0.0000,0.2596,0.2088,0.1031,SAFE,False,5,3,,,,,,
1771436122.079,0.0,65.77,4.8277,0.935,24.0,2,,,0.02824,0.0513,0.0000,0.1014,0.0000,0.2824,0.1977,0.0871,SAFE,False,5,3,,,,,,
1771436122.079,0.0,65.68,4.8258,0.915,22.5,2,,,0.03116,0.0456,0.0000,0.1098,0.0000,0.3116,0.1875,0.0884,SAFE,False,5,3,,,,,,
1771436122.079,0.0,64.97,4.8346,0.896,21.1,2,,,0.02960,0.0000,0.0000,0.0698,0.0000,0.2960,0.1779,0.0743,SAFE,False,5,3,,,,,,
1771436122.079,0.0,,,,,,,,,,,,,,,0.0743,SAFE,,4,,t1483_0,0.31,HIGH,LOCAL,SAFE: all tasks permitted (weight=0.31),
1771436122.079,0.0,65.34,4.8299,0.919,22.8,2,,,0.03102,0.0223,0.0000,0.0916,0.0000,0.3102,0.1895,0.0835,SAFE,False,9,0,,,,,,window_reset|B=9
1771436122.079,0.0,,,,,,,,,,,,,,,0.0835,SAFE,,8,,t1484_0,0.79,LOW,LOCAL,SAFE: all tasks permitted (weight=0.79),
1771436122.079,0.0,64.65,4.7702,1.004,28.9,3,,,0.02826,0.0000,0.0000,0.3626,0.0000,0.2826,0.2470,0.1248,SAFE,False,8,1,,,,,,
1771436122.079,0.0,65.01,4.8012,0.979,27.0,3,,,0.02128,0.0004,0.0000,0.2217,0.0000,0.2128,0.2343,0.0970,SAFE,False,8,1,,,,,,
1771436122.079,0.0,,,,,,,,,,,,,,,0.0970,SAFE,,7,,t1486_0,0.55,HIGH,LOCAL,SAFE: all tasks permitted (weight=0.55),
1771436122.079,0.0,64.93,4.7599,1.027,30.5,3,,,0.02333,0.0000,0.0000,0.4095,0.0000,0.2333,0.2587,0.1283,SAFE,False,7,2,,,,,,
1771436122.079,0.0,,,,,,,,,,,,,,,0.1283,SAFE,,6,,t1487_0,0.67,LOW,LOCAL,SAFE: all tasks permitted (weight=0.67),
1771436122.079,0.0,65.30,4.8294,1.089,34.9,3,,,0.02456,0.0199,0.0000,0.0938,0.0000,0.2456,0.2894,0.0970,SAFE,False,6,3,,,,,,
1771436122.079,0.0,,,,,,,,,,,,,,,0.0970,SAFE,,5,,t1488_0,0.63,CRITICAL,LOCAL,SAFE: all tasks permitted (weight=0.63),
1771436122.081,0.0,65.43,4.7214,1.140,38.6,4,-12974.116,-67.74209,0.03316,0.0287,0.0000,0.5844,1.0000,0.3316,0.3302,0.3786,WARNING,False,5,4,,,,,,
1771436122.081,0.0,65.71,4.7965,1.106,36.1,4,857.849,-18.68829,0.03302,0.0471,1.0000,0.2430,1.0000,0.3302,0.3128,0.5828,CRITICAL,False,5,4,,,,,,
1771436122.081,0.0,,,,,,,,,,,,,,,0.5828,CRITICAL,,5,,t1490_0,0.81,HIGH,OFFLOAD,CRITICAL: non-critical task offloaded (priority=HIGH),
1771436122.081,0.0,66.05,4.8101,1.073,33.8,3,41268.639,-15.68000,0.03312,0.0699,1.0000,0.1816,1.0000,0.3312,0.2815,0.5714,CRITICAL,False,5,4,,,,,,
1771436122.081,0.0,,,,,,,,,,,,,,,0.5714,CRITICAL,,5,,t1491_0,0.66,LOW,OFFLOAD,CRITICAL: non-critical task offloaded (priority=LOW),
1771436122.081,0.0,,,,,,,,,,,,,,,0.5714,CRITICAL,,5,,t1491_1,0.36,NORMAL,OFFLOAD,CRITICAL: non-critical task offloaded (priority=NORMAL),
1771436122.081,0.0,65.42,4.7937,1.043,31.6,3,3075.952,-23.04840,0.03318,0.0277,1.0000,0.2559,1.0000,0.3318,0.2665,0.5731,CRITICAL,False,5,4,,,,,,
1771436122.081,0.0,,,,,,,,,,,,,,,0.5731,CRITICAL,,5,,t1492_0,0.46,NORMAL,OFFLOAD,CRITICAL: non-critical task offloaded (priority=NORMAL),
1771436122.081,0.0,65.69,4.8067,1.015,29.6,3,40124.153,23.26556,0.03221,0.0463,1.0000,0.1967,0.0000,0.3221,0.2524,0.3638,WARNING,False,5,4,,,,,,
1771436122.081,0.0,,,,,,,,,,,,,,,0.3638,WARNING,,5,,t1493_0,0.66,LOW,OFFLOAD,WARNING: heavy task offloaded (weight=0.66 >= 0.3),
1771436122.081,0.0,65.53,4.7888,0.989,27.8,3,19968.576,-7.90181,0.03118,0.0352,1.0000,0.2781,1.0000,0.3118,0.2394,0.5694,CRITICAL,False,5,4,,,,,,
1771436122.081,0.0,,,,,,,,,,,,,,,0.5694,CRITICAL,,5,,t1494_0,0.83,LOW,OFFLOAD,CRITICAL: non-critical task offloaded (priority=LOW),
1771436122.081,0.0,65.77,4.7986,0.964,26.0,2,32228.355,24.66660,0.02889,0.0516,1.0000,0.2336,0.0000,0.2889,0.2122,0.3579,WARNING,False,5,4,,,,,,
1771436122.081,0.0,,,,,,,,,,,,,,,0.3579,WARNING,,4,,t1495_0,0.24,NORMAL,LOCAL,WARNING: lightweight task permitted (weight=0.24 < 0.3),
1771436122.081,0.0,65.50,4.8201,0.974,26.7,2,7599.793,-5.88990,0.02794,0.0332,1.0000,0.1358,1.0000,0.2794,0.2170,0.5430,WARNING,False,4,5,,,,,,
1771436122.081,0.0,65.22,4.8153,0.951,25.1,2,,,0.02788,0.0148,0.0000,0.1575,0.0000,0.2788,0.2054,0.0912,SAFE,False,4,5,,,,,,
1771436122.081,0.0,64.93,4.8288,0.929,23.5,2,,,0.02938,0.0000,0.0000,0.0965,0.0000,0.2938,0.1946,0.0808,SAFE,False,4,5,,,,,,
1771436122.081,0.0,65.20,4.8043,0.909,22.1,2,,,0.02712,0.0133,0.0000,0.2078,0.0000,0.2712,0.1846,0.0926,SAFE,False,9,0,,,,,,window_reset|B=9
1771436122.081,0.0,64.58,4.8083,0.890,20.7,2,,,0.02590,0.0000,0.0000,0.1894,0.0000,0.2590,0.1752,0.0856,SAFE,False,9,0,,,,,,
1771436122.081,0.0,64.14,4.8505,0.873,19.5,2,,,0.01632,0.0000,0.0000,0.0000,0.0000,0.1632,0.1665,0.0496,SAFE,False,9,0,,,,,,
1771436122.081,0.0,63.76,4.8360,0.857,18.3,1,,,0.01720,0.0000,0.0000,0.0635,0.0000,0.1720,0.1434,0.0541,SAFE,False,9,0,,,,,,
1771436122.081,0.0,63.77,4.8413,0.842,17.3,1,,,0.01878,0.0000,0.0000,0.0395,0.0000,0.1878,0.1359,0.0511,SAFE,False,9,0,,,,,,
1771436122.081,0.0,,,,,,,,,,,,,,,0.0511,SAFE,,8,,t1503_0,0.39,LOW,LOCAL,SAFE: all tasks permitted (weight=0.39),
1771436122.081,0.0,64.17,4.8489,0.880,20.0,2,,,0.01949,0.0000,0.0000,0.0052,0.0000,0.1949,0.1700,0.0541,SAFE,False,8,1,,,,,,
1771436122.081,0.0,,,,,,,,,,,,,,,0.0541,SAFE,,7,,t1504_0,0.38,HIGH,LOCAL,SAFE: all tasks permitted (weight=0.38),
1771436122.081,0.0,63.64,4.8180,0.914,22.4,2,,,0.01906,0.0000,0.0000,0.1453,0.0000,0.1906,0.1870,0.0753,SAFE,False,7,2,,,,,,
1771436122.081,0.0,63.64,4.8439,0.895,21.1,2,,,0.01716,0.0000,0.0000,0.0276,0.0000,0.1716,0.1775,0.0562,SAFE,False,7,2,,,,,,
1771436122.081,0.0,62.92,4.8201,0.877,19.8,2,,,0.01519,0.0000,0.0000,0.1358,0.0000,0.1519,0.1686,0.0666,SAFE,False,7,2,,,,,,
1771436122.081,0.0,,,,,,,,,,,,,,,0.0666,SAFE,,6,,t1507_0,0.83,HIGH,LOCAL,SAFE: all tasks permitted (weight=0.83),
1771436122.081,0.0,63.07,4.8262,0.971,26.5,2,,,0.01503,0.0000,0.0000,0.1083,0.0000,0.1503,0.2154,0.0722,SAFE,False,6,3,,,,,,
1771436122.081,0.0,63.63,4.8334,0.948,24.8,2,,,0.01453,0.0000,0.0000,0.0755,0.0000,0.1453,0.2039,0.0651,SAFE,False,6,3,,,,,,
1771436122.081,0.0,62.26,4.8243,0.926,23.3,2,,,0.01461,0.0000,0.0000,0.1170,0.0000,0.1461,0.1932,0.0685,SAFE,False,6,3,,,,,,
1771436122.081,0.0,62.78,4.8223,0.906,21.9,2,,,0.01274,0.0000,0.0000,0.1259,0.0000,0.1274,0.1832,0.0657,SAFE,False,6,3,,,,,,
1771436122.081,0.0,,,,,,,,,,,,,,,0.0657,SAFE,,5,,t1511_0,0.39,LOW,LOCAL,SAFE: all tasks permitted (weight=0.39),
1771436122.081,0.0,62.95,4.8115,0.939,24.2,2,,,0.01230,0.0000,0.0000,0.1751,0.0000,0.1230,0.1996,0.0750,SAFE,False,5,4,,,,,,
1771436122.081,0.0,62.40,4.7934,0.918,22.7,2,,,0.01477,0.0000,0.0000,0.2572,0.0000,0.1477,0.1892,0.0860,SAFE,False,5,4,,,,,,
1771436122.081,0.0,62.50,4.8312,0.899,21.4,2,,,0.01457,0.0000,0.0000,0.0852,0.0000,0.1457,0.1795,0.0616,SAFE,False,9,0,,,,,,window_reset|B=9
1771436122.081,0.0,,,,,,,,,,,,,,,0.0616,SAFE,,8,,t1514_0,0.74,NORMAL,LOCAL,SAFE: all tasks permitted (weight=0.74),
1771436122.081,0.0,63.10,4.7908,0.980,27.1,3,,,0.01674,0.0000,0.0000,0.2691,0.0000,0.1674,0.2348,0.0987,SAFE,False,8,1,,,,,,
1771436122.081,0.0,62.28,4.7911,0.956,25.4,2,,,0.01662,0.0000,0.0000,0.2675,0.0000,0.1662,0.2080,0.0930,SAFE,False,8,1,,,,,,
1771436122.081,0.0,,,,,,,,,,,,,,,0.0930,SAFE,,7,,t1516_0,0.50,NORMAL,LOCAL,SAFE: all tasks permitted (weight=0.50),
1771436122.081,0.0,62.15,4.7973,1.001,28.6,3,,,0.01750,0.0000,0.0000,0.2395,0.0000,0.1750,0.2454,0.0977,SAFE,False,7,2,,,,,,
1771436122.082,0.1,62.57,4.8343,0.976,26.8,2,18768.708,9.97074,0.01635,0.0000,1.0000,0.0715,0.0000,0.1635,0.2178,0.3192,WARNING,False,7,2,,,,,,
1771436122.082,0.1,,,,,,,,,,,,,,,0.3192,WARNING,,6,,t1518_0,0.24,HIGH,LOCAL,WARNING: lightweight task permitted (weight=0.24 < 0.3),
1771436122.082,0.1,62.70,4.8214,0.984,27.4,3,-4869.018,-0.85661,0.01639,0.0000,0.0000,0.1298,1.0000,0.1639,0.2368,0.2806,WARNING,False,6,3,,,,,,
1771436122.082,0.1,,,,,,,,,,,,,,,0.2806,WARNING,,6,,t1519_0,0.57,HIGH,OFFLOAD,WARNING: heavy task offloaded (weight=0.57 >= 0.3),
1771436122.082,0.1,61.89,4.8190,0.960,25.7,2,-63200.538,7.50972,0.01609,0.0000,0.0000,0.1409,0.0000,0.1609,0.2099,0.0764,SAFE,False,6,3,,,,,,
1771436122.082,0.1,62.34,4.8283,0.938,24.1,2,-3643.641,34.73101,0.01564,0.0000,0.0000,0.0987,0.0000,0.1564,0.1988,0.0682,SAFE,False,6,3,,,,,,
1771436122.082,0.1,62.04,4.8336,0.917,22.6,2,-27776.579,2.31636,0.01636,0.0000,0.0000,0.0747,0.0000,0.1636,0.1884,0.0637,SAFE,False,6,3,,,,,,
1771436122.082,0.1,,,,,,,,,,,,,,,0.0637,SAFE,,5,,t1522_0,0.82,LOW,LOCAL,SAFE: all tasks permitted (weight=0.82),
1771436122.082,0.1,61.92,4.8046,1.007,29.1,3,-70973.647,13.77624,0.01639,0.0000,0.0000,0.2062,0.0000,0.1639,0.2485,0.0929,SAFE,False,5,4,,,,,,
1771436122.082,0.1,,,,,,,,,,,,,,,0.0929,SAFE,,4,,t1523_0,0.36,NORMAL,LOCAL,SAFE: all tasks permitted (weight=0.36),
1771436122.082,0.1,,,,,,,,,,,,,,,0.0929,SAFE,,3,,t1523_1,0.51,HIGH,LOCAL,SAFE: all tasks permitted (weight=0.51),
1771436122.082,0.1,62.64,4.7707,1.096,35.5,4,21492.625,-20.34303,0.02015,0.0000,1.0000,0.3604,1.0000,0.2015,0.3082,0.5786,WARNING,False,3,6,,,,,,
1771436122.082,0.1,,,,,,,,,,,,,,,0.5786,WARNING,,3,,t1524_0,0.56,LOW,OFFLOAD,WARNING: heavy task offloaded (weight=0.56 >= 0.3),
1771436122.082,0.1,62.54,4.7597,1.065,33.2,3,23761.213,-37.45315,0.02417,0.0000,1.0000,0.4104,1.0000,0.2417,0.2773,0.5830,CRITICAL,False,3,6,,,,,,
1771436122.082,0.1,,,,,,,,,,,,,,,0.5830,CRITICAL,,3,,t1525_0,0.54,LOW,OFFLOAD,CRITICAL: non-critical task offloaded (priority=LOW),
1771436122.082,0.1,,,,,,,,,,,,,,,0.5830,CRITICAL,,3,,t1525_1,0.67,NORMAL,OFFLOAD,CRITICAL: non-critical task offloaded (priority=NORMAL),
1771436122.082,0.1,62.30,4.7735,1.035,31.1,3,,,0.02458,0.0000,0.0000,0.3479,0.0000,0.2458,0.2625,0.1223,WARNING,False,3,6,,,,,,
1771436122.082,0.1,,,,,,,,,,,,,,,0.1223,WARNING,,2,,t1526_0,0.24,NORMAL,LOCAL,WARNING: lightweight task permitted (weight=0.24 < 0.3),
1771436122.082,0.1,62.76,4.7444,1.039,31.4,3,,,0.02924,0.0000,0.0000,0.4798,0.0000,0.2924,0.2646,0.1445,SAFE,False,2,7,,,,,,
1771436122.082,0.1,63.05,4.7908,1.011,29.4,3,,,0.02925,0.0000,0.0000,0.2691,0.0000,0.2925,0.2507,0.1144,SAFE,False,2,7,,,,,,
1771436122.082,0.1,62.60,4.7526,0.985,27.5,3,,,0.03186,0.0000,0.0000,0.4429,0.0000,0.3186,0.2377,0.1370,SAFE,False,8,0,,,,,,window_reset|B=8
1771436122.082,0.1,61.74,4.8042,0.961,25.8,2,,,0.02973,0.0000,0.0000,0.2080,0.0000,0.2973,0.2107,0.0989,SAFE,False,8,0,,,,,,
1771436122.082,0.1,,,,,,,,,,,,,,,0.0989,SAFE,,7,,t1530_0,0.51,NORMAL,LOCAL,SAFE: all tasks permitted (weight=0.51),
1771436122.082,0.1,62.65,4.8104,1.007,29.1,3,,,0.02897,0.0000,0.0000,0.1799,0.0000,0.2897,0.2487,0.1021,SAFE,False,7,1,,,,,,
1771436122.082,0.1,63.26,4.8101,0.982,27.3,3,,,0.02835,0.0000,0.0000,0.1813,0.0000,0.2835,0.2360,0.0991,SAFE,False,7,1,,,,,,
1771436122.082,0.1,,,,,,,,,,,,,,,0.0991,SAFE,,6,,t1532_0,0.28,NORMAL,LOCAL,SAFE: all tasks permitted (weight=0.28),
1771436122.082,0.1,62.66,4.8247,0.995,28.2,3,,,0.02796,0.0000,0.0000,0.1149,0.0000,0.2796,0.2426,0.0914,SAFE,False,6,2,,,,,,
1771436122.082,0.1,62.84,4.8045,0.970,26.5,2,,,0.02520,0.0000,0.0000,0.2069,0.0000,0.2520,0.2152,0.0951,SAFE,False,6,2,,,,,,
1771436122.082,0.1,62.52,4.8231,0.947,24.8,2,,,0.02672,0.0000,0.0000,0.1221,0.0000,0.2672,0.2037,0.0833,SAFE,False,6,2,,,,,,
1771436122.082,0.1,62.32,4.8160,0.926,23.3,2,,,0.02706,0.0000,0.0000,0.1546,0.0000,0.2706,0.1930,0.0858,SAFE,False,6,2,,,,,,
1771436122.082,0.1,62.63,4.8373,0.906,21.9,2,,,0.02763,0.0000,0.0000,0.0579,0.0000,0.2763,0.1831,0.0718,SAFE,False,6,2,,,,,,
1771436122.082,0.1,62.17,4.8072,0.888,20.5,2,,,0.02655,0.0000,0.0000,0.1944,0.0000,0.2655,0.1738,0.0866,SAFE,False,6,2,,,,,,
1771436122.082,0.1,62.29,4.8653,0.870,19.3,2,,,0.02567,0.0000,0.0000,0.0000,0.0000,0.2567,0.1652,0.0587,SAFE,False,6,2,,,,,,
1771436122.082,0.1,61.23,4.8279,0.854,18.2,1,,,0.02514,0.0000,0.0000,0.1005,0.0000,0.2514,0.1422,0.0666,SAFE,False,6,2,,,,,,
1771436122.082,0.1,,,,,,,,,,,,,,,0.0666,SAFE,,5,,t1540_0,0.21,LOW,LOCAL,SAFE: all tasks permitted (weight=0.21),
1771436122.082,0.1,,,,,,,,,,,,,,,0.0666,SAFE,,4,,t1540_1,0.62,HIGH,LOCAL,SAFE: all tasks permitted (weight=0.62),
1771436122.082,0.1,61.62,4.8423,0.951,25.0,2,,,0.01758,0.0000,0.0000,0.0350,0.0000,0.1758,0.2053,0.0632,SAFE,False,4,4,,,,,,
1771436122.082,0.1,61.78,4.8245,0.929,23.5,2,,,0.01667,0.0000,0.0000,0.1160,0.0000,0.1667,0.1945,0.0706,SAFE,False,4,4,,,,,,
1771436122.082,0.1,61.26,4.8528,0.909,22.1,2,,,0.01778,0.0000,0.0000,0.0000,0.0000,0.1778,0.1844,0.0547,SAFE,False,4,4,,,,,,
1771436122.082,0.1,61.85,4.8085,0.890,20.7,2,,,0.01792,0.0000,0.0000,0.1888,0.0000,0.1792,0.1751,0.0775,SAFE,False,9,0,,,,,,window_reset|B=9
1771436122.082,0.1,,,,,,,,,,,,,,,0.0775,SAFE,,8,,t1544_0,0.55,LOW,LOCAL,SAFE: all tasks permitted (weight=0.55),
1771436122.082,0.1,61.17,4.7963,0.946,24.7,2,,,0.01994,0.0000,0.0000,0.2440,0.0000,0.1994,0.2032,0.0923,SAFE,False,8,1,,,,,,
1771436122.082,0.1,,,,,,,,,,,,,,,0.0923,SAFE,,7,,t1545_0,0.75,NORMAL,LOCAL,SAFE: all tasks permitted (weight=0.75),
1771436122.082,0.1,61.55,4.7742,1.025,30.4,3,,,0.02395,0.0000,0.0000,0.3446,0.0000,0.2395,0.2576,0.1203,SAFE,False,7,2,,,,,,
1771436122.082,0.1,,,,,,,,,,,,,,,0.1203,SAFE,,6,,t1546_0,0.20,CRITICAL,LOCAL,SAFE: all tasks permitted (weight=0.20),
1771436122.082,0.1,61.95,4.7980,1.026,30.4,3,,,0.02492,0.0000,0.0000,0.2364,0.0000,0.2492,0.2579,0.1072,SAFE,False,6,3,,,,,,
1771436122.082,0.1,,,,,,,,,,,,,,,0.1072,SAFE,,5,,t1547_0,0.44,HIGH,LOCAL,SAFE: all tasks permitted (weight=0.44),
1771436122.082,0.1,,,,,,,,,,,,,,,0.1072,SAFE,,4,,t1547_1,0.25,LOW,LOCAL,SAFE: all tasks permitted (weight=0.25),
1771436122.082,0.1,61.58,4.7729,1.091,35.1,4,,,0.02825,0.0000,0.0000,0.3504,0.0000,0.2825,0.3056,0.1349,SAFE,False,4,5,,,,,,
1771436122.082,0.1,61.90,4.7626,1.060,32.8,3,,,0.03123,0.0000,0.0000,0.3974,0.0000,0.3123,0.2748,0.1379,SAFE,False,4,5,,,,,,
1771436122.082,0.1,61.74,4.7777,1.030,30.7,3,,,0.03257,0.0000,0.0000,0.3288,0.0000,0.3257,0.2602,0.1274,SAFE,False,4,5,,,,,,
1771436122.082,0.1,62.00,4.8166,1.003,28.8,3,,,0.02796,0.0000,0.0000,0.1516,0.0000,0.2796,0.2466,0.0970,SAFE,False,4,5,,,,,,
1771436122.082,0.1,62.41,4.8185,0.978,27.0,2,,,0.02742,0.0000,0.0000,0.1432,0.0000,0.2742,0.2190,0.0898,SAFE,False,4,5,,,,,,
1771436122.082,0.1,61.93,4.8182,0.954,25.3,2,,,0.02533,0.0000,0.0000,0.1446,0.0000,0.2533,0.2072,0.0856,SAFE,False,4,5,,,,,,
1771436122.082,0.1,61.97,4.8111,0.933,23.8,2,,,0.02458,0.0000,0.0000,0.1768,0.0000,0.2458,0.1963,0.0868,SAFE,False,4,5,,,,,,
1771436122.082,0.1,61.51,4.8189,0.912,22.3,2,,,0.01992,0.0000,0.0000,0.1415,0.0000,0.1992,0.1861,0.0755,SAFE,False,4,5,,,,,,
1771436122.082,0.1,,,,,,,,,,,,,,,0.0755,SAFE,,3,,t1555_0,0.80,NORMAL,LOCAL,SAFE: all tasks permitted (weight=0.80),
1771436122.082,0.1,62.02,4.8242,1.001,28.6,3,,,0.02106,0.0000,0.0000,0.1172,0.0000,0.2106,0.2455,0.0854,SAFE,False,3,6,,,,,,
1771436122.082,0.1,61.88,4.8145,0.976,26.9,2,,,0.02146,0.0000,0.0000,0.1613,0.0000,0.2146,0.2180,0.0860,SAFE,False,3,6,,,,,,
1771436122.082,0.1,,,,,,,,,,,,,,,0.0860,SAFE,,2,,t1557_0,0.69,HIGH,LOCAL,SAFE: all tasks permitted (weight=0.69),
1771436122.082,0.1,61.70,4.8262,1.045,31.8,3,,,0.02093,0.0000,0.0000,0.1081,0.0000,0.2093,0.2675,0.0885,SAFE,False,2,7,,,,,,
1771436122.082,0.1,,,,,,,,,,,,,,,0.0885,SAFE,,1,,t1558_0,0.63,NORMAL,LOCAL,SAFE: all tasks permitted (weight=0.63),
1771436122.082,0.1,62.06,4.7517,1.102,35.9,4,,,0.02560,0.0000,0.0000,0.4467,0.0000,0.2560,0.3110,0.1459,SAFE,False,8,0,,,,,,window_reset|B=8
1771436122.082,0.1,,,,,,,,,,,,,,,0.1459,SAFE,,7,,t1559_0,0.43,NORMAL,LOCAL,SAFE: all tasks permitted (weight=0.43),
1771436122.082,0.1,62.29,4.7865,1.128,37.7,4,,,0.02461,0.0000,0.0000,0.2888,0.0000,0.2461,0.3240,0.1270,SAFE,False,7,1,,,,,,
1771436122.082,0.1,,,,,,,,,,,,,,,0.1270,SAFE,,6,,t1560_0,0.70,LOW,LOCAL,SAFE: all tasks permitted (weight=0.70),
1771436122.082,0.1,,,,,,,,,,,,,,,0.1270,SAFE,,5,,t1560_1,0.38,CRITICAL,LOCAL,SAFE: all tasks permitted (weight=0.38),
1771436122.082,0.1,62.60,4.7923,1.239,45.6,5,,,0.02183,0.0000,0.0000,0.2622,0.0000,0.2183,0.3943,0.1348,SAFE,False,5,3,,,,,,
1771436122.083,0.1,63.58,4.7404,1.197,42.6,4,63643.147,-46.78780,0.02740,0.0000,1.0000,0.4982,1.0000,0.2740,0.3585,0.6139,WARNING,False,5,3,,,,,,
1771436122.083,0.1,64.06,4.7632,1.158,39.9,4,101189.132,-36.82507,0.02889,0.0000,1.0000,0.3944,1.0000,0.2889,0.3390,0.5980,CRITICAL,False,5,3,,,,,,
1771436122.083,0.1,63.39,4.7881,1.122,37.3,4,54289.976,-23.91347,0.02823,0.0000,1.0000,0.2815,1.0000,0.2823,0.3210,0.5790,CRITICAL,False,5,3,,,,,,
1771436122.083,0.1,63.97,4.7781,1.088,34.9,3,82650.704,-24.09221,0.02761,0.0000,1.0000,0.3268,1.0000,0.2761,0.2892,0.5779,CRITICAL,False,5,3,,,,,,
1771436122.083,0.1,64.52,4.7653,1.057,32.7,3,112187.587,-40.28896,0.02777,0.0000,1.0000,0.3848,1.0000,0.2777,0.2736,0.5825,CRITICAL,False,5,3,,,,,,
1771436122.083,0.1,,,,,,,,,,,,,,,0.5825,CRITICAL,,5,,t1566_0,0.63,LOW,OFFLOAD,CRITICAL: non-critical task offloaded (priority=LOW),
1771436122.083,0.1,,,,,,,,,,,,,,,0.5825,CRITICAL,,5,,t1566_1,0.73,NORMAL,OFFLOAD,CRITICAL: non-critical task offloaded (priority=NORMAL),
1771436122.083,0.1,64.48,4.7936,1.028,30.6,3,95880.118,27.72853,0.02622,0.0000,1.0000,0.2563,0.0000,0.2622,0.2590,0.3613,WARNING,False,5,3,,,,,,
1771436122.083,0.1,,,,,,,,,,,,,,,0.3613,WARNING,,5,,t1567_0,0.36,HIGH,OFFLOAD,WARNING: heavy task offloaded (weight=0.36 >= 0.3),
1771436122.083,0.1,63.95,4.8008,1.001,28.6,3,65801.583,9.48673,0.02404,0.0000,1.0000,0.2236,0.0000,0.2404,0.2455,0.3522,WARNING,False,5,3,,,,,,
1771436122.083,0.1,63.76,4.8042,0.976,26.8,2,46106.192,7.87568,0.02308,0.0000,1.0000,0.2081,0.0000,0.2308,0.2179,0.3437,WARNING,False,5,3,,,,,,
1771436122.083,0.1,,,,,,,,,,,,,,,0.3437,WARNING,,5,,t1569_0,0.32,NORMAL,OFFLOAD,WARNING: heavy task offloaded (weight=0.32 >= 0.3),
1771436122.083,0.1,63.85,4.8344,0.953,25.2,2,,,0.02443,0.0000,0.0000,0.0710,0.0000,0.2443,0.2063,0.0749,SAFE,False,5,3,,,,,,
1771436122.083,0.1,,,,,,,,,,,,,,,0.0749,SAFE,,4,,t1570_0,0.39,HIGH,LOCAL,SAFE: all tasks permitted (weight=0.39),
1771436122.083,0.1,64.12,4.8276,0.983,27.3,3,,,0.02526,0.0000,0.0000,0.1019,0.0000,0.2526,0.2364,0.0858,SAFE,False,4,4,,,,,,
1771436122.083,0.1,,,,,,,,,,,,,,,0.0858,SAFE,,3,,t1571_0,0.54,NORMAL,LOCAL,SAFE: all tasks permitted (weight=0.54),
1771436122.083,0.1,63.49,4.7770,1.032,30.9,3,,,0.02549,0.0000,0.0000,0.3319,0.0000,0.2549,0.2611,0.1209,SAFE,False,3,5,,,,,,
1771436122.083,0.1,64.00,4.8115,1.005,28.9,3,,,0.02625,0.0000,0.0000,0.1752,0.0000,0.2625,0.2475,0.0985,SAFE,False,3,5,,,,,,
1771436122.083,0.1,,,,,,,,,,,,,,,0.0985,SAFE,,2,,t1573_0,0.49,LOW,LOCAL,SAFE: all tasks permitted (weight=0.49),
1771436122.083,0.1,63.88,4.7823,1.046,31.9,3,,,0.02179,0.0000,0.0000,0.3079,0.0000,0.2179,0.2682,0.1154,SAFE,False,8,0,,,,,,window_reset|B=8
1771436122.083,0.1,,,,,,,,,,,,,,,0.1154,SAFE,,7,,t1574_0,0.31,LOW,LOCAL,SAFE: all tasks permitted (weight=0.31),
1771436122.083,0.1,,,,,,,,,,,,,,,0.1154,SAFE,,6,,t1574_1,0.83,HIGH,LOCAL,SAFE: all tasks permitted (weight=0.83),
1771436122.083,0.1,64.53,4.7501,1.172,40.9,4,,,0.02355,0.0000,0.0000,0.4540,0.0000,0.2355,0.3460,0.1518,SAFE,False,6,2,,,,,,
1771436122.083,0.1,,,,,,,,,,,,,,,0.1518,SAFE,,5,,t1575_0,0.67,HIGH,LOCAL,SAFE: all tasks permitted (weight=0.67),
1771436122.083,0.1,64.87,4.7064,1.225,44.7,5,,,0.03357,0.0000,0.0000,0.6525,0.0000,0.3357,0.3877,0.1959,SAFE,False,5,3,,,,,,
1771436122.083,0.1,,,,,,,,,,,,,,,0.1959,SAFE,,4,,t1576_0,0.80,CRITICAL,LOCAL,SAFE: all tasks permitted (weight=0.80),
1771436122.083,0.1,65.68,4.7177,1.293,49.5,5,,,0.03853,0.0456,0.0000,0.6012,0.0000,0.3853,0.4213,0.2064,SAFE,False,4,4,,,,,,
1771436122.083,0.1,,,,,,,,,,,,,,,0.2064,SAFE,,3,,t1577_0,0.26,NORMAL,LOCAL,SAFE: all tasks permitted (weight=0.26),
1771436122.083,0.1,65.57,4.7380,1.282,48.7,5,,,0.04016,0.0378,0.0000,0.5093,0.0000,0.4016,0.4162,0.1941,SAFE,False,3,5,,,,,,
1771436122.083,0.1,66.10,4.7404,1.238,45.5,5,,,0.04119,0.0736,0.0000,0.4982,0.0000,0.4119,0.3938,0.1935,SAFE,False,3,5,,,,,,
1771436122.083,0.1,,,,,,,,,,,,,,,0.1935,SAFE,,2,,t1579_0,0.39,NORMAL,LOCAL,SAFE: all tasks permitted (weight=0.39),
1771436122.083,0.1,66.07,4.7229,1.248,46.3,5,,,0.04259,0.0716,0.0000,0.5776,0.0000,0.4259,0.3991,0.2061,SAFE,False,2,6,,,,,,
1771436122.083,0.1,,,,,,,,,,,,,,,0.2061,SAFE,,1,,t1580_0,0.33,LOW,LOCAL,SAFE: all tasks permitted (weight=0.33),
1771436122.083,0.1,,,,,,,,,,,,,,,0.2061,SAFE,,0,,t1580_1,0.44,LOW,LOCAL,SAFE: all tasks permitted (weight=0.44),
1771436122.083,0.1,66.07,4.7213,1.310,50.7,5,,,0.04283,0.0712,0.0000,0.5848,0.0000,0.4283,0.4302,0.2134,SAFE,False,0,8,,,,,,
1771436122.083,0.1,,,,,,,,,,,,,,,0.2134,SAFE,,0,,t1581_0,0.70,NORMAL,OFFLOAD,"Budget exhausted (B=0), offloading. Original: SAFE: all tasks permitted (weight=0.70)",
1771436122.083,0.1,67.11,4.7491,1.264,47.4,5,,,0.03666,0.1408,0.0000,0.4585,0.0000,0.3666,0.4068,0.1945,SAFE,False,0,8,,,,,,
1771436122.083,0.1,67.26,4.7423,1.220,44.3,5,,,0.02915,0.1507,0.0000,0.4894,0.0000,0.2915,0.3850,0.1879,SAFE,False,0,8,,,,,,
1771436122.083,0.1,67.36,4.7703,1.180,41.4,4,,,0.02862,0.1575,0.0000,0.3625,0.0000,0.2862,0.3498,0.1646,SAFE,False,0,8,,,,,,
1771436122.083,0.1,,,,,,,,,,,,,,,0.1646,SAFE,,0,,t1584_0,0.32,CRITICAL,OFFLOAD,"Budget exhausted (B=0), offloading. Original: SAFE: all tasks permitted (weight=0.32)",
1771436122.083,0.1,68.11,4.7543,1.142,38.7,4,,,0.02110,0.2074,0.0000,0.4350,0.0000,0.2110,0.3310,0.1687,SAFE,False,0,8,,,,,,
1771436122.083,0.1,,,,,,,,,,,,,,,0.1687,SAFE,,0,,t1585_0,0.79,LOW,OFFLOAD,"Budget exhausted (B=0), offloading. Original: SAFE: all tasks permitted (weight=0.79)",
1771436122.083,0.1,67.41,4.7380,1.107,36.2,4,,,0.01710,0.1606,0.0000,0.5090,0.0000,0.1710,0.3135,0.1652,SAFE,False,0,8,,,,,,
1771436122.083,0.1,67.90,4.7725,1.074,33.9,3,,,0.01943,0.1932,0.0000,0.3522,0.0000,0.1943,0.2822,0.1448,SAFE,False,0,8,,,,,,
1771436122.083,0.1,67.81,4.7973,1.044,31.7,3,,,0.02256,0.1872,0.0000,0.2393,0.0000,0.2256,0.2671,0.1295,SAFE,False,0,8,,,,,,
1771436122.083,0.1,67.69,4.7885,1.016,29.7,3,,,0.02337,0.1796,0.0000,0.2794,0.0000,0.2337,0.2530,0.1318,SAFE,False,8,0,,,,,,window_reset|B=8
1771436122.084,0.1,,,,,,,,,,,,,,,0.1318,SAFE,,7,,t1589_0,0.35,HIGH,LOCAL,SAFE: all tasks permitted (weight=0.35),
1771436122.084,0.1,68.13,4.7824,1.037,31.2,3,60220.954,32.78595,0.02421,0.2086,1.0000,0.3075,0.0000,0.2421,0.2636,0.3919,WARNING,False,7,1,,,,,,
1771436122.084,0.1,67.68,4.8106,1.010,29.3,3,24637.791,67.29899,0.02779,0.1785,1.0000,0.1793,0.0000,0.2779,0.2498,0.3725,WARNING,False,7,1,,,,,,
1771436122.084,0.1,,,,,,,,,,,,,,,0.3725,WARNING,,7,,t1591_0,0.41,CRITICAL,OFFLOAD,WARNING: heavy task offloaded (weight=0.41 >= 0.3),
1771436122.084,0.1,68.17,4.7976,0.984,27.4,3,47574.121,26.95419,0.02657,0.2111,1.0000,0.2383,0.0000,0.2657,0.2369,0.3803,WARNING,False,7,1,,,,,,
1771436122.084,0.1,,,,,,,,,,,,,,,0.3803,WARNING,,7,,t1592_0,0.79,NORMAL,OFFLOAD,WARNING: heavy task offloaded (weight=0.79 >= 0.3),
1771436122.084,0.1,67.16,4.8086,0.960,25.7,2,-56306.476,53.53645,0.02447,0.1440,0.0000,0.1883,0.0000,0.2447,0.2100,0.1082,SAFE,False,7,1,,,,,,
1771436122.084,0.1,66.64,4.8105,0.938,24.1,2,-45628.125,71.45111,0.02474,0.1093,0.0000,0.1797,0.0000,0.2474,0.1988,0.1010,SAFE,False,7,1,,,,,,
1771436122.084,0.1,66.76,4.8496,0.917,22.6,2,-67267.461,76.00590,0.02825,0.1174,0.0000,0.0020,0.0000,0.2825,0.1885,0.0803,SAFE,False,7,1,,,,,,
1771436122.084,0.1,67.33,4.8726,0.898,21.3,2,-28411.360,74.27844,0.03553,0.1552,0.0000,0.0000,0.0000,0.3553,0.1789,0.0899,SAFE,False,7,1,,,,,,
1771436122.084,0.1,66.82,4.8670,0.880,20.0,2,-51694.749,77.44015,0.03744,0.1214,0.0000,0.0000,0.0000,0.3744,0.1699,0.0860,SAFE,False,7,1,,,,,,
1771436122.084,0.1,65.93,4.8604,0.863,18.8,1,,,0.03346,0.0623,0.0000,0.0000,0.0000,0.3346,0.1466,0.0703,SAFE,False,7,1,,,,,,
1771436122.084,0.1,65.96,4.8554,0.848,17.7,1,,,0.03185,0.0642,0.0000,0.0000,0.0000,0.3185,0.1389,0.0673,SAFE,False,7,1,,,,,,
1771436122.084,0.1,,,,,,,,,,,,,,,0.0673,SAFE,,6,,t1599_0,0.31,LOW,LOCAL,SAFE: all tasks permitted (weight=0.31),
1771436122.084,0.1,65.43,4.8102,0.875,19.6,2,,,0.03111,0.0287,0.0000,0.1810,0.0000,0.3111,0.1675,0.0916,SAFE,False,6,2,,,,,,
1771436122.084,0.1,,,,,,,,,,,,,,,0.0916,SAFE,,5,,t1600_0,0.60,LOW,LOCAL,SAFE: all tasks permitted (weight=0.60),
1771436122.084,0.1,65.09,4.8272,0.940,24.3,2,,,0.02898,0.0059,0.0000,0.1036,0.0000,0.2898,0.1998,0.0831,SAFE,False,5,3,,,,,,
1771436122.084,0.1,65.75,4.8097,0.919,22.8,2,,,0.02613,0.0502,0.0000,0.1832,0.0000,0.2613,0.1894,0.0939,SAFE,False,5,3,,,,,,
1771436122.084,0.1,64.88,4.8587,0.899,21.4,2,,,0.02628,0.0000,0.0000,0.0000,0.0000,0.2628,0.1797,0.0622,SAFE,False,5,3,,,,,,
1771436122.084,0.1,,,,,,,,,,,,,,,0.0622,SAFE,,4,,t1603_0,0.85,LOW,LOCAL,SAFE: all tasks permitted (weight=0.85),
1771436122.084,0.1,65.12,4.8307,0.997,28.3,3,,,0.02376,0.0083,0.0000,0.0877,0.0000,0.2376,0.2434,0.0848,SAFE,False,9,0,,,,,,window_reset|B=9
1771436122.084,0.1,64.80,4.8320,0.972,26.6,2,,,0.02214,0.0000,0.0000,0.0817,0.0000,0.2214,0.2160,0.0760,SAFE,False,9,0,,,,,,
1771436122.084,0.1,,,,,,,,,,,,,,,0.0760,SAFE,,8,,t1605_0,0.21,CRITICAL,LOCAL,SAFE: all tasks permitted (weight=0.21),
1771436122.084,0.1,64.82,4.8345,0.978,27.0,3,,,0.02036,0.0000,0.0000,0.0703,0.0000,0.2036,0.2341,0.0763,SAFE,False,8,1,,,,,,
1771436122.084,0.1,64.54,4.7953,0.955,25.3,2,,,0.02396,0.0000,0.0000,0.2486,0.0000,0.2396,0.2073,0.0977,SAFE,False,8,1,,,,,,
1771436122.084,0.1,,,,,,,,,,,,,,,0.0977,SAFE,,7,,t1607_0,0.82,NORMAL,LOCAL,SAFE: all tasks permitted (weight=0.82),
1771436122.084,0.1,,,,,,,,,,,,,,,0.0977,SAFE,,6,,t1607_1,0.29,NORMAL,LOCAL,SAFE: all tasks permitted (weight=0.29),
1771436122.084,0.1,64.41,4.7560,1.084,34.6,3,,,0.03060,0.0000,0.0000,0.4274,0.0000,0.3060,0.2870,0.1436,SAFE,False,6,3,,,,,,
1771436122.084,0.1,65.06,4.7655,1.053,32.4,3,,,0.03264,0.0037,0.0000,0.3840,0.0000,0.3264,0.2715,0.1373,SAFE,False,6,3,,,,,,
1771436122.084,0.1,64.88,4.7968,1.024,30.3,3,,,0.03070,0.0000,0.0000,0.2419,0.0000,0.3070,0.2571,0.1136,SAFE,False,6,3,,,,,,
1771436122.084,0.1,65.06,4.8021,0.997,28.4,3,,,0.02819,0.0039,0.0000,0.2179,0.0000,0.2819,0.2437,0.1057,SAFE,False,6,3,,,,,,
1771436122.084,0.1,,,,,,,,,,,,,,,0.1057,SAFE,,5,,t1611_0,0.44,CRITICAL,LOCAL,SAFE: all tasks permitted (weight=0.44),
1771436122.084,0.1,64.80,4.7337,1.032,30.9,3,,,0.03517,0.0000,0.0000,0.5284,0.0000,0.3517,0.2612,0.1561,SAFE,False,5,4,,,,,,
1771436122.084,0.1,65.45,4.8145,1.005,28.9,3,,,0.03463,0.0303,0.0000,0.1615,0.0000,0.3463,0.2475,0.1088,SAFE,False,5,4,,,,,,
1771436122.084,0.1,,,,,,,,,,,,,,,0.1088,SAFE,,4,,t1613_0,0.48,NORMAL,LOCAL,SAFE: all tasks permitted (weight=0.48),
1771436122.084,0.1,,,,,,,,,,,,,,,0.1088,SAFE,,3,,t1613_1,0.30,HIGH,LOCAL,SAFE: all tasks permitted (weight=0.30),
1771436122.084,0.1,65.18,4.7577,1.086,34.7,3,,,0.03665,0.0118,0.0000,0.4195,0.0000,0.3665,0.2881,0.1502,SAFE,False,3,6,,,,,,
1771436122.084,0.1,,,,,,,,,,,,,,,0.1502,SAFE,,2,,t1614_0,0.84,HIGH,LOCAL,SAFE: all tasks permitted (weight=0.84),
1771436122.084,0.1,,,,,,,,,,,,,,,0.1502,SAFE,,1,,t1614_1,0.72,HIGH,LOCAL,SAFE: all tasks permitted (weight=0.72),
1771436122.084,0.1,65.15,4.7248,1.268,47.7,5,,,0.03690,0.0102,0.0000,0.5693,0.0000,0.3690,0.4092,0.1940,SAFE,False,1,8,,,,,,
1771436122.084,0.1,,,,,,,,,,,,,,,0.1940,SAFE,,0,,t1615_0,0.60,HIGH,LOCAL,SAFE: all tasks permitted (weight=0.60),
1771436122.084,0.1,66.32,4.7186,1.306,50.4,5,,,0.03879,0.0883,0.0000,0.5974,0.0000,0.3879,0.4279,0.2126,SAFE,False,0,9,,,,,,
1771436122.084,0.1,,,,,,,,,,,,,,,0.2126,SAFE,,0,,t1616_0,0.30,LOW,OFFLOAD,"Budget exhausted (B=0), offloading. Original: SAFE: all tasks permitted (weight=0.30)",
1771436122.084,0.1,66.08,4.7511,1.259,47.1,5,,,0.03565,0.0722,0.0000,0.4493,0.0000,0.3565,0.4047,0.1837,SAFE,False,0,9,,,,,,
1771436122.084,0.1,,,,,,,,,,,,,,,0.1837,SAFE,,0,,t1617_0,0.36,NORMAL,OFFLOAD,"Budget exhausted (B=0), offloading. Original: SAFE: all tasks permitted (weight=0.36)",
1771436122.084,0.1,66.24,4.7204,1.216,44.0,5,,,0.03248,0.0829,0.0000,0.5890,0.0000,0.3248,0.3831,0.1956,SAFE,False,0,9,,,,,,
1771436122.084,0.1,,,,,,,,,,,,,,,0.1956,SAFE,,0,,t1618_0,0.22,LOW,OFFLOAD,"Budget exhausted (B=0), offloading. Original: SAFE: all tasks permitted (weight=0.22)",
1771436122.084,0.1,66.86,4.7214,1.176,41.1,4,,,0.03247,0.1241,0.0000,0.5847,0.0000,0.3247,0.3480,0.1930,SAFE,False,8,0,,,,,,window_reset|B=8
1771436122.084,0.1,,,,,,,,,,,,,,,0.1930,SAFE,,7,,t1619_0,0.48,LOW,LOCAL,SAFE: all tasks permitted (weight=0.48),
1771436122.084,0.1,67.09,4.7327,1.204,43.2,5,,,0.03306,0.1395,0.0000,0.5334,0.0000,0.3306,0.3772,0.1946,SAFE,False,7,1,,,,,,
1771436122.084,0.1,,,,,,,,,,,,,,,0.1946,SAFE,,6,,t1620_0,0.34,NORMAL,LOCAL,SAFE: all tasks permitted (weight=0.34),
1771436122.084,0.1,67.03,4.7338,1.212,43.7,5,,,0.03324,0.1355,0.0000,0.5282,0.0000,0.3324,0.3809,0.1943,SAFE,False,6,2,,,,,,
1771436122.084,0.1,67.20,4.7390,1.172,40.8,4,,,0.03026,0.1465,0.0000,0.5045,0.0000,0.3026,0.3459,0.1826,SAFE,False,6,2,,,,,,
1771436122.084,0.1,67.91,4.7644,1.135,38.2,4,,,0.02590,0.1939,0.0000,0.3889,0.0000,0.2590,0.3274,0.1652,SAFE,False,6,2,,,,,,
1771436122.084,0.1,,,,,,,,,,,,,,,0.1652,SAFE,,5,,t1623_0,0.33,HIGH,LOCAL,SAFE: all tasks permitted (weight=0.33),
1771436122.084,0.1,,,,,,,,,,,,,,,0.1652,SAFE,,4,,t1623_1,0.32,HIGH,LOCAL,SAFE: all tasks permitted (weight=0.32),
1771436122.084,0.1,67.71,4.7821,1.189,42.1,4,,,0.02788,0.1805,0.0000,0.3088,0.0000,0.2788,0.3544,0.1606,SAFE,False,4,4,,,,,,
1771436122.086,0.1,67.69,4.7689,1.150,39.3,4,63995.805,11.83118,0.02053,0.1790,1.0000,0.3685,0.0000,0.2053,0.3352,0.4070,WARNING,False,4,4,,,,,,
1771436122.086,0.1,67.98,4.7644,1.115,36.8,4,69131.596,29.26391,0.02100,0.1983,1.0000,0.3891,0.0000,0.2100,0.3174,0.4089,WARNING,False,4,4,,,,,,
1771436122.086,0.1,67.71,4.7848,1.082,34.4,3,33956.773,42.19433,0.02301,0.1808,1.0000,0.2965,0.0000,0.2301,0.2859,0.3904,WARNING,False,4,4,,,,,,
1771436122.086,0.1,68.28,4.7398,1.051,32.2,3,47201.583,4.74125,0.02140,0.2183,1.0000,0.5010,0.0000,0.2140,0.2705,0.4168,WARNING,False,4,4,,,,,,
1771436122.086,0.1,68.28,4.8070,1.022,30.2,3,49861.828,48.69080,0.02654,0.2187,1.0000,0.1956,0.0000,0.2654,0.2562,0.3795,WARNING,False,4,4,,,,,,
1771436122.086,0.1,68.13,4.8236,0.996,28.3,3,37397.836,56.28223,0.03041,0.2090,1.0000,0.1200,0.0000,0.3041,0.2429,0.3697,WARNING,False,4,4,,,,,,
1771436122.086,0.1,,,,,,,,,,,,,,,0.3697,WARNING,,4,,t1630_0,0.59,LOW,OFFLOAD,WARNING: heavy task offloaded (weight=0.59 >= 0.3),
1771436122.086,0.1,67.90,4.8279,0.971,26.5,2,-172.856,42.24802,0.03232,0.1936,0.0000,0.1003,0.0000,0.3232,0.2155,0.1117,SAFE,False,4,4,,,,,,
1771436122.086,0.1,,,,,,,,,,,,,,,0.1117,SAFE,,3,,t1631_0,0.20,HIGH,LOCAL,SAFE: all tasks permitted (weight=0.20),
1771436122.086,0.1,67.43,4.7707,0.976,26.9,2,-11122.708,-7.55852,0.03005,0.1619,0.0000,0.3604,1.0000,0.3005,0.2180,0.3400,WARNING,False,3,5,,,,,,
1771436122.086,0.1,,,,,,,,,,,,,,,0.3400,WARNING,,2,,t1632_0,0.27,NORMAL,LOCAL,WARNING: lightweight task permitted (weight=0.27 < 0.3),
1771436122.086,0.1,67.52,4.7931,0.990,27.9,3,,,0.02756,0.1679,0.0000,0.2586,0.0000,0.2756,0.2401,0.1293,SAFE,False,2,6,,,,,,
1771436122.086,0.1,67.12,4.8153,0.966,26.1,2,,,0.02601,0.1416,0.0000,0.1579,0.0000,0.2601,0.2129,0.1061,SAFE,False,8,0,,,,,,window_reset|B=8
1771436122.086,0.1,66.81,4.8377,0.943,24.5,2,,,0.02852,0.1206,0.0000,0.0559,0.0000,0.2852,0.2016,0.0906,SAFE,False,8,0,,,,,,
1771436122.086,0.1,67.26,4.8184,0.922,23.0,2,,,0.02913,0.1508,0.0000,0.1435,0.0000,0.2913,0.1910,0.1041,SAFE,False,8,0,,,,,,
1771436122.086,0.1,,,,,,,,,,,,,,,0.1041,SAFE,,7,,t1636_0,0.81,CRITICAL,LOCAL,SAFE: all tasks permitted (weight=0.81),
1771436122.086,0.1,67.00,4.7551,1.014,29.6,3,,,0.03042,0.1335,0.0000,0.4315,0.0000,0.3042,0.2521,0.1529,SAFE,False,7,1,,,,,,
1771436122.086,0.1,,,,,,,,,,,,,,,0.1529,SAFE,,6,,t1637_0,0.54,NORMAL,LOCAL,SAFE: all tasks permitted (weight=0.54),
1771436122.086,0.1,66.86,4.7713,1.063,33.1,3,,,0.02990,0.1241,0.0000,0.3577,0.0000,0.2990,0.2764,0.1466,SAFE,False,6,2,,,,,,
1771436122.086,0.1,,,,,,,,,,,,,,,0.1466,SAFE,,5,,t1638_0,0.67,NORMAL,LOCAL,SAFE: all tasks permitted (weight=0.67),
1771436122.086,0.1,,,,,,,,,,,,,,,0.1466,SAFE,,4,,t1638_1,0.78,CRITICAL,LOCAL,SAFE: all tasks permitted (weight=0.78),
1771436122.086,0.1,67.48,4.7629,1.233,45.2,5,,,0.03113,0.1651,0.0000,0.3959,0.0000,0.3113,0.3913,0.1807,SAFE,False,4,4,,,,,,
1771436122.086,0.1,67.32,4.7776,1.191,42.2,4,,,0.02719,0.1549,0.0000,0.3290,0.0000,0.2719,0.3556,0.1597,SAFE,False,4,4,,,,,,
1771436122.086,0.1,,,,,,,,,,,,,,,0.1597,SAFE,,3,,t1640_0,0.57,LOW,LOCAL,SAFE: all tasks permitted (weight=0.57),
1771436122.086,0.1,67.71,4.7235,1.231,45.1,5,,,0.03361,0.1805,0.0000,0.5752,0.0000,0.3361,0.3907,0.2082,SAFE,False,3,5,,,,,,
1771436122.086,0.1,,,,,,,,,,,,,,,0.2082,SAFE,,2,,t1641_0,0.33,HIGH,LOCAL,SAFE: all tasks permitted (weight=0.33),
1771436122.086,0.1,68.24,4.7593,1.235,45.4,5,,,0.03291,0.2158,0.0000,0.4125,0.0000,0.3291,0.3927,0.1910,SAFE,False,2,6,,,,,,
1771436122.086,0.1,67.77,4.7531,1.194,42.4,4,,,0.03111,0.1845,0.0000,0.4403,0.0000,0.3111,0.3570,0.1819,SAFE,False,2,6,,,,,,
1771436122.086,0.1,69.11,4.7550,1.155,39.7,4,,,0.03172,0.2740,0.0000,0.4319,0.0000,0.3172,0.3376,0.1883,SAFE,False,2,6,,,,,,
1771436122.086,0.1,,,,,,,,,,,,,,,0.1883,SAFE,,1,,t1644_0,0.40,LOW,LOCAL,SAFE: all tasks permitted (weight=0.40),
1771436122.086,0.1,68.38,4.7349,1.174,41.0,4,,,0.03327,0.2254,0.0000,0.5230,0.0000,0.3327,0.3471,0.1977,SAFE,False,1,7,,,,,,
1771436122.086,0.1,69.14,4.7719,1.137,38.4,4,,,0.03062,0.2760,0.0000,0.3548,0.0000,0.3062,0.3285,0.1756,SAFE,False,1,7,,,,,,
1771436122.086,0.1,,,,,,,,,,,,,,,0.1756,SAFE,,0,,t1646_0,0.36,LOW,LOCAL,SAFE: all tasks permitted (weight=0.36),
1771436122.086,0.1,68.52,4.7462,1.152,39.4,4,,,0.02281,0.2346,0.0000,0.4716,0.0000,0.2281,0.3358,0.1794,SAFE,False,0,8,,,,,,
1771436122.086,0.1,69.03,4.7591,1.116,36.9,4,,,0.01481,0.2688,0.0000,0.4132,0.0000,0.1481,0.3180,0.1644,SAFE,False,0,8,,,,,,
1771436122.086,0.1,68.95,4.7704,1.083,34.5,3,,,0.01534,0.2635,0.0000,0.3618,0.0000,0.1534,0.2864,0.1513,SAFE,False,8,0,,,,,,window_reset|B=8
1771436122.086,0.1,68.67,4.7521,1.052,32.3,3,,,0.01476,0.2449,0.0000,0.4450,0.0000,0.1476,0.2710,0.1562,SAFE,False,8,0,,,,,,
1771436122.086,0.1,68.95,4.7894,1.023,30.2,3,,,0.01744,0.2635,0.0000,0.2754,0.0000,0.1744,0.2566,0.1362,SAFE,False,8,0,,,,,,
1771436122.086,0.1,68.93,4.8256,0.997,28.3,3,,,0.02529,0.2621,0.0000,0.1108,0.0000,0.2529,0.2433,0.1198,SAFE,False,8,0,,,,,,
1771436122.086,0.1,,,,,,,,,,,,,,,0.1198,SAFE,,7,,t1652_0,0.49,NORMAL,LOCAL,SAFE: all tasks permitted (weight=0.49),
1771436122.087,0.1,68.54,4.7647,1.040,31.4,3,9219.643,29.62479,0.02251,0.2357,1.0000,0.3878,0.0000,0.2251,0.2649,0.4042,WARNING,False,7,1,,,,,,
1771436122.087,0.1,68.72,4.8144,1.012,29.4,3,-24833.265,42.23936,0.02616,0.2483,0.0000,0.1620,0.0000,0.2616,0.2510,0.1272,SAFE,False,7,1,,,,,,
1771436122.087,0.1,68.55,4.8010,0.986,27.6,3,2142.302,54.52557,0.02696,0.2370,1.0000,0.2227,0.0000,0.2696,0.2380,0.3820,WARNING,False,7,1,,,,,,
1771436122.087,0.1,68.05,4.8240,0.962,25.9,2,-58417.884,64.67494,0.02959,0.2036,0.0000,0.1180,0.0000,0.2959,0.2110,0.1115,SAFE,False,7,1,,,,,,
1771436122.087,0.1,,,,,,,,,,,,,,,0.1115,SAFE,,6,,t1656_0,0.65,LOW,LOCAL,SAFE: all tasks permitted (weight=0.65),
1771436122.087,0.1,67.85,4.8024,1.029,30.7,3,-65950.908,31.90666,0.02688,0.1899,0.0000,0.2162,0.0000,0.2688,0.2596,0.1297,SAFE,False,6,2,,,,,,
1771436122.087,0.1,,,,,,,,,,,,,,,0.1297,SAFE,,5,,t1657_0,0.73,LOW,LOCAL,SAFE: all tasks permitted (weight=0.73),
1771436122.087,0.1,68.56,4.7932,1.102,35.9,4,-6714.470,40.92502,0.02665,0.2374,0.0000,0.2582,0.0000,0.2665,0.3112,0.1509,SAFE,False,5,3,,,,,,
1771436122.087,0.1,67.90,4.7751,1.070,33.6,3,-62779.584,-14.21397,0.02405,0.1935,0.0000,0.3403,1.0000,0.2405,0.2801,0.3475,WARNING,False,5,3,,,,,,
1771436122.087,0.1,68.11,4.7817,1.040,31.4,3,-49137.361,-43.72711,0.02244,0.2073,0.0000,0.3104,1.0000,0.2244,0.2651,0.3407,WARNING,False,5,3,,,,,,
1771436122.087,0.1,,,,,,,,,,,,,,,0.3407,WARNING,,5,,t1660_0,0.48,NORMAL,OFFLOAD,WARNING: heavy task offloaded (weight=0.48 >= 0.3),
1771436122.087,0.1,67.52,4.7560,1.012,29.5,3,,,0.02386,0.1679,0.0000,0.4273,0.0000,0.2386,0.2512,0.1498,SAFE,False,5,3,,,,,,
1771436122.087,0.1,,,,,,,,,,,,,,,0.1498,SAFE,,4,,t1661_0,0.47,LOW,LOCAL,SAFE: all tasks permitted (weight=0.47),
1771436122.087,0.1,,,,,,,,,,,,,,,0.1498,SAFE,,3,,t1661_1,0.81,CRITICAL,LOCAL,SAFE: all tasks permitted (weight=0.81),
1771436122.087,0.1,68.04,4.7053,1.163,40.2,4,,,0.03214,0.2024,0.0000,0.6579,0.0000,0.3214,0.3415,0.2103,SAFE,False,3,5,,,,,,
1771436122.087,0.1,,,,,,,,,,,,,,,0.2103,SAFE,,2,,t1662_0,0.43,LOW,LOCAL,SAFE: all tasks permitted (weight=0.43),
1771436122.087,0.1,68.41,4.7722,1.187,41.9,4,,,0.03234,0.2273,0.0000,0.3537,0.0000,0.3234,0.3533,0.1762,SAFE,False,2,6,,,,,,
1771436122.087,0.1,,,,,,,,,,,,,,,0.1762,SAFE,,1,,t1663_0,0.49,NORMAL,LOCAL,SAFE: all tasks permitted (weight=0.49),
1771436122.087,0.1,67.79,4.7243,1.217,44.0,5,,,0.03374,0.1862,0.0000,0.5715,0.0000,0.3374,0.3833,0.2070,SAFE,False,7,0,,,,,,window_reset|B=7
1771436122.087,0.1,69.20,4.7668,1.176,41.2,4,,,0.03368,0.2800,0.0000,0.3782,0.0000,0.3368,0.3481,0.1861,SAFE,False,7,0,,,,,,
1771436122.087,0.1,68.81,4.7406,1.139,38.5,4,,,0.03291,0.2539,0.0000,0.4973,0.0000,0.3291,0.3294,0.1939,SAFE,False,7,0,,,,,,
1771436122.087,0.1,68.73,4.7481,1.104,36.0,4,,,0.03202,0.2485,0.0000,0.4634,0.0000,0.3202,0.3121,0.1845,SAFE,False,7,0,,,,,,
1771436122.087,0.1,69.15,4.7780,1.072,33.7,3,,,0.02721,0.2766,0.0000,0.3275,0.0000,0.2721,0.2809,0.1591,SAFE,False,7,0,,,,,,
1771436122.087,0.1,,,,,,,,,,,,,,,0.1591,SAFE,,6,,t1668_0,0.42,NORMAL,LOCAL,SAFE: all tasks permitted (weight=0.42),
1771436122.087,0.1,,,,,,,,,,,,,,,0.1591,SAFE,,5,,t1668_1,0.57,NORMAL,LOCAL,SAFE: all tasks permitted (weight=0.57),
1771436122.087,0.1,69.69,4.7751,1.179,41.3,4,,,0.02476,0.3124,0.0000,0.3403,0.0000,0.2476,0.3494,0.1764,SAFE,False,5,2,,,,,,
1771436122.087,0.1,,,,,,,,,,,,,,,0.1764,SAFE,,4,,t1669_0,0.23,LOW,LOCAL,SAFE: all tasks permitted (weight=0.23),
1771436122.087,0.1,69.73,4.7485,1.173,40.9,4,,,0.02272,0.3151,0.0000,0.4614,0.0000,0.2272,0.3464,0.1898,SAFE,False,4,3,,,,,,
1771436122.087,0.1,,,,,,,,,,,,,,,0.1898,SAFE,,3,,t1670_0,0.59,HIGH,LOCAL,SAFE: all tasks permitted (weight=0.59),
1771436122.087,0.1,69.25,4.7232,1.218,44.1,5,,,0.02359,0.2835,0.0000,0.5766,0.0000,0.2359,0.3840,0.2094,SAFE,False,3,4,,,,,,
1771436122.087,0.1,,,,,,,,,,,,,,,0.2094,SAFE,,2,,t1671_0,0.32,LOW,LOCAL,SAFE: all tasks permitted (weight=0.32),
1771436122.087,0.1,69.96,4.7503,1.222,44.5,5,,,0.02178,0.3306,0.0000,0.4530,0.0000,0.2178,0.3862,0.1976,SAFE,False,2,5,,,,,,
1771436122.087,0.1,,,,,,,,,,,,,,,0.1976,SAFE,,1,,t1672_0,0.50,NORMAL,LOCAL,SAFE: all tasks permitted (weight=0.50),
1771436122.087,0.1,70.04,4.7503,1.252,46.5,5,,,0.02168,0.3359,0.0000,0.4534,0.0000,0.2168,0.4008,0.2011,SAFE,False,1,6,,,,,,
1771436122.087,0.1,,,,,,,,,,,,,,,0.2011,SAFE,,0,,t1673_0,0.46,NORMAL,LOCAL,SAFE: all tasks permitted (weight=0.46),
1771436122.087,0.1,,,,,,,,,,,,,,,0.2011,SAFE,,0,,t1673_1,0.63,LOW,OFFLOAD,"Budget exhausted (B=0), offloading. Original: SAFE: all tasks permitted (weight=0.63)",
1771436122.087,0.1,70.93,4.7201,1.273,48.1,5,,,0.01949,0.3954,0.0000,0.5905,0.0000,0.1949,0.4114,0.2260,SAFE,False,0,7,,,,,,
1771436122.087,0.1,,,,,,,,,,,,,,,0.2260,SAFE,,0,,t1674_0,0.75,LOW,OFFLOAD,"Budget exhausted (B=0), offloading. Original: SAFE: all tasks permitted (weight=0.75)",
1771436122.087,0.1,70.63,4.7007,1.229,44.9,5,,,0.02244,0.3756,0.0000,0.6788,0.0000,0.2244,0.3893,0.2336,SAFE,False,0,7,,,,,,
1771436122.087,0.1,70.97,4.7603,1.188,42.0,4,,,0.02203,0.3982,0.0000,0.4079,0.0000,0.2203,0.3538,0.1936,SAFE,False,0,7,,,,,,
1771436122.087,0.1,70.62,4.7139,1.149,39.2,4,,,0.02287,0.3747,0.0000,0.6186,0.0000,0.2287,0.3347,0.2152,SAFE,False,0,7,,,,,,
1771436122.087,0.1,70.74,4.7463,1.114,36.7,4,,,0.02288,0.3828,0.0000,0.4713,0.0000,0.2288,0.3169,0.1935,SAFE,False,0,7,,,,,,
1771436122.087,0.1,,,,,,,,,,,,,,,0.1935,SAFE,,0,,t1678_0,0.54,NORMAL,OFFLOAD,"Budget exhausted (B=0), offloading. Original: SAFE: all tasks permitted (weight=0.54)",
1771436122.087,0.1,71.20,4.7597,1.081,34.3,3,,,0.02333,0.4135,0.0000,0.4103,0.0000,0.2333,0.2854,0.1834,SAFE,False,8,0,,,,,,window_reset|B=8
1771436122.087,0.1,,,,,,,,,,,,,,,0.1834,SAFE,,7,,t1679_0,0.51,LOW,LOCAL,SAFE: all tasks permitted (weight=0.51),
1771436122.087,0.1,71.01,4.7429,1.121,37.2,4,,,0.02095,0.4007,0.0000,0.4870,0.0000,0.2095,0.3205,0.1964,SAFE,False,7,1,,,,,,
1771436122.087,0.1,,,,,,,,,,,,,,,0.1964,SAFE,,6,,t1680_0,0.57,NORMAL,LOCAL,SAFE: all tasks permitted (weight=0.57),
1771436122.087,0.1,,,,,,,,,,,,,,,0.1964,SAFE,,5,,t1680_1,0.56,HIGH,LOCAL,SAFE: all tasks permitted (weight=0.56),
1771436122.087,0.1,,,,,,,,,,,,,,,0.1964,SAFE,,4,,t1680_2,0.55,NORMAL,LOCAL,SAFE: all tasks permitted (weight=0.55),
1771436122.087,0.1,71.45,4.6868,1.322,51.6,6,,,0.02304,0.4298,0.0000,0.7416,0.0000,0.2304,0.4509,0.2612,WARNING,False,4,4,,,,,,
1771436122.088,0.1,,,,,,,,,,,,,,,0.2612,WARNING,,4,,t1681_0,0.63,NORMAL,OFFLOAD,WARNING: heavy task offloaded (weight=0.63 >= 0.3),
1771436122.088,0.1,71.45,4.7435,1.274,48.2,5,31295.925,23.28507,0.02281,0.4303,1.0000,0.4843,0.0000,0.2281,0.4121,0.4698,WARNING,False,4,4,,,,,,
1771436122.088,0.1,,,,,,,,,,,,,,,0.4698,WARNING,,4,,t1682_0,0.84,NORMAL,OFFLOAD,WARNING: heavy task offloaded (weight=0.84 >= 0.3),
1771436122.088,0.1,71.59,4.6944,1.230,45.0,5,57277.088,-6.25295,0.02513,0.4395,1.0000,0.7073,1.0000,0.2513,0.3899,0.6978,CRITICAL,False,4,4,,,,,,
1771436122.088,0.1,71.45,4.7881,1.189,42.1,4,28535.307,27.74160,0.02939,0.4300,1.0000,0.2814,0.0000,0.2939,0.3544,0.4384,CRITICAL,False,4,4,,,,,,
1771436122.088,0.1,,,,,,,,,,,,,,,0.4384,CRITICAL,,4,,t1684_0,0.45,HIGH,OFFLOAD,CRITICAL: non-critical task offloaded (priority=HIGH),
1771436122.088,0.1,72.83,4.7672,1.150,39.3,4,132261.386,53.15086,0.03053,0.5221,1.0000,0.3763,0.0000,0.3053,0.3352,0.4591,CRITICAL,False,4,4,,,,,,
1771436122.088,0.1,72.20,4.7433,1.115,36.8,4,87013.986,-2.98666,0.03023,0.4798,1.0000,0.4849,1.0000,0.3023,0.3174,0.6643,CRITICAL,False,4,4,,,,,,
1771436122.088,0.1,71.42,4.7525,1.082,34.4,3,13284.586,-7.22603,0.02834,0.4283,1.0000,0.4432,1.0000,0.2834,0.2859,0.6445,CRITICAL,False,4,4,,,,,,
1771436122.088,0.1,,,,,,,,,,,,,,,0.6445,CRITICAL,,4,,t1687_0,0.51,LOW,OFFLOAD,CRITICAL: non-critical task offloaded (priority=LOW),
1771436122.088,0.1,,,,,,,,,,,,,,,0.6445,CRITICAL,,4,,t1687_1,0.30,LOW,OFFLOAD,CRITICAL: non-critical task offloaded (priority=LOW),
1771436122.088,0.1,71.74,4.7679,1.051,32.2,3,43396.595,25.00302,0.02884,0.4490,1.0000,0.3730,0.0000,0.2884,0.2705,0.4353,CRITICAL,False,4,4,,,,,,
1771436122.088,0.1,,,,,,,,,,,,,,,0.4353,CRITICAL,,3,,t1688_0,0.24,CRITICAL,LOCAL,CRITICAL: mission-critical task permitted locally (priority=CRITICAL),
1771436122.088,0.1,71.40,4.7947,1.056,32.6,3,-2609.985,107.58280,0.03081,0.4269,0.0000,0.2511,0.0000,0.3081,0.2729,0.1693,WARNING,False,3,5,,,,,,
1771436122.088,0.1,,,,,,,,,,,,,,,0.1693,WARNING,,3,,t1689_0,0.79,LOW,OFFLOAD,WARNING: heavy task offloaded (weight=0.79 >= 0.3),
1771436122.088,0.1,70.85,4.8059,1.027,30.5,3,,,0.03456,0.3902,0.0000,0.2006,0.0000,0.3456,0.2584,0.1591,SAFE,False,3,5,,,,,,
1771436122.088,0.1,,,,,,,,,,,,,,,0.1591,SAFE,,2,,t1690_0,0.24,NORMAL,LOCAL,SAFE: all tasks permitted (weight=0.24),
1771436122.088,0.1,,,,,,,,,,,,,,,0.1591,SAFE,,1,,t1690_1,0.53,NORMAL,LOCAL,SAFE: all tasks permitted (weight=0.53),
1771436122.088,0.1,71.50,4.7780,1.107,36.2,4,,,0.03518,0.4334,0.0000,0.3271,0.0000,0.3518,0.3134,0.1924,SAFE,False,1,7,,,,,,
1771436122.088,0.1,71.60,4.7347,1.074,33.9,3,,,0.03549,0.4399,0.0000,0.5241,0.0000,0.3549,0.2821,0.2128,SAFE,False,1,7,,,,,,
1771436122.088,0.1,,,,,,,,,,,,,,,0.2128,SAFE,,0,,t1692_0,0.33,LOW,LOCAL,SAFE: all tasks permitted (weight=0.33),
1771436122.088,0.1,,,,,,,,,,,,,,,0.2128,SAFE,,0,,t1692_1,0.30,NORMAL,OFFLOAD,"Budget exhausted (B=0), offloading. Original: SAFE: all tasks permitted (weight=0.30)",
1771436122.088,0.1,71.79,4.7760,1.090,35.0,3,,,0.02929,0.4525,0.0000,0.3364,0.0000,0.2929,0.2898,0.1853,SAFE,False,0,8,,,,,,
1771436122.088,0.1,71.61,4.8235,1.058,32.7,3,,,0.03313,0.4405,0.0000,0.1204,0.0000,0.3313,0.2742,0.1565,SAFE,False,8,0,,,,,,window_reset|B=8
1771436122.088,0.1,,,,,,,,,,,,,,,0.1565,SAFE,,7,,t1694_0,0.81,NORMAL,LOCAL,SAFE: all tasks permitted (weight=0.81),
1771436122.088,0.1,70.90,4.7531,1.143,38.8,4,,,0.02514,0.3935,0.0000,0.4406,0.0000,0.2514,0.3313,0.1959,SAFE,False,7,1,,,,,,
1771436122.088,0.1,71.80,4.7402,1.108,36.3,4,,,0.02632,0.4532,0.0000,0.4990,0.0000,0.2632,0.3138,0.2083,SAFE,False,7,1,,,,,,
1771436122.088,0.1,71.28,4.7674,1.075,33.9,3,,,0.02632,0.4188,0.0000,0.3756,0.0000,0.2632,0.2825,0.1819,SAFE,False,7,1,,,,,,
1771436122.088,0.1,70.78,4.7939,1.045,31.8,3,,,0.02579,0.3855,0.0000,0.2548,0.0000,0.2579,0.2673,0.1587,SAFE,False,7,1,,,,,,
1771436122.088,0.1,,,,,,,,,,,,,,,0.1587,SAFE,,6,,t1698_0,0.66,HIGH,LOCAL,SAFE: all tasks permitted (weight=0.66),
1771436122.088,0.1,71.94,4.7692,1.108,36.3,4,,,0.02504,0.4627,0.0000,0.3673,0.0000,0.2504,0.3142,0.1911,SAFE,False,6,2,,,,,,
1771436122.088,0.1,71.08,4.7724,1.076,34.0,3,,,0.02495,0.4056,0.0000,0.3526,0.0000,0.2495,0.2829,0.1760,SAFE,False,6,2,,,,,,
1771436122.088,0.1,71.43,4.7928,1.045,31.8,3,,,0.02484,0.4289,0.0000,0.2599,0.0000,0.2484,0.2677,0.1636,SAFE,False,6,2,,,,,,
1771436122.088,0.1,,,,,,,,,,,,,,,0.1636,SAFE,,5,,t1701_0,0.34,NORMAL,LOCAL,SAFE: all tasks permitted (weight=0.34),
1771436122.088,0.1,70.86,4.8047,1.064,33.2,3,,,0.02472,0.3909,0.0000,0.2058,0.0000,0.2472,0.2771,0.1538,SAFE,False,5,3,,,,,,
1771436122.088,0.1,71.10,4.7794,1.035,31.0,3,,,0.02474,0.4067,0.0000,0.3211,0.0000,0.2474,0.2623,0.1677,SAFE,False,5,3,,,,,,
1771436122.088,0.1,70.69,4.8136,1.007,29.1,3,,,0.02344,0.3792,0.0000,0.1653,0.0000,0.2344,0.2486,0.1402,SAFE,False,5,3,,,,,,
1771436122.088,0.1,,,,,,,,,,,,,,,0.1402,SAFE,,4,,t1704_0,0.67,NORMAL,LOCAL,SAFE: all tasks permitted (weight=0.67),
1771436122.088,0.1,70.81,4.7856,1.075,34.0,3,,,0.02338,0.3877,0.0000,0.2926,0.0000,0.2338,0.2827,0.1645,SAFE,False,4,4,,,,,,
1771436122.088,0.1,,,,,,,,,,,,,,,0.1645,SAFE,,3,,t1705_0,0.66,LOW,LOCAL,SAFE: all tasks permitted (weight=0.66),
1771436122.088,0.1,71.17,4.7621,1.137,38.4,4,,,0.02049,0.4113,0.0000,0.3994,0.0000,0.2049,0.3286,0.1875,SAFE,False,3,5,,,,,,
1771436122.088,0.1,70.83,4.7872,1.102,35.9,4,,,0.01918,0.3888,0.0000,0.2853,0.0000,0.1918,0.3112,0.1652,SAFE,False,3,5,,,,,,
1771436122.088,0.1,71.00,4.8030,1.070,33.6,3,,,0.01565,0.3999,0.0000,0.2138,0.0000,0.1565,0.2801,0.1475,SAFE,False,3,5,,,,,,
1771436122.088,0.1,70.61,4.7956,1.040,31.4,3,,,0.01478,0.3737,0.0000,0.2474,0.0000,0.1478,0.2651,0.1448,SAFE,False,8,0,,,,,,window_reset|B=8
1771436122.088,0.1,70.28,4.8135,1.012,29.5,3,,,0.01631,0.3522,0.0000,0.1660,0.0000,0.1631,0.2512,0.1304,SAFE,False,8,0,,,,,,
1771436122.088,0.1,,,,,,,,,,,,,,,0.1304,SAFE,,7,,t1710_0,0.56,LOW,LOCAL,SAFE: all tasks permitted (weight=0.56),
1771436122.088,0.1,69.96,4.7864,1.065,33.2,3,,,0.01514,0.3306,0.0000,0.2892,0.0000,0.1514,0.2777,0.1479,SAFE,False,7,1,,,,,,
1771436122.089,0.1,,,,,,,,,,,,,,,0.1479,SAFE,,6,,t1711_0,0.63,NORMAL,LOCAL,SAFE: all tasks permitted (weight=0.63),
1771436122.089,0.1,,,,,,,,,,,,,,,0.1479,SAFE,,5,,t1711_1,0.26,HIGH,LOCAL,SAFE: all tasks permitted (weight=0.26),
1771436122.089,0.1,70.81,4.7598,1.161,40.1,4,7442.753,-53.82441,0.01677,0.3874,1.0000,0.4100,1.0000,0.1677,0.3404,0.6347,WARNING,False,5,3,,,,,,
1771436122.089,0.1,70.23,4.7469,1.125,37.5,4,-35136.883,-38.73254,0.02057,0.3486,0.0000,0.4687,1.0000,0.2057,0.3223,0.3878,WARNING,False,5,3,,,,,,
1771436122.089,0.1,,,,,,,,,,,,,,,0.3878,WARNING,,5,,t1713_0,0.68,HIGH,OFFLOAD,WARNING: heavy task offloaded (weight=0.68 >= 0.3),
1771436122.089,0.1,70.42,4.7459,1.091,35.1,4,-45109.828,-16.19022,0.02254,0.3612,0.0000,0.4730,1.0000,0.2254,0.3054,0.3885,WARNING,False,5,3,,,,,,
1771436122.089,0.1,70.68,4.7534,1.059,32.8,3,-9246.217,-33.79663,0.02386,0.3785,0.0000,0.4389,1.0000,0.2386,0.2747,0.3813,WARNING,False,5,3,,,,,,
1771436122.089,0.1,69.58,4.7796,1.030,30.7,3,-85327.824,-23.40627,0.02153,0.3051,0.0000,0.3202,1.0000,0.2153,0.2601,0.3518,WARNING,False,5,3,,,,,,
1771436122.089,0.1,,,,,,,,,,,,,,,0.3518,WARNING,,4,,t1716_0,0.22,NORMAL,LOCAL,WARNING: lightweight task permitted (weight=0.22 < 0.3),
1771436122.089,0.1,,,,,,,,,,,,,,,0.3518,WARNING,,4,,t1716_1,0.70,NORMAL,OFFLOAD,WARNING: heavy task offloaded (weight=0.70 >= 0.3),
1771436122.089,0.1,70.11,4.7918,1.034,31.0,3,-29893.637,-3.78219,0.02181,0.3405,0.0000,0.2646,1.0000,0.2181,0.2620,0.3495,WARNING,False,4,4,,,,,,
1771436122.089,0.1,,,,,,,,,,,,,,,0.3495,WARNING,,4,,t1717_0,0.37,NORMAL,OFFLOAD,WARNING: heavy task offloaded (weight=0.37 >= 0.3),
1771436122.089,0.1,70.41,4.7878,1.007,29.0,3,7583.882,-25.66534,0.02150,0.3606,1.0000,0.2827,1.0000,0.2150,0.2483,0.6012,CRITICAL,False,4,4,,,,,,
1771436122.089,0.1,69.74,4.7791,0.981,27.2,3,-13411.403,-7.23814,0.02136,0.3157,0.0000,0.3221,1.0000,0.2136,0.2355,0.3482,WARNING,False,4,4,,,,,,
1771436122.089,0.1,69.72,4.8248,0.957,25.5,2,,,0.02411,0.3149,0.0000,0.1146,0.0000,0.2411,0.2086,0.1185,SAFE,False,4,4,,,,,,
1771436122.089,0.1,68.95,4.7937,0.935,23.9,2,,,0.02402,0.2632,0.0000,0.2558,0.0000,0.2402,0.1976,0.1284,SAFE,False,4,4,,,,,,
1771436122.089,0.1,,,,,,,,,,,,,,,0.1284,SAFE,,3,,t1721_0,0.36,HIGH,LOCAL,SAFE: all tasks permitted (weight=0.36),
1771436122.089,0.1,,,,,,,,,,,,,,,0.1284,SAFE,,2,,t1721_1,0.25,NORMAL,LOCAL,SAFE: all tasks permitted (weight=0.25),
1771436122.089,0.1,69.16,4.7740,1.000,28.5,3,,,0.02185,0.2774,0.0000,0.3455,0.0000,0.2185,0.2448,0.1490,SAFE,False,2,6,,,,,,
1771436122.089,0.1,,,,,,,,,,,,,,,0.1490,SAFE,,1,,t1722_0,0.48,NORMAL,LOCAL,SAFE: all tasks permitted (weight=0.48),
1771436122.089,0.1,,,,,,,,,,,,,,,0.1490,SAFE,,0,,t1722_1,0.63,NORMAL,LOCAL,SAFE: all tasks permitted (weight=0.63),
1771436122.089,0.1,69.63,4.7458,1.130,37.9,4,,,0.02322,0.3086,0.0000,0.4736,0.0000,0.2322,0.3252,0.1869,SAFE,False,0,8,,,,,,
1771436122.089,0.1,,,,,,,,,,,,,,,0.1869,SAFE,,0,,t1723_0,0.61,NORMAL,OFFLOAD,"Budget exhausted (B=0), offloading. Original: SAFE: all tasks permitted (weight=0.61)",
1771436122.089,0.1,69.13,4.7736,1.096,35.4,4,,,0.02285,0.2756,0.0000,0.3474,0.0000,0.2285,0.3081,0.1627,SAFE,False,8,0,,,,,,window_reset|B=8
1771436122.089,0.1,69.63,4.8100,1.064,33.2,3,,,0.02311,0.3084,0.0000,0.1819,0.0000,0.2311,0.2772,0.1392,SAFE,False,8,0,,,,,,
1771436122.089,0.1,69.40,4.7963,1.035,31.1,3,,,0.02103,0.2932,0.0000,0.2440,0.0000,0.2103,0.2624,0.1404,SAFE,False,8,0,,,,,,
1771436122.089,0.1,,,,,,,,,,,,,,,0.1404,SAFE,,7,,t1726_0,0.22,CRITICAL,LOCAL,SAFE: all tasks permitted (weight=0.22),
1771436122.089,0.1,69.31,4.7725,1.038,31.3,3,,,0.01929,0.2870,0.0000,0.3521,0.0000,0.1929,0.2639,0.1523,SAFE,False,7,1,,,,,,
1771436122.089,0.1,69.21,4.7743,1.010,29.3,3,,,0.01949,0.2805,0.0000,0.3440,0.0000,0.1949,0.2500,0.1479,SAFE,False,7,1,,,,,,
1771436122.089,0.1,68.59,4.8173,0.984,27.4,3,,,0.02138,0.2395,0.0000,0.1486,0.0000,0.2138,0.2371,0.1169,SAFE,False,7,1,,,,,,
1771436122.089,0.1,,,,,,,,,,,,,,,0.1169,SAFE,,6,,t1729_0,0.28,HIGH,LOCAL,SAFE: all tasks permitted (weight=0.28),
1771436122.089,0.1,69.11,4.7974,1.000,28.6,3,,,0.02155,0.2741,0.0000,0.2391,0.0000,0.2155,0.2449,0.1345,SAFE,False,6,2,,,,,,
1771436122.089,0.1,,,,,,,,,,,,,,,0.1345,SAFE,,5,,t1730_0,0.76,HIGH,LOCAL,SAFE: all tasks permitted (weight=0.76),
1771436122.089,0.1,68.99,4.7515,1.081,34.4,3,,,0.02377,0.2660,0.0000,0.4478,0.0000,0.2377,0.2857,0.1711,SAFE,False,5,3,,,,,,
1771436122.089,0.1,68.31,4.7976,1.051,32.2,3,,,0.02111,0.2206,0.0000,0.2380,0.0000,0.2111,0.2704,0.1326,SAFE,False,5,3,,,,,,
1771436122.089,0.1,,,,,,,,,,,,,,,0.1326,SAFE,,4,,t1732_0,0.31,LOW,LOCAL,SAFE: all tasks permitted (weight=0.31),
1771436122.089,0.1,68.82,4.8094,1.066,33.3,3,,,0.02215,0.2547,0.0000,0.1846,0.0000,0.2215,0.2779,0.1323,SAFE,False,4,4,,,,,,
1771436122.089,0.1,69.07,4.7790,1.036,31.2,3,,,0.02198,0.2716,0.0000,0.3226,0.0000,0.2198,0.2631,0.1491,SAFE,False,4,4,,,,,,
1771436122.089,0.1,68.33,4.7857,1.009,29.2,3,,,0.01848,0.2220,0.0000,0.2922,0.0000,0.1848,0.2493,0.1330,SAFE,False,4,4,,,,,,
1771436122.089,0.1,,,,,,,,,,,,,,,0.1330,SAFE,,3,,t1735_0,0.55,NORMAL,LOCAL,SAFE: all tasks permitted (weight=0.55),
1771436122.089,0.1,68.67,4.7712,1.060,32.8,3,,,0.01865,0.2449,0.0000,0.3580,0.0000,0.1865,0.2748,0.1495,SAFE,False,3,5,,,,,,
1771436122.089,0.1,68.65,4.7944,1.030,30.7,3,,,0.01762,0.2436,0.0000,0.2528,0.0000,0.1762,0.2602,0.1318,SAFE,False,3,5,,,,,,
1771436122.089,0.1,,,,,,,,,,,,,,,0.1318,SAFE,,2,,t1737_0,0.45,LOW,LOCAL,SAFE: all tasks permitted (weight=0.45),
1771436122.089,0.1,68.56,4.7613,1.067,33.3,3,,,0.01874,0.2372,0.0000,0.4031,0.0000,0.1874,0.2783,0.1552,SAFE,False,2,6,,,,,,
1771436122.089,0.1,68.39,4.7814,1.037,31.2,3,,,0.01843,0.2262,0.0000,0.3118,0.0000,0.1843,0.2634,0.1388,SAFE,False,8,0,,,,,,window_reset|B=8
1771436122.089,0.1,,,,,,,,,,,,,,,0.1388,SAFE,,7,,t1739_0,0.79,NORMAL,LOCAL,SAFE: all tasks permitted (weight=0.79),
1771436122.089,0.1,,,,,,,,,,,,,,,0.1388,SAFE,,6,,t1739_1,0.27,LOW,LOCAL,SAFE: all tasks permitted (weight=0.27),
1771436122.089,0.1,69.11,4.7232,1.158,39.9,4,,,0.02511,0.2740,0.0000,0.5763,0.0000,0.2511,0.3392,0.2008,SAFE,False,6,2,,,,,,
1771436122.089,0.1,,,,,,,,,,,,,,,0.2008,SAFE,,5,,t1740_0,0.28,LOW,LOCAL,SAFE: all tasks permitted (weight=0.28),
1771436122.089,0.1,68.94,4.7511,1.161,40.1,4,,,0.02372,0.2628,0.0000,0.4497,0.0000,0.2372,0.3407,0.1819,SAFE,False,5,3,,,,,,
1771436122.090,0.1,,,,,,,,,,,,,,,0.1819,SAFE,,4,,t1741_0,0.48,HIGH,LOCAL,SAFE: all tasks permitted (weight=0.48),
1771436122.090,0.1,68.69,4.7382,1.193,42.3,4,-23350.970,-40.87961,0.02475,0.2457,0.0000,0.5084,1.0000,0.2475,0.3563,0.3916,WARNING,False,4,4,,,,,,
1771436122.090,0.1,69.26,4.7836,1.154,39.6,4,56074.694,-2.14895,0.02430,0.2843,1.0000,0.3020,1.0000,0.2430,0.3370,0.6151,CRITICAL,False,4,4,,,,,,
1771436122.090,0.1,68.58,4.7455,1.118,37.0,4,-5437.837,-25.73985,0.02416,0.2388,0.0000,0.4750,1.0000,0.2416,0.3191,0.3784,WARNING,False,4,4,,,,,,
1771436122.090,0.1,69.49,4.7666,1.085,34.6,3,50407.746,-27.81160,0.02082,0.2996,1.0000,0.3792,1.0000,0.2082,0.2875,0.6136,CRITICAL,False,4,4,,,,,,
1771436122.090,0.1,,,,,,,,,,,,,,,0.6136,CRITICAL,,4,,t1745_0,0.83,NORMAL,OFFLOAD,CRITICAL: non-critical task offloaded (priority=NORMAL),
1771436122.090,0.1,69.08,4.7905,1.054,32.4,3,31249.435,29.16792,0.02168,0.2719,1.0000,0.2705,0.0000,0.2168,0.2720,0.3939,WARNING,False,4,4,,,,,,
1771436122.090,0.1,,,,,,,,,,,,,,,0.3939,WARNING,,4,,t1746_0,0.66,LOW,OFFLOAD,WARNING: heavy task offloaded (weight=0.66 >= 0.3),
1771436122.090,0.1,69.36,4.7908,1.025,30.4,3,58283.290,9.38907,0.02210,0.2909,1.0000,0.2691,0.0000,0.2210,0.2575,0.3935,WARNING,False,4,4,,,,,,
1771436122.090,0.1,,,,,,,,,,,,,,,0.3935,WARNING,,4,,t1747_0,0.79,NORMAL,OFFLOAD,WARNING: heavy task offloaded (weight=0.79 >= 0.3),
1771436122.090,0.1,68.85,4.8174,0.998,28.4,3,-15806.981,94.23144,0.02623,0.2564,0.0000,0.1481,0.0000,0.2623,0.2441,0.1251,SAFE,False,4,4,,,,,,
1771436122.090,0.1,69.19,4.8174,0.973,26.7,2,15062.848,66.36190,0.02865,0.2795,1.0000,0.1482,0.0000,0.2865,0.2167,0.3748,WARNING,False,4,4,,,,,,
1771436122.090,0.1,68.16,4.8422,0.950,25.0,2,,,0.03425,0.2109,0.0000,0.0356,0.0000,0.3425,0.2051,0.1052,SAFE,False,4,4,,,,,,
1771436122.090,0.1,,,,,,,,,,,,,,,0.1052,SAFE,,3,,t1750_0,0.76,NORMAL,LOCAL,SAFE: all tasks permitted (weight=0.76),
1771436122.090,0.1,,,,,,,,,,,,,,,0.1052,SAFE,,2,,t1750_1,0.79,NORMAL,LOCAL,SAFE: all tasks permitted (weight=0.79),
1771436122.090,0.1,68.72,4.7898,1.148,39.1,4,,,0.03438,0.2479,0.0000,0.2736,0.0000,0.3438,0.3339,0.1665,SAFE,False,2,6,,,,,,
1771436122.090,0.1,,,,,,,,,,,,,,,0.1665,SAFE,,1,,t1751_0,0.80,NORMAL,LOCAL,SAFE: all tasks permitted (weight=0.80),
1771436122.090,0.1,68.82,4.7532,1.226,44.7,5,,,0.03112,0.2545,0.0000,0.4398,0.0000,0.3112,0.3879,0.1964,SAFE,False,1,7,,,,,,
1771436122.090,0.1,,,,,,,,,,,,,,,0.1964,SAFE,,0,,t1752_0,0.83,NORMAL,LOCAL,SAFE: all tasks permitted (weight=0.83),
1771436122.090,0.1,,,,,,,,,,,,,,,0.1964,SAFE,,0,,t1752_1,0.74,NORMAL,OFFLOAD,"Budget exhausted (B=0), offloading. Original: SAFE: all tasks permitted (weight=0.74)",
1771436122.090,0.1,68.90,4.7003,1.303,50.2,5,,,0.03779,0.2603,0.0000,0.6804,0.0000,0.3779,0.4263,0.2427,SAFE,False,0,8,,,,,,
1771436122.090,0.1,69.74,4.7435,1.256,46.9,5,,,0.03735,0.3162,0.0000,0.4841,0.0000,0.3735,0.4032,0.2189,SAFE,False,7,0,,,,,,window_reset|B=7
1771436122.090,0.1,69.94,4.7253,1.213,43.8,5,,,0.04005,0.3296,0.0000,0.5667,0.0000,0.4005,0.3817,0.2296,SAFE,False,7,0,,,,,,
1771436122.090,0.1,,,,,,,,,,,,,,,0.2296,SAFE,,6,,t1755_0,0.64,LOW,LOCAL,SAFE: all tasks permitted (weight=0.64),
1771436122.090,0.1,70.07,4.7101,1.264,47.4,5,,,0.04318,0.3383,0.0000,0.6358,0.0000,0.4318,0.4069,0.2478,SAFE,False,6,1,,,,,,
1771436122.090,0.1,,,,,,,,,,,,,,,0.2478,SAFE,,5,,t1756_0,0.52,CRITICAL,LOCAL,SAFE: all tasks permitted (weight=0.52),
1771436122.090,0.1,,,,,,,,,,,,,,,0.2478,SAFE,,4,,t1756_1,0.82,HIGH,LOCAL,SAFE: all tasks permitted (weight=0.82),
1771436122.090,0.1,71.17,4.6818,1.409,57.8,6,,,0.04970,0.4116,0.0000,0.7646,0.0000,0.4970,0.4947,0.2974,WARNING,False,4,3,,,,,,
1771436122.090,0.1,70.29,4.7219,1.356,54.0,6,,,0.05022,0.3529,0.0000,0.5821,0.0000,0.5022,0.4678,0.2618,WARNING,False,4,3,,,,,,
1771436122.090,0.1,71.28,4.6894,1.306,50.4,5,,,0.05243,0.4188,0.0000,0.7299,0.0000,0.5243,0.4278,0.2832,WARNING,False,4,3,,,,,,
1771436122.090,0.1,71.83,4.6914,1.259,47.1,5,,,0.05033,0.4554,0.0000,0.7209,0.0000,0.5033,0.4046,0.2796,WARNING,False,4,3,,,,,,
1771436122.090,0.1,72.06,4.7583,1.216,44.0,5,,,0.04502,0.4706,0.0000,0.4169,0.0000,0.4502,0.3830,0.2323,WARNING,False,4,3,,,,,,
1771436122.090,0.1,,,,,,,,,,,,,,,0.2323,WARNING,,4,,t1761_0,0.81,HIGH,OFFLOAD,WARNING: heavy task offloaded (weight=0.81 >= 0.3),
1771436122.090,0.1,71.74,4.7537,1.176,41.1,4,,,0.03207,0.4494,0.0000,0.4379,0.0000,0.3207,0.3479,0.2125,WARNING,False,4,3,,,,,,
1771436122.090,0.1,71.73,4.7416,1.138,38.5,4,,,0.02642,0.4487,0.0000,0.4925,0.0000,0.2642,0.3292,0.2101,WARNING,False,4,3,,,,,,
1771436122.090,0.1,,,,,,,,,,,,,,,0.2101,WARNING,,3,,t1763_0,0.23,NORMAL,LOCAL,WARNING: lightweight task permitted (weight=0.23 < 0.3),
1771436122.090,0.1,72.10,4.7833,1.136,38.3,4,,,0.03035,0.4735,0.0000,0.3031,0.0000,0.3035,0.3281,0.1922,WARNING,False,3,4,,,,,,
1771436122.090,0.1,,,,,,,,,,,,,,,0.1922,WARNING,,3,,t1764_0,0.67,CRITICAL,OFFLOAD,WARNING: heavy task offloaded (weight=0.67 >= 0.3),
1771436122.090,0.1,71.77,4.7643,1.102,35.8,4,,,0.03114,0.4512,0.0000,0.3897,0.0000,0.3114,0.3108,0.1981,WARNING,False,3,4,,,,,,
1771436122.090,0.1,,,,,,,,,,,,,,,0.1981,WARNING,,3,,t1765_0,0.73,NORMAL,OFFLOAD,WARNING: heavy task offloaded (weight=0.73 >= 0.3),
1771436122.090,0.1,71.53,4.7661,1.069,33.5,3,,,0.03253,0.4355,0.0000,0.3811,0.0000,0.3253,0.2797,0.1903,WARNING,False,3,4,,,,,,
1771436122.090,0.1,71.37,4.7912,1.039,31.4,3,,,0.03623,0.4246,0.0000,0.2675,0.0000,0.3623,0.2647,0.1749,SAFE,False,3,4,,,,,,
1771436122.090,0.1,,,,,,,,,,,,,,,0.1749,SAFE,,2,,t1767_0,0.39,NORMAL,LOCAL,SAFE: all tasks permitted (weight=0.39),
1771436122.090,0.1,71.64,4.7243,1.067,33.3,3,,,0.03554,0.4427,0.0000,0.5714,0.0000,0.3554,0.2783,0.2186,SAFE,False,2,5,,,,,,
1771436122.090,0.1,71.67,4.7667,1.037,31.2,3,,,0.03170,0.4446,0.0000,0.3787,0.0000,0.3170,0.2635,0.1870,SAFE,False,8,0,,,,,,window_reset|B=8
1771436122.090,0.1,71.53,4.7915,1.009,29.2,3,,,0.03310,0.4354,0.0000,0.2658,0.0000,0.3310,0.2497,0.1698,SAFE,False,8,0,,,,,,
1771436122.090,0.1,71.18,4.7584,0.984,27.4,3,,,0.02723,0.4117,0.0000,0.4164,0.0000,0.2723,0.2368,0.1781,SAFE,False,8,0,,,,,,
1771436122.090,0.1,,,,,,,,,,,,,,,0.1781,SAFE,,7,,t1771_0,0.54,HIGH,LOCAL,SAFE: all tasks permitted (weight=0.54),
1771436122.091,0.1,70.74,4.7630,1.036,31.2,3,-82009.241,-20.28576,0.01854,0.3824,0.0000,0.3953,1.0000,0.1854,0.2632,0.3685,WARNING,False,7,1,,,,,,
1771436122.091,0.1,,,,,,,,,,,,,,,0.3685,WARNING,,7,,t1772_0,0.84,CRITICAL,OFFLOAD,WARNING: heavy task offloaded (weight=0.84 >= 0.3),
1771436122.091,0.1,71.19,4.8023,1.009,29.2,3,-34762.149,38.03493,0.02129,0.4126,0.0000,0.2169,0.0000,0.2129,0.2494,0.1489,SAFE,False,7,1,,,,,,
1771436122.091,0.1,70.37,4.8092,0.983,27.4,3,-69724.156,43.10213,0.02374,0.3580,0.0000,0.1852,0.0000,0.2374,0.2366,0.1381,SAFE,False,7,1,,,,,,
1771436122.091,0.1,,,,,,,,,,,,,,,0.1381,SAFE,,6,,t1774_0,0.52,NORMAL,LOCAL,SAFE: all tasks permitted (weight=0.52),
1771436122.091,0.1,70.58,4.7703,1.034,31.0,3,-47451.986,-20.83197,0.02196,0.3719,0.0000,0.3621,1.0000,0.2196,0.2620,0.3661,WARNING,False,6,2,,,,,,
1771436122.091,0.1,70.53,4.7829,1.007,29.0,3,-66876.855,58.56161,0.02195,0.3684,0.0000,0.3052,0.0000,0.2195,0.2483,0.1555,SAFE,False,6,2,,,,,,
1771436122.091,0.1,70.70,4.7912,0.981,27.2,3,-58399.610,24.50605,0.02219,0.3797,0.0000,0.2673,0.0000,0.2219,0.2355,0.1496,SAFE,False,6,2,,,,,,
1771436122.091,0.1,,,,,,,,,,,,,,,0.1496,SAFE,,5,,t1777_0,0.29,HIGH,LOCAL,SAFE: all tasks permitted (weight=0.29),
1771436122.091,0.1,69.99,4.7977,0.998,28.5,3,-92309.672,6.22399,0.02269,0.3328,0.0000,0.2375,0.0000,0.2269,0.2442,0.1423,SAFE,False,5,3,,,,,,
1771436122.091,0.1,,,,,,,,,,,,,,,0.1423,SAFE,,4,,t1778_0,0.77,HIGH,LOCAL,SAFE: all tasks permitted (weight=0.77),
1771436122.091,0.1,,,,,,,,,,,,,,,0.1423,SAFE,,3,,t1778_1,0.55,LOW,LOCAL,SAFE: all tasks permitted (weight=0.55),
1771436122.091,0.1,70.26,4.7583,1.162,40.1,4,-54915.321,-0.11045,0.02304,0.3507,0.0000,0.4169,0.2209,0.2304,0.3410,0.2317,SAFE,False,3,5,,,,,,
1771436122.091,0.1,,,,,,,,,,,,,,,0.2317,SAFE,,2,,t1779_0,0.73,CRITICAL,LOCAL,SAFE: all tasks permitted (weight=0.73),
1771436122.091,0.1,70.60,4.7023,1.230,45.0,5,,,0.02754,0.3733,0.0000,0.6713,0.0000,0.2754,0.3900,0.2376,SAFE,False,2,6,,,,,,
1771436122.091,0.1,,,,,,,,,,,,,,,0.2376,SAFE,,1,,t1780_0,0.49,NORMAL,LOCAL,SAFE: all tasks permitted (weight=0.49),
1771436122.091,0.1,71.03,4.7355,1.259,47.0,5,,,0.02955,0.4023,0.0000,0.5205,0.0000,0.2955,0.4043,0.2264,SAFE,False,1,7,,,,,,
1771436122.091,0.1,70.90,4.7470,1.216,44.0,5,46694.407,-92.28721,0.02965,0.3930,1.0000,0.4683,1.0000,0.2965,0.3828,0.6642,WARNING,False,1,7,,,,,,
1771436122.091,0.1,71.08,4.7446,1.175,41.1,4,44586.592,-38.19374,0.03027,0.4053,1.0000,0.4793,1.0000,0.3027,0.3477,0.6607,CRITICAL,False,1,7,,,,,,
1771436122.091,0.1,,,,,,,,,,,,,,,0.6607,CRITICAL,,1,,t1783_0,0.56,HIGH,OFFLOAD,CRITICAL: non-critical task offloaded (priority=HIGH),
1771436122.091,0.1,71.29,4.7832,1.138,38.4,4,67753.146,0.44274,0.03056,0.4192,1.0000,0.3038,0.0000,0.3056,0.3290,0.4362,CRITICAL,False,5,0,,,,,,window_reset|B=5
1771436122.091,0.1,70.59,4.7814,1.103,35.9,4,-9736.085,-14.54928,0.02916,0.3724,0.0000,0.3120,1.0000,0.2916,0.3116,0.3767,WARNING,False,5,0,,,,,,
1771436122.091,0.1,70.94,4.7571,1.071,33.6,3,83949.735,-60.20535,0.02627,0.3958,1.0000,0.4222,1.0000,0.2627,0.2805,0.6348,CRITICAL,False,5,0,,,,,,
1771436122.091,0.1,71.11,4.7737,1.041,31.5,3,75665.530,22.89718,0.02637,0.4074,1.0000,0.3467,0.0000,0.2637,0.2655,0.4234,CRITICAL,False,5,0,,,,,,
1771436122.091,0.1,71.21,4.8302,1.013,29.5,3,54068.780,189.51261,0.03200,0.4138,1.0000,0.0900,0.0000,0.3200,0.2515,0.3937,WARNING,False,5,0,,,,,,
1771436122.091,0.1,,,,,,,,,,,,,,,0.3937,WARNING,,5,,t1788_0,0.53,HIGH,OFFLOAD,WARNING: heavy task offloaded (weight=0.53 >= 0.3),
1771436122.091,0.1,69.63,4.8058,0.987,27.6,3,-124887.381,104.27832,0.03317,0.3087,0.0000,0.2007,0.0000,0.3317,0.2385,0.1440,SAFE,False,5,0,,,,,,
1771436122.091,0.1,70.38,4.8302,0.963,25.9,2,,,0.03663,0.3584,0.0000,0.0898,0.0000,0.3663,0.2115,0.1336,SAFE,False,5,0,,,,,,
1771436122.091,0.1,70.21,4.8457,0.940,24.3,2,,,0.04176,0.3470,0.0000,0.0194,0.0000,0.4176,0.2002,0.1260,SAFE,False,5,0,,,,,,
1771436122.091,0.1,69.48,4.8021,0.920,22.8,2,,,0.03528,0.2985,0.0000,0.2178,0.0000,0.3528,0.1898,0.1374,SAFE,False,5,0,,,,,,
1771436122.091,0.1,69.62,4.8442,0.900,21.4,2,,,0.03501,0.3081,0.0000,0.0264,0.0000,0.3501,0.1801,0.1114,SAFE,False,5,0,,,,,,
1771436122.091,0.1,,,,,,,,,,,,,,,0.1114,SAFE,,4,,t1793_0,0.74,HIGH,LOCAL,SAFE: all tasks permitted (weight=0.74),
1771436122.091,0.1,,,,,,,,,,,,,,,0.1114,SAFE,,3,,t1793_1,0.48,HIGH,LOCAL,SAFE: all tasks permitted (weight=0.48),
1771436122.091,0.1,69.42,4.7516,1.057,32.6,3,,,0.03449,0.2944,0.0000,0.4472,0.0000,0.3449,0.2733,0.1826,SAFE,False,3,2,,,,,,
1771436122.091,0.1,,,,,,,,,,,,,,,0.1826,SAFE,,2,,t1794_0,0.47,HIGH,LOCAL,SAFE: all tasks permitted (weight=0.47),
1771436122.091,0.1,69.11,4.7926,1.095,35.4,4,,,0.03091,0.2739,0.0000,0.2611,0.0000,0.3091,0.3077,0.1593,SAFE,False,2,3,,,,,,
1771436122.091,0.1,,,,,,,,,,,,,,,0.1593,SAFE,,1,,t1795_0,0.77,NORMAL,LOCAL,SAFE: all tasks permitted (weight=0.77),
1771436122.091,0.1,,,,,,,,,,,,,,,0.1593,SAFE,,0,,t1795_1,0.25,CRITICAL,LOCAL,SAFE: all tasks permitted (weight=0.25),
1771436122.091,0.1,70.04,4.7733,1.210,43.6,5,,,0.03147,0.3360,0.0000,0.3488,0.0000,0.3147,0.3800,0.1931,SAFE,False,0,5,,,,,,
1771436122.091,0.1,70.11,4.7391,1.170,40.7,4,,,0.03537,0.3406,0.0000,0.5041,0.0000,0.3537,0.3451,0.2108,SAFE,False,0,5,,,,,,
1771436122.091,0.1,70.33,4.7522,1.133,38.1,4,,,0.03584,0.3557,0.0000,0.4447,0.0000,0.3584,0.3266,0.2017,SAFE,False,0,5,,,,,,
1771436122.091,0.1,,,,,,,,,,,,,,,0.2017,SAFE,,0,,t1798_0,0.42,LOW,OFFLOAD,"Budget exhausted (B=0), offloading. Original: SAFE: all tasks permitted (weight=0.42)",
1771436122.091,0.1,70.28,4.7558,1.099,35.6,4,,,0.03705,0.3522,0.0000,0.4281,0.0000,0.3705,0.3094,0.1968,SAFE,False,8,0,,,,,,window_reset|B=8
1771436122.091,0.1,69.26,4.7978,1.067,33.3,3,,,0.03543,0.2842,0.0000,0.2375,0.0000,0.3543,0.2784,0.1561,SAFE,False,8,0,,,,,,
1771436122.091,0.1,,,,,,,,,,,,,,,0.1561,SAFE,,7,,t1800_0,0.66,LOW,LOCAL,SAFE: all tasks permitted (weight=0.66),
1771436122.091,0.1,,,,,,,,,,,,,,,0.1561,SAFE,,6,,t1800_1,0.21,LOW,LOCAL,SAFE: all tasks permitted (weight=0.21),
1771436122.091,0.1,69.88,4.7666,1.162,40.2,4,,,0.03571,0.3253,0.0000,0.3790,0.0000,0.3571,0.3411,0.1922,SAFE,False,6,2,,,,,,
1771436122.091,0.1,69.89,4.7454,1.126,37.6,4,,,0.03495,0.3262,0.0000,0.4754,0.0000,0.3495,0.3229,0.2005,SAFE,False,6,2,,,,,,
1771436122.091,0.1,70.06,4.7393,1.092,35.1,4,,,0.03050,0.3374,0.0000,0.5032,0.0000,0.3050,0.3059,0.1976,SAFE,False,6,2,,,,,,
1771436122.091,0.1,,,,,,,,,,,,,,,0.1976,SAFE,,5,,t1803_0,0.39,NORMAL,LOCAL,SAFE: all tasks permitted (weight=0.39),
1771436122.091,0.1,70.20,4.7822,1.116,36.8,4,,,0.02932,0.3465,0.0000,0.3080,0.0000,0.2932,0.3179,0.1745,SAFE,False,5,3,,,,,,
1771436122.091,0.1,70.25,4.7980,1.083,34.5,3,,,0.02125,0.3501,0.0000,0.2364,0.0000,0.2125,0.2863,0.1513,SAFE,False,5,3,,,,,,
1771436122.091,0.1,70.05,4.7821,1.052,32.3,3,,,0.02118,0.3364,0.0000,0.3087,0.0000,0.2118,0.2709,0.1559,SAFE,False,5,3,,,,,,
1771436122.091,0.1,70.17,4.8053,1.023,30.2,3,,,0.02262,0.3445,0.0000,0.2030,0.0000,0.2262,0.2566,0.1417,SAFE,False,5,3,,,,,,
1771436122.091,0.1,,,,,,,,,,,,,,,0.1417,SAFE,,4,,t1807_0,0.31,LOW,LOCAL,SAFE: all tasks permitted (weight=0.31),
1771436122.091,0.1,,,,,,,,,,,,,,,0.1417,SAFE,,3,,t1807_1,0.47,NORMAL,LOCAL,SAFE: all tasks permitted (weight=0.47),
1771436122.091,0.1,69.90,4.7810,1.109,36.4,4,,,0.02282,0.3268,0.0000,0.3136,0.0000,0.2282,0.3145,0.1657,SAFE,False,3,5,,,,,,
1771436122.091,0.1,,,,,,,,,,,,,,,0.1657,SAFE,,2,,t1808_0,0.39,HIGH,LOCAL,SAFE: all tasks permitted (weight=0.39),
1771436122.091,0.1,70.61,4.7875,1.132,38.0,4,,,0.02115,0.3740,0.0000,0.2840,0.0000,0.2115,0.3260,0.1681,SAFE,False,2,6,,,,,,
1771436122.092,0.1,,,,,,,,,,,,,,,0.1681,SAFE,,1,,t1809_0,0.43,HIGH,LOCAL,SAFE: all tasks permitted (weight=0.43),
1771436122.092,0.1,70.51,4.7080,1.160,40.0,4,37017.074,-37.27060,0.02758,0.3675,1.0000,0.6455,1.0000,0.2758,0.3400,0.6736,WARNING,False,1,7,,,,,,
1771436122.092,0.1,70.15,4.7518,1.124,37.4,4,5413.246,12.47335,0.02778,0.3434,1.0000,0.4463,0.0000,0.2778,0.3219,0.4414,WARNING,False,1,7,,,,,,
1771436122.092,0.1,,,,,,,,,,,,,,,0.4414,WARNING,,1,,t1811_0,0.81,LOW,OFFLOAD,WARNING: heavy task offloaded (weight=0.81 >= 0.3),
1771436122.092,0.1,70.49,4.7939,1.090,35.0,4,17205.261,11.64810,0.02749,0.3657,1.0000,0.2548,0.0000,0.2749,0.3050,0.4155,WARNING,False,1,7,,,,,,
1771436122.092,0.1,,,,,,,,,,,,,,,0.4155,WARNING,,1,,t1812_0,0.84,HIGH,OFFLOAD,WARNING: heavy task offloaded (weight=0.84 >= 0.3),
1771436122.092,0.1,69.41,4.7621,1.059,32.8,3,-50280.858,-35.78423,0.02756,0.2940,0.0000,0.3997,1.0000,0.2756,0.2743,0.3697,WARNING,False,1,7,,,,,,
1771436122.092,0.1,,,,,,,,,,,,,,,0.3697,WARNING,,1,,t1813_0,0.84,LOW,OFFLOAD,WARNING: heavy task offloaded (weight=0.84 >= 0.3),
1771436122.092,0.1,69.94,4.7769,1.029,30.7,3,-6089.358,-5.12667,0.02661,0.3296,0.0000,0.3321,1.0000,0.2661,0.2597,0.3613,WARNING,False,6,0,,,,,,window_reset|B=6
1771436122.092,0.1,,,,,,,,,,,,,,,0.3613,WARNING,,5,,t1814_0,0.25,CRITICAL,LOCAL,WARNING: lightweight task permitted (weight=0.25 < 0.3),
1771436122.092,0.1,,,,,,,,,,,,,,,0.3613,WARNING,,5,,t1814_1,0.37,NORMAL,OFFLOAD,WARNING: heavy task offloaded (weight=0.37 >= 0.3),
1771436122.092,0.1,70.32,4.7778,1.038,31.3,3,9433.639,-27.40587,0.02468,0.3550,1.0000,0.3282,1.0000,0.2468,0.2639,0.6127,CRITICAL,False,5,1,,,,,,
1771436122.092,0.1,,,,,,,,,,,,,,,0.6127,CRITICAL,,5,,t1815_0,0.35,LOW,OFFLOAD,CRITICAL: non-critical task offloaded (priority=LOW),
1771436122.092,0.1,69.74,4.8161,1.010,29.3,3,-9500.820,34.91892,0.02710,0.3162,0.0000,0.1541,0.0000,0.2710,0.2500,0.1351,WARNING,False,5,1,,,,,,
1771436122.092,0.1,69.65,4.7889,0.984,27.4,3,-57212.805,1.39554,0.02666,0.3101,0.0000,0.2776,0.0000,0.2666,0.2371,0.1474,SAFE,False,5,1,,,,,,
1771436122.092,0.1,69.87,4.8254,0.960,25.7,2,,,0.02977,0.3247,0.0000,0.1120,0.0000,0.2977,0.2101,0.1253,SAFE,False,5,1,,,,,,
1771436122.092,0.1,,,,,,,,,,,,,,,0.1253,SAFE,,4,,t1818_0,0.43,LOW,LOCAL,SAFE: all tasks permitted (weight=0.43),
1771436122.092,0.1,69.21,4.8061,1.000,28.6,3,,,0.02982,0.2809,0.0000,0.1994,0.0000,0.2982,0.2450,0.1384,SAFE,False,4,2,,,,,,
1771436122.092,0.1,,,,,,,,,,,,,,,0.1384,SAFE,,3,,t1819_0,0.39,NORMAL,LOCAL,SAFE: all tasks permitted (weight=0.39),
1771436122.092,0.1,69.15,4.8114,1.031,30.8,3,,,0.03096,0.2768,0.0000,0.1755,0.0000,0.3096,0.2605,0.1391,SAFE,False,3,3,,,,,,
1771436122.092,0.1,69.43,4.7880,1.004,28.8,3,,,0.03096,0.2950,0.0000,0.2818,0.0000,0.3096,0.2469,0.1524,SAFE,False,3,3,,,,,,
1771436122.092,0.1,68.72,4.8066,0.979,27.0,3,,,0.02131,0.2479,0.0000,0.1972,0.0000,0.2131,0.2343,0.1236,SAFE,False,3,3,,,,,,
1771436122.092,0.1,,,,,,,,,,,,,,,0.1236,SAFE,,2,,t1822_0,0.50,NORMAL,LOCAL,SAFE: all tasks permitted (weight=0.50),
1771436122.092,0.1,,,,,,,,,,,,,,,0.1236,SAFE,,1,,t1822_1,0.49,LOW,LOCAL,SAFE: all tasks permitted (weight=0.49),
1771436122.092,0.1,69.01,4.7996,1.098,35.6,4,,,0.01755,0.2674,0.0000,0.2291,0.0000,0.1755,0.3091,0.1412,SAFE,False,1,5,,,,,,
1771436122.092,0.1,68.88,4.7716,1.066,33.3,3,,,0.01882,0.2587,0.0000,0.3566,0.0000,0.1882,0.2781,0.1518,SAFE,False,1,5,,,,,,
1771436122.092,0.1,,,,,,,,,,,,,,,0.1518,SAFE,,0,,t1824_0,0.47,NORMAL,LOCAL,SAFE: all tasks permitted (weight=0.47),
1771436122.092,0.1,68.76,4.7622,1.104,36.0,4,,,0.01880,0.2504,0.0000,0.3991,0.0000,0.1880,0.3120,0.1631,SAFE,False,0,6,,,,,,
1771436122.092,0.1,69.09,4.7715,1.072,33.7,3,,,0.01927,0.2727,0.0000,0.3570,0.0000,0.1927,0.2808,0.1546,SAFE,False,0,6,,,,,,
1771436122.092,0.1,69.30,4.7756,1.042,31.5,3,,,0.01943,0.2868,0.0000,0.3380,0.0000,0.1943,0.2658,0.1509,SAFE,False,0,6,,,,,,
1771436122.092,0.1,,,,,,,,,,,,,,,0.1509,SAFE,,0,,t1827_0,0.69,NORMAL,OFFLOAD,"Budget exhausted (B=0), offloading. Original: SAFE: all tasks permitted (weight=0.69)",
1771436122.092,0.1,68.59,4.7569,1.014,29.5,3,,,0.02057,0.2394,0.0000,0.4231,0.0000,0.2057,0.2518,0.1547,SAFE,False,0,6,,,,,,
1771436122.092,0.1,67.94,4.7987,0.988,27.7,3,,,0.02075,0.1958,0.0000,0.2332,0.0000,0.2075,0.2388,0.1223,SAFE,False,8,0,,,,,,window_reset|B=8
1771436122.092,0.1,67.93,4.8243,0.963,26.0,2,,,0.02060,0.1952,0.0000,0.1170,0.0000,0.2060,0.2117,0.1016,SAFE,False,8,0,,,,,,
1771436122.092,0.1,68.32,4.6538,0.941,24.3,2,,,0.04208,0.2216,0.0000,0.8918,0.0000,0.4208,0.2004,0.2247,SAFE,False,8,0,,,,,,
1771436122.092,0.1,68.14,4.8030,0.920,22.9,2,,,0.04157,0.2090,0.0000,0.2137,0.0000,0.4157,0.1900,0.1324,SAFE,False,8,0,,,,,,
1771436122.092,0.1,67.98,4.8231,0.900,21.5,2,,,0.04350,0.1984,0.0000,0.1224,0.0000,0.4350,0.1802,0.1193,SAFE,False,8,0,,,,,,
1771436122.092,0.1,67.07,4.8487,0.882,20.2,2,,,0.04714,0.1380,0.0000,0.0058,0.0000,0.4714,0.1712,0.0987,SAFE,False,8,0,,,,,,
1771436122.092,0.1,,,,,,,,,,,,,,,0.0987,SAFE,,7,,t1834_0,0.20,HIGH,LOCAL,SAFE: all tasks permitted (weight=0.20),
1771436122.092,0.1,67.45,4.8430,0.895,21.1,2,,,0.04991,0.1637,0.0000,0.0317,0.0000,0.4991,0.1774,0.1091,SAFE,False,7,1,,,,,,
1771436122.092,0.1,67.14,4.8458,0.877,19.8,2,,,0.05227,0.1425,0.0000,0.0191,0.0000,0.5227,0.1686,0.1056,SAFE,False,7,1,,,,,,
1771436122.092,0.1,,,,,,,,,,,,,,,0.1056,SAFE,,6,,t1836_0,0.31,NORMAL,LOCAL,SAFE: all tasks permitted (weight=0.31),
1771436122.092,0.1,,,,,,,,,,,,,,,0.1056,SAFE,,5,,t1836_1,0.71,LOW,LOCAL,SAFE: all tasks permitted (weight=0.71),
1771436122.092,0.1,66.67,4.7891,1.008,29.1,3,,,0.05151,0.1113,0.0000,0.2766,0.0000,0.5151,0.2490,0.1506,SAFE,False,5,3,,,,,,
1771436122.092,0.1,,,,,,,,,,,,,,,0.1506,SAFE,,4,,t1837_0,0.48,NORMAL,LOCAL,SAFE: all tasks permitted (weight=0.48),
1771436122.092,0.1,66.65,4.7930,1.051,32.2,3,,,0.05105,0.1098,0.0000,0.2589,0.0000,0.5105,0.2707,0.1520,SAFE,False,4,4,,,,,,
1771436122.092,0.1,,,,,,,,,,,,,,,0.1520,SAFE,,3,,t1838_0,0.50,LOW,LOCAL,SAFE: all tasks permitted (weight=0.50),
1771436122.092,0.1,67.21,4.7548,1.095,35.3,4,,,0.05206,0.1476,0.0000,0.4326,0.0000,0.5206,0.3073,0.1875,SAFE,False,3,5,,,,,,
1771436122.093,0.1,,,,,,,,,,,,,,,0.1875,SAFE,,2,,t1839_0,0.52,NORMAL,LOCAL,SAFE: all tasks permitted (weight=0.52),
1771436122.093,0.1,67.40,4.7734,1.139,38.5,4,-44059.465,-29.62536,0.05127,0.1601,0.0000,0.3483,1.0000,0.5127,0.3293,0.3816,WARNING,False,2,6,,,,,,
1771436122.093,0.1,,,,,,,,,,,,,,,0.3816,WARNING,,1,,t1840_0,0.27,CRITICAL,LOCAL,WARNING: lightweight task permitted (weight=0.27 < 0.3),
1771436122.093,0.1,67.32,4.7679,1.143,38.8,4,-39170.766,-55.16280,0.05183,0.1549,0.0000,0.3731,1.0000,0.5183,0.3316,0.3852,WARNING,False,1,7,,,,,,
1771436122.093,0.1,67.01,4.7546,1.108,36.3,4,-3893.301,-94.16348,0.05194,0.1337,0.0000,0.4336,1.0000,0.5194,0.3140,0.3872,WARNING,False,1,7,,,,,,
1771436122.093,0.1,,,,,,,,,,,,,,,0.3872,WARNING,,1,,t1842_0,0.58,NORMAL,OFFLOAD,WARNING: heavy task offloaded (weight=0.58 >= 0.3),
1771436122.093,0.1,67.09,4.7727,1.075,34.0,3,-22090.158,-70.37088,0.03359,0.1391,0.0000,0.3515,1.0000,0.3359,0.2827,0.3525,WARNING,False,1,7,,,,,,
1771436122.093,0.1,,,,,,,,,,,,,,,0.3525,WARNING,,0,,t1843_0,0.29,CRITICAL,LOCAL,WARNING: lightweight task permitted (weight=0.29 < 0.3),
1771436122.093,0.1,67.56,4.7552,1.086,34.7,3,25315.108,-90.61329,0.03547,0.1706,1.0000,0.4308,1.0000,0.3547,0.2882,0.6196,CRITICAL,False,3,0,,,,,,window_reset|B=3
1771436122.093,0.1,67.50,4.7844,1.055,32.5,3,49608.926,-4.74214,0.03438,0.1664,1.0000,0.2981,1.0000,0.3438,0.2727,0.5976,CRITICAL,False,3,0,,,,,,
1771436122.093,0.1,,,,,,,,,,,,,,,0.5976,CRITICAL,,3,,t1845_0,0.48,NORMAL,OFFLOAD,CRITICAL: non-critical task offloaded (priority=NORMAL),
1771436122.093,0.1,,,,,,,,,,,,,,,0.5976,CRITICAL,,3,,t1845_1,0.47,HIGH,OFFLOAD,CRITICAL: non-critical task offloaded (priority=HIGH),
1771436122.093,0.1,67.50,4.7945,1.026,30.5,3,50931.341,1.41967,0.02962,0.1664,1.0000,0.2524,0.0000,0.2962,0.2582,0.3840,WARNING,False,3,0,,,,,,
1771436122.093,0.1,67.09,4.7823,0.999,28.5,3,-7234.334,27.43319,0.02406,0.1396,0.0000,0.3079,0.0000,0.2406,0.2447,0.1298,SAFE,False,3,0,,,,,,
1771436122.093,0.1,,,,,,,,,,,,,,,0.1298,SAFE,,2,,t1847_0,0.32,HIGH,LOCAL,SAFE: all tasks permitted (weight=0.32),
1771436122.093,0.1,67.33,4.7860,1.021,30.0,3,,,0.01424,0.1550,0.0000,0.2910,0.0000,0.1424,0.2553,0.1218,SAFE,False,2,1,,,,,,
1771436122.093,0.1,67.18,4.7992,0.994,28.2,3,,,0.01526,0.1454,0.0000,0.2311,0.0000,0.1526,0.2421,0.1112,SAFE,False,2,1,,,,,,
1771436122.093,0.1,66.78,4.7922,0.970,26.4,2,,,0.01519,0.1186,0.0000,0.2626,0.0000,0.1519,0.2148,0.1065,SAFE,False,2,1,,,,,,
1771436122.093,0.1,,,,,,,,,,,,,,,0.1065,SAFE,,1,,t1850_0,0.65,NORMAL,LOCAL,SAFE: all tasks permitted (weight=0.65),
1771436122.093,0.1,67.41,4.7964,1.041,31.5,3,,,0.01460,0.1604,0.0000,0.2437,0.0000,0.1460,0.2653,0.1186,SAFE,False,1,2,,,,,,
1771436122.093,0.1,,,,,,,,,,,,,,,0.1186,SAFE,,0,,t1851_0,0.64,HIGH,LOCAL,SAFE: all tasks permitted (weight=0.64),
1771436122.093,0.1,67.10,4.7748,1.105,36.1,4,,,0.01455,0.1402,0.0000,0.3420,0.0000,0.1455,0.3125,0.1383,SAFE,False,0,3,,,,,,
1771436122.093,0.1,,,,,,,,,,,,,,,0.1383,SAFE,,0,,t1852_0,0.25,NORMAL,OFFLOAD,"Budget exhausted (B=0), offloading. Original: SAFE: all tasks permitted (weight=0.25)",
1771436122.093,0.1,67.19,4.7572,1.073,33.8,3,,,0.01556,0.1459,0.0000,0.4217,0.0000,0.1556,0.2813,0.1441,SAFE,False,0,3,,,,,,
1771436122.093,0.1,66.62,4.7675,1.042,31.6,3,,,0.01421,0.1081,0.0000,0.3749,0.0000,0.1421,0.2662,0.1291,SAFE,False,0,3,,,,,,
1771436122.093,0.1,66.49,4.7958,1.014,29.6,3,,,0.01462,0.0993,0.0000,0.2464,0.0000,0.1462,0.2522,0.1090,SAFE,False,0,3,,,,,,
1771436122.093,0.1,,,,,,,,,,,,,,,0.1090,SAFE,,0,,t1855_0,0.57,HIGH,OFFLOAD,"Budget exhausted (B=0), offloading. Original: SAFE: all tasks permitted (weight=0.57)",
1771436122.093,0.1,67.03,4.7852,0.988,27.7,3,,,0.01217,0.1353,0.0000,0.2946,0.0000,0.1217,0.2391,0.1145,SAFE,False,0,3,,,,,,
1771436122.093,0.1,,,,,,,,,,,,,,,0.1145,SAFE,,0,,t1856_0,0.50,LOW,OFFLOAD,"Budget exhausted (B=0), offloading. Original: SAFE: all tasks permitted (weight=0.50)",
1771436122.093,0.1,67.23,4.8073,0.964,26.0,2,,,0.01369,0.1487,0.0000,0.1941,0.0000,0.1369,0.2120,0.0992,SAFE,False,0,3,,,,,,
1771436122.093,0.1,66.99,4.8139,0.942,24.4,2,,,0.01555,0.1329,0.0000,0.1641,0.0000,0.1555,0.2008,0.0930,SAFE,False,0,3,,,,,,
1771436122.093,0.1,66.67,4.7976,0.921,22.9,2,,,0.01564,0.1114,0.0000,0.2384,0.0000,0.1564,0.1903,0.0981,SAFE,False,9,0,,,,,,window_reset|B=9
1771436122.093,0.1,65.93,4.8207,0.901,21.5,2,,,0.01780,0.0621,0.0000,0.1332,0.0000,0.1780,0.1805,0.0787,SAFE,False,9,0,,,,,,
1771436122.093,0.1,,,,,,,,,,,,,,,0.0787,SAFE,,8,,t1860_0,0.32,NORMAL,LOCAL,SAFE: all tasks permitted (weight=0.32),
1771436122.093,0.1,66.17,4.8352,0.929,23.5,2,,,0.02139,0.0780,0.0000,0.0671,0.0000,0.2139,0.1944,0.0784,SAFE,False,8,1,,,,,,
1771436122.093,0.1,65.46,4.8215,0.909,22.1,2,,,0.02254,0.0304,0.0000,0.1295,0.0000,0.2254,0.1844,0.0799,SAFE,False,8,1,,,,,,
1771436122.093,0.1,,,,,,,,,,,,,,,0.0799,SAFE,,7,,t1862_0,0.31,NORMAL,LOCAL,SAFE: all tasks permitted (weight=0.31),
1771436122.093,0.1,65.73,4.8215,0.935,23.9,2,,,0.02346,0.0486,0.0000,0.1295,0.0000,0.2346,0.1976,0.0857,SAFE,False,7,2,,,,,,
1771436122.093,0.1,65.01,4.8063,0.915,22.5,2,,,0.02224,0.0004,0.0000,0.1986,0.0000,0.2224,0.1873,0.0856,SAFE,False,7,2,,,,,,
1771436122.093,0.1,65.14,4.8310,0.896,21.1,2,,,0.01882,0.0096,0.0000,0.0863,0.0000,0.1882,0.1778,0.0667,SAFE,False,7,2,,,,,,
1771436122.093,0.1,,,,,,,,,,,,,,,0.0667,SAFE,,6,,t1865_0,0.34,LOW,LOCAL,SAFE: all tasks permitted (weight=0.34),
1771436122.093,0.1,65.38,4.8355,0.927,23.3,2,,,0.01553,0.0256,0.0000,0.0661,0.0000,0.1553,0.1934,0.0659,SAFE,False,6,3,,,,,,
1771436122.093,0.1,64.35,4.8435,0.907,21.9,2,,,0.01638,0.0000,0.0000,0.0294,0.0000,0.1638,0.1834,0.0569,SAFE,False,6,3,,,,,,
1771436122.093,0.1,64.53,4.8231,0.888,20.6,2,,,0.01300,0.0000,0.0000,0.1222,0.0000,0.1300,0.1741,0.0637,SAFE,False,6,3,,,,,,
1771436122.093,0.1,,,,,,,,,,,,,,,0.0637,SAFE,,5,,t1868_0,0.84,LOW,LOCAL,SAFE: all tasks permitted (weight=0.84),
1771436122.093,0.1,64.26,4.7994,0.994,28.2,3,,,0.01387,0.0000,0.0000,0.2299,0.0000,0.1387,0.2421,0.0922,SAFE,False,5,4,,,,,,
1771436122.093,0.1,64.42,4.8058,0.969,26.4,2,,,0.01437,0.0000,0.0000,0.2009,0.0000,0.1437,0.2147,0.0834,SAFE,False,5,4,,,,,,
1771436122.093,0.1,,,,,,,,,,,,,,,0.0834,SAFE,,4,,t1870_0,0.50,LOW,LOCAL,SAFE: all tasks permitted (weight=0.50),
1771436122.093,0.1,63.76,4.7944,1.019,30.0,3,,,0.01480,0.0000,0.0000,0.2526,0.0000,0.1480,0.2547,0.0986,SAFE,False,4,5,,,,,,
1771436122.094,0.1,,,,,,,,,,,,,,,0.0986,SAFE,,3,,t1871_0,0.39,NORMAL,LOCAL,SAFE: all tasks permitted (weight=0.39),
1771436122.094,0.1,64.62,4.6957,1.049,32.1,3,-23313.965,-110.63596,0.03734,0.0000,0.0000,0.7014,1.0000,0.3734,0.2696,0.3824,WARNING,False,3,6,,,,,,
1771436122.094,0.1,64.85,4.8076,1.021,30.0,3,-17975.970,-23.41699,0.03652,0.0000,0.0000,0.1927,1.0000,0.3652,0.2553,0.3126,WARNING,False,3,6,,,,,,
1771436122.094,0.1,64.21,4.8256,0.994,28.2,3,-70424.792,-9.83407,0.03668,0.0000,0.0000,0.1107,1.0000,0.3668,0.2421,0.2995,WARNING,False,7,0,,,,,,window_reset|B=7
1771436122.094,0.1,64.56,4.8398,0.969,26.4,2,12746.426,-3.78331,0.03759,0.0000,1.0000,0.0466,1.0000,0.3759,0.2147,0.5366,WARNING,False,7,0,,,,,,
1771436122.094,0.1,64.32,4.8279,0.947,24.8,2,-12544.740,4.74174,0.03794,0.0000,0.0000,0.1006,0.0000,0.3794,0.2033,0.0917,SAFE,False,7,0,,,,,,
1771436122.094,0.1,,,,,,,,,,,,,,,0.0917,SAFE,,6,,t1876_0,0.84,LOW,LOCAL,SAFE: all tasks permitted (weight=0.84),
1771436122.094,0.1,64.10,4.7398,1.048,32.0,3,-9439.169,-59.62712,0.04204,0.0000,0.0000,0.5009,1.0000,0.4204,0.2688,0.3609,WARNING,False,6,1,,,,,,
1771436122.094,0.1,64.63,4.8183,1.019,29.9,3,12094.150,12.52994,0.04120,0.0000,1.0000,0.1440,0.0000,0.4120,0.2546,0.3608,WARNING,False,6,1,,,,,,
1771436122.094,0.1,64.24,4.7905,0.993,28.1,3,28717.275,-3.90049,0.03928,0.0000,1.0000,0.2703,1.0000,0.3928,0.2414,0.5727,CRITICAL,False,6,1,,,,,,
1771436122.094,0.1,64.04,4.8372,0.968,26.3,2,,,0.04023,0.0000,0.0000,0.0581,0.0000,0.4023,0.2142,0.0906,WARNING,False,6,1,,,,,,
1771436122.094,0.1,,,,,,,,,,,,,,,0.0906,WARNING,,5,,t1880_0,0.20,NORMAL,LOCAL,WARNING: lightweight task permitted (weight=0.20 < 0.3),
1771436122.094,0.1,64.73,4.8160,0.975,26.8,2,,,0.04052,0.0000,0.0000,0.1545,0.0000,0.4052,0.2176,0.1041,SAFE,False,5,2,,,,,,
1771436122.094,0.1,,,,,,,,,,,,,,,0.1041,SAFE,,4,,t1881_0,0.61,NORMAL,LOCAL,SAFE: all tasks permitted (weight=0.61),
1771436122.094,0.1,64.55,4.8185,1.040,31.5,3,,,0.04083,0.0000,0.0000,0.1433,0.0000,0.4083,0.2652,0.1125,SAFE,False,4,3,,,,,,
1771436122.094,0.1,,,,,,,,,,,,,,,0.1125,SAFE,,3,,t1882_0,0.67,HIGH,LOCAL,SAFE: all tasks permitted (weight=0.67),
1771436122.094,0.1,64.96,4.7966,1.110,36.5,4,,,0.04080,0.0000,0.0000,0.2426,0.0000,0.4080,0.3152,0.1354,SAFE,False,3,4,,,,,,
1771436122.094,0.1,64.37,4.7674,1.078,34.1,3,,,0.02824,0.0000,0.0000,0.3755,0.0000,0.2824,0.2838,0.1338,SAFE,False,3,4,,,,,,
1771436122.094,0.1,64.53,4.7702,1.047,31.9,3,,,0.03003,0.0000,0.0000,0.3630,0.0000,0.3003,0.2686,0.1309,SAFE,False,3,4,,,,,,
1771436122.094,0.1,,,,,,,,,,,,,,,0.1309,SAFE,,2,,t1885_0,0.78,LOW,LOCAL,SAFE: all tasks permitted (weight=0.78),
1771436122.094,0.1,,,,,,,,,,,,,,,0.1309,SAFE,,1,,t1885_1,0.80,HIGH,LOCAL,SAFE: all tasks permitted (weight=0.80),
1771436122.094,0.1,64.99,4.7349,1.250,46.5,5,,,0.03469,0.0000,0.0000,0.5232,0.0000,0.3469,0.4002,0.1827,SAFE,False,1,6,,,,,,
1771436122.094,0.1,65.57,4.7221,1.208,43.4,5,,,0.03757,0.0382,0.0000,0.5816,0.0000,0.3757,0.3789,0.1935,SAFE,False,1,6,,,,,,
1771436122.094,0.1,,,,,,,,,,,,,,,0.1935,SAFE,,0,,t1887_0,0.39,LOW,LOCAL,SAFE: all tasks permitted (weight=0.39),
1771436122.094,0.1,65.38,4.7367,1.226,44.7,5,,,0.03767,0.0252,0.0000,0.5148,0.0000,0.3767,0.3879,0.1852,SAFE,False,0,7,,,,,,
1771436122.094,0.1,,,,,,,,,,,,,,,0.1852,SAFE,,0,,t1888_0,0.27,HIGH,OFFLOAD,"Budget exhausted (B=0), offloading. Original: SAFE: all tasks permitted (weight=0.27)",
1771436122.094,0.1,66.41,4.7836,1.185,41.8,4,,,0.03577,0.0937,0.0000,0.3020,0.0000,0.3577,0.3524,0.1568,SAFE,False,8,0,,,,,,window_reset|B=8
1771436122.094,0.1,,,,,,,,,,,,,,,0.1568,SAFE,,7,,t1889_0,0.48,HIGH,LOCAL,SAFE: all tasks permitted (weight=0.48),
1771436122.094,0.1,,,,,,,,,,,,,,,0.1568,SAFE,,6,,t1889_1,0.34,NORMAL,LOCAL,SAFE: all tasks permitted (weight=0.34),
1771436122.094,0.1,66.26,4.7293,1.267,47.6,5,,,0.03682,0.0839,0.0000,0.5486,0.0000,0.3682,0.4083,0.1999,SAFE,False,6,2,,,,,,
1771436122.094,0.1,,,,,,,,,,,,,,,0.1999,SAFE,,5,,t1890_0,0.46,NORMAL,LOCAL,SAFE: all tasks permitted (weight=0.46),
1771436122.094,0.1,,,,,,,,,,,,,,,0.1999,SAFE,,4,,t1890_1,0.28,LOW,LOCAL,SAFE: all tasks permitted (weight=0.28),
1771436122.094,0.1,66.33,4.6528,1.331,52.2,6,,,0.04953,0.0887,0.0000,0.8962,0.0000,0.4953,0.4555,0.2678,WARNING,False,4,4,,,,,,
1771436122.094,0.1,67.61,4.7396,1.283,48.8,5,,,0.04457,0.1739,0.0000,0.5016,0.0000,0.4457,0.4164,0.2139,WARNING,False,4,4,,,,,,
1771436122.094,0.1,,,,,,,,,,,,,,,0.2139,WARNING,,4,,t1892_0,0.80,CRITICAL,OFFLOAD,WARNING: heavy task offloaded (weight=0.80 >= 0.3),
1771436122.094,0.1,67.99,4.7621,1.238,45.6,5,,,0.04081,0.1993,0.0000,0.3996,0.0000,0.4081,0.3940,0.1955,WARNING,False,4,4,,,,,,
1771436122.094,0.1,67.98,4.7591,1.196,42.6,4,,,0.03562,0.1984,0.0000,0.4130,0.0000,0.3562,0.3581,0.1847,WARNING,False,4,4,,,,,,
1771436122.094,0.1,,,,,,,,,,,,,,,0.1847,WARNING,,4,,t1894_0,0.66,LOW,OFFLOAD,WARNING: heavy task offloaded (weight=0.66 >= 0.3),
1771436122.094,0.1,67.59,4.7303,1.157,39.8,4,,,0.03237,0.1728,0.0000,0.5443,0.0000,0.3237,0.3387,0.1916,WARNING,False,4,4,,,,,,
1771436122.094,0.1,,,,,,,,,,,,,,,0.1916,WARNING,,3,,t1895_0,0.26,LOW,LOCAL,WARNING: lightweight task permitted (weight=0.26 < 0.3),
1771436122.094,0.1,68.04,4.7436,1.159,39.9,4,,,0.03138,0.2026,0.0000,0.4838,0.0000,0.3138,0.3395,0.1865,WARNING,False,3,5,,,,,,
1771436122.094,0.1,68.36,4.7559,1.123,37.3,4,,,0.03043,0.2238,0.0000,0.4278,0.0000,0.3043,0.3214,0.1772,SAFE,False,3,5,,,,,,
1771436122.094,0.1,,,,,,,,,,,,,,,0.1772,SAFE,,2,,t1897_0,0.71,NORMAL,LOCAL,SAFE: all tasks permitted (weight=0.71),
1771436122.094,0.1,,,,,,,,,,,,,,,0.1772,SAFE,,1,,t1897_1,0.74,CRITICAL,LOCAL,SAFE: all tasks permitted (weight=0.74),
1771436122.094,0.1,67.70,4.7154,1.302,50.2,5,,,0.03104,0.1798,0.0000,0.6119,0.0000,0.3104,0.4262,0.2174,SAFE,False,1,7,,,,,,
1771436122.094,0.1,,,,,,,,,,,,,,,0.2174,SAFE,,0,,t1898_0,0.28,HIGH,LOCAL,SAFE: all tasks permitted (weight=0.28),
1771436122.094,0.1,69.20,4.6946,1.297,49.8,5,,,0.03292,0.2798,0.0000,0.7062,0.0000,0.3292,0.4236,0.2430,SAFE,False,0,8,,,,,,
1771436122.094,0.1,,,,,,,,,,,,,,,0.2430,SAFE,,0,,t1899_0,0.59,CRITICAL,OFFLOAD,"Budget exhausted (B=0), offloading. Original: SAFE: all tasks permitted (weight=0.59)",
1771436122.094,0.1,69.35,4.7070,1.251,46.5,5,,,0.03370,0.2900,0.0000,0.6501,0.0000,0.3370,0.4007,0.2332,SAFE,False,0,8,,,,,,
1771436122.095,0.1,,,,,,,,,,,,,,,0.2332,SAFE,,0,,t1900_0,0.32,NORMAL,OFFLOAD,"Budget exhausted (B=0), offloading. Original: SAFE: all tasks permitted (weight=0.32)",
1771436122.095,0.1,69.03,4.7146,1.209,43.5,5,62621.807,-47.51246,0.02994,0.2689,1.0000,0.6156,1.0000,0.2994,0.3794,0.6681,WARNING,False,0,8,,,,,,
1771436122.095,0.1,69.97,4.7711,1.169,40.6,4,119392.298,11.95755,0.03251,0.3311,1.0000,0.3587,0.0000,0.3251,0.3445,0.4378,WARNING,False,0,8,,,,,,
1771436122.095,0.1,,,,,,,,,,,,,,,0.4378,WARNING,,0,,t1902_0,0.55,LOW,OFFLOAD,WARNING: heavy task offloaded (weight=0.55 >= 0.3),
1771436122.095,0.1,69.90,4.7598,1.132,38.0,4,138367.669,29.54787,0.02400,0.3265,1.0000,0.4100,0.0000,0.2400,0.3261,0.4317,WARNING,False,0,8,,,,,,
1771436122.095,0.1,69.84,4.7652,1.098,35.6,4,108059.947,21.63009,0.02518,0.3227,1.0000,0.3854,0.0000,0.2518,0.3089,0.4258,WARNING,False,5,0,,,,,,window_reset|B=5
1771436122.095,0.1,,,,,,,,,,,,,,,0.4258,WARNING,,5,,t1904_0,0.76,LOW,OFFLOAD,WARNING: heavy task offloaded (weight=0.76 >= 0.3),
1771436122.095,0.1,69.26,4.7845,1.066,33.3,3,54285.261,28.59663,0.02748,0.2841,1.0000,0.2978,0.0000,0.2748,0.2780,0.4059,WARNING,False,5,0,,,,,,
1771436122.095,0.1,69.49,4.7932,1.036,31.2,3,107810.611,77.80882,0.03070,0.2996,1.0000,0.2582,0.0000,0.3070,0.2631,0.4028,WARNING,False,5,0,,,,,,
1771436122.095,0.1,,,,,,,,,,,,,,,0.4028,WARNING,,5,,t1906_0,0.31,LOW,OFFLOAD,WARNING: heavy task offloaded (weight=0.31 >= 0.3),
1771436122.095,0.1,70.06,4.7997,1.009,29.2,3,51724.917,105.01708,0.03384,0.3373,1.0000,0.2287,0.0000,0.3384,0.2493,0.4039,WARNING,False,5,0,,,,,,
1771436122.095,0.1,,,,,,,,,,,,,,,0.4039,WARNING,,5,,t1907_0,0.43,CRITICAL,OFFLOAD,WARNING: heavy task offloaded (weight=0.43 >= 0.3),
1771436122.095,0.1,69.57,4.8163,0.983,27.4,3,13162.656,109.30590,0.03830,0.3047,1.0000,0.1532,0.0000,0.3830,0.2365,0.3921,WARNING,False,5,0,,,,,,
1771436122.095,0.1,,,,,,,,,,,,,,,0.3921,WARNING,,5,,t1908_0,0.60,LOW,OFFLOAD,WARNING: heavy task offloaded (weight=0.60 >= 0.3),
1771436122.095,0.1,69.48,4.8233,0.959,25.7,2,,,0.04252,0.2987,0.0000,0.1212,0.0000,0.4252,0.2096,0.1360,SAFE,False,5,0,,,,,,
1771436122.095,0.1,68.78,4.7860,0.937,24.1,2,,,0.04049,0.2518,0.0000,0.2909,0.0000,0.4049,0.1985,0.1482,SAFE,False,5,0,,,,,,
1771436122.095,0.1,,,,,,,,,,,,,,,0.1482,SAFE,,4,,t1910_0,0.70,LOW,LOCAL,SAFE: all tasks permitted (weight=0.70),
1771436122.095,0.1,69.18,4.7971,1.020,30.0,3,,,0.03449,0.2787,0.0000,0.2405,0.0000,0.3449,0.2549,0.1502,SAFE,False,4,1,,,,,,
1771436122.095,0.1,,,,,,,,,,,,,,,0.1502,SAFE,,3,,t1911_0,0.62,HIGH,LOCAL,SAFE: all tasks permitted (weight=0.62),
1771436122.095,0.1,69.09,4.7603,1.085,34.7,3,,,0.02809,0.2725,0.0000,0.4075,0.0000,0.2809,0.2877,0.1713,SAFE,False,3,2,,,,,,
1771436122.095,0.1,,,,,,,,,,,,,,,0.1713,SAFE,,2,,t1912_0,0.57,HIGH,LOCAL,SAFE: all tasks permitted (weight=0.57),
1771436122.095,0.1,68.75,4.7753,1.139,38.5,4,,,0.01998,0.2502,0.0000,0.3394,0.0000,0.1998,0.3294,0.1600,SAFE,False,2,3,,,,,,
1771436122.095,0.1,69.11,4.7629,1.104,36.0,4,,,0.02060,0.2737,0.0000,0.3957,0.0000,0.2060,0.3120,0.1673,SAFE,False,2,3,,,,,,
1771436122.095,0.1,,,,,,,,,,,,,,,0.1673,SAFE,,1,,t1914_0,0.58,LOW,LOCAL,SAFE: all tasks permitted (weight=0.58),
1771436122.095,0.1,69.13,4.7580,1.157,39.8,4,,,0.02080,0.2754,0.0000,0.4184,0.0000,0.2080,0.3383,0.1759,SAFE,False,1,4,,,,,,
1771436122.095,0.1,69.15,4.8130,1.120,37.2,4,,,0.02117,0.2768,0.0000,0.1682,0.0000,0.2117,0.3202,0.1403,SAFE,False,1,4,,,,,,
1771436122.095,0.1,,,,,,,,,,,,,,,0.1403,SAFE,,0,,t1916_0,0.76,HIGH,LOCAL,SAFE: all tasks permitted (weight=0.76),
1771436122.095,0.1,69.59,4.7046,1.199,42.8,4,,,0.03159,0.3062,0.0000,0.6611,0.0000,0.3159,0.3596,0.2262,SAFE,False,0,5,,,,,,
1771436122.095,0.1,,,,,,,,,,,,,,,0.2262,SAFE,,0,,t1917_0,0.63,HIGH,OFFLOAD,"Budget exhausted (B=0), offloading. Original: SAFE: all tasks permitted (weight=0.63)",
1771436122.095,0.1,69.94,4.7275,1.160,40.0,4,,,0.03479,0.3293,0.0000,0.5568,0.0000,0.3479,0.3401,0.2147,SAFE,False,0,5,,,,,,
1771436122.095,0.1,,,,,,,,,,,,,,,0.2147,SAFE,,0,,t1918_0,0.83,CRITICAL,OFFLOAD,"Budget exhausted (B=0), offloading. Original: SAFE: all tasks permitted (weight=0.83)",
1771436122.095,0.1,70.07,4.7518,1.124,37.4,4,,,0.03471,0.3382,0.0000,0.4465,0.0000,0.3471,0.3220,0.1977,SAFE,False,8,0,,,,,,window_reset|B=8
1771436122.095,0.1,69.88,4.7848,1.090,35.0,4,,,0.03245,0.3252,0.0000,0.2963,0.0000,0.3245,0.3051,0.1710,SAFE,False,8,0,,,,,,
1771436122.095,0.1,,,,,,,,,,,,,,,0.1710,SAFE,,7,,t1920_0,0.75,HIGH,LOCAL,SAFE: all tasks permitted (weight=0.75),
1771436122.095,0.1,,,,,,,,,,,,,,,0.1710,SAFE,,6,,t1920_1,0.56,NORMAL,LOCAL,SAFE: all tasks permitted (weight=0.56),
1771436122.095,0.1,,,,,,,,,,,,,,,0.1710,SAFE,,5,,t1920_2,0.73,LOW,LOCAL,SAFE: all tasks permitted (weight=0.73),
1771436122.095,0.1,,,,,,,,,,,,,,,0.1710,SAFE,,4,,t1920_3,0.23,NORMAL,LOCAL,SAFE: all tasks permitted (weight=0.23),
1771436122.095,0.1,70.06,4.6951,1.395,56.8,6,,,0.03431,0.3377,0.0000,0.7040,0.0000,0.3431,0.4874,0.2638,WARNING,False,4,4,,,,,,
1771436122.095,0.1,71.05,4.7129,1.342,53.0,6,,,0.03557,0.4031,0.0000,0.6231,0.0000,0.3557,0.4611,0.2572,WARNING,False,4,4,,,,,,
1771436122.095,0.1,71.17,4.7100,1.293,49.5,5,,,0.03483,0.4113,0.0000,0.6362,0.0000,0.3483,0.4216,0.2512,WARNING,False,4,4,,,,,,
1771436122.095,0.1,,,,,,,,,,,,,,,0.2512,WARNING,,4,,t1923_0,0.83,HIGH,OFFLOAD,WARNING: heavy task offloaded (weight=0.83 >= 0.3),
1771436122.095,0.1,70.49,4.7327,1.248,46.3,5,,,0.03474,0.3662,0.0000,0.5333,0.0000,0.3474,0.3988,0.2278,WARNING,False,4,4,,,,,,
1771436122.095,0.1,,,,,,,,,,,,,,,0.2278,WARNING,,4,,t1924_0,0.73,LOW,OFFLOAD,WARNING: heavy task offloaded (weight=0.73 >= 0.3),
1771436122.095,0.1,71.56,4.7345,1.205,43.2,5,,,0.03349,0.4377,0.0000,0.5249,0.0000,0.3349,0.3776,0.2298,WARNING,False,4,4,,,,,,
1771436122.095,0.1,,,,,,,,,,,,,,,0.2298,WARNING,,4,,t1925_0,0.68,NORMAL,OFFLOAD,WARNING: heavy task offloaded (weight=0.68 >= 0.3),
1771436122.095,0.1,,,,,,,,,,,,,,,0.2298,WARNING,,4,,t1925_1,0.38,HIGH,OFFLOAD,WARNING: heavy task offloaded (weight=0.38 >= 0.3),
1771436122.095,0.1,71.51,4.7696,1.166,40.4,4,,,0.03391,0.4337,0.0000,0.3653,0.0000,0.3391,0.3429,0.2020,WARNING,False,4,4,,,,,,
1771436122.095,0.1,,,,,,,,,,,,,,,0.2020,WARNING,,4,,t1926_0,0.46,NORMAL,OFFLOAD,WARNING: heavy task offloaded (weight=0.46 >= 0.3),
1771436122.095,0.1,71.39,4.7463,1.129,37.8,4,,,0.03358,0.4261,0.0000,0.4712,0.0000,0.3358,0.3245,0.2109,WARNING,False,4,4,,,,,,
1771436122.095,0.1,,,,,,,,,,,,,,,0.2109,WARNING,,4,,t1927_0,0.68,NORMAL,OFFLOAD,WARNING: heavy task offloaded (weight=0.68 >= 0.3),
1771436122.096,0.1,71.27,4.7902,1.095,35.4,4,83700.982,5.41626,0.02985,0.4181,1.0000,0.2717,0.0000,0.2985,0.3075,0.4269,WARNING,False,4,4,,,,,,
1771436122.096,0.1,71.72,4.8026,1.063,33.1,3,99587.233,107.53429,0.03277,0.4483,1.0000,0.2152,0.0000,0.3277,0.2766,0.4199,WARNING,False,4,4,,,,,,
1771436122.096,0.1,,,,,,,,,,,,,,,0.4199,WARNING,,4,,t1929_0,0.63,NORMAL,OFFLOAD,WARNING: heavy task offloaded (weight=0.63 >= 0.3),
1771436122.096,0.1,,,,,,,,,,,,,,,0.4199,WARNING,,4,,t1929_1,0.34,LOW,OFFLOAD,WARNING: heavy task offloaded (weight=0.34 >= 0.3),
1771436122.096,0.1,71.01,4.7868,1.034,31.0,3,-2062.040,73.94078,0.03398,0.4008,0.0000,0.2870,0.0000,0.3398,0.2619,0.1718,SAFE,False,4,4,,,,,,
1771436122.096,0.1,,,,,,,,,,,,,,,0.1718,SAFE,,3,,t1930_0,0.71,LOW,LOCAL,SAFE: all tasks permitted (weight=0.71),
1771436122.096,0.1,,,,,,,,,,,,,,,0.1718,SAFE,,2,,t1930_1,0.80,NORMAL,LOCAL,SAFE: all tasks permitted (weight=0.80),
1771436122.096,0.1,71.69,4.6812,1.229,44.9,5,31039.486,-28.88196,0.03914,0.4458,1.0000,0.7674,1.0000,0.3914,0.3893,0.7203,WARNING,False,2,6,,,,,,
1771436122.096,0.1,,,,,,,,,,,,,,,0.7203,WARNING,,1,,t1931_0,0.23,HIGH,LOCAL,WARNING: lightweight task permitted (weight=0.23 < 0.3),
1771436122.096,0.1,71.76,4.7298,1.221,44.4,5,75767.807,-2.91750,0.03746,0.4504,1.0000,0.5465,1.0000,0.3746,0.3855,0.6897,CRITICAL,False,1,7,,,,,,
1771436122.096,0.1,71.65,4.7479,1.180,41.5,4,5136.271,13.34962,0.03483,0.4434,1.0000,0.4642,0.0000,0.3483,0.3502,0.4684,CRITICAL,False,1,7,,,,,,
1771436122.096,0.1,,,,,,,,,,,,,,,0.4684,CRITICAL,,1,,t1933_0,0.82,HIGH,OFFLOAD,CRITICAL: non-critical task offloaded (priority=HIGH),
1771436122.096,0.1,71.64,4.8079,1.143,38.8,4,7897.184,38.25331,0.03725,0.4425,1.0000,0.1915,0.0000,0.3725,0.3314,0.4315,CRITICAL,False,5,0,,,,,,window_reset|B=5
1771436122.096,0.1,71.73,4.7994,1.108,36.3,4,20182.240,53.07335,0.03679,0.4486,1.0000,0.2299,0.0000,0.3679,0.3139,0.4333,CRITICAL,False,5,0,,,,,,
1771436122.096,0.1,,,,,,,,,,,,,,,0.4333,CRITICAL,,5,,t1935_0,0.66,NORMAL,OFFLOAD,CRITICAL: non-critical task offloaded (priority=NORMAL),
1771436122.096,0.1,71.99,4.7609,1.075,33.9,3,,,0.03581,0.4661,0.0000,0.4050,0.0000,0.3581,0.2826,0.2009,WARNING,False,5,0,,,,,,
1771436122.096,0.1,71.40,4.8351,1.045,31.8,3,,,0.03971,0.4269,0.0000,0.0675,0.0000,0.3971,0.2674,0.1532,SAFE,False,5,0,,,,,,
1771436122.096,0.1,71.64,4.8085,1.017,29.8,3,,,0.04099,0.4425,0.0000,0.1884,0.0000,0.4099,0.2533,0.1693,SAFE,False,5,0,,,,,,
1771436122.096,0.1,,,,,,,,,,,,,,,0.1693,SAFE,,4,,t1938_0,0.48,NORMAL,LOCAL,SAFE: all tasks permitted (weight=0.48),
1771436122.096,0.1,,,,,,,,,,,,,,,0.1693,SAFE,,3,,t1938_1,0.49,NORMAL,LOCAL,SAFE: all tasks permitted (weight=0.49),
1771436122.096,0.1,71.34,4.7474,1.133,38.1,4,,,0.04093,0.4225,0.0000,0.4666,0.0000,0.4093,0.3266,0.2176,SAFE,False,3,2,,,,,,
1771436122.096,0.1,,,,,,,,,,,,,,,0.2176,SAFE,,2,,t1939_0,0.78,LOW,LOCAL,SAFE: all tasks permitted (weight=0.78),
1771436122.097,0.1,71.82,4.7244,1.214,43.9,5,7404.807,-10.72810,0.04287,0.4546,1.0000,0.5710,1.0000,0.4287,0.3821,0.6981,WARNING,False,2,3,,,,,,
1771436122.097,0.1,,,,,,,,,,,,,,,0.6981,WARNING,,2,,t1940_0,0.54,HIGH,OFFLOAD,WARNING: heavy task offloaded (weight=0.54 >= 0.3),
1771436122.097,0.1,71.58,4.7299,1.174,41.0,4,-8224.860,-35.71000,0.04287,0.4388,0.0000,0.5458,1.0000,0.4287,0.3470,0.4359,WARNING,False,2,3,,,,,,
1771436122.097,0.1,,,,,,,,,,,,,,,0.4359,WARNING,,2,,t1941_0,0.64,HIGH,OFFLOAD,WARNING: heavy task offloaded (weight=0.64 >= 0.3),
1771436122.097,0.1,71.65,4.7437,1.137,38.3,4,1171.596,-127.64432,0.04255,0.4431,1.0000,0.4831,1.0000,0.4255,0.3284,0.6742,CRITICAL,False,2,3,,,,,,
1771436122.097,0.1,,,,,,,,,,,,,,,0.6742,CRITICAL,,2,,t1942_0,0.57,LOW,OFFLOAD,CRITICAL: non-critical task offloaded (priority=LOW),
1771436122.097,0.1,71.60,4.7322,1.102,35.9,4,-15575.558,-133.82534,0.03663,0.4399,0.0000,0.5357,1.0000,0.3663,0.3111,0.4213,CRITICAL,False,2,3,,,,,,
1771436122.097,0.1,,,,,,,,,,,,,,,0.4213,CRITICAL,,1,,t1943_0,0.48,CRITICAL,LOCAL,CRITICAL: mission-critical task permitted locally (priority=CRITICAL),
1771436122.097,0.1,71.78,4.7677,1.141,38.7,4,-25527.415,13.47735,0.03515,0.4519,0.0000,0.3742,0.0000,0.3515,0.3306,0.2041,WARNING,False,1,4,,,,,,
1771436122.097,0.1,71.93,4.7820,1.106,36.2,4,62299.234,-105.68646,0.03486,0.4617,1.0000,0.3090,1.0000,0.3486,0.3131,0.6430,CRITICAL,False,1,4,,,,,,
1771436122.097,0.1,,,,,,,,,,,,,,,0.6430,CRITICAL,,1,,t1945_0,0.37,LOW,OFFLOAD,CRITICAL: non-critical task offloaded (priority=LOW),
1771436122.097,0.1,,,,,,,,,,,,,,,0.6430,CRITICAL,,1,,t1945_1,0.30,HIGH,OFFLOAD,CRITICAL: non-critical task offloaded (priority=HIGH),
1771436122.097,0.1,72.25,4.7718,1.074,33.8,3,72952.898,-73.14157,0.03296,0.4833,1.0000,0.3555,1.0000,0.3296,0.2818,0.6435,CRITICAL,False,1,4,,,,,,
1771436122.097,0.1,71.42,4.8036,1.043,31.7,3,10153.836,111.93457,0.03333,0.4281,1.0000,0.2108,0.0000,0.3333,0.2667,0.4155,WARNING,False,1,4,,,,,,
1771436122.097,0.1,71.88,4.7820,1.015,29.7,3,,,0.03350,0.4584,0.0000,0.3093,0.0000,0.3350,0.2527,0.1792,SAFE,False,1,4,,,,,,
1771436122.097,0.1,,,,,,,,,,,,,,,0.1792,SAFE,,0,,t1948_0,0.80,NORMAL,LOCAL,SAFE: all tasks permitted (weight=0.80),
1771436122.097,0.1,72.02,4.7613,1.108,36.3,4,,,0.02693,0.4678,0.0000,0.4033,0.0000,0.2693,0.3141,0.1983,SAFE,False,8,0,,,,,,window_reset|B=8
1771436122.097,0.1,71.30,4.7671,1.076,34.0,3,,,0.02326,0.4203,0.0000,0.3766,0.0000,0.2326,0.2828,0.1792,SAFE,False,8,0,,,,,,
1771436122.097,0.1,,,,,,,,,,,,,,,0.1792,SAFE,,7,,t1950_0,0.34,HIGH,LOCAL,SAFE: all tasks permitted (weight=0.34),
1771436122.097,0.1,71.62,4.7758,1.095,35.4,4,,,0.02335,0.4414,0.0000,0.3374,0.0000,0.2335,0.3077,0.1817,SAFE,False,7,1,,,,,,
1771436122.097,0.1,,,,,,,,,,,,,,,0.1817,SAFE,,6,,t1951_0,0.75,NORMAL,LOCAL,SAFE: all tasks permitted (weight=0.75),
1771436122.097,0.1,71.47,4.7615,1.176,41.1,4,,,0.02047,0.4313,0.0000,0.4025,0.0000,0.2047,0.3479,0.1941,SAFE,False,6,2,,,,,,
1771436122.097,0.1,,,,,,,,,,,,,,,0.1941,SAFE,,5,,t1952_0,0.42,CRITICAL,LOCAL,SAFE: all tasks permitted (weight=0.42),
1771436122.097,0.1,71.89,4.7442,1.201,42.9,4,,,0.01875,0.4595,0.0000,0.4810,0.0000,0.1875,0.3606,0.2086,SAFE,False,5,3,,,,,,
1771436122.097,0.1,71.46,4.7702,1.162,40.1,4,,,0.01751,0.4307,0.0000,0.3627,0.0000,0.1751,0.3410,0.1846,SAFE,False,5,3,,,,,,
1771436122.097,0.1,71.53,4.8064,1.126,37.5,4,,,0.01677,0.4351,0.0000,0.1980,0.0000,0.1677,0.3228,0.1593,SAFE,False,5,3,,,,,,
1771436122.097,0.1,,,,,,,,,,,,,,,0.1593,SAFE,,4,,t1955_0,0.60,HIGH,LOCAL,SAFE: all tasks permitted (weight=0.60),
1771436122.097,0.1,71.69,4.7467,1.182,41.5,4,,,0.01840,0.4459,0.0000,0.4697,0.0000,0.1840,0.3508,0.2031,SAFE,False,4,4,,,,,,
1771436122.097,0.1,71.89,4.7584,1.144,38.8,4,,,0.01856,0.4595,0.0000,0.4164,0.0000,0.1856,0.3319,0.1942,SAFE,False,4,4,,,,,,
1771436122.097,0.1,,,,,,,,,,,,,,,0.1942,SAFE,,3,,t1957_0,0.49,HIGH,LOCAL,SAFE: all tasks permitted (weight=0.49),
1771436122.097,0.1,72.28,4.7429,1.181,41.5,4,,,0.02008,0.4854,0.0000,0.4867,0.0000,0.2008,0.3506,0.2117,SAFE,False,3,5,,,,,,
1771436122.097,0.1,71.81,4.7595,1.143,38.8,4,,,0.01710,0.4542,0.0000,0.4112,0.0000,0.1710,0.3317,0.1914,SAFE,False,3,5,,,,,,
1771436122.097,0.1,72.43,4.7641,1.108,36.3,4,,,0.01629,0.4953,0.0000,0.3903,0.0000,0.1629,0.3142,0.1893,SAFE,False,3,5,,,,,,
1771436122.097,0.1,71.37,4.7599,1.076,34.0,3,,,0.01631,0.4245,0.0000,0.4097,0.0000,0.1631,0.2828,0.1771,SAFE,False,3,5,,,,,,
1771436122.097,0.1,,,,,,,,,,,,,,,0.1771,SAFE,,2,,t1961_0,0.41,LOW,LOCAL,SAFE: all tasks permitted (weight=0.41),
1771436122.097,0.1,71.77,4.7373,1.107,36.2,4,,,0.01770,0.4511,0.0000,0.5121,0.0000,0.1770,0.3133,0.2011,SAFE,False,2,6,,,,,,
1771436122.097,0.1,72.12,4.7963,1.074,33.9,3,,,0.01994,0.4745,0.0000,0.2442,0.0000,0.1994,0.2820,0.1650,SAFE,False,2,6,,,,,,
1771436122.097,0.1,,,,,,,,,,,,,,,0.1650,SAFE,,1,,t1963_0,0.73,NORMAL,LOCAL,SAFE: all tasks permitted (weight=0.73),
1771436122.097,0.1,71.47,4.7783,1.153,39.5,4,,,0.02041,0.4312,0.0000,0.3260,0.0000,0.2041,0.3366,0.1819,SAFE,False,8,0,,,,,,window_reset|B=8
1771436122.097,0.1,72.02,4.7688,1.117,37.0,4,,,0.01957,0.4681,0.0000,0.3689,0.0000,0.1957,0.3187,0.1874,SAFE,False,8,0,,,,,,
1771436122.097,0.1,,,,,,,,,,,,,,,0.1874,SAFE,,7,,t1965_0,0.47,LOW,LOCAL,SAFE: all tasks permitted (weight=0.47),
1771436122.097,0.1,71.82,4.7466,1.154,39.6,4,,,0.02020,0.4544,0.0000,0.4701,0.0000,0.2020,0.3370,0.2033,SAFE,False,7,1,,,,,,
1771436122.097,0.1,71.99,4.7685,1.118,37.0,4,,,0.01575,0.4660,0.0000,0.3704,0.0000,0.1575,0.3191,0.1836,SAFE,False,7,1,,,,,,
1771436122.097,0.1,71.52,4.7844,1.085,34.6,3,,,0.01641,0.4348,0.0000,0.2981,0.0000,0.1641,0.2874,0.1648,SAFE,False,7,1,,,,,,
1771436122.097,0.1,71.64,4.7829,1.054,32.4,3,,,0.01713,0.4426,0.0000,0.3050,0.0000,0.1713,0.2719,0.1643,SAFE,False,7,1,,,,,,
1771436122.097,0.1,71.11,4.7645,1.025,30.4,3,,,0.01570,0.4075,0.0000,0.3887,0.0000,0.1570,0.2575,0.1666,SAFE,False,7,1,,,,,,
1771436122.097,0.1,,,,,,,,,,,,,,,0.1666,SAFE,,6,,t1970_0,0.40,LOW,LOCAL,SAFE: all tasks permitted (weight=0.40),
1771436122.098,0.1,71.48,4.7906,1.058,32.7,3,-38292.536,-5.62666,0.01669,0.4318,0.0000,0.2699,1.0000,0.1669,0.2742,0.3584,WARNING,False,6,2,,,,,,
1771436122.098,0.1,71.25,4.8046,1.029,30.7,3,-13322.369,26.28272,0.01906,0.4164,0.0000,0.2062,0.0000,0.1906,0.2596,0.1477,SAFE,False,6,2,,,,,,
1771436122.098,0.1,70.77,4.8406,1.002,28.7,3,-75068.923,71.48546,0.02601,0.3844,0.0000,0.0429,0.0000,0.2601,0.2460,0.1269,SAFE,False,6,2,,,,,,
1771436122.098,0.1,,,,,,,,,,,,,,,0.1269,SAFE,,5,,t1973_0,0.52,NORMAL,LOCAL,SAFE: all tasks permitted (weight=0.52),
1771436122.098,0.1,71.58,4.8011,1.055,32.5,3,-14168.190,54.30425,0.02303,0.4386,0.0000,0.2225,0.0000,0.2303,0.2723,0.1591,SAFE,False,5,3,,,,,,
1771436122.098,0.1,,,,,,,,,,,,,,,0.1591,SAFE,,4,,t1974_0,0.47,LOW,LOCAL,SAFE: all tasks permitted (weight=0.47),
1771436122.098,0.1,71.69,4.7703,1.095,35.4,4,-17990.406,1.73483,0.02315,0.4459,0.0000,0.3625,0.0000,0.2315,0.3077,0.1853,SAFE,False,4,4,,,,,,
1771436122.098,0.1,,,,,,,,,,,,,,,0.1853,SAFE,,3,,t1975_0,0.74,HIGH,LOCAL,SAFE: all tasks permitted (weight=0.74),
1771436122.098,0.1,71.54,4.6948,1.174,41.0,4,884.903,-89.33810,0.03376,0.4358,1.0000,0.7055,1.0000,0.3376,0.3470,0.6972,WARNING,False,3,5,,,,,,
1771436122.098,0.1,71.45,4.7509,1.137,38.3,4,-11580.972,-31.90273,0.03446,0.4297,0.0000,0.4505,1.0000,0.3446,0.3284,0.4103,WARNING,False,3,5,,,,,,
1771436122.098,0.1,71.48,4.7761,1.102,35.9,4,21932.515,11.62346,0.03338,0.4319,1.0000,0.3357,0.0000,0.3338,0.3110,0.4411,WARNING,False,3,5,,,,,,
1771436122.098,0.1,,,,,,,,,,,,,,,0.4411,WARNING,,3,,t1978_0,0.58,LOW,OFFLOAD,WARNING: heavy task offloaded (weight=0.58 >= 0.3),
1771436122.098,0.1,71.83,4.7362,1.070,33.6,3,,,0.03524,0.4554,0.0000,0.5172,0.0000,0.3524,0.2799,0.2131,WARNING,False,7,0,,,,,,window_reset|B=7
1771436122.098,0.1,,,,,,,,,,,,,,,0.2131,WARNING,,7,,t1979_0,0.54,HIGH,OFFLOAD,WARNING: heavy task offloaded (weight=0.54 >= 0.3),
1771436122.098,0.1,71.61,4.7791,1.040,31.4,3,,,0.03515,0.4407,0.0000,0.3224,0.0000,0.3515,0.2650,0.1829,WARNING,False,7,0,,,,,,
1771436122.098,0.1,70.40,4.8184,1.012,29.4,3,,,0.03718,0.3601,0.0000,0.1436,0.0000,0.3718,0.2510,0.1493,SAFE,False,7,0,,,,,,
1771436122.098,0.1,,,,,,,,,,,,,,,0.1493,SAFE,,6,,t1981_0,0.68,LOW,LOCAL,SAFE: all tasks permitted (weight=0.68),
1771436122.098,0.1,70.49,4.7636,1.088,34.9,3,,,0.03721,0.3661,0.0000,0.3929,0.0000,0.3721,0.2891,0.1900,SAFE,False,6,1,,,,,,
1771436122.098,0.1,70.98,4.7920,1.057,32.6,3,,,0.03726,0.3988,0.0000,0.2635,0.0000,0.3726,0.2735,0.1741,SAFE,False,6,1,,,,,,
1771436122.098,0.1,,,,,,,,,,,,,,,0.1741,SAFE,,5,,t1983_0,0.77,CRITICAL,LOCAL,SAFE: all tasks permitted (weight=0.77),
1771436122.098,0.1,70.84,4.7556,1.143,38.8,4,,,0.03672,0.3896,0.0000,0.4289,0.0000,0.3672,0.3316,0.2055,SAFE,False,5,2,,,,,,
1771436122.098,0.1,71.07,4.7524,1.108,36.3,4,,,0.03086,0.4043,0.0000,0.4435,0.0000,0.3086,0.3141,0.1998,SAFE,False,5,2,,,,,,
1771436122.098,0.1,70.82,4.7031,1.075,34.0,3,,,0.03334,0.3880,0.0000,0.6678,0.0000,0.3334,0.2827,0.2233,SAFE,False,5,2,,,,,,
1771436122.098,0.1,,,,,,,,,,,,,,,0.2233,SAFE,,4,,t1986_0,0.40,NORMAL,LOCAL,SAFE: all tasks permitted (weight=0.40),
1771436122.098,0.1,71.44,4.7569,1.105,36.1,4,,,0.03312,0.4293,0.0000,0.4232,0.0000,0.3312,0.3124,0.2021,SAFE,False,4,3,,,,,,
1771436122.098,0.1,,,,,,,,,,,,,,,0.2021,SAFE,,3,,t1987_0,0.38,HIGH,LOCAL,SAFE: all tasks permitted (weight=0.38),
1771436122.098,0.1,70.58,4.7253,1.129,37.8,4,,,0.02922,0.3718,0.0000,0.5667,0.0000,0.2922,0.3244,0.2124,SAFE,False,3,4,,,,,,
1771436122.098,0.1,70.47,4.7723,1.095,35.3,4,,,0.02931,0.3644,0.0000,0.3531,0.0000,0.2931,0.3073,0.1804,SAFE,False,3,4,,,,,,
1771436122.098,0.1,71.03,4.7917,1.063,33.1,3,,,0.03028,0.4021,0.0000,0.2651,0.0000,0.3028,0.2765,0.1683,SAFE,False,3,4,,,,,,
1771436122.098,0.1,,,,,,,,,,,,,,,0.1683,SAFE,,2,,t1990_0,0.83,HIGH,LOCAL,SAFE: all tasks permitted (weight=0.83),
1771436122.098,0.1,71.40,4.7677,1.158,39.8,4,,,0.02926,0.4269,0.0000,0.3741,0.0000,0.2926,0.3388,0.1969,SAFE,False,2,5,,,,,,
1771436122.098,0.1,,,,,,,,,,,,,,,0.1969,SAFE,,1,,t1991_0,0.68,NORMAL,LOCAL,SAFE: all tasks permitted (weight=0.68),
1771436122.098,0.1,70.60,4.7154,1.224,44.6,5,,,0.03186,0.3736,0.0000,0.6118,0.0000,0.3186,0.3871,0.2336,SAFE,False,1,6,,,,,,
1771436122.098,0.1,,,,,,,,,,,,,,,0.2336,SAFE,,0,,t1992_0,0.35,HIGH,LOCAL,SAFE: all tasks permitted (weight=0.35),
1771436122.098,0.1,70.92,4.7343,1.236,45.4,5,,,0.02702,0.3948,0.0000,0.5261,0.0000,0.2702,0.3928,0.2214,SAFE,False,0,7,,,,,,
1771436122.098,0.1,,,,,,,,,,,,,,,0.2214,SAFE,,0,,t1993_0,0.33,LOW,OFFLOAD,"Budget exhausted (B=0), offloading. Original: SAFE: all tasks permitted (weight=0.33)",
1771436122.098,0.1,,,,,,,,,,,,,,,0.2214,SAFE,,0,,t1993_1,0.37,NORMAL,OFFLOAD,"Budget exhausted (B=0), offloading. Original: SAFE: all tasks permitted (weight=0.37)",
1771436122.098,0.1,71.13,4.7394,1.194,42.4,4,,,0.02703,0.4088,0.0000,0.5027,0.0000,0.2703,0.3570,0.2128,SAFE,False,7,0,,,,,,window_reset|B=7
1771436122.098,0.1,,,,,,,,,,,,,,,0.2128,SAFE,,6,,t1994_0,0.73,LOW,LOCAL,SAFE: all tasks permitted (weight=0.73),
1771436122.098,0.1,71.84,4.7277,1.265,47.5,5,,,0.02452,0.4561,0.0000,0.5559,0.0000,0.2452,0.4074,0.2330,SAFE,False,6,1,,,,,,
1771436122.098,0.1,,,,,,,,,,,,,,,0.2330,SAFE,,5,,t1995_0,0.37,HIGH,LOCAL,SAFE: all tasks permitted (weight=0.37),
1771436122.098,0.1,72.18,4.7084,1.277,48.4,5,,,0.02626,0.4788,0.0000,0.6437,0.0000,0.2626,0.4136,0.2501,WARNING,False,5,2,,,,,,
1771436122.098,0.1,72.22,4.7529,1.233,45.2,5,,,0.02627,0.4811,0.0000,0.4411,0.0000,0.2627,0.3913,0.2196,WARNING,False,5,2,,,,,,
1771436122.098,0.1,72.23,4.7569,1.191,42.2,4,,,0.02386,0.4818,0.0000,0.4231,0.0000,0.2386,0.3557,0.2078,WARNING,False,5,2,,,,,,
1771436122.098,0.1,,,,,,,,,,,,,,,0.2078,WARNING,,5,,t1998_0,0.77,NORMAL,OFFLOAD,WARNING: heavy task offloaded (weight=0.77 >= 0.3),
1771436122.098,0.1,72.76,4.7443,1.153,39.5,4,,,0.02362,0.5175,0.0000,0.4804,0.0000,0.2362,0.3364,0.2155,WARNING,False,5,2,,,,,,
1771436122.098,0.1,,,,,,,,,,,,,,,0.2155,WARNING,,5,,t1999_0,0.79,HIGH,OFFLOAD,WARNING: heavy task offloaded (weight=0.79 >= 0.3),
1771436122.098,0.1,72.47,4.7728,1.117,36.9,4,,,0.02402,0.4982,0.0000,0.3508,0.0000,0.2402,0.3186,0.1931,WARNING,False,5,2,,,,,,
1771436122.098,0.1,71.76,4.7638,1.084,34.6,3,,,0.02343,0.4509,0.0000,0.3916,0.0000,0.2343,0.2869,0.1858,WARNING,False,5,2,,,,,,
1771436122.099,0.1,,,,,,,,,,,,,,,0.1858,WARNING,,5,,t2001_0,0.42,HIGH,OFFLOAD,WARNING: heavy task offloaded (weight=0.42 >= 0.3),
1771436122.099,0.1,72.13,4.7687,1.053,32.4,3,59792.902,29.26848,0.02053,0.4753,1.0000,0.3697,0.0000,0.2053,0.2715,0.4299,WARNING,False,5,2,,,,,,
1771436122.099,0.1,,,,,,,,,,,,,,,0.4299,WARNING,,5,,t2002_0,0.33,NORMAL,OFFLOAD,WARNING: heavy task offloaded (weight=0.33 >= 0.3),
1771436122.099,0.1,,,,,,,,,,,,,,,0.4299,WARNING,,5,,t2002_1,0.84,NORMAL,OFFLOAD,WARNING: heavy task offloaded (weight=0.84 >= 0.3),
1771436122.099,0.1,72.01,4.7844,1.024,30.3,3,10282.451,56.74613,0.02244,0.4675,1.0000,0.2980,0.0000,0.2244,0.2571,0.4187,WARNING,False,5,2,,,,,,
1771436122.099,0.1,,,,,,,,,,,,,,,0.4187,WARNING,,5,,t2003_0,0.63,LOW,OFFLOAD,WARNING: heavy task offloaded (weight=0.63 >= 0.3),
1771436122.099,0.1,71.88,4.7978,0.997,28.4,3,-18304.489,89.41992,0.02413,0.4585,0.0000,0.2372,0.0000,0.2413,0.2437,0.1587,SAFE,False,5,2,,,,,,
1771436122.099,0.1,,,,,,,,,,,,,,,0.1587,SAFE,,4,,t2004_0,0.70,LOW,LOCAL,SAFE: all tasks permitted (weight=0.70),
1771436122.099,0.1,71.55,4.7934,1.078,34.1,3,-40038.314,40.47843,0.02554,0.4366,0.0000,0.2572,0.0000,0.2554,0.2838,0.1681,SAFE,False,4,3,,,,,,
1771436122.099,0.1,,,,,,,,,,,,,,,0.1681,SAFE,,3,,t2005_0,0.21,NORMAL,LOCAL,SAFE: all tasks permitted (weight=0.21),
1771436122.099,0.1,,,,,,,,,,,,,,,0.1681,SAFE,,2,,t2005_1,0.51,HIGH,LOCAL,SAFE: all tasks permitted (weight=0.51),
1771436122.099,0.1,71.98,4.7489,1.156,39.7,4,-14944.158,-8.07076,0.02506,0.4652,0.0000,0.4597,1.0000,0.2506,0.3378,0.4082,WARNING,False,2,5,,,,,,
1771436122.099,0.1,,,,,,,,,,,,,,,0.4082,WARNING,,2,,t2006_0,0.30,LOW,OFFLOAD,WARNING: heavy task offloaded (weight=0.30 >= 0.3),
1771436122.099,0.1,71.90,4.7769,1.120,37.1,4,-51723.501,32.57450,0.02340,0.4600,0.0000,0.3323,0.0000,0.2340,0.3198,0.1858,WARNING,False,2,5,,,,,,
1771436122.099,0.1,71.39,4.7496,1.086,34.7,3,-65250.121,-23.24603,0.01717,0.4257,0.0000,0.4565,1.0000,0.1717,0.2881,0.3852,WARNING,False,2,5,,,,,,
1771436122.099,0.1,,,,,,,,,,,,,,,0.3852,WARNING,,2,,t2008_0,0.43,NORMAL,OFFLOAD,WARNING: heavy task offloaded (weight=0.43 >= 0.3),
1771436122.099,0.1,71.34,4.7779,1.055,32.5,3,-25536.434,14.09851,0.01679,0.4226,0.0000,0.3276,0.0000,0.1679,0.2725,0.1646,SAFE,False,8,0,,,,,,window_reset|B=8
1771436122.099,0.1,71.81,4.8057,1.026,30.4,3,,,0.01898,0.4541,0.0000,0.2013,0.0000,0.1898,0.2581,0.1513,SAFE,False,8,0,,,,,,
1771436122.099,0.1,,,,,,,,,,,,,,,0.1513,SAFE,,7,,t2010_0,0.22,LOW,LOCAL,SAFE: all tasks permitted (weight=0.22),
1771436122.099,0.1,71.71,4.7513,1.033,30.9,3,,,0.01817,0.4473,0.0000,0.4488,0.0000,0.1817,0.2613,0.1825,SAFE,False,7,1,,,,,,
1771436122.099,0.1,71.14,4.8139,1.005,29.0,3,,,0.02119,0.4092,0.0000,0.1641,0.0000,0.2119,0.2477,0.1412,SAFE,False,7,1,,,,,,
1771436122.099,0.1,,,,,,,,,,,,,,,0.1412,SAFE,,6,,t2012_0,0.52,LOW,LOCAL,SAFE: all tasks permitted (weight=0.52),
1771436122.099,0.1,71.47,4.7662,1.058,32.7,3,,,0.02107,0.4315,0.0000,0.3807,0.0000,0.2107,0.2742,0.1772,SAFE,False,6,2,,,,,,
1771436122.099,0.1,,,,,,,,,,,,,,,0.1772,SAFE,,5,,t2013_0,0.71,CRITICAL,LOCAL,SAFE: all tasks permitted (weight=0.71),
1771436122.099,0.1,70.95,4.7867,1.136,38.3,4,,,0.02100,0.3969,0.0000,0.2877,0.0000,0.2100,0.3280,0.1716,SAFE,False,5,3,,,,,,
1771436122.099,0.1,,,,,,,,,,,,,,,0.1716,SAFE,,4,,t2014_0,0.49,NORMAL,LOCAL,SAFE: all tasks permitted (weight=0.49),
1771436122.099,0.1,71.41,4.7342,1.175,41.1,4,,,0.02432,0.4275,0.0000,0.5264,0.0000,0.2432,0.3476,0.2136,SAFE,False,4,4,,,,,,
1771436122.099,0.1,,,,,,,,,,,,,,,0.2136,SAFE,,3,,t2015_0,0.25,NORMAL,LOCAL,SAFE: all tasks permitted (weight=0.25),
1771436122.099,0.1,71.58,4.7590,1.176,41.1,4,,,0.02368,0.4386,0.0000,0.4137,0.0000,0.2368,0.3480,0.1997,SAFE,False,3,5,,,,,,
1771436122.099,0.1,71.58,4.7646,1.139,38.5,4,,,0.02283,0.4384,0.0000,0.3882,0.0000,0.2283,0.3293,0.1918,SAFE,False,3,5,,,,,,
1771436122.099,0.1,71.51,4.7608,1.104,36.0,4,,,0.02215,0.4338,0.0000,0.4054,0.0000,0.2215,0.3119,0.1893,SAFE,False,3,5,,,,,,
1771436122.099,0.1,,,,,,,,,,,,,,,0.1893,SAFE,,2,,t2018_0,0.84,LOW,LOCAL,SAFE: all tasks permitted (weight=0.84),
1771436122.099,0.1,71.63,4.7346,1.198,42.7,4,,,0.02414,0.4423,0.0000,0.5247,0.0000,0.2414,0.3590,0.2172,SAFE,False,2,6,,,,,,
1771436122.099,0.1,,,,,,,,,,,,,,,0.2172,SAFE,,1,,t2019_0,0.55,LOW,LOCAL,SAFE: all tasks permitted (weight=0.55),
1771436122.099,0.1,71.95,4.7014,1.242,45.9,5,,,0.03001,0.4632,0.0000,0.6755,0.0000,0.3001,0.3960,0.2526,WARNING,False,1,7,,,,,,
1771436122.099,0.1,,,,,,,,,,,,,,,0.2526,WARNING,,1,,t2020_0,0.78,LOW,OFFLOAD,WARNING: heavy task offloaded (weight=0.78 >= 0.3),
1771436122.099,0.1,72.16,4.7506,1.200,42.9,4,,,0.02982,0.4776,0.0000,0.4516,0.0000,0.2982,0.3600,0.2178,WARNING,False,1,7,,,,,,
1771436122.099,0.1,71.82,4.7208,1.161,40.1,4,,,0.02835,0.4547,0.0000,0.5873,0.0000,0.2835,0.3405,0.2274,WARNING,False,1,7,,,,,,
1771436122.099,0.1,72.26,4.7551,1.125,37.5,4,,,0.02835,0.4838,0.0000,0.4313,0.0000,0.2835,0.3223,0.2069,WARNING,False,1,7,,,,,,
1771436122.099,0.1,72.14,4.7895,1.091,35.1,4,,,0.02461,0.4761,0.0000,0.2749,0.0000,0.2461,0.3054,0.1786,SAFE,False,8,0,,,,,,window_reset|B=8
1771436122.099,0.1,72.34,4.7440,1.059,32.8,3,,,0.02430,0.4890,0.0000,0.4820,0.0000,0.2430,0.2747,0.2006,SAFE,False,8,0,,,,,,
1771436122.099,0.1,71.68,4.7993,1.030,30.7,3,,,0.02606,0.4452,0.0000,0.2306,0.0000,0.2606,0.2601,0.1615,SAFE,False,8,0,,,,,,
1771436122.099,0.1,71.56,4.7854,1.003,28.8,3,,,0.02711,0.4373,0.0000,0.2936,0.0000,0.2711,0.2465,0.1671,SAFE,False,8,0,,,,,,
1771436122.099,0.1,,,,,,,,,,,,,,,0.1671,SAFE,,7,,t2027_0,0.25,CRITICAL,LOCAL,SAFE: all tasks permitted (weight=0.25),
1771436122.099,0.1,,,,,,,,,,,,,,,0.1671,SAFE,,6,,t2027_1,0.31,LOW,LOCAL,SAFE: all tasks permitted (weight=0.31),
1771436122.099,0.1,71.83,4.7961,1.063,33.1,3,,,0.02936,0.4550,0.0000,0.2451,0.0000,0.2936,0.2767,0.1712,SAFE,False,6,2,,,,,,
1771436122.099,0.1,,,,,,,,,,,,,,,0.1712,SAFE,,5,,t2028_0,0.22,NORMAL,LOCAL,SAFE: all tasks permitted (weight=0.22),
1771436122.099,0.1,71.47,4.7926,1.068,33.4,3,,,0.03083,0.4314,0.0000,0.2610,0.0000,0.3083,0.2788,0.1723,SAFE,False,5,3,,,,,,
1771436122.099,0.1,,,,,,,,,,,,,,,0.1723,SAFE,,4,,t2029_0,0.24,NORMAL,LOCAL,SAFE: all tasks permitted (weight=0.24),
1771436122.099,0.1,71.67,4.7640,1.074,33.8,3,,,0.03084,0.4448,0.0000,0.3909,0.0000,0.3084,0.2818,0.1914,SAFE,False,4,4,,,,,,
1771436122.100,0.1,,,,,,,,,,,,,,,0.1914,SAFE,,3,,t2030_0,0.78,HIGH,LOCAL,SAFE: all tasks permitted (weight=0.78),
1771436122.100,0.1,71.63,4.7605,1.161,40.1,4,-37872.725,5.35187,0.02979,0.4418,0.0000,0.4070,0.0000,0.2979,0.3405,0.2038,SAFE,False,3,5,,,,,,
1771436122.100,0.1,71.41,4.7435,1.125,37.5,4,-44146.841,-45.98916,0.02426,0.4271,0.0000,0.4839,1.0000,0.2426,0.3224,0.4029,WARNING,False,3,5,,,,,,
1771436122.100,0.1,70.75,4.7908,1.091,35.1,4,-95324.431,46.89505,0.02458,0.3831,0.0000,0.2689,0.0000,0.2458,0.3055,0.1666,SAFE,False,3,5,,,,,,
1771436122.100,0.1,71.18,4.7974,1.059,32.8,3,-29845.702,-1.88054,0.02055,0.4121,0.0000,0.2391,1.0000,0.2055,0.2747,0.3560,WARNING,False,3,5,,,,,,
1771436122.100,0.1,,,,,,,,,,,,,,,0.3560,WARNING,,3,,t2034_0,0.50,NORMAL,OFFLOAD,WARNING: heavy task offloaded (weight=0.50 >= 0.3),
1771436122.100,0.1,71.25,4.8003,1.030,30.7,3,-18777.684,14.84808,0.02042,0.4164,0.0000,0.2261,0.0000,0.2042,0.2601,0.1518,SAFE,False,3,5,,,,,,
1771436122.100,0.1,,,,,,,,,,,,,,,0.1518,SAFE,,2,,t2035_0,0.81,HIGH,LOCAL,SAFE: all tasks permitted (weight=0.81),
1771436122.100,0.1,71.36,4.7701,1.125,37.5,4,-27916.239,-26.00722,0.02039,0.4240,0.0000,0.3633,1.0000,0.2039,0.3227,0.3830,WARNING,False,2,6,,,,,,
1771436122.100,0.1,71.27,4.7413,1.092,35.1,4,-12333.895,-51.32161,0.02078,0.4177,0.0000,0.4942,1.0000,0.2078,0.3058,0.3963,WARNING,False,2,6,,,,,,
1771436122.100,0.1,71.41,4.7856,1.060,32.9,3,-15859.159,21.63015,0.01997,0.4272,0.0000,0.2926,0.0000,0.1997,0.2750,0.1643,SAFE,False,2,6,,,,,,
1771436122.100,0.1,,,,,,,,,,,,,,,0.1643,SAFE,,1,,t2038_0,0.50,NORMAL,LOCAL,SAFE: all tasks permitted (weight=0.50),
1771436122.100,0.1,71.06,4.7951,1.107,36.2,4,,,0.02047,0.4043,0.0000,0.2494,0.0000,0.2047,0.3135,0.1641,SAFE,False,8,0,,,,,,window_reset|B=8
1771436122.100,0.1,71.42,4.7748,1.074,33.9,3,,,0.01975,0.4278,0.0000,0.3418,0.0000,0.1975,0.2822,0.1720,SAFE,False,8,0,,,,,,
1771436122.100,0.1,70.84,4.8232,1.044,31.7,3,,,0.02333,0.3895,0.0000,0.1220,0.0000,0.2333,0.2671,0.1393,SAFE,False,8,0,,,,,,
1771436122.100,0.1,71.36,4.8110,1.016,29.7,3,,,0.02442,0.4241,0.0000,0.1774,0.0000,0.2442,0.2530,0.1490,SAFE,False,8,0,,,,,,
1771436122.100,0.1,,,,,,,,,,,,,,,0.1490,SAFE,,7,,t2042_0,0.25,HIGH,LOCAL,SAFE: all tasks permitted (weight=0.25),
1771436122.100,0.1,,,,,,,,,,,,,,,0.1490,SAFE,,6,,t2042_1,0.73,LOW,LOCAL,SAFE: all tasks permitted (weight=0.73),
1771436122.100,0.1,70.82,4.7475,1.139,38.5,4,,,0.02564,0.3882,0.0000,0.4658,0.0000,0.2564,0.3294,0.1987,SAFE,False,6,2,,,,,,
1771436122.100,0.1,,,,,,,,,,,,,,,0.1987,SAFE,,5,,t2043_0,0.65,NORMAL,LOCAL,SAFE: all tasks permitted (weight=0.65),
1771436122.100,0.1,70.93,4.7400,1.202,43.0,5,,,0.02610,0.3956,0.0000,0.5001,0.0000,0.2610,0.3762,0.2138,SAFE,False,5,3,,,,,,
1771436122.100,0.1,71.11,4.7433,1.163,40.2,4,,,0.02791,0.4070,0.0000,0.4848,0.0000,0.2791,0.3416,0.2081,SAFE,False,5,3,,,,,,
1771436122.100,0.1,,,,,,,,,,,,,,,0.2081,SAFE,,4,,t2045_0,0.68,LOW,LOCAL,SAFE: all tasks permitted (weight=0.68),
1771436122.100,0.1,71.06,4.7486,1.230,45.0,5,,,0.02826,0.4041,0.0000,0.4609,0.0000,0.2826,0.3902,0.2147,SAFE,False,4,4,,,,,,
1771436122.100,0.1,,,,,,,,,,,,,,,0.2147,SAFE,,3,,t2046_0,0.48,LOW,LOCAL,SAFE: all tasks permitted (weight=0.48),
1771436122.100,0.1,72.39,4.6933,1.262,47.3,5,,,0.03454,0.4924,0.0000,0.7121,0.0000,0.3454,0.4059,0.2674,WARNING,False,3,5,,,,,,
1771436122.100,0.1,72.10,4.7306,1.218,44.2,5,,,0.03571,0.4732,0.0000,0.5427,0.0000,0.3571,0.3842,0.2399,WARNING,False,3,5,,,,,,
1771436122.100,0.1,,,,,,,,,,,,,,,0.2399,WARNING,,3,,t2048_0,0.35,LOW,OFFLOAD,WARNING: heavy task offloaded (weight=0.35 >= 0.3),
1771436122.100,0.1,72.09,4.7456,1.178,41.3,4,,,0.03553,0.4726,0.0000,0.4743,0.0000,0.3553,0.3490,0.2237,WARNING,False,3,5,,,,,,
1771436122.100,0.1,,,,,,,,,,,,,,,0.2237,WARNING,,3,,t2049_0,0.34,LOW,OFFLOAD,WARNING: heavy task offloaded (weight=0.34 >= 0.3),
1771436122.100,0.1,71.94,4.7410,1.141,38.6,4,,,0.03515,0.4625,0.0000,0.4956,0.0000,0.3515,0.3303,0.2211,WARNING,False,3,5,,,,,,
1771436122.100,0.1,,,,,,,,,,,,,,,0.2211,WARNING,,3,,t2050_0,0.46,LOW,OFFLOAD,WARNING: heavy task offloaded (weight=0.46 >= 0.3),
1771436122.100,0.1,71.75,4.7598,1.106,36.1,4,,,0.03333,0.4498,0.0000,0.4098,0.0000,0.3333,0.3128,0.2031,WARNING,False,3,5,,,,,,
1771436122.100,0.1,71.69,4.7620,1.073,33.8,3,,,0.03288,0.4461,0.0000,0.3999,0.0000,0.3288,0.2816,0.1947,WARNING,False,3,5,,,,,,
1771436122.100,0.1,,,,,,,,,,,,,,,0.1947,WARNING,,3,,t2052_0,0.73,HIGH,OFFLOAD,WARNING: heavy task offloaded (weight=0.73 >= 0.3),
1771436122.100,0.1,71.51,4.7748,1.043,31.6,3,,,0.02648,0.4340,0.0000,0.3417,0.0000,0.2648,0.2665,0.1763,SAFE,False,3,5,,,,,,
1771436122.100,0.1,,,,,,,,,,,,,,,0.1763,SAFE,,2,,t2053_0,0.63,HIGH,LOCAL,SAFE: all tasks permitted (weight=0.63),
1771436122.100,0.1,71.65,4.8012,1.111,36.5,4,,,0.02468,0.4436,0.0000,0.2216,0.0000,0.2468,0.3153,0.1698,SAFE,False,8,0,,,,,,window_reset|B=8
1771436122.100,0.1,,,,,,,,,,,,,,,0.1698,SAFE,,7,,t2054_0,0.85,LOW,LOCAL,SAFE: all tasks permitted (weight=0.85),
1771436122.100,0.1,,,,,,,,,,,,,,,0.1698,SAFE,,6,,t2054_1,0.62,HIGH,LOCAL,SAFE: all tasks permitted (weight=0.62),
1771436122.100,0.1,72.07,4.7389,1.301,50.1,5,,,0.02484,0.4710,0.0000,0.5048,0.0000,0.2484,0.4257,0.2321,SAFE,False,6,2,,,,,,
1771436122.100,0.1,72.39,4.7316,1.255,46.8,5,,,0.02518,0.4928,0.0000,0.5384,0.0000,0.2518,0.4026,0.2348,SAFE,False,6,2,,,,,,
1771436122.100,0.1,72.87,4.7501,1.212,43.7,5,,,0.02515,0.5244,0.0000,0.4543,0.0000,0.2515,0.3811,0.2234,SAFE,False,6,2,,,,,,
1771436122.100,0.1,72.20,4.7700,1.172,40.9,4,,,0.02587,0.4801,0.0000,0.3634,0.0000,0.2587,0.3462,0.2000,SAFE,False,6,2,,,,,,
1771436122.100,0.1,72.46,4.7531,1.135,38.2,4,,,0.01946,0.4971,0.0000,0.4402,0.0000,0.1946,0.3276,0.2019,SAFE,False,6,2,,,,,,
1771436122.100,0.1,,,,,,,,,,,,,,,0.2019,SAFE,,5,,t2059_0,0.67,NORMAL,LOCAL,SAFE: all tasks permitted (weight=0.67),
1771436122.100,0.1,72.69,4.7017,1.204,43.1,5,,,0.02365,0.5128,0.0000,0.6739,0.0000,0.2365,0.3768,0.2481,SAFE,False,5,3,,,,,,
1771436122.100,0.1,,,,,,,,,,,,,,,0.2481,SAFE,,4,,t2060_0,0.22,NORMAL,LOCAL,SAFE: all tasks permitted (weight=0.22),
1771436122.100,0.1,72.94,4.7706,1.198,42.7,4,,,0.02405,0.5292,0.0000,0.3607,0.0000,0.2405,0.3589,0.2062,SAFE,False,4,4,,,,,,
1771436122.101,0.1,,,,,,,,,,,,,,,0.2062,SAFE,,3,,t2061_0,0.61,NORMAL,LOCAL,SAFE: all tasks permitted (weight=0.61),
1771436122.101,0.1,,,,,,,,,,,,,,,0.2062,SAFE,,2,,t2061_1,0.37,NORMAL,LOCAL,SAFE: all tasks permitted (weight=0.37),
1771436122.101,0.1,73.09,4.7306,1.307,50.5,5,86280.159,-70.62631,0.02470,0.5395,1.0000,0.5428,1.0000,0.2470,0.4287,0.6958,WARNING,False,2,6,,,,,,
1771436122.101,0.1,,,,,,,,,,,,,,,0.6958,WARNING,,2,,t2062_0,0.48,NORMAL,OFFLOAD,WARNING: heavy task offloaded (weight=0.48 >= 0.3),
1771436122.101,0.1,72.62,4.7056,1.261,47.2,5,33369.389,-33.36443,0.02793,0.5081,1.0000,0.6565,1.0000,0.2793,0.4054,0.7053,CRITICAL,False,2,6,,,,,,
1771436122.101,0.1,72.87,4.7550,1.218,44.1,5,28477.996,23.47512,0.02773,0.5244,1.0000,0.4316,0.0000,0.2773,0.3838,0.4735,CRITICAL,False,2,6,,,,,,
1771436122.101,0.1,,,,,,,,,,,,,,,0.4735,CRITICAL,,2,,t2064_0,0.24,LOW,OFFLOAD,CRITICAL: non-critical task offloaded (priority=LOW),
1771436122.101,0.1,73.42,4.7662,1.177,41.2,4,33314.474,16.08936,0.02714,0.5614,1.0000,0.3811,0.0000,0.2714,0.3486,0.4638,CRITICAL,False,2,6,,,,,,
1771436122.101,0.1,,,,,,,,,,,,,,,0.4638,CRITICAL,,2,,t2065_0,0.79,LOW,OFFLOAD,CRITICAL: non-critical task offloaded (priority=LOW),
1771436122.101,0.1,73.91,4.7637,1.140,38.6,4,102499.827,-6.38311,0.02259,0.5941,1.0000,0.3925,1.0000,0.2259,0.3299,0.6609,CRITICAL,False,2,6,,,,,,
1771436122.101,0.1,,,,,,,,,,,,,,,0.6609,CRITICAL,,2,,t2066_0,0.34,LOW,OFFLOAD,CRITICAL: non-critical task offloaded (priority=LOW),
1771436122.101,0.1,73.32,4.7984,1.105,36.1,4,52030.769,45.24328,0.02689,0.5549,1.0000,0.2345,0.0000,0.2689,0.3125,0.4365,CRITICAL,False,2,6,,,,,,
1771436122.101,0.1,73.68,4.8020,1.073,33.8,3,59244.440,100.23565,0.02981,0.5787,1.0000,0.2181,0.0000,0.2981,0.2813,0.4339,CRITICAL,False,2,6,,,,,,
1771436122.101,0.1,73.55,4.8058,1.042,31.6,3,36626.292,35.17165,0.03279,0.5700,1.0000,0.2008,0.0000,0.3279,0.2662,0.4305,CRITICAL,False,5,0,,,,,,window_reset|B=5
1771436122.101,0.1,,,,,,,,,,,,,,,0.4305,CRITICAL,,5,,t2069_0,0.26,HIGH,OFFLOAD,CRITICAL: non-critical task offloaded (priority=HIGH),
1771436122.101,0.1,72.84,4.7734,1.014,29.6,3,,,0.03288,0.5227,0.0000,0.3481,0.0000,0.3288,0.2522,0.1913,WARNING,False,5,0,,,,,,
1771436122.101,0.1,,,,,,,,,,,,,,,0.1913,WARNING,,4,,t2070_0,0.25,NORMAL,LOCAL,WARNING: lightweight task permitted (weight=0.25 < 0.3),
1771436122.101,0.1,,,,,,,,,,,,,,,0.1913,WARNING,,4,,t2070_1,0.31,NORMAL,OFFLOAD,WARNING: heavy task offloaded (weight=0.31 >= 0.3),
1771436122.101,0.1,73.03,4.7737,1.027,30.5,3,,,0.03299,0.5355,0.0000,0.3470,0.0000,0.3299,0.2586,0.1941,WARNING,False,4,1,,,,,,
1771436122.101,0.1,,,,,,,,,,,,,,,0.1941,WARNING,,4,,t2071_0,0.59,HIGH,OFFLOAD,WARNING: heavy task offloaded (weight=0.59 >= 0.3),
1771436122.101,0.1,71.80,4.8011,1.000,28.6,3,,,0.02900,0.4531,0.0000,0.2222,0.0000,0.2900,0.2451,0.1613,SAFE,False,4,1,,,,,,
1771436122.101,0.1,,,,,,,,,,,,,,,0.1613,SAFE,,3,,t2072_0,0.22,LOW,LOCAL,SAFE: all tasks permitted (weight=0.22),
1771436122.101,0.1,71.90,4.8384,1.009,29.2,3,,,0.03454,0.4597,0.0000,0.0528,0.0000,0.3454,0.2497,0.1465,SAFE,False,3,2,,,,,,
1771436122.101,0.1,,,,,,,,,,,,,,,0.1465,SAFE,,2,,t2073_0,0.65,NORMAL,LOCAL,SAFE: all tasks permitted (weight=0.65),
1771436122.101,0.1,72.41,4.7772,1.083,34.5,3,,,0.03170,0.4943,0.0000,0.3308,0.0000,0.3170,0.2867,0.1913,SAFE,False,2,3,,,,,,
1771436122.101,0.1,71.92,4.8101,1.052,32.3,3,,,0.02328,0.4611,0.0000,0.1813,0.0000,0.2328,0.2712,0.1564,SAFE,False,2,3,,,,,,
1771436122.102,0.1,72.25,4.7823,1.024,30.3,3,-85208.199,-19.58288,0.02111,0.4834,0.0000,0.3077,1.0000,0.2111,0.2568,0.3705,WARNING,False,2,3,,,,,,
1771436122.102,0.1,71.67,4.8149,0.997,28.4,3,-112001.900,9.02579,0.02062,0.4447,0.0000,0.1595,0.0000,0.2062,0.2435,0.1434,SAFE,False,2,3,,,,,,
1771436122.102,0.1,,,,,,,,,,,,,,,0.1434,SAFE,,1,,t2077_0,0.50,NORMAL,LOCAL,SAFE: all tasks permitted (weight=0.50),
1771436122.102,0.1,71.60,4.7734,1.049,32.1,3,-74221.734,-0.00081,0.01953,0.4397,0.0000,0.3481,0.0016,0.1953,0.2696,0.1718,SAFE,False,1,4,,,,,,
1771436122.102,0.1,71.00,4.7707,1.021,30.0,3,-120911.022,-2.96031,0.02070,0.4003,0.0000,0.3606,1.0000,0.2070,0.2553,0.3667,WARNING,False,1,4,,,,,,
1771436122.102,0.1,,,,,,,,,,,,,,,0.3667,WARNING,,1,,t2079_0,0.57,HIGH,OFFLOAD,WARNING: heavy task offloaded (weight=0.57 >= 0.3),
1771436122.102,0.1,71.26,4.8169,0.994,28.2,3,-31877.138,15.69556,0.02160,0.4175,0.0000,0.1504,0.0000,0.2160,0.2421,0.1397,SAFE,False,1,4,,,,,,
1771436122.102,0.1,70.96,4.8271,0.970,26.4,2,-55688.540,-11.25372,0.02323,0.3974,0.0000,0.1043,1.0000,0.2323,0.2148,0.3274,WARNING,False,1,4,,,,,,
1771436122.102,0.1,70.25,4.8005,0.947,24.8,2,-128767.518,23.13050,0.02216,0.3503,0.0000,0.2250,0.0000,0.2216,0.2033,0.1341,SAFE,False,1,4,,,,,,
1771436122.102,0.1,70.41,4.8004,0.925,23.2,2,-90052.984,-9.68665,0.02082,0.3604,0.0000,0.2257,1.0000,0.2082,0.1926,0.3319,WARNING,False,1,4,,,,,,
1771436122.102,0.1,70.00,4.8396,0.905,21.8,2,,,0.02338,0.3330,0.0000,0.0475,0.0000,0.2338,0.1827,0.1061,SAFE,False,8,0,,,,,,window_reset|B=8
1771436122.102,0.1,,,,,,,,,,,,,,,0.1061,SAFE,,7,,t2084_0,0.77,NORMAL,LOCAL,SAFE: all tasks permitted (weight=0.77),
1771436122.102,0.1,,,,,,,,,,,,,,,0.1061,SAFE,,6,,t2084_1,0.85,NORMAL,LOCAL,SAFE: all tasks permitted (weight=0.85),
1771436122.102,0.1,70.33,4.7521,1.135,38.2,4,,,0.02500,0.3554,0.0000,0.4450,0.0000,0.2500,0.3274,0.1910,SAFE,False,6,2,,,,,,
1771436122.102,0.1,70.11,4.7901,1.100,35.7,4,,,0.02439,0.3407,0.0000,0.2725,0.0000,0.2439,0.3102,0.1627,SAFE,False,6,2,,,,,,
1771436122.102,0.1,70.03,4.8027,1.068,33.4,3,,,0.02417,0.3352,0.0000,0.2150,0.0000,0.2417,0.2791,0.1482,SAFE,False,6,2,,,,,,
1771436122.102,0.1,69.83,4.7975,1.038,31.3,3,,,0.02374,0.3220,0.0000,0.2385,0.0000,0.2374,0.2642,0.1462,SAFE,False,6,2,,,,,,
1771436122.102,0.1,,,,,,,,,,,,,,,0.1462,SAFE,,5,,t2088_0,0.27,NORMAL,LOCAL,SAFE: all tasks permitted (weight=0.27),
1771436122.102,0.1,70.22,4.7486,1.052,32.3,3,,,0.02686,0.3479,0.0000,0.4608,0.0000,0.2686,0.2708,0.1827,SAFE,False,5,3,,,,,,
1771436122.102,0.1,69.95,4.7980,1.023,30.2,3,,,0.02619,0.3297,0.0000,0.2363,0.0000,0.2619,0.2565,0.1478,SAFE,False,5,3,,,,,,
1771436122.102,0.1,,,,,,,,,,,,,,,0.1478,SAFE,,4,,t2090_0,0.56,CRITICAL,LOCAL,SAFE: all tasks permitted (weight=0.56),
1771436122.102,0.1,,,,,,,,,,,,,,,0.1478,SAFE,,3,,t2090_1,0.42,NORMAL,LOCAL,SAFE: all tasks permitted (weight=0.42),
1771436122.102,0.1,69.89,4.7654,1.147,39.1,4,,,0.02664,0.3261,0.0000,0.3845,0.0000,0.2664,0.3334,0.1824,SAFE,False,3,5,,,,,,
1771436122.102,0.1,70.59,4.7880,1.111,36.5,4,,,0.02584,0.3724,0.0000,0.2817,0.0000,0.2584,0.3157,0.1703,SAFE,False,3,5,,,,,,
1771436122.102,0.1,70.02,4.7830,1.079,34.2,3,,,0.02371,0.3347,0.0000,0.3047,0.0000,0.2371,0.2843,0.1603,SAFE,False,3,5,,,,,,
1771436122.102,0.1,,,,,,,,,,,,,,,0.1603,SAFE,,2,,t2093_0,0.80,NORMAL,LOCAL,SAFE: all tasks permitted (weight=0.80),
1771436122.102,0.1,70.01,4.7515,1.171,40.8,4,,,0.02549,0.3342,0.0000,0.4475,0.0000,0.2549,0.3456,0.1929,SAFE,False,2,6,,,,,,
1771436122.102,0.1,,,,,,,,,,,,,,,0.1929,SAFE,,1,,t2094_0,0.35,HIGH,LOCAL,SAFE: all tasks permitted (weight=0.35),
1771436122.102,0.1,70.23,4.7287,1.188,42.0,4,,,0.02926,0.3488,0.0000,0.5516,0.0000,0.2926,0.3542,0.2137,SAFE,False,1,7,,,,,,
1771436122.102,0.1,70.13,4.7652,1.150,39.3,4,,,0.02291,0.3422,0.0000,0.3854,0.0000,0.2291,0.3351,0.1811,SAFE,False,1,7,,,,,,
1771436122.102,0.1,,,,,,,,,,,,,,,0.1811,SAFE,,0,,t2096_0,0.40,NORMAL,LOCAL,SAFE: all tasks permitted (weight=0.40),
1771436122.102,0.1,70.27,4.7648,1.176,41.2,4,,,0.02223,0.3511,0.0000,0.3873,0.0000,0.2223,0.3481,0.1843,SAFE,False,0,8,,,,,,
1771436122.102,0.1,,,,,,,,,,,,,,,0.1843,SAFE,,0,,t2097_0,0.42,NORMAL,OFFLOAD,"Budget exhausted (B=0), offloading. Original: SAFE: all tasks permitted (weight=0.42)",
1771436122.102,0.1,70.70,4.7454,1.139,38.5,4,,,0.02290,0.3797,0.0000,0.4756,0.0000,0.2290,0.3294,0.1962,SAFE,False,0,8,,,,,,
1771436122.102,0.1,,,,,,,,,,,,,,,0.1962,SAFE,,0,,t2098_0,0.82,LOW,OFFLOAD,"Budget exhausted (B=0), offloading. Original: SAFE: all tasks permitted (weight=0.82)",
1771436122.102,0.1,70.51,4.7297,1.104,36.0,4,,,0.02307,0.3676,0.0000,0.5468,0.0000,0.2307,0.3120,0.2007,SAFE,False,7,0,,,,,,window_reset|B=7
1771436122.102,0.1,70.82,4.8267,1.072,33.7,3,,,0.02759,0.3877,0.0000,0.1060,0.0000,0.2759,0.2808,0.1441,SAFE,False,7,0,,,,,,
1771436122.102,0.1,,,,,,,,,,,,,,,0.1441,SAFE,,6,,t2100_0,0.52,CRITICAL,LOCAL,SAFE: all tasks permitted (weight=0.52),
1771436122.102,0.1,69.99,4.7745,1.122,37.3,4,,,0.02713,0.3325,0.0000,0.3433,0.0000,0.2713,0.3209,0.1758,SAFE,False,6,1,,,,,,
1771436122.102,0.1,,,,,,,,,,,,,,,0.1758,SAFE,,5,,t2101_0,0.73,HIGH,LOCAL,SAFE: all tasks permitted (weight=0.73),
1771436122.102,0.1,70.47,4.7158,1.201,42.9,4,,,0.02910,0.3644,0.0000,0.6102,0.0000,0.2910,0.3603,0.2242,SAFE,False,5,2,,,,,,
1771436122.103,0.1,70.57,4.7388,1.162,40.1,4,20100.996,10.14716,0.02973,0.3712,1.0000,0.5052,0.0000,0.2973,0.3408,0.4581,WARNING,False,5,2,,,,,,
1771436122.103,0.1,,,,,,,,,,,,,,,0.4581,WARNING,,5,,t2103_0,0.45,NORMAL,OFFLOAD,WARNING: heavy task offloaded (weight=0.45 >= 0.3),
1771436122.103,0.1,70.88,4.7708,1.125,37.5,4,44653.729,5.56392,0.02871,0.3920,1.0000,0.3600,0.0000,0.2871,0.3226,0.4371,WARNING,False,5,2,,,,,,
1771436122.103,0.1,70.87,4.7570,1.091,35.1,4,36038.109,-7.76970,0.02770,0.3913,1.0000,0.4228,1.0000,0.2770,0.3057,0.6408,CRITICAL,False,5,2,,,,,,
1771436122.103,0.1,70.66,4.8150,1.060,32.9,3,-2167.564,69.32264,0.03209,0.3773,0.0000,0.1593,0.0000,0.3209,0.2750,0.1531,WARNING,False,5,2,,,,,,
1771436122.103,0.1,70.86,4.8100,1.031,30.8,3,20722.442,80.01637,0.03312,0.3907,1.0000,0.1816,0.0000,0.3312,0.2603,0.4057,WARNING,False,5,2,,,,,,
1771436122.103,0.1,,,,,,,,,,,,,,,0.4057,WARNING,,5,,t2107_0,0.74,NORMAL,OFFLOAD,WARNING: heavy task offloaded (weight=0.74 >= 0.3),
1771436122.103,0.1,70.46,4.7878,1.003,28.8,3,-21006.300,-38.72052,0.03356,0.3643,0.0000,0.2827,1.0000,0.3356,0.2467,0.3634,WARNING,False,5,2,,,,,,
1771436122.103,0.1,,,,,,,,,,,,,,,0.3634,WARNING,,5,,t2108_0,0.73,CRITICAL,OFFLOAD,WARNING: heavy task offloaded (weight=0.73 >= 0.3),
1771436122.103,0.1,,,,,,,,,,,,,,,0.3634,WARNING,,5,,t2108_1,0.66,HIGH,OFFLOAD,WARNING: heavy task offloaded (weight=0.66 >= 0.3),
1771436122.103,0.1,70.28,4.8112,0.978,27.0,3,17275.993,36.55088,0.03540,0.3518,1.0000,0.1765,0.0000,0.3540,0.2341,0.3974,WARNING,False,5,2,,,,,,
1771436122.103,0.1,70.17,4.8468,0.955,25.3,2,-17481.520,130.54358,0.03953,0.3449,0.0000,0.0145,0.0000,0.3953,0.2073,0.1243,SAFE,False,5,2,,,,,,
1771436122.103,0.1,69.59,4.8138,0.933,23.8,2,,,0.03701,0.3057,0.0000,0.1644,0.0000,0.3701,0.1964,0.1343,SAFE,False,5,2,,,,,,
1771436122.103,0.1,69.75,4.8284,0.912,22.3,2,,,0.03716,0.3169,0.0000,0.0983,0.0000,0.3716,0.1862,0.1252,SAFE,False,5,2,,,,,,
1771436122.103,0.1,69.23,4.8620,0.893,21.0,2,,,0.04185,0.2818,0.0000,0.0000,0.0000,0.4185,0.1767,0.1110,SAFE,False,5,2,,,,,,
1771436122.103,0.1,69.17,4.8664,0.876,19.7,2,-170799.995,98.32428,0.03820,0.2779,0.0000,0.0000,0.0000,0.3820,0.1679,0.1051,SAFE,False,8,0,,,,,,window_reset|B=8
1771436122.103,0.1,68.48,4.8429,0.859,18.5,1,-273306.718,62.76749,0.03271,0.2318,0.0000,0.0323,0.0000,0.3271,0.1447,0.0937,SAFE,False,8,0,,,,,,
1771436122.103,0.1,,,,,,,,,,,,,,,0.0937,SAFE,,7,,t2115_0,0.66,LOW,LOCAL,SAFE: all tasks permitted (weight=0.66),
1771436122.103,0.1,68.68,4.8284,0.947,24.8,2,-204776.545,77.63847,0.02955,0.2452,0.0000,0.0980,0.0000,0.2955,0.2035,0.1124,SAFE,False,7,1,,,,,,
1771436122.103,0.1,68.33,4.8121,0.926,23.3,2,-222714.211,1.79417,0.02244,0.2223,0.0000,0.1722,0.0000,0.2244,0.1928,0.1101,SAFE,False,7,1,,,,,,
1771436122.103,0.1,,,,,,,,,,,,,,,0.1101,SAFE,,6,,t2117_0,0.32,LOW,LOCAL,SAFE: all tasks permitted (weight=0.32),
1771436122.103,0.1,67.83,4.8071,0.955,25.3,2,-268871.911,-75.89896,0.02289,0.1885,0.0000,0.1950,1.0000,0.2289,0.2074,0.3123,WARNING,False,6,2,,,,,,
1771436122.103,0.1,,,,,,,,,,,,,,,0.3123,WARNING,,6,,t2118_0,0.66,HIGH,OFFLOAD,WARNING: heavy task offloaded (weight=0.66 >= 0.3),
1771436122.103,0.1,67.65,4.8105,0.933,23.8,2,-221430.273,-6.45063,0.02287,0.1769,0.0000,0.1797,1.0000,0.2287,0.1964,0.3067,WARNING,False,6,2,,,,,,
1771436122.103,0.1,,,,,,,,,,,,,,,0.3067,WARNING,,6,,t2119_0,0.39,LOW,OFFLOAD,WARNING: heavy task offloaded (weight=0.39 >= 0.3),
1771436122.103,0.1,67.36,4.7865,0.913,22.3,2,-274046.967,-79.93281,0.02305,0.1576,0.0000,0.2885,1.0000,0.2305,0.1863,0.3167,WARNING,False,6,2,,,,,,
1771436122.103,0.1,67.51,4.7951,0.894,21.0,2,-197288.564,-127.77521,0.02432,0.1671,0.0000,0.2493,1.0000,0.2432,0.1768,0.3121,WARNING,False,6,2,,,,,,
1771436122.103,0.1,,,,,,,,,,,,,,,0.3121,WARNING,,6,,t2121_0,0.32,HIGH,OFFLOAD,WARNING: heavy task offloaded (weight=0.32 >= 0.3),
1771436122.103,0.1,,,,,,,,,,,,,,,0.3121,WARNING,,6,,t2121_1,0.58,NORMAL,OFFLOAD,WARNING: heavy task offloaded (weight=0.58 >= 0.3),
1771436122.103,0.1,66.85,4.8706,0.876,19.7,2,,,0.02685,0.1234,0.0000,0.0000,0.0000,0.2685,0.1680,0.0753,SAFE,False,6,2,,,,,,
1771436122.103,0.1,66.93,4.8630,0.860,18.5,1,,,0.02824,0.1286,0.0000,0.0000,0.0000,0.2824,0.1448,0.0726,SAFE,False,6,2,,,,,,
1771436122.103,0.1,65.94,4.8390,0.844,17.5,1,,,0.02831,0.0629,0.0000,0.0500,0.0000,0.2831,0.1372,0.0698,SAFE,False,6,2,,,,,,
1771436122.103,0.1,65.87,4.8671,0.830,16.4,1,,,0.02879,0.0583,0.0000,0.0000,0.0000,0.2879,0.1301,0.0618,SAFE,False,6,2,,,,,,
1771436122.103,0.1,65.84,4.8915,0.817,15.5,1,,,0.03193,0.0558,0.0000,0.0000,0.0000,0.3193,0.1235,0.0633,SAFE,False,6,2,,,,,,
1771436122.103,0.1,,,,,,,,,,,,,,,0.0633,SAFE,,5,,t2126_0,0.26,NORMAL,LOCAL,SAFE: all tasks permitted (weight=0.26),
1771436122.103,0.1,65.15,4.8686,0.845,17.5,1,,,0.03326,0.0103,0.0000,0.0000,0.0000,0.3326,0.1373,0.0620,SAFE,False,5,3,,,,,,
1771436122.103,0.1,,,,,,,,,,,,,,,0.0620,SAFE,,4,,t2127_0,0.65,NORMAL,LOCAL,SAFE: all tasks permitted (weight=0.65),
1771436122.103,0.1,,,,,,,,,,,,,,,0.0620,SAFE,,3,,t2127_1,0.46,HIGH,LOCAL,SAFE: all tasks permitted (weight=0.46),
1771436122.103,0.1,64.62,4.8324,1.003,28.8,3,,,0.03320,0.0000,0.0000,0.0802,0.0000,0.3320,0.2466,0.0929,SAFE,False,3,5,,,,,,
1771436122.103,0.1,,,,,,,,,,,,,,,0.0929,SAFE,,2,,t2128_0,0.58,HIGH,LOCAL,SAFE: all tasks permitted (weight=0.58),
1771436122.103,0.1,64.81,4.7942,1.068,33.5,3,,,0.03465,0.0000,0.0000,0.2537,0.0000,0.3465,0.2792,0.1235,SAFE,False,8,0,,,,,,window_reset|B=8
1771436122.103,0.1,65.75,4.7576,1.039,31.3,3,,,0.04027,0.0501,0.0000,0.4200,0.0000,0.4027,0.2643,0.1537,SAFE,False,8,0,,,,,,
1771436122.103,0.1,65.10,4.7622,1.011,29.3,3,,,0.04437,0.0066,0.0000,0.3993,0.0000,0.4437,0.2504,0.1471,SAFE,False,8,0,,,,,,
1771436122.103,0.1,65.55,4.7986,0.985,27.5,3,,,0.04356,0.0369,0.0000,0.2337,0.0000,0.4356,0.2375,0.1259,SAFE,False,8,0,,,,,,
1771436122.103,0.1,64.67,4.7753,0.961,25.8,2,,,0.04514,0.0000,0.0000,0.3395,0.0000,0.4514,0.2105,0.1314,SAFE,False,8,0,,,,,,
1771436122.103,0.1,64.96,4.8051,0.939,24.2,2,,,0.04342,0.0000,0.0000,0.2042,0.0000,0.4342,0.1993,0.1098,SAFE,False,8,0,,,,,,
1771436122.103,0.1,64.46,4.8645,0.918,22.7,2,,,0.04355,0.0000,0.0000,0.0000,0.0000,0.4355,0.1889,0.0813,SAFE,False,8,0,,,,,,
1771436122.104,0.1,64.59,4.8231,0.899,21.3,2,-1554.758,-9.06601,0.04323,0.0000,0.0000,0.1221,1.0000,0.4323,0.1793,0.2950,WARNING,False,8,0,,,,,,
1771436122.104,0.1,64.49,4.8228,0.881,20.0,2,-18798.276,28.16650,0.04088,0.0000,0.0000,0.1235,0.0000,0.4088,0.1703,0.0910,SAFE,False,8,0,,,,,,
1771436122.104,0.1,63.41,4.8684,0.864,18.8,1,-138468.488,108.98976,0.03772,0.0000,0.0000,0.0000,0.0000,0.3772,0.1469,0.0671,SAFE,False,8,0,,,,,,
1771436122.104,0.1,64.25,4.8619,0.848,17.7,1,-49915.680,98.04505,0.03695,0.0000,0.0000,0.0000,0.0000,0.3695,0.1392,0.0648,SAFE,False,8,0,,,,,,
1771436122.104,0.1,63.65,4.8821,0.834,16.7,1,-112429.289,82.10426,0.04132,0.0000,0.0000,0.0000,0.0000,0.4132,0.1320,0.0677,SAFE,False,8,0,,,,,,
1771436122.104,0.1,,,,,,,,,,,,,,,0.0677,SAFE,,7,,t2140_0,0.50,NORMAL,LOCAL,SAFE: all tasks permitted (weight=0.50),
1771436122.104,0.1,62.90,4.8063,0.898,21.3,2,-104659.725,30.44385,0.04087,0.0000,0.0000,0.1988,0.0000,0.4087,0.1788,0.1025,SAFE,False,7,1,,,,,,
1771436122.104,0.1,63.05,4.8379,0.880,20.0,2,-112550.719,32.31872,0.03663,0.0000,0.0000,0.0549,0.0000,0.3663,0.1699,0.0777,SAFE,False,7,1,,,,,,
1771436122.104,0.1,63.21,4.8065,0.863,18.8,1,-73614.487,-57.06525,0.03197,0.0000,0.0000,0.1977,1.0000,0.3197,0.1466,0.2870,WARNING,False,7,1,,,,,,
1771436122.104,0.1,,,,,,,,,,,,,,,0.2870,WARNING,,7,,t2143_0,0.67,NORMAL,OFFLOAD,WARNING: heavy task offloaded (weight=0.67 >= 0.3),
1771436122.104,0.1,62.16,4.8609,0.848,17.7,1,,,0.03161,0.0000,0.0000,0.0000,0.0000,0.3161,0.1388,0.0594,SAFE,False,9,0,,,,,,window_reset|B=9
1771436122.104,0.1,,,,,,,,,,,,,,,0.0594,SAFE,,8,,t2144_0,0.27,NORMAL,LOCAL,SAFE: all tasks permitted (weight=0.27),
1771436122.104,0.1,62.85,4.8167,0.875,19.6,2,,,0.02685,0.0000,0.0000,0.1512,0.0000,0.2685,0.1674,0.0800,SAFE,False,8,1,,,,,,
1771436122.104,0.1,62.13,4.8238,0.859,18.5,1,,,0.02539,0.0000,0.0000,0.1191,0.0000,0.2539,0.1443,0.0697,SAFE,False,8,1,,,,,,
1771436122.104,0.1,,,,,,,,,,,,,,,0.0697,SAFE,,7,,t2146_0,0.84,CRITICAL,LOCAL,SAFE: all tasks permitted (weight=0.84),
1771436122.104,0.1,61.79,4.7883,0.974,26.7,2,,,0.02778,0.0000,0.0000,0.2805,0.0000,0.2778,0.2170,0.1076,SAFE,False,7,2,,,,,,
1771436122.104,0.1,62.11,4.8155,0.951,25.0,2,,,0.02809,0.0000,0.0000,0.1567,0.0000,0.2809,0.2053,0.0895,SAFE,False,7,2,,,,,,
1771436122.104,0.1,61.82,4.8022,0.929,23.5,2,,,0.02924,0.0000,0.0000,0.2173,0.0000,0.2924,0.1945,0.0964,SAFE,False,7,2,,,,,,
1771436122.104,0.1,62.17,4.8398,0.909,22.1,2,,,0.02718,0.0000,0.0000,0.0463,0.0000,0.2718,0.1845,0.0701,SAFE,False,7,2,,,,,,
1771436122.105,0.1,61.77,4.8394,0.890,20.7,2,-86490.469,32.89528,0.02554,0.0000,0.0000,0.0482,0.0000,0.2554,0.1751,0.0668,SAFE,False,7,2,,,,,,
1771436122.105,0.1,60.85,4.8337,0.873,19.5,2,-78301.889,-27.19399,0.01960,0.0000,0.0000,0.0741,1.0000,0.1960,0.1665,0.2625,WARNING,False,7,2,,,,,,
1771436122.105,0.1,,,,,,,,,,,,,,,0.2625,WARNING,,7,,t2152_0,0.73,HIGH,OFFLOAD,WARNING: heavy task offloaded (weight=0.73 >= 0.3),
1771436122.105,0.1,61.49,4.8117,0.857,18.3,1,-81818.845,-5.01978,0.01927,0.0000,0.0000,0.1740,1.0000,0.1927,0.1434,0.2706,WARNING,False,7,2,,,,,,
1771436122.105,0.1,61.29,4.8334,0.842,17.3,1,-50141.341,9.61783,0.01902,0.0000,0.0000,0.0753,0.0000,0.1902,0.1359,0.0560,SAFE,False,7,2,,,,,,
1771436122.105,0.1,60.96,4.8393,0.828,16.3,1,-49569.854,50.96901,0.01886,0.0000,0.0000,0.0488,0.0000,0.1886,0.1289,0.0510,SAFE,False,7,2,,,,,,
1771436122.105,0.1,60.98,4.8308,0.815,15.3,1,-67858.008,15.31663,0.01571,0.0000,0.0000,0.0871,0.0000,0.1571,0.1224,0.0515,SAFE,False,7,2,,,,,,
1771436122.105,0.1,,,,,,,,,,,,,,,0.0515,SAFE,,6,,t2156_0,0.78,HIGH,LOCAL,SAFE: all tasks permitted (weight=0.78),
1771436122.105,0.1,60.50,4.8283,0.925,23.2,2,-79050.405,26.10266,0.01565,0.0000,0.0000,0.0986,0.0000,0.1565,0.1924,0.0670,SAFE,False,6,3,,,,,,
1771436122.105,0.1,,,,,,,,,,,,,,,0.0670,SAFE,,5,,t2157_0,0.46,NORMAL,LOCAL,SAFE: all tasks permitted (weight=0.46),
1771436122.105,0.1,61.28,4.7946,0.977,26.9,2,-53012.957,-45.25219,0.01762,0.0000,0.0000,0.2520,1.0000,0.1762,0.2184,0.2941,WARNING,False,5,4,,,,,,
1771436122.105,0.1,,,,,,,,,,,,,,,0.2941,WARNING,,5,,t2158_0,0.63,NORMAL,OFFLOAD,WARNING: heavy task offloaded (weight=0.63 >= 0.3),
1771436122.105,0.1,61.33,4.8008,0.953,25.2,2,,,0.01593,0.0000,0.0000,0.2237,0.0000,0.1593,0.2067,0.0863,SAFE,False,9,0,,,,,,window_reset|B=9
1771436122.105,0.1,60.18,4.7932,0.932,23.7,2,,,0.01782,0.0000,0.0000,0.2583,0.0000,0.1782,0.1958,0.0906,SAFE,False,9,0,,,,,,
1771436122.105,0.1,,,,,,,,,,,,,,,0.0906,SAFE,,8,,t2160_0,0.30,HIGH,LOCAL,SAFE: all tasks permitted (weight=0.30),
1771436122.105,0.1,,,,,,,,,,,,,,,0.0906,SAFE,,7,,t2160_1,0.40,NORMAL,LOCAL,SAFE: all tasks permitted (weight=0.40),
1771436122.105,0.1,,,,,,,,,,,,,,,0.0906,SAFE,,6,,t2160_2,0.53,LOW,LOCAL,SAFE: all tasks permitted (weight=0.53),
1771436122.105,0.1,,,,,,,,,,,,,,,0.0906,SAFE,,5,,t2160_3,0.20,NORMAL,LOCAL,SAFE: all tasks permitted (weight=0.20),
1771436122.105,0.1,61.09,4.7907,1.135,38.2,4,,,0.01906,0.0000,0.0000,0.2697,0.0000,0.1906,0.3276,0.1196,SAFE,False,5,4,,,,,,
1771436122.105,0.1,,,,,,,,,,,,,,,0.1196,SAFE,,4,,t2161_0,0.69,NORMAL,LOCAL,SAFE: all tasks permitted (weight=0.69),
1771436122.105,0.1,61.10,4.7522,1.208,43.4,5,,,0.02560,0.0000,0.0000,0.4447,0.0000,0.2560,0.3790,0.1592,SAFE,False,4,5,,,,,,
1771436122.105,0.1,,,,,,,,,,,,,,,0.1592,SAFE,,3,,t2162_0,0.70,LOW,LOCAL,SAFE: all tasks permitted (weight=0.70),
1771436122.105,0.1,62.13,4.7289,1.278,48.5,5,,,0.03300,0.0000,0.0000,0.5504,0.0000,0.3300,0.4142,0.1874,SAFE,False,3,6,,,,,,
1771436122.106,0.1,,,,,,,,,,,,,,,0.1874,SAFE,,2,,t2163_0,0.83,LOW,LOCAL,SAFE: all tasks permitted (weight=0.83),
1771436122.106,0.1,62.91,4.7180,1.364,54.6,6,116488.199,-113.53914,0.03902,0.0000,1.0000,0.6002,1.0000,0.3902,0.4719,0.6614,WARNING,False,2,7,,,,,,
1771436122.106,0.1,,,,,,,,,,,,,,,0.6614,WARNING,,2,,t2164_0,0.46,HIGH,OFFLOAD,WARNING: heavy task offloaded (weight=0.46 >= 0.3),
1771436122.106,0.1,63.40,4.6937,1.313,50.9,5,175040.244,-135.42752,0.04721,0.0000,1.0000,0.7107,1.0000,0.4721,0.4316,0.6759,CRITICAL,False,2,7,,,,,,
1771436122.106,0.1,,,,,,,,,,,,,,,0.6759,CRITICAL,,2,,t2165_0,0.46,HIGH,OFFLOAD,CRITICAL: non-critical task offloaded (priority=HIGH),
1771436122.106,0.1,63.93,4.7443,1.266,47.6,5,159830.682,-50.56935,0.04578,0.0000,1.0000,0.4805,1.0000,0.4578,0.4081,0.6399,CRITICAL,False,2,7,,,,,,
1771436122.106,0.1,64.30,4.7038,1.223,44.5,5,179405.951,-97.54496,0.04554,0.0000,1.0000,0.6645,1.0000,0.4554,0.3863,0.6592,CRITICAL,False,2,7,,,,,,
1771436122.106,0.1,64.11,4.7451,1.182,41.6,4,237018.239,-48.35805,0.04116,0.0000,1.0000,0.4769,1.0000,0.4116,0.3509,0.6233,CRITICAL,False,2,7,,,,,,
1771436122.106,0.1,,,,,,,,,,,,,,,0.6233,CRITICAL,,2,,t2168_0,0.54,HIGH,OFFLOAD,CRITICAL: non-critical task offloaded (priority=HIGH),
1771436122.106,0.1,,,,,,,,,,,,,,,0.6233,CRITICAL,,2,,t2168_1,0.62,NORMAL,OFFLOAD,CRITICAL: non-critical task offloaded (priority=NORMAL),
1771436122.106,0.1,63.70,4.7163,1.144,38.9,4,157786.029,-74.78387,0.03655,0.0000,1.0000,0.6077,1.0000,0.3655,0.3320,0.6320,CRITICAL,False,2,7,,,,,,
1771436122.106,0.1,,,,,,,,,,,,,,,0.6320,CRITICAL,,2,,t2169_0,0.20,NORMAL,OFFLOAD,CRITICAL: non-critical task offloaded (priority=NORMAL),
1771436122.106,0.1,64.52,4.7474,1.109,36.4,4,206486.241,-4.81047,0.03381,0.0000,1.0000,0.4665,1.0000,0.3381,0.3145,0.6073,CRITICAL,False,2,7,,,,,,
1771436122.106,0.1,64.92,4.7896,1.076,34.0,3,167957.921,61.01931,0.03237,0.0000,1.0000,0.2746,0.0000,0.3237,0.2831,0.3747,WARNING,False,2,7,,,,,,
1771436122.107,0.1,,,,,,,,,,,,,,,0.3747,WARNING,,2,,t2171_0,0.44,LOW,OFFLOAD,WARNING: heavy task offloaded (weight=0.44 >= 0.3),
1771436122.107,0.1,64.33,4.7580,1.046,31.8,3,85110.590,39.84000,0.02918,0.0000,1.0000,0.4184,0.0000,0.2918,0.2679,0.3872,WARNING,False,2,7,,,,,,
1771436122.107,0.1,64.68,4.7750,1.018,29.8,3,76369.575,80.97983,0.02719,0.0000,1.0000,0.3410,0.0000,0.2719,0.2538,0.3723,WARNING,False,2,7,,,,,,
1771436122.107,0.1,64.95,4.8142,0.991,28.0,3,60774.832,69.57330,0.03414,0.0000,1.0000,0.1629,0.0000,0.3414,0.2407,0.3535,WARNING,False,6,0,,,,,,window_reset|B=6
1771436122.107,0.1,,,,,,,,,,,,,,,0.3535,WARNING,,6,,t2174_0,0.80,LOW,OFFLOAD,WARNING: heavy task offloaded (weight=0.80 >= 0.3),
1771436122.107,0.1,64.50,4.7838,0.967,26.2,2,11929.728,79.69838,0.03540,0.0000,1.0000,0.3007,0.0000,0.3540,0.2134,0.3672,WARNING,False,6,0,,,,,,
1771436122.107,0.1,,,,,,,,,,,,,,,0.3672,WARNING,,6,,t2175_0,0.78,NORMAL,OFFLOAD,WARNING: heavy task offloaded (weight=0.78 >= 0.3),
1771436122.107,0.1,64.54,4.8027,0.944,24.6,2,25986.573,57.36437,0.03691,0.0000,1.0000,0.2150,0.0000,0.3691,0.2021,0.3553,WARNING,False,6,0,,,,,,
1771436122.107,0.1,64.66,4.8283,0.923,23.1,2,57069.136,111.54663,0.03667,0.0000,1.0000,0.0985,0.0000,0.3667,0.1915,0.3378,WARNING,False,6,0,,,,,,
1771436122.107,0.1,,,,,,,,,,,,,,,0.3378,WARNING,,6,,t2177_0,0.48,LOW,OFFLOAD,WARNING: heavy task offloaded (weight=0.48 >= 0.3),
1771436122.107,0.1,,,,,,,,,,,,,,,0.3378,WARNING,,6,,t2177_1,0.39,LOW,OFFLOAD,WARNING: heavy task offloaded (weight=0.39 >= 0.3),
1771436122.107,0.1,65.07,4.7978,0.903,21.7,2,32808.206,50.25580,0.03685,0.0049,1.0000,0.2371,0.0000,0.3685,0.1816,0.3546,WARNING,False,6,0,,,,,,
1771436122.107,0.1,,,,,,,,,,,,,,,0.3546,WARNING,,6,,t2178_0,0.75,LOW,OFFLOAD,WARNING: heavy task offloaded (weight=0.75 >= 0.3),
1771436122.107,0.1,64.41,4.8292,0.885,20.4,2,-30573.208,39.49470,0.03373,0.0000,0.0000,0.0943,0.0000,0.3373,0.1725,0.0805,SAFE,False,6,0,,,,,,
1771436122.107,0.1,,,,,,,,,,,,,,,0.0805,SAFE,,5,,t2179_0,0.81,LOW,LOCAL,SAFE: all tasks permitted (weight=0.81),
1771436122.107,0.1,,,,,,,,,,,,,,,0.0805,SAFE,,4,,t2179_1,0.43,LOW,LOCAL,SAFE: all tasks permitted (weight=0.43),
1771436122.107,0.1,64.33,4.7863,1.063,33.0,3,,,0.03182,0.0000,0.0000,0.2896,0.0000,0.3182,0.2763,0.1247,SAFE,False,4,2,,,,,,
1771436122.107,0.1,64.05,4.8080,1.033,30.9,3,,,0.02437,0.0000,0.0000,0.1907,0.0000,0.2437,0.2616,0.1015,SAFE,False,4,2,,,,,,
1771436122.107,0.1,64.52,4.7937,1.006,29.0,3,,,0.02007,0.0000,0.0000,0.2560,0.0000,0.2007,0.2479,0.1029,SAFE,False,4,2,,,,,,
1771436122.107,0.1,64.08,4.8271,0.980,27.2,3,,,0.02151,0.0000,0.0000,0.1039,0.0000,0.2151,0.2352,0.0821,SAFE,False,4,2,,,,,,
1771436122.107,0.1,,,,,,,,,,,,,,,0.0821,SAFE,,3,,t2183_0,0.29,CRITICAL,LOCAL,SAFE: all tasks permitted (weight=0.29),
1771436122.107,0.1,64.20,4.7932,1.002,28.7,3,,,0.01757,0.0000,0.0000,0.2582,0.0000,0.1757,0.2458,0.1003,SAFE,False,3,3,,,,,,
1771436122.107,0.1,63.87,4.8049,0.976,26.9,2,,,0.01535,0.0000,0.0000,0.2048,0.0000,0.1535,0.2182,0.0856,SAFE,False,3,3,,,,,,
1771436122.107,0.1,64.09,4.8165,0.953,25.2,2,,,0.01547,0.0000,0.0000,0.1523,0.0000,0.1547,0.2065,0.0766,SAFE,False,3,3,,,,,,
1771436122.107,0.1,,,,,,,,,,,,,,,0.0766,SAFE,,2,,t2186_0,0.38,CRITICAL,LOCAL,SAFE: all tasks permitted (weight=0.38),
1771436122.108,0.1,,,,,,,,,,,,,,,0.0766,SAFE,,1,,t2186_1,0.68,HIGH,LOCAL,SAFE: all tasks permitted (weight=0.68),
1771436122.108,0.1,64.36,4.7426,1.098,35.6,4,-2986.839,-86.80890,0.02283,0.0000,0.0000,0.4880,1.0000,0.2283,0.3090,0.3481,WARNING,False,1,5,,,,,,
1771436122.108,0.1,,,,,,,,,,,,,,,0.3481,WARNING,,1,,t2187_0,0.73,HIGH,OFFLOAD,WARNING: heavy task offloaded (weight=0.73 >= 0.3),
1771436122.108,0.1,64.08,4.8188,1.066,33.3,3,-14965.045,32.58755,0.02327,0.0000,0.0000,0.1418,0.0000,0.2327,0.2780,0.0973,SAFE,False,1,5,,,,,,
1771436122.108,0.1,,,,,,,,,,,,,,,0.0973,SAFE,,0,,t2188_0,0.51,NORMAL,LOCAL,SAFE: all tasks permitted (weight=0.51),
1771436122.108,0.1,64.40,4.7501,1.116,36.9,4,21177.329,-58.09582,0.02628,0.0000,1.0000,0.4542,1.0000,0.2628,0.3182,0.5990,WARNING,False,4,0,,,,,,window_reset|B=4
1771436122.108,0.1,,,,,,,,,,,,,,,0.5990,WARNING,,4,,t2189_0,0.80,NORMAL,OFFLOAD,WARNING: heavy task offloaded (weight=0.80 >= 0.3),
1771436122.108,0.1,64.71,4.7637,1.083,34.5,3,11562.389,-29.99424,0.02787,0.0000,1.0000,0.3921,1.0000,0.2787,0.2866,0.5862,CRITICAL,False,4,0,,,,,,
1771436122.108,0.1,64.59,4.7729,1.052,32.3,3,31089.854,-54.40754,0.02633,0.0000,1.0000,0.3507,1.0000,0.2633,0.2712,0.5761,CRITICAL,False,4,0,,,,,,
1771436122.108,0.1,,,,,,,,,,,,,,,0.5761,CRITICAL,,4,,t2191_0,0.68,LOW,OFFLOAD,CRITICAL: non-critical task offloaded (priority=LOW),
1771436122.108,0.1,64.30,4.7643,1.024,30.3,3,5767.616,-28.99053,0.02726,0.0000,1.0000,0.3896,1.0000,0.2726,0.2568,0.5793,CRITICAL,False,4,0,,,,,,
1771436122.108,0.1,64.69,4.8110,0.997,28.4,3,49348.152,6.05920,0.02745,0.0000,1.0000,0.1774,0.0000,0.2745,0.2435,0.3492,WARNING,False,4,0,,,,,,
1771436122.108,0.1,,,,,,,,,,,,,,,0.3492,WARNING,,4,,t2193_0,0.58,LOW,OFFLOAD,WARNING: heavy task offloaded (weight=0.58 >= 0.3),
1771436122.108,0.1,64.46,4.8366,0.972,26.6,2,22118.013,20.15738,0.03055,0.0000,1.0000,0.0609,0.0000,0.3055,0.2160,0.3317,WARNING,False,4,0,,,,,,
1771436122.108,0.1,,,,,,,,,,,,,,,0.3317,WARNING,,4,,t2194_0,0.30,LOW,OFFLOAD,WARNING: heavy task offloaded (weight=0.30 >= 0.3),
1771436122.108,0.1,65.07,4.8145,0.949,24.9,2,,,0.02951,0.0046,0.0000,0.1614,0.0000,0.2951,0.2045,0.0920,SAFE,False,4,0,,,,,,
1771436122.108,0.1,63.95,4.8429,0.927,23.4,2,,,0.03287,0.0000,0.0000,0.0321,0.0000,0.3287,0.1937,0.0758,SAFE,False,4,0,,,,,,
1771436122.108,0.1,,,,,,,,,,,,,,,0.0758,SAFE,,3,,t2196_0,0.37,HIGH,LOCAL,SAFE: all tasks permitted (weight=0.37),
1771436122.108,0.1,63.59,4.8123,0.966,26.2,2,,,0.03311,0.0000,0.0000,0.1715,0.0000,0.3311,0.2131,0.0980,SAFE,False,3,1,,,,,,
1771436122.108,0.1,,,,,,,,,,,,,,,0.0980,SAFE,,2,,t2197_0,0.76,NORMAL,LOCAL,SAFE: all tasks permitted (weight=0.76),
1771436122.108,0.1,,,,,,,,,,,,,,,0.0980,SAFE,,1,,t2197_1,0.76,CRITICAL,LOCAL,SAFE: all tasks permitted (weight=0.76),
1771436122.108,0.1,64.56,4.7533,1.182,41.6,4,,,0.03436,0.0000,0.0000,0.4396,0.0000,0.3436,0.3511,0.1617,SAFE,False,1,3,,,,,,
1771436122.108,0.1,64.77,4.7682,1.144,38.9,4,,,0.03206,0.0000,0.0000,0.3719,0.0000,0.3206,0.3322,0.1468,SAFE,False,1,3,,,,,,
1771436122.108,0.1,,,,,,,,,,,,,,,0.1468,SAFE,,0,,t2199_0,0.68,LOW,LOCAL,SAFE: all tasks permitted (weight=0.68),
1771436122.108,0.1,64.94,4.7818,1.216,44.0,5,,,0.03113,0.0000,0.0000,0.3098,0.0000,0.3113,0.3832,0.1481,SAFE,False,0,4,,,,,,
1771436122.108,0.1,64.61,4.7190,1.176,41.2,4,,,0.03530,0.0000,0.0000,0.5953,0.0000,0.3530,0.3481,0.1823,SAFE,False,0,4,,,,,,
1771436122.108,0.1,,,,,,,,,,,,,,,0.1823,SAFE,,0,,t2201_0,0.36,CRITICAL,OFFLOAD,"Budget exhausted (B=0), offloading. Original: SAFE: all tasks permitted (weight=0.36)",
1771436122.108,0.1,65.22,4.7483,1.139,38.5,4,,,0.03637,0.0144,0.0000,0.4621,0.0000,0.3637,0.3294,0.1641,SAFE,False,0,4,,,,,,
1771436122.109,0.1,65.68,4.7382,1.104,36.0,4,36017.316,-74.99215,0.03857,0.0454,1.0000,0.5084,1.0000,0.3857,0.3120,0.6225,WARNING,False,0,4,,,,,,
1771436122.109,0.1,,,,,,,,,,,,,,,0.6225,WARNING,,0,,t2203_0,0.51,HIGH,OFFLOAD,WARNING: heavy task offloaded (weight=0.51 >= 0.3),
1771436122.109,0.1,,,,,,,,,,,,,,,0.6225,WARNING,,0,,t2203_1,0.65,NORMAL,OFFLOAD,WARNING: heavy task offloaded (weight=0.65 >= 0.3),
1771436122.109,0.1,66.15,4.7826,1.072,33.7,3,129883.681,-59.28134,0.03818,0.0767,1.0000,0.3064,1.0000,0.3818,0.2808,0.5934,CRITICAL,False,4,0,,,,,,window_reset|B=4
1771436122.109,0.1,,,,,,,,,,,,,,,0.5934,CRITICAL,,4,,t2204_0,0.58,NORMAL,OFFLOAD,CRITICAL: non-critical task offloaded (priority=NORMAL),
1771436122.109,0.1,65.41,4.8033,1.042,31.5,3,107377.982,-8.85346,0.03778,0.0272,1.0000,0.2124,1.0000,0.3778,0.2658,0.5718,CRITICAL,False,4,0,,,,,,
1771436122.109,0.1,65.78,4.7868,1.014,29.5,3,72298.098,32.90538,0.03428,0.0523,1.0000,0.2873,0.0000,0.3428,0.2518,0.3783,WARNING,False,4,0,,,,,,
1771436122.109,0.1,,,,,,,,,,,,,,,0.3783,WARNING,,4,,t2206_0,0.69,LOW,OFFLOAD,WARNING: heavy task offloaded (weight=0.69 >= 0.3),
1771436122.109,0.1,65.84,4.7799,0.988,27.7,3,63077.185,11.53675,0.03262,0.0557,1.0000,0.3186,0.0000,0.3262,0.2388,0.3785,WARNING,False,4,0,,,,,,
1771436122.109,0.1,,,,,,,,,,,,,,,0.3785,WARNING,,4,,t2207_0,0.37,LOW,OFFLOAD,WARNING: heavy task offloaded (weight=0.37 >= 0.3),
1771436122.109,0.1,65.90,4.8037,0.963,26.0,2,56246.227,21.50451,0.02732,0.0598,1.0000,0.2103,0.0000,0.2732,0.2117,0.3542,WARNING,False,4,0,,,,,,
1771436122.109,0.1,65.79,4.8126,0.941,24.4,2,69891.624,91.94992,0.02736,0.0529,1.0000,0.1699,0.0000,0.2736,0.2005,0.3459,WARNING,False,4,0,,,,,,
1771436122.109,0.1,64.96,4.8486,0.920,22.9,2,-14973.108,98.51903,0.03357,0.0000,0.0000,0.0064,0.0000,0.3357,0.1900,0.0724,SAFE,False,4,0,,,,,,
1771436122.109,0.1,,,,,,,,,,,,,,,0.0724,SAFE,,3,,t2210_0,0.78,NORMAL,LOCAL,SAFE: all tasks permitted (weight=0.78),
1771436122.109,0.1,65.56,4.7874,1.024,30.3,3,,,0.03338,0.0373,0.0000,0.2846,0.0000,0.3338,0.2569,0.1262,SAFE,False,3,1,,,,,,
1771436122.109,0.1,65.55,4.8086,0.997,28.4,3,,,0.03413,0.0368,0.0000,0.1881,0.0000,0.3413,0.2435,0.1117,SAFE,False,3,1,,,,,,
1771436122.109,0.1,,,,,,,,,,,,,,,0.1117,SAFE,,2,,t2212_0,0.28,HIGH,LOCAL,SAFE: all tasks permitted (weight=0.28),
1771436122.109,0.1,,,,,,,,,,,,,,,0.1117,SAFE,,1,,t2212_1,0.33,LOW,LOCAL,SAFE: all tasks permitted (weight=0.33),
1771436122.109,0.1,65.33,4.7823,1.069,33.5,3,,,0.02786,0.0220,0.0000,0.3076,0.0000,0.2786,0.2797,0.1264,SAFE,False,1,3,,,,,,
1771436122.109,0.1,65.03,4.8012,1.039,31.4,3,,,0.02491,0.0018,0.0000,0.2219,0.0000,0.2491,0.2647,0.1069,SAFE,False,1,3,,,,,,
1771436122.109,0.1,65.82,4.7884,1.012,29.4,3,,,0.01846,0.0544,0.0000,0.2798,0.0000,0.1846,0.2508,0.1115,SAFE,False,1,3,,,,,,
1771436122.109,0.1,65.27,4.7953,0.986,27.6,3,,,0.01786,0.0182,0.0000,0.2488,0.0000,0.1786,0.2379,0.0999,SAFE,False,1,3,,,,,,
1771436122.109,0.1,,,,,,,,,,,,,,,0.0999,SAFE,,0,,t2216_0,0.57,NORMAL,LOCAL,SAFE: all tasks permitted (weight=0.57),
1771436122.109,0.1,65.11,4.8163,1.052,32.3,3,,,0.01842,0.0071,0.0000,0.1533,0.0000,0.1842,0.2709,0.0934,SAFE,False,0,4,,,,,,
1771436122.109,0.1,65.47,4.8086,1.023,30.2,3,,,0.01800,0.0313,0.0000,0.1882,0.0000,0.1800,0.2566,0.0975,SAFE,False,0,4,,,,,,
1771436122.109,0.1,,,,,,,,,,,,,,,0.0975,SAFE,,0,,t2218_0,0.50,LOW,OFFLOAD,"Budget exhausted (B=0), offloading. Original: SAFE: all tasks permitted (weight=0.50)",
1771436122.109,0.1,65.26,4.7863,0.996,28.3,3,,,0.01741,0.0173,0.0000,0.2896,0.0000,0.1741,0.2432,0.1058,SAFE,False,8,0,,,,,,window_reset|B=8
1771436122.109,0.1,,,,,,,,,,,,,,,0.1058,SAFE,,7,,t2219_0,0.57,HIGH,LOCAL,SAFE: all tasks permitted (weight=0.57),
1771436122.109,0.1,65.54,4.8027,1.062,33.0,3,,,0.01741,0.0360,0.0000,0.2150,0.0000,0.1741,0.2761,0.1049,SAFE,False,7,1,,,,,,
1771436122.109,0.1,64.91,4.7886,1.033,30.9,3,,,0.01758,0.0000,0.0000,0.2789,0.0000,0.1758,0.2614,0.1061,SAFE,False,7,1,,,,,,
1771436122.109,0.1,64.84,4.8017,1.005,29.0,3,,,0.01033,0.0000,0.0000,0.2194,0.0000,0.1033,0.2477,0.0884,SAFE,False,7,1,,,,,,
1771436122.109,0.1,,,,,,,,,,,,,,,0.0884,SAFE,,6,,t2222_0,0.84,CRITICAL,LOCAL,SAFE: all tasks permitted (weight=0.84),
1771436122.109,0.1,,,,,,,,,,,,,,,0.0884,SAFE,,5,,t2222_1,0.79,NORMAL,LOCAL,SAFE: all tasks permitted (weight=0.79),
1771436122.109,0.1,65.61,4.6890,1.238,45.5,5,,,0.03175,0.0409,0.0000,0.7317,0.0000,0.3175,0.3938,0.2105,SAFE,False,5,3,,,,,,
1771436122.109,0.1,65.59,4.7495,1.196,42.6,4,,,0.03290,0.0393,0.0000,0.4567,0.0000,0.3290,0.3579,0.1686,SAFE,False,5,3,,,,,,
1771436122.109,0.1,65.91,4.7726,1.157,39.8,4,,,0.03306,0.0607,0.0000,0.3518,0.0000,0.3306,0.3385,0.1538,SAFE,False,5,3,,,,,,
1771436122.109,0.1,,,,,,,,,,,,,,,0.1538,SAFE,,4,,t2225_0,0.65,CRITICAL,LOCAL,SAFE: all tasks permitted (weight=0.65),
1771436122.109,0.1,,,,,,,,,,,,,,,0.1538,SAFE,,3,,t2225_1,0.78,LOW,LOCAL,SAFE: all tasks permitted (weight=0.78),
1771436122.109,0.1,66.56,4.6838,1.349,53.5,6,,,0.04239,0.1041,0.0000,0.7555,0.0000,0.4239,0.4643,0.2460,SAFE,False,3,5,,,,,,
1771436122.109,0.1,66.82,4.6889,1.299,49.9,5,,,0.04803,0.1212,0.0000,0.7324,0.0000,0.4803,0.4246,0.2427,SAFE,False,3,5,,,,,,
1771436122.109,0.1,66.81,4.7424,1.253,46.7,5,,,0.04750,0.1210,0.0000,0.4889,0.0000,0.4750,0.4016,0.2059,SAFE,False,3,5,,,,,,
1771436122.109,0.1,67.78,4.7463,1.210,43.6,5,,,0.04455,0.1854,0.0000,0.4716,0.0000,0.4455,0.3802,0.2041,SAFE,False,3,5,,,,,,
1771436122.109,0.1,,,,,,,,,,,,,,,0.2041,SAFE,,2,,t2229_0,0.25,NORMAL,LOCAL,SAFE: all tasks permitted (weight=0.25),
1771436122.109,0.1,,,,,,,,,,,,,,,0.2041,SAFE,,1,,t2229_1,0.75,CRITICAL,LOCAL,SAFE: all tasks permitted (weight=0.75),
1771436122.109,0.1,68.35,4.6776,1.329,52.1,6,,,0.04611,0.2234,0.0000,0.7836,0.0000,0.4611,0.4544,0.2657,WARNING,False,1,7,,,,,,
1771436122.109,0.1,68.64,4.7178,1.281,48.6,5,,,0.04475,0.2425,0.0000,0.6009,0.0000,0.4475,0.4154,0.2350,WARNING,False,1,7,,,,,,
1771436122.111,0.1,,,,,,,,,,,,,,,0.2350,WARNING,,1,,t2231_0,0.66,HIGH,OFFLOAD,WARNING: heavy task offloaded (weight=0.66 >= 0.3),
1771436122.111,0.1,,,,,,,,,,,,,,,0.2350,WARNING,,1,,t2231_1,0.66,NORMAL,OFFLOAD,WARNING: heavy task offloaded (weight=0.66 >= 0.3),
1771436122.111,0.1,69.06,4.7438,1.236,45.4,5,176495.617,-4.88572,0.04046,0.2704,1.0000,0.4828,1.0000,0.4046,0.3930,0.6643,CRITICAL,False,1,7,,,,,,
1771436122.111,0.1,,,,,,,,,,,,,,,0.6643,CRITICAL,,0,,t2232_0,0.57,CRITICAL,LOCAL,CRITICAL: mission-critical task permitted locally (priority=CRITICAL),
1771436122.111,0.1,68.97,4.6893,1.286,49.0,5,155633.070,-70.72356,0.03844,0.2644,1.0000,0.7306,1.0000,0.3844,0.4178,0.6987,CRITICAL,False,0,8,,,,,,
1771436122.111,0.1,,,,,,,,,,,,,,,0.6987,CRITICAL,,0,,t2233_0,0.37,NORMAL,OFFLOAD,CRITICAL: non-critical task offloaded (priority=NORMAL),
1771436122.111,0.1,69.45,4.7365,1.241,45.8,5,146925.561,44.68905,0.03116,0.2965,1.0000,0.5161,0.0000,0.3116,0.3953,0.4629,CRITICAL,False,5,0,,,,,,window_reset|B=5
1771436122.111,0.1,69.98,4.7615,1.199,42.8,4,161188.635,61.58282,0.03163,0.3323,1.0000,0.4025,0.0000,0.3163,0.3593,0.4457,CRITICAL,False,5,0,,,,,,
1771436122.111,0.1,,,,,,,,,,,,,,,0.4457,CRITICAL,,5,,t2235_0,0.50,NORMAL,OFFLOAD,CRITICAL: non-critical task offloaded (priority=NORMAL),
1771436122.111,0.1,69.90,4.7716,1.160,40.0,4,157181.134,24.70725,0.03354,0.3268,1.0000,0.3565,0.0000,0.3354,0.3398,0.4371,CRITICAL,False,5,0,,,,,,
1771436122.111,0.1,,,,,,,,,,,,,,,0.4371,CRITICAL,,5,,t2236_0,0.26,NORMAL,OFFLOAD,CRITICAL: non-critical task offloaded (priority=NORMAL),
1771436122.111,0.1,70.02,4.7510,1.123,37.4,4,114070.532,4.05410,0.03160,0.3347,1.0000,0.4499,0.0000,0.3160,0.3217,0.4446,CRITICAL,False,5,0,,,,,,
1771436122.111,0.1,,,,,,,,,,,,,,,0.4446,CRITICAL,,5,,t2237_0,0.73,NORMAL,OFFLOAD,CRITICAL: non-critical task offloaded (priority=NORMAL),
1771436122.111,0.1,69.42,4.7810,1.090,35.0,3,54181.448,87.73102,0.03223,0.2943,1.0000,0.3136,0.0000,0.3223,0.2899,0.4163,WARNING,False,5,0,,,,,,
1771436122.111,0.1,69.72,4.8331,1.058,32.7,3,55070.511,97.81955,0.03929,0.3147,1.0000,0.0769,0.0000,0.3929,0.2742,0.3919,WARNING,False,5,0,,,,,,
1771436122.111,0.1,,,,,,,,,,,,,,,0.3919,WARNING,,5,,t2239_0,0.83,HIGH,OFFLOAD,WARNING: heavy task offloaded (weight=0.83 >= 0.3),
1771436122.111,0.1,,,,,,,,,,,,,,,0.3919,WARNING,,5,,t2239_1,0.67,NORMAL,OFFLOAD,WARNING: heavy task offloaded (weight=0.67 >= 0.3),
1771436122.111,0.1,69.77,4.8032,1.029,30.7,3,,,0.04231,0.3179,0.0000,0.2126,0.0000,0.4231,0.2596,0.1600,SAFE,False,5,0,,,,,,
1771436122.111,0.1,,,,,,,,,,,,,,,0.1600,SAFE,,4,,t2240_0,0.37,NORMAL,LOCAL,SAFE: all tasks permitted (weight=0.37),
1771436122.111,0.1,69.17,4.7582,1.060,32.9,3,,,0.04233,0.2779,0.0000,0.4171,0.0000,0.4233,0.2752,0.1849,SAFE,False,4,1,,,,,,
1771436122.111,0.1,69.53,4.7897,1.031,30.8,3,,,0.03689,0.3018,0.0000,0.2743,0.0000,0.3689,0.2605,0.1609,SAFE,False,4,1,,,,,,
1771436122.111,0.1,,,,,,,,,,,,,,,0.1609,SAFE,,3,,t2242_0,0.21,CRITICAL,LOCAL,SAFE: all tasks permitted (weight=0.21),
1771436122.111,0.1,69.64,4.8082,1.037,31.2,3,,,0.03644,0.3093,0.0000,0.1902,0.0000,0.3644,0.2634,0.1510,SAFE,False,3,2,,,,,,
1771436122.111,0.1,,,,,,,,,,,,,,,0.1510,SAFE,,2,,t2243_0,0.51,HIGH,LOCAL,SAFE: all tasks permitted (weight=0.51),
1771436122.111,0.1,70.02,4.7352,1.091,35.1,4,,,0.03701,0.3347,0.0000,0.5220,0.0000,0.3701,0.3054,0.2061,SAFE,False,2,3,,,,,,
1771436122.111,0.1,69.04,4.7836,1.059,32.8,3,,,0.02844,0.2691,0.0000,0.3020,0.0000,0.2844,0.2747,0.1549,SAFE,False,2,3,,,,,,
1771436122.111,0.1,69.07,4.8127,1.030,30.7,3,,,0.02738,0.2716,0.0000,0.1697,0.0000,0.2738,0.2601,0.1341,SAFE,False,2,3,,,,,,
1771436122.111,0.1,,,,,,,,,,,,,,,0.1341,SAFE,,1,,t2246_0,0.70,HIGH,LOCAL,SAFE: all tasks permitted (weight=0.70),
1771436122.111,0.1,69.22,4.7771,1.115,36.8,4,,,0.02671,0.2812,0.0000,0.3313,0.0000,0.2671,0.3173,0.1670,SAFE,False,1,4,,,,,,
1771436122.111,0.1,,,,,,,,,,,,,,,0.1670,SAFE,,0,,t2247_0,0.72,NORMAL,LOCAL,SAFE: all tasks permitted (weight=0.72),
1771436122.111,0.1,,,,,,,,,,,,,,,0.1670,SAFE,,0,,t2247_1,0.73,NORMAL,OFFLOAD,"Budget exhausted (B=0), offloading. Original: SAFE: all tasks permitted (weight=0.73)",
1771436122.111,0.1,69.76,4.7427,1.196,42.6,4,,,0.02890,0.3174,0.0000,0.4875,0.0000,0.2890,0.3581,0.2020,SAFE,False,0,5,,,,,,
1771436122.111,0.1,70.32,4.7449,1.157,39.8,4,,,0.02948,0.3549,0.0000,0.4777,0.0000,0.2948,0.3387,0.2019,SAFE,False,7,0,,,,,,window_reset|B=7
1771436122.111,0.1,,,,,,,,,,,,,,,0.2019,SAFE,,6,,t2249_0,0.41,CRITICAL,LOCAL,SAFE: all tasks permitted (weight=0.41),
1771436122.111,0.1,69.65,4.7188,1.187,41.9,4,,,0.03409,0.3102,0.0000,0.5962,0.0000,0.3409,0.3533,0.2195,SAFE,False,6,1,,,,,,
1771436122.111,0.1,,,,,,,,,,,,,,,0.2195,SAFE,,5,,t2250_0,0.35,LOW,LOCAL,SAFE: all tasks permitted (weight=0.35),
1771436122.111,0.1,,,,,,,,,,,,,,,0.2195,SAFE,,4,,t2250_1,0.56,CRITICAL,LOCAL,SAFE: all tasks permitted (weight=0.56),
1771436122.111,0.1,69.89,4.6826,1.293,49.5,5,,,0.03808,0.3260,0.0000,0.7607,0.0000,0.3808,0.4217,0.2604,WARNING,False,4,3,,,,,,
1771436122.111,0.1,70.42,4.7489,1.248,46.3,5,,,0.03622,0.3614,0.0000,0.4595,0.0000,0.3622,0.3989,0.2191,WARNING,False,4,3,,,,,,
1771436122.111,0.1,,,,,,,,,,,,,,,0.2191,WARNING,,4,,t2252_0,0.49,HIGH,OFFLOAD,WARNING: heavy task offloaded (weight=0.49 >= 0.3),
1771436122.111,0.1,70.89,4.7404,1.205,43.2,5,,,0.03657,0.3927,0.0000,0.4982,0.0000,0.3657,0.3777,0.2240,WARNING,False,4,3,,,,,,
1771436122.111,0.1,70.60,4.6976,1.166,40.4,4,,,0.03853,0.3732,0.0000,0.6929,0.0000,0.3853,0.3430,0.2420,WARNING,False,4,3,,,,,,
1771436122.111,0.1,71.13,4.7389,1.129,37.8,4,,,0.03425,0.4084,0.0000,0.5050,0.0000,0.3425,0.3246,0.2138,WARNING,False,4,3,,,,,,
1771436122.111,0.1,70.35,4.7548,1.095,35.4,4,,,0.03427,0.3563,0.0000,0.4329,0.0000,0.3427,0.3076,0.1948,WARNING,False,4,3,,,,,,
1771436122.111,0.1,,,,,,,,,,,,,,,0.1948,WARNING,,4,,t2256_0,0.73,NORMAL,OFFLOAD,WARNING: heavy task offloaded (weight=0.73 >= 0.3),
1771436122.111,0.1,71.22,4.7819,1.063,33.1,3,,,0.03411,0.4145,0.0000,0.3097,0.0000,0.3411,0.2767,0.1795,SAFE,False,4,3,,,,,,
1771436122.111,0.1,71.26,4.7849,1.034,31.0,3,,,0.03017,0.4171,0.0000,0.2958,0.0000,0.3017,0.2620,0.1711,SAFE,False,4,3,,,,,,
1771436122.111,0.1,,,,,,,,,,,,,,,0.1711,SAFE,,3,,t2258_0,0.48,NORMAL,LOCAL,SAFE: all tasks permitted (weight=0.48),
1771436122.111,0.1,70.34,4.7610,1.083,34.5,3,,,0.02895,0.3557,0.0000,0.4047,0.0000,0.2895,0.2865,0.1815,SAFE,False,3,4,,,,,,
1771436122.111,0.1,70.22,4.7857,1.052,32.3,3,,,0.03143,0.3483,0.0000,0.2922,0.0000,0.3143,0.2710,0.1654,SAFE,False,3,4,,,,,,
1771436122.112,0.1,,,,,,,,,,,,,,,0.1654,SAFE,,2,,t2260_0,0.37,CRITICAL,LOCAL,SAFE: all tasks permitted (weight=0.37),
1771436122.112,0.1,70.20,4.7562,1.082,34.5,3,-41685.976,15.79322,0.03158,0.3465,0.0000,0.4265,0.0000,0.3158,0.2862,0.1858,SAFE,False,2,5,,,,,,
1771436122.112,0.1,69.99,4.7864,1.051,32.2,3,-36517.981,88.93122,0.03226,0.3327,0.0000,0.2893,0.0000,0.3226,0.2707,0.1639,SAFE,False,2,5,,,,,,
1771436122.112,0.1,70.11,4.8008,1.023,30.2,3,-61217.707,61.97434,0.02736,0.3405,0.0000,0.2237,0.0000,0.2736,0.2564,0.1486,SAFE,False,2,5,,,,,,
1771436122.112,0.1,,,,,,,,,,,,,,,0.1486,SAFE,,1,,t2263_0,0.80,LOW,LOCAL,SAFE: all tasks permitted (weight=0.80),
1771436122.112,0.1,70.63,4.7500,1.125,37.5,4,17264.388,-4.78279,0.02733,0.3755,1.0000,0.4546,1.0000,0.2733,0.3223,0.6459,WARNING,False,3,0,,,,,,window_reset|B=3
1771436122.112,0.1,69.67,4.7739,1.091,35.1,4,-92852.134,-7.96989,0.02673,0.3114,0.0000,0.3459,1.0000,0.2673,0.3054,0.3701,WARNING,False,3,0,,,,,,
1771436122.112,0.1,,,,,,,,,,,,,,,0.3701,WARNING,,2,,t2265_0,0.21,LOW,LOCAL,WARNING: lightweight task permitted (weight=0.21 < 0.3),
1771436122.112,0.1,70.36,4.7681,1.094,35.3,4,-54035.469,-16.86750,0.01760,0.3572,0.0000,0.3724,1.0000,0.1760,0.3068,0.3702,WARNING,False,2,1,,,,,,
1771436122.112,0.1,,,,,,,,,,,,,,,0.3702,WARNING,,2,,t2266_0,0.53,LOW,OFFLOAD,WARNING: heavy task offloaded (weight=0.53 >= 0.3),
1771436122.112,0.1,,,,,,,,,,,,,,,0.3702,WARNING,,1,,t2266_1,0.28,NORMAL,LOCAL,WARNING: lightweight task permitted (weight=0.28 < 0.3),
1771436122.112,0.1,70.49,4.7855,1.106,36.2,4,9502.730,24.61653,0.01525,0.3663,1.0000,0.2930,0.0000,0.1525,0.3131,0.4099,WARNING,False,1,2,,,,,,
1771436122.112,0.1,70.48,4.8205,1.074,33.8,3,15544.172,34.83405,0.01873,0.3656,1.0000,0.1341,0.0000,0.1873,0.2819,0.3864,WARNING,False,1,2,,,,,,
1771436122.112,0.1,69.81,4.7654,1.044,31.7,3,,,0.01911,0.3206,0.0000,0.3845,0.0000,0.1911,0.2668,0.1609,SAFE,False,1,2,,,,,,
1771436122.112,0.1,70.31,4.8063,1.015,29.7,3,,,0.02059,0.3537,0.0000,0.1986,0.0000,0.2059,0.2527,0.1394,SAFE,False,1,2,,,,,,
1771436122.112,0.1,70.51,4.7946,0.989,27.8,3,,,0.02010,0.3673,0.0000,0.2518,0.0000,0.2010,0.2396,0.1448,SAFE,False,1,2,,,,,,
1771436122.112,0.1,,,,,,,,,,,,,,,0.1448,SAFE,,0,,t2271_0,0.46,CRITICAL,LOCAL,SAFE: all tasks permitted (weight=0.46),
1771436122.112,0.1,69.82,4.7543,1.039,31.4,3,,,0.02155,0.3215,0.0000,0.4352,0.0000,0.2155,0.2647,0.1697,SAFE,False,0,3,,,,,,
1771436122.112,0.1,,,,,,,,,,,,,,,0.1697,SAFE,,0,,t2272_0,0.27,HIGH,OFFLOAD,"Budget exhausted (B=0), offloading. Original: SAFE: all tasks permitted (weight=0.27)",
1771436122.112,0.1,69.98,4.7741,1.012,29.4,3,,,0.02042,0.3318,0.0000,0.3449,0.0000,0.2042,0.2508,0.1552,SAFE,False,0,3,,,,,,
1771436122.112,0.1,,,,,,,,,,,,,,,0.1552,SAFE,,0,,t2273_0,0.35,HIGH,OFFLOAD,"Budget exhausted (B=0), offloading. Original: SAFE: all tasks permitted (weight=0.35)",
1771436122.112,0.1,69.57,4.7766,0.986,27.6,3,,,0.02041,0.3046,0.0000,0.3335,0.0000,0.2041,0.2379,0.1479,SAFE,False,0,3,,,,,,
1771436122.112,0.1,,,,,,,,,,,,,,,0.1479,SAFE,,0,,t2274_0,0.27,LOW,OFFLOAD,"Budget exhausted (B=0), offloading. Original: SAFE: all tasks permitted (weight=0.27)",
1771436122.112,0.1,69.49,4.8340,0.962,25.8,2,,,0.02473,0.2993,0.0000,0.0727,0.0000,0.2473,0.2108,0.1123,SAFE,False,0,3,,,,,,
1771436122.112,0.1,,,,,,,,,,,,,,,0.1123,SAFE,,0,,t2275_0,0.64,LOW,OFFLOAD,"Budget exhausted (B=0), offloading. Original: SAFE: all tasks permitted (weight=0.64)",
1771436122.112,0.1,68.29,4.8466,0.939,24.2,2,,,0.02798,0.2195,0.0000,0.0156,0.0000,0.2798,0.1997,0.0963,SAFE,False,0,3,,,,,,
1771436122.112,0.1,68.87,4.8300,0.919,22.8,2,,,0.02928,0.2579,0.0000,0.0909,0.0000,0.2928,0.1893,0.1099,SAFE,False,0,3,,,,,,
1771436122.112,0.1,68.75,4.8195,0.899,21.4,2,,,0.02858,0.2502,0.0000,0.1386,0.0000,0.2858,0.1796,0.1125,SAFE,False,0,3,,,,,,
1771436122.112,0.1,68.52,4.8045,0.881,20.1,2,,,0.02823,0.2348,0.0000,0.2070,0.0000,0.2823,0.1706,0.1174,SAFE,False,8,0,,,,,,window_reset|B=8
1771436122.112,0.1,,,,,,,,,,,,,,,0.1174,SAFE,,7,,t2279_0,0.28,HIGH,LOCAL,SAFE: all tasks permitted (weight=0.28),
1771436122.112,0.1,68.25,4.8336,0.910,22.1,2,,,0.02916,0.2167,0.0000,0.0743,0.0000,0.2916,0.1849,0.1018,SAFE,False,7,1,,,,,,
1771436122.112,0.1,,,,,,,,,,,,,,,0.1018,SAFE,,6,,t2280_0,0.63,LOW,LOCAL,SAFE: all tasks permitted (weight=0.63),
1771436122.112,0.1,67.99,4.8119,0.992,28.0,3,,,0.02687,0.1996,0.0000,0.1732,0.0000,0.2687,0.2411,0.1216,SAFE,False,6,2,,,,,,
1771436122.112,0.1,,,,,,,,,,,,,,,0.1216,SAFE,,5,,t2281_0,0.42,NORMAL,LOCAL,SAFE: all tasks permitted (weight=0.42),
1771436122.112,0.1,67.64,4.8051,1.035,31.0,3,,,0.02687,0.1763,0.0000,0.2040,0.0000,0.2687,0.2623,0.1270,SAFE,False,5,3,,,,,,
1771436122.112,0.1,67.88,4.7878,1.007,29.1,3,,,0.02720,0.1917,0.0000,0.2828,0.0000,0.2720,0.2486,0.1367,SAFE,False,5,3,,,,,,
1771436122.112,0.1,,,,,,,,,,,,,,,0.1367,SAFE,,4,,t2283_0,0.69,NORMAL,LOCAL,SAFE: all tasks permitted (weight=0.69),
1771436122.112,0.1,67.63,4.7501,1.093,35.2,4,,,0.02789,0.1755,0.0000,0.4543,0.0000,0.2789,0.3063,0.1693,SAFE,False,4,4,,,,,,
1771436122.112,0.1,,,,,,,,,,,,,,,0.1693,SAFE,,3,,t2284_0,0.40,NORMAL,LOCAL,SAFE: all tasks permitted (weight=0.40),
1771436122.112,0.1,67.69,4.7167,1.126,37.6,4,,,0.03656,0.1796,0.0000,0.6061,0.0000,0.3656,0.3229,0.2015,SAFE,False,3,5,,,,,,
1771436122.112,0.1,,,,,,,,,,,,,,,0.2015,SAFE,,2,,t2285_0,0.33,LOW,LOCAL,SAFE: all tasks permitted (weight=0.33),
1771436122.112,0.1,67.47,4.7667,1.144,38.9,4,,,0.03721,0.1646,0.0000,0.3786,0.0000,0.3721,0.3321,0.1726,SAFE,False,2,6,,,,,,
1771436122.112,0.1,68.43,4.7845,1.109,36.4,4,,,0.03600,0.2285,0.0000,0.2976,0.0000,0.3600,0.3145,0.1650,SAFE,False,2,6,,,,,,
1771436122.112,0.1,,,,,,,,,,,,,,,0.1650,SAFE,,1,,t2287_0,0.45,NORMAL,LOCAL,SAFE: all tasks permitted (weight=0.45),
1771436122.112,0.1,68.78,4.7430,1.149,39.2,4,,,0.03534,0.2520,0.0000,0.4862,0.0000,0.3534,0.3346,0.1957,SAFE,False,1,7,,,,,,
1771436122.112,0.1,,,,,,,,,,,,,,,0.1957,SAFE,,0,,t2288_0,0.76,LOW,LOCAL,SAFE: all tasks permitted (weight=0.76),
1771436122.112,0.1,68.88,4.7491,1.236,45.4,5,,,0.03435,0.2584,0.0000,0.4588,0.0000,0.3435,0.3928,0.2036,SAFE,False,0,8,,,,,,
1771436122.112,0.1,68.90,4.7352,1.194,42.4,4,,,0.03439,0.2603,0.0000,0.5219,0.0000,0.3439,0.3570,0.2049,SAFE,False,0,8,,,,,,
1771436122.113,0.1,68.57,4.7621,1.155,39.7,4,42007.921,-26.12442,0.03324,0.2377,1.0000,0.3997,1.0000,0.3324,0.3377,0.6313,WARNING,False,0,8,,,,,,
1771436122.113,0.1,,,,,,,,,,,,,,,0.6313,WARNING,,0,,t2291_0,0.22,NORMAL,OFFLOAD,"Budget exhausted (B=0), offloading. Original: WARNING: lightweight task permitted (weight=0.22 < 0.3)",
1771436122.113,0.1,69.33,4.7814,1.119,37.1,4,103218.576,31.86265,0.02763,0.2884,1.0000,0.3117,0.0000,0.2763,0.3197,0.4167,WARNING,False,0,8,,,,,,
1771436122.113,0.1,69.37,4.8039,1.086,34.7,3,102128.218,88.58054,0.02659,0.2914,1.0000,0.2097,0.0000,0.2659,0.2880,0.3964,WARNING,False,0,8,,,,,,
1771436122.113,0.1,,,,,,,,,,,,,,,0.3964,WARNING,,0,,t2293_0,0.72,NORMAL,OFFLOAD,WARNING: heavy task offloaded (weight=0.72 >= 0.3),
1771436122.113,0.1,68.51,4.8007,1.055,32.5,3,63662.409,34.51918,0.02606,0.2342,1.0000,0.2241,0.0000,0.2606,0.2725,0.3878,WARNING,False,6,0,,,,,,window_reset|B=6
1771436122.113,0.1,68.97,4.7762,1.026,30.4,3,33123.551,-8.45685,0.02541,0.2648,1.0000,0.3354,1.0000,0.2541,0.2580,0.6024,CRITICAL,False,6,0,,,,,,
1771436122.113,0.1,68.99,4.8089,0.999,28.5,3,12967.329,66.92070,0.02779,0.2662,1.0000,0.1867,0.0000,0.2779,0.2446,0.3829,WARNING,False,6,0,,,,,,
1771436122.113,0.1,,,,,,,,,,,,,,,0.3829,WARNING,,6,,t2296_0,0.72,CRITICAL,OFFLOAD,WARNING: heavy task offloaded (weight=0.72 >= 0.3),
1771436122.113,0.1,68.29,4.8283,0.974,26.7,2,-35681.055,80.49093,0.02739,0.2194,0.0000,0.0986,0.0000,0.2739,0.2171,0.1099,SAFE,False,6,0,,,,,,
1771436122.113,0.1,,,,,,,,,,,,,,,0.1099,SAFE,,5,,t2297_0,0.24,NORMAL,LOCAL,SAFE: all tasks permitted (weight=0.24),
1771436122.113,0.1,,,,,,,,,,,,,,,0.1099,SAFE,,4,,t2297_1,0.72,NORMAL,LOCAL,SAFE: all tasks permitted (weight=0.72),
1771436122.113,0.1,68.64,4.7483,1.105,36.1,4,-15994.454,13.34818,0.02849,0.2428,0.0000,0.4622,0.0000,0.2849,0.3126,0.1802,SAFE,False,4,2,,,,,,
1771436122.113,0.1,,,,,,,,,,,,,,,0.1802,SAFE,,3,,t2298_0,0.22,HIGH,LOCAL,SAFE: all tasks permitted (weight=0.22),
1771436122.113,0.1,,,,,,,,,,,,,,,0.1802,SAFE,,2,,t2298_1,0.29,CRITICAL,LOCAL,SAFE: all tasks permitted (weight=0.29),
1771436122.113,0.1,68.88,4.7330,1.154,39.6,4,,,0.03079,0.2584,0.0000,0.5316,0.0000,0.3079,0.3370,0.1983,SAFE,False,2,4,,,,,,
1771436122.113,0.1,,,,,,,,,,,,,,,0.1983,SAFE,,1,,t2299_0,0.32,NORMAL,LOCAL,SAFE: all tasks permitted (weight=0.32),
1771436122.113,0.1,,,,,,,,,,,,,,,0.1983,SAFE,,0,,t2299_1,0.31,LOW,LOCAL,SAFE: all tasks permitted (weight=0.31),
1771436122.113,0.1,68.46,4.7452,1.220,44.3,5,,,0.03062,0.2308,0.0000,0.4764,0.0000,0.3062,0.3849,0.1972,SAFE,False,0,6,,,,,,
1771436122.113,0.1,,,,,,,,,,,,,,,0.1972,SAFE,,0,,t2300_0,0.60,NORMAL,OFFLOAD,"Budget exhausted (B=0), offloading. Original: SAFE: all tasks permitted (weight=0.60)",
1771436122.113,0.1,69.16,4.7502,1.179,41.4,4,,,0.03055,0.2772,0.0000,0.4535,0.0000,0.3055,0.3496,0.1927,SAFE,False,0,6,,,,,,
1771436122.113,0.1,69.86,4.7597,1.142,38.7,4,,,0.02873,0.3237,0.0000,0.4103,0.0000,0.2873,0.3308,0.1871,SAFE,False,0,6,,,,,,
1771436122.113,0.1,,,,,,,,,,,,,,,0.1871,SAFE,,0,,t2302_0,0.78,CRITICAL,OFFLOAD,"Budget exhausted (B=0), offloading. Original: SAFE: all tasks permitted (weight=0.78)",
1771436122.113,0.1,69.58,4.7768,1.107,36.2,4,,,0.02847,0.3055,0.0000,0.3327,0.0000,0.2847,0.3133,0.1710,SAFE,False,0,6,,,,,,
1771436122.113,0.1,69.40,4.7838,1.074,33.9,3,,,0.02851,0.2934,0.0000,0.3010,0.0000,0.2851,0.2821,0.1593,SAFE,False,0,6,,,,,,
1771436122.113,0.1,69.05,4.7635,1.044,31.7,3,,,0.02742,0.2702,0.0000,0.3933,0.0000,0.2742,0.2670,0.1644,SAFE,False,0,6,,,,,,
1771436122.113,0.1,69.57,4.8041,1.016,29.7,3,,,0.02772,0.3046,0.0000,0.2086,0.0000,0.2772,0.2529,0.1420,SAFE,False,0,6,,,,,,
1771436122.113,0.1,68.83,4.7844,0.990,27.8,3,,,0.02789,0.2551,0.0000,0.2984,0.0000,0.2789,0.2398,0.1453,SAFE,False,0,6,,,,,,
1771436122.113,0.1,,,,,,,,,,,,,,,0.1453,SAFE,,0,,t2307_0,0.44,HIGH,OFFLOAD,"Budget exhausted (B=0), offloading. Original: SAFE: all tasks permitted (weight=0.44)",
1771436122.113,0.1,68.46,4.8256,0.965,26.1,2,,,0.02994,0.2307,0.0000,0.1110,0.0000,0.2994,0.2126,0.1146,SAFE,False,0,6,,,,,,
1771436122.113,0.1,,,,,,,,,,,,,,,0.1146,SAFE,,0,,t2308_0,0.57,NORMAL,OFFLOAD,"Budget exhausted (B=0), offloading. Original: SAFE: all tasks permitted (weight=0.57)",
1771436122.113,0.1,68.44,4.8446,0.943,24.5,2,,,0.03257,0.2294,0.0000,0.0245,0.0000,0.3257,0.2013,0.1035,SAFE,False,8,0,,,,,,window_reset|B=8
1771436122.113,0.1,,,,,,,,,,,,,,,0.1035,SAFE,,7,,t2309_0,0.70,NORMAL,LOCAL,SAFE: all tasks permitted (weight=0.70),
1771436122.113,0.1,68.79,4.7912,1.035,31.1,3,,,0.03161,0.2526,0.0000,0.2674,0.0000,0.3161,0.2627,0.1492,SAFE,False,7,1,,,,,,
1771436122.113,0.1,68.85,4.7837,1.008,29.1,3,,,0.02823,0.2566,0.0000,0.3015,0.0000,0.2823,0.2489,0.1480,SAFE,False,7,1,,,,,,
1771436122.113,0.1,68.40,4.8269,0.982,27.3,3,,,0.02780,0.2265,0.0000,0.1051,0.0000,0.2780,0.2361,0.1159,SAFE,False,7,1,,,,,,
1771436122.113,0.1,67.84,4.7903,0.958,25.6,2,,,0.02494,0.1893,0.0000,0.2715,0.0000,0.2494,0.2092,0.1248,SAFE,False,7,1,,,,,,
1771436122.113,0.1,,,,,,,,,,,,,,,0.1248,SAFE,,6,,t2313_0,0.41,NORMAL,LOCAL,SAFE: all tasks permitted (weight=0.41),
1771436122.113,0.1,68.06,4.7804,1.003,28.8,3,,,0.02313,0.2043,0.0000,0.3165,0.0000,0.2313,0.2466,0.1381,SAFE,False,6,2,,,,,,
1771436122.113,0.1,67.83,4.8109,0.978,27.0,2,,,0.02266,0.1889,0.0000,0.1778,0.0000,0.2266,0.2189,0.1122,SAFE,False,6,2,,,,,,
1771436122.113,0.1,67.60,4.7849,0.954,25.3,2,,,0.02260,0.1735,0.0000,0.2960,0.0000,0.2260,0.2072,0.1233,SAFE,False,6,2,,,,,,
1771436122.113,0.1,67.71,4.8189,0.932,23.7,2,,,0.02038,0.1806,0.0000,0.1414,0.0000,0.2038,0.1962,0.0997,SAFE,False,6,2,,,,,,
1771436122.113,0.1,66.88,4.8196,0.912,22.3,2,,,0.02084,0.1250,0.0000,0.1381,0.0000,0.2084,0.1861,0.0910,SAFE,False,6,2,,,,,,
1771436122.113,0.1,66.99,4.8352,0.893,20.9,2,,,0.02135,0.1325,0.0000,0.0675,0.0000,0.2135,0.1766,0.0814,SAFE,False,6,2,,,,,,
1771436122.113,0.1,66.47,4.8306,0.876,19.7,2,,,0.02171,0.0979,0.0000,0.0883,0.0000,0.2171,0.1678,0.0785,SAFE,False,6,2,,,,,,
1771436122.113,0.1,,,,,,,,,,,,,,,0.0785,SAFE,,5,,t2320_0,0.25,HIGH,LOCAL,SAFE: all tasks permitted (weight=0.25),
1771436122.113,0.1,66.28,4.7813,0.899,21.4,2,,,0.02024,0.0852,0.0000,0.3122,0.0000,0.2024,0.1795,0.1070,SAFE,False,5,3,,,,,,
1771436122.113,0.1,,,,,,,,,,,,,,,0.1070,SAFE,,4,,t2321_0,0.31,LOW,LOCAL,SAFE: all tasks permitted (weight=0.31),
1771436122.113,0.1,66.49,4.8261,0.931,23.7,2,,,0.02062,0.0995,0.0000,0.1087,0.0000,0.2062,0.1956,0.0858,SAFE,False,4,4,,,,,,
1771436122.113,0.1,,,,,,,,,,,,,,,0.0858,SAFE,,3,,t2322_0,0.58,NORMAL,LOCAL,SAFE: all tasks permitted (weight=0.58),
1771436122.114,0.1,,,,,,,,,,,,,,,0.0858,SAFE,,2,,t2322_1,0.49,LOW,LOCAL,SAFE: all tasks permitted (weight=0.49),
1771436122.114,0.1,66.25,4.7804,1.085,34.6,3,-93880.098,-30.00766,0.02095,0.0831,0.0000,0.3161,1.0000,0.2095,0.2874,0.3295,WARNING,False,2,6,,,,,,
1771436122.114,0.1,,,,,,,,,,,,,,,0.3295,WARNING,,2,,t2323_0,0.50,LOW,OFFLOAD,WARNING: heavy task offloaded (weight=0.50 >= 0.3),
1771436122.114,0.1,66.51,4.7953,1.054,32.4,3,-64636.209,10.30922,0.02027,0.1006,0.0000,0.2485,0.0000,0.2027,0.2719,0.1190,SAFE,False,8,0,,,,,,window_reset|B=8
1771436122.114,0.1,65.49,4.8082,1.025,30.4,3,-131406.883,-10.50082,0.01983,0.0325,0.0000,0.1898,1.0000,0.1983,0.2575,0.2999,WARNING,False,8,0,,,,,,
1771436122.114,0.1,,,,,,,,,,,,,,,0.2999,WARNING,,8,,t2325_0,0.66,HIGH,OFFLOAD,WARNING: heavy task offloaded (weight=0.66 >= 0.3),
1771436122.114,0.1,66.62,4.7990,0.998,28.4,3,-14813.042,-20.27583,0.01844,0.1083,0.0000,0.2316,1.0000,0.1844,0.2441,0.3104,WARNING,False,8,0,,,,,,
1771436122.114,0.1,,,,,,,,,,,,,,,0.3104,WARNING,,8,,t2326_0,0.64,HIGH,OFFLOAD,WARNING: heavy task offloaded (weight=0.64 >= 0.3),
1771436122.114,0.1,65.87,4.7918,0.973,26.7,2,-66067.374,-42.71963,0.01890,0.0581,0.0000,0.2644,1.0000,0.1890,0.2166,0.3036,WARNING,False,8,0,,,,,,
1771436122.114,0.1,65.84,4.8262,0.950,25.0,2,-37409.312,-4.26067,0.01851,0.0558,0.0000,0.1080,1.0000,0.1851,0.2050,0.2802,WARNING,False,8,0,,,,,,
1771436122.114,0.1,,,,,,,,,,,,,,,0.2802,WARNING,,8,,t2328_0,0.76,NORMAL,OFFLOAD,WARNING: heavy task offloaded (weight=0.76 >= 0.3),
1771436122.114,0.1,65.70,4.7963,0.928,23.5,2,-34045.567,14.78855,0.01859,0.0469,0.0000,0.2440,0.0000,0.1859,0.1942,0.0948,SAFE,False,8,0,,,,,,
1771436122.114,0.1,65.37,4.8253,0.908,22.0,2,-66604.424,-0.75557,0.01897,0.0244,0.0000,0.1122,1.0000,0.1897,0.1842,0.2733,WARNING,False,8,0,,,,,,
1771436122.114,0.1,64.87,4.8176,0.890,20.7,2,,,0.01743,0.0000,0.0000,0.1473,0.0000,0.1743,0.1749,0.0716,SAFE,False,8,0,,,,,,
1771436122.114,0.1,,,,,,,,,,,,,,,0.0716,SAFE,,7,,t2331_0,0.47,NORMAL,LOCAL,SAFE: all tasks permitted (weight=0.47),
1771436122.114,0.1,65.61,4.8316,0.948,24.9,2,,,0.01755,0.0406,0.0000,0.0838,0.0000,0.1755,0.2042,0.0742,SAFE,False,7,1,,,,,,
1771436122.114,0.1,,,,,,,,,,,,,,,0.0742,SAFE,,6,,t2332_0,0.22,CRITICAL,LOCAL,SAFE: all tasks permitted (weight=0.22),
1771436122.114,0.1,,,,,,,,,,,,,,,0.0742,SAFE,,5,,t2332_1,0.39,LOW,LOCAL,SAFE: all tasks permitted (weight=0.39),
1771436122.114,0.1,65.32,4.7961,1.026,30.5,3,,,0.01619,0.0214,0.0000,0.2448,0.0000,0.1619,0.2582,0.1022,SAFE,False,5,3,,,,,,
1771436122.114,0.1,64.86,4.8031,1.000,28.5,3,,,0.01525,0.0000,0.0000,0.2133,0.0000,0.1525,0.2448,0.0919,SAFE,False,5,3,,,,,,
1771436122.114,0.1,,,,,,,,,,,,,,,0.0919,SAFE,,4,,t2334_0,0.32,HIGH,LOCAL,SAFE: all tasks permitted (weight=0.32),
1771436122.114,0.1,64.80,4.7881,1.027,30.5,3,,,0.01431,0.0000,0.0000,0.2815,0.0000,0.1431,0.2583,0.1026,SAFE,False,4,4,,,,,,
1771436122.114,0.1,64.97,4.8088,1.000,28.5,3,,,0.01390,0.0000,0.0000,0.1874,0.0000,0.1390,0.2448,0.0872,SAFE,False,4,4,,,,,,
1771436122.114,0.1,,,,,,,,,,,,,,,0.0872,SAFE,,3,,t2336_0,0.73,HIGH,LOCAL,SAFE: all tasks permitted (weight=0.73),
1771436122.114,0.1,64.99,4.7825,1.094,35.3,4,,,0.01554,0.0000,0.0000,0.3068,0.0000,0.1554,0.3070,0.1168,SAFE,False,3,5,,,,,,
1771436122.114,0.1,64.54,4.7848,1.062,33.0,3,,,0.01651,0.0000,0.0000,0.2964,0.0000,0.1651,0.2761,0.1103,SAFE,False,3,5,,,,,,
1771436122.114,0.1,,,,,,,,,,,,,,,0.1103,SAFE,,2,,t2338_0,0.40,CRITICAL,LOCAL,SAFE: all tasks permitted (weight=0.40),
1771436122.114,0.1,65.57,4.7790,1.098,35.6,4,,,0.01766,0.0377,0.0000,0.3226,0.0000,0.1766,0.3092,0.1260,SAFE,False,8,0,,,,,,window_reset|B=8
1771436122.114,0.1,65.86,4.8023,1.066,33.3,3,,,0.01624,0.0573,0.0000,0.2168,0.0000,0.1624,0.2782,0.1070,SAFE,False,8,0,,,,,,
1771436122.114,0.1,65.71,4.7982,1.037,31.2,3,,,0.01621,0.0471,0.0000,0.2357,0.0000,0.1621,0.2634,0.1052,SAFE,False,8,0,,,,,,
1771436122.114,0.1,65.51,4.7525,1.009,29.2,3,,,0.01945,0.0337,0.0000,0.4434,0.0000,0.1945,0.2496,0.1310,SAFE,False,8,0,,,,,,
1771436122.114,0.1,,,,,,,,,,,,,,,0.1310,SAFE,,7,,t2342_0,0.55,CRITICAL,LOCAL,SAFE: all tasks permitted (weight=0.55),
1771436122.114,0.1,,,,,,,,,,,,,,,0.1310,SAFE,,6,,t2342_1,0.32,HIGH,LOCAL,SAFE: all tasks permitted (weight=0.32),
1771436122.114,0.1,66.08,4.7541,1.124,37.5,4,,,0.02123,0.0718,0.0000,0.4358,0.0000,0.2123,0.3222,0.1509,SAFE,False,6,2,,,,,,
1771436122.114,0.1,66.08,4.7904,1.091,35.1,4,,,0.01719,0.0718,0.0000,0.2709,0.0000,0.1719,0.3054,0.1221,SAFE,False,6,2,,,,,,
1771436122.114,0.1,,,,,,,,,,,,,,,0.1221,SAFE,,5,,t2344_0,0.21,HIGH,LOCAL,SAFE: all tasks permitted (weight=0.21),
1771436122.114,0.1,66.06,4.7884,1.093,35.2,4,,,0.01697,0.0709,0.0000,0.2801,0.0000,0.1697,0.3064,0.1232,SAFE,False,5,3,,,,,,
1771436122.114,0.1,65.83,4.8030,1.061,32.9,3,,,0.01697,0.0556,0.0000,0.2134,0.0000,0.1697,0.2756,0.1065,SAFE,False,5,3,,,,,,
1771436122.114,0.1,66.20,4.8105,1.032,30.9,3,,,0.01827,0.0798,0.0000,0.1797,0.0000,0.1827,0.2610,0.1034,SAFE,False,5,3,,,,,,
1771436122.114,0.1,66.39,4.7748,1.005,28.9,3,,,0.01743,0.0928,0.0000,0.3418,0.0000,0.1743,0.2473,0.1225,SAFE,False,5,3,,,,,,
1771436122.114,0.1,65.95,4.7866,0.979,27.1,3,,,0.01741,0.0634,0.0000,0.2883,0.0000,0.1741,0.2346,0.1094,SAFE,False,5,3,,,,,,
1771436122.114,0.1,65.32,4.8421,0.956,25.4,2,,,0.02341,0.0216,0.0000,0.0361,0.0000,0.2341,0.2078,0.0723,SAFE,False,5,3,,,,,,
1771436122.114,0.1,,,,,,,,,,,,,,,0.0723,SAFE,,4,,t2350_0,0.49,NORMAL,LOCAL,SAFE: all tasks permitted (weight=0.49),
1771436122.114,0.1,65.30,4.7860,1.014,29.6,3,,,0.02322,0.0201,0.0000,0.2911,0.0000,0.2322,0.2519,0.1139,SAFE,False,4,4,,,,,,
1771436122.114,0.1,65.64,4.7829,0.988,27.7,3,,,0.02303,0.0430,0.0000,0.3049,0.0000,0.2303,0.2389,0.1156,SAFE,False,4,4,,,,,,
1771436122.114,0.1,,,,,,,,,,,,,,,0.1156,SAFE,,3,,t2352_0,0.78,HIGH,LOCAL,SAFE: all tasks permitted (weight=0.78),
1771436122.114,0.1,65.29,4.7520,1.091,35.1,4,,,0.02497,0.0191,0.0000,0.4457,0.0000,0.2497,0.3055,0.1463,SAFE,False,3,5,,,,,,
1771436122.114,0.1,,,,,,,,,,,,,,,0.1463,SAFE,,2,,t2353_0,0.85,NORMAL,LOCAL,SAFE: all tasks permitted (weight=0.85),
1771436122.114,0.1,65.66,4.7467,1.198,42.7,4,,,0.02564,0.0437,0.0000,0.4694,0.0000,0.2564,0.3588,0.1637,SAFE,False,8,0,,,,,,window_reset|B=8
1771436122.115,0.1,,,,,,,,,,,,,,,0.1637,SAFE,,7,,t2354_0,0.31,NORMAL,LOCAL,SAFE: all tasks permitted (weight=0.31),
1771436122.115,0.1,66.45,4.7227,1.210,43.6,5,15405.467,-87.76418,0.02990,0.0969,1.0000,0.5788,1.0000,0.2990,0.3799,0.6428,WARNING,False,7,1,,,,,,
1771436122.115,0.1,,,,,,,,,,,,,,,0.6428,WARNING,,7,,t2355_0,0.71,NORMAL,OFFLOAD,WARNING: heavy task offloaded (weight=0.71 >= 0.3),
1771436122.115,0.1,66.35,4.7296,1.170,40.7,4,-2809.582,-45.14441,0.03305,0.0897,0.0000,0.5471,1.0000,0.3305,0.3451,0.3839,WARNING,False,7,1,,,,,,
1771436122.115,0.1,,,,,,,,,,,,,,,0.3839,WARNING,,7,,t2356_0,0.63,HIGH,OFFLOAD,WARNING: heavy task offloaded (weight=0.63 >= 0.3),
1771436122.115,0.1,66.36,4.7753,1.133,38.1,4,24752.117,-11.24114,0.03288,0.0909,1.0000,0.3394,1.0000,0.3288,0.3266,0.6032,CRITICAL,False,7,1,,,,,,
1771436122.115,0.1,67.13,4.7495,1.099,35.6,4,108543.147,-92.53314,0.03254,0.1422,1.0000,0.4569,1.0000,0.3254,0.3094,0.6209,CRITICAL,False,7,1,,,,,,
1771436122.115,0.1,,,,,,,,,,,,,,,0.6209,CRITICAL,,7,,t2358_0,0.65,HIGH,OFFLOAD,CRITICAL: non-critical task offloaded (priority=HIGH),
1771436122.115,0.1,67.11,4.7564,1.067,33.3,3,108278.554,-29.49630,0.03052,0.1405,1.0000,0.4253,1.0000,0.3052,0.2784,0.6083,CRITICAL,False,7,1,,,,,,
1771436122.115,0.1,66.91,4.7595,1.037,31.2,3,76146.280,-23.37746,0.03049,0.1276,1.0000,0.4112,1.0000,0.3049,0.2635,0.6020,CRITICAL,False,7,1,,,,,,
1771436122.115,0.1,,,,,,,,,,,,,,,0.6020,CRITICAL,,7,,t2360_0,0.49,LOW,OFFLOAD,CRITICAL: non-critical task offloaded (priority=LOW),
1771436122.115,0.1,66.99,4.8133,1.009,29.2,3,102374.278,61.28455,0.03281,0.1329,1.0000,0.1670,0.0000,0.3281,0.2497,0.3704,WARNING,False,7,1,,,,,,
1771436122.115,0.1,,,,,,,,,,,,,,,0.3704,WARNING,,7,,t2361_0,0.41,HIGH,OFFLOAD,WARNING: heavy task offloaded (weight=0.41 >= 0.3),
1771436122.115,0.1,66.33,4.7888,0.984,27.4,3,40231.274,42.06025,0.02521,0.0884,1.0000,0.2781,0.0000,0.2521,0.2368,0.3693,WARNING,False,7,1,,,,,,
1771436122.115,0.1,,,,,,,,,,,,,,,0.3693,WARNING,,6,,t2362_0,0.25,HIGH,LOCAL,WARNING: lightweight task permitted (weight=0.25 < 0.3),
1771436122.115,0.1,66.37,4.7944,1.001,28.6,3,,,0.02593,0.0912,0.0000,0.2528,0.0000,0.2593,0.2455,0.1188,SAFE,False,6,2,,,,,,
1771436122.115,0.1,,,,,,,,,,,,,,,0.1188,SAFE,,5,,t2363_0,0.23,LOW,LOCAL,SAFE: all tasks permitted (weight=0.23),
1771436122.115,0.1,66.62,4.7902,1.014,29.5,3,,,0.02644,0.1078,0.0000,0.2719,0.0000,0.2644,0.2518,0.1251,SAFE,False,5,3,,,,,,
1771436122.115,0.1,66.43,4.8067,0.988,27.7,3,,,0.02847,0.0953,0.0000,0.1966,0.0000,0.2847,0.2388,0.1132,SAFE,False,5,3,,,,,,
1771436122.115,0.1,66.29,4.8389,0.963,26.0,2,,,0.03333,0.0858,0.0000,0.0505,0.0000,0.3333,0.2117,0.0925,SAFE,False,5,3,,,,,,
1771436122.115,0.1,,,,,,,,,,,,,,,0.0925,SAFE,,4,,t2366_0,0.45,LOW,LOCAL,SAFE: all tasks permitted (weight=0.45),
1771436122.115,0.1,65.72,4.8081,1.015,29.6,3,,,0.02988,0.0482,0.0000,0.1906,0.0000,0.2988,0.2524,0.1109,SAFE,False,4,4,,,,,,
1771436122.115,0.1,66.08,4.8067,0.989,27.8,3,,,0.02540,0.0718,0.0000,0.1967,0.0000,0.2540,0.2393,0.1075,SAFE,False,4,4,,,,,,
1771436122.115,0.1,,,,,,,,,,,,,,,0.1075,SAFE,,3,,t2368_0,0.63,LOW,LOCAL,SAFE: all tasks permitted (weight=0.63),
1771436122.115,0.1,66.52,4.7833,1.067,33.4,3,,,0.02509,0.1015,0.0000,0.3030,0.0000,0.2509,0.2787,0.1324,SAFE,False,8,0,,,,,,window_reset|B=8
1771436122.115,0.1,66.37,4.7757,1.038,31.3,3,,,0.02235,0.0915,0.0000,0.3377,0.0000,0.2235,0.2638,0.1300,SAFE,False,8,0,,,,,,
1771436122.115,0.1,,,,,,,,,,,,,,,0.1300,SAFE,,7,,t2370_0,0.73,NORMAL,LOCAL,SAFE: all tasks permitted (weight=0.73),
1771436122.115,0.1,66.47,4.7678,1.129,37.8,4,,,0.02096,0.0978,0.0000,0.3736,0.0000,0.2096,0.3245,0.1462,SAFE,False,7,1,,,,,,
1771436122.115,0.1,,,,,,,,,,,,,,,0.1462,SAFE,,6,,t2371_0,0.31,NORMAL,LOCAL,SAFE: all tasks permitted (weight=0.31),
1771436122.115,0.1,66.69,4.7691,1.146,39.0,4,,,0.01976,0.1126,0.0000,0.3676,0.0000,0.1976,0.3329,0.1476,SAFE,False,6,2,,,,,,
1771436122.115,0.1,66.56,4.7864,1.111,36.5,4,,,0.01910,0.1038,0.0000,0.2891,0.0000,0.1910,0.3153,0.1322,SAFE,False,6,2,,,,,,
1771436122.115,0.1,66.52,4.7653,1.078,34.1,3,,,0.02059,0.1016,0.0000,0.3852,0.0000,0.2059,0.2839,0.1396,SAFE,False,6,2,,,,,,
1771436122.115,0.1,67.01,4.7923,1.047,31.9,3,,,0.02057,0.1338,0.0000,0.2621,0.0000,0.2057,0.2686,0.1244,SAFE,False,6,2,,,,,,
1771436122.115,0.1,66.46,4.8030,1.019,29.9,3,,,0.02083,0.0973,0.0000,0.2138,0.0000,0.2083,0.2545,0.1112,SAFE,False,6,2,,,,,,
1771436122.115,0.1,66.67,4.7940,0.993,28.0,3,,,0.02037,0.1113,0.0000,0.2545,0.0000,0.2037,0.2413,0.1151,SAFE,False,6,2,,,,,,
1771436122.115,0.1,,,,,,,,,,,,,,,0.1151,SAFE,,5,,t2377_0,0.51,NORMAL,LOCAL,SAFE: all tasks permitted (weight=0.51),
1771436122.115,0.1,,,,,,,,,,,,,,,0.1151,SAFE,,4,,t2377_1,0.69,NORMAL,LOCAL,SAFE: all tasks permitted (weight=0.69),
1771436122.115,0.1,66.81,4.7231,1.165,40.3,4,,,0.02264,0.1209,0.0000,0.5768,0.0000,0.2264,0.3424,0.1806,SAFE,False,4,4,,,,,,
1771436122.115,0.1,,,,,,,,,,,,,,,0.1806,SAFE,,3,,t2378_0,0.49,NORMAL,LOCAL,SAFE: all tasks permitted (weight=0.49),
1771436122.115,0.1,67.09,4.7156,1.208,43.4,5,,,0.02743,0.1394,0.0000,0.6111,0.0000,0.2743,0.3791,0.1994,SAFE,False,3,5,,,,,,
1771436122.115,0.1,,,,,,,,,,,,,,,0.1994,SAFE,,2,,t2379_0,0.21,CRITICAL,LOCAL,SAFE: all tasks permitted (weight=0.21),
1771436122.115,0.1,,,,,,,,,,,,,,,0.1994,SAFE,,1,,t2379_1,0.53,NORMAL,LOCAL,SAFE: all tasks permitted (weight=0.53),
1771436122.115,0.1,67.81,4.7229,1.290,49.3,5,,,0.02874,0.1874,0.0000,0.5779,0.0000,0.2874,0.4198,0.2103,SAFE,False,1,7,,,,,,
1771436122.115,0.1,67.52,4.7289,1.244,46.0,5,,,0.02999,0.1679,0.0000,0.5504,0.0000,0.2999,0.3972,0.2011,SAFE,False,1,7,,,,,,
1771436122.115,0.1,,,,,,,,,,,,,,,0.2011,SAFE,,0,,t2381_0,0.72,HIGH,LOCAL,SAFE: all tasks permitted (weight=0.72),
1771436122.115,0.1,68.45,4.6920,1.320,51.4,6,,,0.03527,0.2300,0.0000,0.7183,0.0000,0.3527,0.4501,0.2463,SAFE,False,0,8,,,,,,
1771436122.115,0.1,68.52,4.7022,1.273,48.1,5,,,0.03785,0.2349,0.0000,0.6717,0.0000,0.3785,0.4114,0.2356,SAFE,False,0,8,,,,,,
1771436122.116,0.1,,,,,,,,,,,,,,,0.2356,SAFE,,0,,t2383_0,0.30,LOW,OFFLOAD,"Budget exhausted (B=0), offloading. Original: SAFE: all tasks permitted (weight=0.30)",
1771436122.116,0.1,68.95,4.7123,1.229,44.9,5,149573.512,-90.65894,0.03866,0.2635,1.0000,0.6259,1.0000,0.3866,0.3893,0.6795,WARNING,False,3,0,,,,,,window_reset|B=3
1771436122.116,0.1,,,,,,,,,,,,,,,0.6795,WARNING,,3,,t2384_0,0.82,NORMAL,OFFLOAD,WARNING: heavy task offloaded (weight=0.82 >= 0.3),
1771436122.116,0.1,69.46,4.7587,1.188,42.0,4,167292.730,-35.34210,0.03689,0.2972,1.0000,0.4152,1.0000,0.3689,0.3538,0.6473,CRITICAL,False,3,0,,,,,,
1771436122.116,0.1,,,,,,,,,,,,,,,0.6473,CRITICAL,,3,,t2385_0,0.69,NORMAL,OFFLOAD,CRITICAL: non-critical task offloaded (priority=NORMAL),
1771436122.116,0.1,69.50,4.7512,1.149,39.2,4,161029.317,28.08022,0.03637,0.2998,1.0000,0.4491,0.0000,0.3637,0.3347,0.4477,CRITICAL,False,3,0,,,,,,
1771436122.116,0.1,,,,,,,,,,,,,,,0.4477,CRITICAL,,3,,t2386_0,0.22,LOW,OFFLOAD,CRITICAL: non-critical task offloaded (priority=LOW),
1771436122.116,0.1,69.35,4.7407,1.114,36.7,4,135334.247,25.15760,0.03298,0.2898,1.0000,0.4967,0.0000,0.3298,0.3169,0.4457,CRITICAL,False,3,0,,,,,,
1771436122.116,0.1,,,,,,,,,,,,,,,0.4457,CRITICAL,,3,,t2387_0,0.23,NORMAL,OFFLOAD,CRITICAL: non-critical task offloaded (priority=NORMAL),
1771436122.116,0.1,69.55,4.6689,1.081,34.3,3,104579.637,-53.92834,0.03142,0.3036,1.0000,0.8231,1.0000,0.3142,0.2854,0.6819,CRITICAL,False,3,0,,,,,,
1771436122.116,0.1,,,,,,,,,,,,,,,0.6819,CRITICAL,,3,,t2388_0,0.63,LOW,OFFLOAD,CRITICAL: non-critical task offloaded (priority=LOW),
1771436122.116,0.1,69.34,4.7688,1.050,32.1,3,109401.820,39.87892,0.02738,0.2895,1.0000,0.3691,0.0000,0.2738,0.2700,0.4141,WARNING,False,3,0,,,,,,
1771436122.116,0.1,69.82,4.7932,1.022,30.1,3,82378.471,101.24320,0.03343,0.3216,1.0000,0.2580,0.0000,0.3343,0.2558,0.4067,WARNING,False,3,0,,,,,,
1771436122.116,0.1,,,,,,,,,,,,,,,0.4067,WARNING,,3,,t2390_0,0.84,HIGH,OFFLOAD,WARNING: heavy task offloaded (weight=0.84 >= 0.3),
1771436122.116,0.1,68.51,4.7810,0.995,28.2,3,-544.614,78.80137,0.03594,0.2343,0.0000,0.3135,0.0000,0.3594,0.2425,0.1533,SAFE,False,3,0,,,,,,
1771436122.116,0.1,68.55,4.8289,0.970,26.4,2,,,0.04399,0.2366,0.0000,0.0959,0.0000,0.4399,0.2151,0.1279,SAFE,False,3,0,,,,,,
1771436122.116,0.1,,,,,,,,,,,,,,,0.1279,SAFE,,2,,t2392_0,0.77,CRITICAL,LOCAL,SAFE: all tasks permitted (weight=0.77),
1771436122.116,0.1,68.71,4.7783,1.074,33.9,3,,,0.04469,0.2475,0.0000,0.3261,0.0000,0.4469,0.2822,0.1732,SAFE,False,2,1,,,,,,
1771436122.116,0.1,,,,,,,,,,,,,,,0.1732,SAFE,,1,,t2393_0,0.74,LOW,LOCAL,SAFE: all tasks permitted (weight=0.74),
1771436122.116,0.1,,,,,,,,,,,,,,,0.1732,SAFE,,0,,t2393_1,0.55,HIGH,LOCAL,SAFE: all tasks permitted (weight=0.55),
1771436122.116,0.1,68.88,4.7167,1.256,46.9,5,,,0.04258,0.2589,0.0000,0.6059,0.0000,0.4258,0.4031,0.2330,SAFE,False,0,3,,,,,,
1771436122.116,0.1,,,,,,,,,,,,,,,0.2330,SAFE,,0,,t2394_0,0.45,NORMAL,OFFLOAD,"Budget exhausted (B=0), offloading. Original: SAFE: all tasks permitted (weight=0.45)",
1771436122.116,0.1,69.47,4.7441,1.213,43.8,5,,,0.04016,0.2979,0.0000,0.4812,0.0000,0.4016,0.3816,0.2148,SAFE,False,0,3,,,,,,
1771436122.116,0.1,,,,,,,,,,,,,,,0.2148,SAFE,,0,,t2395_0,0.44,NORMAL,OFFLOAD,"Budget exhausted (B=0), offloading. Original: SAFE: all tasks permitted (weight=0.44)",
1771436122.116,0.1,69.45,4.7704,1.173,40.9,4,,,0.03836,0.2966,0.0000,0.3620,0.0000,0.3836,0.3466,0.1903,SAFE,False,0,3,,,,,,
1771436122.116,0.1,,,,,,,,,,,,,,,0.1903,SAFE,,0,,t2396_0,0.81,HIGH,OFFLOAD,"Budget exhausted (B=0), offloading. Original: SAFE: all tasks permitted (weight=0.81)",
1771436122.116,0.1,69.85,4.7546,1.136,38.3,4,,,0.03837,0.3235,0.0000,0.4337,0.0000,0.3837,0.3280,0.1992,SAFE,False,0,3,,,,,,
1771436122.116,0.1,,,,,,,,,,,,,,,0.1992,SAFE,,0,,t2397_0,0.46,HIGH,OFFLOAD,"Budget exhausted (B=0), offloading. Original: SAFE: all tasks permitted (weight=0.46)",
1771436122.116,0.1,,,,,,,,,,,,,,,0.1992,SAFE,,0,,t2397_1,0.67,LOW,OFFLOAD,"Budget exhausted (B=0), offloading. Original: SAFE: all tasks permitted (weight=0.67)",
1771436122.116,0.1,69.50,4.7824,1.101,35.8,4,,,0.03887,0.3000,0.0000,0.3071,0.0000,0.3887,0.3107,0.1769,SAFE,False,0,3,,,,,,
1771436122.116,0.1,,,,,,,,,,,,,,,0.1769,SAFE,,0,,t2398_0,0.54,CRITICAL,OFFLOAD,"Budget exhausted (B=0), offloading. Original: SAFE: all tasks permitted (weight=0.54)",
1771436122.116,0.1,69.39,4.7836,1.069,33.5,3,,,0.03884,0.2924,0.0000,0.3018,0.0000,0.3884,0.2796,0.1691,SAFE,False,8,0,,,,,,window_reset|B=8
1771436122.116,0.1,69.34,4.8059,1.039,31.4,3,,,0.02768,0.2895,0.0000,0.2002,0.0000,0.2768,0.2647,0.1414,SAFE,False,8,0,,,,,,
1771436122.116,0.1,,,,,,,,,,,,,,,0.1414,SAFE,,7,,t2400_0,0.77,CRITICAL,LOCAL,SAFE: all tasks permitted (weight=0.77),
1771436122.116,0.1,,,,,,,,,,,,,,,0.1414,SAFE,,6,,t2400_1,0.72,HIGH,LOCAL,SAFE: all tasks permitted (weight=0.72),
1771436122.116,0.1,,,,,,,,,,,,,,,0.1414,SAFE,,5,,t2400_2,0.28,LOW,LOCAL,SAFE: all tasks permitted (weight=0.28),
1771436122.116,0.1,,,,,,,,,,,,,,,0.1414,SAFE,,4,,t2400_3,0.30,LOW,LOCAL,SAFE: all tasks permitted (weight=0.30),
1771436122.116,0.1,70.44,4.7000,1.352,53.7,6,,,0.03473,0.3629,0.0000,0.6816,0.0000,0.3473,0.4662,0.2601,WARNING,False,4,4,,,,,,
1771436122.116,0.1,,,,,,,,,,,,,,,0.2601,WARNING,,4,,t2401_0,0.42,LOW,OFFLOAD,WARNING: heavy task offloaded (weight=0.42 >= 0.3),
1771436122.116,0.1,70.69,4.7094,1.303,50.2,5,,,0.03765,0.3795,0.0000,0.6393,0.0000,0.3765,0.4264,0.2516,WARNING,False,4,4,,,,,,
1771436122.116,0.1,,,,,,,,,,,,,,,0.2516,WARNING,,4,,t2402_0,0.43,HIGH,OFFLOAD,WARNING: heavy task offloaded (weight=0.43 >= 0.3),
1771436122.116,0.1,70.48,4.7020,1.256,46.9,5,,,0.04070,0.3655,0.0000,0.6729,0.0000,0.4070,0.4032,0.2527,WARNING,False,4,4,,,,,,
1771436122.116,0.1,,,,,,,,,,,,,,,0.2527,WARNING,,4,,t2403_0,0.33,CRITICAL,OFFLOAD,WARNING: heavy task offloaded (weight=0.33 >= 0.3),
1771436122.116,0.1,70.68,4.6995,1.213,43.8,5,,,0.03704,0.3785,0.0000,0.6842,0.0000,0.3704,0.3817,0.2478,WARNING,False,4,4,,,,,,
1771436122.116,0.1,71.05,4.7169,1.173,41.0,4,,,0.03640,0.4032,0.0000,0.6050,0.0000,0.3640,0.3467,0.2328,WARNING,False,4,4,,,,,,
1771436122.116,0.1,71.56,4.7659,1.136,38.3,4,,,0.03627,0.4373,0.0000,0.3821,0.0000,0.3627,0.3281,0.2040,WARNING,False,4,4,,,,,,
1771436122.116,0.1,70.87,4.7528,1.102,35.8,4,,,0.03634,0.3912,0.0000,0.4419,0.0000,0.3634,0.3108,0.2029,WARNING,False,4,4,,,,,,
1771436122.116,0.1,71.07,4.7623,1.069,33.5,3,,,0.03594,0.4049,0.0000,0.3986,0.0000,0.3594,0.2797,0.1923,WARNING,False,4,4,,,,,,
1771436122.116,0.1,,,,,,,,,,,,,,,0.1923,WARNING,,4,,t2408_0,0.42,NORMAL,OFFLOAD,WARNING: heavy task offloaded (weight=0.42 >= 0.3),
1771436122.116,0.1,70.88,4.7582,1.040,31.4,3,,,0.03604,0.3923,0.0000,0.4172,0.0000,0.3604,0.2648,0.1903,WARNING,False,4,4,,,,,,
1771436122.116,0.1,,,,,,,,,,,,,,,0.1903,WARNING,,4,,t2409_0,0.53,NORMAL,OFFLOAD,WARNING: heavy task offloaded (weight=0.53 >= 0.3),
1771436122.116,0.1,69.99,4.8060,1.012,29.4,3,,,0.03858,0.3329,0.0000,0.2001,0.0000,0.3858,0.2509,0.1547,SAFE,False,4,4,,,,,,
1771436122.116,0.1,70.49,4.8079,0.986,27.6,3,,,0.04101,0.3662,0.0000,0.1915,0.0000,0.4101,0.2379,0.1574,SAFE,False,4,4,,,,,,
1771436122.116,0.1,70.50,4.8034,0.962,25.8,2,,,0.04072,0.3667,0.0000,0.2117,0.0000,0.4072,0.2109,0.1544,SAFE,False,4,4,,,,,,
1771436122.116,0.1,,,,,,,,,,,,,,,0.1544,SAFE,,3,,t2412_0,0.37,NORMAL,LOCAL,SAFE: all tasks permitted (weight=0.37),
1771436122.116,0.1,69.90,4.7894,1.001,28.7,3,,,0.03929,0.3267,0.0000,0.2754,0.0000,0.3929,0.2456,0.1634,SAFE,False,3,5,,,,,,
1771436122.116,0.1,69.93,4.8279,0.976,26.9,2,,,0.04115,0.3287,0.0000,0.1005,0.0000,0.4115,0.2180,0.1373,SAFE,False,8,0,,,,,,window_reset|B=8
1771436122.116,0.1,,,,,,,,,,,,,,,0.1373,SAFE,,7,,t2414_0,0.22,NORMAL,LOCAL,SAFE: all tasks permitted (weight=0.22),
1771436122.116,0.1,69.60,4.8428,0.989,27.8,3,,,0.04129,0.3066,0.0000,0.0328,0.0000,0.4129,0.2394,0.1302,SAFE,False,7,1,,,,,,
1771436122.116,0.1,69.57,4.8227,0.965,26.0,2,,,0.03545,0.3044,0.0000,0.1242,0.0000,0.3545,0.2123,0.1306,SAFE,False,7,1,,,,,,
1771436122.116,0.1,,,,,,,,,,,,,,,0.1306,SAFE,,6,,t2416_0,0.42,HIGH,LOCAL,SAFE: all tasks permitted (weight=0.42),
1771436122.116,0.1,68.91,4.8200,1.011,29.4,3,,,0.02910,0.2608,0.0000,0.1363,0.0000,0.2910,0.2507,0.1283,SAFE,False,6,2,,,,,,
1771436122.116,0.1,,,,,,,,,,,,,,,0.1283,SAFE,,5,,t2417_0,0.60,NORMAL,LOCAL,SAFE: all tasks permitted (weight=0.60),
1771436122.116,0.1,69.02,4.7763,1.085,34.6,3,,,0.02832,0.2679,0.0000,0.3350,0.0000,0.2832,0.2875,0.1615,SAFE,False,5,3,,,,,,
1771436122.116,0.1,,,,,,,,,,,,,,,0.1615,SAFE,,4,,t2418_0,0.84,NORMAL,LOCAL,SAFE: all tasks permitted (weight=0.84),
1771436122.116,0.1,69.17,4.7293,1.194,42.4,4,,,0.03192,0.2783,0.0000,0.5485,0.0000,0.3192,0.3568,0.2080,SAFE,False,4,4,,,,,,
1771436122.116,0.1,,,,,,,,,,,,,,,0.2080,SAFE,,3,,t2419_0,0.35,NORMAL,LOCAL,SAFE: all tasks permitted (weight=0.35),
1771436122.116,0.1,69.96,4.7407,1.213,43.8,5,,,0.03427,0.3303,0.0000,0.4969,0.0000,0.3427,0.3813,0.2148,SAFE,False,3,5,,,,,,
1771436122.116,0.1,,,,,,,,,,,,,,,0.2148,SAFE,,2,,t2420_0,0.54,NORMAL,LOCAL,SAFE: all tasks permitted (weight=0.54),
1771436122.116,0.1,70.09,4.7516,1.262,47.3,5,,,0.03488,0.3391,0.0000,0.4473,0.0000,0.3488,0.4058,0.2149,SAFE,False,2,6,,,,,,
1771436122.116,0.1,,,,,,,,,,,,,,,0.2149,SAFE,,1,,t2421_0,0.51,LOW,LOCAL,SAFE: all tasks permitted (weight=0.51),
1771436122.116,0.1,69.95,4.7040,1.303,50.2,5,,,0.04235,0.3302,0.0000,0.6636,0.0000,0.4235,0.4263,0.2535,WARNING,False,1,7,,,,,,
1771436122.116,0.1,,,,,,,,,,,,,,,0.2535,WARNING,,1,,t2422_0,0.49,HIGH,OFFLOAD,WARNING: heavy task offloaded (weight=0.49 >= 0.3),
1771436122.116,0.1,70.34,4.6590,1.256,46.9,5,,,0.05395,0.3559,0.0000,0.8683,0.0000,0.5395,0.4032,0.2902,WARNING,False,1,7,,,,,,
1771436122.116,0.1,70.72,4.7311,1.213,43.8,5,,,0.05418,0.3810,0.0000,0.5405,0.0000,0.5418,0.3817,0.2465,WARNING,False,1,7,,,,,,
1771436122.116,0.1,,,,,,,,,,,,,,,0.2465,WARNING,,1,,t2424_0,0.31,NORMAL,OFFLOAD,WARNING: heavy task offloaded (weight=0.31 >= 0.3),
1771436122.116,0.1,70.38,4.7621,1.173,41.0,4,,,0.05373,0.3588,0.0000,0.3996,0.0000,0.5373,0.3467,0.2181,WARNING,False,1,7,,,,,,
1771436122.117,0.1,71.21,4.7568,1.136,38.3,4,86225.305,-12.80616,0.05015,0.4137,1.0000,0.4236,1.0000,0.5015,0.3281,0.6705,CRITICAL,False,1,7,,,,,,
1771436122.117,0.1,,,,,,,,,,,,,,,0.6705,CRITICAL,,1,,t2426_0,0.75,NORMAL,OFFLOAD,CRITICAL: non-critical task offloaded (priority=NORMAL),
1771436122.117,0.1,70.21,4.7964,1.102,35.8,4,41024.008,44.09451,0.04499,0.3477,1.0000,0.2436,0.0000,0.4499,0.3108,0.4305,CRITICAL,False,1,7,,,,,,
1771436122.117,0.1,,,,,,,,,,,,,,,0.4305,CRITICAL,,1,,t2427_0,0.55,NORMAL,OFFLOAD,CRITICAL: non-critical task offloaded (priority=NORMAL),
1771436122.117,0.1,70.90,4.7595,1.069,33.5,3,37352.424,12.36613,0.04009,0.3935,1.0000,0.4113,0.0000,0.4009,0.2797,0.4467,CRITICAL,False,1,7,,,,,,
1771436122.117,0.1,70.97,4.7479,1.040,31.4,3,34808.765,-2.42826,0.03391,0.3979,1.0000,0.4641,1.0000,0.3391,0.2648,0.6450,CRITICAL,False,3,0,,,,,,window_reset|B=3
1771436122.117,0.1,70.72,4.8148,1.012,29.4,3,30322.249,72.83856,0.03845,0.3815,1.0000,0.1599,0.0000,0.3845,0.2509,0.4052,WARNING,False,3,0,,,,,,
1771436122.117,0.1,,,,,,,,,,,,,,,0.4052,WARNING,,3,,t2430_0,0.54,NORMAL,OFFLOAD,WARNING: heavy task offloaded (weight=0.54 >= 0.3),
1771436122.117,0.1,70.78,4.8048,0.986,27.6,3,17297.762,95.88300,0.04126,0.3851,1.0000,0.2053,0.0000,0.4126,0.2379,0.4117,WARNING,False,3,0,,,,,,
1771436122.117,0.1,,,,,,,,,,,,,,,0.4117,WARNING,,3,,t2431_0,0.63,LOW,OFFLOAD,WARNING: heavy task offloaded (weight=0.63 >= 0.3),
1771436122.117,0.1,70.28,4.8096,0.962,25.8,2,-16977.350,51.59318,0.04394,0.3523,0.0000,0.1837,0.0000,0.4394,0.2109,0.1523,SAFE,False,3,0,,,,,,
1771436122.117,0.1,,,,,,,,,,,,,,,0.1523,SAFE,,2,,t2432_0,0.63,NORMAL,LOCAL,SAFE: all tasks permitted (weight=0.63),
1771436122.117,0.1,70.57,4.7847,1.043,31.7,3,7394.975,14.83879,0.04448,0.3713,1.0000,0.2970,0.0000,0.4448,0.2666,0.4310,WARNING,False,2,1,,,,,,
1771436122.117,0.1,70.12,4.8065,1.015,29.7,3,,,0.04253,0.3415,0.0000,0.1977,0.0000,0.4253,0.2526,0.1597,SAFE,False,2,1,,,,,,
1771436122.117,0.1,69.85,4.7975,0.989,27.8,3,,,0.02692,0.3235,0.0000,0.2388,0.0000,0.2692,0.2395,0.1447,SAFE,False,2,1,,,,,,
1771436122.117,0.1,69.88,4.7879,0.965,26.1,2,,,0.02233,0.3251,0.0000,0.2823,0.0000,0.2233,0.2124,0.1405,SAFE,False,2,1,,,,,,
1771436122.117,0.1,69.37,4.8283,0.942,24.4,2,,,0.02394,0.2914,0.0000,0.0986,0.0000,0.2394,0.2011,0.1119,SAFE,False,2,1,,,,,,
1771436122.117,0.1,,,,,,,,,,,,,,,0.1119,SAFE,,1,,t2437_0,0.58,HIGH,LOCAL,SAFE: all tasks permitted (weight=0.58),
1771436122.117,0.1,69.39,4.8126,1.017,29.8,3,,,0.02216,0.2929,0.0000,0.1698,0.0000,0.2216,0.2535,0.1301,SAFE,False,1,2,,,,,,
1771436122.117,0.1,,,,,,,,,,,,,,,0.1301,SAFE,,0,,t2438_0,0.29,LOW,LOCAL,SAFE: all tasks permitted (weight=0.29),
1771436122.117,0.1,69.04,4.8181,1.040,31.4,3,,,0.02299,0.2690,0.0000,0.1452,0.0000,0.2299,0.2648,0.1271,SAFE,False,0,3,,,,,,
1771436122.117,0.1,69.25,4.7712,1.012,29.4,3,,,0.02156,0.2835,0.0000,0.3583,0.0000,0.2156,0.2509,0.1523,SAFE,False,0,3,,,,,,
1771436122.117,0.1,68.75,4.7866,0.986,27.6,3,,,0.01587,0.2499,0.0000,0.2883,0.0000,0.1587,0.2380,0.1309,SAFE,False,0,3,,,,,,
1771436122.117,0.1,68.90,4.8127,0.962,25.8,2,,,0.01573,0.2602,0.0000,0.1695,0.0000,0.1573,0.2109,0.1112,SAFE,False,0,3,,,,,,
1771436122.117,0.1,,,,,,,,,,,,,,,0.1112,SAFE,,0,,t2442_0,0.67,LOW,OFFLOAD,"Budget exhausted (B=0), offloading. Original: SAFE: all tasks permitted (weight=0.67)",
1771436122.117,0.1,,,,,,,,,,,,,,,0.1112,SAFE,,0,,t2442_1,0.73,LOW,OFFLOAD,"Budget exhausted (B=0), offloading. Original: SAFE: all tasks permitted (weight=0.73)",
1771436122.117,0.1,68.66,4.8128,0.939,24.2,2,,,0.01602,0.2442,0.0000,0.1690,0.0000,0.1602,0.1997,0.1072,SAFE,False,0,3,,,,,,
1771436122.117,0.1,,,,,,,,,,,,,,,0.1072,SAFE,,0,,t2443_0,0.46,HIGH,OFFLOAD,"Budget exhausted (B=0), offloading. Original: SAFE: all tasks permitted (weight=0.46)",
1771436122.117,0.1,68.62,4.8152,0.919,22.8,2,,,0.01630,0.2415,0.0000,0.1583,0.0000,0.1630,0.1893,0.1037,SAFE,False,8,0,,,,,,window_reset|B=8
1771436122.117,0.1,,,,,,,,,,,,,,,0.1037,SAFE,,7,,t2444_0,0.42,HIGH,LOCAL,SAFE: all tasks permitted (weight=0.42),
1771436122.117,0.1,68.09,4.8047,0.969,26.4,2,,,0.01535,0.2063,0.0000,0.2059,0.0000,0.1535,0.2145,0.1098,SAFE,False,7,1,,,,,,
1771436122.117,0.1,,,,,,,,,,,,,,,0.1098,SAFE,,6,,t2445_0,0.51,NORMAL,LOCAL,SAFE: all tasks permitted (weight=0.51),
1771436122.117,0.1,67.88,4.7850,1.031,30.8,3,,,0.01624,0.1921,0.0000,0.2953,0.0000,0.1624,0.2607,0.1298,SAFE,False,6,2,,,,,,
1771436122.117,0.1,68.43,4.8161,1.004,28.9,3,,,0.01655,0.2285,0.0000,0.1542,0.0000,0.1655,0.2471,0.1134,SAFE,False,6,2,,,,,,
1771436122.117,0.1,,,,,,,,,,,,,,,0.1134,SAFE,,5,,t2447_0,0.56,NORMAL,LOCAL,SAFE: all tasks permitted (weight=0.56),
1771436122.117,0.1,67.67,4.7621,1.072,33.7,3,,,0.01988,0.1783,0.0000,0.3997,0.0000,0.1988,0.2811,0.1495,SAFE,False,5,3,,,,,,
1771436122.117,0.1,67.60,4.8097,1.042,31.6,3,,,0.01846,0.1732,0.0000,0.1831,0.0000,0.1846,0.2660,0.1163,SAFE,False,5,3,,,,,,
1771436122.117,0.1,67.71,4.7844,1.014,29.6,3,,,0.01857,0.1809,0.0000,0.2982,0.0000,0.1857,0.2520,0.1295,SAFE,False,5,3,,,,,,
1771436122.117,0.1,67.86,4.7835,0.988,27.7,3,,,0.01793,0.1905,0.0000,0.3022,0.0000,0.1793,0.2390,0.1279,SAFE,False,5,3,,,,,,
1771436122.117,0.1,,,,,,,,,,,,,,,0.1279,SAFE,,4,,t2451_0,0.55,NORMAL,LOCAL,SAFE: all tasks permitted (weight=0.55),
1771436122.117,0.1,67.83,4.7919,1.055,32.5,3,,,0.01646,0.1888,0.0000,0.2643,0.0000,0.1646,0.2727,0.1280,SAFE,False,4,4,,,,,,
1771436122.117,0.1,,,,,,,,,,,,,,,0.1280,SAFE,,3,,t2452_0,0.82,HIGH,LOCAL,SAFE: all tasks permitted (weight=0.82),
1771436122.118,0.1,68.45,4.7671,1.164,40.3,4,20735.420,-37.06143,0.01828,0.2297,1.0000,0.3769,1.0000,0.1828,0.3419,0.6132,WARNING,False,3,5,,,,,,
1771436122.118,0.1,,,,,,,,,,,,,,,0.6132,WARNING,,3,,t2453_0,0.41,LOW,OFFLOAD,WARNING: heavy task offloaded (weight=0.41 >= 0.3),
1771436122.118,0.1,67.69,4.7489,1.127,37.7,4,-11212.575,-35.63907,0.02148,0.1795,0.0000,0.4597,1.0000,0.2148,0.3236,0.3675,WARNING,False,3,5,,,,,,
1771436122.118,0.1,,,,,,,,,,,,,,,0.3675,WARNING,,2,,t2454_0,0.24,HIGH,LOCAL,WARNING: lightweight task permitted (weight=0.24 < 0.3),
1771436122.118,0.1,67.77,4.7757,1.133,38.1,4,-38728.588,-39.73794,0.02064,0.1848,0.0000,0.3375,1.0000,0.2064,0.3265,0.3520,WARNING,False,2,6,,,,,,
1771436122.118,0.1,68.28,4.8065,1.099,35.6,4,35636.700,43.77548,0.01978,0.2184,1.0000,0.1978,0.0000,0.1978,0.3093,0.3836,WARNING,False,2,6,,,,,,
1771436122.118,0.1,68.13,4.7999,1.067,33.3,3,31722.526,-9.65303,0.01945,0.2090,1.0000,0.2276,1.0000,0.1945,0.2784,0.5798,CRITICAL,False,2,6,,,,,,
1771436122.118,0.1,68.21,4.7726,1.037,31.2,3,29548.489,-11.63644,0.01979,0.2143,1.0000,0.3519,1.0000,0.1979,0.2635,0.5939,CRITICAL,False,2,6,,,,,,
1771436122.118,0.1,68.14,4.7863,1.009,29.2,3,16626.639,2.77890,0.01746,0.2092,1.0000,0.2894,0.0000,0.1746,0.2497,0.3801,WARNING,False,6,0,,,,,,window_reset|B=6
1771436122.118,0.1,,,,,,,,,,,,,,,0.3801,WARNING,,6,,t2459_0,0.44,LOW,OFFLOAD,WARNING: heavy task offloaded (weight=0.44 >= 0.3),
1771436122.118,0.1,67.82,4.8192,0.984,27.4,3,-988.606,26.91191,0.01898,0.1877,0.0000,0.1401,0.0000,0.1898,0.2368,0.1071,SAFE,False,6,0,,,,,,
1771436122.118,0.1,,,,,,,,,,,,,,,0.1071,SAFE,,5,,t2460_0,0.37,HIGH,LOCAL,SAFE: all tasks permitted (weight=0.37),
1771436122.118,0.1,67.52,4.7791,1.022,30.2,3,,,0.01780,0.1680,0.0000,0.3223,0.0000,0.1780,0.2561,0.1311,SAFE,False,5,1,,,,,,
1771436122.118,0.1,67.23,4.7993,0.996,28.3,3,,,0.01826,0.1484,0.0000,0.2303,0.0000,0.1826,0.2428,0.1146,SAFE,False,5,1,,,,,,
1771436122.118,0.1,67.47,4.8142,0.971,26.5,2,,,0.01983,0.1646,0.0000,0.1629,0.0000,0.1983,0.2154,0.1039,SAFE,False,5,1,,,,,,
1771436122.118,0.1,67.90,4.7988,0.948,24.8,2,,,0.02002,0.1932,0.0000,0.2327,0.0000,0.2002,0.2039,0.1143,SAFE,False,5,1,,,,,,
1771436122.118,0.1,,,,,,,,,,,,,,,0.1143,SAFE,,4,,t2464_0,0.63,NORMAL,LOCAL,SAFE: all tasks permitted (weight=0.63),
1771436122.118,0.1,67.19,4.7652,1.032,30.8,3,,,0.02020,0.1460,0.0000,0.3856,0.0000,0.2020,0.2608,0.1400,SAFE,False,4,2,,,,,,
1771436122.118,0.1,,,,,,,,,,,,,,,0.1400,SAFE,,3,,t2465_0,0.47,NORMAL,LOCAL,SAFE: all tasks permitted (weight=0.47),
1771436122.118,0.1,67.25,4.7647,1.082,34.4,3,,,0.01795,0.1499,0.0000,0.3879,0.0000,0.1795,0.2861,0.1436,SAFE,False,3,3,,,,,,
1771436122.118,0.1,,,,,,,,,,,,,,,0.1436,SAFE,,2,,t2466_0,0.24,HIGH,LOCAL,SAFE: all tasks permitted (weight=0.24),
1771436122.118,0.1,67.93,4.7659,1.092,35.1,4,,,0.01879,0.1956,0.0000,0.3822,0.0000,0.1879,0.3059,0.1531,SAFE,False,2,4,,,,,,
1771436122.118,0.1,67.71,4.7999,1.060,32.9,3,,,0.01837,0.1808,0.0000,0.2277,0.0000,0.1837,0.2752,0.1247,SAFE,False,2,4,,,,,,
1771436122.118,0.1,67.70,4.7234,1.031,30.8,3,,,0.02535,0.1800,0.0000,0.5756,0.0000,0.2535,0.2605,0.1739,SAFE,False,2,4,,,,,,
1771436122.119,0.1,,,,,,,,,,,,,,,0.1739,SAFE,,1,,t2469_0,0.73,LOW,LOCAL,SAFE: all tasks permitted (weight=0.73),
1771436122.119,0.1,,,,,,,,,,,,,,,0.1739,SAFE,,0,,t2469_1,0.77,LOW,LOCAL,SAFE: all tasks permitted (weight=0.77),
1771436122.119,0.1,67.89,4.7552,1.255,46.8,5,38778.583,-42.86787,0.02634,0.1927,1.0000,0.4307,1.0000,0.2634,0.4023,0.6359,WARNING,False,0,6,,,,,,
1771436122.119,0.1,,,,,,,,,,,,,,,0.6359,WARNING,,0,,t2470_0,0.45,NORMAL,OFFLOAD,WARNING: heavy task offloaded (weight=0.45 >= 0.3),
1771436122.119,0.1,68.03,4.6826,1.212,43.7,5,32589.118,-127.91641,0.03773,0.2019,1.0000,0.7611,1.0000,0.3773,0.3809,0.6871,CRITICAL,False,0,6,,,,,,
1771436122.119,0.1,,,,,,,,,,,,,,,0.6871,CRITICAL,,0,,t2471_0,0.43,CRITICAL,OFFLOAD,"Budget exhausted (B=0), offloading. Original: CRITICAL: mission-critical task permitted locally (priority=CRITICAL)",
1771436122.119,0.1,68.27,4.7327,1.172,40.8,4,21850.462,-64.20315,0.03631,0.2182,1.0000,0.5330,1.0000,0.3631,0.3459,0.6510,CRITICAL,False,0,6,,,,,,
1771436122.119,0.1,,,,,,,,,,,,,,,0.6510,CRITICAL,,0,,t2472_0,0.85,CRITICAL,OFFLOAD,"Budget exhausted (B=0), offloading. Original: CRITICAL: mission-critical task permitted locally (priority=CRITICAL)",
1771436122.119,0.1,68.69,4.7578,1.135,38.2,4,87388.696,-7.15152,0.03610,0.2459,1.0000,0.4190,1.0000,0.3610,0.3274,0.6356,CRITICAL,False,0,6,,,,,,
1771436122.119,0.1,,,,,,,,,,,,,,,0.6356,CRITICAL,,0,,t2473_0,0.41,NORMAL,OFFLOAD,CRITICAL: non-critical task offloaded (priority=NORMAL),
1771436122.119,0.1,68.61,4.7716,1.100,35.7,4,79142.760,6.70274,0.03457,0.2404,1.0000,0.3565,0.0000,0.3457,0.3101,0.4218,CRITICAL,False,5,0,,,,,,window_reset|B=5
1771436122.119,0.1,68.60,4.8039,1.068,33.4,3,38565.505,36.93015,0.03336,0.2397,1.0000,0.2095,0.0000,0.3336,0.2791,0.3952,WARNING,False,5,0,,,,,,
1771436122.119,0.1,68.48,4.7900,1.038,31.3,3,44728.119,-9.58347,0.03259,0.2319,1.0000,0.2725,1.0000,0.3259,0.2642,0.5987,CRITICAL,False,5,0,,,,,,
1771436122.119,0.1,,,,,,,,,,,,,,,0.5987,CRITICAL,,5,,t2476_0,0.68,NORMAL,OFFLOAD,CRITICAL: non-critical task offloaded (priority=NORMAL),
1771436122.119,0.1,,,,,,,,,,,,,,,0.5987,CRITICAL,,4,,t2476_1,0.84,CRITICAL,LOCAL,CRITICAL: mission-critical task permitted locally (priority=CRITICAL),
1771436122.119,0.1,68.84,4.7940,1.152,39.4,4,66394.646,68.61788,0.03396,0.2559,1.0000,0.2547,0.0000,0.3396,0.3361,0.4150,WARNING,False,4,1,,,,,,
1771436122.119,0.1,,,,,,,,,,,,,,,0.4150,WARNING,,3,,t2477_0,0.26,LOW,LOCAL,WARNING: lightweight task permitted (weight=0.26 < 0.3),
1771436122.119,0.1,68.50,4.7756,1.160,40.0,4,,,0.03417,0.2335,0.0000,0.3380,0.0000,0.3417,0.3398,0.1741,SAFE,False,3,2,,,,,,
1771436122.119,0.1,69.37,4.7685,1.123,37.4,4,,,0.03420,0.2911,0.0000,0.3703,0.0000,0.3420,0.3217,0.1816,SAFE,False,3,2,,,,,,
1771436122.119,0.1,,,,,,,,,,,,,,,0.1816,SAFE,,2,,t2479_0,0.59,NORMAL,LOCAL,SAFE: all tasks permitted (weight=0.59),
1771436122.119,0.1,,,,,,,,,,,,,,,0.1816,SAFE,,1,,t2479_1,0.48,LOW,LOCAL,SAFE: all tasks permitted (weight=0.48),
1771436122.119,0.1,69.58,4.7246,1.270,47.8,5,,,0.03375,0.3053,0.0000,0.5702,0.0000,0.3375,0.4099,0.2265,SAFE,False,1,4,,,,,,
1771436122.119,0.1,,,,,,,,,,,,,,,0.2265,SAFE,,0,,t2480_0,0.82,LOW,LOCAL,SAFE: all tasks permitted (weight=0.82),
1771436122.119,0.1,69.65,4.6801,1.363,54.5,6,,,0.03901,0.3103,0.0000,0.7721,0.0000,0.3901,0.4714,0.2709,WARNING,False,0,5,,,,,,
1771436122.119,0.1,69.94,4.7224,1.312,50.9,5,,,0.03990,0.3290,0.0000,0.5801,0.0000,0.3990,0.4312,0.2410,WARNING,False,0,5,,,,,,
1771436122.119,0.1,,,,,,,,,,,,,,,0.2410,WARNING,,0,,t2482_0,0.50,NORMAL,OFFLOAD,WARNING: heavy task offloaded (weight=0.50 >= 0.3),
1771436122.119,0.1,,,,,,,,,,,,,,,0.2410,WARNING,,0,,t2482_1,0.57,LOW,OFFLOAD,WARNING: heavy task offloaded (weight=0.57 >= 0.3),
1771436122.119,0.1,69.93,4.6741,1.265,47.5,5,,,0.04116,0.3288,0.0000,0.7998,0.0000,0.4116,0.4077,0.2661,WARNING,False,0,5,,,,,,
1771436122.119,0.1,,,,,,,,,,,,,,,0.2661,WARNING,,0,,t2483_0,0.23,LOW,OFFLOAD,"Budget exhausted (B=0), offloading. Original: WARNING: lightweight task permitted (weight=0.23 < 0.3)",
1771436122.119,0.1,,,,,,,,,,,,,,,0.2661,WARNING,,0,,t2483_1,0.84,LOW,OFFLOAD,WARNING: heavy task offloaded (weight=0.84 >= 0.3),
1771436122.119,0.1,71.15,4.7317,1.222,44.4,5,,,0.04119,0.4100,0.0000,0.5377,0.0000,0.4119,0.3859,0.2375,WARNING,False,0,5,,,,,,
1771436122.119,0.1,70.83,4.7502,1.181,41.5,4,,,0.04112,0.3885,0.0000,0.4537,0.0000,0.4112,0.3506,0.2168,WARNING,False,0,5,,,,,,
1771436122.119,0.1,70.80,4.7437,1.143,38.8,4,,,0.04055,0.3869,0.0000,0.4831,0.0000,0.4055,0.3317,0.2161,WARNING,False,0,5,,,,,,
1771436122.119,0.1,,,,,,,,,,,,,,,0.2161,WARNING,,0,,t2486_0,0.21,LOW,OFFLOAD,"Budget exhausted (B=0), offloading. Original: WARNING: lightweight task permitted (weight=0.21 < 0.3)",
1771436122.119,0.1,70.48,4.7866,1.108,36.3,4,,,0.03876,0.3651,0.0000,0.2882,0.0000,0.3876,0.3142,0.1829,WARNING,False,0,5,,,,,,
1771436122.119,0.1,,,,,,,,,,,,,,,0.1829,WARNING,,0,,t2487_0,0.83,HIGH,OFFLOAD,WARNING: heavy task offloaded (weight=0.83 >= 0.3),
1771436122.119,0.1,70.72,4.7835,1.076,34.0,3,,,0.03817,0.3815,0.0000,0.3021,0.0000,0.3817,0.2829,0.1798,SAFE,False,0,5,,,,,,
1771436122.119,0.1,,,,,,,,,,,,,,,0.1798,SAFE,,0,,t2488_0,0.43,CRITICAL,OFFLOAD,"Budget exhausted (B=0), offloading. Original: SAFE: all tasks permitted (weight=0.43)",
1771436122.119,0.1,70.76,4.8085,1.045,31.8,3,,,0.03990,0.3843,0.0000,0.1887,0.0000,0.3990,0.2677,0.1641,SAFE,False,8,0,,,,,,window_reset|B=8
1771436122.119,0.1,70.44,4.8006,1.017,29.8,3,,,0.04200,0.3626,0.0000,0.2245,0.0000,0.4200,0.2536,0.1654,SAFE,False,8,0,,,,,,
1771436122.119,0.1,,,,,,,,,,,,,,,0.1654,SAFE,,7,,t2490_0,0.72,NORMAL,LOCAL,SAFE: all tasks permitted (weight=0.72),
1771436122.119,0.1,70.92,4.7385,1.112,36.6,4,,,0.04159,0.3947,0.0000,0.5068,0.0000,0.4159,0.3160,0.2180,SAFE,False,7,1,,,,,,
1771436122.119,0.1,70.64,4.7667,1.079,34.2,3,,,0.04146,0.3757,0.0000,0.3788,0.0000,0.4146,0.2845,0.1927,SAFE,False,7,1,,,,,,
1771436122.119,0.1,69.96,4.7904,1.048,32.0,3,,,0.03720,0.3309,0.0000,0.2711,0.0000,0.3720,0.2692,0.1660,SAFE,False,7,1,,,,,,
1771436122.119,0.1,69.77,4.7922,1.020,30.0,3,,,0.03662,0.3179,0.0000,0.2626,0.0000,0.3662,0.2550,0.1599,SAFE,False,7,1,,,,,,
1771436122.119,0.1,,,,,,,,,,,,,,,0.1599,SAFE,,6,,t2494_0,0.64,NORMAL,LOCAL,SAFE: all tasks permitted (weight=0.64),
1771436122.119,0.1,,,,,,,,,,,,,,,0.1599,SAFE,,5,,t2494_1,0.78,NORMAL,LOCAL,SAFE: all tasks permitted (weight=0.78),
1771436122.119,0.1,70.15,4.7301,1.232,45.1,5,,,0.02724,0.3436,0.0000,0.5451,0.0000,0.2724,0.3909,0.2175,SAFE,False,5,3,,,,,,
1771436122.120,0.1,70.54,4.7615,1.191,42.2,4,-11392.006,-22.69937,0.02504,0.3693,0.0000,0.4022,1.0000,0.2504,0.3553,0.3927,WARNING,False,5,3,,,,,,
1771436122.120,0.1,70.68,4.7304,1.152,39.4,4,-5185.588,-80.46680,0.02693,0.3787,0.0000,0.5435,1.0000,0.2693,0.3361,0.4102,WARNING,False,5,3,,,,,,
1771436122.120,0.1,,,,,,,,,,,,,,,0.4102,WARNING,,5,,t2497_0,0.59,LOW,OFFLOAD,WARNING: heavy task offloaded (weight=0.59 >= 0.3),
1771436122.120,0.1,,,,,,,,,,,,,,,0.4102,WARNING,,5,,t2497_1,0.67,HIGH,OFFLOAD,WARNING: heavy task offloaded (weight=0.67 >= 0.3),
1771436122.120,0.1,70.23,4.7913,1.116,36.9,4,-12734.409,-9.55280,0.02636,0.3489,0.0000,0.2666,1.0000,0.2636,0.3182,0.3665,WARNING,False,5,3,,,,,,
1771436122.120,0.1,70.96,4.7785,1.083,34.5,3,2332.485,41.26736,0.02612,0.3972,1.0000,0.3249,0.0000,0.2612,0.2866,0.4233,WARNING,False,5,3,,,,,,
1771436122.120,0.1,,,,,,,,,,,,,,,0.4233,WARNING,,4,,t2499_0,0.30,NORMAL,LOCAL,WARNING: lightweight task permitted (weight=0.30 < 0.3),
1771436122.120,0.1,70.95,4.7541,1.102,35.9,4,19588.859,-12.99195,0.02637,0.3968,1.0000,0.4361,1.0000,0.2637,0.3112,0.6429,CRITICAL,False,4,4,,,,,,
1771436122.120,0.1,,,,,,,,,,,,,,,0.6429,CRITICAL,,4,,t2500_0,0.62,NORMAL,OFFLOAD,CRITICAL: non-critical task offloaded (priority=NORMAL),
1771436122.120,0.1,71.00,4.7620,1.070,33.6,3,64321.843,-29.23438,0.02375,0.4002,1.0000,0.4000,1.0000,0.2375,0.2801,0.6298,CRITICAL,False,4,4,,,,,,
1771436122.120,0.1,,,,,,,,,,,,,,,0.6298,CRITICAL,,4,,t2501_0,0.25,HIGH,OFFLOAD,CRITICAL: non-critical task offloaded (priority=HIGH),
1771436122.120,0.1,70.33,4.8047,1.040,31.4,3,35007.059,12.87566,0.02426,0.3557,1.0000,0.2058,0.0000,0.2426,0.2651,0.3967,WARNING,False,4,4,,,,,,
1771436122.120,0.1,,,,,,,,,,,,,,,0.3967,WARNING,,4,,t2502_0,0.40,NORMAL,OFFLOAD,WARNING: heavy task offloaded (weight=0.40 >= 0.3),
1771436122.120,0.1,70.74,4.8067,1.012,29.5,3,35976.330,78.99400,0.02497,0.3823,1.0000,0.1969,0.0000,0.2497,0.2512,0.3967,WARNING,False,4,4,,,,,,
1771436122.120,0.1,69.98,4.7938,0.986,27.6,3,,,0.02557,0.3317,0.0000,0.2553,0.0000,0.2557,0.2382,0.1462,SAFE,False,8,0,,,,,,window_reset|B=8
1771436122.120,0.1,,,,,,,,,,,,,,,0.1462,SAFE,,7,,t2504_0,0.31,NORMAL,LOCAL,SAFE: all tasks permitted (weight=0.31),
1771436122.120,0.1,69.83,4.8049,1.015,29.7,3,,,0.02661,0.3220,0.0000,0.2052,0.0000,0.2661,0.2526,0.1424,SAFE,False,7,1,,,,,,
1771436122.120,0.1,70.04,4.7882,0.989,27.8,3,,,0.02642,0.3362,0.0000,0.2807,0.0000,0.2642,0.2395,0.1512,SAFE,False,7,1,,,,,,
1771436122.120,0.1,,,,,,,,,,,,,,,0.1512,SAFE,,6,,t2506_0,0.49,LOW,LOCAL,SAFE: all tasks permitted (weight=0.49),
1771436122.120,0.1,69.98,4.7987,1.047,31.9,3,,,0.02320,0.3317,0.0000,0.2332,0.0000,0.2320,0.2685,0.1470,SAFE,False,6,2,,,,,,
1771436122.120,0.1,69.68,4.8006,1.019,29.9,3,,,0.02294,0.3122,0.0000,0.2248,0.0000,0.2294,0.2543,0.1405,SAFE,False,6,2,,,,,,
1771436122.120,0.1,69.17,4.8002,0.992,28.0,3,,,0.01641,0.2780,0.0000,0.2264,0.0000,0.1641,0.2411,0.1274,SAFE,False,6,2,,,,,,
1771436122.120,0.1,69.52,4.8059,0.968,26.3,2,,,0.01697,0.3015,0.0000,0.2005,0.0000,0.1697,0.2138,0.1220,SAFE,False,6,2,,,,,,
1771436122.120,0.1,,,,,,,,,,,,,,,0.1220,SAFE,,5,,t2510_0,0.81,NORMAL,LOCAL,SAFE: all tasks permitted (weight=0.81),
1771436122.120,0.1,69.60,4.7791,1.082,34.4,3,,,0.01694,0.3064,0.0000,0.3223,0.0000,0.1694,0.2861,0.1528,SAFE,False,5,3,,,,,,
1771436122.120,0.1,,,,,,,,,,,,,,,0.1528,SAFE,,4,,t2511_0,0.40,NORMAL,LOCAL,SAFE: all tasks permitted (weight=0.40),
1771436122.120,0.1,69.34,4.7799,1.119,37.1,4,,,0.01328,0.2896,0.0000,0.3188,0.0000,0.1328,0.3195,0.1534,SAFE,False,4,4,,,,,,
1771436122.120,0.1,,,,,,,,,,,,,,,0.1534,SAFE,,3,,t2512_0,0.32,LOW,LOCAL,SAFE: all tasks permitted (weight=0.32),
1771436122.120,0.1,,,,,,,,,,,,,,,0.1534,SAFE,,2,,t2512_1,0.66,NORMAL,LOCAL,SAFE: all tasks permitted (weight=0.66),
1771436122.120,0.1,69.66,4.7091,1.251,46.5,5,,,0.02589,0.3104,0.0000,0.6406,0.0000,0.2589,0.4005,0.2265,SAFE,False,2,6,,,,,,
1771436122.120,0.1,,,,,,,,,,,,,,,0.2265,SAFE,,1,,t2513_0,0.73,LOW,LOCAL,SAFE: all tasks permitted (weight=0.73),
1771436122.120,0.1,71.25,4.6994,1.332,52.3,6,,,0.03532,0.4168,0.0000,0.6847,0.0000,0.3532,0.4562,0.2656,WARNING,False,1,7,,,,,,
1771436122.120,0.1,,,,,,,,,,,,,,,0.2656,WARNING,,1,,t2514_0,0.41,LOW,OFFLOAD,WARNING: heavy task offloaded (weight=0.41 >= 0.3),
1771436122.120,0.1,,,,,,,,,,,,,,,0.2656,WARNING,,1,,t2514_1,0.63,NORMAL,OFFLOAD,WARNING: heavy task offloaded (weight=0.63 >= 0.3),
1771436122.120,0.1,70.46,4.6632,1.284,48.9,5,,,0.04684,0.3641,0.0000,0.8490,0.0000,0.4684,0.4170,0.2843,WARNING,False,1,7,,,,,,
1771436122.120,0.1,70.58,4.7670,1.239,45.6,5,,,0.04622,0.3718,0.0000,0.3774,0.0000,0.4622,0.3945,0.2188,WARNING,False,1,7,,,,,,
1771436122.120,0.1,,,,,,,,,,,,,,,0.2188,WARNING,,1,,t2516_0,0.82,NORMAL,OFFLOAD,WARNING: heavy task offloaded (weight=0.82 >= 0.3),
1771436122.120,0.1,70.66,4.7540,1.197,42.7,4,,,0.04480,0.3774,0.0000,0.4366,0.0000,0.4480,0.3586,0.2186,WARNING,False,1,7,,,,,,
1771436122.120,0.1,70.82,4.7327,1.158,39.9,4,,,0.04473,0.3879,0.0000,0.5333,0.0000,0.4473,0.3392,0.2284,WARNING,False,1,7,,,,,,
1771436122.120,0.1,,,,,,,,,,,,,,,0.2284,WARNING,,1,,t2518_0,0.85,LOW,OFFLOAD,WARNING: heavy task offloaded (weight=0.85 >= 0.3),
1771436122.120,0.1,71.05,4.7511,1.122,37.3,4,,,0.04298,0.4034,0.0000,0.4496,0.0000,0.4298,0.3211,0.2141,WARNING,False,7,0,,,,,,window_reset|B=7
1771436122.120,0.1,,,,,,,,,,,,,,,0.2141,WARNING,,7,,t2519_0,0.57,CRITICAL,OFFLOAD,WARNING: heavy task offloaded (weight=0.57 >= 0.3),
1771436122.120,0.1,71.08,4.8059,1.089,34.9,3,,,0.04349,0.4056,0.0000,0.2004,0.0000,0.4349,0.2893,0.1761,SAFE,False,7,0,,,,,,
1771436122.120,0.1,70.41,4.7798,1.057,32.7,3,,,0.04202,0.3605,0.0000,0.3190,0.0000,0.4202,0.2737,0.1815,SAFE,False,7,0,,,,,,
1771436122.120,0.1,,,,,,,,,,,,,,,0.1815,SAFE,,6,,t2521_0,0.74,NORMAL,LOCAL,SAFE: all tasks permitted (weight=0.74),
1771436122.120,0.1,70.96,4.7315,1.153,39.5,4,,,0.03903,0.3973,0.0000,0.5385,0.0000,0.3903,0.3364,0.2240,SAFE,False,6,1,,,,,,
1771436122.120,0.1,,,,,,,,,,,,,,,0.2240,SAFE,,5,,t2522_0,0.68,NORMAL,LOCAL,SAFE: all tasks permitted (weight=0.68),
1771436122.120,0.1,,,,,,,,,,,,,,,0.2240,SAFE,,4,,t2522_1,0.32,HIGH,LOCAL,SAFE: all tasks permitted (weight=0.32),
1771436122.120,0.1,71.25,4.7286,1.285,48.9,5,,,0.03795,0.4169,0.0000,0.5518,0.0000,0.3795,0.4176,0.2432,SAFE,False,4,3,,,,,,
1771436122.120,0.1,,,,,,,,,,,,,,,0.2432,SAFE,,3,,t2523_0,0.24,NORMAL,LOCAL,SAFE: all tasks permitted (weight=0.24),
1771436122.120,0.1,71.56,4.7009,1.281,48.6,5,,,0.03763,0.4371,0.0000,0.6778,0.0000,0.3763,0.4154,0.2613,WARNING,False,3,4,,,,,,
1771436122.120,0.1,,,,,,,,,,,,,,,0.2613,WARNING,,3,,t2524_0,0.52,HIGH,OFFLOAD,WARNING: heavy task offloaded (weight=0.52 >= 0.3),
1771436122.120,0.1,71.56,4.7208,1.236,45.4,5,,,0.03709,0.4376,0.0000,0.5872,0.0000,0.3709,0.3931,0.2446,WARNING,False,3,4,,,,,,
1771436122.120,0.1,72.47,4.7789,1.195,42.5,4,,,0.03702,0.4978,0.0000,0.3231,0.0000,0.3702,0.3573,0.2102,WARNING,False,3,4,,,,,,
1771436122.120,0.1,72.25,4.7165,1.156,39.7,4,,,0.02966,0.4831,0.0000,0.6069,0.0000,0.2966,0.3379,0.2341,WARNING,False,3,4,,,,,,
1771436122.120,0.1,71.64,4.7783,1.120,37.1,4,,,0.03045,0.4426,0.0000,0.3257,0.0000,0.3045,0.3200,0.1899,WARNING,False,3,4,,,,,,
1771436122.120,0.1,,,,,,,,,,,,,,,0.1899,WARNING,,3,,t2528_0,0.32,LOW,OFFLOAD,WARNING: heavy task offloaded (weight=0.32 >= 0.3),
1771436122.120,0.1,72.05,4.7497,1.086,34.7,3,,,0.03040,0.4700,0.0000,0.4557,0.0000,0.3040,0.2882,0.2037,WARNING,False,3,4,,,,,,
1771436122.120,0.1,,,,,,,,,,,,,,,0.2037,WARNING,,3,,t2529_0,0.41,LOW,OFFLOAD,WARNING: heavy task offloaded (weight=0.41 >= 0.3),
1771436122.120,0.1,72.40,4.7877,1.055,32.5,3,,,0.03188,0.4931,0.0000,0.2830,0.0000,0.3188,0.2727,0.1824,WARNING,False,3,4,,,,,,
1771436122.120,0.1,,,,,,,,,,,,,,,0.1824,WARNING,,3,,t2530_0,0.60,LOW,OFFLOAD,WARNING: heavy task offloaded (weight=0.60 >= 0.3),
1771436122.120,0.1,72.14,4.8305,1.026,30.5,3,,,0.03846,0.4762,0.0000,0.0886,0.0000,0.3846,0.2582,0.1588,SAFE,False,3,4,,,,,,
1771436122.120,0.1,,,,,,,,,,,,,,,0.1588,SAFE,,2,,t2531_0,0.40,NORMAL,LOCAL,SAFE: all tasks permitted (weight=0.40),
1771436122.120,0.1,71.36,4.7614,1.067,33.4,3,,,0.03583,0.4241,0.0000,0.4029,0.0000,0.3583,0.2785,0.1948,SAFE,False,2,5,,,,,,
1771436122.120,0.1,72.08,4.7485,1.037,31.2,3,,,0.03509,0.4717,0.0000,0.4612,0.0000,0.3509,0.2637,0.2044,SAFE,False,2,5,,,,,,
1771436122.120,0.1,71.05,4.8109,1.010,29.3,3,,,0.03782,0.4034,0.0000,0.1779,0.0000,0.3782,0.2498,0.1593,SAFE,False,8,0,,,,,,window_reset|B=8
1771436122.120,0.1,,,,,,,,,,,,,,,0.1593,SAFE,,7,,t2534_0,0.56,NORMAL,LOCAL,SAFE: all tasks permitted (weight=0.56),
1771436122.120,0.1,71.59,4.7930,1.080,34.3,3,,,0.03764,0.4393,0.0000,0.2591,0.0000,0.3764,0.2848,0.1810,SAFE,False,7,1,,,,,,
1771436122.120,0.1,,,,,,,,,,,,,,,0.1810,SAFE,,6,,t2535_0,0.74,HIGH,LOCAL,SAFE: all tasks permitted (weight=0.74),
1771436122.120,0.1,71.51,4.7425,1.175,41.1,4,,,0.03326,0.4338,0.0000,0.4887,0.0000,0.3326,0.3475,0.2183,SAFE,False,6,2,,,,,,
1771436122.120,0.1,,,,,,,,,,,,,,,0.2183,SAFE,,5,,t2536_0,0.46,LOW,LOCAL,SAFE: all tasks permitted (weight=0.46),
1771436122.120,0.1,71.51,4.7337,1.215,44.0,5,,,0.03189,0.4341,0.0000,0.5287,0.0000,0.3189,0.3827,0.2292,SAFE,False,5,3,,,,,,
1771436122.120,0.1,,,,,,,,,,,,,,,0.2292,SAFE,,4,,t2537_0,0.30,NORMAL,LOCAL,SAFE: all tasks permitted (weight=0.30),
1771436122.120,0.1,71.59,4.7331,1.227,44.8,5,,,0.03323,0.4392,0.0000,0.5314,0.0000,0.3323,0.3883,0.2327,SAFE,False,4,4,,,,,,
1771436122.120,0.1,,,,,,,,,,,,,,,0.2327,SAFE,,3,,t2538_0,0.26,LOW,LOCAL,SAFE: all tasks permitted (weight=0.26),
1771436122.120,0.1,,,,,,,,,,,,,,,0.2327,SAFE,,2,,t2538_1,0.57,HIGH,LOCAL,SAFE: all tasks permitted (weight=0.57),
1771436122.122,0.1,72.38,4.6979,1.327,52.0,6,9386.584,-86.79394,0.03581,0.4922,1.0000,0.6916,1.0000,0.3581,0.4537,0.7255,WARNING,False,2,6,,,,,,
1771436122.122,0.1,,,,,,,,,,,,,,,0.7255,WARNING,,2,,t2539_0,0.31,NORMAL,OFFLOAD,WARNING: heavy task offloaded (weight=0.31 >= 0.3),
1771436122.122,0.1,72.36,4.7084,1.279,48.5,5,39015.805,-34.65073,0.03858,0.4904,1.0000,0.6436,1.0000,0.3858,0.4147,0.7140,CRITICAL,False,2,6,,,,,,
1771436122.122,0.1,72.42,4.7276,1.235,45.3,5,13719.400,-13.70536,0.03945,0.4950,1.0000,0.5564,1.0000,0.3945,0.3924,0.6997,CRITICAL,False,2,6,,,,,,
1771436122.122,0.1,,,,,,,,,,,,,,,0.6997,CRITICAL,,2,,t2541_0,0.70,NORMAL,OFFLOAD,CRITICAL: non-critical task offloaded (priority=NORMAL),
1771436122.122,0.1,72.57,4.7485,1.193,42.4,4,59765.724,-40.79413,0.03832,0.5049,1.0000,0.4613,1.0000,0.3832,0.3566,0.6802,CRITICAL,False,2,6,,,,,,
1771436122.122,0.1,,,,,,,,,,,,,,,0.6802,CRITICAL,,2,,t2542_0,0.61,HIGH,OFFLOAD,CRITICAL: non-critical task offloaded (priority=HIGH),
1771436122.122,0.1,72.43,4.7480,1.155,39.6,4,33132.078,-29.41547,0.03037,0.4956,1.0000,0.4634,1.0000,0.3037,0.3373,0.6676,CRITICAL,False,2,6,,,,,,
1771436122.122,0.1,,,,,,,,,,,,,,,0.6676,CRITICAL,,2,,t2543_0,0.58,NORMAL,OFFLOAD,CRITICAL: non-critical task offloaded (priority=NORMAL),
1771436122.122,0.1,73.33,4.7526,1.119,37.1,4,71457.069,6.63090,0.03010,0.5552,1.0000,0.4426,0.0000,0.3010,0.3194,0.4681,CRITICAL,False,2,6,,,,,,
1771436122.122,0.1,,,,,,,,,,,,,,,0.4681,CRITICAL,,2,,t2544_0,0.30,LOW,OFFLOAD,CRITICAL: non-critical task offloaded (priority=LOW),
1771436122.122,0.1,72.76,4.7944,1.085,34.7,3,49172.777,39.72273,0.03303,0.5176,1.0000,0.2528,0.0000,0.3303,0.2877,0.4355,CRITICAL,False,2,6,,,,,,
1771436122.122,0.1,,,,,,,,,,,,,,,0.4355,CRITICAL,,2,,t2545_0,0.75,HIGH,OFFLOAD,CRITICAL: non-critical task offloaded (priority=HIGH),
1771436122.122,0.1,72.15,4.7881,1.054,32.5,3,21994.129,35.97181,0.02994,0.4765,1.0000,0.2815,0.0000,0.2994,0.2722,0.4282,CRITICAL,False,2,6,,,,,,
1771436122.122,0.1,72.08,4.7806,1.025,30.4,3,-33300.280,150.14159,0.02852,0.4718,0.0000,0.3155,0.0000,0.2852,0.2577,0.1777,WARNING,False,2,6,,,,,,
1771436122.122,0.1,,,,,,,,,,,,,,,0.1777,WARNING,,1,,t2547_0,0.20,LOW,LOCAL,WARNING: lightweight task permitted (weight=0.20 < 0.3),
1771436122.122,0.1,,,,,,,,,,,,,,,0.1777,WARNING,,1,,t2547_1,0.80,CRITICAL,OFFLOAD,WARNING: heavy task offloaded (weight=0.80 >= 0.3),
1771436122.122,0.1,72.22,4.7922,1.033,30.9,3,-14917.262,152.02830,0.03115,0.4813,0.0000,0.2628,0.0000,0.3115,0.2616,0.1754,SAFE,False,1,7,,,,,,
1771436122.122,0.1,72.31,4.8055,1.006,29.0,3,-12935.103,141.39591,0.03412,0.4870,0.0000,0.2023,0.0000,0.3412,0.2479,0.1684,SAFE,False,8,0,,,,,,window_reset|B=8
1771436122.122,0.1,,,,,,,,,,,,,,,0.1684,SAFE,,7,,t2549_0,0.84,HIGH,LOCAL,SAFE: all tasks permitted (weight=0.84),
1771436122.122,0.1,71.39,4.7562,1.124,37.4,4,-129202.479,13.94779,0.03340,0.4258,0.0000,0.4263,0.0000,0.3340,0.3221,0.2043,SAFE,False,7,1,,,,,,
1771436122.122,0.1,,,,,,,,,,,,,,,0.2043,SAFE,,6,,t2550_0,0.40,NORMAL,LOCAL,SAFE: all tasks permitted (weight=0.40),
1771436122.122,0.1,71.73,4.7593,1.159,39.9,4,-77175.063,20.35919,0.02801,0.4484,0.0000,0.4125,0.0000,0.2801,0.3395,0.2033,SAFE,False,6,2,,,,,,
1771436122.122,0.1,,,,,,,,,,,,,,,0.2033,SAFE,,5,,t2551_0,0.61,NORMAL,LOCAL,SAFE: all tasks permitted (weight=0.61),
1771436122.122,0.1,72.14,4.7772,1.227,44.8,5,-128874.891,44.64016,0.02269,0.4763,0.0000,0.3308,0.0000,0.2269,0.3884,0.2005,SAFE,False,5,3,,,,,,
1771436122.122,0.1,72.25,4.7124,1.186,41.8,4,-55512.490,-148.87646,0.02526,0.4836,0.0000,0.6256,1.0000,0.2526,0.3529,0.4352,WARNING,False,5,3,,,,,,
1771436122.122,0.1,72.03,4.7299,1.148,39.1,4,-13216.920,-105.53210,0.02692,0.4684,0.0000,0.5458,1.0000,0.2692,0.3339,0.4209,WARNING,False,5,3,,,,,,
1771436122.122,0.1,,,,,,,,,,,,,,,0.4209,WARNING,,4,,t2554_0,0.27,LOW,LOCAL,WARNING: lightweight task permitted (weight=0.27 < 0.3),
1771436122.122,0.1,72.50,4.7976,1.158,39.8,4,,,0.02759,0.5002,0.0000,0.2380,0.0000,0.2759,0.3389,0.1863,WARNING,False,4,4,,,,,,
1771436122.122,0.1,,,,,,,,,,,,,,,0.1863,WARNING,,4,,t2555_0,0.42,NORMAL,OFFLOAD,WARNING: heavy task offloaded (weight=0.42 >= 0.3),
1771436122.122,0.1,71.86,4.7759,1.122,37.3,4,,,0.02708,0.4571,0.0000,0.3366,0.0000,0.2708,0.3209,0.1899,WARNING,False,4,4,,,,,,
1771436122.122,0.1,72.16,4.7652,1.088,34.9,3,,,0.02630,0.4772,0.0000,0.3853,0.0000,0.2630,0.2891,0.1915,WARNING,False,4,4,,,,,,
1771436122.122,0.1,,,,,,,,,,,,,,,0.1915,WARNING,,3,,t2557_0,0.25,NORMAL,LOCAL,WARNING: lightweight task permitted (weight=0.25 < 0.3),
1771436122.122,0.1,,,,,,,,,,,,,,,0.1915,WARNING,,3,,t2557_1,0.35,NORMAL,OFFLOAD,WARNING: heavy task offloaded (weight=0.35 >= 0.3),
1771436122.122,0.1,72.43,4.8108,1.099,35.7,4,,,0.02828,0.4952,0.0000,0.1780,0.0000,0.2828,0.3097,0.1728,SAFE,False,3,5,,,,,,
1771436122.122,0.1,72.12,4.7686,1.067,33.4,3,,,0.02817,0.4746,0.0000,0.3700,0.0000,0.2817,0.2787,0.1889,SAFE,False,3,5,,,,,,
1771436122.122,0.1,,,,,,,,,,,,,,,0.1889,SAFE,,2,,t2559_0,0.73,NORMAL,LOCAL,SAFE: all tasks permitted (weight=0.73),
1771436122.122,0.1,72.21,4.7193,1.162,40.2,4,,,0.03067,0.4805,0.0000,0.5939,0.0000,0.3067,0.3412,0.2338,SAFE,False,2,6,,,,,,
1771436122.122,0.1,,,,,,,,,,,,,,,0.2338,SAFE,,1,,t2560_0,0.54,NORMAL,LOCAL,SAFE: all tasks permitted (weight=0.54),
1771436122.122,0.1,71.59,4.7370,1.218,44.2,5,,,0.02889,0.4392,0.0000,0.5135,0.0000,0.2889,0.3842,0.2252,SAFE,False,1,7,,,,,,
1771436122.122,0.1,,,,,,,,,,,,,,,0.2252,SAFE,,0,,t2561_0,0.78,HIGH,LOCAL,SAFE: all tasks permitted (weight=0.78),
1771436122.122,0.1,,,,,,,,,,,,,,,0.2252,SAFE,,0,,t2561_1,0.30,NORMAL,OFFLOAD,"Budget exhausted (B=0), offloading. Original: SAFE: all tasks permitted (weight=0.30)",
1771436122.122,0.1,72.96,4.7066,1.312,50.9,5,,,0.03235,0.5310,0.0000,0.6516,0.0000,0.3235,0.4311,0.2670,WARNING,False,0,8,,,,,,
1771436122.122,0.1,,,,,,,,,,,,,,,0.2670,WARNING,,0,,t2562_0,0.32,LOW,OFFLOAD,WARNING: heavy task offloaded (weight=0.32 >= 0.3),
1771436122.122,0.1,73.10,4.6999,1.265,47.5,5,,,0.03569,0.5403,0.0000,0.6824,0.0000,0.3569,0.4076,0.2708,WARNING,False,0,8,,,,,,
1771436122.122,0.1,,,,,,,,,,,,,,,0.2708,WARNING,,0,,t2563_0,0.40,NORMAL,OFFLOAD,WARNING: heavy task offloaded (weight=0.40 >= 0.3),
1771436122.122,0.1,73.22,4.7593,1.222,44.4,5,,,0.03489,0.5482,0.0000,0.4122,0.0000,0.3489,0.3858,0.2314,WARNING,False,7,0,,,,,,window_reset|B=7
1771436122.122,0.1,,,,,,,,,,,,,,,0.2314,WARNING,,7,,t2564_0,0.75,CRITICAL,OFFLOAD,WARNING: heavy task offloaded (weight=0.75 >= 0.3),
1771436122.122,0.1,,,,,,,,,,,,,,,0.2314,WARNING,,6,,t2564_1,0.23,NORMAL,LOCAL,WARNING: lightweight task permitted (weight=0.23 < 0.3),
1771436122.122,0.1,73.79,4.7494,1.221,44.4,5,,,0.03314,0.5860,0.0000,0.4575,0.0000,0.3314,0.3855,0.2400,WARNING,False,6,1,,,,,,
1771436122.122,0.1,73.09,4.7701,1.180,41.5,4,,,0.03281,0.5390,0.0000,0.3630,0.0000,0.3281,0.3502,0.2147,WARNING,False,6,1,,,,,,
1771436122.122,0.1,73.42,4.7593,1.143,38.8,4,,,0.03027,0.5615,0.0000,0.4125,0.0000,0.3027,0.3314,0.2175,WARNING,False,6,1,,,,,,
1771436122.122,0.1,73.64,4.7585,1.108,36.3,4,,,0.02948,0.5758,0.0000,0.4158,0.0000,0.2948,0.3139,0.2154,WARNING,False,6,1,,,,,,
1771436122.122,0.1,73.19,4.7778,1.075,33.9,3,,,0.03021,0.5457,0.0000,0.3281,0.0000,0.3021,0.2826,0.1949,WARNING,False,6,1,,,,,,
1771436122.122,0.1,73.18,4.8335,1.045,31.8,3,,,0.03430,0.5451,0.0000,0.0750,0.0000,0.3430,0.2674,0.1629,SAFE,False,6,1,,,,,,
1771436122.122,0.1,,,,,,,,,,,,,,,0.1629,SAFE,,5,,t2570_0,0.23,HIGH,LOCAL,SAFE: all tasks permitted (weight=0.23),
1771436122.122,0.1,73.25,4.7506,1.055,32.5,3,,,0.03398,0.5502,0.0000,0.4519,0.0000,0.3398,0.2727,0.2133,SAFE,False,5,2,,,,,,
1771436122.122,0.1,,,,,,,,,,,,,,,0.2133,SAFE,,4,,t2571_0,0.40,HIGH,LOCAL,SAFE: all tasks permitted (weight=0.40),
1771436122.122,0.1,73.08,4.7723,1.095,35.3,4,,,0.03291,0.5386,0.0000,0.3532,0.0000,0.3291,0.3073,0.2049,SAFE,False,4,3,,,,,,
1771436122.122,0.1,,,,,,,,,,,,,,,0.2049,SAFE,,3,,t2572_0,0.35,NORMAL,LOCAL,SAFE: all tasks permitted (weight=0.35),
1771436122.122,0.1,,,,,,,,,,,,,,,0.2049,SAFE,,2,,t2572_1,0.73,CRITICAL,LOCAL,SAFE: all tasks permitted (weight=0.73),
1771436122.123,0.1,72.85,4.7216,1.248,46.3,5,-56072.273,-27.66566,0.03392,0.5234,0.0000,0.5838,1.0000,0.3392,0.3990,0.4524,WARNING,False,2,5,,,,,,
1771436122.123,0.1,73.30,4.7051,1.206,43.3,5,13040.629,-64.76651,0.03411,0.5536,1.0000,0.6587,1.0000,0.3411,0.3778,0.7117,CRITICAL,False,2,5,,,,,,
1771436122.123,0.1,73.19,4.7609,1.166,40.4,4,-14135.055,1.64722,0.02982,0.5457,0.0000,0.4050,0.0000,0.2982,0.3431,0.2166,WARNING,False,2,5,,,,,,
1771436122.123,0.1,73.21,4.7483,1.129,37.8,4,-25449.859,-10.19174,0.03000,0.5474,0.0000,0.4624,1.0000,0.3000,0.3247,0.4207,WARNING,False,2,5,,,,,,
1771436122.123,0.1,,,,,,,,,,,,,,,0.4207,WARNING,,2,,t2576_0,0.68,NORMAL,OFFLOAD,WARNING: heavy task offloaded (weight=0.68 >= 0.3),
1771436122.123,0.1,73.52,4.7395,1.095,35.4,4,19901.123,-38.12680,0.03038,0.5679,1.0000,0.5022,1.0000,0.3038,0.3077,0.6754,CRITICAL,False,2,5,,,,,,
1771436122.123,0.1,72.98,4.7393,1.064,33.1,3,-11840.819,-93.73078,0.03056,0.5319,0.0000,0.5031,1.0000,0.3056,0.2768,0.4151,WARNING,False,2,5,,,,,,
1771436122.123,0.1,,,,,,,,,,,,,,,0.4151,WARNING,,1,,t2578_0,0.28,NORMAL,LOCAL,WARNING: lightweight task permitted (weight=0.28 < 0.3),
1771436122.123,0.1,72.99,4.6558,1.082,34.5,3,-15735.435,-94.34234,0.04108,0.5326,0.0000,0.8827,1.0000,0.4108,0.2862,0.4770,WARNING,False,5,0,,,,,,window_reset|B=5
1771436122.123,0.1,,,,,,,,,,,,,,,0.4770,WARNING,,5,,t2579_0,0.70,NORMAL,OFFLOAD,WARNING: heavy task offloaded (weight=0.70 >= 0.3),
1771436122.123,0.1,72.96,4.7379,1.052,32.3,3,-7103.526,-34.25718,0.04099,0.5307,0.0000,0.5097,1.0000,0.4099,0.2708,0.4251,WARNING,False,5,0,,,,,,
1771436122.123,0.1,,,,,,,,,,,,,,,0.4251,WARNING,,5,,t2580_0,0.83,NORMAL,OFFLOAD,WARNING: heavy task offloaded (weight=0.83 >= 0.3),
1771436122.123,0.1,,,,,,,,,,,,,,,0.4251,WARNING,,5,,t2580_1,0.77,LOW,OFFLOAD,WARNING: heavy task offloaded (weight=0.77 >= 0.3),
1771436122.123,0.1,72.71,4.8004,1.023,30.2,3,,,0.04291,0.5141,0.0000,0.2256,0.0000,0.4291,0.2565,0.1852,WARNING,False,5,0,,,,,,
1771436122.123,0.1,,,,,,,,,,,,,,,0.1852,WARNING,,5,,t2581_0,0.42,LOW,OFFLOAD,WARNING: heavy task offloaded (weight=0.42 >= 0.3),
1771436122.123,0.1,,,,,,,,,,,,,,,0.1852,WARNING,,5,,t2581_1,0.48,LOW,OFFLOAD,WARNING: heavy task offloaded (weight=0.48 >= 0.3),
1771436122.123,0.1,72.75,4.8000,0.996,28.3,3,,,0.03801,0.5165,0.0000,0.2273,0.0000,0.3801,0.2431,0.1782,SAFE,False,5,0,,,,,,
1771436122.123,0.1,,,,,,,,,,,,,,,0.1782,SAFE,,4,,t2582_0,0.84,LOW,LOCAL,SAFE: all tasks permitted (weight=0.84),
1771436122.123,0.1,72.36,4.7535,1.115,36.8,4,,,0.03806,0.4905,0.0000,0.4385,0.0000,0.3806,0.3175,0.2174,SAFE,False,4,1,,,,,,
1771436122.123,0.1,,,,,,,,,,,,,,,0.2174,SAFE,,3,,t2583_0,0.35,CRITICAL,LOCAL,SAFE: all tasks permitted (weight=0.35),
1771436122.123,0.1,,,,,,,,,,,,,,,0.2174,SAFE,,2,,t2583_1,0.55,NORMAL,LOCAL,SAFE: all tasks permitted (weight=0.55),
1771436122.123,0.1,72.82,4.6890,1.236,45.5,5,,,0.03992,0.5211,0.0000,0.7320,0.0000,0.3992,0.3932,0.2762,WARNING,False,2,3,,,,,,
1771436122.123,0.1,72.92,4.7602,1.195,42.5,4,,,0.04005,0.5282,0.0000,0.4083,0.0000,0.4005,0.3574,0.2280,WARNING,False,2,3,,,,,,
1771436122.123,0.1,,,,,,,,,,,,,,,0.2280,WARNING,,2,,t2585_0,0.39,NORMAL,OFFLOAD,WARNING: heavy task offloaded (weight=0.39 >= 0.3),
1771436122.123,0.1,72.64,4.7773,1.156,39.7,4,,,0.03965,0.5090,0.0000,0.3304,0.0000,0.3965,0.3381,0.2113,WARNING,False,2,3,,,,,,
1771436122.123,0.1,,,,,,,,,,,,,,,0.2113,WARNING,,2,,t2586_0,0.34,LOW,OFFLOAD,WARNING: heavy task offloaded (weight=0.34 >= 0.3),
1771436122.123,0.1,72.90,4.7889,1.120,37.2,4,,,0.04121,0.5266,0.0000,0.2776,0.0000,0.4121,0.3201,0.2045,WARNING,False,2,3,,,,,,
1771436122.123,0.1,72.88,4.7838,1.087,34.8,3,,,0.04230,0.5252,0.0000,0.3009,0.0000,0.4230,0.2883,0.2021,WARNING,False,2,3,,,,,,
1771436122.123,0.1,72.74,4.8008,1.056,32.5,3,,,0.04413,0.5162,0.0000,0.2235,0.0000,0.4413,0.2728,0.1897,WARNING,False,2,3,,,,,,
1771436122.123,0.1,72.18,4.8057,1.027,30.5,3,,,0.04567,0.4784,0.0000,0.2016,0.0000,0.4567,0.2583,0.1809,WARNING,False,2,3,,,,,,
1771436122.123,0.1,72.39,4.7756,1.000,28.5,3,,,0.03234,0.4927,0.0000,0.3382,0.0000,0.3234,0.2448,0.1844,WARNING,False,2,3,,,,,,
1771436122.123,0.1,,,,,,,,,,,,,,,0.1844,WARNING,,2,,t2591_0,0.61,HIGH,OFFLOAD,WARNING: heavy task offloaded (weight=0.61 >= 0.3),
1771436122.123,0.1,72.16,4.8122,0.975,26.8,2,,,0.03219,0.4773,0.0000,0.1717,0.0000,0.3219,0.2173,0.1552,SAFE,False,2,3,,,,,,
1771436122.123,0.1,,,,,,,,,,,,,,,0.1552,SAFE,,1,,t2592_0,0.53,LOW,LOCAL,SAFE: all tasks permitted (weight=0.53),
1771436122.123,0.1,71.14,4.7559,1.042,31.6,3,,,0.03207,0.4093,0.0000,0.4275,0.0000,0.3207,0.2659,0.1899,SAFE,False,1,4,,,,,,
1771436122.123,0.1,,,,,,,,,,,,,,,0.1899,SAFE,,0,,t2593_0,0.31,LOW,LOCAL,SAFE: all tasks permitted (weight=0.31),
1771436122.123,0.1,70.86,4.7658,1.067,33.4,3,,,0.03125,0.3908,0.0000,0.3825,0.0000,0.3125,0.2787,0.1836,SAFE,False,8,0,,,,,,window_reset|B=8
1771436122.123,0.1,71.98,4.8309,1.038,31.3,3,,,0.03451,0.4654,0.0000,0.0867,0.0000,0.3451,0.2638,0.1544,SAFE,False,8,0,,,,,,
1771436122.123,0.1,,,,,,,,,,,,,,,0.1544,SAFE,,7,,t2595_0,0.21,LOW,LOCAL,SAFE: all tasks permitted (weight=0.21),
1771436122.123,0.1,71.97,4.7837,1.045,31.8,3,,,0.02138,0.4644,0.0000,0.3012,0.0000,0.2138,0.2677,0.1698,SAFE,False,7,1,,,,,,
1771436122.123,0.1,71.80,4.7897,1.017,29.8,3,,,0.01982,0.4533,0.0000,0.2743,0.0000,0.1982,0.2536,0.1606,SAFE,False,7,1,,,,,,
1771436122.123,0.1,,,,,,,,,,,,,,,0.1606,SAFE,,6,,t2597_0,0.21,LOW,LOCAL,SAFE: all tasks permitted (weight=0.21),
1771436122.123,0.1,,,,,,,,,,,,,,,0.1606,SAFE,,5,,t2597_1,0.44,NORMAL,LOCAL,SAFE: all tasks permitted (weight=0.44),
1771436122.123,0.1,70.93,4.7377,1.104,36.0,4,,,0.02431,0.3950,0.0000,0.5104,0.0000,0.2431,0.3118,0.2004,SAFE,False,5,3,,,,,,
1771436122.123,0.1,71.48,4.7597,1.071,33.7,3,,,0.02533,0.4318,0.0000,0.4104,0.0000,0.2533,0.2806,0.1866,SAFE,False,5,3,,,,,,
1771436122.123,0.1,,,,,,,,,,,,,,,0.1866,SAFE,,4,,t2599_0,0.52,NORMAL,LOCAL,SAFE: all tasks permitted (weight=0.52),
1771436122.123,0.1,71.00,4.7432,1.132,38.0,4,,,0.02766,0.4003,0.0000,0.4854,0.0000,0.2766,0.3258,0.2040,SAFE,False,4,4,,,,,,
1771436122.124,0.1,,,,,,,,,,,,,,,0.2040,SAFE,,3,,t2600_0,0.82,CRITICAL,LOCAL,SAFE: all tasks permitted (weight=0.82),
1771436122.124,0.1,71.40,4.7163,1.238,45.6,5,15375.788,-39.68368,0.03192,0.4264,1.0000,0.6078,1.0000,0.3192,0.3939,0.6909,WARNING,False,3,5,,,,,,
1771436122.124,0.1,,,,,,,,,,,,,,,0.6909,WARNING,,3,,t2601_0,0.40,NORMAL,OFFLOAD,WARNING: heavy task offloaded (weight=0.40 >= 0.3),
1771436122.124,0.1,71.90,4.7396,1.196,42.6,4,62167.811,-26.28713,0.03152,0.4598,1.0000,0.5019,1.0000,0.3152,0.3580,0.6736,CRITICAL,False,3,5,,,,,,
1771436122.124,0.1,,,,,,,,,,,,,,,0.6736,CRITICAL,,3,,t2602_0,0.40,NORMAL,OFFLOAD,CRITICAL: non-critical task offloaded (priority=NORMAL),
1771436122.124,0.1,71.96,4.7416,1.157,39.8,4,-1271.441,-89.38656,0.03219,0.4640,0.0000,0.4928,1.0000,0.3219,0.3386,0.4197,WARNING,False,3,5,,,,,,
1771436122.124,0.1,,,,,,,,,,,,,,,0.4197,WARNING,,3,,t2603_0,0.36,CRITICAL,OFFLOAD,WARNING: heavy task offloaded (weight=0.36 >= 0.3),
1771436122.124,0.1,71.78,4.7347,1.121,37.2,4,-10904.263,-49.08203,0.02969,0.4523,0.0000,0.5242,1.0000,0.2969,0.3206,0.4162,WARNING,False,3,5,,,,,,
1771436122.124,0.1,71.54,4.7849,1.088,34.8,3,-15483.459,-4.78575,0.03056,0.4361,0.0000,0.2960,1.0000,0.3056,0.2888,0.3791,WARNING,False,3,5,,,,,,
1771436122.124,0.1,71.64,4.7883,1.056,32.6,3,43142.876,50.59686,0.03150,0.4430,1.0000,0.2805,0.0000,0.3150,0.2732,0.4258,WARNING,False,3,5,,,,,,
1771436122.124,0.1,,,,,,,,,,,,,,,0.4258,WARNING,,3,,t2606_0,0.62,HIGH,OFFLOAD,WARNING: heavy task offloaded (weight=0.62 >= 0.3),
1771436122.124,0.1,70.88,4.7652,1.027,30.5,3,-35650.667,5.50827,0.02393,0.3922,0.0000,0.3854,0.0000,0.2393,0.2587,0.1728,SAFE,False,3,5,,,,,,
1771436122.124,0.1,71.17,4.8124,1.000,28.6,3,10019.891,69.21750,0.02762,0.4114,1.0000,0.1710,0.0000,0.2762,0.2452,0.3983,WARNING,False,3,5,,,,,,
1771436122.124,0.1,,,,,,,,,,,,,,,0.3983,WARNING,,3,,t2608_0,0.54,NORMAL,OFFLOAD,WARNING: heavy task offloaded (weight=0.54 >= 0.3),
1771436122.124,0.1,71.08,4.7856,0.975,26.8,2,,,0.02727,0.4055,0.0000,0.2928,0.0000,0.2727,0.2177,0.1575,SAFE,False,8,0,,,,,,window_reset|B=8
1771436122.124,0.1,70.65,4.8022,0.952,25.1,2,,,0.02883,0.3766,0.0000,0.2175,0.0000,0.2883,0.2060,0.1435,SAFE,False,8,0,,,,,,
1771436122.124,0.1,,,,,,,,,,,,,,,0.1435,SAFE,,7,,t2610_0,0.66,LOW,LOCAL,SAFE: all tasks permitted (weight=0.66),
1771436122.124,0.1,70.85,4.7726,1.045,31.8,3,,,0.02887,0.3903,0.0000,0.3518,0.0000,0.2887,0.2675,0.1749,SAFE,False,7,1,,,,,,
1771436122.124,0.1,69.92,4.7845,1.017,29.8,3,,,0.02846,0.3283,0.0000,0.2976,0.0000,0.2846,0.2534,0.1572,SAFE,False,7,1,,,,,,
1771436122.124,0.1,,,,,,,,,,,,,,,0.1572,SAFE,,6,,t2612_0,0.81,HIGH,LOCAL,SAFE: all tasks permitted (weight=0.81),
1771436122.124,0.1,70.62,4.7929,1.131,37.9,4,,,0.02420,0.3746,0.0000,0.2597,0.0000,0.2420,0.3253,0.1680,SAFE,False,6,2,,,,,,
1771436122.124,0.1,70.38,4.7591,1.096,35.5,4,,,0.02232,0.3588,0.0000,0.4131,0.0000,0.2232,0.3082,0.1807,SAFE,False,6,2,,,,,,
1771436122.124,0.1,,,,,,,,,,,,,,,0.1807,SAFE,,5,,t2614_0,0.74,NORMAL,LOCAL,SAFE: all tasks permitted (weight=0.74),
1771436122.124,0.1,,,,,,,,,,,,,,,0.1807,SAFE,,4,,t2614_1,0.41,HIGH,LOCAL,SAFE: all tasks permitted (weight=0.41),
1771436122.124,0.1,70.86,4.7223,1.264,47.5,5,,,0.02531,0.3909,0.0000,0.5804,0.0000,0.2531,0.4072,0.2291,SAFE,False,4,4,,,,,,
1771436122.124,0.1,,,,,,,,,,,,,,,0.2291,SAFE,,3,,t2615_0,0.79,NORMAL,LOCAL,SAFE: all tasks permitted (weight=0.79),
1771436122.124,0.1,71.51,4.7002,1.357,54.1,6,,,0.03107,0.4339,0.0000,0.6809,0.0000,0.3107,0.4686,0.2654,WARNING,False,3,5,,,,,,
1771436122.124,0.1,,,,,,,,,,,,,,,0.2654,WARNING,,3,,t2616_0,0.84,LOW,OFFLOAD,WARNING: heavy task offloaded (weight=0.84 >= 0.3),
1771436122.124,0.1,71.80,4.7201,1.307,50.5,5,,,0.03394,0.4533,0.0000,0.5902,0.0000,0.3394,0.4286,0.2508,WARNING,False,3,5,,,,,,
1771436122.124,0.1,71.45,4.6981,1.261,47.2,5,,,0.03815,0.4301,0.0000,0.6907,0.0000,0.3815,0.4053,0.2606,WARNING,False,3,5,,,,,,
1771436122.124,0.1,72.11,4.7431,1.217,44.1,5,,,0.03837,0.4737,0.0000,0.4861,0.0000,0.3837,0.3836,0.2351,WARNING,False,3,5,,,,,,
1771436122.124,0.1,,,,,,,,,,,,,,,0.2351,WARNING,,3,,t2619_0,0.43,HIGH,OFFLOAD,WARNING: heavy task offloaded (weight=0.43 >= 0.3),
1771436122.124,0.1,72.01,4.7787,1.177,41.2,4,,,0.03538,0.4676,0.0000,0.3242,0.0000,0.3538,0.3485,0.2033,WARNING,False,3,5,,,,,,
1771436122.124,0.1,,,,,,,,,,,,,,,0.2033,WARNING,,3,,t2620_0,0.80,HIGH,OFFLOAD,WARNING: heavy task offloaded (weight=0.80 >= 0.3),
1771436122.124,0.1,72.33,4.7726,1.140,38.5,4,,,0.03462,0.4885,0.0000,0.3516,0.0000,0.3462,0.3298,0.2049,WARNING,False,3,5,,,,,,
1771436122.124,0.1,71.79,4.7779,1.105,36.1,4,,,0.03237,0.4530,0.0000,0.3279,0.0000,0.3237,0.3124,0.1918,WARNING,False,3,5,,,,,,
1771436122.124,0.1,72.14,4.7704,1.072,33.7,3,,,0.03226,0.4760,0.0000,0.3619,0.0000,0.3226,0.2812,0.1927,WARNING,False,3,5,,,,,,
1771436122.124,0.1,71.84,4.7940,1.042,31.6,3,,,0.03316,0.4558,0.0000,0.2547,0.0000,0.3316,0.2661,0.1742,SAFE,False,8,0,,,,,,window_reset|B=8
1771436122.124,0.1,71.32,4.7947,1.014,29.6,3,,,0.03335,0.4211,0.0000,0.2514,0.0000,0.3335,0.2521,0.1670,SAFE,False,8,0,,,,,,
1771436122.124,0.1,71.81,4.7739,0.988,27.7,3,,,0.03384,0.4542,0.0000,0.3458,0.0000,0.3384,0.2391,0.1811,SAFE,False,8,0,,,,,,
1771436122.124,0.1,,,,,,,,,,,,,,,0.1811,SAFE,,7,,t2626_0,0.53,NORMAL,LOCAL,SAFE: all tasks permitted (weight=0.53),
1771436122.124,0.1,71.06,4.8090,1.056,32.6,3,,,0.03554,0.4039,0.0000,0.1865,0.0000,0.3554,0.2729,0.1628,SAFE,False,7,1,,,,,,
1771436122.124,0.1,71.70,4.7802,1.027,30.5,3,,,0.03067,0.4468,0.0000,0.3173,0.0000,0.3067,0.2584,0.1772,SAFE,False,7,1,,,,,,
1771436122.124,0.1,,,,,,,,,,,,,,,0.1772,SAFE,,6,,t2628_0,0.70,HIGH,LOCAL,SAFE: all tasks permitted (weight=0.70),
1771436122.124,0.1,71.33,4.7484,1.121,37.2,4,,,0.02789,0.4222,0.0000,0.4620,0.0000,0.2789,0.3204,0.2027,SAFE,False,6,2,,,,,,
1771436122.124,0.1,,,,,,,,,,,,,,,0.2027,SAFE,,5,,t2629_0,0.32,HIGH,LOCAL,SAFE: all tasks permitted (weight=0.32),
1771436122.124,0.1,71.15,4.7629,1.142,38.7,4,,,0.01791,0.4097,0.0000,0.3957,0.0000,0.1791,0.3312,0.1848,SAFE,False,5,3,,,,,,
1771436122.124,0.1,,,,,,,,,,,,,,,0.1848,SAFE,,4,,t2630_0,0.72,NORMAL,LOCAL,SAFE: all tasks permitted (weight=0.72),
1771436122.124,0.1,71.78,4.7363,1.232,45.1,5,,,0.01899,0.4520,0.0000,0.5167,0.0000,0.1899,0.3910,0.2186,SAFE,False,4,4,,,,,,
1771436122.125,0.1,71.88,4.7543,1.191,42.2,4,2358.935,-39.65708,0.01977,0.4584,1.0000,0.4349,1.0000,0.1977,0.3553,0.6524,WARNING,False,4,4,,,,,,
1771436122.125,0.1,71.35,4.7542,1.152,39.4,4,1916.453,-40.51725,0.02043,0.4232,1.0000,0.4356,1.0000,0.2043,0.3361,0.6451,CRITICAL,False,4,4,,,,,,
1771436122.125,0.1,,,,,,,,,,,,,,,0.6451,CRITICAL,,4,,t2633_0,0.78,NORMAL,OFFLOAD,CRITICAL: non-critical task offloaded (priority=NORMAL),
1771436122.125,0.1,72.47,4.7430,1.117,36.9,4,39326.151,-30.96334,0.02174,0.4979,1.0000,0.4865,1.0000,0.2174,0.3183,0.6584,CRITICAL,False,4,4,,,,,,
1771436122.125,0.1,71.53,4.7909,1.083,34.5,3,28555.719,-18.03005,0.02262,0.4356,1.0000,0.2685,1.0000,0.2262,0.2867,0.6171,CRITICAL,False,4,4,,,,,,
1771436122.125,0.1,,,,,,,,,,,,,,,0.6171,CRITICAL,,4,,t2635_0,0.44,NORMAL,OFFLOAD,CRITICAL: non-critical task offloaded (priority=NORMAL),
1771436122.125,0.1,71.41,4.7739,1.052,32.3,3,-17606.047,-6.27670,0.02151,0.4272,0.0000,0.3458,1.0000,0.2151,0.2712,0.3720,WARNING,False,4,4,,,,,,
1771436122.125,0.1,,,,,,,,,,,,,,,0.3720,WARNING,,3,,t2636_0,0.22,HIGH,LOCAL,WARNING: lightweight task permitted (weight=0.22 < 0.3),
1771436122.125,0.1,71.84,4.7724,1.061,32.9,3,30462.382,24.04472,0.02008,0.4561,1.0000,0.3527,0.0000,0.2008,0.2756,0.4258,WARNING,False,3,5,,,,,,
1771436122.125,0.1,71.55,4.8093,1.032,30.8,3,24446.896,46.35447,0.02328,0.4369,1.0000,0.1850,0.0000,0.2328,0.2609,0.4019,WARNING,False,3,5,,,,,,
1771436122.125,0.1,71.67,4.7834,1.004,28.9,3,-6469.654,47.07814,0.02059,0.4448,0.0000,0.3028,0.0000,0.2059,0.2472,0.1628,SAFE,False,8,0,,,,,,window_reset|B=8
1771436122.125,0.1,,,,,,,,,,,,,,,0.1628,SAFE,,7,,t2639_0,0.38,HIGH,LOCAL,SAFE: all tasks permitted (weight=0.38),
1771436122.125,0.1,70.70,4.7884,1.045,31.8,3,,,0.02113,0.3798,0.0000,0.2798,0.0000,0.2113,0.2677,0.1566,SAFE,False,7,1,,,,,,
1771436122.125,0.1,,,,,,,,,,,,,,,0.1566,SAFE,,6,,t2640_0,0.63,HIGH,LOCAL,SAFE: all tasks permitted (weight=0.63),
1771436122.125,0.1,,,,,,,,,,,,,,,0.1566,SAFE,,5,,t2640_1,0.65,CRITICAL,LOCAL,SAFE: all tasks permitted (weight=0.65),
1771436122.125,0.1,,,,,,,,,,,,,,,0.1566,SAFE,,4,,t2640_2,0.75,NORMAL,LOCAL,SAFE: all tasks permitted (weight=0.75),
1771436122.125,0.1,,,,,,,,,,,,,,,0.1566,SAFE,,3,,t2640_3,0.33,NORMAL,LOCAL,SAFE: all tasks permitted (weight=0.33),
1771436122.125,0.1,71.31,4.6261,1.428,59.1,7,,,0.04463,0.4204,0.0000,1.0000,0.0000,0.4463,0.5189,0.3289,WARNING,False,3,5,,,,,,FAILURE:BROWNOUT(V=4.626V)
1771436122.125,0.1,72.15,4.6936,1.373,55.2,6,,,0.04797,0.4769,0.0000,0.7110,0.0000,0.4797,0.4764,0.2929,WARNING,False,3,5,,,,,,
1771436122.125,0.1,,,,,,,,,,,,,,,0.2929,WARNING,,3,,t2642_0,0.64,CRITICAL,OFFLOAD,WARNING: heavy task offloaded (weight=0.64 >= 0.3),
1771436122.125,0.1,,,,,,,,,,,,,,,0.2929,WARNING,,3,,t2642_1,0.59,NORMAL,OFFLOAD,WARNING: heavy task offloaded (weight=0.59 >= 0.3),
1771436122.125,0.1,72.19,4.6770,1.322,51.5,6,,,0.05222,0.4793,0.0000,0.7864,0.0000,0.5222,0.4508,0.3021,WARNING,False,3,5,,,,,,
1771436122.125,0.1,,,,,,,,,,,,,,,0.3021,WARNING,,3,,t2643_0,0.73,NORMAL,OFFLOAD,WARNING: heavy task offloaded (weight=0.73 >= 0.3),
1771436122.125,0.1,72.61,4.7028,1.274,48.1,5,,,0.05356,0.5072,0.0000,0.6691,0.0000,0.5356,0.4120,0.2838,WARNING,False,3,5,,,,,,
1771436122.125,0.1,72.83,4.7150,1.230,45.0,5,,,0.05397,0.5219,0.0000,0.6137,0.0000,0.5397,0.3899,0.2744,WARNING,False,3,5,,,,,,
1771436122.125,0.1,73.57,4.7305,1.189,42.0,4,,,0.05401,0.5715,0.0000,0.5434,0.0000,0.5401,0.3543,0.2641,WARNING,False,3,5,,,,,,
1771436122.125,0.1,73.11,4.7244,1.150,39.3,4,,,0.05172,0.5407,0.0000,0.5707,0.0000,0.5172,0.3352,0.2578,WARNING,False,3,5,,,,,,
1771436122.125,0.1,72.70,4.7811,1.115,36.8,4,,,0.05223,0.5137,0.0000,0.3132,0.0000,0.5223,0.3174,0.2181,WARNING,False,3,5,,,,,,
1771436122.125,0.1,72.74,4.7741,1.082,34.4,3,,,0.05233,0.5163,0.0000,0.3450,0.0000,0.5233,0.2859,0.2163,WARNING,False,3,5,,,,,,
1771436122.125,0.1,,,,,,,,,,,,,,,0.2163,WARNING,,3,,t2649_0,0.66,NORMAL,OFFLOAD,WARNING: heavy task offloaded (weight=0.66 >= 0.3),
1771436122.125,0.1,,,,,,,,,,,,,,,0.2163,WARNING,,3,,t2649_1,0.59,CRITICAL,OFFLOAD,WARNING: heavy task offloaded (weight=0.59 >= 0.3),
1771436122.125,0.1,72.91,4.7716,1.051,32.2,3,,,0.04871,0.5273,0.0000,0.3566,0.0000,0.4871,0.2705,0.2124,WARNING,False,3,5,,,,,,
1771436122.125,0.1,73.05,4.7873,1.022,30.2,3,,,0.04908,0.5365,0.0000,0.2849,0.0000,0.4908,0.2562,0.2017,WARNING,False,3,5,,,,,,
1771436122.125,0.1,72.28,4.8188,0.996,28.3,3,,,0.05263,0.4854,0.0000,0.1419,0.0000,0.5263,0.2428,0.1779,SAFE,False,3,5,,,,,,
1771436122.125,0.1,,,,,,,,,,,,,,,0.1779,SAFE,,2,,t2652_0,0.23,NORMAL,LOCAL,SAFE: all tasks permitted (weight=0.23),
1771436122.125,0.1,72.18,4.7894,1.010,29.3,3,,,0.04339,0.4786,0.0000,0.2755,0.0000,0.4339,0.2500,0.1866,SAFE,False,2,6,,,,,,
1771436122.125,0.1,,,,,,,,,,,,,,,0.1866,SAFE,,1,,t2653_0,0.62,NORMAL,LOCAL,SAFE: all tasks permitted (weight=0.62),
1771436122.125,0.1,72.19,4.7546,1.092,35.1,4,,,0.04028,0.4796,0.0000,0.4338,0.0000,0.4028,0.3059,0.2154,SAFE,False,7,0,,,,,,window_reset|B=7
1771436122.125,0.1,,,,,,,,,,,,,,,0.2154,SAFE,,6,,t2654_0,0.29,LOW,LOCAL,SAFE: all tasks permitted (weight=0.29),
1771436122.125,0.1,,,,,,,,,,,,,,,0.2154,SAFE,,5,,t2654_1,0.54,LOW,LOCAL,SAFE: all tasks permitted (weight=0.54),
1771436122.125,0.1,72.29,4.6879,1.206,43.3,5,,,0.03866,0.4859,0.0000,0.7368,0.0000,0.3866,0.3779,0.2683,WARNING,False,5,2,,,,,,
1771436122.125,0.1,,,,,,,,,,,,,,,0.2683,WARNING,,5,,t2655_0,0.65,LOW,OFFLOAD,WARNING: heavy task offloaded (weight=0.65 >= 0.3),
1771436122.125,0.1,72.05,4.8077,1.166,40.4,4,,,0.03815,0.4703,0.0000,0.1924,0.0000,0.3815,0.3431,0.1882,WARNING,False,5,2,,,,,,
1771436122.125,0.1,72.50,4.7621,1.130,37.8,4,,,0.03545,0.4997,0.0000,0.3997,0.0000,0.3545,0.3248,0.2123,WARNING,False,5,2,,,,,,
1771436122.125,0.1,71.90,4.7666,1.095,35.4,4,,,0.03382,0.4601,0.0000,0.3790,0.0000,0.3382,0.3077,0.1998,WARNING,False,5,2,,,,,,
1771436122.125,0.1,,,,,,,,,,,,,,,0.1998,WARNING,,5,,t2658_0,0.75,LOW,OFFLOAD,WARNING: heavy task offloaded (weight=0.75 >= 0.3),
1771436122.125,0.1,72.37,4.7973,1.064,33.1,3,,,0.03179,0.4914,0.0000,0.2396,0.0000,0.3179,0.2768,0.1773,SAFE,False,5,2,,,,,,
1771436122.126,0.1,,,,,,,,,,,,,,,0.1773,SAFE,,4,,t2659_0,0.43,LOW,LOCAL,SAFE: all tasks permitted (weight=0.43),
1771436122.126,0.1,72.27,4.7799,1.110,36.4,4,-505.434,-38.86748,0.03178,0.4849,0.0000,0.3186,1.0000,0.3178,0.3148,0.3943,WARNING,False,4,3,,,,,,
1771436122.126,0.1,71.61,4.7881,1.077,34.1,3,-34015.897,-1.29373,0.03199,0.4408,0.0000,0.2814,1.0000,0.3199,0.2834,0.3781,WARNING,False,4,3,,,,,,
1771436122.126,0.1,72.19,4.7906,1.046,31.9,3,-345.839,35.98749,0.03220,0.4792,0.0000,0.2702,0.0000,0.3220,0.2682,0.1785,SAFE,False,4,3,,,,,,
1771436122.126,0.1,71.80,4.8350,1.018,29.9,3,-29289.421,147.08130,0.03590,0.4534,0.0000,0.0681,0.0000,0.3590,0.2540,0.1500,SAFE,False,4,3,,,,,,
1771436122.126,0.1,,,,,,,,,,,,,,,0.1500,SAFE,,3,,t2663_0,0.25,HIGH,LOCAL,SAFE: all tasks permitted (weight=0.25),
1771436122.126,0.1,,,,,,,,,,,,,,,0.1500,SAFE,,2,,t2663_1,0.45,HIGH,LOCAL,SAFE: all tasks permitted (weight=0.45),
1771436122.126,0.1,71.54,4.7465,1.114,36.7,4,-30685.353,-61.14498,0.03519,0.4362,0.0000,0.4704,1.0000,0.3519,0.3172,0.4121,WARNING,False,2,5,,,,,,
1771436122.126,0.1,,,,,,,,,,,,,,,0.4121,WARNING,,1,,t2664_0,0.26,HIGH,LOCAL,WARNING: lightweight task permitted (weight=0.26 < 0.3),
1771436122.126,0.1,71.98,4.7765,1.127,37.6,4,-30829.731,14.43128,0.03494,0.4654,0.0000,0.3341,0.0000,0.3494,0.3235,0.1989,WARNING,False,1,6,,,,,,
1771436122.126,0.1,,,,,,,,,,,,,,,0.1989,WARNING,,1,,t2665_0,0.80,NORMAL,OFFLOAD,WARNING: heavy task offloaded (weight=0.80 >= 0.3),
1771436122.126,0.1,71.77,4.7903,1.093,35.2,4,-7853.129,23.66961,0.03465,0.4514,0.0000,0.2714,0.0000,0.3465,0.3065,0.1854,WARNING,False,1,6,,,,,,
1771436122.126,0.1,71.28,4.7858,1.061,33.0,3,-65483.441,-11.52201,0.02175,0.4187,0.0000,0.2919,1.0000,0.2175,0.2757,0.3651,WARNING,False,1,6,,,,,,
1771436122.126,0.1,72.05,4.8022,1.032,30.9,3,,,0.02133,0.4698,0.0000,0.2173,0.0000,0.2133,0.2610,0.1582,SAFE,False,1,6,,,,,,
1771436122.126,0.1,,,,,,,,,,,,,,,0.1582,SAFE,,0,,t2668_0,0.59,NORMAL,LOCAL,SAFE: all tasks permitted (weight=0.59),
1771436122.126,0.1,70.80,4.7383,1.108,36.3,4,,,0.02428,0.3870,0.0000,0.5078,0.0000,0.2428,0.3142,0.1996,SAFE,False,8,0,,,,,,window_reset|B=8
1771436122.126,0.1,71.48,4.7762,1.076,34.0,3,,,0.02388,0.4319,0.0000,0.3353,0.0000,0.2388,0.2828,0.1759,SAFE,False,8,0,,,,,,
1771436122.126,0.1,71.91,4.7835,1.045,31.8,3,,,0.02353,0.4605,0.0000,0.3021,0.0000,0.2353,0.2677,0.1716,SAFE,False,8,0,,,,,,
1771436122.126,0.1,,,,,,,,,,,,,,,0.1716,SAFE,,7,,t2671_0,0.46,NORMAL,LOCAL,SAFE: all tasks permitted (weight=0.46),
1771436122.126,0.1,71.11,4.7743,1.097,35.5,4,,,0.02364,0.4074,0.0000,0.3441,0.0000,0.2364,0.3083,0.1789,SAFE,False,7,1,,,,,,
1771436122.126,0.1,,,,,,,,,,,,,,,0.1789,SAFE,,6,,t2672_0,0.38,NORMAL,LOCAL,SAFE: all tasks permitted (weight=0.38),
1771436122.126,0.1,70.98,4.7926,1.131,37.9,4,,,0.02377,0.3988,0.0000,0.2607,0.0000,0.2377,0.3253,0.1706,SAFE,False,6,2,,,,,,
1771436122.126,0.1,,,,,,,,,,,,,,,0.1706,SAFE,,5,,t2673_0,0.79,NORMAL,LOCAL,SAFE: all tasks permitted (weight=0.79),
1771436122.126,0.1,71.92,4.6823,1.234,45.3,5,,,0.03630,0.4613,0.0000,0.7624,0.0000,0.3630,0.3919,0.2691,WARNING,False,5,3,,,,,,
1771436122.126,0.1,,,,,,,,,,,,,,,0.2691,WARNING,,5,,t2674_0,0.55,HIGH,OFFLOAD,WARNING: heavy task offloaded (weight=0.55 >= 0.3),
1771436122.126,0.1,71.69,4.7464,1.192,42.3,4,,,0.03180,0.4460,0.0000,0.4710,0.0000,0.3180,0.3562,0.2178,WARNING,False,5,3,,,,,,
1771436122.126,0.1,,,,,,,,,,,,,,,0.2178,WARNING,,5,,t2675_0,0.36,HIGH,OFFLOAD,WARNING: heavy task offloaded (weight=0.36 >= 0.3),
1771436122.126,0.1,71.76,4.7622,1.154,39.6,4,,,0.03128,0.4510,0.0000,0.3990,0.0000,0.3128,0.3369,0.2047,WARNING,False,5,3,,,,,,
1771436122.126,0.1,,,,,,,,,,,,,,,0.2047,WARNING,,5,,t2676_0,0.59,LOW,OFFLOAD,WARNING: heavy task offloaded (weight=0.59 >= 0.3),
1771436122.126,0.1,71.68,4.7333,1.118,37.0,4,,,0.03250,0.4454,0.0000,0.5303,0.0000,0.3250,0.3190,0.2187,WARNING,False,5,3,,,,,,
1771436122.126,0.1,,,,,,,,,,,,,,,0.2187,WARNING,,5,,t2677_0,0.73,HIGH,OFFLOAD,WARNING: heavy task offloaded (weight=0.73 >= 0.3),
1771436122.126,0.1,72.04,4.7946,1.085,34.6,3,,,0.03281,0.4696,0.0000,0.2519,0.0000,0.3281,0.2873,0.1794,SAFE,False,5,3,,,,,,
1771436122.126,0.1,,,,,,,,,,,,,,,0.1794,SAFE,,4,,t2678_0,0.39,NORMAL,LOCAL,SAFE: all tasks permitted (weight=0.39),
1771436122.126,0.1,71.71,4.7952,1.122,37.3,4,,,0.03342,0.4473,0.0000,0.2491,0.0000,0.3342,0.3212,0.1837,SAFE,False,4,4,,,,,,
1771436122.126,0.1,71.47,4.7942,1.089,34.9,3,,,0.03275,0.4312,0.0000,0.2537,0.0000,0.3275,0.2894,0.1753,SAFE,False,4,4,,,,,,
1771436122.126,0.1,71.35,4.7861,1.058,32.7,3,,,0.03223,0.4231,0.0000,0.2905,0.0000,0.3223,0.2738,0.1755,SAFE,False,4,4,,,,,,
1771436122.126,0.1,72.26,4.7872,1.028,30.6,3,,,0.03259,0.4839,0.0000,0.2853,0.0000,0.3259,0.2592,0.1796,SAFE,False,4,4,,,,,,
1771436122.126,0.1,,,,,,,,,,,,,,,0.1796,SAFE,,3,,t2682_0,0.78,NORMAL,LOCAL,SAFE: all tasks permitted (weight=0.78),
1771436122.126,0.1,71.84,4.7611,1.138,38.4,4,,,0.03237,0.4557,0.0000,0.4039,0.0000,0.3237,0.3291,0.2054,SAFE,False,3,5,,,,,,
1771436122.126,0.1,71.63,4.7520,1.103,36.0,4,,,0.03256,0.4422,0.0000,0.4454,0.0000,0.3256,0.3117,0.2059,SAFE,False,7,0,,,,,,window_reset|B=7
1771436122.126,0.1,,,,,,,,,,,,,,,0.2059,SAFE,,6,,t2684_0,0.33,NORMAL,LOCAL,SAFE: all tasks permitted (weight=0.33),
1771436122.126,0.1,71.33,4.7483,1.128,37.7,4,,,0.03179,0.4220,0.0000,0.4622,0.0000,0.3179,0.3242,0.2074,SAFE,False,6,1,,,,,,
1771436122.126,0.1,,,,,,,,,,,,,,,0.2074,SAFE,,5,,t2685_0,0.73,HIGH,LOCAL,SAFE: all tasks permitted (weight=0.73),
1771436122.126,0.1,72.03,4.7452,1.222,44.4,5,,,0.02185,0.4689,0.0000,0.4762,0.0000,0.2185,0.3859,0.2172,SAFE,False,5,2,,,,,,
1771436122.126,0.1,,,,,,,,,,,,,,,0.2172,SAFE,,4,,t2686_0,0.65,HIGH,LOCAL,SAFE: all tasks permitted (weight=0.65),
1771436122.126,0.1,,,,,,,,,,,,,,,0.2172,SAFE,,3,,t2686_1,0.68,HIGH,LOCAL,SAFE: all tasks permitted (weight=0.68),
1771436122.126,0.1,73.07,4.6458,1.413,58.1,6,,,0.03997,0.5379,0.0000,0.9280,0.0000,0.3997,0.4964,0.3245,WARNING,False,3,4,,,,,,
1771436122.127,0.1,73.08,4.6690,1.359,54.2,6,96676.728,-125.19159,0.04699,0.5386,1.0000,0.8225,1.0000,0.4699,0.4695,0.7624,CRITICAL,False,3,4,,,,,,
1771436122.127,0.1,73.04,4.7191,1.309,50.6,5,101752.087,-67.02595,0.04759,0.5361,1.0000,0.5951,1.0000,0.4759,0.4294,0.7252,CRITICAL,False,3,4,,,,,,
1771436122.127,0.1,72.68,4.7016,1.262,47.3,5,25094.141,-85.65545,0.04725,0.5118,1.0000,0.6745,1.0000,0.4725,0.4060,0.7276,CRITICAL,False,3,4,,,,,,
1771436122.127,0.1,,,,,,,,,,,,,,,0.7276,CRITICAL,,3,,t2690_0,0.48,NORMAL,OFFLOAD,CRITICAL: non-critical task offloaded (priority=NORMAL),
1771436122.127,0.1,73.72,4.7623,1.219,44.2,5,113349.724,1.18072,0.04499,0.5816,1.0000,0.3986,0.0000,0.4499,0.3843,0.4935,CRITICAL,False,3,4,,,,,,
1771436122.127,0.1,73.25,4.7228,1.178,41.3,4,96857.290,-29.25672,0.04196,0.5498,1.0000,0.5783,1.0000,0.4196,0.3492,0.7029,CRITICAL,False,3,4,,,,,,
1771436122.127,0.1,,,,,,,,,,,,,,,0.7029,CRITICAL,,3,,t2692_0,0.80,HIGH,OFFLOAD,CRITICAL: non-critical task offloaded (priority=HIGH),
1771436122.127,0.1,,,,,,,,,,,,,,,0.7029,CRITICAL,,2,,t2692_1,0.69,CRITICAL,LOCAL,CRITICAL: mission-critical task permitted locally (priority=CRITICAL),
1771436122.127,0.1,73.80,4.7431,1.262,47.3,5,147996.389,-5.18468,0.03904,0.5864,1.0000,0.4858,1.0000,0.3904,0.4060,0.7038,CRITICAL,False,2,5,,,,,,
1771436122.127,0.1,73.65,4.7205,1.219,44.2,5,97214.953,-24.71035,0.03501,0.5768,1.0000,0.5885,1.0000,0.3501,0.3843,0.7076,CRITICAL,False,2,5,,,,,,
1771436122.127,0.1,,,,,,,,,,,,,,,0.7076,CRITICAL,,2,,t2694_0,0.26,HIGH,OFFLOAD,CRITICAL: non-critical task offloaded (priority=HIGH),
1771436122.127,0.1,,,,,,,,,,,,,,,0.7076,CRITICAL,,2,,t2694_1,0.35,NORMAL,OFFLOAD,CRITICAL: non-critical task offloaded (priority=NORMAL),
1771436122.127,0.1,73.84,4.7145,1.178,41.3,4,46201.392,68.65738,0.03324,0.5892,1.0000,0.6160,0.0000,0.3324,0.3491,0.5039,CRITICAL,False,2,5,,,,,,
1771436122.127,0.1,,,,,,,,,,,,,,,0.5039,CRITICAL,,2,,t2695_0,0.71,NORMAL,OFFLOAD,CRITICAL: non-critical task offloaded (priority=NORMAL),
1771436122.127,0.1,73.39,4.7702,1.141,38.6,4,,,0.03501,0.5592,0.0000,0.3628,0.0000,0.3501,0.3303,0.2154,WARNING,False,2,5,,,,,,
1771436122.127,0.1,74.34,4.7494,1.106,36.1,4,,,0.03508,0.6229,0.0000,0.4573,0.0000,0.3508,0.3129,0.2319,WARNING,False,2,5,,,,,,
1771436122.127,0.1,,,,,,,,,,,,,,,0.2319,WARNING,,2,,t2697_0,0.38,NORMAL,OFFLOAD,WARNING: heavy task offloaded (weight=0.38 >= 0.3),
1771436122.127,0.1,73.68,4.7925,1.073,33.8,3,,,0.03980,0.5789,0.0000,0.2615,0.0000,0.3980,0.2817,0.1996,WARNING,False,2,5,,,,,,
1771436122.127,0.1,,,,,,,,,,,,,,,0.1996,WARNING,,2,,t2698_0,0.72,LOW,OFFLOAD,WARNING: heavy task offloaded (weight=0.72 >= 0.3),
1771436122.127,0.1,73.60,4.7812,1.043,31.7,3,,,0.03433,0.5731,0.0000,0.3125,0.0000,0.3433,0.2666,0.1970,WARNING,False,8,0,,,,,,window_reset|B=8
1771436122.127,0.1,72.79,4.7887,1.015,29.6,3,,,0.03022,0.5194,0.0000,0.2785,0.0000,0.3022,0.2525,0.1792,SAFE,False,8,0,,,,,,
1771436122.127,0.1,72.79,4.7684,0.989,27.8,3,,,0.02946,0.5195,0.0000,0.3711,0.0000,0.2946,0.2395,0.1879,SAFE,False,8,0,,,,,,
1771436122.127,0.1,,,,,,,,,,,,,,,0.1879,SAFE,,7,,t2701_0,0.26,LOW,LOCAL,SAFE: all tasks permitted (weight=0.26),
1771436122.127,0.1,72.84,4.7710,1.011,29.4,3,,,0.02572,0.5229,0.0000,0.3593,0.0000,0.2572,0.2505,0.1853,SAFE,False,7,1,,,,,,
1771436122.127,0.1,72.21,4.8241,0.985,27.5,3,,,0.03174,0.4809,0.0000,0.1178,0.0000,0.3174,0.2376,0.1523,SAFE,False,7,1,,,,,,
1771436122.127,0.1,,,,,,,,,,,,,,,0.1523,SAFE,,6,,t2703_0,0.29,HIGH,LOCAL,SAFE: all tasks permitted (weight=0.29),
1771436122.127,0.1,72.04,4.8151,1.012,29.4,3,,,0.03243,0.4696,0.0000,0.1586,0.0000,0.3243,0.2509,0.1596,SAFE,False,6,2,,,,,,
1771436122.127,0.1,72.46,4.7783,0.986,27.6,3,,,0.03146,0.4975,0.0000,0.3259,0.0000,0.3146,0.2380,0.1811,SAFE,False,6,2,,,,,,
1771436122.127,0.1,,,,,,,,,,,,,,,0.1811,SAFE,,5,,t2705_0,0.22,HIGH,LOCAL,SAFE: all tasks permitted (weight=0.22),
1771436122.127,0.1,72.02,4.8046,1.001,28.6,3,,,0.02822,0.4678,0.0000,0.2064,0.0000,0.2822,0.2455,0.1603,SAFE,False,5,3,,,,,,
1771436122.127,0.1,,,,,,,,,,,,,,,0.1603,SAFE,,4,,t2706_0,0.62,HIGH,LOCAL,SAFE: all tasks permitted (weight=0.62),
1771436122.127,0.1,71.82,4.7284,1.084,34.6,3,,,0.02568,0.4549,0.0000,0.5526,0.0000,0.2568,0.2872,0.2095,SAFE,False,4,4,,,,,,
1771436122.127,0.1,,,,,,,,,,,,,,,0.2095,SAFE,,3,,t2707_0,0.43,LOW,LOCAL,SAFE: all tasks permitted (weight=0.43),
1771436122.127,0.1,72.10,4.7738,1.129,37.8,4,,,0.02557,0.4735,0.0000,0.3463,0.0000,0.2557,0.3247,0.1923,SAFE,False,3,5,,,,,,
1771436122.127,0.1,,,,,,,,,,,,,,,0.1923,SAFE,,2,,t2708_0,0.42,LOW,LOCAL,SAFE: all tasks permitted (weight=0.42),
1771436122.127,0.1,72.35,4.6868,1.169,40.6,4,,,0.03587,0.4903,0.0000,0.7420,0.0000,0.3587,0.3443,0.2600,WARNING,False,2,6,,,,,,
1771436122.127,0.1,,,,,,,,,,,,,,,0.2600,WARNING,,2,,t2709_0,0.79,LOW,OFFLOAD,WARNING: heavy task offloaded (weight=0.79 >= 0.3),
1771436122.127,0.1,71.43,4.7502,1.132,38.0,4,,,0.03616,0.4290,0.0000,0.4535,0.0000,0.3616,0.3258,0.2118,WARNING,False,2,6,,,,,,
1771436122.127,0.1,71.85,4.7878,1.097,35.5,4,,,0.03634,0.4563,0.0000,0.2827,0.0000,0.3634,0.3087,0.1896,WARNING,False,2,6,,,,,,
1771436122.127,0.1,,,,,,,,,,,,,,,0.1896,WARNING,,2,,t2711_0,0.80,HIGH,OFFLOAD,WARNING: heavy task offloaded (weight=0.80 >= 0.3),
1771436122.127,0.1,71.98,4.7577,1.066,33.3,3,,,0.03623,0.4655,0.0000,0.4194,0.0000,0.3623,0.2778,0.2022,WARNING,False,2,6,,,,,,
1771436122.127,0.1,,,,,,,,,,,,,,,0.2022,WARNING,,1,,t2712_0,0.28,NORMAL,LOCAL,WARNING: lightweight task permitted (weight=0.28 < 0.3),
1771436122.127,0.1,71.88,4.7937,1.086,34.7,3,,,0.03678,0.4585,0.0000,0.2557,0.0000,0.3678,0.2878,0.1826,WARNING,False,1,7,,,,,,
1771436122.127,0.1,71.56,4.7865,1.054,32.5,3,,,0.03698,0.4371,0.0000,0.2886,0.0000,0.3698,0.2722,0.1814,WARNING,False,8,0,,,,,,window_reset|B=8
1771436122.127,0.1,,,,,,,,,,,,,,,0.1814,WARNING,,8,,t2714_0,0.37,NORMAL,OFFLOAD,WARNING: heavy task offloaded (weight=0.37 >= 0.3),
1771436122.127,0.1,71.75,4.7732,1.026,30.4,3,,,0.03376,0.4501,0.0000,0.3492,0.0000,0.3376,0.2578,0.1847,WARNING,False,8,0,,,,,,
1771436122.127,0.1,,,,,,,,,,,,,,,0.1847,WARNING,,7,,t2715_0,0.30,LOW,LOCAL,WARNING: lightweight task permitted (weight=0.30 < 0.3),
1771436122.127,0.1,71.33,4.7780,1.051,32.2,3,,,0.03104,0.4219,0.0000,0.3275,0.0000,0.3104,0.2706,0.1784,SAFE,False,7,1,,,,,,
1771436122.127,0.1,71.46,4.7650,1.023,30.2,3,,,0.03084,0.4307,0.0000,0.3862,0.0000,0.3084,0.2563,0.1840,SAFE,False,7,1,,,,,,
1771436122.127,0.1,,,,,,,,,,,,,,,0.1840,SAFE,,6,,t2717_0,0.47,HIGH,LOCAL,SAFE: all tasks permitted (weight=0.47),
1771436122.127,0.1,,,,,,,,,,,,,,,0.1840,SAFE,,5,,t2717_1,0.64,NORMAL,LOCAL,SAFE: all tasks permitted (weight=0.64),
1771436122.127,0.1,71.12,4.8048,1.191,42.2,4,,,0.03087,0.4083,0.0000,0.2053,0.0000,0.3087,0.3555,0.1776,SAFE,False,5,3,,,,,,
1771436122.127,0.1,,,,,,,,,,,,,,,0.1776,SAFE,,4,,t2718_0,0.46,NORMAL,LOCAL,SAFE: all tasks permitted (weight=0.46),
1771436122.127,0.1,72.13,4.7307,1.233,45.2,5,,,0.03064,0.4756,0.0000,0.5421,0.0000,0.3064,0.3916,0.2365,SAFE,False,4,4,,,,,,
1771436122.127,0.1,,,,,,,,,,,,,,,0.2365,SAFE,,3,,t2719_0,0.47,HIGH,LOCAL,SAFE: all tasks permitted (weight=0.47),
1771436122.127,0.1,,,,,,,,,,,,,,,0.2365,SAFE,,2,,t2719_1,0.85,NORMAL,LOCAL,SAFE: all tasks permitted (weight=0.85),
1771436122.127,0.1,72.36,4.6475,1.424,58.8,6,,,0.04457,0.4909,0.0000,0.9204,0.0000,0.4457,0.5019,0.3235,WARNING,False,2,6,,,,,,
1771436122.127,0.1,,,,,,,,,,,,,,,0.3235,WARNING,,2,,t2720_0,0.79,NORMAL,OFFLOAD,WARNING: heavy task offloaded (weight=0.79 >= 0.3),
1771436122.127,0.1,72.02,4.7372,1.369,54.9,6,,,0.04007,0.4679,0.0000,0.5126,0.0000,0.4007,0.4746,0.2578,WARNING,False,2,6,,,,,,
1771436122.127,0.1,73.05,4.6906,1.318,51.3,6,,,0.04436,0.5366,0.0000,0.7243,0.0000,0.4436,0.4491,0.2927,WARNING,False,2,6,,,,,,
1771436122.127,0.1,73.36,4.6850,1.271,47.9,5,,,0.04694,0.5575,0.0000,0.7502,0.0000,0.4694,0.4104,0.2935,WARNING,False,2,6,,,,,,
1771436122.127,0.1,,,,,,,,,,,,,,,0.2935,WARNING,,1,,t2723_0,0.25,LOW,LOCAL,WARNING: lightweight task permitted (weight=0.25 < 0.3),
1771436122.127,0.1,73.55,4.7074,1.271,47.9,5,,,0.04793,0.5699,0.0000,0.6483,0.0000,0.4793,0.4103,0.2827,WARNING,False,1,7,,,,,,
1771436122.127,0.1,72.90,4.7721,1.227,44.8,5,,,0.04631,0.5268,0.0000,0.3543,0.0000,0.4631,0.3883,0.2332,WARNING,False,1,7,,,,,,
1771436122.127,0.1,,,,,,,,,,,,,,,0.2332,WARNING,,1,,t2725_0,0.55,LOW,OFFLOAD,WARNING: heavy task offloaded (weight=0.55 >= 0.3),
1771436122.127,0.1,74.19,4.6907,1.186,41.8,4,,,0.04583,0.6126,0.0000,0.7242,0.0000,0.4583,0.3528,0.2840,WARNING,False,1,7,,,,,,
1771436122.127,0.1,73.43,4.7815,1.148,39.1,4,,,0.04651,0.5619,0.0000,0.3114,0.0000,0.4651,0.3338,0.2212,WARNING,False,1,7,,,,,,
1771436122.127,0.1,73.63,4.7463,1.112,36.6,4,,,0.04472,0.5753,0.0000,0.4713,0.0000,0.4472,0.3161,0.2382,WARNING,False,1,7,,,,,,
1771436122.127,0.1,,,,,,,,,,,,,,,0.2382,WARNING,,0,,t2728_0,0.28,NORMAL,LOCAL,WARNING: lightweight task permitted (weight=0.28 < 0.3),
1771436122.127,0.1,73.50,4.7921,1.129,37.8,4,,,0.04707,0.5667,0.0000,0.2630,0.0000,0.4707,0.3247,0.2142,WARNING,False,7,0,,,,,,window_reset|B=7
1771436122.127,0.1,73.70,4.7560,1.095,35.4,4,,,0.04250,0.5803,0.0000,0.4274,0.0000,0.4250,0.3077,0.2292,WARNING,False,7,0,,,,,,
1771436122.127,0.1,,,,,,,,,,,,,,,0.2292,WARNING,,7,,t2730_0,0.70,NORMAL,OFFLOAD,WARNING: heavy task offloaded (weight=0.70 >= 0.3),
1771436122.127,0.1,73.39,4.7547,1.064,33.1,3,,,0.04313,0.5596,0.0000,0.4334,0.0000,0.4313,0.2768,0.2220,WARNING,False,7,0,,,,,,
1771436122.129,0.1,73.49,4.7648,1.034,31.0,3,-2394.618,38.23027,0.03601,0.5659,0.0000,0.3872,0.0000,0.3601,0.2620,0.2067,WARNING,False,7,0,,,,,,
1771436122.129,0.1,73.08,4.8061,1.007,29.0,3,6923.368,22.63521,0.04036,0.5384,1.0000,0.1997,0.0000,0.4036,0.2483,0.4306,WARNING,False,7,0,,,,,,
1771436122.129,0.1,,,,,,,,,,,,,,,0.4306,WARNING,,7,,t2733_0,0.62,HIGH,OFFLOAD,WARNING: heavy task offloaded (weight=0.62 >= 0.3),
1771436122.129,0.1,72.69,4.8155,0.981,27.2,3,-59796.343,83.05179,0.04094,0.5127,0.0000,0.1568,0.0000,0.4094,0.2356,0.1700,SAFE,False,7,0,,,,,,
1771436122.129,0.1,,,,,,,,,,,,,,,0.1700,SAFE,,6,,t2734_0,0.39,HIGH,LOCAL,SAFE: all tasks permitted (weight=0.39),
1771436122.129,0.1,72.55,4.7615,1.027,30.5,3,-34921.767,-13.29170,0.03489,0.5036,0.0000,0.4022,1.0000,0.3489,0.2583,0.3993,WARNING,False,6,1,,,,,,
1771436122.129,0.1,,,,,,,,,,,,,,,0.3993,WARNING,,6,,t2735_0,0.61,LOW,OFFLOAD,WARNING: heavy task offloaded (weight=0.61 >= 0.3),
1771436122.129,0.1,72.28,4.7754,1.000,28.6,3,-53707.160,19.35136,0.03078,0.4856,0.0000,0.3391,0.0000,0.3078,0.2449,0.1821,WARNING,False,6,1,,,,,,
1771436122.129,0.1,72.26,4.8063,0.975,26.8,2,-49578.577,9.38499,0.03255,0.4839,0.0000,0.1988,0.0000,0.3255,0.2174,0.1599,SAFE,False,6,1,,,,,,
1771436122.129,0.1,71.28,4.8294,0.951,25.1,2,-96587.277,48.87960,0.02598,0.4190,0.0000,0.0935,0.0000,0.2598,0.2057,0.1296,SAFE,False,6,1,,,,,,
1771436122.129,0.1,,,,,,,,,,,,,,,0.1296,SAFE,,5,,t2738_0,0.61,NORMAL,LOCAL,SAFE: all tasks permitted (weight=0.61),
1771436122.129,0.1,,,,,,,,,,,,,,,0.1296,SAFE,,4,,t2738_1,0.74,CRITICAL,LOCAL,SAFE: all tasks permitted (weight=0.74),
1771436122.129,0.1,72.56,4.7836,1.169,40.6,4,-33272.272,19.27674,0.02598,0.5041,0.0000,0.3017,0.0000,0.2598,0.3443,0.1946,SAFE,False,4,3,,,,,,
1771436122.129,0.1,,,,,,,,,,,,,,,0.1946,SAFE,,3,,t2739_0,0.43,NORMAL,LOCAL,SAFE: all tasks permitted (weight=0.43),
1771436122.129,0.1,72.85,4.7584,1.208,43.4,5,,,0.02476,0.5230,0.0000,0.4164,0.0000,0.2476,0.3791,0.2175,SAFE,False,3,4,,,,,,
1771436122.129,0.1,,,,,,,,,,,,,,,0.2175,SAFE,,2,,t2740_0,0.54,CRITICAL,LOCAL,SAFE: all tasks permitted (weight=0.54),
1771436122.129,0.1,71.64,4.6877,1.264,47.5,5,,,0.03603,0.4426,0.0000,0.7376,0.0000,0.3603,0.4072,0.2665,WARNING,False,2,5,,,,,,
1771436122.129,0.1,72.40,4.7362,1.221,44.3,5,,,0.03729,0.4936,0.0000,0.5172,0.0000,0.3729,0.3854,0.2408,WARNING,False,2,5,,,,,,
1771436122.129,0.1,,,,,,,,,,,,,,,0.2408,WARNING,,2,,t2742_0,0.67,LOW,OFFLOAD,WARNING: heavy task offloaded (weight=0.67 >= 0.3),
1771436122.129,0.1,72.11,4.7481,1.180,41.5,4,,,0.03760,0.4739,0.0000,0.4633,0.0000,0.3760,0.3502,0.2247,WARNING,False,2,5,,,,,,
1771436122.129,0.1,72.43,4.7404,1.143,38.8,4,,,0.03862,0.4951,0.0000,0.4981,0.0000,0.3862,0.3313,0.2291,WARNING,False,7,0,,,,,,window_reset|B=7
1771436122.129,0.1,72.69,4.7386,1.108,36.3,4,,,0.03797,0.5123,0.0000,0.5063,0.0000,0.3797,0.3138,0.2280,WARNING,False,7,0,,,,,,
1771436122.129,0.1,,,,,,,,,,,,,,,0.2280,WARNING,,7,,t2745_0,0.32,LOW,OFFLOAD,WARNING: heavy task offloaded (weight=0.32 >= 0.3),
1771436122.129,0.1,72.76,4.7553,1.075,33.9,3,,,0.03483,0.5174,0.0000,0.4306,0.0000,0.3483,0.2825,0.2094,WARNING,False,7,0,,,,,,
1771436122.129,0.1,,,,,,,,,,,,,,,0.2094,WARNING,,7,,t2746_0,0.55,CRITICAL,OFFLOAD,WARNING: heavy task offloaded (weight=0.55 >= 0.3),
1771436122.129,0.1,72.17,4.7709,1.045,31.8,3,,,0.03496,0.4782,0.0000,0.3596,0.0000,0.3496,0.2674,0.1926,WARNING,False,7,0,,,,,,
1771436122.129,0.1,,,,,,,,,,,,,,,0.1926,WARNING,,7,,t2747_0,0.82,NORMAL,OFFLOAD,WARNING: heavy task offloaded (weight=0.82 >= 0.3),
1771436122.129,0.1,72.46,4.8054,1.017,29.8,3,,,0.03692,0.4971,0.0000,0.2027,0.0000,0.3692,0.2533,0.1736,SAFE,False,7,0,,,,,,
1771436122.129,0.1,,,,,,,,,,,,,,,0.1736,SAFE,,6,,t2748_0,0.45,NORMAL,LOCAL,SAFE: all tasks permitted (weight=0.45),
1771436122.129,0.1,72.00,4.7794,1.069,33.5,3,,,0.03502,0.4669,0.0000,0.3210,0.0000,0.3502,0.2797,0.1887,SAFE,False,6,1,,,,,,
1771436122.129,0.1,,,,,,,,,,,,,,,0.1887,SAFE,,5,,t2749_0,0.53,HIGH,LOCAL,SAFE: all tasks permitted (weight=0.53),
1771436122.129,0.1,,,,,,,,,,,,,,,0.1887,SAFE,,4,,t2749_1,0.84,CRITICAL,LOCAL,SAFE: all tasks permitted (weight=0.84),
1771436122.129,0.1,72.13,4.7082,1.283,48.8,5,,,0.03113,0.4756,0.0000,0.6448,0.0000,0.3113,0.4164,0.2553,WARNING,False,4,3,,,,,,
1771436122.129,0.1,,,,,,,,,,,,,,,0.2553,WARNING,,3,,t2750_0,0.28,NORMAL,LOCAL,WARNING: lightweight task permitted (weight=0.28 < 0.3),
1771436122.129,0.1,72.68,4.6994,1.288,49.1,5,,,0.03245,0.5122,0.0000,0.6843,0.0000,0.3245,0.4188,0.2666,WARNING,False,3,4,,,,,,
1771436122.129,0.1,,,,,,,,,,,,,,,0.2666,WARNING,,3,,t2751_0,0.59,HIGH,OFFLOAD,WARNING: heavy task offloaded (weight=0.59 >= 0.3),
1771436122.129,0.1,72.63,4.7078,1.242,45.9,5,,,0.03357,0.5088,0.0000,0.6464,0.0000,0.3357,0.3962,0.2579,WARNING,False,3,4,,,,,,
1771436122.129,0.1,73.04,4.7440,1.200,42.9,4,,,0.02968,0.5359,0.0000,0.4820,0.0000,0.2968,0.3602,0.2287,WARNING,False,3,4,,,,,,
1771436122.129,0.1,,,,,,,,,,,,,,,0.2287,WARNING,,2,,t2753_0,0.27,CRITICAL,LOCAL,WARNING: lightweight task permitted (weight=0.27 < 0.3),
1771436122.129,0.1,73.14,4.7240,1.209,43.5,5,,,0.03015,0.5424,0.0000,0.5725,0.0000,0.3015,0.3793,0.2455,WARNING,False,2,5,,,,,,
1771436122.129,0.1,,,,,,,,,,,,,,,0.2455,WARNING,,2,,t2754_0,0.36,HIGH,OFFLOAD,WARNING: heavy task offloaded (weight=0.36 >= 0.3),
1771436122.129,0.1,73.52,4.7522,1.169,40.6,4,,,0.03022,0.5682,0.0000,0.4443,0.0000,0.3022,0.3444,0.2251,WARNING,False,2,5,,,,,,
1771436122.129,0.1,,,,,,,,,,,,,,,0.2251,WARNING,,2,,t2755_0,0.81,NORMAL,OFFLOAD,WARNING: heavy task offloaded (weight=0.81 >= 0.3),
1771436122.129,0.1,73.27,4.7381,1.132,38.0,4,,,0.03025,0.5515,0.0000,0.5088,0.0000,0.3025,0.3260,0.2278,WARNING,False,2,5,,,,,,
1771436122.129,0.1,,,,,,,,,,,,,,,0.2278,WARNING,,2,,t2756_0,0.71,LOW,OFFLOAD,WARNING: heavy task offloaded (weight=0.71 >= 0.3),
1771436122.129,0.1,72.67,4.7539,1.098,35.5,4,,,0.03034,0.5113,0.0000,0.4367,0.0000,0.3034,0.3088,0.2102,WARNING,False,2,5,,,,,,
1771436122.129,0.1,73.32,4.8028,1.066,33.3,3,,,0.03429,0.5547,0.0000,0.2143,0.0000,0.3429,0.2779,0.1843,WARNING,False,2,5,,,,,,
1771436122.129,0.1,,,,,,,,,,,,,,,0.1843,WARNING,,2,,t2758_0,0.53,NORMAL,OFFLOAD,WARNING: heavy task offloaded (weight=0.53 >= 0.3),
1771436122.129,0.1,72.95,4.7822,1.036,31.2,3,,,0.03503,0.5301,0.0000,0.3083,0.0000,0.3503,0.2631,0.1913,WARNING,False,8,0,,,,,,window_reset|B=8
1771436122.130,0.1,72.76,4.8186,1.009,29.2,3,7334.338,110.45414,0.03692,0.5170,1.0000,0.1426,0.0000,0.3692,0.2493,0.4173,WARNING,False,8,0,,,,,,
1771436122.130,0.1,,,,,,,,,,,,,,,0.4173,WARNING,,8,,t2760_0,0.68,LOW,OFFLOAD,WARNING: heavy task offloaded (weight=0.68 >= 0.3),
1771436122.130,0.1,,,,,,,,,,,,,,,0.4173,WARNING,,8,,t2760_1,0.63,HIGH,OFFLOAD,WARNING: heavy task offloaded (weight=0.63 >= 0.3),
1771436122.130,0.1,72.46,4.8121,0.983,27.3,3,-34626.655,67.88034,0.04000,0.4973,0.0000,0.1724,0.0000,0.4000,0.2364,0.1694,SAFE,False,8,0,,,,,,
1771436122.130,0.1,,,,,,,,,,,,,,,0.1694,SAFE,,7,,t2761_0,0.80,HIGH,LOCAL,SAFE: all tasks permitted (weight=0.80),
1771436122.130,0.1,,,,,,,,,,,,,,,0.1694,SAFE,,6,,t2761_1,0.36,NORMAL,LOCAL,SAFE: all tasks permitted (weight=0.36),
1771436122.130,0.1,72.63,4.7744,1.167,40.5,4,-30523.058,50.15341,0.03785,0.5084,0.0000,0.3437,0.0000,0.3785,0.3434,0.2122,SAFE,False,6,2,,,,,,
1771436122.130,0.1,73.25,4.7739,1.130,37.9,4,-16295.674,21.55437,0.03340,0.5501,0.0000,0.3460,0.0000,0.3340,0.3250,0.2094,SAFE,False,6,2,,,,,,
1771436122.130,0.1,72.14,4.7904,1.096,35.4,4,-67872.062,52.14010,0.02906,0.4759,0.0000,0.2710,0.0000,0.2906,0.3079,0.1830,SAFE,False,6,2,,,,,,
1771436122.130,0.1,,,,,,,,,,,,,,,0.1830,SAFE,,5,,t2764_0,0.84,LOW,LOCAL,SAFE: all tasks permitted (weight=0.84),
1771436122.130,0.1,72.54,4.7368,1.214,43.8,5,-7602.874,-17.04374,0.02970,0.5028,0.0000,0.5145,1.0000,0.2970,0.3818,0.4333,WARNING,False,5,3,,,,,,
1771436122.130,0.1,,,,,,,,,,,,,,,0.4333,WARNING,,5,,t2765_0,0.48,CRITICAL,OFFLOAD,WARNING: heavy task offloaded (weight=0.48 >= 0.3),
1771436122.130,0.1,72.96,4.7391,1.174,41.0,4,-21288.029,-63.51420,0.02793,0.5309,0.0000,0.5040,1.0000,0.2793,0.3468,0.4265,WARNING,False,5,3,,,,,,
1771436122.130,0.1,72.46,4.7397,1.136,38.3,4,-29249.411,-42.30736,0.02890,0.4975,0.0000,0.5013,1.0000,0.2890,0.3282,0.4194,WARNING,False,5,3,,,,,,
1771436122.130,0.1,72.47,4.7458,1.102,35.8,4,,,0.02822,0.4981,0.0000,0.4738,0.0000,0.2822,0.3109,0.2118,WARNING,False,5,3,,,,,,
1771436122.130,0.1,,,,,,,,,,,,,,,0.2118,WARNING,,5,,t2768_0,0.58,HIGH,OFFLOAD,WARNING: heavy task offloaded (weight=0.58 >= 0.3),
1771436122.130,0.1,,,,,,,,,,,,,,,0.2118,WARNING,,5,,t2768_1,0.41,HIGH,OFFLOAD,WARNING: heavy task offloaded (weight=0.41 >= 0.3),
1771436122.130,0.1,72.27,4.7981,1.070,33.5,3,,,0.02844,0.4849,0.0000,0.2359,0.0000,0.2844,0.2798,0.1733,SAFE,False,5,3,,,,,,
1771436122.130,0.1,72.80,4.8090,1.040,31.4,3,,,0.02896,0.5202,0.0000,0.1865,0.0000,0.2896,0.2648,0.1686,SAFE,False,5,3,,,,,,
1771436122.130,0.1,72.26,4.8113,1.012,29.4,3,,,0.03050,0.4838,0.0000,0.1759,0.0000,0.3050,0.2509,0.1616,SAFE,False,5,3,,,,,,
1771436122.130,0.1,,,,,,,,,,,,,,,0.1616,SAFE,,4,,t2771_0,0.28,HIGH,LOCAL,SAFE: all tasks permitted (weight=0.28),
1771436122.130,0.1,,,,,,,,,,,,,,,0.1616,SAFE,,3,,t2771_1,0.72,LOW,LOCAL,SAFE: all tasks permitted (weight=0.72),
1771436122.130,0.1,72.63,4.7442,1.164,40.3,4,,,0.02938,0.5086,0.0000,0.4810,0.0000,0.2938,0.3422,0.2214,SAFE,False,3,5,,,,,,
1771436122.130,0.1,,,,,,,,,,,,,,,0.2214,SAFE,,2,,t2772_0,0.50,NORMAL,LOCAL,SAFE: all tasks permitted (weight=0.50),
1771436122.130,0.1,,,,,,,,,,,,,,,0.2214,SAFE,,1,,t2772_1,0.59,NORMAL,LOCAL,SAFE: all tasks permitted (weight=0.59),
1771436122.130,0.1,72.48,4.7138,1.322,51.6,6,,,0.03097,0.4987,0.0000,0.6191,0.0000,0.3097,0.4511,0.2615,WARNING,False,1,7,,,,,,
1771436122.130,0.1,73.04,4.7255,1.275,48.2,5,,,0.03260,0.5360,0.0000,0.5657,0.0000,0.3260,0.4123,0.2529,WARNING,False,7,0,,,,,,window_reset|B=7
1771436122.130,0.1,73.26,4.7179,1.230,45.0,5,,,0.03432,0.5505,0.0000,0.6003,0.0000,0.3432,0.3902,0.2565,WARNING,False,7,0,,,,,,
1771436122.130,0.1,73.10,4.7656,1.189,42.1,4,,,0.03291,0.5398,0.0000,0.3835,0.0000,0.3291,0.3546,0.2185,WARNING,False,7,0,,,,,,
1771436122.130,0.1,73.02,4.7532,1.151,39.3,4,,,0.03251,0.5349,0.0000,0.4402,0.0000,0.3251,0.3354,0.2210,WARNING,False,7,0,,,,,,
1771436122.130,0.1,,,,,,,,,,,,,,,0.2210,WARNING,,6,,t2777_0,0.27,NORMAL,LOCAL,WARNING: lightweight task permitted (weight=0.27 < 0.3),
1771436122.130,0.1,73.65,4.7503,1.163,40.2,4,,,0.03219,0.5765,0.0000,0.4531,0.0000,0.3219,0.3413,0.2285,WARNING,False,6,1,,,,,,
1771436122.130,0.1,,,,,,,,,,,,,,,0.2285,WARNING,,6,,t2778_0,0.67,LOW,OFFLOAD,WARNING: heavy task offloaded (weight=0.67 >= 0.3),
1771436122.130,0.1,72.86,4.7837,1.126,37.6,4,,,0.03261,0.5243,0.0000,0.3014,0.0000,0.3261,0.3231,0.1993,WARNING,False,6,1,,,,,,
1771436122.130,0.1,,,,,,,,,,,,,,,0.1993,WARNING,,6,,t2779_0,0.50,LOW,OFFLOAD,WARNING: heavy task offloaded (weight=0.50 >= 0.3),
1771436122.130,0.1,72.85,4.7597,1.092,35.2,4,,,0.03233,0.5233,0.0000,0.4104,0.0000,0.3233,0.3061,0.2097,WARNING,False,6,1,,,,,,
1771436122.130,0.1,,,,,,,,,,,,,,,0.2097,WARNING,,6,,t2780_0,0.43,NORMAL,OFFLOAD,WARNING: heavy task offloaded (weight=0.43 >= 0.3),
1771436122.130,0.1,73.29,4.7804,1.061,32.9,3,,,0.03098,0.5528,0.0000,0.3164,0.0000,0.3098,0.2754,0.1935,WARNING,False,6,1,,,,,,
1771436122.130,0.1,,,,,,,,,,,,,,,0.1935,WARNING,,5,,t2781_0,0.27,LOW,LOCAL,WARNING: lightweight task permitted (weight=0.27 < 0.3),
1771436122.130,0.1,,,,,,,,,,,,,,,0.1935,WARNING,,5,,t2781_1,0.60,NORMAL,OFFLOAD,WARNING: heavy task offloaded (weight=0.60 >= 0.3),
1771436122.130,0.1,72.79,4.7713,1.080,34.3,3,,,0.02753,0.5192,0.0000,0.3579,0.0000,0.2753,0.2850,0.1933,WARNING,False,5,2,,,,,,
1771436122.130,0.1,73.04,4.8005,1.049,32.1,3,,,0.02585,0.5358,0.0000,0.2250,0.0000,0.2585,0.2696,0.1733,SAFE,False,5,2,,,,,,
1771436122.130,0.1,,,,,,,,,,,,,,,0.1733,SAFE,,4,,t2783_0,0.54,NORMAL,LOCAL,SAFE: all tasks permitted (weight=0.54),
1771436122.130,0.1,72.55,4.7503,1.118,37.0,4,,,0.02568,0.5030,0.0000,0.4531,0.0000,0.2568,0.3189,0.2087,SAFE,False,4,3,,,,,,
1771436122.130,0.1,,,,,,,,,,,,,,,0.2087,SAFE,,3,,t2784_0,0.44,HIGH,LOCAL,SAFE: all tasks permitted (weight=0.44),
1771436122.130,0.1,72.70,4.7933,1.164,40.3,4,,,0.02414,0.5133,0.0000,0.2576,0.0000,0.2414,0.3418,0.1876,SAFE,False,3,4,,,,,,
1771436122.130,0.1,,,,,,,,,,,,,,,0.1876,SAFE,,2,,t2785_0,0.65,NORMAL,LOCAL,SAFE: all tasks permitted (weight=0.65),
1771436122.130,0.1,73.27,4.7297,1.243,45.9,5,,,0.02364,0.5516,0.0000,0.5470,0.0000,0.2364,0.3965,0.2402,SAFE,False,2,5,,,,,,
1771436122.130,0.1,,,,,,,,,,,,,,,0.2402,SAFE,,1,,t2786_0,0.46,NORMAL,LOCAL,SAFE: all tasks permitted (weight=0.46),
1771436122.130,0.1,73.14,4.7228,1.284,48.8,5,,,0.02289,0.5427,0.0000,0.5783,0.0000,0.2289,0.4168,0.2466,SAFE,False,1,6,,,,,,
1771436122.131,0.1,,,,,,,,,,,,,,,0.2466,SAFE,,0,,t2787_0,0.56,NORMAL,LOCAL,SAFE: all tasks permitted (weight=0.56),
1771436122.131,0.1,73.81,4.7337,1.339,52.8,6,57601.187,-26.02772,0.02429,0.5873,1.0000,0.5287,1.0000,0.2429,0.4594,0.7054,WARNING,False,0,7,,,,,,
1771436122.131,0.1,74.00,4.6889,1.290,49.3,5,42444.468,-91.50910,0.03141,0.6000,1.0000,0.7323,1.0000,0.3141,0.4201,0.7326,CRITICAL,False,2,0,,,,,,window_reset|B=2
1771436122.131,0.1,,,,,,,,,,,,,,,0.7326,CRITICAL,,2,,t2789_0,0.47,NORMAL,OFFLOAD,CRITICAL: non-critical task offloaded (priority=NORMAL),
1771436122.131,0.1,73.84,4.6827,1.245,46.1,5,62973.226,-88.53676,0.03732,0.5892,1.0000,0.7603,1.0000,0.3732,0.3974,0.7363,CRITICAL,False,2,0,,,,,,
1771436122.131,0.1,73.62,4.7090,1.203,43.0,5,34972.119,-91.50522,0.03737,0.5746,1.0000,0.6409,1.0000,0.3737,0.3763,0.7149,CRITICAL,False,2,0,,,,,,
1771436122.131,0.1,74.43,4.7433,1.163,40.2,4,112863.647,-7.04671,0.03705,0.6284,1.0000,0.4851,1.0000,0.3705,0.3417,0.6939,CRITICAL,False,2,0,,,,,,
1771436122.131,0.1,,,,,,,,,,,,,,,0.6939,CRITICAL,,2,,t2792_0,0.57,NORMAL,OFFLOAD,CRITICAL: non-critical task offloaded (priority=NORMAL),
1771436122.131,0.1,74.07,4.7075,1.127,37.6,4,81978.427,-85.80798,0.03625,0.6044,1.0000,0.6476,1.0000,0.3625,0.3234,0.7076,CRITICAL,False,2,0,,,,,,
1771436122.131,0.1,73.53,4.7491,1.093,35.2,4,15416.241,19.40152,0.03495,0.5688,1.0000,0.4588,0.0000,0.3495,0.3064,0.4741,CRITICAL,False,2,0,,,,,,
1771436122.131,0.1,73.90,4.7829,1.061,33.0,3,45440.027,60.18274,0.03241,0.5932,1.0000,0.3048,0.0000,0.3241,0.2757,0.4484,CRITICAL,False,2,0,,,,,,
1771436122.131,0.1,,,,,,,,,,,,,,,0.4484,CRITICAL,,2,,t2795_0,0.70,LOW,OFFLOAD,CRITICAL: non-critical task offloaded (priority=LOW),
1771436122.131,0.1,73.76,4.7985,1.032,30.9,3,,,0.03700,0.5843,0.0000,0.2342,0.0000,0.3700,0.2610,0.1898,WARNING,False,2,0,,,,,,
1771436122.131,0.1,73.43,4.7925,1.005,28.9,3,,,0.03689,0.5622,0.0000,0.2614,0.0000,0.3689,0.2473,0.1878,WARNING,False,2,0,,,,,,
1771436122.131,0.1,,,,,,,,,,,,,,,0.1878,WARNING,,1,,t2797_0,0.25,NORMAL,LOCAL,WARNING: lightweight task permitted (weight=0.25 < 0.3),
1771436122.131,0.1,73.71,4.7880,1.024,30.3,3,,,0.03940,0.5808,0.0000,0.2816,0.0000,0.3940,0.2570,0.1971,WARNING,False,1,1,,,,,,
1771436122.131,0.1,72.65,4.7823,0.997,28.4,3,,,0.04046,0.5097,0.0000,0.3077,0.0000,0.4046,0.2437,0.1904,WARNING,False,1,1,,,,,,
1771436122.131,0.1,73.27,4.8050,0.972,26.6,2,,,0.04327,0.5514,0.0000,0.2045,0.0000,0.4327,0.2162,0.1793,SAFE,False,1,1,,,,,,
1771436122.131,0.1,72.38,4.8334,0.949,25.0,2,,,0.04401,0.4919,0.0000,0.0753,0.0000,0.4401,0.2047,0.1538,SAFE,False,1,1,,,,,,
1771436122.131,0.1,,,,,,,,,,,,,,,0.1538,SAFE,,0,,t2801_0,0.27,NORMAL,LOCAL,SAFE: all tasks permitted (weight=0.27),
1771436122.131,0.1,72.58,4.7851,0.976,26.9,2,,,0.03663,0.5054,0.0000,0.2950,0.0000,0.3663,0.2181,0.1792,SAFE,False,0,2,,,,,,
1771436122.131,0.1,72.35,4.7801,0.953,25.2,2,,,0.03113,0.4897,0.0000,0.3175,0.0000,0.3113,0.2064,0.1725,SAFE,False,0,2,,,,,,
1771436122.131,0.1,,,,,,,,,,,,,,,0.1725,SAFE,,0,,t2803_0,0.44,NORMAL,OFFLOAD,"Budget exhausted (B=0), offloading. Original: SAFE: all tasks permitted (weight=0.44)",
1771436122.131,0.1,71.52,4.8269,0.931,23.6,2,,,0.03171,0.4347,0.0000,0.1050,0.0000,0.3171,0.1955,0.1366,SAFE,False,8,0,,,,,,window_reset|B=8
1771436122.131,0.1,,,,,,,,,,,,,,,0.1366,SAFE,,7,,t2804_0,0.34,LOW,LOCAL,SAFE: all tasks permitted (weight=0.34),
1771436122.131,0.1,71.24,4.7659,0.971,26.5,2,,,0.02242,0.4159,0.0000,0.3822,0.0000,0.2242,0.2156,0.1651,SAFE,False,7,1,,,,,,
1771436122.131,0.1,,,,,,,,,,,,,,,0.1651,SAFE,,6,,t2805_0,0.47,CRITICAL,LOCAL,SAFE: all tasks permitted (weight=0.47),
1771436122.131,0.1,71.66,4.8009,1.032,30.9,3,,,0.01864,0.4441,0.0000,0.2232,0.0000,0.1864,0.2612,0.1532,SAFE,False,6,2,,,,,,
1771436122.131,0.1,70.41,4.8002,1.005,28.9,3,,,0.01830,0.3610,0.0000,0.2264,0.0000,0.1830,0.2476,0.1406,SAFE,False,6,2,,,,,,
1771436122.131,0.1,,,,,,,,,,,,,,,0.1406,SAFE,,5,,t2807_0,0.51,LOW,LOCAL,SAFE: all tasks permitted (weight=0.51),
1771436122.131,0.1,70.65,4.7896,1.072,33.7,3,,,0.01839,0.3768,0.0000,0.2745,0.0000,0.1839,0.2810,0.1555,SAFE,False,5,3,,,,,,
1771436122.131,0.1,,,,,,,,,,,,,,,0.1555,SAFE,,4,,t2808_0,0.57,HIGH,LOCAL,SAFE: all tasks permitted (weight=0.57),
1771436122.131,0.1,70.68,4.7608,1.143,38.8,4,,,0.02080,0.3787,0.0000,0.4056,0.0000,0.2080,0.3317,0.1853,SAFE,False,4,4,,,,,,
1771436122.131,0.1,,,,,,,,,,,,,,,0.1853,SAFE,,3,,t2809_0,0.22,NORMAL,LOCAL,SAFE: all tasks permitted (weight=0.22),
1771436122.131,0.1,71.47,4.7349,1.147,39.1,4,,,0.02634,0.4310,0.0000,0.5230,0.0000,0.2634,0.3336,0.2128,SAFE,False,3,5,,,,,,
1771436122.131,0.1,70.63,4.7359,1.112,36.6,4,,,0.03013,0.3754,0.0000,0.5184,0.0000,0.3013,0.3159,0.2058,SAFE,False,3,5,,,,,,
1771436122.131,0.1,70.97,4.7455,1.079,34.2,3,,,0.03129,0.3981,0.0000,0.4752,0.0000,0.3129,0.2845,0.1977,SAFE,False,3,5,,,,,,
1771436122.131,0.1,71.00,4.8164,1.048,32.0,3,,,0.02915,0.3998,0.0000,0.1527,0.0000,0.2915,0.2692,0.1508,SAFE,False,3,5,,,,,,
1771436122.131,0.1,,,,,,,,,,,,,,,0.1508,SAFE,,2,,t2813_0,0.76,HIGH,LOCAL,SAFE: all tasks permitted (weight=0.76),
1771436122.131,0.1,71.34,4.7154,1.156,39.7,4,,,0.03384,0.4229,0.0000,0.6120,0.0000,0.3384,0.3380,0.2317,SAFE,False,2,6,,,,,,
1771436122.131,0.1,,,,,,,,,,,,,,,0.2317,SAFE,,1,,t2814_0,0.33,CRITICAL,LOCAL,SAFE: all tasks permitted (weight=0.33),
1771436122.131,0.1,70.88,4.7271,1.179,41.3,4,,,0.03597,0.3918,0.0000,0.5585,0.0000,0.3597,0.3494,0.2255,SAFE,False,1,7,,,,,,
1771436122.131,0.1,70.97,4.7186,1.141,38.7,4,,,0.03364,0.3981,0.0000,0.5970,0.0000,0.3364,0.3306,0.2251,SAFE,False,1,7,,,,,,
1771436122.131,0.1,,,,,,,,,,,,,,,0.2251,SAFE,,0,,t2816_0,0.73,NORMAL,LOCAL,SAFE: all tasks permitted (weight=0.73),
1771436122.131,0.1,71.50,4.7371,1.238,45.6,5,,,0.03410,0.4331,0.0000,0.5130,0.0000,0.3410,0.3941,0.2316,SAFE,False,0,8,,,,,,
1771436122.131,0.1,,,,,,,,,,,,,,,0.2316,SAFE,,0,,t2817_0,0.63,HIGH,OFFLOAD,"Budget exhausted (B=0), offloading. Original: SAFE: all tasks permitted (weight=0.63)",
1771436122.131,0.1,70.89,4.7364,1.196,42.6,4,,,0.03174,0.3925,0.0000,0.5166,0.0000,0.3174,0.3582,0.2176,SAFE,False,0,8,,,,,,
1771436122.131,0.1,,,,,,,,,,,,,,,0.2176,SAFE,,0,,t2818_0,0.26,HIGH,OFFLOAD,"Budget exhausted (B=0), offloading. Original: SAFE: all tasks permitted (weight=0.26)",
1771436122.131,0.1,71.49,4.7665,1.158,39.8,4,,,0.02865,0.4328,0.0000,0.3796,0.0000,0.2865,0.3388,0.1977,SAFE,False,8,0,,,,,,window_reset|B=8
1771436122.132,0.1,,,,,,,,,,,,,,,0.1977,SAFE,,7,,t2819_0,0.47,NORMAL,LOCAL,SAFE: all tasks permitted (weight=0.47),
1771436122.132,0.1,72.06,4.7302,1.206,43.3,5,65041.193,-15.29997,0.02618,0.4703,1.0000,0.5447,1.0000,0.2618,0.3780,0.6790,WARNING,False,7,1,,,,,,
1771436122.132,0.1,71.96,4.7391,1.166,40.5,4,57953.893,-77.36224,0.02568,0.4641,1.0000,0.5042,1.0000,0.2568,0.3432,0.6656,CRITICAL,False,7,1,,,,,,
1771436122.132,0.1,,,,,,,,,,,,,,,0.6656,CRITICAL,,7,,t2821_0,0.46,NORMAL,OFFLOAD,CRITICAL: non-critical task offloaded (priority=NORMAL),
1771436122.132,0.1,,,,,,,,,,,,,,,0.6656,CRITICAL,,7,,t2821_1,0.48,HIGH,OFFLOAD,CRITICAL: non-critical task offloaded (priority=HIGH),
1771436122.132,0.1,71.91,4.7745,1.130,37.8,4,34134.328,59.12079,0.02707,0.4608,1.0000,0.3434,0.0000,0.2707,0.3249,0.4420,CRITICAL,False,7,1,,,,,,
1771436122.132,0.1,,,,,,,,,,,,,,,0.4420,CRITICAL,,7,,t2822_0,0.68,LOW,OFFLOAD,CRITICAL: non-critical task offloaded (priority=LOW),
1771436122.132,0.1,71.74,4.7655,1.096,35.4,4,51749.126,38.33899,0.02746,0.4493,1.0000,0.3842,0.0000,0.2746,0.3078,0.4429,CRITICAL,False,7,1,,,,,,
1771436122.132,0.1,,,,,,,,,,,,,,,0.4429,CRITICAL,,7,,t2823_0,0.52,NORMAL,OFFLOAD,CRITICAL: non-critical task offloaded (priority=NORMAL),
1771436122.132,0.1,72.23,4.7691,1.064,33.1,3,75715.086,50.45497,0.02807,0.4822,1.0000,0.3678,0.0000,0.2807,0.2769,0.4391,CRITICAL,False,7,1,,,,,,
1771436122.132,0.1,,,,,,,,,,,,,,,0.4391,CRITICAL,,7,,t2824_0,0.34,LOW,OFFLOAD,CRITICAL: non-critical task offloaded (priority=LOW),
1771436122.132,0.1,,,,,,,,,,,,,,,0.4391,CRITICAL,,7,,t2824_1,0.82,NORMAL,OFFLOAD,CRITICAL: non-critical task offloaded (priority=NORMAL),
1771436122.132,0.1,72.03,4.7940,1.034,31.0,3,31777.353,56.90006,0.02402,0.4684,1.0000,0.2544,0.0000,0.2402,0.2622,0.4157,WARNING,False,7,1,,,,,,
1771436122.132,0.1,71.24,4.7992,1.007,29.1,3,20916.583,62.81955,0.02570,0.4157,1.0000,0.2311,0.0000,0.2570,0.2484,0.4053,WARNING,False,7,1,,,,,,
1771436122.132,0.1,,,,,,,,,,,,,,,0.4053,WARNING,,7,,t2826_0,0.85,NORMAL,OFFLOAD,WARNING: heavy task offloaded (weight=0.85 >= 0.3),
1771436122.132,0.1,71.16,4.8205,0.981,27.2,3,-19867.830,53.99177,0.02993,0.4107,0.0000,0.1343,0.0000,0.2993,0.2357,0.1438,SAFE,False,7,1,,,,,,
1771436122.132,0.1,,,,,,,,,,,,,,,0.1438,SAFE,,6,,t2827_0,0.68,HIGH,LOCAL,SAFE: all tasks permitted (weight=0.68),
1771436122.132,0.1,,,,,,,,,,,,,,,0.1438,SAFE,,5,,t2827_1,0.32,LOW,LOCAL,SAFE: all tasks permitted (weight=0.32),
1771436122.132,0.1,71.49,4.7514,1.138,38.4,4,,,0.02717,0.4329,0.0000,0.4484,0.0000,0.2717,0.3288,0.2032,SAFE,False,5,3,,,,,,
1771436122.132,0.1,,,,,,,,,,,,,,,0.2032,SAFE,,4,,t2828_0,0.32,NORMAL,LOCAL,SAFE: all tasks permitted (weight=0.32),
1771436122.132,0.1,,,,,,,,,,,,,,,0.2032,SAFE,,3,,t2828_1,0.41,HIGH,LOCAL,SAFE: all tasks permitted (weight=0.41),
1771436122.132,0.1,71.84,4.7454,1.235,45.4,5,,,0.02655,0.4561,0.0000,0.4757,0.0000,0.2655,0.3927,0.2217,SAFE,False,3,5,,,,,,
1771436122.132,0.1,,,,,,,,,,,,,,,0.2217,SAFE,,2,,t2829_0,0.79,NORMAL,LOCAL,SAFE: all tasks permitted (weight=0.79),
1771436122.132,0.1,,,,,,,,,,,,,,,0.2217,SAFE,,1,,t2829_1,0.48,LOW,LOCAL,SAFE: all tasks permitted (weight=0.48),
1771436122.132,0.1,71.92,4.6733,1.422,58.7,6,,,0.03634,0.4614,0.0000,0.8034,0.0000,0.3634,0.5012,0.2964,WARNING,False,1,7,,,,,,
1771436122.132,0.1,72.35,4.6905,1.368,54.8,6,,,0.04109,0.4897,0.0000,0.7251,0.0000,0.4109,0.4739,0.2889,WARNING,False,1,7,,,,,,
1771436122.132,0.1,,,,,,,,,,,,,,,0.2889,WARNING,,1,,t2831_0,0.77,LOW,OFFLOAD,WARNING: heavy task offloaded (weight=0.77 >= 0.3),
1771436122.132,0.1,72.89,4.7283,1.317,51.2,6,,,0.04118,0.5262,0.0000,0.5533,0.0000,0.4118,0.4485,0.2660,WARNING,False,1,7,,,,,,
1771436122.132,0.1,,,,,,,,,,,,,,,0.2660,WARNING,,1,,t2832_0,0.66,HIGH,OFFLOAD,WARNING: heavy task offloaded (weight=0.66 >= 0.3),
1771436122.132,0.1,72.92,4.7256,1.270,47.8,5,,,0.04176,0.5278,0.0000,0.5654,0.0000,0.4176,0.4099,0.2606,WARNING,False,1,7,,,,,,
1771436122.132,0.1,,,,,,,,,,,,,,,0.2606,WARNING,,1,,t2833_0,0.32,NORMAL,OFFLOAD,WARNING: heavy task offloaded (weight=0.32 >= 0.3),
1771436122.132,0.1,73.50,4.7473,1.226,44.7,5,,,0.04127,0.5665,0.0000,0.4670,0.0000,0.4127,0.3879,0.2475,WARNING,False,7,0,,,,,,window_reset|B=7
1771436122.132,0.1,,,,,,,,,,,,,,,0.2475,WARNING,,7,,t2834_0,0.51,NORMAL,OFFLOAD,WARNING: heavy task offloaded (weight=0.51 >= 0.3),
1771436122.132,0.1,73.48,4.7617,1.185,41.8,4,,,0.04118,0.5653,0.0000,0.4011,0.0000,0.4118,0.3525,0.2317,WARNING,False,7,0,,,,,,
1771436122.132,0.1,,,,,,,,,,,,,,,0.2317,WARNING,,7,,t2835_0,0.68,NORMAL,OFFLOAD,WARNING: heavy task offloaded (weight=0.68 >= 0.3),
1771436122.132,0.1,72.96,4.7888,1.147,39.1,4,,,0.04227,0.5310,0.0000,0.2780,0.0000,0.4227,0.3335,0.2088,WARNING,False,7,0,,,,,,
1771436122.132,0.1,,,,,,,,,,,,,,,0.2088,WARNING,,7,,t2836_0,0.81,NORMAL,OFFLOAD,WARNING: heavy task offloaded (weight=0.81 >= 0.3),
1771436122.132,0.1,73.34,4.7724,1.112,36.5,4,,,0.04088,0.5559,0.0000,0.3529,0.0000,0.4088,0.3158,0.2166,WARNING,False,7,0,,,,,,
1771436122.132,0.1,,,,,,,,,,,,,,,0.2166,WARNING,,7,,t2837_0,0.79,NORMAL,OFFLOAD,WARNING: heavy task offloaded (weight=0.79 >= 0.3),
1771436122.132,0.1,,,,,,,,,,,,,,,0.2166,WARNING,,7,,t2837_1,0.74,LOW,OFFLOAD,WARNING: heavy task offloaded (weight=0.74 >= 0.3),
1771436122.132,0.1,73.18,4.7337,1.079,34.2,3,,,0.03829,0.5455,0.0000,0.5287,0.0000,0.3829,0.2844,0.2294,WARNING,False,7,0,,,,,,
1771436122.132,0.1,73.17,4.8056,1.048,32.0,3,,,0.03599,0.5444,0.0000,0.2020,0.0000,0.3599,0.2691,0.1814,WARNING,False,7,0,,,,,,
1771436122.132,0.1,72.83,4.8139,1.020,30.0,3,,,0.04092,0.5222,0.0000,0.1641,0.0000,0.4092,0.2549,0.1759,SAFE,False,7,0,,,,,,
1771436122.132,0.1,,,,,,,,,,,,,,,0.1759,SAFE,,6,,t2840_0,0.65,LOW,LOCAL,SAFE: all tasks permitted (weight=0.65),
1771436122.132,0.1,72.98,4.7370,1.110,36.5,4,,,0.04104,0.5318,0.0000,0.5135,0.0000,0.4104,0.3152,0.2347,SAFE,False,6,1,,,,,,
1771436122.132,0.1,,,,,,,,,,,,,,,0.2347,SAFE,,5,,t2841_0,0.64,CRITICAL,LOCAL,SAFE: all tasks permitted (weight=0.64),
1771436122.132,0.1,,,,,,,,,,,,,,,0.2347,SAFE,,4,,t2841_1,0.61,NORMAL,LOCAL,SAFE: all tasks permitted (weight=0.61),
1771436122.132,0.1,73.19,4.6605,1.304,50.3,5,,,0.04308,0.5458,0.0000,0.8612,0.0000,0.4308,0.4272,0.3060,WARNING,False,4,3,,,,,,
1771436122.132,0.1,,,,,,,,,,,,,,,0.3060,WARNING,,4,,t2842_0,0.71,NORMAL,OFFLOAD,WARNING: heavy task offloaded (weight=0.71 >= 0.3),
1771436122.132,0.1,73.86,4.7011,1.258,47.0,5,,,0.04200,0.5904,0.0000,0.6768,0.0000,0.4200,0.4041,0.2816,WARNING,False,4,3,,,,,,
1771436122.132,0.1,,,,,,,,,,,,,,,0.2816,WARNING,,3,,t2843_0,0.25,NORMAL,LOCAL,WARNING: lightweight task permitted (weight=0.25 < 0.3),
1771436122.132,0.1,73.67,4.7283,1.261,47.2,5,,,0.04200,0.5778,0.0000,0.5532,0.0000,0.4200,0.4055,0.2643,WARNING,False,3,4,,,,,,
1771436122.132,0.1,73.89,4.7562,1.218,44.1,5,,,0.04149,0.5925,0.0000,0.4262,0.0000,0.4149,0.3838,0.2448,WARNING,False,3,4,,,,,,
1771436122.132,0.1,,,,,,,,,,,,,,,0.2448,WARNING,,3,,t2845_0,0.35,LOW,OFFLOAD,WARNING: heavy task offloaded (weight=0.35 >= 0.3),
1771436122.132,0.1,73.79,4.7792,1.177,41.2,4,,,0.04222,0.5860,0.0000,0.3216,0.0000,0.4222,0.3487,0.2241,WARNING,False,3,4,,,,,,
1771436122.132,0.1,,,,,,,,,,,,,,,0.2241,WARNING,,3,,t2846_0,0.69,HIGH,OFFLOAD,WARNING: heavy task offloaded (weight=0.69 >= 0.3),
1771436122.132,0.1,74.23,4.7534,1.140,38.6,4,,,0.04214,0.6155,0.0000,0.4391,0.0000,0.4214,0.3299,0.2391,WARNING,False,3,4,,,,,,
1771436122.132,0.1,,,,,,,,,,,,,,,0.2391,WARNING,,3,,t2847_0,0.53,HIGH,OFFLOAD,WARNING: heavy task offloaded (weight=0.53 >= 0.3),
1771436122.132,0.1,73.60,4.7909,1.105,36.1,4,,,0.04229,0.5732,0.0000,0.2686,0.0000,0.4229,0.3125,0.2085,WARNING,False,3,4,,,,,,
1771436122.132,0.1,,,,,,,,,,,,,,,0.2085,WARNING,,3,,t2848_0,0.59,LOW,OFFLOAD,WARNING: heavy task offloaded (weight=0.59 >= 0.3),
1771436122.132,0.1,,,,,,,,,,,,,,,0.2085,WARNING,,3,,t2848_1,0.44,NORMAL,OFFLOAD,WARNING: heavy task offloaded (weight=0.44 >= 0.3),
1771436122.132,0.1,73.57,4.7898,1.073,33.8,3,,,0.04323,0.5711,0.0000,0.2736,0.0000,0.4323,0.2813,0.2036,WARNING,False,7,0,,,,,,window_reset|B=7
1771436122.132,0.1,,,,,,,,,,,,,,,0.2036,WARNING,,7,,t2849_0,0.66,NORMAL,OFFLOAD,WARNING: heavy task offloaded (weight=0.66 >= 0.3),
1771436122.132,0.1,,,,,,,,,,,,,,,0.2036,WARNING,,7,,t2849_1,0.33,HIGH,OFFLOAD,WARNING: heavy task offloaded (weight=0.33 >= 0.3),
1771436122.132,0.1,73.40,4.8201,1.042,31.6,3,,,0.04631,0.5599,0.0000,0.1358,0.0000,0.4631,0.2662,0.1844,WARNING,False,7,0,,,,,,
1771436122.132,0.1,73.41,4.7956,1.014,29.6,3,,,0.04560,0.5608,0.0000,0.2472,0.0000,0.4560,0.2522,0.1955,WARNING,False,7,0,,,,,,
1771436122.132,0.1,73.08,4.8305,0.988,27.7,3,,,0.04742,0.5390,0.0000,0.0885,0.0000,0.4742,0.2392,0.1714,SAFE,False,7,0,,,,,,
1771436122.132,0.1,,,,,,,,,,,,,,,0.1714,SAFE,,6,,t2852_0,0.33,CRITICAL,LOCAL,SAFE: all tasks permitted (weight=0.33),
1771436122.132,0.1,72.65,4.7720,1.025,30.3,3,,,0.04687,0.5097,0.0000,0.3546,0.0000,0.4687,0.2573,0.2056,SAFE,False,6,1,,,,,,
1771436122.132,0.1,,,,,,,,,,,,,,,0.2056,SAFE,,5,,t2853_0,0.30,NORMAL,LOCAL,SAFE: all tasks permitted (weight=0.30),
1771436122.132,0.1,,,,,,,,,,,,,,,0.2056,SAFE,,4,,t2853_1,0.23,NORMAL,LOCAL,SAFE: all tasks permitted (weight=0.23),
1771436122.132,0.1,73.09,4.7706,1.094,35.3,4,,,0.03477,0.5396,0.0000,0.3608,0.0000,0.3477,0.3069,0.2078,SAFE,False,4,3,,,,,,
1771436122.132,0.1,,,,,,,,,,,,,,,0.2078,SAFE,,3,,t2854_0,0.24,NORMAL,LOCAL,SAFE: all tasks permitted (weight=0.24),
1771436122.132,0.1,72.67,4.7792,1.105,36.1,4,,,0.02695,0.5117,0.0000,0.3217,0.0000,0.2695,0.3125,0.1927,SAFE,False,3,4,,,,,,
1771436122.132,0.1,,,,,,,,,,,,,,,0.1927,SAFE,,2,,t2855_0,0.39,LOW,LOCAL,SAFE: all tasks permitted (weight=0.39),
1771436122.132,0.1,73.37,4.7544,1.144,38.8,4,,,0.02348,0.5581,0.0000,0.4347,0.0000,0.2348,0.3319,0.2133,SAFE,False,2,5,,,,,,
1771436122.132,0.1,72.55,4.7612,1.109,36.3,4,,,0.02305,0.5035,0.0000,0.4035,0.0000,0.2305,0.3143,0.1988,SAFE,False,2,5,,,,,,
1771436122.133,0.1,,,,,,,,,,,,,,,0.1988,SAFE,,1,,t2857_0,0.34,LOW,LOCAL,SAFE: all tasks permitted (weight=0.34),
1771436122.133,0.1,72.45,4.7684,1.138,38.4,4,-37708.630,-34.40101,0.02339,0.4970,0.0000,0.3707,1.0000,0.2339,0.3290,0.3970,WARNING,False,1,6,,,,,,
1771436122.133,0.1,,,,,,,,,,,,,,,0.3970,WARNING,,1,,t2858_0,0.78,NORMAL,OFFLOAD,WARNING: heavy task offloaded (weight=0.78 >= 0.3),
1771436122.133,0.1,72.66,4.7872,1.103,36.0,4,-30058.912,-5.59805,0.02174,0.5106,0.0000,0.2854,1.0000,0.2174,0.3117,0.3824,WARNING,False,1,6,,,,,,
1771436122.133,0.1,72.10,4.7771,1.071,33.6,3,-39260.832,-35.57720,0.02176,0.4735,0.0000,0.3314,1.0000,0.2176,0.2805,0.3778,WARNING,False,1,6,,,,,,
1771436122.133,0.1,,,,,,,,,,,,,,,0.3778,WARNING,,0,,t2860_0,0.25,LOW,LOCAL,WARNING: lightweight task permitted (weight=0.25 < 0.3),
1771436122.133,0.1,72.44,4.7903,1.086,34.7,3,-8399.621,12.19812,0.02177,0.4957,0.0000,0.2713,0.0000,0.2177,0.2880,0.1741,SAFE,False,0,7,,,,,,
1771436122.133,0.1,,,,,,,,,,,,,,,0.1741,SAFE,,0,,t2861_0,0.48,NORMAL,OFFLOAD,"Budget exhausted (B=0), offloading. Original: SAFE: all tasks permitted (weight=0.48)",
1771436122.133,0.1,,,,,,,,,,,,,,,0.1741,SAFE,,0,,t2861_1,0.21,NORMAL,OFFLOAD,"Budget exhausted (B=0), offloading. Original: SAFE: all tasks permitted (weight=0.21)",
1771436122.133,0.1,72.12,4.7920,1.055,32.5,3,-39053.033,14.25695,0.01910,0.4744,0.0000,0.2635,0.0000,0.1910,0.2725,0.1648,SAFE,False,0,7,,,,,,
1771436122.133,0.1,,,,,,,,,,,,,,,0.1648,SAFE,,0,,t2862_0,0.45,NORMAL,OFFLOAD,"Budget exhausted (B=0), offloading. Original: SAFE: all tasks permitted (weight=0.45)",
1771436122.133,0.1,72.27,4.7938,1.026,30.4,3,-15992.009,9.66659,0.01899,0.4850,0.0000,0.2557,0.0000,0.1899,0.2580,0.1620,SAFE,False,0,7,,,,,,
1771436122.133,0.1,,,,,,,,,,,,,,,0.1620,SAFE,,0,,t2863_0,0.65,HIGH,OFFLOAD,"Budget exhausted (B=0), offloading. Original: SAFE: all tasks permitted (weight=0.65)",
1771436122.133,0.1,72.05,4.8204,0.999,28.5,3,-52722.643,43.98861,0.01690,0.4701,0.0000,0.1344,0.0000,0.1690,0.2446,0.1397,SAFE,False,8,0,,,,,,window_reset|B=8
1771436122.133,0.1,,,,,,,,,,,,,,,0.1397,SAFE,,7,,t2864_0,0.40,NORMAL,LOCAL,SAFE: all tasks permitted (weight=0.40),
1771436122.133,0.1,72.01,4.7938,1.047,31.9,3,-21874.359,21.69597,0.01706,0.4670,0.0000,0.2554,0.0000,0.1706,0.2685,0.1600,SAFE,False,7,1,,,,,,
1771436122.134,0.1,,,,,,,,,,,,,,,0.1600,SAFE,,6,,t2865_0,0.47,HIGH,LOCAL,SAFE: all tasks permitted (weight=0.47),
1771436122.134,0.1,71.66,4.7824,1.104,36.0,4,-136885.814,40.24341,0.01669,0.4442,0.0000,0.3072,0.0000,0.1669,0.3118,0.1723,SAFE,False,6,2,,,,,,
1771436122.134,0.1,72.13,4.7808,1.071,33.7,3,-91068.696,-18.36101,0.01666,0.4755,0.0000,0.3144,1.0000,0.1666,0.2806,0.3707,WARNING,False,6,2,,,,,,
1771436122.134,0.1,,,,,,,,,,,,,,,0.3707,WARNING,,6,,t2867_0,0.80,HIGH,OFFLOAD,WARNING: heavy task offloaded (weight=0.80 >= 0.3),
1771436122.134,0.1,71.39,4.8151,1.041,31.5,3,-123503.916,109.29836,0.01626,0.4258,0.0000,0.1588,0.0000,0.1626,0.2656,0.1411,SAFE,False,6,2,,,,,,
1771436122.134,0.1,,,,,,,,,,,,,,,0.1411,SAFE,,5,,t2868_0,0.54,CRITICAL,LOCAL,SAFE: all tasks permitted (weight=0.54),
1771436122.134,0.1,71.69,4.7431,1.111,36.5,4,-128610.861,-136.05792,0.01929,0.4460,0.0000,0.4861,1.0000,0.1929,0.3154,0.3991,WARNING,False,5,3,,,,,,
1771436122.134,0.1,71.44,4.7650,1.078,34.1,3,-116100.490,-77.92966,0.01960,0.4296,0.0000,0.3865,1.0000,0.1960,0.2840,0.3782,WARNING,False,5,3,,,,,,
1771436122.134,0.1,71.57,4.7787,1.047,32.0,3,-120853.992,-43.24416,0.01972,0.4383,0.0000,0.3239,1.0000,0.1972,0.2687,0.3682,WARNING,False,5,3,,,,,,
1771436122.134,0.1,71.59,4.8112,1.019,29.9,3,-80116.736,-26.70385,0.02066,0.4392,0.0000,0.1765,1.0000,0.2066,0.2545,0.3472,WARNING,False,5,3,,,,,,
1771436122.134,0.1,70.99,4.7925,0.993,28.0,3,-175417.438,-3.78747,0.02068,0.3993,0.0000,0.2614,1.0000,0.2068,0.2413,0.3508,WARNING,False,5,3,,,,,,
1771436122.134,0.1,70.97,4.8060,0.968,26.3,2,,,0.02120,0.3980,0.0000,0.1998,0.0000,0.2120,0.2141,0.1378,SAFE,False,5,3,,,,,,
1771436122.134,0.1,,,,,,,,,,,,,,,0.1378,SAFE,,4,,t2874_0,0.64,LOW,LOCAL,SAFE: all tasks permitted (weight=0.64),
1771436122.134,0.1,,,,,,,,,,,,,,,0.1378,SAFE,,3,,t2874_1,0.47,HIGH,LOCAL,SAFE: all tasks permitted (weight=0.47),
1771436122.134,0.1,70.68,4.7849,1.147,39.1,4,,,0.02122,0.3784,0.0000,0.2961,0.0000,0.2122,0.3337,0.1719,SAFE,False,3,5,,,,,,
1771436122.134,0.1,,,,,,,,,,,,,,,0.1719,SAFE,,2,,t2875_0,0.54,LOW,LOCAL,SAFE: all tasks permitted (weight=0.54),
1771436122.134,0.1,,,,,,,,,,,,,,,0.1719,SAFE,,1,,t2875_1,0.42,LOW,LOCAL,SAFE: all tasks permitted (weight=0.42),
1771436122.134,0.1,71.40,4.7511,1.286,49.0,5,,,0.02145,0.4265,0.0000,0.4497,0.0000,0.2145,0.4180,0.2147,SAFE,False,1,7,,,,,,
1771436122.134,0.1,71.62,4.7548,1.241,45.8,5,,,0.02260,0.4414,0.0000,0.4328,0.0000,0.2260,0.3955,0.2109,SAFE,False,1,7,,,,,,
1771436122.134,0.1,72.06,4.7107,1.199,42.8,4,73193.886,-108.10046,0.02968,0.4705,1.0000,0.6334,1.0000,0.2968,0.3595,0.6904,WARNING,False,1,7,,,,,,
1771436122.134,0.1,,,,,,,,,,,,,,,0.6904,WARNING,,1,,t2878_0,0.60,HIGH,OFFLOAD,WARNING: heavy task offloaded (weight=0.60 >= 0.3),
1771436122.134,0.1,72.35,4.7442,1.160,40.0,4,92060.315,-68.69033,0.03073,0.4897,1.0000,0.4808,1.0000,0.3073,0.3400,0.6700,CRITICAL,False,3,0,,,,,,window_reset|B=3
1771436122.134,0.1,,,,,,,,,,,,,,,0.6700,CRITICAL,,2,,t2879_0,0.67,CRITICAL,LOCAL,CRITICAL: mission-critical task permitted locally (priority=CRITICAL),
1771436122.134,0.1,71.81,4.6781,1.245,46.1,5,26140.001,-264.97929,0.03717,0.4538,1.0000,0.7816,1.0000,0.3717,0.3976,0.7227,CRITICAL,False,2,1,,,,,,
1771436122.134,0.1,,,,,,,,,,,,,,,0.7227,CRITICAL,,2,,t2880_0,0.26,NORMAL,OFFLOAD,CRITICAL: non-critical task offloaded (priority=NORMAL),
1771436122.134,0.1,,,,,,,,,,,,,,,0.7227,CRITICAL,,2,,t2880_1,0.74,LOW,OFFLOAD,CRITICAL: non-critical task offloaded (priority=LOW),
1771436122.134,0.1,,,,,,,,,,,,,,,0.7227,CRITICAL,,2,,t2880_2,0.46,NORMAL,OFFLOAD,CRITICAL: non-critical task offloaded (priority=NORMAL),
1771436122.134,0.1,,,,,,,,,,,,,,,0.7227,CRITICAL,,2,,t2880_3,0.57,NORMAL,OFFLOAD,CRITICAL: non-critical task offloaded (priority=NORMAL),
1771436122.134,0.1,,,,,,,,,,,,,,,0.7227,CRITICAL,,2,,t2880_4,0.46,NORMAL,OFFLOAD,CRITICAL: non-critical task offloaded (priority=NORMAL),
1771436122.134,0.1,,,,,,,,,,,,,,,0.7227,CRITICAL,,2,,t2880_5,0.59,LOW,OFFLOAD,CRITICAL: non-critical task offloaded (priority=LOW),
1771436122.134,0.1,71.48,4.7627,1.203,43.1,5,58792.429,-59.25558,0.03682,0.4321,1.0000,0.3967,1.0000,0.3682,0.3765,0.6655,CRITICAL,False,2,1,,,,,,
1771436122.135,0.1,,,,,,,,,,,,,,,0.6655,CRITICAL,,2,,t2881_0,0.75,LOW,OFFLOAD,CRITICAL: non-critical task offloaded (priority=LOW),
1771436122.135,0.1,72.57,4.7551,1.164,40.3,4,93973.251,-50.03499,0.03685,0.5044,1.0000,0.4315,1.0000,0.3685,0.3418,0.6718,CRITICAL,False,2,1,,,,,,
1771436122.135,0.1,,,,,,,,,,,,,,,0.6718,CRITICAL,,2,,t2882_0,0.68,HIGH,OFFLOAD,CRITICAL: non-critical task offloaded (priority=HIGH),
1771436122.135,0.1,72.24,4.7663,1.127,37.7,4,92013.018,-18.21171,0.03650,0.4826,1.0000,0.3805,1.0000,0.3650,0.3236,0.6586,CRITICAL,False,2,1,,,,,,
1771436122.135,0.1,72.26,4.7422,1.093,35.2,4,50538.372,-8.65320,0.03324,0.4838,1.0000,0.4898,1.0000,0.3324,0.3066,0.6663,CRITICAL,False,2,1,,,,,,
1771436122.135,0.1,,,,,,,,,,,,,,,0.6663,CRITICAL,,2,,t2884_0,0.72,HIGH,OFFLOAD,CRITICAL: non-critical task offloaded (priority=HIGH),
1771436122.135,0.1,71.67,4.7986,1.062,33.0,3,2636.931,43.03214,0.03387,0.4443,1.0000,0.2335,0.0000,0.3387,0.2758,0.4227,CRITICAL,False,2,1,,,,,,
1771436122.135,0.1,72.06,4.7884,1.032,30.9,3,300.782,150.55721,0.03194,0.4706,1.0000,0.2798,0.0000,0.3194,0.2611,0.4270,CRITICAL,False,2,1,,,,,,
1771436122.135,0.1,,,,,,,,,,,,,,,0.4270,CRITICAL,,2,,t2886_0,0.30,HIGH,OFFLOAD,CRITICAL: non-critical task offloaded (priority=HIGH),
1771436122.135,0.1,71.30,4.8198,1.005,28.9,3,-121261.971,146.37425,0.03604,0.4201,0.0000,0.1370,0.0000,0.3604,0.2475,0.1538,WARNING,False,2,1,,,,,,
1771436122.135,0.1,,,,,,,,,,,,,,,0.1538,WARNING,,2,,t2887_0,0.33,HIGH,OFFLOAD,WARNING: heavy task offloaded (weight=0.33 >= 0.3),
1771436122.135,0.1,71.44,4.8179,0.980,27.1,3,-43175.413,270.64211,0.03981,0.4290,0.0000,0.1460,0.0000,0.3981,0.2348,0.1572,SAFE,False,2,1,,,,,,
1771436122.135,0.1,,,,,,,,,,,,,,,0.1572,SAFE,,1,,t2888_0,0.62,CRITICAL,LOCAL,SAFE: all tasks permitted (weight=0.62),
1771436122.135,0.1,71.48,4.8095,1.070,33.6,3,293.599,90.56941,0.04185,0.4323,1.0000,0.1840,0.0000,0.4185,0.2800,0.4236,WARNING,False,1,2,,,,,,
1771436122.135,0.1,71.36,4.7679,1.040,31.4,3,,,0.03838,0.4237,0.0000,0.3730,0.0000,0.3838,0.2650,0.1907,WARNING,False,1,2,,,,,,
1771436122.135,0.1,,,,,,,,,,,,,,,0.1907,WARNING,,1,,t2890_0,0.54,NORMAL,OFFLOAD,WARNING: heavy task offloaded (weight=0.54 >= 0.3),
1771436122.135,0.1,70.86,4.7933,1.012,29.4,3,,,0.03793,0.3904,0.0000,0.2575,0.0000,0.3793,0.2511,0.1685,SAFE,False,1,2,,,,,,
1771436122.135,0.1,,,,,,,,,,,,,,,0.1685,SAFE,,0,,t2891_0,0.24,LOW,LOCAL,SAFE: all tasks permitted (weight=0.24),
1771436122.135,0.1,70.88,4.7677,1.030,30.7,3,,,0.02458,0.3920,0.0000,0.3743,0.0000,0.2458,0.2602,0.1723,SAFE,False,0,3,,,,,,
1771436122.135,0.1,71.02,4.8024,1.003,28.8,3,,,0.02437,0.4013,0.0000,0.2166,0.0000,0.2437,0.2466,0.1500,SAFE,False,0,3,,,,,,
1771436122.135,0.1,70.97,4.8367,0.978,27.0,2,,,0.02618,0.3978,0.0000,0.0603,0.0000,0.2618,0.2189,0.1255,SAFE,False,8,0,,,,,,window_reset|B=8
1771436122.135,0.1,,,,,,,,,,,,,,,0.1255,SAFE,,7,,t2894_0,0.31,HIGH,LOCAL,SAFE: all tasks permitted (weight=0.31),
1771436122.135,0.1,70.38,4.8300,1.012,29.4,3,,,0.02676,0.3586,0.0000,0.0909,0.0000,0.2676,0.2509,0.1318,SAFE,False,7,1,,,,,,
1771436122.135,0.1,70.26,4.8387,0.986,27.6,3,,,0.02308,0.3508,0.0000,0.0513,0.0000,0.2308,0.2380,0.1194,SAFE,False,7,1,,,,,,
1771436122.135,0.1,,,,,,,,,,,,,,,0.1194,SAFE,,6,,t2896_0,0.70,LOW,LOCAL,SAFE: all tasks permitted (weight=0.70),
1771436122.135,0.1,70.53,4.7744,1.090,35.0,4,,,0.02464,0.3686,0.0000,0.3438,0.0000,0.2464,0.3050,0.1746,SAFE,False,6,2,,,,,,
1771436122.135,0.1,70.11,4.7882,1.059,32.8,3,,,0.02465,0.3405,0.0000,0.2809,0.0000,0.2465,0.2743,0.1569,SAFE,False,6,2,,,,,,
1771436122.135,0.1,,,,,,,,,,,,,,,0.1569,SAFE,,5,,t2898_0,0.29,CRITICAL,LOCAL,SAFE: all tasks permitted (weight=0.29),
1771436122.135,0.1,69.72,4.7659,1.082,34.4,3,,,0.02620,0.3144,0.0000,0.3823,0.0000,0.2620,0.2861,0.1709,SAFE,False,5,3,,,,,,
1771436122.135,0.1,,,,,,,,,,,,,,,0.1709,SAFE,,4,,t2899_0,0.83,NORMAL,LOCAL,SAFE: all tasks permitted (weight=0.83),
1771436122.135,0.1,,,,,,,,,,,,,,,0.1709,SAFE,,3,,t2899_1,0.52,HIGH,LOCAL,SAFE: all tasks permitted (weight=0.52),
1771436122.135,0.1,70.32,4.6981,1.298,49.9,5,,,0.03759,0.3549,0.0000,0.6904,0.0000,0.3759,0.4241,0.2547,WARNING,False,3,5,,,,,,
1771436122.135,0.1,71.02,4.6850,1.252,46.6,5,,,0.04669,0.4011,0.0000,0.7499,0.0000,0.4669,0.4011,0.2725,WARNING,False,3,5,,,,,,
1771436122.135,0.1,71.16,4.7332,1.210,43.5,5,,,0.04833,0.4107,0.0000,0.5309,0.0000,0.4833,0.3798,0.2426,WARNING,False,3,5,,,,,,
1771436122.135,0.1,70.28,4.7350,1.170,40.7,4,,,0.04928,0.3521,0.0000,0.5229,0.0000,0.4928,0.3449,0.2285,WARNING,False,3,5,,,,,,
1771436122.136,0.1,71.17,4.7500,1.133,38.1,4,54048.883,-88.35059,0.04963,0.4111,1.0000,0.4545,1.0000,0.4963,0.3264,0.6733,CRITICAL,False,3,5,,,,,,
1771436122.136,0.1,,,,,,,,,,,,,,,0.6733,CRITICAL,,3,,t2904_0,0.48,HIGH,OFFLOAD,CRITICAL: non-critical task offloaded (priority=HIGH),
1771436122.136,0.1,70.80,4.7899,1.098,35.6,4,16417.645,15.49907,0.04907,0.3869,1.0000,0.2731,0.0000,0.4907,0.3092,0.4428,CRITICAL,False,3,5,,,,,,
1771436122.136,0.1,,,,,,,,,,,,,,,0.4428,CRITICAL,,3,,t2905_0,0.30,HIGH,OFFLOAD,CRITICAL: non-critical task offloaded (priority=HIGH),
1771436122.136,0.1,70.81,4.7617,1.067,33.3,3,41804.636,-26.44741,0.04458,0.3871,1.0000,0.4016,1.0000,0.4458,0.2783,0.6489,CRITICAL,False,3,5,,,,,,
1771436122.136,0.1,,,,,,,,,,,,,,,0.6489,CRITICAL,,3,,t2906_0,0.46,NORMAL,OFFLOAD,CRITICAL: non-critical task offloaded (priority=NORMAL),
1771436122.136,0.1,70.99,4.8033,1.037,31.2,3,75835.282,37.29723,0.04174,0.3990,1.0000,0.2121,0.0000,0.4174,0.2634,0.4199,WARNING,False,3,5,,,,,,
1771436122.136,0.1,70.96,4.7682,1.009,29.2,3,37979.896,69.77517,0.03464,0.3973,1.0000,0.3719,0.0000,0.3464,0.2496,0.4306,WARNING,False,3,5,,,,,,
1771436122.136,0.1,,,,,,,,,,,,,,,0.4306,WARNING,,3,,t2908_0,0.45,LOW,OFFLOAD,WARNING: heavy task offloaded (weight=0.45 >= 0.3),
1771436122.136,0.1,70.63,4.8334,0.983,27.4,3,-22843.220,147.83355,0.04078,0.3757,0.0000,0.0753,0.0000,0.4078,0.2367,0.1430,SAFE,False,8,0,,,,,,window_reset|B=8
1771436122.136,0.1,,,,,,,,,,,,,,,0.1430,SAFE,,7,,t2909_0,0.73,LOW,LOCAL,SAFE: all tasks permitted (weight=0.73),
1771436122.136,0.1,70.68,4.7680,1.093,35.2,4,-28710.173,34.61396,0.03996,0.3787,0.0000,0.3729,0.0000,0.3996,0.3067,0.1952,SAFE,False,7,1,,,,,,
1771436122.136,0.1,,,,,,,,,,,,,,,0.1952,SAFE,,6,,t2910_0,0.68,LOW,LOCAL,SAFE: all tasks permitted (weight=0.68),
1771436122.136,0.1,70.96,4.7841,1.187,41.9,4,40575.148,48.89751,0.04058,0.3974,1.0000,0.2998,0.0000,0.4058,0.3533,0.4479,WARNING,False,6,2,,,,,,
1771436122.136,0.1,70.32,4.7580,1.148,39.2,4,,,0.03622,0.3548,0.0000,0.4181,0.0000,0.3622,0.3342,0.2000,WARNING,False,6,2,,,,,,
1771436122.136,0.1,71.00,4.7676,1.113,36.6,4,,,0.02727,0.4002,0.0000,0.3747,0.0000,0.2727,0.3165,0.1873,WARNING,False,6,2,,,,,,
1771436122.136,0.1,70.47,4.7926,1.080,34.3,3,,,0.02528,0.3644,0.0000,0.2609,0.0000,0.2528,0.2850,0.1599,SAFE,False,6,2,,,,,,
1771436122.136,0.1,,,,,,,,,,,,,,,0.1599,SAFE,,5,,t2914_0,0.54,HIGH,LOCAL,SAFE: all tasks permitted (weight=0.54),
1771436122.136,0.1,71.07,4.7628,1.149,39.2,4,,,0.02253,0.4050,0.0000,0.3964,0.0000,0.2253,0.3347,0.1896,SAFE,False,5,3,,,,,,
1771436122.136,0.1,71.03,4.7641,1.114,36.7,4,,,0.02137,0.4018,0.0000,0.3906,0.0000,0.2137,0.3169,0.1838,SAFE,False,5,3,,,,,,
1771436122.136,0.1,70.78,4.7398,1.081,34.3,3,,,0.02369,0.3850,0.0000,0.5008,0.0000,0.2369,0.2854,0.1921,SAFE,False,5,3,,,,,,
1771436122.136,0.1,,,,,,,,,,,,,,,0.1921,SAFE,,4,,t2917_0,0.80,LOW,LOCAL,SAFE: all tasks permitted (weight=0.80),
1771436122.136,0.1,70.97,4.7441,1.197,42.6,4,,,0.02499,0.3982,0.0000,0.4813,0.0000,0.2499,0.3583,0.2070,SAFE,False,4,4,,,,,,
1771436122.136,0.1,71.15,4.7222,1.158,39.8,4,22028.185,-123.10843,0.02699,0.4097,1.0000,0.5810,1.0000,0.2699,0.3389,0.6695,WARNING,False,4,4,,,,,,
1771436122.136,0.1,,,,,,,,,,,,,,,0.6695,WARNING,,3,,t2919_0,0.22,HIGH,LOCAL,WARNING: lightweight task permitted (weight=0.22 < 0.3),
1771436122.136,0.1,,,,,,,,,,,,,,,0.6695,WARNING,,3,,t2919_1,0.54,NORMAL,OFFLOAD,WARNING: heavy task offloaded (weight=0.54 >= 0.3),
1771436122.136,0.1,71.21,4.7598,1.162,40.1,4,105610.543,3.49930,0.02706,0.4138,1.0000,0.4101,0.0000,0.2706,0.3409,0.4482,WARNING,False,3,5,,,,,,
1771436122.136,0.1,,,,,,,,,,,,,,,0.4482,WARNING,,3,,t2920_0,0.52,LOW,OFFLOAD,WARNING: heavy task offloaded (weight=0.52 >= 0.3),
1771436122.136,0.1,71.20,4.7599,1.125,37.5,4,23773.488,-15.30832,0.01798,0.4135,1.0000,0.4097,1.0000,0.1798,0.3227,0.6354,CRITICAL,False,3,5,,,,,,
1771436122.136,0.1,71.35,4.7698,1.092,35.1,4,105212.132,-45.42037,0.01805,0.4232,1.0000,0.3646,1.0000,0.1805,0.3058,0.6274,CRITICAL,False,3,5,,,,,,
1771436122.136,0.1,70.88,4.8077,1.060,32.9,3,-22969.552,89.46338,0.02150,0.3921,0.0000,0.1921,0.0000,0.2150,0.2751,0.1485,WARNING,False,3,5,,,,,,
1771436122.136,0.1,70.62,4.7941,1.031,30.8,3,-48820.191,59.68001,0.02314,0.3746,0.0000,0.2543,0.0000,0.2314,0.2604,0.1532,SAFE,False,8,0,,,,,,window_reset|B=8
1771436122.136,0.1,,,,,,,,,,,,,,,0.1532,SAFE,,7,,t2924_0,0.67,NORMAL,LOCAL,SAFE: all tasks permitted (weight=0.67),
1771436122.136,0.1,,,,,,,,,,,,,,,0.1532,SAFE,,6,,t2924_1,0.41,NORMAL,LOCAL,SAFE: all tasks permitted (weight=0.41),
1771436122.136,0.1,71.31,4.7572,1.202,43.0,5,63762.469,34.50650,0.02323,0.4206,1.0000,0.4219,0.0000,0.2323,0.3761,0.4538,WARNING,False,6,2,,,,,,
1771436122.136,0.1,,,,,,,,,,,,,,,0.4538,WARNING,,6,,t2925_0,0.82,NORMAL,OFFLOAD,WARNING: heavy task offloaded (weight=0.82 >= 0.3),
1771436122.136,0.1,,,,,,,,,,,,,,,0.4538,WARNING,,6,,t2925_1,0.36,NORMAL,OFFLOAD,WARNING: heavy task offloaded (weight=0.36 >= 0.3),
1771436122.136,0.1,71.70,4.7624,1.163,40.2,4,86710.800,36.49261,0.02163,0.4466,1.0000,0.3980,0.0000,0.2163,0.3415,0.4453,WARNING,False,6,2,,,,,,
1771436122.136,0.1,,,,,,,,,,,,,,,0.4453,WARNING,,6,,t2926_0,0.71,LOW,OFFLOAD,WARNING: heavy task offloaded (weight=0.71 >= 0.3),
1771436122.136,0.1,71.70,4.7890,1.126,37.6,4,,,0.02289,0.4466,0.0000,0.2774,0.0000,0.2289,0.3232,0.1772,SAFE,False,6,2,,,,,,
1771436122.136,0.1,,,,,,,,,,,,,,,0.1772,SAFE,,5,,t2927_0,0.60,CRITICAL,LOCAL,SAFE: all tasks permitted (weight=0.60),
1771436122.136,0.1,,,,,,,,,,,,,,,0.1772,SAFE,,4,,t2927_1,0.58,NORMAL,LOCAL,SAFE: all tasks permitted (weight=0.58),
1771436122.136,0.1,71.54,4.7358,1.310,50.7,5,,,0.02419,0.4360,0.0000,0.5190,0.0000,0.2419,0.4298,0.2299,SAFE,False,4,4,,,,,,
1771436122.136,0.1,,,,,,,,,,,,,,,0.2299,SAFE,,3,,t2928_0,0.27,CRITICAL,LOCAL,SAFE: all tasks permitted (weight=0.27),
1771436122.136,0.1,,,,,,,,,,,,,,,0.2299,SAFE,,2,,t2928_1,0.44,HIGH,LOCAL,SAFE: all tasks permitted (weight=0.44),
1771436122.136,0.1,72.54,4.7264,1.392,56.6,6,,,0.02546,0.5026,0.0000,0.5619,0.0000,0.2546,0.4861,0.2560,WARNING,False,2,6,,,,,,
1771436122.136,0.1,,,,,,,,,,,,,,,0.2560,WARNING,,2,,t2929_0,0.79,HIGH,OFFLOAD,WARNING: heavy task offloaded (weight=0.79 >= 0.3),
1771436122.136,0.1,72.35,4.7046,1.340,52.8,6,,,0.02960,0.4899,0.0000,0.6607,0.0000,0.2960,0.4599,0.2663,WARNING,False,2,6,,,,,,
1771436122.136,0.1,,,,,,,,,,,,,,,0.2663,WARNING,,1,,t2930_0,0.27,LOW,LOCAL,WARNING: lightweight task permitted (weight=0.27 < 0.3),
1771436122.136,0.1,72.96,4.7471,1.341,52.9,6,,,0.02789,0.5309,0.0000,0.4679,0.0000,0.2789,0.4605,0.2445,WARNING,False,1,7,,,,,,
1771436122.136,0.1,,,,,,,,,,,,,,,0.2445,WARNING,,1,,t2931_0,0.70,CRITICAL,OFFLOAD,WARNING: heavy task offloaded (weight=0.70 >= 0.3),
1771436122.136,0.1,73.56,4.6840,1.292,49.4,5,,,0.03482,0.5710,0.0000,0.7545,0.0000,0.3482,0.4211,0.2856,WARNING,False,1,7,,,,,,
1771436122.136,0.1,73.41,4.7348,1.247,46.2,5,,,0.03510,0.5607,0.0000,0.5236,0.0000,0.3510,0.3983,0.2501,WARNING,False,1,7,,,,,,
1771436122.136,0.1,,,,,,,,,,,,,,,0.2501,WARNING,,1,,t2933_0,0.81,HIGH,OFFLOAD,WARNING: heavy task offloaded (weight=0.81 >= 0.3),
1771436122.136,0.1,,,,,,,,,,,,,,,0.2501,WARNING,,1,,t2933_1,0.46,HIGH,OFFLOAD,WARNING: heavy task offloaded (weight=0.46 >= 0.3),
1771436122.136,0.1,73.73,4.7330,1.204,43.2,5,,,0.03494,0.5819,0.0000,0.5319,0.0000,0.3494,0.3772,0.2493,WARNING,False,1,7,,,,,,
1771436122.136,0.1,,,,,,,,,,,,,,,0.2493,WARNING,,1,,t2934_0,0.43,NORMAL,OFFLOAD,WARNING: heavy task offloaded (weight=0.43 >= 0.3),
1771436122.136,0.1,74.00,4.7829,1.165,40.4,4,,,0.03195,0.6002,0.0000,0.3052,0.0000,0.3195,0.3425,0.2121,WARNING,False,1,7,,,,,,
1771436122.136,0.1,,,,,,,,,,,,,,,0.2121,WARNING,,1,,t2935_0,0.31,NORMAL,OFFLOAD,WARNING: heavy task offloaded (weight=0.31 >= 0.3),
1771436122.136,0.1,73.81,4.7447,1.128,37.7,4,,,0.02847,0.5872,0.0000,0.4786,0.0000,0.2847,0.3242,0.2260,WARNING,False,1,7,,,,,,
1771436122.136,0.1,,,,,,,,,,,,,,,0.2260,WARNING,,0,,t2936_0,0.25,HIGH,LOCAL,WARNING: lightweight task permitted (weight=0.25 < 0.3),
1771436122.136,0.1,73.09,4.7522,1.141,38.6,4,,,0.02828,0.5392,0.0000,0.4446,0.0000,0.2828,0.3303,0.2169,WARNING,False,0,8,,,,,,
1771436122.136,0.1,,,,,,,,,,,,,,,0.2169,WARNING,,0,,t2937_0,0.46,NORMAL,OFFLOAD,WARNING: heavy task offloaded (weight=0.46 >= 0.3),
1771436122.136,0.1,73.69,4.7924,1.106,36.1,4,,,0.03120,0.5794,0.0000,0.2620,0.0000,0.3120,0.3129,0.1974,WARNING,False,0,8,,,,,,
1771436122.136,0.1,73.43,4.7616,1.073,33.8,3,,,0.02872,0.5623,0.0000,0.4017,0.0000,0.2872,0.2816,0.2047,WARNING,False,7,0,,,,,,window_reset|B=7
1771436122.136,0.1,73.54,4.7724,1.043,31.6,3,,,0.02986,0.5694,0.0000,0.3528,0.0000,0.2986,0.2665,0.1974,WARNING,False,7,0,,,,,,
1771436122.136,0.1,,,,,,,,,,,,,,,0.1974,WARNING,,7,,t2940_0,0.32,NORMAL,OFFLOAD,WARNING: heavy task offloaded (weight=0.32 >= 0.3),
1771436122.136,0.1,,,,,,,,,,,,,,,0.1974,WARNING,,7,,t2940_1,0.56,NORMAL,OFFLOAD,WARNING: heavy task offloaded (weight=0.56 >= 0.3),
1771436122.136,0.1,73.13,4.7676,1.015,29.6,3,,,0.02993,0.5421,0.0000,0.3745,0.0000,0.2993,0.2525,0.1942,WARNING,False,7,0,,,,,,
1771436122.136,0.1,,,,,,,,,,,,,,,0.1942,WARNING,,7,,t2941_0,0.36,NORMAL,OFFLOAD,WARNING: heavy task offloaded (weight=0.36 >= 0.3),
1771436122.136,0.1,73.41,4.8033,0.989,27.8,3,,,0.03040,0.5606,0.0000,0.2125,0.0000,0.3040,0.2395,0.1732,SAFE,False,7,0,,,,,,
1771436122.136,0.1,,,,,,,,,,,,,,,0.1732,SAFE,,6,,t2942_0,0.69,LOW,LOCAL,SAFE: all tasks permitted (weight=0.69),
1771436122.136,0.1,72.50,4.7584,1.092,35.1,4,,,0.03028,0.5001,0.0000,0.4162,0.0000,0.3028,0.3058,0.2056,SAFE,False,6,1,,,,,,
1771436122.137,0.1,,,,,,,,,,,,,,,0.2056,SAFE,,5,,t2943_0,0.43,NORMAL,LOCAL,SAFE: all tasks permitted (weight=0.43),
1771436122.137,0.1,72.57,4.7223,1.139,38.5,4,-73816.721,-22.32915,0.02369,0.5050,0.0000,0.5803,1.0000,0.2369,0.3295,0.4256,WARNING,False,5,2,,,,,,
1771436122.137,0.1,72.99,4.7788,1.104,36.0,4,-6006.813,26.58519,0.02282,0.5326,0.0000,0.3235,0.0000,0.2282,0.3121,0.1912,WARNING,False,5,2,,,,,,
1771436122.137,0.1,,,,,,,,,,,,,,,0.1912,WARNING,,5,,t2945_0,0.49,NORMAL,OFFLOAD,WARNING: heavy task offloaded (weight=0.49 >= 0.3),
1771436122.137,0.1,72.51,4.7869,1.072,33.7,3,-70641.703,-5.42481,0.02152,0.5008,0.0000,0.2867,1.0000,0.2152,0.2809,0.3751,WARNING,False,5,2,,,,,,
1771436122.137,0.1,,,,,,,,,,,,,,,0.3751,WARNING,,5,,t2946_0,0.62,NORMAL,OFFLOAD,WARNING: heavy task offloaded (weight=0.62 >= 0.3),
1771436122.137,0.1,,,,,,,,,,,,,,,0.3751,WARNING,,5,,t2946_1,0.66,NORMAL,OFFLOAD,WARNING: heavy task offloaded (weight=0.66 >= 0.3),
1771436122.137,0.1,72.51,4.8047,1.042,31.5,3,-55069.817,42.99305,0.02348,0.5009,0.0000,0.2058,0.0000,0.2348,0.2658,0.1635,SAFE,False,5,2,,,,,,
1771436122.137,0.1,71.79,4.8093,1.014,29.6,3,-104631.022,36.85681,0.02435,0.4529,0.0000,0.1849,0.0000,0.2435,0.2519,0.1531,SAFE,False,5,2,,,,,,
1771436122.137,0.1,,,,,,,,,,,,,,,0.1531,SAFE,,4,,t2948_0,0.47,LOW,LOCAL,SAFE: all tasks permitted (weight=0.47),
1771436122.137,0.1,72.20,4.7610,1.075,33.9,3,-55937.922,-6.55553,0.02375,0.4798,0.0000,0.4043,1.0000,0.2375,0.2823,0.3904,WARNING,False,4,3,,,,,,
1771436122.137,0.1,,,,,,,,,,,,,,,0.3904,WARNING,,3,,t2949_0,0.28,HIGH,LOCAL,WARNING: lightweight task permitted (weight=0.28 < 0.3),
1771436122.137,0.1,71.95,4.7588,1.095,35.4,4,-87079.401,-44.35552,0.02371,0.4636,0.0000,0.4146,1.0000,0.2371,0.3076,0.3948,WARNING,False,3,4,,,,,,
1771436122.138,0.1,,,,,,,,,,,,,,,0.3948,WARNING,,3,,t2950_0,0.37,CRITICAL,OFFLOAD,WARNING: heavy task offloaded (weight=0.37 >= 0.3),
1771436122.138,0.1,71.62,4.7810,1.064,33.1,3,-32410.465,13.74426,0.02348,0.4411,0.0000,0.3137,0.0000,0.2348,0.2768,0.1725,SAFE,False,3,4,,,,,,
1771436122.141,0.1,71.97,4.7727,1.034,31.0,3,-9922.247,13.79573,0.02348,0.4647,0.0000,0.3514,0.0000,0.2348,0.2620,0.1773,SAFE,False,3,4,,,,,,
1771436122.141,0.1,71.31,4.8091,1.007,29.0,3,-27617.641,8.29164,0.02508,0.4205,0.0000,0.1859,0.0000,0.2508,0.2483,0.1494,SAFE,False,3,4,,,,,,
1771436122.141,0.1,,,,,,,,,,,,,,,0.1494,SAFE,,2,,t2953_0,0.35,NORMAL,LOCAL,SAFE: all tasks permitted (weight=0.35),
1771436122.141,0.1,71.54,4.7564,1.046,31.9,3,-16033.737,-8.35227,0.02462,0.4357,0.0000,0.4253,1.0000,0.2462,0.2682,0.3858,WARNING,False,6,0,,,,,,window_reset|B=6
1771436122.141,0.1,,,,,,,,,,,,,,,0.3858,WARNING,,6,,t2954_0,0.73,CRITICAL,OFFLOAD,WARNING: heavy task offloaded (weight=0.73 >= 0.3),
1771436122.141,0.1,72.34,4.7949,1.018,29.9,3,-2878.609,-2.67531,0.02464,0.4892,0.0000,0.2502,1.0000,0.2464,0.2541,0.3667,WARNING,False,6,0,,,,,,
1771436122.141,0.1,70.48,4.7858,0.992,28.0,3,-21667.605,-6.45320,0.01805,0.3650,0.0000,0.2920,1.0000,0.1805,0.2409,0.3480,WARNING,False,6,0,,,,,,
1771436122.141,0.1,71.20,4.8155,0.967,26.2,2,-16389.228,14.90438,0.02003,0.4133,0.0000,0.1570,0.0000,0.2003,0.2137,0.1328,SAFE,False,6,0,,,,,,
1771436122.141,0.1,,,,,,,,,,,,,,,0.1328,SAFE,,5,,t2957_0,0.77,NORMAL,LOCAL,SAFE: all tasks permitted (weight=0.77),
1771436122.141,0.1,71.28,4.7472,1.087,34.8,3,-9557.508,-2.74762,0.02275,0.4189,0.0000,0.4671,1.0000,0.2275,0.2885,0.3914,WARNING,False,5,1,,,,,,
1771436122.141,0.1,,,,,,,,,,,,,,,0.3914,WARNING,,5,,t2958_0,0.77,NORMAL,OFFLOAD,WARNING: heavy task offloaded (weight=0.77 >= 0.3),
1771436122.141,0.1,,,,,,,,,,,,,,,0.3914,WARNING,,5,,t2958_1,0.47,LOW,OFFLOAD,WARNING: heavy task offloaded (weight=0.47 >= 0.3),
1771436122.141,0.1,71.19,4.8126,1.056,32.6,3,-7079.757,8.86251,0.02347,0.4130,0.0000,0.1701,0.0000,0.2347,0.2729,0.1497,SAFE,False,5,1,,,,,,
1771436122.141,0.1,,,,,,,,,,,,,,,0.1497,SAFE,,4,,t2959_0,0.21,LOW,LOCAL,SAFE: all tasks permitted (weight=0.21),
1771436122.141,0.1,70.96,4.7732,1.066,33.3,3,-109459.378,0.84855,0.02228,0.3975,0.0000,0.3493,0.0000,0.2228,0.2780,0.1710,SAFE,False,4,2,,,,,,
1771436122.141,0.1,,,,,,,,,,,,,,,0.1710,SAFE,,3,,t2960_0,0.63,LOW,LOCAL,SAFE: all tasks permitted (weight=0.63),
1771436122.141,0.1,71.02,4.7581,1.154,39.6,4,-31709.575,-92.19826,0.02251,0.4010,0.0000,0.4176,1.0000,0.2251,0.3370,0.3923,WARNING,False,3,3,,,,,,
1771436122.141,0.1,70.81,4.7453,1.118,37.0,4,-79157.307,-20.08466,0.02385,0.3871,0.0000,0.4758,1.0000,0.2385,0.3190,0.3960,WARNING,False,3,3,,,,,,
1771436122.141,0.1,,,,,,,,,,,,,,,0.3960,WARNING,,3,,t2962_0,0.35,LOW,OFFLOAD,WARNING: heavy task offloaded (weight=0.35 >= 0.3),
1771436122.141,0.1,71.14,4.7698,1.085,34.6,3,-129903.303,-45.43110,0.02399,0.4094,0.0000,0.3644,1.0000,0.2399,0.2874,0.3780,WARNING,False,3,3,,,,,,
1771436122.142,0.1,,,,,,,,,,,,,,,0.3780,WARNING,,3,,t2963_0,0.61,NORMAL,OFFLOAD,WARNING: heavy task offloaded (weight=0.61 >= 0.3),
1771436122.144,0.1,70.72,4.7771,1.054,32.4,3,5148.676,-3.08228,0.02393,0.3810,1.0000,0.3313,1.0000,0.2393,0.2719,0.6171,CRITICAL,False,3,3,,,,,,
1771436122.144,0.1,70.70,4.7888,1.025,30.4,3,-10747.150,-9.50505,0.02239,0.3798,0.0000,0.2781,1.0000,0.2239,0.2575,0.3556,WARNING,False,3,3,,,,,,
1771436122.144,0.1,,,,,,,,,,,,,,,0.3556,WARNING,,2,,t2965_0,0.24,LOW,LOCAL,WARNING: lightweight task permitted (weight=0.24 < 0.3),
1771436122.144,0.1,,,,,,,,,,,,,,,0.3556,WARNING,,2,,t2965_1,0.78,NORMAL,OFFLOAD,WARNING: heavy task offloaded (weight=0.78 >= 0.3),
1771436122.144,0.1,70.66,4.7909,1.043,31.6,3,-16773.684,19.41587,0.02177,0.3770,0.0000,0.2686,0.0000,0.2177,0.2663,0.1552,SAFE,False,2,4,,,,,,
1771436122.144,0.1,,,,,,,,,,,,,,,0.1552,SAFE,,1,,t2966_0,0.33,HIGH,LOCAL,SAFE: all tasks permitted (weight=0.33),
1771436122.144,0.1,70.58,4.7674,1.075,33.9,3,-16475.163,-20.10053,0.02151,0.3718,0.0000,0.3755,1.0000,0.2151,0.2825,0.3715,WARNING,False,1,5,,,,,,
1771436122.144,0.1,70.40,4.7543,1.045,31.8,3,-14979.645,-8.39395,0.02227,0.3600,0.0000,0.4351,1.0000,0.2227,0.2673,0.3755,WARNING,False,1,5,,,,,,
1771436122.144,0.1,,,,,,,,,,,,,,,0.3755,WARNING,,1,,t2968_0,0.80,NORMAL,OFFLOAD,WARNING: heavy task offloaded (weight=0.80 >= 0.3),
1771436122.144,0.1,,,,,,,,,,,,,,,0.3755,WARNING,,1,,t2968_1,0.56,HIGH,OFFLOAD,WARNING: heavy task offloaded (weight=0.56 >= 0.3),
1771436122.144,0.1,70.19,4.8127,1.016,29.7,3,-22024.086,24.27853,0.02187,0.3460,0.0000,0.1694,0.0000,0.2187,0.2532,0.1361,SAFE,False,8,0,,,,,,window_reset|B=8
1771436122.144,0.1,70.20,4.7754,0.990,27.9,3,-16244.288,13.35634,0.02023,0.3465,0.0000,0.3393,0.0000,0.2023,0.2401,0.1539,SAFE,False,8,0,,,,,,
1771436122.144,0.1,,,,,,,,,,,,,,,0.1539,SAFE,,7,,t2970_0,0.37,CRITICAL,LOCAL,SAFE: all tasks permitted (weight=0.37),
1771436122.144,0.1,70.36,4.8220,1.035,31.1,3,-20983.112,23.18997,0.02172,0.3570,0.0000,0.1273,0.0000,0.2172,0.2625,0.1336,SAFE,False,7,1,,,,,,
1771436122.144,0.1,69.87,4.7762,1.007,29.1,3,,,0.02168,0.3247,0.0000,0.3356,0.0000,0.2168,0.2487,0.1540,SAFE,False,7,1,,,,,,
1771436122.144,0.1,,,,,,,,,,,,,,,0.1540,SAFE,,6,,t2972_0,0.42,NORMAL,LOCAL,SAFE: all tasks permitted (weight=0.42),
1771436122.144,0.1,70.05,4.7561,1.061,32.9,3,,,0.02184,0.3364,0.0000,0.4269,0.0000,0.2184,0.2754,0.1728,SAFE,False,6,2,,,,,,
1771436122.146,0.1,,,,,,,,,,,,,,,0.1728,SAFE,,5,,t2973_0,0.36,LOW,LOCAL,SAFE: all tasks permitted (weight=0.36),
1771436122.146,0.1,69.31,4.7575,1.099,35.6,4,-40825.841,-16.86777,0.02055,0.2872,0.0000,0.4204,1.0000,0.2055,0.3093,0.3715,WARNING,False,5,3,,,,,,
1771436122.146,0.1,,,,,,,,,,,,,,,0.3715,WARNING,,4,,t2974_0,0.28,NORMAL,LOCAL,WARNING: lightweight task permitted (weight=0.28 < 0.3),
1771436122.146,0.1,69.42,4.7639,1.119,37.1,4,-35020.050,-1.78064,0.02083,0.2948,0.0000,0.3916,1.0000,0.2083,0.3194,0.3710,WARNING,False,4,4,,,,,,
1771436122.146,0.1,,,,,,,,,,,,,,,0.3710,WARNING,,3,,t2975_0,0.25,LOW,LOCAL,WARNING: lightweight task permitted (weight=0.25 < 0.3),
1771436122.146,0.1,70.41,4.8072,1.131,37.9,4,343.932,26.71935,0.02227,0.3608,1.0000,0.1946,0.0000,0.2227,0.3255,0.4060,WARNING,False,3,5,,,,,,
1771436122.146,0.1,,,,,,,,,,,,,,,0.4060,WARNING,,3,,t2976_0,0.74,LOW,OFFLOAD,WARNING: heavy task offloaded (weight=0.74 >= 0.3),
1771436122.146,0.1,,,,,,,,,,,,,,,0.4060,WARNING,,3,,t2976_1,0.80,HIGH,OFFLOAD,WARNING: heavy task offloaded (weight=0.80 >= 0.3),
1771436122.146,0.1,70.13,4.7702,1.097,35.5,4,-1757.601,-21.48115,0.02232,0.3421,0.0000,0.3627,1.0000,0.2232,0.3084,0.3722,WARNING,False,3,5,,,,,,
1771436122.147,0.1,,,,,,,,,,,,,,,0.3722,WARNING,,3,,t2977_0,0.43,NORMAL,OFFLOAD,WARNING: heavy task offloaded (weight=0.43 >= 0.3),
1771436122.147,0.1,69.78,4.7710,1.065,33.2,3,-8362.846,-1.47525,0.02215,0.3188,0.0000,0.3593,1.0000,0.2215,0.2775,0.3626,WARNING,False,3,5,,,,,,
1771436122.147,0.1,,,,,,,,,,,,,,,0.3626,WARNING,,3,,t2978_0,0.50,CRITICAL,OFFLOAD,WARNING: heavy task offloaded (weight=0.50 >= 0.3),
1771436122.147,0.1,,,,,,,,,,,,,,,0.3626,WARNING,,2,,t2978_1,0.21,LOW,LOCAL,WARNING: lightweight task permitted (weight=0.21 < 0.3),
1771436122.147,0.1,69.90,4.7525,1.074,33.8,3,-9150.680,-23.27261,0.02310,0.3267,0.0000,0.4431,1.0000,0.2310,0.2818,0.3763,WARNING,False,2,6,,,,,,
1771436122.147,0.1,,,,,,,,,,,,,,,0.3763,WARNING,,2,,t2979_0,0.60,NORMAL,OFFLOAD,WARNING: heavy task offloaded (weight=0.60 >= 0.3),
1771436122.147,0.1,69.97,4.7666,1.043,31.7,3,1971.049,-3.21135,0.02235,0.3313,1.0000,0.3792,1.0000,0.2235,0.2667,0.6147,CRITICAL,False,2,6,,,,,,
1771436122.147,0.1,69.35,4.7675,1.015,29.7,3,-13895.393,3.82851,0.01977,0.2903,0.0000,0.3749,0.0000,0.1977,0.2527,0.1539,WARNING,False,2,6,,,,,,
1771436122.147,0.1,,,,,,,,,,,,,,,0.1539,WARNING,,2,,t2981_0,0.78,LOW,OFFLOAD,WARNING: heavy task offloaded (weight=0.78 >= 0.3),
1771436122.147,0.1,69.68,4.7776,0.989,27.8,3,22453.934,20.00523,0.01979,0.3123,1.0000,0.3290,0.0000,0.1979,0.2396,0.3980,WARNING,False,2,6,,,,,,
1771436122.147,0.1,,,,,,,,,,,,,,,0.3980,WARNING,,2,,t2982_0,0.42,LOW,OFFLOAD,WARNING: heavy task offloaded (weight=0.42 >= 0.3),
1771436122.147,0.1,69.43,4.8145,0.965,26.1,2,372.171,29.72383,0.01833,0.2955,1.0000,0.1615,0.0000,0.1833,0.2124,0.3673,WARNING,False,2,6,,,,,,
1771436122.147,0.1,,,,,,,,,,,,,,,0.3673,WARNING,,1,,t2983_0,0.22,LOW,LOCAL,WARNING: lightweight task permitted (weight=0.22 < 0.3),
1771436122.147,0.1,69.21,4.8014,0.984,27.4,3,-42235.185,-3.37897,0.01991,0.2809,0.0000,0.2207,1.0000,0.1991,0.2369,0.3297,WARNING,False,6,0,,,,,,window_reset|B=6
1771436122.147,0.1,,,,,,,,,,,,,,,0.3297,WARNING,,5,,t2984_0,0.28,LOW,LOCAL,WARNING: lightweight task permitted (weight=0.28 < 0.3),
1771436122.147,0.1,68.95,4.7945,1.013,29.5,3,-41541.804,14.29744,0.01962,0.2635,0.0000,0.2521,0.0000,0.1962,0.2513,0.1343,SAFE,False,5,1,,,,,,
1771436122.147,0.1,,,,,,,,,,,,,,,0.1343,SAFE,,4,,t2985_0,0.60,HIGH,LOCAL,SAFE: all tasks permitted (weight=0.60),
1771436122.147,0.1,69.11,4.7538,1.098,35.5,4,-58090.969,-24.55439,0.01998,0.2737,0.0000,0.4372,1.0000,0.1998,0.3088,0.3714,WARNING,False,4,2,,,,,,
1771436122.148,0.1,,,,,,,,,,,,,,,0.3714,WARNING,,4,,t2986_0,0.81,CRITICAL,OFFLOAD,WARNING: heavy task offloaded (weight=0.81 >= 0.3),
1771436122.148,0.1,69.03,4.7759,1.066,33.3,3,-43594.229,19.47899,0.01952,0.2684,0.0000,0.3366,0.0000,0.1952,0.2779,0.1511,SAFE,False,4,2,,,,,,
1771436122.148,0.1,,,,,,,,,,,,,,,0.1511,SAFE,,3,,t2987_0,0.41,LOW,LOCAL,SAFE: all tasks permitted (weight=0.41),
1771436122.148,0.1,69.52,4.7626,1.112,36.6,4,-22436.103,-3.31235,0.01806,0.3013,0.0000,0.3973,1.0000,0.1806,0.3162,0.3691,WARNING,False,3,3,,,,,,
1771436122.148,0.1,69.16,4.7700,1.080,34.3,3,-9615.546,2.08025,0.01807,0.2775,0.0000,0.3636,0.0000,0.1807,0.2848,0.1556,SAFE,False,3,3,,,,,,
1771436122.148,0.1,,,,,,,,,,,,,,,0.1556,SAFE,,2,,t2989_0,0.71,HIGH,LOCAL,SAFE: all tasks permitted (weight=0.71),
1771436122.148,0.1,69.35,4.7449,1.182,41.6,4,-16487.092,-27.18869,0.01997,0.2903,0.0000,0.4777,1.0000,0.1997,0.3509,0.3871,WARNING,False,2,4,,,,,,
1771436122.148,0.1,69.36,4.7772,1.144,38.9,4,-7994.151,-73.73615,0.01895,0.2910,0.0000,0.3308,1.0000,0.1895,0.3320,0.3633,WARNING,False,2,4,,,,,,
1771436122.148,0.1,,,,,,,,,,,,,,,0.3633,WARNING,,1,,t2991_0,0.26,LOW,LOCAL,WARNING: lightweight task permitted (weight=0.26 < 0.3),
1771436122.148,0.1,69.56,4.7189,1.158,39.9,4,41459.386,-163.29322,0.02457,0.3042,1.0000,0.5957,1.0000,0.2457,0.3391,0.6563,CRITICAL,False,1,5,,,,,,
1771436122.148,0.1,,,,,,,,,,,,,,,0.6563,CRITICAL,,1,,t2992_0,0.78,HIGH,OFFLOAD,CRITICAL: non-critical task offloaded (priority=HIGH),
1771436122.148,0.1,69.58,4.7537,1.122,37.3,4,74761.873,-80.90964,0.02505,0.3055,1.0000,0.4379,1.0000,0.2505,0.3210,0.6328,CRITICAL,False,1,5,,,,,,
1771436122.148,0.1,,,,,,,,,,,,,,,0.6328,CRITICAL,,1,,t2993_0,0.83,NORMAL,OFFLOAD,CRITICAL: non-critical task offloaded (priority=NORMAL),
1771436122.148,0.1,,,,,,,,,,,,,,,0.6328,CRITICAL,,1,,t2993_1,0.73,HIGH,OFFLOAD,CRITICAL: non-critical task offloaded (priority=HIGH),
1771436122.148,0.1,69.62,4.7639,1.088,34.9,3,61223.950,19.91420,0.02501,0.3081,1.0000,0.3914,0.0000,0.2501,0.2892,0.4207,CRITICAL,False,1,5,,,,,,
1771436122.148,0.1,,,,,,,,,,,,,,,0.4207,CRITICAL,,1,,t2994_0,0.60,NORMAL,OFFLOAD,CRITICAL: non-critical task offloaded (priority=NORMAL),
1771436122.148,0.1,,,,,,,,,,,,,,,0.4207,CRITICAL,,1,,t2994_1,0.54,NORMAL,OFFLOAD,CRITICAL: non-critical task offloaded (priority=NORMAL),
1771436122.148,0.1,69.82,4.8035,1.057,32.7,3,87454.110,50.78635,0.02349,0.3210,1.0000,0.2115,0.0000,0.2349,0.2736,0.3942,WARNING,False,1,5,,,,,,
1771436122.148,0.1,,,,,,,,,,,,,,,0.3942,WARNING,,0,,t2995_0,0.23,CRITICAL,LOCAL,WARNING: lightweight task permitted (weight=0.23 < 0.3),
1771436122.148,0.1,69.06,4.7593,1.071,33.6,3,-51215.248,-6.02424,0.02134,0.2704,0.0000,0.4121,1.0000,0.2134,0.2804,0.3634,WARNING,False,0,6,,,,,,
1771436122.148,0.1,,,,,,,,,,,,,,,0.3634,WARNING,,0,,t2996_0,0.50,LOW,OFFLOAD,WARNING: heavy task offloaded (weight=0.50 >= 0.3),
1771436122.148,0.1,69.68,4.8047,1.041,31.5,3,57238.138,63.98629,0.02266,0.3119,1.0000,0.2059,0.0000,0.2266,0.2654,0.3899,WARNING,False,0,6,,,,,,
1771436122.148,0.1,69.76,4.8128,1.013,29.5,3,45290.062,125.25687,0.02573,0.3175,1.0000,0.1691,0.0000,0.2573,0.2514,0.3861,WARNING,False,0,6,,,,,,
1771436122.148,0.1,,,,,,,,,,,,,,,0.3861,WARNING,,0,,t2998_0,0.79,CRITICAL,OFFLOAD,WARNING: heavy task offloaded (weight=0.79 >= 0.3),
1771436122.148,0.1,69.36,4.7792,0.987,27.6,3,-788.726,3.56511,0.02580,0.2905,0.0000,0.3220,0.0000,0.2580,0.2384,0.1502,SAFE,False,8,0,,,,,,window_reset|B=8
1771436122.148,0.1,,,,,,,,,,,,,,,0.1502,SAFE,,7,,t2999_0,0.38,NORMAL,LOCAL,SAFE: all tasks permitted (weight=0.38),
1771436122.148,0.1,69.53,4.8315,1.033,30.9,3,-3113.415,207.78992,0.03056,0.3023,0.0000,0.0839,0.0000,0.3056,0.2615,0.1300,SAFE,False,7,1,,,,,,
1771436122.148,0.1,68.94,4.7722,1.006,29.0,3,-70831.736,34.14925,0.03052,0.2629,0.0000,0.3538,0.0000,0.3052,0.2478,0.1576,SAFE,False,7,1,,,,,,
1771436122.148,0.1,,,,,,,,,,,,,,,0.1576,SAFE,,6,,t3001_0,0.37,CRITICAL,LOCAL,SAFE: all tasks permitted (weight=0.37),
1771436122.148,0.1,68.67,4.8134,1.050,32.1,3,-105360.054,91.30137,0.03043,0.2446,0.0000,0.1665,0.0000,0.3043,0.2698,0.1354,SAFE,False,6,2,,,,,,
1771436122.148,0.1,,,,,,,,,,,,,,,0.1354,SAFE,,5,,t3002_0,0.46,NORMAL,LOCAL,SAFE: all tasks permitted (weight=0.46),
1771436122.148,0.1,68.63,4.7997,1.106,36.2,4,,,0.03073,0.2421,0.0000,0.2287,0.0000,0.3073,0.3131,0.1521,SAFE,False,5,3,,,,,,
1771436122.148,0.1,69.40,4.7567,1.074,33.8,3,,,0.02533,0.2936,0.0000,0.4243,0.0000,0.2533,0.2819,0.1721,SAFE,False,5,3,,,,,,
1771436122.148,0.1,69.05,4.8119,1.044,31.7,3,,,0.02392,0.2703,0.0000,0.1730,0.0000,0.2392,0.2668,0.1322,SAFE,False,5,3,,,,,,
1771436122.148,0.1,,,,,,,,,,,,,,,0.1322,SAFE,,4,,t3005_0,0.62,NORMAL,LOCAL,SAFE: all tasks permitted (weight=0.62),
1771436122.148,0.1,69.29,4.7856,1.131,37.9,4,,,0.02247,0.2857,0.0000,0.2928,0.0000,0.2247,0.3253,0.1599,SAFE,False,4,4,,,,,,
1771436122.148,0.1,69.13,4.7609,1.096,35.5,4,,,0.02404,0.2756,0.0000,0.4052,0.0000,0.2404,0.3082,0.1714,SAFE,False,4,4,,,,,,
1771436122.148,0.1,,,,,,,,,,,,,,,0.1714,SAFE,,3,,t3007_0,0.28,NORMAL,LOCAL,SAFE: all tasks permitted (weight=0.28),
1771436122.148,0.1,68.39,4.7489,1.118,37.0,4,,,0.02531,0.2260,0.0000,0.4597,0.0000,0.2531,0.3188,0.1760,SAFE,False,3,5,,,,,,
1771436122.148,0.1,,,,,,,,,,,,,,,0.1760,SAFE,,2,,t3008_0,0.27,HIGH,LOCAL,SAFE: all tasks permitted (weight=0.27),
1771436122.148,0.1,69.36,4.7639,1.136,38.3,4,,,0.02581,0.2906,0.0000,0.3912,0.0000,0.2581,0.3278,0.1771,SAFE,False,2,6,,,,,,
1771436122.148,0.1,69.45,4.7648,1.101,35.8,4,,,0.02512,0.2964,0.0000,0.3875,0.0000,0.2512,0.3105,0.1732,SAFE,False,2,6,,,,,,
1771436122.148,0.1,69.18,4.7855,1.069,33.5,3,,,0.02512,0.2786,0.0000,0.2932,0.0000,0.2512,0.2795,0.1526,SAFE,False,2,6,,,,,,
1771436122.148,0.1,,,,,,,,,,,,,,,0.1526,SAFE,,1,,t3011_0,0.78,NORMAL,LOCAL,SAFE: all tasks permitted (weight=0.78),
1771436122.148,0.1,69.47,4.7290,1.184,41.7,4,,,0.02455,0.2983,0.0000,0.5499,0.0000,0.2455,0.3520,0.2022,SAFE,False,1,7,,,,,,
1771436122.148,0.1,,,,,,,,,,,,,,,0.2022,SAFE,,0,,t3012_0,0.84,CRITICAL,LOCAL,SAFE: all tasks permitted (weight=0.84),
1771436122.148,0.1,,,,,,,,,,,,,,,0.2022,SAFE,,0,,t3012_1,0.45,LOW,OFFLOAD,"Budget exhausted (B=0), offloading. Original: SAFE: all tasks permitted (weight=0.45)",
1771436122.148,0.1,69.80,4.7579,1.302,50.2,5,,,0.02497,0.3198,0.0000,0.4188,0.0000,0.2497,0.4262,0.2030,SAFE,False,0,8,,,,,,
1771436122.148,0.1,,,,,,,,,,,,,,,0.2030,SAFE,,0,,t3013_0,0.70,NORMAL,OFFLOAD,"Budget exhausted (B=0), offloading. Original: SAFE: all tasks permitted (weight=0.70)",
1771436122.148,0.1,70.21,4.7328,1.256,46.9,5,,,0.02407,0.3472,0.0000,0.5326,0.0000,0.2407,0.4031,0.2156,SAFE,False,7,0,,,,,,window_reset|B=7
1771436122.148,0.1,70.89,4.7467,1.213,43.8,5,,,0.02237,0.3929,0.0000,0.4694,0.0000,0.2237,0.3816,0.2069,SAFE,False,7,0,,,,,,
1771436122.148,0.1,,,,,,,,,,,,,,,0.2069,SAFE,,6,,t3015_0,0.66,HIGH,LOCAL,SAFE: all tasks permitted (weight=0.66),
1771436122.148,0.1,,,,,,,,,,,,,,,0.2069,SAFE,,5,,t3015_1,0.59,CRITICAL,LOCAL,SAFE: all tasks permitted (weight=0.59),
1771436122.148,0.1,71.27,4.6348,1.407,57.6,6,,,0.04175,0.4181,0.0000,0.9780,0.0000,0.4175,0.4935,0.3178,WARNING,False,5,2,,,,,,
1771436122.148,0.1,,,,,,,,,,,,,,,0.3178,WARNING,,5,,t3016_0,0.81,HIGH,OFFLOAD,WARNING: heavy task offloaded (weight=0.81 >= 0.3),
1771436122.148,0.1,70.90,4.7279,1.354,53.8,6,,,0.03797,0.3932,0.0000,0.5548,0.0000,0.3797,0.4668,0.2506,WARNING,False,5,2,,,,,,
1771436122.148,0.1,,,,,,,,,,,,,,,0.2506,WARNING,,5,,t3017_0,0.65,NORMAL,OFFLOAD,WARNING: heavy task offloaded (weight=0.65 >= 0.3),
1771436122.148,0.1,71.30,4.7347,1.304,50.3,5,,,0.03598,0.4201,0.0000,0.5239,0.0000,0.3598,0.4269,0.2399,WARNING,False,5,2,,,,,,
1771436122.148,0.1,,,,,,,,,,,,,,,0.2399,WARNING,,5,,t3018_0,0.35,HIGH,OFFLOAD,WARNING: heavy task offloaded (weight=0.35 >= 0.3),
1771436122.148,0.1,71.82,4.7695,1.257,47.0,5,,,0.03646,0.4546,0.0000,0.3660,0.0000,0.3646,0.4037,0.2193,WARNING,False,5,2,,,,,,
1771436122.149,0.1,,,,,,,,,,,,,,,0.2193,WARNING,,5,,t3019_0,0.60,LOW,OFFLOAD,WARNING: heavy task offloaded (weight=0.60 >= 0.3),
1771436122.149,0.1,,,,,,,,,,,,,,,0.2193,WARNING,,5,,t3019_1,0.80,LOW,OFFLOAD,WARNING: heavy task offloaded (weight=0.80 >= 0.3),
1771436122.149,0.1,71.72,4.7145,1.214,43.9,5,134384.044,-14.47291,0.03710,0.4483,1.0000,0.6160,1.0000,0.3710,0.3822,0.6974,CRITICAL,False,5,2,,,,,,
1771436122.149,0.1,72.15,4.7869,1.174,41.0,4,140611.944,28.88267,0.03891,0.4767,1.0000,0.2869,0.0000,0.3891,0.3471,0.4528,CRITICAL,False,5,2,,,,,,
1771436122.149,0.1,,,,,,,,,,,,,,,0.4528,CRITICAL,,5,,t3021_0,0.28,HIGH,OFFLOAD,CRITICAL: non-critical task offloaded (priority=HIGH),
1771436122.149,0.1,72.31,4.7457,1.137,38.4,4,125718.288,12.76029,0.03827,0.4875,1.0000,0.4743,0.0000,0.3827,0.3285,0.4741,CRITICAL,False,5,2,,,,,,
1771436122.149,0.1,,,,,,,,,,,,,,,0.4741,CRITICAL,,5,,t3022_0,0.81,LOW,OFFLOAD,CRITICAL: non-critical task offloaded (priority=LOW),
1771436122.149,0.1,72.04,4.7735,1.102,35.9,4,68314.026,26.66105,0.03718,0.4691,1.0000,0.3476,0.0000,0.3718,0.3112,0.4509,CRITICAL,False,5,2,,,,,,
1771436122.149,0.1,71.92,4.7809,1.070,33.6,3,38587.115,145.41470,0.03888,0.4611,1.0000,0.3140,0.0000,0.3888,0.2801,0.4411,CRITICAL,False,5,2,,,,,,
1771436122.149,0.1,,,,,,,,,,,,,,,0.4411,CRITICAL,,5,,t3024_0,0.30,HIGH,OFFLOAD,CRITICAL: non-critical task offloaded (priority=HIGH),
1771436122.149,0.1,71.51,4.7557,1.040,31.4,3,36519.934,27.62154,0.03881,0.4339,1.0000,0.4287,0.0000,0.3881,0.2651,0.4496,CRITICAL,False,5,2,,,,,,
1771436122.149,0.1,,,,,,,,,,,,,,,0.4496,CRITICAL,,5,,t3025_0,0.48,LOW,OFFLOAD,CRITICAL: non-critical task offloaded (priority=LOW),
1771436122.149,0.1,72.15,4.8112,1.012,29.4,3,50648.267,76.09035,0.04308,0.4767,1.0000,0.1765,0.0000,0.4308,0.2511,0.4235,CRITICAL,False,5,2,,,,,,
1771436122.149,0.1,71.97,4.7896,0.986,27.6,3,8785.293,20.01945,0.04453,0.4644,1.0000,0.2746,0.0000,0.4453,0.2382,0.4336,CRITICAL,False,5,2,,,,,,
1771436122.149,0.1,71.13,4.8247,0.962,25.9,2,,,0.03205,0.4089,0.0000,0.1151,0.0000,0.3205,0.2111,0.1383,WARNING,False,5,2,,,,,,
1771436122.149,0.1,,,,,,,,,,,,,,,0.1383,WARNING,,5,,t3028_0,0.76,CRITICAL,OFFLOAD,WARNING: heavy task offloaded (weight=0.76 >= 0.3),
1771436122.149,0.1,,,,,,,,,,,,,,,0.1383,WARNING,,5,,t3028_1,0.50,HIGH,OFFLOAD,WARNING: heavy task offloaded (weight=0.50 >= 0.3),
1771436122.149,0.1,70.51,4.8205,0.940,24.3,2,,,0.03264,0.3670,0.0000,0.1340,0.0000,0.3264,0.1999,0.1341,SAFE,False,8,0,,,,,,window_reset|B=8
1771436122.149,0.1,,,,,,,,,,,,,,,0.1341,SAFE,,7,,t3029_0,0.58,NORMAL,LOCAL,SAFE: all tasks permitted (weight=0.58),
1771436122.149,0.1,70.83,4.7975,1.028,30.5,3,,,0.03063,0.3884,0.0000,0.2389,0.0000,0.3063,0.2588,0.1601,SAFE,False,7,1,,,,,,
1771436122.149,0.1,,,,,,,,,,,,,,,0.1601,SAFE,,6,,t3030_0,0.27,NORMAL,LOCAL,SAFE: all tasks permitted (weight=0.27),
1771436122.149,0.1,70.33,4.7903,1.051,32.2,3,,,0.03053,0.3554,0.0000,0.2715,0.0000,0.3053,0.2703,0.1625,SAFE,False,6,2,,,,,,
1771436122.149,0.1,,,,,,,,,,,,,,,0.1625,SAFE,,5,,t3031_0,0.77,HIGH,LOCAL,SAFE: all tasks permitted (weight=0.77),
1771436122.149,0.1,71.26,4.7566,1.166,40.4,4,,,0.02429,0.4176,0.0000,0.4248,0.0000,0.2429,0.3431,0.1982,SAFE,False,5,3,,,,,,
1771436122.149,0.1,,,,,,,,,,,,,,,0.1982,SAFE,,4,,t3032_0,0.45,NORMAL,LOCAL,SAFE: all tasks permitted (weight=0.45),
1771436122.149,0.1,71.32,4.7280,1.214,43.9,5,,,0.02910,0.4213,0.0000,0.5547,0.0000,0.2910,0.3821,0.2282,SAFE,False,4,4,,,,,,
1771436122.149,0.1,,,,,,,,,,,,,,,0.2282,SAFE,,3,,t3033_0,0.62,HIGH,LOCAL,SAFE: all tasks permitted (weight=0.62),
1771436122.149,0.1,71.28,4.7146,1.290,49.3,5,,,0.03323,0.4184,0.0000,0.6155,0.0000,0.3323,0.4200,0.2474,SAFE,False,3,5,,,,,,
1771436122.149,0.1,72.04,4.7163,1.245,46.0,5,,,0.03745,0.4694,0.0000,0.6075,0.0000,0.3745,0.3973,0.2522,WARNING,False,3,5,,,,,,
1771436122.149,0.1,,,,,,,,,,,,,,,0.2522,WARNING,,3,,t3035_0,0.32,NORMAL,OFFLOAD,WARNING: heavy task offloaded (weight=0.32 >= 0.3),
1771436122.149,0.1,71.68,4.7320,1.202,43.0,5,,,0.03908,0.4452,0.0000,0.5365,0.0000,0.3908,0.3762,0.2375,WARNING,False,3,5,,,,,,
1771436122.149,0.1,71.63,4.7608,1.163,40.2,4,,,0.03896,0.4423,0.0000,0.4057,0.0000,0.3896,0.3416,0.2131,WARNING,False,3,5,,,,,,
1771436122.149,0.1,,,,,,,,,,,,,,,0.2131,WARNING,,3,,t3037_0,0.64,HIGH,OFFLOAD,WARNING: heavy task offloaded (weight=0.64 >= 0.3),
1771436122.149,0.1,,,,,,,,,,,,,,,0.2131,WARNING,,2,,t3037_1,0.21,LOW,LOCAL,WARNING: lightweight task permitted (weight=0.21 < 0.3),
1771436122.149,0.1,72.18,4.7318,1.165,40.4,4,,,0.03816,0.4787,0.0000,0.5372,0.0000,0.3816,0.3426,0.2340,WARNING,False,2,6,,,,,,
1771436122.149,0.1,,,,,,,,,,,,,,,0.2340,WARNING,,2,,t3038_0,0.43,HIGH,OFFLOAD,WARNING: heavy task offloaded (weight=0.43 >= 0.3),
1771436122.149,0.1,71.91,4.7998,1.129,37.8,4,,,0.03884,0.4610,0.0000,0.2284,0.0000,0.3884,0.3243,0.1887,WARNING,False,2,6,,,,,,
1771436122.149,0.1,72.13,4.7615,1.095,35.3,4,,,0.03433,0.4755,0.0000,0.4024,0.0000,0.3433,0.3073,0.2052,WARNING,False,2,6,,,,,,
1771436122.149,0.1,,,,,,,,,,,,,,,0.2052,WARNING,,2,,t3040_0,0.79,HIGH,OFFLOAD,WARNING: heavy task offloaded (weight=0.79 >= 0.3),
1771436122.149,0.1,,,,,,,,,,,,,,,0.2052,WARNING,,2,,t3040_1,0.41,HIGH,OFFLOAD,WARNING: heavy task offloaded (weight=0.41 >= 0.3),
1771436122.149,0.1,71.96,4.7964,1.063,33.1,3,,,0.03124,0.4640,0.0000,0.2438,0.0000,0.3124,0.2765,0.1739,SAFE,False,2,6,,,,,,
1771436122.149,0.1,71.22,4.7946,1.033,31.0,3,,,0.03093,0.4149,0.0000,0.2520,0.0000,0.3093,0.2617,0.1658,SAFE,False,2,6,,,,,,
1771436122.149,0.1,,,,,,,,,,,,,,,0.1658,SAFE,,1,,t3042_0,0.77,NORMAL,LOCAL,SAFE: all tasks permitted (weight=0.77),
1771436122.149,0.1,,,,,,,,,,,,,,,0.1658,SAFE,,0,,t3042_1,0.26,NORMAL,LOCAL,SAFE: all tasks permitted (weight=0.26),
1771436122.149,0.1,71.73,4.7220,1.199,42.8,4,,,0.03055,0.4487,0.0000,0.5820,0.0000,0.3055,0.3595,0.2320,SAFE,False,0,8,,,,,,
1771436122.149,0.1,,,,,,,,,,,,,,,0.2320,SAFE,,0,,t3043_0,0.35,NORMAL,OFFLOAD,"Budget exhausted (B=0), offloading. Original: SAFE: all tasks permitted (weight=0.35)",
1771436122.149,0.1,,,,,,,,,,,,,,,0.2320,SAFE,,0,,t3043_1,0.52,LOW,OFFLOAD,"Budget exhausted (B=0), offloading. Original: SAFE: all tasks permitted (weight=0.52)",
1771436122.149,0.1,71.87,4.7534,1.160,40.0,4,,,0.03051,0.4578,0.0000,0.4393,0.0000,0.3051,0.3400,0.2106,SAFE,False,7,0,,,,,,window_reset|B=7
1771436122.149,0.1,71.81,4.7579,1.124,37.4,4,,,0.02975,0.4542,0.0000,0.4184,0.0000,0.2975,0.3219,0.2030,SAFE,False,7,0,,,,,,
1771436122.149,0.1,71.67,4.7609,1.090,35.0,4,,,0.02737,0.4446,0.0000,0.4051,0.0000,0.2737,0.3050,0.1944,SAFE,False,7,0,,,,,,
1771436122.150,0.1,,,,,,,,,,,,,,,0.1944,SAFE,,6,,t3046_0,0.84,NORMAL,LOCAL,SAFE: all tasks permitted (weight=0.84),
1771436122.150,0.1,72.50,4.7220,1.216,44.0,5,34878.405,-77.77940,0.02670,0.4997,1.0000,0.5817,1.0000,0.2670,0.3830,0.6889,WARNING,False,6,1,,,,,,
1771436122.150,0.1,,,,,,,,,,,,,,,0.6889,WARNING,,6,,t3047_0,0.80,LOW,OFFLOAD,WARNING: heavy task offloaded (weight=0.80 >= 0.3),
1771436122.150,0.1,72.07,4.7580,1.176,41.1,4,-4034.942,-3.48132,0.02555,0.4711,0.0000,0.4182,1.0000,0.2555,0.3479,0.4060,WARNING,False,6,1,,,,,,
1771436122.150,0.1,,,,,,,,,,,,,,,0.4060,WARNING,,6,,t3048_0,0.56,NORMAL,OFFLOAD,WARNING: heavy task offloaded (weight=0.56 >= 0.3),
1771436122.150,0.1,72.53,4.7918,1.138,38.5,4,34093.071,-4.59209,0.02703,0.5018,1.0000,0.2647,1.0000,0.2703,0.3292,0.6375,CRITICAL,False,6,1,,,,,,
1771436122.150,0.1,,,,,,,,,,,,,,,0.6375,CRITICAL,,6,,t3049_0,0.46,HIGH,OFFLOAD,CRITICAL: non-critical task offloaded (priority=HIGH),
1771436122.150,0.1,,,,,,,,,,,,,,,0.6375,CRITICAL,,5,,t3049_1,0.38,CRITICAL,LOCAL,CRITICAL: mission-critical task permitted locally (priority=CRITICAL),
1771436122.150,0.1,72.56,4.7441,1.175,41.1,4,80366.520,-50.44566,0.02607,0.5042,1.0000,0.4812,1.0000,0.2607,0.3476,0.6686,CRITICAL,False,5,2,,,,,,
1771436122.150,0.1,72.62,4.7589,1.138,38.4,4,53217.289,36.95248,0.02367,0.5078,1.0000,0.4141,0.0000,0.2367,0.3289,0.4542,CRITICAL,False,5,2,,,,,,
1771436122.150,0.1,,,,,,,,,,,,,,,0.4542,CRITICAL,,5,,t3051_0,0.30,HIGH,OFFLOAD,CRITICAL: non-critical task offloaded (priority=HIGH),
1771436122.150,0.1,72.49,4.7846,1.103,35.9,4,37248.754,31.22578,0.02462,0.4992,1.0000,0.2974,0.0000,0.2462,0.3116,0.4355,CRITICAL,False,5,2,,,,,,
1771436122.150,0.1,,,,,,,,,,,,,,,0.4355,CRITICAL,,5,,t3052_0,0.80,LOW,OFFLOAD,CRITICAL: non-critical task offloaded (priority=LOW),
1771436122.150,0.1,72.34,4.7868,1.071,33.6,3,31785.302,28.86502,0.02363,0.4895,1.0000,0.2873,0.0000,0.2363,0.2805,0.4258,CRITICAL,False,5,2,,,,,,
1771436122.150,0.1,,,,,,,,,,,,,,,0.4258,CRITICAL,,5,,t3053_0,0.73,LOW,OFFLOAD,CRITICAL: non-critical task offloaded (priority=LOW),
1771436122.150,0.1,,,,,,,,,,,,,,,0.4258,CRITICAL,,5,,t3053_1,0.81,NORMAL,OFFLOAD,CRITICAL: non-critical task offloaded (priority=NORMAL),
1771436122.150,0.1,71.70,4.7993,1.041,31.5,3,2060.212,38.47370,0.02422,0.4469,1.0000,0.2304,0.0000,0.2422,0.2654,0.4109,WARNING,False,5,2,,,,,,
1771436122.150,0.1,,,,,,,,,,,,,,,0.4109,WARNING,,5,,t3054_0,0.65,CRITICAL,OFFLOAD,WARNING: heavy task offloaded (weight=0.65 >= 0.3),
1771436122.150,0.1,,,,,,,,,,,,,,,0.4109,WARNING,,5,,t3054_1,0.41,NORMAL,OFFLOAD,WARNING: heavy task offloaded (weight=0.41 >= 0.3),
1771436122.150,0.1,71.65,4.8082,1.013,29.5,3,,,0.02418,0.4436,0.0000,0.1899,0.0000,0.2418,0.2515,0.1524,SAFE,False,5,2,,,,,,
1771436122.150,0.1,,,,,,,,,,,,,,,0.1524,SAFE,,4,,t3055_0,0.65,LOW,LOCAL,SAFE: all tasks permitted (weight=0.65),
1771436122.150,0.1,72.23,4.7630,1.110,36.4,4,,,0.02381,0.4820,0.0000,0.3954,0.0000,0.2381,0.3151,0.1961,SAFE,False,4,3,,,,,,
1771436122.150,0.1,,,,,,,,,,,,,,,0.1961,SAFE,,3,,t3056_0,0.43,NORMAL,LOCAL,SAFE: all tasks permitted (weight=0.43),
1771436122.150,0.1,71.94,4.7492,1.158,39.9,4,,,0.02429,0.4625,0.0000,0.4583,0.0000,0.2429,0.3391,0.2072,SAFE,False,3,4,,,,,,
1771436122.150,0.1,,,,,,,,,,,,,,,0.2072,SAFE,,2,,t3057_0,0.47,CRITICAL,LOCAL,SAFE: all tasks permitted (weight=0.47),
1771436122.150,0.1,71.47,4.7364,1.211,43.6,5,,,0.02585,0.4316,0.0000,0.5163,0.0000,0.2585,0.3804,0.2208,SAFE,False,2,5,,,,,,
1771436122.150,0.1,71.97,4.7295,1.171,40.8,4,,,0.02484,0.4646,0.0000,0.5478,0.0000,0.2484,0.3455,0.2209,SAFE,False,7,0,,,,,,window_reset|B=7
1771436122.150,0.1,,,,,,,,,,,,,,,0.2209,SAFE,,6,,t3059_0,0.74,HIGH,LOCAL,SAFE: all tasks permitted (weight=0.74),
1771436122.150,0.1,72.21,4.7411,1.274,48.2,5,,,0.02580,0.4803,0.0000,0.4951,0.0000,0.2580,0.4122,0.2302,SAFE,False,6,1,,,,,,
1771436122.150,0.1,,,,,,,,,,,,,,,0.2302,SAFE,,5,,t3060_0,0.76,HIGH,LOCAL,SAFE: all tasks permitted (weight=0.76),
1771436122.150,0.1,72.87,4.6767,1.374,55.3,6,,,0.03441,0.5248,0.0000,0.7877,0.0000,0.3441,0.4769,0.2952,WARNING,False,5,2,,,,,,
1771436122.150,0.1,,,,,,,,,,,,,,,0.2952,WARNING,,5,,t3061_0,0.60,LOW,OFFLOAD,WARNING: heavy task offloaded (weight=0.60 >= 0.3),
1771436122.150,0.1,73.02,4.7092,1.323,51.6,6,,,0.03673,0.5347,0.0000,0.6399,0.0000,0.3673,0.4513,0.2743,WARNING,False,5,2,,,,,,
1771436122.150,0.1,,,,,,,,,,,,,,,0.2743,WARNING,,5,,t3062_0,0.62,CRITICAL,OFFLOAD,WARNING: heavy task offloaded (weight=0.62 >= 0.3),
1771436122.150,0.1,73.15,4.7113,1.275,48.2,5,,,0.03847,0.5430,0.0000,0.6303,0.0000,0.3847,0.4125,0.2681,WARNING,False,5,2,,,,,,
1771436122.150,0.1,,,,,,,,,,,,,,,0.2681,WARNING,,4,,t3063_0,0.23,NORMAL,LOCAL,WARNING: lightweight task permitted (weight=0.23 < 0.3),
1771436122.150,0.1,73.54,4.6944,1.275,48.2,5,,,0.03969,0.5695,0.0000,0.7074,0.0000,0.3969,0.4125,0.2825,WARNING,False,4,3,,,,,,
1771436122.150,0.1,,,,,,,,,,,,,,,0.2825,WARNING,,4,,t3064_0,0.44,HIGH,OFFLOAD,WARNING: heavy task offloaded (weight=0.44 >= 0.3),
1771436122.150,0.1,73.32,4.6951,1.231,45.1,5,,,0.03917,0.5547,0.0000,0.7040,0.0000,0.3917,0.3904,0.2753,WARNING,False,4,3,,,,,,
1771436122.150,0.1,,,,,,,,,,,,,,,0.2753,WARNING,,3,,t3065_0,0.27,NORMAL,LOCAL,WARNING: lightweight task permitted (weight=0.27 < 0.3),
1771436122.150,0.1,,,,,,,,,,,,,,,0.2753,WARNING,,2,,t3065_1,0.29,LOW,LOCAL,WARNING: lightweight task permitted (weight=0.29 < 0.3),
1771436122.150,0.1,74.62,4.7097,1.296,49.7,5,,,0.03434,0.6414,0.0000,0.6377,0.0000,0.3434,0.4230,0.2788,WARNING,False,2,5,,,,,,
1771436122.150,0.1,,,,,,,,,,,,,,,0.2788,WARNING,,2,,t3066_0,0.79,NORMAL,OFFLOAD,WARNING: heavy task offloaded (weight=0.79 >= 0.3),
1771436122.150,0.1,74.01,4.6993,1.250,46.4,5,,,0.02471,0.6007,0.0000,0.6851,0.0000,0.2471,0.4001,0.2659,WARNING,False,2,5,,,,,,
1771436122.150,0.1,,,,,,,,,,,,,,,0.2659,WARNING,,1,,t3067_0,0.27,LOW,LOCAL,WARNING: lightweight task permitted (weight=0.27 < 0.3),
1771436122.150,0.1,73.94,4.7229,1.259,47.0,5,,,0.02079,0.5961,0.0000,0.5778,0.0000,0.2079,0.4043,0.2483,WARNING,False,1,6,,,,,,
1771436122.150,0.1,74.81,4.7492,1.215,44.0,5,,,0.02079,0.6542,0.0000,0.4581,0.0000,0.2079,0.3827,0.2354,WARNING,False,1,6,,,,,,
1771436122.150,0.1,74.83,4.7511,1.175,41.1,4,,,0.02241,0.6554,0.0000,0.4496,0.0000,0.2241,0.3476,0.2290,WARNING,False,1,6,,,,,,
1771436122.150,0.1,,,,,,,,,,,,,,,0.2290,WARNING,,1,,t3070_0,0.73,CRITICAL,OFFLOAD,WARNING: heavy task offloaded (weight=0.73 >= 0.3),
1771436122.151,0.1,74.62,4.7811,1.138,38.4,4,88218.140,69.79477,0.02870,0.6410,1.0000,0.3132,0.0000,0.2870,0.3290,0.4621,WARNING,False,1,6,,,,,,
1771436122.151,0.1,74.59,4.7907,1.103,35.9,4,62602.466,96.39470,0.03443,0.6391,1.0000,0.2693,0.0000,0.3443,0.3116,0.4585,WARNING,False,1,6,,,,,,
1771436122.151,0.1,,,,,,,,,,,,,,,0.4585,WARNING,,1,,t3072_0,0.70,HIGH,OFFLOAD,WARNING: heavy task offloaded (weight=0.70 >= 0.3),
1771436122.151,0.1,,,,,,,,,,,,,,,0.4585,WARNING,,1,,t3072_1,0.31,NORMAL,OFFLOAD,WARNING: heavy task offloaded (weight=0.31 >= 0.3),
1771436122.151,0.1,74.98,4.7701,1.071,33.6,3,99802.943,75.02737,0.03335,0.6656,1.0000,0.3631,0.0000,0.3335,0.2805,0.4665,WARNING,False,1,6,,,,,,
1771436122.151,0.1,,,,,,,,,,,,,,,0.4665,WARNING,,1,,t3073_0,0.52,HIGH,OFFLOAD,WARNING: heavy task offloaded (weight=0.52 >= 0.3),
1771436122.151,0.1,74.34,4.7603,1.041,31.5,3,-16625.501,50.66285,0.03343,0.6230,0.0000,0.4075,0.0000,0.3343,0.2654,0.2143,WARNING,False,7,0,,,,,,window_reset|B=7
1771436122.151,0.1,,,,,,,,,,,,,,,0.2143,WARNING,,7,,t3074_0,0.46,NORMAL,OFFLOAD,WARNING: heavy task offloaded (weight=0.46 >= 0.3),
1771436122.151,0.1,74.20,4.7963,1.013,29.5,3,11565.877,97.06731,0.03628,0.6135,1.0000,0.2440,0.0000,0.3628,0.2515,0.4419,WARNING,False,7,0,,,,,,
1771436122.151,0.1,73.51,4.8406,0.987,27.6,3,-25716.718,117.72409,0.04190,0.5675,0.0000,0.0429,0.0000,0.4190,0.2385,0.1633,SAFE,False,7,0,,,,,,
1771436122.151,0.1,,,,,,,,,,,,,,,0.1633,SAFE,,6,,t3076_0,0.65,LOW,LOCAL,SAFE: all tasks permitted (weight=0.65),
1771436122.151,0.1,73.83,4.7454,1.086,34.7,3,-59089.835,-3.85822,0.03798,0.5886,0.0000,0.4756,1.0000,0.3798,0.2878,0.4280,WARNING,False,6,1,,,,,,
1771436122.151,0.1,73.44,4.8246,1.055,32.5,3,-83716.414,73.54126,0.03863,0.5624,0.0000,0.1155,0.0000,0.3863,0.2723,0.1756,SAFE,False,6,1,,,,,,
1771436122.151,0.1,73.38,4.7940,1.026,30.4,3,,,0.03275,0.5588,0.0000,0.2547,0.0000,0.3275,0.2578,0.1845,SAFE,False,6,1,,,,,,
1771436122.151,0.1,,,,,,,,,,,,,,,0.1845,SAFE,,5,,t3079_0,0.77,LOW,LOCAL,SAFE: all tasks permitted (weight=0.77),
1771436122.151,0.1,73.45,4.7221,1.144,38.8,4,,,0.03285,0.5634,0.0000,0.5812,0.0000,0.3285,0.3319,0.2424,SAFE,False,5,2,,,,,,
1771436122.151,0.1,72.79,4.8108,1.109,36.3,4,,,0.03290,0.5195,0.0000,0.1780,0.0000,0.3290,0.3143,0.1812,SAFE,False,5,2,,,,,,
1771436122.151,0.1,73.12,4.8311,1.076,34.0,3,,,0.03400,0.5413,0.0000,0.0860,0.0000,0.3400,0.2830,0.1667,SAFE,False,5,2,,,,,,
1771436122.151,0.1,,,,,,,,,,,,,,,0.1667,SAFE,,4,,t3082_0,0.24,CRITICAL,LOCAL,SAFE: all tasks permitted (weight=0.24),
1771436122.151,0.1,72.66,4.7438,1.092,35.1,4,,,0.03620,0.5107,0.0000,0.4826,0.0000,0.3620,0.3059,0.2214,SAFE,False,4,3,,,,,,
1771436122.151,0.1,72.75,4.7764,1.060,32.9,3,,,0.03626,0.5164,0.0000,0.3347,0.0000,0.3626,0.2752,0.1968,SAFE,False,4,3,,,,,,
1771436122.151,0.1,72.90,4.7887,1.031,30.8,3,,,0.03600,0.5266,0.0000,0.2785,0.0000,0.3600,0.2606,0.1875,SAFE,False,4,3,,,,,,
1771436122.151,0.1,,,,,,,,,,,,,,,0.1875,SAFE,,3,,t3085_0,0.53,NORMAL,LOCAL,SAFE: all tasks permitted (weight=0.53),
1771436122.151,0.1,72.36,4.7664,1.105,36.1,4,,,0.03567,0.4904,0.0000,0.3799,0.0000,0.3567,0.3127,0.2064,SAFE,False,3,4,,,,,,
1771436122.151,0.1,72.69,4.7557,1.073,33.8,3,,,0.03652,0.5130,0.0000,0.4285,0.0000,0.3652,0.2814,0.2101,SAFE,False,3,4,,,,,,
1771436122.151,0.1,72.56,4.7504,1.043,31.6,3,,,0.03307,0.5042,0.0000,0.4525,0.0000,0.3307,0.2664,0.2057,SAFE,False,3,4,,,,,,
1771436122.151,0.1,,,,,,,,,,,,,,,0.2057,SAFE,,2,,t3088_0,0.29,HIGH,LOCAL,SAFE: all tasks permitted (weight=0.29),
1771436122.151,0.1,,,,,,,,,,,,,,,0.2057,SAFE,,1,,t3088_1,0.78,HIGH,LOCAL,SAFE: all tasks permitted (weight=0.78),
1771436122.151,0.1,72.57,4.7632,1.217,44.1,5,,,0.03206,0.5050,0.0000,0.3946,0.0000,0.3206,0.3836,0.2207,SAFE,False,7,0,,,,,,window_reset|B=7
1771436122.151,0.1,72.72,4.7563,1.177,41.2,4,,,0.02907,0.5149,0.0000,0.4258,0.0000,0.2907,0.3485,0.2159,SAFE,False,7,0,,,,,,
1771436122.152,0.1,,,,,,,,,,,,,,,0.2159,SAFE,,6,,t3090_0,0.76,LOW,LOCAL,SAFE: all tasks permitted (weight=0.76),
1771436122.152,0.1,72.68,4.6927,1.285,48.9,5,974.338,-50.46031,0.03536,0.5118,1.0000,0.7149,1.0000,0.3536,0.4173,0.7232,WARNING,False,6,1,,,,,,
1771436122.152,0.1,72.96,4.6785,1.240,45.7,5,12852.407,-96.64150,0.04117,0.5309,1.0000,0.7796,1.0000,0.4117,0.3949,0.7352,CRITICAL,False,6,1,,,,,,
1771436122.152,0.1,,,,,,,,,,,,,,,0.7352,CRITICAL,,6,,t3092_0,0.73,NORMAL,OFFLOAD,CRITICAL: non-critical task offloaded (priority=NORMAL),
1771436122.152,0.1,72.89,4.7637,1.198,42.7,4,-784.084,-24.69570,0.03822,0.5257,0.0000,0.3922,1.0000,0.3822,0.3589,0.4241,CRITICAL,False,6,1,,,,,,
1771436122.152,0.1,,,,,,,,,,,,,,,0.4241,CRITICAL,,6,,t3093_0,0.50,HIGH,OFFLOAD,CRITICAL: non-critical task offloaded (priority=HIGH),
1771436122.152,0.1,,,,,,,,,,,,,,,0.4241,CRITICAL,,6,,t3093_1,0.32,NORMAL,OFFLOAD,CRITICAL: non-critical task offloaded (priority=NORMAL),
1771436122.152,0.1,72.88,4.7611,1.159,39.9,4,31297.132,-5.24061,0.03090,0.5256,1.0000,0.4041,1.0000,0.3090,0.3395,0.6644,CRITICAL,False,6,1,,,,,,
1771436122.152,0.1,,,,,,,,,,,,,,,0.6644,CRITICAL,,6,,t3094_0,0.60,NORMAL,OFFLOAD,CRITICAL: non-critical task offloaded (priority=NORMAL),
1771436122.152,0.1,73.31,4.8070,1.123,37.3,4,36393.142,50.62160,0.03460,0.5539,1.0000,0.1955,0.0000,0.3460,0.3214,0.4408,CRITICAL,False,6,1,,,,,,
1771436122.152,0.1,,,,,,,,,,,,,,,0.4408,CRITICAL,,6,,t3095_0,0.37,HIGH,OFFLOAD,CRITICAL: non-critical task offloaded (priority=HIGH),
1771436122.152,0.1,72.97,4.7706,1.089,34.9,3,24018.462,19.86605,0.03434,0.5312,1.0000,0.3610,0.0000,0.3434,0.2896,0.4529,CRITICAL,False,6,1,,,,,,
1771436122.152,0.1,,,,,,,,,,,,,,,0.4529,CRITICAL,,6,,t3096_0,0.56,NORMAL,OFFLOAD,CRITICAL: non-critical task offloaded (priority=NORMAL),
1771436122.152,0.1,,,,,,,,,,,,,,,0.4529,CRITICAL,,6,,t3096_1,0.37,HIGH,OFFLOAD,CRITICAL: non-critical task offloaded (priority=HIGH),
1771436122.152,0.1,73.17,4.7499,1.058,32.7,3,35372.425,-13.15229,0.03276,0.5448,1.0000,0.4552,1.0000,0.3276,0.2739,0.6621,CRITICAL,False,6,1,,,,,,
1771436122.152,0.1,,,,,,,,,,,,,,,0.6621,CRITICAL,,6,,t3097_0,0.69,HIGH,OFFLOAD,CRITICAL: non-critical task offloaded (priority=HIGH),
1771436122.153,0.1,72.77,4.8345,1.029,30.6,3,1752.920,51.51370,0.03998,0.5179,1.0000,0.0705,0.0000,0.3998,0.2594,0.4132,WARNING,False,6,1,,,,,,
1771436122.153,0.1,,,,,,,,,,,,,,,0.4132,WARNING,,6,,t3098_0,0.32,LOW,OFFLOAD,WARNING: heavy task offloaded (weight=0.32 >= 0.3),
1771436122.153,0.1,72.40,4.7815,1.002,28.7,3,-32707.358,175.91311,0.04055,0.4935,0.0000,0.3113,0.0000,0.4055,0.2458,0.1894,WARNING,False,6,1,,,,,,
1771436122.153,0.1,,,,,,,,,,,,,,,0.1894,WARNING,,6,,t3099_0,0.40,HIGH,OFFLOAD,WARNING: heavy task offloaded (weight=0.40 >= 0.3),
1771436122.153,0.1,72.01,4.8128,0.976,26.9,2,-113497.689,266.08385,0.04302,0.4672,0.0000,0.1692,0.0000,0.4302,0.2182,0.1647,SAFE,False,6,1,,,,,,
1771436122.153,0.1,,,,,,,,,,,,,,,0.1647,SAFE,,5,,t3100_0,0.24,NORMAL,LOCAL,SAFE: all tasks permitted (weight=0.24),
1771436122.153,0.1,72.05,4.8392,0.998,28.4,3,-98708.078,149.49555,0.04772,0.4703,0.0000,0.0492,0.0000,0.4772,0.2441,0.1594,SAFE,False,5,2,,,,,,
1771436122.153,0.1,,,,,,,,,,,,,,,0.1594,SAFE,,4,,t3101_0,0.61,LOW,LOCAL,SAFE: all tasks permitted (weight=0.61),
1771436122.153,0.1,,,,,,,,,,,,,,,0.1594,SAFE,,3,,t3101_1,0.41,NORMAL,LOCAL,SAFE: all tasks permitted (weight=0.41),
1771436122.153,0.1,71.98,4.7521,1.168,40.5,4,-107475.494,-17.86251,0.04784,0.4654,0.0000,0.4450,1.0000,0.4784,0.3438,0.4303,WARNING,False,3,4,,,,,,
1771436122.153,0.1,,,,,,,,,,,,,,,0.4303,WARNING,,3,,t3102_0,0.39,NORMAL,OFFLOAD,WARNING: heavy task offloaded (weight=0.39 >= 0.3),
1771436122.153,0.1,,,,,,,,,,,,,,,0.4303,WARNING,,3,,t3102_1,0.70,NORMAL,OFFLOAD,WARNING: heavy task offloaded (weight=0.70 >= 0.3),
1771436122.153,0.1,72.01,4.7759,1.131,37.9,4,-154418.817,-61.71025,0.04174,0.4673,0.0000,0.3370,1.0000,0.4174,0.3254,0.4067,WARNING,False,3,4,,,,,,
1771436122.153,0.1,,,,,,,,,,,,,,,0.4067,WARNING,,3,,t3103_0,0.47,NORMAL,OFFLOAD,WARNING: heavy task offloaded (weight=0.47 >= 0.3),
1771436122.153,0.1,72.92,4.7938,1.097,35.5,4,-6257.410,46.08906,0.02933,0.5277,0.0000,0.2553,0.0000,0.2933,0.3083,0.1875,WARNING,False,8,0,,,,,,window_reset|B=8
1771436122.153,0.1,,,,,,,,,,,,,,,0.1875,WARNING,,8,,t3104_0,0.48,LOW,OFFLOAD,WARNING: heavy task offloaded (weight=0.48 >= 0.3),
1771436122.153,0.1,72.03,4.7633,1.065,33.2,3,-135973.016,26.53756,0.02936,0.4685,0.0000,0.3943,0.0000,0.2936,0.2774,0.1923,WARNING,False,8,0,,,,,,
1771436122.153,0.1,,,,,,,,,,,,,,,0.1923,WARNING,,8,,t3105_0,0.43,LOW,OFFLOAD,WARNING: heavy task offloaded (weight=0.43 >= 0.3),
1771436122.153,0.1,72.45,4.7700,1.035,31.1,3,,,0.02881,0.4968,0.0000,0.3634,0.0000,0.2881,0.2626,0.1882,WARNING,False,8,0,,,,,,
1771436122.153,0.1,,,,,,,,,,,,,,,0.1882,WARNING,,8,,t3106_0,0.50,NORMAL,OFFLOAD,WARNING: heavy task offloaded (weight=0.50 >= 0.3),
1771436122.153,0.1,71.99,4.7979,1.008,29.1,3,,,0.02841,0.4662,0.0000,0.2366,0.0000,0.2841,0.2488,0.1649,SAFE,False,8,0,,,,,,
1771436122.153,0.1,,,,,,,,,,,,,,,0.1649,SAFE,,7,,t3107_0,0.53,NORMAL,LOCAL,SAFE: all tasks permitted (weight=0.53),
1771436122.153,0.1,,,,,,,,,,,,,,,0.1649,SAFE,,6,,t3107_1,0.60,LOW,LOCAL,SAFE: all tasks permitted (weight=0.60),
1771436122.153,0.1,71.89,4.7384,1.197,42.7,4,,,0.03119,0.4591,0.0000,0.5074,0.0000,0.3119,0.3587,0.2240,SAFE,False,6,2,,,,,,
1771436122.153,0.1,72.36,4.7512,1.159,39.9,4,,,0.03107,0.4908,0.0000,0.4491,0.0000,0.3107,0.3393,0.2162,SAFE,False,6,2,,,,,,
1771436122.153,0.1,,,,,,,,,,,,,,,0.2162,SAFE,,5,,t3109_0,0.72,NORMAL,LOCAL,SAFE: all tasks permitted (weight=0.72),
1771436122.153,0.1,72.09,4.7189,1.259,47.1,5,,,0.03191,0.4727,0.0000,0.5961,0.0000,0.3191,0.4047,0.2471,SAFE,False,5,3,,,,,,
1771436122.153,0.1,,,,,,,,,,,,,,,0.2471,SAFE,,4,,t3110_0,0.29,NORMAL,LOCAL,SAFE: all tasks permitted (weight=0.29),
1771436122.153,0.1,72.69,4.7118,1.272,48.0,5,,,0.03618,0.5128,0.0000,0.6283,0.0000,0.3618,0.4109,0.2616,WARNING,False,4,4,,,,,,
1771436122.153,0.1,,,,,,,,,,,,,,,0.2616,WARNING,,4,,t3111_0,0.53,NORMAL,OFFLOAD,WARNING: heavy task offloaded (weight=0.53 >= 0.3),
1771436122.153,0.1,73.05,4.7352,1.228,44.8,5,,,0.03464,0.5365,0.0000,0.5218,0.0000,0.3464,0.3888,0.2446,WARNING,False,4,4,,,,,,
1771436122.153,0.1,72.89,4.7359,1.187,41.9,4,,,0.02629,0.5261,0.0000,0.5186,0.0000,0.2629,0.3533,0.2275,WARNING,False,4,4,,,,,,
1771436122.153,0.1,,,,,,,,,,,,,,,0.2275,WARNING,,4,,t3113_0,0.83,NORMAL,OFFLOAD,WARNING: heavy task offloaded (weight=0.83 >= 0.3),
1771436122.153,0.1,72.73,4.7682,1.149,39.2,4,,,0.02658,0.5151,0.0000,0.3720,0.0000,0.2658,0.3343,0.2036,WARNING,False,4,4,,,,,,
1771436122.153,0.1,,,,,,,,,,,,,,,0.2036,WARNING,,3,,t3114_0,0.21,NORMAL,LOCAL,WARNING: lightweight task permitted (weight=0.21 < 0.3),
1771436122.153,0.1,73.09,4.7480,1.154,39.6,4,,,0.02587,0.5392,0.0000,0.4638,0.0000,0.2587,0.3369,0.2183,WARNING,False,3,5,,,,,,
1771436122.153,0.1,,,,,,,,,,,,,,,0.2183,WARNING,,3,,t3115_0,0.50,HIGH,OFFLOAD,WARNING: heavy task offloaded (weight=0.50 >= 0.3),
1771436122.153,0.1,73.11,4.7588,1.118,37.0,4,,,0.02286,0.5409,0.0000,0.4146,0.0000,0.2286,0.3190,0.2055,WARNING,False,3,5,,,,,,
1771436122.153,0.1,,,,,,,,,,,,,,,0.2055,WARNING,,3,,t3116_0,0.61,LOW,OFFLOAD,WARNING: heavy task offloaded (weight=0.61 >= 0.3),
1771436122.153,0.1,72.63,4.8060,1.085,34.6,3,,,0.02754,0.5089,0.0000,0.2000,0.0000,0.2754,0.2873,0.1721,SAFE,False,3,5,,,,,,
1771436122.153,0.1,,,,,,,,,,,,,,,0.1721,SAFE,,2,,t3117_0,0.58,NORMAL,LOCAL,SAFE: all tasks permitted (weight=0.58),
1771436122.153,0.1,72.53,4.7497,1.165,40.4,4,,,0.02708,0.5020,0.0000,0.4558,0.0000,0.2708,0.3427,0.2151,SAFE,False,2,6,,,,,,
1771436122.153,0.1,,,,,,,,,,,,,,,0.2151,SAFE,,1,,t3118_0,0.70,LOW,LOCAL,SAFE: all tasks permitted (weight=0.70),
1771436122.153,0.1,,,,,,,,,,,,,,,0.2151,SAFE,,0,,t3118_1,0.80,NORMAL,LOCAL,SAFE: all tasks permitted (weight=0.80),
1771436122.153,0.1,73.53,4.7112,1.415,58.2,6,,,0.02528,0.5690,0.0000,0.6310,0.0000,0.2528,0.4976,0.2751,WARNING,False,7,0,,,,,,window_reset|B=7
1771436122.153,0.1,,,,,,,,,,,,,,,0.2751,WARNING,,7,,t3119_0,0.58,LOW,OFFLOAD,WARNING: heavy task offloaded (weight=0.58 >= 0.3),
1771436122.153,0.1,73.65,4.7161,1.361,54.4,6,,,0.02644,0.5766,0.0000,0.6086,0.0000,0.2644,0.4706,0.2689,WARNING,False,7,0,,,,,,
1771436122.153,0.1,,,,,,,,,,,,,,,0.2689,WARNING,,7,,t3120_0,0.79,HIGH,OFFLOAD,WARNING: heavy task offloaded (weight=0.79 >= 0.3),
1771436122.153,0.1,,,,,,,,,,,,,,,0.2689,WARNING,,7,,t3120_1,0.54,CRITICAL,OFFLOAD,WARNING: heavy task offloaded (weight=0.54 >= 0.3),
1771436122.154,0.1,,,,,,,,,,,,,,,0.2689,WARNING,,7,,t3120_2,0.45,HIGH,OFFLOAD,WARNING: heavy task offloaded (weight=0.45 >= 0.3),
1771436122.154,0.1,,,,,,,,,,,,,,,0.2689,WARNING,,7,,t3120_3,0.50,LOW,OFFLOAD,WARNING: heavy task offloaded (weight=0.50 >= 0.3),
1771436122.154,0.1,,,,,,,,,,,,,,,0.2689,WARNING,,7,,t3120_4,0.55,HIGH,OFFLOAD,WARNING: heavy task offloaded (weight=0.55 >= 0.3),
1771436122.154,0.1,,,,,,,,,,,,,,,0.2689,WARNING,,7,,t3120_5,0.33,NORMAL,OFFLOAD,WARNING: heavy task offloaded (weight=0.33 >= 0.3),
1771436122.154,0.1,74.02,4.6865,1.311,50.8,5,67448.144,-49.07744,0.03043,0.6015,1.0000,0.7430,1.0000,0.3043,0.4304,0.7353,CRITICAL,False,7,0,,,,,,
1771436122.154,0.1,74.53,4.7126,1.264,47.4,5,107581.789,-55.25175,0.03079,0.6354,1.0000,0.6247,1.0000,0.3079,0.4070,0.7196,CRITICAL,False,7,0,,,,,,
1771436122.154,0.1,73.88,4.7505,1.220,44.3,5,47249.137,2.49022,0.03003,0.5920,1.0000,0.4524,0.0000,0.3003,0.3852,0.4869,CRITICAL,False,7,0,,,,,,
1771436122.154,0.1,74.08,4.7255,1.180,41.4,4,57569.913,-33.04082,0.03027,0.6052,1.0000,0.5657,1.0000,0.3027,0.3500,0.6964,CRITICAL,False,7,0,,,,,,
1771436122.154,0.1,,,,,,,,,,,,,,,0.6964,CRITICAL,,6,,t3124_0,0.28,CRITICAL,LOCAL,CRITICAL: mission-critical task permitted locally (priority=CRITICAL),
1771436122.154,0.1,74.18,4.7325,1.195,42.5,4,92412.749,-73.09441,0.03032,0.6122,1.0000,0.5343,1.0000,0.3032,0.3577,0.6948,CRITICAL,False,6,1,,,,,,
1771436122.154,0.1,74.62,4.7577,1.157,39.8,4,124766.156,7.89572,0.02960,0.6415,1.0000,0.4197,0.0000,0.2960,0.3383,0.4788,CRITICAL,False,6,1,,,,,,
1771436122.154,0.1,74.00,4.7618,1.121,37.2,4,27926.468,50.25782,0.03023,0.6002,1.0000,0.4011,0.0000,0.3023,0.3203,0.4685,CRITICAL,False,6,1,,,,,,
1771436122.154,0.1,74.49,4.7482,1.087,34.8,3,50189.708,31.85063,0.02979,0.6327,1.0000,0.4629,0.0000,0.2979,0.2886,0.4736,CRITICAL,False,6,1,,,,,,
1771436122.154,0.1,74.08,4.7864,1.056,32.6,3,,,0.02637,0.6056,0.0000,0.2890,0.0000,0.2637,0.2730,0.1912,WARNING,False,6,1,,,,,,
1771436122.154,0.1,73.69,4.8219,1.027,30.5,3,,,0.03538,0.5792,0.0000,0.1276,0.0000,0.3538,0.2585,0.1732,SAFE,False,6,1,,,,,,
1771436122.154,0.1,74.07,4.8123,1.000,28.6,3,,,0.03879,0.6045,0.0000,0.1712,0.0000,0.3879,0.2450,0.1826,SAFE,False,6,1,,,,,,
1771436122.154,0.1,73.42,4.7985,0.975,26.8,2,,,0.03930,0.5611,0.0000,0.2340,0.0000,0.3930,0.2175,0.1805,SAFE,False,6,1,,,,,,
1771436122.154,0.1,73.34,4.8153,0.952,25.1,2,,,0.03578,0.5558,0.0000,0.1578,0.0000,0.3578,0.2058,0.1641,SAFE,False,6,1,,,,,,
1771436122.154,0.1,,,,,,,,,,,,,,,0.1641,SAFE,,5,,t3133_0,0.25,HIGH,LOCAL,SAFE: all tasks permitted (weight=0.25),
1771436122.154,0.1,72.98,4.7694,0.978,27.0,3,,,0.03156,0.5323,0.0000,0.3662,0.0000,0.3156,0.2341,0.1899,SAFE,False,8,0,,,,,,window_reset|B=8
1771436122.154,0.1,,,,,,,,,,,,,,,0.1899,SAFE,,7,,t3134_0,0.63,NORMAL,LOCAL,SAFE: all tasks permitted (weight=0.63),
1771436122.154,0.1,72.41,4.7950,1.075,33.9,3,,,0.03127,0.4937,0.0000,0.2502,0.0000,0.3127,0.2826,0.1796,SAFE,False,7,1,,,,,,
1771436122.154,0.1,72.76,4.7961,1.045,31.8,3,,,0.02743,0.5175,0.0000,0.2452,0.0000,0.2743,0.2674,0.1749,SAFE,False,7,1,,,,,,
1771436122.154,0.1,,,,,,,,,,,,,,,0.1749,SAFE,,6,,t3136_0,0.35,CRITICAL,LOCAL,SAFE: all tasks permitted (weight=0.35),
1771436122.154,0.1,,,,,,,,,,,,,,,0.1749,SAFE,,5,,t3136_1,0.62,NORMAL,LOCAL,SAFE: all tasks permitted (weight=0.62),
1771436122.154,0.1,73.14,4.7116,1.201,42.9,4,,,0.03100,0.5427,0.0000,0.6291,0.0000,0.3100,0.3606,0.2500,WARNING,False,5,3,,,,,,
1771436122.154,0.1,73.00,4.7368,1.162,40.2,4,,,0.03281,0.5335,0.0000,0.5148,0.0000,0.3281,0.3411,0.2320,WARNING,False,5,3,,,,,,
1771436122.154,0.1,72.64,4.7783,1.126,37.6,4,,,0.03238,0.5096,0.0000,0.3258,0.0000,0.3238,0.3229,0.2005,WARNING,False,5,3,,,,,,
1771436122.154,0.1,72.80,4.7503,1.092,35.1,4,,,0.03221,0.5203,0.0000,0.4534,0.0000,0.3221,0.3059,0.2148,WARNING,False,5,3,,,,,,
1771436122.154,0.1,,,,,,,,,,,,,,,0.2148,WARNING,,4,,t3140_0,0.24,NORMAL,LOCAL,WARNING: lightweight task permitted (weight=0.24 < 0.3),
1771436122.154,0.1,72.52,4.7730,1.106,36.1,4,,,0.03223,0.5010,0.0000,0.3502,0.0000,0.3223,0.3128,0.2004,WARNING,False,4,4,,,,,,
1771436122.154,0.1,,,,,,,,,,,,,,,0.2004,WARNING,,4,,t3141_0,0.59,LOW,OFFLOAD,WARNING: heavy task offloaded (weight=0.59 >= 0.3),
1771436122.154,0.1,72.42,4.7951,1.073,33.8,3,,,0.03010,0.4948,0.0000,0.2493,0.0000,0.3010,0.2816,0.1782,SAFE,False,4,4,,,,,,
1771436122.154,0.1,,,,,,,,,,,,,,,0.1782,SAFE,,3,,t3142_0,0.37,CRITICAL,LOCAL,SAFE: all tasks permitted (weight=0.37),
1771436122.154,0.1,,,,,,,,,,,,,,,0.1782,SAFE,,2,,t3142_1,0.32,LOW,LOCAL,SAFE: all tasks permitted (weight=0.32),
1771436122.154,0.1,72.55,4.7785,1.175,41.1,4,,,0.02825,0.5032,0.0000,0.3249,0.0000,0.2825,0.3474,0.2003,SAFE,False,2,6,,,,,,
1771436122.154,0.1,,,,,,,,,,,,,,,0.2003,SAFE,,1,,t3143_0,0.74,CRITICAL,LOCAL,SAFE: all tasks permitted (weight=0.74),
1771436122.154,0.1,73.56,4.7135,1.279,48.5,5,,,0.03185,0.5709,0.0000,0.6206,0.0000,0.3185,0.4147,0.2640,WARNING,False,1,7,,,,,,
1771436122.154,0.1,,,,,,,,,,,,,,,0.2640,WARNING,,1,,t3144_0,0.82,HIGH,OFFLOAD,WARNING: heavy task offloaded (weight=0.82 >= 0.3),
1771436122.154,0.1,73.25,4.7102,1.235,45.3,5,,,0.03202,0.5499,0.0000,0.6356,0.0000,0.3202,0.3924,0.2591,WARNING,False,1,7,,,,,,
1771436122.154,0.1,,,,,,,,,,,,,,,0.2591,WARNING,,1,,t3145_0,0.58,LOW,OFFLOAD,WARNING: heavy task offloaded (weight=0.58 >= 0.3),
1771436122.154,0.1,73.26,4.7384,1.193,42.4,4,,,0.03233,0.5506,0.0000,0.5072,0.0000,0.3233,0.3566,0.2357,WARNING,False,1,7,,,,,,
1771436122.154,0.1,,,,,,,,,,,,,,,0.2357,WARNING,,1,,t3146_0,0.55,LOW,OFFLOAD,WARNING: heavy task offloaded (weight=0.55 >= 0.3),
1771436122.154,0.1,73.34,4.7573,1.155,39.6,4,,,0.03019,0.5561,0.0000,0.4213,0.0000,0.3019,0.3373,0.2191,WARNING,False,1,7,,,,,,
1771436122.155,0.1,,,,,,,,,,,,,,,0.2191,WARNING,,1,,t3147_0,0.66,NORMAL,OFFLOAD,WARNING: heavy task offloaded (weight=0.66 >= 0.3),
1771436122.155,0.1,73.15,4.7480,1.119,37.1,4,20814.942,-2.21860,0.02729,0.5434,1.0000,0.4635,1.0000,0.2729,0.3194,0.6666,CRITICAL,False,1,7,,,,,,
1771436122.155,0.1,72.80,4.7888,1.085,34.7,3,16868.770,15.83297,0.02675,0.5198,1.0000,0.2781,0.0000,0.2675,0.2877,0.4328,CRITICAL,False,5,0,,,,,,window_reset|B=5
1771436122.155,0.1,72.74,4.7712,1.054,32.5,3,19237.366,-23.91952,0.02641,0.5162,1.0000,0.3582,1.0000,0.2641,0.2722,0.6394,CRITICAL,False,5,0,,,,,,
1771436122.155,0.1,72.23,4.8023,1.025,30.4,3,-19090.716,23.76974,0.02865,0.4820,0.0000,0.2167,0.0000,0.2865,0.2577,0.1662,WARNING,False,5,0,,,,,,
1771436122.155,0.1,72.78,4.8128,0.999,28.5,3,-47162.603,99.19504,0.03182,0.5184,0.0000,0.1691,0.0000,0.3182,0.2443,0.1649,SAFE,False,5,0,,,,,,
1771436122.155,0.1,,,,,,,,,,,,,,,0.1649,SAFE,,4,,t3152_0,0.43,CRITICAL,LOCAL,SAFE: all tasks permitted (weight=0.43),
1771436122.155,0.1,72.54,4.7846,1.057,32.6,3,-42421.482,74.28831,0.03219,0.5027,0.0000,0.2975,0.0000,0.3219,0.2735,0.1859,SAFE,False,4,1,,,,,,
1771436122.155,0.1,,,,,,,,,,,,,,,0.1859,SAFE,,3,,t3153_0,0.81,LOW,LOCAL,SAFE: all tasks permitted (weight=0.81),
1771436122.155,0.1,72.76,4.7572,1.184,41.7,4,-29925.768,18.75912,0.03109,0.5173,0.0000,0.4218,0.0000,0.3109,0.3521,0.2184,SAFE,False,3,2,,,,,,
1771436122.155,0.1,72.42,4.7612,1.146,39.0,4,-55377.596,3.88290,0.03076,0.4945,0.0000,0.4036,0.0000,0.3076,0.3331,0.2092,SAFE,False,3,2,,,,,,
1771436122.155,0.1,,,,,,,,,,,,,,,0.2092,SAFE,,2,,t3155_0,0.39,NORMAL,LOCAL,SAFE: all tasks permitted (weight=0.39),
1771436122.155,0.1,72.92,4.7329,1.185,41.8,4,,,0.02860,0.5281,0.0000,0.5324,0.0000,0.2860,0.3525,0.2317,SAFE,False,2,3,,,,,,
1771436122.155,0.1,73.42,4.7523,1.147,39.1,4,,,0.02403,0.5612,0.0000,0.4441,0.0000,0.2403,0.3335,0.2158,SAFE,False,2,3,,,,,,
1771436122.155,0.1,,,,,,,,,,,,,,,0.2158,SAFE,,1,,t3157_0,0.50,CRITICAL,LOCAL,SAFE: all tasks permitted (weight=0.50),
1771436122.155,0.1,72.82,4.7764,1.208,43.4,5,,,0.02247,0.5216,0.0000,0.3346,0.0000,0.2247,0.3790,0.2044,SAFE,False,1,4,,,,,,
1771436122.155,0.1,73.03,4.7472,1.168,40.6,4,,,0.02312,0.5356,0.0000,0.4671,0.0000,0.2312,0.3442,0.2170,SAFE,False,1,4,,,,,,
1771436122.155,0.1,,,,,,,,,,,,,,,0.2170,SAFE,,0,,t3159_0,0.55,NORMAL,LOCAL,SAFE: all tasks permitted (weight=0.55),
1771436122.155,0.1,72.69,4.7026,1.236,45.5,5,,,0.02924,0.5124,0.0000,0.6699,0.0000,0.2924,0.3932,0.2565,WARNING,False,0,5,,,,,,
1771436122.155,0.1,,,,,,,,,,,,,,,0.2565,WARNING,,0,,t3160_0,0.30,HIGH,OFFLOAD,"Budget exhausted (B=0), offloading. Original: WARNING: lightweight task permitted (weight=0.30 < 0.3)",
1771436122.155,0.1,,,,,,,,,,,,,,,0.2565,WARNING,,0,,t3160_1,0.77,HIGH,OFFLOAD,WARNING: heavy task offloaded (weight=0.77 >= 0.3),
1771436122.155,0.1,73.29,4.7513,1.195,42.5,4,,,0.02862,0.5524,0.0000,0.4489,0.0000,0.2862,0.3574,0.2247,WARNING,False,0,5,,,,,,
1771436122.155,0.1,,,,,,,,,,,,,,,0.2247,WARNING,,0,,t3161_0,0.32,LOW,OFFLOAD,WARNING: heavy task offloaded (weight=0.32 >= 0.3),
1771436122.155,0.1,,,,,,,,,,,,,,,0.2247,WARNING,,0,,t3161_1,0.75,NORMAL,OFFLOAD,WARNING: heavy task offloaded (weight=0.75 >= 0.3),
1771436122.155,0.1,73.66,4.7831,1.156,39.7,4,,,0.02910,0.5775,0.0000,0.3040,0.0000,0.2910,0.3381,0.2055,WARNING,False,0,5,,,,,,
1771436122.155,0.1,,,,,,,,,,,,,,,0.2055,WARNING,,0,,t3162_0,0.60,HIGH,OFFLOAD,WARNING: heavy task offloaded (weight=0.60 >= 0.3),
1771436122.155,0.1,73.81,4.7297,1.120,37.2,4,,,0.02795,0.5875,0.0000,0.5467,0.0000,0.2795,0.3201,0.2335,WARNING,False,0,5,,,,,,
1771436122.155,0.1,72.99,4.7765,1.087,34.8,3,,,0.02341,0.5327,0.0000,0.3339,0.0000,0.2341,0.2883,0.1884,WARNING,False,8,0,,,,,,window_reset|B=8
1771436122.155,0.1,,,,,,,,,,,,,,,0.1884,WARNING,,8,,t3164_0,0.83,LOW,OFFLOAD,WARNING: heavy task offloaded (weight=0.83 >= 0.3),
1771436122.155,0.1,,,,,,,,,,,,,,,0.1884,WARNING,,8,,t3164_1,0.50,NORMAL,OFFLOAD,WARNING: heavy task offloaded (weight=0.50 >= 0.3),
1771436122.155,0.1,72.61,4.7698,1.056,32.5,3,,,0.02216,0.5074,0.0000,0.3647,0.0000,0.2216,0.2728,0.1850,WARNING,False,8,0,,,,,,
1771436122.155,0.1,,,,,,,,,,,,,,,0.1850,WARNING,,8,,t3165_0,0.46,NORMAL,OFFLOAD,WARNING: heavy task offloaded (weight=0.46 >= 0.3),
1771436122.155,0.1,72.61,4.8193,1.027,30.5,3,,,0.02872,0.5072,0.0000,0.1398,0.0000,0.2872,0.2583,0.1594,SAFE,False,8,0,,,,,,
1771436122.155,0.1,,,,,,,,,,,,,,,0.1594,SAFE,,7,,t3166_0,0.33,HIGH,LOCAL,SAFE: all tasks permitted (weight=0.33),
1771436122.155,0.1,72.68,4.7981,1.063,33.1,3,,,0.03075,0.5123,0.0000,0.2360,0.0000,0.3075,0.2766,0.1782,SAFE,False,7,1,,,,,,
1771436122.155,0.1,,,,,,,,,,,,,,,0.1782,SAFE,,6,,t3167_0,0.36,HIGH,LOCAL,SAFE: all tasks permitted (weight=0.36),
1771436122.155,0.1,,,,,,,,,,,,,,,0.1782,SAFE,,5,,t3167_1,0.57,CRITICAL,LOCAL,SAFE: all tasks permitted (weight=0.57),
1771436122.155,0.1,72.28,4.7212,1.213,43.8,5,,,0.03180,0.4855,0.0000,0.5853,0.0000,0.3180,0.3813,0.2424,SAFE,False,5,3,,,,,,
1771436122.155,0.1,,,,,,,,,,,,,,,0.2424,SAFE,,4,,t3168_0,0.47,HIGH,LOCAL,SAFE: all tasks permitted (weight=0.47),
1771436122.155,0.1,73.06,4.7057,1.263,47.3,5,,,0.03525,0.5374,0.0000,0.6561,0.0000,0.3525,0.4064,0.2663,WARNING,False,4,4,,,,,,
1771436122.155,0.1,,,,,,,,,,,,,,,0.2663,WARNING,,4,,t3169_0,0.54,HIGH,OFFLOAD,WARNING: heavy task offloaded (weight=0.54 >= 0.3),
1771436122.155,0.1,73.33,4.7323,1.219,44.2,5,,,0.03530,0.5554,0.0000,0.5350,0.0000,0.3530,0.3847,0.2484,WARNING,False,4,4,,,,,,
1771436122.155,0.1,73.42,4.7849,1.179,41.4,4,,,0.03631,0.5613,0.0000,0.2957,0.0000,0.3631,0.3495,0.2120,WARNING,False,4,4,,,,,,
1771436122.155,0.1,73.47,4.7668,1.141,38.7,4,,,0.03256,0.5649,0.0000,0.3780,0.0000,0.3256,0.3307,0.2156,WARNING,False,4,4,,,,,,
1771436122.156,0.1,72.68,4.7611,1.106,36.2,4,3840.023,-8.64156,0.03241,0.5117,1.0000,0.4040,1.0000,0.3241,0.3132,0.6590,CRITICAL,False,4,4,,,,,,
1771436122.156,0.1,73.03,4.7977,1.074,33.8,3,25256.236,-21.61432,0.03342,0.5352,1.0000,0.2380,1.0000,0.3342,0.2819,0.6350,CRITICAL,False,4,4,,,,,,
1771436122.156,0.1,,,,,,,,,,,,,,,0.6350,CRITICAL,,4,,t3174_0,0.66,NORMAL,OFFLOAD,CRITICAL: non-critical task offloaded (priority=NORMAL),
1771436122.156,0.1,,,,,,,,,,,,,,,0.6350,CRITICAL,,3,,t3174_1,0.25,CRITICAL,LOCAL,CRITICAL: mission-critical task permitted locally (priority=CRITICAL),
1771436122.156,0.1,72.42,4.7714,1.093,35.2,4,-16003.837,-26.71075,0.03185,0.4945,0.0000,0.3573,1.0000,0.3185,0.3064,0.3989,WARNING,False,3,5,,,,,,
1771436122.156,0.1,,,,,,,,,,,,,,,0.3989,WARNING,,2,,t3175_0,0.25,NORMAL,LOCAL,WARNING: lightweight task permitted (weight=0.25 < 0.3),
1771436122.156,0.1,72.51,4.8090,1.110,36.4,4,13533.111,87.79216,0.03385,0.5006,1.0000,0.1865,0.0000,0.3385,0.3149,0.4311,WARNING,False,2,6,,,,,,
1771436122.156,0.1,,,,,,,,,,,,,,,0.4311,WARNING,,2,,t3176_0,0.52,NORMAL,OFFLOAD,WARNING: heavy task offloaded (weight=0.52 >= 0.3),
1771436122.156,0.1,72.43,4.7746,1.077,34.1,3,-38047.661,68.95465,0.03388,0.4951,0.0000,0.3428,0.0000,0.3388,0.2835,0.1946,WARNING,False,2,6,,,,,,
1771436122.156,0.1,,,,,,,,,,,,,,,0.1946,WARNING,,1,,t3177_0,0.27,CRITICAL,LOCAL,WARNING: lightweight task permitted (weight=0.27 < 0.3),
1771436122.156,0.1,,,,,,,,,,,,,,,0.1946,WARNING,,1,,t3177_1,0.65,LOW,OFFLOAD,WARNING: heavy task offloaded (weight=0.65 >= 0.3),
1771436122.156,0.1,72.86,4.7823,1.099,35.6,4,-28284.820,50.05376,0.03082,0.5240,0.0000,0.3076,0.0000,0.3082,0.3094,0.1956,WARNING,False,1,7,,,,,,
1771436122.156,0.1,73.08,4.7593,1.067,33.3,3,-20426.424,-25.68060,0.02940,0.5386,0.0000,0.4124,1.0000,0.2940,0.2784,0.4033,WARNING,False,5,0,,,,,,window_reset|B=5
1771436122.156,0.1,,,,,,,,,,,,,,,0.4033,WARNING,,5,,t3179_0,0.34,NORMAL,OFFLOAD,WARNING: heavy task offloaded (weight=0.34 >= 0.3),
1771436122.156,0.1,72.98,4.7661,1.037,31.2,3,-29726.888,-0.70923,0.02644,0.5319,0.0000,0.3813,1.0000,0.2644,0.2636,0.3925,WARNING,False,5,0,,,,,,
1771436122.156,0.1,,,,,,,,,,,,,,,0.3925,WARNING,,5,,t3180_0,0.33,CRITICAL,OFFLOAD,WARNING: heavy task offloaded (weight=0.33 >= 0.3),
1771436122.156,0.1,72.58,4.7892,1.009,29.2,3,,,0.01923,0.5051,0.0000,0.2765,0.0000,0.1923,0.2497,0.1657,SAFE,False,5,0,,,,,,
1771436122.156,0.1,,,,,,,,,,,,,,,0.1657,SAFE,,4,,t3181_0,0.36,HIGH,LOCAL,SAFE: all tasks permitted (weight=0.36),
1771436122.156,0.1,72.13,4.7658,1.054,32.4,3,,,0.01483,0.4754,0.0000,0.3829,0.0000,0.1483,0.2720,0.1761,SAFE,False,4,1,,,,,,
1771436122.156,0.1,72.25,4.7884,1.025,30.4,3,,,0.01501,0.4834,0.0000,0.2798,0.0000,0.1501,0.2576,0.1609,SAFE,False,4,1,,,,,,
1771436122.156,0.1,72.14,4.8180,0.998,28.5,3,,,0.01825,0.4758,0.0000,0.1455,0.0000,0.1825,0.2442,0.1431,SAFE,False,4,1,,,,,,
1771436122.156,0.1,,,,,,,,,,,,,,,0.1431,SAFE,,3,,t3184_0,0.54,CRITICAL,LOCAL,SAFE: all tasks permitted (weight=0.54),
1771436122.156,0.1,72.09,4.7826,1.078,34.1,3,,,0.01714,0.4726,0.0000,0.3066,0.0000,0.1714,0.2840,0.1705,SAFE,False,3,2,,,,,,
1771436122.156,0.1,,,,,,,,,,,,,,,0.1705,SAFE,,2,,t3185_0,0.50,HIGH,LOCAL,SAFE: all tasks permitted (weight=0.50),
1771436122.156,0.1,71.62,4.7298,1.145,38.9,4,,,0.02208,0.4414,0.0000,0.5464,0.0000,0.2208,0.3323,0.2125,SAFE,False,2,3,,,,,,
1771436122.156,0.1,71.82,4.7864,1.109,36.4,4,,,0.02210,0.4544,0.0000,0.2892,0.0000,0.2210,0.3147,0.1771,SAFE,False,2,3,,,,,,
1771436122.156,0.1,,,,,,,,,,,,,,,0.1771,SAFE,,1,,t3187_0,0.81,NORMAL,LOCAL,SAFE: all tasks permitted (weight=0.81),
1771436122.156,0.1,,,,,,,,,,,,,,,0.1771,SAFE,,0,,t3187_1,0.67,HIGH,LOCAL,SAFE: all tasks permitted (weight=0.67),
1771436122.156,0.1,71.98,4.6877,1.362,54.5,6,,,0.03180,0.4651,0.0000,0.7375,0.0000,0.3180,0.4712,0.2777,WARNING,False,0,5,,,,,,
1771436122.156,0.1,72.46,4.6750,1.312,50.9,5,,,0.04098,0.4975,0.0000,0.7955,0.0000,0.4098,0.4310,0.2903,WARNING,False,0,5,,,,,,
1771436122.156,0.1,72.90,4.7271,1.265,47.5,5,,,0.04141,0.5267,0.0000,0.5586,0.0000,0.4141,0.4075,0.2587,WARNING,False,0,5,,,,,,
1771436122.156,0.1,,,,,,,,,,,,,,,0.2587,WARNING,,0,,t3190_0,0.54,NORMAL,OFFLOAD,WARNING: heavy task offloaded (weight=0.54 >= 0.3),
1771436122.156,0.1,73.03,4.7416,1.221,44.4,5,,,0.04159,0.5351,0.0000,0.4926,0.0000,0.4159,0.3857,0.2470,WARNING,False,0,5,,,,,,
1771436122.156,0.1,73.18,4.7753,1.181,41.5,4,,,0.04187,0.5454,0.0000,0.3394,0.0000,0.4187,0.3504,0.2215,WARNING,False,0,5,,,,,,
1771436122.156,0.1,,,,,,,,,,,,,,,0.2215,WARNING,,0,,t3192_0,0.55,HIGH,OFFLOAD,WARNING: heavy task offloaded (weight=0.55 >= 0.3),
1771436122.156,0.1,73.03,4.7635,1.143,38.8,4,,,0.04074,0.5352,0.0000,0.3933,0.0000,0.4074,0.3316,0.2224,WARNING,False,0,5,,,,,,
1771436122.156,0.1,73.26,4.7565,1.108,36.3,4,,,0.04059,0.5510,0.0000,0.4251,0.0000,0.4059,0.3140,0.2248,WARNING,False,7,0,,,,,,window_reset|B=7
1771436122.156,0.1,,,,,,,,,,,,,,,0.2248,WARNING,,7,,t3194_0,0.51,NORMAL,OFFLOAD,WARNING: heavy task offloaded (weight=0.51 >= 0.3),
1771436122.156,0.1,73.05,4.7592,1.075,34.0,3,,,0.03922,0.5370,0.0000,0.4129,0.0000,0.3922,0.2827,0.2139,WARNING,False,7,0,,,,,,
1771436122.156,0.1,72.44,4.7681,1.045,31.8,3,,,0.03414,0.4962,0.0000,0.3721,0.0000,0.3414,0.2675,0.1956,WARNING,False,7,0,,,,,,
1771436122.156,0.1,,,,,,,,,,,,,,,0.1956,WARNING,,7,,t3196_0,0.54,NORMAL,OFFLOAD,WARNING: heavy task offloaded (weight=0.54 >= 0.3),
1771436122.156,0.1,72.18,4.7939,1.017,29.8,3,,,0.03527,0.4790,0.0000,0.2552,0.0000,0.3527,0.2534,0.1766,SAFE,False,7,0,,,,,,
1771436122.156,0.1,,,,,,,,,,,,,,,0.1766,SAFE,,6,,t3197_0,0.74,HIGH,LOCAL,SAFE: all tasks permitted (weight=0.74),
1771436122.156,0.1,72.44,4.8028,1.134,38.2,4,,,0.03797,0.4960,0.0000,0.2145,0.0000,0.3797,0.3272,0.1908,SAFE,False,6,1,,,,,,
1771436122.156,0.1,72.57,4.7776,1.100,35.7,4,,,0.03740,0.5047,0.0000,0.3290,0.0000,0.3740,0.3100,0.2027,SAFE,False,6,1,,,,,,
1771436122.156,0.1,,,,,,,,,,,,,,,0.2027,SAFE,,5,,t3199_0,0.54,CRITICAL,LOCAL,SAFE: all tasks permitted (weight=0.54),
1771436122.156,0.1,72.83,4.7420,1.172,40.9,4,,,0.03224,0.5219,0.0000,0.4911,0.0000,0.3224,0.3460,0.2279,SAFE,False,5,2,,,,,,
1771436122.156,0.1,,,,,,,,,,,,,,,0.2279,SAFE,,4,,t3200_0,0.58,HIGH,LOCAL,SAFE: all tasks permitted (weight=0.58),
1771436122.156,0.1,72.63,4.7292,1.248,46.3,5,,,0.02289,0.5088,0.0000,0.5490,0.0000,0.2289,0.3989,0.2351,SAFE,False,4,3,,,,,,
1771436122.157,0.1,,,,,,,,,,,,,,,0.2351,SAFE,,3,,t3201_0,0.82,HIGH,LOCAL,SAFE: all tasks permitted (weight=0.82),
1771436122.157,0.1,,,,,,,,,,,,,,,0.2351,SAFE,,2,,t3201_1,0.82,HIGH,LOCAL,SAFE: all tasks permitted (weight=0.82),
1771436122.157,0.1,73.56,4.6552,1.524,66.0,7,17992.484,-101.27005,0.03646,0.5709,1.0000,0.8853,1.0000,0.3646,0.5671,0.7835,WARNING,False,2,5,,,,,,
1771436122.157,0.1,,,,,,,,,,,,,,,0.7835,WARNING,,2,,t3202_0,0.37,LOW,OFFLOAD,WARNING: heavy task offloaded (weight=0.37 >= 0.3),
1771436122.157,0.1,74.37,4.6330,1.462,61.6,7,78966.056,-126.18822,0.04980,0.6247,1.0000,0.9863,1.0000,0.4980,0.5362,0.8102,CRITICAL,False,2,5,,,,,,
1771436122.157,0.1,,,,,,,,,,,,,,,0.8102,CRITICAL,,1,,t3203_0,0.36,CRITICAL,LOCAL,CRITICAL: mission-critical task permitted locally (priority=CRITICAL),
1771436122.157,0.1,74.39,4.6415,1.476,62.5,7,116780.759,-126.62915,0.05658,0.6259,1.0000,0.9475,1.0000,0.5658,0.5428,0.8134,CRITICAL,False,1,6,,,,,,
1771436122.157,0.1,75.57,4.7042,1.417,58.4,6,202970.540,-89.72626,0.05648,0.7044,1.0000,0.6629,1.0000,0.5648,0.4986,0.7769,CRITICAL,False,1,6,,,,,,
1771436122.157,0.1,76.05,4.6885,1.363,54.5,6,216715.628,-114.33567,0.05698,0.7367,1.0000,0.7340,1.0000,0.5698,0.4715,0.7851,CRITICAL,False,1,6,,,,,,
1771436122.157,0.1,,,,,,,,,,,,,,,0.7851,CRITICAL,,1,,t3206_0,0.46,LOW,OFFLOAD,CRITICAL: non-critical task offloaded (priority=LOW),
1771436122.157,0.1,75.82,4.7175,1.313,50.9,5,194775.463,-60.11598,0.05603,0.7211,1.0000,0.6021,1.0000,0.5603,0.4313,0.7571,CRITICAL,False,1,6,,,,,,
1771436122.157,0.1,75.73,4.7556,1.266,47.5,5,174224.241,13.64133,0.05525,0.7154,1.0000,0.4291,0.0000,0.5525,0.4078,0.5284,CRITICAL,False,1,6,,,,,,
1771436122.157,0.1,75.89,4.6668,1.222,44.4,5,195729.964,-62.47231,0.05219,0.7263,1.0000,0.8329,1.0000,0.5219,0.3860,0.7748,CRITICAL,False,2,0,,,,,,window_reset|B=2
1771436122.157,0.1,,,,,,,,,,,,,,,0.7748,CRITICAL,,2,,t3209_0,0.81,NORMAL,OFFLOAD,CRITICAL: non-critical task offloaded (priority=NORMAL),
1771436122.157,0.1,75.71,4.7459,1.181,41.5,4,,,0.04568,0.7139,0.0000,0.4732,0.0000,0.4568,0.3507,0.2630,WARNING,False,2,0,,,,,,
1771436122.157,0.1,75.66,4.7830,1.144,38.8,4,,,0.04641,0.7105,0.0000,0.3044,0.0000,0.4641,0.3318,0.2376,WARNING,False,2,0,,,,,,
1771436122.157,0.1,,,,,,,,,,,,,,,0.2376,WARNING,,2,,t3211_0,0.34,CRITICAL,OFFLOAD,WARNING: heavy task offloaded (weight=0.34 >= 0.3),
1771436122.157,0.1,75.92,4.7281,1.108,36.3,4,,,0.04565,0.7281,0.0000,0.5541,0.0000,0.4565,0.3142,0.2679,WARNING,False,2,0,,,,,,
1771436122.157,0.1,,,,,,,,,,,,,,,0.2679,WARNING,,2,,t3212_0,0.30,NORMAL,OFFLOAD,WARNING: heavy task offloaded (weight=0.30 >= 0.3),
1771436122.157,0.1,75.55,4.7709,1.076,34.0,3,,,0.04890,0.7030,0.0000,0.3597,0.0000,0.4890,0.2829,0.2366,WARNING,False,2,0,,,,,,
1771436122.157,0.1,,,,,,,,,,,,,,,0.2366,WARNING,,2,,t3213_0,0.47,NORMAL,OFFLOAD,WARNING: heavy task offloaded (weight=0.47 >= 0.3),
1771436122.157,0.1,75.45,4.7822,1.045,31.8,3,,,0.05016,0.6964,0.0000,0.3083,0.0000,0.5016,0.2677,0.2274,WARNING,False,2,0,,,,,,
1771436122.157,0.1,,,,,,,,,,,,,,,0.2274,WARNING,,1,,t3214_0,0.28,LOW,LOCAL,WARNING: lightweight task permitted (weight=0.28 < 0.3),
1771436122.157,0.1,75.56,4.7561,1.071,33.6,3,,,0.04391,0.7042,0.0000,0.4268,0.0000,0.4391,0.2804,0.2400,WARNING,False,1,1,,,,,,
1771436122.157,0.1,74.85,4.7874,1.041,31.5,3,,,0.03798,0.6570,0.0000,0.2847,0.0000,0.3798,0.2654,0.2069,WARNING,False,1,1,,,,,,
1771436122.157,0.1,,,,,,,,,,,,,,,0.2069,WARNING,,1,,t3216_0,0.39,HIGH,OFFLOAD,WARNING: heavy task offloaded (weight=0.39 >= 0.3),
1771436122.157,0.1,75.10,4.7930,1.013,29.5,3,,,0.03882,0.6736,0.0000,0.2590,0.0000,0.3882,0.2515,0.2036,WARNING,False,1,1,,,,,,
1771436122.157,0.1,74.79,4.8464,0.987,27.6,3,,,0.04300,0.6527,0.0000,0.0162,0.0000,0.4300,0.2385,0.1711,SAFE,False,1,1,,,,,,
1771436122.157,0.1,74.81,4.8039,0.963,25.9,2,,,0.04233,0.6537,0.0000,0.2095,0.0000,0.4233,0.2114,0.1903,SAFE,False,1,1,,,,,,
1771436122.157,0.1,74.11,4.8063,0.940,24.3,2,,,0.04337,0.6075,0.0000,0.1985,0.0000,0.4337,0.2002,0.1821,SAFE,False,1,1,,,,,,
1771436122.157,0.1,,,,,,,,,,,,,,,0.1821,SAFE,,0,,t3220_0,0.64,LOW,LOCAL,SAFE: all tasks permitted (weight=0.64),
1771436122.157,0.1,73.45,4.7844,1.045,31.8,3,,,0.02942,0.5631,0.0000,0.2982,0.0000,0.2942,0.2674,0.1892,SAFE,False,0,2,,,,,,
1771436122.157,0.1,,,,,,,,,,,,,,,0.1892,SAFE,,0,,t3221_0,0.33,LOW,OFFLOAD,"Budget exhausted (B=0), offloading. Original: SAFE: all tasks permitted (weight=0.33)",
1771436122.157,0.1,73.69,4.7827,1.017,29.8,3,,,0.02730,0.5795,0.0000,0.3058,0.0000,0.2730,0.2533,0.1872,SAFE,False,0,2,,,,,,
1771436122.157,0.1,,,,,,,,,,,,,,,0.1872,SAFE,,0,,t3222_0,0.72,HIGH,OFFLOAD,"Budget exhausted (B=0), offloading. Original: SAFE: all tasks permitted (weight=0.72)",
1771436122.157,0.1,73.47,4.8019,0.990,27.9,3,,,0.02766,0.5645,0.0000,0.2185,0.0000,0.2766,0.2402,0.1718,SAFE,False,0,2,,,,,,
1771436122.157,0.1,,,,,,,,,,,,,,,0.1718,SAFE,,0,,t3223_0,0.31,CRITICAL,OFFLOAD,"Budget exhausted (B=0), offloading. Original: SAFE: all tasks permitted (weight=0.31)",
1771436122.157,0.1,,,,,,,,,,,,,,,0.1718,SAFE,,0,,t3223_1,0.39,HIGH,OFFLOAD,"Budget exhausted (B=0), offloading. Original: SAFE: all tasks permitted (weight=0.39)",
1771436122.157,0.1,72.65,4.8080,0.966,26.1,2,,,0.02166,0.5098,0.0000,0.1909,0.0000,0.2166,0.2130,0.1503,SAFE,False,8,0,,,,,,window_reset|B=8
1771436122.157,0.1,72.30,4.8247,0.943,24.5,2,,,0.02206,0.4864,0.0000,0.1150,0.0000,0.2206,0.2016,0.1357,SAFE,False,8,0,,,,,,
1771436122.157,0.1,,,,,,,,,,,,,,,0.1357,SAFE,,7,,t3225_0,0.47,LOW,LOCAL,SAFE: all tasks permitted (weight=0.47),
1771436122.157,0.1,72.47,4.7815,1.014,29.5,3,,,0.02210,0.4980,0.0000,0.3112,0.0000,0.2210,0.2518,0.1727,SAFE,False,7,1,,,,,,
1771436122.157,0.1,,,,,,,,,,,,,,,0.1727,SAFE,,6,,t3226_0,0.33,HIGH,LOCAL,SAFE: all tasks permitted (weight=0.33),
1771436122.157,0.1,71.83,4.7846,1.052,32.3,3,,,0.01874,0.4551,0.0000,0.2973,0.0000,0.1874,0.2709,0.1662,SAFE,False,6,2,,,,,,
1771436122.158,0.1,72.57,4.8328,1.023,30.2,3,-92375.541,26.48992,0.02026,0.5048,0.0000,0.0780,0.0000,0.2026,0.2566,0.1423,SAFE,False,6,2,,,,,,
1771436122.158,0.1,,,,,,,,,,,,,,,0.1423,SAFE,,5,,t3228_0,0.35,CRITICAL,LOCAL,SAFE: all tasks permitted (weight=0.35),
1771436122.158,0.1,,,,,,,,,,,,,,,0.1423,SAFE,,4,,t3228_1,0.25,CRITICAL,LOCAL,SAFE: all tasks permitted (weight=0.25),
1771436122.158,0.1,71.97,4.7522,1.114,36.7,4,-88395.205,-32.17999,0.02477,0.4648,0.0000,0.4446,1.0000,0.2477,0.3169,0.4017,WARNING,False,4,4,,,,,,
1771436122.158,0.1,,,,,,,,,,,,,,,0.4017,WARNING,,4,,t3229_0,0.31,HIGH,OFFLOAD,WARNING: heavy task offloaded (weight=0.31 >= 0.3),
1771436122.158,0.1,72.05,4.7720,1.081,34.3,3,-98290.198,-10.71514,0.02170,0.4702,0.0000,0.3545,1.0000,0.2170,0.2853,0.3813,WARNING,False,4,4,,,,,,
1771436122.158,0.1,,,,,,,,,,,,,,,0.3813,WARNING,,3,,t3230_0,0.26,CRITICAL,LOCAL,WARNING: lightweight task permitted (weight=0.26 < 0.3),
1771436122.158,0.1,71.92,4.7965,1.100,35.7,4,-92684.531,-5.47804,0.02153,0.4615,0.0000,0.2434,1.0000,0.2153,0.3102,0.3706,WARNING,False,3,5,,,,,,
1771436122.158,0.1,,,,,,,,,,,,,,,0.3706,WARNING,,2,,t3231_0,0.20,LOW,LOCAL,WARNING: lightweight task permitted (weight=0.20 < 0.3),
1771436122.158,0.1,71.88,4.7886,1.107,36.2,4,-46180.789,-19.40107,0.02124,0.4585,0.0000,0.2792,1.0000,0.2124,0.3136,0.3753,WARNING,False,2,6,,,,,,
1771436122.158,0.1,,,,,,,,,,,,,,,0.3753,WARNING,,1,,t3232_0,0.24,HIGH,LOCAL,WARNING: lightweight task permitted (weight=0.24 < 0.3),
1771436122.158,0.1,72.22,4.7641,1.121,37.2,4,-4537.149,-60.55439,0.02258,0.4814,0.0000,0.3904,1.0000,0.2258,0.3207,0.3952,WARNING,False,1,7,,,,,,
1771436122.158,0.1,,,,,,,,,,,,,,,0.3952,WARNING,,1,,t3233_0,0.60,LOW,OFFLOAD,WARNING: heavy task offloaded (weight=0.60 >= 0.3),
1771436122.158,0.1,71.82,4.8122,1.088,34.8,3,-39131.830,30.64424,0.02316,0.4545,0.0000,0.1719,0.0000,0.2316,0.2889,0.1578,SAFE,False,1,7,,,,,,
1771436122.158,0.1,,,,,,,,,,,,,,,0.1578,SAFE,,0,,t3234_0,0.57,HIGH,LOCAL,SAFE: all tasks permitted (weight=0.57),
1771436122.158,0.1,,,,,,,,,,,,,,,0.1578,SAFE,,0,,t3234_1,0.55,LOW,OFFLOAD,"Budget exhausted (B=0), offloading. Original: SAFE: all tasks permitted (weight=0.55)",
1771436122.158,0.1,72.05,4.7385,1.168,40.6,4,13339.962,-46.04619,0.02742,0.4699,1.0000,0.5067,1.0000,0.2742,0.3439,0.6685,WARNING,False,0,8,,,,,,
1771436122.158,0.1,71.92,4.8284,1.131,37.9,4,,,0.02919,0.4614,0.0000,0.0980,0.0000,0.2919,0.3255,0.1624,SAFE,False,0,8,,,,,,
1771436122.158,0.1,,,,,,,,,,,,,,,0.1624,SAFE,,0,,t3236_0,0.45,NORMAL,OFFLOAD,"Budget exhausted (B=0), offloading. Original: SAFE: all tasks permitted (weight=0.45)",
1771436122.158,0.1,,,,,,,,,,,,,,,0.1624,SAFE,,0,,t3236_1,0.50,NORMAL,OFFLOAD,"Budget exhausted (B=0), offloading. Original: SAFE: all tasks permitted (weight=0.50)",
1771436122.158,0.1,71.91,4.7678,1.097,35.5,4,,,0.02770,0.4604,0.0000,0.3735,0.0000,0.2770,0.3084,0.1932,SAFE,False,0,8,,,,,,
1771436122.158,0.1,,,,,,,,,,,,,,,0.1932,SAFE,,0,,t3237_0,0.81,NORMAL,OFFLOAD,"Budget exhausted (B=0), offloading. Original: SAFE: all tasks permitted (weight=0.81)",
1771436122.158,0.1,71.64,4.7834,1.065,33.2,3,,,0.02768,0.4429,0.0000,0.3028,0.0000,0.2768,0.2774,0.1757,SAFE,False,0,8,,,,,,
1771436122.158,0.1,71.58,4.7741,1.035,31.1,3,,,0.02785,0.4384,0.0000,0.3449,0.0000,0.2785,0.2626,0.1778,SAFE,False,8,0,,,,,,window_reset|B=8
1771436122.158,0.1,,,,,,,,,,,,,,,0.1778,SAFE,,7,,t3239_0,0.78,LOW,LOCAL,SAFE: all tasks permitted (weight=0.78),
1771436122.158,0.1,72.05,4.7621,1.159,39.9,4,,,0.02418,0.4698,0.0000,0.3993,0.0000,0.2418,0.3396,0.2004,SAFE,False,7,1,,,,,,
1771436122.158,0.1,,,,,,,,,,,,,,,0.2004,SAFE,,6,,t3240_0,0.42,NORMAL,LOCAL,SAFE: all tasks permitted (weight=0.42),
1771436122.158,0.1,71.87,4.7650,1.206,43.3,5,,,0.02327,0.4578,0.0000,0.3864,0.0000,0.2327,0.3778,0.2040,SAFE,False,6,2,,,,,,
1771436122.158,0.1,,,,,,,,,,,,,,,0.2040,SAFE,,5,,t3241_0,0.80,NORMAL,LOCAL,SAFE: all tasks permitted (weight=0.80),
1771436122.158,0.1,,,,,,,,,,,,,,,0.2040,SAFE,,4,,t3241_1,0.81,NORMAL,LOCAL,SAFE: all tasks permitted (weight=0.81),
1771436122.158,0.1,72.46,4.6892,1.481,62.9,7,,,0.03416,0.4972,0.0000,0.7308,0.0000,0.3416,0.5453,0.2979,WARNING,False,4,4,,,,,,
1771436122.158,0.1,,,,,,,,,,,,,,,0.2979,WARNING,,4,,t3242_0,0.79,NORMAL,OFFLOAD,WARNING: heavy task offloaded (weight=0.79 >= 0.3),
1771436122.158,0.1,73.19,4.6869,1.422,58.7,6,,,0.04058,0.5458,0.0000,0.7414,0.0000,0.4058,0.5009,0.3027,WARNING,False,4,4,,,,,,
1771436122.158,0.1,73.50,4.6997,1.367,54.8,6,,,0.04332,0.5665,0.0000,0.6832,0.0000,0.4332,0.4736,0.2948,WARNING,False,4,4,,,,,,
1771436122.158,0.1,,,,,,,,,,,,,,,0.2948,WARNING,,4,,t3244_0,0.76,CRITICAL,OFFLOAD,WARNING: heavy task offloaded (weight=0.76 >= 0.3),
1771436122.158,0.1,73.58,4.6833,1.316,51.2,6,,,0.04759,0.5720,0.0000,0.7575,0.0000,0.4759,0.4482,0.3044,WARNING,False,4,4,,,,,,
1771436122.158,0.1,,,,,,,,,,,,,,,0.3044,WARNING,,3,,t3245_0,0.28,LOW,LOCAL,WARNING: lightweight task permitted (weight=0.28 < 0.3),
1771436122.158,0.1,,,,,,,,,,,,,,,0.3044,WARNING,,3,,t3245_1,0.65,NORMAL,OFFLOAD,WARNING: heavy task offloaded (weight=0.65 >= 0.3),
1771436122.158,0.1,74.38,4.6845,1.324,51.7,6,,,0.04659,0.6252,0.0000,0.7522,0.0000,0.4659,0.4518,0.3097,WARNING,False,3,5,,,,,,
1771436122.159,0.1,,,,,,,,,,,,,,,0.3097,WARNING,,2,,t3246_0,0.20,NORMAL,LOCAL,WARNING: lightweight task permitted (weight=0.20 < 0.3),
1771436122.159,0.1,74.19,4.7122,1.316,51.1,6,157088.943,-61.90162,0.04716,0.6129,1.0000,0.6263,1.0000,0.4716,0.4480,0.7417,CRITICAL,False,2,6,,,,,,
1771436122.159,0.1,,,,,,,,,,,,,,,0.7417,CRITICAL,,1,,t3247_0,0.57,CRITICAL,LOCAL,CRITICAL: mission-critical task permitted locally (priority=CRITICAL),
1771436122.159,0.1,74.75,4.6593,1.380,55.7,6,162078.401,-102.80750,0.04259,0.6499,1.0000,0.8666,1.0000,0.4259,0.4798,0.7792,CRITICAL,False,1,7,,,,,,
1771436122.159,0.1,74.85,4.7126,1.328,52.0,6,178925.925,-52.36591,0.04035,0.6565,1.0000,0.6244,1.0000,0.4035,0.4540,0.7411,CRITICAL,False,1,7,,,,,,
1771436122.159,0.1,,,,,,,,,,,,,,,0.7411,CRITICAL,,1,,t3249_0,0.71,LOW,OFFLOAD,CRITICAL: non-critical task offloaded (priority=LOW),
1771436122.159,0.1,74.62,4.6948,1.280,48.6,5,129653.580,5.58930,0.03547,0.6413,1.0000,0.7054,0.0000,0.3547,0.4150,0.5371,CRITICAL,False,1,7,,,,,,
1771436122.159,0.1,,,,,,,,,,,,,,,0.5371,CRITICAL,,1,,t3250_0,0.81,HIGH,OFFLOAD,CRITICAL: non-critical task offloaded (priority=HIGH),
1771436122.159,0.1,75.46,4.6977,1.235,45.4,5,136255.740,10.83881,0.02986,0.6972,1.0000,0.6922,0.0000,0.2986,0.3927,0.5320,CRITICAL,False,1,7,,,,,,
1771436122.159,0.1,,,,,,,,,,,,,,,0.5320,CRITICAL,,1,,t3251_0,0.45,NORMAL,OFFLOAD,CRITICAL: non-critical task offloaded (priority=NORMAL),
1771436122.159,0.1,,,,,,,,,,,,,,,0.5320,CRITICAL,,1,,t3251_1,0.57,LOW,OFFLOAD,CRITICAL: non-critical task offloaded (priority=LOW),
1771436122.159,0.1,75.51,4.7671,1.194,42.4,4,120612.475,67.42241,0.03068,0.7005,1.0000,0.3768,0.0000,0.3068,0.3569,0.4851,CRITICAL,False,1,7,,,,,,
1771436122.159,0.1,75.10,4.7464,1.155,39.7,4,91076.698,63.02451,0.02792,0.6732,1.0000,0.4711,0.0000,0.2792,0.3376,0.4875,CRITICAL,False,1,7,,,,,,
1771436122.159,0.1,,,,,,,,,,,,,,,0.4875,CRITICAL,,1,,t3253_0,0.70,NORMAL,OFFLOAD,CRITICAL: non-critical task offloaded (priority=NORMAL),
1771436122.159,0.1,,,,,,,,,,,,,,,0.4875,CRITICAL,,1,,t3253_1,0.27,HIGH,OFFLOAD,CRITICAL: non-critical task offloaded (priority=HIGH),
1771436122.159,0.1,75.40,4.7434,1.119,37.1,4,61332.665,58.89256,0.02968,0.6933,1.0000,0.4845,0.0000,0.2968,0.3196,0.4898,CRITICAL,False,5,0,,,,,,window_reset|B=5
1771436122.159,0.1,,,,,,,,,,,,,,,0.4898,CRITICAL,,5,,t3254_0,0.49,LOW,OFFLOAD,CRITICAL: non-critical task offloaded (priority=LOW),
1771436122.159,0.1,75.80,4.7750,1.086,34.7,3,,,0.03427,0.7198,0.0000,0.3408,0.0000,0.3427,0.2879,0.2225,WARNING,False,5,0,,,,,,
1771436122.159,0.1,,,,,,,,,,,,,,,0.2225,WARNING,,5,,t3255_0,0.58,LOW,OFFLOAD,WARNING: heavy task offloaded (weight=0.58 >= 0.3),
1771436122.159,0.1,74.97,4.7850,1.055,32.5,3,,,0.03895,0.6646,0.0000,0.2954,0.0000,0.3895,0.2724,0.2116,WARNING,False,5,0,,,,,,
1771436122.159,0.1,,,,,,,,,,,,,,,0.2116,WARNING,,5,,t3256_0,0.69,LOW,OFFLOAD,WARNING: heavy task offloaded (weight=0.69 >= 0.3),
1771436122.159,0.1,75.04,4.7680,1.026,30.4,3,,,0.03902,0.6696,0.0000,0.3726,0.0000,0.3902,0.2580,0.2194,WARNING,False,5,0,,,,,,
1771436122.159,0.1,,,,,,,,,,,,,,,0.2194,WARNING,,5,,t3257_0,0.62,NORMAL,OFFLOAD,WARNING: heavy task offloaded (weight=0.62 >= 0.3),
1771436122.159,0.1,,,,,,,,,,,,,,,0.2194,WARNING,,5,,t3257_1,0.69,LOW,OFFLOAD,WARNING: heavy task offloaded (weight=0.69 >= 0.3),
1771436122.159,0.1,74.77,4.8085,0.999,28.5,3,,,0.04219,0.6511,0.0000,0.1886,0.0000,0.4219,0.2445,0.1938,WARNING,False,5,0,,,,,,
1771436122.159,0.1,,,,,,,,,,,,,,,0.1938,WARNING,,5,,t3258_0,0.41,NORMAL,OFFLOAD,WARNING: heavy task offloaded (weight=0.41 >= 0.3),
1771436122.159,0.1,74.20,4.8134,0.974,26.7,2,,,0.04591,0.6135,0.0000,0.1664,0.0000,0.4591,0.2170,0.1846,WARNING,False,5,0,,,,,,
1771436122.159,0.1,,,,,,,,,,,,,,,0.1846,WARNING,,5,,t3259_0,0.76,LOW,OFFLOAD,WARNING: heavy task offloaded (weight=0.76 >= 0.3),
1771436122.159,0.1,,,,,,,,,,,,,,,0.1846,WARNING,,5,,t3259_1,0.49,HIGH,OFFLOAD,WARNING: heavy task offloaded (weight=0.49 >= 0.3),
1771436122.159,0.1,73.69,4.7889,0.951,25.1,2,,,0.03852,0.5793,0.0000,0.2775,0.0000,0.3852,0.2054,0.1852,WARNING,False,5,0,,,,,,
1771436122.159,0.1,,,,,,,,,,,,,,,0.1852,WARNING,,5,,t3260_0,0.49,NORMAL,OFFLOAD,WARNING: heavy task offloaded (weight=0.49 >= 0.3),
1771436122.159,0.1,73.59,4.8299,0.929,23.5,2,,,0.04050,0.5727,0.0000,0.0912,0.0000,0.4050,0.1946,0.1600,SAFE,False,5,0,,,,,,
1771436122.159,0.1,,,,,,,,,,,,,,,0.1600,SAFE,,4,,t3261_0,0.52,LOW,LOCAL,SAFE: all tasks permitted (weight=0.52),
1771436122.159,0.1,73.11,4.7977,1.011,29.4,3,,,0.03451,0.5407,0.0000,0.2378,0.0000,0.3451,0.2505,0.1804,SAFE,False,4,1,,,,,,
1771436122.159,0.1,,,,,,,,,,,,,,,0.1804,SAFE,,3,,t3262_0,0.24,HIGH,LOCAL,SAFE: all tasks permitted (weight=0.24),
1771436122.159,0.1,73.30,4.7773,1.033,30.9,3,,,0.02502,0.5532,0.0000,0.3302,0.0000,0.2502,0.2615,0.1866,SAFE,False,3,2,,,,,,
1771436122.159,0.1,,,,,,,,,,,,,,,0.1866,SAFE,,2,,t3263_0,0.35,NORMAL,LOCAL,SAFE: all tasks permitted (weight=0.35),
1771436122.159,0.1,,,,,,,,,,,,,,,0.1866,SAFE,,1,,t3263_1,0.39,NORMAL,LOCAL,SAFE: all tasks permitted (weight=0.39),
1771436122.159,0.1,73.21,4.7547,1.152,39.4,4,,,0.02591,0.5474,0.0000,0.4331,0.0000,0.2591,0.3359,0.2151,SAFE,False,1,4,,,,,,
1771436122.159,0.1,73.09,4.6473,1.116,36.9,4,,,0.04490,0.5393,0.0000,0.9215,0.0000,0.4490,0.3181,0.2930,WARNING,False,1,4,,,,,,
1771436122.159,0.1,73.16,4.7790,1.083,34.5,3,,,0.04394,0.5437,0.0000,0.3228,0.0000,0.4394,0.2865,0.2084,WARNING,False,1,4,,,,,,
1771436122.159,0.1,,,,,,,,,,,,,,,0.2084,WARNING,,1,,t3266_0,0.70,NORMAL,OFFLOAD,WARNING: heavy task offloaded (weight=0.70 >= 0.3),
1771436122.159,0.1,72.36,4.7903,1.052,32.3,3,,,0.04408,0.4906,0.0000,0.2713,0.0000,0.4408,0.2710,0.1924,WARNING,False,1,4,,,,,,
1771436122.159,0.1,,,,,,,,,,,,,,,0.1924,WARNING,,1,,t3267_0,0.62,HIGH,OFFLOAD,WARNING: heavy task offloaded (weight=0.62 >= 0.3),
1771436122.159,0.1,72.88,4.7962,1.023,30.2,3,,,0.04433,0.5252,0.0000,0.2443,0.0000,0.4433,0.2567,0.1905,WARNING,False,1,4,,,,,,
1771436122.159,0.1,,,,,,,,,,,,,,,0.1905,WARNING,,1,,t3268_0,0.73,NORMAL,OFFLOAD,WARNING: heavy task offloaded (weight=0.73 >= 0.3),
1771436122.159,0.1,73.06,4.7972,0.997,28.3,3,,,0.04445,0.5375,0.0000,0.2400,0.0000,0.4445,0.2433,0.1888,WARNING,False,8,0,,,,,,window_reset|B=8
1771436122.159,0.1,,,,,,,,,,,,,,,0.1888,WARNING,,8,,t3269_0,0.72,NORMAL,OFFLOAD,WARNING: heavy task offloaded (weight=0.72 >= 0.3),
1771436122.160,0.1,71.71,4.7986,0.972,26.6,2,-83814.219,0.87475,0.04403,0.4476,0.0000,0.2339,0.0000,0.4403,0.2159,0.1713,SAFE,False,8,0,,,,,,
1771436122.160,0.1,72.21,4.7962,0.949,24.9,2,-65040.163,18.80176,0.04322,0.4809,0.0000,0.2447,0.0000,0.4322,0.2044,0.1736,SAFE,False,8,0,,,,,,
1771436122.160,0.1,,,,,,,,,,,,,,,0.1736,SAFE,,7,,t3271_0,0.40,NORMAL,LOCAL,SAFE: all tasks permitted (weight=0.40),
1771436122.160,0.1,71.63,4.7891,1.006,29.0,3,-94566.979,34.40743,0.04322,0.4423,0.0000,0.2766,0.0000,0.4322,0.2481,0.1819,SAFE,False,7,1,,,,,,
1771436122.160,0.1,,,,,,,,,,,,,,,0.1819,SAFE,,6,,t3272_0,0.59,LOW,LOCAL,SAFE: all tasks permitted (weight=0.59),
1771436122.160,0.1,71.63,4.7612,1.096,35.4,4,-87654.097,113.85214,0.04063,0.4418,0.0000,0.4037,0.0000,0.4063,0.3081,0.2078,SAFE,False,6,2,,,,,,
1771436122.160,0.1,,,,,,,,,,,,,,,0.2078,SAFE,,5,,t3273_0,0.56,HIGH,LOCAL,SAFE: all tasks permitted (weight=0.56),
1771436122.160,0.1,,,,,,,,,,,,,,,0.2078,SAFE,,4,,t3273_1,0.47,NORMAL,LOCAL,SAFE: all tasks permitted (weight=0.47),
1771436122.160,0.1,71.66,4.7133,1.266,47.6,5,-89565.388,-65.65621,0.04311,0.4442,0.0000,0.6214,1.0000,0.4311,0.4082,0.4588,WARNING,False,4,4,,,,,,
1771436122.160,0.1,71.79,4.6840,1.223,44.5,5,-33985.619,-106.30688,0.04857,0.4529,0.0000,0.7547,1.0000,0.4857,0.3863,0.4783,WARNING,False,4,4,,,,,,
1771436122.160,0.1,,,,,,,,,,,,,,,0.4783,WARNING,,3,,t3275_0,0.27,HIGH,LOCAL,WARNING: lightweight task permitted (weight=0.27 < 0.3),
1771436122.160,0.1,72.22,4.7094,1.234,45.3,5,-39711.438,-86.83079,0.05047,0.4811,0.0000,0.6392,1.0000,0.5047,0.3922,0.4697,WARNING,False,3,5,,,,,,
1771436122.160,0.1,,,,,,,,,,,,,,,0.4697,WARNING,,3,,t3276_0,0.72,HIGH,OFFLOAD,WARNING: heavy task offloaded (weight=0.72 >= 0.3),
1771436122.160,0.1,72.73,4.7556,1.193,42.4,4,-20057.731,-41.56889,0.03868,0.5152,0.0000,0.4290,1.0000,0.3868,0.3565,0.4276,WARNING,False,3,5,,,,,,
1771436122.160,0.1,,,,,,,,,,,,,,,0.4276,WARNING,,3,,t3277_0,0.55,LOW,OFFLOAD,WARNING: heavy task offloaded (weight=0.55 >= 0.3),
1771436122.160,0.1,72.86,4.7578,1.154,39.6,4,,,0.03845,0.5241,0.0000,0.4191,0.0000,0.3845,0.3372,0.2233,WARNING,False,3,5,,,,,,
1771436122.160,0.1,,,,,,,,,,,,,,,0.2233,WARNING,,3,,t3278_0,0.49,NORMAL,OFFLOAD,WARNING: heavy task offloaded (weight=0.49 >= 0.3),
1771436122.160,0.1,,,,,,,,,,,,,,,0.2233,WARNING,,3,,t3278_1,0.85,HIGH,OFFLOAD,WARNING: heavy task offloaded (weight=0.85 >= 0.3),
1771436122.160,0.1,72.78,4.7655,1.119,37.0,4,,,0.03755,0.5185,0.0000,0.3840,0.0000,0.3755,0.3193,0.2135,WARNING,False,3,5,,,,,,
1771436122.160,0.1,72.78,4.7570,1.085,34.7,3,,,0.03596,0.5187,0.0000,0.4226,0.0000,0.3596,0.2876,0.2107,WARNING,False,3,5,,,,,,
1771436122.160,0.1,,,,,,,,,,,,,,,0.2107,WARNING,,2,,t3280_0,0.28,HIGH,LOCAL,WARNING: lightweight task permitted (weight=0.28 < 0.3),
1771436122.160,0.1,73.07,4.7384,1.109,36.3,4,,,0.03411,0.5380,0.0000,0.5072,0.0000,0.3411,0.3144,0.2275,WARNING,False,2,6,,,,,,
1771436122.160,0.1,72.30,4.7608,1.076,34.0,3,,,0.03132,0.4870,0.0000,0.4057,0.0000,0.3132,0.2830,0.1991,WARNING,False,2,6,,,,,,
1771436122.160,0.1,,,,,,,,,,,,,,,0.1991,WARNING,,1,,t3282_0,0.22,HIGH,LOCAL,WARNING: lightweight task permitted (weight=0.22 < 0.3),
1771436122.160,0.1,71.92,4.8038,1.089,34.9,3,,,0.03234,0.4611,0.0000,0.2098,0.0000,0.3234,0.2893,0.1728,SAFE,False,1,7,,,,,,
1771436122.160,0.1,,,,,,,,,,,,,,,0.1728,SAFE,,0,,t3283_0,0.77,NORMAL,LOCAL,SAFE: all tasks permitted (weight=0.77),
1771436122.160,0.1,,,,,,,,,,,,,,,0.1728,SAFE,,0,,t3283_1,0.64,HIGH,OFFLOAD,"Budget exhausted (B=0), offloading. Original: SAFE: all tasks permitted (weight=0.64)",
1771436122.160,0.1,72.16,4.7664,1.210,43.5,5,,,0.03059,0.4776,0.0000,0.3800,0.0000,0.3059,0.3798,0.2133,SAFE,False,7,0,,,,,,window_reset|B=7
1771436122.160,0.1,,,,,,,,,,,,,,,0.2133,SAFE,,6,,t3284_0,0.68,HIGH,LOCAL,SAFE: all tasks permitted (weight=0.68),
1771436122.160,0.1,73.15,4.7231,1.304,50.3,5,,,0.03100,0.5433,0.0000,0.5766,0.0000,0.3100,0.4269,0.2565,WARNING,False,6,1,,,,,,
1771436122.160,0.1,72.91,4.7023,1.258,47.0,5,,,0.03205,0.5276,0.0000,0.6712,0.0000,0.3205,0.4038,0.2634,WARNING,False,6,1,,,,,,
1771436122.160,0.1,,,,,,,,,,,,,,,0.2634,WARNING,,6,,t3286_0,0.62,NORMAL,OFFLOAD,WARNING: heavy task offloaded (weight=0.62 >= 0.3),
1771436122.160,0.1,73.16,4.7177,1.214,43.9,5,,,0.02790,0.5443,0.0000,0.6016,0.0000,0.2790,0.3822,0.2479,WARNING,False,6,1,,,,,,
1771436122.160,0.1,,,,,,,,,,,,,,,0.2479,WARNING,,6,,t3287_0,0.37,NORMAL,OFFLOAD,WARNING: heavy task offloaded (weight=0.37 >= 0.3),
1771436122.160,0.1,73.08,4.7674,1.174,41.0,4,,,0.02602,0.5387,0.0000,0.3754,0.0000,0.2602,0.3472,0.2089,WARNING,False,6,1,,,,,,
1771436122.160,0.1,73.00,4.7430,1.137,38.4,4,,,0.02608,0.5336,0.0000,0.4863,0.0000,0.2608,0.3286,0.2190,WARNING,False,6,1,,,,,,
1771436122.160,0.1,72.92,4.7465,1.102,35.9,4,,,0.02599,0.5277,0.0000,0.4705,0.0000,0.2599,0.3112,0.2127,WARNING,False,6,1,,,,,,
1771436122.161,0.1,,,,,,,,,,,,,,,0.2127,WARNING,,6,,t3290_0,0.70,LOW,OFFLOAD,WARNING: heavy task offloaded (weight=0.70 >= 0.3),
1771436122.161,0.1,73.08,4.7546,1.070,33.6,3,69756.264,-49.34001,0.02560,0.5385,1.0000,0.4337,1.0000,0.2560,0.2801,0.6526,CRITICAL,False,6,1,,,,,,
1771436122.161,0.1,,,,,,,,,,,,,,,0.6526,CRITICAL,,6,,t3291_0,0.43,NORMAL,OFFLOAD,CRITICAL: non-critical task offloaded (priority=NORMAL),
1771436122.161,0.1,72.53,4.8300,1.040,31.4,3,21771.697,63.76648,0.03417,0.5017,1.0000,0.0907,0.0000,0.3417,0.2651,0.4092,WARNING,False,6,1,,,,,,
1771436122.161,0.1,,,,,,,,,,,,,,,0.4092,WARNING,,6,,t3292_0,0.53,NORMAL,OFFLOAD,WARNING: heavy task offloaded (weight=0.53 >= 0.3),
1771436122.161,0.1,72.43,4.7841,1.012,29.5,3,-43012.135,61.05202,0.03470,0.4956,0.0000,0.2996,0.0000,0.3470,0.2512,0.1834,WARNING,False,6,1,,,,,,
1771436122.161,0.1,,,,,,,,,,,,,,,0.1834,WARNING,,6,,t3293_0,0.64,NORMAL,OFFLOAD,WARNING: heavy task offloaded (weight=0.64 >= 0.3),
1771436122.161,0.1,72.52,4.7951,0.986,27.6,3,-23433.615,92.90207,0.03617,0.5016,0.0000,0.2497,0.0000,0.3617,0.2382,0.1765,SAFE,False,6,1,,,,,,
1771436122.161,0.1,,,,,,,,,,,,,,,0.1765,SAFE,,5,,t3294_0,0.82,HIGH,LOCAL,SAFE: all tasks permitted (weight=0.82),
1771436122.161,0.1,72.97,4.7933,1.123,37.4,4,-11821.749,75.78332,0.03524,0.5312,0.0000,0.2577,0.0000,0.3524,0.3217,0.1968,SAFE,False,5,2,,,,,,
1771436122.161,0.1,72.41,4.7171,1.090,35.0,3,-40210.826,-50.42105,0.03711,0.4941,0.0000,0.6042,1.0000,0.3711,0.2898,0.4329,WARNING,False,5,2,,,,,,
1771436122.161,0.1,72.22,4.7671,1.058,32.7,3,-46914.091,24.08513,0.03581,0.4816,0.0000,0.3770,0.0000,0.3581,0.2742,0.1975,WARNING,False,5,2,,,,,,
1771436122.161,0.1,,,,,,,,,,,,,,,0.1975,WARNING,,5,,t3297_0,0.58,LOW,OFFLOAD,WARNING: heavy task offloaded (weight=0.58 >= 0.3),
1771436122.161,0.1,,,,,,,,,,,,,,,0.1975,WARNING,,5,,t3297_1,0.59,NORMAL,OFFLOAD,WARNING: heavy task offloaded (weight=0.59 >= 0.3),
1771436122.161,0.1,72.38,4.8264,1.029,30.7,3,-32117.002,80.09286,0.03563,0.4921,0.0000,0.1071,0.0000,0.3563,0.2596,0.1605,SAFE,False,5,2,,,,,,
1771436122.161,0.1,71.79,4.8031,1.002,28.7,3,,,0.03285,0.4529,0.0000,0.2131,0.0000,0.3285,0.2460,0.1641,SAFE,False,8,0,,,,,,window_reset|B=8
1771436122.161,0.1,,,,,,,,,,,,,,,0.1641,SAFE,,7,,t3299_0,0.66,HIGH,LOCAL,SAFE: all tasks permitted (weight=0.66),
1771436122.161,0.1,72.31,4.7947,1.106,36.2,4,,,0.03303,0.4873,0.0000,0.2516,0.0000,0.3303,0.3132,0.1868,SAFE,False,7,1,,,,,,
1771436122.161,0.1,,,,,,,,,,,,,,,0.1868,SAFE,,6,,t3300_0,0.66,HIGH,LOCAL,SAFE: all tasks permitted (weight=0.66),
1771436122.161,0.1,72.06,4.7102,1.203,43.1,5,,,0.03706,0.4704,0.0000,0.6356,0.0000,0.3706,0.3767,0.2515,WARNING,False,6,2,,,,,,
1771436122.161,0.1,,,,,,,,,,,,,,,0.2515,WARNING,,6,,t3301_0,0.43,LOW,OFFLOAD,WARNING: heavy task offloaded (weight=0.43 >= 0.3),
1771436122.161,0.1,72.33,4.7414,1.164,40.3,4,,,0.03744,0.4889,0.0000,0.4937,0.0000,0.3744,0.3420,0.2287,WARNING,False,6,2,,,,,,
1771436122.161,0.1,,,,,,,,,,,,,,,0.2287,WARNING,,6,,t3302_0,0.68,HIGH,OFFLOAD,WARNING: heavy task offloaded (weight=0.68 >= 0.3),
1771436122.161,0.1,71.47,4.8045,1.128,37.7,4,,,0.03755,0.4311,0.0000,0.2070,0.0000,0.3755,0.3238,0.1810,WARNING,False,6,2,,,,,,
1771436122.161,0.1,72.14,4.7871,1.094,35.3,4,,,0.03460,0.4760,0.0000,0.2859,0.0000,0.3460,0.3068,0.1902,WARNING,False,6,2,,,,,,
1771436122.161,0.1,,,,,,,,,,,,,,,0.1902,WARNING,,6,,t3304_0,0.33,HIGH,OFFLOAD,WARNING: heavy task offloaded (weight=0.33 >= 0.3),
1771436122.161,0.1,71.93,4.7943,1.062,33.0,3,,,0.03488,0.4617,0.0000,0.2532,0.0000,0.3488,0.2760,0.1784,SAFE,False,6,2,,,,,,
1771436122.161,0.1,72.04,4.7584,1.033,30.9,3,,,0.03485,0.4692,0.0000,0.4163,0.0000,0.3485,0.2613,0.1975,SAFE,False,6,2,,,,,,
1771436122.161,0.1,71.27,4.7848,1.005,28.9,3,,,0.03455,0.4179,0.0000,0.2964,0.0000,0.3455,0.2476,0.1728,SAFE,False,6,2,,,,,,
1771436122.161,0.1,,,,,,,,,,,,,,,0.1728,SAFE,,5,,t3307_0,0.23,NORMAL,LOCAL,SAFE: all tasks permitted (weight=0.23),
1771436122.161,0.1,71.64,4.8255,1.025,30.3,3,,,0.03258,0.4428,0.0000,0.1114,0.0000,0.3258,0.2573,0.1517,SAFE,False,5,3,,,,,,
1771436122.161,0.1,,,,,,,,,,,,,,,0.1517,SAFE,,4,,t3308_0,0.53,NORMAL,LOCAL,SAFE: all tasks permitted (weight=0.53),
1771436122.161,0.1,71.28,4.7860,1.104,36.0,4,,,0.03222,0.4185,0.0000,0.2909,0.0000,0.3222,0.3118,0.1826,SAFE,False,4,4,,,,,,
1771436122.161,0.1,,,,,,,,,,,,,,,0.1826,SAFE,,3,,t3309_0,0.67,HIGH,LOCAL,SAFE: all tasks permitted (weight=0.67),
1771436122.161,0.1,71.81,4.7458,1.204,43.2,5,,,0.03121,0.4537,0.0000,0.4738,0.0000,0.3121,0.3771,0.2227,SAFE,False,3,5,,,,,,
1771436122.161,0.1,72.09,4.7343,1.165,40.3,4,,,0.03237,0.4724,0.0000,0.5260,0.0000,0.3237,0.3424,0.2259,SAFE,False,3,5,,,,,,
1771436122.161,0.1,,,,,,,,,,,,,,,0.2259,SAFE,,2,,t3311_0,0.24,NORMAL,LOCAL,SAFE: all tasks permitted (weight=0.24),
1771436122.161,0.1,72.02,4.7227,1.176,41.1,4,,,0.03426,0.4680,0.0000,0.5785,0.0000,0.3426,0.3480,0.2352,SAFE,False,2,6,,,,,,
1771436122.161,0.1,,,,,,,,,,,,,,,0.2352,SAFE,,1,,t3312_0,0.83,HIGH,LOCAL,SAFE: all tasks permitted (weight=0.83),
1771436122.161,0.1,71.90,4.7354,1.304,50.3,5,,,0.03141,0.4601,0.0000,0.5209,0.0000,0.3141,0.4269,0.2397,SAFE,False,1,7,,,,,,
1771436122.161,0.1,,,,,,,,,,,,,,,0.2397,SAFE,,0,,t3313_0,0.67,NORMAL,LOCAL,SAFE: all tasks permitted (weight=0.67),
1771436122.161,0.1,72.68,4.6912,1.390,56.4,6,,,0.03747,0.5123,0.0000,0.7218,0.0000,0.3747,0.4848,0.2897,WARNING,False,7,0,,,,,,window_reset|B=7
1771436122.161,0.1,,,,,,,,,,,,,,,0.2897,WARNING,,7,,t3314_0,0.43,NORMAL,OFFLOAD,WARNING: heavy task offloaded (weight=0.43 >= 0.3),
1771436122.161,0.1,,,,,,,,,,,,,,,0.2897,WARNING,,7,,t3314_1,0.79,NORMAL,OFFLOAD,WARNING: heavy task offloaded (weight=0.79 >= 0.3),
1771436122.161,0.1,72.89,4.7052,1.337,52.7,6,,,0.03860,0.5261,0.0000,0.6582,0.0000,0.3860,0.4586,0.2790,WARNING,False,7,0,,,,,,
1771436122.161,0.1,,,,,,,,,,,,,,,0.2790,WARNING,,7,,t3315_0,0.79,HIGH,OFFLOAD,WARNING: heavy task offloaded (weight=0.79 >= 0.3),
1771436122.161,0.1,73.29,4.6940,1.289,49.2,5,,,0.04084,0.5529,0.0000,0.7090,0.0000,0.4084,0.4193,0.2832,WARNING,False,7,0,,,,,,
1771436122.162,0.1,73.48,4.7568,1.243,45.9,5,132148.562,-29.18747,0.03856,0.5651,1.0000,0.4234,1.0000,0.3856,0.3966,0.6908,CRITICAL,False,7,0,,,,,,
1771436122.162,0.1,,,,,,,,,,,,,,,0.6908,CRITICAL,,7,,t3317_0,0.39,NORMAL,OFFLOAD,CRITICAL: non-critical task offloaded (priority=NORMAL),
1771436122.162,0.1,73.65,4.7913,1.201,42.9,4,110906.897,45.59780,0.04053,0.5768,1.0000,0.2668,0.0000,0.4053,0.3606,0.4666,CRITICAL,False,7,0,,,,,,
1771436122.162,0.1,,,,,,,,,,,,,,,0.4666,CRITICAL,,6,,t3318_0,0.71,CRITICAL,LOCAL,CRITICAL: mission-critical task permitted locally (priority=CRITICAL),
1771436122.162,0.1,73.81,4.7474,1.303,50.2,5,103653.824,13.18023,0.03897,0.5874,1.0000,0.4662,0.0000,0.3897,0.4264,0.5054,CRITICAL,False,6,1,,,,,,
1771436122.162,0.1,,,,,,,,,,,,,,,0.5054,CRITICAL,,6,,t3319_0,0.47,NORMAL,OFFLOAD,CRITICAL: non-critical task offloaded (priority=NORMAL),
1771436122.162,0.1,74.55,4.6802,1.257,46.9,5,152197.991,-42.61641,0.03426,0.6369,1.0000,0.7720,1.0000,0.3426,0.4033,0.7417,CRITICAL,False,6,1,,,,,,
1771436122.162,0.1,,,,,,,,,,,,,,,0.7417,CRITICAL,,6,,t3320_0,0.56,NORMAL,OFFLOAD,CRITICAL: non-critical task offloaded (priority=NORMAL),
1771436122.162,0.1,,,,,,,,,,,,,,,0.7417,CRITICAL,,6,,t3320_1,0.52,NORMAL,OFFLOAD,CRITICAL: non-critical task offloaded (priority=NORMAL),
1771436122.162,0.1,73.60,4.7152,1.214,43.8,5,102209.028,-20.27495,0.03043,0.5735,1.0000,0.6129,1.0000,0.3043,0.3818,0.7053,CRITICAL,False,6,1,,,,,,
1771436122.162,0.1,,,,,,,,,,,,,,,0.7053,CRITICAL,,6,,t3321_0,0.33,HIGH,OFFLOAD,CRITICAL: non-critical task offloaded (priority=HIGH),
1771436122.162,0.1,73.87,4.7473,1.174,41.0,4,71020.563,56.17830,0.03052,0.5911,1.0000,0.4667,0.0000,0.3052,0.3468,0.4815,CRITICAL,False,6,1,,,,,,
1771436122.162,0.1,,,,,,,,,,,,,,,0.4815,CRITICAL,,6,,t3322_0,0.71,NORMAL,OFFLOAD,CRITICAL: non-critical task offloaded (priority=NORMAL),
1771436122.162,0.1,74.10,4.7493,1.136,38.3,4,72726.357,44.18244,0.03110,0.6068,1.0000,0.4576,0.0000,0.3110,0.3282,0.4790,CRITICAL,False,6,1,,,,,,
1771436122.162,0.1,,,,,,,,,,,,,,,0.4790,CRITICAL,,6,,t3323_0,0.23,LOW,OFFLOAD,CRITICAL: non-critical task offloaded (priority=LOW),
1771436122.162,0.1,74.27,4.7613,1.102,35.8,4,58863.842,67.32838,0.03236,0.6182,1.0000,0.4033,0.0000,0.3236,0.3109,0.4712,CRITICAL,False,6,1,,,,,,
1771436122.162,0.1,,,,,,,,,,,,,,,0.4712,CRITICAL,,6,,t3324_0,0.81,NORMAL,OFFLOAD,CRITICAL: non-critical task offloaded (priority=NORMAL),
1771436122.162,0.1,73.81,4.7918,1.070,33.5,3,,,0.03646,0.5876,0.0000,0.2644,0.0000,0.3646,0.2798,0.1973,WARNING,False,6,1,,,,,,
1771436122.162,0.1,73.77,4.7777,1.040,31.4,3,,,0.03545,0.5848,0.0000,0.3286,0.0000,0.3545,0.2648,0.2013,WARNING,False,6,1,,,,,,
1771436122.162,0.1,,,,,,,,,,,,,,,0.2013,WARNING,,6,,t3326_0,0.54,CRITICAL,OFFLOAD,WARNING: heavy task offloaded (weight=0.54 >= 0.3),
1771436122.162,0.1,,,,,,,,,,,,,,,0.2013,WARNING,,6,,t3326_1,0.79,CRITICAL,OFFLOAD,WARNING: heavy task offloaded (weight=0.79 >= 0.3),
1771436122.162,0.1,73.46,4.7538,1.012,29.4,3,,,0.03361,0.5642,0.0000,0.4371,0.0000,0.3361,0.2509,0.2083,WARNING,False,6,1,,,,,,
1771436122.162,0.1,,,,,,,,,,,,,,,0.2083,WARNING,,6,,t3327_0,0.75,HIGH,OFFLOAD,WARNING: heavy task offloaded (weight=0.75 >= 0.3),
1771436122.162,0.1,,,,,,,,,,,,,,,0.2083,WARNING,,6,,t3327_1,0.43,NORMAL,OFFLOAD,WARNING: heavy task offloaded (weight=0.43 >= 0.3),
1771436122.162,0.1,73.43,4.7940,0.986,27.6,3,,,0.03174,0.5618,0.0000,0.2544,0.0000,0.3174,0.2380,0.1798,SAFE,False,6,1,,,,,,
1771436122.162,0.1,73.59,4.7987,0.962,25.8,2,,,0.03392,0.5724,0.0000,0.2332,0.0000,0.3392,0.2109,0.1751,SAFE,False,8,0,,,,,,window_reset|B=8
1771436122.162,0.1,72.65,4.8131,0.939,24.2,2,,,0.03612,0.5099,0.0000,0.1676,0.0000,0.3612,0.1997,0.1590,SAFE,False,8,0,,,,,,
1771436122.162,0.1,,,,,,,,,,,,,,,0.1590,SAFE,,7,,t3330_0,0.61,NORMAL,LOCAL,SAFE: all tasks permitted (weight=0.61),
1771436122.162,0.1,72.88,4.7805,1.040,31.4,3,,,0.03625,0.5251,0.0000,0.3159,0.0000,0.3625,0.2649,0.1933,SAFE,False,7,1,,,,,,
1771436122.162,0.1,,,,,,,,,,,,,,,0.1933,SAFE,,6,,t3331_0,0.47,NORMAL,LOCAL,SAFE: all tasks permitted (weight=0.47),
1771436122.162,0.1,72.79,4.7813,1.104,36.0,4,,,0.02626,0.5193,0.0000,0.3121,0.0000,0.2626,0.3122,0.1916,SAFE,False,6,2,,,,,,
1771436122.162,0.1,72.36,4.7841,1.072,33.7,3,,,0.01998,0.4904,0.0000,0.2994,0.0000,0.1998,0.2810,0.1740,SAFE,False,6,2,,,,,,
1771436122.162,0.1,,,,,,,,,,,,,,,0.1740,SAFE,,5,,t3333_0,0.50,HIGH,LOCAL,SAFE: all tasks permitted (weight=0.50),
1771436122.162,0.1,,,,,,,,,,,,,,,0.1740,SAFE,,4,,t3333_1,0.21,LOW,LOCAL,SAFE: all tasks permitted (weight=0.21),
1771436122.162,0.1,72.04,4.7443,1.183,41.7,4,,,0.02039,0.4690,0.0000,0.4806,0.0000,0.2039,0.3516,0.2095,SAFE,False,4,4,,,,,,
1771436122.162,0.1,,,,,,,,,,,,,,,0.2095,SAFE,,3,,t3334_0,0.77,LOW,LOCAL,SAFE: all tasks permitted (weight=0.77),
1771436122.162,0.1,72.58,4.7542,1.299,49.9,5,,,0.01986,0.5051,0.0000,0.4354,0.0000,0.1986,0.4245,0.2220,SAFE,False,3,5,,,,,,
1771436122.162,0.1,73.08,4.7257,1.253,46.6,5,,,0.02429,0.5388,0.0000,0.5651,0.0000,0.2429,0.4015,0.2427,SAFE,False,3,5,,,,,,
1771436122.162,0.1,,,,,,,,,,,,,,,0.2427,SAFE,,2,,t3336_0,0.49,HIGH,LOCAL,SAFE: all tasks permitted (weight=0.49),
1771436122.162,0.1,73.42,4.6811,1.307,50.5,5,,,0.03486,0.5615,0.0000,0.7678,0.0000,0.3486,0.4285,0.2878,WARNING,False,2,6,,,,,,
1771436122.162,0.1,,,,,,,,,,,,,,,0.2878,WARNING,,1,,t3337_0,0.28,CRITICAL,LOCAL,WARNING: lightweight task permitted (weight=0.28 < 0.3),
1771436122.162,0.1,,,,,,,,,,,,,,,0.2878,WARNING,,1,,t3337_1,0.74,CRITICAL,OFFLOAD,WARNING: heavy task offloaded (weight=0.74 >= 0.3),
1771436122.162,0.1,73.39,4.6691,1.316,51.2,6,,,0.04357,0.5592,0.0000,0.8221,0.0000,0.4357,0.4482,0.3072,WARNING,False,1,7,,,,,,
1771436122.162,0.1,,,,,,,,,,,,,,,0.3072,WARNING,,1,,t3338_0,0.67,CRITICAL,OFFLOAD,WARNING: heavy task offloaded (weight=0.67 >= 0.3),
1771436122.162,0.1,74.30,4.7310,1.269,47.8,5,,,0.04415,0.6198,0.0000,0.5411,0.0000,0.4415,0.4096,0.2708,WARNING,False,1,7,,,,,,
1771436122.162,0.1,,,,,,,,,,,,,,,0.2708,WARNING,,1,,t3339_0,0.49,HIGH,OFFLOAD,WARNING: heavy task offloaded (weight=0.49 >= 0.3),
1771436122.162,0.1,73.67,4.7424,1.225,44.7,5,,,0.04261,0.5778,0.0000,0.4889,0.0000,0.4261,0.3877,0.2530,WARNING,False,1,7,,,,,,
1771436122.163,0.1,,,,,,,,,,,,,,,0.2530,WARNING,,1,,t3340_0,0.74,HIGH,OFFLOAD,WARNING: heavy task offloaded (weight=0.74 >= 0.3),
1771436122.163,0.1,73.43,4.7621,1.184,41.7,4,64403.568,-22.01407,0.04029,0.5619,1.0000,0.3994,1.0000,0.4029,0.3522,0.6801,CRITICAL,False,1,7,,,,,,
1771436122.163,0.1,,,,,,,,,,,,,,,0.6801,CRITICAL,,1,,t3341_0,0.41,HIGH,OFFLOAD,CRITICAL: non-critical task offloaded (priority=HIGH),
1771436122.163,0.1,73.89,4.7663,1.147,39.0,4,111214.746,22.07522,0.03575,0.5925,1.0000,0.3803,0.0000,0.3575,0.3333,0.4729,CRITICAL,False,1,7,,,,,,
1771436122.163,0.1,,,,,,,,,,,,,,,0.4729,CRITICAL,,1,,t3342_0,0.65,HIGH,OFFLOAD,CRITICAL: non-critical task offloaded (priority=HIGH),
1771436122.163,0.1,,,,,,,,,,,,,,,0.4729,CRITICAL,,0,,t3342_1,0.36,CRITICAL,LOCAL,CRITICAL: mission-critical task permitted locally (priority=CRITICAL),
1771436122.163,0.1,74.29,4.7514,1.182,41.6,4,102593.523,-2.81400,0.03411,0.6190,1.0000,0.4482,1.0000,0.3411,0.3509,0.6868,CRITICAL,False,0,8,,,,,,
1771436122.163,0.1,,,,,,,,,,,,,,,0.6868,CRITICAL,,0,,t3343_0,0.70,NORMAL,OFFLOAD,CRITICAL: non-critical task offloaded (priority=NORMAL),
1771436122.163,0.1,74.15,4.7911,1.144,38.9,4,63968.312,65.40645,0.03516,0.6099,1.0000,0.2679,0.0000,0.3516,0.3320,0.4596,CRITICAL,False,5,0,,,,,,window_reset|B=5
1771436122.163,0.1,,,,,,,,,,,,,,,0.4596,CRITICAL,,5,,t3344_0,0.24,NORMAL,OFFLOAD,CRITICAL: non-critical task offloaded (priority=NORMAL),
1771436122.163,0.1,74.12,4.7424,1.109,36.4,4,41623.192,61.31420,0.03279,0.6077,1.0000,0.4893,0.0000,0.3279,0.3145,0.4822,CRITICAL,False,5,0,,,,,,
1771436122.163,0.1,74.37,4.7794,1.076,34.0,3,58801.713,110.36310,0.03470,0.6245,1.0000,0.3207,0.0000,0.3470,0.2831,0.4580,CRITICAL,False,5,0,,,,,,
1771436122.163,0.1,,,,,,,,,,,,,,,0.4580,CRITICAL,,5,,t3346_0,0.52,NORMAL,OFFLOAD,CRITICAL: non-critical task offloaded (priority=NORMAL),
1771436122.163,0.1,73.86,4.7908,1.046,31.8,3,-26182.603,59.84991,0.03721,0.5907,0.0000,0.2692,0.0000,0.3721,0.2679,0.1967,WARNING,False,5,0,,,,,,
1771436122.163,0.1,73.78,4.7994,1.018,29.8,3,6569.185,56.97832,0.03962,0.5851,1.0000,0.2301,0.0000,0.3962,0.2538,0.4405,WARNING,False,5,0,,,,,,
1771436122.163,0.1,73.26,4.8178,0.991,27.9,3,,,0.03761,0.5510,0.0000,0.1463,0.0000,0.3761,0.2406,0.1709,SAFE,False,5,0,,,,,,
1771436122.163,0.1,,,,,,,,,,,,,,,0.1709,SAFE,,4,,t3349_0,0.59,LOW,LOCAL,SAFE: all tasks permitted (weight=0.59),
1771436122.163,0.1,73.01,4.7770,1.084,34.6,3,,,0.02520,0.5343,0.0000,0.3319,0.0000,0.2520,0.2869,0.1898,SAFE,False,4,1,,,,,,
1771436122.163,0.1,73.03,4.8083,1.053,32.4,3,,,0.02402,0.5351,0.0000,0.1896,0.0000,0.2402,0.2715,0.1672,SAFE,False,4,1,,,,,,
1771436122.163,0.1,72.82,4.7753,1.024,30.3,3,,,0.02163,0.5210,0.0000,0.3394,0.0000,0.2163,0.2571,0.1797,SAFE,False,4,1,,,,,,
1771436122.163,0.1,,,,,,,,,,,,,,,0.1797,SAFE,,3,,t3352_0,0.26,NORMAL,LOCAL,SAFE: all tasks permitted (weight=0.26),
1771436122.163,0.1,72.79,4.8150,1.049,32.1,3,,,0.02287,0.5195,0.0000,0.1590,0.0000,0.2287,0.2697,0.1598,SAFE,False,3,2,,,,,,
1771436122.163,0.1,,,,,,,,,,,,,,,0.1598,SAFE,,2,,t3353_0,0.30,HIGH,LOCAL,SAFE: all tasks permitted (weight=0.30),
1771436122.163,0.1,72.67,4.7602,1.081,34.3,3,,,0.02334,0.5114,0.0000,0.4080,0.0000,0.2334,0.2854,0.1948,SAFE,False,2,3,,,,,,
1771436122.163,0.1,,,,,,,,,,,,,,,0.1948,SAFE,,1,,t3354_0,0.31,HIGH,LOCAL,SAFE: all tasks permitted (weight=0.31),
1771436122.163,0.1,72.36,4.7638,1.111,36.5,4,,,0.02211,0.4909,0.0000,0.3917,0.0000,0.2211,0.3156,0.1951,SAFE,False,1,4,,,,,,
1771436122.163,0.1,,,,,,,,,,,,,,,0.1951,SAFE,,0,,t3355_0,0.65,NORMAL,LOCAL,SAFE: all tasks permitted (weight=0.65),
1771436122.163,0.1,72.64,4.7379,1.208,43.4,5,,,0.02552,0.5091,0.0000,0.5095,0.0000,0.2552,0.3790,0.2287,SAFE,False,0,5,,,,,,
1771436122.163,0.1,,,,,,,,,,,,,,,0.2287,SAFE,,0,,t3356_0,0.20,HIGH,OFFLOAD,"Budget exhausted (B=0), offloading. Original: SAFE: all tasks permitted (weight=0.20)",
1771436122.163,0.1,72.69,4.7206,1.168,40.6,4,,,0.02874,0.5127,0.0000,0.5880,0.0000,0.2874,0.3442,0.2355,SAFE,False,0,5,,,,,,
1771436122.163,0.1,72.86,4.7706,1.132,38.0,4,,,0.02883,0.5238,0.0000,0.3610,0.0000,0.2883,0.3258,0.2038,SAFE,False,0,5,,,,,,
1771436122.163,0.1,,,,,,,,,,,,,,,0.2038,SAFE,,0,,t3358_0,0.64,NORMAL,OFFLOAD,"Budget exhausted (B=0), offloading. Original: SAFE: all tasks permitted (weight=0.64)",
1771436122.163,0.1,72.81,4.8037,1.097,35.5,4,,,0.02952,0.5210,0.0000,0.2104,0.0000,0.2952,0.3087,0.1811,SAFE,False,8,0,,,,,,window_reset|B=8
1771436122.163,0.1,72.26,4.8067,1.065,33.2,3,,,0.03000,0.4842,0.0000,0.1966,0.0000,0.3000,0.2777,0.1692,SAFE,False,8,0,,,,,,
1771436122.163,0.1,,,,,,,,,,,,,,,0.1692,SAFE,,7,,t3360_0,0.32,HIGH,LOCAL,SAFE: all tasks permitted (weight=0.32),
1771436122.163,0.1,,,,,,,,,,,,,,,0.1692,SAFE,,6,,t3360_1,0.33,LOW,LOCAL,SAFE: all tasks permitted (weight=0.33),
1771436122.163,0.1,,,,,,,,,,,,,,,0.1692,SAFE,,5,,t3360_2,0.55,LOW,LOCAL,SAFE: all tasks permitted (weight=0.55),
1771436122.163,0.1,,,,,,,,,,,,,,,0.1692,SAFE,,4,,t3360_3,0.51,HIGH,LOCAL,SAFE: all tasks permitted (weight=0.51),
1771436122.163,0.1,,,,,,,,,,,,,,,0.1692,SAFE,,3,,t3360_4,0.59,LOW,LOCAL,SAFE: all tasks permitted (weight=0.59),
1771436122.163,0.1,,,,,,,,,,,,,,,0.1692,SAFE,,2,,t3360_5,0.30,LOW,LOCAL,SAFE: all tasks permitted (weight=0.30),
1771436122.163,0.1,,,,,,,,,,,,,,,0.1692,SAFE,,1,,t3360_6,0.58,LOW,LOCAL,SAFE: all tasks permitted (weight=0.58),
1771436122.163,0.1,74.04,4.5960,1.671,76.5,9,,,0.05702,0.6026,0.0000,1.0000,0.0000,0.5702,0.6707,0.3935,WARNING,False,1,7,,,,,,FAILURE:BROWNOUT(V=4.596V)
1771436122.163,0.1,,,,,,,,,,,,,,,0.3935,WARNING,,1,,t3361_0,0.65,HIGH,OFFLOAD,WARNING: heavy task offloaded (weight=0.65 >= 0.3),
1771436122.163,0.1,,,,,,,,,,,,,,,0.3935,WARNING,,1,,t3361_1,0.35,NORMAL,OFFLOAD,WARNING: heavy task offloaded (weight=0.35 >= 0.3),
1771436122.163,0.1,74.23,4.6238,1.599,71.4,8,,,0.06814,0.6150,0.0000,1.0000,0.0000,0.6814,0.6197,0.3959,WARNING,False,1,7,,,,,,
1771436122.163,0.1,,,,,,,,,,,,,,,0.3959,WARNING,,1,,t3362_0,0.83,NORMAL,OFFLOAD,WARNING: heavy task offloaded (weight=0.83 >= 0.3),
1771436122.163,0.1,75.26,4.6447,1.532,66.6,7,,,0.07112,0.6838,0.0000,0.9334,0.0000,0.7112,0.5712,0.3888,WARNING,False,1,7,,,,,,
1771436122.163,0.1,,,,,,,,,,,,,,,0.3888,WARNING,,1,,t3363_0,0.45,HIGH,OFFLOAD,WARNING: heavy task offloaded (weight=0.45 >= 0.3),
1771436122.163,0.1,75.61,4.6489,1.470,62.1,7,,,0.07367,0.7074,0.0000,0.9141,0.0000,0.7367,0.5400,0.3854,WARNING,False,1,7,,,,,,
1771436122.163,0.1,,,,,,,,,,,,,,,0.3854,WARNING,,1,,t3364_0,0.75,CRITICAL,OFFLOAD,WARNING: heavy task offloaded (weight=0.75 >= 0.3),
1771436122.163,0.1,75.70,4.6569,1.412,58.0,6,,,0.07033,0.7133,0.0000,0.8776,0.0000,0.7033,0.4960,0.3692,WARNING,False,1,7,,,,,,
1771436122.163,0.1,76.22,4.6968,1.358,54.2,6,,,0.06881,0.7479,0.0000,0.6964,0.0000,0.6881,0.4691,0.3429,WARNING,False,1,7,,,,,,
1771436122.163,0.1,,,,,,,,,,,,,,,0.3429,WARNING,,1,,t3366_0,0.38,LOW,OFFLOAD,WARNING: heavy task offloaded (weight=0.38 >= 0.3),
1771436122.163,0.1,76.64,4.7305,1.308,50.6,5,,,0.06707,0.7758,0.0000,0.5434,0.0000,0.6707,0.4290,0.3166,WARNING,False,1,7,,,,,,
1771436122.163,0.1,,,,,,,,,,,,,,,0.3166,WARNING,,1,,t3367_0,0.59,HIGH,OFFLOAD,WARNING: heavy task offloaded (weight=0.59 >= 0.3),
1771436122.163,0.1,76.52,4.7486,1.261,47.2,5,,,0.06759,0.7680,0.0000,0.4607,0.0000,0.6759,0.4057,0.3008,WARNING,False,1,7,,,,,,
1771436122.163,0.1,77.11,4.7398,1.218,44.1,5,,,0.06819,0.8075,0.0000,0.5010,0.0000,0.6819,0.3840,0.3070,WARNING,False,1,7,,,,,,
1771436122.163,0.1,77.28,4.7247,1.178,41.3,4,,,0.06568,0.8184,0.0000,0.5698,0.0000,0.6568,0.3489,0.3077,WARNING,False,1,7,,,,,,
1771436122.163,0.1,76.20,4.7383,1.140,38.6,4,,,0.05941,0.7465,0.0000,0.5076,0.0000,0.5941,0.3301,0.2810,WARNING,False,1,7,,,,,,
1771436122.163,0.1,,,,,,,,,,,,,,,0.2810,WARNING,,1,,t3371_0,0.71,NORMAL,OFFLOAD,WARNING: heavy task offloaded (weight=0.71 >= 0.3),
1771436122.163,0.1,,,,,,,,,,,,,,,0.2810,WARNING,,0,,t3371_1,0.27,CRITICAL,LOCAL,WARNING: lightweight task permitted (weight=0.27 < 0.3),
1771436122.163,0.1,76.74,4.7319,1.160,40.0,4,,,0.05079,0.7824,0.0000,0.5367,0.0000,0.5079,0.3399,0.2824,WARNING,False,0,8,,,,,,
1771436122.163,0.1,,,,,,,,,,,,,,,0.2824,WARNING,,0,,t3372_0,0.56,LOW,OFFLOAD,WARNING: heavy task offloaded (weight=0.56 >= 0.3),
1771436122.163,0.1,,,,,,,,,,,,,,,0.2824,WARNING,,0,,t3372_1,0.65,HIGH,OFFLOAD,WARNING: heavy task offloaded (weight=0.65 >= 0.3),
1771436122.163,0.1,76.42,4.7291,1.124,37.4,4,,,0.04296,0.7613,0.0000,0.5497,0.0000,0.4296,0.3218,0.2701,WARNING,False,0,8,,,,,,
1771436122.163,0.1,76.56,4.7848,1.090,35.0,3,,,0.04183,0.7705,0.0000,0.2963,0.0000,0.4183,0.2899,0.2308,WARNING,False,7,0,,,,,,window_reset|B=7
1771436122.163,0.1,,,,,,,,,,,,,,,0.2308,WARNING,,7,,t3374_0,0.57,NORMAL,OFFLOAD,WARNING: heavy task offloaded (weight=0.57 >= 0.3),
1771436122.163,0.1,,,,,,,,,,,,,,,0.2308,WARNING,,7,,t3374_1,0.48,NORMAL,OFFLOAD,WARNING: heavy task offloaded (weight=0.48 >= 0.3),
1771436122.163,0.1,75.86,4.7478,1.059,32.8,3,,,0.03688,0.7241,0.0000,0.4645,0.0000,0.3688,0.2743,0.2390,WARNING,False,7,0,,,,,,
1771436122.163,0.1,75.49,4.7960,1.029,30.7,3,,,0.03454,0.6993,0.0000,0.2453,0.0000,0.3454,0.2597,0.2023,WARNING,False,7,0,,,,,,
1771436122.163,0.1,75.40,4.7980,1.002,28.7,3,,,0.02944,0.6934,0.0000,0.2366,0.0000,0.2944,0.2461,0.1926,WARNING,False,7,0,,,,,,
1771436122.163,0.1,,,,,,,,,,,,,,,0.1926,WARNING,,7,,t3377_0,0.48,LOW,OFFLOAD,WARNING: heavy task offloaded (weight=0.48 >= 0.3),
1771436122.163,0.1,75.23,4.7655,0.977,26.9,2,,,0.02550,0.6822,0.0000,0.3840,0.0000,0.2550,0.2185,0.2010,WARNING,False,7,0,,,,,,
1771436122.164,0.1,75.43,4.8161,0.954,25.3,2,-30753.125,51.70089,0.02983,0.6951,0.0000,0.1542,0.0000,0.2983,0.2068,0.1747,SAFE,False,7,0,,,,,,
1771436122.164,0.1,74.70,4.8271,0.932,23.7,2,-81304.066,63.31641,0.03480,0.6466,0.0000,0.1040,0.0000,0.3480,0.1959,0.1651,SAFE,False,7,0,,,,,,
1771436122.164,0.1,,,,,,,,,,,,,,,0.1651,SAFE,,6,,t3380_0,0.32,LOW,LOCAL,SAFE: all tasks permitted (weight=0.32),
1771436122.164,0.1,74.04,4.8233,0.975,26.8,2,-94905.930,62.68829,0.03703,0.6027,0.0000,0.1212,0.0000,0.3703,0.2175,0.1686,SAFE,False,6,1,,,,,,
1771436122.164,0.1,,,,,,,,,,,,,,,0.1686,SAFE,,5,,t3381_0,0.32,NORMAL,LOCAL,SAFE: all tasks permitted (weight=0.32),
1771436122.164,0.1,,,,,,,,,,,,,,,0.1686,SAFE,,4,,t3381_1,0.30,HIGH,LOCAL,SAFE: all tasks permitted (weight=0.30),
1771436122.164,0.1,73.79,4.8002,1.076,34.0,3,-110462.539,10.26324,0.03452,0.5859,0.0000,0.2262,0.0000,0.3452,0.2830,0.1908,SAFE,False,4,3,,,,,,
1771436122.164,0.1,,,,,,,,,,,,,,,0.1908,SAFE,,3,,t3382_0,0.63,LOW,LOCAL,SAFE: all tasks permitted (weight=0.63),
1771436122.164,0.1,74.27,4.7223,1.171,40.8,4,-63650.336,-16.97143,0.03636,0.6178,0.0000,0.5805,1.0000,0.3636,0.3457,0.4551,WARNING,False,3,4,,,,,,
1771436122.164,0.1,73.85,4.7514,1.134,38.2,4,-65325.107,-29.70040,0.03464,0.5901,0.0000,0.4483,1.0000,0.3464,0.3272,0.4292,WARNING,False,3,4,,,,,,
1771436122.164,0.1,,,,,,,,,,,,,,,0.4292,WARNING,,3,,t3384_0,0.36,HIGH,OFFLOAD,WARNING: heavy task offloaded (weight=0.36 >= 0.3),
1771436122.164,0.1,74.16,4.7900,1.100,35.7,4,-49711.656,-5.31243,0.03107,0.6104,0.0000,0.2729,1.0000,0.3107,0.3100,0.4018,WARNING,False,3,4,,,,,,
1771436122.164,0.1,,,,,,,,,,,,,,,0.4018,WARNING,,3,,t3385_0,0.68,NORMAL,OFFLOAD,WARNING: heavy task offloaded (weight=0.68 >= 0.3),
1771436122.164,0.1,,,,,,,,,,,,,,,0.4018,WARNING,,3,,t3385_1,0.36,NORMAL,OFFLOAD,WARNING: heavy task offloaded (weight=0.36 >= 0.3),
1771436122.164,0.1,73.11,4.7905,1.068,33.4,3,-84526.052,16.61912,0.03110,0.5410,0.0000,0.2704,0.0000,0.3110,0.2790,0.1870,WARNING,False,3,4,,,,,,
1771436122.164,0.1,73.81,4.7775,1.038,31.3,3,,,0.02911,0.5875,0.0000,0.3297,0.0000,0.2911,0.2640,0.1953,WARNING,False,3,4,,,,,,
1771436122.164,0.1,,,,,,,,,,,,,,,0.1953,WARNING,,3,,t3387_0,0.39,NORMAL,OFFLOAD,WARNING: heavy task offloaded (weight=0.39 >= 0.3),
1771436122.164,0.1,73.69,4.7909,1.010,29.3,3,,,0.02902,0.5796,0.0000,0.2686,0.0000,0.2902,0.2502,0.1835,WARNING,False,3,4,,,,,,
1771436122.164,0.1,,,,,,,,,,,,,,,0.1835,WARNING,,3,,t3388_0,0.69,LOW,OFFLOAD,WARNING: heavy task offloaded (weight=0.69 >= 0.3),
1771436122.164,0.1,73.16,4.8105,0.985,27.5,3,,,0.02959,0.5442,0.0000,0.1796,0.0000,0.2959,0.2373,0.1657,SAFE,False,8,0,,,,,,window_reset|B=8
1771436122.164,0.1,,,,,,,,,,,,,,,0.1657,SAFE,,7,,t3389_0,0.67,NORMAL,LOCAL,SAFE: all tasks permitted (weight=0.67),
1771436122.164,0.1,73.16,4.7559,1.096,35.4,4,,,0.03033,0.5442,0.0000,0.4277,0.0000,0.3033,0.3079,0.2128,SAFE,False,7,1,,,,,,
1771436122.164,0.1,,,,,,,,,,,,,,,0.2128,SAFE,,6,,t3390_0,0.30,LOW,LOCAL,SAFE: all tasks permitted (weight=0.30),
1771436122.164,0.1,73.42,4.7835,1.124,37.4,4,,,0.02913,0.5611,0.0000,0.3025,0.0000,0.2913,0.3221,0.2002,SAFE,False,6,2,,,,,,
1771436122.164,0.1,,,,,,,,,,,,,,,0.2002,SAFE,,5,,t3391_0,0.21,LOW,LOCAL,SAFE: all tasks permitted (weight=0.21),
1771436122.164,0.1,73.05,4.7562,1.133,38.0,4,,,0.02717,0.5366,0.0000,0.4265,0.0000,0.2717,0.3263,0.2123,SAFE,False,5,3,,,,,,
1771436122.164,0.1,73.50,4.7776,1.098,35.6,4,,,0.02372,0.5668,0.0000,0.3292,0.0000,0.2372,0.3091,0.1964,SAFE,False,5,3,,,,,,
1771436122.164,0.1,72.87,4.7773,1.066,33.3,3,,,0.02255,0.5246,0.0000,0.3305,0.0000,0.2255,0.2782,0.1841,SAFE,False,5,3,,,,,,
1771436122.164,0.1,,,,,,,,,,,,,,,0.1841,SAFE,,4,,t3394_0,0.36,NORMAL,LOCAL,SAFE: all tasks permitted (weight=0.36),
1771436122.164,0.1,73.35,4.7795,1.109,36.4,4,,,0.01640,0.5565,0.0000,0.3205,0.0000,0.1640,0.3145,0.1878,SAFE,False,4,4,,,,,,
1771436122.164,0.1,,,,,,,,,,,,,,,0.1878,SAFE,,3,,t3395_0,0.69,HIGH,LOCAL,SAFE: all tasks permitted (weight=0.69),
1771436122.164,0.1,73.03,4.7696,1.215,43.9,5,,,0.01457,0.5354,0.0000,0.3653,0.0000,0.1457,0.3824,0.2028,SAFE,False,3,5,,,,,,
1771436122.164,0.1,,,,,,,,,,,,,,,0.2028,SAFE,,2,,t3396_0,0.71,NORMAL,LOCAL,SAFE: all tasks permitted (weight=0.71),
1771436122.164,0.1,73.08,4.7364,1.317,51.2,6,,,0.01848,0.5386,0.0000,0.5164,0.0000,0.1848,0.4484,0.2399,SAFE,False,2,6,,,,,,
1771436122.164,0.1,73.52,4.7269,1.270,47.8,5,,,0.02215,0.5682,0.0000,0.5593,0.0000,0.2215,0.4098,0.2450,SAFE,False,2,6,,,,,,
1771436122.164,0.1,73.52,4.7311,1.226,44.7,5,,,0.02446,0.5680,0.0000,0.5405,0.0000,0.2446,0.3878,0.2405,SAFE,False,2,6,,,,,,
1771436122.164,0.1,,,,,,,,,,,,,,,0.2405,SAFE,,1,,t3399_0,0.48,NORMAL,LOCAL,SAFE: all tasks permitted (weight=0.48),
1771436122.164,0.1,,,,,,,,,,,,,,,0.2405,SAFE,,0,,t3399_1,0.23,NORMAL,LOCAL,SAFE: all tasks permitted (weight=0.23),
1771436122.164,0.1,73.67,4.7344,1.328,52.0,6,,,0.02471,0.5782,0.0000,0.5256,0.0000,0.2471,0.4542,0.2533,WARNING,False,0,8,,,,,,
1771436122.164,0.1,,,,,,,,,,,,,,,0.2533,WARNING,,0,,t3400_0,0.49,NORMAL,OFFLOAD,WARNING: heavy task offloaded (weight=0.49 >= 0.3),
1771436122.164,0.1,73.90,4.6793,1.280,48.6,5,,,0.02924,0.5935,0.0000,0.7758,0.0000,0.2924,0.4152,0.2843,WARNING,False,0,8,,,,,,
1771436122.164,0.1,,,,,,,,,,,,,,,0.2843,WARNING,,0,,t3401_0,0.24,LOW,OFFLOAD,"Budget exhausted (B=0), offloading. Original: WARNING: lightweight task permitted (weight=0.24 < 0.3)",
1771436122.164,0.1,74.19,4.7635,1.236,45.4,5,,,0.02943,0.6127,0.0000,0.3932,0.0000,0.2943,0.3928,0.2326,WARNING,False,0,8,,,,,,
1771436122.164,0.1,74.14,4.7594,1.194,42.4,4,,,0.02795,0.6094,0.0000,0.4116,0.0000,0.2795,0.3570,0.2260,WARNING,False,0,8,,,,,,
1771436122.164,0.1,,,,,,,,,,,,,,,0.2260,WARNING,,0,,t3403_0,0.26,NORMAL,OFFLOAD,"Budget exhausted (B=0), offloading. Original: WARNING: lightweight task permitted (weight=0.26 < 0.3)",
1771436122.165,0.1,,,,,,,,,,,,,,,0.2260,WARNING,,0,,t3403_1,0.56,LOW,OFFLOAD,WARNING: heavy task offloaded (weight=0.56 >= 0.3),
1771436122.165,0.1,74.92,4.7486,1.155,39.7,4,113070.948,-20.94741,0.02788,0.6616,1.0000,0.4609,1.0000,0.2788,0.3377,0.6847,CRITICAL,False,3,0,,,,,,window_reset|B=3
1771436122.165,0.1,,,,,,,,,,,,,,,0.6847,CRITICAL,,3,,t3404_0,0.71,NORMAL,OFFLOAD,CRITICAL: non-critical task offloaded (priority=NORMAL),
1771436122.165,0.1,75.12,4.7770,1.119,37.1,4,121860.331,40.41064,0.02782,0.6746,1.0000,0.3319,0.0000,0.2782,0.3197,0.4659,CRITICAL,False,3,0,,,,,,
1771436122.165,0.1,,,,,,,,,,,,,,,0.4659,CRITICAL,,3,,t3405_0,0.26,LOW,OFFLOAD,CRITICAL: non-critical task offloaded (priority=LOW),
1771436122.165,0.1,74.75,4.7786,1.086,34.7,3,72985.129,51.42287,0.02794,0.6497,1.0000,0.3245,0.0000,0.2794,0.2880,0.4557,CRITICAL,False,3,0,,,,,,
1771436122.165,0.1,,,,,,,,,,,,,,,0.4557,CRITICAL,,3,,t3406_0,0.64,HIGH,OFFLOAD,CRITICAL: non-critical task offloaded (priority=HIGH),
1771436122.165,0.1,73.65,4.7811,1.055,32.5,3,7973.467,49.81870,0.02809,0.5769,1.0000,0.3131,0.0000,0.2809,0.2725,0.4425,CRITICAL,False,3,0,,,,,,
1771436122.165,0.1,,,,,,,,,,,,,,,0.4425,CRITICAL,,3,,t3407_0,0.72,LOW,OFFLOAD,CRITICAL: non-critical task offloaded (priority=LOW),
1771436122.165,0.1,73.73,4.7834,1.026,30.4,3,3078.679,48.86666,0.02918,0.5817,1.0000,0.3025,0.0000,0.2918,0.2580,0.4399,CRITICAL,False,3,0,,,,,,
1771436122.165,0.1,,,,,,,,,,,,,,,0.4399,CRITICAL,,2,,t3408_0,0.55,CRITICAL,LOCAL,CRITICAL: mission-critical task permitted locally (priority=CRITICAL),
1771436122.165,0.1,73.94,4.7626,1.111,36.5,4,2386.723,82.86661,0.02906,0.5962,1.0000,0.3974,0.0000,0.2906,0.3153,0.4653,CRITICAL,False,2,1,,,,,,
1771436122.165,0.1,,,,,,,,,,,,,,,0.4653,CRITICAL,,2,,t3409_0,0.70,LOW,OFFLOAD,CRITICAL: non-critical task offloaded (priority=LOW),
1771436122.165,0.1,73.02,4.8236,1.078,34.1,3,-69896.468,59.80805,0.03394,0.5347,0.0000,0.1201,0.0000,0.3394,0.2839,0.1705,WARNING,False,2,1,,,,,,
1771436122.165,0.1,,,,,,,,,,,,,,,0.1705,WARNING,,2,,t3410_0,0.80,LOW,OFFLOAD,WARNING: heavy task offloaded (weight=0.80 >= 0.3),
1771436122.165,0.1,74.25,4.8076,1.047,31.9,3,6337.701,47.97589,0.03504,0.6165,1.0000,0.1926,0.0000,0.3504,0.2686,0.4378,WARNING,False,2,1,,,,,,
1771436122.165,0.1,73.03,4.7940,1.019,29.9,3,,,0.03434,0.5350,0.0000,0.2543,0.0000,0.3434,0.2544,0.1825,WARNING,False,2,1,,,,,,
1771436122.165,0.1,,,,,,,,,,,,,,,0.1825,WARNING,,1,,t3412_0,0.23,NORMAL,LOCAL,WARNING: lightweight task permitted (weight=0.23 < 0.3),
1771436122.165,0.1,72.82,4.8038,1.039,31.3,3,,,0.02119,0.5215,0.0000,0.2100,0.0000,0.2119,0.2644,0.1640,SAFE,False,1,2,,,,,,
1771436122.165,0.1,,,,,,,,,,,,,,,0.1640,SAFE,,0,,t3413_0,0.22,NORMAL,LOCAL,SAFE: all tasks permitted (weight=0.22),
1771436122.165,0.1,,,,,,,,,,,,,,,0.1640,SAFE,,0,,t3413_1,0.44,HIGH,OFFLOAD,"Budget exhausted (B=0), offloading. Original: SAFE: all tasks permitted (weight=0.44)",
1771436122.165,0.1,73.01,4.7828,1.055,32.5,3,,,0.02045,0.5342,0.0000,0.3053,0.0000,0.2045,0.2724,0.1787,SAFE,False,0,3,,,,,,
1771436122.165,0.1,,,,,,,,,,,,,,,0.1787,SAFE,,0,,t3414_0,0.37,LOW,OFFLOAD,"Budget exhausted (B=0), offloading. Original: SAFE: all tasks permitted (weight=0.37)",
1771436122.165,0.1,72.61,4.7889,1.026,30.4,3,,,0.01914,0.5070,0.0000,0.2776,0.0000,0.1914,0.2580,0.1677,SAFE,False,0,3,,,,,,
1771436122.165,0.1,72.83,4.7869,0.999,28.5,3,,,0.01548,0.5218,0.0000,0.2870,0.0000,0.1548,0.2445,0.1643,SAFE,False,0,3,,,,,,
1771436122.165,0.1,,,,,,,,,,,,,,,0.1643,SAFE,,0,,t3416_0,0.49,NORMAL,OFFLOAD,"Budget exhausted (B=0), offloading. Original: SAFE: all tasks permitted (weight=0.49)",
1771436122.165,0.1,72.46,4.8382,0.974,26.7,2,,,0.02004,0.4972,0.0000,0.0534,0.0000,0.2004,0.2170,0.1300,SAFE,False,0,3,,,,,,
1771436122.165,0.1,,,,,,,,,,,,,,,0.1300,SAFE,,0,,t3417_0,0.58,HIGH,OFFLOAD,"Budget exhausted (B=0), offloading. Original: SAFE: all tasks permitted (weight=0.58)",
1771436122.165,0.1,71.66,4.8232,0.951,25.1,2,,,0.02090,0.4439,0.0000,0.1217,0.0000,0.2090,0.2054,0.1311,SAFE,False,0,3,,,,,,
1771436122.165,0.1,71.84,4.8494,0.929,23.5,2,,,0.02450,0.4559,0.0000,0.0029,0.0000,0.2450,0.1946,0.1185,SAFE,False,8,0,,,,,,window_reset|B=8
1771436122.165,0.1,,,,,,,,,,,,,,,0.1185,SAFE,,7,,t3419_0,0.70,HIGH,LOCAL,SAFE: all tasks permitted (weight=0.70),
1771436122.165,0.1,71.52,4.7998,1.050,32.2,3,,,0.02378,0.4346,0.0000,0.2280,0.0000,0.2378,0.2702,0.1596,SAFE,False,7,1,,,,,,
1771436122.165,0.1,,,,,,,,,,,,,,,0.1596,SAFE,,6,,t3420_0,0.27,HIGH,LOCAL,SAFE: all tasks permitted (weight=0.27),
1771436122.165,0.1,72.01,4.7630,1.076,34.0,3,,,0.02372,0.4673,0.0000,0.3956,0.0000,0.2372,0.2829,0.1878,SAFE,False,6,2,,,,,,
1771436122.165,0.1,,,,,,,,,,,,,,,0.1878,SAFE,,5,,t3421_0,0.41,NORMAL,LOCAL,SAFE: all tasks permitted (weight=0.41),
1771436122.165,0.1,71.37,4.7682,1.129,37.8,4,,,0.02503,0.4243,0.0000,0.3717,0.0000,0.2503,0.3243,0.1891,SAFE,False,5,3,,,,,,
1771436122.165,0.1,71.70,4.7623,1.095,35.3,4,,,0.02700,0.4468,0.0000,0.3984,0.0000,0.2700,0.3073,0.1939,SAFE,False,5,3,,,,,,
1771436122.165,0.1,,,,,,,,,,,,,,,0.1939,SAFE,,4,,t3423_0,0.69,NORMAL,LOCAL,SAFE: all tasks permitted (weight=0.69),
1771436122.165,0.1,,,,,,,,,,,,,,,0.1939,SAFE,,3,,t3423_1,0.51,HIGH,LOCAL,SAFE: all tasks permitted (weight=0.51),
1771436122.165,0.1,72.01,4.6855,1.305,50.4,5,,,0.04096,0.4674,0.0000,0.7478,0.0000,0.4096,0.4277,0.2798,WARNING,False,3,5,,,,,,
1771436122.165,0.1,72.35,4.7352,1.259,47.1,5,,,0.04305,0.4902,0.0000,0.5219,0.0000,0.4305,0.4045,0.2506,WARNING,False,3,5,,,,,,
1771436122.165,0.1,,,,,,,,,,,,,,,0.2506,WARNING,,3,,t3425_0,0.33,NORMAL,OFFLOAD,WARNING: heavy task offloaded (weight=0.33 >= 0.3),
1771436122.165,0.1,72.32,4.7437,1.216,44.0,5,,,0.04432,0.4878,0.0000,0.4833,0.0000,0.4432,0.3829,0.2423,WARNING,False,3,5,,,,,,
1771436122.165,0.1,,,,,,,,,,,,,,,0.2423,WARNING,,2,,t3426_0,0.29,LOW,LOCAL,WARNING: lightweight task permitted (weight=0.29 < 0.3),
1771436122.165,0.1,72.95,4.7270,1.234,45.3,5,,,0.04639,0.5297,0.0000,0.5591,0.0000,0.4639,0.3920,0.2610,WARNING,False,2,6,,,,,,
1771436122.165,0.1,,,,,,,,,,,,,,,0.2610,WARNING,,2,,t3427_0,0.56,NORMAL,OFFLOAD,WARNING: heavy task offloaded (weight=0.56 >= 0.3),
1771436122.165,0.1,,,,,,,,,,,,,,,0.2610,WARNING,,2,,t3427_1,0.33,HIGH,OFFLOAD,WARNING: heavy task offloaded (weight=0.33 >= 0.3),
1771436122.165,0.1,72.76,4.6958,1.192,42.3,4,,,0.05083,0.5174,0.0000,0.7010,0.0000,0.5083,0.3562,0.2753,WARNING,False,2,6,,,,,,
1771436122.165,0.1,72.87,4.7538,1.154,39.6,4,,,0.04594,0.5244,0.0000,0.4373,0.0000,0.4594,0.3370,0.2331,WARNING,False,2,6,,,,,,
1771436122.165,0.1,72.05,4.7485,1.118,37.0,4,,,0.04166,0.4698,0.0000,0.4615,0.0000,0.4166,0.3191,0.2218,WARNING,False,2,6,,,,,,
1771436122.165,0.1,,,,,,,,,,,,,,,0.2218,WARNING,,2,,t3430_0,0.73,HIGH,OFFLOAD,WARNING: heavy task offloaded (weight=0.73 >= 0.3),
1771436122.165,0.1,72.68,4.7778,1.085,34.6,3,,,0.03121,0.5120,0.0000,0.3280,0.0000,0.3121,0.2874,0.1928,WARNING,False,2,6,,,,,,
1771436122.165,0.1,,,,,,,,,,,,,,,0.1928,WARNING,,2,,t3431_0,0.61,LOW,OFFLOAD,WARNING: heavy task offloaded (weight=0.61 >= 0.3),
1771436122.165,0.1,72.16,4.7290,1.054,32.4,3,,,0.02702,0.4777,0.0000,0.5500,0.0000,0.2702,0.2719,0.2102,WARNING,False,2,6,,,,,,
1771436122.165,0.1,72.78,4.7599,1.025,30.4,3,,,0.02682,0.5186,0.0000,0.4097,0.0000,0.2682,0.2575,0.1938,WARNING,False,2,6,,,,,,
1771436122.165,0.1,,,,,,,,,,,,,,,0.1938,WARNING,,2,,t3433_0,0.30,NORMAL,OFFLOAD,WARNING: heavy task offloaded (weight=0.30 >= 0.3),
1771436122.165,0.1,,,,,,,,,,,,,,,0.1938,WARNING,,2,,t3433_1,0.46,LOW,OFFLOAD,WARNING: heavy task offloaded (weight=0.46 >= 0.3),
1771436122.165,0.1,71.93,4.8147,0.998,28.4,3,,,0.03314,0.4619,0.0000,0.1606,0.0000,0.3314,0.2441,0.1583,SAFE,False,8,0,,,,,,window_reset|B=8
1771436122.165,0.1,,,,,,,,,,,,,,,0.1583,SAFE,,7,,t3434_0,0.53,NORMAL,LOCAL,SAFE: all tasks permitted (weight=0.53),
1771436122.165,0.1,72.01,4.7668,1.081,34.3,3,,,0.03337,0.4675,0.0000,0.3781,0.0000,0.3337,0.2853,0.1957,SAFE,False,7,1,,,,,,
1771436122.165,0.1,72.25,4.7693,1.050,32.1,3,,,0.02866,0.4835,0.0000,0.3669,0.0000,0.2866,0.2699,0.1884,SAFE,False,7,1,,,,,,
1771436122.165,0.1,71.86,4.7930,1.021,30.1,3,,,0.03028,0.4571,0.0000,0.2593,0.0000,0.3028,0.2557,0.1700,SAFE,False,7,1,,,,,,
1771436122.165,0.1,,,,,,,,,,,,,,,0.1700,SAFE,,6,,t3437_0,0.47,LOW,LOCAL,SAFE: all tasks permitted (weight=0.47),
1771436122.165,0.1,,,,,,,,,,,,,,,0.1700,SAFE,,5,,t3437_1,0.60,NORMAL,LOCAL,SAFE: all tasks permitted (weight=0.60),
1771436122.165,0.1,71.73,4.7566,1.211,43.7,5,,,0.03002,0.4487,0.0000,0.4243,0.0000,0.3002,0.3807,0.2152,SAFE,False,5,3,,,,,,
1771436122.165,0.1,71.48,4.7613,1.172,40.8,4,,,0.02856,0.4322,0.0000,0.4032,0.0000,0.2856,0.3458,0.2020,SAFE,False,5,3,,,,,,
1771436122.165,0.1,,,,,,,,,,,,,,,0.2020,SAFE,,4,,t3439_0,0.58,CRITICAL,LOCAL,SAFE: all tasks permitted (weight=0.58),
1771436122.165,0.1,72.10,4.7266,1.253,46.6,5,,,0.02357,0.4730,0.0000,0.5608,0.0000,0.2357,0.4013,0.2335,SAFE,False,4,4,,,,,,
1771436122.165,0.1,,,,,,,,,,,,,,,0.2335,SAFE,,3,,t3440_0,0.25,LOW,LOCAL,SAFE: all tasks permitted (weight=0.25),
1771436122.165,0.1,72.56,4.6714,1.260,47.1,5,,,0.03466,0.5039,0.0000,0.8116,0.0000,0.3466,0.4049,0.2816,WARNING,False,3,5,,,,,,
1771436122.165,0.1,73.20,4.7576,1.216,44.0,5,,,0.03458,0.5467,0.0000,0.4202,0.0000,0.3458,0.3832,0.2315,WARNING,False,3,5,,,,,,
1771436122.167,0.1,,,,,,,,,,,,,,,0.2315,WARNING,,3,,t3442_0,0.35,LOW,OFFLOAD,WARNING: heavy task offloaded (weight=0.35 >= 0.3),
1771436122.167,0.1,72.44,4.7700,1.176,41.2,4,16940.421,2.10615,0.03426,0.4958,1.0000,0.3637,0.0000,0.3426,0.3481,0.4607,WARNING,False,3,5,,,,,,
1771436122.167,0.1,,,,,,,,,,,,,,,0.4607,WARNING,,3,,t3443_0,0.67,CRITICAL,OFFLOAD,WARNING: heavy task offloaded (weight=0.67 >= 0.3),
1771436122.167,0.1,72.42,4.7679,1.139,38.5,4,6715.152,-0.91226,0.03334,0.4947,1.0000,0.3732,1.0000,0.3334,0.3294,0.6571,CRITICAL,False,3,5,,,,,,
1771436122.167,0.1,,,,,,,,,,,,,,,0.6571,CRITICAL,,3,,t3444_0,0.32,NORMAL,OFFLOAD,CRITICAL: non-critical task offloaded (priority=NORMAL),
1771436122.167,0.1,,,,,,,,,,,,,,,0.6571,CRITICAL,,3,,t3444_1,0.57,NORMAL,OFFLOAD,CRITICAL: non-critical task offloaded (priority=NORMAL),
1771436122.167,0.1,72.84,4.7656,1.104,36.0,4,39130.936,-18.16955,0.03339,0.5225,1.0000,0.3834,1.0000,0.3339,0.3120,0.6583,CRITICAL,False,3,5,,,,,,
1771436122.167,0.1,,,,,,,,,,,,,,,0.6583,CRITICAL,,3,,t3445_0,0.82,LOW,OFFLOAD,CRITICAL: non-critical task offloaded (priority=LOW),
1771436122.167,0.1,72.40,4.7996,1.072,33.7,3,26873.705,28.57923,0.03154,0.4936,1.0000,0.2291,0.0000,0.3154,0.2809,0.4267,CRITICAL,False,3,5,,,,,,
1771436122.167,0.1,,,,,,,,,,,,,,,0.4267,CRITICAL,,3,,t3446_0,0.47,LOW,OFFLOAD,CRITICAL: non-critical task offloaded (priority=LOW),
1771436122.167,0.1,71.96,4.7699,1.042,31.5,3,19041.463,5.73789,0.03162,0.4640,1.0000,0.3640,0.0000,0.3162,0.2658,0.4378,CRITICAL,False,3,5,,,,,,
1771436122.167,0.1,,,,,,,,,,,,,,,0.4378,CRITICAL,,3,,t3447_0,0.25,HIGH,OFFLOAD,CRITICAL: non-critical task offloaded (priority=HIGH),
1771436122.167,0.1,72.16,4.8101,1.014,29.5,3,2642.319,55.56836,0.03460,0.4774,1.0000,0.1812,0.0000,0.3460,0.2518,0.4158,WARNING,False,3,5,,,,,,
1771436122.167,0.1,72.39,4.8301,0.988,27.7,3,-6750.122,105.56421,0.03861,0.4927,0.0000,0.0904,0.0000,0.3861,0.2388,0.1573,SAFE,False,8,0,,,,,,window_reset|B=8
1771436122.167,0.1,,,,,,,,,,,,,,,0.1573,SAFE,,7,,t3449_0,0.82,NORMAL,LOCAL,SAFE: all tasks permitted (weight=0.82),
1771436122.167,0.1,,,,,,,,,,,,,,,0.1573,SAFE,,6,,t3449_1,0.34,HIGH,LOCAL,SAFE: all tasks permitted (weight=0.34),
1771436122.167,0.1,72.39,4.7408,1.199,42.8,4,-32280.863,-11.12408,0.03916,0.4928,0.0000,0.4962,1.0000,0.3916,0.3597,0.4347,WARNING,False,6,2,,,,,,
1771436122.167,0.1,71.88,4.7384,1.160,40.0,4,,,0.03981,0.4590,0.0000,0.5074,0.0000,0.3981,0.3402,0.2289,WARNING,False,6,2,,,,,,
1771436122.167,0.1,72.23,4.7724,1.124,37.4,4,,,0.03838,0.4817,0.0000,0.3525,0.0000,0.3838,0.3220,0.2064,WARNING,False,6,2,,,,,,
1771436122.167,0.1,71.63,4.7885,1.090,35.0,4,,,0.02591,0.4417,0.0000,0.2795,0.0000,0.2591,0.3051,0.1763,SAFE,False,6,2,,,,,,
1771436122.167,0.1,,,,,,,,,,,,,,,0.1763,SAFE,,5,,t3453_0,0.66,NORMAL,LOCAL,SAFE: all tasks permitted (weight=0.66),
1771436122.167,0.1,73.11,4.7107,1.193,42.4,4,,,0.03134,0.5406,0.0000,0.6331,0.0000,0.3134,0.3565,0.2498,SAFE,False,5,3,,,,,,
1771436122.167,0.1,,,,,,,,,,,,,,,0.2498,SAFE,,4,,t3454_0,0.24,LOW,LOCAL,SAFE: all tasks permitted (weight=0.24),
1771436122.167,0.1,72.86,4.7236,1.204,43.1,5,,,0.03410,0.5242,0.0000,0.5746,0.0000,0.3410,0.3768,0.2470,SAFE,False,4,4,,,,,,
1771436122.167,0.1,,,,,,,,,,,,,,,0.2470,SAFE,,3,,t3455_0,0.58,HIGH,LOCAL,SAFE: all tasks permitted (weight=0.58),
1771436122.167,0.1,72.89,4.7582,1.283,48.8,5,,,0.03421,0.5261,0.0000,0.4175,0.0000,0.3421,0.4164,0.2349,SAFE,False,3,5,,,,,,
1771436122.167,0.1,,,,,,,,,,,,,,,0.2349,SAFE,,2,,t3456_0,0.60,LOW,LOCAL,SAFE: all tasks permitted (weight=0.60),
1771436122.167,0.1,,,,,,,,,,,,,,,0.2349,SAFE,,1,,t3456_1,0.20,NORMAL,LOCAL,SAFE: all tasks permitted (weight=0.20),
1771436122.167,0.1,73.84,4.6907,1.400,57.2,6,,,0.04026,0.5895,0.0000,0.7242,0.0000,0.4026,0.4901,0.3032,WARNING,False,1,7,,,,,,
1771436122.167,0.1,,,,,,,,,,,,,,,0.3032,WARNING,,0,,t3457_0,0.26,HIGH,LOCAL,WARNING: lightweight task permitted (weight=0.26 < 0.3),
1771436122.167,0.1,,,,,,,,,,,,,,,0.3032,WARNING,,0,,t3457_1,0.76,CRITICAL,OFFLOAD,WARNING: heavy task offloaded (weight=0.76 >= 0.3),
1771436122.167,0.1,73.14,4.6690,1.400,57.2,6,,,0.04567,0.5426,0.0000,0.8229,0.0000,0.4567,0.4901,0.3158,WARNING,False,0,8,,,,,,
1771436122.167,0.1,,,,,,,,,,,,,,,0.3158,WARNING,,0,,t3458_0,0.40,NORMAL,OFFLOAD,WARNING: heavy task offloaded (weight=0.40 >= 0.3),
1771436122.167,0.1,74.05,4.6905,1.347,53.4,6,,,0.04803,0.6031,0.0000,0.7248,0.0000,0.4803,0.4635,0.3073,WARNING,False,0,8,,,,,,
1771436122.167,0.1,,,,,,,,,,,,,,,0.3073,WARNING,,0,,t3459_0,0.25,HIGH,OFFLOAD,"Budget exhausted (B=0), offloading. Original: WARNING: lightweight task permitted (weight=0.25 < 0.3)",
1771436122.167,0.1,74.64,4.6994,1.298,49.8,5,,,0.04489,0.6424,0.0000,0.6847,0.0000,0.4489,0.4239,0.2958,WARNING,False,0,8,,,,,,
1771436122.167,0.1,73.89,4.7184,1.252,46.6,5,,,0.03443,0.5924,0.0000,0.5983,0.0000,0.3443,0.4009,0.2635,WARNING,False,0,8,,,,,,
1771436122.167,0.1,,,,,,,,,,,,,,,0.2635,WARNING,,0,,t3461_0,0.67,HIGH,OFFLOAD,WARNING: heavy task offloaded (weight=0.67 >= 0.3),
1771436122.167,0.1,74.91,4.7588,1.209,43.5,5,,,0.03547,0.6604,0.0000,0.4144,0.0000,0.3547,0.3796,0.2445,WARNING,False,0,8,,,,,,
1771436122.167,0.1,,,,,,,,,,,,,,,0.2445,WARNING,,0,,t3462_0,0.45,CRITICAL,OFFLOAD,WARNING: heavy task offloaded (weight=0.45 >= 0.3),
1771436122.167,0.1,74.27,4.7571,1.169,40.7,4,,,0.03635,0.6181,0.0000,0.4222,0.0000,0.3635,0.3447,0.2343,WARNING,False,0,8,,,,,,
1771436122.167,0.1,,,,,,,,,,,,,,,0.2343,WARNING,,0,,t3463_0,0.46,NORMAL,OFFLOAD,WARNING: heavy task offloaded (weight=0.46 >= 0.3),
1771436122.167,0.1,75.16,4.7110,1.133,38.0,4,,,0.03400,0.6772,0.0000,0.6319,0.0000,0.3400,0.3263,0.2627,WARNING,False,7,0,,,,,,window_reset|B=7
1771436122.167,0.1,,,,,,,,,,,,,,,0.2627,WARNING,,7,,t3464_0,0.57,HIGH,OFFLOAD,WARNING: heavy task offloaded (weight=0.57 >= 0.3),
1771436122.167,0.1,,,,,,,,,,,,,,,0.2627,WARNING,,6,,t3464_1,0.28,LOW,LOCAL,WARNING: lightweight task permitted (weight=0.28 < 0.3),
1771436122.167,0.1,74.75,4.7659,1.155,39.6,4,,,0.03079,0.6497,0.0000,0.3822,0.0000,0.3079,0.3375,0.2259,WARNING,False,6,1,,,,,,
1771436122.167,0.1,74.61,4.7325,1.119,37.1,4,,,0.03077,0.6405,0.0000,0.5343,0.0000,0.3077,0.3195,0.2410,WARNING,False,6,1,,,,,,
1771436122.167,0.1,,,,,,,,,,,,,,,0.2410,WARNING,,5,,t3466_0,0.25,LOW,LOCAL,WARNING: lightweight task permitted (weight=0.25 < 0.3),
1771436122.167,0.1,74.21,4.7576,1.137,38.4,4,,,0.03223,0.6140,0.0000,0.4201,0.0000,0.3223,0.3287,0.2263,WARNING,False,5,2,,,,,,
1771436122.167,0.1,,,,,,,,,,,,,,,0.2263,WARNING,,5,,t3467_0,0.57,HIGH,OFFLOAD,WARNING: heavy task offloaded (weight=0.57 >= 0.3),
1771436122.168,0.1,73.85,4.7662,1.103,35.9,4,-47110.857,66.56119,0.03297,0.5899,0.0000,0.3811,0.0000,0.3297,0.3113,0.2156,WARNING,False,5,2,,,,,,
1771436122.168,0.1,73.96,4.8198,1.070,33.6,3,4308.429,101.04942,0.03989,0.5972,1.0000,0.1374,0.0000,0.3989,0.2802,0.4354,WARNING,False,5,2,,,,,,
1771436122.169,0.1,74.53,4.7744,1.040,31.5,3,-13196.544,9.02497,0.03523,0.6352,0.0000,0.3437,0.0000,0.3523,0.2652,0.2092,WARNING,False,5,2,,,,,,
1771436122.169,0.1,74.05,4.7727,1.013,29.5,3,-7647.241,9.04551,0.03160,0.6034,0.0000,0.3513,0.0000,0.3160,0.2513,0.1999,WARNING,False,5,2,,,,,,
1771436122.169,0.1,,,,,,,,,,,,,,,0.1999,WARNING,,5,,t3471_0,0.51,LOW,OFFLOAD,WARNING: heavy task offloaded (weight=0.51 >= 0.3),
1771436122.169,0.1,73.96,4.8092,0.987,27.6,3,-41763.188,56.98199,0.03069,0.5972,0.0000,0.1854,0.0000,0.3069,0.2383,0.1741,SAFE,False,5,2,,,,,,
1771436122.169,0.1,,,,,,,,,,,,,,,0.1741,SAFE,,4,,t3472_0,0.46,HIGH,LOCAL,SAFE: all tasks permitted (weight=0.46),
1771436122.169,0.1,,,,,,,,,,,,,,,0.1741,SAFE,,3,,t3472_1,0.63,NORMAL,LOCAL,SAFE: all tasks permitted (weight=0.63),
1771436122.169,0.1,73.81,4.7615,1.185,41.8,4,-32503.775,-2.56581,0.02776,0.5874,0.0000,0.4023,1.0000,0.2776,0.3527,0.4211,WARNING,False,3,4,,,,,,
1771436122.169,0.1,,,,,,,,,,,,,,,0.4211,WARNING,,3,,t3473_0,0.61,HIGH,OFFLOAD,WARNING: heavy task offloaded (weight=0.61 >= 0.3),
1771436122.169,0.1,73.52,4.7413,1.147,39.1,4,-37733.850,5.12414,0.02853,0.5683,0.0000,0.4942,0.0000,0.2853,0.3337,0.2277,WARNING,False,3,4,,,,,,
1771436122.169,0.1,73.77,4.7354,1.112,36.6,4,-15195.010,-12.86470,0.02958,0.5849,0.0000,0.5209,1.0000,0.2958,0.3160,0.4307,WARNING,False,3,4,,,,,,
1771436122.169,0.1,,,,,,,,,,,,,,,0.4307,WARNING,,2,,t3475_0,0.25,LOW,LOCAL,WARNING: lightweight task permitted (weight=0.25 < 0.3),
1771436122.169,0.1,73.76,4.8005,1.131,37.9,4,-7218.059,47.62370,0.02686,0.5841,0.0000,0.2252,0.0000,0.2686,0.3253,0.1913,WARNING,False,2,5,,,,,,
1771436122.169,0.1,,,,,,,,,,,,,,,0.1913,WARNING,,2,,t3476_0,0.84,HIGH,OFFLOAD,WARNING: heavy task offloaded (weight=0.84 >= 0.3),
1771436122.169,0.1,73.80,4.6897,1.096,35.5,4,-12833.254,-180.54785,0.03483,0.5869,0.0000,0.7285,1.0000,0.3483,0.3082,0.4616,WARNING,False,2,5,,,,,,
1771436122.169,0.1,,,,,,,,,,,,,,,0.4616,WARNING,,2,,t3477_0,0.34,LOW,OFFLOAD,WARNING: heavy task offloaded (weight=0.34 >= 0.3),
1771436122.169,0.1,73.17,4.7742,1.065,33.2,3,,,0.03363,0.5449,0.0000,0.3446,0.0000,0.3363,0.2773,0.1993,WARNING,False,2,5,,,,,,
1771436122.169,0.1,,,,,,,,,,,,,,,0.1993,WARNING,,2,,t3478_0,0.67,HIGH,OFFLOAD,WARNING: heavy task offloaded (weight=0.67 >= 0.3),
1771436122.169,0.1,72.99,4.7966,1.035,31.1,3,,,0.03445,0.5324,0.0000,0.2429,0.0000,0.3445,0.2625,0.1824,WARNING,False,8,0,,,,,,window_reset|B=8
1771436122.169,0.1,,,,,,,,,,,,,,,0.1824,WARNING,,7,,t3479_0,0.22,NORMAL,LOCAL,WARNING: lightweight task permitted (weight=0.22 < 0.3),
1771436122.169,0.1,,,,,,,,,,,,,,,0.1824,WARNING,,7,,t3479_1,0.67,LOW,OFFLOAD,WARNING: heavy task offloaded (weight=0.67 >= 0.3),
1771436122.169,0.1,72.68,4.7703,1.053,32.4,3,,,0.03443,0.5121,0.0000,0.3623,0.0000,0.3443,0.2717,0.1973,WARNING,False,7,1,,,,,,
1771436122.169,0.1,,,,,,,,,,,,,,,0.1973,WARNING,,6,,t3480_0,0.22,NORMAL,LOCAL,WARNING: lightweight task permitted (weight=0.22 < 0.3),
1771436122.169,0.1,72.84,4.7686,1.070,33.6,3,,,0.03106,0.5226,0.0000,0.3702,0.0000,0.3106,0.2799,0.1979,WARNING,False,6,2,,,,,,
1771436122.170,0.1,,,,,,,,,,,,,,,0.1979,WARNING,,6,,t3481_0,0.80,NORMAL,OFFLOAD,WARNING: heavy task offloaded (weight=0.80 >= 0.3),
1771436122.170,0.1,72.81,4.8035,1.040,31.4,3,-42369.298,61.97383,0.03271,0.5210,0.0000,0.2112,0.0000,0.3271,0.2649,0.1757,SAFE,False,6,2,,,,,,
1771436122.170,0.1,,,,,,,,,,,,,,,0.1757,SAFE,,5,,t3482_0,0.40,CRITICAL,LOCAL,SAFE: all tasks permitted (weight=0.40),
1771436122.170,0.1,72.81,4.7531,1.094,35.3,4,-57401.647,17.66672,0.03295,0.5209,0.0000,0.4402,0.0000,0.3295,0.3071,0.2141,SAFE,False,5,3,,,,,,
1771436122.170,0.1,72.48,4.7818,1.062,33.0,3,-76582.602,-18.59067,0.03082,0.4986,0.0000,0.3100,1.0000,0.3082,0.2762,0.3862,WARNING,False,5,3,,,,,,
1771436122.170,0.1,72.82,4.7682,1.033,30.9,3,-58631.404,78.08614,0.03082,0.5215,0.0000,0.3719,0.0000,0.3082,0.2615,0.1941,WARNING,False,5,3,,,,,,
1771436122.170,0.1,,,,,,,,,,,,,,,0.1941,WARNING,,5,,t3485_0,0.64,HIGH,OFFLOAD,WARNING: heavy task offloaded (weight=0.64 >= 0.3),
1771436122.170,0.1,72.51,4.7946,1.006,29.0,3,-39543.145,20.29810,0.03088,0.5008,0.0000,0.2519,0.0000,0.3088,0.2478,0.1733,SAFE,False,5,3,,,,,,
1771436122.170,0.1,72.26,4.8192,0.980,27.2,3,-43469.497,22.58996,0.03180,0.4839,0.0000,0.1398,0.0000,0.3180,0.2351,0.1551,SAFE,False,5,3,,,,,,
1771436122.170,0.1,,,,,,,,,,,,,,,0.1551,SAFE,,4,,t3487_0,0.40,NORMAL,LOCAL,SAFE: all tasks permitted (weight=0.40),
1771436122.170,0.1,,,,,,,,,,,,,,,0.1551,SAFE,,3,,t3487_1,0.45,CRITICAL,LOCAL,SAFE: all tasks permitted (weight=0.45),
1771436122.170,0.1,72.38,4.7828,1.131,37.9,4,-17992.812,12.42740,0.03107,0.4920,0.0000,0.3055,0.0000,0.3107,0.3254,0.1949,SAFE,False,3,5,,,,,,
1771436122.170,0.1,,,,,,,,,,,,,,,0.1949,SAFE,,2,,t3488_0,0.39,NORMAL,LOCAL,SAFE: all tasks permitted (weight=0.39),
1771436122.170,0.1,72.18,4.7231,1.177,41.2,4,-39263.430,-45.26319,0.02398,0.4787,0.0000,0.5768,1.0000,0.2398,0.3485,0.4261,WARNING,False,2,6,,,,,,
1771436122.170,0.1,,,,,,,,,,,,,,,0.4261,WARNING,,2,,t3489_0,0.72,NORMAL,OFFLOAD,WARNING: heavy task offloaded (weight=0.72 >= 0.3),
1771436122.170,0.1,71.86,4.7589,1.140,38.5,4,,,0.02455,0.4570,0.0000,0.4139,0.0000,0.2455,0.3298,0.1992,WARNING,False,2,6,,,,,,
1771436122.170,0.1,,,,,,,,,,,,,,,0.1992,WARNING,,1,,t3490_0,0.25,NORMAL,LOCAL,WARNING: lightweight task permitted (weight=0.25 < 0.3),
1771436122.170,0.1,,,,,,,,,,,,,,,0.1992,WARNING,,1,,t3490_1,0.72,NORMAL,OFFLOAD,WARNING: heavy task offloaded (weight=0.72 >= 0.3),
1771436122.170,0.1,72.13,4.7779,1.155,39.7,4,,,0.02382,0.4755,0.0000,0.3280,0.0000,0.2382,0.3376,0.1910,WARNING,False,1,7,,,,,,
1771436122.170,0.1,,,,,,,,,,,,,,,0.1910,WARNING,,1,,t3491_0,0.75,LOW,OFFLOAD,WARNING: heavy task offloaded (weight=0.75 >= 0.3),
1771436122.170,0.1,72.24,4.7573,1.119,37.1,4,,,0.02431,0.4828,0.0000,0.4211,0.0000,0.2431,0.3196,0.2009,WARNING,False,1,7,,,,,,
1771436122.170,0.1,72.14,4.7913,1.086,34.7,3,,,0.02469,0.4761,0.0000,0.2667,0.0000,0.2469,0.2879,0.1741,SAFE,False,1,7,,,,,,
1771436122.170,0.1,,,,,,,,,,,,,,,0.1741,SAFE,,0,,t3493_0,0.22,HIGH,LOCAL,SAFE: all tasks permitted (weight=0.22),
1771436122.170,0.1,,,,,,,,,,,,,,,0.1741,SAFE,,0,,t3493_1,0.42,LOW,OFFLOAD,"Budget exhausted (B=0), offloading. Original: SAFE: all tasks permitted (weight=0.42)",
1771436122.170,0.1,71.84,4.7777,1.100,35.7,4,,,0.02328,0.4562,0.0000,0.3287,0.0000,0.2328,0.3100,0.1827,SAFE,False,8,0,,,,,,window_reset|B=8
1771436122.170,0.1,,,,,,,,,,,,,,,0.1827,SAFE,,7,,t3494_0,0.71,NORMAL,LOCAL,SAFE: all tasks permitted (weight=0.71),
1771436122.170,0.1,,,,,,,,,,,,,,,0.1827,SAFE,,6,,t3494_1,0.31,NORMAL,LOCAL,SAFE: all tasks permitted (weight=0.31),
1771436122.170,0.1,72.34,4.7555,1.276,48.3,5,,,0.02311,0.4892,0.0000,0.4296,0.0000,0.2311,0.4129,0.2202,SAFE,False,6,2,,,,,,
1771436122.170,0.1,72.69,4.7135,1.231,45.1,5,,,0.02832,0.5124,0.0000,0.6203,0.0000,0.2832,0.3907,0.2486,SAFE,False,6,2,,,,,,
1771436122.170,0.1,,,,,,,,,,,,,,,0.2486,SAFE,,5,,t3496_0,0.69,NORMAL,LOCAL,SAFE: all tasks permitted (weight=0.69),
1771436122.170,0.1,72.77,4.6947,1.331,52.2,6,,,0.03488,0.5177,0.0000,0.7061,0.0000,0.3488,0.4553,0.2799,WARNING,False,5,3,,,,,,
1771436122.170,0.1,,,,,,,,,,,,,,,0.2799,WARNING,,5,,t3497_0,0.35,NORMAL,OFFLOAD,WARNING: heavy task offloaded (weight=0.35 >= 0.3),
1771436122.170,0.1,72.67,4.6749,1.282,48.7,5,,,0.04081,0.5116,0.0000,0.7961,0.0000,0.4081,0.4162,0.2889,WARNING,False,5,3,,,,,,
1771436122.170,0.1,,,,,,,,,,,,,,,0.2889,WARNING,,5,,t3498_0,0.55,LOW,OFFLOAD,WARNING: heavy task offloaded (weight=0.55 >= 0.3),
1771436122.170,0.1,73.17,4.7547,1.238,45.5,5,,,0.03554,0.5446,0.0000,0.4334,0.0000,0.3554,0.3938,0.2360,WARNING,False,5,3,,,,,,
1771436122.170,0.1,,,,,,,,,,,,,,,0.2360,WARNING,,5,,t3499_0,0.33,NORMAL,OFFLOAD,WARNING: heavy task offloaded (weight=0.33 >= 0.3),
1771436122.170,0.1,73.37,4.7028,1.196,42.6,4,,,0.03567,0.5581,0.0000,0.6690,0.0000,0.3567,0.3579,0.2612,WARNING,False,5,3,,,,,,
1771436122.170,0.1,,,,,,,,,,,,,,,0.2612,WARNING,,5,,t3500_0,0.54,HIGH,OFFLOAD,WARNING: heavy task offloaded (weight=0.54 >= 0.3),
1771436122.170,0.1,73.31,4.7072,1.157,39.8,4,,,0.03657,0.5541,0.0000,0.6493,0.0000,0.3657,0.3385,0.2552,WARNING,False,5,3,,,,,,
1771436122.170,0.1,,,,,,,,,,,,,,,0.2552,WARNING,,5,,t3501_0,0.40,HIGH,OFFLOAD,WARNING: heavy task offloaded (weight=0.40 >= 0.3),
1771436122.170,0.1,73.05,4.7529,1.121,37.2,4,,,0.03633,0.5369,0.0000,0.4415,0.0000,0.3633,0.3205,0.2222,WARNING,False,5,3,,,,,,
1771436122.170,0.1,,,,,,,,,,,,,,,0.2222,WARNING,,5,,t3502_0,0.59,CRITICAL,OFFLOAD,WARNING: heavy task offloaded (weight=0.59 >= 0.3),
1771436122.170,0.1,73.25,4.7835,1.088,34.8,3,,,0.03687,0.5500,0.0000,0.3023,0.0000,0.3687,0.2888,0.1999,WARNING,False,5,3,,,,,,
1771436122.170,0.1,,,,,,,,,,,,,,,0.1999,WARNING,,5,,t3503_0,0.80,CRITICAL,OFFLOAD,WARNING: heavy task offloaded (weight=0.80 >= 0.3),
1771436122.170,0.1,72.66,4.7745,1.056,32.6,3,,,0.03788,0.5107,0.0000,0.3430,0.0000,0.3788,0.2732,0.1984,WARNING,False,5,3,,,,,,
1771436122.171,0.1,,,,,,,,,,,,,,,0.1984,WARNING,,5,,t3504_0,0.69,NORMAL,OFFLOAD,WARNING: heavy task offloaded (weight=0.69 >= 0.3),
1771436122.171,0.1,73.26,4.7519,1.027,30.5,3,29869.220,57.29105,0.03490,0.5509,1.0000,0.4457,0.0000,0.3490,0.2587,0.4607,WARNING,False,5,3,,,,,,
1771436122.171,0.1,,,,,,,,,,,,,,,0.4607,WARNING,,5,,t3505_0,0.44,NORMAL,OFFLOAD,WARNING: heavy task offloaded (weight=0.44 >= 0.3),
1771436122.171,0.1,72.93,4.8284,1.000,28.6,3,15544.471,153.62191,0.04194,0.5288,1.0000,0.0981,0.0000,0.4194,0.2452,0.4172,WARNING,False,5,3,,,,,,
1771436122.171,0.1,,,,,,,,,,,,,,,0.4172,WARNING,,4,,t3506_0,0.22,NORMAL,LOCAL,WARNING: lightweight task permitted (weight=0.22 < 0.3),
1771436122.171,0.1,72.70,4.7953,1.021,30.0,3,-28107.415,40.63071,0.04444,0.5133,0.0000,0.2487,0.0000,0.4444,0.2553,0.1894,WARNING,False,4,4,,,,,,
1771436122.171,0.1,,,,,,,,,,,,,,,0.1894,WARNING,,4,,t3507_0,0.64,CRITICAL,OFFLOAD,WARNING: heavy task offloaded (weight=0.64 >= 0.3),
1771436122.171,0.1,,,,,,,,,,,,,,,0.1894,WARNING,,3,,t3507_1,0.28,HIGH,LOCAL,WARNING: lightweight task permitted (weight=0.28 < 0.3),
1771436122.171,0.1,72.75,4.7967,1.051,32.2,3,-37174.585,93.90907,0.04554,0.5168,0.0000,0.2423,0.0000,0.4554,0.2704,0.1931,WARNING,False,3,5,,,,,,
1771436122.171,0.1,,,,,,,,,,,,,,,0.1931,WARNING,,3,,t3508_0,0.64,CRITICAL,OFFLOAD,WARNING: heavy task offloaded (weight=0.64 >= 0.3),
1771436122.171,0.1,72.47,4.8068,1.022,30.2,3,-50255.957,99.63326,0.04442,0.4983,0.0000,0.1965,0.0000,0.4442,0.2561,0.1810,WARNING,False,8,0,,,,,,window_reset|B=8
1771436122.171,0.1,,,,,,,,,,,,,,,0.1810,WARNING,,7,,t3509_0,0.20,NORMAL,LOCAL,WARNING: lightweight task permitted (weight=0.20 < 0.3),
1771436122.171,0.1,72.22,4.7748,1.037,31.2,3,-50010.222,21.94045,0.03611,0.4813,0.0000,0.3418,0.0000,0.3611,0.2637,0.1910,WARNING,False,7,1,,,,,,
1771436122.171,0.1,,,,,,,,,,,,,,,0.1910,WARNING,,7,,t3510_0,0.79,NORMAL,OFFLOAD,WARNING: heavy task offloaded (weight=0.79 >= 0.3),
1771436122.171,0.1,72.37,4.8196,1.010,29.3,3,-52664.425,36.10014,0.03834,0.4915,0.0000,0.1383,0.0000,0.3834,0.2499,0.1653,SAFE,False,7,1,,,,,,
1771436122.171,0.1,,,,,,,,,,,,,,,0.1653,SAFE,,6,,t3511_0,0.57,CRITICAL,LOCAL,SAFE: all tasks permitted (weight=0.57),
1771436122.171,0.1,72.30,4.7950,1.101,35.8,4,-21431.358,20.44584,0.03189,0.4869,0.0000,0.2501,0.0000,0.3189,0.3105,0.1849,SAFE,False,6,2,,,,,,
1771436122.171,0.1,,,,,,,,,,,,,,,0.1849,SAFE,,5,,t3512_0,0.78,LOW,LOCAL,SAFE: all tasks permitted (weight=0.78),
1771436122.171,0.1,72.26,4.7372,1.228,44.9,5,,,0.02665,0.4840,0.0000,0.5127,0.0000,0.2665,0.3890,0.2292,SAFE,False,5,3,,,,,,
1771436122.171,0.1,,,,,,,,,,,,,,,0.2292,SAFE,,4,,t3513_0,0.77,HIGH,LOCAL,SAFE: all tasks permitted (weight=0.77),
1771436122.171,0.1,,,,,,,,,,,,,,,0.2292,SAFE,,3,,t3513_1,0.64,NORMAL,LOCAL,SAFE: all tasks permitted (weight=0.64),
1771436122.171,0.1,72.79,4.6311,1.476,62.6,7,,,0.04988,0.5195,0.0000,0.9949,0.0000,0.4988,0.5432,0.3502,WARNING,False,3,5,,,,,,
1771436122.171,0.1,73.46,4.6433,1.418,58.4,6,,,0.06149,0.5641,0.0000,0.9395,0.0000,0.6149,0.4990,0.3511,WARNING,False,3,5,,,,,,
1771436122.171,0.1,,,,,,,,,,,,,,,0.3511,WARNING,,2,,t3515_0,0.20,NORMAL,LOCAL,WARNING: lightweight task permitted (weight=0.20 < 0.3),
1771436122.171,0.1,73.68,4.6330,1.405,57.5,6,,,0.07097,0.5787,0.0000,0.9866,0.0000,0.7097,0.4927,0.3672,WARNING,False,2,6,,,,,,
1771436122.171,0.1,,,,,,,,,,,,,,,0.3672,WARNING,,2,,t3516_0,0.45,NORMAL,OFFLOAD,WARNING: heavy task offloaded (weight=0.45 >= 0.3),
1771436122.171,0.1,73.88,4.6802,1.352,53.7,6,,,0.07362,0.5922,0.0000,0.7717,0.0000,0.7362,0.4660,0.3382,WARNING,False,2,6,,,,,,
1771436122.171,0.1,74.29,4.7084,1.302,50.2,5,,,0.06967,0.6192,0.0000,0.6438,0.0000,0.6967,0.4262,0.3129,WARNING,False,2,6,,,,,,
1771436122.171,0.1,74.60,4.7400,1.256,46.9,5,,,0.06733,0.6401,0.0000,0.5000,0.0000,0.6733,0.4031,0.2898,WARNING,False,2,6,,,,,,
1771436122.171,0.1,,,,,,,,,,,,,,,0.2898,WARNING,,2,,t3519_0,0.56,HIGH,OFFLOAD,WARNING: heavy task offloaded (weight=0.56 >= 0.3),
1771436122.171,0.1,74.39,4.7394,1.213,43.8,5,,,0.06443,0.6260,0.0000,0.5027,0.0000,0.6443,0.3816,0.2812,WARNING,False,2,6,,,,,,
1771436122.171,0.1,,,,,,,,,,,,,,,0.2812,WARNING,,2,,t3520_0,0.56,LOW,OFFLOAD,WARNING: heavy task offloaded (weight=0.56 >= 0.3),
1771436122.171,0.1,75.04,4.7422,1.173,40.9,4,,,0.05999,0.6696,0.0000,0.4899,0.0000,0.5999,0.3466,0.2733,WARNING,False,2,6,,,,,,
1771436122.171,0.1,,,,,,,,,,,,,,,0.2733,WARNING,,2,,t3521_0,0.51,NORMAL,OFFLOAD,WARNING: heavy task offloaded (weight=0.51 >= 0.3),
1771436122.171,0.1,74.94,4.7448,1.136,38.3,4,,,0.05827,0.6629,0.0000,0.4781,0.0000,0.5827,0.3280,0.2656,WARNING,False,2,6,,,,,,
1771436122.171,0.1,74.89,4.7717,1.101,35.8,4,,,0.05252,0.6594,0.0000,0.3560,0.0000,0.5252,0.3107,0.2401,WARNING,False,2,6,,,,,,
1771436122.171,0.1,,,,,,,,,,,,,,,0.2401,WARNING,,2,,t3523_0,0.50,NORMAL,OFFLOAD,WARNING: heavy task offloaded (weight=0.50 >= 0.3),
1771436122.171,0.1,,,,,,,,,,,,,,,0.2401,WARNING,,2,,t3523_1,0.31,NORMAL,OFFLOAD,WARNING: heavy task offloaded (weight=0.31 >= 0.3),
1771436122.171,0.1,74.13,4.7968,1.069,33.5,3,,,0.05276,0.6089,0.0000,0.2416,0.0000,0.5276,0.2796,0.2132,WARNING,False,7,0,,,,,,window_reset|B=7
1771436122.171,0.1,,,,,,,,,,,,,,,0.2132,WARNING,,7,,t3524_0,0.37,LOW,OFFLOAD,WARNING: heavy task offloaded (weight=0.37 >= 0.3),
1771436122.171,0.1,74.34,4.8398,1.039,31.4,3,,,0.06312,0.6225,0.0000,0.0463,0.0000,0.6312,0.2647,0.1968,WARNING,False,7,0,,,,,,
1771436122.171,0.1,,,,,,,,,,,,,,,0.1968,WARNING,,6,,t3525_0,0.23,NORMAL,LOCAL,WARNING: lightweight task permitted (weight=0.23 < 0.3),
1771436122.171,0.1,74.08,4.8023,1.058,32.7,3,,,0.06011,0.6054,0.0000,0.2169,0.0000,0.6011,0.2740,0.2158,WARNING,False,6,1,,,,,,
1771436122.171,0.1,,,,,,,,,,,,,,,0.2158,WARNING,,6,,t3526_0,0.56,LOW,OFFLOAD,WARNING: heavy task offloaded (weight=0.56 >= 0.3),
1771436122.171,0.1,73.68,4.7782,1.029,30.6,3,,,0.05386,0.5786,0.0000,0.3263,0.0000,0.5386,0.2594,0.2176,WARNING,False,6,1,,,,,,
1771436122.171,0.1,73.74,4.7978,1.002,28.7,3,,,0.04259,0.5824,0.0000,0.2371,0.0000,0.4259,0.2459,0.1925,WARNING,False,6,1,,,,,,
1771436122.171,0.1,,,,,,,,,,,,,,,0.1925,WARNING,,6,,t3528_0,0.81,HIGH,OFFLOAD,WARNING: heavy task offloaded (weight=0.81 >= 0.3),
1771436122.171,0.1,73.55,4.7911,0.977,26.9,2,,,0.03530,0.5701,0.0000,0.2678,0.0000,0.3530,0.2183,0.1822,WARNING,False,6,1,,,,,,
1771436122.172,0.1,,,,,,,,,,,,,,,0.1822,WARNING,,6,,t3529_0,0.44,CRITICAL,OFFLOAD,WARNING: heavy task offloaded (weight=0.44 >= 0.3),
1771436122.172,0.1,,,,,,,,,,,,,,,0.1822,WARNING,,6,,t3529_1,0.71,NORMAL,OFFLOAD,WARNING: heavy task offloaded (weight=0.71 >= 0.3),
1771436122.172,0.1,73.27,4.8327,0.953,25.2,2,-100446.132,87.89519,0.03358,0.5513,0.0000,0.0788,0.0000,0.3358,0.2066,0.1513,SAFE,False,6,1,,,,,,
1771436122.172,0.1,,,,,,,,,,,,,,,0.1513,SAFE,,5,,t3530_0,0.26,LOW,LOCAL,SAFE: all tasks permitted (weight=0.26),
1771436122.172,0.1,72.69,4.7821,0.984,27.4,3,-132250.622,10.40001,0.03119,0.5126,0.0000,0.3087,0.0000,0.3119,0.2370,0.1802,SAFE,False,5,2,,,,,,
1771436122.172,0.1,,,,,,,,,,,,,,,0.1802,SAFE,,4,,t3531_0,0.80,LOW,LOCAL,SAFE: all tasks permitted (weight=0.80),
1771436122.172,0.1,72.77,4.7476,1.124,37.4,4,-81851.653,-49.26295,0.03026,0.5180,0.0000,0.4654,1.0000,0.3026,0.3219,0.4173,WARNING,False,4,3,,,,,,
1771436122.172,0.1,,,,,,,,,,,,,,,0.4173,WARNING,,4,,t3532_0,0.61,HIGH,OFFLOAD,WARNING: heavy task offloaded (weight=0.61 >= 0.3),
1771436122.172,0.1,,,,,,,,,,,,,,,0.4173,WARNING,,3,,t3532_1,0.22,NORMAL,LOCAL,WARNING: lightweight task permitted (weight=0.22 < 0.3),
1771436122.172,0.1,72.67,4.7693,1.135,38.2,4,-100238.751,-70.49365,0.02785,0.5112,0.0000,0.3666,1.0000,0.2785,0.3276,0.4024,WARNING,False,3,4,,,,,,
1771436122.172,0.1,72.43,4.7616,1.101,35.8,4,-99227.510,-40.73021,0.02602,0.4952,0.0000,0.4020,1.0000,0.2602,0.3103,0.3998,WARNING,False,3,4,,,,,,
1771436122.172,0.1,,,,,,,,,,,,,,,0.3998,WARNING,,3,,t3534_0,0.36,CRITICAL,OFFLOAD,WARNING: heavy task offloaded (weight=0.36 >= 0.3),
1771436122.172,0.1,72.42,4.7484,1.069,33.5,3,-75351.847,-29.80409,0.02804,0.4949,0.0000,0.4617,1.0000,0.2804,0.2793,0.4033,WARNING,False,3,4,,,,,,
1771436122.172,0.1,,,,,,,,,,,,,,,0.4033,WARNING,,2,,t3535_0,0.27,NORMAL,LOCAL,WARNING: lightweight task permitted (weight=0.27 < 0.3),
1771436122.172,0.1,72.30,4.7663,1.095,35.3,4,-85995.775,-31.58720,0.02845,0.4869,0.0000,0.3806,1.0000,0.2845,0.3073,0.3978,WARNING,False,2,5,,,,,,
1771436122.172,0.1,72.24,4.8085,1.063,33.1,3,-78791.550,17.43605,0.02444,0.4826,0.0000,0.1886,0.0000,0.2444,0.2765,0.1622,SAFE,False,2,5,,,,,,
1771436122.172,0.1,,,,,,,,,,,,,,,0.1622,SAFE,,1,,t3537_0,0.61,HIGH,LOCAL,SAFE: all tasks permitted (weight=0.61),
1771436122.172,0.1,,,,,,,,,,,,,,,0.1622,SAFE,,0,,t3537_1,0.42,NORMAL,LOCAL,SAFE: all tasks permitted (weight=0.42),
1771436122.172,0.1,73.25,4.6729,1.245,46.1,5,,,0.03796,0.5497,0.0000,0.8048,0.0000,0.3796,0.3974,0.2880,WARNING,False,0,7,,,,,,
1771436122.172,0.1,,,,,,,,,,,,,,,0.2880,WARNING,,0,,t3538_0,0.25,HIGH,OFFLOAD,"Budget exhausted (B=0), offloading. Original: WARNING: lightweight task permitted (weight=0.25 < 0.3)",
1771436122.172,0.1,73.15,4.7588,1.203,43.0,5,,,0.03805,0.5432,0.0000,0.4143,0.0000,0.3805,0.3763,0.2324,WARNING,False,7,0,,,,,,window_reset|B=7
1771436122.172,0.1,,,,,,,,,,,,,,,0.2324,WARNING,,7,,t3539_0,0.67,HIGH,OFFLOAD,WARNING: heavy task offloaded (weight=0.67 >= 0.3),
1771436122.172,0.1,72.85,4.7385,1.163,40.2,4,,,0.03793,0.5232,0.0000,0.5068,0.0000,0.3793,0.3417,0.2349,WARNING,False,7,0,,,,,,
1771436122.172,0.1,,,,,,,,,,,,,,,0.2349,WARNING,,7,,t3540_0,0.69,HIGH,OFFLOAD,WARNING: heavy task offloaded (weight=0.69 >= 0.3),
1771436122.172,0.1,,,,,,,,,,,,,,,0.2349,WARNING,,7,,t3540_1,0.44,NORMAL,OFFLOAD,WARNING: heavy task offloaded (weight=0.44 >= 0.3),
1771436122.172,0.1,73.00,4.7807,1.127,37.6,4,39298.829,22.48619,0.03744,0.5331,1.0000,0.3152,0.0000,0.3744,0.3234,0.4571,WARNING,False,7,0,,,,,,
1771436122.172,0.1,,,,,,,,,,,,,,,0.4571,WARNING,,7,,t3541_0,0.47,LOW,OFFLOAD,WARNING: heavy task offloaded (weight=0.47 >= 0.3),
1771436122.172,0.1,73.08,4.7774,1.093,35.2,4,77448.066,31.47432,0.03166,0.5385,1.0000,0.3300,0.0000,0.3166,0.3065,0.4505,WARNING,False,7,0,,,,,,
1771436122.172,0.1,72.77,4.7602,1.061,33.0,3,41341.445,23.37232,0.03091,0.5180,1.0000,0.4083,0.0000,0.3091,0.2757,0.4513,WARNING,False,7,0,,,,,,
1771436122.172,0.1,,,,,,,,,,,,,,,0.4513,WARNING,,6,,t3543_0,0.20,HIGH,LOCAL,WARNING: lightweight task permitted (weight=0.20 < 0.3),
1771436122.172,0.1,72.28,4.7717,1.074,33.8,3,-3350.758,10.80023,0.03099,0.4850,0.0000,0.3559,0.0000,0.3099,0.2819,0.1918,WARNING,False,6,1,,,,,,
1771436122.172,0.1,72.19,4.7930,1.044,31.7,3,-5443.420,-30.88520,0.03227,0.4796,0.0000,0.2593,1.0000,0.3227,0.2668,0.3769,WARNING,False,6,1,,,,,,
1771436122.172,0.1,72.08,4.7748,1.016,29.7,3,-139465.120,202.47637,0.03248,0.4717,0.0000,0.3416,0.0000,0.3248,0.2528,0.1841,WARNING,False,6,1,,,,,,
1771436122.172,0.1,,,,,,,,,,,,,,,0.1841,WARNING,,5,,t3546_0,0.20,CRITICAL,LOCAL,WARNING: lightweight task permitted (weight=0.20 < 0.3),
1771436122.172,0.1,71.78,4.8103,1.031,30.8,3,-162834.954,102.23256,0.03466,0.4522,0.0000,0.1805,0.0000,0.3466,0.2606,0.1645,SAFE,False,5,2,,,,,,
1771436122.172,0.1,,,,,,,,,,,,,,,0.1645,SAFE,,4,,t3547_0,0.38,CRITICAL,LOCAL,SAFE: all tasks permitted (weight=0.38),
1771436122.172,0.1,71.82,4.7741,1.082,34.4,3,-122635.620,70.64525,0.03470,0.4546,0.0000,0.3452,0.0000,0.3470,0.2860,0.1913,SAFE,False,4,3,,,,,,
1771436122.172,0.1,71.82,4.7616,1.051,32.2,3,,,0.03254,0.4550,0.0000,0.4020,0.0000,0.3254,0.2706,0.1935,SAFE,False,4,3,,,,,,
1771436122.172,0.1,,,,,,,,,,,,,,,0.1935,SAFE,,3,,t3549_0,0.65,NORMAL,LOCAL,SAFE: all tasks permitted (weight=0.65),
1771436122.172,0.1,71.29,4.7645,1.157,39.8,4,,,0.01737,0.4193,0.0000,0.3886,0.0000,0.1737,0.3385,0.1859,SAFE,False,3,4,,,,,,
1771436122.172,0.1,71.87,4.7242,1.121,37.2,4,,,0.02168,0.4580,0.0000,0.5717,0.0000,0.2168,0.3205,0.2151,SAFE,False,3,4,,,,,,
1771436122.172,0.1,,,,,,,,,,,,,,,0.2151,SAFE,,2,,t3551_0,0.57,CRITICAL,LOCAL,SAFE: all tasks permitted (weight=0.57),
1771436122.172,0.1,,,,,,,,,,,,,,,0.2151,SAFE,,1,,t3551_1,0.29,NORMAL,LOCAL,SAFE: all tasks permitted (weight=0.29),
1771436122.172,0.1,71.68,4.7137,1.266,47.6,5,,,0.02538,0.4451,0.0000,0.6194,0.0000,0.2538,0.4079,0.2409,SAFE,False,1,6,,,,,,
1771436122.172,0.1,,,,,,,,,,,,,,,0.2409,SAFE,,0,,t3552_0,0.70,LOW,LOCAL,SAFE: all tasks permitted (weight=0.70),
1771436122.172,0.1,72.51,4.6976,1.366,54.7,6,,,0.03137,0.5004,0.0000,0.6927,0.0000,0.3137,0.4732,0.2761,WARNING,False,0,7,,,,,,
1771436122.172,0.1,,,,,,,,,,,,,,,0.2761,WARNING,,0,,t3553_0,0.74,NORMAL,OFFLOAD,WARNING: heavy task offloaded (weight=0.74 >= 0.3),
1771436122.172,0.1,73.23,4.7022,1.316,51.1,6,,,0.03466,0.5489,0.0000,0.6718,0.0000,0.3466,0.4478,0.2774,WARNING,False,7,0,,,,,,window_reset|B=7
1771436122.172,0.1,,,,,,,,,,,,,,,0.2774,WARNING,,6,,t3554_0,0.27,NORMAL,LOCAL,WARNING: lightweight task permitted (weight=0.27 < 0.3),
1771436122.172,0.1,73.18,4.6745,1.325,51.8,6,,,0.04092,0.5454,0.0000,0.7979,0.0000,0.4092,0.4526,0.3006,WARNING,False,6,1,,,,,,
1771436122.172,0.1,,,,,,,,,,,,,,,0.3006,WARNING,,6,,t3555_0,0.38,NORMAL,OFFLOAD,WARNING: heavy task offloaded (weight=0.38 >= 0.3),
1771436122.172,0.1,,,,,,,,,,,,,,,0.3006,WARNING,,6,,t3555_1,0.44,NORMAL,OFFLOAD,WARNING: heavy task offloaded (weight=0.44 >= 0.3),
1771436122.172,0.1,73.86,4.7258,1.277,48.4,5,,,0.04056,0.5909,0.0000,0.5647,0.0000,0.4056,0.4137,0.2676,WARNING,False,6,1,,,,,,
1771436122.172,0.1,,,,,,,,,,,,,,,0.2676,WARNING,,5,,t3556_0,0.29,HIGH,LOCAL,WARNING: lightweight task permitted (weight=0.29 < 0.3),
1771436122.172,0.1,73.59,4.7367,1.293,49.5,5,,,0.03766,0.5724,0.0000,0.5150,0.0000,0.3766,0.4213,0.2575,WARNING,False,5,2,,,,,,
1771436122.172,0.1,,,,,,,,,,,,,,,0.2575,WARNING,,5,,t3557_0,0.65,NORMAL,OFFLOAD,WARNING: heavy task offloaded (weight=0.65 >= 0.3),
1771436122.172,0.1,73.52,4.6885,1.247,46.2,5,,,0.03824,0.5677,0.0000,0.7342,0.0000,0.3824,0.3985,0.2815,WARNING,False,5,2,,,,,,
1771436122.172,0.1,,,,,,,,,,,,,,,0.2815,WARNING,,5,,t3558_0,0.30,NORMAL,OFFLOAD,WARNING: heavy task offloaded (weight=0.30 >= 0.3),
1771436122.172,0.1,74.35,4.6978,1.205,43.2,5,,,0.03074,0.6234,0.0000,0.6918,0.0000,0.3074,0.3773,0.2709,WARNING,False,5,2,,,,,,
1771436122.172,0.1,73.98,4.7775,1.165,40.4,4,,,0.03123,0.5985,0.0000,0.3297,0.0000,0.3123,0.3426,0.2144,WARNING,False,5,2,,,,,,
1771436122.172,0.1,,,,,,,,,,,,,,,0.2144,WARNING,,4,,t3560_0,0.25,NORMAL,LOCAL,WARNING: lightweight task permitted (weight=0.25 < 0.3),
1771436122.172,0.1,74.17,4.7732,1.181,41.5,4,,,0.03260,0.6112,0.0000,0.3491,0.0000,0.3260,0.3505,0.2214,WARNING,False,4,3,,,,,,
1771436122.172,0.1,,,,,,,,,,,,,,,0.2214,WARNING,,4,,t3561_0,0.81,LOW,OFFLOAD,WARNING: heavy task offloaded (weight=0.81 >= 0.3),
1771436122.172,0.1,74.32,4.7630,1.143,38.8,4,,,0.03243,0.6215,0.0000,0.3956,0.0000,0.3243,0.3316,0.2248,WARNING,False,4,3,,,,,,
1771436122.172,0.1,,,,,,,,,,,,,,,0.2248,WARNING,,4,,t3562_0,0.60,NORMAL,OFFLOAD,WARNING: heavy task offloaded (weight=0.60 >= 0.3),
1771436122.172,0.1,74.06,4.7831,1.108,36.3,4,,,0.03647,0.6038,0.0000,0.3042,0.0000,0.3647,0.3141,0.2113,WARNING,False,4,3,,,,,,
1771436122.172,0.1,,,,,,,,,,,,,,,0.2113,WARNING,,4,,t3563_0,0.83,LOW,OFFLOAD,WARNING: heavy task offloaded (weight=0.83 >= 0.3),
1771436122.172,0.1,74.09,4.7523,1.075,34.0,3,,,0.03678,0.6062,0.0000,0.4442,0.0000,0.3678,0.2827,0.2238,WARNING,False,4,3,,,,,,
1771436122.172,0.1,73.56,4.8149,1.045,31.8,3,,,0.04184,0.5704,0.0000,0.1598,0.0000,0.4184,0.2676,0.1846,WARNING,False,4,3,,,,,,
1771436122.172,0.1,,,,,,,,,,,,,,,0.1846,WARNING,,4,,t3565_0,0.81,LOW,OFFLOAD,WARNING: heavy task offloaded (weight=0.81 >= 0.3),
1771436122.172,0.1,,,,,,,,,,,,,,,0.1846,WARNING,,4,,t3565_1,0.42,CRITICAL,OFFLOAD,WARNING: heavy task offloaded (weight=0.42 >= 0.3),
1771436122.172,0.1,73.50,4.8289,1.017,29.8,3,,,0.04650,0.5664,0.0000,0.0959,0.0000,0.4650,0.2535,0.1776,SAFE,False,4,3,,,,,,
1771436122.173,0.1,,,,,,,,,,,,,,,0.1776,SAFE,,3,,t3566_0,0.78,HIGH,LOCAL,SAFE: all tasks permitted (weight=0.78),
1771436122.173,0.1,73.44,4.7350,1.152,39.4,4,-54337.194,37.05510,0.04083,0.5628,0.0000,0.5228,0.0000,0.4083,0.3360,0.2435,SAFE,False,3,4,,,,,,
1771436122.173,0.1,,,,,,,,,,,,,,,0.2435,SAFE,,2,,t3567_0,0.82,NORMAL,LOCAL,SAFE: all tasks permitted (weight=0.82),
1771436122.173,0.1,,,,,,,,,,,,,,,0.2435,SAFE,,1,,t3567_1,0.38,LOW,LOCAL,SAFE: all tasks permitted (weight=0.38),
1771436122.173,0.1,74.18,4.6192,1.364,54.6,6,12059.318,-157.76482,0.05548,0.6120,1.0000,1.0000,1.0000,0.5548,0.4720,0.8033,WARNING,False,1,6,,,,,,FAILURE:BROWNOUT(V=4.619V)
1771436122.173,0.1,74.33,4.6917,1.313,51.0,5,9980.961,-81.19300,0.05757,0.6223,1.0000,0.7194,1.0000,0.5757,0.4317,0.7621,CRITICAL,False,2,0,,,,,,window_reset|B=2
1771436122.173,0.1,,,,,,,,,,,,,,,0.7621,CRITICAL,,2,,t3569_0,0.29,NORMAL,OFFLOAD,CRITICAL: non-critical task offloaded (priority=NORMAL),
1771436122.173,0.1,,,,,,,,,,,,,,,0.7621,CRITICAL,,2,,t3569_1,0.70,NORMAL,OFFLOAD,CRITICAL: non-critical task offloaded (priority=NORMAL),
1771436122.173,0.1,74.67,4.7051,1.266,47.6,5,20547.313,-57.63242,0.05640,0.6444,1.0000,0.6585,1.0000,0.5640,0.4082,0.7510,CRITICAL,False,2,0,,,,,,
1771436122.173,0.1,,,,,,,,,,,,,,,0.7510,CRITICAL,,2,,t3570_0,0.47,LOW,OFFLOAD,CRITICAL: non-critical task offloaded (priority=LOW),
1771436122.173,0.1,74.94,4.7413,1.223,44.5,5,52750.296,-41.69216,0.05462,0.6626,1.0000,0.4943,1.0000,0.5462,0.3864,0.7257,CRITICAL,False,2,0,,,,,,
1771436122.173,0.1,,,,,,,,,,,,,,,0.7257,CRITICAL,,2,,t3571_0,0.41,NORMAL,OFFLOAD,CRITICAL: non-critical task offloaded (priority=NORMAL),
1771436122.173,0.1,74.51,4.7288,1.182,41.6,4,24926.929,-23.41480,0.05414,0.6340,1.0000,0.5510,1.0000,0.5414,0.3510,0.7221,CRITICAL,False,2,0,,,,,,
1771436122.173,0.1,,,,,,,,,,,,,,,0.7221,CRITICAL,,2,,t3572_0,0.52,HIGH,OFFLOAD,CRITICAL: non-critical task offloaded (priority=HIGH),
1771436122.173,0.1,74.91,4.7742,1.144,38.9,4,81119.582,-40.47692,0.05419,0.6608,1.0000,0.3444,1.0000,0.5419,0.3321,0.6947,CRITICAL,False,2,0,,,,,,
1771436122.173,0.1,74.29,4.7826,1.109,36.4,4,47707.510,-46.14875,0.05500,0.6196,1.0000,0.3064,1.0000,0.5500,0.3146,0.6821,CRITICAL,False,2,0,,,,,,
1771436122.173,0.1,,,,,,,,,,,,,,,0.6821,CRITICAL,,2,,t3574_0,0.75,NORMAL,OFFLOAD,CRITICAL: non-critical task offloaded (priority=NORMAL),
1771436122.173,0.1,74.05,4.7738,1.076,34.0,3,,,0.05454,0.6034,0.0000,0.3463,0.0000,0.5454,0.2832,0.2286,WARNING,False,2,0,,,,,,
1771436122.173,0.1,,,,,,,,,,,,,,,0.2286,WARNING,,2,,t3575_0,0.65,LOW,OFFLOAD,WARNING: heavy task offloaded (weight=0.65 >= 0.3),
1771436122.173,0.1,74.65,4.7457,1.046,31.9,3,,,0.05451,0.6430,0.0000,0.4740,0.0000,0.5451,0.2680,0.2469,WARNING,False,2,0,,,,,,
1771436122.173,0.1,,,,,,,,,,,,,,,0.2469,WARNING,,2,,t3576_0,0.38,LOW,OFFLOAD,WARNING: heavy task offloaded (weight=0.38 >= 0.3),
1771436122.173,0.1,74.25,4.7681,1.018,29.8,3,,,0.05094,0.6165,0.0000,0.3721,0.0000,0.5094,0.2539,0.2241,WARNING,False,2,0,,,,,,
1771436122.173,0.1,,,,,,,,,,,,,,,0.2241,WARNING,,2,,t3577_0,0.53,NORMAL,OFFLOAD,WARNING: heavy task offloaded (weight=0.53 >= 0.3),
1771436122.173,0.1,,,,,,,,,,,,,,,0.2241,WARNING,,2,,t3577_1,0.51,NORMAL,OFFLOAD,WARNING: heavy task offloaded (weight=0.51 >= 0.3),
1771436122.173,0.1,73.42,4.7940,0.991,28.0,3,,,0.04667,0.5614,0.0000,0.2544,0.0000,0.4667,0.2407,0.1953,WARNING,False,2,0,,,,,,
1771436122.173,0.1,,,,,,,,,,,,,,,0.1953,WARNING,,1,,t3578_0,0.26,NORMAL,LOCAL,WARNING: lightweight task permitted (weight=0.26 < 0.3),
1771436122.173,0.1,73.39,4.7714,1.022,30.1,3,,,0.04753,0.5591,0.0000,0.3573,0.0000,0.4753,0.2558,0.2122,WARNING,False,1,1,,,,,,
1771436122.173,0.1,,,,,,,,,,,,,,,0.2122,WARNING,,0,,t3579_0,0.24,LOW,LOCAL,WARNING: lightweight task permitted (weight=0.24 < 0.3),
1771436122.173,0.1,,,,,,,,,,,,,,,0.2122,WARNING,,0,,t3579_1,0.52,NORMAL,OFFLOAD,WARNING: heavy task offloaded (weight=0.52 >= 0.3),
1771436122.173,0.1,73.34,4.7900,1.044,31.7,3,,,0.03178,0.5557,0.0000,0.2727,0.0000,0.3178,0.2671,0.1873,WARNING,False,0,2,,,,,,
1771436122.173,0.1,72.73,4.8010,1.016,29.7,3,,,0.02756,0.5153,0.0000,0.2228,0.0000,0.2756,0.2530,0.1690,SAFE,False,0,2,,,,,,
1771436122.173,0.1,,,,,,,,,,,,,,,0.1690,SAFE,,0,,t3581_0,0.61,HIGH,OFFLOAD,"Budget exhausted (B=0), offloading. Original: SAFE: all tasks permitted (weight=0.61)",
1771436122.173,0.1,73.01,4.8259,0.990,27.9,3,,,0.02599,0.5337,0.0000,0.1096,0.0000,0.2599,0.2400,0.1523,SAFE,False,0,2,,,,,,
1771436122.173,0.1,72.91,4.8041,0.966,26.1,2,,,0.02502,0.5273,0.0000,0.2087,0.0000,0.2502,0.2128,0.1580,SAFE,False,0,2,,,,,,
1771436122.173,0.1,,,,,,,,,,,,,,,0.1580,SAFE,,0,,t3583_0,0.33,HIGH,OFFLOAD,"Budget exhausted (B=0), offloading. Original: SAFE: all tasks permitted (weight=0.33)",
1771436122.173,0.1,72.32,4.8143,0.943,24.5,2,,,0.02134,0.4880,0.0000,0.1622,0.0000,0.2134,0.2015,0.1413,SAFE,False,8,0,,,,,,window_reset|B=8
1771436122.173,0.1,,,,,,,,,,,,,,,0.1413,SAFE,,7,,t3584_0,0.64,LOW,LOCAL,SAFE: all tasks permitted (weight=0.64),
1771436122.173,0.1,72.17,4.7839,1.055,32.5,3,,,0.02102,0.4782,0.0000,0.3006,0.0000,0.2102,0.2723,0.1719,SAFE,False,7,1,,,,,,
1771436122.173,0.1,72.28,4.8023,1.026,30.4,3,,,0.02130,0.4853,0.0000,0.2169,0.0000,0.2130,0.2578,0.1593,SAFE,False,7,1,,,,,,
1771436122.173,0.1,,,,,,,,,,,,,,,0.1593,SAFE,,6,,t3586_0,0.84,HIGH,LOCAL,SAFE: all tasks permitted (weight=0.84),
1771436122.173,0.1,,,,,,,,,,,,,,,0.1593,SAFE,,5,,t3586_1,0.42,LOW,LOCAL,SAFE: all tasks permitted (weight=0.42),
1771436122.173,0.1,72.64,4.7090,1.259,47.1,5,,,0.03073,0.5095,0.0000,0.6408,0.0000,0.3073,0.4044,0.2561,WARNING,False,5,3,,,,,,
1771436122.173,0.1,,,,,,,,,,,,,,,0.2561,WARNING,,5,,t3587_0,0.47,LOW,OFFLOAD,WARNING: heavy task offloaded (weight=0.47 >= 0.3),
1771436122.173,0.1,72.39,4.7598,1.216,44.0,5,,,0.02949,0.4926,0.0000,0.4101,0.0000,0.2949,0.3829,0.2185,WARNING,False,5,3,,,,,,
1771436122.173,0.1,,,,,,,,,,,,,,,0.2185,WARNING,,4,,t3588_0,0.24,NORMAL,LOCAL,WARNING: lightweight task permitted (weight=0.24 < 0.3),
1771436122.173,0.1,72.54,4.7171,1.224,44.6,5,,,0.03485,0.5025,0.0000,0.6040,0.0000,0.3485,0.3872,0.2511,WARNING,False,4,4,,,,,,
1771436122.173,0.1,73.26,4.7371,1.184,41.7,4,,,0.03659,0.5507,0.0000,0.5130,0.0000,0.3659,0.3518,0.2397,WARNING,False,4,4,,,,,,
1771436122.173,0.1,,,,,,,,,,,,,,,0.2397,WARNING,,4,,t3590_0,0.75,NORMAL,OFFLOAD,WARNING: heavy task offloaded (weight=0.75 >= 0.3),
1771436122.173,0.1,73.67,4.7243,1.146,39.0,4,,,0.03933,0.5778,0.0000,0.5714,0.0000,0.3933,0.3329,0.2495,WARNING,False,4,4,,,,,,
1771436122.173,0.1,,,,,,,,,,,,,,,0.2495,WARNING,,4,,t3591_0,0.48,NORMAL,OFFLOAD,WARNING: heavy task offloaded (weight=0.48 >= 0.3),
1771436122.173,0.1,72.37,4.7675,1.111,36.5,4,,,0.03898,0.4915,0.0000,0.3751,0.0000,0.3898,0.3153,0.2098,WARNING,False,4,4,,,,,,
1771436122.174,0.1,72.63,4.7405,1.078,34.1,3,27303.374,-43.33262,0.03862,0.5085,1.0000,0.4975,1.0000,0.3862,0.2839,0.6711,CRITICAL,False,4,4,,,,,,
1771436122.174,0.1,,,,,,,,,,,,,,,0.6711,CRITICAL,,4,,t3593_0,0.82,NORMAL,OFFLOAD,CRITICAL: non-critical task offloaded (priority=NORMAL),
1771436122.174,0.1,73.11,4.7924,1.047,31.9,3,50106.883,-9.90494,0.03522,0.5410,1.0000,0.2619,1.0000,0.3522,0.2686,0.6379,CRITICAL,False,4,4,,,,,,
1771436122.174,0.1,,,,,,,,,,,,,,,0.6379,CRITICAL,,4,,t3594_0,0.29,HIGH,OFFLOAD,CRITICAL: non-critical task offloaded (priority=HIGH),
1771436122.174,0.1,72.25,4.7564,1.019,29.9,3,-23250.449,47.34056,0.03294,0.4836,0.0000,0.4257,0.0000,0.3294,0.2544,0.1972,WARNING,False,4,4,,,,,,
1771436122.174,0.1,,,,,,,,,,,,,,,0.1972,WARNING,,4,,t3595_0,0.78,LOW,OFFLOAD,WARNING: heavy task offloaded (weight=0.78 >= 0.3),
1771436122.174,0.1,71.58,4.8186,0.992,28.0,3,-48677.430,58.86126,0.03356,0.4385,0.0000,0.1426,0.0000,0.3356,0.2412,0.1530,SAFE,False,4,4,,,,,,
1771436122.174,0.1,71.76,4.8049,0.968,26.3,2,-46878.923,87.76819,0.03531,0.4504,0.0000,0.2051,0.0000,0.3531,0.2140,0.1588,SAFE,False,4,4,,,,,,
1771436122.174,0.1,,,,,,,,,,,,,,,0.1588,SAFE,,3,,t3597_0,0.75,HIGH,LOCAL,SAFE: all tasks permitted (weight=0.75),
1771436122.174,0.1,70.97,4.7547,1.100,35.7,4,-137272.430,17.56435,0.03303,0.3982,0.0000,0.4332,0.0000,0.3303,0.3102,0.1992,SAFE,False,3,5,,,,,,
1771436122.174,0.1,,,,,,,,,,,,,,,0.1992,SAFE,,2,,t3598_0,0.74,HIGH,LOCAL,SAFE: all tasks permitted (weight=0.74),
1771436122.174,0.1,71.94,4.7307,1.223,44.5,5,-103432.035,6.45170,0.03089,0.4629,0.0000,0.5421,0.0000,0.3089,0.3866,0.2342,SAFE,False,7,0,,,,,,window_reset|B=7
1771436122.174,0.1,,,,,,,,,,,,,,,0.2342,SAFE,,6,,t3599_0,0.64,LOW,LOCAL,SAFE: all tasks permitted (weight=0.64),
1771436122.174,0.1,,,,,,,,,,,,,,,0.2342,SAFE,,5,,t3599_1,0.56,HIGH,LOCAL,SAFE: all tasks permitted (weight=0.56),
