timestamp,elapsed_sec,temperature,voltage,current,cpu_percent,queue_depth,dT_dt,dV_dt,sigma_V,x1_thermal_prox,x2_thermal_vel,x3_voltage_sag,x4_voltage_drop,x5_voltage_instab,x6_load_pressure,risk_score,device_state,is_cold_start,budget_remaining,tasks_this_window,task_id,task_weight,task_priority,decision,reason,event
1771435998.055,0.0,35.00,4.9088,0.642,3.0,0,,,,0.0000,0.0000,0.0000,0.0000,0.0000,0.0210,0.0042,SAFE,True,10,0,,,,,,
1771435998.055,0.0,,,,,,,,,,,,,,,0.0042,SAFE,,10,,t0_0,0.27,HIGH,LOCAL,SAFE: all tasks permitted (weight=0.27),
1771435998.055,0.0,35.19,4.9237,0.656,4.0,0,,,0.00749,0.0000,0.0000,0.0000,0.0000,0.0749,0.0281,0.0131,SAFE,True,10,0,,,,,,
1771435998.055,0.0,35.26,4.9004,0.655,3.9,0,,,0.00965,0.0000,0.0000,0.0000,0.0000,0.0965,0.0276,0.0152,SAFE,True,10,0,,,,,,
1771435998.055,0.0,,,,,,,,,,,,,,,0.0152,SAFE,,10,,t2_0,0.68,LOW,LOCAL,SAFE: all tasks permitted (weight=0.68),
1771435998.055,0.0,35.46,4.8950,0.690,6.4,0,,,0.01085,0.0000,0.0000,0.0000,0.0000,0.1085,0.0448,0.0198,SAFE,True,10,0,,,,,,
1771435998.055,0.0,35.53,4.8956,0.686,6.2,0,,,0.01072,0.0000,0.0000,0.0000,0.0000,0.1072,0.0431,0.0193,SAFE,True,10,0,,,,,,
1771435998.055,0.0,35.21,4.8925,0.683,5.9,0,,,0.01080,0.0000,0.0000,0.0000,0.0000,0.1080,0.0416,0.0191,SAFE,True,10,0,,,,,,
1771435998.055,0.0,35.50,4.8945,0.680,5.7,0,,,0.01040,0.0000,0.0000,0.0000,0.0000,0.1040,0.0401,0.0184,SAFE,True,10,0,,,,,,
1771435998.055,0.0,35.47,4.8854,0.678,5.5,0,,,0.01110,0.0000,0.0000,0.0000,0.0000,0.1110,0.0388,0.0189,SAFE,True,10,0,,,,,,
1771435998.055,0.0,35.88,4.8941,0.675,5.4,0,87538.485,-24.28487,0.01060,0.0000,0.0000,0.0000,0.0000,0.1060,0.0376,0.0181,SAFE,True,10,0,,,,,,
1771435998.055,0.0,36.16,4.9125,0.673,5.2,0,96567.614,-18.64335,0.01085,0.0000,0.0000,0.0000,0.0000,0.1085,0.0364,0.0181,SAFE,True,10,0,,,,,,
1771435998.055,0.0,35.91,4.8794,0.671,5.0,0,,,0.01195,0.0000,0.0000,0.0000,0.0000,0.1195,0.0353,0.0190,SAFE,True,10,0,,,,,,
1771435998.055,0.0,36.08,4.8969,0.669,4.9,0,,,0.01145,0.0000,0.0000,0.0000,0.0000,0.1145,0.0343,0.0183,SAFE,True,10,0,,,,,,
1771435998.055,0.0,,,,,,,,,,,,,,,0.0183,SAFE,,10,,t11_0,0.44,HIGH,LOCAL,SAFE: all tasks permitted (weight=0.44),
1771435998.055,0.0,36.06,4.8768,0.690,6.4,0,,,0.01236,0.0000,0.0000,0.0000,0.0000,0.1236,0.0450,0.0214,SAFE,True,10,0,,,,,,
1771435998.055,0.0,35.51,4.8840,0.687,6.2,0,,,0.00932,0.0000,0.0000,0.0000,0.0000,0.0932,0.0434,0.0180,SAFE,True,10,0,,,,,,
1771435998.055,0.0,36.02,4.9055,0.684,6.0,0,,,0.00979,0.0000,0.0000,0.0000,0.0000,0.0979,0.0418,0.0181,SAFE,True,10,0,,,,,,window_reset|B=10
1771435998.056,0.0,36.06,4.9020,0.681,5.8,0,70081.503,32.89046,0.01011,0.0000,0.0000,0.0000,0.0000,0.1011,0.0403,0.0182,SAFE,True,10,0,,,,,,
1771435998.056,0.0,35.91,4.8873,0.678,5.6,0,3163.181,-13.40598,0.01021,0.0000,0.0000,0.0000,0.0000,0.1021,0.0390,0.0180,SAFE,True,10,0,,,,,,
1771435998.056,0.0,36.21,4.9071,0.675,5.4,0,5594.169,-10.56918,0.01097,0.0000,0.0000,0.0000,0.0000,0.1097,0.0377,0.0185,SAFE,True,10,0,,,,,,
1771435998.056,0.0,35.94,4.8839,0.673,5.2,0,4472.243,8.94574,0.01130,0.0000,0.0000,0.0000,0.0000,0.1130,0.0365,0.0186,SAFE,True,10,0,,,,,,
1771435998.056,0.0,36.21,4.8908,0.671,5.1,0,15525.600,-12.15647,0.01110,0.0000,0.0000,0.0000,0.0000,0.1110,0.0355,0.0182,SAFE,True,10,0,,,,,,
1771435998.056,0.0,36.69,4.8980,0.669,4.9,0,75361.534,41.73311,0.01117,0.0000,0.0000,0.0000,0.0000,0.1117,0.0344,0.0181,SAFE,True,10,0,,,,,,
1771435998.056,0.0,36.07,4.8771,0.667,4.8,0,66089.362,-13.68660,0.01047,0.0000,0.0000,0.0000,0.0000,0.1047,0.0335,0.0172,SAFE,True,10,0,,,,,,
1771435998.056,0.0,,,,,,,,,,,,,,,0.0172,SAFE,,10,,t21_0,0.59,NORMAL,LOCAL,SAFE: all tasks permitted (weight=0.59),
1771435998.056,0.0,36.37,4.8943,0.696,6.9,0,41697.019,-22.23368,0.00992,0.0000,0.0000,0.0000,0.0000,0.0992,0.0481,0.0195,SAFE,True,10,0,,,,,,
1771435998.056,0.0,36.40,4.9014,0.692,6.6,0,,,0.01018,0.0000,0.0000,0.0000,0.0000,0.1018,0.0462,0.0194,SAFE,True,10,0,,,,,,
1771435998.056,0.0,36.66,4.8854,0.689,6.3,0,,,0.00934,0.0000,0.0000,0.0000,0.0000,0.0934,0.0444,0.0182,SAFE,True,10,0,,,,,,
1771435998.056,0.0,36.00,4.9120,0.686,6.1,0,,,0.01024,0.0000,0.0000,0.0000,0.0000,0.1024,0.0428,0.0188,SAFE,True,10,0,,,,,,
1771435998.056,0.0,36.54,4.9054,0.683,5.9,0,,,0.01023,0.0000,0.0000,0.0000,0.0000,0.1023,0.0413,0.0185,SAFE,True,10,0,,,,,,
1771435998.056,0.0,36.57,4.9136,0.680,5.7,0,,,0.01130,0.0000,0.0000,0.0000,0.0000,0.1130,0.0399,0.0193,SAFE,True,10,0,,,,,,
1771435998.056,0.0,36.47,4.9026,0.677,5.5,0,,,0.01107,0.0000,0.0000,0.0000,0.0000,0.1107,0.0385,0.0188,SAFE,True,10,0,,,,,,
1771435998.056,0.0,36.54,4.8974,0.675,5.3,0,,,0.01069,0.0000,0.0000,0.0000,0.0000,0.1069,0.0373,0.0182,SAFE,True,10,0,,,,,,window_reset|B=10
1771435998.056,0.0,37.02,4.9099,0.672,5.2,0,,,0.01049,0.0000,0.0000,0.0000,0.0000,0.1049,0.0362,0.0177,SAFE,True,10,0,,,,,,
1771435998.056,0.0,36.62,4.9013,0.670,5.0,0,,,0.01020,0.0000,0.0000,0.0000,0.0000,0.1020,0.0351,0.0172,SAFE,True,10,0,,,,,,
1771435998.056,0.0,37.11,4.8992,0.668,4.9,0,,,0.01019,0.0000,0.0000,0.0000,0.0000,0.1019,0.0341,0.0170,SAFE,True,10,0,,,,,,
1771435998.056,0.0,36.79,4.8986,0.666,4.7,0,,,0.00756,0.0000,0.0000,0.0000,0.0000,0.0756,0.0332,0.0142,SAFE,True,10,0,,,,,,
1771435998.056,0.0,36.62,4.8860,0.665,4.6,0,,,0.00852,0.0000,0.0000,0.0000,0.0000,0.0852,0.0323,0.0150,SAFE,True,10,0,,,,,,
1771435998.056,0.0,,,,,,,,,,,,,,,0.0150,SAFE,,10,,t34_0,0.26,CRITICAL,LOCAL,SAFE: all tasks permitted (weight=0.26),
1771435998.056,0.0,36.71,4.8919,0.677,5.5,0,,,0.00889,0.0000,0.0000,0.0000,0.0000,0.0889,0.0383,0.0166,SAFE,True,10,0,,,,,,
1771435998.056,0.0,36.12,4.9069,0.674,5.3,0,,,0.00781,0.0000,0.0000,0.0000,0.0000,0.0781,0.0371,0.0152,SAFE,True,10,0,,,,,,
1771435998.056,0.0,,,,,,,,,,,,,,,0.0152,SAFE,,10,,t36_0,0.44,HIGH,LOCAL,SAFE: all tasks permitted (weight=0.44),
1771435998.056,0.0,36.85,4.9074,0.696,6.8,0,,,0.00741,0.0000,0.0000,0.0000,0.0000,0.0741,0.0478,0.0170,SAFE,True,10,0,,,,,,
1771435998.056,0.0,37.44,4.8787,0.692,6.6,0,,,0.00964,0.0000,0.0000,0.0000,0.0000,0.0964,0.0459,0.0188,SAFE,True,10,0,,,,,,
1771435998.056,0.0,36.69,4.8793,0.688,6.3,0,,,0.01009,0.0000,0.0000,0.0000,0.0000,0.1009,0.0441,0.0189,SAFE,True,10,0,,,,,,
1771435998.056,0.0,,,,,,,,,,,,,,,0.0189,SAFE,,10,,t39_0,0.48,HIGH,LOCAL,SAFE: all tasks permitted (weight=0.48),
1771435998.056,0.0,37.05,4.8698,0.710,7.9,0,,,0.01229,0.0000,0.0000,0.0000,0.0000,0.1229,0.0552,0.0233,SAFE,True,10,0,,,,,,
1771435998.056,0.0,,,,,,,,,,,,,,,0.0233,SAFE,,10,,t40_0,0.83,LOW,LOCAL,SAFE: all tasks permitted (weight=0.83),
1771435998.056,0.0,37.11,4.8749,0.750,10.7,0,,,0.01329,0.0000,0.0000,0.0000,0.0000,0.1329,0.0749,0.0283,SAFE,True,10,0,,,,,,
1771435998.056,0.0,37.89,4.8813,0.742,10.2,0,,,0.01240,0.0000,0.0000,0.0000,0.0000,0.1240,0.0711,0.0266,SAFE,True,10,0,,,,,,
1771435998.056,0.0,37.41,4.8690,0.735,9.7,0,,,0.01305,0.0000,0.0000,0.0000,0.0000,0.1305,0.0676,0.0266,SAFE,True,10,0,,,,,,
1771435998.056,0.0,37.88,4.8577,0.729,9.2,0,,,0.01472,0.0000,0.0000,0.0000,0.0000,0.1472,0.0643,0.0276,SAFE,True,10,0,,,,,,window_reset|B=10
1771435998.056,0.0,37.30,4.8832,0.723,8.8,0,,,0.01401,0.0000,0.0000,0.0000,0.0000,0.1401,0.0613,0.0263,SAFE,True,10,0,,,,,,
1771435998.056,0.0,37.48,4.8777,0.717,8.4,0,,,0.01400,0.0000,0.0000,0.0000,0.0000,0.1400,0.0585,0.0257,SAFE,True,10,0,,,,,,
1771435998.056,0.0,37.29,4.8830,0.712,8.0,0,,,0.01366,0.0000,0.0000,0.0000,0.0000,0.1366,0.0559,0.0248,SAFE,True,10,0,,,,,,
1771435998.056,0.0,37.37,4.8922,0.707,7.6,0,,,0.01180,0.0000,0.0000,0.0000,0.0000,0.1180,0.0534,0.0225,SAFE,True,10,0,,,,,,
1771435998.056,0.0,37.56,4.8804,0.702,7.3,0,,,0.00835,0.0000,0.0000,0.0000,0.0000,0.0835,0.0511,0.0186,SAFE,True,10,0,,,,,,
1771435998.056,0.0,38.05,4.8898,0.698,7.0,0,,,0.00904,0.0000,0.0000,0.0000,0.0000,0.0904,0.0490,0.0188,SAFE,True,10,0,,,,,,
1771435998.056,0.0,37.48,4.8910,0.694,6.7,0,,,0.00971,0.0000,0.0000,0.0000,0.0000,0.0971,0.0471,0.0191,SAFE,True,10,0,,,,,,
1771435998.056,0.0,37.44,4.9079,0.690,6.5,0,,,0.01207,0.0000,0.0000,0.0000,0.0000,0.1207,0.0452,0.0211,SAFE,True,10,0,,,,,,
1771435998.056,0.0,37.69,4.8991,0.687,6.2,0,,,0.01266,0.0000,0.0000,0.0000,0.0000,0.1266,0.0435,0.0214,SAFE,True,10,0,,,,,,
1771435998.057,0.0,37.76,4.9233,0.684,6.0,0,16682.263,45.34036,0.01654,0.0000,0.0000,0.0000,0.0000,0.1654,0.0420,0.0249,SAFE,True,10,0,,,,,,
1771435998.057,0.0,37.88,4.9004,0.681,5.8,0,35429.235,17.25578,0.01582,0.0000,0.0000,0.0000,0.0000,0.1582,0.0405,0.0239,SAFE,True,10,0,,,,,,
1771435998.057,0.0,37.72,4.9034,0.678,5.6,0,21082.345,11.11770,0.01266,0.0000,0.0000,0.0000,0.0000,0.1266,0.0391,0.0205,SAFE,True,10,0,,,,,,
1771435998.057,0.0,,,,,,,,,,,,,,,0.0205,SAFE,,10,,t56_0,0.59,NORMAL,LOCAL,SAFE: all tasks permitted (weight=0.59),
1771435998.057,0.0,37.42,4.8815,0.707,7.7,0,-8662.239,1.06223,0.01279,0.0000,0.0000,0.0000,0.0000,0.1279,0.0537,0.0235,SAFE,True,10,0,,,,,,
1771435998.057,0.0,37.82,4.8808,0.703,7.3,0,-13658.807,-8.92778,0.01249,0.0000,0.0000,0.0000,0.0000,0.1249,0.0514,0.0228,SAFE,True,10,0,,,,,,
1771435998.057,0.0,37.49,4.8962,0.698,7.0,0,167.637,5.19812,0.01201,0.0000,0.0000,0.0000,0.0000,0.1201,0.0492,0.0219,SAFE,True,10,0,,,,,,window_reset|B=10
1771435998.057,0.0,37.73,4.8719,0.695,6.8,0,17225.782,-35.80673,0.01367,0.0000,0.0000,0.0000,0.0000,0.1367,0.0473,0.0231,SAFE,True,10,0,,,,,,
1771435998.057,0.0,38.05,4.9002,0.691,6.5,0,21723.203,1.06623,0.01314,0.0000,0.0000,0.0000,0.0000,0.1314,0.0454,0.0222,SAFE,True,10,0,,,,,,
1771435998.057,0.0,37.96,4.8862,0.687,6.2,0,,,0.01330,0.0000,0.0000,0.0000,0.0000,0.1330,0.0437,0.0220,SAFE,True,10,0,,,,,,
1771435998.057,0.0,37.52,4.8990,0.684,6.0,0,,,0.01327,0.0000,0.0000,0.0000,0.0000,0.1327,0.0421,0.0217,SAFE,True,10,0,,,,,,
1771435998.057,0.0,37.82,4.9255,0.681,5.8,0,,,0.01533,0.0000,0.0000,0.0000,0.0000,0.1533,0.0406,0.0235,SAFE,True,10,0,,,,,,
1771435998.057,0.0,,,,,,,,,,,,,,,0.0235,SAFE,,10,,t64_0,0.79,NORMAL,LOCAL,SAFE: all tasks permitted (weight=0.79),
1771435998.057,0.0,38.11,4.8711,0.721,8.7,0,,,0.01693,0.0000,0.0000,0.0000,0.0000,0.1693,0.0606,0.0290,SAFE,True,10,0,,,,,,
1771435998.057,0.0,38.48,4.8849,0.716,8.3,0,,,0.01476,0.0000,0.0000,0.0000,0.0000,0.1476,0.0578,0.0263,SAFE,True,10,0,,,,,,
1771435998.057,0.0,38.46,4.8750,0.710,7.9,0,,,0.01518,0.0000,0.0000,0.0000,0.0000,0.1518,0.0552,0.0262,SAFE,True,10,0,,,,,,
1771435998.057,0.0,,,,,,,,,,,,,,,0.0262,SAFE,,10,,t67_0,0.42,NORMAL,LOCAL,SAFE: all tasks permitted (weight=0.42),
1771435998.057,0.0,37.78,4.8822,0.729,9.2,0,,,0.01471,0.0000,0.0000,0.0000,0.0000,0.1471,0.0643,0.0276,SAFE,True,10,0,,,,,,
1771435998.057,0.0,38.30,4.8881,0.722,8.7,0,,,0.01458,0.0000,0.0000,0.0000,0.0000,0.1458,0.0612,0.0268,SAFE,True,10,0,,,,,,
1771435998.057,0.0,38.01,4.9090,0.717,8.3,0,,,0.01541,0.0000,0.0000,0.0000,0.0000,0.1541,0.0584,0.0271,SAFE,True,10,0,,,,,,
1771435998.057,0.0,37.42,4.9029,0.712,8.0,0,,,0.01571,0.0000,0.0000,0.0000,0.0000,0.1571,0.0558,0.0269,SAFE,True,10,0,,,,,,
1771435998.057,0.0,37.66,4.8808,0.707,7.6,0,,,0.01497,0.0000,0.0000,0.0000,0.0000,0.1497,0.0534,0.0256,SAFE,True,10,0,,,,,,
1771435998.057,0.0,37.90,4.9232,0.702,7.3,0,,,0.01719,0.0000,0.0000,0.0000,0.0000,0.1719,0.0511,0.0274,SAFE,True,10,0,,,,,,
1771435998.057,0.0,37.66,4.8854,0.698,7.0,0,,,0.01723,0.0000,0.0000,0.0000,0.0000,0.1723,0.0490,0.0270,SAFE,True,10,0,,,,,,window_reset|B=10
1771435998.057,0.0,37.84,4.8837,0.694,6.7,0,,,0.01737,0.0000,0.0000,0.0000,0.0000,0.1737,0.0470,0.0268,SAFE,True,10,0,,,,,,
1771435998.057,0.0,,,,,,,,,,,,,,,0.0268,SAFE,,10,,t75_0,0.25,NORMAL,LOCAL,SAFE: all tasks permitted (weight=0.25),
1771435998.057,0.0,38.58,4.9175,0.704,7.4,0,,,0.01622,0.0000,0.0000,0.0000,0.0000,0.1622,0.0520,0.0266,SAFE,True,10,0,,,,,,
1771435998.057,0.0,38.33,4.9072,0.700,7.1,0,,,0.01539,0.0000,0.0000,0.0000,0.0000,0.1539,0.0498,0.0254,SAFE,True,10,0,,,,,,
1771435998.057,0.0,38.20,4.8983,0.696,6.8,0,,,0.01510,0.0000,0.0000,0.0000,0.0000,0.1510,0.0478,0.0247,SAFE,True,10,0,,,,,,
1771435998.057,0.0,38.19,4.9104,0.692,6.6,0,,,0.01412,0.0000,0.0000,0.0000,0.0000,0.1412,0.0459,0.0233,SAFE,True,10,0,,,,,,
1771435998.057,0.0,37.84,4.9023,0.688,6.3,0,,,0.01318,0.0000,0.0000,0.0000,0.0000,0.1318,0.0442,0.0220,SAFE,True,10,0,,,,,,
1771435998.057,0.0,38.37,4.8910,0.685,6.1,0,,,0.01297,0.0000,0.0000,0.0000,0.0000,0.1297,0.0426,0.0215,SAFE,True,10,0,,,,,,
1771435998.058,0.0,38.19,4.9085,0.682,5.9,0,32132.612,23.10887,0.01294,0.0000,0.0000,0.0000,0.0000,0.1294,0.0411,0.0212,SAFE,True,10,0,,,,,,
1771435998.058,0.0,38.08,4.9073,0.679,5.7,0,14518.945,23.61963,0.01306,0.0000,0.0000,0.0000,0.0000,0.1306,0.0397,0.0210,SAFE,True,10,0,,,,,,
1771435998.058,0.0,,,,,,,,,,,,,,,0.0210,SAFE,,10,,t83_0,0.76,HIGH,LOCAL,SAFE: all tasks permitted (weight=0.76),
1771435998.058,0.0,38.49,4.8918,0.718,8.4,0,-5418.332,-25.73265,0.01193,0.0000,0.0000,0.0000,0.0000,0.1193,0.0590,0.0237,SAFE,True,10,0,,,,,,
1771435998.058,0.0,38.34,4.8862,0.713,8.0,0,152.305,-21.05815,0.01084,0.0000,0.0000,0.0000,0.0000,0.1084,0.0563,0.0221,SAFE,True,10,0,,,,,,
1771435998.058,0.0,,,,,,,,,,,,,,,0.0221,SAFE,,10,,t85_0,0.38,NORMAL,LOCAL,SAFE: all tasks permitted (weight=0.38),
1771435998.058,0.0,38.19,4.9139,0.728,9.2,0,-198.133,15.58801,0.01069,0.0000,0.0000,0.0000,0.0000,0.1069,0.0641,0.0235,SAFE,True,10,0,,,,,,
1771435998.058,0.0,38.50,4.8748,0.722,8.7,0,18424.007,-35.67056,0.01212,0.0000,0.0000,0.0000,0.0000,0.1212,0.0611,0.0243,SAFE,True,10,0,,,,,,
1771435998.058,0.0,38.55,4.8663,0.716,8.3,0,42994.766,-36.00935,0.01429,0.0000,0.0000,0.0000,0.0000,0.1429,0.0582,0.0259,SAFE,True,10,0,,,,,,
1771435998.058,0.0,38.77,4.8846,0.711,7.9,0,24486.606,-6.39306,0.01424,0.0000,0.0000,0.0000,0.0000,0.1424,0.0556,0.0254,SAFE,True,10,0,,,,,,window_reset|B=10
1771435998.058,0.0,38.46,4.8776,0.706,7.6,0,,,0.01493,0.0000,0.0000,0.0000,0.0000,0.1493,0.0532,0.0256,SAFE,True,10,0,,,,,,
1771435998.058,0.0,38.51,4.8865,0.702,7.3,0,,,0.01403,0.0000,0.0000,0.0000,0.0000,0.1403,0.0510,0.0242,SAFE,True,10,0,,,,,,
1771435998.058,0.0,,,,,,,,,,,,,,,0.0242,SAFE,,10,,t91_0,0.23,LOW,LOCAL,SAFE: all tasks permitted (weight=0.23),
1771435998.058,0.0,38.68,4.8977,0.710,7.9,0,,,0.01377,0.0000,0.0000,0.0000,0.0000,0.1377,0.0551,0.0248,SAFE,True,10,0,,,,,,
1771435998.058,0.0,38.01,4.8754,0.705,7.5,0,,,0.01439,0.0000,0.0000,0.0000,0.0000,0.1439,0.0527,0.0249,SAFE,True,10,0,,,,,,
1771435998.058,0.0,38.24,4.8816,0.701,7.2,0,,,0.01326,0.0000,0.0000,0.0000,0.0000,0.1326,0.0505,0.0234,SAFE,True,10,0,,,,,,
1771435998.058,0.0,38.88,4.8763,0.697,6.9,0,,,0.01202,0.0000,0.0000,0.0000,0.0000,0.1202,0.0484,0.0217,SAFE,True,10,0,,,,,,
1771435998.058,0.0,38.18,4.7720,0.693,6.6,0,,,0.03306,0.0000,0.0000,0.3545,0.0000,0.3306,0.0465,0.0884,CRITICAL,True,10,0,,,,,,
1771435998.058,0.0,38.24,4.8831,0.689,6.4,0,,,0.03298,0.0000,0.0000,0.0000,0.0000,0.3298,0.0447,0.0419,SAFE,True,10,0,,,,,,
1771435998.058,0.0,38.08,4.8895,0.686,6.1,0,,,0.03116,0.0000,0.0000,0.0000,0.0000,0.3116,0.0430,0.0398,SAFE,True,10,0,,,,,,
1771435998.058,0.0,38.92,4.9074,0.683,5.9,0,,,0.03267,0.0000,0.0000,0.0000,0.0000,0.3267,0.0415,0.0410,SAFE,True,10,0,,,,,,
1771435998.058,0.0,37.81,4.8891,0.680,5.7,0,,,0.03278,0.0000,0.0000,0.0000,0.0000,0.3278,0.0401,0.0408,SAFE,True,10,0,,,,,,
1771435998.058,0.0,38.43,4.9021,0.677,5.5,0,,,0.03348,0.0000,0.0000,0.0000,0.0000,0.3348,0.0387,0.0412,SAFE,True,10,0,,,,,,
1771435998.058,0.0,38.75,4.8838,0.675,5.4,0,,,0.03351,0.0000,0.0000,0.0000,0.0000,0.3351,0.0375,0.0410,SAFE,True,10,0,,,,,,
1771435998.058,0.0,,,,,,,,,,,,,,,0.0410,SAFE,,10,,t102_0,0.33,LOW,LOCAL,SAFE: all tasks permitted (weight=0.33),
1771435998.058,0.0,38.48,4.8872,0.691,6.5,0,,,0.03353,0.0000,0.0000,0.0000,0.0000,0.3353,0.0454,0.0426,SAFE,True,10,0,,,,,,
1771435998.058,0.0,38.72,4.9075,0.687,6.2,0,,,0.03409,0.0000,0.0000,0.0000,0.0000,0.3409,0.0437,0.0428,SAFE,True,10,0,,,,,,window_reset|B=10
1771435998.058,0.0,37.95,4.9052,0.684,6.0,0,,,0.03477,0.0000,0.0000,0.0000,0.0000,0.3477,0.0421,0.0432,SAFE,True,10,0,,,,,,
1771435998.058,0.0,38.83,4.8846,0.681,5.8,0,,,0.03478,0.0000,0.0000,0.0000,0.0000,0.3478,0.0406,0.0429,SAFE,True,10,0,,,,,,
1771435998.058,0.0,,,,,,,,,,,,,,,0.0429,SAFE,,10,,t106_0,0.80,LOW,LOCAL,SAFE: all tasks permitted (weight=0.80),
1771435998.058,0.0,38.55,4.8568,0.722,8.7,0,,,0.03547,0.0000,0.0000,0.0000,0.0000,0.3547,0.0612,0.0477,SAFE,True,10,0,,,,,,
1771435998.058,0.0,38.32,4.8721,0.717,8.3,0,,,0.01450,0.0000,0.0000,0.0000,0.0000,0.1450,0.0584,0.0262,SAFE,True,10,0,,,,,,
1771435998.058,0.0,38.56,4.8605,0.712,8.0,0,,,0.01649,0.0000,0.0000,0.0000,0.0000,0.1649,0.0558,0.0276,SAFE,True,10,0,,,,,,
1771435998.058,0.0,38.32,4.9113,0.707,7.6,0,,,0.01779,0.0000,0.0000,0.0000,0.0000,0.1779,0.0533,0.0285,SAFE,True,10,0,,,,,,
1771435998.058,0.0,,,,,,,,,,,,,,,0.0285,SAFE,,10,,t110_0,0.43,NORMAL,LOCAL,SAFE: all tasks permitted (weight=0.43),
1771435998.058,0.0,38.82,4.8629,0.726,9.0,0,,,0.01819,0.0000,0.0000,0.0000,0.0000,0.1819,0.0630,0.0308,SAFE,True,10,0,,,,,,
1771435998.058,0.0,38.57,4.8696,0.720,8.6,0,,,0.01864,0.0000,0.0000,0.0000,0.0000,0.1864,0.0601,0.0306,SAFE,True,10,0,,,,,,
1771435998.058,0.0,,,,,,,,,,,,,,,0.0306,SAFE,,10,,t112_0,0.56,CRITICAL,LOCAL,SAFE: all tasks permitted (weight=0.56),
1771435998.058,0.0,38.55,4.8663,0.746,10.4,0,,,0.01830,0.0000,0.0000,0.0000,0.0000,0.1830,0.0729,0.0329,SAFE,True,10,0,,,,,,
1771435998.058,0.0,,,,,,,,,,,,,,,0.0329,SAFE,,10,,t113_0,0.26,LOW,LOCAL,SAFE: all tasks permitted (weight=0.26),
1771435998.058,0.0,38.64,4.8861,0.753,10.9,0,,,0.01834,0.0000,0.0000,0.0000,0.0000,0.1834,0.0763,0.0336,SAFE,True,10,0,,,,,,
1771435998.058,0.0,38.83,4.8743,0.745,10.3,0,,,0.01832,0.0000,0.0000,0.0000,0.0000,0.1832,0.0724,0.0328,SAFE,True,10,0,,,,,,
1771435998.058,0.0,37.95,4.9020,0.738,9.8,0,,,0.01767,0.0000,0.0000,0.0000,0.0000,0.1767,0.0688,0.0314,SAFE,True,10,0,,,,,,
1771435998.058,0.0,38.81,4.8785,0.731,9.4,0,,,0.01587,0.0000,0.0000,0.0000,0.0000,0.1587,0.0655,0.0290,SAFE,True,10,0,,,,,,
1771435998.058,0.0,,,,,,,,,,,,,,,0.0290,SAFE,,10,,t117_0,0.32,NORMAL,LOCAL,SAFE: all tasks permitted (weight=0.32),
1771435998.058,0.0,39.04,4.9101,0.742,10.2,0,,,0.01825,0.0000,0.0000,0.0000,0.0000,0.1825,0.0712,0.0325,SAFE,True,10,0,,,,,,
1771435998.059,0.0,,,,,,,,,,,,,,,0.0325,SAFE,,10,,t118_0,0.50,NORMAL,LOCAL,SAFE: all tasks permitted (weight=0.50),
1771435998.059,0.0,39.02,4.8816,0.763,11.6,1,12025.775,18.69555,0.01696,0.0000,0.0000,0.0000,0.0000,0.1696,0.0964,0.0362,SAFE,True,10,0,,,,,,window_reset|B=10
1771435998.059,0.0,38.67,4.8919,0.754,11.0,1,5665.690,22.35685,0.01695,0.0000,0.0000,0.0000,0.0000,0.1695,0.0922,0.0354,SAFE,True,10,0,,,,,,
1771435998.059,0.0,38.57,4.8887,0.746,10.5,0,1344.955,22.36399,0.01557,0.0000,0.0000,0.0000,0.0000,0.1557,0.0732,0.0302,SAFE,True,10,0,,,,,,
1771435998.059,0.0,38.90,4.8776,0.739,9.9,0,15274.408,-8.41109,0.01354,0.0000,0.0000,0.0000,0.0000,0.1354,0.0696,0.0275,SAFE,True,10,0,,,,,,
1771435998.059,0.0,,,,,,,,,,,,,,,0.0275,SAFE,,10,,t122_0,0.61,HIGH,LOCAL,SAFE: all tasks permitted (weight=0.61),
1771435998.059,0.0,38.50,4.8647,0.766,11.9,1,-20235.528,-9.59254,0.01333,0.0000,0.0000,0.0000,0.0000,0.1333,0.0981,0.0329,SAFE,True,10,0,,,,,,
1771435998.059,0.0,,,,,,,,,,,,,,,0.0329,SAFE,,10,,t123_0,0.80,CRITICAL,LOCAL,SAFE: all tasks permitted (weight=0.80),
1771435998.059,0.0,38.92,4.8468,0.802,14.4,1,58163.555,-55.22650,0.01633,0.0000,0.0000,0.0145,0.0000,0.1633,0.1160,0.0414,SAFE,True,10,0,,,,,,
1771435998.059,0.0,,,,,,,,,,,,,,,0.0414,SAFE,,10,,t124_0,0.31,NORMAL,LOCAL,SAFE: all tasks permitted (weight=0.31),
1771435998.059,0.0,39.02,4.8456,0.808,14.9,1,13021.602,-32.90086,0.01868,0.0000,0.0000,0.0199,0.0000,0.1868,0.1191,0.0451,SAFE,True,10,0,,,,,,
1771435998.059,0.0,39.52,4.8411,0.796,14.0,1,28730.797,-68.95912,0.02123,0.0000,0.0000,0.0403,0.0000,0.2123,0.1132,0.0491,SAFE,True,10,0,,,,,,
1771435998.059,0.0,39.21,4.8781,0.786,13.3,1,,,0.02124,0.0000,0.0000,0.0000,0.0000,0.2124,0.1078,0.0428,SAFE,True,10,0,,,,,,
1771435998.059,0.0,39.33,4.8749,0.776,12.5,1,,,0.01969,0.0000,0.0000,0.0000,0.0000,0.1969,0.1028,0.0403,SAFE,True,10,0,,,,,,
1771435998.059,0.0,39.84,4.8622,0.766,11.9,1,,,0.01985,0.0000,0.0000,0.0000,0.0000,0.1985,0.0981,0.0395,SAFE,True,10,0,,,,,,
1771435998.059,0.0,39.27,4.8644,0.758,11.3,1,,,0.01622,0.0000,0.0000,0.0000,0.0000,0.1622,0.0938,0.0350,SAFE,True,10,0,,,,,,
1771435998.059,0.0,39.73,4.8750,0.749,10.7,0,,,0.01586,0.0000,0.0000,0.0000,0.0000,0.1586,0.0747,0.0308,SAFE,True,10,0,,,,,,
1771435998.059,0.0,39.12,4.8674,0.742,10.1,0,,,0.01407,0.0000,0.0000,0.0000,0.0000,0.1407,0.0710,0.0283,SAFE,True,10,0,,,,,,
1771435998.059,0.0,39.32,4.8828,0.735,9.6,0,,,0.01334,0.0000,0.0000,0.0000,0.0000,0.1334,0.0675,0.0268,SAFE,True,10,0,,,,,,
1771435998.059,0.0,,,,,,,,,,,,,,,0.0268,SAFE,,10,,t133_0,0.78,NORMAL,LOCAL,SAFE: all tasks permitted (weight=0.78),
1771435998.059,0.0,40.00,4.8534,0.772,12.3,1,,,0.01311,0.0000,0.0000,0.0000,0.0000,0.1311,0.1011,0.0333,SAFE,True,10,0,,,,,,window_reset|B=10
1771435998.059,0.0,39.91,4.8796,0.763,11.6,1,,,0.01390,0.0000,0.0000,0.0000,0.0000,0.1390,0.0965,0.0332,SAFE,True,10,0,,,,,,
1771435998.059,0.0,39.35,4.8966,0.755,11.0,1,,,0.01541,0.0000,0.0000,0.0000,0.0000,0.1541,0.0923,0.0339,SAFE,True,10,0,,,,,,
1771435998.059,0.0,,,,,,,,,,,,,,,0.0339,SAFE,,10,,t136_0,0.23,CRITICAL,LOCAL,SAFE: all tasks permitted (weight=0.23),
1771435998.059,0.0,39.56,4.8634,0.760,11.4,1,,,0.01393,0.0000,0.0000,0.0000,0.0000,0.1393,0.0949,0.0329,SAFE,True,10,0,,,,,,
1771435998.059,0.0,39.90,4.8760,0.751,10.8,0,,,0.01094,0.0000,0.0000,0.0000,0.0000,0.1094,0.0757,0.0261,SAFE,True,10,0,,,,,,
1771435998.059,0.0,39.76,4.8724,0.744,10.3,0,,,0.01082,0.0000,0.0000,0.0000,0.0000,0.1082,0.0719,0.0252,SAFE,True,10,0,,,,,,
1771435998.059,0.0,39.57,4.8721,0.737,9.8,0,,,0.01079,0.0000,0.0000,0.0000,0.0000,0.1079,0.0683,0.0245,SAFE,True,10,0,,,,,,
1771435998.059,0.0,,,,,,,,,,,,,,,0.0245,SAFE,,10,,t140_0,0.21,LOW,LOCAL,SAFE: all tasks permitted (weight=0.21),
1771435998.059,0.0,39.49,4.8776,0.742,10.2,0,,,0.01045,0.0000,0.0000,0.0000,0.0000,0.1045,0.0711,0.0247,SAFE,True,10,0,,,,,,
1771435998.059,0.0,,,,,,,,,,,,,,,0.0247,SAFE,,10,,t141_0,0.54,LOW,LOCAL,SAFE: all tasks permitted (weight=0.54),
1771435998.059,0.0,40.25,4.8714,0.765,11.8,1,,,0.01013,0.0000,0.0000,0.0000,0.0000,0.1013,0.0977,0.0297,SAFE,True,10,0,,,,,,
1771435998.059,0.0,40.02,4.8824,0.757,11.2,1,,,0.01039,0.0000,0.0000,0.0000,0.0000,0.1039,0.0934,0.0291,SAFE,True,10,0,,,,,,
1771435998.059,0.0,40.14,4.8710,0.749,10.6,0,,,0.01023,0.0000,0.0000,0.0000,0.0000,0.1023,0.0744,0.0251,SAFE,True,10,0,,,,,,
1771435998.059,0.0,39.80,4.9050,0.741,10.1,0,,,0.01310,0.0000,0.0000,0.0000,0.0000,0.1310,0.0706,0.0272,SAFE,True,10,0,,,,,,
1771435998.059,0.0,,,,,,,,,,,,,,,0.0272,SAFE,,10,,t145_0,0.66,HIGH,LOCAL,SAFE: all tasks permitted (weight=0.66),
1771435998.059,0.0,39.98,4.8486,0.771,12.2,1,,,0.01385,0.0000,0.0000,0.0063,0.0000,0.1385,0.1007,0.0348,SAFE,True,10,0,,,,,,
1771435998.059,0.0,39.26,4.8508,0.762,11.6,1,,,0.01547,0.0000,0.0000,0.0000,0.0000,0.1547,0.0962,0.0347,SAFE,True,10,0,,,,,,
1771435998.059,0.0,39.52,4.8585,0.754,11.0,0,,,0.01437,0.0000,0.0000,0.0000,0.0000,0.1437,0.0770,0.0298,SAFE,True,10,0,,,,,,
1771435998.059,0.0,,,,,,,,,,,,,,,0.0298,SAFE,,10,,t148_0,0.48,NORMAL,LOCAL,SAFE: all tasks permitted (weight=0.48),
1771435998.059,0.0,40.11,4.8517,0.773,12.4,1,,,0.01521,0.0000,0.0000,0.0000,0.0000,0.1521,0.1016,0.0355,SAFE,True,10,0,,,,,,window_reset|B=10
1771435998.059,0.0,39.94,4.8539,0.764,11.7,1,,,0.01568,0.0000,0.0000,0.0000,0.0000,0.1568,0.0970,0.0351,SAFE,True,10,0,,,,,,
1771435998.059,0.0,39.98,4.8935,0.756,11.1,1,,,0.01719,0.0000,0.0000,0.0000,0.0000,0.1719,0.0928,0.0357,SAFE,True,10,0,,,,,,
1771435998.059,0.0,39.56,4.8734,0.748,10.5,0,,,0.01721,0.0000,0.0000,0.0000,0.0000,0.1721,0.0738,0.0320,SAFE,True,10,0,,,,,,
1771435998.059,0.0,40.20,4.8833,0.740,10.0,0,,,0.01749,0.0000,0.0000,0.0000,0.0000,0.1749,0.0701,0.0315,SAFE,True,10,0,,,,,,
1771435998.059,0.0,,,,,,,,,,,,,,,0.0315,SAFE,,10,,t153_0,0.38,HIGH,LOCAL,SAFE: all tasks permitted (weight=0.38),
1771435998.059,0.0,39.84,4.8899,0.755,11.1,1,,,0.01832,0.0000,0.0000,0.0000,0.0000,0.1832,0.0925,0.0368,SAFE,True,10,0,,,,,,
1771435998.059,0.0,40.06,4.8979,0.747,10.5,0,,,0.01953,0.0000,0.0000,0.0000,0.0000,0.1953,0.0735,0.0342,SAFE,True,10,0,,,,,,
1771435998.060,0.0,40.29,4.8841,0.740,10.0,0,45894.001,25.61908,0.01974,0.0000,0.0000,0.0000,0.0000,0.1974,0.0699,0.0337,SAFE,True,10,0,,,,,,
1771435998.060,0.0,,,,,,,,,,,,,,,0.0337,SAFE,,10,,t156_0,0.55,HIGH,LOCAL,SAFE: all tasks permitted (weight=0.55),
1771435998.060,0.0,39.85,4.8761,0.764,11.7,1,-15272.362,24.44427,0.01747,0.0000,0.0000,0.0000,0.0000,0.1747,0.0969,0.0369,SAFE,True,10,0,,,,,,
1771435998.060,0.0,40.37,4.8627,0.755,11.1,1,26093.111,8.78366,0.01631,0.0000,0.0000,0.0000,0.0000,0.1631,0.0926,0.0348,SAFE,True,10,0,,,,,,
1771435998.060,0.0,40.37,4.8565,0.747,10.5,0,23491.249,-37.00344,0.01573,0.0000,0.0000,0.0000,0.0000,0.1573,0.0737,0.0305,SAFE,True,10,0,,,,,,
1771435998.060,0.0,,,,,,,,,,,,,,,0.0305,SAFE,,10,,t159_0,0.42,HIGH,LOCAL,SAFE: all tasks permitted (weight=0.42),
1771435998.060,0.0,40.35,4.8712,0.764,11.7,1,47568.222,-2.20634,0.01510,0.0000,0.0000,0.0000,0.0000,0.1510,0.0968,0.0345,SAFE,True,10,0,,,,,,
1771435998.060,0.0,,,,,,,,,,,,,,,0.0345,SAFE,,10,,t160_0,0.67,NORMAL,LOCAL,SAFE: all tasks permitted (weight=0.67),
1771435998.060,0.0,40.58,4.8326,0.793,13.8,1,22929.322,-50.76980,0.01813,0.0000,0.0000,0.0793,0.0000,0.1813,0.1116,0.0508,SAFE,True,10,0,,,,,,
1771435998.060,0.0,40.17,4.8459,0.783,13.0,1,19672.208,-44.01345,0.01895,0.0000,0.0000,0.0185,0.0000,0.1895,0.1063,0.0426,SAFE,True,10,0,,,,,,
1771435998.060,0.0,40.24,4.8779,0.773,12.3,1,10922.059,-20.01787,0.01796,0.0000,0.0000,0.0000,0.0000,0.1796,0.1014,0.0382,SAFE,True,10,0,,,,,,
1771435998.060,0.0,40.49,4.8734,0.764,11.7,1,,,0.01796,0.0000,0.0000,0.0000,0.0000,0.1796,0.0968,0.0373,SAFE,True,10,0,,,,,,window_reset|B=10
1771435998.060,0.0,40.08,4.8783,0.755,11.1,1,,,0.01773,0.0000,0.0000,0.0000,0.0000,0.1773,0.0926,0.0362,SAFE,True,10,0,,,,,,
1771435998.060,0.0,40.52,4.8902,0.747,10.5,0,,,0.01775,0.0000,0.0000,0.0000,0.0000,0.1775,0.0736,0.0325,SAFE,True,10,0,,,,,,
1771435998.060,0.0,39.92,4.8895,0.740,10.0,0,,,0.01680,0.0000,0.0000,0.0000,0.0000,0.1680,0.0699,0.0308,SAFE,True,10,0,,,,,,
1771435998.060,0.0,,,,,,,,,,,,,,,0.0308,SAFE,,10,,t167_0,0.59,NORMAL,LOCAL,SAFE: all tasks permitted (weight=0.59),
1771435998.060,0.0,40.15,4.8642,0.767,11.9,1,,,0.01628,0.0000,0.0000,0.0000,0.0000,0.1628,0.0983,0.0360,SAFE,True,10,0,,,,,,
1771435998.060,0.0,40.54,4.8768,0.758,11.3,1,,,0.01632,0.0000,0.0000,0.0000,0.0000,0.1632,0.0940,0.0351,SAFE,True,10,0,,,,,,
1771435998.060,0.0,40.03,4.8965,0.750,10.7,0,,,0.01795,0.0000,0.0000,0.0000,0.0000,0.1795,0.0749,0.0329,SAFE,True,10,0,,,,,,
1771435998.060,0.0,40.26,4.8509,0.742,10.2,0,,,0.01839,0.0000,0.0000,0.0000,0.0000,0.1839,0.0711,0.0326,SAFE,True,10,0,,,,,,
1771435998.060,0.0,,,,,,,,,,,,,,,0.0326,SAFE,,10,,t171_0,0.57,LOW,LOCAL,SAFE: all tasks permitted (weight=0.57),
1771435998.060,0.0,40.33,4.8708,0.768,12.0,1,,,0.01839,0.0000,0.0000,0.0000,0.0000,0.1839,0.0988,0.0381,SAFE,True,10,0,,,,,,
1771435998.060,0.0,40.57,4.8723,0.759,11.3,1,,,0.01438,0.0000,0.0000,0.0000,0.0000,0.1438,0.0944,0.0333,SAFE,True,10,0,,,,,,
1771435998.060,0.0,,,,,,,,,,,,,,,0.0333,SAFE,,10,,t173_0,0.43,NORMAL,LOCAL,SAFE: all tasks permitted (weight=0.43),
1771435998.060,0.0,40.40,4.8465,0.775,12.5,1,,,0.01429,0.0000,0.0000,0.0159,0.0000,0.1429,0.1027,0.0369,SAFE,True,10,0,,,,,,
1771435998.060,0.0,40.53,4.8667,0.766,11.9,1,,,0.01437,0.0000,0.0000,0.0000,0.0000,0.1437,0.0980,0.0340,SAFE,True,10,0,,,,,,
1771435998.060,0.0,40.44,4.8788,0.757,11.2,1,,,0.01446,0.0000,0.0000,0.0000,0.0000,0.1446,0.0937,0.0332,SAFE,True,10,0,,,,,,
1771435998.060,0.0,40.15,4.8714,0.749,10.7,0,,,0.01439,0.0000,0.0000,0.0000,0.0000,0.1439,0.0746,0.0293,SAFE,True,10,0,,,,,,
1771435998.060,0.0,40.36,4.8688,0.742,10.1,0,,,0.01343,0.0000,0.0000,0.0000,0.0000,0.1343,0.0709,0.0276,SAFE,True,10,0,,,,,,
1771435998.060,0.0,40.32,4.8724,0.735,9.6,0,,,0.01226,0.0000,0.0000,0.0000,0.0000,0.1226,0.0674,0.0257,SAFE,True,10,0,,,,,,window_reset|B=10
1771435998.060,0.0,40.44,4.8799,0.728,9.2,0,,,0.01244,0.0000,0.0000,0.0000,0.0000,0.1244,0.0641,0.0253,SAFE,True,10,0,,,,,,
1771435998.060,0.0,40.10,4.9025,0.722,8.7,0,,,0.01517,0.0000,0.0000,0.0000,0.0000,0.1517,0.0611,0.0274,SAFE,True,10,0,,,,,,
1771435998.060,0.0,39.86,4.8985,0.717,8.3,0,,,0.01543,0.0000,0.0000,0.0000,0.0000,0.1543,0.0583,0.0271,SAFE,True,10,0,,,,,,
1771435998.060,0.0,40.05,4.8689,0.711,8.0,0,,,0.01399,0.0000,0.0000,0.0000,0.0000,0.1399,0.0557,0.0251,SAFE,True,10,0,,,,,,
1771435998.060,0.0,40.24,4.8615,0.707,7.6,0,,,0.01444,0.0000,0.0000,0.0000,0.0000,0.1444,0.0533,0.0251,SAFE,True,10,0,,,,,,
1771435998.060,0.0,40.74,4.9156,0.702,7.3,0,,,0.01842,0.0000,0.0000,0.0000,0.0000,0.1842,0.0510,0.0286,SAFE,True,10,0,,,,,,
1771435998.060,0.0,39.88,4.9027,0.698,7.0,0,,,0.01700,0.0000,0.0000,0.0000,0.0000,0.1700,0.0489,0.0268,SAFE,True,10,0,,,,,,
1771435998.060,0.0,39.74,4.8916,0.694,6.7,0,,,0.01648,0.0000,0.0000,0.0000,0.0000,0.1648,0.0470,0.0259,SAFE,True,10,0,,,,,,
1771435998.060,0.0,40.02,4.8873,0.690,6.4,0,,,0.01641,0.0000,0.0000,0.0000,0.0000,0.1641,0.0451,0.0254,SAFE,True,10,0,,,,,,
1771435998.060,0.0,,,,,,,,,,,,,,,0.0254,SAFE,,10,,t188_0,0.59,NORMAL,LOCAL,SAFE: all tasks permitted (weight=0.59),
1771435998.060,0.0,39.57,4.8643,0.721,8.6,0,,,0.01700,0.0000,0.0000,0.0000,0.0000,0.1700,0.0604,0.0291,SAFE,True,10,0,,,,,,
1771435998.060,0.0,39.47,4.8939,0.715,8.2,0,,,0.01648,0.0000,0.0000,0.0000,0.0000,0.1648,0.0576,0.0280,SAFE,True,10,0,,,,,,
1771435998.060,0.0,39.82,4.9117,0.710,7.9,0,,,0.01722,0.0000,0.0000,0.0000,0.0000,0.1722,0.0550,0.0282,SAFE,True,10,0,,,,,,
1771435998.060,0.0,39.53,4.8903,0.705,7.5,0,,,0.01696,0.0000,0.0000,0.0000,0.0000,0.1696,0.0527,0.0275,SAFE,True,10,0,,,,,,
1771435998.060,0.0,39.75,4.9159,0.701,7.2,0,,,0.01810,0.0000,0.0000,0.0000,0.0000,0.1810,0.0504,0.0282,SAFE,True,10,0,,,,,,
1771435998.060,0.0,40.30,4.9058,0.697,6.9,0,,,0.01843,0.0000,0.0000,0.0000,0.0000,0.1843,0.0484,0.0281,SAFE,True,10,0,,,,,,window_reset|B=10
1771435998.060,0.0,39.33,4.8964,0.693,6.6,0,,,0.01702,0.0000,0.0000,0.0000,0.0000,0.1702,0.0465,0.0263,SAFE,True,10,0,,,,,,
1771435998.060,0.0,,,,,,,,,,,,,,,0.0263,SAFE,,10,,t195_0,0.49,NORMAL,LOCAL,SAFE: all tasks permitted (weight=0.49),
1771435998.061,0.0,40.29,4.8898,0.717,8.4,0,16101.675,2.56459,0.01393,0.0000,0.0000,0.0000,0.0000,0.1393,0.0587,0.0257,SAFE,True,10,0,,,,,,
1771435998.061,0.0,39.82,4.9102,0.712,8.0,0,15026.322,45.86963,0.01340,0.0000,0.0000,0.0000,0.0000,0.1340,0.0560,0.0246,SAFE,True,10,0,,,,,,
1771435998.061,0.0,,,,,,,,,,,,,,,0.0246,SAFE,,10,,t197_0,0.48,NORMAL,LOCAL,SAFE: all tasks permitted (weight=0.48),
1771435998.061,0.0,40.04,4.8651,0.735,9.6,0,34240.592,-28.72658,0.01579,0.0000,0.0000,0.0000,0.0000,0.1579,0.0675,0.0293,SAFE,True,10,0,,,,,,
1771435998.061,0.0,,,,,,,,,,,,,,,0.0293,SAFE,,10,,t198_0,0.52,LOW,LOCAL,SAFE: all tasks permitted (weight=0.52),
1771435998.061,0.0,40.45,4.8745,0.759,11.3,1,38217.857,-37.17388,0.01665,0.0000,0.0000,0.0000,0.0000,0.1665,0.0943,0.0355,SAFE,True,10,0,,,,,,
1771435998.061,0.0,39.68,4.8586,0.750,10.7,0,8844.564,-31.77103,0.01905,0.0000,0.0000,0.0000,0.0000,0.1905,0.0752,0.0341,SAFE,True,10,0,,,,,,
1771435998.061,0.0,39.60,4.8578,0.743,10.2,0,-8920.915,-58.15637,0.01985,0.0000,0.0000,0.0000,0.0000,0.1985,0.0714,0.0341,SAFE,True,10,0,,,,,,
1771435998.061,0.0,39.79,4.8729,0.736,9.7,0,-30599.484,-32.91725,0.02028,0.0000,0.0000,0.0000,0.0000,0.2028,0.0679,0.0339,SAFE,True,10,0,,,,,,
1771435998.061,0.0,39.66,4.8699,0.729,9.2,0,20068.676,-26.47976,0.01938,0.0000,0.0000,0.0000,0.0000,0.1938,0.0646,0.0323,SAFE,True,10,0,,,,,,
1771435998.061,0.0,39.38,4.8857,0.723,8.8,0,,,0.01930,0.0000,0.0000,0.0000,0.0000,0.1930,0.0616,0.0316,SAFE,True,10,0,,,,,,
1771435998.061,0.0,39.72,4.8725,0.717,8.4,0,,,0.01680,0.0000,0.0000,0.0000,0.0000,0.1680,0.0587,0.0285,SAFE,True,10,0,,,,,,
1771435998.061,0.0,39.68,4.8964,0.712,8.0,0,,,0.01576,0.0000,0.0000,0.0000,0.0000,0.1576,0.0561,0.0270,SAFE,True,10,0,,,,,,
1771435998.061,0.0,39.73,4.8944,0.707,7.7,0,,,0.01559,0.0000,0.0000,0.0000,0.0000,0.1559,0.0536,0.0263,SAFE,True,10,0,,,,,,
1771435998.061,0.0,39.66,4.8807,0.703,7.3,0,,,0.01526,0.0000,0.0000,0.0000,0.0000,0.1526,0.0513,0.0255,SAFE,True,10,0,,,,,,
1771435998.061,0.0,39.14,4.8924,0.698,7.0,0,,,0.01274,0.0000,0.0000,0.0000,0.0000,0.1274,0.0492,0.0226,SAFE,True,10,0,,,,,,window_reset|B=10
1771435998.061,0.0,39.34,4.8900,0.694,6.7,0,,,0.01271,0.0000,0.0000,0.0000,0.0000,0.1271,0.0472,0.0222,SAFE,True,10,0,,,,,,
1771435998.061,0.0,39.61,4.9017,0.691,6.5,0,,,0.01409,0.0000,0.0000,0.0000,0.0000,0.1409,0.0454,0.0232,SAFE,True,10,0,,,,,,
1771435998.061,0.0,,,,,,,,,,,,,,,0.0232,SAFE,,10,,t211_0,0.48,HIGH,LOCAL,SAFE: all tasks permitted (weight=0.48),
1771435998.061,0.0,39.89,4.8872,0.715,8.2,0,,,0.01240,0.0000,0.0000,0.0000,0.0000,0.1240,0.0577,0.0239,SAFE,True,10,0,,,,,,
1771435998.061,0.0,39.88,4.8842,0.710,7.9,0,,,0.00969,0.0000,0.0000,0.0000,0.0000,0.0969,0.0551,0.0207,SAFE,True,10,0,,,,,,
1771435998.061,0.0,39.91,4.9078,0.705,7.5,0,,,0.01061,0.0000,0.0000,0.0000,0.0000,0.1061,0.0527,0.0212,SAFE,True,10,0,,,,,,
1771435998.061,0.0,,,,,,,,,,,,,,,0.0212,SAFE,,10,,t214_0,0.21,HIGH,LOCAL,SAFE: all tasks permitted (weight=0.21),
1771435998.061,0.0,39.74,4.8735,0.713,8.1,0,,,0.01012,0.0000,0.0000,0.0000,0.0000,0.1012,0.0567,0.0215,SAFE,True,10,0,,,,,,
1771435998.061,0.0,,,,,,,,,,,,,,,0.0215,SAFE,,10,,t215_0,0.47,NORMAL,LOCAL,SAFE: all tasks permitted (weight=0.47),
1771435998.061,0.0,39.30,4.8824,0.736,9.7,0,,,0.01024,0.0000,0.0000,0.0000,0.0000,0.1024,0.0679,0.0238,SAFE,True,10,0,,,,,,
1771435998.061,0.0,,,,,,,,,,,,,,,0.0238,SAFE,,10,,t216_0,0.60,HIGH,LOCAL,SAFE: all tasks permitted (weight=0.60),
1771435998.061,0.0,39.84,4.8650,0.764,11.7,1,,,0.01138,0.0000,0.0000,0.0000,0.0000,0.1138,0.0971,0.0308,SAFE,True,10,0,,,,,,
1771435998.061,0.0,39.46,4.8765,0.756,11.1,1,,,0.01148,0.0000,0.0000,0.0000,0.0000,0.1148,0.0928,0.0300,SAFE,True,10,0,,,,,,
1771435998.061,0.0,39.74,4.8784,0.748,10.5,0,,,0.01139,0.0000,0.0000,0.0000,0.0000,0.1139,0.0738,0.0262,SAFE,True,10,0,,,,,,
1771435998.061,0.0,39.27,4.9205,0.740,10.0,0,,,0.01492,0.0000,0.0000,0.0000,0.0000,0.1492,0.0701,0.0289,SAFE,True,10,0,,,,,,
1771435998.061,0.0,,,,,,,,,,,,,,,0.0289,SAFE,,10,,t220_0,0.51,HIGH,LOCAL,SAFE: all tasks permitted (weight=0.51),
1771435998.061,0.0,39.66,4.8522,0.763,11.7,1,,,0.01785,0.0000,0.0000,0.0000,0.0000,0.1785,0.0966,0.0372,SAFE,True,10,0,,,,,,
1771435998.061,0.0,39.71,4.8905,0.755,11.1,1,,,0.01786,0.0000,0.0000,0.0000,0.0000,0.1786,0.0924,0.0363,SAFE,True,10,0,,,,,,
1771435998.061,0.0,,,,,,,,,,,,,,,0.0363,SAFE,,10,,t222_0,0.56,CRITICAL,LOCAL,SAFE: all tasks permitted (weight=0.56),
1771435998.061,0.0,39.15,4.8769,0.780,12.8,1,,,0.01723,0.0000,0.0000,0.0000,0.0000,0.1723,0.1048,0.0382,SAFE,True,10,0,,,,,,
1771435998.061,0.0,39.61,4.8884,0.770,12.1,1,,,0.01726,0.0000,0.0000,0.0000,0.0000,0.1726,0.0999,0.0372,SAFE,True,10,0,,,,,,window_reset|B=10
1771435998.061,0.0,39.73,4.8369,0.761,11.5,1,,,0.02143,0.0000,0.0000,0.0595,0.0000,0.2143,0.0955,0.0483,SAFE,True,10,0,,,,,,
1771435998.061,0.0,39.90,4.8940,0.753,10.9,0,,,0.02020,0.0000,0.0000,0.0000,0.0000,0.2020,0.0763,0.0355,SAFE,True,10,0,,,,,,
1771435998.061,0.0,,,,,,,,,,,,,,,0.0355,SAFE,,10,,t226_0,0.33,NORMAL,LOCAL,SAFE: all tasks permitted (weight=0.33),
1771435998.061,0.0,39.88,4.7829,0.764,11.7,1,,,0.03319,0.0000,0.0000,0.3048,0.0000,0.3319,0.0971,0.0922,CRITICAL,True,10,0,,,,,,
1771435998.061,0.0,,,,,,,,,,,,,,,0.0922,SAFE,,10,,t227_0,0.74,HIGH,LOCAL,SAFE: all tasks permitted (weight=0.74),
1771435998.061,0.0,39.69,4.8519,0.799,14.2,1,,,0.03333,0.0000,0.0000,0.0000,0.0000,0.3333,0.1145,0.0562,SAFE,True,10,0,,,,,,
1771435998.061,0.0,39.83,4.8409,0.788,13.4,1,,,0.03416,0.0000,0.0000,0.0412,0.0000,0.3416,0.1090,0.0613,SAFE,True,10,0,,,,,,
1771435998.061,0.0,,,,,,,,,,,,,,,0.0613,SAFE,,10,,t229_0,0.37,NORMAL,LOCAL,SAFE: all tasks permitted (weight=0.37),
1771435998.061,0.0,39.76,4.8280,0.800,14.3,1,,,0.03550,0.0000,0.0000,0.1001,0.0000,0.3550,0.1149,0.0715,SAFE,True,10,0,,,,,,
1771435998.061,0.0,39.76,4.8472,0.789,13.5,1,,,0.03534,0.0000,0.0000,0.0129,0.0000,0.3534,0.1094,0.0589,SAFE,True,10,0,,,,,,
1771435998.061,0.0,39.77,4.8745,0.778,12.7,1,,,0.03066,0.0000,0.0000,0.0000,0.0000,0.3066,0.1042,0.0515,SAFE,True,10,0,,,,,,
1771435998.062,0.0,40.61,4.8545,0.769,12.1,1,52522.999,17.60817,0.03065,0.0000,0.0000,0.0000,0.0000,0.3065,0.0995,0.0505,SAFE,True,10,0,,,,,,
1771435998.062,0.0,40.28,4.8824,0.760,11.4,1,22734.619,-11.60466,0.02995,0.0000,0.0000,0.0000,0.0000,0.2995,0.0950,0.0490,SAFE,True,10,0,,,,,,
1771435998.062,0.0,39.94,4.8696,0.752,10.8,0,3180.272,86.67839,0.02957,0.0000,0.0000,0.0000,0.0000,0.2957,0.0759,0.0447,SAFE,True,10,0,,,,,,
1771435998.062,0.0,,,,,,,,,,,,,,,0.0447,SAFE,,10,,t235_0,0.76,NORMAL,LOCAL,SAFE: all tasks permitted (weight=0.76),
1771435998.062,0.0,40.03,4.8419,0.789,13.5,1,20597.545,-9.94921,0.02784,0.0000,0.0000,0.0366,0.0000,0.2784,0.1094,0.0545,SAFE,True,10,0,,,,,,
1771435998.062,0.0,,,,,,,,,,,,,,,0.0545,SAFE,,10,,t236_0,0.33,HIGH,LOCAL,SAFE: all tasks permitted (weight=0.33),
1771435998.062,0.0,39.92,4.8601,0.798,14.2,1,5266.687,19.18174,0.02764,0.0000,0.0000,0.0000,0.0000,0.2764,0.1141,0.0505,SAFE,True,10,0,,,,,,
1771435998.062,0.0,,,,,,,,,,,,,,,0.0505,SAFE,,10,,t237_0,0.42,HIGH,LOCAL,SAFE: all tasks permitted (weight=0.42),
1771435998.062,0.0,40.64,4.8606,0.812,15.1,1,53191.245,32.58452,0.02485,0.0000,0.0000,0.0000,0.0000,0.2485,0.1209,0.0490,SAFE,True,10,0,,,,,,
1771435998.062,0.0,40.39,4.8667,0.800,14.3,1,37835.373,19.48568,0.01494,0.0000,0.0000,0.0000,0.0000,0.1494,0.1150,0.0379,SAFE,True,10,0,,,,,,window_reset|B=10
1771435998.062,0.0,40.63,4.8466,0.789,13.5,1,51463.650,-27.90055,0.01515,0.0000,0.0000,0.0154,0.0000,0.1515,0.1094,0.0390,SAFE,True,10,0,,,,,,
1771435998.062,0.0,40.91,4.8660,0.779,12.8,1,,,0.01464,0.0000,0.0000,0.0000,0.0000,0.1464,0.1043,0.0355,SAFE,True,10,0,,,,,,
1771435998.062,0.0,40.96,4.8754,0.769,12.1,1,,,0.01214,0.0000,0.0000,0.0000,0.0000,0.1214,0.0995,0.0320,SAFE,True,10,0,,,,,,
1771435998.062,0.0,40.10,4.8458,0.760,11.4,1,,,0.01228,0.0000,0.0000,0.0192,0.0000,0.1228,0.0951,0.0338,SAFE,True,10,0,,,,,,
1771435998.062,0.0,40.12,4.8635,0.752,10.8,0,,,0.01171,0.0000,0.0000,0.0000,0.0000,0.1171,0.0759,0.0269,SAFE,True,10,0,,,,,,
1771435998.062,0.0,40.70,4.8836,0.744,10.3,0,,,0.01304,0.0000,0.0000,0.0000,0.0000,0.1304,0.0721,0.0275,SAFE,True,10,0,,,,,,
1771435998.062,0.0,40.17,4.8546,0.737,9.8,0,,,0.01190,0.0000,0.0000,0.0000,0.0000,0.1190,0.0685,0.0256,SAFE,True,10,0,,,,,,
1771435998.062,0.0,40.34,4.8696,0.730,9.3,0,,,0.01190,0.0000,0.0000,0.0000,0.0000,0.1190,0.0652,0.0249,SAFE,True,10,0,,,,,,
1771435998.062,0.0,,,,,,,,,,,,,,,0.0249,SAFE,,10,,t247_0,0.45,LOW,LOCAL,SAFE: all tasks permitted (weight=0.45),
1771435998.062,0.0,40.58,4.8580,0.751,10.8,0,,,0.01048,0.0000,0.0000,0.0000,0.0000,0.1048,0.0754,0.0256,SAFE,True,10,0,,,,,,
1771435998.062,0.0,40.31,4.8882,0.743,10.2,0,,,0.01260,0.0000,0.0000,0.0000,0.0000,0.1260,0.0716,0.0269,SAFE,True,10,0,,,,,,
1771435998.062,0.0,,,,,,,,,,,,,,,0.0269,SAFE,,10,,t249_0,0.65,LOW,LOCAL,SAFE: all tasks permitted (weight=0.65),
1771435998.062,0.0,40.15,4.8781,0.774,12.5,1,,,0.01303,0.0000,0.0000,0.0000,0.0000,0.1303,0.1022,0.0335,SAFE,True,10,0,,,,,,
1771435998.062,0.0,40.25,4.8554,0.765,11.8,1,,,0.01337,0.0000,0.0000,0.0000,0.0000,0.1337,0.0976,0.0329,SAFE,True,10,0,,,,,,
1771435998.062,0.0,40.57,4.8853,0.757,11.2,1,,,0.01312,0.0000,0.0000,0.0000,0.0000,0.1312,0.0933,0.0318,SAFE,True,10,0,,,,,,
1771435998.062,0.0,,,,,,,,,,,,,,,0.0318,SAFE,,10,,t252_0,0.34,NORMAL,LOCAL,SAFE: all tasks permitted (weight=0.34),
1771435998.062,0.0,40.12,4.8521,0.769,12.1,1,,,0.01389,0.0000,0.0000,0.0000,0.0000,0.1389,0.0994,0.0338,SAFE,True,10,0,,,,,,
1771435998.062,0.0,,,,,,,,,,,,,,,0.0338,SAFE,,10,,t253_0,0.37,LOW,LOCAL,SAFE: all tasks permitted (weight=0.37),
1771435998.062,0.0,39.85,4.8549,0.782,13.0,1,,,0.01407,0.0000,0.0000,0.0000,0.0000,0.1407,0.1059,0.0353,SAFE,True,10,0,,,,,,window_reset|B=10
1771435998.062,0.0,,,,,,,,,,,,,,,0.0353,SAFE,,10,,t254_0,0.22,LOW,LOCAL,SAFE: all tasks permitted (weight=0.22),
1771435998.062,0.0,40.49,4.8571,0.785,13.2,1,,,0.01304,0.0000,0.0000,0.0000,0.0000,0.1304,0.1076,0.0346,SAFE,True,10,0,,,,,,
1771435998.062,0.0,,,,,,,,,,,,,,,0.0346,SAFE,,10,,t255_0,0.24,CRITICAL,LOCAL,SAFE: all tasks permitted (weight=0.24),
1771435998.062,0.0,,,,,,,,,,,,,,,0.0346,SAFE,,10,,t255_1,0.69,NORMAL,LOCAL,SAFE: all tasks permitted (weight=0.69),
1771435998.062,0.0,40.45,4.8438,0.830,16.4,1,,,0.01450,0.0000,0.0000,0.0283,0.0000,0.1450,0.1300,0.0442,SAFE,True,10,0,,,,,,
1771435998.062,0.0,40.32,4.8486,0.817,15.5,1,,,0.01399,0.0000,0.0000,0.0064,0.0000,0.1399,0.1235,0.0395,SAFE,True,10,0,,,,,,
1771435998.062,0.0,41.40,4.8568,0.805,14.6,1,,,0.01390,0.0000,0.0000,0.0000,0.0000,0.1390,0.1173,0.0374,SAFE,True,10,0,,,,,,
1771435998.062,0.0,,,,,,,,,,,,,,,0.0374,SAFE,,10,,t258_0,0.34,NORMAL,LOCAL,SAFE: all tasks permitted (weight=0.34),
1771435998.062,0.0,41.21,4.8755,0.813,15.2,1,,,0.01425,0.0000,0.0000,0.0000,0.0000,0.1425,0.1217,0.0386,SAFE,True,10,0,,,,,,
1771435998.062,0.0,,,,,,,,,,,,,,,0.0386,SAFE,,10,,t259_0,0.32,NORMAL,LOCAL,SAFE: all tasks permitted (weight=0.32),
1771435998.062,0.0,40.78,4.8362,0.820,15.7,1,,,0.01602,0.0000,0.0000,0.0625,0.0000,0.1602,0.1252,0.0492,SAFE,True,10,0,,,,,,
1771435998.062,0.0,41.33,4.8204,0.808,14.8,1,,,0.01733,0.0000,0.0000,0.1346,0.0000,0.1733,0.1189,0.0586,SAFE,True,10,0,,,,,,
1771435998.062,0.0,40.65,4.8557,0.796,14.0,1,,,0.01594,0.0000,0.0000,0.0000,0.0000,0.1594,0.1131,0.0386,SAFE,True,10,0,,,,,,
1771435998.062,0.0,40.34,4.8626,0.785,13.2,1,,,0.01613,0.0000,0.0000,0.0000,0.0000,0.1613,0.1077,0.0377,SAFE,True,10,0,,,,,,
1771435998.062,0.0,40.88,4.8930,0.775,12.5,1,,,0.01745,0.0000,0.0000,0.0000,0.0000,0.1745,0.1027,0.0380,SAFE,True,10,0,,,,,,
1771435998.062,0.0,41.29,4.8636,0.766,11.9,1,,,0.01760,0.0000,0.0000,0.0000,0.0000,0.1760,0.0980,0.0372,SAFE,True,10,0,,,,,,
1771435998.062,0.0,40.90,4.8845,0.757,11.2,1,,,0.01931,0.0000,0.0000,0.0000,0.0000,0.1931,0.0937,0.0380,SAFE,True,10,0,,,,,,
1771435998.062,0.0,41.28,4.8753,0.749,10.7,0,,,0.01987,0.0000,0.0000,0.0000,0.0000,0.1987,0.0746,0.0348,SAFE,True,10,0,,,,,,
1771435998.062,0.0,40.64,4.8743,0.742,10.1,0,,,0.01963,0.0000,0.0000,0.0000,0.0000,0.1963,0.0709,0.0338,SAFE,True,10,0,,,,,,
1771435998.063,0.0,,,,,,,,,,,,,,,0.0338,SAFE,,10,,t268_0,0.76,HIGH,LOCAL,SAFE: all tasks permitted (weight=0.76),
1771435998.063,0.0,40.61,4.8616,0.781,12.9,1,-43293.071,41.19468,0.01920,0.0000,0.0000,0.0000,0.0000,0.1920,0.1053,0.0403,SAFE,True,10,0,,,,,,window_reset|B=10
1771435998.063,0.0,41.10,4.8896,0.771,12.2,1,26987.776,33.91291,0.02038,0.0000,0.0000,0.0000,0.0000,0.2038,0.1004,0.0405,SAFE,True,10,0,,,,,,
1771435998.063,0.0,40.98,4.8967,0.762,11.6,1,38392.501,34.08370,0.02198,0.0000,0.0000,0.0000,0.0000,0.2198,0.0959,0.0412,SAFE,True,10,0,,,,,,
1771435998.063,0.0,40.90,4.8519,0.753,11.0,0,1151.462,-41.02177,0.02048,0.0000,0.0000,0.0000,0.0000,0.2048,0.0767,0.0358,SAFE,True,10,0,,,,,,
1771435998.063,0.0,40.56,4.8896,0.746,10.4,0,-44022.084,26.00339,0.01494,0.0000,0.0000,0.0000,0.0000,0.1494,0.0728,0.0295,SAFE,True,10,0,,,,,,
1771435998.063,0.0,41.21,4.8767,0.738,9.9,0,18561.539,-7.81404,0.01378,0.0000,0.0000,0.0000,0.0000,0.1378,0.0692,0.0276,SAFE,True,10,0,,,,,,
1771435998.063,0.0,40.43,4.8802,0.732,9.4,0,-51318.220,4.89574,0.01313,0.0000,0.0000,0.0000,0.0000,0.1313,0.0658,0.0263,SAFE,True,10,0,,,,,,
1771435998.063,0.0,41.01,4.8717,0.725,9.0,0,22445.015,-2.58560,0.01242,0.0000,0.0000,0.0000,0.0000,0.1242,0.0627,0.0250,SAFE,True,10,0,,,,,,
1771435998.063,0.0,,,,,,,,,,,,,,,0.0250,SAFE,,10,,t276_0,0.34,CRITICAL,LOCAL,SAFE: all tasks permitted (weight=0.34),
1771435998.063,0.0,40.30,4.8839,0.740,10.0,0,,,0.01195,0.0000,0.0000,0.0000,0.0000,0.1195,0.0700,0.0259,SAFE,True,10,0,,,,,,
1771435998.063,0.0,,,,,,,,,,,,,,,0.0259,SAFE,,10,,t277_0,0.45,LOW,LOCAL,SAFE: all tasks permitted (weight=0.45),
1771435998.063,0.0,40.66,4.8653,0.760,11.4,1,,,0.01225,0.0000,0.0000,0.0000,0.0000,0.1225,0.0950,0.0312,SAFE,True,10,0,,,,,,
1771435998.063,0.0,,,,,,,,,,,,,,,0.0312,SAFE,,10,,t278_0,0.46,HIGH,LOCAL,SAFE: all tasks permitted (weight=0.46),
1771435998.063,0.0,41.05,4.8636,0.779,12.8,1,,,0.01276,0.0000,0.0000,0.0000,0.0000,0.1276,0.1047,0.0337,SAFE,True,10,0,,,,,,
1771435998.063,0.0,,,,,,,,,,,,,,,0.0337,SAFE,,10,,t279_0,0.55,NORMAL,LOCAL,SAFE: all tasks permitted (weight=0.55),
1771435998.063,0.0,40.48,4.8352,0.803,14.5,1,,,0.01694,0.0000,0.0000,0.0672,0.0000,0.1694,0.1165,0.0490,SAFE,True,10,0,,,,,,
1771435998.063,0.0,41.04,4.8507,0.792,13.7,1,,,0.01776,0.0000,0.0000,0.0000,0.0000,0.1776,0.1108,0.0399,SAFE,True,10,0,,,,,,
1771435998.063,0.0,40.77,4.8408,0.781,12.9,1,,,0.01865,0.0000,0.0000,0.0417,0.0000,0.1865,0.1056,0.0452,SAFE,True,10,0,,,,,,
1771435998.063,0.0,40.99,4.8693,0.771,12.2,1,,,0.01645,0.0000,0.0000,0.0000,0.0000,0.1645,0.1007,0.0366,SAFE,True,10,0,,,,,,
1771435998.063,0.0,,,,,,,,,,,,,,,0.0366,SAFE,,10,,t283_0,0.45,NORMAL,LOCAL,SAFE: all tasks permitted (weight=0.45),
1771435998.063,0.0,41.82,4.8386,0.789,13.5,1,,,0.01769,0.0000,0.0000,0.0516,0.0000,0.1769,0.1097,0.0463,SAFE,True,10,0,,,,,,window_reset|B=10
1771435998.063,0.0,40.80,4.8685,0.779,12.8,1,,,0.01600,0.0000,0.0000,0.0000,0.0000,0.1600,0.1046,0.0369,SAFE,True,10,0,,,,,,
1771435998.063,0.0,41.15,4.8578,0.770,12.1,1,,,0.01540,0.0000,0.0000,0.0000,0.0000,0.1540,0.0998,0.0354,SAFE,True,10,0,,,,,,
1771435998.063,0.0,41.00,4.8690,0.761,11.5,1,,,0.01449,0.0000,0.0000,0.0000,0.0000,0.1449,0.0953,0.0336,SAFE,True,10,0,,,,,,
1771435998.063,0.0,40.83,4.8876,0.752,10.9,0,,,0.01617,0.0000,0.0000,0.0000,0.0000,0.1617,0.0762,0.0314,SAFE,True,10,0,,,,,,
1771435998.063,0.0,40.50,4.8733,0.745,10.3,0,,,0.01514,0.0000,0.0000,0.0000,0.0000,0.1514,0.0723,0.0296,SAFE,True,10,0,,,,,,
1771435998.063,0.0,40.91,4.8837,0.737,9.8,0,,,0.01647,0.0000,0.0000,0.0000,0.0000,0.1647,0.0687,0.0302,SAFE,True,10,0,,,,,,
1771435998.063,0.0,40.66,4.8737,0.731,9.3,0,,,0.01681,0.0000,0.0000,0.0000,0.0000,0.1681,0.0654,0.0299,SAFE,True,10,0,,,,,,
1771435998.063,0.0,40.99,4.8946,0.725,8.9,0,,,0.01683,0.0000,0.0000,0.0000,0.0000,0.1683,0.0623,0.0293,SAFE,True,10,0,,,,,,
1771435998.063,0.0,40.73,4.8865,0.719,8.5,0,,,0.01679,0.0000,0.0000,0.0000,0.0000,0.1679,0.0594,0.0287,SAFE,True,10,0,,,,,,
1771435998.063,0.0,,,,,,,,,,,,,,,0.0287,SAFE,,10,,t293_0,0.70,NORMAL,LOCAL,SAFE: all tasks permitted (weight=0.70),
1771435998.063,0.0,41.09,4.8609,0.756,11.1,1,,,0.01463,0.0000,0.0000,0.0000,0.0000,0.1463,0.0928,0.0332,SAFE,True,10,0,,,,,,
1771435998.063,0.0,40.46,4.8801,0.748,10.6,0,,,0.01477,0.0000,0.0000,0.0000,0.0000,0.1477,0.0739,0.0295,SAFE,True,10,0,,,,,,
1771435998.063,0.0,40.49,4.8666,0.740,10.0,0,,,0.01089,0.0000,0.0000,0.0000,0.0000,0.1089,0.0702,0.0249,SAFE,True,10,0,,,,,,
1771435998.063,0.0,40.78,4.8720,0.733,9.5,0,,,0.01075,0.0000,0.0000,0.0000,0.0000,0.1075,0.0667,0.0241,SAFE,True,10,0,,,,,,
1771435998.063,0.0,40.41,4.8828,0.727,9.1,0,,,0.00946,0.0000,0.0000,0.0000,0.0000,0.0946,0.0635,0.0222,SAFE,True,10,0,,,,,,
1771435998.063,0.0,39.75,4.8640,0.721,8.6,0,,,0.00993,0.0000,0.0000,0.0000,0.0000,0.0993,0.0605,0.0220,SAFE,True,10,0,,,,,,window_reset|B=10
1771435998.063,0.0,40.98,4.8822,0.716,8.3,0,,,0.00956,0.0000,0.0000,0.0000,0.0000,0.0956,0.0578,0.0211,SAFE,True,10,0,,,,,,
1771435998.063,0.0,,,,,,,,,,,,,,,0.0211,SAFE,,10,,t300_0,0.68,LOW,LOCAL,SAFE: all tasks permitted (weight=0.68),
1771435998.063,0.0,,,,,,,,,,,,,,,0.0211,SAFE,,10,,t300_1,0.37,LOW,LOCAL,SAFE: all tasks permitted (weight=0.37),
1771435998.063,0.0,40.15,4.8590,0.774,12.4,1,,,0.01072,0.0000,0.0000,0.0000,0.0000,0.1072,0.1020,0.0311,SAFE,True,10,0,,,,,,
1771435998.063,0.0,,,,,,,,,,,,,,,0.0311,SAFE,,10,,t301_0,0.60,NORMAL,LOCAL,SAFE: all tasks permitted (weight=0.60),
1771435998.063,0.0,41.01,4.8660,0.801,14.4,1,,,0.01071,0.0000,0.0000,0.0000,0.0000,0.1071,0.1155,0.0338,SAFE,True,10,0,,,,,,
1771435998.063,0.0,40.85,4.8561,0.790,13.6,1,,,0.01181,0.0000,0.0000,0.0000,0.0000,0.1181,0.1100,0.0338,SAFE,True,10,0,,,,,,
1771435998.063,0.0,40.45,4.8574,0.780,12.8,1,,,0.01043,0.0000,0.0000,0.0000,0.0000,0.1043,0.1048,0.0314,SAFE,True,10,0,,,,,,
1771435998.063,0.0,40.36,4.8536,0.770,12.1,1,,,0.00990,0.0000,0.0000,0.0000,0.0000,0.0990,0.1000,0.0299,SAFE,True,10,0,,,,,,
1771435998.063,0.0,40.38,4.8481,0.761,11.5,1,,,0.01109,0.0000,0.0000,0.0086,0.0000,0.1109,0.0955,0.0313,SAFE,True,10,0,,,,,,
1771435998.063,0.0,,,,,,,,,,,,,,,0.0313,SAFE,,10,,t306_0,0.40,LOW,LOCAL,SAFE: all tasks permitted (weight=0.40),
1771435998.064,0.0,41.06,4.8545,0.777,12.6,1,78552.497,-9.53890,0.01055,0.0000,0.0000,0.0000,0.0000,0.1055,0.1034,0.0312,SAFE,True,10,0,,,,,,
1771435998.064,0.0,40.35,4.8765,0.767,12.0,1,-38184.825,-5.66746,0.01113,0.0000,0.0000,0.0000,0.0000,0.1113,0.0987,0.0309,SAFE,True,10,0,,,,,,
1771435998.064,0.0,40.92,4.8790,0.759,11.3,1,46498.127,19.96789,0.01169,0.0000,0.0000,0.0000,0.0000,0.1169,0.0943,0.0305,SAFE,True,10,0,,,,,,
1771435998.064,0.0,,,,,,,,,,,,,,,0.0305,SAFE,,10,,t309_0,0.37,HIGH,LOCAL,SAFE: all tasks permitted (weight=0.37),
1771435998.064,0.0,40.80,4.8753,0.773,12.3,1,-12467.685,9.39166,0.01089,0.0000,0.0000,0.0000,0.0000,0.1089,0.1014,0.0312,SAFE,True,10,0,,,,,,
1771435998.064,0.0,41.09,4.8678,0.764,11.7,1,14362.420,11.69385,0.01094,0.0000,0.0000,0.0000,0.0000,0.1094,0.0968,0.0303,SAFE,True,10,0,,,,,,
1771435998.064,0.0,40.84,4.8637,0.755,11.1,1,22879.794,6.30661,0.00957,0.0000,0.0000,0.0000,0.0000,0.0957,0.0926,0.0281,SAFE,True,10,0,,,,,,
1771435998.064,0.0,,,,,,,,,,,,,,,0.0281,SAFE,,10,,t312_0,0.79,NORMAL,LOCAL,SAFE: all tasks permitted (weight=0.79),
1771435998.064,0.0,40.22,4.8644,0.796,14.0,1,-8164.077,10.79689,0.00950,0.0000,0.0000,0.0000,0.0000,0.0950,0.1129,0.0321,SAFE,True,10,0,,,,,,
1771435998.064,0.0,,,,,,,,,,,,,,,0.0321,SAFE,,10,,t313_0,0.55,CRITICAL,LOCAL,SAFE: all tasks permitted (weight=0.55),
1771435998.064,0.0,40.74,4.8612,0.818,15.6,1,22011.132,13.05216,0.00949,0.0000,0.0000,0.0000,0.0000,0.0949,0.1242,0.0343,SAFE,True,10,0,,,,,,window_reset|B=10
1771435998.064,0.0,41.36,4.8890,0.806,14.7,1,,,0.01158,0.0000,0.0000,0.0000,0.0000,0.1158,0.1180,0.0352,SAFE,True,10,0,,,,,,
1771435998.064,0.0,40.77,4.8206,0.795,13.9,1,,,0.01702,0.0000,0.0000,0.1337,0.0000,0.1702,0.1123,0.0569,SAFE,True,10,0,,,,,,
1771435998.064,0.0,41.02,4.8507,0.784,13.1,1,,,0.01717,0.0000,0.0000,0.0000,0.0000,0.1717,0.1069,0.0386,SAFE,True,10,0,,,,,,
1771435998.064,0.0,41.30,4.8691,0.774,12.4,1,,,0.01667,0.0000,0.0000,0.0000,0.0000,0.1667,0.1020,0.0371,SAFE,True,10,0,,,,,,
1771435998.064,0.0,40.72,4.8513,0.765,11.8,1,,,0.01685,0.0000,0.0000,0.0000,0.0000,0.1685,0.0974,0.0363,SAFE,True,10,0,,,,,,
1771435998.064,0.0,,,,,,,,,,,,,,,0.0363,SAFE,,10,,t319_0,0.55,LOW,LOCAL,SAFE: all tasks permitted (weight=0.55),
1771435998.064,0.0,41.27,4.8308,0.790,13.6,1,,,0.01867,0.0000,0.0000,0.0872,0.0000,0.1867,0.1100,0.0520,SAFE,True,10,0,,,,,,
1771435998.064,0.0,40.98,4.8688,0.780,12.8,1,,,0.01801,0.0000,0.0000,0.0000,0.0000,0.1801,0.1049,0.0390,SAFE,True,10,0,,,,,,
1771435998.064,0.0,40.35,4.8567,0.770,12.1,1,,,0.01736,0.0000,0.0000,0.0000,0.0000,0.1736,0.1000,0.0374,SAFE,True,10,0,,,,,,
1771435998.064,0.0,,,,,,,,,,,,,,,0.0374,SAFE,,10,,t322_0,0.32,HIGH,LOCAL,SAFE: all tasks permitted (weight=0.32),
1771435998.064,0.0,,,,,,,,,,,,,,,0.0374,SAFE,,10,,t322_1,0.73,NORMAL,LOCAL,SAFE: all tasks permitted (weight=0.73),
1771435998.064,0.0,41.55,4.8637,0.825,16.1,1,,,0.01720,0.0000,0.0000,0.0000,0.0000,0.1720,0.1276,0.0427,SAFE,True,10,0,,,,,,
1771435998.064,0.0,40.98,4.8713,0.812,15.2,1,,,0.01756,0.0000,0.0000,0.0000,0.0000,0.1756,0.1212,0.0418,SAFE,True,10,0,,,,,,
1771435998.064,0.0,41.35,4.8558,0.800,14.3,1,,,0.01746,0.0000,0.0000,0.0000,0.0000,0.1746,0.1152,0.0405,SAFE,True,10,0,,,,,,
1771435998.064,0.0,41.65,4.8810,0.789,13.5,1,,,0.01864,0.0000,0.0000,0.0000,0.0000,0.1864,0.1097,0.0406,SAFE,True,10,0,,,,,,
1771435998.064,0.0,40.71,4.8729,0.779,12.8,1,,,0.01694,0.0000,0.0000,0.0000,0.0000,0.1694,0.1045,0.0378,SAFE,True,10,0,,,,,,
1771435998.064,0.0,41.43,4.8642,0.769,12.1,1,,,0.01273,0.0000,0.0000,0.0000,0.0000,0.1273,0.0997,0.0327,SAFE,True,10,0,,,,,,
1771435998.064,0.0,,,,,,,,,,,,,,,0.0327,SAFE,,10,,t328_0,0.46,NORMAL,LOCAL,SAFE: all tasks permitted (weight=0.46),
1771435998.064,0.0,41.33,4.8761,0.789,13.5,1,,,0.01289,0.0000,0.0000,0.0000,0.0000,0.1289,0.1095,0.0348,SAFE,True,10,0,,,,,,window_reset|B=10
1771435998.064,0.0,40.86,4.8676,0.779,12.8,1,,,0.01284,0.0000,0.0000,0.0000,0.0000,0.1284,0.1044,0.0337,SAFE,True,10,0,,,,,,
1771435998.064,0.0,,,,,,,,,,,,,,,0.0337,SAFE,,10,,t330_0,0.82,NORMAL,LOCAL,SAFE: all tasks permitted (weight=0.82),
1771435998.064,0.0,41.50,4.8573,0.820,15.7,1,,,0.01248,0.0000,0.0000,0.0000,0.0000,0.1248,0.1250,0.0375,SAFE,True,10,0,,,,,,
1771435998.064,0.0,41.81,4.8486,0.807,14.8,1,,,0.00906,0.0000,0.0000,0.0065,0.0000,0.0906,0.1187,0.0337,SAFE,True,10,0,,,,,,
1771435998.064,0.0,41.12,4.8436,0.796,14.0,1,,,0.01077,0.0000,0.0000,0.0290,0.0000,0.1077,0.1130,0.0371,SAFE,True,10,0,,,,,,
1771435998.064,0.0,41.09,4.8757,0.785,13.2,1,,,0.01109,0.0000,0.0000,0.0000,0.0000,0.1109,0.1076,0.0326,SAFE,True,10,0,,,,,,
1771435998.064,0.0,41.70,4.8875,0.775,12.5,1,,,0.01272,0.0000,0.0000,0.0000,0.0000,0.1272,0.1026,0.0332,SAFE,True,10,0,,,,,,
1771435998.064,0.0,41.05,4.8528,0.766,11.8,1,,,0.01319,0.0000,0.0000,0.0000,0.0000,0.1319,0.0979,0.0328,SAFE,True,10,0,,,,,,
1771435998.064,0.0,41.77,4.8759,0.757,11.2,1,,,0.01316,0.0000,0.0000,0.0000,0.0000,0.1316,0.0936,0.0319,SAFE,True,10,0,,,,,,
1771435998.064,0.0,41.49,4.8884,0.749,10.6,0,,,0.01396,0.0000,0.0000,0.0000,0.0000,0.1396,0.0745,0.0289,SAFE,True,10,0,,,,,,
1771435998.064,0.0,41.21,4.8681,0.742,10.1,0,,,0.01387,0.0000,0.0000,0.0000,0.0000,0.1387,0.0708,0.0280,SAFE,True,10,0,,,,,,
1771435998.064,0.0,,,,,,,,,,,,,,,0.0280,SAFE,,10,,t339_0,0.67,CRITICAL,LOCAL,SAFE: all tasks permitted (weight=0.67),
1771435998.064,0.0,,,,,,,,,,,,,,,0.0280,SAFE,,10,,t339_1,0.55,CRITICAL,LOCAL,SAFE: all tasks permitted (weight=0.55),
1771435998.064,0.0,41.41,4.8473,0.810,15.0,1,,,0.01491,0.0000,0.0000,0.0123,0.0000,0.1491,0.1199,0.0405,SAFE,True,10,0,,,,,,
1771435998.064,0.0,,,,,,,,,,,,,,,0.0405,SAFE,,10,,t340_0,0.70,LOW,LOCAL,SAFE: all tasks permitted (weight=0.70),
1771435998.064,0.0,41.32,4.8470,0.841,17.2,1,,,0.01539,0.0000,0.0000,0.0138,0.0000,0.1539,0.1355,0.0443,SAFE,True,10,0,,,,,,
1771435998.064,0.0,,,,,,,,,,,,,,,0.0443,SAFE,,10,,t341_0,0.35,NORMAL,LOCAL,SAFE: all tasks permitted (weight=0.35),
1771435998.064,0.0,41.47,4.8520,0.849,17.8,1,,,0.01563,0.0000,0.0000,0.0000,0.0000,0.1563,0.1395,0.0435,SAFE,True,10,0,,,,,,
1771435998.064,0.0,41.64,4.8703,0.835,16.8,1,,,0.01572,0.0000,0.0000,0.0000,0.0000,0.1572,0.1323,0.0422,SAFE,True,10,0,,,,,,
1771435998.064,0.0,42.01,4.8565,0.821,15.8,1,,,0.01525,0.0000,0.0000,0.0000,0.0000,0.1525,0.1255,0.0404,SAFE,True,10,0,,,,,,window_reset|B=10
1771435998.065,0.0,41.43,4.8659,0.809,14.9,1,-20841.207,-10.00107,0.01399,0.0000,0.0000,0.0000,0.0000,0.1399,0.1193,0.0378,SAFE,True,10,0,,,,,,
1771435998.065,0.0,41.51,4.8426,0.797,14.1,1,653.267,-45.79938,0.01496,0.0000,0.0000,0.0336,0.0000,0.1496,0.1134,0.0420,SAFE,True,10,0,,,,,,
1771435998.065,0.0,,,,,,,,,,,,,,,0.0420,SAFE,,10,,t346_0,0.73,LOW,LOCAL,SAFE: all tasks permitted (weight=0.73),
1771435998.065,0.0,41.06,4.8545,0.831,16.5,1,-8702.748,-13.66370,0.01310,0.0000,0.0000,0.0000,0.0000,0.1310,0.1307,0.0392,SAFE,True,10,0,,,,,,
1771435998.065,0.0,41.89,4.8661,0.818,15.6,1,28723.902,18.83537,0.01299,0.0000,0.0000,0.0000,0.0000,0.1299,0.1241,0.0378,SAFE,True,10,0,,,,,,
1771435998.065,0.0,,,,,,,,,,,,,,,0.0378,SAFE,,10,,t348_0,0.59,NORMAL,LOCAL,SAFE: all tasks permitted (weight=0.59),
1771435998.065,0.0,42.18,4.8550,0.843,17.3,1,51825.431,8.04988,0.01229,0.0000,0.0000,0.0000,0.0000,0.1229,0.1363,0.0396,SAFE,True,10,0,,,,,,
1771435998.065,0.0,,,,,,,,,,,,,,,0.0396,SAFE,,10,,t349_0,0.44,LOW,LOCAL,SAFE: all tasks permitted (weight=0.44),
1771435998.065,0.0,41.42,4.8410,0.856,18.3,1,-3211.071,-10.97264,0.00970,0.0000,0.0000,0.0409,0.0000,0.0970,0.1430,0.0436,SAFE,True,10,0,,,,,,
1771435998.065,0.0,42.12,4.8543,0.841,17.2,1,29104.603,-15.96992,0.00893,0.0000,0.0000,0.0000,0.0000,0.0893,0.1355,0.0360,SAFE,True,10,0,,,,,,
1771435998.065,0.0,41.71,4.8352,0.827,16.2,1,-17986.458,-21.31905,0.01025,0.0000,0.0000,0.0671,0.0000,0.1025,0.1286,0.0447,SAFE,True,10,0,,,,,,
1771435998.065,0.0,41.98,4.8582,0.814,15.3,1,,,0.01013,0.0000,0.0000,0.0000,0.0000,0.1013,0.1221,0.0346,SAFE,True,10,0,,,,,,
1771435998.065,0.0,,,,,,,,,,,,,,,0.0346,SAFE,,10,,t353_0,0.34,LOW,LOCAL,SAFE: all tasks permitted (weight=0.34),
1771435998.065,0.0,42.12,4.8581,0.823,16.0,1,,,0.01016,0.0000,0.0000,0.0000,0.0000,0.1016,0.1267,0.0355,SAFE,True,10,0,,,,,,
1771435998.065,0.0,,,,,,,,,,,,,,,0.0355,SAFE,,10,,t354_0,0.51,NORMAL,LOCAL,SAFE: all tasks permitted (weight=0.51),
1771435998.065,0.0,41.70,4.8432,0.843,17.3,1,,,0.00945,0.0000,0.0000,0.0308,0.0000,0.0945,0.1363,0.0407,SAFE,True,10,0,,,,,,
1771435998.065,0.0,,,,,,,,,,,,,,,0.0407,SAFE,,10,,t355_0,0.64,CRITICAL,LOCAL,SAFE: all tasks permitted (weight=0.64),
1771435998.065,0.0,41.71,4.8361,0.868,19.2,2,,,0.01037,0.0000,0.0000,0.0631,0.0000,0.1037,0.1642,0.0514,SAFE,True,10,0,,,,,,
1771435998.065,0.0,,,,,,,,,,,,,,,0.0514,SAFE,,10,,t356_0,0.77,HIGH,LOCAL,SAFE: all tasks permitted (weight=0.77),
1771435998.065,0.0,42.52,4.8452,0.901,21.5,2,,,0.00940,0.0000,0.0000,0.0217,0.0000,0.0940,0.1803,0.0483,SAFE,True,10,0,,,,,,
1771435998.065,0.0,41.93,4.8124,0.882,20.2,2,,,0.01381,0.0000,0.0000,0.1707,0.0000,0.1381,0.1712,0.0703,SAFE,True,10,0,,,,,,
1771435998.065,0.0,,,,,,,,,,,,,,,0.0703,SAFE,,10,,t358_0,0.77,LOW,LOCAL,SAFE: all tasks permitted (weight=0.77),
1771435998.065,0.0,42.42,4.8439,0.914,22.4,2,,,0.01362,0.0000,0.0000,0.0278,0.0000,0.1362,0.1869,0.0546,SAFE,True,10,0,,,,,,window_reset|B=10
1771435998.065,0.0,42.27,4.8474,0.895,21.0,2,,,0.01219,0.0000,0.0000,0.0117,0.0000,0.1219,0.1773,0.0492,SAFE,True,10,0,,,,,,
1771435998.065,0.0,42.78,4.8469,0.877,19.8,2,,,0.01179,0.0000,0.0000,0.0143,0.0000,0.1179,0.1685,0.0473,SAFE,True,10,0,,,,,,
1771435998.065,0.0,,,,,,,,,,,,,,,0.0473,SAFE,,10,,t361_0,0.51,NORMAL,LOCAL,SAFE: all tasks permitted (weight=0.51),
1771435998.065,0.0,42.49,4.8393,0.893,20.9,2,,,0.01183,0.0000,0.0000,0.0487,0.0000,0.1183,0.1763,0.0534,SAFE,True,10,0,,,,,,
1771435998.065,0.0,43.19,4.8502,0.875,19.7,2,,,0.01156,0.0000,0.0000,0.0000,0.0000,0.1156,0.1676,0.0451,SAFE,True,10,0,,,,,,
1771435998.065,0.0,43.13,4.8576,0.859,18.5,1,,,0.01195,0.0000,0.0000,0.0000,0.0000,0.1195,0.1444,0.0408,SAFE,True,10,0,,,,,,
1771435998.065,0.0,,,,,,,,,,,,,,,0.0408,SAFE,,10,,t364_0,0.79,NORMAL,LOCAL,SAFE: all tasks permitted (weight=0.79),
1771435998.065,0.0,42.43,4.8248,0.893,20.9,2,,,0.01241,0.0000,0.0000,0.1146,0.0000,0.1241,0.1766,0.0626,SAFE,True,10,0,,,,,,
1771435998.065,0.0,42.79,4.8444,0.876,19.7,2,,,0.01148,0.0000,0.0000,0.0254,0.0000,0.1148,0.1678,0.0483,SAFE,True,10,0,,,,,,
1771435998.065,0.0,,,,,,,,,,,,,,,0.0483,SAFE,,10,,t366_0,0.68,NORMAL,LOCAL,SAFE: all tasks permitted (weight=0.68),
1771435998.065,0.0,42.70,4.8054,0.902,21.6,2,,,0.01505,0.0000,0.0000,0.2025,0.0000,0.1505,0.1810,0.0776,SAFE,True,10,0,,,,,,
1771435998.065,0.0,42.88,4.7915,0.884,20.3,2,,,0.01978,0.0000,0.0000,0.2659,0.0000,0.1978,0.1719,0.0887,CRITICAL,True,10,0,,,,,,
1771435998.065,0.0,42.83,4.8562,0.867,19.1,2,,,0.02051,0.0000,0.0000,0.0000,0.0000,0.2051,0.1635,0.0532,SAFE,True,10,0,,,,,,
1771435998.065,0.0,42.97,4.8353,0.851,17.9,1,,,0.01936,0.0000,0.0000,0.0666,0.0000,0.1936,0.1406,0.0561,SAFE,True,10,0,,,,,,
1771435998.065,0.0,,,,,,,,,,,,,,,0.0561,SAFE,,10,,t370_0,0.20,NORMAL,LOCAL,SAFE: all tasks permitted (weight=0.20),
1771435998.065,0.0,43.28,4.8324,0.849,17.8,1,,,0.01927,0.0000,0.0000,0.0800,0.0000,0.1927,0.1396,0.0576,SAFE,True,10,0,,,,,,
1771435998.065,0.0,42.64,4.8364,0.835,16.8,1,,,0.01897,0.0000,0.0000,0.0617,0.0000,0.1897,0.1324,0.0535,SAFE,True,10,0,,,,,,
1771435998.065,0.0,,,,,,,,,,,,,,,0.0535,SAFE,,10,,t372_0,0.39,LOW,LOCAL,SAFE: all tasks permitted (weight=0.39),
1771435998.065,0.0,43.69,4.8414,0.846,17.6,1,,,0.01874,0.0000,0.0000,0.0392,0.0000,0.1874,0.1379,0.0514,SAFE,True,10,0,,,,,,
1771435998.065,0.0,43.10,4.8475,0.832,16.5,1,,,0.01905,0.0000,0.0000,0.0112,0.0000,0.1905,0.1308,0.0467,SAFE,True,10,0,,,,,,window_reset|B=10
1771435998.065,0.0,,,,,,,,,,,,,,,0.0467,SAFE,,10,,t374_0,0.82,HIGH,LOCAL,SAFE: all tasks permitted (weight=0.82),
1771435998.065,0.0,43.31,4.8278,0.870,19.3,2,,,0.01859,0.0000,0.0000,0.1009,0.0000,0.1859,0.1651,0.0647,SAFE,True,10,0,,,,,,
1771435998.066,0.0,43.14,4.8303,0.854,18.2,1,16020.872,38.73261,0.01710,0.0000,0.0000,0.0898,0.0000,0.1710,0.1421,0.0572,SAFE,True,10,0,,,,,,
1771435998.066,0.0,43.83,4.8491,0.839,17.1,1,60250.791,-7.08898,0.01766,0.0000,0.0000,0.0041,0.0000,0.1766,0.1347,0.0451,SAFE,True,10,0,,,,,,
1771435998.066,0.0,43.09,4.8573,0.826,16.1,1,6930.041,21.95321,0.01868,0.0000,0.0000,0.0000,0.0000,0.1868,0.1278,0.0442,SAFE,True,10,0,,,,,,
1771435998.066,0.0,43.69,4.8611,0.813,15.2,1,24851.325,28.66905,0.01784,0.0000,0.0000,0.0000,0.0000,0.1784,0.1213,0.0421,SAFE,True,10,0,,,,,,
1771435998.066,0.0,42.93,4.8665,0.801,14.3,1,17761.054,30.03497,0.01249,0.0000,0.0000,0.0000,0.0000,0.1249,0.1154,0.0356,SAFE,True,10,0,,,,,,
1771435998.066,0.0,,,,,,,,,,,,,,,0.0356,SAFE,,10,,t380_0,0.50,NORMAL,LOCAL,SAFE: all tasks permitted (weight=0.50),
1771435998.066,0.0,43.07,4.8274,0.821,15.8,1,-37019.529,-13.96415,0.01289,0.0000,0.0000,0.1027,0.0000,0.1289,0.1257,0.0514,SAFE,True,10,0,,,,,,
1771435998.066,0.0,43.23,4.8594,0.809,14.9,1,7492.683,11.83585,0.01344,0.0000,0.0000,0.0000,0.0000,0.1344,0.1194,0.0373,SAFE,True,10,0,,,,,,
1771435998.066,0.0,,,,,,,,,,,,,,,0.0373,SAFE,,10,,t382_0,0.53,NORMAL,LOCAL,SAFE: all tasks permitted (weight=0.53),
1771435998.066,0.0,42.82,4.8353,0.830,16.4,1,-29419.330,7.44525,0.01325,0.0000,0.0000,0.0670,0.0000,0.1325,0.1301,0.0480,SAFE,True,10,0,,,,,,
1771435998.066,0.0,42.95,4.8394,0.817,15.5,1,,,0.01312,0.0000,0.0000,0.0483,0.0000,0.1312,0.1236,0.0441,SAFE,True,10,0,,,,,,
1771435998.066,0.0,43.04,4.8835,0.805,14.6,1,,,0.01675,0.0000,0.0000,0.0000,0.0000,0.1675,0.1174,0.0402,SAFE,True,10,0,,,,,,
1771435998.066,0.0,42.85,4.8676,0.793,13.8,1,,,0.01753,0.0000,0.0000,0.0000,0.0000,0.1753,0.1117,0.0399,SAFE,True,10,0,,,,,,
1771435998.066,0.0,42.58,4.8670,0.783,13.1,1,,,0.01665,0.0000,0.0000,0.0000,0.0000,0.1665,0.1064,0.0379,SAFE,True,10,0,,,,,,
1771435998.066,0.0,,,,,,,,,,,,,,,0.0379,SAFE,,10,,t387_0,0.77,NORMAL,LOCAL,SAFE: all tasks permitted (weight=0.77),
1771435998.066,0.0,42.70,4.8666,0.822,15.8,1,,,0.01538,0.0000,0.0000,0.0000,0.0000,0.1538,0.1258,0.0405,SAFE,True,10,0,,,,,,
1771435998.066,0.0,42.94,4.8675,0.809,14.9,1,,,0.01546,0.0000,0.0000,0.0000,0.0000,0.1546,0.1195,0.0394,SAFE,True,10,0,,,,,,window_reset|B=10
1771435998.066,0.0,42.97,4.8744,0.797,14.1,1,,,0.01609,0.0000,0.0000,0.0000,0.0000,0.1609,0.1137,0.0388,SAFE,True,10,0,,,,,,
1771435998.066,0.0,42.94,4.8550,0.786,13.3,1,,,0.01613,0.0000,0.0000,0.0000,0.0000,0.1613,0.1082,0.0378,SAFE,True,10,0,,,,,,
1771435998.066,0.0,42.79,4.8502,0.776,12.6,1,,,0.01614,0.0000,0.0000,0.0000,0.0000,0.1614,0.1032,0.0368,SAFE,True,10,0,,,,,,
1771435998.066,0.0,42.87,4.8643,0.767,11.9,1,,,0.01333,0.0000,0.0000,0.0000,0.0000,0.1333,0.0985,0.0330,SAFE,True,10,0,,,,,,
1771435998.066,0.0,42.82,4.8731,0.758,11.3,1,,,0.01374,0.0000,0.0000,0.0000,0.0000,0.1374,0.0941,0.0326,SAFE,True,10,0,,,,,,
1771435998.066,0.0,42.95,4.8607,0.750,10.7,0,,,0.01118,0.0000,0.0000,0.0000,0.0000,0.1118,0.0750,0.0262,SAFE,True,10,0,,,,,,
1771435998.066,0.0,,,,,,,,,,,,,,,0.0262,SAFE,,10,,t395_0,0.58,NORMAL,LOCAL,SAFE: all tasks permitted (weight=0.58),
1771435998.066,0.0,42.58,4.8511,0.780,12.8,1,,,0.00933,0.0000,0.0000,0.0000,0.0000,0.0933,0.1048,0.0303,SAFE,True,10,0,,,,,,
1771435998.066,0.0,42.87,4.8704,0.770,12.1,1,,,0.00775,0.0000,0.0000,0.0000,0.0000,0.0775,0.0999,0.0277,SAFE,True,10,0,,,,,,
1771435998.066,0.0,,,,,,,,,,,,,,,0.0277,SAFE,,10,,t397_0,0.71,HIGH,LOCAL,SAFE: all tasks permitted (weight=0.71),
1771435998.066,0.0,42.18,4.8389,0.806,14.7,1,,,0.01028,0.0000,0.0000,0.0505,0.0000,0.1028,0.1181,0.0405,SAFE,True,10,0,,,,,,
1771435998.066,0.0,43.07,4.8764,0.795,13.9,1,,,0.01100,0.0000,0.0000,0.0000,0.0000,0.1100,0.1124,0.0335,SAFE,True,10,0,,,,,,
1771435998.066,0.0,42.24,4.8554,0.784,13.1,1,,,0.01108,0.0000,0.0000,0.0000,0.0000,0.1108,0.1070,0.0325,SAFE,True,10,0,,,,,,
1771435998.066,0.0,42.41,4.8800,0.774,12.4,1,,,0.01214,0.0000,0.0000,0.0000,0.0000,0.1214,0.1021,0.0325,SAFE,True,10,0,,,,,,
1771435998.066,0.0,42.64,4.8859,0.765,11.8,1,,,0.01342,0.0000,0.0000,0.0000,0.0000,0.1342,0.0974,0.0329,SAFE,True,10,0,,,,,,
1771435998.066,0.0,41.76,4.8714,0.756,11.2,1,,,0.01332,0.0000,0.0000,0.0000,0.0000,0.1332,0.0931,0.0319,SAFE,True,10,0,,,,,,
1771435998.066,0.0,42.26,4.8493,0.748,10.6,0,,,0.01341,0.0000,0.0000,0.0031,0.0000,0.1341,0.0741,0.0286,SAFE,True,10,0,,,,,,window_reset|B=10
1771435998.066,0.0,42.29,4.8852,0.741,10.1,0,,,0.01454,0.0000,0.0000,0.0000,0.0000,0.1454,0.0704,0.0286,SAFE,True,10,0,,,,,,
1771435998.066,0.0,41.79,4.8657,0.734,9.6,0,,,0.01440,0.0000,0.0000,0.0000,0.0000,0.1440,0.0670,0.0278,SAFE,True,10,0,,,,,,
1771435998.066,0.0,42.35,4.9030,0.727,9.1,0,,,0.01754,0.0000,0.0000,0.0000,0.0000,0.1754,0.0637,0.0303,SAFE,True,10,0,,,,,,
1771435998.066,0.0,,,,,,,,,,,,,,,0.0303,SAFE,,10,,t407_0,0.53,NORMAL,LOCAL,SAFE: all tasks permitted (weight=0.53),
1771435998.066,0.0,42.09,4.8497,0.755,11.1,1,,,0.01766,0.0000,0.0000,0.0013,0.0000,0.1766,0.0925,0.0363,SAFE,True,10,0,,,,,,
1771435998.066,0.0,42.36,4.8669,0.747,10.5,0,,,0.01767,0.0000,0.0000,0.0000,0.0000,0.1767,0.0736,0.0324,SAFE,True,10,0,,,,,,
1771435998.066,0.0,41.53,4.8579,0.740,10.0,0,,,0.01563,0.0000,0.0000,0.0000,0.0000,0.1563,0.0699,0.0296,SAFE,True,10,0,,,,,,
1771435998.066,0.0,41.96,4.8840,0.733,9.5,0,,,0.01601,0.0000,0.0000,0.0000,0.0000,0.1601,0.0665,0.0293,SAFE,True,10,0,,,,,,
1771435998.066,0.0,41.74,4.8926,0.727,9.0,0,,,0.01625,0.0000,0.0000,0.0000,0.0000,0.1625,0.0633,0.0289,SAFE,True,10,0,,,,,,
1771435998.066,0.0,,,,,,,,,,,,,,,0.0289,SAFE,,10,,t412_0,0.67,HIGH,LOCAL,SAFE: all tasks permitted (weight=0.67),
1771435998.066,0.0,41.53,4.8707,0.764,11.7,1,,,0.01618,0.0000,0.0000,0.0000,0.0000,0.1618,0.0968,0.0355,SAFE,True,10,0,,,,,,
1771435998.066,0.0,42.28,4.8829,0.755,11.1,1,,,0.01601,0.0000,0.0000,0.0000,0.0000,0.1601,0.0926,0.0345,SAFE,True,10,0,,,,,,
1771435998.066,0.0,42.10,4.8549,0.747,10.5,0,,,0.01681,0.0000,0.0000,0.0000,0.0000,0.1681,0.0736,0.0315,SAFE,True,10,0,,,,,,
1771435998.066,0.0,41.32,4.8769,0.740,10.0,0,,,0.01539,0.0000,0.0000,0.0000,0.0000,0.1539,0.0699,0.0294,SAFE,True,10,0,,,,,,
1771435998.066,0.0,41.76,4.8513,0.733,9.5,0,,,0.01621,0.0000,0.0000,0.0000,0.0000,0.1621,0.0665,0.0295,SAFE,True,10,0,,,,,,
1771435998.066,0.0,41.70,4.8627,0.727,9.0,0,,,0.01632,0.0000,0.0000,0.0000,0.0000,0.1632,0.0633,0.0290,SAFE,True,10,0,,,,,,
1771435998.066,0.0,,,,,,,,,,,,,,,0.0290,SAFE,,10,,t418_0,0.32,NORMAL,LOCAL,SAFE: all tasks permitted (weight=0.32),
1771435998.066,0.0,41.32,4.8786,0.741,10.1,0,,,0.01350,0.0000,0.0000,0.0000,0.0000,0.1350,0.0705,0.0276,SAFE,True,10,0,,,,,,window_reset|B=10
1771435998.066,0.0,,,,,,,,,,,,,,,0.0276,SAFE,,10,,t419_0,0.71,NORMAL,LOCAL,SAFE: all tasks permitted (weight=0.71),
1771435998.066,0.0,42.00,4.8854,0.780,12.9,1,,,0.01282,0.0000,0.0000,0.0000,0.0000,0.1282,0.1050,0.0338,SAFE,True,10,0,,,,,,
1771435998.066,0.0,41.40,4.8523,0.770,12.2,1,,,0.01391,0.0000,0.0000,0.0000,0.0000,0.1391,0.1002,0.0339,SAFE,True,10,0,,,,,,
1771435998.066,0.0,41.46,4.8868,0.761,11.5,1,,,0.01396,0.0000,0.0000,0.0000,0.0000,0.1396,0.0957,0.0331,SAFE,True,10,0,,,,,,
1771435998.066,0.0,,,,,,,,,,,,,,,0.0331,SAFE,,10,,t422_0,0.61,LOW,LOCAL,SAFE: all tasks permitted (weight=0.61),
1771435998.066,0.0,41.29,4.8616,0.792,13.7,1,,,0.01390,0.0000,0.0000,0.0000,0.0000,0.1390,0.1110,0.0361,SAFE,True,10,0,,,,,,
1771435998.066,0.0,,,,,,,,,,,,,,,0.0361,SAFE,,10,,t423_0,0.65,HIGH,LOCAL,SAFE: all tasks permitted (weight=0.65),
1771435998.066,0.0,41.45,4.8687,0.823,16.0,1,,,0.01234,0.0000,0.0000,0.0000,0.0000,0.1234,0.1267,0.0377,SAFE,True,10,0,,,,,,
1771435998.066,0.0,41.11,4.8414,0.811,15.0,1,,,0.01454,0.0000,0.0000,0.0390,0.0000,0.1454,0.1203,0.0437,SAFE,True,10,0,,,,,,
1771435998.066,0.0,41.68,4.8627,0.799,14.2,1,,,0.01374,0.0000,0.0000,0.0000,0.0000,0.1374,0.1144,0.0366,SAFE,True,10,0,,,,,,
1771435998.066,0.0,41.46,4.8870,0.788,13.4,1,,,0.01456,0.0000,0.0000,0.0000,0.0000,0.1456,0.1089,0.0364,SAFE,True,10,0,,,,,,
1771435998.066,0.0,42.07,4.8504,0.778,12.7,1,,,0.01504,0.0000,0.0000,0.0000,0.0000,0.1504,0.1038,0.0358,SAFE,True,10,0,,,,,,
1771435998.066,0.0,,,,,,,,,,,,,,,0.0358,SAFE,,10,,t428_0,0.54,CRITICAL,LOCAL,SAFE: all tasks permitted (weight=0.54),
1771435998.066,0.0,41.44,4.8547,0.803,14.5,1,,,0.01479,0.0000,0.0000,0.0000,0.0000,0.1479,0.1166,0.0381,SAFE,True,10,0,,,,,,
1771435998.066,0.0,42.04,4.8576,0.792,13.7,1,,,0.01495,0.0000,0.0000,0.0000,0.0000,0.1495,0.1109,0.0371,SAFE,True,10,0,,,,,,
1771435998.066,0.0,41.00,4.8458,0.781,13.0,1,,,0.01532,0.0000,0.0000,0.0192,0.0000,0.1532,0.1057,0.0390,SAFE,True,10,0,,,,,,
1771435998.066,0.0,41.19,4.8863,0.772,12.3,1,,,0.01542,0.0000,0.0000,0.0000,0.0000,0.1542,0.1008,0.0356,SAFE,True,10,0,,,,,,
1771435998.066,0.0,41.28,4.8476,0.763,11.6,1,,,0.01574,0.0000,0.0000,0.0109,0.0000,0.1574,0.0963,0.0364,SAFE,True,10,0,,,,,,
1771435998.066,0.0,41.37,4.8571,0.754,11.0,1,,,0.01397,0.0000,0.0000,0.0000,0.0000,0.1397,0.0921,0.0324,SAFE,True,10,0,,,,,,window_reset|B=10
1771435998.066,0.0,41.23,4.8820,0.746,10.4,0,,,0.01524,0.0000,0.0000,0.0000,0.0000,0.1524,0.0731,0.0299,SAFE,True,10,0,,,,,,
1771435998.066,0.0,,,,,,,,,,,,,,,0.0299,SAFE,,10,,t435_0,0.25,LOW,LOCAL,SAFE: all tasks permitted (weight=0.25),
1771435998.067,0.0,41.54,4.8826,0.755,11.1,1,-21075.508,21.44855,0.01622,0.0000,0.0000,0.0000,0.0000,0.1622,0.0926,0.0347,SAFE,True,10,0,,,,,,
1771435998.067,0.0,41.20,4.8768,0.747,10.5,0,-9423.634,14.69676,0.01522,0.0000,0.0000,0.0000,0.0000,0.1522,0.0736,0.0300,SAFE,True,10,0,,,,,,
1771435998.067,0.0,,,,,,,,,,,,,,,0.0300,SAFE,,10,,t437_0,0.67,NORMAL,LOCAL,SAFE: all tasks permitted (weight=0.67),
1771435998.067,0.0,,,,,,,,,,,,,,,0.0300,SAFE,,10,,t437_1,0.66,NORMAL,LOCAL,SAFE: all tasks permitted (weight=0.66),
1771435998.067,0.0,41.98,4.8666,0.826,16.2,1,-2666.300,5.97798,0.01519,0.0000,0.0000,0.0000,0.0000,0.1519,0.1281,0.0408,SAFE,True,10,0,,,,,,
1771435998.067,0.0,41.57,4.8273,0.813,15.2,1,22905.794,-12.31857,0.01722,0.0000,0.0000,0.1033,0.0000,0.1722,0.1217,0.0550,SAFE,True,10,0,,,,,,
1771435998.067,0.0,41.78,4.8622,0.801,14.4,1,23657.227,-15.99626,0.01690,0.0000,0.0000,0.0000,0.0000,0.1690,0.1157,0.0400,SAFE,True,10,0,,,,,,
1771435998.067,0.0,41.73,4.8736,0.790,13.6,1,17937.920,17.31358,0.01701,0.0000,0.0000,0.0000,0.0000,0.1701,0.1101,0.0390,SAFE,True,10,0,,,,,,
1771435998.067,0.0,41.78,4.8440,0.780,12.8,1,16157.255,-8.73355,0.01782,0.0000,0.0000,0.0272,0.0000,0.1782,0.1049,0.0423,SAFE,True,10,0,,,,,,
1771435998.067,0.0,,,,,,,,,,,,,,,0.0423,SAFE,,10,,t442_0,0.29,CRITICAL,LOCAL,SAFE: all tasks permitted (weight=0.29),
1771435998.067,0.0,41.69,4.8767,0.789,13.5,1,18713.430,-3.53012,0.01742,0.0000,0.0000,0.0000,0.0000,0.1742,0.1096,0.0393,SAFE,True,10,0,,,,,,
1771435998.067,0.0,41.43,4.8568,0.779,12.8,1,,,0.01633,0.0000,0.0000,0.0000,0.0000,0.1633,0.1045,0.0372,SAFE,True,10,0,,,,,,
1771435998.067,0.0,41.40,4.8927,0.769,12.1,1,,,0.01755,0.0000,0.0000,0.0000,0.0000,0.1755,0.0997,0.0375,SAFE,True,10,0,,,,,,
1771435998.067,0.0,41.24,4.8696,0.760,11.5,1,,,0.01733,0.0000,0.0000,0.0000,0.0000,0.1733,0.0952,0.0364,SAFE,True,10,0,,,,,,
1771435998.068,0.0,,,,,,,,,,,,,,,0.0364,SAFE,,10,,t446_0,0.51,NORMAL,LOCAL,SAFE: all tasks permitted (weight=0.51),
1771435998.068,0.0,40.93,4.8700,0.785,13.2,1,-126869.435,141.43480,0.01680,0.0000,0.0000,0.0000,0.0000,0.1680,0.1076,0.0383,SAFE,True,10,0,,,,,,
1771435998.068,0.0,42.30,4.8536,0.775,12.5,1,103457.884,-28.54180,0.01640,0.0000,0.0000,0.0000,0.0000,0.1640,0.1026,0.0369,SAFE,True,10,0,,,,,,
1771435998.068,0.0,41.41,4.8839,0.766,11.9,1,-62535.771,34.14758,0.01697,0.0000,0.0000,0.0000,0.0000,0.1697,0.0980,0.0366,SAFE,True,10,0,,,,,,window_reset|B=10
1771435998.068,0.0,,,,,,,,,,,,,,,0.0366,SAFE,,10,,t449_0,0.45,LOW,LOCAL,SAFE: all tasks permitted (weight=0.45),
1771435998.068,0.0,42.02,4.8587,0.786,13.3,1,47444.084,48.63356,0.01703,0.0000,0.0000,0.0000,0.0000,0.1703,0.1081,0.0387,SAFE,True,10,0,,,,,,
1771435998.068,0.0,41.62,4.8755,0.776,12.6,1,-15543.472,-3.87404,0.01311,0.0000,0.0000,0.0000,0.0000,0.1311,0.1031,0.0337,SAFE,True,10,0,,,,,,
1771435998.068,0.0,41.72,4.8569,0.767,11.9,1,58303.613,0.43550,0.01339,0.0000,0.0000,0.0000,0.0000,0.1339,0.0984,0.0331,SAFE,True,10,0,,,,,,
1771435998.068,0.0,41.76,4.8491,0.758,11.3,1,70919.772,-144.34550,0.01418,0.0000,0.0000,0.0042,0.0000,0.1418,0.0940,0.0335,SAFE,True,10,0,,,,,,
1771435998.068,0.0,41.42,4.8632,0.750,10.7,0,35730.507,-21.26856,0.01265,0.0000,0.0000,0.0000,0.0000,0.1265,0.0749,0.0276,SAFE,True,10,0,,,,,,
1771435998.068,0.0,41.55,4.8892,0.742,10.2,0,,,0.01384,0.0000,0.0000,0.0000,0.0000,0.1384,0.0712,0.0281,SAFE,True,10,0,,,,,,
1771435998.068,0.0,,,,,,,,,,,,,,,0.0281,SAFE,,10,,t455_0,0.34,HIGH,LOCAL,SAFE: all tasks permitted (weight=0.34),
1771435998.068,0.0,41.39,4.8886,0.758,11.3,1,,,0.01442,0.0000,0.0000,0.0000,0.0000,0.1442,0.0938,0.0332,SAFE,True,10,0,,,,,,
1771435998.068,0.0,41.40,4.8762,0.749,10.7,0,,,0.01300,0.0000,0.0000,0.0000,0.0000,0.1300,0.0747,0.0279,SAFE,True,10,0,,,,,,
1771435998.068,0.0,41.36,4.9229,0.742,10.1,0,,,0.01967,0.0000,0.0000,0.0000,0.0000,0.1967,0.0710,0.0339,SAFE,True,10,0,,,,,,
1771435998.068,0.0,41.91,4.8860,0.735,9.6,0,,,0.01989,0.0000,0.0000,0.0000,0.0000,0.1989,0.0675,0.0334,SAFE,True,10,0,,,,,,
1771435998.068,0.0,,,,,,,,,,,,,,,0.0334,SAFE,,10,,t459_0,0.34,LOW,LOCAL,SAFE: all tasks permitted (weight=0.34),
1771435998.068,0.0,40.89,4.8546,0.750,10.7,0,,,0.01980,0.0000,0.0000,0.0000,0.0000,0.1980,0.0752,0.0348,SAFE,True,10,0,,,,,,
1771435998.068,0.0,41.04,4.9027,0.743,10.2,0,,,0.02112,0.0000,0.0000,0.0000,0.0000,0.2112,0.0714,0.0354,SAFE,True,10,0,,,,,,
1771435998.068,0.0,41.43,4.8966,0.736,9.7,0,,,0.02098,0.0000,0.0000,0.0000,0.0000,0.2098,0.0678,0.0345,SAFE,True,10,0,,,,,,
1771435998.068,0.0,41.20,4.8817,0.729,9.2,0,,,0.02094,0.0000,0.0000,0.0000,0.0000,0.2094,0.0646,0.0339,SAFE,True,10,0,,,,,,
1771435998.068,0.0,,,,,,,,,,,,,,,0.0339,SAFE,,10,,t463_0,0.47,CRITICAL,LOCAL,SAFE: all tasks permitted (weight=0.47),
1771435998.068,0.0,41.26,4.8583,0.754,11.0,1,,,0.02081,0.0000,0.0000,0.0000,0.0000,0.2081,0.0921,0.0392,SAFE,True,10,0,,,,,,window_reset|B=10
1771435998.068,0.0,40.90,4.8746,0.746,10.4,0,,,0.01865,0.0000,0.0000,0.0000,0.0000,0.1865,0.0731,0.0333,SAFE,True,10,0,,,,,,
1771435998.068,0.0,40.98,4.8824,0.739,9.9,0,,,0.01769,0.0000,0.0000,0.0000,0.0000,0.1769,0.0695,0.0316,SAFE,True,10,0,,,,,,
1771435998.068,0.0,41.06,4.8655,0.732,9.4,0,,,0.01837,0.0000,0.0000,0.0000,0.0000,0.1837,0.0661,0.0316,SAFE,True,10,0,,,,,,
1771435998.068,0.0,41.26,4.8714,0.726,9.0,0,,,0.01851,0.0000,0.0000,0.0000,0.0000,0.1851,0.0629,0.0311,SAFE,True,10,0,,,,,,
1771435998.068,0.0,40.65,4.8828,0.720,8.6,0,,,0.01845,0.0000,0.0000,0.0000,0.0000,0.1845,0.0600,0.0305,SAFE,True,10,0,,,,,,
1771435998.068,0.0,,,,,,,,,,,,,,,0.0305,SAFE,,10,,t469_0,0.26,HIGH,LOCAL,SAFE: all tasks permitted (weight=0.26),
1771435998.068,0.0,40.47,4.8888,0.732,9.4,0,,,0.01395,0.0000,0.0000,0.0000,0.0000,0.1395,0.0659,0.0271,SAFE,True,10,0,,,,,,
1771435998.068,0.0,40.42,4.8928,0.725,9.0,0,,,0.01435,0.0000,0.0000,0.0000,0.0000,0.1435,0.0627,0.0269,SAFE,True,10,0,,,,,,
1771435998.068,0.0,,,,,,,,,,,,,,,0.0269,SAFE,,10,,t471_0,0.29,HIGH,LOCAL,SAFE: all tasks permitted (weight=0.29),
1771435998.068,0.0,40.88,4.8777,0.739,9.9,0,,,0.01231,0.0000,0.0000,0.0000,0.0000,0.1231,0.0695,0.0262,SAFE,True,10,0,,,,,,
1771435998.068,0.0,39.85,4.8784,0.732,9.4,0,,,0.01048,0.0000,0.0000,0.0000,0.0000,0.1048,0.0661,0.0237,SAFE,True,10,0,,,,,,
1771435998.068,0.0,,,,,,,,,,,,,,,0.0237,SAFE,,10,,t473_0,0.35,LOW,LOCAL,SAFE: all tasks permitted (weight=0.35),
1771435998.068,0.0,40.47,4.8856,0.749,10.7,0,-43508.924,4.45293,0.00934,0.0000,0.0000,0.0000,0.0000,0.0934,0.0746,0.0243,SAFE,True,10,0,,,,,,
1771435998.068,0.0,40.94,4.8764,0.742,10.1,0,-10354.775,15.52514,0.00930,0.0000,0.0000,0.0000,0.0000,0.0930,0.0708,0.0235,SAFE,True,10,0,,,,,,
1771435998.068,0.0,40.75,4.8670,0.735,9.6,0,-43631.009,-6.28930,0.00799,0.0000,0.0000,0.0000,0.0000,0.0799,0.0673,0.0215,SAFE,True,10,0,,,,,,
1771435998.068,0.0,,,,,,,,,,,,,,,0.0215,SAFE,,10,,t476_0,0.47,NORMAL,LOCAL,SAFE: all tasks permitted (weight=0.47),
1771435998.068,0.0,40.33,4.8543,0.759,11.3,1,-28005.185,-40.55852,0.01043,0.0000,0.0000,0.0000,0.0000,0.1043,0.0944,0.0293,SAFE,True,10,0,,,,,,
1771435998.068,0.0,40.63,4.8782,0.751,10.8,0,13930.686,-15.20203,0.01030,0.0000,0.0000,0.0000,0.0000,0.1030,0.0753,0.0254,SAFE,True,10,0,,,,,,
1771435998.068,0.0,40.73,4.8690,0.743,10.2,0,26816.381,-33.88315,0.01003,0.0000,0.0000,0.0000,0.0000,0.1003,0.0715,0.0243,SAFE,True,10,0,,,,,,window_reset|B=10
1771435998.068,0.0,40.18,4.8838,0.736,9.7,0,-60214.872,8.64928,0.01005,0.0000,0.0000,0.0000,0.0000,0.1005,0.0680,0.0237,SAFE,True,10,0,,,,,,
1771435998.068,0.0,40.64,4.8766,0.729,9.2,0,67992.690,-2.58942,0.00995,0.0000,0.0000,0.0000,0.0000,0.0995,0.0647,0.0229,SAFE,True,10,0,,,,,,
1771435998.068,0.0,40.32,4.8859,0.723,8.8,0,,,0.00970,0.0000,0.0000,0.0000,0.0000,0.0970,0.0616,0.0220,SAFE,True,10,0,,,,,,
1771435998.068,0.0,40.55,4.8886,0.718,8.4,0,,,0.00919,0.0000,0.0000,0.0000,0.0000,0.0919,0.0588,0.0210,SAFE,True,10,0,,,,,,
1771435998.068,0.0,39.58,4.8824,0.712,8.0,0,,,0.00932,0.0000,0.0000,0.0000,0.0000,0.0932,0.0561,0.0206,SAFE,True,10,0,,,,,,
1771435998.068,0.0,40.42,4.9104,0.707,7.7,0,,,0.01311,0.0000,0.0000,0.0000,0.0000,0.1311,0.0537,0.0238,SAFE,True,10,0,,,,,,
1771435998.068,0.0,40.05,4.9080,0.703,7.3,0,,,0.01521,0.0000,0.0000,0.0000,0.0000,0.1521,0.0514,0.0255,SAFE,True,10,0,,,,,,
1771435998.068,0.0,40.25,4.8968,0.699,7.0,0,,,0.01566,0.0000,0.0000,0.0000,0.0000,0.1566,0.0493,0.0255,SAFE,True,10,0,,,,,,
1771435998.068,0.0,40.64,4.8776,0.695,6.8,0,,,0.01499,0.0000,0.0000,0.0000,0.0000,0.1499,0.0473,0.0245,SAFE,True,10,0,,,,,,
1771435998.068,0.0,,,,,,,,,,,,,,,0.0245,SAFE,,10,,t488_0,0.29,HIGH,LOCAL,SAFE: all tasks permitted (weight=0.29),
1771435998.068,0.0,39.61,4.9107,0.710,7.9,0,,,0.01364,0.0000,0.0000,0.0000,0.0000,0.1364,0.0552,0.0247,SAFE,True,10,0,,,,,,
1771435998.068,0.0,39.50,4.8892,0.706,7.5,0,,,0.01325,0.0000,0.0000,0.0000,0.0000,0.1325,0.0528,0.0238,SAFE,True,10,0,,,,,,
1771435998.068,0.0,40.29,4.8690,0.701,7.2,0,,,0.01325,0.0000,0.0000,0.0000,0.0000,0.1325,0.0506,0.0234,SAFE,True,10,0,,,,,,
1771435998.068,0.0,39.64,4.8755,0.697,6.9,0,,,0.01375,0.0000,0.0000,0.0000,0.0000,0.1375,0.0485,0.0235,SAFE,True,10,0,,,,,,
1771435998.068,0.0,39.98,4.8967,0.693,6.7,0,,,0.01333,0.0000,0.0000,0.0000,0.0000,0.1333,0.0466,0.0226,SAFE,True,10,0,,,,,,
1771435998.068,0.0,,,,,,,,,,,,,,,0.0226,SAFE,,10,,t493_0,0.32,HIGH,LOCAL,SAFE: all tasks permitted (weight=0.32),
1771435998.068,0.0,39.86,4.9042,0.711,7.9,0,,,0.01371,0.0000,0.0000,0.0000,0.0000,0.1371,0.0556,0.0248,SAFE,True,10,0,,,,,,window_reset|B=10
1771435998.068,0.0,,,,,,,,,,,,,,,0.0248,SAFE,,10,,t494_0,0.56,NORMAL,LOCAL,SAFE: all tasks permitted (weight=0.56),
1771435998.068,0.0,39.90,4.8652,0.743,10.2,0,,,0.01565,0.0000,0.0000,0.0000,0.0000,0.1565,0.0717,0.0300,SAFE,True,10,0,,,,,,
1771435998.068,0.0,40.19,4.8693,0.736,9.7,0,,,0.01660,0.0000,0.0000,0.0000,0.0000,0.1660,0.0682,0.0302,SAFE,True,10,0,,,,,,
1771435998.068,0.0,39.86,4.9195,0.730,9.3,0,,,0.01771,0.0000,0.0000,0.0000,0.0000,0.1771,0.0649,0.0307,SAFE,True,10,0,,,,,,
1771435998.068,0.0,40.35,4.8926,0.724,8.8,0,,,0.01691,0.0000,0.0000,0.0000,0.0000,0.1691,0.0618,0.0293,SAFE,True,10,0,,,,,,
1771435998.068,0.0,,,,,,,,,,,,,,,0.0293,SAFE,,10,,t498_0,0.79,LOW,LOCAL,SAFE: all tasks permitted (weight=0.79),
1771435998.068,0.0,40.15,4.8485,0.770,12.1,1,,,0.02001,0.0000,0.0000,0.0070,0.0000,0.2001,0.1000,0.0409,SAFE,True,10,0,,,,,,
1771435998.068,0.0,40.28,4.8867,0.761,11.5,1,,,0.01990,0.0000,0.0000,0.0000,0.0000,0.1990,0.0955,0.0390,SAFE,True,10,0,,,,,,
1771435998.068,0.0,40.15,4.8756,0.753,10.9,0,,,0.01852,0.0000,0.0000,0.0000,0.0000,0.1852,0.0764,0.0338,SAFE,True,10,0,,,,,,
1771435998.068,0.0,39.85,4.8869,0.745,10.4,0,,,0.01846,0.0000,0.0000,0.0000,0.0000,0.1846,0.0725,0.0330,SAFE,True,10,0,,,,,,
1771435998.068,0.0,,,,,,,,,,,,,,,0.0330,SAFE,,10,,t502_0,0.28,NORMAL,LOCAL,SAFE: all tasks permitted (weight=0.28),
1771435998.068,0.0,39.70,4.8601,0.756,11.2,1,,,0.01916,0.0000,0.0000,0.0000,0.0000,0.1916,0.0931,0.0378,SAFE,True,10,0,,,,,,
1771435998.068,0.0,39.71,4.8927,0.748,10.6,0,,,0.01928,0.0000,0.0000,0.0000,0.0000,0.1928,0.0741,0.0341,SAFE,True,10,0,,,,,,
1771435998.068,0.0,39.77,4.8754,0.741,10.1,0,,,0.01893,0.0000,0.0000,0.0000,0.0000,0.1893,0.0704,0.0330,SAFE,True,10,0,,,,,,
1771435998.068,0.0,40.06,4.8866,0.734,9.6,0,,,0.01775,0.0000,0.0000,0.0000,0.0000,0.1775,0.0669,0.0311,SAFE,True,10,0,,,,,,
1771435998.068,0.0,,,,,,,,,,,,,,,0.0311,SAFE,,10,,t506_0,0.54,HIGH,LOCAL,SAFE: all tasks permitted (weight=0.54),
1771435998.068,0.0,39.78,4.8714,0.763,11.7,1,,,0.01740,0.0000,0.0000,0.0000,0.0000,0.1740,0.0966,0.0367,SAFE,True,10,0,,,,,,
1771435998.068,0.0,40.08,4.8847,0.755,11.1,1,,,0.01710,0.0000,0.0000,0.0000,0.0000,0.1710,0.0924,0.0356,SAFE,True,10,0,,,,,,
1771435998.068,0.0,40.34,4.8758,0.747,10.5,0,,,0.01277,0.0000,0.0000,0.0000,0.0000,0.1277,0.0734,0.0275,SAFE,True,10,0,,,,,,window_reset|B=10
1771435998.068,0.0,,,,,,,,,,,,,,,0.0275,SAFE,,10,,t509_0,0.45,LOW,LOCAL,SAFE: all tasks permitted (weight=0.45),
1771435998.068,0.0,39.97,4.8697,0.769,12.1,1,,,0.01216,0.0000,0.0000,0.0000,0.0000,0.1216,0.0997,0.0321,SAFE,True,10,0,,,,,,
1771435998.068,0.0,39.53,4.8810,0.760,11.5,1,,,0.00886,0.0000,0.0000,0.0000,0.0000,0.0886,0.0952,0.0279,SAFE,True,10,0,,,,,,
1771435998.068,0.0,40.54,4.8859,0.752,10.9,0,,,0.00879,0.0000,0.0000,0.0000,0.0000,0.0879,0.0761,0.0240,SAFE,True,10,0,,,,,,
1771435998.069,0.0,,,,,,,,,,,,,,,0.0240,SAFE,,10,,t512_0,0.52,NORMAL,LOCAL,SAFE: all tasks permitted (weight=0.52),
1771435998.069,0.0,40.07,4.8791,0.779,12.8,1,18291.492,3.64481,0.00874,0.0000,0.0000,0.0000,0.0000,0.0874,0.1045,0.0296,SAFE,True,10,0,,,,,,
1771435998.069,0.0,39.61,4.8613,0.769,12.1,1,-27061.732,-25.34142,0.00965,0.0000,0.0000,0.0000,0.0000,0.0965,0.0997,0.0296,SAFE,True,10,0,,,,,,
1771435998.069,0.0,40.07,4.8395,0.760,11.5,1,17107.341,-31.93355,0.01355,0.0000,0.0000,0.0478,0.0000,0.1355,0.0952,0.0388,SAFE,True,10,0,,,,,,
1771435998.069,0.0,,,,,,,,,,,,,,,0.0388,SAFE,,10,,t515_0,0.24,LOW,LOCAL,SAFE: all tasks permitted (weight=0.24),
1771435998.069,0.0,40.35,4.8523,0.768,12.0,1,16527.766,-32.39729,0.01382,0.0000,0.0000,0.0000,0.0000,0.1382,0.0990,0.0336,SAFE,True,10,0,,,,,,
1771435998.069,0.0,40.32,4.8794,0.759,11.4,1,-1596.651,3.57562,0.01395,0.0000,0.0000,0.0000,0.0000,0.1395,0.0946,0.0329,SAFE,True,10,0,,,,,,
1771435998.069,0.0,40.65,4.8778,0.751,10.8,0,40450.439,8.05747,0.01339,0.0000,0.0000,0.0000,0.0000,0.1339,0.0755,0.0285,SAFE,True,10,0,,,,,,
1771435998.069,0.0,,,,,,,,,,,,,,,0.0285,SAFE,,10,,t518_0,0.32,CRITICAL,LOCAL,SAFE: all tasks permitted (weight=0.32),
1771435998.069,0.0,40.41,4.8533,0.765,11.8,1,53036.830,-27.72510,0.01430,0.0000,0.0000,0.0000,0.0000,0.1430,0.0974,0.0338,SAFE,True,10,0,,,,,,
1771435998.069,0.0,40.52,4.8792,0.756,11.2,1,-1228.757,-6.68159,0.01390,0.0000,0.0000,0.0000,0.0000,0.1390,0.0931,0.0325,SAFE,True,10,0,,,,,,
1771435998.069,0.0,40.23,4.8585,0.748,10.6,0,,,0.01407,0.0000,0.0000,0.0000,0.0000,0.1407,0.0741,0.0289,SAFE,True,10,0,,,,,,
1771435998.069,0.0,40.34,4.8725,0.741,10.1,0,,,0.01412,0.0000,0.0000,0.0000,0.0000,0.1412,0.0704,0.0282,SAFE,True,10,0,,,,,,
1771435998.069,0.0,,,,,,,,,,,,,,,0.0282,SAFE,,10,,t522_0,0.54,NORMAL,LOCAL,SAFE: all tasks permitted (weight=0.54),
1771435998.069,0.0,40.11,4.8565,0.770,12.2,1,,,0.01391,0.0000,0.0000,0.0000,0.0000,0.1391,0.1002,0.0339,SAFE,True,10,0,,,,,,
1771435998.069,0.0,39.98,4.8959,0.761,11.5,1,,,0.01530,0.0000,0.0000,0.0000,0.0000,0.1530,0.0957,0.0344,SAFE,True,10,0,,,,,,window_reset|B=10
1771435998.069,0.0,40.21,4.8675,0.753,10.9,0,,,0.01487,0.0000,0.0000,0.0000,0.0000,0.1487,0.0765,0.0302,SAFE,True,10,0,,,,,,
1771435998.069,0.0,39.73,4.8891,0.745,10.4,0,,,0.01606,0.0000,0.0000,0.0000,0.0000,0.1606,0.0726,0.0306,SAFE,True,10,0,,,,,,
1771435998.069,0.0,,,,,,,,,,,,,,,0.0306,SAFE,,10,,t526_0,0.23,HIGH,LOCAL,SAFE: all tasks permitted (weight=0.23),
1771435998.069,0.0,40.45,4.8800,0.754,11.0,0,,,0.01370,0.0000,0.0000,0.0000,0.0000,0.1370,0.0768,0.0291,SAFE,True,10,0,,,,,,
1771435998.069,0.0,40.12,4.8964,0.746,10.4,0,,,0.01388,0.0000,0.0000,0.0000,0.0000,0.1388,0.0729,0.0285,SAFE,True,10,0,,,,,,
1771435998.069,0.0,,,,,,,,,,,,,,,0.0285,SAFE,,10,,t528_0,0.48,NORMAL,LOCAL,SAFE: all tasks permitted (weight=0.48),
1771435998.069,0.0,40.94,4.8580,0.771,12.2,1,,,0.01462,0.0000,0.0000,0.0000,0.0000,0.1462,0.1004,0.0347,SAFE,True,10,0,,,,,,
1771435998.069,0.0,,,,,,,,,,,,,,,0.0347,SAFE,,10,,t529_0,0.62,LOW,LOCAL,SAFE: all tasks permitted (weight=0.62),
1771435998.069,0.0,40.41,4.8805,0.804,14.5,1,,,0.01470,0.0000,0.0000,0.0000,0.0000,0.1470,0.1168,0.0381,SAFE,True,10,0,,,,,,
1771435998.069,0.0,40.63,4.8717,0.792,13.7,1,,,0.01337,0.0000,0.0000,0.0000,0.0000,0.1337,0.1111,0.0356,SAFE,True,10,0,,,,,,
1771435998.069,0.0,40.30,4.8655,0.782,13.0,1,,,0.01359,0.0000,0.0000,0.0000,0.0000,0.1359,0.1059,0.0348,SAFE,True,10,0,,,,,,
1771435998.069,0.0,40.75,4.8861,0.772,12.3,1,,,0.01304,0.0000,0.0000,0.0000,0.0000,0.1304,0.1010,0.0332,SAFE,True,10,0,,,,,,
1771435998.069,0.0,40.06,4.8543,0.763,11.6,1,,,0.01442,0.0000,0.0000,0.0000,0.0000,0.1442,0.0964,0.0337,SAFE,True,10,0,,,,,,
1771435998.069,0.0,40.55,4.8703,0.754,11.0,1,,,0.01340,0.0000,0.0000,0.0000,0.0000,0.1340,0.0922,0.0318,SAFE,True,10,0,,,,,,
1771435998.069,0.0,40.26,4.8614,0.747,10.5,0,,,0.01254,0.0000,0.0000,0.0000,0.0000,0.1254,0.0733,0.0272,SAFE,True,10,0,,,,,,
1771435998.069,0.0,40.52,4.8634,0.739,9.9,0,,,0.01276,0.0000,0.0000,0.0000,0.0000,0.1276,0.0696,0.0267,SAFE,True,10,0,,,,,,
1771435998.069,0.0,40.04,4.8802,0.732,9.5,0,,,0.01204,0.0000,0.0000,0.0000,0.0000,0.1204,0.0662,0.0253,SAFE,True,10,0,,,,,,
1771435998.069,0.0,,,,,,,,,,,,,,,0.0253,SAFE,,10,,t538_0,0.80,HIGH,LOCAL,SAFE: all tasks permitted (weight=0.80),
1771435998.069,0.0,40.83,4.8617,0.780,12.9,1,,,0.01213,0.0000,0.0000,0.0000,0.0000,0.1213,0.1051,0.0331,SAFE,True,10,0,,,,,,window_reset|B=10
1771435998.069,0.0,,,,,,,,,,,,,,,0.0331,SAFE,,10,,t539_0,0.42,LOW,LOCAL,SAFE: all tasks permitted (weight=0.42),
1771435998.069,0.0,40.44,4.8487,0.799,14.2,1,,,0.01083,0.0000,0.0000,0.0058,0.0000,0.1083,0.1144,0.0345,SAFE,True,10,0,,,,,,
1771435998.069,0.0,,,,,,,,,,,,,,,0.0345,SAFE,,10,,t540_0,0.71,LOW,LOCAL,SAFE: all tasks permitted (weight=0.71),
1771435998.069,0.0,40.93,4.8556,0.836,16.8,1,,,0.01101,0.0000,0.0000,0.0000,0.0000,0.1101,0.1328,0.0376,SAFE,True,10,0,,,,,,
1771435998.069,0.0,40.81,4.8738,0.822,15.9,1,,,0.01044,0.0000,0.0000,0.0000,0.0000,0.1044,0.1260,0.0356,SAFE,True,10,0,,,,,,
1771435998.069,0.0,40.65,4.8331,0.809,15.0,1,,,0.01366,0.0000,0.0000,0.0770,0.0000,0.1366,0.1197,0.0476,SAFE,True,10,0,,,,,,
1771435998.069,0.0,40.95,4.8590,0.798,14.1,1,,,0.01367,0.0000,0.0000,0.0000,0.0000,0.1367,0.1138,0.0364,SAFE,True,10,0,,,,,,
1771435998.069,0.0,,,,,,,,,,,,,,,0.0364,SAFE,,10,,t544_0,0.58,LOW,LOCAL,SAFE: all tasks permitted (weight=0.58),
1771435998.069,0.0,40.62,4.8470,0.826,16.2,1,,,0.01219,0.0000,0.0000,0.0135,0.0000,0.1219,0.1282,0.0396,SAFE,True,10,0,,,,,,
1771435998.069,0.0,,,,,,,,,,,,,,,0.0396,SAFE,,10,,t545_0,0.28,LOW,LOCAL,SAFE: all tasks permitted (weight=0.28),
1771435998.069,0.0,40.91,4.8619,0.833,16.6,1,,,0.01212,0.0000,0.0000,0.0000,0.0000,0.1212,0.1314,0.0384,SAFE,True,10,0,,,,,,
1771435998.069,0.0,,,,,,,,,,,,,,,0.0384,SAFE,,10,,t546_0,0.41,HIGH,LOCAL,SAFE: all tasks permitted (weight=0.41),
1771435998.069,0.0,40.95,4.8614,0.847,17.6,1,,,0.01172,0.0000,0.0000,0.0000,0.0000,0.1172,0.1385,0.0394,SAFE,True,10,0,,,,,,
1771435998.069,0.0,,,,,,,,,,,,,,,0.0394,SAFE,,10,,t547_0,0.41,HIGH,LOCAL,SAFE: all tasks permitted (weight=0.41),
1771435998.070,0.0,41.12,4.8746,0.861,18.6,1,40924.972,25.84172,0.01249,0.0000,0.0000,0.0000,0.0000,0.1249,0.1453,0.0415,SAFE,True,10,0,,,,,,
1771435998.070,0.0,41.01,4.8654,0.845,17.5,1,5043.582,9.85682,0.01255,0.0000,0.0000,0.0000,0.0000,0.1255,0.1376,0.0401,SAFE,True,10,0,,,,,,
1771435998.070,0.0,41.29,4.8326,0.831,16.5,1,28402.662,-41.12934,0.01310,0.0000,0.0000,0.0789,0.0000,0.1310,0.1305,0.0495,SAFE,True,10,0,,,,,,
1771435998.070,0.0,41.05,4.8544,0.818,15.6,1,23519.315,21.30866,0.01300,0.0000,0.0000,0.0000,0.0000,0.1300,0.1239,0.0378,SAFE,True,10,0,,,,,,
1771435998.070,0.0,41.67,4.8522,0.805,14.7,1,43392.931,-6.77075,0.01288,0.0000,0.0000,0.0000,0.0000,0.1288,0.1177,0.0364,SAFE,True,10,0,,,,,,
1771435998.070,0.0,,,,,,,,,,,,,,,0.0364,SAFE,,10,,t552_0,0.22,HIGH,LOCAL,SAFE: all tasks permitted (weight=0.22),
1771435998.070,0.0,41.43,4.8712,0.809,14.9,1,48847.979,24.16257,0.01355,0.0000,0.0000,0.0000,0.0000,0.1355,0.1194,0.0374,SAFE,True,10,0,,,,,,
1771435998.070,0.0,40.77,4.8621,0.797,14.1,1,-8359.272,0.17471,0.01272,0.0000,0.0000,0.0000,0.0000,0.1272,0.1136,0.0354,SAFE,True,10,0,,,,,,window_reset|B=10
1771435998.070,0.0,41.03,4.8675,0.786,13.3,1,5132.542,6.08192,0.01093,0.0000,0.0000,0.0000,0.0000,0.1093,0.1081,0.0326,SAFE,True,10,0,,,,,,
1771435998.070,0.0,40.83,4.8800,0.776,12.6,1,,,0.01236,0.0000,0.0000,0.0000,0.0000,0.1236,0.1031,0.0330,SAFE,True,10,0,,,,,,
1771435998.070,0.0,,,,,,,,,,,,,,,0.0330,SAFE,,10,,t556_0,0.64,HIGH,LOCAL,SAFE: all tasks permitted (weight=0.64),
1771435998.070,0.0,41.45,4.8427,0.811,15.0,1,,,0.01282,0.0000,0.0000,0.0334,0.0000,0.1282,0.1203,0.0412,SAFE,True,10,0,,,,,,
1771435998.070,0.0,41.27,4.8558,0.799,14.2,1,,,0.01287,0.0000,0.0000,0.0000,0.0000,0.1287,0.1144,0.0358,SAFE,True,10,0,,,,,,
1771435998.070,0.0,41.77,4.8714,0.788,13.4,1,,,0.01326,0.0000,0.0000,0.0000,0.0000,0.1326,0.1089,0.0350,SAFE,True,10,0,,,,,,
1771435998.070,0.0,,,,,,,,,,,,,,,0.0350,SAFE,,10,,t559_0,0.56,LOW,LOCAL,SAFE: all tasks permitted (weight=0.56),
1771435998.070,0.0,41.33,4.9011,0.816,15.4,1,,,0.01704,0.0000,0.0000,0.0000,0.0000,0.1704,0.1229,0.0416,SAFE,True,10,0,,,,,,
1771435998.070,0.0,42.11,4.8878,0.804,14.5,1,,,0.01837,0.0000,0.0000,0.0000,0.0000,0.1837,0.1168,0.0417,SAFE,True,10,0,,,,,,
1771435998.070,0.0,41.60,4.8497,0.792,13.7,1,,,0.01637,0.0000,0.0000,0.0015,0.0000,0.1637,0.1111,0.0388,SAFE,True,10,0,,,,,,
1771435998.070,0.0,,,,,,,,,,,,,,,0.0388,SAFE,,10,,t562_0,0.55,HIGH,LOCAL,SAFE: all tasks permitted (weight=0.55),
1771435998.070,0.0,41.57,4.8438,0.820,15.7,1,,,0.01726,0.0000,0.0000,0.0284,0.0000,0.1726,0.1248,0.0459,SAFE,True,10,0,,,,,,
1771435998.071,0.0,,,,,,,,,,,,,,,0.0459,SAFE,,10,,t563_0,0.46,CRITICAL,LOCAL,SAFE: all tasks permitted (weight=0.46),
1771435998.071,0.0,41.53,4.8484,0.838,17.0,1,89852.930,-67.22043,0.01752,0.0000,0.0000,0.0071,0.0000,0.1752,0.1341,0.0453,SAFE,True,10,0,,,,,,
1771435998.071,0.0,41.50,4.8679,0.824,16.0,1,5671.928,53.71781,0.01745,0.0000,0.0000,0.0000,0.0000,0.1745,0.1272,0.0429,SAFE,True,10,0,,,,,,
1771435998.071,0.0,41.41,4.8453,0.812,15.1,1,17923.028,-22.39918,0.01827,0.0000,0.0000,0.0215,0.0000,0.1827,0.1209,0.0452,SAFE,True,10,0,,,,,,
1771435998.071,0.0,41.57,4.8539,0.800,14.3,1,-25934.104,-37.27111,0.01841,0.0000,0.0000,0.0000,0.0000,0.1841,0.1149,0.0414,SAFE,True,10,0,,,,,,
1771435998.071,0.0,41.69,4.8506,0.789,13.5,1,46655.257,-107.61212,0.01783,0.0000,0.0000,0.0000,0.0000,0.1783,0.1094,0.0397,SAFE,True,10,0,,,,,,
1771435998.071,0.0,41.87,4.8501,0.779,12.8,1,-31024.662,-80.29379,0.01735,0.0000,0.0000,0.0000,0.0000,0.1735,0.1043,0.0382,SAFE,True,10,0,,,,,,window_reset|B=10
1771435998.071,0.0,,,,,,,,,,,,,,,0.0382,SAFE,,10,,t569_0,0.37,LOW,LOCAL,SAFE: all tasks permitted (weight=0.37),
1771435998.071,0.0,41.53,4.8879,0.794,13.9,1,-8706.637,81.42520,0.01883,0.0000,0.0000,0.0000,0.0000,0.1883,0.1121,0.0412,SAFE,True,10,0,,,,,,
1771435998.071,0.0,41.31,4.8285,0.784,13.1,1,-33085.288,-32.55942,0.02089,0.0000,0.0000,0.0978,0.0000,0.2089,0.1068,0.0550,SAFE,True,10,0,,,,,,
1771435998.071,0.0,41.82,4.8446,0.774,12.4,1,,,0.01700,0.0000,0.0000,0.0247,0.0000,0.1700,0.1018,0.0406,SAFE,True,10,0,,,,,,
1771435998.071,0.0,,,,,,,,,,,,,,,0.0406,SAFE,,10,,t572_0,0.46,NORMAL,LOCAL,SAFE: all tasks permitted (weight=0.46),
1771435998.071,0.0,42.03,4.8637,0.796,14.0,1,63481.600,-8.30003,0.01419,0.0000,0.0000,0.0000,0.0000,0.1419,0.1131,0.0368,SAFE,True,10,0,,,,,,
1771435998.071,0.0,,,,,,,,,,,,,,,0.0368,SAFE,,10,,t573_0,0.29,NORMAL,LOCAL,SAFE: all tasks permitted (weight=0.29),
1771435998.071,0.0,41.82,4.8327,0.805,14.7,1,48902.673,-24.92735,0.01524,0.0000,0.0000,0.0787,0.0000,0.1524,0.1177,0.0490,SAFE,True,10,0,,,,,,
1771435998.071,0.0,,,,,,,,,,,,,,,0.0490,SAFE,,10,,t574_0,0.48,LOW,LOCAL,SAFE: all tasks permitted (weight=0.48),
1771435998.071,0.0,41.68,4.8313,0.827,16.2,1,13518.806,-44.84922,0.01613,0.0000,0.0000,0.0851,0.0000,0.1613,0.1284,0.0529,SAFE,True,10,0,,,,,,
1771435998.071,0.0,41.49,4.8399,0.814,15.3,1,-23308.380,-21.27400,0.01639,0.0000,0.0000,0.0460,0.0000,0.1639,0.1219,0.0468,SAFE,True,10,0,,,,,,
1771435998.071,0.0,,,,,,,,,,,,,,,0.0468,SAFE,,10,,t576_0,0.65,HIGH,LOCAL,SAFE: all tasks permitted (weight=0.65),
1771435998.071,0.0,42.11,4.8653,0.846,17.6,1,28773.139,30.10676,0.01616,0.0000,0.0000,0.0000,0.0000,0.1616,0.1381,0.0438,SAFE,True,10,0,,,,,,
1771435998.071,0.0,,,,,,,,,,,,,,,0.0438,SAFE,,10,,t577_0,0.29,NORMAL,LOCAL,SAFE: all tasks permitted (weight=0.29),
1771435998.071,0.0,42.04,4.8424,0.852,18.0,1,60580.531,-90.12425,0.01624,0.0000,0.0000,0.0344,0.0000,0.1624,0.1408,0.0489,SAFE,True,10,0,,,,,,
1771435998.071,0.0,41.89,4.8571,0.837,16.9,1,68140.064,56.80403,0.01634,0.0000,0.0000,0.0000,0.0000,0.1634,0.1335,0.0430,SAFE,True,10,0,,,,,,
1771435998.071,0.0,41.55,4.8674,0.823,15.9,1,-33175.508,45.29120,0.01708,0.0000,0.0000,0.0000,0.0000,0.1708,0.1266,0.0424,SAFE,True,10,0,,,,,,
1771435998.071,0.0,,,,,,,,,,,,,,,0.0424,SAFE,,10,,t580_0,0.72,NORMAL,LOCAL,SAFE: all tasks permitted (weight=0.72),
1771435998.071,0.0,42.39,4.8235,0.860,18.6,1,,,0.01870,0.0000,0.0000,0.1207,0.0000,0.1870,0.1452,0.0634,SAFE,True,10,0,,,,,,
1771435998.071,0.0,42.24,4.8543,0.845,17.5,1,,,0.01471,0.0000,0.0000,0.0000,0.0000,0.1471,0.1375,0.0422,SAFE,True,10,0,,,,,,
1771435998.071,0.0,41.95,4.8345,0.831,16.5,1,,,0.01420,0.0000,0.0000,0.0704,0.0000,0.1420,0.1304,0.0494,SAFE,True,10,0,,,,,,
1771435998.071,0.0,42.46,4.8845,0.818,15.5,1,,,0.01765,0.0000,0.0000,0.0000,0.0000,0.1765,0.1238,0.0424,SAFE,True,10,0,,,,,,window_reset|B=10
1771435998.071,0.0,41.85,4.8796,0.805,14.7,1,,,0.01918,0.0000,0.0000,0.0000,0.0000,0.1918,0.1177,0.0427,SAFE,True,10,0,,,,,,
1771435998.071,0.0,41.87,4.8440,0.794,13.9,1,,,0.01852,0.0000,0.0000,0.0272,0.0000,0.1852,0.1120,0.0444,SAFE,True,10,0,,,,,,
1771435998.071,0.0,42.22,4.8751,0.783,13.1,1,,,0.01840,0.0000,0.0000,0.0000,0.0000,0.1840,0.1066,0.0397,SAFE,True,10,0,,,,,,
1771435998.071,0.0,,,,,,,,,,,,,,,0.0397,SAFE,,10,,t587_0,0.65,NORMAL,LOCAL,SAFE: all tasks permitted (weight=0.65),
1771435998.071,0.0,42.28,4.8959,0.818,15.6,1,,,0.02076,0.0000,0.0000,0.0000,0.0000,0.2076,0.1241,0.0456,SAFE,True,10,0,,,,,,
1771435998.071,0.0,42.11,4.8690,0.806,14.7,1,,,0.02086,0.0000,0.0000,0.0000,0.0000,0.2086,0.1180,0.0445,SAFE,True,10,0,,,,,,
1771435998.071,0.0,,,,,,,,,,,,,,,0.0445,SAFE,,10,,t589_0,0.42,LOW,LOCAL,SAFE: all tasks permitted (weight=0.42),
1771435998.071,0.0,42.07,4.8664,0.823,15.9,1,,,0.02016,0.0000,0.0000,0.0000,0.0000,0.2016,0.1266,0.0455,SAFE,True,10,0,,,,,,
1771435998.071,0.0,42.27,4.8452,0.811,15.0,1,,,0.02069,0.0000,0.0000,0.0216,0.0000,0.2069,0.1203,0.0476,SAFE,True,10,0,,,,,,
1771435998.071,0.0,,,,,,,,,,,,,,,0.0476,SAFE,,10,,t591_0,0.80,LOW,LOCAL,SAFE: all tasks permitted (weight=0.80),
1771435998.071,0.0,42.12,4.8296,0.854,18.2,1,,,0.02238,0.0000,0.0000,0.0926,0.0000,0.2238,0.1422,0.0629,SAFE,True,10,0,,,,,,
1771435998.071,0.0,,,,,,,,,,,,,,,0.0629,SAFE,,10,,t592_0,0.62,LOW,LOCAL,SAFE: all tasks permitted (weight=0.62),
1771435998.071,0.0,42.65,4.7978,0.882,20.2,2,,,0.02646,0.0000,0.0000,0.2371,0.0000,0.2646,0.1711,0.0915,CRITICAL,True,10,0,,,,,,
1771435998.071,0.0,42.34,4.8525,0.865,19.0,1,,,0.02648,0.0000,0.0000,0.0000,0.0000,0.2648,0.1477,0.0560,SAFE,True,10,0,,,,,,
1771435998.071,0.0,42.26,4.8594,0.850,17.8,1,,,0.02566,0.0000,0.0000,0.0000,0.0000,0.2566,0.1399,0.0536,SAFE,True,10,0,,,,,,
1771435998.071,0.0,42.28,4.8510,0.835,16.8,1,,,0.02445,0.0000,0.0000,0.0000,0.0000,0.2445,0.1326,0.0510,SAFE,True,10,0,,,,,,
1771435998.071,0.0,42.91,4.8437,0.822,15.8,1,,,0.02349,0.0000,0.0000,0.0288,0.0000,0.2349,0.1259,0.0524,SAFE,True,10,0,,,,,,
1771435998.071,0.0,,,,,,,,,,,,,,,0.0524,SAFE,,10,,t597_0,0.37,CRITICAL,LOCAL,SAFE: all tasks permitted (weight=0.37),
1771435998.071,0.0,42.22,4.8355,0.835,16.8,1,,,0.02386,0.0000,0.0000,0.0657,0.0000,0.2386,0.1324,0.0589,SAFE,True,10,0,,,,,,
1771435998.071,0.0,42.35,4.8366,0.821,15.8,1,,,0.02309,0.0000,0.0000,0.0611,0.0000,0.2309,0.1257,0.0562,SAFE,True,10,0,,,,,,window_reset|B=10
1771435998.071,0.0,42.82,4.8621,0.809,14.9,1,,,0.01880,0.0000,0.0000,0.0000,0.0000,0.1880,0.1194,0.0427,SAFE,True,10,0,,,,,,
1771435998.071,0.0,,,,,,,,,,,,,,,0.0427,SAFE,,10,,t600_0,0.45,NORMAL,LOCAL,SAFE: all tasks permitted (weight=0.45),
1771435998.071,0.0,,,,,,,,,,,,,,,0.0427,SAFE,,10,,t600_1,0.57,LOW,LOCAL,SAFE: all tasks permitted (weight=0.57),
1771435998.071,0.0,43.00,4.8566,0.868,19.1,2,,,0.01781,0.0000,0.0000,0.0000,0.0000,0.1781,0.1639,0.0506,SAFE,True,10,0,,,,,,
1771435998.071,0.0,41.97,4.8332,0.852,18.0,1,,,0.01678,0.0000,0.0000,0.0764,0.0000,0.1678,0.1410,0.0549,SAFE,True,10,0,,,,,,
1771435998.072,0.0,43.22,4.8357,0.837,16.9,1,56903.402,-23.50796,0.01683,0.0000,0.0000,0.0650,0.0000,0.1683,0.1336,0.0520,SAFE,True,10,0,,,,,,
1771435998.072,0.0,42.91,4.8907,0.824,16.0,1,37436.014,39.34687,0.02123,0.0000,0.0000,0.0000,0.0000,0.2123,0.1268,0.0466,SAFE,True,10,0,,,,,,
1771435998.072,0.0,42.26,4.8308,0.811,15.1,1,-38712.088,-12.74994,0.01637,0.0000,0.0000,0.0873,0.0000,0.1637,0.1204,0.0518,SAFE,True,10,0,,,,,,
1771435998.072,0.0,42.31,4.8513,0.799,14.2,1,5559.749,15.67111,0.01635,0.0000,0.0000,0.0000,0.0000,0.1635,0.1145,0.0392,SAFE,True,10,0,,,,,,
1771435998.072,0.0,43.23,4.8506,0.788,13.4,1,52196.032,13.89092,0.01605,0.0000,0.0000,0.0000,0.0000,0.1605,0.1090,0.0379,SAFE,True,10,0,,,,,,
1771435998.072,0.0,42.72,4.8602,0.778,12.7,1,-6159.711,-1.90969,0.01639,0.0000,0.0000,0.0000,0.0000,0.1639,0.1039,0.0372,SAFE,True,10,0,,,,,,
1771435998.072,0.0,42.83,4.8691,0.768,12.0,1,-10119.774,12.36657,0.01719,0.0000,0.0000,0.0000,0.0000,0.1719,0.0992,0.0370,SAFE,True,10,0,,,,,,
1771435998.072,0.0,43.18,4.8578,0.759,11.4,1,71979.101,24.35977,0.01661,0.0000,0.0000,0.0000,0.0000,0.1661,0.0947,0.0356,SAFE,True,10,0,,,,,,
1771435998.072,0.0,42.44,4.8730,0.751,10.8,0,,,0.01668,0.0000,0.0000,0.0000,0.0000,0.1668,0.0756,0.0318,SAFE,True,10,0,,,,,,
1771435998.072,0.0,43.01,4.9021,0.744,10.3,0,,,0.02102,0.0000,0.0000,0.0000,0.0000,0.2102,0.0718,0.0354,SAFE,True,10,0,,,,,,
1771435998.072,0.0,42.65,4.8783,0.736,9.7,0,,,0.02164,0.0000,0.0000,0.0000,0.0000,0.2164,0.0682,0.0353,SAFE,True,10,0,,,,,,
1771435998.072,0.0,42.74,4.8707,0.730,9.3,0,,,0.02004,0.0000,0.0000,0.0000,0.0000,0.2004,0.0649,0.0330,SAFE,True,10,0,,,,,,window_reset|B=10
1771435998.072,0.0,,,,,,,,,,,,,,,0.0330,SAFE,,10,,t614_0,0.26,NORMAL,LOCAL,SAFE: all tasks permitted (weight=0.26),
1771435998.072,0.0,42.18,4.8838,0.742,10.1,0,,,0.01871,0.0000,0.0000,0.0000,0.0000,0.1871,0.0709,0.0329,SAFE,True,10,0,,,,,,
1771435998.072,0.0,,,,,,,,,,,,,,,0.0329,SAFE,,10,,t615_0,0.75,HIGH,LOCAL,SAFE: all tasks permitted (weight=0.75),
1771435998.072,0.0,41.89,4.8671,0.787,13.4,1,,,0.01744,0.0000,0.0000,0.0000,0.0000,0.1744,0.1087,0.0392,SAFE,True,10,0,,,,,,
1771435998.072,0.0,42.05,4.8408,0.777,12.7,1,,,0.01590,0.0000,0.0000,0.0417,0.0000,0.1590,0.1036,0.0420,SAFE,True,10,0,,,,,,
1771435998.072,0.0,42.07,4.8601,0.768,12.0,1,,,0.01535,0.0000,0.0000,0.0000,0.0000,0.1535,0.0989,0.0351,SAFE,True,10,0,,,,,,
1771435998.072,0.0,42.47,4.8558,0.759,11.4,1,,,0.01492,0.0000,0.0000,0.0000,0.0000,0.1492,0.0945,0.0338,SAFE,True,10,0,,,,,,
1771435998.072,0.0,42.35,4.8855,0.751,10.8,0,,,0.01542,0.0000,0.0000,0.0000,0.0000,0.1542,0.0754,0.0305,SAFE,True,10,0,,,,,,
1771435998.072,0.0,42.08,4.8869,0.743,10.2,0,,,0.01607,0.0000,0.0000,0.0000,0.0000,0.1607,0.0716,0.0304,SAFE,True,10,0,,,,,,
1771435998.072,0.0,41.84,4.8896,0.736,9.7,0,,,0.01616,0.0000,0.0000,0.0000,0.0000,0.1616,0.0680,0.0298,SAFE,True,10,0,,,,,,
1771435998.072,0.0,42.03,4.8779,0.729,9.2,0,,,0.01618,0.0000,0.0000,0.0000,0.0000,0.1618,0.0647,0.0291,SAFE,True,10,0,,,,,,
1771435998.073,0.0,42.15,4.8843,0.723,8.8,0,30566.952,34.22573,0.01432,0.0000,0.0000,0.0000,0.0000,0.1432,0.0617,0.0267,SAFE,True,10,0,,,,,,
1771435998.073,0.0,41.78,4.8873,0.718,8.4,0,-32194.586,92.21589,0.01479,0.0000,0.0000,0.0000,0.0000,0.1479,0.0588,0.0266,SAFE,True,10,0,,,,,,
1771435998.073,0.0,41.27,4.8954,0.712,8.0,0,-95459.814,69.94561,0.01584,0.0000,0.0000,0.0000,0.0000,0.1584,0.0562,0.0271,SAFE,True,10,0,,,,,,
1771435998.073,0.0,41.40,4.8767,0.707,7.7,0,-126496.291,41.45137,0.01567,0.0000,0.0000,0.0000,0.0000,0.1567,0.0537,0.0264,SAFE,True,10,0,,,,,,
1771435998.073,0.0,41.61,4.8832,0.703,7.3,0,-88063.420,-4.42865,0.01558,0.0000,0.0000,0.0000,0.0000,0.1558,0.0514,0.0259,SAFE,True,10,0,,,,,,
1771435998.073,0.0,,,,,,,,,,,,,,,0.0259,SAFE,,10,,t628_0,0.76,LOW,LOCAL,SAFE: all tasks permitted (weight=0.76),
1771435998.073,0.0,41.40,4.8821,0.752,10.9,0,-81626.686,-9.49400,0.01114,0.0000,0.0000,0.0000,0.0000,0.1114,0.0760,0.0263,SAFE,True,10,0,,,,,,window_reset|B=10
1771435998.073,0.0,41.32,4.8575,0.744,10.3,0,-61208.328,-63.77353,0.01156,0.0000,0.0000,0.0000,0.0000,0.1156,0.0721,0.0260,SAFE,True,10,0,,,,,,
1771435998.073,0.0,40.96,4.8737,0.737,9.8,0,-126826.153,-8.50549,0.00924,0.0000,0.0000,0.0000,0.0000,0.0924,0.0685,0.0229,SAFE,True,10,0,,,,,,
1771435998.073,0.0,41.13,4.8723,0.730,9.3,0,,,0.00950,0.0000,0.0000,0.0000,0.0000,0.0950,0.0652,0.0225,SAFE,True,10,0,,,,,,
1771435998.073,0.0,,,,,,,,,,,,,,,0.0225,SAFE,,10,,t632_0,0.22,HIGH,LOCAL,SAFE: all tasks permitted (weight=0.22),
1771435998.073,0.0,41.22,4.8492,0.740,10.0,0,,,0.01260,0.0000,0.0000,0.0034,0.0000,0.1260,0.0699,0.0270,SAFE,True,10,0,,,,,,
1771435998.073,0.0,40.71,4.8867,0.733,9.5,0,,,0.01239,0.0000,0.0000,0.0000,0.0000,0.1239,0.0665,0.0257,SAFE,True,10,0,,,,,,
1771435998.073,0.0,41.01,4.8802,0.727,9.0,0,,,0.01242,0.0000,0.0000,0.0000,0.0000,0.1242,0.0633,0.0251,SAFE,True,10,0,,,,,,
1771435998.073,0.0,,,,,,,,,,,,,,,0.0251,SAFE,,10,,t635_0,0.27,HIGH,LOCAL,SAFE: all tasks permitted (weight=0.27),
1771435998.073,0.0,40.68,4.8774,0.740,10.0,0,,,0.01224,0.0000,0.0000,0.0000,0.0000,0.1224,0.0700,0.0262,SAFE,True,10,0,,,,,,
1771435998.073,0.0,40.86,4.8950,0.733,9.5,0,,,0.01296,0.0000,0.0000,0.0000,0.0000,0.1296,0.0665,0.0263,SAFE,True,10,0,,,,,,
1771435998.073,0.0,41.10,4.8999,0.727,9.0,0,,,0.01353,0.0000,0.0000,0.0000,0.0000,0.1353,0.0633,0.0262,SAFE,True,10,0,,,,,,
1771435998.073,0.0,40.39,4.8824,0.721,8.6,0,,,0.01358,0.0000,0.0000,0.0000,0.0000,0.1358,0.0604,0.0257,SAFE,True,10,0,,,,,,
1771435998.073,0.0,40.55,4.8841,0.715,8.2,0,,,0.01361,0.0000,0.0000,0.0000,0.0000,0.1361,0.0576,0.0251,SAFE,True,10,0,,,,,,
1771435998.073,0.0,40.30,4.8927,0.710,7.9,0,,,0.01416,0.0000,0.0000,0.0000,0.0000,0.1416,0.0551,0.0252,SAFE,True,10,0,,,,,,
1771435998.073,0.0,40.32,4.9036,0.705,7.5,0,,,0.01398,0.0000,0.0000,0.0000,0.0000,0.1398,0.0527,0.0245,SAFE,True,10,0,,,,,,
1771435998.073,0.0,,,,,,,,,,,,,,,0.0245,SAFE,,10,,t642_0,0.58,NORMAL,LOCAL,SAFE: all tasks permitted (weight=0.58),
1771435998.073,0.0,40.66,4.8758,0.742,10.2,0,,,0.01387,0.0000,0.0000,0.0000,0.0000,0.1387,0.0711,0.0281,SAFE,True,10,0,,,,,,
1771435998.073,0.0,41.60,4.8970,0.735,9.7,0,,,0.01392,0.0000,0.0000,0.0000,0.0000,0.1392,0.0676,0.0274,SAFE,True,10,0,,,,,,window_reset|B=10
1771435998.073,0.0,41.32,4.8954,0.729,9.2,0,,,0.00888,0.0000,0.0000,0.0000,0.0000,0.0888,0.0643,0.0217,SAFE,True,10,0,,,,,,
1771435998.073,0.0,40.21,4.8963,0.723,8.8,0,,,0.00905,0.0000,0.0000,0.0000,0.0000,0.0905,0.0613,0.0213,SAFE,True,10,0,,,,,,
1771435998.073,0.0,41.03,4.8825,0.717,8.3,0,,,0.00886,0.0000,0.0000,0.0000,0.0000,0.0886,0.0584,0.0206,SAFE,True,10,0,,,,,,
1771435998.073,0.0,,,,,,,,,,,,,,,0.0206,SAFE,,10,,t647_0,0.24,NORMAL,LOCAL,SAFE: all tasks permitted (weight=0.24),
1771435998.073,0.0,40.86,4.8807,0.729,9.2,0,,,0.00850,0.0000,0.0000,0.0000,0.0000,0.0850,0.0644,0.0214,SAFE,True,10,0,,,,,,
1771435998.073,0.0,40.78,4.8757,0.723,8.8,0,,,0.00928,0.0000,0.0000,0.0000,0.0000,0.0928,0.0614,0.0216,SAFE,True,10,0,,,,,,
1771435998.073,0.0,40.30,4.8701,0.717,8.4,0,,,0.00995,0.0000,0.0000,0.0000,0.0000,0.0995,0.0586,0.0217,SAFE,True,10,0,,,,,,
1771435998.073,0.0,40.34,4.8931,0.712,8.0,0,,,0.01003,0.0000,0.0000,0.0000,0.0000,0.1003,0.0559,0.0212,SAFE,True,10,0,,,,,,
1771435998.073,0.0,39.92,4.8840,0.707,7.6,0,,,0.01004,0.0000,0.0000,0.0000,0.0000,0.1004,0.0535,0.0207,SAFE,True,10,0,,,,,,
1771435998.073,0.0,40.41,4.8892,0.702,7.3,0,,,0.00992,0.0000,0.0000,0.0000,0.0000,0.0992,0.0512,0.0202,SAFE,True,10,0,,,,,,
1771435998.073,0.0,40.12,4.8756,0.698,7.0,0,,,0.00898,0.0000,0.0000,0.0000,0.0000,0.0898,0.0491,0.0188,SAFE,True,10,0,,,,,,
1771435998.073,0.0,40.33,4.8824,0.694,6.7,0,,,0.00862,0.0000,0.0000,0.0000,0.0000,0.0862,0.0471,0.0180,SAFE,True,10,0,,,,,,
1771435998.073,0.0,40.06,4.9235,0.691,6.5,0,,,0.01343,0.0000,0.0000,0.0000,0.0000,0.1343,0.0453,0.0225,SAFE,True,10,0,,,,,,
1771435998.073,0.0,,,,,,,,,,,,,,,0.0225,SAFE,,10,,t656_0,0.52,NORMAL,LOCAL,SAFE: all tasks permitted (weight=0.52),
1771435998.073,0.0,40.57,4.9000,0.724,8.9,0,,,0.01372,0.0000,0.0000,0.0000,0.0000,0.1372,0.0620,0.0261,SAFE,True,10,0,,,,,,
1771435998.073,0.0,40.19,4.8564,0.718,8.4,0,,,0.01591,0.0000,0.0000,0.0000,0.0000,0.1591,0.0591,0.0277,SAFE,True,10,0,,,,,,
1771435998.073,0.0,40.13,4.8917,0.713,8.1,0,,,0.01602,0.0000,0.0000,0.0000,0.0000,0.1602,0.0564,0.0273,SAFE,True,10,0,,,,,,window_reset|B=10
1771435998.073,0.0,,,,,,,,,,,,,,,0.0273,SAFE,,10,,t659_0,0.67,LOW,LOCAL,SAFE: all tasks permitted (weight=0.67),
1771435998.073,0.0,39.72,4.8606,0.756,11.1,1,,,0.01739,0.0000,0.0000,0.0000,0.0000,0.1739,0.0930,0.0360,SAFE,True,10,0,,,,,,
1771435998.073,0.0,40.09,4.8609,0.748,10.6,0,,,0.01840,0.0000,0.0000,0.0000,0.0000,0.1840,0.0740,0.0332,SAFE,True,10,0,,,,,,
1771435998.073,0.0,,,,,,,,,,,,,,,0.0332,SAFE,,10,,t661_0,0.65,NORMAL,LOCAL,SAFE: all tasks permitted (weight=0.65),
1771435998.073,0.0,40.28,4.8932,0.786,13.3,1,,,0.01823,0.0000,0.0000,0.0000,0.0000,0.1823,0.1082,0.0399,SAFE,True,10,0,,,,,,
1771435998.074,0.0,,,,,,,,,,,,,,,0.0399,SAFE,,10,,t662_0,0.30,NORMAL,LOCAL,SAFE: all tasks permitted (weight=0.30),
1771435998.074,0.0,39.97,4.8610,0.798,14.1,1,-21924.173,-21.24863,0.01907,0.0000,0.0000,0.0000,0.0000,0.1907,0.1138,0.0418,SAFE,True,10,0,,,,,,
1771435998.074,0.0,,,,,,,,,,,,,,,0.0418,SAFE,,10,,t663_0,0.21,HIGH,LOCAL,SAFE: all tasks permitted (weight=0.21),
1771435998.074,0.0,40.24,4.8462,0.802,14.4,1,10898.763,-76.72232,0.02138,0.0000,0.0000,0.0171,0.0000,0.2138,0.1160,0.0468,SAFE,True,10,0,,,,,,
1771435998.074,0.0,40.20,4.8508,0.791,13.6,1,-21993.246,-48.80785,0.02237,0.0000,0.0000,0.0000,0.0000,0.2237,0.1104,0.0444,SAFE,True,10,0,,,,,,
1771435998.074,0.0,40.63,4.8827,0.780,12.9,1,26290.395,26.08287,0.02246,0.0000,0.0000,0.0000,0.0000,0.2246,0.1052,0.0435,SAFE,True,10,0,,,,,,
1771435998.074,0.0,,,,,,,,,,,,,,,0.0435,SAFE,,10,,t666_0,0.33,CRITICAL,LOCAL,SAFE: all tasks permitted (weight=0.33),
1771435998.074,0.0,40.37,4.8671,0.794,13.9,1,14283.873,-24.37401,0.02249,0.0000,0.0000,0.0000,0.0000,0.2249,0.1122,0.0449,SAFE,True,10,0,,,,,,
1771435998.074,0.0,40.92,4.8424,0.784,13.1,1,71122.693,-18.05920,0.01858,0.0000,0.0000,0.0344,0.0000,0.1858,0.1069,0.0444,SAFE,True,10,0,,,,,,
1771435998.074,0.0,40.14,4.8750,0.774,12.4,1,3119.492,13.96601,0.01608,0.0000,0.0000,0.0000,0.0000,0.1608,0.1019,0.0365,SAFE,True,10,0,,,,,,
1771435998.074,0.0,40.89,4.8629,0.765,11.8,1,36372.602,-30.03838,0.01587,0.0000,0.0000,0.0000,0.0000,0.1587,0.0973,0.0353,SAFE,True,10,0,,,,,,
1771435998.074,0.0,40.34,4.8866,0.756,11.1,1,,,0.01524,0.0000,0.0000,0.0000,0.0000,0.1524,0.0930,0.0338,SAFE,True,10,0,,,,,,
1771435998.074,0.0,40.11,4.8925,0.748,10.6,0,,,0.01681,0.0000,0.0000,0.0000,0.0000,0.1681,0.0740,0.0316,SAFE,True,10,0,,,,,,
1771435998.074,0.0,,,,,,,,,,,,,,,0.0316,SAFE,,10,,t672_0,0.39,NORMAL,LOCAL,SAFE: all tasks permitted (weight=0.39),
1771435998.074,0.0,40.63,4.8597,0.769,12.1,1,,,0.01686,0.0000,0.0000,0.0000,0.0000,0.1686,0.0995,0.0367,SAFE,True,10,0,,,,,,
1771435998.074,0.0,40.72,4.8416,0.760,11.4,1,,,0.01655,0.0000,0.0000,0.0382,0.0000,0.1655,0.0950,0.0405,SAFE,True,10,0,,,,,,window_reset|B=10
1771435998.074,0.0,40.87,4.8702,0.752,10.8,0,,,0.01660,0.0000,0.0000,0.0000,0.0000,0.1660,0.0759,0.0318,SAFE,True,10,0,,,,,,
1771435998.074,0.0,40.49,4.8862,0.744,10.3,0,,,0.01655,0.0000,0.0000,0.0000,0.0000,0.1655,0.0720,0.0310,SAFE,True,10,0,,,,,,
1771435998.074,0.0,40.98,4.8662,0.737,9.8,0,,,0.01574,0.0000,0.0000,0.0000,0.0000,0.1574,0.0685,0.0294,SAFE,True,10,0,,,,,,
1771435998.074,0.0,40.41,4.8717,0.730,9.3,0,,,0.01525,0.0000,0.0000,0.0000,0.0000,0.1525,0.0651,0.0283,SAFE,True,10,0,,,,,,
1771435998.074,0.0,,,,,,,,,,,,,,,0.0283,SAFE,,10,,t678_0,0.60,CRITICAL,LOCAL,SAFE: all tasks permitted (weight=0.60),
1771435998.074,0.0,40.27,4.8524,0.767,11.9,1,,,0.01590,0.0000,0.0000,0.0000,0.0000,0.1590,0.0984,0.0356,SAFE,True,10,0,,,,,,
1771435998.074,0.0,40.65,4.8948,0.758,11.3,1,,,0.01566,0.0000,0.0000,0.0000,0.0000,0.1566,0.0941,0.0345,SAFE,True,10,0,,,,,,
1771435998.074,0.0,40.14,4.8695,0.750,10.7,0,,,0.01564,0.0000,0.0000,0.0000,0.0000,0.1564,0.0750,0.0306,SAFE,True,10,0,,,,,,
1771435998.074,0.0,40.07,4.9080,0.742,10.2,0,,,0.01837,0.0000,0.0000,0.0000,0.0000,0.1837,0.0712,0.0326,SAFE,True,10,0,,,,,,
1771435998.074,0.0,41.14,4.8661,0.735,9.7,0,,,0.01816,0.0000,0.0000,0.0000,0.0000,0.1816,0.0677,0.0317,SAFE,True,10,0,,,,,,
1771435998.074,0.0,40.75,4.8810,0.729,9.2,0,,,0.01741,0.0000,0.0000,0.0000,0.0000,0.1741,0.0644,0.0303,SAFE,True,10,0,,,,,,
1771435998.074,0.0,40.21,4.8774,0.723,8.8,0,,,0.01702,0.0000,0.0000,0.0000,0.0000,0.1702,0.0614,0.0293,SAFE,True,10,0,,,,,,
1771435998.074,0.0,39.85,4.8771,0.717,8.4,0,,,0.01400,0.0000,0.0000,0.0000,0.0000,0.1400,0.0586,0.0257,SAFE,True,10,0,,,,,,
1771435998.074,0.0,40.02,4.8836,0.712,8.0,0,,,0.01396,0.0000,0.0000,0.0000,0.0000,0.1396,0.0559,0.0252,SAFE,True,10,0,,,,,,
1771435998.074,0.0,,,,,,,,,,,,,,,0.0252,SAFE,,10,,t687_0,0.63,CRITICAL,LOCAL,SAFE: all tasks permitted (weight=0.63),
1771435998.074,0.0,39.95,4.8730,0.753,10.9,0,,,0.01378,0.0000,0.0000,0.0000,0.0000,0.1378,0.0763,0.0290,SAFE,True,10,0,,,,,,
1771435998.074,0.0,40.63,4.8746,0.745,10.3,0,,,0.01344,0.0000,0.0000,0.0000,0.0000,0.1344,0.0724,0.0279,SAFE,True,10,0,,,,,,window_reset|B=10
1771435998.074,0.0,40.53,4.8717,0.738,9.8,0,,,0.01344,0.0000,0.0000,0.0000,0.0000,0.1344,0.0688,0.0272,SAFE,True,10,0,,,,,,
1771435998.074,0.0,40.07,4.8768,0.731,9.4,0,,,0.01114,0.0000,0.0000,0.0000,0.0000,0.1114,0.0655,0.0242,SAFE,True,10,0,,,,,,
1771435998.074,0.0,,,,,,,,,,,,,,,0.0242,SAFE,,10,,t691_0,0.47,LOW,LOCAL,SAFE: all tasks permitted (weight=0.47),
1771435998.075,0.0,40.23,4.9061,0.759,11.3,1,-38021.160,31.00569,0.01276,0.0000,0.0000,0.0000,0.0000,0.1276,0.0944,0.0316,SAFE,True,10,0,,,,,,
1771435998.075,0.0,,,,,,,,,,,,,,,0.0316,SAFE,,10,,t692_0,0.43,LOW,LOCAL,SAFE: all tasks permitted (weight=0.43),
1771435998.075,0.0,40.17,4.8704,0.782,13.0,1,-3343.118,-8.67977,0.01270,0.0000,0.0000,0.0000,0.0000,0.1270,0.1060,0.0339,SAFE,True,10,0,,,,,,
1771435998.075,0.0,39.93,4.8874,0.772,12.3,1,6079.830,12.77892,0.00997,0.0000,0.0000,0.0000,0.0000,0.0997,0.1011,0.0302,SAFE,True,10,0,,,,,,
1771435998.075,0.0,40.10,4.8532,0.763,11.6,1,5845.290,-37.54843,0.01181,0.0000,0.0000,0.0000,0.0000,0.1181,0.0965,0.0311,SAFE,True,10,0,,,,,,
1771435998.075,0.0,,,,,,,,,,,,,,,0.0311,SAFE,,10,,t695_0,0.82,NORMAL,LOCAL,SAFE: all tasks permitted (weight=0.82),
1771435998.075,0.0,40.76,4.8197,0.814,15.3,1,60312.795,-65.90220,0.01982,0.0000,0.0000,0.1378,0.0000,0.1982,0.1220,0.0621,SAFE,True,10,0,,,,,,
1771435998.075,0.0,40.30,4.8593,0.802,14.4,1,-24945.264,-18.96076,0.02008,0.0000,0.0000,0.0000,0.0000,0.2008,0.1159,0.0433,SAFE,True,10,0,,,,,,
1771435998.075,0.0,,,,,,,,,,,,,,,0.0433,SAFE,,10,,t697_0,0.78,NORMAL,LOCAL,SAFE: all tasks permitted (weight=0.78),
1771435998.075,0.0,40.81,4.8683,0.847,17.7,1,20545.951,-4.11760,0.02001,0.0000,0.0000,0.0000,0.0000,0.2001,0.1386,0.0477,SAFE,True,10,0,,,,,,
1771435998.075,0.0,,,,,,,,,,,,,,,0.0477,SAFE,,10,,t698_0,0.23,NORMAL,LOCAL,SAFE: all tasks permitted (weight=0.23),
1771435998.075,0.0,,,,,,,,,,,,,,,0.0477,SAFE,,10,,t698_1,0.28,CRITICAL,LOCAL,SAFE: all tasks permitted (weight=0.28),
1771435998.075,0.0,41.03,4.8294,0.870,19.3,2,70659.620,-58.45981,0.02247,0.0000,0.0000,0.0935,0.0000,0.2247,0.1649,0.0676,SAFE,True,10,0,,,,,,
1771435998.075,0.0,,,,,,,,,,,,,,,0.0676,SAFE,,10,,t699_0,0.72,LOW,LOCAL,SAFE: all tasks permitted (weight=0.72),
1771435998.075,0.0,40.93,4.8298,0.906,21.9,2,82844.017,-150.89114,0.02440,0.0000,0.0000,0.0916,0.0000,0.2440,0.1830,0.0729,SAFE,True,10,0,,,,,,
1771435998.075,0.0,41.41,4.8254,0.887,20.5,2,147449.066,-89.06469,0.02606,0.0000,0.0000,0.1120,0.0000,0.2606,0.1737,0.0754,SAFE,True,10,0,,,,,,
1771435998.075,0.0,40.61,4.8551,0.870,19.3,2,80678.712,-63.96347,0.02574,0.0000,0.0000,0.0000,0.0000,0.2574,0.1651,0.0588,SAFE,True,10,0,,,,,,
1771435998.075,0.0,,,,,,,,,,,,,,,0.0588,SAFE,,10,,t702_0,0.41,HIGH,LOCAL,SAFE: all tasks permitted (weight=0.41),
1771435998.075,0.0,41.21,4.8330,0.884,20.3,2,131853.703,-39.78573,0.02574,0.0000,0.0000,0.0771,0.0000,0.2574,0.1719,0.0701,SAFE,True,10,0,,,,,,
1771435998.075,0.0,41.03,4.8559,0.867,19.1,2,31385.529,71.72680,0.02029,0.0000,0.0000,0.0000,0.0000,0.2029,0.1635,0.0530,SAFE,True,10,0,,,,,,window_reset|B=10
1771435998.075,0.0,41.14,4.8326,0.851,17.9,1,100499.964,-52.81706,0.01963,0.0000,0.0000,0.0793,0.0000,0.1963,0.1406,0.0581,SAFE,True,10,0,,,,,,
1771435998.075,0.0,41.84,4.8496,0.837,16.9,1,122177.667,-37.14481,0.01523,0.0000,0.0000,0.0020,0.0000,0.1523,0.1333,0.0421,SAFE,True,10,0,,,,,,
1771435998.075,0.0,,,,,,,,,,,,,,,0.0421,SAFE,,10,,t706_0,0.55,NORMAL,LOCAL,SAFE: all tasks permitted (weight=0.55),
1771435998.075,0.0,41.31,4.8389,0.863,18.8,1,34063.408,18.75944,0.01492,0.0000,0.0000,0.0504,0.0000,0.1492,0.1464,0.0508,SAFE,True,10,0,,,,,,
1771435998.075,0.0,42.16,4.8488,0.847,17.7,1,,,0.01348,0.0000,0.0000,0.0055,0.0000,0.1348,0.1387,0.0419,SAFE,True,10,0,,,,,,
1771435998.075,0.0,41.90,4.8178,0.833,16.6,1,,,0.01438,0.0000,0.0000,0.1466,0.0000,0.1438,0.1315,0.0597,SAFE,True,10,0,,,,,,
1771435998.075,0.0,41.84,4.8584,0.820,15.7,1,,,0.01297,0.0000,0.0000,0.0000,0.0000,0.1297,0.1248,0.0379,SAFE,True,10,0,,,,,,
1771435998.075,0.0,,,,,,,,,,,,,,,0.0379,SAFE,,10,,t710_0,0.64,HIGH,LOCAL,SAFE: all tasks permitted (weight=0.64),
1771435998.075,0.0,41.23,4.8392,0.854,18.1,1,,,0.01260,0.0000,0.0000,0.0491,0.0000,0.1260,0.1420,0.0474,SAFE,True,10,0,,,,,,
1771435998.075,0.0,41.60,4.8573,0.839,17.1,1,,,0.01297,0.0000,0.0000,0.0000,0.0000,0.1297,0.1345,0.0399,SAFE,True,10,0,,,,,,
1771435998.075,0.0,41.03,4.8337,0.825,16.1,1,,,0.01223,0.0000,0.0000,0.0742,0.0000,0.1223,0.1276,0.0474,SAFE,True,10,0,,,,,,
1771435998.075,0.0,41.65,4.8286,0.812,15.2,1,,,0.01231,0.0000,0.0000,0.0974,0.0000,0.1231,0.1212,0.0492,SAFE,True,10,0,,,,,,
1771435998.075,0.0,42.21,4.8394,0.801,14.3,1,,,0.01208,0.0000,0.0000,0.0483,0.0000,0.1208,0.1153,0.0414,SAFE,True,10,0,,,,,,
1771435998.075,0.0,,,,,,,,,,,,,,,0.0414,SAFE,,10,,t715_0,0.50,HIGH,LOCAL,SAFE: all tasks permitted (weight=0.50),
1771435998.075,0.0,41.65,4.8657,0.826,16.1,1,,,0.01328,0.0000,0.0000,0.0000,0.0000,0.1328,0.1278,0.0388,SAFE,True,10,0,,,,,,
1771435998.075,0.0,42.13,4.8569,0.813,15.2,1,,,0.01347,0.0000,0.0000,0.0000,0.0000,0.1347,0.1214,0.0377,SAFE,True,10,0,,,,,,
1771435998.075,0.0,41.47,4.8704,0.801,14.3,1,,,0.01523,0.0000,0.0000,0.0000,0.0000,0.1523,0.1154,0.0383,SAFE,True,10,0,,,,,,
1771435998.075,0.0,42.03,4.8580,0.790,13.6,1,,,0.01538,0.0000,0.0000,0.0000,0.0000,0.1538,0.1099,0.0374,SAFE,True,10,0,,,,,,window_reset|B=10
1771435998.075,0.0,,,,,,,,,,,,,,,0.0374,SAFE,,10,,t719_0,0.39,NORMAL,LOCAL,SAFE: all tasks permitted (weight=0.39),
1771435998.075,0.0,42.16,4.8605,0.808,14.8,1,,,0.01578,0.0000,0.0000,0.0000,0.0000,0.1578,0.1188,0.0395,SAFE,True,10,0,,,,,,
1771435998.075,0.0,,,,,,,,,,,,,,,0.0395,SAFE,,10,,t720_0,0.26,NORMAL,LOCAL,SAFE: all tasks permitted (weight=0.26),
1771435998.075,0.0,42.24,4.8443,0.815,15.3,1,,,0.01285,0.0000,0.0000,0.0258,0.0000,0.1285,0.1223,0.0407,SAFE,True,10,0,,,,,,
1771435998.075,0.0,,,,,,,,,,,,,,,0.0407,SAFE,,10,,t721_0,0.59,LOW,LOCAL,SAFE: all tasks permitted (weight=0.59),
1771435998.075,0.0,42.65,4.8625,0.846,17.6,1,,,0.01310,0.0000,0.0000,0.0000,0.0000,0.1310,0.1380,0.0407,SAFE,True,10,0,,,,,,
1771435998.075,0.0,,,,,,,,,,,,,,,0.0407,SAFE,,10,,t722_0,0.46,LOW,LOCAL,SAFE: all tasks permitted (weight=0.46),
1771435998.075,0.0,42.04,4.8392,0.865,19.0,1,,,0.01310,0.0000,0.0000,0.0493,0.0000,0.1310,0.1477,0.0490,SAFE,True,10,0,,,,,,
1771435998.075,0.0,41.86,4.8825,0.850,17.8,1,,,0.01565,0.0000,0.0000,0.0000,0.0000,0.1565,0.1399,0.0436,SAFE,True,10,0,,,,,,
1771435998.075,0.0,42.21,4.8252,0.835,16.8,1,,,0.01668,0.0000,0.0000,0.1128,0.0000,0.1668,0.1326,0.0579,SAFE,True,10,0,,,,,,
1771435998.075,0.0,42.38,4.8573,0.822,15.8,1,,,0.01502,0.0000,0.0000,0.0000,0.0000,0.1502,0.1258,0.0402,SAFE,True,10,0,,,,,,
1771435998.075,0.0,,,,,,,,,,,,,,,0.0402,SAFE,,10,,t726_0,0.39,CRITICAL,LOCAL,SAFE: all tasks permitted (weight=0.39),
1771435998.075,0.0,42.41,4.8353,0.838,17.0,1,,,0.01541,0.0000,0.0000,0.0667,0.0000,0.1541,0.1339,0.0509,SAFE,True,10,0,,,,,,
1771435998.075,0.0,,,,,,,,,,,,,,,0.0509,SAFE,,10,,t727_0,0.39,NORMAL,LOCAL,SAFE: all tasks permitted (weight=0.39),
1771435998.075,0.0,42.07,4.8674,0.853,18.1,1,,,0.01552,0.0000,0.0000,0.0000,0.0000,0.1552,0.1415,0.0438,SAFE,True,10,0,,,,,,
1771435998.075,0.0,,,,,,,,,,,,,,,0.0438,SAFE,,10,,t728_0,0.66,CRITICAL,LOCAL,SAFE: all tasks permitted (weight=0.66),
1771435998.075,0.0,42.88,4.8326,0.887,20.5,2,,,0.01667,0.0000,0.0000,0.0789,0.0000,0.1667,0.1734,0.0616,SAFE,True,10,0,,,,,,
1771435998.075,0.0,42.57,4.8381,0.870,19.3,2,,,0.01624,0.0000,0.0000,0.0541,0.0000,0.1624,0.1648,0.0562,SAFE,True,10,0,,,,,,
1771435998.075,0.0,42.66,4.8313,0.854,18.1,1,,,0.01683,0.0000,0.0000,0.0848,0.0000,0.1683,0.1419,0.0562,SAFE,True,10,0,,,,,,
1771435998.077,0.0,42.84,4.8436,0.839,17.1,1,38574.999,-25.67858,0.01643,0.0000,0.0000,0.0292,0.0000,0.1643,0.1345,0.0471,SAFE,True,10,0,,,,,,
1771435998.077,0.0,,,,,,,,,,,,,,,0.0471,SAFE,,10,,t732_0,0.26,NORMAL,LOCAL,SAFE: all tasks permitted (weight=0.26),
1771435998.077,0.0,42.82,4.8491,0.844,17.4,1,24138.026,15.76484,0.01643,0.0000,0.0000,0.0043,0.0000,0.1643,0.1370,0.0444,SAFE,True,10,0,,,,,,
1771435998.077,0.0,42.32,4.8518,0.830,16.4,1,-2424.546,-3.58131,0.01585,0.0000,0.0000,0.0000,0.0000,0.1585,0.1300,0.0418,SAFE,True,10,0,,,,,,window_reset|B=10
1771435998.077,0.0,,,,,,,,,,,,,,,0.0418,SAFE,,10,,t734_0,0.21,LOW,LOCAL,SAFE: all tasks permitted (weight=0.21),
1771435998.077,0.0,42.21,4.8602,0.832,16.6,1,-8021.489,16.44539,0.01614,0.0000,0.0000,0.0000,0.0000,0.1614,0.1311,0.0424,SAFE,True,10,0,,,,,,
1771435998.077,0.0,42.99,4.8655,0.819,15.6,1,36370.534,-1.27140,0.01359,0.0000,0.0000,0.0000,0.0000,0.1359,0.1244,0.0385,SAFE,True,10,0,,,,,,
1771435998.077,0.0,42.59,4.8521,0.806,14.7,1,-11539.687,12.82873,0.01203,0.0000,0.0000,0.0000,0.0000,0.1203,0.1182,0.0357,SAFE,True,10,0,,,,,,
1771435998.077,0.0,42.50,4.8406,0.795,13.9,1,-2732.138,1.65966,0.01192,0.0000,0.0000,0.0426,0.0000,0.1192,0.1125,0.0400,SAFE,True,10,0,,,,,,
1771435998.077,0.0,,,,,,,,,,,,,,,0.0400,SAFE,,10,,t738_0,0.39,NORMAL,LOCAL,SAFE: all tasks permitted (weight=0.39),
1771435998.077,0.0,42.54,4.8625,0.813,15.2,1,-4738.423,20.59032,0.01201,0.0000,0.0000,0.0000,0.0000,0.1201,0.1214,0.0363,SAFE,True,10,0,,,,,,
1771435998.077,0.0,,,,,,,,,,,,,,,0.0363,SAFE,,10,,t739_0,0.34,CRITICAL,LOCAL,SAFE: all tasks permitted (weight=0.34),
1771435998.077,0.0,,,,,,,,,,,,,,,0.0363,SAFE,,10,,t739_1,0.51,NORMAL,LOCAL,SAFE: all tasks permitted (weight=0.51),
1771435998.077,0.0,42.55,4.8556,0.864,18.8,1,,,0.01094,0.0000,0.0000,0.0000,0.0000,0.1094,0.1468,0.0403,SAFE,True,10,0,,,,,,
1771435998.077,0.0,42.82,4.8533,0.848,17.7,1,,,0.00987,0.0000,0.0000,0.0000,0.0000,0.0987,0.1391,0.0377,SAFE,True,10,0,,,,,,
1771435998.077,0.0,42.42,4.8445,0.834,16.7,1,,,0.00936,0.0000,0.0000,0.0249,0.0000,0.0936,0.1319,0.0390,SAFE,True,10,0,,,,,,
1771435998.077,0.0,42.64,4.8592,0.820,15.7,1,,,0.00750,0.0000,0.0000,0.0000,0.0000,0.0750,0.1252,0.0325,SAFE,True,10,0,,,,,,
1771435998.077,0.0,42.57,4.8711,0.808,14.8,1,,,0.00838,0.0000,0.0000,0.0000,0.0000,0.0838,0.1189,0.0322,SAFE,True,10,0,,,,,,
1771435998.077,0.0,42.59,4.8654,0.796,14.0,1,,,0.00855,0.0000,0.0000,0.0000,0.0000,0.0855,0.1131,0.0312,SAFE,True,10,0,,,,,,
1771435998.077,0.0,43.34,4.8413,0.785,13.2,1,,,0.00951,0.0000,0.0000,0.0397,0.0000,0.0951,0.1077,0.0362,SAFE,True,10,0,,,,,,
1771435998.077,0.0,42.76,4.8795,0.775,12.5,1,,,0.01152,0.0000,0.0000,0.0000,0.0000,0.1152,0.1027,0.0321,SAFE,True,10,0,,,,,,
1771435998.077,0.0,,,,,,,,,,,,,,,0.0321,SAFE,,10,,t747_0,0.63,HIGH,LOCAL,SAFE: all tasks permitted (weight=0.63),
1771435998.077,0.0,42.50,4.8736,0.813,15.2,1,,,0.01219,0.0000,0.0000,0.0000,0.0000,0.1219,0.1213,0.0365,SAFE,True,10,0,,,,,,
1771435998.077,0.0,42.31,4.8664,0.801,14.3,1,,,0.01222,0.0000,0.0000,0.0000,0.0000,0.1222,0.1154,0.0353,SAFE,True,10,0,,,,,,window_reset|B=10
1771435998.077,0.0,42.78,4.8685,0.790,13.5,1,,,0.01102,0.0000,0.0000,0.0000,0.0000,0.1102,0.1098,0.0330,SAFE,True,10,0,,,,,,
1771435998.077,0.0,42.25,4.8522,0.779,12.8,1,,,0.01132,0.0000,0.0000,0.0000,0.0000,0.1132,0.1046,0.0323,SAFE,True,10,0,,,,,,
1771435998.077,0.0,42.70,4.8766,0.770,12.1,1,,,0.01197,0.0000,0.0000,0.0000,0.0000,0.1197,0.0998,0.0319,SAFE,True,10,0,,,,,,
1771435998.077,0.0,42.24,4.8894,0.761,11.5,1,,,0.01367,0.0000,0.0000,0.0000,0.0000,0.1367,0.0954,0.0327,SAFE,True,10,0,,,,,,
1771435998.077,0.0,,,,,,,,,,,,,,,0.0327,SAFE,,10,,t753_0,0.61,CRITICAL,LOCAL,SAFE: all tasks permitted (weight=0.61),
1771435998.077,0.0,42.30,4.8732,0.798,14.1,1,,,0.01219,0.0000,0.0000,0.0000,0.0000,0.1219,0.1138,0.0350,SAFE,True,10,0,,,,,,
1771435998.077,0.0,42.92,4.8330,0.787,13.3,1,,,0.01548,0.0000,0.0000,0.0775,0.0000,0.1548,0.1084,0.0472,SAFE,True,10,0,,,,,,
1771435998.077,0.0,,,,,,,,,,,,,,,0.0472,SAFE,,10,,t755_0,0.57,HIGH,LOCAL,SAFE: all tasks permitted (weight=0.57),
1771435998.077,0.0,42.11,4.8879,0.818,15.6,1,,,0.01662,0.0000,0.0000,0.0000,0.0000,0.1662,0.1242,0.0415,SAFE,True,10,0,,,,,,
1771435998.077,0.0,42.11,4.8950,0.806,14.7,1,,,0.01827,0.0000,0.0000,0.0000,0.0000,0.1827,0.1180,0.0419,SAFE,True,10,0,,,,,,
1771435998.077,0.0,42.28,4.8847,0.795,13.9,1,,,0.01650,0.0000,0.0000,0.0000,0.0000,0.1650,0.1123,0.0390,SAFE,True,10,0,,,,,,
1771435998.077,0.0,,,,,,,,,,,,,,,0.0390,SAFE,,10,,t758_0,0.53,LOW,LOCAL,SAFE: all tasks permitted (weight=0.53),
1771435998.077,0.0,42.22,4.8484,0.823,15.9,1,,,0.01772,0.0000,0.0000,0.0074,0.0000,0.1772,0.1265,0.0440,SAFE,True,10,0,,,,,,
1771435998.077,0.0,,,,,,,,,,,,,,,0.0440,SAFE,,10,,t759_0,0.51,LOW,LOCAL,SAFE: all tasks permitted (weight=0.51),
1771435998.077,0.0,42.59,4.8311,0.848,17.7,1,,,0.02078,0.0000,0.0000,0.0861,0.0000,0.2078,0.1390,0.0598,SAFE,True,10,0,,,,,,
1771435998.077,0.0,,,,,,,,,,,,,,,0.0598,SAFE,,10,,t760_0,0.34,CRITICAL,LOCAL,SAFE: all tasks permitted (weight=0.34),
1771435998.077,0.0,42.15,4.8337,0.859,18.5,1,,,0.02276,0.0000,0.0000,0.0741,0.0000,0.2276,0.1444,0.0613,SAFE,True,10,0,,,,,,
1771435998.077,0.0,42.40,4.8284,0.844,17.4,1,,,0.02477,0.0000,0.0000,0.0981,0.0000,0.2477,0.1368,0.0649,SAFE,True,10,0,,,,,,
1771435998.077,0.0,42.11,4.8566,0.830,16.4,1,,,0.02467,0.0000,0.0000,0.0000,0.0000,0.2467,0.1298,0.0506,SAFE,True,10,0,,,,,,
1771435998.077,0.0,42.46,4.8780,0.816,15.5,1,,,0.02475,0.0000,0.0000,0.0000,0.0000,0.2475,0.1232,0.0494,SAFE,True,10,0,,,,,,window_reset|B=10
1771435998.077,0.0,42.66,4.8441,0.804,14.6,1,,,0.02365,0.0000,0.0000,0.0267,0.0000,0.2365,0.1171,0.0505,SAFE,True,10,0,,,,,,
1771435998.077,0.0,42.40,4.8535,0.793,13.8,1,,,0.02321,0.0000,0.0000,0.0000,0.0000,0.2321,0.1114,0.0455,SAFE,True,10,0,,,,,,
1771435998.077,0.0,42.40,4.8395,0.782,13.0,1,,,0.02272,0.0000,0.0000,0.0476,0.0000,0.2272,0.1061,0.0501,SAFE,True,10,0,,,,,,
1771435998.078,0.0,,,,,,,,,,,,,,,0.0501,SAFE,,10,,t767_0,0.40,LOW,LOCAL,SAFE: all tasks permitted (weight=0.40),
1771435998.078,0.0,42.85,4.8580,0.802,14.4,1,15787.282,26.84393,0.02072,0.0000,0.0000,0.0000,0.0000,0.2072,0.1160,0.0439,SAFE,True,10,0,,,,,,
1771435998.078,0.0,41.81,4.8613,0.791,13.6,1,-19998.275,27.43872,0.01694,0.0000,0.0000,0.0000,0.0000,0.1694,0.1104,0.0390,SAFE,True,10,0,,,,,,
1771435998.078,0.0,41.94,4.8587,0.780,12.9,1,-26895.746,30.15207,0.01396,0.0000,0.0000,0.0000,0.0000,0.1396,0.1052,0.0350,SAFE,True,10,0,,,,,,
1771435998.078,0.0,,,,,,,,,,,,,,,0.0350,SAFE,,10,,t770_0,0.67,LOW,LOCAL,SAFE: all tasks permitted (weight=0.67),
1771435998.078,0.0,42.76,4.8422,0.820,15.7,1,38712.584,-14.28696,0.01409,0.0000,0.0000,0.0353,0.0000,0.1409,0.1252,0.0437,SAFE,True,10,0,,,,,,
1771435998.078,0.0,42.91,4.8707,0.808,14.9,1,26900.138,-7.31739,0.01420,0.0000,0.0000,0.0000,0.0000,0.1420,0.1190,0.0380,SAFE,True,10,0,,,,,,
1771435998.078,0.0,,,,,,,,,,,,,,,0.0380,SAFE,,10,,t772_0,0.70,LOW,LOCAL,SAFE: all tasks permitted (weight=0.70),
1771435998.078,0.0,42.24,4.8642,0.848,17.7,1,-24621.930,20.01282,0.01339,0.0000,0.0000,0.0000,0.0000,0.1339,0.1390,0.0412,SAFE,True,10,0,,,,,,
1771435998.078,0.0,42.98,4.8477,0.834,16.7,1,34892.957,-5.74685,0.01111,0.0000,0.0000,0.0103,0.0000,0.1111,0.1318,0.0388,SAFE,True,10,0,,,,,,
1771435998.078,0.0,42.56,4.8136,0.820,15.7,1,9241.662,-25.81833,0.01619,0.0000,0.0000,0.1655,0.0000,0.1619,0.1251,0.0627,SAFE,True,10,0,,,,,,
1771435998.078,0.0,42.77,4.8576,0.808,14.8,1,,,0.01441,0.0000,0.0000,0.0000,0.0000,0.1441,0.1189,0.0382,SAFE,True,10,0,,,,,,
1771435998.078,0.0,42.13,4.8587,0.796,14.0,1,,,0.01440,0.0000,0.0000,0.0000,0.0000,0.1440,0.1131,0.0370,SAFE,True,10,0,,,,,,
1771435998.078,0.0,42.22,4.8692,0.785,13.2,1,,,0.01516,0.0000,0.0000,0.0000,0.0000,0.1516,0.1077,0.0367,SAFE,True,10,0,,,,,,
1771435998.078,0.0,,,,,,,,,,,,,,,0.0367,SAFE,,10,,t778_0,0.58,HIGH,LOCAL,SAFE: all tasks permitted (weight=0.58),
1771435998.078,0.0,42.21,4.8451,0.818,15.6,1,,,0.01480,0.0000,0.0000,0.0221,0.0000,0.1480,0.1242,0.0425,SAFE,True,10,0,,,,,,window_reset|B=10
1771435998.078,0.0,42.64,4.8591,0.806,14.7,1,,,0.01483,0.0000,0.0000,0.0000,0.0000,0.1483,0.1180,0.0384,SAFE,True,10,0,,,,,,
1771435998.078,0.0,42.63,4.8598,0.795,13.9,1,,,0.01478,0.0000,0.0000,0.0000,0.0000,0.1478,0.1123,0.0372,SAFE,True,10,0,,,,,,
1771435998.078,0.0,42.62,4.8747,0.784,13.1,1,,,0.01584,0.0000,0.0000,0.0000,0.0000,0.1584,0.1069,0.0372,SAFE,True,10,0,,,,,,
1771435998.078,0.0,42.51,4.8842,0.774,12.4,1,,,0.01716,0.0000,0.0000,0.0000,0.0000,0.1716,0.1020,0.0376,SAFE,True,10,0,,,,,,
1771435998.078,0.0,,,,,,,,,,,,,,,0.0376,SAFE,,10,,t783_0,0.34,LOW,LOCAL,SAFE: all tasks permitted (weight=0.34),
1771435998.078,0.0,41.97,4.8722,0.790,13.6,1,,,0.01726,0.0000,0.0000,0.0000,0.0000,0.1726,0.1099,0.0392,SAFE,True,10,0,,,,,,
1771435998.078,0.0,42.20,4.8919,0.779,12.8,1,,,0.01952,0.0000,0.0000,0.0000,0.0000,0.1952,0.1047,0.0405,SAFE,True,10,0,,,,,,
1771435998.078,0.0,,,,,,,,,,,,,,,0.0405,SAFE,,10,,t785_0,0.35,NORMAL,LOCAL,SAFE: all tasks permitted (weight=0.35),
1771435998.078,0.0,42.61,4.8442,0.796,14.0,1,,,0.01975,0.0000,0.0000,0.0265,0.0000,0.1975,0.1129,0.0458,SAFE,True,10,0,,,,,,
1771435998.078,0.0,42.78,4.9009,0.785,13.2,1,,,0.01686,0.0000,0.0000,0.0000,0.0000,0.1686,0.1075,0.0384,SAFE,True,10,0,,,,,,
1771435998.078,0.0,42.39,4.8759,0.775,12.5,1,,,0.01667,0.0000,0.0000,0.0000,0.0000,0.1667,0.1025,0.0372,SAFE,True,10,0,,,,,,
1771435998.078,0.0,,,,,,,,,,,,,,,0.0372,SAFE,,10,,t788_0,0.84,NORMAL,LOCAL,SAFE: all tasks permitted (weight=0.84),
1771435998.078,0.0,,,,,,,,,,,,,,,0.0372,SAFE,,10,,t788_1,0.74,HIGH,LOCAL,SAFE: all tasks permitted (weight=0.74),
1771435998.078,0.0,42.60,4.8324,0.884,20.3,2,,,0.01946,0.0000,0.0000,0.0798,0.0000,0.1946,0.1720,0.0642,SAFE,True,10,0,,,,,,
1771435998.078,0.0,,,,,,,,,,,,,,,0.0642,SAFE,,10,,t789_0,0.76,LOW,LOCAL,SAFE: all tasks permitted (weight=0.76),
1771435998.078,0.0,42.69,4.8456,0.924,23.1,2,,,0.02035,0.0000,0.0000,0.0199,0.0000,0.2035,0.1919,0.0613,SAFE,True,10,0,,,,,,
1771435998.078,0.0,,,,,,,,,,,,,,,0.0613,SAFE,,10,,t790_0,0.45,NORMAL,LOCAL,SAFE: all tasks permitted (weight=0.45),
1771435998.078,0.0,43.06,4.8236,0.938,24.1,2,,,0.02286,0.0000,0.0000,0.1199,0.0000,0.2286,0.1988,0.0782,SAFE,True,10,0,,,,,,
1771435998.078,0.0,42.51,4.8156,0.917,22.6,2,,,0.02647,0.0000,0.0000,0.1563,0.0000,0.2647,0.1884,0.0845,SAFE,True,10,0,,,,,,
1771435998.078,0.0,42.98,4.8574,0.898,21.3,2,,,0.02648,0.0000,0.0000,0.0000,0.0000,0.2648,0.1788,0.0622,SAFE,True,10,0,,,,,,
1771435998.078,0.0,,,,,,,,,,,,,,,0.0622,SAFE,,10,,t793_0,0.82,LOW,LOCAL,SAFE: all tasks permitted (weight=0.82),
1771435998.078,0.0,43.11,4.8215,0.941,24.4,2,,,0.02804,0.0000,0.0000,0.1297,0.0000,0.2804,0.2006,0.0850,SAFE,True,10,0,,,,,,window_reset|B=10
1771435998.078,0.0,43.18,4.8379,0.920,22.9,2,,,0.02698,0.0000,0.0000,0.0548,0.0000,0.2698,0.1901,0.0721,SAFE,True,10,0,,,,,,
1771435998.078,0.0,43.11,4.8634,0.901,21.5,2,,,0.02652,0.0000,0.0000,0.0000,0.0000,0.2652,0.1804,0.0626,SAFE,True,10,0,,,,,,
1771435998.078,0.0,42.96,4.8186,0.883,20.2,2,,,0.02474,0.0000,0.0000,0.1427,0.0000,0.2474,0.1713,0.0776,SAFE,True,10,0,,,,,,
1771435998.078,0.0,43.02,4.8320,0.866,19.0,1,,,0.02499,0.0000,0.0000,0.0816,0.0000,0.2499,0.1479,0.0652,SAFE,True,10,0,,,,,,
1771435998.078,0.0,,,,,,,,,,,,,,,0.0652,SAFE,,10,,t798_0,0.22,NORMAL,LOCAL,SAFE: all tasks permitted (weight=0.22),
1771435998.078,0.0,42.89,4.8197,0.867,19.1,2,,,0.01883,0.0000,0.0000,0.1376,0.0000,0.1883,0.1634,0.0694,SAFE,True,10,0,,,,,,
1771435998.078,0.0,43.19,4.8653,0.851,17.9,1,,,0.01717,0.0000,0.0000,0.0000,0.0000,0.1717,0.1406,0.0453,SAFE,True,10,0,,,,,,
1771435998.078,0.0,,,,,,,,,,,,,,,0.0453,SAFE,,10,,t800_0,0.56,NORMAL,LOCAL,SAFE: all tasks permitted (weight=0.56),
1771435998.078,0.0,43.46,4.8431,0.879,19.9,2,,,0.01723,0.0000,0.0000,0.0315,0.0000,0.1723,0.1694,0.0552,SAFE,True,10,0,,,,,,
1771435998.078,0.0,,,,,,,,,,,,,,,0.0552,SAFE,,10,,t801_0,0.70,NORMAL,LOCAL,SAFE: all tasks permitted (weight=0.70),
1771435998.078,0.0,43.64,4.8499,0.914,22.5,2,,,0.01745,0.0000,0.0000,0.0002,0.0000,0.1745,0.1872,0.0549,SAFE,True,10,0,,,,,,
1771435998.078,0.0,,,,,,,,,,,,,,,0.0549,SAFE,,10,,t802_0,0.49,CRITICAL,LOCAL,SAFE: all tasks permitted (weight=0.49),
1771435998.078,0.0,43.41,4.8255,0.932,23.7,2,,,0.01734,0.0000,0.0000,0.1114,0.0000,0.1734,0.1962,0.0711,SAFE,True,10,0,,,,,,
1771435998.078,0.0,43.80,4.8486,0.912,22.3,2,,,0.01623,0.0000,0.0000,0.0063,0.0000,0.1623,0.1860,0.0543,SAFE,True,10,0,,,,,,
1771435998.078,0.0,42.90,4.7756,0.893,20.9,2,,,0.02325,0.0000,0.0000,0.3381,0.0000,0.2325,0.1766,0.1025,CRITICAL,True,10,0,,,,,,
1771435998.078,0.0,,,,,,,,,,,,,,,0.1025,SAFE,,10,,t805_0,0.36,HIGH,LOCAL,SAFE: all tasks permitted (weight=0.36),
1771435998.078,0.0,43.58,4.8289,0.902,21.6,2,,,0.02302,0.0000,0.0000,0.0959,0.0000,0.2302,0.1812,0.0717,SAFE,True,10,0,,,,,,
1771435998.078,0.0,43.70,4.8363,0.884,20.3,2,,,0.02300,0.0000,0.0000,0.0622,0.0000,0.2300,0.1721,0.0655,SAFE,True,10,0,,,,,,
1771435998.078,0.0,,,,,,,,,,,,,,,0.0655,SAFE,,10,,t807_0,0.68,NORMAL,LOCAL,SAFE: all tasks permitted (weight=0.68),
1771435998.078,0.0,44.03,4.8252,0.919,22.8,2,,,0.02129,0.0000,0.0000,0.1127,0.0000,0.2129,0.1893,0.0738,SAFE,True,10,0,,,,,,
1771435998.078,0.0,44.27,4.8257,0.899,21.4,2,,,0.02104,0.0000,0.0000,0.1107,0.0000,0.2104,0.1796,0.0713,SAFE,True,10,0,,,,,,window_reset|B=10
1771435998.078,0.0,43.83,4.8198,0.881,20.1,2,,,0.02128,0.0000,0.0000,0.1374,0.0000,0.2128,0.1706,0.0733,SAFE,True,10,0,,,,,,
1771435998.078,0.0,,,,,,,,,,,,,,,0.0733,SAFE,,10,,t810_0,0.62,LOW,LOCAL,SAFE: all tasks permitted (weight=0.62),
1771435998.078,0.0,43.90,4.8270,0.911,22.2,2,,,0.02107,0.0000,0.0000,0.1045,0.0000,0.2107,0.1856,0.0718,SAFE,True,10,0,,,,,,
1771435998.078,0.0,44.08,4.8183,0.892,20.9,2,,,0.01852,0.0000,0.0000,0.1439,0.0000,0.1852,0.1762,0.0725,SAFE,True,10,0,,,,,,
1771435998.078,0.0,,,,,,,,,,,,,,,0.0725,SAFE,,10,,t812_0,0.48,CRITICAL,LOCAL,SAFE: all tasks permitted (weight=0.48),
1771435998.078,0.0,43.95,4.8241,0.911,22.2,2,,,0.01788,0.0000,0.0000,0.1177,0.0000,0.1788,0.1855,0.0703,SAFE,True,10,0,,,,,,
1771435998.078,0.0,44.14,4.8037,0.892,20.9,2,,,0.01714,0.0000,0.0000,0.2102,0.0000,0.1714,0.1761,0.0797,SAFE,True,10,0,,,,,,
1771435998.079,0.0,44.30,4.8422,0.875,19.6,2,23939.226,3.93594,0.01806,0.0000,0.0000,0.0353,0.0000,0.1806,0.1674,0.0561,SAFE,True,10,0,,,,,,
1771435998.079,0.0,44.31,4.8286,0.858,18.5,1,11256.976,2.28728,0.01647,0.0000,0.0000,0.0971,0.0000,0.1647,0.1442,0.0579,SAFE,True,10,0,,,,,,
1771435998.079,0.0,44.63,4.8532,0.843,17.4,1,14461.179,18.32981,0.01186,0.0000,0.0000,0.0000,0.0000,0.1186,0.1366,0.0392,SAFE,True,10,0,,,,,,
1771435998.079,0.0,44.28,4.8508,0.829,16.4,1,17859.624,20.64683,0.01347,0.0000,0.0000,0.0000,0.0000,0.1347,0.1296,0.0394,SAFE,True,10,0,,,,,,
1771435998.079,0.0,44.10,4.8421,0.816,15.4,1,8114.373,10.05826,0.01380,0.0000,0.0000,0.0358,0.0000,0.1380,0.1230,0.0431,SAFE,True,10,0,,,,,,
1771435998.079,0.0,43.78,4.8629,0.804,14.6,1,-12030.835,29.63131,0.01638,0.0000,0.0000,0.0000,0.0000,0.1638,0.1170,0.0398,SAFE,True,10,0,,,,,,
1771435998.079,0.0,,,,,,,,,,,,,,,0.0398,SAFE,,10,,t820_0,0.82,LOW,LOCAL,SAFE: all tasks permitted (weight=0.82),
1771435998.079,0.0,43.16,4.8632,0.855,18.2,1,-31629.237,25.97886,0.01813,0.0000,0.0000,0.0000,0.0000,0.1813,0.1423,0.0466,SAFE,True,10,0,,,,,,
1771435998.079,0.0,44.08,4.8771,0.840,17.1,1,-2602.059,48.79942,0.02053,0.0000,0.0000,0.0000,0.0000,0.2053,0.1348,0.0475,SAFE,True,10,0,,,,,,
1771435998.079,0.0,43.72,4.8725,0.826,16.1,1,,,0.02174,0.0000,0.0000,0.0000,0.0000,0.2174,0.1279,0.0473,SAFE,True,10,0,,,,,,
1771435998.079,0.0,44.04,4.8637,0.813,15.2,1,,,0.02071,0.0000,0.0000,0.0000,0.0000,0.2071,0.1215,0.0450,SAFE,True,10,0,,,,,,window_reset|B=10
1771435998.079,0.0,,,,,,,,,,,,,,,0.0450,SAFE,,10,,t824_0,0.70,LOW,LOCAL,SAFE: all tasks permitted (weight=0.70),
1771435998.079,0.0,43.99,4.8496,0.854,18.1,1,,,0.01934,0.0000,0.0000,0.0017,0.0000,0.1934,0.1419,0.0479,SAFE,True,10,0,,,,,,
1771435998.079,0.0,43.88,4.8676,0.839,17.1,1,,,0.01359,0.0000,0.0000,0.0000,0.0000,0.1359,0.1345,0.0405,SAFE,True,10,0,,,,,,
1771435998.079,0.0,43.85,4.8404,0.825,16.1,1,,,0.01376,0.0000,0.0000,0.0437,0.0000,0.1376,0.1276,0.0450,SAFE,True,10,0,,,,,,
1771435998.079,0.0,44.43,4.8212,0.812,15.2,1,,,0.01508,0.0000,0.0000,0.1308,0.0000,0.1508,0.1212,0.0563,SAFE,True,10,0,,,,,,
1771435998.079,0.0,,,,,,,,,,,,,,,0.0563,SAFE,,10,,t828_0,0.28,CRITICAL,LOCAL,SAFE: all tasks permitted (weight=0.28),
1771435998.079,0.0,44.49,4.8753,0.822,15.8,1,,,0.01602,0.0000,0.0000,0.0000,0.0000,0.1602,0.1259,0.0412,SAFE,True,10,0,,,,,,
1771435998.079,0.0,44.63,4.8342,0.809,14.9,1,,,0.01719,0.0000,0.0000,0.0718,0.0000,0.1719,0.1196,0.0504,SAFE,True,10,0,,,,,,
1771435998.079,0.0,44.18,4.8819,0.797,14.1,1,,,0.01804,0.0000,0.0000,0.0000,0.0000,0.1804,0.1137,0.0408,SAFE,True,10,0,,,,,,
1771435998.079,0.0,,,,,,,,,,,,,,,0.0408,SAFE,,10,,t831_0,0.33,NORMAL,LOCAL,SAFE: all tasks permitted (weight=0.33),
1771435998.079,0.0,43.59,4.8289,0.812,15.1,1,,,0.01982,0.0000,0.0000,0.0960,0.0000,0.1982,0.1210,0.0565,SAFE,True,10,0,,,,,,
1771435998.079,0.0,,,,,,,,,,,,,,,0.0565,SAFE,,10,,t832_0,0.41,HIGH,LOCAL,SAFE: all tasks permitted (weight=0.41),
1771435998.079,0.0,43.55,4.8340,0.831,16.5,1,,,0.02060,0.0000,0.0000,0.0727,0.0000,0.2060,0.1306,0.0562,SAFE,True,10,0,,,,,,
1771435998.079,0.0,43.65,4.8701,0.818,15.6,1,,,0.02002,0.0000,0.0000,0.0000,0.0000,0.2002,0.1240,0.0448,SAFE,True,10,0,,,,,,
1771435998.079,0.0,43.23,4.8352,0.806,14.7,1,,,0.01969,0.0000,0.0000,0.0674,0.0000,0.1969,0.1178,0.0520,SAFE,True,10,0,,,,,,
1771435998.079,0.0,43.35,4.8601,0.794,13.9,1,,,0.01951,0.0000,0.0000,0.0000,0.0000,0.1951,0.1121,0.0419,SAFE,True,10,0,,,,,,
1771435998.079,0.0,,,,,,,,,,,,,,,0.0419,SAFE,,10,,t836_0,0.46,HIGH,LOCAL,SAFE: all tasks permitted (weight=0.46),
1771435998.079,0.0,43.07,4.8823,0.819,15.6,1,,,0.02147,0.0000,0.0000,0.0000,0.0000,0.2147,0.1243,0.0463,SAFE,True,10,0,,,,,,
1771435998.079,0.0,,,,,,,,,,,,,,,0.0463,SAFE,,10,,t837_0,0.40,NORMAL,LOCAL,SAFE: all tasks permitted (weight=0.40),
1771435998.079,0.0,44.08,4.8501,0.836,16.9,1,,,0.02099,0.0000,0.0000,0.0000,0.0000,0.2099,0.1332,0.0476,SAFE,True,10,0,,,,,,
1771435998.079,0.0,43.51,4.8360,0.823,15.9,1,,,0.02121,0.0000,0.0000,0.0635,0.0000,0.2121,0.1264,0.0547,SAFE,True,10,0,,,,,,window_reset|B=10
1771435998.079,0.0,43.45,4.8609,0.810,15.0,1,,,0.01935,0.0000,0.0000,0.0000,0.0000,0.1935,0.1201,0.0434,SAFE,True,10,0,,,,,,
1771435998.079,0.0,,,,,,,,,,,,,,,0.0434,SAFE,,10,,t840_0,0.21,NORMAL,LOCAL,SAFE: all tasks permitted (weight=0.21),
1771435998.079,0.0,43.55,4.8718,0.814,15.3,1,,,0.01906,0.0000,0.0000,0.0000,0.0000,0.1906,0.1220,0.0435,SAFE,True,10,0,,,,,,
1771435998.079,0.0,43.38,4.8879,0.802,14.4,1,,,0.02021,0.0000,0.0000,0.0000,0.0000,0.2021,0.1160,0.0434,SAFE,True,10,0,,,,,,
1771435998.079,0.0,43.06,4.8541,0.791,13.6,1,,,0.01891,0.0000,0.0000,0.0000,0.0000,0.1891,0.1104,0.0410,SAFE,True,10,0,,,,,,
1771435998.079,0.0,,,,,,,,,,,,,,,0.0410,SAFE,,10,,t843_0,0.48,LOW,LOCAL,SAFE: all tasks permitted (weight=0.48),
1771435998.079,0.0,43.13,4.8743,0.817,15.5,1,,,0.01761,0.0000,0.0000,0.0000,0.0000,0.1761,0.1235,0.0423,SAFE,True,10,0,,,,,,
1771435998.079,0.0,,,,,,,,,,,,,,,0.0423,SAFE,,10,,t844_0,0.57,NORMAL,LOCAL,SAFE: all tasks permitted (weight=0.57),
1771435998.080,0.0,43.82,4.8623,0.849,17.8,1,50426.950,-22.26241,0.01581,0.0000,0.0000,0.0000,0.0000,0.1581,0.1393,0.0437,SAFE,True,10,0,,,,,,
1771435998.080,0.0,43.82,4.8718,0.834,16.7,1,-17680.062,24.18124,0.01589,0.0000,0.0000,0.0000,0.0000,0.1589,0.1321,0.0423,SAFE,True,10,0,,,,,,
1771435998.080,0.0,44.14,4.8543,0.821,15.8,1,42081.700,20.32590,0.01394,0.0000,0.0000,0.0000,0.0000,0.1394,0.1254,0.0390,SAFE,True,10,0,,,,,,
1771435998.080,0.0,43.29,4.8499,0.808,14.9,1,-10302.693,-12.17451,0.01444,0.0000,0.0000,0.0003,0.0000,0.1444,0.1191,0.0383,SAFE,True,10,0,,,,,,
1771435998.080,0.0,,,,,,,,,,,,,,,0.0383,SAFE,,10,,t848_0,0.64,NORMAL,LOCAL,SAFE: all tasks permitted (weight=0.64),
1771435998.080,0.0,43.74,4.8774,0.846,17.6,1,12685.677,6.21566,0.01395,0.0000,0.0000,0.0000,0.0000,0.1395,0.1379,0.0415,SAFE,True,10,0,,,,,,
1771435998.080,0.0,43.23,4.8412,0.832,16.5,1,-10106.183,-52.01982,0.01480,0.0000,0.0000,0.0400,0.0000,0.1480,0.1308,0.0462,SAFE,True,10,0,,,,,,
1771435998.080,0.0,43.49,4.8490,0.818,15.6,1,29024.844,-5.68732,0.01328,0.0000,0.0000,0.0046,0.0000,0.1328,0.1241,0.0387,SAFE,True,10,0,,,,,,
1771435998.080,0.0,43.16,4.8803,0.806,14.7,1,1808.358,6.64090,0.01408,0.0000,0.0000,0.0000,0.0000,0.1408,0.1180,0.0377,SAFE,True,10,0,,,,,,
1771435998.080,0.0,,,,,,,,,,,,,,,0.0377,SAFE,,10,,t852_0,0.80,NORMAL,LOCAL,SAFE: all tasks permitted (weight=0.80),
1771435998.080,0.0,43.08,4.7272,0.856,18.3,1,,,0.04025,0.0000,0.0000,0.5581,0.0000,0.4025,0.1429,0.1414,CRITICAL,True,10,0,,,,,,
1771435998.080,0.0,43.49,4.8539,0.841,17.2,1,,,0.03882,0.0000,0.0000,0.0000,0.0000,0.3882,0.1355,0.0659,SAFE,True,10,0,,,,,,window_reset|B=10
1771435998.080,0.0,43.80,4.8533,0.827,16.2,1,,,0.03882,0.0000,0.0000,0.0000,0.0000,0.3882,0.1285,0.0645,SAFE,True,10,0,,,,,,
1771435998.080,0.0,43.63,4.8545,0.814,15.3,1,,,0.03815,0.0000,0.0000,0.0000,0.0000,0.3815,0.1220,0.0626,SAFE,True,10,0,,,,,,
1771435998.080,0.0,43.55,4.8657,0.802,14.4,1,,,0.03827,0.0000,0.0000,0.0000,0.0000,0.3827,0.1160,0.0615,SAFE,True,10,0,,,,,,
1771435998.080,0.0,43.45,4.8706,0.791,13.6,1,,,0.03820,0.0000,0.0000,0.0000,0.0000,0.3820,0.1104,0.0603,SAFE,True,10,0,,,,,,
1771435998.080,0.0,43.53,4.8853,0.780,12.9,1,,,0.03956,0.0000,0.0000,0.0000,0.0000,0.3956,0.1052,0.0606,SAFE,True,10,0,,,,,,
1771435998.080,0.0,43.76,4.9033,0.771,12.2,1,,,0.04214,0.0000,0.0000,0.0000,0.0000,0.4214,0.1003,0.0622,SAFE,True,10,0,,,,,,
1771435998.080,0.0,43.02,4.8717,0.762,11.5,1,,,0.04192,0.0000,0.0000,0.0000,0.0000,0.4192,0.0958,0.0611,SAFE,True,10,0,,,,,,
1771435998.080,0.0,,,,,,,,,,,,,,,0.0611,SAFE,,10,,t861_0,0.78,LOW,LOCAL,SAFE: all tasks permitted (weight=0.78),
1771435998.080,0.0,42.60,4.8653,0.813,15.2,1,,,0.04181,0.0000,0.0000,0.0000,0.0000,0.4181,0.1217,0.0661,SAFE,True,10,0,,,,,,
1771435998.080,0.0,43.20,4.8724,0.801,14.4,1,,,0.04195,0.0000,0.0000,0.0000,0.0000,0.4195,0.1157,0.0651,SAFE,True,10,0,,,,,,
1771435998.080,0.0,43.06,4.8582,0.790,13.6,1,,,0.04144,0.0000,0.0000,0.0000,0.0000,0.4144,0.1101,0.0635,SAFE,True,10,0,,,,,,
1771435998.080,0.0,,,,,,,,,,,,,,,0.0635,SAFE,,10,,t864_0,0.68,LOW,LOCAL,SAFE: all tasks permitted (weight=0.68),
1771435998.080,0.0,43.00,4.8296,0.832,16.6,1,,,0.01751,0.0000,0.0000,0.0926,0.0000,0.1751,0.1310,0.0557,SAFE,True,10,0,,,,,,
1771435998.080,0.0,43.24,4.8509,0.819,15.6,1,,,0.01770,0.0000,0.0000,0.0000,0.0000,0.1770,0.1243,0.0426,SAFE,True,10,0,,,,,,
1771435998.080,0.0,42.94,4.8643,0.806,14.7,1,,,0.01735,0.0000,0.0000,0.0000,0.0000,0.1735,0.1181,0.0410,SAFE,True,10,0,,,,,,
1771435998.080,0.0,,,,,,,,,,,,,,,0.0410,SAFE,,10,,t867_0,0.72,NORMAL,LOCAL,SAFE: all tasks permitted (weight=0.72),
1771435998.080,0.0,42.66,4.8325,0.850,17.9,1,,,0.01950,0.0000,0.0000,0.0797,0.0000,0.1950,0.1401,0.0579,SAFE,True,10,0,,,,,,
1771435998.080,0.0,42.79,4.8206,0.836,16.8,1,,,0.02289,0.0000,0.0000,0.1337,0.0000,0.2289,0.1328,0.0668,SAFE,True,10,0,,,,,,window_reset|B=10
1771435998.080,0.0,42.89,4.8706,0.822,15.9,1,,,0.02289,0.0000,0.0000,0.0000,0.0000,0.2289,0.1260,0.0481,SAFE,True,10,0,,,,,,
1771435998.080,0.0,42.99,4.8446,0.809,15.0,1,,,0.02194,0.0000,0.0000,0.0245,0.0000,0.2194,0.1197,0.0491,SAFE,True,10,0,,,,,,
1771435998.080,0.0,43.56,4.8379,0.798,14.1,1,,,0.01741,0.0000,0.0000,0.0549,0.0000,0.1741,0.1138,0.0473,SAFE,True,10,0,,,,,,
1771435998.080,0.0,43.19,4.8749,0.787,13.3,1,,,0.01774,0.0000,0.0000,0.0000,0.0000,0.1774,0.1084,0.0394,SAFE,True,10,0,,,,,,
1771435998.080,0.0,,,,,,,,,,,,,,,0.0394,SAFE,,10,,t873_0,0.72,HIGH,LOCAL,SAFE: all tasks permitted (weight=0.72),
1771435998.080,0.0,42.12,4.8430,0.833,16.6,1,,,0.01739,0.0000,0.0000,0.0318,0.0000,0.1739,0.1313,0.0478,SAFE,True,10,0,,,,,,
1771435998.080,0.0,,,,,,,,,,,,,,,0.0478,SAFE,,10,,t874_0,0.57,NORMAL,LOCAL,SAFE: all tasks permitted (weight=0.57),
1771435998.080,0.0,43.12,4.8375,0.864,18.8,1,,,0.01628,0.0000,0.0000,0.0570,0.0000,0.1628,0.1468,0.0530,SAFE,True,10,0,,,,,,
1771435998.080,0.0,42.74,4.8391,0.848,17.7,1,,,0.01604,0.0000,0.0000,0.0496,0.0000,0.1604,0.1391,0.0503,SAFE,True,10,0,,,,,,
1771435998.080,0.0,,,,,,,,,,,,,,,0.0503,SAFE,,10,,t876_0,0.37,HIGH,LOCAL,SAFE: all tasks permitted (weight=0.37),
1771435998.080,0.0,43.11,4.8012,0.862,18.7,1,,,0.01985,0.0000,0.0000,0.2218,0.0000,0.1985,0.1461,0.0779,SAFE,True,10,0,,,,,,
1771435998.080,0.0,,,,,,,,,,,,,,,0.0779,SAFE,,10,,t877_0,0.25,LOW,LOCAL,SAFE: all tasks permitted (weight=0.25),
1771435998.080,0.0,43.20,4.8400,0.866,19.0,2,,,0.01972,0.0000,0.0000,0.0453,0.0000,0.1972,0.1631,0.0582,SAFE,True,10,0,,,,,,
1771435998.080,0.0,43.22,4.8461,0.851,17.9,1,,,0.01863,0.0000,0.0000,0.0176,0.0000,0.1863,0.1403,0.0490,SAFE,True,10,0,,,,,,
1771435998.080,0.0,,,,,,,,,,,,,,,0.0490,SAFE,,10,,t879_0,0.33,HIGH,LOCAL,SAFE: all tasks permitted (weight=0.33),
1771435998.080,0.0,42.73,4.8407,0.862,18.7,1,,,0.01847,0.0000,0.0000,0.0425,0.0000,0.1847,0.1458,0.0531,SAFE,True,10,0,,,,,,
1771435998.081,0.0,,,,,,,,,,,,,,,0.0531,SAFE,,10,,t880_0,0.33,NORMAL,LOCAL,SAFE: all tasks permitted (weight=0.33),
1771435998.081,0.0,42.80,4.8515,0.872,19.4,2,-23533.415,-23.31752,0.01753,0.0000,0.0000,0.0000,0.0000,0.1753,0.1658,0.0507,SAFE,True,10,0,,,,,,
1771435998.081,0.0,42.82,4.8385,0.855,18.2,1,41930.273,-4.52883,0.01560,0.0000,0.0000,0.0525,0.0000,0.1560,0.1427,0.0510,SAFE,True,10,0,,,,,,
1771435998.081,0.0,43.11,4.8653,0.840,17.2,1,-1150.200,27.67904,0.01696,0.0000,0.0000,0.0000,0.0000,0.1696,0.1352,0.0440,SAFE,True,10,0,,,,,,
1771435998.081,0.0,43.37,4.8342,0.827,16.2,1,37054.050,-4.85508,0.01708,0.0000,0.0000,0.0718,0.0000,0.1708,0.1283,0.0521,SAFE,True,10,0,,,,,,window_reset|B=10
1771435998.081,0.0,42.84,4.8337,0.814,15.3,1,-16032.514,32.34393,0.01414,0.0000,0.0000,0.0741,0.0000,0.1414,0.1218,0.0481,SAFE,True,10,0,,,,,,
1771435998.081,0.0,43.61,4.8685,0.802,14.4,1,24380.657,28.32833,0.01630,0.0000,0.0000,0.0000,0.0000,0.1630,0.1158,0.0395,SAFE,True,10,0,,,,,,
1771435998.081,0.0,43.20,4.8587,0.790,13.6,1,-955.060,12.50225,0.01693,0.0000,0.0000,0.0000,0.0000,0.1693,0.1102,0.0390,SAFE,True,10,0,,,,,,
1771435998.081,0.0,,,,,,,,,,,,,,,0.0390,SAFE,,10,,t887_0,0.66,HIGH,LOCAL,SAFE: all tasks permitted (weight=0.66),
1771435998.081,0.0,42.84,4.8577,0.831,16.5,1,6793.801,16.95718,0.01733,0.0000,0.0000,0.0000,0.0000,0.1733,0.1306,0.0434,SAFE,True,10,0,,,,,,
1771435998.081,0.0,42.96,4.8784,0.818,15.6,1,,,0.01401,0.0000,0.0000,0.0000,0.0000,0.1401,0.1239,0.0388,SAFE,True,10,0,,,,,,
1771435998.081,0.0,,,,,,,,,,,,,,,0.0388,SAFE,,10,,t889_0,0.56,LOW,LOCAL,SAFE: all tasks permitted (weight=0.56),
1771435998.081,0.0,43.50,4.8630,0.849,17.8,1,,,0.01393,0.0000,0.0000,0.0000,0.0000,0.1393,0.1395,0.0418,SAFE,True,10,0,,,,,,
1771435998.081,0.0,,,,,,,,,,,,,,,0.0418,SAFE,,10,,t890_0,0.49,NORMAL,LOCAL,SAFE: all tasks permitted (weight=0.49),
1771435998.081,0.0,43.59,4.8734,0.873,19.5,2,,,0.01481,0.0000,0.0000,0.0000,0.0000,0.1481,0.1663,0.0481,SAFE,True,10,0,,,,,,
1771435998.081,0.0,43.33,4.8185,0.856,18.3,1,,,0.01764,0.0000,0.0000,0.1433,0.0000,0.1764,0.1432,0.0649,SAFE,True,10,0,,,,,,
1771435998.081,0.0,,,,,,,,,,,,,,,0.0649,SAFE,,10,,t892_0,0.64,NORMAL,LOCAL,SAFE: all tasks permitted (weight=0.64),
1771435998.081,0.0,43.66,4.8531,0.892,20.8,2,,,0.01763,0.0000,0.0000,0.0000,0.0000,0.1763,0.1758,0.0528,SAFE,True,10,0,,,,,,
1771435998.081,0.0,,,,,,,,,,,,,,,0.0528,SAFE,,10,,t893_0,0.45,LOW,LOCAL,SAFE: all tasks permitted (weight=0.45),
1771435998.081,0.0,43.77,4.8086,0.909,22.1,2,,,0.02130,0.0000,0.0000,0.1880,0.0000,0.2130,0.1846,0.0827,SAFE,True,10,0,,,,,,
1771435998.081,0.0,43.53,4.8200,0.890,20.7,2,,,0.02244,0.0000,0.0000,0.1364,0.0000,0.2244,0.1752,0.0752,SAFE,True,10,0,,,,,,
1771435998.081,0.0,43.39,4.8169,0.873,19.5,2,,,0.02375,0.0000,0.0000,0.1505,0.0000,0.2375,0.1665,0.0766,SAFE,True,10,0,,,,,,
1771435998.081,0.0,43.23,4.8467,0.857,18.3,1,,,0.02346,0.0000,0.0000,0.0150,0.0000,0.2346,0.1434,0.0541,SAFE,True,10,0,,,,,,
1771435998.081,0.0,43.24,4.8413,0.842,17.3,1,,,0.02257,0.0000,0.0000,0.0398,0.0000,0.2257,0.1359,0.0549,SAFE,True,10,0,,,,,,
1771435998.081,0.0,,,,,,,,,,,,,,,0.0549,SAFE,,10,,t898_0,0.29,NORMAL,LOCAL,SAFE: all tasks permitted (weight=0.29),
1771435998.081,0.0,43.83,4.8575,0.850,17.9,1,,,0.02251,0.0000,0.0000,0.0000,0.0000,0.2251,0.1401,0.0505,SAFE,True,10,0,,,,,,window_reset|B=10
1771435998.081,0.0,43.56,4.8681,0.836,16.8,1,,,0.02318,0.0000,0.0000,0.0000,0.0000,0.2318,0.1328,0.0497,SAFE,True,10,0,,,,,,
1771435998.081,0.0,,,,,,,,,,,,,,,0.0497,SAFE,,10,,t900_0,0.58,NORMAL,LOCAL,SAFE: all tasks permitted (weight=0.58),
1771435998.081,0.0,,,,,,,,,,,,,,,0.0497,SAFE,,10,,t900_1,0.43,NORMAL,LOCAL,SAFE: all tasks permitted (weight=0.43),
1771435998.082,0.0,,,,,,,,,,,,,,,0.0497,SAFE,,10,,t900_2,0.55,HIGH,LOCAL,SAFE: all tasks permitted (weight=0.55),
1771435998.082,0.0,43.78,4.8075,0.945,24.6,2,6653.847,-45.57408,0.02307,0.0000,0.0000,0.1932,0.0000,0.2307,0.2024,0.0887,SAFE,True,10,0,,,,,,
1771435998.082,0.0,,,,,,,,,,,,,,,0.0887,SAFE,,10,,t901_0,0.22,LOW,LOCAL,SAFE: all tasks permitted (weight=0.22),
1771435998.082,0.0,43.61,4.8242,0.941,24.4,2,-9751.159,15.59649,0.02226,0.0000,0.0000,0.1171,0.0000,0.2226,0.2005,0.0776,SAFE,True,10,0,,,,,,
1771435998.082,0.0,44.05,4.8070,0.920,22.9,2,31739.259,-12.98695,0.02054,0.0000,0.0000,0.1954,0.0000,0.2054,0.1900,0.0839,SAFE,True,10,0,,,,,,
1771435998.082,0.0,,,,,,,,,,,,,,,0.0839,SAFE,,10,,t903_0,0.82,NORMAL,LOCAL,SAFE: all tasks permitted (weight=0.82),
1771435998.082,0.0,43.92,4.7918,0.965,26.1,2,32163.585,-25.07275,0.02304,0.0000,0.0000,0.2645,0.0000,0.2304,0.2124,0.0999,CRITICAL,True,10,0,,,,,,
1771435998.082,0.0,43.63,4.8309,0.942,24.4,2,23884.561,-15.78368,0.02186,0.0000,0.0000,0.0868,0.0000,0.2186,0.2011,0.0734,SAFE,True,10,0,,,,,,
1771435998.082,0.0,,,,,,,,,,,,,,,0.0734,SAFE,,10,,t905_0,0.46,NORMAL,LOCAL,SAFE: all tasks permitted (weight=0.46),
1771435998.082,0.0,44.41,4.8213,0.957,25.5,2,69891.652,-19.91898,0.02126,0.0000,0.0000,0.1303,0.0000,0.2126,0.2085,0.0799,SAFE,True,10,0,,,,,,
1771435998.082,0.0,44.39,4.8132,0.935,23.9,2,33568.714,-44.21896,0.02155,0.0000,0.0000,0.1671,0.0000,0.2155,0.1974,0.0828,SAFE,True,10,0,,,,,,
1771435998.082,0.0,45.04,4.8205,0.914,22.5,2,88334.686,-47.54560,0.02142,0.0000,0.0000,0.1340,0.0000,0.2142,0.1872,0.0763,SAFE,True,10,0,,,,,,
1771435998.082,0.0,,,,,,,,,,,,,,,0.0763,SAFE,,10,,t908_0,0.39,NORMAL,LOCAL,SAFE: all tasks permitted (weight=0.39),
1771435998.082,0.0,44.13,4.8252,0.926,23.3,2,,,0.02063,0.0000,0.0000,0.1126,0.0000,0.2063,0.1930,0.0739,SAFE,True,10,0,,,,,,
1771435998.082,0.0,44.24,4.8471,0.906,21.9,2,,,0.02106,0.0000,0.0000,0.0131,0.0000,0.2106,0.1831,0.0594,SAFE,True,10,0,,,,,,
1771435998.082,0.0,44.56,4.8543,0.888,20.5,2,,,0.02068,0.0000,0.0000,0.0000,0.0000,0.2068,0.1738,0.0554,SAFE,True,10,0,,,,,,
1771435998.082,0.0,44.21,4.8264,0.870,19.3,2,,,0.01637,0.0000,0.0000,0.1071,0.0000,0.1637,0.1652,0.0633,SAFE,True,10,0,,,,,,
1771435998.082,0.0,,,,,,,,,,,,,,,0.0633,SAFE,,10,,t912_0,0.40,HIGH,LOCAL,SAFE: all tasks permitted (weight=0.40),
1771435998.082,0.0,43.95,4.8354,0.886,20.4,2,,,0.01605,0.0000,0.0000,0.0666,0.0000,0.1605,0.1728,0.0593,SAFE,True,10,0,,,,,,
1771435998.082,0.0,44.88,4.8232,0.869,19.2,2,,,0.01605,0.0000,0.0000,0.1218,0.0000,0.1605,0.1643,0.0647,SAFE,True,10,0,,,,,,window_reset|B=10
1771435998.082,0.0,,,,,,,,,,,,,,,0.0647,SAFE,,10,,t914_0,0.31,NORMAL,LOCAL,SAFE: all tasks permitted (weight=0.31),
1771435998.082,0.0,44.79,4.8374,0.877,19.8,2,,,0.01545,0.0000,0.0000,0.0573,0.0000,0.1545,0.1684,0.0566,SAFE,True,10,0,,,,,,
1771435998.082,0.0,44.15,4.8672,0.860,18.6,1,,,0.01509,0.0000,0.0000,0.0000,0.0000,0.1509,0.1452,0.0441,SAFE,True,10,0,,,,,,
1771435998.082,0.0,44.47,4.8466,0.845,17.5,1,,,0.01548,0.0000,0.0000,0.0154,0.0000,0.1548,0.1375,0.0450,SAFE,True,10,0,,,,,,
1771435998.082,0.0,,,,,,,,,,,,,,,0.0450,SAFE,,10,,t917_0,0.46,NORMAL,LOCAL,SAFE: all tasks permitted (weight=0.46),
1771435998.082,0.0,44.74,4.8187,0.867,19.1,2,,,0.01569,0.0000,0.0000,0.1422,0.0000,0.1569,0.1635,0.0669,SAFE,True,10,0,,,,,,
1771435998.082,0.0,,,,,,,,,,,,,,,0.0669,SAFE,,10,,t918_0,0.36,NORMAL,LOCAL,SAFE: all tasks permitted (weight=0.36),
1771435998.082,0.0,44.26,4.8335,0.880,20.0,2,,,0.01433,0.0000,0.0000,0.0752,0.0000,0.1433,0.1699,0.0581,SAFE,True,10,0,,,,,,
1771435998.082,0.0,,,,,,,,,,,,,,,0.0581,SAFE,,10,,t919_0,0.39,CRITICAL,LOCAL,SAFE: all tasks permitted (weight=0.39),
1771435998.082,0.0,45.46,4.8529,0.894,21.0,2,,,0.01415,0.0000,0.0000,0.0000,0.0000,0.1415,0.1768,0.0495,SAFE,True,10,0,,,,,,
1771435998.082,0.0,,,,,,,,,,,,,,,0.0495,SAFE,,10,,t920_0,0.72,NORMAL,LOCAL,SAFE: all tasks permitted (weight=0.72),
1771435998.082,0.0,45.14,4.8423,0.933,23.8,2,,,0.01354,0.0000,0.0000,0.0349,0.0000,0.1354,0.1965,0.0574,SAFE,True,10,0,,,,,,
1771435998.082,0.0,44.16,4.8232,0.913,22.3,2,,,0.01415,0.0000,0.0000,0.1217,0.0000,0.1415,0.1863,0.0672,SAFE,True,10,0,,,,,,
1771435998.082,0.0,44.78,4.8306,0.894,21.0,2,,,0.01343,0.0000,0.0000,0.0881,0.0000,0.1343,0.1769,0.0603,SAFE,True,10,0,,,,,,
1771435998.082,0.0,45.03,4.8597,0.876,19.7,2,,,0.01447,0.0000,0.0000,0.0000,0.0000,0.1447,0.1680,0.0481,SAFE,True,10,0,,,,,,
1771435998.082,0.0,44.35,4.8353,0.860,18.6,1,,,0.01447,0.0000,0.0000,0.0669,0.0000,0.1447,0.1449,0.0521,SAFE,True,10,0,,,,,,
1771435998.082,0.0,,,,,,,,,,,,,,,0.0521,SAFE,,10,,t925_0,0.35,HIGH,LOCAL,SAFE: all tasks permitted (weight=0.35),
1771435998.082,0.0,44.67,4.8509,0.872,19.4,2,,,0.01393,0.0000,0.0000,0.0000,0.0000,0.1393,0.1661,0.0472,SAFE,True,10,0,,,,,,
1771435998.082,0.0,44.78,4.8196,0.856,18.3,1,,,0.01519,0.0000,0.0000,0.1384,0.0000,0.1519,0.1431,0.0618,SAFE,True,10,0,,,,,,
1771435998.082,0.0,,,,,,,,,,,,,,,0.0618,SAFE,,10,,t927_0,0.34,HIGH,LOCAL,SAFE: all tasks permitted (weight=0.34),
1771435998.082,0.0,44.53,4.8510,0.868,19.1,2,,,0.01332,0.0000,0.0000,0.0000,0.0000,0.1332,0.1640,0.0461,SAFE,True,10,0,,,,,,
1771435998.082,0.0,44.77,4.8711,0.852,18.0,1,,,0.01599,0.0000,0.0000,0.0000,0.0000,0.1599,0.1411,0.0442,SAFE,True,10,0,,,,,,window_reset|B=10
1771435998.082,0.0,44.68,4.8570,0.838,17.0,1,,,0.01507,0.0000,0.0000,0.0000,0.0000,0.1507,0.1338,0.0418,SAFE,True,10,0,,,,,,
1771435998.082,0.0,44.22,4.8636,0.824,16.0,1,,,0.01562,0.0000,0.0000,0.0000,0.0000,0.1562,0.1269,0.0410,SAFE,True,10,0,,,,,,
1771435998.082,0.0,,,,,,,,,,,,,,,0.0410,SAFE,,10,,t931_0,0.22,NORMAL,LOCAL,SAFE: all tasks permitted (weight=0.22),
1771435998.082,0.0,,,,,,,,,,,,,,,0.0410,SAFE,,10,,t931_1,0.49,HIGH,LOCAL,SAFE: all tasks permitted (weight=0.49),
1771435998.082,0.0,44.60,4.8538,0.867,19.1,2,,,0.01565,0.0000,0.0000,0.0000,0.0000,0.1565,0.1635,0.0484,SAFE,True,10,0,,,,,,
1771435998.083,0.0,44.64,4.8512,0.851,17.9,1,16898.152,15.52752,0.01564,0.0000,0.0000,0.0000,0.0000,0.1564,0.1406,0.0438,SAFE,True,10,0,,,,,,
1771435998.083,0.0,,,,,,,,,,,,,,,0.0438,SAFE,,10,,t933_0,0.47,HIGH,LOCAL,SAFE: all tasks permitted (weight=0.47),
1771435998.083,0.0,44.74,4.8158,0.873,19.5,2,4012.252,-34.28446,0.01670,0.0000,0.0000,0.1556,0.0000,0.1670,0.1667,0.0703,SAFE,True,10,0,,,,,,
1771435998.083,0.0,,,,,,,,,,,,,,,0.0703,SAFE,,10,,t934_0,0.48,NORMAL,LOCAL,SAFE: all tasks permitted (weight=0.48),
1771435998.083,0.0,44.69,4.8183,0.895,21.1,2,-5223.034,-1.18341,0.01797,0.0000,0.0000,0.1439,0.0000,0.1797,0.1776,0.0722,SAFE,True,10,0,,,,,,
1771435998.083,0.0,,,,,,,,,,,,,,,0.0722,SAFE,,10,,t935_0,0.64,NORMAL,LOCAL,SAFE: all tasks permitted (weight=0.64),
1771435998.083,0.0,44.62,4.8377,0.928,23.5,2,5195.737,-13.02615,0.01756,0.0000,0.0000,0.0561,0.0000,0.1756,0.1942,0.0637,SAFE,True,10,0,,,,,,
1771435998.083,0.0,44.56,4.8159,0.908,22.0,2,-12207.263,-53.85383,0.01910,0.0000,0.0000,0.1551,0.0000,0.1910,0.1842,0.0761,SAFE,True,10,0,,,,,,
1771435998.083,0.0,44.98,4.8361,0.890,20.7,2,17572.862,-20.38767,0.01897,0.0000,0.0000,0.0633,0.0000,0.1897,0.1748,0.0622,SAFE,True,10,0,,,,,,
1771435998.083,0.0,44.68,4.8259,0.872,19.5,2,26737.442,-36.80205,0.01845,0.0000,0.0000,0.1098,0.0000,0.1845,0.1662,0.0660,SAFE,True,10,0,,,,,,
1771435998.083,0.0,,,,,,,,,,,,,,,0.0660,SAFE,,10,,t939_0,0.60,HIGH,LOCAL,SAFE: all tasks permitted (weight=0.60),
1771435998.083,0.0,44.77,4.8200,0.904,21.7,2,10080.027,-32.93015,0.01909,0.0000,0.0000,0.1362,0.0000,0.1909,0.1819,0.0732,SAFE,True,10,0,,,,,,
1771435998.083,0.0,45.14,4.7928,0.886,20.4,2,,,0.02030,0.0000,0.0000,0.2602,0.0000,0.2030,0.1728,0.0887,CRITICAL,True,10,0,,,,,,
1771435998.083,0.0,44.86,4.8245,0.869,19.2,2,,,0.01895,0.0000,0.0000,0.1158,0.0000,0.1895,0.1643,0.0669,SAFE,True,10,0,,,,,,
1771435998.083,0.0,,,,,,,,,,,,,,,0.0669,SAFE,,10,,t942_0,0.43,LOW,LOCAL,SAFE: all tasks permitted (weight=0.43),
1771435998.083,0.0,44.50,4.8165,0.887,20.5,2,,,0.01618,0.0000,0.0000,0.1521,0.0000,0.1618,0.1733,0.0706,SAFE,True,10,0,,,,,,
1771435998.083,0.0,44.76,4.8356,0.870,19.3,2,,,0.01421,0.0000,0.0000,0.0656,0.0000,0.1421,0.1648,0.0557,SAFE,True,10,0,,,,,,window_reset|B=10
1771435998.083,0.0,,,,,,,,,,,,,,,0.0557,SAFE,,10,,t944_0,0.38,LOW,LOCAL,SAFE: all tasks permitted (weight=0.38),
1771435998.083,0.0,,,,,,,,,,,,,,,0.0557,SAFE,,10,,t944_1,0.67,CRITICAL,LOCAL,SAFE: all tasks permitted (weight=0.67),
1771435998.083,0.0,45.07,4.8084,0.937,24.1,2,,,0.01221,0.0000,0.0000,0.1893,0.0000,0.1221,0.1985,0.0765,SAFE,True,10,0,,,,,,
1771435998.083,0.0,,,,,,,,,,,,,,,0.0765,SAFE,,10,,t945_0,0.81,LOW,LOCAL,SAFE: all tasks permitted (weight=0.81),
1771435998.083,0.0,45.39,4.7867,0.980,27.2,3,,,0.01540,0.0000,0.0000,0.2877,0.0000,0.1540,0.2352,0.0998,CRITICAL,True,10,0,,,,,,
1771435998.083,0.0,45.33,4.8177,0.957,25.5,2,,,0.01540,0.0000,0.0000,0.1467,0.0000,0.1540,0.2084,0.0761,SAFE,True,10,0,,,,,,
1771435998.083,0.0,44.57,4.8051,0.935,23.9,2,,,0.01457,0.0000,0.0000,0.2042,0.0000,0.1457,0.1974,0.0806,SAFE,True,10,0,,,,,,
1771435998.083,0.0,,,,,,,,,,,,,,,0.0806,SAFE,,10,,t948_0,0.38,NORMAL,LOCAL,SAFE: all tasks permitted (weight=0.38),
1771435998.083,0.0,45.58,4.8214,0.944,24.6,2,,,0.01467,0.0000,0.0000,0.1298,0.0000,0.1467,0.2021,0.0720,SAFE,True,10,0,,,,,,
1771435998.083,0.0,,,,,,,,,,,,,,,0.0720,SAFE,,10,,t949_0,0.79,NORMAL,LOCAL,SAFE: all tasks permitted (weight=0.79),
1771435998.083,0.0,45.28,4.8161,0.985,27.5,3,,,0.01336,0.0000,0.0000,0.1539,0.0000,0.1336,0.2377,0.0809,SAFE,True,10,0,,,,,,
1771435998.083,0.0,45.38,4.8085,0.961,25.8,2,,,0.01295,0.0000,0.0000,0.1887,0.0000,0.1295,0.2107,0.0796,SAFE,True,10,0,,,,,,
1771435998.083,0.0,45.38,4.8327,0.939,24.2,2,,,0.01398,0.0000,0.0000,0.0786,0.0000,0.1398,0.1995,0.0641,SAFE,True,10,0,,,,,,
1771435998.083,0.0,,,,,,,,,,,,,,,0.0641,SAFE,,10,,t952_0,0.24,CRITICAL,LOCAL,SAFE: all tasks permitted (weight=0.24),
1771435998.083,0.0,45.32,4.8171,0.937,24.1,2,,,0.01246,0.0000,0.0000,0.1495,0.0000,0.1246,0.1987,0.0716,SAFE,True,10,0,,,,,,
1771435998.083,0.0,,,,,,,,,,,,,,,0.0716,SAFE,,10,,t953_0,0.75,HIGH,LOCAL,SAFE: all tasks permitted (weight=0.75),
1771435998.083,0.0,45.64,4.8165,0.976,26.9,2,,,0.01219,0.0000,0.0000,0.1523,0.0000,0.1219,0.2181,0.0756,SAFE,True,10,0,,,,,,
1771435998.083,0.0,45.16,4.8102,0.953,25.2,2,,,0.01225,0.0000,0.0000,0.1811,0.0000,0.1225,0.2064,0.0771,SAFE,True,10,0,,,,,,
1771435998.083,0.0,,,,,,,,,,,,,,,0.0771,SAFE,,10,,t955_0,0.55,NORMAL,LOCAL,SAFE: all tasks permitted (weight=0.55),
1771435998.083,0.0,45.91,4.7551,0.975,26.8,2,,,0.01910,0.0000,0.0000,0.4316,0.0000,0.1910,0.2176,0.1187,CRITICAL,True,10,0,,,,,,
1771435998.083,0.0,45.48,4.8305,0.952,25.1,2,,,0.02010,0.0000,0.0000,0.0886,0.0000,0.2010,0.2060,0.0728,SAFE,True,10,0,,,,,,
1771435998.083,0.0,46.05,4.8104,0.930,23.6,2,,,0.01885,0.0000,0.0000,0.1799,0.0000,0.1885,0.1951,0.0813,SAFE,True,10,0,,,,,,
1771435998.083,0.0,45.87,4.8402,0.910,22.1,2,,,0.02040,0.0000,0.0000,0.0448,0.0000,0.2040,0.1850,0.0632,SAFE,True,10,0,,,,,,window_reset|B=10
1771435998.083,0.0,46.16,4.8151,0.891,20.8,2,,,0.02024,0.0000,0.0000,0.1586,0.0000,0.2024,0.1756,0.0760,SAFE,True,10,0,,,,,,
1771435998.083,0.0,46.09,4.8364,0.874,19.6,2,,,0.02107,0.0000,0.0000,0.0620,0.0000,0.2107,0.1669,0.0625,SAFE,True,10,0,,,,,,
1771435998.083,0.0,46.49,4.8425,0.858,18.4,1,,,0.02233,0.0000,0.0000,0.0341,0.0000,0.2233,0.1438,0.0555,SAFE,True,10,0,,,,,,
1771435998.083,0.0,45.48,4.8367,0.843,17.3,1,,,0.02270,0.0000,0.0000,0.0602,0.0000,0.2270,0.1363,0.0578,SAFE,True,10,0,,,,,,
1771435998.083,0.0,45.63,4.8486,0.828,16.3,1,,,0.02382,0.0000,0.0000,0.0066,0.0000,0.2382,0.1292,0.0505,SAFE,True,10,0,,,,,,
1771435998.083,0.0,45.57,4.8845,0.815,15.4,1,,,0.02939,0.0000,0.0000,0.0000,0.0000,0.2939,0.1227,0.0539,SAFE,True,10,0,,,,,,
1771435998.083,0.0,,,,,,,,,,,,,,,0.0539,SAFE,,10,,t965_0,0.55,NORMAL,LOCAL,SAFE: all tasks permitted (weight=0.55),
1771435998.083,0.0,45.06,4.8706,0.847,17.7,1,,,0.03148,0.0000,0.0000,0.0000,0.0000,0.3148,0.1386,0.0592,SAFE,True,10,0,,,,,,
1771435998.084,0.0,,,,,,,,,,,,,,,0.0592,SAFE,,10,,t966_0,0.38,NORMAL,LOCAL,SAFE: all tasks permitted (weight=0.38),
1771435998.084,0.0,45.56,4.8609,0.864,18.8,1,-19150.419,20.96839,0.03171,0.0000,0.0000,0.0000,0.0000,0.3171,0.1468,0.0611,SAFE,True,10,0,,,,,,
1771435998.084,0.0,45.12,4.8124,0.848,17.7,1,-63466.639,-2.73304,0.02198,0.0000,0.0000,0.1709,0.0000,0.2198,0.1391,0.0720,SAFE,True,10,0,,,,,,
1771435998.084,0.0,45.05,4.8129,0.834,16.7,1,-63048.527,-23.74015,0.02318,0.0000,0.0000,0.1687,0.0000,0.2318,0.1318,0.0715,SAFE,True,10,0,,,,,,
1771435998.084,0.0,,,,,,,,,,,,,,,0.0715,SAFE,,10,,t969_0,0.85,CRITICAL,LOCAL,SAFE: all tasks permitted (weight=0.85),
1771435998.084,0.0,45.09,4.8290,0.888,20.6,2,-84430.134,-13.62435,0.02177,0.0000,0.0000,0.0954,0.0000,0.2177,0.1741,0.0690,SAFE,True,10,0,,,,,,
1771435998.084,0.0,,,,,,,,,,,,,,,0.0690,SAFE,,10,,t970_0,0.22,LOW,LOCAL,SAFE: all tasks permitted (weight=0.22),
1771435998.084,0.0,,,,,,,,,,,,,,,0.0690,SAFE,,10,,t970_1,0.80,HIGH,LOCAL,SAFE: all tasks permitted (weight=0.80),
1771435998.084,0.0,45.60,4.8007,0.952,25.2,2,6951.324,-36.49021,0.02445,0.0000,0.0000,0.2243,0.0000,0.2445,0.2061,0.0948,SAFE,True,10,0,,,,,,
1771435998.084,0.0,,,,,,,,,,,,,,,0.0948,SAFE,,10,,t971_0,0.44,NORMAL,LOCAL,SAFE: all tasks permitted (weight=0.44),
1771435998.084,0.0,45.29,4.8106,0.966,26.1,2,-20402.844,-38.39484,0.02482,0.0000,0.0000,0.1792,0.0000,0.2482,0.2129,0.0907,SAFE,True,10,0,,,,,,
1771435998.084,0.0,45.55,4.6988,0.943,24.5,2,-1029.949,-187.76882,0.04560,0.0000,0.0000,0.6872,0.0000,0.4560,0.2015,0.1752,CRITICAL,True,10,0,,,,,,
1771435998.084,0.0,45.56,4.8298,0.922,23.0,2,30365.928,-41.28415,0.04534,0.0000,0.0000,0.0918,0.0000,0.4534,0.1910,0.0955,SAFE,True,10,0,,,,,,window_reset|B=10
1771435998.084,0.0,46.02,4.8134,0.902,21.6,2,,,0.04528,0.0000,0.0000,0.1663,0.0000,0.4528,0.1812,0.1031,SAFE,True,10,0,,,,,,
1771435998.084,0.0,,,,,,,,,,,,,,,0.1031,SAFE,,10,,t975_0,0.56,HIGH,LOCAL,SAFE: all tasks permitted (weight=0.56),
1771435998.084,0.0,45.95,4.8243,0.929,23.5,2,,,0.04462,0.0000,0.0000,0.1168,0.0000,0.4462,0.1945,0.0987,SAFE,True,10,0,,,,,,
1771435998.084,0.0,,,,,,,,,,,,,,,0.0987,SAFE,,10,,t976_0,0.66,HIGH,LOCAL,SAFE: all tasks permitted (weight=0.66),
1771435998.084,0.0,45.71,4.7774,0.962,25.9,2,,,0.04156,0.0000,0.0000,0.3299,0.0000,0.4156,0.2110,0.1266,CRITICAL,True,10,0,,,,,,
1771435998.084,0.0,,,,,,,,,,,,,,,0.1266,SAFE,,10,,t977_0,0.63,HIGH,LOCAL,SAFE: all tasks permitted (weight=0.63),
1771435998.084,0.0,46.01,4.7982,0.990,27.9,3,,,0.03764,0.0000,0.0000,0.2355,0.0000,0.3764,0.2400,0.1162,CRITICAL,True,10,0,,,,,,
1771435998.084,0.0,,,,,,,,,,,,,,,0.1162,SAFE,,10,,t978_0,0.31,LOW,LOCAL,SAFE: all tasks permitted (weight=0.31),
1771435998.084,0.0,45.71,4.8079,0.991,27.9,3,,,0.03382,0.0000,0.0000,0.1915,0.0000,0.3382,0.2404,0.1068,SAFE,True,10,0,,,,,,
1771435998.084,0.0,46.00,4.8180,0.966,26.2,2,,,0.03401,0.0000,0.0000,0.1454,0.0000,0.3401,0.2132,0.0955,SAFE,True,10,0,,,,,,
1771435998.084,0.0,,,,,,,,,,,,,,,0.0955,SAFE,,10,,t980_0,0.41,NORMAL,LOCAL,SAFE: all tasks permitted (weight=0.41),
1771435998.084,0.0,46.17,4.7627,0.977,26.9,2,,,0.03544,0.0000,0.0000,0.3968,0.0000,0.3544,0.2183,0.1307,CRITICAL,True,10,0,,,,,,
1771435998.084,0.0,,,,,,,,,,,,,,,0.1307,SAFE,,10,,t981_0,0.42,NORMAL,LOCAL,SAFE: all tasks permitted (weight=0.42),
1771435998.084,0.0,46.41,4.8460,0.987,27.6,3,,,0.03697,0.0000,0.0000,0.0183,0.0000,0.3697,0.2384,0.0870,SAFE,True,10,0,,,,,,
1771435998.084,0.0,,,,,,,,,,,,,,,0.0870,SAFE,,10,,t982_0,0.64,HIGH,LOCAL,SAFE: all tasks permitted (weight=0.64),
1771435998.084,0.0,46.64,4.7824,1.014,29.6,3,,,0.03724,0.0000,0.0000,0.3075,0.0000,0.3724,0.2522,0.1276,CRITICAL,True,10,0,,,,,,
1771435998.084,0.0,,,,,,,,,,,,,,,0.1276,SAFE,,10,,t983_0,0.84,CRITICAL,LOCAL,SAFE: all tasks permitted (weight=0.84),
1771435998.084,0.0,46.16,4.7768,1.056,32.6,3,,,0.03742,0.0000,0.0000,0.3327,0.0000,0.3742,0.2730,0.1353,CRITICAL,True,10,0,,,,,,
1771435998.084,0.0,46.38,4.7825,1.027,30.5,3,,,0.02448,0.0000,0.0000,0.3069,0.0000,0.2448,0.2585,0.1161,CRITICAL,True,10,0,,,,,,
1771435998.084,0.0,,,,,,,,,,,,,,,0.1161,SAFE,,10,,t985_0,0.30,HIGH,LOCAL,SAFE: all tasks permitted (weight=0.30),
1771435998.084,0.0,47.24,4.7779,1.024,30.3,3,,,0.02368,0.0000,0.0000,0.3277,0.0000,0.2368,0.2572,0.1177,CRITICAL,True,10,0,,,,,,
1771435998.084,0.0,47.40,4.7986,0.998,28.4,3,,,0.02319,0.0000,0.0000,0.2337,0.0000,0.2319,0.2438,0.1023,CRITICAL,True,10,0,,,,,,
1771435998.084,0.0,46.14,4.7836,0.973,26.6,2,,,0.02174,0.0000,0.0000,0.3018,0.0000,0.2174,0.2164,0.1043,CRITICAL,True,10,0,,,,,,
1771435998.084,0.0,46.77,4.8370,0.950,25.0,2,,,0.02434,0.0000,0.0000,0.0592,0.0000,0.2434,0.2048,0.0730,SAFE,True,10,0,,,,,,window_reset|B=10
1771435998.084,0.0,,,,,,,,,,,,,,,0.0730,SAFE,,10,,t989_0,0.70,NORMAL,LOCAL,SAFE: all tasks permitted (weight=0.70),
1771435998.084,0.0,47.08,4.8286,0.984,27.5,3,,,0.02581,0.0000,0.0000,0.0973,0.0000,0.2581,0.2372,0.0859,SAFE,True,10,0,,,,,,
1771435998.084,0.0,46.98,4.8110,0.960,25.7,2,,,0.02590,0.0000,0.0000,0.1774,0.0000,0.2590,0.2102,0.0910,SAFE,True,10,0,,,,,,
1771435998.084,0.0,,,,,,,,,,,,,,,0.0910,SAFE,,10,,t991_0,0.76,NORMAL,LOCAL,SAFE: all tasks permitted (weight=0.76),
1771435998.084,0.0,47.27,4.8156,1.000,28.6,3,,,0.02577,0.0000,0.0000,0.1561,0.0000,0.2577,0.2449,0.0950,SAFE,True,10,0,,,,,,
1771435998.084,0.0,,,,,,,,,,,,,,,0.0950,SAFE,,10,,t992_0,0.55,LOW,LOCAL,SAFE: all tasks permitted (weight=0.55),
1771435998.084,0.0,47.21,4.7814,1.019,29.9,3,,,0.02396,0.0000,0.0000,0.3120,0.0000,0.2396,0.2544,0.1154,CRITICAL,True,10,0,,,,,,
1771435998.084,0.0,47.03,4.8088,0.992,28.0,3,,,0.02014,0.0000,0.0000,0.1874,0.0000,0.2014,0.2412,0.0927,SAFE,True,10,0,,,,,,
1771435998.084,0.0,47.07,4.8102,0.968,26.3,2,,,0.01973,0.0000,0.0000,0.1810,0.0000,0.1973,0.2139,0.0860,SAFE,True,10,0,,,,,,
1771435998.084,0.0,,,,,,,,,,,,,,,0.0860,SAFE,,10,,t995_0,0.28,LOW,LOCAL,SAFE: all tasks permitted (weight=0.28),
1771435998.084,0.0,47.00,4.7627,0.967,26.2,2,,,0.02148,0.0000,0.0000,0.3969,0.0000,0.2148,0.2137,0.1158,CRITICAL,True,10,0,,,,,,
1771435998.084,0.0,,,,,,,,,,,,,,,0.1158,SAFE,,10,,t996_0,0.43,HIGH,LOCAL,SAFE: all tasks permitted (weight=0.43),
1771435998.084,0.0,46.84,4.8060,0.980,27.1,3,,,0.02087,0.0000,0.0000,0.1998,0.0000,0.2087,0.2349,0.0938,SAFE,True,10,0,,,,,,
1771435998.084,0.0,47.43,4.8251,0.956,25.4,2,,,0.02045,0.0000,0.0000,0.1131,0.0000,0.2045,0.2081,0.0768,SAFE,True,10,0,,,,,,
1771435998.084,0.0,46.88,4.7983,0.934,23.9,2,,,0.02046,0.0000,0.0000,0.2350,0.0000,0.2046,0.1971,0.0904,CRITICAL,True,10,0,,,,,,
1771435998.084,0.0,47.64,4.8401,0.914,22.4,2,,,0.02132,0.0000,0.0000,0.0449,0.0000,0.2132,0.1868,0.0645,SAFE,True,10,0,,,,,,
1771435998.084,0.0,46.76,4.8692,0.895,21.0,2,,,0.02601,0.0000,0.0000,0.0000,0.0000,0.2601,0.1773,0.0615,SAFE,True,10,0,,,,,,
1771435998.084,0.0,,,,,,,,,,,,,,,0.0615,SAFE,,10,,t1001_0,0.72,LOW,LOCAL,SAFE: all tasks permitted (weight=0.72),
1771435998.084,0.0,47.21,4.8352,0.935,23.9,2,,,0.02640,0.0000,0.0000,0.0673,0.0000,0.2640,0.1976,0.0747,SAFE,True,10,0,,,,,,
1771435998.084,0.0,46.43,4.8152,0.915,22.5,2,,,0.02639,0.0000,0.0000,0.1584,0.0000,0.2639,0.1873,0.0844,SAFE,True,10,0,,,,,,
1771435998.084,0.0,46.65,4.8182,0.896,21.1,2,,,0.02641,0.0000,0.0000,0.1447,0.0000,0.2641,0.1778,0.0808,SAFE,True,10,0,,,,,,window_reset|B=10
1771435998.084,0.0,47.64,4.8439,0.878,19.8,2,,,0.02558,0.0000,0.0000,0.0276,0.0000,0.2558,0.1689,0.0629,SAFE,True,10,0,,,,,,
1771435998.084,0.0,46.99,4.8356,0.861,18.7,1,,,0.02572,0.0000,0.0000,0.0654,0.0000,0.2572,0.1456,0.0633,SAFE,True,10,0,,,,,,
1771435998.084,0.0,,,,,,,,,,,,,,,0.0633,SAFE,,10,,t1006_0,0.39,CRITICAL,LOCAL,SAFE: all tasks permitted (weight=0.39),
1771435998.084,0.0,46.85,4.8469,0.878,19.9,2,,,0.02635,0.0000,0.0000,0.0143,0.0000,0.2635,0.1690,0.0620,SAFE,True,10,0,,,,,,
1771435998.084,0.0,46.64,4.8159,0.861,18.7,1,,,0.01899,0.0000,0.0000,0.1551,0.0000,0.1899,0.1457,0.0683,SAFE,True,10,0,,,,,,
1771435998.084,0.0,46.59,4.8571,0.846,17.6,1,,,0.01906,0.0000,0.0000,0.0000,0.0000,0.1906,0.1380,0.0467,SAFE,True,10,0,,,,,,
1771435998.084,0.0,46.02,4.8375,0.832,16.6,1,,,0.01892,0.0000,0.0000,0.0568,0.0000,0.1892,0.1309,0.0525,SAFE,True,10,0,,,,,,
1771435998.084,0.0,46.22,4.8667,0.819,15.6,1,,,0.01742,0.0000,0.0000,0.0000,0.0000,0.1742,0.1243,0.0423,SAFE,True,10,0,,,,,,
1771435998.084,0.0,46.09,4.8407,0.806,14.7,1,,,0.01742,0.0000,0.0000,0.0421,0.0000,0.1742,0.1181,0.0465,SAFE,True,10,0,,,,,,
1771435998.084,0.0,,,,,,,,,,,,,,,0.0465,SAFE,,10,,t1012_0,0.35,HIGH,LOCAL,SAFE: all tasks permitted (weight=0.35),
1771435998.084,0.0,46.38,4.8542,0.824,16.0,1,,,0.01576,0.0000,0.0000,0.0000,0.0000,0.1576,0.1268,0.0411,SAFE,True,10,0,,,,,,
1771435998.084,0.0,,,,,,,,,,,,,,,0.0411,SAFE,,10,,t1013_0,0.33,HIGH,LOCAL,SAFE: all tasks permitted (weight=0.33),
1771435998.084,0.0,46.62,4.8638,0.837,17.0,1,,,0.01712,0.0000,0.0000,0.0000,0.0000,0.1712,0.1337,0.0439,SAFE,True,10,0,,,,,,
1771435998.084,0.0,45.75,4.8639,0.824,16.0,1,,,0.01620,0.0000,0.0000,0.0000,0.0000,0.1620,0.1269,0.0416,SAFE,True,10,0,,,,,,
1771435998.084,0.0,46.24,4.8672,0.811,15.1,1,,,0.01496,0.0000,0.0000,0.0000,0.0000,0.1496,0.1205,0.0391,SAFE,True,10,0,,,,,,
1771435998.084,0.0,,,,,,,,,,,,,,,0.0391,SAFE,,10,,t1016_0,0.47,NORMAL,LOCAL,SAFE: all tasks permitted (weight=0.47),
1771435998.084,0.0,,,,,,,,,,,,,,,0.0391,SAFE,,10,,t1016_1,0.29,NORMAL,LOCAL,SAFE: all tasks permitted (weight=0.29),
1771435998.084,0.0,46.09,4.8319,0.861,18.7,1,,,0.01568,0.0000,0.0000,0.0823,0.0000,0.1568,0.1456,0.0555,SAFE,True,10,0,,,,,,
1771435998.084,0.0,45.78,4.8637,0.846,17.6,1,,,0.01569,0.0000,0.0000,0.0000,0.0000,0.1569,0.1379,0.0433,SAFE,True,10,0,,,,,,
1771435998.084,0.0,,,,,,,,,,,,,,,0.0433,SAFE,,10,,t1018_0,0.28,NORMAL,LOCAL,SAFE: all tasks permitted (weight=0.28),
1771435998.084,0.0,45.75,4.8498,0.854,18.1,1,,,0.01565,0.0000,0.0000,0.0008,0.0000,0.1565,0.1420,0.0442,SAFE,True,10,0,,,,,,window_reset|B=10
1771435998.084,0.0,,,,,,,,,,,,,,,0.0442,SAFE,,10,,t1019_0,0.50,LOW,LOCAL,SAFE: all tasks permitted (weight=0.50),
1771435998.084,0.0,45.67,4.8302,0.880,20.0,2,,,0.01329,0.0000,0.0000,0.0901,0.0000,0.1329,0.1700,0.0590,SAFE,True,10,0,,,,,,
1771435998.084,0.0,,,,,,,,,,,,,,,0.0590,SAFE,,10,,t1020_0,0.82,CRITICAL,LOCAL,SAFE: all tasks permitted (weight=0.82),
1771435998.084,0.0,45.00,4.8091,0.931,23.6,2,,,0.01771,0.0000,0.0000,0.1857,0.0000,0.1771,0.1953,0.0809,SAFE,True,10,0,,,,,,
1771435998.084,0.0,45.24,4.8158,0.910,22.2,2,,,0.01971,0.0000,0.0000,0.1555,0.0000,0.1971,0.1852,0.0770,SAFE,True,10,0,,,,,,
1771435998.084,0.0,,,,,,,,,,,,,,,0.0770,SAFE,,10,,t1022_0,0.33,HIGH,LOCAL,SAFE: all tasks permitted (weight=0.33),
1771435998.084,0.0,45.47,4.8347,0.918,22.7,2,,,0.01894,0.0000,0.0000,0.0694,0.0000,0.1894,0.1891,0.0658,SAFE,True,10,0,,,,,,
1771435998.084,0.0,45.18,4.8359,0.899,21.4,2,,,0.01905,0.0000,0.0000,0.0642,0.0000,0.1905,0.1795,0.0633,SAFE,True,10,0,,,,,,
1771435998.084,0.0,46.34,4.8527,0.881,20.1,2,,,0.01898,0.0000,0.0000,0.0000,0.0000,0.1898,0.1705,0.0531,SAFE,True,10,0,,,,,,
1771435998.084,0.0,,,,,,,,,,,,,,,0.0531,SAFE,,10,,t1025_0,0.57,HIGH,LOCAL,SAFE: all tasks permitted (weight=0.57),
1771435998.086,0.0,45.14,4.8268,0.911,22.2,2,-22166.739,-21.07607,0.01838,0.0000,0.0000,0.1057,0.0000,0.1838,0.1854,0.0692,SAFE,True,10,0,,,,,,
1771435998.086,0.0,,,,,,,,,,,,,,,0.0692,SAFE,,10,,t1026_0,0.54,LOW,LOCAL,SAFE: all tasks permitted (weight=0.54),
1771435998.086,0.0,45.63,4.7975,0.936,24.0,2,-3910.818,-29.79358,0.02029,0.0000,0.0000,0.2384,0.0000,0.2029,0.1980,0.0909,CRITICAL,True,10,0,,,,,,
1771435998.086,0.0,45.84,4.8143,0.915,22.5,2,5614.397,-9.01785,0.01838,0.0000,0.0000,0.1621,0.0000,0.1838,0.1877,0.0770,SAFE,True,10,0,,,,,,
1771435998.086,0.0,,,,,,,,,,,,,,,0.0770,SAFE,,10,,t1028_0,0.67,LOW,LOCAL,SAFE: all tasks permitted (weight=0.67),
1771435998.086,0.0,46.42,4.8091,0.951,25.1,2,48529.023,-0.03063,0.01926,0.0000,0.0000,0.1860,0.0000,0.1926,0.2055,0.0845,SAFE,True,10,0,,,,,,
1771435998.086,0.0,,,,,,,,,,,,,,,0.0845,SAFE,,10,,t1029_0,0.75,LOW,LOCAL,SAFE: all tasks permitted (weight=0.75),
1771435998.086,0.0,45.18,4.8281,0.991,27.9,3,-1877.027,7.03973,0.01605,0.0000,0.0000,0.0993,0.0000,0.1605,0.2405,0.0771,SAFE,True,10,0,,,,,,
1771435998.086,0.0,46.46,4.8099,0.967,26.2,2,33729.496,-14.15006,0.01471,0.0000,0.0000,0.1822,0.0000,0.1471,0.2133,0.0811,SAFE,True,10,0,,,,,,
1771435998.086,0.0,46.04,4.8553,0.944,24.6,2,29453.866,11.05706,0.01728,0.0000,0.0000,0.0000,0.0000,0.1728,0.2020,0.0577,SAFE,True,10,0,,,,,,
1771435998.086,0.0,46.36,4.8307,0.923,23.1,2,691.736,-12.51096,0.01675,0.0000,0.0000,0.0876,0.0000,0.1675,0.1914,0.0664,SAFE,True,10,0,,,,,,
1771435998.086,0.0,45.97,4.8411,0.903,21.7,2,,,0.01694,0.0000,0.0000,0.0403,0.0000,0.1694,0.1816,0.0585,SAFE,True,10,0,,,,,,window_reset|B=10
1771435998.086,0.0,46.42,4.8139,0.885,20.3,2,,,0.01722,0.0000,0.0000,0.1642,0.0000,0.1722,0.1724,0.0731,SAFE,True,10,0,,,,,,
1771435998.086,0.0,45.70,4.8368,0.868,19.1,2,,,0.01727,0.0000,0.0000,0.0601,0.0000,0.1727,0.1639,0.0579,SAFE,True,10,0,,,,,,
1771435998.086,0.0,,,,,,,,,,,,,,,0.0579,SAFE,,10,,t1036_0,0.67,HIGH,LOCAL,SAFE: all tasks permitted (weight=0.67),
1771435998.086,0.0,46.25,4.8463,0.907,21.9,2,,,0.01653,0.0000,0.0000,0.0170,0.0000,0.1653,0.1833,0.0554,SAFE,True,10,0,,,,,,
1771435998.086,0.0,,,,,,,,,,,,,,,0.0554,SAFE,,10,,t1037_0,0.57,LOW,LOCAL,SAFE: all tasks permitted (weight=0.57),
1771435998.086,0.0,46.67,4.8055,0.935,23.9,2,,,0.01745,0.0000,0.0000,0.2024,0.0000,0.1745,0.1973,0.0832,SAFE,True,10,0,,,,,,
1771435998.086,0.0,46.24,4.8337,0.914,22.4,2,,,0.01564,0.0000,0.0000,0.0740,0.0000,0.1564,0.1870,0.0627,SAFE,True,10,0,,,,,,
1771435998.086,0.0,45.85,4.8459,0.895,21.1,2,,,0.01593,0.0000,0.0000,0.0188,0.0000,0.1593,0.1775,0.0539,SAFE,True,10,0,,,,,,
1771435998.086,0.0,45.58,4.8390,0.877,19.8,2,,,0.01481,0.0000,0.0000,0.0499,0.0000,0.1481,0.1686,0.0550,SAFE,True,10,0,,,,,,
1771435998.086,0.0,45.91,4.8506,0.861,18.6,1,,,0.01558,0.0000,0.0000,0.0000,0.0000,0.1558,0.1454,0.0447,SAFE,True,10,0,,,,,,
1771435998.086,0.0,45.85,4.8422,0.846,17.5,1,,,0.01388,0.0000,0.0000,0.0353,0.0000,0.1388,0.1378,0.0460,SAFE,True,10,0,,,,,,
1771435998.086,0.0,,,,,,,,,,,,,,,0.0460,SAFE,,10,,t1043_0,0.30,CRITICAL,LOCAL,SAFE: all tasks permitted (weight=0.30),
1771435998.086,0.0,45.72,4.8534,0.856,18.3,1,,,0.01368,0.0000,0.0000,0.0000,0.0000,0.1368,0.1431,0.0423,SAFE,True,10,0,,,,,,
1771435998.086,0.0,,,,,,,,,,,,,,,0.0423,SAFE,,10,,t1044_0,0.31,LOW,LOCAL,SAFE: all tasks permitted (weight=0.31),
1771435998.086,0.0,46.35,4.8238,0.866,19.0,2,,,0.01406,0.0000,0.0000,0.1192,0.0000,0.1406,0.1632,0.0622,SAFE,True,10,0,,,,,,
1771435998.086,0.0,45.83,4.8320,0.851,17.9,1,,,0.01401,0.0000,0.0000,0.0817,0.0000,0.1401,0.1403,0.0527,SAFE,True,10,0,,,,,,
1771435998.086,0.0,45.20,4.8501,0.836,16.9,1,-89912.659,23.66264,0.01294,0.0000,0.0000,0.0000,0.0000,0.1294,0.1330,0.0395,SAFE,True,10,0,,,,,,
1771435998.086,0.0,45.69,4.8471,0.822,15.9,1,-14212.824,1.75876,0.01315,0.0000,0.0000,0.0133,0.0000,0.1315,0.1262,0.0401,SAFE,True,10,0,,,,,,
1771435998.086,0.0,44.96,4.8669,0.810,15.0,1,-53638.976,40.14147,0.01516,0.0000,0.0000,0.0000,0.0000,0.1516,0.1199,0.0391,SAFE,True,10,0,,,,,,window_reset|B=10
1771435998.086,0.0,,,,,,,,,,,,,,,0.0391,SAFE,,10,,t1049_0,0.33,NORMAL,LOCAL,SAFE: all tasks permitted (weight=0.33),
1771435998.086,0.0,45.04,4.8640,0.825,16.1,1,-75681.861,19.24100,0.01209,0.0000,0.0000,0.0000,0.0000,0.1209,0.1275,0.0376,SAFE,True,10,0,,,,,,
1771435998.086,0.0,,,,,,,,,,,,,,,0.0376,SAFE,,10,,t1050_0,0.26,NORMAL,LOCAL,SAFE: all tasks permitted (weight=0.26),
1771435998.086,0.0,45.49,4.8787,0.833,16.7,1,-31240.443,52.53126,0.01452,0.0000,0.0000,0.0000,0.0000,0.1452,0.1316,0.0408,SAFE,True,10,0,,,,,,
1771435998.086,0.0,,,,,,,,,,,,,,,0.0408,SAFE,,10,,t1051_0,0.79,NORMAL,LOCAL,SAFE: all tasks permitted (weight=0.79),
1771435998.086,0.0,45.38,4.8020,0.885,20.4,2,-28884.733,-74.06338,0.01959,0.0000,0.0000,0.2180,0.0000,0.1959,0.1725,0.0824,SAFE,True,10,0,,,,,,
1771435998.086,0.0,45.15,4.8380,0.868,19.1,2,-103748.538,20.45972,0.01962,0.0000,0.0000,0.0546,0.0000,0.1962,0.1640,0.0595,SAFE,True,10,0,,,,,,
1771435998.086,0.0,45.12,4.8438,0.852,18.0,1,-61662.162,17.04904,0.01957,0.0000,0.0000,0.0280,0.0000,0.1957,0.1411,0.0514,SAFE,True,10,0,,,,,,
1771435998.086,0.0,45.28,4.8460,0.838,17.0,1,,,0.01955,0.0000,0.0000,0.0180,0.0000,0.1955,0.1338,0.0486,SAFE,True,10,0,,,,,,
1771435998.086,0.0,45.45,4.8270,0.824,16.0,1,,,0.02001,0.0000,0.0000,0.1043,0.0000,0.2001,0.1269,0.0590,SAFE,True,10,0,,,,,,
1771435998.086,0.0,44.44,4.8654,0.811,15.1,1,,,0.01994,0.0000,0.0000,0.0000,0.0000,0.1994,0.1205,0.0440,SAFE,True,10,0,,,,,,
1771435998.086,0.0,44.91,4.8882,0.799,14.2,1,,,0.02237,0.0000,0.0000,0.0000,0.0000,0.2237,0.1146,0.0453,SAFE,True,10,0,,,,,,
1771435998.086,0.0,44.79,4.8582,0.788,13.4,1,,,0.02244,0.0000,0.0000,0.0000,0.0000,0.2244,0.1091,0.0443,SAFE,True,10,0,,,,,,
1771435998.086,0.0,,,,,,,,,,,,,,,0.0443,SAFE,,10,,t1059_0,0.42,NORMAL,LOCAL,SAFE: all tasks permitted (weight=0.42),
1771435998.086,0.0,44.55,4.8710,0.813,15.2,1,,,0.02296,0.0000,0.0000,0.0000,0.0000,0.2296,0.1215,0.0473,SAFE,True,10,0,,,,,,
1771435998.086,0.0,,,,,,,,,,,,,,,0.0473,SAFE,,10,,t1060_0,0.38,NORMAL,LOCAL,SAFE: all tasks permitted (weight=0.38),
1771435998.086,0.0,45.06,4.8355,0.832,16.6,1,,,0.02315,0.0000,0.0000,0.0659,0.0000,0.2315,0.1312,0.0580,SAFE,True,10,0,,,,,,
1771435998.086,0.0,45.05,4.8820,0.819,15.6,1,,,0.02446,0.0000,0.0000,0.0000,0.0000,0.2446,0.1245,0.0494,SAFE,True,10,0,,,,,,
1771435998.086,0.0,44.56,4.8469,0.807,14.8,1,,,0.02322,0.0000,0.0000,0.0143,0.0000,0.2322,0.1183,0.0487,SAFE,True,10,0,,,,,,
1771435998.086,0.0,44.78,4.8780,0.795,13.9,1,,,0.01919,0.0000,0.0000,0.0000,0.0000,0.1919,0.1126,0.0417,SAFE,True,10,0,,,,,,window_reset|B=10
1771435998.086,0.0,44.75,4.8481,0.784,13.2,1,,,0.01857,0.0000,0.0000,0.0086,0.0000,0.1857,0.1072,0.0411,SAFE,True,10,0,,,,,,
1771435998.086,0.0,,,,,,,,,,,,,,,0.0411,SAFE,,10,,t1065_0,0.48,NORMAL,LOCAL,SAFE: all tasks permitted (weight=0.48),
1771435998.086,0.0,44.39,4.8712,0.815,15.3,1,,,0.01843,0.0000,0.0000,0.0000,0.0000,0.1843,0.1223,0.0429,SAFE,True,10,0,,,,,,
1771435998.087,0.0,44.46,4.8340,0.802,14.5,1,-39096.044,-46.98027,0.01945,0.0000,0.0000,0.0727,0.0000,0.1945,0.1162,0.0521,SAFE,True,10,0,,,,,,
1771435998.087,0.0,44.65,4.8507,0.791,13.7,1,12430.867,-39.42423,0.01720,0.0000,0.0000,0.0000,0.0000,0.1720,0.1106,0.0393,SAFE,True,10,0,,,,,,
1771435998.087,0.0,,,,,,,,,,,,,,,0.0393,SAFE,,10,,t1068_0,0.59,LOW,LOCAL,SAFE: all tasks permitted (weight=0.59),
1771435998.087,0.0,,,,,,,,,,,,,,,0.0393,SAFE,,10,,t1068_1,0.69,NORMAL,LOCAL,SAFE: all tasks permitted (weight=0.69),
1771435998.087,0.0,44.54,4.8350,0.887,20.5,2,-59707.786,-1.04345,0.01852,0.0000,0.0000,0.0683,0.0000,0.1852,0.1734,0.0621,SAFE,True,10,0,,,,,,
1771435998.087,0.0,44.06,4.8791,0.870,19.3,2,-115976.561,-5.64677,0.01744,0.0000,0.0000,0.0000,0.0000,0.1744,0.1648,0.0504,SAFE,True,10,0,,,,,,
1771435998.087,0.0,44.06,4.8517,0.854,18.1,1,-58630.496,9.47377,0.01750,0.0000,0.0000,0.0000,0.0000,0.1750,0.1418,0.0459,SAFE,True,10,0,,,,,,
1771435998.087,0.0,44.29,4.8661,0.839,17.1,1,-56770.524,-22.98024,0.01723,0.0000,0.0000,0.0000,0.0000,0.1723,0.1344,0.0441,SAFE,True,10,0,,,,,,
1771435998.087,0.0,44.39,4.8387,0.825,16.1,1,-42153.956,-18.19599,0.01692,0.0000,0.0000,0.0512,0.0000,0.1692,0.1275,0.0491,SAFE,True,10,0,,,,,,
1771435998.087,0.0,43.76,4.8544,0.812,15.2,1,-73095.861,-32.65222,0.01511,0.0000,0.0000,0.0000,0.0000,0.1511,0.1211,0.0393,SAFE,True,10,0,,,,,,
1771435998.087,0.0,43.84,4.8753,0.800,14.3,1,,,0.01594,0.0000,0.0000,0.0000,0.0000,0.1594,0.1152,0.0390,SAFE,True,10,0,,,,,,
1771435998.087,0.0,44.03,4.8703,0.789,13.5,1,,,0.01522,0.0000,0.0000,0.0000,0.0000,0.1522,0.1096,0.0371,SAFE,True,10,0,,,,,,
1771435998.087,0.0,44.42,4.8648,0.779,12.8,1,,,0.01518,0.0000,0.0000,0.0000,0.0000,0.1518,0.1045,0.0361,SAFE,True,10,0,,,,,,
1771435998.087,0.0,43.87,4.8921,0.769,12.1,1,,,0.01764,0.0000,0.0000,0.0000,0.0000,0.1764,0.0997,0.0376,SAFE,True,10,0,,,,,,
1771435998.087,0.0,43.76,4.8801,0.760,11.5,1,,,0.01670,0.0000,0.0000,0.0000,0.0000,0.1670,0.0952,0.0357,SAFE,True,10,0,,,,,,window_reset|B=10
1771435998.087,0.0,44.15,4.8592,0.752,10.9,0,,,0.01633,0.0000,0.0000,0.0000,0.0000,0.1633,0.0761,0.0315,SAFE,True,10,0,,,,,,
1771435998.087,0.0,43.24,4.8641,0.744,10.3,0,,,0.01382,0.0000,0.0000,0.0000,0.0000,0.1382,0.0722,0.0283,SAFE,True,10,0,,,,,,
1771435998.087,0.0,,,,,,,,,,,,,,,0.0283,SAFE,,10,,t1081_0,0.22,NORMAL,LOCAL,SAFE: all tasks permitted (weight=0.22),
1771435998.087,0.0,43.43,4.8524,0.756,11.1,1,,,0.01373,0.0000,0.0000,0.0000,0.0000,0.1373,0.0930,0.0323,SAFE,True,10,0,,,,,,
1771435998.087,0.0,43.39,4.8900,0.748,10.6,0,,,0.01489,0.0000,0.0000,0.0000,0.0000,0.1489,0.0740,0.0297,SAFE,True,10,0,,,,,,
1771435998.087,0.0,,,,,,,,,,,,,,,0.0297,SAFE,,10,,t1083_0,0.27,NORMAL,LOCAL,SAFE: all tasks permitted (weight=0.27),
1771435998.087,0.0,43.79,4.8764,0.763,11.6,1,,,0.01509,0.0000,0.0000,0.0000,0.0000,0.1509,0.0965,0.0344,SAFE,True,10,0,,,,,,
1771435998.087,0.0,,,,,,,,,,,,,,,0.0344,SAFE,,10,,t1084_0,0.26,HIGH,LOCAL,SAFE: all tasks permitted (weight=0.26),
1771435998.087,0.0,43.45,4.8894,0.776,12.6,1,,,0.01324,0.0000,0.0000,0.0000,0.0000,0.1324,0.1031,0.0339,SAFE,True,10,0,,,,,,
1771435998.087,0.0,42.69,4.8648,0.767,11.9,1,,,0.01235,0.0000,0.0000,0.0000,0.0000,0.1235,0.0984,0.0320,SAFE,True,10,0,,,,,,
1771435998.087,0.0,42.96,4.8573,0.758,11.3,1,,,0.01308,0.0000,0.0000,0.0000,0.0000,0.1308,0.0940,0.0319,SAFE,True,10,0,,,,,,
1771435998.087,0.0,43.37,4.8501,0.750,10.7,0,,,0.01439,0.0000,0.0000,0.0000,0.0000,0.1439,0.0750,0.0294,SAFE,True,10,0,,,,,,
1771435998.087,0.0,43.08,4.8811,0.742,10.2,0,,,0.01460,0.0000,0.0000,0.0000,0.0000,0.1460,0.0712,0.0288,SAFE,True,10,0,,,,,,
1771435998.087,0.0,43.04,4.8572,0.735,9.7,0,,,0.01363,0.0000,0.0000,0.0000,0.0000,0.1363,0.0677,0.0272,SAFE,True,10,0,,,,,,
1771435998.087,0.0,42.65,4.8695,0.729,9.2,0,,,0.01319,0.0000,0.0000,0.0000,0.0000,0.1319,0.0644,0.0261,SAFE,True,10,0,,,,,,
1771435998.087,0.0,42.36,4.9010,0.723,8.8,0,,,0.01577,0.0000,0.0000,0.0000,0.0000,0.1577,0.0614,0.0280,SAFE,True,10,0,,,,,,
1771435998.087,0.0,42.62,4.8732,0.717,8.4,0,,,0.01563,0.0000,0.0000,0.0000,0.0000,0.1563,0.0585,0.0273,SAFE,True,10,0,,,,,,
1771435998.087,0.0,,,,,,,,,,,,,,,0.0273,SAFE,,10,,t1093_0,0.39,NORMAL,LOCAL,SAFE: all tasks permitted (weight=0.39),
1771435998.087,0.0,42.33,4.9033,0.745,10.3,0,,,0.01664,0.0000,0.0000,0.0000,0.0000,0.1664,0.0723,0.0311,SAFE,True,10,0,,,,,,window_reset|B=10
1771435998.087,0.0,,,,,,,,,,,,,,,0.0311,SAFE,,10,,t1094_0,0.79,LOW,LOCAL,SAFE: all tasks permitted (weight=0.79),
1771435998.087,0.0,42.74,4.8448,0.804,14.5,1,,,0.01812,0.0000,0.0000,0.0238,0.0000,0.1812,0.1168,0.0446,SAFE,True,10,0,,,,,,
1771435998.087,0.0,,,,,,,,,,,,,,,0.0446,SAFE,,10,,t1095_0,0.70,NORMAL,LOCAL,SAFE: all tasks permitted (weight=0.70),
1771435998.087,0.0,43.09,4.8594,0.851,17.9,1,,,0.01841,0.0000,0.0000,0.0000,0.0000,0.1841,0.1403,0.0465,SAFE,True,10,0,,,,,,
1771435998.087,0.0,42.75,4.8380,0.836,16.9,1,,,0.01955,0.0000,0.0000,0.0546,0.0000,0.1955,0.1330,0.0532,SAFE,True,10,0,,,,,,
1771435998.087,0.0,43.12,4.8632,0.822,15.9,1,,,0.01957,0.0000,0.0000,0.0000,0.0000,0.1957,0.1262,0.0448,SAFE,True,10,0,,,,,,
1771435998.087,0.0,,,,,,,,,,,,,,,0.0448,SAFE,,10,,t1098_0,0.31,CRITICAL,LOCAL,SAFE: all tasks permitted (weight=0.31),
1771435998.087,0.0,42.68,4.8649,0.836,16.8,1,,,0.01938,0.0000,0.0000,0.0000,0.0000,0.1938,0.1329,0.0460,SAFE,True,10,0,,,,,,
1771435998.087,0.0,42.88,4.8440,0.822,15.9,1,,,0.01989,0.0000,0.0000,0.0272,0.0000,0.1989,0.1261,0.0487,SAFE,True,10,0,,,,,,
1771435998.087,0.0,42.48,4.8309,0.810,15.0,1,,,0.02161,0.0000,0.0000,0.0869,0.0000,0.2161,0.1198,0.0569,SAFE,True,10,0,,,,,,
1771435998.087,0.0,,,,,,,,,,,,,,,0.0569,SAFE,,10,,t1101_0,0.37,HIGH,LOCAL,SAFE: all tasks permitted (weight=0.37),
1771435998.087,0.0,42.49,4.8438,0.829,16.4,1,,,0.02219,0.0000,0.0000,0.0283,0.0000,0.2219,0.1295,0.0518,SAFE,True,10,0,,,,,,
1771435998.087,0.0,42.86,4.8554,0.816,15.4,1,,,0.02210,0.0000,0.0000,0.0000,0.0000,0.2210,0.1229,0.0467,SAFE,True,10,0,,,,,,
1771435998.087,0.0,,,,,,,,,,,,,,,0.0467,SAFE,,10,,t1103_0,0.65,LOW,LOCAL,SAFE: all tasks permitted (weight=0.65),
1771435998.087,0.0,42.91,4.8666,0.859,18.5,1,,,0.01857,0.0000,0.0000,0.0000,0.0000,0.1857,0.1443,0.0474,SAFE,True,10,0,,,,,,
1771435998.088,0.0,,,,,,,,,,,,,,,0.0474,SAFE,,10,,t1104_0,0.59,HIGH,LOCAL,SAFE: all tasks permitted (weight=0.59),
1771435998.088,0.0,42.76,4.8255,0.893,20.9,2,650.298,-12.37307,0.01980,0.0000,0.0000,0.1113,0.0000,0.1980,0.1766,0.0696,SAFE,True,10,0,,,,,,
1771435998.088,0.0,42.61,4.8247,0.876,19.7,2,-30361.947,-38.19164,0.01447,0.0000,0.0000,0.1150,0.0000,0.1447,0.1678,0.0630,SAFE,True,10,0,,,,,,
1771435998.088,0.0,,,,,,,,,,,,,,,0.0630,SAFE,,10,,t1106_0,0.39,LOW,LOCAL,SAFE: all tasks permitted (weight=0.39),
1771435998.088,0.0,42.83,4.8352,0.892,20.9,2,8681.846,-29.41068,0.01481,0.0000,0.0000,0.0671,0.0000,0.1481,0.1762,0.0588,SAFE,True,10,0,,,,,,
1771435998.088,0.0,42.91,4.8395,0.875,19.6,2,2252.702,-4.51326,0.01432,0.0000,0.0000,0.0479,0.0000,0.1432,0.1674,0.0540,SAFE,True,10,0,,,,,,
1771435998.088,0.0,43.08,4.8333,0.859,18.5,1,35751.204,2.39022,0.01455,0.0000,0.0000,0.0760,0.0000,0.1455,0.1443,0.0533,SAFE,True,10,0,,,,,,window_reset|B=10
1771435998.088,0.0,,,,,,,,,,,,,,,0.0533,SAFE,,10,,t1109_0,0.42,HIGH,LOCAL,SAFE: all tasks permitted (weight=0.42),
1771435998.088,0.0,42.89,4.8273,0.879,19.9,2,23930.787,-16.36776,0.01396,0.0000,0.0000,0.1032,0.0000,0.1396,0.1696,0.0613,SAFE,True,10,0,,,,,,
1771435998.088,0.0,43.00,4.8480,0.863,18.8,1,8492.360,-7.29931,0.01222,0.0000,0.0000,0.0089,0.0000,0.1222,0.1463,0.0426,SAFE,True,10,0,,,,,,
1771435998.088,0.0,42.95,4.8408,0.847,17.7,1,2402.797,-25.57515,0.01215,0.0000,0.0000,0.0418,0.0000,0.1215,0.1386,0.0453,SAFE,True,10,0,,,,,,
1771435998.088,0.0,43.04,4.8624,0.833,16.6,1,,,0.01341,0.0000,0.0000,0.0000,0.0000,0.1341,0.1314,0.0397,SAFE,True,10,0,,,,,,
1771435998.088,0.0,42.88,4.8463,0.819,15.7,1,,,0.01346,0.0000,0.0000,0.0167,0.0000,0.1346,0.1247,0.0406,SAFE,True,10,0,,,,,,
1771435998.088,0.0,43.36,4.8573,0.807,14.8,1,,,0.01362,0.0000,0.0000,0.0000,0.0000,0.1362,0.1185,0.0373,SAFE,True,10,0,,,,,,
1771435998.088,0.0,,,,,,,,,,,,,,,0.0373,SAFE,,10,,t1115_0,0.75,LOW,LOCAL,SAFE: all tasks permitted (weight=0.75),
1771435998.088,0.0,43.00,4.8507,0.859,18.5,1,,,0.01185,0.0000,0.0000,0.0000,0.0000,0.1185,0.1443,0.0407,SAFE,True,10,0,,,,,,
1771435998.088,0.0,43.40,4.8391,0.844,17.4,1,,,0.01094,0.0000,0.0000,0.0496,0.0000,0.1094,0.1368,0.0447,SAFE,True,10,0,,,,,,
1771435998.088,0.0,43.12,4.8427,0.829,16.4,1,,,0.00961,0.0000,0.0000,0.0330,0.0000,0.0961,0.1297,0.0398,SAFE,True,10,0,,,,,,
1771435998.088,0.0,42.97,4.8499,0.816,15.4,1,,,0.00940,0.0000,0.0000,0.0006,0.0000,0.0940,0.1231,0.0341,SAFE,True,10,0,,,,,,
1771435998.088,0.0,43.05,4.8552,0.804,14.6,1,,,0.00966,0.0000,0.0000,0.0000,0.0000,0.0966,0.1170,0.0331,SAFE,True,10,0,,,,,,
1771435998.088,0.0,43.05,4.8806,0.793,13.8,1,,,0.01279,0.0000,0.0000,0.0000,0.0000,0.1279,0.1114,0.0351,SAFE,True,10,0,,,,,,
1771435998.088,0.0,,,,,,,,,,,,,,,0.0351,SAFE,,10,,t1121_0,0.70,NORMAL,LOCAL,SAFE: all tasks permitted (weight=0.70),
1771435998.088,0.0,43.52,4.8475,0.841,17.2,1,,,0.01087,0.0000,0.0000,0.0113,0.0000,0.1087,0.1355,0.0394,SAFE,True,10,0,,,,,,
1771435998.088,0.0,43.54,4.8548,0.827,16.2,1,,,0.01084,0.0000,0.0000,0.0000,0.0000,0.1084,0.1285,0.0365,SAFE,True,10,0,,,,,,
1771435998.088,0.0,42.79,4.8690,0.814,15.3,1,,,0.01114,0.0000,0.0000,0.0000,0.0000,0.1114,0.1221,0.0356,SAFE,True,10,0,,,,,,window_reset|B=10
1771435998.088,0.0,43.31,4.8788,0.802,14.4,1,,,0.01287,0.0000,0.0000,0.0000,0.0000,0.1287,0.1160,0.0361,SAFE,True,10,0,,,,,,
1771435998.088,0.0,42.87,4.8840,0.791,13.6,1,,,0.01461,0.0000,0.0000,0.0000,0.0000,0.1461,0.1104,0.0367,SAFE,True,10,0,,,,,,
1771435998.088,0.0,,,,,,,,,,,,,,,0.0367,SAFE,,10,,t1126_0,0.46,NORMAL,LOCAL,SAFE: all tasks permitted (weight=0.46),
1771435998.088,0.0,42.95,4.8757,0.819,15.7,1,,,0.01529,0.0000,0.0000,0.0000,0.0000,0.1529,0.1246,0.0402,SAFE,True,10,0,,,,,,
1771435998.088,0.0,43.05,4.8520,0.807,14.8,1,,,0.01522,0.0000,0.0000,0.0000,0.0000,0.1522,0.1184,0.0389,SAFE,True,10,0,,,,,,
1771435998.088,0.0,43.06,4.8663,0.795,13.9,1,,,0.01378,0.0000,0.0000,0.0000,0.0000,0.1378,0.1126,0.0363,SAFE,True,10,0,,,,,,
1771435998.088,0.0,,,,,,,,,,,,,,,0.0363,SAFE,,10,,t1129_0,0.27,NORMAL,LOCAL,SAFE: all tasks permitted (weight=0.27),
1771435998.088,0.0,43.00,4.8676,0.808,14.8,1,,,0.01237,0.0000,0.0000,0.0000,0.0000,0.1237,0.1188,0.0361,SAFE,True,10,0,,,,,,
1771435998.088,0.0,42.71,4.8599,0.796,14.0,1,,,0.01163,0.0000,0.0000,0.0000,0.0000,0.1163,0.1130,0.0342,SAFE,True,10,0,,,,,,
1771435998.088,0.0,,,,,,,,,,,,,,,0.0342,SAFE,,10,,t1131_0,0.69,NORMAL,LOCAL,SAFE: all tasks permitted (weight=0.69),
1771435998.088,0.0,42.91,4.8516,0.843,17.4,1,,,0.01195,0.0000,0.0000,0.0000,0.0000,0.1195,0.1367,0.0393,SAFE,True,10,0,,,,,,
1771435998.088,0.0,43.12,4.8863,0.829,16.4,1,,,0.01263,0.0000,0.0000,0.0000,0.0000,0.1263,0.1296,0.0386,SAFE,True,10,0,,,,,,
1771435998.088,0.0,,,,,,,,,,,,,,,0.0386,SAFE,,10,,t1133_0,0.35,HIGH,LOCAL,SAFE: all tasks permitted (weight=0.35),
1771435998.088,0.0,43.41,4.8475,0.845,17.5,1,,,0.01264,0.0000,0.0000,0.0114,0.0000,0.1264,0.1377,0.0417,SAFE,True,10,0,,,,,,
1771435998.088,0.0,43.20,4.8305,0.831,16.5,1,,,0.01582,0.0000,0.0000,0.0885,0.0000,0.1582,0.1306,0.0535,SAFE,True,10,0,,,,,,
1771435998.088,0.0,,,,,,,,,,,,,,,0.0535,SAFE,,10,,t1135_0,0.30,NORMAL,LOCAL,SAFE: all tasks permitted (weight=0.30),
1771435998.088,0.0,43.30,4.8569,0.843,17.4,1,,,0.01586,0.0000,0.0000,0.0000,0.0000,0.1586,0.1367,0.0432,SAFE,True,10,0,,,,,,
1771435998.088,0.0,43.19,4.8585,0.829,16.4,1,,,0.01517,0.0000,0.0000,0.0000,0.0000,0.1517,0.1297,0.0411,SAFE,True,10,0,,,,,,
1771435998.088,0.0,,,,,,,,,,,,,,,0.0411,SAFE,,10,,t1137_0,0.30,LOW,LOCAL,SAFE: all tasks permitted (weight=0.30),
1771435998.088,0.0,43.27,4.8468,0.842,17.3,1,,,0.01399,0.0000,0.0000,0.0147,0.0000,0.1399,0.1358,0.0431,SAFE,True,10,0,,,,,,
1771435998.088,0.0,,,,,,,,,,,,,,,0.0431,SAFE,,10,,t1138_0,0.55,NORMAL,LOCAL,SAFE: all tasks permitted (weight=0.55),
1771435998.088,0.0,43.22,4.8437,0.875,19.6,2,,,0.01345,0.0000,0.0000,0.0284,0.0000,0.1345,0.1673,0.0506,SAFE,True,10,0,,,,,,window_reset|B=10
1771435998.088,0.0,,,,,,,,,,,,,,,0.0506,SAFE,,10,,t1139_0,0.75,CRITICAL,LOCAL,SAFE: all tasks permitted (weight=0.75),
1771435998.088,0.0,43.04,4.8536,0.922,23.0,2,,,0.01342,0.0000,0.0000,0.0000,0.0000,0.1342,0.1911,0.0517,SAFE,True,10,0,,,,,,
1771435998.088,0.0,43.25,4.8221,0.903,21.6,2,,,0.01587,0.0000,0.0000,0.1267,0.0000,0.1587,0.1813,0.0686,SAFE,True,10,0,,,,,,
1771435998.089,0.0,,,,,,,,,,,,,,,0.0686,SAFE,,10,,t1141_0,0.79,NORMAL,LOCAL,SAFE: all tasks permitted (weight=0.79),
1771435998.089,0.0,43.95,4.8245,0.952,25.1,2,32102.860,-23.04402,0.01680,0.0000,0.0000,0.1161,0.0000,0.1680,0.2059,0.0731,SAFE,True,10,0,,,,,,
1771435998.089,0.0,,,,,,,,,,,,,,,0.0731,SAFE,,10,,t1142_0,0.58,HIGH,LOCAL,SAFE: all tasks permitted (weight=0.58),
1771435998.089,0.0,43.67,4.8216,0.979,27.1,3,28420.936,-8.90765,0.01793,0.0000,0.0000,0.1290,0.0000,0.1793,0.2345,0.0816,SAFE,True,10,0,,,,,,
1771435998.089,0.0,,,,,,,,,,,,,,,0.0816,SAFE,,10,,t1143_0,0.42,LOW,LOCAL,SAFE: all tasks permitted (weight=0.42),
1771435998.089,0.0,43.26,4.7768,0.991,28.0,3,-2383.430,-80.10377,0.02590,0.0000,0.0000,0.3328,0.0000,0.2590,0.2407,0.1173,CRITICAL,True,10,0,,,,,,
1771435998.089,0.0,43.91,4.7988,0.967,26.2,2,43460.301,-59.65005,0.02380,0.0000,0.0000,0.2326,0.0000,0.2380,0.2135,0.0967,CRITICAL,True,10,0,,,,,,
1771435998.089,0.0,44.17,4.8131,0.944,24.6,2,54042.682,-33.66472,0.02380,0.0000,0.0000,0.1676,0.0000,0.2380,0.2021,0.0860,SAFE,True,10,0,,,,,,
1771435998.089,0.0,44.33,4.7980,0.923,23.1,2,66670.185,-45.77240,0.02527,0.0000,0.0000,0.2364,0.0000,0.2527,0.1915,0.0943,CRITICAL,True,10,0,,,,,,
1771435998.089,0.0,,,,,,,,,,,,,,,0.0943,SAFE,,10,,t1147_0,0.73,LOW,LOCAL,SAFE: all tasks permitted (weight=0.73),
1771435998.089,0.0,44.18,4.8017,0.966,26.1,2,68420.613,-51.94070,0.02427,0.0000,0.0000,0.2195,0.0000,0.2427,0.2128,0.0954,SAFE,True,10,0,,,,,,
1771435998.089,0.0,,,,,,,,,,,,,,,0.0954,SAFE,,10,,t1148_0,0.35,NORMAL,LOCAL,SAFE: all tasks permitted (weight=0.35),
1771435998.089,0.0,44.93,4.8235,0.973,26.7,2,101211.560,1.36639,0.02163,0.0000,0.0000,0.1205,0.0000,0.2163,0.2166,0.0806,SAFE,True,10,0,,,,,,
1771435998.089,0.0,44.01,4.8271,0.950,25.0,2,,,0.02013,0.0000,0.0000,0.1043,0.0000,0.2013,0.2050,0.0747,SAFE,True,10,0,,,,,,
1771435998.089,0.0,44.35,4.8117,0.928,23.5,2,,,0.01846,0.0000,0.0000,0.1740,0.0000,0.1846,0.1942,0.0799,SAFE,True,10,0,,,,,,
1771435998.089,0.0,,,,,,,,,,,,,,,0.0799,SAFE,,10,,t1151_0,0.35,NORMAL,LOCAL,SAFE: all tasks permitted (weight=0.35),
1771435998.089,0.0,44.46,4.8217,0.938,24.1,2,,,0.01449,0.0000,0.0000,0.1285,0.0000,0.1449,0.1990,0.0710,SAFE,True,10,0,,,,,,
1771435998.089,0.0,44.99,4.7856,0.917,22.7,2,,,0.01577,0.0000,0.0000,0.2929,0.0000,0.1577,0.1887,0.0916,CRITICAL,True,10,0,,,,,,
1771435998.089,0.0,44.73,4.8258,0.898,21.3,2,,,0.01589,0.0000,0.0000,0.1100,0.0000,0.1589,0.1790,0.0660,SAFE,True,10,0,,,,,,window_reset|B=10
1771435998.089,0.0,44.83,4.8394,0.880,20.0,2,,,0.01774,0.0000,0.0000,0.0481,0.0000,0.1774,0.1701,0.0580,SAFE,True,10,0,,,,,,
1771435998.089,0.0,,,,,,,,,,,,,,,0.0580,SAFE,,10,,t1155_0,0.30,HIGH,LOCAL,SAFE: all tasks permitted (weight=0.30),
1771435998.089,0.0,,,,,,,,,,,,,,,0.0580,SAFE,,10,,t1155_1,0.28,HIGH,LOCAL,SAFE: all tasks permitted (weight=0.28),
1771435998.089,0.0,44.53,4.8018,0.913,22.3,2,,,0.01493,0.0000,0.0000,0.2190,0.0000,0.1493,0.1863,0.0807,SAFE,True,10,0,,,,,,
1771435998.089,0.0,44.34,4.8213,0.894,21.0,2,,,0.01452,0.0000,0.0000,0.1303,0.0000,0.1452,0.1769,0.0668,SAFE,True,10,0,,,,,,
1771435998.089,0.0,,,,,,,,,,,,,,,0.0668,SAFE,,10,,t1157_0,0.69,NORMAL,LOCAL,SAFE: all tasks permitted (weight=0.69),
1771435998.089,0.0,44.62,4.8056,0.935,23.9,2,,,0.01471,0.0000,0.0000,0.2019,0.0000,0.1471,0.1976,0.0805,SAFE,True,10,0,,,,,,
1771435998.089,0.0,44.75,4.8179,0.915,22.5,2,,,0.01396,0.0000,0.0000,0.1457,0.0000,0.1396,0.1874,0.0704,SAFE,True,10,0,,,,,,
1771435998.089,0.0,,,,,,,,,,,,,,,0.0704,SAFE,,10,,t1159_0,0.48,NORMAL,LOCAL,SAFE: all tasks permitted (weight=0.48),
1771435998.089,0.0,44.86,4.8351,0.937,24.0,2,,,0.01430,0.0000,0.0000,0.0679,0.0000,0.1430,0.1983,0.0628,SAFE,True,10,0,,,,,,
1771435998.089,0.0,,,,,,,,,,,,,,,0.0628,SAFE,,10,,t1160_0,0.54,CRITICAL,LOCAL,SAFE: all tasks permitted (weight=0.54),
1771435998.089,0.0,44.52,4.8344,0.962,25.9,2,,,0.01495,0.0000,0.0000,0.0711,0.0000,0.1495,0.2112,0.0664,SAFE,True,10,0,,,,,,
1771435998.089,0.0,45.12,4.8179,0.940,24.3,2,,,0.01475,0.0000,0.0000,0.1460,0.0000,0.1475,0.1999,0.0737,SAFE,True,10,0,,,,,,
1771435998.089,0.0,45.38,4.8520,0.919,22.8,2,,,0.01726,0.0000,0.0000,0.0000,0.0000,0.1726,0.1895,0.0552,SAFE,True,10,0,,,,,,
1771435998.089,0.0,,,,,,,,,,,,,,,0.0552,SAFE,,10,,t1163_0,0.46,CRITICAL,LOCAL,SAFE: all tasks permitted (weight=0.46),
1771435998.089,0.0,45.20,4.8138,0.939,24.2,2,,,0.01739,0.0000,0.0000,0.1648,0.0000,0.1739,0.1997,0.0787,SAFE,True,10,0,,,,,,
1771435998.089,0.0,45.21,4.8696,0.919,22.8,2,,,0.01863,0.0000,0.0000,0.0000,0.0000,0.1863,0.1893,0.0565,SAFE,True,10,0,,,,,,
1771435998.089,0.0,,,,,,,,,,,,,,,0.0565,SAFE,,10,,t1165_0,0.51,HIGH,LOCAL,SAFE: all tasks permitted (weight=0.51),
1771435998.089,0.0,45.30,4.8430,0.943,24.5,2,,,0.01907,0.0000,0.0000,0.0320,0.0000,0.1907,0.2014,0.0635,SAFE,True,10,0,,,,,,
1771435998.089,0.0,,,,,,,,,,,,,,,0.0635,SAFE,,10,,t1166_0,0.30,NORMAL,LOCAL,SAFE: all tasks permitted (weight=0.30),
1771435998.089,0.0,45.32,4.8357,0.947,24.8,2,,,0.01894,0.0000,0.0000,0.0648,0.0000,0.1894,0.2037,0.0681,SAFE,True,10,0,,,,,,
1771435998.089,0.0,44.77,4.8334,0.926,23.3,2,,,0.01708,0.0000,0.0000,0.0757,0.0000,0.1708,0.1930,0.0655,SAFE,True,10,0,,,,,,
1771435998.089,0.0,,,,,,,,,,,,,,,0.0655,SAFE,,10,,t1168_0,0.33,CRITICAL,LOCAL,SAFE: all tasks permitted (weight=0.33),
1771435998.089,0.0,45.64,4.8338,0.934,23.9,2,,,0.01680,0.0000,0.0000,0.0735,0.0000,0.1680,0.1971,0.0658,SAFE,True,10,0,,,,,,window_reset|B=10
1771435998.089,0.0,45.65,4.8366,0.914,22.4,2,,,0.01469,0.0000,0.0000,0.0609,0.0000,0.1469,0.1869,0.0600,SAFE,True,10,0,,,,,,
1771435998.089,0.0,,,,,,,,,,,,,,,0.0600,SAFE,,10,,t1170_0,0.44,NORMAL,LOCAL,SAFE: all tasks permitted (weight=0.44),
1771435998.089,0.0,45.58,4.8206,0.932,23.7,2,,,0.01444,0.0000,0.0000,0.1335,0.0000,0.1444,0.1961,0.0710,SAFE,True,10,0,,,,,,
1771435998.089,0.0,45.28,4.8164,0.912,22.3,2,,,0.01537,0.0000,0.0000,0.1526,0.0000,0.1537,0.1860,0.0724,SAFE,True,10,0,,,,,,
1771435998.089,0.0,,,,,,,,,,,,,,,0.0724,SAFE,,10,,t1172_0,0.77,LOW,LOCAL,SAFE: all tasks permitted (weight=0.77),
1771435998.089,0.0,45.66,4.8380,0.959,25.6,2,,,0.01542,0.0000,0.0000,0.0546,0.0000,0.1542,0.2095,0.0644,SAFE,True,10,0,,,,,,
1771435998.090,0.0,,,,,,,,,,,,,,,0.0644,SAFE,,10,,t1173_0,0.47,HIGH,LOCAL,SAFE: all tasks permitted (weight=0.47),
1771435998.090,0.0,45.56,4.8120,0.977,26.9,2,15477.836,-30.29205,0.01601,0.0000,0.0000,0.1728,0.0000,0.1601,0.2186,0.0822,SAFE,True,10,0,,,,,,
1771435998.090,0.0,45.32,4.8203,0.954,25.3,2,-156.054,-15.15184,0.01539,0.0000,0.0000,0.1352,0.0000,0.1539,0.2069,0.0743,SAFE,True,10,0,,,,,,
1771435998.090,0.0,45.29,4.8247,0.932,23.7,2,30477.732,-8.47898,0.01464,0.0000,0.0000,0.1151,0.0000,0.1464,0.1960,0.0688,SAFE,True,10,0,,,,,,
1771435998.090,0.0,46.11,4.8453,0.912,22.3,2,28135.444,11.25422,0.01037,0.0000,0.0000,0.0212,0.0000,0.1037,0.1858,0.0503,SAFE,True,10,0,,,,,,
1771435998.090,0.0,45.42,4.8588,0.893,20.9,2,-13555.872,21.73909,0.01269,0.0000,0.0000,0.0000,0.0000,0.1269,0.1764,0.0480,SAFE,True,10,0,,,,,,
1771435998.090,0.0,,,,,,,,,,,,,,,0.0480,SAFE,,10,,t1178_0,0.38,HIGH,LOCAL,SAFE: all tasks permitted (weight=0.38),
1771435998.090,0.0,45.64,4.8481,0.908,22.0,2,3576.645,26.89292,0.01348,0.0000,0.0000,0.0085,0.0000,0.1348,0.1839,0.0514,SAFE,True,10,0,,,,,,
1771435998.090,0.0,,,,,,,,,,,,,,,0.0514,SAFE,,10,,t1179_0,0.45,NORMAL,LOCAL,SAFE: all tasks permitted (weight=0.45),
1771435998.090,0.0,45.93,4.8249,0.928,23.4,2,38473.567,8.32107,0.01363,0.0000,0.0000,0.1139,0.0000,0.1363,0.1941,0.0673,SAFE,True,10,0,,,,,,
1771435998.090,0.0,,,,,,,,,,,,,,,0.0673,SAFE,,10,,t1180_0,0.62,HIGH,LOCAL,SAFE: all tasks permitted (weight=0.62),
1771435998.090,0.0,45.73,4.7838,0.962,25.8,2,4148.027,-52.99063,0.01893,0.0000,0.0000,0.3008,0.0000,0.1893,0.2108,0.1002,CRITICAL,True,10,0,,,,,,
1771435998.090,0.0,,,,,,,,,,,,,,,0.1002,SAFE,,10,,t1181_0,0.24,NORMAL,LOCAL,SAFE: all tasks permitted (weight=0.24),
1771435998.090,0.0,45.74,4.8041,0.960,25.7,2,,,0.01974,0.0000,0.0000,0.2086,0.0000,0.1974,0.2100,0.0889,SAFE,True,10,0,,,,,,
1771435998.090,0.0,45.66,4.8304,0.938,24.1,2,,,0.01976,0.0000,0.0000,0.0889,0.0000,0.1976,0.1989,0.0711,SAFE,True,10,0,,,,,,
1771435998.090,0.0,45.91,4.8170,0.917,22.6,2,,,0.01974,0.0000,0.0000,0.1501,0.0000,0.1974,0.1885,0.0769,SAFE,True,10,0,,,,,,window_reset|B=10
1771435998.090,0.0,,,,,,,,,,,,,,,0.0769,SAFE,,10,,t1184_0,0.51,LOW,LOCAL,SAFE: all tasks permitted (weight=0.51),
1771435998.090,0.0,46.49,4.8025,0.942,24.4,2,,,0.02031,0.0000,0.0000,0.2160,0.0000,0.2031,0.2011,0.0886,SAFE,True,10,0,,,,,,
1771435998.090,0.0,46.03,4.8046,0.921,22.9,2,,,0.02073,0.0000,0.0000,0.2061,0.0000,0.2073,0.1906,0.0856,SAFE,True,10,0,,,,,,
1771435998.090,0.0,46.14,4.8266,0.902,21.5,2,,,0.02076,0.0000,0.0000,0.1064,0.0000,0.2076,0.1808,0.0707,SAFE,True,10,0,,,,,,
1771435998.090,0.0,,,,,,,,,,,,,,,0.0707,SAFE,,10,,t1187_0,0.84,HIGH,LOCAL,SAFE: all tasks permitted (weight=0.84),
1771435998.090,0.0,45.94,4.8124,0.956,25.4,2,,,0.02093,0.0000,0.0000,0.1710,0.0000,0.2093,0.2080,0.0848,SAFE,True,10,0,,,,,,
1771435998.090,0.0,46.24,4.8027,0.934,23.9,2,,,0.02020,0.0000,0.0000,0.2150,0.0000,0.2020,0.1970,0.0876,SAFE,True,10,0,,,,,,
1771435998.090,0.0,,,,,,,,,,,,,,,0.0876,SAFE,,10,,t1189_0,0.54,NORMAL,LOCAL,SAFE: all tasks permitted (weight=0.54),
1771435998.090,0.0,46.28,4.8064,0.960,25.7,2,,,0.01617,0.0000,0.0000,0.1980,0.0000,0.1617,0.2102,0.0839,SAFE,True,10,0,,,,,,
1771435998.090,0.0,46.12,4.8093,0.938,24.1,2,,,0.01239,0.0000,0.0000,0.1851,0.0000,0.1239,0.1990,0.0763,SAFE,True,10,0,,,,,,
1771435998.090,0.0,,,,,,,,,,,,,,,0.0763,SAFE,,10,,t1191_0,0.63,LOW,LOCAL,SAFE: all tasks permitted (weight=0.63),
1771435998.090,0.0,45.71,4.7865,0.972,26.5,2,,,0.01316,0.0000,0.0000,0.2888,0.0000,0.1316,0.2158,0.0939,CRITICAL,True,10,0,,,,,,
1771435998.090,0.0,,,,,,,,,,,,,,,0.0939,SAFE,,10,,t1192_0,0.49,NORMAL,LOCAL,SAFE: all tasks permitted (weight=0.49),
1771435998.090,0.0,45.66,4.8364,0.991,27.9,3,,,0.01341,0.0000,0.0000,0.0616,0.0000,0.1341,0.2403,0.0695,SAFE,True,10,0,,,,,,
1771435998.090,0.0,46.36,4.7963,0.966,26.2,2,,,0.01393,0.0000,0.0000,0.2440,0.0000,0.1393,0.2131,0.0883,CRITICAL,True,10,0,,,,,,
1771435998.090,0.0,46.70,4.8130,0.944,24.5,2,,,0.01268,0.0000,0.0000,0.1681,0.0000,0.1268,0.2018,0.0749,SAFE,True,10,0,,,,,,
1771435998.090,0.0,45.98,4.8370,0.922,23.0,2,,,0.01471,0.0000,0.0000,0.0591,0.0000,0.1471,0.1912,0.0606,SAFE,True,10,0,,,,,,
1771435998.090,0.0,46.22,4.8543,0.903,21.6,2,,,0.01862,0.0000,0.0000,0.0000,0.0000,0.1862,0.1814,0.0549,SAFE,True,10,0,,,,,,
1771435998.090,0.0,46.16,4.7973,0.885,20.3,2,,,0.01908,0.0000,0.0000,0.2395,0.0000,0.1908,0.1723,0.0847,CRITICAL,True,10,0,,,,,,
1771435998.090,0.0,46.40,4.8607,0.868,19.1,2,,,0.02279,0.0000,0.0000,0.0000,0.0000,0.2279,0.1638,0.0555,SAFE,True,10,0,,,,,,window_reset|B=10
1771435998.090,0.0,45.95,4.8645,0.852,18.0,1,,,0.02610,0.0000,0.0000,0.0000,0.0000,0.2610,0.1409,0.0543,SAFE,True,10,0,,,,,,
1771435998.090,0.0,,,,,,,,,,,,,,,0.0543,SAFE,,10,,t1200_0,0.70,NORMAL,LOCAL,SAFE: all tasks permitted (weight=0.70),
1771435998.090,0.0,,,,,,,,,,,,,,,0.0543,SAFE,,10,,t1200_1,0.54,NORMAL,LOCAL,SAFE: all tasks permitted (weight=0.54),
1771435998.090,0.0,,,,,,,,,,,,,,,0.0543,SAFE,,10,,t1200_2,0.27,CRITICAL,LOCAL,SAFE: all tasks permitted (weight=0.27),
1771435998.090,0.0,45.82,4.7738,0.968,26.3,2,,,0.02894,0.0000,0.0000,0.3462,0.0000,0.2894,0.2142,0.1168,CRITICAL,True,10,0,,,,,,
1771435998.090,0.0,46.20,4.8010,0.945,24.7,2,,,0.02919,0.0000,0.0000,0.2227,0.0000,0.2919,0.2027,0.0987,SAFE,True,10,0,,,,,,
1771435998.090,0.0,,,,,,,,,,,,,,,0.0987,SAFE,,10,,t1202_0,0.37,NORMAL,LOCAL,SAFE: all tasks permitted (weight=0.37),
1771435998.090,0.0,46.13,4.8291,0.957,25.5,2,,,0.02914,0.0000,0.0000,0.0951,0.0000,0.2914,0.2083,0.0832,SAFE,True,10,0,,,,,,
1771435998.090,0.0,46.20,4.8041,0.935,23.9,2,,,0.02778,0.0000,0.0000,0.2087,0.0000,0.2778,0.1973,0.0944,SAFE,True,10,0,,,,,,
1771435998.090,0.0,46.48,4.8136,0.914,22.4,2,,,0.02753,0.0000,0.0000,0.1654,0.0000,0.2753,0.1871,0.0864,SAFE,True,10,0,,,,,,
1771435998.090,0.0,,,,,,,,,,,,,,,0.0864,SAFE,,10,,t1205_0,0.59,LOW,LOCAL,SAFE: all tasks permitted (weight=0.59),
1771435998.090,0.0,46.51,4.7959,0.947,24.8,2,,,0.02756,0.0000,0.0000,0.2458,0.0000,0.2756,0.2034,0.1002,CRITICAL,True,10,0,,,,,,
1771435998.090,0.0,46.66,4.8422,0.925,23.2,2,,,0.02809,0.0000,0.0000,0.0353,0.0000,0.2809,0.1927,0.0712,SAFE,True,10,0,,,,,,
1771435998.090,0.0,46.37,4.8185,0.906,21.8,2,,,0.02777,0.0000,0.0000,0.1430,0.0000,0.2777,0.1828,0.0829,SAFE,True,10,0,,,,,,
1771435998.091,0.0,46.34,4.8653,0.887,20.5,2,31655.344,92.35861,0.02901,0.0000,0.0000,0.0000,0.0000,0.2901,0.1736,0.0637,SAFE,True,10,0,,,,,,
1771435998.091,0.0,,,,,,,,,,,,,,,0.0637,SAFE,,10,,t1209_0,0.61,NORMAL,LOCAL,SAFE: all tasks permitted (weight=0.61),
1771435998.091,0.0,46.21,4.8515,0.923,23.1,2,262.403,50.99568,0.02900,0.0000,0.0000,0.0000,0.0000,0.2900,0.1915,0.0673,SAFE,True,10,0,,,,,,
1771435998.091,0.0,46.39,4.8222,0.903,21.7,2,15485.159,-6.97508,0.02714,0.0000,0.0000,0.1265,0.0000,0.2714,0.1817,0.0799,SAFE,True,10,0,,,,,,
1771435998.091,0.0,,,,,,,,,,,,,,,0.0799,SAFE,,10,,t1211_0,0.38,CRITICAL,LOCAL,SAFE: all tasks permitted (weight=0.38),
1771435998.091,0.0,46.29,4.7904,0.918,22.7,2,5640.743,-13.81056,0.02548,0.0000,0.0000,0.2709,0.0000,0.2548,0.1889,0.0985,CRITICAL,True,10,0,,,,,,
1771435998.091,0.0,,,,,,,,,,,,,,,0.0985,SAFE,,10,,t1212_0,0.28,NORMAL,LOCAL,SAFE: all tasks permitted (weight=0.28),
1771435998.091,0.0,46.13,4.8176,0.923,23.1,2,-21213.504,4.06328,0.02187,0.0000,0.0000,0.1471,0.0000,0.2187,0.1917,0.0793,SAFE,True,10,0,,,,,,
1771435998.091,0.0,46.40,4.8154,0.904,21.7,2,-6887.973,19.70158,0.02112,0.0000,0.0000,0.1571,0.0000,0.2112,0.1818,0.0779,SAFE,True,10,0,,,,,,window_reset|B=10
1771435998.091,0.0,46.56,4.8267,0.885,20.4,2,-6427.257,-15.63161,0.02107,0.0000,0.0000,0.1058,0.0000,0.2107,0.1727,0.0693,SAFE,True,10,0,,,,,,
1771435998.091,0.0,46.50,4.8371,0.868,19.2,2,7306.001,18.76622,0.02071,0.0000,0.0000,0.0585,0.0000,0.2071,0.1642,0.0611,SAFE,True,10,0,,,,,,
1771435998.091,0.0,46.40,4.8451,0.852,18.0,1,,,0.02112,0.0000,0.0000,0.0222,0.0000,0.2112,0.1412,0.0523,SAFE,True,10,0,,,,,,
1771435998.091,0.0,,,,,,,,,,,,,,,0.0523,SAFE,,10,,t1217_0,0.51,NORMAL,LOCAL,SAFE: all tasks permitted (weight=0.51),
1771435998.091,0.0,46.26,4.8026,0.883,20.2,2,,,0.02036,0.0000,0.0000,0.2153,0.0000,0.2036,0.1713,0.0826,SAFE,True,10,0,,,,,,
1771435998.091,0.0,,,,,,,,,,,,,,,0.0826,SAFE,,10,,t1218_0,0.26,HIGH,LOCAL,SAFE: all tasks permitted (weight=0.26),
1771435998.091,0.0,46.51,4.8193,0.888,20.6,2,,,0.02000,0.0000,0.0000,0.1398,0.0000,0.2000,0.1741,0.0730,SAFE,True,10,0,,,,,,
1771435998.091,0.0,46.08,4.8178,0.871,19.4,2,,,0.02002,0.0000,0.0000,0.1463,0.0000,0.2002,0.1655,0.0721,SAFE,True,10,0,,,,,,
1771435998.091,0.0,,,,,,,,,,,,,,,0.0721,SAFE,,10,,t1220_0,0.21,NORMAL,LOCAL,SAFE: all tasks permitted (weight=0.21),
1771435998.091,0.0,46.16,4.7960,0.873,19.5,2,,,0.01768,0.0000,0.0000,0.2453,0.0000,0.1768,0.1665,0.0829,CRITICAL,True,10,0,,,,,,
1771435998.091,0.0,,,,,,,,,,,,,,,0.0829,SAFE,,10,,t1221_0,0.43,LOW,LOCAL,SAFE: all tasks permitted (weight=0.43),
1771435998.091,0.0,46.22,4.8538,0.895,21.0,2,,,0.01802,0.0000,0.0000,0.0000,0.0000,0.1802,0.1773,0.0535,SAFE,True,10,0,,,,,,
1771435998.091,0.0,,,,,,,,,,,,,,,0.0535,SAFE,,10,,t1222_0,0.57,LOW,LOCAL,SAFE: all tasks permitted (weight=0.57),
1771435998.091,0.0,46.20,4.8409,0.927,23.3,2,,,0.01891,0.0000,0.0000,0.0411,0.0000,0.1891,0.1934,0.0629,SAFE,True,10,0,,,,,,
1771435998.091,0.0,45.69,4.8375,0.907,21.9,2,,,0.01672,0.0000,0.0000,0.0566,0.0000,0.1672,0.1835,0.0608,SAFE,True,10,0,,,,,,
1771435998.091,0.0,45.81,4.8271,0.888,20.6,2,,,0.01654,0.0000,0.0000,0.1039,0.0000,0.1654,0.1742,0.0649,SAFE,True,10,0,,,,,,
1771435998.091,0.0,45.93,4.8293,0.871,19.4,2,,,0.01620,0.0000,0.0000,0.0942,0.0000,0.1620,0.1656,0.0616,SAFE,True,10,0,,,,,,
1771435998.091,0.0,,,,,,,,,,,,,,,0.0616,SAFE,,10,,t1226_0,0.63,NORMAL,LOCAL,SAFE: all tasks permitted (weight=0.63),
1771435998.091,0.0,45.93,4.8318,0.911,22.2,2,,,0.01623,0.0000,0.0000,0.0826,0.0000,0.1623,0.1853,0.0640,SAFE,True,10,0,,,,,,
1771435998.091,0.0,45.63,4.8161,0.892,20.8,2,,,0.01631,0.0000,0.0000,0.1539,0.0000,0.1631,0.1759,0.0715,SAFE,True,10,0,,,,,,
1771435998.091,0.0,45.67,4.8305,0.874,19.6,2,,,0.01539,0.0000,0.0000,0.0885,0.0000,0.1539,0.1671,0.0603,SAFE,True,10,0,,,,,,window_reset|B=10
1771435998.091,0.0,45.78,4.8527,0.858,18.4,1,,,0.01548,0.0000,0.0000,0.0000,0.0000,0.1548,0.1440,0.0443,SAFE,True,10,0,,,,,,
1771435998.091,0.0,46.13,4.8551,0.843,17.3,1,,,0.01664,0.0000,0.0000,0.0000,0.0000,0.1664,0.1364,0.0439,SAFE,True,10,0,,,,,,
1771435998.091,0.0,45.60,4.8498,0.829,16.3,1,,,0.01666,0.0000,0.0000,0.0007,0.0000,0.1666,0.1294,0.0426,SAFE,True,10,0,,,,,,
1771435998.091,0.0,,,,,,,,,,,,,,,0.0426,SAFE,,10,,t1232_0,0.31,LOW,LOCAL,SAFE: all tasks permitted (weight=0.31),
1771435998.091,0.0,45.73,4.8609,0.843,17.4,1,,,0.01330,0.0000,0.0000,0.0000,0.0000,0.1330,0.1367,0.0406,SAFE,True,10,0,,,,,,
1771435998.091,0.0,45.69,4.8770,0.829,16.4,1,,,0.01643,0.0000,0.0000,0.0000,0.0000,0.1643,0.1296,0.0424,SAFE,True,10,0,,,,,,
1771435998.091,0.0,46.06,4.8549,0.816,15.4,1,,,0.01677,0.0000,0.0000,0.0000,0.0000,0.1677,0.1231,0.0414,SAFE,True,10,0,,,,,,
1771435998.091,0.0,,,,,,,,,,,,,,,0.0414,SAFE,,10,,t1235_0,0.21,NORMAL,LOCAL,SAFE: all tasks permitted (weight=0.21),
1771435998.091,0.0,45.87,4.8545,0.823,15.9,1,,,0.01692,0.0000,0.0000,0.0000,0.0000,0.1692,0.1264,0.0422,SAFE,True,10,0,,,,,,
1771435998.091,0.0,,,,,,,,,,,,,,,0.0422,SAFE,,10,,t1236_0,0.53,NORMAL,LOCAL,SAFE: all tasks permitted (weight=0.53),
1771435998.091,0.0,45.73,4.8307,0.856,18.3,1,,,0.01663,0.0000,0.0000,0.0876,0.0000,0.1663,0.1432,0.0567,SAFE,True,10,0,,,,,,
1771435998.091,0.0,45.78,4.8411,0.841,17.2,1,,,0.01599,0.0000,0.0000,0.0404,0.0000,0.1599,0.1357,0.0484,SAFE,True,10,0,,,,,,
1771435998.091,0.0,,,,,,,,,,,,,,,0.0484,SAFE,,10,,t1238_0,0.57,LOW,LOCAL,SAFE: all tasks permitted (weight=0.57),
1771435998.091,0.0,45.95,4.8168,0.878,19.8,2,,,0.01759,0.0000,0.0000,0.1510,0.0000,0.1759,0.1689,0.0710,SAFE,True,10,0,,,,,,
1771435998.091,0.0,,,,,,,,,,,,,,,0.0710,SAFE,,10,,t1239_0,0.43,LOW,LOCAL,SAFE: all tasks permitted (weight=0.43),
1771435998.091,0.0,,,,,,,,,,,,,,,0.0710,SAFE,,10,,t1239_1,0.32,LOW,LOCAL,SAFE: all tasks permitted (weight=0.32),
1771435998.091,0.0,45.13,4.8180,0.928,23.4,2,,,0.01734,0.0000,0.0000,0.1454,0.0000,0.1734,0.1940,0.0750,SAFE,True,10,0,,,,,,
1771435998.091,0.0,45.51,4.8127,0.908,22.0,2,,,0.01920,0.0000,0.0000,0.1697,0.0000,0.1920,0.1840,0.0781,SAFE,True,10,0,,,,,,
1771435998.091,0.0,45.30,4.8345,0.889,20.7,2,,,0.01914,0.0000,0.0000,0.0704,0.0000,0.1914,0.1746,0.0632,SAFE,True,10,0,,,,,,
1771435998.092,0.0,,,,,,,,,,,,,,,0.0632,SAFE,,10,,t1242_0,0.38,HIGH,LOCAL,SAFE: all tasks permitted (weight=0.38),
1771435998.092,0.0,45.53,4.8476,0.905,21.8,2,-32238.812,-7.34580,0.01883,0.0000,0.0000,0.0109,0.0000,0.1883,0.1825,0.0568,SAFE,True,10,0,,,,,,
1771435998.092,0.0,45.77,4.8703,0.887,20.5,2,-6441.187,15.83442,0.02037,0.0000,0.0000,0.0000,0.0000,0.2037,0.1733,0.0550,SAFE,True,10,0,,,,,,window_reset|B=10
1771435998.092,0.0,,,,,,,,,,,,,,,0.0550,SAFE,,10,,t1244_0,0.50,LOW,LOCAL,SAFE: all tasks permitted (weight=0.50),
1771435998.092,0.0,45.53,4.8270,0.914,22.4,2,-12195.681,-3.69743,0.02008,0.0000,0.0000,0.1044,0.0000,0.2008,0.1868,0.0710,SAFE,True,10,0,,,,,,
1771435998.092,0.0,,,,,,,,,,,,,,,0.0710,SAFE,,10,,t1245_0,0.23,LOW,LOCAL,SAFE: all tasks permitted (weight=0.23),
1771435998.092,0.0,45.53,4.7918,0.915,22.5,2,-14707.769,-49.31378,0.02093,0.0000,0.0000,0.2645,0.0000,0.2093,0.1874,0.0928,CRITICAL,True,10,0,,,,,,
1771435998.092,0.0,45.74,4.8432,0.896,21.1,2,-12385.139,26.44998,0.02016,0.0000,0.0000,0.0308,0.0000,0.2016,0.1778,0.0597,SAFE,True,10,0,,,,,,
1771435998.092,0.0,,,,,,,,,,,,,,,0.0597,SAFE,,10,,t1247_0,0.81,NORMAL,LOCAL,SAFE: all tasks permitted (weight=0.81),
1771435998.092,0.0,46.02,4.8113,0.949,24.9,2,53389.730,-6.75110,0.01974,0.0000,0.0000,0.1761,0.0000,0.1974,0.2045,0.0835,SAFE,True,10,0,,,,,,
1771435998.092,0.0,,,,,,,,,,,,,,,0.0835,SAFE,,10,,t1248_0,0.49,NORMAL,LOCAL,SAFE: all tasks permitted (weight=0.49),
1771435998.092,0.0,46.05,4.7979,0.970,26.5,2,32281.055,-14.77903,0.02148,0.0000,0.0000,0.2369,0.0000,0.2148,0.2152,0.0953,CRITICAL,True,10,0,,,,,,
1771435998.092,0.0,,,,,,,,,,,,,,,0.0953,SAFE,,10,,t1249_0,0.52,NORMAL,LOCAL,SAFE: all tasks permitted (weight=0.52),
1771435998.092,0.0,45.43,4.8062,0.993,28.1,3,7940.312,-28.27928,0.02160,0.0000,0.0000,0.1990,0.0000,0.2160,0.2415,0.0958,SAFE,True,10,0,,,,,,
1771435998.092,0.0,,,,,,,,,,,,,,,0.0958,SAFE,,10,,t1250_0,0.65,HIGH,LOCAL,SAFE: all tasks permitted (weight=0.65),
1771435998.092,0.0,46.33,4.8039,1.025,30.4,3,,,0.02220,0.0000,0.0000,0.2097,0.0000,0.2220,0.2577,0.1010,SAFE,True,10,0,,,,,,
1771435998.092,0.0,45.74,4.7944,0.999,28.5,3,,,0.02347,0.0000,0.0000,0.2525,0.0000,0.2347,0.2443,0.1052,CRITICAL,True,10,0,,,,,,
1771435998.092,0.0,,,,,,,,,,,,,,,0.1052,SAFE,,10,,t1252_0,0.74,NORMAL,LOCAL,SAFE: all tasks permitted (weight=0.74),
1771435998.092,0.0,45.75,4.8058,1.039,31.4,3,,,0.02373,0.0000,0.0000,0.2009,0.0000,0.2373,0.2647,0.1028,SAFE,True,10,0,,,,,,
1771435998.092,0.0,,,,,,,,,,,,,,,0.1028,SAFE,,10,,t1253_0,0.81,HIGH,LOCAL,SAFE: all tasks permitted (weight=0.81),
1771435998.092,0.0,46.70,4.7788,1.083,34.5,3,,,0.02570,0.0000,0.0000,0.3235,0.0000,0.2570,0.2865,0.1251,CRITICAL,True,10,0,,,,,,
1771435998.092,0.0,46.14,4.7634,1.052,32.3,3,,,0.02726,0.0000,0.0000,0.3937,0.0000,0.2726,0.2711,0.1327,CRITICAL,True,10,0,,,,,,
1771435998.092,0.0,46.12,4.7774,1.023,30.2,3,,,0.02085,0.0000,0.0000,0.3300,0.0000,0.2085,0.2567,0.1151,CRITICAL,True,10,0,,,,,,
1771435998.092,0.0,,,,,,,,,,,,,,,0.1151,SAFE,,10,,t1256_0,0.21,NORMAL,LOCAL,SAFE: all tasks permitted (weight=0.21),
1771435998.092,0.0,46.74,4.7913,1.015,29.6,3,,,0.01928,0.0000,0.0000,0.2668,0.0000,0.1928,0.2525,0.1045,CRITICAL,True,10,0,,,,,,
1771435998.092,0.0,46.64,4.8105,0.989,27.8,3,,,0.01954,0.0000,0.0000,0.1794,0.0000,0.1954,0.2394,0.0908,SAFE,True,10,0,,,,,,
1771435998.092,0.0,46.45,4.8175,0.965,26.0,2,,,0.01554,0.0000,0.0000,0.1478,0.0000,0.1554,0.2123,0.0772,SAFE,True,10,0,,,,,,window_reset|B=10
1771435998.092,0.0,,,,,,,,,,,,,,,0.0772,SAFE,,10,,t1259_0,0.42,NORMAL,LOCAL,SAFE: all tasks permitted (weight=0.42),
1771435998.092,0.0,46.41,4.8100,0.980,27.1,3,,,0.01545,0.0000,0.0000,0.1818,0.0000,0.1545,0.2348,0.0860,SAFE,True,10,0,,,,,,
1771435998.092,0.0,46.39,4.8333,0.956,25.4,2,,,0.01851,0.0000,0.0000,0.0761,0.0000,0.1851,0.2080,0.0700,SAFE,True,10,0,,,,,,
1771435998.092,0.0,46.97,4.8177,0.934,23.9,2,,,0.01913,0.0000,0.0000,0.1470,0.0000,0.1913,0.1970,0.0776,SAFE,True,10,0,,,,,,
1771435998.092,0.0,47.25,4.8102,0.913,22.4,2,,,0.01930,0.0000,0.0000,0.1809,0.0000,0.1930,0.1867,0.0802,SAFE,True,10,0,,,,,,
1771435998.092,0.0,,,,,,,,,,,,,,,0.0802,SAFE,,10,,t1263_0,0.48,NORMAL,LOCAL,SAFE: all tasks permitted (weight=0.48),
1771435998.092,0.0,46.29,4.8491,0.937,24.1,2,,,0.02329,0.0000,0.0000,0.0039,0.0000,0.2329,0.1987,0.0635,SAFE,True,10,0,,,,,,
1771435998.092,0.0,46.64,4.8224,0.917,22.6,2,,,0.02377,0.0000,0.0000,0.1252,0.0000,0.2377,0.1884,0.0777,SAFE,True,10,0,,,,,,
1771435998.092,0.0,,,,,,,,,,,,,,,0.0777,SAFE,,10,,t1265_0,0.62,NORMAL,LOCAL,SAFE: all tasks permitted (weight=0.62),
1771435998.092,0.0,46.50,4.8018,0.953,25.2,2,,,0.02232,0.0000,0.0000,0.2191,0.0000,0.2232,0.2063,0.0921,SAFE,True,10,0,,,,,,
1771435998.092,0.0,46.64,4.8475,0.931,23.6,2,,,0.02007,0.0000,0.0000,0.0114,0.0000,0.2007,0.1955,0.0606,SAFE,True,10,0,,,,,,
1771435998.092,0.0,46.62,4.8417,0.911,22.2,2,,,0.01755,0.0000,0.0000,0.0375,0.0000,0.1755,0.1854,0.0595,SAFE,True,10,0,,,,,,
1771435998.092,0.0,46.57,4.8318,0.892,20.9,2,,,0.01525,0.0000,0.0000,0.0826,0.0000,0.1525,0.1760,0.0612,SAFE,True,10,0,,,,,,
1771435998.092,0.0,46.79,4.8283,0.874,19.6,2,,,0.01467,0.0000,0.0000,0.0987,0.0000,0.1467,0.1672,0.0609,SAFE,True,10,0,,,,,,
1771435998.092,0.0,,,,,,,,,,,,,,,0.0609,SAFE,,10,,t1270_0,0.21,LOW,LOCAL,SAFE: all tasks permitted (weight=0.21),
1771435998.092,0.0,46.82,4.8061,0.877,19.8,2,,,0.01553,0.0000,0.0000,0.1997,0.0000,0.1553,0.1686,0.0752,SAFE,True,10,0,,,,,,
1771435998.092,0.0,,,,,,,,,,,,,,,0.0752,SAFE,,10,,t1271_0,0.65,NORMAL,LOCAL,SAFE: all tasks permitted (weight=0.65),
1771435998.092,0.0,47.51,4.8014,0.919,22.8,2,,,0.01639,0.0000,0.0000,0.2211,0.0000,0.1639,0.1893,0.0830,SAFE,True,10,0,,,,,,
1771435998.092,0.0,46.36,4.8254,0.899,21.4,2,,,0.01617,0.0000,0.0000,0.1117,0.0000,0.1617,0.1796,0.0666,SAFE,True,10,0,,,,,,
1771435998.092,0.0,,,,,,,,,,,,,,,0.0666,SAFE,,10,,t1273_0,0.73,NORMAL,LOCAL,SAFE: all tasks permitted (weight=0.73),
1771435998.092,0.0,47.02,4.8327,0.946,24.7,2,,,0.01625,0.0000,0.0000,0.0786,0.0000,0.1625,0.2031,0.0671,SAFE,True,10,0,,,,,,window_reset|B=10
1771435998.092,0.0,,,,,,,,,,,,,,,0.0671,SAFE,,10,,t1274_0,0.34,NORMAL,LOCAL,SAFE: all tasks permitted (weight=0.34),
1771435998.092,0.0,46.58,4.8220,0.955,25.3,2,,,0.01568,0.0000,0.0000,0.1272,0.0000,0.1568,0.2074,0.0737,SAFE,True,10,0,,,,,,
1771435998.093,0.0,,,,,,,,,,,,,,,0.0737,SAFE,,10,,t1275_0,0.58,HIGH,LOCAL,SAFE: all tasks permitted (weight=0.58),
1771435998.093,0.0,47.05,4.8198,0.985,27.5,3,26294.843,-22.00601,0.01406,0.0000,0.0000,0.1375,0.0000,0.1406,0.2375,0.0794,SAFE,True,10,0,,,,,,
1771435998.093,0.0,46.62,4.8297,0.961,25.8,2,2767.640,-2.16158,0.01416,0.0000,0.0000,0.0925,0.0000,0.1416,0.2105,0.0683,SAFE,True,10,0,,,,,,
1771435998.093,0.0,46.63,4.8404,0.939,24.2,2,-9793.519,12.10039,0.01309,0.0000,0.0000,0.0438,0.0000,0.1309,0.1993,0.0586,SAFE,True,10,0,,,,,,
1771435998.093,0.0,46.58,4.8362,0.918,22.7,2,-14284.966,30.11461,0.01195,0.0000,0.0000,0.0629,0.0000,0.1195,0.1889,0.0579,SAFE,True,10,0,,,,,,
1771435998.093,0.0,46.94,4.8309,0.899,21.3,2,-33851.436,29.59055,0.01113,0.0000,0.0000,0.0867,0.0000,0.1113,0.1793,0.0583,SAFE,True,10,0,,,,,,
1771435998.093,0.0,,,,,,,,,,,,,,,0.0583,SAFE,,10,,t1280_0,0.52,NORMAL,LOCAL,SAFE: all tasks permitted (weight=0.52),
1771435998.093,0.0,46.70,4.8036,0.927,23.4,2,19985.880,-21.84471,0.01243,0.0000,0.0000,0.2110,0.0000,0.1243,0.1935,0.0786,SAFE,True,10,0,,,,,,
1771435998.093,0.0,,,,,,,,,,,,,,,0.0786,SAFE,,10,,t1281_0,0.43,NORMAL,LOCAL,SAFE: all tasks permitted (weight=0.43),
1771435998.093,0.0,,,,,,,,,,,,,,,0.0786,SAFE,,10,,t1281_1,0.63,NORMAL,LOCAL,SAFE: all tasks permitted (weight=0.63),
1771435998.093,0.0,47.12,4.8223,1.001,28.6,3,6152.336,-10.42965,0.01233,0.0000,0.0000,0.1260,0.0000,0.1233,0.2455,0.0778,SAFE,True,10,0,,,,,,
1771435998.093,0.0,46.57,4.8115,0.976,26.8,2,-566.424,-10.54882,0.01180,0.0000,0.0000,0.1751,0.0000,0.1180,0.2179,0.0781,SAFE,True,10,0,,,,,,
1771435998.093,0.0,46.69,4.8107,0.952,25.2,2,,,0.01060,0.0000,0.0000,0.1786,0.0000,0.1060,0.2062,0.0751,SAFE,True,10,0,,,,,,
1771435998.093,0.0,47.19,4.7918,0.931,23.6,2,,,0.01375,0.0000,0.0000,0.2644,0.0000,0.1375,0.1954,0.0872,CRITICAL,True,10,0,,,,,,
1771435998.093,0.0,46.61,4.8230,0.910,22.2,2,,,0.01332,0.0000,0.0000,0.1227,0.0000,0.1332,0.1852,0.0663,SAFE,True,10,0,,,,,,
1771435998.093,0.0,,,,,,,,,,,,,,,0.0663,SAFE,,10,,t1286_0,0.79,NORMAL,LOCAL,SAFE: all tasks permitted (weight=0.79),
1771435998.093,0.0,46.98,4.8147,0.963,25.9,2,,,0.01339,0.0000,0.0000,0.1604,0.0000,0.1339,0.2113,0.0765,SAFE,True,10,0,,,,,,
1771435998.093,0.0,46.81,4.8177,0.940,24.3,2,,,0.01339,0.0000,0.0000,0.1468,0.0000,0.1339,0.2001,0.0725,SAFE,True,10,0,,,,,,
1771435998.093,0.0,46.54,4.8370,0.919,22.8,2,,,0.01400,0.0000,0.0000,0.0593,0.0000,0.1400,0.1896,0.0596,SAFE,True,10,0,,,,,,window_reset|B=10
1771435998.093,0.0,46.48,4.8235,0.900,21.4,2,,,0.01266,0.0000,0.0000,0.1206,0.0000,0.1266,0.1799,0.0643,SAFE,True,10,0,,,,,,
1771435998.093,0.0,,,,,,,,,,,,,,,0.0643,SAFE,,10,,t1290_0,0.42,NORMAL,LOCAL,SAFE: all tasks permitted (weight=0.42),
1771435998.093,0.0,46.31,4.8294,0.919,22.8,2,,,0.01200,0.0000,0.0000,0.0938,0.0000,0.1200,0.1896,0.0621,SAFE,True,10,0,,,,,,
1771435998.093,0.0,,,,,,,,,,,,,,,0.0621,SAFE,,10,,t1291_0,0.51,NORMAL,LOCAL,SAFE: all tasks permitted (weight=0.51),
1771435998.093,0.0,46.92,4.8464,0.946,24.7,2,,,0.01399,0.0000,0.0000,0.0163,0.0000,0.1399,0.2028,0.0567,SAFE,True,10,0,,,,,,
1771435998.093,0.0,46.74,4.8418,0.924,23.2,2,,,0.01439,0.0000,0.0000,0.0373,0.0000,0.1439,0.1921,0.0577,SAFE,True,10,0,,,,,,
1771435998.093,0.0,46.52,4.8409,0.905,21.8,2,,,0.01527,0.0000,0.0000,0.0412,0.0000,0.1527,0.1823,0.0571,SAFE,True,10,0,,,,,,
1771435998.093,0.0,,,,,,,,,,,,,,,0.0571,SAFE,,10,,t1294_0,0.68,HIGH,LOCAL,SAFE: all tasks permitted (weight=0.68),
1771435998.093,0.0,47.13,4.7902,0.947,24.8,2,,,0.01767,0.0000,0.0000,0.2719,0.0000,0.1767,0.2036,0.0937,CRITICAL,True,10,0,,,,,,
1771435998.093,0.0,46.99,4.8395,0.926,23.3,2,,,0.01790,0.0000,0.0000,0.0475,0.0000,0.1790,0.1930,0.0627,SAFE,True,10,0,,,,,,
1771435998.093,0.0,47.10,4.8656,0.906,21.9,2,,,0.01824,0.0000,0.0000,0.0000,0.0000,0.1824,0.1830,0.0548,SAFE,True,10,0,,,,,,
1771435998.093,0.0,47.22,4.8289,0.888,20.5,2,,,0.01810,0.0000,0.0000,0.0961,0.0000,0.1810,0.1738,0.0654,SAFE,True,10,0,,,,,,
1771435998.093,0.0,46.54,4.8476,0.870,19.3,2,,,0.01787,0.0000,0.0000,0.0109,0.0000,0.1787,0.1652,0.0523,SAFE,True,10,0,,,,,,
1771435998.093,0.0,46.87,4.8497,0.854,18.2,1,,,0.01762,0.0000,0.0000,0.0014,0.0000,0.1762,0.1422,0.0462,SAFE,True,10,0,,,,,,
1771435998.093,0.0,46.68,4.8814,0.840,17.1,1,,,0.02153,0.0000,0.0000,0.0000,0.0000,0.2153,0.1348,0.0485,SAFE,True,10,0,,,,,,
1771435998.093,0.0,46.08,4.8561,0.826,16.1,1,,,0.02127,0.0000,0.0000,0.0000,0.0000,0.2127,0.1278,0.0468,SAFE,True,10,0,,,,,,
1771435998.093,0.0,,,,,,,,,,,,,,,0.0468,SAFE,,10,,t1302_0,0.30,LOW,LOCAL,SAFE: all tasks permitted (weight=0.30),
1771435998.093,0.0,,,,,,,,,,,,,,,0.0468,SAFE,,10,,t1302_1,0.22,HIGH,LOCAL,SAFE: all tasks permitted (weight=0.22),
1771435998.093,0.0,46.60,4.8407,0.859,18.5,1,,,0.02089,0.0000,0.0000,0.0421,0.0000,0.2089,0.1446,0.0553,SAFE,True,10,0,,,,,,
1771435998.093,0.0,45.70,4.8427,0.844,17.4,1,,,0.02088,0.0000,0.0000,0.0333,0.0000,0.2088,0.1370,0.0526,SAFE,True,10,0,,,,,,window_reset|B=10
1771435998.093,0.0,46.14,4.8704,0.830,16.4,1,,,0.02212,0.0000,0.0000,0.0000,0.0000,0.2212,0.1299,0.0481,SAFE,True,10,0,,,,,,
1771435998.093,0.0,45.90,4.8432,0.817,15.5,1,,,0.02208,0.0000,0.0000,0.0311,0.0000,0.2208,0.1234,0.0508,SAFE,True,10,0,,,,,,
1771435998.093,0.0,46.14,4.8426,0.804,14.6,1,,,0.01439,0.0000,0.0000,0.0337,0.0000,0.1439,0.1172,0.0422,SAFE,True,10,0,,,,,,
1771435998.093,0.0,46.13,4.8517,0.793,13.8,1,,,0.01399,0.0000,0.0000,0.0000,0.0000,0.1399,0.1116,0.0363,SAFE,True,10,0,,,,,,
1771435998.093,0.0,45.94,4.8523,0.783,13.0,1,,,0.01335,0.0000,0.0000,0.0000,0.0000,0.1335,0.1063,0.0346,SAFE,True,10,0,,,,,,
1771435998.093,0.0,,,,,,,,,,,,,,,0.0346,SAFE,,10,,t1309_0,0.73,NORMAL,LOCAL,SAFE: all tasks permitted (weight=0.73),
1771435998.093,0.0,45.36,4.8373,0.838,17.0,1,,,0.01237,0.0000,0.0000,0.0577,0.0000,0.1237,0.1340,0.0467,SAFE,True,10,0,,,,,,
1771435998.093,0.0,,,,,,,,,,,,,,,0.0467,SAFE,,10,,t1310_0,0.39,LOW,LOCAL,SAFE: all tasks permitted (weight=0.39),
1771435998.093,0.0,45.66,4.8476,0.860,18.6,1,,,0.01237,0.0000,0.0000,0.0111,0.0000,0.1237,0.1449,0.0428,SAFE,True,10,0,,,,,,
1771435998.093,0.0,,,,,,,,,,,,,,,0.0428,SAFE,,10,,t1311_0,0.50,HIGH,LOCAL,SAFE: all tasks permitted (weight=0.50),
1771435998.093,0.0,45.63,4.8438,0.889,20.7,2,,,0.01254,0.0000,0.0000,0.0281,0.0000,0.1254,0.1747,0.0511,SAFE,True,10,0,,,,,,
1771435998.094,0.0,,,,,,,,,,,,,,,0.0511,SAFE,,10,,t1312_0,0.49,CRITICAL,LOCAL,SAFE: all tasks permitted (weight=0.49),
1771435998.094,0.0,,,,,,,,,,,,,,,0.0511,SAFE,,10,,t1312_1,0.51,HIGH,LOCAL,SAFE: all tasks permitted (weight=0.51),
1771435998.094,0.0,45.63,4.8033,0.962,25.8,2,-30626.788,-67.13464,0.01501,0.0000,0.0000,0.2125,0.0000,0.1501,0.2109,0.0848,SAFE,True,10,0,,,,,,
1771435998.094,0.0,45.88,4.7920,0.939,24.2,2,-1339.839,-51.13074,0.02033,0.0000,0.0000,0.2636,0.0000,0.2033,0.1997,0.0945,CRITICAL,True,10,0,,,,,,
1771435998.094,0.0,45.52,4.8254,0.919,22.8,2,-37237.659,-17.20536,0.02066,0.0000,0.0000,0.1119,0.0000,0.2066,0.1893,0.0731,SAFE,True,10,0,,,,,,
1771435998.094,0.0,45.75,4.8270,0.899,21.4,2,-22825.650,-24.69406,0.02080,0.0000,0.0000,0.1044,0.0000,0.2080,0.1796,0.0703,SAFE,True,10,0,,,,,,
1771435998.094,0.0,45.54,4.8311,0.881,20.1,2,-23651.072,-21.20047,0.01810,0.0000,0.0000,0.0859,0.0000,0.1810,0.1706,0.0634,SAFE,True,10,0,,,,,,
1771435998.094,0.0,46.04,4.8456,0.865,18.9,1,41186.482,8.31390,0.01822,0.0000,0.0000,0.0199,0.0000,0.1822,0.1473,0.0503,SAFE,True,10,0,,,,,,
1771435998.094,0.0,45.60,4.8554,0.849,17.8,1,-3369.249,7.79963,0.01909,0.0000,0.0000,0.0000,0.0000,0.1909,0.1395,0.0470,SAFE,True,10,0,,,,,,window_reset|B=10
1771435998.094,0.0,,,,,,,,,,,,,,,0.0470,SAFE,,10,,t1319_0,0.60,NORMAL,LOCAL,SAFE: all tasks permitted (weight=0.60),
1771435998.094,0.0,45.29,4.8213,0.889,20.6,2,-20776.876,-22.55243,0.01863,0.0000,0.0000,0.1307,0.0000,0.1863,0.1744,0.0705,SAFE,True,10,0,,,,,,
1771435998.094,0.0,,,,,,,,,,,,,,,0.0705,SAFE,,10,,t1320_0,0.28,NORMAL,LOCAL,SAFE: all tasks permitted (weight=0.28),
1771435998.094,0.0,45.52,4.8066,0.896,21.2,2,,,0.01872,0.0000,0.0000,0.1971,0.0000,0.1872,0.1782,0.0800,SAFE,True,10,0,,,,,,
1771435998.094,0.0,,,,,,,,,,,,,,,0.0800,SAFE,,10,,t1321_0,0.28,NORMAL,LOCAL,SAFE: all tasks permitted (weight=0.28),
1771435998.094,0.0,45.89,4.8379,0.904,21.7,2,,,0.01875,0.0000,0.0000,0.0548,0.0000,0.1875,0.1819,0.0623,SAFE,True,10,0,,,,,,
1771435998.094,0.0,45.72,4.8269,0.885,20.4,2,,,0.01781,0.0000,0.0000,0.1049,0.0000,0.1781,0.1727,0.0660,SAFE,True,10,0,,,,,,
1771435998.094,0.0,45.14,4.8221,0.868,19.2,2,,,0.01703,0.0000,0.0000,0.1269,0.0000,0.1703,0.1642,0.0664,SAFE,True,10,0,,,,,,
1771435998.094,0.0,45.70,4.8652,0.853,18.0,1,,,0.01906,0.0000,0.0000,0.0000,0.0000,0.1906,0.1413,0.0473,SAFE,True,10,0,,,,,,
1771435998.094,0.0,,,,,,,,,,,,,,,0.0473,SAFE,,10,,t1325_0,0.38,LOW,LOCAL,SAFE: all tasks permitted (weight=0.38),
1771435998.094,0.0,45.45,4.8240,0.872,19.5,2,,,0.01551,0.0000,0.0000,0.1182,0.0000,0.1551,0.1662,0.0641,SAFE,True,10,0,,,,,,
1771435998.094,0.0,45.27,4.8365,0.856,18.3,1,,,0.01540,0.0000,0.0000,0.0613,0.0000,0.1540,0.1431,0.0520,SAFE,True,10,0,,,,,,
1771435998.094,0.0,45.56,4.8541,0.841,17.2,1,,,0.01627,0.0000,0.0000,0.0000,0.0000,0.1627,0.1356,0.0434,SAFE,True,10,0,,,,,,
1771435998.094,0.0,,,,,,,,,,,,,,,0.0434,SAFE,,10,,t1328_0,0.39,LOW,LOCAL,SAFE: all tasks permitted (weight=0.39),
1771435998.094,0.0,45.06,4.8409,0.863,18.8,1,,,0.01627,0.0000,0.0000,0.0412,0.0000,0.1627,0.1464,0.0509,SAFE,True,10,0,,,,,,
1771435998.094,0.0,45.60,4.8560,0.847,17.7,1,,,0.01700,0.0000,0.0000,0.0000,0.0000,0.1700,0.1387,0.0447,SAFE,True,10,0,,,,,,
1771435998.094,0.0,,,,,,,,,,,,,,,0.0447,SAFE,,10,,t1330_0,0.47,NORMAL,LOCAL,SAFE: all tasks permitted (weight=0.47),
1771435998.094,0.0,45.82,4.8446,0.876,19.7,2,,,0.01629,0.0000,0.0000,0.0247,0.0000,0.1629,0.1679,0.0531,SAFE,True,10,0,,,,,,
1771435998.094,0.0,45.53,4.8547,0.859,18.5,1,,,0.01633,0.0000,0.0000,0.0000,0.0000,0.1633,0.1447,0.0453,SAFE,True,10,0,,,,,,
1771435998.094,0.0,,,,,,,,,,,,,,,0.0453,SAFE,,10,,t1332_0,0.77,HIGH,LOCAL,SAFE: all tasks permitted (weight=0.77),
1771435998.094,0.0,44.86,4.8070,0.914,22.4,2,,,0.01627,0.0000,0.0000,0.1954,0.0000,0.1627,0.1869,0.0790,SAFE,True,10,0,,,,,,
1771435998.094,0.0,45.38,4.8072,0.895,21.1,2,,,0.01852,0.0000,0.0000,0.1947,0.0000,0.1852,0.1774,0.0793,SAFE,True,10,0,,,,,,window_reset|B=10
1771435998.094,0.0,,,,,,,,,,,,,,,0.0793,SAFE,,10,,t1334_0,0.55,NORMAL,LOCAL,SAFE: all tasks permitted (weight=0.55),
1771435998.094,0.0,45.29,4.8253,0.927,23.4,2,,,0.01860,0.0000,0.0000,0.1123,0.0000,0.1860,0.1937,0.0719,SAFE,True,10,0,,,,,,
1771435998.094,0.0,45.44,4.8580,0.907,22.0,2,,,0.01893,0.0000,0.0000,0.0000,0.0000,0.1893,0.1837,0.0557,SAFE,True,10,0,,,,,,
1771435998.094,0.0,45.08,4.8489,0.889,20.6,2,,,0.01757,0.0000,0.0000,0.0050,0.0000,0.1757,0.1744,0.0531,SAFE,True,10,0,,,,,,
1771435998.094,0.0,45.38,4.8136,0.871,19.4,2,,,0.01848,0.0000,0.0000,0.1657,0.0000,0.1848,0.1657,0.0732,SAFE,True,10,0,,,,,,
1771435998.094,0.0,,,,,,,,,,,,,,,0.0732,SAFE,,10,,t1338_0,0.82,CRITICAL,LOCAL,SAFE: all tasks permitted (weight=0.82),
1771435998.094,0.0,45.62,4.8355,0.930,23.6,2,,,0.01849,0.0000,0.0000,0.0659,0.0000,0.1849,0.1951,0.0661,SAFE,True,10,0,,,,,,
1771435998.094,0.0,,,,,,,,,,,,,,,0.0661,SAFE,,10,,t1339_0,0.78,NORMAL,LOCAL,SAFE: all tasks permitted (weight=0.78),
1771435998.094,0.0,45.65,4.7948,0.981,27.2,3,,,0.02103,0.0000,0.0000,0.2507,0.0000,0.2103,0.2354,0.1007,CRITICAL,True,10,0,,,,,,
1771435998.094,0.0,45.39,4.8188,0.957,25.5,2,,,0.02116,0.0000,0.0000,0.1417,0.0000,0.2116,0.2085,0.0813,SAFE,True,10,0,,,,,,
1771435998.094,0.0,45.70,4.7973,0.935,23.9,2,,,0.02144,0.0000,0.0000,0.2395,0.0000,0.2144,0.1975,0.0921,CRITICAL,True,10,0,,,,,,
1771435998.094,0.0,,,,,,,,,,,,,,,0.0921,SAFE,,10,,t1342_0,0.37,NORMAL,LOCAL,SAFE: all tasks permitted (weight=0.37),
1771435998.094,0.0,,,,,,,,,,,,,,,0.0921,SAFE,,10,,t1342_1,0.67,NORMAL,LOCAL,SAFE: all tasks permitted (weight=0.67),
1771435998.094,0.0,46.16,4.7986,1.009,29.2,3,,,0.02179,0.0000,0.0000,0.2337,0.0000,0.2179,0.2494,0.1020,CRITICAL,True,10,0,,,,,,
1771435998.094,0.0,,,,,,,,,,,,,,,0.1020,SAFE,,10,,t1343_0,0.38,NORMAL,LOCAL,SAFE: all tasks permitted (weight=0.38),
1771435998.094,0.0,45.73,4.8110,1.018,29.9,3,,,0.01950,0.0000,0.0000,0.1773,0.0000,0.1950,0.2540,0.0934,SAFE,True,10,0,,,,,,
1771435998.094,0.0,45.81,4.7912,0.992,28.0,3,,,0.02070,0.0000,0.0000,0.2674,0.0000,0.2070,0.2409,0.1036,CRITICAL,True,10,0,,,,,,
1771435998.094,0.0,,,,,,,,,,,,,,,0.1036,SAFE,,10,,t1345_0,0.33,HIGH,LOCAL,SAFE: all tasks permitted (weight=0.33),
1771435998.094,0.0,45.78,4.8087,0.998,28.4,3,,,0.02065,0.0000,0.0000,0.1878,0.0000,0.2065,0.2438,0.0938,SAFE,True,10,0,,,,,,
1771435998.095,0.0,,,,,,,,,,,,,,,0.0938,SAFE,,10,,t1346_0,0.55,HIGH,LOCAL,SAFE: all tasks permitted (weight=0.55),
1771435998.095,0.0,45.95,4.7647,1.023,30.2,3,19586.189,-70.86073,0.02492,0.0000,0.0000,0.3877,0.0000,0.2492,0.2564,0.1266,CRITICAL,True,10,0,,,,,,
1771435998.095,0.0,,,,,,,,,,,,,,,0.1266,SAFE,,10,,t1347_0,0.76,LOW,LOCAL,SAFE: all tasks permitted (weight=0.76),
1771435998.095,0.0,46.40,4.7581,1.065,33.2,3,45138.672,-36.76968,0.02476,0.0000,0.0000,0.4177,0.0000,0.2476,0.2777,0.1346,CRITICAL,True,10,0,,,,,,
1771435998.095,0.0,46.24,4.7838,1.036,31.1,3,50469.752,-35.08640,0.02107,0.0000,0.0000,0.3011,0.0000,0.2107,0.2629,0.1128,CRITICAL,True,10,0,,,,,,window_reset|B=10
1771435998.095,0.0,46.28,4.8215,1.008,29.2,3,35210.717,24.17721,0.02166,0.0000,0.0000,0.1296,0.0000,0.2166,0.2491,0.0883,SAFE,True,10,0,,,,,,
1771435998.095,0.0,46.88,4.7844,0.983,27.3,3,43324.095,-14.19693,0.01884,0.0000,0.0000,0.2981,0.0000,0.1884,0.2363,0.1049,CRITICAL,True,10,0,,,,,,
1771435998.095,0.0,,,,,,,,,,,,,,,0.1049,SAFE,,10,,t1351_0,0.23,NORMAL,LOCAL,SAFE: all tasks permitted (weight=0.23),
1771435998.095,0.0,46.23,4.8150,0.979,27.1,3,29778.911,4.05628,0.01969,0.0000,0.0000,0.1589,0.0000,0.1969,0.2347,0.0873,SAFE,True,10,0,,,,,,
1771435998.095,0.0,46.77,4.8308,0.956,25.4,2,57508.309,39.66787,0.02107,0.0000,0.0000,0.0872,0.0000,0.2107,0.2079,0.0740,SAFE,True,10,0,,,,,,
1771435998.095,0.0,46.26,4.8116,0.934,23.8,2,28812.846,2.96587,0.02145,0.0000,0.0000,0.1744,0.0000,0.2145,0.1969,0.0835,SAFE,True,10,0,,,,,,
1771435998.095,0.0,47.10,4.8630,0.913,22.4,2,,,0.02794,0.0000,0.0000,0.0000,0.0000,0.2794,0.1867,0.0653,SAFE,True,10,0,,,,,,
1771435998.095,0.0,46.80,4.8373,0.894,21.0,2,,,0.02943,0.0000,0.0000,0.0576,0.0000,0.2943,0.1772,0.0724,SAFE,True,10,0,,,,,,
1771435998.095,0.0,,,,,,,,,,,,,,,0.0724,SAFE,,10,,t1356_0,0.76,NORMAL,LOCAL,SAFE: all tasks permitted (weight=0.76),
1771435998.095,0.0,46.58,4.8190,0.946,24.7,2,,,0.02928,0.0000,0.0000,0.1408,0.0000,0.2928,0.2031,0.0882,SAFE,True,10,0,,,,,,
1771435998.095,0.0,46.75,4.8247,0.925,23.2,2,,,0.02963,0.0000,0.0000,0.1148,0.0000,0.2963,0.1925,0.0831,SAFE,True,10,0,,,,,,
1771435998.095,0.0,47.06,4.8261,0.905,21.8,2,,,0.02660,0.0000,0.0000,0.1086,0.0000,0.2660,0.1826,0.0772,SAFE,True,10,0,,,,,,
1771435998.095,0.0,46.51,4.8121,0.887,20.5,2,,,0.02053,0.0000,0.0000,0.1724,0.0000,0.2053,0.1734,0.0776,SAFE,True,10,0,,,,,,
1771435998.095,0.0,,,,,,,,,,,,,,,0.0776,SAFE,,10,,t1360_0,0.36,HIGH,LOCAL,SAFE: all tasks permitted (weight=0.36),
1771435998.095,0.0,46.77,4.8072,0.902,21.6,2,,,0.01804,0.0000,0.0000,0.1944,0.0000,0.1804,0.1811,0.0795,SAFE,True,10,0,,,,,,
1771435998.095,0.0,,,,,,,,,,,,,,,0.0795,SAFE,,10,,t1361_0,0.65,HIGH,LOCAL,SAFE: all tasks permitted (weight=0.65),
1771435998.095,0.0,46.74,4.8414,0.943,24.5,2,,,0.01890,0.0000,0.0000,0.0392,0.0000,0.1890,0.2016,0.0643,SAFE,True,10,0,,,,,,
1771435998.095,0.0,,,,,,,,,,,,,,,0.0643,SAFE,,10,,t1362_0,0.27,NORMAL,LOCAL,SAFE: all tasks permitted (weight=0.27),
1771435998.095,0.0,46.61,4.8210,0.946,24.7,2,,,0.01502,0.0000,0.0000,0.1318,0.0000,0.1502,0.2032,0.0728,SAFE,True,10,0,,,,,,
1771435998.095,0.0,46.41,4.8212,0.925,23.2,2,,,0.01475,0.0000,0.0000,0.1310,0.0000,0.1475,0.1926,0.0703,SAFE,True,10,0,,,,,,window_reset|B=10
1771435998.095,0.0,46.82,4.7665,0.905,21.8,2,,,0.02202,0.0000,0.0000,0.3794,0.0000,0.2202,0.1827,0.1079,CRITICAL,True,10,0,,,,,,
1771435998.095,0.0,,,,,,,,,,,,,,,0.1079,SAFE,,10,,t1365_0,0.70,HIGH,LOCAL,SAFE: all tasks permitted (weight=0.70),
1771435998.095,0.0,47.15,4.8132,0.951,25.1,2,,,0.02197,0.0000,0.0000,0.1673,0.0000,0.2197,0.2055,0.0848,SAFE,True,10,0,,,,,,
1771435998.095,0.0,46.32,4.8351,0.929,23.5,2,,,0.01862,0.0000,0.0000,0.0677,0.0000,0.1862,0.1947,0.0664,SAFE,True,10,0,,,,,,
1771435998.095,0.0,46.61,4.8210,0.909,22.1,2,,,0.01779,0.0000,0.0000,0.1320,0.0000,0.1779,0.1847,0.0719,SAFE,True,10,0,,,,,,
1771435998.095,0.0,46.46,4.8632,0.891,20.8,2,,,0.02186,0.0000,0.0000,0.0000,0.0000,0.2186,0.1753,0.0569,SAFE,True,10,0,,,,,,
1771435998.095,0.0,,,,,,,,,,,,,,,0.0569,SAFE,,10,,t1369_0,0.57,LOW,LOCAL,SAFE: all tasks permitted (weight=0.57),
1771435998.095,0.0,46.14,4.8593,0.925,23.2,2,,,0.02430,0.0000,0.0000,0.0000,0.0000,0.2430,0.1927,0.0628,SAFE,True,10,0,,,,,,
1771435998.095,0.0,46.41,4.8220,0.906,21.8,2,,,0.02430,0.0000,0.0000,0.1273,0.0000,0.2430,0.1828,0.0774,SAFE,True,10,0,,,,,,
1771435998.095,0.0,,,,,,,,,,,,,,,0.0774,SAFE,,10,,t1371_0,0.58,NORMAL,LOCAL,SAFE: all tasks permitted (weight=0.58),
1771435998.095,0.0,46.37,4.8119,0.940,24.3,2,,,0.02431,0.0000,0.0000,0.1733,0.0000,0.2431,0.2001,0.0869,SAFE,True,10,0,,,,,,
1771435998.095,0.0,46.67,4.8281,0.919,22.8,2,,,0.02382,0.0000,0.0000,0.0994,0.0000,0.2382,0.1896,0.0747,SAFE,True,10,0,,,,,,
1771435998.096,0.0,47.06,4.8201,0.900,21.4,2,-5744.250,7.01468,0.02334,0.0000,0.0000,0.1359,0.0000,0.2334,0.1799,0.0770,SAFE,True,10,0,,,,,,
1771435998.096,0.0,,,,,,,,,,,,,,,0.0770,SAFE,,10,,t1374_0,0.41,LOW,LOCAL,SAFE: all tasks permitted (weight=0.41),
1771435998.096,0.0,46.94,4.8019,0.920,22.8,2,37399.793,-33.67009,0.02410,0.0000,0.0000,0.2186,0.0000,0.2410,0.1899,0.0905,SAFE,True,10,0,,,,,,
1771435998.096,0.0,46.25,4.7882,0.900,21.5,2,-21722.264,-33.18092,0.02585,0.0000,0.0000,0.2807,0.0000,0.2585,0.1802,0.0984,CRITICAL,True,10,0,,,,,,
1771435998.096,0.0,,,,,,,,,,,,,,,0.0984,SAFE,,10,,t1376_0,0.22,HIGH,LOCAL,SAFE: all tasks permitted (weight=0.22),
1771435998.096,0.0,46.56,4.8003,0.902,21.6,2,6201.877,-63.78184,0.02141,0.0000,0.0000,0.2258,0.0000,0.2141,0.1812,0.0870,SAFE,True,10,0,,,,,,
1771435998.096,0.0,,,,,,,,,,,,,,,0.0870,SAFE,,10,,t1377_0,0.57,NORMAL,LOCAL,SAFE: all tasks permitted (weight=0.57),
1771435998.096,0.0,46.19,4.8235,0.937,24.1,2,3397.455,-36.32125,0.02125,0.0000,0.0000,0.1204,0.0000,0.2125,0.1985,0.0766,SAFE,True,10,0,,,,,,
1771435998.096,0.0,46.66,4.8265,0.916,22.6,2,15074.690,4.56641,0.02096,0.0000,0.0000,0.1068,0.0000,0.2096,0.1882,0.0725,SAFE,True,10,0,,,,,,window_reset|B=10
1771435998.096,0.0,,,,,,,,,,,,,,,0.0725,SAFE,,10,,t1379_0,0.56,HIGH,LOCAL,SAFE: all tasks permitted (weight=0.56),
1771435998.096,0.0,45.89,4.7733,0.949,24.9,2,-29052.423,-39.08080,0.02495,0.0000,0.0000,0.3485,0.0000,0.2495,0.2045,0.1112,CRITICAL,True,10,0,,,,,,
1771435998.096,0.0,,,,,,,,,,,,,,,0.1112,SAFE,,10,,t1380_0,0.53,HIGH,LOCAL,SAFE: all tasks permitted (weight=0.53),
1771435998.096,0.0,46.63,4.8222,0.976,26.9,2,-2365.421,-6.04343,0.02105,0.0000,0.0000,0.1265,0.0000,0.2105,0.2181,0.0811,SAFE,True,10,0,,,,,,
1771435998.096,0.0,,,,,,,,,,,,,,,0.0811,SAFE,,10,,t1381_0,0.79,NORMAL,LOCAL,SAFE: all tasks permitted (weight=0.79),
1771435998.096,0.0,46.66,4.7927,1.025,30.4,3,,,0.01696,0.0000,0.0000,0.2603,0.0000,0.1696,0.2576,0.1023,CRITICAL,True,10,0,,,,,,
1771435998.096,0.0,46.78,4.8085,0.998,28.5,3,,,0.01651,0.0000,0.0000,0.1885,0.0000,0.1651,0.2442,0.0898,SAFE,True,10,0,,,,,,
1771435998.096,0.0,,,,,,,,,,,,,,,0.0898,SAFE,,10,,t1383_0,0.84,HIGH,LOCAL,SAFE: all tasks permitted (weight=0.84),
1771435998.096,0.0,46.96,4.7782,1.051,32.2,3,,,0.01839,0.0000,0.0000,0.3264,0.0000,0.1839,0.2705,0.1149,CRITICAL,True,10,0,,,,,,
1771435998.096,0.0,,,,,,,,,,,,,,,0.1149,SAFE,,10,,t1384_0,0.24,LOW,LOCAL,SAFE: all tasks permitted (weight=0.24),
1771435998.096,0.0,46.75,4.7892,1.044,31.7,3,,,0.01749,0.0000,0.0000,0.2763,0.0000,0.1749,0.2671,0.1068,CRITICAL,True,10,0,,,,,,
1771435998.096,0.0,,,,,,,,,,,,,,,0.1068,SAFE,,10,,t1385_0,0.22,HIGH,LOCAL,SAFE: all tasks permitted (weight=0.22),
1771435998.096,0.0,47.05,4.8352,1.036,31.2,3,,,0.01920,0.0000,0.0000,0.0675,0.0000,0.1920,0.2631,0.0806,SAFE,True,10,0,,,,,,
1771435998.096,0.0,,,,,,,,,,,,,,,0.0806,SAFE,,10,,t1386_0,0.60,HIGH,LOCAL,SAFE: all tasks permitted (weight=0.60),
1771435998.096,0.0,,,,,,,,,,,,,,,0.0806,SAFE,,10,,t1386_1,0.34,NORMAL,LOCAL,SAFE: all tasks permitted (weight=0.34),
1771435998.096,0.0,47.60,4.7599,1.095,35.4,4,,,0.02265,0.0000,0.0000,0.4095,0.0000,0.2265,0.3076,0.1374,CRITICAL,True,10,0,,,,,,
1771435998.096,0.0,47.37,4.7410,1.064,33.1,3,,,0.02784,0.0000,0.0000,0.4956,0.0000,0.2784,0.2768,0.1476,CRITICAL,True,10,0,,,,,,
1771435998.096,0.0,47.59,4.8027,1.034,31.0,3,,,0.02788,0.0000,0.0000,0.2148,0.0000,0.2788,0.2620,0.1082,SAFE,True,10,0,,,,,,
1771435998.096,0.0,47.66,4.8055,1.007,29.0,3,,,0.02683,0.0000,0.0000,0.2024,0.0000,0.2683,0.2483,0.1028,SAFE,True,10,0,,,,,,
1771435998.096,0.0,,,,,,,,,,,,,,,0.1028,SAFE,,10,,t1390_0,0.36,CRITICAL,LOCAL,SAFE: all tasks permitted (weight=0.36),
1771435998.096,0.0,47.45,4.7711,1.014,29.6,3,,,0.02567,0.0000,0.0000,0.3586,0.0000,0.2567,0.2522,0.1227,CRITICAL,True,10,0,,,,,,
1771435998.096,0.0,47.72,4.7801,0.988,27.7,3,,,0.02538,0.0000,0.0000,0.3177,0.0000,0.2538,0.2392,0.1145,CRITICAL,True,10,0,,,,,,
1771435998.096,0.0,47.28,4.8130,0.964,26.0,2,,,0.02453,0.0000,0.0000,0.1684,0.0000,0.2453,0.2121,0.0888,SAFE,True,10,0,,,,,,
1771435998.096,0.0,48.31,4.8140,0.942,24.4,2,,,0.02544,0.0000,0.0000,0.1636,0.0000,0.2544,0.2008,0.0869,SAFE,True,10,0,,,,,,window_reset|B=10
1771435998.096,0.0,,,,,,,,,,,,,,,0.0869,SAFE,,10,,t1394_0,0.37,LOW,LOCAL,SAFE: all tasks permitted (weight=0.37),
1771435998.096,0.0,46.81,4.8165,0.955,25.4,2,,,0.02597,0.0000,0.0000,0.1524,0.0000,0.2597,0.2075,0.0873,SAFE,True,10,0,,,,,,
1771435998.096,0.0,47.61,4.8321,0.933,23.8,2,,,0.02776,0.0000,0.0000,0.0813,0.0000,0.2776,0.1965,0.0776,SAFE,True,10,0,,,,,,
1771435998.096,0.0,,,,,,,,,,,,,,,0.0776,SAFE,,10,,t1396_0,0.73,HIGH,LOCAL,SAFE: all tasks permitted (weight=0.73),
1771435998.096,0.0,48.19,4.8172,0.980,27.2,3,,,0.02821,0.0000,0.0000,0.1489,0.0000,0.2821,0.2352,0.0946,SAFE,True,10,0,,,,,,
1771435998.096,0.0,,,,,,,,,,,,,,,0.0946,SAFE,,10,,t1397_0,0.65,NORMAL,LOCAL,SAFE: all tasks permitted (weight=0.65),
1771435998.096,0.0,47.41,4.7896,1.017,29.8,3,,,0.02607,0.0000,0.0000,0.2744,0.0000,0.2607,0.2536,0.1125,CRITICAL,True,10,0,,,,,,
1771435998.096,0.0,47.71,4.7920,0.991,27.9,3,,,0.02387,0.0000,0.0000,0.2636,0.0000,0.2387,0.2404,0.1062,CRITICAL,True,10,0,,,,,,
1771435998.096,0.0,47.69,4.7908,0.966,26.2,2,,,0.01692,0.0000,0.0000,0.2689,0.0000,0.1692,0.2132,0.0945,CRITICAL,True,10,0,,,,,,
1771435998.096,0.0,,,,,,,,,,,,,,,0.0945,SAFE,,10,,t1400_0,0.65,NORMAL,LOCAL,SAFE: all tasks permitted (weight=0.65),
1771435998.096,0.0,48.05,4.7995,1.004,28.9,3,,,0.01693,0.0000,0.0000,0.2293,0.0000,0.1693,0.2471,0.0962,CRITICAL,True,10,0,,,,,,
1771435998.096,0.0,47.68,4.8285,0.979,27.1,3,,,0.01847,0.0000,0.0000,0.0978,0.0000,0.1847,0.2344,0.0781,SAFE,True,10,0,,,,,,
1771435998.096,0.0,47.65,4.8098,0.955,25.4,2,,,0.01566,0.0000,0.0000,0.1829,0.0000,0.1566,0.2076,0.0810,SAFE,True,10,0,,,,,,
1771435998.097,0.0,47.61,4.8090,0.933,23.8,2,-67.490,-22.53211,0.01342,0.0000,0.0000,0.1864,0.0000,0.1342,0.1967,0.0770,SAFE,True,10,0,,,,,,
1771435998.097,0.0,,,,,,,,,,,,,,,0.0770,SAFE,,10,,t1404_0,0.83,CRITICAL,LOCAL,SAFE: all tasks permitted (weight=0.83),
1771435998.097,0.0,47.98,4.8307,0.990,27.9,3,-12375.623,13.14276,0.01466,0.0000,0.0000,0.0876,0.0000,0.1466,0.2400,0.0740,SAFE,True,10,0,,,,,,
1771435998.097,0.0,48.02,4.7992,0.966,26.1,2,35736.465,9.29075,0.01496,0.0000,0.0000,0.2311,0.0000,0.1496,0.2128,0.0876,CRITICAL,True,10,0,,,,,,
1771435998.097,0.0,48.12,4.8336,0.943,24.5,2,23655.006,40.57690,0.01631,0.0000,0.0000,0.0743,0.0000,0.1631,0.2015,0.0663,SAFE,True,10,0,,,,,,
1771435998.097,0.0,,,,,,,,,,,,,,,0.0663,SAFE,,10,,t1407_0,0.42,HIGH,LOCAL,SAFE: all tasks permitted (weight=0.42),
1771435998.097,0.0,48.04,4.8204,0.961,25.8,2,20850.778,28.78050,0.01534,0.0000,0.0000,0.1346,0.0000,0.1534,0.2106,0.0750,SAFE,True,10,0,,,,,,
1771435998.097,0.0,47.56,4.8255,0.939,24.2,2,-28511.174,25.26307,0.01582,0.0000,0.0000,0.1115,0.0000,0.1582,0.1994,0.0702,SAFE,True,10,0,,,,,,window_reset|B=10
1771435998.097,0.0,,,,,,,,,,,,,,,0.0702,SAFE,,10,,t1409_0,0.70,NORMAL,LOCAL,SAFE: all tasks permitted (weight=0.70),
1771435998.097,0.0,48.02,4.8029,0.983,27.4,3,20135.991,-24.97191,0.01474,0.0000,0.0000,0.2143,0.0000,0.1474,0.2365,0.0899,SAFE,True,10,0,,,,,,
1771435998.097,0.0,48.01,4.8309,0.959,25.6,2,21201.574,20.57162,0.01429,0.0000,0.0000,0.0869,0.0000,0.1429,0.2095,0.0675,SAFE,True,10,0,,,,,,
1771435998.097,0.0,,,,,,,,,,,,,,,0.0675,SAFE,,10,,t1411_0,0.70,HIGH,LOCAL,SAFE: all tasks permitted (weight=0.70),
1771435998.097,0.0,48.11,4.7819,1.002,28.7,3,,,0.01570,0.0000,0.0000,0.3095,0.0000,0.1570,0.2458,0.1051,CRITICAL,True,10,0,,,,,,
1771435998.097,0.0,47.97,4.7917,0.977,26.9,2,,,0.01645,0.0000,0.0000,0.2652,0.0000,0.1645,0.2183,0.0946,CRITICAL,True,10,0,,,,,,
1771435998.097,0.0,,,,,,,,,,,,,,,0.0946,SAFE,,10,,t1413_0,0.79,NORMAL,LOCAL,SAFE: all tasks permitted (weight=0.79),
1771435998.097,0.0,47.71,4.7843,1.026,30.4,3,,,0.01763,0.0000,0.0000,0.2989,0.0000,0.1763,0.2581,0.1081,CRITICAL,True,10,0,,,,,,
1771435998.097,0.0,48.53,4.8124,0.999,28.5,3,,,0.01764,0.0000,0.0000,0.1708,0.0000,0.1764,0.2446,0.0888,SAFE,True,10,0,,,,,,
1771435998.097,0.0,,,,,,,,,,,,,,,0.0888,SAFE,,10,,t1415_0,0.48,NORMAL,LOCAL,SAFE: all tasks permitted (weight=0.48),
1771435998.097,0.0,47.86,4.7797,1.019,29.9,3,,,0.01956,0.0000,0.0000,0.3195,0.0000,0.1956,0.2544,0.1120,CRITICAL,True,10,0,,,,,,
1771435998.097,0.0,47.86,4.8199,0.992,28.0,3,,,0.01871,0.0000,0.0000,0.1367,0.0000,0.1871,0.2412,0.0847,SAFE,True,10,0,,,,,,
1771435998.097,0.0,48.11,4.8134,0.968,26.3,2,,,0.01864,0.0000,0.0000,0.1663,0.0000,0.1864,0.2139,0.0830,SAFE,True,10,0,,,,,,
1771435998.097,0.0,48.60,4.7830,0.945,24.6,2,,,0.01809,0.0000,0.0000,0.3047,0.0000,0.1809,0.2025,0.0982,CRITICAL,True,10,0,,,,,,
1771435998.097,0.0,47.65,4.8107,0.924,23.1,2,,,0.01754,0.0000,0.0000,0.1788,0.0000,0.1754,0.1919,0.0792,SAFE,True,10,0,,,,,,
1771435998.097,0.0,48.03,4.8129,0.904,21.7,2,,,0.01652,0.0000,0.0000,0.1687,0.0000,0.1652,0.1821,0.0749,SAFE,True,10,0,,,,,,
1771435998.097,0.0,,,,,,,,,,,,,,,0.0749,SAFE,,10,,t1421_0,0.70,LOW,LOCAL,SAFE: all tasks permitted (weight=0.70),
1771435998.097,0.0,47.47,4.8170,0.951,25.1,2,,,0.01703,0.0000,0.0000,0.1502,0.0000,0.1703,0.2055,0.0777,SAFE,True,10,0,,,,,,
1771435998.097,0.0,,,,,,,,,,,,,,,0.0777,SAFE,,10,,t1422_0,0.43,NORMAL,LOCAL,SAFE: all tasks permitted (weight=0.43),
1771435998.097,0.0,47.79,4.8192,0.970,26.4,2,,,0.01570,0.0000,0.0000,0.1398,0.0000,0.1570,0.2149,0.0769,SAFE,True,10,0,,,,,,
1771435998.097,0.0,48.06,4.8244,0.947,24.8,2,,,0.01553,0.0000,0.0000,0.1163,0.0000,0.1553,0.2034,0.0713,SAFE,True,10,0,,,,,,window_reset|B=10
1771435998.097,0.0,47.69,4.8432,0.926,23.3,2,,,0.01798,0.0000,0.0000,0.0310,0.0000,0.1798,0.1928,0.0606,SAFE,True,10,0,,,,,,
1771435998.097,0.0,47.92,4.8233,0.906,21.8,2,,,0.01649,0.0000,0.0000,0.1215,0.0000,0.1649,0.1829,0.0689,SAFE,True,10,0,,,,,,
1771435998.097,0.0,,,,,,,,,,,,,,,0.0689,SAFE,,10,,t1426_0,0.82,LOW,LOCAL,SAFE: all tasks permitted (weight=0.82),
1771435998.097,0.0,47.89,4.8265,0.964,26.0,2,,,0.01689,0.0000,0.0000,0.1066,0.0000,0.1689,0.2119,0.0731,SAFE,True,10,0,,,,,,
1771435998.097,0.0,47.79,4.8428,0.941,24.4,2,,,0.01497,0.0000,0.0000,0.0327,0.0000,0.1497,0.2007,0.0594,SAFE,True,10,0,,,,,,
1771435998.097,0.0,,,,,,,,,,,,,,,0.0594,SAFE,,10,,t1428_0,0.74,CRITICAL,LOCAL,SAFE: all tasks permitted (weight=0.74),
1771435998.097,0.0,47.31,4.8164,0.989,27.8,3,,,0.01500,0.0000,0.0000,0.1529,0.0000,0.1500,0.2396,0.0828,SAFE,True,10,0,,,,,,
1771435998.097,0.0,47.21,4.7865,0.965,26.1,2,,,0.01753,0.0000,0.0000,0.2887,0.0000,0.1753,0.2124,0.0976,CRITICAL,True,10,0,,,,,,
1771435998.097,0.0,47.88,4.8202,0.942,24.4,2,,,0.01418,0.0000,0.0000,0.1354,0.0000,0.1418,0.2011,0.0720,SAFE,True,10,0,,,,,,
1771435998.097,0.0,,,,,,,,,,,,,,,0.0720,SAFE,,10,,t1431_0,0.44,HIGH,LOCAL,SAFE: all tasks permitted (weight=0.44),
1771435998.097,0.0,47.48,4.7752,0.963,25.9,2,,,0.01882,0.0000,0.0000,0.3402,0.0000,0.1882,0.2114,0.1053,CRITICAL,True,10,0,,,,,,
1771435998.097,0.0,47.99,4.8222,0.940,24.3,2,,,0.01881,0.0000,0.0000,0.1263,0.0000,0.1881,0.2002,0.0753,SAFE,True,10,0,,,,,,
1771435998.097,0.0,48.36,4.8379,0.919,22.8,2,,,0.01958,0.0000,0.0000,0.0551,0.0000,0.1958,0.1897,0.0647,SAFE,True,10,0,,,,,,
1771435998.097,0.0,,,,,,,,,,,,,,,0.0647,SAFE,,10,,t1434_0,0.32,HIGH,LOCAL,SAFE: all tasks permitted (weight=0.32),
1771435998.097,0.0,48.06,4.8242,0.930,23.6,2,,,0.01962,0.0000,0.0000,0.1173,0.0000,0.1962,0.1950,0.0739,SAFE,True,10,0,,,,,,
1771435998.097,0.0,47.91,4.8336,0.910,22.1,2,,,0.01994,0.0000,0.0000,0.0745,0.0000,0.1994,0.1849,0.0666,SAFE,True,10,0,,,,,,
1771435998.097,0.0,,,,,,,,,,,,,,,0.0666,SAFE,,10,,t1436_0,0.54,LOW,LOCAL,SAFE: all tasks permitted (weight=0.54),
1771435998.097,0.0,47.35,4.7877,0.942,24.4,2,,,0.02069,0.0000,0.0000,0.2833,0.0000,0.2069,0.2008,0.0977,CRITICAL,True,10,0,,,,,,
1771435998.097,0.0,,,,,,,,,,,,,,,0.0977,SAFE,,10,,t1437_0,0.46,NORMAL,LOCAL,SAFE: all tasks permitted (weight=0.46),
1771435998.097,0.0,47.71,4.8251,0.964,26.0,2,,,0.02074,0.0000,0.0000,0.1131,0.0000,0.2074,0.2118,0.0778,SAFE,True,10,0,,,,,,
1771435998.097,0.0,,,,,,,,,,,,,,,0.0778,SAFE,,10,,t1438_0,0.36,NORMAL,LOCAL,SAFE: all tasks permitted (weight=0.36),
1771435998.097,0.0,48.11,4.8333,0.975,26.8,2,,,0.02110,0.0000,0.0000,0.0759,0.0000,0.2110,0.2173,0.0744,SAFE,True,10,0,,,,,,window_reset|B=10
1771435998.097,0.0,47.41,4.7849,0.951,25.1,2,,,0.02128,0.0000,0.0000,0.2960,0.0000,0.2128,0.2057,0.1009,CRITICAL,True,10,0,,,,,,
1771435998.097,0.0,46.89,4.8275,0.930,23.6,2,,,0.02168,0.0000,0.0000,0.1025,0.0000,0.2168,0.1949,0.0740,SAFE,True,10,0,,,,,,
1771435998.097,0.0,47.60,4.8454,0.910,22.1,2,,,0.02175,0.0000,0.0000,0.0210,0.0000,0.2175,0.1848,0.0614,SAFE,True,10,0,,,,,,
1771435998.097,0.0,,,,,,,,,,,,,,,0.0614,SAFE,,10,,t1442_0,0.84,HIGH,LOCAL,SAFE: all tasks permitted (weight=0.84),
1771435998.097,0.0,47.60,4.7992,0.969,26.4,2,,,0.02234,0.0000,0.0000,0.2308,0.0000,0.2234,0.2147,0.0953,CRITICAL,True,10,0,,,,,,
1771435998.097,0.0,47.36,4.7974,0.946,24.7,2,,,0.01960,0.0000,0.0000,0.2391,0.0000,0.1960,0.2032,0.0913,CRITICAL,True,10,0,,,,,,
1771435998.098,0.0,47.20,4.8184,0.925,23.2,2,-7647.398,26.18696,0.01957,0.0000,0.0000,0.1437,0.0000,0.1957,0.1926,0.0768,SAFE,True,10,0,,,,,,
1771435998.098,0.0,47.35,4.8455,0.905,21.8,2,-18190.412,17.36510,0.02032,0.0000,0.0000,0.0205,0.0000,0.2032,0.1827,0.0595,SAFE,True,10,0,,,,,,
1771435998.098,0.0,,,,,,,,,,,,,,,0.0595,SAFE,,10,,t1446_0,0.64,HIGH,LOCAL,SAFE: all tasks permitted (weight=0.64),
1771435998.098,0.0,47.30,4.8225,0.947,24.8,2,-41903.803,-9.23489,0.02028,0.0000,0.0000,0.1252,0.0000,0.2028,0.2035,0.0772,SAFE,True,10,0,,,,,,
1771435998.098,0.0,47.53,4.8225,0.926,23.3,2,6179.355,32.11344,0.01981,0.0000,0.0000,0.1248,0.0000,0.1981,0.1928,0.0746,SAFE,True,10,0,,,,,,
1771435998.098,0.0,47.65,4.8155,0.906,21.8,2,38830.864,-10.20687,0.01771,0.0000,0.0000,0.1569,0.0000,0.1771,0.1829,0.0747,SAFE,True,10,0,,,,,,
1771435998.098,0.0,,,,,,,,,,,,,,,0.0747,SAFE,,10,,t1449_0,0.58,LOW,LOCAL,SAFE: all tasks permitted (weight=0.58),
1771435998.098,0.0,48.16,4.8194,0.942,24.4,2,28553.767,-22.19924,0.01763,0.0000,0.0000,0.1393,0.0000,0.1763,0.2011,0.0760,SAFE,True,10,0,,,,,,
1771435998.098,0.0,47.41,4.8239,0.921,22.9,2,-9756.412,21.01819,0.01720,0.0000,0.0000,0.1187,0.0000,0.1720,0.1906,0.0708,SAFE,True,10,0,,,,,,
1771435998.098,0.0,,,,,,,,,,,,,,,0.0708,SAFE,,10,,t1451_0,0.50,CRITICAL,LOCAL,SAFE: all tasks permitted (weight=0.50),
1771435998.098,0.0,47.39,4.8280,0.948,24.9,2,1499.334,26.06317,0.01401,0.0000,0.0000,0.1001,0.0000,0.1401,0.2042,0.0679,SAFE,True,10,0,,,,,,
1771435998.098,0.0,,,,,,,,,,,,,,,0.0679,SAFE,,10,,t1452_0,0.40,NORMAL,LOCAL,SAFE: all tasks permitted (weight=0.40),
1771435998.098,0.0,47.25,4.8241,0.965,26.1,2,,,0.01393,0.0000,0.0000,0.1179,0.0000,0.1393,0.2124,0.0717,SAFE,True,10,0,,,,,,
1771435998.098,0.0,,,,,,,,,,,,,,,0.0717,SAFE,,10,,t1453_0,0.64,HIGH,LOCAL,SAFE: all tasks permitted (weight=0.64),
1771435998.098,0.0,47.38,4.8065,1.003,28.8,3,,,0.01252,0.0000,0.0000,0.1979,0.0000,0.1252,0.2463,0.0875,SAFE,True,10,0,,,,,,window_reset|B=10
1771435998.098,0.0,47.33,4.8181,0.977,27.0,2,,,0.01110,0.0000,0.0000,0.1451,0.0000,0.1110,0.2187,0.0737,SAFE,True,10,0,,,,,,
1771435998.098,0.0,47.36,4.8201,0.954,25.3,2,,,0.00875,0.0000,0.0000,0.1361,0.0000,0.0875,0.2070,0.0678,SAFE,True,10,0,,,,,,
1771435998.098,0.0,,,,,,,,,,,,,,,0.0678,SAFE,,10,,t1456_0,0.36,NORMAL,LOCAL,SAFE: all tasks permitted (weight=0.36),
1771435998.098,0.0,,,,,,,,,,,,,,,0.0678,SAFE,,10,,t1456_1,0.37,HIGH,LOCAL,SAFE: all tasks permitted (weight=0.37),
1771435998.098,0.0,48.07,4.7823,1.000,28.6,3,,,0.01406,0.0000,0.0000,0.3076,0.0000,0.1406,0.2450,0.1030,CRITICAL,True,10,0,,,,,,
1771435998.098,0.0,,,,,,,,,,,,,,,0.1030,SAFE,,10,,t1457_0,0.54,LOW,LOCAL,SAFE: all tasks permitted (weight=0.54),
1771435998.098,0.0,47.58,4.8224,1.026,30.5,3,,,0.01168,0.0000,0.0000,0.1253,0.0000,0.1168,0.2582,0.0796,SAFE,True,10,0,,,,,,
1771435998.098,0.0,,,,,,,,,,,,,,,0.0796,SAFE,,10,,t1458_0,0.38,NORMAL,LOCAL,SAFE: all tasks permitted (weight=0.38),
1771435998.098,0.0,47.27,4.8096,1.035,31.1,3,,,0.01173,0.0000,0.0000,0.1835,0.0000,0.1173,0.2624,0.0881,SAFE,True,10,0,,,,,,
1771435998.098,0.0,47.72,4.8237,1.007,29.1,3,,,0.01179,0.0000,0.0000,0.1194,0.0000,0.1179,0.2487,0.0771,SAFE,True,10,0,,,,,,
1771435998.098,0.0,47.79,4.8310,0.982,27.3,3,,,0.01248,0.0000,0.0000,0.0865,0.0000,0.1248,0.2359,0.0709,SAFE,True,10,0,,,,,,
1771435998.098,0.0,47.94,4.8136,0.958,25.6,2,,,0.01250,0.0000,0.0000,0.1653,0.0000,0.1250,0.2090,0.0758,SAFE,True,10,0,,,,,,
1771435998.098,0.0,47.87,4.8266,0.936,24.0,2,,,0.01265,0.0000,0.0000,0.1064,0.0000,0.1265,0.1979,0.0661,SAFE,True,10,0,,,,,,
1771435998.098,0.0,,,,,,,,,,,,,,,0.0661,SAFE,,10,,t1463_0,0.28,NORMAL,LOCAL,SAFE: all tasks permitted (weight=0.28),
1771435998.098,0.0,47.70,4.7900,0.942,24.4,2,,,0.01420,0.0000,0.0000,0.2725,0.0000,0.1420,0.2009,0.0898,CRITICAL,True,10,0,,,,,,
1771435998.098,0.0,47.97,4.8394,0.921,22.9,2,,,0.01566,0.0000,0.0000,0.0482,0.0000,0.1566,0.1904,0.0600,SAFE,True,10,0,,,,,,
1771435998.098,0.0,47.50,4.8578,0.901,21.5,2,,,0.01926,0.0000,0.0000,0.0000,0.0000,0.1926,0.1806,0.0554,SAFE,True,10,0,,,,,,
1771435998.098,0.0,,,,,,,,,,,,,,,0.0554,SAFE,,10,,t1466_0,0.56,NORMAL,LOCAL,SAFE: all tasks permitted (weight=0.56),
1771435998.098,0.0,47.16,4.8268,0.936,24.0,2,,,0.01935,0.0000,0.0000,0.1055,0.0000,0.1935,0.1982,0.0727,SAFE,True,10,0,,,,,,
1771435998.098,0.0,48.05,4.7903,0.916,22.6,2,,,0.02106,0.0000,0.0000,0.2714,0.0000,0.2106,0.1879,0.0939,CRITICAL,True,10,0,,,,,,
1771435998.098,0.0,,,,,,,,,,,,,,,0.0939,SAFE,,10,,t1468_0,0.40,LOW,LOCAL,SAFE: all tasks permitted (weight=0.40),
1771435998.098,0.0,,,,,,,,,,,,,,,0.0939,SAFE,,10,,t1468_1,0.63,CRITICAL,LOCAL,SAFE: all tasks permitted (weight=0.63),
1771435998.098,0.0,47.70,4.7946,0.994,28.1,3,,,0.01955,0.0000,0.0000,0.2516,0.0000,0.1955,0.2419,0.1007,CRITICAL,True,10,0,,,,,,window_reset|B=10
1771435998.098,0.0,47.90,4.8413,0.969,26.4,2,,,0.02051,0.0000,0.0000,0.0398,0.0000,0.2051,0.2146,0.0686,SAFE,True,10,0,,,,,,
1771435998.098,0.0,47.76,4.8086,0.946,24.7,2,,,0.02055,0.0000,0.0000,0.1880,0.0000,0.2055,0.2032,0.0856,SAFE,True,10,0,,,,,,
1771435998.098,0.0,47.66,4.8519,0.925,23.2,2,,,0.02234,0.0000,0.0000,0.0000,0.0000,0.2234,0.1925,0.0608,SAFE,True,10,0,,,,,,
1771435998.098,0.0,47.60,4.8245,0.905,21.8,2,,,0.02221,0.0000,0.0000,0.1161,0.0000,0.2221,0.1826,0.0738,SAFE,True,10,0,,,,,,
1771435998.098,0.0,,,,,,,,,,,,,,,0.0738,SAFE,,10,,t1473_0,0.64,HIGH,LOCAL,SAFE: all tasks permitted (weight=0.64),
1771435998.098,0.0,47.64,4.7947,0.947,24.8,2,,,0.02339,0.0000,0.0000,0.2512,0.0000,0.2339,0.2037,0.0968,CRITICAL,True,10,0,,,,,,
1771435998.098,0.0,,,,,,,,,,,,,,,0.0968,SAFE,,10,,t1474_0,0.81,LOW,LOCAL,SAFE: all tasks permitted (weight=0.81),
1771435998.098,0.0,47.20,4.8040,1.002,28.7,3,,,0.02374,0.0000,0.0000,0.2093,0.0000,0.2374,0.2462,0.1002,SAFE,True,10,0,,,,,,
1771435998.098,0.0,47.49,4.8297,0.977,26.9,2,,,0.02224,0.0000,0.0000,0.0924,0.0000,0.2224,0.2186,0.0780,SAFE,True,10,0,,,,,,
1771435998.098,0.0,48.01,4.8059,0.954,25.3,2,,,0.02197,0.0000,0.0000,0.2003,0.0000,0.2197,0.2069,0.0894,SAFE,True,10,0,,,,,,
1771435998.098,0.0,47.52,4.8113,0.932,23.7,2,,,0.01868,0.0000,0.0000,0.1758,0.0000,0.1868,0.1960,0.0807,SAFE,True,10,0,,,,,,
1771435998.098,0.0,,,,,,,,,,,,,,,0.0807,SAFE,,10,,t1478_0,0.71,CRITICAL,LOCAL,SAFE: all tasks permitted (weight=0.71),
1771435998.098,0.0,47.81,4.7967,0.979,27.1,3,,,0.01899,0.0000,0.0000,0.2424,0.0000,0.1899,0.2347,0.0974,CRITICAL,True,10,0,,,,,,
1771435998.099,0.0,47.50,4.8013,0.956,25.4,2,-9617.662,-50.64322,0.01812,0.0000,0.0000,0.2214,0.0000,0.1812,0.2079,0.0885,SAFE,True,10,0,,,,,,
1771435998.099,0.0,,,,,,,,,,,,,,,0.0885,SAFE,,10,,t1480_0,0.75,HIGH,LOCAL,SAFE: all tasks permitted (weight=0.75),
1771435998.099,0.0,47.71,4.8077,1.005,29.0,3,6591.926,-16.78777,0.01732,0.0000,0.0000,0.1923,0.0000,0.1732,0.2477,0.0919,SAFE,True,10,0,,,,,,
1771435998.099,0.0,47.84,4.8063,0.980,27.1,3,11971.445,11.62427,0.01546,0.0000,0.0000,0.1984,0.0000,0.1546,0.2350,0.0883,SAFE,True,10,0,,,,,,
1771435998.099,0.0,47.36,4.8167,0.956,25.4,2,9204.277,12.75779,0.01548,0.0000,0.0000,0.1514,0.0000,0.1548,0.2081,0.0768,SAFE,True,10,0,,,,,,
1771435998.099,0.0,47.88,4.8251,0.934,23.9,2,23553.636,-4.59015,0.01091,0.0000,0.0000,0.1132,0.0000,0.1091,0.1971,0.0651,SAFE,True,10,0,,,,,,window_reset|B=10
1771435998.099,0.0,,,,,,,,,,,,,,,0.0651,SAFE,,10,,t1484_0,0.73,LOW,LOCAL,SAFE: all tasks permitted (weight=0.73),
1771435998.099,0.0,47.25,4.7769,0.983,27.4,3,-45669.120,-29.07894,0.01341,0.0000,0.0000,0.3323,0.0000,0.1341,0.2365,0.1039,CRITICAL,True,10,0,,,,,,
1771435998.099,0.0,47.69,4.8072,0.959,25.7,2,10009.769,-4.14319,0.01294,0.0000,0.0000,0.1946,0.0000,0.1294,0.2096,0.0802,SAFE,True,10,0,,,,,,
1771435998.099,0.0,,,,,,,,,,,,,,,0.0802,SAFE,,10,,t1486_0,0.23,HIGH,LOCAL,SAFE: all tasks permitted (weight=0.23),
1771435998.099,0.0,47.60,4.7821,0.959,25.6,2,-12648.559,-14.59133,0.01471,0.0000,0.0000,0.3087,0.0000,0.1471,0.2095,0.0967,CRITICAL,True,10,0,,,,,,
1771435998.099,0.0,,,,,,,,,,,,,,,0.0967,SAFE,,10,,t1487_0,0.56,NORMAL,LOCAL,SAFE: all tasks permitted (weight=0.56),
1771435998.099,0.0,47.89,4.8541,0.991,27.9,3,,,0.01897,0.0000,0.0000,0.0000,0.0000,0.1897,0.2403,0.0670,SAFE,True,10,0,,,,,,
1771435998.099,0.0,47.83,4.7785,0.966,26.2,2,,,0.02061,0.0000,0.0000,0.3249,0.0000,0.2061,0.2131,0.1055,CRITICAL,True,10,0,,,,,,
1771435998.099,0.0,47.95,4.8414,0.943,24.5,2,,,0.02289,0.0000,0.0000,0.0391,0.0000,0.2289,0.2017,0.0683,SAFE,True,10,0,,,,,,
1771435998.099,0.0,,,,,,,,,,,,,,,0.0683,SAFE,,10,,t1490_0,0.34,HIGH,LOCAL,SAFE: all tasks permitted (weight=0.34),
1771435998.099,0.0,48.21,4.8425,0.955,25.4,2,,,0.02448,0.0000,0.0000,0.0342,0.0000,0.2448,0.2075,0.0704,SAFE,True,10,0,,,,,,
1771435998.099,0.0,47.53,4.8261,0.933,23.8,2,,,0.02456,0.0000,0.0000,0.1088,0.0000,0.2456,0.1965,0.0780,SAFE,True,10,0,,,,,,
1771435998.099,0.0,,,,,,,,,,,,,,,0.0780,SAFE,,10,,t1492_0,0.28,HIGH,LOCAL,SAFE: all tasks permitted (weight=0.28),
1771435998.099,0.0,47.81,4.8288,0.939,24.2,2,,,0.02482,0.0000,0.0000,0.0964,0.0000,0.2482,0.1997,0.0773,SAFE,True,10,0,,,,,,
1771435998.099,0.0,47.67,4.8108,0.919,22.8,2,,,0.02472,0.0000,0.0000,0.1780,0.0000,0.2472,0.1893,0.0857,SAFE,True,10,0,,,,,,
1771435998.099,0.0,,,,,,,,,,,,,,,0.0857,SAFE,,10,,t1494_0,0.83,NORMAL,LOCAL,SAFE: all tasks permitted (weight=0.83),
1771435998.099,0.0,48.05,4.7947,0.978,27.0,3,,,0.02539,0.0000,0.0000,0.2512,0.0000,0.2539,0.2342,0.1049,CRITICAL,True,10,0,,,,,,
1771435998.099,0.0,47.86,4.8255,0.955,25.3,2,,,0.02540,0.0000,0.0000,0.1114,0.0000,0.2540,0.2074,0.0814,SAFE,True,10,0,,,,,,
1771435998.099,0.0,47.69,4.8207,0.933,23.8,2,,,0.02282,0.0000,0.0000,0.1332,0.0000,0.2282,0.1965,0.0794,SAFE,True,10,0,,,,,,
1771435998.099,0.0,47.51,4.8336,0.913,22.3,2,,,0.02297,0.0000,0.0000,0.0744,0.0000,0.2297,0.1863,0.0699,SAFE,True,10,0,,,,,,
1771435998.099,0.0,47.91,4.8093,0.894,21.0,2,,,0.02032,0.0000,0.0000,0.1851,0.0000,0.2032,0.1768,0.0797,SAFE,True,10,0,,,,,,window_reset|B=10
1771435998.099,0.0,,,,,,,,,,,,,,,0.0797,SAFE,,10,,t1499_0,0.36,HIGH,LOCAL,SAFE: all tasks permitted (weight=0.36),
1771435998.099,0.0,47.46,4.8022,0.910,22.1,2,,,0.01851,0.0000,0.0000,0.2174,0.0000,0.1851,0.1850,0.0838,SAFE,True,10,0,,,,,,
1771435998.099,0.0,,,,,,,,,,,,,,,0.0838,SAFE,,10,,t1500_0,0.22,HIGH,LOCAL,SAFE: all tasks permitted (weight=0.22),
1771435998.099,0.0,,,,,,,,,,,,,,,0.0838,SAFE,,10,,t1500_1,0.27,LOW,LOCAL,SAFE: all tasks permitted (weight=0.27),
1771435998.099,0.0,,,,,,,,,,,,,,,0.0838,SAFE,,10,,t1500_2,0.74,LOW,LOCAL,SAFE: all tasks permitted (weight=0.74),
1771435998.099,0.0,47.32,4.8125,1.008,29.1,3,,,0.01443,0.0000,0.0000,0.1704,0.0000,0.1443,0.2489,0.0864,SAFE,True,10,0,,,,,,
1771435998.099,0.0,47.24,4.7975,0.982,27.3,3,,,0.01427,0.0000,0.0000,0.2386,0.0000,0.1427,0.2361,0.0925,CRITICAL,True,10,0,,,,,,
1771435998.099,0.0,47.55,4.8056,0.958,25.6,2,,,0.01230,0.0000,0.0000,0.2020,0.0000,0.1230,0.2092,0.0804,SAFE,True,10,0,,,,,,
1771435998.099,0.0,48.14,4.8324,0.936,24.0,2,,,0.01292,0.0000,0.0000,0.0802,0.0000,0.1292,0.1981,0.0630,SAFE,True,10,0,,,,,,
1771435998.099,0.0,,,,,,,,,,,,,,,0.0630,SAFE,,10,,t1504_0,0.54,LOW,LOCAL,SAFE: all tasks permitted (weight=0.54),
1771435998.099,0.0,47.78,4.8015,0.968,26.3,2,,,0.01260,0.0000,0.0000,0.2205,0.0000,0.1260,0.2138,0.0840,SAFE,True,10,0,,,,,,
1771435998.099,0.0,47.94,4.8296,0.945,24.6,2,,,0.01347,0.0000,0.0000,0.0929,0.0000,0.1347,0.2024,0.0660,SAFE,True,10,0,,,,,,
1771435998.099,0.0,47.39,4.8054,0.924,23.1,2,,,0.01250,0.0000,0.0000,0.2027,0.0000,0.1250,0.1918,0.0772,SAFE,True,10,0,,,,,,
1771435998.099,0.0,47.53,4.8445,0.904,21.7,2,,,0.01477,0.0000,0.0000,0.0250,0.0000,0.1477,0.1820,0.0544,SAFE,True,10,0,,,,,,
1771435998.099,0.0,48.10,4.8510,0.886,20.4,2,,,0.01763,0.0000,0.0000,0.0000,0.0000,0.1763,0.1728,0.0522,SAFE,True,10,0,,,,,,
1771435998.099,0.0,,,,,,,,,,,,,,,0.0522,SAFE,,10,,t1509_0,0.37,LOW,LOCAL,SAFE: all tasks permitted (weight=0.37),
1771435998.099,0.0,46.79,4.8311,0.904,21.7,2,,,0.01747,0.0000,0.0000,0.0860,0.0000,0.1747,0.1821,0.0651,SAFE,True,10,0,,,,,,
1771435998.099,0.0,,,,,,,,,,,,,,,0.0651,SAFE,,10,,t1510_0,0.46,LOW,LOCAL,SAFE: all tasks permitted (weight=0.46),
1771435998.099,0.0,47.44,4.8155,0.930,23.5,2,,,0.01728,0.0000,0.0000,0.1570,0.0000,0.1728,0.1948,0.0767,SAFE,True,10,0,,,,,,
1771435998.099,0.0,,,,,,,,,,,,,,,0.0767,SAFE,,10,,t1511_0,0.66,NORMAL,LOCAL,SAFE: all tasks permitted (weight=0.66),
1771435998.099,0.0,47.72,4.8013,0.972,26.6,2,,,0.01735,0.0000,0.0000,0.2212,0.0000,0.1735,0.2162,0.0893,SAFE,True,10,0,,,,,,
1771435998.099,0.0,47.29,4.7832,0.949,24.9,2,,,0.01995,0.0000,0.0000,0.3037,0.0000,0.1995,0.2046,0.1004,CRITICAL,True,10,0,,,,,,
1771435998.100,0.0,47.52,4.8226,0.928,23.4,2,-25360.379,-6.91844,0.01915,0.0000,0.0000,0.1243,0.0000,0.1915,0.1939,0.0741,SAFE,True,10,0,,,,,,window_reset|B=10
1771435998.100,0.0,48.08,4.8129,0.908,22.0,2,41507.932,7.48996,0.01884,0.0000,0.0000,0.1687,0.0000,0.1884,0.1839,0.0775,SAFE,True,10,0,,,,,,
1771435998.100,0.0,47.25,4.8126,0.889,20.7,2,-16942.582,-31.89933,0.01848,0.0000,0.0000,0.1698,0.0000,0.1848,0.1746,0.0755,SAFE,True,10,0,,,,,,
1771435998.100,0.0,47.00,4.8360,0.872,19.4,2,-65556.023,-15.04329,0.01843,0.0000,0.0000,0.0639,0.0000,0.1843,0.1659,0.0599,SAFE,True,10,0,,,,,,
1771435998.100,0.0,47.35,4.8673,0.856,18.3,1,33444.859,36.20908,0.02248,0.0000,0.0000,0.0000,0.0000,0.2248,0.1429,0.0511,SAFE,True,10,0,,,,,,
1771435998.100,0.0,47.37,4.8620,0.841,17.2,1,-4228.723,46.60821,0.02405,0.0000,0.0000,0.0000,0.0000,0.2405,0.1354,0.0511,SAFE,True,10,0,,,,,,
1771435998.100,0.0,46.48,4.8580,0.827,16.2,1,-74216.609,56.74699,0.02508,0.0000,0.0000,0.0000,0.0000,0.2508,0.1284,0.0508,SAFE,True,10,0,,,,,,
1771435998.100,0.0,46.88,4.8643,0.814,15.3,1,-24596.705,81.13765,0.02627,0.0000,0.0000,0.0000,0.0000,0.2627,0.1220,0.0507,SAFE,True,10,0,,,,,,
1771435998.100,0.0,46.55,4.8671,0.802,14.4,1,,,0.02815,0.0000,0.0000,0.0000,0.0000,0.2815,0.1159,0.0513,SAFE,True,10,0,,,,,,
1771435998.100,0.0,46.24,4.8678,0.791,13.6,1,,,0.02904,0.0000,0.0000,0.0000,0.0000,0.2904,0.1103,0.0511,SAFE,True,10,0,,,,,,
1771435998.100,0.0,46.61,4.8652,0.780,12.9,1,,,0.02767,0.0000,0.0000,0.0000,0.0000,0.2767,0.1051,0.0487,SAFE,True,10,0,,,,,,
1771435998.100,0.0,,,,,,,,,,,,,,,0.0487,SAFE,,10,,t1524_0,0.27,HIGH,LOCAL,SAFE: all tasks permitted (weight=0.27),
1771435998.100,0.0,46.25,4.8451,0.797,14.0,1,,,0.02095,0.0000,0.0000,0.0221,0.0000,0.2095,0.1133,0.0465,SAFE,True,10,0,,,,,,
1771435998.100,0.0,,,,,,,,,,,,,,,0.0465,SAFE,,10,,t1525_0,0.23,NORMAL,LOCAL,SAFE: all tasks permitted (weight=0.23),
1771435998.100,0.0,,,,,,,,,,,,,,,0.0465,SAFE,,10,,t1525_1,0.76,LOW,LOCAL,SAFE: all tasks permitted (weight=0.76),
1771435998.100,0.0,45.88,4.8225,0.881,20.1,2,,,0.02096,0.0000,0.0000,0.1251,0.0000,0.2096,0.1705,0.0713,SAFE,True,10,0,,,,,,
1771435998.100,0.0,46.20,4.8035,0.864,18.9,1,,,0.02240,0.0000,0.0000,0.2113,0.0000,0.2240,0.1471,0.0793,SAFE,True,10,0,,,,,,
1771435998.100,0.0,,,,,,,,,,,,,,,0.0793,SAFE,,10,,t1527_0,0.31,NORMAL,LOCAL,SAFE: all tasks permitted (weight=0.31),
1771435998.100,0.0,46.41,4.8316,0.878,19.9,2,,,0.02046,0.0000,0.0000,0.0836,0.0000,0.2046,0.1692,0.0652,SAFE,True,10,0,,,,,,
1771435998.100,0.0,45.92,4.7956,0.862,18.7,1,,,0.02514,0.0000,0.0000,0.2474,0.0000,0.2514,0.1459,0.0865,CRITICAL,True,10,0,,,,,,window_reset|B=10
1771435998.100,0.0,45.03,4.8396,0.846,17.6,1,,,0.02433,0.0000,0.0000,0.0474,0.0000,0.2433,0.1382,0.0581,SAFE,True,10,0,,,,,,
1771435998.100,0.0,45.83,4.8607,0.832,16.6,1,,,0.02425,0.0000,0.0000,0.0000,0.0000,0.2425,0.1311,0.0505,SAFE,True,10,0,,,,,,
1771435998.100,0.0,46.36,4.8584,0.819,15.6,1,,,0.02426,0.0000,0.0000,0.0000,0.0000,0.2426,0.1244,0.0491,SAFE,True,10,0,,,,,,
1771435998.100,0.0,45.64,4.8772,0.806,14.7,1,,,0.02542,0.0000,0.0000,0.0000,0.0000,0.2542,0.1182,0.0491,SAFE,True,10,0,,,,,,
1771435998.100,0.0,45.74,4.8579,0.795,13.9,1,,,0.02486,0.0000,0.0000,0.0000,0.0000,0.2486,0.1125,0.0474,SAFE,True,10,0,,,,,,
1771435998.100,0.0,45.37,4.8710,0.784,13.2,1,,,0.02514,0.0000,0.0000,0.0000,0.0000,0.2514,0.1071,0.0466,SAFE,True,10,0,,,,,,
1771435998.100,0.0,,,,,,,,,,,,,,,0.0466,SAFE,,10,,t1535_0,0.48,NORMAL,LOCAL,SAFE: all tasks permitted (weight=0.48),
1771435998.100,0.0,45.20,4.8486,0.821,15.8,1,,,0.02437,0.0000,0.0000,0.0065,0.0000,0.2437,0.1253,0.0503,SAFE,True,10,0,,,,,,
1771435998.100,0.0,45.56,4.8658,0.808,14.9,1,,,0.02521,0.0000,0.0000,0.0000,0.0000,0.2521,0.1190,0.0490,SAFE,True,10,0,,,,,,
1771435998.100,0.0,,,,,,,,,,,,,,,0.0490,SAFE,,10,,t1537_0,0.69,HIGH,LOCAL,SAFE: all tasks permitted (weight=0.69),
1771435998.100,0.0,45.23,4.8158,0.863,18.8,1,,,0.02576,0.0000,0.0000,0.1557,0.0000,0.2576,0.1464,0.0753,SAFE,True,10,0,,,,,,
1771435998.100,0.0,45.49,4.8716,0.847,17.7,1,,,0.02367,0.0000,0.0000,0.0000,0.0000,0.2367,0.1387,0.0514,SAFE,True,10,0,,,,,,
1771435998.100,0.0,44.59,4.8347,0.833,16.6,1,,,0.02349,0.0000,0.0000,0.0695,0.0000,0.2349,0.1315,0.0588,SAFE,True,10,0,,,,,,
1771435998.100,0.0,,,,,,,,,,,,,,,0.0588,SAFE,,10,,t1540_0,0.52,LOW,LOCAL,SAFE: all tasks permitted (weight=0.52),
1771435998.100,0.0,45.01,4.8642,0.870,19.3,2,,,0.01710,0.0000,0.0000,0.0000,0.0000,0.1710,0.1648,0.0501,SAFE,True,10,0,,,,,,
1771435998.100,0.0,45.21,4.8469,0.854,18.1,1,,,0.01665,0.0000,0.0000,0.0143,0.0000,0.1665,0.1418,0.0469,SAFE,True,10,0,,,,,,
1771435998.100,0.0,,,,,,,,,,,,,,,0.0469,SAFE,,10,,t1542_0,0.83,HIGH,LOCAL,SAFE: all tasks permitted (weight=0.83),
1771435998.100,0.0,44.84,4.8504,0.919,22.8,2,,,0.01665,0.0000,0.0000,0.0000,0.0000,0.1665,0.1897,0.0546,SAFE,True,10,0,,,,,,
1771435998.100,0.0,,,,,,,,,,,,,,,0.0546,SAFE,,10,,t1543_0,0.73,HIGH,LOCAL,SAFE: all tasks permitted (weight=0.73),
1771435998.100,0.0,45.66,4.7827,0.971,26.5,2,,,0.02597,0.0000,0.0000,0.3059,0.0000,0.2597,0.2153,0.1088,CRITICAL,True,10,0,,,,,,window_reset|B=10
1771435998.100,0.0,45.09,4.7955,0.948,24.8,2,,,0.02827,0.0000,0.0000,0.2478,0.0000,0.2827,0.2038,0.1013,CRITICAL,True,10,0,,,,,,
1771435998.100,0.0,45.41,4.8049,0.926,23.3,2,,,0.02956,0.0000,0.0000,0.2049,0.0000,0.2956,0.1931,0.0948,SAFE,True,10,0,,,,,,
1771435998.100,0.0,45.74,4.8331,0.906,21.9,2,,,0.02781,0.0000,0.0000,0.0770,0.0000,0.2781,0.1832,0.0745,SAFE,True,10,0,,,,,,
1771435998.100,0.0,,,,,,,,,,,,,,,0.0745,SAFE,,10,,t1547_0,0.39,HIGH,LOCAL,SAFE: all tasks permitted (weight=0.39),
1771435998.100,0.0,45.20,4.8223,0.926,23.3,2,,,0.02765,0.0000,0.0000,0.1258,0.0000,0.2765,0.1928,0.0826,SAFE,True,10,0,,,,,,
1771435998.101,0.0,,,,,,,,,,,,,,,0.0826,SAFE,,10,,t1548_0,0.60,LOW,LOCAL,SAFE: all tasks permitted (weight=0.60),
1771435998.101,0.0,45.46,4.7932,0.964,26.0,2,27119.904,-70.92438,0.02759,0.0000,0.0000,0.2580,0.0000,0.2759,0.2120,0.1035,CRITICAL,True,10,0,,,,,,
1771435998.101,0.0,45.25,4.8054,0.941,24.4,2,2138.348,-41.42886,0.02806,0.0000,0.0000,0.2026,0.0000,0.2806,0.2007,0.0945,SAFE,True,10,0,,,,,,
1771435998.101,0.0,45.50,4.8402,0.920,22.9,2,39171.706,-10.25797,0.02492,0.0000,0.0000,0.0446,0.0000,0.2492,0.1902,0.0688,SAFE,True,10,0,,,,,,
1771435998.101,0.0,45.92,4.8408,0.901,21.5,2,15095.912,58.06896,0.02522,0.0000,0.0000,0.0420,0.0000,0.2522,0.1805,0.0668,SAFE,True,10,0,,,,,,
1771435998.101,0.0,45.46,4.8394,0.883,20.2,2,22420.493,43.89486,0.02267,0.0000,0.0000,0.0483,0.0000,0.2267,0.1714,0.0632,SAFE,True,10,0,,,,,,
1771435998.101,0.0,45.55,4.8317,0.866,19.0,2,8596.584,26.76693,0.02160,0.0000,0.0000,0.0832,0.0000,0.2160,0.1630,0.0650,SAFE,True,10,0,,,,,,
1771435998.101,0.0,,,,,,,,,,,,,,,0.0650,SAFE,,10,,t1554_0,0.23,NORMAL,LOCAL,SAFE: all tasks permitted (weight=0.23),
1771435998.101,0.0,45.18,4.8311,0.873,19.5,2,-33326.458,-1.97052,0.01993,0.0000,0.0000,0.0859,0.0000,0.1993,0.1665,0.0644,SAFE,True,10,0,,,,,,
1771435998.101,0.0,45.60,4.8638,0.857,18.3,1,24085.133,41.43528,0.02043,0.0000,0.0000,0.0000,0.0000,0.2043,0.1434,0.0491,SAFE,True,10,0,,,,,,
1771435998.101,0.0,45.41,4.8539,0.842,17.3,1,,,0.01973,0.0000,0.0000,0.0000,0.0000,0.1973,0.1359,0.0469,SAFE,True,10,0,,,,,,
1771435998.101,0.0,,,,,,,,,,,,,,,0.0469,SAFE,,10,,t1557_0,0.49,HIGH,LOCAL,SAFE: all tasks permitted (weight=0.49),
1771435998.101,0.0,45.09,4.8710,0.876,19.7,2,,,0.02114,0.0000,0.0000,0.0000,0.0000,0.2114,0.1679,0.0547,SAFE,True,10,0,,,,,,
1771435998.101,0.0,,,,,,,,,,,,,,,0.0547,SAFE,,10,,t1558_0,0.73,NORMAL,LOCAL,SAFE: all tasks permitted (weight=0.73),
1771435998.101,0.0,45.29,4.8057,0.931,23.6,2,,,0.02269,0.0000,0.0000,0.2013,0.0000,0.2269,0.1953,0.0879,SAFE,True,10,0,,,,,,window_reset|B=10
1771435998.101,0.0,45.28,4.8471,0.910,22.2,2,,,0.02274,0.0000,0.0000,0.0131,0.0000,0.2274,0.1852,0.0615,SAFE,True,10,0,,,,,,
1771435998.101,0.0,45.15,4.8794,0.892,20.8,2,,,0.02192,0.0000,0.0000,0.0000,0.0000,0.2192,0.1758,0.0571,SAFE,True,10,0,,,,,,
1771435998.101,0.0,45.76,4.8374,0.874,19.6,2,,,0.01900,0.0000,0.0000,0.0571,0.0000,0.1900,0.1670,0.0598,SAFE,True,10,0,,,,,,
1771435998.101,0.0,45.93,4.8508,0.858,18.4,1,,,0.01900,0.0000,0.0000,0.0000,0.0000,0.1900,0.1439,0.0478,SAFE,True,10,0,,,,,,
1771435998.101,0.0,,,,,,,,,,,,,,,0.0478,SAFE,,10,,t1563_0,0.40,NORMAL,LOCAL,SAFE: all tasks permitted (weight=0.40),
1771435998.101,0.0,45.03,4.8555,0.882,20.1,2,,,0.01910,0.0000,0.0000,0.0000,0.0000,0.1910,0.1710,0.0533,SAFE,True,10,0,,,,,,
1771435998.101,0.0,45.44,4.8443,0.865,18.9,1,,,0.01898,0.0000,0.0000,0.0261,0.0000,0.1898,0.1476,0.0519,SAFE,True,10,0,,,,,,
1771435998.101,0.0,,,,,,,,,,,,,,,0.0519,SAFE,,10,,t1565_0,0.78,CRITICAL,LOCAL,SAFE: all tasks permitted (weight=0.78),
1771435998.101,0.0,45.94,4.8074,0.925,23.2,2,,,0.02168,0.0000,0.0000,0.1936,0.0000,0.2168,0.1926,0.0854,SAFE,True,10,0,,,,,,
1771435998.101,0.0,45.87,4.8303,0.905,21.8,2,,,0.02172,0.0000,0.0000,0.0897,0.0000,0.2172,0.1827,0.0699,SAFE,True,10,0,,,,,,
1771435998.102,0.1,45.35,4.8350,0.887,20.5,2,6900.546,-21.83068,0.02116,0.0000,0.0000,0.0684,0.0000,0.2116,0.1735,0.0647,SAFE,True,10,0,,,,,,
1771435998.102,0.1,45.19,4.8364,0.870,19.3,2,3634.724,-77.13602,0.02097,0.0000,0.0000,0.0619,0.0000,0.2097,0.1649,0.0620,SAFE,True,10,0,,,,,,
1771435998.102,0.1,,,,,,,,,,,,,,,0.0620,SAFE,,10,,t1569_0,0.71,NORMAL,LOCAL,SAFE: all tasks permitted (weight=0.71),
1771435998.102,0.1,45.40,4.8430,0.923,23.1,2,-38461.467,9.96745,0.01906,0.0000,0.0000,0.0318,0.0000,0.1906,0.1917,0.0615,SAFE,True,10,0,,,,,,
1771435998.102,0.1,45.73,4.8495,0.904,21.7,2,-21993.201,-2.46043,0.01625,0.0000,0.0000,0.0024,0.0000,0.1625,0.1818,0.0529,SAFE,True,10,0,,,,,,
1771435998.102,0.1,45.04,4.8225,0.885,20.4,2,846.347,-59.29664,0.01714,0.0000,0.0000,0.1251,0.0000,0.1714,0.1727,0.0679,SAFE,True,10,0,,,,,,
1771435998.102,0.1,,,,,,,,,,,,,,,0.0679,SAFE,,10,,t1572_0,0.54,HIGH,LOCAL,SAFE: all tasks permitted (weight=0.54),
1771435998.102,0.1,45.57,4.8361,0.921,22.9,2,14734.316,-14.64504,0.01263,0.0000,0.0000,0.0631,0.0000,0.1263,0.1903,0.0589,SAFE,True,10,0,,,,,,
1771435998.102,0.1,,,,,,,,,,,,,,,0.0589,SAFE,,10,,t1573_0,0.74,HIGH,LOCAL,SAFE: all tasks permitted (weight=0.74),
1771435998.102,0.1,45.47,4.8044,0.974,26.7,2,-50622.793,-5.39079,0.01557,0.0000,0.0000,0.2073,0.0000,0.1557,0.2168,0.0859,SAFE,True,10,0,,,,,,window_reset|B=10
1771435998.102,0.1,,,,,,,,,,,,,,,0.0859,SAFE,,10,,t1574_0,0.85,NORMAL,LOCAL,SAFE: all tasks permitted (weight=0.85),
1771435998.102,0.1,45.99,4.7914,1.033,30.9,3,12313.501,-69.77936,0.01875,0.0000,0.0000,0.2665,0.0000,0.1875,0.2615,0.1057,CRITICAL,True,10,0,,,,,,
1771435998.102,0.1,,,,,,,,,,,,,,,0.1057,SAFE,,10,,t1575_0,0.67,HIGH,LOCAL,SAFE: all tasks permitted (weight=0.67),
1771435998.102,0.1,46.14,4.7556,1.071,33.7,3,,,0.02614,0.0000,0.0000,0.4291,0.0000,0.2614,0.2807,0.1381,CRITICAL,True,10,0,,,,,,
1771435998.102,0.1,46.62,4.7916,1.041,31.5,3,,,0.02633,0.0000,0.0000,0.2653,0.0000,0.2633,0.2657,0.1140,CRITICAL,True,10,0,,,,,,
1771435998.102,0.1,46.17,4.8141,1.013,29.5,3,,,0.02619,0.0000,0.0000,0.1631,0.0000,0.2619,0.2517,0.0977,SAFE,True,10,0,,,,,,
1771435998.102,0.1,,,,,,,,,,,,,,,0.0977,SAFE,,10,,t1578_0,0.38,CRITICAL,LOCAL,SAFE: all tasks permitted (weight=0.38),
1771435998.102,0.1,46.47,4.8026,1.025,30.3,3,,,0.02618,0.0000,0.0000,0.2154,0.0000,0.2618,0.2574,0.1057,SAFE,True,10,0,,,,,,
1771435998.102,0.1,,,,,,,,,,,,,,,0.1057,SAFE,,10,,t1579_0,0.77,NORMAL,LOCAL,SAFE: all tasks permitted (weight=0.77),
1771435998.102,0.1,46.24,4.7759,1.073,33.8,3,,,0.02752,0.0000,0.0000,0.3367,0.0000,0.2752,0.2817,0.1276,CRITICAL,True,10,0,,,,,,
1771435998.102,0.1,,,,,,,,,,,,,,,0.1276,SAFE,,10,,t1580_0,0.55,HIGH,LOCAL,SAFE: all tasks permitted (weight=0.55),
1771435998.102,0.1,45.95,4.7830,1.097,35.5,4,,,0.02725,0.0000,0.0000,0.3044,0.0000,0.2725,0.3084,0.1285,CRITICAL,True,10,0,,,,,,
1771435998.102,0.1,46.77,4.8046,1.065,33.2,3,,,0.02484,0.0000,0.0000,0.2063,0.0000,0.2484,0.2775,0.1072,SAFE,True,10,0,,,,,,
1771435998.102,0.1,46.74,4.7966,1.035,31.1,3,,,0.02044,0.0000,0.0000,0.2428,0.0000,0.2044,0.2627,0.1045,CRITICAL,True,10,0,,,,,,
1771435998.102,0.1,,,,,,,,,,,,,,,0.1045,SAFE,,10,,t1583_0,0.39,LOW,LOCAL,SAFE: all tasks permitted (weight=0.39),
1771435998.102,0.1,46.75,4.8080,1.046,31.9,3,,,0.01937,0.0000,0.0000,0.1909,0.0000,0.1937,0.2681,0.0978,SAFE,True,10,0,,,,,,
1771435998.102,0.1,,,,,,,,,,,,,,,0.0978,SAFE,,10,,t1584_0,0.42,NORMAL,LOCAL,SAFE: all tasks permitted (weight=0.42),
1771435998.102,0.1,47.48,4.7798,1.059,32.8,3,,,0.01582,0.0000,0.0000,0.3193,0.0000,0.1582,0.2743,0.1122,CRITICAL,True,10,0,,,,,,
1771435998.102,0.1,,,,,,,,,,,,,,,0.1122,SAFE,,10,,t1585_0,0.42,HIGH,LOCAL,SAFE: all tasks permitted (weight=0.42),
1771435998.102,0.1,46.84,4.7501,1.071,33.6,3,,,0.01913,0.0000,0.0000,0.4541,0.0000,0.1913,0.2803,0.1342,CRITICAL,True,10,0,,,,,,
1771435998.102,0.1,,,,,,,,,,,,,,,0.1342,SAFE,,10,,t1586_0,0.27,HIGH,LOCAL,SAFE: all tasks permitted (weight=0.27),
1771435998.102,0.1,47.43,4.7750,1.067,33.3,3,,,0.01941,0.0000,0.0000,0.3409,0.0000,0.1941,0.2784,0.1194,CRITICAL,True,10,0,,,,,,
1771435998.102,0.1,47.47,4.7994,1.037,31.2,3,,,0.01727,0.0000,0.0000,0.2300,0.0000,0.1727,0.2636,0.0999,CRITICAL,True,10,0,,,,,,
1771435998.102,0.1,47.49,4.7905,1.009,29.2,3,,,0.01727,0.0000,0.0000,0.2703,0.0000,0.1727,0.2497,0.1024,CRITICAL,True,10,0,,,,,,window_reset|B=10
1771435998.102,0.1,48.00,4.7985,0.984,27.4,3,,,0.01593,0.0000,0.0000,0.2342,0.0000,0.1593,0.2369,0.0938,CRITICAL,True,10,0,,,,,,
1771435998.102,0.1,47.64,4.8249,0.960,25.7,2,,,0.01854,0.0000,0.0000,0.1141,0.0000,0.1854,0.2099,0.0753,SAFE,True,10,0,,,,,,
1771435998.102,0.1,48.23,4.8118,0.938,24.1,2,,,0.01883,0.0000,0.0000,0.1737,0.0000,0.1883,0.1988,0.0812,SAFE,True,10,0,,,,,,
1771435998.102,0.1,47.35,4.8216,0.917,22.6,2,,,0.02003,0.0000,0.0000,0.1289,0.0000,0.2003,0.1884,0.0745,SAFE,True,10,0,,,,,,
1771435998.102,0.1,46.97,4.8228,0.898,21.3,2,,,0.02122,0.0000,0.0000,0.1236,0.0000,0.2122,0.1788,0.0731,SAFE,True,10,0,,,,,,
1771435998.102,0.1,47.25,4.8599,0.880,20.0,2,,,0.02718,0.0000,0.0000,0.0000,0.0000,0.2718,0.1699,0.0611,SAFE,True,10,0,,,,,,
1771435998.102,0.1,47.98,4.8816,0.863,18.8,1,,,0.03474,0.0000,0.0000,0.0000,0.0000,0.3474,0.1465,0.0641,SAFE,True,10,0,,,,,,
1771435998.102,0.1,47.65,4.8757,0.848,17.7,1,,,0.03785,0.0000,0.0000,0.0000,0.0000,0.3785,0.1388,0.0656,SAFE,True,10,0,,,,,,
1771435998.102,0.1,46.95,4.8688,0.833,16.7,1,,,0.03424,0.0000,0.0000,0.0000,0.0000,0.3424,0.1316,0.0606,SAFE,True,10,0,,,,,,
1771435998.102,0.1,,,,,,,,,,,,,,,0.0606,SAFE,,10,,t1598_0,0.31,HIGH,LOCAL,SAFE: all tasks permitted (weight=0.31),
1771435998.102,0.1,47.20,4.8548,0.850,17.9,1,,,0.03098,0.0000,0.0000,0.0000,0.0000,0.3098,0.1402,0.0590,SAFE,True,10,0,,,,,,
1771435998.102,0.1,,,,,,,,,,,,,,,0.0590,SAFE,,10,,t1599_0,0.79,LOW,LOCAL,SAFE: all tasks permitted (weight=0.79),
1771435998.102,0.1,46.91,4.7977,0.914,22.4,2,,,0.03115,0.0000,0.0000,0.2379,0.0000,0.3115,0.1869,0.0994,CRITICAL,True,10,0,,,,,,
1771435998.102,0.1,46.68,4.8398,0.895,21.1,2,,,0.02825,0.0000,0.0000,0.0462,0.0000,0.2825,0.1774,0.0697,SAFE,True,10,0,,,,,,
1771435998.102,0.1,,,,,,,,,,,,,,,0.0697,SAFE,,10,,t1601_0,0.55,HIGH,LOCAL,SAFE: all tasks permitted (weight=0.55),
1771435998.102,0.1,47.52,4.8062,0.931,23.6,2,,,0.02742,0.0000,0.0000,0.1991,0.0000,0.2742,0.1955,0.0924,SAFE,True,10,0,,,,,,
1771435998.102,0.1,,,,,,,,,,,,,,,0.0924,SAFE,,10,,t1602_0,0.67,LOW,LOCAL,SAFE: all tasks permitted (weight=0.67),
1771435998.102,0.1,46.91,4.8381,0.977,26.9,2,,,0.02710,0.0000,0.0000,0.0540,0.0000,0.2710,0.2183,0.0778,SAFE,True,10,0,,,,,,
1771435998.103,0.1,,,,,,,,,,,,,,,0.0778,SAFE,,10,,t1603_0,0.63,CRITICAL,LOCAL,SAFE: all tasks permitted (weight=0.63),
1771435998.103,0.1,47.27,4.8254,1.015,29.7,3,-41677.867,-55.10673,0.02617,0.0000,0.0000,0.1117,0.0000,0.2617,0.2526,0.0912,SAFE,True,10,0,,,,,,window_reset|B=10
1771435998.103,0.1,47.08,4.8273,0.989,27.8,3,-33322.919,-47.49381,0.02586,0.0000,0.0000,0.1032,0.0000,0.2586,0.2395,0.0872,SAFE,True,10,0,,,,,,
1771435998.103,0.1,,,,,,,,,,,,,,,0.0872,SAFE,,10,,t1605_0,0.81,HIGH,LOCAL,SAFE: all tasks permitted (weight=0.81),
1771435998.103,0.1,47.29,4.8165,1.045,31.8,3,20039.079,-51.30257,0.02630,0.0000,0.0000,0.1523,0.0000,0.2630,0.2674,0.0996,SAFE,True,10,0,,,,,,
1771435998.103,0.1,,,,,,,,,,,,,,,0.0996,SAFE,,10,,t1606_0,0.66,LOW,LOCAL,SAFE: all tasks permitted (weight=0.66),
1771435998.103,0.1,47.26,4.7554,1.081,34.4,3,3104.260,-97.47150,0.03458,0.0000,0.0000,0.4298,0.0000,0.3458,0.2856,0.1476,CRITICAL,True,10,0,,,,,,
1771435998.103,0.1,,,,,,,,,,,,,,,0.1476,SAFE,,10,,t1607_0,0.49,NORMAL,LOCAL,SAFE: all tasks permitted (weight=0.49),
1771435998.103,0.1,47.17,4.7506,1.099,35.6,4,15370.930,-46.21149,0.03782,0.0000,0.0000,0.4520,0.0000,0.3782,0.3095,0.1585,CRITICAL,True,10,0,,,,,,
1771435998.103,0.1,,,,,,,,,,,,,,,0.1585,SAFE,,10,,t1608_0,0.34,NORMAL,LOCAL,SAFE: all tasks permitted (weight=0.34),
1771435998.103,0.1,47.92,4.7506,1.101,35.8,4,72990.160,-87.54635,0.03864,0.0000,0.0000,0.4518,0.0000,0.3864,0.3104,0.1595,CRITICAL,True,10,0,,,,,,
1771435998.103,0.1,47.86,4.7836,1.069,33.5,3,19782.656,-22.17115,0.03501,0.0000,0.0000,0.3018,0.0000,0.3501,0.2793,0.1301,CRITICAL,True,10,0,,,,,,
1771435998.103,0.1,,,,,,,,,,,,,,,0.1301,SAFE,,10,,t1610_0,0.61,CRITICAL,LOCAL,SAFE: all tasks permitted (weight=0.61),
1771435998.103,0.1,48.22,4.7720,1.099,35.7,4,77107.159,-64.87784,0.03235,0.0000,0.0000,0.3546,0.0000,0.3235,0.3096,0.1404,CRITICAL,True,10,0,,,,,,
1771435998.103,0.1,,,,,,,,,,,,,,,0.1404,SAFE,,10,,t1611_0,0.45,LOW,LOCAL,SAFE: all tasks permitted (weight=0.45),
1771435998.103,0.1,48.10,4.7060,1.111,36.5,4,,,0.04096,0.0000,0.0000,0.6547,0.0000,0.4096,0.3157,0.1892,CRITICAL,True,10,0,,,,,,
1771435998.103,0.1,,,,,,,,,,,,,,,0.1892,SAFE,,10,,t1612_0,0.82,NORMAL,LOCAL,SAFE: all tasks permitted (weight=0.82),
1771435998.103,0.1,48.97,4.7708,1.160,40.0,4,,,0.03821,0.0000,0.0000,0.3599,0.0000,0.3821,0.3399,0.1530,CRITICAL,True,10,0,,,,,,
1771435998.103,0.1,48.74,4.7454,1.124,37.4,4,,,0.03890,0.0000,0.0000,0.4755,0.0000,0.3890,0.3218,0.1651,CRITICAL,True,10,0,,,,,,
1771435998.103,0.1,48.41,4.7765,1.090,35.0,3,,,0.03450,0.0000,0.0000,0.3340,0.0000,0.3450,0.2899,0.1359,CRITICAL,True,10,0,,,,,,
1771435998.103,0.1,49.18,4.7906,1.058,32.7,3,,,0.03132,0.0000,0.0000,0.2700,0.0000,0.3132,0.2742,0.1213,CRITICAL,True,10,0,,,,,,
1771435998.103,0.1,48.60,4.8153,1.029,30.7,3,,,0.02964,0.0000,0.0000,0.1577,0.0000,0.2964,0.2597,0.1021,SAFE,True,10,0,,,,,,
1771435998.103,0.1,,,,,,,,,,,,,,,0.1021,SAFE,,10,,t1617_0,0.39,LOW,LOCAL,SAFE: all tasks permitted (weight=0.39),
1771435998.103,0.1,48.51,4.7752,1.041,31.5,3,,,0.02617,0.0000,0.0000,0.3402,0.0000,0.2617,0.2655,0.1235,CRITICAL,True,10,0,,,,,,
1771435998.103,0.1,,,,,,,,,,,,,,,0.1235,SAFE,,10,,t1618_0,0.38,HIGH,LOCAL,SAFE: all tasks permitted (weight=0.38),
1771435998.103,0.1,48.97,4.7617,1.051,32.2,3,,,0.02602,0.0000,0.0000,0.4015,0.0000,0.2602,0.2705,0.1323,CRITICAL,True,10,0,,,,,,window_reset|B=10
1771435998.103,0.1,48.96,4.7878,1.022,30.2,3,,,0.02615,0.0000,0.0000,0.2828,0.0000,0.2615,0.2562,0.1141,CRITICAL,True,10,0,,,,,,
1771435998.103,0.1,48.63,4.7989,0.996,28.3,3,,,0.02662,0.0000,0.0000,0.2325,0.0000,0.2662,0.2429,0.1054,CRITICAL,True,10,0,,,,,,
1771435998.103,0.1,,,,,,,,,,,,,,,0.1054,SAFE,,10,,t1621_0,0.83,HIGH,LOCAL,SAFE: all tasks permitted (weight=0.83),
1771435998.103,0.1,48.66,4.7761,1.053,32.4,3,,,0.02647,0.0000,0.0000,0.3361,0.0000,0.2647,0.2715,0.1245,CRITICAL,True,10,0,,,,,,
1771435998.103,0.1,49.27,4.7972,1.024,30.3,3,,,0.02729,0.0000,0.0000,0.2400,0.0000,0.2729,0.2571,0.1099,CRITICAL,True,10,0,,,,,,
1771435998.103,0.1,48.84,4.8333,0.998,28.4,3,,,0.02271,0.0000,0.0000,0.0759,0.0000,0.2271,0.2438,0.0813,SAFE,True,10,0,,,,,,
1771435998.103,0.1,48.65,4.8203,0.973,26.6,2,,,0.02408,0.0000,0.0000,0.1349,0.0000,0.2408,0.2163,0.0849,SAFE,True,10,0,,,,,,
1771435998.103,0.1,,,,,,,,,,,,,,,0.0849,SAFE,,10,,t1625_0,0.39,LOW,LOCAL,SAFE: all tasks permitted (weight=0.39),
1771435998.103,0.1,48.84,4.8029,0.988,27.7,3,,,0.02016,0.0000,0.0000,0.2140,0.0000,0.2016,0.2389,0.0958,SAFE,True,10,0,,,,,,
1771435998.103,0.1,48.52,4.8194,0.964,26.0,2,,,0.02043,0.0000,0.0000,0.1393,0.0000,0.2043,0.2118,0.0809,SAFE,True,10,0,,,,,,
1771435998.103,0.1,49.05,4.7771,0.941,24.4,2,,,0.02117,0.0000,0.0000,0.3313,0.0000,0.2117,0.2005,0.1043,CRITICAL,True,10,0,,,,,,
1771435998.103,0.1,,,,,,,,,,,,,,,0.1043,SAFE,,10,,t1628_0,0.74,NORMAL,LOCAL,SAFE: all tasks permitted (weight=0.74),
1771435998.103,0.1,49.13,4.8157,0.994,28.1,3,,,0.02120,0.0000,0.0000,0.1558,0.0000,0.2120,0.2419,0.0898,SAFE,True,10,0,,,,,,
1771435998.103,0.1,49.08,4.8311,0.969,26.4,2,,,0.02199,0.0000,0.0000,0.0861,0.0000,0.2199,0.2146,0.0761,SAFE,True,10,0,,,,,,
1771435998.103,0.1,,,,,,,,,,,,,,,0.0761,SAFE,,10,,t1630_0,0.50,NORMAL,LOCAL,SAFE: all tasks permitted (weight=0.50),
1771435998.103,0.1,49.01,4.8211,0.996,28.3,3,,,0.01887,0.0000,0.0000,0.1312,0.0000,0.1887,0.2430,0.0845,SAFE,True,10,0,,,,,,
1771435998.103,0.1,48.66,4.7722,0.971,26.5,2,,,0.02060,0.0000,0.0000,0.3538,0.0000,0.2060,0.2156,0.1097,CRITICAL,True,10,0,,,,,,
1771435998.103,0.1,,,,,,,,,,,,,,,0.1097,SAFE,,10,,t1632_0,0.24,HIGH,LOCAL,SAFE: all tasks permitted (weight=0.24),
1771435998.103,0.1,48.84,4.7988,0.972,26.5,2,,,0.02060,0.0000,0.0000,0.2328,0.0000,0.2060,0.2158,0.0940,CRITICAL,True,10,0,,,,,,
1771435998.103,0.1,,,,,,,,,,,,,,,0.0940,SAFE,,10,,t1633_0,0.57,HIGH,LOCAL,SAFE: all tasks permitted (weight=0.57),
1771435998.103,0.1,48.62,4.8039,1.005,29.0,3,,,0.01863,0.0000,0.0000,0.2094,0.0000,0.1863,0.2477,0.0954,SAFE,True,10,0,,,,,,window_reset|B=10
1771435998.103,0.1,48.49,4.8274,0.980,27.1,3,,,0.01907,0.0000,0.0000,0.1027,0.0000,0.1907,0.2349,0.0794,SAFE,True,10,0,,,,,,
1771435998.103,0.1,49.13,4.8080,0.956,25.4,2,,,0.01776,0.0000,0.0000,0.1909,0.0000,0.1776,0.2081,0.0842,SAFE,True,10,0,,,,,,
1771435998.104,0.1,,,,,,,,,,,,,,,0.0842,SAFE,,10,,t1636_0,0.82,LOW,LOCAL,SAFE: all tasks permitted (weight=0.82),
1771435998.104,0.1,48.95,4.7543,1.016,29.7,3,-10685.306,-61.36912,0.02269,0.0000,0.0000,0.4350,0.0000,0.2269,0.2530,0.1298,CRITICAL,True,10,0,,,,,,
1771435998.104,0.1,,,,,,,,,,,,,,,0.1298,SAFE,,10,,t1637_0,0.36,NORMAL,LOCAL,SAFE: all tasks permitted (weight=0.36),
1771435998.104,0.1,,,,,,,,,,,,,,,0.1298,SAFE,,10,,t1637_1,0.51,HIGH,LOCAL,SAFE: all tasks permitted (weight=0.51),
1771435998.104,0.1,48.88,4.7674,1.076,34.0,3,-11941.585,-63.61711,0.02469,0.0000,0.0000,0.3755,0.0000,0.2469,0.2828,0.1301,CRITICAL,True,10,0,,,,,,
1771435998.104,0.1,,,,,,,,,,,,,,,0.1301,SAFE,,10,,t1638_0,0.56,LOW,LOCAL,SAFE: all tasks permitted (weight=0.56),
1771435998.104,0.1,49.29,4.7983,1.101,35.8,4,16986.669,-22.80735,0.02397,0.0000,0.0000,0.2349,0.0000,0.2397,0.3107,0.1167,CRITICAL,True,10,0,,,,,,
1771435998.104,0.1,,,,,,,,,,,,,,,0.1167,SAFE,,10,,t1639_0,0.54,LOW,LOCAL,SAFE: all tasks permitted (weight=0.54),
1771435998.104,0.1,49.04,4.7966,1.123,37.3,4,22832.478,24.38230,0.02315,0.0000,0.0000,0.2429,0.0000,0.2315,0.3214,0.1190,CRITICAL,True,10,0,,,,,,
1771435998.104,0.1,49.22,4.7665,1.089,34.9,3,22506.007,-32.21665,0.02425,0.0000,0.0000,0.3794,0.0000,0.2425,0.2896,0.1315,CRITICAL,True,10,0,,,,,,
1771435998.104,0.1,,,,,,,,,,,,,,,0.1315,SAFE,,10,,t1641_0,0.35,LOW,LOCAL,SAFE: all tasks permitted (weight=0.35),
1771435998.104,0.1,49.54,4.7990,1.092,35.2,4,55318.549,-4.95939,0.02183,0.0000,0.0000,0.2320,0.0000,0.2183,0.3062,0.1132,CRITICAL,True,10,0,,,,,,
1771435998.104,0.1,,,,,,,,,,,,,,,0.1132,SAFE,,10,,t1642_0,0.59,NORMAL,LOCAL,SAFE: all tasks permitted (weight=0.59),
1771435998.104,0.1,48.97,4.7752,1.119,37.1,4,29338.430,-52.13886,0.02051,0.0000,0.0000,0.3399,0.0000,0.2051,0.3197,0.1286,CRITICAL,True,10,0,,,,,,
1771435998.104,0.1,,,,,,,,,,,,,,,0.1286,SAFE,,10,,t1643_0,0.51,NORMAL,LOCAL,SAFE: all tasks permitted (weight=0.51),
1771435998.104,0.1,50.30,4.7608,1.137,38.4,4,70713.723,-47.20065,0.02151,0.0000,0.0000,0.4056,0.0000,0.2151,0.3285,0.1399,CRITICAL,True,10,0,,,,,,
1771435998.104,0.1,49.49,4.7570,1.102,35.9,4,,,0.02283,0.0000,0.0000,0.4229,0.0000,0.2283,0.3112,0.1400,CRITICAL,True,10,0,,,,,,
1771435998.104,0.1,,,,,,,,,,,,,,,0.1400,SAFE,,10,,t1645_0,0.28,NORMAL,LOCAL,SAFE: all tasks permitted (weight=0.28),
1771435998.104,0.1,50.23,4.7835,1.098,35.6,4,,,0.02206,0.0000,0.0000,0.3023,0.0000,0.2206,0.3089,0.1231,CRITICAL,True,10,0,,,,,,
1771435998.104,0.1,49.53,4.7723,1.066,33.3,3,,,0.01759,0.0000,0.0000,0.3531,0.0000,0.1759,0.2779,0.1191,CRITICAL,True,10,0,,,,,,
1771435998.104,0.1,49.99,4.7835,1.036,31.2,3,,,0.01528,0.0000,0.0000,0.3025,0.0000,0.1528,0.2631,0.1072,CRITICAL,True,10,0,,,,,,
1771435998.104,0.1,49.89,4.7930,1.009,29.2,3,,,0.01438,0.0000,0.0000,0.2592,0.0000,0.1438,0.2493,0.0979,CRITICAL,True,10,0,,,,,,window_reset|B=10
1771435998.104,0.1,49.61,4.7748,0.983,27.4,3,,,0.01401,0.0000,0.0000,0.3420,0.0000,0.1401,0.2365,0.1058,CRITICAL,True,10,0,,,,,,
1771435998.104,0.1,49.92,4.8089,0.959,25.6,2,,,0.01539,0.0000,0.0000,0.1869,0.0000,0.1539,0.2095,0.0816,SAFE,True,10,0,,,,,,
1771435998.104,0.1,49.94,4.8422,0.937,24.1,2,,,0.02270,0.0000,0.0000,0.0354,0.0000,0.2270,0.1984,0.0670,SAFE,True,10,0,,,,,,
1771435998.104,0.1,49.50,4.8040,0.916,22.6,2,,,0.02256,0.0000,0.0000,0.2091,0.0000,0.2256,0.1881,0.0874,SAFE,True,10,0,,,,,,
1771435998.104,0.1,,,,,,,,,,,,,,,0.0874,SAFE,,10,,t1653_0,0.21,LOW,LOCAL,SAFE: all tasks permitted (weight=0.21),
1771435998.104,0.1,,,,,,,,,,,,,,,0.0874,SAFE,,10,,t1653_1,0.62,HIGH,LOCAL,SAFE: all tasks permitted (weight=0.62),
1771435998.104,0.1,49.76,4.8240,0.980,27.1,3,,,0.02456,0.0000,0.0000,0.1182,0.0000,0.2456,0.2349,0.0869,SAFE,True,10,0,,,,,,
1771435998.104,0.1,49.68,4.8101,0.956,25.4,2,,,0.02471,0.0000,0.0000,0.1815,0.0000,0.2471,0.2081,0.0899,SAFE,True,10,0,,,,,,
1771435998.104,0.1,49.28,4.8321,0.934,23.9,2,,,0.02486,0.0000,0.0000,0.0816,0.0000,0.2486,0.1971,0.0749,SAFE,True,10,0,,,,,,
1771435998.104,0.1,49.04,4.8355,0.914,22.4,2,,,0.02328,0.0000,0.0000,0.0659,0.0000,0.2328,0.1869,0.0692,SAFE,True,10,0,,,,,,
1771435998.104,0.1,,,,,,,,,,,,,,,0.0692,SAFE,,10,,t1657_0,0.55,LOW,LOCAL,SAFE: all tasks permitted (weight=0.55),
1771435998.104,0.1,49.63,4.8358,0.950,25.0,2,,,0.02368,0.0000,0.0000,0.0645,0.0000,0.2368,0.2049,0.0730,SAFE,True,10,0,,,,,,
1771435998.104,0.1,,,,,,,,,,,,,,,0.0730,SAFE,,10,,t1658_0,0.75,NORMAL,LOCAL,SAFE: all tasks permitted (weight=0.75),
1771435998.104,0.1,48.96,4.7960,1.003,28.8,3,,,0.02136,0.0000,0.0000,0.2456,0.0000,0.2136,0.2465,0.1026,CRITICAL,True,10,0,,,,,,
1771435998.104,0.1,,,,,,,,,,,,,,,0.1026,SAFE,,10,,t1659_0,0.20,CRITICAL,LOCAL,SAFE: all tasks permitted (weight=0.20),
1771435998.104,0.1,49.21,4.7947,0.998,28.4,3,,,0.02032,0.0000,0.0000,0.2511,0.0000,0.2032,0.2440,0.1018,CRITICAL,True,10,0,,,,,,
1771435998.104,0.1,,,,,,,,,,,,,,,0.1018,SAFE,,10,,t1660_0,0.44,HIGH,LOCAL,SAFE: all tasks permitted (weight=0.44),
1771435998.104,0.1,48.73,4.7546,1.017,29.8,3,,,0.02552,0.0000,0.0000,0.4338,0.0000,0.2552,0.2537,0.1327,CRITICAL,True,10,0,,,,,,
1771435998.104,0.1,,,,,,,,,,,,,,,0.1327,SAFE,,10,,t1661_0,0.65,NORMAL,LOCAL,SAFE: all tasks permitted (weight=0.65),
1771435998.104,0.1,49.14,4.7404,1.057,32.6,3,,,0.03065,0.0000,0.0000,0.4980,0.0000,0.3065,0.2733,0.1501,CRITICAL,True,10,0,,,,,,
1771435998.104,0.1,49.33,4.8161,1.028,30.5,3,,,0.03076,0.0000,0.0000,0.1542,0.0000,0.3076,0.2588,0.1026,SAFE,True,10,0,,,,,,
1771435998.104,0.1,48.46,4.7905,1.001,28.6,3,,,0.02911,0.0000,0.0000,0.2703,0.0000,0.2911,0.2453,0.1133,CRITICAL,True,10,0,,,,,,window_reset|B=10
1771435998.104,0.1,49.66,4.8240,0.976,26.8,2,,,0.02970,0.0000,0.0000,0.1183,0.0000,0.2970,0.2178,0.0886,SAFE,True,10,0,,,,,,
1771435998.104,0.1,49.10,4.7993,0.952,25.2,2,,,0.02913,0.0000,0.0000,0.2303,0.0000,0.2913,0.2061,0.1003,CRITICAL,True,10,0,,,,,,
1771435998.104,0.1,48.90,4.8032,0.930,23.6,2,,,0.02904,0.0000,0.0000,0.2128,0.0000,0.2904,0.1952,0.0957,SAFE,True,10,0,,,,,,
1771435998.104,0.1,,,,,,,,,,,,,,,0.0957,SAFE,,10,,t1667_0,0.80,NORMAL,LOCAL,SAFE: all tasks permitted (weight=0.80),
1771435998.104,0.1,49.32,4.8028,0.991,27.9,3,,,0.02759,0.0000,0.0000,0.2144,0.0000,0.2759,0.2404,0.1035,SAFE,True,10,0,,,,,,
1771435998.104,0.1,49.65,4.8335,0.966,26.2,2,,,0.02738,0.0000,0.0000,0.0751,0.0000,0.2738,0.2132,0.0798,SAFE,True,10,0,,,,,,
1771435998.104,0.1,,,,,,,,,,,,,,,0.0798,SAFE,,10,,t1669_0,0.69,HIGH,LOCAL,SAFE: all tasks permitted (weight=0.69),
1771435998.104,0.1,49.54,4.7968,1.013,29.5,3,,,0.02506,0.0000,0.0000,0.2419,0.0000,0.2506,0.2513,0.1068,CRITICAL,True,10,0,,,,,,
1771435998.105,0.1,,,,,,,,,,,,,,,0.1068,SAFE,,10,,t1670_0,0.63,NORMAL,LOCAL,SAFE: all tasks permitted (weight=0.63),
1771435998.105,0.1,48.89,4.7749,1.050,32.2,3,-26406.843,-41.25456,0.02573,0.0000,0.0000,0.3413,0.0000,0.2573,0.2702,0.1241,CRITICAL,True,10,0,,,,,,
1771435998.105,0.1,,,,,,,,,,,,,,,0.1241,SAFE,,10,,t1671_0,0.43,NORMAL,LOCAL,SAFE: all tasks permitted (weight=0.43),
1771435998.105,0.1,49.43,4.7956,1.065,33.2,3,58581.640,5.03909,0.02573,0.0000,0.0000,0.2475,0.0000,0.2573,0.2776,0.1134,CRITICAL,True,10,0,,,,,,
1771435998.105,0.1,,,,,,,,,,,,,,,0.1134,SAFE,,10,,t1672_0,0.70,LOW,LOCAL,SAFE: all tasks permitted (weight=0.70),
1771435998.105,0.1,49.34,4.7914,1.106,36.1,4,-18881.976,-32.69390,0.02284,0.0000,0.0000,0.2666,0.0000,0.2284,0.3128,0.1201,CRITICAL,True,10,0,,,,,,
1771435998.105,0.1,,,,,,,,,,,,,,,0.1201,SAFE,,10,,t1673_0,0.55,HIGH,LOCAL,SAFE: all tasks permitted (weight=0.55),
1771435998.105,0.1,50.06,4.7633,1.128,37.7,4,57487.736,-36.13373,0.01857,0.0000,0.0000,0.3942,0.0000,0.1857,0.3241,0.1347,CRITICAL,True,10,0,,,,,,
1771435998.105,0.1,49.63,4.7441,1.094,35.3,4,43826.658,-59.19333,0.02322,0.0000,0.0000,0.4813,0.0000,0.2322,0.3071,0.1472,CRITICAL,True,10,0,,,,,,
1771435998.105,0.1,49.87,4.7962,1.063,33.0,3,33086.644,-6.65568,0.02321,0.0000,0.0000,0.2446,0.0000,0.2321,0.2763,0.1103,CRITICAL,True,10,0,,,,,,
1771435998.105,0.1,49.46,4.7526,1.033,30.9,3,-11446.442,-81.02257,0.02384,0.0000,0.0000,0.4425,0.0000,0.2384,0.2616,0.1337,CRITICAL,True,10,0,,,,,,
1771435998.105,0.1,,,,,,,,,,,,,,,0.1337,SAFE,,10,,t1677_0,0.63,LOW,LOCAL,SAFE: all tasks permitted (weight=0.63),
1771435998.105,0.1,,,,,,,,,,,,,,,0.1337,SAFE,,10,,t1677_1,0.73,NORMAL,LOCAL,SAFE: all tasks permitted (weight=0.73),
1771435998.105,0.1,49.70,4.7382,1.143,38.8,4,9314.561,-58.75625,0.02714,0.0000,0.0000,0.5083,0.0000,0.2714,0.3313,0.1595,CRITICAL,True,10,0,,,,,,
1771435998.105,0.1,,,,,,,,,,,,,,,0.1595,SAFE,,10,,t1678_0,0.36,HIGH,LOCAL,SAFE: all tasks permitted (weight=0.36),
1771435998.105,0.1,50.33,4.7404,1.143,38.8,4,,,0.02870,0.0000,0.0000,0.4984,0.0000,0.2870,0.3317,0.1598,CRITICAL,True,10,0,,,,,,window_reset|B=10
1771435998.105,0.1,50.20,4.7465,1.108,36.3,4,,,0.02878,0.0000,0.0000,0.4706,0.0000,0.2878,0.3141,0.1528,CRITICAL,True,10,0,,,,,,
1771435998.105,0.1,,,,,,,,,,,,,,,0.1528,SAFE,,10,,t1680_0,0.32,NORMAL,LOCAL,SAFE: all tasks permitted (weight=0.32),
1771435998.105,0.1,50.35,4.7525,1.108,36.3,4,,,0.02257,0.0000,0.0000,0.4431,0.0000,0.2257,0.3139,0.1430,CRITICAL,True,10,0,,,,,,
1771435998.105,0.1,,,,,,,,,,,,,,,0.1430,SAFE,,10,,t1681_0,0.39,HIGH,LOCAL,SAFE: all tasks permitted (weight=0.39),
1771435998.105,0.1,50.17,4.7887,1.114,36.7,4,,,0.02175,0.0000,0.0000,0.2785,0.0000,0.2175,0.3170,0.1214,CRITICAL,True,10,0,,,,,,
1771435998.105,0.1,,,,,,,,,,,,,,,0.1214,SAFE,,10,,t1682_0,0.54,NORMAL,LOCAL,SAFE: all tasks permitted (weight=0.54),
1771435998.105,0.1,50.22,4.7256,1.136,38.3,4,,,0.02410,0.0000,0.0000,0.5657,0.0000,0.2410,0.3279,0.1632,CRITICAL,True,10,0,,,,,,
1771435998.105,0.1,50.03,4.8113,1.101,35.8,4,,,0.02627,0.0000,0.0000,0.1757,0.0000,0.2627,0.3106,0.1112,SAFE,True,10,0,,,,,,
1771435998.105,0.1,,,,,,,,,,,,,,,0.1112,SAFE,,10,,t1684_0,0.49,LOW,LOCAL,SAFE: all tasks permitted (weight=0.49),
1771435998.105,0.1,51.44,4.7766,1.119,37.1,4,,,0.02522,0.0000,0.0000,0.3334,0.0000,0.2522,0.3194,0.1325,CRITICAL,True,10,0,,,,,,
1771435998.105,0.1,,,,,,,,,,,,,,,0.1325,SAFE,,10,,t1685_0,0.31,LOW,LOCAL,SAFE: all tasks permitted (weight=0.31),
1771435998.105,0.1,50.90,4.7428,1.117,36.9,4,,,0.02572,0.0000,0.0000,0.4871,0.0000,0.2572,0.3185,0.1527,CRITICAL,True,10,0,,,,,,
1771435998.105,0.1,50.24,4.7519,1.084,34.6,3,,,0.02542,0.0000,0.0000,0.4461,0.0000,0.2542,0.2869,0.1408,CRITICAL,True,10,0,,,,,,
1771435998.105,0.1,50.67,4.7674,1.053,32.3,3,,,0.02317,0.0000,0.0000,0.3756,0.0000,0.2317,0.2714,0.1263,CRITICAL,True,10,0,,,,,,
1771435998.105,0.1,,,,,,,,,,,,,,,0.1263,SAFE,,10,,t1688_0,0.67,HIGH,LOCAL,SAFE: all tasks permitted (weight=0.67),
1771435998.105,0.1,50.50,4.7845,1.092,35.1,4,,,0.02422,0.0000,0.0000,0.2976,0.0000,0.2422,0.3058,0.1241,CRITICAL,True,10,0,,,,,,
1771435998.105,0.1,,,,,,,,,,,,,,,0.1241,SAFE,,10,,t1689_0,0.80,CRITICAL,LOCAL,SAFE: all tasks permitted (weight=0.80),
1771435998.105,0.1,50.20,4.7735,1.141,38.6,4,,,0.02346,0.0000,0.0000,0.3479,0.0000,0.2346,0.3305,0.1348,CRITICAL,True,10,0,,,,,,
1771435998.105,0.1,,,,,,,,,,,,,,,0.1348,SAFE,,10,,t1690_0,0.26,NORMAL,LOCAL,SAFE: all tasks permitted (weight=0.26),
1771435998.105,0.1,50.95,4.7701,1.132,38.0,4,,,0.02243,0.0000,0.0000,0.3631,0.0000,0.2243,0.3262,0.1349,CRITICAL,True,10,0,,,,,,
1771435998.105,0.1,51.17,4.7267,1.098,35.6,4,,,0.02444,0.0000,0.0000,0.5605,0.0000,0.2444,0.3090,0.1591,CRITICAL,True,10,0,,,,,,
1771435998.105,0.1,,,,,,,,,,,,,,,0.1591,SAFE,,10,,t1692_0,0.39,NORMAL,LOCAL,SAFE: all tasks permitted (weight=0.39),
1771435998.105,0.1,51.45,4.7713,1.105,36.1,4,,,0.02424,0.0000,0.0000,0.3578,0.0000,0.2424,0.3126,0.1333,CRITICAL,True,10,0,,,,,,
1771435998.105,0.1,,,,,,,,,,,,,,,0.1333,SAFE,,10,,t1693_0,0.33,LOW,LOCAL,SAFE: all tasks permitted (weight=0.33),
1771435998.105,0.1,,,,,,,,,,,,,,,0.1333,SAFE,,10,,t1693_1,0.44,LOW,LOCAL,SAFE: all tasks permitted (weight=0.44),
1771435998.105,0.1,51.47,4.7995,1.151,39.3,4,,,0.02524,0.0000,0.0000,0.2298,0.0000,0.2524,0.3354,0.1222,CRITICAL,True,10,0,,,,,,window_reset|B=10
1771435998.105,0.1,,,,,,,,,,,,,,,0.1222,SAFE,,10,,t1694_0,0.70,NORMAL,LOCAL,SAFE: all tasks permitted (weight=0.70),
1771435998.105,0.1,50.85,4.7397,1.186,41.9,4,,,0.02357,0.0000,0.0000,0.5014,0.0000,0.2357,0.3530,0.1593,CRITICAL,True,10,0,,,,,,
1771435998.105,0.1,51.84,4.7272,1.148,39.1,4,,,0.02208,0.0000,0.0000,0.5582,0.0000,0.2208,0.3339,0.1614,CRITICAL,True,10,0,,,,,,
1771435998.105,0.1,51.44,4.7558,1.112,36.6,4,,,0.02159,0.0000,0.0000,0.4282,0.0000,0.2159,0.3162,0.1405,CRITICAL,True,10,0,,,,,,
1771435998.105,0.1,,,,,,,,,,,,,,,0.1405,SAFE,,10,,t1697_0,0.32,CRITICAL,LOCAL,SAFE: all tasks permitted (weight=0.32),
1771435998.105,0.1,51.11,4.7743,1.112,36.6,4,,,0.02135,0.0000,0.0000,0.3441,0.0000,0.2135,0.3161,0.1293,CRITICAL,True,10,0,,,,,,
1771435998.105,0.1,,,,,,,,,,,,,,,0.1293,SAFE,,10,,t1698_0,0.79,LOW,LOCAL,SAFE: all tasks permitted (weight=0.79),
1771435998.105,0.1,52.36,4.7538,1.159,40.0,4,,,0.02128,0.0000,0.0000,0.4371,0.0000,0.2128,0.3397,0.1461,CRITICAL,True,10,0,,,,,,
1771435998.105,0.1,51.62,4.7579,1.123,37.4,4,,,0.02124,0.0000,0.0000,0.4184,0.0000,0.2124,0.3216,0.1400,CRITICAL,True,10,0,,,,,,
1771435998.106,0.1,52.10,4.7798,1.090,35.0,3,38829.154,8.49447,0.02085,0.0000,0.0000,0.3191,0.0000,0.2085,0.2898,0.1203,CRITICAL,True,10,0,,,,,,
1771435998.106,0.1,51.59,4.8061,1.058,32.7,3,7214.032,6.66145,0.02419,0.0000,0.0000,0.1995,0.0000,0.2419,0.2741,0.1049,SAFE,True,10,0,,,,,,
1771435998.106,0.1,,,,,,,,,,,,,,,0.1049,SAFE,,10,,t1702_0,0.35,HIGH,LOCAL,SAFE: all tasks permitted (weight=0.35),
1771435998.106,0.1,51.94,4.7703,1.065,33.2,3,65578.204,30.57550,0.02419,0.0000,0.0000,0.3624,0.0000,0.2419,0.2773,0.1268,CRITICAL,True,10,0,,,,,,
1771435998.106,0.1,51.65,4.8057,1.035,31.1,3,-11232.660,78.42887,0.02401,0.0000,0.0000,0.2015,0.0000,0.2401,0.2625,0.1027,SAFE,True,10,0,,,,,,
1771435998.106,0.1,,,,,,,,,,,,,,,0.1027,SAFE,,10,,t1704_0,0.41,CRITICAL,LOCAL,SAFE: all tasks permitted (weight=0.41),
1771435998.106,0.1,51.81,4.7929,1.049,32.1,3,21905.213,37.13366,0.02483,0.0000,0.0000,0.2594,0.0000,0.2483,0.2697,0.1125,CRITICAL,True,10,0,,,,,,
1771435998.106,0.1,,,,,,,,,,,,,,,0.1125,SAFE,,10,,t1705_0,0.79,NORMAL,LOCAL,SAFE: all tasks permitted (weight=0.79),
1771435998.106,0.1,52.13,4.7728,1.101,35.8,4,61603.262,-1.46545,0.02342,0.0000,0.0000,0.3508,0.0000,0.2342,0.3105,0.1311,CRITICAL,True,10,0,,,,,,
1771435998.106,0.1,51.79,4.7968,1.069,33.5,3,-34282.961,42.96932,0.02263,0.0000,0.0000,0.2417,0.0000,0.2263,0.2794,0.1099,CRITICAL,True,10,0,,,,,,
1771435998.106,0.1,51.98,4.8117,1.039,31.4,3,21517.909,53.73663,0.01980,0.0000,0.0000,0.1741,0.0000,0.1980,0.2645,0.0953,SAFE,True,10,0,,,,,,
1771435998.106,0.1,51.63,4.8041,1.011,29.4,3,,,0.01906,0.0000,0.0000,0.2086,0.0000,0.1906,0.2506,0.0963,SAFE,True,10,0,,,,,,window_reset|B=10
1771435998.106,0.1,51.37,4.8212,0.985,27.5,3,,,0.02106,0.0000,0.0000,0.1310,0.0000,0.2106,0.2377,0.0856,SAFE,True,10,0,,,,,,
1771435998.106,0.1,50.99,4.8167,0.961,25.8,2,,,0.01929,0.0000,0.0000,0.1514,0.0000,0.1929,0.2107,0.0811,SAFE,True,10,0,,,,,,
1771435998.106,0.1,51.60,4.8244,0.939,24.2,2,,,0.01740,0.0000,0.0000,0.1164,0.0000,0.1740,0.1995,0.0724,SAFE,True,10,0,,,,,,
1771435998.106,0.1,,,,,,,,,,,,,,,0.0724,SAFE,,10,,t1712_0,0.31,LOW,LOCAL,SAFE: all tasks permitted (weight=0.31),
1771435998.106,0.1,50.85,4.8019,0.949,25.0,2,,,0.01628,0.0000,0.0000,0.2185,0.0000,0.1628,0.2047,0.0856,SAFE,True,10,0,,,,,,
1771435998.106,0.1,,,,,,,,,,,,,,,0.0856,SAFE,,10,,t1713_0,0.60,LOW,LOCAL,SAFE: all tasks permitted (weight=0.60),
1771435998.106,0.1,50.99,4.7794,0.988,27.7,3,,,0.01736,0.0000,0.0000,0.3210,0.0000,0.1736,0.2392,0.1069,CRITICAL,True,10,0,,,,,,
1771435998.106,0.1,51.22,4.7844,0.964,26.0,2,,,0.01572,0.0000,0.0000,0.2982,0.0000,0.1572,0.2121,0.0969,CRITICAL,True,10,0,,,,,,
1771435998.106,0.1,50.12,4.8070,0.942,24.4,2,,,0.01576,0.0000,0.0000,0.1952,0.0000,0.1576,0.2008,0.0813,SAFE,True,10,0,,,,,,
1771435998.106,0.1,,,,,,,,,,,,,,,0.0813,SAFE,,10,,t1716_0,0.85,LOW,LOCAL,SAFE: all tasks permitted (weight=0.85),
1771435998.106,0.1,50.71,4.8002,1.007,29.1,3,,,0.01557,0.0000,0.0000,0.2262,0.0000,0.1557,0.2484,0.0947,SAFE,True,10,0,,,,,,
1771435998.106,0.1,51.09,4.7956,0.981,27.2,3,,,0.01313,0.0000,0.0000,0.2472,0.0000,0.1313,0.2357,0.0924,CRITICAL,True,10,0,,,,,,
1771435998.106,0.1,,,,,,,,,,,,,,,0.0924,SAFE,,10,,t1718_0,0.21,CRITICAL,LOCAL,SAFE: all tasks permitted (weight=0.21),
1771435998.106,0.1,50.54,4.7798,0.979,27.1,3,,,0.01463,0.0000,0.0000,0.3192,0.0000,0.1463,0.2347,0.1031,CRITICAL,True,10,0,,,,,,
1771435998.106,0.1,50.67,4.8252,0.956,25.4,2,,,0.01579,0.0000,0.0000,0.1127,0.0000,0.1579,0.2079,0.0720,SAFE,True,10,0,,,,,,
1771435998.106,0.1,,,,,,,,,,,,,,,0.0720,SAFE,,10,,t1720_0,0.82,NORMAL,LOCAL,SAFE: all tasks permitted (weight=0.82),
1771435998.106,0.1,,,,,,,,,,,,,,,0.0720,SAFE,,10,,t1720_1,0.29,NORMAL,LOCAL,SAFE: all tasks permitted (weight=0.29),
1771435998.106,0.1,50.16,4.7581,1.047,31.9,3,,,0.02013,0.0000,0.0000,0.4178,0.0000,0.2013,0.2684,0.1281,CRITICAL,True,10,0,,,,,,
1771435998.106,0.1,50.49,4.7673,1.019,29.9,3,,,0.02079,0.0000,0.0000,0.3758,0.0000,0.2079,0.2543,0.1205,CRITICAL,True,10,0,,,,,,
1771435998.106,0.1,50.82,4.7881,0.992,28.0,3,,,0.01978,0.0000,0.0000,0.2813,0.0000,0.1978,0.2411,0.1046,CRITICAL,True,10,0,,,,,,
1771435998.106,0.1,50.23,4.8119,0.968,26.3,2,,,0.01836,0.0000,0.0000,0.1732,0.0000,0.1836,0.2138,0.0836,SAFE,True,10,0,,,,,,window_reset|B=10
1771435998.106,0.1,,,,,,,,,,,,,,,0.0836,SAFE,,10,,t1724_0,0.44,CRITICAL,LOCAL,SAFE: all tasks permitted (weight=0.44),
1771435998.106,0.1,50.70,4.8308,0.990,27.8,3,,,0.02123,0.0000,0.0000,0.0872,0.0000,0.2123,0.2398,0.0805,SAFE,True,10,0,,,,,,
1771435998.106,0.1,50.48,4.8168,0.965,26.1,2,,,0.02160,0.0000,0.0000,0.1509,0.0000,0.2160,0.2126,0.0837,SAFE,True,10,0,,,,,,
1771435998.106,0.1,,,,,,,,,,,,,,,0.0837,SAFE,,10,,t1726_0,0.48,NORMAL,LOCAL,SAFE: all tasks permitted (weight=0.48),
1771435998.106,0.1,50.42,4.7870,0.992,28.0,3,,,0.02148,0.0000,0.0000,0.2861,0.0000,0.2148,0.2410,0.1069,CRITICAL,True,10,0,,,,,,
1771435998.106,0.1,,,,,,,,,,,,,,,0.1069,SAFE,,10,,t1727_0,0.33,LOW,LOCAL,SAFE: all tasks permitted (weight=0.33),
1771435998.106,0.1,50.41,4.7774,1.001,28.7,3,,,0.02192,0.0000,0.0000,0.3302,0.0000,0.2192,0.2456,0.1140,CRITICAL,True,10,0,,,,,,
1771435998.106,0.1,49.90,4.8197,0.976,26.9,2,,,0.02296,0.0000,0.0000,0.1378,0.0000,0.2296,0.2180,0.0845,SAFE,True,10,0,,,,,,
1771435998.106,0.1,50.47,4.8115,0.953,25.2,2,,,0.02332,0.0000,0.0000,0.1752,0.0000,0.2332,0.2063,0.0874,SAFE,True,10,0,,,,,,
1771435998.106,0.1,50.23,4.7992,0.931,23.6,2,,,0.02268,0.0000,0.0000,0.2309,0.0000,0.2268,0.1955,0.0918,CRITICAL,True,10,0,,,,,,
1771435998.106,0.1,49.47,4.8381,0.911,22.2,2,,,0.02414,0.0000,0.0000,0.0540,0.0000,0.2414,0.1853,0.0682,SAFE,True,10,0,,,,,,
1771435998.106,0.1,,,,,,,,,,,,,,,0.0682,SAFE,,10,,t1732_0,0.60,HIGH,LOCAL,SAFE: all tasks permitted (weight=0.60),
1771435998.106,0.1,49.93,4.8406,0.953,25.2,2,,,0.02279,0.0000,0.0000,0.0426,0.0000,0.2279,0.2064,0.0696,SAFE,True,10,0,,,,,,
1771435998.106,0.1,,,,,,,,,,,,,,,0.0696,SAFE,,10,,t1733_0,0.30,LOW,LOCAL,SAFE: all tasks permitted (weight=0.30),
1771435998.106,0.1,50.18,4.8022,0.962,25.8,2,,,0.01949,0.0000,0.0000,0.2175,0.0000,0.1949,0.2109,0.0899,SAFE,True,10,0,,,,,,
1771435998.106,0.1,,,,,,,,,,,,,,,0.0899,SAFE,,10,,t1734_0,0.36,NORMAL,LOCAL,SAFE: all tasks permitted (weight=0.36),
1771435998.106,0.1,49.51,4.7959,0.976,26.9,2,,,0.01885,0.0000,0.0000,0.2458,0.0000,0.1885,0.2182,0.0944,CRITICAL,True,10,0,,,,,,
1771435998.107,0.1,,,,,,,,,,,,,,,0.0944,SAFE,,10,,t1735_0,0.22,LOW,LOCAL,SAFE: all tasks permitted (weight=0.22),
1771435998.107,0.1,49.83,4.7971,0.975,26.8,2,-35151.845,19.77042,0.01923,0.0000,0.0000,0.2404,0.0000,0.1923,0.2176,0.0940,CRITICAL,True,10,0,,,,,,
1771435998.107,0.1,,,,,,,,,,,,,,,0.0940,SAFE,,10,,t1736_0,0.48,LOW,LOCAL,SAFE: all tasks permitted (weight=0.48),
1771435998.107,0.1,49.86,4.8034,1.001,28.6,3,-2275.844,-16.28766,0.01818,0.0000,0.0000,0.2118,0.0000,0.1818,0.2455,0.0948,SAFE,True,10,0,,,,,,
1771435998.107,0.1,,,,,,,,,,,,,,,0.0948,SAFE,,10,,t1737_0,0.34,NORMAL,LOCAL,SAFE: all tasks permitted (weight=0.34),
1771435998.107,0.1,49.77,4.7788,1.011,29.4,3,-42009.472,-32.70962,0.01954,0.0000,0.0000,0.3238,0.0000,0.1954,0.2505,0.1117,CRITICAL,True,10,0,,,,,,
1771435998.107,0.1,49.63,4.7973,0.985,27.5,3,-36193.598,-1.92523,0.01898,0.0000,0.0000,0.2396,0.0000,0.1898,0.2375,0.0976,CRITICAL,True,10,0,,,,,,window_reset|B=10
1771435998.107,0.1,50.14,4.7863,0.961,25.8,2,40007.418,-51.83707,0.01803,0.0000,0.0000,0.2895,0.0000,0.1803,0.2105,0.0978,CRITICAL,True,10,0,,,,,,
1771435998.107,0.1,,,,,,,,,,,,,,,0.0978,SAFE,,10,,t1740_0,0.33,HIGH,LOCAL,SAFE: all tasks permitted (weight=0.33),
1771435998.107,0.1,49.78,4.8078,0.973,26.6,2,-8985.668,-32.83402,0.01756,0.0000,0.0000,0.1917,0.0000,0.1756,0.2163,0.0858,SAFE,True,10,0,,,,,,
1771435998.107,0.1,,,,,,,,,,,,,,,0.0858,SAFE,,10,,t1741_0,0.75,HIGH,LOCAL,SAFE: all tasks permitted (weight=0.75),
1771435998.107,0.1,49.33,4.7888,1.026,30.4,3,-51105.177,-13.34397,0.01796,0.0000,0.0000,0.2781,0.0000,0.1796,0.2580,0.1057,CRITICAL,True,10,0,,,,,,
1771435998.107,0.1,49.77,4.8264,0.999,28.5,3,15558.044,30.51080,0.01903,0.0000,0.0000,0.1071,0.0000,0.1903,0.2445,0.0819,SAFE,True,10,0,,,,,,
1771435998.107,0.1,48.98,4.7910,0.974,26.7,2,,,0.01654,0.0000,0.0000,0.2680,0.0000,0.1654,0.2170,0.0948,CRITICAL,True,10,0,,,,,,
1771435998.107,0.1,49.82,4.8077,0.951,25.1,2,,,0.01186,0.0000,0.0000,0.1922,0.0000,0.1186,0.2054,0.0779,SAFE,True,10,0,,,,,,
1771435998.107,0.1,49.36,4.8272,0.929,23.5,2,,,0.01426,0.0000,0.0000,0.1036,0.0000,0.1426,0.1946,0.0667,SAFE,True,10,0,,,,,,
1771435998.107,0.1,,,,,,,,,,,,,,,0.0667,SAFE,,10,,t1746_0,0.59,LOW,LOCAL,SAFE: all tasks permitted (weight=0.59),
1771435998.107,0.1,49.70,4.8079,0.969,26.4,2,,,0.01432,0.0000,0.0000,0.1912,0.0000,0.1432,0.2147,0.0821,SAFE,True,10,0,,,,,,
1771435998.107,0.1,,,,,,,,,,,,,,,0.0821,SAFE,,10,,t1747_0,0.20,HIGH,LOCAL,SAFE: all tasks permitted (weight=0.20),
1771435998.107,0.1,49.28,4.8263,0.968,26.3,2,,,0.01575,0.0000,0.0000,0.1078,0.0000,0.1575,0.2138,0.0725,SAFE,True,10,0,,,,,,
1771435998.107,0.1,,,,,,,,,,,,,,,0.0725,SAFE,,10,,t1748_0,0.27,NORMAL,LOCAL,SAFE: all tasks permitted (weight=0.27),
1771435998.107,0.1,49.77,4.8177,0.973,26.6,2,,,0.01619,0.0000,0.0000,0.1469,0.0000,0.1619,0.2164,0.0786,SAFE,True,10,0,,,,,,
1771435998.107,0.1,48.89,4.8423,0.950,25.0,2,,,0.01702,0.0000,0.0000,0.0350,0.0000,0.1702,0.2049,0.0625,SAFE,True,10,0,,,,,,
1771435998.107,0.1,49.24,4.8487,0.928,23.4,2,,,0.01944,0.0000,0.0000,0.0057,0.0000,0.1944,0.1941,0.0590,SAFE,True,10,0,,,,,,
1771435998.107,0.1,48.98,4.8431,0.908,22.0,2,,,0.01882,0.0000,0.0000,0.0313,0.0000,0.1882,0.1841,0.0597,SAFE,True,10,0,,,,,,
1771435998.107,0.1,,,,,,,,,,,,,,,0.0597,SAFE,,10,,t1752_0,0.81,CRITICAL,LOCAL,SAFE: all tasks permitted (weight=0.81),
1771435998.107,0.1,48.65,4.8013,0.973,26.7,2,,,0.01924,0.0000,0.0000,0.2215,0.0000,0.1924,0.2166,0.0914,SAFE,True,10,0,,,,,,
1771435998.107,0.1,,,,,,,,,,,,,,,0.0914,SAFE,,10,,t1753_0,0.54,NORMAL,LOCAL,SAFE: all tasks permitted (weight=0.54),
1771435998.107,0.1,49.20,4.8153,1.006,29.0,3,,,0.01704,0.0000,0.0000,0.1578,0.0000,0.1704,0.2479,0.0871,SAFE,True,10,0,,,,,,window_reset|B=10
1771435998.107,0.1,,,,,,,,,,,,,,,0.0871,SAFE,,10,,t1754_0,0.67,NORMAL,LOCAL,SAFE: all tasks permitted (weight=0.67),
1771435998.107,0.1,,,,,,,,,,,,,,,0.0871,SAFE,,10,,t1754_1,0.78,CRITICAL,LOCAL,SAFE: all tasks permitted (weight=0.78),
1771435998.107,0.1,49.33,4.7520,1.130,37.8,4,,,0.02548,0.0000,0.0000,0.4454,0.0000,0.2548,0.3248,0.1483,CRITICAL,True,10,0,,,,,,
1771435998.107,0.1,,,,,,,,,,,,,,,0.1483,SAFE,,10,,t1755_0,0.65,NORMAL,LOCAL,SAFE: all tasks permitted (weight=0.65),
1771435998.107,0.1,49.33,4.7412,1.163,40.2,4,,,0.03222,0.0000,0.0000,0.4945,0.0000,0.3222,0.3413,0.1648,CRITICAL,True,10,0,,,,,,
1771435998.107,0.1,,,,,,,,,,,,,,,0.1648,SAFE,,10,,t1756_0,0.80,LOW,LOCAL,SAFE: all tasks permitted (weight=0.80),
1771435998.107,0.1,50.11,4.7409,1.209,43.5,5,,,0.03762,0.0000,0.0000,0.4960,0.0000,0.3762,0.3795,0.1780,CRITICAL,True,10,0,,,,,,
1771435998.107,0.1,48.96,4.7742,1.169,40.7,4,,,0.03790,0.0000,0.0000,0.3444,0.0000,0.3790,0.3446,0.1516,CRITICAL,True,10,0,,,,,,
1771435998.107,0.1,49.73,4.7438,1.132,38.0,4,,,0.04093,0.0000,0.0000,0.4827,0.0000,0.4093,0.3262,0.1689,CRITICAL,True,10,0,,,,,,
1771435998.107,0.1,50.11,4.7435,1.098,35.6,4,,,0.04213,0.0000,0.0000,0.4842,0.0000,0.4213,0.3090,0.1669,CRITICAL,True,10,0,,,,,,
1771435998.107,0.1,,,,,,,,,,,,,,,0.1669,SAFE,,10,,t1760_0,0.40,LOW,LOCAL,SAFE: all tasks permitted (weight=0.40),
1771435998.107,0.1,50.26,4.7893,1.107,36.2,4,,,0.04122,0.0000,0.0000,0.2758,0.0000,0.4122,0.3136,0.1398,CRITICAL,True,10,0,,,,,,
1771435998.107,0.1,49.89,4.7835,1.075,33.9,3,,,0.03761,0.0000,0.0000,0.3021,0.0000,0.3761,0.2823,0.1333,CRITICAL,True,10,0,,,,,,
1771435998.107,0.1,,,,,,,,,,,,,,,0.1333,SAFE,,10,,t1762_0,0.36,LOW,LOCAL,SAFE: all tasks permitted (weight=0.36),
1771435998.107,0.1,49.91,4.7598,1.081,34.4,3,,,0.03195,0.0000,0.0000,0.4098,0.0000,0.3195,0.2856,0.1424,CRITICAL,True,10,0,,,,,,
1771435998.107,0.1,50.28,4.8072,1.050,32.2,3,,,0.02656,0.0000,0.0000,0.1947,0.0000,0.2656,0.2702,0.1059,SAFE,True,10,0,,,,,,
1771435998.107,0.1,49.97,4.7885,1.022,30.1,3,,,0.02557,0.0000,0.0000,0.2794,0.0000,0.2557,0.2559,0.1131,CRITICAL,True,10,0,,,,,,
1771435998.107,0.1,49.78,4.7892,0.995,28.2,3,,,0.02255,0.0000,0.0000,0.2763,0.0000,0.2255,0.2426,0.1070,CRITICAL,True,10,0,,,,,,
1771435998.107,0.1,49.69,4.8117,0.971,26.5,2,,,0.02498,0.0000,0.0000,0.1742,0.0000,0.2498,0.2153,0.0907,SAFE,True,10,0,,,,,,
1771435998.107,0.1,49.97,4.7655,0.948,24.8,2,,,0.02327,0.0000,0.0000,0.3842,0.0000,0.2327,0.2038,0.1140,CRITICAL,True,10,0,,,,,,
1771435998.107,0.1,,,,,,,,,,,,,,,0.1140,SAFE,,10,,t1768_0,0.49,NORMAL,LOCAL,SAFE: all tasks permitted (weight=0.49),
1771435998.107,0.1,50.08,4.7862,0.977,26.9,2,,,0.02103,0.0000,0.0000,0.2902,0.0000,0.2103,0.2186,0.1025,CRITICAL,True,10,0,,,,,,window_reset|B=10
1771435998.108,0.1,50.05,4.8085,0.954,25.3,2,9209.560,24.97302,0.02253,0.0000,0.0000,0.1885,0.0000,0.2253,0.2068,0.0884,SAFE,True,10,0,,,,,,
1771435998.108,0.1,49.81,4.7762,0.932,23.7,2,-5682.559,16.32089,0.01961,0.0000,0.0000,0.3356,0.0000,0.1961,0.1959,0.1024,CRITICAL,True,10,0,,,,,,
1771435998.108,0.1,49.38,4.8029,0.912,22.3,2,-53534.360,-4.24038,0.01588,0.0000,0.0000,0.2139,0.0000,0.1588,0.1858,0.0808,SAFE,True,10,0,,,,,,
1771435998.108,0.1,,,,,,,,,,,,,,,0.0808,SAFE,,10,,t1772_0,0.65,LOW,LOCAL,SAFE: all tasks permitted (weight=0.65),
1771435998.108,0.1,49.95,4.8172,0.960,25.7,2,-1257.044,28.69092,0.01769,0.0000,0.0000,0.1490,0.0000,0.1769,0.2099,0.0790,SAFE,True,10,0,,,,,,
1771435998.108,0.1,,,,,,,,,,,,,,,0.0790,SAFE,,10,,t1773_0,0.73,LOW,LOCAL,SAFE: all tasks permitted (weight=0.73),
1771435998.108,0.1,49.33,4.8009,1.013,29.5,3,-26828.272,11.70969,0.01770,0.0000,0.0000,0.2230,0.0000,0.1770,0.2514,0.0970,SAFE,True,10,0,,,,,,
1771435998.108,0.1,49.63,4.7849,0.987,27.6,3,-3792.593,-26.77251,0.01495,0.0000,0.0000,0.2959,0.0000,0.1495,0.2384,0.1011,CRITICAL,True,10,0,,,,,,
1771435998.108,0.1,49.68,4.7966,0.963,25.9,2,-16925.582,31.14986,0.01451,0.0000,0.0000,0.2426,0.0000,0.1451,0.2113,0.0883,CRITICAL,True,10,0,,,,,,
1771435998.108,0.1,,,,,,,,,,,,,,,0.0883,SAFE,,10,,t1776_0,0.48,NORMAL,LOCAL,SAFE: all tasks permitted (weight=0.48),
1771435998.108,0.1,50.03,4.7889,0.989,27.8,3,-2939.524,2.68789,0.01450,0.0000,0.0000,0.2779,0.0000,0.1450,0.2397,0.0986,CRITICAL,True,10,0,,,,,,
1771435998.108,0.1,,,,,,,,,,,,,,,0.0986,SAFE,,10,,t1777_0,0.47,LOW,LOCAL,SAFE: all tasks permitted (weight=0.47),
1771435998.108,0.1,,,,,,,,,,,,,,,0.0986,SAFE,,10,,t1777_1,0.81,CRITICAL,LOCAL,SAFE: all tasks permitted (weight=0.81),
1771435998.108,0.1,49.59,4.7683,1.097,35.5,4,,,0.01614,0.0000,0.0000,0.3712,0.0000,0.1614,0.3087,0.1261,CRITICAL,True,10,0,,,,,,
1771435998.108,0.1,,,,,,,,,,,,,,,0.1261,SAFE,,10,,t1778_0,0.43,LOW,LOCAL,SAFE: all tasks permitted (weight=0.43),
1771435998.108,0.1,49.84,4.7727,1.110,36.5,4,,,0.01583,0.0000,0.0000,0.3513,0.0000,0.1583,0.3152,0.1245,CRITICAL,True,10,0,,,,,,
1771435998.108,0.1,,,,,,,,,,,,,,,0.1245,SAFE,,10,,t1779_0,0.49,NORMAL,LOCAL,SAFE: all tasks permitted (weight=0.49),
1771435998.108,0.1,50.06,4.7347,1.129,37.8,4,,,0.02108,0.0000,0.0000,0.5243,0.0000,0.2108,0.3243,0.1541,CRITICAL,True,10,0,,,,,,
1771435998.108,0.1,50.30,4.7828,1.095,35.3,4,,,0.02111,0.0000,0.0000,0.3055,0.0000,0.2111,0.3073,0.1223,CRITICAL,True,10,0,,,,,,
1771435998.108,0.1,,,,,,,,,,,,,,,0.1223,SAFE,,10,,t1781_0,0.71,NORMAL,LOCAL,SAFE: all tasks permitted (weight=0.71),
1771435998.108,0.1,50.09,4.7703,1.137,38.3,4,,,0.02037,0.0000,0.0000,0.3622,0.0000,0.2037,0.3284,0.1331,CRITICAL,True,10,0,,,,,,
1771435998.108,0.1,,,,,,,,,,,,,,,0.1331,SAFE,,10,,t1782_0,0.38,NORMAL,LOCAL,SAFE: all tasks permitted (weight=0.38),
1771435998.108,0.1,50.28,4.7551,1.141,38.7,4,,,0.02175,0.0000,0.0000,0.4315,0.0000,0.2175,0.3307,0.1440,CRITICAL,True,10,0,,,,,,
1771435998.108,0.1,50.52,4.7920,1.106,36.2,4,,,0.02104,0.0000,0.0000,0.2635,0.0000,0.2104,0.3132,0.1179,CRITICAL,True,10,0,,,,,,window_reset|B=10
1771435998.108,0.1,,,,,,,,,,,,,,,0.1179,SAFE,,10,,t1784_0,0.23,LOW,LOCAL,SAFE: all tasks permitted (weight=0.23),
1771435998.108,0.1,49.89,4.7831,1.098,35.5,4,,,0.01795,0.0000,0.0000,0.3039,0.0000,0.1795,0.3088,0.1192,CRITICAL,True,10,0,,,,,,
1771435998.108,0.1,,,,,,,,,,,,,,,0.1192,SAFE,,10,,t1785_0,0.59,HIGH,LOCAL,SAFE: all tasks permitted (weight=0.59),
1771435998.108,0.1,50.40,4.7395,1.127,37.7,4,,,0.01925,0.0000,0.0000,0.5021,0.0000,0.1925,0.3237,0.1493,CRITICAL,True,10,0,,,,,,
1771435998.108,0.1,,,,,,,,,,,,,,,0.1493,SAFE,,10,,t1786_0,0.32,LOW,LOCAL,SAFE: all tasks permitted (weight=0.32),
1771435998.108,0.1,50.79,4.7471,1.127,37.6,4,,,0.02003,0.0000,0.0000,0.4677,0.0000,0.2003,0.3234,0.1455,CRITICAL,True,10,0,,,,,,
1771435998.108,0.1,,,,,,,,,,,,,,,0.1455,SAFE,,10,,t1787_0,0.50,NORMAL,LOCAL,SAFE: all tasks permitted (weight=0.50),
1771435998.108,0.1,51.15,4.7949,1.145,38.9,4,,,0.01983,0.0000,0.0000,0.2506,0.0000,0.1983,0.3326,0.1189,CRITICAL,True,10,0,,,,,,
1771435998.108,0.1,,,,,,,,,,,,,,,0.1189,SAFE,,10,,t1788_0,0.46,NORMAL,LOCAL,SAFE: all tasks permitted (weight=0.46),
1771435998.108,0.1,,,,,,,,,,,,,,,0.1189,SAFE,,10,,t1788_1,0.63,LOW,LOCAL,SAFE: all tasks permitted (weight=0.63),
1771435998.108,0.1,49.97,4.7361,1.223,44.5,5,,,0.02080,0.0000,0.0000,0.5178,0.0000,0.2080,0.3864,0.1654,CRITICAL,True,10,0,,,,,,
1771435998.108,0.1,,,,,,,,,,,,,,,0.1654,SAFE,,10,,t1789_0,0.75,LOW,LOCAL,SAFE: all tasks permitted (weight=0.75),
1771435998.108,0.1,51.17,4.7467,1.261,47.2,5,,,0.02134,0.0000,0.0000,0.4696,0.0000,0.2134,0.4053,0.1634,CRITICAL,True,10,0,,,,,,
1771435998.108,0.1,51.45,4.7700,1.217,44.1,5,,,0.02125,0.0000,0.0000,0.3634,0.0000,0.2125,0.3836,0.1452,CRITICAL,True,10,0,,,,,,
1771435998.108,0.1,51.14,4.7192,1.177,41.2,4,,,0.02328,0.0000,0.0000,0.5945,0.0000,0.2328,0.3485,0.1703,CRITICAL,True,10,0,,,,,,
1771435998.108,0.1,,,,,,,,,,,,,,,0.1703,SAFE,,10,,t1792_0,0.59,NORMAL,LOCAL,SAFE: all tasks permitted (weight=0.59),
1771435998.108,0.1,51.75,4.7585,1.201,42.9,4,,,0.02237,0.0000,0.0000,0.4161,0.0000,0.2237,0.3606,0.1486,CRITICAL,True,10,0,,,,,,
1771435998.108,0.1,51.70,4.7160,1.162,40.1,4,,,0.02503,0.0000,0.0000,0.6090,0.0000,0.2503,0.3410,0.1724,CRITICAL,True,10,0,,,,,,
1771435998.108,0.1,,,,,,,,,,,,,,,0.1724,SAFE,,10,,t1794_0,0.51,LOW,LOCAL,SAFE: all tasks permitted (weight=0.51),
1771435998.108,0.1,51.49,4.7689,1.179,41.3,4,,,0.02533,0.0000,0.0000,0.3687,0.0000,0.2533,0.3494,0.1431,CRITICAL,True,10,0,,,,,,
1771435998.108,0.1,52.27,4.7912,1.141,38.7,4,,,0.02524,0.0000,0.0000,0.2671,0.0000,0.2524,0.3306,0.1261,CRITICAL,True,10,0,,,,,,
1771435998.108,0.1,52.23,4.7588,1.106,36.2,4,,,0.02391,0.0000,0.0000,0.4147,0.0000,0.2391,0.3131,0.1404,CRITICAL,True,10,0,,,,,,
1771435998.108,0.1,52.38,4.7704,1.074,33.8,3,,,0.02389,0.0000,0.0000,0.3618,0.0000,0.2389,0.2819,0.1273,CRITICAL,True,10,0,,,,,,
1771435998.108,0.1,52.28,4.7731,1.044,31.7,3,,,0.02412,0.0000,0.0000,0.3496,0.0000,0.2412,0.2668,0.1229,CRITICAL,True,10,0,,,,,,window_reset|B=10
1771435998.108,0.1,51.23,4.8124,1.015,29.7,3,,,0.02667,0.0000,0.0000,0.1708,0.0000,0.2667,0.2527,0.0994,SAFE,True,10,0,,,,,,
1771435998.108,0.1,,,,,,,,,,,,,,,0.0994,SAFE,,10,,t1800_0,0.49,LOW,LOCAL,SAFE: all tasks permitted (weight=0.49),
1771435998.108,0.1,,,,,,,,,,,,,,,0.0994,SAFE,,10,,t1800_1,0.44,HIGH,LOCAL,SAFE: all tasks permitted (weight=0.44),
1771435998.108,0.1,,,,,,,,,,,,,,,0.0994,SAFE,,10,,t1800_2,0.57,NORMAL,LOCAL,SAFE: all tasks permitted (weight=0.57),
1771435998.109,0.1,51.80,4.7716,1.145,39.0,4,2790.718,13.17678,0.02579,0.0000,0.0000,0.3562,0.0000,0.2579,0.3327,0.1386,CRITICAL,True,10,0,,,,,,
1771435998.109,0.1,51.79,4.7503,1.110,36.4,4,5675.100,34.26927,0.02562,0.0000,0.0000,0.4531,0.0000,0.2562,0.3151,0.1475,CRITICAL,True,10,0,,,,,,
1771435998.109,0.1,51.96,4.7440,1.077,34.1,3,28436.758,-24.83114,0.02606,0.0000,0.0000,0.4816,0.0000,0.2606,0.2837,0.1454,CRITICAL,True,10,0,,,,,,
1771435998.109,0.1,,,,,,,,,,,,,,,0.1454,SAFE,,10,,t1803_0,0.46,CRITICAL,LOCAL,SAFE: all tasks permitted (weight=0.46),
1771435998.109,0.1,52.08,4.7883,1.095,35.3,4,-11842.283,-2.96729,0.02366,0.0000,0.0000,0.2806,0.0000,0.2366,0.3073,0.1216,CRITICAL,True,10,0,,,,,,
1771435998.109,0.1,,,,,,,,,,,,,,,0.1216,SAFE,,10,,t1804_0,0.82,HIGH,LOCAL,SAFE: all tasks permitted (weight=0.82),
1771435998.109,0.1,52.22,4.7801,1.148,39.1,4,-546.773,21.36805,0.02377,0.0000,0.0000,0.3175,0.0000,0.2377,0.3340,0.1318,CRITICAL,True,10,0,,,,,,
1771435998.109,0.1,,,,,,,,,,,,,,,0.1318,SAFE,,10,,t1805_0,0.51,LOW,LOCAL,SAFE: all tasks permitted (weight=0.51),
1771435998.109,0.1,52.18,4.7481,1.165,40.4,4,-12036.203,-22.33327,0.01903,0.0000,0.0000,0.4634,0.0000,0.1903,0.3427,0.1478,CRITICAL,True,10,0,,,,,,
1771435998.109,0.1,,,,,,,,,,,,,,,0.1478,SAFE,,10,,t1806_0,0.38,HIGH,LOCAL,SAFE: all tasks permitted (weight=0.38),
1771435998.109,0.1,52.51,4.7635,1.169,40.6,4,13973.892,-9.58669,0.01914,0.0000,0.0000,0.3932,0.0000,0.1914,0.3443,0.1391,CRITICAL,True,10,0,,,,,,
1771435998.109,0.1,,,,,,,,,,,,,,,0.1391,SAFE,,10,,t1807_0,0.37,NORMAL,LOCAL,SAFE: all tasks permitted (weight=0.37),
1771435998.109,0.1,52.30,4.7629,1.170,40.7,4,64197.822,-49.46759,0.01823,0.0000,0.0000,0.3958,0.0000,0.1823,0.3451,0.1387,CRITICAL,True,10,0,,,,,,
1771435998.109,0.1,52.99,4.7869,1.133,38.1,4,,,0.01861,0.0000,0.0000,0.2869,0.0000,0.1861,0.3266,0.1212,CRITICAL,True,10,0,,,,,,
1771435998.109,0.1,,,,,,,,,,,,,,,0.1212,SAFE,,10,,t1809_0,0.22,LOW,LOCAL,SAFE: all tasks permitted (weight=0.22),
1771435998.109,0.1,,,,,,,,,,,,,,,0.1212,SAFE,,10,,t1809_1,0.40,NORMAL,LOCAL,SAFE: all tasks permitted (weight=0.40),
1771435998.109,0.1,52.85,4.7069,1.163,40.2,4,,,0.02571,0.0000,0.0000,0.6506,0.0000,0.2571,0.3417,0.1786,CRITICAL,True,10,0,,,,,,
1771435998.109,0.1,52.48,4.7509,1.127,37.6,4,,,0.02591,0.0000,0.0000,0.4506,0.0000,0.2591,0.3234,0.1492,CRITICAL,True,10,0,,,,,,
1771435998.109,0.1,52.82,4.7931,1.093,35.2,4,,,0.02331,0.0000,0.0000,0.2586,0.0000,0.2331,0.3065,0.1182,CRITICAL,True,10,0,,,,,,
1771435998.109,0.1,,,,,,,,,,,,,,,0.1182,SAFE,,10,,t1812_0,0.33,LOW,LOCAL,SAFE: all tasks permitted (weight=0.33),
1771435998.109,0.1,51.81,4.7505,1.096,35.4,4,,,0.02333,0.0000,0.0000,0.4522,0.0000,0.2333,0.3078,0.1437,CRITICAL,True,10,0,,,,,,
1771435998.109,0.1,,,,,,,,,,,,,,,0.1437,SAFE,,10,,t1813_0,0.54,NORMAL,LOCAL,SAFE: all tasks permitted (weight=0.54),
1771435998.109,0.1,52.48,4.7489,1.120,37.2,4,,,0.02338,0.0000,0.0000,0.4594,0.0000,0.2338,0.3201,0.1471,CRITICAL,True,10,0,,,,,,window_reset|B=10
1771435998.109,0.1,52.94,4.7624,1.087,34.8,3,,,0.02286,0.0000,0.0000,0.3981,0.0000,0.2286,0.2883,0.1323,CRITICAL,True,10,0,,,,,,
1771435998.109,0.1,52.46,4.8032,1.056,32.5,3,,,0.02460,0.0000,0.0000,0.2127,0.0000,0.2460,0.2728,0.1068,SAFE,True,10,0,,,,,,
1771435998.109,0.1,,,,,,,,,,,,,,,0.1068,SAFE,,10,,t1816_0,0.73,HIGH,LOCAL,SAFE: all tasks permitted (weight=0.73),
1771435998.109,0.1,52.56,4.7519,1.103,35.9,4,,,0.02421,0.0000,0.0000,0.4459,0.0000,0.2421,0.3116,0.1445,CRITICAL,True,10,0,,,,,,
1771435998.109,0.1,,,,,,,,,,,,,,,0.1445,SAFE,,10,,t1817_0,0.66,HIGH,LOCAL,SAFE: all tasks permitted (weight=0.66),
1771435998.109,0.1,53.04,4.7741,1.140,38.6,4,,,0.02414,0.0000,0.0000,0.3448,0.0000,0.2414,0.3299,0.1349,CRITICAL,True,10,0,,,,,,
1771435998.109,0.1,52.54,4.7748,1.105,36.1,4,,,0.02436,0.0000,0.0000,0.3418,0.0000,0.2436,0.3125,0.1313,CRITICAL,True,10,0,,,,,,
1771435998.109,0.1,52.54,4.7993,1.073,33.8,3,,,0.02625,0.0000,0.0000,0.2302,0.0000,0.2625,0.2813,0.1124,CRITICAL,True,10,0,,,,,,
1771435998.109,0.1,,,,,,,,,,,,,,,0.1124,SAFE,,10,,t1820_0,0.34,NORMAL,LOCAL,SAFE: all tasks permitted (weight=0.34),
1771435998.109,0.1,52.93,4.7653,1.078,34.1,3,,,0.02555,0.0000,0.0000,0.3850,0.0000,0.2555,0.2839,0.1324,CRITICAL,True,10,0,,,,,,
1771435998.109,0.1,52.34,4.7860,1.047,31.9,3,,,0.01905,0.0000,0.0000,0.2909,0.0000,0.1905,0.2686,0.1106,CRITICAL,True,10,0,,,,,,
1771435998.109,0.1,52.52,4.8207,1.019,29.9,3,,,0.02220,0.0000,0.0000,0.1332,0.0000,0.2220,0.2544,0.0904,SAFE,True,10,0,,,,,,
1771435998.109,0.1,,,,,,,,,,,,,,,0.0904,SAFE,,10,,t1823_0,0.67,NORMAL,LOCAL,SAFE: all tasks permitted (weight=0.67),
1771435998.109,0.1,52.37,4.7730,1.063,33.1,3,,,0.02172,0.0000,0.0000,0.3502,0.0000,0.2172,0.2764,0.1225,CRITICAL,True,10,0,,,,,,
1771435998.109,0.1,,,,,,,,,,,,,,,0.1225,SAFE,,10,,t1824_0,0.66,LOW,LOCAL,SAFE: all tasks permitted (weight=0.66),
1771435998.109,0.1,52.22,4.7627,1.102,35.9,4,,,0.02077,0.0000,0.0000,0.3969,0.0000,0.2077,0.3112,0.1346,CRITICAL,True,10,0,,,,,,
1771435998.109,0.1,52.54,4.7719,1.070,33.6,3,,,0.01910,0.0000,0.0000,0.3551,0.0000,0.1910,0.2801,0.1213,CRITICAL,True,10,0,,,,,,
1771435998.109,0.1,52.76,4.7760,1.040,31.4,3,,,0.01849,0.0000,0.0000,0.3362,0.0000,0.1849,0.2651,0.1152,CRITICAL,True,10,0,,,,,,
1771435998.109,0.1,52.07,4.7573,1.012,29.5,3,,,0.01802,0.0000,0.0000,0.4213,0.0000,0.1802,0.2512,0.1230,CRITICAL,True,10,0,,,,,,
1771435998.109,0.1,51.46,4.7990,0.986,27.6,3,,,0.01744,0.0000,0.0000,0.2317,0.0000,0.1744,0.2382,0.0952,CRITICAL,True,10,0,,,,,,window_reset|B=10
1771435998.109,0.1,,,,,,,,,,,,,,,0.0952,SAFE,,10,,t1829_0,0.56,LOW,LOCAL,SAFE: all tasks permitted (weight=0.56),
1771435998.109,0.1,51.57,4.8079,1.022,30.1,3,,,0.01893,0.0000,0.0000,0.1915,0.0000,0.1893,0.2558,0.0950,SAFE,True,10,0,,,,,,
1771435998.109,0.1,,,,,,,,,,,,,,,0.0950,SAFE,,10,,t1830_0,0.63,NORMAL,LOCAL,SAFE: all tasks permitted (weight=0.63),
1771435998.109,0.1,,,,,,,,,,,,,,,0.0950,SAFE,,10,,t1830_1,0.26,HIGH,LOCAL,SAFE: all tasks permitted (weight=0.26),
1771435998.109,0.1,52.20,4.6069,1.089,34.9,3,,,0.05231,0.0000,0.0000,1.0000,0.0000,0.5231,0.2894,0.2402,CRITICAL,True,10,0,,,,,,FAILURE:BROWNOUT(V=4.607V)
1771435998.109,0.1,52.24,4.7592,1.058,32.7,3,,,0.05153,0.0000,0.0000,0.4129,0.0000,0.5153,0.2738,0.1600,CRITICAL,True,10,0,,,,,,
1771435998.109,0.1,,,,,,,,,,,,,,,0.1600,SAFE,,10,,t1832_0,0.68,HIGH,LOCAL,SAFE: all tasks permitted (weight=0.68),
1771435998.110,0.1,52.38,4.7622,1.100,35.7,4,9595.521,-0.47000,0.05154,0.0000,0.0000,0.3991,0.0000,0.5154,0.3101,0.1654,CRITICAL,True,10,0,,,,,,
1771435998.110,0.1,51.76,4.7955,1.068,33.4,3,-46688.501,23.65027,0.05192,0.0000,0.0000,0.2476,0.0000,0.5192,0.2790,0.1399,CRITICAL,True,10,0,,,,,,
1771435998.110,0.1,52.37,4.8014,1.038,31.3,3,-23016.698,25.40970,0.05048,0.0000,0.0000,0.2207,0.0000,0.5048,0.2641,0.1320,SAFE,True,10,0,,,,,,
1771435998.110,0.1,,,,,,,,,,,,,,,0.1320,SAFE,,10,,t1835_0,0.22,NORMAL,LOCAL,SAFE: all tasks permitted (weight=0.22),
1771435998.110,0.1,52.30,4.8003,1.034,31.0,3,13933.409,43.02009,0.05143,0.0000,0.0000,0.2257,0.0000,0.5143,0.2619,0.1331,SAFE,True,10,0,,,,,,
1771435998.110,0.1,51.83,4.7888,1.006,29.0,3,21927.465,-10.18251,0.05177,0.0000,0.0000,0.2780,0.0000,0.5177,0.2482,0.1375,CRITICAL,True,10,0,,,,,,
1771435998.110,0.1,,,,,,,,,,,,,,,0.1375,SAFE,,10,,t1837_0,0.48,NORMAL,LOCAL,SAFE: all tasks permitted (weight=0.48),
1771435998.110,0.1,51.75,4.7987,1.032,30.8,3,10409.794,-9.12947,0.05242,0.0000,0.0000,0.2330,0.0000,0.5242,0.2608,0.1349,CRITICAL,True,10,0,,,,,,
1771435998.110,0.1,52.16,4.7828,1.004,28.9,3,-2559.405,175.92457,0.05251,0.0000,0.0000,0.3054,0.0000,0.5251,0.2472,0.1416,CRITICAL,True,10,0,,,,,,
1771435998.110,0.1,52.09,4.8189,0.979,27.1,3,-8956.781,59.77527,0.05385,0.0000,0.0000,0.1412,0.0000,0.5385,0.2345,0.1191,SAFE,True,10,0,,,,,,
1771435998.110,0.1,51.72,4.8224,0.955,25.4,2,,,0.05503,0.0000,0.0000,0.1252,0.0000,0.5503,0.2077,0.1128,SAFE,True,10,0,,,,,,
1771435998.110,0.1,51.17,4.8089,0.933,23.8,2,,,0.05508,0.0000,0.0000,0.1868,0.0000,0.5508,0.1967,0.1187,SAFE,True,10,0,,,,,,
1771435998.110,0.1,,,,,,,,,,,,,,,0.1187,SAFE,,10,,t1842_0,0.36,HIGH,LOCAL,SAFE: all tasks permitted (weight=0.36),
1771435998.110,0.1,,,,,,,,,,,,,,,0.1187,SAFE,,10,,t1842_1,0.25,NORMAL,LOCAL,SAFE: all tasks permitted (weight=0.25),
1771435998.110,0.1,51.12,4.8031,0.977,26.9,2,,,0.01874,0.0000,0.0000,0.2133,0.0000,0.1874,0.2184,0.0901,SAFE,True,10,0,,,,,,
1771435998.110,0.1,,,,,,,,,,,,,,,0.0901,SAFE,,10,,t1843_0,0.48,NORMAL,LOCAL,SAFE: all tasks permitted (weight=0.48),
1771435998.110,0.1,51.48,4.7813,1.004,28.9,3,,,0.01599,0.0000,0.0000,0.3125,0.0000,0.1599,0.2472,0.1061,CRITICAL,True,10,0,,,,,,window_reset|B=10
1771435998.110,0.1,51.33,4.8073,0.979,27.1,3,,,0.01222,0.0000,0.0000,0.1942,0.0000,0.1222,0.2345,0.0844,SAFE,True,10,0,,,,,,
1771435998.110,0.1,51.27,4.8156,0.955,25.4,2,,,0.01275,0.0000,0.0000,0.1562,0.0000,0.1275,0.2077,0.0746,SAFE,True,10,0,,,,,,
1771435998.110,0.1,,,,,,,,,,,,,,,0.0746,SAFE,,10,,t1846_0,0.61,NORMAL,LOCAL,SAFE: all tasks permitted (weight=0.61),
1771435998.110,0.1,50.90,4.7830,0.998,28.4,3,,,0.01384,0.0000,0.0000,0.3044,0.0000,0.1384,0.2441,0.1022,CRITICAL,True,10,0,,,,,,
1771435998.110,0.1,,,,,,,,,,,,,,,0.1022,SAFE,,10,,t1847_0,0.29,LOW,LOCAL,SAFE: all tasks permitted (weight=0.29),
1771435998.110,0.1,51.14,4.7909,1.004,28.9,3,,,0.01412,0.0000,0.0000,0.2687,0.0000,0.1412,0.2472,0.0985,CRITICAL,True,10,0,,,,,,
1771435998.110,0.1,,,,,,,,,,,,,,,0.0985,SAFE,,10,,t1848_0,0.64,NORMAL,LOCAL,SAFE: all tasks permitted (weight=0.64),
1771435998.110,0.1,51.09,4.7838,1.046,31.9,3,,,0.01452,0.0000,0.0000,0.3010,0.0000,0.1452,0.2682,0.1073,CRITICAL,True,10,0,,,,,,
1771435998.110,0.1,,,,,,,,,,,,,,,0.1073,SAFE,,10,,t1849_0,0.28,HIGH,LOCAL,SAFE: all tasks permitted (weight=0.28),
1771435998.110,0.1,50.82,4.7677,1.048,32.0,3,,,0.01701,0.0000,0.0000,0.3740,0.0000,0.1701,0.2688,0.1194,CRITICAL,True,10,0,,,,,,
1771435998.110,0.1,,,,,,,,,,,,,,,0.1194,SAFE,,10,,t1850_0,0.76,HIGH,LOCAL,SAFE: all tasks permitted (weight=0.76),
1771435998.110,0.1,51.51,4.7790,1.099,35.7,4,,,0.01731,0.0000,0.0000,0.3225,0.0000,0.1731,0.3097,0.1212,CRITICAL,True,10,0,,,,,,
1771435998.110,0.1,,,,,,,,,,,,,,,0.1212,SAFE,,10,,t1851_0,0.61,LOW,LOCAL,SAFE: all tasks permitted (weight=0.61),
1771435998.110,0.1,51.20,4.7667,1.132,38.0,4,,,0.01776,0.0000,0.0000,0.3785,0.0000,0.1776,0.3258,0.1321,CRITICAL,True,10,0,,,,,,
1771435998.110,0.1,,,,,,,,,,,,,,,0.1321,SAFE,,10,,t1852_0,0.73,LOW,LOCAL,SAFE: all tasks permitted (weight=0.73),
1771435998.110,0.1,51.38,4.7252,1.174,41.0,4,,,0.02349,0.0000,0.0000,0.5671,0.0000,0.2349,0.3472,0.1667,CRITICAL,True,10,0,,,,,,
1771435998.110,0.1,50.91,4.7374,1.137,38.4,4,,,0.02549,0.0000,0.0000,0.5116,0.0000,0.2549,0.3286,0.1577,CRITICAL,True,10,0,,,,,,
1771435998.110,0.1,50.88,4.7693,1.102,35.9,4,,,0.02446,0.0000,0.0000,0.3667,0.0000,0.2446,0.3112,0.1344,CRITICAL,True,10,0,,,,,,
1771435998.110,0.1,,,,,,,,,,,,,,,0.1344,SAFE,,10,,t1855_0,0.48,HIGH,LOCAL,SAFE: all tasks permitted (weight=0.48),
1771435998.110,0.1,51.59,4.7432,1.122,37.3,4,,,0.02594,0.0000,0.0000,0.4853,0.0000,0.2594,0.3208,0.1532,CRITICAL,True,10,0,,,,,,
1771435998.110,0.1,,,,,,,,,,,,,,,0.1532,SAFE,,10,,t1856_0,0.84,LOW,LOCAL,SAFE: all tasks permitted (weight=0.84),
1771435998.110,0.1,52.06,4.7434,1.176,41.2,4,,,0.02478,0.0000,0.0000,0.4846,0.0000,0.2478,0.3482,0.1574,CRITICAL,True,10,0,,,,,,
1771435998.110,0.1,,,,,,,,,,,,,,,0.1574,SAFE,,10,,t1857_0,0.40,LOW,LOCAL,SAFE: all tasks permitted (weight=0.40),
1771435998.110,0.1,52.12,4.7413,1.181,41.5,4,,,0.02086,0.0000,0.0000,0.4942,0.0000,0.2086,0.3507,0.1552,CRITICAL,True,10,0,,,,,,
1771435998.110,0.1,,,,,,,,,,,,,,,0.1552,SAFE,,10,,t1858_0,0.35,LOW,LOCAL,SAFE: all tasks permitted (weight=0.35),
1771435998.110,0.1,52.13,4.7130,1.181,41.5,4,,,0.02349,0.0000,0.0000,0.6227,0.0000,0.2349,0.3503,0.1745,CRITICAL,True,10,0,,,,,,window_reset|B=10
1771435998.110,0.1,,,,,,,,,,,,,,,0.1745,SAFE,,10,,t1859_0,0.32,NORMAL,LOCAL,SAFE: all tasks permitted (weight=0.32),
1771435998.110,0.1,51.74,4.7355,1.177,41.2,4,,,0.02134,0.0000,0.0000,0.5204,0.0000,0.2134,0.3486,0.1587,CRITICAL,True,10,0,,,,,,
1771435998.110,0.1,52.23,4.7744,1.140,38.5,4,,,0.02025,0.0000,0.0000,0.3434,0.0000,0.2025,0.3298,0.1309,CRITICAL,True,10,0,,,,,,
1771435998.110,0.1,51.76,4.7615,1.105,36.1,4,,,0.01986,0.0000,0.0000,0.4023,0.0000,0.1986,0.3124,0.1346,CRITICAL,True,10,0,,,,,,
1771435998.110,0.1,52.19,4.7803,1.072,33.7,3,,,0.02001,0.0000,0.0000,0.3170,0.0000,0.2001,0.2812,0.1175,CRITICAL,True,10,0,,,,,,
1771435998.110,0.1,51.63,4.7655,1.042,31.6,3,,,0.01993,0.0000,0.0000,0.3839,0.0000,0.1993,0.2661,0.1231,CRITICAL,True,10,0,,,,,,
1771435998.110,0.1,,,,,,,,,,,,,,,0.1231,SAFE,,10,,t1864_0,0.83,NORMAL,LOCAL,SAFE: all tasks permitted (weight=0.83),
1771435998.110,0.1,52.02,4.7693,1.103,35.9,4,,,0.01923,0.0000,0.0000,0.3669,0.0000,0.1923,0.3114,0.1292,CRITICAL,True,10,0,,,,,,
1771435998.111,0.1,,,,,,,,,,,,,,,0.1292,SAFE,,10,,t1865_0,0.66,LOW,LOCAL,SAFE: all tasks permitted (weight=0.66),
1771435998.111,0.1,52.49,4.7742,1.140,38.6,4,22184.824,33.46297,0.01946,0.0000,0.0000,0.3444,0.0000,0.1946,0.3301,0.1303,CRITICAL,True,10,0,,,,,,
1771435998.111,0.1,,,,,,,,,,,,,,,0.1303,SAFE,,10,,t1866_0,0.79,NORMAL,LOCAL,SAFE: all tasks permitted (weight=0.79),
1771435998.111,0.1,51.76,4.7635,1.189,42.1,4,-22206.913,51.30738,0.01919,0.0000,0.0000,0.3930,0.0000,0.1919,0.3547,0.1412,CRITICAL,True,10,0,,,,,,
1771435998.111,0.1,52.24,4.7415,1.151,39.4,4,30219.964,6.02745,0.01929,0.0000,0.0000,0.4934,0.0000,0.1929,0.3356,0.1505,CRITICAL,True,10,0,,,,,,
1771435998.111,0.1,52.04,4.7619,1.115,36.8,4,-11951.550,-12.76191,0.01902,0.0000,0.0000,0.4006,0.0000,0.1902,0.3177,0.1346,CRITICAL,True,10,0,,,,,,
1771435998.111,0.1,,,,,,,,,,,,,,,0.1346,SAFE,,10,,t1869_0,0.76,NORMAL,LOCAL,SAFE: all tasks permitted (weight=0.76),
1771435998.111,0.1,52.36,4.7474,1.163,40.2,4,36553.284,-14.26707,0.01867,0.0000,0.0000,0.4662,0.0000,0.1867,0.3417,0.1476,CRITICAL,True,10,0,,,,,,
1771435998.111,0.1,51.73,4.7617,1.127,37.6,4,-28102.736,-18.81884,0.01303,0.0000,0.0000,0.4013,0.0000,0.1303,0.3234,0.1299,CRITICAL,True,10,0,,,,,,
1771435998.111,0.1,,,,,,,,,,,,,,,0.1299,SAFE,,10,,t1871_0,0.77,CRITICAL,LOCAL,SAFE: all tasks permitted (weight=0.77),
1771435998.111,0.1,,,,,,,,,,,,,,,0.1299,SAFE,,10,,t1871_1,0.48,LOW,LOCAL,SAFE: all tasks permitted (weight=0.48),
1771435998.111,0.1,52.67,4.6405,1.225,44.7,5,63546.035,-126.97329,0.03563,0.0000,0.0000,0.9523,0.0000,0.3563,0.3877,0.2370,CRITICAL,True,10,0,,,,,,
1771435998.111,0.1,,,,,,,,,,,,,,,0.2370,SAFE,,10,,t1872_0,0.60,HIGH,LOCAL,SAFE: all tasks permitted (weight=0.60),
1771435998.111,0.1,53.05,4.7428,1.248,46.3,5,63074.295,-26.88889,0.03515,0.0000,0.0000,0.4873,0.0000,0.3515,0.3990,0.1783,CRITICAL,True,10,0,,,,,,
1771435998.111,0.1,52.57,4.7668,1.206,43.3,5,,,0.03531,0.0000,0.0000,0.3783,0.0000,0.3531,0.3778,0.1601,CRITICAL,True,10,0,,,,,,window_reset|B=10
1771435998.111,0.1,53.06,4.7863,1.166,40.4,4,,,0.03577,0.0000,0.0000,0.2894,0.0000,0.3577,0.3431,0.1420,CRITICAL,True,10,0,,,,,,
1771435998.111,0.1,52.96,4.7750,1.129,37.8,4,,,0.03616,0.0000,0.0000,0.3408,0.0000,0.3616,0.3247,0.1454,CRITICAL,True,10,0,,,,,,
1771435998.111,0.1,,,,,,,,,,,,,,,0.1454,SAFE,,10,,t1876_0,0.64,LOW,LOCAL,SAFE: all tasks permitted (weight=0.64),
1771435998.111,0.1,52.74,4.7001,1.163,40.2,4,,,0.03848,0.0000,0.0000,0.6815,0.0000,0.3848,0.3417,0.1954,CRITICAL,True,10,0,,,,,,
1771435998.111,0.1,,,,,,,,,,,,,,,0.1954,SAFE,,10,,t1877_0,0.52,CRITICAL,LOCAL,SAFE: all tasks permitted (weight=0.52),
1771435998.111,0.1,53.34,4.7734,1.182,41.5,4,,,0.03843,0.0000,0.0000,0.3481,0.0000,0.3843,0.3508,0.1539,CRITICAL,True,10,0,,,,,,
1771435998.111,0.1,53.03,4.7436,1.144,38.8,4,,,0.03810,0.0000,0.0000,0.4836,0.0000,0.3810,0.3319,0.1674,CRITICAL,True,10,0,,,,,,
1771435998.111,0.1,52.90,4.7987,1.109,36.3,4,,,0.04083,0.0000,0.0000,0.2332,0.0000,0.4083,0.3144,0.1340,CRITICAL,True,10,0,,,,,,
1771435998.111,0.1,53.62,4.7863,1.076,34.0,3,,,0.04198,0.0000,0.0000,0.2895,0.0000,0.4198,0.2830,0.1362,CRITICAL,True,10,0,,,,,,
1771435998.111,0.1,53.31,4.8165,1.046,31.8,3,,,0.04556,0.0000,0.0000,0.1522,0.0000,0.4556,0.2678,0.1189,SAFE,True,10,0,,,,,,
1771435998.111,0.1,53.45,4.8218,1.017,29.8,3,,,0.04891,0.0000,0.0000,0.1283,0.0000,0.4891,0.2537,0.1163,SAFE,True,10,0,,,,,,
1771435998.111,0.1,52.64,4.7940,0.991,27.9,3,,,0.03266,0.0000,0.0000,0.2544,0.0000,0.3266,0.2406,0.1138,CRITICAL,True,10,0,,,,,,
1771435998.111,0.1,,,,,,,,,,,,,,,0.1138,SAFE,,10,,t1884_0,0.81,HIGH,LOCAL,SAFE: all tasks permitted (weight=0.81),
1771435998.111,0.1,52.69,4.7688,1.053,32.4,3,,,0.03125,0.0000,0.0000,0.3693,0.0000,0.3125,0.2716,0.1336,CRITICAL,True,10,0,,,,,,
1771435998.111,0.1,52.67,4.7998,1.025,30.3,3,,,0.03163,0.0000,0.0000,0.2280,0.0000,0.3163,0.2573,0.1127,CRITICAL,True,10,0,,,,,,
1771435998.111,0.1,,,,,,,,,,,,,,,0.1127,SAFE,,10,,t1886_0,0.23,NORMAL,LOCAL,SAFE: all tasks permitted (weight=0.23),
1771435998.111,0.1,52.85,4.7801,1.022,30.1,3,,,0.03158,0.0000,0.0000,0.3176,0.0000,0.3158,0.2560,0.1241,CRITICAL,True,10,0,,,,,,
1771435998.111,0.1,,,,,,,,,,,,,,,0.1241,SAFE,,10,,t1887_0,0.67,CRITICAL,LOCAL,SAFE: all tasks permitted (weight=0.67),
1771435998.111,0.1,52.28,4.7840,1.067,33.4,3,,,0.03156,0.0000,0.0000,0.3000,0.0000,0.3156,0.2785,0.1263,CRITICAL,True,10,0,,,,,,
1771435998.111,0.1,,,,,,,,,,,,,,,0.1263,SAFE,,10,,t1888_0,0.73,NORMAL,LOCAL,SAFE: all tasks permitted (weight=0.73),
1771435998.111,0.1,53.07,4.8029,1.115,36.8,4,,,0.02059,0.0000,0.0000,0.2140,0.0000,0.2059,0.3174,0.1119,SAFE,True,10,0,,,,,,window_reset|B=10
1771435998.111,0.1,52.51,4.7830,1.082,34.4,3,,,0.02014,0.0000,0.0000,0.3046,0.0000,0.2014,0.2859,0.1169,CRITICAL,True,10,0,,,,,,
1771435998.111,0.1,,,,,,,,,,,,,,,0.1169,SAFE,,10,,t1890_0,0.39,NORMAL,LOCAL,SAFE: all tasks permitted (weight=0.39),
1771435998.111,0.1,52.08,4.7322,1.092,35.2,4,,,0.02245,0.0000,0.0000,0.5356,0.0000,0.2245,0.3062,0.1533,CRITICAL,True,10,0,,,,,,
1771435998.111,0.1,52.91,4.8023,1.061,32.9,3,,,0.02261,0.0000,0.0000,0.2166,0.0000,0.2261,0.2754,0.1058,SAFE,True,10,0,,,,,,
1771435998.111,0.1,52.91,4.8189,1.031,30.8,3,,,0.02400,0.0000,0.0000,0.1413,0.0000,0.2400,0.2607,0.0945,SAFE,True,10,0,,,,,,
1771435998.111,0.1,52.57,4.8141,1.004,28.9,3,,,0.02380,0.0000,0.0000,0.1632,0.0000,0.2380,0.2471,0.0944,SAFE,True,10,0,,,,,,
1771435998.111,0.1,,,,,,,,,,,,,,,0.0944,SAFE,,10,,t1894_0,0.54,HIGH,LOCAL,SAFE: all tasks permitted (weight=0.54),
1771435998.111,0.1,51.96,4.7690,1.037,31.2,3,,,0.02271,0.0000,0.0000,0.3681,0.0000,0.2271,0.2633,0.1232,CRITICAL,True,10,0,,,,,,
1771435998.111,0.1,,,,,,,,,,,,,,,0.1232,SAFE,,10,,t1895_0,0.84,CRITICAL,LOCAL,SAFE: all tasks permitted (weight=0.84),
1771435998.111,0.1,52.25,4.7623,1.099,35.6,4,,,0.02362,0.0000,0.0000,0.3986,0.0000,0.2362,0.3095,0.1373,CRITICAL,True,10,0,,,,,,
1771435998.111,0.1,52.45,4.7730,1.067,33.4,3,,,0.02341,0.0000,0.0000,0.3502,0.0000,0.2341,0.2785,0.1246,CRITICAL,True,10,0,,,,,,
1771435998.111,0.1,,,,,,,,,,,,,,,0.1246,SAFE,,10,,t1897_0,0.52,NORMAL,LOCAL,SAFE: all tasks permitted (weight=0.52),
1771435998.111,0.1,51.39,4.7765,1.093,35.2,4,,,0.02307,0.0000,0.0000,0.3342,0.0000,0.2307,0.3067,0.1279,CRITICAL,True,10,0,,,,,,
1771435998.112,0.1,52.48,4.7678,1.062,33.0,3,23775.017,35.13235,0.02345,0.0000,0.0000,0.3735,0.0000,0.2345,0.2759,0.1272,CRITICAL,True,10,0,,,,,,
1771435998.112,0.1,52.28,4.7756,1.032,30.9,3,-37741.551,-26.38447,0.02351,0.0000,0.0000,0.3383,0.0000,0.2351,0.2612,0.1197,CRITICAL,True,10,0,,,,,,
1771435998.112,0.1,,,,,,,,,,,,,,,0.1197,SAFE,,10,,t1900_0,0.29,HIGH,LOCAL,SAFE: all tasks permitted (weight=0.29),
1771435998.112,0.1,51.69,4.7696,1.036,31.1,3,-72278.704,-48.53896,0.02277,0.0000,0.0000,0.3653,0.0000,0.2277,0.2630,0.1229,CRITICAL,True,10,0,,,,,,
1771435998.112,0.1,,,,,,,,,,,,,,,0.1229,SAFE,,10,,t1901_0,0.77,HIGH,LOCAL,SAFE: all tasks permitted (weight=0.77),
1771435998.112,0.1,,,,,,,,,,,,,,,0.1229,SAFE,,10,,t1901_1,0.55,LOW,LOCAL,SAFE: all tasks permitted (weight=0.55),
1771435998.112,0.1,52.55,4.7773,1.150,39.3,4,-1038.169,-36.23693,0.02274,0.0000,0.0000,0.3304,0.0000,0.2274,0.3351,0.1327,CRITICAL,True,10,0,,,,,,
1771435998.112,0.1,,,,,,,,,,,,,,,0.1327,SAFE,,10,,t1902_0,0.73,CRITICAL,LOCAL,SAFE: all tasks permitted (weight=0.73),
1771435998.112,0.1,52.52,4.7419,1.193,42.4,4,33012.664,-26.66816,0.02120,0.0000,0.0000,0.4912,0.0000,0.2120,0.3565,0.1564,CRITICAL,True,10,0,,,,,,
1771435998.112,0.1,,,,,,,,,,,,,,,0.1564,SAFE,,10,,t1903_0,0.49,NORMAL,LOCAL,SAFE: all tasks permitted (weight=0.49),
1771435998.112,0.1,52.57,4.7322,1.207,43.4,5,18642.361,-29.62378,0.02350,0.0000,0.0000,0.5353,0.0000,0.2350,0.3785,0.1688,CRITICAL,True,10,0,,,,,,window_reset|B=10
1771435998.112,0.1,,,,,,,,,,,,,,,0.1688,SAFE,,10,,t1904_0,0.37,NORMAL,LOCAL,SAFE: all tasks permitted (weight=0.37),
1771435998.112,0.1,52.15,4.7430,1.207,43.3,5,-17691.347,-29.50922,0.02035,0.0000,0.0000,0.4864,0.0000,0.2035,0.3783,0.1592,CRITICAL,True,10,0,,,,,,
1771435998.112,0.1,52.55,4.7544,1.167,40.5,4,68278.097,-21.75819,0.01471,0.0000,0.0000,0.4346,0.0000,0.1471,0.3436,0.1399,CRITICAL,True,10,0,,,,,,
1771435998.112,0.1,53.28,4.7634,1.130,37.9,4,,,0.01456,0.0000,0.0000,0.3937,0.0000,0.1456,0.3252,0.1308,CRITICAL,True,10,0,,,,,,
1771435998.112,0.1,52.96,4.7835,1.096,35.4,4,,,0.01580,0.0000,0.0000,0.3024,0.0000,0.1580,0.3081,0.1167,CRITICAL,True,10,0,,,,,,
1771435998.112,0.1,53.05,4.7928,1.064,33.2,3,,,0.01766,0.0000,0.0000,0.2599,0.0000,0.1766,0.2772,0.1069,CRITICAL,True,10,0,,,,,,
1771435998.112,0.1,52.52,4.7535,1.035,31.1,3,,,0.01754,0.0000,0.0000,0.4387,0.0000,0.1754,0.2624,0.1271,CRITICAL,True,10,0,,,,,,
1771435998.112,0.1,52.92,4.8001,1.007,29.1,3,,,0.02034,0.0000,0.0000,0.2267,0.0000,0.2034,0.2487,0.0996,SAFE,True,10,0,,,,,,
1771435998.112,0.1,,,,,,,,,,,,,,,0.0996,SAFE,,10,,t1911_0,0.53,HIGH,LOCAL,SAFE: all tasks permitted (weight=0.53),
1771435998.112,0.1,52.75,4.7748,1.038,31.3,3,,,0.02031,0.0000,0.0000,0.3416,0.0000,0.2031,0.2641,0.1176,CRITICAL,True,10,0,,,,,,
1771435998.112,0.1,52.22,4.8116,1.011,29.3,3,,,0.02400,0.0000,0.0000,0.1745,0.0000,0.2400,0.2503,0.0967,SAFE,True,10,0,,,,,,
1771435998.112,0.1,52.41,4.7993,0.985,27.5,3,,,0.02536,0.0000,0.0000,0.2303,0.0000,0.2536,0.2374,0.1028,CRITICAL,True,10,0,,,,,,
1771435998.112,0.1,52.17,4.8155,0.961,25.8,2,,,0.02649,0.0000,0.0000,0.1566,0.0000,0.2649,0.2104,0.0889,SAFE,True,10,0,,,,,,
1771435998.112,0.1,51.96,4.8603,0.938,24.2,2,,,0.03161,0.0000,0.0000,0.0000,0.0000,0.3161,0.1992,0.0715,SAFE,True,10,0,,,,,,
1771435998.112,0.1,,,,,,,,,,,,,,,0.0715,SAFE,,10,,t1916_0,0.74,HIGH,LOCAL,SAFE: all tasks permitted (weight=0.74),
1771435998.112,0.1,52.11,4.7707,0.997,28.4,3,,,0.02918,0.0000,0.0000,0.3603,0.0000,0.2918,0.2435,0.1247,CRITICAL,True,10,0,,,,,,
1771435998.112,0.1,,,,,,,,,,,,,,,0.1247,SAFE,,10,,t1917_0,0.50,NORMAL,LOCAL,SAFE: all tasks permitted (weight=0.50),
1771435998.112,0.1,52.27,4.7706,1.026,30.5,3,,,0.02784,0.0000,0.0000,0.3608,0.0000,0.2784,0.2582,0.1264,CRITICAL,True,10,0,,,,,,
1771435998.112,0.1,,,,,,,,,,,,,,,0.1264,SAFE,,10,,t1918_0,0.39,LOW,LOCAL,SAFE: all tasks permitted (weight=0.39),
1771435998.112,0.1,52.30,4.7775,1.042,31.5,3,,,0.02691,0.0000,0.0000,0.3295,0.0000,0.2691,0.2658,0.1229,CRITICAL,True,10,0,,,,,,window_reset|B=10
1771435998.112,0.1,52.04,4.8071,1.014,29.5,3,,,0.02704,0.0000,0.0000,0.1952,0.0000,0.2704,0.2518,0.1028,SAFE,True,10,0,,,,,,
1771435998.112,0.1,,,,,,,,,,,,,,,0.1028,SAFE,,10,,t1920_0,0.79,HIGH,LOCAL,SAFE: all tasks permitted (weight=0.79),
1771435998.112,0.1,51.70,4.7878,1.073,33.8,3,,,0.02710,0.0000,0.0000,0.2826,0.0000,0.2710,0.2815,0.1201,CRITICAL,True,10,0,,,,,,
1771435998.112,0.1,52.22,4.7995,1.043,31.6,3,,,0.02419,0.0000,0.0000,0.2294,0.0000,0.2419,0.2664,0.1073,CRITICAL,True,10,0,,,,,,
1771435998.112,0.1,,,,,,,,,,,,,,,0.1073,SAFE,,10,,t1922_0,0.42,LOW,LOCAL,SAFE: all tasks permitted (weight=0.42),
1771435998.112,0.1,52.00,4.7807,1.060,32.8,3,,,0.02463,0.0000,0.0000,0.3150,0.0000,0.2463,0.2749,0.1206,CRITICAL,True,10,0,,,,,,
1771435998.112,0.1,51.03,4.7967,1.031,30.8,3,,,0.02377,0.0000,0.0000,0.2422,0.0000,0.2377,0.2603,0.1073,CRITICAL,True,10,0,,,,,,
1771435998.112,0.1,,,,,,,,,,,,,,,0.1073,SAFE,,10,,t1924_0,0.66,LOW,LOCAL,SAFE: all tasks permitted (weight=0.66),
1771435998.112,0.1,51.94,4.7746,1.074,33.9,3,,,0.02422,0.0000,0.0000,0.3427,0.0000,0.2422,0.2821,0.1252,CRITICAL,True,10,0,,,,,,
1771435998.113,0.1,,,,,,,,,,,,,,,0.1252,SAFE,,10,,t1925_0,0.84,NORMAL,LOCAL,SAFE: all tasks permitted (weight=0.84),
1771435998.113,0.1,51.86,4.7789,1.135,38.2,4,-25387.371,8.41510,0.02457,0.0000,0.0000,0.3231,0.0000,0.2457,0.3275,0.1321,CRITICAL,True,10,0,,,,,,
1771435998.113,0.1,,,,,,,,,,,,,,,0.1321,SAFE,,10,,t1926_0,0.39,NORMAL,LOCAL,SAFE: all tasks permitted (weight=0.39),
1771435998.113,0.1,51.79,4.7425,1.142,38.7,4,-31437.380,-35.54184,0.02722,0.0000,0.0000,0.4888,0.0000,0.2722,0.3311,0.1570,CRITICAL,True,10,0,,,,,,
1771435998.113,0.1,51.73,4.7867,1.107,36.2,4,-18568.264,-20.60607,0.01608,0.0000,0.0000,0.2875,0.0000,0.1608,0.3136,0.1162,CRITICAL,True,10,0,,,,,,
1771435998.113,0.1,52.27,4.7994,1.075,33.9,3,34681.425,11.78258,0.01649,0.0000,0.0000,0.2298,0.0000,0.1649,0.2823,0.1028,CRITICAL,True,10,0,,,,,,
1771435998.113,0.1,51.65,4.7836,1.044,31.7,3,-34572.355,-16.12909,0.01603,0.0000,0.0000,0.3016,0.0000,0.1603,0.2672,0.1087,CRITICAL,True,10,0,,,,,,
1771435998.113,0.1,,,,,,,,,,,,,,,0.1087,SAFE,,10,,t1930_0,0.31,LOW,LOCAL,SAFE: all tasks permitted (weight=0.31),
1771435998.113,0.1,52.09,4.7405,1.050,32.2,3,5839.607,-40.71858,0.02012,0.0000,0.0000,0.4975,0.0000,0.2012,0.2701,0.1388,CRITICAL,True,10,0,,,,,,
1771435998.113,0.1,,,,,,,,,,,,,,,0.1388,SAFE,,10,,t1931_0,0.39,HIGH,LOCAL,SAFE: all tasks permitted (weight=0.39),
1771435998.113,0.1,51.96,4.7775,1.064,33.1,3,56712.991,-19.48902,0.01860,0.0000,0.0000,0.3295,0.0000,0.1860,0.2769,0.1168,CRITICAL,True,10,0,,,,,,
1771435998.113,0.1,,,,,,,,,,,,,,,0.1168,SAFE,,10,,t1932_0,0.30,NORMAL,LOCAL,SAFE: all tasks permitted (weight=0.30),
1771435998.113,0.1,51.74,4.7820,1.067,33.3,3,-12383.007,7.48819,0.01844,0.0000,0.0000,0.3091,0.0000,0.1844,0.2784,0.1143,CRITICAL,True,10,0,,,,,,
1771435998.113,0.1,,,,,,,,,,,,,,,0.1143,SAFE,,10,,t1933_0,0.68,LOW,LOCAL,SAFE: all tasks permitted (weight=0.68),
1771435998.113,0.1,51.72,4.8167,1.111,36.5,4,,,0.02055,0.0000,0.0000,0.1515,0.0000,0.2055,0.3153,0.1033,SAFE,True,10,0,,,,,,window_reset|B=10
1771435998.113,0.1,,,,,,,,,,,,,,,0.1033,SAFE,,10,,t1934_0,0.34,NORMAL,LOCAL,SAFE: all tasks permitted (weight=0.34),
1771435998.113,0.1,51.87,4.7977,1.115,36.8,4,,,0.02113,0.0000,0.0000,0.2378,0.0000,0.2113,0.3174,0.1155,CRITICAL,True,10,0,,,,,,
1771435998.113,0.1,,,,,,,,,,,,,,,0.1155,SAFE,,10,,t1935_0,0.75,LOW,LOCAL,SAFE: all tasks permitted (weight=0.75),
1771435998.113,0.1,52.29,4.7338,1.163,40.2,4,,,0.02426,0.0000,0.0000,0.5284,0.0000,0.2426,0.3415,0.1612,CRITICAL,True,10,0,,,,,,
1771435998.113,0.1,,,,,,,,,,,,,,,0.1612,SAFE,,10,,t1936_0,0.35,LOW,LOCAL,SAFE: all tasks permitted (weight=0.35),
1771435998.113,0.1,51.92,4.8047,1.164,40.3,4,,,0.02549,0.0000,0.0000,0.2060,0.0000,0.2549,0.3419,0.1207,SAFE,True,10,0,,,,,,
1771435998.113,0.1,,,,,,,,,,,,,,,0.1207,SAFE,,10,,t1937_0,0.82,NORMAL,LOCAL,SAFE: all tasks permitted (weight=0.82),
1771435998.113,0.1,,,,,,,,,,,,,,,0.1207,SAFE,,10,,t1937_1,0.42,NORMAL,LOCAL,SAFE: all tasks permitted (weight=0.42),
1771435998.113,0.1,52.51,4.7388,1.261,47.2,5,,,0.02777,0.0000,0.0000,0.5053,0.0000,0.2777,0.4055,0.1746,CRITICAL,True,10,0,,,,,,
1771435998.113,0.1,,,,,,,,,,,,,,,0.1746,SAFE,,10,,t1938_0,0.27,HIGH,LOCAL,SAFE: all tasks permitted (weight=0.27),
1771435998.113,0.1,52.34,4.7115,1.246,46.2,5,,,0.03184,0.0000,0.0000,0.6296,0.0000,0.3184,0.3982,0.1933,CRITICAL,True,10,0,,,,,,
1771435998.113,0.1,52.77,4.7268,1.204,43.1,5,,,0.03389,0.0000,0.0000,0.5601,0.0000,0.3389,0.3770,0.1821,CRITICAL,True,10,0,,,,,,
1771435998.113,0.1,,,,,,,,,,,,,,,0.1821,SAFE,,10,,t1940_0,0.43,LOW,LOCAL,SAFE: all tasks permitted (weight=0.43),
1771435998.113,0.1,52.56,4.7185,1.211,43.7,5,,,0.03495,0.0000,0.0000,0.5977,0.0000,0.3495,0.3806,0.1888,CRITICAL,True,10,0,,,,,,
1771435998.113,0.1,,,,,,,,,,,,,,,0.1888,SAFE,,10,,t1941_0,0.39,NORMAL,LOCAL,SAFE: all tasks permitted (weight=0.39),
1771435998.113,0.1,52.71,4.7200,1.214,43.8,5,,,0.03593,0.0000,0.0000,0.5911,0.0000,0.3593,0.3819,0.1891,CRITICAL,True,10,0,,,,,,
1771435998.113,0.1,52.76,4.7085,1.174,41.0,4,,,0.03809,0.0000,0.0000,0.6432,0.0000,0.3809,0.3468,0.1911,CRITICAL,True,10,0,,,,,,
1771435998.113,0.1,52.93,4.7686,1.136,38.3,4,,,0.03769,0.0000,0.0000,0.3701,0.0000,0.3769,0.3282,0.1515,CRITICAL,True,10,0,,,,,,
1771435998.113,0.1,,,,,,,,,,,,,,,0.1515,SAFE,,10,,t1944_0,0.50,NORMAL,LOCAL,SAFE: all tasks permitted (weight=0.50),
1771435998.113,0.1,53.15,4.7679,1.156,39.7,4,,,0.03695,0.0000,0.0000,0.3733,0.0000,0.3695,0.3381,0.1531,CRITICAL,True,10,0,,,,,,
1771435998.113,0.1,,,,,,,,,,,,,,,0.1531,SAFE,,10,,t1945_0,0.70,LOW,LOCAL,SAFE: all tasks permitted (weight=0.70),
1771435998.113,0.1,,,,,,,,,,,,,,,0.1531,SAFE,,10,,t1945_1,0.48,NORMAL,LOCAL,SAFE: all tasks permitted (weight=0.48),
1771435998.113,0.1,53.70,4.7193,1.248,46.3,5,,,0.03203,0.0000,0.0000,0.5943,0.0000,0.3203,0.3990,0.1891,CRITICAL,True,10,0,,,,,,
1771435998.113,0.1,,,,,,,,,,,,,,,0.1891,SAFE,,10,,t1946_0,0.67,LOW,LOCAL,SAFE: all tasks permitted (weight=0.67),
1771435998.113,0.1,53.18,4.7369,1.279,48.5,5,,,0.02746,0.0000,0.0000,0.5142,0.0000,0.2746,0.4143,0.1772,CRITICAL,True,10,0,,,,,,
1771435998.113,0.1,,,,,,,,,,,,,,,0.1772,SAFE,,10,,t1947_0,0.50,HIGH,LOCAL,SAFE: all tasks permitted (weight=0.50),
1771435998.113,0.1,53.98,4.6970,1.288,49.2,5,,,0.02971,0.0000,0.0000,0.6954,0.0000,0.2971,0.4192,0.2039,CRITICAL,True,10,0,,,,,,
1771435998.113,0.1,54.26,4.7193,1.243,45.9,5,,,0.02112,0.0000,0.0000,0.5942,0.0000,0.2112,0.3965,0.1777,CRITICAL,True,10,0,,,,,,window_reset|B=10
1771435998.113,0.1,53.69,4.7284,1.201,42.9,4,,,0.02086,0.0000,0.0000,0.5528,0.0000,0.2086,0.3605,0.1648,CRITICAL,True,10,0,,,,,,
1771435998.113,0.1,54.07,4.7558,1.162,40.1,4,,,0.02171,0.0000,0.0000,0.4284,0.0000,0.2171,0.3409,0.1456,CRITICAL,True,10,0,,,,,,
1771435998.113,0.1,53.80,4.7754,1.125,37.5,4,,,0.02492,0.0000,0.0000,0.3392,0.0000,0.2492,0.3227,0.1336,CRITICAL,True,10,0,,,,,,
1771435998.113,0.1,54.03,4.7763,1.092,35.1,4,,,0.02686,0.0000,0.0000,0.3348,0.0000,0.2686,0.3058,0.1315,CRITICAL,True,10,0,,,,,,
1771435998.113,0.1,,,,,,,,,,,,,,,0.1315,SAFE,,10,,t1953_0,0.20,HIGH,LOCAL,SAFE: all tasks permitted (weight=0.20),
1771435998.113,0.1,53.47,4.7931,1.082,34.4,3,,,0.02988,0.0000,0.0000,0.2586,0.0000,0.2988,0.2861,0.1207,CRITICAL,True,10,0,,,,,,
1771435998.113,0.1,53.44,4.8261,1.051,32.2,3,,,0.03497,0.0000,0.0000,0.1088,0.0000,0.3497,0.2707,0.1032,SAFE,True,10,0,,,,,,
1771435998.113,0.1,,,,,,,,,,,,,,,0.1032,SAFE,,10,,t1955_0,0.31,NORMAL,LOCAL,SAFE: all tasks permitted (weight=0.31),
1771435998.113,0.1,,,,,,,,,,,,,,,0.1032,SAFE,,10,,t1955_1,0.71,LOW,LOCAL,SAFE: all tasks permitted (weight=0.71),
1771435998.113,0.1,53.50,4.7612,1.134,38.1,4,,,0.03480,0.0000,0.0000,0.4037,0.0000,0.3480,0.3268,0.1526,CRITICAL,True,10,0,,,,,,
1771435998.114,0.1,,,,,,,,,,,,,,,0.1526,SAFE,,10,,t1956_0,0.48,NORMAL,LOCAL,SAFE: all tasks permitted (weight=0.48),
1771435998.114,0.1,53.68,4.7566,1.151,39.4,4,-34154.877,36.79161,0.03458,0.0000,0.0000,0.4246,0.0000,0.3458,0.3355,0.1569,CRITICAL,True,10,0,,,,,,
1771435998.114,0.1,,,,,,,,,,,,,,,0.1569,SAFE,,10,,t1957_0,0.50,LOW,LOCAL,SAFE: all tasks permitted (weight=0.50),
1771435998.114,0.1,54.01,4.7464,1.169,40.7,4,18871.586,17.77271,0.03311,0.0000,0.0000,0.4709,0.0000,0.3311,0.3447,0.1632,CRITICAL,True,10,0,,,,,,
1771435998.114,0.1,,,,,,,,,,,,,,,0.1632,SAFE,,10,,t1958_0,0.52,NORMAL,LOCAL,SAFE: all tasks permitted (weight=0.52),
1771435998.114,0.1,53.57,4.7462,1.189,42.1,4,-29663.686,-9.41470,0.03275,0.0000,0.0000,0.4718,0.0000,0.3275,0.3546,0.1650,CRITICAL,True,10,0,,,,,,
1771435998.114,0.1,,,,,,,,,,,,,,,0.1650,SAFE,,10,,t1959_0,0.27,CRITICAL,LOCAL,SAFE: all tasks permitted (weight=0.27),
1771435998.114,0.1,54.26,4.7424,1.181,41.5,4,27036.452,-32.47650,0.02789,0.0000,0.0000,0.4889,0.0000,0.2789,0.3503,0.1615,CRITICAL,True,10,0,,,,,,
1771435998.114,0.1,53.29,4.7387,1.143,38.8,4,-44160.129,-37.10114,0.02594,0.0000,0.0000,0.5058,0.0000,0.2594,0.3314,0.1580,CRITICAL,True,10,0,,,,,,
1771435998.114,0.1,,,,,,,,,,,,,,,0.1580,SAFE,,10,,t1961_0,0.58,NORMAL,LOCAL,SAFE: all tasks permitted (weight=0.58),
1771435998.114,0.1,53.75,4.7164,1.171,40.8,4,16557.162,-75.68497,0.02742,0.0000,0.0000,0.6075,0.0000,0.2742,0.3455,0.1755,CRITICAL,True,10,0,,,,,,
1771435998.114,0.1,,,,,,,,,,,,,,,0.1755,SAFE,,10,,t1962_0,0.29,CRITICAL,LOCAL,SAFE: all tasks permitted (weight=0.29),
1771435998.114,0.1,54.21,4.7706,1.165,40.4,4,45800.838,-54.71921,0.02748,0.0000,0.0000,0.3610,0.0000,0.2748,0.3425,0.1429,CRITICAL,True,10,0,,,,,,
1771435998.114,0.1,53.50,4.7846,1.128,37.7,4,40.218,23.09555,0.02795,0.0000,0.0000,0.2972,0.0000,0.2795,0.3242,0.1314,CRITICAL,True,10,0,,,,,,window_reset|B=10
1771435998.114,0.1,,,,,,,,,,,,,,,0.1314,SAFE,,10,,t1964_0,0.48,NORMAL,LOCAL,SAFE: all tasks permitted (weight=0.48),
1771435998.114,0.1,,,,,,,,,,,,,,,0.1314,SAFE,,10,,t1964_1,0.47,HIGH,LOCAL,SAFE: all tasks permitted (weight=0.47),
1771435998.114,0.1,54.12,4.7453,1.198,42.7,4,,,0.02806,0.0000,0.0000,0.4759,0.0000,0.2806,0.3592,0.1618,CRITICAL,True,10,0,,,,,,
1771435998.114,0.1,53.88,4.7445,1.160,40.0,4,,,0.02654,0.0000,0.0000,0.4796,0.0000,0.2654,0.3398,0.1568,CRITICAL,True,10,0,,,,,,
1771435998.114,0.1,,,,,,,,,,,,,,,0.1568,SAFE,,10,,t1966_0,0.32,HIGH,LOCAL,SAFE: all tasks permitted (weight=0.32),
1771435998.114,0.1,54.08,4.7569,1.158,39.9,4,,,0.01640,0.0000,0.0000,0.4233,0.0000,0.1640,0.3390,0.1392,CRITICAL,True,10,0,,,,,,
1771435998.114,0.1,53.66,4.7736,1.122,37.3,4,,,0.01738,0.0000,0.0000,0.3472,0.0000,0.1738,0.3210,0.1267,CRITICAL,True,10,0,,,,,,
1771435998.114,0.1,53.83,4.7725,1.088,34.9,3,,,0.01828,0.0000,0.0000,0.3522,0.0000,0.1828,0.2892,0.1219,CRITICAL,True,10,0,,,,,,
1771435998.114,0.1,,,,,,,,,,,,,,,0.1219,SAFE,,10,,t1969_0,0.65,NORMAL,LOCAL,SAFE: all tasks permitted (weight=0.65),
1771435998.114,0.1,53.46,4.7315,1.128,37.7,4,,,0.01918,0.0000,0.0000,0.5386,0.0000,0.1918,0.3239,0.1540,CRITICAL,True,10,0,,,,,,
1771435998.114,0.1,,,,,,,,,,,,,,,0.1540,SAFE,,10,,t1970_0,0.64,HIGH,LOCAL,SAFE: all tasks permitted (weight=0.64),
1771435998.114,0.1,53.95,4.7599,1.163,40.2,4,,,0.01921,0.0000,0.0000,0.4094,0.0000,0.1921,0.3416,0.1408,CRITICAL,True,10,0,,,,,,
1771435998.114,0.1,,,,,,,,,,,,,,,0.1408,SAFE,,10,,t1971_0,0.25,NORMAL,LOCAL,SAFE: all tasks permitted (weight=0.25),
1771435998.114,0.1,53.88,4.7687,1.154,39.6,4,,,0.01937,0.0000,0.0000,0.3697,0.0000,0.1937,0.3372,0.1349,CRITICAL,True,10,0,,,,,,
1771435998.114,0.1,53.57,4.8099,1.119,37.0,4,,,0.02379,0.0000,0.0000,0.1821,0.0000,0.2379,0.3193,0.1113,SAFE,True,10,0,,,,,,
1771435998.114,0.1,54.42,4.7919,1.085,34.7,3,,,0.02092,0.0000,0.0000,0.2640,0.0000,0.2092,0.2876,0.1128,CRITICAL,True,10,0,,,,,,
1771435998.114,0.1,,,,,,,,,,,,,,,0.1128,SAFE,,10,,t1974_0,0.57,HIGH,LOCAL,SAFE: all tasks permitted (weight=0.57),
1771435998.114,0.1,54.53,4.7640,1.116,36.9,4,,,0.02092,0.0000,0.0000,0.3911,0.0000,0.2092,0.3180,0.1354,CRITICAL,True,10,0,,,,,,
1771435998.114,0.1,,,,,,,,,,,,,,,0.1354,SAFE,,10,,t1975_0,0.50,LOW,LOCAL,SAFE: all tasks permitted (weight=0.50),
1771435998.114,0.1,54.27,4.7070,1.137,38.4,4,,,0.02587,0.0000,0.0000,0.6501,0.0000,0.2587,0.3287,0.1761,CRITICAL,True,10,0,,,,,,
1771435998.114,0.1,54.10,4.7613,1.103,35.9,4,,,0.02546,0.0000,0.0000,0.4031,0.0000,0.2546,0.3114,0.1401,CRITICAL,True,10,0,,,,,,
1771435998.114,0.1,54.08,4.7855,1.070,33.6,3,,,0.02566,0.0000,0.0000,0.2934,0.0000,0.2566,0.2802,0.1198,CRITICAL,True,10,0,,,,,,
1771435998.114,0.1,54.40,4.7461,1.040,31.5,3,,,0.02612,0.0000,0.0000,0.4722,0.0000,0.2612,0.2652,0.1406,CRITICAL,True,10,0,,,,,,window_reset|B=10
1771435998.114,0.1,,,,,,,,,,,,,,,0.1406,SAFE,,10,,t1979_0,0.32,NORMAL,LOCAL,SAFE: all tasks permitted (weight=0.32),
1771435998.114,0.1,54.21,4.7771,1.047,31.9,3,,,0.02624,0.0000,0.0000,0.3314,0.0000,0.2624,0.2686,0.1230,CRITICAL,True,10,0,,,,,,
1771435998.114,0.1,53.05,4.8165,1.019,29.9,3,,,0.02991,0.0000,0.0000,0.1521,0.0000,0.2991,0.2544,0.1006,SAFE,True,10,0,,,,,,
1771435998.114,0.1,,,,,,,,,,,,,,,0.1006,SAFE,,10,,t1981_0,0.31,NORMAL,LOCAL,SAFE: all tasks permitted (weight=0.31),
1771435998.114,0.1,53.06,4.7823,1.026,30.5,3,,,0.02793,0.0000,0.0000,0.3077,0.0000,0.2793,0.2582,0.1196,CRITICAL,True,10,0,,,,,,
1771435998.114,0.1,53.51,4.8088,0.999,28.5,3,,,0.02933,0.0000,0.0000,0.1870,0.0000,0.2933,0.2447,0.1026,SAFE,True,10,0,,,,,,
1771435998.114,0.1,53.15,4.8059,0.974,26.7,2,,,0.03029,0.0000,0.0000,0.2003,0.0000,0.3029,0.2172,0.0998,SAFE,True,10,0,,,,,,
1771435998.114,0.1,,,,,,,,,,,,,,,0.0998,SAFE,,10,,t1984_0,0.34,LOW,LOCAL,SAFE: all tasks permitted (weight=0.34),
1771435998.114,0.1,53.23,4.7902,0.988,27.7,3,,,0.02911,0.0000,0.0000,0.2717,0.0000,0.2911,0.2390,0.1122,CRITICAL,True,10,0,,,,,,
1771435998.114,0.1,52.88,4.7366,0.964,26.0,2,,,0.03088,0.0000,0.0000,0.5155,0.0000,0.3088,0.2119,0.1403,CRITICAL,True,10,0,,,,,,
1771435998.114,0.1,53.32,4.8071,0.941,24.4,2,,,0.03206,0.0000,0.0000,0.1950,0.0000,0.3206,0.2006,0.0975,SAFE,True,10,0,,,,,,
1771435998.114,0.1,,,,,,,,,,,,,,,0.0975,SAFE,,10,,t1987_0,0.84,LOW,LOCAL,SAFE: all tasks permitted (weight=0.84),
1771435998.114,0.1,52.32,4.7638,1.013,29.5,3,,,0.02471,0.0000,0.0000,0.3918,0.0000,0.2471,0.2514,0.1259,CRITICAL,True,10,0,,,,,,
1771435998.114,0.1,52.11,4.8046,0.987,27.6,3,,,0.02463,0.0000,0.0000,0.2062,0.0000,0.2463,0.2384,0.0991,SAFE,True,10,0,,,,,,
1771435998.115,0.1,,,,,,,,,,,,,,,0.0991,SAFE,,10,,t1989_0,0.50,LOW,LOCAL,SAFE: all tasks permitted (weight=0.50),
1771435998.115,0.1,52.66,4.8053,1.017,29.8,3,-24058.985,22.94988,0.02523,0.0000,0.0000,0.2033,0.0000,0.2523,0.2537,0.1024,SAFE,True,10,0,,,,,,
1771435998.115,0.1,,,,,,,,,,,,,,,0.1024,SAFE,,10,,t1990_0,0.39,NORMAL,LOCAL,SAFE: all tasks permitted (weight=0.39),
1771435998.115,0.1,52.88,4.8031,1.033,31.0,3,-37575.467,-5.75877,0.02227,0.0000,0.0000,0.2132,0.0000,0.2227,0.2617,0.1023,SAFE,True,10,0,,,,,,
1771435998.115,0.1,51.78,4.7833,1.006,29.0,3,-81700.311,-22.67153,0.02199,0.0000,0.0000,0.3034,0.0000,0.2199,0.2480,0.1110,CRITICAL,True,10,0,,,,,,
1771435998.115,0.1,51.77,4.8096,0.981,27.2,3,-87501.489,19.37648,0.02143,0.0000,0.0000,0.1836,0.0000,0.2143,0.2353,0.0924,SAFE,True,10,0,,,,,,
1771435998.115,0.1,51.70,4.8110,0.957,25.5,2,-70609.122,74.42991,0.02185,0.0000,0.0000,0.1771,0.0000,0.2185,0.2084,0.0866,SAFE,True,10,0,,,,,,window_reset|B=10
1771435998.115,0.1,51.99,4.8246,0.935,23.9,2,-79660.656,17.45575,0.02313,0.0000,0.0000,0.1157,0.0000,0.2313,0.1974,0.0776,SAFE,True,10,0,,,,,,
1771435998.115,0.1,,,,,,,,,,,,,,,0.0776,SAFE,,10,,t1995_0,0.84,LOW,LOCAL,SAFE: all tasks permitted (weight=0.84),
1771435998.115,0.1,51.98,4.7916,1.006,29.0,3,-20391.899,27.78529,0.02292,0.0000,0.0000,0.2655,0.0000,0.2292,0.2482,0.1071,CRITICAL,True,10,0,,,,,,
1771435998.115,0.1,51.72,4.8242,0.981,27.2,3,-23154.821,19.60173,0.02431,0.0000,0.0000,0.1171,0.0000,0.2431,0.2355,0.0866,SAFE,True,10,0,,,,,,
1771435998.115,0.1,51.49,4.8246,0.957,25.5,2,,,0.01720,0.0000,0.0000,0.1153,0.0000,0.1720,0.2086,0.0739,SAFE,True,10,0,,,,,,
1771435998.115,0.1,51.84,4.8114,0.935,23.9,2,,,0.01729,0.0000,0.0000,0.1754,0.0000,0.1729,0.1976,0.0796,SAFE,True,10,0,,,,,,
1771435998.115,0.1,,,,,,,,,,,,,,,0.0796,SAFE,,10,,t1999_0,0.20,NORMAL,LOCAL,SAFE: all tasks permitted (weight=0.20),
1771435998.115,0.1,51.43,4.8259,0.937,24.1,2,,,0.01303,0.0000,0.0000,0.1096,0.0000,0.1303,0.1985,0.0670,SAFE,True,10,0,,,,,,
1771435998.115,0.1,,,,,,,,,,,,,,,0.0670,SAFE,,10,,t2000_0,0.61,NORMAL,LOCAL,SAFE: all tasks permitted (weight=0.61),
1771435998.115,0.1,50.71,4.7955,0.983,27.4,3,,,0.01357,0.0000,0.0000,0.2479,0.0000,0.1357,0.2365,0.0931,CRITICAL,True,10,0,,,,,,
1771435998.115,0.1,,,,,,,,,,,,,,,0.0931,SAFE,,10,,t2001_0,0.67,HIGH,LOCAL,SAFE: all tasks permitted (weight=0.67),
1771435998.115,0.1,51.17,4.7755,1.033,30.9,3,,,0.01648,0.0000,0.0000,0.3388,0.0000,0.1648,0.2614,0.1128,CRITICAL,True,10,0,,,,,,
1771435998.115,0.1,51.16,4.7902,1.005,29.0,3,,,0.01708,0.0000,0.0000,0.2717,0.0000,0.1708,0.2477,0.1019,CRITICAL,True,10,0,,,,,,
1771435998.115,0.1,51.15,4.8031,0.980,27.1,3,,,0.01575,0.0000,0.0000,0.2132,0.0000,0.1575,0.2350,0.0905,SAFE,True,10,0,,,,,,
1771435998.115,0.1,,,,,,,,,,,,,,,0.0905,SAFE,,10,,t2004_0,0.78,LOW,LOCAL,SAFE: all tasks permitted (weight=0.78),
1771435998.115,0.1,,,,,,,,,,,,,,,0.0905,SAFE,,10,,t2004_1,0.80,HIGH,LOCAL,SAFE: all tasks permitted (weight=0.80),
1771435998.115,0.1,50.98,4.7787,1.130,37.9,4,,,0.01758,0.0000,0.0000,0.3241,0.0000,0.1758,0.3252,0.1247,CRITICAL,True,10,0,,,,,,
1771435998.115,0.1,51.38,4.7663,1.096,35.4,4,,,0.02036,0.0000,0.0000,0.3805,0.0000,0.2036,0.3081,0.1315,CRITICAL,True,10,0,,,,,,
1771435998.115,0.1,,,,,,,,,,,,,,,0.1315,SAFE,,10,,t2006_0,0.39,LOW,LOCAL,SAFE: all tasks permitted (weight=0.39),
1771435998.115,0.1,51.35,4.7805,1.108,36.3,4,,,0.01974,0.0000,0.0000,0.3157,0.0000,0.1974,0.3139,0.1236,CRITICAL,True,10,0,,,,,,
1771435998.115,0.1,,,,,,,,,,,,,,,0.1236,SAFE,,10,,t2007_0,0.27,HIGH,LOCAL,SAFE: all tasks permitted (weight=0.27),
1771435998.115,0.1,50.94,4.7437,1.105,36.1,4,,,0.02471,0.0000,0.0000,0.4833,0.0000,0.2471,0.3125,0.1500,CRITICAL,True,10,0,,,,,,
1771435998.115,0.1,,,,,,,,,,,,,,,0.1500,SAFE,,10,,t2008_0,0.48,HIGH,LOCAL,SAFE: all tasks permitted (weight=0.48),
1771435998.115,0.1,51.07,4.7568,1.125,37.5,4,,,0.02470,0.0000,0.0000,0.4237,0.0000,0.2470,0.3227,0.1443,CRITICAL,True,10,0,,,,,,window_reset|B=10
1771435998.115,0.1,,,,,,,,,,,,,,,0.1443,SAFE,,10,,t2009_0,0.38,LOW,LOCAL,SAFE: all tasks permitted (weight=0.38),
1771435998.115,0.1,51.77,4.7749,1.134,38.1,4,,,0.02220,0.0000,0.0000,0.3414,0.0000,0.2220,0.3270,0.1320,CRITICAL,True,10,0,,,,,,
1771435998.115,0.1,,,,,,,,,,,,,,,0.1320,SAFE,,10,,t2010_0,0.28,LOW,LOCAL,SAFE: all tasks permitted (weight=0.28),
1771435998.115,0.1,51.88,4.7185,1.130,37.9,4,,,0.02684,0.0000,0.0000,0.5975,0.0000,0.2684,0.3252,0.1695,CRITICAL,True,10,0,,,,,,
1771435998.115,0.1,51.52,4.7879,1.096,35.4,4,,,0.02266,0.0000,0.0000,0.2823,0.0000,0.2266,0.3081,0.1210,CRITICAL,True,10,0,,,,,,
1771435998.115,0.1,,,,,,,,,,,,,,,0.1210,SAFE,,10,,t2012_0,0.80,CRITICAL,LOCAL,SAFE: all tasks permitted (weight=0.80),
1771435998.115,0.1,52.03,4.7366,1.153,39.5,4,,,0.02353,0.0000,0.0000,0.5153,0.0000,0.2353,0.3364,0.1578,CRITICAL,True,10,0,,,,,,
1771435998.115,0.1,51.52,4.7914,1.117,36.9,4,,,0.02437,0.0000,0.0000,0.2665,0.0000,0.2437,0.3185,0.1227,CRITICAL,True,10,0,,,,,,
1771435998.115,0.1,,,,,,,,,,,,,,,0.1227,SAFE,,10,,t2014_0,0.66,LOW,LOCAL,SAFE: all tasks permitted (weight=0.66),
1771435998.115,0.1,51.95,4.7401,1.156,39.7,4,,,0.02467,0.0000,0.0000,0.4996,0.0000,0.2467,0.3381,0.1572,CRITICAL,True,10,0,,,,,,
1771435998.115,0.1,,,,,,,,,,,,,,,0.1572,SAFE,,10,,t2015_0,0.26,LOW,LOCAL,SAFE: all tasks permitted (weight=0.26),
1771435998.115,0.1,52.08,4.7669,1.148,39.2,4,,,0.02187,0.0000,0.0000,0.3776,0.0000,0.2187,0.3342,0.1378,CRITICAL,True,10,0,,,,,,
1771435998.115,0.1,52.07,4.7721,1.113,36.6,4,,,0.02152,0.0000,0.0000,0.3539,0.0000,0.2152,0.3165,0.1308,CRITICAL,True,10,0,,,,,,
1771435998.115,0.1,,,,,,,,,,,,,,,0.1308,SAFE,,10,,t2017_0,0.71,NORMAL,LOCAL,SAFE: all tasks permitted (weight=0.71),
1771435998.115,0.1,,,,,,,,,,,,,,,0.1308,SAFE,,10,,t2017_1,0.74,CRITICAL,LOCAL,SAFE: all tasks permitted (weight=0.74),
1771435998.115,0.1,52.19,4.7198,1.241,45.8,5,,,0.02429,0.0000,0.0000,0.5920,0.0000,0.2429,0.3953,0.1803,CRITICAL,True,10,0,,,,,,
1771435998.115,0.1,,,,,,,,,,,,,,,0.1803,SAFE,,10,,t2018_0,0.28,HIGH,LOCAL,SAFE: all tasks permitted (weight=0.28),
1771435998.115,0.1,52.33,4.7243,1.230,45.0,5,,,0.02480,0.0000,0.0000,0.5713,0.0000,0.2480,0.3898,0.1770,CRITICAL,True,10,0,,,,,,
1771435998.115,0.1,,,,,,,,,,,,,,,0.1770,SAFE,,10,,t2019_0,0.59,CRITICAL,LOCAL,SAFE: all tasks permitted (weight=0.59),
1771435998.115,0.1,52.60,4.6975,1.254,46.7,5,,,0.02911,0.0000,0.0000,0.6931,0.0000,0.2911,0.4019,0.1996,CRITICAL,True,10,0,,,,,,
1771435998.116,0.1,,,,,,,,,,,,,,,0.1996,SAFE,,10,,t2020_0,0.32,NORMAL,LOCAL,SAFE: all tasks permitted (weight=0.32),
1771435998.116,0.1,52.84,4.7374,1.246,46.2,5,48536.580,0.77486,0.02917,0.0000,0.0000,0.5118,0.0000,0.2917,0.3981,0.1753,CRITICAL,True,10,0,,,,,,
1771435998.116,0.1,52.54,4.7069,1.204,43.1,5,61561.484,-84.54401,0.02985,0.0000,0.0000,0.6506,0.0000,0.2985,0.3769,0.1898,CRITICAL,True,10,0,,,,,,
1771435998.116,0.1,,,,,,,,,,,,,,,0.1898,SAFE,,10,,t2022_0,0.55,LOW,LOCAL,SAFE: all tasks permitted (weight=0.55),
1771435998.116,0.1,53.11,4.7245,1.226,44.7,5,69334.942,-15.60052,0.02951,0.0000,0.0000,0.5705,0.0000,0.2951,0.3879,0.1813,CRITICAL,True,10,0,,,,,,
1771435998.116,0.1,53.13,4.7626,1.185,41.8,4,62707.447,-4.33048,0.02696,0.0000,0.0000,0.3973,0.0000,0.2696,0.3525,0.1491,CRITICAL,True,10,0,,,,,,window_reset|B=10
1771435998.116,0.1,,,,,,,,,,,,,,,0.1491,SAFE,,10,,t2024_0,0.76,LOW,LOCAL,SAFE: all tasks permitted (weight=0.76),
1771435998.116,0.1,53.56,4.6873,1.231,45.1,5,89122.926,-84.88106,0.03067,0.0000,0.0000,0.7395,0.0000,0.3067,0.3904,0.2049,CRITICAL,True,10,0,,,,,,
1771435998.116,0.1,53.14,4.7526,1.190,42.1,4,56710.987,32.84109,0.02640,0.0000,0.0000,0.4428,0.0000,0.2640,0.3548,0.1549,CRITICAL,True,10,0,,,,,,
1771435998.116,0.1,,,,,,,,,,,,,,,0.1549,SAFE,,10,,t2026_0,0.31,LOW,LOCAL,SAFE: all tasks permitted (weight=0.31),
1771435998.116,0.1,53.29,4.7285,1.186,41.8,4,57585.067,4.20643,0.02632,0.0000,0.0000,0.5522,0.0000,0.2632,0.3528,0.1687,CRITICAL,True,10,0,,,,,,
1771435998.116,0.1,,,,,,,,,,,,,,,0.1687,SAFE,,10,,t2027_0,0.43,CRITICAL,LOCAL,SAFE: all tasks permitted (weight=0.43),
1771435998.116,0.1,53.73,4.7579,1.195,42.5,4,67509.970,60.44598,0.02542,0.0000,0.0000,0.4185,0.0000,0.2542,0.3575,0.1513,CRITICAL,True,10,0,,,,,,
1771435998.116,0.1,,,,,,,,,,,,,,,0.1513,SAFE,,10,,t2028_0,0.60,LOW,LOCAL,SAFE: all tasks permitted (weight=0.60),
1771435998.116,0.1,53.56,4.7479,1.223,44.5,5,,,0.02290,0.0000,0.0000,0.4643,0.0000,0.2290,0.3863,0.1605,CRITICAL,True,10,0,,,,,,
1771435998.116,0.1,53.89,4.7299,1.182,41.6,4,,,0.02274,0.0000,0.0000,0.5458,0.0000,0.2274,0.3510,0.1639,CRITICAL,True,10,0,,,,,,
1771435998.116,0.1,,,,,,,,,,,,,,,0.1639,SAFE,,10,,t2030_0,0.70,LOW,LOCAL,SAFE: all tasks permitted (weight=0.70),
1771435998.116,0.1,53.87,4.7423,1.222,44.4,5,,,0.02292,0.0000,0.0000,0.4897,0.0000,0.2292,0.3861,0.1638,CRITICAL,True,10,0,,,,,,
1771435998.116,0.1,,,,,,,,,,,,,,,0.1638,SAFE,,10,,t2031_0,0.62,HIGH,LOCAL,SAFE: all tasks permitted (weight=0.62),
1771435998.116,0.1,53.76,4.7041,1.251,46.5,5,,,0.02217,0.0000,0.0000,0.6631,0.0000,0.2217,0.4004,0.1884,CRITICAL,True,10,0,,,,,,
1771435998.117,0.1,,,,,,,,,,,,,,,0.1884,SAFE,,10,,t2032_0,0.57,HIGH,LOCAL,SAFE: all tasks permitted (weight=0.57),
1771435998.117,0.1,53.29,4.7397,1.272,48.0,5,-16086.203,52.37360,0.02222,0.0000,0.0000,0.5014,0.0000,0.2222,0.4109,0.1696,CRITICAL,True,10,0,,,,,,
1771435998.117,0.1,,,,,,,,,,,,,,,0.1696,SAFE,,10,,t2033_0,0.82,NORMAL,LOCAL,SAFE: all tasks permitted (weight=0.82),
1771435998.117,0.1,54.01,4.7235,1.319,51.3,6,52454.448,-29.07163,0.02110,0.0000,0.0000,0.5750,0.0000,0.2110,0.4493,0.1857,CRITICAL,True,10,0,,,,,,
1771435998.117,0.1,,,,,,,,,,,,,,,0.1857,SAFE,,10,,t2034_0,0.36,NORMAL,LOCAL,SAFE: all tasks permitted (weight=0.36),
1771435998.117,0.1,54.40,4.7184,1.311,50.8,5,66494.424,-10.15242,0.02138,0.0000,0.0000,0.5983,0.0000,0.2138,0.4307,0.1853,CRITICAL,True,10,0,,,,,,
1771435998.117,0.1,54.61,4.7284,1.265,47.5,5,53022.166,-29.57584,0.01943,0.0000,0.0000,0.5529,0.0000,0.1943,0.4073,0.1728,CRITICAL,True,10,0,,,,,,
1771435998.117,0.1,54.62,4.6990,1.221,44.4,5,63687.428,-48.88304,0.01746,0.0000,0.0000,0.6865,0.0000,0.1746,0.3855,0.1838,CRITICAL,True,10,0,,,,,,
1771435998.117,0.1,,,,,,,,,,,,,,,0.1838,SAFE,,10,,t2037_0,0.63,HIGH,LOCAL,SAFE: all tasks permitted (weight=0.63),
1771435998.117,0.1,54.96,4.7295,1.250,46.5,5,63742.251,-0.42650,0.01620,0.0000,0.0000,0.5477,0.0000,0.1620,0.4002,0.1675,CRITICAL,True,10,0,,,,,,
1771435998.117,0.1,,,,,,,,,,,,,,,0.1675,SAFE,,10,,t2038_0,0.83,CRITICAL,LOCAL,SAFE: all tasks permitted (weight=0.83),
1771435998.117,0.1,54.77,4.7415,1.300,50.0,5,54175.306,-0.78592,0.01655,0.0000,0.0000,0.4933,0.0000,0.1655,0.4251,0.1657,CRITICAL,True,10,0,,,,,,window_reset|B=10
1771435998.117,0.1,55.28,4.7204,1.254,46.7,5,91375.998,16.25893,0.01442,0.0000,0.0000,0.5892,0.0000,0.1442,0.4021,0.1714,CRITICAL,True,10,0,,,,,,
1771435998.117,0.1,54.87,4.7783,1.211,43.7,5,,,0.01960,0.0000,0.0000,0.3259,0.0000,0.1960,0.3807,0.1381,CRITICAL,True,10,0,,,,,,
1771435998.117,0.1,55.55,4.7665,1.171,40.8,4,,,0.02210,0.0000,0.0000,0.3796,0.0000,0.2210,0.3457,0.1406,CRITICAL,True,10,0,,,,,,
1771435998.117,0.1,54.92,4.7480,1.134,38.2,4,,,0.02237,0.0000,0.0000,0.4636,0.0000,0.2237,0.3272,0.1481,CRITICAL,True,10,0,,,,,,
1771435998.117,0.1,54.80,4.7701,1.100,35.7,4,,,0.02268,0.0000,0.0000,0.3631,0.0000,0.2268,0.3100,0.1319,CRITICAL,True,10,0,,,,,,
1771435998.117,0.1,54.77,4.7725,1.068,33.4,3,,,0.02455,0.0000,0.0000,0.3523,0.0000,0.2455,0.2790,0.1261,CRITICAL,True,10,0,,,,,,
1771435998.117,0.1,54.39,4.8032,1.038,31.3,3,,,0.02918,0.0000,0.0000,0.2125,0.0000,0.2918,0.2640,0.1096,SAFE,True,10,0,,,,,,
1771435998.117,0.1,,,,,,,,,,,,,,,0.1096,SAFE,,10,,t2046_0,0.49,HIGH,LOCAL,SAFE: all tasks permitted (weight=0.49),
1771435998.117,0.1,,,,,,,,,,,,,,,0.1096,SAFE,,10,,t2046_1,0.67,NORMAL,LOCAL,SAFE: all tasks permitted (weight=0.67),
1771435998.117,0.1,55.44,4.7330,1.139,38.5,4,,,0.02821,0.0000,0.0000,0.5320,0.0000,0.2821,0.3297,0.1633,CRITICAL,True,10,0,,,,,,
1771435998.117,0.1,,,,,,,,,,,,,,,0.1633,SAFE,,10,,t2047_0,0.64,NORMAL,LOCAL,SAFE: all tasks permitted (weight=0.64),
1771435998.117,0.1,55.00,4.7439,1.176,41.1,4,-32580.734,44.56681,0.02757,0.0000,0.0000,0.4823,0.0000,0.2757,0.3480,0.1599,CRITICAL,True,10,0,,,,,,
1771435998.117,0.1,,,,,,,,,,,,,,,0.1599,SAFE,,10,,t2048_0,0.27,LOW,LOCAL,SAFE: all tasks permitted (weight=0.27),
1771435998.117,0.1,54.90,4.7487,1.169,40.6,4,3259.436,-56.08841,0.02285,0.0000,0.0000,0.4605,0.0000,0.2285,0.3443,0.1516,CRITICAL,True,10,0,,,,,,
1771435998.117,0.1,,,,,,,,,,,,,,,0.1516,SAFE,,10,,t2049_0,0.47,NORMAL,LOCAL,SAFE: all tasks permitted (weight=0.47),
1771435998.117,0.1,54.74,4.7275,1.184,41.7,4,-92140.729,-73.87513,0.02304,0.0000,0.0000,0.5568,0.0000,0.2304,0.3522,0.1659,CRITICAL,True,10,0,,,,,,
1771435998.117,0.1,54.56,4.7473,1.146,39.0,4,-40745.318,-1.34007,0.02282,0.0000,0.0000,0.4668,0.0000,0.2282,0.3332,0.1501,CRITICAL,True,10,0,,,,,,
1771435998.117,0.1,,,,,,,,,,,,,,,0.1501,SAFE,,10,,t2051_0,0.46,NORMAL,LOCAL,SAFE: all tasks permitted (weight=0.46),
1771435998.117,0.1,54.59,4.7344,1.162,40.2,4,-23177.380,-67.71171,0.02133,0.0000,0.0000,0.5255,0.0000,0.2133,0.3411,0.1579,CRITICAL,True,10,0,,,,,,
1771435998.117,0.1,,,,,,,,,,,,,,,0.1579,SAFE,,10,,t2052_0,0.68,NORMAL,LOCAL,SAFE: all tasks permitted (weight=0.68),
1771435998.117,0.1,54.59,4.7259,1.202,43.0,4,-20920.639,-88.30350,0.02170,0.0000,0.0000,0.5640,0.0000,0.2170,0.3609,0.1672,CRITICAL,True,10,0,,,,,,
1771435998.117,0.1,54.75,4.7865,1.163,40.2,4,40612.665,-31.75983,0.02346,0.0000,0.0000,0.2887,0.0000,0.2346,0.3413,0.1293,CRITICAL,True,10,0,,,,,,window_reset|B=10
1771435998.117,0.1,,,,,,,,,,,,,,,0.1293,SAFE,,10,,t2054_0,0.63,NORMAL,LOCAL,SAFE: all tasks permitted (weight=0.63),
1771435998.117,0.1,,,,,,,,,,,,,,,0.1293,SAFE,,10,,t2054_1,0.34,LOW,LOCAL,SAFE: all tasks permitted (weight=0.34),
1771435998.117,0.1,54.92,4.7571,1.234,45.3,5,-58859.836,45.67296,0.02342,0.0000,0.0000,0.4224,0.0000,0.2342,0.3922,0.1568,CRITICAL,True,10,0,,,,,,
1771435998.117,0.1,,,,,,,,,,,,,,,0.1568,SAFE,,10,,t2055_0,0.71,LOW,LOCAL,SAFE: all tasks permitted (weight=0.71),
1771435998.117,0.1,55.14,4.7271,1.272,48.0,5,,,0.02399,0.0000,0.0000,0.5586,0.0000,0.2399,0.4109,0.1788,CRITICAL,True,10,0,,,,,,
1771435998.117,0.1,55.53,4.7456,1.228,44.8,5,,,0.02308,0.0000,0.0000,0.4745,0.0000,0.2308,0.3888,0.1625,CRITICAL,True,10,0,,,,,,
1771435998.117,0.1,,,,,,,,,,,,,,,0.1625,SAFE,,10,,t2057_0,0.73,LOW,LOCAL,SAFE: all tasks permitted (weight=0.73),
1771435998.117,0.1,54.89,4.7434,1.268,47.7,5,,,0.01609,0.0000,0.0000,0.4847,0.0000,0.1609,0.4091,0.1609,CRITICAL,True,10,0,,,,,,
1771435998.117,0.1,55.19,4.7259,1.224,44.6,5,,,0.01658,0.0000,0.0000,0.5640,0.0000,0.1658,0.3872,0.1673,CRITICAL,True,10,0,,,,,,
1771435998.117,0.1,55.31,4.7077,1.184,41.7,4,,,0.01919,0.0000,0.0000,0.6470,0.0000,0.1919,0.3518,0.1737,CRITICAL,True,10,0,,,,,,
1771435998.117,0.1,,,,,,,,,,,,,,,0.1737,SAFE,,10,,t2060_0,0.82,HIGH,LOCAL,SAFE: all tasks permitted (weight=0.82),
1771435998.117,0.1,55.51,4.7599,1.238,45.6,5,,,0.01987,0.0000,0.0000,0.4093,0.0000,0.1987,0.3939,0.1519,CRITICAL,True,10,0,,,,,,
1771435998.117,0.1,55.39,4.7615,1.196,42.6,4,,,0.02020,0.0000,0.0000,0.4023,0.0000,0.2020,0.3580,0.1441,CRITICAL,True,10,0,,,,,,
1771435998.117,0.1,,,,,,,,,,,,,,,0.1441,SAFE,,10,,t2062_0,0.66,NORMAL,LOCAL,SAFE: all tasks permitted (weight=0.66),
1771435998.117,0.1,54.76,4.7152,1.231,45.1,5,,,0.02160,0.0000,0.0000,0.6127,0.0000,0.2160,0.3907,0.1794,CRITICAL,True,10,0,,,,,,
1771435998.117,0.1,54.89,4.7629,1.190,42.1,4,,,0.02232,0.0000,0.0000,0.3960,0.0000,0.2232,0.3550,0.1448,CRITICAL,True,10,0,,,,,,
1771435998.117,0.1,,,,,,,,,,,,,,,0.1448,SAFE,,10,,t2064_0,0.21,NORMAL,LOCAL,SAFE: all tasks permitted (weight=0.21),
1771435998.117,0.1,55.38,4.7669,1.175,41.1,4,,,0.02254,0.0000,0.0000,0.3775,0.0000,0.2254,0.3475,0.1411,CRITICAL,True,10,0,,,,,,
1771435998.117,0.1,,,,,,,,,,,,,,,0.1411,SAFE,,10,,t2065_0,0.61,LOW,LOCAL,SAFE: all tasks permitted (weight=0.61),
1771435998.117,0.1,55.90,4.7443,1.206,43.3,5,,,0.01908,0.0000,0.0000,0.4802,0.0000,0.1908,0.3782,0.1572,CRITICAL,True,10,0,,,,,,
1771435998.117,0.1,55.37,4.7814,1.167,40.5,4,,,0.02158,0.0000,0.0000,0.3120,0.0000,0.2158,0.3435,0.1308,CRITICAL,True,10,0,,,,,,
1771435998.117,0.1,55.79,4.7859,1.130,37.9,4,,,0.02351,0.0000,0.0000,0.2914,0.0000,0.2351,0.3251,0.1264,CRITICAL,True,10,0,,,,,,
1771435998.117,0.1,,,,,,,,,,,,,,,0.1264,SAFE,,10,,t2068_0,0.65,NORMAL,LOCAL,SAFE: all tasks permitted (weight=0.65),
1771435998.117,0.1,55.81,4.7704,1.168,40.6,4,,,0.02411,0.0000,0.0000,0.3616,0.0000,0.2411,0.3442,0.1400,CRITICAL,True,10,0,,,,,,window_reset|B=10
1771435998.117,0.1,55.27,4.7359,1.132,38.0,4,,,0.02442,0.0000,0.0000,0.5187,0.0000,0.2442,0.3258,0.1570,CRITICAL,True,10,0,,,,,,
1771435998.117,0.1,,,,,,,,,,,,,,,0.1570,SAFE,,10,,t2070_0,0.64,HIGH,LOCAL,SAFE: all tasks permitted (weight=0.64),
1771435998.117,0.1,55.64,4.7289,1.169,40.6,4,,,0.02417,0.0000,0.0000,0.5503,0.0000,0.2417,0.3445,0.1646,CRITICAL,True,10,0,,,,,,
1771435998.117,0.1,,,,,,,,,,,,,,,0.1646,SAFE,,10,,t2071_0,0.57,LOW,LOCAL,SAFE: all tasks permitted (weight=0.57),
1771435998.117,0.1,54.65,4.7429,1.196,42.6,4,,,0.02051,0.0000,0.0000,0.4870,0.0000,0.2051,0.3581,0.1554,CRITICAL,True,10,0,,,,,,
1771435998.117,0.1,,,,,,,,,,,,,,,0.1554,SAFE,,10,,t2072_0,0.48,CRITICAL,LOCAL,SAFE: all tasks permitted (weight=0.48),
1771435998.117,0.1,54.99,4.7854,1.211,43.6,5,,,0.02219,0.0000,0.0000,0.2935,0.0000,0.2219,0.3805,0.1365,CRITICAL,True,10,0,,,,,,
1771435998.117,0.1,55.57,4.7504,1.171,40.8,4,,,0.02221,0.0000,0.0000,0.4525,0.0000,0.2221,0.3456,0.1502,CRITICAL,True,10,0,,,,,,
1771435998.117,0.1,,,,,,,,,,,,,,,0.1502,SAFE,,10,,t2074_0,0.37,LOW,LOCAL,SAFE: all tasks permitted (weight=0.37),
1771435998.117,0.1,,,,,,,,,,,,,,,0.1502,SAFE,,10,,t2074_1,0.30,HIGH,LOCAL,SAFE: all tasks permitted (weight=0.30),
1771435998.117,0.1,55.23,4.7670,1.209,43.5,5,,,0.01862,0.0000,0.0000,0.3773,0.0000,0.1862,0.3796,0.1436,CRITICAL,True,10,0,,,,,,
1771435998.117,0.1,55.73,4.7372,1.169,40.7,4,,,0.01964,0.0000,0.0000,0.5128,0.0000,0.1964,0.3447,0.1552,CRITICAL,True,10,0,,,,,,
1771435998.117,0.1,55.31,4.7759,1.133,38.0,4,,,0.02013,0.0000,0.0000,0.3366,0.0000,0.2013,0.3263,0.1291,CRITICAL,True,10,0,,,,,,
1771435998.117,0.1,,,,,,,,,,,,,,,0.1291,SAFE,,10,,t2077_0,0.80,NORMAL,LOCAL,SAFE: all tasks permitted (weight=0.80),
1771435998.117,0.1,55.37,4.7303,1.188,42.0,4,,,0.02131,0.0000,0.0000,0.5440,0.0000,0.2131,0.3540,0.1628,CRITICAL,True,10,0,,,,,,
1771435998.117,0.1,54.91,4.7292,1.150,39.3,4,,,0.02135,0.0000,0.0000,0.5489,0.0000,0.2135,0.3349,0.1597,CRITICAL,True,10,0,,,,,,
1771435998.118,0.1,,,,,,,,,,,,,,,0.1597,SAFE,,10,,t2079_0,0.34,HIGH,LOCAL,SAFE: all tasks permitted (weight=0.34),
1771435998.118,0.1,55.35,4.7719,1.152,39.4,4,40823.911,28.21957,0.01987,0.0000,0.0000,0.3551,0.0000,0.1987,0.3361,0.1332,CRITICAL,True,10,0,,,,,,
1771435998.118,0.1,,,,,,,,,,,,,,,0.1332,SAFE,,10,,t2080_0,0.75,NORMAL,LOCAL,SAFE: all tasks permitted (weight=0.75),
1771435998.118,0.1,55.32,4.7619,1.201,42.9,4,19173.982,-22.89804,0.01934,0.0000,0.0000,0.4006,0.0000,0.1934,0.3606,0.1435,CRITICAL,True,10,0,,,,,,
1771435998.118,0.1,,,,,,,,,,,,,,,0.1435,SAFE,,10,,t2081_0,0.42,CRITICAL,LOCAL,SAFE: all tasks permitted (weight=0.42),
1771435998.118,0.1,54.92,4.7180,1.209,43.5,5,-38035.037,-31.56781,0.02109,0.0000,0.0000,0.6001,0.0000,0.2109,0.3797,0.1750,CRITICAL,True,10,0,,,,,,
1771435998.118,0.1,55.37,4.7217,1.170,40.7,4,7973.911,-44.02748,0.02178,0.0000,0.0000,0.5831,0.0000,0.2178,0.3448,0.1665,CRITICAL,True,10,0,,,,,,
1771435998.118,0.1,55.24,4.7738,1.133,38.0,4,-28223.772,35.62436,0.02267,0.0000,0.0000,0.3462,0.0000,0.2267,0.3263,0.1330,CRITICAL,True,10,0,,,,,,window_reset|B=10
1771435998.118,0.1,,,,,,,,,,,,,,,0.1330,SAFE,,10,,t2084_0,0.60,HIGH,LOCAL,SAFE: all tasks permitted (weight=0.60),
1771435998.118,0.1,55.50,4.7414,1.166,40.4,4,11050.356,-33.55534,0.02040,0.0000,0.0000,0.4935,0.0000,0.2040,0.3431,0.1532,CRITICAL,True,10,0,,,,,,
1771435998.118,0.1,55.22,4.7818,1.130,37.8,4,-8368.607,50.02238,0.02242,0.0000,0.0000,0.3102,0.0000,0.2242,0.3248,0.1277,CRITICAL,True,10,0,,,,,,
1771435998.118,0.1,,,,,,,,,,,,,,,0.1277,SAFE,,10,,t2086_0,0.49,HIGH,LOCAL,SAFE: all tasks permitted (weight=0.49),
1771435998.118,0.1,55.16,4.7800,1.150,39.3,4,14672.293,49.40457,0.02347,0.0000,0.0000,0.3180,0.0000,0.2347,0.3350,0.1318,CRITICAL,True,10,0,,,,,,
1771435998.118,0.1,55.00,4.7753,1.115,36.8,4,,,0.02383,0.0000,0.0000,0.3396,0.0000,0.2383,0.3173,0.1314,CRITICAL,True,10,0,,,,,,
1771435998.118,0.1,55.36,4.7385,1.081,34.4,3,,,0.02335,0.0000,0.0000,0.5068,0.0000,0.2335,0.2857,0.1464,CRITICAL,True,10,0,,,,,,
1771435998.118,0.1,55.08,4.7898,1.051,32.2,3,,,0.02451,0.0000,0.0000,0.2735,0.0000,0.2451,0.2703,0.1141,CRITICAL,True,10,0,,,,,,
1771435998.118,0.1,,,,,,,,,,,,,,,0.1141,SAFE,,10,,t2090_0,0.41,LOW,LOCAL,SAFE: all tasks permitted (weight=0.41),
1771435998.118,0.1,54.83,4.7878,1.068,33.4,3,,,0.02434,0.0000,0.0000,0.2826,0.0000,0.2434,0.2791,0.1169,CRITICAL,True,10,0,,,,,,
1771435998.118,0.1,55.36,4.8086,1.038,31.3,3,,,0.02751,0.0000,0.0000,0.1880,0.0000,0.2751,0.2642,0.1048,SAFE,True,10,0,,,,,,
1771435998.118,0.1,,,,,,,,,,,,,,,0.1048,SAFE,,10,,t2092_0,0.73,NORMAL,LOCAL,SAFE: all tasks permitted (weight=0.73),
1771435998.118,0.1,54.75,4.7791,1.093,35.2,4,,,0.02777,0.0000,0.0000,0.3223,0.0000,0.2777,0.3066,0.1310,CRITICAL,True,10,0,,,,,,
1771435998.118,0.1,54.50,4.7835,1.062,33.0,3,,,0.02390,0.0000,0.0000,0.3021,0.0000,0.2390,0.2758,0.1183,CRITICAL,True,10,0,,,,,,
1771435998.118,0.1,,,,,,,,,,,,,,,0.1183,SAFE,,10,,t2094_0,0.47,LOW,LOCAL,SAFE: all tasks permitted (weight=0.47),
1771435998.118,0.1,54.49,4.7608,1.085,34.7,3,,,0.01901,0.0000,0.0000,0.4052,0.0000,0.1901,0.2876,0.1292,CRITICAL,True,10,0,,,,,,
1771435998.118,0.1,54.19,4.7932,1.054,32.4,3,,,0.01965,0.0000,0.0000,0.2580,0.0000,0.1965,0.2721,0.1076,CRITICAL,True,10,0,,,,,,
1771435998.118,0.1,,,,,,,,,,,,,,,0.1076,SAFE,,10,,t2096_0,0.78,LOW,LOCAL,SAFE: all tasks permitted (weight=0.78),
1771435998.118,0.1,54.15,4.7831,1.113,36.6,4,,,0.01656,0.0000,0.0000,0.3041,0.0000,0.1656,0.3164,0.1194,CRITICAL,True,10,0,,,,,,
1771435998.118,0.1,54.44,4.7637,1.080,34.3,3,,,0.01715,0.0000,0.0000,0.3924,0.0000,0.1715,0.2849,0.1252,CRITICAL,True,10,0,,,,,,
1771435998.118,0.1,,,,,,,,,,,,,,,0.1252,SAFE,,10,,t2098_0,0.78,HIGH,LOCAL,SAFE: all tasks permitted (weight=0.78),
1771435998.118,0.1,,,,,,,,,,,,,,,0.1252,SAFE,,10,,t2098_1,0.39,CRITICAL,LOCAL,SAFE: all tasks permitted (weight=0.39),
1771435998.118,0.1,54.29,4.7050,1.181,41.5,4,,,0.02659,0.0000,0.0000,0.6592,0.0000,0.2659,0.3504,0.1824,CRITICAL,True,10,0,,,,,,window_reset|B=10
1771435998.118,0.1,,,,,,,,,,,,,,,0.1824,SAFE,,10,,t2099_0,0.44,NORMAL,LOCAL,SAFE: all tasks permitted (weight=0.44),
1771435998.118,0.1,54.69,4.7958,1.192,42.3,4,,,0.02737,0.0000,0.0000,0.2465,0.0000,0.2737,0.3561,0.1306,CRITICAL,True,10,0,,,,,,
1771435998.118,0.1,,,,,,,,,,,,,,,0.1306,SAFE,,10,,t2100_0,0.46,NORMAL,LOCAL,SAFE: all tasks permitted (weight=0.46),
1771435998.118,0.1,,,,,,,,,,,,,,,0.1306,SAFE,,10,,t2100_1,0.74,HIGH,LOCAL,SAFE: all tasks permitted (weight=0.74),
1771435998.118,0.1,,,,,,,,,,,,,,,0.1306,SAFE,,10,,t2100_2,0.71,HIGH,LOCAL,SAFE: all tasks permitted (weight=0.71),
1771435998.118,0.1,,,,,,,,,,,,,,,0.1306,SAFE,,10,,t2100_3,0.24,NORMAL,LOCAL,SAFE: all tasks permitted (weight=0.24),
1771435998.118,0.1,54.09,4.6953,1.396,56.9,6,,,0.03387,0.0000,0.0000,0.7030,0.0000,0.3387,0.4881,0.2229,CRITICAL,True,10,0,,,,,,
1771435998.118,0.1,54.60,4.6696,1.343,53.1,6,,,0.04318,0.0000,0.0000,0.8201,0.0000,0.4318,0.4617,0.2421,CRITICAL,True,10,0,,,,,,
1771435998.118,0.1,,,,,,,,,,,,,,,0.2421,SAFE,,10,,t2102_0,0.61,NORMAL,LOCAL,SAFE: all tasks permitted (weight=0.61),
1771435998.118,0.1,54.82,4.6767,1.363,54.5,6,,,0.04797,0.0000,0.0000,0.7879,0.0000,0.4797,0.4716,0.2447,CRITICAL,True,10,0,,,,,,
1771435998.118,0.1,55.25,4.7157,1.313,50.9,5,,,0.04551,0.0000,0.0000,0.6102,0.0000,0.4551,0.4314,0.2111,CRITICAL,True,10,0,,,,,,
1771435998.118,0.1,55.36,4.7023,1.266,47.6,5,,,0.04545,0.0000,0.0000,0.6712,0.0000,0.4545,0.4079,0.2143,CRITICAL,True,10,0,,,,,,
1771435998.118,0.1,,,,,,,,,,,,,,,0.2143,SAFE,,10,,t2105_0,0.68,LOW,LOCAL,SAFE: all tasks permitted (weight=0.68),
1771435998.118,0.1,55.36,4.7504,1.299,49.9,5,,,0.04351,0.0000,0.0000,0.4527,0.0000,0.4351,0.4246,0.1873,CRITICAL,True,10,0,,,,,,
1771435998.118,0.1,55.77,4.7470,1.253,46.7,5,,,0.04297,0.0000,0.0000,0.4680,0.0000,0.4297,0.4016,0.1841,CRITICAL,True,10,0,,,,,,
1771435998.118,0.1,,,,,,,,,,,,,,,0.1841,SAFE,,10,,t2107_0,0.77,CRITICAL,LOCAL,SAFE: all tasks permitted (weight=0.77),
1771435998.118,0.1,55.67,4.6971,1.297,49.8,5,,,0.03987,0.0000,0.0000,0.6950,0.0000,0.3987,0.4237,0.2150,CRITICAL,True,10,0,,,,,,
1771435998.118,0.1,,,,,,,,,,,,,,,0.2150,SAFE,,10,,t2108_0,0.44,LOW,LOCAL,SAFE: all tasks permitted (weight=0.44),
1771435998.118,0.1,55.81,4.7158,1.301,50.1,5,,,0.03586,0.0000,0.0000,0.6100,0.0000,0.3586,0.4257,0.2003,CRITICAL,True,10,0,,,,,,
1771435998.118,0.1,,,,,,,,,,,,,,,0.2003,SAFE,,10,,t2109_0,0.35,HIGH,LOCAL,SAFE: all tasks permitted (weight=0.35),
1771435998.119,0.1,56.07,4.7556,1.295,49.6,5,88110.649,86.08845,0.03509,0.0000,0.0000,0.4290,0.0000,0.3509,0.4224,0.1753,CRITICAL,True,10,0,,,,,,
1771435998.119,0.1,,,,,,,,,,,,,,,0.1753,SAFE,,10,,t2110_0,0.75,HIGH,LOCAL,SAFE: all tasks permitted (weight=0.75),
1771435998.119,0.1,55.91,4.6913,1.334,52.4,6,65381.405,14.61851,0.03574,0.0000,0.0000,0.7214,0.0000,0.3574,0.4571,0.2209,CRITICAL,True,10,0,,,,,,
1771435998.119,0.1,,,,,,,,,,,,,,,0.2209,SAFE,,10,,t2111_0,0.83,HIGH,LOCAL,SAFE: all tasks permitted (weight=0.83),
1771435998.119,0.1,56.58,4.6897,1.379,55.7,6,79673.272,-26.05586,0.02751,0.0000,0.0000,0.7286,0.0000,0.2751,0.4796,0.2182,CRITICAL,True,10,0,,,,,,
1771435998.119,0.1,,,,,,,,,,,,,,,0.2182,SAFE,,10,,t2112_0,0.68,NORMAL,LOCAL,SAFE: all tasks permitted (weight=0.68),
1771435998.119,0.1,56.60,4.7243,1.405,57.5,6,74030.377,21.99040,0.02749,0.0000,0.0000,0.5713,0.0000,0.2749,0.4926,0.2003,CRITICAL,True,10,0,,,,,,
1771435998.119,0.1,,,,,,,,,,,,,,,0.2003,SAFE,,10,,t2113_0,0.35,HIGH,LOCAL,SAFE: all tasks permitted (weight=0.35),
1771435998.119,0.1,57.09,4.7273,1.391,56.5,6,103527.210,-23.06646,0.02468,0.0000,0.0000,0.5575,0.0000,0.2468,0.4855,0.1943,CRITICAL,True,10,0,,,,,,window_reset|B=10
1771435998.119,0.1,,,,,,,,,,,,,,,0.1943,SAFE,,10,,t2114_0,0.33,LOW,LOCAL,SAFE: all tasks permitted (weight=0.33),
1771435998.119,0.1,,,,,,,,,,,,,,,0.1943,SAFE,,10,,t2114_1,0.37,NORMAL,LOCAL,SAFE: all tasks permitted (weight=0.37),
1771435998.119,0.1,56.99,4.6763,1.417,58.4,6,72947.805,-70.80717,0.02473,0.0000,0.0000,0.7897,0.0000,0.2473,0.4986,0.2271,CRITICAL,True,10,0,,,,,,
1771435998.119,0.1,,,,,,,,,,,,,,,0.2271,SAFE,,10,,t2115_0,0.73,LOW,LOCAL,SAFE: all tasks permitted (weight=0.73),
1771435998.119,0.1,57.64,4.6843,1.445,60.4,7,118496.861,-12.78230,0.02624,0.0000,0.0000,0.7531,0.0000,0.2624,0.5277,0.2297,CRITICAL,True,10,0,,,,,,
1771435998.119,0.1,,,,,,,,,,,,,,,0.2297,SAFE,,10,,t2116_0,0.37,HIGH,LOCAL,SAFE: all tasks permitted (weight=0.37),
1771435998.119,0.1,57.76,4.6554,1.431,59.4,7,116918.527,-60.38791,0.03072,0.0000,0.0000,0.8843,0.0000,0.3072,0.5207,0.2498,CRITICAL,True,10,0,,,,,,
1771435998.119,0.1,57.60,4.6776,1.376,55.4,6,,,0.02921,0.0000,0.0000,0.7838,0.0000,0.2921,0.4780,0.2267,CRITICAL,True,10,0,,,,,,
1771435998.119,0.1,57.74,4.6891,1.325,51.8,6,,,0.02625,0.0000,0.0000,0.7313,0.0000,0.2625,0.4523,0.2118,CRITICAL,True,10,0,,,,,,
1771435998.119,0.1,,,,,,,,,,,,,,,0.2118,SAFE,,10,,t2119_0,0.77,NORMAL,LOCAL,SAFE: all tasks permitted (weight=0.77),
1771435998.119,0.1,57.83,4.6338,1.364,54.6,6,,,0.03181,0.0000,0.0000,0.9829,0.0000,0.3181,0.4720,0.2540,CRITICAL,True,10,0,,,,,,
1771435998.119,0.1,,,,,,,,,,,,,,,0.2540,SAFE,,10,,t2120_0,0.79,HIGH,LOCAL,SAFE: all tasks permitted (weight=0.79),
1771435998.119,0.1,58.42,4.6240,1.403,57.3,6,,,0.03623,0.0000,0.0000,1.0000,0.0000,0.3623,0.4913,0.2645,CRITICAL,True,10,0,,,,,,FAILURE:BROWNOUT(V=4.624V)
1771435998.119,0.1,58.18,4.7446,1.349,53.5,6,,,0.03454,0.0000,0.0000,0.4793,0.0000,0.3454,0.4647,0.1898,CRITICAL,True,10,0,,,,,,
1771435998.119,0.1,,,,,,,,,,,,,,,0.1898,SAFE,,10,,t2122_0,0.42,HIGH,LOCAL,SAFE: all tasks permitted (weight=0.42),
1771435998.119,0.1,58.68,4.7273,1.348,53.4,6,,,0.03648,0.0000,0.0000,0.5577,0.0000,0.3648,0.4638,0.2017,CRITICAL,True,10,0,,,,,,
1771435998.119,0.1,,,,,,,,,,,,,,,0.2017,SAFE,,10,,t2123_0,0.33,NORMAL,LOCAL,SAFE: all tasks permitted (weight=0.33),
1771435998.119,0.1,58.12,4.6876,1.336,52.6,6,,,0.03648,0.0000,0.0000,0.7381,0.0000,0.3648,0.4579,0.2240,CRITICAL,True,10,0,,,,,,
1771435998.119,0.1,58.44,4.7377,1.287,49.1,5,,,0.03777,0.0000,0.0000,0.5104,0.0000,0.3777,0.4186,0.1878,CRITICAL,True,10,0,,,,,,
1771435998.119,0.1,,,,,,,,,,,,,,,0.1878,SAFE,,10,,t2125_0,0.52,HIGH,LOCAL,SAFE: all tasks permitted (weight=0.52),
1771435998.119,0.1,58.82,4.7657,1.302,50.1,5,,,0.04225,0.0000,0.0000,0.3832,0.0000,0.4225,0.4258,0.1772,CRITICAL,True,10,0,,,,,,
1771435998.119,0.1,,,,,,,,,,,,,,,0.1772,SAFE,,10,,t2126_0,0.32,HIGH,LOCAL,SAFE: all tasks permitted (weight=0.32),
1771435998.119,0.1,58.49,4.7447,1.292,49.4,5,,,0.04432,0.0000,0.0000,0.4787,0.0000,0.4432,0.4209,0.1907,CRITICAL,True,10,0,,,,,,
1771435998.119,0.1,,,,,,,,,,,,,,,0.1907,SAFE,,10,,t2127_0,0.27,LOW,LOCAL,SAFE: all tasks permitted (weight=0.27),
1771435998.119,0.1,58.00,4.7575,1.277,48.3,5,,,0.04702,0.0000,0.0000,0.4205,0.0000,0.4702,0.4134,0.1843,CRITICAL,True,10,0,,,,,,
1771435998.119,0.1,58.09,4.7465,1.232,45.2,5,,,0.04594,0.0000,0.0000,0.4706,0.0000,0.4594,0.3911,0.1853,CRITICAL,True,10,0,,,,,,window_reset|B=10
1771435998.119,0.1,,,,,,,,,,,,,,,0.1853,SAFE,,10,,t2129_0,0.50,NORMAL,LOCAL,SAFE: all tasks permitted (weight=0.50),
1771435998.119,0.1,58.99,4.6893,1.248,46.3,5,,,0.04534,0.0000,0.0000,0.7306,0.0000,0.4534,0.3991,0.2201,CRITICAL,True,10,0,,,,,,
1771435998.119,0.1,,,,,,,,,,,,,,,0.2201,SAFE,,10,,t2130_0,0.57,NORMAL,LOCAL,SAFE: all tasks permitted (weight=0.57),
1771435998.119,0.1,58.38,4.6766,1.270,47.9,5,,,0.04600,0.0000,0.0000,0.7883,0.0000,0.4600,0.4101,0.2305,CRITICAL,True,10,0,,,,,,
1771435998.119,0.1,58.86,4.7248,1.226,44.7,5,,,0.03966,0.0000,0.0000,0.5691,0.0000,0.3966,0.3881,0.1913,CRITICAL,True,10,0,,,,,,
1771435998.119,0.1,,,,,,,,,,,,,,,0.1913,SAFE,,10,,t2132_0,0.71,NORMAL,LOCAL,SAFE: all tasks permitted (weight=0.71),
1771435998.119,0.1,58.10,4.6737,1.266,47.6,5,,,0.03124,0.0000,0.0000,0.8014,0.0000,0.3124,0.4080,0.2170,CRITICAL,True,10,0,,,,,,
1771435998.119,0.1,,,,,,,,,,,,,,,0.2170,SAFE,,10,,t2133_0,0.25,CRITICAL,LOCAL,SAFE: all tasks permitted (weight=0.25),
1771435998.119,0.1,,,,,,,,,,,,,,,0.2170,SAFE,,10,,t2133_1,0.32,NORMAL,LOCAL,SAFE: all tasks permitted (weight=0.32),
1771435998.119,0.1,58.56,4.6964,1.287,49.1,5,,,0.03131,0.0000,0.0000,0.6980,0.0000,0.3131,0.4184,0.2057,CRITICAL,True,10,0,,,,,,
1771435998.119,0.1,,,,,,,,,,,,,,,0.2057,SAFE,,10,,t2134_0,0.23,NORMAL,LOCAL,SAFE: all tasks permitted (weight=0.23),
1771435998.119,0.1,58.24,4.7733,1.268,47.7,5,,,0.03472,0.0000,0.0000,0.3486,0.0000,0.3472,0.4089,0.1618,CRITICAL,True,10,0,,,,,,
1771435998.119,0.1,58.54,4.7230,1.224,44.6,5,,,0.03307,0.0000,0.0000,0.5772,0.0000,0.3307,0.3870,0.1855,CRITICAL,True,10,0,,,,,,
1771435998.119,0.1,58.58,4.7279,1.183,41.7,4,,,0.03288,0.0000,0.0000,0.5550,0.0000,0.3288,0.3517,0.1754,CRITICAL,True,10,0,,,,,,
1771435998.119,0.1,,,,,,,,,,,,,,,0.1754,SAFE,,10,,t2137_0,0.49,NORMAL,LOCAL,SAFE: all tasks permitted (weight=0.49),
1771435998.119,0.1,57.69,4.7772,1.201,42.9,4,,,0.03419,0.0000,0.0000,0.3311,0.0000,0.3419,0.3605,0.1493,CRITICAL,True,10,0,,,,,,
1771435998.119,0.1,,,,,,,,,,,,,,,0.1493,SAFE,,10,,t2138_0,0.25,NORMAL,LOCAL,SAFE: all tasks permitted (weight=0.25),
1771435998.120,0.1,58.74,4.7651,1.191,42.2,4,22027.148,88.67476,0.03557,0.0000,0.0000,0.3857,0.0000,0.3557,0.3553,0.1568,CRITICAL,True,10,0,,,,,,
1771435998.120,0.1,58.32,4.7975,1.152,39.4,4,-32498.410,72.75801,0.03983,0.0000,0.0000,0.2388,0.0000,0.3983,0.3361,0.1381,CRITICAL,True,10,0,,,,,,
1771435998.120,0.1,57.61,4.7347,1.117,36.9,4,-29558.573,61.08451,0.03958,0.0000,0.0000,0.5241,0.0000,0.3958,0.3183,0.1714,CRITICAL,True,10,0,,,,,,
1771435998.120,0.1,,,,,,,,,,,,,,,0.1714,SAFE,,10,,t2141_0,0.84,LOW,LOCAL,SAFE: all tasks permitted (weight=0.84),
1771435998.120,0.1,57.89,4.7493,1.179,41.3,4,-40179.441,52.94344,0.03788,0.0000,0.0000,0.4577,0.0000,0.3788,0.3494,0.1672,CRITICAL,True,10,0,,,,,,
1771435998.120,0.1,,,,,,,,,,,,,,,0.1672,SAFE,,10,,t2142_0,0.55,LOW,LOCAL,SAFE: all tasks permitted (weight=0.55),
1771435998.120,0.1,58.23,4.6923,1.204,43.1,5,-612.651,-81.05322,0.03606,0.0000,0.0000,0.7166,0.0000,0.3606,0.3769,0.2046,CRITICAL,True,10,0,,,,,,
1771435998.120,0.1,,,,,,,,,,,,,,,0.2046,SAFE,,10,,t2143_0,0.78,LOW,LOCAL,SAFE: all tasks permitted (weight=0.78),
1771435998.120,0.1,57.43,4.7460,1.254,46.7,5,-66195.190,23.02407,0.03597,0.0000,0.0000,0.4727,0.0000,0.3597,0.4019,0.1778,CRITICAL,True,10,0,,,,,,window_reset|B=10
1771435998.120,0.1,58.29,4.7083,1.211,43.6,5,-17702.420,-19.62819,0.03185,0.0000,0.0000,0.6441,0.0000,0.3185,0.3805,0.1917,CRITICAL,True,10,0,,,,,,
1771435998.120,0.1,57.70,4.7238,1.171,40.8,4,747.338,-53.41267,0.02948,0.0000,0.0000,0.5736,0.0000,0.2948,0.3456,0.1732,CRITICAL,True,10,0,,,,,,
1771435998.120,0.1,57.26,4.7363,1.134,38.2,4,,,0.02807,0.0000,0.0000,0.5167,0.0000,0.2807,0.3271,0.1607,CRITICAL,True,10,0,,,,,,
1771435998.120,0.1,57.49,4.7709,1.100,35.7,4,,,0.02874,0.0000,0.0000,0.3598,0.0000,0.2874,0.3098,0.1375,CRITICAL,True,10,0,,,,,,
1771435998.120,0.1,57.12,4.7580,1.068,33.4,3,,,0.02853,0.0000,0.0000,0.4181,0.0000,0.2853,0.2788,0.1387,CRITICAL,True,10,0,,,,,,
1771435998.120,0.1,57.38,4.8027,1.038,31.3,3,,,0.03153,0.0000,0.0000,0.2150,0.0000,0.3153,0.2639,0.1123,SAFE,True,10,0,,,,,,
1771435998.120,0.1,,,,,,,,,,,,,,,0.1123,SAFE,,10,,t2150_0,0.25,CRITICAL,LOCAL,SAFE: all tasks permitted (weight=0.25),
1771435998.120,0.1,,,,,,,,,,,,,,,0.1123,SAFE,,10,,t2150_1,0.31,LOW,LOCAL,SAFE: all tasks permitted (weight=0.31),
1771435998.120,0.1,56.98,4.7856,1.075,33.9,3,,,0.03289,0.0000,0.0000,0.2928,0.0000,0.3289,0.2824,0.1274,CRITICAL,True,10,0,,,,,,
1771435998.120,0.1,,,,,,,,,,,,,,,0.1274,SAFE,,10,,t2151_0,0.22,NORMAL,LOCAL,SAFE: all tasks permitted (weight=0.22),
1771435998.120,0.1,56.08,4.7738,1.070,33.6,3,,,0.03065,0.0000,0.0000,0.3463,0.0000,0.3065,0.2799,0.1316,CRITICAL,True,10,0,,,,,,
1771435998.120,0.1,,,,,,,,,,,,,,,0.1316,SAFE,,10,,t2152_0,0.24,NORMAL,LOCAL,SAFE: all tasks permitted (weight=0.24),
1771435998.120,0.1,56.76,4.7419,1.067,33.4,3,,,0.03044,0.0000,0.0000,0.4914,0.0000,0.3044,0.2785,0.1500,CRITICAL,True,10,0,,,,,,
1771435998.120,0.1,,,,,,,,,,,,,,,0.1500,SAFE,,10,,t2153_0,0.78,HIGH,LOCAL,SAFE: all tasks permitted (weight=0.78),
1771435998.120,0.1,56.69,4.7444,1.126,37.6,4,,,0.03047,0.0000,0.0000,0.4801,0.0000,0.3047,0.3230,0.1575,CRITICAL,True,10,0,,,,,,
1771435998.120,0.1,56.48,4.7563,1.092,35.2,4,,,0.02531,0.0000,0.0000,0.4258,0.0000,0.2531,0.3061,0.1419,CRITICAL,True,10,0,,,,,,
1771435998.120,0.1,56.60,4.7503,1.061,32.9,3,,,0.02522,0.0000,0.0000,0.4531,0.0000,0.2522,0.2753,0.1392,CRITICAL,True,10,0,,,,,,
1771435998.120,0.1,56.01,4.7960,1.031,30.8,3,,,0.02346,0.0000,0.0000,0.2453,0.0000,0.2346,0.2607,0.1075,CRITICAL,True,10,0,,,,,,
1771435998.120,0.1,,,,,,,,,,,,,,,0.1075,SAFE,,10,,t2157_0,0.50,NORMAL,LOCAL,SAFE: all tasks permitted (weight=0.50),
1771435998.120,0.1,56.62,4.7679,1.062,33.0,3,,,0.02051,0.0000,0.0000,0.3732,0.0000,0.2051,0.2759,0.1242,CRITICAL,True,10,0,,,,,,
1771435998.120,0.1,,,,,,,,,,,,,,,0.1242,SAFE,,10,,t2158_0,0.81,HIGH,LOCAL,SAFE: all tasks permitted (weight=0.81),
1771435998.120,0.1,56.61,4.7477,1.125,37.5,4,,,0.01938,0.0000,0.0000,0.4649,0.0000,0.1938,0.3224,0.1443,CRITICAL,True,10,0,,,,,,window_reset|B=10
1771435998.120,0.1,55.40,4.7411,1.091,35.1,4,,,0.02051,0.0000,0.0000,0.4952,0.0000,0.2051,0.3055,0.1460,CRITICAL,True,10,0,,,,,,
1771435998.120,0.1,55.88,4.8101,1.060,32.8,3,,,0.02404,0.0000,0.0000,0.1812,0.0000,0.2404,0.2748,0.1026,SAFE,True,10,0,,,,,,
1771435998.120,0.1,,,,,,,,,,,,,,,0.1026,SAFE,,10,,t2161_0,0.50,NORMAL,LOCAL,SAFE: all tasks permitted (weight=0.50),
1771435998.120,0.1,55.37,4.7867,1.088,34.8,3,,,0.02248,0.0000,0.0000,0.2880,0.0000,0.2248,0.2889,0.1177,CRITICAL,True,10,0,,,,,,
1771435998.120,0.1,55.74,4.7930,1.057,32.6,3,,,0.02308,0.0000,0.0000,0.2592,0.0000,0.2308,0.2733,0.1114,CRITICAL,True,10,0,,,,,,
1771435998.120,0.1,55.69,4.8121,1.028,30.5,3,,,0.02617,0.0000,0.0000,0.1724,0.0000,0.2617,0.2588,0.1003,SAFE,True,10,0,,,,,,
1771435998.120,0.1,55.45,4.7902,1.001,28.6,3,,,0.02514,0.0000,0.0000,0.2717,0.0000,0.2514,0.2453,0.1095,CRITICAL,True,10,0,,,,,,
1771435998.120,0.1,,,,,,,,,,,,,,,0.1095,SAFE,,10,,t2165_0,0.25,HIGH,LOCAL,SAFE: all tasks permitted (weight=0.25),
1771435998.120,0.1,55.34,4.8184,1.004,28.9,3,,,0.02602,0.0000,0.0000,0.1435,0.0000,0.2602,0.2472,0.0941,SAFE,True,10,0,,,,,,
1771435998.120,0.1,55.13,4.7823,0.979,27.1,3,,,0.02495,0.0000,0.0000,0.3076,0.0000,0.2495,0.2345,0.1119,CRITICAL,True,10,0,,,,,,
1771435998.120,0.1,,,,,,,,,,,,,,,0.1119,SAFE,,10,,t2167_0,0.66,HIGH,LOCAL,SAFE: all tasks permitted (weight=0.66),
1771435998.120,0.1,54.51,4.7908,1.031,30.8,3,,,0.02297,0.0000,0.0000,0.2690,0.0000,0.2297,0.2607,0.1101,CRITICAL,True,10,0,,,,,,
1771435998.120,0.1,53.71,4.7629,1.004,28.9,3,,,0.02362,0.0000,0.0000,0.3959,0.0000,0.2362,0.2470,0.1245,CRITICAL,True,10,0,,,,,,
1771435998.120,0.1,54.19,4.7886,0.979,27.1,3,,,0.02316,0.0000,0.0000,0.2790,0.0000,0.2316,0.2344,0.1063,CRITICAL,True,10,0,,,,,,
1771435998.120,0.1,,,,,,,,,,,,,,,0.1063,SAFE,,10,,t2170_0,0.68,LOW,LOCAL,SAFE: all tasks permitted (weight=0.68),
1771435998.120,0.1,54.36,4.8025,1.034,31.0,3,,,0.02055,0.0000,0.0000,0.2161,0.0000,0.2055,0.2618,0.1010,SAFE,True,10,0,,,,,,
1771435998.120,0.1,,,,,,,,,,,,,,,0.1010,SAFE,,10,,t2171_0,0.48,LOW,LOCAL,SAFE: all tasks permitted (weight=0.48),
1771435998.120,0.1,53.65,4.7534,1.061,32.9,3,,,0.01826,0.0000,0.0000,0.4391,0.0000,0.1826,0.2755,0.1304,CRITICAL,True,10,0,,,,,,
1771435998.120,0.1,53.88,4.7705,1.032,30.8,3,,,0.01807,0.0000,0.0000,0.3612,0.0000,0.1807,0.2608,0.1172,CRITICAL,True,10,0,,,,,,
1771435998.120,0.1,,,,,,,,,,,,,,,0.1172,SAFE,,10,,t2173_0,0.35,LOW,LOCAL,SAFE: all tasks permitted (weight=0.35),
1771435998.120,0.1,54.10,4.7989,1.045,31.8,3,,,0.01833,0.0000,0.0000,0.2323,0.0000,0.1833,0.2674,0.1020,CRITICAL,True,10,0,,,,,,window_reset|B=10
1771435998.120,0.1,,,,,,,,,,,,,,,0.1020,SAFE,,10,,t2174_0,0.34,LOW,LOCAL,SAFE: all tasks permitted (weight=0.34),
1771435998.120,0.1,53.66,4.7551,1.056,32.6,3,,,0.02045,0.0000,0.0000,0.4313,0.0000,0.2045,0.2730,0.1311,CRITICAL,True,10,0,,,,,,
1771435998.120,0.1,,,,,,,,,,,,,,,0.1311,SAFE,,10,,t2175_0,0.46,LOW,LOCAL,SAFE: all tasks permitted (weight=0.46),
1771435998.120,0.1,53.77,4.7603,1.080,34.3,3,,,0.01983,0.0000,0.0000,0.4076,0.0000,0.1983,0.2851,0.1298,CRITICAL,True,10,0,,,,,,
1771435998.120,0.1,53.96,4.7910,1.050,32.1,3,,,0.01986,0.0000,0.0000,0.2683,0.0000,0.1986,0.2698,0.1087,CRITICAL,True,10,0,,,,,,
1771435998.120,0.1,,,,,,,,,,,,,,,0.1087,SAFE,,10,,t2177_0,0.73,HIGH,LOCAL,SAFE: all tasks permitted (weight=0.73),
1771435998.120,0.1,54.54,4.7316,1.105,36.1,4,,,0.02079,0.0000,0.0000,0.5383,0.0000,0.2079,0.3124,0.1532,CRITICAL,True,10,0,,,,,,
1771435998.120,0.1,,,,,,,,,,,,,,,0.1532,SAFE,,10,,t2178_0,0.63,HIGH,LOCAL,SAFE: all tasks permitted (weight=0.63),
1771435998.120,0.1,54.11,4.7504,1.145,38.9,4,,,0.02158,0.0000,0.0000,0.4528,0.0000,0.2158,0.3323,0.1469,CRITICAL,True,10,0,,,,,,
1771435998.120,0.1,,,,,,,,,,,,,,,0.1469,SAFE,,10,,t2179_0,0.85,LOW,LOCAL,SAFE: all tasks permitted (weight=0.85),
1771435998.120,0.1,54.02,4.7428,1.207,43.4,5,,,0.02204,0.0000,0.0000,0.4871,0.0000,0.2204,0.3786,0.1611,CRITICAL,True,10,0,,,,,,
1771435998.120,0.1,53.75,4.7698,1.168,40.5,4,,,0.02201,0.0000,0.0000,0.3644,0.0000,0.2201,0.3438,0.1381,CRITICAL,True,10,0,,,,,,
1771435998.120,0.1,54.23,4.7556,1.131,37.9,4,,,0.02130,0.0000,0.0000,0.4289,0.0000,0.2130,0.3254,0.1421,CRITICAL,True,10,0,,,,,,
1771435998.120,0.1,53.79,4.7945,1.097,35.5,4,,,0.02023,0.0000,0.0000,0.2521,0.0000,0.2023,0.3083,0.1147,CRITICAL,True,10,0,,,,,,
1771435998.120,0.1,53.87,4.7736,1.065,33.2,3,,,0.02007,0.0000,0.0000,0.3473,0.0000,0.2007,0.2774,0.1207,CRITICAL,True,10,0,,,,,,
1771435998.120,0.1,53.49,4.7872,1.035,31.1,3,,,0.02088,0.0000,0.0000,0.2856,0.0000,0.2088,0.2626,0.1105,CRITICAL,True,10,0,,,,,,
1771435998.120,0.1,53.68,4.8002,1.008,29.1,3,,,0.02105,0.0000,0.0000,0.2264,0.0000,0.2105,0.2488,0.1002,SAFE,True,10,0,,,,,,
1771435998.120,0.1,,,,,,,,,,,,,,,0.1002,SAFE,,10,,t2186_0,0.67,NORMAL,LOCAL,SAFE: all tasks permitted (weight=0.67),
1771435998.120,0.1,53.72,4.7545,1.060,32.8,3,,,0.02108,0.0000,0.0000,0.4341,0.0000,0.2108,0.2749,0.1325,CRITICAL,True,10,0,,,,,,
1771435998.120,0.1,,,,,,,,,,,,,,,0.1325,SAFE,,10,,t2187_0,0.22,NORMAL,LOCAL,SAFE: all tasks permitted (weight=0.22),
1771435998.120,0.1,53.28,4.8217,1.056,32.6,3,,,0.02563,0.0000,0.0000,0.1288,0.0000,0.2563,0.2730,0.0970,SAFE,True,10,0,,,,,,
1771435998.120,0.1,,,,,,,,,,,,,,,0.0970,SAFE,,10,,t2188_0,0.61,NORMAL,LOCAL,SAFE: all tasks permitted (weight=0.61),
1771435998.120,0.1,53.40,4.7562,1.097,35.5,4,,,0.02537,0.0000,0.0000,0.4266,0.0000,0.2537,0.3084,0.1425,CRITICAL,True,10,0,,,,,,window_reset|B=10
1771435998.120,0.1,,,,,,,,,,,,,,,0.1425,SAFE,,10,,t2189_0,0.24,HIGH,LOCAL,SAFE: all tasks permitted (weight=0.24),
1771435998.122,0.1,53.56,4.7609,1.093,35.2,4,-26143.002,3.46917,0.02286,0.0000,0.0000,0.4049,0.0000,0.2286,0.3064,0.1368,CRITICAL,True,10,0,,,,,,
1771435998.122,0.1,,,,,,,,,,,,,,,0.1368,SAFE,,10,,t2190_0,0.82,NORMAL,LOCAL,SAFE: all tasks permitted (weight=0.82),
1771435998.122,0.1,53.42,4.7414,1.155,39.7,4,-14797.209,-34.86811,0.02369,0.0000,0.0000,0.4935,0.0000,0.2369,0.3377,0.1554,CRITICAL,True,10,0,,,,,,
1771435998.122,0.1,,,,,,,,,,,,,,,0.1554,SAFE,,10,,t2191_0,0.31,LOW,LOCAL,SAFE: all tasks permitted (weight=0.31),
1771435998.122,0.1,,,,,,,,,,,,,,,0.1554,SAFE,,10,,t2191_1,0.36,CRITICAL,LOCAL,SAFE: all tasks permitted (weight=0.36),
1771435998.122,0.1,53.20,4.7081,1.197,42.7,4,-26337.446,-42.97310,0.02862,0.0000,0.0000,0.6448,0.0000,0.2862,0.3587,0.1842,CRITICAL,True,10,0,,,,,,
1771435998.122,0.1,,,,,,,,,,,,,,,0.1842,SAFE,,10,,t2192_0,0.78,LOW,LOCAL,SAFE: all tasks permitted (weight=0.78),
1771435998.122,0.1,53.76,4.7384,1.248,46.3,5,10601.734,-32.00866,0.02981,0.0000,0.0000,0.5072,0.0000,0.2981,0.3991,0.1756,CRITICAL,True,10,0,,,,,,
1771435998.122,0.1,,,,,,,,,,,,,,,0.1756,SAFE,,10,,t2193_0,0.67,NORMAL,LOCAL,SAFE: all tasks permitted (weight=0.67),
1771435998.122,0.1,53.77,4.7518,1.283,48.8,5,3638.985,-31.80014,0.02994,0.0000,0.0000,0.4466,0.0000,0.2994,0.4167,0.1713,CRITICAL,True,10,0,,,,,,
1771435998.122,0.1,54.61,4.7273,1.239,45.6,5,35071.138,-17.84692,0.03031,0.0000,0.0000,0.5576,0.0000,0.3031,0.3943,0.1817,CRITICAL,True,10,0,,,,,,
1771435998.122,0.1,,,,,,,,,,,,,,,0.1817,SAFE,,10,,t2195_0,0.33,LOW,LOCAL,SAFE: all tasks permitted (weight=0.33),
1771435998.122,0.1,53.74,4.7571,1.235,45.4,5,18459.102,-42.35892,0.03003,0.0000,0.0000,0.4221,0.0000,0.3003,0.3925,0.1634,CRITICAL,True,10,0,,,,,,
1771435998.122,0.1,,,,,,,,,,,,,,,0.1634,SAFE,,10,,t2196_0,0.31,NORMAL,LOCAL,SAFE: all tasks permitted (weight=0.31),
1771435998.122,0.1,53.56,4.7335,1.230,45.0,5,6363.612,-14.88552,0.02946,0.0000,0.0000,0.5296,0.0000,0.2946,0.3898,0.1763,CRITICAL,True,10,0,,,,,,
1771435998.122,0.1,,,,,,,,,,,,,,,0.1763,SAFE,,10,,t2197_0,0.59,HIGH,LOCAL,SAFE: all tasks permitted (weight=0.59),
1771435998.122,0.1,54.36,4.7303,1.257,46.9,5,,,0.02657,0.0000,0.0000,0.5442,0.0000,0.2657,0.4034,0.1780,CRITICAL,True,10,0,,,,,,
1771435998.122,0.1,,,,,,,,,,,,,,,0.1780,SAFE,,10,,t2198_0,0.22,LOW,LOCAL,SAFE: all tasks permitted (weight=0.22),
1771435998.122,0.1,54.45,4.7405,1.240,45.7,5,,,0.02659,0.0000,0.0000,0.4976,0.0000,0.2659,0.3949,0.1702,CRITICAL,True,10,0,,,,,,
1771435998.122,0.1,,,,,,,,,,,,,,,0.1702,SAFE,,10,,t2199_0,0.65,NORMAL,LOCAL,SAFE: all tasks permitted (weight=0.65),
1771435998.122,0.1,54.43,4.7666,1.273,48.1,5,,,0.01600,0.0000,0.0000,0.3790,0.0000,0.1600,0.4116,0.1476,CRITICAL,True,10,0,,,,,,
1771435998.122,0.1,,,,,,,,,,,,,,,0.1476,SAFE,,10,,t2200_0,0.61,NORMAL,LOCAL,SAFE: all tasks permitted (weight=0.61),
1771435998.122,0.1,53.99,4.6798,1.299,49.9,5,,,0.02303,0.0000,0.0000,0.7738,0.0000,0.2303,0.4246,0.2086,CRITICAL,True,10,0,,,,,,
1771435998.122,0.1,54.51,4.7130,1.253,46.7,5,,,0.02256,0.0000,0.0000,0.6225,0.0000,0.2256,0.4016,0.1838,CRITICAL,True,10,0,,,,,,
1771435998.122,0.1,,,,,,,,,,,,,,,0.1838,SAFE,,10,,t2202_0,0.75,NORMAL,LOCAL,SAFE: all tasks permitted (weight=0.75),
1771435998.122,0.1,55.00,4.6757,1.297,49.8,5,,,0.02718,0.0000,0.0000,0.7921,0.0000,0.2718,0.4236,0.2149,CRITICAL,True,10,0,,,,,,
1771435998.122,0.1,55.49,4.7293,1.251,46.5,5,,,0.02659,0.0000,0.0000,0.5488,0.0000,0.2659,0.4007,0.1781,CRITICAL,True,10,0,,,,,,window_reset|B=10
1771435998.122,0.1,54.78,4.7554,1.209,43.5,5,,,0.02751,0.0000,0.0000,0.4301,0.0000,0.2751,0.3794,0.1593,CRITICAL,True,10,0,,,,,,
1771435998.122,0.1,55.19,4.7388,1.169,40.6,4,,,0.02689,0.0000,0.0000,0.5053,0.0000,0.2689,0.3445,0.1615,CRITICAL,True,10,0,,,,,,
1771435998.122,0.1,55.28,4.7333,1.132,38.0,4,,,0.02691,0.0000,0.0000,0.5303,0.0000,0.2691,0.3261,0.1611,CRITICAL,True,10,0,,,,,,
1771435998.122,0.1,55.39,4.7624,1.098,35.6,4,,,0.02740,0.0000,0.0000,0.3980,0.0000,0.2740,0.3089,0.1409,CRITICAL,True,10,0,,,,,,
1771435998.122,0.1,55.33,4.7745,1.066,33.3,3,,,0.03006,0.0000,0.0000,0.3433,0.0000,0.3006,0.2780,0.1303,CRITICAL,True,10,0,,,,,,
1771435998.122,0.1,54.55,4.8165,1.036,31.2,3,,,0.03778,0.0000,0.0000,0.1523,0.0000,0.3778,0.2631,0.1102,SAFE,True,10,0,,,,,,
1771435998.122,0.1,,,,,,,,,,,,,,,0.1102,SAFE,,10,,t2210_0,0.77,NORMAL,LOCAL,SAFE: all tasks permitted (weight=0.77),
1771435998.122,0.1,55.09,4.7646,1.098,35.6,4,,,0.03836,0.0000,0.0000,0.3883,0.0000,0.3836,0.3089,0.1506,CRITICAL,True,10,0,,,,,,
1771435998.122,0.1,55.03,4.7884,1.066,33.3,3,,,0.03995,0.0000,0.0000,0.2799,0.0000,0.3995,0.2780,0.1319,CRITICAL,True,10,0,,,,,,
1771435998.122,0.1,54.60,4.7916,1.036,31.2,3,,,0.03672,0.0000,0.0000,0.2654,0.0000,0.3672,0.2631,0.1238,CRITICAL,True,10,0,,,,,,
1771435998.122,0.1,54.13,4.8101,1.009,29.2,3,,,0.03756,0.0000,0.0000,0.1815,0.0000,0.3756,0.2493,0.1110,SAFE,True,10,0,,,,,,
1771435998.122,0.1,54.77,4.7972,0.983,27.4,3,,,0.02824,0.0000,0.0000,0.2398,0.0000,0.2824,0.2365,0.1067,CRITICAL,True,10,0,,,,,,
1771435998.122,0.1,54.10,4.8035,0.959,25.7,2,,,0.02630,0.0000,0.0000,0.2114,0.0000,0.2630,0.2096,0.0957,SAFE,True,10,0,,,,,,
1771435998.122,0.1,,,,,,,,,,,,,,,0.0957,SAFE,,10,,t2216_0,0.27,NORMAL,LOCAL,SAFE: all tasks permitted (weight=0.27),
1771435998.122,0.1,53.70,4.8388,0.968,26.3,2,,,0.03014,0.0000,0.0000,0.0508,0.0000,0.3014,0.2140,0.0795,SAFE,True,10,0,,,,,,
1771435998.122,0.1,53.87,4.8309,0.945,24.7,2,,,0.02912,0.0000,0.0000,0.0867,0.0000,0.2912,0.2026,0.0809,SAFE,True,10,0,,,,,,
1771435998.122,0.1,,,,,,,,,,,,,,,0.0809,SAFE,,10,,t2218_0,0.56,CRITICAL,LOCAL,SAFE: all tasks permitted (weight=0.56),
1771435998.122,0.1,,,,,,,,,,,,,,,0.0809,SAFE,,10,,t2218_1,0.42,NORMAL,LOCAL,SAFE: all tasks permitted (weight=0.42),
1771435998.122,0.1,53.62,4.7740,1.038,31.3,3,,,0.02392,0.0000,0.0000,0.3455,0.0000,0.2392,0.2638,0.1216,CRITICAL,True,10,0,,,,,,window_reset|B=10
1771435998.122,0.1,53.71,4.8169,1.010,29.3,3,,,0.02222,0.0000,0.0000,0.1505,0.0000,0.2222,0.2500,0.0918,SAFE,True,10,0,,,,,,
1771435998.122,0.1,52.92,4.8033,0.984,27.4,3,,,0.02078,0.0000,0.0000,0.2124,0.0000,0.2078,0.2371,0.0958,SAFE,True,10,0,,,,,,
1771435998.122,0.1,,,,,,,,,,,,,,,0.0958,SAFE,,10,,t2221_0,0.80,NORMAL,LOCAL,SAFE: all tasks permitted (weight=0.80),
1771435998.122,0.1,52.83,4.7880,1.053,32.4,3,,,0.02073,0.0000,0.0000,0.2818,0.0000,0.2073,0.2717,0.1117,CRITICAL,True,10,0,,,,,,
1771435998.122,0.1,,,,,,,,,,,,,,,0.1117,SAFE,,10,,t2222_0,0.35,HIGH,LOCAL,SAFE: all tasks permitted (weight=0.35),
1771435998.122,0.1,53.18,4.7447,1.066,33.3,3,,,0.02407,0.0000,0.0000,0.4788,0.0000,0.2407,0.2778,0.1419,CRITICAL,True,10,0,,,,,,
1771435998.123,0.1,52.79,4.7965,1.036,31.1,3,-76238.917,-6.83223,0.02388,0.0000,0.0000,0.2432,0.0000,0.2388,0.2630,0.1081,CRITICAL,True,10,0,,,,,,
1771435998.123,0.1,,,,,,,,,,,,,,,0.1081,SAFE,,10,,t2224_0,0.40,NORMAL,LOCAL,SAFE: all tasks permitted (weight=0.40),
1771435998.123,0.1,52.85,4.8019,1.055,32.5,3,-50231.644,-36.04659,0.02376,0.0000,0.0000,0.2186,0.0000,0.2376,0.2725,0.1067,SAFE,True,10,0,,,,,,
1771435998.123,0.1,,,,,,,,,,,,,,,0.1067,SAFE,,10,,t2225_0,0.42,NORMAL,LOCAL,SAFE: all tasks permitted (weight=0.42),
1771435998.123,0.1,52.93,4.7674,1.075,33.9,3,-55227.962,-62.01288,0.02521,0.0000,0.0000,0.3754,0.0000,0.2521,0.2824,0.1305,CRITICAL,True,10,0,,,,,,
1771435998.123,0.1,,,,,,,,,,,,,,,0.1305,SAFE,,10,,t2226_0,0.82,LOW,LOCAL,SAFE: all tasks permitted (weight=0.82),
1771435998.123,0.1,52.79,4.7395,1.140,38.6,4,-48840.724,-33.65241,0.02978,0.0000,0.0000,0.5021,0.0000,0.2978,0.3302,0.1611,CRITICAL,True,10,0,,,,,,
1771435998.123,0.1,52.43,4.7848,1.106,36.1,4,-75058.642,-31.35838,0.02963,0.0000,0.0000,0.2964,0.0000,0.2963,0.3128,0.1307,CRITICAL,True,10,0,,,,,,
1771435998.123,0.1,,,,,,,,,,,,,,,0.1307,SAFE,,10,,t2228_0,0.52,CRITICAL,LOCAL,SAFE: all tasks permitted (weight=0.52),
1771435998.123,0.1,53.16,4.7691,1.134,38.1,4,13833.346,-33.41642,0.02624,0.0000,0.0000,0.3679,0.0000,0.2624,0.3269,0.1394,CRITICAL,True,10,0,,,,,,
1771435998.123,0.1,,,,,,,,,,,,,,,0.1394,SAFE,,10,,t2229_0,0.73,HIGH,LOCAL,SAFE: all tasks permitted (weight=0.73),
1771435998.123,0.1,53.35,4.7231,1.184,41.7,4,30629.018,-63.41998,0.02734,0.0000,0.0000,0.5770,0.0000,0.2734,0.3522,0.1728,CRITICAL,True,10,0,,,,,,
1771435998.123,0.1,53.31,4.7579,1.146,39.0,4,7184.706,12.96955,0.02778,0.0000,0.0000,0.4184,0.0000,0.2778,0.3332,0.1488,CRITICAL,True,10,0,,,,,,
1771435998.123,0.1,,,,,,,,,,,,,,,0.1488,SAFE,,10,,t2231_0,0.45,NORMAL,LOCAL,SAFE: all tasks permitted (weight=0.45),
1771435998.123,0.1,53.50,4.7649,1.164,40.3,4,,,0.02470,0.0000,0.0000,0.3867,0.0000,0.2470,0.3420,0.1434,CRITICAL,True,10,0,,,,,,
1771435998.123,0.1,53.06,4.7391,1.128,37.7,4,,,0.02387,0.0000,0.0000,0.5040,0.0000,0.2387,0.3238,0.1541,CRITICAL,True,10,0,,,,,,
1771435998.123,0.1,53.25,4.7796,1.094,35.3,4,,,0.02329,0.0000,0.0000,0.3198,0.0000,0.2329,0.3068,0.1262,CRITICAL,True,10,0,,,,,,window_reset|B=10
1771435998.123,0.1,53.53,4.8003,1.062,33.0,3,,,0.02448,0.0000,0.0000,0.2260,0.0000,0.2448,0.2760,0.1090,SAFE,True,10,0,,,,,,
1771435998.123,0.1,,,,,,,,,,,,,,,0.1090,SAFE,,10,,t2235_0,0.74,NORMAL,LOCAL,SAFE: all tasks permitted (weight=0.74),
1771435998.123,0.1,53.33,4.7837,1.119,37.1,4,,,0.02350,0.0000,0.0000,0.3014,0.0000,0.2350,0.3194,0.1266,CRITICAL,True,10,0,,,,,,
1771435998.123,0.1,,,,,,,,,,,,,,,0.1266,SAFE,,10,,t2236_0,0.73,CRITICAL,LOCAL,SAFE: all tasks permitted (weight=0.73),
1771435998.123,0.1,,,,,,,,,,,,,,,0.1266,SAFE,,10,,t2236_1,0.66,HIGH,LOCAL,SAFE: all tasks permitted (weight=0.66),
1771435998.123,0.1,53.53,4.7134,1.248,46.3,5,,,0.02539,0.0000,0.0000,0.6208,0.0000,0.2539,0.3989,0.1859,CRITICAL,True,10,0,,,,,,
1771435998.123,0.1,,,,,,,,,,,,,,,0.1859,SAFE,,10,,t2237_0,0.75,CRITICAL,LOCAL,SAFE: all tasks permitted (weight=0.75),
1771435998.123,0.1,53.12,4.7220,1.292,49.5,5,,,0.02735,0.0000,0.0000,0.5816,0.0000,0.2735,0.4212,0.1872,CRITICAL,True,10,0,,,,,,
1771435998.123,0.1,,,,,,,,,,,,,,,0.1872,SAFE,,10,,t2238_0,0.33,NORMAL,LOCAL,SAFE: all tasks permitted (weight=0.33),
1771435998.123,0.1,53.65,4.7749,1.286,49.0,5,,,0.02727,0.0000,0.0000,0.3411,0.0000,0.2727,0.4179,0.1552,CRITICAL,True,10,0,,,,,,
1771435998.123,0.1,53.92,4.7419,1.241,45.8,5,,,0.02651,0.0000,0.0000,0.4911,0.0000,0.2651,0.3954,0.1694,CRITICAL,True,10,0,,,,,,
1771435998.123,0.1,,,,,,,,,,,,,,,0.1694,SAFE,,10,,t2240_0,0.23,HIGH,LOCAL,SAFE: all tasks permitted (weight=0.23),
1771435998.123,0.1,53.47,4.7051,1.225,44.7,5,,,0.02958,0.0000,0.0000,0.6589,0.0000,0.2958,0.3877,0.1928,CRITICAL,True,10,0,,,,,,
1771435998.123,0.1,,,,,,,,,,,,,,,0.1928,SAFE,,10,,t2241_0,0.36,NORMAL,LOCAL,SAFE: all tasks permitted (weight=0.36),
1771435998.123,0.1,,,,,,,,,,,,,,,0.1928,SAFE,,10,,t2241_1,0.66,HIGH,LOCAL,SAFE: all tasks permitted (weight=0.66),
1771435998.123,0.1,54.11,4.7082,1.304,50.3,5,,,0.03098,0.0000,0.0000,0.6446,0.0000,0.3098,0.4270,0.2002,CRITICAL,True,10,0,,,,,,
1771435998.123,0.1,,,,,,,,,,,,,,,0.2002,SAFE,,10,,t2242_0,0.39,LOW,LOCAL,SAFE: all tasks permitted (weight=0.39),
1771435998.123,0.1,54.48,4.7327,1.303,50.2,5,,,0.03118,0.0000,0.0000,0.5332,0.0000,0.3118,0.4267,0.1858,CRITICAL,True,10,0,,,,,,
1771435998.123,0.1,54.97,4.6795,1.257,46.9,5,,,0.03573,0.0000,0.0000,0.7750,0.0000,0.3573,0.4035,0.2172,CRITICAL,True,10,0,,,,,,
1771435998.123,0.1,,,,,,,,,,,,,,,0.2172,SAFE,,10,,t2244_0,0.32,HIGH,LOCAL,SAFE: all tasks permitted (weight=0.32),
1771435998.123,0.1,,,,,,,,,,,,,,,0.2172,SAFE,,10,,t2244_1,0.58,NORMAL,LOCAL,SAFE: all tasks permitted (weight=0.58),
1771435998.123,0.1,54.22,4.7063,1.320,51.4,6,,,0.03693,0.0000,0.0000,0.6531,0.0000,0.3693,0.4500,0.2118,CRITICAL,True,10,0,,,,,,
1771435998.123,0.1,54.48,4.7446,1.273,48.0,5,,,0.03479,0.0000,0.0000,0.4793,0.0000,0.3479,0.4113,0.1794,CRITICAL,True,10,0,,,,,,
1771435998.123,0.1,54.64,4.7433,1.228,44.9,5,,,0.02885,0.0000,0.0000,0.4848,0.0000,0.2885,0.3892,0.1697,CRITICAL,True,10,0,,,,,,
1771435998.123,0.1,55.02,4.7447,1.187,42.0,4,,,0.02444,0.0000,0.0000,0.4786,0.0000,0.2444,0.3537,0.1574,CRITICAL,True,10,0,,,,,,
1771435998.123,0.1,55.45,4.7474,1.149,39.2,4,,,0.02474,0.0000,0.0000,0.4664,0.0000,0.2474,0.3346,0.1523,CRITICAL,True,10,0,,,,,,window_reset|B=10
1771435998.123,0.1,,,,,,,,,,,,,,,0.1523,SAFE,,10,,t2249_0,0.26,NORMAL,LOCAL,SAFE: all tasks permitted (weight=0.26),
1771435998.123,0.1,54.60,4.7323,1.144,38.8,4,,,0.02465,0.0000,0.0000,0.5350,0.0000,0.2465,0.3319,0.1606,CRITICAL,True,10,0,,,,,,
1771435998.123,0.1,,,,,,,,,,,,,,,0.1606,SAFE,,10,,t2250_0,0.65,NORMAL,LOCAL,SAFE: all tasks permitted (weight=0.65),
1771435998.123,0.1,,,,,,,,,,,,,,,0.1606,SAFE,,10,,t2250_1,0.46,HIGH,LOCAL,SAFE: all tasks permitted (weight=0.46),
1771435998.123,0.1,54.57,4.6999,1.239,45.7,5,,,0.02183,0.0000,0.0000,0.6821,0.0000,0.2183,0.3947,0.1894,CRITICAL,True,10,0,,,,,,
1771435998.123,0.1,,,,,,,,,,,,,,,0.1894,SAFE,,10,,t2251_0,0.58,HIGH,LOCAL,SAFE: all tasks permitted (weight=0.58),
1771435998.123,0.1,54.96,4.7442,1.266,47.6,5,,,0.02200,0.0000,0.0000,0.4808,0.0000,0.2200,0.4079,0.1661,CRITICAL,True,10,0,,,,,,
1771435998.123,0.1,55.30,4.7354,1.222,44.4,5,,,0.02141,0.0000,0.0000,0.5210,0.0000,0.2141,0.3861,0.1663,CRITICAL,True,10,0,,,,,,
1771435998.124,0.1,54.92,4.6922,1.182,41.5,4,26961.303,-53.14596,0.02295,0.0000,0.0000,0.7172,0.0000,0.2295,0.3508,0.1863,CRITICAL,True,10,0,,,,,,
1771435998.124,0.1,55.38,4.7343,1.144,38.8,4,44722.606,-9.22290,0.02299,0.0000,0.0000,0.5261,0.0000,0.2299,0.3319,0.1578,CRITICAL,True,10,0,,,,,,
1771435998.124,0.1,54.55,4.7505,1.109,36.3,4,-28889.856,5.90701,0.01927,0.0000,0.0000,0.4522,0.0000,0.1927,0.3143,0.1409,CRITICAL,True,10,0,,,,,,
1771435998.124,0.1,55.39,4.7781,1.076,34.0,3,-3553.111,31.19164,0.02160,0.0000,0.0000,0.3268,0.0000,0.2160,0.2830,0.1207,CRITICAL,True,10,0,,,,,,
1771435998.124,0.1,55.43,4.7814,1.046,31.8,3,50624.645,49.82564,0.02480,0.0000,0.0000,0.3120,0.0000,0.2480,0.2678,0.1189,CRITICAL,True,10,0,,,,,,
1771435998.124,0.1,54.39,4.7810,1.017,29.8,3,-11298.847,82.33275,0.02724,0.0000,0.0000,0.3136,0.0000,0.2724,0.2537,0.1187,CRITICAL,True,10,0,,,,,,
1771435998.124,0.1,54.18,4.8039,0.991,27.9,3,-46936.446,60.64293,0.03198,0.0000,0.0000,0.2093,0.0000,0.3198,0.2405,0.1073,SAFE,True,10,0,,,,,,
1771435998.124,0.1,53.99,4.7925,0.967,26.2,2,-80007.752,57.96145,0.03421,0.0000,0.0000,0.2615,0.0000,0.3421,0.2133,0.1109,CRITICAL,True,10,0,,,,,,
1771435998.124,0.1,,,,,,,,,,,,,,,0.1109,SAFE,,10,,t2261_0,0.38,HIGH,LOCAL,SAFE: all tasks permitted (weight=0.38),
1771435998.124,0.1,53.70,4.8054,0.989,27.8,3,,,0.03656,0.0000,0.0000,0.2028,0.0000,0.3656,0.2394,0.1108,SAFE,True,10,0,,,,,,
1771435998.124,0.1,,,,,,,,,,,,,,,0.1108,SAFE,,10,,t2262_0,0.68,HIGH,LOCAL,SAFE: all tasks permitted (weight=0.68),
1771435998.124,0.1,53.84,4.7949,1.044,31.7,3,,,0.03321,0.0000,0.0000,0.2504,0.0000,0.3321,0.2672,0.1192,CRITICAL,True,10,0,,,,,,
1771435998.124,0.1,,,,,,,,,,,,,,,0.1192,SAFE,,10,,t2263_0,0.67,NORMAL,LOCAL,SAFE: all tasks permitted (weight=0.67),
1771435998.124,0.1,54.28,4.7590,1.095,35.3,4,,,0.03265,0.0000,0.0000,0.4139,0.0000,0.3265,0.3074,0.1479,CRITICAL,True,10,0,,,,,,window_reset|B=10
1771435998.124,0.1,,,,,,,,,,,,,,,0.1479,SAFE,,10,,t2264_0,0.27,NORMAL,LOCAL,SAFE: all tasks permitted (weight=0.27),
1771435998.124,0.1,53.28,4.7730,1.095,35.3,4,,,0.03120,0.0000,0.0000,0.3502,0.0000,0.3120,0.3073,0.1382,CRITICAL,True,10,0,,,,,,
1771435998.124,0.1,,,,,,,,,,,,,,,0.1382,SAFE,,10,,t2265_0,0.78,CRITICAL,LOCAL,SAFE: all tasks permitted (weight=0.78),
1771435998.124,0.1,54.00,4.7500,1.154,39.6,4,,,0.02178,0.0000,0.0000,0.4547,0.0000,0.2178,0.3371,0.1483,CRITICAL,True,10,0,,,,,,
1771435998.124,0.1,54.10,4.7818,1.118,37.0,4,,,0.01794,0.0000,0.0000,0.3100,0.0000,0.1794,0.3192,0.1221,CRITICAL,True,10,0,,,,,,
1771435998.124,0.1,54.07,4.8175,1.085,34.6,3,,,0.01853,0.0000,0.0000,0.1478,0.0000,0.1853,0.2875,0.0953,SAFE,True,10,0,,,,,,
1771435998.124,0.1,53.41,4.7621,1.054,32.4,3,,,0.01953,0.0000,0.0000,0.3998,0.0000,0.1953,0.2720,0.1259,CRITICAL,True,10,0,,,,,,
1771435998.124,0.1,53.93,4.8035,1.025,30.4,3,,,0.02026,0.0000,0.0000,0.2115,0.0000,0.2026,0.2576,0.0993,SAFE,True,10,0,,,,,,
1771435998.124,0.1,54.17,4.7918,0.998,28.5,3,,,0.02029,0.0000,0.0000,0.2646,0.0000,0.2029,0.2442,0.1035,CRITICAL,True,10,0,,,,,,
1771435998.124,0.1,53.41,4.7756,0.973,26.7,2,,,0.01973,0.0000,0.0000,0.3381,0.0000,0.1973,0.2167,0.1070,CRITICAL,True,10,0,,,,,,
1771435998.124,0.1,,,,,,,,,,,,,,,0.1070,SAFE,,10,,t2272_0,0.73,HIGH,LOCAL,SAFE: all tasks permitted (weight=0.73),
1771435998.124,0.1,53.61,4.7667,1.037,31.2,3,,,0.02009,0.0000,0.0000,0.3788,0.0000,0.2009,0.2633,0.1220,CRITICAL,True,10,0,,,,,,
1771435998.124,0.1,53.26,4.7691,1.009,29.2,3,,,0.01901,0.0000,0.0000,0.3679,0.0000,0.1901,0.2495,0.1167,CRITICAL,True,10,0,,,,,,
1771435998.124,0.1,53.25,4.8280,0.983,27.4,3,,,0.02311,0.0000,0.0000,0.1001,0.0000,0.2311,0.2367,0.0835,SAFE,True,10,0,,,,,,
1771435998.124,0.1,52.14,4.8411,0.959,25.7,2,,,0.02722,0.0000,0.0000,0.0406,0.0000,0.2722,0.2097,0.0744,SAFE,True,10,0,,,,,,
1771435998.124,0.1,,,,,,,,,,,,,,,0.0744,SAFE,,10,,t2276_0,0.78,HIGH,LOCAL,SAFE: all tasks permitted (weight=0.78),
1771435998.124,0.1,52.91,4.7978,1.030,30.7,3,,,0.02691,0.0000,0.0000,0.2374,0.0000,0.2691,0.2598,0.1097,CRITICAL,True,10,0,,,,,,
1771435998.124,0.1,,,,,,,,,,,,,,,0.1097,SAFE,,10,,t2277_0,0.46,NORMAL,LOCAL,SAFE: all tasks permitted (weight=0.46),
1771435998.124,0.1,53.05,4.7708,1.057,32.6,3,,,0.02484,0.0000,0.0000,0.3598,0.0000,0.2484,0.2733,0.1263,CRITICAL,True,10,0,,,,,,
1771435998.124,0.1,,,,,,,,,,,,,,,0.1263,SAFE,,10,,t2278_0,0.63,NORMAL,LOCAL,SAFE: all tasks permitted (weight=0.63),
1771435998.124,0.1,53.14,4.7316,1.102,35.8,4,,,0.02993,0.0000,0.0000,0.5382,0.0000,0.2993,0.3109,0.1621,CRITICAL,True,10,0,,,,,,window_reset|B=10
1771435998.124,0.1,53.11,4.7864,1.070,33.6,3,,,0.02858,0.0000,0.0000,0.2893,0.0000,0.2858,0.2799,0.1222,CRITICAL,True,10,0,,,,,,
1771435998.124,0.1,52.90,4.7974,1.040,31.4,3,,,0.02784,0.0000,0.0000,0.2389,0.0000,0.2784,0.2649,0.1119,CRITICAL,True,10,0,,,,,,
1771435998.124,0.1,,,,,,,,,,,,,,,0.1119,SAFE,,10,,t2281_0,0.40,NORMAL,LOCAL,SAFE: all tasks permitted (weight=0.40),
1771435998.124,0.1,52.56,4.7978,1.060,32.8,3,,,0.02762,0.0000,0.0000,0.2371,0.0000,0.2762,0.2748,0.1134,CRITICAL,True,10,0,,,,,,
1771435998.124,0.1,,,,,,,,,,,,,,,0.1134,SAFE,,10,,t2282_0,0.20,NORMAL,LOCAL,SAFE: all tasks permitted (weight=0.20),
1771435998.124,0.1,52.83,4.7733,1.054,32.4,3,,,0.02787,0.0000,0.0000,0.3486,0.0000,0.2787,0.2721,0.1276,CRITICAL,True,10,0,,,,,,
1771435998.124,0.1,,,,,,,,,,,,,,,0.1276,SAFE,,10,,t2283_0,0.69,NORMAL,LOCAL,SAFE: all tasks permitted (weight=0.69),
1771435998.124,0.1,52.54,4.7454,1.106,36.2,4,,,0.03000,0.0000,0.0000,0.4753,0.0000,0.3000,0.3132,0.1544,CRITICAL,True,10,0,,,,,,
1771435998.124,0.1,,,,,,,,,,,,,,,0.1544,SAFE,,10,,t2284_0,0.70,LOW,LOCAL,SAFE: all tasks permitted (weight=0.70),
1771435998.124,0.1,52.56,4.7062,1.157,39.8,4,,,0.03678,0.0000,0.0000,0.6539,0.0000,0.3678,0.3386,0.1895,CRITICAL,True,10,0,,,,,,
1771435998.124,0.1,,,,,,,,,,,,,,,0.1895,SAFE,,10,,t2285_0,0.83,LOW,LOCAL,SAFE: all tasks permitted (weight=0.83),
1771435998.124,0.1,52.32,4.7450,1.219,44.2,5,,,0.03789,0.0000,0.0000,0.4771,0.0000,0.3789,0.3846,0.1768,CRITICAL,True,10,0,,,,,,
1771435998.124,0.1,,,,,,,,,,,,,,,0.1768,SAFE,,10,,t2286_0,0.46,HIGH,LOCAL,SAFE: all tasks permitted (weight=0.46),
1771435998.124,0.1,53.34,4.7492,1.234,45.3,5,,,0.03517,0.0000,0.0000,0.4583,0.0000,0.3517,0.3919,0.1731,CRITICAL,True,10,0,,,,,,
1771435998.124,0.1,,,,,,,,,,,,,,,0.1731,SAFE,,10,,t2287_0,0.46,HIGH,LOCAL,SAFE: all tasks permitted (weight=0.46),
1771435998.124,0.1,53.70,4.7126,1.247,46.2,5,,,0.03129,0.0000,0.0000,0.6245,0.0000,0.3129,0.3985,0.1922,CRITICAL,True,10,0,,,,,,
1771435998.125,0.1,53.61,4.7572,1.205,43.2,5,41538.780,-39.68245,0.02908,0.0000,0.0000,0.4220,0.0000,0.2908,0.3773,0.1594,CRITICAL,True,10,0,,,,,,
1771435998.125,0.1,53.48,4.7439,1.165,40.4,4,54476.865,-53.10111,0.02890,0.0000,0.0000,0.4821,0.0000,0.2890,0.3426,0.1601,CRITICAL,True,10,0,,,,,,
1771435998.125,0.1,,,,,,,,,,,,,,,0.1601,SAFE,,10,,t2290_0,0.54,HIGH,LOCAL,SAFE: all tasks permitted (weight=0.54),
1771435998.125,0.1,,,,,,,,,,,,,,,0.1601,SAFE,,10,,t2290_1,0.62,NORMAL,LOCAL,SAFE: all tasks permitted (weight=0.62),
1771435998.125,0.1,53.16,4.7302,1.267,47.6,5,19400.455,-42.47371,0.02899,0.0000,0.0000,0.5445,0.0000,0.2899,0.4084,0.1815,CRITICAL,True,10,0,,,,,,
1771435998.125,0.1,,,,,,,,,,,,,,,0.1815,SAFE,,10,,t2291_0,0.20,NORMAL,LOCAL,SAFE: all tasks permitted (weight=0.20),
1771435998.125,0.1,53.99,4.7451,1.247,46.2,5,85164.795,-0.35141,0.02731,0.0000,0.0000,0.4770,0.0000,0.2731,0.3985,0.1690,CRITICAL,True,10,0,,,,,,
1771435998.125,0.1,54.10,4.7712,1.205,43.2,5,91164.017,64.08196,0.02434,0.0000,0.0000,0.3582,0.0000,0.2434,0.3774,0.1464,CRITICAL,True,10,0,,,,,,
1771435998.125,0.1,,,,,,,,,,,,,,,0.1464,SAFE,,10,,t2293_0,0.44,LOW,LOCAL,SAFE: all tasks permitted (weight=0.44),
1771435998.125,0.1,53.38,4.7545,1.218,44.1,5,62650.136,9.29857,0.01940,0.0000,0.0000,0.4342,0.0000,0.1940,0.3839,0.1526,CRITICAL,True,10,0,,,,,,window_reset|B=10
1771435998.125,0.1,,,,,,,,,,,,,,,0.1526,SAFE,,10,,t2294_0,0.46,NORMAL,LOCAL,SAFE: all tasks permitted (weight=0.46),
1771435998.125,0.1,54.04,4.7117,1.232,45.2,5,40983.505,-36.94304,0.01925,0.0000,0.0000,0.6287,0.0000,0.1925,0.3911,0.1792,CRITICAL,True,10,0,,,,,,
1771435998.125,0.1,54.25,4.7529,1.191,42.2,4,32554.759,39.64767,0.01955,0.0000,0.0000,0.4416,0.0000,0.1955,0.3555,0.1481,CRITICAL,True,10,0,,,,,,
1771435998.125,0.1,,,,,,,,,,,,,,,0.1481,SAFE,,10,,t2296_0,0.64,HIGH,LOCAL,SAFE: all tasks permitted (weight=0.64),
1771435998.125,0.1,53.82,4.7573,1.228,44.9,5,,,0.01714,0.0000,0.0000,0.4213,0.0000,0.1714,0.3891,0.1497,CRITICAL,True,10,0,,,,,,
1771435998.125,0.1,54.17,4.7214,1.187,41.9,4,,,0.01826,0.0000,0.0000,0.5844,0.0000,0.1826,0.3536,0.1649,CRITICAL,True,10,0,,,,,,
1771435998.125,0.1,54.27,4.7341,1.149,39.2,4,,,0.01825,0.0000,0.0000,0.5268,0.0000,0.1825,0.3345,0.1536,CRITICAL,True,10,0,,,,,,
1771435998.125,0.1,,,,,,,,,,,,,,,0.1536,SAFE,,10,,t2299_0,0.48,LOW,LOCAL,SAFE: all tasks permitted (weight=0.48),
1771435998.125,0.1,53.64,4.7593,1.171,40.8,4,,,0.01670,0.0000,0.0000,0.4123,0.0000,0.1670,0.3453,0.1394,CRITICAL,True,10,0,,,,,,
1771435998.125,0.1,,,,,,,,,,,,,,,0.1394,SAFE,,10,,t2300_0,0.51,NORMAL,LOCAL,SAFE: all tasks permitted (weight=0.51),
1771435998.125,0.1,54.22,4.7464,1.193,42.4,4,,,0.01630,0.0000,0.0000,0.4711,0.0000,0.1630,0.3567,0.1489,CRITICAL,True,10,0,,,,,,
1771435998.125,0.1,54.83,4.7558,1.155,39.6,4,,,0.01662,0.0000,0.0000,0.4282,0.0000,0.1662,0.3374,0.1398,CRITICAL,True,10,0,,,,,,
1771435998.125,0.1,,,,,,,,,,,,,,,0.1398,SAFE,,10,,t2302_0,0.24,CRITICAL,LOCAL,SAFE: all tasks permitted (weight=0.24),
1771435998.125,0.1,54.52,4.7651,1.147,39.1,4,,,0.01683,0.0000,0.0000,0.3859,0.0000,0.1683,0.3336,0.1337,CRITICAL,True,10,0,,,,,,
1771435998.125,0.1,,,,,,,,,,,,,,,0.1337,SAFE,,10,,t2303_0,0.30,NORMAL,LOCAL,SAFE: all tasks permitted (weight=0.30),
1771435998.125,0.1,54.36,4.7623,1.148,39.1,4,,,0.01726,0.0000,0.0000,0.3988,0.0000,0.1726,0.3339,0.1359,CRITICAL,True,10,0,,,,,,
1771435998.125,0.1,54.04,4.7415,1.112,36.6,4,,,0.01603,0.0000,0.0000,0.4931,0.0000,0.1603,0.3162,0.1434,CRITICAL,True,10,0,,,,,,
1771435998.125,0.1,54.60,4.7855,1.079,34.2,3,,,0.01923,0.0000,0.0000,0.2932,0.0000,0.1923,0.2847,0.1143,CRITICAL,True,10,0,,,,,,
1771435998.125,0.1,,,,,,,,,,,,,,,0.1143,SAFE,,10,,t2306_0,0.29,CRITICAL,LOCAL,SAFE: all tasks permitted (weight=0.29),
1771435998.125,0.1,53.95,4.7550,1.083,34.5,3,,,0.01551,0.0000,0.0000,0.4319,0.0000,0.1551,0.2864,0.1289,CRITICAL,True,10,0,,,,,,
1771435998.125,0.1,53.69,4.8008,1.052,32.3,3,,,0.02037,0.0000,0.0000,0.2236,0.0000,0.2037,0.2709,0.1036,SAFE,True,10,0,,,,,,
1771435998.125,0.1,53.77,4.8225,1.023,30.2,3,,,0.02725,0.0000,0.0000,0.1249,0.0000,0.2725,0.2566,0.0948,SAFE,True,10,0,,,,,,window_reset|B=10
1771435998.125,0.1,,,,,,,,,,,,,,,0.0948,SAFE,,10,,t2309_0,0.38,CRITICAL,LOCAL,SAFE: all tasks permitted (weight=0.38),
1771435998.125,0.1,,,,,,,,,,,,,,,0.0948,SAFE,,10,,t2309_1,0.68,HIGH,LOCAL,SAFE: all tasks permitted (weight=0.68),
1771435998.125,0.1,54.17,4.7651,1.123,37.3,4,,,0.02428,0.0000,0.0000,0.3858,0.0000,0.2428,0.3213,0.1387,CRITICAL,True,10,0,,,,,,
1771435998.125,0.1,,,,,,,,,,,,,,,0.1387,SAFE,,10,,t2310_0,0.73,HIGH,LOCAL,SAFE: all tasks permitted (weight=0.73),
1771435998.125,0.1,54.39,4.7315,1.176,41.2,4,,,0.02458,0.0000,0.0000,0.5388,0.0000,0.2458,0.3481,0.1642,CRITICAL,True,10,0,,,,,,
1771435998.125,0.1,,,,,,,,,,,,,,,0.1642,SAFE,,10,,t2311_0,0.51,NORMAL,LOCAL,SAFE: all tasks permitted (weight=0.51),
1771435998.125,0.1,54.16,4.7663,1.199,42.8,4,,,0.02450,0.0000,0.0000,0.3802,0.0000,0.2450,0.3597,0.1459,CRITICAL,True,10,0,,,,,,
1771435998.125,0.1,,,,,,,,,,,,,,,0.1459,SAFE,,10,,t2312_0,0.80,NORMAL,LOCAL,SAFE: all tasks permitted (weight=0.80),
1771435998.125,0.1,53.92,4.6954,1.255,46.8,5,,,0.03113,0.0000,0.0000,0.7026,0.0000,0.3113,0.4026,0.2030,CRITICAL,True,10,0,,,,,,
1771435998.125,0.1,54.32,4.7135,1.212,43.7,5,,,0.03393,0.0000,0.0000,0.6204,0.0000,0.3393,0.3812,0.1908,CRITICAL,True,10,0,,,,,,
1771435998.125,0.1,,,,,,,,,,,,,,,0.1908,SAFE,,10,,t2314_0,0.68,LOW,LOCAL,SAFE: all tasks permitted (weight=0.68),
1771435998.125,0.1,54.36,4.7297,1.253,46.7,5,,,0.03478,0.0000,0.0000,0.5468,0.0000,0.3478,0.4017,0.1862,CRITICAL,True,10,0,,,,,,
1771435998.125,0.1,54.38,4.7009,1.211,43.6,5,,,0.03782,0.0000,0.0000,0.6776,0.0000,0.3782,0.3803,0.2020,CRITICAL,True,10,0,,,,,,
1771435998.125,0.1,,,,,,,,,,,,,,,0.2020,SAFE,,10,,t2316_0,0.58,LOW,LOCAL,SAFE: all tasks permitted (weight=0.58),
1771435998.125,0.1,54.81,4.7265,1.240,45.7,5,,,0.03834,0.0000,0.0000,0.5613,0.0000,0.3834,0.3951,0.1903,CRITICAL,True,10,0,,,,,,
1771435998.125,0.1,,,,,,,,,,,,,,,0.1903,SAFE,,10,,t2317_0,0.30,LOW,LOCAL,SAFE: all tasks permitted (weight=0.30),
1771435998.125,0.1,54.31,4.7209,1.234,45.3,5,,,0.03742,0.0000,0.0000,0.5868,0.0000,0.3742,0.3922,0.1921,CRITICAL,True,10,0,,,,,,
1771435998.125,0.1,54.74,4.7461,1.193,42.4,4,,,0.03729,0.0000,0.0000,0.4723,0.0000,0.3729,0.3565,0.1700,CRITICAL,True,10,0,,,,,,
1771435998.125,0.1,,,,,,,,,,,,,,,0.1700,SAFE,,10,,t2319_0,0.37,HIGH,LOCAL,SAFE: all tasks permitted (weight=0.37),
1771435998.125,0.1,54.56,4.7316,1.199,42.8,4,,,0.03305,0.0000,0.0000,0.5384,0.0000,0.3305,0.3594,0.1749,CRITICAL,True,10,0,,,,,,
1771435998.125,0.1,,,,,,,,,,,,,,,0.1749,SAFE,,10,,t2320_0,0.76,NORMAL,LOCAL,SAFE: all tasks permitted (weight=0.76),
1771435998.126,0.1,54.72,4.6588,1.250,46.4,5,44767.814,-33.75275,0.02863,0.0000,0.0000,0.8689,0.0000,0.2863,0.4001,0.2216,CRITICAL,True,10,0,,,,,,
1771435998.126,0.1,55.18,4.7441,1.208,43.4,5,47334.770,28.21314,0.02663,0.0000,0.0000,0.4814,0.0000,0.2663,0.3788,0.1650,CRITICAL,True,10,0,,,,,,
1771435998.126,0.1,54.86,4.7548,1.168,40.6,4,27886.063,23.12567,0.02805,0.0000,0.0000,0.4328,0.0000,0.2805,0.3440,0.1531,CRITICAL,True,10,0,,,,,,
1771435998.126,0.1,55.07,4.7728,1.131,37.9,4,38152.715,66.35741,0.02891,0.0000,0.0000,0.3508,0.0000,0.2891,0.3256,0.1396,CRITICAL,True,10,0,,,,,,window_reset|B=10
1771435998.126,0.1,,,,,,,,,,,,,,,0.1396,SAFE,,10,,t2324_0,0.68,LOW,LOCAL,SAFE: all tasks permitted (weight=0.68),
1771435998.126,0.1,54.10,4.7648,1.178,41.3,4,-39311.222,35.36325,0.02943,0.0000,0.0000,0.3871,0.0000,0.2943,0.3491,0.1496,CRITICAL,True,10,0,,,,,,
1771435998.126,0.1,55.28,4.7561,1.141,38.6,4,53965.155,32.45199,0.02975,0.0000,0.0000,0.4269,0.0000,0.2975,0.3303,0.1513,CRITICAL,True,10,0,,,,,,
1771435998.126,0.1,,,,,,,,,,,,,,,0.1513,SAFE,,10,,t2326_0,0.36,CRITICAL,LOCAL,SAFE: all tasks permitted (weight=0.36),
1771435998.126,0.1,54.63,4.7367,1.149,39.2,4,-5920.264,-8.69700,0.02973,0.0000,0.0000,0.5151,0.0000,0.2973,0.3345,0.1636,CRITICAL,True,10,0,,,,,,
1771435998.126,0.1,54.70,4.7789,1.113,36.7,4,7374.476,43.72055,0.03020,0.0000,0.0000,0.3230,0.0000,0.3020,0.3167,0.1355,CRITICAL,True,10,0,,,,,,
1771435998.126,0.1,,,,,,,,,,,,,,,0.1355,SAFE,,10,,t2328_0,0.51,HIGH,LOCAL,SAFE: all tasks permitted (weight=0.51),
1771435998.126,0.1,,,,,,,,,,,,,,,0.1355,SAFE,,10,,t2328_1,0.65,NORMAL,LOCAL,SAFE: all tasks permitted (weight=0.65),
1771435998.126,0.1,54.81,4.7027,1.219,44.2,5,,,0.03183,0.0000,0.0000,0.6696,0.0000,0.3183,0.3846,0.1958,CRITICAL,True,10,0,,,,,,
1771435998.126,0.1,,,,,,,,,,,,,,,0.1958,SAFE,,10,,t2329_0,0.58,NORMAL,LOCAL,SAFE: all tasks permitted (weight=0.58),
1771435998.126,0.1,54.78,4.7231,1.248,46.3,5,,,0.03173,0.0000,0.0000,0.5769,0.0000,0.3173,0.3990,0.1865,CRITICAL,True,10,0,,,,,,
1771435998.126,0.1,54.57,4.7178,1.206,43.3,5,,,0.03218,0.0000,0.0000,0.6007,0.0000,0.3218,0.3778,0.1858,CRITICAL,True,10,0,,,,,,
1771435998.126,0.1,,,,,,,,,,,,,,,0.1858,SAFE,,10,,t2331_0,0.69,LOW,LOCAL,SAFE: all tasks permitted (weight=0.69),
1771435998.126,0.1,55.54,4.7459,1.249,46.4,5,,,0.03222,0.0000,0.0000,0.4734,0.0000,0.3222,0.3995,0.1737,CRITICAL,True,10,0,,,,,,
1771435998.126,0.1,,,,,,,,,,,,,,,0.1737,SAFE,,10,,t2332_0,0.37,LOW,LOCAL,SAFE: all tasks permitted (weight=0.37),
1771435998.126,0.1,55.33,4.7294,1.250,46.4,5,,,0.02207,0.0000,0.0000,0.5484,0.0000,0.2207,0.4001,0.1734,CRITICAL,True,10,0,,,,,,
1771435998.126,0.1,54.96,4.7411,1.208,43.4,5,,,0.02209,0.0000,0.0000,0.4949,0.0000,0.2209,0.3788,0.1622,CRITICAL,True,10,0,,,,,,
1771435998.126,0.1,54.89,4.7448,1.168,40.6,4,,,0.02184,0.0000,0.0000,0.4783,0.0000,0.2184,0.3440,0.1528,CRITICAL,True,10,0,,,,,,
1771435998.126,0.1,,,,,,,,,,,,,,,0.1528,SAFE,,10,,t2335_0,0.78,NORMAL,LOCAL,SAFE: all tasks permitted (weight=0.78),
1771435998.126,0.1,55.16,4.7436,1.224,44.6,5,,,0.01990,0.0000,0.0000,0.4837,0.0000,0.1990,0.3872,0.1602,CRITICAL,True,10,0,,,,,,
1771435998.126,0.1,55.07,4.7556,1.184,41.7,4,,,0.01911,0.0000,0.0000,0.4289,0.0000,0.1911,0.3518,0.1452,CRITICAL,True,10,0,,,,,,
1771435998.126,0.1,,,,,,,,,,,,,,,0.1452,SAFE,,10,,t2337_0,0.28,HIGH,LOCAL,SAFE: all tasks permitted (weight=0.28),
1771435998.126,0.1,54.57,4.7501,1.180,41.4,4,,,0.01875,0.0000,0.0000,0.4543,0.0000,0.1875,0.3499,0.1478,CRITICAL,True,10,0,,,,,,
1771435998.126,0.1,,,,,,,,,,,,,,,0.1478,SAFE,,10,,t2338_0,0.74,HIGH,LOCAL,SAFE: all tasks permitted (weight=0.74),
1771435998.126,0.1,55.53,4.7403,1.231,45.1,5,,,0.01873,0.0000,0.0000,0.4987,0.0000,0.1873,0.3904,0.1617,CRITICAL,True,10,0,,,,,,window_reset|B=10
1771435998.126,0.1,55.78,4.7677,1.190,42.1,4,,,0.01693,0.0000,0.0000,0.3742,0.0000,0.1693,0.3548,0.1365,CRITICAL,True,10,0,,,,,,
1771435998.126,0.1,,,,,,,,,,,,,,,0.1365,SAFE,,10,,t2340_0,0.57,NORMAL,LOCAL,SAFE: all tasks permitted (weight=0.57),
1771435998.126,0.1,55.66,4.7451,1.220,44.3,5,,,0.01307,0.0000,0.0000,0.4767,0.0000,0.1307,0.3848,0.1520,CRITICAL,True,10,0,,,,,,
1771435998.126,0.1,55.49,4.6946,1.179,41.4,4,,,0.01797,0.0000,0.0000,0.7065,0.0000,0.1797,0.3496,0.1797,CRITICAL,True,10,0,,,,,,
1771435998.126,0.1,,,,,,,,,,,,,,,0.1797,SAFE,,10,,t2342_0,0.50,LOW,LOCAL,SAFE: all tasks permitted (weight=0.50),
1771435998.126,0.1,55.93,4.7301,1.201,42.9,4,,,0.01703,0.0000,0.0000,0.5452,0.0000,0.1703,0.3604,0.1600,CRITICAL,True,10,0,,,,,,
1771435998.126,0.1,,,,,,,,,,,,,,,0.1600,SAFE,,10,,t2343_0,0.57,HIGH,LOCAL,SAFE: all tasks permitted (weight=0.57),
1771435998.126,0.1,55.88,4.7510,1.230,45.0,5,,,0.01722,0.0000,0.0000,0.4501,0.0000,0.1722,0.3901,0.1538,CRITICAL,True,10,0,,,,,,
1771435998.126,0.1,55.78,4.7606,1.189,42.1,4,,,0.01760,0.0000,0.0000,0.4065,0.0000,0.1760,0.3546,0.1414,CRITICAL,True,10,0,,,,,,
1771435998.126,0.1,,,,,,,,,,,,,,,0.1414,SAFE,,10,,t2345_0,0.26,CRITICAL,LOCAL,SAFE: all tasks permitted (weight=0.26),
1771435998.126,0.1,55.50,4.7691,1.182,41.6,4,,,0.01890,0.0000,0.0000,0.3679,0.0000,0.1890,0.3512,0.1370,CRITICAL,True,10,0,,,,,,
1771435998.126,0.1,55.83,4.7786,1.145,38.9,4,,,0.02092,0.0000,0.0000,0.3245,0.0000,0.2092,0.3323,0.1296,CRITICAL,True,10,0,,,,,,
1771435998.126,0.1,56.01,4.7411,1.109,36.4,4,,,0.02099,0.0000,0.0000,0.4952,0.0000,0.2099,0.3147,0.1483,CRITICAL,True,10,0,,,,,,
1771435998.126,0.1,,,,,,,,,,,,,,,0.1483,SAFE,,10,,t2348_0,0.83,NORMAL,LOCAL,SAFE: all tasks permitted (weight=0.83),
1771435998.126,0.1,55.66,4.7246,1.176,41.1,4,,,0.02186,0.0000,0.0000,0.5702,0.0000,0.2186,0.3480,0.1656,CRITICAL,True,10,0,,,,,,
1771435998.126,0.1,,,,,,,,,,,,,,,0.1656,SAFE,,10,,t2349_0,0.79,HIGH,LOCAL,SAFE: all tasks permitted (weight=0.79),
1771435998.126,0.1,55.22,4.7668,1.233,45.2,5,,,0.02260,0.0000,0.0000,0.3782,0.0000,0.2260,0.3917,0.1501,CRITICAL,True,10,0,,,,,,
1771435998.126,0.1,,,,,,,,,,,,,,,0.1501,SAFE,,10,,t2350_0,0.84,HIGH,LOCAL,SAFE: all tasks permitted (weight=0.84),
1771435998.126,0.1,55.35,4.6996,1.293,49.5,5,,,0.02619,0.0000,0.0000,0.6838,0.0000,0.2619,0.4217,0.1994,CRITICAL,True,10,0,,,,,,
1771435998.126,0.1,,,,,,,,,,,,,,,0.1994,SAFE,,10,,t2351_0,0.25,NORMAL,LOCAL,SAFE: all tasks permitted (weight=0.25),
1771435998.126,0.1,55.87,4.6907,1.277,48.4,5,,,0.02891,0.0000,0.0000,0.7243,0.0000,0.2891,0.4137,0.2058,CRITICAL,True,10,0,,,,,,
1771435998.127,0.1,55.46,4.7060,1.233,45.2,5,-19053.843,-54.76031,0.03007,0.0000,0.0000,0.6547,0.0000,0.3007,0.3915,0.1935,CRITICAL,True,10,0,,,,,,
1771435998.127,0.1,55.55,4.7476,1.192,42.3,4,2792.280,-21.48018,0.02770,0.0000,0.0000,0.4653,0.0000,0.2770,0.3558,0.1593,CRITICAL,True,10,0,,,,,,window_reset|B=10
1771435998.127,0.1,56.01,4.7400,1.153,39.5,4,10773.624,-38.69720,0.02757,0.0000,0.0000,0.4998,0.0000,0.2757,0.3365,0.1599,CRITICAL,True,10,0,,,,,,
1771435998.127,0.1,,,,,,,,,,,,,,,0.1599,SAFE,,10,,t2355_0,0.66,HIGH,LOCAL,SAFE: all tasks permitted (weight=0.66),
1771435998.127,0.1,,,,,,,,,,,,,,,0.1599,SAFE,,10,,t2355_1,0.66,NORMAL,LOCAL,SAFE: all tasks permitted (weight=0.66),
1771435998.127,0.1,55.78,4.6973,1.276,48.3,5,-13828.671,-43.92657,0.02965,0.0000,0.0000,0.6943,0.0000,0.2965,0.4129,0.2025,CRITICAL,True,10,0,,,,,,
1771435998.127,0.1,,,,,,,,,,,,,,,0.2025,SAFE,,10,,t2356_0,0.57,CRITICAL,LOCAL,SAFE: all tasks permitted (weight=0.57),
1771435998.127,0.1,55.76,4.7276,1.300,50.0,5,6084.091,3.08547,0.02867,0.0000,0.0000,0.5562,0.0000,0.2867,0.4252,0.1860,CRITICAL,True,10,0,,,,,,
1771435998.127,0.1,,,,,,,,,,,,,,,0.1860,SAFE,,10,,t2357_0,0.37,NORMAL,LOCAL,SAFE: all tasks permitted (weight=0.37),
1771435998.127,0.1,56.55,4.6863,1.298,49.9,5,79832.895,-80.71445,0.02898,0.0000,0.0000,0.7440,0.0000,0.2898,0.4242,0.2105,CRITICAL,True,10,0,,,,,,
1771435998.127,0.1,56.55,4.6969,1.252,46.6,5,71954.750,-2.62836,0.02503,0.0000,0.0000,0.6957,0.0000,0.2503,0.4012,0.1957,CRITICAL,True,10,0,,,,,,
1771435998.127,0.1,,,,,,,,,,,,,,,0.1957,SAFE,,10,,t2359_0,0.50,NORMAL,LOCAL,SAFE: all tasks permitted (weight=0.50),
1771435998.127,0.1,56.45,4.6838,1.270,47.9,5,34881.980,-6.86792,0.02576,0.0000,0.0000,0.7554,0.0000,0.2576,0.4102,0.2060,CRITICAL,True,10,0,,,,,,
1771435998.127,0.1,,,,,,,,,,,,,,,0.2060,SAFE,,10,,t2360_0,0.26,NORMAL,LOCAL,SAFE: all tasks permitted (weight=0.26),
1771435998.127,0.1,56.66,4.7423,1.258,47.0,5,,,0.02681,0.0000,0.0000,0.4894,0.0000,0.2681,0.4041,0.1713,CRITICAL,True,10,0,,,,,,
1771435998.127,0.1,,,,,,,,,,,,,,,0.1713,SAFE,,10,,t2361_0,0.73,NORMAL,LOCAL,SAFE: all tasks permitted (weight=0.73),
1771435998.127,0.1,56.21,4.6886,1.303,50.2,5,,,0.02273,0.0000,0.0000,0.7338,0.0000,0.2273,0.4267,0.2035,CRITICAL,True,10,0,,,,,,
1771435998.127,0.1,56.38,4.7159,1.257,46.9,5,,,0.02262,0.0000,0.0000,0.6095,0.0000,0.2262,0.4036,0.1826,CRITICAL,True,10,0,,,,,,
1771435998.127,0.1,,,,,,,,,,,,,,,0.1826,SAFE,,10,,t2363_0,0.83,HIGH,LOCAL,SAFE: all tasks permitted (weight=0.83),
1771435998.127,0.1,,,,,,,,,,,,,,,0.1826,SAFE,,10,,t2363_1,0.67,NORMAL,LOCAL,SAFE: all tasks permitted (weight=0.67),
1771435998.127,0.1,56.88,4.6746,1.394,56.7,6,,,0.02416,0.0000,0.0000,0.7972,0.0000,0.2416,0.4872,0.2252,CRITICAL,True,10,0,,,,,,
1771435998.127,0.1,,,,,,,,,,,,,,,0.2252,SAFE,,10,,t2364_0,0.37,NORMAL,LOCAL,SAFE: all tasks permitted (weight=0.37),
1771435998.127,0.1,56.97,4.6885,1.386,56.1,6,,,0.02481,0.0000,0.0000,0.7341,0.0000,0.2481,0.4829,0.2168,CRITICAL,True,10,0,,,,,,
1771435998.127,0.1,57.09,4.7374,1.334,52.4,6,,,0.02356,0.0000,0.0000,0.5119,0.0000,0.2356,0.4569,0.1815,CRITICAL,True,10,0,,,,,,
1771435998.127,0.1,,,,,,,,,,,,,,,0.1815,SAFE,,10,,t2366_0,0.21,CRITICAL,LOCAL,SAFE: all tasks permitted (weight=0.21),
1771435998.127,0.1,56.66,4.7222,1.310,50.7,5,,,0.02191,0.0000,0.0000,0.5808,0.0000,0.2191,0.4302,0.1834,CRITICAL,True,10,0,,,,,,
1771435998.127,0.1,,,,,,,,,,,,,,,0.1834,SAFE,,10,,t2367_0,0.51,HIGH,LOCAL,SAFE: all tasks permitted (weight=0.51),
1771435998.127,0.1,57.21,4.7070,1.325,51.8,6,,,0.02178,0.0000,0.0000,0.6502,0.0000,0.2178,0.4527,0.1968,CRITICAL,True,10,0,,,,,,
1771435998.127,0.1,57.66,4.7202,1.278,48.4,5,,,0.02125,0.0000,0.0000,0.5901,0.0000,0.2125,0.4138,0.1807,CRITICAL,True,10,0,,,,,,window_reset|B=10
1771435998.127,0.1,57.52,4.7148,1.233,45.2,5,,,0.02058,0.0000,0.0000,0.6147,0.0000,0.2058,0.3915,0.1788,CRITICAL,True,10,0,,,,,,
1771435998.127,0.1,,,,,,,,,,,,,,,0.1788,SAFE,,10,,t2370_0,0.70,HIGH,LOCAL,SAFE: all tasks permitted (weight=0.70),
1771435998.127,0.1,57.51,4.7241,1.276,48.3,5,,,0.02077,0.0000,0.0000,0.5723,0.0000,0.2077,0.4131,0.1778,CRITICAL,True,10,0,,,,,,
1771435998.127,0.1,,,,,,,,,,,,,,,0.1778,SAFE,,10,,t2371_0,0.72,NORMAL,LOCAL,SAFE: all tasks permitted (weight=0.72),
1771435998.127,0.1,,,,,,,,,,,,,,,0.1778,SAFE,,10,,t2371_1,0.73,NORMAL,LOCAL,SAFE: all tasks permitted (weight=0.73),
1771435998.127,0.1,57.74,4.6940,1.407,57.6,6,,,0.01987,0.0000,0.0000,0.7089,0.0000,0.1987,0.4935,0.2107,CRITICAL,True,10,0,,,,,,
1771435998.127,0.1,,,,,,,,,,,,,,,0.2107,SAFE,,10,,t2372_0,0.52,NORMAL,LOCAL,SAFE: all tasks permitted (weight=0.52),
1771435998.127,0.1,57.69,4.7000,1.416,58.3,6,,,0.01758,0.0000,0.0000,0.6817,0.0000,0.1758,0.4980,0.2058,CRITICAL,True,10,0,,,,,,
1771435998.127,0.1,57.73,4.6773,1.362,54.4,6,,,0.01881,0.0000,0.0000,0.7852,0.0000,0.1881,0.4709,0.2151,CRITICAL,True,10,0,,,,,,
1771435998.127,0.1,,,,,,,,,,,,,,,0.2151,SAFE,,10,,t2374_0,0.35,LOW,LOCAL,SAFE: all tasks permitted (weight=0.35),
1771435998.127,0.1,,,,,,,,,,,,,,,0.2151,SAFE,,10,,t2374_1,0.56,CRITICAL,LOCAL,SAFE: all tasks permitted (weight=0.56),
1771435998.127,0.1,58.40,4.6829,1.421,58.6,6,,,0.01961,0.0000,0.0000,0.7596,0.0000,0.1961,0.5005,0.2185,CRITICAL,True,10,0,,,,,,
1771435998.127,0.1,58.02,4.7013,1.367,54.8,6,,,0.01761,0.0000,0.0000,0.6760,0.0000,0.1761,0.4733,0.2001,CRITICAL,True,10,0,,,,,,
1771435998.127,0.1,,,,,,,,,,,,,,,0.2001,SAFE,,10,,t2376_0,0.49,HIGH,LOCAL,SAFE: all tasks permitted (weight=0.49),
1771435998.127,0.1,58.45,4.6765,1.375,55.4,6,,,0.01886,0.0000,0.0000,0.7887,0.0000,0.1886,0.4777,0.2169,CRITICAL,True,10,0,,,,,,
1771435998.127,0.1,58.46,4.6705,1.324,51.7,6,,,0.01829,0.0000,0.0000,0.8161,0.0000,0.1829,0.4520,0.2148,CRITICAL,True,10,0,,,,,,
1771435998.127,0.1,58.48,4.6934,1.276,48.3,5,,,0.01695,0.0000,0.0000,0.7118,0.0000,0.1695,0.4132,0.1921,CRITICAL,True,10,0,,,,,,
1771435998.127,0.1,58.76,4.7391,1.232,45.1,5,,,0.02050,0.0000,0.0000,0.5043,0.0000,0.2050,0.3910,0.1643,CRITICAL,True,10,0,,,,,,
1771435998.127,0.1,,,,,,,,,,,,,,,0.1643,SAFE,,10,,t2380_0,0.73,NORMAL,LOCAL,SAFE: all tasks permitted (weight=0.73),
1771435998.127,0.1,58.17,4.7191,1.279,48.5,5,,,0.02042,0.0000,0.0000,0.5948,0.0000,0.2042,0.4144,0.1806,CRITICAL,True,10,0,,,,,,
1771435998.127,0.1,58.63,4.7179,1.234,45.3,5,,,0.02063,0.0000,0.0000,0.6005,0.0000,0.2063,0.3921,0.1771,CRITICAL,True,10,0,,,,,,
1771435998.127,0.1,,,,,,,,,,,,,,,0.1771,SAFE,,10,,t2382_0,0.48,NORMAL,LOCAL,SAFE: all tasks permitted (weight=0.48),
1771435998.127,0.1,58.34,4.7094,1.251,46.5,5,,,0.01955,0.0000,0.0000,0.6389,0.0000,0.1955,0.4003,0.1827,CRITICAL,True,10,0,,,,,,
1771435998.128,0.1,,,,,,,,,,,,,,,0.1827,SAFE,,10,,t2383_0,0.51,NORMAL,LOCAL,SAFE: all tasks permitted (weight=0.51),
1771435998.128,0.1,58.51,4.6996,1.270,47.9,5,29249.220,-1.64023,0.01951,0.0000,0.0000,0.6835,0.0000,0.1951,0.4100,0.1904,CRITICAL,True,10,0,,,,,,window_reset|B=10
1771435998.128,0.1,58.79,4.7475,1.226,44.7,5,20207.067,70.37583,0.02370,0.0000,0.0000,0.4658,0.0000,0.2370,0.3880,0.1619,CRITICAL,True,10,0,,,,,,
1771435998.128,0.1,58.63,4.7403,1.185,41.8,4,10204.557,69.18694,0.02442,0.0000,0.0000,0.4986,0.0000,0.2442,0.3526,0.1598,CRITICAL,True,10,0,,,,,,
1771435998.128,0.1,58.31,4.7300,1.147,39.1,4,-10239.429,36.27150,0.02383,0.0000,0.0000,0.5454,0.0000,0.2383,0.3336,0.1614,CRITICAL,True,10,0,,,,,,
1771435998.128,0.1,,,,,,,,,,,,,,,0.1614,SAFE,,10,,t2387_0,0.80,LOW,LOCAL,SAFE: all tasks permitted (weight=0.80),
1771435998.128,0.1,58.47,4.6297,1.209,43.5,5,-17332.854,-108.32678,0.03298,0.0000,0.0000,1.0000,0.0000,0.3298,0.3795,0.2389,CRITICAL,True,10,0,,,,,,FAILURE:BROWNOUT(V=4.630V)
1771435998.128,0.1,58.22,4.7315,1.169,40.7,4,3266.385,12.25447,0.03236,0.0000,0.0000,0.5386,0.0000,0.3236,0.3447,0.1713,CRITICAL,True,10,0,,,,,,
1771435998.128,0.1,,,,,,,,,,,,,,,0.1713,SAFE,,10,,t2389_0,0.21,LOW,LOCAL,SAFE: all tasks permitted (weight=0.21),
1771435998.128,0.1,58.71,4.7523,1.158,39.9,4,4748.836,34.08133,0.03179,0.0000,0.0000,0.4442,0.0000,0.3179,0.3392,0.1574,CRITICAL,True,10,0,,,,,,
1771435998.128,0.1,,,,,,,,,,,,,,,0.1574,SAFE,,10,,t2390_0,0.53,LOW,LOCAL,SAFE: all tasks permitted (weight=0.53),
1771435998.128,0.1,,,,,,,,,,,,,,,0.1574,SAFE,,10,,t2390_1,0.28,NORMAL,LOCAL,SAFE: all tasks permitted (weight=0.28),
1771435998.128,0.1,57.51,4.7097,1.220,44.3,5,-49027.768,0.23528,0.03107,0.0000,0.0000,0.6378,0.0000,0.3107,0.3852,0.1910,CRITICAL,True,10,0,,,,,,
1771435998.128,0.1,57.66,4.7698,1.180,41.4,4,,,0.03378,0.0000,0.0000,0.3644,0.0000,0.3378,0.3500,0.1512,CRITICAL,True,10,0,,,,,,
1771435998.128,0.1,57.72,4.7571,1.142,38.7,4,,,0.03517,0.0000,0.0000,0.4222,0.0000,0.3517,0.3312,0.1563,CRITICAL,True,10,0,,,,,,
1771435998.128,0.1,57.43,4.7610,1.107,36.2,4,,,0.03648,0.0000,0.0000,0.4046,0.0000,0.3648,0.3136,0.1518,CRITICAL,True,10,0,,,,,,
1771435998.128,0.1,57.61,4.7848,1.075,33.9,3,,,0.03911,0.0000,0.0000,0.2961,0.0000,0.3911,0.2824,0.1341,CRITICAL,True,10,0,,,,,,
1771435998.128,0.1,,,,,,,,,,,,,,,0.1341,SAFE,,10,,t2395_0,0.46,CRITICAL,LOCAL,SAFE: all tasks permitted (weight=0.46),
1771435998.128,0.1,57.30,4.7912,1.101,35.8,4,,,0.04048,0.0000,0.0000,0.2675,0.0000,0.4048,0.3104,0.1373,CRITICAL,True,10,0,,,,,,
1771435998.128,0.1,,,,,,,,,,,,,,,0.1373,SAFE,,10,,t2396_0,0.27,HIGH,LOCAL,SAFE: all tasks permitted (weight=0.27),
1771435998.128,0.1,57.48,4.7653,1.101,35.8,4,,,0.04097,0.0000,0.0000,0.3850,0.0000,0.4097,0.3107,0.1532,CRITICAL,True,10,0,,,,,,
1771435998.128,0.1,,,,,,,,,,,,,,,0.1532,SAFE,,10,,t2397_0,0.35,HIGH,LOCAL,SAFE: all tasks permitted (weight=0.35),
1771435998.128,0.1,56.98,4.7798,1.112,36.5,4,,,0.04215,0.0000,0.0000,0.3192,0.0000,0.4215,0.3158,0.1468,CRITICAL,True,10,0,,,,,,
1771435998.128,0.1,,,,,,,,,,,,,,,0.1468,SAFE,,10,,t2398_0,0.27,LOW,LOCAL,SAFE: all tasks permitted (weight=0.27),
1771435998.128,0.1,56.78,4.7712,1.112,36.5,4,,,0.04232,0.0000,0.0000,0.3580,0.0000,0.4232,0.3158,0.1520,CRITICAL,True,10,0,,,,,,window_reset|B=10
1771435998.128,0.1,,,,,,,,,,,,,,,0.1520,SAFE,,10,,t2399_0,0.64,LOW,LOCAL,SAFE: all tasks permitted (weight=0.64),
1771435998.128,0.1,56.75,4.7732,1.156,39.7,4,,,0.02190,0.0000,0.0000,0.3491,0.0000,0.2190,0.3380,0.1349,CRITICAL,True,10,0,,,,,,
1771435998.128,0.1,,,,,,,,,,,,,,,0.1349,SAFE,,10,,t2400_0,0.75,NORMAL,LOCAL,SAFE: all tasks permitted (weight=0.75),
1771435998.128,0.1,,,,,,,,,,,,,,,0.1349,SAFE,,10,,t2400_1,0.26,LOW,LOCAL,SAFE: all tasks permitted (weight=0.26),
1771435998.128,0.1,,,,,,,,,,,,,,,0.1349,SAFE,,10,,t2400_2,0.28,HIGH,LOCAL,SAFE: all tasks permitted (weight=0.28),
1771435998.128,0.1,,,,,,,,,,,,,,,0.1349,SAFE,,10,,t2400_3,0.46,HIGH,LOCAL,SAFE: all tasks permitted (weight=0.46),
1771435998.128,0.1,57.51,4.7052,1.333,52.3,6,,,0.02583,0.0000,0.0000,0.6581,0.0000,0.2583,0.4563,0.2026,CRITICAL,True,10,0,,,,,,
1771435998.128,0.1,57.47,4.7149,1.284,48.9,5,,,0.02868,0.0000,0.0000,0.6142,0.0000,0.2868,0.4172,0.1920,CRITICAL,True,10,0,,,,,,
1771435998.128,0.1,,,,,,,,,,,,,,,0.1920,SAFE,,10,,t2402_0,0.41,NORMAL,LOCAL,SAFE: all tasks permitted (weight=0.41),
1771435998.128,0.1,57.06,4.6919,1.289,49.2,5,,,0.03141,0.0000,0.0000,0.7186,0.0000,0.3141,0.4196,0.2087,CRITICAL,True,10,0,,,,,,
1771435998.128,0.1,,,,,,,,,,,,,,,0.2087,SAFE,,10,,t2403_0,0.44,HIGH,LOCAL,SAFE: all tasks permitted (weight=0.44),
1771435998.128,0.1,57.13,4.6723,1.297,49.8,5,,,0.03846,0.0000,0.0000,0.8077,0.0000,0.3846,0.4236,0.2282,CRITICAL,True,10,0,,,,,,
1771435998.128,0.1,57.41,4.6916,1.251,46.5,5,,,0.04123,0.0000,0.0000,0.7200,0.0000,0.4123,0.4007,0.2150,CRITICAL,True,10,0,,,,,,
1771435998.128,0.1,,,,,,,,,,,,,,,0.2150,SAFE,,10,,t2405_0,0.54,NORMAL,LOCAL,SAFE: all tasks permitted (weight=0.54),
1771435998.128,0.1,57.92,4.7257,1.274,48.2,5,,,0.04102,0.0000,0.0000,0.5651,0.0000,0.4102,0.4121,0.1969,CRITICAL,True,10,0,,,,,,
1771435998.128,0.1,,,,,,,,,,,,,,,0.1969,SAFE,,10,,t2406_0,0.63,LOW,LOCAL,SAFE: all tasks permitted (weight=0.63),
1771435998.128,0.1,57.32,4.6889,1.306,50.4,5,,,0.04064,0.0000,0.0000,0.7321,0.0000,0.4064,0.4281,0.2214,CRITICAL,True,10,0,,,,,,
1771435998.128,0.1,,,,,,,,,,,,,,,0.2214,SAFE,,10,,t2407_0,0.37,NORMAL,LOCAL,SAFE: all tasks permitted (weight=0.37),
1771435998.128,0.1,57.66,4.6885,1.305,50.4,5,,,0.03777,0.0000,0.0000,0.7343,0.0000,0.3777,0.4275,0.2187,CRITICAL,True,10,0,,,,,,
1771435998.128,0.1,,,,,,,,,,,,,,,0.2187,SAFE,,10,,t2408_0,0.36,NORMAL,LOCAL,SAFE: all tasks permitted (weight=0.36),
1771435998.128,0.1,57.66,4.6728,1.302,50.1,5,,,0.03766,0.0000,0.0000,0.8054,0.0000,0.3766,0.4260,0.2276,CRITICAL,True,10,0,,,,,,
1771435998.128,0.1,56.95,4.7348,1.256,46.8,5,,,0.03294,0.0000,0.0000,0.5237,0.0000,0.3294,0.4029,0.1816,CRITICAL,True,10,0,,,,,,
1771435998.128,0.1,,,,,,,,,,,,,,,0.1816,SAFE,,10,,t2410_0,0.80,LOW,LOCAL,SAFE: all tasks permitted (weight=0.80),
1771435998.128,0.1,57.72,4.7121,1.310,50.7,5,,,0.02752,0.0000,0.0000,0.6269,0.0000,0.2752,0.4302,0.1951,CRITICAL,True,10,0,,,,,,
1771435998.129,0.1,,,,,,,,,,,,,,,0.1951,SAFE,,10,,t2411_0,0.54,HIGH,LOCAL,SAFE: all tasks permitted (weight=0.54),
1771435998.129,0.1,,,,,,,,,,,,,,,0.1951,SAFE,,10,,t2411_1,0.42,HIGH,LOCAL,SAFE: all tasks permitted (weight=0.42),
1771435998.129,0.1,58.12,4.6750,1.381,55.8,6,61392.580,2.82037,0.01985,0.0000,0.0000,0.7954,0.0000,0.1985,0.4806,0.2194,CRITICAL,True,10,0,,,,,,
1771435998.129,0.1,57.77,4.6873,1.329,52.1,6,22492.380,-4.45014,0.01991,0.0000,0.0000,0.7394,0.0000,0.1991,0.4547,0.2070,CRITICAL,True,10,0,,,,,,
1771435998.129,0.1,,,,,,,,,,,,,,,0.2070,SAFE,,10,,t2413_0,0.60,LOW,LOCAL,SAFE: all tasks permitted (weight=0.60),
1771435998.129,0.1,58.12,4.7220,1.354,53.9,6,12417.916,-3.84579,0.02055,0.0000,0.0000,0.5819,0.0000,0.2055,0.4672,0.1896,CRITICAL,True,10,0,,,,,,window_reset|B=10
1771435998.129,0.1,,,,,,,,,,,,,,,0.1896,SAFE,,10,,t2414_0,0.79,LOW,LOCAL,SAFE: all tasks permitted (weight=0.79),
1771435998.129,0.1,58.13,4.7341,1.401,57.2,6,50353.257,47.00819,0.02288,0.0000,0.0000,0.5266,0.0000,0.2288,0.4906,0.1895,CRITICAL,True,10,0,,,,,,
1771435998.129,0.1,,,,,,,,,,,,,,,0.1895,SAFE,,10,,t2415_0,0.38,HIGH,LOCAL,SAFE: all tasks permitted (weight=0.38),
1771435998.129,0.1,,,,,,,,,,,,,,,0.1895,SAFE,,10,,t2415_1,0.60,NORMAL,LOCAL,SAFE: all tasks permitted (weight=0.60),
1771435998.129,0.1,58.53,4.6779,1.468,62.0,7,54230.406,-10.99480,0.02235,0.0000,0.0000,0.7824,0.0000,0.2235,0.5389,0.2318,CRITICAL,True,10,0,,,,,,
1771435998.129,0.1,,,,,,,,,,,,,,,0.2318,SAFE,,10,,t2416_0,0.74,LOW,LOCAL,SAFE: all tasks permitted (weight=0.74),
1771435998.129,0.1,,,,,,,,,,,,,,,0.2318,SAFE,,10,,t2416_1,0.80,NORMAL,LOCAL,SAFE: all tasks permitted (weight=0.80),
1771435998.129,0.1,58.36,4.6571,1.597,71.2,8,43970.744,-16.38196,0.02538,0.0000,0.0000,0.8770,0.0000,0.2538,0.6184,0.2631,CRITICAL,True,10,0,,,,,,
1771435998.129,0.1,,,,,,,,,,,,,,,0.2631,SAFE,,10,,t2417_0,0.55,LOW,LOCAL,SAFE: all tasks permitted (weight=0.55),
1771435998.129,0.1,58.82,4.6230,1.597,71.2,8,116746.509,-116.22661,0.03124,0.0000,0.0000,1.0000,0.0000,0.3124,0.6184,0.2849,CRITICAL,True,10,0,,,,,,FAILURE:BROWNOUT(V=4.623V)
1771435998.129,0.1,,,,,,,,,,,,,,,0.2849,SAFE,,10,,t2418_0,0.46,NORMAL,LOCAL,SAFE: all tasks permitted (weight=0.46),
1771435998.129,0.1,59.11,4.6070,1.586,70.4,8,86583.687,-109.28256,0.03868,0.0000,0.0000,1.0000,0.0000,0.3868,0.6129,0.2913,CRITICAL,True,10,0,,,,,,
1771435998.129,0.1,,,,,,,,,,,,,,,0.2913,SAFE,,10,,t2419_0,0.26,NORMAL,LOCAL,SAFE: all tasks permitted (weight=0.26),
1771435998.129,0.1,59.96,4.6398,1.552,68.0,8,219090.637,-70.00894,0.04038,0.0000,0.0000,0.9556,0.0000,0.4038,0.5959,0.2838,CRITICAL,True,10,0,,,,,,
1771435998.129,0.1,60.00,4.6880,1.488,63.4,7,265039.886,1.26328,0.04041,0.0000,0.0000,0.7365,0.0000,0.4041,0.5491,0.2460,CRITICAL,True,10,0,,,,,,
1771435998.129,0.1,59.64,4.6651,1.429,59.2,7,181143.757,-112.88694,0.03696,0.0000,0.0000,0.8402,0.0000,0.3696,0.5194,0.2501,CRITICAL,True,10,0,,,,,,
1771435998.129,0.1,59.82,4.6182,1.374,55.3,6,202453.849,-230.32145,0.03800,0.0000,0.0000,1.0000,0.0000,0.3800,0.4769,0.2634,CRITICAL,True,10,0,,,,,,FAILURE:BROWNOUT(V=4.618V)
1771435998.129,0.1,60.02,4.6979,1.323,51.6,6,177769.834,39.77575,0.03896,0.0000,0.0000,0.6913,0.0000,0.3896,0.4513,0.2191,CRITICAL,True,10,0,,,,,,
1771435998.129,0.1,59.54,4.7327,1.275,48.2,5,139676.858,150.27585,0.04267,0.0000,0.0000,0.5330,0.0000,0.4267,0.4125,0.1945,CRITICAL,True,10,0,,,,,,
1771435998.129,0.1,60.23,4.7283,1.231,45.0,5,167650.054,209.06927,0.04331,0.0000,0.0000,0.5532,0.0000,0.4331,0.3903,0.1933,CRITICAL,True,10,0,,,,,,
1771435998.129,0.1,,,,,,,,,,,,,,,0.1933,SAFE,,10,,t2426_0,0.44,HIGH,LOCAL,SAFE: all tasks permitted (weight=0.44),
1771435998.129,0.1,59.18,4.7573,1.243,46.0,5,7698.105,298.63145,0.04643,0.0000,0.0000,0.4211,0.0000,0.4643,0.3967,0.1805,CRITICAL,True,10,0,,,,,,
1771435998.129,0.1,,,,,,,,,,,,,,,0.1805,SAFE,,10,,t2427_0,0.57,NORMAL,LOCAL,SAFE: all tasks permitted (weight=0.57),
1771435998.129,0.1,59.89,4.6961,1.271,47.9,5,,,0.04682,0.0000,0.0000,0.6994,0.0000,0.4682,0.4103,0.2198,CRITICAL,True,10,0,,,,,,
1771435998.129,0.1,,,,,,,,,,,,,,,0.2198,SAFE,,10,,t2428_0,0.70,NORMAL,LOCAL,SAFE: all tasks permitted (weight=0.70),
1771435998.129,0.1,60.08,4.6568,1.313,50.9,5,,,0.04683,0.0000,0.0000,0.8783,0.0000,0.4683,0.4313,0.2473,CRITICAL,True,10,0,,,,,,window_reset|B=10
1771435998.129,0.1,59.96,4.7428,1.266,47.5,5,,,0.04726,0.0000,0.0000,0.4875,0.0000,0.4726,0.4078,0.1922,CRITICAL,True,10,0,,,,,,
1771435998.129,0.1,60.12,4.7340,1.222,44.4,5,,,0.04239,0.0000,0.0000,0.5271,0.0000,0.4239,0.3860,0.1881,CRITICAL,True,10,0,,,,,,
1771435998.129,0.1,59.74,4.7432,1.181,41.5,4,,,0.04047,0.0000,0.0000,0.4853,0.0000,0.4047,0.3507,0.1737,CRITICAL,True,10,0,,,,,,
1771435998.129,0.1,,,,,,,,,,,,,,,0.1737,SAFE,,10,,t2432_0,0.41,NORMAL,LOCAL,SAFE: all tasks permitted (weight=0.41),
1771435998.129,0.1,60.01,4.7386,1.194,42.4,4,,,0.04110,0.0000,0.0000,0.5064,0.0000,0.4110,0.3571,0.1784,CRITICAL,True,10,0,,,,,,
1771435998.129,0.1,59.55,4.7657,1.156,39.7,4,,,0.04151,0.0000,0.0000,0.3831,0.0000,0.4151,0.3378,0.1589,CRITICAL,True,10,0,,,,,,
1771435998.129,0.1,59.27,4.7575,1.120,37.1,4,,,0.02993,0.0000,0.0000,0.4203,0.0000,0.2993,0.3198,0.1485,CRITICAL,True,10,0,,,,,,
1771435998.129,0.1,59.30,4.7488,1.086,34.7,3,,,0.02877,0.0000,0.0000,0.4599,0.0000,0.2877,0.2881,0.1462,CRITICAL,True,10,0,,,,,,
1771435998.129,0.1,58.81,4.7956,1.055,32.5,3,,,0.03349,0.0000,0.0000,0.2475,0.0000,0.3349,0.2726,0.1202,CRITICAL,True,10,0,,,,,,
1771435998.129,0.1,58.68,4.8095,1.026,30.4,3,,,0.03851,0.0000,0.0000,0.1843,0.0000,0.3851,0.2581,0.1141,SAFE,True,10,0,,,,,,
1771435998.129,0.1,58.11,4.8288,0.999,28.5,3,,,0.04489,0.0000,0.0000,0.0962,0.0000,0.4489,0.2447,0.1063,SAFE,True,10,0,,,,,,
1771435998.129,0.1,,,,,,,,,,,,,,,0.1063,SAFE,,10,,t2439_0,0.25,HIGH,LOCAL,SAFE: all tasks permitted (weight=0.25),
1771435998.129,0.1,58.18,4.7737,1.004,28.9,3,,,0.04194,0.0000,0.0000,0.3466,0.0000,0.4194,0.2472,0.1364,CRITICAL,True,10,0,,,,,,
1771435998.129,0.1,,,,,,,,,,,,,,,0.1364,SAFE,,10,,t2440_0,0.31,LOW,LOCAL,SAFE: all tasks permitted (weight=0.31),
1771435998.129,0.1,57.59,4.7770,1.017,29.8,3,,,0.02893,0.0000,0.0000,0.3318,0.0000,0.2893,0.2535,0.1228,CRITICAL,True,10,0,,,,,,
1771435998.129,0.1,,,,,,,,,,,,,,,0.1228,SAFE,,10,,t2441_0,0.58,NORMAL,LOCAL,SAFE: all tasks permitted (weight=0.58),
1771435998.129,0.1,,,,,,,,,,,,,,,0.1228,SAFE,,10,,t2441_1,0.49,LOW,LOCAL,SAFE: all tasks permitted (weight=0.49),
1771435998.129,0.1,57.81,4.7655,1.122,37.3,4,,,0.02794,0.0000,0.0000,0.3839,0.0000,0.2794,0.3212,0.1421,CRITICAL,True,10,0,,,,,,
1771435998.129,0.1,,,,,,,,,,,,,,,0.1421,SAFE,,10,,t2442_0,0.50,LOW,LOCAL,SAFE: all tasks permitted (weight=0.50),
1771435998.129,0.1,57.71,4.7488,1.150,39.3,4,,,0.02663,0.0000,0.0000,0.4599,0.0000,0.2663,0.3351,0.1534,CRITICAL,True,10,0,,,,,,
1771435998.129,0.1,57.80,4.7546,1.115,36.8,4,,,0.02582,0.0000,0.0000,0.4338,0.0000,0.2582,0.3173,0.1457,CRITICAL,True,10,0,,,,,,window_reset|B=10
1771435998.129,0.1,,,,,,,,,,,,,,,0.1457,SAFE,,10,,t2444_0,0.66,HIGH,LOCAL,SAFE: all tasks permitted (weight=0.66),
1771435998.129,0.1,57.37,4.7457,1.163,40.2,4,,,0.02512,0.0000,0.0000,0.4742,0.0000,0.2512,0.3413,0.1550,CRITICAL,True,10,0,,,,,,
1771435998.129,0.1,,,,,,,,,,,,,,,0.1550,SAFE,,10,,t2445_0,0.64,HIGH,LOCAL,SAFE: all tasks permitted (weight=0.64),
1771435998.129,0.1,57.19,4.7320,1.205,43.2,5,,,0.02751,0.0000,0.0000,0.5364,0.0000,0.2751,0.3774,0.1727,CRITICAL,True,10,0,,,,,,
1771435998.129,0.1,57.77,4.7702,1.165,40.4,4,,,0.02726,0.0000,0.0000,0.3629,0.0000,0.2726,0.3427,0.1430,CRITICAL,True,10,0,,,,,,
1771435998.129,0.1,,,,,,,,,,,,,,,0.1430,SAFE,,10,,t2447_0,0.76,NORMAL,LOCAL,SAFE: all tasks permitted (weight=0.76),
1771435998.129,0.1,56.99,4.7151,1.222,44.4,5,,,0.03089,0.0000,0.0000,0.6134,0.0000,0.3089,0.3858,0.1878,CRITICAL,True,10,0,,,,,,
1771435998.129,0.1,56.90,4.7707,1.181,41.5,4,,,0.02979,0.0000,0.0000,0.3604,0.0000,0.2979,0.3505,0.1467,CRITICAL,True,10,0,,,,,,
1771435998.129,0.1,,,,,,,,,,,,,,,0.1467,SAFE,,10,,t2449_0,0.45,NORMAL,LOCAL,SAFE: all tasks permitted (weight=0.45),
1771435998.129,0.1,57.07,4.7275,1.198,42.7,4,,,0.02840,0.0000,0.0000,0.5569,0.0000,0.2840,0.3592,0.1726,CRITICAL,True,10,0,,,,,,
1771435998.129,0.1,,,,,,,,,,,,,,,0.1726,SAFE,,10,,t2450_0,0.28,LOW,LOCAL,SAFE: all tasks permitted (weight=0.28),
1771435998.129,0.1,57.31,4.7182,1.194,42.4,4,,,0.02136,0.0000,0.0000,0.5993,0.0000,0.2136,0.3569,0.1707,CRITICAL,True,10,0,,,,,,
1771435998.130,0.1,57.22,4.7620,1.155,39.7,4,-34844.966,7.41705,0.02050,0.0000,0.0000,0.4000,0.0000,0.2050,0.3376,0.1400,CRITICAL,True,10,0,,,,,,
1771435998.130,0.1,,,,,,,,,,,,,,,0.1400,SAFE,,10,,t2452_0,0.83,LOW,LOCAL,SAFE: all tasks permitted (weight=0.83),
1771435998.130,0.1,57.65,4.7503,1.221,44.4,5,16997.230,4.58612,0.01870,0.0000,0.0000,0.4533,0.0000,0.1870,0.3857,0.1548,CRITICAL,True,10,0,,,,,,
1771435998.130,0.1,56.74,4.7322,1.181,41.5,4,-26463.143,0.22831,0.01817,0.0000,0.0000,0.5354,0.0000,0.1817,0.3504,0.1578,CRITICAL,True,10,0,,,,,,
1771435998.130,0.1,,,,,,,,,,,,,,,0.1578,SAFE,,10,,t2454_0,0.59,NORMAL,LOCAL,SAFE: all tasks permitted (weight=0.59),
1771435998.130,0.1,56.70,4.7523,1.215,43.9,5,-63835.428,-17.77956,0.01827,0.0000,0.0000,0.4440,0.0000,0.1827,0.3826,0.1525,CRITICAL,True,10,0,,,,,,
1771435998.130,0.1,57.10,4.7859,1.175,41.1,4,6321.177,70.53833,0.02151,0.0000,0.0000,0.2915,0.0000,0.2151,0.3475,0.1289,CRITICAL,True,10,0,,,,,,
1771435998.130,0.1,56.87,4.7798,1.138,38.4,4,-2122.306,9.07339,0.02335,0.0000,0.0000,0.3190,0.0000,0.2335,0.3289,0.1306,CRITICAL,True,10,0,,,,,,
1771435998.130,0.1,56.87,4.7518,1.103,35.9,4,-11843.551,24.25078,0.02273,0.0000,0.0000,0.4463,0.0000,0.2273,0.3115,0.1431,CRITICAL,True,10,0,,,,,,
1771435998.130,0.1,56.74,4.7673,1.071,33.6,3,-33822.506,48.95820,0.02255,0.0000,0.0000,0.3759,0.0000,0.2255,0.2804,0.1275,CRITICAL,True,10,0,,,,,,window_reset|B=10
1771435998.130,0.1,,,,,,,,,,,,,,,0.1275,SAFE,,10,,t2459_0,0.40,CRITICAL,LOCAL,SAFE: all tasks permitted (weight=0.40),
1771435998.130,0.1,56.43,4.7888,1.090,35.0,4,,,0.02193,0.0000,0.0000,0.2781,0.0000,0.2193,0.3052,0.1191,CRITICAL,True,10,0,,,,,,
1771435998.130,0.1,56.05,4.7672,1.059,32.8,3,,,0.02178,0.0000,0.0000,0.3762,0.0000,0.2178,0.2745,0.1256,CRITICAL,True,10,0,,,,,,
1771435998.130,0.1,55.68,4.7890,1.030,30.7,3,,,0.02148,0.0000,0.0000,0.2772,0.0000,0.2148,0.2599,0.1095,CRITICAL,True,10,0,,,,,,
1771435998.130,0.1,55.87,4.8048,1.003,28.8,3,,,0.02001,0.0000,0.0000,0.2056,0.0000,0.2001,0.2463,0.0960,SAFE,True,10,0,,,,,,
1771435998.130,0.1,,,,,,,,,,,,,,,0.0960,SAFE,,10,,t2463_0,0.55,CRITICAL,LOCAL,SAFE: all tasks permitted (weight=0.55),
1771435998.130,0.1,,,,,,,,,,,,,,,0.0960,SAFE,,10,,t2463_1,0.32,HIGH,LOCAL,SAFE: all tasks permitted (weight=0.32),
1771435998.130,0.1,56.37,4.7563,1.084,34.6,3,,,0.02024,0.0000,0.0000,0.4261,0.0000,0.2024,0.2871,0.1331,CRITICAL,True,10,0,,,,,,
1771435998.130,0.1,55.56,4.7575,1.053,32.4,3,,,0.01979,0.0000,0.0000,0.4205,0.0000,0.1979,0.2717,0.1288,CRITICAL,True,10,0,,,,,,
1771435998.130,0.1,,,,,,,,,,,,,,,0.1288,SAFE,,10,,t2465_0,0.21,HIGH,LOCAL,SAFE: all tasks permitted (weight=0.21),
1771435998.130,0.1,55.43,4.7743,1.050,32.1,3,,,0.01631,0.0000,0.0000,0.3439,0.0000,0.1631,0.2700,0.1150,CRITICAL,True,10,0,,,,,,
1771435998.130,0.1,,,,,,,,,,,,,,,0.1150,SAFE,,10,,t2466_0,0.79,HIGH,LOCAL,SAFE: all tasks permitted (weight=0.79),
1771435998.130,0.1,55.99,4.7578,1.119,37.1,4,,,0.01579,0.0000,0.0000,0.4190,0.0000,0.1579,0.3197,0.1342,CRITICAL,True,10,0,,,,,,
1771435998.130,0.1,55.66,4.7926,1.086,34.7,3,,,0.01634,0.0000,0.0000,0.2609,0.0000,0.1634,0.2880,0.1079,CRITICAL,True,10,0,,,,,,
1771435998.130,0.1,,,,,,,,,,,,,,,0.1079,SAFE,,10,,t2468_0,0.49,NORMAL,LOCAL,SAFE: all tasks permitted (weight=0.49),
1771435998.130,0.1,55.63,4.6986,1.116,36.8,4,,,0.02629,0.0000,0.0000,0.6882,0.0000,0.2629,0.3178,0.1793,CRITICAL,True,10,0,,,,,,
1771435998.130,0.1,55.38,4.8015,1.083,34.5,3,,,0.02743,0.0000,0.0000,0.2207,0.0000,0.2743,0.2863,0.1134,SAFE,True,10,0,,,,,,
1771435998.130,0.1,,,,,,,,,,,,,,,0.1134,SAFE,,10,,t2470_0,0.78,HIGH,LOCAL,SAFE: all tasks permitted (weight=0.78),
1771435998.130,0.1,55.24,4.7048,1.148,39.2,4,,,0.03306,0.0000,0.0000,0.6601,0.0000,0.3306,0.3341,0.1857,CRITICAL,True,10,0,,,,,,
1771435998.130,0.1,,,,,,,,,,,,,,,0.1857,SAFE,,10,,t2471_0,0.85,NORMAL,LOCAL,SAFE: all tasks permitted (weight=0.85),
1771435998.130,0.1,55.35,4.7193,1.217,44.1,5,,,0.03462,0.0000,0.0000,0.5941,0.0000,0.3462,0.3836,0.1886,CRITICAL,True,10,0,,,,,,
1771435998.130,0.1,,,,,,,,,,,,,,,0.1886,SAFE,,10,,t2472_0,0.31,NORMAL,LOCAL,SAFE: all tasks permitted (weight=0.31),
1771435998.130,0.1,55.69,4.7337,1.216,44.0,5,,,0.03530,0.0000,0.0000,0.5287,0.0000,0.3530,0.3828,0.1806,CRITICAL,True,10,0,,,,,,
1771435998.130,0.1,,,,,,,,,,,,,,,0.1806,SAFE,,10,,t2473_0,0.71,NORMAL,LOCAL,SAFE: all tasks permitted (weight=0.71),
1771435998.130,0.1,55.65,4.7234,1.263,47.4,5,,,0.03507,0.0000,0.0000,0.5753,0.0000,0.3507,0.4065,0.1912,CRITICAL,True,10,0,,,,,,window_reset|B=10
1771435998.130,0.1,,,,,,,,,,,,,,,0.1912,SAFE,,10,,t2474_0,0.63,HIGH,LOCAL,SAFE: all tasks permitted (weight=0.63),
1771435998.130,0.1,55.77,4.7405,1.297,49.8,5,,,0.03132,0.0000,0.0000,0.4979,0.0000,0.3132,0.4235,0.1808,CRITICAL,True,10,0,,,,,,
1771435998.130,0.1,55.79,4.7265,1.251,46.5,5,,,0.03164,0.0000,0.0000,0.5615,0.0000,0.3164,0.4006,0.1848,CRITICAL,True,10,0,,,,,,
1771435998.130,0.1,,,,,,,,,,,,,,,0.1848,SAFE,,10,,t2476_0,0.65,HIGH,LOCAL,SAFE: all tasks permitted (weight=0.65),
1771435998.130,0.1,56.12,4.7569,1.289,49.2,5,,,0.03162,0.0000,0.0000,0.4233,0.0000,0.3162,0.4193,0.1705,CRITICAL,True,10,0,,,,,,
1771435998.130,0.1,55.69,4.7518,1.243,46.0,5,,,0.03042,0.0000,0.0000,0.4462,0.0000,0.3042,0.3967,0.1678,CRITICAL,True,10,0,,,,,,
1771435998.130,0.1,,,,,,,,,,,,,,,0.1678,SAFE,,10,,t2478_0,0.49,LOW,LOCAL,SAFE: all tasks permitted (weight=0.49),
1771435998.130,0.1,56.55,4.7281,1.261,47.2,5,,,0.03026,0.0000,0.0000,0.5542,0.0000,0.3026,0.4057,0.1834,CRITICAL,True,10,0,,,,,,
1771435998.130,0.1,,,,,,,,,,,,,,,0.1834,SAFE,,10,,t2479_0,0.41,HIGH,LOCAL,SAFE: all tasks permitted (weight=0.41),
1771435998.130,0.1,56.51,4.7240,1.269,47.8,5,,,0.02592,0.0000,0.0000,0.5730,0.0000,0.2592,0.4096,0.1823,CRITICAL,True,10,0,,,,,,
1771435998.130,0.1,,,,,,,,,,,,,,,0.1823,SAFE,,10,,t2480_0,0.25,HIGH,LOCAL,SAFE: all tasks permitted (weight=0.25),
1771435998.130,0.1,56.17,4.7123,1.257,46.9,5,,,0.02460,0.0000,0.0000,0.6260,0.0000,0.2460,0.4033,0.1866,CRITICAL,True,10,0,,,,,,
1771435998.130,0.1,,,,,,,,,,,,,,,0.1866,SAFE,,10,,t2481_0,0.23,LOW,LOCAL,SAFE: all tasks permitted (weight=0.23),
1771435998.131,0.1,56.12,4.7429,1.242,45.9,5,27841.744,19.42342,0.01485,0.0000,0.0000,0.4870,0.0000,0.1485,0.3960,0.1574,CRITICAL,True,10,0,,,,,,
1771435998.131,0.1,55.82,4.6959,1.200,42.9,4,2716.397,-44.54749,0.01626,0.0000,0.0000,0.7004,0.0000,0.1626,0.3600,0.1793,CRITICAL,True,10,0,,,,,,
1771435998.131,0.1,56.78,4.7501,1.161,40.1,4,59776.715,23.58488,0.01684,0.0000,0.0000,0.4543,0.0000,0.1684,0.3405,0.1440,CRITICAL,True,10,0,,,,,,
1771435998.131,0.1,,,,,,,,,,,,,,,0.1440,SAFE,,10,,t2484_0,0.45,LOW,LOCAL,SAFE: all tasks permitted (weight=0.45),
1771435998.131,0.1,56.31,4.7507,1.181,41.5,4,11119.419,-6.16211,0.01761,0.0000,0.0000,0.4513,0.0000,0.1761,0.3503,0.1463,CRITICAL,True,10,0,,,,,,
1771435998.131,0.1,56.15,4.7439,1.143,38.8,4,27570.415,-7.91814,0.01754,0.0000,0.0000,0.4822,0.0000,0.1754,0.3314,0.1465,CRITICAL,True,10,0,,,,,,
1771435998.131,0.1,,,,,,,,,,,,,,,0.1465,SAFE,,10,,t2486_0,0.63,LOW,LOCAL,SAFE: all tasks permitted (weight=0.63),
1771435998.131,0.1,55.81,4.7650,1.186,41.8,4,-44616.146,36.95654,0.01936,0.0000,0.0000,0.3862,0.0000,0.1936,0.3529,0.1402,CRITICAL,True,10,0,,,,,,
1771435998.131,0.1,56.05,4.7623,1.148,39.1,4,-27825.948,38.33998,0.02020,0.0000,0.0000,0.3987,0.0000,0.2020,0.3339,0.1388,CRITICAL,True,10,0,,,,,,
1771435998.131,0.1,,,,,,,,,,,,,,,0.1388,SAFE,,10,,t2488_0,0.73,NORMAL,LOCAL,SAFE: all tasks permitted (weight=0.73),
1771435998.131,0.1,56.20,4.7648,1.203,43.0,5,1682.532,52.55579,0.02086,0.0000,0.0000,0.3871,0.0000,0.2086,0.3763,0.1464,CRITICAL,True,10,0,,,,,,window_reset|B=10
1771435998.131,0.1,,,,,,,,,,,,,,,0.1464,SAFE,,10,,t2489_0,0.31,NORMAL,LOCAL,SAFE: all tasks permitted (weight=0.31),
1771435998.131,0.1,56.03,4.7463,1.202,43.0,4,,,0.02067,0.0000,0.0000,0.4714,0.0000,0.2067,0.3609,0.1541,CRITICAL,True,10,0,,,,,,
1771435998.131,0.1,56.45,4.7214,1.163,40.2,4,,,0.02109,0.0000,0.0000,0.5847,0.0000,0.2109,0.3413,0.1654,CRITICAL,True,10,0,,,,,,
1771435998.131,0.1,56.13,4.7521,1.126,37.6,4,,,0.02074,0.0000,0.0000,0.4451,0.0000,0.2074,0.3231,0.1432,CRITICAL,True,10,0,,,,,,
1771435998.131,0.1,55.44,4.7774,1.092,35.2,4,,,0.02069,0.0000,0.0000,0.3302,0.0000,0.2069,0.3062,0.1249,CRITICAL,True,10,0,,,,,,
1771435998.131,0.1,55.24,4.7799,1.061,32.9,3,,,0.02242,0.0000,0.0000,0.3186,0.0000,0.2242,0.2754,0.1189,CRITICAL,True,10,0,,,,,,
1771435998.131,0.1,55.23,4.7891,1.032,30.8,3,,,0.01770,0.0000,0.0000,0.2770,0.0000,0.1770,0.2608,0.1059,CRITICAL,True,10,0,,,,,,
1771435998.131,0.1,,,,,,,,,,,,,,,0.1059,SAFE,,10,,t2495_0,0.51,NORMAL,LOCAL,SAFE: all tasks permitted (weight=0.51),
1771435998.131,0.1,,,,,,,,,,,,,,,0.1059,SAFE,,10,,t2495_1,0.69,NORMAL,LOCAL,SAFE: all tasks permitted (weight=0.69),
1771435998.131,0.1,55.43,4.7730,1.153,39.5,4,,,0.01792,0.0000,0.0000,0.3498,0.0000,0.1792,0.3366,0.1307,CRITICAL,True,10,0,,,,,,
1771435998.131,0.1,,,,,,,,,,,,,,,0.1307,SAFE,,10,,t2496_0,0.49,NORMAL,LOCAL,SAFE: all tasks permitted (weight=0.49),
1771435998.131,0.1,55.49,4.7225,1.178,41.3,4,,,0.02068,0.0000,0.0000,0.5795,0.0000,0.2068,0.3490,0.1658,CRITICAL,True,10,0,,,,,,
1771435998.131,0.1,,,,,,,,,,,,,,,0.1658,SAFE,,10,,t2497_0,0.21,CRITICAL,LOCAL,SAFE: all tasks permitted (weight=0.21),
1771435998.131,0.1,,,,,,,,,,,,,,,0.1658,SAFE,,10,,t2497_1,0.53,NORMAL,LOCAL,SAFE: all tasks permitted (weight=0.53),
1771435998.131,0.1,55.07,4.7596,1.232,45.2,5,,,0.02023,0.0000,0.0000,0.4108,0.0000,0.2023,0.3911,0.1519,CRITICAL,True,10,0,,,,,,
1771435998.131,0.1,55.84,4.7465,1.191,42.2,4,,,0.02045,0.0000,0.0000,0.4704,0.0000,0.2045,0.3555,0.1527,CRITICAL,True,10,0,,,,,,
1771435998.131,0.1,,,,,,,,,,,,,,,0.1527,SAFE,,10,,t2499_0,0.72,HIGH,LOCAL,SAFE: all tasks permitted (weight=0.72),
1771435998.131,0.1,55.90,4.7106,1.242,45.9,5,,,0.02418,0.0000,0.0000,0.6337,0.0000,0.2418,0.3960,0.1857,CRITICAL,True,10,0,,,,,,
1771435998.131,0.1,56.03,4.7212,1.200,42.9,4,,,0.02547,0.0000,0.0000,0.5857,0.0000,0.2547,0.3600,0.1736,CRITICAL,True,10,0,,,,,,
1771435998.131,0.1,,,,,,,,,,,,,,,0.1736,SAFE,,10,,t2501_0,0.30,LOW,LOCAL,SAFE: all tasks permitted (weight=0.30),
1771435998.131,0.1,55.48,4.7599,1.198,42.7,4,,,0.02558,0.0000,0.0000,0.4097,0.0000,0.2558,0.3591,0.1507,CRITICAL,True,10,0,,,,,,
1771435998.131,0.1,,,,,,,,,,,,,,,0.1507,SAFE,,10,,t2502_0,0.82,NORMAL,LOCAL,SAFE: all tasks permitted (weight=0.82),
1771435998.131,0.1,56.11,4.7347,1.262,47.3,5,,,0.02453,0.0000,0.0000,0.5241,0.0000,0.2453,0.4059,0.1738,CRITICAL,True,10,0,,,,,,
1771435998.131,0.1,,,,,,,,,,,,,,,0.1738,SAFE,,10,,t2503_0,0.69,NORMAL,LOCAL,SAFE: all tasks permitted (weight=0.69),
1771435998.131,0.1,55.67,4.6958,1.304,50.3,5,,,0.02906,0.0000,0.0000,0.7007,0.0000,0.2906,0.4272,0.2056,CRITICAL,True,10,0,,,,,,window_reset|B=10
1771435998.131,0.1,,,,,,,,,,,,,,,0.2056,SAFE,,10,,t2504_0,0.22,LOW,LOCAL,SAFE: all tasks permitted (weight=0.22),
1771435998.131,0.1,55.77,4.7259,1.285,48.9,5,,,0.02812,0.0000,0.0000,0.5641,0.0000,0.2812,0.4175,0.1849,CRITICAL,True,10,0,,,,,,
1771435998.131,0.1,,,,,,,,,,,,,,,0.1849,SAFE,,10,,t2505_0,0.23,NORMAL,LOCAL,SAFE: all tasks permitted (weight=0.23),
1771435998.131,0.1,56.24,4.7005,1.269,47.8,5,,,0.02805,0.0000,0.0000,0.6794,0.0000,0.2805,0.4094,0.1983,CRITICAL,True,10,0,,,,,,
1771435998.131,0.1,,,,,,,,,,,,,,,0.1983,SAFE,,10,,t2506_0,0.63,LOW,LOCAL,SAFE: all tasks permitted (weight=0.63),
1771435998.131,0.1,56.36,4.7243,1.304,50.3,5,,,0.02326,0.0000,0.0000,0.5712,0.0000,0.2326,0.4268,0.1829,CRITICAL,True,10,0,,,,,,
1771435998.131,0.1,56.26,4.7302,1.257,47.0,5,,,0.01956,0.0000,0.0000,0.5447,0.0000,0.1956,0.4037,0.1711,CRITICAL,True,10,0,,,,,,
1771435998.131,0.1,,,,,,,,,,,,,,,0.1711,SAFE,,10,,t2508_0,0.84,HIGH,LOCAL,SAFE: all tasks permitted (weight=0.84),
1771435998.131,0.1,56.04,4.7019,1.319,51.4,6,,,0.02080,0.0000,0.0000,0.6732,0.0000,0.2080,0.4497,0.1983,CRITICAL,True,10,0,,,,,,
1771435998.131,0.1,56.67,4.7134,1.272,48.0,5,,,0.01834,0.0000,0.0000,0.6208,0.0000,0.1834,0.4110,0.1812,CRITICAL,True,10,0,,,,,,
1771435998.131,0.1,,,,,,,,,,,,,,,0.1812,SAFE,,10,,t2510_0,0.77,CRITICAL,LOCAL,SAFE: all tasks permitted (weight=0.77),
1771435998.131,0.1,56.87,4.7068,1.324,51.7,6,,,0.01718,0.0000,0.0000,0.6510,0.0000,0.1718,0.4521,0.1922,CRITICAL,True,10,0,,,,,,
1771435998.131,0.1,,,,,,,,,,,,,,,0.1922,SAFE,,10,,t2511_0,0.74,LOW,LOCAL,SAFE: all tasks permitted (weight=0.74),
1771435998.131,0.1,,,,,,,,,,,,,,,0.1922,SAFE,,10,,t2511_1,0.55,HIGH,LOCAL,SAFE: all tasks permitted (weight=0.55),
1771435998.131,0.1,56.80,4.6889,1.437,59.8,7,,,0.01899,0.0000,0.0000,0.7324,0.0000,0.1899,0.5235,0.2189,CRITICAL,True,10,0,,,,,,
1771435998.131,0.1,,,,,,,,,,,,,,,0.2189,SAFE,,10,,t2512_0,0.45,NORMAL,LOCAL,SAFE: all tasks permitted (weight=0.45),
1771435998.131,0.1,57.06,4.6503,1.437,59.8,7,,,0.02636,0.0000,0.0000,0.9079,0.0000,0.2636,0.5236,0.2491,CRITICAL,True,10,0,,,,,,
1771435998.131,0.1,,,,,,,,,,,,,,,0.2491,SAFE,,10,,t2513_0,0.44,NORMAL,LOCAL,SAFE: all tasks permitted (weight=0.44),
1771435998.131,0.1,58.47,4.6675,1.437,59.8,7,,,0.02440,0.0000,0.0000,0.8294,0.0000,0.2440,0.5233,0.2369,CRITICAL,True,10,0,,,,,,
1771435998.131,0.1,,,,,,,,,,,,,,,0.2369,SAFE,,10,,t2514_0,0.81,HIGH,LOCAL,SAFE: all tasks permitted (weight=0.81),
1771435998.131,0.1,57.62,4.5969,1.482,63.0,7,,,0.03641,0.0000,0.0000,1.0000,0.0000,0.3641,0.5462,0.2756,CRITICAL,True,10,0,,,,,,FAILURE:BROWNOUT(V=4.597V)
1771435998.131,0.1,,,,,,,,,,,,,,,0.2756,SAFE,,10,,t2515_0,0.46,HIGH,LOCAL,SAFE: all tasks permitted (weight=0.46),
1771435998.131,0.1,57.76,4.7017,1.481,62.9,7,,,0.03650,0.0000,0.0000,0.6743,0.0000,0.3650,0.5456,0.2333,CRITICAL,True,10,0,,,,,,
1771435998.131,0.1,57.87,4.6886,1.422,58.7,6,,,0.03507,0.0000,0.0000,0.7335,0.0000,0.3507,0.5012,0.2307,CRITICAL,True,10,0,,,,,,
1771435998.131,0.1,,,,,,,,,,,,,,,0.2307,SAFE,,10,,t2517_0,0.58,NORMAL,LOCAL,SAFE: all tasks permitted (weight=0.58),
1771435998.131,0.1,,,,,,,,,,,,,,,0.2307,SAFE,,10,,t2517_1,0.83,HIGH,LOCAL,SAFE: all tasks permitted (weight=0.83),
1771435998.131,0.1,58.25,4.6118,1.544,67.4,8,,,0.04081,0.0000,0.0000,1.0000,0.0000,0.4081,0.5921,0.2892,CRITICAL,True,10,0,,,,,,FAILURE:BROWNOUT(V=4.612V)
1771435998.131,0.1,58.69,4.6398,1.481,62.9,7,,,0.04016,0.0000,0.0000,0.9556,0.0000,0.4016,0.5456,0.2735,CRITICAL,True,10,0,,,,,,window_reset|B=10
1771435998.131,0.1,58.92,4.7148,1.422,58.7,6,,,0.03859,0.0000,0.0000,0.6144,0.0000,0.3859,0.5012,0.2187,CRITICAL,True,10,0,,,,,,
1771435998.131,0.1,58.43,4.6858,1.368,54.8,6,,,0.03785,0.0000,0.0000,0.7462,0.0000,0.3785,0.4739,0.2296,CRITICAL,True,10,0,,,,,,
1771435998.131,0.1,58.95,4.6784,1.317,51.2,6,,,0.03586,0.0000,0.0000,0.7799,0.0000,0.3586,0.4485,0.2269,CRITICAL,True,10,0,,,,,,
1771435998.131,0.1,58.93,4.7321,1.270,47.8,5,,,0.03863,0.0000,0.0000,0.5361,0.0000,0.3863,0.4099,0.1903,CRITICAL,True,10,0,,,,,,
1771435998.131,0.1,,,,,,,,,,,,,,,0.1903,SAFE,,10,,t2523_0,0.30,LOW,LOCAL,SAFE: all tasks permitted (weight=0.30),
1771435998.131,0.1,,,,,,,,,,,,,,,0.1903,SAFE,,10,,t2523_1,0.25,NORMAL,LOCAL,SAFE: all tasks permitted (weight=0.25),
1771435998.131,0.1,58.96,4.6966,1.295,49.6,5,,,0.03898,0.0000,0.0000,0.6973,0.0000,0.3898,0.4225,0.2141,CRITICAL,True,10,0,,,,,,
1771435998.131,0.1,,,,,,,,,,,,,,,0.2141,SAFE,,10,,t2524_0,0.29,NORMAL,LOCAL,SAFE: all tasks permitted (weight=0.29),
1771435998.131,0.1,58.77,4.7059,1.286,49.0,5,,,0.03942,0.0000,0.0000,0.6551,0.0000,0.3942,0.4178,0.2082,CRITICAL,True,10,0,,,,,,
1771435998.131,0.1,,,,,,,,,,,,,,,0.2082,SAFE,,10,,t2525_0,0.35,HIGH,LOCAL,SAFE: all tasks permitted (weight=0.35),
1771435998.133,0.1,59.55,4.7548,1.284,48.9,5,52015.973,95.19111,0.04476,0.0000,0.0000,0.4326,0.0000,0.4476,0.4172,0.1844,CRITICAL,True,10,0,,,,,,
1771435998.133,0.1,,,,,,,,,,,,,,,0.1844,SAFE,,10,,t2526_0,0.65,HIGH,LOCAL,SAFE: all tasks permitted (weight=0.65),
1771435998.133,0.1,59.32,4.6624,1.321,51.5,6,24930.277,15.07829,0.03716,0.0000,0.0000,0.8526,0.0000,0.3716,0.4506,0.2381,CRITICAL,True,10,0,,,,,,
1771435998.133,0.1,58.71,4.7340,1.274,48.1,5,-8671.688,12.73768,0.03908,0.0000,0.0000,0.5274,0.0000,0.3908,0.4119,0.1900,CRITICAL,True,10,0,,,,,,
1771435998.133,0.1,59.12,4.7039,1.230,45.0,5,27498.343,11.99557,0.03919,0.0000,0.0000,0.6643,0.0000,0.3919,0.3898,0.2035,CRITICAL,True,10,0,,,,,,
1771435998.133,0.1,,,,,,,,,,,,,,,0.2035,SAFE,,10,,t2529_0,0.42,NORMAL,LOCAL,SAFE: all tasks permitted (weight=0.42),
1771435998.133,0.1,59.54,4.7332,1.241,45.8,5,23599.332,36.41622,0.03180,0.0000,0.0000,0.5311,0.0000,0.3180,0.3953,0.1799,CRITICAL,True,10,0,,,,,,
1771435998.133,0.1,,,,,,,,,,,,,,,0.1799,SAFE,,10,,t2530_0,0.53,NORMAL,LOCAL,SAFE: all tasks permitted (weight=0.53),
1771435998.133,0.1,59.43,4.7674,1.265,47.5,5,20111.075,23.52287,0.03001,0.0000,0.0000,0.3754,0.0000,0.3001,0.4075,0.1603,CRITICAL,True,10,0,,,,,,
1771435998.133,0.1,58.68,4.7122,1.221,44.4,5,-11378.546,10.38664,0.03001,0.0000,0.0000,0.6263,0.0000,0.3001,0.3857,0.1886,CRITICAL,True,10,0,,,,,,
1771435998.133,0.1,59.43,4.7004,1.181,41.5,4,26052.917,-3.65552,0.02913,0.0000,0.0000,0.6801,0.0000,0.2913,0.3504,0.1876,CRITICAL,True,10,0,,,,,,
1771435998.133,0.1,,,,,,,,,,,,,,,0.1876,SAFE,,10,,t2533_0,0.37,NORMAL,LOCAL,SAFE: all tasks permitted (weight=0.37),
1771435998.133,0.1,58.49,4.7593,1.190,42.1,4,,,0.02922,0.0000,0.0000,0.4124,0.0000,0.2922,0.3550,0.1538,CRITICAL,True,10,0,,,,,,window_reset|B=10
1771435998.133,0.1,58.96,4.7719,1.152,39.4,4,,,0.03229,0.0000,0.0000,0.3551,0.0000,0.3229,0.3358,0.1456,CRITICAL,True,10,0,,,,,,
1771435998.133,0.1,,,,,,,,,,,,,,,0.1456,SAFE,,10,,t2535_0,0.22,NORMAL,LOCAL,SAFE: all tasks permitted (weight=0.22),
1771435998.133,0.1,58.63,4.7516,1.143,38.8,4,,,0.03181,0.0000,0.0000,0.4473,0.0000,0.3181,0.3316,0.1563,CRITICAL,True,10,0,,,,,,
1771435998.133,0.1,,,,,,,,,,,,,,,0.1563,SAFE,,10,,t2536_0,0.36,NORMAL,LOCAL,SAFE: all tasks permitted (weight=0.36),
1771435998.133,0.1,58.34,4.7522,1.153,39.5,4,,,0.03149,0.0000,0.0000,0.4444,0.0000,0.3149,0.3366,0.1566,CRITICAL,True,10,0,,,,,,
1771435998.133,0.1,58.07,4.7655,1.117,37.0,4,,,0.03222,0.0000,0.0000,0.3842,0.0000,0.3222,0.3187,0.1459,CRITICAL,True,10,0,,,,,,
1771435998.133,0.1,,,,,,,,,,,,,,,0.1459,SAFE,,10,,t2538_0,0.60,NORMAL,LOCAL,SAFE: all tasks permitted (weight=0.60),
1771435998.133,0.1,58.41,4.7484,1.160,40.0,4,,,0.02388,0.0000,0.0000,0.4619,0.0000,0.2388,0.3398,0.1519,CRITICAL,True,10,0,,,,,,
1771435998.133,0.1,,,,,,,,,,,,,,,0.1519,SAFE,,10,,t2539_0,0.84,NORMAL,LOCAL,SAFE: all tasks permitted (weight=0.84),
1771435998.133,0.1,58.09,4.7244,1.229,44.9,5,,,0.02428,0.0000,0.0000,0.5711,0.0000,0.2428,0.3896,0.1764,CRITICAL,True,10,0,,,,,,
1771435998.133,0.1,,,,,,,,,,,,,,,0.1764,SAFE,,10,,t2540_0,0.35,NORMAL,LOCAL,SAFE: all tasks permitted (weight=0.35),
1771435998.133,0.1,57.95,4.7287,1.232,45.1,5,,,0.02198,0.0000,0.0000,0.5512,0.0000,0.2198,0.3909,0.1718,CRITICAL,True,10,0,,,,,,
1771435998.133,0.1,,,,,,,,,,,,,,,0.1718,SAFE,,10,,t2541_0,0.54,NORMAL,LOCAL,SAFE: all tasks permitted (weight=0.54),
1771435998.133,0.1,57.99,4.7298,1.258,47.0,5,,,0.02213,0.0000,0.0000,0.5463,0.0000,0.2213,0.4040,0.1739,CRITICAL,True,10,0,,,,,,
1771435998.133,0.1,,,,,,,,,,,,,,,0.1739,SAFE,,10,,t2542_0,0.51,LOW,LOCAL,SAFE: all tasks permitted (weight=0.51),
1771435998.133,0.1,57.84,4.7106,1.279,48.5,5,,,0.02240,0.0000,0.0000,0.6338,0.0000,0.2240,0.4144,0.1877,CRITICAL,True,10,0,,,,,,
1771435998.133,0.1,,,,,,,,,,,,,,,0.1877,SAFE,,10,,t2543_0,0.49,HIGH,LOCAL,SAFE: all tasks permitted (weight=0.49),
1771435998.133,0.1,58.80,4.6981,1.296,49.7,5,,,0.02403,0.0000,0.0000,0.6906,0.0000,0.2403,0.4230,0.1984,CRITICAL,True,10,0,,,,,,
1771435998.133,0.1,58.31,4.7477,1.250,46.4,5,,,0.02149,0.0000,0.0000,0.4651,0.0000,0.2149,0.4001,0.1620,CRITICAL,True,10,0,,,,,,
1771435998.133,0.1,,,,,,,,,,,,,,,0.1620,SAFE,,10,,t2545_0,0.31,NORMAL,LOCAL,SAFE: all tasks permitted (weight=0.31),
1771435998.133,0.1,57.82,4.7311,1.247,46.2,5,,,0.02086,0.0000,0.0000,0.5405,0.0000,0.2086,0.3986,0.1708,CRITICAL,True,10,0,,,,,,
1771435998.133,0.1,,,,,,,,,,,,,,,0.1708,SAFE,,10,,t2546_0,0.77,HIGH,LOCAL,SAFE: all tasks permitted (weight=0.77),
1771435998.133,0.1,57.97,4.6953,1.302,50.1,5,,,0.02133,0.0000,0.0000,0.7031,0.0000,0.2133,0.4259,0.1979,CRITICAL,True,10,0,,,,,,
1771435998.133,0.1,,,,,,,,,,,,,,,0.1979,SAFE,,10,,t2547_0,0.84,NORMAL,LOCAL,SAFE: all tasks permitted (weight=0.84),
1771435998.133,0.1,,,,,,,,,,,,,,,0.1979,SAFE,,10,,t2547_1,0.44,NORMAL,LOCAL,SAFE: all tasks permitted (weight=0.44),
1771435998.133,0.1,58.45,4.6783,1.417,58.4,6,,,0.02501,0.0000,0.0000,0.7807,0.0000,0.2501,0.4987,0.2262,CRITICAL,True,10,0,,,,,,
1771435998.134,0.1,58.85,4.7006,1.363,54.5,6,53599.598,-27.96886,0.02454,0.0000,0.0000,0.6792,0.0000,0.2454,0.4715,0.2071,CRITICAL,True,10,0,,,,,,window_reset|B=10
1771435998.134,0.1,,,,,,,,,,,,,,,0.2071,SAFE,,10,,t2549_0,0.54,NORMAL,LOCAL,SAFE: all tasks permitted (weight=0.54),
1771435998.134,0.1,58.05,4.6774,1.380,55.7,6,3230.073,-52.09008,0.02345,0.0000,0.0000,0.7847,0.0000,0.2345,0.4801,0.2215,CRITICAL,True,10,0,,,,,,
1771435998.134,0.1,,,,,,,,,,,,,,,0.2215,SAFE,,10,,t2550_0,0.63,LOW,LOCAL,SAFE: all tasks permitted (weight=0.63),
1771435998.134,0.1,58.47,4.6858,1.408,57.7,6,37531.850,-24.59621,0.02219,0.0000,0.0000,0.7463,0.0000,0.2219,0.4940,0.2180,CRITICAL,True,10,0,,,,,,
1771435998.134,0.1,,,,,,,,,,,,,,,0.2180,SAFE,,10,,t2551_0,0.63,NORMAL,LOCAL,SAFE: all tasks permitted (weight=0.63),
1771435998.134,0.1,58.88,4.7221,1.433,59.5,7,4808.834,23.82737,0.02206,0.0000,0.0000,0.5815,0.0000,0.2206,0.5216,0.2020,CRITICAL,True,10,0,,,,,,
1771435998.134,0.1,59.00,4.6500,1.378,55.6,6,40729.746,-97.00796,0.02643,0.0000,0.0000,0.9092,0.0000,0.2643,0.4789,0.2404,CRITICAL,True,10,0,,,,,,
1771435998.134,0.1,58.78,4.6726,1.326,51.9,6,57338.840,-58.05379,0.02618,0.0000,0.0000,0.8062,0.0000,0.2618,0.4532,0.2216,CRITICAL,True,10,0,,,,,,
1771435998.134,0.1,59.20,4.7655,1.278,48.5,5,73011.963,69.63696,0.03218,0.0000,0.0000,0.3843,0.0000,0.3218,0.4142,0.1650,CRITICAL,True,10,0,,,,,,
1771435998.134,0.1,58.51,4.7434,1.234,45.3,5,3858.561,64.71058,0.03410,0.0000,0.0000,0.4844,0.0000,0.3410,0.3919,0.1755,CRITICAL,True,10,0,,,,,,
1771435998.134,0.1,,,,,,,,,,,,,,,0.1755,SAFE,,10,,t2556_0,0.58,HIGH,LOCAL,SAFE: all tasks permitted (weight=0.58),
1771435998.134,0.1,58.87,4.7113,1.265,47.5,5,,,0.03178,0.0000,0.0000,0.6304,0.0000,0.3178,0.4075,0.1952,CRITICAL,True,10,0,,,,,,
1771435998.134,0.1,,,,,,,,,,,,,,,0.1952,SAFE,,10,,t2557_0,0.29,LOW,LOCAL,SAFE: all tasks permitted (weight=0.29),
1771435998.134,0.1,59.16,4.7684,1.259,47.0,5,,,0.03594,0.0000,0.0000,0.3711,0.0000,0.3594,0.4043,0.1650,CRITICAL,True,10,0,,,,,,
1771435998.134,0.1,58.88,4.7227,1.215,44.0,5,,,0.03607,0.0000,0.0000,0.5785,0.0000,0.3607,0.3827,0.1878,CRITICAL,True,10,0,,,,,,
1771435998.134,0.1,58.80,4.7144,1.175,41.1,4,,,0.03494,0.0000,0.0000,0.6162,0.0000,0.3494,0.3476,0.1846,CRITICAL,True,10,0,,,,,,
1771435998.134,0.1,57.87,4.7605,1.138,38.4,4,,,0.03727,0.0000,0.0000,0.4069,0.0000,0.3727,0.3290,0.1560,CRITICAL,True,10,0,,,,,,
1771435998.134,0.1,,,,,,,,,,,,,,,0.1560,SAFE,,10,,t2561_0,0.67,LOW,LOCAL,SAFE: all tasks permitted (weight=0.67),
1771435998.134,0.1,,,,,,,,,,,,,,,0.1560,SAFE,,10,,t2561_1,0.73,LOW,LOCAL,SAFE: all tasks permitted (weight=0.73),
1771435998.134,0.1,58.94,4.7167,1.279,48.5,5,,,0.03539,0.0000,0.0000,0.6057,0.0000,0.3539,0.4147,0.1971,CRITICAL,True,10,0,,,,,,
1771435998.134,0.1,,,,,,,,,,,,,,,0.1971,SAFE,,10,,t2562_0,0.46,HIGH,LOCAL,SAFE: all tasks permitted (weight=0.46),
1771435998.134,0.1,58.88,4.6916,1.293,49.5,5,,,0.03497,0.0000,0.0000,0.7200,0.0000,0.3497,0.4213,0.2128,CRITICAL,True,10,0,,,,,,
1771435998.134,0.1,,,,,,,,,,,,,,,0.2128,SAFE,,10,,t2563_0,0.42,HIGH,LOCAL,SAFE: all tasks permitted (weight=0.42),
1771435998.134,0.1,58.88,4.7377,1.300,50.0,5,,,0.03531,0.0000,0.0000,0.5105,0.0000,0.3531,0.4249,0.1867,CRITICAL,True,10,0,,,,,,window_reset|B=10
1771435998.134,0.1,,,,,,,,,,,,,,,0.1867,SAFE,,10,,t2564_0,0.51,NORMAL,LOCAL,SAFE: all tasks permitted (weight=0.51),
1771435998.134,0.1,59.35,4.7214,1.319,51.3,6,,,0.02808,0.0000,0.0000,0.5847,0.0000,0.2808,0.4493,0.1939,CRITICAL,True,10,0,,,,,,
1771435998.134,0.1,58.57,4.7446,1.271,47.9,5,,,0.02302,0.0000,0.0000,0.4789,0.0000,0.2302,0.4106,0.1674,CRITICAL,True,10,0,,,,,,
1771435998.134,0.1,,,,,,,,,,,,,,,0.1674,SAFE,,10,,t2566_0,0.56,NORMAL,LOCAL,SAFE: all tasks permitted (weight=0.56),
1771435998.134,0.1,58.93,4.7133,1.298,49.9,5,,,0.02138,0.0000,0.0000,0.6212,0.0000,0.2138,0.4240,0.1869,CRITICAL,True,10,0,,,,,,
1771435998.134,0.1,59.18,4.7141,1.252,46.6,5,,,0.02125,0.0000,0.0000,0.6176,0.0000,0.2125,0.4010,0.1817,CRITICAL,True,10,0,,,,,,
1771435998.134,0.1,58.77,4.7376,1.209,43.5,5,,,0.02093,0.0000,0.0000,0.5110,0.0000,0.2093,0.3797,0.1633,CRITICAL,True,10,0,,,,,,
1771435998.134,0.1,58.81,4.8011,1.170,40.7,4,,,0.02716,0.0000,0.0000,0.2221,0.0000,0.2716,0.3448,0.1250,SAFE,True,10,0,,,,,,
1771435998.134,0.1,,,,,,,,,,,,,,,0.1250,SAFE,,10,,t2570_0,0.55,NORMAL,LOCAL,SAFE: all tasks permitted (weight=0.55),
1771435998.134,0.1,58.95,4.7025,1.202,43.0,5,,,0.02825,0.0000,0.0000,0.6705,0.0000,0.2825,0.3760,0.1906,CRITICAL,True,10,0,,,,,,
1771435998.134,0.1,,,,,,,,,,,,,,,0.1906,SAFE,,10,,t2571_0,0.82,HIGH,LOCAL,SAFE: all tasks permitted (weight=0.82),
1771435998.134,0.1,58.85,4.7208,1.267,47.6,5,,,0.02801,0.0000,0.0000,0.5873,0.0000,0.2801,0.4085,0.1861,CRITICAL,True,10,0,,,,,,
1771435998.134,0.1,,,,,,,,,,,,,,,0.1861,SAFE,,10,,t2572_0,0.41,LOW,LOCAL,SAFE: all tasks permitted (weight=0.41),
1771435998.134,0.1,58.43,4.7124,1.276,48.3,5,,,0.02680,0.0000,0.0000,0.6255,0.0000,0.2680,0.4128,0.1907,CRITICAL,True,10,0,,,,,,
1771435998.134,0.1,,,,,,,,,,,,,,,0.1907,SAFE,,10,,t2573_0,0.24,HIGH,LOCAL,SAFE: all tasks permitted (weight=0.24),
1771435998.134,0.1,58.76,4.6871,1.261,47.2,5,,,0.02885,0.0000,0.0000,0.7407,0.0000,0.2885,0.4057,0.2063,CRITICAL,True,10,0,,,,,,
1771435998.134,0.1,58.54,4.7458,1.218,44.1,5,,,0.02769,0.0000,0.0000,0.4738,0.0000,0.2769,0.3840,0.1661,CRITICAL,True,10,0,,,,,,
1771435998.134,0.1,58.48,4.7333,1.178,41.3,4,,,0.02759,0.0000,0.0000,0.5306,0.0000,0.2759,0.3489,0.1663,CRITICAL,True,10,0,,,,,,
1771435998.134,0.1,,,,,,,,,,,,,,,0.1663,SAFE,,10,,t2576_0,0.47,HIGH,LOCAL,SAFE: all tasks permitted (weight=0.47),
1771435998.134,0.1,58.80,4.7058,1.200,42.8,4,,,0.02822,0.0000,0.0000,0.6554,0.0000,0.2822,0.3598,0.1854,CRITICAL,True,10,0,,,,,,
1771435998.134,0.1,,,,,,,,,,,,,,,0.1854,SAFE,,10,,t2577_0,0.45,NORMAL,LOCAL,SAFE: all tasks permitted (weight=0.45),
1771435998.136,0.1,,,,,,,,,,,,,,,0.1854,SAFE,,10,,t2577_1,0.37,HIGH,LOCAL,SAFE: all tasks permitted (weight=0.37),
1771435998.136,0.1,58.39,4.6724,1.265,47.5,5,-13546.287,-68.66926,0.03126,0.0000,0.0000,0.8072,0.0000,0.3126,0.4074,0.2177,CRITICAL,True,10,0,,,,,,
1771435998.137,0.1,58.45,4.6144,1.221,44.4,5,-10578.542,-30.59709,0.04293,0.0000,0.0000,1.0000,0.0000,0.4293,0.3856,0.2500,CRITICAL,True,10,0,,,,,,window_reset|B=10|FAILURE:BROWNOUT(V=4.614V)
1771435998.137,0.1,58.47,4.6941,1.181,41.5,4,-7807.519,-9.25544,0.04321,0.0000,0.0000,0.7084,0.0000,0.4321,0.3503,0.2054,CRITICAL,True,10,0,,,,,,
1771435998.137,0.1,58.29,4.7651,1.143,38.8,4,-2983.301,18.31121,0.04526,0.0000,0.0000,0.3859,0.0000,0.4526,0.3315,0.1617,CRITICAL,True,10,0,,,,,,
1771435998.137,0.1,,,,,,,,,,,,,,,0.1617,SAFE,,10,,t2581_0,0.63,NORMAL,LOCAL,SAFE: all tasks permitted (weight=0.63),
1771435998.137,0.1,58.48,4.7428,1.188,42.0,4,-5777.677,19.37180,0.03809,0.0000,0.0000,0.4872,0.0000,0.3809,0.3538,0.1722,CRITICAL,True,10,0,,,,,,
1771435998.137,0.1,,,,,,,,,,,,,,,0.1722,SAFE,,10,,t2582_0,0.47,NORMAL,LOCAL,SAFE: all tasks permitted (weight=0.47),
1771435998.137,0.1,58.06,4.7240,1.208,43.5,5,-9937.161,-7.56357,0.03829,0.0000,0.0000,0.5728,0.0000,0.3829,0.3792,0.1886,CRITICAL,True,10,0,,,,,,
1771435998.137,0.1,,,,,,,,,,,,,,,0.1886,SAFE,,10,,t2583_0,0.24,HIGH,LOCAL,SAFE: all tasks permitted (weight=0.24),
1771435998.137,0.1,58.28,4.7005,1.199,42.8,4,-4326.814,-11.40226,0.03822,0.0000,0.0000,0.6797,0.0000,0.3822,0.3597,0.1985,CRITICAL,True,10,0,,,,,,
1771435998.137,0.1,58.17,4.7700,1.160,40.0,4,-12993.417,22.30378,0.04189,0.0000,0.0000,0.3636,0.0000,0.4189,0.3402,0.1572,CRITICAL,True,10,0,,,,,,
1771435998.137,0.1,57.71,4.7863,1.124,37.4,4,-40423.884,113.48175,0.04560,0.0000,0.0000,0.2894,0.0000,0.4560,0.3221,0.1476,CRITICAL,True,10,0,,,,,,
1771435998.137,0.1,,,,,,,,,,,,,,,0.1476,SAFE,,10,,t2586_0,0.73,LOW,LOCAL,SAFE: all tasks permitted (weight=0.73),
1771435998.137,0.1,57.93,4.7720,1.182,41.6,4,,,0.04732,0.0000,0.0000,0.3545,0.0000,0.4732,0.3512,0.1636,CRITICAL,True,10,0,,,,,,
1771435998.137,0.1,57.88,4.7669,1.145,38.9,4,,,0.04880,0.0000,0.0000,0.3777,0.0000,0.4880,0.3323,0.1644,CRITICAL,True,10,0,,,,,,
1771435998.137,0.1,,,,,,,,,,,,,,,0.1644,SAFE,,10,,t2588_0,0.43,NORMAL,LOCAL,SAFE: all tasks permitted (weight=0.43),
1771435998.137,0.1,57.79,4.7701,1.165,40.3,4,,,0.04978,0.0000,0.0000,0.3632,0.0000,0.4978,0.3423,0.1655,CRITICAL,True,10,0,,,,,,
1771435998.137,0.1,,,,,,,,,,,,,,,0.1655,SAFE,,10,,t2589_0,0.83,NORMAL,LOCAL,SAFE: all tasks permitted (weight=0.83),
1771435998.137,0.1,57.39,4.7465,1.234,45.3,5,,,0.04656,0.0000,0.0000,0.4704,0.0000,0.4656,0.3920,0.1861,CRITICAL,True,10,0,,,,,,
1771435998.137,0.1,57.78,4.7134,1.193,42.3,4,,,0.02970,0.0000,0.0000,0.6209,0.0000,0.2970,0.3563,0.1817,CRITICAL,True,10,0,,,,,,
1771435998.137,0.1,,,,,,,,,,,,,,,0.1817,SAFE,,10,,t2591_0,0.85,CRITICAL,LOCAL,SAFE: all tasks permitted (weight=0.85),
1771435998.137,0.1,57.83,4.7280,1.262,47.3,5,,,0.02602,0.0000,0.0000,0.5547,0.0000,0.2602,0.4058,0.1793,CRITICAL,True,10,0,,,,,,
1771435998.137,0.1,,,,,,,,,,,,,,,0.1793,SAFE,,10,,t2592_0,0.41,NORMAL,LOCAL,SAFE: all tasks permitted (weight=0.41),
1771435998.137,0.1,56.98,4.6805,1.271,47.9,5,,,0.03152,0.0000,0.0000,0.7703,0.0000,0.3152,0.4105,0.2138,CRITICAL,True,10,0,,,,,,
1771435998.137,0.1,56.77,4.7156,1.227,44.8,5,,,0.03233,0.0000,0.0000,0.6108,0.0000,0.3233,0.3885,0.1894,CRITICAL,True,10,0,,,,,,window_reset|B=10
1771435998.137,0.1,57.97,4.7919,1.186,41.9,4,,,0.03496,0.0000,0.0000,0.2642,0.0000,0.3496,0.3530,0.1399,CRITICAL,True,10,0,,,,,,
1771435998.137,0.1,,,,,,,,,,,,,,,0.1399,SAFE,,10,,t2595_0,0.68,NORMAL,LOCAL,SAFE: all tasks permitted (weight=0.68),
1771435998.137,0.1,,,,,,,,,,,,,,,0.1399,SAFE,,10,,t2595_1,0.84,CRITICAL,LOCAL,SAFE: all tasks permitted (weight=0.84),
1771435998.137,0.1,58.19,4.6948,1.342,53.0,6,,,0.03558,0.0000,0.0000,0.7052,0.0000,0.3558,0.4609,0.2194,CRITICAL,True,10,0,,,,,,
1771435998.137,0.1,,,,,,,,,,,,,,,0.2194,SAFE,,10,,t2596_0,0.26,LOW,LOCAL,SAFE: all tasks permitted (weight=0.26),
1771435998.137,0.1,58.28,4.6958,1.326,51.8,6,,,0.03706,0.0000,0.0000,0.7007,0.0000,0.3706,0.4528,0.2187,CRITICAL,True,10,0,,,,,,
1771435998.137,0.1,57.46,4.6802,1.278,48.4,5,,,0.03725,0.0000,0.0000,0.7720,0.0000,0.3725,0.4138,0.2204,CRITICAL,True,10,0,,,,,,
1771435998.137,0.1,,,,,,,,,,,,,,,0.2204,SAFE,,10,,t2598_0,0.59,NORMAL,LOCAL,SAFE: all tasks permitted (weight=0.59),
1771435998.137,0.1,58.15,4.6850,1.309,50.6,5,,,0.03676,0.0000,0.0000,0.7499,0.0000,0.3676,0.4294,0.2201,CRITICAL,True,10,0,,,,,,
1771435998.137,0.1,,,,,,,,,,,,,,,0.2201,SAFE,,10,,t2599_0,0.37,CRITICAL,LOCAL,SAFE: all tasks permitted (weight=0.37),
1771435998.137,0.1,,,,,,,,,,,,,,,0.2201,SAFE,,10,,t2599_1,0.82,LOW,LOCAL,SAFE: all tasks permitted (weight=0.82),
1771435998.137,0.1,57.81,4.6550,1.413,58.1,6,,,0.03845,0.0000,0.0000,0.8866,0.0000,0.3845,0.4965,0.2530,CRITICAL,True,10,0,,,,,,
1771435998.137,0.1,58.10,4.6778,1.359,54.2,6,,,0.03539,0.0000,0.0000,0.7828,0.0000,0.3539,0.4696,0.2311,CRITICAL,True,10,0,,,,,,
1771435998.137,0.1,,,,,,,,,,,,,,,0.2311,SAFE,,10,,t2601_0,0.50,NORMAL,LOCAL,SAFE: all tasks permitted (weight=0.50),
1771435998.137,0.1,,,,,,,,,,,,,,,0.2311,SAFE,,10,,t2601_1,0.57,LOW,LOCAL,SAFE: all tasks permitted (weight=0.57),
1771435998.137,0.1,58.67,4.6653,1.445,60.4,7,,,0.03463,0.0000,0.0000,0.8394,0.0000,0.3463,0.5275,0.2492,CRITICAL,True,10,0,,,,,,
1771435998.137,0.1,,,,,,,,,,,,,,,0.2492,SAFE,,10,,t2602_0,0.23,LOW,LOCAL,SAFE: all tasks permitted (weight=0.23),
1771435998.137,0.1,,,,,,,,,,,,,,,0.2492,SAFE,,10,,t2602_1,0.84,LOW,LOCAL,SAFE: all tasks permitted (weight=0.84),
1771435998.137,0.1,58.94,4.6287,1.525,66.1,7,,,0.03922,0.0000,0.0000,1.0000,0.0000,0.3922,0.5676,0.2827,CRITICAL,True,10,0,,,,,,FAILURE:BROWNOUT(V=4.629V)
1771435998.137,0.1,58.97,4.6239,1.463,61.7,7,,,0.04164,0.0000,0.0000,1.0000,0.0000,0.4164,0.5366,0.2790,CRITICAL,True,10,0,,,,,,
1771435998.137,0.1,58.92,4.6923,1.406,57.6,6,,,0.04172,0.0000,0.0000,0.7166,0.0000,0.4172,0.4929,0.2335,CRITICAL,True,10,0,,,,,,
1771435998.137,0.1,,,,,,,,,,,,,,,0.2335,SAFE,,10,,t2605_0,0.21,LOW,LOCAL,SAFE: all tasks permitted (weight=0.21),
1771435998.137,0.1,59.23,4.6930,1.379,55.7,6,,,0.04074,0.0000,0.0000,0.7137,0.0000,0.4074,0.4796,0.2294,CRITICAL,True,10,0,,,,,,
1771435998.138,0.1,,,,,,,,,,,,,,,0.2294,SAFE,,10,,t2606_0,0.83,HIGH,LOCAL,SAFE: all tasks permitted (weight=0.83),
1771435998.138,0.1,58.78,4.6342,1.434,59.6,7,38341.827,-50.80525,0.02589,0.0000,0.0000,0.9807,0.0000,0.2589,0.5219,0.2578,CRITICAL,True,10,0,,,,,,
1771435998.138,0.1,,,,,,,,,,,,,,,0.2578,SAFE,,10,,t2607_0,0.43,CRITICAL,LOCAL,SAFE: all tasks permitted (weight=0.43),
1771435998.138,0.1,59.42,4.6876,1.433,59.5,7,96517.035,32.70976,0.02536,0.0000,0.0000,0.7380,0.0000,0.2536,0.5217,0.2256,CRITICAL,True,10,0,,,,,,
1771435998.138,0.1,59.66,4.6565,1.378,55.6,6,93297.375,-21.30294,0.02409,0.0000,0.0000,0.8796,0.0000,0.2409,0.4790,0.2342,CRITICAL,True,10,0,,,,,,window_reset|B=10
1771435998.138,0.1,,,,,,,,,,,,,,,0.2342,SAFE,,10,,t2609_0,0.72,NORMAL,LOCAL,SAFE: all tasks permitted (weight=0.72),
1771435998.138,0.1,59.62,4.6573,1.418,58.5,6,57378.364,-8.08613,0.02372,0.0000,0.0000,0.8761,0.0000,0.2372,0.4992,0.2374,CRITICAL,True,10,0,,,,,,
1771435998.138,0.1,60.00,4.6720,1.364,54.6,6,63494.517,43.38552,0.02298,0.0000,0.0000,0.8089,0.0000,0.2298,0.4720,0.2225,CRITICAL,True,10,0,,,,,,
1771435998.138,0.1,59.23,4.6927,1.313,51.0,5,15785.570,68.83247,0.02434,0.0000,0.0000,0.7151,0.0000,0.2434,0.4317,0.2037,CRITICAL,True,10,0,,,,,,
1771435998.138,0.1,59.84,4.7546,1.266,47.6,5,55283.362,62.31284,0.03472,0.0000,0.0000,0.4335,0.0000,0.3472,0.4082,0.1727,CRITICAL,True,10,0,,,,,,
1771435998.138,0.1,,,,,,,,,,,,,,,0.1727,SAFE,,10,,t2613_0,0.64,NORMAL,LOCAL,SAFE: all tasks permitted (weight=0.64),
1771435998.138,0.1,59.62,4.6949,1.305,50.3,5,23053.698,1.96555,0.03524,0.0000,0.0000,0.7048,0.0000,0.3524,0.4273,0.2123,CRITICAL,True,10,0,,,,,,
1771435998.138,0.1,59.77,4.7229,1.258,47.0,5,,,0.03478,0.0000,0.0000,0.5775,0.0000,0.3478,0.4041,0.1907,CRITICAL,True,10,0,,,,,,
1771435998.138,0.1,,,,,,,,,,,,,,,0.1907,SAFE,,10,,t2615_0,0.83,NORMAL,LOCAL,SAFE: all tasks permitted (weight=0.83),
1771435998.138,0.1,60.01,4.7106,1.321,51.5,6,,,0.03076,0.0000,0.0000,0.6338,0.0000,0.3076,0.4507,0.2033,CRITICAL,True,10,0,,,,,,
1771435998.138,0.1,,,,,,,,,,,,,,,0.2033,SAFE,,10,,t2616_0,0.21,HIGH,LOCAL,SAFE: all tasks permitted (weight=0.21),
1771435998.138,0.1,59.97,4.7222,1.300,50.0,5,,,0.03210,0.0000,0.0000,0.5807,0.0000,0.3210,0.4252,0.1926,CRITICAL,True,10,0,,,,,,
1771435998.138,0.1,59.32,4.7000,1.254,46.7,5,,,0.03219,0.0000,0.0000,0.6817,0.0000,0.3219,0.4022,0.2012,CRITICAL,True,10,0,,,,,,
1771435998.138,0.1,59.72,4.7448,1.212,43.7,5,,,0.03004,0.0000,0.0000,0.4784,0.0000,0.3004,0.3808,0.1684,CRITICAL,True,10,0,,,,,,
1771435998.138,0.1,,,,,,,,,,,,,,,0.1684,SAFE,,10,,t2619_0,0.30,NORMAL,LOCAL,SAFE: all tasks permitted (weight=0.30),
1771435998.138,0.1,59.44,4.7699,1.210,43.5,5,,,0.03509,0.0000,0.0000,0.3641,0.0000,0.3509,0.3798,0.1584,CRITICAL,True,10,0,,,,,,
1771435998.138,0.1,,,,,,,,,,,,,,,0.1584,SAFE,,10,,t2620_0,0.62,NORMAL,LOCAL,SAFE: all tasks permitted (weight=0.62),
1771435998.138,0.1,59.68,4.7414,1.249,46.4,5,,,0.03241,0.0000,0.0000,0.4938,0.0000,0.3241,0.3997,0.1765,CRITICAL,True,10,0,,,,,,
1771435998.138,0.1,,,,,,,,,,,,,,,0.1765,SAFE,,10,,t2621_0,0.25,HIGH,LOCAL,SAFE: all tasks permitted (weight=0.25),
1771435998.138,0.1,59.12,4.7388,1.239,45.6,5,,,0.02774,0.0000,0.0000,0.5055,0.0000,0.2774,0.3945,0.1723,CRITICAL,True,10,0,,,,,,
1771435998.138,0.1,,,,,,,,,,,,,,,0.1723,SAFE,,10,,t2622_0,0.40,NORMAL,LOCAL,SAFE: all tasks permitted (weight=0.40),
1771435998.138,0.1,59.51,4.7168,1.248,46.3,5,,,0.02344,0.0000,0.0000,0.6054,0.0000,0.2344,0.3989,0.1819,CRITICAL,True,10,0,,,,,,
1771435998.138,0.1,59.25,4.7459,1.205,43.2,5,,,0.02173,0.0000,0.0000,0.4731,0.0000,0.2173,0.3777,0.1588,CRITICAL,True,10,0,,,,,,window_reset|B=10
1771435998.138,0.1,,,,,,,,,,,,,,,0.1588,SAFE,,10,,t2624_0,0.31,NORMAL,LOCAL,SAFE: all tasks permitted (weight=0.31),
1771435998.138,0.1,58.82,4.7371,1.206,43.3,5,,,0.02060,0.0000,0.0000,0.5131,0.0000,0.2060,0.3781,0.1629,CRITICAL,True,10,0,,,,,,
1771435998.138,0.1,59.42,4.7155,1.167,40.5,4,,,0.01846,0.0000,0.0000,0.6115,0.0000,0.1846,0.3433,0.1666,CRITICAL,True,10,0,,,,,,
1771435998.138,0.1,,,,,,,,,,,,,,,0.1666,SAFE,,10,,t2626_0,0.49,LOW,LOCAL,SAFE: all tasks permitted (weight=0.49),
1771435998.138,0.1,58.67,4.7708,1.192,42.3,4,,,0.02134,0.0000,0.0000,0.3602,0.0000,0.2134,0.3561,0.1394,CRITICAL,True,10,0,,,,,,
1771435998.138,0.1,59.33,4.7408,1.154,39.6,4,,,0.02011,0.0000,0.0000,0.4965,0.0000,0.2011,0.3369,0.1520,CRITICAL,True,10,0,,,,,,
1771435998.138,0.1,58.77,4.7486,1.118,37.0,4,,,0.01982,0.0000,0.0000,0.4611,0.0000,0.1982,0.3190,0.1436,CRITICAL,True,10,0,,,,,,
1771435998.138,0.1,58.33,4.7797,1.085,34.6,3,,,0.01891,0.0000,0.0000,0.3195,0.0000,0.1891,0.2873,0.1179,CRITICAL,True,10,0,,,,,,
1771435998.138,0.1,,,,,,,,,,,,,,,0.1179,SAFE,,10,,t2630_0,0.81,NORMAL,LOCAL,SAFE: all tasks permitted (weight=0.81),
1771435998.138,0.1,58.65,4.7582,1.158,39.8,4,,,0.01921,0.0000,0.0000,0.4174,0.0000,0.1921,0.3389,0.1412,CRITICAL,True,10,0,,,,,,
1771435998.138,0.1,,,,,,,,,,,,,,,0.1412,SAFE,,10,,t2631_0,0.40,NORMAL,LOCAL,SAFE: all tasks permitted (weight=0.40),
1771435998.138,0.1,58.52,4.7597,1.173,40.9,4,,,0.01839,0.0000,0.0000,0.4102,0.0000,0.1839,0.3465,0.1410,CRITICAL,True,10,0,,,,,,
1771435998.138,0.1,,,,,,,,,,,,,,,0.1410,SAFE,,10,,t2632_0,0.32,LOW,LOCAL,SAFE: all tasks permitted (weight=0.32),
1771435998.138,0.1,57.84,4.7471,1.177,41.2,4,,,0.01833,0.0000,0.0000,0.4679,0.0000,0.1833,0.3484,0.1488,CRITICAL,True,10,0,,,,,,
1771435998.138,0.1,58.84,4.7357,1.139,38.5,4,,,0.01846,0.0000,0.0000,0.5195,0.0000,0.1846,0.3297,0.1519,CRITICAL,True,10,0,,,,,,
1771435998.138,0.1,,,,,,,,,,,,,,,0.1519,SAFE,,10,,t2634_0,0.60,HIGH,LOCAL,SAFE: all tasks permitted (weight=0.60),
1771435998.138,0.1,57.89,4.7631,1.182,41.6,4,,,0.01664,0.0000,0.0000,0.3949,0.0000,0.1664,0.3510,0.1382,CRITICAL,True,10,0,,,,,,
1771435998.138,0.1,,,,,,,,,,,,,,,0.1382,SAFE,,10,,t2635_0,0.29,NORMAL,LOCAL,SAFE: all tasks permitted (weight=0.29),
1771435998.138,0.1,,,,,,,,,,,,,,,0.1382,SAFE,,10,,t2635_1,0.21,HIGH,LOCAL,SAFE: all tasks permitted (weight=0.21),
1771435998.138,0.1,57.83,4.7261,1.208,43.5,5,,,0.01792,0.0000,0.0000,0.5633,0.0000,0.1792,0.3792,0.1670,CRITICAL,True,10,0,,,,,,
1771435998.138,0.1,,,,,,,,,,,,,,,0.1670,SAFE,,10,,t2636_0,0.38,HIGH,LOCAL,SAFE: all tasks permitted (weight=0.38),
1771435998.138,0.1,58.32,4.7244,1.217,44.1,5,,,0.01891,0.0000,0.0000,0.5709,0.0000,0.1891,0.3835,0.1698,CRITICAL,True,10,0,,,,,,
1771435998.138,0.1,58.09,4.7682,1.177,41.2,4,,,0.01699,0.0000,0.0000,0.3720,0.0000,0.1699,0.3484,0.1350,CRITICAL,True,10,0,,,,,,
1771435998.139,0.1,,,,,,,,,,,,,,,0.1350,SAFE,,10,,t2638_0,0.23,CRITICAL,LOCAL,SAFE: all tasks permitted (weight=0.23),
1771435998.139,0.1,58.31,4.7318,1.169,40.7,4,-19950.350,-26.35849,0.01679,0.0000,0.0000,0.5372,0.0000,0.1679,0.3446,0.1556,CRITICAL,True,10,0,,,,,,window_reset|B=10
1771435998.139,0.1,57.33,4.7620,1.132,38.0,4,-71312.296,2.28121,0.01699,0.0000,0.0000,0.3999,0.0000,0.1699,0.3262,0.1342,CRITICAL,True,10,0,,,,,,
1771435998.139,0.1,,,,,,,,,,,,,,,0.1342,SAFE,,10,,t2640_0,0.49,NORMAL,LOCAL,SAFE: all tasks permitted (weight=0.49),
1771435998.139,0.1,57.30,4.7126,1.161,40.0,4,-32291.821,-34.43895,0.01996,0.0000,0.0000,0.6245,0.0000,0.1996,0.3403,0.1692,CRITICAL,True,10,0,,,,,,
1771435998.139,0.1,57.59,4.7672,1.124,37.5,4,-74999.895,31.50220,0.01852,0.0000,0.0000,0.3762,0.0000,0.1852,0.3222,0.1319,CRITICAL,True,10,0,,,,,,
1771435998.139,0.1,,,,,,,,,,,,,,,0.1319,SAFE,,10,,t2642_0,0.45,HIGH,LOCAL,SAFE: all tasks permitted (weight=0.45),
1771435998.139,0.1,,,,,,,,,,,,,,,0.1319,SAFE,,10,,t2642_1,0.54,NORMAL,LOCAL,SAFE: all tasks permitted (weight=0.54),
1771435998.139,0.1,57.26,4.7105,1.219,44.2,5,-37410.781,-52.57030,0.02055,0.0000,0.0000,0.6339,0.0000,0.2055,0.3844,0.1798,CRITICAL,True,10,0,,,,,,
1771435998.139,0.1,,,,,,,,,,,,,,,0.1798,SAFE,,10,,t2643_0,0.51,LOW,LOCAL,SAFE: all tasks permitted (weight=0.51),
1771435998.139,0.1,57.44,4.7124,1.244,46.0,5,-23160.298,-13.63627,0.02136,0.0000,0.0000,0.6253,0.0000,0.2136,0.3972,0.1821,CRITICAL,True,10,0,,,,,,
1771435998.139,0.1,57.45,4.7236,1.202,43.0,5,-51734.327,-0.80025,0.02156,0.0000,0.0000,0.5746,0.0000,0.2156,0.3761,0.1715,CRITICAL,True,10,0,,,,,,
1771435998.139,0.1,,,,,,,,,,,,,,,0.1715,SAFE,,10,,t2645_0,0.24,NORMAL,LOCAL,SAFE: all tasks permitted (weight=0.24),
1771435998.139,0.1,58.06,4.7290,1.194,42.4,4,-1964.748,-39.11166,0.02165,0.0000,0.0000,0.5499,0.0000,0.2165,0.3569,0.1645,CRITICAL,True,10,0,,,,,,
1771435998.139,0.1,,,,,,,,,,,,,,,0.1645,SAFE,,10,,t2646_0,0.52,HIGH,LOCAL,SAFE: all tasks permitted (weight=0.52),
1771435998.139,0.1,57.56,4.7018,1.222,44.4,5,,,0.02187,0.0000,0.0000,0.6739,0.0000,0.2187,0.3858,0.1866,CRITICAL,True,10,0,,,,,,
1771435998.139,0.1,57.13,4.7621,1.181,41.5,4,,,0.02343,0.0000,0.0000,0.3997,0.0000,0.2343,0.3505,0.1455,CRITICAL,True,10,0,,,,,,
1771435998.139,0.1,57.16,4.7555,1.143,38.8,4,,,0.02396,0.0000,0.0000,0.4293,0.0000,0.2396,0.3316,0.1461,CRITICAL,True,10,0,,,,,,
1771435998.139,0.1,57.34,4.7537,1.108,36.3,4,,,0.02267,0.0000,0.0000,0.4376,0.0000,0.2267,0.3141,0.1424,CRITICAL,True,10,0,,,,,,
1771435998.139,0.1,,,,,,,,,,,,,,,0.1424,SAFE,,10,,t2650_0,0.32,LOW,LOCAL,SAFE: all tasks permitted (weight=0.32),
1771435998.139,0.1,57.55,4.7586,1.117,36.9,4,,,0.02352,0.0000,0.0000,0.4155,0.0000,0.2352,0.3186,0.1413,CRITICAL,True,10,0,,,,,,
1771435998.139,0.1,,,,,,,,,,,,,,,0.1413,SAFE,,10,,t2651_0,0.41,LOW,LOCAL,SAFE: all tasks permitted (weight=0.41),
1771435998.139,0.1,56.92,4.7792,1.136,38.3,4,,,0.02542,0.0000,0.0000,0.3220,0.0000,0.2542,0.3281,0.1329,CRITICAL,True,10,0,,,,,,
1771435998.139,0.1,,,,,,,,,,,,,,,0.1329,SAFE,,10,,t2652_0,0.60,LOW,LOCAL,SAFE: all tasks permitted (weight=0.60),
1771435998.139,0.1,56.97,4.7379,1.178,41.3,4,,,0.02417,0.0000,0.0000,0.5094,0.0000,0.2417,0.3491,0.1602,CRITICAL,True,10,0,,,,,,
1771435998.139,0.1,,,,,,,,,,,,,,,0.1602,SAFE,,10,,t2653_0,0.40,NORMAL,LOCAL,SAFE: all tasks permitted (weight=0.40),
1771435998.139,0.1,57.01,4.7226,1.192,42.3,4,,,0.02326,0.0000,0.0000,0.5790,0.0000,0.2326,0.3560,0.1697,CRITICAL,True,10,0,,,,,,window_reset|B=10
1771435998.139,0.1,56.89,4.7047,1.153,39.5,4,,,0.02386,0.0000,0.0000,0.6603,0.0000,0.2386,0.3367,0.1771,CRITICAL,True,10,0,,,,,,
1771435998.139,0.1,56.48,4.8200,1.118,37.0,4,,,0.03190,0.0000,0.0000,0.1363,0.0000,0.3190,0.3188,0.1134,SAFE,True,10,0,,,,,,
1771435998.139,0.1,,,,,,,,,,,,,,,0.1134,SAFE,,10,,t2656_0,0.56,NORMAL,LOCAL,SAFE: all tasks permitted (weight=0.56),
1771435998.139,0.1,56.85,4.7542,1.157,39.8,4,,,0.03124,0.0000,0.0000,0.4356,0.0000,0.3124,0.3386,0.1556,CRITICAL,True,10,0,,,,,,
1771435998.139,0.1,,,,,,,,,,,,,,,0.1556,SAFE,,10,,t2657_0,0.74,HIGH,LOCAL,SAFE: all tasks permitted (weight=0.74),
1771435998.139,0.1,56.31,4.7303,1.217,44.1,5,,,0.03118,0.0000,0.0000,0.5442,0.0000,0.3118,0.3834,0.1786,CRITICAL,True,10,0,,,,,,
1771435998.139,0.1,,,,,,,,,,,,,,,0.1786,SAFE,,10,,t2658_0,0.46,LOW,LOCAL,SAFE: all tasks permitted (weight=0.46),
1771435998.139,0.1,56.91,4.7485,1.235,45.4,5,,,0.02785,0.0000,0.0000,0.4614,0.0000,0.2785,0.3927,0.1664,CRITICAL,True,10,0,,,,,,
1771435998.139,0.1,,,,,,,,,,,,,,,0.1664,SAFE,,10,,t2659_0,0.30,NORMAL,LOCAL,SAFE: all tasks permitted (weight=0.30),
1771435998.139,0.1,56.86,4.7439,1.233,45.2,5,,,0.02777,0.0000,0.0000,0.4822,0.0000,0.2777,0.3915,0.1687,CRITICAL,True,10,0,,,,,,
1771435998.139,0.1,,,,,,,,,,,,,,,0.1687,SAFE,,10,,t2660_0,0.26,LOW,LOCAL,SAFE: all tasks permitted (weight=0.26),
1771435998.139,0.1,,,,,,,,,,,,,,,0.1687,SAFE,,10,,t2660_1,0.57,HIGH,LOCAL,SAFE: all tasks permitted (weight=0.57),
1771435998.139,0.1,56.37,4.7241,1.299,49.9,5,,,0.02867,0.0000,0.0000,0.5725,0.0000,0.2867,0.4246,0.1880,CRITICAL,True,10,0,,,,,,
1771435998.139,0.1,,,,,,,,,,,,,,,0.1880,SAFE,,10,,t2661_0,0.31,NORMAL,LOCAL,SAFE: all tasks permitted (weight=0.31),
1771435998.139,0.1,57.16,4.7178,1.293,49.5,5,,,0.02978,0.0000,0.0000,0.6007,0.0000,0.2978,0.4213,0.1921,CRITICAL,True,10,0,,,,,,
1771435998.139,0.1,56.98,4.7745,1.247,46.2,5,,,0.03069,0.0000,0.0000,0.3430,0.0000,0.3069,0.3985,0.1550,CRITICAL,True,10,0,,,,,,
1771435998.139,0.1,,,,,,,,,,,,,,,0.1550,SAFE,,10,,t2663_0,0.70,NORMAL,LOCAL,SAFE: all tasks permitted (weight=0.70),
1771435998.139,0.1,56.80,4.6891,1.295,49.7,5,,,0.03273,0.0000,0.0000,0.7315,0.0000,0.3273,0.4226,0.2124,CRITICAL,True,10,0,,,,,,
1771435998.139,0.1,,,,,,,,,,,,,,,0.2124,SAFE,,10,,t2664_0,0.61,HIGH,LOCAL,SAFE: all tasks permitted (weight=0.61),
1771435998.139,0.1,57.34,4.7187,1.328,52.0,6,,,0.03321,0.0000,0.0000,0.5970,0.0000,0.3321,0.4540,0.2016,CRITICAL,True,10,0,,,,,,
1771435998.139,0.1,,,,,,,,,,,,,,,0.2016,SAFE,,10,,t2665_0,0.58,NORMAL,LOCAL,SAFE: all tasks permitted (weight=0.58),
1771435998.139,0.1,57.31,4.7160,1.355,53.9,6,,,0.03351,0.0000,0.0000,0.6092,0.0000,0.3351,0.4676,0.2062,CRITICAL,True,10,0,,,,,,
1771435998.139,0.1,,,,,,,,,,,,,,,0.2062,SAFE,,10,,t2666_0,0.30,LOW,LOCAL,SAFE: all tasks permitted (weight=0.30),
1771435998.139,0.1,57.04,4.7020,1.345,53.2,6,,,0.03374,0.0000,0.0000,0.6729,0.0000,0.3374,0.4624,0.2137,CRITICAL,True,10,0,,,,,,
1771435998.140,0.1,,,,,,,,,,,,,,,0.2137,SAFE,,10,,t2667_0,0.75,HIGH,LOCAL,SAFE: all tasks permitted (weight=0.75),
1771435998.140,0.1,58.12,4.6984,1.392,56.6,6,75835.545,-45.58581,0.02402,0.0000,0.0000,0.6893,0.0000,0.2402,0.4862,0.2109,CRITICAL,True,10,0,,,,,,
1771435998.140,0.1,57.00,4.6625,1.340,52.8,6,37796.022,-61.56650,0.02820,0.0000,0.0000,0.8523,0.0000,0.2820,0.4599,0.2310,CRITICAL,True,10,0,,,,,,window_reset|B=10
1771435998.140,0.1,,,,,,,,,,,,,,,0.2310,SAFE,,10,,t2669_0,0.20,LOW,LOCAL,SAFE: all tasks permitted (weight=0.20),
1771435998.140,0.1,57.82,4.7037,1.317,51.2,6,39876.803,-14.17954,0.02826,0.0000,0.0000,0.6652,0.0000,0.2826,0.4486,0.2045,CRITICAL,True,10,0,,,,,,
1771435998.140,0.1,58.40,4.7155,1.270,47.9,5,85240.782,-59.03763,0.02658,0.0000,0.0000,0.6112,0.0000,0.2658,0.4100,0.1880,CRITICAL,True,10,0,,,,,,
1771435998.140,0.1,57.61,4.7353,1.226,44.7,5,48066.658,46.22937,0.02586,0.0000,0.0000,0.5214,0.0000,0.2586,0.3880,0.1712,CRITICAL,True,10,0,,,,,,
1771435998.140,0.1,57.38,4.7773,1.185,41.8,4,2378.352,58.63724,0.03134,0.0000,0.0000,0.3305,0.0000,0.3134,0.3525,0.1448,CRITICAL,True,10,0,,,,,,
1771435998.140,0.1,,,,,,,,,,,,,,,0.1448,SAFE,,10,,t2673_0,0.84,HIGH,LOCAL,SAFE: all tasks permitted (weight=0.84),
1771435998.140,0.1,58.12,4.6745,1.256,46.9,5,48750.106,-41.50032,0.03352,0.0000,0.0000,0.7978,0.0000,0.3352,0.4032,0.2179,CRITICAL,True,10,0,,,,,,
1771435998.140,0.1,,,,,,,,,,,,,,,0.2179,SAFE,,10,,t2674_0,0.40,NORMAL,LOCAL,SAFE: all tasks permitted (weight=0.40),
1771435998.140,0.1,57.79,4.7250,1.265,47.5,5,44758.890,23.03212,0.02847,0.0000,0.0000,0.5683,0.0000,0.2847,0.4077,0.1839,CRITICAL,True,10,0,,,,,,
1771435998.140,0.1,,,,,,,,,,,,,,,0.1839,SAFE,,10,,t2675_0,0.61,NORMAL,LOCAL,SAFE: all tasks permitted (weight=0.61),
1771435998.140,0.1,57.86,4.7195,1.301,50.1,5,,,0.02786,0.0000,0.0000,0.5932,0.0000,0.2786,0.4254,0.1901,CRITICAL,True,10,0,,,,,,
1771435998.140,0.1,57.79,4.6888,1.255,46.8,5,,,0.02851,0.0000,0.0000,0.7329,0.0000,0.2851,0.4024,0.2043,CRITICAL,True,10,0,,,,,,
1771435998.140,0.1,58.17,4.7585,1.212,43.7,5,,,0.03154,0.0000,0.0000,0.4158,0.0000,0.3154,0.3809,0.1618,CRITICAL,True,10,0,,,,,,
1771435998.140,0.1,,,,,,,,,,,,,,,0.1618,SAFE,,10,,t2678_0,0.27,LOW,LOCAL,SAFE: all tasks permitted (weight=0.27),
1771435998.140,0.1,57.78,4.7719,1.207,43.3,5,,,0.03514,0.0000,0.0000,0.3549,0.0000,0.3514,0.3783,0.1569,CRITICAL,True,10,0,,,,,,
1771435998.140,0.1,,,,,,,,,,,,,,,0.1569,SAFE,,10,,t2679_0,0.42,NORMAL,LOCAL,SAFE: all tasks permitted (weight=0.42),
1771435998.140,0.1,57.57,4.7571,1.221,44.4,5,,,0.03598,0.0000,0.0000,0.4222,0.0000,0.3598,0.3855,0.1680,CRITICAL,True,10,0,,,,,,
1771435998.140,0.1,57.48,4.7495,1.180,41.5,4,,,0.03129,0.0000,0.0000,0.4567,0.0000,0.3129,0.3502,0.1607,CRITICAL,True,10,0,,,,,,
1771435998.140,0.1,,,,,,,,,,,,,,,0.1607,SAFE,,10,,t2681_0,0.25,NORMAL,LOCAL,SAFE: all tasks permitted (weight=0.25),
1771435998.140,0.1,58.47,4.7429,1.175,41.1,4,,,0.03025,0.0000,0.0000,0.4870,0.0000,0.3025,0.3475,0.1631,CRITICAL,True,10,0,,,,,,
1771435998.140,0.1,,,,,,,,,,,,,,,0.1631,SAFE,,10,,t2682_0,0.61,NORMAL,LOCAL,SAFE: all tasks permitted (weight=0.61),
1771435998.140,0.1,57.98,4.7374,1.216,44.0,5,,,0.02970,0.0000,0.0000,0.5118,0.0000,0.2970,0.3832,0.1729,CRITICAL,True,10,0,,,,,,
1771435998.140,0.1,57.73,4.7291,1.176,41.2,4,,,0.02977,0.0000,0.0000,0.5494,0.0000,0.2977,0.3481,0.1708,CRITICAL,True,10,0,,,,,,window_reset|B=10
1771435998.140,0.1,57.29,4.7447,1.139,38.5,4,,,0.02726,0.0000,0.0000,0.4785,0.0000,0.2726,0.3294,0.1553,CRITICAL,True,10,0,,,,,,
1771435998.140,0.1,,,,,,,,,,,,,,,0.1553,SAFE,,10,,t2685_0,0.62,NORMAL,LOCAL,SAFE: all tasks permitted (weight=0.62),
1771435998.140,0.1,57.76,4.7559,1.184,41.7,4,,,0.02126,0.0000,0.0000,0.4278,0.0000,0.2126,0.3522,0.1473,CRITICAL,True,10,0,,,,,,
1771435998.140,0.1,,,,,,,,,,,,,,,0.1473,SAFE,,10,,t2686_0,0.31,HIGH,LOCAL,SAFE: all tasks permitted (weight=0.31),
1771435998.140,0.1,,,,,,,,,,,,,,,0.1473,SAFE,,10,,t2686_1,0.70,LOW,LOCAL,SAFE: all tasks permitted (weight=0.70),
1771435998.140,0.1,58.33,4.6890,1.277,48.3,5,,,0.02532,0.0000,0.0000,0.7320,0.0000,0.2532,0.4134,0.2032,CRITICAL,True,10,0,,,,,,
1771435998.140,0.1,,,,,,,,,,,,,,,0.2032,SAFE,,10,,t2687_0,0.58,LOW,LOCAL,SAFE: all tasks permitted (weight=0.58),
1771435998.140,0.1,58.02,4.6857,1.308,50.6,5,,,0.02877,0.0000,0.0000,0.7469,0.0000,0.2877,0.4289,0.2116,CRITICAL,True,10,0,,,,,,
1771435998.140,0.1,,,,,,,,,,,,,,,0.2116,SAFE,,10,,t2688_0,0.73,NORMAL,LOCAL,SAFE: all tasks permitted (weight=0.73),
1771435998.140,0.1,57.80,4.7057,1.356,54.0,6,,,0.02685,0.0000,0.0000,0.6557,0.0000,0.2685,0.4682,0.2057,CRITICAL,True,10,0,,,,,,
1771435998.140,0.1,,,,,,,,,,,,,,,0.2057,SAFE,,10,,t2689_0,0.33,HIGH,LOCAL,SAFE: all tasks permitted (weight=0.33),
1771435998.140,0.1,57.34,4.6745,1.349,53.5,6,,,0.03065,0.0000,0.0000,0.7978,0.0000,0.3065,0.4645,0.2273,CRITICAL,True,10,0,,,,,,
1771435998.140,0.1,58.30,4.7397,1.300,50.0,5,,,0.02804,0.0000,0.0000,0.5012,0.0000,0.2804,0.4248,0.1781,CRITICAL,True,10,0,,,,,,
1771435998.140,0.1,,,,,,,,,,,,,,,0.1781,SAFE,,10,,t2691_0,0.78,HIGH,LOCAL,SAFE: all tasks permitted (weight=0.78),
1771435998.140,0.1,57.88,4.6672,1.355,53.9,6,,,0.03062,0.0000,0.0000,0.8311,0.0000,0.3062,0.4673,0.2321,CRITICAL,True,10,0,,,,,,
1771435998.140,0.1,58.28,4.7302,1.305,50.3,5,,,0.02942,0.0000,0.0000,0.5445,0.0000,0.2942,0.4273,0.1857,CRITICAL,True,10,0,,,,,,
1771435998.140,0.1,58.01,4.7082,1.258,47.0,5,,,0.02841,0.0000,0.0000,0.6446,0.0000,0.2841,0.4041,0.1930,CRITICAL,True,10,0,,,,,,
1771435998.140,0.1,58.10,4.7025,1.215,43.9,5,,,0.02764,0.0000,0.0000,0.6706,0.0000,0.2764,0.3826,0.1913,CRITICAL,True,10,0,,,,,,
1771435998.140,0.1,,,,,,,,,,,,,,,0.1913,SAFE,,10,,t2695_0,0.23,HIGH,LOCAL,SAFE: all tasks permitted (weight=0.23),
1771435998.140,0.1,57.61,4.7519,1.204,43.2,5,,,0.02953,0.0000,0.0000,0.4461,0.0000,0.2953,0.3772,0.1630,CRITICAL,True,10,0,,,,,,
1771435998.140,0.1,,,,,,,,,,,,,,,0.1630,SAFE,,10,,t2696_0,0.40,HIGH,LOCAL,SAFE: all tasks permitted (weight=0.40),
1771435998.140,0.1,58.60,4.7146,1.217,44.1,5,,,0.02796,0.0000,0.0000,0.6155,0.0000,0.2796,0.3834,0.1847,CRITICAL,True,10,0,,,,,,
1771435998.140,0.1,,,,,,,,,,,,,,,0.1847,SAFE,,10,,t2697_0,0.35,NORMAL,LOCAL,SAFE: all tasks permitted (weight=0.35),
1771435998.140,0.1,58.04,4.7498,1.222,44.5,5,,,0.02717,0.0000,0.0000,0.4553,0.0000,0.2717,0.3862,0.1636,CRITICAL,True,10,0,,,,,,
1771435998.140,0.1,58.05,4.7389,1.182,41.6,4,,,0.02747,0.0000,0.0000,0.5049,0.0000,0.2747,0.3509,0.1633,CRITICAL,True,10,0,,,,,,window_reset|B=10
1771435998.141,0.1,57.35,4.7492,1.144,38.9,4,-31517.974,82.08779,0.02761,0.0000,0.0000,0.4580,0.0000,0.2761,0.3320,0.1536,CRITICAL,True,10,0,,,,,,
1771435998.141,0.1,,,,,,,,,,,,,,,0.1536,SAFE,,10,,t2700_0,0.81,HIGH,LOCAL,SAFE: all tasks permitted (weight=0.81),
1771435998.141,0.1,,,,,,,,,,,,,,,0.1536,SAFE,,10,,t2700_1,0.56,NORMAL,LOCAL,SAFE: all tasks permitted (weight=0.56),
1771435998.141,0.1,,,,,,,,,,,,,,,0.1536,SAFE,,10,,t2700_2,0.68,NORMAL,LOCAL,SAFE: all tasks permitted (weight=0.68),
1771435998.141,0.1,,,,,,,,,,,,,,,0.1536,SAFE,,10,,t2700_3,0.66,NORMAL,LOCAL,SAFE: all tasks permitted (weight=0.66),
1771435998.141,0.1,57.84,4.6133,1.462,61.6,7,-25985.167,-116.91688,0.04031,0.0000,0.0000,1.0000,0.0000,0.4031,0.5359,0.2775,CRITICAL,True,10,0,,,,,,FAILURE:BROWNOUT(V=4.613V)
1771435998.141,0.1,58.27,4.6434,1.404,57.5,6,15674.263,-64.83228,0.04350,0.0000,0.0000,0.9393,0.0000,0.4350,0.4922,0.2640,CRITICAL,True,10,0,,,,,,
1771435998.141,0.1,,,,,,,,,,,,,,,0.2640,SAFE,,10,,t2702_0,0.35,NORMAL,LOCAL,SAFE: all tasks permitted (weight=0.35),
1771435998.141,0.1,58.04,4.7084,1.396,56.9,6,-3366.306,5.88820,0.04251,0.0000,0.0000,0.6438,0.0000,0.4251,0.4882,0.2238,CRITICAL,True,10,0,,,,,,
1771435998.141,0.1,58.16,4.7207,1.344,53.1,6,33280.508,-31.13060,0.04093,0.0000,0.0000,0.5876,0.0000,0.4093,0.4618,0.2097,CRITICAL,True,10,0,,,,,,
1771435998.141,0.1,,,,,,,,,,,,,,,0.2097,SAFE,,10,,t2704_0,0.31,CRITICAL,LOCAL,SAFE: all tasks permitted (weight=0.31),
1771435998.141,0.1,,,,,,,,,,,,,,,0.2097,SAFE,,10,,t2704_1,0.49,HIGH,LOCAL,SAFE: all tasks permitted (weight=0.49),
1771435998.141,0.1,58.97,4.6450,1.399,57.1,6,22188.725,-69.55378,0.04422,0.0000,0.0000,0.9316,0.0000,0.4422,0.4894,0.2632,CRITICAL,True,10,0,,,,,,
1771435998.141,0.1,,,,,,,,,,,,,,,0.2632,SAFE,,10,,t2705_0,0.32,NORMAL,LOCAL,SAFE: all tasks permitted (weight=0.32),
1771435998.141,0.1,58.86,4.6901,1.388,56.3,6,49709.150,-59.74238,0.04435,0.0000,0.0000,0.7269,0.0000,0.4435,0.4839,0.2356,CRITICAL,True,10,0,,,,,,
1771435998.141,0.1,,,,,,,,,,,,,,,0.2356,SAFE,,10,,t2706_0,0.20,NORMAL,LOCAL,SAFE: all tasks permitted (weight=0.20),
1771435998.141,0.1,58.83,4.6335,1.362,54.4,6,46839.517,-105.40270,0.04825,0.0000,0.0000,0.9840,0.0000,0.4825,0.4711,0.2704,CRITICAL,True,10,0,,,,,,
1771435998.141,0.1,,,,,,,,,,,,,,,0.2704,SAFE,,10,,t2707_0,0.25,LOW,LOCAL,SAFE: all tasks permitted (weight=0.25),
1771435998.141,0.1,59.17,4.7109,1.345,53.2,6,,,0.04560,0.0000,0.0000,0.6322,0.0000,0.4560,0.4624,0.2203,CRITICAL,True,10,0,,,,,,
1771435998.141,0.1,,,,,,,,,,,,,,,0.2203,SAFE,,10,,t2708_0,0.81,NORMAL,LOCAL,SAFE: all tasks permitted (weight=0.81),
1771435998.141,0.1,59.47,4.6157,1.401,57.2,6,,,0.04973,0.0000,0.0000,1.0000,0.0000,0.4973,0.4905,0.2778,CRITICAL,True,10,0,,,,,,FAILURE:BROWNOUT(V=4.616V)
1771435998.141,0.1,,,,,,,,,,,,,,,0.2778,SAFE,,10,,t2709_0,0.43,NORMAL,LOCAL,SAFE: all tasks permitted (weight=0.43),
1771435998.141,0.1,58.66,4.6669,1.404,57.4,6,,,0.04584,0.0000,0.0000,0.8323,0.0000,0.4584,0.4918,0.2524,CRITICAL,True,10,0,,,,,,
1771435998.141,0.1,,,,,,,,,,,,,,,0.2524,SAFE,,10,,t2710_0,0.53,NORMAL,LOCAL,SAFE: all tasks permitted (weight=0.53),
1771435998.141,0.1,59.26,4.6960,1.420,58.6,6,,,0.04250,0.0000,0.0000,0.7002,0.0000,0.4250,0.5000,0.2335,CRITICAL,True,10,0,,,,,,
1771435998.141,0.1,,,,,,,,,,,,,,,0.2335,SAFE,,10,,t2711_0,0.67,NORMAL,LOCAL,SAFE: all tasks permitted (weight=0.67),
1771435998.141,0.1,,,,,,,,,,,,,,,0.2335,SAFE,,10,,t2711_1,0.80,HIGH,LOCAL,SAFE: all tasks permitted (weight=0.80),
1771435998.141,0.1,59.78,4.6012,1.559,68.5,8,,,0.04042,0.0000,0.0000,1.0000,0.0000,0.4042,0.5993,0.2903,CRITICAL,True,10,0,,,,,,FAILURE:BROWNOUT(V=4.601V)
1771435998.141,0.1,,,,,,,,,,,,,,,0.2903,SAFE,,10,,t2712_0,0.61,HIGH,LOCAL,SAFE: all tasks permitted (weight=0.61),
1771435998.141,0.1,60.03,4.6551,1.574,69.6,8,,,0.03778,0.0000,0.0000,0.8859,0.0000,0.3778,0.6070,0.2744,CRITICAL,True,10,0,,,,,,
1771435998.141,0.1,,,,,,,,,,,,,,,0.2744,SAFE,,10,,t2713_0,0.53,LOW,LOCAL,SAFE: all tasks permitted (weight=0.53),
1771435998.141,0.1,60.12,4.6311,1.578,69.8,8,,,0.03853,0.0000,0.0000,0.9950,0.0000,0.3853,0.6088,0.2896,CRITICAL,True,10,0,,,,,,window_reset|B=10
1771435998.141,0.1,,,,,,,,,,,,,,,0.2896,SAFE,,10,,t2714_0,0.31,LOW,LOCAL,SAFE: all tasks permitted (weight=0.31),
1771435998.141,0.1,60.73,4.6062,1.553,68.1,8,,,0.03919,0.0000,0.0000,1.0000,0.0000,0.3919,0.5964,0.2885,CRITICAL,True,10,0,,,,,,FAILURE:BROWNOUT(V=4.606V)
1771435998.141,0.1,,,,,,,,,,,,,,,0.2885,SAFE,,10,,t2715_0,0.66,LOW,LOCAL,SAFE: all tasks permitted (weight=0.66),
1771435998.141,0.1,60.68,4.6178,1.575,69.6,8,,,0.03515,0.0000,0.0000,1.0000,0.0000,0.3515,0.6073,0.2866,CRITICAL,True,10,0,,,,,,
1771435998.141,0.1,,,,,,,,,,,,,,,0.2866,SAFE,,10,,t2716_0,0.35,LOW,LOCAL,SAFE: all tasks permitted (weight=0.35),
1771435998.141,0.1,61.22,4.5922,1.555,68.2,8,,,0.03835,0.0000,0.0000,1.0000,0.0000,0.3835,0.5973,0.2878,CRITICAL,True,10,0,,,,,,
1771435998.141,0.1,,,,,,,,,,,,,,,0.2878,SAFE,,10,,t2717_0,0.44,NORMAL,LOCAL,SAFE: all tasks permitted (weight=0.44),
1771435998.141,0.1,60.97,4.7135,1.548,67.7,8,,,0.04118,0.0000,0.0000,0.6206,0.0000,0.4118,0.5942,0.2407,CRITICAL,True,10,0,,,,,,
1771435998.141,0.1,61.93,4.6548,1.485,63.2,7,,,0.04110,0.0000,0.0000,0.8874,0.0000,0.4110,0.5475,0.2660,CRITICAL,True,10,0,,,,,,
1771435998.141,0.1,,,,,,,,,,,,,,,0.2660,SAFE,,10,,t2719_0,0.52,NORMAL,LOCAL,SAFE: all tasks permitted (weight=0.52),
1771435998.141,0.1,61.79,4.6241,1.495,63.9,7,,,0.03657,0.0000,0.0000,1.0000,0.0000,0.3657,0.5523,0.2770,CRITICAL,True,10,0,,,,,,FAILURE:BROWNOUT(V=4.624V)
1771435998.141,0.1,,,,,,,,,,,,,,,0.2770,SAFE,,10,,t2720_0,0.82,CRITICAL,LOCAL,SAFE: all tasks permitted (weight=0.82),
1771435998.141,0.1,61.23,4.6917,1.542,67.3,8,,,0.03843,0.0000,0.0000,0.7194,0.0000,0.3843,0.5908,0.2501,CRITICAL,True,10,0,,,,,,
1771435998.141,0.1,,,,,,,,,,,,,,,0.2501,SAFE,,10,,t2721_0,0.40,NORMAL,LOCAL,SAFE: all tasks permitted (weight=0.40),
1771435998.141,0.1,62.13,4.6250,1.531,66.5,7,,,0.03826,0.0000,0.0000,1.0000,0.0000,0.3826,0.5705,0.2824,CRITICAL,True,10,0,,,,,,FAILURE:BROWNOUT(V=4.625V)
1771435998.141,0.1,,,,,,,,,,,,,,,0.2824,SAFE,,10,,t2722_0,0.40,NORMAL,LOCAL,SAFE: all tasks permitted (weight=0.40),
1771435998.141,0.1,62.38,4.6041,1.521,65.8,7,,,0.03589,0.0000,0.0000,1.0000,0.0000,0.3589,0.5653,0.2790,CRITICAL,True,10,0,,,,,,
1771435998.141,0.1,,,,,,,,,,,,,,,0.2790,SAFE,,10,,t2723_0,0.36,CRITICAL,LOCAL,SAFE: all tasks permitted (weight=0.36),
1771435998.141,0.1,62.48,4.6347,1.506,64.7,7,,,0.03446,0.0000,0.0000,0.9786,0.0000,0.3446,0.5580,0.2733,CRITICAL,True,10,0,,,,,,
1771435998.141,0.1,61.77,4.7129,1.445,60.4,7,,,0.04015,0.0000,0.0000,0.6230,0.0000,0.4015,0.5277,0.2267,CRITICAL,True,10,0,,,,,,
1771435998.141,0.1,63.00,4.6211,1.389,56.4,6,,,0.04048,0.0000,0.0000,1.0000,0.0000,0.4048,0.4846,0.2674,CRITICAL,True,10,0,,,,,,FAILURE:BROWNOUT(V=4.621V)
1771435998.142,0.1,,,,,,,,,,,,,,,0.2674,SAFE,,10,,t2726_0,0.62,HIGH,LOCAL,SAFE: all tasks permitted (weight=0.62),
1771435998.142,0.1,62.28,4.7064,1.418,58.4,6,21107.405,51.63783,0.04261,0.0000,0.0000,0.6527,0.0000,0.4261,0.4990,0.2273,CRITICAL,True,10,0,,,,,,
1771435998.142,0.1,62.53,4.6667,1.364,54.5,6,44004.857,42.57909,0.04168,0.0000,0.0000,0.8333,0.0000,0.4168,0.4718,0.2444,CRITICAL,True,10,0,,,,,,
1771435998.142,0.1,,,,,,,,,,,,,,,0.2444,SAFE,,10,,t2728_0,0.54,NORMAL,LOCAL,SAFE: all tasks permitted (weight=0.54),
1771435998.142,0.1,62.43,4.7222,1.384,56.0,6,71929.616,30.43605,0.04111,0.0000,0.0000,0.5810,0.0000,0.4111,0.4821,0.2131,CRITICAL,True,10,0,,,,,,window_reset|B=10
1771435998.142,0.1,62.67,4.6818,1.332,52.3,6,32704.383,56.86781,0.03885,0.0000,0.0000,0.7645,0.0000,0.3885,0.4561,0.2295,CRITICAL,True,10,0,,,,,,
1771435998.142,0.1,,,,,,,,,,,,,,,0.2295,SAFE,,10,,t2730_0,0.66,LOW,LOCAL,SAFE: all tasks permitted (weight=0.66),
1771435998.142,0.1,62.49,4.6560,1.371,55.1,6,6914.111,51.81771,0.03884,0.0000,0.0000,0.8820,0.0000,0.3884,0.4755,0.2486,CRITICAL,True,10,0,,,,,,
1771435998.142,0.1,62.71,4.6727,1.320,51.4,6,13579.069,38.00353,0.03715,0.0000,0.0000,0.8059,0.0000,0.3715,0.4500,0.2319,CRITICAL,True,10,0,,,,,,
1771435998.142,0.1,,,,,,,,,,,,,,,0.2319,SAFE,,10,,t2732_0,0.81,HIGH,LOCAL,SAFE: all tasks permitted (weight=0.81),
1771435998.142,0.1,62.53,4.6977,1.379,55.6,6,45481.736,-15.23130,0.03752,0.0000,0.0000,0.6923,0.0000,0.3752,0.4794,0.2234,CRITICAL,True,10,0,,,,,,
1771435998.142,0.1,62.36,4.7147,1.327,51.9,6,-38594.348,93.67908,0.03739,0.0000,0.0000,0.6148,0.0000,0.3739,0.4536,0.2080,CRITICAL,True,10,0,,,,,,
1771435998.142,0.1,,,,,,,,,,,,,,,0.2080,SAFE,,10,,t2734_0,0.74,NORMAL,LOCAL,SAFE: all tasks permitted (weight=0.74),
1771435998.142,0.1,62.41,4.6470,1.377,55.5,6,,,0.03221,0.0000,0.0000,0.9228,0.0000,0.3221,0.4784,0.2479,CRITICAL,True,10,0,,,,,,
1771435998.142,0.1,,,,,,,,,,,,,,,0.2479,SAFE,,10,,t2735_0,0.45,NORMAL,LOCAL,SAFE: all tasks permitted (weight=0.45),
1771435998.142,0.1,62.37,4.6517,1.384,56.0,6,,,0.03062,0.0000,0.0000,0.9013,0.0000,0.3062,0.4821,0.2442,CRITICAL,True,10,0,,,,,,
1771435998.142,0.1,62.56,4.6985,1.332,52.3,6,,,0.02953,0.0000,0.0000,0.6888,0.0000,0.2953,0.4561,0.2103,CRITICAL,True,10,0,,,,,,
1771435998.142,0.1,,,,,,,,,,,,,,,0.2103,SAFE,,10,,t2737_0,0.44,CRITICAL,LOCAL,SAFE: all tasks permitted (weight=0.44),
1771435998.142,0.1,61.85,4.7181,1.342,53.0,6,,,0.02589,0.0000,0.0000,0.5993,0.0000,0.2589,0.4608,0.1960,CRITICAL,True,10,0,,,,,,
1771435998.142,0.1,,,,,,,,,,,,,,,0.1960,SAFE,,10,,t2738_0,0.83,NORMAL,LOCAL,SAFE: all tasks permitted (weight=0.83),
1771435998.142,0.1,63.07,4.7190,1.402,57.3,6,,,0.02693,0.0000,0.0000,0.5954,0.0000,0.2693,0.4908,0.2025,CRITICAL,True,10,0,,,,,,
1771435998.142,0.1,63.18,4.7180,1.348,53.5,6,,,0.02741,0.0000,0.0000,0.5999,0.0000,0.2741,0.4642,0.1982,CRITICAL,True,10,0,,,,,,
1771435998.142,0.1,,,,,,,,,,,,,,,0.1982,SAFE,,10,,t2740_0,0.36,HIGH,LOCAL,SAFE: all tasks permitted (weight=0.36),
1771435998.142,0.1,61.70,4.6609,1.346,53.3,6,,,0.02691,0.0000,0.0000,0.8596,0.0000,0.2691,0.4631,0.2313,CRITICAL,True,10,0,,,,,,
1771435998.142,0.1,62.22,4.7135,1.297,49.8,5,,,0.02787,0.0000,0.0000,0.6204,0.0000,0.2787,0.4235,0.1932,CRITICAL,True,10,0,,,,,,
1771435998.142,0.1,61.71,4.7269,1.251,46.5,5,,,0.02777,0.0000,0.0000,0.5593,0.0000,0.2777,0.4005,0.1806,CRITICAL,True,10,0,,,,,,
1771435998.142,0.1,61.83,4.7198,1.208,43.5,5,,,0.02768,0.0000,0.0000,0.5919,0.0000,0.2768,0.3792,0.1805,CRITICAL,True,10,0,,,,,,window_reset|B=10
1771435998.142,0.1,,,,,,,,,,,,,,,0.1805,SAFE,,10,,t2744_0,0.75,HIGH,LOCAL,SAFE: all tasks permitted (weight=0.75),
1771435998.142,0.1,62.03,4.6873,1.268,47.7,5,,,0.02787,0.0000,0.0000,0.7396,0.0000,0.2787,0.4089,0.2058,CRITICAL,True,10,0,,,,,,
1771435998.142,0.1,,,,,,,,,,,,,,,0.2058,SAFE,,10,,t2745_0,0.53,NORMAL,LOCAL,SAFE: all tasks permitted (weight=0.53),
1771435998.142,0.1,62.13,4.6859,1.294,49.6,5,,,0.02756,0.0000,0.0000,0.7459,0.0000,0.2756,0.4219,0.2089,CRITICAL,True,10,0,,,,,,
1771435998.142,0.1,,,,,,,,,,,,,,,0.2089,SAFE,,10,,t2746_0,0.56,HIGH,LOCAL,SAFE: all tasks permitted (weight=0.56),
1771435998.142,0.1,61.65,4.6842,1.322,51.6,6,,,0.02375,0.0000,0.0000,0.7538,0.0000,0.2375,0.4512,0.2120,CRITICAL,True,10,0,,,,,,
1771435998.142,0.1,62.03,4.7303,1.275,48.2,5,,,0.02051,0.0000,0.0000,0.5443,0.0000,0.2051,0.4124,0.1737,CRITICAL,True,10,0,,,,,,
1771435998.142,0.1,,,,,,,,,,,,,,,0.1737,SAFE,,10,,t2748_0,0.32,HIGH,LOCAL,SAFE: all tasks permitted (weight=0.32),
1771435998.142,0.1,61.58,4.7182,1.272,48.0,5,,,0.02070,0.0000,0.0000,0.5990,0.0000,0.2070,0.4112,0.1808,CRITICAL,True,10,0,,,,,,
1771435998.142,0.1,,,,,,,,,,,,,,,0.1808,SAFE,,10,,t2749_0,0.72,NORMAL,LOCAL,SAFE: all tasks permitted (weight=0.72),
1771435998.142,0.1,61.41,4.6950,1.323,51.6,6,,,0.02063,0.0000,0.0000,0.7046,0.0000,0.2063,0.4514,0.2025,CRITICAL,True,10,0,,,,,,
1771435998.142,0.1,61.60,4.7030,1.275,48.2,5,,,0.02019,0.0000,0.0000,0.6683,0.0000,0.2019,0.4126,0.1896,CRITICAL,True,10,0,,,,,,
1771435998.142,0.1,61.23,4.7114,1.231,45.1,5,,,0.01988,0.0000,0.0000,0.6300,0.0000,0.1988,0.3904,0.1799,CRITICAL,True,10,0,,,,,,
1771435998.142,0.1,,,,,,,,,,,,,,,0.1799,SAFE,,10,,t2752_0,0.78,NORMAL,LOCAL,SAFE: all tasks permitted (weight=0.78),
1771435998.142,0.1,61.47,4.7171,1.293,49.5,5,,,0.01555,0.0000,0.0000,0.6042,0.0000,0.1555,0.4215,0.1784,CRITICAL,True,10,0,,,,,,
1771435998.142,0.1,,,,,,,,,,,,,,,0.1784,SAFE,,10,,t2753_0,0.67,NORMAL,LOCAL,SAFE: all tasks permitted (weight=0.67),
1771435998.142,0.1,61.43,4.6849,1.335,52.5,6,,,0.01663,0.0000,0.0000,0.7504,0.0000,0.1663,0.4577,0.2057,CRITICAL,True,10,0,,,,,,
1771435998.142,0.1,,,,,,,,,,,,,,,0.2057,SAFE,,10,,t2754_0,0.57,LOW,LOCAL,SAFE: all tasks permitted (weight=0.57),
1771435998.142,0.1,61.78,4.6951,1.362,54.4,6,,,0.01547,0.0000,0.0000,0.7040,0.0000,0.1547,0.4711,0.2012,CRITICAL,True,10,0,,,,,,
1771435998.142,0.1,61.50,4.6808,1.312,50.8,5,,,0.01562,0.0000,0.0000,0.7689,0.0000,0.1562,0.4309,0.2018,CRITICAL,True,10,0,,,,,,
1771435998.142,0.1,60.88,4.7014,1.265,47.5,5,,,0.01519,0.0000,0.0000,0.6755,0.0000,0.1519,0.4074,0.1845,CRITICAL,True,10,0,,,,,,
1771435998.142,0.1,61.52,4.7592,1.221,44.4,5,,,0.02148,0.0000,0.0000,0.4128,0.0000,0.2148,0.3856,0.1523,CRITICAL,True,10,0,,,,,,
1771435998.142,0.1,,,,,,,,,,,,,,,0.1523,SAFE,,10,,t2758_0,0.38,HIGH,LOCAL,SAFE: all tasks permitted (weight=0.38),
1771435998.142,0.1,61.21,4.7227,1.231,45.1,5,,,0.02074,0.0000,0.0000,0.5785,0.0000,0.2074,0.3905,0.1740,CRITICAL,True,10,0,,,,,,window_reset|B=10
1771435998.143,0.1,61.07,4.7677,1.190,42.1,4,-9546.829,56.25491,0.02576,0.0000,0.0000,0.3743,0.0000,0.2576,0.3549,0.1454,CRITICAL,True,10,0,,,,,,
1771435998.143,0.1,60.84,4.7625,1.151,39.4,4,-37787.645,45.45311,0.02919,0.0000,0.0000,0.3976,0.0000,0.2919,0.3357,0.1480,CRITICAL,True,10,0,,,,,,
1771435998.143,0.1,60.71,4.7875,1.116,36.8,4,-43172.311,102.61089,0.03422,0.0000,0.0000,0.2840,0.0000,0.3422,0.3179,0.1347,CRITICAL,True,10,0,,,,,,
1771435998.143,0.1,61.07,4.7876,1.083,34.5,3,-42249.716,92.43734,0.03761,0.0000,0.0000,0.2837,0.0000,0.3761,0.2863,0.1318,CRITICAL,True,10,0,,,,,,
1771435998.143,0.1,59.74,4.8029,1.052,32.3,3,-105953.992,122.03942,0.04181,0.0000,0.0000,0.2141,0.0000,0.4181,0.2709,0.1238,SAFE,True,10,0,,,,,,
1771435998.143,0.1,59.69,4.7932,1.023,30.2,3,-71536.436,91.76832,0.04371,0.0000,0.0000,0.2583,0.0000,0.4371,0.2566,0.1286,CRITICAL,True,10,0,,,,,,
1771435998.143,0.1,,,,,,,,,,,,,,,0.1286,SAFE,,10,,t2765_0,0.51,HIGH,LOCAL,SAFE: all tasks permitted (weight=0.51),
1771435998.143,0.1,59.78,4.7734,1.063,33.1,3,-104394.013,14.18430,0.04019,0.0000,0.0000,0.3483,0.0000,0.4019,0.2767,0.1408,CRITICAL,True,10,0,,,,,,
1771435998.143,0.1,,,,,,,,,,,,,,,0.1408,SAFE,,10,,t2766_0,0.64,CRITICAL,LOCAL,SAFE: all tasks permitted (weight=0.64),
1771435998.143,0.1,59.09,4.7461,1.118,37.0,4,-127352.685,23.34829,0.03638,0.0000,0.0000,0.4724,0.0000,0.3638,0.3189,0.1616,CRITICAL,True,10,0,,,,,,
1771435998.143,0.1,,,,,,,,,,,,,,,0.1616,SAFE,,10,,t2767_0,0.51,NORMAL,LOCAL,SAFE: all tasks permitted (weight=0.51),
1771435998.143,0.1,59.00,4.7300,1.152,39.5,4,,,0.02973,0.0000,0.0000,0.5454,0.0000,0.2973,0.3362,0.1679,CRITICAL,True,10,0,,,,,,
1771435998.143,0.1,58.73,4.7847,1.117,36.9,4,,,0.02416,0.0000,0.0000,0.2966,0.0000,0.2416,0.3183,0.1264,CRITICAL,True,10,0,,,,,,
1771435998.143,0.1,,,,,,,,,,,,,,,0.1264,SAFE,,10,,t2769_0,0.82,HIGH,LOCAL,SAFE: all tasks permitted (weight=0.82),
1771435998.143,0.1,59.32,4.7668,1.192,42.3,4,,,0.02402,0.0000,0.0000,0.3784,0.0000,0.2402,0.3558,0.1444,CRITICAL,True,10,0,,,,,,
1771435998.143,0.1,58.84,4.7708,1.153,39.5,4,,,0.01962,0.0000,0.0000,0.3601,0.0000,0.1962,0.3365,0.1337,CRITICAL,True,10,0,,,,,,
1771435998.143,0.1,58.98,4.7576,1.117,36.9,4,,,0.02003,0.0000,0.0000,0.4201,0.0000,0.2003,0.3186,0.1384,CRITICAL,True,10,0,,,,,,
1771435998.143,0.1,,,,,,,,,,,,,,,0.1384,SAFE,,10,,t2772_0,0.66,NORMAL,LOCAL,SAFE: all tasks permitted (weight=0.66),
1771435998.143,0.1,58.40,4.7573,1.172,40.8,4,,,0.02028,0.0000,0.0000,0.4213,0.0000,0.2028,0.3459,0.1442,CRITICAL,True,10,0,,,,,,
1771435998.143,0.1,,,,,,,,,,,,,,,0.1442,SAFE,,10,,t2773_0,0.76,HIGH,LOCAL,SAFE: all tasks permitted (weight=0.76),
1771435998.143,0.1,58.68,4.7377,1.235,45.4,5,,,0.02163,0.0000,0.0000,0.5105,0.0000,0.2163,0.3927,0.1665,CRITICAL,True,10,0,,,,,,window_reset|B=10
1771435998.143,0.1,,,,,,,,,,,,,,,0.1665,SAFE,,10,,t2774_0,0.23,NORMAL,LOCAL,SAFE: all tasks permitted (weight=0.23),
1771435998.143,0.1,58.68,4.7202,1.224,44.5,5,,,0.02423,0.0000,0.0000,0.5900,0.0000,0.2423,0.3868,0.1783,CRITICAL,True,10,0,,,,,,
1771435998.143,0.1,,,,,,,,,,,,,,,0.1783,SAFE,,10,,t2775_0,0.62,NORMAL,LOCAL,SAFE: all tasks permitted (weight=0.62),
1771435998.143,0.1,58.44,4.7448,1.265,47.5,5,,,0.02113,0.0000,0.0000,0.4783,0.0000,0.2113,0.4073,0.1648,CRITICAL,True,10,0,,,,,,
1771435998.143,0.1,,,,,,,,,,,,,,,0.1648,SAFE,,10,,t2776_0,0.29,LOW,LOCAL,SAFE: all tasks permitted (weight=0.29),
1771435998.143,0.1,,,,,,,,,,,,,,,0.1648,SAFE,,10,,t2776_1,0.54,LOW,LOCAL,SAFE: all tasks permitted (weight=0.54),
1771435998.143,0.1,58.41,4.6993,1.332,52.3,6,,,0.02349,0.0000,0.0000,0.6851,0.0000,0.2349,0.4558,0.2037,CRITICAL,True,10,0,,,,,,
1771435998.143,0.1,,,,,,,,,,,,,,,0.2037,SAFE,,10,,t2777_0,0.65,LOW,LOCAL,SAFE: all tasks permitted (weight=0.65),
1771435998.143,0.1,59.11,4.6883,1.369,54.9,6,,,0.02756,0.0000,0.0000,0.7349,0.0000,0.2756,0.4746,0.2180,CRITICAL,True,10,0,,,,,,
1771435998.143,0.1,58.40,4.7294,1.318,51.3,6,,,0.02774,0.0000,0.0000,0.5483,0.0000,0.2774,0.4491,0.1888,CRITICAL,True,10,0,,,,,,
1771435998.143,0.1,58.46,4.7042,1.271,47.9,5,,,0.02942,0.0000,0.0000,0.6628,0.0000,0.2942,0.4104,0.1977,CRITICAL,True,10,0,,,,,,
1771435998.143,0.1,,,,,,,,,,,,,,,0.1977,SAFE,,10,,t2780_0,0.75,LOW,LOCAL,SAFE: all tasks permitted (weight=0.75),
1771435998.143,0.1,59.10,4.7008,1.327,51.9,6,,,0.02750,0.0000,0.0000,0.6784,0.0000,0.2750,0.4535,0.2064,CRITICAL,True,10,0,,,,,,
1771435998.143,0.1,,,,,,,,,,,,,,,0.2064,SAFE,,10,,t2781_0,0.43,LOW,LOCAL,SAFE: all tasks permitted (weight=0.43),
1771435998.143,0.1,58.76,4.6933,1.336,52.6,6,,,0.02712,0.0000,0.0000,0.7125,0.0000,0.2712,0.4581,0.2114,CRITICAL,True,10,0,,,,,,
1771435998.143,0.1,59.17,4.7321,1.288,49.1,5,,,0.02360,0.0000,0.0000,0.5360,0.0000,0.2360,0.4188,0.1770,CRITICAL,True,10,0,,,,,,
1771435998.143,0.1,58.67,4.7108,1.242,45.9,5,,,0.02114,0.0000,0.0000,0.6327,0.0000,0.2114,0.3962,0.1826,CRITICAL,True,10,0,,,,,,
1771435998.143,0.1,58.69,4.7830,1.200,42.9,4,,,0.02578,0.0000,0.0000,0.3047,0.0000,0.2578,0.3602,0.1374,CRITICAL,True,10,0,,,,,,
1771435998.143,0.1,,,,,,,,,,,,,,,0.1374,SAFE,,10,,t2785_0,0.25,HIGH,LOCAL,SAFE: all tasks permitted (weight=0.25),
1771435998.143,0.1,58.99,4.7436,1.195,42.5,4,,,0.02616,0.0000,0.0000,0.4837,0.0000,0.2616,0.3575,0.1605,CRITICAL,True,10,0,,,,,,
1771435998.143,0.1,,,,,,,,,,,,,,,0.1605,SAFE,,10,,t2786_0,0.42,NORMAL,LOCAL,SAFE: all tasks permitted (weight=0.42),
1771435998.143,0.1,58.54,4.7436,1.212,43.7,5,,,0.02691,0.0000,0.0000,0.4837,0.0000,0.2691,0.3812,0.1660,CRITICAL,True,10,0,,,,,,
1771435998.143,0.1,,,,,,,,,,,,,,,0.1660,SAFE,,10,,t2787_0,0.53,NORMAL,LOCAL,SAFE: all tasks permitted (weight=0.53),
1771435998.143,0.1,58.84,4.7601,1.242,45.9,5,,,0.02826,0.0000,0.0000,0.4084,0.0000,0.2826,0.3962,0.1606,CRITICAL,True,10,0,,,,,,
1771435998.143,0.1,58.71,4.7174,1.200,42.9,4,,,0.02737,0.0000,0.0000,0.6028,0.0000,0.2737,0.3602,0.1778,CRITICAL,True,10,0,,,,,,window_reset|B=10
1771435998.143,0.1,,,,,,,,,,,,,,,0.1778,SAFE,,10,,t2789_0,0.61,NORMAL,LOCAL,SAFE: all tasks permitted (weight=0.61),
1771435998.143,0.1,58.36,4.6839,1.243,45.9,5,,,0.02789,0.0000,0.0000,0.7550,0.0000,0.2789,0.3964,0.2053,CRITICAL,True,10,0,,,,,,
1771435998.143,0.1,,,,,,,,,,,,,,,0.2053,SAFE,,10,,t2790_0,0.55,HIGH,LOCAL,SAFE: all tasks permitted (weight=0.55),
1771435998.143,0.1,58.06,4.6867,1.273,48.1,5,,,0.02979,0.0000,0.0000,0.7425,0.0000,0.2979,0.4116,0.2086,CRITICAL,True,10,0,,,,,,
1771435998.144,0.1,58.80,4.7232,1.229,44.9,5,8269.930,12.36564,0.02932,0.0000,0.0000,0.5765,0.0000,0.2932,0.3895,0.1822,CRITICAL,True,10,0,,,,,,
1771435998.144,0.1,,,,,,,,,,,,,,,0.1822,SAFE,,10,,t2792_0,0.46,NORMAL,LOCAL,SAFE: all tasks permitted (weight=0.46),
1771435998.144,0.1,58.47,4.6660,1.248,46.3,5,-13132.005,-117.01714,0.03289,0.0000,0.0000,0.8364,0.0000,0.3289,0.3992,0.2215,CRITICAL,True,10,0,,,,,,
1771435998.144,0.1,,,,,,,,,,,,,,,0.2215,SAFE,,10,,t2793_0,0.38,NORMAL,LOCAL,SAFE: all tasks permitted (weight=0.38),
1771435998.144,0.1,58.02,4.6973,1.256,46.9,5,-57955.930,-46.33421,0.03264,0.0000,0.0000,0.6942,0.0000,0.3264,0.4030,0.2035,CRITICAL,True,10,0,,,,,,
1771435998.144,0.1,,,,,,,,,,,,,,,0.2035,SAFE,,10,,t2794_0,0.79,NORMAL,LOCAL,SAFE: all tasks permitted (weight=0.79),
1771435998.144,0.1,58.60,4.7070,1.317,51.2,6,3524.530,-36.59587,0.03264,0.0000,0.0000,0.6500,0.0000,0.3264,0.4487,0.2069,CRITICAL,True,10,0,,,,,,
1771435998.144,0.1,,,,,,,,,,,,,,,0.2069,SAFE,,10,,t2795_0,0.55,HIGH,LOCAL,SAFE: all tasks permitted (weight=0.55),
1771435998.144,0.1,58.75,4.7075,1.344,53.1,6,-5528.947,-52.65047,0.03272,0.0000,0.0000,0.6477,0.0000,0.3272,0.4619,0.2093,CRITICAL,True,10,0,,,,,,
1771435998.144,0.1,,,,,,,,,,,,,,,0.2093,SAFE,,10,,t2796_0,0.36,HIGH,LOCAL,SAFE: all tasks permitted (weight=0.36),
1771435998.144,0.1,58.74,4.6895,1.342,53.0,6,1776.818,-27.86895,0.02701,0.0000,0.0000,0.7295,0.0000,0.2701,0.4612,0.2141,CRITICAL,True,10,0,,,,,,
1771435998.144,0.1,,,,,,,,,,,,,,,0.2141,SAFE,,10,,t2797_0,0.59,LOW,LOCAL,SAFE: all tasks permitted (weight=0.59),
1771435998.144,0.1,59.33,4.6821,1.372,55.2,6,58280.122,-1.79955,0.02606,0.0000,0.0000,0.7631,0.0000,0.2606,0.4762,0.2205,CRITICAL,True,10,0,,,,,,
1771435998.144,0.1,,,,,,,,,,,,,,,0.2205,SAFE,,10,,t2798_0,0.73,HIGH,LOCAL,SAFE: all tasks permitted (weight=0.73),
1771435998.144,0.1,58.66,4.6493,1.419,58.5,6,36204.092,-37.40794,0.02752,0.0000,0.0000,0.9125,0.0000,0.2752,0.4994,0.2460,CRITICAL,True,10,0,,,,,,
1771435998.144,0.1,,,,,,,,,,,,,,,0.2460,SAFE,,10,,t2799_0,0.39,NORMAL,LOCAL,SAFE: all tasks permitted (weight=0.39),
1771435998.144,0.1,59.71,4.6706,1.417,58.3,6,,,0.02086,0.0000,0.0000,0.8155,0.0000,0.2086,0.4983,0.2265,CRITICAL,True,10,0,,,,,,
1771435998.144,0.1,59.22,4.7166,1.362,54.5,6,,,0.02077,0.0000,0.0000,0.6065,0.0000,0.2077,0.4712,0.1939,CRITICAL,True,10,0,,,,,,
1771435998.144,0.1,59.71,4.6770,1.312,50.9,5,,,0.02102,0.0000,0.0000,0.7862,0.0000,0.2102,0.4310,0.2094,CRITICAL,True,10,0,,,,,,
1771435998.144,0.1,59.74,4.6763,1.265,47.5,5,,,0.02133,0.0000,0.0000,0.7897,0.0000,0.2133,0.4075,0.2055,CRITICAL,True,10,0,,,,,,
1771435998.144,0.1,,,,,,,,,,,,,,,0.2055,SAFE,,10,,t2803_0,0.78,NORMAL,LOCAL,SAFE: all tasks permitted (weight=0.78),
1771435998.144,0.1,59.29,4.7115,1.325,51.8,6,,,0.01995,0.0000,0.0000,0.6295,0.0000,0.1995,0.4527,0.1923,CRITICAL,True,10,0,,,,,,window_reset|B=10
1771435998.144,0.1,59.24,4.6612,1.278,48.4,5,,,0.02042,0.0000,0.0000,0.8580,0.0000,0.2042,0.4138,0.2147,CRITICAL,True,10,0,,,,,,
1771435998.144,0.1,,,,,,,,,,,,,,,0.2147,SAFE,,10,,t2805_0,0.33,NORMAL,LOCAL,SAFE: all tasks permitted (weight=0.33),
1771435998.144,0.1,59.79,4.7294,1.277,48.3,5,,,0.02346,0.0000,0.0000,0.5480,0.0000,0.2346,0.4134,0.1774,CRITICAL,True,10,0,,,,,,
1771435998.144,0.1,,,,,,,,,,,,,,,0.1774,SAFE,,10,,t2806_0,0.73,HIGH,LOCAL,SAFE: all tasks permitted (weight=0.73),
1771435998.144,0.1,58.77,4.7040,1.329,52.1,6,,,0.02329,0.0000,0.0000,0.6638,0.0000,0.2329,0.4546,0.2005,CRITICAL,True,10,0,,,,,,
1771435998.144,0.1,,,,,,,,,,,,,,,0.2005,SAFE,,10,,t2807_0,0.65,HIGH,LOCAL,SAFE: all tasks permitted (weight=0.65),
1771435998.144,0.1,59.15,4.7036,1.367,54.8,6,,,0.02306,0.0000,0.0000,0.6654,0.0000,0.2306,0.4736,0.2043,CRITICAL,True,10,0,,,,,,
1771435998.144,0.1,59.15,4.7087,1.317,51.2,6,,,0.02368,0.0000,0.0000,0.6424,0.0000,0.2368,0.4483,0.1968,CRITICAL,True,10,0,,,,,,
1771435998.144,0.1,59.84,4.6960,1.269,47.8,5,,,0.02356,0.0000,0.0000,0.7002,0.0000,0.2356,0.4096,0.1965,CRITICAL,True,10,0,,,,,,
1771435998.144,0.1,58.93,4.6990,1.225,44.7,5,,,0.01974,0.0000,0.0000,0.6864,0.0000,0.1974,0.3877,0.1865,CRITICAL,True,10,0,,,,,,
1771435998.144,0.1,59.21,4.7110,1.185,41.8,4,,,0.01850,0.0000,0.0000,0.6319,0.0000,0.1850,0.3523,0.1711,CRITICAL,True,10,0,,,,,,
1771435998.144,0.1,59.19,4.7896,1.147,39.0,4,,,0.03093,0.0000,0.0000,0.2747,0.0000,0.3093,0.3333,0.1333,CRITICAL,True,10,0,,,,,,
1771435998.144,0.1,,,,,,,,,,,,,,,0.1333,SAFE,,10,,t2813_0,0.48,NORMAL,LOCAL,SAFE: all tasks permitted (weight=0.48),
1771435998.144,0.1,59.34,4.7084,1.176,41.1,4,,,0.02971,0.0000,0.0000,0.6435,0.0000,0.2971,0.3479,0.1829,CRITICAL,True,10,0,,,,,,
1771435998.144,0.1,58.60,4.7395,1.138,38.5,4,,,0.02918,0.0000,0.0000,0.5022,0.0000,0.2918,0.3292,0.1603,CRITICAL,True,10,0,,,,,,
1771435998.144,0.1,,,,,,,,,,,,,,,0.1603,SAFE,,10,,t2815_0,0.80,HIGH,LOCAL,SAFE: all tasks permitted (weight=0.80),
1771435998.144,0.1,58.57,4.6966,1.210,43.6,5,,,0.02955,0.0000,0.0000,0.6974,0.0000,0.2955,0.3799,0.1962,CRITICAL,True,10,0,,,,,,
1771435998.144,0.1,58.77,4.7564,1.170,40.7,4,,,0.02749,0.0000,0.0000,0.4256,0.0000,0.2749,0.3450,0.1518,CRITICAL,True,10,0,,,,,,
1771435998.144,0.1,57.87,4.7556,1.133,38.1,4,,,0.02913,0.0000,0.0000,0.4291,0.0000,0.2913,0.3266,0.1502,CRITICAL,True,10,0,,,,,,
1771435998.144,0.1,58.22,4.7835,1.099,35.6,4,,,0.03299,0.0000,0.0000,0.3021,0.0000,0.3299,0.3094,0.1341,CRITICAL,True,10,0,,,,,,window_reset|B=10
1771435998.144,0.1,,,,,,,,,,,,,,,0.1341,SAFE,,10,,t2819_0,0.26,HIGH,LOCAL,SAFE: all tasks permitted (weight=0.26),
1771435998.144,0.1,,,,,,,,,,,,,,,0.1341,SAFE,,10,,t2819_1,0.35,NORMAL,LOCAL,SAFE: all tasks permitted (weight=0.35),
1771435998.144,0.1,58.51,4.7479,1.148,39.1,4,,,0.03242,0.0000,0.0000,0.4641,0.0000,0.3242,0.3340,0.1596,CRITICAL,True,10,0,,,,,,
1771435998.144,0.1,,,,,,,,,,,,,,,0.1596,SAFE,,10,,t2820_0,0.71,NORMAL,LOCAL,SAFE: all tasks permitted (weight=0.71),
1771435998.144,0.1,58.28,4.7269,1.208,43.4,5,,,0.03168,0.0000,0.0000,0.5597,0.0000,0.3168,0.3789,0.1802,CRITICAL,True,10,0,,,,,,
1771435998.144,0.1,,,,,,,,,,,,,,,0.1802,SAFE,,10,,t2821_0,0.82,NORMAL,LOCAL,SAFE: all tasks permitted (weight=0.82),
1771435998.145,0.1,58.24,4.7324,1.277,48.4,5,-65762.717,23.97772,0.02954,0.0000,0.0000,0.5345,0.0000,0.2954,0.4137,0.1818,CRITICAL,True,10,0,,,,,,
1771435998.145,0.1,,,,,,,,,,,,,,,0.1818,SAFE,,10,,t2822_0,0.49,HIGH,LOCAL,SAFE: all tasks permitted (weight=0.49),
1771435998.145,0.1,58.16,4.7038,1.299,49.9,5,-26623.059,-35.64976,0.02904,0.0000,0.0000,0.6643,0.0000,0.2904,0.4244,0.2003,CRITICAL,True,10,0,,,,,,
1771435998.145,0.1,,,,,,,,,,,,,,,0.2003,SAFE,,10,,t2823_0,0.68,NORMAL,LOCAL,SAFE: all tasks permitted (weight=0.68),
1771435998.145,0.1,58.84,4.6829,1.343,53.1,6,15944.024,-13.63777,0.03207,0.0000,0.0000,0.7594,0.0000,0.3207,0.4616,0.2231,CRITICAL,True,10,0,,,,,,
1771435998.145,0.1,58.81,4.7170,1.294,49.6,5,2558.273,-39.35279,0.02782,0.0000,0.0000,0.6046,0.0000,0.2782,0.4221,0.1908,CRITICAL,True,10,0,,,,,,
1771435998.145,0.1,,,,,,,,,,,,,,,0.1908,SAFE,,10,,t2825_0,0.75,NORMAL,LOCAL,SAFE: all tasks permitted (weight=0.75),
1771435998.145,0.1,,,,,,,,,,,,,,,0.1908,SAFE,,10,,t2825_1,0.76,LOW,LOCAL,SAFE: all tasks permitted (weight=0.76),
1771435998.145,0.1,58.41,4.6675,1.451,60.8,7,32414.947,-88.05519,0.03231,0.0000,0.0000,0.8295,0.0000,0.3231,0.5304,0.2462,CRITICAL,True,10,0,,,,,,
1771435998.145,0.1,58.70,4.7022,1.394,56.7,6,28473.028,-81.33458,0.03264,0.0000,0.0000,0.6719,0.0000,0.3264,0.4871,0.2174,CRITICAL,True,10,0,,,,,,
1771435998.145,0.1,59.06,4.6877,1.342,53.0,6,32755.809,-60.17270,0.03332,0.0000,0.0000,0.7377,0.0000,0.3332,0.4608,0.2214,CRITICAL,True,10,0,,,,,,
1771435998.145,0.1,,,,,,,,,,,,,,,0.2214,SAFE,,10,,t2828_0,0.22,HIGH,LOCAL,SAFE: all tasks permitted (weight=0.22),
1771435998.145,0.1,59.25,4.7196,1.322,51.6,6,57747.386,-7.28093,0.03166,0.0000,0.0000,0.5928,0.0000,0.3166,0.4512,0.1990,CRITICAL,True,10,0,,,,,,
1771435998.145,0.1,,,,,,,,,,,,,,,0.1990,SAFE,,10,,t2829_0,0.62,HIGH,LOCAL,SAFE: all tasks permitted (weight=0.62),
1771435998.145,0.1,58.89,4.6920,1.357,54.1,6,,,0.03038,0.0000,0.0000,0.7180,0.0000,0.3038,0.4686,0.2174,CRITICAL,True,10,0,,,,,,
1771435998.145,0.1,,,,,,,,,,,,,,,0.2174,SAFE,,10,,t2830_0,0.43,LOW,LOCAL,SAFE: all tasks permitted (weight=0.43),
1771435998.145,0.1,58.98,4.6917,1.365,54.6,6,,,0.02229,0.0000,0.0000,0.7197,0.0000,0.2229,0.4725,0.2103,CRITICAL,True,10,0,,,,,,
1771435998.145,0.1,,,,,,,,,,,,,,,0.2103,SAFE,,10,,t2831_0,0.42,LOW,LOCAL,SAFE: all tasks permitted (weight=0.42),
1771435998.145,0.1,59.30,4.7135,1.370,55.0,6,,,0.01862,0.0000,0.0000,0.6203,0.0000,0.1862,0.4751,0.1943,CRITICAL,True,10,0,,,,,,
1771435998.145,0.1,,,,,,,,,,,,,,,0.1943,SAFE,,10,,t2832_0,0.79,LOW,LOCAL,SAFE: all tasks permitted (weight=0.79),
1771435998.145,0.1,59.24,4.6804,1.425,58.9,6,,,0.01811,0.0000,0.0000,0.7711,0.0000,0.1811,0.5024,0.2188,CRITICAL,True,10,0,,,,,,
1771435998.145,0.1,59.76,4.7056,1.370,55.0,6,,,0.01531,0.0000,0.0000,0.6564,0.0000,0.1531,0.4750,0.1957,CRITICAL,True,10,0,,,,,,window_reset|B=10
1771435998.145,0.1,,,,,,,,,,,,,,,0.1957,SAFE,,10,,t2834_0,0.80,HIGH,LOCAL,SAFE: all tasks permitted (weight=0.80),
1771435998.145,0.1,59.80,4.6930,1.427,59.1,7,,,0.01520,0.0000,0.0000,0.7137,0.0000,0.1520,0.5184,0.2117,CRITICAL,True,10,0,,,,,,
1771435998.145,0.1,,,,,,,,,,,,,,,0.2117,SAFE,,10,,t2835_0,0.28,NORMAL,LOCAL,SAFE: all tasks permitted (weight=0.28),
1771435998.145,0.1,59.40,4.7171,1.410,57.8,6,,,0.01567,0.0000,0.0000,0.6040,0.0000,0.1567,0.4948,0.1932,CRITICAL,True,10,0,,,,,,
1771435998.145,0.1,,,,,,,,,,,,,,,0.1932,SAFE,,10,,t2836_0,0.78,NORMAL,LOCAL,SAFE: all tasks permitted (weight=0.78),
1771435998.145,0.1,60.00,4.6696,1.461,61.5,7,,,0.01656,0.0000,0.0000,0.8198,0.0000,0.1656,0.5356,0.2303,CRITICAL,True,10,0,,,,,,
1771435998.145,0.1,,,,,,,,,,,,,,,0.2303,SAFE,,10,,t2837_0,0.78,LOW,LOCAL,SAFE: all tasks permitted (weight=0.78),
1771435998.145,0.1,,,,,,,,,,,,,,,0.2303,SAFE,,10,,t2837_1,0.30,HIGH,LOCAL,SAFE: all tasks permitted (weight=0.30),
1771435998.145,0.1,60.21,4.5761,1.550,67.8,8,,,0.03649,0.0000,0.0000,1.0000,0.0000,0.3649,0.5948,0.2854,CRITICAL,True,10,0,,,,,,FAILURE:BROWNOUT(V=4.576V)
1771435998.145,0.1,,,,,,,,,,,,,,,0.2854,SAFE,,10,,t2838_0,0.47,HIGH,LOCAL,SAFE: all tasks permitted (weight=0.47),
1771435998.145,0.1,,,,,,,,,,,,,,,0.2854,SAFE,,10,,t2838_1,0.64,NORMAL,LOCAL,SAFE: all tasks permitted (weight=0.64),
1771435998.145,0.1,60.69,4.6407,1.634,73.9,8,,,0.03832,0.0000,0.0000,0.9513,0.0000,0.3832,0.6372,0.2894,CRITICAL,True,10,0,,,,,,
1771435998.145,0.1,,,,,,,,,,,,,,,0.2894,SAFE,,10,,t2839_0,0.46,NORMAL,LOCAL,SAFE: all tasks permitted (weight=0.46),
1771435998.145,0.1,60.88,4.6429,1.626,73.3,8,,,0.03976,0.0000,0.0000,0.9416,0.0000,0.3976,0.6332,0.2888,CRITICAL,True,10,0,,,,,,
1771435998.145,0.1,,,,,,,,,,,,,,,0.2888,SAFE,,10,,t2840_0,0.47,HIGH,LOCAL,SAFE: all tasks permitted (weight=0.47),
1771435998.145,0.1,61.38,4.5708,1.620,72.9,8,,,0.04748,0.0000,0.0000,1.0000,0.0000,0.4748,0.6302,0.3035,CRITICAL,True,10,0,,,,,,FAILURE:BROWNOUT(V=4.571V)
1771435998.145,0.1,61.52,4.5760,1.552,68.0,8,,,0.05273,0.0000,0.0000,1.0000,0.0000,0.5273,0.5960,0.3019,CRITICAL,True,10,0,,,,,,
1771435998.145,0.1,,,,,,,,,,,,,,,0.3019,SAFE,,10,,t2842_0,0.46,CRITICAL,LOCAL,SAFE: all tasks permitted (weight=0.46),
1771435998.146,0.1,62.20,4.6094,1.550,67.8,8,143726.686,-83.60190,0.05306,0.0000,0.0000,1.0000,0.0000,0.5306,0.5948,0.3020,CRITICAL,True,10,0,,,,,,
1771435998.146,0.1,,,,,,,,,,,,,,,0.3020,SAFE,,10,,t2843_0,0.81,NORMAL,LOCAL,SAFE: all tasks permitted (weight=0.81),
1771435998.146,0.1,62.06,4.6301,1.595,71.0,8,159783.466,-87.05551,0.04958,0.0000,0.0000,0.9998,0.0000,0.4958,0.6173,0.3030,CRITICAL,True,10,0,,,,,,
1771435998.146,0.1,,,,,,,,,,,,,,,0.3030,SAFE,,10,,t2844_0,0.23,CRITICAL,LOCAL,SAFE: all tasks permitted (weight=0.23),
1771435998.146,0.1,,,,,,,,,,,,,,,0.3030,SAFE,,10,,t2844_1,0.61,NORMAL,LOCAL,SAFE: all tasks permitted (weight=0.61),
1771435998.146,0.1,62.46,4.6370,1.640,74.3,8,147606.571,-32.62008,0.04826,0.0000,0.0000,0.9681,0.0000,0.4826,0.6399,0.3021,CRITICAL,True,10,0,,,,,,
1771435998.146,0.1,,,,,,,,,,,,,,,0.3021,SAFE,,10,,t2845_0,0.66,HIGH,LOCAL,SAFE: all tasks permitted (weight=0.66),
1771435998.146,0.1,,,,,,,,,,,,,,,0.3021,SAFE,,10,,t2845_1,0.36,NORMAL,LOCAL,SAFE: all tasks permitted (weight=0.36),
1771435998.146,0.1,62.67,4.6344,1.707,79.1,9,147435.061,58.30217,0.04389,0.0000,0.0000,0.9800,0.0000,0.4389,0.6886,0.3090,CRITICAL,True,10,0,,,,,,
1771435998.146,0.1,,,,,,,,,,,,,,,0.3090,SAFE,,10,,t2846_0,0.73,LOW,LOCAL,SAFE: all tasks permitted (weight=0.73),
1771435998.146,0.1,63.50,4.5742,1.731,80.8,9,168212.092,-66.53352,0.04264,0.0000,0.0000,1.0000,0.0000,0.4264,0.7006,0.3128,CRITICAL,True,10,0,,,,,,FAILURE:BROWNOUT(V=4.574V)
1771435998.146,0.1,,,,,,,,,,,,,,,0.3128,SAFE,,10,,t2847_0,0.55,CRITICAL,LOCAL,SAFE: all tasks permitted (weight=0.55),
1771435998.146,0.1,63.29,4.6156,1.729,80.6,9,144569.415,-27.21025,0.03188,0.0000,0.0000,1.0000,0.0000,0.3188,0.6994,0.3018,CRITICAL,True,10,0,,,,,,
1771435998.146,0.1,63.66,4.6214,1.653,75.2,9,136814.717,50.55741,0.02743,0.0000,0.0000,1.0000,0.0000,0.2743,0.6614,0.2897,CRITICAL,True,10,0,,,,,,window_reset|B=10
1771435998.146,0.1,,,,,,,,,,,,,,,0.2897,SAFE,,10,,t2849_0,0.62,HIGH,LOCAL,SAFE: all tasks permitted (weight=0.62),
1771435998.146,0.1,63.94,4.6514,1.666,76.1,9,145137.416,75.30988,0.02741,0.0000,0.0000,0.9029,0.0000,0.2741,0.6679,0.2784,CRITICAL,True,10,0,,,,,,
1771435998.146,0.1,,,,,,,,,,,,,,,0.2784,SAFE,,10,,t2850_0,0.39,HIGH,LOCAL,SAFE: all tasks permitted (weight=0.39),
1771435998.146,0.1,64.42,4.6060,1.647,74.8,8,,,0.02657,0.0000,0.0000,1.0000,0.0000,0.2657,0.6434,0.2852,CRITICAL,True,10,0,,,,,,FAILURE:BROWNOUT(V=4.606V)
1771435998.146,0.1,,,,,,,,,,,,,,,0.2852,SAFE,,10,,t2851_0,0.61,LOW,LOCAL,SAFE: all tasks permitted (weight=0.61),
1771435998.146,0.1,64.60,4.6465,1.658,75.6,9,,,0.02692,0.0000,0.0000,0.9248,0.0000,0.2692,0.6641,0.2800,CRITICAL,True,10,0,,,,,,
1771435998.146,0.1,64.52,4.5923,1.587,70.5,8,,,0.02456,0.0000,0.0000,1.0000,0.0000,0.2456,0.6135,0.2773,CRITICAL,True,10,0,,,,,,FAILURE:BROWNOUT(V=4.592V)
1771435998.146,0.1,65.12,4.6411,1.521,65.8,7,,,0.02217,0.0082,0.0000,0.9495,0.0000,0.2217,0.5654,0.2597,CRITICAL,True,10,0,,,,,,
1771435998.146,0.1,,,,,,,,,,,,,,,0.2597,SAFE,,10,,t2854_0,0.61,NORMAL,LOCAL,SAFE: all tasks permitted (weight=0.61),
1771435998.146,0.1,,,,,,,,,,,,,,,0.2597,SAFE,,10,,t2854_1,0.74,CRITICAL,LOCAL,SAFE: all tasks permitted (weight=0.74),
1771435998.146,0.1,64.97,4.6238,1.641,74.4,8,,,0.02186,0.0000,0.0000,1.0000,0.0000,0.2186,0.6405,0.2799,CRITICAL,True,10,0,,,,,,FAILURE:BROWNOUT(V=4.624V)
1771435998.146,0.1,,,,,,,,,,,,,,,0.2799,SAFE,,10,,t2855_0,0.43,NORMAL,LOCAL,SAFE: all tasks permitted (weight=0.43),
1771435998.146,0.1,65.84,4.6075,1.629,73.5,8,,,0.02212,0.0559,0.0000,1.0000,0.0000,0.2212,0.6345,0.2857,CRITICAL,True,10,0,,,,,,
1771435998.146,0.1,,,,,,,,,,,,,,,0.2857,SAFE,,10,,t2856_0,0.54,CRITICAL,LOCAL,SAFE: all tasks permitted (weight=0.54),
1771435998.146,0.1,65.25,4.6016,1.633,73.8,8,,,0.02214,0.0169,0.0000,1.0000,0.0000,0.2214,0.6364,0.2815,CRITICAL,True,10,0,,,,,,
1771435998.146,0.1,65.26,4.6436,1.563,68.8,8,,,0.02285,0.0173,0.0000,0.9382,0.0000,0.2285,0.6017,0.2672,CRITICAL,True,10,0,,,,,,
1771435998.146,0.1,,,,,,,,,,,,,,,0.2672,SAFE,,10,,t2858_0,0.67,LOW,LOCAL,SAFE: all tasks permitted (weight=0.67),
1771435998.146,0.1,65.65,4.6493,1.589,70.6,8,,,0.01987,0.0434,0.0000,0.9124,0.0000,0.1987,0.6144,0.2666,CRITICAL,True,10,0,,,,,,
1771435998.146,0.1,65.26,4.6409,1.523,65.9,7,,,0.02010,0.0172,0.0000,0.9504,0.0000,0.2010,0.5663,0.2590,CRITICAL,True,10,0,,,,,,
1771435998.146,0.1,,,,,,,,,,,,,,,0.2590,SAFE,,10,,t2860_0,0.84,LOW,LOCAL,SAFE: all tasks permitted (weight=0.84),
1771435998.146,0.1,65.78,4.6508,1.574,69.5,8,,,0.02103,0.0521,0.0000,0.9053,0.0000,0.2103,0.6068,0.2663,CRITICAL,True,10,0,,,,,,
1771435998.146,0.1,,,,,,,,,,,,,,,0.2663,SAFE,,10,,t2861_0,0.69,NORMAL,LOCAL,SAFE: all tasks permitted (weight=0.69),
1771435998.146,0.1,,,,,,,,,,,,,,,0.2663,SAFE,,10,,t2861_1,0.83,LOW,LOCAL,SAFE: all tasks permitted (weight=0.83),
1771435998.146,0.1,65.85,4.6004,1.713,79.5,9,,,0.02134,0.0567,0.0000,1.0000,0.0000,0.2134,0.6916,0.2965,CRITICAL,True,10,0,,,,,,FAILURE:BROWNOUT(V=4.600V)
1771435998.146,0.1,,,,,,,,,,,,,,,0.2965,SAFE,,10,,t2862_0,0.62,NORMAL,LOCAL,SAFE: all tasks permitted (weight=0.62),
1771435998.146,0.1,66.44,4.5864,1.721,80.1,9,,,0.02341,0.0962,0.0000,1.0000,0.0000,0.2341,0.6957,0.3041,CRITICAL,True,10,0,,,,,,
1771435998.146,0.1,,,,,,,,,,,,,,,0.3041,SAFE,,10,,t2863_0,0.45,NORMAL,LOCAL,SAFE: all tasks permitted (weight=0.45),
1771435998.146,0.1,66.67,4.6213,1.707,79.1,9,,,0.02237,0.1116,0.0000,1.0000,0.0000,0.2237,0.6884,0.3034,CRITICAL,True,10,0,,,,,,window_reset|B=10
1771435998.146,0.1,,,,,,,,,,,,,,,0.3034,SAFE,,10,,t2864_0,0.76,CRITICAL,LOCAL,SAFE: all tasks permitted (weight=0.76),
1771435998.146,0.1,67.02,4.5918,1.735,81.1,9,,,0.02243,0.1345,0.0000,1.0000,0.0000,0.2243,0.7027,0.3091,CRITICAL,True,10,0,,,,,,
1771435998.146,0.1,66.87,4.6212,1.659,75.6,9,,,0.02164,0.1249,0.0000,1.0000,0.0000,0.2164,0.6644,0.2995,CRITICAL,True,10,0,,,,,,
1771435998.146,0.1,,,,,,,,,,,,,,,0.2995,SAFE,,10,,t2866_0,0.28,NORMAL,LOCAL,SAFE: all tasks permitted (weight=0.28),
1771435998.146,0.1,67.56,4.6157,1.625,73.2,8,,,0.02163,0.1705,0.0000,1.0000,0.0000,0.2163,0.6327,0.2986,CRITICAL,True,10,0,,,,,,
1771435998.146,0.1,,,,,,,,,,,,,,,0.2986,SAFE,,10,,t2867_0,0.59,HIGH,LOCAL,SAFE: all tasks permitted (weight=0.59),
1771435998.146,0.1,67.08,4.6511,1.637,74.0,8,,,0.02298,0.1389,0.0000,0.9041,0.0000,0.2298,0.6383,0.2848,CRITICAL,True,10,0,,,,,,
1771435998.146,0.1,67.46,4.5965,1.567,69.1,8,,,0.02342,0.1638,0.0000,1.0000,0.0000,0.2342,0.6034,0.2938,CRITICAL,True,10,0,,,,,,FAILURE:BROWNOUT(V=4.596V)
1771435998.147,0.1,,,,,,,,,,,,,,,0.2938,SAFE,,10,,t2869_0,0.27,CRITICAL,LOCAL,SAFE: all tasks permitted (weight=0.27),
1771435998.147,0.1,67.30,4.6225,1.538,67.0,8,87166.093,22.06872,0.02254,0.1535,0.0000,1.0000,0.0000,0.2254,0.5890,0.2888,CRITICAL,True,10,0,,,,,,
1771435998.147,0.1,,,,,,,,,,,,,,,0.2888,SAFE,,10,,t2870_0,0.36,HIGH,LOCAL,SAFE: all tasks permitted (weight=0.36),
1771435998.147,0.1,67.56,4.6330,1.524,66.0,7,67082.786,46.56476,0.02122,0.1708,0.0000,0.9865,0.0000,0.2122,0.5671,0.2834,CRITICAL,True,10,0,,,,,,
1771435998.147,0.1,,,,,,,,,,,,,,,0.2834,SAFE,,10,,t2871_0,0.81,NORMAL,LOCAL,SAFE: all tasks permitted (weight=0.81),
1771435998.147,0.1,67.80,4.6542,1.572,69.4,8,67493.146,32.89734,0.02262,0.1866,0.0000,0.8900,0.0000,0.2262,0.6059,0.2819,CRITICAL,True,10,0,,,,,,
1771435998.147,0.1,,,,,,,,,,,,,,,0.2819,SAFE,,10,,t2872_0,0.71,LOW,LOCAL,SAFE: all tasks permitted (weight=0.71),
1771435998.147,0.1,67.50,4.6046,1.602,71.6,8,28806.945,12.74981,0.02099,0.1665,0.0000,1.0000,0.0000,0.2099,0.6212,0.2952,CRITICAL,True,10,0,,,,,,FAILURE:BROWNOUT(V=4.605V)
1771435998.147,0.1,67.74,4.6339,1.535,66.8,7,51781.594,12.71793,0.02089,0.1825,0.0000,0.9822,0.0000,0.2089,0.5726,0.2850,CRITICAL,True,10,0,,,,,,
1771435998.147,0.1,,,,,,,,,,,,,,,0.2850,SAFE,,10,,t2874_0,0.53,NORMAL,LOCAL,SAFE: all tasks permitted (weight=0.53),
1771435998.147,0.1,67.40,4.6739,1.544,67.4,8,-9566.147,58.19269,0.02325,0.1599,0.0000,0.8006,0.0000,0.2325,0.5920,0.2649,CRITICAL,True,10,0,,,,,,
1771435998.147,0.1,67.77,4.6967,1.481,62.9,7,41220.682,45.56093,0.03012,0.1847,0.0000,0.6970,0.0000,0.3012,0.5454,0.2520,CRITICAL,True,10,0,,,,,,
1771435998.147,0.1,,,,,,,,,,,,,,,0.2520,SAFE,,10,,t2876_0,0.68,LOW,LOCAL,SAFE: all tasks permitted (weight=0.68),
1771435998.147,0.1,,,,,,,,,,,,,,,0.2520,SAFE,,10,,t2876_1,0.63,HIGH,LOCAL,SAFE: all tasks permitted (weight=0.63),
1771435998.147,0.1,67.86,4.6553,1.600,71.4,8,23949.629,58.85312,0.02794,0.1904,0.0000,0.8849,0.0000,0.2794,0.6198,0.2898,CRITICAL,True,10,0,,,,,,
1771435998.147,0.1,,,,,,,,,,,,,,,0.2898,SAFE,,10,,t2877_0,0.80,HIGH,LOCAL,SAFE: all tasks permitted (weight=0.80),
1771435998.147,0.1,,,,,,,,,,,,,,,0.2898,SAFE,,10,,t2877_1,0.36,NORMAL,LOCAL,SAFE: all tasks permitted (weight=0.36),
1771435998.147,0.1,68.33,4.5528,1.690,77.9,9,,,0.03649,0.2218,0.0000,1.0000,0.0000,0.3649,0.6802,0.3292,CRITICAL,True,10,0,,,,,,FAILURE:BROWNOUT(V=4.553V)
1771435998.147,0.1,,,,,,,,,,,,,,,0.3292,SAFE,,10,,t2878_0,0.41,HIGH,LOCAL,SAFE: all tasks permitted (weight=0.41),
1771435998.147,0.1,68.70,4.5874,1.673,76.6,9,,,0.03837,0.2465,0.0000,1.0000,0.0000,0.3837,0.6715,0.3323,CRITICAL,True,10,0,,,,,,window_reset|B=10
1771435998.147,0.1,68.01,4.5575,1.601,71.5,8,,,0.04259,0.2010,0.0000,1.0000,0.0000,0.4259,0.6204,0.3208,CRITICAL,True,10,0,,,,,,
1771435998.147,0.1,,,,,,,,,,,,,,,0.3208,SAFE,,10,,t2880_0,0.49,NORMAL,LOCAL,SAFE: all tasks permitted (weight=0.49),
1771435998.147,0.1,67.62,4.6511,1.600,71.4,8,,,0.04250,0.1747,0.0000,0.9040,0.0000,0.4250,0.6200,0.3050,CRITICAL,True,10,0,,,,,,
1771435998.147,0.1,68.63,4.6454,1.533,66.6,7,,,0.04277,0.2421,0.0000,0.9300,0.0000,0.4277,0.5715,0.3070,CRITICAL,True,10,0,,,,,,
1771435998.147,0.1,68.23,4.6644,1.471,62.2,7,,,0.04390,0.2152,0.0000,0.8436,0.0000,0.4390,0.5403,0.2874,CRITICAL,True,10,0,,,,,,
1771435998.147,0.1,68.17,4.6384,1.413,58.0,6,,,0.04343,0.2112,0.0000,0.9620,0.0000,0.4343,0.4963,0.2931,CRITICAL,True,10,0,,,,,,
1771435998.147,0.1,,,,,,,,,,,,,,,0.2931,SAFE,,10,,t2884_0,0.58,HIGH,LOCAL,SAFE: all tasks permitted (weight=0.58),
1771435998.147,0.1,67.58,4.6921,1.437,59.8,7,,,0.04580,0.1721,0.0000,0.7179,0.0000,0.4580,0.5233,0.2644,CRITICAL,True,10,0,,,,,,
1771435998.147,0.1,,,,,,,,,,,,,,,0.2644,SAFE,,10,,t2885_0,0.71,HIGH,LOCAL,SAFE: all tasks permitted (weight=0.71),
1771435998.147,0.1,68.08,4.6546,1.477,62.7,7,,,0.04603,0.2050,0.0000,0.8883,0.0000,0.4603,0.5437,0.2949,CRITICAL,True,10,0,,,,,,
1771435998.147,0.1,,,,,,,,,,,,,,,0.2949,SAFE,,10,,t2886_0,0.28,HIGH,LOCAL,SAFE: all tasks permitted (weight=0.28),
1771435998.147,0.1,67.44,4.6932,1.456,61.2,7,,,0.04753,0.1626,0.0000,0.7126,0.0000,0.4753,0.5332,0.2663,CRITICAL,True,10,0,,,,,,
1771435998.147,0.1,67.67,4.6964,1.399,57.1,6,,,0.04751,0.1783,0.0000,0.6982,0.0000,0.4751,0.4897,0.2576,CRITICAL,True,10,0,,,,,,
1771435998.147,0.1,,,,,,,,,,,,,,,0.2576,SAFE,,10,,t2888_0,0.33,NORMAL,LOCAL,SAFE: all tasks permitted (weight=0.33),
1771435998.147,0.1,67.66,4.7209,1.391,56.5,6,,,0.05239,0.1773,0.0000,0.5869,0.0000,0.5239,0.4856,0.2471,CRITICAL,True,10,0,,,,,,
1771435998.147,0.1,,,,,,,,,,,,,,,0.2471,SAFE,,10,,t2889_0,0.62,HIGH,LOCAL,SAFE: all tasks permitted (weight=0.62),
1771435998.147,0.1,67.55,4.6467,1.423,58.8,6,,,0.04424,0.1703,0.0000,0.9241,0.0000,0.4424,0.5014,0.2851,CRITICAL,True,10,0,,,,,,
1771435998.147,0.1,67.07,4.6855,1.368,54.9,6,,,0.04004,0.1379,0.0000,0.7478,0.0000,0.4004,0.4741,0.2486,CRITICAL,True,10,0,,,,,,
1771435998.147,0.1,67.02,4.6753,1.317,51.2,6,,,0.02467,0.1347,0.0000,0.7943,0.0000,0.2467,0.4487,0.2338,CRITICAL,True,10,0,,,,,,
1771435998.147,0.1,67.09,4.7230,1.270,47.9,5,,,0.02745,0.1390,0.0000,0.5773,0.0000,0.2745,0.4100,0.2012,CRITICAL,True,10,0,,,,,,
1771435998.147,0.1,,,,,,,,,,,,,,,0.2012,SAFE,,10,,t2893_0,0.27,NORMAL,LOCAL,SAFE: all tasks permitted (weight=0.27),
1771435998.147,0.1,67.00,4.7595,1.262,47.3,5,,,0.03360,0.1332,0.0000,0.4112,0.0000,0.3360,0.4060,0.1842,CRITICAL,True,10,0,,,,,,window_reset|B=10
1771435998.147,0.1,,,,,,,,,,,,,,,0.1842,SAFE,,10,,t2894_0,0.67,LOW,LOCAL,SAFE: all tasks permitted (weight=0.67),
1771435998.147,0.1,66.37,4.7498,1.309,50.7,5,,,0.03684,0.0913,0.0000,0.4554,0.0000,0.3684,0.4296,0.1929,CRITICAL,True,10,0,,,,,,
1771435998.147,0.1,,,,,,,,,,,,,,,0.1929,SAFE,,10,,t2895_0,0.50,LOW,LOCAL,SAFE: all tasks permitted (weight=0.50),
1771435998.147,0.1,66.28,4.7466,1.330,52.2,6,,,0.03518,0.0854,0.0000,0.4700,0.0000,0.3518,0.4552,0.1976,CRITICAL,True,10,0,,,,,,
1771435998.147,0.1,,,,,,,,,,,,,,,0.1976,SAFE,,10,,t2896_0,0.43,NORMAL,LOCAL,SAFE: all tasks permitted (weight=0.43),
1771435998.147,0.1,66.41,4.6989,1.340,52.9,6,,,0.03504,0.0939,0.0000,0.6866,0.0000,0.3504,0.4602,0.2276,CRITICAL,True,10,0,,,,,,
1771435998.147,0.1,,,,,,,,,,,,,,,0.2276,SAFE,,10,,t2897_0,0.27,LOW,LOCAL,SAFE: all tasks permitted (weight=0.27),
1771435998.147,0.1,65.89,4.7087,1.328,52.0,6,,,0.03169,0.0596,0.0000,0.6420,0.0000,0.3169,0.4542,0.2132,CRITICAL,True,10,0,,,,,,
1771435998.147,0.1,,,,,,,,,,,,,,,0.2132,SAFE,,10,,t2898_0,0.84,LOW,LOCAL,SAFE: all tasks permitted (weight=0.84),
1771435998.148,0.1,65.44,4.6700,1.394,56.7,6,-97513.053,-15.50025,0.03325,0.0295,0.0000,0.8183,0.0000,0.3325,0.4871,0.2406,CRITICAL,True,10,0,,,,,,
1771435998.148,0.1,,,,,,,,,,,,,,,0.2406,SAFE,,10,,t2899_0,0.43,LOW,LOCAL,SAFE: all tasks permitted (weight=0.43),
1771435998.148,0.1,65.63,4.6655,1.400,57.1,6,-83625.280,-9.73310,0.03510,0.0418,0.0000,0.8385,0.0000,0.3510,0.4898,0.2471,CRITICAL,True,10,0,,,,,,
1771435998.148,0.1,,,,,,,,,,,,,,,0.2471,SAFE,,10,,t2900_0,0.77,NORMAL,LOCAL,SAFE: all tasks permitted (weight=0.77),
1771435998.148,0.1,66.04,4.6203,1.451,60.8,7,-62643.562,-102.74485,0.04154,0.0694,0.0000,1.0000,0.0000,0.4154,0.5304,0.2859,CRITICAL,True,10,0,,,,,,FAILURE:BROWNOUT(V=4.620V)
1771435998.148,0.1,,,,,,,,,,,,,,,0.2859,SAFE,,10,,t2901_0,0.56,LOW,LOCAL,SAFE: all tasks permitted (weight=0.56),
1771435998.148,0.1,66.01,4.6546,1.470,62.2,7,-59458.125,-104.90773,0.04081,0.0671,0.0000,0.8880,0.0000,0.4081,0.5401,0.2723,CRITICAL,True,10,0,,,,,,
1771435998.148,0.1,,,,,,,,,,,,,,,0.2723,SAFE,,10,,t2902_0,0.57,LOW,LOCAL,SAFE: all tasks permitted (weight=0.57),
1771435998.148,0.1,65.04,4.6358,1.490,63.6,7,-79575.487,-114.02905,0.04410,0.0029,0.0000,0.9737,0.0000,0.4410,0.5499,0.2810,CRITICAL,True,10,0,,,,,,
1771435998.148,0.1,,,,,,,,,,,,,,,0.2810,SAFE,,10,,t2903_0,0.58,HIGH,LOCAL,SAFE: all tasks permitted (weight=0.58),
1771435998.148,0.1,65.93,4.6342,1.510,65.0,7,-21058.160,-112.36351,0.04680,0.0620,0.0000,0.9807,0.0000,0.4680,0.5599,0.2937,CRITICAL,True,10,0,,,,,,
1771435998.148,0.1,,,,,,,,,,,,,,,0.2937,SAFE,,10,,t2904_0,0.47,NORMAL,LOCAL,SAFE: all tasks permitted (weight=0.47),
1771435998.148,0.1,65.63,4.6727,1.512,65.2,7,-46716.708,-26.19685,0.04580,0.0420,0.0000,0.8057,0.0000,0.4580,0.5612,0.2678,CRITICAL,True,10,0,,,,,,
1771435998.148,0.1,65.68,4.6400,1.452,60.8,7,-12547.766,-68.74048,0.04122,0.0456,0.0000,0.9545,0.0000,0.4122,0.5308,0.2769,CRITICAL,True,10,0,,,,,,
1771435998.148,0.1,65.90,4.7004,1.395,56.8,6,,,0.03560,0.0602,0.0000,0.6802,0.0000,0.3560,0.4874,0.2287,CRITICAL,True,10,0,,,,,,
1771435998.148,0.1,,,,,,,,,,,,,,,0.2287,SAFE,,10,,t2907_0,0.57,NORMAL,LOCAL,SAFE: all tasks permitted (weight=0.57),
1771435998.148,0.1,65.99,4.6344,1.420,58.6,6,,,0.02844,0.0661,0.0000,0.9800,0.0000,0.2844,0.5002,0.2638,CRITICAL,True,10,0,,,,,,
1771435998.148,0.1,65.76,4.7287,1.366,54.7,6,,,0.03260,0.0510,0.0000,0.5515,0.0000,0.3260,0.4729,0.2050,CRITICAL,True,10,0,,,,,,window_reset|B=10
1771435998.148,0.1,65.66,4.6998,1.315,51.1,6,,,0.03165,0.0442,0.0000,0.6828,0.0000,0.3165,0.4476,0.2152,CRITICAL,True,10,0,,,,,,
1771435998.148,0.1,,,,,,,,,,,,,,,0.2152,SAFE,,10,,t2910_0,0.70,LOW,LOCAL,SAFE: all tasks permitted (weight=0.70),
1771435998.148,0.1,65.69,4.7362,1.363,54.5,6,,,0.03760,0.0462,0.0000,0.5172,0.0000,0.3760,0.4716,0.2047,CRITICAL,True,10,0,,,,,,
1771435998.148,0.1,64.82,4.7090,1.313,50.9,5,,,0.03919,0.0000,0.0000,0.6408,0.0000,0.3919,0.4314,0.2088,CRITICAL,True,10,0,,,,,,
1771435998.148,0.1,,,,,,,,,,,,,,,0.2088,SAFE,,10,,t2912_0,0.25,NORMAL,LOCAL,SAFE: all tasks permitted (weight=0.25),
1771435998.148,0.1,65.32,4.7119,1.300,50.0,5,,,0.03721,0.0216,0.0000,0.6278,0.0000,0.3721,0.4249,0.2064,CRITICAL,True,10,0,,,,,,
1771435998.148,0.1,64.62,4.7429,1.254,46.7,5,,,0.04011,0.0000,0.0000,0.4869,0.0000,0.4011,0.4019,0.1838,CRITICAL,True,10,0,,,,,,
1771435998.148,0.1,,,,,,,,,,,,,,,0.1838,SAFE,,10,,t2914_0,0.53,NORMAL,LOCAL,SAFE: all tasks permitted (weight=0.53),
1771435998.148,0.1,64.98,4.7233,1.283,48.8,5,,,0.03801,0.0000,0.0000,0.5760,0.0000,0.3801,0.4165,0.1962,CRITICAL,True,10,0,,,,,,
1771435998.148,0.1,,,,,,,,,,,,,,,0.1962,SAFE,,10,,t2915_0,0.85,NORMAL,LOCAL,SAFE: all tasks permitted (weight=0.85),
1771435998.148,0.1,64.82,4.6925,1.353,53.8,6,,,0.03346,0.0000,0.0000,0.7161,0.0000,0.3346,0.4667,0.2199,CRITICAL,True,10,0,,,,,,
1771435998.148,0.1,64.47,4.6662,1.304,50.3,5,,,0.03394,0.0000,0.0000,0.8356,0.0000,0.3394,0.4268,0.2279,CRITICAL,True,10,0,,,,,,
1771435998.148,0.1,,,,,,,,,,,,,,,0.2279,SAFE,,10,,t2917_0,0.59,NORMAL,LOCAL,SAFE: all tasks permitted (weight=0.59),
1771435998.148,0.1,64.41,4.7016,1.338,52.7,6,,,0.02896,0.0000,0.0000,0.6746,0.0000,0.2896,0.4588,0.2084,CRITICAL,True,10,0,,,,,,
1771435998.148,0.1,,,,,,,,,,,,,,,0.2084,SAFE,,10,,t2918_0,0.22,LOW,LOCAL,SAFE: all tasks permitted (weight=0.22),
1771435998.148,0.1,64.38,4.6701,1.319,51.4,6,,,0.03044,0.0000,0.0000,0.8179,0.0000,0.3044,0.4495,0.2267,CRITICAL,True,10,0,,,,,,
1771435998.148,0.1,,,,,,,,,,,,,,,0.2267,SAFE,,10,,t2919_0,0.65,NORMAL,LOCAL,SAFE: all tasks permitted (weight=0.65),
1771435998.148,0.1,64.28,4.7017,1.360,54.3,6,,,0.02283,0.0000,0.0000,0.6740,0.0000,0.2283,0.4702,0.2045,CRITICAL,True,10,0,,,,,,
1771435998.148,0.1,64.13,4.7040,1.310,50.7,5,,,0.02187,0.0000,0.0000,0.6634,0.0000,0.2187,0.4301,0.1941,CRITICAL,True,10,0,,,,,,
1771435998.148,0.1,,,,,,,,,,,,,,,0.1941,SAFE,,10,,t2921_0,0.36,HIGH,LOCAL,SAFE: all tasks permitted (weight=0.36),
1771435998.148,0.1,,,,,,,,,,,,,,,0.1941,SAFE,,10,,t2921_1,0.57,HIGH,LOCAL,SAFE: all tasks permitted (weight=0.57),
1771435998.148,0.1,64.27,4.6804,1.389,56.4,6,,,0.02288,0.0000,0.0000,0.7708,0.0000,0.2288,0.4847,0.2200,CRITICAL,True,10,0,,,,,,
1771435998.148,0.1,,,,,,,,,,,,,,,0.2200,SAFE,,10,,t2922_0,0.22,NORMAL,LOCAL,SAFE: all tasks permitted (weight=0.22),
1771435998.148,0.1,63.83,4.7227,1.367,54.8,6,,,0.02153,0.0000,0.0000,0.5785,0.0000,0.2153,0.4733,0.1914,CRITICAL,True,10,0,,,,,,
1771435998.148,0.1,63.59,4.7093,1.316,51.1,6,,,0.02154,0.0000,0.0000,0.6395,0.0000,0.2154,0.4479,0.1943,CRITICAL,True,10,0,,,,,,window_reset|B=10
1771435998.148,0.1,63.96,4.7369,1.269,47.8,5,,,0.02349,0.0000,0.0000,0.5142,0.0000,0.2349,0.4094,0.1722,CRITICAL,True,10,0,,,,,,
1771435998.148,0.1,64.06,4.7444,1.225,44.6,5,,,0.02371,0.0000,0.0000,0.4800,0.0000,0.2371,0.3874,0.1636,CRITICAL,True,10,0,,,,,,
1771435998.148,0.1,,,,,,,,,,,,,,,0.1636,SAFE,,10,,t2926_0,0.76,HIGH,LOCAL,SAFE: all tasks permitted (weight=0.76),
1771435998.148,0.1,63.90,4.7448,1.287,49.1,5,,,0.02578,0.0000,0.0000,0.4783,0.0000,0.2578,0.4187,0.1717,CRITICAL,True,10,0,,,,,,
1771435998.148,0.1,,,,,,,,,,,,,,,0.1717,SAFE,,10,,t2927_0,0.33,CRITICAL,LOCAL,SAFE: all tasks permitted (weight=0.33),
1771435998.148,0.1,63.28,4.7412,1.287,49.1,5,,,0.02710,0.0000,0.0000,0.4945,0.0000,0.2710,0.4185,0.1751,CRITICAL,True,10,0,,,,,,
1771435998.148,0.1,63.64,4.7664,1.242,45.8,5,,,0.02767,0.0000,0.0000,0.3799,0.0000,0.2767,0.3959,0.1562,CRITICAL,True,10,0,,,,,,
1771435998.148,0.1,,,,,,,,,,,,,,,0.1562,SAFE,,10,,t2929_0,0.73,NORMAL,LOCAL,SAFE: all tasks permitted (weight=0.73),
1771435998.149,0.1,62.97,4.7169,1.300,50.0,5,-77779.437,36.43101,0.02720,0.0000,0.0000,0.6052,0.0000,0.2720,0.4251,0.1909,CRITICAL,True,10,0,,,,,,
1771435998.149,0.1,,,,,,,,,,,,,,,0.1909,SAFE,,10,,t2930_0,0.63,HIGH,LOCAL,SAFE: all tasks permitted (weight=0.63),
1771435998.149,0.1,63.17,4.7474,1.341,52.9,6,-39805.777,24.64538,0.02354,0.0000,0.0000,0.4665,0.0000,0.2354,0.4604,0.1763,CRITICAL,True,10,0,,,,,,
1771435998.149,0.1,,,,,,,,,,,,,,,0.1763,SAFE,,10,,t2931_0,0.26,HIGH,LOCAL,SAFE: all tasks permitted (weight=0.26),
1771435998.149,0.1,63.43,4.6731,1.327,51.9,6,-9765.233,-36.23877,0.02710,0.0000,0.0000,0.8042,0.0000,0.2710,0.4534,0.2223,CRITICAL,True,10,0,,,,,,
1771435998.149,0.1,,,,,,,,,,,,,,,0.2223,SAFE,,10,,t2932_0,0.47,NORMAL,LOCAL,SAFE: all tasks permitted (weight=0.47),
1771435998.149,0.1,63.04,4.7069,1.343,53.1,6,-55427.530,-29.96727,0.02694,0.0000,0.0000,0.6504,0.0000,0.2694,0.4615,0.2038,CRITICAL,True,10,0,,,,,,
1771435998.149,0.1,63.14,4.7057,1.294,49.6,5,-54930.828,-38.71711,0.02429,0.0000,0.0000,0.6560,0.0000,0.2429,0.4220,0.1940,CRITICAL,True,10,0,,,,,,
1771435998.149,0.1,,,,,,,,,,,,,,,0.1940,SAFE,,10,,t2934_0,0.46,NORMAL,LOCAL,SAFE: all tasks permitted (weight=0.46),
1771435998.149,0.1,63.30,4.7432,1.311,50.8,5,-36437.519,-1.57303,0.02469,0.0000,0.0000,0.4855,0.0000,0.2469,0.4304,0.1739,CRITICAL,True,10,0,,,,,,
1771435998.149,0.1,,,,,,,,,,,,,,,0.1739,SAFE,,10,,t2935_0,0.38,HIGH,LOCAL,SAFE: all tasks permitted (weight=0.38),
1771435998.149,0.1,63.05,4.6863,1.315,51.1,6,-13650.387,-54.93935,0.02687,0.0000,0.0000,0.7443,0.0000,0.2687,0.4477,0.2132,CRITICAL,True,10,0,,,,,,
1771435998.149,0.1,62.21,4.7130,1.268,47.7,5,-85302.900,-53.46446,0.02689,0.0000,0.0000,0.6229,0.0000,0.2689,0.4092,0.1897,CRITICAL,True,10,0,,,,,,
1771435998.149,0.1,,,,,,,,,,,,,,,0.1897,SAFE,,10,,t2937_0,0.57,NORMAL,LOCAL,SAFE: all tasks permitted (weight=0.57),
1771435998.149,0.1,62.80,4.7376,1.303,50.2,5,,,0.02652,0.0000,0.0000,0.5110,0.0000,0.2652,0.4264,0.1782,CRITICAL,True,10,0,,,,,,
1771435998.149,0.1,,,,,,,,,,,,,,,0.1782,SAFE,,10,,t2938_0,0.30,LOW,LOCAL,SAFE: all tasks permitted (weight=0.30),
1771435998.149,0.1,62.57,4.6913,1.298,49.9,5,,,0.02707,0.0000,0.0000,0.7215,0.0000,0.2707,0.4240,0.2057,CRITICAL,True,10,0,,,,,,window_reset|B=10
1771435998.149,0.1,,,,,,,,,,,,,,,0.2057,SAFE,,10,,t2939_0,0.57,CRITICAL,LOCAL,SAFE: all tasks permitted (weight=0.57),
1771435998.149,0.1,62.80,4.6828,1.331,52.2,6,,,0.02788,0.0000,0.0000,0.7598,0.0000,0.2788,0.4553,0.2177,CRITICAL,True,10,0,,,,,,
1771435998.149,0.1,,,,,,,,,,,,,,,0.2177,SAFE,,10,,t2940_0,0.85,NORMAL,LOCAL,SAFE: all tasks permitted (weight=0.85),
1771435998.149,0.1,62.63,4.6436,1.399,57.0,6,,,0.02934,0.0000,0.0000,0.9383,0.0000,0.2934,0.4893,0.2492,CRITICAL,True,10,0,,,,,,
1771435998.149,0.1,,,,,,,,,,,,,,,0.2492,SAFE,,10,,t2941_0,0.68,HIGH,LOCAL,SAFE: all tasks permitted (weight=0.68),
1771435998.149,0.1,63.22,4.6688,1.439,59.9,7,,,0.03057,0.0000,0.0000,0.8238,0.0000,0.3057,0.5243,0.2425,CRITICAL,True,10,0,,,,,,
1771435998.149,0.1,,,,,,,,,,,,,,,0.2425,SAFE,,10,,t2942_0,0.58,LOW,LOCAL,SAFE: all tasks permitted (weight=0.58),
1771435998.149,0.1,62.48,4.6422,1.462,61.6,7,,,0.03079,0.0000,0.0000,0.9444,0.0000,0.3079,0.5362,0.2608,CRITICAL,True,10,0,,,,,,
1771435998.149,0.1,,,,,,,,,,,,,,,0.2608,SAFE,,10,,t2943_0,0.41,HIGH,LOCAL,SAFE: all tasks permitted (weight=0.41),
1771435998.149,0.1,62.62,4.6157,1.462,61.6,7,,,0.03704,0.0000,0.0000,1.0000,0.0000,0.3704,0.5359,0.2742,CRITICAL,True,10,0,,,,,,FAILURE:BROWNOUT(V=4.616V)
1771435998.149,0.1,,,,,,,,,,,,,,,0.2742,SAFE,,10,,t2944_0,0.79,NORMAL,LOCAL,SAFE: all tasks permitted (weight=0.79),
1771435998.149,0.1,,,,,,,,,,,,,,,0.2742,SAFE,,10,,t2944_1,0.48,LOW,LOCAL,SAFE: all tasks permitted (weight=0.48),
1771435998.149,0.1,63.30,4.6415,1.578,69.9,8,,,0.03841,0.0000,0.0000,0.9476,0.0000,0.3841,0.6092,0.2834,CRITICAL,True,10,0,,,,,,
1771435998.149,0.1,63.05,4.6577,1.513,65.2,7,,,0.03813,0.0000,0.0000,0.8741,0.0000,0.3813,0.5614,0.2640,CRITICAL,True,10,0,,,,,,
1771435998.149,0.1,,,,,,,,,,,,,,,0.2640,SAFE,,10,,t2946_0,0.77,LOW,LOCAL,SAFE: all tasks permitted (weight=0.77),
1771435998.149,0.1,63.38,4.6582,1.558,68.4,8,,,0.03267,0.0000,0.0000,0.8720,0.0000,0.3267,0.5989,0.2658,CRITICAL,True,10,0,,,,,,
1771435998.149,0.1,,,,,,,,,,,,,,,0.2658,SAFE,,10,,t2947_0,0.66,HIGH,LOCAL,SAFE: all tasks permitted (weight=0.66),
1771435998.149,0.1,63.06,4.6455,1.584,70.3,8,,,0.03291,0.0000,0.0000,0.9293,0.0000,0.3291,0.6119,0.2761,CRITICAL,True,10,0,,,,,,
1771435998.149,0.1,,,,,,,,,,,,,,,0.2761,SAFE,,10,,t2948_0,0.32,NORMAL,LOCAL,SAFE: all tasks permitted (weight=0.32),
1771435998.149,0.1,63.72,4.6074,1.562,68.7,8,,,0.03342,0.0000,0.0000,1.0000,0.0000,0.3342,0.6010,0.2836,CRITICAL,True,10,0,,,,,,FAILURE:BROWNOUT(V=4.607V)
1771435998.149,0.1,,,,,,,,,,,,,,,0.2836,SAFE,,10,,t2949_0,0.51,NORMAL,LOCAL,SAFE: all tasks permitted (weight=0.51),
1771435998.149,0.1,63.69,4.6118,1.568,69.2,8,,,0.02551,0.0000,0.0000,1.0000,0.0000,0.2551,0.6041,0.2763,CRITICAL,True,10,0,,,,,,
1771435998.149,0.1,,,,,,,,,,,,,,,0.2763,SAFE,,10,,t2950_0,0.68,NORMAL,LOCAL,SAFE: all tasks permitted (weight=0.68),
1771435998.149,0.1,63.65,4.6216,1.596,71.2,8,,,0.02259,0.0000,0.0000,1.0000,0.0000,0.2259,0.6182,0.2762,CRITICAL,True,10,0,,,,,,
1771435998.149,0.1,,,,,,,,,,,,,,,0.2762,SAFE,,10,,t2951_0,0.81,NORMAL,LOCAL,SAFE: all tasks permitted (weight=0.81),
1771435998.149,0.1,64.40,4.5820,1.641,74.3,8,,,0.02430,0.0000,0.0000,1.0000,0.0000,0.2430,0.6404,0.2824,CRITICAL,True,10,0,,,,,,
1771435998.149,0.1,,,,,,,,,,,,,,,0.2824,SAFE,,10,,t2952_0,0.79,NORMAL,LOCAL,SAFE: all tasks permitted (weight=0.79),
1771435998.150,0.1,,,,,,,,,,,,,,,0.2824,SAFE,,10,,t2952_1,0.74,LOW,LOCAL,SAFE: all tasks permitted (weight=0.74),
1771435998.150,0.1,64.31,4.5855,1.781,84.4,10,60565.270,-55.81853,0.02731,0.0000,0.0000,1.0000,0.0000,0.2731,0.7407,0.3054,CRITICAL,True,10,0,,,,,,
1771435998.150,0.1,,,,,,,,,,,,,,,0.3054,SAFE,,10,,t2953_0,0.23,NORMAL,LOCAL,SAFE: all tasks permitted (weight=0.23),
1771435998.150,0.1,64.98,4.5320,1.733,81.0,9,114948.617,-125.26488,0.03535,0.0000,0.0000,1.0000,0.0000,0.3535,0.7017,0.3057,CRITICAL,True,10,0,,,,,,window_reset|B=10
1771435998.150,0.1,,,,,,,,,,,,,,,0.3057,SAFE,,10,,t2954_0,0.35,LOW,LOCAL,SAFE: all tasks permitted (weight=0.35),
1771435998.150,0.1,66.22,4.5889,1.706,79.0,9,169860.392,-68.96418,0.03521,0.0816,0.0000,1.0000,0.0000,0.3521,0.6880,0.3126,CRITICAL,True,10,0,,,,,,
1771435998.150,0.1,,,,,,,,,,,,,,,0.3126,SAFE,,10,,t2955_0,0.61,NORMAL,LOCAL,SAFE: all tasks permitted (weight=0.61),
1771435998.150,0.1,64.85,4.5579,1.715,79.7,9,107155.994,-87.32743,0.03825,0.0000,0.0000,1.0000,0.0000,0.3825,0.6927,0.3068,CRITICAL,True,10,0,,,,,,
1771435998.150,0.1,,,,,,,,,,,,,,,0.3068,SAFE,,10,,t2956_0,0.71,NORMAL,LOCAL,SAFE: all tasks permitted (weight=0.71),
1771435998.150,0.1,66.11,4.5887,1.738,81.3,9,143402.628,-18.57879,0.03710,0.0743,0.0000,1.0000,0.0000,0.3710,0.7040,0.3168,CRITICAL,True,10,0,,,,,,
1771435998.150,0.1,,,,,,,,,,,,,,,0.3168,SAFE,,10,,t2957_0,0.25,NORMAL,LOCAL,SAFE: all tasks permitted (weight=0.25),
1771435998.150,0.1,66.48,4.5496,1.696,78.3,9,166364.663,-61.94012,0.03585,0.0984,0.0000,1.0000,0.0000,0.3585,0.6831,0.3143,CRITICAL,True,10,0,,,,,,
1771435998.150,0.1,66.63,4.6568,1.622,73.0,8,177921.394,35.11170,0.03565,0.1086,0.0000,0.8781,0.0000,0.3565,0.6312,0.2891,CRITICAL,True,10,0,,,,,,
1771435998.150,0.1,,,,,,,,,,,,,,,0.2891,SAFE,,10,,t2959_0,0.35,LOW,LOCAL,SAFE: all tasks permitted (weight=0.35),
1771435998.150,0.1,66.59,4.6089,1.602,71.6,8,131342.233,26.82137,0.03253,0.1062,0.0000,1.0000,0.0000,0.3253,0.6211,0.2995,CRITICAL,True,10,0,,,,,,FAILURE:BROWNOUT(V=4.609V)
1771435998.150,0.1,,,,,,,,,,,,,,,0.2995,SAFE,,10,,t2960_0,0.69,HIGH,LOCAL,SAFE: all tasks permitted (weight=0.69),
1771435998.150,0.1,66.72,4.6163,1.630,73.6,8,,,0.03300,0.1145,0.0000,1.0000,0.0000,0.3300,0.6352,0.3038,CRITICAL,True,10,0,,,,,,
1771435998.150,0.1,,,,,,,,,,,,,,,0.3038,SAFE,,10,,t2961_0,0.53,HIGH,LOCAL,SAFE: all tasks permitted (weight=0.53),
1771435998.150,0.1,66.64,4.5827,1.634,73.9,8,,,0.03250,0.1095,0.0000,1.0000,0.0000,0.3250,0.6370,0.3030,CRITICAL,True,10,0,,,,,,
1771435998.150,0.1,,,,,,,,,,,,,,,0.3030,SAFE,,10,,t2962_0,0.59,LOW,LOCAL,SAFE: all tasks permitted (weight=0.59),
1771435998.150,0.1,67.18,4.5997,1.646,74.7,8,,,0.03122,0.1451,0.0000,1.0000,0.0000,0.3122,0.6428,0.3072,CRITICAL,True,10,0,,,,,,
1771435998.150,0.1,,,,,,,,,,,,,,,0.3072,SAFE,,10,,t2963_0,0.55,LOW,LOCAL,SAFE: all tasks permitted (weight=0.55),
1771435998.150,0.1,67.00,4.5949,1.651,75.0,9,,,0.03124,0.1334,0.0000,1.0000,0.0000,0.3124,0.6603,0.3093,CRITICAL,True,10,0,,,,,,
1771435998.150,0.1,67.20,4.6204,1.580,70.0,8,,,0.03242,0.1468,0.0000,1.0000,0.0000,0.3242,0.6100,0.3020,CRITICAL,True,10,0,,,,,,
1771435998.150,0.1,,,,,,,,,,,,,,,0.3020,SAFE,,10,,t2965_0,0.71,HIGH,LOCAL,SAFE: all tasks permitted (weight=0.71),
1771435998.150,0.1,67.38,4.6221,1.612,72.3,8,,,0.02791,0.1584,0.0000,1.0000,0.0000,0.2791,0.6258,0.3021,CRITICAL,True,10,0,,,,,,
1771435998.150,0.1,67.38,4.6221,1.544,67.4,8,,,0.02842,0.1586,0.0000,1.0000,0.0000,0.2842,0.5919,0.2958,CRITICAL,True,10,0,,,,,,
1771435998.150,0.1,,,,,,,,,,,,,,,0.2958,SAFE,,10,,t2967_0,0.33,CRITICAL,LOCAL,SAFE: all tasks permitted (weight=0.33),
1771435998.150,0.1,67.32,4.5962,1.527,66.2,7,,,0.02531,0.1544,0.0000,1.0000,0.0000,0.2531,0.5683,0.2875,CRITICAL,True,10,0,,,,,,
1771435998.150,0.1,,,,,,,,,,,,,,,0.2875,SAFE,,10,,t2968_0,0.30,NORMAL,LOCAL,SAFE: all tasks permitted (weight=0.30),
1771435998.150,0.1,67.24,4.6737,1.506,64.7,7,,,0.03104,0.1495,0.0000,0.8014,0.0000,0.3104,0.5581,0.2648,CRITICAL,True,10,0,,,,,,window_reset|B=10
1771435998.150,0.1,,,,,,,,,,,,,,,0.2648,SAFE,,10,,t2969_0,0.30,NORMAL,LOCAL,SAFE: all tasks permitted (weight=0.30),
1771435998.150,0.1,67.41,4.6139,1.487,63.4,7,,,0.02472,0.1605,0.0000,1.0000,0.0000,0.2472,0.5485,0.2837,CRITICAL,True,10,0,,,,,,FAILURE:BROWNOUT(V=4.614V)
1771435998.150,0.1,,,,,,,,,,,,,,,0.2837,SAFE,,10,,t2970_0,0.48,NORMAL,LOCAL,SAFE: all tasks permitted (weight=0.48),
1771435998.150,0.1,67.65,4.6972,1.494,63.8,7,,,0.03164,0.1767,0.0000,0.6947,0.0000,0.3164,0.5518,0.2535,CRITICAL,True,10,0,,,,,,
1771435998.150,0.1,,,,,,,,,,,,,,,0.2535,SAFE,,10,,t2971_0,0.83,NORMAL,LOCAL,SAFE: all tasks permitted (weight=0.83),
1771435998.150,0.1,67.36,4.6036,1.549,67.8,8,,,0.03184,0.1570,0.0000,1.0000,0.0000,0.3184,0.5945,0.2996,CRITICAL,True,10,0,,,,,,FAILURE:BROWNOUT(V=4.604V)
1771435998.150,0.1,67.56,4.6185,1.485,63.2,7,,,0.03182,0.1704,0.0000,1.0000,0.0000,0.3182,0.5477,0.2918,CRITICAL,True,10,0,,,,,,
1771435998.150,0.1,,,,,,,,,,,,,,,0.2918,SAFE,,10,,t2973_0,0.45,HIGH,LOCAL,SAFE: all tasks permitted (weight=0.45),
1771435998.150,0.1,,,,,,,,,,,,,,,0.2918,SAFE,,10,,t2973_1,0.78,NORMAL,LOCAL,SAFE: all tasks permitted (weight=0.78),
1771435998.150,0.1,66.90,4.6031,1.596,71.2,8,,,0.03026,0.1264,0.0000,1.0000,0.0000,0.3026,0.6182,0.2991,CRITICAL,True,10,0,,,,,,
1771435998.150,0.1,66.98,4.6399,1.530,66.4,7,,,0.02982,0.1320,0.0000,0.9548,0.0000,0.2982,0.5698,0.2837,CRITICAL,True,10,0,,,,,,
1771435998.150,0.1,,,,,,,,,,,,,,,0.2837,SAFE,,10,,t2975_0,0.25,LOW,LOCAL,SAFE: all tasks permitted (weight=0.25),
1771435998.150,0.1,67.89,4.7097,1.502,64.4,7,,,0.03622,0.1927,0.0000,0.6376,0.0000,0.3622,0.5558,0.2534,CRITICAL,True,10,0,,,,,,
1771435998.150,0.1,,,,,,,,,,,,,,,0.2534,SAFE,,10,,t2976_0,0.48,NORMAL,LOCAL,SAFE: all tasks permitted (weight=0.48),
1771435998.150,0.1,67.60,4.6467,1.508,64.9,7,,,0.03606,0.1732,0.0000,0.9242,0.0000,0.3606,0.5592,0.2888,CRITICAL,True,10,0,,,,,,
1771435998.150,0.1,,,,,,,,,,,,,,,0.2888,SAFE,,10,,t2977_0,0.55,HIGH,LOCAL,SAFE: all tasks permitted (weight=0.55),
1771435998.150,0.1,67.31,4.6297,1.524,66.0,7,,,0.03585,0.1538,0.0000,1.0000,0.0000,0.3585,0.5671,0.2977,CRITICAL,True,10,0,,,,,,FAILURE:BROWNOUT(V=4.630V)
1771435998.150,0.1,,,,,,,,,,,,,,,0.2977,SAFE,,10,,t2978_0,0.60,NORMAL,LOCAL,SAFE: all tasks permitted (weight=0.60),
1771435998.150,0.1,67.49,4.6007,1.546,67.6,8,,,0.03710,0.1661,0.0000,1.0000,0.0000,0.3710,0.5929,0.3056,CRITICAL,True,10,0,,,,,,
1771435998.150,0.1,,,,,,,,,,,,,,,0.3056,SAFE,,10,,t2979_0,0.51,NORMAL,LOCAL,SAFE: all tasks permitted (weight=0.51),
1771435998.151,0.1,67.68,4.6047,1.554,68.1,8,19730.928,1.07411,0.03641,0.1789,0.0000,1.0000,0.0000,0.3641,0.5968,0.3072,CRITICAL,True,10,0,,,,,,
1771435998.151,0.1,,,,,,,,,,,,,,,0.3072,SAFE,,10,,t2980_0,0.59,CRITICAL,LOCAL,SAFE: all tasks permitted (weight=0.59),
1771435998.151,0.1,67.26,4.5872,1.571,69.4,8,-17868.286,-31.26770,0.03694,0.1505,0.0000,1.0000,0.0000,0.3694,0.6056,0.3061,CRITICAL,True,10,0,,,,,,
1771435998.151,0.1,,,,,,,,,,,,,,,0.3061,SAFE,,10,,t2981_0,0.82,NORMAL,LOCAL,SAFE: all tasks permitted (weight=0.82),
1771435998.151,0.1,67.87,4.5742,1.620,72.8,8,58293.133,-28.98505,0.03987,0.1912,0.0000,1.0000,0.0000,0.3987,0.6299,0.3188,CRITICAL,True,10,0,,,,,,
1771435998.151,0.1,67.86,4.6405,1.551,67.9,8,52624.409,0.60080,0.03414,0.1905,0.0000,0.9521,0.0000,0.3414,0.5956,0.2999,CRITICAL,True,10,0,,,,,,
1771435998.151,0.1,67.77,4.6482,1.488,63.4,7,-7086.069,-61.52389,0.03441,0.1848,0.0000,0.9171,0.0000,0.3441,0.5488,0.2856,CRITICAL,True,10,0,,,,,,window_reset|B=10
1771435998.151,0.1,67.53,4.6686,1.428,59.2,7,-4046.494,21.92683,0.03632,0.1687,0.0000,0.8246,0.0000,0.3632,0.5192,0.2676,CRITICAL,True,10,0,,,,,,
1771435998.151,0.1,,,,,,,,,,,,,,,0.2676,SAFE,,10,,t2985_0,0.54,CRITICAL,LOCAL,SAFE: all tasks permitted (weight=0.54),
1771435998.151,0.1,67.58,4.6434,1.448,60.5,7,16209.145,13.64752,0.03559,0.1718,0.0000,0.9392,0.0000,0.3559,0.5288,0.2841,CRITICAL,True,10,0,,,,,,
1771435998.151,0.1,67.39,4.6770,1.391,56.5,6,-6225.987,76.29098,0.03762,0.1591,0.0000,0.7864,0.0000,0.3762,0.4856,0.2561,CRITICAL,True,10,0,,,,,,
1771435998.151,0.1,67.64,4.6934,1.339,52.8,6,,,0.03514,0.1759,0.0000,0.7118,0.0000,0.3514,0.4594,0.2407,CRITICAL,True,10,0,,,,,,
1771435998.151,0.1,67.05,4.7057,1.290,49.3,5,,,0.04025,0.1367,0.0000,0.6559,0.0000,0.4025,0.4200,0.2259,CRITICAL,True,10,0,,,,,,
1771435998.151,0.1,66.79,4.7252,1.245,46.0,5,,,0.04650,0.1196,0.0000,0.5673,0.0000,0.4650,0.3973,0.2141,CRITICAL,True,10,0,,,,,,
1771435998.151,0.1,66.39,4.7606,1.202,43.0,5,,,0.05358,0.0926,0.0000,0.4062,0.0000,0.5358,0.3762,0.1927,CRITICAL,True,10,0,,,,,,
1771435998.151,0.1,,,,,,,,,,,,,,,0.1927,SAFE,,10,,t2991_0,0.64,LOW,LOCAL,SAFE: all tasks permitted (weight=0.64),
1771435998.151,0.1,66.21,4.6883,1.253,46.6,5,,,0.05123,0.0807,0.0000,0.7352,0.0000,0.5123,0.4013,0.2368,CRITICAL,True,10,0,,,,,,
1771435998.151,0.1,,,,,,,,,,,,,,,0.2368,SAFE,,10,,t2992_0,0.29,LOW,LOCAL,SAFE: all tasks permitted (weight=0.29),
1771435998.151,0.1,65.93,4.7143,1.251,46.5,5,,,0.04641,0.0618,0.0000,0.6167,0.0000,0.4641,0.4003,0.2140,CRITICAL,True,10,0,,,,,,
1771435998.151,0.1,,,,,,,,,,,,,,,0.2140,SAFE,,10,,t2993_0,0.42,LOW,LOCAL,SAFE: all tasks permitted (weight=0.42),
1771435998.151,0.1,,,,,,,,,,,,,,,0.2140,SAFE,,10,,t2993_1,0.67,HIGH,LOCAL,SAFE: all tasks permitted (weight=0.67),
1771435998.151,0.1,65.84,4.6814,1.359,54.2,6,,,0.03422,0.0562,0.0000,0.7665,0.0000,0.3422,0.4695,0.2345,CRITICAL,True,10,0,,,,,,
1771435998.151,0.1,,,,,,,,,,,,,,,0.2345,SAFE,,10,,t2994_0,0.60,HIGH,LOCAL,SAFE: all tasks permitted (weight=0.60),
1771435998.151,0.1,66.01,4.7096,1.392,56.5,6,,,0.03159,0.0671,0.0000,0.6384,0.0000,0.3159,0.4858,0.2198,CRITICAL,True,10,0,,,,,,
1771435998.151,0.1,,,,,,,,,,,,,,,0.2198,SAFE,,10,,t2995_0,0.67,CRITICAL,LOCAL,SAFE: all tasks permitted (weight=0.67),
1771435998.151,0.1,65.24,4.6453,1.431,59.4,7,,,0.03195,0.0159,0.0000,0.9306,0.0000,0.3195,0.5207,0.2590,CRITICAL,True,10,0,,,,,,
1771435998.151,0.1,,,,,,,,,,,,,,,0.2590,SAFE,,10,,t2996_0,0.26,NORMAL,LOCAL,SAFE: all tasks permitted (weight=0.26),
1771435998.151,0.1,65.88,4.6990,1.412,58.0,6,,,0.03113,0.0588,0.0000,0.6865,0.0000,0.3113,0.4959,0.2266,CRITICAL,True,10,0,,,,,,
1771435998.151,0.1,65.98,4.7143,1.358,54.1,6,,,0.02721,0.0652,0.0000,0.6167,0.0000,0.2721,0.4690,0.2090,CRITICAL,True,10,0,,,,,,
1771435998.151,0.1,,,,,,,,,,,,,,,0.2090,SAFE,,10,,t2998_0,0.49,NORMAL,LOCAL,SAFE: all tasks permitted (weight=0.49),
1771435998.151,0.1,65.65,4.6540,1.375,55.4,6,,,0.02955,0.0432,0.0000,0.8909,0.0000,0.2955,0.4777,0.2461,CRITICAL,True,10,0,,,,,,window_reset|B=10
1771435998.151,0.1,,,,,,,,,,,,,,,0.2461,SAFE,,10,,t2999_0,0.51,NORMAL,LOCAL,SAFE: all tasks permitted (weight=0.51),
1771435998.151,0.1,65.84,4.7360,1.395,56.8,6,,,0.03115,0.0560,0.0000,0.5181,0.0000,0.3115,0.4873,0.2027,CRITICAL,True,10,0,,,,,,
1771435998.151,0.1,,,,,,,,,,,,,,,0.2027,SAFE,,10,,t3000_0,0.68,HIGH,LOCAL,SAFE: all tasks permitted (weight=0.68),
1771435998.151,0.1,,,,,,,,,,,,,,,0.2027,SAFE,,10,,t3000_1,0.22,NORMAL,LOCAL,SAFE: all tasks permitted (weight=0.22),
1771435998.151,0.1,,,,,,,,,,,,,,,0.2027,SAFE,,10,,t3000_2,0.41,HIGH,LOCAL,SAFE: all tasks permitted (weight=0.41),
1771435998.152,0.1,,,,,,,,,,,,,,,0.2027,SAFE,,10,,t3000_3,0.67,HIGH,LOCAL,SAFE: all tasks permitted (weight=0.67),
1771435998.152,0.1,,,,,,,,,,,,,,,0.2027,SAFE,,10,,t3000_4,0.59,HIGH,LOCAL,SAFE: all tasks permitted (weight=0.59),
1771435998.152,0.1,65.63,4.5499,1.698,78.4,9,-17524.453,-164.74379,0.05244,0.0423,0.0000,1.0000,0.0000,0.5244,0.6838,0.3243,CRITICAL,True,10,0,,,,,,FAILURE:BROWNOUT(V=4.550V)
1771435998.152,0.1,65.58,4.6545,1.624,73.1,8,-15633.687,-26.95234,0.05211,0.0389,0.0000,0.8888,0.0000,0.5211,0.6318,0.2987,CRITICAL,True,10,0,,,,,,
1771435998.152,0.1,65.59,4.6761,1.555,68.2,8,-25160.553,-33.53495,0.04669,0.0392,0.0000,0.7906,0.0000,0.4669,0.5975,0.2737,CRITICAL,True,10,0,,,,,,
1771435998.152,0.1,66.39,4.6238,1.491,63.6,7,69321.775,-21.46979,0.04874,0.0928,0.0000,1.0000,0.0000,0.4874,0.5505,0.3000,CRITICAL,True,10,0,,,,,,FAILURE:BROWNOUT(V=4.624V)
1771435998.152,0.1,,,,,,,,,,,,,,,0.3000,SAFE,,10,,t3004_0,0.30,HIGH,LOCAL,SAFE: all tasks permitted (weight=0.30),
1771435998.152,0.1,66.10,4.6925,1.474,62.4,7,13275.654,-6.54054,0.04749,0.0736,0.0000,0.7161,0.0000,0.4749,0.5418,0.2578,CRITICAL,True,10,0,,,,,,
1771435998.152,0.1,,,,,,,,,,,,,,,0.2578,SAFE,,10,,t3005_0,0.33,HIGH,LOCAL,SAFE: all tasks permitted (weight=0.33),
1771435998.152,0.1,66.23,4.6925,1.461,61.5,7,15340.236,-21.84784,0.04782,0.0822,0.0000,0.7158,0.0000,0.4782,0.5354,0.2578,CRITICAL,True,10,0,,,,,,
1771435998.152,0.1,,,,,,,,,,,,,,,0.2578,SAFE,,10,,t3006_0,0.62,CRITICAL,LOCAL,SAFE: all tasks permitted (weight=0.62),
1771435998.152,0.1,66.07,4.6396,1.490,63.6,7,25413.599,-14.38836,0.04697,0.0714,0.0000,0.9562,0.0000,0.4697,0.5502,0.2899,CRITICAL,True,10,0,,,,,,
1771435998.152,0.1,65.22,4.6503,1.431,59.4,7,-37338.612,-85.84603,0.04682,0.0146,0.0000,0.9076,0.0000,0.4682,0.5205,0.2707,CRITICAL,True,10,0,,,,,,
1771435998.152,0.1,,,,,,,,,,,,,,,0.2707,SAFE,,10,,t3008_0,0.54,NORMAL,LOCAL,SAFE: all tasks permitted (weight=0.54),
1771435998.152,0.1,66.07,4.6705,1.451,60.8,7,,,0.04576,0.0714,0.0000,0.8158,0.0000,0.4576,0.5304,0.2665,CRITICAL,True,10,0,,,,,,
1771435998.152,0.1,,,,,,,,,,,,,,,0.2665,SAFE,,10,,t3009_0,0.24,LOW,LOCAL,SAFE: all tasks permitted (weight=0.24),
1771435998.152,0.1,66.08,4.6655,1.428,59.1,7,,,0.04309,0.0719,0.0000,0.8387,0.0000,0.4309,0.5189,0.2645,CRITICAL,True,10,0,,,,,,
1771435998.152,0.1,65.73,4.6958,1.373,55.2,6,,,0.04424,0.0487,0.0000,0.7007,0.0000,0.4424,0.4764,0.2365,CRITICAL,True,10,0,,,,,,
1771435998.152,0.1,65.70,4.6851,1.322,51.5,6,,,0.03910,0.0464,0.0000,0.7498,0.0000,0.3910,0.4508,0.2323,CRITICAL,True,10,0,,,,,,
1771435998.152,0.1,,,,,,,,,,,,,,,0.2323,SAFE,,10,,t3012_0,0.31,HIGH,LOCAL,SAFE: all tasks permitted (weight=0.31),
1771435998.152,0.1,65.49,4.7531,1.318,51.3,6,,,0.03195,0.0327,0.0000,0.4406,0.0000,0.3195,0.4489,0.1829,CRITICAL,True,10,0,,,,,,
1771435998.152,0.1,65.41,4.7286,1.271,47.9,5,,,0.03447,0.0276,0.0000,0.5517,0.0000,0.3447,0.4103,0.1916,CRITICAL,True,10,0,,,,,,window_reset|B=10
1771435998.152,0.1,,,,,,,,,,,,,,,0.1916,SAFE,,10,,t3014_0,0.70,LOW,LOCAL,SAFE: all tasks permitted (weight=0.70),
1771435998.152,0.1,65.76,4.7149,1.324,51.7,6,,,0.03564,0.0506,0.0000,0.6141,0.0000,0.3564,0.4521,0.2120,CRITICAL,True,10,0,,,,,,
1771435998.152,0.1,65.42,4.6766,1.276,48.3,5,,,0.03084,0.0280,0.0000,0.7883,0.0000,0.3084,0.4132,0.2193,CRITICAL,True,10,0,,,,,,
1771435998.152,0.1,,,,,,,,,,,,,,,0.2193,SAFE,,10,,t3016_0,0.29,CRITICAL,LOCAL,SAFE: all tasks permitted (weight=0.29),
1771435998.152,0.1,64.43,4.7507,1.272,48.0,5,,,0.03530,0.0000,0.0000,0.4513,0.0000,0.3530,0.4111,0.1762,CRITICAL,True,10,0,,,,,,
1771435998.152,0.1,,,,,,,,,,,,,,,0.1762,SAFE,,10,,t3017_0,0.83,NORMAL,LOCAL,SAFE: all tasks permitted (weight=0.83),
1771435998.152,0.1,,,,,,,,,,,,,,,0.1762,SAFE,,10,,t3017_1,0.52,HIGH,LOCAL,SAFE: all tasks permitted (weight=0.52),
1771435998.152,0.1,64.48,4.7041,1.416,58.3,6,,,0.03542,0.0000,0.0000,0.6631,0.0000,0.3542,0.4980,0.2212,CRITICAL,True,10,0,,,,,,
1771435998.152,0.1,64.67,4.7417,1.362,54.4,6,,,0.03340,0.0000,0.0000,0.4921,0.0000,0.3340,0.4709,0.1916,CRITICAL,True,10,0,,,,,,
1771435998.152,0.1,,,,,,,,,,,,,,,0.1916,SAFE,,10,,t3019_0,0.74,NORMAL,LOCAL,SAFE: all tasks permitted (weight=0.74),
1771435998.152,0.1,64.39,4.6516,1.415,58.2,6,,,0.03324,0.0000,0.0000,0.9020,0.0000,0.3324,0.4974,0.2500,CRITICAL,True,10,0,,,,,,
1771435998.152,0.1,64.65,4.7366,1.361,54.3,6,,,0.03285,0.0000,0.0000,0.5154,0.0000,0.3285,0.4704,0.1939,CRITICAL,True,10,0,,,,,,
1771435998.152,0.1,,,,,,,,,,,,,,,0.1939,SAFE,,10,,t3021_0,0.62,HIGH,LOCAL,SAFE: all tasks permitted (weight=0.62),
1771435998.152,0.1,64.74,4.6652,1.397,56.9,6,,,0.03288,0.0000,0.0000,0.8401,0.0000,0.3288,0.4886,0.2398,CRITICAL,True,10,0,,,,,,
1771435998.152,0.1,,,,,,,,,,,,,,,0.2398,SAFE,,10,,t3022_0,0.50,CRITICAL,LOCAL,SAFE: all tasks permitted (weight=0.50),
1771435998.152,0.1,64.48,4.6815,1.414,58.1,6,,,0.03358,0.0000,0.0000,0.7658,0.0000,0.3358,0.4969,0.2325,CRITICAL,True,10,0,,,,,,
1771435998.152,0.1,,,,,,,,,,,,,,,0.2325,SAFE,,10,,t3023_0,0.81,NORMAL,LOCAL,SAFE: all tasks permitted (weight=0.81),
1771435998.152,0.1,64.50,4.6615,1.472,62.3,7,,,0.03546,0.0000,0.0000,0.8567,0.0000,0.3546,0.5411,0.2551,CRITICAL,True,10,0,,,,,,
1771435998.152,0.1,,,,,,,,,,,,,,,0.2551,SAFE,,10,,t3024_0,0.25,NORMAL,LOCAL,SAFE: all tasks permitted (weight=0.25),
1771435998.152,0.1,64.24,4.6216,1.449,60.6,7,,,0.03919,0.0000,0.0000,1.0000,0.0000,0.3919,0.5294,0.2751,CRITICAL,True,10,0,,,,,,FAILURE:BROWNOUT(V=4.622V)
1771435998.152,0.1,,,,,,,,,,,,,,,0.2751,SAFE,,10,,t3025_0,0.23,NORMAL,LOCAL,SAFE: all tasks permitted (weight=0.23),
1771435998.152,0.1,65.06,4.6933,1.424,58.9,6,,,0.03782,0.0039,0.0000,0.7125,0.0000,0.3782,0.5020,0.2313,CRITICAL,True,10,0,,,,,,
1771435998.152,0.1,,,,,,,,,,,,,,,0.2313,SAFE,,10,,t3026_0,0.28,HIGH,LOCAL,SAFE: all tasks permitted (weight=0.28),
1771435998.153,0.1,65.07,4.6577,1.408,57.7,6,23690.396,-84.08876,0.03819,0.0046,0.0000,0.8741,0.0000,0.3819,0.4938,0.2511,CRITICAL,True,10,0,,,,,,
1771435998.153,0.1,64.41,4.7119,1.354,53.9,6,1123.563,60.41014,0.03864,0.0000,0.0000,0.6275,0.0000,0.3864,0.4670,0.2136,CRITICAL,True,10,0,,,,,,
1771435998.153,0.1,63.94,4.7120,1.304,50.3,5,-42557.611,-24.67304,0.03485,0.0000,0.0000,0.6274,0.0000,0.3485,0.4271,0.2018,CRITICAL,True,10,0,,,,,,window_reset|B=10
1771435998.153,0.1,,,,,,,,,,,,,,,0.2018,SAFE,,10,,t3029_0,0.54,HIGH,LOCAL,SAFE: all tasks permitted (weight=0.54),
1771435998.153,0.1,64.29,4.7067,1.334,52.4,6,-27098.420,41.50173,0.03497,0.0000,0.0000,0.6515,0.0000,0.3497,0.4570,0.2111,CRITICAL,True,10,0,,,,,,
1771435998.153,0.1,,,,,,,,,,,,,,,0.2111,SAFE,,10,,t3030_0,0.60,HIGH,LOCAL,SAFE: all tasks permitted (weight=0.60),
1771435998.153,0.1,63.83,4.6962,1.369,54.9,6,-39203.191,14.70152,0.03105,0.0000,0.0000,0.6990,0.0000,0.3105,0.4745,0.2168,CRITICAL,True,10,0,,,,,,
1771435998.153,0.1,64.54,4.7107,1.318,51.3,6,2821.767,49.22200,0.03036,0.0000,0.0000,0.6331,0.0000,0.3036,0.4491,0.2025,CRITICAL,True,10,0,,,,,,
1771435998.153,0.1,,,,,,,,,,,,,,,0.2025,SAFE,,10,,t3032_0,0.55,LOW,LOCAL,SAFE: all tasks permitted (weight=0.55),
1771435998.153,0.1,64.33,4.6868,1.348,53.5,6,5420.990,65.18929,0.02658,0.0000,0.0000,0.7419,0.0000,0.2658,0.4642,0.2159,CRITICAL,True,10,0,,,,,,
1771435998.153,0.1,,,,,,,,,,,,,,,0.2159,SAFE,,10,,t3033_0,0.54,NORMAL,LOCAL,SAFE: all tasks permitted (weight=0.54),
1771435998.153,0.1,63.93,4.6890,1.374,55.3,6,-67614.338,-4.21896,0.02601,0.0000,0.0000,0.7316,0.0000,0.2601,0.4772,0.2166,CRITICAL,True,10,0,,,,,,
1771435998.153,0.1,,,,,,,,,,,,,,,0.2166,SAFE,,10,,t3034_0,0.52,LOW,LOCAL,SAFE: all tasks permitted (weight=0.52),
1771435998.153,0.1,64.45,4.6702,1.396,56.8,6,,,0.02635,0.0000,0.0000,0.8173,0.0000,0.2635,0.4879,0.2302,CRITICAL,True,10,0,,,,,,
1771435998.153,0.1,63.86,4.6889,1.343,53.1,6,,,0.02540,0.0000,0.0000,0.7320,0.0000,0.2540,0.4615,0.2129,CRITICAL,True,10,0,,,,,,
1771435998.153,0.1,63.60,4.7225,1.294,49.6,5,,,0.01794,0.0000,0.0000,0.5796,0.0000,0.1794,0.4220,0.1777,CRITICAL,True,10,0,,,,,,
1771435998.153,0.1,63.90,4.7054,1.248,46.3,5,,,0.01813,0.0000,0.0000,0.6572,0.0000,0.1813,0.3992,0.1834,CRITICAL,True,10,0,,,,,,
1771435998.153,0.1,,,,,,,,,,,,,,,0.1834,SAFE,,10,,t3038_0,0.67,NORMAL,LOCAL,SAFE: all tasks permitted (weight=0.67),
1771435998.153,0.1,63.50,4.7543,1.300,50.0,5,,,0.02042,0.0000,0.0000,0.4349,0.0000,0.2042,0.4248,0.1619,CRITICAL,True,10,0,,,,,,
1771435998.153,0.1,,,,,,,,,,,,,,,0.1619,SAFE,,10,,t3039_0,0.42,LOW,LOCAL,SAFE: all tasks permitted (weight=0.42),
1771435998.153,0.1,63.66,4.6947,1.312,50.9,5,,,0.02045,0.0000,0.0000,0.7060,0.0000,0.2045,0.4310,0.1984,CRITICAL,True,10,0,,,,,,
1771435998.153,0.1,63.44,4.7383,1.265,47.5,5,,,0.02259,0.0000,0.0000,0.5077,0.0000,0.2259,0.4075,0.1701,CRITICAL,True,10,0,,,,,,
1771435998.153,0.1,,,,,,,,,,,,,,,0.1701,SAFE,,10,,t3041_0,0.40,LOW,LOCAL,SAFE: all tasks permitted (weight=0.40),
1771435998.153,0.1,62.72,4.7224,1.278,48.4,5,,,0.02308,0.0000,0.0000,0.5799,0.0000,0.2308,0.4140,0.1813,CRITICAL,True,10,0,,,,,,
1771435998.153,0.1,,,,,,,,,,,,,,,0.1813,SAFE,,10,,t3042_0,0.20,NORMAL,LOCAL,SAFE: all tasks permitted (weight=0.20),
1771435998.153,0.1,62.95,4.7013,1.262,47.3,5,,,0.02293,0.0000,0.0000,0.6760,0.0000,0.2293,0.4058,0.1920,CRITICAL,True,10,0,,,,,,
1771435998.153,0.1,,,,,,,,,,,,,,,0.1920,SAFE,,10,,t3043_0,0.81,NORMAL,LOCAL,SAFE: all tasks permitted (weight=0.81),
1771435998.153,0.1,62.95,4.7027,1.332,52.3,6,,,0.02293,0.0000,0.0000,0.6695,0.0000,0.2293,0.4558,0.2011,CRITICAL,True,10,0,,,,,,window_reset|B=10
1771435998.153,0.1,,,,,,,,,,,,,,,0.2011,SAFE,,10,,t3044_0,0.32,LOW,LOCAL,SAFE: all tasks permitted (weight=0.32),
1771435998.153,0.1,,,,,,,,,,,,,,,0.2011,SAFE,,10,,t3044_1,0.84,NORMAL,LOCAL,SAFE: all tasks permitted (weight=0.84),
1771435998.153,0.1,62.95,4.6608,1.446,60.4,7,,,0.02573,0.0000,0.0000,0.8598,0.0000,0.2573,0.5280,0.2431,CRITICAL,True,10,0,,,,,,
1771435998.153,0.1,62.86,4.6678,1.390,56.4,6,,,0.02739,0.0000,0.0000,0.8280,0.0000,0.2739,0.4849,0.2320,CRITICAL,True,10,0,,,,,,
1771435998.153,0.1,,,,,,,,,,,,,,,0.2320,SAFE,,10,,t3046_0,0.79,HIGH,LOCAL,SAFE: all tasks permitted (weight=0.79),
1771435998.153,0.1,63.58,4.6495,1.448,60.6,7,,,0.02990,0.0000,0.0000,0.9115,0.0000,0.2990,0.5292,0.2542,CRITICAL,True,10,0,,,,,,
1771435998.153,0.1,,,,,,,,,,,,,,,0.2542,SAFE,,10,,t3047_0,0.27,LOW,LOCAL,SAFE: all tasks permitted (weight=0.27),
1771435998.153,0.1,63.10,4.6840,1.430,59.3,7,,,0.03010,0.0000,0.0000,0.7545,0.0000,0.3010,0.5201,0.2322,CRITICAL,True,10,0,,,,,,
1771435998.153,0.1,,,,,,,,,,,,,,,0.2322,SAFE,,10,,t3048_0,0.70,CRITICAL,LOCAL,SAFE: all tasks permitted (weight=0.70),
1771435998.153,0.1,63.62,4.7010,1.472,62.3,7,,,0.02935,0.0000,0.0000,0.6772,0.0000,0.2935,0.5412,0.2256,CRITICAL,True,10,0,,,,,,
1771435998.153,0.1,,,,,,,,,,,,,,,0.2256,SAFE,,10,,t3049_0,0.32,CRITICAL,LOCAL,SAFE: all tasks permitted (weight=0.32),
1771435998.153,0.1,63.63,4.6580,1.459,61.4,7,,,0.03129,0.0000,0.0000,0.8727,0.0000,0.3129,0.5345,0.2516,CRITICAL,True,10,0,,,,,,
1771435998.153,0.1,63.67,4.6797,1.402,57.3,6,,,0.02571,0.0000,0.0000,0.7740,0.0000,0.2571,0.4909,0.2245,CRITICAL,True,10,0,,,,,,
1771435998.153,0.1,,,,,,,,,,,,,,,0.2245,SAFE,,10,,t3051_0,0.52,HIGH,LOCAL,SAFE: all tasks permitted (weight=0.52),
1771435998.153,0.1,63.60,4.6933,1.422,58.7,6,,,0.02569,0.0000,0.0000,0.7121,0.0000,0.2569,0.5011,0.2185,CRITICAL,True,10,0,,,,,,
1771435998.153,0.1,,,,,,,,,,,,,,,0.2185,SAFE,,10,,t3052_0,0.43,HIGH,LOCAL,SAFE: all tasks permitted (weight=0.43),
1771435998.153,0.1,63.58,4.6823,1.428,59.2,7,,,0.02079,0.0000,0.0000,0.7622,0.0000,0.2079,0.5191,0.2237,CRITICAL,True,10,0,,,,,,
1771435998.153,0.1,,,,,,,,,,,,,,,0.2237,SAFE,,10,,t3053_0,0.58,CRITICAL,LOCAL,SAFE: all tasks permitted (weight=0.58),
1771435998.153,0.1,63.14,4.6798,1.454,61.0,7,,,0.01718,0.0000,0.0000,0.7735,0.0000,0.1718,0.5322,0.2242,CRITICAL,True,10,0,,,,,,
1771435998.153,0.1,,,,,,,,,,,,,,,0.2242,SAFE,,10,,t3054_0,0.38,NORMAL,LOCAL,SAFE: all tasks permitted (weight=0.38),
1771435998.153,0.1,63.33,4.6817,1.451,60.8,7,,,0.01597,0.0000,0.0000,0.7651,0.0000,0.1597,0.5307,0.2216,CRITICAL,True,10,0,,,,,,
1771435998.153,0.1,,,,,,,,,,,,,,,0.2216,SAFE,,10,,t3055_0,0.82,CRITICAL,LOCAL,SAFE: all tasks permitted (weight=0.82),
1771435998.153,0.1,64.03,4.6415,1.510,65.0,7,,,0.01712,0.0000,0.0000,0.9478,0.0000,0.1712,0.5598,0.2523,CRITICAL,True,10,0,,,,,,
1771435998.153,0.1,,,,,,,,,,,,,,,0.2523,SAFE,,10,,t3056_0,0.32,NORMAL,LOCAL,SAFE: all tasks permitted (weight=0.32),
1771435998.154,0.1,63.77,4.6471,1.494,63.9,7,8915.840,-53.99790,0.01833,0.0000,0.0000,0.9223,0.0000,0.1833,0.5521,0.2487,CRITICAL,True,10,0,,,,,,
1771435998.154,0.1,,,,,,,,,,,,,,,0.2487,SAFE,,10,,t3057_0,0.45,CRITICAL,LOCAL,SAFE: all tasks permitted (weight=0.45),
1771435998.154,0.1,63.24,4.6500,1.497,64.1,7,-23459.641,-7.99710,0.01932,0.0000,0.0000,0.9090,0.0000,0.1932,0.5537,0.2482,CRITICAL,True,10,0,,,,,,
1771435998.154,0.1,,,,,,,,,,,,,,,0.2482,SAFE,,10,,t3058_0,0.39,NORMAL,LOCAL,SAFE: all tasks permitted (weight=0.39),
1771435998.154,0.1,63.74,4.6285,1.492,63.7,7,4241.234,-51.25331,0.02192,0.0000,0.0000,1.0000,0.0000,0.2192,0.5510,0.2621,CRITICAL,True,10,0,,,,,,window_reset|B=10|FAILURE:BROWNOUT(V=4.629V)
1771435998.154,0.1,63.73,4.6953,1.433,59.5,7,7995.507,1.96607,0.02278,0.0000,0.0000,0.7032,0.0000,0.2278,0.5213,0.2185,CRITICAL,True,10,0,,,,,,
1771435998.154,0.1,,,,,,,,,,,,,,,0.2185,SAFE,,10,,t3060_0,0.46,NORMAL,LOCAL,SAFE: all tasks permitted (weight=0.46),
1771435998.154,0.1,64.01,4.6553,1.442,60.1,7,25641.252,-27.04196,0.02100,0.0000,0.0000,0.8849,0.0000,0.2100,0.5259,0.2412,CRITICAL,True,10,0,,,,,,
1771435998.154,0.1,,,,,,,,,,,,,,,0.2412,SAFE,,10,,t3061_0,0.37,NORMAL,LOCAL,SAFE: all tasks permitted (weight=0.37),
1771435998.154,0.1,63.85,4.6754,1.438,59.9,7,42784.355,-4.42781,0.02099,0.0000,0.0000,0.7936,0.0000,0.2099,0.5240,0.2290,CRITICAL,True,10,0,,,,,,
1771435998.154,0.1,,,,,,,,,,,,,,,0.2290,SAFE,,10,,t3062_0,0.51,LOW,LOCAL,SAFE: all tasks permitted (weight=0.51),
1771435998.154,0.1,63.78,4.6573,1.454,61.0,7,27150.751,-24.41440,0.02082,0.0000,0.0000,0.8760,0.0000,0.2082,0.5319,0.2411,CRITICAL,True,10,0,,,,,,
1771435998.154,0.1,,,,,,,,,,,,,,,0.2411,SAFE,,10,,t3063_0,0.66,NORMAL,LOCAL,SAFE: all tasks permitted (weight=0.66),
1771435998.154,0.1,64.02,4.6266,1.489,63.5,7,-594.565,-14.86193,0.02157,0.0000,0.0000,1.0000,0.0000,0.2157,0.5497,0.2615,CRITICAL,True,10,0,,,,,,FAILURE:BROWNOUT(V=4.627V)
1771435998.154,0.1,63.66,4.6299,1.430,59.3,7,,,0.02193,0.0000,0.0000,1.0000,0.0000,0.2193,0.5201,0.2559,CRITICAL,True,10,0,,,,,,
1771435998.154,0.1,,,,,,,,,,,,,,,0.2559,SAFE,,10,,t3065_0,0.47,LOW,LOCAL,SAFE: all tasks permitted (weight=0.47),
1771435998.154,0.1,64.73,4.6656,1.441,60.1,7,,,0.02095,0.0000,0.0000,0.8383,0.0000,0.2095,0.5256,0.2351,CRITICAL,True,10,0,,,,,,
1771435998.154,0.1,,,,,,,,,,,,,,,0.2351,SAFE,,10,,t3066_0,0.28,HIGH,LOCAL,SAFE: all tasks permitted (weight=0.28),
1771435998.154,0.1,63.95,4.6440,1.424,58.9,6,,,0.01942,0.0000,0.0000,0.9364,0.0000,0.1942,0.5020,0.2416,CRITICAL,True,10,0,,,,,,
1771435998.154,0.1,,,,,,,,,,,,,,,0.2416,SAFE,,10,,t3067_0,0.37,CRITICAL,LOCAL,SAFE: all tasks permitted (weight=0.37),
1771435998.154,0.1,63.70,4.6742,1.421,58.6,6,,,0.02012,0.0000,0.0000,0.7991,0.0000,0.2012,0.5004,0.2241,CRITICAL,True,10,0,,,,,,
1771435998.154,0.1,,,,,,,,,,,,,,,0.2241,SAFE,,10,,t3068_0,0.47,NORMAL,LOCAL,SAFE: all tasks permitted (weight=0.47),
1771435998.154,0.1,64.48,4.6868,1.432,59.5,7,,,0.02188,0.0000,0.0000,0.7420,0.0000,0.2188,0.5212,0.2226,CRITICAL,True,10,0,,,,,,
1771435998.154,0.1,,,,,,,,,,,,,,,0.2226,SAFE,,10,,t3069_0,0.30,HIGH,LOCAL,SAFE: all tasks permitted (weight=0.30),
1771435998.154,0.1,64.46,4.6789,1.419,58.5,6,,,0.02251,0.0000,0.0000,0.7776,0.0000,0.2251,0.4993,0.2235,CRITICAL,True,10,0,,,,,,
1771435998.154,0.1,64.21,4.7172,1.364,54.6,6,,,0.02540,0.0000,0.0000,0.6035,0.0000,0.2540,0.4722,0.1983,CRITICAL,True,10,0,,,,,,
1771435998.154,0.1,64.16,4.7313,1.314,51.0,5,,,0.03022,0.0000,0.0000,0.5395,0.0000,0.3022,0.4319,0.1867,CRITICAL,True,10,0,,,,,,
1771435998.154,0.1,64.54,4.7099,1.267,47.6,5,,,0.03170,0.0000,0.0000,0.6369,0.0000,0.3170,0.4084,0.1962,CRITICAL,True,10,0,,,,,,
1771435998.154,0.1,,,,,,,,,,,,,,,0.1962,SAFE,,10,,t3073_0,0.68,HIGH,LOCAL,SAFE: all tasks permitted (weight=0.68),
1771435998.154,0.1,63.99,4.6710,1.318,51.3,6,,,0.03172,0.0000,0.0000,0.8137,0.0000,0.3172,0.4491,0.2273,CRITICAL,True,10,0,,,,,,window_reset|B=10
1771435998.154,0.1,,,,,,,,,,,,,,,0.2273,SAFE,,10,,t3074_0,0.24,HIGH,LOCAL,SAFE: all tasks permitted (weight=0.24),
1771435998.154,0.1,63.97,4.7092,1.304,50.3,5,,,0.03262,0.0000,0.0000,0.6402,0.0000,0.3262,0.4271,0.2013,CRITICAL,True,10,0,,,,,,
1771435998.154,0.1,,,,,,,,,,,,,,,0.2013,SAFE,,10,,t3075_0,0.30,LOW,LOCAL,SAFE: all tasks permitted (weight=0.30),
1771435998.154,0.1,63.44,4.7575,1.300,50.0,5,,,0.03516,0.0000,0.0000,0.4205,0.0000,0.3516,0.4248,0.1748,CRITICAL,True,10,0,,,,,,
1771435998.154,0.1,,,,,,,,,,,,,,,0.1748,SAFE,,10,,t3076_0,0.32,NORMAL,LOCAL,SAFE: all tasks permitted (weight=0.32),
1771435998.154,0.1,,,,,,,,,,,,,,,0.1748,SAFE,,10,,t3076_1,0.57,HIGH,LOCAL,SAFE: all tasks permitted (weight=0.57),
1771435998.154,0.1,63.83,4.6495,1.380,55.7,6,,,0.03272,0.0000,0.0000,0.9114,0.0000,0.3272,0.4802,0.2472,CRITICAL,True,10,0,,,,,,
1771435998.154,0.1,,,,,,,,,,,,,,,0.2472,SAFE,,10,,t3077_0,0.48,HIGH,LOCAL,SAFE: all tasks permitted (weight=0.48),
1771435998.154,0.1,63.58,4.7346,1.396,56.9,6,,,0.03375,0.0000,0.0000,0.5246,0.0000,0.3375,0.4880,0.1996,CRITICAL,True,10,0,,,,,,
1771435998.154,0.1,,,,,,,,,,,,,,,0.1996,SAFE,,10,,t3078_0,0.44,NORMAL,LOCAL,SAFE: all tasks permitted (weight=0.44),
1771435998.154,0.1,,,,,,,,,,,,,,,0.1996,SAFE,,10,,t3078_1,0.61,NORMAL,LOCAL,SAFE: all tasks permitted (weight=0.61),
1771435998.154,0.1,63.82,4.6555,1.492,63.7,7,,,0.03236,0.0000,0.0000,0.8839,0.0000,0.3236,0.5508,0.2574,CRITICAL,True,10,0,,,,,,
1771435998.154,0.1,,,,,,,,,,,,,,,0.2574,SAFE,,10,,t3079_0,0.22,LOW,LOCAL,SAFE: all tasks permitted (weight=0.22),
1771435998.154,0.1,,,,,,,,,,,,,,,0.2574,SAFE,,10,,t3079_1,0.26,HIGH,LOCAL,SAFE: all tasks permitted (weight=0.26),
1771435998.154,0.1,63.98,4.6048,1.499,64.2,7,,,0.04110,0.0000,0.0000,1.0000,0.0000,0.4110,0.5546,0.2820,CRITICAL,True,10,0,,,,,,FAILURE:BROWNOUT(V=4.605V)
1771435998.154,0.1,,,,,,,,,,,,,,,0.2820,SAFE,,10,,t3080_0,0.50,LOW,LOCAL,SAFE: all tasks permitted (weight=0.50),
1771435998.154,0.1,63.48,4.7051,1.510,65.0,7,,,0.04122,0.0000,0.0000,0.6586,0.0000,0.4122,0.5602,0.2389,CRITICAL,True,10,0,,,,,,
1771435998.154,0.1,63.95,4.7360,1.450,60.7,7,,,0.04251,0.0000,0.0000,0.5180,0.0000,0.4251,0.5298,0.2158,CRITICAL,True,10,0,,,,,,
1771435998.154,0.1,,,,,,,,,,,,,,,0.2158,SAFE,,10,,t3082_0,0.34,CRITICAL,LOCAL,SAFE: all tasks permitted (weight=0.34),
1771435998.154,0.1,63.59,4.6307,1.440,60.0,7,,,0.04591,0.0000,0.0000,0.9966,0.0000,0.4591,0.5252,0.2805,CRITICAL,True,10,0,,,,,,
1771435998.154,0.1,,,,,,,,,,,,,,,0.2805,SAFE,,10,,t3083_0,0.62,HIGH,LOCAL,SAFE: all tasks permitted (weight=0.62),
1771435998.154,0.1,63.87,4.6511,1.473,62.3,7,,,0.04543,0.0000,0.0000,0.9040,0.0000,0.4543,0.5414,0.2712,CRITICAL,True,10,0,,,,,,
1771435998.155,0.1,,,,,,,,,,,,,,,0.2712,SAFE,,10,,t3084_0,0.37,CRITICAL,LOCAL,SAFE: all tasks permitted (weight=0.37),
1771435998.155,0.1,64.25,4.6574,1.467,61.9,7,25012.352,7.86355,0.04531,0.0000,0.0000,0.8756,0.0000,0.4531,0.5386,0.2669,CRITICAL,True,10,0,,,,,,
1771435998.155,0.1,63.74,4.6738,1.409,57.8,6,9615.689,-60.72129,0.04527,0.0000,0.0000,0.8007,0.0000,0.4527,0.4947,0.2483,CRITICAL,True,10,0,,,,,,
1771435998.155,0.1,,,,,,,,,,,,,,,0.2483,SAFE,,10,,t3086_0,0.42,NORMAL,LOCAL,SAFE: all tasks permitted (weight=0.42),
1771435998.155,0.1,64.18,4.6466,1.416,58.3,6,21462.030,-8.98251,0.04527,0.0000,0.0000,0.9247,0.0000,0.4527,0.4979,0.2651,CRITICAL,True,10,0,,,,,,
1771435998.155,0.1,,,,,,,,,,,,,,,0.2651,SAFE,,10,,t3087_0,0.36,LOW,LOCAL,SAFE: all tasks permitted (weight=0.36),
1771435998.155,0.1,64.19,4.6278,1.413,58.1,6,12590.631,22.95730,0.03945,0.0000,0.0000,1.0000,0.0000,0.3945,0.4964,0.2687,CRITICAL,True,10,0,,,,,,FAILURE:BROWNOUT(V=4.628V)
1771435998.155,0.1,,,,,,,,,,,,,,,0.2687,SAFE,,10,,t3088_0,0.28,NORMAL,LOCAL,SAFE: all tasks permitted (weight=0.28),
1771435998.155,0.1,64.02,4.7114,1.399,57.0,6,32733.553,6.28471,0.04117,0.0000,0.0000,0.6300,0.0000,0.4117,0.4893,0.2209,CRITICAL,True,10,0,,,,,,window_reset|B=10
1771435998.155,0.1,,,,,,,,,,,,,,,0.2209,SAFE,,10,,t3089_0,0.25,LOW,LOCAL,SAFE: all tasks permitted (weight=0.25),
1771435998.155,0.1,64.05,4.6969,1.380,55.7,6,6024.058,-39.10927,0.03735,0.0000,0.0000,0.6958,0.0000,0.3735,0.4802,0.2238,CRITICAL,True,10,0,,,,,,
1771435998.155,0.1,,,,,,,,,,,,,,,0.2238,SAFE,,10,,t3090_0,0.74,LOW,LOCAL,SAFE: all tasks permitted (weight=0.74),
1771435998.155,0.1,,,,,,,,,,,,,,,0.2238,SAFE,,10,,t3090_1,0.80,HIGH,LOCAL,SAFE: all tasks permitted (weight=0.80),
1771435998.155,0.1,63.88,4.6106,1.545,67.5,8,16951.511,-20.15363,0.04039,0.0000,0.0000,1.0000,0.0000,0.4039,0.5927,0.2889,CRITICAL,True,10,0,,,,,,FAILURE:BROWNOUT(V=4.611V)
1771435998.155,0.1,,,,,,,,,,,,,,,0.2889,SAFE,,10,,t3091_0,0.43,NORMAL,LOCAL,SAFE: all tasks permitted (weight=0.43),
1771435998.155,0.1,64.11,4.5764,1.543,67.4,8,14623.554,-74.69968,0.04435,0.0000,0.0000,1.0000,0.0000,0.4435,0.5917,0.2927,CRITICAL,True,10,0,,,,,,
1771435998.155,0.1,,,,,,,,,,,,,,,0.2927,SAFE,,10,,t3092_0,0.50,CRITICAL,LOCAL,SAFE: all tasks permitted (weight=0.50),
1771435998.155,0.1,,,,,,,,,,,,,,,0.2927,SAFE,,10,,t3092_1,0.21,LOW,LOCAL,SAFE: all tasks permitted (weight=0.21),
1771435998.155,0.1,64.10,4.6565,1.580,70.0,8,,,0.04224,0.0000,0.0000,0.8795,0.0000,0.4224,0.6099,0.2785,CRITICAL,True,10,0,,,,,,
1771435998.155,0.1,,,,,,,,,,,,,,,0.2785,SAFE,,10,,t3093_0,0.60,NORMAL,LOCAL,SAFE: all tasks permitted (weight=0.60),
1771435998.155,0.1,64.24,4.6324,1.599,71.4,8,,,0.03503,0.0000,0.0000,0.9889,0.0000,0.3503,0.6197,0.2875,CRITICAL,True,10,0,,,,,,
1771435998.155,0.1,64.80,4.6987,1.532,66.6,7,,,0.03726,0.0000,0.0000,0.6877,0.0000,0.3726,0.5712,0.2409,CRITICAL,True,10,0,,,,,,
1771435998.155,0.1,,,,,,,,,,,,,,,0.2409,SAFE,,10,,t3095_0,0.78,LOW,LOCAL,SAFE: all tasks permitted (weight=0.78),
1771435998.155,0.1,64.70,4.6223,1.581,70.1,8,,,0.03824,0.0000,0.0000,1.0000,0.0000,0.3824,0.6106,0.2904,CRITICAL,True,10,0,,,,,,FAILURE:BROWNOUT(V=4.622V)
1771435998.155,0.1,,,,,,,,,,,,,,,0.2904,SAFE,,10,,t3096_0,0.42,LOW,LOCAL,SAFE: all tasks permitted (weight=0.42),
1771435998.155,0.1,65.18,4.5802,1.575,69.7,8,116414.344,-220.05443,0.04283,0.0120,0.0000,1.0000,0.0000,0.4283,0.6077,0.2958,CRITICAL,True,10,0,,,,,,
1771435998.155,0.1,,,,,,,,,,,,,,,0.2958,SAFE,,10,,t3097_0,0.22,LOW,LOCAL,SAFE: all tasks permitted (weight=0.22),
1771435998.155,0.1,65.06,4.7002,1.542,67.3,8,101800.147,5.55620,0.04491,0.0041,0.0000,0.6807,0.0000,0.4491,0.5908,0.2521,CRITICAL,True,10,0,,,,,,
1771435998.155,0.1,,,,,,,,,,,,,,,0.2521,SAFE,,10,,t3098_0,0.28,LOW,LOCAL,SAFE: all tasks permitted (weight=0.28),
1771435998.155,0.1,65.00,4.6180,1.519,65.6,7,112575.715,12.41286,0.04560,0.0000,0.0000,1.0000,0.0000,0.4560,0.5644,0.2885,CRITICAL,True,10,0,,,,,,FAILURE:BROWNOUT(V=4.618V)
1771435998.155,0.1,,,,,,,,,,,,,,,0.2885,SAFE,,10,,t3099_0,0.60,HIGH,LOCAL,SAFE: all tasks permitted (weight=0.60),
1771435998.155,0.1,64.96,4.6465,1.542,67.3,8,85408.833,117.52630,0.04533,0.0000,0.0000,0.9250,0.0000,0.4533,0.5910,0.2838,CRITICAL,True,10,0,,,,,,
1771435998.155,0.1,,,,,,,,,,,,,,,0.2838,SAFE,,10,,t3100_0,0.81,CRITICAL,LOCAL,SAFE: all tasks permitted (weight=0.81),
1771435998.155,0.1,65.38,4.6816,1.593,71.0,8,128856.127,42.13323,0.04240,0.0251,0.0000,0.7653,0.0000,0.4240,0.6167,0.2682,CRITICAL,True,10,0,,,,,,
1771435998.155,0.1,,,,,,,,,,,,,,,0.2682,SAFE,,10,,t3101_0,0.41,LOW,LOCAL,SAFE: all tasks permitted (weight=0.41),
1771435998.155,0.1,65.36,4.6265,1.585,70.4,8,112662.319,-9.91159,0.03934,0.0241,0.0000,1.0000,0.0000,0.3934,0.6125,0.2947,CRITICAL,True,10,0,,,,,,FAILURE:BROWNOUT(V=4.627V)
1771435998.155,0.1,65.44,4.6641,1.519,65.6,7,64605.962,-58.12648,0.03907,0.0294,0.0000,0.8452,0.0000,0.3907,0.5645,0.2654,CRITICAL,True,10,0,,,,,,
1771435998.155,0.1,,,,,,,,,,,,,,,0.2654,SAFE,,10,,t3103_0,0.71,HIGH,LOCAL,SAFE: all tasks permitted (weight=0.71),
1771435998.155,0.1,66.50,4.6644,1.559,68.5,8,181063.251,70.62622,0.03401,0.0997,0.0000,0.8435,0.0000,0.3401,0.5994,0.2755,CRITICAL,True,10,0,,,,,,window_reset|B=10
1771435998.155,0.1,,,,,,,,,,,,,,,0.2755,SAFE,,10,,t3104_0,0.55,LOW,LOCAL,SAFE: all tasks permitted (weight=0.55),
1771435998.155,0.1,65.82,4.6038,1.572,69.4,8,,,0.03613,0.0548,0.0000,1.0000,0.0000,0.3613,0.6061,0.2939,CRITICAL,True,10,0,,,,,,FAILURE:BROWNOUT(V=4.604V)
1771435998.155,0.1,,,,,,,,,,,,,,,0.2939,SAFE,,10,,t3105_0,0.80,HIGH,LOCAL,SAFE: all tasks permitted (weight=0.80),
1771435998.155,0.1,66.56,4.5849,1.621,72.9,8,,,0.03971,0.1038,0.0000,1.0000,0.0000,0.3971,0.6304,0.3082,CRITICAL,True,10,0,,,,,,
1771435998.155,0.1,66.37,4.6345,1.552,68.0,8,,,0.03569,0.0917,0.0000,0.9794,0.0000,0.3569,0.5961,0.2932,CRITICAL,True,10,0,,,,,,
1771435998.155,0.1,,,,,,,,,,,,,,,0.2932,SAFE,,10,,t3107_0,0.83,NORMAL,LOCAL,SAFE: all tasks permitted (weight=0.83),
1771435998.155,0.1,66.27,4.6137,1.607,71.9,8,,,0.03603,0.0847,0.0000,1.0000,0.0000,0.3603,0.6234,0.3009,CRITICAL,True,10,0,,,,,,FAILURE:BROWNOUT(V=4.614V)
1771435998.155,0.1,66.74,4.6365,1.539,67.1,8,,,0.03205,0.1161,0.0000,0.9704,0.0000,0.3205,0.5896,0.2901,CRITICAL,True,10,0,,,,,,
1771435998.155,0.1,66.23,4.6522,1.476,62.6,7,,,0.02678,0.0817,0.0000,0.8991,0.0000,0.2678,0.5432,0.2621,CRITICAL,True,10,0,,,,,,
1771435998.156,0.1,,,,,,,,,,,,,,,0.2621,SAFE,,10,,t3110_0,0.60,NORMAL,LOCAL,SAFE: all tasks permitted (weight=0.60),
1771435998.156,0.1,66.60,4.6412,1.503,64.5,7,136853.691,-45.12226,0.02628,0.1064,0.0000,0.9490,0.0000,0.2628,0.5566,0.2737,CRITICAL,True,10,0,,,,,,
1771435998.156,0.1,,,,,,,,,,,,,,,0.2737,SAFE,,10,,t3111_0,0.42,NORMAL,LOCAL,SAFE: all tasks permitted (weight=0.42),
1771435998.156,0.1,66.80,4.6535,1.503,64.5,7,36070.387,-21.49243,0.02655,0.1200,0.0000,0.8930,0.0000,0.2655,0.5566,0.2684,CRITICAL,True,10,0,,,,,,
1771435998.156,0.1,,,,,,,,,,,,,,,0.2684,SAFE,,10,,t3112_0,0.50,HIGH,LOCAL,SAFE: all tasks permitted (weight=0.50),
1771435998.156,0.1,66.58,4.6359,1.514,65.3,7,89836.004,63.54262,0.02308,0.1054,0.0000,0.9730,0.0000,0.2308,0.5621,0.2746,CRITICAL,True,10,0,,,,,,
1771435998.156,0.1,,,,,,,,,,,,,,,0.2746,SAFE,,10,,t3113_0,0.68,LOW,LOCAL,SAFE: all tasks permitted (weight=0.68),
1771435998.156,0.1,66.45,4.6525,1.549,67.8,8,-12144.963,133.58783,0.02347,0.0970,0.0000,0.8976,0.0000,0.2347,0.5946,0.2707,CRITICAL,True,10,0,,,,,,
1771435998.156,0.1,66.78,4.6465,1.486,63.3,7,47562.092,23.59859,0.02222,0.1184,0.0000,0.9251,0.0000,0.2222,0.5479,0.2663,CRITICAL,True,10,0,,,,,,
1771435998.156,0.1,66.76,4.6646,1.427,59.0,7,58109.546,100.55353,0.02224,0.1174,0.0000,0.8425,0.0000,0.2224,0.5183,0.2495,CRITICAL,True,10,0,,,,,,
1771435998.156,0.1,66.24,4.7274,1.372,55.1,6,-59350.851,179.59152,0.03192,0.0827,0.0000,0.5572,0.0000,0.3192,0.4759,0.2095,CRITICAL,True,10,0,,,,,,
1771435998.156,0.1,,,,,,,,,,,,,,,0.2095,SAFE,,10,,t3117_0,0.38,NORMAL,LOCAL,SAFE: all tasks permitted (weight=0.38),
1771435998.156,0.1,65.96,4.6865,1.374,55.3,6,-31068.523,67.75208,0.02801,0.0642,0.0000,0.7432,0.0000,0.2801,0.4771,0.2278,CRITICAL,True,10,0,,,,,,
1771435998.156,0.1,66.31,4.7351,1.323,51.6,6,,,0.03514,0.0876,0.0000,0.5221,0.0000,0.3514,0.4515,0.2038,CRITICAL,True,10,0,,,,,,window_reset|B=10
1771435998.156,0.1,,,,,,,,,,,,,,,0.2038,SAFE,,10,,t3119_0,0.37,CRITICAL,LOCAL,SAFE: all tasks permitted (weight=0.37),
1771435998.156,0.1,65.89,4.7257,1.328,52.0,6,,,0.03591,0.0594,0.0000,0.5651,0.0000,0.3591,0.4541,0.2073,CRITICAL,True,10,0,,,,,,
1771435998.156,0.1,,,,,,,,,,,,,,,0.2073,SAFE,,10,,t3120_0,0.46,NORMAL,LOCAL,SAFE: all tasks permitted (weight=0.46),
1771435998.156,0.1,65.85,4.6761,1.345,53.2,6,,,0.03433,0.0564,0.0000,0.7905,0.0000,0.3433,0.4626,0.2364,CRITICAL,True,10,0,,,,,,
1771435998.156,0.1,65.97,4.7028,1.296,49.7,5,,,0.03440,0.0648,0.0000,0.6691,0.0000,0.3440,0.4230,0.2138,CRITICAL,True,10,0,,,,,,
1771435998.156,0.1,64.98,4.7419,1.250,46.4,5,,,0.03639,0.0000,0.0000,0.4913,0.0000,0.3639,0.4001,0.1803,CRITICAL,True,10,0,,,,,,
1771435998.156,0.1,,,,,,,,,,,,,,,0.1803,SAFE,,10,,t3123_0,0.62,NORMAL,LOCAL,SAFE: all tasks permitted (weight=0.62),
1771435998.156,0.1,64.96,4.6896,1.295,49.7,5,,,0.03493,0.0000,0.0000,0.7293,0.0000,0.3493,0.4227,0.2143,CRITICAL,True,10,0,,,,,,
1771435998.156,0.1,,,,,,,,,,,,,,,0.2143,SAFE,,10,,t3124_0,0.71,LOW,LOCAL,SAFE: all tasks permitted (weight=0.71),
1771435998.156,0.1,64.88,4.6848,1.351,53.7,6,,,0.03097,0.0000,0.0000,0.7508,0.0000,0.3097,0.4657,0.2217,CRITICAL,True,10,0,,,,,,
1771435998.156,0.1,,,,,,,,,,,,,,,0.2217,SAFE,,10,,t3125_0,0.64,LOW,LOCAL,SAFE: all tasks permitted (weight=0.64),
1771435998.156,0.1,65.26,4.6880,1.393,56.7,6,,,0.02841,0.0173,0.0000,0.7362,0.0000,0.2841,0.4866,0.2235,CRITICAL,True,10,0,,,,,,
1771435998.156,0.1,64.59,4.6953,1.341,52.9,6,,,0.02397,0.0000,0.0000,0.7031,0.0000,0.2397,0.4603,0.2074,CRITICAL,True,10,0,,,,,,
1771435998.156,0.1,65.03,4.6823,1.292,49.4,5,,,0.02213,0.0017,0.0000,0.7624,0.0000,0.2213,0.4209,0.2056,CRITICAL,True,10,0,,,,,,
1771435998.156,0.1,64.58,4.7298,1.246,46.2,5,,,0.02236,0.0000,0.0000,0.5465,0.0000,0.2236,0.3982,0.1730,CRITICAL,True,10,0,,,,,,
1771435998.156,0.1,,,,,,,,,,,,,,,0.1730,SAFE,,10,,t3129_0,0.78,NORMAL,LOCAL,SAFE: all tasks permitted (weight=0.78),
1771435998.156,0.1,64.27,4.7439,1.315,51.0,6,,,0.02433,0.0000,0.0000,0.4824,0.0000,0.2433,0.4473,0.1765,CRITICAL,True,10,0,,,,,,
1771435998.156,0.1,,,,,,,,,,,,,,,0.1765,SAFE,,10,,t3130_0,0.84,CRITICAL,LOCAL,SAFE: all tasks permitted (weight=0.84),
1771435998.156,0.1,64.85,4.7012,1.387,56.2,6,,,0.02294,0.0000,0.0000,0.6763,0.0000,0.2294,0.4834,0.2075,CRITICAL,True,10,0,,,,,,
1771435998.156,0.1,,,,,,,,,,,,,,,0.2075,SAFE,,10,,t3131_0,0.33,NORMAL,LOCAL,SAFE: all tasks permitted (weight=0.33),
1771435998.156,0.1,,,,,,,,,,,,,,,0.2075,SAFE,,10,,t3131_1,0.70,NORMAL,LOCAL,SAFE: all tasks permitted (weight=0.70),
1771435998.156,0.1,64.55,4.6432,1.481,62.9,7,,,0.02763,0.0000,0.0000,0.9401,0.0000,0.2763,0.5455,0.2589,CRITICAL,True,10,0,,,,,,
1771435998.156,0.1,64.78,4.6743,1.422,58.7,6,,,0.02775,0.0000,0.0000,0.7984,0.0000,0.2775,0.5011,0.2318,CRITICAL,True,10,0,,,,,,
1771435998.156,0.1,,,,,,,,,,,,,,,0.2318,SAFE,,10,,t3133_0,0.66,HIGH,LOCAL,SAFE: all tasks permitted (weight=0.66),
1771435998.156,0.1,,,,,,,,,,,,,,,0.2318,SAFE,,10,,t3133_1,0.59,CRITICAL,LOCAL,SAFE: all tasks permitted (weight=0.59),
1771435998.156,0.1,64.82,4.5800,1.546,67.6,8,,,0.04272,0.0000,0.0000,1.0000,0.0000,0.4272,0.5930,0.2913,CRITICAL,True,10,0,,,,,,window_reset|B=10|FAILURE:BROWNOUT(V=4.580V)
1771435998.156,0.1,,,,,,,,,,,,,,,0.2913,SAFE,,10,,t3134_0,0.81,HIGH,LOCAL,SAFE: all tasks permitted (weight=0.81),
1771435998.156,0.1,64.52,4.6453,1.598,71.3,8,,,0.04084,0.0000,0.0000,0.9307,0.0000,0.4084,0.6192,0.2857,CRITICAL,True,10,0,,,,,,
1771435998.156,0.1,,,,,,,,,,,,,,,0.2857,SAFE,,10,,t3135_0,0.65,NORMAL,LOCAL,SAFE: all tasks permitted (weight=0.65),
1771435998.156,0.1,65.22,4.6273,1.625,73.2,8,,,0.04317,0.0146,0.0000,1.0000,0.0000,0.4317,0.6324,0.3014,CRITICAL,True,10,0,,,,,,FAILURE:BROWNOUT(V=4.627V)
1771435998.156,0.1,,,,,,,,,,,,,,,0.3014,SAFE,,10,,t3136_0,0.35,HIGH,LOCAL,SAFE: all tasks permitted (weight=0.35),
1771435998.156,0.1,65.64,4.5804,1.606,71.8,8,,,0.05018,0.0430,0.0000,1.0000,0.0000,0.5018,0.6228,0.3099,CRITICAL,True,10,0,,,,,,
1771435998.156,0.1,,,,,,,,,,,,,,,0.3099,SAFE,,10,,t3137_0,0.60,LOW,LOCAL,SAFE: all tasks permitted (weight=0.60),
1771435998.156,0.1,65.64,4.5931,1.625,73.2,8,,,0.05345,0.0426,0.0000,1.0000,0.0000,0.5345,0.6323,0.3150,CRITICAL,True,10,0,,,,,,
1771435998.156,0.1,65.40,4.6548,1.556,68.3,8,,,0.05225,0.0265,0.0000,0.8871,0.0000,0.5225,0.5979,0.2903,CRITICAL,True,10,0,,,,,,
1771435998.157,0.1,,,,,,,,,,,,,,,0.2903,SAFE,,10,,t3139_0,0.42,NORMAL,LOCAL,SAFE: all tasks permitted (weight=0.42),
1771435998.157,0.1,65.73,4.6038,1.552,68.0,8,64170.095,-35.74580,0.05329,0.0484,0.0000,1.0000,0.0000,0.5329,0.5962,0.3083,CRITICAL,True,10,0,,,,,,FAILURE:BROWNOUT(V=4.604V)
1771435998.157,0.1,,,,,,,,,,,,,,,0.3083,SAFE,,10,,t3140_0,0.61,HIGH,LOCAL,SAFE: all tasks permitted (weight=0.61),
1771435998.157,0.1,65.60,4.6336,1.576,69.7,8,44733.074,-36.96983,0.04729,0.0402,0.0000,0.9838,0.0000,0.4729,0.6082,0.3016,CRITICAL,True,10,0,,,,,,
1771435998.157,0.1,65.66,4.6701,1.511,65.1,7,45384.797,81.64882,0.03709,0.0437,0.0000,0.8179,0.0000,0.3709,0.5605,0.2608,CRITICAL,True,10,0,,,,,,
1771435998.157,0.1,,,,,,,,,,,,,,,0.2608,SAFE,,10,,t3142_0,0.30,NORMAL,LOCAL,SAFE: all tasks permitted (weight=0.30),
1771435998.157,0.1,65.73,4.6899,1.493,63.8,7,66167.639,40.49349,0.03548,0.0488,0.0000,0.7277,0.0000,0.3548,0.5517,0.2463,CRITICAL,True,10,0,,,,,,
1771435998.157,0.1,,,,,,,,,,,,,,,0.2463,SAFE,,10,,t3143_0,0.46,NORMAL,LOCAL,SAFE: all tasks permitted (weight=0.46),
1771435998.157,0.1,66.52,4.6463,1.500,64.3,7,71038.012,17.21811,0.03557,0.1017,0.0000,0.9261,0.0000,0.3557,0.5550,0.2791,CRITICAL,True,10,0,,,,,,
1771435998.157,0.1,,,,,,,,,,,,,,,0.2791,SAFE,,10,,t3144_0,0.66,HIGH,LOCAL,SAFE: all tasks permitted (weight=0.66),
1771435998.157,0.1,66.11,4.6165,1.534,66.7,7,25123.198,32.76307,0.03353,0.0737,0.0000,1.0000,0.0000,0.3353,0.5719,0.2868,CRITICAL,True,10,0,,,,,,FAILURE:BROWNOUT(V=4.617V)
1771435998.157,0.1,,,,,,,,,,,,,,,0.2868,SAFE,,10,,t3145_0,0.76,CRITICAL,LOCAL,SAFE: all tasks permitted (weight=0.76),
1771435998.157,0.1,,,,,,,,,,,,,,,0.2868,SAFE,,10,,t3145_1,0.50,HIGH,LOCAL,SAFE: all tasks permitted (weight=0.50),
1771435998.157,0.1,66.21,4.6003,1.653,75.2,9,31253.359,6.57475,0.03149,0.0809,0.0000,1.0000,0.0000,0.3149,0.6613,0.3035,CRITICAL,True,10,0,,,,,,
1771435998.157,0.1,,,,,,,,,,,,,,,0.3035,SAFE,,10,,t3146_0,0.58,NORMAL,LOCAL,SAFE: all tasks permitted (weight=0.58),
1771435998.157,0.1,66.47,4.6062,1.665,76.1,9,58253.696,-44.10273,0.03178,0.0979,0.0000,1.0000,0.0000,0.3178,0.6674,0.3070,CRITICAL,True,10,0,,,,,,
1771435998.157,0.1,,,,,,,,,,,,,,,0.3070,SAFE,,10,,t3147_0,0.27,NORMAL,LOCAL,SAFE: all tasks permitted (weight=0.27),
1771435998.157,0.1,66.47,4.5875,1.631,73.7,8,,,0.03358,0.0981,0.0000,1.0000,0.0000,0.3358,0.6356,0.3025,CRITICAL,True,10,0,,,,,,
1771435998.157,0.1,,,,,,,,,,,,,,,0.3025,SAFE,,10,,t3148_0,0.77,HIGH,LOCAL,SAFE: all tasks permitted (weight=0.77),
1771435998.157,0.1,66.40,4.6205,1.672,76.6,9,,,0.03102,0.0936,0.0000,1.0000,0.0000,0.3102,0.6709,0.3064,CRITICAL,True,10,0,,,,,,window_reset|B=10
1771435998.157,0.1,,,,,,,,,,,,,,,0.3064,SAFE,,10,,t3149_0,0.45,NORMAL,LOCAL,SAFE: all tasks permitted (weight=0.45),
1771435998.157,0.1,66.67,4.5818,1.664,76.0,9,,,0.03218,0.1117,0.0000,1.0000,0.0000,0.3218,0.6672,0.3090,CRITICAL,True,10,0,,,,,,
1771435998.157,0.1,,,,,,,,,,,,,,,0.3090,SAFE,,10,,t3150_0,0.62,HIGH,LOCAL,SAFE: all tasks permitted (weight=0.62),
1771435998.157,0.1,66.55,4.6118,1.681,77.2,9,,,0.03114,0.1030,0.0000,1.0000,0.0000,0.3114,0.6756,0.3086,CRITICAL,True,10,0,,,,,,
1771435998.157,0.1,67.43,4.6366,1.608,72.0,8,,,0.03083,0.1621,0.0000,0.9700,0.0000,0.3083,0.6242,0.3012,CRITICAL,True,10,0,,,,,,
1771435998.157,0.1,,,,,,,,,,,,,,,0.3012,SAFE,,10,,t3152_0,0.32,NORMAL,LOCAL,SAFE: all tasks permitted (weight=0.32),
1771435998.157,0.1,67.40,4.6259,1.587,70.5,8,,,0.03072,0.1603,0.0000,1.0000,0.0000,0.3072,0.6133,0.3026,CRITICAL,True,10,0,,,,,,FAILURE:BROWNOUT(V=4.626V)
1771435998.157,0.1,67.54,4.6583,1.521,65.8,7,,,0.02941,0.1692,0.0000,0.8714,0.0000,0.2941,0.5653,0.2761,CRITICAL,True,10,0,,,,,,
1771435998.157,0.1,,,,,,,,,,,,,,,0.2761,SAFE,,10,,t3154_0,0.64,HIGH,LOCAL,SAFE: all tasks permitted (weight=0.64),
1771435998.157,0.1,,,,,,,,,,,,,,,0.2761,SAFE,,10,,t3154_1,0.21,LOW,LOCAL,SAFE: all tasks permitted (weight=0.21),
1771435998.157,0.1,67.24,4.6332,1.580,70.0,8,,,0.02197,0.1494,0.0000,0.9852,0.0000,0.2197,0.6102,0.2900,CRITICAL,True,10,0,,,,,,
1771435998.157,0.1,,,,,,,,,,,,,,,0.2900,SAFE,,10,,t3155_0,0.43,HIGH,LOCAL,SAFE: all tasks permitted (weight=0.43),
1771435998.157,0.1,67.72,4.6115,1.577,69.8,8,,,0.02039,0.1813,0.0000,1.0000,0.0000,0.2039,0.6083,0.2938,CRITICAL,True,10,0,,,,,,FAILURE:BROWNOUT(V=4.612V)
1771435998.157,0.1,68.18,4.6418,1.511,65.1,7,,,0.02162,0.2123,0.0000,0.9462,0.0000,0.2162,0.5606,0.2822,CRITICAL,True,10,0,,,,,,
1771435998.157,0.1,,,,,,,,,,,,,,,0.2822,SAFE,,10,,t3157_0,0.79,HIGH,LOCAL,SAFE: all tasks permitted (weight=0.79),
1771435998.157,0.1,67.51,4.6803,1.563,68.8,8,,,0.02684,0.1674,0.0000,0.7716,0.0000,0.2684,0.6015,0.2675,CRITICAL,True,10,0,,,,,,
1771435998.157,0.1,,,,,,,,,,,,,,,0.2675,SAFE,,10,,t3158_0,0.83,NORMAL,LOCAL,SAFE: all tasks permitted (weight=0.83),
1771435998.157,0.1,67.77,4.6121,1.618,72.7,8,,,0.02656,0.1846,0.0000,1.0000,0.0000,0.2656,0.6290,0.3045,CRITICAL,True,10,0,,,,,,FAILURE:BROWNOUT(V=4.612V)
1771435998.157,0.1,,,,,,,,,,,,,,,0.3045,SAFE,,10,,t3159_0,0.46,LOW,LOCAL,SAFE: all tasks permitted (weight=0.46),
1771435998.157,0.1,67.35,4.5811,1.615,72.5,8,,,0.02737,0.1566,0.0000,1.0000,0.0000,0.2737,0.6275,0.3017,CRITICAL,True,10,0,,,,,,
1771435998.157,0.1,,,,,,,,,,,,,,,0.3017,SAFE,,10,,t3160_0,0.21,LOW,LOCAL,SAFE: all tasks permitted (weight=0.21),
1771435998.157,0.1,67.91,4.6394,1.577,69.8,8,,,0.02763,0.1939,0.0000,0.9572,0.0000,0.2763,0.6087,0.2971,CRITICAL,True,10,0,,,,,,
1771435998.157,0.1,,,,,,,,,,,,,,,0.2971,SAFE,,10,,t3161_0,0.36,HIGH,LOCAL,SAFE: all tasks permitted (weight=0.36),
1771435998.157,0.1,68.30,4.6708,1.564,68.8,8,,,0.02665,0.2197,0.0000,0.8146,0.0000,0.2665,0.6018,0.2793,CRITICAL,True,10,0,,,,,,
1771435998.157,0.1,68.45,4.6053,1.499,64.2,7,,,0.02715,0.2299,0.0000,1.0000,0.0000,0.2715,0.5546,0.2956,CRITICAL,True,10,0,,,,,,FAILURE:BROWNOUT(V=4.605V)
1771435998.157,0.1,,,,,,,,,,,,,,,0.2956,SAFE,,10,,t3163_0,0.84,NORMAL,LOCAL,SAFE: all tasks permitted (weight=0.84),
1771435998.157,0.1,67.75,4.6365,1.559,68.5,8,,,0.02715,0.1834,0.0000,0.9706,0.0000,0.2715,0.5995,0.2952,CRITICAL,True,10,0,,,,,,window_reset|B=10
1771435998.157,0.1,,,,,,,,,,,,,,,0.2952,SAFE,,10,,t3164_0,0.80,LOW,LOCAL,SAFE: all tasks permitted (weight=0.80),
1771435998.157,0.1,67.60,4.5973,1.610,72.2,8,,,0.02887,0.1735,0.0000,1.0000,0.0000,0.2887,0.6252,0.3047,CRITICAL,True,10,0,,,,,,FAILURE:BROWNOUT(V=4.597V)
1771435998.157,0.1,,,,,,,,,,,,,,,0.3047,SAFE,,10,,t3165_0,0.56,NORMAL,LOCAL,SAFE: all tasks permitted (weight=0.56),
1771435998.157,0.1,67.89,4.6551,1.623,73.1,8,,,0.02862,0.1924,0.0000,0.8859,0.0000,0.2862,0.6315,0.2932,CRITICAL,True,10,0,,,,,,
1771435998.157,0.1,,,,,,,,,,,,,,,0.2932,SAFE,,10,,t3166_0,0.46,HIGH,LOCAL,SAFE: all tasks permitted (weight=0.46),
1771435998.157,0.1,,,,,,,,,,,,,,,0.2932,SAFE,,10,,t3166_1,0.38,CRITICAL,LOCAL,SAFE: all tasks permitted (weight=0.38),
1771435998.158,0.1,68.24,4.6234,1.675,76.8,9,27849.545,11.24850,0.02867,0.2157,0.0000,1.0000,0.0000,0.2867,0.6727,0.3191,CRITICAL,True,10,0,,,,,,FAILURE:BROWNOUT(V=4.623V)
1771435998.158,0.1,67.77,4.5982,1.603,71.7,8,24942.266,17.06629,0.02959,0.1844,0.0000,1.0000,0.0000,0.2959,0.6216,0.3060,CRITICAL,True,10,0,,,,,,
1771435998.158,0.1,,,,,,,,,,,,,,,0.3060,SAFE,,10,,t3168_0,0.30,HIGH,LOCAL,SAFE: all tasks permitted (weight=0.30),
1771435998.158,0.1,68.36,4.6068,1.579,69.9,8,27252.811,-32.46323,0.02985,0.2243,0.0000,1.0000,0.0000,0.2985,0.6093,0.3086,CRITICAL,True,10,0,,,,,,
1771435998.158,0.1,,,,,,,,,,,,,,,0.3086,SAFE,,10,,t3169_0,0.80,LOW,LOCAL,SAFE: all tasks permitted (weight=0.80),
1771435998.158,0.1,68.59,4.6097,1.628,73.4,8,17397.138,-60.82435,0.02505,0.2391,0.0000,1.0000,0.0000,0.2505,0.6340,0.3105,CRITICAL,True,10,0,,,,,,
1771435998.158,0.1,,,,,,,,,,,,,,,0.3105,SAFE,,10,,t3170_0,0.73,LOW,LOCAL,SAFE: all tasks permitted (weight=0.73),
1771435998.158,0.1,68.74,4.6546,1.664,76.0,9,17161.869,49.10549,0.02669,0.2490,0.0000,0.8880,0.0000,0.2669,0.6669,0.3054,CRITICAL,True,10,0,,,,,,
1771435998.158,0.1,68.84,4.6348,1.592,70.9,8,64760.214,-1.63663,0.02357,0.2557,0.0000,0.9781,0.0000,0.2357,0.6161,0.3046,CRITICAL,True,10,0,,,,,,
1771435998.158,0.1,,,,,,,,,,,,,,,0.3046,SAFE,,10,,t3172_0,0.31,HIGH,LOCAL,SAFE: all tasks permitted (weight=0.31),
1771435998.158,0.1,68.12,4.6193,1.571,69.3,8,30822.062,21.91527,0.02339,0.2079,0.0000,1.0000,0.0000,0.2339,0.6053,0.2994,CRITICAL,True,10,0,,,,,,FAILURE:BROWNOUT(V=4.619V)
1771435998.158,0.1,68.54,4.6753,1.506,64.7,7,38878.230,20.13105,0.02414,0.2358,0.0000,0.7940,0.0000,0.2414,0.5578,0.2672,CRITICAL,True,10,0,,,,,,
1771435998.158,0.1,,,,,,,,,,,,,,,0.2672,SAFE,,10,,t3174_0,0.45,NORMAL,LOCAL,SAFE: all tasks permitted (weight=0.45),
1771435998.158,0.1,67.96,4.6458,1.510,65.0,7,,,0.02378,0.1975,0.0000,0.9284,0.0000,0.2378,0.5601,0.2802,CRITICAL,True,10,0,,,,,,
1771435998.158,0.1,,,,,,,,,,,,,,,0.2802,SAFE,,10,,t3175_0,0.31,NORMAL,LOCAL,SAFE: all tasks permitted (weight=0.31),
1771435998.158,0.1,,,,,,,,,,,,,,,0.2802,SAFE,,10,,t3175_1,0.43,NORMAL,LOCAL,SAFE: all tasks permitted (weight=0.43),
1771435998.158,0.1,68.11,4.6907,1.556,68.3,8,,,0.02917,0.2072,0.0000,0.7243,0.0000,0.2917,0.5980,0.2678,CRITICAL,True,10,0,,,,,,
1771435998.158,0.1,,,,,,,,,,,,,,,0.2678,SAFE,,10,,t3176_0,0.47,CRITICAL,LOCAL,SAFE: all tasks permitted (weight=0.47),
1771435998.158,0.1,68.14,4.6291,1.560,68.5,8,,,0.02706,0.2094,0.0000,1.0000,0.0000,0.2706,0.5998,0.3022,CRITICAL,True,10,0,,,,,,FAILURE:BROWNOUT(V=4.629V)
1771435998.158,0.1,68.58,4.6668,1.495,64.0,7,,,0.02790,0.2386,0.0000,0.8327,0.0000,0.2790,0.5527,0.2753,CRITICAL,True,10,0,,,,,,
1771435998.158,0.1,,,,,,,,,,,,,,,0.2753,SAFE,,10,,t3178_0,0.74,HIGH,LOCAL,SAFE: all tasks permitted (weight=0.74),
1771435998.158,0.1,68.91,4.6085,1.543,67.3,8,,,0.02883,0.2606,0.0000,1.0000,0.0000,0.2883,0.5914,0.3084,CRITICAL,True,10,0,,,,,,window_reset|B=10|FAILURE:BROWNOUT(V=4.609V)
1771435998.158,0.1,,,,,,,,,,,,,,,0.3084,SAFE,,10,,t3179_0,0.76,HIGH,LOCAL,SAFE: all tasks permitted (weight=0.76),
1771435998.158,0.1,69.02,4.5899,1.589,70.7,8,,,0.02982,0.2679,0.0000,1.0000,0.0000,0.2982,0.6147,0.3149,CRITICAL,True,10,0,,,,,,
1771435998.158,0.1,,,,,,,,,,,,,,,0.3149,SAFE,,10,,t3180_0,0.60,LOW,LOCAL,SAFE: all tasks permitted (weight=0.60),
1771435998.158,0.1,68.89,4.6054,1.609,72.1,8,,,0.02994,0.2592,0.0000,1.0000,0.0000,0.2994,0.6245,0.3159,CRITICAL,True,10,0,,,,,,
1771435998.158,0.1,,,,,,,,,,,,,,,0.3159,SAFE,,10,,t3181_0,0.62,CRITICAL,LOCAL,SAFE: all tasks permitted (weight=0.62),
1771435998.158,0.1,68.65,4.5836,1.630,73.6,8,,,0.03260,0.2436,0.0000,1.0000,0.0000,0.3260,0.6352,0.3189,CRITICAL,True,10,0,,,,,,
1771435998.158,0.1,,,,,,,,,,,,,,,0.3189,SAFE,,10,,t3182_0,0.23,NORMAL,LOCAL,SAFE: all tasks permitted (weight=0.23),
1771435998.158,0.1,68.99,4.6155,1.595,71.1,8,,,0.03229,0.2661,0.0000,1.0000,0.0000,0.3229,0.6175,0.3177,CRITICAL,True,10,0,,,,,,
1771435998.158,0.1,,,,,,,,,,,,,,,0.3177,SAFE,,10,,t3183_0,0.44,HIGH,LOCAL,SAFE: all tasks permitted (weight=0.44),
1771435998.158,0.1,69.13,4.6495,1.592,70.9,8,,,0.03271,0.2755,0.0000,0.9116,0.0000,0.3271,0.6162,0.3075,CRITICAL,True,10,0,,,,,,
1771435998.158,0.1,,,,,,,,,,,,,,,0.3075,SAFE,,10,,t3184_0,0.27,NORMAL,LOCAL,SAFE: all tasks permitted (weight=0.27),
1771435998.158,0.1,69.17,4.6382,1.565,68.9,8,,,0.03253,0.2779,0.0000,0.9628,0.0000,0.3253,0.6025,0.3115,CRITICAL,True,10,0,,,,,,
1771435998.158,0.1,,,,,,,,,,,,,,,0.3115,SAFE,,10,,t3185_0,0.31,NORMAL,LOCAL,SAFE: all tasks permitted (weight=0.31),
1771435998.158,0.1,,,,,,,,,,,,,,,0.3115,SAFE,,10,,t3185_1,0.79,NORMAL,LOCAL,SAFE: all tasks permitted (weight=0.79),
1771435998.158,0.1,68.77,4.5643,1.659,75.7,9,,,0.03494,0.2513,0.0000,1.0000,0.0000,0.3494,0.6646,0.3280,CRITICAL,True,10,0,,,,,,FAILURE:BROWNOUT(V=4.564V)
1771435998.158,0.1,,,,,,,,,,,,,,,0.3280,SAFE,,10,,t3186_0,0.27,LOW,LOCAL,SAFE: all tasks permitted (weight=0.27),
1771435998.158,0.1,69.05,4.6394,1.627,73.4,8,,,0.03465,0.2703,0.0000,0.9572,0.0000,0.3465,0.6335,0.3182,CRITICAL,True,10,0,,,,,,
1771435998.158,0.1,68.80,4.6267,1.558,68.4,8,,,0.02822,0.2530,0.0000,1.0000,0.0000,0.2822,0.5990,0.3084,CRITICAL,True,10,0,,,,,,FAILURE:BROWNOUT(V=4.627V)
1771435998.158,0.1,68.89,4.6163,1.494,63.8,7,,,0.02802,0.2594,0.0000,1.0000,0.0000,0.2802,0.5519,0.2995,CRITICAL,True,10,0,,,,,,
1771435998.158,0.1,,,,,,,,,,,,,,,0.2995,SAFE,,10,,t3189_0,0.73,CRITICAL,LOCAL,SAFE: all tasks permitted (weight=0.73),
1771435998.158,0.1,69.08,4.6467,1.539,67.1,8,,,0.02548,0.2717,0.0000,0.9241,0.0000,0.2548,0.5897,0.2962,CRITICAL,True,10,0,,,,,,
1771435998.158,0.1,68.96,4.6666,1.477,62.6,7,,,0.02900,0.2642,0.0000,0.8338,0.0000,0.2900,0.5433,0.2778,CRITICAL,True,10,0,,,,,,
1771435998.158,0.1,,,,,,,,,,,,,,,0.2778,SAFE,,10,,t3191_0,0.70,HIGH,LOCAL,SAFE: all tasks permitted (weight=0.70),
1771435998.158,0.1,69.00,4.6820,1.520,65.7,7,,,0.03201,0.2668,0.0000,0.7635,0.0000,0.3201,0.5648,0.2763,CRITICAL,True,10,0,,,,,,
1771435998.158,0.1,,,,,,,,,,,,,,,0.2763,SAFE,,10,,t3192_0,0.63,HIGH,LOCAL,SAFE: all tasks permitted (weight=0.63),
1771435998.158,0.1,68.83,4.6443,1.549,67.8,8,,,0.03154,0.2554,0.0000,0.9349,0.0000,0.3154,0.5943,0.3026,CRITICAL,True,10,0,,,,,,
1771435998.158,0.1,,,,,,,,,,,,,,,0.3026,SAFE,,10,,t3193_0,0.23,HIGH,LOCAL,SAFE: all tasks permitted (weight=0.23),
1771435998.158,0.1,69.08,4.6296,1.519,65.6,7,,,0.02814,0.2719,0.0000,1.0000,0.0000,0.2814,0.5644,0.3036,CRITICAL,True,10,0,,,,,,window_reset|B=10|FAILURE:BROWNOUT(V=4.630V)
1771435998.159,0.1,,,,,,,,,,,,,,,0.3036,SAFE,,10,,t3194_0,0.77,NORMAL,LOCAL,SAFE: all tasks permitted (weight=0.77),
1771435998.159,0.1,68.99,4.6041,1.569,69.2,8,-3973.975,-35.50948,0.02897,0.2659,0.0000,1.0000,0.0000,0.2897,0.6044,0.3118,CRITICAL,True,10,0,,,,,,
1771435998.159,0.1,,,,,,,,,,,,,,,0.3118,SAFE,,10,,t3195_0,0.33,HIGH,LOCAL,SAFE: all tasks permitted (weight=0.33),
1771435998.159,0.1,68.53,4.6080,1.552,68.0,8,-16148.683,-18.77835,0.02938,0.2352,0.0000,1.0000,0.0000,0.2938,0.5962,0.3068,CRITICAL,True,10,0,,,,,,
1771435998.159,0.1,68.40,4.6517,1.489,63.5,7,-29776.982,35.61769,0.02991,0.2265,0.0000,0.9012,0.0000,0.2991,0.5493,0.2841,CRITICAL,True,10,0,,,,,,
1771435998.159,0.1,,,,,,,,,,,,,,,0.2841,SAFE,,10,,t3197_0,0.77,LOW,LOCAL,SAFE: all tasks permitted (weight=0.77),
1771435998.159,0.1,68.63,4.6948,1.540,67.1,8,-26775.903,48.25787,0.02702,0.2421,0.0000,0.7056,0.0000,0.2702,0.5900,0.2658,CRITICAL,True,10,0,,,,,,
1771435998.159,0.1,68.73,4.6668,1.477,62.7,7,-13890.239,0.24815,0.02781,0.2489,0.0000,0.8327,0.0000,0.2781,0.5436,0.2746,CRITICAL,True,10,0,,,,,,
1771435998.159,0.1,68.78,4.6659,1.419,58.5,6,-13627.953,-16.13926,0.02780,0.2518,0.0000,0.8366,0.0000,0.2780,0.4993,0.2666,CRITICAL,True,10,0,,,,,,
1771435998.159,0.1,,,,,,,,,,,,,,,0.2666,SAFE,,10,,t3200_0,0.24,CRITICAL,LOCAL,SAFE: all tasks permitted (weight=0.24),
1771435998.159,0.1,68.22,4.6835,1.400,57.1,6,-36669.000,39.30337,0.02760,0.2148,0.0000,0.7569,0.0000,0.2760,0.4898,0.2497,CRITICAL,True,10,0,,,,,,
1771435998.159,0.1,68.27,4.7055,1.347,53.3,6,-48391.517,76.22158,0.03094,0.2183,0.0000,0.6568,0.0000,0.3094,0.4633,0.2352,CRITICAL,True,10,0,,,,,,
1771435998.159,0.1,,,,,,,,,,,,,,,0.2352,SAFE,,10,,t3202_0,0.84,NORMAL,LOCAL,SAFE: all tasks permitted (weight=0.84),
1771435998.159,0.1,68.41,4.6474,1.419,58.5,6,,,0.03098,0.2272,0.0000,0.9211,0.0000,0.3098,0.4997,0.2779,CRITICAL,True,10,0,,,,,,
1771435998.159,0.1,,,,,,,,,,,,,,,0.2779,SAFE,,10,,t3203_0,0.85,NORMAL,LOCAL,SAFE: all tasks permitted (weight=0.85),
1771435998.159,0.1,67.82,4.6381,1.488,63.4,7,,,0.03039,0.1880,0.0000,0.9630,0.0000,0.3039,0.5489,0.2879,CRITICAL,True,10,0,,,,,,
1771435998.159,0.1,,,,,,,,,,,,,,,0.2879,SAFE,,10,,t3204_0,0.63,HIGH,LOCAL,SAFE: all tasks permitted (weight=0.63),
1771435998.159,0.1,68.54,4.6759,1.520,65.7,7,,,0.03086,0.2361,0.0000,0.7914,0.0000,0.3086,0.5650,0.2751,CRITICAL,True,10,0,,,,,,
1771435998.159,0.1,,,,,,,,,,,,,,,0.2751,SAFE,,10,,t3205_0,0.39,NORMAL,LOCAL,SAFE: all tasks permitted (weight=0.39),
1771435998.159,0.1,68.67,4.6428,1.516,65.4,7,,,0.03013,0.2446,0.0000,0.9420,0.0000,0.3013,0.5628,0.2945,CRITICAL,True,10,0,,,,,,
1771435998.159,0.1,68.11,4.6761,1.454,61.0,7,,,0.02585,0.2071,0.0000,0.7906,0.0000,0.2585,0.5322,0.2599,CRITICAL,True,10,0,,,,,,
1771435998.159,0.1,,,,,,,,,,,,,,,0.2599,SAFE,,10,,t3207_0,0.32,NORMAL,LOCAL,SAFE: all tasks permitted (weight=0.32),
1771435998.159,0.1,67.77,4.7071,1.443,60.2,7,,,0.02257,0.1847,0.0000,0.6495,0.0000,0.2257,0.5266,0.2345,CRITICAL,True,10,0,,,,,,
1771435998.159,0.1,67.70,4.6088,1.387,56.2,6,,,0.02811,0.1803,0.0000,1.0000,0.0000,0.2811,0.4836,0.2765,CRITICAL,True,10,0,,,,,,window_reset|B=10|FAILURE:BROWNOUT(V=4.609V)
1771435998.159,0.1,,,,,,,,,,,,,,,0.2765,SAFE,,10,,t3209_0,0.28,NORMAL,LOCAL,SAFE: all tasks permitted (weight=0.28),
1771435998.159,0.1,67.35,4.6879,1.376,55.4,6,,,0.02761,0.1569,0.0000,0.7370,0.0000,0.2761,0.4779,0.2378,CRITICAL,True,10,0,,,,,,
1771435998.159,0.1,67.15,4.7326,1.324,51.7,6,,,0.03300,0.1434,0.0000,0.5338,0.0000,0.3300,0.4522,0.2100,CRITICAL,True,10,0,,,,,,
1771435998.159,0.1,,,,,,,,,,,,,,,0.2100,SAFE,,10,,t3211_0,0.38,HIGH,LOCAL,SAFE: all tasks permitted (weight=0.38),
1771435998.159,0.1,67.34,4.6541,1.332,52.3,6,,,0.03336,0.1558,0.0000,0.8904,0.0000,0.3336,0.4559,0.2590,CRITICAL,True,10,0,,,,,,
1771435998.159,0.1,,,,,,,,,,,,,,,0.2590,SAFE,,10,,t3212_0,0.29,HIGH,LOCAL,SAFE: all tasks permitted (weight=0.29),
1771435998.159,0.1,66.93,4.6949,1.325,51.8,6,,,0.03385,0.1290,0.0000,0.7048,0.0000,0.3385,0.4525,0.2315,CRITICAL,True,10,0,,,,,,
1771435998.159,0.1,,,,,,,,,,,,,,,0.2315,SAFE,,10,,t3213_0,0.27,LOW,LOCAL,SAFE: all tasks permitted (weight=0.27),
1771435998.159,0.1,66.85,4.7000,1.317,51.2,6,,,0.03343,0.1236,0.0000,0.6819,0.0000,0.3343,0.4483,0.2266,CRITICAL,True,10,0,,,,,,
1771435998.159,0.1,,,,,,,,,,,,,,,0.2266,SAFE,,10,,t3214_0,0.37,HIGH,LOCAL,SAFE: all tasks permitted (weight=0.37),
1771435998.159,0.1,66.95,4.6754,1.323,51.7,6,,,0.03259,0.1302,0.0000,0.7937,0.0000,0.3259,0.4516,0.2417,CRITICAL,True,10,0,,,,,,
1771435998.159,0.1,,,,,,,,,,,,,,,0.2417,SAFE,,10,,t3215_0,0.69,HIGH,LOCAL,SAFE: all tasks permitted (weight=0.69),
1771435998.159,0.1,66.34,4.6872,1.376,55.4,6,,,0.03080,0.0892,0.0000,0.7400,0.0000,0.3080,0.4781,0.2333,CRITICAL,True,10,0,,,,,,
1771435998.159,0.1,,,,,,,,,,,,,,,0.2333,SAFE,,10,,t3216_0,0.32,LOW,LOCAL,SAFE: all tasks permitted (weight=0.32),
1771435998.159,0.1,66.72,4.6846,1.372,55.1,6,,,0.03084,0.1147,0.0000,0.7519,0.0000,0.3084,0.4758,0.2375,CRITICAL,True,10,0,,,,,,
1771435998.159,0.1,,,,,,,,,,,,,,,0.2375,SAFE,,10,,t3217_0,0.40,HIGH,LOCAL,SAFE: all tasks permitted (weight=0.40),
1771435998.159,0.1,66.59,4.7444,1.379,55.6,6,,,0.03349,0.1061,0.0000,0.4799,0.0000,0.3349,0.4794,0.2045,CRITICAL,True,10,0,,,,,,
1771435998.159,0.1,,,,,,,,,,,,,,,0.2045,SAFE,,10,,t3218_0,0.24,NORMAL,LOCAL,SAFE: all tasks permitted (weight=0.24),
1771435998.159,0.1,66.81,4.6816,1.362,54.4,6,,,0.03336,0.1206,0.0000,0.7654,0.0000,0.3336,0.4708,0.2415,CRITICAL,True,10,0,,,,,,
1771435998.159,0.1,,,,,,,,,,,,,,,0.2415,SAFE,,10,,t3219_0,0.61,LOW,LOCAL,SAFE: all tasks permitted (weight=0.61),
1771435998.159,0.1,66.39,4.6638,1.400,57.1,6,,,0.03347,0.0929,0.0000,0.8464,0.0000,0.3347,0.4899,0.2526,CRITICAL,True,10,0,,,,,,
1771435998.159,0.1,,,,,,,,,,,,,,,0.2526,SAFE,,10,,t3220_0,0.35,LOW,LOCAL,SAFE: all tasks permitted (weight=0.35),
1771435998.159,0.1,65.82,4.6771,1.398,57.0,6,,,0.02478,0.0546,0.0000,0.7860,0.0000,0.2478,0.4888,0.2313,CRITICAL,True,10,0,,,,,,
1771435998.159,0.1,,,,,,,,,,,,,,,0.2313,SAFE,,10,,t3221_0,0.70,NORMAL,LOCAL,SAFE: all tasks permitted (weight=0.70),
1771435998.159,0.1,66.25,4.6497,1.446,60.4,7,,,0.02721,0.0835,0.0000,0.9104,0.0000,0.2721,0.5279,0.2612,CRITICAL,True,10,0,,,,,,
1771435998.159,0.1,,,,,,,,,,,,,,,0.2612,SAFE,,10,,t3222_0,0.47,NORMAL,LOCAL,SAFE: all tasks permitted (weight=0.47),
1771435998.159,0.1,66.27,4.6617,1.457,61.2,7,,,0.02423,0.0847,0.0000,0.8557,0.0000,0.2423,0.5336,0.2524,CRITICAL,True,10,0,,,,,,
1771435998.159,0.1,,,,,,,,,,,,,,,0.2524,SAFE,,10,,t3223_0,0.48,LOW,LOCAL,SAFE: all tasks permitted (weight=0.48),
1771435998.159,0.1,65.74,4.6559,1.470,62.2,7,,,0.02407,0.0495,0.0000,0.8823,0.0000,0.2407,0.5402,0.2527,CRITICAL,True,10,0,,,,,,window_reset|B=10
1771435998.160,0.1,,,,,,,,,,,,,,,0.2527,SAFE,,10,,t3224_0,0.43,LOW,LOCAL,SAFE: all tasks permitted (weight=0.43),
1771435998.160,0.1,65.72,4.6695,1.474,62.4,7,-59645.159,-14.92971,0.02390,0.0479,0.0000,0.8203,0.0000,0.2390,0.5421,0.2447,CRITICAL,True,10,0,,,,,,
1771435998.160,0.1,,,,,,,,,,,,,,,0.2447,SAFE,,10,,t3225_0,0.50,NORMAL,LOCAL,SAFE: all tasks permitted (weight=0.50),
1771435998.160,0.1,66.11,4.6326,1.488,63.4,7,-28812.042,-110.96086,0.02617,0.0738,0.0000,0.9882,0.0000,0.2617,0.5490,0.2733,CRITICAL,True,10,0,,,,,,
1771435998.160,0.1,,,,,,,,,,,,,,,0.2733,SAFE,,10,,t3226_0,0.53,NORMAL,LOCAL,SAFE: all tasks permitted (weight=0.53),
1771435998.160,0.1,,,,,,,,,,,,,,,0.2733,SAFE,,10,,t3226_1,0.60,LOW,LOCAL,SAFE: all tasks permitted (weight=0.60),
1771435998.160,0.1,65.72,4.6225,1.593,71.0,8,-64914.015,-58.66451,0.02972,0.0479,0.0000,1.0000,0.0000,0.2972,0.6167,0.2888,CRITICAL,True,10,0,,,,,,FAILURE:BROWNOUT(V=4.622V)
1771435998.160,0.1,66.69,4.6995,1.527,66.2,7,17730.012,35.39270,0.03052,0.1128,0.0000,0.6843,0.0000,0.3052,0.5684,0.2467,CRITICAL,True,10,0,,,,,,
1771435998.160,0.1,,,,,,,,,,,,,,,0.2467,SAFE,,10,,t3228_0,0.72,NORMAL,LOCAL,SAFE: all tasks permitted (weight=0.72),
1771435998.160,0.1,66.20,4.6100,1.569,69.2,8,22931.281,-66.58177,0.03433,0.0802,0.0000,1.0000,0.0000,0.3433,0.6047,0.2949,CRITICAL,True,10,0,,,,,,FAILURE:BROWNOUT(V=4.610V)
1771435998.160,0.1,,,,,,,,,,,,,,,0.2949,SAFE,,10,,t3229_0,0.29,NORMAL,LOCAL,SAFE: all tasks permitted (weight=0.29),
1771435998.160,0.1,66.43,4.6308,1.547,67.6,8,10249.900,-18.76294,0.02534,0.0950,0.0000,0.9964,0.0000,0.2534,0.5934,0.2849,CRITICAL,True,10,0,,,,,,
1771435998.160,0.1,,,,,,,,,,,,,,,0.2849,SAFE,,10,,t3230_0,0.53,NORMAL,LOCAL,SAFE: all tasks permitted (weight=0.53),
1771435998.160,0.1,66.41,4.6686,1.560,68.6,8,8420.144,6.85022,0.02442,0.0941,0.0000,0.8244,0.0000,0.2442,0.6000,0.2629,CRITICAL,True,10,0,,,,,,
1771435998.160,0.1,66.40,4.6784,1.496,64.0,7,39203.107,22.28942,0.02525,0.0934,0.0000,0.7802,0.0000,0.2525,0.5529,0.2485,CRITICAL,True,10,0,,,,,,
1771435998.160,0.1,,,,,,,,,,,,,,,0.2485,SAFE,,10,,t3232_0,0.83,NORMAL,LOCAL,SAFE: all tasks permitted (weight=0.83),
1771435998.160,0.1,66.82,4.6340,1.556,68.3,8,,,0.02487,0.1212,0.0000,0.9817,0.0000,0.2487,0.5981,0.2867,CRITICAL,True,10,0,,,,,,
1771435998.160,0.1,,,,,,,,,,,,,,,0.2867,SAFE,,10,,t3233_0,0.21,NORMAL,LOCAL,SAFE: all tasks permitted (weight=0.21),
1771435998.160,0.1,66.51,4.6957,1.523,66.0,7,,,0.02774,0.1005,0.0000,0.7013,0.0000,0.2774,0.5667,0.2443,CRITICAL,True,10,0,,,,,,
1771435998.160,0.1,,,,,,,,,,,,,,,0.2443,SAFE,,10,,t3234_0,0.50,HIGH,LOCAL,SAFE: all tasks permitted (weight=0.50),
1771435998.160,0.1,66.70,4.6250,1.534,66.7,7,,,0.02882,0.1135,0.0000,1.0000,0.0000,0.2882,0.5719,0.2868,CRITICAL,True,10,0,,,,,,FAILURE:BROWNOUT(V=4.625V)
1771435998.160,0.1,,,,,,,,,,,,,,,0.2868,SAFE,,10,,t3235_0,0.61,LOW,LOCAL,SAFE: all tasks permitted (weight=0.61),
1771435998.160,0.1,66.63,4.7237,1.560,68.6,8,,,0.03504,0.1088,0.0000,0.5740,0.0000,0.3504,0.6001,0.2427,CRITICAL,True,10,0,,,,,,
1771435998.160,0.1,,,,,,,,,,,,,,,0.2427,SAFE,,10,,t3236_0,0.58,NORMAL,LOCAL,SAFE: all tasks permitted (weight=0.58),
1771435998.160,0.1,66.75,4.6215,1.581,70.1,8,,,0.03616,0.1169,0.0000,1.0000,0.0000,0.3616,0.6105,0.3023,CRITICAL,True,10,0,,,,,,FAILURE:BROWNOUT(V=4.622V)
1771435998.160,0.1,,,,,,,,,,,,,,,0.3023,SAFE,,10,,t3237_0,0.70,LOW,LOCAL,SAFE: all tasks permitted (weight=0.70),
1771435998.160,0.1,,,,,,,,,,,,,,,0.3023,SAFE,,10,,t3237_1,0.80,NORMAL,LOCAL,SAFE: all tasks permitted (weight=0.80),
1771435998.160,0.1,66.84,4.5854,1.734,81.0,9,,,0.04053,0.1228,0.0000,1.0000,0.0000,0.4053,0.7021,0.3257,CRITICAL,True,10,0,,,,,,
1771435998.160,0.1,,,,,,,,,,,,,,,0.3257,SAFE,,10,,t3238_0,0.58,LOW,LOCAL,SAFE: all tasks permitted (weight=0.58),
1771435998.160,0.1,67.17,4.5529,1.742,81.6,9,,,0.04824,0.1449,0.0000,1.0000,0.0000,0.4824,0.7060,0.3368,CRITICAL,True,10,0,,,,,,window_reset|B=10
1771435998.160,0.1,,,,,,,,,,,,,,,0.3368,SAFE,,10,,t3239_0,0.79,HIGH,LOCAL,SAFE: all tasks permitted (weight=0.79),
1771435998.160,0.1,67.86,4.5800,1.780,84.3,10,,,0.04805,0.1908,0.0000,1.0000,0.0000,0.4805,0.7400,0.3489,CRITICAL,True,10,0,,,,,,
1771435998.160,0.1,,,,,,,,,,,,,,,0.3489,SAFE,,10,,t3240_0,0.45,HIGH,LOCAL,SAFE: all tasks permitted (weight=0.45),
1771435998.160,0.1,67.80,4.6080,1.766,83.3,10,,,0.04814,0.1864,0.0000,1.0000,0.0000,0.4814,0.7329,0.3471,CRITICAL,True,10,0,,,,,,
1771435998.160,0.1,,,,,,,,,,,,,,,0.3471,SAFE,,10,,t3241_0,0.55,HIGH,LOCAL,SAFE: all tasks permitted (weight=0.55),
1771435998.160,0.1,,,,,,,,,,,,,,,0.3471,SAFE,,10,,t3241_1,0.33,NORMAL,LOCAL,SAFE: all tasks permitted (weight=0.33),
1771435998.160,0.1,68.08,4.5943,1.816,86.8,10,,,0.04936,0.2054,0.0000,1.0000,0.0000,0.4936,0.7578,0.3556,CRITICAL,True,10,0,,,,,,
1771435998.160,0.1,68.52,4.5960,1.733,81.0,9,,,0.04878,0.2348,0.0000,1.0000,0.0000,0.4878,0.7017,0.3473,CRITICAL,True,10,0,,,,,,
1771435998.160,0.1,68.56,4.6146,1.657,75.5,9,,,0.04602,0.2373,0.0000,1.0000,0.0000,0.4602,0.6635,0.3372,CRITICAL,True,10,0,,,,,,
1771435998.160,0.1,68.39,4.5983,1.586,70.4,8,,,0.04613,0.2258,0.0000,1.0000,0.0000,0.4613,0.6130,0.3258,CRITICAL,True,10,0,,,,,,
1771435998.160,0.1,,,,,,,,,,,,,,,0.3258,SAFE,,10,,t3245_0,0.28,CRITICAL,LOCAL,SAFE: all tasks permitted (weight=0.28),
1771435998.160,0.1,68.90,4.6102,1.561,68.6,8,,,0.03943,0.2598,0.0000,1.0000,0.0000,0.3943,0.6003,0.3206,CRITICAL,True,10,0,,,,,,
1771435998.160,0.1,68.38,4.6587,1.496,64.0,7,,,0.04159,0.2250,0.0000,0.8695,0.0000,0.4159,0.5531,0.2923,CRITICAL,True,10,0,,,,,,
1771435998.160,0.1,,,,,,,,,,,,,,,0.2923,SAFE,,10,,t3247_0,0.79,HIGH,LOCAL,SAFE: all tasks permitted (weight=0.79),
1771435998.160,0.1,68.55,4.6044,1.552,68.0,8,,,0.02440,0.2367,0.0000,1.0000,0.0000,0.2440,0.5961,0.3020,CRITICAL,True,10,0,,,,,,FAILURE:BROWNOUT(V=4.604V)
1771435998.160,0.1,68.30,4.6657,1.488,63.5,7,,,0.02981,0.2201,0.0000,0.8375,0.0000,0.2981,0.5492,0.2749,CRITICAL,True,10,0,,,,,,
1771435998.160,0.1,67.75,4.6478,1.429,59.2,7,,,0.03121,0.1834,0.0000,0.9193,0.0000,0.3121,0.5196,0.2766,CRITICAL,True,10,0,,,,,,
1771435998.160,0.1,68.29,4.6528,1.374,55.3,6,,,0.02776,0.2197,0.0000,0.8964,0.0000,0.2776,0.4770,0.2661,CRITICAL,True,10,0,,,,,,
1771435998.160,0.1,,,,,,,,,,,,,,,0.2661,SAFE,,10,,t3251_0,0.25,HIGH,LOCAL,SAFE: all tasks permitted (weight=0.25),
1771435998.160,0.1,68.11,4.7208,1.360,54.3,6,,,0.03694,0.2074,0.0000,0.5873,0.0000,0.3694,0.4698,0.2321,CRITICAL,True,10,0,,,,,,
1771435998.161,0.1,,,,,,,,,,,,,,,0.2321,SAFE,,10,,t3252_0,0.63,NORMAL,LOCAL,SAFE: all tasks permitted (weight=0.63),
1771435998.161,0.1,67.59,4.6716,1.401,57.2,6,-48064.674,73.40819,0.03781,0.1725,0.0000,0.8111,0.0000,0.3781,0.4907,0.2621,CRITICAL,True,10,0,,,,,,
1771435998.161,0.1,67.78,4.6708,1.348,53.4,6,-66886.009,60.68149,0.03662,0.1856,0.0000,0.8147,0.0000,0.3662,0.4641,0.2576,CRITICAL,True,10,0,,,,,,window_reset|B=10
1771435998.161,0.1,,,,,,,,,,,,,,,0.2576,SAFE,,10,,t3254_0,0.35,CRITICAL,LOCAL,SAFE: all tasks permitted (weight=0.35),
1771435998.161,0.1,68.14,4.6963,1.350,53.5,6,-14265.190,37.69863,0.03648,0.2092,0.0000,0.6985,0.0000,0.3648,0.4648,0.2453,CRITICAL,True,10,0,,,,,,
1771435998.161,0.1,,,,,,,,,,,,,,,0.2453,SAFE,,10,,t3255_0,0.67,HIGH,LOCAL,SAFE: all tasks permitted (weight=0.67),
1771435998.161,0.1,67.37,4.6829,1.398,57.0,6,-70754.237,78.60164,0.03568,0.1583,0.0000,0.7596,0.0000,0.3568,0.4892,0.2513,CRITICAL,True,10,0,,,,,,
1771435998.161,0.1,67.50,4.6653,1.345,53.2,6,-47918.738,-0.48887,0.03104,0.1670,0.0000,0.8398,0.0000,0.3104,0.4627,0.2528,CRITICAL,True,10,0,,,,,,
1771435998.161,0.1,,,,,,,,,,,,,,,0.2528,SAFE,,10,,t3257_0,0.24,NORMAL,LOCAL,SAFE: all tasks permitted (weight=0.24),
1771435998.161,0.1,67.31,4.7116,1.331,52.2,6,-26320.001,63.97188,0.02948,0.1542,0.0000,0.6290,0.0000,0.2948,0.4553,0.2208,CRITICAL,True,10,0,,,,,,
1771435998.161,0.1,,,,,,,,,,,,,,,0.2208,SAFE,,10,,t3258_0,0.59,LOW,LOCAL,SAFE: all tasks permitted (weight=0.59),
1771435998.161,0.1,66.92,4.6973,1.369,54.9,6,-82728.053,44.58730,0.03009,0.1279,0.0000,0.6941,0.0000,0.3009,0.4746,0.2306,CRITICAL,True,10,0,,,,,,
1771435998.161,0.1,,,,,,,,,,,,,,,0.2306,SAFE,,10,,t3259_0,0.37,CRITICAL,LOCAL,SAFE: all tasks permitted (weight=0.37),
1771435998.161,0.1,66.61,4.6525,1.372,55.1,6,-90051.886,-68.46122,0.02292,0.1076,0.0000,0.8979,0.0000,0.2292,0.4760,0.2478,CRITICAL,True,10,0,,,,,,
1771435998.161,0.1,,,,,,,,,,,,,,,0.2478,SAFE,,10,,t3260_0,0.47,HIGH,LOCAL,SAFE: all tasks permitted (weight=0.47),
1771435998.161,0.1,66.78,4.6958,1.390,56.4,6,,,0.02309,0.1184,0.0000,0.7009,0.0000,0.2309,0.4851,0.2255,CRITICAL,True,10,0,,,,,,
1771435998.161,0.1,66.36,4.6991,1.338,52.7,6,,,0.02133,0.0904,0.0000,0.6860,0.0000,0.2133,0.4590,0.2131,CRITICAL,True,10,0,,,,,,
1771435998.161,0.1,66.51,4.6971,1.289,49.2,5,,,0.01921,0.1008,0.0000,0.6948,0.0000,0.1921,0.4196,0.2056,CRITICAL,True,10,0,,,,,,
1771435998.161,0.1,,,,,,,,,,,,,,,0.2056,SAFE,,10,,t3263_0,0.82,HIGH,LOCAL,SAFE: all tasks permitted (weight=0.82),
1771435998.161,0.1,66.27,4.6907,1.364,54.6,6,,,0.01661,0.0848,0.0000,0.7243,0.0000,0.1661,0.4721,0.2154,CRITICAL,True,10,0,,,,,,
1771435998.161,0.1,,,,,,,,,,,,,,,0.2154,SAFE,,10,,t3264_0,0.58,LOW,LOCAL,SAFE: all tasks permitted (weight=0.58),
1771435998.161,0.1,66.10,4.5608,1.398,57.0,6,,,0.03844,0.0733,0.0000,1.0000,0.0000,0.3844,0.4892,0.2751,CRITICAL,True,10,0,,,,,,FAILURE:BROWNOUT(V=4.561V)
1771435998.161,0.1,,,,,,,,,,,,,,,0.2751,SAFE,,10,,t3265_0,0.55,LOW,LOCAL,SAFE: all tasks permitted (weight=0.55),
1771435998.161,0.1,66.20,4.6781,1.426,59.0,7,,,0.03840,0.0803,0.0000,0.7812,0.0000,0.3840,0.5180,0.2532,CRITICAL,True,10,0,,,,,,
1771435998.161,0.1,,,,,,,,,,,,,,,0.2532,SAFE,,10,,t3266_0,0.66,NORMAL,LOCAL,SAFE: all tasks permitted (weight=0.66),
1771435998.161,0.1,65.54,4.6683,1.467,62.0,7,,,0.03802,0.0362,0.0000,0.8258,0.0000,0.3802,0.5387,0.2575,CRITICAL,True,10,0,,,,,,
1771435998.161,0.1,66.18,4.6814,1.410,57.8,6,,,0.03800,0.0787,0.0000,0.7663,0.0000,0.3800,0.4948,0.2460,CRITICAL,True,10,0,,,,,,
1771435998.161,0.1,66.47,4.6881,1.356,54.0,6,,,0.03804,0.0979,0.0000,0.7359,0.0000,0.3804,0.4679,0.2390,CRITICAL,True,10,0,,,,,,window_reset|B=10
1771435998.161,0.1,65.21,4.6952,1.306,50.4,5,,,0.03705,0.0141,0.0000,0.7038,0.0000,0.3705,0.4279,0.2158,CRITICAL,True,10,0,,,,,,
1771435998.161,0.1,65.79,4.6972,1.259,47.1,5,,,0.03704,0.0528,0.0000,0.6947,0.0000,0.3704,0.4047,0.2146,CRITICAL,True,10,0,,,,,,
1771435998.161,0.1,,,,,,,,,,,,,,,0.2146,SAFE,,10,,t3271_0,0.43,CRITICAL,LOCAL,SAFE: all tasks permitted (weight=0.43),
1771435998.161,0.1,65.22,4.7045,1.280,48.6,5,,,0.03715,0.0144,0.0000,0.6614,0.0000,0.3715,0.4149,0.2078,CRITICAL,True,10,0,,,,,,
1771435998.161,0.1,,,,,,,,,,,,,,,0.2078,SAFE,,10,,t3272_0,0.81,LOW,LOCAL,SAFE: all tasks permitted (weight=0.81),
1771435998.161,0.1,65.14,4.6814,1.354,53.9,6,,,0.03684,0.0092,0.0000,0.7666,0.0000,0.3684,0.4672,0.2310,CRITICAL,True,10,0,,,,,,
1771435998.161,0.1,64.76,4.7004,1.305,50.3,5,,,0.03690,0.0000,0.0000,0.6802,0.0000,0.3690,0.4273,0.2108,CRITICAL,True,10,0,,,,,,
1771435998.161,0.1,,,,,,,,,,,,,,,0.2108,SAFE,,10,,t3274_0,0.39,NORMAL,LOCAL,SAFE: all tasks permitted (weight=0.39),
1771435998.161,0.1,64.57,4.6532,1.315,51.1,6,,,0.03706,0.0000,0.0000,0.8946,0.0000,0.3706,0.4474,0.2428,CRITICAL,True,10,0,,,,,,
1771435998.161,0.1,64.62,4.6986,1.268,47.7,5,,,0.03740,0.0000,0.0000,0.6884,0.0000,0.3740,0.4088,0.2087,CRITICAL,True,10,0,,,,,,
1771435998.161,0.1,,,,,,,,,,,,,,,0.2087,SAFE,,10,,t3276_0,0.50,CRITICAL,LOCAL,SAFE: all tasks permitted (weight=0.50),
1771435998.161,0.1,64.86,4.7258,1.297,49.8,5,,,0.01794,0.0000,0.0000,0.5646,0.0000,0.1794,0.4237,0.1761,CRITICAL,True,10,0,,,,,,
1771435998.161,0.1,,,,,,,,,,,,,,,0.1761,SAFE,,10,,t3277_0,0.66,NORMAL,LOCAL,SAFE: all tasks permitted (weight=0.66),
1771435998.161,0.1,64.86,4.7006,1.349,53.5,6,,,0.01784,0.0000,0.0000,0.6791,0.0000,0.1784,0.4644,0.1990,CRITICAL,True,10,0,,,,,,
1771435998.161,0.1,,,,,,,,,,,,,,,0.1990,SAFE,,10,,t3278_0,0.24,LOW,LOCAL,SAFE: all tasks permitted (weight=0.24),
1771435998.161,0.1,64.69,4.7009,1.335,52.5,6,,,0.01659,0.0000,0.0000,0.6777,0.0000,0.1659,0.4575,0.1962,CRITICAL,True,10,0,,,,,,
1771435998.161,0.1,,,,,,,,,,,,,,,0.1962,SAFE,,10,,t3279_0,0.71,LOW,LOCAL,SAFE: all tasks permitted (weight=0.71),
1771435998.161,0.1,64.73,4.6615,1.390,56.5,6,,,0.01863,0.0000,0.0000,0.8567,0.0000,0.1863,0.4852,0.2270,CRITICAL,True,10,0,,,,,,
1771435998.161,0.1,,,,,,,,,,,,,,,0.2270,SAFE,,10,,t3280_0,0.26,HIGH,LOCAL,SAFE: all tasks permitted (weight=0.26),
1771435998.161,0.1,64.99,4.6514,1.376,55.5,6,,,0.02180,0.0000,0.0000,0.9025,0.0000,0.2180,0.4782,0.2348,CRITICAL,True,10,0,,,,,,
1771435998.161,0.1,,,,,,,,,,,,,,,0.2348,SAFE,,10,,t3281_0,0.62,NORMAL,LOCAL,SAFE: all tasks permitted (weight=0.62),
1771435998.161,0.1,64.30,4.6543,1.417,58.3,6,,,0.02371,0.0000,0.0000,0.8896,0.0000,0.2371,0.4984,0.2390,CRITICAL,True,10,0,,,,,,
1771435998.161,0.1,63.91,4.7283,1.363,54.5,6,,,0.02637,0.0000,0.0000,0.5531,0.0000,0.2637,0.4713,0.1925,CRITICAL,True,10,0,,,,,,
1771435998.161,0.1,63.89,4.7370,1.312,50.9,5,,,0.02938,0.0000,0.0000,0.5135,0.0000,0.2938,0.4310,0.1823,CRITICAL,True,10,0,,,,,,window_reset|B=10
1771435998.162,0.1,,,,,,,,,,,,,,,0.1823,SAFE,,10,,t3284_0,0.83,LOW,LOCAL,SAFE: all tasks permitted (weight=0.83),
1771435998.162,0.1,64.54,4.6987,1.388,56.3,6,-19486.487,-27.01517,0.02930,0.0000,0.0000,0.6876,0.0000,0.2930,0.4838,0.2154,CRITICAL,True,10,0,,,,,,
1771435998.162,0.1,,,,,,,,,,,,,,,0.2154,SAFE,,10,,t3285_0,0.25,NORMAL,LOCAL,SAFE: all tasks permitted (weight=0.25),
1771435998.162,0.1,64.04,4.6664,1.372,55.1,6,-49493.245,-34.11196,0.03003,0.0000,0.0000,0.8343,0.0000,0.3003,0.4760,0.2337,CRITICAL,True,10,0,,,,,,
1771435998.162,0.1,,,,,,,,,,,,,,,0.2337,SAFE,,10,,t3286_0,0.42,NORMAL,LOCAL,SAFE: all tasks permitted (weight=0.42),
1771435998.162,0.1,64.11,4.6651,1.383,55.9,6,-34812.213,-35.75485,0.02899,0.0000,0.0000,0.8404,0.0000,0.2899,0.4815,0.2346,CRITICAL,True,10,0,,,,,,
1771435998.162,0.1,,,,,,,,,,,,,,,0.2346,SAFE,,10,,t3287_0,0.38,LOW,LOCAL,SAFE: all tasks permitted (weight=0.38),
1771435998.162,0.1,63.93,4.7073,1.387,56.2,6,-47908.812,45.73427,0.02928,0.0000,0.0000,0.6485,0.0000,0.2928,0.4833,0.2103,CRITICAL,True,10,0,,,,,,
1771435998.162,0.1,,,,,,,,,,,,,,,0.2103,SAFE,,10,,t3288_0,0.57,CRITICAL,LOCAL,SAFE: all tasks permitted (weight=0.57),
1771435998.162,0.1,63.85,4.6556,1.418,58.4,6,-68304.450,4.19537,0.02885,0.0000,0.0000,0.8834,0.0000,0.2885,0.4989,0.2435,CRITICAL,True,10,0,,,,,,
1771435998.162,0.1,,,,,,,,,,,,,,,0.2435,SAFE,,10,,t3289_0,0.47,HIGH,LOCAL,SAFE: all tasks permitted (weight=0.47),
1771435998.162,0.1,63.84,4.6416,1.432,59.4,7,-27866.620,-12.62789,0.03083,0.0000,0.0000,0.9471,0.0000,0.3083,0.5211,0.2582,CRITICAL,True,10,0,,,,,,
1771435998.162,0.1,,,,,,,,,,,,,,,0.2582,SAFE,,10,,t3290_0,0.54,HIGH,LOCAL,SAFE: all tasks permitted (weight=0.54),
1771435998.162,0.1,64.16,4.6309,1.457,61.2,7,14686.381,-97.27535,0.03300,0.0000,0.0000,0.9958,0.0000,0.3300,0.5335,0.2692,CRITICAL,True,10,0,,,,,,
1771435998.162,0.1,63.75,4.7353,1.400,57.1,6,-8728.543,-1.69974,0.03662,0.0000,0.0000,0.5212,0.0000,0.3662,0.4900,0.2024,CRITICAL,True,10,0,,,,,,
1771435998.162,0.1,63.78,4.6800,1.347,53.4,6,,,0.03553,0.0000,0.0000,0.7728,0.0000,0.3553,0.4635,0.2287,CRITICAL,True,10,0,,,,,,
1771435998.162,0.1,63.99,4.6991,1.298,49.8,5,,,0.03462,0.0000,0.0000,0.6861,0.0000,0.3462,0.4238,0.2086,CRITICAL,True,10,0,,,,,,
1771435998.162,0.1,64.27,4.7569,1.252,46.5,5,,,0.03817,0.0000,0.0000,0.4233,0.0000,0.3817,0.4008,0.1734,CRITICAL,True,10,0,,,,,,
1771435998.162,0.1,,,,,,,,,,,,,,,0.1734,SAFE,,10,,t3295_0,0.66,NORMAL,LOCAL,SAFE: all tasks permitted (weight=0.66),
1771435998.162,0.1,63.67,4.6422,1.307,50.5,5,,,0.03731,0.0000,0.0000,0.9444,0.0000,0.3731,0.4283,0.2458,CRITICAL,True,10,0,,,,,,
1771435998.162,0.1,,,,,,,,,,,,,,,0.2458,SAFE,,10,,t3296_0,0.53,NORMAL,LOCAL,SAFE: all tasks permitted (weight=0.53),
1771435998.162,0.1,63.52,4.6797,1.339,52.8,6,,,0.03695,0.0000,0.0000,0.7741,0.0000,0.3695,0.4593,0.2295,CRITICAL,True,10,0,,,,,,
1771435998.162,0.1,,,,,,,,,,,,,,,0.2295,SAFE,,10,,t3297_0,0.39,NORMAL,LOCAL,SAFE: all tasks permitted (weight=0.39),
1771435998.162,0.1,63.78,4.7412,1.347,53.4,6,,,0.04029,0.0000,0.0000,0.4946,0.0000,0.4029,0.4637,0.1973,CRITICAL,True,10,0,,,,,,
1771435998.162,0.1,,,,,,,,,,,,,,,0.1973,SAFE,,10,,t3298_0,0.26,LOW,LOCAL,SAFE: all tasks permitted (weight=0.26),
1771435998.162,0.1,63.33,4.7043,1.336,52.6,6,,,0.04003,0.0000,0.0000,0.6623,0.0000,0.4003,0.4579,0.2177,CRITICAL,True,10,0,,,,,,window_reset|B=10
1771435998.162,0.1,,,,,,,,,,,,,,,0.2177,SAFE,,10,,t3299_0,0.65,LOW,LOCAL,SAFE: all tasks permitted (weight=0.65),
1771435998.162,0.1,63.85,4.7172,1.383,55.9,6,,,0.04049,0.0000,0.0000,0.6034,0.0000,0.4049,0.4816,0.2153,CRITICAL,True,10,0,,,,,,
1771435998.162,0.1,,,,,,,,,,,,,,,0.2153,SAFE,,10,,t3300_0,0.41,NORMAL,LOCAL,SAFE: all tasks permitted (weight=0.41),
1771435998.162,0.1,,,,,,,,,,,,,,,0.2153,SAFE,,10,,t3300_1,0.34,NORMAL,LOCAL,SAFE: all tasks permitted (weight=0.34),
1771435998.162,0.1,,,,,,,,,,,,,,,0.2153,SAFE,,10,,t3300_2,0.55,CRITICAL,LOCAL,SAFE: all tasks permitted (weight=0.55),
1771435998.162,0.1,,,,,,,,,,,,,,,0.2153,SAFE,,10,,t3300_3,0.33,CRITICAL,LOCAL,SAFE: all tasks permitted (weight=0.33),
1771435998.162,0.1,63.63,4.5921,1.571,69.3,8,,,0.04812,0.0000,0.0000,1.0000,0.0000,0.4812,0.6054,0.2992,CRITICAL,True,10,0,,,,,,FAILURE:BROWNOUT(V=4.592V)
1771435998.162,0.1,,,,,,,,,,,,,,,0.2992,SAFE,,10,,t3301_0,0.36,HIGH,LOCAL,SAFE: all tasks permitted (weight=0.36),
1771435998.162,0.1,64.00,4.6201,1.559,68.5,8,,,0.05007,0.0000,0.0000,1.0000,0.0000,0.5007,0.5997,0.3000,CRITICAL,True,10,0,,,,,,
1771435998.162,0.1,63.22,4.7068,1.495,63.9,7,,,0.04780,0.0000,0.0000,0.6507,0.0000,0.4780,0.5526,0.2429,CRITICAL,True,10,0,,,,,,
1771435998.162,0.1,63.97,4.6888,1.436,59.7,7,,,0.04578,0.0000,0.0000,0.7329,0.0000,0.4578,0.5228,0.2456,CRITICAL,True,10,0,,,,,,
1771435998.162,0.1,,,,,,,,,,,,,,,0.2456,SAFE,,10,,t3304_0,0.54,CRITICAL,LOCAL,SAFE: all tasks permitted (weight=0.54),
1771435998.162,0.1,63.90,4.6797,1.460,61.4,7,,,0.04578,0.0000,0.0000,0.7742,0.0000,0.4578,0.5349,0.2534,CRITICAL,True,10,0,,,,,,
1771435998.163,0.1,,,,,,,,,,,,,,,0.2534,SAFE,,10,,t3305_0,0.50,HIGH,LOCAL,SAFE: all tasks permitted (weight=0.50),
1771435998.163,0.1,64.23,4.6129,1.477,62.6,7,30104.456,-142.91260,0.04970,0.0000,0.0000,1.0000,0.0000,0.4970,0.5434,0.2884,CRITICAL,True,10,0,,,,,,FAILURE:BROWNOUT(V=4.613V)
1771435998.163,0.1,63.66,4.6556,1.418,58.5,6,22029.255,-54.24856,0.04394,0.0000,0.0000,0.8836,0.0000,0.4394,0.4992,0.2586,CRITICAL,True,10,0,,,,,,
1771435998.163,0.1,,,,,,,,,,,,,,,0.2586,SAFE,,10,,t3307_0,0.81,NORMAL,LOCAL,SAFE: all tasks permitted (weight=0.81),
1771435998.163,0.1,,,,,,,,,,,,,,,0.2586,SAFE,,10,,t3307_1,0.67,HIGH,LOCAL,SAFE: all tasks permitted (weight=0.67),
1771435998.163,0.1,64.37,4.6753,1.582,70.2,8,34539.059,-46.76630,0.04314,0.0000,0.0000,0.7942,0.0000,0.4314,0.6112,0.2686,CRITICAL,True,10,0,,,,,,
1771435998.163,0.1,64.12,4.6671,1.516,65.5,7,32415.980,83.57793,0.04311,0.0000,0.0000,0.8313,0.0000,0.4311,0.5632,0.2638,CRITICAL,True,10,0,,,,,,
1771435998.163,0.1,64.52,4.6708,1.455,61.1,7,34756.520,56.54408,0.03771,0.0000,0.0000,0.8145,0.0000,0.3771,0.5326,0.2501,CRITICAL,True,10,0,,,,,,
1771435998.163,0.1,,,,,,,,,,,,,,,0.2501,SAFE,,10,,t3310_0,0.54,NORMAL,LOCAL,SAFE: all tasks permitted (weight=0.54),
1771435998.163,0.1,64.78,4.6365,1.478,62.7,7,104102.235,-78.33542,0.03660,0.0000,0.0000,0.9703,0.0000,0.3660,0.5442,0.2716,CRITICAL,True,10,0,,,,,,
1771435998.163,0.1,64.60,4.6445,1.420,58.6,6,42420.591,-49.35948,0.03244,0.0000,0.0000,0.9342,0.0000,0.3244,0.4999,0.2539,CRITICAL,True,10,0,,,,,,
1771435998.163,0.1,,,,,,,,,,,,,,,0.2539,SAFE,,10,,t3312_0,0.55,HIGH,LOCAL,SAFE: all tasks permitted (weight=0.55),
1771435998.163,0.1,64.18,4.6944,1.447,60.5,7,18687.209,16.44312,0.02818,0.0000,0.0000,0.7071,0.0000,0.2818,0.5286,0.2258,CRITICAL,True,10,0,,,,,,
1771435998.163,0.1,64.47,4.6901,1.391,56.5,6,,,0.02590,0.0000,0.0000,0.7267,0.0000,0.2590,0.4854,0.2175,CRITICAL,True,10,0,,,,,,window_reset|B=10
1771435998.163,0.1,,,,,,,,,,,,,,,0.2175,SAFE,,10,,t3314_0,0.51,NORMAL,LOCAL,SAFE: all tasks permitted (weight=0.51),
1771435998.163,0.1,64.31,4.6828,1.414,58.2,6,,,0.02370,0.0000,0.0000,0.7599,0.0000,0.2370,0.4972,0.2219,CRITICAL,True,10,0,,,,,,
1771435998.163,0.1,64.37,4.6715,1.360,54.3,6,,,0.02281,0.0000,0.0000,0.8114,0.0000,0.2281,0.4701,0.2223,CRITICAL,True,10,0,,,,,,
1771435998.163,0.1,,,,,,,,,,,,,,,0.2223,SAFE,,10,,t3316_0,0.54,NORMAL,LOCAL,SAFE: all tasks permitted (weight=0.54),
1771435998.163,0.1,64.34,4.7164,1.390,56.5,6,,,0.02670,0.0000,0.0000,0.6072,0.0000,0.2670,0.4852,0.2027,CRITICAL,True,10,0,,,,,,
1771435998.163,0.1,,,,,,,,,,,,,,,0.2027,SAFE,,10,,t3317_0,0.74,HIGH,LOCAL,SAFE: all tasks permitted (weight=0.74),
1771435998.163,0.1,64.43,4.7276,1.448,60.6,7,,,0.02572,0.0000,0.0000,0.5563,0.0000,0.2572,0.5290,0.2038,CRITICAL,True,10,0,,,,,,
1771435998.163,0.1,64.28,4.7225,1.392,56.5,6,,,0.02751,0.0000,0.0000,0.5797,0.0000,0.2751,0.4858,0.2000,CRITICAL,True,10,0,,,,,,
1771435998.163,0.1,,,,,,,,,,,,,,,0.2000,SAFE,,10,,t3319_0,0.54,CRITICAL,LOCAL,SAFE: all tasks permitted (weight=0.54),
1771435998.163,0.1,64.83,4.6268,1.419,58.5,6,,,0.03164,0.0000,0.0000,1.0000,0.0000,0.3164,0.4993,0.2615,CRITICAL,True,10,0,,,,,,FAILURE:BROWNOUT(V=4.627V)
1771435998.163,0.1,,,,,,,,,,,,,,,0.2615,SAFE,,10,,t3320_0,0.58,HIGH,LOCAL,SAFE: all tasks permitted (weight=0.58),
1771435998.163,0.1,63.79,4.6408,1.451,60.8,7,,,0.03327,0.0000,0.0000,0.9507,0.0000,0.3327,0.5303,0.2629,CRITICAL,True,10,0,,,,,,
1771435998.163,0.1,,,,,,,,,,,,,,,0.2629,SAFE,,10,,t3321_0,0.82,HIGH,LOCAL,SAFE: all tasks permitted (weight=0.82),
1771435998.163,0.1,,,,,,,,,,,,,,,0.2629,SAFE,,10,,t3321_1,0.82,HIGH,LOCAL,SAFE: all tasks permitted (weight=0.82),
1771435998.163,0.1,64.25,4.6093,1.638,74.1,8,,,0.03821,0.0000,0.0000,1.0000,0.0000,0.3821,0.6388,0.2960,CRITICAL,True,10,0,,,,,,FAILURE:BROWNOUT(V=4.609V)
1771435998.163,0.1,,,,,,,,,,,,,,,0.2960,SAFE,,10,,t3322_0,0.37,LOW,LOCAL,SAFE: all tasks permitted (weight=0.37),
1771435998.163,0.1,64.71,4.5998,1.623,73.0,8,,,0.04218,0.0000,0.0000,1.0000,0.0000,0.4218,0.6313,0.2984,CRITICAL,True,10,0,,,,,,
1771435998.163,0.1,,,,,,,,,,,,,,,0.2984,SAFE,,10,,t3323_0,0.36,CRITICAL,LOCAL,SAFE: all tasks permitted (weight=0.36),
1771435998.163,0.1,65.15,4.6061,1.608,72.0,8,,,0.04525,0.0100,0.0000,1.0000,0.0000,0.4525,0.6240,0.3012,CRITICAL,True,10,0,,,,,,
1771435998.163,0.1,64.93,4.6556,1.540,67.2,8,,,0.04446,0.0000,0.0000,0.8837,0.0000,0.4446,0.5902,0.2774,CRITICAL,True,10,0,,,,,,
1771435998.163,0.1,65.11,4.6423,1.477,62.7,7,,,0.04394,0.0073,0.0000,0.9443,0.0000,0.4394,0.5437,0.2763,CRITICAL,True,10,0,,,,,,
1771435998.163,0.1,,,,,,,,,,,,,,,0.2763,SAFE,,10,,t3326_0,0.46,LOW,LOCAL,SAFE: all tasks permitted (weight=0.46),
1771435998.163,0.1,65.07,4.5934,1.487,63.4,7,,,0.04668,0.0048,0.0000,1.0000,0.0000,0.4668,0.5485,0.2870,CRITICAL,True,10,0,,,,,,FAILURE:BROWNOUT(V=4.593V)
1771435998.163,0.1,65.28,4.6572,1.428,59.1,7,,,0.04633,0.0188,0.0000,0.8765,0.0000,0.4633,0.5189,0.2663,CRITICAL,True,10,0,,,,,,
1771435998.163,0.1,65.66,4.6704,1.373,55.2,6,,,0.04239,0.0443,0.0000,0.8165,0.0000,0.4239,0.4764,0.2491,CRITICAL,True,10,0,,,,,,window_reset|B=10
1771435998.163,0.1,,,,,,,,,,,,,,,0.2491,SAFE,,10,,t3329_0,0.81,NORMAL,LOCAL,SAFE: all tasks permitted (weight=0.81),
1771435998.163,0.1,65.06,4.6605,1.442,60.1,7,,,0.03504,0.0038,0.0000,0.8612,0.0000,0.3504,0.5260,0.2527,CRITICAL,True,10,0,,,,,,
1771435998.163,0.1,65.37,4.6733,1.386,56.1,6,,,0.02721,0.0250,0.0000,0.8031,0.0000,0.2721,0.4830,0.2312,CRITICAL,True,10,0,,,,,,
1771435998.163,0.1,,,,,,,,,,,,,,,0.2312,SAFE,,10,,t3331_0,0.34,CRITICAL,LOCAL,SAFE: all tasks permitted (weight=0.34),
1771435998.163,0.1,65.26,4.6996,1.385,56.1,6,,,0.03210,0.0176,0.0000,0.6835,0.0000,0.3210,0.4825,0.2196,CRITICAL,True,10,0,,,,,,
1771435998.163,0.1,,,,,,,,,,,,,,,0.2196,SAFE,,10,,t3332_0,0.30,NORMAL,LOCAL,SAFE: all tasks permitted (weight=0.30),
1771435998.163,0.1,64.86,4.6940,1.378,55.6,6,,,0.03510,0.0000,0.0000,0.7092,0.0000,0.3510,0.4791,0.2231,CRITICAL,True,10,0,,,,,,
1771435998.163,0.1,,,,,,,,,,,,,,,0.2231,SAFE,,10,,t3333_0,0.47,NORMAL,LOCAL,SAFE: all tasks permitted (weight=0.47),
1771435998.163,0.1,64.39,4.6794,1.397,56.9,6,,,0.03420,0.0000,0.0000,0.7755,0.0000,0.3420,0.4885,0.2327,CRITICAL,True,10,0,,,,,,
1771435998.163,0.1,,,,,,,,,,,,,,,0.2327,SAFE,,10,,t3334_0,0.28,LOW,LOCAL,SAFE: all tasks permitted (weight=0.28),
1771435998.163,0.1,64.58,4.7303,1.385,56.1,6,,,0.03636,0.0000,0.0000,0.5440,0.0000,0.3636,0.4826,0.2036,CRITICAL,True,10,0,,,,,,
1771435998.163,0.1,64.76,4.7017,1.333,52.4,6,,,0.03326,0.0000,0.0000,0.6740,0.0000,0.3326,0.4566,0.2122,CRITICAL,True,10,0,,,,,,
1771435998.163,0.1,,,,,,,,,,,,,,,0.2122,SAFE,,10,,t3336_0,0.39,HIGH,LOCAL,SAFE: all tasks permitted (weight=0.39),
1771435998.163,0.1,64.71,4.6693,1.343,53.1,6,,,0.03293,0.0000,0.0000,0.8213,0.0000,0.3293,0.4616,0.2320,CRITICAL,True,10,0,,,,,,
1771435998.163,0.1,64.22,4.6760,1.294,49.6,5,,,0.03163,0.0000,0.0000,0.7907,0.0000,0.3163,0.4221,0.2188,CRITICAL,True,10,0,,,,,,
1771435998.163,0.1,,,,,,,,,,,,,,,0.2188,SAFE,,10,,t3338_0,0.35,NORMAL,LOCAL,SAFE: all tasks permitted (weight=0.35),
1771435998.163,0.1,64.78,4.7220,1.301,50.1,5,,,0.02248,0.0000,0.0000,0.5818,0.0000,0.2248,0.4255,0.1832,CRITICAL,True,10,0,,,,,,
1771435998.164,0.1,,,,,,,,,,,,,,,0.1832,SAFE,,10,,t3339_0,0.53,HIGH,LOCAL,SAFE: all tasks permitted (weight=0.53),
1771435998.164,0.1,,,,,,,,,,,,,,,0.1832,SAFE,,10,,t3339_1,0.33,LOW,LOCAL,SAFE: all tasks permitted (weight=0.33),
1771435998.164,0.1,63.97,4.6971,1.383,55.9,6,-70614.256,-2.29665,0.02084,0.0000,0.0000,0.6950,0.0000,0.2084,0.4814,0.2075,CRITICAL,True,10,0,,,,,,
1771435998.164,0.1,,,,,,,,,,,,,,,0.2075,SAFE,,10,,t3340_0,0.72,HIGH,LOCAL,SAFE: all tasks permitted (weight=0.72),
1771435998.164,0.1,63.68,4.6900,1.438,59.9,7,-63932.046,-3.61750,0.02003,0.0000,0.0000,0.7273,0.0000,0.2003,0.5242,0.2194,CRITICAL,True,10,0,,,,,,
1771435998.164,0.1,,,,,,,,,,,,,,,0.2194,SAFE,,10,,t3341_0,0.31,CRITICAL,LOCAL,SAFE: all tasks permitted (weight=0.31),
1771435998.164,0.1,,,,,,,,,,,,,,,0.2194,SAFE,,10,,t3341_1,0.39,HIGH,LOCAL,SAFE: all tasks permitted (weight=0.39),
1771435998.164,0.1,64.21,4.6676,1.487,63.3,7,-9608.838,-10.68202,0.01920,0.0000,0.0000,0.8289,0.0000,0.1920,0.5483,0.2366,CRITICAL,True,10,0,,,,,,
1771435998.164,0.1,64.56,4.6784,1.427,59.1,7,-1209.009,-47.24039,0.01885,0.0000,0.0000,0.7802,0.0000,0.1885,0.5187,0.2240,CRITICAL,True,10,0,,,,,,
1771435998.164,0.1,,,,,,,,,,,,,,,0.2240,SAFE,,10,,t3343_0,0.47,LOW,LOCAL,SAFE: all tasks permitted (weight=0.47),
1771435998.164,0.1,64.45,4.7101,1.442,60.2,7,-17335.154,7.65616,0.01941,0.0000,0.0000,0.6357,0.0000,0.1941,0.5261,0.2073,CRITICAL,True,10,0,,,,,,window_reset|B=10
1771435998.164,0.1,,,,,,,,,,,,,,,0.2073,SAFE,,10,,t3344_0,0.33,HIGH,LOCAL,SAFE: all tasks permitted (weight=0.33),
1771435998.164,0.1,64.49,4.6379,1.435,59.7,7,-11820.006,-28.55376,0.02466,0.0000,0.0000,0.9641,0.0000,0.2466,0.5227,0.2545,CRITICAL,True,10,0,,,,,,
1771435998.164,0.1,,,,,,,,,,,,,,,0.2545,SAFE,,10,,t3345_0,0.24,LOW,LOCAL,SAFE: all tasks permitted (weight=0.24),
1771435998.164,0.1,64.86,4.6784,1.416,58.3,6,34609.361,2.09903,0.02469,0.0000,0.0000,0.7802,0.0000,0.2469,0.4979,0.2257,CRITICAL,True,10,0,,,,,,
1771435998.164,0.1,64.45,4.6972,1.362,54.4,6,-17705.834,-22.56451,0.02147,0.0000,0.0000,0.6946,0.0000,0.2147,0.4709,0.2059,CRITICAL,True,10,0,,,,,,
1771435998.164,0.1,,,,,,,,,,,,,,,0.2059,SAFE,,10,,t3347_0,0.22,NORMAL,LOCAL,SAFE: all tasks permitted (weight=0.22),
1771435998.164,0.1,64.50,4.7030,1.344,53.1,6,,,0.02156,0.0000,0.0000,0.6681,0.0000,0.2156,0.4618,0.2008,CRITICAL,True,10,0,,,,,,
1771435998.164,0.1,,,,,,,,,,,,,,,0.2008,SAFE,,10,,t3348_0,0.49,HIGH,LOCAL,SAFE: all tasks permitted (weight=0.49),
1771435998.164,0.1,64.19,4.7106,1.367,54.8,6,,,0.02197,0.0000,0.0000,0.6338,0.0000,0.2197,0.4737,0.1991,CRITICAL,True,10,0,,,,,,
1771435998.164,0.1,,,,,,,,,,,,,,,0.1991,SAFE,,10,,t3349_0,0.34,HIGH,LOCAL,SAFE: all tasks permitted (weight=0.34),
1771435998.164,0.1,63.97,4.6921,1.367,54.8,6,,,0.02163,0.0000,0.0000,0.7178,0.0000,0.2163,0.4733,0.2096,CRITICAL,True,10,0,,,,,,
1771435998.164,0.1,,,,,,,,,,,,,,,0.2096,SAFE,,10,,t3350_0,0.57,CRITICAL,LOCAL,SAFE: all tasks permitted (weight=0.57),
1771435998.164,0.1,64.11,4.7116,1.401,57.2,6,,,0.02052,0.0000,0.0000,0.6293,0.0000,0.2052,0.4905,0.2004,CRITICAL,True,10,0,,,,,,
1771435998.164,0.1,,,,,,,,,,,,,,,0.2004,SAFE,,10,,t3351_0,0.41,HIGH,LOCAL,SAFE: all tasks permitted (weight=0.41),
1771435998.164,0.1,64.08,4.6541,1.409,57.8,6,,,0.02253,0.0000,0.0000,0.8903,0.0000,0.2253,0.4946,0.2372,CRITICAL,True,10,0,,,,,,
1771435998.164,0.1,,,,,,,,,,,,,,,0.2372,SAFE,,10,,t3352_0,0.40,LOW,LOCAL,SAFE: all tasks permitted (weight=0.40),
1771435998.164,0.1,64.19,4.7148,1.414,58.2,6,,,0.02391,0.0000,0.0000,0.6144,0.0000,0.2391,0.4972,0.2032,CRITICAL,True,10,0,,,,,,
1771435998.164,0.1,,,,,,,,,,,,,,,0.2032,SAFE,,10,,t3353_0,0.55,LOW,LOCAL,SAFE: all tasks permitted (weight=0.55),
1771435998.164,0.1,64.18,4.6469,1.442,60.2,7,,,0.02597,0.0000,0.0000,0.9230,0.0000,0.2597,0.5262,0.2512,CRITICAL,True,10,0,,,,,,
1771435998.164,0.1,63.87,4.6801,1.386,56.2,6,,,0.02593,0.0000,0.0000,0.7723,0.0000,0.2593,0.4832,0.2230,CRITICAL,True,10,0,,,,,,
1771435998.164,0.1,,,,,,,,,,,,,,,0.2230,SAFE,,10,,t3355_0,0.45,NORMAL,LOCAL,SAFE: all tasks permitted (weight=0.45),
1771435998.164,0.1,,,,,,,,,,,,,,,0.2230,SAFE,,10,,t3355_1,0.50,NORMAL,LOCAL,SAFE: all tasks permitted (weight=0.50),
1771435998.164,0.1,64.07,4.6576,1.475,62.5,7,,,0.02599,0.0000,0.0000,0.8745,0.0000,0.2599,0.5427,0.2482,CRITICAL,True,10,0,,,,,,
1771435998.164,0.1,,,,,,,,,,,,,,,0.2482,SAFE,,10,,t3356_0,0.81,NORMAL,LOCAL,SAFE: all tasks permitted (weight=0.81),
1771435998.164,0.1,64.18,4.6022,1.537,67.0,7,,,0.03218,0.0000,0.0000,1.0000,0.0000,0.3218,0.5737,0.2769,CRITICAL,True,10,0,,,,,,FAILURE:BROWNOUT(V=4.602V)
1771435998.164,0.1,,,,,,,,,,,,,,,0.2769,SAFE,,10,,t3357_0,0.49,HIGH,LOCAL,SAFE: all tasks permitted (weight=0.49),
1771435998.164,0.1,64.48,4.6495,1.548,67.7,8,,,0.03321,0.0000,0.0000,0.9115,0.0000,0.3321,0.5939,0.2705,CRITICAL,True,10,0,,,,,,
1771435998.164,0.1,,,,,,,,,,,,,,,0.2705,SAFE,,10,,t3358_0,0.60,NORMAL,LOCAL,SAFE: all tasks permitted (weight=0.60),
1771435998.164,0.1,,,,,,,,,,,,,,,0.2705,SAFE,,10,,t3358_1,0.58,NORMAL,LOCAL,SAFE: all tasks permitted (weight=0.58),
1771435998.164,0.1,64.74,4.6514,1.659,75.7,9,,,0.03326,0.0000,0.0000,0.9025,0.0000,0.3326,0.6646,0.2835,CRITICAL,True,10,0,,,,,,window_reset|B=10
1771435998.164,0.1,,,,,,,,,,,,,,,0.2835,SAFE,,10,,t3359_0,0.48,CRITICAL,LOCAL,SAFE: all tasks permitted (weight=0.48),
1771435998.164,0.1,64.54,4.6421,1.660,75.7,9,,,0.03291,0.0000,0.0000,0.9449,0.0000,0.3291,0.6650,0.2887,CRITICAL,True,10,0,,,,,,
1771435998.164,0.1,,,,,,,,,,,,,,,0.2887,SAFE,,10,,t3360_0,0.74,CRITICAL,LOCAL,SAFE: all tasks permitted (weight=0.74),
1771435998.164,0.1,65.67,4.5848,1.699,78.5,9,,,0.03734,0.0445,0.0000,1.0000,0.0000,0.3734,0.6845,0.3096,CRITICAL,True,10,0,,,,,,FAILURE:BROWNOUT(V=4.585V)
1771435998.165,0.1,,,,,,,,,,,,,,,0.3096,SAFE,,10,,t3361_0,0.65,NORMAL,LOCAL,SAFE: all tasks permitted (weight=0.65),
1771435998.165,0.1,65.36,4.5876,1.722,80.2,9,78954.353,-65.91007,0.04026,0.0242,0.0000,1.0000,0.0000,0.4026,0.6962,0.3124,CRITICAL,True,10,0,,,,,,
1771435998.165,0.1,65.95,4.6106,1.647,74.8,8,138739.654,-77.20628,0.03660,0.0632,0.0000,1.0000,0.0000,0.3660,0.6434,0.3029,CRITICAL,True,10,0,,,,,,
1771435998.165,0.1,65.89,4.6163,1.576,69.7,8,121976.836,-45.94252,0.03689,0.0596,0.0000,1.0000,0.0000,0.3689,0.6082,0.2957,CRITICAL,True,10,0,,,,,,
1771435998.165,0.1,,,,,,,,,,,,,,,0.2957,SAFE,,10,,t3364_0,0.28,LOW,LOCAL,SAFE: all tasks permitted (weight=0.28),
1771435998.165,0.1,65.66,4.6132,1.553,68.0,8,98777.310,12.28631,0.02884,0.0440,0.0000,1.0000,0.0000,0.2884,0.5963,0.2834,CRITICAL,True,10,0,,,,,,
1771435998.165,0.1,,,,,,,,,,,,,,,0.2834,SAFE,,10,,t3365_0,0.34,HIGH,LOCAL,SAFE: all tasks permitted (weight=0.34),
1771435998.165,0.1,65.94,4.6432,1.540,67.1,8,97624.298,-6.97604,0.02866,0.0628,0.0000,0.9400,0.0000,0.2866,0.5898,0.2764,CRITICAL,True,10,0,,,,,,
1771435998.165,0.1,,,,,,,,,,,,,,,0.2764,SAFE,,10,,t3366_0,0.37,NORMAL,LOCAL,SAFE: all tasks permitted (weight=0.37),
1771435998.165,0.1,66.21,4.6672,1.532,66.6,7,97489.526,17.55435,0.02688,0.0804,0.0000,0.8307,0.0000,0.2688,0.5709,0.2587,CRITICAL,True,10,0,,,,,,
1771435998.165,0.1,,,,,,,,,,,,,,,0.2587,SAFE,,10,,t3367_0,0.81,NORMAL,LOCAL,SAFE: all tasks permitted (weight=0.81),
1771435998.165,0.1,66.08,4.6571,1.590,70.7,8,102369.677,16.66214,0.02683,0.0720,0.0000,0.8768,0.0000,0.2683,0.6152,0.2725,CRITICAL,True,10,0,,,,,,
1771435998.165,0.1,66.67,4.6491,1.524,66.0,7,66554.070,71.53188,0.02633,0.1111,0.0000,0.9130,0.0000,0.2633,0.5670,0.2718,CRITICAL,True,10,0,,,,,,
1771435998.165,0.1,66.83,4.6343,1.462,61.6,7,,,0.02577,0.1217,0.0000,0.9804,0.0000,0.2577,0.5361,0.2751,CRITICAL,True,10,0,,,,,,
1771435998.165,0.1,,,,,,,,,,,,,,,0.2751,SAFE,,10,,t3370_0,0.59,CRITICAL,LOCAL,SAFE: all tasks permitted (weight=0.59),
1771435998.165,0.1,65.84,4.6271,1.494,63.8,7,,,0.02493,0.0561,0.0000,1.0000,0.0000,0.2493,0.5519,0.2720,CRITICAL,True,10,0,,,,,,FAILURE:BROWNOUT(V=4.627V)
1771435998.165,0.1,66.38,4.6448,1.434,59.6,7,,,0.02507,0.0917,0.0000,0.9329,0.0000,0.2507,0.5221,0.2618,CRITICAL,True,10,0,,,,,,
1771435998.165,0.1,,,,,,,,,,,,,,,0.2618,SAFE,,10,,t3372_0,0.45,NORMAL,LOCAL,SAFE: all tasks permitted (weight=0.45),
1771435998.165,0.1,,,,,,,,,,,,,,,0.2618,SAFE,,10,,t3372_1,0.57,LOW,LOCAL,SAFE: all tasks permitted (weight=0.57),
1771435998.165,0.1,66.22,4.5961,1.532,66.6,7,,,0.02360,0.0814,0.0000,1.0000,0.0000,0.2360,0.5710,0.2776,CRITICAL,True,10,0,,,,,,FAILURE:BROWNOUT(V=4.596V)
1771435998.165,0.1,66.51,4.6745,1.470,62.1,7,,,0.02316,0.1005,0.0000,0.7975,0.0000,0.2316,0.5398,0.2469,CRITICAL,True,10,0,,,,,,window_reset|B=10
1771435998.165,0.1,,,,,,,,,,,,,,,0.2469,SAFE,,10,,t3374_0,0.70,NORMAL,LOCAL,SAFE: all tasks permitted (weight=0.70),
1771435998.165,0.1,66.06,4.5972,1.516,65.5,7,,,0.02464,0.0708,0.0000,1.0000,0.0000,0.2464,0.5632,0.2758,CRITICAL,True,10,0,,,,,,FAILURE:BROWNOUT(V=4.597V)
1771435998.165,0.1,,,,,,,,,,,,,,,0.2758,SAFE,,10,,t3375_0,0.48,NORMAL,LOCAL,SAFE: all tasks permitted (weight=0.48),
1771435998.165,0.1,65.99,4.6492,1.527,66.2,7,,,0.02423,0.0663,0.0000,0.9128,0.0000,0.2423,0.5685,0.2646,CRITICAL,True,10,0,,,,,,
1771435998.165,0.1,,,,,,,,,,,,,,,0.2646,SAFE,,10,,t3376_0,0.25,HIGH,LOCAL,SAFE: all tasks permitted (weight=0.25),
1771435998.165,0.1,,,,,,,,,,,,,,,0.2646,SAFE,,10,,t3376_1,0.58,LOW,LOCAL,SAFE: all tasks permitted (weight=0.58),
1771435998.165,0.1,66.32,4.6216,1.589,70.7,8,,,0.02362,0.0877,0.0000,1.0000,0.0000,0.2362,0.6147,0.2871,CRITICAL,True,10,0,,,,,,FAILURE:BROWNOUT(V=4.622V)
1771435998.165,0.1,,,,,,,,,,,,,,,0.2871,SAFE,,10,,t3377_0,0.69,LOW,LOCAL,SAFE: all tasks permitted (weight=0.69),
1771435998.165,0.1,66.63,4.5463,1.626,73.3,8,,,0.03462,0.1086,0.0000,1.0000,0.0000,0.3462,0.6331,0.3043,CRITICAL,True,10,0,,,,,,
1771435998.165,0.1,,,,,,,,,,,,,,,0.3043,SAFE,,10,,t3378_0,0.62,NORMAL,LOCAL,SAFE: all tasks permitted (weight=0.62),
1771435998.165,0.1,,,,,,,,,,,,,,,0.3043,SAFE,,10,,t3378_1,0.69,LOW,LOCAL,SAFE: all tasks permitted (weight=0.69),
1771435998.165,0.1,67.47,4.5788,1.753,82.4,9,,,0.03540,0.1647,0.0000,1.0000,0.0000,0.3540,0.7117,0.3275,CRITICAL,True,10,0,,,,,,
1771435998.165,0.1,,,,,,,,,,,,,,,0.3275,SAFE,,10,,t3379_0,0.41,NORMAL,LOCAL,SAFE: all tasks permitted (weight=0.41),
1771435998.165,0.1,67.39,4.5909,1.737,81.2,9,,,0.03481,0.1594,0.0000,1.0000,0.0000,0.3481,0.7035,0.3246,CRITICAL,True,10,0,,,,,,
1771435998.165,0.1,,,,,,,,,,,,,,,0.3246,SAFE,,10,,t3380_0,0.76,LOW,LOCAL,SAFE: all tasks permitted (weight=0.76),
1771435998.165,0.1,67.33,4.5952,1.774,83.8,10,,,0.03391,0.1553,0.0000,1.0000,0.0000,0.3391,0.7369,0.3299,CRITICAL,True,10,0,,,,,,
1771435998.165,0.1,,,,,,,,,,,,,,,0.3299,SAFE,,10,,t3381_0,0.58,NORMAL,LOCAL,SAFE: all tasks permitted (weight=0.58),
1771435998.165,0.1,67.49,4.6015,1.782,84.4,10,,,0.03340,0.1663,0.0000,1.0000,0.0000,0.3340,0.7409,0.3315,CRITICAL,True,10,0,,,,,,
1771435998.165,0.1,,,,,,,,,,,,,,,0.3315,SAFE,,10,,t3382_0,0.37,NORMAL,LOCAL,SAFE: all tasks permitted (weight=0.37),
1771435998.165,0.1,68.19,4.5336,1.757,82.7,9,,,0.03899,0.2124,0.0000,1.0000,0.0000,0.3899,0.7136,0.3372,CRITICAL,True,10,0,,,,,,
1771435998.165,0.1,,,,,,,,,,,,,,,0.3372,SAFE,,10,,t3383_0,0.54,CRITICAL,LOCAL,SAFE: all tasks permitted (weight=0.54),
1771435998.165,0.1,,,,,,,,,,,,,,,0.3372,SAFE,,10,,t3383_1,0.24,HIGH,LOCAL,SAFE: all tasks permitted (weight=0.24),
1771435998.165,0.1,68.09,4.5487,1.797,85.5,10,,,0.03935,0.2058,0.0000,1.0000,0.0000,0.3935,0.7486,0.3438,CRITICAL,True,10,0,,,,,,
1771435998.165,0.1,,,,,,,,,,,,,,,0.3438,SAFE,,10,,t3384_0,0.35,NORMAL,LOCAL,SAFE: all tasks permitted (weight=0.35),
1771435998.165,0.1,,,,,,,,,,,,,,,0.3438,SAFE,,10,,t3384_1,0.39,NORMAL,LOCAL,SAFE: all tasks permitted (weight=0.39),
1771435998.165,0.1,68.79,4.5841,1.828,87.7,10,,,0.03945,0.2525,0.0000,1.0000,0.0000,0.3945,0.7641,0.3526,CRITICAL,True,10,0,,,,,,
1771435998.165,0.1,68.10,4.5935,1.745,81.8,9,,,0.03103,0.2065,0.0000,1.0000,0.0000,0.3103,0.7075,0.3273,CRITICAL,True,10,0,,,,,,
1771435998.165,0.1,69.11,4.5822,1.668,76.3,9,,,0.03089,0.2737,0.0000,1.0000,0.0000,0.3089,0.6689,0.3275,CRITICAL,True,10,0,,,,,,
1771435998.166,0.1,,,,,,,,,,,,,,,0.3275,SAFE,,10,,t3387_0,0.70,NORMAL,LOCAL,SAFE: all tasks permitted (weight=0.70),
1771435998.166,0.1,69.37,4.5804,1.701,78.6,9,118882.127,-10.44545,0.02419,0.2915,0.0000,1.0000,0.0000,0.2419,0.6855,0.3263,CRITICAL,True,10,0,,,,,,
1771435998.166,0.1,,,,,,,,,,,,,,,0.3263,SAFE,,10,,t3388_0,0.62,HIGH,LOCAL,SAFE: all tasks permitted (weight=0.62),
1771435998.166,0.1,69.28,4.5940,1.721,80.0,9,117101.322,-1.15895,0.02122,0.2854,0.0000,1.0000,0.0000,0.2122,0.6953,0.3245,CRITICAL,True,10,0,,,,,,window_reset|B=10
1771435998.166,0.1,,,,,,,,,,,,,,,0.3245,SAFE,,10,,t3389_0,0.73,NORMAL,LOCAL,SAFE: all tasks permitted (weight=0.73),
1771435998.166,0.1,69.56,4.5492,1.754,82.4,9,123644.147,-52.26375,0.02088,0.3037,0.0000,1.0000,0.0000,0.2088,0.7120,0.3297,CRITICAL,True,10,0,,,,,,
1771435998.166,0.1,,,,,,,,,,,,,,,0.3297,SAFE,,10,,t3390_0,0.72,NORMAL,LOCAL,SAFE: all tasks permitted (weight=0.72),
1771435998.166,0.1,70.06,4.5966,1.784,84.6,10,112315.005,62.92971,0.02152,0.3373,0.0000,1.0000,0.0000,0.2152,0.7420,0.3404,CRITICAL,True,10,0,,,,,,
1771435998.166,0.1,69.83,4.5824,1.704,78.9,9,104785.791,33.72597,0.02127,0.3222,0.0000,1.0000,0.0000,0.2127,0.6870,0.3273,CRITICAL,True,10,0,,,,,,
1771435998.166,0.1,,,,,,,,,,,,,,,0.3273,SAFE,,10,,t3392_0,0.40,NORMAL,LOCAL,SAFE: all tasks permitted (weight=0.40),
1771435998.166,0.1,70.47,4.6038,1.690,77.9,9,100771.740,19.62757,0.02195,0.3645,0.0000,1.0000,0.0000,0.2195,0.6800,0.3317,CRITICAL,True,10,0,,,,,,
1771435998.166,0.1,,,,,,,,,,,,,,,0.3317,SAFE,,10,,t3393_0,0.59,LOW,LOCAL,SAFE: all tasks permitted (weight=0.59),
1771435998.166,0.1,70.08,4.5845,1.705,78.9,9,118976.568,-9.02390,0.02099,0.3387,0.0000,1.0000,0.0000,0.2099,0.6875,0.3291,CRITICAL,True,10,0,,,,,,
1771435998.166,0.1,,,,,,,,,,,,,,,0.3291,SAFE,,10,,t3394_0,0.56,HIGH,LOCAL,SAFE: all tasks permitted (weight=0.56),
1771435998.166,0.1,,,,,,,,,,,,,,,0.3291,SAFE,,10,,t3394_1,0.47,NORMAL,LOCAL,SAFE: all tasks permitted (weight=0.47),
1771435998.166,0.1,70.81,4.5836,1.785,84.6,10,102447.547,1.34270,0.01624,0.3876,0.0000,1.0000,0.0000,0.1624,0.7425,0.3413,CRITICAL,True,10,0,,,,,,
1771435998.166,0.1,70.47,4.6341,1.705,78.9,9,,,0.01865,0.3650,0.0000,0.9814,0.0000,0.1865,0.6875,0.3275,CRITICAL,True,10,0,,,,,,
1771435998.166,0.1,,,,,,,,,,,,,,,0.3275,SAFE,,10,,t3396_0,0.27,HIGH,LOCAL,SAFE: all tasks permitted (weight=0.27),
1771435998.166,0.1,70.29,4.6372,1.671,76.5,9,,,0.02279,0.3526,0.0000,0.9673,0.0000,0.2279,0.6704,0.3249,CRITICAL,True,10,0,,,,,,
1771435998.166,0.1,,,,,,,,,,,,,,,0.3249,SAFE,,10,,t3397_0,0.72,HIGH,LOCAL,SAFE: all tasks permitted (weight=0.72),
1771435998.166,0.1,70.63,4.5988,1.707,79.1,9,,,0.02284,0.3751,0.0000,1.0000,0.0000,0.2284,0.6884,0.3355,CRITICAL,True,10,0,,,,,,FAILURE:BROWNOUT(V=4.599V)
1771435998.166,0.1,,,,,,,,,,,,,,,0.3355,SAFE,,10,,t3398_0,0.55,LOW,LOCAL,SAFE: all tasks permitted (weight=0.55),
1771435998.166,0.1,70.60,4.5844,1.714,79.6,9,,,0.02276,0.3733,0.0000,1.0000,0.0000,0.2276,0.6921,0.3360,CRITICAL,True,10,0,,,,,,
1771435998.166,0.1,,,,,,,,,,,,,,,0.3360,SAFE,,10,,t3399_0,0.49,NORMAL,LOCAL,SAFE: all tasks permitted (weight=0.49),
1771435998.166,0.1,,,,,,,,,,,,,,,0.3360,SAFE,,10,,t3399_1,0.85,HIGH,LOCAL,SAFE: all tasks permitted (weight=0.85),
1771435998.166,0.1,70.69,4.5924,1.840,88.6,10,,,0.02240,0.3792,0.0000,1.0000,0.0000,0.2240,0.7702,0.3520,CRITICAL,True,10,0,,,,,,
1771435998.166,0.1,70.85,4.5237,1.757,82.6,9,,,0.02986,0.3897,0.0000,1.0000,0.0000,0.2986,0.7133,0.3493,CRITICAL,True,10,0,,,,,,
1771435998.166,0.1,,,,,,,,,,,,,,,0.3493,SAFE,,10,,t3401_0,0.28,HIGH,LOCAL,SAFE: all tasks permitted (weight=0.28),
1771435998.166,0.1,71.10,4.6306,1.720,80.0,9,,,0.02924,0.4067,0.0000,0.9971,0.0000,0.2924,0.6952,0.3467,CRITICAL,True,10,0,,,,,,
1771435998.166,0.1,71.01,4.6303,1.645,74.6,8,,,0.03074,0.4005,0.0000,0.9988,0.0000,0.3074,0.6424,0.3371,CRITICAL,True,10,0,,,,,,
1771435998.166,0.1,,,,,,,,,,,,,,,0.3371,SAFE,,10,,t3403_0,0.22,HIGH,LOCAL,SAFE: all tasks permitted (weight=0.22),
1771435998.166,0.1,71.77,4.6113,1.608,72.0,8,,,0.03049,0.4516,0.0000,1.0000,0.0000,0.3049,0.6238,0.3394,CRITICAL,True,10,0,,,,,,window_reset|B=10|FAILURE:BROWNOUT(V=4.611V)
1771435998.166,0.1,,,,,,,,,,,,,,,0.3394,SAFE,,10,,t3404_0,0.77,NORMAL,LOCAL,SAFE: all tasks permitted (weight=0.77),
1771435998.166,0.1,,,,,,,,,,,,,,,0.3394,SAFE,,10,,t3404_1,0.64,HIGH,LOCAL,SAFE: all tasks permitted (weight=0.64),
1771435998.166,0.1,72.17,4.5949,1.752,82.3,9,,,0.03053,0.4780,0.0000,1.0000,0.0000,0.3053,0.7111,0.3601,CRITICAL,True,10,0,,,,,,
1771435998.167,0.1,,,,,,,,,,,,,,,0.3601,SAFE,,10,,t3405_0,0.68,HIGH,LOCAL,SAFE: all tasks permitted (weight=0.68),
1771435998.167,0.1,72.08,4.5744,1.777,84.1,10,87059.221,-24.42210,0.03109,0.4718,0.0000,1.0000,0.0000,0.3109,0.7385,0.3654,CRITICAL,True,10,0,,,,,,
1771435998.167,0.1,71.23,4.5869,1.697,78.4,9,37559.731,2.46609,0.03096,0.4150,0.0000,1.0000,0.0000,0.3096,0.6837,0.3475,CRITICAL,True,10,0,,,,,,
1771435998.167,0.1,,,,,,,,,,,,,,,0.3475,SAFE,,10,,t3407_0,0.62,NORMAL,LOCAL,SAFE: all tasks permitted (weight=0.62),
1771435998.167,0.1,71.60,4.5710,1.718,79.8,9,54782.917,-21.41498,0.03006,0.4401,0.0000,1.0000,0.0000,0.3006,0.6938,0.3516,CRITICAL,True,10,0,,,,,,
1771435998.167,0.1,,,,,,,,,,,,,,,0.3516,SAFE,,10,,t3408_0,0.37,NORMAL,LOCAL,SAFE: all tasks permitted (weight=0.37),
1771435998.167,0.1,71.95,4.5835,1.698,78.4,9,66248.236,59.78352,0.02726,0.4633,0.0000,1.0000,0.0000,0.2726,0.6839,0.3496,CRITICAL,True,10,0,,,,,,
1771435998.167,0.1,71.13,4.6813,1.624,73.1,8,1913.077,50.67885,0.03717,0.4088,0.0000,0.7667,0.0000,0.3717,0.6319,0.3123,CRITICAL,True,10,0,,,,,,
1771435998.167,0.1,72.44,4.6648,1.555,68.2,8,85876.402,34.52517,0.04130,0.4960,0.0000,0.8418,0.0000,0.4130,0.5975,0.3298,CRITICAL,True,10,0,,,,,,
1771435998.167,0.1,,,,,,,,,,,,,,,0.3298,SAFE,,10,,t3411_0,0.70,LOW,LOCAL,SAFE: all tasks permitted (weight=0.70),
1771435998.167,0.1,71.39,4.6211,1.596,71.2,8,-23103.473,9.78768,0.04141,0.4259,0.0000,1.0000,0.0000,0.4141,0.6181,0.3461,CRITICAL,True,10,0,,,,,,FAILURE:BROWNOUT(V=4.621V)
1771435998.167,0.1,,,,,,,,,,,,,,,0.3461,SAFE,,10,,t3412_0,0.43,NORMAL,LOCAL,SAFE: all tasks permitted (weight=0.43),
1771435998.167,0.1,71.32,4.6445,1.594,71.0,8,-51116.022,49.60302,0.03420,0.4212,0.0000,0.9339,0.0000,0.3420,0.6171,0.3296,CRITICAL,True,10,0,,,,,,
1771435998.167,0.1,,,,,,,,,,,,,,,0.3296,SAFE,,10,,t3413_0,0.53,NORMAL,LOCAL,SAFE: all tasks permitted (weight=0.53),
1771435998.167,0.1,71.62,4.6167,1.607,71.9,8,,,0.03392,0.4416,0.0000,1.0000,0.0000,0.3392,0.6236,0.3416,CRITICAL,True,10,0,,,,,,FAILURE:BROWNOUT(V=4.617V)
1771435998.167,0.1,,,,,,,,,,,,,,,0.3416,SAFE,,10,,t3414_0,0.64,NORMAL,LOCAL,SAFE: all tasks permitted (weight=0.64),
1771435998.167,0.1,71.41,4.6046,1.636,74.0,8,,,0.03371,0.4272,0.0000,1.0000,0.0000,0.3371,0.6378,0.3425,CRITICAL,True,10,0,,,,,,
1771435998.167,0.1,,,,,,,,,,,,,,,0.3425,SAFE,,10,,t3415_0,0.82,HIGH,LOCAL,SAFE: all tasks permitted (weight=0.82),
1771435998.167,0.1,71.92,4.5719,1.689,77.8,9,,,0.03557,0.4614,0.0000,1.0000,0.0000,0.3557,0.6797,0.3569,CRITICAL,True,10,0,,,,,,
1771435998.167,0.1,71.80,4.6637,1.616,72.6,8,,,0.03818,0.4533,0.0000,0.8468,0.0000,0.3818,0.6280,0.3283,CRITICAL,True,10,0,,,,,,
1771435998.167,0.1,71.21,4.6488,1.548,67.7,8,,,0.03704,0.4141,0.0000,0.9146,0.0000,0.3704,0.5939,0.3244,CRITICAL,True,10,0,,,,,,
1771435998.167,0.1,,,,,,,,,,,,,,,0.3244,SAFE,,10,,t3418_0,0.58,LOW,LOCAL,SAFE: all tasks permitted (weight=0.58),
1771435998.167,0.1,71.66,4.6745,1.572,69.4,8,,,0.03810,0.4439,0.0000,0.7979,0.0000,0.3810,0.6059,0.3163,CRITICAL,True,10,0,,,,,,window_reset|B=10
1771435998.167,0.1,,,,,,,,,,,,,,,0.3163,SAFE,,10,,t3419_0,0.83,LOW,LOCAL,SAFE: all tasks permitted (weight=0.83),
1771435998.167,0.1,71.46,4.6322,1.632,73.7,8,8041.633,22.03609,0.03388,0.4305,0.0000,0.9898,0.0000,0.3388,0.6361,0.3414,CRITICAL,True,10,0,,,,,,
1771435998.167,0.1,,,,,,,,,,,,,,,0.3414,SAFE,,10,,t3420_0,0.67,NORMAL,LOCAL,SAFE: all tasks permitted (weight=0.67),
1771435998.167,0.1,72.05,4.5795,1.663,76.0,9,87248.181,-128.84859,0.03440,0.4702,0.0000,1.0000,0.0000,0.3440,0.6667,0.3542,CRITICAL,True,10,0,,,,,,FAILURE:BROWNOUT(V=4.579V)
1771435998.167,0.1,,,,,,,,,,,,,,,0.3542,SAFE,,10,,t3421_0,0.71,NORMAL,LOCAL,SAFE: all tasks permitted (weight=0.71),
1771435998.167,0.1,71.46,4.5999,1.699,78.5,9,-19591.424,-33.23315,0.03228,0.4306,0.0000,1.0000,0.0000,0.3228,0.6847,0.3509,CRITICAL,True,10,0,,,,,,
1771435998.167,0.1,71.82,4.5989,1.625,73.2,8,49320.944,-11.38814,0.03094,0.4549,0.0000,1.0000,0.0000,0.3094,0.6327,0.3421,CRITICAL,True,10,0,,,,,,
1771435998.167,0.1,,,,,,,,,,,,,,,0.3421,SAFE,,10,,t3423_0,0.65,HIGH,LOCAL,SAFE: all tasks permitted (weight=0.65),
1771435998.167,0.1,71.83,4.5736,1.655,75.4,9,-10874.599,3.27484,0.03365,0.4553,0.0000,1.0000,0.0000,0.3365,0.6626,0.3508,CRITICAL,True,10,0,,,,,,
1771435998.167,0.1,,,,,,,,,,,,,,,0.3508,SAFE,,10,,t3424_0,0.81,NORMAL,LOCAL,SAFE: all tasks permitted (weight=0.81),
1771435998.167,0.1,72.01,4.6056,1.707,79.1,9,25268.205,-115.08715,0.03274,0.4675,0.0000,1.0000,0.0000,0.3274,0.6887,0.3566,CRITICAL,True,10,0,,,,,,
1771435998.167,0.1,,,,,,,,,,,,,,,0.3566,SAFE,,10,,t3425_0,0.75,CRITICAL,LOCAL,SAFE: all tasks permitted (weight=0.75),
1771435998.167,0.1,71.94,4.5884,1.747,81.9,9,86195.920,-119.61360,0.03348,0.4624,0.0000,1.0000,0.0000,0.3348,0.7083,0.3606,CRITICAL,True,10,0,,,,,,
1771435998.167,0.1,72.41,4.5949,1.669,76.4,9,89535.426,-157.43786,0.03376,0.4941,0.0000,1.0000,0.0000,0.3376,0.6696,0.3570,CRITICAL,True,10,0,,,,,,
1771435998.167,0.1,,,,,,,,,,,,,,,0.3570,SAFE,,10,,t3427_0,0.23,NORMAL,LOCAL,SAFE: all tasks permitted (weight=0.23),
1771435998.167,0.1,72.11,4.5483,1.632,73.7,8,,,0.03655,0.4738,0.0000,1.0000,0.0000,0.3655,0.6358,0.3506,CRITICAL,True,10,0,,,,,,
1771435998.167,0.1,,,,,,,,,,,,,,,0.3506,SAFE,,10,,t3428_0,0.53,NORMAL,LOCAL,SAFE: all tasks permitted (weight=0.53),
1771435998.167,0.1,72.17,4.6074,1.643,74.5,8,,,0.03263,0.4783,0.0000,1.0000,0.0000,0.3263,0.6416,0.3484,CRITICAL,True,10,0,,,,,,
1771435998.167,0.1,,,,,,,,,,,,,,,0.3484,SAFE,,10,,t3429_0,0.67,HIGH,LOCAL,SAFE: all tasks permitted (weight=0.67),
1771435998.167,0.1,71.41,4.5746,1.675,76.8,9,,,0.03059,0.4275,0.0000,1.0000,0.0000,0.3059,0.6724,0.3464,CRITICAL,True,10,0,,,,,,
1771435998.167,0.1,,,,,,,,,,,,,,,0.3464,SAFE,,10,,t3430_0,0.64,LOW,LOCAL,SAFE: all tasks permitted (weight=0.64),
1771435998.167,0.1,72.19,4.5954,1.700,78.6,9,,,0.02019,0.4791,0.0000,1.0000,0.0000,0.2019,0.6850,0.3447,CRITICAL,True,10,0,,,,,,
1771435998.167,0.1,,,,,,,,,,,,,,,0.3447,SAFE,,10,,t3431_0,0.71,CRITICAL,LOCAL,SAFE: all tasks permitted (weight=0.71),
1771435998.167,0.1,71.90,4.4933,1.733,80.9,9,,,0.03065,0.4598,0.0000,1.0000,0.0000,0.3065,0.7016,0.3561,CRITICAL,True,10,0,,,,,,
1771435998.167,0.1,,,,,,,,,,,,,,,0.3561,SAFE,,10,,t3432_0,0.43,HIGH,LOCAL,SAFE: all tasks permitted (weight=0.43),
1771435998.167,0.1,72.77,4.5308,1.722,80.1,9,,,0.03353,0.5178,0.0000,1.0000,0.0000,0.3353,0.6959,0.3648,CRITICAL,True,10,0,,,,,,
1771435998.167,0.1,,,,,,,,,,,,,,,0.3648,SAFE,,10,,t3433_0,0.34,NORMAL,LOCAL,SAFE: all tasks permitted (weight=0.34),
1771435998.167,0.1,72.19,4.6141,1.697,78.4,9,,,0.03459,0.4791,0.0000,1.0000,0.0000,0.3459,0.6835,0.3588,CRITICAL,True,10,0,,,,,,window_reset|B=10
1771435998.167,0.1,,,,,,,,,,,,,,,0.3588,SAFE,,10,,t3434_0,0.54,LOW,LOCAL,SAFE: all tasks permitted (weight=0.54),
1771435998.167,0.1,72.40,4.5742,1.705,78.9,9,,,0.03396,0.4932,0.0000,1.0000,0.0000,0.3396,0.6874,0.3606,CRITICAL,True,10,0,,,,,,
1771435998.167,0.1,,,,,,,,,,,,,,,0.3606,SAFE,,10,,t3435_0,0.69,HIGH,LOCAL,SAFE: all tasks permitted (weight=0.69),
1771435998.167,0.1,72.85,4.5547,1.735,81.1,9,,,0.03443,0.5233,0.0000,1.0000,0.0000,0.3443,0.7027,0.3678,CRITICAL,True,10,0,,,,,,
1771435998.167,0.1,,,,,,,,,,,,,,,0.3678,SAFE,,10,,t3436_0,0.39,NORMAL,LOCAL,SAFE: all tasks permitted (weight=0.39),
1771435998.167,0.1,72.69,4.5836,1.718,79.9,9,,,0.03324,0.5128,0.0000,1.0000,0.0000,0.3324,0.6942,0.3636,CRITICAL,True,10,0,,,,,,
1771435998.167,0.1,,,,,,,,,,,,,,,0.3636,SAFE,,10,,t3437_0,0.71,CRITICAL,LOCAL,SAFE: all tasks permitted (weight=0.71),
1771435998.167,0.1,72.50,4.6018,1.751,82.2,9,,,0.03400,0.5003,0.0000,1.0000,0.0000,0.3400,0.7103,0.3661,CRITICAL,True,10,0,,,,,,
1771435998.167,0.1,,,,,,,,,,,,,,,0.3661,SAFE,,10,,t3438_0,0.47,NORMAL,LOCAL,SAFE: all tasks permitted (weight=0.47),
1771435998.167,0.1,72.26,4.5953,1.745,81.8,9,,,0.03402,0.4840,0.0000,1.0000,0.0000,0.3402,0.7075,0.3636,CRITICAL,True,10,0,,,,,,
1771435998.167,0.1,,,,,,,,,,,,,,,0.3636,SAFE,,10,,t3439_0,0.56,NORMAL,LOCAL,SAFE: all tasks permitted (weight=0.56),
1771435998.167,0.1,72.74,4.5771,1.752,82.3,9,,,0.03321,0.5161,0.0000,1.0000,0.0000,0.3321,0.7111,0.3674,CRITICAL,True,10,0,,,,,,
1771435998.167,0.1,,,,,,,,,,,,,,,0.3674,SAFE,,10,,t3440_0,0.24,HIGH,LOCAL,SAFE: all tasks permitted (weight=0.24),
1771435998.167,0.1,73.02,4.5192,1.710,79.3,9,,,0.03498,0.5347,0.0000,1.0000,0.0000,0.3498,0.6901,0.3672,CRITICAL,True,10,0,,,,,,
1771435998.167,0.1,,,,,,,,,,,,,,,0.3672,SAFE,,10,,t3441_0,0.62,HIGH,LOCAL,SAFE: all tasks permitted (weight=0.62),
1771435998.167,0.1,73.58,4.6127,1.730,80.7,9,,,0.03712,0.5718,0.0000,1.0000,0.0000,0.3712,0.7000,0.3757,CRITICAL,True,10,0,,,,,,
1771435998.167,0.1,72.72,4.6352,1.654,75.3,9,,,0.04075,0.5145,0.0000,0.9765,0.0000,0.4075,0.6619,0.3618,CRITICAL,True,10,0,,,,,,
1771435998.167,0.1,,,,,,,,,,,,,,,0.3618,SAFE,,10,,t3443_0,0.77,LOW,LOCAL,SAFE: all tasks permitted (weight=0.77),
1771435998.167,0.1,72.72,4.6043,1.701,78.6,9,,,0.03320,0.5148,0.0000,1.0000,0.0000,0.3320,0.6853,0.3620,CRITICAL,True,10,0,,,,,,FAILURE:BROWNOUT(V=4.604V)
1771435998.167,0.1,,,,,,,,,,,,,,,0.3620,SAFE,,10,,t3444_0,0.50,CRITICAL,LOCAL,SAFE: all tasks permitted (weight=0.50),
1771435998.167,0.1,,,,,,,,,,,,,,,0.3620,SAFE,,10,,t3444_1,0.55,CRITICAL,LOCAL,SAFE: all tasks permitted (weight=0.55),
1771435998.167,0.1,73.31,4.5601,1.786,84.7,10,,,0.03017,0.5539,0.0000,1.0000,0.0000,0.3017,0.7429,0.3752,CRITICAL,True,10,0,,,,,,
1771435998.167,0.1,,,,,,,,,,,,,,,0.3752,SAFE,,10,,t3445_0,0.54,CRITICAL,LOCAL,SAFE: all tasks permitted (weight=0.54),
1771435998.167,0.1,,,,,,,,,,,,,,,0.3752,SAFE,,10,,t3445_1,0.79,CRITICAL,LOCAL,SAFE: all tasks permitted (weight=0.79),
1771435998.167,0.1,73.23,4.5650,1.907,93.4,11,,,0.02941,0.5485,0.0000,1.0000,0.0000,0.2941,0.8186,0.3890,CRITICAL,True,10,0,,,,,,
1771435998.168,0.1,,,,,,,,,,,,,,,0.3890,SAFE,,10,,t3446_0,0.75,HIGH,LOCAL,SAFE: all tasks permitted (weight=0.75),
1771435998.168,0.1,73.20,4.4896,1.932,95.1,11,56350.874,-105.14232,0.03900,0.5469,0.0000,1.0000,0.0000,0.3900,0.8309,0.4008,CRITICAL,True,10,0,,,,,,
1771435998.168,0.1,,,,,,,,,,,,,,,0.4008,SAFE,,10,,t3447_0,0.84,HIGH,LOCAL,SAFE: all tasks permitted (weight=0.84),
1771435998.168,0.1,73.90,4.5361,1.970,97.8,11,69197.912,-40.80047,0.04013,0.5934,0.0000,1.0000,0.0000,0.4013,0.8498,0.4113,CRITICAL,True,10,0,,,,,,
1771435998.168,0.1,,,,,,,,,,,,,,,0.4113,SAFE,,10,,t3448_0,0.61,NORMAL,LOCAL,SAFE: all tasks permitted (weight=0.61),
1771435998.168,0.1,74.66,4.5597,1.969,97.8,11,97599.269,40.23060,0.04016,0.6437,0.0000,1.0000,0.0000,0.4016,0.8497,0.4174,CRITICAL,True,10,0,,,,,,window_reset|B=10
1771435998.168,0.1,,,,,,,,,,,,,,,0.4174,SAFE,,10,,t3449_0,0.47,NORMAL,LOCAL,SAFE: all tasks permitted (weight=0.47),
1771435998.168,0.1,74.78,4.5150,1.947,96.2,11,72005.819,-97.19810,0.04180,0.6522,0.0000,1.0000,0.0000,0.4180,0.8386,0.4178,CRITICAL,True,10,0,,,,,,
1771435998.168,0.1,74.37,4.5220,1.856,89.7,10,98444.128,-112.53543,0.04215,0.6244,0.0000,1.0000,0.0000,0.4215,0.7779,0.4027,CRITICAL,True,10,0,,,,,,
1771435998.168,0.1,,,,,,,,,,,,,,,0.4027,SAFE,,10,,t3451_0,0.50,HIGH,LOCAL,SAFE: all tasks permitted (weight=0.50),
1771435998.168,0.1,,,,,,,,,,,,,,,0.4027,SAFE,,10,,t3451_1,0.21,LOW,LOCAL,SAFE: all tasks permitted (weight=0.21),
1771435998.168,0.1,74.88,4.5524,1.879,91.3,11,128903.111,-51.57614,0.04177,0.6588,0.0000,1.0000,0.0000,0.4177,0.8044,0.4117,CRITICAL,True,10,0,,,,,,
1771435998.168,0.1,,,,,,,,,,,,,,,0.4117,SAFE,,10,,t3452_0,0.77,LOW,LOCAL,SAFE: all tasks permitted (weight=0.77),
1771435998.168,0.1,74.54,4.5539,1.910,93.6,11,73527.420,-6.21933,0.04030,0.6361,0.0000,1.0000,0.0000,0.4030,0.8199,0.4106,CRITICAL,True,10,0,,,,,,
1771435998.168,0.1,,,,,,,,,,,,,,,0.4106,SAFE,,10,,t3453_0,0.44,NORMAL,LOCAL,SAFE: all tasks permitted (weight=0.44),
1771435998.168,0.1,76.08,4.4846,1.887,91.9,11,170074.513,-79.93957,0.04156,0.7385,0.0000,1.0000,0.0000,0.4156,0.8086,0.4219,CRITICAL,True,10,0,,,,,,
1771435998.168,0.1,,,,,,,,,,,,,,,0.4219,SAFE,,10,,t3454_0,0.31,LOW,LOCAL,SAFE: all tasks permitted (weight=0.31),
1771435998.168,0.1,75.82,4.5227,1.847,89.0,10,,,0.03259,0.7212,0.0000,1.0000,0.0000,0.3259,0.7733,0.4038,CRITICAL,True,10,0,,,,,,
1771435998.168,0.1,75.61,4.6281,1.762,83.0,10,,,0.03696,0.7072,0.0000,1.0000,0.0000,0.3696,0.7311,0.3981,CRITICAL,True,10,0,,,,,,
1771435998.168,0.1,76.04,4.6065,1.684,77.4,9,,,0.04099,0.7360,0.0000,1.0000,0.0000,0.4099,0.6769,0.3947,CRITICAL,True,10,0,,,,,,
1771435998.168,0.1,74.75,4.6038,1.611,72.2,8,,,0.04389,0.6502,0.0000,1.0000,0.0000,0.4389,0.6254,0.3770,CRITICAL,True,10,0,,,,,,
1771435998.168,0.1,,,,,,,,,,,,,,,0.3770,SAFE,,10,,t3458_0,0.67,CRITICAL,LOCAL,SAFE: all tasks permitted (weight=0.67),
1771435998.168,0.1,75.22,4.6008,1.644,74.6,8,,,0.04232,0.6812,0.0000,1.0000,0.0000,0.4232,0.6422,0.3825,CRITICAL,True,10,0,,,,,,
1771435998.168,0.1,,,,,,,,,,,,,,,0.3825,SAFE,,10,,t3459_0,0.49,HIGH,LOCAL,SAFE: all tasks permitted (weight=0.49),
1771435998.168,0.1,75.47,4.5914,1.649,75.0,8,,,0.04279,0.6978,0.0000,1.0000,0.0000,0.4279,0.6447,0.3855,CRITICAL,True,10,0,,,,,,
1771435998.168,0.1,,,,,,,,,,,,,,,0.3855,SAFE,,10,,t3460_0,0.74,HIGH,LOCAL,SAFE: all tasks permitted (weight=0.74),
1771435998.168,0.1,74.51,4.5850,1.692,78.0,9,,,0.04325,0.6339,0.0000,1.0000,0.0000,0.4325,0.6809,0.3855,CRITICAL,True,10,0,,,,,,
1771435998.168,0.1,,,,,,,,,,,,,,,0.3855,SAFE,,10,,t3461_0,0.41,HIGH,LOCAL,SAFE: all tasks permitted (weight=0.41),
1771435998.169,0.1,75.39,4.6253,1.681,77.2,9,-41309.194,140.59523,0.04362,0.6926,0.0000,1.0000,0.0000,0.4362,0.6755,0.3918,CRITICAL,True,10,0,,,,,,
1771435998.169,0.1,,,,,,,,,,,,,,,0.3918,SAFE,,10,,t3462_0,0.65,HIGH,LOCAL,SAFE: all tasks permitted (weight=0.65),
1771435998.169,0.1,,,,,,,,,,,,,,,0.3918,SAFE,,10,,t3462_1,0.36,CRITICAL,LOCAL,SAFE: all tasks permitted (weight=0.36),
1771435998.169,0.1,74.77,4.5839,1.762,83.0,9,-62845.290,61.10468,0.04085,0.6513,0.0000,1.0000,0.0000,0.4085,0.7158,0.3922,CRITICAL,True,10,0,,,,,,
1771435998.169,0.1,,,,,,,,,,,,,,,0.3922,SAFE,,10,,t3463_0,0.70,NORMAL,LOCAL,SAFE: all tasks permitted (weight=0.70),
1771435998.169,0.1,75.77,4.4880,1.790,85.0,10,9444.440,-140.07852,0.04757,0.7177,0.0000,1.0000,0.0000,0.4757,0.7450,0.4127,CRITICAL,True,10,0,,,,,,window_reset|B=10
1771435998.169,0.1,,,,,,,,,,,,,,,0.4127,SAFE,,10,,t3464_0,0.24,NORMAL,LOCAL,SAFE: all tasks permitted (weight=0.24),
1771435998.169,0.1,75.38,4.5939,1.746,81.9,9,-39901.886,-12.62358,0.04753,0.6917,0.0000,1.0000,0.0000,0.4753,0.7081,0.4022,CRITICAL,True,10,0,,,,,,
1771435998.169,0.1,75.24,4.5530,1.669,76.4,9,29009.549,-50.75098,0.03966,0.6825,0.0000,1.0000,0.0000,0.3966,0.6695,0.3854,CRITICAL,True,10,0,,,,,,
1771435998.169,0.1,,,,,,,,,,,,,,,0.3854,SAFE,,10,,t3466_0,0.52,NORMAL,LOCAL,SAFE: all tasks permitted (weight=0.52),
1771435998.169,0.1,74.82,4.5951,1.677,76.9,9,-24111.038,-5.69284,0.03549,0.6544,0.0000,1.0000,0.0000,0.3549,0.6733,0.3787,CRITICAL,True,10,0,,,,,,
1771435998.169,0.1,,,,,,,,,,,,,,,0.3787,SAFE,,10,,t3467_0,0.64,HIGH,LOCAL,SAFE: all tasks permitted (weight=0.64),
1771435998.169,0.1,74.52,4.5854,1.702,78.7,9,-56962.682,-6.04323,0.03336,0.6345,0.0000,1.0000,0.0000,0.3336,0.6858,0.3767,CRITICAL,True,10,0,,,,,,
1771435998.169,0.1,,,,,,,,,,,,,,,0.3767,SAFE,,10,,t3468_0,0.79,HIGH,LOCAL,SAFE: all tasks permitted (weight=0.79),
1771435998.169,0.1,,,,,,,,,,,,,,,0.3767,SAFE,,10,,t3468_1,0.42,CRITICAL,LOCAL,SAFE: all tasks permitted (weight=0.42),
1771435998.169,0.1,74.86,4.6243,1.811,86.5,10,21198.637,39.23962,0.03468,0.6575,0.0000,1.0000,0.0000,0.3468,0.7557,0.3947,CRITICAL,True,10,0,,,,,,
1771435998.169,0.1,,,,,,,,,,,,,,,0.3947,SAFE,,10,,t3469_0,0.38,NORMAL,LOCAL,SAFE: all tasks permitted (weight=0.38),
1771435998.169,0.1,75.69,4.5417,1.787,84.8,10,,,0.03621,0.7124,0.0000,1.0000,0.0000,0.3621,0.7436,0.4004,CRITICAL,True,10,0,,,,,,
1771435998.169,0.1,,,,,,,,,,,,,,,0.4004,SAFE,,10,,t3470_0,0.51,HIGH,LOCAL,SAFE: all tasks permitted (weight=0.51),
1771435998.169,0.1,75.50,4.5251,1.784,84.6,10,,,0.03866,0.7002,0.0000,1.0000,0.0000,0.3866,0.7422,0.4011,CRITICAL,True,10,0,,,,,,
1771435998.169,0.1,,,,,,,,,,,,,,,0.4011,SAFE,,10,,t3471_0,0.38,NORMAL,LOCAL,SAFE: all tasks permitted (weight=0.38),
1771435998.169,0.1,75.72,4.5801,1.763,83.1,10,,,0.03837,0.7145,0.0000,1.0000,0.0000,0.3837,0.7316,0.4004,CRITICAL,True,10,0,,,,,,
1771435998.169,0.1,,,,,,,,,,,,,,,0.4004,SAFE,,10,,t3472_0,0.38,HIGH,LOCAL,SAFE: all tasks permitted (weight=0.38),
1771435998.169,0.1,75.51,4.6002,1.742,81.6,9,,,0.03898,0.7005,0.0000,1.0000,0.0000,0.3898,0.7062,0.3943,CRITICAL,True,10,0,,,,,,
1771435998.169,0.1,,,,,,,,,,,,,,,0.3943,SAFE,,10,,t3473_0,0.78,NORMAL,LOCAL,SAFE: all tasks permitted (weight=0.78),
1771435998.169,0.1,75.27,4.5432,1.784,84.6,10,,,0.03662,0.6845,0.0000,1.0000,0.0000,0.3662,0.7422,0.3972,CRITICAL,True,10,0,,,,,,
1771435998.169,0.1,,,,,,,,,,,,,,,0.3972,SAFE,,10,,t3474_0,0.58,HIGH,LOCAL,SAFE: all tasks permitted (weight=0.58),
1771435998.169,0.1,75.63,4.5142,1.793,85.2,10,,,0.03905,0.7089,0.0000,1.0000,0.0000,0.3905,0.7463,0.4034,CRITICAL,True,10,0,,,,,,
1771435998.169,0.1,,,,,,,,,,,,,,,0.4034,SAFE,,10,,t3475_0,0.32,HIGH,LOCAL,SAFE: all tasks permitted (weight=0.32),
1771435998.169,0.1,,,,,,,,,,,,,,,0.4034,SAFE,,10,,t3475_1,0.33,LOW,LOCAL,SAFE: all tasks permitted (weight=0.33),
1771435998.169,0.1,75.72,4.6181,1.811,86.5,10,,,0.03483,0.7148,0.0000,1.0000,0.0000,0.3483,0.7557,0.4017,CRITICAL,True,10,0,,,,,,
1771435998.169,0.1,,,,,,,,,,,,,,,0.4017,SAFE,,10,,t3476_0,0.51,HIGH,LOCAL,SAFE: all tasks permitted (weight=0.51),
1771435998.169,0.1,,,,,,,,,,,,,,,0.4017,SAFE,,10,,t3476_1,0.59,LOW,LOCAL,SAFE: all tasks permitted (weight=0.59),
1771435998.169,0.1,76.01,4.4329,1.898,92.7,11,,,0.05126,0.7342,0.0000,1.0000,0.0000,0.5126,0.8138,0.4321,CRITICAL,True,10,0,,,,,,
1771435998.169,0.1,,,,,,,,,,,,,,,0.4321,SAFE,,10,,t3477_0,0.58,LOW,LOCAL,SAFE: all tasks permitted (weight=0.58),
1771435998.169,0.1,,,,,,,,,,,,,,,0.4321,SAFE,,10,,t3477_1,0.55,LOW,LOCAL,SAFE: all tasks permitted (weight=0.55),
1771435998.169,0.1,75.77,4.4956,1.982,98.7,11,,,0.05423,0.7180,0.0000,1.0000,0.0000,0.5423,0.8559,0.4416,CRITICAL,True,10,0,,,,,,
1771435998.169,0.1,,,,,,,,,,,,,,,0.4416,SAFE,,10,,t3478_0,0.35,NORMAL,LOCAL,SAFE: all tasks permitted (weight=0.35),
1771435998.169,0.1,75.97,4.5302,1.942,95.9,11,,,0.05315,0.7311,0.0000,1.0000,0.0000,0.5315,0.8361,0.4381,CRITICAL,True,10,0,,,,,,window_reset|B=10
1771435998.169,0.1,,,,,,,,,,,,,,,0.4381,SAFE,,10,,t3479_0,0.83,NORMAL,LOCAL,SAFE: all tasks permitted (weight=0.83),
1771435998.169,0.1,76.04,4.4821,1.978,98.4,11,,,0.05494,0.7361,0.0000,1.0000,0.0000,0.5494,0.8538,0.4440,CRITICAL,True,10,0,,,,,,
1771435998.169,0.1,,,,,,,,,,,,,,,0.4440,SAFE,,10,,t3480_0,0.45,HIGH,LOCAL,SAFE: all tasks permitted (weight=0.45),
1771435998.169,0.1,76.51,4.4955,1.953,96.6,11,,,0.04990,0.7676,0.0000,1.0000,0.0000,0.4990,0.8413,0.4403,CRITICAL,True,10,0,,,,,,
1771435998.169,0.1,,,,,,,,,,,,,,,0.4403,SAFE,,10,,t3481_0,0.75,CRITICAL,LOCAL,SAFE: all tasks permitted (weight=0.75),
1771435998.170,0.1,76.87,4.5358,1.976,98.3,11,96081.021,-7.39861,0.04981,0.7915,0.0000,1.0000,0.0000,0.4981,0.8530,0.4454,CRITICAL,True,10,0,,,,,,
1771435998.170,0.1,77.05,4.5033,1.883,91.6,11,84778.229,-10.83705,0.05033,0.8033,0.0000,1.0000,0.0000,0.5033,0.8063,0.4380,CRITICAL,True,10,0,,,,,,
1771435998.170,0.1,,,,,,,,,,,,,,,0.4380,SAFE,,10,,t3483_0,0.38,LOW,LOCAL,SAFE: all tasks permitted (weight=0.38),
1771435998.170,0.1,76.91,4.5446,1.855,89.6,10,71362.178,-73.31186,0.04815,0.7943,0.0000,1.0000,0.0000,0.4815,0.7773,0.4289,CRITICAL,True,10,0,,,,,,
1771435998.170,0.1,,,,,,,,,,,,,,,0.4289,SAFE,,10,,t3484_0,0.59,HIGH,LOCAL,SAFE: all tasks permitted (weight=0.59),
1771435998.170,0.1,77.51,4.5042,1.861,90.0,10,89385.774,71.11857,0.04259,0.8338,0.0000,1.0000,0.0000,0.4259,0.7803,0.4287,CRITICAL,True,10,0,,,,,,
1771435998.170,0.1,,,,,,,,,,,,,,,0.4287,SAFE,,10,,t3485_0,0.84,NORMAL,LOCAL,SAFE: all tasks permitted (weight=0.84),
1771435998.170,0.1,77.53,4.5225,1.904,93.2,11,105513.024,26.87770,0.04189,0.8355,0.0000,1.0000,0.0000,0.4189,0.8171,0.4356,CRITICAL,True,10,0,,,,,,
1771435998.170,0.1,,,,,,,,,,,,,,,0.4356,SAFE,,10,,t3486_0,0.60,LOW,LOCAL,SAFE: all tasks permitted (weight=0.60),
1771435998.170,0.1,77.65,4.5529,1.907,93.4,11,100997.210,22.68777,0.04318,0.8436,0.0000,1.0000,0.0000,0.4318,0.8185,0.4381,CRITICAL,True,10,0,,,,,,
1771435998.170,0.1,77.79,4.5871,1.819,87.0,10,104477.858,104.70760,0.03769,0.8525,0.0000,1.0000,0.0000,0.3769,0.7593,0.4218,CRITICAL,True,10,0,,,,,,
1771435998.170,0.1,,,,,,,,,,,,,,,0.4218,SAFE,,10,,t3488_0,0.56,LOW,LOCAL,SAFE: all tasks permitted (weight=0.56),
1771435998.170,0.1,77.52,4.5171,1.822,87.3,10,60497.474,21.55283,0.02833,0.8350,0.0000,1.0000,0.0000,0.2833,0.7612,0.4108,CRITICAL,True,10,0,,,,,,
1771435998.170,0.1,,,,,,,,,,,,,,,0.4108,SAFE,,10,,t3489_0,0.68,LOW,LOCAL,SAFE: all tasks permitted (weight=0.68),
1771435998.170,0.1,77.22,4.5484,1.845,88.9,10,,,0.02790,0.8149,0.0000,1.0000,0.0000,0.2790,0.7723,0.4101,CRITICAL,True,10,0,,,,,,
1771435998.170,0.1,,,,,,,,,,,,,,,0.4101,SAFE,,10,,t3490_0,0.57,NORMAL,LOCAL,SAFE: all tasks permitted (weight=0.57),
1771435998.170,0.1,77.50,4.5835,1.848,89.1,10,,,0.03200,0.8335,0.0000,1.0000,0.0000,0.3200,0.7738,0.4168,CRITICAL,True,10,0,,,,,,
1771435998.170,0.1,,,,,,,,,,,,,,,0.4168,SAFE,,10,,t3491_0,0.83,NORMAL,LOCAL,SAFE: all tasks permitted (weight=0.83),
1771435998.170,0.1,77.72,4.5224,1.890,92.1,11,,,0.02858,0.8479,0.0000,1.0000,0.0000,0.2858,0.8098,0.4223,CRITICAL,True,10,0,,,,,,
1771435998.170,0.1,,,,,,,,,,,,,,,0.4223,SAFE,,10,,t3492_0,0.34,CRITICAL,LOCAL,SAFE: all tasks permitted (weight=0.34),
1771435998.170,0.1,77.74,4.5718,1.855,89.6,10,,,0.02760,0.8495,0.0000,1.0000,0.0000,0.2760,0.7775,0.4150,CRITICAL,True,10,0,,,,,,
1771435998.170,0.1,77.45,4.5804,1.770,83.6,10,,,0.02956,0.8299,0.0000,1.0000,0.0000,0.2956,0.7350,0.4062,CRITICAL,True,10,0,,,,,,window_reset|B=10
1771435998.170,0.1,,,,,,,,,,,,,,,0.4062,SAFE,,10,,t3494_0,0.32,LOW,LOCAL,SAFE: all tasks permitted (weight=0.32),
1771435998.170,0.1,77.62,4.6278,1.740,81.4,9,,,0.03459,0.8410,0.0000,1.0000,0.0000,0.3459,0.7048,0.4065,CRITICAL,True,10,0,,,,,,
1771435998.170,0.1,,,,,,,,,,,,,,,0.4065,SAFE,,10,,t3495_0,0.32,NORMAL,LOCAL,SAFE: all tasks permitted (weight=0.32),
1771435998.170,0.1,,,,,,,,,,,,,,,0.4065,SAFE,,10,,t3495_1,0.30,HIGH,LOCAL,SAFE: all tasks permitted (weight=0.30),
1771435998.170,0.1,77.74,4.5493,1.758,82.7,9,,,0.03449,0.8492,0.0000,1.0000,0.0000,0.3449,0.7139,0.4092,CRITICAL,True,10,0,,,,,,
1771435998.170,0.1,,,,,,,,,,,,,,,0.4092,SAFE,,10,,t3496_0,0.63,LOW,LOCAL,SAFE: all tasks permitted (weight=0.63),
1771435998.170,0.1,77.45,4.5585,1.776,84.0,10,,,0.03082,0.8300,0.0000,1.0000,0.0000,0.3082,0.7380,0.4080,CRITICAL,True,10,0,,,,,,
1771435998.170,0.1,76.99,4.5384,1.697,78.3,9,,,0.02949,0.7996,0.0000,1.0000,0.0000,0.2949,0.6833,0.3921,CRITICAL,True,10,0,,,,,,
1771435998.170,0.1,,,,,,,,,,,,,,,0.3921,SAFE,,10,,t3498_0,0.36,HIGH,LOCAL,SAFE: all tasks permitted (weight=0.36),
1771435998.170,0.1,77.19,4.6313,1.678,77.0,9,,,0.03503,0.8128,0.0000,0.9941,0.0000,0.3503,0.6740,0.3966,CRITICAL,True,10,0,,,,,,
1771435998.170,0.1,,,,,,,,,,,,,,,0.3966,SAFE,,10,,t3499_0,0.68,NORMAL,LOCAL,SAFE: all tasks permitted (weight=0.68),
1771435998.170,0.1,,,,,,,,,,,,,,,0.3966,SAFE,,10,,t3499_1,0.36,NORMAL,LOCAL,SAFE: all tasks permitted (weight=0.36),
1771435998.170,0.1,77.27,4.5157,1.766,83.3,10,,,0.03727,0.8181,0.0000,1.0000,0.0000,0.3727,0.7328,0.4120,CRITICAL,True,10,0,,,,,,FAILURE:BROWNOUT(V=4.516V)
1771435998.170,0.1,77.07,4.5288,1.687,77.6,9,,,0.03622,0.8049,0.0000,1.0000,0.0000,0.3622,0.6785,0.3985,CRITICAL,True,10,0,,,,,,
1771435998.170,0.1,,,,,,,,,,,,,,,0.3985,SAFE,,10,,t3501_0,0.39,NORMAL,LOCAL,SAFE: all tasks permitted (weight=0.39),
1771435998.170,0.1,76.73,4.5826,1.673,76.6,9,,,0.03630,0.7818,0.0000,1.0000,0.0000,0.3630,0.6715,0.3944,CRITICAL,True,10,0,,,,,,
1771435998.170,0.1,,,,,,,,,,,,,,,0.3944,SAFE,,10,,t3502_0,0.69,LOW,LOCAL,SAFE: all tasks permitted (weight=0.69),
1771435998.170,0.1,76.93,4.6034,1.706,79.0,9,,,0.03750,0.7955,0.0000,1.0000,0.0000,0.3750,0.6882,0.4006,CRITICAL,True,10,0,,,,,,
1771435998.170,0.1,,,,,,,,,,,,,,,0.4006,SAFE,,10,,t3503_0,0.67,NORMAL,LOCAL,SAFE: all tasks permitted (weight=0.67),
1771435998.170,0.1,76.44,4.5663,1.735,81.1,9,,,0.03498,0.7625,0.0000,1.0000,0.0000,0.3498,0.7026,0.3970,CRITICAL,True,10,0,,,,,,
1771435998.170,0.1,,,,,,,,,,,,,,,0.3970,SAFE,,10,,t3504_0,0.30,LOW,LOCAL,SAFE: all tasks permitted (weight=0.30),
1771435998.170,0.1,77.15,4.5249,1.705,78.9,9,,,0.03725,0.8099,0.0000,1.0000,0.0000,0.3725,0.6873,0.4019,CRITICAL,True,10,0,,,,,,
1771435998.170,0.1,,,,,,,,,,,,,,,0.4019,SAFE,,10,,t3505_0,0.21,LOW,LOCAL,SAFE: all tasks permitted (weight=0.21),
1771435998.170,0.1,76.92,4.6469,1.663,75.9,9,,,0.04325,0.7950,0.0000,0.9230,0.0000,0.4325,0.6663,0.3919,CRITICAL,True,10,0,,,,,,
1771435998.170,0.1,76.69,4.6244,1.591,70.8,8,,,0.04290,0.7791,0.0000,1.0000,0.0000,0.4290,0.6156,0.3895,CRITICAL,True,10,0,,,,,,FAILURE:BROWNOUT(V=4.624V)
1771435998.170,0.1,76.61,4.6588,1.525,66.0,7,,,0.04829,0.7741,0.0000,0.8691,0.0000,0.4829,0.5673,0.3676,CRITICAL,True,10,0,,,,,,
1771435998.170,0.1,,,,,,,,,,,,,,,0.3676,SAFE,,10,,t3508_0,0.36,NORMAL,LOCAL,SAFE: all tasks permitted (weight=0.36),
1771435998.170,0.1,76.25,4.6640,1.518,65.6,7,,,0.05268,0.7501,0.0000,0.8453,0.0000,0.5268,0.5641,0.3654,CRITICAL,True,10,0,,,,,,window_reset|B=10
1771435998.170,0.1,,,,,,,,,,,,,,,0.3654,SAFE,,10,,t3509_0,0.69,HIGH,LOCAL,SAFE: all tasks permitted (weight=0.69),
1771435998.170,0.1,75.94,4.6109,1.563,68.8,8,,,0.05047,0.7295,0.0000,1.0000,0.0000,0.5047,0.6014,0.3883,CRITICAL,True,10,0,,,,,,FAILURE:BROWNOUT(V=4.611V)
1771435998.170,0.1,,,,,,,,,,,,,,,0.3883,SAFE,,10,,t3510_0,0.71,NORMAL,LOCAL,SAFE: all tasks permitted (weight=0.71),
1771435998.170,0.1,76.14,4.6530,1.607,71.9,8,,,0.05205,0.7424,0.0000,0.8952,0.0000,0.5205,0.6235,0.3822,CRITICAL,True,10,0,,,,,,
1771435998.170,0.1,75.88,4.6717,1.539,67.1,8,,,0.04921,0.7253,0.0000,0.8104,0.0000,0.4921,0.5897,0.3595,CRITICAL,True,10,0,,,,,,
1771435998.170,0.1,,,,,,,,,,,,,,,0.3595,SAFE,,10,,t3512_0,0.21,NORMAL,LOCAL,SAFE: all tasks permitted (weight=0.21),
1771435998.170,0.1,75.40,4.6530,1.509,65.0,7,,,0.04350,0.6936,0.0000,0.8953,0.0000,0.4350,0.5597,0.3551,CRITICAL,True,10,0,,,,,,
1771435998.170,0.1,,,,,,,,,,,,,,,0.3551,SAFE,,10,,t3513_0,0.52,NORMAL,LOCAL,SAFE: all tasks permitted (weight=0.52),
1771435998.170,0.1,,,,,,,,,,,,,,,0.3551,SAFE,,10,,t3513_1,0.59,NORMAL,LOCAL,SAFE: all tasks permitted (weight=0.59),
1771435998.170,0.1,75.21,4.5849,1.620,72.8,8,,,0.04333,0.6807,0.0000,1.0000,0.0000,0.4333,0.6299,0.3810,CRITICAL,True,10,0,,,,,,FAILURE:BROWNOUT(V=4.585V)
1771435998.170,0.1,,,,,,,,,,,,,,,0.3810,SAFE,,10,,t3514_0,0.40,LOW,LOCAL,SAFE: all tasks permitted (weight=0.40),
1771435998.170,0.1,75.26,4.5810,1.613,72.4,8,,,0.04455,0.6843,0.0000,1.0000,0.0000,0.4455,0.6266,0.3820,CRITICAL,True,10,0,,,,,,
1771435998.170,0.1,,,,,,,,,,,,,,,0.3820,SAFE,,10,,t3515_0,0.65,LOW,LOCAL,SAFE: all tasks permitted (weight=0.65),
1771435998.170,0.1,74.94,4.5541,1.645,74.6,8,,,0.04588,0.6625,0.0000,1.0000,0.0000,0.4588,0.6425,0.3839,CRITICAL,True,10,0,,,,,,
1771435998.170,0.1,,,,,,,,,,,,,,,0.3839,SAFE,,10,,t3516_0,0.56,LOW,LOCAL,SAFE: all tasks permitted (weight=0.56),
1771435998.170,0.1,74.72,4.5852,1.661,75.8,9,,,0.03790,0.6478,0.0000,1.0000,0.0000,0.3790,0.6653,0.3787,CRITICAL,True,10,0,,,,,,
1771435998.170,0.1,,,,,,,,,,,,,,,0.3787,SAFE,,10,,t3517_0,0.71,NORMAL,LOCAL,SAFE: all tasks permitted (weight=0.71),
1771435998.170,0.1,74.84,4.5897,1.699,78.5,9,,,0.03832,0.6557,0.0000,1.0000,0.0000,0.3832,0.6845,0.3839,CRITICAL,True,10,0,,,,,,
1771435998.170,0.1,,,,,,,,,,,,,,,0.3839,SAFE,,10,,t3518_0,0.26,LOW,LOCAL,SAFE: all tasks permitted (weight=0.26),
1771435998.170,0.1,74.91,4.6226,1.665,76.0,9,,,0.03830,0.6609,0.0000,1.0000,0.0000,0.3830,0.6673,0.3811,CRITICAL,True,10,0,,,,,,
1771435998.170,0.1,,,,,,,,,,,,,,,0.3811,SAFE,,10,,t3519_0,0.64,HIGH,LOCAL,SAFE: all tasks permitted (weight=0.64),
1771435998.170,0.1,74.57,4.5975,1.692,78.0,9,,,0.03672,0.6383,0.0000,1.0000,0.0000,0.3672,0.6809,0.3795,CRITICAL,True,10,0,,,,,,
1771435998.170,0.1,,,,,,,,,,,,,,,0.3795,SAFE,,10,,t3520_0,0.72,LOW,LOCAL,SAFE: all tasks permitted (weight=0.72),
1771435998.170,0.1,75.21,4.5736,1.729,80.6,9,,,0.03491,0.6807,0.0000,1.0000,0.0000,0.3491,0.6993,0.3865,CRITICAL,True,10,0,,,,,,
1771435998.170,0.1,,,,,,,,,,,,,,,0.3865,SAFE,,10,,t3521_0,0.55,CRITICAL,LOCAL,SAFE: all tasks permitted (weight=0.55),
1771435998.170,0.1,75.17,4.5577,1.738,81.3,9,,,0.03736,0.6778,0.0000,1.0000,0.0000,0.3736,0.7038,0.3895,CRITICAL,True,10,0,,,,,,
1771435998.170,0.1,,,,,,,,,,,,,,,0.3895,SAFE,,10,,t3522_0,0.70,LOW,LOCAL,SAFE: all tasks permitted (weight=0.70),
1771435998.170,0.1,75.26,4.5734,1.768,83.4,10,,,0.03468,0.6842,0.0000,1.0000,0.0000,0.3468,0.7340,0.3936,CRITICAL,True,10,0,,,,,,
1771435998.172,0.1,,,,,,,,,,,,,,,0.3936,SAFE,,10,,t3523_0,0.80,LOW,LOCAL,SAFE: all tasks permitted (weight=0.80),
1771435998.172,0.1,74.75,4.5855,1.813,86.6,10,-7368.263,20.84477,0.02595,0.6502,0.0000,1.0000,0.0000,0.2595,0.7564,0.3852,CRITICAL,True,10,0,,,,,,window_reset|B=10
1771435998.172,0.1,75.16,4.6635,1.731,80.8,9,17604.846,52.02691,0.02820,0.6773,0.0000,0.8476,0.0000,0.2820,0.7004,0.3597,CRITICAL,True,10,0,,,,,,
1771435998.172,0.1,,,,,,,,,,,,,,,0.3597,SAFE,,10,,t3525_0,0.23,NORMAL,LOCAL,SAFE: all tasks permitted (weight=0.23),
1771435998.172,0.1,75.03,4.6231,1.690,77.9,9,7559.699,22.16418,0.02967,0.6684,0.0000,1.0000,0.0000,0.2967,0.6800,0.3759,CRITICAL,True,10,0,,,,,,FAILURE:BROWNOUT(V=4.623V)
1771435998.172,0.1,,,,,,,,,,,,,,,0.3759,SAFE,,10,,t3526_0,0.22,NORMAL,LOCAL,SAFE: all tasks permitted (weight=0.22),
1771435998.172,0.1,,,,,,,,,,,,,,,0.3759,SAFE,,10,,t3526_1,0.44,HIGH,LOCAL,SAFE: all tasks permitted (weight=0.44),
1771435998.172,0.1,74.82,4.5638,1.718,79.8,9,-3607.256,-39.04283,0.03057,0.6549,0.0000,1.0000,0.0000,0.3057,0.6939,0.3779,CRITICAL,True,10,0,,,,,,
1771435998.172,0.1,,,,,,,,,,,,,,,0.3779,SAFE,,10,,t3527_0,0.37,LOW,LOCAL,SAFE: all tasks permitted (weight=0.37),
1771435998.172,0.1,75.10,4.5875,1.700,78.6,9,21062.753,-6.66566,0.02856,0.6735,0.0000,1.0000,0.0000,0.2856,0.6850,0.3764,CRITICAL,True,10,0,,,,,,
1771435998.172,0.1,75.10,4.5865,1.626,73.3,8,-4393.030,8.56807,0.02853,0.6734,0.0000,1.0000,0.0000,0.2853,0.6330,0.3659,CRITICAL,True,10,0,,,,,,
1771435998.172,0.1,,,,,,,,,,,,,,,0.3659,SAFE,,10,,t3529_0,0.49,NORMAL,LOCAL,SAFE: all tasks permitted (weight=0.49),
1771435998.172,0.1,75.04,4.6411,1.633,73.8,8,-4972.466,55.38619,0.03133,0.6695,0.0000,0.9495,0.0000,0.3133,0.6363,0.3624,CRITICAL,True,10,0,,,,,,
1771435998.172,0.1,,,,,,,,,,,,,,,0.3624,SAFE,,10,,t3530_0,0.58,HIGH,LOCAL,SAFE: all tasks permitted (weight=0.58),
1771435998.172,0.1,74.65,4.5672,1.653,75.2,9,-24425.526,-4.11166,0.03145,0.6433,0.0000,1.0000,0.0000,0.3145,0.6615,0.3710,CRITICAL,True,10,0,,,,,,FAILURE:BROWNOUT(V=4.567V)
1771435998.172,0.1,74.60,4.6028,1.582,70.2,8,,,0.03154,0.6401,0.0000,1.0000,0.0000,0.3154,0.6111,0.3606,CRITICAL,True,10,0,,,,,,
1771435998.172,0.1,,,,,,,,,,,,,,,0.3606,SAFE,,10,,t3532_0,0.70,HIGH,LOCAL,SAFE: all tasks permitted (weight=0.70),
1771435998.172,0.1,74.40,4.6266,1.624,73.2,8,,,0.03211,0.6265,0.0000,1.0000,0.0000,0.3211,0.6322,0.3637,CRITICAL,True,10,0,,,,,,
1771435998.172,0.1,,,,,,,,,,,,,,,0.3637,SAFE,,10,,t3533_0,0.27,HIGH,LOCAL,SAFE: all tasks permitted (weight=0.27),
1771435998.172,0.1,74.09,4.6094,1.597,71.2,8,,,0.02976,0.6060,0.0000,1.0000,0.0000,0.2976,0.6185,0.3562,CRITICAL,True,10,0,,,,,,
1771435998.172,0.1,,,,,,,,,,,,,,,0.3562,SAFE,,10,,t3534_0,0.41,NORMAL,LOCAL,SAFE: all tasks permitted (weight=0.41),
1771435998.172,0.1,74.07,4.5771,1.594,71.0,8,,,0.02947,0.6047,0.0000,1.0000,0.0000,0.2947,0.6169,0.3554,CRITICAL,True,10,0,,,,,,
1771435998.172,0.1,,,,,,,,,,,,,,,0.3554,SAFE,,10,,t3535_0,0.34,HIGH,LOCAL,SAFE: all tasks permitted (weight=0.34),
1771435998.172,0.1,73.88,4.6185,1.579,69.9,8,,,0.02926,0.5917,0.0000,1.0000,0.0000,0.2926,0.6094,0.3522,CRITICAL,True,10,0,,,,,,
1771435998.172,0.1,,,,,,,,,,,,,,,0.3522,SAFE,,10,,t3536_0,0.67,HIGH,LOCAL,SAFE: all tasks permitted (weight=0.67),
1771435998.172,0.1,73.83,4.6560,1.616,72.6,8,,,0.02808,0.5890,0.0000,0.8817,0.0000,0.2808,0.6281,0.3390,CRITICAL,True,10,0,,,,,,
1771435998.172,0.1,,,,,,,,,,,,,,,0.3390,SAFE,,10,,t3537_0,0.33,NORMAL,LOCAL,SAFE: all tasks permitted (weight=0.33),
1771435998.172,0.1,74.53,4.5511,1.600,71.4,8,,,0.03109,0.6356,0.0000,1.0000,0.0000,0.3109,0.6198,0.3613,CRITICAL,True,10,0,,,,,,FAILURE:BROWNOUT(V=4.551V)
1771435998.172,0.1,,,,,,,,,,,,,,,0.3613,SAFE,,10,,t3538_0,0.29,LOW,LOCAL,SAFE: all tasks permitted (weight=0.29),
1771435998.172,0.1,74.19,4.6523,1.577,69.8,8,,,0.03235,0.6124,0.0000,0.8985,0.0000,0.3235,0.6085,0.3444,CRITICAL,True,10,0,,,,,,window_reset|B=10
1771435998.172,0.1,,,,,,,,,,,,,,,0.3444,SAFE,,10,,t3539_0,0.56,NORMAL,LOCAL,SAFE: all tasks permitted (weight=0.56),
1771435998.172,0.1,,,,,,,,,,,,,,,0.3444,SAFE,,10,,t3539_1,0.33,HIGH,LOCAL,SAFE: all tasks permitted (weight=0.33),
1771435998.172,0.1,73.79,4.5887,1.649,74.9,8,,,0.03229,0.5857,0.0000,1.0000,0.0000,0.3229,0.6445,0.3615,CRITICAL,True,10,0,,,,,,FAILURE:BROWNOUT(V=4.589V)
1771435998.172,0.1,73.82,4.6519,1.579,69.9,8,,,0.03395,0.5883,0.0000,0.9003,0.0000,0.3395,0.6093,0.3434,CRITICAL,True,10,0,,,,,,
1771435998.172,0.1,73.79,4.6531,1.513,65.2,7,,,0.03496,0.5858,0.0000,0.8948,0.0000,0.3496,0.5615,0.3339,CRITICAL,True,10,0,,,,,,
1771435998.172,0.1,,,,,,,,,,,,,,,0.3339,SAFE,,10,,t3542_0,0.73,HIGH,LOCAL,SAFE: all tasks permitted (weight=0.73),
1771435998.172,0.1,73.47,4.6004,1.565,68.9,8,,,0.03245,0.5650,0.0000,1.0000,0.0000,0.3245,0.6024,0.3507,CRITICAL,True,10,0,,,,,,FAILURE:BROWNOUT(V=4.600V)
1771435998.172,0.1,,,,,,,,,,,,,,,0.3507,SAFE,,10,,t3543_0,0.61,LOW,LOCAL,SAFE: all tasks permitted (weight=0.61),
1771435998.172,0.1,72.98,4.6131,1.594,71.0,8,,,0.03223,0.5323,0.0000,1.0000,0.0000,0.3223,0.6169,0.3495,CRITICAL,True,10,0,,,,,,
1771435998.173,0.1,,,,,,,,,,,,,,,0.3495,SAFE,,10,,t3544_0,0.23,LOW,LOCAL,SAFE: all tasks permitted (weight=0.23),
1771435998.173,0.1,,,,,,,,,,,,,,,0.3495,SAFE,,10,,t3544_1,0.52,NORMAL,LOCAL,SAFE: all tasks permitted (weight=0.52),
1771435998.173,0.1,73.01,4.6169,1.643,74.5,8,-48857.674,-38.80727,0.03209,0.5342,0.0000,1.0000,0.0000,0.3209,0.6414,0.3545,CRITICAL,True,10,0,,,,,,
1771435998.173,0.1,,,,,,,,,,,,,,,0.3545,SAFE,,10,,t3545_0,0.49,NORMAL,LOCAL,SAFE: all tasks permitted (weight=0.49),
1771435998.173,0.1,73.06,4.5736,1.649,74.9,8,-87845.663,22.23672,0.03414,0.5372,0.0000,1.0000,0.0000,0.3414,0.6443,0.3575,CRITICAL,True,10,0,,,,,,
1771435998.173,0.1,,,,,,,,,,,,,,,0.3575,SAFE,,10,,t3546_0,0.70,HIGH,LOCAL,SAFE: all tasks permitted (weight=0.70),
1771435998.173,0.1,72.94,4.6252,1.686,77.6,9,-74369.628,-26.85598,0.03252,0.5291,0.0000,1.0000,0.0000,0.3252,0.6781,0.3616,CRITICAL,True,10,0,,,,,,
1771435998.173,0.1,,,,,,,,,,,,,,,0.3616,SAFE,,10,,t3547_0,0.27,NORMAL,LOCAL,SAFE: all tasks permitted (weight=0.27),
1771435998.173,0.1,73.02,4.6009,1.655,75.4,9,-45560.327,12.09612,0.03280,0.5347,0.0000,1.0000,0.0000,0.3280,0.6627,0.3595,CRITICAL,True,10,0,,,,,,
1771435998.173,0.1,,,,,,,,,,,,,,,0.3595,SAFE,,10,,t3548_0,0.58,HIGH,LOCAL,SAFE: all tasks permitted (weight=0.58),
1771435998.173,0.1,73.15,4.5624,1.675,76.8,9,-40436.503,-88.83156,0.03331,0.5430,0.0000,1.0000,0.0000,0.3331,0.6724,0.3629,CRITICAL,True,10,0,,,,,,
1771435998.173,0.1,,,,,,,,,,,,,,,0.3629,SAFE,,10,,t3549_0,0.57,CRITICAL,LOCAL,SAFE: all tasks permitted (weight=0.57),
1771435998.173,0.1,72.56,4.6086,1.691,77.9,9,-72858.814,-44.20458,0.02868,0.5042,0.0000,1.0000,0.0000,0.2868,0.6804,0.3553,CRITICAL,True,10,0,,,,,,
1771435998.173,0.1,,,,,,,,,,,,,,,0.3553,SAFE,,10,,t3550_0,0.69,LOW,LOCAL,SAFE: all tasks permitted (weight=0.69),
1771435998.173,0.1,,,,,,,,,,,,,,,0.3553,SAFE,,10,,t3550_1,0.72,LOW,LOCAL,SAFE: all tasks permitted (weight=0.72),
1771435998.173,0.1,73.31,4.4879,1.835,88.2,10,-9534.494,-111.53273,0.04230,0.5543,0.0000,1.0000,0.0000,0.4230,0.7676,0.3923,CRITICAL,True,10,0,,,,,,
1771435998.173,0.1,,,,,,,,,,,,,,,0.3923,SAFE,,10,,t3551_0,0.55,HIGH,LOCAL,SAFE: all tasks permitted (weight=0.55),
1771435998.173,0.1,73.04,4.5386,1.836,88.3,10,3167.937,-73.88109,0.04542,0.5359,0.0000,1.0000,0.0000,0.4542,0.7682,0.3934,CRITICAL,True,10,0,,,,,,
1771435998.173,0.1,73.52,4.5824,1.753,82.3,9,,,0.04202,0.5683,0.0000,1.0000,0.0000,0.4202,0.7114,0.3825,CRITICAL,True,10,0,,,,,,
1771435998.173,0.1,,,,,,,,,,,,,,,0.3825,SAFE,,10,,t3553_0,0.32,NORMAL,LOCAL,SAFE: all tasks permitted (weight=0.32),
1771435998.173,0.1,73.97,4.5790,1.724,80.3,9,,,0.03725,0.5982,0.0000,1.0000,0.0000,0.3725,0.6970,0.3784,CRITICAL,True,10,0,,,,,,window_reset|B=10
1771435998.173,0.1,,,,,,,,,,,,,,,0.3784,SAFE,,10,,t3554_0,0.54,NORMAL,LOCAL,SAFE: all tasks permitted (weight=0.54),
1771435998.173,0.1,73.64,4.5442,1.733,80.9,9,,,0.03822,0.5761,0.0000,1.0000,0.0000,0.3822,0.7013,0.3776,CRITICAL,True,10,0,,,,,,
1771435998.173,0.1,74.05,4.6145,1.656,75.5,9,,,0.03832,0.6034,0.0000,1.0000,0.0000,0.3832,0.6632,0.3734,CRITICAL,True,10,0,,,,,,
1771435998.173,0.1,,,,,,,,,,,,,,,0.3734,SAFE,,10,,t3556_0,0.58,NORMAL,LOCAL,SAFE: all tasks permitted (weight=0.58),
1771435998.173,0.1,,,,,,,,,,,,,,,0.3734,SAFE,,10,,t3556_1,0.25,LOW,LOCAL,SAFE: all tasks permitted (weight=0.25),
1771435998.173,0.1,73.54,4.6177,1.715,79.6,9,,,0.03839,0.5696,0.0000,1.0000,0.0000,0.3839,0.6923,0.3752,CRITICAL,True,10,0,,,,,,
1771435998.173,0.1,,,,,,,,,,,,,,,0.3752,SAFE,,10,,t3557_0,0.78,HIGH,LOCAL,SAFE: all tasks permitted (weight=0.78),
1771435998.173,0.1,,,,,,,,,,,,,,,0.3752,SAFE,,10,,t3557_1,0.27,LOW,LOCAL,SAFE: all tasks permitted (weight=0.27),
1771435998.173,0.1,73.42,4.5072,1.802,85.9,10,,,0.04311,0.5614,0.0000,1.0000,0.0000,0.4311,0.7512,0.3907,CRITICAL,True,10,0,,,,,,
1771435998.173,0.1,74.19,4.5265,1.721,80.1,9,,,0.04163,0.6126,0.0000,1.0000,0.0000,0.4163,0.6956,0.3843,CRITICAL,True,10,0,,,,,,
1771435998.173,0.1,,,,,,,,,,,,,,,0.3843,SAFE,,10,,t3559_0,0.73,CRITICAL,LOCAL,SAFE: all tasks permitted (weight=0.73),
1771435998.173,0.1,73.86,4.6126,1.759,82.8,9,,,0.04261,0.5906,0.0000,1.0000,0.0000,0.4261,0.7146,0.3864,CRITICAL,True,10,0,,,,,,
1771435998.173,0.1,73.98,4.6334,1.681,77.2,9,,,0.04656,0.5987,0.0000,0.9845,0.0000,0.4656,0.6755,0.3815,CRITICAL,True,10,0,,,,,,
1771435998.173,0.1,74.05,4.6256,1.608,72.0,8,,,0.04792,0.6037,0.0000,1.0000,0.0000,0.4792,0.6241,0.3752,CRITICAL,True,10,0,,,,,,FAILURE:BROWNOUT(V=4.626V)
1771435998.173,0.1,,,,,,,,,,,,,,,0.3752,SAFE,,10,,t3562_0,0.66,NORMAL,LOCAL,SAFE: all tasks permitted (weight=0.66),
1771435998.173,0.1,73.81,4.6299,1.643,74.5,8,,,0.04285,0.5873,0.0000,1.0000,0.0000,0.4285,0.6415,0.3716,CRITICAL,True,10,0,,,,,,
1771435998.173,0.1,,,,,,,,,,,,,,,0.3716,SAFE,,10,,t3563_0,0.24,LOW,LOCAL,SAFE: all tasks permitted (weight=0.24),
1771435998.173,0.1,73.89,4.5804,1.610,72.2,8,,,0.04064,0.5924,0.0000,1.0000,0.0000,0.4064,0.6252,0.3668,CRITICAL,True,10,0,,,,,,
1771435998.173,0.1,,,,,,,,,,,,,,,0.3668,SAFE,,10,,t3564_0,0.58,HIGH,LOCAL,SAFE: all tasks permitted (weight=0.58),
1771435998.173,0.1,73.46,4.6534,1.633,73.8,8,,,0.04442,0.5643,0.0000,0.8937,0.0000,0.4442,0.6367,0.3556,CRITICAL,True,10,0,,,,,,
1771435998.173,0.1,,,,,,,,,,,,,,,0.3556,SAFE,,10,,t3565_0,0.60,LOW,LOCAL,SAFE: all tasks permitted (weight=0.60),
1771435998.173,0.1,,,,,,,,,,,,,,,0.3556,SAFE,,10,,t3565_1,0.20,NORMAL,LOCAL,SAFE: all tasks permitted (weight=0.20),
1771435998.173,0.1,73.63,4.6485,1.688,77.7,9,,,0.04660,0.5750,0.0000,0.9159,0.0000,0.4660,0.6790,0.3705,CRITICAL,True,10,0,,,,,,
1771435998.173,0.1,,,,,,,,,,,,,,,0.3705,SAFE,,10,,t3566_0,0.26,HIGH,LOCAL,SAFE: all tasks permitted (weight=0.26),
1771435998.173,0.1,73.52,4.5751,1.655,75.4,9,,,0.04427,0.5681,0.0000,1.0000,0.0000,0.4427,0.6626,0.3750,CRITICAL,True,10,0,,,,,,FAILURE:BROWNOUT(V=4.575V)
1771435998.173,0.1,73.77,4.5405,1.584,70.3,8,,,0.04717,0.5846,0.0000,1.0000,0.0000,0.4717,0.6122,0.3698,CRITICAL,True,10,0,,,,,,
1771435998.173,0.1,73.46,4.6281,1.518,65.6,7,,,0.04766,0.5642,0.0000,1.0000,0.0000,0.4766,0.5642,0.3582,CRITICAL,True,10,0,,,,,,window_reset|B=10
1771435998.173,0.1,,,,,,,,,,,,,,,0.3582,SAFE,,10,,t3569_0,0.40,NORMAL,LOCAL,SAFE: all tasks permitted (weight=0.40),
1771435998.173,0.1,73.43,4.6270,1.519,65.6,7,,,0.03974,0.5618,0.0000,1.0000,0.0000,0.3974,0.5643,0.3500,CRITICAL,True,10,0,,,,,,
1771435998.173,0.1,,,,,,,,,,,,,,,0.3500,SAFE,,10,,t3570_0,0.25,HIGH,LOCAL,SAFE: all tasks permitted (weight=0.25),
1771435998.173,0.1,73.39,4.6609,1.497,64.1,7,,,0.03408,0.5596,0.0000,0.8596,0.0000,0.3408,0.5534,0.3237,CRITICAL,True,10,0,,,,,,
1771435998.174,0.1,72.67,4.6490,1.437,59.8,7,-72799.997,68.51385,0.03507,0.5115,0.0000,0.9139,0.0000,0.3507,0.5235,0.3199,CRITICAL,True,10,0,,,,,,
1771435998.174,0.1,,,,,,,,,,,,,,,0.3199,SAFE,,10,,t3572_0,0.67,HIGH,LOCAL,SAFE: all tasks permitted (weight=0.67),
1771435998.174,0.1,72.91,4.6773,1.485,63.2,7,-33443.920,23.92175,0.03832,0.5272,0.0000,0.7849,0.0000,0.3832,0.5476,0.3131,CRITICAL,True,10,0,,,,,,
1771435998.174,0.1,,,,,,,,,,,,,,,0.3131,SAFE,,10,,t3573_0,0.45,CRITICAL,LOCAL,SAFE: all tasks permitted (weight=0.45),
1771435998.174,0.1,72.20,4.6717,1.496,64.0,7,-85639.214,23.22304,0.04047,0.4799,0.0000,0.8103,0.0000,0.4047,0.5530,0.3140,CRITICAL,True,10,0,,,,,,
1771435998.174,0.1,,,,,,,,,,,,,,,0.3140,SAFE,,10,,t3574_0,0.46,NORMAL,LOCAL,SAFE: all tasks permitted (weight=0.46),
1771435998.174,0.1,71.94,4.6436,1.507,64.8,7,-95014.050,68.56255,0.04069,0.4625,0.0000,0.9380,0.0000,0.4069,0.5587,0.3299,CRITICAL,True,10,0,,,,,,
1771435998.174,0.1,,,,,,,,,,,,,,,0.3299,SAFE,,10,,t3575_0,0.57,HIGH,LOCAL,SAFE: all tasks permitted (weight=0.57),
1771435998.174,0.1,,,,,,,,,,,,,,,0.3299,SAFE,,10,,t3575_1,0.28,LOW,LOCAL,SAFE: all tasks permitted (weight=0.28),
1771435998.174,0.1,72.64,4.5678,1.578,69.9,8,-67646.324,27.37702,0.04209,0.5094,0.0000,1.0000,0.0000,0.4209,0.6092,0.3551,CRITICAL,True,10,0,,,,,,FAILURE:BROWNOUT(V=4.568V)
1771435998.174,0.1,72.33,4.6077,1.513,65.2,7,-67982.366,-20.43748,0.04173,0.4887,0.0000,1.0000,0.0000,0.4173,0.5615,0.3427,CRITICAL,True,10,0,,,,,,
1771435998.174,0.1,,,,,,,,,,,,,,,0.3427,SAFE,,10,,t3577_0,0.25,LOW,LOCAL,SAFE: all tasks permitted (weight=0.25),
1771435998.174,0.1,71.61,4.6402,1.491,63.7,7,-108888.048,13.17662,0.04140,0.4408,0.0000,0.9536,0.0000,0.4140,0.5507,0.3284,CRITICAL,True,10,0,,,,,,
1771435998.174,0.1,,,,,,,,,,,,,,,0.3284,SAFE,,10,,t3578_0,0.57,HIGH,LOCAL,SAFE: all tasks permitted (weight=0.57),
1771435998.174,0.1,71.66,4.6116,1.521,65.8,7,-103856.860,-49.24139,0.03896,0.4442,0.0000,1.0000,0.0000,0.3896,0.5655,0.3354,CRITICAL,True,10,0,,,,,,FAILURE:BROWNOUT(V=4.612V)
1771435998.174,0.1,71.59,4.6661,1.459,61.4,7,,,0.03015,0.4394,0.0000,0.8359,0.0000,0.3015,0.5347,0.2985,CRITICAL,True,10,0,,,,,,
1771435998.174,0.1,70.95,4.6871,1.402,57.3,6,,,0.03288,0.3970,0.0000,0.7406,0.0000,0.3288,0.4911,0.2750,CRITICAL,True,10,0,,,,,,
1771435998.174,0.1,71.19,4.7256,1.349,53.5,6,,,0.03961,0.4126,0.0000,0.5655,0.0000,0.3961,0.4645,0.2555,CRITICAL,True,10,0,,,,,,
1771435998.174,0.1,,,,,,,,,,,,,,,0.2555,SAFE,,10,,t3582_0,0.51,LOW,LOCAL,SAFE: all tasks permitted (weight=0.51),
1771435998.174,0.1,71.13,4.6778,1.379,55.7,6,,,0.04025,0.4085,0.0000,0.7826,0.0000,0.4025,0.4797,0.2869,CRITICAL,True,10,0,,,,,,
1771435998.174,0.1,,,,,,,,,,,,,,,0.2869,SAFE,,10,,t3583_0,0.46,HIGH,LOCAL,SAFE: all tasks permitted (weight=0.46),
1771435998.174,0.1,,,,,,,,,,,,,,,0.2869,SAFE,,10,,t3583_1,0.63,NORMAL,LOCAL,SAFE: all tasks permitted (weight=0.63),
1771435998.174,0.1,70.74,4.6471,1.498,64.2,7,,,0.04026,0.3827,0.0000,0.9223,0.0000,0.4026,0.5541,0.3169,CRITICAL,True,10,0,,,,,,window_reset|B=10
1771435998.174,0.1,,,,,,,,,,,,,,,0.3169,SAFE,,10,,t3584_0,0.61,HIGH,LOCAL,SAFE: all tasks permitted (weight=0.61),
1771435998.174,0.1,70.64,4.6396,1.534,66.7,7,,,0.03963,0.3758,0.0000,0.9564,0.0000,0.3963,0.5718,0.3234,CRITICAL,True,10,0,,,,,,
1771435998.174,0.1,70.77,4.6725,1.471,62.2,7,,,0.03966,0.3847,0.0000,0.8070,0.0000,0.3966,0.5406,0.2989,CRITICAL,True,10,0,,,,,,
1771435998.174,0.1,,,,,,,,,,,,,,,0.2989,SAFE,,10,,t3586_0,0.25,LOW,LOCAL,SAFE: all tasks permitted (weight=0.25),
1771435998.174,0.1,70.74,4.6475,1.452,60.9,7,,,0.03963,0.3827,0.0000,0.9204,0.0000,0.3963,0.5312,0.3115,CRITICAL,True,10,0,,,,,,
1771435998.174,0.1,,,,,,,,,,,,,,,0.3115,SAFE,,10,,t3587_0,0.84,HIGH,LOCAL,SAFE: all tasks permitted (weight=0.84),
1771435998.174,0.1,70.26,4.6730,1.527,66.2,7,,,0.03145,0.3505,0.0000,0.8048,0.0000,0.3145,0.5684,0.2918,CRITICAL,True,10,0,,,,,,
1771435998.174,0.1,,,,,,,,,,,,,,,0.2918,SAFE,,10,,t3588_0,0.34,LOW,LOCAL,SAFE: all tasks permitted (weight=0.34),
1771435998.174,0.1,70.16,4.6255,1.518,65.6,7,,,0.02939,0.3439,0.0000,1.0000,0.0000,0.2939,0.5640,0.3135,CRITICAL,True,10,0,,,,,,FAILURE:BROWNOUT(V=4.626V)
1771435998.174,0.1,,,,,,,,,,,,,,,0.3135,SAFE,,10,,t3589_0,0.67,HIGH,LOCAL,SAFE: all tasks permitted (weight=0.67),
1771435998.174,0.1,70.76,4.6219,1.562,68.7,8,,,0.03079,0.3839,0.0000,1.0000,0.0000,0.3079,0.6009,0.3270,CRITICAL,True,10,0,,,,,,
1771435998.174,0.1,,,,,,,,,,,,,,,0.3270,SAFE,,10,,t3590_0,0.22,NORMAL,LOCAL,SAFE: all tasks permitted (weight=0.22),
1771435998.174,0.1,71.08,4.5985,1.533,66.6,7,,,0.03261,0.4051,0.0000,1.0000,0.0000,0.3261,0.5713,0.3255,CRITICAL,True,10,0,,,,,,
1771435998.174,0.1,,,,,,,,,,,,,,,0.3255,SAFE,,10,,t3591_0,0.50,HIGH,LOCAL,SAFE: all tasks permitted (weight=0.50),
1771435998.174,0.1,,,,,,,,,,,,,,,0.3255,SAFE,,10,,t3591_1,0.22,NORMAL,LOCAL,SAFE: all tasks permitted (weight=0.22),
1771435998.174,0.1,69.81,4.6268,1.582,70.1,8,,,0.03347,0.3207,0.0000,1.0000,0.0000,0.3347,0.6110,0.3242,CRITICAL,True,10,0,,,,,,
1771435998.174,0.1,,,,,,,,,,,,,,,0.3242,SAFE,,10,,t3592_0,0.80,NORMAL,LOCAL,SAFE: all tasks permitted (weight=0.80),
1771435998.174,0.1,70.21,4.5548,1.641,74.4,8,,,0.04145,0.3475,0.0000,1.0000,0.0000,0.4145,0.6406,0.3413,CRITICAL,True,10,0,,,,,,
1771435998.174,0.1,,,,,,,,,,,,,,,0.3413,SAFE,,10,,t3593_0,0.40,CRITICAL,LOCAL,SAFE: all tasks permitted (weight=0.40),
1771435998.174,0.1,70.89,4.6199,1.634,73.9,8,,,0.03329,0.3925,0.0000,1.0000,0.0000,0.3329,0.6370,0.3378,CRITICAL,True,10,0,,,,,,
1771435998.174,0.1,70.18,4.5740,1.565,68.9,8,,,0.03419,0.3456,0.0000,1.0000,0.0000,0.3419,0.6023,0.3261,CRITICAL,True,10,0,,,,,,
1771435998.174,0.1,69.64,4.6738,1.500,64.3,7,,,0.03636,0.3091,0.0000,0.8008,0.0000,0.3636,0.5550,0.2886,CRITICAL,True,10,0,,,,,,
1771435998.174,0.1,,,,,,,,,,,,,,,0.2886,SAFE,,10,,t3596_0,0.64,HIGH,LOCAL,SAFE: all tasks permitted (weight=0.64),
1771435998.174,0.1,70.03,4.6311,1.540,67.1,8,,,0.03619,0.3352,0.0000,0.9950,0.0000,0.3619,0.5900,0.3238,CRITICAL,True,10,0,,,,,,
1771435998.174,0.1,69.16,4.6356,1.477,62.7,7,,,0.03365,0.2772,0.0000,0.9746,0.0000,0.3365,0.5436,0.3023,CRITICAL,True,10,0,,,,,,
1771435998.174,0.1,,,,,,,,,,,,,,,0.3023,SAFE,,10,,t3598_0,0.40,NORMAL,LOCAL,SAFE: all tasks permitted (weight=0.40),
1771435998.174,0.1,69.84,4.6520,1.481,63.0,7,,,0.03393,0.3225,0.0000,0.8999,0.0000,0.3393,0.5457,0.2988,CRITICAL,True,10,0,,,,,,window_reset|B=10
1771435998.175,0.1,,,,,,,,,,,,,,,0.2988,SAFE,,10,,t3599_0,0.36,NORMAL,LOCAL,SAFE: all tasks permitted (weight=0.36),
