timestamp,elapsed_sec,temperature,voltage,current,cpu_percent,queue_depth,dT_dt,dV_dt,sigma_V,x1_thermal_prox,x2_thermal_vel,x3_voltage_sag,x4_voltage_drop,x5_voltage_instab,x6_load_pressure,risk_score,device_state,is_cold_start,budget_remaining,tasks_this_window,task_id,task_weight,task_priority,decision,reason,event
1771434250.536,0.0,29.99,4.8910,0.642,3.0,0,,,,0.0000,0.0000,0.0000,0.0000,0.0000,0.0210,0.0042,SAFE,True,10,0,,,,,,
1771434250.536,0.0,,,,,,,,,,,,,,,0.0042,SAFE,,9,,t0_0,0.46,LOW,LOCAL,SAFE: all tasks permitted (weight=0.46),
1771434250.536,0.0,30.26,4.8757,0.762,11.6,0,,,0.00765,0.0000,0.0000,0.0000,0.0000,0.0765,0.0809,0.0238,SAFE,True,9,1,,,,,,
1771434250.536,0.0,30.40,4.8594,0.753,11.0,0,,,0.01292,0.0000,0.0000,0.0000,0.0000,0.1292,0.0767,0.0283,SAFE,True,9,1,,,,,,
1771434250.538,0.0,30.62,4.8648,0.746,10.4,0,,,0.01209,0.0000,0.0000,0.0000,0.0000,0.1209,0.0728,0.0267,SAFE,True,9,1,,,,,,
1771434250.538,0.0,,,,,,,,,,,,,,,0.0267,SAFE,,8,,t3_0,0.18,HIGH,LOCAL,SAFE: all tasks permitted (weight=0.18),
1771434250.538,0.0,30.75,4.8548,0.786,13.3,1,,,0.01298,0.0000,0.0000,0.0000,0.0000,0.1298,0.1081,0.0346,SAFE,True,8,2,,,,,,
1771434250.538,0.0,,,,,,,,,,,,,,,0.0346,SAFE,,7,,t4_0,0.70,NORMAL,LOCAL,SAFE: all tasks permitted (weight=0.70),
1771434250.538,0.0,30.64,4.8089,0.958,25.6,2,,,0.02539,0.0000,0.0000,0.1371,0.0000,0.2539,0.2092,0.0850,SAFE,True,7,3,,,,,,
1771434250.538,0.0,31.11,4.8146,0.936,24.0,2,,,0.02820,0.0000,0.0000,0.1181,0.0000,0.2820,0.1981,0.0832,SAFE,True,7,3,,,,,,
1771434250.538,0.0,31.23,4.8111,0.916,22.5,1,,,0.02975,0.0000,0.0000,0.1296,0.0000,0.2975,0.1728,0.0812,SAFE,True,7,3,,,,,,
1771434250.538,0.0,31.78,4.8229,0.897,21.2,1,49489.476,-31.35878,0.02909,0.0000,1.0000,0.0903,1.0000,0.2909,0.1633,0.5235,WARNING,False,7,3,,,,,,
1771434250.538,0.0,32.18,4.8423,0.879,19.9,1,53112.691,-15.36063,0.02761,0.0000,1.0000,0.0255,1.0000,0.2761,0.1543,0.5118,WARNING,False,7,3,,,,,,
1771434250.538,0.0,32.03,4.8183,0.862,18.7,1,45026.108,-18.92327,0.02739,0.0000,1.0000,0.1058,1.0000,0.2739,0.1461,0.5204,WARNING,False,7,3,,,,,,
1771434250.538,0.0,,,,,,,,,,,,,,,0.5204,WARNING,,6,,t10_0,0.25,NORMAL,LOCAL,WARNING: lightweight task permitted (weight=0.25 < 0.3),
1771434250.538,0.0,32.34,4.8199,0.913,22.3,1,,,0.02693,0.0000,0.0000,0.1004,0.0000,0.2693,0.1714,0.0743,SAFE,False,6,4,,,,,,
1771434250.538,0.0,32.42,4.8128,0.894,21.0,1,,,0.02306,0.0000,0.0000,0.1239,0.0000,0.2306,0.1619,0.0715,SAFE,False,9,0,,,,,,window_reset|B=9
1771434250.538,0.0,31.95,4.8226,0.876,19.7,1,,,0.01939,0.0000,0.0000,0.0912,0.0000,0.1939,0.1531,0.0619,SAFE,False,9,0,,,,,,
1771434250.538,0.0,32.53,4.8436,0.860,18.6,1,,,0.01778,0.0000,0.0000,0.0212,0.0000,0.1778,0.1449,0.0495,SAFE,False,9,0,,,,,,
1771434250.538,0.0,32.62,4.8438,0.845,17.5,1,,,0.01489,0.0000,0.0000,0.0206,0.0000,0.1489,0.1373,0.0450,SAFE,False,9,0,,,,,,
1771434250.538,0.0,32.51,4.8350,0.830,16.5,1,,,0.01255,0.0000,0.0000,0.0502,0.0000,0.1255,0.1302,0.0451,SAFE,False,9,0,,,,,,
1771434250.538,0.0,32.84,4.8534,0.817,15.5,1,,,0.01385,0.0000,0.0000,0.0000,0.0000,0.1385,0.1236,0.0386,SAFE,False,9,0,,,,,,
1771434250.538,0.0,32.60,4.8377,0.805,14.6,1,,,0.01340,0.0000,0.0000,0.0410,0.0000,0.1340,0.1174,0.0422,SAFE,False,9,0,,,,,,
1771434250.538,0.0,32.87,4.8454,0.793,13.8,1,,,0.01264,0.0000,0.0000,0.0152,0.0000,0.1264,0.1117,0.0370,SAFE,False,9,0,,,,,,
1771434250.538,0.0,33.36,4.8532,0.783,13.1,1,,,0.01335,0.0000,0.0000,0.0000,0.0000,0.1335,0.1064,0.0346,SAFE,False,9,0,,,,,,
1771434250.538,0.0,,,,,,,,,,,,,,,0.0346,SAFE,,8,,t20_0,0.73,LOW,LOCAL,SAFE: all tasks permitted (weight=0.73),
1771434250.538,0.0,32.90,4.7891,0.963,25.9,2,,,0.01831,0.0000,0.0000,0.2029,0.0000,0.1831,0.2113,0.0869,SAFE,False,8,1,,,,,,
1771434250.538,0.0,33.30,4.8175,0.940,24.3,2,,,0.01836,0.0000,0.0000,0.1085,0.0000,0.1836,0.2000,0.0725,SAFE,False,8,1,,,,,,
1771434250.538,0.0,33.41,4.8280,0.919,22.8,1,,,0.01808,0.0000,0.0000,0.0734,0.0000,0.1808,0.1746,0.0625,SAFE,False,8,1,,,,,,
1771434250.538,0.0,33.74,4.8183,0.900,21.4,1,,,0.01766,0.0000,0.0000,0.1058,0.0000,0.1766,0.1649,0.0644,SAFE,False,8,1,,,,,,
1771434250.538,0.0,33.13,4.8442,0.882,20.1,1,,,0.01768,0.0000,0.0000,0.0192,0.0000,0.1768,0.1559,0.0514,SAFE,False,9,0,,,,,,window_reset|B=9
1771434250.539,0.0,,,,,,,,,,,,,,,0.0514,SAFE,,8,,t25_0,0.34,NORMAL,LOCAL,SAFE: all tasks permitted (weight=0.34),
1771434250.539,0.0,33.79,4.8210,0.954,25.3,2,47670.752,-11.11041,0.01777,0.0000,1.0000,0.0967,1.0000,0.1777,0.2069,0.5217,WARNING,False,8,1,,,,,,
1771434250.539,0.0,33.91,4.8324,0.932,23.7,2,41564.253,-8.69124,0.01743,0.0000,1.0000,0.0588,1.0000,0.1743,0.1960,0.5143,WARNING,False,8,1,,,,,,
1771434250.539,0.0,33.88,4.8270,0.912,22.3,1,20771.584,-17.42243,0.01743,0.0000,1.0000,0.0768,1.0000,0.1743,0.1709,0.5116,WARNING,False,8,1,,,,,,
1771434250.539,0.0,34.01,4.8265,0.893,20.9,1,44437.931,24.82414,0.01603,0.0000,1.0000,0.0784,0.0000,0.1603,0.1614,0.3085,WARNING,False,8,1,,,,,,
1771434250.539,0.0,34.54,4.8409,0.875,19.7,1,49202.816,15.55506,0.01620,0.0000,1.0000,0.0305,0.0000,0.1620,0.1527,0.3007,WARNING,False,8,1,,,,,,
1771434250.539,0.0,34.17,4.8372,0.859,18.5,1,30192.765,6.13055,0.01564,0.0000,1.0000,0.0427,0.0000,0.1564,0.1445,0.3001,WARNING,False,8,1,,,,,,
1771434250.539,0.0,34.67,4.8387,0.844,17.4,1,37124.528,13.58490,0.01413,0.0000,1.0000,0.0377,0.0000,0.1413,0.1369,0.2964,WARNING,False,8,1,,,,,,
1771434250.539,0.0,34.36,4.8413,0.830,16.4,1,49083.501,-1.96013,0.00899,0.0000,1.0000,0.0290,1.0000,0.0899,0.1298,0.4887,WARNING,False,8,1,,,,,,
1771434250.539,0.0,34.19,4.8342,0.817,15.5,1,,,0.00802,0.0000,0.0000,0.0527,0.0000,0.0802,0.1233,0.0395,SAFE,False,8,1,,,,,,
1771434250.539,0.0,,,,,,,,,,,,,,,0.0395,SAFE,,7,,t34_0,0.30,LOW,LOCAL,SAFE: all tasks permitted (weight=0.30),
1771434250.539,0.0,34.32,4.8254,0.882,20.2,1,,,0.00817,0.0000,0.0000,0.0821,0.0000,0.0817,0.1562,0.0501,SAFE,False,7,2,,,,,,
1771434250.539,0.0,33.75,4.8412,0.865,19.0,1,,,0.00731,0.0000,0.0000,0.0294,0.0000,0.0731,0.1477,0.0407,SAFE,False,7,2,,,,,,
1771434250.539,0.0,34.47,4.8501,0.850,17.8,1,,,0.00812,0.0000,0.0000,0.0000,0.0000,0.0812,0.1399,0.0361,SAFE,False,7,2,,,,,,
1771434250.539,0.0,,,,,,,,,,,,,,,0.0361,SAFE,,6,,t37_0,0.67,NORMAL,LOCAL,SAFE: all tasks permitted (weight=0.67),
1771434250.539,0.0,35.19,4.7854,1.010,29.3,2,,,0.01561,0.0000,0.0000,0.2153,0.0000,0.1561,0.2348,0.0906,SAFE,False,9,0,,,,,,window_reset|B=9
1771434250.539,0.0,34.55,4.7909,0.984,27.4,2,,,0.01924,0.0000,0.0000,0.1970,0.0000,0.1924,0.2220,0.0892,SAFE,False,9,0,,,,,,
1771434250.539,0.0,34.96,4.7949,0.960,25.7,2,,,0.02134,0.0000,0.0000,0.1837,0.0000,0.2134,0.2100,0.0872,SAFE,False,9,0,,,,,,
1771434250.539,0.0,35.01,4.8151,0.938,24.1,2,,,0.02153,0.0000,0.0000,0.1163,0.0000,0.2153,0.1989,0.0764,SAFE,False,9,0,,,,,,
1771434250.539,0.0,,,,,,,,,,,,,,,0.0764,SAFE,,8,,t41_0,0.29,NORMAL,LOCAL,SAFE: all tasks permitted (weight=0.29),
1771434250.539,0.0,35.84,4.8052,0.994,28.1,2,,,0.02154,0.0000,0.0000,0.1492,0.0000,0.2154,0.2269,0.0863,SAFE,False,8,1,,,,,,
1771434250.540,0.0,35.39,4.7987,0.969,26.4,2,111568.165,-46.12594,0.02185,0.0000,1.0000,0.1710,1.0000,0.2185,0.2146,0.5370,WARNING,False,8,1,,,,,,
1771434250.540,0.0,,,,,,,,,,,,,,,0.5370,WARNING,,8,,t43_0,0.48,CRITICAL,OFFLOAD,WARNING: heavy task offloaded (weight=0.48 >= 0.3),
1771434250.540,0.0,35.88,4.7934,0.946,24.7,2,220879.955,-82.61819,0.02193,0.0000,1.0000,0.1886,1.0000,0.2193,0.2031,0.5371,WARNING,False,8,1,,,,,,
1771434250.540,0.0,,,,,,,,,,,,,,,0.5371,WARNING,,8,,t44_0,0.46,HIGH,OFFLOAD,WARNING: heavy task offloaded (weight=0.46 >= 0.3),
1771434250.540,0.0,35.30,4.8187,0.925,23.2,2,86828.265,-54.40780,0.02048,0.0000,1.0000,0.1044,1.0000,0.2048,0.1925,0.5226,WARNING,False,8,1,,,,,,
1771434250.540,0.0,35.48,4.8177,0.905,21.8,1,30271.810,55.94605,0.01953,0.0000,1.0000,0.1075,0.0000,0.1953,0.1676,0.3170,WARNING,False,8,1,,,,,,
1771434250.540,0.0,35.26,4.8254,0.887,20.5,1,74592.817,59.77862,0.01954,0.0000,1.0000,0.0818,0.0000,0.1954,0.1584,0.3119,WARNING,False,8,1,,,,,,
1771434250.540,0.0,35.32,4.8360,0.870,19.3,1,37487.529,71.06370,0.01892,0.0000,1.0000,0.0468,0.0000,0.1892,0.1498,0.3050,WARNING,False,8,1,,,,,,
1771434250.540,0.0,35.47,4.8295,0.854,18.1,1,48107.905,24.82856,0.01599,0.0000,1.0000,0.0685,0.0000,0.1599,0.1418,0.3033,WARNING,False,8,1,,,,,,
1771434250.540,0.0,,,,,,,,,,,,,,,0.3033,WARNING,,8,,t49_0,0.46,NORMAL,OFFLOAD,WARNING: heavy task offloaded (weight=0.46 >= 0.3),
1771434250.540,0.0,35.92,4.8396,0.839,17.1,1,7906.216,59.48169,0.01627,0.0000,1.0000,0.0346,0.0000,0.1627,0.1344,0.2977,WARNING,False,8,1,,,,,,
1771434250.540,0.0,,,,,,,,,,,,,,,0.2977,WARNING,,8,,t50_0,0.65,NORMAL,OFFLOAD,WARNING: heavy task offloaded (weight=0.65 >= 0.3),
1771434250.540,0.0,,,,,,,,,,,,,,,0.2977,WARNING,,8,,t50_1,0.81,NORMAL,OFFLOAD,WARNING: heavy task offloaded (weight=0.81 >= 0.3),
1771434250.540,0.0,35.30,4.8431,0.825,16.1,1,,,0.01655,0.0000,0.0000,0.0231,0.0000,0.1655,0.1275,0.0451,SAFE,False,9,0,,,,,,window_reset|B=9
1771434250.540,0.0,,,,,,,,,,,,,,,0.0451,SAFE,,8,,t51_0,0.28,NORMAL,LOCAL,SAFE: all tasks permitted (weight=0.28),
1771434250.540,0.0,,,,,,,,,,,,,,,0.0451,SAFE,,7,,t51_1,0.60,NORMAL,LOCAL,SAFE: all tasks permitted (weight=0.60),
1771434250.540,0.0,35.41,4.8052,1.041,31.5,2,,,0.01556,0.0000,0.0000,0.1492,0.0000,0.1556,0.2505,0.0850,SAFE,False,7,2,,,,,,
1771434250.540,0.0,,,,,,,,,,,,,,,0.0850,SAFE,,6,,t52_0,0.84,CRITICAL,LOCAL,SAFE: all tasks permitted (weight=0.84),
1771434250.540,0.0,35.95,4.7489,1.232,45.1,4,,,0.02489,0.0000,0.0000,0.3371,0.0000,0.2489,0.3758,0.1439,SAFE,False,6,3,,,,,,
1771434250.540,0.0,,,,,,,,,,,,,,,0.1439,SAFE,,5,,t53_0,0.88,HIGH,LOCAL,SAFE: all tasks permitted (weight=0.88),
1771434250.540,0.0,,,,,,,,,,,,,,,0.1439,SAFE,,4,,t53_1,0.49,LOW,LOCAL,SAFE: all tasks permitted (weight=0.49),
1771434250.540,0.0,36.59,4.7044,1.548,67.7,6,,,0.03917,0.0000,0.0000,0.4853,0.0000,0.3917,0.5640,0.2151,SAFE,False,4,5,,,,,,
1771434250.540,0.0,,,,,,,,,,,,,,,0.2151,SAFE,,3,,t54_0,0.83,NORMAL,LOCAL,SAFE: all tasks permitted (weight=0.83),
1771434250.541,0.0,37.39,4.6327,1.701,78.6,7,225626.906,-340.96175,0.06177,0.0000,1.0000,0.7243,1.0000,0.6177,0.6553,0.7370,WARNING,False,3,6,,,,,,
1771434250.541,0.0,,,,,,,,,,,,,,,0.7370,WARNING,,3,,t55_0,0.43,LOW,OFFLOAD,WARNING: heavy task offloaded (weight=0.43 >= 0.3),
1771434250.541,0.0,,,,,,,,,,,,,,,0.7370,WARNING,,3,,t55_1,0.53,NORMAL,OFFLOAD,WARNING: heavy task offloaded (weight=0.53 >= 0.3),
1771434250.541,0.0,37.82,4.6532,1.627,73.3,7,265537.257,-323.24563,0.07256,0.0000,1.0000,0.6559,1.0000,0.7256,0.6183,0.7315,CRITICAL,False,3,6,,,,,,
1771434250.541,0.0,,,,,,,,,,,,,,,0.7315,CRITICAL,,2,,t56_0,0.88,CRITICAL,LOCAL,CRITICAL: mission-critical task permitted locally (priority=CRITICAL),
1771434250.541,0.0,38.18,4.5939,1.787,84.8,8,287686.683,-416.71366,0.08751,0.0000,1.0000,0.8537,1.0000,0.8751,0.7134,0.7912,CRITICAL,False,2,7,,,,,,
1771434250.541,0.0,,,,,,,,,,,,,,,0.7912,CRITICAL,,2,,t57_0,0.64,NORMAL,OFFLOAD,CRITICAL: non-critical task offloaded (priority=NORMAL),
1771434250.541,0.0,,,,,,,,,,,,,,,0.7912,CRITICAL,,1,,t57_1,0.55,CRITICAL,LOCAL,CRITICAL: mission-critical task permitted locally (priority=CRITICAL),
1771434250.541,0.0,39.29,4.5741,1.851,89.3,8,358073.758,-469.72851,0.09941,0.0000,1.0000,0.9197,1.0000,0.9941,0.7454,0.8181,CRITICAL,False,1,8,,,,,,
1771434250.541,0.0,39.57,4.6170,1.766,83.3,8,452359.108,-399.87487,0.10124,0.0000,1.0000,0.7766,1.0000,1.0000,0.7031,0.7916,CRITICAL,False,1,8,,,,,,
1771434250.541,0.0,40.33,4.5982,1.688,77.7,7,522840.124,-366.33966,0.10048,0.0000,1.0000,0.8395,1.0000,1.0000,0.6488,0.7889,CRITICAL,False,1,8,,,,,,
1771434250.541,0.0,41.09,4.6568,1.614,72.5,6,545400.399,-162.82714,0.09351,0.0000,1.0000,0.6439,1.0000,0.9351,0.5972,0.7467,CRITICAL,False,1,8,,,,,,
1771434250.541,0.0,,,,,,,,,,,,,,,0.7467,CRITICAL,,0,,t61_0,0.89,CRITICAL,LOCAL,CRITICAL: mission-critical task permitted locally (priority=CRITICAL),
1771434250.541,0.0,41.57,4.5942,1.778,84.2,8,527857.364,-194.92112,0.08474,0.0000,1.0000,0.8526,1.0000,0.8474,0.7091,0.7874,CRITICAL,False,0,9,,,,,,
1771434250.541,0.0,,,,,,,,,,,,,,,0.7874,CRITICAL,,0,,t62_0,0.86,HIGH,OFFLOAD,CRITICAL: non-critical task offloaded (priority=HIGH),
1771434250.541,0.0,41.61,4.6315,1.699,78.5,7,,,0.06666,0.0000,0.0000,0.7285,0.0000,0.6666,0.6544,0.2922,WARNING,False,0,9,,,,,,
1771434250.541,0.0,,,,,,,,,,,,,,,0.2922,WARNING,,0,,t63_0,0.34,LOW,OFFLOAD,WARNING: heavy task offloaded (weight=0.34 >= 0.3),
1771434250.541,0.0,,,,,,,,,,,,,,,0.2922,WARNING,,0,,t63_1,0.31,HIGH,OFFLOAD,WARNING: heavy task offloaded (weight=0.31 >= 0.3),
1771434250.541,0.0,42.31,4.6874,1.625,73.2,7,,,0.04972,0.0000,0.0000,0.5419,0.0000,0.4972,0.6174,0.2436,WARNING,False,7,0,,,,,,window_reset|B=7
1771434250.541,0.0,,,,,,,,,,,,,,,0.2436,WARNING,,7,,t64_0,0.59,LOW,OFFLOAD,WARNING: heavy task offloaded (weight=0.59 >= 0.3),
1771434250.541,0.0,,,,,,,,,,,,,,,0.2436,WARNING,,7,,t64_1,0.45,NORMAL,OFFLOAD,WARNING: heavy task offloaded (weight=0.45 >= 0.3),
1771434250.541,0.0,42.88,4.6435,1.556,68.3,6,,,0.03777,0.0000,0.0000,0.6882,0.0000,0.3777,0.5680,0.2408,WARNING,False,7,0,,,,,,
1771434250.541,0.0,,,,,,,,,,,,,,,0.2408,WARNING,,7,,t65_0,0.72,HIGH,OFFLOAD,WARNING: heavy task offloaded (weight=0.72 >= 0.3),
1771434250.541,0.0,43.46,4.6762,1.492,63.7,6,,,0.03389,0.0000,0.0000,0.5792,0.0000,0.3389,0.5360,0.2164,WARNING,False,7,0,,,,,,
1771434250.541,0.0,,,,,,,,,,,,,,,0.2164,WARNING,,7,,t66_0,0.38,NORMAL,OFFLOAD,WARNING: heavy task offloaded (weight=0.38 >= 0.3),
1771434250.541,0.0,43.61,4.6767,1.432,59.5,5,,,0.03629,0.0000,0.0000,0.5777,0.0000,0.3629,0.4912,0.2096,WARNING,False,7,0,,,,,,
1771434250.541,0.0,,,,,,,,,,,,,,,0.2096,WARNING,,6,,t67_0,0.24,LOW,LOCAL,WARNING: lightweight task permitted (weight=0.24 < 0.3),
1771434250.541,0.0,43.08,4.6912,1.439,59.9,5,,,0.03938,0.0000,0.0000,0.5295,0.0000,0.3938,0.4944,0.2071,WARNING,False,6,1,,,,,,
1771434250.541,0.0,43.70,4.7099,1.383,55.9,5,,,0.04184,0.0000,0.0000,0.4671,0.0000,0.4184,0.4665,0.1959,WARNING,False,6,1,,,,,,
1771434250.541,0.0,,,,,,,,,,,,,,,0.1959,WARNING,,6,,t69_0,0.53,CRITICAL,OFFLOAD,WARNING: heavy task offloaded (weight=0.53 >= 0.3),
1771434250.541,0.0,,,,,,,,,,,,,,,0.1959,WARNING,,6,,t69_1,0.53,NORMAL,OFFLOAD,WARNING: heavy task offloaded (weight=0.53 >= 0.3),
1771434250.541,0.0,43.47,4.7451,1.331,52.2,4,,,0.04386,0.0000,0.0000,0.3497,0.0000,0.4386,0.4255,0.1744,SAFE,False,6,1,,,,,,
1771434250.541,0.0,,,,,,,,,,,,,,,0.1744,SAFE,,5,,t70_0,0.50,NORMAL,LOCAL,SAFE: all tasks permitted (weight=0.50),
1771434250.541,0.0,43.01,4.7173,1.414,58.1,5,,,0.04430,0.0000,0.0000,0.4422,0.0000,0.4430,0.4818,0.1982,SAFE,False,5,2,,,,,,
1771434250.541,0.0,,,,,,,,,,,,,,,0.1982,SAFE,,4,,t71_0,0.69,LOW,LOCAL,SAFE: all tasks permitted (weight=0.69),
1771434250.541,0.0,43.48,4.6560,1.540,67.1,6,,,0.03919,0.0000,0.0000,0.6468,0.0000,0.3919,0.5599,0.2352,SAFE,False,4,3,,,,,,
1771434250.541,0.0,,,,,,,,,,,,,,,0.2352,SAFE,,3,,t72_0,0.30,LOW,LOCAL,SAFE: all tasks permitted (weight=0.30),
1771434250.541,0.0,,,,,,,,,,,,,,,0.2352,SAFE,,2,,t72_1,0.77,HIGH,LOCAL,SAFE: all tasks permitted (weight=0.77),
1771434250.541,0.0,44.14,4.6645,1.755,82.5,7,,,0.03897,0.0227,0.0000,0.6185,0.0000,0.3897,0.6826,0.2586,WARNING,False,2,5,,,,,,
1771434250.541,0.0,,,,,,,,,,,,,,,0.2586,WARNING,,1,,t73_0,0.18,HIGH,LOCAL,WARNING: lightweight task permitted (weight=0.18 < 0.3),
1771434250.541,0.0,44.27,4.6111,1.723,80.2,7,,,0.03626,0.0454,0.0000,0.7964,0.0000,0.3626,0.6667,0.2786,WARNING,False,1,6,,,,,,
1771434250.541,0.0,,,,,,,,,,,,,,,0.2786,WARNING,,0,,t74_0,0.22,CRITICAL,LOCAL,WARNING: lightweight task permitted (weight=0.22 < 0.3),
1771434250.541,0.0,,,,,,,,,,,,,,,0.2786,WARNING,,0,,t74_1,0.73,LOW,OFFLOAD,WARNING: heavy task offloaded (weight=0.73 >= 0.3),
1771434250.541,0.0,44.80,4.6113,1.706,79.0,7,,,0.03867,0.1340,0.0000,0.7957,0.0000,0.3867,0.6578,0.2898,WARNING,False,0,7,,,,,,
1771434250.541,0.0,45.81,4.6829,1.631,73.7,7,,,0.03856,0.3015,0.0000,0.5569,0.0000,0.3856,0.6206,0.2713,WARNING,False,0,7,,,,,,
1771434250.541,0.0,,,,,,,,,,,,,,,0.2713,WARNING,,0,,t76_0,0.42,NORMAL,OFFLOAD,WARNING: heavy task offloaded (weight=0.42 >= 0.3),
1771434250.542,0.0,,,,,,,,,,,,,,,0.2713,WARNING,,0,,t76_1,0.88,LOW,OFFLOAD,WARNING: heavy task offloaded (weight=0.88 >= 0.3),
1771434250.542,0.0,45.76,4.6830,1.562,68.7,6,122943.802,-26.76249,0.03751,0.2928,1.0000,0.5566,1.0000,0.3751,0.5710,0.7092,CRITICAL,False,2,0,,,,,,window_reset|B=2
1771434250.542,0.0,,,,,,,,,,,,,,,0.7092,CRITICAL,,1,,t77_0,0.57,CRITICAL,LOCAL,CRITICAL: mission-critical task permitted locally (priority=CRITICAL),
1771434250.542,0.0,45.89,4.6493,1.646,74.7,7,144565.377,-95.43508,0.03829,0.3142,1.0000,0.6691,1.0000,0.3829,0.6278,0.7385,CRITICAL,False,1,1,,,,,,
1771434250.542,0.0,46.08,4.6813,1.575,69.7,6,183823.235,-35.90630,0.03833,0.3470,1.0000,0.5624,1.0000,0.3833,0.5777,0.7186,CRITICAL,False,1,1,,,,,,
1771434250.542,0.0,45.86,4.6843,1.510,65.0,6,142194.567,28.20582,0.03814,0.3104,1.0000,0.5524,0.0000,0.3814,0.5450,0.5062,CRITICAL,False,1,1,,,,,,
1771434250.542,0.0,46.47,4.6829,1.449,60.7,5,139775.613,18.40743,0.03677,0.4125,1.0000,0.5569,0.0000,0.3677,0.4996,0.5086,CRITICAL,False,1,1,,,,,,
1771434250.542,0.0,,,,,,,,,,,,,,,0.5086,CRITICAL,,1,,t81_0,0.40,NORMAL,OFFLOAD,CRITICAL: non-critical task offloaded (priority=NORMAL),
1771434250.542,0.0,46.34,4.7182,1.393,56.6,5,123476.224,106.73136,0.03289,0.3897,1.0000,0.4392,0.0000,0.3289,0.4714,0.4810,CRITICAL,False,1,1,,,,,,
1771434250.542,0.0,,,,,,,,,,,,,,,0.4810,CRITICAL,,1,,t82_0,0.30,NORMAL,OFFLOAD,CRITICAL: non-critical task offloaded (priority=NORMAL),
1771434250.542,0.0,46.22,4.7284,1.340,52.9,4,84483.713,116.66594,0.03432,0.3696,1.0000,0.4053,0.0000,0.3432,0.4301,0.4674,CRITICAL,False,1,1,,,,,,
1771434250.542,0.0,46.54,4.7348,1.291,49.4,4,43522.066,51.65196,0.03813,0.4229,1.0000,0.3840,0.0000,0.3813,0.4057,0.4699,CRITICAL,False,1,1,,,,,,
1771434250.542,0.0,,,,,,,,,,,,,,,0.4699,CRITICAL,,1,,t84_0,0.22,LOW,OFFLOAD,CRITICAL: non-critical task offloaded (priority=LOW),
1771434250.542,0.0,46.26,4.7383,1.246,46.1,4,,,0.04133,0.3767,0.0000,0.3723,0.0000,0.4133,0.3829,0.2115,WARNING,False,1,1,,,,,,
1771434250.542,0.0,,,,,,,,,,,,,,,0.2115,WARNING,,1,,t85_0,0.46,NORMAL,OFFLOAD,WARNING: heavy task offloaded (weight=0.46 >= 0.3),
1771434250.542,0.0,45.95,4.7828,1.204,43.1,4,,,0.04334,0.3247,0.0000,0.2241,0.0000,0.4334,0.3618,0.1838,WARNING,False,1,1,,,,,,
1771434250.542,0.0,,,,,,,,,,,,,,,0.1838,WARNING,,1,,t86_0,0.71,LOW,OFFLOAD,WARNING: heavy task offloaded (weight=0.71 >= 0.3),
1771434250.542,0.0,,,,,,,,,,,,,,,0.1838,WARNING,,1,,t86_1,0.69,NORMAL,OFFLOAD,WARNING: heavy task offloaded (weight=0.69 >= 0.3),
1771434250.542,0.0,46.07,4.7500,1.164,40.3,3,,,0.03661,0.3445,0.0000,0.3334,0.0000,0.3661,0.3271,0.1867,WARNING,False,1,1,,,,,,
1771434250.542,0.0,,,,,,,,,,,,,,,0.1867,WARNING,,0,,t87_0,0.16,NORMAL,LOCAL,WARNING: lightweight task permitted (weight=0.16 < 0.3),
1771434250.542,0.0,,,,,,,,,,,,,,,0.1867,WARNING,,0,,t87_1,0.84,CRITICAL,OFFLOAD,WARNING: heavy task offloaded (weight=0.84 >= 0.3),
1771434250.542,0.0,45.95,4.7384,1.169,40.6,3,,,0.03645,0.3244,0.0000,0.3720,0.0000,0.3645,0.3295,0.1896,WARNING,False,0,2,,,,,,
1771434250.542,0.0,45.97,4.7648,1.132,38.0,3,,,0.03759,0.3291,0.0000,0.2839,0.0000,0.3759,0.3111,0.1762,SAFE,False,0,2,,,,,,
1771434250.542,0.0,45.45,4.7650,1.098,35.6,3,,,0.03240,0.2413,0.0000,0.2833,0.0000,0.3240,0.2939,0.1570,SAFE,False,8,0,,,,,,window_reset|B=8
1771434250.542,0.0,45.28,4.7806,1.066,33.3,3,,,0.03137,0.2132,0.0000,0.2315,0.0000,0.3137,0.2780,0.1426,SAFE,False,8,0,,,,,,
1771434250.542,0.0,,,,,,,,,,,,,,,0.1426,SAFE,,7,,t91_0,0.85,NORMAL,LOCAL,SAFE: all tasks permitted (weight=0.85),
1771434250.542,0.0,45.39,4.7487,1.257,46.9,4,,,0.02670,0.2309,0.0000,0.3376,0.0000,0.2670,0.3883,0.1759,SAFE,False,7,1,,,,,,
1771434250.542,0.0,,,,,,,,,,,,,,,0.1759,SAFE,,6,,t92_0,0.83,HIGH,LOCAL,SAFE: all tasks permitted (weight=0.83),
1771434250.542,0.0,44.82,4.6768,1.430,59.3,5,,,0.02790,0.1363,0.0000,0.5773,0.0000,0.2790,0.4900,0.2173,SAFE,False,6,2,,,,,,
1771434250.542,0.0,,,,,,,,,,,,,,,0.2173,SAFE,,5,,t93_0,0.63,NORMAL,LOCAL,SAFE: all tasks permitted (weight=0.63),
1771434250.542,0.0,45.24,4.6549,1.538,67.0,6,,,0.03682,0.2059,0.0000,0.6504,0.0000,0.3682,0.5591,0.2579,WARNING,False,5,3,,,,,,
1771434250.542,0.0,46.01,4.6615,1.476,62.5,5,,,0.04257,0.3345,0.0000,0.6284,0.0000,0.4257,0.5128,0.2670,WARNING,False,5,3,,,,,,
1771434250.542,0.0,,,,,,,,,,,,,,,0.2670,WARNING,,5,,t95_0,0.82,NORMAL,OFFLOAD,WARNING: heavy task offloaded (weight=0.82 >= 0.3),
1771434250.542,0.0,45.39,4.5766,1.417,58.4,5,,,0.06064,0.2320,0.0000,0.9113,0.0000,0.6064,0.4836,0.3037,WARNING,False,5,3,,,,,,
1771434250.542,0.0,,,,,,,,,,,,,,,0.3037,WARNING,,5,,t96_0,0.52,LOW,OFFLOAD,WARNING: heavy task offloaded (weight=0.52 >= 0.3),
1771434250.542,0.0,,,,,,,,,,,,,,,0.3037,WARNING,,5,,t96_1,0.88,LOW,OFFLOAD,WARNING: heavy task offloaded (weight=0.88 >= 0.3),
1771434250.542,0.0,45.48,4.6971,1.363,54.5,5,,,0.06067,0.2472,0.0000,0.5096,0.0000,0.6067,0.4565,0.2479,WARNING,False,5,3,,,,,,
1771434250.542,0.0,,,,,,,,,,,,,,,0.2479,WARNING,,5,,t97_0,0.46,HIGH,OFFLOAD,WARNING: heavy task offloaded (weight=0.46 >= 0.3),
1771434250.542,0.0,,,,,,,,,,,,,,,0.2479,WARNING,,5,,t97_1,0.89,LOW,OFFLOAD,WARNING: heavy task offloaded (weight=0.89 >= 0.3),
1771434250.542,0.0,45.32,4.7161,1.312,50.9,4,,,0.05730,0.2201,0.0000,0.4464,0.0000,0.5730,0.4162,0.2250,WARNING,False,5,3,,,,,,
1771434250.542,0.0,,,,,,,,,,,,,,,0.2250,WARNING,,4,,t98_0,0.17,LOW,LOCAL,WARNING: lightweight task permitted (weight=0.17 < 0.3),
1771434250.542,0.0,,,,,,,,,,,,,,,0.2250,WARNING,,3,,t98_1,0.20,NORMAL,LOCAL,WARNING: lightweight task permitted (weight=0.20 < 0.3),
1771434250.542,0.0,46.20,4.7251,1.362,54.4,5,,,0.05628,0.3671,0.0000,0.4164,0.0000,0.5628,0.4560,0.2457,WARNING,False,3,5,,,,,,
1771434250.542,0.0,,,,,,,,,,,,,,,0.2457,WARNING,,3,,t99_0,0.31,HIGH,OFFLOAD,WARNING: heavy task offloaded (weight=0.31 >= 0.3),
1771434250.542,0.0,45.09,4.7136,1.312,50.8,4,,,0.05561,0.1812,0.0000,0.4545,0.0000,0.5561,0.4158,0.2196,WARNING,False,3,5,,,,,,
1771434250.542,0.0,,,,,,,,,,,,,,,0.2196,WARNING,,3,,t100_0,0.52,LOW,OFFLOAD,WARNING: heavy task offloaded (weight=0.52 >= 0.3),
1771434250.542,0.0,45.67,4.7398,1.265,47.5,4,,,0.05383,0.2786,0.0000,0.3672,0.0000,0.5383,0.3924,0.2135,WARNING,False,3,5,,,,,,
1771434250.542,0.0,45.92,4.7289,1.221,44.4,4,,,0.05133,0.3197,0.0000,0.4036,0.0000,0.5133,0.3706,0.2163,WARNING,False,3,5,,,,,,
1771434250.542,0.0,,,,,,,,,,,,,,,0.2163,WARNING,,3,,t102_0,0.76,CRITICAL,OFFLOAD,WARNING: heavy task offloaded (weight=0.76 >= 0.3),
1771434250.542,0.0,,,,,,,,,,,,,,,0.2163,WARNING,,3,,t102_1,0.52,LOW,OFFLOAD,WARNING: heavy task offloaded (weight=0.52 >= 0.3),
1771434250.542,0.0,45.53,4.7485,1.181,41.5,3,,,0.04787,0.2552,0.0000,0.3383,0.0000,0.4787,0.3353,0.1895,WARNING,False,8,0,,,,,,window_reset|B=8
1771434250.542,0.0,,,,,,,,,,,,,,,0.1895,WARNING,,8,,t103_0,0.48,NORMAL,OFFLOAD,WARNING: heavy task offloaded (weight=0.48 >= 0.3),
1771434250.542,0.0,45.63,4.7786,1.143,38.8,3,,,0.05106,0.2722,0.0000,0.2381,0.0000,0.5106,0.3165,0.1780,SAFE,False,8,0,,,,,,
1771434250.542,0.0,,,,,,,,,,,,,,,0.1780,SAFE,,7,,t104_0,0.42,NORMAL,LOCAL,SAFE: all tasks permitted (weight=0.42),
1771434250.542,0.0,44.79,4.7575,1.218,44.2,4,,,0.05266,0.1317,0.0000,0.3085,0.0000,0.5266,0.3691,0.1824,SAFE,False,7,1,,,,,,
1771434250.542,0.0,,,,,,,,,,,,,,,0.1824,SAFE,,6,,t105_0,0.31,NORMAL,LOCAL,SAFE: all tasks permitted (weight=0.31),
1771434250.542,0.0,45.64,4.7225,1.260,47.1,4,,,0.05021,0.2734,0.0000,0.4251,0.0000,0.5021,0.3899,0.2163,SAFE,False,6,2,,,,,,
1771434250.542,0.0,,,,,,,,,,,,,,,0.2163,SAFE,,5,,t106_0,0.67,NORMAL,LOCAL,SAFE: all tasks permitted (weight=0.67),
1771434250.542,0.0,45.40,4.6707,1.391,56.5,5,,,0.04947,0.2337,0.0000,0.5978,0.0000,0.4947,0.4703,0.2493,SAFE,False,5,3,,,,,,
1771434250.542,0.0,,,,,,,,,,,,,,,0.2493,SAFE,,4,,t107_0,0.16,NORMAL,LOCAL,SAFE: all tasks permitted (weight=0.16),
1771434250.542,0.0,45.21,4.6895,1.380,55.7,5,,,0.02873,0.2017,0.0000,0.5351,0.0000,0.2873,0.4650,0.2155,SAFE,False,4,4,,,,,,
1771434250.542,0.0,,,,,,,,,,,,,,,0.2155,SAFE,,3,,t108_0,0.69,HIGH,LOCAL,SAFE: all tasks permitted (weight=0.69),
1771434250.542,0.0,45.60,4.6392,1.508,64.8,6,,,0.03662,0.2659,0.0000,0.7026,0.0000,0.3662,0.5439,0.2686,WARNING,False,3,5,,,,,,
1771434250.542,0.0,,,,,,,,,,,,,,,0.2686,WARNING,,2,,t109_0,0.29,LOW,LOCAL,WARNING: lightweight task permitted (weight=0.29 < 0.3),
1771434250.542,0.0,45.52,4.7004,1.524,66.0,6,,,0.03698,0.2536,0.0000,0.4986,0.0000,0.3698,0.5518,0.2426,WARNING,False,2,6,,,,,,
1771434250.542,0.0,,,,,,,,,,,,,,,0.2426,WARNING,,2,,t110_0,0.70,LOW,OFFLOAD,WARNING: heavy task offloaded (weight=0.70 >= 0.3),
1771434250.542,0.0,46.11,4.6599,1.462,61.6,5,,,0.04017,0.3509,0.0000,0.6337,0.0000,0.4017,0.5059,0.2659,WARNING,False,2,6,,,,,,
1771434250.542,0.0,,,,,,,,,,,,,,,0.2659,WARNING,,2,,t111_0,0.70,NORMAL,OFFLOAD,WARNING: heavy task offloaded (weight=0.70 >= 0.3),
1771434250.542,0.0,45.89,4.6810,1.404,57.5,5,,,0.04109,0.3151,0.0000,0.5632,0.0000,0.4109,0.4772,0.2476,WARNING,False,2,6,,,,,,
1771434250.543,0.0,,,,,,,,,,,,,,,0.2476,WARNING,,2,,t112_0,0.49,NORMAL,OFFLOAD,WARNING: heavy task offloaded (weight=0.49 >= 0.3),
1771434250.543,0.0,45.83,4.7004,1.351,53.7,5,41492.824,-37.95732,0.04012,0.3049,1.0000,0.4986,1.0000,0.4012,0.4506,0.6816,CRITICAL,False,2,6,,,,,,
1771434250.543,0.0,,,,,,,,,,,,,,,0.6816,CRITICAL,,2,,t113_0,0.73,HIGH,OFFLOAD,CRITICAL: non-critical task offloaded (priority=HIGH),
1771434250.543,0.0,45.83,4.7373,1.301,50.1,4,7689.896,9.89331,0.04057,0.3055,1.0000,0.3756,0.0000,0.4057,0.4107,0.4582,CRITICAL,False,2,6,,,,,,
1771434250.543,0.0,,,,,,,,,,,,,,,0.4582,CRITICAL,,2,,t114_0,0.31,NORMAL,OFFLOAD,CRITICAL: non-critical task offloaded (priority=NORMAL),
1771434250.543,0.0,45.91,4.7337,1.255,46.8,4,20226.746,41.92224,0.03950,0.3181,1.0000,0.3878,0.0000,0.3950,0.3877,0.4556,CRITICAL,False,2,6,,,,,,
1771434250.543,0.0,,,,,,,,,,,,,,,0.4556,CRITICAL,,2,,t115_0,0.64,NORMAL,OFFLOAD,CRITICAL: non-critical task offloaded (priority=NORMAL),
1771434250.543,0.0,44.89,4.7711,1.212,43.7,4,-12937.955,54.32426,0.03840,0.1477,0.0000,0.2629,0.0000,0.3840,0.3662,0.1635,WARNING,False,8,0,,,,,,window_reset|B=8
1771434250.543,0.0,,,,,,,,,,,,,,,0.1635,WARNING,,7,,t116_0,0.22,NORMAL,LOCAL,WARNING: lightweight task permitted (weight=0.22 < 0.3),
1771434250.543,0.0,45.63,4.7400,1.231,45.1,4,1201.125,67.08271,0.03669,0.2709,1.0000,0.3666,0.0000,0.3669,0.3755,0.4419,WARNING,False,7,1,,,,,,
1771434250.543,0.0,,,,,,,,,,,,,,,0.4419,WARNING,,6,,t117_0,0.25,CRITICAL,LOCAL,WARNING: lightweight task permitted (weight=0.25 < 0.3),
1771434250.543,0.0,45.76,4.7715,1.255,46.8,4,9610.953,47.30149,0.04102,0.2938,1.0000,0.2616,0.0000,0.4102,0.3873,0.4377,WARNING,False,6,2,,,,,,
1771434250.543,0.0,,,,,,,,,,,,,,,0.4377,WARNING,,6,,t118_0,0.72,NORMAL,OFFLOAD,WARNING: heavy task offloaded (weight=0.72 >= 0.3),
1771434250.543,0.0,45.58,4.7574,1.212,43.7,4,-20770.170,64.90378,0.04146,0.2642,0.0000,0.3086,0.0000,0.4146,0.3659,0.1864,WARNING,False,6,2,,,,,,
1771434250.543,0.0,,,,,,,,,,,,,,,0.1864,WARNING,,6,,t119_0,0.45,NORMAL,OFFLOAD,WARNING: heavy task offloaded (weight=0.45 >= 0.3),
1771434250.543,0.0,45.05,4.7750,1.172,40.8,3,-33421.562,62.52340,0.04372,0.1755,0.0000,0.2500,0.0000,0.4372,0.3309,0.1635,SAFE,False,6,2,,,,,,
1771434250.543,0.0,,,,,,,,,,,,,,,0.1635,SAFE,,5,,t120_0,0.43,HIGH,LOCAL,SAFE: all tasks permitted (weight=0.43),
1771434250.543,0.0,,,,,,,,,,,,,,,0.1635,SAFE,,4,,t120_1,0.80,HIGH,LOCAL,SAFE: all tasks permitted (weight=0.80),
1771434250.543,0.0,45.04,4.7029,1.455,61.1,5,,,0.03661,0.1737,0.0000,0.4902,0.0000,0.3661,0.5026,0.2217,SAFE,False,4,4,,,,,,
1771434250.543,0.0,,,,,,,,,,,,,,,0.2217,SAFE,,3,,t121_0,0.86,NORMAL,LOCAL,SAFE: all tasks permitted (weight=0.86),
1771434250.543,0.0,,,,,,,,,,,,,,,0.2217,SAFE,,2,,t121_1,0.63,NORMAL,LOCAL,SAFE: all tasks permitted (weight=0.63),
1771434250.543,0.0,45.73,4.6045,1.785,84.6,8,,,0.04977,0.2891,0.0000,0.8184,0.0000,0.4977,0.7123,0.3333,WARNING,False,2,6,,,,,,
1771434250.543,0.0,,,,,,,,,,,,,,,0.3333,WARNING,,2,,t122_0,0.49,LOW,OFFLOAD,WARNING: heavy task offloaded (weight=0.49 >= 0.3),
1771434250.543,0.0,,,,,,,,,,,,,,,0.3333,WARNING,,2,,t122_1,0.61,NORMAL,OFFLOAD,WARNING: heavy task offloaded (weight=0.61 >= 0.3),
1771434250.543,0.0,45.59,4.6158,1.705,78.9,7,,,0.05536,0.2653,0.0000,0.7807,0.0000,0.5536,0.6573,0.3201,WARNING,False,2,6,,,,,,
1771434250.543,0.0,,,,,,,,,,,,,,,0.3201,WARNING,,2,,t123_0,0.59,HIGH,OFFLOAD,WARNING: heavy task offloaded (weight=0.59 >= 0.3),
1771434250.543,0.0,46.16,4.6257,1.630,73.6,7,,,0.06016,0.3601,0.0000,0.7475,0.0000,0.6016,0.6201,0.3246,WARNING,False,2,6,,,,,,
1771434250.543,0.0,,,,,,,,,,,,,,,0.3246,WARNING,,2,,t124_0,0.63,NORMAL,OFFLOAD,WARNING: heavy task offloaded (weight=0.63 >= 0.3),
1771434250.543,0.0,46.33,4.6448,1.561,68.6,6,,,0.06290,0.3885,0.0000,0.6840,0.0000,0.6290,0.5705,0.3125,WARNING,False,2,6,,,,,,
1771434250.543,0.0,,,,,,,,,,,,,,,0.3125,WARNING,,1,,t125_0,0.20,NORMAL,LOCAL,WARNING: lightweight task permitted (weight=0.20 < 0.3),
1771434250.543,0.0,46.90,4.6381,1.550,67.8,6,,,0.06481,0.4834,0.0000,0.7063,0.0000,0.6481,0.5649,0.3276,WARNING,False,1,7,,,,,,
1771434250.543,0.0,,,,,,,,,,,,,,,0.3276,WARNING,,1,,t126_0,0.55,NORMAL,OFFLOAD,WARNING: heavy task offloaded (weight=0.55 >= 0.3),
1771434250.543,0.0,46.61,4.6947,1.486,63.3,6,,,0.06393,0.4345,0.0000,0.5177,0.0000,0.6393,0.5331,0.2900,WARNING,False,1,7,,,,,,
1771434250.543,0.0,46.71,4.7018,1.427,59.1,5,,,0.05981,0.4525,0.0000,0.4940,0.0000,0.5981,0.4886,0.2760,WARNING,False,1,7,,,,,,
1771434250.543,0.0,,,,,,,,,,,,,,,0.2760,WARNING,,1,,t128_0,0.47,NORMAL,OFFLOAD,WARNING: heavy task offloaded (weight=0.47 >= 0.3),
1771434250.543,0.0,47.17,4.6978,1.372,55.2,5,,,0.05793,0.5284,0.0000,0.5075,0.0000,0.5793,0.4611,0.2795,WARNING,False,7,0,,,,,,window_reset|B=7
1771434250.543,0.0,46.51,4.7104,1.321,51.5,4,,,0.05262,0.4181,0.0000,0.4654,0.0000,0.5262,0.4205,0.2474,WARNING,False,7,0,,,,,,
1771434250.543,0.0,,,,,,,,,,,,,,,0.2474,WARNING,,7,,t130_0,0.52,LOW,OFFLOAD,WARNING: heavy task offloaded (weight=0.52 >= 0.3),
1771434250.543,0.0,46.85,4.7313,1.274,48.1,4,,,0.04987,0.4758,0.0000,0.3958,0.0000,0.4987,0.3968,0.2378,WARNING,False,7,0,,,,,,
1771434250.543,0.0,,,,,,,,,,,,,,,0.2378,WARNING,,7,,t131_0,0.62,NORMAL,OFFLOAD,WARNING: heavy task offloaded (weight=0.62 >= 0.3),
1771434250.543,0.0,46.10,4.7320,1.229,45.0,4,,,0.04401,0.3500,0.0000,0.3934,0.0000,0.4401,0.3747,0.2121,WARNING,False,7,0,,,,,,
1771434250.543,0.0,,,,,,,,,,,,,,,0.2121,WARNING,,7,,t132_0,0.72,HIGH,OFFLOAD,WARNING: heavy task offloaded (weight=0.72 >= 0.3),
1771434250.543,0.0,46.13,4.7561,1.188,42.0,3,,,0.04900,0.3556,0.0000,0.3129,0.0000,0.4900,0.3391,0.2002,WARNING,False,7,0,,,,,,
1771434250.543,0.0,,,,,,,,,,,,,,,0.2002,WARNING,,7,,t133_0,0.61,HIGH,OFFLOAD,WARNING: heavy task offloaded (weight=0.61 >= 0.3),
1771434250.543,0.0,,,,,,,,,,,,,,,0.2002,WARNING,,7,,t133_1,0.56,HIGH,OFFLOAD,WARNING: heavy task offloaded (weight=0.56 >= 0.3),
1771434250.543,0.0,46.58,4.7478,1.150,39.3,3,,,0.04670,0.4303,0.0000,0.3405,0.0000,0.4670,0.3200,0.2066,WARNING,False,7,0,,,,,,
1771434250.543,0.0,,,,,,,,,,,,,,,0.2066,WARNING,,7,,t134_0,0.31,HIGH,OFFLOAD,WARNING: heavy task offloaded (weight=0.31 >= 0.3),
1771434250.543,0.0,,,,,,,,,,,,,,,0.2066,WARNING,,7,,t134_1,0.47,HIGH,OFFLOAD,WARNING: heavy task offloaded (weight=0.47 >= 0.3),
1771434250.543,0.0,46.25,4.7793,1.114,36.7,3,,,0.04651,0.3754,0.0000,0.2357,0.0000,0.4651,0.3022,0.1826,WARNING,False,7,0,,,,,,
1771434250.544,0.0,,,,,,,,,,,,,,,0.1826,WARNING,,7,,t135_0,0.86,LOW,OFFLOAD,WARNING: heavy task offloaded (weight=0.86 >= 0.3),
1771434250.544,0.0,45.43,4.8007,1.081,34.4,3,-76614.572,98.57878,0.04681,0.2390,0.0000,0.1643,0.0000,0.4681,0.2857,0.1540,SAFE,False,7,0,,,,,,
1771434250.544,0.0,,,,,,,,,,,,,,,0.1540,SAFE,,6,,t136_0,0.17,HIGH,LOCAL,SAFE: all tasks permitted (weight=0.17),
1771434250.544,0.0,45.41,4.7685,1.094,35.3,3,-105212.361,70.52676,0.04265,0.2352,0.0000,0.2716,0.0000,0.4265,0.2919,0.1646,SAFE,False,6,1,,,,,,
1771434250.544,0.0,45.51,4.7856,1.062,33.0,3,-59791.523,75.02415,0.03501,0.2515,0.0000,0.2145,0.0000,0.3501,0.2761,0.1483,SAFE,False,6,1,,,,,,
1771434250.544,0.0,45.11,4.7877,1.033,30.9,2,-104060.205,56.23694,0.03391,0.1858,0.0000,0.2078,0.0000,0.3391,0.2464,0.1325,SAFE,False,6,1,,,,,,
1771434250.544,0.0,,,,,,,,,,,,,,,0.1325,SAFE,,5,,t139_0,0.45,LOW,LOCAL,SAFE: all tasks permitted (weight=0.45),
1771434250.544,0.0,44.76,4.7630,1.123,37.4,3,-80263.619,30.89580,0.03075,0.1263,0.0000,0.2901,0.0000,0.3075,0.3066,0.1449,SAFE,False,5,2,,,,,,
1771434250.544,0.0,44.49,4.7777,1.089,35.0,3,-98143.098,21.51976,0.02590,0.0821,0.0000,0.2410,0.0000,0.2590,0.2897,0.1250,SAFE,False,5,2,,,,,,
1771434250.544,0.0,,,,,,,,,,,,,,,0.1250,SAFE,,4,,t141_0,0.66,NORMAL,LOCAL,SAFE: all tasks permitted (weight=0.66),
1771434250.544,0.0,45.17,4.7441,1.230,45.0,4,-84542.649,-3.74402,0.02167,0.1946,0.0000,0.3531,1.0000,0.2167,0.3749,0.3659,WARNING,False,6,0,,,,,,window_reset|B=6
1771434250.544,0.0,,,,,,,,,,,,,,,0.3659,WARNING,,6,,t142_0,0.39,LOW,OFFLOAD,WARNING: heavy task offloaded (weight=0.39 >= 0.3),
1771434250.544,0.0,,,,,,,,,,,,,,,0.3659,WARNING,,6,,t142_1,0.76,NORMAL,OFFLOAD,WARNING: heavy task offloaded (weight=0.76 >= 0.3),
1771434250.544,0.0,44.83,4.7621,1.189,42.0,3,-84884.949,-17.09704,0.01927,0.1389,0.0000,0.2929,1.0000,0.1927,0.3393,0.3419,WARNING,False,6,0,,,,,,
1771434250.544,0.0,,,,,,,,,,,,,,,0.3419,WARNING,,6,,t143_0,0.77,LOW,OFFLOAD,WARNING: heavy task offloaded (weight=0.77 >= 0.3),
1771434250.544,0.0,,,,,,,,,,,,,,,0.3419,WARNING,,6,,t143_1,0.55,NORMAL,OFFLOAD,WARNING: heavy task offloaded (weight=0.55 >= 0.3),
1771434250.544,0.0,44.82,4.7580,1.150,39.3,3,,,0.01646,0.1373,0.0000,0.3067,0.0000,0.1646,0.3202,0.1368,SAFE,False,6,0,,,,,,
1771434250.544,0.0,,,,,,,,,,,,,,,0.1368,SAFE,,5,,t144_0,0.70,HIGH,LOCAL,SAFE: all tasks permitted (weight=0.70),
1771434250.544,0.0,,,,,,,,,,,,,,,0.1368,SAFE,,4,,t144_1,0.65,LOW,LOCAL,SAFE: all tasks permitted (weight=0.65),
1771434250.544,0.0,44.64,4.7189,1.466,61.9,5,,,0.02140,0.1068,0.0000,0.4370,0.0000,0.2140,0.5082,0.1926,SAFE,False,4,2,,,,,,
1771434250.544,0.0,,,,,,,,,,,,,,,0.1926,SAFE,,3,,t145_0,0.30,NORMAL,LOCAL,SAFE: all tasks permitted (weight=0.30),
1771434250.544,0.0,,,,,,,,,,,,,,,0.1926,SAFE,,2,,t145_1,0.26,NORMAL,LOCAL,SAFE: all tasks permitted (weight=0.26),
1771434250.545,0.0,45.01,4.6366,1.554,68.1,6,-59518.240,-296.77502,0.04175,0.1685,0.0000,0.7115,1.0000,0.4175,0.5668,0.4678,WARNING,False,2,4,,,,,,
1771434250.545,0.0,,,,,,,,,,,,,,,0.4678,WARNING,,2,,t146_0,0.66,NORMAL,OFFLOAD,WARNING: heavy task offloaded (weight=0.66 >= 0.3),
1771434250.545,0.0,,,,,,,,,,,,,,,0.4678,WARNING,,1,,t146_1,0.24,LOW,LOCAL,WARNING: lightweight task permitted (weight=0.24 < 0.3),
1771434250.545,0.0,44.49,4.6356,1.553,68.1,6,-75170.198,-302.74340,0.05275,0.0809,0.0000,0.7147,1.0000,0.5275,0.5666,0.4687,WARNING,False,1,5,,,,,,
1771434250.545,0.0,,,,,,,,,,,,,,,0.4687,WARNING,,1,,t147_0,0.62,HIGH,OFFLOAD,WARNING: heavy task offloaded (weight=0.62 >= 0.3),
1771434250.545,0.0,44.89,4.6584,1.489,63.5,6,15456.149,-208.21497,0.05483,0.1479,1.0000,0.6387,1.0000,0.5483,0.5347,0.7126,CRITICAL,False,1,5,,,,,,
1771434250.545,0.0,,,,,,,,,,,,,,,0.7126,CRITICAL,,1,,t148_0,0.87,NORMAL,OFFLOAD,CRITICAL: non-critical task offloaded (priority=NORMAL),
1771434250.545,0.0,,,,,,,,,,,,,,,0.7126,CRITICAL,,1,,t148_1,0.59,LOW,OFFLOAD,CRITICAL: non-critical task offloaded (priority=LOW),
1771434250.545,0.0,45.54,4.6729,1.430,59.3,5,124538.161,-208.60419,0.05602,0.2559,1.0000,0.5903,1.0000,0.5602,0.4901,0.7115,CRITICAL,False,1,5,,,,,,
1771434250.545,0.0,,,,,,,,,,,,,,,0.7115,CRITICAL,,1,,t149_0,0.80,NORMAL,OFFLOAD,CRITICAL: non-critical task offloaded (priority=NORMAL),
1771434250.545,0.0,45.39,4.6869,1.375,55.4,5,26370.421,-113.86335,0.05372,0.2314,1.0000,0.5437,1.0000,0.5372,0.4625,0.6947,CRITICAL,False,1,5,,,,,,
1771434250.545,0.0,45.41,4.7412,1.324,51.7,4,69348.874,-41.58608,0.05003,0.2356,1.0000,0.3625,1.0000,0.5003,0.4218,0.6598,CRITICAL,False,1,5,,,,,,
1771434250.545,0.0,,,,,,,,,,,,,,,0.6598,CRITICAL,,1,,t151_0,0.30,HIGH,OFFLOAD,CRITICAL: non-critical task offloaded (priority=HIGH),
1771434250.545,0.0,44.95,4.7283,1.276,48.3,4,15324.002,-59.09339,0.04801,0.1587,1.0000,0.4056,1.0000,0.4801,0.3980,0.6494,CRITICAL,False,1,5,,,,,,
1771434250.545,0.0,45.51,4.7476,1.232,45.1,4,104284.403,57.07143,0.04511,0.2523,1.0000,0.3414,0.0000,0.4511,0.3758,0.4449,CRITICAL,False,1,5,,,,,,
1771434250.545,0.0,,,,,,,,,,,,,,,0.4449,CRITICAL,,1,,t153_0,0.40,HIGH,OFFLOAD,CRITICAL: non-critical task offloaded (priority=HIGH),
1771434250.545,0.0,45.03,4.7687,1.190,42.2,3,,,0.04723,0.1720,0.0000,0.2711,0.0000,0.4723,0.3402,0.1711,WARNING,False,1,5,,,,,,
1771434250.545,0.0,,,,,,,,,,,,,,,0.1711,WARNING,,1,,t154_0,0.42,HIGH,OFFLOAD,WARNING: heavy task offloaded (weight=0.42 >= 0.3),
1771434250.545,0.0,,,,,,,,,,,,,,,0.1711,WARNING,,1,,t154_1,0.79,NORMAL,OFFLOAD,WARNING: heavy task offloaded (weight=0.79 >= 0.3),
1771434250.545,0.0,45.11,4.7836,1.152,39.4,3,,,0.04954,0.1850,0.0000,0.2213,0.0000,0.4954,0.3210,0.1647,SAFE,False,8,0,,,,,,window_reset|B=8
1771434250.545,0.0,,,,,,,,,,,,,,,0.1647,SAFE,,7,,t155_0,0.64,NORMAL,LOCAL,SAFE: all tasks permitted (weight=0.64),
1771434250.545,0.0,45.32,4.7365,1.283,48.8,4,,,0.04819,0.2202,0.0000,0.3784,0.0000,0.4819,0.4015,0.2041,SAFE,False,7,1,,,,,,
1771434250.545,0.0,,,,,,,,,,,,,,,0.2041,SAFE,,6,,t156_0,0.29,NORMAL,LOCAL,SAFE: all tasks permitted (weight=0.29),
1771434250.545,0.0,,,,,,,,,,,,,,,0.2041,SAFE,,5,,t156_1,0.44,LOW,LOCAL,SAFE: all tasks permitted (weight=0.44),
1771434250.545,0.0,44.97,4.7001,1.426,59.0,5,,,0.04817,0.1616,0.0000,0.4997,0.0000,0.4817,0.4882,0.2302,SAFE,False,5,3,,,,,,
1771434250.545,0.0,,,,,,,,,,,,,,,0.2302,SAFE,,4,,t157_0,0.22,NORMAL,LOCAL,SAFE: all tasks permitted (weight=0.22),
1771434250.545,0.0,45.58,4.6803,1.428,59.2,5,,,0.04410,0.2630,0.0000,0.5656,0.0000,0.4410,0.4891,0.2470,SAFE,False,4,4,,,,,,
1771434250.545,0.0,,,,,,,,,,,,,,,0.2470,SAFE,,3,,t158_0,0.27,HIGH,LOCAL,SAFE: all tasks permitted (weight=0.27),
1771434250.545,0.0,,,,,,,,,,,,,,,0.2470,SAFE,,2,,t158_1,0.50,LOW,LOCAL,SAFE: all tasks permitted (weight=0.50),
1771434250.545,0.0,45.79,4.6322,1.573,69.5,6,,,0.04460,0.2985,0.0000,0.7260,0.0000,0.4460,0.5764,0.2901,WARNING,False,2,6,,,,,,
1771434250.545,0.0,45.91,4.6730,1.508,64.8,6,,,0.04331,0.3186,0.0000,0.5901,0.0000,0.4331,0.5438,0.2670,WARNING,False,2,6,,,,,,
1771434250.545,0.0,,,,,,,,,,,,,,,0.2670,WARNING,,2,,t160_0,0.61,LOW,OFFLOAD,WARNING: heavy task offloaded (weight=0.61 >= 0.3),
1771434250.545,0.0,46.18,4.6538,1.447,60.5,5,,,0.04507,0.3638,0.0000,0.6541,0.0000,0.4507,0.4985,0.2735,WARNING,False,2,6,,,,,,
1771434250.545,0.0,45.78,4.6804,1.391,56.5,5,,,0.04539,0.2959,0.0000,0.5652,0.0000,0.4539,0.4703,0.2484,WARNING,False,2,6,,,,,,
1771434250.545,0.0,,,,,,,,,,,,,,,0.2484,WARNING,,1,,t162_0,0.18,LOW,LOCAL,WARNING: lightweight task permitted (weight=0.18 < 0.3),
1771434250.545,0.0,45.86,4.7150,1.384,56.0,5,,,0.04447,0.3102,0.0000,0.4500,0.0000,0.4447,0.4672,0.2336,WARNING,False,1,7,,,,,,
1771434250.545,0.0,46.08,4.7195,1.332,52.3,4,,,0.04421,0.3474,0.0000,0.4350,0.0000,0.4421,0.4262,0.2277,WARNING,False,1,7,,,,,,
1771434250.545,0.0,45.62,4.7341,1.284,48.9,4,,,0.04334,0.2704,0.0000,0.3864,0.0000,0.4334,0.4021,0.2064,WARNING,False,1,7,,,,,,
1771434250.545,0.0,45.98,4.7552,1.239,45.7,4,,,0.04186,0.3299,0.0000,0.3161,0.0000,0.4186,0.3796,0.1985,WARNING,False,1,7,,,,,,
1771434250.546,0.0,45.27,4.7623,1.197,42.7,3,-31235.168,129.63863,0.03885,0.2114,0.0000,0.2922,0.0000,0.3885,0.3437,0.1709,SAFE,False,1,7,,,,,,
1771434250.546,0.0,45.33,4.7545,1.158,39.9,3,-34923.890,81.16826,0.04040,0.2212,0.0000,0.3185,0.0000,0.4040,0.3242,0.1732,SAFE,False,8,0,,,,,,window_reset|B=8
1771434250.546,0.0,45.54,4.7733,1.122,37.3,3,-38575.591,119.09806,0.04452,0.2562,0.0000,0.2557,0.0000,0.4452,0.3062,0.1697,SAFE,False,8,0,,,,,,
1771434250.546,0.0,,,,,,,,,,,,,,,0.1697,SAFE,,7,,t169_0,0.71,NORMAL,LOCAL,SAFE: all tasks permitted (weight=0.71),
1771434250.546,0.0,,,,,,,,,,,,,,,0.1697,SAFE,,6,,t169_1,0.47,NORMAL,LOCAL,SAFE: all tasks permitted (weight=0.47),
1771434250.546,0.0,45.10,4.7271,1.398,57.0,5,-40592.728,46.52586,0.04369,0.1828,0.0000,0.4095,0.0000,0.4369,0.4738,0.2136,SAFE,False,6,2,,,,,,
1771434250.546,0.0,45.36,4.6835,1.345,53.2,5,-29712.465,-31.39285,0.03744,0.2274,0.0000,0.5551,1.0000,0.3744,0.4473,0.4264,WARNING,False,6,2,,,,,,
1771434250.546,0.0,,,,,,,,,,,,,,,0.4264,WARNING,,6,,t171_0,0.31,NORMAL,OFFLOAD,WARNING: heavy task offloaded (weight=0.31 >= 0.3),
1771434250.546,0.0,45.39,4.7269,1.295,49.7,4,-41474.418,7.36156,0.03475,0.2318,0.0000,0.4104,0.0000,0.3475,0.4077,0.1975,WARNING,False,6,2,,,,,,
1771434250.546,0.0,45.56,4.7374,1.250,46.4,4,-3692.082,3.28349,0.02767,0.2601,0.0000,0.3754,0.0000,0.2767,0.3849,0.1847,WARNING,False,6,2,,,,,,
1771434250.546,0.0,,,,,,,,,,,,,,,0.1847,WARNING,,5,,t173_0,0.28,NORMAL,LOCAL,WARNING: lightweight task permitted (weight=0.28 < 0.3),
1771434250.546,0.0,45.34,4.7077,1.281,48.7,4,-38208.936,-47.26247,0.02437,0.2233,0.0000,0.4743,1.0000,0.2437,0.4007,0.3930,WARNING,False,5,3,,,,,,
1771434250.546,0.0,,,,,,,,,,,,,,,0.3930,WARNING,,5,,t174_0,0.48,HIGH,OFFLOAD,WARNING: heavy task offloaded (weight=0.48 >= 0.3),
1771434250.546,0.0,,,,,,,,,,,,,,,0.3930,WARNING,,5,,t174_1,0.56,NORMAL,OFFLOAD,WARNING: heavy task offloaded (weight=0.56 >= 0.3),
1771434250.546,0.0,45.38,4.7371,1.237,45.5,4,,,0.02376,0.2301,0.0000,0.3762,0.0000,0.2376,0.3783,0.1759,SAFE,False,5,3,,,,,,
1771434250.546,0.0,,,,,,,,,,,,,,,0.1759,SAFE,,4,,t175_0,0.65,CRITICAL,LOCAL,SAFE: all tasks permitted (weight=0.65),
1771434250.546,0.0,45.33,4.7165,1.364,54.6,5,,,0.02394,0.2212,0.0000,0.4449,0.0000,0.2394,0.4569,0.1997,SAFE,False,4,4,,,,,,
1771434250.546,0.0,,,,,,,,,,,,,,,0.1997,SAFE,,3,,t176_0,0.82,HIGH,LOCAL,SAFE: all tasks permitted (weight=0.82),
1771434250.546,0.0,45.23,4.6639,1.528,66.3,6,,,0.03091,0.2050,0.0000,0.6202,0.0000,0.3091,0.5539,0.2469,SAFE,False,3,5,,,,,,
1771434250.546,0.0,,,,,,,,,,,,,,,0.2469,SAFE,,2,,t177_0,0.88,NORMAL,LOCAL,SAFE: all tasks permitted (weight=0.88),
1771434250.546,0.0,,,,,,,,,,,,,,,0.2469,SAFE,,1,,t177_1,0.48,HIGH,LOCAL,SAFE: all tasks permitted (weight=0.48),
1771434250.546,0.0,45.87,4.5835,1.819,87.1,8,,,0.04952,0.3118,0.0000,0.8885,0.0000,0.4952,0.7296,0.3484,WARNING,False,1,7,,,,,,
1771434250.546,0.0,,,,,,,,,,,,,,,0.3484,WARNING,,1,,t178_0,0.43,HIGH,OFFLOAD,WARNING: heavy task offloaded (weight=0.43 >= 0.3),
1771434250.546,0.0,,,,,,,,,,,,,,,0.3484,WARNING,,0,,t178_1,0.25,CRITICAL,LOCAL,WARNING: lightweight task permitted (weight=0.25 < 0.3),
1771434250.546,0.0,46.25,4.5888,1.801,85.8,8,,,0.05804,0.3742,0.0000,0.8706,0.0000,0.5804,0.7207,0.3603,WARNING,False,0,8,,,,,,
1771434250.546,0.0,,,,,,,,,,,,,,,0.3603,WARNING,,0,,t179_0,0.85,LOW,OFFLOAD,WARNING: heavy task offloaded (weight=0.85 >= 0.3),
1771434250.546,0.0,46.70,4.6172,1.720,80.0,7,,,0.05968,0.4496,0.0000,0.7760,0.0000,0.5968,0.6651,0.3475,WARNING,False,0,8,,,,,,
1771434250.546,0.0,46.62,4.6656,1.645,74.6,7,,,0.05411,0.4366,0.0000,0.6145,0.0000,0.5411,0.6274,0.3119,WARNING,False,6,0,,,,,,window_reset|B=6
1771434250.546,0.0,,,,,,,,,,,,,,,0.3119,WARNING,,6,,t181_0,0.31,LOW,OFFLOAD,WARNING: heavy task offloaded (weight=0.31 >= 0.3),
1771434250.546,0.0,46.58,4.6745,1.575,69.6,6,,,0.05217,0.4293,0.0000,0.5849,0.0000,0.5217,0.5773,0.2952,WARNING,False,6,0,,,,,,
1771434250.546,0.0,,,,,,,,,,,,,,,0.2952,WARNING,,6,,t182_0,0.45,HIGH,OFFLOAD,WARNING: heavy task offloaded (weight=0.45 >= 0.3),
1771434250.546,0.0,,,,,,,,,,,,,,,0.2952,WARNING,,5,,t182_1,0.28,LOW,LOCAL,WARNING: lightweight task permitted (weight=0.28 < 0.3),
1771434250.546,0.0,46.96,4.6304,1.581,70.1,6,,,0.05352,0.4939,0.0000,0.7319,0.0000,0.5352,0.5805,0.3240,WARNING,False,5,1,,,,,,
1771434250.546,0.0,,,,,,,,,,,,,,,0.3240,WARNING,,5,,t183_0,0.45,NORMAL,OFFLOAD,WARNING: heavy task offloaded (weight=0.45 >= 0.3),
1771434250.546,0.0,47.30,4.6355,1.515,65.4,6,,,0.05146,0.5499,0.0000,0.7151,0.0000,0.5146,0.5477,0.3199,WARNING,False,5,1,,,,,,
1771434250.546,0.0,,,,,,,,,,,,,,,0.3199,WARNING,,5,,t184_0,0.65,LOW,OFFLOAD,WARNING: heavy task offloaded (weight=0.65 >= 0.3),
1771434250.546,0.0,47.88,4.7200,1.454,61.0,5,,,0.04957,0.6475,0.0000,0.4332,0.0000,0.4957,0.5021,0.2840,WARNING,False,5,1,,,,,,
1771434250.546,0.0,,,,,,,,,,,,,,,0.2840,WARNING,,5,,t185_0,0.44,NORMAL,OFFLOAD,WARNING: heavy task offloaded (weight=0.44 >= 0.3),
1771434250.546,0.0,47.07,4.7156,1.397,57.0,5,,,0.05022,0.5120,0.0000,0.4481,0.0000,0.5022,0.4737,0.2646,WARNING,False,5,1,,,,,,
1771434250.546,0.0,,,,,,,,,,,,,,,0.2646,WARNING,,5,,t186_0,0.37,NORMAL,OFFLOAD,WARNING: heavy task offloaded (weight=0.37 >= 0.3),
1771434250.546,0.0,,,,,,,,,,,,,,,0.2646,WARNING,,5,,t186_1,0.36,NORMAL,OFFLOAD,WARNING: heavy task offloaded (weight=0.36 >= 0.3),
1771434250.546,0.0,46.93,4.7134,1.344,53.2,5,,,0.04763,0.4880,0.0000,0.4555,0.0000,0.4763,0.4472,0.2548,WARNING,False,5,1,,,,,,
1771434250.546,0.0,,,,,,,,,,,,,,,0.2548,WARNING,,5,,t187_0,0.80,NORMAL,OFFLOAD,WARNING: heavy task offloaded (weight=0.80 >= 0.3),
1771434250.546,0.0,47.17,4.7193,1.295,49.7,4,,,0.04791,0.5286,0.0000,0.4357,0.0000,0.4791,0.4076,0.2495,WARNING,False,5,1,,,,,,
1771434250.546,0.0,,,,,,,,,,,,,,,0.2495,WARNING,,4,,t188_0,0.23,HIGH,LOCAL,WARNING: lightweight task permitted (weight=0.23 < 0.3),
1771434250.547,0.0,,,,,,,,,,,,,,,0.2495,WARNING,,4,,t188_1,0.72,NORMAL,OFFLOAD,WARNING: heavy task offloaded (weight=0.72 >= 0.3),
1771434250.547,0.0,46.66,4.7003,1.309,50.7,4,2530.444,34.51379,0.04915,0.4437,1.0000,0.4991,0.0000,0.4915,0.4146,0.5002,WARNING,False,4,2,,,,,,
1771434250.547,0.0,,,,,,,,,,,,,,,0.5002,WARNING,,4,,t189_0,0.77,NORMAL,OFFLOAD,WARNING: heavy task offloaded (weight=0.77 >= 0.3),
1771434250.547,0.0,,,,,,,,,,,,,,,0.5002,WARNING,,4,,t189_1,0.64,NORMAL,OFFLOAD,WARNING: heavy task offloaded (weight=0.64 >= 0.3),
1771434250.547,0.0,46.47,4.7435,1.263,47.3,4,-6273.317,68.79157,0.04726,0.4118,0.0000,0.3548,0.0000,0.4726,0.3913,0.2211,WARNING,False,4,2,,,,,,
1771434250.547,0.0,,,,,,,,,,,,,,,0.2211,WARNING,,4,,t190_0,0.55,HIGH,OFFLOAD,WARNING: heavy task offloaded (weight=0.55 >= 0.3),
1771434250.547,0.0,,,,,,,,,,,,,,,0.2211,WARNING,,3,,t190_1,0.22,NORMAL,LOCAL,WARNING: lightweight task permitted (weight=0.22 < 0.3),
1771434250.547,0.0,46.75,4.7588,1.277,48.4,4,-12508.762,127.96793,0.04408,0.4591,0.0000,0.3039,0.0000,0.4408,0.3985,0.2184,WARNING,False,3,3,,,,,,
1771434250.547,0.0,46.37,4.7438,1.233,45.2,4,-55384.371,107.99940,0.04008,0.3955,0.0000,0.3539,0.0000,0.4008,0.3763,0.2088,WARNING,False,3,3,,,,,,
1771434250.547,0.0,46.46,4.7802,1.191,42.2,3,-84970.873,59.90655,0.04381,0.4106,0.0000,0.2328,0.0000,0.4381,0.3406,0.1915,WARNING,False,3,3,,,,,,
1771434250.547,0.0,,,,,,,,,,,,,,,0.1915,WARNING,,3,,t193_0,0.61,NORMAL,OFFLOAD,WARNING: heavy task offloaded (weight=0.61 >= 0.3),
1771434250.547,0.0,,,,,,,,,,,,,,,0.1915,WARNING,,3,,t193_1,0.64,NORMAL,OFFLOAD,WARNING: heavy task offloaded (weight=0.64 >= 0.3),
1771434250.547,0.0,46.87,4.7772,1.153,39.5,3,-11819.295,61.39896,0.04578,0.4790,0.0000,0.2427,0.0000,0.4578,0.3214,0.1991,WARNING,False,8,0,,,,,,window_reset|B=8
1771434250.547,0.0,,,,,,,,,,,,,,,0.1991,WARNING,,8,,t194_0,0.50,LOW,OFFLOAD,WARNING: heavy task offloaded (weight=0.50 >= 0.3),
1771434250.547,0.0,,,,,,,,,,,,,,,0.1991,WARNING,,8,,t194_1,0.69,NORMAL,OFFLOAD,WARNING: heavy task offloaded (weight=0.69 >= 0.3),
1771434250.547,0.0,45.73,4.7750,1.117,36.9,3,-71523.755,61.41577,0.03921,0.2886,0.0000,0.2500,0.0000,0.3921,0.3035,0.1670,SAFE,False,8,0,,,,,,
1771434250.547,0.0,46.48,4.7836,1.084,34.6,3,-41452.011,64.11215,0.02887,0.4131,0.0000,0.2212,0.0000,0.2887,0.2869,0.1646,SAFE,False,8,0,,,,,,
1771434250.547,0.0,,,,,,,,,,,,,,,0.1646,SAFE,,7,,t196_0,0.70,LOW,LOCAL,SAFE: all tasks permitted (weight=0.70),
1771434250.547,0.0,45.94,4.7678,1.236,45.4,4,,,0.02856,0.3230,0.0000,0.2739,0.0000,0.2856,0.3780,0.1785,SAFE,False,7,1,,,,,,
1771434250.547,0.0,,,,,,,,,,,,,,,0.1785,SAFE,,6,,t197_0,0.34,HIGH,LOCAL,SAFE: all tasks permitted (weight=0.34),
1771434250.547,0.0,,,,,,,,,,,,,,,0.1785,SAFE,,5,,t197_1,0.80,HIGH,LOCAL,SAFE: all tasks permitted (weight=0.80),
1771434250.547,0.0,46.28,4.6597,1.492,63.7,6,,,0.03685,0.3807,0.0000,0.6343,0.0000,0.3685,0.5360,0.2722,WARNING,False,5,3,,,,,,
1771434250.547,0.0,46.75,4.6940,1.432,59.5,5,,,0.03852,0.4579,0.0000,0.5201,0.0000,0.3852,0.4912,0.2593,WARNING,False,5,3,,,,,,
1771434250.547,0.0,,,,,,,,,,,,,,,0.2593,WARNING,,5,,t199_0,0.84,NORMAL,OFFLOAD,WARNING: heavy task offloaded (weight=0.84 >= 0.3),
1771434250.547,0.0,45.98,4.6867,1.377,55.5,5,,,0.04109,0.3300,0.0000,0.5445,0.0000,0.4109,0.4636,0.2442,WARNING,False,5,3,,,,,,
1771434250.547,0.0,,,,,,,,,,,,,,,0.2442,WARNING,,4,,t200_0,0.21,NORMAL,LOCAL,WARNING: lightweight task permitted (weight=0.21 < 0.3),
1771434250.547,0.0,45.91,4.6825,1.380,55.7,5,,,0.04276,0.3189,0.0000,0.5584,0.0000,0.4276,0.4648,0.2466,WARNING,False,4,4,,,,,,
1771434250.547,0.0,,,,,,,,,,,,,,,0.2466,WARNING,,4,,t201_0,0.87,NORMAL,OFFLOAD,WARNING: heavy task offloaded (weight=0.87 >= 0.3),
1771434250.547,0.0,,,,,,,,,,,,,,,0.2466,WARNING,,4,,t201_1,0.59,NORMAL,OFFLOAD,WARNING: heavy task offloaded (weight=0.59 >= 0.3),
1771434250.547,0.0,,,,,,,,,,,,,,,0.2466,WARNING,,4,,t201_2,0.78,LOW,OFFLOAD,WARNING: heavy task offloaded (weight=0.78 >= 0.3),
1771434250.547,0.0,46.09,4.7105,1.328,52.0,4,,,0.04335,0.3479,0.0000,0.4649,0.0000,0.4335,0.4240,0.2303,WARNING,False,4,4,,,,,,
1771434250.547,0.0,,,,,,,,,,,,,,,0.2303,WARNING,,4,,t202_0,0.56,LOW,OFFLOAD,WARNING: heavy task offloaded (weight=0.56 >= 0.3),
1771434250.547,0.0,,,,,,,,,,,,,,,0.2303,WARNING,,4,,t202_1,0.74,NORMAL,OFFLOAD,WARNING: heavy task offloaded (weight=0.74 >= 0.3),
1771434250.547,0.0,45.90,4.7173,1.280,48.6,4,,,0.04297,0.3169,0.0000,0.4423,0.0000,0.4297,0.4000,0.2185,WARNING,False,4,4,,,,,,
1771434250.547,0.0,45.53,4.7438,1.235,45.4,4,,,0.04297,0.2557,0.0000,0.3539,0.0000,0.4297,0.3776,0.1952,WARNING,False,4,4,,,,,,
1771434250.547,0.0,45.76,4.7384,1.194,42.4,3,,,0.04051,0.2940,0.0000,0.3720,0.0000,0.4051,0.3419,0.1925,WARNING,False,4,4,,,,,,
1771434250.547,0.0,,,,,,,,,,,,,,,0.1925,WARNING,,4,,t205_0,0.79,HIGH,OFFLOAD,WARNING: heavy task offloaded (weight=0.79 >= 0.3),
1771434250.547,0.0,45.59,4.7714,1.155,39.7,3,,,0.03995,0.2643,0.0000,0.2619,0.0000,0.3995,0.3226,0.1702,SAFE,False,4,4,,,,,,
1771434250.547,0.0,,,,,,,,,,,,,,,0.1702,SAFE,,3,,t206_0,0.85,NORMAL,LOCAL,SAFE: all tasks permitted (weight=0.85),
1771434250.547,0.0,,,,,,,,,,,,,,,0.1702,SAFE,,2,,t206_1,0.76,NORMAL,LOCAL,SAFE: all tasks permitted (weight=0.76),
1771434250.547,0.0,45.85,4.6761,1.538,67.0,6,,,0.03952,0.3081,0.0000,0.5797,0.0000,0.3952,0.5590,0.2637,WARNING,False,7,0,,,,,,window_reset|B=7
1771434250.547,0.0,,,,,,,,,,,,,,,0.2637,WARNING,,6,,t207_0,0.18,NORMAL,LOCAL,WARNING: lightweight task permitted (weight=0.18 < 0.3),
1771434250.547,0.0,45.97,4.6577,1.523,65.9,6,,,0.03772,0.3282,0.0000,0.6409,0.0000,0.3772,0.5516,0.2707,WARNING,False,6,1,,,,,,
1771434250.547,0.0,,,,,,,,,,,,,,,0.2707,WARNING,,6,,t208_0,0.45,CRITICAL,OFFLOAD,WARNING: heavy task offloaded (weight=0.45 >= 0.3),
1771434250.547,0.0,,,,,,,,,,,,,,,0.2707,WARNING,,5,,t208_1,0.29,HIGH,LOCAL,WARNING: lightweight task permitted (weight=0.29 < 0.3),
1771434250.547,0.0,45.64,4.6688,1.536,66.8,6,,,0.03461,0.2732,0.0000,0.6039,0.0000,0.3461,0.5579,0.2575,WARNING,False,5,2,,,,,,
1771434250.547,0.0,,,,,,,,,,,,,,,0.2575,WARNING,,5,,t209_0,0.45,CRITICAL,OFFLOAD,WARNING: heavy task offloaded (weight=0.45 >= 0.3),
1771434250.547,0.0,,,,,,,,,,,,,,,0.2575,WARNING,,5,,t209_1,0.72,HIGH,OFFLOAD,WARNING: heavy task offloaded (weight=0.72 >= 0.3),
1771434250.547,0.0,,,,,,,,,,,,,,,0.2575,WARNING,,5,,t209_2,0.49,NORMAL,OFFLOAD,WARNING: heavy task offloaded (weight=0.49 >= 0.3),
1771434250.547,0.0,45.98,4.6792,1.473,62.4,5,,,0.03308,0.3301,0.0000,0.5692,0.0000,0.3308,0.5116,0.2490,WARNING,False,5,2,,,,,,
1771434250.548,0.0,,,,,,,,,,,,,,,0.2490,WARNING,,5,,t210_0,0.68,NORMAL,OFFLOAD,WARNING: heavy task offloaded (weight=0.68 >= 0.3),
1771434250.548,0.0,46.35,4.7074,1.415,58.2,5,26706.049,-9.89610,0.03301,0.3910,1.0000,0.4753,1.0000,0.3301,0.4825,0.6882,CRITICAL,False,5,2,,,,,,
1771434250.548,0.0,,,,,,,,,,,,,,,0.6882,CRITICAL,,5,,t211_0,0.15,HIGH,OFFLOAD,CRITICAL: non-critical task offloaded (priority=HIGH),
1771434250.548,0.0,46.64,4.7115,1.361,54.3,5,66561.510,-32.30956,0.03268,0.4404,1.0000,0.4616,1.0000,0.3268,0.4554,0.6866,CRITICAL,False,5,2,,,,,,
1771434250.548,0.0,,,,,,,,,,,,,,,0.6866,CRITICAL,,4,,t212_0,0.55,CRITICAL,LOCAL,CRITICAL: mission-critical task permitted locally (priority=CRITICAL),
1771434250.548,0.0,,,,,,,,,,,,,,,0.6866,CRITICAL,,4,,t212_1,0.22,NORMAL,OFFLOAD,CRITICAL: non-critical task offloaded (priority=NORMAL),
1771434250.548,0.0,,,,,,,,,,,,,,,0.6866,CRITICAL,,4,,t212_2,0.72,LOW,OFFLOAD,CRITICAL: non-critical task offloaded (priority=LOW),
1771434250.548,0.0,46.73,4.6833,1.455,61.0,5,58039.512,-55.18039,0.03263,0.4551,1.0000,0.5558,1.0000,0.3263,0.5023,0.7100,CRITICAL,False,4,3,,,,,,
1771434250.548,0.0,,,,,,,,,,,,,,,0.7100,CRITICAL,,4,,t213_0,0.55,LOW,OFFLOAD,CRITICAL: non-critical task offloaded (priority=LOW),
1771434250.548,0.0,46.81,4.7244,1.398,57.0,5,73375.709,-47.05973,0.03303,0.4680,1.0000,0.4187,1.0000,0.3303,0.4738,0.6884,CRITICAL,False,4,3,,,,,,
1771434250.548,0.0,,,,,,,,,,,,,,,0.6884,CRITICAL,,4,,t214_0,0.47,NORMAL,OFFLOAD,CRITICAL: non-critical task offloaded (priority=NORMAL),
1771434250.548,0.0,,,,,,,,,,,,,,,0.6884,CRITICAL,,4,,t214_1,0.69,NORMAL,OFFLOAD,CRITICAL: non-critical task offloaded (priority=NORMAL),
1771434250.548,0.0,46.64,4.6988,1.345,53.2,5,47533.376,22.73066,0.03293,0.4401,1.0000,0.5040,0.0000,0.3293,0.4474,0.4907,CRITICAL,False,4,3,,,,,,
1771434250.548,0.0,46.13,4.7293,1.296,49.7,4,9675.046,71.57695,0.03173,0.3551,1.0000,0.4025,0.0000,0.3173,0.4078,0.4582,CRITICAL,False,4,3,,,,,,
1771434250.548,0.0,,,,,,,,,,,,,,,0.4582,CRITICAL,,4,,t216_0,0.76,LOW,OFFLOAD,CRITICAL: non-critical task offloaded (priority=LOW),
1771434250.548,0.0,,,,,,,,,,,,,,,0.4582,CRITICAL,,4,,t216_1,0.77,LOW,OFFLOAD,CRITICAL: non-critical task offloaded (priority=LOW),
1771434250.548,0.0,46.53,4.7311,1.250,46.4,4,53612.615,62.34806,0.03112,0.4220,1.0000,0.3962,0.0000,0.3112,0.3849,0.4603,CRITICAL,False,4,3,,,,,,
1771434250.548,0.0,,,,,,,,,,,,,,,0.4603,CRITICAL,,4,,t217_0,0.60,NORMAL,OFFLOAD,CRITICAL: non-critical task offloaded (priority=NORMAL),
1771434250.548,0.0,,,,,,,,,,,,,,,0.4603,CRITICAL,,4,,t217_1,0.25,LOW,OFFLOAD,CRITICAL: non-critical task offloaded (priority=LOW),
1771434250.548,0.0,45.99,4.7512,1.207,43.4,4,565.681,72.02189,0.02776,0.3317,1.0000,0.3292,0.0000,0.2776,0.3636,0.4331,CRITICAL,False,4,3,,,,,,
1771434250.548,0.0,,,,,,,,,,,,,,,0.4331,CRITICAL,,4,,t218_0,0.30,NORMAL,OFFLOAD,CRITICAL: non-critical task offloaded (priority=NORMAL),
1771434250.548,0.0,46.09,4.7606,1.168,40.6,3,,,0.03094,0.3483,0.0000,0.2979,0.0000,0.3094,0.3289,0.1772,WARNING,False,4,3,,,,,,
1771434250.548,0.0,,,,,,,,,,,,,,,0.1772,WARNING,,4,,t219_0,0.85,LOW,OFFLOAD,WARNING: heavy task offloaded (weight=0.85 >= 0.3),
1771434250.548,0.0,,,,,,,,,,,,,,,0.1772,WARNING,,4,,t219_1,0.65,LOW,OFFLOAD,WARNING: heavy task offloaded (weight=0.65 >= 0.3),
1771434250.548,0.0,45.43,4.8088,1.131,37.9,3,,,0.03767,0.2381,0.0000,0.1374,0.0000,0.3767,0.3105,0.1462,SAFE,False,8,0,,,,,,window_reset|B=8
1771434250.548,0.0,45.58,4.7582,1.097,35.5,3,,,0.03533,0.2633,0.0000,0.3061,0.0000,0.3533,0.2933,0.1654,SAFE,False,8,0,,,,,,
1771434250.548,0.0,,,,,,,,,,,,,,,0.1654,SAFE,,7,,t221_0,0.44,NORMAL,LOCAL,SAFE: all tasks permitted (weight=0.44),
1771434250.548,0.0,45.47,4.7727,1.178,41.3,3,,,0.03385,0.2453,0.0000,0.2577,0.0000,0.3385,0.3342,0.1636,SAFE,False,7,1,,,,,,
1771434250.548,0.0,,,,,,,,,,,,,,,0.1636,SAFE,,6,,t222_0,0.23,LOW,LOCAL,SAFE: all tasks permitted (weight=0.23),
1771434250.548,0.0,44.76,4.7607,1.200,42.8,3,,,0.03324,0.1261,0.0000,0.2976,0.0000,0.3324,0.3448,0.1560,SAFE,False,6,2,,,,,,
1771434250.548,0.0,,,,,,,,,,,,,,,0.1560,SAFE,,5,,t223_0,0.88,LOW,LOCAL,SAFE: all tasks permitted (weight=0.88),
1771434250.548,0.0,,,,,,,,,,,,,,,0.1560,SAFE,,4,,t223_1,0.39,HIGH,LOCAL,SAFE: all tasks permitted (weight=0.39),
1771434250.548,0.0,45.32,4.7020,1.492,63.7,6,,,0.03404,0.2205,0.0000,0.4932,0.0000,0.3404,0.5358,0.2318,SAFE,False,4,4,,,,,,
1771434250.548,0.0,,,,,,,,,,,,,,,0.2318,SAFE,,3,,t224_0,0.90,LOW,LOCAL,SAFE: all tasks permitted (weight=0.90),
1771434250.548,0.0,,,,,,,,,,,,,,,0.2318,SAFE,,2,,t224_1,0.31,HIGH,LOCAL,SAFE: all tasks permitted (weight=0.31),
1771434250.548,0.0,,,,,,,,,,,,,,,0.2318,SAFE,,1,,t224_2,0.22,HIGH,LOCAL,SAFE: all tasks permitted (weight=0.22),
1771434250.548,0.0,45.83,4.5491,1.804,86.0,8,,,0.06169,0.3056,0.0000,1.0000,0.0000,0.6169,0.7221,0.3728,WARNING,False,1,7,,,,,,FAILURE:BROWNOUT(V=4.549V)
1771434250.548,0.0,,,,,,,,,,,,,,,0.3728,WARNING,,1,,t225_0,0.31,NORMAL,OFFLOAD,WARNING: heavy task offloaded (weight=0.31 >= 0.3),
1771434250.548,0.0,,,,,,,,,,,,,,,0.3728,WARNING,,1,,t225_1,0.51,NORMAL,OFFLOAD,WARNING: heavy task offloaded (weight=0.51 >= 0.3),
1771434250.548,0.0,46.31,4.6472,1.723,80.2,7,,,0.06572,0.3855,0.0000,0.6761,0.0000,0.6572,0.6664,0.3331,WARNING,False,1,7,,,,,,
1771434250.548,0.0,,,,,,,,,,,,,,,0.3331,WARNING,,1,,t226_0,0.79,LOW,OFFLOAD,WARNING: heavy task offloaded (weight=0.79 >= 0.3),
1771434250.548,0.0,,,,,,,,,,,,,,,0.3331,WARNING,,1,,t226_1,0.71,CRITICAL,OFFLOAD,WARNING: heavy task offloaded (weight=0.71 >= 0.3),
1771434250.548,0.0,46.51,4.5519,1.647,74.8,7,,,0.08091,0.4183,0.0000,0.9935,0.0000,0.8091,0.6286,0.3860,WARNING,False,1,7,,,,,,
1771434250.548,0.0,,,,,,,,,,,,,,,0.3860,WARNING,,1,,t227_0,0.70,LOW,OFFLOAD,WARNING: heavy task offloaded (weight=0.70 >= 0.3),
1771434250.548,0.0,,,,,,,,,,,,,,,0.3860,WARNING,,1,,t227_1,0.78,HIGH,OFFLOAD,WARNING: heavy task offloaded (weight=0.78 >= 0.3),
1771434250.548,0.0,46.43,4.6452,1.577,69.8,6,,,0.08257,0.4046,0.0000,0.6826,0.0000,0.8257,0.5784,0.3355,WARNING,False,1,7,,,,,,
1771434250.548,0.0,,,,,,,,,,,,,,,0.3355,WARNING,,1,,t228_0,0.84,NORMAL,OFFLOAD,WARNING: heavy task offloaded (weight=0.84 >= 0.3),
1771434250.548,0.0,,,,,,,,,,,,,,,0.3355,WARNING,,1,,t228_1,0.82,LOW,OFFLOAD,WARNING: heavy task offloaded (weight=0.82 >= 0.3),
1771434250.548,0.0,46.63,4.6445,1.511,65.1,6,,,0.08360,0.4375,0.0000,0.6849,0.0000,0.8360,0.5457,0.3343,WARNING,False,1,7,,,,,,
1771434250.548,0.0,,,,,,,,,,,,,,,0.3343,WARNING,,0,,t229_0,0.15,NORMAL,LOCAL,WARNING: lightweight task permitted (weight=0.15 < 0.3),
1771434250.549,0.0,46.58,4.6394,1.490,63.6,6,66642.923,-133.36175,0.08316,0.4304,1.0000,0.7021,1.0000,0.8316,0.5352,0.7831,CRITICAL,False,0,8,,,,,,
1771434250.549,0.0,,,,,,,,,,,,,,,0.7831,CRITICAL,,0,,t230_0,0.25,LOW,OFFLOAD,CRITICAL: non-critical task offloaded (priority=LOW),
1771434250.549,0.0,46.57,4.6734,1.431,59.4,5,108830.904,-87.36108,0.08014,0.4283,1.0000,0.5887,1.0000,0.8014,0.4905,0.7562,CRITICAL,False,0,8,,,,,,
1771434250.549,0.0,,,,,,,,,,,,,,,0.7562,CRITICAL,,0,,t231_0,0.17,HIGH,OFFLOAD,CRITICAL: non-critical task offloaded (priority=HIGH),
1771434250.549,0.0,46.54,4.7149,1.376,55.4,5,72833.602,12.82946,0.07121,0.4227,1.0000,0.4505,0.0000,0.7121,0.4629,0.5231,CRITICAL,False,0,8,,,,,,
1771434250.549,0.0,,,,,,,,,,,,,,,0.5231,CRITICAL,,0,,t232_0,0.88,CRITICAL,OFFLOAD,"Budget exhausted (B=0), offloading. Original: CRITICAL: mission-critical task permitted locally (priority=CRITICAL)",
1771434250.549,0.0,47.29,4.7025,1.324,51.7,4,87357.901,153.49921,0.06712,0.5482,1.0000,0.4916,0.0000,0.6712,0.4222,0.5312,CRITICAL,False,4,0,,,,,,window_reset|B=4
1771434250.549,0.0,,,,,,,,,,,,,,,0.5312,CRITICAL,,4,,t233_0,0.46,NORMAL,OFFLOAD,CRITICAL: non-critical task offloaded (priority=NORMAL),
1771434250.549,0.0,,,,,,,,,,,,,,,0.5312,CRITICAL,,4,,t233_1,0.71,NORMAL,OFFLOAD,CRITICAL: non-critical task offloaded (priority=NORMAL),
1771434250.549,0.0,46.85,4.7417,1.277,48.3,4,32520.586,94.59874,0.06350,0.4758,1.0000,0.3608,0.0000,0.6350,0.3983,0.4972,CRITICAL,False,4,0,,,,,,
1771434250.549,0.0,,,,,,,,,,,,,,,0.4972,CRITICAL,,4,,t234_0,0.25,NORMAL,OFFLOAD,CRITICAL: non-critical task offloaded (priority=NORMAL),
1771434250.549,0.0,,,,,,,,,,,,,,,0.4972,CRITICAL,,4,,t234_1,0.50,NORMAL,OFFLOAD,CRITICAL: non-critical task offloaded (priority=NORMAL),
1771434250.549,0.0,,,,,,,,,,,,,,,0.4972,CRITICAL,,4,,t234_2,0.76,LOW,OFFLOAD,CRITICAL: non-critical task offloaded (priority=LOW),
1771434250.549,0.0,46.37,4.7367,1.232,45.2,4,-8187.088,184.84617,0.06075,0.3956,0.0000,0.3776,0.0000,0.6075,0.3761,0.2325,WARNING,False,4,0,,,,,,
1771434250.549,0.0,,,,,,,,,,,,,,,0.2325,WARNING,,4,,t235_0,0.53,NORMAL,OFFLOAD,WARNING: heavy task offloaded (weight=0.53 >= 0.3),
1771434250.549,0.0,46.27,4.7312,1.191,42.2,3,-9702.846,85.95878,0.06284,0.3776,0.0000,0.3961,0.0000,0.6284,0.3405,0.2277,WARNING,False,4,0,,,,,,
1771434250.549,0.0,,,,,,,,,,,,,,,0.2277,WARNING,,4,,t236_0,0.77,HIGH,OFFLOAD,WARNING: heavy task offloaded (weight=0.77 >= 0.3),
1771434250.549,0.0,,,,,,,,,,,,,,,0.2277,WARNING,,4,,t236_1,0.85,NORMAL,OFFLOAD,WARNING: heavy task offloaded (weight=0.85 >= 0.3),
1771434250.549,0.0,,,,,,,,,,,,,,,0.2277,WARNING,,4,,t236_2,0.68,HIGH,OFFLOAD,WARNING: heavy task offloaded (weight=0.68 >= 0.3),
1771434250.549,0.0,45.91,4.7613,1.153,39.5,3,-43134.138,116.76794,0.05740,0.3178,0.0000,0.2958,0.0000,0.5740,0.3213,0.1982,WARNING,False,4,0,,,,,,
1771434250.549,0.0,,,,,,,,,,,,,,,0.1982,WARNING,,4,,t237_0,0.89,HIGH,OFFLOAD,WARNING: heavy task offloaded (weight=0.89 >= 0.3),
1771434250.549,0.0,46.36,4.7742,1.117,36.9,3,,,0.06148,0.3931,0.0000,0.2526,0.0000,0.6148,0.3034,0.2022,WARNING,False,4,0,,,,,,
1771434250.549,0.0,,,,,,,,,,,,,,,0.2022,WARNING,,4,,t238_0,0.83,NORMAL,OFFLOAD,WARNING: heavy task offloaded (weight=0.83 >= 0.3),
1771434250.549,0.0,,,,,,,,,,,,,,,0.2022,WARNING,,4,,t238_1,0.73,CRITICAL,OFFLOAD,WARNING: heavy task offloaded (weight=0.73 >= 0.3),
1771434250.549,0.0,,,,,,,,,,,,,,,0.2022,WARNING,,3,,t238_2,0.15,HIGH,LOCAL,WARNING: lightweight task permitted (weight=0.15 < 0.3),
1771434250.549,0.0,45.86,4.7754,1.123,37.3,3,,,0.04835,0.3092,0.0000,0.2486,0.0000,0.4835,0.3064,0.1791,SAFE,False,3,1,,,,,,
1771434250.549,0.0,,,,,,,,,,,,,,,0.1791,SAFE,,2,,t239_0,0.50,NORMAL,LOCAL,SAFE: all tasks permitted (weight=0.50),
1771434250.549,0.0,,,,,,,,,,,,,,,0.1791,SAFE,,1,,t239_1,0.20,LOW,LOCAL,SAFE: all tasks permitted (weight=0.20),
1771434250.549,0.0,46.00,4.7153,1.273,48.1,4,,,0.04401,0.3333,0.0000,0.4490,0.0000,0.4401,0.3964,0.2217,SAFE,False,1,3,,,,,,
1771434250.549,0.0,,,,,,,,,,,,,,,0.2217,SAFE,,0,,t240_0,0.81,NORMAL,LOCAL,SAFE: all tasks permitted (weight=0.81),
1771434250.549,0.0,,,,,,,,,,,,,,,0.2217,SAFE,,0,,t240_1,0.68,NORMAL,OFFLOAD,"Budget exhausted (B=0), offloading. Original: SAFE: all tasks permitted (weight=0.68)",
1771434250.549,0.0,,,,,,,,,,,,,,,0.2217,SAFE,,0,,t240_2,0.68,HIGH,OFFLOAD,"Budget exhausted (B=0), offloading. Original: SAFE: all tasks permitted (weight=0.68)",
1771434250.549,0.0,46.33,4.6905,1.440,60.0,5,,,0.03923,0.3890,0.0000,0.5317,0.0000,0.3923,0.4948,0.2540,WARNING,False,0,4,,,,,,
1771434250.549,0.0,,,,,,,,,,,,,,,0.2540,WARNING,,0,,t241_0,0.72,CRITICAL,OFFLOAD,WARNING: heavy task offloaded (weight=0.72 >= 0.3),
1771434250.549,0.0,,,,,,,,,,,,,,,0.2540,WARNING,,0,,t241_1,0.71,NORMAL,OFFLOAD,WARNING: heavy task offloaded (weight=0.71 >= 0.3),
1771434250.549,0.0,,,,,,,,,,,,,,,0.2540,WARNING,,0,,t241_2,0.46,NORMAL,OFFLOAD,WARNING: heavy task offloaded (weight=0.46 >= 0.3),
1771434250.549,0.0,46.41,4.7108,1.384,56.0,5,,,0.03086,0.4017,0.0000,0.4639,0.0000,0.3086,0.4669,0.2327,WARNING,False,0,4,,,,,,
1771434250.549,0.0,,,,,,,,,,,,,,,0.2327,WARNING,,0,,t242_0,0.81,NORMAL,OFFLOAD,WARNING: heavy task offloaded (weight=0.81 >= 0.3),
1771434250.549,0.0,,,,,,,,,,,,,,,0.2327,WARNING,,0,,t242_1,0.44,NORMAL,OFFLOAD,WARNING: heavy task offloaded (weight=0.44 >= 0.3),
1771434250.549,0.0,45.52,4.6878,1.332,52.3,4,,,0.02896,0.2542,0.0000,0.5406,0.0000,0.2896,0.4259,0.2149,WARNING,False,0,4,,,,,,
1771434250.549,0.0,,,,,,,,,,,,,,,0.2149,WARNING,,0,,t243_0,0.30,HIGH,OFFLOAD,WARNING: heavy task offloaded (weight=0.30 >= 0.3),
1771434250.549,0.0,45.50,4.7171,1.284,48.8,4,,,0.02888,0.2493,0.0000,0.4430,0.0000,0.2888,0.4018,0.1967,WARNING,False,0,4,,,,,,
1771434250.549,0.0,,,,,,,,,,,,,,,0.1967,WARNING,,0,,t244_0,0.78,NORMAL,OFFLOAD,WARNING: heavy task offloaded (weight=0.78 >= 0.3),
1771434250.549,0.0,,,,,,,,,,,,,,,0.1967,WARNING,,0,,t244_1,0.59,CRITICAL,OFFLOAD,WARNING: heavy task offloaded (weight=0.59 >= 0.3),
1771434250.549,0.0,,,,,,,,,,,,,,,0.1967,WARNING,,0,,t244_2,0.76,LOW,OFFLOAD,WARNING: heavy task offloaded (weight=0.76 >= 0.3),
1771434250.549,0.0,46.01,4.7475,1.239,45.6,4,,,0.02814,0.3346,0.0000,0.3418,0.0000,0.2814,0.3793,0.1886,WARNING,False,0,4,,,,,,
1771434250.549,0.0,,,,,,,,,,,,,,,0.1886,WARNING,,0,,t245_0,0.29,NORMAL,OFFLOAD,"Budget exhausted (B=0), offloading. Original: WARNING: lightweight task permitted (weight=0.29 < 0.3)",
1771434250.549,0.0,,,,,,,,,,,,,,,0.1886,WARNING,,0,,t245_1,0.18,LOW,OFFLOAD,"Budget exhausted (B=0), offloading. Original: WARNING: lightweight task permitted (weight=0.18 < 0.3)",
1771434250.549,0.0,,,,,,,,,,,,,,,0.1886,WARNING,,0,,t245_2,0.74,NORMAL,OFFLOAD,WARNING: heavy task offloaded (weight=0.74 >= 0.3),
1771434250.549,0.0,45.37,4.7255,1.197,42.6,3,,,0.02805,0.2284,0.0000,0.4149,0.0000,0.2805,0.3434,0.1781,SAFE,False,8,0,,,,,,window_reset|B=8
1771434250.549,0.0,,,,,,,,,,,,,,,0.1781,SAFE,,7,,t246_0,0.87,LOW,LOCAL,SAFE: all tasks permitted (weight=0.87),
1771434250.550,0.0,,,,,,,,,,,,,,,0.1781,SAFE,,6,,t246_1,0.73,NORMAL,LOCAL,SAFE: all tasks permitted (weight=0.73),
1771434250.550,0.0,,,,,,,,,,,,,,,0.1781,SAFE,,5,,t246_2,0.21,LOW,LOCAL,SAFE: all tasks permitted (weight=0.21),
1771434250.550,0.0,45.82,4.6299,1.627,73.3,7,-1908.807,-145.49092,0.03949,0.3039,0.0000,0.7338,1.0000,0.3949,0.6183,0.4950,WARNING,False,5,3,,,,,,
1771434250.550,0.0,,,,,,,,,,,,,,,0.4950,WARNING,,5,,t247_0,0.67,HIGH,OFFLOAD,WARNING: heavy task offloaded (weight=0.67 >= 0.3),
1771434250.550,0.0,,,,,,,,,,,,,,,0.4950,WARNING,,5,,t247_1,0.81,NORMAL,OFFLOAD,WARNING: heavy task offloaded (weight=0.81 >= 0.3),
1771434250.550,0.0,46.24,4.6384,1.558,68.4,6,14465.540,-76.91004,0.04559,0.3735,1.0000,0.7055,1.0000,0.4559,0.5689,0.7459,CRITICAL,False,5,3,,,,,,
1771434250.550,0.0,,,,,,,,,,,,,,,0.7459,CRITICAL,,5,,t248_0,0.71,LOW,OFFLOAD,CRITICAL: non-critical task offloaded (priority=LOW),
1771434250.550,0.0,,,,,,,,,,,,,,,0.7459,CRITICAL,,5,,t248_1,0.28,NORMAL,OFFLOAD,CRITICAL: non-critical task offloaded (priority=NORMAL),
1771434250.550,0.0,46.11,4.6904,1.494,63.8,6,-13347.420,-0.08793,0.04370,0.3519,0.0000,0.5319,0.1759,0.4370,0.5368,0.2976,WARNING,False,5,3,,,,,,
1771434250.550,0.0,,,,,,,,,,,,,,,0.2976,WARNING,,5,,t249_0,0.37,NORMAL,OFFLOAD,WARNING: heavy task offloaded (weight=0.37 >= 0.3),
1771434250.550,0.0,,,,,,,,,,,,,,,0.2976,WARNING,,5,,t249_1,0.58,CRITICAL,OFFLOAD,WARNING: heavy task offloaded (weight=0.58 >= 0.3),
1771434250.550,0.0,,,,,,,,,,,,,,,0.2976,WARNING,,5,,t249_2,0.75,NORMAL,OFFLOAD,WARNING: heavy task offloaded (weight=0.75 >= 0.3),
1771434250.550,0.0,45.98,4.7032,1.434,59.6,5,-25509.155,-7.61380,0.03896,0.3308,0.0000,0.4893,1.0000,0.3896,0.4920,0.4407,WARNING,False,5,3,,,,,,
1771434250.550,0.0,,,,,,,,,,,,,,,0.4407,WARNING,,5,,t250_0,0.74,LOW,OFFLOAD,WARNING: heavy task offloaded (weight=0.74 >= 0.3),
1771434250.550,0.0,46.09,4.6880,1.379,55.6,5,34030.242,0.16080,0.03227,0.3487,1.0000,0.5401,0.0000,0.3227,0.4643,0.4872,WARNING,False,5,3,,,,,,
1771434250.550,0.0,46.38,4.7317,1.327,51.9,4,52913.913,14.59965,0.03341,0.3963,1.0000,0.3943,0.0000,0.3341,0.4235,0.4669,WARNING,False,5,3,,,,,,
1771434250.550,0.0,,,,,,,,,,,,,,,0.4669,WARNING,,4,,t252_0,0.19,LOW,LOCAL,WARNING: lightweight task permitted (weight=0.19 < 0.3),
1771434250.550,0.0,,,,,,,,,,,,,,,0.4669,WARNING,,4,,t252_1,0.69,NORMAL,OFFLOAD,WARNING: heavy task offloaded (weight=0.69 >= 0.3),
1771434250.550,0.0,,,,,,,,,,,,,,,0.4669,WARNING,,4,,t252_2,0.68,NORMAL,OFFLOAD,WARNING: heavy task offloaded (weight=0.68 >= 0.3),
1771434250.550,0.0,45.88,4.6992,1.327,52.0,4,-7391.544,-48.20790,0.03336,0.3141,0.0000,0.5026,1.0000,0.3336,0.4237,0.4211,WARNING,False,4,4,,,,,,
1771434250.550,0.0,,,,,,,,,,,,,,,0.4211,WARNING,,4,,t253_0,0.60,CRITICAL,OFFLOAD,WARNING: heavy task offloaded (weight=0.60 >= 0.3),
1771434250.550,0.0,,,,,,,,,,,,,,,0.4211,WARNING,,4,,t253_1,0.75,NORMAL,OFFLOAD,WARNING: heavy task offloaded (weight=0.75 >= 0.3),
1771434250.550,0.0,45.52,4.7188,1.279,48.5,4,8958.979,-6.74194,0.03370,0.2533,1.0000,0.4374,1.0000,0.3370,0.3997,0.6509,CRITICAL,False,4,4,,,,,,
1771434250.550,0.0,,,,,,,,,,,,,,,0.6509,CRITICAL,,3,,t254_0,0.26,CRITICAL,LOCAL,CRITICAL: mission-critical task permitted locally (priority=CRITICAL),
1771434250.550,0.0,,,,,,,,,,,,,,,0.6509,CRITICAL,,3,,t254_1,0.38,NORMAL,OFFLOAD,CRITICAL: non-critical task offloaded (priority=NORMAL),
1771434250.550,0.0,,,,,,,,,,,,,,,0.6509,CRITICAL,,3,,t254_2,0.51,LOW,OFFLOAD,CRITICAL: non-critical task offloaded (priority=LOW),
1771434250.550,0.0,46.08,4.7168,1.302,50.2,4,,,0.03391,0.3468,0.0000,0.4441,0.0000,0.3391,0.4111,0.2155,WARNING,False,3,5,,,,,,
1771434250.550,0.0,,,,,,,,,,,,,,,0.2155,WARNING,,3,,t255_0,0.51,NORMAL,OFFLOAD,WARNING: heavy task offloaded (weight=0.51 >= 0.3),
1771434250.550,0.0,45.87,4.7285,1.256,46.9,4,,,0.03452,0.3124,0.0000,0.4049,0.0000,0.3452,0.3880,0.2022,WARNING,False,3,5,,,,,,
1771434250.550,0.0,,,,,,,,,,,,,,,0.2022,WARNING,,3,,t256_0,0.53,LOW,OFFLOAD,WARNING: heavy task offloaded (weight=0.53 >= 0.3),
1771434250.550,0.0,,,,,,,,,,,,,,,0.2022,WARNING,,2,,t256_1,0.24,NORMAL,LOCAL,WARNING: lightweight task permitted (weight=0.24 < 0.3),
1771434250.550,0.0,45.62,4.7249,1.276,48.3,4,,,0.03252,0.2705,0.0000,0.4171,0.0000,0.3252,0.3979,0.1988,WARNING,False,2,6,,,,,,
1771434250.550,0.0,,,,,,,,,,,,,,,0.1988,WARNING,,2,,t257_0,0.51,NORMAL,OFFLOAD,WARNING: heavy task offloaded (weight=0.51 >= 0.3),
1771434250.550,0.0,46.55,4.7402,1.231,45.1,4,,,0.03373,0.4247,0.0000,0.3659,0.0000,0.3373,0.3757,0.2074,WARNING,False,2,6,,,,,,
1771434250.550,0.0,,,,,,,,,,,,,,,0.2074,WARNING,,2,,t258_0,0.84,NORMAL,OFFLOAD,WARNING: heavy task offloaded (weight=0.84 >= 0.3),
1771434250.550,0.0,,,,,,,,,,,,,,,0.2074,WARNING,,1,,t258_1,0.17,NORMAL,LOCAL,WARNING: lightweight task permitted (weight=0.17 < 0.3),
1771434250.550,0.0,,,,,,,,,,,,,,,0.2074,WARNING,,1,,t258_2,0.31,HIGH,OFFLOAD,WARNING: heavy task offloaded (weight=0.31 >= 0.3),
1771434250.550,0.0,46.21,4.7602,1.235,45.4,4,,,0.02989,0.3691,0.0000,0.2994,0.0000,0.2989,0.3777,0.1886,WARNING,False,8,0,,,,,,window_reset|B=8
1771434250.550,0.0,,,,,,,,,,,,,,,0.1886,WARNING,,8,,t259_0,0.37,NORMAL,OFFLOAD,WARNING: heavy task offloaded (weight=0.37 >= 0.3),
1771434250.550,0.0,,,,,,,,,,,,,,,0.1886,WARNING,,8,,t259_1,0.34,LOW,OFFLOAD,WARNING: heavy task offloaded (weight=0.34 >= 0.3),
1771434250.550,0.0,,,,,,,,,,,,,,,0.1886,WARNING,,8,,t259_2,0.31,LOW,OFFLOAD,WARNING: heavy task offloaded (weight=0.31 >= 0.3),
1771434250.550,0.0,45.60,4.7348,1.194,42.4,3,,,0.02062,0.2663,0.0000,0.3841,0.0000,0.2062,0.3419,0.1709,SAFE,False,8,0,,,,,,
1771434250.550,0.0,,,,,,,,,,,,,,,0.1709,SAFE,,7,,t260_0,0.65,CRITICAL,LOCAL,SAFE: all tasks permitted (weight=0.65),
1771434250.550,0.0,,,,,,,,,,,,,,,0.1709,SAFE,,6,,t260_1,0.26,LOW,LOCAL,SAFE: all tasks permitted (weight=0.26),
1771434250.550,0.0,,,,,,,,,,,,,,,0.1709,SAFE,,5,,t260_2,0.47,CRITICAL,LOCAL,SAFE: all tasks permitted (weight=0.47),
1771434250.550,0.0,46.25,4.6296,1.512,65.1,6,,,0.03170,0.3756,0.0000,0.7348,0.0000,0.3170,0.5459,0.2815,WARNING,False,5,3,,,,,,
1771434250.550,0.0,,,,,,,,,,,,,,,0.2815,WARNING,,5,,t261_0,0.82,NORMAL,OFFLOAD,WARNING: heavy task offloaded (weight=0.82 >= 0.3),
1771434250.550,0.0,45.64,4.6808,1.451,60.8,5,,,0.03296,0.2739,0.0000,0.5639,0.0000,0.3296,0.5004,0.2392,WARNING,False,5,3,,,,,,
1771434250.550,0.0,,,,,,,,,,,,,,,0.2392,WARNING,,5,,t262_0,0.36,LOW,OFFLOAD,WARNING: heavy task offloaded (weight=0.36 >= 0.3),
1771434250.550,0.0,45.35,4.6993,1.394,56.7,5,,,0.03239,0.2251,0.0000,0.5024,0.0000,0.3239,0.4721,0.2191,WARNING,False,5,3,,,,,,
1771434250.550,0.0,,,,,,,,,,,,,,,0.2191,WARNING,,4,,t263_0,0.22,HIGH,LOCAL,WARNING: lightweight task permitted (weight=0.22 < 0.3),
1771434250.550,0.0,45.93,4.7295,1.399,57.1,5,,,0.03229,0.3210,0.0000,0.4017,0.0000,0.3229,0.4746,0.2180,WARNING,False,4,4,,,,,,
1771434250.551,0.0,,,,,,,,,,,,,,,0.2180,WARNING,,3,,t264_0,0.24,HIGH,LOCAL,WARNING: lightweight task permitted (weight=0.24 < 0.3),
1771434250.551,0.0,46.39,4.6905,1.408,57.7,5,46177.029,-34.36082,0.03270,0.3987,1.0000,0.5316,1.0000,0.3270,0.4790,0.6955,CRITICAL,False,3,5,,,,,,
1771434250.551,0.0,,,,,,,,,,,,,,,0.6955,CRITICAL,,3,,t265_0,0.65,HIGH,OFFLOAD,CRITICAL: non-critical task offloaded (priority=HIGH),
1771434250.551,0.0,46.02,4.7245,1.354,53.9,5,-31844.900,-15.73550,0.03283,0.3362,0.0000,0.4184,1.0000,0.3283,0.4522,0.4180,WARNING,False,3,5,,,,,,
1771434250.551,0.0,46.38,4.7238,1.304,50.3,4,9831.244,-36.42461,0.03294,0.3964,1.0000,0.4208,1.0000,0.3294,0.4122,0.6676,CRITICAL,False,3,5,,,,,,
1771434250.551,0.0,,,,,,,,,,,,,,,0.6676,CRITICAL,,3,,t267_0,0.33,LOW,OFFLOAD,CRITICAL: non-critical task offloaded (priority=LOW),
1771434250.551,0.0,,,,,,,,,,,,,,,0.6676,CRITICAL,,3,,t267_1,0.80,NORMAL,OFFLOAD,CRITICAL: non-critical task offloaded (priority=NORMAL),
1771434250.551,0.0,45.69,4.7319,1.258,47.0,4,5243.170,-2.87014,0.03308,0.2808,1.0000,0.3937,1.0000,0.3308,0.3890,0.6458,CRITICAL,False,3,5,,,,,,
1771434250.551,0.0,45.52,4.7416,1.215,43.9,4,-43804.400,112.07984,0.03385,0.2539,0.0000,0.3613,0.0000,0.3385,0.3675,0.1848,WARNING,False,3,5,,,,,,
1771434250.551,0.0,,,,,,,,,,,,,,,0.1848,WARNING,,3,,t269_0,0.46,NORMAL,OFFLOAD,WARNING: heavy task offloaded (weight=0.46 >= 0.3),
1771434250.551,0.0,,,,,,,,,,,,,,,0.1848,WARNING,,3,,t269_1,0.78,NORMAL,OFFLOAD,WARNING: heavy task offloaded (weight=0.78 >= 0.3),
1771434250.551,0.0,45.88,4.7765,1.175,41.1,3,13947.683,95.72902,0.03736,0.3126,1.0000,0.2449,0.0000,0.3736,0.3324,0.4232,WARNING,False,3,5,,,,,,
1771434250.551,0.0,,,,,,,,,,,,,,,0.4232,WARNING,,3,,t270_0,0.77,NORMAL,OFFLOAD,WARNING: heavy task offloaded (weight=0.77 >= 0.3),
1771434250.551,0.0,,,,,,,,,,,,,,,0.4232,WARNING,,3,,t270_1,0.68,NORMAL,OFFLOAD,WARNING: heavy task offloaded (weight=0.68 >= 0.3),
1771434250.551,0.0,,,,,,,,,,,,,,,0.4232,WARNING,,3,,t270_2,0.82,NORMAL,OFFLOAD,WARNING: heavy task offloaded (weight=0.82 >= 0.3),
1771434250.552,0.0,45.59,4.7897,1.138,38.4,3,7088.811,45.16151,0.04083,0.2645,1.0000,0.2010,0.0000,0.4083,0.3138,0.4115,WARNING,False,3,5,,,,,,
1771434250.552,0.0,,,,,,,,,,,,,,,0.4115,WARNING,,3,,t271_0,0.85,LOW,OFFLOAD,WARNING: heavy task offloaded (weight=0.85 >= 0.3),
1771434250.552,0.0,,,,,,,,,,,,,,,0.4115,WARNING,,3,,t271_1,0.70,LOW,OFFLOAD,WARNING: heavy task offloaded (weight=0.70 >= 0.3),
1771434250.552,0.0,,,,,,,,,,,,,,,0.4115,WARNING,,3,,t271_2,0.65,NORMAL,OFFLOAD,WARNING: heavy task offloaded (weight=0.65 >= 0.3),
1771434250.552,0.0,45.33,4.7535,1.103,35.9,3,-17936.343,11.98978,0.04167,0.2213,0.0000,0.3217,0.0000,0.4167,0.2964,0.1693,SAFE,False,8,0,,,,,,window_reset|B=8
1771434250.552,0.0,,,,,,,,,,,,,,,0.1693,SAFE,,7,,t272_0,0.76,NORMAL,LOCAL,SAFE: all tasks permitted (weight=0.76),
1771434250.552,0.0,,,,,,,,,,,,,,,0.1693,SAFE,,6,,t272_1,0.18,LOW,LOCAL,SAFE: all tasks permitted (weight=0.18),
1771434250.552,0.0,,,,,,,,,,,,,,,0.1693,SAFE,,5,,t272_2,0.29,HIGH,LOCAL,SAFE: all tasks permitted (weight=0.29),
1771434250.552,0.0,45.07,4.7192,1.392,56.5,5,-78932.063,28.66375,0.03099,0.1790,0.0000,0.4359,0.0000,0.3099,0.4708,0.2033,SAFE,False,5,3,,,,,,
1771434250.552,0.0,,,,,,,,,,,,,,,0.2033,SAFE,,4,,t273_0,0.40,NORMAL,LOCAL,SAFE: all tasks permitted (weight=0.40),
1771434250.552,0.0,45.86,4.6871,1.444,60.3,5,-9202.094,-37.30556,0.03019,0.3106,0.0000,0.5430,1.0000,0.3019,0.4970,0.4375,WARNING,False,4,4,,,,,,
1771434250.552,0.0,,,,,,,,,,,,,,,0.4375,WARNING,,4,,t274_0,0.38,NORMAL,OFFLOAD,WARNING: heavy task offloaded (weight=0.38 >= 0.3),
1771434250.552,0.0,45.17,4.7024,1.388,56.3,5,-72370.691,-21.31765,0.02994,0.1949,0.0000,0.4920,1.0000,0.2994,0.4689,0.4111,WARNING,False,4,4,,,,,,
1771434250.552,0.0,,,,,,,,,,,,,,,0.4111,WARNING,,4,,t275_0,0.30,LOW,OFFLOAD,WARNING: heavy task offloaded (weight=0.30 >= 0.3),
1771434250.552,0.0,,,,,,,,,,,,,,,0.4111,WARNING,,4,,t275_1,0.83,LOW,OFFLOAD,WARNING: heavy task offloaded (weight=0.83 >= 0.3),
1771434250.552,0.0,45.81,4.7035,1.336,52.5,4,7197.825,-28.34880,0.03088,0.3009,1.0000,0.4883,1.0000,0.3088,0.4278,0.6660,CRITICAL,False,4,4,,,,,,
1771434250.552,0.0,,,,,,,,,,,,,,,0.6660,CRITICAL,,4,,t276_0,0.86,NORMAL,OFFLOAD,CRITICAL: non-critical task offloaded (priority=NORMAL),
1771434250.552,0.0,,,,,,,,,,,,,,,0.6660,CRITICAL,,3,,t276_1,0.24,CRITICAL,LOCAL,CRITICAL: mission-critical task permitted locally (priority=CRITICAL),
1771434250.552,0.0,45.13,4.7193,1.350,53.6,5,-23274.379,-22.28037,0.02888,0.1891,0.0000,0.4357,1.0000,0.2888,0.4500,0.3982,WARNING,False,3,5,,,,,,
1771434250.552,0.0,,,,,,,,,,,,,,,0.3982,WARNING,,3,,t277_0,0.42,NORMAL,OFFLOAD,WARNING: heavy task offloaded (weight=0.42 >= 0.3),
1771434250.552,0.0,45.48,4.7173,1.300,50.0,4,-23899.766,-59.13110,0.02908,0.2461,0.0000,0.4425,1.0000,0.2908,0.4102,0.3982,WARNING,False,3,5,,,,,,
1771434250.552,0.0,,,,,,,,,,,,,,,0.3982,WARNING,,3,,t278_0,0.88,LOW,OFFLOAD,WARNING: heavy task offloaded (weight=0.88 >= 0.3),
1771434250.552,0.0,,,,,,,,,,,,,,,0.3982,WARNING,,3,,t278_1,0.86,NORMAL,OFFLOAD,WARNING: heavy task offloaded (weight=0.86 >= 0.3),
1771434250.552,0.0,,,,,,,,,,,,,,,0.3982,WARNING,,3,,t278_2,0.77,NORMAL,OFFLOAD,WARNING: heavy task offloaded (weight=0.77 >= 0.3),
1771434250.552,0.0,45.78,4.7334,1.254,46.7,4,,,0.02902,0.2966,0.0000,0.3887,0.0000,0.2902,0.3872,0.1926,WARNING,False,3,5,,,,,,
1771434250.552,0.0,,,,,,,,,,,,,,,0.1926,WARNING,,2,,t279_0,0.26,LOW,LOCAL,WARNING: lightweight task permitted (weight=0.26 < 0.3),
1771434250.552,0.0,45.13,4.7061,1.278,48.4,4,,,0.02984,0.1880,0.0000,0.4798,0.0000,0.2984,0.3991,0.1946,WARNING,False,2,6,,,,,,
1771434250.552,0.0,,,,,,,,,,,,,,,0.1946,WARNING,,1,,t280_0,0.28,NORMAL,LOCAL,WARNING: lightweight task permitted (weight=0.28 < 0.3),
1771434250.552,0.0,45.65,4.7108,1.308,50.6,4,,,0.02998,0.2745,0.0000,0.4641,0.0000,0.2998,0.4139,0.2060,WARNING,False,1,7,,,,,,
1771434250.552,0.0,,,,,,,,,,,,,,,0.2060,WARNING,,0,,t281_0,0.17,HIGH,LOCAL,WARNING: lightweight task permitted (weight=0.17 < 0.3),
1771434250.552,0.0,,,,,,,,,,,,,,,0.2060,WARNING,,0,,t281_1,0.51,NORMAL,OFFLOAD,WARNING: heavy task offloaded (weight=0.51 >= 0.3),
1771434250.552,0.0,45.35,4.6972,1.306,50.4,4,,,0.02681,0.2247,0.0000,0.5093,0.0000,0.2681,0.4129,0.2026,WARNING,False,0,8,,,,,,
1771434250.552,0.0,,,,,,,,,,,,,,,0.2026,WARNING,,0,,t282_0,0.83,LOW,OFFLOAD,WARNING: heavy task offloaded (weight=0.83 >= 0.3),
1771434250.552,0.0,,,,,,,,,,,,,,,0.2026,WARNING,,0,,t282_1,0.30,LOW,OFFLOAD,WARNING: heavy task offloaded (weight=0.30 >= 0.3),
1771434250.553,0.0,45.50,4.7358,1.259,47.1,4,20108.717,33.36138,0.01773,0.2508,1.0000,0.3808,0.0000,0.1773,0.3896,0.4252,WARNING,False,0,8,,,,,,
1771434250.553,0.0,,,,,,,,,,,,,,,0.4252,WARNING,,0,,t283_0,0.76,CRITICAL,OFFLOAD,WARNING: heavy task offloaded (weight=0.76 >= 0.3),
1771434250.553,0.0,46.22,4.7215,1.216,44.0,4,24733.228,18.00223,0.01378,0.3696,1.0000,0.4283,0.0000,0.1378,0.3680,0.4374,WARNING,False,0,8,,,,,,
1771434250.553,0.0,45.06,4.7580,1.176,41.1,3,-4303.732,38.73701,0.01861,0.1772,0.0000,0.3066,0.0000,0.1861,0.3329,0.1463,SAFE,False,8,0,,,,,,window_reset|B=8
1771434250.553,0.0,,,,,,,,,,,,,,,0.1463,SAFE,,7,,t285_0,0.29,CRITICAL,LOCAL,SAFE: all tasks permitted (weight=0.29),
1771434250.553,0.0,45.33,4.7354,1.214,43.8,4,-8621.191,18.11662,0.01708,0.2221,0.0000,0.3821,0.0000,0.1708,0.3668,0.1668,SAFE,False,7,1,,,,,,
1771434250.553,0.0,,,,,,,,,,,,,,,0.1668,SAFE,,6,,t286_0,0.82,NORMAL,LOCAL,SAFE: all tasks permitted (weight=0.82),
1771434250.553,0.0,,,,,,,,,,,,,,,0.1668,SAFE,,5,,t286_1,0.22,NORMAL,LOCAL,SAFE: all tasks permitted (weight=0.22),
1771434250.553,0.0,,,,,,,,,,,,,,,0.1668,SAFE,,4,,t286_2,0.55,NORMAL,LOCAL,SAFE: all tasks permitted (weight=0.55),
1771434250.553,0.0,45.42,4.6513,1.588,70.5,6,-21332.166,-82.09400,0.02533,0.2374,0.0000,0.6623,1.0000,0.2533,0.5838,0.4567,WARNING,False,4,4,,,,,,
1771434250.553,0.0,,,,,,,,,,,,,,,0.4567,WARNING,,4,,t287_0,0.66,HIGH,OFFLOAD,WARNING: heavy task offloaded (weight=0.66 >= 0.3),
1771434250.553,0.0,,,,,,,,,,,,,,,0.4567,WARNING,,4,,t287_1,0.37,CRITICAL,OFFLOAD,WARNING: heavy task offloaded (weight=0.37 >= 0.3),
1771434250.553,0.0,45.45,4.6863,1.521,65.8,6,19094.103,-19.75541,0.02644,0.2410,1.0000,0.5456,1.0000,0.2644,0.5507,0.6864,CRITICAL,False,4,4,,,,,,
1771434250.553,0.0,45.26,4.6807,1.460,61.4,5,-23200.596,-30.10003,0.02795,0.2100,0.0000,0.5644,1.0000,0.2795,0.5049,0.4275,CRITICAL,False,4,4,,,,,,
1771434250.553,0.0,,,,,,,,,,,,,,,0.4275,CRITICAL,,4,,t289_0,0.64,LOW,OFFLOAD,CRITICAL: non-critical task offloaded (priority=LOW),
1771434250.553,0.0,,,,,,,,,,,,,,,0.4275,CRITICAL,,4,,t289_1,0.68,NORMAL,OFFLOAD,CRITICAL: non-critical task offloaded (priority=NORMAL),
1771434250.553,0.0,45.76,4.7050,1.403,57.3,5,24775.712,7.78916,0.02793,0.2936,1.0000,0.4833,0.0000,0.2793,0.4763,0.4712,CRITICAL,False,4,4,,,,,,
1771434250.553,0.0,,,,,,,,,,,,,,,0.4712,CRITICAL,,4,,t290_0,0.21,NORMAL,OFFLOAD,CRITICAL: non-critical task offloaded (priority=NORMAL),
1771434250.553,0.0,45.55,4.7043,1.349,53.5,5,,,0.02706,0.2590,0.0000,0.4857,0.0000,0.2706,0.4497,0.2112,WARNING,False,4,4,,,,,,
1771434250.553,0.0,,,,,,,,,,,,,,,0.2112,WARNING,,4,,t291_0,0.32,CRITICAL,OFFLOAD,WARNING: heavy task offloaded (weight=0.32 >= 0.3),
1771434250.553,0.0,,,,,,,,,,,,,,,0.2112,WARNING,,4,,t291_1,0.43,HIGH,OFFLOAD,WARNING: heavy task offloaded (weight=0.43 >= 0.3),
1771434250.553,0.0,45.90,4.7383,1.300,50.0,4,,,0.02834,0.3159,0.0000,0.3722,0.0000,0.2834,0.4099,0.1966,WARNING,False,4,4,,,,,,
1771434250.553,0.0,,,,,,,,,,,,,,,0.1966,WARNING,,4,,t292_0,0.44,CRITICAL,OFFLOAD,WARNING: heavy task offloaded (weight=0.44 >= 0.3),
1771434250.553,0.0,,,,,,,,,,,,,,,0.1966,WARNING,,4,,t292_1,0.80,NORMAL,OFFLOAD,WARNING: heavy task offloaded (weight=0.80 >= 0.3),
1771434250.553,0.0,45.62,4.7387,1.254,46.7,4,,,0.02940,0.2699,0.0000,0.3711,0.0000,0.2940,0.3869,0.1874,WARNING,False,4,4,,,,,,
1771434250.553,0.0,,,,,,,,,,,,,,,0.1874,WARNING,,3,,t293_0,0.21,CRITICAL,LOCAL,WARNING: lightweight task permitted (weight=0.21 < 0.3),
1771434250.553,0.0,45.93,4.7203,1.266,47.5,4,,,0.02907,0.3223,0.0000,0.4324,0.0000,0.2907,0.3928,0.2025,WARNING,False,3,5,,,,,,
1771434250.553,0.0,,,,,,,,,,,,,,,0.2025,WARNING,,2,,t294_0,0.28,LOW,LOCAL,WARNING: lightweight task permitted (weight=0.28 < 0.3),
1771434250.553,0.0,,,,,,,,,,,,,,,0.2025,WARNING,,2,,t294_1,0.40,LOW,OFFLOAD,WARNING: heavy task offloaded (weight=0.40 >= 0.3),
1771434250.553,0.0,,,,,,,,,,,,,,,0.2025,WARNING,,1,,t294_2,0.17,HIGH,LOCAL,WARNING: lightweight task permitted (weight=0.17 < 0.3),
1771434250.553,0.0,45.32,4.7209,1.338,52.7,4,,,0.02846,0.2198,0.0000,0.4304,0.0000,0.2846,0.4290,0.1966,WARNING,False,1,7,,,,,,
1771434250.553,0.0,,,,,,,,,,,,,,,0.1966,WARNING,,1,,t295_0,0.32,NORMAL,OFFLOAD,WARNING: heavy task offloaded (weight=0.32 >= 0.3),
1771434250.553,0.0,,,,,,,,,,,,,,,0.1966,WARNING,,1,,t295_1,0.50,HIGH,OFFLOAD,WARNING: heavy task offloaded (weight=0.50 >= 0.3),
1771434250.553,0.0,,,,,,,,,,,,,,,0.1966,WARNING,,0,,t295_2,0.21,NORMAL,LOCAL,WARNING: lightweight task permitted (weight=0.21 < 0.3),
1771434250.553,0.0,45.39,4.7012,1.344,53.1,5,,,0.02853,0.2314,0.0000,0.4961,0.0000,0.2853,0.4468,0.2102,WARNING,False,0,8,,,,,,
1771434250.553,0.0,,,,,,,,,,,,,,,0.2102,WARNING,,0,,t296_0,0.22,LOW,OFFLOAD,"Budget exhausted (B=0), offloading. Original: WARNING: lightweight task permitted (weight=0.22 < 0.3)",
1771434250.553,0.0,,,,,,,,,,,,,,,0.2102,WARNING,,0,,t296_1,0.55,LOW,OFFLOAD,WARNING: heavy task offloaded (weight=0.55 >= 0.3),
1771434250.553,0.0,45.68,4.7173,1.295,49.6,4,,,0.02502,0.2792,0.0000,0.4424,0.0000,0.2502,0.4073,0.1975,WARNING,False,0,8,,,,,,
1771434250.553,0.0,,,,,,,,,,,,,,,0.1975,WARNING,,0,,t297_0,0.23,LOW,OFFLOAD,"Budget exhausted (B=0), offloading. Original: WARNING: lightweight task permitted (weight=0.23 < 0.3)",
1771434250.553,0.0,45.28,4.7386,1.249,46.3,4,,,0.02532,0.2128,0.0000,0.3714,0.0000,0.2532,0.3844,0.1760,SAFE,False,8,0,,,,,,window_reset|B=8
1771434250.553,0.0,,,,,,,,,,,,,,,0.1760,SAFE,,7,,t298_0,0.72,LOW,LOCAL,SAFE: all tasks permitted (weight=0.72),
1771434250.553,0.0,44.72,4.6784,1.394,56.7,5,,,0.02094,0.1196,0.0000,0.5719,0.0000,0.2094,0.4719,0.2040,SAFE,False,7,1,,,,,,
1771434250.553,0.0,,,,,,,,,,,,,,,0.2040,SAFE,,6,,t299_0,0.39,HIGH,LOCAL,SAFE: all tasks permitted (weight=0.39),
1771434250.553,0.0,46.09,4.6854,1.443,60.2,5,,,0.02103,0.3488,0.0000,0.5486,0.0000,0.2103,0.4967,0.2336,SAFE,False,6,2,,,,,,
1771434250.553,0.0,,,,,,,,,,,,,,,0.2336,SAFE,,5,,t300_0,0.73,NORMAL,LOCAL,SAFE: all tasks permitted (weight=0.73),
1771434250.553,0.0,,,,,,,,,,,,,,,0.2336,SAFE,,4,,t300_1,0.83,LOW,LOCAL,SAFE: all tasks permitted (weight=0.83),
1771434250.553,0.0,45.64,4.5901,1.794,85.3,8,,,0.03903,0.2728,0.0000,0.8664,0.0000,0.3903,0.7169,0.3278,WARNING,False,4,4,,,,,,
1771434250.553,0.0,,,,,,,,,,,,,,,0.3278,WARNING,,3,,t301_0,0.17,HIGH,LOCAL,WARNING: lightweight task permitted (weight=0.17 < 0.3),
1771434250.553,0.0,,,,,,,,,,,,,,,0.3278,WARNING,,3,,t301_1,0.50,NORMAL,OFFLOAD,WARNING: heavy task offloaded (weight=0.50 >= 0.3),
1771434250.553,0.0,46.79,4.6189,1.757,82.7,7,,,0.04543,0.4658,0.0000,0.7703,0.0000,0.4543,0.6837,0.3382,WARNING,False,3,5,,,,,,
1771434250.553,0.0,,,,,,,,,,,,,,,0.3382,WARNING,,2,,t302_0,0.16,CRITICAL,LOCAL,WARNING: lightweight task permitted (weight=0.16 < 0.3),
1771434250.553,0.0,46.91,4.6101,1.722,80.1,7,,,0.05111,0.4854,0.0000,0.7998,0.0000,0.5111,0.6658,0.3465,WARNING,False,2,6,,,,,,
1771434250.553,0.0,,,,,,,,,,,,,,,0.3465,WARNING,,2,,t303_0,0.71,NORMAL,OFFLOAD,WARNING: heavy task offloaded (weight=0.71 >= 0.3),
1771434250.553,0.0,,,,,,,,,,,,,,,0.3465,WARNING,,2,,t303_1,0.78,LOW,OFFLOAD,WARNING: heavy task offloaded (weight=0.78 >= 0.3),
1771434250.553,0.0,46.72,4.6266,1.646,74.7,7,,,0.05130,0.4532,0.0000,0.7447,0.0000,0.5130,0.6280,0.3281,WARNING,False,2,6,,,,,,
1771434250.553,0.0,,,,,,,,,,,,,,,0.3281,WARNING,,2,,t304_0,0.56,LOW,OFFLOAD,WARNING: heavy task offloaded (weight=0.56 >= 0.3),
1771434250.553,0.0,46.77,4.6360,1.576,69.7,6,,,0.04913,0.4615,0.0000,0.7132,0.0000,0.4913,0.5779,0.3128,WARNING,False,2,6,,,,,,
1771434250.553,0.0,,,,,,,,,,,,,,,0.3128,WARNING,,2,,t305_0,0.59,LOW,OFFLOAD,WARNING: heavy task offloaded (weight=0.59 >= 0.3),
1771434250.553,0.0,,,,,,,,,,,,,,,0.3128,WARNING,,2,,t305_1,0.62,NORMAL,OFFLOAD,WARNING: heavy task offloaded (weight=0.62 >= 0.3),
1771434250.553,0.0,46.88,4.6427,1.510,65.0,6,,,0.04719,0.4806,0.0000,0.6910,0.0000,0.4719,0.5452,0.3037,WARNING,False,2,6,,,,,,
1771434250.553,0.0,,,,,,,,,,,,,,,0.3037,WARNING,,1,,t306_0,0.28,NORMAL,LOCAL,WARNING: lightweight task permitted (weight=0.28 < 0.3),
1771434250.553,0.0,,,,,,,,,,,,,,,0.3037,WARNING,,1,,t306_1,0.44,CRITICAL,OFFLOAD,WARNING: heavy task offloaded (weight=0.44 >= 0.3),
1771434250.553,0.0,47.65,4.6539,1.523,65.9,6,,,0.04397,0.6086,0.0000,0.6538,0.0000,0.4397,0.5514,0.3123,WARNING,False,1,7,,,,,,
1771434250.553,0.0,,,,,,,,,,,,,,,0.3123,WARNING,,1,,t307_0,0.90,NORMAL,OFFLOAD,WARNING: heavy task offloaded (weight=0.90 >= 0.3),
1771434250.553,0.0,,,,,,,,,,,,,,,0.3123,WARNING,,1,,t307_1,0.42,CRITICAL,OFFLOAD,WARNING: heavy task offloaded (weight=0.42 >= 0.3),
1771434250.553,0.0,46.97,4.6925,1.461,61.5,5,,,0.04333,0.4958,0.0000,0.5249,0.0000,0.4333,0.5056,0.2722,WARNING,False,1,7,,,,,,
1771434250.553,0.0,,,,,,,,,,,,,,,0.2722,WARNING,,0,,t308_0,0.26,NORMAL,LOCAL,WARNING: lightweight task permitted (weight=0.26 < 0.3),
1771434250.553,0.0,47.61,4.6902,1.472,62.3,5,,,0.04078,0.6013,0.0000,0.5327,0.0000,0.4078,0.5109,0.2844,WARNING,False,0,8,,,,,,
1771434250.553,0.0,47.47,4.7045,1.414,58.1,5,,,0.03577,0.5783,0.0000,0.4848,0.0000,0.3577,0.4818,0.2646,WARNING,False,0,8,,,,,,
1771434250.553,0.0,,,,,,,,,,,,,,,0.2646,WARNING,,0,,t310_0,0.83,LOW,OFFLOAD,WARNING: heavy task offloaded (weight=0.83 >= 0.3),
1771434250.553,0.0,,,,,,,,,,,,,,,0.2646,WARNING,,0,,t310_1,0.87,NORMAL,OFFLOAD,WARNING: heavy task offloaded (weight=0.87 >= 0.3),
1771434250.553,0.0,47.72,4.7064,1.360,54.3,5,,,0.03821,0.6193,0.0000,0.4786,0.0000,0.3821,0.4548,0.2657,WARNING,False,7,0,,,,,,window_reset|B=7
1771434250.553,0.0,,,,,,,,,,,,,,,0.2657,WARNING,,6,,t311_0,0.23,NORMAL,LOCAL,WARNING: lightweight task permitted (weight=0.23 < 0.3),
1771434250.553,0.0,47.43,4.6967,1.369,54.9,5,,,0.03908,0.5716,0.0000,0.5111,0.0000,0.3908,0.4594,0.2660,WARNING,False,6,1,,,,,,
1771434250.554,0.0,,,,,,,,,,,,,,,0.2660,WARNING,,6,,t312_0,0.50,LOW,OFFLOAD,WARNING: heavy task offloaded (weight=0.50 >= 0.3),
1771434250.554,0.0,46.70,4.7234,1.318,51.3,4,-2763.340,58.11474,0.03777,0.4500,0.0000,0.4221,0.0000,0.3777,0.4189,0.2304,WARNING,False,6,1,,,,,,
1771434250.554,0.0,,,,,,,,,,,,,,,0.2304,WARNING,,6,,t313_0,0.47,LOW,OFFLOAD,WARNING: heavy task offloaded (weight=0.47 >= 0.3),
1771434250.554,0.0,,,,,,,,,,,,,,,0.2304,WARNING,,6,,t313_1,0.62,LOW,OFFLOAD,WARNING: heavy task offloaded (weight=0.62 >= 0.3),
1771434250.554,0.0,,,,,,,,,,,,,,,0.2304,WARNING,,6,,t313_2,0.83,HIGH,OFFLOAD,WARNING: heavy task offloaded (weight=0.83 >= 0.3),
1771434250.554,0.0,47.05,4.7387,1.271,47.9,4,6511.027,63.83810,0.03957,0.5078,1.0000,0.3712,0.0000,0.3957,0.3953,0.4778,WARNING,False,6,1,,,,,,
1771434250.554,0.0,,,,,,,,,,,,,,,0.4778,WARNING,,5,,t314_0,0.26,LOW,LOCAL,WARNING: lightweight task permitted (weight=0.26 < 0.3),
1771434250.554,0.0,,,,,,,,,,,,,,,0.4778,WARNING,,4,,t314_1,0.25,NORMAL,LOCAL,WARNING: lightweight task permitted (weight=0.25 < 0.3),
1771434250.554,0.0,47.59,4.7439,1.358,54.2,5,-2625.839,59.92812,0.03802,0.5976,0.0000,0.3536,0.0000,0.3802,0.4542,0.2465,WARNING,False,4,3,,,,,,
1771434250.554,0.0,,,,,,,,,,,,,,,0.2465,WARNING,,4,,t315_0,0.52,LOW,OFFLOAD,WARNING: heavy task offloaded (weight=0.52 >= 0.3),
1771434250.554,0.0,,,,,,,,,,,,,,,0.2465,WARNING,,4,,t315_1,0.68,HIGH,OFFLOAD,WARNING: heavy task offloaded (weight=0.68 >= 0.3),
1771434250.554,0.0,,,,,,,,,,,,,,,0.2465,WARNING,,4,,t315_2,0.36,HIGH,OFFLOAD,WARNING: heavy task offloaded (weight=0.36 >= 0.3),
1771434250.554,0.0,46.88,4.6797,1.308,50.6,4,-3840.219,-8.51011,0.03343,0.4797,0.0000,0.5675,1.0000,0.3343,0.4141,0.4476,WARNING,False,4,3,,,,,,
1771434250.554,0.0,,,,,,,,,,,,,,,0.4476,WARNING,,4,,t316_0,0.38,NORMAL,OFFLOAD,WARNING: heavy task offloaded (weight=0.38 >= 0.3),
1771434250.554,0.0,,,,,,,,,,,,,,,0.4476,WARNING,,4,,t316_1,0.49,CRITICAL,OFFLOAD,WARNING: heavy task offloaded (weight=0.49 >= 0.3),
1771434250.554,0.0,,,,,,,,,,,,,,,0.4476,WARNING,,3,,t316_2,0.25,NORMAL,LOCAL,WARNING: lightweight task permitted (weight=0.25 < 0.3),
1771434250.554,0.0,47.05,4.7029,1.328,52.0,4,-22133.898,8.49372,0.02883,0.5089,0.0000,0.4902,0.0000,0.2883,0.4239,0.2384,WARNING,False,3,4,,,,,,
1771434250.554,0.0,,,,,,,,,,,,,,,0.2384,WARNING,,3,,t317_0,0.38,HIGH,OFFLOAD,WARNING: heavy task offloaded (weight=0.38 >= 0.3),
1771434250.554,0.0,,,,,,,,,,,,,,,0.2384,WARNING,,2,,t317_1,0.21,HIGH,LOCAL,WARNING: lightweight task permitted (weight=0.21 < 0.3),
1771434250.554,0.0,47.28,4.7180,1.334,52.4,4,-7628.623,8.96639,0.02390,0.5464,0.0000,0.4399,0.0000,0.2390,0.4269,0.2320,WARNING,False,2,5,,,,,,
1771434250.554,0.0,,,,,,,,,,,,,,,0.2320,WARNING,,1,,t318_0,0.19,CRITICAL,LOCAL,WARNING: lightweight task permitted (weight=0.19 < 0.3),
1771434250.554,0.0,46.65,4.6953,1.334,52.4,4,-42485.690,-7.40815,0.01882,0.4420,0.0000,0.5158,1.0000,0.1882,0.4270,0.4243,WARNING,False,1,6,,,,,,
1771434250.554,0.0,,,,,,,,,,,,,,,0.4243,WARNING,,0,,t319_0,0.24,CRITICAL,LOCAL,WARNING: lightweight task permitted (weight=0.24 < 0.3),
1771434250.554,0.0,47.14,4.6780,1.348,53.4,5,-11542.125,-12.43385,0.02018,0.5234,0.0000,0.5734,1.0000,0.2018,0.4491,0.4473,WARNING,False,0,7,,,,,,
1771434250.554,0.0,,,,,,,,,,,,,,,0.4473,WARNING,,0,,t320_0,0.29,LOW,OFFLOAD,"Budget exhausted (B=0), offloading. Original: WARNING: lightweight task permitted (weight=0.29 < 0.3)",
1771434250.554,0.0,46.76,4.7280,1.299,49.9,4,,,0.02034,0.4600,0.0000,0.4068,0.0000,0.2034,0.4094,0.2103,WARNING,False,0,7,,,,,,
1771434250.554,0.0,,,,,,,,,,,,,,,0.2103,WARNING,,0,,t321_0,0.28,CRITICAL,OFFLOAD,"Budget exhausted (B=0), offloading. Original: WARNING: lightweight task permitted (weight=0.28 < 0.3)",
1771434250.554,0.0,,,,,,,,,,,,,,,0.2103,WARNING,,0,,t321_1,0.56,HIGH,OFFLOAD,WARNING: heavy task offloaded (weight=0.56 >= 0.3),
1771434250.554,0.0,46.03,4.7240,1.253,46.6,4,,,0.02064,0.3375,0.0000,0.4201,0.0000,0.2064,0.3864,0.1930,WARNING,False,0,7,,,,,,
1771434250.554,0.0,,,,,,,,,,,,,,,0.1930,WARNING,,0,,t322_0,0.24,NORMAL,OFFLOAD,"Budget exhausted (B=0), offloading. Original: WARNING: lightweight task permitted (weight=0.24 < 0.3)",
1771434250.554,0.0,,,,,,,,,,,,,,,0.1930,WARNING,,0,,t322_1,0.35,CRITICAL,OFFLOAD,WARNING: heavy task offloaded (weight=0.35 >= 0.3),
1771434250.554,0.0,47.02,4.7577,1.210,43.6,4,,,0.02419,0.5026,0.0000,0.3078,0.0000,0.2419,0.3650,0.1975,WARNING,False,0,7,,,,,,
1771434250.554,0.0,,,,,,,,,,,,,,,0.1975,WARNING,,0,,t323_0,0.85,NORMAL,OFFLOAD,WARNING: heavy task offloaded (weight=0.85 >= 0.3),
1771434250.554,0.0,,,,,,,,,,,,,,,0.1975,WARNING,,0,,t323_1,0.44,NORMAL,OFFLOAD,WARNING: heavy task offloaded (weight=0.44 >= 0.3),
1771434250.554,0.0,46.23,4.7713,1.170,40.7,3,,,0.02786,0.3716,0.0000,0.2624,0.0000,0.2786,0.3301,0.1726,SAFE,False,8,0,,,,,,window_reset|B=8
1771434250.554,0.0,,,,,,,,,,,,,,,0.1726,SAFE,,7,,t324_0,0.30,NORMAL,LOCAL,SAFE: all tasks permitted (weight=0.30),
1771434250.554,0.0,,,,,,,,,,,,,,,0.1726,SAFE,,6,,t324_1,0.66,HIGH,LOCAL,SAFE: all tasks permitted (weight=0.66),
1771434250.554,0.0,46.59,4.7008,1.383,55.9,5,,,0.02844,0.4313,0.0000,0.4973,0.0000,0.2844,0.4664,0.2381,SAFE,False,6,2,,,,,,
1771434250.554,0.0,,,,,,,,,,,,,,,0.2381,SAFE,,5,,t325_0,0.81,NORMAL,LOCAL,SAFE: all tasks permitted (weight=0.81),
1771434250.554,0.0,,,,,,,,,,,,,,,0.2381,SAFE,,4,,t325_1,0.57,NORMAL,LOCAL,SAFE: all tasks permitted (weight=0.57),
1771434250.554,0.0,47.14,4.6528,1.690,77.9,7,,,0.03320,0.5234,0.0000,0.6572,0.0000,0.3320,0.6502,0.3115,WARNING,False,4,4,,,,,,
1771434250.554,0.0,,,,,,,,,,,,,,,0.3115,WARNING,,4,,t326_0,0.41,NORMAL,OFFLOAD,WARNING: heavy task offloaded (weight=0.41 >= 0.3),
1771434250.554,0.0,,,,,,,,,,,,,,,0.3115,WARNING,,4,,t326_1,0.48,NORMAL,OFFLOAD,WARNING: heavy task offloaded (weight=0.48 >= 0.3),
1771434250.554,0.0,46.41,4.6541,1.617,72.6,6,,,0.03537,0.4009,0.0000,0.6529,0.0000,0.3537,0.5985,0.2880,WARNING,False,4,4,,,,,,
1771434250.554,0.0,,,,,,,,,,,,,,,0.2880,WARNING,,4,,t327_0,0.69,LOW,OFFLOAD,WARNING: heavy task offloaded (weight=0.69 >= 0.3),
1771434250.554,0.0,47.27,4.6563,1.549,67.8,6,,,0.03732,0.5447,0.0000,0.6458,0.0000,0.3732,0.5643,0.2995,WARNING,False,4,4,,,,,,
1771434250.554,0.0,,,,,,,,,,,,,,,0.2995,WARNING,,3,,t328_0,0.25,LOW,LOCAL,WARNING: lightweight task permitted (weight=0.25 < 0.3),
1771434250.555,0.0,,,,,,,,,,,,,,,0.2995,WARNING,,3,,t328_1,0.79,HIGH,OFFLOAD,WARNING: heavy task offloaded (weight=0.79 >= 0.3),
1771434250.555,0.0,47.28,4.6784,1.549,67.8,6,31288.876,-49.40000,0.03795,0.5473,1.0000,0.5721,1.0000,0.3795,0.5646,0.7409,CRITICAL,False,3,5,,,,,,
1771434250.555,0.0,,,,,,,,,,,,,,,0.7409,CRITICAL,,3,,t329_0,0.39,NORMAL,OFFLOAD,CRITICAL: non-critical task offloaded (priority=NORMAL),
1771434250.555,0.0,46.88,4.6798,1.486,63.3,6,50894.364,-44.01515,0.03801,0.4794,1.0000,0.5674,1.0000,0.3801,0.5329,0.7259,CRITICAL,False,3,5,,,,,,
1771434250.555,0.0,,,,,,,,,,,,,,,0.7259,CRITICAL,,3,,t330_0,0.60,NORMAL,OFFLOAD,CRITICAL: non-critical task offloaded (priority=NORMAL),
1771434250.555,0.0,,,,,,,,,,,,,,,0.7259,CRITICAL,,3,,t330_1,0.84,NORMAL,OFFLOAD,CRITICAL: non-critical task offloaded (priority=NORMAL),
1771434250.555,0.0,,,,,,,,,,,,,,,0.7259,CRITICAL,,3,,t330_2,0.79,NORMAL,OFFLOAD,CRITICAL: non-critical task offloaded (priority=NORMAL),
1771434250.555,0.0,47.49,4.6964,1.427,59.0,5,28188.969,-60.98983,0.03801,0.5811,1.0000,0.5118,1.0000,0.3801,0.4883,0.7220,CRITICAL,False,3,5,,,,,,
1771434250.555,0.0,,,,,,,,,,,,,,,0.7220,CRITICAL,,3,,t331_0,0.44,LOW,OFFLOAD,CRITICAL: non-critical task offloaded (priority=LOW),
1771434250.555,0.0,,,,,,,,,,,,,,,0.7220,CRITICAL,,3,,t331_1,0.75,HIGH,OFFLOAD,CRITICAL: non-critical task offloaded (priority=HIGH),
1771434250.555,0.0,,,,,,,,,,,,,,,0.7220,CRITICAL,,3,,t331_2,0.23,HIGH,OFFLOAD,CRITICAL: non-critical task offloaded (priority=HIGH),
1771434250.555,0.0,47.74,4.6969,1.372,55.1,5,90254.228,-74.04845,0.03753,0.6232,1.0000,0.5102,1.0000,0.3753,0.4609,0.7208,CRITICAL,False,3,5,,,,,,
1771434250.555,0.0,,,,,,,,,,,,,,,0.7208,CRITICAL,,3,,t332_0,0.60,LOW,OFFLOAD,CRITICAL: non-critical task offloaded (priority=LOW),
1771434250.555,0.0,,,,,,,,,,,,,,,0.7208,CRITICAL,,3,,t332_1,0.83,LOW,OFFLOAD,CRITICAL: non-critical task offloaded (priority=LOW),
1771434250.555,0.0,,,,,,,,,,,,,,,0.7208,CRITICAL,,3,,t332_2,0.73,HIGH,OFFLOAD,CRITICAL: non-critical task offloaded (priority=HIGH),
1771434250.555,0.0,46.96,4.7010,1.321,51.5,4,22281.161,0.21438,0.03656,0.4934,1.0000,0.4965,0.0000,0.3656,0.4203,0.4944,CRITICAL,False,3,5,,,,,,
1771434250.555,0.0,,,,,,,,,,,,,,,0.4944,CRITICAL,,3,,t333_0,0.30,LOW,OFFLOAD,CRITICAL: non-critical task offloaded (priority=LOW),
1771434250.555,0.0,,,,,,,,,,,,,,,0.4944,CRITICAL,,3,,t333_1,0.23,HIGH,OFFLOAD,CRITICAL: non-critical task offloaded (priority=HIGH),
1771434250.555,0.0,,,,,,,,,,,,,,,0.4944,CRITICAL,,2,,t333_2,0.44,CRITICAL,LOCAL,CRITICAL: mission-critical task permitted locally (priority=CRITICAL),
1771434250.555,0.0,46.91,4.7159,1.389,56.3,5,-13840.023,62.81178,0.03614,0.4849,0.0000,0.4471,0.0000,0.3614,0.4693,0.2463,WARNING,False,2,6,,,,,,
1771434250.555,0.0,,,,,,,,,,,,,,,0.2463,WARNING,,2,,t334_0,0.56,HIGH,OFFLOAD,WARNING: heavy task offloaded (weight=0.56 >= 0.3),
1771434250.555,0.0,,,,,,,,,,,,,,,0.2463,WARNING,,2,,t334_1,0.74,NORMAL,OFFLOAD,WARNING: heavy task offloaded (weight=0.74 >= 0.3),
1771434250.555,0.0,47.47,4.7376,1.336,52.6,4,63396.540,83.18937,0.03367,0.5777,1.0000,0.3745,0.0000,0.3367,0.4282,0.4873,WARNING,False,2,6,,,,,,
1771434250.555,0.0,,,,,,,,,,,,,,,0.4873,WARNING,,2,,t335_0,0.59,NORMAL,OFFLOAD,WARNING: heavy task offloaded (weight=0.59 >= 0.3),
1771434250.555,0.0,,,,,,,,,,,,,,,0.4873,WARNING,,2,,t335_1,0.74,HIGH,OFFLOAD,WARNING: heavy task offloaded (weight=0.74 >= 0.3),
1771434250.555,0.0,46.73,4.7092,1.288,49.1,4,-32143.734,52.75909,0.02530,0.4551,0.0000,0.4693,0.0000,0.2530,0.4039,0.2217,WARNING,False,2,6,,,,,,
1771434250.556,0.0,,,,,,,,,,,,,,,0.2217,WARNING,,2,,t336_0,0.87,NORMAL,OFFLOAD,WARNING: heavy task offloaded (weight=0.87 >= 0.3),
1771434250.556,0.0,,,,,,,,,,,,,,,0.2217,WARNING,,2,,t336_1,0.56,LOW,OFFLOAD,WARNING: heavy task offloaded (weight=0.56 >= 0.3),
1771434250.556,0.0,47.35,4.7424,1.243,45.9,4,7912.010,127.29989,0.02911,0.5583,1.0000,0.3588,0.0000,0.2911,0.3813,0.4690,WARNING,False,5,0,,,,,,window_reset|B=5
1771434250.556,0.0,,,,,,,,,,,,,,,0.4690,WARNING,,5,,t337_0,0.67,NORMAL,OFFLOAD,WARNING: heavy task offloaded (weight=0.67 >= 0.3),
1771434250.556,0.0,,,,,,,,,,,,,,,0.4690,WARNING,,5,,t337_1,0.74,NORMAL,OFFLOAD,WARNING: heavy task offloaded (weight=0.74 >= 0.3),
1771434250.556,0.0,46.94,4.7631,1.200,42.9,3,7661.870,165.82817,0.03210,0.4901,1.0000,0.2896,0.0000,0.3210,0.3452,0.4476,WARNING,False,5,0,,,,,,
1771434250.556,0.0,,,,,,,,,,,,,,,0.4476,WARNING,,5,,t338_0,0.84,NORMAL,OFFLOAD,WARNING: heavy task offloaded (weight=0.84 >= 0.3),
1771434250.556,0.0,,,,,,,,,,,,,,,0.4476,WARNING,,5,,t338_1,0.51,LOW,OFFLOAD,WARNING: heavy task offloaded (weight=0.51 >= 0.3),
1771434250.556,0.0,,,,,,,,,,,,,,,0.4476,WARNING,,5,,t338_2,0.62,NORMAL,OFFLOAD,WARNING: heavy task offloaded (weight=0.62 >= 0.3),
1771434250.556,0.0,46.50,4.7501,1.161,40.1,3,-117506.832,106.79148,0.03097,0.4171,0.0000,0.3329,0.0000,0.3097,0.3257,0.1894,WARNING,False,5,0,,,,,,
1771434250.556,0.0,,,,,,,,,,,,,,,0.1894,WARNING,,5,,t339_0,0.44,HIGH,OFFLOAD,WARNING: heavy task offloaded (weight=0.44 >= 0.3),
1771434250.556,0.0,,,,,,,,,,,,,,,0.1894,WARNING,,5,,t339_1,0.32,LOW,OFFLOAD,WARNING: heavy task offloaded (weight=0.32 >= 0.3),
1771434250.556,0.0,46.46,4.7594,1.125,37.5,3,-153125.961,124.36244,0.02895,0.4095,0.0000,0.3019,0.0000,0.2895,0.3075,0.1788,SAFE,False,5,0,,,,,,
1771434250.556,0.0,,,,,,,,,,,,,,,0.1788,SAFE,,4,,t340_0,0.28,NORMAL,LOCAL,SAFE: all tasks permitted (weight=0.28),
1771434250.556,0.0,,,,,,,,,,,,,,,0.1788,SAFE,,3,,t340_1,0.17,NORMAL,LOCAL,SAFE: all tasks permitted (weight=0.17),
1771434250.556,0.0,46.16,4.7476,1.208,43.4,4,-95279.415,92.66702,0.02708,0.3604,0.0000,0.3413,0.0000,0.2708,0.3639,0.1875,SAFE,False,3,2,,,,,,
1771434250.556,0.0,,,,,,,,,,,,,,,0.1875,SAFE,,2,,t341_0,0.62,LOW,LOCAL,SAFE: all tasks permitted (weight=0.62),
1771434250.556,0.0,,,,,,,,,,,,,,,0.1875,SAFE,,1,,t341_1,0.89,LOW,LOCAL,SAFE: all tasks permitted (weight=0.89),
1771434250.556,0.0,46.42,4.6691,1.561,68.6,6,-58498.045,-93.01995,0.02867,0.4032,0.0000,0.6029,1.0000,0.2867,0.5705,0.4695,WARNING,False,1,4,,,,,,
1771434250.556,0.0,,,,,,,,,,,,,,,0.4695,WARNING,,0,,t342_0,0.15,LOW,LOCAL,WARNING: lightweight task permitted (weight=0.15 < 0.3),
1771434250.556,0.0,46.67,4.6899,1.537,66.9,6,-94622.966,-94.98294,0.02925,0.4456,0.0000,0.5337,1.0000,0.2925,0.5584,0.4638,WARNING,False,0,5,,,,,,
1771434250.556,0.0,47.09,4.6845,1.474,62.4,5,42895.590,-49.09019,0.03037,0.5150,1.0000,0.5515,1.0000,0.3037,0.5121,0.7163,CRITICAL,False,0,5,,,,,,
1771434250.556,0.0,,,,,,,,,,,,,,,0.7163,CRITICAL,,0,,t344_0,0.44,NORMAL,OFFLOAD,CRITICAL: non-critical task offloaded (priority=NORMAL),
1771434250.556,0.0,,,,,,,,,,,,,,,0.7163,CRITICAL,,0,,t344_1,0.21,NORMAL,OFFLOAD,CRITICAL: non-critical task offloaded (priority=NORMAL),
1771434250.556,0.0,,,,,,,,,,,,,,,0.7163,CRITICAL,,0,,t344_2,0.31,CRITICAL,OFFLOAD,"Budget exhausted (B=0), offloading. Original: CRITICAL: mission-critical task permitted locally (priority=CRITICAL)",
1771434250.556,0.0,46.52,4.7052,1.416,58.3,5,,,0.03014,0.4193,0.0000,0.4825,0.0000,0.3014,0.4829,0.2398,WARNING,False,0,5,,,,,,
1771434250.556,0.0,,,,,,,,,,,,,,,0.2398,WARNING,,0,,t345_0,0.67,NORMAL,OFFLOAD,WARNING: heavy task offloaded (weight=0.67 >= 0.3),
1771434250.556,0.0,,,,,,,,,,,,,,,0.2398,WARNING,,0,,t345_1,0.53,HIGH,OFFLOAD,WARNING: heavy task offloaded (weight=0.53 >= 0.3),
1771434250.556,0.0,,,,,,,,,,,,,,,0.2398,WARNING,,0,,t345_2,0.34,NORMAL,OFFLOAD,WARNING: heavy task offloaded (weight=0.34 >= 0.3),
1771434250.556,0.0,46.57,4.6895,1.362,54.4,5,,,0.03150,0.4282,0.0000,0.5351,0.0000,0.3150,0.4558,0.2436,WARNING,False,0,5,,,,,,
1771434250.556,0.0,,,,,,,,,,,,,,,0.2436,WARNING,,0,,t346_0,0.36,NORMAL,OFFLOAD,WARNING: heavy task offloaded (weight=0.36 >= 0.3),
1771434250.556,0.0,46.02,4.7257,1.311,50.8,4,,,0.03113,0.3366,0.0000,0.4145,0.0000,0.3113,0.4157,0.2085,WARNING,False,0,5,,,,,,
1771434250.556,0.0,,,,,,,,,,,,,,,0.2085,WARNING,,0,,t347_0,0.77,CRITICAL,OFFLOAD,WARNING: heavy task offloaded (weight=0.77 >= 0.3),
1771434250.556,0.0,,,,,,,,,,,,,,,0.2085,WARNING,,0,,t347_1,0.42,LOW,OFFLOAD,WARNING: heavy task offloaded (weight=0.42 >= 0.3),
1771434250.556,0.0,,,,,,,,,,,,,,,0.2085,WARNING,,0,,t347_2,0.51,NORMAL,OFFLOAD,WARNING: heavy task offloaded (weight=0.51 >= 0.3),
1771434250.556,0.0,46.72,4.7452,1.264,47.5,4,,,0.03171,0.4529,0.0000,0.3493,0.0000,0.3171,0.3922,0.2099,WARNING,False,0,5,,,,,,
1771434250.556,0.0,,,,,,,,,,,,,,,0.2099,WARNING,,0,,t348_0,0.79,NORMAL,OFFLOAD,WARNING: heavy task offloaded (weight=0.79 >= 0.3),
1771434250.556,0.0,,,,,,,,,,,,,,,0.2099,WARNING,,0,,t348_1,0.45,NORMAL,OFFLOAD,WARNING: heavy task offloaded (weight=0.45 >= 0.3),
1771434250.556,0.0,,,,,,,,,,,,,,,0.2099,WARNING,,0,,t348_2,0.74,HIGH,OFFLOAD,WARNING: heavy task offloaded (weight=0.74 >= 0.3),
1771434250.556,0.0,46.82,4.7518,1.221,44.3,4,,,0.03230,0.4703,0.0000,0.3275,0.0000,0.3230,0.3704,0.2054,WARNING,False,0,5,,,,,,
1771434250.556,0.0,,,,,,,,,,,,,,,0.2054,WARNING,,0,,t349_0,0.83,LOW,OFFLOAD,WARNING: heavy task offloaded (weight=0.83 >= 0.3),
1771434250.556,0.0,,,,,,,,,,,,,,,0.2054,WARNING,,0,,t349_1,0.41,HIGH,OFFLOAD,WARNING: heavy task offloaded (weight=0.41 >= 0.3),
1771434250.556,0.0,45.83,4.7527,1.180,41.5,3,,,0.03135,0.3054,0.0000,0.3243,0.0000,0.3135,0.3352,0.1772,SAFE,False,8,0,,,,,,window_reset|B=8
1771434250.556,0.0,,,,,,,,,,,,,,,0.1772,SAFE,,7,,t350_0,0.39,NORMAL,LOCAL,SAFE: all tasks permitted (weight=0.39),
1771434250.556,0.0,,,,,,,,,,,,,,,0.1772,SAFE,,6,,t350_1,0.74,LOW,LOCAL,SAFE: all tasks permitted (weight=0.74),
1771434250.556,0.0,,,,,,,,,,,,,,,0.1772,SAFE,,5,,t350_2,0.77,NORMAL,LOCAL,SAFE: all tasks permitted (weight=0.77),
1771434250.556,0.0,46.72,4.6512,1.637,74.0,7,,,0.03572,0.4536,0.0000,0.6626,0.0000,0.3572,0.6233,0.3009,WARNING,False,5,3,,,,,,
1771434250.556,0.0,46.44,4.6382,1.567,69.1,6,,,0.03857,0.4067,0.0000,0.7061,0.0000,0.3857,0.5734,0.2939,WARNING,False,5,3,,,,,,
1771434250.556,0.0,,,,,,,,,,,,,,,0.2939,WARNING,,5,,t352_0,0.90,NORMAL,OFFLOAD,WARNING: heavy task offloaded (weight=0.90 >= 0.3),
1771434250.556,0.0,46.80,4.6771,1.502,64.4,6,,,0.03684,0.4661,0.0000,0.5764,0.0000,0.3684,0.5411,0.2759,WARNING,False,5,3,,,,,,
1771434250.556,0.0,,,,,,,,,,,,,,,0.2759,WARNING,,5,,t353_0,0.65,CRITICAL,OFFLOAD,WARNING: heavy task offloaded (weight=0.65 >= 0.3),
1771434250.556,0.0,46.96,4.6949,1.442,60.1,5,,,0.03581,0.4935,0.0000,0.5172,0.0000,0.3581,0.4960,0.2615,WARNING,False,5,3,,,,,,
1771434250.557,0.0,,,,,,,,,,,,,,,0.2615,WARNING,,5,,t354_0,0.52,CRITICAL,OFFLOAD,WARNING: heavy task offloaded (weight=0.52 >= 0.3),
1771434250.557,0.0,46.49,4.6989,1.386,56.1,5,28194.871,-26.64432,0.03568,0.4151,1.0000,0.5036,1.0000,0.3568,0.4680,0.6945,CRITICAL,False,5,3,,,,,,
1771434250.557,0.0,,,,,,,,,,,,,,,0.6945,CRITICAL,,5,,t355_0,0.41,NORMAL,OFFLOAD,CRITICAL: non-critical task offloaded (priority=NORMAL),
1771434250.557,0.0,,,,,,,,,,,,,,,0.6945,CRITICAL,,5,,t355_1,0.17,HIGH,OFFLOAD,CRITICAL: non-critical task offloaded (priority=HIGH),
1771434250.557,0.0,46.38,4.7128,1.334,52.4,4,-20175.316,-32.26940,0.03543,0.3967,0.0000,0.4572,1.0000,0.3543,0.4269,0.4279,CRITICAL,False,5,3,,,,,,
1771434250.557,0.0,,,,,,,,,,,,,,,0.4279,CRITICAL,,5,,t356_0,0.34,LOW,OFFLOAD,CRITICAL: non-critical task offloaded (priority=LOW),
1771434250.557,0.0,,,,,,,,,,,,,,,0.4279,CRITICAL,,5,,t356_1,0.18,NORMAL,OFFLOAD,CRITICAL: non-critical task offloaded (priority=NORMAL),
1771434250.557,0.0,47.00,4.7425,1.285,49.0,4,10776.226,-9.26779,0.03703,0.5004,1.0000,0.3585,1.0000,0.3703,0.4027,0.6742,CRITICAL,False,5,3,,,,,,
1771434250.557,0.0,,,,,,,,,,,,,,,0.6742,CRITICAL,,5,,t357_0,0.84,LOW,OFFLOAD,CRITICAL: non-critical task offloaded (priority=LOW),
1771434250.557,0.0,46.21,4.7190,1.240,45.7,4,22444.888,-33.57676,0.03679,0.3680,1.0000,0.4365,1.0000,0.3679,0.3802,0.6637,CRITICAL,False,5,3,,,,,,
1771434250.557,0.0,,,,,,,,,,,,,,,0.6637,CRITICAL,,5,,t358_0,0.75,LOW,OFFLOAD,CRITICAL: non-critical task offloaded (priority=LOW),
1771434250.557,0.0,,,,,,,,,,,,,,,0.6637,CRITICAL,,5,,t358_1,0.46,NORMAL,OFFLOAD,CRITICAL: non-critical task offloaded (priority=NORMAL),
1771434250.557,0.0,,,,,,,,,,,,,,,0.6637,CRITICAL,,5,,t358_2,0.25,HIGH,OFFLOAD,CRITICAL: non-critical task offloaded (priority=HIGH),
1771434250.557,0.0,46.43,4.7654,1.199,42.8,3,-17335.460,113.81927,0.03979,0.4053,0.0000,0.2821,0.0000,0.3979,0.3443,0.1939,WARNING,False,5,3,,,,,,
1771434250.557,0.0,,,,,,,,,,,,,,,0.1939,WARNING,,5,,t359_0,0.79,NORMAL,OFFLOAD,WARNING: heavy task offloaded (weight=0.79 >= 0.3),
1771434250.557,0.0,46.01,4.7734,1.160,40.0,3,-25707.342,134.80791,0.04240,0.3351,0.0000,0.2554,0.0000,0.4240,0.3248,0.1808,WARNING,False,5,3,,,,,,
1771434250.557,0.0,,,,,,,,,,,,,,,0.1808,WARNING,,5,,t360_0,0.42,LOW,OFFLOAD,WARNING: heavy task offloaded (weight=0.42 >= 0.3),
1771434250.557,0.0,,,,,,,,,,,,,,,0.1808,WARNING,,4,,t360_1,0.26,NORMAL,LOCAL,WARNING: lightweight task permitted (weight=0.26 < 0.3),
1771434250.557,0.0,,,,,,,,,,,,,,,0.1808,WARNING,,4,,t360_2,0.58,NORMAL,OFFLOAD,WARNING: heavy task offloaded (weight=0.58 >= 0.3),
1771434250.557,0.0,46.31,4.7609,1.192,42.3,3,-29290.308,83.61095,0.04313,0.3845,0.0000,0.2968,0.0000,0.4313,0.3411,0.1961,WARNING,False,4,4,,,,,,
1771434250.557,0.0,,,,,,,,,,,,,,,0.1961,WARNING,,4,,t361_0,0.90,LOW,OFFLOAD,WARNING: heavy task offloaded (weight=0.90 >= 0.3),
1771434250.557,0.0,,,,,,,,,,,,,,,0.1961,WARNING,,4,,t361_1,0.88,HIGH,OFFLOAD,WARNING: heavy task offloaded (weight=0.88 >= 0.3),
1771434250.557,0.0,,,,,,,,,,,,,,,0.1961,WARNING,,4,,t361_2,0.66,CRITICAL,OFFLOAD,WARNING: heavy task offloaded (weight=0.66 >= 0.3),
1771434250.557,0.0,45.76,4.7673,1.154,39.5,3,-72049.862,72.24827,0.04435,0.2928,0.0000,0.2756,0.0000,0.4435,0.3218,0.1797,SAFE,False,4,4,,,,,,
1771434250.557,0.0,,,,,,,,,,,,,,,0.1797,SAFE,,3,,t362_0,0.64,HIGH,LOCAL,SAFE: all tasks permitted (weight=0.64),
1771434250.557,0.0,,,,,,,,,,,,,,,0.1797,SAFE,,2,,t362_1,0.35,NORMAL,LOCAL,SAFE: all tasks permitted (weight=0.35),
1771434250.557,0.0,46.43,4.7196,1.377,55.5,5,,,0.03971,0.4043,0.0000,0.4347,0.0000,0.3971,0.4637,0.2375,SAFE,False,7,0,,,,,,window_reset|B=7
1771434250.557,0.0,,,,,,,,,,,,,,,0.2375,SAFE,,6,,t363_0,0.80,NORMAL,LOCAL,SAFE: all tasks permitted (weight=0.80),
1771434250.557,0.0,,,,,,,,,,,,,,,0.2375,SAFE,,5,,t363_1,0.40,HIGH,LOCAL,SAFE: all tasks permitted (weight=0.40),
1771434250.557,0.0,46.57,4.6602,1.638,74.1,7,,,0.03611,0.4277,0.0000,0.6326,0.0000,0.3611,0.6239,0.2944,WARNING,False,5,2,,,,,,
1771434250.557,0.0,,,,,,,,,,,,,,,0.2944,WARNING,,5,,t364_0,0.51,NORMAL,OFFLOAD,WARNING: heavy task offloaded (weight=0.51 >= 0.3),
1771434250.557,0.0,45.97,4.6494,1.568,69.1,6,,,0.03976,0.3286,0.0000,0.6687,0.0000,0.3976,0.5740,0.2809,WARNING,False,5,2,,,,,,
1771434250.557,0.0,,,,,,,,,,,,,,,0.2809,WARNING,,4,,t365_0,0.22,HIGH,LOCAL,WARNING: lightweight task permitted (weight=0.22 < 0.3),
1771434250.557,0.0,,,,,,,,,,,,,,,0.2809,WARNING,,3,,t365_1,0.22,NORMAL,LOCAL,WARNING: lightweight task permitted (weight=0.22 < 0.3),
1771434250.557,0.0,46.49,4.6547,1.616,72.6,6,,,0.04342,0.4149,0.0000,0.6509,0.0000,0.4342,0.5979,0.2974,WARNING,False,3,4,,,,,,
1771434250.557,0.0,,,,,,,,,,,,,,,0.2974,WARNING,,3,,t366_0,0.65,NORMAL,OFFLOAD,WARNING: heavy task offloaded (weight=0.65 >= 0.3),
1771434250.557,0.0,46.46,4.6364,1.548,67.7,6,,,0.04889,0.4098,0.0000,0.7121,0.0000,0.4889,0.5639,0.3034,WARNING,False,3,4,,,,,,
1771434250.557,0.0,46.66,4.6322,1.484,63.2,6,,,0.05381,0.4432,0.0000,0.7260,0.0000,0.5381,0.5322,0.3078,WARNING,False,3,4,,,,,,
1771434250.557,0.0,,,,,,,,,,,,,,,0.3078,WARNING,,3,,t368_0,0.45,NORMAL,OFFLOAD,WARNING: heavy task offloaded (weight=0.45 >= 0.3),
1771434250.557,0.0,46.60,4.7106,1.425,59.0,5,,,0.05276,0.4337,0.0000,0.4647,0.0000,0.5276,0.4877,0.2628,WARNING,False,3,4,,,,,,
1771434250.557,0.0,46.71,4.6976,1.371,55.0,5,,,0.05259,0.4510,0.0000,0.5079,0.0000,0.5259,0.4603,0.2648,WARNING,False,3,4,,,,,,
1771434250.557,0.0,,,,,,,,,,,,,,,0.2648,WARNING,,3,,t370_0,0.55,HIGH,OFFLOAD,WARNING: heavy task offloaded (weight=0.55 >= 0.3),
1771434250.557,0.0,,,,,,,,,,,,,,,0.2648,WARNING,,2,,t370_1,0.17,LOW,LOCAL,WARNING: lightweight task permitted (weight=0.17 < 0.3),
1771434250.557,0.0,46.97,4.6956,1.365,54.6,5,,,0.04903,0.4948,0.0000,0.5146,0.0000,0.4903,0.4574,0.2668,WARNING,False,2,5,,,,,,
1771434250.557,0.0,,,,,,,,,,,,,,,0.2668,WARNING,,2,,t371_0,0.85,NORMAL,OFFLOAD,WARNING: heavy task offloaded (weight=0.85 >= 0.3),
1771434250.557,0.0,46.26,4.7081,1.314,51.0,4,,,0.04350,0.3767,0.0000,0.4732,0.0000,0.4350,0.4171,0.2336,WARNING,False,2,5,,,,,,
1771434250.557,0.0,,,,,,,,,,,,,,,0.2336,WARNING,,2,,t372_0,0.37,NORMAL,OFFLOAD,WARNING: heavy task offloaded (weight=0.37 >= 0.3),
1771434250.557,0.0,,,,,,,,,,,,,,,0.2336,WARNING,,1,,t372_1,0.21,NORMAL,LOCAL,WARNING: lightweight task permitted (weight=0.21 < 0.3),
1771434250.557,0.0,47.24,4.7144,1.323,51.6,4,,,0.03893,0.5406,0.0000,0.4521,0.0000,0.3893,0.4215,0.2469,WARNING,False,1,6,,,,,,
1771434250.557,0.0,,,,,,,,,,,,,,,0.2469,WARNING,,1,,t373_0,0.84,NORMAL,OFFLOAD,WARNING: heavy task offloaded (weight=0.84 >= 0.3),
1771434250.558,0.0,,,,,,,,,,,,,,,0.2469,WARNING,,1,,t373_1,0.82,NORMAL,OFFLOAD,WARNING: heavy task offloaded (weight=0.82 >= 0.3),
1771434250.558,0.0,46.56,4.7281,1.275,48.2,4,4505.586,73.34833,0.03331,0.4274,1.0000,0.4064,0.0000,0.3331,0.3976,0.4669,WARNING,False,1,6,,,,,,
1771434250.558,0.0,46.60,4.7317,1.231,45.1,4,8294.655,95.24374,0.03453,0.4329,1.0000,0.3945,0.0000,0.3453,0.3755,0.4628,WARNING,False,1,6,,,,,,
1771434250.558,0.0,46.25,4.7403,1.190,42.1,3,-24277.910,108.05748,0.03678,0.3758,0.0000,0.3657,0.0000,0.3678,0.3399,0.1974,WARNING,False,8,0,,,,,,window_reset|B=8
1771434250.558,0.0,46.75,4.7628,1.151,39.4,3,9144.694,52.23834,0.03922,0.4591,1.0000,0.2905,0.0000,0.3922,0.3207,0.4462,WARNING,False,8,0,,,,,,
1771434250.558,0.0,,,,,,,,,,,,,,,0.4462,WARNING,,8,,t377_0,0.87,NORMAL,OFFLOAD,WARNING: heavy task offloaded (weight=0.87 >= 0.3),
1771434250.558,0.0,,,,,,,,,,,,,,,0.4462,WARNING,,8,,t377_1,0.76,LOW,OFFLOAD,WARNING: heavy task offloaded (weight=0.76 >= 0.3),
1771434250.558,0.0,45.81,4.7753,1.116,36.8,3,-53690.864,77.65820,0.04145,0.3018,0.0000,0.2489,0.0000,0.4145,0.3029,0.1706,SAFE,False,8,0,,,,,,
1771434250.558,0.0,46.21,4.7835,1.083,34.5,3,-45574.506,87.84870,0.03924,0.3682,0.0000,0.2217,0.0000,0.3924,0.2863,0.1695,SAFE,False,8,0,,,,,,
1771434250.558,0.0,,,,,,,,,,,,,,,0.1695,SAFE,,7,,t379_0,0.40,HIGH,LOCAL,SAFE: all tasks permitted (weight=0.40),
1771434250.558,0.0,,,,,,,,,,,,,,,0.1695,SAFE,,6,,t379_1,0.29,LOW,LOCAL,SAFE: all tasks permitted (weight=0.29),
1771434250.558,0.0,45.39,4.7499,1.230,45.0,4,-52064.960,41.86654,0.02846,0.2320,0.0000,0.3335,0.0000,0.2846,0.3748,0.1746,SAFE,False,6,2,,,,,,
1771434250.558,0.0,,,,,,,,,,,,,,,0.1746,SAFE,,5,,t380_0,0.36,LOW,LOCAL,SAFE: all tasks permitted (weight=0.36),
1771434250.558,0.0,45.50,4.7035,1.282,48.7,4,-104633.098,-10.86628,0.02899,0.2498,0.0000,0.4884,1.0000,0.2899,0.4009,0.4026,WARNING,False,5,3,,,,,,
1771434250.558,0.0,45.60,4.7426,1.237,45.5,4,,,0.02707,0.2664,0.0000,0.3581,0.0000,0.2707,0.3785,0.1813,WARNING,False,5,3,,,,,,
1771434250.558,0.0,,,,,,,,,,,,,,,0.1813,WARNING,,5,,t382_0,0.86,NORMAL,OFFLOAD,WARNING: heavy task offloaded (weight=0.86 >= 0.3),
1771434250.558,0.0,45.07,4.7363,1.195,42.5,3,,,0.02415,0.1786,0.0000,0.3789,0.0000,0.2415,0.3427,0.1634,SAFE,False,5,3,,,,,,
1771434250.558,0.0,,,,,,,,,,,,,,,0.1634,SAFE,,4,,t383_0,0.86,NORMAL,LOCAL,SAFE: all tasks permitted (weight=0.86),
1771434250.558,0.0,,,,,,,,,,,,,,,0.1634,SAFE,,3,,t383_1,0.64,NORMAL,LOCAL,SAFE: all tasks permitted (weight=0.64),
1771434250.558,0.0,45.42,4.6464,1.547,67.7,6,,,0.03463,0.2362,0.0000,0.6787,0.0000,0.3463,0.5636,0.2639,WARNING,False,3,5,,,,,,
1771434250.558,0.0,,,,,,,,,,,,,,,0.2639,WARNING,,3,,t384_0,0.70,HIGH,OFFLOAD,WARNING: heavy task offloaded (weight=0.70 >= 0.3),
1771434250.558,0.0,,,,,,,,,,,,,,,0.2639,WARNING,,2,,t384_1,0.21,NORMAL,LOCAL,WARNING: lightweight task permitted (weight=0.21 < 0.3),
1771434250.558,0.0,,,,,,,,,,,,,,,0.2639,WARNING,,2,,t384_2,0.65,HIGH,OFFLOAD,WARNING: heavy task offloaded (weight=0.65 >= 0.3),
1771434250.558,0.0,45.71,4.6958,1.537,67.0,6,,,0.03589,0.2843,0.0000,0.5141,0.0000,0.3589,0.5587,0.2486,WARNING,False,2,6,,,,,,
1771434250.558,0.0,,,,,,,,,,,,,,,0.2486,WARNING,,2,,t385_0,0.59,NORMAL,OFFLOAD,WARNING: heavy task offloaded (weight=0.59 >= 0.3),
1771434250.558,0.0,,,,,,,,,,,,,,,0.2486,WARNING,,2,,t385_1,0.65,NORMAL,OFFLOAD,WARNING: heavy task offloaded (weight=0.65 >= 0.3),
1771434250.558,0.0,,,,,,,,,,,,,,,0.2486,WARNING,,1,,t385_2,0.21,LOW,LOCAL,WARNING: lightweight task permitted (weight=0.21 < 0.3),
1771434250.558,0.0,45.72,4.6748,1.528,66.3,6,,,0.03936,0.2870,0.0000,0.5842,0.0000,0.3936,0.5542,0.2606,WARNING,False,1,7,,,,,,
1771434250.558,0.0,,,,,,,,,,,,,,,0.2606,WARNING,,1,,t386_0,0.85,HIGH,OFFLOAD,WARNING: heavy task offloaded (weight=0.85 >= 0.3),
1771434250.558,0.0,,,,,,,,,,,,,,,0.2606,WARNING,,0,,t386_1,0.25,NORMAL,LOCAL,WARNING: lightweight task permitted (weight=0.25 < 0.3),
1771434250.558,0.0,45.66,4.6694,1.532,66.6,6,,,0.04258,0.2768,0.0000,0.6019,0.0000,0.4258,0.5560,0.2652,WARNING,False,0,8,,,,,,
1771434250.558,0.0,,,,,,,,,,,,,,,0.2652,WARNING,,0,,t387_0,0.67,NORMAL,OFFLOAD,WARNING: heavy task offloaded (weight=0.67 >= 0.3),
1771434250.558,0.0,,,,,,,,,,,,,,,0.2652,WARNING,,0,,t387_1,0.77,NORMAL,OFFLOAD,WARNING: heavy task offloaded (weight=0.77 >= 0.3),
1771434250.558,0.0,45.88,4.6969,1.470,62.1,5,,,0.04283,0.3141,0.0000,0.5103,0.0000,0.4283,0.5098,0.2488,WARNING,False,0,8,,,,,,
1771434250.558,0.0,,,,,,,,,,,,,,,0.2488,WARNING,,0,,t388_0,0.53,LOW,OFFLOAD,WARNING: heavy task offloaded (weight=0.53 >= 0.3),
1771434250.558,0.0,,,,,,,,,,,,,,,0.2488,WARNING,,0,,t388_1,0.23,HIGH,OFFLOAD,"Budget exhausted (B=0), offloading. Original: WARNING: lightweight task permitted (weight=0.23 < 0.3)",
1771434250.558,0.0,46.19,4.7081,1.412,58.0,5,,,0.04087,0.3646,0.0000,0.4728,0.0000,0.4087,0.4809,0.2423,WARNING,False,7,0,,,,,,window_reset|B=7
1771434250.558,0.0,,,,,,,,,,,,,,,0.2423,WARNING,,6,,t389_0,0.22,LOW,LOCAL,WARNING: lightweight task permitted (weight=0.22 < 0.3),
1771434250.558,0.0,,,,,,,,,,,,,,,0.2423,WARNING,,5,,t389_1,0.18,LOW,LOCAL,WARNING: lightweight task permitted (weight=0.18 < 0.3),
1771434250.558,0.0,46.33,4.7003,1.463,61.6,5,,,0.03672,0.3889,0.0000,0.4989,0.0000,0.3672,0.5065,0.2496,WARNING,False,5,2,,,,,,
1771434250.558,0.0,,,,,,,,,,,,,,,0.2496,WARNING,,5,,t390_0,0.58,HIGH,OFFLOAD,WARNING: heavy task offloaded (weight=0.58 >= 0.3),
1771434250.558,0.0,,,,,,,,,,,,,,,0.2496,WARNING,,5,,t390_1,0.65,NORMAL,OFFLOAD,WARNING: heavy task offloaded (weight=0.65 >= 0.3),
1771434250.558,0.0,,,,,,,,,,,,,,,0.2496,WARNING,,5,,t390_2,0.58,NORMAL,OFFLOAD,WARNING: heavy task offloaded (weight=0.58 >= 0.3),
1771434250.558,0.0,46.38,4.6882,1.406,57.5,5,,,0.02930,0.3960,0.0000,0.5395,0.0000,0.2930,0.4778,0.2425,WARNING,False,5,2,,,,,,
1771434250.558,0.0,,,,,,,,,,,,,,,0.2425,WARNING,,5,,t391_0,0.57,NORMAL,OFFLOAD,WARNING: heavy task offloaded (weight=0.57 >= 0.3),
1771434250.558,0.0,46.27,4.6932,1.352,53.7,5,,,0.02534,0.3779,0.0000,0.5228,0.0000,0.2534,0.4510,0.2289,WARNING,False,5,2,,,,,,
1771434250.558,0.0,46.36,4.7181,1.302,50.2,4,,,0.02600,0.3927,0.0000,0.4396,0.0000,0.2600,0.4112,0.2125,WARNING,False,5,2,,,,,,
1771434250.558,0.0,,,,,,,,,,,,,,,0.2125,WARNING,,5,,t393_0,0.90,LOW,OFFLOAD,WARNING: heavy task offloaded (weight=0.90 >= 0.3),
1771434250.558,0.0,,,,,,,,,,,,,,,0.2125,WARNING,,5,,t393_1,0.31,HIGH,OFFLOAD,WARNING: heavy task offloaded (weight=0.31 >= 0.3),
1771434250.558,0.0,46.28,4.7364,1.256,46.9,4,,,0.02515,0.3804,0.0000,0.3786,0.0000,0.2515,0.3881,0.1976,WARNING,False,5,2,,,,,,
1771434250.559,0.0,,,,,,,,,,,,,,,0.1976,WARNING,,5,,t394_0,0.40,LOW,OFFLOAD,WARNING: heavy task offloaded (weight=0.40 >= 0.3),
1771434250.559,0.0,46.36,4.7318,1.213,43.8,4,41778.943,62.41885,0.02459,0.3928,1.0000,0.3939,0.0000,0.2459,0.3666,0.4463,WARNING,False,5,2,,,,,,
1771434250.559,0.0,,,,,,,,,,,,,,,0.4463,WARNING,,5,,t395_0,0.72,LOW,OFFLOAD,WARNING: heavy task offloaded (weight=0.72 >= 0.3),
1771434250.559,0.0,,,,,,,,,,,,,,,0.4463,WARNING,,5,,t395_1,0.53,HIGH,OFFLOAD,WARNING: heavy task offloaded (weight=0.53 >= 0.3),
1771434250.559,0.0,,,,,,,,,,,,,,,0.4463,WARNING,,5,,t395_2,0.85,CRITICAL,OFFLOAD,WARNING: heavy task offloaded (weight=0.85 >= 0.3),
1771434250.559,0.0,45.87,4.7419,1.173,40.9,3,-807.235,44.98227,0.02240,0.3119,0.0000,0.3604,0.0000,0.2240,0.3316,0.1730,SAFE,False,5,2,,,,,,
1771434250.559,0.0,,,,,,,,,,,,,,,0.1730,SAFE,,4,,t396_0,0.27,HIGH,LOCAL,SAFE: all tasks permitted (weight=0.27),
1771434250.559,0.0,,,,,,,,,,,,,,,0.1730,SAFE,,3,,t396_1,0.58,HIGH,LOCAL,SAFE: all tasks permitted (weight=0.58),
1771434250.559,0.0,,,,,,,,,,,,,,,0.1730,SAFE,,2,,t396_2,0.58,NORMAL,LOCAL,SAFE: all tasks permitted (weight=0.58),
1771434250.559,0.0,46.36,4.6757,1.511,65.0,6,10102.174,-32.44926,0.02371,0.3926,1.0000,0.5809,1.0000,0.2371,0.5453,0.7054,WARNING,False,2,5,,,,,,
1771434250.559,0.0,,,,,,,,,,,,,,,0.7054,WARNING,,2,,t397_0,0.41,LOW,OFFLOAD,WARNING: heavy task offloaded (weight=0.41 >= 0.3),
1771434250.559,0.0,45.76,4.6651,1.450,60.7,5,-34468.420,-35.19938,0.02478,0.2932,0.0000,0.6162,1.0000,0.2478,0.4999,0.4401,WARNING,False,2,5,,,,,,
1771434250.559,0.0,,,,,,,,,,,,,,,0.4401,WARNING,,2,,t398_0,0.31,LOW,OFFLOAD,WARNING: heavy task offloaded (weight=0.31 >= 0.3),
1771434250.559,0.0,,,,,,,,,,,,,,,0.4401,WARNING,,2,,t398_1,0.80,LOW,OFFLOAD,WARNING: heavy task offloaded (weight=0.80 >= 0.3),
1771434250.559,0.0,46.70,4.7180,1.393,56.7,5,19575.180,29.88221,0.02302,0.4504,1.0000,0.4399,0.0000,0.2302,0.4716,0.4786,WARNING,False,2,5,,,,,,
1771434250.559,0.0,,,,,,,,,,,,,,,0.4786,WARNING,,2,,t399_0,0.32,NORMAL,OFFLOAD,WARNING: heavy task offloaded (weight=0.32 >= 0.3),
1771434250.559,0.0,,,,,,,,,,,,,,,0.4786,WARNING,,2,,t399_1,0.78,NORMAL,OFFLOAD,WARNING: heavy task offloaded (weight=0.78 >= 0.3),
1771434250.559,0.0,,,,,,,,,,,,,,,0.4786,WARNING,,2,,t399_2,0.31,LOW,OFFLOAD,WARNING: heavy task offloaded (weight=0.31 >= 0.3),
1771434250.559,0.0,45.89,4.7045,1.341,52.9,4,-22890.969,11.30513,0.02286,0.3144,0.0000,0.4851,0.0000,0.2286,0.4303,0.2097,WARNING,False,2,5,,,,,,
1771434250.559,0.0,,,,,,,,,,,,,,,0.2097,WARNING,,2,,t400_0,0.78,HIGH,OFFLOAD,WARNING: heavy task offloaded (weight=0.78 >= 0.3),
1771434250.560,0.0,,,,,,,,,,,,,,,0.2097,WARNING,,1,,t400_1,0.25,HIGH,LOCAL,WARNING: lightweight task permitted (weight=0.25 < 0.3),
1771434250.560,0.0,46.10,4.7245,1.357,54.1,5,-7806.579,3.20011,0.02339,0.3493,0.0000,0.4182,0.0000,0.2339,0.4534,0.2104,WARNING,False,1,6,,,,,,
1771434250.560,0.0,,,,,,,,,,,,,,,0.2104,WARNING,,0,,t401_0,0.30,CRITICAL,LOCAL,WARNING: lightweight task permitted (weight=0.30 < 0.3),
1771434250.560,0.0,46.40,4.7215,1.385,56.1,5,3477.507,-7.44899,0.02353,0.3997,1.0000,0.4283,1.0000,0.2353,0.4674,0.6707,CRITICAL,False,3,0,,,,,,window_reset|B=3
1771434250.560,0.0,,,,,,,,,,,,,,,0.6707,CRITICAL,,2,,t402_0,0.67,CRITICAL,LOCAL,CRITICAL: mission-critical task permitted locally (priority=CRITICAL),
1771434250.560,0.0,,,,,,,,,,,,,,,0.6707,CRITICAL,,2,,t402_1,0.33,HIGH,OFFLOAD,CRITICAL: non-critical task offloaded (priority=HIGH),
1771434250.560,0.0,45.70,4.6715,1.508,64.9,6,-39340.338,-60.26906,0.02521,0.2834,0.0000,0.5952,1.0000,0.2521,0.5440,0.4454,CRITICAL,False,2,1,,,,,,
1771434250.560,0.0,,,,,,,,,,,,,,,0.4454,CRITICAL,,2,,t403_0,0.63,HIGH,OFFLOAD,CRITICAL: non-critical task offloaded (priority=HIGH),
1771434250.560,0.0,46.34,4.6561,1.447,60.5,5,28375.881,-85.64139,0.02890,0.3908,1.0000,0.6464,1.0000,0.2890,0.4987,0.7096,CRITICAL,False,2,1,,,,,,
1771434250.560,0.0,,,,,,,,,,,,,,,0.7096,CRITICAL,,2,,t404_0,0.24,NORMAL,OFFLOAD,CRITICAL: non-critical task offloaded (priority=NORMAL),
1771434250.560,0.0,,,,,,,,,,,,,,,0.7096,CRITICAL,,2,,t404_1,0.18,NORMAL,OFFLOAD,CRITICAL: non-critical task offloaded (priority=NORMAL),
1771434250.560,0.0,,,,,,,,,,,,,,,0.7096,CRITICAL,,2,,t404_2,0.47,LOW,OFFLOAD,CRITICAL: non-critical task offloaded (priority=LOW),
1771434250.560,0.0,46.46,4.7108,1.391,56.5,5,6180.149,35.02300,0.02870,0.4098,1.0000,0.4640,0.0000,0.2870,0.4705,0.4823,CRITICAL,False,2,1,,,,,,
1771434250.560,0.0,,,,,,,,,,,,,,,0.4823,CRITICAL,,2,,t405_0,0.22,LOW,OFFLOAD,CRITICAL: non-critical task offloaded (priority=LOW),
1771434250.560,0.0,,,,,,,,,,,,,,,0.4823,CRITICAL,,2,,t405_1,0.22,NORMAL,OFFLOAD,CRITICAL: non-critical task offloaded (priority=NORMAL),
1771434250.560,0.0,,,,,,,,,,,,,,,0.4823,CRITICAL,,2,,t405_2,0.47,LOW,OFFLOAD,CRITICAL: non-critical task offloaded (priority=LOW),
1771434250.560,0.0,,,,,,,,,,,,,,,0.4823,CRITICAL,,2,,t405_3,0.47,NORMAL,OFFLOAD,CRITICAL: non-critical task offloaded (priority=NORMAL),
1771434250.560,0.0,,,,,,,,,,,,,,,0.4823,CRITICAL,,2,,t405_4,0.72,NORMAL,OFFLOAD,CRITICAL: non-critical task offloaded (priority=NORMAL),
1771434250.560,0.0,,,,,,,,,,,,,,,0.4823,CRITICAL,,2,,t405_5,0.90,LOW,OFFLOAD,CRITICAL: non-critical task offloaded (priority=LOW),
1771434250.560,0.0,46.01,4.6989,1.339,52.8,4,15259.850,33.73396,0.02709,0.3357,1.0000,0.5036,0.0000,0.2709,0.4293,0.4687,CRITICAL,False,2,1,,,,,,
1771434250.560,0.0,,,,,,,,,,,,,,,0.4687,CRITICAL,,2,,t406_0,0.65,LOW,OFFLOAD,CRITICAL: non-critical task offloaded (priority=LOW),
1771434250.560,0.0,,,,,,,,,,,,,,,0.4687,CRITICAL,,2,,t406_1,0.29,LOW,OFFLOAD,CRITICAL: non-critical task offloaded (priority=LOW),
1771434250.560,0.0,46.58,4.7511,1.290,49.3,4,-7169.944,33.04786,0.02931,0.4304,0.0000,0.3296,0.0000,0.2931,0.4049,0.2048,WARNING,False,2,1,,,,,,
1771434250.560,0.0,,,,,,,,,,,,,,,0.2048,WARNING,,2,,t407_0,0.47,NORMAL,OFFLOAD,WARNING: heavy task offloaded (weight=0.47 >= 0.3),
1771434250.560,0.0,46.27,4.7137,1.244,46.0,4,22777.027,9.17691,0.02718,0.3777,1.0000,0.4545,0.0000,0.2718,0.3822,0.4580,WARNING,False,2,1,,,,,,
1771434250.560,0.0,,,,,,,,,,,,,,,0.4580,WARNING,,2,,t408_0,0.30,HIGH,OFFLOAD,WARNING: heavy task offloaded (weight=0.30 >= 0.3),
1771434250.560,0.0,,,,,,,,,,,,,,,0.4580,WARNING,,2,,t408_1,0.32,LOW,OFFLOAD,WARNING: heavy task offloaded (weight=0.32 >= 0.3),
1771434250.560,0.0,,,,,,,,,,,,,,,0.4580,WARNING,,2,,t408_2,0.47,CRITICAL,OFFLOAD,WARNING: heavy task offloaded (weight=0.47 >= 0.3),
1771434250.560,0.0,46.46,4.7401,1.202,43.0,4,,,0.02801,0.4104,0.0000,0.3662,0.0000,0.2801,0.3611,0.1971,WARNING,False,2,1,,,,,,
1771434250.560,0.0,,,,,,,,,,,,,,,0.1971,WARNING,,2,,t409_0,0.82,NORMAL,OFFLOAD,WARNING: heavy task offloaded (weight=0.82 >= 0.3),
1771434250.560,0.0,,,,,,,,,,,,,,,0.1971,WARNING,,2,,t409_1,0.84,HIGH,OFFLOAD,WARNING: heavy task offloaded (weight=0.84 >= 0.3),
1771434250.560,0.0,45.53,4.7389,1.163,40.2,3,,,0.02635,0.2552,0.0000,0.3702,0.0000,0.2635,0.3265,0.1704,SAFE,False,2,1,,,,,,
1771434250.560,0.0,,,,,,,,,,,,,,,0.1704,SAFE,,1,,t410_0,0.67,CRITICAL,LOCAL,SAFE: all tasks permitted (weight=0.67),
1771434250.560,0.0,,,,,,,,,,,,,,,0.1704,SAFE,,0,,t410_1,0.33,HIGH,LOCAL,SAFE: all tasks permitted (weight=0.33),
1771434250.560,0.0,46.06,4.7090,1.387,56.2,5,,,0.02631,0.3431,0.0000,0.4701,0.0000,0.2631,0.4686,0.2223,SAFE,False,0,3,,,,,,
1771434250.560,0.0,,,,,,,,,,,,,,,0.2223,SAFE,,0,,t411_0,0.29,LOW,OFFLOAD,"Budget exhausted (B=0), offloading. Original: SAFE: all tasks permitted (weight=0.29)",
1771434250.560,0.0,,,,,,,,,,,,,,,0.2223,SAFE,,0,,t411_1,0.72,LOW,OFFLOAD,"Budget exhausted (B=0), offloading. Original: SAFE: all tasks permitted (weight=0.72)",
1771434250.560,0.0,,,,,,,,,,,,,,,0.2223,SAFE,,0,,t411_2,0.57,NORMAL,OFFLOAD,"Budget exhausted (B=0), offloading. Original: SAFE: all tasks permitted (weight=0.57)",
1771434250.560,0.0,45.90,4.7283,1.335,52.5,4,,,0.02658,0.3174,0.0000,0.4056,0.0000,0.2658,0.4275,0.2029,SAFE,False,0,3,,,,,,
1771434250.560,0.0,,,,,,,,,,,,,,,0.2029,SAFE,,0,,t412_0,0.22,LOW,OFFLOAD,"Budget exhausted (B=0), offloading. Original: SAFE: all tasks permitted (weight=0.22)",
1771434250.560,0.0,45.67,4.7278,1.286,49.0,4,,,0.02671,0.2789,0.0000,0.4074,0.0000,0.2671,0.4032,0.1938,SAFE,False,0,3,,,,,,
1771434250.560,0.0,,,,,,,,,,,,,,,0.1938,SAFE,,0,,t413_0,0.42,LOW,OFFLOAD,"Budget exhausted (B=0), offloading. Original: SAFE: all tasks permitted (weight=0.42)",
1771434250.560,0.0,,,,,,,,,,,,,,,0.1938,SAFE,,0,,t413_1,0.19,LOW,OFFLOAD,"Budget exhausted (B=0), offloading. Original: SAFE: all tasks permitted (weight=0.19)",
1771434250.560,0.0,46.38,4.7494,1.241,45.8,4,,,0.02842,0.3958,0.0000,0.3354,0.0000,0.2842,0.3807,0.1957,SAFE,False,0,3,,,,,,
1771434250.560,0.0,,,,,,,,,,,,,,,0.1957,SAFE,,0,,t414_0,0.76,NORMAL,OFFLOAD,"Budget exhausted (B=0), offloading. Original: SAFE: all tasks permitted (weight=0.76)",
1771434250.560,0.0,46.11,4.7285,1.199,42.8,3,,,0.02510,0.3521,0.0000,0.4048,0.0000,0.2510,0.3447,0.1889,SAFE,False,8,0,,,,,,window_reset|B=8
1771434250.560,0.0,,,,,,,,,,,,,,,0.1889,SAFE,,7,,t415_0,0.50,NORMAL,LOCAL,SAFE: all tasks permitted (weight=0.50),
1771434250.560,0.0,,,,,,,,,,,,,,,0.1889,SAFE,,6,,t415_1,0.29,NORMAL,LOCAL,SAFE: all tasks permitted (weight=0.29),
1771434250.560,0.0,45.42,4.7078,1.367,54.8,5,,,0.01656,0.2365,0.0000,0.4739,0.0000,0.1656,0.4584,0.1982,SAFE,False,6,2,,,,,,
1771434250.560,0.0,,,,,,,,,,,,,,,0.1982,SAFE,,5,,t416_0,0.34,NORMAL,LOCAL,SAFE: all tasks permitted (weight=0.34),
1771434250.560,0.0,,,,,,,,,,,,,,,0.1982,SAFE,,4,,t416_1,0.38,NORMAL,LOCAL,SAFE: all tasks permitted (weight=0.38),
1771434250.560,0.0,46.06,4.6382,1.502,64.4,6,,,0.02920,0.3436,0.0000,0.7059,0.0000,0.2920,0.5409,0.2704,WARNING,False,4,4,,,,,,
1771434250.561,0.0,,,,,,,,,,,,,,,0.2704,WARNING,,4,,t417_0,0.31,HIGH,OFFLOAD,WARNING: heavy task offloaded (weight=0.31 >= 0.3),
1771434250.561,0.0,,,,,,,,,,,,,,,0.2704,WARNING,,3,,t417_1,0.16,NORMAL,LOCAL,WARNING: lightweight task permitted (weight=0.16 < 0.3),
1771434250.561,0.0,,,,,,,,,,,,,,,0.2704,WARNING,,3,,t417_2,0.90,HIGH,OFFLOAD,WARNING: heavy task offloaded (weight=0.90 >= 0.3),
1771434250.561,0.0,46.18,4.6546,1.482,63.0,6,38746.749,-84.36707,0.03396,0.3627,1.0000,0.6512,1.0000,0.3396,0.5312,0.7184,CRITICAL,False,3,5,,,,,,
1771434250.561,0.0,,,,,,,,,,,,,,,0.7184,CRITICAL,,3,,t418_0,0.47,LOW,OFFLOAD,CRITICAL: non-critical task offloaded (priority=LOW),
1771434250.561,0.0,45.91,4.6949,1.424,58.8,5,-8799.264,-14.12105,0.03259,0.3187,0.0000,0.5171,1.0000,0.3259,0.4868,0.4354,CRITICAL,False,3,5,,,,,,
1771434250.561,0.0,,,,,,,,,,,,,,,0.4354,CRITICAL,,3,,t419_0,0.31,LOW,OFFLOAD,CRITICAL: non-critical task offloaded (priority=LOW),
1771434250.561,0.0,,,,,,,,,,,,,,,0.4354,CRITICAL,,3,,t419_1,0.66,HIGH,OFFLOAD,CRITICAL: non-critical task offloaded (priority=HIGH),
1771434250.561,0.0,,,,,,,,,,,,,,,0.4354,CRITICAL,,3,,t419_2,0.30,NORMAL,OFFLOAD,CRITICAL: non-critical task offloaded (priority=NORMAL),
1771434250.561,0.0,,,,,,,,,,,,,,,0.4354,CRITICAL,,3,,t419_3,0.22,HIGH,OFFLOAD,CRITICAL: non-critical task offloaded (priority=HIGH),
1771434250.561,0.0,,,,,,,,,,,,,,,0.4354,CRITICAL,,2,,t419_4,0.44,CRITICAL,LOCAL,CRITICAL: mission-critical task permitted locally (priority=CRITICAL),
1771434250.561,0.0,46.71,4.7023,1.484,63.2,6,48225.494,-26.05708,0.03266,0.4513,1.0000,0.4923,1.0000,0.3266,0.5321,0.7072,CRITICAL,False,2,6,,,,,,
1771434250.561,0.0,,,,,,,,,,,,,,,0.7072,CRITICAL,,2,,t420_0,0.84,NORMAL,OFFLOAD,CRITICAL: non-critical task offloaded (priority=NORMAL),
1771434250.561,0.0,,,,,,,,,,,,,,,0.7072,CRITICAL,,1,,t420_1,0.80,CRITICAL,LOCAL,CRITICAL: mission-critical task permitted locally (priority=CRITICAL),
1771434250.561,0.0,,,,,,,,,,,,,,,0.7072,CRITICAL,,1,,t420_2,0.70,HIGH,OFFLOAD,CRITICAL: non-critical task offloaded (priority=HIGH),
1771434250.561,0.0,,,,,,,,,,,,,,,0.7072,CRITICAL,,0,,t420_3,0.90,CRITICAL,LOCAL,CRITICAL: mission-critical task permitted locally (priority=CRITICAL),
1771434250.561,0.0,46.56,4.5599,1.867,90.5,8,52959.607,-168.05999,0.05141,0.4259,1.0000,0.9671,1.0000,0.5141,0.7536,0.8290,CRITICAL,False,0,8,,,,,,
1771434250.561,0.0,,,,,,,,,,,,,,,0.8290,CRITICAL,,0,,t421_0,0.36,CRITICAL,OFFLOAD,"Budget exhausted (B=0), offloading. Original: CRITICAL: mission-critical task permitted locally (priority=CRITICAL)",
1771434250.561,0.0,,,,,,,,,,,,,,,0.8290,CRITICAL,,0,,t421_1,0.82,LOW,OFFLOAD,CRITICAL: non-critical task offloaded (priority=LOW),
1771434250.561,0.0,46.99,4.6265,1.781,84.4,8,36714.462,-123.04141,0.05278,0.4977,1.0000,0.7451,1.0000,0.5278,0.7107,0.8015,CRITICAL,False,0,8,,,,,,
1771434250.561,0.0,,,,,,,,,,,,,,,0.8015,CRITICAL,,0,,t422_0,0.38,HIGH,OFFLOAD,CRITICAL: non-critical task offloaded (priority=HIGH),
1771434250.561,0.0,,,,,,,,,,,,,,,0.8015,CRITICAL,,0,,t422_1,0.70,LOW,OFFLOAD,CRITICAL: non-critical task offloaded (priority=LOW),
1771434250.561,0.0,47.07,4.6229,1.702,78.7,7,57642.102,-105.73384,0.05492,0.5120,1.0000,0.7569,1.0000,0.5492,0.6558,0.7959,CRITICAL,False,0,8,,,,,,
1771434250.561,0.0,,,,,,,,,,,,,,,0.7959,CRITICAL,,0,,t423_0,0.17,NORMAL,OFFLOAD,CRITICAL: non-critical task offloaded (priority=NORMAL),
1771434250.561,0.0,,,,,,,,,,,,,,,0.7959,CRITICAL,,0,,t423_1,0.75,NORMAL,OFFLOAD,CRITICAL: non-critical task offloaded (priority=NORMAL),
1771434250.561,0.0,,,,,,,,,,,,,,,0.7959,CRITICAL,,0,,t423_2,0.77,CRITICAL,OFFLOAD,"Budget exhausted (B=0), offloading. Original: CRITICAL: mission-critical task permitted locally (priority=CRITICAL)",
1771434250.561,0.0,47.37,4.6622,1.627,73.4,7,117466.518,-45.68416,0.05292,0.5624,1.0000,0.6260,1.0000,0.5292,0.6187,0.7755,CRITICAL,False,0,8,,,,,,
1771434250.561,0.0,,,,,,,,,,,,,,,0.7755,CRITICAL,,0,,t424_0,0.43,LOW,OFFLOAD,CRITICAL: non-critical task offloaded (priority=LOW),
1771434250.561,0.0,,,,,,,,,,,,,,,0.7755,CRITICAL,,0,,t424_1,0.49,HIGH,OFFLOAD,CRITICAL: non-critical task offloaded (priority=HIGH),
1771434250.561,0.0,47.13,4.6415,1.559,68.5,6,64136.115,3.23976,0.05080,0.5216,1.0000,0.6951,0.0000,0.5080,0.5693,0.5676,CRITICAL,False,0,8,,,,,,
1771434250.561,0.0,,,,,,,,,,,,,,,0.5676,CRITICAL,,0,,t425_0,0.26,NORMAL,OFFLOAD,CRITICAL: non-critical task offloaded (priority=NORMAL),
1771434250.561,0.0,47.75,4.6790,1.494,63.9,6,,,0.04447,0.6247,0.0000,0.5701,0.0000,0.4447,0.5372,0.3010,WARNING,False,0,8,,,,,,
1771434250.561,0.0,,,,,,,,,,,,,,,0.3010,WARNING,,0,,t426_0,0.20,HIGH,OFFLOAD,"Budget exhausted (B=0), offloading. Original: WARNING: lightweight task permitted (weight=0.20 < 0.3)",
1771434250.561,0.0,,,,,,,,,,,,,,,0.3010,WARNING,,0,,t426_1,0.34,HIGH,OFFLOAD,WARNING: heavy task offloaded (weight=0.34 >= 0.3),
1771434250.561,0.0,47.53,4.7181,1.435,59.6,5,,,0.04319,0.5890,0.0000,0.4397,0.0000,0.4319,0.4923,0.2695,WARNING,False,0,8,,,,,,
1771434250.561,0.0,,,,,,,,,,,,,,,0.2695,WARNING,,0,,t427_0,0.72,NORMAL,OFFLOAD,WARNING: heavy task offloaded (weight=0.72 >= 0.3),
1771434250.561,0.0,,,,,,,,,,,,,,,0.2695,WARNING,,0,,t427_1,0.34,NORMAL,OFFLOAD,WARNING: heavy task offloaded (weight=0.34 >= 0.3),
1771434250.561,0.0,,,,,,,,,,,,,,,0.2695,WARNING,,0,,t427_2,0.16,LOW,OFFLOAD,"Budget exhausted (B=0), offloading. Original: WARNING: lightweight task permitted (weight=0.16 < 0.3)",
1771434250.561,0.0,,,,,,,,,,,,,,,0.2695,WARNING,,0,,t427_3,0.72,HIGH,OFFLOAD,WARNING: heavy task offloaded (weight=0.72 >= 0.3),
1771434250.561,0.0,,,,,,,,,,,,,,,0.2695,WARNING,,0,,t427_4,0.68,NORMAL,OFFLOAD,WARNING: heavy task offloaded (weight=0.68 >= 0.3),
1771434250.561,0.0,,,,,,,,,,,,,,,0.2695,WARNING,,0,,t427_5,0.35,NORMAL,OFFLOAD,WARNING: heavy task offloaded (weight=0.35 >= 0.3),
1771434250.561,0.0,48.11,4.6867,1.379,55.7,5,,,0.04157,0.6843,0.0000,0.5443,0.0000,0.4157,0.4646,0.2874,WARNING,False,7,0,,,,,,window_reset|B=7
1771434250.561,0.0,,,,,,,,,,,,,,,0.2874,WARNING,,7,,t428_0,0.40,NORMAL,OFFLOAD,WARNING: heavy task offloaded (weight=0.40 >= 0.3),
1771434250.561,0.0,,,,,,,,,,,,,,,0.2874,WARNING,,7,,t428_1,0.73,NORMAL,OFFLOAD,WARNING: heavy task offloaded (weight=0.73 >= 0.3),
1771434250.561,0.0,47.37,4.7131,1.328,52.0,4,,,0.04381,0.5624,0.0000,0.4562,0.0000,0.4381,0.4238,0.2554,WARNING,False,7,0,,,,,,
1771434250.561,0.0,,,,,,,,,,,,,,,0.2554,WARNING,,7,,t429_0,0.88,NORMAL,OFFLOAD,WARNING: heavy task offloaded (weight=0.88 >= 0.3),
1771434250.561,0.0,,,,,,,,,,,,,,,0.2554,WARNING,,7,,t429_1,0.63,NORMAL,OFFLOAD,WARNING: heavy task offloaded (weight=0.63 >= 0.3),
1771434250.561,0.0,,,,,,,,,,,,,,,0.2554,WARNING,,7,,t429_2,0.52,HIGH,OFFLOAD,WARNING: heavy task offloaded (weight=0.52 >= 0.3),
1771434250.561,0.0,47.86,4.7250,1.280,48.5,4,,,0.04683,0.6425,0.0000,0.4168,0.0000,0.4683,0.3998,0.2581,WARNING,False,7,0,,,,,,
1771434250.561,0.0,,,,,,,,,,,,,,,0.2581,WARNING,,7,,t430_0,0.65,LOW,OFFLOAD,WARNING: heavy task offloaded (weight=0.65 >= 0.3),
1771434250.562,0.0,,,,,,,,,,,,,,,0.2581,WARNING,,7,,t430_1,0.75,NORMAL,OFFLOAD,WARNING: heavy task offloaded (weight=0.75 >= 0.3),
1771434250.562,0.0,,,,,,,,,,,,,,,0.2581,WARNING,,7,,t430_2,0.76,NORMAL,OFFLOAD,WARNING: heavy task offloaded (weight=0.76 >= 0.3),
1771434250.562,0.0,46.66,4.7211,1.235,45.4,4,-24524.664,98.15741,0.04856,0.4439,0.0000,0.4297,0.0000,0.4856,0.3775,0.2332,WARNING,False,7,0,,,,,,
1771434250.562,0.0,,,,,,,,,,,,,,,0.2332,WARNING,,7,,t431_0,0.90,CRITICAL,OFFLOAD,WARNING: heavy task offloaded (weight=0.90 >= 0.3),
1771434250.562,0.0,,,,,,,,,,,,,,,0.2332,WARNING,,7,,t431_1,0.32,NORMAL,OFFLOAD,WARNING: heavy task offloaded (weight=0.32 >= 0.3),
1771434250.562,0.0,46.69,4.7691,1.193,42.4,3,-41214.490,106.83509,0.05514,0.4479,0.0000,0.2698,0.0000,0.5514,0.3417,0.2123,WARNING,False,7,0,,,,,,
1771434250.562,0.0,,,,,,,,,,,,,,,0.2123,WARNING,,7,,t432_0,0.68,LOW,OFFLOAD,WARNING: heavy task offloaded (weight=0.68 >= 0.3),
1771434250.562,0.0,,,,,,,,,,,,,,,0.2123,WARNING,,7,,t432_1,0.36,HIGH,OFFLOAD,WARNING: heavy task offloaded (weight=0.36 >= 0.3),
1771434250.562,0.0,,,,,,,,,,,,,,,0.2123,WARNING,,7,,t432_2,0.89,HIGH,OFFLOAD,WARNING: heavy task offloaded (weight=0.89 >= 0.3),
1771434250.562,0.0,46.59,4.7382,1.155,39.6,3,-32424.038,96.75549,0.04457,0.4315,0.0000,0.3726,0.0000,0.4457,0.3224,0.2093,WARNING,False,7,0,,,,,,
1771434250.562,0.0,,,,,,,,,,,,,,,0.2093,WARNING,,7,,t433_0,0.59,NORMAL,OFFLOAD,WARNING: heavy task offloaded (weight=0.59 >= 0.3),
1771434250.562,0.0,,,,,,,,,,,,,,,0.2093,WARNING,,7,,t433_1,0.42,NORMAL,OFFLOAD,WARNING: heavy task offloaded (weight=0.42 >= 0.3),
1771434250.562,0.0,,,,,,,,,,,,,,,0.2093,WARNING,,7,,t433_2,0.56,HIGH,OFFLOAD,WARNING: heavy task offloaded (weight=0.56 >= 0.3),
1771434250.562,0.0,,,,,,,,,,,,,,,0.2093,WARNING,,6,,t433_3,0.26,LOW,LOCAL,WARNING: lightweight task permitted (weight=0.26 < 0.3),
1771434250.562,0.0,,,,,,,,,,,,,,,0.2093,WARNING,,5,,t433_4,0.17,LOW,LOCAL,WARNING: lightweight task permitted (weight=0.17 < 0.3),
1771434250.562,0.0,,,,,,,,,,,,,,,0.2093,WARNING,,5,,t433_5,0.62,NORMAL,OFFLOAD,WARNING: heavy task offloaded (weight=0.62 >= 0.3),
1771434250.562,0.0,46.58,4.7250,1.233,45.2,4,-69890.157,45.98512,0.04066,0.4305,0.0000,0.4168,0.0000,0.4066,0.3763,0.2218,WARNING,False,5,2,,,,,,
1771434250.562,0.0,,,,,,,,,,,,,,,0.2218,WARNING,,5,,t434_0,0.61,NORMAL,OFFLOAD,WARNING: heavy task offloaded (weight=0.61 >= 0.3),
1771434250.562,0.0,,,,,,,,,,,,,,,0.2218,WARNING,,5,,t434_1,0.39,HIGH,OFFLOAD,WARNING: heavy task offloaded (weight=0.39 >= 0.3),
1771434250.562,0.0,,,,,,,,,,,,,,,0.2218,WARNING,,5,,t434_2,0.44,NORMAL,OFFLOAD,WARNING: heavy task offloaded (weight=0.44 >= 0.3),
1771434250.562,0.0,,,,,,,,,,,,,,,0.2218,WARNING,,5,,t434_3,0.51,NORMAL,OFFLOAD,WARNING: heavy task offloaded (weight=0.51 >= 0.3),
1771434250.562,0.0,46.31,4.7580,1.191,42.2,3,-73196.087,39.93467,0.03617,0.3856,0.0000,0.3066,0.0000,0.3617,0.3407,0.1904,WARNING,False,5,2,,,,,,
1771434250.562,0.0,,,,,,,,,,,,,,,0.1904,WARNING,,5,,t435_0,0.87,HIGH,OFFLOAD,WARNING: heavy task offloaded (weight=0.87 >= 0.3),
1771434250.562,0.0,,,,,,,,,,,,,,,0.1904,WARNING,,5,,t435_1,0.82,CRITICAL,OFFLOAD,WARNING: heavy task offloaded (weight=0.82 >= 0.3),
1771434250.562,0.0,,,,,,,,,,,,,,,0.1904,WARNING,,5,,t435_2,0.33,NORMAL,OFFLOAD,WARNING: heavy task offloaded (weight=0.33 >= 0.3),
1771434250.562,0.0,,,,,,,,,,,,,,,0.1904,WARNING,,4,,t435_3,0.29,LOW,LOCAL,WARNING: lightweight task permitted (weight=0.29 < 0.3),
1771434250.562,0.0,,,,,,,,,,,,,,,0.1904,WARNING,,4,,t435_4,0.36,NORMAL,OFFLOAD,WARNING: heavy task offloaded (weight=0.36 >= 0.3),
1771434250.562,0.0,46.53,4.7523,1.229,45.0,4,-94482.824,65.58915,0.03449,0.4218,0.0000,0.3256,0.0000,0.3449,0.3747,0.2024,WARNING,False,4,3,,,,,,
1771434250.562,0.0,,,,,,,,,,,,,,,0.2024,WARNING,,4,,t436_0,0.55,NORMAL,OFFLOAD,WARNING: heavy task offloaded (weight=0.55 >= 0.3),
1771434250.562,0.0,46.07,4.7538,1.188,42.0,3,-77972.718,40.67428,0.02652,0.3458,0.0000,0.3206,0.0000,0.2652,0.3391,0.1775,SAFE,False,4,3,,,,,,
1771434250.562,0.0,,,,,,,,,,,,,,,0.1775,SAFE,,3,,t437_0,0.47,CRITICAL,LOCAL,SAFE: all tasks permitted (weight=0.47),
1771434250.562,0.0,,,,,,,,,,,,,,,0.1775,SAFE,,2,,t437_1,0.71,NORMAL,LOCAL,SAFE: all tasks permitted (weight=0.71),
1771434250.562,0.0,46.89,4.7024,1.458,61.3,5,-58194.653,-22.52689,0.02351,0.4808,0.0000,0.4919,1.0000,0.2351,0.5041,0.4460,WARNING,False,2,5,,,,,,
1771434250.562,0.0,,,,,,,,,,,,,,,0.4460,WARNING,,2,,t438_0,0.71,LOW,OFFLOAD,WARNING: heavy task offloaded (weight=0.71 >= 0.3),
1771434250.562,0.0,,,,,,,,,,,,,,,0.4460,WARNING,,2,,t438_1,0.37,HIGH,OFFLOAD,WARNING: heavy task offloaded (weight=0.37 >= 0.3),
1771434250.562,0.0,46.48,4.6681,1.401,57.2,5,,,0.02907,0.4132,0.0000,0.6064,0.0000,0.2907,0.4755,0.2526,WARNING,False,2,5,,,,,,
1771434250.562,0.0,,,,,,,,,,,,,,,0.2526,WARNING,,2,,t439_0,0.73,LOW,OFFLOAD,WARNING: heavy task offloaded (weight=0.73 >= 0.3),
1771434250.562,0.0,,,,,,,,,,,,,,,0.2526,WARNING,,2,,t439_1,0.84,NORMAL,OFFLOAD,WARNING: heavy task offloaded (weight=0.84 >= 0.3),
1771434250.562,0.0,,,,,,,,,,,,,,,0.2526,WARNING,,2,,t439_2,0.90,LOW,OFFLOAD,WARNING: heavy task offloaded (weight=0.90 >= 0.3),
1771434250.562,0.0,46.65,4.7157,1.348,53.4,5,,,0.02682,0.4423,0.0000,0.4478,0.0000,0.2682,0.4490,0.2279,WARNING,False,2,5,,,,,,
1771434250.562,0.0,,,,,,,,,,,,,,,0.2279,WARNING,,1,,t440_0,0.24,LOW,LOCAL,WARNING: lightweight task permitted (weight=0.24 < 0.3),
1771434250.562,0.0,,,,,,,,,,,,,,,0.2279,WARNING,,1,,t440_1,0.33,HIGH,OFFLOAD,WARNING: heavy task offloaded (weight=0.33 >= 0.3),
1771434250.562,0.0,,,,,,,,,,,,,,,0.2279,WARNING,,1,,t440_2,0.45,LOW,OFFLOAD,WARNING: heavy task offloaded (weight=0.45 >= 0.3),
1771434250.562,0.0,46.58,4.7216,1.361,54.3,5,,,0.02651,0.4307,0.0000,0.4280,0.0000,0.2651,0.4554,0.2249,WARNING,False,7,0,,,,,,window_reset|B=7
1771434250.562,0.0,,,,,,,,,,,,,,,0.2249,WARNING,,7,,t441_0,0.71,HIGH,OFFLOAD,WARNING: heavy task offloaded (weight=0.71 >= 0.3),
1771434250.562,0.0,46.59,4.6987,1.311,50.8,4,,,0.02783,0.4320,0.0000,0.5045,0.0000,0.2783,0.4153,0.2283,WARNING,False,7,0,,,,,,
1771434250.562,0.0,,,,,,,,,,,,,,,0.2283,WARNING,,7,,t442_0,0.40,LOW,OFFLOAD,WARNING: heavy task offloaded (weight=0.40 >= 0.3),
1771434250.562,0.0,,,,,,,,,,,,,,,0.2283,WARNING,,6,,t442_1,0.17,NORMAL,LOCAL,WARNING: lightweight task permitted (weight=0.17 < 0.3),
1771434250.562,0.0,,,,,,,,,,,,,,,0.2283,WARNING,,6,,t442_2,0.48,HIGH,OFFLOAD,WARNING: heavy task offloaded (weight=0.48 >= 0.3),
1771434250.562,0.0,46.46,4.7369,1.309,50.6,4,,,0.02789,0.4095,0.0000,0.3769,0.0000,0.2789,0.4145,0.2089,WARNING,False,6,1,,,,,,
1771434250.562,0.0,,,,,,,,,,,,,,,0.2089,WARNING,,6,,t443_0,0.89,NORMAL,OFFLOAD,WARNING: heavy task offloaded (weight=0.89 >= 0.3),
1771434250.562,0.0,46.11,4.7244,1.262,47.3,4,,,0.02504,0.3519,0.0000,0.4188,0.0000,0.2504,0.3912,0.1999,WARNING,False,6,1,,,,,,
1771434250.562,0.0,,,,,,,,,,,,,,,0.1999,WARNING,,6,,t444_0,0.64,NORMAL,OFFLOAD,WARNING: heavy task offloaded (weight=0.64 >= 0.3),
1771434250.562,0.0,45.98,4.7689,1.219,44.2,4,,,0.02772,0.3306,0.0000,0.2704,0.0000,0.2772,0.3695,0.1764,SAFE,False,6,1,,,,,,
1771434250.563,0.0,,,,,,,,,,,,,,,0.1764,SAFE,,5,,t445_0,0.69,HIGH,LOCAL,SAFE: all tasks permitted (weight=0.69),
1771434250.563,0.0,45.85,4.7085,1.358,54.2,5,-62353.919,6.05670,0.02820,0.3077,0.0000,0.4717,0.0000,0.2820,0.4542,0.2173,SAFE,False,5,2,,,,,,
1771434250.563,0.0,,,,,,,,,,,,,,,0.2173,SAFE,,4,,t446_0,0.77,NORMAL,LOCAL,SAFE: all tasks permitted (weight=0.77),
1771434250.563,0.0,,,,,,,,,,,,,,,0.2173,SAFE,,3,,t446_1,0.18,HIGH,LOCAL,SAFE: all tasks permitted (weight=0.18),
1771434250.563,0.0,,,,,,,,,,,,,,,0.2173,SAFE,,2,,t446_2,0.61,HIGH,LOCAL,SAFE: all tasks permitted (weight=0.61),
1771434250.563,0.0,45.85,4.6302,1.716,79.7,7,-37653.436,-37.90684,0.03683,0.3086,0.0000,0.7327,1.0000,0.3683,0.6628,0.5017,WARNING,False,2,5,,,,,,
1771434250.563,0.0,,,,,,,,,,,,,,,0.5017,WARNING,,2,,t447_0,0.35,NORMAL,OFFLOAD,WARNING: heavy task offloaded (weight=0.35 >= 0.3),
1771434250.563,0.0,,,,,,,,,,,,,,,0.5017,WARNING,,2,,t447_1,0.41,LOW,OFFLOAD,WARNING: heavy task offloaded (weight=0.41 >= 0.3),
1771434250.563,0.0,,,,,,,,,,,,,,,0.5017,WARNING,,2,,t447_2,0.78,NORMAL,OFFLOAD,WARNING: heavy task offloaded (weight=0.78 >= 0.3),
1771434250.563,0.0,47.46,4.6213,1.640,74.3,7,48646.144,-94.34135,0.04306,0.5774,1.0000,0.7622,1.0000,0.4306,0.6252,0.7865,CRITICAL,False,2,5,,,,,,
1771434250.563,0.0,,,,,,,,,,,,,,,0.7865,CRITICAL,,2,,t448_0,0.76,LOW,OFFLOAD,CRITICAL: non-critical task offloaded (priority=LOW),
1771434250.563,0.0,,,,,,,,,,,,,,,0.7865,CRITICAL,,2,,t448_1,0.52,LOW,OFFLOAD,CRITICAL: non-critical task offloaded (priority=LOW),
1771434250.563,0.0,,,,,,,,,,,,,,,0.7865,CRITICAL,,1,,t448_2,0.16,CRITICAL,LOCAL,CRITICAL: mission-critical task permitted locally (priority=CRITICAL),
1771434250.563,0.0,,,,,,,,,,,,,,,0.7865,CRITICAL,,0,,t448_3,0.75,CRITICAL,LOCAL,CRITICAL: mission-critical task permitted locally (priority=CRITICAL),
1771434250.563,0.0,,,,,,,,,,,,,,,0.7865,CRITICAL,,0,,t448_4,0.20,NORMAL,OFFLOAD,CRITICAL: non-critical task offloaded (priority=NORMAL),
1771434250.563,0.0,46.96,4.6191,1.808,86.3,8,22359.548,-102.53130,0.04612,0.4928,1.0000,0.7697,1.0000,0.4612,0.7238,0.8001,CRITICAL,False,0,7,,,,,,
1771434250.563,0.0,,,,,,,,,,,,,,,0.8001,CRITICAL,,0,,t449_0,0.51,CRITICAL,OFFLOAD,"Budget exhausted (B=0), offloading. Original: CRITICAL: mission-critical task permitted locally (priority=CRITICAL)",
1771434250.563,0.0,47.84,4.6106,1.726,80.4,7,74940.939,-88.12680,0.05125,0.6401,1.0000,0.7981,1.0000,0.5125,0.6680,0.8154,CRITICAL,False,0,7,,,,,,
1771434250.563,0.0,,,,,,,,,,,,,,,0.8154,CRITICAL,,0,,t450_0,0.75,NORMAL,OFFLOAD,CRITICAL: non-critical task offloaded (priority=NORMAL),
1771434250.563,0.0,,,,,,,,,,,,,,,0.8154,CRITICAL,,0,,t450_1,0.37,HIGH,OFFLOAD,CRITICAL: non-critical task offloaded (priority=HIGH),
1771434250.563,0.0,47.65,4.6483,1.650,75.0,7,71903.509,-88.59664,0.05209,0.6091,1.0000,0.6722,1.0000,0.5209,0.6301,0.7886,CRITICAL,False,0,7,,,,,,
1771434250.563,0.0,,,,,,,,,,,,,,,0.7886,CRITICAL,,0,,t451_0,0.21,NORMAL,OFFLOAD,CRITICAL: non-critical task offloaded (priority=NORMAL),
1771434250.563,0.0,47.92,4.6379,1.580,70.0,6,108293.867,-86.46076,0.05254,0.6526,1.0000,0.7069,1.0000,0.5254,0.5798,0.7887,CRITICAL,False,0,7,,,,,,
1771434250.563,0.0,,,,,,,,,,,,,,,0.7887,CRITICAL,,0,,t452_0,0.49,CRITICAL,OFFLOAD,"Budget exhausted (B=0), offloading. Original: CRITICAL: mission-critical task permitted locally (priority=CRITICAL)",
1771434250.563,0.0,,,,,,,,,,,,,,,0.7887,CRITICAL,,0,,t452_1,0.66,LOW,OFFLOAD,CRITICAL: non-critical task offloaded (priority=LOW),
1771434250.563,0.0,48.06,4.6418,1.514,65.3,6,124428.562,-127.13805,0.05154,0.6761,1.0000,0.6941,1.0000,0.5154,0.5470,0.7823,CRITICAL,False,0,7,,,,,,
1771434250.563,0.0,,,,,,,,,,,,,,,0.7823,CRITICAL,,0,,t453_0,0.40,NORMAL,OFFLOAD,CRITICAL: non-critical task offloaded (priority=NORMAL),
1771434250.563,0.0,47.77,4.6721,1.453,60.9,5,,,0.05085,0.6278,0.0000,0.5930,0.0000,0.5085,0.5015,0.3036,WARNING,False,6,0,,,,,,window_reset|B=6
1771434250.563,0.0,,,,,,,,,,,,,,,0.3036,WARNING,,6,,t454_0,0.65,CRITICAL,OFFLOAD,WARNING: heavy task offloaded (weight=0.65 >= 0.3),
1771434250.563,0.0,,,,,,,,,,,,,,,0.3036,WARNING,,6,,t454_1,0.87,NORMAL,OFFLOAD,WARNING: heavy task offloaded (weight=0.87 >= 0.3),
1771434250.563,0.0,,,,,,,,,,,,,,,0.3036,WARNING,,6,,t454_2,0.80,NORMAL,OFFLOAD,WARNING: heavy task offloaded (weight=0.80 >= 0.3),
1771434250.563,0.0,47.91,4.7148,1.396,56.9,5,,,0.04869,0.6522,0.0000,0.4506,0.0000,0.4869,0.4731,0.2801,WARNING,False,6,0,,,,,,
1771434250.563,0.0,,,,,,,,,,,,,,,0.2801,WARNING,,6,,t455_0,0.43,LOW,OFFLOAD,WARNING: heavy task offloaded (weight=0.43 >= 0.3),
1771434250.563,0.0,,,,,,,,,,,,,,,0.2801,WARNING,,6,,t455_1,0.44,NORMAL,OFFLOAD,WARNING: heavy task offloaded (weight=0.44 >= 0.3),
1771434250.563,0.0,47.71,4.7316,1.343,53.1,5,,,0.04944,0.6176,0.0000,0.3946,0.0000,0.4944,0.4467,0.2642,WARNING,False,6,0,,,,,,
1771434250.563,0.0,,,,,,,,,,,,,,,0.2642,WARNING,,6,,t456_0,0.63,LOW,OFFLOAD,WARNING: heavy task offloaded (weight=0.63 >= 0.3),
1771434250.563,0.0,,,,,,,,,,,,,,,0.2642,WARNING,,6,,t456_1,0.84,CRITICAL,OFFLOAD,WARNING: heavy task offloaded (weight=0.84 >= 0.3),
1771434250.563,0.0,,,,,,,,,,,,,,,0.2642,WARNING,,6,,t456_2,0.85,LOW,OFFLOAD,WARNING: heavy task offloaded (weight=0.85 >= 0.3),
1771434250.563,0.0,47.63,4.7274,1.294,49.6,4,,,0.04327,0.6058,0.0000,0.4087,0.0000,0.4327,0.4071,0.2505,WARNING,False,6,0,,,,,,
1771434250.563,0.0,,,,,,,,,,,,,,,0.2505,WARNING,,5,,t457_0,0.29,NORMAL,LOCAL,WARNING: lightweight task permitted (weight=0.29 < 0.3),
1771434250.563,0.0,,,,,,,,,,,,,,,0.2505,WARNING,,4,,t457_1,0.16,CRITICAL,LOCAL,WARNING: lightweight task permitted (weight=0.16 < 0.3),
1771434250.563,0.0,,,,,,,,,,,,,,,0.2505,WARNING,,4,,t457_2,0.85,NORMAL,OFFLOAD,WARNING: heavy task offloaded (weight=0.85 >= 0.3),
1771434250.563,0.0,47.58,4.7620,1.365,54.6,5,,,0.04991,0.5963,0.0000,0.2934,0.0000,0.4991,0.4574,0.2511,WARNING,False,4,2,,,,,,
1771434250.563,0.0,,,,,,,,,,,,,,,0.2511,WARNING,,4,,t458_0,0.59,LOW,OFFLOAD,WARNING: heavy task offloaded (weight=0.59 >= 0.3),
1771434250.563,0.0,48.09,4.7287,1.314,51.0,4,,,0.05108,0.6810,0.0000,0.4045,0.0000,0.5108,0.4171,0.2688,WARNING,False,4,2,,,,,,
1771434250.563,0.0,,,,,,,,,,,,,,,0.2688,WARNING,,4,,t459_0,0.39,LOW,OFFLOAD,WARNING: heavy task offloaded (weight=0.39 >= 0.3),
1771434250.563,0.0,,,,,,,,,,,,,,,0.2688,WARNING,,3,,t459_1,0.27,NORMAL,LOCAL,WARNING: lightweight task permitted (weight=0.27 < 0.3),
1771434250.563,0.0,47.03,4.6926,1.338,52.7,4,,,0.04842,0.5047,0.0000,0.5247,0.0000,0.4842,0.4291,0.2630,WARNING,False,3,3,,,,,,
1771434250.563,0.0,,,,,,,,,,,,,,,0.2630,WARNING,,3,,t460_0,0.66,LOW,OFFLOAD,WARNING: heavy task offloaded (weight=0.66 >= 0.3),
1771434250.563,0.0,,,,,,,,,,,,,,,0.2630,WARNING,,3,,t460_1,0.77,HIGH,OFFLOAD,WARNING: heavy task offloaded (weight=0.77 >= 0.3),
1771434250.563,0.0,,,,,,,,,,,,,,,0.2630,WARNING,,3,,t460_2,0.72,NORMAL,OFFLOAD,WARNING: heavy task offloaded (weight=0.72 >= 0.3),
1771434250.563,0.0,,,,,,,,,,,,,,,0.2630,WARNING,,3,,t460_3,0.67,LOW,OFFLOAD,WARNING: heavy task offloaded (weight=0.67 >= 0.3),
1771434250.563,0.0,47.11,4.7555,1.289,49.2,4,,,0.04828,0.5180,0.0000,0.3149,0.0000,0.4828,0.4047,0.2323,WARNING,False,3,3,,,,,,
1771434250.563,0.0,,,,,,,,,,,,,,,0.2323,WARNING,,3,,t461_0,0.73,NORMAL,OFFLOAD,WARNING: heavy task offloaded (weight=0.73 >= 0.3),
1771434250.563,0.0,,,,,,,,,,,,,,,0.2323,WARNING,,3,,t461_1,0.70,CRITICAL,OFFLOAD,WARNING: heavy task offloaded (weight=0.70 >= 0.3),
1771434250.563,0.0,,,,,,,,,,,,,,,0.2323,WARNING,,3,,t461_2,0.48,HIGH,OFFLOAD,WARNING: heavy task offloaded (weight=0.48 >= 0.3),
1771434250.563,0.0,,,,,,,,,,,,,,,0.2323,WARNING,,3,,t461_3,0.76,NORMAL,OFFLOAD,WARNING: heavy task offloaded (weight=0.76 >= 0.3),
1771434250.563,0.0,,,,,,,,,,,,,,,0.2323,WARNING,,3,,t461_4,0.55,HIGH,OFFLOAD,WARNING: heavy task offloaded (weight=0.55 >= 0.3),
1771434250.563,0.0,,,,,,,,,,,,,,,0.2323,WARNING,,3,,t461_5,0.79,LOW,OFFLOAD,WARNING: heavy task offloaded (weight=0.79 >= 0.3),
1771434250.563,0.0,47.40,4.7573,1.244,46.0,4,,,0.04410,0.5670,0.0000,0.3089,0.0000,0.4410,0.3821,0.2287,WARNING,False,3,3,,,,,,
1771434250.563,0.0,,,,,,,,,,,,,,,0.2287,WARNING,,3,,t462_0,0.70,HIGH,OFFLOAD,WARNING: heavy task offloaded (weight=0.70 >= 0.3),
1771434250.563,0.0,47.05,4.7498,1.202,43.0,4,,,0.04194,0.5090,0.0000,0.3339,0.0000,0.4194,0.3610,0.2186,WARNING,False,3,3,,,,,,
1771434250.563,0.0,,,,,,,,,,,,,,,0.2186,WARNING,,3,,t463_0,0.61,LOW,OFFLOAD,WARNING: heavy task offloaded (weight=0.61 >= 0.3),
1771434250.563,0.0,,,,,,,,,,,,,,,0.2186,WARNING,,3,,t463_1,0.77,LOW,OFFLOAD,WARNING: heavy task offloaded (weight=0.77 >= 0.3),
1771434250.563,0.0,,,,,,,,,,,,,,,0.2186,WARNING,,3,,t463_2,0.47,HIGH,OFFLOAD,WARNING: heavy task offloaded (weight=0.47 >= 0.3),
1771434250.563,0.0,46.93,4.7437,1.163,40.2,3,,,0.03561,0.4883,0.0000,0.3542,0.0000,0.3561,0.3264,0.2055,WARNING,False,3,3,,,,,,
1771434250.563,0.0,,,,,,,,,,,,,,,0.2055,WARNING,,2,,t464_0,0.20,NORMAL,LOCAL,WARNING: lightweight task permitted (weight=0.20 < 0.3),
1771434250.563,0.0,,,,,,,,,,,,,,,0.2055,WARNING,,2,,t464_1,0.85,NORMAL,OFFLOAD,WARNING: heavy task offloaded (weight=0.85 >= 0.3),
1771434250.563,0.0,,,,,,,,,,,,,,,0.2055,WARNING,,2,,t464_2,0.87,NORMAL,OFFLOAD,WARNING: heavy task offloaded (weight=0.87 >= 0.3),
1771434250.563,0.0,46.42,4.7538,1.179,41.4,3,,,0.02660,0.4035,0.0000,0.3208,0.0000,0.2660,0.3346,0.1836,WARNING,False,2,4,,,,,,
1771434250.563,0.0,,,,,,,,,,,,,,,0.1836,WARNING,,2,,t465_0,0.33,CRITICAL,OFFLOAD,WARNING: heavy task offloaded (weight=0.33 >= 0.3),
1771434250.563,0.0,,,,,,,,,,,,,,,0.1836,WARNING,,2,,t465_1,0.55,LOW,OFFLOAD,WARNING: heavy task offloaded (weight=0.55 >= 0.3),
1771434250.563,0.0,,,,,,,,,,,,,,,0.1836,WARNING,,2,,t465_2,0.84,NORMAL,OFFLOAD,WARNING: heavy task offloaded (weight=0.84 >= 0.3),
1771434250.563,0.0,,,,,,,,,,,,,,,0.1836,WARNING,,1,,t465_3,0.25,NORMAL,LOCAL,WARNING: lightweight task permitted (weight=0.25 < 0.3),
1771434250.563,0.0,,,,,,,,,,,,,,,0.1836,WARNING,,0,,t465_4,0.24,LOW,LOCAL,WARNING: lightweight task permitted (weight=0.24 < 0.3),
1771434250.563,0.0,46.45,4.7378,1.268,47.7,4,,,0.01940,0.4075,0.0000,0.3739,0.0000,0.1940,0.3942,0.1958,WARNING,False,0,6,,,,,,
1771434250.563,0.0,,,,,,,,,,,,,,,0.1958,WARNING,,0,,t466_0,0.65,NORMAL,OFFLOAD,WARNING: heavy task offloaded (weight=0.65 >= 0.3),
1771434250.563,0.0,,,,,,,,,,,,,,,0.1958,WARNING,,0,,t466_1,0.56,NORMAL,OFFLOAD,WARNING: heavy task offloaded (weight=0.56 >= 0.3),
1771434250.563,0.0,,,,,,,,,,,,,,,0.1958,WARNING,,0,,t466_2,0.32,LOW,OFFLOAD,WARNING: heavy task offloaded (weight=0.32 >= 0.3),
1771434250.563,0.0,,,,,,,,,,,,,,,0.1958,WARNING,,0,,t466_3,0.31,NORMAL,OFFLOAD,WARNING: heavy task offloaded (weight=0.31 >= 0.3),
1771434250.563,0.0,46.44,4.7279,1.225,44.6,4,,,0.01842,0.4069,0.0000,0.4069,0.0000,0.1842,0.3723,0.1946,WARNING,False,8,0,,,,,,window_reset|B=8
1771434250.563,0.0,,,,,,,,,,,,,,,0.1946,WARNING,,8,,t467_0,0.65,HIGH,OFFLOAD,WARNING: heavy task offloaded (weight=0.65 >= 0.3),
1771434250.563,0.0,,,,,,,,,,,,,,,0.1946,WARNING,,8,,t467_1,0.60,HIGH,OFFLOAD,WARNING: heavy task offloaded (weight=0.60 >= 0.3),
1771434250.563,0.0,,,,,,,,,,,,,,,0.1946,WARNING,,8,,t467_2,0.51,CRITICAL,OFFLOAD,WARNING: heavy task offloaded (weight=0.51 >= 0.3),
1771434250.564,0.0,46.53,4.7427,1.184,41.7,3,-19797.504,33.33049,0.01830,0.4220,0.0000,0.3578,0.0000,0.1830,0.3369,0.1828,WARNING,False,8,0,,,,,,
1771434250.564,0.0,,,,,,,,,,,,,,,0.1828,WARNING,,8,,t468_0,0.57,NORMAL,OFFLOAD,WARNING: heavy task offloaded (weight=0.57 >= 0.3),
1771434250.564,0.0,,,,,,,,,,,,,,,0.1828,WARNING,,8,,t468_1,0.37,LOW,OFFLOAD,WARNING: heavy task offloaded (weight=0.37 >= 0.3),
1771434250.564,0.0,,,,,,,,,,,,,,,0.1828,WARNING,,7,,t468_2,0.21,NORMAL,LOCAL,WARNING: lightweight task permitted (weight=0.21 < 0.3),
1771434250.564,0.0,45.84,4.7487,1.200,42.9,3,-50548.309,-4.53278,0.01803,0.3070,0.0000,0.3376,1.0000,0.1803,0.3452,0.3678,WARNING,False,7,1,,,,,,
1771434250.564,0.0,,,,,,,,,,,,,,,0.3678,WARNING,,7,,t469_0,0.68,NORMAL,OFFLOAD,WARNING: heavy task offloaded (weight=0.68 >= 0.3),
1771434250.564,0.0,,,,,,,,,,,,,,,0.3678,WARNING,,7,,t469_1,0.53,CRITICAL,OFFLOAD,WARNING: heavy task offloaded (weight=0.53 >= 0.3),
1771434250.564,0.0,45.53,4.7679,1.161,40.1,3,-74798.179,7.03067,0.01865,0.2548,0.0000,0.2737,0.0000,0.1865,0.3256,0.1499,SAFE,False,7,1,,,,,,
1771434250.564,0.0,,,,,,,,,,,,,,,0.1499,SAFE,,6,,t470_0,0.62,HIGH,LOCAL,SAFE: all tasks permitted (weight=0.62),
1771434250.564,0.0,,,,,,,,,,,,,,,0.1499,SAFE,,5,,t470_1,0.54,NORMAL,LOCAL,SAFE: all tasks permitted (weight=0.54),
1771434250.564,0.0,,,,,,,,,,,,,,,0.1499,SAFE,,4,,t470_2,0.80,NORMAL,LOCAL,SAFE: all tasks permitted (weight=0.80),
1771434250.564,0.0,45.77,4.6579,1.635,73.9,7,-51265.764,-61.15008,0.02982,0.2950,0.0000,0.6402,1.0000,0.2982,0.6225,0.4730,WARNING,False,4,4,,,,,,
1771434250.564,0.0,,,,,,,,,,,,,,,0.4730,WARNING,,4,,t471_0,0.66,HIGH,OFFLOAD,WARNING: heavy task offloaded (weight=0.66 >= 0.3),
1771434250.564,0.0,46.45,4.6575,1.566,69.0,6,-19313.784,-57.39734,0.03520,0.4077,0.0000,0.6417,1.0000,0.3520,0.5728,0.4821,WARNING,False,4,4,,,,,,
1771434250.564,0.0,,,,,,,,,,,,,,,0.4821,WARNING,,4,,t472_0,0.46,LOW,OFFLOAD,WARNING: heavy task offloaded (weight=0.46 >= 0.3),
1771434250.564,0.0,45.56,4.6720,1.501,64.4,6,-34372.943,-54.42279,0.03826,0.2600,0.0000,0.5934,1.0000,0.3826,0.5405,0.4547,WARNING,False,4,4,,,,,,
1771434250.564,0.0,,,,,,,,,,,,,,,0.4547,WARNING,,3,,t473_0,0.16,LOW,LOCAL,WARNING: lightweight task permitted (weight=0.16 < 0.3),
1771434250.564,0.0,,,,,,,,,,,,,,,0.4547,WARNING,,3,,t473_1,0.38,CRITICAL,OFFLOAD,WARNING: heavy task offloaded (weight=0.38 >= 0.3),
1771434250.564,0.0,,,,,,,,,,,,,,,0.4547,WARNING,,3,,t473_2,0.87,NORMAL,OFFLOAD,WARNING: heavy task offloaded (weight=0.87 >= 0.3),
1771434250.564,0.0,46.29,4.6918,1.483,63.1,6,-6117.261,-30.64286,0.03814,0.3820,0.0000,0.5274,1.0000,0.3814,0.5316,0.4589,WARNING,False,3,5,,,,,,
1771434250.564,0.0,,,,,,,,,,,,,,,0.4589,WARNING,,3,,t474_0,0.66,NORMAL,OFFLOAD,WARNING: heavy task offloaded (weight=0.66 >= 0.3),
1771434250.564,0.0,,,,,,,,,,,,,,,0.4589,WARNING,,3,,t474_1,0.35,NORMAL,OFFLOAD,WARNING: heavy task offloaded (weight=0.35 >= 0.3),
1771434250.564,0.0,,,,,,,,,,,,,,,0.4589,WARNING,,2,,t474_2,0.27,HIGH,LOCAL,WARNING: lightweight task permitted (weight=0.27 < 0.3),
1771434250.564,0.0,,,,,,,,,,,,,,,0.4589,WARNING,,2,,t474_3,0.87,HIGH,OFFLOAD,WARNING: heavy task offloaded (weight=0.87 >= 0.3),
1771434250.564,0.0,46.88,4.6752,1.494,63.8,6,17708.037,-35.10387,0.03900,0.4808,1.0000,0.5827,1.0000,0.3900,0.5369,0.7298,CRITICAL,False,2,6,,,,,,
1771434250.564,0.0,,,,,,,,,,,,,,,0.7298,CRITICAL,,2,,t475_0,0.80,NORMAL,OFFLOAD,CRITICAL: non-critical task offloaded (priority=NORMAL),
1771434250.564,0.0,46.77,4.6758,1.434,59.6,5,,,0.03932,0.4620,0.0000,0.5808,0.0000,0.3932,0.4921,0.2687,WARNING,False,2,6,,,,,,
1771434250.564,0.0,,,,,,,,,,,,,,,0.2687,WARNING,,1,,t476_0,0.20,HIGH,LOCAL,WARNING: lightweight task permitted (weight=0.20 < 0.3),
1771434250.564,0.0,,,,,,,,,,,,,,,0.2687,WARNING,,1,,t476_1,0.39,NORMAL,OFFLOAD,WARNING: heavy task offloaded (weight=0.39 >= 0.3),
1771434250.564,0.0,,,,,,,,,,,,,,,0.2687,WARNING,,1,,t476_2,0.77,LOW,OFFLOAD,WARNING: heavy task offloaded (weight=0.77 >= 0.3),
1771434250.564,0.0,46.39,4.6706,1.431,59.4,5,,,0.03814,0.3989,0.0000,0.5981,0.0000,0.3814,0.4907,0.2619,WARNING,False,1,7,,,,,,
1771434250.564,0.0,,,,,,,,,,,,,,,0.2619,WARNING,,1,,t477_0,0.48,LOW,OFFLOAD,WARNING: heavy task offloaded (weight=0.48 >= 0.3),
1771434250.564,0.0,,,,,,,,,,,,,,,0.2619,WARNING,,0,,t477_1,0.22,CRITICAL,LOCAL,WARNING: lightweight task permitted (weight=0.22 < 0.3),
1771434250.564,0.0,,,,,,,,,,,,,,,0.2619,WARNING,,0,,t477_2,0.55,CRITICAL,OFFLOAD,WARNING: heavy task offloaded (weight=0.55 >= 0.3),
1771434250.564,0.0,46.75,4.6955,1.434,59.6,5,,,0.03660,0.4584,0.0000,0.5149,0.0000,0.3660,0.4922,0.2570,WARNING,False,0,8,,,,,,
1771434250.564,0.0,,,,,,,,,,,,,,,0.2570,WARNING,,0,,t478_0,0.27,LOW,OFFLOAD,"Budget exhausted (B=0), offloading. Original: WARNING: lightweight task permitted (weight=0.27 < 0.3)",
1771434250.564,0.0,,,,,,,,,,,,,,,0.2570,WARNING,,0,,t478_1,0.74,LOW,OFFLOAD,WARNING: heavy task offloaded (weight=0.74 >= 0.3),
1771434250.564,0.0,,,,,,,,,,,,,,,0.2570,WARNING,,0,,t478_2,0.18,NORMAL,OFFLOAD,"Budget exhausted (B=0), offloading. Original: WARNING: lightweight task permitted (weight=0.18 < 0.3)",
1771434250.564,0.0,,,,,,,,,,,,,,,0.2570,WARNING,,0,,t478_3,0.50,LOW,OFFLOAD,WARNING: heavy task offloaded (weight=0.50 >= 0.3),
1771434250.564,0.0,,,,,,,,,,,,,,,0.2570,WARNING,,0,,t478_4,0.77,NORMAL,OFFLOAD,WARNING: heavy task offloaded (weight=0.77 >= 0.3),
1771434250.564,0.0,46.86,4.6956,1.379,55.6,5,,,0.03552,0.4772,0.0000,0.5146,0.0000,0.3552,0.4644,0.2526,WARNING,False,0,8,,,,,,
1771434250.564,0.0,,,,,,,,,,,,,,,0.2526,WARNING,,0,,t479_0,0.25,NORMAL,OFFLOAD,"Budget exhausted (B=0), offloading. Original: WARNING: lightweight task permitted (weight=0.25 < 0.3)",
1771434250.564,0.0,,,,,,,,,,,,,,,0.2526,WARNING,,0,,t479_1,0.89,HIGH,OFFLOAD,WARNING: heavy task offloaded (weight=0.89 >= 0.3),
1771434250.564,0.0,46.29,4.7232,1.327,51.9,4,,,0.03375,0.3819,0.0000,0.4226,0.0000,0.3375,0.4236,0.2193,WARNING,False,7,0,,,,,,window_reset|B=7
1771434250.564,0.0,,,,,,,,,,,,,,,0.2193,WARNING,,6,,t480_0,0.16,NORMAL,LOCAL,WARNING: lightweight task permitted (weight=0.16 < 0.3),
1771434250.564,0.0,,,,,,,,,,,,,,,0.2193,WARNING,,6,,t480_1,0.86,HIGH,OFFLOAD,WARNING: heavy task offloaded (weight=0.86 >= 0.3),
1771434250.565,0.0,46.73,4.7146,1.321,51.5,4,69641.951,42.17412,0.03031,0.4553,1.0000,0.4515,0.0000,0.3031,0.4203,0.4777,WARNING,False,6,1,,,,,,
1771434250.565,0.0,,,,,,,,,,,,,,,0.4777,WARNING,,6,,t481_0,0.54,LOW,OFFLOAD,WARNING: heavy task offloaded (weight=0.54 >= 0.3),
1771434250.565,0.0,,,,,,,,,,,,,,,0.4777,WARNING,,5,,t481_1,0.23,LOW,LOCAL,WARNING: lightweight task permitted (weight=0.23 < 0.3),
1771434250.565,0.0,,,,,,,,,,,,,,,0.4777,WARNING,,5,,t481_2,0.39,LOW,OFFLOAD,WARNING: heavy task offloaded (weight=0.39 >= 0.3),
1771434250.565,0.0,,,,,,,,,,,,,,,0.4777,WARNING,,5,,t481_3,0.57,CRITICAL,OFFLOAD,WARNING: heavy task offloaded (weight=0.57 >= 0.3),
1771434250.565,0.0,46.41,4.7203,1.333,52.3,4,7017.333,28.27677,0.02203,0.4017,1.0000,0.4323,0.0000,0.2203,0.4263,0.4617,WARNING,False,5,2,,,,,,
1771434250.565,0.0,,,,,,,,,,,,,,,0.4617,WARNING,,5,,t482_0,0.80,NORMAL,OFFLOAD,WARNING: heavy task offloaded (weight=0.80 >= 0.3),
1771434250.565,0.0,,,,,,,,,,,,,,,0.4617,WARNING,,5,,t482_1,0.70,HIGH,OFFLOAD,WARNING: heavy task offloaded (weight=0.70 >= 0.3),
1771434250.565,0.0,46.60,4.7331,1.284,48.9,4,-16990.449,57.36409,0.02338,0.4332,0.0000,0.3897,0.0000,0.2338,0.4021,0.2065,WARNING,False,5,2,,,,,,
1771434250.565,0.0,,,,,,,,,,,,,,,0.2065,WARNING,,5,,t483_0,0.41,HIGH,OFFLOAD,WARNING: heavy task offloaded (weight=0.41 >= 0.3),
1771434250.565,0.0,,,,,,,,,,,,,,,0.2065,WARNING,,5,,t483_1,0.41,NORMAL,OFFLOAD,WARNING: heavy task offloaded (weight=0.41 >= 0.3),
1771434250.565,0.0,,,,,,,,,,,,,,,0.2065,WARNING,,4,,t483_2,0.22,LOW,LOCAL,WARNING: lightweight task permitted (weight=0.22 < 0.3),
1771434250.565,0.0,45.61,4.7214,1.297,49.8,4,-69185.132,45.23810,0.02173,0.2680,0.0000,0.4285,0.0000,0.2173,0.4083,0.1913,WARNING,False,4,3,,,,,,
1771434250.565,0.0,,,,,,,,,,,,,,,0.1913,WARNING,,4,,t484_0,0.80,CRITICAL,OFFLOAD,WARNING: heavy task offloaded (weight=0.80 >= 0.3),
1771434250.565,0.0,46.39,4.7624,1.251,46.5,4,-13.172,90.93091,0.02623,0.3988,0.0000,0.2921,0.0000,0.2623,0.3854,0.1891,WARNING,False,4,3,,,,,,
1771434250.565,0.0,,,,,,,,,,,,,,,0.1891,WARNING,,4,,t485_0,0.41,HIGH,OFFLOAD,WARNING: heavy task offloaded (weight=0.41 >= 0.3),
1771434250.565,0.0,,,,,,,,,,,,,,,0.1891,WARNING,,4,,t485_1,0.48,NORMAL,OFFLOAD,WARNING: heavy task offloaded (weight=0.48 >= 0.3),
1771434250.565,0.0,45.94,4.7682,1.208,43.4,4,-47991.019,72.01112,0.03075,0.3239,0.0000,0.2726,0.0000,0.3075,0.3641,0.1779,SAFE,False,4,3,,,,,,
1771434250.565,0.0,,,,,,,,,,,,,,,0.1779,SAFE,,3,,t486_0,0.28,LOW,LOCAL,SAFE: all tasks permitted (weight=0.28),
1771434250.565,0.0,,,,,,,,,,,,,,,0.1779,SAFE,,2,,t486_1,0.60,LOW,LOCAL,SAFE: all tasks permitted (weight=0.60),
1771434250.565,0.0,,,,,,,,,,,,,,,0.1779,SAFE,,1,,t486_2,0.71,NORMAL,LOCAL,SAFE: all tasks permitted (weight=0.71),
1771434250.565,0.0,46.38,4.6648,1.583,70.2,6,-28467.072,-30.57690,0.03193,0.3974,0.0000,0.6175,1.0000,0.3193,0.5816,0.4762,WARNING,False,1,6,,,,,,
1771434250.565,0.0,,,,,,,,,,,,,,,0.4762,WARNING,,1,,t487_0,0.88,NORMAL,OFFLOAD,WARNING: heavy task offloaded (weight=0.88 >= 0.3),
1771434250.565,0.0,,,,,,,,,,,,,,,0.4762,WARNING,,1,,t487_1,0.68,HIGH,OFFLOAD,WARNING: heavy task offloaded (weight=0.68 >= 0.3),
1771434250.565,0.0,46.97,4.6514,1.517,65.5,6,40242.135,-71.13198,0.03482,0.4948,1.0000,0.6620,1.0000,0.3482,0.5487,0.7400,CRITICAL,False,1,6,,,,,,
1771434250.565,0.0,,,,,,,,,,,,,,,0.7400,CRITICAL,,1,,t488_0,0.81,HIGH,OFFLOAD,CRITICAL: non-critical task offloaded (priority=HIGH),
1771434250.565,0.0,,,,,,,,,,,,,,,0.7400,CRITICAL,,1,,t488_1,0.75,NORMAL,OFFLOAD,CRITICAL: non-critical task offloaded (priority=NORMAL),
1771434250.565,0.0,46.05,4.7161,1.456,61.1,5,,,0.03273,0.3410,0.0000,0.4462,0.0000,0.3273,0.5030,0.2323,WARNING,False,1,6,,,,,,
1771434250.565,0.0,,,,,,,,,,,,,,,0.2323,WARNING,,0,,t489_0,0.18,NORMAL,LOCAL,WARNING: lightweight task permitted (weight=0.18 < 0.3),
1771434250.565,0.0,,,,,,,,,,,,,,,0.2323,WARNING,,0,,t489_1,0.71,LOW,OFFLOAD,WARNING: heavy task offloaded (weight=0.71 >= 0.3),
1771434250.565,0.0,46.04,4.6897,1.445,60.4,5,,,0.03303,0.3393,0.0000,0.5342,0.0000,0.3303,0.4977,0.2427,WARNING,False,0,7,,,,,,
1771434250.565,0.0,,,,,,,,,,,,,,,0.2427,WARNING,,0,,t490_0,0.18,HIGH,OFFLOAD,"Budget exhausted (B=0), offloading. Original: WARNING: lightweight task permitted (weight=0.18 < 0.3)",
1771434250.565,0.0,,,,,,,,,,,,,,,0.2427,WARNING,,0,,t490_1,0.34,NORMAL,OFFLOAD,WARNING: heavy task offloaded (weight=0.34 >= 0.3),
1771434250.565,0.0,,,,,,,,,,,,,,,0.2427,WARNING,,0,,t490_2,0.37,LOW,OFFLOAD,WARNING: heavy task offloaded (weight=0.37 >= 0.3),
1771434250.566,0.0,46.88,4.6769,1.389,56.4,5,21647.379,-72.77401,0.03426,0.4796,1.0000,0.5770,1.0000,0.3426,0.4696,0.7107,CRITICAL,False,0,7,,,,,,
1771434250.566,0.0,,,,,,,,,,,,,,,0.7107,CRITICAL,,0,,t491_0,0.67,NORMAL,OFFLOAD,CRITICAL: non-critical task offloaded (priority=NORMAL),
1771434250.566,0.0,46.24,4.6971,1.337,52.6,4,49234.194,-31.56370,0.03429,0.3736,1.0000,0.5098,1.0000,0.3429,0.4285,0.6811,CRITICAL,False,0,7,,,,,,
1771434250.566,0.0,,,,,,,,,,,,,,,0.6811,CRITICAL,,0,,t492_0,0.67,HIGH,OFFLOAD,CRITICAL: non-critical task offloaded (priority=HIGH),
1771434250.566,0.0,,,,,,,,,,,,,,,0.6811,CRITICAL,,0,,t492_1,0.25,CRITICAL,OFFLOAD,"Budget exhausted (B=0), offloading. Original: CRITICAL: mission-critical task permitted locally (priority=CRITICAL)",
1771434250.566,0.0,,,,,,,,,,,,,,,0.6811,CRITICAL,,0,,t492_2,0.37,NORMAL,OFFLOAD,CRITICAL: non-critical task offloaded (priority=NORMAL),
1771434250.566,0.0,46.56,4.7331,1.288,49.2,4,12743.488,-37.90645,0.03489,0.4262,1.0000,0.3897,1.0000,0.3489,0.4041,0.6675,CRITICAL,False,3,0,,,,,,window_reset|B=3
1771434250.566,0.0,,,,,,,,,,,,,,,0.6675,CRITICAL,,3,,t493_0,0.83,LOW,OFFLOAD,CRITICAL: non-critical task offloaded (priority=LOW),
1771434250.566,0.0,,,,,,,,,,,,,,,0.6675,CRITICAL,,2,,t493_1,0.41,CRITICAL,LOCAL,CRITICAL: mission-critical task permitted locally (priority=CRITICAL),
1771434250.566,0.0,46.45,4.7336,1.350,53.6,5,39145.891,-44.86181,0.03537,0.4078,1.0000,0.3880,1.0000,0.3537,0.4500,0.6747,CRITICAL,False,2,1,,,,,,
1771434250.566,0.0,,,,,,,,,,,,,,,0.6747,CRITICAL,,1,,t494_0,0.75,CRITICAL,LOCAL,CRITICAL: mission-critical task permitted locally (priority=CRITICAL),
1771434250.566,0.0,,,,,,,,,,,,,,,0.6747,CRITICAL,,1,,t494_1,0.16,LOW,OFFLOAD,CRITICAL: non-critical task offloaded (priority=LOW),
1771434250.566,0.0,46.59,4.6614,1.497,64.0,6,15991.912,-4.31790,0.03736,0.4317,1.0000,0.6286,1.0000,0.3736,0.5383,0.7285,CRITICAL,False,1,2,,,,,,
1771434250.566,0.0,,,,,,,,,,,,,,,0.7285,CRITICAL,,1,,t495_0,0.26,NORMAL,OFFLOAD,CRITICAL: non-critical task offloaded (priority=NORMAL),
1771434250.566,0.0,,,,,,,,,,,,,,,0.7285,CRITICAL,,1,,t495_1,0.35,HIGH,OFFLOAD,CRITICAL: non-critical task offloaded (priority=HIGH),
1771434250.566,0.0,,,,,,,,,,,,,,,0.7285,CRITICAL,,1,,t495_2,0.74,LOW,OFFLOAD,CRITICAL: non-critical task offloaded (priority=LOW),
1771434250.566,0.0,,,,,,,,,,,,,,,0.7285,CRITICAL,,1,,t495_3,0.53,HIGH,OFFLOAD,CRITICAL: non-critical task offloaded (priority=HIGH),
1771434250.566,0.0,46.93,4.6786,1.437,59.8,5,-2662.993,35.17018,0.03779,0.4891,0.0000,0.5715,0.0000,0.3779,0.4934,0.2694,WARNING,False,1,2,,,,,,
1771434250.566,0.0,,,,,,,,,,,,,,,0.2694,WARNING,,1,,t496_0,0.84,NORMAL,OFFLOAD,WARNING: heavy task offloaded (weight=0.84 >= 0.3),
1771434250.566,0.0,,,,,,,,,,,,,,,0.2694,WARNING,,0,,t496_1,0.20,CRITICAL,LOCAL,WARNING: lightweight task permitted (weight=0.20 < 0.3),
1771434250.566,0.0,,,,,,,,,,,,,,,0.2694,WARNING,,0,,t496_2,0.25,LOW,OFFLOAD,"Budget exhausted (B=0), offloading. Original: WARNING: lightweight task permitted (weight=0.25 < 0.3)",
1771434250.566,0.0,46.66,4.7389,1.434,59.5,5,47612.970,29.51312,0.03517,0.4431,1.0000,0.3703,0.0000,0.3517,0.4918,0.4849,WARNING,False,0,3,,,,,,
1771434250.566,0.0,,,,,,,,,,,,,,,0.4849,WARNING,,0,,t497_0,0.33,LOW,OFFLOAD,WARNING: heavy task offloaded (weight=0.33 >= 0.3),
1771434250.566,0.0,,,,,,,,,,,,,,,0.4849,WARNING,,0,,t497_1,0.53,NORMAL,OFFLOAD,WARNING: heavy task offloaded (weight=0.53 >= 0.3),
1771434250.567,0.0,47.16,4.7168,1.378,55.6,5,43029.697,17.18195,0.02935,0.5273,1.0000,0.4441,0.0000,0.2935,0.4641,0.4932,WARNING,False,0,3,,,,,,
1771434250.567,0.0,,,,,,,,,,,,,,,0.4932,WARNING,,0,,t498_0,0.34,NORMAL,OFFLOAD,WARNING: heavy task offloaded (weight=0.34 >= 0.3),
1771434250.567,0.0,,,,,,,,,,,,,,,0.4932,WARNING,,0,,t498_1,0.41,NORMAL,OFFLOAD,WARNING: heavy task offloaded (weight=0.41 >= 0.3),
1771434250.567,0.0,46.88,4.6954,1.327,51.9,4,3.656,23.05286,0.02776,0.4796,0.7140,0.5154,0.0000,0.2776,0.4234,0.4155,WARNING,False,0,3,,,,,,
1771434250.567,0.0,,,,,,,,,,,,,,,0.4155,WARNING,,0,,t499_0,0.25,HIGH,OFFLOAD,"Budget exhausted (B=0), offloading. Original: WARNING: lightweight task permitted (weight=0.25 < 0.3)",
1771434250.567,0.0,,,,,,,,,,,,,,,0.4155,WARNING,,0,,t499_1,0.63,CRITICAL,OFFLOAD,WARNING: heavy task offloaded (weight=0.63 >= 0.3),
1771434250.567,0.0,46.90,4.7462,1.279,48.5,4,49537.965,61.29565,0.02653,0.4839,1.0000,0.3460,0.0000,0.2653,0.3994,0.4595,WARNING,False,0,3,,,,,,
1771434250.567,0.0,,,,,,,,,,,,,,,0.4595,WARNING,,0,,t500_0,0.59,NORMAL,OFFLOAD,WARNING: heavy task offloaded (weight=0.59 >= 0.3),
1771434250.567,0.0,,,,,,,,,,,,,,,0.4595,WARNING,,0,,t500_1,0.90,NORMAL,OFFLOAD,WARNING: heavy task offloaded (weight=0.90 >= 0.3),
1771434250.567,0.0,,,,,,,,,,,,,,,0.4595,WARNING,,0,,t500_2,0.83,HIGH,OFFLOAD,WARNING: heavy task offloaded (weight=0.83 >= 0.3),
1771434250.567,0.0,46.63,4.7427,1.234,45.3,4,5784.297,12.03498,0.02826,0.4390,1.0000,0.3575,0.0000,0.2826,0.3771,0.4528,WARNING,False,0,3,,,,,,
1771434250.567,0.0,,,,,,,,,,,,,,,0.4528,WARNING,,0,,t501_0,0.25,HIGH,OFFLOAD,"Budget exhausted (B=0), offloading. Original: WARNING: lightweight task permitted (weight=0.25 < 0.3)",
1771434250.567,0.0,46.18,4.7623,1.193,42.3,3,-20323.173,35.75033,0.03107,0.3625,0.0000,0.2925,0.0000,0.3107,0.3414,0.1809,WARNING,False,0,3,,,,,,
1771434250.567,0.0,,,,,,,,,,,,,,,0.1809,WARNING,,0,,t502_0,0.85,HIGH,OFFLOAD,WARNING: heavy task offloaded (weight=0.85 >= 0.3),
1771434250.567,0.0,,,,,,,,,,,,,,,0.1809,WARNING,,0,,t502_1,0.49,CRITICAL,OFFLOAD,WARNING: heavy task offloaded (weight=0.49 >= 0.3),
1771434250.567,0.0,,,,,,,,,,,,,,,0.1809,WARNING,,0,,t502_2,0.65,HIGH,OFFLOAD,WARNING: heavy task offloaded (weight=0.65 >= 0.3),
1771434250.567,0.0,45.83,4.7485,1.154,39.6,3,-56533.756,108.57681,0.02998,0.3058,0.0000,0.3385,0.0000,0.2998,0.3221,0.1751,SAFE,False,0,3,,,,,,
1771434250.567,0.0,,,,,,,,,,,,,,,0.1751,SAFE,,0,,t503_0,0.47,HIGH,OFFLOAD,"Budget exhausted (B=0), offloading. Original: SAFE: all tasks permitted (weight=0.47)",
1771434250.567,0.0,45.64,4.7867,1.118,37.0,3,-97221.065,134.94020,0.03394,0.2726,0.0000,0.2109,0.0000,0.3394,0.3042,0.1549,SAFE,False,0,3,,,,,,
1771434250.567,0.0,,,,,,,,,,,,,,,0.1549,SAFE,,0,,t504_0,0.36,LOW,OFFLOAD,"Budget exhausted (B=0), offloading. Original: SAFE: all tasks permitted (weight=0.36)",
1771434250.567,0.0,45.47,4.7764,1.085,34.6,3,-53805.773,28.25235,0.03644,0.2446,0.0000,0.2452,0.0000,0.3644,0.2875,0.1552,SAFE,False,0,3,,,,,,
1771434250.567,0.0,,,,,,,,,,,,,,,0.1552,SAFE,,0,,t505_0,0.78,LOW,OFFLOAD,"Budget exhausted (B=0), offloading. Original: SAFE: all tasks permitted (weight=0.78)",
1771434250.567,0.0,45.52,4.7927,1.054,32.4,2,-186941.924,144.15640,0.04009,0.2540,0.0000,0.1911,0.0000,0.4009,0.2570,0.1468,SAFE,False,8,0,,,,,,window_reset|B=8
1771434250.567,0.0,,,,,,,,,,,,,,,0.1468,SAFE,,7,,t506_0,0.32,HIGH,LOCAL,SAFE: all tasks permitted (weight=0.32),
1771434250.567,0.0,,,,,,,,,,,,,,,0.1468,SAFE,,6,,t506_1,0.54,NORMAL,LOCAL,SAFE: all tasks permitted (weight=0.54),
1771434250.567,0.0,45.16,4.7394,1.247,46.2,4,-195737.537,83.51959,0.03296,0.1934,0.0000,0.3688,0.0000,0.3296,0.3835,0.1808,SAFE,False,6,2,,,,,,
1771434250.567,0.0,,,,,,,,,,,,,,,0.1808,SAFE,,5,,t507_0,0.17,NORMAL,LOCAL,SAFE: all tasks permitted (weight=0.17),
1771434250.567,0.0,,,,,,,,,,,,,,,0.1808,SAFE,,4,,t507_1,0.78,NORMAL,LOCAL,SAFE: all tasks permitted (weight=0.78),
1771434250.567,0.0,,,,,,,,,,,,,,,0.1808,SAFE,,3,,t507_2,0.77,NORMAL,LOCAL,SAFE: all tasks permitted (weight=0.77),
1771434250.567,0.0,45.72,4.6545,1.650,75.0,7,-134669.047,-174.13391,0.03730,0.2870,0.0000,0.6516,1.0000,0.3730,0.6301,0.4825,WARNING,False,3,5,,,,,,
1771434250.568,0.0,,,,,,,,,,,,,,,0.4825,WARNING,,3,,t508_0,0.65,LOW,OFFLOAD,WARNING: heavy task offloaded (weight=0.65 >= 0.3),
1771434250.568,0.0,46.19,4.6547,1.580,70.0,6,-15660.104,-52.29226,0.04441,0.3658,0.0000,0.6509,1.0000,0.4441,0.5798,0.4889,WARNING,False,3,5,,,,,,
1771434250.568,0.0,,,,,,,,,,,,,,,0.4889,WARNING,,3,,t509_0,0.59,HIGH,OFFLOAD,WARNING: heavy task offloaded (weight=0.59 >= 0.3),
1771434250.568,0.0,,,,,,,,,,,,,,,0.4889,WARNING,,3,,t509_1,0.80,NORMAL,OFFLOAD,WARNING: heavy task offloaded (weight=0.80 >= 0.3),
1771434250.568,0.0,,,,,,,,,,,,,,,0.4889,WARNING,,3,,t509_2,0.75,NORMAL,OFFLOAD,WARNING: heavy task offloaded (weight=0.75 >= 0.3),
1771434250.568,0.0,45.94,4.6717,1.514,65.3,6,-8344.909,-53.79741,0.04756,0.3235,0.0000,0.5943,1.0000,0.4756,0.5470,0.4730,WARNING,False,3,5,,,,,,
1771434250.568,0.0,,,,,,,,,,,,,,,0.4730,WARNING,,2,,t510_0,0.25,LOW,LOCAL,WARNING: lightweight task permitted (weight=0.25 < 0.3),
1771434250.568,0.0,,,,,,,,,,,,,,,0.4730,WARNING,,2,,t510_1,0.67,CRITICAL,OFFLOAD,WARNING: heavy task offloaded (weight=0.67 >= 0.3),
1771434250.568,0.0,45.62,4.6823,1.517,65.5,6,-7538.476,-39.29445,0.04850,0.2706,0.0000,0.5589,1.0000,0.4850,0.5484,0.4633,WARNING,False,2,6,,,,,,
1771434250.568,0.0,,,,,,,,,,,,,,,0.4633,WARNING,,2,,t511_0,0.56,LOW,OFFLOAD,WARNING: heavy task offloaded (weight=0.56 >= 0.3),
1771434250.568,0.0,,,,,,,,,,,,,,,0.4633,WARNING,,2,,t511_1,0.44,HIGH,OFFLOAD,WARNING: heavy task offloaded (weight=0.44 >= 0.3),
1771434250.568,0.0,,,,,,,,,,,,,,,0.4633,WARNING,,1,,t511_2,0.18,NORMAL,LOCAL,WARNING: lightweight task permitted (weight=0.18 < 0.3),
1771434250.568,0.0,46.75,4.6889,1.502,64.4,6,39623.821,-58.13837,0.04946,0.4578,1.0000,0.5371,1.0000,0.4946,0.5411,0.7324,CRITICAL,False,1,7,,,,,,
1771434250.568,0.0,,,,,,,,,,,,,,,0.7324,CRITICAL,,1,,t512_0,0.59,HIGH,OFFLOAD,CRITICAL: non-critical task offloaded (priority=HIGH),
1771434250.568,0.0,46.31,4.7040,1.442,60.1,5,43697.106,-62.63299,0.04947,0.3850,1.0000,0.4867,1.0000,0.4947,0.4960,0.7081,CRITICAL,False,1,7,,,,,,
1771434250.568,0.0,,,,,,,,,,,,,,,0.7081,CRITICAL,,1,,t513_0,0.76,LOW,OFFLOAD,CRITICAL: non-critical task offloaded (priority=LOW),
1771434250.568,0.0,45.83,4.6943,1.386,56.1,5,16093.685,-85.02665,0.04840,0.3057,1.0000,0.5189,1.0000,0.4840,0.4680,0.6961,CRITICAL,False,1,7,,,,,,
1771434250.568,0.0,,,,,,,,,,,,,,,0.6961,CRITICAL,,1,,t514_0,0.61,NORMAL,OFFLOAD,CRITICAL: non-critical task offloaded (priority=NORMAL),
1771434250.568,0.0,,,,,,,,,,,,,,,0.6961,CRITICAL,,1,,t514_1,0.20,LOW,OFFLOAD,CRITICAL: non-critical task offloaded (priority=LOW),
1771434250.568,0.0,46.25,4.6804,1.334,52.4,4,56638.427,-51.01175,0.04827,0.3753,1.0000,0.5655,1.0000,0.4827,0.4269,0.7022,CRITICAL,False,1,7,,,,,,
1771434250.569,0.0,,,,,,,,,,,,,,,0.7022,CRITICAL,,1,,t515_0,0.18,NORMAL,OFFLOAD,CRITICAL: non-critical task offloaded (priority=NORMAL),
1771434250.569,0.0,,,,,,,,,,,,,,,0.7022,CRITICAL,,1,,t515_1,0.44,HIGH,OFFLOAD,CRITICAL: non-critical task offloaded (priority=HIGH),
1771434250.569,0.0,,,,,,,,,,,,,,,0.7022,CRITICAL,,1,,t515_2,0.33,LOW,OFFLOAD,CRITICAL: non-critical task offloaded (priority=LOW),
1771434250.569,0.0,46.44,4.7099,1.285,49.0,4,26053.256,33.33801,0.04249,0.4072,1.0000,0.4669,0.0000,0.4249,0.4027,0.4826,CRITICAL,False,1,7,,,,,,
1771434250.569,0.0,,,,,,,,,,,,,,,0.4826,CRITICAL,,1,,t516_0,0.15,NORMAL,OFFLOAD,CRITICAL: non-critical task offloaded (priority=NORMAL),
1771434250.569,0.0,,,,,,,,,,,,,,,0.4826,CRITICAL,,1,,t516_1,0.47,NORMAL,OFFLOAD,CRITICAL: non-critical task offloaded (priority=NORMAL),
1771434250.569,0.0,,,,,,,,,,,,,,,0.4826,CRITICAL,,1,,t516_2,0.43,LOW,OFFLOAD,CRITICAL: non-critical task offloaded (priority=LOW),
1771434250.569,0.0,46.29,4.7472,1.240,45.7,4,11406.067,183.08949,0.03896,0.3818,1.0000,0.3427,0.0000,0.3896,0.3802,0.4554,CRITICAL,False,1,7,,,,,,
1771434250.569,0.0,,,,,,,,,,,,,,,0.4554,CRITICAL,,1,,t517_0,0.79,NORMAL,OFFLOAD,CRITICAL: non-critical task offloaded (priority=NORMAL),
1771434250.569,0.0,,,,,,,,,,,,,,,0.4554,CRITICAL,,1,,t517_1,0.22,HIGH,OFFLOAD,CRITICAL: non-critical task offloaded (priority=HIGH),
1771434250.569,0.0,,,,,,,,,,,,,,,0.4554,CRITICAL,,0,,t517_2,0.45,CRITICAL,LOCAL,CRITICAL: mission-critical task permitted locally (priority=CRITICAL),
1771434250.569,0.0,46.58,4.7246,1.317,51.2,4,76139.023,104.75387,0.02897,0.4303,1.0000,0.4180,0.0000,0.2897,0.4184,0.4686,CRITICAL,False,0,8,,,,,,
1771434250.569,0.0,,,,,,,,,,,,,,,0.4686,CRITICAL,,0,,t518_0,0.89,NORMAL,OFFLOAD,CRITICAL: non-critical task offloaded (priority=NORMAL),
1771434250.569,0.0,,,,,,,,,,,,,,,0.4686,CRITICAL,,0,,t518_1,0.75,LOW,OFFLOAD,CRITICAL: non-critical task offloaded (priority=LOW),
1771434250.569,0.0,46.26,4.7141,1.270,47.8,4,75305.767,62.94280,0.02657,0.3762,1.0000,0.4530,0.0000,0.2657,0.3948,0.4596,CRITICAL,False,5,0,,,,,,window_reset|B=5
1771434250.569,0.0,,,,,,,,,,,,,,,0.4596,CRITICAL,,5,,t519_0,0.42,NORMAL,OFFLOAD,CRITICAL: non-critical task offloaded (priority=NORMAL),
1771434250.569,0.0,46.24,4.7497,1.226,44.7,4,-59808.265,120.36881,0.02780,0.3740,0.0000,0.3345,0.0000,0.2780,0.3728,0.1907,WARNING,False,5,0,,,,,,
1771434250.569,0.0,,,,,,,,,,,,,,,0.1907,WARNING,,5,,t520_0,0.40,HIGH,OFFLOAD,WARNING: heavy task offloaded (weight=0.40 >= 0.3),
1771434250.569,0.0,,,,,,,,,,,,,,,0.1907,WARNING,,5,,t520_1,0.52,LOW,OFFLOAD,WARNING: heavy task offloaded (weight=0.52 >= 0.3),
1771434250.569,0.0,,,,,,,,,,,,,,,0.1907,WARNING,,4,,t520_2,0.16,NORMAL,LOCAL,WARNING: lightweight task permitted (weight=0.16 < 0.3),
1771434250.569,0.0,45.85,4.7254,1.227,44.8,4,-54896.336,42.48446,0.02450,0.3080,0.0000,0.4152,0.0000,0.2450,0.3737,0.1902,WARNING,False,4,1,,,,,,
1771434250.569,0.0,,,,,,,,,,,,,,,0.1902,WARNING,,3,,t521_0,0.27,NORMAL,LOCAL,WARNING: lightweight task permitted (weight=0.27 < 0.3),
1771434250.569,0.0,,,,,,,,,,,,,,,0.1902,WARNING,,3,,t521_1,0.84,NORMAL,OFFLOAD,WARNING: heavy task offloaded (weight=0.84 >= 0.3),
1771434250.569,0.0,45.90,4.7300,1.258,47.0,4,7670.331,70.68720,0.02258,0.3164,1.0000,0.3999,0.0000,0.2258,0.3889,0.4403,WARNING,False,3,2,,,,,,
1771434250.569,0.0,,,,,,,,,,,,,,,0.4403,WARNING,,2,,t522_0,0.17,NORMAL,LOCAL,WARNING: lightweight task permitted (weight=0.17 < 0.3),
1771434250.569,0.0,45.57,4.7224,1.258,47.0,4,-80884.023,83.21340,0.02075,0.2619,0.0000,0.4254,0.0000,0.2075,0.3891,0.1853,WARNING,False,2,3,,,,,,
1771434250.569,0.0,,,,,,,,,,,,,,,0.1853,WARNING,,1,,t523_0,0.23,NORMAL,LOCAL,WARNING: lightweight task permitted (weight=0.23 < 0.3),
1771434250.569,0.0,,,,,,,,,,,,,,,0.1853,WARNING,,1,,t523_1,0.63,HIGH,OFFLOAD,WARNING: heavy task offloaded (weight=0.63 >= 0.3),
1771434250.569,0.0,45.38,4.7571,1.276,48.3,4,,,0.02188,0.2301,0.0000,0.3098,0.0000,0.2188,0.3980,0.1694,SAFE,False,1,4,,,,,,
1771434250.569,0.0,,,,,,,,,,,,,,,0.1694,SAFE,,0,,t524_0,0.31,HIGH,LOCAL,SAFE: all tasks permitted (weight=0.31),
1771434250.569,0.0,,,,,,,,,,,,,,,0.1694,SAFE,,0,,t524_1,0.26,HIGH,OFFLOAD,"Budget exhausted (B=0), offloading. Original: SAFE: all tasks permitted (weight=0.26)",
1771434250.569,0.0,45.58,4.7151,1.311,50.8,4,,,0.02134,0.2641,0.0000,0.4496,0.0000,0.2134,0.4156,0.1946,SAFE,False,0,5,,,,,,
1771434250.569,0.0,,,,,,,,,,,,,,,0.1946,SAFE,,0,,t525_0,0.36,NORMAL,OFFLOAD,"Budget exhausted (B=0), offloading. Original: SAFE: all tasks permitted (weight=0.36)",
1771434250.569,0.0,,,,,,,,,,,,,,,0.1946,SAFE,,0,,t525_1,0.21,NORMAL,OFFLOAD,"Budget exhausted (B=0), offloading. Original: SAFE: all tasks permitted (weight=0.21)",
1771434250.569,0.0,,,,,,,,,,,,,,,0.1946,SAFE,,0,,t525_2,0.81,NORMAL,OFFLOAD,"Budget exhausted (B=0), offloading. Original: SAFE: all tasks permitted (weight=0.81)",
1771434250.569,0.0,45.05,4.7474,1.264,47.5,4,,,0.02052,0.1743,0.0000,0.3420,0.0000,0.2052,0.3922,0.1643,SAFE,False,0,5,,,,,,
1771434250.569,0.0,,,,,,,,,,,,,,,0.1643,SAFE,,0,,t526_0,0.59,HIGH,OFFLOAD,"Budget exhausted (B=0), offloading. Original: SAFE: all tasks permitted (weight=0.59)",
1771434250.569,0.0,45.68,4.7509,1.221,44.3,4,,,0.01592,0.2794,0.0000,0.3305,0.0000,0.1592,0.3704,0.1665,SAFE,False,0,5,,,,,,
1771434250.569,0.0,,,,,,,,,,,,,,,0.1665,SAFE,,0,,t527_0,0.79,NORMAL,OFFLOAD,"Budget exhausted (B=0), offloading. Original: SAFE: all tasks permitted (weight=0.79)",
1771434250.569,0.0,,,,,,,,,,,,,,,0.1665,SAFE,,0,,t527_1,0.71,NORMAL,OFFLOAD,"Budget exhausted (B=0), offloading. Original: SAFE: all tasks permitted (weight=0.71)",
1771434250.569,0.0,45.22,4.7751,1.180,41.4,3,,,0.01815,0.2034,0.0000,0.2496,0.0000,0.1815,0.3351,0.1420,SAFE,False,0,5,,,,,,
1771434250.569,0.0,,,,,,,,,,,,,,,0.1420,SAFE,,0,,t528_0,0.43,NORMAL,OFFLOAD,"Budget exhausted (B=0), offloading. Original: SAFE: all tasks permitted (weight=0.43)",
1771434250.569,0.0,45.87,4.7538,1.143,38.8,3,,,0.01851,0.3116,0.0000,0.3206,0.0000,0.1851,0.3163,0.1609,SAFE,False,0,5,,,,,,
1771434250.569,0.0,,,,,,,,,,,,,,,0.1609,SAFE,,0,,t529_0,0.24,NORMAL,OFFLOAD,"Budget exhausted (B=0), offloading. Original: SAFE: all tasks permitted (weight=0.24)",
1771434250.569,0.0,,,,,,,,,,,,,,,0.1609,SAFE,,0,,t529_1,0.75,NORMAL,OFFLOAD,"Budget exhausted (B=0), offloading. Original: SAFE: all tasks permitted (weight=0.75)",
1771434250.569,0.0,45.10,4.7920,1.108,36.3,3,,,0.02303,0.1831,0.0000,0.1934,0.0000,0.2303,0.2988,0.1299,SAFE,False,0,5,,,,,,
1771434250.570,0.0,,,,,,,,,,,,,,,0.1299,SAFE,,0,,t530_0,0.64,NORMAL,OFFLOAD,"Budget exhausted (B=0), offloading. Original: SAFE: all tasks permitted (weight=0.64)",
1771434250.570,0.0,,,,,,,,,,,,,,,0.1299,SAFE,,0,,t530_1,0.31,NORMAL,OFFLOAD,"Budget exhausted (B=0), offloading. Original: SAFE: all tasks permitted (weight=0.31)",
1771434250.570,0.0,45.08,4.7894,1.075,33.9,3,-29130.939,66.69098,0.02414,0.1806,0.0000,0.2021,0.0000,0.2414,0.2825,0.1286,SAFE,False,0,5,,,,,,
1771434250.570,0.0,,,,,,,,,,,,,,,0.1286,SAFE,,0,,t531_0,0.47,LOW,OFFLOAD,"Budget exhausted (B=0), offloading. Original: SAFE: all tasks permitted (weight=0.47)",
1771434250.570,0.0,,,,,,,,,,,,,,,0.1286,SAFE,,0,,t531_1,0.60,HIGH,OFFLOAD,"Budget exhausted (B=0), offloading. Original: SAFE: all tasks permitted (weight=0.60)",
1771434250.570,0.0,,,,,,,,,,,,,,,0.1286,SAFE,,0,,t531_2,0.39,NORMAL,OFFLOAD,"Budget exhausted (B=0), offloading. Original: SAFE: all tasks permitted (weight=0.39)",
1771434250.570,0.0,44.51,4.7887,1.045,31.8,2,-52229.526,31.50627,0.02632,0.0844,0.0000,0.2043,0.0000,0.2632,0.2523,0.1135,SAFE,False,8,0,,,,,,window_reset|B=8
1771434250.570,0.0,,,,,,,,,,,,,,,0.1135,SAFE,,7,,t532_0,0.74,NORMAL,LOCAL,SAFE: all tasks permitted (weight=0.74),
1771434250.570,0.0,44.87,4.7659,1.210,43.6,4,-42464.368,50.58276,0.02501,0.1455,0.0000,0.2802,0.0000,0.2501,0.3652,0.1519,SAFE,False,7,1,,,,,,
1771434250.570,0.0,,,,,,,,,,,,,,,0.1519,SAFE,,6,,t533_0,0.38,LOW,LOCAL,SAFE: all tasks permitted (weight=0.38),
1771434250.570,0.0,,,,,,,,,,,,,,,0.1519,SAFE,,5,,t533_1,0.39,NORMAL,LOCAL,SAFE: all tasks permitted (weight=0.39),
1771434250.570,0.0,,,,,,,,,,,,,,,0.1519,SAFE,,4,,t533_2,0.35,CRITICAL,LOCAL,SAFE: all tasks permitted (weight=0.35),
1771434250.570,0.0,44.32,4.6653,1.462,61.6,5,-43179.814,-81.72058,0.03522,0.0538,0.0000,0.6157,1.0000,0.3522,0.5061,0.4229,WARNING,False,4,4,,,,,,
1771434250.570,0.0,,,,,,,,,,,,,,,0.4229,WARNING,,4,,t534_0,0.32,LOW,OFFLOAD,WARNING: heavy task offloaded (weight=0.32 >= 0.3),
1771434250.570,0.0,,,,,,,,,,,,,,,0.4229,WARNING,,4,,t534_1,0.75,NORMAL,OFFLOAD,WARNING: heavy task offloaded (weight=0.75 >= 0.3),
1771434250.570,0.0,44.91,4.6946,1.405,57.5,5,-45775.912,-55.99103,0.03789,0.1516,0.0000,0.5180,1.0000,0.3789,0.4774,0.4189,WARNING,False,4,4,,,,,,
1771434250.570,0.0,,,,,,,,,,,,,,,0.4189,WARNING,,4,,t535_0,0.31,LOW,OFFLOAD,WARNING: heavy task offloaded (weight=0.31 >= 0.3),
1771434250.570,0.0,,,,,,,,,,,,,,,0.4189,WARNING,,4,,t535_1,0.69,NORMAL,OFFLOAD,WARNING: heavy task offloaded (weight=0.69 >= 0.3),
1771434250.570,0.0,44.68,4.6953,1.351,53.7,5,-32416.633,-79.47807,0.04063,0.1130,0.0000,0.5158,1.0000,0.4063,0.4507,0.4114,WARNING,False,4,4,,,,,,
1771434250.570,0.0,,,,,,,,,,,,,,,0.4114,WARNING,,4,,t536_0,0.31,NORMAL,OFFLOAD,WARNING: heavy task offloaded (weight=0.31 >= 0.3),
1771434250.570,0.0,,,,,,,,,,,,,,,0.4114,WARNING,,4,,t536_1,0.58,LOW,OFFLOAD,WARNING: heavy task offloaded (weight=0.58 >= 0.3),
1771434250.570,0.0,,,,,,,,,,,,,,,0.4114,WARNING,,4,,t536_2,0.83,LOW,OFFLOAD,WARNING: heavy task offloaded (weight=0.83 >= 0.3),
1771434250.570,0.0,44.96,4.7078,1.302,50.1,4,-54140.734,-45.78157,0.04112,0.1605,0.0000,0.4740,1.0000,0.4112,0.4108,0.4042,WARNING,False,4,4,,,,,,
1771434250.570,0.0,,,,,,,,,,,,,,,0.4042,WARNING,,4,,t537_0,0.51,HIGH,OFFLOAD,WARNING: heavy task offloaded (weight=0.51 >= 0.3),
1771434250.570,0.0,,,,,,,,,,,,,,,0.4042,WARNING,,4,,t537_1,0.89,HIGH,OFFLOAD,WARNING: heavy task offloaded (weight=0.89 >= 0.3),
1771434250.570,0.0,,,,,,,,,,,,,,,0.4042,WARNING,,3,,t537_2,0.22,NORMAL,LOCAL,WARNING: lightweight task permitted (weight=0.22 < 0.3),
1771434250.570,0.0,,,,,,,,,,,,,,,0.4042,WARNING,,3,,t537_3,0.51,NORMAL,OFFLOAD,WARNING: heavy task offloaded (weight=0.51 >= 0.3),
1771434250.570,0.0,,,,,,,,,,,,,,,0.4042,WARNING,,3,,t537_4,0.35,CRITICAL,OFFLOAD,WARNING: heavy task offloaded (weight=0.35 >= 0.3),
1771434250.570,0.0,44.52,4.7217,1.313,50.9,4,-34389.450,-69.96474,0.04154,0.0872,0.0000,0.4277,1.0000,0.4154,0.4166,0.3909,WARNING,False,3,5,,,,,,
1771434250.570,0.0,,,,,,,,,,,,,,,0.3909,WARNING,,3,,t538_0,0.80,NORMAL,OFFLOAD,WARNING: heavy task offloaded (weight=0.80 >= 0.3),
1771434250.570,0.0,,,,,,,,,,,,,,,0.3909,WARNING,,3,,t538_1,0.48,LOW,OFFLOAD,WARNING: heavy task offloaded (weight=0.48 >= 0.3),
1771434250.570,0.0,,,,,,,,,,,,,,,0.3909,WARNING,,3,,t538_2,0.54,LOW,OFFLOAD,WARNING: heavy task offloaded (weight=0.54 >= 0.3),
1771434250.570,0.0,,,,,,,,,,,,,,,0.3909,WARNING,,3,,t538_3,0.38,NORMAL,OFFLOAD,WARNING: heavy task offloaded (weight=0.38 >= 0.3),
1771434250.570,0.0,,,,,,,,,,,,,,,0.3909,WARNING,,2,,t538_4,0.29,LOW,LOCAL,WARNING: lightweight task permitted (weight=0.29 < 0.3),
1771434250.570,0.0,45.31,4.7096,1.342,53.0,5,,,0.04234,0.2191,0.0000,0.4681,0.0000,0.4234,0.4461,0.2187,WARNING,False,2,6,,,,,,
1771434250.570,0.0,,,,,,,,,,,,,,,0.2187,WARNING,,1,,t539_0,0.26,HIGH,LOCAL,WARNING: lightweight task permitted (weight=0.26 < 0.3),
1771434250.570,0.0,,,,,,,,,,,,,,,0.2187,WARNING,,1,,t539_1,0.74,HIGH,OFFLOAD,WARNING: heavy task offloaded (weight=0.74 >= 0.3),
1771434250.570,0.0,44.94,4.6970,1.361,54.4,5,,,0.04218,0.1560,0.0000,0.5100,0.0000,0.4218,0.4557,0.2183,WARNING,False,1,7,,,,,,
1771434250.570,0.0,,,,,,,,,,,,,,,0.2183,WARNING,,1,,t540_0,0.65,NORMAL,OFFLOAD,WARNING: heavy task offloaded (weight=0.65 >= 0.3),
1771434250.570,0.0,,,,,,,,,,,,,,,0.2183,WARNING,,1,,t540_1,0.86,HIGH,OFFLOAD,WARNING: heavy task offloaded (weight=0.86 >= 0.3),
1771434250.570,0.0,,,,,,,,,,,,,,,0.2183,WARNING,,1,,t540_2,0.77,HIGH,OFFLOAD,WARNING: heavy task offloaded (weight=0.77 >= 0.3),
1771434250.570,0.0,,,,,,,,,,,,,,,0.2183,WARNING,,1,,t540_3,0.47,LOW,OFFLOAD,WARNING: heavy task offloaded (weight=0.47 >= 0.3),
1771434250.570,0.0,,,,,,,,,,,,,,,0.2183,WARNING,,1,,t540_4,0.88,LOW,OFFLOAD,WARNING: heavy task offloaded (weight=0.88 >= 0.3),
1771434250.570,0.0,45.34,4.7280,1.311,50.8,4,,,0.04166,0.2241,0.0000,0.4065,0.0000,0.4166,0.4155,0.2045,WARNING,False,1,7,,,,,,
1771434250.570,0.0,,,,,,,,,,,,,,,0.2045,WARNING,,1,,t541_0,0.53,NORMAL,OFFLOAD,WARNING: heavy task offloaded (weight=0.53 >= 0.3),
1771434250.570,0.0,,,,,,,,,,,,,,,0.2045,WARNING,,1,,t541_1,0.63,LOW,OFFLOAD,WARNING: heavy task offloaded (weight=0.63 >= 0.3),
1771434250.570,0.0,,,,,,,,,,,,,,,0.2045,WARNING,,1,,t541_2,0.38,LOW,OFFLOAD,WARNING: heavy task offloaded (weight=0.38 >= 0.3),
1771434250.570,0.0,,,,,,,,,,,,,,,0.2045,WARNING,,1,,t541_3,0.52,CRITICAL,OFFLOAD,WARNING: heavy task offloaded (weight=0.52 >= 0.3),
1771434250.570,0.0,,,,,,,,,,,,,,,0.2045,WARNING,,1,,t541_4,0.64,CRITICAL,OFFLOAD,WARNING: heavy task offloaded (weight=0.64 >= 0.3),
1771434250.570,0.0,,,,,,,,,,,,,,,0.2045,WARNING,,1,,t541_5,0.72,NORMAL,OFFLOAD,WARNING: heavy task offloaded (weight=0.72 >= 0.3),
1771434250.570,0.0,45.13,4.7539,1.264,47.4,4,,,0.03808,0.1881,0.0000,0.3204,0.0000,0.3808,0.3921,0.1807,WARNING,False,1,7,,,,,,
1771434250.570,0.0,,,,,,,,,,,,,,,0.1807,WARNING,,1,,t542_0,0.72,NORMAL,OFFLOAD,WARNING: heavy task offloaded (weight=0.72 >= 0.3),
1771434250.571,0.0,,,,,,,,,,,,,,,0.1807,WARNING,,1,,t542_1,0.48,HIGH,OFFLOAD,WARNING: heavy task offloaded (weight=0.48 >= 0.3),
1771434250.571,0.0,44.85,4.7214,1.221,44.3,4,-3779.165,26.78141,0.03301,0.1411,0.0000,0.4288,0.0000,0.3301,0.3703,0.1798,SAFE,False,1,7,,,,,,
1771434250.571,0.0,,,,,,,,,,,,,,,0.1798,SAFE,,0,,t543_0,0.46,NORMAL,LOCAL,SAFE: all tasks permitted (weight=0.46),
1771434250.571,0.0,,,,,,,,,,,,,,,0.1798,SAFE,,0,,t543_1,0.73,HIGH,OFFLOAD,"Budget exhausted (B=0), offloading. Original: SAFE: all tasks permitted (weight=0.73)",
1771434250.571,0.0,,,,,,,,,,,,,,,0.1798,SAFE,,0,,t543_2,0.32,NORMAL,OFFLOAD,"Budget exhausted (B=0), offloading. Original: SAFE: all tasks permitted (weight=0.32)",
1771434250.571,0.0,45.10,4.7234,1.301,50.1,4,25537.936,28.14924,0.02600,0.1839,1.0000,0.4220,0.0000,0.2600,0.4105,0.4350,WARNING,False,0,8,,,,,,
1771434250.571,0.0,,,,,,,,,,,,,,,0.4350,WARNING,,0,,t544_0,0.48,NORMAL,OFFLOAD,WARNING: heavy task offloaded (weight=0.48 >= 0.3),
1771434250.571,0.0,44.67,4.7310,1.255,46.8,4,-17836.856,23.21164,0.02179,0.1110,0.0000,0.3966,0.0000,0.2179,0.3874,0.1642,SAFE,False,8,0,,,,,,window_reset|B=8
1771434250.571,0.0,,,,,,,,,,,,,,,0.1642,SAFE,,7,,t545_0,0.29,LOW,LOCAL,SAFE: all tasks permitted (weight=0.29),
1771434250.571,0.0,,,,,,,,,,,,,,,0.1642,SAFE,,6,,t545_1,0.23,NORMAL,LOCAL,SAFE: all tasks permitted (weight=0.23),
1771434250.571,0.0,44.93,4.7261,1.346,53.3,5,24296.010,4.37088,0.01672,0.1546,1.0000,0.4131,0.0000,0.1672,0.4478,0.4285,WARNING,False,6,2,,,,,,
1771434250.571,0.0,,,,,,,,,,,,,,,0.4285,WARNING,,6,,t546_0,0.64,CRITICAL,OFFLOAD,WARNING: heavy task offloaded (weight=0.64 >= 0.3),
1771434250.571,0.0,,,,,,,,,,,,,,,0.4285,WARNING,,6,,t546_1,0.76,LOW,OFFLOAD,WARNING: heavy task offloaded (weight=0.76 >= 0.3),
1771434250.571,0.0,44.88,4.7408,1.296,49.7,4,-26243.718,31.27377,0.01632,0.1462,0.0000,0.3639,0.0000,0.1632,0.4082,0.1628,SAFE,False,6,2,,,,,,
1771434250.571,0.0,,,,,,,,,,,,,,,0.1628,SAFE,,5,,t547_0,0.88,NORMAL,LOCAL,SAFE: all tasks permitted (weight=0.88),
1771434250.571,0.0,,,,,,,,,,,,,,,0.1628,SAFE,,4,,t547_1,0.17,NORMAL,LOCAL,SAFE: all tasks permitted (weight=0.17),
1771434250.571,0.0,,,,,,,,,,,,,,,0.1628,SAFE,,3,,t547_2,0.55,CRITICAL,LOCAL,SAFE: all tasks permitted (weight=0.55),
1771434250.571,0.0,45.27,4.6753,1.665,76.1,7,20228.555,-21.72676,0.01959,0.2121,1.0000,0.5823,1.0000,0.1959,0.6376,0.6983,WARNING,False,3,5,,,,,,
1771434250.571,0.0,,,,,,,,,,,,,,,0.6983,WARNING,,3,,t548_0,0.36,HIGH,OFFLOAD,WARNING: heavy task offloaded (weight=0.36 >= 0.3),
1771434250.571,0.0,,,,,,,,,,,,,,,0.6983,WARNING,,3,,t548_1,0.78,NORMAL,OFFLOAD,WARNING: heavy task offloaded (weight=0.78 >= 0.3),
1771434250.571,0.0,,,,,,,,,,,,,,,0.6983,WARNING,,2,,t548_2,0.29,NORMAL,LOCAL,WARNING: lightweight task permitted (weight=0.29 < 0.3),
1771434250.571,0.0,45.39,4.6564,1.670,76.4,7,2645.119,-71.67404,0.02621,0.2314,1.0000,0.6453,1.0000,0.2621,0.6398,0.7158,CRITICAL,False,2,6,,,,,,
1771434250.571,0.0,,,,,,,,,,,,,,,0.7158,CRITICAL,,2,,t549_0,0.84,HIGH,OFFLOAD,CRITICAL: non-critical task offloaded (priority=HIGH),
1771434250.571,0.0,,,,,,,,,,,,,,,0.7158,CRITICAL,,2,,t549_1,0.45,NORMAL,OFFLOAD,CRITICAL: non-critical task offloaded (priority=NORMAL),
1771434250.571,0.0,,,,,,,,,,,,,,,0.7158,CRITICAL,,2,,t549_2,0.16,NORMAL,OFFLOAD,CRITICAL: non-critical task offloaded (priority=NORMAL),
1771434250.571,0.0,45.83,4.6284,1.598,71.3,6,42353.721,-125.57290,0.03541,0.3056,1.0000,0.7387,1.0000,0.3541,0.5889,0.7359,CRITICAL,False,2,6,,,,,,
1771434250.571,0.0,,,,,,,,,,,,,,,0.7359,CRITICAL,,2,,t550_0,0.25,NORMAL,OFFLOAD,CRITICAL: non-critical task offloaded (priority=NORMAL),
1771434250.571,0.0,,,,,,,,,,,,,,,0.7359,CRITICAL,,2,,t550_1,0.41,NORMAL,OFFLOAD,CRITICAL: non-critical task offloaded (priority=NORMAL),
1771434250.571,0.0,45.71,4.6667,1.531,66.5,6,,,0.03715,0.2855,0.0000,0.6110,0.0000,0.3715,0.5554,0.2619,WARNING,False,2,6,,,,,,
1771434250.571,0.0,,,,,,,,,,,,,,,0.2619,WARNING,,2,,t551_0,0.49,LOW,OFFLOAD,WARNING: heavy task offloaded (weight=0.49 >= 0.3),
1771434250.571,0.0,,,,,,,,,,,,,,,0.2619,WARNING,,2,,t551_1,0.32,NORMAL,OFFLOAD,WARNING: heavy task offloaded (weight=0.32 >= 0.3),
1771434250.571,0.0,,,,,,,,,,,,,,,0.2619,WARNING,,2,,t551_2,0.58,HIGH,OFFLOAD,WARNING: heavy task offloaded (weight=0.58 >= 0.3),
1771434250.571,0.0,46.41,4.6755,1.469,62.0,5,,,0.03796,0.4019,0.0000,0.5816,0.0000,0.3796,0.5093,0.2637,WARNING,False,2,6,,,,,,
1771434250.572,0.0,,,,,,,,,,,,,,,0.2637,WARNING,,2,,t552_0,0.85,NORMAL,OFFLOAD,WARNING: heavy task offloaded (weight=0.85 >= 0.3),
1771434250.572,0.0,,,,,,,,,,,,,,,0.2637,WARNING,,1,,t552_1,0.21,NORMAL,LOCAL,WARNING: lightweight task permitted (weight=0.21 < 0.3),
1771434250.572,0.0,,,,,,,,,,,,,,,0.2637,WARNING,,1,,t552_2,0.84,NORMAL,OFFLOAD,WARNING: heavy task offloaded (weight=0.84 >= 0.3),
1771434250.572,0.0,,,,,,,,,,,,,,,0.2637,WARNING,,1,,t552_3,0.54,NORMAL,OFFLOAD,WARNING: heavy task offloaded (weight=0.54 >= 0.3),
1771434250.572,0.0,46.24,4.6994,1.466,61.8,5,117821.201,-39.51443,0.03715,0.3727,1.0000,0.5019,1.0000,0.3715,0.5079,0.6987,CRITICAL,False,1,7,,,,,,
1771434250.572,0.0,,,,,,,,,,,,,,,0.6987,CRITICAL,,1,,t553_0,0.70,NORMAL,OFFLOAD,CRITICAL: non-critical task offloaded (priority=NORMAL),
1771434250.572,0.0,,,,,,,,,,,,,,,0.6987,CRITICAL,,1,,t553_1,0.32,HIGH,OFFLOAD,CRITICAL: non-critical task offloaded (priority=HIGH),
1771434250.572,0.0,45.60,4.6991,1.408,57.7,5,50495.415,-33.68884,0.03341,0.2667,1.0000,0.5029,1.0000,0.3341,0.4790,0.6766,CRITICAL,False,1,7,,,,,,
1771434250.572,0.0,,,,,,,,,,,,,,,0.6766,CRITICAL,,1,,t554_0,0.38,HIGH,OFFLOAD,CRITICAL: non-critical task offloaded (priority=HIGH),
1771434250.572,0.0,,,,,,,,,,,,,,,0.6766,CRITICAL,,1,,t554_1,0.77,LOW,OFFLOAD,CRITICAL: non-critical task offloaded (priority=LOW),
1771434250.572,0.0,,,,,,,,,,,,,,,0.6766,CRITICAL,,1,,t554_2,0.41,HIGH,OFFLOAD,CRITICAL: non-critical task offloaded (priority=HIGH),
1771434250.572,0.0,45.85,4.7149,1.354,53.9,5,73201.942,-32.45425,0.03303,0.3088,1.0000,0.4504,1.0000,0.3303,0.4522,0.6691,CRITICAL,False,1,7,,,,,,
1771434250.572,0.0,,,,,,,,,,,,,,,0.6691,CRITICAL,,1,,t555_0,0.39,NORMAL,OFFLOAD,CRITICAL: non-critical task offloaded (priority=NORMAL),
1771434250.572,0.0,,,,,,,,,,,,,,,0.6691,CRITICAL,,1,,t555_1,0.25,NORMAL,OFFLOAD,CRITICAL: non-critical task offloaded (priority=NORMAL),
1771434250.572,0.0,,,,,,,,,,,,,,,0.6691,CRITICAL,,1,,t555_2,0.18,HIGH,OFFLOAD,CRITICAL: non-critical task offloaded (priority=HIGH),
1771434250.572,0.0,45.61,4.7374,1.305,50.3,4,25341.911,77.68940,0.03425,0.2684,1.0000,0.3753,0.0000,0.3425,0.4123,0.4477,CRITICAL,False,1,7,,,,,,
1771434250.572,0.0,,,,,,,,,,,,,,,0.4477,CRITICAL,,0,,t556_0,0.75,CRITICAL,LOCAL,CRITICAL: mission-critical task permitted locally (priority=CRITICAL),
1771434250.572,0.0,,,,,,,,,,,,,,,0.4477,CRITICAL,,0,,t556_1,0.81,LOW,OFFLOAD,CRITICAL: non-critical task offloaded (priority=LOW),
1771434250.572,0.0,46.28,4.6707,1.455,61.0,5,67237.774,17.87414,0.03314,0.3807,1.0000,0.5977,0.0000,0.3314,0.5023,0.5070,CRITICAL,False,0,8,,,,,,
1771434250.572,0.0,,,,,,,,,,,,,,,0.5070,CRITICAL,,0,,t557_0,0.15,NORMAL,OFFLOAD,CRITICAL: non-critical task offloaded (priority=NORMAL),
1771434250.572,0.0,46.11,4.6953,1.398,57.0,5,21044.024,83.70691,0.03147,0.3524,1.0000,0.5157,0.0000,0.3147,0.4739,0.4856,CRITICAL,False,5,0,,,,,,window_reset|B=5
1771434250.572,0.0,,,,,,,,,,,,,,,0.4856,CRITICAL,,5,,t558_0,0.73,NORMAL,OFFLOAD,CRITICAL: non-critical task offloaded (priority=NORMAL),
1771434250.572,0.0,,,,,,,,,,,,,,,0.4856,CRITICAL,,4,,t558_1,0.31,CRITICAL,LOCAL,CRITICAL: mission-critical task permitted locally (priority=CRITICAL),
1771434250.572,0.0,,,,,,,,,,,,,,,0.4856,CRITICAL,,4,,t558_2,0.84,NORMAL,OFFLOAD,CRITICAL: non-critical task offloaded (priority=NORMAL),
1771434250.572,0.0,46.67,4.7029,1.425,58.9,5,71550.508,45.22517,0.02772,0.4443,1.0000,0.4905,0.0000,0.2772,0.4874,0.4923,CRITICAL,False,4,1,,,,,,
1771434250.572,0.0,,,,,,,,,,,,,,,0.4923,CRITICAL,,4,,t559_0,0.88,NORMAL,OFFLOAD,CRITICAL: non-critical task offloaded (priority=NORMAL),
1771434250.572,0.0,,,,,,,,,,,,,,,0.4923,CRITICAL,,4,,t559_1,0.81,NORMAL,OFFLOAD,CRITICAL: non-critical task offloaded (priority=NORMAL),
1771434250.572,0.0,46.19,4.7561,1.370,55.0,5,-8416.600,50.33299,0.03368,0.3644,0.0000,0.3129,0.0000,0.3368,0.4600,0.2101,WARNING,False,4,1,,,,,,
1771434250.572,0.0,,,,,,,,,,,,,,,0.2101,WARNING,,3,,t560_0,0.23,NORMAL,LOCAL,WARNING: lightweight task permitted (weight=0.23 < 0.3),
1771434250.572,0.0,46.96,4.7371,1.378,55.6,5,54519.852,46.93709,0.03397,0.4942,1.0000,0.3764,0.0000,0.3397,0.4639,0.4850,WARNING,False,3,2,,,,,,
1771434250.572,0.0,,,,,,,,,,,,,,,0.4850,WARNING,,3,,t561_0,0.62,LOW,OFFLOAD,WARNING: heavy task offloaded (weight=0.62 >= 0.3),
1771434250.572,0.0,,,,,,,,,,,,,,,0.4850,WARNING,,3,,t561_1,0.59,HIGH,OFFLOAD,WARNING: heavy task offloaded (weight=0.59 >= 0.3),
1771434250.572,0.0,46.41,4.7048,1.326,51.9,4,60573.613,7.04442,0.02656,0.4017,1.0000,0.4840,0.0000,0.2656,0.4231,0.4723,WARNING,False,3,2,,,,,,
1771434250.572,0.0,,,,,,,,,,,,,,,0.4723,WARNING,,3,,t562_0,0.49,NORMAL,OFFLOAD,WARNING: heavy task offloaded (weight=0.49 >= 0.3),
1771434250.572,0.0,,,,,,,,,,,,,,,0.4723,WARNING,,3,,t562_1,0.55,HIGH,OFFLOAD,WARNING: heavy task offloaded (weight=0.55 >= 0.3),
1771434250.572,0.0,46.27,4.7196,1.278,48.5,4,31105.469,5.92353,0.02412,0.3781,1.0000,0.4345,0.0000,0.2412,0.3992,0.4558,WARNING,False,3,2,,,,,,
1771434250.572,0.0,,,,,,,,,,,,,,,0.4558,WARNING,,3,,t563_0,0.31,LOW,OFFLOAD,WARNING: heavy task offloaded (weight=0.31 >= 0.3),
1771434250.572,0.0,,,,,,,,,,,,,,,0.4558,WARNING,,2,,t563_1,0.26,LOW,LOCAL,WARNING: lightweight task permitted (weight=0.26 < 0.3),
1771434250.572,0.0,46.12,4.7244,1.302,50.1,4,38273.782,-16.18551,0.02210,0.3537,1.0000,0.4186,1.0000,0.2210,0.4110,0.6512,CRITICAL,False,2,3,,,,,,
1771434250.573,0.0,,,,,,,,,,,,,,,0.6512,CRITICAL,,2,,t564_0,0.63,HIGH,OFFLOAD,CRITICAL: non-critical task offloaded (priority=HIGH),
1771434250.573,0.0,,,,,,,,,,,,,,,0.6512,CRITICAL,,2,,t564_1,0.47,HIGH,OFFLOAD,CRITICAL: non-critical task offloaded (priority=HIGH),
1771434250.573,0.0,,,,,,,,,,,,,,,0.6512,CRITICAL,,2,,t564_2,0.58,NORMAL,OFFLOAD,CRITICAL: non-critical task offloaded (priority=NORMAL),
1771434250.573,0.0,,,,,,,,,,,,,,,0.6512,CRITICAL,,2,,t564_3,0.81,HIGH,OFFLOAD,CRITICAL: non-critical task offloaded (priority=HIGH),
1771434250.573,0.0,,,,,,,,,,,,,,,0.6512,CRITICAL,,2,,t564_4,0.55,LOW,OFFLOAD,CRITICAL: non-critical task offloaded (priority=LOW),
1771434250.573,0.0,,,,,,,,,,,,,,,0.6512,CRITICAL,,2,,t564_5,0.90,NORMAL,OFFLOAD,CRITICAL: non-critical task offloaded (priority=NORMAL),
1771434250.573,0.0,45.96,4.7508,1.256,46.8,4,-16783.540,68.62302,0.02386,0.3263,0.0000,0.3307,0.0000,0.2386,0.3879,0.1836,WARNING,False,2,3,,,,,,
1771434250.573,0.0,,,,,,,,,,,,,,,0.1836,WARNING,,2,,t565_0,0.32,NORMAL,OFFLOAD,WARNING: heavy task offloaded (weight=0.32 >= 0.3),
1771434250.573,0.0,,,,,,,,,,,,,,,0.1836,WARNING,,2,,t565_1,0.81,LOW,OFFLOAD,WARNING: heavy task offloaded (weight=0.81 >= 0.3),
1771434250.573,0.0,,,,,,,,,,,,,,,0.1836,WARNING,,1,,t565_2,0.18,LOW,LOCAL,WARNING: lightweight task permitted (weight=0.18 < 0.3),
1771434250.573,0.0,,,,,,,,,,,,,,,0.1836,WARNING,,1,,t565_3,0.86,LOW,OFFLOAD,WARNING: heavy task offloaded (weight=0.86 >= 0.3),
1771434250.573,0.0,,,,,,,,,,,,,,,0.1836,WARNING,,1,,t565_4,0.66,LOW,OFFLOAD,WARNING: heavy task offloaded (weight=0.66 >= 0.3),
1771434250.573,0.0,45.76,4.7241,1.259,47.1,4,-18030.334,24.69242,0.02323,0.2939,0.0000,0.4196,0.0000,0.2323,0.3896,0.1910,WARNING,False,1,4,,,,,,
1771434250.573,0.0,,,,,,,,,,,,,,,0.1910,WARNING,,1,,t566_0,0.82,HIGH,OFFLOAD,WARNING: heavy task offloaded (weight=0.82 >= 0.3),
1771434250.573,0.0,,,,,,,,,,,,,,,0.1910,WARNING,,1,,t566_1,0.63,HIGH,OFFLOAD,WARNING: heavy task offloaded (weight=0.63 >= 0.3),
1771434250.573,0.0,,,,,,,,,,,,,,,0.1910,WARNING,,1,,t566_2,0.80,NORMAL,OFFLOAD,WARNING: heavy task offloaded (weight=0.80 >= 0.3),
1771434250.573,0.0,45.80,4.7399,1.216,44.0,4,-44639.962,31.70813,0.02381,0.2996,0.0000,0.3671,0.0000,0.2381,0.3680,0.1811,WARNING,False,1,4,,,,,,
1771434250.573,0.0,,,,,,,,,,,,,,,0.1811,WARNING,,1,,t567_0,0.31,CRITICAL,OFFLOAD,WARNING: heavy task offloaded (weight=0.31 >= 0.3),
1771434250.573,0.0,,,,,,,,,,,,,,,0.1811,WARNING,,1,,t567_1,0.32,NORMAL,OFFLOAD,WARNING: heavy task offloaded (weight=0.32 >= 0.3),
1771434250.573,0.0,,,,,,,,,,,,,,,0.1811,WARNING,,1,,t567_2,0.50,HIGH,OFFLOAD,WARNING: heavy task offloaded (weight=0.50 >= 0.3),
1771434250.573,0.0,45.77,4.7437,1.176,41.1,3,-68114.318,-34.05456,0.02421,0.2954,0.0000,0.3543,1.0000,0.2421,0.3329,0.3723,WARNING,False,1,4,,,,,,
1771434250.573,0.0,,,,,,,,,,,,,,,0.3723,WARNING,,1,,t568_0,0.38,LOW,OFFLOAD,WARNING: heavy task offloaded (weight=0.38 >= 0.3),
1771434250.573,0.0,,,,,,,,,,,,,,,0.3723,WARNING,,1,,t568_1,0.36,LOW,OFFLOAD,WARNING: heavy task offloaded (weight=0.36 >= 0.3),
1771434250.573,0.0,,,,,,,,,,,,,,,0.3723,WARNING,,1,,t568_2,0.84,NORMAL,OFFLOAD,WARNING: heavy task offloaded (weight=0.84 >= 0.3),
1771434250.573,0.0,,,,,,,,,,,,,,,0.3723,WARNING,,1,,t568_3,0.34,NORMAL,OFFLOAD,WARNING: heavy task offloaded (weight=0.34 >= 0.3),
1771434250.573,0.0,45.79,4.7499,1.138,38.5,3,-192587.184,35.12870,0.01955,0.2990,0.0000,0.3337,0.0000,0.1955,0.3142,0.1617,SAFE,False,1,4,,,,,,
1771434250.573,0.0,,,,,,,,,,,,,,,0.1617,SAFE,,0,,t569_0,0.56,LOW,LOCAL,SAFE: all tasks permitted (weight=0.56),
1771434250.573,0.0,45.38,4.7646,1.248,46.3,4,-71208.662,68.96103,0.01895,0.2301,0.0000,0.2846,0.0000,0.1895,0.3841,0.1604,SAFE,False,0,5,,,,,,
1771434250.573,0.0,,,,,,,,,,,,,,,0.1604,SAFE,,0,,t570_0,0.28,LOW,OFFLOAD,"Budget exhausted (B=0), offloading. Original: SAFE: all tasks permitted (weight=0.28)",
1771434250.573,0.0,,,,,,,,,,,,,,,0.1604,SAFE,,0,,t570_1,0.56,HIGH,OFFLOAD,"Budget exhausted (B=0), offloading. Original: SAFE: all tasks permitted (weight=0.56)",
1771434250.573,0.0,,,,,,,,,,,,,,,0.1604,SAFE,,0,,t570_2,0.51,HIGH,OFFLOAD,"Budget exhausted (B=0), offloading. Original: SAFE: all tasks permitted (weight=0.51)",
1771434250.573,0.0,,,,,,,,,,,,,,,0.1604,SAFE,,0,,t570_3,0.16,NORMAL,OFFLOAD,"Budget exhausted (B=0), offloading. Original: SAFE: all tasks permitted (weight=0.16)",
1771434250.573,0.0,,,,,,,,,,,,,,,0.1604,SAFE,,0,,t570_4,0.33,NORMAL,OFFLOAD,"Budget exhausted (B=0), offloading. Original: SAFE: all tasks permitted (weight=0.33)",
1771434250.573,0.0,,,,,,,,,,,,,,,0.1604,SAFE,,0,,t570_5,0.39,NORMAL,OFFLOAD,"Budget exhausted (B=0), offloading. Original: SAFE: all tasks permitted (weight=0.39)",
1771434250.573,0.0,45.06,4.7125,1.206,43.3,4,-83485.473,-8.22599,0.01775,0.1769,0.0000,0.4583,1.0000,0.1775,0.3629,0.3711,WARNING,False,6,0,,,,,,window_reset|B=6
1771434250.573,0.0,,,,,,,,,,,,,,,0.3711,WARNING,,6,,t571_0,0.54,NORMAL,OFFLOAD,WARNING: heavy task offloaded (weight=0.54 >= 0.3),
1771434250.573,0.0,45.45,4.7357,1.166,40.5,3,-46159.009,13.01669,0.01665,0.2424,0.0000,0.3809,0.0000,0.1665,0.3282,0.1609,SAFE,False,6,0,,,,,,
1771434250.573,0.0,,,,,,,,,,,,,,,0.1609,SAFE,,5,,t572_0,0.47,CRITICAL,LOCAL,SAFE: all tasks permitted (weight=0.47),
1771434250.573,0.0,,,,,,,,,,,,,,,0.1609,SAFE,,4,,t572_1,0.79,NORMAL,LOCAL,SAFE: all tasks permitted (weight=0.79),
1771434250.573,0.0,45.77,4.6901,1.457,61.2,5,-22124.499,-120.72359,0.02053,0.2954,0.0000,0.5331,1.0000,0.2053,0.5033,0.4259,WARNING,False,4,2,,,,,,
1771434250.573,0.0,,,,,,,,,,,,,,,0.4259,WARNING,,3,,t573_0,0.23,NORMAL,LOCAL,WARNING: lightweight task permitted (weight=0.23 < 0.3),
1771434250.573,0.0,45.66,4.6557,1.459,61.4,5,-12107.359,-135.94953,0.02848,0.2770,0.0000,0.6476,1.0000,0.2848,0.5045,0.4468,WARNING,False,3,3,,,,,,
1771434250.573,0.0,,,,,,,,,,,,,,,0.4468,WARNING,,3,,t574_0,0.78,CRITICAL,OFFLOAD,WARNING: heavy task offloaded (weight=0.78 >= 0.3),
1771434250.573,0.0,,,,,,,,,,,,,,,0.4468,WARNING,,3,,t574_1,0.54,NORMAL,OFFLOAD,WARNING: heavy task offloaded (weight=0.54 >= 0.3),
1771434250.573,0.0,,,,,,,,,,,,,,,0.4468,WARNING,,3,,t574_2,0.40,NORMAL,OFFLOAD,WARNING: heavy task offloaded (weight=0.40 >= 0.3),
1771434250.573,0.0,,,,,,,,,,,,,,,0.4468,WARNING,,3,,t574_3,0.35,LOW,OFFLOAD,WARNING: heavy task offloaded (weight=0.35 >= 0.3),
1771434250.573,0.0,,,,,,,,,,,,,,,0.4468,WARNING,,2,,t574_4,0.17,LOW,LOCAL,WARNING: lightweight task permitted (weight=0.17 < 0.3),
1771434250.573,0.0,45.59,4.6655,1.445,60.4,5,-25155.728,-147.88188,0.03305,0.2645,0.0000,0.6151,1.0000,0.3305,0.4977,0.4443,WARNING,False,2,4,,,,,,
1771434250.573,0.0,,,,,,,,,,,,,,,0.4443,WARNING,,2,,t575_0,0.78,NORMAL,OFFLOAD,WARNING: heavy task offloaded (weight=0.78 >= 0.3),
1771434250.573,0.0,45.42,4.6852,1.389,56.4,5,-41981.322,-116.31444,0.03450,0.2368,0.0000,0.5494,1.0000,0.3450,0.4696,0.4282,WARNING,False,2,4,,,,,,
1771434250.574,0.0,,,,,,,,,,,,,,,0.4282,WARNING,,1,,t576_0,0.16,LOW,LOCAL,WARNING: lightweight task permitted (weight=0.16 < 0.3),
1771434250.574,0.0,46.02,4.7252,1.378,55.6,5,13279.781,-24.38764,0.03318,0.3363,1.0000,0.4159,1.0000,0.3318,0.4639,0.6704,CRITICAL,False,1,5,,,,,,
1771434250.574,0.0,,,,,,,,,,,,,,,0.6704,CRITICAL,,1,,t577_0,0.18,HIGH,OFFLOAD,CRITICAL: non-critical task offloaded (priority=HIGH),
1771434250.574,0.0,45.88,4.7161,1.326,51.9,4,58546.887,-95.57118,0.03309,0.3127,1.0000,0.4464,1.0000,0.3309,0.4232,0.6633,CRITICAL,False,1,5,,,,,,
1771434250.574,0.0,,,,,,,,,,,,,,,0.6633,CRITICAL,,1,,t578_0,0.34,HIGH,OFFLOAD,CRITICAL: non-critical task offloaded (priority=HIGH),
1771434250.574,0.0,,,,,,,,,,,,,,,0.6633,CRITICAL,,1,,t578_1,0.51,HIGH,OFFLOAD,CRITICAL: non-critical task offloaded (priority=HIGH),
1771434250.574,0.0,,,,,,,,,,,,,,,0.6633,CRITICAL,,0,,t578_2,0.48,CRITICAL,LOCAL,CRITICAL: mission-critical task permitted locally (priority=CRITICAL),
1771434250.574,0.0,45.73,4.7083,1.404,57.4,5,79162.889,-8.35951,0.03228,0.2886,1.0000,0.4725,1.0000,0.3228,0.4769,0.6737,CRITICAL,False,0,6,,,,,,
1771434250.574,0.0,,,,,,,,,,,,,,,0.6737,CRITICAL,,0,,t579_0,0.79,LOW,OFFLOAD,CRITICAL: non-critical task offloaded (priority=LOW),
1771434250.574,0.0,45.37,4.7273,1.351,53.6,5,-9793.945,-16.57302,0.03127,0.2286,0.0000,0.4090,1.0000,0.3127,0.4503,0.4019,WARNING,False,0,6,,,,,,
1771434250.574,0.0,,,,,,,,,,,,,,,0.4019,WARNING,,0,,t580_0,0.82,NORMAL,OFFLOAD,WARNING: heavy task offloaded (weight=0.82 >= 0.3),
1771434250.574,0.0,,,,,,,,,,,,,,,0.4019,WARNING,,0,,t580_1,0.32,NORMAL,OFFLOAD,WARNING: heavy task offloaded (weight=0.32 >= 0.3),
1771434250.574,0.0,,,,,,,,,,,,,,,0.4019,WARNING,,0,,t580_2,0.33,HIGH,OFFLOAD,WARNING: heavy task offloaded (weight=0.33 >= 0.3),
1771434250.574,0.0,46.12,4.7064,1.301,50.1,4,41021.612,32.22719,0.02903,0.3533,1.0000,0.4786,0.0000,0.2903,0.4105,0.4657,WARNING,False,0,6,,,,,,
1771434250.574,0.0,,,,,,,,,,,,,,,0.4657,WARNING,,0,,t581_0,0.67,HIGH,OFFLOAD,WARNING: heavy task offloaded (weight=0.67 >= 0.3),
1771434250.574,0.0,45.84,4.7437,1.255,46.8,4,21097.494,173.06120,0.02603,0.3068,1.0000,0.3545,0.0000,0.2603,0.3874,0.4364,WARNING,False,0,6,,,,,,
1771434250.574,0.0,,,,,,,,,,,,,,,0.4364,WARNING,,0,,t582_0,0.23,NORMAL,OFFLOAD,"Budget exhausted (B=0), offloading. Original: WARNING: lightweight task permitted (weight=0.23 < 0.3)",
1771434250.574,0.0,,,,,,,,,,,,,,,0.4364,WARNING,,0,,t582_1,0.53,NORMAL,OFFLOAD,WARNING: heavy task offloaded (weight=0.53 >= 0.3),
1771434250.574,0.0,45.41,4.7317,1.212,43.7,4,-20577.932,130.26089,0.02695,0.2354,0.0000,0.3945,0.0000,0.2695,0.3660,0.1797,SAFE,False,0,6,,,,,,
1771434250.574,0.0,,,,,,,,,,,,,,,0.1797,SAFE,,0,,t583_0,0.73,HIGH,OFFLOAD,"Budget exhausted (B=0), offloading. Original: SAFE: all tasks permitted (weight=0.73)",
1771434250.574,0.0,,,,,,,,,,,,,,,0.1797,SAFE,,0,,t583_1,0.67,NORMAL,OFFLOAD,"Budget exhausted (B=0), offloading. Original: SAFE: all tasks permitted (weight=0.67)",
1771434250.574,0.0,,,,,,,,,,,,,,,0.1797,SAFE,,0,,t583_2,0.68,LOW,OFFLOAD,"Budget exhausted (B=0), offloading. Original: SAFE: all tasks permitted (weight=0.68)",
1771434250.574,0.0,45.78,4.7844,1.172,40.9,3,42188.258,195.28215,0.03370,0.2963,1.0000,0.2186,0.0000,0.3370,0.3310,0.4139,WARNING,False,5,0,,,,,,window_reset|B=5
1771434250.574,0.0,,,,,,,,,,,,,,,0.4139,WARNING,,4,,t584_0,0.19,HIGH,LOCAL,WARNING: lightweight task permitted (weight=0.19 < 0.3),
1771434250.574,0.0,,,,,,,,,,,,,,,0.4139,WARNING,,4,,t584_1,0.44,CRITICAL,OFFLOAD,WARNING: heavy task offloaded (weight=0.44 >= 0.3),
1771434250.574,0.0,45.04,4.7739,1.185,41.8,3,,,0.03703,0.1732,0.0000,0.2538,0.0000,0.3703,0.3377,0.1584,SAFE,False,4,1,,,,,,
1771434250.574,0.0,,,,,,,,,,,,,,,0.1584,SAFE,,3,,t585_0,0.87,CRITICAL,LOCAL,SAFE: all tasks permitted (weight=0.87),
1771434250.574,0.0,45.12,4.6881,1.373,55.2,5,,,0.03335,0.1859,0.0000,0.5396,0.0000,0.3335,0.4614,0.2181,SAFE,False,3,2,,,,,,
1771434250.574,0.0,,,,,,,,,,,,,,,0.2181,SAFE,,2,,t586_0,0.89,LOW,LOCAL,SAFE: all tasks permitted (weight=0.89),
1771434250.574,0.0,,,,,,,,,,,,,,,0.2181,SAFE,,1,,t586_1,0.28,NORMAL,LOCAL,SAFE: all tasks permitted (weight=0.28),
1771434250.574,0.0,,,,,,,,,,,,,,,0.2181,SAFE,,0,,t586_2,0.38,HIGH,LOCAL,SAFE: all tasks permitted (weight=0.38),
1771434250.574,0.0,,,,,,,,,,,,,,,0.2181,SAFE,,0,,t586_3,0.39,LOW,OFFLOAD,"Budget exhausted (B=0), offloading. Original: SAFE: all tasks permitted (weight=0.39)",
1771434250.574,0.0,45.83,4.6342,1.726,80.4,7,,,0.03843,0.3051,0.0000,0.7192,0.0000,0.3843,0.6679,0.3021,WARNING,False,0,5,,,,,,
1771434250.574,0.0,,,,,,,,,,,,,,,0.3021,WARNING,,0,,t587_0,0.71,NORMAL,OFFLOAD,WARNING: heavy task offloaded (weight=0.71 >= 0.3),
1771434250.574,0.0,46.15,4.6895,1.650,75.0,7,,,0.03814,0.3579,0.0000,0.5348,0.0000,0.3814,0.6300,0.2766,WARNING,False,0,5,,,,,,
1771434250.574,0.0,,,,,,,,,,,,,,,0.2766,WARNING,,0,,t588_0,0.30,HIGH,OFFLOAD,WARNING: heavy task offloaded (weight=0.30 >= 0.3),
1771434250.574,0.0,46.17,4.6682,1.579,70.0,6,,,0.04054,0.3616,0.0000,0.6058,0.0000,0.4054,0.5797,0.2786,WARNING,False,0,5,,,,,,
1771434250.574,0.0,,,,,,,,,,,,,,,0.2786,WARNING,,0,,t589_0,0.79,HIGH,OFFLOAD,WARNING: heavy task offloaded (weight=0.79 >= 0.3),
1771434250.574,0.0,,,,,,,,,,,,,,,0.2786,WARNING,,0,,t589_1,0.34,NORMAL,OFFLOAD,WARNING: heavy task offloaded (weight=0.34 >= 0.3),
1771434250.574,0.0,,,,,,,,,,,,,,,0.2786,WARNING,,0,,t589_2,0.46,LOW,OFFLOAD,WARNING: heavy task offloaded (weight=0.46 >= 0.3),
1771434250.574,0.0,,,,,,,,,,,,,,,0.2786,WARNING,,0,,t589_3,0.78,HIGH,OFFLOAD,WARNING: heavy task offloaded (weight=0.78 >= 0.3),
1771434250.574,0.0,,,,,,,,,,,,,,,0.2786,WARNING,,0,,t589_4,0.45,HIGH,OFFLOAD,WARNING: heavy task offloaded (weight=0.45 >= 0.3),
1771434250.574,0.0,,,,,,,,,,,,,,,0.2786,WARNING,,0,,t589_5,0.40,HIGH,OFFLOAD,WARNING: heavy task offloaded (weight=0.40 >= 0.3),
1771434250.574,0.0,46.24,4.6868,1.514,65.3,6,,,0.04124,0.3734,0.0000,0.5440,0.0000,0.4124,0.5469,0.2661,WARNING,False,0,5,,,,,,
1771434250.574,0.0,,,,,,,,,,,,,,,0.2661,WARNING,,0,,t590_0,0.85,LOW,OFFLOAD,WARNING: heavy task offloaded (weight=0.85 >= 0.3),
1771434250.574,0.0,46.50,4.6735,1.453,60.9,5,,,0.04259,0.4163,0.0000,0.5885,0.0000,0.4259,0.5014,0.2693,WARNING,False,0,5,,,,,,
1771434250.574,0.0,,,,,,,,,,,,,,,0.2693,WARNING,,0,,t591_0,0.44,NORMAL,OFFLOAD,WARNING: heavy task offloaded (weight=0.44 >= 0.3),
1771434250.574,0.0,46.33,4.6858,1.396,56.9,5,,,0.04265,0.3875,0.0000,0.5473,0.0000,0.4265,0.4730,0.2549,WARNING,False,0,5,,,,,,
1771434250.575,0.0,,,,,,,,,,,,,,,0.2549,WARNING,,0,,t592_0,0.80,HIGH,OFFLOAD,WARNING: heavy task offloaded (weight=0.80 >= 0.3),
1771434250.575,0.0,46.75,4.6771,1.343,53.1,5,101991.578,-96.45927,0.04336,0.4575,1.0000,0.5764,1.0000,0.4336,0.4466,0.7125,CRITICAL,False,0,5,,,,,,
1771434250.575,0.0,,,,,,,,,,,,,,,0.7125,CRITICAL,,0,,t593_0,0.83,LOW,OFFLOAD,CRITICAL: non-critical task offloaded (priority=LOW),
1771434250.575,0.0,46.31,4.7380,1.294,49.6,4,71417.900,49.73740,0.04295,0.3850,1.0000,0.3732,0.0000,0.4295,0.4071,0.4691,CRITICAL,False,0,5,,,,,,
1771434250.575,0.0,,,,,,,,,,,,,,,0.4691,CRITICAL,,0,,t594_0,0.43,HIGH,OFFLOAD,CRITICAL: non-critical task offloaded (priority=HIGH),
1771434250.575,0.0,,,,,,,,,,,,,,,0.4691,CRITICAL,,0,,t594_1,0.27,HIGH,OFFLOAD,CRITICAL: non-critical task offloaded (priority=HIGH),
1771434250.575,0.0,,,,,,,,,,,,,,,0.4691,CRITICAL,,0,,t594_2,0.80,NORMAL,OFFLOAD,CRITICAL: non-critical task offloaded (priority=NORMAL),
1771434250.575,0.0,,,,,,,,,,,,,,,0.4691,CRITICAL,,0,,t594_3,0.30,LOW,OFFLOAD,CRITICAL: non-critical task offloaded (priority=LOW),
1771434250.575,0.0,46.09,4.7513,1.248,46.3,4,15394.095,116.68476,0.04438,0.3481,1.0000,0.3289,0.0000,0.4438,0.3842,0.4558,CRITICAL,False,0,5,,,,,,
1771434250.575,0.0,,,,,,,,,,,,,,,0.4558,CRITICAL,,0,,t595_0,0.44,HIGH,OFFLOAD,CRITICAL: non-critical task offloaded (priority=HIGH),
1771434250.575,0.0,,,,,,,,,,,,,,,0.4558,CRITICAL,,0,,t595_1,0.66,CRITICAL,OFFLOAD,"Budget exhausted (B=0), offloading. Original: CRITICAL: mission-critical task permitted locally (priority=CRITICAL)",
1771434250.575,0.0,45.94,4.7498,1.206,43.3,4,-12307.525,60.08138,0.03999,0.3236,0.0000,0.3339,0.0000,0.3999,0.3630,0.1948,WARNING,False,0,5,,,,,,
1771434250.575,0.0,,,,,,,,,,,,,,,0.1948,WARNING,,0,,t596_0,0.57,LOW,OFFLOAD,WARNING: heavy task offloaded (weight=0.57 >= 0.3),
1771434250.575,0.0,46.40,4.7493,1.167,40.5,3,14010.448,80.72093,0.03671,0.4007,1.0000,0.3358,0.0000,0.3671,0.3283,0.4441,WARNING,False,5,0,,,,,,window_reset|B=5
1771434250.575,0.0,,,,,,,,,,,,,,,0.4441,WARNING,,5,,t597_0,0.42,HIGH,OFFLOAD,WARNING: heavy task offloaded (weight=0.42 >= 0.3),
1771434250.575,0.0,,,,,,,,,,,,,,,0.4441,WARNING,,5,,t597_1,0.43,LOW,OFFLOAD,WARNING: heavy task offloaded (weight=0.43 >= 0.3),
1771434250.575,0.0,,,,,,,,,,,,,,,0.4441,WARNING,,5,,t597_2,0.73,NORMAL,OFFLOAD,WARNING: heavy task offloaded (weight=0.73 >= 0.3),
1771434250.575,0.0,45.50,4.7550,1.130,37.8,3,-44363.482,67.97729,0.03956,0.2497,0.0000,0.3166,0.0000,0.3956,0.3099,0.1727,SAFE,False,5,0,,,,,,
1771434250.575,0.0,,,,,,,,,,,,,,,0.1727,SAFE,,4,,t598_0,0.32,LOW,LOCAL,SAFE: all tasks permitted (weight=0.32),
1771434250.575,0.0,,,,,,,,,,,,,,,0.1727,SAFE,,3,,t598_1,0.51,HIGH,LOCAL,SAFE: all tasks permitted (weight=0.51),
1771434250.575,0.0,45.60,4.7052,1.313,51.0,4,-53833.830,31.61699,0.03338,0.2663,0.0000,0.4827,0.0000,0.3338,0.4167,0.2114,SAFE,False,3,2,,,,,,
1771434250.575,0.0,,,,,,,,,,,,,,,0.2114,SAFE,,2,,t599_0,0.20,NORMAL,LOCAL,SAFE: all tasks permitted (weight=0.20),
1771434250.575,0.0,,,,,,,,,,,,,,,0.2114,SAFE,,1,,t599_1,0.54,HIGH,LOCAL,SAFE: all tasks permitted (weight=0.54),
1771434250.575,0.0,,,,,,,,,,,,,,,0.2114,SAFE,,0,,t599_2,0.75,CRITICAL,LOCAL,SAFE: all tasks permitted (weight=0.75),
1771434250.575,0.0,46.34,4.6451,1.651,75.1,7,812.685,-40.59150,0.03772,0.3898,1.0000,0.6831,1.0000,0.3772,0.6305,0.7494,WARNING,False,0,5,,,,,,
1771434250.575,0.0,,,,,,,,,,,,,,,0.7494,WARNING,,0,,t600_0,0.19,NORMAL,OFFLOAD,"Budget exhausted (B=0), offloading. Original: WARNING: lightweight task permitted (weight=0.19 < 0.3)",
1771434250.575,0.0,46.66,4.6738,1.580,70.0,6,,,0.03727,0.4433,0.0000,0.5872,0.0000,0.3727,0.5802,0.2828,WARNING,False,0,5,,,,,,
1771434250.575,0.0,,,,,,,,,,,,,,,0.2828,WARNING,,0,,t601_0,0.72,HIGH,OFFLOAD,WARNING: heavy task offloaded (weight=0.72 >= 0.3),
1771434250.575,0.0,,,,,,,,,,,,,,,0.2828,WARNING,,0,,t601_1,0.81,NORMAL,OFFLOAD,WARNING: heavy task offloaded (weight=0.81 >= 0.3),
1771434250.575,0.0,,,,,,,,,,,,,,,0.2828,WARNING,,0,,t601_2,0.44,CRITICAL,OFFLOAD,WARNING: heavy task offloaded (weight=0.44 >= 0.3),
1771434250.575,0.0,45.72,4.6584,1.515,65.3,6,,,0.03935,0.2871,0.0000,0.6386,0.0000,0.3935,0.5473,0.2663,WARNING,False,0,5,,,,,,
1771434250.575,0.0,,,,,,,,,,,,,,,0.2663,WARNING,,0,,t602_0,0.29,CRITICAL,OFFLOAD,"Budget exhausted (B=0), offloading. Original: WARNING: lightweight task permitted (weight=0.29 < 0.3)",
1771434250.575,0.0,,,,,,,,,,,,,,,0.2663,WARNING,,0,,t602_1,0.47,NORMAL,OFFLOAD,WARNING: heavy task offloaded (weight=0.47 >= 0.3),
1771434250.575,0.0,47.02,4.6719,1.454,61.0,5,,,0.03946,0.5033,0.0000,0.5937,0.0000,0.3946,0.5018,0.2774,WARNING,False,0,5,,,,,,
1771434250.575,0.0,,,,,,,,,,,,,,,0.2774,WARNING,,0,,t603_0,0.89,HIGH,OFFLOAD,WARNING: heavy task offloaded (weight=0.89 >= 0.3),
1771434250.575,0.0,,,,,,,,,,,,,,,0.2774,WARNING,,0,,t603_1,0.73,NORMAL,OFFLOAD,WARNING: heavy task offloaded (weight=0.73 >= 0.3),
1771434250.575,0.0,46.72,4.7414,1.397,56.9,5,,,0.04018,0.4535,0.0000,0.3620,0.0000,0.4018,0.4734,0.2363,WARNING,False,0,5,,,,,,
1771434250.575,0.0,,,,,,,,,,,,,,,0.2363,WARNING,,0,,t604_0,0.24,LOW,OFFLOAD,"Budget exhausted (B=0), offloading. Original: WARNING: lightweight task permitted (weight=0.24 < 0.3)",
1771434250.576,0.0,,,,,,,,,,,,,,,0.2363,WARNING,,0,,t604_1,0.26,NORMAL,OFFLOAD,"Budget exhausted (B=0), offloading. Original: WARNING: lightweight task permitted (weight=0.26 < 0.3)",
1771434250.576,0.0,,,,,,,,,,,,,,,0.2363,WARNING,,0,,t604_2,0.43,HIGH,OFFLOAD,WARNING: heavy task offloaded (weight=0.43 >= 0.3),
1771434250.576,0.0,46.06,4.6864,1.344,53.1,5,-20613.608,-62.58743,0.03963,0.3432,0.0000,0.5452,1.0000,0.3963,0.4470,0.4411,WARNING,False,0,5,,,,,,
1771434250.576,0.0,,,,,,,,,,,,,,,0.4411,WARNING,,0,,t605_0,0.26,CRITICAL,OFFLOAD,"Budget exhausted (B=0), offloading. Original: WARNING: lightweight task permitted (weight=0.26 < 0.3)",
1771434250.576,0.0,,,,,,,,,,,,,,,0.4411,WARNING,,0,,t605_1,0.87,LOW,OFFLOAD,WARNING: heavy task offloaded (weight=0.87 >= 0.3),
1771434250.576,0.0,,,,,,,,,,,,,,,0.4411,WARNING,,0,,t605_2,0.62,LOW,OFFLOAD,WARNING: heavy task offloaded (weight=0.62 >= 0.3),
1771434250.576,0.0,46.06,4.7169,1.295,49.6,4,33794.700,-38.01157,0.03883,0.3439,1.0000,0.4437,1.0000,0.3883,0.4074,0.6693,CRITICAL,False,0,5,,,,,,
1771434250.576,0.0,,,,,,,,,,,,,,,0.6693,CRITICAL,,0,,t606_0,0.86,NORMAL,OFFLOAD,CRITICAL: non-critical task offloaded (priority=NORMAL),
1771434250.576,0.0,,,,,,,,,,,,,,,0.6693,CRITICAL,,0,,t606_1,0.59,NORMAL,OFFLOAD,CRITICAL: non-critical task offloaded (priority=NORMAL),
1771434250.576,0.0,,,,,,,,,,,,,,,0.6693,CRITICAL,,0,,t606_2,0.71,NORMAL,OFFLOAD,CRITICAL: non-critical task offloaded (priority=NORMAL),
1771434250.576,0.0,46.91,4.7244,1.249,46.4,4,78300.416,19.12774,0.03703,0.4845,1.0000,0.4187,0.0000,0.3703,0.3845,0.4765,CRITICAL,False,0,5,,,,,,
1771434250.576,0.0,,,,,,,,,,,,,,,0.4765,CRITICAL,,0,,t607_0,0.52,NORMAL,OFFLOAD,CRITICAL: non-critical task offloaded (priority=NORMAL),
1771434250.576,0.0,,,,,,,,,,,,,,,0.4765,CRITICAL,,0,,t607_1,0.20,LOW,OFFLOAD,CRITICAL: non-critical task offloaded (priority=LOW),
1771434250.576,0.0,,,,,,,,,,,,,,,0.4765,CRITICAL,,0,,t607_2,0.77,HIGH,OFFLOAD,CRITICAL: non-critical task offloaded (priority=HIGH),
1771434250.576,0.0,46.30,4.7418,1.207,43.3,4,-2220.490,96.35311,0.03631,0.3836,0.0000,0.3608,0.0000,0.3631,0.3633,0.2019,WARNING,False,0,5,,,,,,
1771434250.576,0.0,,,,,,,,,,,,,,,0.2019,WARNING,,0,,t608_0,0.54,LOW,OFFLOAD,WARNING: heavy task offloaded (weight=0.54 >= 0.3),
1771434250.576,0.0,,,,,,,,,,,,,,,0.2019,WARNING,,0,,t608_1,0.25,NORMAL,OFFLOAD,"Budget exhausted (B=0), offloading. Original: WARNING: lightweight task permitted (weight=0.25 < 0.3)",
1771434250.576,0.0,,,,,,,,,,,,,,,0.2019,WARNING,,0,,t608_2,0.45,NORMAL,OFFLOAD,WARNING: heavy task offloaded (weight=0.45 >= 0.3),
1771434250.576,0.0,,,,,,,,,,,,,,,0.2019,WARNING,,0,,t608_3,0.46,NORMAL,OFFLOAD,WARNING: heavy task offloaded (weight=0.46 >= 0.3),
1771434250.576,0.0,,,,,,,,,,,,,,,0.2019,WARNING,,0,,t608_4,0.33,NORMAL,OFFLOAD,WARNING: heavy task offloaded (weight=0.33 >= 0.3),
1771434250.576,0.0,46.30,4.7577,1.167,40.5,3,-21200.816,83.53640,0.03721,0.3842,0.0000,0.3077,0.0000,0.3721,0.3285,0.1890,WARNING,False,0,5,,,,,,
1771434250.576,0.0,,,,,,,,,,,,,,,0.1890,WARNING,,0,,t609_0,0.68,LOW,OFFLOAD,WARNING: heavy task offloaded (weight=0.68 >= 0.3),
1771434250.576,0.0,,,,,,,,,,,,,,,0.1890,WARNING,,0,,t609_1,0.27,CRITICAL,OFFLOAD,"Budget exhausted (B=0), offloading. Original: WARNING: lightweight task permitted (weight=0.27 < 0.3)",
1771434250.576,0.0,46.53,4.7535,1.130,37.9,3,48008.552,94.79261,0.03705,0.4209,1.0000,0.3215,0.0000,0.3705,0.3102,0.4414,WARNING,False,5,0,,,,,,window_reset|B=5
1771434250.576,0.0,,,,,,,,,,,,,,,0.4414,WARNING,,5,,t610_0,0.53,NORMAL,OFFLOAD,WARNING: heavy task offloaded (weight=0.53 >= 0.3),
1771434250.576,0.0,,,,,,,,,,,,,,,0.4414,WARNING,,4,,t610_1,0.22,LOW,LOCAL,WARNING: lightweight task permitted (weight=0.22 < 0.3),
1771434250.576,0.0,,,,,,,,,,,,,,,0.4414,WARNING,,4,,t610_2,0.66,HIGH,OFFLOAD,WARNING: heavy task offloaded (weight=0.66 >= 0.3),
1771434250.576,0.0,45.69,4.7604,1.153,39.5,3,-79646.677,88.16863,0.03993,0.2813,0.0000,0.2988,0.0000,0.3993,0.3213,0.1768,SAFE,False,4,1,,,,,,
1771434250.576,0.0,,,,,,,,,,,,,,,0.1768,SAFE,,3,,t611_0,0.29,HIGH,LOCAL,SAFE: all tasks permitted (weight=0.29),
1771434250.576,0.0,,,,,,,,,,,,,,,0.1768,SAFE,,2,,t611_1,0.59,LOW,LOCAL,SAFE: all tasks permitted (weight=0.59),
1771434250.576,0.0,46.34,4.7431,1.347,53.3,5,-22693.475,1.68010,0.03538,0.3902,0.0000,0.3564,0.0000,0.3538,0.4484,0.2182,SAFE,False,2,3,,,,,,
1771434250.576,0.0,,,,,,,,,,,,,,,0.2182,SAFE,,1,,t612_0,0.64,NORMAL,LOCAL,SAFE: all tasks permitted (weight=0.64),
1771434250.576,0.0,46.16,4.6834,1.465,61.8,5,,,0.03445,0.3602,0.0000,0.5553,0.0000,0.3445,0.5074,0.2513,WARNING,False,1,4,,,,,,
1771434250.576,0.0,,,,,,,,,,,,,,,0.2513,WARNING,,1,,t613_0,0.35,NORMAL,OFFLOAD,WARNING: heavy task offloaded (weight=0.35 >= 0.3),
1771434250.576,0.0,,,,,,,,,,,,,,,0.2513,WARNING,,1,,t613_1,0.40,LOW,OFFLOAD,WARNING: heavy task offloaded (weight=0.40 >= 0.3),
1771434250.576,0.0,46.39,4.6855,1.407,57.7,5,,,0.03106,0.3982,0.0000,0.5483,0.0000,0.3106,0.4786,0.2458,WARNING,False,1,4,,,,,,
1771434250.576,0.0,,,,,,,,,,,,,,,0.2458,WARNING,,1,,t614_0,0.76,NORMAL,OFFLOAD,WARNING: heavy task offloaded (weight=0.76 >= 0.3),
1771434250.576,0.0,,,,,,,,,,,,,,,0.2458,WARNING,,1,,t614_1,0.60,LOW,OFFLOAD,WARNING: heavy task offloaded (weight=0.60 >= 0.3),
1771434250.576,0.0,45.91,4.7186,1.354,53.8,5,,,0.02720,0.3184,0.0000,0.4380,0.0000,0.2720,0.4518,0.2127,WARNING,False,1,4,,,,,,
1771434250.576,0.0,,,,,,,,,,,,,,,0.2127,WARNING,,1,,t615_0,0.80,NORMAL,OFFLOAD,WARNING: heavy task offloaded (weight=0.80 >= 0.3),
1771434250.576,0.0,,,,,,,,,,,,,,,0.2127,WARNING,,1,,t615_1,0.67,CRITICAL,OFFLOAD,WARNING: heavy task offloaded (weight=0.67 >= 0.3),
1771434250.576,0.0,,,,,,,,,,,,,,,0.2127,WARNING,,1,,t615_2,0.46,HIGH,OFFLOAD,WARNING: heavy task offloaded (weight=0.46 >= 0.3),
1771434250.576,0.0,,,,,,,,,,,,,,,0.2127,WARNING,,1,,t615_3,0.46,NORMAL,OFFLOAD,WARNING: heavy task offloaded (weight=0.46 >= 0.3),
1771434250.576,0.0,45.60,4.7271,1.304,50.3,4,,,0.02682,0.2674,0.0000,0.4098,0.0000,0.2682,0.4119,0.1946,WARNING,False,1,4,,,,,,
1771434250.576,0.0,,,,,,,,,,,,,,,0.1946,WARNING,,1,,t616_0,0.72,HIGH,OFFLOAD,WARNING: heavy task offloaded (weight=0.72 >= 0.3),
1771434250.576,0.0,45.71,4.7086,1.257,47.0,4,,,0.02479,0.2856,0.0000,0.4712,0.0000,0.2479,0.3887,0.1981,WARNING,False,1,4,,,,,,
1771434250.576,0.0,,,,,,,,,,,,,,,0.1981,WARNING,,0,,t617_0,0.27,HIGH,LOCAL,WARNING: lightweight task permitted (weight=0.27 < 0.3),
1771434250.576,0.0,,,,,,,,,,,,,,,0.1981,WARNING,,0,,t617_1,0.65,NORMAL,OFFLOAD,WARNING: heavy task offloaded (weight=0.65 >= 0.3),
1771434250.576,0.0,45.72,4.7190,1.284,48.9,4,,,0.02473,0.2872,0.0000,0.4368,0.0000,0.2473,0.4021,0.1964,WARNING,False,0,5,,,,,,
1771434250.577,0.0,,,,,,,,,,,,,,,0.1964,WARNING,,0,,t618_0,0.40,NORMAL,OFFLOAD,WARNING: heavy task offloaded (weight=0.40 >= 0.3),
1771434250.577,0.0,,,,,,,,,,,,,,,0.1964,WARNING,,0,,t618_1,0.53,NORMAL,OFFLOAD,WARNING: heavy task offloaded (weight=0.53 >= 0.3),
1771434250.577,0.0,46.08,4.7229,1.239,45.7,4,22740.139,-36.05997,0.02474,0.3470,1.0000,0.4238,1.0000,0.2474,0.3796,0.6474,CRITICAL,False,0,5,,,,,,
1771434250.577,0.0,,,,,,,,,,,,,,,0.6474,CRITICAL,,0,,t619_0,0.30,HIGH,OFFLOAD,CRITICAL: non-critical task offloaded (priority=HIGH),
1771434250.577,0.0,,,,,,,,,,,,,,,0.6474,CRITICAL,,0,,t619_1,0.33,NORMAL,OFFLOAD,CRITICAL: non-critical task offloaded (priority=NORMAL),
1771434250.577,0.0,45.90,4.7614,1.197,42.7,3,-25343.654,17.58066,0.02628,0.3170,0.0000,0.2954,0.0000,0.2628,0.3437,0.1715,WARNING,False,0,5,,,,,,
1771434250.577,0.0,,,,,,,,,,,,,,,0.1715,WARNING,,0,,t620_0,0.54,NORMAL,OFFLOAD,WARNING: heavy task offloaded (weight=0.54 >= 0.3),
1771434250.577,0.0,,,,,,,,,,,,,,,0.1715,WARNING,,0,,t620_1,0.34,HIGH,OFFLOAD,WARNING: heavy task offloaded (weight=0.34 >= 0.3),
1771434250.577,0.0,,,,,,,,,,,,,,,0.1715,WARNING,,0,,t620_2,0.66,HIGH,OFFLOAD,WARNING: heavy task offloaded (weight=0.66 >= 0.3),
1771434250.577,0.0,,,,,,,,,,,,,,,0.1715,WARNING,,0,,t620_3,0.32,NORMAL,OFFLOAD,WARNING: heavy task offloaded (weight=0.32 >= 0.3),
1771434250.577,0.0,45.55,4.7700,1.158,39.9,3,-35463.688,83.30241,0.02762,0.2578,0.0000,0.2665,0.0000,0.2762,0.3242,0.1580,SAFE,False,0,5,,,,,,
1771434250.577,0.0,,,,,,,,,,,,,,,0.1580,SAFE,,0,,t621_0,0.86,HIGH,OFFLOAD,"Budget exhausted (B=0), offloading. Original: SAFE: all tasks permitted (weight=0.86)",
1771434250.577,0.0,45.20,4.7795,1.122,37.3,3,-68840.445,90.30853,0.03030,0.1993,0.0000,0.2351,0.0000,0.3030,0.3062,0.1460,SAFE,False,0,5,,,,,,
1771434250.577,0.0,,,,,,,,,,,,,,,0.1460,SAFE,,0,,t622_0,0.75,HIGH,OFFLOAD,"Budget exhausted (B=0), offloading. Original: SAFE: all tasks permitted (weight=0.75)",
1771434250.577,0.0,,,,,,,,,,,,,,,0.1460,SAFE,,0,,t622_1,0.89,NORMAL,OFFLOAD,"Budget exhausted (B=0), offloading. Original: SAFE: all tasks permitted (weight=0.89)",
1771434250.577,0.0,45.27,4.7746,1.089,34.9,3,-37236.406,53.87777,0.03165,0.2109,0.0000,0.2512,0.0000,0.3165,0.2894,0.1475,SAFE,False,8,0,,,,,,window_reset|B=8
1771434250.577,0.0,,,,,,,,,,,,,,,0.1475,SAFE,,7,,t623_0,0.79,HIGH,LOCAL,SAFE: all tasks permitted (weight=0.79),
1771434250.577,0.0,,,,,,,,,,,,,,,0.1475,SAFE,,6,,t623_1,0.51,HIGH,LOCAL,SAFE: all tasks permitted (weight=0.51),
1771434250.577,0.0,,,,,,,,,,,,,,,0.1475,SAFE,,5,,t623_2,0.86,LOW,LOCAL,SAFE: all tasks permitted (weight=0.86),
1771434250.577,0.0,45.73,4.6494,1.620,72.8,6,7273.898,-74.63422,0.03888,0.2884,1.0000,0.6686,1.0000,0.3888,0.5999,0.7304,WARNING,False,5,3,,,,,,
1771434250.577,0.0,,,,,,,,,,,,,,,0.7304,WARNING,,4,,t624_0,0.19,NORMAL,LOCAL,WARNING: lightweight task permitted (weight=0.19 < 0.3),
1771434250.577,0.0,,,,,,,,,,,,,,,0.7304,WARNING,,4,,t624_1,0.47,HIGH,OFFLOAD,WARNING: heavy task offloaded (weight=0.47 >= 0.3),
1771434250.577,0.0,,,,,,,,,,,,,,,0.7304,WARNING,,3,,t624_2,0.19,HIGH,LOCAL,WARNING: lightweight task permitted (weight=0.19 < 0.3),
1771434250.577,0.0,45.72,4.6417,1.649,74.9,7,433.455,-64.39371,0.04398,0.2869,1.0000,0.6945,1.0000,0.4398,0.6296,0.7446,CRITICAL,False,3,5,,,,,,
1771434250.577,0.0,,,,,,,,,,,,,,,0.7446,CRITICAL,,3,,t625_0,0.57,NORMAL,OFFLOAD,CRITICAL: non-critical task offloaded (priority=NORMAL),
1771434250.577,0.0,,,,,,,,,,,,,,,0.7446,CRITICAL,,3,,t625_1,0.50,HIGH,OFFLOAD,CRITICAL: non-critical task offloaded (priority=HIGH),
1771434250.577,0.0,,,,,,,,,,,,,,,0.7446,CRITICAL,,3,,t625_2,0.26,NORMAL,OFFLOAD,CRITICAL: non-critical task offloaded (priority=NORMAL),
1771434250.577,0.0,45.50,4.6675,1.579,69.9,6,-12625.646,-49.44609,0.04546,0.2507,0.0000,0.6082,1.0000,0.4546,0.5794,0.4705,CRITICAL,False,3,5,,,,,,
1771434250.577,0.0,,,,,,,,,,,,,,,0.4705,CRITICAL,,3,,t626_0,0.80,NORMAL,OFFLOAD,CRITICAL: non-critical task offloaded (priority=NORMAL),
1771434250.577,0.0,,,,,,,,,,,,,,,0.4705,CRITICAL,,3,,t626_1,0.79,LOW,OFFLOAD,CRITICAL: non-critical task offloaded (priority=LOW),
1771434250.577,0.0,,,,,,,,,,,,,,,0.4705,CRITICAL,,3,,t626_2,0.66,HIGH,OFFLOAD,CRITICAL: non-critical task offloaded (priority=HIGH),
1771434250.577,0.0,,,,,,,,,,,,,,,0.4705,CRITICAL,,2,,t626_3,0.16,CRITICAL,LOCAL,CRITICAL: mission-critical task permitted locally (priority=CRITICAL),
1771434250.577,0.0,,,,,,,,,,,,,,,0.4705,CRITICAL,,2,,t626_4,0.88,NORMAL,OFFLOAD,CRITICAL: non-critical task offloaded (priority=NORMAL),
1771434250.577,0.0,,,,,,,,,,,,,,,0.4705,CRITICAL,,2,,t626_5,0.71,NORMAL,OFFLOAD,CRITICAL: non-critical task offloaded (priority=NORMAL),
1771434250.577,0.0,45.91,4.6460,1.555,68.2,6,,,0.04986,0.3183,0.0000,0.6799,0.0000,0.4986,0.5675,0.2900,WARNING,False,2,6,,,,,,
1771434250.577,0.0,,,,,,,,,,,,,,,0.2900,WARNING,,1,,t627_0,0.28,LOW,LOCAL,WARNING: lightweight task permitted (weight=0.28 < 0.3),
1771434250.577,0.0,,,,,,,,,,,,,,,0.2900,WARNING,,1,,t627_1,0.33,HIGH,OFFLOAD,WARNING: heavy task offloaded (weight=0.33 >= 0.3),
1771434250.577,0.0,46.39,4.6511,1.563,68.8,6,,,0.05255,0.3979,0.0000,0.6629,0.0000,0.5255,0.5716,0.3008,WARNING,False,1,7,,,,,,
1771434250.577,0.0,,,,,,,,,,,,,,,0.3008,WARNING,,1,,t628_0,0.80,LOW,OFFLOAD,WARNING: heavy task offloaded (weight=0.80 >= 0.3),
1771434250.577,0.0,46.32,4.6843,1.499,64.2,6,,,0.05294,0.3875,0.0000,0.5523,0.0000,0.5294,0.5393,0.2791,WARNING,False,1,7,,,,,,
1771434250.577,0.0,,,,,,,,,,,,,,,0.2791,WARNING,,1,,t629_0,0.62,NORMAL,OFFLOAD,WARNING: heavy task offloaded (weight=0.62 >= 0.3),
1771434250.577,0.0,,,,,,,,,,,,,,,0.2791,WARNING,,1,,t629_1,0.43,LOW,OFFLOAD,WARNING: heavy task offloaded (weight=0.43 >= 0.3),
1771434250.577,0.0,,,,,,,,,,,,,,,0.2791,WARNING,,1,,t629_2,0.38,HIGH,OFFLOAD,WARNING: heavy task offloaded (weight=0.38 >= 0.3),
1771434250.577,0.0,,,,,,,,,,,,,,,0.2791,WARNING,,1,,t629_3,0.75,NORMAL,OFFLOAD,WARNING: heavy task offloaded (weight=0.75 >= 0.3),
1771434250.577,0.0,46.36,4.6667,1.439,59.9,5,,,0.05380,0.3925,0.0000,0.6111,0.0000,0.5380,0.4943,0.2792,WARNING,False,1,7,,,,,,
1771434250.577,0.0,,,,,,,,,,,,,,,0.2792,WARNING,,1,,t630_0,0.81,LOW,OFFLOAD,WARNING: heavy task offloaded (weight=0.81 >= 0.3),
1771434250.577,0.0,46.06,4.6979,1.383,55.9,5,,,0.05341,0.3426,0.0000,0.5071,0.0000,0.5341,0.4664,0.2537,WARNING,False,1,7,,,,,,
1771434250.578,0.0,,,,,,,,,,,,,,,0.2537,WARNING,,1,,t631_0,0.58,CRITICAL,OFFLOAD,WARNING: heavy task offloaded (weight=0.58 >= 0.3),
1771434250.578,0.0,,,,,,,,,,,,,,,0.2537,WARNING,,1,,t631_1,0.50,HIGH,OFFLOAD,WARNING: heavy task offloaded (weight=0.50 >= 0.3),
1771434250.578,0.0,46.24,4.7072,1.331,52.2,4,31931.289,60.24419,0.05015,0.3735,1.0000,0.4759,0.0000,0.5015,0.4255,0.4919,WARNING,False,1,7,,,,,,
1771434250.578,0.0,,,,,,,,,,,,,,,0.4919,WARNING,,1,,t632_0,0.84,LOW,OFFLOAD,WARNING: heavy task offloaded (weight=0.84 >= 0.3),
1771434250.578,0.0,,,,,,,,,,,,,,,0.4919,WARNING,,1,,t632_1,0.32,HIGH,OFFLOAD,WARNING: heavy task offloaded (weight=0.32 >= 0.3),
1771434250.578,0.0,,,,,,,,,,,,,,,0.4919,WARNING,,0,,t632_2,0.25,NORMAL,LOCAL,WARNING: lightweight task permitted (weight=0.25 < 0.3),
1771434250.578,0.0,46.35,4.6798,1.349,53.5,5,39625.732,39.72157,0.04476,0.3925,1.0000,0.5675,0.0000,0.4476,0.4493,0.5055,WARNING,False,0,8,,,,,,
1771434250.578,0.0,,,,,,,,,,,,,,,0.5055,WARNING,,0,,t633_0,0.26,HIGH,OFFLOAD,"Budget exhausted (B=0), offloading. Original: WARNING: lightweight task permitted (weight=0.26 < 0.3)",
1771434250.578,0.0,,,,,,,,,,,,,,,0.5055,WARNING,,0,,t633_1,0.81,NORMAL,OFFLOAD,WARNING: heavy task offloaded (weight=0.81 >= 0.3),
1771434250.578,0.0,45.84,4.7324,1.299,49.9,4,21040.776,67.66232,0.03806,0.3068,1.0000,0.3918,0.0000,0.3806,0.4095,0.4577,WARNING,False,0,8,,,,,,
1771434250.578,0.0,,,,,,,,,,,,,,,0.4577,WARNING,,0,,t634_0,0.25,HIGH,OFFLOAD,"Budget exhausted (B=0), offloading. Original: WARNING: lightweight task permitted (weight=0.25 < 0.3)",
1771434250.578,0.0,,,,,,,,,,,,,,,0.4577,WARNING,,0,,t634_1,0.23,HIGH,OFFLOAD,"Budget exhausted (B=0), offloading. Original: WARNING: lightweight task permitted (weight=0.23 < 0.3)",
1771434250.578,0.0,,,,,,,,,,,,,,,0.4577,WARNING,,0,,t634_2,0.47,LOW,OFFLOAD,WARNING: heavy task offloaded (weight=0.47 >= 0.3),
1771434250.578,0.0,,,,,,,,,,,,,,,0.4577,WARNING,,0,,t634_3,0.19,NORMAL,OFFLOAD,"Budget exhausted (B=0), offloading. Original: WARNING: lightweight task permitted (weight=0.19 < 0.3)",
1771434250.578,0.0,,,,,,,,,,,,,,,0.4577,WARNING,,0,,t634_4,0.79,LOW,OFFLOAD,WARNING: heavy task offloaded (weight=0.79 >= 0.3),
1771434250.578,0.0,46.09,4.7345,1.253,46.6,4,11413.095,92.25845,0.03100,0.3487,1.0000,0.3849,0.0000,0.3100,0.3865,0.4502,WARNING,False,0,8,,,,,,
1771434250.578,0.0,,,,,,,,,,,,,,,0.4502,WARNING,,0,,t635_0,0.81,LOW,OFFLOAD,WARNING: heavy task offloaded (weight=0.81 >= 0.3),
1771434250.578,0.0,45.68,4.7465,1.210,43.6,4,-44525.123,99.43399,0.03447,0.2792,0.0000,0.3449,0.0000,0.3447,0.3651,0.1858,WARNING,False,8,0,,,,,,window_reset|B=8
1771434250.578,0.0,,,,,,,,,,,,,,,0.1858,WARNING,,8,,t636_0,0.69,NORMAL,OFFLOAD,WARNING: heavy task offloaded (weight=0.69 >= 0.3),
1771434250.578,0.0,,,,,,,,,,,,,,,0.1858,WARNING,,8,,t636_1,0.58,CRITICAL,OFFLOAD,WARNING: heavy task offloaded (weight=0.58 >= 0.3),
1771434250.578,0.0,45.74,4.7724,1.171,40.8,3,-36498.140,91.81824,0.03853,0.2902,0.0000,0.2586,0.0000,0.3853,0.3303,0.1730,SAFE,False,8,0,,,,,,
1771434250.578,0.0,,,,,,,,,,,,,,,0.1730,SAFE,,7,,t637_0,0.16,HIGH,LOCAL,SAFE: all tasks permitted (weight=0.16),
1771434250.578,0.0,,,,,,,,,,,,,,,0.1730,SAFE,,6,,t637_1,0.47,NORMAL,LOCAL,SAFE: all tasks permitted (weight=0.47),
1771434250.578,0.0,,,,,,,,,,,,,,,0.1730,SAFE,,5,,t637_2,0.90,NORMAL,LOCAL,SAFE: all tasks permitted (weight=0.90),
1771434250.578,0.0,46.19,4.6920,1.533,66.6,6,-10616.156,26.43506,0.03745,0.3643,0.0000,0.5265,0.0000,0.3745,0.5564,0.2609,WARNING,False,5,3,,,,,,
1771434250.578,0.0,,,,,,,,,,,,,,,0.2609,WARNING,,5,,t638_0,0.81,HIGH,OFFLOAD,WARNING: heavy task offloaded (weight=0.81 >= 0.3),
1771434250.578,0.0,,,,,,,,,,,,,,,0.2609,WARNING,,5,,t638_1,0.76,NORMAL,OFFLOAD,WARNING: heavy task offloaded (weight=0.76 >= 0.3),
1771434250.578,0.0,,,,,,,,,,,,,,,0.2609,WARNING,,5,,t638_2,0.31,NORMAL,OFFLOAD,WARNING: heavy task offloaded (weight=0.31 >= 0.3),
1771434250.578,0.0,45.63,4.6805,1.470,62.2,5,-26328.118,-18.11745,0.03432,0.2724,0.0000,0.5650,1.0000,0.3432,0.5102,0.4425,WARNING,False,5,3,,,,,,
1771434250.578,0.0,,,,,,,,,,,,,,,0.4425,WARNING,,5,,t639_0,0.45,NORMAL,OFFLOAD,WARNING: heavy task offloaded (weight=0.45 >= 0.3),
1771434250.578,0.0,,,,,,,,,,,,,,,0.4425,WARNING,,5,,t639_1,0.44,NORMAL,OFFLOAD,WARNING: heavy task offloaded (weight=0.44 >= 0.3),
1771434250.578,0.0,,,,,,,,,,,,,,,0.4425,WARNING,,5,,t639_2,0.62,NORMAL,OFFLOAD,WARNING: heavy task offloaded (weight=0.62 >= 0.3),
1771434250.578,0.0,,,,,,,,,,,,,,,0.4425,WARNING,,5,,t639_3,0.89,LOW,OFFLOAD,WARNING: heavy task offloaded (weight=0.89 >= 0.3),
1771434250.578,0.0,,,,,,,,,,,,,,,0.4425,WARNING,,5,,t639_4,0.77,NORMAL,OFFLOAD,WARNING: heavy task offloaded (weight=0.77 >= 0.3),
1771434250.578,0.0,,,,,,,,,,,,,,,0.4425,WARNING,,5,,t639_5,0.76,LOW,OFFLOAD,WARNING: heavy task offloaded (weight=0.76 >= 0.3),
1771434250.578,0.0,45.90,4.6950,1.412,58.0,5,,,0.03066,0.3163,0.0000,0.5165,0.0000,0.3066,0.4812,0.2320,WARNING,False,5,3,,,,,,
1771434250.578,0.0,,,,,,,,,,,,,,,0.2320,WARNING,,5,,t640_0,0.66,NORMAL,OFFLOAD,WARNING: heavy task offloaded (weight=0.66 >= 0.3),
1771434250.578,0.0,45.70,4.7171,1.358,54.2,5,,,0.02993,0.2833,0.0000,0.4432,0.0000,0.2993,0.4542,0.2124,WARNING,False,5,3,,,,,,
1771434250.578,0.0,,,,,,,,,,,,,,,0.2124,WARNING,,5,,t641_0,0.41,CRITICAL,OFFLOAD,WARNING: heavy task offloaded (weight=0.41 >= 0.3),
1771434250.578,0.0,45.75,4.7405,1.308,50.6,4,,,0.02787,0.2914,0.0000,0.3650,0.0000,0.2787,0.4142,0.1931,WARNING,False,5,3,,,,,,
1771434250.578,0.0,,,,,,,,,,,,,,,0.1931,WARNING,,4,,t642_0,0.23,LOW,LOCAL,WARNING: lightweight task permitted (weight=0.23 < 0.3),
1771434250.578,0.0,,,,,,,,,,,,,,,0.1931,WARNING,,4,,t642_1,0.60,NORMAL,OFFLOAD,WARNING: heavy task offloaded (weight=0.60 >= 0.3),
1771434250.578,0.0,,,,,,,,,,,,,,,0.1931,WARNING,,4,,t642_2,0.83,NORMAL,OFFLOAD,WARNING: heavy task offloaded (weight=0.83 >= 0.3),
1771434250.578,0.0,46.08,4.7178,1.321,51.5,4,,,0.02731,0.3462,0.0000,0.4406,0.0000,0.2731,0.4205,0.2102,WARNING,False,4,4,,,,,,
1771434250.578,0.0,,,,,,,,,,,,,,,0.2102,WARNING,,4,,t643_0,0.81,NORMAL,OFFLOAD,WARNING: heavy task offloaded (weight=0.81 >= 0.3),
1771434250.578,0.0,46.97,4.7506,1.274,48.1,4,,,0.02850,0.4957,0.0000,0.3312,0.0000,0.2850,0.3968,0.2104,WARNING,False,4,4,,,,,,
1771434250.579,0.0,,,,,,,,,,,,,,,0.2104,WARNING,,4,,t644_0,0.61,LOW,OFFLOAD,WARNING: heavy task offloaded (weight=0.61 >= 0.3),
1771434250.579,0.0,,,,,,,,,,,,,,,0.2104,WARNING,,3,,t644_1,0.22,HIGH,LOCAL,WARNING: lightweight task permitted (weight=0.22 < 0.3),
1771434250.579,0.0,,,,,,,,,,,,,,,0.2104,WARNING,,2,,t644_2,0.17,LOW,LOCAL,WARNING: lightweight task permitted (weight=0.17 < 0.3),
1771434250.579,0.0,46.70,4.7340,1.329,52.1,4,57841.304,-38.47416,0.02566,0.4507,1.0000,0.3867,1.0000,0.2566,0.4246,0.6650,CRITICAL,False,2,6,,,,,,
1771434250.579,0.0,,,,,,,,,,,,,,,0.6650,CRITICAL,,1,,t645_0,0.22,CRITICAL,LOCAL,CRITICAL: mission-critical task permitted locally (priority=CRITICAL),
1771434250.579,0.0,,,,,,,,,,,,,,,0.6650,CRITICAL,,1,,t645_1,0.38,NORMAL,OFFLOAD,CRITICAL: non-critical task offloaded (priority=NORMAL),
1771434250.579,0.0,,,,,,,,,,,,,,,0.6650,CRITICAL,,1,,t645_2,0.50,NORMAL,OFFLOAD,CRITICAL: non-critical task offloaded (priority=NORMAL),
1771434250.579,0.0,,,,,,,,,,,,,,,0.6650,CRITICAL,,1,,t645_3,0.85,HIGH,OFFLOAD,CRITICAL: non-critical task offloaded (priority=HIGH),
1771434250.579,0.0,45.63,4.7309,1.338,52.7,4,-33489.377,38.87918,0.02563,0.2713,0.0000,0.3971,0.0000,0.2563,0.4288,0.1956,WARNING,False,1,7,,,,,,
1771434250.579,0.0,,,,,,,,,,,,,,,0.1956,WARNING,,1,,t646_0,0.65,CRITICAL,OFFLOAD,WARNING: heavy task offloaded (weight=0.65 >= 0.3),
1771434250.579,0.0,,,,,,,,,,,,,,,0.1956,WARNING,,1,,t646_1,0.31,LOW,OFFLOAD,WARNING: heavy task offloaded (weight=0.31 >= 0.3),
1771434250.579,0.0,,,,,,,,,,,,,,,0.1956,WARNING,,1,,t646_2,0.74,NORMAL,OFFLOAD,WARNING: heavy task offloaded (weight=0.74 >= 0.3),
1771434250.579,0.0,46.44,4.7248,1.289,49.2,4,48152.074,44.31616,0.02550,0.4060,1.0000,0.4175,0.0000,0.2550,0.4045,0.4594,WARNING,False,1,7,,,,,,
1771434250.579,0.0,,,,,,,,,,,,,,,0.4594,WARNING,,0,,t647_0,0.16,NORMAL,LOCAL,WARNING: lightweight task permitted (weight=0.16 < 0.3),
1771434250.579,0.0,,,,,,,,,,,,,,,0.4594,WARNING,,0,,t647_1,0.54,HIGH,OFFLOAD,WARNING: heavy task offloaded (weight=0.54 >= 0.3),
1771434250.579,0.0,,,,,,,,,,,,,,,0.4594,WARNING,,0,,t647_2,0.30,HIGH,OFFLOAD,"Budget exhausted (B=0), offloading. Original: WARNING: lightweight task permitted (weight=0.30 < 0.3)",
1771434250.579,0.0,46.25,4.7281,1.284,48.9,4,21065.084,33.11451,0.02471,0.3747,1.0000,0.4063,0.0000,0.2471,0.4022,0.4529,WARNING,False,0,8,,,,,,
1771434250.579,0.0,,,,,,,,,,,,,,,0.4529,WARNING,,0,,t648_0,0.45,CRITICAL,OFFLOAD,WARNING: heavy task offloaded (weight=0.45 >= 0.3),
1771434250.579,0.0,,,,,,,,,,,,,,,0.4529,WARNING,,0,,t648_1,0.89,NORMAL,OFFLOAD,WARNING: heavy task offloaded (weight=0.89 >= 0.3),
1771434250.579,0.0,,,,,,,,,,,,,,,0.4529,WARNING,,0,,t648_2,0.31,NORMAL,OFFLOAD,WARNING: heavy task offloaded (weight=0.31 >= 0.3),
1771434250.579,0.0,46.11,4.7318,1.240,45.7,4,24429.473,14.80456,0.02017,0.3511,1.0000,0.3939,0.0000,0.2017,0.3798,0.4395,WARNING,False,5,0,,,,,,window_reset|B=5
1771434250.579,0.0,,,,,,,,,,,,,,,0.4395,WARNING,,5,,t649_0,0.68,HIGH,OFFLOAD,WARNING: heavy task offloaded (weight=0.68 >= 0.3),
1771434250.579,0.0,,,,,,,,,,,,,,,0.4395,WARNING,,4,,t649_1,0.20,NORMAL,LOCAL,WARNING: lightweight task permitted (weight=0.20 < 0.3),
1771434250.579,0.0,,,,,,,,,,,,,,,0.4395,WARNING,,4,,t649_2,0.36,CRITICAL,OFFLOAD,WARNING: heavy task offloaded (weight=0.36 >= 0.3),
1771434250.579,0.0,45.59,4.7213,1.250,46.4,4,-9495.408,-19.23107,0.01829,0.2651,0.0000,0.4290,1.0000,0.1829,0.3851,0.3829,WARNING,False,4,1,,,,,,
1771434250.579,0.0,,,,,,,,,,,,,,,0.3829,WARNING,,4,,t650_0,0.88,HIGH,OFFLOAD,WARNING: heavy task offloaded (weight=0.88 >= 0.3),
1771434250.579,0.0,,,,,,,,,,,,,,,0.3829,WARNING,,4,,t650_1,0.81,HIGH,OFFLOAD,WARNING: heavy task offloaded (weight=0.81 >= 0.3),
1771434250.579,0.0,,,,,,,,,,,,,,,0.3829,WARNING,,4,,t650_2,0.61,LOW,OFFLOAD,WARNING: heavy task offloaded (weight=0.61 >= 0.3),
1771434250.579,0.0,,,,,,,,,,,,,,,0.3829,WARNING,,3,,t650_3,0.15,CRITICAL,LOCAL,WARNING: lightweight task permitted (weight=0.15 < 0.3),
1771434250.579,0.0,,,,,,,,,,,,,,,0.3829,WARNING,,3,,t650_4,0.76,HIGH,OFFLOAD,WARNING: heavy task offloaded (weight=0.76 >= 0.3),
1771434250.579,0.0,45.60,4.7455,1.248,46.3,4,-28525.006,27.74969,0.01414,0.2670,0.0000,0.3482,0.0000,0.1414,0.3838,0.1682,SAFE,False,3,2,,,,,,
1771434250.579,0.0,,,,,,,,,,,,,,,0.1682,SAFE,,2,,t651_0,0.73,CRITICAL,LOCAL,SAFE: all tasks permitted (weight=0.73),
1771434250.579,0.0,,,,,,,,,,,,,,,0.1682,SAFE,,1,,t651_1,0.39,NORMAL,LOCAL,SAFE: all tasks permitted (weight=0.39),
1771434250.579,0.0,45.37,4.6720,1.496,64.0,6,-96073.099,-78.74962,0.01918,0.2291,0.0000,0.5935,1.0000,0.1918,0.5382,0.4315,WARNING,False,1,4,,,,,,
1771434250.579,0.0,,,,,,,,,,,,,,,0.4315,WARNING,,1,,t652_0,0.66,NORMAL,OFFLOAD,WARNING: heavy task offloaded (weight=0.66 >= 0.3),
1771434250.579,0.0,,,,,,,,,,,,,,,0.4315,WARNING,,1,,t652_1,0.49,HIGH,OFFLOAD,WARNING: heavy task offloaded (weight=0.49 >= 0.3),
1771434250.579,0.0,46.00,4.6906,1.437,59.8,5,,,0.02149,0.3330,0.0000,0.5314,0.0000,0.2149,0.4933,0.2292,WARNING,False,1,4,,,,,,
1771434250.579,0.0,,,,,,,,,,,,,,,0.2292,WARNING,,1,,t653_0,0.56,NORMAL,OFFLOAD,WARNING: heavy task offloaded (weight=0.56 >= 0.3),
1771434250.579,0.0,,,,,,,,,,,,,,,0.2292,WARNING,,1,,t653_1,0.41,HIGH,OFFLOAD,WARNING: heavy task offloaded (weight=0.41 >= 0.3),
1771434250.579,0.0,45.79,4.6860,1.381,55.8,5,,,0.02321,0.2986,0.0000,0.5466,0.0000,0.2321,0.4655,0.2232,WARNING,False,1,4,,,,,,
1771434250.579,0.0,,,,,,,,,,,,,,,0.2232,WARNING,,1,,t654_0,0.79,NORMAL,OFFLOAD,WARNING: heavy task offloaded (weight=0.79 >= 0.3),
1771434250.579,0.0,46.05,4.7063,1.329,52.1,4,,,0.02349,0.3421,0.0000,0.4791,0.0000,0.2349,0.4246,0.2118,WARNING,False,1,4,,,,,,
1771434250.579,0.0,,,,,,,,,,,,,,,0.2118,WARNING,,1,,t655_0,0.71,HIGH,OFFLOAD,WARNING: heavy task offloaded (weight=0.71 >= 0.3),
1771434250.579,0.0,,,,,,,,,,,,,,,0.2118,WARNING,,1,,t655_1,0.81,NORMAL,OFFLOAD,WARNING: heavy task offloaded (weight=0.81 >= 0.3),
1771434250.579,0.0,45.78,4.7653,1.281,48.7,4,,,0.02543,0.2974,0.0000,0.2824,0.0000,0.2543,0.4006,0.1779,SAFE,False,1,4,,,,,,
1771434250.579,0.0,,,,,,,,,,,,,,,0.1779,SAFE,,0,,t656_0,0.80,NORMAL,LOCAL,SAFE: all tasks permitted (weight=0.80),
1771434250.579,0.0,,,,,,,,,,,,,,,0.1779,SAFE,,0,,t656_1,0.69,NORMAL,OFFLOAD,"Budget exhausted (B=0), offloading. Original: SAFE: all tasks permitted (weight=0.69)",
1771434250.579,0.0,,,,,,,,,,,,,,,0.1779,SAFE,,0,,t656_2,0.55,NORMAL,OFFLOAD,"Budget exhausted (B=0), offloading. Original: SAFE: all tasks permitted (weight=0.55)",
1771434250.579,0.0,46.40,4.7110,1.444,60.3,5,,,0.02515,0.3999,0.0000,0.4633,0.0000,0.2515,0.4968,0.2327,SAFE,False,0,5,,,,,,
1771434250.579,0.0,,,,,,,,,,,,,,,0.2327,SAFE,,0,,t657_0,0.16,HIGH,OFFLOAD,"Budget exhausted (B=0), offloading. Original: SAFE: all tasks permitted (weight=0.16)",
1771434250.579,0.0,,,,,,,,,,,,,,,0.2327,SAFE,,0,,t657_1,0.69,LOW,OFFLOAD,"Budget exhausted (B=0), offloading. Original: SAFE: all tasks permitted (weight=0.69)",
1771434250.579,0.0,,,,,,,,,,,,,,,0.2327,SAFE,,0,,t657_2,0.15,NORMAL,OFFLOAD,"Budget exhausted (B=0), offloading. Original: SAFE: all tasks permitted (weight=0.15)",
1771434250.579,0.0,,,,,,,,,,,,,,,0.2327,SAFE,,0,,t657_3,0.64,CRITICAL,OFFLOAD,"Budget exhausted (B=0), offloading. Original: SAFE: all tasks permitted (weight=0.64)",
1771434250.579,0.0,,,,,,,,,,,,,,,0.2327,SAFE,,0,,t657_4,0.63,NORMAL,OFFLOAD,"Budget exhausted (B=0), offloading. Original: SAFE: all tasks permitted (weight=0.63)",
1771434250.579,0.0,,,,,,,,,,,,,,,0.2327,SAFE,,0,,t657_5,0.55,CRITICAL,OFFLOAD,"Budget exhausted (B=0), offloading. Original: SAFE: all tasks permitted (weight=0.55)",
1771434250.579,0.0,46.08,4.6688,1.388,56.3,5,,,0.02813,0.3472,0.0000,0.6039,0.0000,0.2813,0.4688,0.2421,SAFE,False,0,5,,,,,,
1771434250.579,0.0,,,,,,,,,,,,,,,0.2421,SAFE,,0,,t658_0,0.25,HIGH,OFFLOAD,"Budget exhausted (B=0), offloading. Original: SAFE: all tasks permitted (weight=0.25)",
1771434250.579,0.0,46.05,4.7224,1.335,52.5,4,,,0.02806,0.3413,0.0000,0.4252,0.0000,0.2806,0.4277,0.2098,SAFE,False,0,5,,,,,,
1771434250.579,0.0,,,,,,,,,,,,,,,0.2098,SAFE,,0,,t659_0,0.49,NORMAL,OFFLOAD,"Budget exhausted (B=0), offloading. Original: SAFE: all tasks permitted (weight=0.49)",
1771434250.579,0.0,,,,,,,,,,,,,,,0.2098,SAFE,,0,,t659_1,0.73,NORMAL,OFFLOAD,"Budget exhausted (B=0), offloading. Original: SAFE: all tasks permitted (weight=0.73)",
1771434250.579,0.0,,,,,,,,,,,,,,,0.2098,SAFE,,0,,t659_2,0.69,NORMAL,OFFLOAD,"Budget exhausted (B=0), offloading. Original: SAFE: all tasks permitted (weight=0.69)",
1771434250.579,0.0,,,,,,,,,,,,,,,0.2098,SAFE,,0,,t659_3,0.78,LOW,OFFLOAD,"Budget exhausted (B=0), offloading. Original: SAFE: all tasks permitted (weight=0.78)",
1771434250.579,0.0,,,,,,,,,,,,,,,0.2098,SAFE,,0,,t659_4,0.26,NORMAL,OFFLOAD,"Budget exhausted (B=0), offloading. Original: SAFE: all tasks permitted (weight=0.26)",
1771434250.579,0.0,45.58,4.7142,1.287,49.1,4,,,0.02767,0.2627,0.0000,0.4526,0.0000,0.2767,0.4034,0.1987,SAFE,False,0,5,,,,,,
1771434250.579,0.0,,,,,,,,,,,,,,,0.1987,SAFE,,0,,t660_0,0.85,HIGH,OFFLOAD,"Budget exhausted (B=0), offloading. Original: SAFE: all tasks permitted (weight=0.85)",
1771434250.579,0.0,,,,,,,,,,,,,,,0.1987,SAFE,,0,,t660_1,0.84,NORMAL,OFFLOAD,"Budget exhausted (B=0), offloading. Original: SAFE: all tasks permitted (weight=0.84)",
1771434250.579,0.0,45.85,4.7239,1.242,45.8,4,,,0.02726,0.3087,0.0000,0.4204,0.0000,0.2726,0.3808,0.1951,SAFE,False,0,5,,,,,,
1771434250.579,0.0,,,,,,,,,,,,,,,0.1951,SAFE,,0,,t661_0,0.86,HIGH,OFFLOAD,"Budget exhausted (B=0), offloading. Original: SAFE: all tasks permitted (weight=0.86)",
1771434250.579,0.0,,,,,,,,,,,,,,,0.1951,SAFE,,0,,t661_1,0.67,NORMAL,OFFLOAD,"Budget exhausted (B=0), offloading. Original: SAFE: all tasks permitted (weight=0.67)",
1771434250.579,0.0,45.87,4.7781,1.200,42.8,3,,,0.03303,0.3119,0.0000,0.2397,0.0000,0.3303,0.3448,0.1706,SAFE,False,8,0,,,,,,window_reset|B=8
1771434250.579,0.0,,,,,,,,,,,,,,,0.1706,SAFE,,7,,t662_0,0.87,LOW,LOCAL,SAFE: all tasks permitted (weight=0.87),
1771434250.579,0.0,,,,,,,,,,,,,,,0.1706,SAFE,,6,,t662_1,0.33,NORMAL,LOCAL,SAFE: all tasks permitted (weight=0.33),
1771434250.579,0.0,,,,,,,,,,,,,,,0.1706,SAFE,,5,,t662_2,0.27,HIGH,LOCAL,SAFE: all tasks permitted (weight=0.27),
1771434250.579,0.0,45.68,4.6660,1.543,67.4,6,,,0.03426,0.2799,0.0000,0.6134,0.0000,0.3426,0.5615,0.2599,WARNING,False,5,3,,,,,,
1771434250.579,0.0,,,,,,,,,,,,,,,0.2599,WARNING,,4,,t663_0,0.23,HIGH,LOCAL,WARNING: lightweight task permitted (weight=0.23 < 0.3),
1771434250.579,0.0,,,,,,,,,,,,,,,0.2599,WARNING,,4,,t663_1,0.83,NORMAL,OFFLOAD,WARNING: heavy task offloaded (weight=0.83 >= 0.3),
1771434250.579,0.0,,,,,,,,,,,,,,,0.2599,WARNING,,4,,t663_2,0.42,HIGH,OFFLOAD,WARNING: heavy task offloaded (weight=0.42 >= 0.3),
1771434250.579,0.0,46.06,4.6492,1.539,67.1,6,,,0.03678,0.3441,0.0000,0.6692,0.0000,0.3678,0.5595,0.2770,WARNING,False,4,4,,,,,,
1771434250.579,0.0,,,,,,,,,,,,,,,0.2770,WARNING,,4,,t664_0,0.45,NORMAL,OFFLOAD,WARNING: heavy task offloaded (weight=0.45 >= 0.3),
1771434250.579,0.0,,,,,,,,,,,,,,,0.2770,WARNING,,4,,t664_1,0.84,LOW,OFFLOAD,WARNING: heavy task offloaded (weight=0.84 >= 0.3),
1771434250.580,0.0,46.08,4.6666,1.476,62.6,5,-12439.780,-28.73400,0.03823,0.3465,0.0000,0.6113,1.0000,0.3823,0.5131,0.4619,WARNING,False,4,4,,,,,,
1771434250.580,0.0,,,,,,,,,,,,,,,0.4619,WARNING,,4,,t665_0,0.73,NORMAL,OFFLOAD,WARNING: heavy task offloaded (weight=0.73 >= 0.3),
1771434250.580,0.0,46.53,4.7146,1.418,58.4,5,17315.746,29.61389,0.03787,0.4216,1.0000,0.4513,0.0000,0.3787,0.4839,0.4939,WARNING,False,4,4,,,,,,
1771434250.580,0.0,,,,,,,,,,,,,,,0.4939,WARNING,,4,,t666_0,0.38,NORMAL,OFFLOAD,WARNING: heavy task offloaded (weight=0.38 >= 0.3),
1771434250.580,0.0,,,,,,,,,,,,,,,0.4939,WARNING,,3,,t666_1,0.25,LOW,LOCAL,WARNING: lightweight task permitted (weight=0.25 < 0.3),
1771434250.580,0.0,,,,,,,,,,,,,,,0.4939,WARNING,,3,,t666_2,0.33,LOW,OFFLOAD,WARNING: heavy task offloaded (weight=0.33 >= 0.3),
1771434250.580,0.0,46.28,4.6992,1.428,59.1,5,9080.051,-15.04598,0.03794,0.3803,1.0000,0.5027,1.0000,0.3794,0.4890,0.6967,CRITICAL,False,3,5,,,,,,
1771434250.580,0.0,,,,,,,,,,,,,,,0.6967,CRITICAL,,3,,t667_0,0.32,HIGH,OFFLOAD,CRITICAL: non-critical task offloaded (priority=HIGH),
1771434250.580,0.0,,,,,,,,,,,,,,,0.6967,CRITICAL,,3,,t667_1,0.29,NORMAL,OFFLOAD,CRITICAL: non-critical task offloaded (priority=NORMAL),
1771434250.580,0.0,46.81,4.6817,1.373,55.2,5,47718.261,-21.05263,0.03399,0.4676,1.0000,0.5611,1.0000,0.3399,0.4615,0.7053,CRITICAL,False,3,5,,,,,,
1771434250.580,0.0,,,,,,,,,,,,,,,0.7053,CRITICAL,,3,,t668_0,0.22,HIGH,OFFLOAD,CRITICAL: non-critical task offloaded (priority=HIGH),
1771434250.580,0.0,,,,,,,,,,,,,,,0.7053,CRITICAL,,3,,t668_1,0.87,LOW,OFFLOAD,CRITICAL: non-critical task offloaded (priority=LOW),
1771434250.580,0.0,,,,,,,,,,,,,,,0.7053,CRITICAL,,3,,t668_2,0.46,LOW,OFFLOAD,CRITICAL: non-critical task offloaded (priority=LOW),
1771434250.580,0.0,,,,,,,,,,,,,,,0.7053,CRITICAL,,3,,t668_3,0.33,NORMAL,OFFLOAD,CRITICAL: non-critical task offloaded (priority=NORMAL),
1771434250.580,0.0,,,,,,,,,,,,,,,0.7053,CRITICAL,,3,,t668_4,0.50,HIGH,OFFLOAD,CRITICAL: non-critical task offloaded (priority=HIGH),
1771434250.580,0.0,,,,,,,,,,,,,,,0.7053,CRITICAL,,3,,t668_5,0.16,HIGH,OFFLOAD,CRITICAL: non-critical task offloaded (priority=HIGH),
1771434250.580,0.0,45.98,4.7271,1.322,51.6,4,4798.639,2.09035,0.03473,0.3293,1.0000,0.4096,0.0000,0.3473,0.4209,0.4617,CRITICAL,False,3,5,,,,,,
1771434250.580,0.0,,,,,,,,,,,,,,,0.4617,CRITICAL,,3,,t669_0,0.25,LOW,OFFLOAD,CRITICAL: non-critical task offloaded (priority=LOW),
1771434250.580,0.0,46.63,4.7231,1.274,48.2,4,29610.739,-35.56149,0.03376,0.4391,1.0000,0.4229,1.0000,0.3376,0.3971,0.6708,CRITICAL,False,3,5,,,,,,
1771434250.580,0.0,,,,,,,,,,,,,,,0.6708,CRITICAL,,3,,t670_0,0.69,NORMAL,OFFLOAD,CRITICAL: non-critical task offloaded (priority=NORMAL),
1771434250.580,0.0,45.98,4.7562,1.230,45.0,4,11568.393,58.37455,0.03637,0.3296,1.0000,0.3126,0.0000,0.3637,0.3750,0.4415,CRITICAL,False,3,5,,,,,,
1771434250.580,0.0,,,,,,,,,,,,,,,0.4415,CRITICAL,,3,,t671_0,0.19,NORMAL,OFFLOAD,CRITICAL: non-critical task offloaded (priority=NORMAL),
1771434250.580,0.0,45.61,4.7698,1.189,42.1,3,-17668.560,78.01927,0.04017,0.2683,0.0000,0.2672,0.0000,0.4017,0.3394,0.1750,WARNING,False,3,5,,,,,,
1771434250.580,0.0,,,,,,,,,,,,,,,0.1750,WARNING,,3,,t672_0,0.62,LOW,OFFLOAD,WARNING: heavy task offloaded (weight=0.62 >= 0.3),
1771434250.580,0.0,,,,,,,,,,,,,,,0.1750,WARNING,,3,,t672_1,0.67,NORMAL,OFFLOAD,WARNING: heavy task offloaded (weight=0.67 >= 0.3),
1771434250.580,0.0,45.95,4.7529,1.150,39.3,3,,,0.04160,0.3250,0.0000,0.3237,0.0000,0.4160,0.3202,0.1867,WARNING,False,3,5,,,,,,
1771434250.580,0.0,,,,,,,,,,,,,,,0.1867,WARNING,,3,,t673_0,0.35,NORMAL,OFFLOAD,WARNING: heavy task offloaded (weight=0.35 >= 0.3),
1771434250.580,0.0,,,,,,,,,,,,,,,0.1867,WARNING,,2,,t673_1,0.24,NORMAL,LOCAL,WARNING: lightweight task permitted (weight=0.24 < 0.3),
1771434250.580,0.0,,,,,,,,,,,,,,,0.1867,WARNING,,2,,t673_2,0.53,NORMAL,OFFLOAD,WARNING: heavy task offloaded (weight=0.53 >= 0.3),
1771434250.580,0.0,45.89,4.7258,1.177,41.2,3,,,0.03732,0.3154,0.0000,0.4140,0.0000,0.3732,0.3336,0.1957,WARNING,False,2,6,,,,,,
1771434250.580,0.0,,,,,,,,,,,,,,,0.1957,WARNING,,2,,t674_0,0.73,HIGH,OFFLOAD,WARNING: heavy task offloaded (weight=0.73 >= 0.3),
1771434250.580,0.0,,,,,,,,,,,,,,,0.1957,WARNING,,2,,t674_1,0.60,LOW,OFFLOAD,WARNING: heavy task offloaded (weight=0.60 >= 0.3),
1771434250.580,0.0,,,,,,,,,,,,,,,0.1957,WARNING,,1,,t674_2,0.20,LOW,LOCAL,WARNING: lightweight task permitted (weight=0.20 < 0.3),
1771434250.580,0.0,45.92,4.7478,1.192,42.3,3,,,0.03592,0.3200,0.0000,0.3406,0.0000,0.3592,0.3409,0.1868,WARNING,False,8,0,,,,,,window_reset|B=8
1771434250.580,0.0,,,,,,,,,,,,,,,0.1868,WARNING,,8,,t675_0,0.83,NORMAL,OFFLOAD,WARNING: heavy task offloaded (weight=0.83 >= 0.3),
1771434250.580,0.0,,,,,,,,,,,,,,,0.1868,WARNING,,8,,t675_1,0.52,LOW,OFFLOAD,WARNING: heavy task offloaded (weight=0.52 >= 0.3),
1771434250.580,0.0,,,,,,,,,,,,,,,0.1868,WARNING,,8,,t675_2,0.86,NORMAL,OFFLOAD,WARNING: heavy task offloaded (weight=0.86 >= 0.3),
1771434250.580,0.0,,,,,,,,,,,,,,,0.1868,WARNING,,7,,t675_3,0.18,LOW,LOCAL,WARNING: lightweight task permitted (weight=0.18 < 0.3),
1771434250.580,0.0,,,,,,,,,,,,,,,0.1868,WARNING,,7,,t675_4,0.47,HIGH,OFFLOAD,WARNING: heavy task offloaded (weight=0.47 >= 0.3),
1771434250.580,0.0,,,,,,,,,,,,,,,0.1868,WARNING,,7,,t675_5,0.45,NORMAL,OFFLOAD,WARNING: heavy task offloaded (weight=0.45 >= 0.3),
1771434250.580,0.0,45.45,4.7596,1.201,42.9,3,,,0.03096,0.2411,0.0000,0.3012,0.0000,0.3096,0.3453,0.1681,SAFE,False,7,1,,,,,,
1771434250.580,0.0,,,,,,,,,,,,,,,0.1681,SAFE,,6,,t676_0,0.88,LOW,LOCAL,SAFE: all tasks permitted (weight=0.88),
1771434250.580,0.0,46.01,4.6883,1.390,56.4,5,,,0.02786,0.3352,0.0000,0.5391,0.0000,0.2786,0.4701,0.2322,SAFE,False,6,2,,,,,,
1771434250.580,0.0,,,,,,,,,,,,,,,0.2322,SAFE,,5,,t677_0,0.35,NORMAL,LOCAL,SAFE: all tasks permitted (weight=0.35),
1771434250.580,0.0,,,,,,,,,,,,,,,0.2322,SAFE,,4,,t677_1,0.38,NORMAL,LOCAL,SAFE: all tasks permitted (weight=0.38),
1771434250.580,0.0,,,,,,,,,,,,,,,0.2322,SAFE,,3,,t677_2,0.62,NORMAL,LOCAL,SAFE: all tasks permitted (weight=0.62),
1771434250.580,0.0,,,,,,,,,,,,,,,0.2322,SAFE,,2,,t677_3,0.61,HIGH,LOCAL,SAFE: all tasks permitted (weight=0.61),
1771434250.580,0.0,,,,,,,,,,,,,,,0.2322,SAFE,,1,,t677_4,0.26,HIGH,LOCAL,SAFE: all tasks permitted (weight=0.26),
1771434250.580,0.0,45.98,4.5578,1.919,94.2,9,,,0.05501,0.3296,0.0000,0.9739,0.0000,0.5501,0.7946,0.3801,WARNING,False,1,7,,,,,,
1771434250.580,0.0,,,,,,,,,,,,,,,0.3801,WARNING,,0,,t678_0,0.27,NORMAL,LOCAL,WARNING: lightweight task permitted (weight=0.27 < 0.3),
1771434250.580,0.0,46.29,4.5475,1.901,92.9,8,,,0.07214,0.3825,0.0000,1.0000,0.0000,0.7214,0.7703,0.4021,WARNING,False,0,8,,,,,,FAILURE:BROWNOUT(V=4.547V)
1771434250.580,0.0,,,,,,,,,,,,,,,0.4021,WARNING,,0,,t679_0,0.77,NORMAL,OFFLOAD,WARNING: heavy task offloaded (weight=0.77 >= 0.3),
1771434250.580,0.0,47.06,4.6296,1.812,86.6,8,,,0.07481,0.5092,0.0000,0.7346,0.0000,0.7481,0.7262,0.3767,WARNING,False,0,8,,,,,,
1771434250.580,0.0,,,,,,,,,,,,,,,0.3767,WARNING,,0,,t680_0,0.60,NORMAL,OFFLOAD,WARNING: heavy task offloaded (weight=0.60 >= 0.3),
1771434250.581,0.0,,,,,,,,,,,,,,,0.3767,WARNING,,0,,t680_1,0.28,LOW,OFFLOAD,"Budget exhausted (B=0), offloading. Original: WARNING: lightweight task permitted (weight=0.28 < 0.3)",
1771434250.581,0.0,46.84,4.6091,1.731,80.8,7,50856.316,-137.23403,0.07813,0.4729,1.0000,0.8029,1.0000,0.7813,0.6703,0.8233,CRITICAL,False,0,8,,,,,,
1771434250.581,0.0,,,,,,,,,,,,,,,0.8233,CRITICAL,,0,,t681_0,0.61,HIGH,OFFLOAD,CRITICAL: non-critical task offloaded (priority=HIGH),
1771434250.581,0.0,,,,,,,,,,,,,,,0.8233,CRITICAL,,0,,t681_1,0.46,LOW,OFFLOAD,CRITICAL: non-critical task offloaded (priority=LOW),
1771434250.581,0.0,47.00,4.6787,1.654,75.3,7,63418.095,-44.92264,0.07747,0.5000,1.0000,0.5709,1.0000,0.7747,0.6322,0.7881,CRITICAL,False,0,8,,,,,,
1771434250.581,0.0,,,,,,,,,,,,,,,0.7881,CRITICAL,,0,,t682_0,0.15,HIGH,OFFLOAD,CRITICAL: non-critical task offloaded (priority=HIGH),
1771434250.581,0.0,48.23,4.6360,1.583,70.2,6,132364.823,-106.74559,0.07539,0.7052,1.0000,0.7133,1.0000,0.7539,0.5817,0.8191,CRITICAL,False,0,8,,,,,,
1771434250.581,0.0,,,,,,,,,,,,,,,0.8191,CRITICAL,,0,,t683_0,0.38,NORMAL,OFFLOAD,CRITICAL: non-critical task offloaded (priority=NORMAL),
1771434250.581,0.0,47.95,4.6699,1.518,65.5,6,143404.545,-85.63879,0.06980,0.6585,1.0000,0.6003,1.0000,0.6980,0.5488,0.7866,CRITICAL,False,0,8,,,,,,
1771434250.581,0.0,,,,,,,,,,,,,,,0.7866,CRITICAL,,0,,t684_0,0.79,NORMAL,OFFLOAD,CRITICAL: non-critical task offloaded (priority=NORMAL),
1771434250.581,0.0,,,,,,,,,,,,,,,0.7866,CRITICAL,,0,,t684_1,0.44,CRITICAL,OFFLOAD,"Budget exhausted (B=0), offloading. Original: CRITICAL: mission-critical task permitted locally (priority=CRITICAL)",
1771434250.581,0.0,,,,,,,,,,,,,,,0.7866,CRITICAL,,0,,t684_2,0.44,NORMAL,OFFLOAD,CRITICAL: non-critical task offloaded (priority=NORMAL),
1771434250.581,0.0,47.48,4.6784,1.456,61.2,5,83960.588,-9.39015,0.06503,0.5795,1.0000,0.5719,1.0000,0.6503,0.5031,0.7595,CRITICAL,False,0,8,,,,,,
1771434250.581,0.0,,,,,,,,,,,,,,,0.7595,CRITICAL,,0,,t685_0,0.57,HIGH,OFFLOAD,CRITICAL: non-critical task offloaded (priority=HIGH),
1771434250.581,0.0,,,,,,,,,,,,,,,0.7595,CRITICAL,,0,,t685_1,0.19,NORMAL,OFFLOAD,CRITICAL: non-critical task offloaded (priority=NORMAL),
1771434250.581,0.0,47.13,4.6904,1.399,57.1,5,65799.905,126.58904,0.06277,0.5211,1.0000,0.5319,0.0000,0.6277,0.4746,0.5394,CRITICAL,False,0,8,,,,,,
1771434250.581,0.0,,,,,,,,,,,,,,,0.5394,CRITICAL,,0,,t686_0,0.56,HIGH,OFFLOAD,CRITICAL: non-critical task offloaded (priority=HIGH),
1771434250.581,0.0,47.28,4.7098,1.346,53.3,5,56175.748,154.93516,0.05899,0.5459,1.0000,0.4673,0.0000,0.5899,0.4481,0.5249,CRITICAL,False,0,8,,,,,,
1771434250.581,0.0,,,,,,,,,,,,,,,0.5249,CRITICAL,,0,,t687_0,0.72,LOW,OFFLOAD,CRITICAL: non-critical task offloaded (priority=LOW),
1771434250.581,0.0,,,,,,,,,,,,,,,0.5249,CRITICAL,,0,,t687_1,0.45,LOW,OFFLOAD,CRITICAL: non-critical task offloaded (priority=LOW),
1771434250.581,0.0,,,,,,,,,,,,,,,0.5249,CRITICAL,,0,,t687_2,0.31,NORMAL,OFFLOAD,CRITICAL: non-critical task offloaded (priority=NORMAL),
1771434250.581,0.0,,,,,,,,,,,,,,,0.5249,CRITICAL,,0,,t687_3,0.72,NORMAL,OFFLOAD,CRITICAL: non-critical task offloaded (priority=NORMAL),
1771434250.582,0.0,47.10,4.7240,1.297,49.8,4,1587.033,59.91097,0.05434,0.5162,1.0000,0.4200,0.0000,0.5434,0.4085,0.5026,CRITICAL,False,4,0,,,,,,window_reset|B=4
1771434250.582,0.0,,,,,,,,,,,,,,,0.5026,CRITICAL,,3,,t688_0,0.37,CRITICAL,LOCAL,CRITICAL: mission-critical task permitted locally (priority=CRITICAL),
1771434250.582,0.0,47.73,4.7111,1.348,53.4,5,101042.758,193.28160,0.05597,0.6210,1.0000,0.4630,0.0000,0.5597,0.4489,0.5305,CRITICAL,False,3,1,,,,,,
1771434250.582,0.0,,,,,,,,,,,,,,,0.5305,CRITICAL,,3,,t689_0,0.41,NORMAL,OFFLOAD,CRITICAL: non-critical task offloaded (priority=NORMAL),
1771434250.582,0.0,,,,,,,,,,,,,,,0.5305,CRITICAL,,3,,t689_1,0.17,LOW,OFFLOAD,CRITICAL: non-critical task offloaded (priority=LOW),
1771434250.582,0.0,,,,,,,,,,,,,,,0.5305,CRITICAL,,3,,t689_2,0.20,HIGH,OFFLOAD,CRITICAL: non-critical task offloaded (priority=HIGH),
1771434250.582,0.0,47.54,4.7174,1.298,49.9,4,61612.132,73.24444,0.05032,0.5903,1.0000,0.4420,0.0000,0.5032,0.4092,0.5105,CRITICAL,False,3,1,,,,,,
1771434250.582,0.0,,,,,,,,,,,,,,,0.5105,CRITICAL,,3,,t690_0,0.49,NORMAL,OFFLOAD,CRITICAL: non-critical task offloaded (priority=NORMAL),
1771434250.582,0.0,,,,,,,,,,,,,,,0.5105,CRITICAL,,3,,t690_1,0.53,LOW,OFFLOAD,CRITICAL: non-critical task offloaded (priority=LOW),
1771434250.582,0.0,,,,,,,,,,,,,,,0.5105,CRITICAL,,3,,t690_2,0.17,HIGH,OFFLOAD,CRITICAL: non-critical task offloaded (priority=HIGH),
1771434250.582,0.0,46.97,4.7324,1.252,46.6,4,-143942.394,182.72560,0.03828,0.4942,0.0000,0.3920,0.0000,0.3828,0.3862,0.2258,WARNING,False,3,1,,,,,,
1771434250.582,0.0,,,,,,,,,,,,,,,0.2258,WARNING,,3,,t691_0,0.41,LOW,OFFLOAD,WARNING: heavy task offloaded (weight=0.41 >= 0.3),
1771434250.582,0.0,46.95,4.7815,1.210,43.6,4,-113795.754,211.54562,0.04354,0.4917,0.0000,0.2282,0.0000,0.4354,0.3649,0.2052,WARNING,False,3,1,,,,,,
1771434250.582,0.0,,,,,,,,,,,,,,,0.2052,WARNING,,3,,t692_0,0.57,HIGH,OFFLOAD,WARNING: heavy task offloaded (weight=0.57 >= 0.3),
1771434250.582,0.0,,,,,,,,,,,,,,,0.2052,WARNING,,3,,t692_1,0.38,LOW,OFFLOAD,WARNING: heavy task offloaded (weight=0.38 >= 0.3),
1771434250.582,0.0,,,,,,,,,,,,,,,0.2052,WARNING,,3,,t692_2,0.78,NORMAL,OFFLOAD,WARNING: heavy task offloaded (weight=0.78 >= 0.3),
1771434250.582,0.0,,,,,,,,,,,,,,,0.2052,WARNING,,3,,t692_3,0.69,NORMAL,OFFLOAD,WARNING: heavy task offloaded (weight=0.69 >= 0.3),
1771434250.582,0.0,46.66,4.7620,1.170,40.7,3,-93332.739,158.36378,0.03867,0.4427,0.0000,0.2934,0.0000,0.3867,0.3300,0.1959,WARNING,False,3,1,,,,,,
1771434250.582,0.0,,,,,,,,,,,,,,,0.1959,WARNING,,2,,t693_0,0.19,LOW,LOCAL,WARNING: lightweight task permitted (weight=0.19 < 0.3),
1771434250.582,0.0,46.22,4.7735,1.181,41.5,3,-103234.578,157.35929,0.04153,0.3698,0.0000,0.2551,0.0000,0.4153,0.3356,0.1862,WARNING,False,2,2,,,,,,
1771434250.582,0.0,,,,,,,,,,,,,,,0.1862,WARNING,,2,,t694_0,0.42,LOW,OFFLOAD,WARNING: heavy task offloaded (weight=0.42 >= 0.3),
1771434250.582,0.0,46.18,4.7468,1.144,38.8,3,-125094.205,70.09668,0.03455,0.3626,0.0000,0.3440,0.0000,0.3455,0.3168,0.1861,WARNING,False,2,2,,,,,,
1771434250.582,0.0,,,,,,,,,,,,,,,0.1861,WARNING,,2,,t695_0,0.71,CRITICAL,OFFLOAD,WARNING: heavy task offloaded (weight=0.71 >= 0.3),
1771434250.582,0.0,,,,,,,,,,,,,,,0.1861,WARNING,,2,,t695_1,0.71,LOW,OFFLOAD,WARNING: heavy task offloaded (weight=0.71 >= 0.3),
1771434250.582,0.0,,,,,,,,,,,,,,,0.1861,WARNING,,2,,t695_2,0.45,LOW,OFFLOAD,WARNING: heavy task offloaded (weight=0.45 >= 0.3),
1771434250.582,0.0,,,,,,,,,,,,,,,0.1861,WARNING,,2,,t695_3,0.81,CRITICAL,OFFLOAD,WARNING: heavy task offloaded (weight=0.81 >= 0.3),
1771434250.582,0.0,46.55,4.7406,1.108,36.3,3,,,0.03048,0.4252,0.0000,0.3647,0.0000,0.3048,0.2992,0.1887,WARNING,False,2,2,,,,,,
1771434250.582,0.0,,,,,,,,,,,,,,,0.1887,WARNING,,2,,t696_0,0.40,CRITICAL,OFFLOAD,WARNING: heavy task offloaded (weight=0.40 >= 0.3),
1771434250.582,0.0,,,,,,,,,,,,,,,0.1887,WARNING,,1,,t696_1,0.21,NORMAL,LOCAL,WARNING: lightweight task permitted (weight=0.21 < 0.3),
1771434250.582,0.0,45.84,4.7674,1.130,37.9,3,,,0.02755,0.3059,0.0000,0.2754,0.0000,0.2755,0.3102,0.1621,SAFE,False,1,3,,,,,,
1771434250.582,0.0,,,,,,,,,,,,,,,0.1621,SAFE,,0,,t697_0,0.62,CRITICAL,LOCAL,SAFE: all tasks permitted (weight=0.62),
1771434250.582,0.0,46.17,4.7576,1.257,46.9,4,,,0.02389,0.3621,0.0000,0.3079,0.0000,0.2389,0.3884,0.1850,SAFE,False,0,4,,,,,,
1771434250.582,0.0,,,,,,,,,,,,,,,0.1850,SAFE,,0,,t698_0,0.82,HIGH,OFFLOAD,"Budget exhausted (B=0), offloading. Original: SAFE: all tasks permitted (weight=0.82)",
1771434250.582,0.0,,,,,,,,,,,,,,,0.1850,SAFE,,0,,t698_1,0.28,HIGH,OFFLOAD,"Budget exhausted (B=0), offloading. Original: SAFE: all tasks permitted (weight=0.28)",
1771434250.582,0.0,,,,,,,,,,,,,,,0.1850,SAFE,,0,,t698_2,0.27,LOW,OFFLOAD,"Budget exhausted (B=0), offloading. Original: SAFE: all tasks permitted (weight=0.27)",
1771434250.582,0.0,46.15,4.7376,1.214,43.8,4,,,0.02174,0.3589,0.0000,0.3748,0.0000,0.2174,0.3669,0.1869,SAFE,False,0,4,,,,,,
1771434250.582,0.0,,,,,,,,,,,,,,,0.1869,SAFE,,0,,t699_0,0.61,LOW,OFFLOAD,"Budget exhausted (B=0), offloading. Original: SAFE: all tasks permitted (weight=0.61)",
1771434250.582,0.0,,,,,,,,,,,,,,,0.1869,SAFE,,0,,t699_1,0.84,HIGH,OFFLOAD,"Budget exhausted (B=0), offloading. Original: SAFE: all tasks permitted (weight=0.84)",
1771434250.582,0.0,45.76,4.7576,1.174,41.0,3,,,0.02087,0.2934,0.0000,0.3081,0.0000,0.2087,0.3319,0.1625,SAFE,False,0,4,,,,,,
1771434250.582,0.0,,,,,,,,,,,,,,,0.1625,SAFE,,0,,t700_0,0.90,LOW,OFFLOAD,"Budget exhausted (B=0), offloading. Original: SAFE: all tasks permitted (weight=0.90)",
1771434250.582,0.0,45.94,4.7588,1.137,38.3,3,,,0.01760,0.3231,0.0000,0.3041,0.0000,0.1760,0.3133,0.1586,SAFE,False,8,0,,,,,,window_reset|B=8
1771434250.582,0.0,,,,,,,,,,,,,,,0.1586,SAFE,,7,,t701_0,0.52,LOW,LOCAL,SAFE: all tasks permitted (weight=0.52),
1771434250.582,0.0,,,,,,,,,,,,,,,0.1586,SAFE,,6,,t701_1,0.87,HIGH,LOCAL,SAFE: all tasks permitted (weight=0.87),
1771434250.582,0.0,45.15,4.7030,1.464,61.7,5,,,0.02026,0.1912,0.0000,0.4899,0.0000,0.2026,0.5070,0.2083,SAFE,False,6,2,,,,,,
1771434250.583,0.0,,,,,,,,,,,,,,,0.2083,SAFE,,5,,t702_0,0.86,NORMAL,LOCAL,SAFE: all tasks permitted (weight=0.86),
1771434250.583,0.0,45.89,4.6408,1.631,73.7,7,-17250.880,-105.50547,0.03667,0.3144,0.0000,0.6975,1.0000,0.3667,0.6206,0.4892,WARNING,False,5,3,,,,,,
1771434250.583,0.0,,,,,,,,,,,,,,,0.4892,WARNING,,5,,t703_0,0.62,NORMAL,OFFLOAD,WARNING: heavy task offloaded (weight=0.62 >= 0.3),
1771434250.583,0.0,,,,,,,,,,,,,,,0.4892,WARNING,,5,,t703_1,0.64,LOW,OFFLOAD,WARNING: heavy task offloaded (weight=0.64 >= 0.3),
1771434250.583,0.0,,,,,,,,,,,,,,,0.4892,WARNING,,5,,t703_2,0.57,NORMAL,OFFLOAD,WARNING: heavy task offloaded (weight=0.57 >= 0.3),
1771434250.583,0.0,,,,,,,,,,,,,,,0.4892,WARNING,,5,,t703_3,0.86,HIGH,OFFLOAD,WARNING: heavy task offloaded (weight=0.86 >= 0.3),
1771434250.583,0.0,,,,,,,,,,,,,,,0.4892,WARNING,,4,,t703_4,0.29,LOW,LOCAL,WARNING: lightweight task permitted (weight=0.29 < 0.3),
1771434250.583,0.0,45.86,4.6598,1.638,74.2,7,-41226.379,-80.44679,0.04140,0.3101,0.0000,0.6341,1.0000,0.4140,0.6242,0.4859,WARNING,False,4,4,,,,,,
1771434250.583,0.0,,,,,,,,,,,,,,,0.4859,WARNING,,3,,t704_0,0.26,HIGH,LOCAL,WARNING: lightweight task permitted (weight=0.26 < 0.3),
1771434250.583,0.0,,,,,,,,,,,,,,,0.4859,WARNING,,3,,t704_1,0.30,LOW,OFFLOAD,WARNING: heavy task offloaded (weight=0.30 >= 0.3),
1771434250.583,0.0,46.14,4.6262,1.637,74.1,7,18040.512,-140.51746,0.04984,0.3563,1.0000,0.7461,1.0000,0.4984,0.6234,0.7643,CRITICAL,False,3,5,,,,,,
1771434250.583,0.0,,,,,,,,,,,,,,,0.7643,CRITICAL,,3,,t705_0,0.75,HIGH,OFFLOAD,CRITICAL: non-critical task offloaded (priority=HIGH),
1771434250.583,0.0,,,,,,,,,,,,,,,0.7643,CRITICAL,,3,,t705_1,0.18,HIGH,OFFLOAD,CRITICAL: non-critical task offloaded (priority=HIGH),
1771434250.583,0.0,,,,,,,,,,,,,,,0.7643,CRITICAL,,3,,t705_2,0.61,HIGH,OFFLOAD,CRITICAL: non-critical task offloaded (priority=HIGH),
1771434250.583,0.0,46.95,4.6586,1.567,69.1,6,46258.075,-98.53522,0.05016,0.4912,1.0000,0.6380,1.0000,0.5016,0.5736,0.7568,CRITICAL,False,3,5,,,,,,
1771434250.583,0.0,,,,,,,,,,,,,,,0.7568,CRITICAL,,3,,t706_0,0.27,LOW,OFFLOAD,CRITICAL: non-critical task offloaded (priority=LOW),
1771434250.583,0.0,,,,,,,,,,,,,,,0.7568,CRITICAL,,3,,t706_1,0.46,NORMAL,OFFLOAD,CRITICAL: non-critical task offloaded (priority=NORMAL),
1771434250.583,0.0,,,,,,,,,,,,,,,0.7568,CRITICAL,,3,,t706_2,0.34,NORMAL,OFFLOAD,CRITICAL: non-critical task offloaded (priority=NORMAL),
1771434250.583,0.0,46.44,4.6715,1.502,64.5,6,17236.760,-65.79608,0.05023,0.4070,1.0000,0.5952,1.0000,0.5023,0.5412,0.7347,CRITICAL,False,3,5,,,,,,
1771434250.583,0.0,,,,,,,,,,,,,,,0.7347,CRITICAL,,3,,t707_0,0.17,LOW,OFFLOAD,CRITICAL: non-critical task offloaded (priority=LOW),
1771434250.583,0.0,,,,,,,,,,,,,,,0.7347,CRITICAL,,2,,t707_1,0.21,CRITICAL,LOCAL,CRITICAL: mission-critical task permitted locally (priority=CRITICAL),
1771434250.583,0.0,47.33,4.6792,1.497,64.1,6,93497.735,-77.96154,0.04963,0.5544,1.0000,0.5693,1.0000,0.4963,0.5384,0.7479,CRITICAL,False,2,6,,,,,,
1771434250.583,0.0,,,,,,,,,,,,,,,0.7479,CRITICAL,,1,,t708_0,0.35,CRITICAL,LOCAL,CRITICAL: mission-critical task permitted locally (priority=CRITICAL),
1771434250.583,0.0,47.13,4.6309,1.527,66.2,6,71171.639,-127.26236,0.04887,0.5218,1.0000,0.7304,1.0000,0.4887,0.5535,0.7671,CRITICAL,False,1,7,,,,,,
1771434250.583,0.0,,,,,,,,,,,,,,,0.7671,CRITICAL,,1,,t709_0,0.70,HIGH,OFFLOAD,CRITICAL: non-critical task offloaded (priority=HIGH),
1771434250.583,0.0,,,,,,,,,,,,,,,0.7671,CRITICAL,,1,,t709_1,0.34,LOW,OFFLOAD,CRITICAL: non-critical task offloaded (priority=LOW),
1771434250.583,0.0,,,,,,,,,,,,,,,0.7671,CRITICAL,,1,,t709_2,0.30,HIGH,OFFLOAD,CRITICAL: non-critical task offloaded (priority=HIGH),
1771434250.583,0.0,,,,,,,,,,,,,,,0.7671,CRITICAL,,1,,t709_3,0.28,HIGH,OFFLOAD,CRITICAL: non-critical task offloaded (priority=HIGH),
1771434250.583,0.0,47.11,4.6884,1.465,61.8,5,117106.368,-14.51747,0.04444,0.5181,1.0000,0.5386,1.0000,0.4444,0.5075,0.7281,CRITICAL,False,1,7,,,,,,
1771434250.583,0.0,,,,,,,,,,,,,,,0.7281,CRITICAL,,1,,t710_0,0.71,HIGH,OFFLOAD,CRITICAL: non-critical task offloaded (priority=HIGH),
1771434250.583,0.0,,,,,,,,,,,,,,,0.7281,CRITICAL,,0,,t710_1,0.66,CRITICAL,LOCAL,CRITICAL: mission-critical task permitted locally (priority=CRITICAL),
1771434250.583,0.0,,,,,,,,,,,,,,,0.7281,CRITICAL,,0,,t710_2,0.38,NORMAL,OFFLOAD,CRITICAL: non-critical task offloaded (priority=NORMAL),
1771434250.583,0.0,46.59,4.6502,1.579,69.9,6,,,0.04223,0.4309,0.0000,0.6660,0.0000,0.4223,0.5794,0.2964,WARNING,False,0,8,,,,,,
1771434250.583,0.0,,,,,,,,,,,,,,,0.2964,WARNING,,0,,t711_0,0.18,NORMAL,OFFLOAD,"Budget exhausted (B=0), offloading. Original: WARNING: lightweight task permitted (weight=0.18 < 0.3)",
1771434250.583,0.0,47.00,4.6819,1.513,65.2,6,,,0.03472,0.4992,0.0000,0.5604,0.0000,0.3472,0.5466,0.2768,WARNING,False,0,8,,,,,,
1771434250.583,0.0,,,,,,,,,,,,,,,0.2768,WARNING,,0,,t712_0,0.57,LOW,OFFLOAD,WARNING: heavy task offloaded (weight=0.57 >= 0.3),
1771434250.583,0.0,,,,,,,,,,,,,,,0.2768,WARNING,,0,,t712_1,0.60,NORMAL,OFFLOAD,WARNING: heavy task offloaded (weight=0.60 >= 0.3),
1771434250.583,0.0,,,,,,,,,,,,,,,0.2768,WARNING,,0,,t712_2,0.83,LOW,OFFLOAD,WARNING: heavy task offloaded (weight=0.83 >= 0.3),
1771434250.583,0.0,,,,,,,,,,,,,,,0.2768,WARNING,,0,,t712_3,0.46,NORMAL,OFFLOAD,WARNING: heavy task offloaded (weight=0.46 >= 0.3),
1771434250.583,0.0,46.43,4.6658,1.452,60.9,5,,,0.02241,0.4050,0.0000,0.6139,0.0000,0.2241,0.5011,0.2510,WARNING,False,0,8,,,,,,
1771434250.583,0.0,,,,,,,,,,,,,,,0.2510,WARNING,,0,,t713_0,0.16,HIGH,OFFLOAD,"Budget exhausted (B=0), offloading. Original: WARNING: lightweight task permitted (weight=0.16 < 0.3)",
1771434250.583,0.0,,,,,,,,,,,,,,,0.2510,WARNING,,0,,t713_1,0.55,NORMAL,OFFLOAD,WARNING: heavy task offloaded (weight=0.55 >= 0.3),
1771434250.583,0.0,,,,,,,,,,,,,,,0.2510,WARNING,,0,,t713_2,0.50,LOW,OFFLOAD,WARNING: heavy task offloaded (weight=0.50 >= 0.3),
1771434250.583,0.0,,,,,,,,,,,,,,,0.2510,WARNING,,0,,t713_3,0.70,NORMAL,OFFLOAD,WARNING: heavy task offloaded (weight=0.70 >= 0.3),
1771434250.583,0.0,,,,,,,,,,,,,,,0.2510,WARNING,,0,,t713_4,0.82,CRITICAL,OFFLOAD,WARNING: heavy task offloaded (weight=0.82 >= 0.3),
1771434250.583,0.0,,,,,,,,,,,,,,,0.2510,WARNING,,0,,t713_5,0.52,NORMAL,OFFLOAD,WARNING: heavy task offloaded (weight=0.52 >= 0.3),
1771434250.583,0.0,47.02,4.6707,1.395,56.8,5,,,0.01914,0.5041,0.0000,0.5977,0.0000,0.1914,0.4727,0.2519,WARNING,False,7,0,,,,,,window_reset|B=7
1771434250.583,0.0,,,,,,,,,,,,,,,0.2519,WARNING,,6,,t714_0,0.23,LOW,LOCAL,WARNING: lightweight task permitted (weight=0.23 < 0.3),
1771434250.583,0.0,,,,,,,,,,,,,,,0.2519,WARNING,,6,,t714_1,0.85,LOW,OFFLOAD,WARNING: heavy task offloaded (weight=0.85 >= 0.3),
1771434250.583,0.0,47.57,4.6770,1.401,57.2,5,,,0.01867,0.5957,0.0000,0.5767,0.0000,0.1867,0.4757,0.2603,WARNING,False,6,1,,,,,,
1771434250.583,0.0,,,,,,,,,,,,,,,0.2603,WARNING,,6,,t715_0,0.72,NORMAL,OFFLOAD,WARNING: heavy task offloaded (weight=0.72 >= 0.3),
1771434250.583,0.0,,,,,,,,,,,,,,,0.2603,WARNING,,6,,t715_1,0.64,NORMAL,OFFLOAD,WARNING: heavy task offloaded (weight=0.64 >= 0.3),
1771434250.583,0.0,,,,,,,,,,,,,,,0.2603,WARNING,,5,,t715_2,0.19,CRITICAL,LOCAL,WARNING: lightweight task permitted (weight=0.19 < 0.3),
1771434250.583,0.0,46.97,4.7145,1.399,57.1,5,,,0.02334,0.4957,0.0000,0.4517,0.0000,0.2334,0.4745,0.2364,WARNING,False,5,2,,,,,,
1771434250.584,0.0,,,,,,,,,,,,,,,0.2364,WARNING,,5,,t716_0,0.33,LOW,OFFLOAD,WARNING: heavy task offloaded (weight=0.33 >= 0.3),
1771434250.584,0.0,,,,,,,,,,,,,,,0.2364,WARNING,,5,,t716_1,0.68,NORMAL,OFFLOAD,WARNING: heavy task offloaded (weight=0.68 >= 0.3),
1771434250.584,0.0,47.38,4.7141,1.346,53.3,5,15163.838,83.33932,0.02289,0.5639,1.0000,0.4530,0.0000,0.2289,0.4480,0.4890,WARNING,False,5,2,,,,,,
1771434250.584,0.0,,,,,,,,,,,,,,,0.4890,WARNING,,5,,t717_0,0.75,LOW,OFFLOAD,WARNING: heavy task offloaded (weight=0.75 >= 0.3),
1771434250.584,0.0,,,,,,,,,,,,,,,0.4890,WARNING,,5,,t717_1,0.39,NORMAL,OFFLOAD,WARNING: heavy task offloaded (weight=0.39 >= 0.3),
1771434250.584,0.0,46.63,4.7367,1.297,49.8,4,-28889.842,48.30428,0.02780,0.4380,0.0000,0.3777,0.0000,0.2780,0.4084,0.2111,WARNING,False,5,2,,,,,,
1771434250.584,0.0,,,,,,,,,,,,,,,0.2111,WARNING,,5,,t718_0,0.73,HIGH,OFFLOAD,WARNING: heavy task offloaded (weight=0.73 >= 0.3),
1771434250.584,0.0,,,,,,,,,,,,,,,0.2111,WARNING,,5,,t718_1,0.33,NORMAL,OFFLOAD,WARNING: heavy task offloaded (weight=0.33 >= 0.3),
1771434250.584,0.0,,,,,,,,,,,,,,,0.2111,WARNING,,5,,t718_2,0.67,LOW,OFFLOAD,WARNING: heavy task offloaded (weight=0.67 >= 0.3),
1771434250.584,0.0,47.07,4.7320,1.251,46.5,4,19214.291,54.39295,0.03081,0.5111,1.0000,0.3934,0.0000,0.3081,0.3855,0.4704,WARNING,False,5,2,,,,,,
1771434250.584,0.0,,,,,,,,,,,,,,,0.4704,WARNING,,5,,t719_0,0.51,HIGH,OFFLOAD,WARNING: heavy task offloaded (weight=0.51 >= 0.3),
1771434250.584,0.0,,,,,,,,,,,,,,,0.4704,WARNING,,4,,t719_1,0.23,NORMAL,LOCAL,WARNING: lightweight task permitted (weight=0.23 < 0.3),
1771434250.584,0.0,,,,,,,,,,,,,,,0.4704,WARNING,,3,,t719_2,0.19,LOW,LOCAL,WARNING: lightweight task permitted (weight=0.19 < 0.3),
1771434250.584,0.0,,,,,,,,,,,,,,,0.4704,WARNING,,3,,t719_3,0.86,LOW,OFFLOAD,WARNING: heavy task offloaded (weight=0.86 >= 0.3),
1771434250.584,0.0,,,,,,,,,,,,,,,0.4704,WARNING,,3,,t719_4,0.58,NORMAL,OFFLOAD,WARNING: heavy task offloaded (weight=0.58 >= 0.3),
1771434250.584,0.0,,,,,,,,,,,,,,,0.4704,WARNING,,2,,t719_5,0.18,LOW,LOCAL,WARNING: lightweight task permitted (weight=0.18 < 0.3),
1771434250.584,0.0,47.16,4.7123,1.364,54.6,5,6478.787,20.26351,0.03148,0.5263,1.0000,0.4589,0.0000,0.3148,0.4571,0.4957,WARNING,False,2,5,,,,,,
1771434250.584,0.0,,,,,,,,,,,,,,,0.4957,WARNING,,2,,t720_0,0.55,CRITICAL,OFFLOAD,WARNING: heavy task offloaded (weight=0.55 >= 0.3),
1771434250.584,0.0,,,,,,,,,,,,,,,0.4957,WARNING,,2,,t720_1,0.56,HIGH,OFFLOAD,WARNING: heavy task offloaded (weight=0.56 >= 0.3),
1771434250.584,0.0,47.15,4.7097,1.314,51.0,4,28764.575,29.18345,0.02636,0.5251,1.0000,0.4677,0.0000,0.2636,0.4169,0.4836,WARNING,False,2,5,,,,,,
1771434250.584,0.0,,,,,,,,,,,,,,,0.4836,WARNING,,2,,t721_0,0.80,NORMAL,OFFLOAD,WARNING: heavy task offloaded (weight=0.80 >= 0.3),
1771434250.584,0.0,,,,,,,,,,,,,,,0.4836,WARNING,,2,,t721_1,0.51,NORMAL,OFFLOAD,WARNING: heavy task offloaded (weight=0.51 >= 0.3),
1771434250.584,0.0,,,,,,,,,,,,,,,0.4836,WARNING,,2,,t721_2,0.87,NORMAL,OFFLOAD,WARNING: heavy task offloaded (weight=0.87 >= 0.3),
1771434250.584,0.0,47.40,4.7486,1.267,47.6,4,14907.487,51.84151,0.02991,0.5663,1.0000,0.3379,0.0000,0.2991,0.3934,0.4705,WARNING,False,2,5,,,,,,
1771434250.584,0.0,,,,,,,,,,,,,,,0.4705,WARNING,,2,,t722_0,0.82,NORMAL,OFFLOAD,WARNING: heavy task offloaded (weight=0.82 >= 0.3),
1771434250.584,0.0,,,,,,,,,,,,,,,0.4705,WARNING,,2,,t722_1,0.33,CRITICAL,OFFLOAD,WARNING: heavy task offloaded (weight=0.33 >= 0.3),
1771434250.584,0.0,,,,,,,,,,,,,,,0.4705,WARNING,,2,,t722_2,0.59,NORMAL,OFFLOAD,WARNING: heavy task offloaded (weight=0.59 >= 0.3),
1771434250.584,0.0,46.58,4.7428,1.223,44.5,4,-39730.983,43.80055,0.02764,0.4297,0.0000,0.3572,0.0000,0.2764,0.3715,0.1999,WARNING,False,2,5,,,,,,
1771434250.584,0.0,,,,,,,,,,,,,,,0.1999,WARNING,,2,,t723_0,0.73,CRITICAL,OFFLOAD,WARNING: heavy task offloaded (weight=0.73 >= 0.3),
1771434250.584,0.0,,,,,,,,,,,,,,,0.1999,WARNING,,2,,t723_1,0.43,NORMAL,OFFLOAD,WARNING: heavy task offloaded (weight=0.43 >= 0.3),
1771434250.584,0.0,46.18,4.7880,1.182,41.6,3,-31633.735,48.85589,0.03387,0.3635,0.0000,0.2068,0.0000,0.3387,0.3362,0.1716,SAFE,False,2,5,,,,,,
1771434250.584,0.0,,,,,,,,,,,,,,,0.1716,SAFE,,1,,t724_0,0.48,LOW,LOCAL,SAFE: all tasks permitted (weight=0.48),
1771434250.584,0.0,,,,,,,,,,,,,,,0.1716,SAFE,,0,,t724_1,0.79,HIGH,LOCAL,SAFE: all tasks permitted (weight=0.79),
1771434250.584,0.0,,,,,,,,,,,,,,,0.1716,SAFE,,0,,t724_2,0.78,NORMAL,OFFLOAD,"Budget exhausted (B=0), offloading. Original: SAFE: all tasks permitted (weight=0.78)",
1771434250.584,0.0,46.58,4.6552,1.476,62.5,5,-95378.218,-116.77141,0.03532,0.4301,0.0000,0.6494,1.0000,0.3532,0.5128,0.4739,WARNING,False,0,7,,,,,,
1771434250.584,0.0,,,,,,,,,,,,,,,0.4739,WARNING,,0,,t725_0,0.24,CRITICAL,OFFLOAD,"Budget exhausted (B=0), offloading. Original: WARNING: lightweight task permitted (weight=0.24 < 0.3)",
1771434250.584,0.0,,,,,,,,,,,,,,,0.4739,WARNING,,0,,t725_1,0.19,NORMAL,OFFLOAD,"Budget exhausted (B=0), offloading. Original: WARNING: lightweight task permitted (weight=0.19 < 0.3)",
1771434250.584,0.0,,,,,,,,,,,,,,,0.4739,WARNING,,0,,t725_2,0.43,CRITICAL,OFFLOAD,WARNING: heavy task offloaded (weight=0.43 >= 0.3),
1771434250.584,0.0,46.77,4.6997,1.417,58.4,5,16859.435,-73.29940,0.03300,0.4616,1.0000,0.5011,1.0000,0.3300,0.4836,0.7003,CRITICAL,False,0,7,,,,,,
1771434250.584,0.0,,,,,,,,,,,,,,,0.7003,CRITICAL,,0,,t726_0,0.89,NORMAL,OFFLOAD,CRITICAL: non-critical task offloaded (priority=NORMAL),
1771434250.584,0.0,46.75,4.6951,1.363,54.5,5,,,0.03141,0.4587,0.0000,0.5165,0.0000,0.3141,0.4564,0.2449,WARNING,False,7,0,,,,,,window_reset|B=7
1771434250.584,0.0,,,,,,,,,,,,,,,0.2449,WARNING,,7,,t727_0,0.43,NORMAL,OFFLOAD,WARNING: heavy task offloaded (weight=0.43 >= 0.3),
1771434250.584,0.0,,,,,,,,,,,,,,,0.2449,WARNING,,7,,t727_1,0.57,HIGH,OFFLOAD,WARNING: heavy task offloaded (weight=0.57 >= 0.3),
1771434250.584,0.0,,,,,,,,,,,,,,,0.2449,WARNING,,7,,t727_2,0.31,HIGH,OFFLOAD,WARNING: heavy task offloaded (weight=0.31 >= 0.3),
1771434250.584,0.0,46.30,4.7446,1.312,50.9,4,,,0.03201,0.3834,0.0000,0.3514,0.0000,0.3201,0.4162,0.2069,WARNING,False,7,0,,,,,,
1771434250.584,0.0,,,,,,,,,,,,,,,0.2069,WARNING,,6,,t728_0,0.27,NORMAL,LOCAL,WARNING: lightweight task permitted (weight=0.27 < 0.3),
1771434250.584,0.0,47.00,4.7146,1.336,52.6,4,,,0.03200,0.4995,0.0000,0.4514,0.0000,0.3200,0.4281,0.2362,WARNING,False,6,1,,,,,,
1771434250.584,0.0,,,,,,,,,,,,,,,0.2362,WARNING,,6,,t729_0,0.55,NORMAL,OFFLOAD,WARNING: heavy task offloaded (weight=0.55 >= 0.3),
1771434250.584,0.0,,,,,,,,,,,,,,,0.2362,WARNING,,6,,t729_1,0.80,NORMAL,OFFLOAD,WARNING: heavy task offloaded (weight=0.80 >= 0.3),
1771434250.584,0.0,46.54,4.7270,1.288,49.1,4,,,0.03177,0.4240,0.0000,0.4100,0.0000,0.3177,0.4038,0.2167,WARNING,False,6,1,,,,,,
1771434250.584,0.0,,,,,,,,,,,,,,,0.2167,WARNING,,6,,t730_0,0.58,NORMAL,OFFLOAD,WARNING: heavy task offloaded (weight=0.58 >= 0.3),
1771434250.584,0.0,,,,,,,,,,,,,,,0.2167,WARNING,,6,,t730_1,0.62,CRITICAL,OFFLOAD,WARNING: heavy task offloaded (weight=0.62 >= 0.3),
1771434250.584,0.0,,,,,,,,,,,,,,,0.2167,WARNING,,6,,t730_2,0.42,HIGH,OFFLOAD,WARNING: heavy task offloaded (weight=0.42 >= 0.3),
1771434250.584,0.0,46.48,4.7275,1.242,45.9,4,,,0.03169,0.4139,0.0000,0.4084,0.0000,0.3169,0.3812,0.2107,WARNING,False,6,1,,,,,,
1771434250.585,0.0,,,,,,,,,,,,,,,0.2107,WARNING,,6,,t731_0,0.43,HIGH,OFFLOAD,WARNING: heavy task offloaded (weight=0.43 >= 0.3),
1771434250.585,0.0,,,,,,,,,,,,,,,0.2107,WARNING,,6,,t731_1,0.86,HIGH,OFFLOAD,WARNING: heavy task offloaded (weight=0.86 >= 0.3),
1771434250.585,0.0,,,,,,,,,,,,,,,0.2107,WARNING,,6,,t731_2,0.38,LOW,OFFLOAD,WARNING: heavy task offloaded (weight=0.38 >= 0.3),
1771434250.585,0.0,46.49,4.7454,1.200,42.9,3,18342.015,-42.27554,0.03215,0.4148,1.0000,0.3487,1.0000,0.3215,0.3452,0.6463,CRITICAL,False,6,1,,,,,,
1771434250.585,0.0,,,,,,,,,,,,,,,0.6463,CRITICAL,,6,,t732_0,0.26,LOW,OFFLOAD,CRITICAL: non-critical task offloaded (priority=LOW),
1771434250.585,0.0,46.27,4.7615,1.161,40.1,3,-18619.589,105.58085,0.03329,0.3781,0.0000,0.2950,0.0000,0.3329,0.3257,0.1821,WARNING,False,6,1,,,,,,
1771434250.585,0.0,,,,,,,,,,,,,,,0.1821,WARNING,,5,,t733_0,0.20,CRITICAL,LOCAL,WARNING: lightweight task permitted (weight=0.20 < 0.3),
1771434250.585,0.0,,,,,,,,,,,,,,,0.1821,WARNING,,5,,t733_1,0.34,NORMAL,OFFLOAD,WARNING: heavy task offloaded (weight=0.34 >= 0.3),
1771434250.585,0.0,,,,,,,,,,,,,,,0.1821,WARNING,,5,,t733_2,0.83,LOW,OFFLOAD,WARNING: heavy task offloaded (weight=0.83 >= 0.3),
1771434250.585,0.0,45.60,4.7569,1.176,41.1,3,-69437.555,56.81548,0.03376,0.2674,0.0000,0.3103,0.0000,0.3376,0.3330,0.1728,SAFE,False,5,2,,,,,,
1771434250.585,0.0,,,,,,,,,,,,,,,0.1728,SAFE,,4,,t734_0,0.23,NORMAL,LOCAL,SAFE: all tasks permitted (weight=0.23),
1771434250.585,0.0,,,,,,,,,,,,,,,0.1728,SAFE,,3,,t734_1,0.81,LOW,LOCAL,SAFE: all tasks permitted (weight=0.81),
1771434250.585,0.0,,,,,,,,,,,,,,,0.1728,SAFE,,2,,t734_2,0.76,HIGH,LOCAL,SAFE: all tasks permitted (weight=0.76),
1771434250.585,0.0,45.70,4.6623,1.607,71.9,6,-62622.467,-32.57225,0.03823,0.2835,0.0000,0.6258,1.0000,0.3823,0.5935,0.4723,WARNING,False,2,5,,,,,,
1771434250.585,0.0,,,,,,,,,,,,,,,0.4723,WARNING,,2,,t735_0,0.51,NORMAL,OFFLOAD,WARNING: heavy task offloaded (weight=0.51 >= 0.3),
1771434250.585,0.0,,,,,,,,,,,,,,,0.4723,WARNING,,2,,t735_1,0.57,NORMAL,OFFLOAD,WARNING: heavy task offloaded (weight=0.57 >= 0.3),
1771434250.585,0.0,46.63,4.6782,1.539,67.1,6,19711.965,-65.91095,0.03458,0.4385,1.0000,0.5727,1.0000,0.3458,0.5597,0.7236,CRITICAL,False,2,5,,,,,,
1771434250.585,0.0,,,,,,,,,,,,,,,0.7236,CRITICAL,,1,,t736_0,0.60,CRITICAL,LOCAL,CRITICAL: mission-critical task permitted locally (priority=CRITICAL),
1771434250.585,0.0,46.48,4.6344,1.634,73.9,7,-30789.239,-79.66665,0.03786,0.4134,0.0000,0.7188,1.0000,0.3786,0.6220,0.5053,CRITICAL,False,1,6,,,,,,
1771434250.585,0.0,,,,,,,,,,,,,,,0.5053,CRITICAL,,1,,t737_0,0.67,HIGH,OFFLOAD,CRITICAL: non-critical task offloaded (priority=HIGH),
1771434250.585,0.0,,,,,,,,,,,,,,,0.5053,CRITICAL,,1,,t737_1,0.83,HIGH,OFFLOAD,CRITICAL: non-critical task offloaded (priority=HIGH),
1771434250.585,0.0,46.57,4.6327,1.564,68.9,6,1772.848,-93.62361,0.04377,0.4289,1.0000,0.7243,1.0000,0.4377,0.5722,0.7538,CRITICAL,False,1,6,,,,,,
1771434250.585,0.0,,,,,,,,,,,,,,,0.7538,CRITICAL,,1,,t738_0,0.46,NORMAL,OFFLOAD,CRITICAL: non-critical task offloaded (priority=NORMAL),
1771434250.585,0.0,,,,,,,,,,,,,,,0.7538,CRITICAL,,1,,t738_1,0.31,NORMAL,OFFLOAD,CRITICAL: non-critical task offloaded (priority=NORMAL),
1771434250.585,0.0,,,,,,,,,,,,,,,0.7538,CRITICAL,,1,,t738_2,0.76,HIGH,OFFLOAD,CRITICAL: non-critical task offloaded (priority=HIGH),
1771434250.585,0.0,,,,,,,,,,,,,,,0.7538,CRITICAL,,1,,t738_3,0.48,HIGH,OFFLOAD,CRITICAL: non-critical task offloaded (priority=HIGH),
1771434250.585,0.0,,,,,,,,,,,,,,,0.7538,CRITICAL,,1,,t738_4,0.69,NORMAL,OFFLOAD,CRITICAL: non-critical task offloaded (priority=NORMAL),
1771434250.585,0.0,46.72,4.6820,1.500,64.3,6,14199.836,-45.13991,0.04420,0.4536,1.0000,0.5599,1.0000,0.4420,0.5400,0.7294,CRITICAL,False,1,6,,,,,,
1771434250.585,0.0,,,,,,,,,,,,,,,0.7294,CRITICAL,,1,,t739_0,0.68,LOW,OFFLOAD,CRITICAL: non-critical task offloaded (priority=LOW),
1771434250.585,0.0,,,,,,,,,,,,,,,0.7294,CRITICAL,,1,,t739_1,0.89,NORMAL,OFFLOAD,CRITICAL: non-critical task offloaded (priority=NORMAL),
1771434250.585,0.0,,,,,,,,,,,,,,,0.7294,CRITICAL,,1,,t739_2,0.62,NORMAL,OFFLOAD,CRITICAL: non-critical task offloaded (priority=NORMAL),
1771434250.585,0.0,,,,,,,,,,,,,,,0.7294,CRITICAL,,0,,t739_3,0.37,CRITICAL,LOCAL,CRITICAL: mission-critical task permitted locally (priority=CRITICAL),
1771434250.585,0.0,,,,,,,,,,,,,,,0.7294,CRITICAL,,0,,t739_4,0.57,LOW,OFFLOAD,CRITICAL: non-critical task offloaded (priority=LOW),
1771434250.585,0.0,46.81,4.6827,1.535,66.8,6,,,0.04295,0.4681,0.0000,0.5577,0.0000,0.4295,0.5575,0.2831,WARNING,False,7,0,,,,,,window_reset|B=7
1771434250.586,0.1,,,,,,,,,,,,,,,0.2831,WARNING,,7,,t740_0,0.65,NORMAL,OFFLOAD,WARNING: heavy task offloaded (weight=0.65 >= 0.3),
1771434250.586,0.1,47.11,4.6903,1.473,62.3,5,50347.149,-70.88072,0.04280,0.5186,1.0000,0.5324,1.0000,0.4280,0.5113,0.7265,CRITICAL,False,7,0,,,,,,
1771434250.586,0.1,,,,,,,,,,,,,,,0.7265,CRITICAL,,7,,t741_0,0.23,LOW,OFFLOAD,CRITICAL: non-critical task offloaded (priority=LOW),
1771434250.586,0.1,,,,,,,,,,,,,,,0.7265,CRITICAL,,7,,t741_1,0.71,HIGH,OFFLOAD,CRITICAL: non-critical task offloaded (priority=HIGH),
1771434250.586,0.1,,,,,,,,,,,,,,,0.7265,CRITICAL,,7,,t741_2,0.70,HIGH,OFFLOAD,CRITICAL: non-critical task offloaded (priority=HIGH),
1771434250.586,0.1,,,,,,,,,,,,,,,0.7265,CRITICAL,,7,,t741_3,0.34,LOW,OFFLOAD,CRITICAL: non-critical task offloaded (priority=LOW),
1771434250.586,0.1,,,,,,,,,,,,,,,0.7265,CRITICAL,,7,,t741_4,0.17,NORMAL,OFFLOAD,CRITICAL: non-critical task offloaded (priority=NORMAL),
1771434250.586,0.1,,,,,,,,,,,,,,,0.7265,CRITICAL,,7,,t741_5,0.72,NORMAL,OFFLOAD,CRITICAL: non-critical task offloaded (priority=NORMAL),
1771434250.586,0.1,46.71,4.6904,1.414,58.2,5,66089.286,-66.17125,0.04195,0.4518,1.0000,0.5319,1.0000,0.4195,0.4822,0.7118,CRITICAL,False,7,0,,,,,,
1771434250.586,0.1,,,,,,,,,,,,,,,0.7118,CRITICAL,,7,,t742_0,0.28,NORMAL,OFFLOAD,CRITICAL: non-critical task offloaded (priority=NORMAL),
1771434250.586,0.1,,,,,,,,,,,,,,,0.7118,CRITICAL,,7,,t742_1,0.36,NORMAL,OFFLOAD,CRITICAL: non-critical task offloaded (priority=NORMAL),
1771434250.586,0.1,,,,,,,,,,,,,,,0.7118,CRITICAL,,7,,t742_2,0.50,NORMAL,OFFLOAD,CRITICAL: non-critical task offloaded (priority=NORMAL),
1771434250.586,0.1,,,,,,,,,,,,,,,0.7118,CRITICAL,,7,,t742_3,0.68,HIGH,OFFLOAD,CRITICAL: non-critical task offloaded (priority=HIGH),
1771434250.586,0.1,,,,,,,,,,,,,,,0.7118,CRITICAL,,7,,t742_4,0.18,NORMAL,OFFLOAD,CRITICAL: non-critical task offloaded (priority=NORMAL),
1771434250.586,0.1,,,,,,,,,,,,,,,0.7118,CRITICAL,,7,,t742_5,0.69,LOW,OFFLOAD,CRITICAL: non-critical task offloaded (priority=LOW),
1771434250.586,0.1,46.89,4.7153,1.360,54.3,5,71085.041,52.80577,0.04130,0.4819,1.0000,0.4490,0.0000,0.4130,0.4552,0.4985,CRITICAL,False,7,0,,,,,,
1771434250.586,0.1,,,,,,,,,,,,,,,0.4985,CRITICAL,,7,,t743_0,0.48,HIGH,OFFLOAD,CRITICAL: non-critical task offloaded (priority=HIGH),
1771434250.586,0.1,,,,,,,,,,,,,,,0.4985,CRITICAL,,7,,t743_1,0.82,NORMAL,OFFLOAD,CRITICAL: non-critical task offloaded (priority=NORMAL),
1771434250.586,0.1,46.77,4.7363,1.310,50.7,4,8188.132,57.81643,0.04043,0.4614,1.0000,0.3791,0.0000,0.4043,0.4150,0.4781,CRITICAL,False,7,0,,,,,,
1771434250.586,0.1,,,,,,,,,,,,,,,0.4781,CRITICAL,,7,,t744_0,0.63,NORMAL,OFFLOAD,CRITICAL: non-critical task offloaded (priority=NORMAL),
1771434250.586,0.1,,,,,,,,,,,,,,,0.4781,CRITICAL,,7,,t744_1,0.52,HIGH,OFFLOAD,CRITICAL: non-critical task offloaded (priority=HIGH),
1771434250.586,0.1,,,,,,,,,,,,,,,0.4781,CRITICAL,,7,,t744_2,0.26,LOW,OFFLOAD,CRITICAL: non-critical task offloaded (priority=LOW),
1771434250.586,0.1,,,,,,,,,,,,,,,0.4781,CRITICAL,,6,,t744_3,0.17,CRITICAL,LOCAL,CRITICAL: mission-critical task permitted locally (priority=CRITICAL),
1771434250.586,0.1,,,,,,,,,,,,,,,0.4781,CRITICAL,,6,,t744_4,0.65,NORMAL,OFFLOAD,CRITICAL: non-critical task offloaded (priority=NORMAL),
1771434250.586,0.1,46.74,4.7277,1.307,50.5,4,15253.174,92.92866,0.03660,0.4559,1.0000,0.4076,0.0000,0.3660,0.4136,0.4770,CRITICAL,False,6,1,,,,,,
1771434250.586,0.1,,,,,,,,,,,,,,,0.4770,CRITICAL,,6,,t745_0,0.56,LOW,OFFLOAD,CRITICAL: non-critical task offloaded (priority=LOW),
1771434250.586,0.1,,,,,,,,,,,,,,,0.4770,CRITICAL,,5,,t745_1,0.32,CRITICAL,LOCAL,CRITICAL: mission-critical task permitted locally (priority=CRITICAL),
1771434250.586,0.1,,,,,,,,,,,,,,,0.4770,CRITICAL,,5,,t745_2,0.44,HIGH,OFFLOAD,CRITICAL: non-critical task offloaded (priority=HIGH),
1771434250.586,0.1,,,,,,,,,,,,,,,0.4770,CRITICAL,,5,,t745_3,0.71,HIGH,OFFLOAD,CRITICAL: non-critical task offloaded (priority=HIGH),
1771434250.586,0.1,,,,,,,,,,,,,,,0.4770,CRITICAL,,4,,t745_4,0.88,CRITICAL,LOCAL,CRITICAL: mission-critical task permitted locally (priority=CRITICAL),
1771434250.586,0.1,,,,,,,,,,,,,,,0.4770,CRITICAL,,4,,t745_5,0.25,NORMAL,OFFLOAD,CRITICAL: non-critical task offloaded (priority=NORMAL),
1771434250.586,0.1,47.68,4.6294,1.571,69.4,6,65932.041,-3.27263,0.03429,0.6130,1.0000,0.7352,1.0000,0.3429,0.5755,0.7685,CRITICAL,False,4,3,,,,,,
1771434250.587,0.1,,,,,,,,,,,,,,,0.7685,CRITICAL,,4,,t746_0,0.65,NORMAL,OFFLOAD,CRITICAL: non-critical task offloaded (priority=NORMAL),
1771434250.587,0.1,,,,,,,,,,,,,,,0.7685,CRITICAL,,4,,t746_1,0.25,NORMAL,OFFLOAD,CRITICAL: non-critical task offloaded (priority=NORMAL),
1771434250.587,0.1,47.23,4.6881,1.506,64.7,6,15195.728,3.03178,0.03391,0.5383,1.0000,0.5396,0.0000,0.3391,0.5430,0.5273,CRITICAL,False,4,3,,,,,,
1771434250.587,0.1,,,,,,,,,,,,,,,0.5273,CRITICAL,,4,,t747_0,0.70,HIGH,OFFLOAD,CRITICAL: non-critical task offloaded (priority=HIGH),
1771434250.587,0.1,,,,,,,,,,,,,,,0.5273,CRITICAL,,4,,t747_1,0.44,NORMAL,OFFLOAD,CRITICAL: non-critical task offloaded (priority=NORMAL),
1771434250.587,0.1,,,,,,,,,,,,,,,0.5273,CRITICAL,,4,,t747_2,0.83,NORMAL,OFFLOAD,CRITICAL: non-critical task offloaded (priority=NORMAL),
1771434250.587,0.1,,,,,,,,,,,,,,,0.5273,CRITICAL,,4,,t747_3,0.76,HIGH,OFFLOAD,CRITICAL: non-critical task offloaded (priority=HIGH),
1771434250.587,0.1,,,,,,,,,,,,,,,0.5273,CRITICAL,,4,,t747_4,0.36,NORMAL,OFFLOAD,CRITICAL: non-critical task offloaded (priority=NORMAL),
1771434250.587,0.1,,,,,,,,,,,,,,,0.5273,CRITICAL,,4,,t747_5,0.75,LOW,OFFLOAD,CRITICAL: non-critical task offloaded (priority=LOW),
1771434250.587,0.1,47.02,4.7078,1.446,60.4,5,6285.771,12.49206,0.03459,0.5031,1.0000,0.4741,0.0000,0.3459,0.4978,0.5061,CRITICAL,False,4,3,,,,,,
1771434250.587,0.1,,,,,,,,,,,,,,,0.5061,CRITICAL,,4,,t748_0,0.70,NORMAL,OFFLOAD,CRITICAL: non-critical task offloaded (priority=NORMAL),
1771434250.587,0.1,,,,,,,,,,,,,,,0.5061,CRITICAL,,4,,t748_1,0.80,HIGH,OFFLOAD,CRITICAL: non-critical task offloaded (priority=HIGH),
1771434250.587,0.1,,,,,,,,,,,,,,,0.5061,CRITICAL,,4,,t748_2,0.52,NORMAL,OFFLOAD,CRITICAL: non-critical task offloaded (priority=NORMAL),
1771434250.587,0.1,46.83,4.7097,1.389,56.4,5,-16659.469,19.39630,0.03158,0.4721,0.0000,0.4675,0.0000,0.3158,0.4697,0.2430,WARNING,False,4,3,,,,,,
1771434250.587,0.1,,,,,,,,,,,,,,,0.2430,WARNING,,4,,t749_0,0.80,NORMAL,OFFLOAD,WARNING: heavy task offloaded (weight=0.80 >= 0.3),
1771434250.587,0.1,,,,,,,,,,,,,,,0.2430,WARNING,,4,,t749_1,0.36,HIGH,OFFLOAD,WARNING: heavy task offloaded (weight=0.36 >= 0.3),
1771434250.587,0.1,47.27,4.7213,1.337,52.6,4,33424.670,30.83658,0.02713,0.5449,1.0000,0.4288,0.0000,0.2713,0.4285,0.4840,WARNING,False,4,3,,,,,,
1771434250.587,0.1,,,,,,,,,,,,,,,0.4840,WARNING,,3,,t750_0,0.27,HIGH,LOCAL,WARNING: lightweight task permitted (weight=0.27 < 0.3),
1771434250.587,0.1,,,,,,,,,,,,,,,0.4840,WARNING,,3,,t750_1,0.83,NORMAL,OFFLOAD,WARNING: heavy task offloaded (weight=0.83 >= 0.3),
1771434250.587,0.1,,,,,,,,,,,,,,,0.4840,WARNING,,3,,t750_2,0.69,HIGH,OFFLOAD,WARNING: heavy task offloaded (weight=0.69 >= 0.3),
1771434250.587,0.1,,,,,,,,,,,,,,,0.4840,WARNING,,3,,t750_3,0.37,LOW,OFFLOAD,WARNING: heavy task offloaded (weight=0.37 >= 0.3),
1771434250.587,0.1,,,,,,,,,,,,,,,0.4840,WARNING,,3,,t750_4,0.80,NORMAL,OFFLOAD,WARNING: heavy task offloaded (weight=0.80 >= 0.3),
1771434250.587,0.1,,,,,,,,,,,,,,,0.4840,WARNING,,3,,t750_5,0.83,NORMAL,OFFLOAD,WARNING: heavy task offloaded (weight=0.83 >= 0.3),
1771434250.587,0.1,46.75,4.6950,1.359,54.2,5,-8437.221,-20.23717,0.02671,0.4584,0.0000,0.5166,1.0000,0.2671,0.4543,0.4397,WARNING,False,3,4,,,,,,
1771434250.587,0.1,,,,,,,,,,,,,,,0.4397,WARNING,,3,,t751_0,0.85,NORMAL,OFFLOAD,WARNING: heavy task offloaded (weight=0.85 >= 0.3),
1771434250.587,0.1,,,,,,,,,,,,,,,0.4397,WARNING,,2,,t751_1,0.19,LOW,LOCAL,WARNING: lightweight task permitted (weight=0.19 < 0.3),
1771434250.587,0.1,,,,,,,,,,,,,,,0.4397,WARNING,,2,,t751_2,0.88,NORMAL,OFFLOAD,WARNING: heavy task offloaded (weight=0.88 >= 0.3),
1771434250.587,0.1,,,,,,,,,,,,,,,0.4397,WARNING,,2,,t751_3,0.77,NORMAL,OFFLOAD,WARNING: heavy task offloaded (weight=0.77 >= 0.3),
1771434250.587,0.1,47.20,4.7189,1.358,54.1,5,26030.491,-17.32535,0.02668,0.5339,1.0000,0.4370,1.0000,0.2668,0.4540,0.6884,CRITICAL,False,2,5,,,,,,
1771434250.587,0.1,,,,,,,,,,,,,,,0.6884,CRITICAL,,2,,t752_0,0.26,NORMAL,OFFLOAD,CRITICAL: non-critical task offloaded (priority=NORMAL),
1771434250.587,0.1,,,,,,,,,,,,,,,0.6884,CRITICAL,,2,,t752_1,0.66,LOW,OFFLOAD,CRITICAL: non-critical task offloaded (priority=LOW),
1771434250.587,0.1,,,,,,,,,,,,,,,0.6884,CRITICAL,,2,,t752_2,0.48,LOW,OFFLOAD,CRITICAL: non-critical task offloaded (priority=LOW),
1771434250.587,0.1,46.72,4.7421,1.308,50.6,4,-717.101,14.30305,0.02848,0.4539,0.0000,0.3598,0.0000,0.2848,0.4139,0.2125,WARNING,False,7,0,,,,,,window_reset|B=7
1771434250.587,0.1,,,,,,,,,,,,,,,0.2125,WARNING,,7,,t753_0,0.86,HIGH,OFFLOAD,WARNING: heavy task offloaded (weight=0.86 >= 0.3),
1771434250.587,0.1,,,,,,,,,,,,,,,0.2125,WARNING,,7,,t753_1,0.58,HIGH,OFFLOAD,WARNING: heavy task offloaded (weight=0.58 >= 0.3),
1771434250.587,0.1,,,,,,,,,,,,,,,0.2125,WARNING,,7,,t753_2,0.55,CRITICAL,OFFLOAD,WARNING: heavy task offloaded (weight=0.55 >= 0.3),
1771434250.587,0.1,46.69,4.7469,1.261,47.2,4,-59105.823,117.13800,0.03001,0.4483,0.0000,0.3436,0.0000,0.3001,0.3906,0.2066,WARNING,False,7,0,,,,,,
1771434250.587,0.1,,,,,,,,,,,,,,,0.2066,WARNING,,7,,t754_0,0.77,NORMAL,OFFLOAD,WARNING: heavy task offloaded (weight=0.77 >= 0.3),
1771434250.587,0.1,,,,,,,,,,,,,,,0.2066,WARNING,,6,,t754_1,0.17,LOW,LOCAL,WARNING: lightweight task permitted (weight=0.17 < 0.3),
1771434250.587,0.1,,,,,,,,,,,,,,,0.2066,WARNING,,6,,t754_2,0.41,LOW,OFFLOAD,WARNING: heavy task offloaded (weight=0.41 >= 0.3),
1771434250.587,0.1,,,,,,,,,,,,,,,0.2066,WARNING,,6,,t754_3,0.81,LOW,OFFLOAD,WARNING: heavy task offloaded (weight=0.81 >= 0.3),
1771434250.587,0.1,47.23,4.7025,1.263,47.4,4,,,0.03008,0.5384,0.0000,0.4915,0.0000,0.3008,0.3915,0.2369,WARNING,False,6,1,,,,,,
1771434250.587,0.1,,,,,,,,,,,,,,,0.2369,WARNING,,6,,t755_0,0.74,CRITICAL,OFFLOAD,WARNING: heavy task offloaded (weight=0.74 >= 0.3),
1771434250.587,0.1,,,,,,,,,,,,,,,0.2369,WARNING,,6,,t755_1,0.34,LOW,OFFLOAD,WARNING: heavy task offloaded (weight=0.34 >= 0.3),
1771434250.587,0.1,46.26,4.7768,1.219,44.2,4,,,0.03470,0.3774,0.0000,0.2441,0.0000,0.3470,0.3697,0.1857,WARNING,False,6,1,,,,,,
1771434250.587,0.1,,,,,,,,,,,,,,,0.1857,WARNING,,6,,t756_0,0.72,CRITICAL,OFFLOAD,WARNING: heavy task offloaded (weight=0.72 >= 0.3),
1771434250.587,0.1,,,,,,,,,,,,,,,0.1857,WARNING,,6,,t756_1,0.57,NORMAL,OFFLOAD,WARNING: heavy task offloaded (weight=0.57 >= 0.3),
1771434250.587,0.1,46.11,4.7897,1.179,41.4,3,,,0.04051,0.3510,0.0000,0.2008,0.0000,0.4051,0.3345,0.1757,SAFE,False,6,1,,,,,,
1771434250.587,0.1,,,,,,,,,,,,,,,0.1757,SAFE,,5,,t757_0,0.84,LOW,LOCAL,SAFE: all tasks permitted (weight=0.84),
1771434250.587,0.1,,,,,,,,,,,,,,,0.1757,SAFE,,4,,t757_1,0.64,NORMAL,LOCAL,SAFE: all tasks permitted (weight=0.64),
1771434250.587,0.1,,,,,,,,,,,,,,,0.1757,SAFE,,3,,t757_2,0.69,LOW,LOCAL,SAFE: all tasks permitted (weight=0.69),
1771434250.587,0.1,,,,,,,,,,,,,,,0.1757,SAFE,,2,,t757_3,0.68,CRITICAL,LOCAL,SAFE: all tasks permitted (weight=0.68),
1771434250.587,0.1,,,,,,,,,,,,,,,0.1757,SAFE,,1,,t757_4,0.85,HIGH,LOCAL,SAFE: all tasks permitted (weight=0.85),
1771434250.587,0.1,46.82,4.5927,1.986,99.0,10,,,0.04789,0.4705,0.0000,0.8578,0.0000,0.4789,0.8430,0.3845,WARNING,False,1,6,,,,,,
1771434250.587,0.1,,,,,,,,,,,,,,,0.3845,WARNING,,1,,t758_0,0.76,NORMAL,OFFLOAD,WARNING: heavy task offloaded (weight=0.76 >= 0.3),
1771434250.588,0.1,,,,,,,,,,,,,,,0.3845,WARNING,,0,,t758_1,0.18,HIGH,LOCAL,WARNING: lightweight task permitted (weight=0.18 < 0.3),
1771434250.588,0.1,,,,,,,,,,,,,,,0.3845,WARNING,,0,,t758_2,0.60,LOW,OFFLOAD,WARNING: heavy task offloaded (weight=0.60 >= 0.3),
1771434250.588,0.1,,,,,,,,,,,,,,,0.3845,WARNING,,0,,t758_3,0.17,LOW,OFFLOAD,"Budget exhausted (B=0), offloading. Original: WARNING: lightweight task permitted (weight=0.17 < 0.3)",
1771434250.588,0.1,,,,,,,,,,,,,,,0.3845,WARNING,,0,,t758_4,0.78,HIGH,OFFLOAD,WARNING: heavy task offloaded (weight=0.78 >= 0.3),
1771434250.588,0.1,,,,,,,,,,,,,,,0.3845,WARNING,,0,,t758_5,0.80,CRITICAL,OFFLOAD,WARNING: heavy task offloaded (weight=0.80 >= 0.3),
1771434250.588,0.1,47.25,4.5462,1.986,99.0,10,29218.419,-143.89819,0.06701,0.5423,1.0000,1.0000,1.0000,0.6701,0.8430,0.8807,CRITICAL,False,0,7,,,,,,FAILURE:BROWNOUT(V=4.546V)
1771434250.588,0.1,,,,,,,,,,,,,,,0.8807,CRITICAL,,0,,t759_0,0.83,LOW,OFFLOAD,CRITICAL: non-critical task offloaded (priority=LOW),
1771434250.588,0.1,,,,,,,,,,,,,,,0.8807,CRITICAL,,0,,t759_1,0.85,CRITICAL,OFFLOAD,"Budget exhausted (B=0), offloading. Original: CRITICAL: mission-critical task permitted locally (priority=CRITICAL)",
1771434250.588,0.1,48.03,4.5415,1.949,96.3,9,48088.217,-171.57520,0.08063,0.6720,1.0000,1.0000,1.0000,0.8063,0.8094,0.9032,CRITICAL,False,0,7,,,,,,
1771434250.588,0.1,,,,,,,,,,,,,,,0.9032,CRITICAL,,0,,t760_0,0.49,NORMAL,OFFLOAD,CRITICAL: non-critical task offloaded (priority=NORMAL),
1771434250.588,0.1,,,,,,,,,,,,,,,0.9032,CRITICAL,,0,,t760_1,0.53,NORMAL,OFFLOAD,CRITICAL: non-critical task offloaded (priority=NORMAL),
1771434250.588,0.1,,,,,,,,,,,,,,,0.9032,CRITICAL,,0,,t760_2,0.34,NORMAL,OFFLOAD,CRITICAL: non-critical task offloaded (priority=NORMAL),
1771434250.588,0.1,,,,,,,,,,,,,,,0.9032,CRITICAL,,0,,t760_3,0.57,HIGH,OFFLOAD,CRITICAL: non-critical task offloaded (priority=HIGH),
1771434250.588,0.1,47.90,4.5734,1.857,89.8,8,68367.009,-163.15850,0.08649,0.6503,1.0000,0.9221,1.0000,0.8649,0.7487,0.8841,CRITICAL,False,0,7,,,,,,
1771434250.588,0.1,,,,,,,,,,,,,,,0.8841,CRITICAL,,0,,t761_0,0.74,HIGH,OFFLOAD,CRITICAL: non-critical task offloaded (priority=HIGH),
1771434250.588,0.1,,,,,,,,,,,,,,,0.8841,CRITICAL,,0,,t761_1,0.22,HIGH,OFFLOAD,CRITICAL: non-critical task offloaded (priority=HIGH),
1771434250.588,0.1,,,,,,,,,,,,,,,0.8841,CRITICAL,,0,,t761_2,0.53,HIGH,OFFLOAD,CRITICAL: non-critical task offloaded (priority=HIGH),
1771434250.588,0.1,48.39,4.5822,1.772,83.7,8,98550.296,-159.33656,0.08931,0.7313,1.0000,0.8928,1.0000,0.8931,0.7062,0.8844,CRITICAL,False,0,7,,,,,,
1771434250.588,0.1,,,,,,,,,,,,,,,0.8844,CRITICAL,,0,,t762_0,0.80,NORMAL,OFFLOAD,CRITICAL: non-critical task offloaded (priority=NORMAL),
1771434250.588,0.1,,,,,,,,,,,,,,,0.8844,CRITICAL,,0,,t762_1,0.45,LOW,OFFLOAD,CRITICAL: non-critical task offloaded (priority=LOW),
1771434250.588,0.1,,,,,,,,,,,,,,,0.8844,CRITICAL,,0,,t762_2,0.77,HIGH,OFFLOAD,CRITICAL: non-critical task offloaded (priority=HIGH),
1771434250.588,0.1,48.28,4.6334,1.693,78.1,7,61123.904,-66.84146,0.08934,0.7139,1.0000,0.7219,1.0000,0.8934,0.6516,0.8492,CRITICAL,False,0,7,,,,,,
1771434250.588,0.1,,,,,,,,,,,,,,,0.8492,CRITICAL,,0,,t763_0,0.50,NORMAL,OFFLOAD,CRITICAL: non-critical task offloaded (priority=NORMAL),
1771434250.588,0.1,,,,,,,,,,,,,,,0.8492,CRITICAL,,0,,t763_1,0.47,HIGH,OFFLOAD,CRITICAL: non-critical task offloaded (priority=HIGH),
1771434250.588,0.1,,,,,,,,,,,,,,,0.8492,CRITICAL,,0,,t763_2,0.37,LOW,OFFLOAD,CRITICAL: non-critical task offloaded (priority=LOW),
1771434250.588,0.1,48.75,4.6735,1.620,72.8,6,144034.602,-99.85099,0.08781,0.7911,1.0000,0.5882,1.0000,0.8781,0.5998,0.8292,CRITICAL,False,0,7,,,,,,
1771434250.588,0.1,,,,,,,,,,,,,,,0.8292,CRITICAL,,0,,t764_0,0.21,CRITICAL,OFFLOAD,"Budget exhausted (B=0), offloading. Original: CRITICAL: mission-critical task permitted locally (priority=CRITICAL)",
1771434250.588,0.1,,,,,,,,,,,,,,,0.8292,CRITICAL,,0,,t764_1,0.81,NORMAL,OFFLOAD,CRITICAL: non-critical task offloaded (priority=NORMAL),
1771434250.588,0.1,49.01,4.6442,1.551,67.9,6,168669.193,-140.76952,0.08413,0.8355,1.0000,0.6860,1.0000,0.8413,0.5656,0.8367,CRITICAL,False,0,7,,,,,,
1771434250.588,0.1,,,,,,,,,,,,,,,0.8367,CRITICAL,,0,,t765_0,0.47,NORMAL,OFFLOAD,CRITICAL: non-critical task offloaded (priority=NORMAL),
1771434250.588,0.1,,,,,,,,,,,,,,,0.8367,CRITICAL,,0,,t765_1,0.25,NORMAL,OFFLOAD,CRITICAL: non-critical task offloaded (priority=NORMAL),
1771434250.588,0.1,,,,,,,,,,,,,,,0.8367,CRITICAL,,0,,t765_2,0.80,LOW,OFFLOAD,CRITICAL: non-critical task offloaded (priority=LOW),
1771434250.588,0.1,,,,,,,,,,,,,,,0.8367,CRITICAL,,0,,t765_3,0.34,LOW,OFFLOAD,CRITICAL: non-critical task offloaded (priority=LOW),
1771434250.588,0.1,48.78,4.6676,1.488,63.4,6,113564.572,72.50199,0.07925,0.7967,1.0000,0.6079,0.0000,0.7925,0.5338,0.6106,CRITICAL,False,3,0,,,,,,window_reset|B=3
1771434250.588,0.1,,,,,,,,,,,,,,,0.6106,CRITICAL,,3,,t766_0,0.21,NORMAL,OFFLOAD,CRITICAL: non-critical task offloaded (priority=NORMAL),
1771434250.588,0.1,,,,,,,,,,,,,,,0.6106,CRITICAL,,3,,t766_1,0.28,LOW,OFFLOAD,CRITICAL: non-critical task offloaded (priority=LOW),
1771434250.588,0.1,48.77,4.6629,1.428,59.2,5,,,0.07753,0.7946,0.0000,0.6236,0.0000,0.7753,0.4892,0.3518,WARNING,False,3,0,,,,,,
1771434250.588,0.1,,,,,,,,,,,,,,,0.3518,WARNING,,3,,t767_0,0.66,HIGH,OFFLOAD,WARNING: heavy task offloaded (weight=0.66 >= 0.3),
1771434250.588,0.1,,,,,,,,,,,,,,,0.3518,WARNING,,3,,t767_1,0.39,LOW,OFFLOAD,WARNING: heavy task offloaded (weight=0.39 >= 0.3),
1771434250.588,0.1,,,,,,,,,,,,,,,0.3518,WARNING,,2,,t767_2,0.28,LOW,LOCAL,WARNING: lightweight task permitted (weight=0.28 < 0.3),
1771434250.588,0.1,,,,,,,,,,,,,,,0.3518,WARNING,,2,,t767_3,0.46,NORMAL,OFFLOAD,WARNING: heavy task offloaded (weight=0.46 >= 0.3),
1771434250.588,0.1,,,,,,,,,,,,,,,0.3518,WARNING,,2,,t767_4,0.37,HIGH,OFFLOAD,WARNING: heavy task offloaded (weight=0.37 >= 0.3),
1771434250.588,0.1,49.20,4.6867,1.447,60.5,5,,,0.06769,0.8658,0.0000,0.5443,0.0000,0.6769,0.4983,0.3420,WARNING,False,2,1,,,,,,
1771434250.588,0.1,,,,,,,,,,,,,,,0.3420,WARNING,,1,,t768_0,0.27,NORMAL,LOCAL,WARNING: lightweight task permitted (weight=0.27 < 0.3),
1771434250.588,0.1,,,,,,,,,,,,,,,0.3420,WARNING,,1,,t768_1,0.42,HIGH,OFFLOAD,WARNING: heavy task offloaded (weight=0.42 >= 0.3),
1771434250.588,0.1,,,,,,,,,,,,,,,0.3420,WARNING,,1,,t768_2,0.70,LOW,OFFLOAD,WARNING: heavy task offloaded (weight=0.70 >= 0.3),
1771434250.588,0.1,48.16,4.6834,1.460,61.4,5,,,0.05163,0.6936,0.0000,0.5553,0.0000,0.5163,0.5050,0.3080,WARNING,False,1,2,,,,,,
1771434250.588,0.1,,,,,,,,,,,,,,,0.3080,WARNING,,1,,t769_0,0.31,NORMAL,OFFLOAD,WARNING: heavy task offloaded (weight=0.31 >= 0.3),
1771434250.588,0.1,,,,,,,,,,,,,,,0.3080,WARNING,,1,,t769_1,0.52,CRITICAL,OFFLOAD,WARNING: heavy task offloaded (weight=0.52 >= 0.3),
1771434250.588,0.1,,,,,,,,,,,,,,,0.3080,WARNING,,1,,t769_2,0.79,LOW,OFFLOAD,WARNING: heavy task offloaded (weight=0.79 >= 0.3),
1771434250.588,0.1,48.26,4.6910,1.403,57.3,5,,,0.05376,0.7100,0.0000,0.5302,0.0000,0.5376,0.4764,0.3031,WARNING,False,1,2,,,,,,
1771434250.588,0.1,,,,,,,,,,,,,,,0.3031,WARNING,,1,,t770_0,0.32,LOW,OFFLOAD,WARNING: heavy task offloaded (weight=0.32 >= 0.3),
1771434250.588,0.1,,,,,,,,,,,,,,,0.3031,WARNING,,0,,t770_1,0.17,LOW,LOCAL,WARNING: lightweight task permitted (weight=0.17 < 0.3),
1771434250.588,0.1,,,,,,,,,,,,,,,0.3031,WARNING,,0,,t770_2,0.86,NORMAL,OFFLOAD,WARNING: heavy task offloaded (weight=0.86 >= 0.3),
1771434250.588,0.1,49.00,4.6885,1.394,56.7,5,,,0.04898,0.8326,0.0000,0.5383,0.0000,0.4898,0.4722,0.3133,WARNING,False,0,3,,,,,,
1771434250.589,0.1,,,,,,,,,,,,,,,0.3133,WARNING,,0,,t771_0,0.39,LOW,OFFLOAD,WARNING: heavy task offloaded (weight=0.39 >= 0.3),
1771434250.589,0.1,,,,,,,,,,,,,,,0.3133,WARNING,,0,,t771_1,0.23,HIGH,OFFLOAD,"Budget exhausted (B=0), offloading. Original: WARNING: lightweight task permitted (weight=0.23 < 0.3)",
1771434250.589,0.1,49.03,4.7282,1.342,53.0,4,16887.979,54.26889,0.04325,0.8384,1.0000,0.4060,0.0000,0.4325,0.4309,0.5328,WARNING,False,0,3,,,,,,
1771434250.589,0.1,,,,,,,,,,,,,,,0.5328,WARNING,,0,,t772_0,0.90,NORMAL,OFFLOAD,WARNING: heavy task offloaded (weight=0.90 >= 0.3),
1771434250.589,0.1,48.17,4.7447,1.293,49.5,4,-50036.639,99.76519,0.04063,0.6955,0.0000,0.3511,0.0000,0.4063,0.4064,0.2510,WARNING,False,0,3,,,,,,
1771434250.589,0.1,,,,,,,,,,,,,,,0.2510,WARNING,,0,,t773_0,0.28,HIGH,OFFLOAD,"Budget exhausted (B=0), offloading. Original: WARNING: lightweight task permitted (weight=0.28 < 0.3)",
1771434250.589,0.1,,,,,,,,,,,,,,,0.2510,WARNING,,0,,t773_1,0.52,LOW,OFFLOAD,WARNING: heavy task offloaded (weight=0.52 >= 0.3),
1771434250.589,0.1,,,,,,,,,,,,,,,0.2510,WARNING,,0,,t773_2,0.45,HIGH,OFFLOAD,WARNING: heavy task offloaded (weight=0.45 >= 0.3),
1771434250.589,0.1,,,,,,,,,,,,,,,0.2510,WARNING,,0,,t773_3,0.29,CRITICAL,OFFLOAD,"Budget exhausted (B=0), offloading. Original: WARNING: lightweight task permitted (weight=0.29 < 0.3)",
1771434250.589,0.1,48.70,4.7360,1.247,46.2,4,-4501.983,67.86281,0.03328,0.7841,0.0000,0.3800,0.0000,0.3328,0.3836,0.2535,WARNING,False,0,3,,,,,,
1771434250.589,0.1,,,,,,,,,,,,,,,0.2535,WARNING,,0,,t774_0,0.81,LOW,OFFLOAD,WARNING: heavy task offloaded (weight=0.81 >= 0.3),
1771434250.589,0.1,,,,,,,,,,,,,,,0.2535,WARNING,,0,,t774_1,0.84,HIGH,OFFLOAD,WARNING: heavy task offloaded (weight=0.84 >= 0.3),
1771434250.589,0.1,48.06,4.7105,1.205,43.2,4,-42344.239,47.28997,0.02962,0.6762,0.0000,0.4648,0.0000,0.2962,0.3624,0.2437,WARNING,False,0,3,,,,,,
1771434250.589,0.1,,,,,,,,,,,,,,,0.2437,WARNING,,0,,t775_0,0.85,NORMAL,OFFLOAD,WARNING: heavy task offloaded (weight=0.85 >= 0.3),
1771434250.589,0.1,,,,,,,,,,,,,,,0.2437,WARNING,,0,,t775_1,0.17,LOW,OFFLOAD,"Budget exhausted (B=0), offloading. Original: WARNING: lightweight task permitted (weight=0.17 < 0.3)",
1771434250.589,0.1,48.04,4.7585,1.165,40.4,3,-68907.532,71.28531,0.03394,0.6731,0.0000,0.3050,0.0000,0.3394,0.3277,0.2199,WARNING,False,0,3,,,,,,
1771434250.589,0.1,,,,,,,,,,,,,,,0.2199,WARNING,,0,,t776_0,0.88,LOW,OFFLOAD,WARNING: heavy task offloaded (weight=0.88 >= 0.3),
1771434250.589,0.1,,,,,,,,,,,,,,,0.2199,WARNING,,0,,t776_1,0.51,NORMAL,OFFLOAD,WARNING: heavy task offloaded (weight=0.51 >= 0.3),
1771434250.589,0.1,,,,,,,,,,,,,,,0.2199,WARNING,,0,,t776_2,0.88,NORMAL,OFFLOAD,WARNING: heavy task offloaded (weight=0.88 >= 0.3),
1771434250.589,0.1,47.16,4.7655,1.129,37.8,3,-59965.557,81.51505,0.03382,0.5258,0.0000,0.2817,0.0000,0.3382,0.3094,0.1954,WARNING,False,0,3,,,,,,
1771434250.589,0.1,,,,,,,,,,,,,,,0.1954,WARNING,,0,,t777_0,0.50,LOW,OFFLOAD,WARNING: heavy task offloaded (weight=0.50 >= 0.3),
1771434250.589,0.1,,,,,,,,,,,,,,,0.1954,WARNING,,0,,t777_1,0.72,NORMAL,OFFLOAD,WARNING: heavy task offloaded (weight=0.72 >= 0.3),
1771434250.589,0.1,,,,,,,,,,,,,,,0.1954,WARNING,,0,,t777_2,0.43,HIGH,OFFLOAD,WARNING: heavy task offloaded (weight=0.43 >= 0.3),
1771434250.589,0.1,46.99,4.7806,1.095,35.3,3,-75755.863,89.00311,0.03627,0.4980,0.0000,0.2314,0.0000,0.3627,0.2924,0.1846,WARNING,False,0,3,,,,,,
1771434250.589,0.1,,,,,,,,,,,,,,,0.1846,WARNING,,0,,t778_0,0.74,LOW,OFFLOAD,WARNING: heavy task offloaded (weight=0.74 >= 0.3),
1771434250.589,0.1,,,,,,,,,,,,,,,0.1846,WARNING,,0,,t778_1,0.19,LOW,OFFLOAD,"Budget exhausted (B=0), offloading. Original: WARNING: lightweight task permitted (weight=0.19 < 0.3)",
1771434250.589,0.1,,,,,,,,,,,,,,,0.1846,WARNING,,0,,t778_2,0.47,NORMAL,OFFLOAD,WARNING: heavy task offloaded (weight=0.47 >= 0.3),
1771434250.590,0.1,46.68,4.7761,1.063,33.1,3,-92015.104,57.87691,0.03496,0.4460,0.0000,0.2465,0.0000,0.3496,0.2765,0.1758,SAFE,False,8,0,,,,,,window_reset|B=8
1771434250.590,0.1,,,,,,,,,,,,,,,0.1758,SAFE,,7,,t779_0,0.49,LOW,LOCAL,SAFE: all tasks permitted (weight=0.49),
1771434250.590,0.1,,,,,,,,,,,,,,,0.1758,SAFE,,6,,t779_1,0.26,NORMAL,LOCAL,SAFE: all tasks permitted (weight=0.26),
1771434250.590,0.1,46.98,4.7442,1.230,45.0,4,-243853.670,31.72568,0.03268,0.4960,0.0000,0.3526,0.0000,0.3268,0.3749,0.2130,SAFE,False,6,2,,,,,,
1771434250.590,0.1,,,,,,,,,,,,,,,0.2130,SAFE,,5,,t780_0,0.40,HIGH,LOCAL,SAFE: all tasks permitted (weight=0.40),
1771434250.590,0.1,,,,,,,,,,,,,,,0.2130,SAFE,,4,,t780_1,0.23,CRITICAL,LOCAL,SAFE: all tasks permitted (weight=0.23),
1771434250.590,0.1,46.95,4.7101,1.354,53.9,5,-144673.394,-68.28223,0.02996,0.4924,0.0000,0.4662,1.0000,0.2996,0.4520,0.4401,WARNING,False,4,4,,,,,,
1771434250.590,0.1,,,,,,,,,,,,,,,0.4401,WARNING,,4,,t781_0,0.83,NORMAL,OFFLOAD,WARNING: heavy task offloaded (weight=0.83 >= 0.3),
1771434250.590,0.1,46.90,4.7343,1.304,50.3,4,-213727.433,-3.39039,0.02673,0.4840,0.0000,0.3858,1.0000,0.2673,0.4121,0.4174,WARNING,False,4,4,,,,,,
1771434250.590,0.1,,,,,,,,,,,,,,,0.4174,WARNING,,4,,t782_0,0.69,LOW,OFFLOAD,WARNING: heavy task offloaded (weight=0.69 >= 0.3),
1771434250.590,0.1,46.73,4.7524,1.258,47.0,4,-157830.944,82.73639,0.02193,0.4546,0.0000,0.3255,0.0000,0.2193,0.3889,0.1966,WARNING,False,4,4,,,,,,
1771434250.590,0.1,,,,,,,,,,,,,,,0.1966,WARNING,,4,,t783_0,0.34,LOW,OFFLOAD,WARNING: heavy task offloaded (weight=0.34 >= 0.3),
1771434250.590,0.1,,,,,,,,,,,,,,,0.1966,WARNING,,4,,t783_1,0.48,NORMAL,OFFLOAD,WARNING: heavy task offloaded (weight=0.48 >= 0.3),
1771434250.590,0.1,,,,,,,,,,,,,,,0.1966,WARNING,,4,,t783_2,0.46,HIGH,OFFLOAD,WARNING: heavy task offloaded (weight=0.46 >= 0.3),
1771434250.590,0.1,46.07,4.7550,1.215,43.9,4,-233921.541,-6.81227,0.02145,0.3446,0.0000,0.3165,1.0000,0.2145,0.3674,0.3774,WARNING,False,4,4,,,,,,
1771434250.590,0.1,,,,,,,,,,,,,,,0.3774,WARNING,,4,,t784_0,0.55,LOW,OFFLOAD,WARNING: heavy task offloaded (weight=0.55 >= 0.3),
1771434250.590,0.1,46.16,4.7811,1.175,41.0,3,-118169.280,30.85178,0.02335,0.3599,0.0000,0.2297,0.0000,0.2335,0.3323,0.1629,SAFE,False,4,4,,,,,,
1771434250.590,0.1,,,,,,,,,,,,,,,0.1629,SAFE,,3,,t785_0,0.86,LOW,LOCAL,SAFE: all tasks permitted (weight=0.86),
1771434250.590,0.1,,,,,,,,,,,,,,,0.1629,SAFE,,2,,t785_1,0.49,HIGH,LOCAL,SAFE: all tasks permitted (weight=0.49),
1771434250.590,0.1,,,,,,,,,,,,,,,0.1629,SAFE,,1,,t785_2,0.62,LOW,LOCAL,SAFE: all tasks permitted (weight=0.62),
1771434250.590,0.1,46.83,4.6174,1.649,74.9,7,-18982.369,-322.87799,0.04363,0.4714,0.0000,0.7754,1.0000,0.4363,0.6294,0.5269,WARNING,False,1,7,,,,,,
1771434250.590,0.1,,,,,,,,,,,,,,,0.5269,WARNING,,1,,t786_0,0.73,NORMAL,OFFLOAD,WARNING: heavy task offloaded (weight=0.73 >= 0.3),
1771434250.590,0.1,,,,,,,,,,,,,,,0.5269,WARNING,,1,,t786_1,0.39,LOW,OFFLOAD,WARNING: heavy task offloaded (weight=0.39 >= 0.3),
1771434250.590,0.1,47.19,4.7012,1.578,69.9,6,,,0.04424,0.5321,0.0000,0.4961,0.0000,0.4424,0.5792,0.2884,WARNING,False,1,7,,,,,,
1771434250.590,0.1,,,,,,,,,,,,,,,0.2884,WARNING,,1,,t787_0,0.55,LOW,OFFLOAD,WARNING: heavy task offloaded (weight=0.55 >= 0.3),
1771434250.590,0.1,,,,,,,,,,,,,,,0.2884,WARNING,,1,,t787_1,0.61,NORMAL,OFFLOAD,WARNING: heavy task offloaded (weight=0.61 >= 0.3),
1771434250.590,0.1,,,,,,,,,,,,,,,0.2884,WARNING,,1,,t787_2,0.75,LOW,OFFLOAD,WARNING: heavy task offloaded (weight=0.75 >= 0.3),
1771434250.590,0.1,46.94,4.6818,1.513,65.2,6,,,0.04654,0.4907,0.0000,0.5605,0.0000,0.4654,0.5464,0.2876,WARNING,False,1,7,,,,,,
1771434250.590,0.1,,,,,,,,,,,,,,,0.2876,WARNING,,0,,t788_0,0.20,HIGH,LOCAL,WARNING: lightweight task permitted (weight=0.20 < 0.3),
1771434250.590,0.1,,,,,,,,,,,,,,,0.2876,WARNING,,0,,t788_1,0.80,HIGH,OFFLOAD,WARNING: heavy task offloaded (weight=0.80 >= 0.3),
1771434250.590,0.1,47.17,4.6708,1.504,64.6,6,,,0.04840,0.5290,0.0000,0.5972,0.0000,0.4840,0.5419,0.2979,WARNING,False,0,8,,,,,,
1771434250.590,0.1,,,,,,,,,,,,,,,0.2979,WARNING,,0,,t789_0,0.28,NORMAL,OFFLOAD,"Budget exhausted (B=0), offloading. Original: WARNING: lightweight task permitted (weight=0.28 < 0.3)",
1771434250.590,0.1,,,,,,,,,,,,,,,0.2979,WARNING,,0,,t789_1,0.59,LOW,OFFLOAD,WARNING: heavy task offloaded (weight=0.59 >= 0.3),
1771434250.590,0.1,47.18,4.7115,1.443,60.2,5,,,0.04552,0.5299,0.0000,0.4617,0.0000,0.4552,0.4967,0.2685,WARNING,False,0,8,,,,,,
1771434250.590,0.1,,,,,,,,,,,,,,,0.2685,WARNING,,0,,t790_0,0.46,HIGH,OFFLOAD,WARNING: heavy task offloaded (weight=0.46 >= 0.3),
1771434250.590,0.1,47.41,4.7075,1.387,56.2,5,,,0.04227,0.5682,0.0000,0.4749,0.0000,0.4227,0.4687,0.2659,WARNING,False,0,8,,,,,,
1771434250.591,0.1,,,,,,,,,,,,,,,0.2659,WARNING,,0,,t791_0,0.55,LOW,OFFLOAD,WARNING: heavy task offloaded (weight=0.55 >= 0.3),
1771434250.591,0.1,46.70,4.7073,1.335,52.5,4,51866.907,-64.95632,0.04129,0.4505,1.0000,0.4757,1.0000,0.4129,0.4276,0.6927,CRITICAL,False,3,0,,,,,,window_reset|B=3
1771434250.591,0.1,,,,,,,,,,,,,,,0.6927,CRITICAL,,3,,t792_0,0.87,NORMAL,OFFLOAD,CRITICAL: non-critical task offloaded (priority=NORMAL),
1771434250.591,0.1,,,,,,,,,,,,,,,0.6927,CRITICAL,,2,,t792_1,0.49,CRITICAL,LOCAL,CRITICAL: mission-critical task permitted locally (priority=CRITICAL),
1771434250.591,0.1,,,,,,,,,,,,,,,0.6927,CRITICAL,,2,,t792_2,0.34,HIGH,OFFLOAD,CRITICAL: non-critical task offloaded (priority=HIGH),
1771434250.591,0.1,47.11,4.7238,1.415,58.2,5,77584.198,-77.89855,0.04144,0.5183,1.0000,0.4206,1.0000,0.4144,0.4824,0.7048,CRITICAL,False,2,1,,,,,,
1771434250.591,0.1,,,,,,,,,,,,,,,0.7048,CRITICAL,,2,,t793_0,0.88,LOW,OFFLOAD,CRITICAL: non-critical task offloaded (priority=LOW),
1771434250.591,0.1,,,,,,,,,,,,,,,0.7048,CRITICAL,,2,,t793_1,0.55,HIGH,OFFLOAD,CRITICAL: non-critical task offloaded (priority=HIGH),
1771434250.591,0.1,,,,,,,,,,,,,,,0.7048,CRITICAL,,2,,t793_2,0.77,NORMAL,OFFLOAD,CRITICAL: non-critical task offloaded (priority=NORMAL),
1771434250.591,0.1,,,,,,,,,,,,,,,0.7048,CRITICAL,,2,,t793_3,0.20,LOW,OFFLOAD,CRITICAL: non-critical task offloaded (priority=LOW),
1771434250.591,0.1,,,,,,,,,,,,,,,0.7048,CRITICAL,,1,,t793_4,0.33,CRITICAL,LOCAL,CRITICAL: mission-critical task permitted locally (priority=CRITICAL),
1771434250.591,0.1,,,,,,,,,,,,,,,0.7048,CRITICAL,,1,,t793_5,0.21,HIGH,OFFLOAD,CRITICAL: non-critical task offloaded (priority=HIGH),
1771434250.591,0.1,47.15,4.6919,1.447,60.5,5,26136.043,101.32348,0.04120,0.5247,1.0000,0.5271,0.0000,0.4120,0.4987,0.5224,CRITICAL,False,1,2,,,,,,
1771434250.591,0.1,,,,,,,,,,,,,,,0.5224,CRITICAL,,1,,t794_0,0.57,NORMAL,OFFLOAD,CRITICAL: non-critical task offloaded (priority=NORMAL),
1771434250.591,0.1,,,,,,,,,,,,,,,0.5224,CRITICAL,,1,,t794_1,0.72,LOW,OFFLOAD,CRITICAL: non-critical task offloaded (priority=LOW),
1771434250.591,0.1,,,,,,,,,,,,,,,0.5224,CRITICAL,,1,,t794_2,0.56,HIGH,OFFLOAD,CRITICAL: non-critical task offloaded (priority=HIGH),
1771434250.591,0.1,47.12,4.7157,1.391,56.5,5,-5922.440,19.82478,0.03914,0.5200,0.0000,0.4475,0.0000,0.3914,0.4705,0.2538,WARNING,False,1,2,,,,,,
1771434250.591,0.1,,,,,,,,,,,,,,,0.2538,WARNING,,1,,t795_0,0.52,NORMAL,OFFLOAD,WARNING: heavy task offloaded (weight=0.52 >= 0.3),
1771434250.591,0.1,46.92,4.7474,1.339,52.8,4,-1699.435,89.20257,0.03838,0.4872,0.0000,0.3420,0.0000,0.3838,0.4293,0.2272,WARNING,False,1,2,,,,,,
1771434250.591,0.1,,,,,,,,,,,,,,,0.2272,WARNING,,1,,t796_0,0.34,HIGH,OFFLOAD,WARNING: heavy task offloaded (weight=0.34 >= 0.3),
1771434250.591,0.1,,,,,,,,,,,,,,,0.2272,WARNING,,1,,t796_1,0.46,HIGH,OFFLOAD,WARNING: heavy task offloaded (weight=0.46 >= 0.3),
1771434250.591,0.1,,,,,,,,,,,,,,,0.2272,WARNING,,1,,t796_2,0.64,LOW,OFFLOAD,WARNING: heavy task offloaded (weight=0.64 >= 0.3),
1771434250.591,0.1,46.62,4.7118,1.290,49.3,4,-44985.264,55.69493,0.03096,0.4371,0.0000,0.4608,0.0000,0.3096,0.4049,0.2243,WARNING,False,1,2,,,,,,
1771434250.591,0.1,,,,,,,,,,,,,,,0.2243,WARNING,,1,,t797_0,0.53,HIGH,OFFLOAD,WARNING: heavy task offloaded (weight=0.53 >= 0.3),
1771434250.591,0.1,,,,,,,,,,,,,,,0.2243,WARNING,,1,,t797_1,0.77,LOW,OFFLOAD,WARNING: heavy task offloaded (weight=0.77 >= 0.3),
1771434250.591,0.1,46.52,4.7311,1.245,46.0,4,-53633.932,26.68454,0.01999,0.4204,0.0000,0.3963,0.0000,0.1999,0.3823,0.1984,WARNING,False,1,2,,,,,,
1771434250.591,0.1,,,,,,,,,,,,,,,0.1984,WARNING,,1,,t798_0,0.86,LOW,OFFLOAD,WARNING: heavy task offloaded (weight=0.86 >= 0.3),
1771434250.591,0.1,,,,,,,,,,,,,,,0.1984,WARNING,,1,,t798_1,0.88,LOW,OFFLOAD,WARNING: heavy task offloaded (weight=0.88 >= 0.3),
1771434250.591,0.1,46.20,4.7311,1.202,43.0,4,-98857.390,32.03101,0.02077,0.3664,0.0000,0.3965,0.0000,0.2077,0.3612,0.1885,WARNING,False,1,2,,,,,,
1771434250.591,0.1,,,,,,,,,,,,,,,0.1885,WARNING,,0,,t799_0,0.17,LOW,LOCAL,WARNING: lightweight task permitted (weight=0.17 < 0.3),
1771434250.591,0.1,,,,,,,,,,,,,,,0.1885,WARNING,,0,,t799_1,0.17,LOW,OFFLOAD,"Budget exhausted (B=0), offloading. Original: WARNING: lightweight task permitted (weight=0.17 < 0.3)",
1771434250.591,0.1,,,,,,,,,,,,,,,0.1885,WARNING,,0,,t799_2,0.59,NORMAL,OFFLOAD,WARNING: heavy task offloaded (weight=0.59 >= 0.3),
