timestamp,elapsed_sec,temperature,voltage,current,cpu_percent,queue_depth,dT_dt,dV_dt,sigma_V,x1_thermal_prox,x2_thermal_vel,x3_voltage_sag,x4_voltage_drop,x5_voltage_instab,x6_load_pressure,risk_score,device_state,is_cold_start,budget_remaining,tasks_this_window,task_id,task_weight,task_priority,decision,reason,event
1771434250.647,0.0,29.99,4.8910,0.642,3.0,0,,,,0.0000,0.0000,0.0000,0.0000,0.0000,0.0210,0.0042,SAFE,True,10,0,,,,,,
1771434250.647,0.0,,,,,,,,,,,,,,,0.0042,SAFE,,10,,t0_0,0.46,LOW,LOCAL,SAFE: all tasks permitted (weight=0.46),
1771434250.647,0.0,30.26,4.8757,0.762,11.6,0,,,0.00765,0.0000,0.0000,0.0000,0.0000,0.0765,0.0809,0.0238,SAFE,True,10,0,,,,,,
1771434250.647,0.0,30.40,4.8594,0.753,11.0,0,,,0.01292,0.0000,0.0000,0.0000,0.0000,0.1292,0.0767,0.0283,SAFE,True,10,0,,,,,,
1771434250.648,0.0,30.62,4.8648,0.746,10.4,0,,,0.01209,0.0000,0.0000,0.0000,0.0000,0.1209,0.0728,0.0267,SAFE,True,10,0,,,,,,
1771434250.648,0.0,,,,,,,,,,,,,,,0.0267,SAFE,,10,,t3_0,0.18,HIGH,LOCAL,SAFE: all tasks permitted (weight=0.18),
1771434250.648,0.0,30.75,4.8548,0.786,13.3,1,,,0.01298,0.0000,0.0000,0.0000,0.0000,0.1298,0.1081,0.0346,SAFE,True,10,0,,,,,,
1771434250.648,0.0,,,,,,,,,,,,,,,0.0346,SAFE,,10,,t4_0,0.70,NORMAL,LOCAL,SAFE: all tasks permitted (weight=0.70),
1771434250.648,0.0,30.64,4.8089,0.958,25.6,2,,,0.02539,0.0000,0.0000,0.1371,0.0000,0.2539,0.2092,0.0850,SAFE,True,10,0,,,,,,
1771434250.648,0.0,31.11,4.8146,0.936,24.0,2,,,0.02820,0.0000,0.0000,0.1181,0.0000,0.2820,0.1981,0.0832,SAFE,True,10,0,,,,,,
1771434250.648,0.0,31.23,4.8111,0.916,22.5,1,,,0.02975,0.0000,0.0000,0.1296,0.0000,0.2975,0.1728,0.0812,SAFE,True,10,0,,,,,,
1771434250.648,0.0,31.78,4.8229,0.897,21.2,1,104546.662,-66.24552,0.02909,0.0000,1.0000,0.0903,1.0000,0.2909,0.1633,0.5235,WARNING,False,10,0,,,,,,
1771434250.648,0.0,32.18,4.8423,0.879,19.9,1,112200.715,-32.44937,0.02761,0.0000,1.0000,0.0255,1.0000,0.2761,0.1543,0.5118,WARNING,False,10,0,,,,,,
1771434250.648,0.0,32.03,4.8183,0.862,18.7,1,95117.783,-39.97545,0.02739,0.0000,1.0000,0.1058,1.0000,0.2739,0.1461,0.5204,WARNING,False,10,0,,,,,,
1771434250.648,0.0,,,,,,,,,,,,,,,0.5204,WARNING,,10,,t10_0,0.25,NORMAL,LOCAL,WARNING: lightweight task permitted (weight=0.25 < 0.3),
1771434250.648,0.0,32.34,4.8199,0.913,22.3,1,,,0.02693,0.0000,0.0000,0.1004,0.0000,0.2693,0.1714,0.0743,SAFE,False,10,0,,,,,,
1771434250.648,0.0,32.42,4.8128,0.894,21.0,1,,,0.02306,0.0000,0.0000,0.1239,0.0000,0.2306,0.1619,0.0715,SAFE,False,10,0,,,,,,window_reset|B=10
1771434250.648,0.0,31.95,4.8226,0.876,19.7,1,,,0.01939,0.0000,0.0000,0.0912,0.0000,0.1939,0.1531,0.0619,SAFE,False,10,0,,,,,,
1771434250.648,0.0,32.53,4.8436,0.860,18.6,1,,,0.01778,0.0000,0.0000,0.0212,0.0000,0.1778,0.1449,0.0495,SAFE,False,10,0,,,,,,
1771434250.648,0.0,32.62,4.8438,0.845,17.5,1,,,0.01489,0.0000,0.0000,0.0206,0.0000,0.1489,0.1373,0.0450,SAFE,False,10,0,,,,,,
1771434250.648,0.0,32.51,4.8350,0.830,16.5,1,,,0.01255,0.0000,0.0000,0.0502,0.0000,0.1255,0.1302,0.0451,SAFE,False,10,0,,,,,,
1771434250.648,0.0,32.84,4.8534,0.817,15.5,1,,,0.01385,0.0000,0.0000,0.0000,0.0000,0.1385,0.1236,0.0386,SAFE,False,10,0,,,,,,
1771434250.648,0.0,32.60,4.8377,0.805,14.6,1,,,0.01340,0.0000,0.0000,0.0410,0.0000,0.1340,0.1174,0.0422,SAFE,False,10,0,,,,,,
1771434250.648,0.0,32.87,4.8454,0.793,13.8,1,,,0.01264,0.0000,0.0000,0.0152,0.0000,0.1264,0.1117,0.0370,SAFE,False,10,0,,,,,,
1771434250.648,0.0,33.36,4.8532,0.783,13.1,1,,,0.01335,0.0000,0.0000,0.0000,0.0000,0.1335,0.1064,0.0346,SAFE,False,10,0,,,,,,
1771434250.648,0.0,,,,,,,,,,,,,,,0.0346,SAFE,,10,,t20_0,0.73,LOW,LOCAL,SAFE: all tasks permitted (weight=0.73),
1771434250.648,0.0,32.90,4.7891,0.963,25.9,2,,,0.01831,0.0000,0.0000,0.2029,0.0000,0.1831,0.2113,0.0869,SAFE,False,10,0,,,,,,
1771434250.648,0.0,33.30,4.8175,0.940,24.3,2,,,0.01836,0.0000,0.0000,0.1085,0.0000,0.1836,0.2000,0.0725,SAFE,False,10,0,,,,,,
1771434250.648,0.0,33.41,4.8280,0.919,22.8,1,,,0.01808,0.0000,0.0000,0.0734,0.0000,0.1808,0.1746,0.0625,SAFE,False,10,0,,,,,,
1771434250.648,0.0,33.74,4.8183,0.900,21.4,1,,,0.01766,0.0000,0.0000,0.1058,0.0000,0.1766,0.1649,0.0644,SAFE,False,10,0,,,,,,
1771434250.648,0.0,33.13,4.8442,0.882,20.1,1,,,0.01768,0.0000,0.0000,0.0192,0.0000,0.1768,0.1559,0.0514,SAFE,False,10,0,,,,,,window_reset|B=10
1771434250.649,0.0,,,,,,,,,,,,,,,0.0514,SAFE,,10,,t25_0,0.34,NORMAL,LOCAL,SAFE: all tasks permitted (weight=0.34),
1771434250.649,0.0,33.79,4.8210,0.954,25.3,2,77062.018,-17.96050,0.01777,0.0000,1.0000,0.0967,1.0000,0.1777,0.2069,0.5217,WARNING,False,10,0,,,,,,
1771434250.649,0.0,33.91,4.8324,0.932,23.7,2,67190.574,-14.04980,0.01743,0.0000,1.0000,0.0588,1.0000,0.1743,0.1960,0.5143,WARNING,False,10,0,,,,,,
1771434250.649,0.0,33.88,4.8270,0.912,22.3,1,33578.245,-28.16418,0.01743,0.0000,1.0000,0.0768,1.0000,0.1743,0.1709,0.5116,WARNING,False,10,0,,,,,,
1771434250.649,0.0,34.01,4.8265,0.893,20.9,1,71836.010,40.12938,0.01603,0.0000,1.0000,0.0784,0.0000,0.1603,0.1614,0.3085,WARNING,False,10,0,,,,,,
1771434250.649,0.0,34.54,4.8409,0.875,19.7,1,79538.671,25.14548,0.01620,0.0000,1.0000,0.0305,0.0000,0.1620,0.1527,0.3007,WARNING,False,10,0,,,,,,
1771434250.649,0.0,34.17,4.8372,0.859,18.5,1,48808.028,9.91032,0.01564,0.0000,1.0000,0.0427,0.0000,0.1564,0.1445,0.3001,WARNING,False,10,0,,,,,,
1771434250.649,0.0,34.67,4.8387,0.844,17.4,1,60013.550,21.96063,0.01413,0.0000,1.0000,0.0377,0.0000,0.1413,0.1369,0.2964,WARNING,False,10,0,,,,,,
1771434250.649,0.0,34.36,4.8413,0.830,16.4,1,79345.793,-3.16864,0.00899,0.0000,1.0000,0.0290,1.0000,0.0899,0.1298,0.4887,WARNING,False,10,0,,,,,,
1771434250.649,0.0,34.19,4.8342,0.817,15.5,1,,,0.00802,0.0000,0.0000,0.0527,0.0000,0.0802,0.1233,0.0395,SAFE,False,10,0,,,,,,
1771434250.649,0.0,,,,,,,,,,,,,,,0.0395,SAFE,,10,,t34_0,0.30,LOW,LOCAL,SAFE: all tasks permitted (weight=0.30),
1771434250.649,0.0,34.32,4.8254,0.882,20.2,1,,,0.00817,0.0000,0.0000,0.0821,0.0000,0.0817,0.1562,0.0501,SAFE,False,10,0,,,,,,
1771434250.649,0.0,33.75,4.8412,0.865,19.0,1,,,0.00731,0.0000,0.0000,0.0294,0.0000,0.0731,0.1477,0.0407,SAFE,False,10,0,,,,,,
1771434250.649,0.0,34.47,4.8501,0.850,17.8,1,,,0.00812,0.0000,0.0000,0.0000,0.0000,0.0812,0.1399,0.0361,SAFE,False,10,0,,,,,,
1771434250.649,0.0,,,,,,,,,,,,,,,0.0361,SAFE,,10,,t37_0,0.67,NORMAL,LOCAL,SAFE: all tasks permitted (weight=0.67),
1771434250.649,0.0,35.19,4.7854,1.010,29.3,2,,,0.01561,0.0000,0.0000,0.2153,0.0000,0.1561,0.2348,0.0906,SAFE,False,10,0,,,,,,window_reset|B=10
1771434250.649,0.0,34.55,4.7909,0.984,27.4,2,,,0.01924,0.0000,0.0000,0.1970,0.0000,0.1924,0.2220,0.0892,SAFE,False,10,0,,,,,,
1771434250.649,0.0,34.96,4.7949,0.960,25.7,2,,,0.02134,0.0000,0.0000,0.1837,0.0000,0.2134,0.2100,0.0872,SAFE,False,10,0,,,,,,
1771434250.649,0.0,35.01,4.8151,0.938,24.1,2,,,0.02153,0.0000,0.0000,0.1163,0.0000,0.2153,0.1989,0.0764,SAFE,False,10,0,,,,,,
1771434250.649,0.0,,,,,,,,,,,,,,,0.0764,SAFE,,10,,t41_0,0.29,NORMAL,LOCAL,SAFE: all tasks permitted (weight=0.29),
1771434250.649,0.0,35.84,4.8052,0.994,28.1,2,,,0.02154,0.0000,0.0000,0.1492,0.0000,0.2154,0.2269,0.0863,SAFE,False,10,0,,,,,,
1771434250.649,0.0,35.39,4.7987,0.969,26.4,2,,,0.02185,0.0000,0.0000,0.1710,0.0000,0.2185,0.2146,0.0870,SAFE,False,10,0,,,,,,
1771434250.649,0.0,,,,,,,,,,,,,,,0.0870,SAFE,,10,,t43_0,0.48,CRITICAL,LOCAL,SAFE: all tasks permitted (weight=0.48),
1771434250.649,0.0,35.98,4.7604,1.071,33.7,3,,,0.02610,0.0000,0.0000,0.2986,0.0000,0.2610,0.2806,0.1210,SAFE,False,10,0,,,,,,
1771434250.649,0.0,,,,,,,,,,,,,,,0.1210,SAFE,,10,,t44_0,0.46,HIGH,LOCAL,SAFE: all tasks permitted (weight=0.46),
1771434250.649,0.0,35.61,4.7605,1.160,40.0,3,,,0.02799,0.0000,0.0000,0.2982,0.0000,0.2799,0.3249,0.1317,SAFE,False,10,0,,,,,,
1771434250.649,0.0,35.96,4.7618,1.124,37.4,3,,,0.02887,0.0000,0.0000,0.2940,0.0000,0.2887,0.3068,0.1284,SAFE,False,10,0,,,,,,
1771434250.649,0.0,35.90,4.7740,1.090,35.0,3,,,0.02847,0.0000,0.0000,0.2532,0.0000,0.2847,0.2899,0.1194,SAFE,False,10,0,,,,,,
1771434250.649,0.0,36.09,4.7893,1.058,32.7,2,,,0.02481,0.0000,0.0000,0.2022,0.0000,0.2481,0.2592,0.1029,SAFE,False,10,0,,,,,,
1771434250.649,0.0,36.36,4.7842,1.029,30.7,2,,,0.01712,0.0000,0.0000,0.2194,0.0000,0.1712,0.2447,0.0946,SAFE,False,10,0,,,,,,
1771434250.649,0.0,,,,,,,,,,,,,,,0.0946,SAFE,,10,,t49_0,0.46,NORMAL,LOCAL,SAFE: all tasks permitted (weight=0.46),
1771434250.649,0.0,37.01,4.7695,1.121,37.2,3,,,0.01765,0.0000,0.0000,0.2684,0.0000,0.1765,0.3054,0.1136,SAFE,False,10,0,,,,,,
1771434250.649,0.0,,,,,,,,,,,,,,,0.1136,SAFE,,10,,t50_0,0.65,NORMAL,LOCAL,SAFE: all tasks permitted (weight=0.65),
1771434250.649,0.0,,,,,,,,,,,,,,,0.1136,SAFE,,10,,t50_1,0.81,NORMAL,LOCAL,SAFE: all tasks permitted (weight=0.81),
1771434250.649,0.0,36.91,4.6836,1.468,62.0,5,,,0.03259,0.0000,0.0000,0.5546,0.0000,0.3259,0.5090,0.2065,SAFE,False,10,0,,,,,,window_reset|B=10
1771434250.649,0.0,,,,,,,,,,,,,,,0.2065,SAFE,,10,,t51_0,0.28,NORMAL,LOCAL,SAFE: all tasks permitted (weight=0.28),
1771434250.649,0.0,,,,,,,,,,,,,,,0.2065,SAFE,,10,,t51_1,0.60,NORMAL,LOCAL,SAFE: all tasks permitted (weight=0.60),
1771434250.649,0.0,37.46,4.6632,1.639,74.2,7,,,0.04411,0.0000,0.0000,0.6226,0.0000,0.4411,0.6244,0.2499,SAFE,False,10,0,,,,,,
1771434250.649,0.0,,,,,,,,,,,,,,,0.2499,SAFE,,10,,t52_0,0.84,CRITICAL,LOCAL,SAFE: all tasks permitted (weight=0.84),
1771434250.649,0.0,38.40,4.6122,1.788,84.8,8,,,0.05793,0.0000,0.0000,0.7927,0.0000,0.5793,0.7138,0.3037,WARNING,False,10,0,,,,,,
1771434250.649,0.0,,,,,,,,,,,,,,,0.3037,WARNING,,10,,t53_0,0.88,HIGH,OFFLOAD,WARNING: heavy task offloaded (weight=0.88 >= 0.3),
1771434250.649,0.0,,,,,,,,,,,,,,,0.3037,WARNING,,10,,t53_1,0.49,LOW,OFFLOAD,WARNING: heavy task offloaded (weight=0.49 >= 0.3),
1771434250.649,0.0,39.08,4.6666,1.707,79.1,7,,,0.05896,0.0000,0.0000,0.6113,0.0000,0.5896,0.6587,0.2702,WARNING,False,10,0,,,,,,
1771434250.650,0.0,,,,,,,,,,,,,,,0.2702,WARNING,,10,,t54_0,0.83,NORMAL,OFFLOAD,WARNING: heavy task offloaded (weight=0.83 >= 0.3),
1771434250.650,0.0,39.72,4.6484,1.633,73.8,7,229394.059,-125.74836,0.06012,0.0000,1.0000,0.6719,1.0000,0.6012,0.6214,0.7218,CRITICAL,False,10,0,,,,,,
1771434250.650,0.0,,,,,,,,,,,,,,,0.7218,CRITICAL,,10,,t55_0,0.43,LOW,OFFLOAD,CRITICAL: non-critical task offloaded (priority=LOW),
1771434250.650,0.0,,,,,,,,,,,,,,,0.7218,CRITICAL,,10,,t55_1,0.53,NORMAL,OFFLOAD,CRITICAL: non-critical task offloaded (priority=NORMAL),
1771434250.650,0.0,40.00,4.6686,1.563,68.8,6,234939.831,-120.84019,0.06069,0.0000,1.0000,0.6046,1.0000,0.6069,0.5717,0.7036,CRITICAL,False,10,0,,,,,,
1771434250.650,0.0,,,,,,,,,,,,,,,0.7036,CRITICAL,,10,,t56_0,0.88,CRITICAL,LOCAL,CRITICAL: mission-critical task permitted locally (priority=CRITICAL),
1771434250.650,0.0,40.23,4.6089,1.728,80.6,7,232024.615,-175.47652,0.06552,0.0000,1.0000,0.8037,1.0000,0.6552,0.6690,0.7538,CRITICAL,False,10,0,,,,,,
1771434250.650,0.0,,,,,,,,,,,,,,,0.7538,CRITICAL,,10,,t57_0,0.64,NORMAL,OFFLOAD,CRITICAL: non-critical task offloaded (priority=NORMAL),
1771434250.650,0.0,,,,,,,,,,,,,,,0.7538,CRITICAL,,10,,t57_1,0.55,CRITICAL,LOCAL,CRITICAL: mission-critical task permitted locally (priority=CRITICAL),
1771434250.650,0.0,41.21,4.5881,1.796,85.5,8,251764.474,-181.53181,0.06987,0.0000,1.0000,0.8729,1.0000,0.6987,0.7182,0.7770,CRITICAL,False,10,0,,,,,,
1771434250.650,0.0,41.36,4.6295,1.716,79.7,7,267445.917,-54.18798,0.06638,0.0000,1.0000,0.7350,1.0000,0.6638,0.6628,0.7445,CRITICAL,False,10,0,,,,,,
1771434250.650,0.0,42.01,4.6108,1.640,74.3,7,273663.491,-52.50744,0.05890,0.0000,1.0000,0.7975,1.0000,0.5890,0.6252,0.7376,CRITICAL,False,10,0,,,,,,
1771434250.650,0.0,42.67,4.6675,1.571,69.3,6,256435.203,55.42445,0.04600,0.0000,1.0000,0.6082,0.0000,0.4600,0.5753,0.4901,CRITICAL,False,10,0,,,,,,
1771434250.650,0.0,,,,,,,,,,,,,,,0.4901,CRITICAL,,10,,t61_0,0.89,CRITICAL,LOCAL,CRITICAL: mission-critical task permitted locally (priority=CRITICAL),
1771434250.650,0.0,43.05,4.6047,1.737,81.2,7,238282.434,-61.97371,0.03079,0.0000,1.0000,0.8177,1.0000,0.3079,0.6737,0.7218,CRITICAL,False,10,0,,,,,,
1771434250.650,0.0,,,,,,,,,,,,,,,0.7218,CRITICAL,,10,,t62_0,0.86,HIGH,OFFLOAD,CRITICAL: non-critical task offloaded (priority=HIGH),
1771434250.650,0.0,43.00,4.6408,1.661,75.8,7,,,0.02758,0.0000,0.0000,0.6973,0.0000,0.2758,0.6354,0.2453,WARNING,False,10,0,,,,,,
1771434250.650,0.0,,,,,,,,,,,,,,,0.2453,WARNING,,10,,t63_0,0.34,LOW,OFFLOAD,WARNING: heavy task offloaded (weight=0.34 >= 0.3),
1771434250.650,0.0,,,,,,,,,,,,,,,0.2453,WARNING,,10,,t63_1,0.31,HIGH,OFFLOAD,WARNING: heavy task offloaded (weight=0.31 >= 0.3),
1771434250.650,0.0,43.61,4.6954,1.589,70.7,6,,,0.03155,0.0000,0.0000,0.5154,0.0000,0.3155,0.5847,0.2155,WARNING,False,10,0,,,,,,window_reset|B=10
1771434250.650,0.0,,,,,,,,,,,,,,,0.2155,WARNING,,10,,t64_0,0.59,LOW,OFFLOAD,WARNING: heavy task offloaded (weight=0.59 >= 0.3),
1771434250.650,0.0,,,,,,,,,,,,,,,0.2155,WARNING,,10,,t64_1,0.45,NORMAL,OFFLOAD,WARNING: heavy task offloaded (weight=0.45 >= 0.3),
1771434250.650,0.0,44.10,4.6521,1.523,65.9,6,,,0.03088,0.0168,0.0000,0.6597,0.0000,0.3088,0.5516,0.2290,WARNING,False,10,0,,,,,,
1771434250.650,0.0,,,,,,,,,,,,,,,0.2290,WARNING,,10,,t65_0,0.72,HIGH,OFFLOAD,WARNING: heavy task offloaded (weight=0.72 >= 0.3),
1771434250.650,0.0,44.61,4.6839,1.461,61.5,5,,,0.03244,0.1018,0.0000,0.5537,0.0000,0.3244,0.5057,0.2178,WARNING,False,10,0,,,,,,
1771434250.650,0.0,,,,,,,,,,,,,,,0.2178,WARNING,,10,,t66_0,0.38,NORMAL,OFFLOAD,WARNING: heavy task offloaded (weight=0.38 >= 0.3),
1771434250.650,0.0,44.69,4.6841,1.404,57.4,5,,,0.03450,0.1150,0.0000,0.5531,0.0000,0.3450,0.4770,0.2156,WARNING,False,10,0,,,,,,
1771434250.650,0.0,,,,,,,,,,,,,,,0.2156,WARNING,,10,,t67_0,0.24,LOW,LOCAL,WARNING: lightweight task permitted (weight=0.24 < 0.3),
1771434250.650,0.0,44.09,4.6977,1.412,58.0,5,,,0.03704,0.0151,0.0000,0.5075,0.0000,0.3704,0.4812,0.2011,WARNING,False,10,0,,,,,,
1771434250.650,0.0,44.65,4.7159,1.358,54.2,5,,,0.03960,0.1082,0.0000,0.4469,0.0000,0.3960,0.4542,0.2015,WARNING,False,10,0,,,,,,
1771434250.650,0.0,,,,,,,,,,,,,,,0.2015,WARNING,,10,,t69_0,0.53,CRITICAL,OFFLOAD,WARNING: heavy task offloaded (weight=0.53 >= 0.3),
1771434250.650,0.0,,,,,,,,,,,,,,,0.2015,WARNING,,10,,t69_1,0.53,NORMAL,OFFLOAD,WARNING: heavy task offloaded (weight=0.53 >= 0.3),
1771434250.650,0.0,44.36,4.7503,1.308,50.6,4,,,0.04179,0.0596,0.0000,0.3322,0.0000,0.4179,0.4141,0.1750,SAFE,False,10,0,,,,,,
1771434250.651,0.0,,,,,,,,,,,,,,,0.1750,SAFE,,10,,t70_0,0.50,NORMAL,LOCAL,SAFE: all tasks permitted (weight=0.50),
1771434250.651,0.0,43.84,4.7224,1.392,56.6,5,50890.420,81.52665,0.04228,0.0000,1.0000,0.4255,0.0000,0.4228,0.4712,0.4418,WARNING,False,10,0,,,,,,
1771434250.651,0.0,,,,,,,,,,,,,,,0.4418,WARNING,,10,,t71_0,0.69,LOW,OFFLOAD,WARNING: heavy task offloaded (weight=0.69 >= 0.3),
1771434250.651,0.0,44.12,4.7064,1.340,52.8,4,30319.244,10.97752,0.03779,0.0193,1.0000,0.4788,0.0000,0.3779,0.4299,0.4383,WARNING,False,10,0,,,,,,
1771434250.651,0.0,,,,,,,,,,,,,,,0.4383,WARNING,,10,,t72_0,0.30,LOW,OFFLOAD,WARNING: heavy task offloaded (weight=0.30 >= 0.3),
1771434250.651,0.0,,,,,,,,,,,,,,,0.4383,WARNING,,10,,t72_1,0.77,HIGH,OFFLOAD,WARNING: heavy task offloaded (weight=0.77 >= 0.3),
1771434250.651,0.0,44.35,4.7662,1.291,49.4,4,14695.225,114.09456,0.04340,0.0576,1.0000,0.2793,0.0000,0.4340,0.4055,0.4177,WARNING,False,10,0,,,,,,
1771434250.651,0.0,,,,,,,,,,,,,,,0.4177,WARNING,,10,,t73_0,0.18,HIGH,LOCAL,WARNING: lightweight task permitted (weight=0.18 < 0.3),
1771434250.651,0.0,44.10,4.7210,1.292,49.4,4,-30461.654,37.11901,0.03462,0.0172,0.0000,0.4299,0.0000,0.3462,0.4058,0.1737,SAFE,False,10,0,,,,,,
1771434250.651,0.0,,,,,,,,,,,,,,,0.1737,SAFE,,10,,t74_0,0.22,CRITICAL,LOCAL,SAFE: all tasks permitted (weight=0.22),
1771434250.651,0.0,,,,,,,,,,,,,,,0.1737,SAFE,,10,,t74_1,0.73,LOW,LOCAL,SAFE: all tasks permitted (weight=0.73),
1771434250.651,0.0,44.46,4.6667,1.494,63.8,6,-13771.011,-17.32376,0.03132,0.0767,0.0000,0.6109,1.0000,0.3132,0.5368,0.4273,WARNING,False,10,0,,,,,,
1771434250.651,0.0,45.31,4.7276,1.434,59.6,5,73171.533,29.88783,0.03175,0.2184,1.0000,0.4079,0.0000,0.3175,0.4920,0.4594,WARNING,False,10,0,,,,,,
1771434250.651,0.0,,,,,,,,,,,,,,,0.4594,WARNING,,10,,t76_0,0.42,NORMAL,OFFLOAD,WARNING: heavy task offloaded (weight=0.42 >= 0.3),
1771434250.651,0.0,,,,,,,,,,,,,,,0.4594,WARNING,,10,,t76_1,0.88,LOW,OFFLOAD,WARNING: heavy task offloaded (weight=0.88 >= 0.3),
1771434250.651,0.0,45.12,4.7263,1.379,55.6,5,28300.637,10.35423,0.02718,0.1868,1.0000,0.4124,0.0000,0.2718,0.4643,0.4461,WARNING,False,10,0,,,,,,window_reset|B=10
1771434250.651,0.0,,,,,,,,,,,,,,,0.4461,WARNING,,10,,t77_0,0.57,CRITICAL,OFFLOAD,WARNING: heavy task offloaded (weight=0.57 >= 0.3),
1771434250.651,0.0,45.00,4.7264,1.327,51.9,4,38601.201,-23.89570,0.02575,0.1669,1.0000,0.4118,1.0000,0.2575,0.4235,0.6340,CRITICAL,False,10,0,,,,,,
1771434250.651,0.0,44.98,4.7509,1.279,48.5,4,,,0.02512,0.1632,0.0000,0.3302,0.0000,0.2512,0.3995,0.1675,WARNING,False,10,0,,,,,,
1771434250.651,0.0,44.57,4.7512,1.234,45.3,4,,,0.02496,0.0946,0.0000,0.3294,0.0000,0.2496,0.3772,0.1546,SAFE,False,10,0,,,,,,
1771434250.651,0.0,45.01,4.7478,1.193,42.4,3,,,0.02527,0.1687,0.0000,0.3406,0.0000,0.2527,0.3415,0.1581,SAFE,False,10,0,,,,,,
1771434250.651,0.0,,,,,,,,,,,,,,,0.1581,SAFE,,10,,t81_0,0.40,NORMAL,LOCAL,SAFE: all tasks permitted (weight=0.40),
1771434250.651,0.0,44.82,4.7509,1.258,47.0,4,,,0.02530,0.1365,0.0000,0.3304,0.0000,0.2530,0.3892,0.1625,SAFE,False,10,0,,,,,,
1771434250.651,0.0,,,,,,,,,,,,,,,0.1625,SAFE,,10,,t82_0,0.30,NORMAL,LOCAL,SAFE: all tasks permitted (weight=0.30),
1771434250.651,0.0,44.72,4.7402,1.293,49.5,4,,,0.02532,0.1198,0.0000,0.3661,0.0000,0.2532,0.4064,0.1686,SAFE,False,10,0,,,,,,
1771434250.651,0.0,45.06,4.7456,1.247,46.2,4,,,0.02433,0.1768,0.0000,0.3481,0.0000,0.2433,0.3837,0.1675,SAFE,False,10,0,,,,,,
1771434250.651,0.0,,,,,,,,,,,,,,,0.1675,SAFE,,10,,t84_0,0.22,LOW,LOCAL,SAFE: all tasks permitted (weight=0.22),
1771434250.651,0.0,44.86,4.7348,1.261,47.2,4,,,0.02246,0.1426,0.0000,0.3841,0.0000,0.2246,0.3905,0.1676,SAFE,False,10,0,,,,,,
1771434250.651,0.0,,,,,,,,,,,,,,,0.1676,SAFE,,10,,t85_0,0.46,NORMAL,LOCAL,SAFE: all tasks permitted (weight=0.46),
1771434250.651,0.0,44.72,4.7531,1.339,52.8,4,,,0.02284,0.1193,0.0000,0.3231,0.0000,0.2284,0.4294,0.1650,SAFE,False,10,0,,,,,,
1771434250.651,0.0,,,,,,,,,,,,,,,0.1650,SAFE,,10,,t86_0,0.71,LOW,LOCAL,SAFE: all tasks permitted (weight=0.71),
1771434250.651,0.0,,,,,,,,,,,,,,,0.1650,SAFE,,10,,t86_1,0.69,NORMAL,LOCAL,SAFE: all tasks permitted (weight=0.69),
1771434250.651,0.0,45.30,4.6257,1.654,75.3,7,,,0.03345,0.2172,0.0000,0.7478,0.0000,0.3345,0.6319,0.2831,WARNING,False,10,0,,,,,,
1771434250.651,0.0,,,,,,,,,,,,,,,0.2831,WARNING,,10,,t87_0,0.16,NORMAL,LOCAL,WARNING: lightweight task permitted (weight=0.16 < 0.3),
1771434250.651,0.0,,,,,,,,,,,,,,,0.2831,WARNING,,10,,t87_1,0.84,CRITICAL,OFFLOAD,WARNING: heavy task offloaded (weight=0.84 >= 0.3),
1771434250.651,0.0,45.60,4.6175,1.624,73.2,7,,,0.04605,0.2672,0.0000,0.7750,0.0000,0.4605,0.6172,0.3023,WARNING,False,10,0,,,,,,
1771434250.651,0.0,46.01,4.6581,1.556,68.3,6,,,0.04932,0.3347,0.0000,0.6395,0.0000,0.4932,0.5678,0.2862,WARNING,False,10,0,,,,,,
1771434250.651,0.0,45.82,4.6630,1.492,63.7,6,,,0.05136,0.3030,0.0000,0.6233,0.0000,0.5136,0.5358,0.2759,WARNING,False,10,0,,,,,,window_reset|B=10
1771434250.651,0.0,45.95,4.6880,1.432,59.4,5,,,0.05028,0.3247,0.0000,0.5401,0.0000,0.5028,0.4911,0.2577,WARNING,False,10,0,,,,,,
1771434250.651,0.0,,,,,,,,,,,,,,,0.2577,WARNING,,10,,t91_0,0.85,NORMAL,OFFLOAD,WARNING: heavy task offloaded (weight=0.85 >= 0.3),
1771434250.652,0.0,46.13,4.7186,1.377,55.5,5,52826.639,-22.22574,0.04863,0.3551,1.0000,0.4381,1.0000,0.4863,0.4634,0.6909,CRITICAL,False,10,0,,,,,,
1771434250.652,0.0,,,,,,,,,,,,,,,0.6909,CRITICAL,,10,,t92_0,0.83,HIGH,OFFLOAD,CRITICAL: non-critical task offloaded (priority=HIGH),
1771434250.652,0.0,45.44,4.7031,1.325,51.8,4,29048.596,-26.08311,0.04678,0.2407,1.0000,0.4897,1.0000,0.4678,0.4227,0.6739,CRITICAL,False,10,0,,,,,,
1771434250.652,0.0,,,,,,,,,,,,,,,0.6739,CRITICAL,,10,,t93_0,0.63,NORMAL,OFFLOAD,CRITICAL: non-critical task offloaded (priority=NORMAL),
1771434250.652,0.0,45.61,4.7211,1.278,48.4,4,44301.798,-26.32829,0.04475,0.2688,1.0000,0.4298,1.0000,0.4475,0.3988,0.6626,CRITICAL,False,10,0,,,,,,
1771434250.652,0.0,46.16,4.7251,1.233,45.2,4,42377.208,81.85934,0.04373,0.3603,1.0000,0.4162,0.0000,0.4373,0.3765,0.4664,CRITICAL,False,10,0,,,,,,
1771434250.652,0.0,,,,,,,,,,,,,,,0.4664,CRITICAL,,10,,t95_0,0.82,NORMAL,OFFLOAD,CRITICAL: non-critical task offloaded (priority=NORMAL),
1771434250.652,0.0,45.35,4.6322,1.192,42.3,3,-12673.943,12.08910,0.04428,0.2245,0.0000,0.7260,0.0000,0.4428,0.3408,0.2338,WARNING,False,10,0,,,,,,
1771434250.652,0.0,,,,,,,,,,,,,,,0.2338,WARNING,,10,,t96_0,0.52,LOW,OFFLOAD,WARNING: heavy task offloaded (weight=0.52 >= 0.3),
1771434250.652,0.0,,,,,,,,,,,,,,,0.2338,WARNING,,10,,t96_1,0.88,LOW,OFFLOAD,WARNING: heavy task offloaded (weight=0.88 >= 0.3),
1771434250.652,0.0,45.26,4.7510,1.153,39.5,3,-36936.720,76.42004,0.04594,0.2101,0.0000,0.3300,0.0000,0.4594,0.3216,0.1784,SAFE,False,10,0,,,,,,
1771434250.652,0.0,,,,,,,,,,,,,,,0.1784,SAFE,,10,,t97_0,0.46,HIGH,LOCAL,SAFE: all tasks permitted (weight=0.46),
1771434250.652,0.0,,,,,,,,,,,,,,,0.1784,SAFE,,10,,t97_1,0.89,LOW,LOCAL,SAFE: all tasks permitted (weight=0.89),
1771434250.652,0.0,45.24,4.6782,1.468,62.0,5,-28518.859,12.52172,0.04156,0.2067,0.0000,0.5726,0.0000,0.4156,0.5092,0.2426,SAFE,False,10,0,,,,,,
1771434250.652,0.0,,,,,,,,,,,,,,,0.2426,SAFE,,10,,t98_0,0.17,LOW,LOCAL,SAFE: all tasks permitted (weight=0.17),
1771434250.652,0.0,,,,,,,,,,,,,,,0.2426,SAFE,,10,,t98_1,0.20,NORMAL,LOCAL,SAFE: all tasks permitted (weight=0.20),
1771434250.652,0.0,46.25,4.6903,1.507,64.8,6,14887.655,1.93532,0.03797,0.3750,1.0000,0.5322,0.0000,0.3797,0.5435,0.5109,WARNING,False,10,0,,,,,,
1771434250.652,0.0,,,,,,,,,,,,,,,0.5109,WARNING,,10,,t99_0,0.31,HIGH,OFFLOAD,WARNING: heavy task offloaded (weight=0.31 >= 0.3),
1771434250.652,0.0,45.25,4.6791,1.447,60.5,5,,,0.03188,0.2080,0.0000,0.5697,0.0000,0.3188,0.4983,0.2305,WARNING,False,10,0,,,,,,
1771434250.652,0.0,,,,,,,,,,,,,,,0.2305,WARNING,,10,,t100_0,0.52,LOW,OFFLOAD,WARNING: heavy task offloaded (weight=0.52 >= 0.3),
1771434250.652,0.0,45.93,4.7090,1.390,56.4,5,,,0.03040,0.3222,0.0000,0.4699,0.0000,0.3040,0.4701,0.2242,WARNING,False,10,0,,,,,,
1771434250.652,0.0,46.27,4.6984,1.338,52.7,4,,,0.02867,0.3782,0.0000,0.5055,0.0000,0.2867,0.4289,0.2255,WARNING,False,10,0,,,,,,
1771434250.652,0.0,,,,,,,,,,,,,,,0.2255,WARNING,,10,,t102_0,0.76,CRITICAL,OFFLOAD,WARNING: heavy task offloaded (weight=0.76 >= 0.3),
1771434250.652,0.0,,,,,,,,,,,,,,,0.2255,WARNING,,10,,t102_1,0.52,LOW,OFFLOAD,WARNING: heavy task offloaded (weight=0.52 >= 0.3),
1771434250.652,0.0,45.96,4.7208,1.289,49.2,4,,,0.02900,0.3269,0.0000,0.4306,0.0000,0.2900,0.4046,0.2051,WARNING,False,10,0,,,,,,window_reset|B=10
1771434250.652,0.0,,,,,,,,,,,,,,,0.2051,WARNING,,10,,t103_0,0.48,NORMAL,OFFLOAD,WARNING: heavy task offloaded (weight=0.48 >= 0.3),
1771434250.652,0.0,46.13,4.7545,1.244,46.0,4,,,0.03221,0.3554,0.0000,0.3183,0.0000,0.3221,0.3819,0.1926,WARNING,False,10,0,,,,,,
1771434250.652,0.0,,,,,,,,,,,,,,,0.1926,WARNING,,10,,t104_0,0.42,NORMAL,OFFLOAD,WARNING: heavy task offloaded (weight=0.42 >= 0.3),
1771434250.652,0.0,45.26,4.7609,1.202,43.0,3,,,0.03567,0.2092,0.0000,0.2968,0.0000,0.3567,0.3459,0.1685,SAFE,False,10,0,,,,,,
1771434250.652,0.0,,,,,,,,,,,,,,,0.1685,SAFE,,10,,t105_0,0.31,NORMAL,LOCAL,SAFE: all tasks permitted (weight=0.31),
1771434250.652,0.0,46.07,4.7265,1.244,46.0,4,,,0.03584,0.3456,0.0000,0.4118,0.0000,0.3584,0.3822,0.2073,SAFE,False,10,0,,,,,,
1771434250.652,0.0,,,,,,,,,,,,,,,0.2073,SAFE,,10,,t106_0,0.67,NORMAL,LOCAL,SAFE: all tasks permitted (weight=0.67),
1771434250.652,0.0,45.81,4.6746,1.376,55.5,5,,,0.03683,0.3010,0.0000,0.5848,0.0000,0.3683,0.4632,0.2416,SAFE,False,10,0,,,,,,
1771434250.652,0.0,,,,,,,,,,,,,,,0.2416,SAFE,,10,,t107_0,0.16,NORMAL,LOCAL,SAFE: all tasks permitted (weight=0.16),
1771434250.652,0.0,45.59,4.6930,1.367,54.8,5,,,0.02980,0.2644,0.0000,0.5235,0.0000,0.2980,0.4584,0.2213,SAFE,False,10,0,,,,,,
1771434250.652,0.0,,,,,,,,,,,,,,,0.2213,SAFE,,10,,t108_0,0.69,HIGH,LOCAL,SAFE: all tasks permitted (weight=0.69),
1771434250.652,0.0,45.95,4.6426,1.495,64.0,6,,,0.03271,0.3243,0.0000,0.6914,0.0000,0.3271,0.5377,0.2690,WARNING,False,10,0,,,,,,
1771434250.652,0.0,,,,,,,,,,,,,,,0.2690,WARNING,,10,,t109_0,0.29,LOW,LOCAL,WARNING: lightweight task permitted (weight=0.29 < 0.3),
1771434250.652,0.0,45.85,4.7031,1.512,65.1,6,,,0.03189,0.3081,0.0000,0.4897,0.0000,0.3189,0.5460,0.2417,WARNING,False,10,0,,,,,,
1771434250.652,0.0,,,,,,,,,,,,,,,0.2417,WARNING,,10,,t110_0,0.70,LOW,OFFLOAD,WARNING: heavy task offloaded (weight=0.70 >= 0.3),
1771434250.652,0.0,46.41,4.6627,1.451,60.8,5,,,0.03376,0.4016,0.0000,0.6242,0.0000,0.3376,0.5006,0.2632,WARNING,False,10,0,,,,,,
1771434250.652,0.0,,,,,,,,,,,,,,,0.2632,WARNING,,10,,t111_0,0.70,NORMAL,OFFLOAD,WARNING: heavy task offloaded (weight=0.70 >= 0.3),
1771434250.652,0.0,46.17,4.6836,1.395,56.8,5,,,0.03353,0.3623,0.0000,0.5545,0.0000,0.3353,0.4723,0.2435,WARNING,False,10,0,,,,,,
1771434250.652,0.0,,,,,,,,,,,,,,,0.2435,WARNING,,10,,t112_0,0.49,NORMAL,OFFLOAD,WARNING: heavy task offloaded (weight=0.49 >= 0.3),
1771434250.652,0.0,46.09,4.7028,1.342,53.0,4,,,0.03347,0.3489,0.0000,0.4906,0.0000,0.3347,0.4309,0.2253,WARNING,False,10,0,,,,,,
1771434250.652,0.0,,,,,,,,,,,,,,,0.2253,WARNING,,10,,t113_0,0.73,HIGH,OFFLOAD,WARNING: heavy task offloaded (weight=0.73 >= 0.3),
1771434250.652,0.0,46.08,4.7394,1.293,49.5,4,,,0.03499,0.3465,0.0000,0.3686,0.0000,0.3499,0.4064,0.2058,WARNING,False,10,0,,,,,,
1771434250.652,0.0,,,,,,,,,,,,,,,0.2058,WARNING,,10,,t114_0,0.31,NORMAL,OFFLOAD,WARNING: heavy task offloaded (weight=0.31 >= 0.3),
1771434250.652,0.0,46.14,4.7357,1.247,46.2,4,,,0.03577,0.3564,0.0000,0.3811,0.0000,0.3577,0.3836,0.2048,WARNING,False,10,0,,,,,,
1771434250.652,0.0,,,,,,,,,,,,,,,0.2048,WARNING,,10,,t115_0,0.64,NORMAL,OFFLOAD,WARNING: heavy task offloaded (weight=0.64 >= 0.3),
1771434250.652,0.0,45.10,4.7729,1.205,43.2,4,,,0.03810,0.1834,0.0000,0.2572,0.0000,0.3810,0.3625,0.1660,SAFE,False,10,0,,,,,,window_reset|B=10
1771434250.652,0.0,,,,,,,,,,,,,,,0.1660,SAFE,,10,,t116_0,0.22,NORMAL,LOCAL,SAFE: all tasks permitted (weight=0.22),
1771434250.652,0.0,45.82,4.7418,1.224,44.6,4,,,0.03621,0.3041,0.0000,0.3607,0.0000,0.3621,0.3720,0.1940,SAFE,False,10,0,,,,,,
1771434250.652,0.0,,,,,,,,,,,,,,,0.1940,SAFE,,10,,t117_0,0.25,CRITICAL,LOCAL,SAFE: all tasks permitted (weight=0.25),
1771434250.652,0.0,45.95,4.7730,1.248,46.3,4,,,0.04038,0.3248,0.0000,0.2568,0.0000,0.4038,0.3841,0.1895,SAFE,False,10,0,,,,,,
1771434250.652,0.0,,,,,,,,,,,,,,,0.1895,SAFE,,10,,t118_0,0.72,NORMAL,LOCAL,SAFE: all tasks permitted (weight=0.72),
1771434250.652,0.0,45.92,4.7141,1.394,56.7,5,,,0.03890,0.3199,0.0000,0.4529,0.0000,0.3890,0.4719,0.2305,SAFE,False,10,0,,,,,,
1771434250.652,0.0,,,,,,,,,,,,,,,0.2305,SAFE,,10,,t119_0,0.45,NORMAL,LOCAL,SAFE: all tasks permitted (weight=0.45),
1771434250.652,0.0,45.62,4.7077,1.459,61.4,5,,,0.03846,0.2702,0.0000,0.4743,0.0000,0.3846,0.5047,0.2335,SAFE,False,10,0,,,,,,
1771434250.652,0.0,,,,,,,,,,,,,,,0.2335,SAFE,,10,,t120_0,0.43,HIGH,LOCAL,SAFE: all tasks permitted (weight=0.43),
1771434250.652,0.0,,,,,,,,,,,,,,,0.2335,SAFE,,10,,t120_1,0.80,HIGH,LOCAL,SAFE: all tasks permitted (weight=0.80),
1771434250.652,0.0,45.82,4.6387,1.722,80.2,7,,,0.03908,0.3027,0.0000,0.7043,0.0000,0.3908,0.6662,0.3002,WARNING,False,10,0,,,,,,
1771434250.652,0.0,,,,,,,,,,,,,,,0.3002,WARNING,,10,,t121_0,0.86,NORMAL,OFFLOAD,WARNING: heavy task offloaded (weight=0.86 >= 0.3),
1771434250.652,0.0,,,,,,,,,,,,,,,0.3002,WARNING,,10,,t121_1,0.63,NORMAL,OFFLOAD,WARNING: heavy task offloaded (weight=0.63 >= 0.3),
1771434250.652,0.0,46.36,4.6372,1.647,74.8,7,,,0.04456,0.3933,0.0000,0.7094,0.0000,0.4456,0.6284,0.3097,WARNING,False,10,0,,,,,,
1771434250.652,0.0,,,,,,,,,,,,,,,0.3097,WARNING,,10,,t122_0,0.49,LOW,OFFLOAD,WARNING: heavy task offloaded (weight=0.49 >= 0.3),
1771434250.652,0.0,,,,,,,,,,,,,,,0.3097,WARNING,,10,,t122_1,0.61,NORMAL,OFFLOAD,WARNING: heavy task offloaded (weight=0.61 >= 0.3),
1771434250.652,0.0,46.08,4.6484,1.577,69.8,6,,,0.04596,0.3471,0.0000,0.6722,0.0000,0.4596,0.5783,0.2906,WARNING,False,10,0,,,,,,
1771434250.652,0.0,,,,,,,,,,,,,,,0.2906,WARNING,,10,,t123_0,0.59,HIGH,OFFLOAD,WARNING: heavy task offloaded (weight=0.59 >= 0.3),
1771434250.652,0.0,46.53,4.6567,1.511,65.1,6,,,0.04772,0.4215,0.0000,0.6444,0.0000,0.4772,0.5456,0.2912,WARNING,False,10,0,,,,,,
1771434250.654,0.0,,,,,,,,,,,,,,,0.2912,WARNING,,10,,t124_0,0.63,NORMAL,OFFLOAD,WARNING: heavy task offloaded (weight=0.63 >= 0.3),
1771434250.654,0.0,46.59,4.6735,1.450,60.7,5,30475.107,-45.31013,0.04855,0.4317,1.0000,0.5883,1.0000,0.4855,0.5001,0.7269,CRITICAL,False,10,0,,,,,,
1771434250.654,0.0,,,,,,,,,,,,,,,0.7269,CRITICAL,,10,,t125_0,0.20,NORMAL,OFFLOAD,CRITICAL: non-critical task offloaded (priority=NORMAL),
1771434250.654,0.0,47.02,4.6792,1.394,56.7,5,42483.559,-62.19575,0.04765,0.5026,1.0000,0.5692,1.0000,0.4765,0.4718,0.7263,CRITICAL,False,10,0,,,,,,
1771434250.654,0.0,,,,,,,,,,,,,,,0.7263,CRITICAL,,10,,t126_0,0.55,NORMAL,OFFLOAD,CRITICAL: non-critical task offloaded (priority=NORMAL),
1771434250.654,0.0,46.59,4.7295,1.341,52.9,4,26808.851,10.20049,0.04728,0.4322,1.0000,0.4016,0.0000,0.4728,0.4305,0.4875,CRITICAL,False,10,0,,,,,,
1771434250.654,0.0,46.59,4.7348,1.292,49.4,4,38409.598,18.00369,0.04324,0.4309,1.0000,0.3839,0.0000,0.4324,0.4061,0.4761,CRITICAL,False,10,0,,,,,,
1771434250.654,0.0,,,,,,,,,,,,,,,0.4761,CRITICAL,,10,,t128_0,0.47,NORMAL,OFFLOAD,CRITICAL: non-critical task offloaded (priority=NORMAL),
1771434250.654,0.0,46.94,4.7300,1.247,46.2,4,44707.205,60.56902,0.04228,0.4898,1.0000,0.4001,0.0000,0.4228,0.3833,0.4797,CRITICAL,False,10,0,,,,,,window_reset|B=10
1771434250.654,0.0,46.19,4.7404,1.204,43.2,4,-6910.679,68.46829,0.03791,0.3644,0.0000,0.3655,0.0000,0.3791,0.3622,0.2016,WARNING,False,10,0,,,,,,
1771434250.654,0.0,,,,,,,,,,,,,,,0.2016,WARNING,,10,,t130_0,0.52,LOW,OFFLOAD,WARNING: heavy task offloaded (weight=0.52 >= 0.3),
1771434250.654,0.0,46.45,4.7585,1.165,40.4,3,14722.017,73.07161,0.04194,0.4087,1.0000,0.3051,0.0000,0.4194,0.3275,0.4461,WARNING,False,10,0,,,,,,
1771434250.654,0.0,,,,,,,,,,,,,,,0.4461,WARNING,,10,,t131_0,0.62,NORMAL,OFFLOAD,WARNING: heavy task offloaded (weight=0.62 >= 0.3),
1771434250.654,0.0,45.63,4.7581,1.128,37.7,3,-35943.730,67.28402,0.04542,0.2711,0.0000,0.3065,0.0000,0.4542,0.3092,0.1796,SAFE,False,10,0,,,,,,
1771434250.654,0.0,,,,,,,,,,,,,,,0.1796,SAFE,,10,,t132_0,0.72,HIGH,LOCAL,SAFE: all tasks permitted (weight=0.72),
1771434250.654,0.0,45.76,4.7337,1.283,48.8,4,,,0.04245,0.2934,0.0000,0.3878,0.0000,0.4245,0.4014,0.2083,SAFE,False,10,0,,,,,,
1771434250.654,0.0,,,,,,,,,,,,,,,0.2083,SAFE,,10,,t133_0,0.61,HIGH,LOCAL,SAFE: all tasks permitted (weight=0.61),
1771434250.654,0.0,,,,,,,,,,,,,,,0.2083,SAFE,,10,,t133_1,0.56,HIGH,LOCAL,SAFE: all tasks permitted (weight=0.56),
1771434250.654,0.0,46.56,4.6464,1.543,67.4,6,,,0.04126,0.4267,0.0000,0.6788,0.0000,0.4126,0.5616,0.2930,WARNING,False,10,0,,,,,,
1771434250.654,0.0,,,,,,,,,,,,,,,0.2930,WARNING,,10,,t134_0,0.31,HIGH,OFFLOAD,WARNING: heavy task offloaded (weight=0.31 >= 0.3),
1771434250.654,0.0,,,,,,,,,,,,,,,0.2930,WARNING,,10,,t134_1,0.47,HIGH,OFFLOAD,WARNING: heavy task offloaded (weight=0.47 >= 0.3),
1771434250.654,0.0,46.55,4.6902,1.480,62.9,5,,,0.03774,0.4242,0.0000,0.5327,0.0000,0.3774,0.5151,0.2609,WARNING,False,10,0,,,,,,
1771434250.654,0.0,,,,,,,,,,,,,,,0.2609,WARNING,,10,,t135_0,0.86,LOW,OFFLOAD,WARNING: heavy task offloaded (weight=0.86 >= 0.3),
1771434250.654,0.0,46.01,4.7217,1.421,58.7,5,,,0.03405,0.3344,0.0000,0.4277,0.0000,0.3405,0.4857,0.2269,WARNING,False,10,0,,,,,,
1771434250.654,0.0,,,,,,,,,,,,,,,0.2269,WARNING,,10,,t136_0,0.17,HIGH,LOCAL,WARNING: lightweight task permitted (weight=0.17 < 0.3),
1771434250.654,0.0,46.23,4.6872,1.410,57.9,5,,,0.03280,0.3720,0.0000,0.5426,0.0000,0.3280,0.4801,0.2440,WARNING,False,10,0,,,,,,
1771434250.654,0.0,46.55,4.7123,1.356,54.0,5,,,0.03080,0.4249,0.0000,0.4589,0.0000,0.3080,0.4532,0.2321,WARNING,False,10,0,,,,,,
1771434250.654,0.0,46.35,4.7182,1.306,50.5,4,,,0.03068,0.3913,0.0000,0.4392,0.0000,0.3068,0.4132,0.2174,WARNING,False,10,0,,,,,,
1771434250.654,0.0,,,,,,,,,,,,,,,0.2174,WARNING,,10,,t139_0,0.45,LOW,OFFLOAD,WARNING: heavy task offloaded (weight=0.45 >= 0.3),
1771434250.654,0.0,46.06,4.7274,1.260,47.1,4,,,0.03043,0.3431,0.0000,0.4086,0.0000,0.3043,0.3899,0.2027,WARNING,False,10,0,,,,,,
1771434250.654,0.0,45.85,4.7459,1.217,44.0,4,,,0.03123,0.3084,0.0000,0.3470,0.0000,0.3123,0.3683,0.1870,WARNING,False,10,0,,,,,,
1771434250.654,0.0,,,,,,,,,,,,,,,0.1870,WARNING,,10,,t141_0,0.66,NORMAL,OFFLOAD,WARNING: heavy task offloaded (weight=0.66 >= 0.3),
1771434250.654,0.0,46.43,4.7566,1.176,41.2,3,,,0.03241,0.4043,0.0000,0.3115,0.0000,0.3241,0.3332,0.1881,WARNING,False,10,0,,,,,,window_reset|B=10
1771434250.654,0.0,,,,,,,,,,,,,,,0.1881,WARNING,,10,,t142_0,0.39,LOW,OFFLOAD,WARNING: heavy task offloaded (weight=0.39 >= 0.3),
1771434250.654,0.0,,,,,,,,,,,,,,,0.1881,WARNING,,10,,t142_1,0.76,NORMAL,OFFLOAD,WARNING: heavy task offloaded (weight=0.76 >= 0.3),
1771434250.654,0.0,46.00,4.7742,1.139,38.5,3,,,0.03416,0.3330,0.0000,0.2528,0.0000,0.3416,0.3145,0.1699,SAFE,False,10,0,,,,,,
1771434250.654,0.0,,,,,,,,,,,,,,,0.1699,SAFE,,10,,t143_0,0.77,LOW,LOCAL,SAFE: all tasks permitted (weight=0.77),
1771434250.654,0.0,,,,,,,,,,,,,,,0.1699,SAFE,,10,,t143_1,0.55,NORMAL,LOCAL,SAFE: all tasks permitted (weight=0.55),
1771434250.654,0.0,46.20,4.6840,1.448,60.6,5,,,0.03389,0.3663,0.0000,0.5533,0.0000,0.3389,0.4992,0.2496,SAFE,False,10,0,,,,,,
1771434250.654,0.0,,,,,,,,,,,,,,,0.2496,SAFE,,10,,t144_0,0.70,HIGH,LOCAL,SAFE: all tasks permitted (weight=0.70),
1771434250.654,0.0,,,,,,,,,,,,,,,0.2496,SAFE,,10,,t144_1,0.65,LOW,LOCAL,SAFE: all tasks permitted (weight=0.65),
1771434250.654,0.0,46.20,4.6556,1.744,81.7,7,,,0.03729,0.3662,0.0000,0.6481,0.0000,0.3729,0.6768,0.3008,WARNING,False,10,0,,,,,,
1771434250.654,0.0,,,,,,,,,,,,,,,0.3008,WARNING,,10,,t145_0,0.30,NORMAL,OFFLOAD,WARNING: heavy task offloaded (weight=0.30 >= 0.3),
1771434250.654,0.0,,,,,,,,,,,,,,,0.3008,WARNING,,10,,t145_1,0.26,NORMAL,LOCAL,WARNING: lightweight task permitted (weight=0.26 < 0.3),
1771434250.654,0.0,46.66,4.5885,1.733,80.9,7,,,0.04753,0.4431,0.0000,0.8715,0.0000,0.4753,0.6715,0.3483,WARNING,False,10,0,,,,,,
1771434250.655,0.0,,,,,,,,,,,,,,,0.3483,WARNING,,10,,t146_0,0.66,NORMAL,OFFLOAD,WARNING: heavy task offloaded (weight=0.66 >= 0.3),
1771434250.655,0.0,,,,,,,,,,,,,,,0.3483,WARNING,,10,,t146_1,0.24,LOW,LOCAL,WARNING: lightweight task permitted (weight=0.24 < 0.3),
1771434250.655,0.0,46.21,4.5912,1.720,80.0,7,-8113.766,-125.15023,0.05705,0.3684,0.0000,0.8627,1.0000,0.5705,0.6650,0.5464,WARNING,False,10,0,,,,,,
1771434250.655,0.0,,,,,,,,,,,,,,,0.5464,WARNING,,10,,t147_0,0.62,HIGH,OFFLOAD,WARNING: heavy task offloaded (weight=0.62 >= 0.3),
1771434250.655,0.0,46.68,4.6177,1.645,74.6,7,36503.104,-108.09705,0.06043,0.4460,1.0000,0.7744,1.0000,0.6043,0.6273,0.7901,CRITICAL,False,10,0,,,,,,
1771434250.655,0.0,,,,,,,,,,,,,,,0.7901,CRITICAL,,10,,t148_0,0.87,NORMAL,OFFLOAD,CRITICAL: non-critical task offloaded (priority=NORMAL),
1771434250.655,0.0,,,,,,,,,,,,,,,0.7901,CRITICAL,,10,,t148_1,0.59,LOW,OFFLOAD,CRITICAL: non-critical task offloaded (priority=LOW),
1771434250.655,0.0,47.38,4.6350,1.574,69.6,6,90196.106,-109.26206,0.06220,0.5627,1.0000,0.7167,1.0000,0.6220,0.5772,0.7883,CRITICAL,False,10,0,,,,,,
1771434250.655,0.0,,,,,,,,,,,,,,,0.7883,CRITICAL,,10,,t149_0,0.80,NORMAL,OFFLOAD,CRITICAL: non-critical task offloaded (priority=NORMAL),
1771434250.655,0.0,47.27,4.6515,1.509,64.9,6,49976.164,-103.43360,0.06215,0.5452,1.0000,0.6615,1.0000,0.6215,0.5446,0.7725,CRITICAL,False,10,0,,,,,,
1771434250.655,0.0,47.33,4.7120,1.448,60.6,5,78600.816,-61.27701,0.06184,0.5547,1.0000,0.4601,1.0000,0.6184,0.4992,0.7381,CRITICAL,False,10,0,,,,,,
1771434250.655,0.0,,,,,,,,,,,,,,,0.7381,CRITICAL,,10,,t151_0,0.30,HIGH,OFFLOAD,CRITICAL: non-critical task offloaded (priority=HIGH),
1771434250.655,0.0,46.89,4.6990,1.392,56.6,5,40875.164,14.81494,0.06045,0.4815,1.0000,0.5032,0.0000,0.6045,0.4710,0.5278,CRITICAL,False,10,0,,,,,,
1771434250.655,0.0,47.47,4.7210,1.340,52.8,4,74988.541,64.47841,0.05840,0.5776,1.0000,0.4299,0.0000,0.5840,0.4298,0.5196,CRITICAL,False,10,0,,,,,,
1771434250.655,0.0,,,,,,,,,,,,,,,0.5196,CRITICAL,,10,,t153_0,0.40,HIGH,OFFLOAD,CRITICAL: non-critical task offloaded (priority=HIGH),
1771434250.655,0.0,46.99,4.7448,1.291,49.3,4,19682.949,153.94893,0.05709,0.4986,1.0000,0.3506,0.0000,0.5709,0.4053,0.4936,CRITICAL,False,10,0,,,,,,
1771434250.655,0.0,,,,,,,,,,,,,,,0.4936,CRITICAL,,10,,t154_0,0.42,HIGH,OFFLOAD,CRITICAL: non-critical task offloaded (priority=HIGH),
1771434250.655,0.0,,,,,,,,,,,,,,,0.4936,CRITICAL,,10,,t154_1,0.79,NORMAL,OFFLOAD,CRITICAL: non-critical task offloaded (priority=NORMAL),
1771434250.655,0.0,47.07,4.7619,1.245,46.1,4,,,0.05535,0.5119,0.0000,0.2938,0.0000,0.5535,0.3826,0.2315,WARNING,False,10,0,,,,,,window_reset|B=10
1771434250.655,0.0,,,,,,,,,,,,,,,0.2315,WARNING,,10,,t155_0,0.64,NORMAL,OFFLOAD,WARNING: heavy task offloaded (weight=0.64 >= 0.3),
1771434250.655,0.0,47.14,4.7553,1.203,43.1,4,54377.215,271.32578,0.05997,0.5227,1.0000,0.3155,0.0000,0.5997,0.3615,0.4860,WARNING,False,10,0,,,,,,
1771434250.655,0.0,,,,,,,,,,,,,,,0.4860,WARNING,,10,,t156_0,0.29,NORMAL,LOCAL,WARNING: lightweight task permitted (weight=0.29 < 0.3),
1771434250.655,0.0,,,,,,,,,,,,,,,0.4860,WARNING,,10,,t156_1,0.44,LOW,OFFLOAD,WARNING: heavy task offloaded (weight=0.44 >= 0.3),
1771434250.655,0.0,46.55,4.7459,1.238,45.6,4,-97697.100,218.54906,0.06233,0.4251,0.0000,0.3471,0.0000,0.6233,0.3791,0.2343,WARNING,False,10,0,,,,,,
1771434250.655,0.0,,,,,,,,,,,,,,,0.2343,WARNING,,10,,t157_0,0.22,NORMAL,LOCAL,WARNING: lightweight task permitted (weight=0.22 < 0.3),
1771434250.655,0.0,46.95,4.7255,1.253,46.7,4,-38469.388,145.86220,0.05576,0.4910,0.0000,0.4148,0.0000,0.5576,0.3866,0.2459,WARNING,False,10,0,,,,,,
1771434250.655,0.0,,,,,,,,,,,,,,,0.2459,WARNING,,10,,t158_0,0.27,HIGH,LOCAL,WARNING: lightweight task permitted (weight=0.27 < 0.3),
1771434250.655,0.0,,,,,,,,,,,,,,,0.2459,WARNING,,10,,t158_1,0.50,LOW,OFFLOAD,WARNING: heavy task offloaded (weight=0.50 >= 0.3),
1771434250.655,0.0,46.85,4.7090,1.281,48.6,4,-56052.612,-5.86209,0.04579,0.4757,0.0000,0.4700,1.0000,0.4579,0.4005,0.4441,WARNING,False,10,0,,,,,,
1771434250.655,0.0,46.70,4.7409,1.236,45.4,4,-22434.331,82.42540,0.03783,0.4499,0.0000,0.3638,0.0000,0.3783,0.3781,0.2147,WARNING,False,10,0,,,,,,
1771434250.655,0.0,,,,,,,,,,,,,,,0.2147,WARNING,,10,,t160_0,0.61,LOW,OFFLOAD,WARNING: heavy task offloaded (weight=0.61 >= 0.3),
1771434250.655,0.0,46.72,4.7225,1.195,42.5,3,-87847.437,2.90559,0.02867,0.4538,0.0000,0.4250,0.0000,0.2867,0.3423,0.2069,WARNING,False,10,0,,,,,,
1771434250.655,0.0,46.09,4.7426,1.156,39.7,3,-106279.660,-4.41163,0.01882,0.3488,0.0000,0.3580,1.0000,0.1882,0.3230,0.3718,WARNING,False,10,0,,,,,,
1771434250.655,0.0,,,,,,,,,,,,,,,0.3718,WARNING,,10,,t162_0,0.18,LOW,LOCAL,WARNING: lightweight task permitted (weight=0.18 < 0.3),
1771434250.655,0.0,45.98,4.7680,1.166,40.4,3,-129198.130,12.07898,0.02024,0.3299,0.0000,0.2734,0.0000,0.2024,0.3281,0.1610,SAFE,False,10,0,,,,,,
1771434250.655,0.0,46.02,4.7699,1.130,37.8,3,,,0.01877,0.3373,0.0000,0.2670,0.0000,0.1877,0.3098,0.1559,SAFE,False,10,0,,,,,,
1771434250.655,0.0,45.40,4.7806,1.095,35.4,3,,,0.02031,0.2337,0.0000,0.2314,0.0000,0.2031,0.2927,0.1370,SAFE,False,10,0,,,,,,
1771434250.655,0.0,45.62,4.7971,1.064,33.1,3,,,0.02450,0.2696,0.0000,0.1763,0.0000,0.2450,0.2768,0.1351,SAFE,False,10,0,,,,,,
1771434250.655,0.0,44.78,4.8017,1.034,31.0,2,,,0.02810,0.1302,0.0000,0.1610,0.0000,0.2810,0.2471,0.1141,SAFE,False,10,0,,,,,,
1771434250.655,0.0,44.73,4.7931,1.007,29.0,2,,,0.03003,0.1216,0.0000,0.1895,0.0000,0.3003,0.2333,0.1159,SAFE,False,10,0,,,,,,window_reset|B=10
1771434250.655,0.0,44.84,4.8082,0.981,27.2,2,,,0.03274,0.1404,0.0000,0.1394,0.0000,0.3274,0.2206,0.1118,SAFE,False,10,0,,,,,,
1771434250.656,0.0,,,,,,,,,,,,,,,0.1118,SAFE,,10,,t169_0,0.71,NORMAL,LOCAL,SAFE: all tasks permitted (weight=0.71),
1771434250.656,0.0,,,,,,,,,,,,,,,0.1118,SAFE,,10,,t169_1,0.47,NORMAL,LOCAL,SAFE: all tasks permitted (weight=0.47),
1771434250.656,0.0,44.32,4.7578,1.266,47.6,4,-208689.250,29.77076,0.03080,0.0528,0.0000,0.3074,0.0000,0.3080,0.3931,0.1557,SAFE,False,10,0,,,,,,
1771434250.656,0.0,44.51,4.7166,1.223,44.5,4,-172470.889,-100.63055,0.02968,0.0852,0.0000,0.4447,1.0000,0.2968,0.3713,0.3720,WARNING,False,10,0,,,,,,
1771434250.656,0.0,,,,,,,,,,,,,,,0.3720,WARNING,,10,,t171_0,0.31,NORMAL,OFFLOAD,WARNING: heavy task offloaded (weight=0.31 >= 0.3),
1771434250.656,0.0,44.47,4.7552,1.182,41.6,3,-182025.508,-28.70424,0.02889,0.0790,0.0000,0.3159,1.0000,0.2889,0.3359,0.3466,WARNING,False,10,0,,,,,,
1771434250.656,0.0,44.59,4.7638,1.144,38.9,3,-95375.684,-32.86993,0.02556,0.0984,0.0000,0.2873,1.0000,0.2556,0.3171,0.3381,WARNING,False,10,0,,,,,,
1771434250.656,0.0,,,,,,,,,,,,,,,0.3381,WARNING,,10,,t173_0,0.28,NORMAL,LOCAL,WARNING: lightweight task permitted (weight=0.28 < 0.3),
1771434250.656,0.0,44.32,4.7339,1.183,41.7,3,-151908.029,-123.81855,0.02647,0.0541,0.0000,0.3871,1.0000,0.2647,0.3366,0.3506,WARNING,False,10,0,,,,,,
1771434250.656,0.0,,,,,,,,,,,,,,,0.3506,WARNING,,10,,t174_0,0.48,HIGH,OFFLOAD,WARNING: heavy task offloaded (weight=0.48 >= 0.3),
1771434250.656,0.0,,,,,,,,,,,,,,,0.3506,WARNING,,10,,t174_1,0.56,NORMAL,OFFLOAD,WARNING: heavy task offloaded (weight=0.56 >= 0.3),
1771434250.656,0.0,44.33,4.7602,1.145,38.9,3,-53326.198,-81.19298,0.02662,0.0546,0.0000,0.2992,1.0000,0.2662,0.3176,0.3356,WARNING,False,10,0,,,,,,
1771434250.656,0.0,,,,,,,,,,,,,,,0.3356,WARNING,,10,,t175_0,0.65,CRITICAL,OFFLOAD,WARNING: heavy task offloaded (weight=0.65 >= 0.3),
1771434250.656,0.0,44.10,4.7780,1.110,36.4,3,-74113.464,-29.59910,0.02672,0.0164,0.0000,0.2399,1.0000,0.2672,0.3000,0.3199,WARNING,False,10,0,,,,,,
1771434250.656,0.0,,,,,,,,,,,,,,,0.3199,WARNING,,10,,t176_0,0.82,HIGH,OFFLOAD,WARNING: heavy task offloaded (weight=0.82 >= 0.3),
1771434250.656,0.0,43.66,4.7770,1.077,34.1,3,-138444.748,-61.02980,0.02662,0.0000,0.0000,0.2433,1.0000,0.2662,0.2836,0.3150,WARNING,False,10,0,,,,,,
1771434250.656,0.0,,,,,,,,,,,,,,,0.3150,WARNING,,10,,t177_0,0.88,NORMAL,OFFLOAD,WARNING: heavy task offloaded (weight=0.88 >= 0.3),
1771434250.656,0.0,,,,,,,,,,,,,,,0.3150,WARNING,,10,,t177_1,0.48,HIGH,OFFLOAD,WARNING: heavy task offloaded (weight=0.48 >= 0.3),
1771434250.656,0.0,43.71,4.7803,1.047,31.9,2,,,0.02559,0.0000,0.0000,0.2322,0.0000,0.2559,0.2534,0.1065,SAFE,False,10,0,,,,,,
1771434250.656,0.0,,,,,,,,,,,,,,,0.1065,SAFE,,10,,t178_0,0.43,HIGH,LOCAL,SAFE: all tasks permitted (weight=0.43),
1771434250.656,0.0,,,,,,,,,,,,,,,0.1065,SAFE,,10,,t178_1,0.25,CRITICAL,LOCAL,SAFE: all tasks permitted (weight=0.25),
1771434250.656,0.0,43.65,4.7449,1.194,42.4,3,,,0.02430,0.0000,0.0000,0.3505,0.0000,0.2430,0.3420,0.1383,SAFE,False,10,0,,,,,,
1771434250.656,0.0,,,,,,,,,,,,,,,0.1383,SAFE,,10,,t179_0,0.85,LOW,LOCAL,SAFE: all tasks permitted (weight=0.85),
1771434250.656,0.0,43.91,4.7047,1.377,55.5,5,,,0.02757,0.0000,0.0000,0.4844,0.0000,0.2757,0.4636,0.1833,SAFE,False,10,0,,,,,,
1771434250.656,0.0,43.67,4.7406,1.326,51.8,4,,,0.02300,0.0000,0.0000,0.3648,0.0000,0.2300,0.4229,0.1550,SAFE,False,10,0,,,,,,window_reset|B=10
1771434250.656,0.0,,,,,,,,,,,,,,,0.1550,SAFE,,10,,t181_0,0.31,LOW,LOCAL,SAFE: all tasks permitted (weight=0.31),
1771434250.656,0.0,43.56,4.7267,1.358,54.2,5,,,0.02384,0.0000,0.0000,0.4111,0.0000,0.2384,0.4541,0.1681,SAFE,False,10,0,,,,,,
1771434250.656,0.0,,,,,,,,,,,,,,,0.1681,SAFE,,10,,t182_0,0.45,HIGH,LOCAL,SAFE: all tasks permitted (weight=0.45),
1771434250.656,0.0,,,,,,,,,,,,,,,0.1681,SAFE,,10,,t182_1,0.28,LOW,LOCAL,SAFE: all tasks permitted (weight=0.28),
1771434250.656,0.0,43.99,4.6533,1.497,64.1,6,,,0.03480,0.0000,0.0000,0.6557,0.0000,0.3480,0.5384,0.2277,SAFE,False,10,0,,,,,,
1771434250.656,0.0,,,,,,,,,,,,,,,0.2277,SAFE,,10,,t183_0,0.45,NORMAL,LOCAL,SAFE: all tasks permitted (weight=0.45),
1771434250.656,0.0,44.48,4.6256,1.554,68.1,6,,,0.04727,0.0802,0.0000,0.7479,0.0000,0.4727,0.5668,0.2675,WARNING,False,10,0,,,,,,
1771434250.656,0.0,,,,,,,,,,,,,,,0.2675,WARNING,,10,,t184_0,0.65,LOW,OFFLOAD,WARNING: heavy task offloaded (weight=0.65 >= 0.3),
1771434250.656,0.0,45.21,4.7119,1.490,63.6,6,,,0.04657,0.2016,0.0000,0.4603,0.0000,0.4657,0.5349,0.2376,WARNING,False,10,0,,,,,,
1771434250.656,0.0,,,,,,,,,,,,,,,0.2376,WARNING,,10,,t185_0,0.44,NORMAL,OFFLOAD,WARNING: heavy task offloaded (weight=0.44 >= 0.3),
1771434250.656,0.0,44.53,4.7076,1.430,59.3,5,,,0.04686,0.0886,0.0000,0.4746,0.0000,0.4686,0.4902,0.2172,WARNING,False,10,0,,,,,,
1771434250.656,0.0,,,,,,,,,,,,,,,0.2172,WARNING,,10,,t186_0,0.37,NORMAL,OFFLOAD,WARNING: heavy task offloaded (weight=0.37 >= 0.3),
1771434250.656,0.0,,,,,,,,,,,,,,,0.2172,WARNING,,10,,t186_1,0.36,NORMAL,OFFLOAD,WARNING: heavy task offloaded (weight=0.36 >= 0.3),
1771434250.656,0.0,44.52,4.7056,1.375,55.4,5,,,0.04595,0.0860,0.0000,0.4812,0.0000,0.4595,0.4626,0.2114,WARNING,False,10,0,,,,,,
1771434250.656,0.0,,,,,,,,,,,,,,,0.2114,WARNING,,10,,t187_0,0.80,NORMAL,OFFLOAD,WARNING: heavy task offloaded (weight=0.80 >= 0.3),
1771434250.656,0.0,44.88,4.7120,1.324,51.7,4,,,0.04267,0.1468,0.0000,0.4600,0.0000,0.4267,0.4220,0.2045,WARNING,False,10,0,,,,,,
1771434250.656,0.0,,,,,,,,,,,,,,,0.2045,WARNING,,10,,t188_0,0.23,HIGH,LOCAL,WARNING: lightweight task permitted (weight=0.23 < 0.3),
1771434250.656,0.0,,,,,,,,,,,,,,,0.2045,WARNING,,10,,t188_1,0.72,NORMAL,OFFLOAD,WARNING: heavy task offloaded (weight=0.72 >= 0.3),
1771434250.656,0.0,44.49,4.6932,1.336,52.6,4,,,0.03877,0.0809,0.0000,0.5227,0.0000,0.3877,0.4280,0.2020,WARNING,False,10,0,,,,,,
1771434250.656,0.0,,,,,,,,,,,,,,,0.2020,WARNING,,10,,t189_0,0.77,NORMAL,OFFLOAD,WARNING: heavy task offloaded (weight=0.77 >= 0.3),
1771434250.656,0.0,,,,,,,,,,,,,,,0.2020,WARNING,,10,,t189_1,0.64,NORMAL,OFFLOAD,WARNING: heavy task offloaded (weight=0.64 >= 0.3),
1771434250.656,0.0,44.40,4.7375,1.287,49.1,4,,,0.03366,0.0672,0.0000,0.3750,0.0000,0.3366,0.4037,0.1712,SAFE,False,10,0,,,,,,
1771434250.656,0.0,,,,,,,,,,,,,,,0.1712,SAFE,,10,,t190_0,0.55,HIGH,LOCAL,SAFE: all tasks permitted (weight=0.55),
1771434250.657,0.0,,,,,,,,,,,,,,,0.1712,SAFE,,10,,t190_1,0.22,NORMAL,LOCAL,SAFE: all tasks permitted (weight=0.22),
1771434250.657,0.0,44.91,4.7215,1.442,60.2,5,54178.148,67.10405,0.03195,0.1518,1.0000,0.4284,0.0000,0.3195,0.4962,0.4551,WARNING,False,10,0,,,,,,
1771434250.657,0.0,44.74,4.7056,1.386,56.2,5,15020.854,78.67589,0.03195,0.1226,1.0000,0.4814,0.0000,0.3195,0.4682,0.4529,WARNING,False,10,0,,,,,,
1771434250.657,0.0,45.01,4.7475,1.334,52.4,4,-11549.241,34.98906,0.03267,0.1690,0.0000,0.3418,0.0000,0.3267,0.4271,0.1828,WARNING,False,10,0,,,,,,
1771434250.657,0.0,,,,,,,,,,,,,,,0.1828,WARNING,,10,,t193_0,0.61,NORMAL,OFFLOAD,WARNING: heavy task offloaded (weight=0.61 >= 0.3),
1771434250.657,0.0,,,,,,,,,,,,,,,0.1828,WARNING,,10,,t193_1,0.64,NORMAL,OFFLOAD,WARNING: heavy task offloaded (weight=0.64 >= 0.3),
1771434250.657,0.0,45.60,4.7455,1.286,49.0,4,62854.607,37.31752,0.03414,0.2661,1.0000,0.3482,0.0000,0.3414,0.4029,0.4419,WARNING,False,10,0,,,,,,window_reset|B=10
1771434250.657,0.0,,,,,,,,,,,,,,,0.4419,WARNING,,10,,t194_0,0.50,LOW,OFFLOAD,WARNING: heavy task offloaded (weight=0.50 >= 0.3),
1771434250.657,0.0,,,,,,,,,,,,,,,0.4419,WARNING,,10,,t194_1,0.69,NORMAL,OFFLOAD,WARNING: heavy task offloaded (weight=0.69 >= 0.3),
1771434250.657,0.0,44.61,4.7445,1.241,45.8,4,5614.109,38.20804,0.03172,0.1018,1.0000,0.3518,0.0000,0.3172,0.3804,0.4157,WARNING,False,10,0,,,,,,
1771434250.657,0.0,45.50,4.7553,1.199,42.8,3,36635.364,42.61257,0.01997,0.2502,1.0000,0.3157,0.0000,0.1997,0.3444,0.4099,WARNING,False,10,0,,,,,,
1771434250.657,0.0,,,,,,,,,,,,,,,0.4099,WARNING,,10,,t196_0,0.70,LOW,OFFLOAD,WARNING: heavy task offloaded (weight=0.70 >= 0.3),
1771434250.657,0.0,44.93,4.7845,1.160,40.0,3,26524.354,89.88653,0.02560,0.1558,1.0000,0.2183,0.0000,0.2560,0.3249,0.3877,WARNING,False,10,0,,,,,,
1771434250.657,0.0,,,,,,,,,,,,,,,0.3877,WARNING,,10,,t197_0,0.34,HIGH,OFFLOAD,WARNING: heavy task offloaded (weight=0.34 >= 0.3),
1771434250.657,0.0,,,,,,,,,,,,,,,0.3877,WARNING,,10,,t197_1,0.80,HIGH,OFFLOAD,WARNING: heavy task offloaded (weight=0.80 >= 0.3),
1771434250.657,0.0,45.01,4.7548,1.124,37.4,3,35563.113,17.02186,0.02548,0.1676,1.0000,0.3173,0.0000,0.2548,0.3068,0.3982,WARNING,False,10,0,,,,,,
1771434250.657,0.0,45.23,4.7792,1.090,35.0,3,,,0.02675,0.2044,0.0000,0.2361,0.0000,0.2675,0.2899,0.1400,SAFE,False,10,0,,,,,,
1771434250.657,0.0,,,,,,,,,,,,,,,0.1400,SAFE,,10,,t199_0,0.84,NORMAL,LOCAL,SAFE: all tasks permitted (weight=0.84),
1771434250.657,0.0,44.43,4.7143,1.276,48.3,4,,,0.02656,0.0721,0.0000,0.4524,0.0000,0.2656,0.3981,0.1736,SAFE,False,10,0,,,,,,
1771434250.657,0.0,,,,,,,,,,,,,,,0.1736,SAFE,,10,,t200_0,0.21,NORMAL,LOCAL,SAFE: all tasks permitted (weight=0.21),
1771434250.657,0.0,44.35,4.7074,1.286,49.0,4,,,0.02467,0.0580,0.0000,0.4752,0.0000,0.2467,0.4029,0.1740,SAFE,False,10,0,,,,,,
1771434250.657,0.0,,,,,,,,,,,,,,,0.1740,SAFE,,10,,t201_0,0.87,NORMAL,LOCAL,SAFE: all tasks permitted (weight=0.87),
1771434250.657,0.0,,,,,,,,,,,,,,,0.1740,SAFE,,10,,t201_1,0.59,NORMAL,LOCAL,SAFE: all tasks permitted (weight=0.59),
1771434250.657,0.0,,,,,,,,,,,,,,,0.1740,SAFE,,10,,t201_2,0.78,LOW,LOCAL,SAFE: all tasks permitted (weight=0.78),
1771434250.657,0.0,45.01,4.5864,1.826,87.6,8,,,0.04953,0.1686,0.0000,0.8788,0.0000,0.4953,0.7330,0.3306,WARNING,False,10,0,,,,,,
1771434250.657,0.0,,,,,,,,,,,,,,,0.3306,WARNING,,10,,t202_0,0.56,LOW,OFFLOAD,WARNING: heavy task offloaded (weight=0.56 >= 0.3),
1771434250.657,0.0,,,,,,,,,,,,,,,0.3306,WARNING,,10,,t202_1,0.74,NORMAL,OFFLOAD,WARNING: heavy task offloaded (weight=0.74 >= 0.3),
1771434250.657,0.0,45.27,4.5972,1.743,81.7,7,,,0.06153,0.2109,0.0000,0.8427,0.0000,0.6153,0.6766,0.3317,WARNING,False,10,0,,,,,,
1771434250.657,0.0,45.29,4.6369,1.666,76.1,7,,,0.06554,0.2154,0.0000,0.7104,0.0000,0.6554,0.6380,0.3113,WARNING,False,10,0,,,,,,
1771434250.657,0.0,45.88,4.6341,1.594,71.0,6,,,0.06798,0.3126,0.0000,0.7197,0.0000,0.6798,0.5872,0.3165,WARNING,False,10,0,,,,,,
1771434250.657,0.0,,,,,,,,,,,,,,,0.3165,WARNING,,10,,t205_0,0.79,HIGH,OFFLOAD,WARNING: heavy task offloaded (weight=0.79 >= 0.3),
1771434250.657,0.0,46.01,4.6812,1.528,66.3,6,,,0.06697,0.3354,0.0000,0.5626,0.0000,0.6697,0.5539,0.2911,WARNING,False,10,0,,,,,,
1771434250.657,0.0,,,,,,,,,,,,,,,0.2911,WARNING,,10,,t206_0,0.85,NORMAL,OFFLOAD,WARNING: heavy task offloaded (weight=0.85 >= 0.3),
1771434250.657,0.0,,,,,,,,,,,,,,,0.2911,WARNING,,10,,t206_1,0.76,NORMAL,OFFLOAD,WARNING: heavy task offloaded (weight=0.76 >= 0.3),
1771434250.657,0.0,46.20,4.6918,1.466,61.8,5,,,0.06549,0.3661,0.0000,0.5273,0.0000,0.6549,0.5079,0.2795,WARNING,False,10,0,,,,,,window_reset|B=10
1771434250.657,0.0,,,,,,,,,,,,,,,0.2795,WARNING,,10,,t207_0,0.18,NORMAL,LOCAL,WARNING: lightweight task permitted (weight=0.18 < 0.3),
1771434250.657,0.0,46.25,4.6750,1.456,61.1,5,,,0.06289,0.3742,0.0000,0.5833,0.0000,0.6289,0.5029,0.2842,WARNING,False,10,0,,,,,,
1771434250.657,0.0,,,,,,,,,,,,,,,0.2842,WARNING,,10,,t208_0,0.45,CRITICAL,OFFLOAD,WARNING: heavy task offloaded (weight=0.45 >= 0.3),
1771434250.657,0.0,,,,,,,,,,,,,,,0.2842,WARNING,,10,,t208_1,0.29,HIGH,LOCAL,WARNING: lightweight task permitted (weight=0.29 < 0.3),
1771434250.657,0.0,45.85,4.6844,1.473,62.4,5,,,0.05561,0.3084,0.0000,0.5520,0.0000,0.5561,0.5116,0.2667,WARNING,False,10,0,,,,,,
1771434250.657,0.0,,,,,,,,,,,,,,,0.2667,WARNING,,10,,t209_0,0.45,CRITICAL,OFFLOAD,WARNING: heavy task offloaded (weight=0.45 >= 0.3),
1771434250.657,0.0,,,,,,,,,,,,,,,0.2667,WARNING,,10,,t209_1,0.72,HIGH,OFFLOAD,WARNING: heavy task offloaded (weight=0.72 >= 0.3),
1771434250.657,0.0,,,,,,,,,,,,,,,0.2667,WARNING,,10,,t209_2,0.49,NORMAL,OFFLOAD,WARNING: heavy task offloaded (weight=0.49 >= 0.3),
1771434250.657,0.0,46.13,4.6939,1.415,58.2,5,,,0.05101,0.3556,0.0000,0.5203,0.0000,0.5101,0.4825,0.2578,WARNING,False,10,0,,,,,,
1771434250.657,0.0,,,,,,,,,,,,,,,0.2578,WARNING,,10,,t210_0,0.68,NORMAL,OFFLOAD,WARNING: heavy task offloaded (weight=0.68 >= 0.3),
1771434250.657,0.0,46.45,4.7205,1.361,54.3,5,,,0.04280,0.4078,0.0000,0.4315,0.0000,0.4280,0.4554,0.2389,WARNING,False,10,0,,,,,,
1771434250.657,0.0,,,,,,,,,,,,,,,0.2389,WARNING,,10,,t211_0,0.15,HIGH,LOCAL,WARNING: lightweight task permitted (weight=0.15 < 0.3),
1771434250.657,0.0,46.73,4.7143,1.351,53.6,5,,,0.04280,0.4551,0.0000,0.4524,0.0000,0.4280,0.4503,0.2463,WARNING,False,10,0,,,,,,
1771434250.658,0.0,,,,,,,,,,,,,,,0.2463,WARNING,,10,,t212_0,0.55,CRITICAL,OFFLOAD,WARNING: heavy task offloaded (weight=0.55 >= 0.3),
1771434250.658,0.0,,,,,,,,,,,,,,,0.2463,WARNING,,10,,t212_1,0.22,NORMAL,LOCAL,WARNING: lightweight task permitted (weight=0.22 < 0.3),
1771434250.658,0.0,,,,,,,,,,,,,,,0.2463,WARNING,,10,,t212_2,0.72,LOW,OFFLOAD,WARNING: heavy task offloaded (weight=0.72 >= 0.3),
1771434250.658,0.0,46.73,4.7070,1.359,54.2,5,51602.638,73.08831,0.04276,0.4555,1.0000,0.4768,0.0000,0.4276,0.4545,0.5003,WARNING,False,10,0,,,,,,
1771434250.658,0.0,,,,,,,,,,,,,,,0.5003,WARNING,,10,,t213_0,0.55,LOW,OFFLOAD,WARNING: heavy task offloaded (weight=0.55 >= 0.3),
1771434250.658,0.0,46.73,4.7452,1.309,50.6,4,43439.856,64.15967,0.03975,0.4557,1.0000,0.3494,0.0000,0.3975,0.4144,0.4727,WARNING,False,10,0,,,,,,
1771434250.658,0.0,,,,,,,,,,,,,,,0.4727,WARNING,,10,,t214_0,0.47,NORMAL,OFFLOAD,WARNING: heavy task offloaded (weight=0.47 >= 0.3),
1771434250.658,0.0,,,,,,,,,,,,,,,0.4727,WARNING,,10,,t214_1,0.69,NORMAL,OFFLOAD,WARNING: heavy task offloaded (weight=0.69 >= 0.3),
1771434250.658,0.0,46.50,4.7203,1.262,47.3,4,18208.648,28.59522,0.03165,0.4165,1.0000,0.4323,0.0000,0.3165,0.3911,0.4660,WARNING,False,10,0,,,,,,
1771434250.658,0.0,45.93,4.7483,1.219,44.2,4,-19060.512,73.52135,0.03042,0.3215,0.0000,0.3390,0.0000,0.3042,0.3694,0.1870,WARNING,False,10,0,,,,,,
1771434250.658,0.0,,,,,,,,,,,,,,,0.1870,WARNING,,10,,t216_0,0.76,LOW,OFFLOAD,WARNING: heavy task offloaded (weight=0.76 >= 0.3),
1771434250.658,0.0,,,,,,,,,,,,,,,0.1870,WARNING,,10,,t216_1,0.77,LOW,OFFLOAD,WARNING: heavy task offloaded (weight=0.77 >= 0.3),
1771434250.658,0.0,46.28,4.7493,1.178,41.3,3,25688.121,65.15904,0.02547,0.3796,1.0000,0.3355,0.0000,0.2547,0.3342,0.4315,WARNING,False,10,0,,,,,,
1771434250.658,0.0,,,,,,,,,,,,,,,0.4315,WARNING,,10,,t217_0,0.60,NORMAL,OFFLOAD,WARNING: heavy task offloaded (weight=0.60 >= 0.3),
1771434250.658,0.0,,,,,,,,,,,,,,,0.4315,WARNING,,10,,t217_1,0.25,LOW,LOCAL,WARNING: lightweight task permitted (weight=0.25 < 0.3),
1771434250.658,0.0,45.74,4.7517,1.207,43.3,4,-23397.892,57.96564,0.02606,0.2908,0.0000,0.3277,0.0000,0.2606,0.3634,0.1762,SAFE,False,10,0,,,,,,
1771434250.658,0.0,,,,,,,,,,,,,,,0.1762,SAFE,,10,,t218_0,0.30,NORMAL,LOCAL,SAFE: all tasks permitted (weight=0.30),
1771434250.658,0.0,45.92,4.7416,1.246,46.1,4,-31611.765,21.08908,0.02571,0.3202,0.0000,0.3614,0.0000,0.2571,0.3830,0.1877,SAFE,False,10,0,,,,,,
1771434250.658,0.0,,,,,,,,,,,,,,,0.1877,SAFE,,10,,t219_0,0.85,LOW,LOCAL,SAFE: all tasks permitted (weight=0.85),
1771434250.658,0.0,,,,,,,,,,,,,,,0.1877,SAFE,,10,,t219_1,0.65,LOW,LOCAL,SAFE: all tasks permitted (weight=0.65),
1771434250.658,0.0,45.67,4.7100,1.596,71.1,6,-64087.245,-4.25515,0.02205,0.2776,0.0000,0.4665,1.0000,0.2205,0.5879,0.4336,WARNING,False,10,0,,,,,,window_reset|B=10
1771434250.658,0.0,46.18,4.6437,1.529,66.4,6,,,0.02968,0.3630,0.0000,0.6878,0.0000,0.2968,0.5545,0.2736,WARNING,False,10,0,,,,,,
1771434250.658,0.0,,,,,,,,,,,,,,,0.2736,WARNING,,10,,t221_0,0.44,NORMAL,OFFLOAD,WARNING: heavy task offloaded (weight=0.44 >= 0.3),
1771434250.658,0.0,46.29,4.7037,1.467,61.9,5,,,0.02907,0.3823,0.0000,0.4878,0.0000,0.2907,0.5085,0.2400,WARNING,False,10,0,,,,,,
1771434250.658,0.0,,,,,,,,,,,,,,,0.2400,WARNING,,10,,t222_0,0.23,LOW,LOCAL,WARNING: lightweight task permitted (weight=0.23 < 0.3),
1771434250.658,0.0,45.78,4.6957,1.468,62.0,5,,,0.02992,0.2959,0.0000,0.5143,0.0000,0.2992,0.5089,0.2341,WARNING,False,10,0,,,,,,
1771434250.658,0.0,,,,,,,,,,,,,,,0.2341,WARNING,,10,,t223_0,0.88,LOW,OFFLOAD,WARNING: heavy task offloaded (weight=0.88 >= 0.3),
1771434250.658,0.0,,,,,,,,,,,,,,,0.2341,WARNING,,10,,t223_1,0.39,HIGH,OFFLOAD,WARNING: heavy task offloaded (weight=0.39 >= 0.3),
1771434250.658,0.0,46.23,4.7196,1.410,57.9,5,,,0.02989,0.3718,0.0000,0.4345,0.0000,0.2989,0.4800,0.2270,WARNING,False,10,0,,,,,,
1771434250.658,0.0,,,,,,,,,,,,,,,0.2270,WARNING,,10,,t224_0,0.90,LOW,OFFLOAD,WARNING: heavy task offloaded (weight=0.90 >= 0.3),
1771434250.658,0.0,,,,,,,,,,,,,,,0.2270,WARNING,,10,,t224_1,0.31,HIGH,OFFLOAD,WARNING: heavy task offloaded (weight=0.31 >= 0.3),
1771434250.658,0.0,,,,,,,,,,,,,,,0.2270,WARNING,,10,,t224_2,0.22,HIGH,LOCAL,WARNING: lightweight task permitted (weight=0.22 < 0.3),
1771434250.658,0.0,46.37,4.6560,1.413,58.1,5,,,0.03464,0.3950,0.0000,0.6468,0.0000,0.3464,0.4816,0.2624,WARNING,False,10,0,,,,,,
1771434250.658,0.0,,,,,,,,,,,,,,,0.2624,WARNING,,10,,t225_0,0.31,NORMAL,OFFLOAD,WARNING: heavy task offloaded (weight=0.31 >= 0.3),
1771434250.658,0.0,,,,,,,,,,,,,,,0.2624,WARNING,,10,,t225_1,0.51,NORMAL,OFFLOAD,WARNING: heavy task offloaded (weight=0.51 >= 0.3),
1771434250.658,0.0,46.52,4.7325,1.359,54.2,5,,,0.03390,0.4194,0.0000,0.3915,0.0000,0.3390,0.4546,0.2261,WARNING,False,10,0,,,,,,
1771434250.658,0.0,,,,,,,,,,,,,,,0.2261,WARNING,,10,,t226_0,0.79,LOW,OFFLOAD,WARNING: heavy task offloaded (weight=0.79 >= 0.3),
1771434250.658,0.0,,,,,,,,,,,,,,,0.2261,WARNING,,10,,t226_1,0.71,CRITICAL,OFFLOAD,WARNING: heavy task offloaded (weight=0.71 >= 0.3),
1771434250.658,0.0,46.42,4.6352,1.309,50.6,4,,,0.04024,0.4026,0.0000,0.7161,0.0000,0.4024,0.4145,0.2646,WARNING,False,10,0,,,,,,
1771434250.658,0.0,,,,,,,,,,,,,,,0.2646,WARNING,,10,,t227_0,0.70,LOW,OFFLOAD,WARNING: heavy task offloaded (weight=0.70 >= 0.3),
1771434250.658,0.0,,,,,,,,,,,,,,,0.2646,WARNING,,10,,t227_1,0.78,HIGH,OFFLOAD,WARNING: heavy task offloaded (weight=0.78 >= 0.3),
1771434250.658,0.0,46.07,4.7255,1.262,47.3,4,,,0.03877,0.3446,0.0000,0.4148,0.0000,0.3877,0.3912,0.2123,WARNING,False,10,0,,,,,,
1771434250.658,0.0,,,,,,,,,,,,,,,0.2123,WARNING,,10,,t228_0,0.84,NORMAL,OFFLOAD,WARNING: heavy task offloaded (weight=0.84 >= 0.3),
1771434250.658,0.0,,,,,,,,,,,,,,,0.2123,WARNING,,10,,t228_1,0.82,LOW,OFFLOAD,WARNING: heavy task offloaded (weight=0.82 >= 0.3),
1771434250.658,0.0,46.03,4.7227,1.219,44.2,4,,,0.03690,0.3382,0.0000,0.4244,0.0000,0.3690,0.3695,0.2065,WARNING,False,10,0,,,,,,
1771434250.658,0.0,,,,,,,,,,,,,,,0.2065,WARNING,,10,,t229_0,0.15,NORMAL,LOCAL,WARNING: lightweight task permitted (weight=0.15 < 0.3),
1771434250.658,0.0,45.78,4.7139,1.219,44.2,4,,,0.03414,0.2961,0.0000,0.4535,0.0000,0.3414,0.3693,0.2025,WARNING,False,10,0,,,,,,
1771434250.658,0.0,,,,,,,,,,,,,,,0.2025,WARNING,,10,,t230_0,0.25,LOW,LOCAL,WARNING: lightweight task permitted (weight=0.25 < 0.3),
1771434250.658,0.0,45.64,4.7232,1.243,45.9,4,,,0.03262,0.2726,0.0000,0.4228,0.0000,0.3262,0.3814,0.1966,WARNING,False,10,0,,,,,,
1771434250.658,0.0,,,,,,,,,,,,,,,0.1966,WARNING,,10,,t231_0,0.17,HIGH,LOCAL,WARNING: lightweight task permitted (weight=0.17 < 0.3),
1771434250.658,0.0,45.53,4.7473,1.244,46.0,4,,,0.03524,0.2543,0.0000,0.3422,0.0000,0.3524,0.3819,0.1866,WARNING,False,10,0,,,,,,
1771434250.659,0.0,,,,,,,,,,,,,,,0.1866,WARNING,,10,,t232_0,0.88,CRITICAL,OFFLOAD,WARNING: heavy task offloaded (weight=0.88 >= 0.3),
1771434250.659,0.0,46.21,4.7347,1.202,43.0,3,-9411.371,78.83530,0.03156,0.3689,0.0000,0.3844,0.0000,0.3156,0.3458,0.1950,WARNING,False,10,0,,,,,,window_reset|B=10
1771434250.659,0.0,,,,,,,,,,,,,,,0.1950,WARNING,,10,,t233_0,0.46,NORMAL,OFFLOAD,WARNING: heavy task offloaded (weight=0.46 >= 0.3),
1771434250.659,0.0,,,,,,,,,,,,,,,0.1950,WARNING,,10,,t233_1,0.71,NORMAL,OFFLOAD,WARNING: heavy task offloaded (weight=0.71 >= 0.3),
1771434250.659,0.0,45.72,4.7694,1.162,40.2,3,-47605.856,36.93791,0.03558,0.2874,0.0000,0.2686,0.0000,0.3558,0.3262,0.1702,SAFE,False,10,0,,,,,,
1771434250.659,0.0,,,,,,,,,,,,,,,0.1702,SAFE,,10,,t234_0,0.25,NORMAL,LOCAL,SAFE: all tasks permitted (weight=0.25),
1771434250.659,0.0,,,,,,,,,,,,,,,0.1702,SAFE,,10,,t234_1,0.50,NORMAL,LOCAL,SAFE: all tasks permitted (weight=0.50),
1771434250.659,0.0,,,,,,,,,,,,,,,0.1702,SAFE,,10,,t234_2,0.76,LOW,LOCAL,SAFE: all tasks permitted (weight=0.76),
1771434250.659,0.0,45.53,4.6659,1.518,65.6,6,-53007.462,30.80911,0.03779,0.2556,0.0000,0.6136,0.0000,0.3779,0.5492,0.2581,WARNING,False,10,0,,,,,,
1771434250.659,0.0,,,,,,,,,,,,,,,0.2581,WARNING,,10,,t235_0,0.53,NORMAL,OFFLOAD,WARNING: heavy task offloaded (weight=0.53 >= 0.3),
1771434250.659,0.0,45.69,4.6603,1.457,61.2,5,-22826.589,-65.38850,0.04029,0.2813,0.0000,0.6324,1.0000,0.4029,0.5035,0.4570,WARNING,False,10,0,,,,,,
1771434250.659,0.0,,,,,,,,,,,,,,,0.4570,WARNING,,10,,t236_0,0.77,HIGH,OFFLOAD,WARNING: heavy task offloaded (weight=0.77 >= 0.3),
1771434250.659,0.0,,,,,,,,,,,,,,,0.4570,WARNING,,10,,t236_1,0.85,NORMAL,OFFLOAD,WARNING: heavy task offloaded (weight=0.85 >= 0.3),
1771434250.659,0.0,,,,,,,,,,,,,,,0.4570,WARNING,,10,,t236_2,0.68,HIGH,OFFLOAD,WARNING: heavy task offloaded (weight=0.68 >= 0.3),
1771434250.659,0.0,45.56,4.6992,1.400,57.1,5,-27968.389,-23.50936,0.03737,0.2606,0.0000,0.5026,1.0000,0.3737,0.4750,0.4290,WARNING,False,10,0,,,,,,
1771434250.659,0.0,,,,,,,,,,,,,,,0.4290,WARNING,,10,,t237_0,0.89,HIGH,OFFLOAD,WARNING: heavy task offloaded (weight=0.89 >= 0.3),
1771434250.659,0.0,46.23,4.7173,1.347,53.4,5,27027.894,3.35451,0.03687,0.3711,1.0000,0.4423,0.0000,0.3687,0.4485,0.4786,WARNING,False,10,0,,,,,,
1771434250.659,0.0,,,,,,,,,,,,,,,0.4786,WARNING,,10,,t238_0,0.83,NORMAL,OFFLOAD,WARNING: heavy task offloaded (weight=0.83 >= 0.3),
1771434250.659,0.0,,,,,,,,,,,,,,,0.4786,WARNING,,10,,t238_1,0.73,CRITICAL,OFFLOAD,WARNING: heavy task offloaded (weight=0.73 >= 0.3),
1771434250.659,0.0,,,,,,,,,,,,,,,0.4786,WARNING,,10,,t238_2,0.15,HIGH,LOCAL,WARNING: lightweight task permitted (weight=0.15 < 0.3),
1771434250.659,0.0,45.91,4.7229,1.337,52.6,4,16620.368,-0.25914,0.02931,0.3186,1.0000,0.4237,0.5183,0.2931,0.4284,0.5620,CRITICAL,False,10,0,,,,,,
1771434250.659,0.0,,,,,,,,,,,,,,,0.5620,CRITICAL,,10,,t239_0,0.50,NORMAL,OFFLOAD,CRITICAL: non-critical task offloaded (priority=NORMAL),
1771434250.659,0.0,,,,,,,,,,,,,,,0.5620,CRITICAL,,10,,t239_1,0.20,LOW,OFFLOAD,CRITICAL: non-critical task offloaded (priority=LOW),
1771434250.659,0.0,46.07,4.7104,1.288,49.2,4,32546.586,-36.99502,0.02924,0.3446,1.0000,0.4653,1.0000,0.2924,0.4041,0.6619,CRITICAL,False,10,0,,,,,,
1771434250.659,0.0,,,,,,,,,,,,,,,0.6619,CRITICAL,,10,,t240_0,0.81,NORMAL,OFFLOAD,CRITICAL: non-critical task offloaded (priority=NORMAL),
1771434250.659,0.0,,,,,,,,,,,,,,,0.6619,CRITICAL,,10,,t240_1,0.68,NORMAL,OFFLOAD,CRITICAL: non-critical task offloaded (priority=NORMAL),
1771434250.659,0.0,,,,,,,,,,,,,,,0.6619,CRITICAL,,10,,t240_2,0.68,HIGH,OFFLOAD,CRITICAL: non-critical task offloaded (priority=HIGH),
1771434250.659,0.0,46.23,4.7387,1.243,45.9,4,,,0.02989,0.3717,0.0000,0.3710,0.0000,0.2989,0.3814,0.1990,WARNING,False,10,0,,,,,,
1771434250.659,0.0,,,,,,,,,,,,,,,0.1990,WARNING,,10,,t241_0,0.72,CRITICAL,OFFLOAD,WARNING: heavy task offloaded (weight=0.72 >= 0.3),
1771434250.659,0.0,,,,,,,,,,,,,,,0.1990,WARNING,,10,,t241_1,0.71,NORMAL,OFFLOAD,WARNING: heavy task offloaded (weight=0.71 >= 0.3),
1771434250.659,0.0,,,,,,,,,,,,,,,0.1990,WARNING,,10,,t241_2,0.46,NORMAL,OFFLOAD,WARNING: heavy task offloaded (weight=0.46 >= 0.3),
1771434250.659,0.0,46.15,4.7557,1.201,42.9,3,,,0.03171,0.3589,0.0000,0.3142,0.0000,0.3171,0.3454,0.1847,WARNING,False,10,0,,,,,,
1771434250.659,0.0,,,,,,,,,,,,,,,0.1847,WARNING,,10,,t242_0,0.81,NORMAL,OFFLOAD,WARNING: heavy task offloaded (weight=0.81 >= 0.3),
1771434250.659,0.0,,,,,,,,,,,,,,,0.1847,WARNING,,10,,t242_1,0.44,NORMAL,OFFLOAD,WARNING: heavy task offloaded (weight=0.44 >= 0.3),
1771434250.659,0.0,45.13,4.7338,1.162,40.1,3,,,0.03193,0.1888,0.0000,0.3872,0.0000,0.3193,0.3259,0.1701,SAFE,False,10,0,,,,,,
1771434250.659,0.0,,,,,,,,,,,,,,,0.1701,SAFE,,10,,t243_0,0.30,HIGH,LOCAL,SAFE: all tasks permitted (weight=0.30),
1771434250.659,0.0,45.05,4.7382,1.203,43.1,4,,,0.03141,0.1751,0.0000,0.3725,0.0000,0.3141,0.3617,0.1732,SAFE,False,10,0,,,,,,
1771434250.659,0.0,,,,,,,,,,,,,,,0.1732,SAFE,,10,,t244_0,0.78,NORMAL,LOCAL,SAFE: all tasks permitted (weight=0.78),
1771434250.659,0.0,,,,,,,,,,,,,,,0.1732,SAFE,,10,,t244_1,0.59,CRITICAL,LOCAL,SAFE: all tasks permitted (weight=0.59),
1771434250.659,0.0,,,,,,,,,,,,,,,0.1732,SAFE,,10,,t244_2,0.76,LOW,LOCAL,SAFE: all tasks permitted (weight=0.76),
1771434250.659,0.0,45.99,4.6325,1.720,80.0,7,,,0.03929,0.3322,0.0000,0.7252,0.0000,0.3929,0.6649,0.3064,WARNING,False,10,0,,,,,,
1771434250.659,0.0,,,,,,,,,,,,,,,0.3064,WARNING,,10,,t245_0,0.29,NORMAL,LOCAL,WARNING: lightweight task permitted (weight=0.29 < 0.3),
1771434250.659,0.0,,,,,,,,,,,,,,,0.3064,WARNING,,10,,t245_1,0.18,LOW,LOCAL,WARNING: lightweight task permitted (weight=0.18 < 0.3),
1771434250.659,0.0,,,,,,,,,,,,,,,0.3064,WARNING,,10,,t245_2,0.74,NORMAL,OFFLOAD,WARNING: heavy task offloaded (weight=0.74 >= 0.3),
1771434250.659,0.0,45.84,4.5731,1.764,83.2,8,,,0.05109,0.3071,0.0000,0.9230,0.0000,0.5109,0.7022,0.3484,WARNING,False,10,0,,,,,,window_reset|B=10
1771434250.659,0.0,,,,,,,,,,,,,,,0.3484,WARNING,,10,,t246_0,0.87,LOW,OFFLOAD,WARNING: heavy task offloaded (weight=0.87 >= 0.3),
1771434250.659,0.0,,,,,,,,,,,,,,,0.3484,WARNING,,10,,t246_1,0.73,NORMAL,OFFLOAD,WARNING: heavy task offloaded (weight=0.73 >= 0.3),
1771434250.659,0.0,,,,,,,,,,,,,,,0.3484,WARNING,,10,,t246_2,0.21,LOW,LOCAL,WARNING: lightweight task permitted (weight=0.21 < 0.3),
1771434250.659,0.0,46.37,4.5984,1.739,81.4,7,,,0.05738,0.3956,0.0000,0.8386,0.0000,0.5738,0.6747,0.3488,WARNING,False,10,0,,,,,,
1771434250.659,0.0,,,,,,,,,,,,,,,0.3488,WARNING,,10,,t247_0,0.67,HIGH,OFFLOAD,WARNING: heavy task offloaded (weight=0.67 >= 0.3),
1771434250.659,0.0,,,,,,,,,,,,,,,0.3488,WARNING,,10,,t247_1,0.81,NORMAL,OFFLOAD,WARNING: heavy task offloaded (weight=0.81 >= 0.3),
1771434250.659,0.0,46.86,4.6107,1.663,75.9,7,,,0.06105,0.4765,0.0000,0.7978,0.0000,0.6105,0.6363,0.3492,WARNING,False,10,0,,,,,,
1771434250.660,0.0,,,,,,,,,,,,,,,0.3492,WARNING,,10,,t248_0,0.71,LOW,OFFLOAD,WARNING: heavy task offloaded (weight=0.71 >= 0.3),
1771434250.660,0.0,,,,,,,,,,,,,,,0.3492,WARNING,,10,,t248_1,0.28,NORMAL,LOCAL,WARNING: lightweight task permitted (weight=0.28 < 0.3),
1771434250.660,0.0,46.85,4.6495,1.664,76.0,7,37196.272,-88.99121,0.06169,0.4752,1.0000,0.6682,1.0000,0.6169,0.6372,0.7830,CRITICAL,False,10,0,,,,,,
1771434250.660,0.0,,,,,,,,,,,,,,,0.7830,CRITICAL,,10,,t249_0,0.37,NORMAL,OFFLOAD,CRITICAL: non-critical task offloaded (priority=NORMAL),
1771434250.660,0.0,,,,,,,,,,,,,,,0.7830,CRITICAL,,10,,t249_1,0.58,CRITICAL,LOCAL,CRITICAL: mission-critical task permitted locally (priority=CRITICAL),
1771434250.660,0.0,,,,,,,,,,,,,,,0.7830,CRITICAL,,10,,t249_2,0.75,NORMAL,OFFLOAD,CRITICAL: non-critical task offloaded (priority=NORMAL),
1771434250.660,0.0,46.96,4.6290,1.743,81.6,7,48267.822,-126.44877,0.06227,0.4933,1.0000,0.7365,1.0000,0.6227,0.6764,0.8025,CRITICAL,False,10,0,,,,,,
1771434250.660,0.0,,,,,,,,,,,,,,,0.8025,CRITICAL,,10,,t250_0,0.74,LOW,OFFLOAD,CRITICAL: non-critical task offloaded (priority=LOW),
1771434250.660,0.0,47.27,4.6128,1.666,76.1,7,128242.901,-120.83586,0.06257,0.5457,1.0000,0.7907,1.0000,0.6257,0.6378,0.8084,CRITICAL,False,10,0,,,,,,
1771434250.660,0.0,47.74,4.6674,1.594,71.0,6,161143.651,-70.68062,0.06109,0.6236,1.0000,0.6086,1.0000,0.6109,0.5870,0.7824,CRITICAL,False,10,0,,,,,,
1771434250.660,0.0,,,,,,,,,,,,,,,0.7824,CRITICAL,,10,,t252_0,0.19,LOW,OFFLOAD,CRITICAL: non-critical task offloaded (priority=LOW),
1771434250.660,0.0,,,,,,,,,,,,,,,0.7824,CRITICAL,,10,,t252_1,0.69,NORMAL,OFFLOAD,CRITICAL: non-critical task offloaded (priority=NORMAL),
1771434250.660,0.0,,,,,,,,,,,,,,,0.7824,CRITICAL,,10,,t252_2,0.68,NORMAL,OFFLOAD,CRITICAL: non-critical task offloaded (priority=NORMAL),
1771434250.660,0.0,47.36,4.6463,1.527,66.2,6,82156.842,13.79981,0.05655,0.5608,1.0000,0.6791,0.0000,0.5655,0.5537,0.5729,CRITICAL,False,10,0,,,,,,
1771434250.660,0.0,,,,,,,,,,,,,,,0.5729,CRITICAL,,10,,t253_0,0.60,CRITICAL,LOCAL,CRITICAL: mission-critical task permitted locally (priority=CRITICAL),
1771434250.660,0.0,,,,,,,,,,,,,,,0.5729,CRITICAL,,10,,t253_1,0.75,NORMAL,OFFLOAD,CRITICAL: non-critical task offloaded (priority=NORMAL),
1771434250.660,0.0,47.24,4.6309,1.623,73.1,7,83391.012,57.65882,0.04766,0.5392,1.0000,0.7304,0.0000,0.4766,0.6164,0.5806,CRITICAL,False,10,0,,,,,,
1771434250.660,0.0,,,,,,,,,,,,,,,0.5806,CRITICAL,,10,,t254_0,0.26,CRITICAL,LOCAL,CRITICAL: mission-critical task permitted locally (priority=CRITICAL),
1771434250.660,0.0,,,,,,,,,,,,,,,0.5806,CRITICAL,,10,,t254_1,0.38,NORMAL,OFFLOAD,CRITICAL: non-critical task offloaded (priority=NORMAL),
1771434250.660,0.0,,,,,,,,,,,,,,,0.5806,CRITICAL,,10,,t254_2,0.51,LOW,OFFLOAD,CRITICAL: non-critical task offloaded (priority=LOW),
1771434250.660,0.0,48.00,4.6351,1.622,73.0,6,97489.012,36.57740,0.03912,0.6669,1.0000,0.7165,0.0000,0.3912,0.6008,0.5824,CRITICAL,False,10,0,,,,,,
1771434250.660,0.0,,,,,,,,,,,,,,,0.5824,CRITICAL,,10,,t255_0,0.51,NORMAL,OFFLOAD,CRITICAL: non-critical task offloaded (priority=NORMAL),
1771434250.660,0.0,47.97,4.6526,1.553,68.1,6,66705.614,41.86426,0.02493,0.6622,1.0000,0.6580,0.0000,0.2493,0.5665,0.5532,CRITICAL,False,10,0,,,,,,
1771434250.660,0.0,,,,,,,,,,,,,,,0.5532,CRITICAL,,10,,t256_0,0.53,LOW,OFFLOAD,CRITICAL: non-critical task offloaded (priority=LOW),
1771434250.660,0.0,,,,,,,,,,,,,,,0.5532,CRITICAL,,10,,t256_1,0.24,NORMAL,OFFLOAD,CRITICAL: non-critical task offloaded (priority=NORMAL),
1771434250.660,0.0,47.82,4.6701,1.489,63.5,6,126301.663,44.76786,0.02751,0.6367,1.0000,0.5995,0.0000,0.2751,0.5346,0.5388,CRITICAL,False,10,0,,,,,,
1771434250.660,0.0,,,,,,,,,,,,,,,0.5388,CRITICAL,,10,,t257_0,0.51,NORMAL,OFFLOAD,CRITICAL: non-critical task offloaded (priority=NORMAL),
1771434250.660,0.0,48.83,4.6903,1.430,59.3,5,243424.425,132.99961,0.02586,0.8046,1.0000,0.5324,0.0000,0.2586,0.4899,0.5396,CRITICAL,False,10,0,,,,,,
1771434250.660,0.0,,,,,,,,,,,,,,,0.5396,CRITICAL,,10,,t258_0,0.84,NORMAL,OFFLOAD,CRITICAL: non-critical task offloaded (priority=NORMAL),
1771434250.660,0.0,,,,,,,,,,,,,,,0.5396,CRITICAL,,10,,t258_1,0.17,NORMAL,OFFLOAD,CRITICAL: non-critical task offloaded (priority=NORMAL),
1771434250.660,0.0,,,,,,,,,,,,,,,0.5396,CRITICAL,,10,,t258_2,0.31,HIGH,OFFLOAD,CRITICAL: non-critical task offloaded (priority=HIGH),
1771434250.660,0.0,48.52,4.7271,1.375,55.3,5,162612.253,248.22079,0.03190,0.7537,1.0000,0.4098,0.0000,0.3190,0.4624,0.5181,CRITICAL,False,10,0,,,,,,window_reset|B=10
1771434250.660,0.0,,,,,,,,,,,,,,,0.5181,CRITICAL,,10,,t259_0,0.37,NORMAL,OFFLOAD,CRITICAL: non-critical task offloaded (priority=NORMAL),
1771434250.660,0.0,,,,,,,,,,,,,,,0.5181,CRITICAL,,10,,t259_1,0.34,LOW,OFFLOAD,CRITICAL: non-critical task offloaded (priority=LOW),
1771434250.660,0.0,,,,,,,,,,,,,,,0.5181,CRITICAL,,10,,t259_2,0.31,LOW,OFFLOAD,CRITICAL: non-critical task offloaded (priority=LOW),
1771434250.660,0.0,47.92,4.7007,1.323,51.7,4,23817.097,72.16903,0.03192,0.6540,1.0000,0.4978,0.0000,0.3192,0.4217,0.5095,CRITICAL,False,10,0,,,,,,
1771434250.660,0.0,,,,,,,,,,,,,,,0.5095,CRITICAL,,10,,t260_0,0.65,CRITICAL,LOCAL,CRITICAL: mission-critical task permitted locally (priority=CRITICAL),
1771434250.660,0.0,,,,,,,,,,,,,,,0.5095,CRITICAL,,10,,t260_1,0.26,LOW,OFFLOAD,CRITICAL: non-critical task offloaded (priority=LOW),
1771434250.660,0.0,,,,,,,,,,,,,,,0.5095,CRITICAL,,10,,t260_2,0.47,CRITICAL,LOCAL,CRITICAL: mission-critical task permitted locally (priority=CRITICAL),
1771434250.660,0.0,48.53,4.6143,1.566,69.0,6,152226.982,-69.50460,0.03423,0.7555,1.0000,0.7857,1.0000,0.3423,0.5728,0.7916,CRITICAL,False,10,0,,,,,,
1771434250.660,0.0,,,,,,,,,,,,,,,0.7916,CRITICAL,,10,,t261_0,0.82,NORMAL,OFFLOAD,CRITICAL: non-critical task offloaded (priority=NORMAL),
1771434250.660,0.0,47.87,4.6681,1.501,64.3,6,83312.293,80.81091,0.03332,0.6457,1.0000,0.6064,0.0000,0.3332,0.5404,0.5477,CRITICAL,False,10,0,,,,,,
1771434250.661,0.0,,,,,,,,,,,,,,,0.5477,CRITICAL,,10,,t262_0,0.36,LOW,OFFLOAD,CRITICAL: non-critical task offloaded (priority=LOW),
1771434250.661,0.0,47.53,4.6876,1.441,60.1,5,-29048.364,54.25056,0.03088,0.5888,0.0000,0.5414,0.0000,0.3088,0.4954,0.2710,WARNING,False,10,0,,,,,,
1771434250.661,0.0,,,,,,,,,,,,,,,0.2710,WARNING,,10,,t263_0,0.22,HIGH,LOCAL,WARNING: lightweight task permitted (weight=0.22 < 0.3),
1771434250.661,0.0,48.06,4.7195,1.443,60.2,5,5274.589,69.09935,0.03427,0.6763,1.0000,0.4350,0.0000,0.3427,0.4963,0.5212,WARNING,False,10,0,,,,,,
1771434250.661,0.0,,,,,,,,,,,,,,,0.5212,WARNING,,10,,t264_0,0.24,HIGH,LOCAL,WARNING: lightweight task permitted (weight=0.24 < 0.3),
1771434250.661,0.0,48.47,4.6802,1.448,60.6,5,77210.520,19.86376,0.03357,0.7456,1.0000,0.5659,0.0000,0.3357,0.4991,0.5464,WARNING,False,10,0,,,,,,
1771434250.661,0.0,,,,,,,,,,,,,,,0.5464,WARNING,,10,,t265_0,0.65,HIGH,OFFLOAD,WARNING: heavy task offloaded (weight=0.65 >= 0.3),
1771434250.661,0.0,48.05,4.7155,1.392,56.6,5,-92214.642,49.61187,0.03285,0.6746,0.0000,0.4485,0.0000,0.3285,0.4709,0.2663,WARNING,False,10,0,,,,,,
1771434250.661,0.0,48.36,4.7151,1.339,52.8,4,-19547.157,-23.63577,0.03111,0.7261,0.0000,0.4498,1.0000,0.3111,0.4296,0.4626,WARNING,False,10,0,,,,,,
1771434250.661,0.0,,,,,,,,,,,,,,,0.4626,WARNING,,10,,t267_0,0.33,LOW,OFFLOAD,WARNING: heavy task offloaded (weight=0.33 >= 0.3),
1771434250.661,0.0,,,,,,,,,,,,,,,0.4626,WARNING,,10,,t267_1,0.80,NORMAL,OFFLOAD,WARNING: heavy task offloaded (weight=0.80 >= 0.3),
1771434250.661,0.0,47.61,4.7237,1.290,49.3,4,-36877.670,45.42060,0.03081,0.6020,0.0000,0.4210,0.0000,0.3081,0.4052,0.2388,WARNING,False,10,0,,,,,,
1771434250.661,0.0,47.40,4.7340,1.245,46.1,4,-133989.214,235.81007,0.03195,0.5666,0.0000,0.3868,0.0000,0.3195,0.3825,0.2267,WARNING,False,10,0,,,,,,
1771434250.661,0.0,,,,,,,,,,,,,,,0.2267,WARNING,,10,,t269_0,0.46,NORMAL,OFFLOAD,WARNING: heavy task offloaded (weight=0.46 >= 0.3),
1771434250.661,0.0,,,,,,,,,,,,,,,0.2267,WARNING,,10,,t269_1,0.78,NORMAL,OFFLOAD,WARNING: heavy task offloaded (weight=0.78 >= 0.3),
1771434250.661,0.0,47.70,4.7700,1.203,43.1,4,-20573.429,200.70349,0.03747,0.6167,0.0000,0.2668,0.0000,0.3747,0.3614,0.2184,WARNING,False,10,0,,,,,,
1771434250.661,0.0,,,,,,,,,,,,,,,0.2184,WARNING,,10,,t270_0,0.77,NORMAL,OFFLOAD,WARNING: heavy task offloaded (weight=0.77 >= 0.3),
1771434250.661,0.0,,,,,,,,,,,,,,,0.2184,WARNING,,10,,t270_1,0.68,NORMAL,OFFLOAD,WARNING: heavy task offloaded (weight=0.68 >= 0.3),
1771434250.661,0.0,,,,,,,,,,,,,,,0.2184,WARNING,,10,,t270_2,0.82,NORMAL,OFFLOAD,WARNING: heavy task offloaded (weight=0.82 >= 0.3),
1771434250.661,0.0,47.36,4.7837,1.164,40.3,3,,,0.04313,0.5602,0.0000,0.2211,0.0000,0.4313,0.3268,0.2045,WARNING,False,10,0,,,,,,
1771434250.661,0.0,,,,,,,,,,,,,,,0.2045,WARNING,,10,,t271_0,0.85,LOW,OFFLOAD,WARNING: heavy task offloaded (weight=0.85 >= 0.3),
1771434250.661,0.0,,,,,,,,,,,,,,,0.2045,WARNING,,10,,t271_1,0.70,LOW,OFFLOAD,WARNING: heavy task offloaded (weight=0.70 >= 0.3),
1771434250.661,0.0,,,,,,,,,,,,,,,0.2045,WARNING,,10,,t271_2,0.65,NORMAL,OFFLOAD,WARNING: heavy task offloaded (weight=0.65 >= 0.3),
1771434250.661,0.0,47.05,4.7470,1.127,37.6,3,,,0.04424,0.5086,0.0000,0.3433,0.0000,0.4424,0.3085,0.2116,WARNING,False,10,0,,,,,,window_reset|B=10
1771434250.661,0.0,,,,,,,,,,,,,,,0.2116,WARNING,,10,,t272_0,0.76,NORMAL,OFFLOAD,WARNING: heavy task offloaded (weight=0.76 >= 0.3),
1771434250.661,0.0,,,,,,,,,,,,,,,0.2116,WARNING,,10,,t272_1,0.18,LOW,LOCAL,WARNING: lightweight task permitted (weight=0.18 < 0.3),
1771434250.661,0.0,,,,,,,,,,,,,,,0.2116,WARNING,,10,,t272_2,0.29,HIGH,LOCAL,WARNING: lightweight task permitted (weight=0.29 < 0.3),
1771434250.661,0.0,46.58,4.7605,1.215,43.9,4,-179937.106,126.99619,0.03434,0.4297,0.0000,0.2983,0.0000,0.3434,0.3676,0.1982,WARNING,False,10,0,,,,,,
1771434250.661,0.0,,,,,,,,,,,,,,,0.1982,WARNING,,10,,t273_0,0.40,NORMAL,OFFLOAD,WARNING: heavy task offloaded (weight=0.40 >= 0.3),
1771434250.661,0.0,47.08,4.7543,1.175,41.1,3,-92120.993,61.43113,0.03039,0.5128,0.0000,0.3190,0.0000,0.3039,0.3326,0.1999,WARNING,False,10,0,,,,,,
1771434250.661,0.0,,,,,,,,,,,,,,,0.1999,WARNING,,10,,t274_0,0.38,NORMAL,OFFLOAD,WARNING: heavy task offloaded (weight=0.38 >= 0.3),
1771434250.661,0.0,46.12,4.7651,1.138,38.4,3,-212353.065,79.13363,0.02831,0.3533,0.0000,0.2831,0.0000,0.2831,0.3139,0.1703,SAFE,False,10,0,,,,,,
1771434250.661,0.0,,,,,,,,,,,,,,,0.1703,SAFE,,10,,t275_0,0.30,LOW,LOCAL,SAFE: all tasks permitted (weight=0.30),
1771434250.661,0.0,,,,,,,,,,,,,,,0.1703,SAFE,,10,,t275_1,0.83,LOW,LOCAL,SAFE: all tasks permitted (weight=0.83),
1771434250.661,0.0,46.77,4.6891,1.397,56.9,5,-79968.308,-54.69404,0.03115,0.4616,0.0000,0.5362,1.0000,0.3115,0.4733,0.4509,WARNING,False,10,0,,,,,,
1771434250.661,0.0,,,,,,,,,,,,,,,0.4509,WARNING,,10,,t276_0,0.86,NORMAL,OFFLOAD,WARNING: heavy task offloaded (weight=0.86 >= 0.3),
1771434250.661,0.0,,,,,,,,,,,,,,,0.4509,WARNING,,10,,t276_1,0.24,CRITICAL,LOCAL,WARNING: lightweight task permitted (weight=0.24 < 0.3),
1771434250.661,0.0,46.11,4.7054,1.407,57.6,5,-122458.836,-45.24958,0.02798,0.3516,0.0000,0.4821,1.0000,0.2798,0.4784,0.4285,WARNING,False,10,0,,,,,,
1771434250.661,0.0,,,,,,,,,,,,,,,0.4285,WARNING,,10,,t277_0,0.42,NORMAL,OFFLOAD,WARNING: heavy task offloaded (weight=0.42 >= 0.3),
1771434250.661,0.0,46.46,4.7038,1.353,53.8,5,-118013.525,-104.70456,0.02895,0.4095,0.0000,0.4874,1.0000,0.2895,0.4516,0.4318,WARNING,False,10,0,,,,,,
1771434250.661,0.0,,,,,,,,,,,,,,,0.4318,WARNING,,10,,t278_0,0.88,LOW,OFFLOAD,WARNING: heavy task offloaded (weight=0.88 >= 0.3),
1771434250.661,0.0,,,,,,,,,,,,,,,0.4318,WARNING,,10,,t278_1,0.86,NORMAL,OFFLOAD,WARNING: heavy task offloaded (weight=0.86 >= 0.3),
1771434250.661,0.0,,,,,,,,,,,,,,,0.4318,WARNING,,10,,t278_2,0.77,NORMAL,OFFLOAD,WARNING: heavy task offloaded (weight=0.77 >= 0.3),
1771434250.661,0.0,46.76,4.7210,1.303,50.2,4,-56765.525,-99.14555,0.02861,0.4606,0.0000,0.4300,1.0000,0.2861,0.4117,0.4221,WARNING,False,10,0,,,,,,
1771434250.661,0.0,,,,,,,,,,,,,,,0.4221,WARNING,,10,,t279_0,0.26,LOW,LOCAL,WARNING: lightweight task permitted (weight=0.26 < 0.3),
1771434250.661,0.0,46.11,4.6938,1.324,51.7,4,-89274.730,-84.13996,0.03096,0.3519,0.0000,0.5206,1.0000,0.3096,0.4220,0.4253,WARNING,False,10,0,,,,,,
1771434250.661,0.0,,,,,,,,,,,,,,,0.4253,WARNING,,10,,t280_0,0.28,NORMAL,LOCAL,WARNING: lightweight task permitted (weight=0.28 < 0.3),
1771434250.661,0.0,46.63,4.6998,1.350,53.6,5,,,0.03252,0.4379,0.0000,0.5008,0.0000,0.3252,0.4502,0.2402,WARNING,False,10,0,,,,,,
1771434250.661,0.0,,,,,,,,,,,,,,,0.2402,WARNING,,10,,t281_0,0.17,HIGH,LOCAL,WARNING: lightweight task permitted (weight=0.17 < 0.3),
1771434250.661,0.0,,,,,,,,,,,,,,,0.2402,WARNING,,10,,t281_1,0.51,NORMAL,OFFLOAD,WARNING: heavy task offloaded (weight=0.51 >= 0.3),
1771434250.661,0.0,46.32,4.6866,1.345,53.2,5,,,0.03274,0.3873,0.0000,0.5447,0.0000,0.3274,0.4476,0.2395,WARNING,False,10,0,,,,,,
1771434250.661,0.0,,,,,,,,,,,,,,,0.2395,WARNING,,10,,t282_0,0.83,LOW,OFFLOAD,WARNING: heavy task offloaded (weight=0.83 >= 0.3),
1771434250.661,0.0,,,,,,,,,,,,,,,0.2395,WARNING,,10,,t282_1,0.30,LOW,OFFLOAD,WARNING: heavy task offloaded (weight=0.30 >= 0.3),
1771434250.661,0.0,46.47,4.7266,1.296,49.7,4,,,0.02776,0.4120,0.0000,0.4113,0.0000,0.2776,0.4080,0.2123,WARNING,False,10,0,,,,,,
1771434250.661,0.0,,,,,,,,,,,,,,,0.2123,WARNING,,10,,t283_0,0.76,CRITICAL,OFFLOAD,WARNING: heavy task offloaded (weight=0.76 >= 0.3),
1771434250.661,0.0,47.18,4.7123,1.250,46.4,4,,,0.02669,0.5293,0.0000,0.4589,0.0000,0.2669,0.3851,0.2269,WARNING,False,10,0,,,,,,
1771434250.662,0.0,46.01,4.7501,1.208,43.4,4,-10032.534,75.35785,0.02545,0.3350,0.0000,0.3329,0.0000,0.2545,0.3638,0.1817,WARNING,False,10,0,,,,,,window_reset|B=10
1771434250.662,0.0,,,,,,,,,,,,,,,0.1817,WARNING,,10,,t285_0,0.29,CRITICAL,LOCAL,WARNING: lightweight task permitted (weight=0.29 < 0.3),
1771434250.662,0.0,46.27,4.7277,1.243,45.9,4,-19202.791,40.33549,0.02319,0.3779,0.0000,0.4076,0.0000,0.2319,0.3815,0.1978,WARNING,False,10,0,,,,,,
1771434250.662,0.0,,,,,,,,,,,,,,,0.1978,WARNING,,10,,t286_0,0.82,NORMAL,OFFLOAD,WARNING: heavy task offloaded (weight=0.82 >= 0.3),
1771434250.662,0.0,,,,,,,,,,,,,,,0.1978,WARNING,,10,,t286_1,0.22,NORMAL,LOCAL,WARNING: lightweight task permitted (weight=0.22 < 0.3),
1771434250.662,0.0,,,,,,,,,,,,,,,0.1978,WARNING,,10,,t286_2,0.55,NORMAL,OFFLOAD,WARNING: heavy task offloaded (weight=0.55 >= 0.3),
1771434250.662,0.0,46.04,4.7324,1.259,47.1,4,-73106.771,19.21103,0.01864,0.3400,0.0000,0.3919,0.0000,0.1864,0.3895,0.1883,WARNING,False,10,0,,,,,,
1771434250.662,0.0,,,,,,,,,,,,,,,0.1883,WARNING,,10,,t287_0,0.66,HIGH,OFFLOAD,WARNING: heavy task offloaded (weight=0.66 >= 0.3),
1771434250.662,0.0,,,,,,,,,,,,,,,0.1883,WARNING,,10,,t287_1,0.37,CRITICAL,OFFLOAD,WARNING: heavy task offloaded (weight=0.37 >= 0.3),
1771434250.662,0.0,45.78,4.7596,1.216,44.0,4,-33957.182,110.67900,0.02129,0.2959,0.0000,0.3015,0.0000,0.2129,0.3679,0.1696,SAFE,False,10,0,,,,,,
1771434250.662,0.0,45.33,4.7525,1.176,41.1,3,-130796.940,88.83904,0.02285,0.2221,0.0000,0.3249,0.0000,0.2285,0.3329,0.1583,SAFE,False,10,0,,,,,,
1771434250.662,0.0,,,,,,,,,,,,,,,0.1583,SAFE,,10,,t289_0,0.64,LOW,LOCAL,SAFE: all tasks permitted (weight=0.64),
1771434250.662,0.0,,,,,,,,,,,,,,,0.1583,SAFE,,10,,t289_1,0.68,NORMAL,LOCAL,SAFE: all tasks permitted (weight=0.68),
1771434250.662,0.0,45.90,4.6874,1.481,62.9,5,-42997.231,1.42158,0.02434,0.3163,0.0000,0.5418,0.0000,0.2434,0.5154,0.2358,SAFE,False,10,0,,,,,,
1771434250.662,0.0,,,,,,,,,,,,,,,0.2358,SAFE,,10,,t290_0,0.21,NORMAL,LOCAL,SAFE: all tasks permitted (weight=0.21),
1771434250.662,0.0,45.79,4.6721,1.476,62.6,5,-68507.261,-91.73271,0.02781,0.2990,0.0000,0.5929,1.0000,0.2781,0.5131,0.4434,WARNING,False,10,0,,,,,,
1771434250.662,0.0,,,,,,,,,,,,,,,0.4434,WARNING,,10,,t291_0,0.32,CRITICAL,OFFLOAD,WARNING: heavy task offloaded (weight=0.32 >= 0.3),
1771434250.662,0.0,,,,,,,,,,,,,,,0.4434,WARNING,,10,,t291_1,0.43,HIGH,OFFLOAD,WARNING: heavy task offloaded (weight=0.43 >= 0.3),
1771434250.662,0.0,46.23,4.7100,1.418,58.4,5,-95847.595,-3.96632,0.02705,0.3712,0.0000,0.4668,1.0000,0.2705,0.4839,0.4290,WARNING,False,10,0,,,,,,
1771434250.662,0.0,,,,,,,,,,,,,,,0.4290,WARNING,,10,,t292_0,0.44,CRITICAL,OFFLOAD,WARNING: heavy task offloaded (weight=0.44 >= 0.3),
1771434250.662,0.0,,,,,,,,,,,,,,,0.4290,WARNING,,10,,t292_1,0.80,NORMAL,OFFLOAD,WARNING: heavy task offloaded (weight=0.80 >= 0.3),
1771434250.662,0.0,46.03,4.7114,1.363,54.5,5,,,0.02658,0.3386,0.0000,0.4620,0.0000,0.2658,0.4567,0.2186,WARNING,False,10,0,,,,,,
1771434250.663,0.0,,,,,,,,,,,,,,,0.2186,WARNING,,10,,t293_0,0.21,CRITICAL,LOCAL,WARNING: lightweight task permitted (weight=0.21 < 0.3),
1771434250.663,0.0,46.42,4.6937,1.368,54.8,5,16208.949,-61.35246,0.02592,0.4028,1.0000,0.5208,1.0000,0.2592,0.4588,0.6837,CRITICAL,False,10,0,,,,,,
1771434250.663,0.0,,,,,,,,,,,,,,,0.6837,CRITICAL,,10,,t294_0,0.28,LOW,OFFLOAD,CRITICAL: non-critical task offloaded (priority=LOW),
1771434250.663,0.0,,,,,,,,,,,,,,,0.6837,CRITICAL,,10,,t294_1,0.40,LOW,OFFLOAD,CRITICAL: non-critical task offloaded (priority=LOW),
1771434250.663,0.0,,,,,,,,,,,,,,,0.6837,CRITICAL,,10,,t294_2,0.17,HIGH,OFFLOAD,CRITICAL: non-critical task offloaded (priority=HIGH),
1771434250.663,0.0,45.76,4.7255,1.317,51.2,4,-29878.395,-12.42236,0.02590,0.2940,0.0000,0.4149,1.0000,0.2590,0.4184,0.3988,WARNING,False,10,0,,,,,,
1771434250.663,0.0,,,,,,,,,,,,,,,0.3988,WARNING,,10,,t295_0,0.32,NORMAL,OFFLOAD,WARNING: heavy task offloaded (weight=0.32 >= 0.3),
1771434250.663,0.0,,,,,,,,,,,,,,,0.3988,WARNING,,10,,t295_1,0.50,HIGH,OFFLOAD,WARNING: heavy task offloaded (weight=0.50 >= 0.3),
1771434250.663,0.0,,,,,,,,,,,,,,,0.3988,WARNING,,10,,t295_2,0.21,NORMAL,LOCAL,WARNING: lightweight task permitted (weight=0.21 < 0.3),
1771434250.663,0.0,45.80,4.7063,1.324,51.7,4,2569.288,-96.19620,0.02609,0.2998,1.0000,0.4791,1.0000,0.2609,0.4220,0.6587,CRITICAL,False,10,0,,,,,,
1771434250.663,0.0,,,,,,,,,,,,,,,0.6587,CRITICAL,,10,,t296_0,0.22,LOW,OFFLOAD,CRITICAL: non-critical task offloaded (priority=LOW),
1771434250.663,0.0,,,,,,,,,,,,,,,0.6587,CRITICAL,,10,,t296_1,0.55,LOW,OFFLOAD,CRITICAL: non-critical task offloaded (priority=LOW),
1771434250.663,0.0,46.05,4.7220,1.276,48.3,4,78118.636,-55.12322,0.02441,0.3423,1.0000,0.4267,1.0000,0.2441,0.3981,0.6506,CRITICAL,False,10,0,,,,,,
1771434250.663,0.0,,,,,,,,,,,,,,,0.6506,CRITICAL,,10,,t297_0,0.23,LOW,OFFLOAD,CRITICAL: non-critical task offloaded (priority=LOW),
1771434250.663,0.0,45.63,4.7428,1.232,45.1,4,-29521.530,100.02845,0.02531,0.2709,0.0000,0.3572,0.0000,0.2531,0.3759,0.1794,WARNING,False,10,0,,,,,,window_reset|B=10
1771434250.663,0.0,,,,,,,,,,,,,,,0.1794,WARNING,,10,,t298_0,0.72,LOW,OFFLOAD,WARNING: heavy task offloaded (weight=0.72 >= 0.3),
1771434250.663,0.0,44.88,4.7316,1.190,42.2,3,-99195.970,107.45209,0.02528,0.1464,0.0000,0.3946,0.0000,0.2528,0.3402,0.1622,SAFE,False,10,0,,,,,,
1771434250.663,0.0,,,,,,,,,,,,,,,0.1622,SAFE,,10,,t299_0,0.39,HIGH,LOCAL,SAFE: all tasks permitted (weight=0.39),
1771434250.663,0.0,46.09,4.7332,1.255,46.8,4,-15371.674,41.97421,0.02256,0.3475,0.0000,0.3893,0.0000,0.2256,0.3873,0.1923,SAFE,False,10,0,,,,,,
1771434250.663,0.0,,,,,,,,,,,,,,,0.1923,SAFE,,10,,t300_0,0.73,NORMAL,LOCAL,SAFE: all tasks permitted (weight=0.73),
1771434250.663,0.0,,,,,,,,,,,,,,,0.1923,SAFE,,10,,t300_1,0.83,LOW,LOCAL,SAFE: all tasks permitted (weight=0.83),
1771434250.663,0.0,45.48,4.6353,1.618,72.7,6,-59933.173,-137.41856,0.02898,0.2464,0.0000,0.7156,1.0000,0.2898,0.5990,0.4714,WARNING,False,10,0,,,,,,
1771434250.663,0.0,,,,,,,,,,,,,,,0.4714,WARNING,,10,,t301_0,0.17,HIGH,LOCAL,WARNING: lightweight task permitted (weight=0.17 < 0.3),
1771434250.663,0.0,,,,,,,,,,,,,,,0.4714,WARNING,,10,,t301_1,0.50,NORMAL,OFFLOAD,WARNING: heavy task offloaded (weight=0.50 >= 0.3),
1771434250.663,0.0,46.50,4.6591,1.594,71.0,6,,,0.03144,0.4171,0.0000,0.6364,0.0000,0.3144,0.5870,0.2816,WARNING,False,10,0,,,,,,
1771434250.663,0.0,,,,,,,,,,,,,,,0.2816,WARNING,,10,,t302_0,0.16,CRITICAL,LOCAL,WARNING: lightweight task permitted (weight=0.16 < 0.3),
1771434250.663,0.0,46.50,4.6489,1.570,69.3,6,,,0.03394,0.4170,0.0000,0.6703,0.0000,0.3394,0.5748,0.2861,WARNING,False,10,0,,,,,,
1771434250.663,0.0,,,,,,,,,,,,,,,0.2861,WARNING,,10,,t303_0,0.71,NORMAL,OFFLOAD,WARNING: heavy task offloaded (weight=0.71 >= 0.3),
1771434250.663,0.0,,,,,,,,,,,,,,,0.2861,WARNING,,10,,t303_1,0.78,LOW,OFFLOAD,WARNING: heavy task offloaded (weight=0.78 >= 0.3),
1771434250.663,0.0,46.20,4.6629,1.505,64.6,6,,,0.03544,0.3673,0.0000,0.6236,0.0000,0.3544,0.5423,0.2690,WARNING,False,10,0,,,,,,
1771434250.663,0.0,,,,,,,,,,,,,,,0.2690,WARNING,,10,,t304_0,0.56,LOW,OFFLOAD,WARNING: heavy task offloaded (weight=0.56 >= 0.3),
1771434250.663,0.0,46.16,4.6705,1.444,60.3,5,,,0.03592,0.3603,0.0000,0.5984,0.0000,0.3592,0.4972,0.2564,WARNING,False,10,0,,,,,,
1771434250.663,0.0,,,,,,,,,,,,,,,0.2564,WARNING,,10,,t305_0,0.59,LOW,OFFLOAD,WARNING: heavy task offloaded (weight=0.59 >= 0.3),
1771434250.663,0.0,,,,,,,,,,,,,,,0.2564,WARNING,,10,,t305_1,0.62,NORMAL,OFFLOAD,WARNING: heavy task offloaded (weight=0.62 >= 0.3),
1771434250.663,0.0,46.20,4.6755,1.388,56.3,5,,,0.03630,0.3660,0.0000,0.5815,0.0000,0.3630,0.4691,0.2496,WARNING,False,10,0,,,,,,
1771434250.663,0.0,,,,,,,,,,,,,,,0.2496,WARNING,,10,,t306_0,0.28,NORMAL,LOCAL,WARNING: lightweight task permitted (weight=0.28 < 0.3),
1771434250.663,0.0,,,,,,,,,,,,,,,0.2496,WARNING,,10,,t306_1,0.44,CRITICAL,OFFLOAD,WARNING: heavy task offloaded (weight=0.44 >= 0.3),
1771434250.663,0.0,46.89,4.6834,1.409,57.8,5,,,0.03497,0.4823,0.0000,0.5553,0.0000,0.3497,0.4795,0.2609,WARNING,False,10,0,,,,,,
1771434250.663,0.0,,,,,,,,,,,,,,,0.2609,WARNING,,10,,t307_0,0.90,NORMAL,OFFLOAD,WARNING: heavy task offloaded (weight=0.90 >= 0.3),
1771434250.663,0.0,,,,,,,,,,,,,,,0.2609,WARNING,,10,,t307_1,0.42,CRITICAL,OFFLOAD,WARNING: heavy task offloaded (weight=0.42 >= 0.3),
1771434250.663,0.0,46.16,4.7185,1.355,54.0,5,,,0.03562,0.3594,0.0000,0.4385,0.0000,0.3562,0.4527,0.2263,WARNING,False,10,0,,,,,,
1771434250.663,0.0,,,,,,,,,,,,,,,0.2263,WARNING,,10,,t308_0,0.26,NORMAL,LOCAL,WARNING: lightweight task permitted (weight=0.26 < 0.3),
1771434250.663,0.0,46.74,4.7143,1.373,55.2,5,,,0.03511,0.4563,0.0000,0.4523,0.0000,0.3511,0.4617,0.2410,WARNING,False,10,0,,,,,,
1771434250.663,0.0,46.56,4.7270,1.322,51.6,4,,,0.03334,0.4260,0.0000,0.4102,0.0000,0.3334,0.4211,0.2220,WARNING,False,10,0,,,,,,
1771434250.663,0.0,,,,,,,,,,,,,,,0.2220,WARNING,,10,,t310_0,0.83,LOW,OFFLOAD,WARNING: heavy task offloaded (weight=0.83 >= 0.3),
1771434250.663,0.0,,,,,,,,,,,,,,,0.2220,WARNING,,10,,t310_1,0.87,NORMAL,OFFLOAD,WARNING: heavy task offloaded (weight=0.87 >= 0.3),
1771434250.663,0.0,46.77,4.7279,1.275,48.2,4,,,0.03295,0.4610,0.0000,0.4070,0.0000,0.3295,0.3973,0.2206,WARNING,False,10,0,,,,,,window_reset|B=10
1771434250.663,0.0,,,,,,,,,,,,,,,0.2206,WARNING,,10,,t311_0,0.23,NORMAL,LOCAL,WARNING: lightweight task permitted (weight=0.23 < 0.3),
1771434250.663,0.0,46.45,4.7171,1.290,49.3,4,,,0.03137,0.4083,0.0000,0.4431,0.0000,0.3137,0.4048,0.2189,WARNING,False,10,0,,,,,,
1771434250.663,0.0,,,,,,,,,,,,,,,0.2189,WARNING,,10,,t312_0,0.50,LOW,OFFLOAD,WARNING: heavy task offloaded (weight=0.50 >= 0.3),
1771434250.663,0.0,45.70,4.7416,1.244,46.0,4,,,0.03061,0.2828,0.0000,0.3612,0.0000,0.3061,0.3821,0.1879,WARNING,False,10,0,,,,,,
1771434250.663,0.0,,,,,,,,,,,,,,,0.1879,WARNING,,10,,t313_0,0.47,LOW,OFFLOAD,WARNING: heavy task offloaded (weight=0.47 >= 0.3),
1771434250.663,0.0,,,,,,,,,,,,,,,0.1879,WARNING,,10,,t313_1,0.62,LOW,OFFLOAD,WARNING: heavy task offloaded (weight=0.62 >= 0.3),
1771434250.663,0.0,,,,,,,,,,,,,,,0.1879,WARNING,,10,,t313_2,0.83,HIGH,OFFLOAD,WARNING: heavy task offloaded (weight=0.83 >= 0.3),
1771434250.663,0.0,46.02,4.7555,1.202,43.0,4,,,0.03257,0.3375,0.0000,0.3151,0.0000,0.3257,0.3611,0.1862,WARNING,False,10,0,,,,,,
1771434250.663,0.0,,,,,,,,,,,,,,,0.1862,WARNING,,10,,t314_0,0.26,LOW,LOCAL,WARNING: lightweight task permitted (weight=0.26 < 0.3),
1771434250.663,0.0,,,,,,,,,,,,,,,0.1862,WARNING,,10,,t314_1,0.25,NORMAL,LOCAL,WARNING: lightweight task permitted (weight=0.25 < 0.3),
1771434250.663,0.0,46.55,4.7584,1.295,49.6,4,,,0.03128,0.4250,0.0000,0.3053,0.0000,0.3128,0.4073,0.2034,WARNING,False,10,0,,,,,,
1771434250.663,0.0,,,,,,,,,,,,,,,0.2034,WARNING,,10,,t315_0,0.52,LOW,OFFLOAD,WARNING: heavy task offloaded (weight=0.52 >= 0.3),
1771434250.663,0.0,,,,,,,,,,,,,,,0.2034,WARNING,,10,,t315_1,0.68,HIGH,OFFLOAD,WARNING: heavy task offloaded (weight=0.68 >= 0.3),
1771434250.663,0.0,,,,,,,,,,,,,,,0.2034,WARNING,,10,,t315_2,0.36,HIGH,OFFLOAD,WARNING: heavy task offloaded (weight=0.36 >= 0.3),
1771434250.663,0.0,45.83,4.6964,1.249,46.4,4,,,0.02804,0.3056,0.0000,0.5121,0.0000,0.2804,0.3845,0.2082,WARNING,False,10,0,,,,,,
1771434250.664,0.0,,,,,,,,,,,,,,,0.2082,WARNING,,10,,t316_0,0.38,NORMAL,OFFLOAD,WARNING: heavy task offloaded (weight=0.38 >= 0.3),
1771434250.664,0.0,,,,,,,,,,,,,,,0.2082,WARNING,,10,,t316_1,0.49,CRITICAL,OFFLOAD,WARNING: heavy task offloaded (weight=0.49 >= 0.3),
1771434250.664,0.0,,,,,,,,,,,,,,,0.2082,WARNING,,10,,t316_2,0.25,NORMAL,LOCAL,WARNING: lightweight task permitted (weight=0.25 < 0.3),
1771434250.664,0.0,46.00,4.7173,1.273,48.1,4,-28548.448,1.95170,0.02455,0.3338,0.0000,0.4423,0.0000,0.2455,0.3964,0.2014,WARNING,False,10,0,,,,,,
1771434250.664,0.0,,,,,,,,,,,,,,,0.2014,WARNING,,10,,t317_0,0.38,HIGH,OFFLOAD,WARNING: heavy task offloaded (weight=0.38 >= 0.3),
1771434250.664,0.0,,,,,,,,,,,,,,,0.2014,WARNING,,10,,t317_1,0.21,HIGH,LOCAL,WARNING: lightweight task permitted (weight=0.21 < 0.3),
1771434250.664,0.0,46.23,4.7308,1.283,48.8,4,-12813.275,2.48384,0.02078,0.3710,0.0000,0.3974,0.0000,0.2078,0.4013,0.1972,WARNING,False,10,0,,,,,,
1771434250.664,0.0,,,,,,,,,,,,,,,0.1972,WARNING,,10,,t318_0,0.19,CRITICAL,LOCAL,WARNING: lightweight task permitted (weight=0.19 < 0.3),
1771434250.664,0.0,45.60,4.7079,1.286,49.0,4,-45265.901,-12.95313,0.01767,0.2668,0.0000,0.4737,1.0000,0.1767,0.4032,0.3919,WARNING,False,10,0,,,,,,
1771434250.664,0.0,,,,,,,,,,,,,,,0.3919,WARNING,,10,,t319_0,0.24,CRITICAL,LOCAL,WARNING: lightweight task permitted (weight=0.24 < 0.3),
1771434250.664,0.0,46.09,4.6901,1.304,50.3,4,-13841.022,-17.44059,0.02023,0.3489,0.0000,0.5329,1.0000,0.2023,0.4119,0.4138,WARNING,False,10,0,,,,,,
1771434250.664,0.0,,,,,,,,,,,,,,,0.4138,WARNING,,10,,t320_0,0.29,LOW,LOCAL,WARNING: lightweight task permitted (weight=0.29 < 0.3),
1771434250.664,0.0,45.78,4.7202,1.332,52.3,4,3377.980,-13.90360,0.02006,0.2973,1.0000,0.4328,1.0000,0.2006,0.4259,0.6472,CRITICAL,False,10,0,,,,,,
1771434250.664,0.0,,,,,,,,,,,,,,,0.6472,CRITICAL,,10,,t321_0,0.28,CRITICAL,LOCAL,CRITICAL: mission-critical task permitted locally (priority=CRITICAL),
1771434250.664,0.0,,,,,,,,,,,,,,,0.6472,CRITICAL,,10,,t321_1,0.56,HIGH,OFFLOAD,CRITICAL: non-critical task offloaded (priority=HIGH),
1771434250.664,0.0,45.18,4.6973,1.357,54.1,5,-32938.286,-37.66842,0.02136,0.1961,0.0000,0.5091,1.0000,0.2136,0.4535,0.4018,WARNING,False,10,0,,,,,,
1771434250.664,0.0,,,,,,,,,,,,,,,0.4018,WARNING,,10,,t322_0,0.24,NORMAL,LOCAL,WARNING: lightweight task permitted (weight=0.24 < 0.3),
1771434250.664,0.0,,,,,,,,,,,,,,,0.4018,WARNING,,10,,t322_1,0.35,CRITICAL,OFFLOAD,WARNING: heavy task offloaded (weight=0.35 >= 0.3),
1771434250.664,0.0,46.34,4.7192,1.370,55.0,5,-8231.367,-25.40056,0.02128,0.3897,0.0000,0.4361,1.0000,0.2128,0.4601,0.4168,WARNING,False,10,0,,,,,,
1771434250.664,0.0,,,,,,,,,,,,,,,0.4168,WARNING,,10,,t323_0,0.85,NORMAL,OFFLOAD,WARNING: heavy task offloaded (weight=0.85 >= 0.3),
1771434250.664,0.0,,,,,,,,,,,,,,,0.4168,WARNING,,10,,t323_1,0.44,NORMAL,OFFLOAD,WARNING: heavy task offloaded (weight=0.44 >= 0.3),
1771434250.664,0.0,45.71,4.7356,1.319,51.4,4,-4902.641,25.42073,0.02161,0.2845,0.0000,0.3812,0.0000,0.2161,0.4196,0.1892,WARNING,False,10,0,,,,,,window_reset|B=10
1771434250.664,0.0,,,,,,,,,,,,,,,0.1892,WARNING,,10,,t324_0,0.30,NORMAL,OFFLOAD,WARNING: heavy task offloaded (weight=0.30 >= 0.3),
1771434250.664,0.0,,,,,,,,,,,,,,,0.1892,WARNING,,10,,t324_1,0.66,HIGH,OFFLOAD,WARNING: heavy task offloaded (weight=0.66 >= 0.3),
1771434250.664,0.0,45.99,4.7278,1.272,48.0,4,,,0.02092,0.3318,0.0000,0.4074,0.0000,0.2092,0.3959,0.1929,WARNING,False,10,0,,,,,,
1771434250.664,0.0,,,,,,,,,,,,,,,0.1929,WARNING,,10,,t325_0,0.81,NORMAL,OFFLOAD,WARNING: heavy task offloaded (weight=0.81 >= 0.3),
1771434250.664,0.0,,,,,,,,,,,,,,,0.1929,WARNING,,10,,t325_1,0.57,NORMAL,OFFLOAD,WARNING: heavy task offloaded (weight=0.57 >= 0.3),
1771434250.664,0.0,46.17,4.7606,1.228,44.8,4,,,0.02166,0.3619,0.0000,0.2978,0.0000,0.2166,0.3738,0.1786,SAFE,False,10,0,,,,,,
1771434250.664,0.0,,,,,,,,,,,,,,,0.1786,SAFE,,10,,t326_0,0.41,NORMAL,LOCAL,SAFE: all tasks permitted (weight=0.41),
1771434250.664,0.0,,,,,,,,,,,,,,,0.1786,SAFE,,10,,t326_1,0.48,NORMAL,LOCAL,SAFE: all tasks permitted (weight=0.48),
1771434250.664,0.0,45.31,4.7038,1.419,58.5,5,,,0.01908,0.2175,0.0000,0.4874,0.0000,0.1908,0.4844,0.2054,SAFE,False,10,0,,,,,,
1771434250.664,0.0,,,,,,,,,,,,,,,0.2054,SAFE,,10,,t327_0,0.69,LOW,LOCAL,SAFE: all tasks permitted (weight=0.69),
1771434250.664,0.0,46.21,4.6581,1.545,67.5,6,,,0.02468,0.3682,0.0000,0.6398,0.0000,0.2468,0.5625,0.2645,WARNING,False,10,0,,,,,,
1771434250.664,0.0,,,,,,,,,,,,,,,0.2645,WARNING,,10,,t328_0,0.25,LOW,LOCAL,WARNING: lightweight task permitted (weight=0.25 < 0.3),
1771434250.664,0.0,,,,,,,,,,,,,,,0.2645,WARNING,,10,,t328_1,0.79,HIGH,OFFLOAD,WARNING: heavy task offloaded (weight=0.79 >= 0.3),
1771434250.664,0.0,46.26,4.6792,1.546,67.6,6,,,0.02645,0.3773,0.0000,0.5693,0.0000,0.2645,0.5629,0.2583,WARNING,False,10,0,,,,,,
1771434250.664,0.0,,,,,,,,,,,,,,,0.2583,WARNING,,10,,t329_0,0.39,NORMAL,OFFLOAD,WARNING: heavy task offloaded (weight=0.39 >= 0.3),
1771434250.664,0.0,45.89,4.6806,1.483,63.0,6,,,0.02693,0.3158,0.0000,0.5648,0.0000,0.2693,0.5313,0.2445,WARNING,False,10,0,,,,,,
1771434250.665,0.0,,,,,,,,,,,,,,,0.2445,WARNING,,10,,t330_0,0.60,NORMAL,OFFLOAD,WARNING: heavy task offloaded (weight=0.60 >= 0.3),
1771434250.665,0.0,,,,,,,,,,,,,,,0.2445,WARNING,,10,,t330_1,0.84,NORMAL,OFFLOAD,WARNING: heavy task offloaded (weight=0.84 >= 0.3),
1771434250.665,0.0,,,,,,,,,,,,,,,0.2445,WARNING,,10,,t330_2,0.79,NORMAL,OFFLOAD,WARNING: heavy task offloaded (weight=0.79 >= 0.3),
1771434250.665,0.0,46.54,4.6972,1.424,58.8,5,12137.041,-21.86626,0.02706,0.4236,1.0000,0.5094,1.0000,0.2706,0.4869,0.6915,CRITICAL,False,10,0,,,,,,
1771434250.665,0.0,,,,,,,,,,,,,,,0.6915,CRITICAL,,10,,t331_0,0.44,LOW,OFFLOAD,CRITICAL: non-critical task offloaded (priority=LOW),
1771434250.665,0.0,,,,,,,,,,,,,,,0.6915,CRITICAL,,10,,t331_1,0.75,HIGH,OFFLOAD,CRITICAL: non-critical task offloaded (priority=HIGH),
1771434250.665,0.0,,,,,,,,,,,,,,,0.6915,CRITICAL,,10,,t331_2,0.23,HIGH,OFFLOAD,CRITICAL: non-critical task offloaded (priority=HIGH),
1771434250.665,0.0,46.83,4.6976,1.369,54.9,5,66955.718,-37.76692,0.02677,0.4716,1.0000,0.5079,1.0000,0.2677,0.4595,0.6913,CRITICAL,False,10,0,,,,,,
1771434250.665,0.0,,,,,,,,,,,,,,,0.6913,CRITICAL,,10,,t332_0,0.60,LOW,OFFLOAD,CRITICAL: non-critical task offloaded (priority=LOW),
1771434250.665,0.0,,,,,,,,,,,,,,,0.6913,CRITICAL,,10,,t332_1,0.83,LOW,OFFLOAD,CRITICAL: non-critical task offloaded (priority=LOW),
1771434250.665,0.0,,,,,,,,,,,,,,,0.6913,CRITICAL,,10,,t332_2,0.73,HIGH,OFFLOAD,CRITICAL: non-critical task offloaded (priority=HIGH),
1771434250.665,0.0,46.08,4.7017,1.318,51.3,4,5601.137,-25.92285,0.02647,0.3475,1.0000,0.4943,1.0000,0.2647,0.4191,0.6662,CRITICAL,False,10,0,,,,,,
1771434250.665,0.0,,,,,,,,,,,,,,,0.6662,CRITICAL,,10,,t333_0,0.30,LOW,OFFLOAD,CRITICAL: non-critical task offloaded (priority=LOW),
1771434250.665,0.0,,,,,,,,,,,,,,,0.6662,CRITICAL,,10,,t333_1,0.23,HIGH,OFFLOAD,CRITICAL: non-critical task offloaded (priority=HIGH),
1771434250.665,0.0,,,,,,,,,,,,,,,0.6662,CRITICAL,,10,,t333_2,0.44,CRITICAL,LOCAL,CRITICAL: mission-critical task permitted locally (priority=CRITICAL),
1771434250.665,0.0,46.07,4.7165,1.386,56.2,5,-6245.430,-43.93728,0.02654,0.3444,0.0000,0.4452,1.0000,0.2654,0.4681,0.4194,WARNING,False,10,0,,,,,,
1771434250.665,0.0,,,,,,,,,,,,,,,0.4194,WARNING,,10,,t334_0,0.56,HIGH,OFFLOAD,WARNING: heavy task offloaded (weight=0.56 >= 0.3),
1771434250.665,0.0,,,,,,,,,,,,,,,0.4194,WARNING,,10,,t334_1,0.74,NORMAL,OFFLOAD,WARNING: heavy task offloaded (weight=0.74 >= 0.3),
1771434250.665,0.0,46.66,4.7382,1.334,52.4,4,80539.183,34.17718,0.02778,0.4426,1.0000,0.3728,0.0000,0.2778,0.4271,0.4648,WARNING,False,10,0,,,,,,
1771434250.665,0.0,,,,,,,,,,,,,,,0.4648,WARNING,,10,,t335_0,0.59,NORMAL,OFFLOAD,WARNING: heavy task offloaded (weight=0.59 >= 0.3),
1771434250.665,0.0,,,,,,,,,,,,,,,0.4648,WARNING,,10,,t335_1,0.74,HIGH,OFFLOAD,WARNING: heavy task offloaded (weight=0.74 >= 0.3),
1771434250.665,0.0,45.95,4.7097,1.286,49.0,4,-15406.090,51.37306,0.02654,0.3251,0.0000,0.4675,0.0000,0.2654,0.4028,0.2069,WARNING,False,10,0,,,,,,
1771434250.665,0.0,,,,,,,,,,,,,,,0.2069,WARNING,,10,,t336_0,0.87,NORMAL,OFFLOAD,WARNING: heavy task offloaded (weight=0.87 >= 0.3),
1771434250.665,0.0,,,,,,,,,,,,,,,0.2069,WARNING,,10,,t336_1,0.56,LOW,OFFLOAD,WARNING: heavy task offloaded (weight=0.56 >= 0.3),
1771434250.665,0.0,46.60,4.7428,1.241,45.8,4,20032.051,63.24348,0.02786,0.4332,1.0000,0.3572,0.0000,0.2786,0.3803,0.4524,WARNING,False,10,0,,,,,,window_reset|B=10
1771434250.665,0.0,,,,,,,,,,,,,,,0.4524,WARNING,,10,,t337_0,0.67,NORMAL,OFFLOAD,WARNING: heavy task offloaded (weight=0.67 >= 0.3),
1771434250.665,0.0,,,,,,,,,,,,,,,0.4524,WARNING,,10,,t337_1,0.74,NORMAL,OFFLOAD,WARNING: heavy task offloaded (weight=0.74 >= 0.3),
1771434250.665,0.0,46.22,4.7635,1.199,42.8,3,19335.105,82.49311,0.02833,0.3698,1.0000,0.2882,0.0000,0.2833,0.3444,0.4290,WARNING,False,10,0,,,,,,
1771434250.665,0.0,,,,,,,,,,,,,,,0.4290,WARNING,,10,,t338_0,0.84,NORMAL,OFFLOAD,WARNING: heavy task offloaded (weight=0.84 >= 0.3),
1771434250.665,0.0,,,,,,,,,,,,,,,0.4290,WARNING,,10,,t338_1,0.51,LOW,OFFLOAD,WARNING: heavy task offloaded (weight=0.51 >= 0.3),
1771434250.665,0.0,,,,,,,,,,,,,,,0.4290,WARNING,,10,,t338_2,0.62,NORMAL,OFFLOAD,WARNING: heavy task offloaded (weight=0.62 >= 0.3),
1771434250.665,0.0,45.81,4.7505,1.160,40.0,3,,,0.03069,0.3014,0.0000,0.3315,0.0000,0.3069,0.3249,0.1749,SAFE,False,10,0,,,,,,
1771434250.665,0.0,,,,,,,,,,,,,,,0.1749,SAFE,,10,,t339_0,0.44,HIGH,LOCAL,SAFE: all tasks permitted (weight=0.44),
1771434250.665,0.0,,,,,,,,,,,,,,,0.1749,SAFE,,10,,t339_1,0.32,LOW,LOCAL,SAFE: all tasks permitted (weight=0.32),
1771434250.665,0.0,45.96,4.7092,1.324,51.7,4,,,0.02622,0.3267,0.0000,0.4693,0.0000,0.2622,0.4219,0.2108,SAFE,False,10,0,,,,,,
1771434250.665,0.0,,,,,,,,,,,,,,,0.2108,SAFE,,10,,t340_0,0.28,NORMAL,LOCAL,SAFE: all tasks permitted (weight=0.28),
1771434250.665,0.0,,,,,,,,,,,,,,,0.2108,SAFE,,10,,t340_1,0.17,NORMAL,LOCAL,SAFE: all tasks permitted (weight=0.17),
1771434250.665,0.0,45.84,4.7012,1.393,56.6,5,,,0.02432,0.3074,0.0000,0.4959,0.0000,0.2432,0.4713,0.2199,SAFE,False,10,0,,,,,,
1771434250.665,0.0,,,,,,,,,,,,,,,0.2199,SAFE,,10,,t341_0,0.62,LOW,LOCAL,SAFE: all tasks permitted (weight=0.62),
1771434250.665,0.0,,,,,,,,,,,,,,,0.2199,SAFE,,10,,t341_1,0.89,LOW,LOCAL,SAFE: all tasks permitted (weight=0.89),
1771434250.665,0.0,46.26,4.6269,1.733,80.9,7,,,0.03378,0.3769,0.0000,0.7437,0.0000,0.3378,0.6714,0.3100,WARNING,False,10,0,,,,,,
1771434250.665,0.0,,,,,,,,,,,,,,,0.3100,WARNING,,10,,t342_0,0.15,LOW,LOCAL,WARNING: lightweight task permitted (weight=0.15 < 0.3),
1771434250.665,0.0,46.66,4.6522,1.697,78.3,7,,,0.03759,0.4431,0.0000,0.6592,0.0000,0.3759,0.6533,0.3071,WARNING,False,10,0,,,,,,
1771434250.665,0.0,47.20,4.6476,1.623,73.1,7,,,0.04124,0.5339,0.0000,0.6746,0.0000,0.4124,0.6164,0.3163,WARNING,False,10,0,,,,,,
1771434250.665,0.0,,,,,,,,,,,,,,,0.3163,WARNING,,10,,t344_0,0.44,NORMAL,OFFLOAD,WARNING: heavy task offloaded (weight=0.44 >= 0.3),
1771434250.665,0.0,,,,,,,,,,,,,,,0.3163,WARNING,,10,,t344_1,0.21,NORMAL,LOCAL,WARNING: lightweight task permitted (weight=0.21 < 0.3),
1771434250.665,0.0,,,,,,,,,,,,,,,0.3163,WARNING,,10,,t344_2,0.31,CRITICAL,OFFLOAD,WARNING: heavy task offloaded (weight=0.31 >= 0.3),
1771434250.665,0.0,46.79,4.6585,1.608,72.0,6,,,0.04321,0.4650,0.0000,0.6384,0.0000,0.4321,0.5942,0.3008,WARNING,False,10,0,,,,,,
1771434250.666,0.0,,,,,,,,,,,,,,,0.3008,WARNING,,10,,t345_0,0.67,NORMAL,OFFLOAD,WARNING: heavy task offloaded (weight=0.67 >= 0.3),
1771434250.666,0.0,,,,,,,,,,,,,,,0.3008,WARNING,,10,,t345_1,0.53,HIGH,OFFLOAD,WARNING: heavy task offloaded (weight=0.53 >= 0.3),
1771434250.666,0.0,,,,,,,,,,,,,,,0.3008,WARNING,,10,,t345_2,0.34,NORMAL,OFFLOAD,WARNING: heavy task offloaded (weight=0.34 >= 0.3),
1771434250.666,0.0,46.99,4.6422,1.541,67.2,6,44238.699,-116.69072,0.04584,0.4976,1.0000,0.6926,1.0000,0.4584,0.5604,0.7577,CRITICAL,False,10,0,,,,,,
1771434250.666,0.0,,,,,,,,,,,,,,,0.7577,CRITICAL,,10,,t346_0,0.36,NORMAL,OFFLOAD,CRITICAL: non-critical task offloaded (priority=NORMAL),
1771434250.666,0.0,46.56,4.6844,1.478,62.7,5,43503.110,-63.61830,0.04402,0.4270,1.0000,0.5520,1.0000,0.4402,0.5139,0.7198,CRITICAL,False,10,0,,,,,,
1771434250.666,0.0,,,,,,,,,,,,,,,0.7198,CRITICAL,,10,,t347_0,0.77,CRITICAL,LOCAL,CRITICAL: mission-critical task permitted locally (priority=CRITICAL),
1771434250.666,0.0,,,,,,,,,,,,,,,0.7198,CRITICAL,,10,,t347_1,0.42,LOW,OFFLOAD,CRITICAL: non-critical task offloaded (priority=LOW),
1771434250.666,0.0,,,,,,,,,,,,,,,0.7198,CRITICAL,,10,,t347_2,0.51,NORMAL,OFFLOAD,CRITICAL: non-critical task offloaded (priority=NORMAL),
1771434250.666,0.0,47.54,4.6605,1.619,72.8,6,91251.914,-46.85032,0.04435,0.5903,1.0000,0.6316,1.0000,0.4435,0.5993,0.7672,CRITICAL,False,10,0,,,,,,
1771434250.666,0.0,,,,,,,,,,,,,,,0.7672,CRITICAL,,10,,t348_0,0.79,NORMAL,OFFLOAD,CRITICAL: non-critical task offloaded (priority=NORMAL),
1771434250.666,0.0,,,,,,,,,,,,,,,0.7672,CRITICAL,,10,,t348_1,0.45,NORMAL,OFFLOAD,CRITICAL: non-critical task offloaded (priority=NORMAL),
1771434250.666,0.0,,,,,,,,,,,,,,,0.7672,CRITICAL,,10,,t348_2,0.74,HIGH,OFFLOAD,CRITICAL: non-critical task offloaded (priority=HIGH),
1771434250.666,0.0,47.90,4.6711,1.550,67.9,6,118393.880,-28.96953,0.04109,0.6493,1.0000,0.5963,1.0000,0.4109,0.5651,0.7596,CRITICAL,False,10,0,,,,,,
1771434250.666,0.0,,,,,,,,,,,,,,,0.7596,CRITICAL,,10,,t349_0,0.83,LOW,OFFLOAD,CRITICAL: non-critical task offloaded (priority=LOW),
1771434250.666,0.0,,,,,,,,,,,,,,,0.7596,CRITICAL,,10,,t349_1,0.41,HIGH,OFFLOAD,CRITICAL: non-critical task offloaded (priority=HIGH),
1771434250.666,0.0,47.13,4.6756,1.487,63.3,6,49905.333,46.79780,0.03263,0.5210,1.0000,0.5815,0.0000,0.3263,0.5333,0.5274,CRITICAL,False,10,0,,,,,,window_reset|B=10
1771434250.666,0.0,,,,,,,,,,,,,,,0.5274,CRITICAL,,10,,t350_0,0.39,NORMAL,OFFLOAD,CRITICAL: non-critical task offloaded (priority=NORMAL),
1771434250.666,0.0,,,,,,,,,,,,,,,0.5274,CRITICAL,,10,,t350_1,0.74,LOW,OFFLOAD,CRITICAL: non-critical task offloaded (priority=LOW),
1771434250.666,0.0,,,,,,,,,,,,,,,0.5274,CRITICAL,,10,,t350_2,0.77,NORMAL,OFFLOAD,CRITICAL: non-critical task offloaded (priority=NORMAL),
1771434250.666,0.0,47.78,4.7001,1.428,59.1,5,64927.707,46.01850,0.02469,0.6307,1.0000,0.4997,0.0000,0.2469,0.4888,0.5131,CRITICAL,False,10,0,,,,,,
1771434250.666,0.0,47.29,4.6891,1.373,55.2,5,5206.643,39.86553,0.02250,0.5489,1.0000,0.5364,0.0000,0.2250,0.4613,0.5004,CRITICAL,False,10,0,,,,,,
1771434250.666,0.0,,,,,,,,,,,,,,,0.5004,CRITICAL,,10,,t352_0,0.90,NORMAL,OFFLOAD,CRITICAL: non-critical task offloaded (priority=NORMAL),
1771434250.666,0.0,47.46,4.7220,1.321,51.5,4,38726.289,61.08101,0.02561,0.5768,1.0000,0.4267,0.0000,0.2561,0.4207,0.4844,CRITICAL,False,10,0,,,,,,
1771434250.666,0.0,,,,,,,,,,,,,,,0.4844,CRITICAL,,10,,t353_0,0.65,CRITICAL,LOCAL,CRITICAL: mission-critical task permitted locally (priority=CRITICAL),
1771434250.666,0.0,47.60,4.6951,1.444,60.3,5,,,0.02304,0.6002,0.0000,0.5164,0.0000,0.2304,0.4972,0.2616,WARNING,False,10,0,,,,,,
1771434250.666,0.0,,,,,,,,,,,,,,,0.2616,WARNING,,10,,t354_0,0.52,CRITICAL,OFFLOAD,WARNING: heavy task offloaded (weight=0.52 >= 0.3),
1771434250.666,0.0,47.11,4.6984,1.388,56.3,5,,,0.02279,0.5178,0.0000,0.5054,0.0000,0.2279,0.4691,0.2445,WARNING,False,10,0,,,,,,
1771434250.666,0.0,,,,,,,,,,,,,,,0.2445,WARNING,,10,,t355_0,0.41,NORMAL,OFFLOAD,WARNING: heavy task offloaded (weight=0.41 >= 0.3),
1771434250.666,0.0,,,,,,,,,,,,,,,0.2445,WARNING,,10,,t355_1,0.17,HIGH,LOCAL,WARNING: lightweight task permitted (weight=0.17 < 0.3),
1771434250.666,0.0,47.01,4.7010,1.381,55.8,5,,,0.02146,0.5021,0.0000,0.4965,0.0000,0.2146,0.4657,0.2394,WARNING,False,10,0,,,,,,
1771434250.666,0.0,,,,,,,,,,,,,,,0.2394,WARNING,,10,,t356_0,0.34,LOW,OFFLOAD,WARNING: heavy task offloaded (weight=0.34 >= 0.3),
1771434250.666,0.0,,,,,,,,,,,,,,,0.2394,WARNING,,10,,t356_1,0.18,NORMAL,LOCAL,WARNING: lightweight task permitted (weight=0.18 < 0.3),
1771434250.666,0.0,47.69,4.7207,1.377,55.5,5,,,0.02237,0.6146,0.0000,0.4310,0.0000,0.2237,0.4635,0.2449,WARNING,False,10,0,,,,,,
1771434250.666,0.0,,,,,,,,,,,,,,,0.2449,WARNING,,10,,t357_0,0.84,LOW,OFFLOAD,WARNING: heavy task offloaded (weight=0.84 >= 0.3),
1771434250.666,0.0,46.94,4.6964,1.326,51.8,4,,,0.01755,0.4898,0.0000,0.5120,0.0000,0.1755,0.4228,0.2275,WARNING,False,10,0,,,,,,
1771434250.666,0.0,,,,,,,,,,,,,,,0.2275,WARNING,,10,,t358_0,0.75,LOW,OFFLOAD,WARNING: heavy task offloaded (weight=0.75 >= 0.3),
1771434250.666,0.0,,,,,,,,,,,,,,,0.2275,WARNING,,10,,t358_1,0.46,NORMAL,OFFLOAD,WARNING: heavy task offloaded (weight=0.46 >= 0.3),
1771434250.666,0.0,,,,,,,,,,,,,,,0.2275,WARNING,,10,,t358_2,0.25,HIGH,LOCAL,WARNING: lightweight task permitted (weight=0.25 < 0.3),
1771434250.666,0.0,47.26,4.7311,1.344,53.1,5,,,0.02021,0.5430,0.0000,0.3965,0.0000,0.2021,0.4469,0.2263,WARNING,False,10,0,,,,,,
1771434250.666,0.0,,,,,,,,,,,,,,,0.2263,WARNING,,10,,t359_0,0.79,NORMAL,OFFLOAD,WARNING: heavy task offloaded (weight=0.79 >= 0.3),
1771434250.666,0.0,46.92,4.7410,1.295,49.6,4,,,0.02043,0.4866,0.0000,0.3633,0.0000,0.2043,0.4073,0.2075,WARNING,False,10,0,,,,,,
1771434250.666,0.0,,,,,,,,,,,,,,,0.2075,WARNING,,10,,t360_0,0.42,LOW,OFFLOAD,WARNING: heavy task offloaded (weight=0.42 >= 0.3),
1771434250.666,0.0,,,,,,,,,,,,,,,0.2075,WARNING,,10,,t360_1,0.26,NORMAL,LOCAL,WARNING: lightweight task permitted (weight=0.26 < 0.3),
1771434250.666,0.0,,,,,,,,,,,,,,,0.2075,WARNING,,10,,t360_2,0.58,NORMAL,OFFLOAD,WARNING: heavy task offloaded (weight=0.58 >= 0.3),
1771434250.666,0.0,47.29,4.7304,1.318,51.3,4,,,0.01913,0.5479,0.0000,0.3988,0.0000,0.1913,0.4189,0.2205,WARNING,False,10,0,,,,,,
1771434250.666,0.0,,,,,,,,,,,,,,,0.2205,WARNING,,10,,t361_0,0.90,LOW,OFFLOAD,WARNING: heavy task offloaded (weight=0.90 >= 0.3),
1771434250.666,0.0,,,,,,,,,,,,,,,0.2205,WARNING,,10,,t361_1,0.88,HIGH,OFFLOAD,WARNING: heavy task offloaded (weight=0.88 >= 0.3),
1771434250.667,0.0,,,,,,,,,,,,,,,0.2205,WARNING,,10,,t361_2,0.66,CRITICAL,OFFLOAD,WARNING: heavy task offloaded (weight=0.66 >= 0.3),
1771434250.667,0.0,46.80,4.7386,1.271,47.9,4,-48288.178,43.63754,0.01802,0.4664,0.0000,0.3713,0.0000,0.1802,0.3953,0.2013,WARNING,False,10,0,,,,,,
1771434250.667,0.0,,,,,,,,,,,,,,,0.2013,WARNING,,10,,t362_0,0.64,HIGH,OFFLOAD,WARNING: heavy task offloaded (weight=0.64 >= 0.3),
1771434250.667,0.0,,,,,,,,,,,,,,,0.2013,WARNING,,10,,t362_1,0.35,NORMAL,OFFLOAD,WARNING: heavy task offloaded (weight=0.35 >= 0.3),
1771434250.667,0.0,47.30,4.7548,1.227,44.8,4,11407.205,56.55008,0.02073,0.5495,1.0000,0.3174,0.0000,0.2073,0.3733,0.4526,WARNING,False,10,0,,,,,,window_reset|B=10
1771434250.667,0.0,,,,,,,,,,,,,,,0.4526,WARNING,,10,,t363_0,0.80,NORMAL,OFFLOAD,WARNING: heavy task offloaded (weight=0.80 >= 0.3),
1771434250.667,0.0,,,,,,,,,,,,,,,0.4526,WARNING,,10,,t363_1,0.40,HIGH,OFFLOAD,WARNING: heavy task offloaded (weight=0.40 >= 0.3),
1771434250.667,0.0,47.01,4.7671,1.186,41.8,3,122.717,66.21932,0.02271,0.5024,1.0000,0.2764,0.0000,0.2271,0.3378,0.4365,WARNING,False,10,0,,,,,,
1771434250.667,0.0,,,,,,,,,,,,,,,0.4365,WARNING,,10,,t364_0,0.51,NORMAL,OFFLOAD,WARNING: heavy task offloaded (weight=0.51 >= 0.3),
1771434250.667,0.0,46.04,4.7567,1.148,39.1,3,-99015.796,36.12867,0.02434,0.3403,0.0000,0.3109,0.0000,0.2434,0.3188,0.1693,SAFE,False,10,0,,,,,,
1771434250.667,0.0,,,,,,,,,,,,,,,0.1693,SAFE,,10,,t365_0,0.22,HIGH,LOCAL,SAFE: all tasks permitted (weight=0.22),
1771434250.667,0.0,,,,,,,,,,,,,,,0.1693,SAFE,,10,,t365_1,0.22,NORMAL,LOCAL,SAFE: all tasks permitted (weight=0.22),
1771434250.667,0.0,46.22,4.7507,1.225,44.6,4,-43187.071,54.43016,0.02296,0.3702,0.0000,0.3310,0.0000,0.2296,0.3724,0.1849,SAFE,False,10,0,,,,,,
1771434250.667,0.0,,,,,,,,,,,,,,,0.1849,SAFE,,10,,t366_0,0.65,NORMAL,LOCAL,SAFE: all tasks permitted (weight=0.65),
1771434250.667,0.0,46.03,4.6892,1.352,53.7,5,-73617.374,-41.95476,0.02419,0.3390,0.0000,0.5360,1.0000,0.2419,0.4512,0.4248,WARNING,False,10,0,,,,,,
1771434250.667,0.0,46.10,4.6830,1.303,50.2,4,-49543.654,-58.15430,0.02649,0.3493,0.0000,0.5567,1.0000,0.2649,0.4114,0.4230,WARNING,False,10,0,,,,,,
1771434250.667,0.0,,,,,,,,,,,,,,,0.4230,WARNING,,10,,t368_0,0.45,NORMAL,OFFLOAD,WARNING: heavy task offloaded (weight=0.45 >= 0.3),
1771434250.667,0.0,45.92,4.7510,1.256,46.9,4,-82454.153,20.65932,0.02692,0.3195,0.0000,0.3301,0.0000,0.2692,0.3882,0.1858,WARNING,False,10,0,,,,,,
1771434250.667,0.0,45.91,4.7380,1.213,43.8,4,,,0.02463,0.3189,0.0000,0.3734,0.0000,0.2463,0.3667,0.1848,WARNING,False,10,0,,,,,,
1771434250.667,0.0,,,,,,,,,,,,,,,0.1848,WARNING,,10,,t370_0,0.55,HIGH,OFFLOAD,WARNING: heavy task offloaded (weight=0.55 >= 0.3),
1771434250.667,0.0,,,,,,,,,,,,,,,0.1848,WARNING,,10,,t370_1,0.17,LOW,LOCAL,WARNING: lightweight task permitted (weight=0.17 < 0.3),
1771434250.667,0.0,46.08,4.7335,1.219,44.2,4,,,0.02460,0.3471,0.0000,0.3884,0.0000,0.2460,0.3694,0.1906,WARNING,False,10,0,,,,,,
1771434250.667,0.0,,,,,,,,,,,,,,,0.1906,WARNING,,10,,t371_0,0.85,NORMAL,OFFLOAD,WARNING: heavy task offloaded (weight=0.85 >= 0.3),
1771434250.667,0.0,45.29,4.7433,1.178,41.3,3,,,0.02465,0.2155,0.0000,0.3556,0.0000,0.2465,0.3342,0.1636,SAFE,False,10,0,,,,,,
1771434250.667,0.0,,,,,,,,,,,,,,,0.1636,SAFE,,10,,t372_0,0.37,NORMAL,LOCAL,SAFE: all tasks permitted (weight=0.37),
1771434250.667,0.0,,,,,,,,,,,,,,,0.1636,SAFE,,10,,t372_1,0.21,NORMAL,LOCAL,SAFE: all tasks permitted (weight=0.21),
1771434250.667,0.0,46.29,4.7221,1.294,49.6,4,,,0.02492,0.3817,0.0000,0.4262,0.0000,0.2492,0.4071,0.2075,SAFE,False,10,0,,,,,,
1771434250.668,0.0,,,,,,,,,,,,,,,0.2075,SAFE,,10,,t373_0,0.84,NORMAL,LOCAL,SAFE: all tasks permitted (weight=0.84),
1771434250.668,0.0,,,,,,,,,,,,,,,0.2075,SAFE,,10,,t373_1,0.82,NORMAL,LOCAL,SAFE: all tasks permitted (weight=0.82),
1771434250.668,0.0,46.00,4.6281,1.680,77.1,7,-13988.570,-127.11343,0.03873,0.3327,0.0000,0.7398,1.0000,0.3873,0.6450,0.5038,WARNING,False,10,0,,,,,,
1771434250.668,0.0,46.37,4.6345,1.607,72.0,6,21168.722,-56.69886,0.04513,0.3958,1.0000,0.7183,1.0000,0.4513,0.5937,0.7547,CRITICAL,False,10,0,,,,,,
1771434250.668,0.0,46.34,4.6494,1.540,67.1,6,15233.519,-34.86857,0.04585,0.3901,1.0000,0.6688,1.0000,0.4585,0.5599,0.7416,CRITICAL,False,10,0,,,,,,window_reset|B=10
1771434250.668,0.0,47.12,4.6815,1.477,62.6,5,74642.038,-71.95903,0.04366,0.5195,1.0000,0.5615,1.0000,0.4366,0.5135,0.7317,CRITICAL,False,10,0,,,,,,
1771434250.668,0.0,,,,,,,,,,,,,,,0.7317,CRITICAL,,10,,t377_0,0.87,NORMAL,OFFLOAD,CRITICAL: non-critical task offloaded (priority=NORMAL),
1771434250.668,0.0,,,,,,,,,,,,,,,0.7317,CRITICAL,,10,,t377_1,0.76,LOW,OFFLOAD,CRITICAL: non-critical task offloaded (priority=LOW),
1771434250.668,0.0,46.42,4.7006,1.419,58.5,5,31388.450,-38.72123,0.04095,0.4030,1.0000,0.4980,1.0000,0.4095,0.4843,0.7009,CRITICAL,False,10,0,,,,,,
1771434250.668,0.0,47.03,4.7140,1.364,54.6,5,59124.516,-20.19435,0.04118,0.5055,1.0000,0.4533,1.0000,0.4118,0.4571,0.7022,CRITICAL,False,10,0,,,,,,
1771434250.668,0.0,,,,,,,,,,,,,,,0.7022,CRITICAL,,10,,t379_0,0.40,HIGH,OFFLOAD,CRITICAL: non-critical task offloaded (priority=HIGH),
1771434250.668,0.0,,,,,,,,,,,,,,,0.7022,CRITICAL,,10,,t379_1,0.29,LOW,OFFLOAD,CRITICAL: non-critical task offloaded (priority=LOW),
1771434250.668,0.0,46.26,4.7284,1.314,51.0,4,59862.889,-15.42848,0.04169,0.3759,1.0000,0.4052,1.0000,0.4169,0.4168,0.6728,CRITICAL,False,10,0,,,,,,
1771434250.668,0.0,,,,,,,,,,,,,,,0.6728,CRITICAL,,10,,t380_0,0.36,LOW,OFFLOAD,CRITICAL: non-critical task offloaded (priority=LOW),
1771434250.668,0.0,46.31,4.7071,1.267,47.6,4,1511.015,-15.57703,0.03908,0.3858,1.0000,0.4763,1.0000,0.3908,0.3933,0.6759,CRITICAL,False,10,0,,,,,,
1771434250.668,0.0,46.37,4.7461,1.223,44.5,4,,,0.03982,0.3949,0.0000,0.3464,0.0000,0.3982,0.3714,0.2065,WARNING,False,10,0,,,,,,
1771434250.668,0.0,,,,,,,,,,,,,,,0.2065,WARNING,,10,,t382_0,0.86,NORMAL,OFFLOAD,WARNING: heavy task offloaded (weight=0.86 >= 0.3),
1771434250.668,0.0,45.80,4.7398,1.182,41.6,3,,,0.04031,0.3001,0.0000,0.3675,0.0000,0.4031,0.3361,0.1913,WARNING,False,10,0,,,,,,
1771434250.668,0.0,,,,,,,,,,,,,,,0.1913,WARNING,,10,,t383_0,0.86,NORMAL,OFFLOAD,WARNING: heavy task offloaded (weight=0.86 >= 0.3),
1771434250.668,0.0,,,,,,,,,,,,,,,0.1913,WARNING,,10,,t383_1,0.64,NORMAL,OFFLOAD,WARNING: heavy task offloaded (weight=0.64 >= 0.3),
1771434250.668,0.0,45.77,4.7498,1.144,38.9,3,,,0.04092,0.2953,0.0000,0.3341,0.0000,0.4092,0.3172,0.1832,WARNING,False,10,0,,,,,,
1771434250.668,0.0,,,,,,,,,,,,,,,0.1832,WARNING,,10,,t384_0,0.70,HIGH,OFFLOAD,WARNING: heavy task offloaded (weight=0.70 >= 0.3),
1771434250.668,0.0,,,,,,,,,,,,,,,0.1832,WARNING,,10,,t384_1,0.21,NORMAL,LOCAL,WARNING: lightweight task permitted (weight=0.21 < 0.3),
1771434250.668,0.0,,,,,,,,,,,,,,,0.1832,WARNING,,10,,t384_2,0.65,HIGH,OFFLOAD,WARNING: heavy task offloaded (weight=0.65 >= 0.3),
1771434250.668,0.0,45.72,4.7826,1.163,40.2,3,,,0.04665,0.2875,0.0000,0.2245,0.0000,0.4665,0.3264,0.1756,SAFE,False,10,0,,,,,,
1771434250.669,0.0,,,,,,,,,,,,,,,0.1756,SAFE,,10,,t385_0,0.59,NORMAL,LOCAL,SAFE: all tasks permitted (weight=0.59),
1771434250.669,0.0,,,,,,,,,,,,,,,0.1756,SAFE,,10,,t385_1,0.65,NORMAL,LOCAL,SAFE: all tasks permitted (weight=0.65),
1771434250.669,0.0,,,,,,,,,,,,,,,0.1756,SAFE,,10,,t385_2,0.21,LOW,LOCAL,SAFE: all tasks permitted (weight=0.21),
1771434250.669,0.0,45.72,4.6827,1.502,64.5,6,-42042.168,-17.98008,0.04126,0.2863,0.0000,0.5578,1.0000,0.4126,0.5412,0.4564,WARNING,False,10,0,,,,,,
1771434250.669,0.0,,,,,,,,,,,,,,,0.4564,WARNING,,10,,t386_0,0.85,HIGH,OFFLOAD,WARNING: heavy task offloaded (weight=0.85 >= 0.3),
1771434250.669,0.0,,,,,,,,,,,,,,,0.4564,WARNING,,10,,t386_1,0.25,NORMAL,LOCAL,WARNING: lightweight task permitted (weight=0.25 < 0.3),
1771434250.669,0.0,45.64,4.6755,1.508,64.8,6,-83888.910,-38.53931,0.03629,0.2727,0.0000,0.5816,1.0000,0.3629,0.5438,0.4534,WARNING,False,10,0,,,,,,
1771434250.669,0.0,,,,,,,,,,,,,,,0.4534,WARNING,,10,,t387_0,0.67,NORMAL,OFFLOAD,WARNING: heavy task offloaded (weight=0.67 >= 0.3),
1771434250.669,0.0,,,,,,,,,,,,,,,0.4534,WARNING,,10,,t387_1,0.77,NORMAL,OFFLOAD,WARNING: heavy task offloaded (weight=0.77 >= 0.3),
1771434250.669,0.0,45.84,4.7024,1.447,60.5,5,-24857.612,-26.10827,0.03112,0.3069,0.0000,0.4921,1.0000,0.3112,0.4985,0.4316,WARNING,False,10,0,,,,,,
1771434250.669,0.0,,,,,,,,,,,,,,,0.4316,WARNING,,10,,t388_0,0.53,LOW,OFFLOAD,WARNING: heavy task offloaded (weight=0.53 >= 0.3),
1771434250.669,0.0,,,,,,,,,,,,,,,0.4316,WARNING,,10,,t388_1,0.23,HIGH,LOCAL,WARNING: lightweight task permitted (weight=0.23 < 0.3),
1771434250.669,0.0,46.18,4.6991,1.450,60.7,5,-8139.465,-8.03334,0.02977,0.3632,0.0000,0.5030,1.0000,0.2977,0.5001,0.4388,WARNING,False,10,0,,,,,,window_reset|B=10
1771434250.669,0.0,,,,,,,,,,,,,,,0.4388,WARNING,,10,,t389_0,0.22,LOW,LOCAL,WARNING: lightweight task permitted (weight=0.22 < 0.3),
1771434250.669,0.0,,,,,,,,,,,,,,,0.4388,WARNING,,10,,t389_1,0.18,LOW,LOCAL,WARNING: lightweight task permitted (weight=0.18 < 0.3),
1771434250.669,0.0,46.36,4.6917,1.499,64.2,6,-804.547,-54.39917,0.03033,0.3927,0.0000,0.5275,1.0000,0.3033,0.5394,0.4539,WARNING,False,10,0,,,,,,
1771434250.669,0.0,,,,,,,,,,,,,,,0.4539,WARNING,,10,,t390_0,0.58,HIGH,OFFLOAD,WARNING: heavy task offloaded (weight=0.58 >= 0.3),
1771434250.669,0.0,,,,,,,,,,,,,,,0.4539,WARNING,,10,,t390_1,0.65,NORMAL,OFFLOAD,WARNING: heavy task offloaded (weight=0.65 >= 0.3),
1771434250.669,0.0,,,,,,,,,,,,,,,0.4539,WARNING,,10,,t390_2,0.58,NORMAL,OFFLOAD,WARNING: heavy task offloaded (weight=0.58 >= 0.3),
1771434250.669,0.0,46.43,4.6796,1.439,59.9,5,37569.643,-60.21950,0.03216,0.4044,1.0000,0.5680,1.0000,0.3216,0.4944,0.7034,CRITICAL,False,10,0,,,,,,
1771434250.669,0.0,,,,,,,,,,,,,,,0.7034,CRITICAL,,10,,t391_0,0.57,NORMAL,OFFLOAD,CRITICAL: non-critical task offloaded (priority=NORMAL),
1771434250.669,0.0,46.34,4.6850,1.383,55.9,5,34261.525,-64.79801,0.03293,0.3904,1.0000,0.5499,1.0000,0.3293,0.4665,0.6946,CRITICAL,False,10,0,,,,,,
1771434250.669,0.0,46.45,4.7108,1.331,52.2,4,43715.641,-71.90787,0.03290,0.4088,1.0000,0.4640,1.0000,0.3290,0.4256,0.6774,CRITICAL,False,10,0,,,,,,
1771434250.669,0.0,,,,,,,,,,,,,,,0.6774,CRITICAL,,10,,t393_0,0.90,LOW,OFFLOAD,CRITICAL: non-critical task offloaded (priority=LOW),
1771434250.669,0.0,,,,,,,,,,,,,,,0.6774,CRITICAL,,10,,t393_1,0.31,HIGH,OFFLOAD,CRITICAL: non-critical task offloaded (priority=HIGH),
1771434250.669,0.0,46.40,4.7297,1.283,48.8,4,,,0.03178,0.3996,0.0000,0.4009,0.0000,0.3178,0.4014,0.2121,WARNING,False,10,0,,,,,,
1771434250.669,0.0,,,,,,,,,,,,,,,0.2121,WARNING,,10,,t394_0,0.40,LOW,OFFLOAD,WARNING: heavy task offloaded (weight=0.40 >= 0.3),
1771434250.669,0.0,46.49,4.7253,1.238,45.6,4,,,0.03092,0.4148,0.0000,0.4156,0.0000,0.3092,0.3790,0.2105,WARNING,False,10,0,,,,,,
1771434250.669,0.0,,,,,,,,,,,,,,,0.2105,WARNING,,10,,t395_0,0.72,LOW,OFFLOAD,WARNING: heavy task offloaded (weight=0.72 >= 0.3),
1771434250.669,0.0,,,,,,,,,,,,,,,0.2105,WARNING,,10,,t395_1,0.53,HIGH,OFFLOAD,WARNING: heavy task offloaded (weight=0.53 >= 0.3),
1771434250.669,0.0,,,,,,,,,,,,,,,0.2105,WARNING,,10,,t395_2,0.85,CRITICAL,OFFLOAD,WARNING: heavy task offloaded (weight=0.85 >= 0.3),
1771434250.669,0.0,46.02,4.7358,1.196,42.6,3,,,0.02962,0.3363,0.0000,0.3806,0.0000,0.2962,0.3432,0.1881,WARNING,False,10,0,,,,,,
1771434250.669,0.0,,,,,,,,,,,,,,,0.1881,WARNING,,10,,t396_0,0.27,HIGH,LOCAL,WARNING: lightweight task permitted (weight=0.27 < 0.3),
1771434250.669,0.0,,,,,,,,,,,,,,,0.1881,WARNING,,10,,t396_1,0.58,HIGH,OFFLOAD,WARNING: heavy task offloaded (weight=0.58 >= 0.3),
1771434250.669,0.0,,,,,,,,,,,,,,,0.1881,WARNING,,10,,t396_2,0.58,NORMAL,OFFLOAD,WARNING: heavy task offloaded (weight=0.58 >= 0.3),
1771434250.669,0.0,46.26,4.7444,1.229,44.9,4,,,0.02271,0.3759,0.0000,0.3522,0.0000,0.2271,0.3745,0.1885,WARNING,False,10,0,,,,,,
1771434250.669,0.0,,,,,,,,,,,,,,,0.1885,WARNING,,10,,t397_0,0.41,LOW,OFFLOAD,WARNING: heavy task offloaded (weight=0.41 >= 0.3),
1771434250.669,0.0,45.44,4.7344,1.188,42.0,3,,,0.02293,0.2397,0.0000,0.3853,0.0000,0.2293,0.3390,0.1696,SAFE,False,10,0,,,,,,
1771434250.669,0.0,,,,,,,,,,,,,,,0.1696,SAFE,,10,,t398_0,0.31,LOW,LOCAL,SAFE: all tasks permitted (weight=0.31),
1771434250.669,0.0,,,,,,,,,,,,,,,0.1696,SAFE,,10,,t398_1,0.80,LOW,LOCAL,SAFE: all tasks permitted (weight=0.80),
1771434250.669,0.0,46.43,4.7090,1.437,59.8,5,,,0.02054,0.4053,0.0000,0.4702,0.0000,0.2054,0.4937,0.2290,SAFE,False,10,0,,,,,,
1771434250.669,0.0,,,,,,,,,,,,,,,0.2290,SAFE,,10,,t399_0,0.32,NORMAL,LOCAL,SAFE: all tasks permitted (weight=0.32),
1771434250.669,0.0,,,,,,,,,,,,,,,0.2290,SAFE,,10,,t399_1,0.78,NORMAL,LOCAL,SAFE: all tasks permitted (weight=0.78),
1771434250.669,0.0,,,,,,,,,,,,,,,0.2290,SAFE,,10,,t399_2,0.31,LOW,LOCAL,SAFE: all tasks permitted (weight=0.31),
1771434250.669,0.0,45.98,4.6010,1.749,82.1,7,,,0.03707,0.3295,0.0000,0.8300,0.0000,0.3707,0.6797,0.3204,WARNING,False,10,0,,,,,,
1771434250.669,0.0,,,,,,,,,,,,,,,0.3204,WARNING,,10,,t400_0,0.78,HIGH,OFFLOAD,WARNING: heavy task offloaded (weight=0.78 >= 0.3),
1771434250.669,0.0,,,,,,,,,,,,,,,0.3204,WARNING,,10,,t400_1,0.25,HIGH,LOCAL,WARNING: lightweight task permitted (weight=0.25 < 0.3),
1771434250.669,0.0,46.51,4.6329,1.737,81.2,7,,,0.04196,0.4182,0.0000,0.7235,0.0000,0.4196,0.6735,0.3209,WARNING,False,10,0,,,,,,
1771434250.670,0.0,,,,,,,,,,,,,,,0.3209,WARNING,,10,,t401_0,0.30,CRITICAL,LOCAL,WARNING: lightweight task permitted (weight=0.30 < 0.3),
1771434250.670,0.0,47.10,4.6372,1.738,81.3,7,42074.175,-92.68369,0.04525,0.5163,1.0000,0.7094,1.0000,0.4525,0.6742,0.7843,CRITICAL,False,10,0,,,,,,window_reset|B=10
1771434250.670,0.0,,,,,,,,,,,,,,,0.7843,CRITICAL,,10,,t402_0,0.67,CRITICAL,LOCAL,CRITICAL: mission-critical task permitted locally (priority=CRITICAL),
1771434250.670,0.0,,,,,,,,,,,,,,,0.7843,CRITICAL,,10,,t402_1,0.33,HIGH,OFFLOAD,CRITICAL: non-critical task offloaded (priority=HIGH),
1771434250.670,0.0,46.65,4.5887,1.837,88.3,8,9893.065,-136.80876,0.05379,0.4423,1.0000,0.8710,1.0000,0.5379,0.7384,0.8178,CRITICAL,False,10,0,,,,,,
1771434250.670,0.0,,,,,,,,,,,,,,,0.8178,CRITICAL,,10,,t403_0,0.63,HIGH,OFFLOAD,CRITICAL: non-critical task offloaded (priority=HIGH),
1771434250.670,0.0,47.52,4.5733,1.753,82.4,7,90404.111,-162.80820,0.06220,0.5870,1.0000,0.9225,1.0000,0.6220,0.6816,0.8389,CRITICAL,False,10,0,,,,,,
1771434250.670,0.0,,,,,,,,,,,,,,,0.8389,CRITICAL,,10,,t404_0,0.24,NORMAL,OFFLOAD,CRITICAL: non-critical task offloaded (priority=NORMAL),
1771434250.670,0.0,,,,,,,,,,,,,,,0.8389,CRITICAL,,10,,t404_1,0.18,NORMAL,OFFLOAD,CRITICAL: non-critical task offloaded (priority=NORMAL),
1771434250.670,0.0,,,,,,,,,,,,,,,0.8389,CRITICAL,,10,,t404_2,0.47,LOW,OFFLOAD,CRITICAL: non-critical task offloaded (priority=LOW),
1771434250.670,0.0,47.83,4.6413,1.675,76.8,7,94813.024,-103.23038,0.06201,0.6388,1.0000,0.6958,1.0000,0.6201,0.6427,0.8077,CRITICAL,False,10,0,,,,,,
1771434250.670,0.0,,,,,,,,,,,,,,,0.8077,CRITICAL,,10,,t405_0,0.22,LOW,OFFLOAD,CRITICAL: non-critical task offloaded (priority=LOW),
1771434250.670,0.0,,,,,,,,,,,,,,,0.8077,CRITICAL,,10,,t405_1,0.22,NORMAL,OFFLOAD,CRITICAL: non-critical task offloaded (priority=NORMAL),
1771434250.670,0.0,,,,,,,,,,,,,,,0.8077,CRITICAL,,10,,t405_2,0.47,LOW,OFFLOAD,CRITICAL: non-critical task offloaded (priority=LOW),
1771434250.670,0.0,,,,,,,,,,,,,,,0.8077,CRITICAL,,10,,t405_3,0.47,NORMAL,OFFLOAD,CRITICAL: non-critical task offloaded (priority=NORMAL),
1771434250.670,0.0,,,,,,,,,,,,,,,0.8077,CRITICAL,,10,,t405_4,0.72,NORMAL,OFFLOAD,CRITICAL: non-critical task offloaded (priority=NORMAL),
1771434250.670,0.0,,,,,,,,,,,,,,,0.8077,CRITICAL,,10,,t405_5,0.90,LOW,OFFLOAD,CRITICAL: non-critical task offloaded (priority=LOW),
1771434250.670,0.0,47.56,4.6297,1.603,71.6,6,127486.931,-104.83885,0.06026,0.5933,1.0000,0.7342,1.0000,0.6026,0.5915,0.7952,CRITICAL,False,10,0,,,,,,
1771434250.670,0.0,,,,,,,,,,,,,,,0.7952,CRITICAL,,10,,t406_0,0.65,LOW,OFFLOAD,CRITICAL: non-critical task offloaded (priority=LOW),
1771434250.670,0.0,,,,,,,,,,,,,,,0.7952,CRITICAL,,10,,t406_1,0.29,LOW,OFFLOAD,CRITICAL: non-critical task offloaded (priority=LOW),
1771434250.670,0.0,48.28,4.6937,1.536,66.8,6,110894.535,-15.22650,0.05812,0.7129,1.0000,0.5208,1.0000,0.5812,0.5579,0.7730,CRITICAL,False,10,0,,,,,,
1771434250.670,0.0,,,,,,,,,,,,,,,0.7730,CRITICAL,,10,,t407_0,0.47,NORMAL,OFFLOAD,CRITICAL: non-critical task offloaded (priority=NORMAL),
1771434250.670,0.0,48.09,4.6521,1.473,62.4,5,126938.172,51.19524,0.05346,0.6816,1.0000,0.6596,0.0000,0.5346,0.5116,0.5733,CRITICAL,False,10,0,,,,,,
1771434250.670,0.0,,,,,,,,,,,,,,,0.5733,CRITICAL,,10,,t408_0,0.30,HIGH,OFFLOAD,CRITICAL: non-critical task offloaded (priority=HIGH),
1771434250.670,0.0,,,,,,,,,,,,,,,0.5733,CRITICAL,,10,,t408_1,0.32,LOW,OFFLOAD,CRITICAL: non-critical task offloaded (priority=LOW),
1771434250.670,0.0,,,,,,,,,,,,,,,0.5733,CRITICAL,,10,,t408_2,0.47,CRITICAL,LOCAL,CRITICAL: mission-critical task permitted locally (priority=CRITICAL),
1771434250.670,0.0,48.50,4.6544,1.538,67.0,6,119638.821,21.48415,0.04592,0.7500,1.0000,0.6520,0.0000,0.4592,0.5590,0.5825,CRITICAL,False,10,0,,,,,,
1771434250.670,0.0,,,,,,,,,,,,,,,0.5825,CRITICAL,,10,,t409_0,0.82,NORMAL,OFFLOAD,CRITICAL: non-critical task offloaded (priority=NORMAL),
1771434250.670,0.0,,,,,,,,,,,,,,,0.5825,CRITICAL,,10,,t409_1,0.84,HIGH,OFFLOAD,CRITICAL: non-critical task offloaded (priority=HIGH),
1771434250.670,0.0,47.76,4.6558,1.475,62.5,5,,,0.03765,0.6259,0.0000,0.6473,0.0000,0.3765,0.5126,0.2994,WARNING,False,10,0,,,,,,
1771434250.670,0.0,,,,,,,,,,,,,,,0.2994,WARNING,,10,,t410_0,0.67,CRITICAL,OFFLOAD,WARNING: heavy task offloaded (weight=0.67 >= 0.3),
1771434250.670,0.0,,,,,,,,,,,,,,,0.2994,WARNING,,10,,t410_1,0.33,HIGH,OFFLOAD,WARNING: heavy task offloaded (weight=0.33 >= 0.3),
1771434250.670,0.0,48.22,4.7002,1.417,58.4,5,,,0.03635,0.7032,0.0000,0.4992,0.0000,0.3635,0.4835,0.2823,WARNING,False,10,0,,,,,,
1771434250.670,0.0,,,,,,,,,,,,,,,0.2823,WARNING,,10,,t411_0,0.29,LOW,LOCAL,WARNING: lightweight task permitted (weight=0.29 < 0.3),
1771434250.670,0.0,,,,,,,,,,,,,,,0.2823,WARNING,,10,,t411_1,0.72,LOW,OFFLOAD,WARNING: heavy task offloaded (weight=0.72 >= 0.3),
1771434250.670,0.0,,,,,,,,,,,,,,,0.2823,WARNING,,10,,t411_2,0.57,NORMAL,OFFLOAD,WARNING: heavy task offloaded (weight=0.57 >= 0.3),
1771434250.670,0.0,48.07,4.7037,1.438,59.9,5,,,0.03857,0.6779,0.0000,0.4877,0.0000,0.3857,0.4941,0.2821,WARNING,False,10,0,,,,,,
1771434250.670,0.0,,,,,,,,,,,,,,,0.2821,WARNING,,10,,t412_0,0.22,LOW,LOCAL,WARNING: lightweight task permitted (weight=0.22 < 0.3),
1771434250.670,0.0,47.88,4.6893,1.441,60.1,5,,,0.03999,0.6471,0.0000,0.5356,0.0000,0.3999,0.4955,0.2864,WARNING,False,10,0,,,,,,
1771434250.670,0.0,,,,,,,,,,,,,,,0.2864,WARNING,,10,,t413_0,0.42,LOW,OFFLOAD,WARNING: heavy task offloaded (weight=0.42 >= 0.3),
1771434250.670,0.0,,,,,,,,,,,,,,,0.2864,WARNING,,10,,t413_1,0.19,LOW,LOCAL,WARNING: lightweight task permitted (weight=0.19 < 0.3),
1771434250.670,0.0,48.66,4.7025,1.435,59.7,5,,,0.04204,0.7770,0.0000,0.4917,0.0000,0.4204,0.4927,0.2977,WARNING,False,10,0,,,,,,
1771434250.670,0.0,,,,,,,,,,,,,,,0.2977,WARNING,,10,,t414_0,0.76,NORMAL,OFFLOAD,WARNING: heavy task offloaded (weight=0.76 >= 0.3),
1771434250.670,0.0,48.46,4.6804,1.380,55.7,5,,,0.03695,0.7437,0.0000,0.5654,0.0000,0.3695,0.4649,0.2927,WARNING,False,10,0,,,,,,window_reset|B=10
1771434250.670,0.0,,,,,,,,,,,,,,,0.2927,WARNING,,10,,t415_0,0.50,NORMAL,OFFLOAD,WARNING: heavy task offloaded (weight=0.50 >= 0.3),
1771434250.670,0.0,,,,,,,,,,,,,,,0.2927,WARNING,,10,,t415_1,0.29,NORMAL,LOCAL,WARNING: lightweight task permitted (weight=0.29 < 0.3),
1771434250.670,0.0,47.71,4.6978,1.404,57.4,5,,,0.02554,0.6177,0.0000,0.5073,0.0000,0.2554,0.4770,0.2610,WARNING,False,10,0,,,,,,
1771434250.671,0.0,,,,,,,,,,,,,,,0.2610,WARNING,,10,,t416_0,0.34,NORMAL,OFFLOAD,WARNING: heavy task offloaded (weight=0.34 >= 0.3),
1771434250.671,0.0,,,,,,,,,,,,,,,0.2610,WARNING,,10,,t416_1,0.38,NORMAL,OFFLOAD,WARNING: heavy task offloaded (weight=0.38 >= 0.3),
1771434250.671,0.0,48.13,4.6786,1.351,53.6,5,-22308.394,24.23680,0.02341,0.6880,0.0000,0.5712,0.0000,0.2341,0.4503,0.2703,WARNING,False,10,0,,,,,,
1771434250.671,0.0,,,,,,,,,,,,,,,0.2703,WARNING,,10,,t417_0,0.31,HIGH,OFFLOAD,WARNING: heavy task offloaded (weight=0.31 >= 0.3),
1771434250.671,0.0,,,,,,,,,,,,,,,0.2703,WARNING,,10,,t417_1,0.16,NORMAL,LOCAL,WARNING: lightweight task permitted (weight=0.16 < 0.3),
1771434250.671,0.0,,,,,,,,,,,,,,,0.2703,WARNING,,10,,t417_2,0.90,HIGH,OFFLOAD,WARNING: heavy task offloaded (weight=0.90 >= 0.3),
1771434250.671,0.0,48.04,4.6920,1.342,53.0,4,17066.015,36.22427,0.01848,0.6733,1.0000,0.5265,0.0000,0.1848,0.4309,0.5039,WARNING,False,10,0,,,,,,
1771434250.671,0.0,,,,,,,,,,,,,,,0.5039,WARNING,,10,,t418_0,0.47,LOW,OFFLOAD,WARNING: heavy task offloaded (weight=0.47 >= 0.3),
1771434250.671,0.0,47.59,4.7275,1.293,49.5,4,-37803.325,27.27535,0.02207,0.5981,0.0000,0.4083,0.0000,0.2207,0.4064,0.2282,WARNING,False,10,0,,,,,,
1771434250.671,0.0,,,,,,,,,,,,,,,0.2282,WARNING,,10,,t419_0,0.31,LOW,OFFLOAD,WARNING: heavy task offloaded (weight=0.31 >= 0.3),
1771434250.671,0.0,,,,,,,,,,,,,,,0.2282,WARNING,,10,,t419_1,0.66,HIGH,OFFLOAD,WARNING: heavy task offloaded (weight=0.66 >= 0.3),
1771434250.671,0.0,,,,,,,,,,,,,,,0.2282,WARNING,,10,,t419_2,0.30,NORMAL,OFFLOAD,WARNING: heavy task offloaded (weight=0.30 >= 0.3),
1771434250.671,0.0,,,,,,,,,,,,,,,0.2282,WARNING,,10,,t419_3,0.22,HIGH,LOCAL,WARNING: lightweight task permitted (weight=0.22 < 0.3),
1771434250.671,0.0,,,,,,,,,,,,,,,0.2282,WARNING,,10,,t419_4,0.44,CRITICAL,OFFLOAD,WARNING: heavy task offloaded (weight=0.44 >= 0.3),
1771434250.671,0.0,48.16,4.7442,1.305,50.4,4,5783.507,40.53207,0.02474,0.6940,1.0000,0.3525,0.0000,0.2474,0.4125,0.4863,WARNING,False,10,0,,,,,,
1771434250.671,0.0,,,,,,,,,,,,,,,0.4863,WARNING,,10,,t420_0,0.84,NORMAL,OFFLOAD,WARNING: heavy task offloaded (weight=0.84 >= 0.3),
1771434250.671,0.0,,,,,,,,,,,,,,,0.4863,WARNING,,10,,t420_1,0.80,CRITICAL,OFFLOAD,WARNING: heavy task offloaded (weight=0.80 >= 0.3),
1771434250.671,0.0,,,,,,,,,,,,,,,0.4863,WARNING,,10,,t420_2,0.70,HIGH,OFFLOAD,WARNING: heavy task offloaded (weight=0.70 >= 0.3),
1771434250.671,0.0,,,,,,,,,,,,,,,0.4863,WARNING,,10,,t420_3,0.90,CRITICAL,OFFLOAD,WARNING: heavy task offloaded (weight=0.90 >= 0.3),
1771434250.671,0.0,47.43,4.7179,1.259,47.0,4,-27022.837,28.55572,0.02240,0.5720,0.0000,0.4404,0.0000,0.2240,0.3893,0.2262,WARNING,False,10,0,,,,,,
1771434250.671,0.0,,,,,,,,,,,,,,,0.2262,WARNING,,10,,t421_0,0.36,CRITICAL,OFFLOAD,WARNING: heavy task offloaded (weight=0.36 >= 0.3),
1771434250.671,0.0,,,,,,,,,,,,,,,0.2262,WARNING,,10,,t421_1,0.82,LOW,OFFLOAD,WARNING: heavy task offloaded (weight=0.82 >= 0.3),
1771434250.671,0.0,47.34,4.7614,1.215,44.0,4,-79120.009,58.93539,0.02431,0.5571,0.0000,0.2952,0.0000,0.2431,0.3677,0.2031,WARNING,False,10,0,,,,,,
1771434250.671,0.0,,,,,,,,,,,,,,,0.2031,WARNING,,10,,t422_0,0.38,HIGH,OFFLOAD,WARNING: heavy task offloaded (weight=0.38 >= 0.3),
1771434250.671,0.0,,,,,,,,,,,,,,,0.2031,WARNING,,10,,t422_1,0.70,LOW,OFFLOAD,WARNING: heavy task offloaded (weight=0.70 >= 0.3),
1771434250.671,0.0,46.96,4.7551,1.175,41.1,3,-89927.532,74.64021,0.02738,0.4938,0.0000,0.3165,0.0000,0.2738,0.3327,0.1943,WARNING,False,10,0,,,,,,
1771434250.671,0.0,,,,,,,,,,,,,,,0.1943,WARNING,,10,,t423_0,0.17,NORMAL,LOCAL,WARNING: lightweight task permitted (weight=0.17 < 0.3),
1771434250.671,0.0,,,,,,,,,,,,,,,0.1943,WARNING,,10,,t423_1,0.75,NORMAL,OFFLOAD,WARNING: heavy task offloaded (weight=0.75 >= 0.3),
1771434250.672,0.0,,,,,,,,,,,,,,,0.1943,WARNING,,10,,t423_2,0.77,CRITICAL,OFFLOAD,WARNING: heavy task offloaded (weight=0.77 >= 0.3),
1771434250.672,0.0,46.89,4.7689,1.182,41.6,3,-24540.808,35.50252,0.03127,0.4814,0.0000,0.2705,0.0000,0.3127,0.3362,0.1914,WARNING,False,10,0,,,,,,
1771434250.672,0.0,,,,,,,,,,,,,,,0.1914,WARNING,,10,,t424_0,0.43,LOW,OFFLOAD,WARNING: heavy task offloaded (weight=0.43 >= 0.3),
1771434250.672,0.0,,,,,,,,,,,,,,,0.1914,WARNING,,10,,t424_1,0.49,HIGH,OFFLOAD,WARNING: heavy task offloaded (weight=0.49 >= 0.3),
1771434250.672,0.0,46.31,4.7497,1.145,38.9,3,-109188.046,71.07343,0.03112,0.3846,0.0000,0.3342,0.0000,0.3112,0.3173,0.1842,WARNING,False,10,0,,,,,,
1771434250.672,0.0,,,,,,,,,,,,,,,0.1842,WARNING,,10,,t425_0,0.26,NORMAL,LOCAL,WARNING: lightweight task permitted (weight=0.26 < 0.3),
1771434250.672,0.0,46.69,4.7580,1.178,41.3,3,-81073.008,65.97964,0.03184,0.4480,0.0000,0.3065,0.0000,0.3184,0.3338,0.1922,WARNING,False,10,0,,,,,,
1771434250.672,0.0,,,,,,,,,,,,,,,0.1922,WARNING,,10,,t426_0,0.20,HIGH,LOCAL,WARNING: lightweight task permitted (weight=0.20 < 0.3),
1771434250.672,0.0,,,,,,,,,,,,,,,0.1922,WARNING,,10,,t426_1,0.34,HIGH,OFFLOAD,WARNING: heavy task offloaded (weight=0.34 >= 0.3),
1771434250.672,0.0,46.31,4.7748,1.192,42.3,3,-76810.308,47.22533,0.03084,0.3847,0.0000,0.2508,0.0000,0.3084,0.3411,0.1778,SAFE,False,10,0,,,,,,
1771434250.672,0.0,,,,,,,,,,,,,,,0.1778,SAFE,,10,,t427_0,0.72,NORMAL,LOCAL,SAFE: all tasks permitted (weight=0.72),
1771434250.672,0.0,,,,,,,,,,,,,,,0.1778,SAFE,,10,,t427_1,0.34,NORMAL,LOCAL,SAFE: all tasks permitted (weight=0.34),
1771434250.672,0.0,,,,,,,,,,,,,,,0.1778,SAFE,,10,,t427_2,0.16,LOW,LOCAL,SAFE: all tasks permitted (weight=0.16),
1771434250.672,0.0,,,,,,,,,,,,,,,0.1778,SAFE,,10,,t427_3,0.72,HIGH,LOCAL,SAFE: all tasks permitted (weight=0.72),
1771434250.672,0.0,,,,,,,,,,,,,,,0.1778,SAFE,,10,,t427_4,0.68,NORMAL,LOCAL,SAFE: all tasks permitted (weight=0.68),
1771434250.672,0.0,,,,,,,,,,,,,,,0.1778,SAFE,,10,,t427_5,0.35,NORMAL,LOCAL,SAFE: all tasks permitted (weight=0.35),
1771434250.672,0.0,47.40,4.5467,1.926,94.7,9,-45938.010,-197.50867,0.06038,0.5663,0.0000,1.0000,1.0000,0.6038,0.7980,0.6179,WARNING,False,10,0,,,,,,window_reset|B=10|FAILURE:BROWNOUT(V=4.547V)
1771434250.672,0.0,,,,,,,,,,,,,,,0.6179,WARNING,,10,,t428_0,0.40,NORMAL,OFFLOAD,WARNING: heavy task offloaded (weight=0.40 >= 0.3),
1771434250.672,0.0,,,,,,,,,,,,,,,0.6179,WARNING,,10,,t428_1,0.73,NORMAL,OFFLOAD,WARNING: heavy task offloaded (weight=0.73 >= 0.3),
1771434250.672,0.0,47.13,4.5842,1.836,88.3,8,-18059.310,-133.61130,0.07088,0.5218,0.0000,0.8859,1.0000,0.7088,0.7380,0.5963,CRITICAL,False,10,0,,,,,,
1771434250.672,0.0,,,,,,,,,,,,,,,0.5963,CRITICAL,,10,,t429_0,0.88,NORMAL,OFFLOAD,CRITICAL: non-critical task offloaded (priority=NORMAL),
1771434250.672,0.0,,,,,,,,,,,,,,,0.5963,CRITICAL,,10,,t429_1,0.63,NORMAL,OFFLOAD,CRITICAL: non-critical task offloaded (priority=NORMAL),
1771434250.672,0.0,,,,,,,,,,,,,,,0.5963,CRITICAL,,10,,t429_2,0.52,HIGH,OFFLOAD,CRITICAL: non-critical task offloaded (priority=HIGH),
1771434250.672,0.0,48.03,4.6049,1.752,82.3,7,41010.201,-156.49068,0.07706,0.6710,1.0000,0.8170,1.0000,0.7706,0.6812,0.8500,CRITICAL,False,10,0,,,,,,
1771434250.672,0.0,,,,,,,,,,,,,,,0.8500,CRITICAL,,10,,t430_0,0.65,LOW,OFFLOAD,CRITICAL: non-critical task offloaded (priority=LOW),
1771434250.672,0.0,,,,,,,,,,,,,,,0.8500,CRITICAL,,10,,t430_1,0.75,NORMAL,OFFLOAD,CRITICAL: non-critical task offloaded (priority=NORMAL),
1771434250.672,0.0,,,,,,,,,,,,,,,0.8500,CRITICAL,,10,,t430_2,0.76,NORMAL,OFFLOAD,CRITICAL: non-critical task offloaded (priority=NORMAL),
1771434250.672,0.0,47.20,4.6044,1.675,76.8,7,14489.831,-150.56780,0.08179,0.5341,1.0000,0.8186,1.0000,0.8179,0.6424,0.8308,CRITICAL,False,10,0,,,,,,
1771434250.672,0.0,,,,,,,,,,,,,,,0.8308,CRITICAL,,10,,t431_0,0.90,CRITICAL,LOCAL,CRITICAL: mission-critical task permitted locally (priority=CRITICAL),
1771434250.672,0.0,,,,,,,,,,,,,,,0.8308,CRITICAL,,10,,t431_1,0.32,NORMAL,OFFLOAD,CRITICAL: non-critical task offloaded (priority=NORMAL),
1771434250.672,0.0,47.76,4.6180,1.837,88.3,8,,,0.08322,0.6264,0.0000,0.7734,0.0000,0.8322,0.7384,0.4066,WARNING,False,10,0,,,,,,
1771434250.672,0.0,,,,,,,,,,,,,,,0.4066,WARNING,,10,,t432_0,0.68,LOW,OFFLOAD,WARNING: heavy task offloaded (weight=0.68 >= 0.3),
1771434250.672,0.0,,,,,,,,,,,,,,,0.4066,WARNING,,10,,t432_1,0.36,HIGH,OFFLOAD,WARNING: heavy task offloaded (weight=0.36 >= 0.3),
1771434250.672,0.0,,,,,,,,,,,,,,,0.4066,WARNING,,10,,t432_2,0.89,HIGH,OFFLOAD,WARNING: heavy task offloaded (weight=0.89 >= 0.3),
1771434250.672,0.0,48.13,4.5776,1.753,82.4,7,,,0.08778,0.6883,0.0000,0.9080,0.0000,0.8778,0.6816,0.4247,WARNING,False,10,0,,,,,,
1771434250.672,0.0,,,,,,,,,,,,,,,0.4247,WARNING,,10,,t433_0,0.59,NORMAL,OFFLOAD,WARNING: heavy task offloaded (weight=0.59 >= 0.3),
1771434250.672,0.0,,,,,,,,,,,,,,,0.4247,WARNING,,10,,t433_1,0.42,NORMAL,OFFLOAD,WARNING: heavy task offloaded (weight=0.42 >= 0.3),
1771434250.672,0.0,,,,,,,,,,,,,,,0.4247,WARNING,,10,,t433_2,0.56,HIGH,OFFLOAD,WARNING: heavy task offloaded (weight=0.56 >= 0.3),
1771434250.672,0.0,,,,,,,,,,,,,,,0.4247,WARNING,,10,,t433_3,0.26,LOW,LOCAL,WARNING: lightweight task permitted (weight=0.26 < 0.3),
1771434250.672,0.0,,,,,,,,,,,,,,,0.4247,WARNING,,10,,t433_4,0.17,LOW,LOCAL,WARNING: lightweight task permitted (weight=0.17 < 0.3),
1771434250.672,0.0,,,,,,,,,,,,,,,0.4247,WARNING,,10,,t433_5,0.62,NORMAL,OFFLOAD,WARNING: heavy task offloaded (weight=0.62 >= 0.3),
1771434250.672,0.0,48.54,4.5785,1.789,84.9,8,,,0.08739,0.7565,0.0000,0.9051,0.0000,0.8739,0.7145,0.4387,WARNING,False,10,0,,,,,,
1771434250.672,0.0,,,,,,,,,,,,,,,0.4387,WARNING,,10,,t434_0,0.61,NORMAL,OFFLOAD,WARNING: heavy task offloaded (weight=0.61 >= 0.3),
1771434250.672,0.0,,,,,,,,,,,,,,,0.4387,WARNING,,10,,t434_1,0.39,HIGH,OFFLOAD,WARNING: heavy task offloaded (weight=0.39 >= 0.3),
1771434250.672,0.0,,,,,,,,,,,,,,,0.4387,WARNING,,10,,t434_2,0.44,NORMAL,OFFLOAD,WARNING: heavy task offloaded (weight=0.44 >= 0.3),
1771434250.672,0.0,,,,,,,,,,,,,,,0.4387,WARNING,,10,,t434_3,0.51,NORMAL,OFFLOAD,WARNING: heavy task offloaded (weight=0.51 >= 0.3),
1771434250.672,0.0,48.64,4.6309,1.709,79.2,7,,,0.08276,0.7725,0.0000,0.7303,0.0000,0.8276,0.6594,0.4023,WARNING,False,10,0,,,,,,
1771434250.673,0.0,,,,,,,,,,,,,,,0.4023,WARNING,,10,,t435_0,0.87,HIGH,OFFLOAD,WARNING: heavy task offloaded (weight=0.87 >= 0.3),
1771434250.673,0.0,,,,,,,,,,,,,,,0.4023,WARNING,,10,,t435_1,0.82,CRITICAL,OFFLOAD,WARNING: heavy task offloaded (weight=0.82 >= 0.3),
1771434250.673,0.0,,,,,,,,,,,,,,,0.4023,WARNING,,10,,t435_2,0.33,NORMAL,OFFLOAD,WARNING: heavy task offloaded (weight=0.33 >= 0.3),
1771434250.673,0.0,,,,,,,,,,,,,,,0.4023,WARNING,,10,,t435_3,0.29,LOW,LOCAL,WARNING: lightweight task permitted (weight=0.29 < 0.3),
1771434250.673,0.0,,,,,,,,,,,,,,,0.4023,WARNING,,10,,t435_4,0.36,NORMAL,OFFLOAD,WARNING: heavy task offloaded (weight=0.36 >= 0.3),
1771434250.673,0.0,49.17,4.6353,1.711,79.3,7,106477.285,88.65294,0.07456,0.8620,1.0000,0.7157,0.0000,0.7456,0.6603,0.6531,CRITICAL,False,10,0,,,,,,
1771434250.673,0.0,,,,,,,,,,,,,,,0.6531,CRITICAL,,10,,t436_0,0.55,NORMAL,OFFLOAD,CRITICAL: non-critical task offloaded (priority=NORMAL),
1771434250.673,0.0,48.99,4.6421,1.636,74.0,7,111820.937,57.94734,0.06671,0.8323,1.0000,0.6928,0.0000,0.6671,0.6229,0.6312,CRITICAL,False,10,0,,,,,,
1771434250.673,0.0,,,,,,,,,,,,,,,0.6312,CRITICAL,,10,,t437_0,0.47,CRITICAL,LOCAL,CRITICAL: mission-critical task permitted locally (priority=CRITICAL),
1771434250.673,0.0,,,,,,,,,,,,,,,0.6312,CRITICAL,,10,,t437_1,0.71,NORMAL,OFFLOAD,CRITICAL: non-critical task offloaded (priority=NORMAL),
1771434250.673,0.0,49.88,4.6462,1.688,77.7,7,111524.570,41.36230,0.05488,0.9807,1.0000,0.6792,0.0000,0.5488,0.6491,0.6407,CRITICAL,False,10,0,,,,,,
1771434250.673,0.0,,,,,,,,,,,,,,,0.6407,CRITICAL,,10,,t438_0,0.71,LOW,OFFLOAD,CRITICAL: non-critical task offloaded (priority=LOW),
1771434250.673,0.0,,,,,,,,,,,,,,,0.6407,CRITICAL,,10,,t438_1,0.37,HIGH,OFFLOAD,CRITICAL: non-critical task offloaded (priority=HIGH),
1771434250.673,0.0,49.54,4.6100,1.615,72.5,6,140289.988,5.60281,0.02905,0.9237,1.0000,0.7999,0.0000,0.2905,0.5975,0.6134,CRITICAL,False,10,0,,,,,,
1771434250.673,0.0,,,,,,,,,,,,,,,0.6134,CRITICAL,,10,,t439_0,0.73,LOW,OFFLOAD,CRITICAL: non-critical task offloaded (priority=LOW),
1771434250.673,0.0,,,,,,,,,,,,,,,0.6134,CRITICAL,,10,,t439_1,0.84,NORMAL,OFFLOAD,CRITICAL: non-critical task offloaded (priority=NORMAL),
1771434250.673,0.0,,,,,,,,,,,,,,,0.6134,CRITICAL,,10,,t439_2,0.90,LOW,OFFLOAD,CRITICAL: non-critical task offloaded (priority=LOW),
1771434250.673,0.0,49.76,4.6662,1.547,67.6,6,120413.947,48.26380,0.02724,0.9608,1.0000,0.6125,0.0000,0.2724,0.5634,0.5849,CRITICAL,False,10,0,,,,,,
1771434250.673,0.0,,,,,,,,,,,,,,,0.5849,CRITICAL,,10,,t440_0,0.24,LOW,OFFLOAD,CRITICAL: non-critical task offloaded (priority=LOW),
1771434250.673,0.0,,,,,,,,,,,,,,,0.5849,CRITICAL,,10,,t440_1,0.33,HIGH,OFFLOAD,CRITICAL: non-critical task offloaded (priority=HIGH),
1771434250.673,0.0,,,,,,,,,,,,,,,0.5849,CRITICAL,,10,,t440_2,0.45,LOW,OFFLOAD,CRITICAL: non-critical task offloaded (priority=LOW),
1771434250.673,0.0,49.68,4.6916,1.484,63.1,6,92808.125,113.99966,0.03231,0.9460,1.0000,0.5282,0.0000,0.3231,0.5318,0.5708,CRITICAL,False,10,0,,,,,,window_reset|B=10
1771434250.673,0.0,,,,,,,,,,,,,,,0.5708,CRITICAL,,10,,t441_0,0.71,HIGH,OFFLOAD,CRITICAL: non-critical task offloaded (priority=HIGH),
1771434250.673,0.0,49.66,4.6682,1.425,58.9,5,67110.128,89.73498,0.03365,0.9429,1.0000,0.6061,0.0000,0.3365,0.4873,0.5731,CRITICAL,False,10,0,,,,,,
1771434250.673,0.0,,,,,,,,,,,,,,,0.5731,CRITICAL,,10,,t442_0,0.40,LOW,OFFLOAD,CRITICAL: non-critical task offloaded (priority=LOW),
1771434250.673,0.0,,,,,,,,,,,,,,,0.5731,CRITICAL,,10,,t442_1,0.17,NORMAL,OFFLOAD,CRITICAL: non-critical task offloaded (priority=NORMAL),
1771434250.673,0.0,,,,,,,,,,,,,,,0.5731,CRITICAL,,10,,t442_2,0.48,HIGH,OFFLOAD,CRITICAL: non-critical task offloaded (priority=HIGH),
1771434250.673,0.0,49.45,4.7221,1.370,55.0,5,49034.998,91.20187,0.04091,0.9087,1.0000,0.4264,0.0000,0.4091,0.4599,0.5474,CRITICAL,False,10,0,,,,,,
1771434250.673,0.0,,,,,,,,,,,,,,,0.5474,CRITICAL,,10,,t443_0,0.89,NORMAL,OFFLOAD,CRITICAL: non-critical task offloaded (priority=NORMAL),
1771434250.673,0.0,49.04,4.7098,1.319,51.3,4,,,0.04441,0.8392,0.0000,0.4673,0.0000,0.4441,0.4194,0.2898,WARNING,False,10,0,,,,,,
1771434250.673,0.0,,,,,,,,,,,,,,,0.2898,WARNING,,10,,t444_0,0.64,NORMAL,OFFLOAD,WARNING: heavy task offloaded (weight=0.64 >= 0.3),
1771434250.673,0.0,48.84,4.7567,1.272,48.0,4,,,0.04811,0.8059,0.0000,0.3111,0.0000,0.4811,0.3958,0.2644,WARNING,False,10,0,,,,,,
1771434250.673,0.0,,,,,,,,,,,,,,,0.2644,WARNING,,10,,t445_0,0.69,HIGH,OFFLOAD,WARNING: heavy task offloaded (weight=0.69 >= 0.3),
1771434250.673,0.0,48.47,4.7407,1.227,44.8,4,,,0.04511,0.7453,0.0000,0.3644,0.0000,0.4511,0.3737,0.2567,WARNING,False,10,0,,,,,,
1771434250.673,0.0,,,,,,,,,,,,,,,0.2567,WARNING,,10,,t446_0,0.77,NORMAL,OFFLOAD,WARNING: heavy task offloaded (weight=0.77 >= 0.3),
1771434250.673,0.0,,,,,,,,,,,,,,,0.2567,WARNING,,10,,t446_1,0.18,HIGH,LOCAL,WARNING: lightweight task permitted (weight=0.18 < 0.3),
1771434250.673,0.0,,,,,,,,,,,,,,,0.2567,WARNING,,10,,t446_2,0.61,HIGH,OFFLOAD,WARNING: heavy task offloaded (weight=0.61 >= 0.3),
1771434250.673,0.0,47.96,4.7474,1.232,45.2,4,,,0.04673,0.6597,0.0000,0.3422,0.0000,0.4673,0.3762,0.2456,WARNING,False,10,0,,,,,,
1771434250.673,0.0,,,,,,,,,,,,,,,0.2456,WARNING,,10,,t447_0,0.35,NORMAL,OFFLOAD,WARNING: heavy task offloaded (weight=0.35 >= 0.3),
1771434250.673,0.0,,,,,,,,,,,,,,,0.2456,WARNING,,10,,t447_1,0.41,LOW,OFFLOAD,WARNING: heavy task offloaded (weight=0.41 >= 0.3),
1771434250.673,0.0,,,,,,,,,,,,,,,0.2456,WARNING,,10,,t447_2,0.78,NORMAL,OFFLOAD,WARNING: heavy task offloaded (weight=0.78 >= 0.3),
1771434250.673,0.0,49.10,4.7385,1.191,42.2,3,,,0.04603,0.8503,0.0000,0.3717,0.0000,0.4603,0.3406,0.2645,WARNING,False,10,0,,,,,,
1771434250.673,0.0,,,,,,,,,,,,,,,0.2645,WARNING,,10,,t448_0,0.76,LOW,OFFLOAD,WARNING: heavy task offloaded (weight=0.76 >= 0.3),
1771434250.673,0.0,,,,,,,,,,,,,,,0.2645,WARNING,,10,,t448_1,0.52,LOW,OFFLOAD,WARNING: heavy task offloaded (weight=0.52 >= 0.3),
1771434250.673,0.0,,,,,,,,,,,,,,,0.2645,WARNING,,10,,t448_2,0.16,CRITICAL,LOCAL,WARNING: lightweight task permitted (weight=0.16 < 0.3),
1771434250.673,0.0,,,,,,,,,,,,,,,0.2645,WARNING,,10,,t448_3,0.75,CRITICAL,OFFLOAD,WARNING: heavy task offloaded (weight=0.75 >= 0.3),
1771434250.673,0.0,,,,,,,,,,,,,,,0.2645,WARNING,,10,,t448_4,0.20,NORMAL,LOCAL,WARNING: lightweight task permitted (weight=0.20 < 0.3),
1771434250.673,0.0,48.05,4.7534,1.244,46.0,4,,,0.04566,0.6743,0.0000,0.3220,0.0000,0.4566,0.3822,0.2449,WARNING,False,10,0,,,,,,
1771434250.673,0.0,,,,,,,,,,,,,,,0.2449,WARNING,,10,,t449_0,0.51,CRITICAL,OFFLOAD,WARNING: heavy task offloaded (weight=0.51 >= 0.3),
1771434250.673,0.0,48.44,4.7438,1.202,43.0,4,,,0.04323,0.7394,0.0000,0.3538,0.0000,0.4323,0.3611,0.2502,WARNING,False,10,0,,,,,,
1771434250.673,0.0,,,,,,,,,,,,,,,0.2502,WARNING,,10,,t450_0,0.75,NORMAL,OFFLOAD,WARNING: heavy task offloaded (weight=0.75 >= 0.3),
1771434250.674,0.0,,,,,,,,,,,,,,,0.2502,WARNING,,10,,t450_1,0.37,HIGH,OFFLOAD,WARNING: heavy task offloaded (weight=0.37 >= 0.3),
1771434250.674,0.0,47.81,4.7672,1.163,40.2,3,-98564.907,45.11047,0.03280,0.6350,0.0000,0.2761,0.0000,0.3280,0.3265,0.2102,WARNING,False,10,0,,,,,,
1771434250.674,0.0,,,,,,,,,,,,,,,0.2102,WARNING,,10,,t451_0,0.21,NORMAL,LOCAL,WARNING: lightweight task permitted (weight=0.21 < 0.3),
1771434250.674,0.0,47.72,4.7416,1.182,41.6,3,-78697.192,31.82385,0.02767,0.6207,0.0000,0.3612,0.0000,0.2767,0.3362,0.2163,WARNING,False,10,0,,,,,,
1771434250.674,0.0,,,,,,,,,,,,,,,0.2163,WARNING,,10,,t452_0,0.49,CRITICAL,OFFLOAD,WARNING: heavy task offloaded (weight=0.49 >= 0.3),
1771434250.674,0.0,,,,,,,,,,,,,,,0.2163,WARNING,,10,,t452_1,0.66,LOW,OFFLOAD,WARNING: heavy task offloaded (weight=0.66 >= 0.3),
1771434250.674,0.0,47.56,4.7410,1.145,38.9,3,-76790.338,-15.67079,0.02493,0.5927,0.0000,0.3633,1.0000,0.2493,0.3173,0.4067,WARNING,False,10,0,,,,,,
1771434250.674,0.0,,,,,,,,,,,,,,,0.4067,WARNING,,10,,t453_0,0.40,NORMAL,OFFLOAD,WARNING: heavy task offloaded (weight=0.40 >= 0.3),
1771434250.674,0.0,46.99,4.7613,1.109,36.4,3,-88840.530,20.62395,0.01527,0.4986,0.0000,0.2957,0.0000,0.1527,0.2997,0.1735,SAFE,False,10,0,,,,,,window_reset|B=10
1771434250.675,0.0,,,,,,,,,,,,,,,0.1735,SAFE,,10,,t454_0,0.65,CRITICAL,LOCAL,SAFE: all tasks permitted (weight=0.65),
1771434250.675,0.0,,,,,,,,,,,,,,,0.1735,SAFE,,10,,t454_1,0.87,NORMAL,LOCAL,SAFE: all tasks permitted (weight=0.87),
1771434250.675,0.0,,,,,,,,,,,,,,,0.1735,SAFE,,10,,t454_2,0.80,NORMAL,LOCAL,SAFE: all tasks permitted (weight=0.80),
1771434250.675,0.0,47.41,4.6497,1.679,77.1,7,-21826.163,-64.97009,0.02989,0.5686,0.0000,0.6677,1.0000,0.2989,0.6447,0.5139,WARNING,False,10,0,,,,,,
1771434250.675,0.0,,,,,,,,,,,,,,,0.5139,WARNING,,10,,t455_0,0.43,LOW,OFFLOAD,WARNING: heavy task offloaded (weight=0.43 >= 0.3),
1771434250.675,0.0,,,,,,,,,,,,,,,0.5139,WARNING,,10,,t455_1,0.44,NORMAL,OFFLOAD,WARNING: heavy task offloaded (weight=0.44 >= 0.3),
1771434250.675,0.0,47.45,4.6690,1.607,71.9,6,-65932.615,-46.22978,0.03478,0.5749,0.0000,0.6033,1.0000,0.3478,0.5933,0.5009,WARNING,False,10,0,,,,,,
1771434250.675,0.0,,,,,,,,,,,,,,,0.5009,WARNING,,10,,t456_0,0.63,LOW,OFFLOAD,WARNING: heavy task offloaded (weight=0.63 >= 0.3),
1771434250.675,0.0,,,,,,,,,,,,,,,0.5009,WARNING,,10,,t456_1,0.84,CRITICAL,OFFLOAD,WARNING: heavy task offloaded (weight=0.84 >= 0.3),
1771434250.675,0.0,,,,,,,,,,,,,,,0.5009,WARNING,,10,,t456_2,0.85,LOW,OFFLOAD,WARNING: heavy task offloaded (weight=0.85 >= 0.3),
1771434250.675,0.0,47.60,4.6663,1.539,67.1,6,-17820.435,-57.94160,0.03866,0.5999,0.0000,0.6124,1.0000,0.3866,0.5596,0.5022,WARNING,False,10,0,,,,,,
1771434250.675,0.0,,,,,,,,,,,,,,,0.5022,WARNING,,10,,t457_0,0.29,NORMAL,LOCAL,WARNING: lightweight task permitted (weight=0.29 < 0.3),
1771434250.675,0.0,,,,,,,,,,,,,,,0.5022,WARNING,,10,,t457_1,0.16,CRITICAL,LOCAL,WARNING: lightweight task permitted (weight=0.16 < 0.3),
1771434250.675,0.0,,,,,,,,,,,,,,,0.5022,WARNING,,10,,t457_2,0.85,NORMAL,OFFLOAD,WARNING: heavy task offloaded (weight=0.85 >= 0.3),
1771434250.675,0.0,47.74,4.7132,1.593,70.9,6,-27862.871,-20.40869,0.03858,0.6231,0.0000,0.4561,1.0000,0.3858,0.5863,0.4899,WARNING,False,10,0,,,,,,
1771434250.675,0.0,,,,,,,,,,,,,,,0.4899,WARNING,,10,,t458_0,0.59,LOW,OFFLOAD,WARNING: heavy task offloaded (weight=0.59 >= 0.3),
1771434250.675,0.0,48.42,4.6767,1.526,66.1,6,72991.941,-179.57927,0.03998,0.7371,1.0000,0.5775,1.0000,0.3998,0.5530,0.7641,CRITICAL,False,10,0,,,,,,
1771434250.675,0.0,,,,,,,,,,,,,,,0.7641,CRITICAL,,10,,t459_0,0.39,LOW,OFFLOAD,CRITICAL: non-critical task offloaded (priority=LOW),
1771434250.675,0.0,,,,,,,,,,,,,,,0.7641,CRITICAL,,10,,t459_1,0.27,NORMAL,OFFLOAD,CRITICAL: non-critical task offloaded (priority=NORMAL),
1771434250.675,0.0,47.46,4.6587,1.464,61.7,5,-31615.521,-164.67677,0.04265,0.5764,0.0000,0.6376,1.0000,0.4265,0.5071,0.4961,CRITICAL,False,10,0,,,,,,
1771434250.675,0.0,,,,,,,,,,,,,,,0.4961,CRITICAL,,10,,t460_0,0.66,LOW,OFFLOAD,CRITICAL: non-critical task offloaded (priority=LOW),
1771434250.675,0.0,,,,,,,,,,,,,,,0.4961,CRITICAL,,10,,t460_1,0.77,HIGH,OFFLOAD,CRITICAL: non-critical task offloaded (priority=HIGH),
1771434250.675,0.0,,,,,,,,,,,,,,,0.4961,CRITICAL,,10,,t460_2,0.72,NORMAL,OFFLOAD,CRITICAL: non-critical task offloaded (priority=NORMAL),
1771434250.675,0.0,,,,,,,,,,,,,,,0.4961,CRITICAL,,10,,t460_3,0.67,LOW,OFFLOAD,CRITICAL: non-critical task offloaded (priority=LOW),
1771434250.675,0.0,47.62,4.7286,1.407,57.6,5,7831.848,-24.64830,0.04116,0.6036,1.0000,0.4047,1.0000,0.4116,0.4783,0.7119,CRITICAL,False,10,0,,,,,,
1771434250.675,0.0,,,,,,,,,,,,,,,0.7119,CRITICAL,,10,,t461_0,0.73,NORMAL,OFFLOAD,CRITICAL: non-critical task offloaded (priority=NORMAL),
1771434250.675,0.0,,,,,,,,,,,,,,,0.7119,CRITICAL,,10,,t461_1,0.70,CRITICAL,LOCAL,CRITICAL: mission-critical task permitted locally (priority=CRITICAL),
1771434250.675,0.0,,,,,,,,,,,,,,,0.7119,CRITICAL,,10,,t461_2,0.48,HIGH,OFFLOAD,CRITICAL: non-critical task offloaded (priority=HIGH),
1771434250.675,0.0,,,,,,,,,,,,,,,0.7119,CRITICAL,,10,,t461_3,0.76,NORMAL,OFFLOAD,CRITICAL: non-critical task offloaded (priority=NORMAL),
1771434250.675,0.0,,,,,,,,,,,,,,,0.7119,CRITICAL,,10,,t461_4,0.55,HIGH,OFFLOAD,CRITICAL: non-critical task offloaded (priority=HIGH),
1771434250.675,0.0,,,,,,,,,,,,,,,0.7119,CRITICAL,,10,,t461_5,0.79,LOW,OFFLOAD,CRITICAL: non-critical task offloaded (priority=LOW),
1771434250.675,0.0,48.14,4.6895,1.534,66.7,6,137325.720,-142.57116,0.04013,0.6907,1.0000,0.5350,1.0000,0.4013,0.5572,0.7540,CRITICAL,False,10,0,,,,,,
1771434250.675,0.0,,,,,,,,,,,,,,,0.7540,CRITICAL,,10,,t462_0,0.70,HIGH,OFFLOAD,CRITICAL: non-critical task offloaded (priority=HIGH),
1771434250.675,0.0,48.00,4.6824,1.472,62.3,5,,,0.03584,0.6663,0.0000,0.5587,0.0000,0.3584,0.5110,0.2906,WARNING,False,10,0,,,,,,
1771434250.675,0.0,,,,,,,,,,,,,,,0.2906,WARNING,,10,,t463_0,0.61,LOW,OFFLOAD,WARNING: heavy task offloaded (weight=0.61 >= 0.3),
1771434250.675,0.0,,,,,,,,,,,,,,,0.2906,WARNING,,10,,t463_1,0.77,LOW,OFFLOAD,WARNING: heavy task offloaded (weight=0.77 >= 0.3),
1771434250.675,0.0,,,,,,,,,,,,,,,0.2906,WARNING,,10,,t463_2,0.47,HIGH,OFFLOAD,WARNING: heavy task offloaded (weight=0.47 >= 0.3),
1771434250.675,0.0,48.05,4.6778,1.414,58.1,5,,,0.03367,0.6752,0.0000,0.5739,0.0000,0.3367,0.4819,0.2857,WARNING,False,10,0,,,,,,
1771434250.675,0.0,,,,,,,,,,,,,,,0.2857,WARNING,,10,,t464_0,0.20,NORMAL,LOCAL,WARNING: lightweight task permitted (weight=0.20 < 0.3),
1771434250.675,0.0,,,,,,,,,,,,,,,0.2857,WARNING,,10,,t464_1,0.85,NORMAL,OFFLOAD,WARNING: heavy task offloaded (weight=0.85 >= 0.3),
1771434250.675,0.0,,,,,,,,,,,,,,,0.2857,WARNING,,10,,t464_2,0.87,NORMAL,OFFLOAD,WARNING: heavy task offloaded (weight=0.87 >= 0.3),
1771434250.675,0.0,47.70,4.6950,1.413,58.0,5,,,0.03043,0.6162,0.0000,0.5165,0.0000,0.3043,0.4813,0.2678,WARNING,False,10,0,,,,,,
1771434250.676,0.0,,,,,,,,,,,,,,,0.2678,WARNING,,10,,t465_0,0.33,CRITICAL,OFFLOAD,WARNING: heavy task offloaded (weight=0.33 >= 0.3),
1771434250.676,0.0,,,,,,,,,,,,,,,0.2678,WARNING,,10,,t465_1,0.55,LOW,OFFLOAD,WARNING: heavy task offloaded (weight=0.55 >= 0.3),
1771434250.676,0.0,,,,,,,,,,,,,,,0.2678,WARNING,,10,,t465_2,0.84,NORMAL,OFFLOAD,WARNING: heavy task offloaded (weight=0.84 >= 0.3),
1771434250.676,0.0,,,,,,,,,,,,,,,0.2678,WARNING,,10,,t465_3,0.25,NORMAL,LOCAL,WARNING: lightweight task permitted (weight=0.25 < 0.3),
1771434250.676,0.0,,,,,,,,,,,,,,,0.2678,WARNING,,10,,t465_4,0.24,LOW,LOCAL,WARNING: lightweight task permitted (weight=0.24 < 0.3),
1771434250.676,0.0,47.86,4.6842,1.486,63.3,6,6987.477,-28.62960,0.02125,0.6427,1.0000,0.5527,1.0000,0.2125,0.5328,0.7268,CRITICAL,False,10,0,,,,,,
1771434250.676,0.0,,,,,,,,,,,,,,,0.7268,CRITICAL,,10,,t466_0,0.65,NORMAL,OFFLOAD,CRITICAL: non-critical task offloaded (priority=NORMAL),
1771434250.676,0.0,,,,,,,,,,,,,,,0.7268,CRITICAL,,10,,t466_1,0.56,NORMAL,OFFLOAD,CRITICAL: non-critical task offloaded (priority=NORMAL),
1771434250.676,0.0,,,,,,,,,,,,,,,0.7268,CRITICAL,,10,,t466_2,0.32,LOW,OFFLOAD,CRITICAL: non-critical task offloaded (priority=LOW),
1771434250.676,0.0,,,,,,,,,,,,,,,0.7268,CRITICAL,,10,,t466_3,0.31,NORMAL,OFFLOAD,CRITICAL: non-critical task offloaded (priority=NORMAL),
1771434250.676,0.0,47.97,4.6750,1.427,59.0,5,-26844.521,-1.74113,0.01901,0.6616,0.0000,0.5834,1.0000,0.1901,0.4883,0.4719,CRITICAL,False,10,0,,,,,,window_reset|B=10
1771434250.676,0.0,,,,,,,,,,,,,,,0.4719,CRITICAL,,10,,t467_0,0.65,HIGH,OFFLOAD,CRITICAL: non-critical task offloaded (priority=HIGH),
1771434250.676,0.0,,,,,,,,,,,,,,,0.4719,CRITICAL,,10,,t467_1,0.60,HIGH,OFFLOAD,CRITICAL: non-critical task offloaded (priority=HIGH),
1771434250.676,0.0,,,,,,,,,,,,,,,0.4719,CRITICAL,,10,,t467_2,0.51,CRITICAL,LOCAL,CRITICAL: mission-critical task permitted locally (priority=CRITICAL),
1771434250.676,0.0,48.27,4.6603,1.505,64.6,6,48321.739,1.54579,0.01975,0.7123,1.0000,0.6324,0.0000,0.1975,0.5423,0.5459,CRITICAL,False,10,0,,,,,,
1771434250.676,0.0,,,,,,,,,,,,,,,0.5459,CRITICAL,,10,,t468_0,0.57,NORMAL,OFFLOAD,CRITICAL: non-critical task offloaded (priority=NORMAL),
1771434250.676,0.0,,,,,,,,,,,,,,,0.5459,CRITICAL,,10,,t468_1,0.37,LOW,OFFLOAD,CRITICAL: non-critical task offloaded (priority=LOW),
1771434250.676,0.0,,,,,,,,,,,,,,,0.5459,CRITICAL,,10,,t468_2,0.21,NORMAL,OFFLOAD,CRITICAL: non-critical task offloaded (priority=NORMAL),
1771434250.676,0.0,47.72,4.6872,1.444,60.3,5,6000.786,-40.88870,0.01902,0.6205,1.0000,0.5427,1.0000,0.1902,0.4971,0.7134,CRITICAL,False,10,0,,,,,,
1771434250.676,0.0,,,,,,,,,,,,,,,0.7134,CRITICAL,,10,,t469_0,0.68,NORMAL,OFFLOAD,CRITICAL: non-critical task offloaded (priority=NORMAL),
1771434250.676,0.0,,,,,,,,,,,,,,,0.7134,CRITICAL,,10,,t469_1,0.53,CRITICAL,LOCAL,CRITICAL: mission-critical task permitted locally (priority=CRITICAL),
1771434250.676,0.0,47.65,4.6795,1.527,66.2,6,-29414.776,-9.88098,0.01716,0.6080,0.0000,0.5684,1.0000,0.1716,0.5534,0.4747,CRITICAL,False,10,0,,,,,,
1771434250.676,0.0,,,,,,,,,,,,,,,0.4747,CRITICAL,,10,,t470_0,0.62,HIGH,OFFLOAD,CRITICAL: non-critical task offloaded (priority=HIGH),
1771434250.676,0.0,,,,,,,,,,,,,,,0.4747,CRITICAL,,10,,t470_1,0.54,NORMAL,OFFLOAD,CRITICAL: non-critical task offloaded (priority=NORMAL),
1771434250.676,0.0,,,,,,,,,,,,,,,0.4747,CRITICAL,,10,,t470_2,0.80,NORMAL,OFFLOAD,CRITICAL: non-critical task offloaded (priority=NORMAL),
1771434250.676,0.0,47.66,4.6967,1.465,61.8,5,-20107.900,14.12693,0.01745,0.6097,0.0000,0.5110,0.0000,0.1745,0.5074,0.2585,WARNING,False,10,0,,,,,,
1771434250.676,0.0,,,,,,,,,,,,,,,0.2585,WARNING,,10,,t471_0,0.66,HIGH,OFFLOAD,WARNING: heavy task offloaded (weight=0.66 >= 0.3),
1771434250.676,0.0,48.12,4.6972,1.407,57.7,5,4287.770,19.08279,0.01586,0.6872,1.0000,0.5095,0.0000,0.1586,0.4786,0.5103,WARNING,False,10,0,,,,,,
1771434250.676,0.0,,,,,,,,,,,,,,,0.5103,WARNING,,10,,t472_0,0.46,LOW,OFFLOAD,WARNING: heavy task offloaded (weight=0.46 >= 0.3),
1771434250.676,0.0,47.04,4.7091,1.354,53.8,5,-38725.388,13.85678,0.01216,0.5073,0.0000,0.4698,0.0000,0.1216,0.4518,0.2245,WARNING,False,10,0,,,,,,
1771434250.676,0.0,,,,,,,,,,,,,,,0.2245,WARNING,,10,,t473_0,0.16,LOW,LOCAL,WARNING: lightweight task permitted (weight=0.16 < 0.3),
1771434250.676,0.0,,,,,,,,,,,,,,,0.2245,WARNING,,10,,t473_1,0.38,CRITICAL,OFFLOAD,WARNING: heavy task offloaded (weight=0.38 >= 0.3),
1771434250.676,0.0,,,,,,,,,,,,,,,0.2245,WARNING,,10,,t473_2,0.87,NORMAL,OFFLOAD,WARNING: heavy task offloaded (weight=0.87 >= 0.3),
1771434250.676,0.0,47.60,4.7250,1.346,53.3,5,,,0.01624,0.5998,0.0000,0.4168,0.0000,0.1624,0.4482,0.2320,WARNING,False,10,0,,,,,,
1771434250.676,0.0,,,,,,,,,,,,,,,0.2320,WARNING,,10,,t474_0,0.66,NORMAL,OFFLOAD,WARNING: heavy task offloaded (weight=0.66 >= 0.3),
1771434250.676,0.0,,,,,,,,,,,,,,,0.2320,WARNING,,10,,t474_1,0.35,NORMAL,OFFLOAD,WARNING: heavy task offloaded (weight=0.35 >= 0.3),
1771434250.676,0.0,,,,,,,,,,,,,,,0.2320,WARNING,,10,,t474_2,0.27,HIGH,LOCAL,WARNING: lightweight task permitted (weight=0.27 < 0.3),
1771434250.676,0.0,,,,,,,,,,,,,,,0.2320,WARNING,,10,,t474_3,0.87,HIGH,OFFLOAD,WARNING: heavy task offloaded (weight=0.87 >= 0.3),
1771434250.676,0.0,48.03,4.7072,1.367,54.8,5,,,0.01682,0.6718,0.0000,0.4761,0.0000,0.1682,0.4583,0.2510,WARNING,False,10,0,,,,,,
1771434250.676,0.0,,,,,,,,,,,,,,,0.2510,WARNING,,10,,t475_0,0.80,NORMAL,OFFLOAD,WARNING: heavy task offloaded (weight=0.80 >= 0.3),
1771434250.676,0.0,47.77,4.7066,1.316,51.1,4,,,0.01680,0.6284,0.0000,0.4780,0.0000,0.1680,0.4179,0.2379,WARNING,False,10,0,,,,,,
1771434250.676,0.0,,,,,,,,,,,,,,,0.2379,WARNING,,10,,t476_0,0.20,HIGH,LOCAL,WARNING: lightweight task permitted (weight=0.20 < 0.3),
1771434250.676,0.0,,,,,,,,,,,,,,,0.2379,WARNING,,10,,t476_1,0.39,NORMAL,OFFLOAD,WARNING: heavy task offloaded (weight=0.39 >= 0.3),
1771434250.676,0.0,,,,,,,,,,,,,,,0.2379,WARNING,,10,,t476_2,0.77,LOW,OFFLOAD,WARNING: heavy task offloaded (weight=0.77 >= 0.3),
1771434250.676,0.0,47.26,4.6997,1.321,51.5,4,,,0.01688,0.5429,0.0000,0.5010,0.0000,0.1688,0.4206,0.2313,WARNING,False,10,0,,,,,,
1771434250.676,0.0,,,,,,,,,,,,,,,0.2313,WARNING,,10,,t477_0,0.48,LOW,OFFLOAD,WARNING: heavy task offloaded (weight=0.48 >= 0.3),
1771434250.676,0.0,,,,,,,,,,,,,,,0.2313,WARNING,,10,,t477_1,0.22,CRITICAL,LOCAL,WARNING: lightweight task permitted (weight=0.22 < 0.3),
1771434250.676,0.0,,,,,,,,,,,,,,,0.2313,WARNING,,10,,t477_2,0.55,CRITICAL,OFFLOAD,WARNING: heavy task offloaded (weight=0.55 >= 0.3),
1771434250.676,0.0,47.49,4.7209,1.332,52.3,4,,,0.01812,0.5820,0.0000,0.4303,0.0000,0.1812,0.4259,0.2291,WARNING,False,10,0,,,,,,
1771434250.676,0.0,,,,,,,,,,,,,,,0.2291,WARNING,,10,,t478_0,0.27,LOW,LOCAL,WARNING: lightweight task permitted (weight=0.27 < 0.3),
1771434250.677,0.0,,,,,,,,,,,,,,,0.2291,WARNING,,10,,t478_1,0.74,LOW,OFFLOAD,WARNING: heavy task offloaded (weight=0.74 >= 0.3),
1771434250.677,0.0,,,,,,,,,,,,,,,0.2291,WARNING,,10,,t478_2,0.18,NORMAL,LOCAL,WARNING: lightweight task permitted (weight=0.18 < 0.3),
1771434250.677,0.0,,,,,,,,,,,,,,,0.2291,WARNING,,10,,t478_3,0.50,LOW,OFFLOAD,WARNING: heavy task offloaded (weight=0.50 >= 0.3),
1771434250.677,0.0,,,,,,,,,,,,,,,0.2291,WARNING,,10,,t478_4,0.77,NORMAL,OFFLOAD,WARNING: heavy task offloaded (weight=0.77 >= 0.3),
1771434250.677,0.0,47.59,4.6907,1.400,57.2,5,-3832.688,-5.95066,0.01701,0.5990,0.0000,0.5311,1.0000,0.1701,0.4752,0.4530,WARNING,False,10,0,,,,,,
1771434250.677,0.0,,,,,,,,,,,,,,,0.4530,WARNING,,10,,t479_0,0.25,NORMAL,LOCAL,WARNING: lightweight task permitted (weight=0.25 < 0.3),
1771434250.677,0.0,,,,,,,,,,,,,,,0.4530,WARNING,,10,,t479_1,0.89,HIGH,OFFLOAD,WARNING: heavy task offloaded (weight=0.89 >= 0.3),
1771434250.677,0.0,47.07,4.7024,1.413,58.1,5,-62697.316,5.20737,0.01256,0.5110,0.0000,0.4919,0.0000,0.1256,0.4815,0.2341,WARNING,False,10,0,,,,,,window_reset|B=10
1771434250.677,0.0,,,,,,,,,,,,,,,0.2341,WARNING,,10,,t480_0,0.16,NORMAL,LOCAL,WARNING: lightweight task permitted (weight=0.16 < 0.3),
1771434250.677,0.0,,,,,,,,,,,,,,,0.2341,WARNING,,10,,t480_1,0.86,HIGH,OFFLOAD,WARNING: heavy task offloaded (weight=0.86 >= 0.3),
1771434250.677,0.0,47.54,4.6943,1.400,57.2,5,29640.136,-14.57752,0.01201,0.5906,1.0000,0.5189,1.0000,0.1201,0.4752,0.6954,CRITICAL,False,10,0,,,,,,
1771434250.677,0.0,,,,,,,,,,,,,,,0.6954,CRITICAL,,10,,t481_0,0.54,LOW,OFFLOAD,CRITICAL: non-critical task offloaded (priority=LOW),
1771434250.677,0.0,,,,,,,,,,,,,,,0.6954,CRITICAL,,10,,t481_1,0.23,LOW,OFFLOAD,CRITICAL: non-critical task offloaded (priority=LOW),
1771434250.677,0.0,,,,,,,,,,,,,,,0.6954,CRITICAL,,10,,t481_2,0.39,LOW,OFFLOAD,CRITICAL: non-critical task offloaded (priority=LOW),
1771434250.677,0.0,,,,,,,,,,,,,,,0.6954,CRITICAL,,10,,t481_3,0.57,CRITICAL,LOCAL,CRITICAL: mission-critical task permitted locally (priority=CRITICAL),
1771434250.677,0.0,47.33,4.6802,1.496,64.0,6,-15972.151,-44.27882,0.01191,0.5550,0.0000,0.5661,1.0000,0.1191,0.5382,0.4597,CRITICAL,False,10,0,,,,,,
1771434250.677,0.0,,,,,,,,,,,,,,,0.4597,CRITICAL,,10,,t482_0,0.80,NORMAL,OFFLOAD,CRITICAL: non-critical task offloaded (priority=NORMAL),
1771434250.677,0.0,,,,,,,,,,,,,,,0.4597,CRITICAL,,10,,t482_1,0.70,HIGH,OFFLOAD,CRITICAL: non-critical task offloaded (priority=HIGH),
1771434250.677,0.0,47.61,4.6955,1.437,59.8,5,-24794.667,-11.58111,0.01196,0.6021,0.0000,0.5151,1.0000,0.1196,0.4933,0.4498,CRITICAL,False,10,0,,,,,,
1771434250.677,0.0,,,,,,,,,,,,,,,0.4498,CRITICAL,,10,,t483_0,0.41,HIGH,OFFLOAD,CRITICAL: non-critical task offloaded (priority=HIGH),
1771434250.677,0.0,,,,,,,,,,,,,,,0.4498,CRITICAL,,10,,t483_1,0.41,NORMAL,OFFLOAD,CRITICAL: non-critical task offloaded (priority=NORMAL),
1771434250.677,0.0,,,,,,,,,,,,,,,0.4498,CRITICAL,,10,,t483_2,0.22,LOW,OFFLOAD,CRITICAL: non-critical task offloaded (priority=LOW),
1771434250.677,0.0,46.65,4.6998,1.381,55.8,5,-66256.260,-6.75673,0.01189,0.4422,0.0000,0.5008,1.0000,0.1189,0.4655,0.4231,CRITICAL,False,10,0,,,,,,
1771434250.677,0.0,,,,,,,,,,,,,,,0.4231,CRITICAL,,10,,t484_0,0.80,CRITICAL,LOCAL,CRITICAL: mission-critical task permitted locally (priority=CRITICAL),
1771434250.677,0.0,47.64,4.6973,1.536,66.9,6,22769.705,-2.40716,0.01180,0.6069,1.0000,0.5091,1.0000,0.1180,0.5581,0.7124,CRITICAL,False,10,0,,,,,,
1771434250.677,0.0,,,,,,,,,,,,,,,0.7124,CRITICAL,,10,,t485_0,0.41,HIGH,OFFLOAD,CRITICAL: non-critical task offloaded (priority=HIGH),
1771434250.677,0.0,,,,,,,,,,,,,,,0.7124,CRITICAL,,10,,t485_1,0.48,NORMAL,OFFLOAD,CRITICAL: non-critical task offloaded (priority=NORMAL),
1771434250.677,0.0,47.37,4.7059,1.474,62.4,5,-7313.515,-14.79390,0.00964,0.5615,0.0000,0.4802,1.0000,0.0964,0.5118,0.4418,CRITICAL,False,10,0,,,,,,
1771434250.677,0.0,,,,,,,,,,,,,,,0.4418,CRITICAL,,10,,t486_0,0.28,LOW,OFFLOAD,CRITICAL: non-critical task offloaded (priority=LOW),
1771434250.677,0.0,,,,,,,,,,,,,,,0.4418,CRITICAL,,10,,t486_1,0.60,LOW,OFFLOAD,CRITICAL: non-critical task offloaded (priority=LOW),
1771434250.677,0.0,,,,,,,,,,,,,,,0.4418,CRITICAL,,10,,t486_2,0.71,NORMAL,OFFLOAD,CRITICAL: non-critical task offloaded (priority=NORMAL),
1771434250.677,0.0,47.61,4.7040,1.415,58.2,5,,,0.00948,0.6016,0.0000,0.4868,0.0000,0.0948,0.4827,0.2415,WARNING,False,10,0,,,,,,
1771434250.678,0.0,,,,,,,,,,,,,,,0.2415,WARNING,,10,,t487_0,0.88,NORMAL,OFFLOAD,WARNING: heavy task offloaded (weight=0.88 >= 0.3),
1771434250.678,0.0,,,,,,,,,,,,,,,0.2415,WARNING,,10,,t487_1,0.68,HIGH,OFFLOAD,WARNING: heavy task offloaded (weight=0.68 >= 0.3),
1771434250.678,0.0,48.01,4.6923,1.361,54.4,5,56827.451,-10.17922,0.00944,0.6685,1.0000,0.5258,1.0000,0.0944,0.4556,0.6991,CRITICAL,False,10,0,,,,,,
1771434250.678,0.0,,,,,,,,,,,,,,,0.6991,CRITICAL,,10,,t488_0,0.81,HIGH,OFFLOAD,CRITICAL: non-critical task offloaded (priority=HIGH),
1771434250.678,0.0,,,,,,,,,,,,,,,0.6991,CRITICAL,,10,,t488_1,0.75,NORMAL,OFFLOAD,CRITICAL: non-critical task offloaded (priority=NORMAL),
1771434250.678,0.0,46.92,4.7496,1.311,50.8,4,-37384.311,55.44628,0.01700,0.4870,0.0000,0.3346,0.0000,0.1700,0.4155,0.2020,WARNING,False,10,0,,,,,,
1771434250.678,0.0,,,,,,,,,,,,,,,0.2020,WARNING,,10,,t489_0,0.18,NORMAL,LOCAL,WARNING: lightweight task permitted (weight=0.18 < 0.3),
1771434250.678,0.0,,,,,,,,,,,,,,,0.2020,WARNING,,10,,t489_1,0.71,LOW,OFFLOAD,WARNING: heavy task offloaded (weight=0.71 >= 0.3),
1771434250.678,0.0,46.76,4.7234,1.311,50.8,4,-34222.957,43.38114,0.01724,0.4601,0.0000,0.4219,0.0000,0.1724,0.4153,0.2103,WARNING,False,10,0,,,,,,
1771434250.678,0.0,,,,,,,,,,,,,,,0.2103,WARNING,,10,,t490_0,0.18,HIGH,LOCAL,WARNING: lightweight task permitted (weight=0.18 < 0.3),
1771434250.678,0.0,,,,,,,,,,,,,,,0.2103,WARNING,,10,,t490_1,0.34,NORMAL,OFFLOAD,WARNING: heavy task offloaded (weight=0.34 >= 0.3),
1771434250.678,0.0,,,,,,,,,,,,,,,0.2103,WARNING,,10,,t490_2,0.37,LOW,OFFLOAD,WARNING: heavy task offloaded (weight=0.37 >= 0.3),
1771434250.678,0.0,47.51,4.6980,1.311,50.8,4,-6347.010,2.54250,0.01692,0.5845,0.0000,0.5067,0.0000,0.1692,0.4156,0.2361,WARNING,False,10,0,,,,,,
1771434250.678,0.0,,,,,,,,,,,,,,,0.2361,WARNING,,10,,t491_0,0.67,NORMAL,OFFLOAD,WARNING: heavy task offloaded (weight=0.67 >= 0.3),
1771434250.678,0.0,46.78,4.7162,1.264,47.5,4,7843.833,16.42657,0.01726,0.4639,1.0000,0.4461,0.0000,0.1726,0.3922,0.4594,WARNING,False,10,0,,,,,,
1771434250.678,0.0,,,,,,,,,,,,,,,0.4594,WARNING,,10,,t492_0,0.67,HIGH,OFFLOAD,WARNING: heavy task offloaded (weight=0.67 >= 0.3),
1771434250.678,0.0,,,,,,,,,,,,,,,0.4594,WARNING,,10,,t492_1,0.25,CRITICAL,LOCAL,WARNING: lightweight task permitted (weight=0.25 < 0.3),
1771434250.678,0.0,,,,,,,,,,,,,,,0.4594,WARNING,,10,,t492_2,0.37,NORMAL,OFFLOAD,WARNING: heavy task offloaded (weight=0.37 >= 0.3),
1771434250.678,0.0,47.07,4.7343,1.285,48.9,4,-34099.834,37.15839,0.01874,0.5124,0.0000,0.3856,0.0000,0.1874,0.4023,0.2108,WARNING,False,10,0,,,,,,window_reset|B=10
1771434250.678,0.0,,,,,,,,,,,,,,,0.2108,WARNING,,10,,t493_0,0.83,LOW,OFFLOAD,WARNING: heavy task offloaded (weight=0.83 >= 0.3),
1771434250.678,0.0,,,,,,,,,,,,,,,0.2108,WARNING,,10,,t493_1,0.41,CRITICAL,OFFLOAD,WARNING: heavy task offloaded (weight=0.41 >= 0.3),
1771434250.678,0.0,46.85,4.7591,1.240,45.7,4,-31282.968,53.31835,0.02146,0.4748,0.0000,0.3029,0.0000,0.2146,0.3798,0.1938,WARNING,False,10,0,,,,,,
1771434250.678,0.0,,,,,,,,,,,,,,,0.1938,WARNING,,10,,t494_0,0.75,CRITICAL,OFFLOAD,WARNING: heavy task offloaded (weight=0.75 >= 0.3),
1771434250.678,0.0,,,,,,,,,,,,,,,0.1938,WARNING,,10,,t494_1,0.16,LOW,LOCAL,WARNING: lightweight task permitted (weight=0.16 < 0.3),
1771434250.678,0.0,46.76,4.7276,1.239,45.6,4,-51369.624,23.70307,0.02090,0.4593,0.0000,0.4080,0.0000,0.2090,0.3795,0.2050,WARNING,False,10,0,,,,,,
1771434250.678,0.0,,,,,,,,,,,,,,,0.2050,WARNING,,10,,t495_0,0.26,NORMAL,LOCAL,WARNING: lightweight task permitted (weight=0.26 < 0.3),
1771434250.678,0.0,,,,,,,,,,,,,,,0.2050,WARNING,,10,,t495_1,0.35,HIGH,OFFLOAD,WARNING: heavy task offloaded (weight=0.35 >= 0.3),
1771434250.678,0.0,,,,,,,,,,,,,,,0.2050,WARNING,,10,,t495_2,0.74,LOW,OFFLOAD,WARNING: heavy task offloaded (weight=0.74 >= 0.3),
1771434250.678,0.0,,,,,,,,,,,,,,,0.2050,WARNING,,10,,t495_3,0.53,HIGH,OFFLOAD,WARNING: heavy task offloaded (weight=0.53 >= 0.3),
1771434250.678,0.0,46.95,4.7231,1.266,47.5,4,,,0.02026,0.4911,0.0000,0.4232,0.0000,0.2026,0.3928,0.2128,WARNING,False,10,0,,,,,,
1771434250.678,0.0,,,,,,,,,,,,,,,0.2128,WARNING,,10,,t496_0,0.84,NORMAL,OFFLOAD,WARNING: heavy task offloaded (weight=0.84 >= 0.3),
1771434250.678,0.0,,,,,,,,,,,,,,,0.2128,WARNING,,10,,t496_1,0.20,CRITICAL,LOCAL,WARNING: lightweight task permitted (weight=0.20 < 0.3),
1771434250.678,0.0,,,,,,,,,,,,,,,0.2128,WARNING,,10,,t496_2,0.25,LOW,LOCAL,WARNING: lightweight task permitted (weight=0.25 < 0.3),
1771434250.678,0.0,46.59,4.7597,1.341,52.9,4,,,0.02189,0.4318,0.0000,0.3012,0.0000,0.2189,0.4304,0.1989,WARNING,False,10,0,,,,,,
1771434250.678,0.0,,,,,,,,,,,,,,,0.1989,WARNING,,10,,t497_0,0.33,LOW,OFFLOAD,WARNING: heavy task offloaded (weight=0.33 >= 0.3),
1771434250.678,0.0,,,,,,,,,,,,,,,0.1989,WARNING,,10,,t497_1,0.53,NORMAL,OFFLOAD,WARNING: heavy task offloaded (weight=0.53 >= 0.3),
1771434250.678,0.0,47.02,4.7377,1.292,49.4,4,,,0.02142,0.5041,0.0000,0.3742,0.0000,0.2142,0.4059,0.2117,WARNING,False,10,0,,,,,,
1771434250.678,0.0,,,,,,,,,,,,,,,0.2117,WARNING,,10,,t498_0,0.34,NORMAL,OFFLOAD,WARNING: heavy task offloaded (weight=0.34 >= 0.3),
1771434250.678,0.0,,,,,,,,,,,,,,,0.2117,WARNING,,10,,t498_1,0.41,NORMAL,OFFLOAD,WARNING: heavy task offloaded (weight=0.41 >= 0.3),
1771434250.678,0.0,46.67,4.7168,1.246,46.2,4,,,0.02054,0.4458,0.0000,0.4441,0.0000,0.2054,0.3832,0.2084,WARNING,False,10,0,,,,,,
1771434250.678,0.0,,,,,,,,,,,,,,,0.2084,WARNING,,10,,t499_0,0.25,HIGH,LOCAL,WARNING: lightweight task permitted (weight=0.25 < 0.3),
1771434250.678,0.0,,,,,,,,,,,,,,,0.2084,WARNING,,10,,t499_1,0.63,CRITICAL,OFFLOAD,WARNING: heavy task offloaded (weight=0.63 >= 0.3),
1771434250.678,0.0,46.70,4.7488,1.269,47.8,4,,,0.01811,0.4501,0.0000,0.3373,0.0000,0.1811,0.3946,0.1949,WARNING,False,10,0,,,,,,
1771434250.678,0.0,,,,,,,,,,,,,,,0.1949,WARNING,,10,,t500_0,0.59,NORMAL,OFFLOAD,WARNING: heavy task offloaded (weight=0.59 >= 0.3),
1771434250.678,0.0,,,,,,,,,,,,,,,0.1949,WARNING,,10,,t500_1,0.90,NORMAL,OFFLOAD,WARNING: heavy task offloaded (weight=0.90 >= 0.3),
1771434250.678,0.0,,,,,,,,,,,,,,,0.1949,WARNING,,10,,t500_2,0.83,HIGH,OFFLOAD,WARNING: heavy task offloaded (weight=0.83 >= 0.3),
1771434250.678,0.0,46.43,4.7450,1.225,44.7,4,,,0.01779,0.4053,0.0000,0.3501,0.0000,0.1779,0.3727,0.1865,WARNING,False,10,0,,,,,,
1771434250.678,0.0,,,,,,,,,,,,,,,0.1865,WARNING,,10,,t501_0,0.25,HIGH,LOCAL,WARNING: lightweight task permitted (weight=0.25 < 0.3),
1771434250.678,0.0,46.03,4.7490,1.249,46.3,4,,,0.01811,0.3382,0.0000,0.3365,0.0000,0.1811,0.3843,0.1793,SAFE,False,10,0,,,,,,
1771434250.679,0.0,,,,,,,,,,,,,,,0.1793,SAFE,,10,,t502_0,0.85,HIGH,LOCAL,SAFE: all tasks permitted (weight=0.85),
1771434250.679,0.0,,,,,,,,,,,,,,,0.1793,SAFE,,10,,t502_1,0.49,CRITICAL,LOCAL,SAFE: all tasks permitted (weight=0.49),
1771434250.679,0.0,,,,,,,,,,,,,,,0.1793,SAFE,,10,,t502_2,0.65,HIGH,LOCAL,SAFE: all tasks permitted (weight=0.65),
1771434250.679,0.0,46.18,4.6023,1.725,80.3,7,-34374.553,-125.55494,0.04015,0.3639,0.0000,0.8258,1.0000,0.4015,0.6674,0.5247,WARNING,False,10,0,,,,,,
1771434250.679,0.0,,,,,,,,,,,,,,,0.5247,WARNING,,10,,t503_0,0.47,HIGH,OFFLOAD,WARNING: heavy task offloaded (weight=0.47 >= 0.3),
1771434250.679,0.0,46.43,4.6611,1.649,74.9,7,-31334.866,-62.07580,0.04405,0.4042,0.0000,0.6297,1.0000,0.4405,0.6295,0.5003,WARNING,False,10,0,,,,,,
1771434250.679,0.0,,,,,,,,,,,,,,,0.5003,WARNING,,10,,t504_0,0.36,LOW,OFFLOAD,WARNING: heavy task offloaded (weight=0.36 >= 0.3),
1771434250.679,0.0,46.65,4.6520,1.579,69.9,6,3494.510,-107.85272,0.04785,0.4415,1.0000,0.6600,1.0000,0.4785,0.5793,0.7525,CRITICAL,False,10,0,,,,,,
1771434250.679,0.0,,,,,,,,,,,,,,,0.7525,CRITICAL,,10,,t505_0,0.78,LOW,OFFLOAD,CRITICAL: non-critical task offloaded (priority=LOW),
1771434250.679,0.0,47.05,4.6803,1.513,65.2,6,1583.883,-57.56556,0.04676,0.5085,1.0000,0.5657,1.0000,0.4676,0.5465,0.7406,CRITICAL,False,10,0,,,,,,window_reset|B=10
1771434250.679,0.0,,,,,,,,,,,,,,,0.7406,CRITICAL,,10,,t506_0,0.32,HIGH,OFFLOAD,CRITICAL: non-critical task offloaded (priority=HIGH),
1771434250.679,0.0,,,,,,,,,,,,,,,0.7406,CRITICAL,,10,,t506_1,0.54,NORMAL,OFFLOAD,CRITICAL: non-critical task offloaded (priority=NORMAL),
1771434250.679,0.0,46.80,4.6870,1.452,60.9,5,7643.128,-29.85202,0.04674,0.4670,1.0000,0.5434,1.0000,0.4674,0.5010,0.7236,CRITICAL,False,10,0,,,,,,
1771434250.679,0.0,,,,,,,,,,,,,,,0.7236,CRITICAL,,10,,t507_0,0.17,NORMAL,OFFLOAD,CRITICAL: non-critical task offloaded (priority=NORMAL),
1771434250.679,0.0,,,,,,,,,,,,,,,0.7236,CRITICAL,,10,,t507_1,0.78,NORMAL,OFFLOAD,CRITICAL: non-critical task offloaded (priority=NORMAL),
1771434250.679,0.0,,,,,,,,,,,,,,,0.7236,CRITICAL,,10,,t507_2,0.77,NORMAL,OFFLOAD,CRITICAL: non-critical task offloaded (priority=NORMAL),
1771434250.679,0.0,47.08,4.7139,1.395,56.8,5,22772.567,-34.96610,0.04651,0.5132,1.0000,0.4536,1.0000,0.4651,0.4726,0.7116,CRITICAL,False,10,0,,,,,,
1771434250.679,0.0,,,,,,,,,,,,,,,0.7116,CRITICAL,,10,,t508_0,0.65,LOW,OFFLOAD,CRITICAL: non-critical task offloaded (priority=LOW),
1771434250.679,0.0,47.30,4.7141,1.343,53.0,5,51880.935,-30.96406,0.04362,0.5492,1.0000,0.4532,1.0000,0.4362,0.4463,0.7077,CRITICAL,False,10,0,,,,,,
1771434250.679,0.0,,,,,,,,,,,,,,,0.7077,CRITICAL,,10,,t509_0,0.59,HIGH,OFFLOAD,CRITICAL: non-critical task offloaded (priority=HIGH),
1771434250.679,0.0,,,,,,,,,,,,,,,0.7077,CRITICAL,,10,,t509_1,0.80,NORMAL,OFFLOAD,CRITICAL: non-critical task offloaded (priority=NORMAL),
1771434250.679,0.0,,,,,,,,,,,,,,,0.7077,CRITICAL,,10,,t509_2,0.75,NORMAL,OFFLOAD,CRITICAL: non-critical task offloaded (priority=NORMAL),
1771434250.679,0.0,46.81,4.7268,1.294,49.5,4,46847.306,-22.24895,0.04295,0.4681,1.0000,0.4106,1.0000,0.4295,0.4068,0.6838,CRITICAL,False,10,0,,,,,,
1771434250.679,0.0,,,,,,,,,,,,,,,0.6838,CRITICAL,,10,,t510_0,0.25,LOW,OFFLOAD,CRITICAL: non-critical task offloaded (priority=LOW),
1771434250.679,0.0,,,,,,,,,,,,,,,0.6838,CRITICAL,,10,,t510_1,0.67,CRITICAL,LOCAL,CRITICAL: mission-critical task permitted locally (priority=CRITICAL),
1771434250.679,0.0,46.38,4.7057,1.423,58.8,5,,,0.04269,0.3959,0.0000,0.4811,0.0000,0.4269,0.4865,0.2501,WARNING,False,10,0,,,,,,
1771434250.679,0.0,,,,,,,,,,,,,,,0.2501,WARNING,,10,,t511_0,0.56,LOW,OFFLOAD,WARNING: heavy task offloaded (weight=0.56 >= 0.3),
1771434250.679,0.0,,,,,,,,,,,,,,,0.2501,WARNING,,10,,t511_1,0.44,HIGH,OFFLOAD,WARNING: heavy task offloaded (weight=0.44 >= 0.3),
1771434250.679,0.0,,,,,,,,,,,,,,,0.2501,WARNING,,10,,t511_2,0.18,NORMAL,LOCAL,WARNING: lightweight task permitted (weight=0.18 < 0.3),
1771434250.679,0.0,47.39,4.7099,1.415,58.2,5,,,0.04017,0.5657,0.0000,0.4669,0.0000,0.4017,0.4824,0.2652,WARNING,False,10,0,,,,,,
1771434250.679,0.0,,,,,,,,,,,,,,,0.2652,WARNING,,10,,t512_0,0.59,HIGH,OFFLOAD,WARNING: heavy task offloaded (weight=0.59 >= 0.3),
1771434250.679,0.0,46.86,4.7235,1.361,54.3,5,,,0.03837,0.4770,0.0000,0.4216,0.0000,0.3837,0.4554,0.2415,WARNING,False,10,0,,,,,,
1771434250.679,0.0,,,,,,,,,,,,,,,0.2415,WARNING,,10,,t513_0,0.76,LOW,OFFLOAD,WARNING: heavy task offloaded (weight=0.76 >= 0.3),
1771434250.679,0.0,46.30,4.7137,1.310,50.7,4,,,0.03525,0.3832,0.0000,0.4544,0.0000,0.3525,0.4152,0.2234,WARNING,False,10,0,,,,,,
1771434250.679,0.0,,,,,,,,,,,,,,,0.2234,WARNING,,10,,t514_0,0.61,NORMAL,OFFLOAD,WARNING: heavy task offloaded (weight=0.61 >= 0.3),
1771434250.679,0.0,,,,,,,,,,,,,,,0.2234,WARNING,,10,,t514_1,0.20,LOW,LOCAL,WARNING: lightweight task permitted (weight=0.20 < 0.3),
1771434250.679,0.0,46.68,4.6854,1.316,51.2,4,,,0.02330,0.4473,0.0000,0.5486,0.0000,0.2330,0.4182,0.2319,WARNING,False,10,0,,,,,,
1771434250.679,0.0,,,,,,,,,,,,,,,0.2319,WARNING,,10,,t515_0,0.18,NORMAL,LOCAL,WARNING: lightweight task permitted (weight=0.18 < 0.3),
1771434250.679,0.0,,,,,,,,,,,,,,,0.2319,WARNING,,10,,t515_1,0.44,HIGH,OFFLOAD,WARNING: heavy task offloaded (weight=0.44 >= 0.3),
1771434250.679,0.0,,,,,,,,,,,,,,,0.2319,WARNING,,10,,t515_2,0.33,LOW,OFFLOAD,WARNING: heavy task offloaded (weight=0.33 >= 0.3),
1771434250.679,0.0,46.88,4.7023,1.315,51.1,4,,,0.02050,0.4805,0.0000,0.4924,0.0000,0.2050,0.4177,0.2257,WARNING,False,10,0,,,,,,
1771434250.679,0.0,,,,,,,,,,,,,,,0.2257,WARNING,,10,,t516_0,0.15,NORMAL,LOCAL,WARNING: lightweight task permitted (weight=0.15 < 0.3),
1771434250.679,0.0,,,,,,,,,,,,,,,0.2257,WARNING,,10,,t516_1,0.47,NORMAL,OFFLOAD,WARNING: heavy task offloaded (weight=0.47 >= 0.3),
1771434250.679,0.0,,,,,,,,,,,,,,,0.2257,WARNING,,10,,t516_2,0.43,LOW,OFFLOAD,WARNING: heavy task offloaded (weight=0.43 >= 0.3),
1771434250.679,0.0,46.77,4.7308,1.308,50.6,4,,,0.01576,0.4619,0.0000,0.3973,0.0000,0.1576,0.4141,0.2057,WARNING,False,10,0,,,,,,
1771434250.679,0.0,,,,,,,,,,,,,,,0.2057,WARNING,,10,,t517_0,0.79,NORMAL,OFFLOAD,WARNING: heavy task offloaded (weight=0.79 >= 0.3),
1771434250.679,0.0,,,,,,,,,,,,,,,0.2057,WARNING,,10,,t517_1,0.22,HIGH,LOCAL,WARNING: lightweight task permitted (weight=0.22 < 0.3),
1771434250.679,0.0,,,,,,,,,,,,,,,0.2057,WARNING,,10,,t517_2,0.45,CRITICAL,OFFLOAD,WARNING: heavy task offloaded (weight=0.45 >= 0.3),
1771434250.679,0.0,47.04,4.7240,1.318,51.3,4,,,0.01393,0.5074,0.0000,0.4200,0.0000,0.1393,0.4190,0.2132,WARNING,False,10,0,,,,,,
1771434250.679,0.0,,,,,,,,,,,,,,,0.2132,WARNING,,10,,t518_0,0.89,NORMAL,OFFLOAD,WARNING: heavy task offloaded (weight=0.89 >= 0.3),
1771434250.679,0.0,,,,,,,,,,,,,,,0.2132,WARNING,,10,,t518_1,0.75,LOW,OFFLOAD,WARNING: heavy task offloaded (weight=0.75 >= 0.3),
1771434250.679,0.0,46.70,4.7138,1.271,47.9,4,,,0.01182,0.4504,0.0000,0.4541,0.0000,0.1182,0.3954,0.2040,WARNING,False,10,0,,,,,,window_reset|B=10
1771434250.679,0.0,,,,,,,,,,,,,,,0.2040,WARNING,,10,,t519_0,0.42,NORMAL,OFFLOAD,WARNING: heavy task offloaded (weight=0.42 >= 0.3),
1771434250.679,0.0,46.67,4.7494,1.227,44.8,4,,,0.01540,0.4453,0.0000,0.3354,0.0000,0.1540,0.3734,0.1871,WARNING,False,10,0,,,,,,
1771434250.679,0.0,,,,,,,,,,,,,,,0.1871,WARNING,,10,,t520_0,0.40,HIGH,OFFLOAD,WARNING: heavy task offloaded (weight=0.40 >= 0.3),
1771434250.679,0.0,,,,,,,,,,,,,,,0.1871,WARNING,,10,,t520_1,0.52,LOW,OFFLOAD,WARNING: heavy task offloaded (weight=0.52 >= 0.3),
1771434250.679,0.0,,,,,,,,,,,,,,,0.1871,WARNING,,10,,t520_2,0.16,NORMAL,LOCAL,WARNING: lightweight task permitted (weight=0.16 < 0.3),
1771434250.679,0.0,46.26,4.7252,1.228,44.9,4,,,0.01556,0.3767,0.0000,0.4161,0.0000,0.1556,0.3742,0.1897,WARNING,False,10,0,,,,,,
1771434250.679,0.0,,,,,,,,,,,,,,,0.1897,WARNING,,10,,t521_0,0.27,NORMAL,LOCAL,WARNING: lightweight task permitted (weight=0.27 < 0.3),
1771434250.679,0.0,,,,,,,,,,,,,,,0.1897,WARNING,,10,,t521_1,0.84,NORMAL,OFFLOAD,WARNING: heavy task offloaded (weight=0.84 >= 0.3),
1771434250.679,0.0,46.29,4.7298,1.259,47.1,4,,,0.01572,0.3825,0.0000,0.4007,0.0000,0.1572,0.3894,0.1916,WARNING,False,10,0,,,,,,
1771434250.679,0.0,,,,,,,,,,,,,,,0.1916,WARNING,,10,,t522_0,0.17,NORMAL,LOCAL,WARNING: lightweight task permitted (weight=0.17 < 0.3),
1771434250.679,0.0,45.95,4.7221,1.259,47.1,4,,,0.01532,0.3254,0.0000,0.4262,0.0000,0.1532,0.3895,0.1877,WARNING,False,10,0,,,,,,
1771434250.679,0.0,,,,,,,,,,,,,,,0.1877,WARNING,,10,,t523_0,0.23,NORMAL,LOCAL,WARNING: lightweight task permitted (weight=0.23 < 0.3),
1771434250.679,0.0,,,,,,,,,,,,,,,0.1877,WARNING,,10,,t523_1,0.63,HIGH,OFFLOAD,WARNING: heavy task offloaded (weight=0.63 >= 0.3),
1771434250.679,0.0,45.75,4.7569,1.277,48.4,4,,,0.01819,0.2913,0.0000,0.3104,0.0000,0.1819,0.3985,0.1732,SAFE,False,10,0,,,,,,
1771434250.679,0.0,,,,,,,,,,,,,,,0.1732,SAFE,,10,,t524_0,0.31,HIGH,LOCAL,SAFE: all tasks permitted (weight=0.31),
1771434250.679,0.0,,,,,,,,,,,,,,,0.1732,SAFE,,10,,t524_1,0.26,HIGH,LOCAL,SAFE: all tasks permitted (weight=0.26),
1771434250.679,0.0,46.00,4.6978,1.380,55.7,5,,,0.01948,0.3326,0.0000,0.5075,0.0000,0.1948,0.4652,0.2184,SAFE,False,10,0,,,,,,
1771434250.679,0.0,,,,,,,,,,,,,,,0.2184,SAFE,,10,,t525_0,0.36,NORMAL,LOCAL,SAFE: all tasks permitted (weight=0.36),
1771434250.679,0.0,,,,,,,,,,,,,,,0.2184,SAFE,,10,,t525_1,0.21,NORMAL,LOCAL,SAFE: all tasks permitted (weight=0.21),
1771434250.679,0.0,,,,,,,,,,,,,,,0.2184,SAFE,,10,,t525_2,0.81,NORMAL,LOCAL,SAFE: all tasks permitted (weight=0.81),
1771434250.679,0.0,45.80,4.6475,1.688,77.7,7,,,0.02818,0.3006,0.0000,0.6751,0.0000,0.2818,0.6488,0.2818,WARNING,False,10,0,,,,,,
1771434250.679,0.0,,,,,,,,,,,,,,,0.2818,WARNING,,10,,t526_0,0.59,HIGH,OFFLOAD,WARNING: heavy task offloaded (weight=0.59 >= 0.3),
1771434250.679,0.0,46.74,4.6542,1.614,72.5,6,,,0.03201,0.4568,0.0000,0.6526,0.0000,0.3201,0.5972,0.2911,WARNING,False,10,0,,,,,,
1771434250.680,0.0,,,,,,,,,,,,,,,0.2911,WARNING,,10,,t527_0,0.79,NORMAL,OFFLOAD,WARNING: heavy task offloaded (weight=0.79 >= 0.3),
1771434250.680,0.0,,,,,,,,,,,,,,,0.2911,WARNING,,10,,t527_1,0.71,NORMAL,OFFLOAD,WARNING: heavy task offloaded (weight=0.71 >= 0.3),
1771434250.680,0.0,46.56,4.6893,1.546,67.6,6,-4582.382,-39.76709,0.03256,0.4261,0.0000,0.5357,1.0000,0.3256,0.5632,0.4660,WARNING,False,10,0,,,,,,
1771434250.680,0.0,,,,,,,,,,,,,,,0.4660,WARNING,,10,,t528_0,0.43,NORMAL,OFFLOAD,WARNING: heavy task offloaded (weight=0.43 >= 0.3),
1771434250.680,0.0,47.44,4.6657,1.483,63.1,6,47029.208,-39.33840,0.03430,0.5740,1.0000,0.6142,1.0000,0.3430,0.5315,0.7393,CRITICAL,False,10,0,,,,,,
1771434250.680,0.0,,,,,,,,,,,,,,,0.7393,CRITICAL,,10,,t529_0,0.24,NORMAL,OFFLOAD,CRITICAL: non-critical task offloaded (priority=NORMAL),
1771434250.680,0.0,,,,,,,,,,,,,,,0.7393,CRITICAL,,10,,t529_1,0.75,NORMAL,OFFLOAD,CRITICAL: non-critical task offloaded (priority=NORMAL),
1771434250.680,0.0,46.88,4.7177,1.424,58.9,5,23298.012,-7.98330,0.03407,0.4803,1.0000,0.4409,1.0000,0.3407,0.4871,0.6964,CRITICAL,False,10,0,,,,,,
1771434250.680,0.0,,,,,,,,,,,,,,,0.6964,CRITICAL,,10,,t530_0,0.64,NORMAL,OFFLOAD,CRITICAL: non-critical task offloaded (priority=NORMAL),
1771434250.680,0.0,,,,,,,,,,,,,,,0.6964,CRITICAL,,10,,t530_1,0.31,NORMAL,OFFLOAD,CRITICAL: non-critical task offloaded (priority=NORMAL),
1771434250.680,0.0,47.05,4.7177,1.369,55.0,5,43482.002,-2.91041,0.03417,0.5079,1.0000,0.4409,1.0000,0.3417,0.4597,0.6944,CRITICAL,False,10,0,,,,,,
1771434250.680,0.0,,,,,,,,,,,,,,,0.6944,CRITICAL,,10,,t531_0,0.47,LOW,OFFLOAD,CRITICAL: non-critical task offloaded (priority=LOW),
1771434250.680,0.0,,,,,,,,,,,,,,,0.6944,CRITICAL,,10,,t531_1,0.60,HIGH,OFFLOAD,CRITICAL: non-critical task offloaded (priority=HIGH),
1771434250.680,0.0,,,,,,,,,,,,,,,0.6944,CRITICAL,,10,,t531_2,0.39,NORMAL,OFFLOAD,CRITICAL: non-critical task offloaded (priority=NORMAL),
1771434250.680,0.0,46.63,4.7202,1.319,51.3,4,34898.931,-24.29268,0.03197,0.4377,1.0000,0.4328,1.0000,0.3197,0.4193,0.6746,CRITICAL,False,10,0,,,,,,window_reset|B=10
1771434250.680,0.0,,,,,,,,,,,,,,,0.6746,CRITICAL,,10,,t532_0,0.74,NORMAL,OFFLOAD,CRITICAL: non-critical task offloaded (priority=NORMAL),
1771434250.680,0.0,46.96,4.7506,1.271,47.9,4,38322.898,34.97073,0.03410,0.4934,1.0000,0.3314,0.0000,0.3410,0.3956,0.4655,CRITICAL,False,10,0,,,,,,
1771434250.680,0.0,,,,,,,,,,,,,,,0.4655,CRITICAL,,10,,t533_0,0.38,LOW,OFFLOAD,CRITICAL: non-critical task offloaded (priority=LOW),
1771434250.680,0.0,,,,,,,,,,,,,,,0.4655,CRITICAL,,10,,t533_1,0.39,NORMAL,OFFLOAD,CRITICAL: non-critical task offloaded (priority=NORMAL),
1771434250.680,0.0,,,,,,,,,,,,,,,0.4655,CRITICAL,,10,,t533_2,0.35,CRITICAL,LOCAL,CRITICAL: mission-critical task permitted locally (priority=CRITICAL),
1771434250.680,0.0,46.20,4.7025,1.317,51.2,4,15834.974,36.44277,0.03332,0.3670,1.0000,0.4916,0.0000,0.3332,0.4185,0.4750,CRITICAL,False,10,0,,,,,,
1771434250.680,0.0,,,,,,,,,,,,,,,0.4750,CRITICAL,,10,,t534_0,0.32,LOW,OFFLOAD,CRITICAL: non-critical task offloaded (priority=LOW),
1771434250.680,0.0,,,,,,,,,,,,,,,0.4750,CRITICAL,,10,,t534_1,0.75,NORMAL,OFFLOAD,CRITICAL: non-critical task offloaded (priority=NORMAL),
1771434250.680,0.0,46.60,4.7287,1.270,47.8,4,-5668.803,49.32657,0.03368,0.4330,0.0000,0.4043,0.0000,0.3368,0.3949,0.2172,WARNING,False,10,0,,,,,,
1771434250.680,0.0,,,,,,,,,,,,,,,0.2172,WARNING,,10,,t535_0,0.31,LOW,OFFLOAD,WARNING: heavy task offloaded (weight=0.31 >= 0.3),
1771434250.680,0.0,,,,,,,,,,,,,,,0.2172,WARNING,,10,,t535_1,0.69,NORMAL,OFFLOAD,WARNING: heavy task offloaded (weight=0.69 >= 0.3),
1771434250.680,0.0,46.19,4.7281,1.226,44.7,4,,,0.03073,0.3652,0.0000,0.4062,0.0000,0.3073,0.3729,0.2019,WARNING,False,10,0,,,,,,
1771434250.680,0.0,,,,,,,,,,,,,,,0.2019,WARNING,,10,,t536_0,0.31,NORMAL,OFFLOAD,WARNING: heavy task offloaded (weight=0.31 >= 0.3),
1771434250.680,0.0,,,,,,,,,,,,,,,0.2019,WARNING,,10,,t536_1,0.58,LOW,OFFLOAD,WARNING: heavy task offloaded (weight=0.58 >= 0.3),
1771434250.680,0.0,,,,,,,,,,,,,,,0.2019,WARNING,,10,,t536_2,0.83,LOW,OFFLOAD,WARNING: heavy task offloaded (weight=0.83 >= 0.3),
1771434250.680,0.0,46.32,4.7384,1.185,41.8,3,,,0.03231,0.3860,0.0000,0.3720,0.0000,0.3231,0.3375,0.1945,WARNING,False,10,0,,,,,,
1771434250.680,0.0,,,,,,,,,,,,,,,0.1945,WARNING,,10,,t537_0,0.51,HIGH,OFFLOAD,WARNING: heavy task offloaded (weight=0.51 >= 0.3),
1771434250.680,0.0,,,,,,,,,,,,,,,0.1945,WARNING,,10,,t537_1,0.89,HIGH,OFFLOAD,WARNING: heavy task offloaded (weight=0.89 >= 0.3),
1771434250.680,0.0,,,,,,,,,,,,,,,0.1945,WARNING,,10,,t537_2,0.22,NORMAL,LOCAL,WARNING: lightweight task permitted (weight=0.22 < 0.3),
1771434250.680,0.0,,,,,,,,,,,,,,,0.1945,WARNING,,10,,t537_3,0.51,NORMAL,OFFLOAD,WARNING: heavy task offloaded (weight=0.51 >= 0.3),
1771434250.680,0.0,,,,,,,,,,,,,,,0.1945,WARNING,,10,,t537_4,0.35,CRITICAL,OFFLOAD,WARNING: heavy task offloaded (weight=0.35 >= 0.3),
1771434250.681,0.0,45.73,4.7489,1.205,43.2,4,-68637.226,30.91751,0.02926,0.2881,0.0000,0.3371,0.0000,0.2926,0.3624,0.1801,WARNING,False,10,0,,,,,,
1771434250.681,0.0,,,,,,,,,,,,,,,0.1801,WARNING,,10,,t538_0,0.80,NORMAL,OFFLOAD,WARNING: heavy task offloaded (weight=0.80 >= 0.3),
1771434250.681,0.0,,,,,,,,,,,,,,,0.1801,WARNING,,10,,t538_1,0.48,LOW,OFFLOAD,WARNING: heavy task offloaded (weight=0.48 >= 0.3),
1771434250.681,0.0,,,,,,,,,,,,,,,0.1801,WARNING,,10,,t538_2,0.54,LOW,OFFLOAD,WARNING: heavy task offloaded (weight=0.54 >= 0.3),
1771434250.681,0.0,,,,,,,,,,,,,,,0.1801,WARNING,,10,,t538_3,0.38,NORMAL,OFFLOAD,WARNING: heavy task offloaded (weight=0.38 >= 0.3),
1771434250.681,0.0,,,,,,,,,,,,,,,0.1801,WARNING,,10,,t538_4,0.29,LOW,LOCAL,WARNING: lightweight task permitted (weight=0.29 < 0.3),
1771434250.681,0.0,46.39,4.7352,1.241,45.8,4,-39397.123,17.32247,0.02360,0.3976,0.0000,0.3827,0.0000,0.2360,0.3806,0.1972,WARNING,False,10,0,,,,,,
1771434250.681,0.0,,,,,,,,,,,,,,,0.1972,WARNING,,10,,t539_0,0.26,HIGH,LOCAL,WARNING: lightweight task permitted (weight=0.26 < 0.3),
1771434250.681,0.0,,,,,,,,,,,,,,,0.1972,WARNING,,10,,t539_1,0.74,HIGH,OFFLOAD,WARNING: heavy task offloaded (weight=0.74 >= 0.3),
1771434250.681,0.0,45.88,4.7213,1.267,47.7,4,-44213.284,1.15957,0.02168,0.3139,0.0000,0.4289,0.0000,0.2168,0.3937,0.1939,WARNING,False,10,0,,,,,,
1771434250.681,0.0,,,,,,,,,,,,,,,0.1939,WARNING,,10,,t540_0,0.65,NORMAL,OFFLOAD,WARNING: heavy task offloaded (weight=0.65 >= 0.3),
1771434250.681,0.0,,,,,,,,,,,,,,,0.1939,WARNING,,10,,t540_1,0.86,HIGH,OFFLOAD,WARNING: heavy task offloaded (weight=0.86 >= 0.3),
1771434250.681,0.0,,,,,,,,,,,,,,,0.1939,WARNING,,10,,t540_2,0.77,HIGH,OFFLOAD,WARNING: heavy task offloaded (weight=0.77 >= 0.3),
1771434250.681,0.0,,,,,,,,,,,,,,,0.1939,WARNING,,10,,t540_3,0.47,LOW,OFFLOAD,WARNING: heavy task offloaded (weight=0.47 >= 0.3),
1771434250.681,0.0,,,,,,,,,,,,,,,0.1939,WARNING,,10,,t540_4,0.88,LOW,OFFLOAD,WARNING: heavy task offloaded (weight=0.88 >= 0.3),
1771434250.681,0.0,46.18,4.7495,1.224,44.5,4,-46517.917,-1.04063,0.01441,0.3632,0.0000,0.3349,1.0000,0.1441,0.3718,0.3759,WARNING,False,10,0,,,,,,
1771434250.681,0.0,,,,,,,,,,,,,,,0.3759,WARNING,,10,,t541_0,0.53,NORMAL,OFFLOAD,WARNING: heavy task offloaded (weight=0.53 >= 0.3),
1771434250.681,0.0,,,,,,,,,,,,,,,0.3759,WARNING,,10,,t541_1,0.63,LOW,OFFLOAD,WARNING: heavy task offloaded (weight=0.63 >= 0.3),
1771434250.681,0.0,,,,,,,,,,,,,,,0.3759,WARNING,,10,,t541_2,0.38,LOW,OFFLOAD,WARNING: heavy task offloaded (weight=0.38 >= 0.3),
1771434250.681,0.0,,,,,,,,,,,,,,,0.3759,WARNING,,10,,t541_3,0.52,CRITICAL,OFFLOAD,WARNING: heavy task offloaded (weight=0.52 >= 0.3),
1771434250.681,0.0,,,,,,,,,,,,,,,0.3759,WARNING,,10,,t541_4,0.64,CRITICAL,OFFLOAD,WARNING: heavy task offloaded (weight=0.64 >= 0.3),
1771434250.681,0.0,,,,,,,,,,,,,,,0.3759,WARNING,,10,,t541_5,0.72,NORMAL,OFFLOAD,WARNING: heavy task offloaded (weight=0.72 >= 0.3),
1771434250.681,0.0,45.86,4.7730,1.183,41.6,3,-20353.456,69.93943,0.01813,0.3100,0.0000,0.2566,0.0000,0.1813,0.3365,0.1560,SAFE,False,10,0,,,,,,
1771434250.681,0.0,,,,,,,,,,,,,,,0.1560,SAFE,,10,,t542_0,0.72,NORMAL,LOCAL,SAFE: all tasks permitted (weight=0.72),
1771434250.681,0.0,,,,,,,,,,,,,,,0.1560,SAFE,,10,,t542_1,0.48,HIGH,LOCAL,SAFE: all tasks permitted (weight=0.48),
1771434250.681,0.0,45.75,4.6591,1.458,61.3,5,-50319.698,-69.04165,0.02748,0.2922,0.0000,0.6362,1.0000,0.2748,0.5041,0.4461,WARNING,False,10,0,,,,,,
1771434250.681,0.0,,,,,,,,,,,,,,,0.4461,WARNING,,10,,t543_0,0.46,NORMAL,OFFLOAD,WARNING: heavy task offloaded (weight=0.46 >= 0.3),
1771434250.681,0.0,,,,,,,,,,,,,,,0.4461,WARNING,,10,,t543_1,0.73,HIGH,OFFLOAD,WARNING: heavy task offloaded (weight=0.73 >= 0.3),
1771434250.681,0.0,,,,,,,,,,,,,,,0.4461,WARNING,,10,,t543_2,0.32,NORMAL,OFFLOAD,WARNING: heavy task offloaded (weight=0.32 >= 0.3),
1771434250.681,0.0,46.06,4.6976,1.401,57.2,5,-7870.003,-30.28646,0.02880,0.3432,0.0000,0.5080,1.0000,0.2880,0.4756,0.4311,WARNING,False,10,0,,,,,,
1771434250.681,0.0,,,,,,,,,,,,,,,0.4311,WARNING,,10,,t544_0,0.48,NORMAL,OFFLOAD,WARNING: heavy task offloaded (weight=0.48 >= 0.3),
1771434250.681,0.0,45.66,4.7073,1.348,53.4,5,-38851.191,-30.82374,0.02842,0.2773,0.0000,0.4755,1.0000,0.2842,0.4490,0.4133,WARNING,False,10,0,,,,,,window_reset|B=10
1771434250.681,0.0,,,,,,,,,,,,,,,0.4133,WARNING,,10,,t545_0,0.29,LOW,LOCAL,WARNING: lightweight task permitted (weight=0.29 < 0.3),
1771434250.681,0.0,,,,,,,,,,,,,,,0.4133,WARNING,,10,,t545_1,0.23,NORMAL,LOCAL,WARNING: lightweight task permitted (weight=0.23 < 0.3),
1771434250.681,0.0,45.96,4.7051,1.432,59.4,5,,,0.02827,0.3266,0.0000,0.4830,0.0000,0.2827,0.4911,0.2285,WARNING,False,10,0,,,,,,
1771434250.681,0.0,,,,,,,,,,,,,,,0.2285,WARNING,,10,,t546_0,0.64,CRITICAL,OFFLOAD,WARNING: heavy task offloaded (weight=0.64 >= 0.3),
1771434250.681,0.0,,,,,,,,,,,,,,,0.2285,WARNING,,10,,t546_1,0.76,LOW,OFFLOAD,WARNING: heavy task offloaded (weight=0.76 >= 0.3),
1771434250.681,0.0,45.94,4.7215,1.377,55.5,5,,,0.02824,0.3228,0.0000,0.4282,0.0000,0.2824,0.4635,0.2153,WARNING,False,10,0,,,,,,
1771434250.681,0.0,,,,,,,,,,,,,,,0.2153,WARNING,,10,,t547_0,0.88,NORMAL,OFFLOAD,WARNING: heavy task offloaded (weight=0.88 >= 0.3),
1771434250.681,0.0,,,,,,,,,,,,,,,0.2153,WARNING,,10,,t547_1,0.17,NORMAL,LOCAL,WARNING: lightweight task permitted (weight=0.17 < 0.3),
1771434250.681,0.0,,,,,,,,,,,,,,,0.2153,WARNING,,10,,t547_2,0.55,CRITICAL,OFFLOAD,WARNING: heavy task offloaded (weight=0.55 >= 0.3),
1771434250.681,0.0,46.04,4.7411,1.369,54.9,5,,,0.02864,0.3393,0.0000,0.3630,0.0000,0.2864,0.4593,0.2084,WARNING,False,10,0,,,,,,
1771434250.681,0.0,,,,,,,,,,,,,,,0.2084,WARNING,,10,,t548_0,0.36,HIGH,OFFLOAD,WARNING: heavy task offloaded (weight=0.36 >= 0.3),
1771434250.681,0.0,,,,,,,,,,,,,,,0.2084,WARNING,,10,,t548_1,0.78,NORMAL,OFFLOAD,WARNING: heavy task offloaded (weight=0.78 >= 0.3),
1771434250.681,0.0,,,,,,,,,,,,,,,0.2084,WARNING,,10,,t548_2,0.29,NORMAL,LOCAL,WARNING: lightweight task permitted (weight=0.29 < 0.3),
1771434250.681,0.0,45.88,4.7217,1.394,56.7,5,,,0.02835,0.3140,0.0000,0.4276,0.0000,0.2835,0.4719,0.2160,WARNING,False,10,0,,,,,,
1771434250.681,0.0,,,,,,,,,,,,,,,0.2160,WARNING,,10,,t549_0,0.84,HIGH,OFFLOAD,WARNING: heavy task offloaded (weight=0.84 >= 0.3),
1771434250.681,0.0,,,,,,,,,,,,,,,0.2160,WARNING,,10,,t549_1,0.45,NORMAL,OFFLOAD,WARNING: heavy task offloaded (weight=0.45 >= 0.3),
1771434250.681,0.0,,,,,,,,,,,,,,,0.2160,WARNING,,10,,t549_2,0.16,NORMAL,LOCAL,WARNING: lightweight task permitted (weight=0.16 < 0.3),
1771434250.681,0.0,46.12,4.6854,1.382,55.9,5,,,0.02903,0.3542,0.0000,0.5488,0.0000,0.2903,0.4660,0.2361,WARNING,False,10,0,,,,,,
1771434250.681,0.0,,,,,,,,,,,,,,,0.2361,WARNING,,10,,t550_0,0.25,NORMAL,LOCAL,WARNING: lightweight task permitted (weight=0.25 < 0.3),
1771434250.681,0.0,,,,,,,,,,,,,,,0.2361,WARNING,,10,,t550_1,0.41,NORMAL,OFFLOAD,WARNING: heavy task offloaded (weight=0.41 >= 0.3),
1771434250.681,0.0,45.88,4.7012,1.394,56.7,5,,,0.02889,0.3126,0.0000,0.4959,0.0000,0.2889,0.4722,0.2253,WARNING,False,10,0,,,,,,
1771434250.681,0.0,,,,,,,,,,,,,,,0.2253,WARNING,,10,,t551_0,0.49,LOW,OFFLOAD,WARNING: heavy task offloaded (weight=0.49 >= 0.3),
1771434250.682,0.0,,,,,,,,,,,,,,,0.2253,WARNING,,10,,t551_1,0.32,NORMAL,OFFLOAD,WARNING: heavy task offloaded (weight=0.32 >= 0.3),
1771434250.682,0.0,,,,,,,,,,,,,,,0.2253,WARNING,,10,,t551_2,0.58,HIGH,OFFLOAD,WARNING: heavy task offloaded (weight=0.58 >= 0.3),
1771434250.682,0.0,46.46,4.7078,1.342,53.0,4,23952.582,10.23576,0.02889,0.4098,1.0000,0.4738,0.0000,0.2889,0.4309,0.4758,WARNING,False,10,0,,,,,,
1771434250.682,0.0,,,,,,,,,,,,,,,0.4758,WARNING,,10,,t552_0,0.85,NORMAL,OFFLOAD,WARNING: heavy task offloaded (weight=0.85 >= 0.3),
1771434250.682,0.0,,,,,,,,,,,,,,,0.4758,WARNING,,10,,t552_1,0.21,NORMAL,LOCAL,WARNING: lightweight task permitted (weight=0.21 < 0.3),
1771434250.682,0.0,,,,,,,,,,,,,,,0.4758,WARNING,,10,,t552_2,0.84,NORMAL,OFFLOAD,WARNING: heavy task offloaded (weight=0.84 >= 0.3),
1771434250.682,0.0,,,,,,,,,,,,,,,0.4758,WARNING,,10,,t552_3,0.54,NORMAL,OFFLOAD,WARNING: heavy task offloaded (weight=0.54 >= 0.3),
1771434250.682,0.0,46.18,4.7278,1.348,53.4,5,30971.483,20.40283,0.02726,0.3634,1.0000,0.4074,0.0000,0.2726,0.4489,0.4636,WARNING,False,10,0,,,,,,
1771434250.682,0.0,,,,,,,,,,,,,,,0.4636,WARNING,,10,,t553_0,0.70,NORMAL,OFFLOAD,WARNING: heavy task offloaded (weight=0.70 >= 0.3),
1771434250.682,0.0,,,,,,,,,,,,,,,0.4636,WARNING,,10,,t553_1,0.32,HIGH,OFFLOAD,WARNING: heavy task offloaded (weight=0.32 >= 0.3),
1771434250.682,0.0,45.45,4.7265,1.298,49.9,4,-30364.094,21.36974,0.02094,0.2421,0.0000,0.4117,0.0000,0.2094,0.4092,0.1853,WARNING,False,10,0,,,,,,
1771434250.682,0.0,,,,,,,,,,,,,,,0.1853,WARNING,,10,,t554_0,0.38,HIGH,OFFLOAD,WARNING: heavy task offloaded (weight=0.38 >= 0.3),
1771434250.682,0.0,,,,,,,,,,,,,,,0.1853,WARNING,,10,,t554_1,0.77,LOW,OFFLOAD,WARNING: heavy task offloaded (weight=0.77 >= 0.3),
1771434250.682,0.0,,,,,,,,,,,,,,,0.1853,WARNING,,10,,t554_2,0.41,HIGH,OFFLOAD,WARNING: heavy task offloaded (weight=0.41 >= 0.3),
1771434250.682,0.0,45.62,4.7402,1.252,46.6,4,-18781.085,18.60741,0.01652,0.2706,0.0000,0.3661,0.0000,0.1652,0.3862,0.1738,SAFE,False,10,0,,,,,,
1771434250.682,0.0,,,,,,,,,,,,,,,0.1738,SAFE,,10,,t555_0,0.39,NORMAL,LOCAL,SAFE: all tasks permitted (weight=0.39),
1771434250.682,0.0,,,,,,,,,,,,,,,0.1738,SAFE,,10,,t555_1,0.25,NORMAL,LOCAL,SAFE: all tasks permitted (weight=0.25),
1771434250.682,0.0,,,,,,,,,,,,,,,0.1738,SAFE,,10,,t555_2,0.18,HIGH,LOCAL,SAFE: all tasks permitted (weight=0.18),
1771434250.682,0.0,45.49,4.7098,1.424,58.8,5,-32553.299,-31.26496,0.01576,0.2488,0.0000,0.4674,1.0000,0.1576,0.4868,0.4037,WARNING,False,10,0,,,,,,
1771434250.682,0.0,,,,,,,,,,,,,,,0.4037,WARNING,,10,,t556_0,0.75,CRITICAL,OFFLOAD,WARNING: heavy task offloaded (weight=0.75 >= 0.3),
1771434250.682,0.0,,,,,,,,,,,,,,,0.4037,WARNING,,10,,t556_1,0.81,LOW,OFFLOAD,WARNING: heavy task offloaded (weight=0.81 >= 0.3),
1771434250.682,0.0,46.10,4.6921,1.369,54.9,5,12798.451,-29.58852,0.01699,0.3496,1.0000,0.5263,1.0000,0.1699,0.4595,0.6693,CRITICAL,False,10,0,,,,,,
1771434250.682,0.0,,,,,,,,,,,,,,,0.6693,CRITICAL,,10,,t557_0,0.15,NORMAL,OFFLOAD,CRITICAL: non-critical task offloaded (priority=NORMAL),
1771434250.682,0.0,45.87,4.7155,1.318,51.3,4,-15467.973,30.10442,0.01673,0.3112,0.0000,0.4484,0.0000,0.1673,0.4190,0.1962,WARNING,False,10,0,,,,,,window_reset|B=10
1771434250.682,0.0,,,,,,,,,,,,,,,0.1962,WARNING,,10,,t558_0,0.73,NORMAL,OFFLOAD,WARNING: heavy task offloaded (weight=0.73 >= 0.3),
1771434250.682,0.0,,,,,,,,,,,,,,,0.1962,WARNING,,10,,t558_1,0.31,CRITICAL,OFFLOAD,WARNING: heavy task offloaded (weight=0.31 >= 0.3),
1771434250.682,0.0,,,,,,,,,,,,,,,0.1962,WARNING,,10,,t558_2,0.84,NORMAL,OFFLOAD,WARNING: heavy task offloaded (weight=0.84 >= 0.3),
1771434250.682,0.0,46.30,4.7401,1.271,47.9,4,25258.249,38.86619,0.01799,0.3828,1.0000,0.3663,0.0000,0.1799,0.3954,0.4406,WARNING,False,10,0,,,,,,
1771434250.682,0.0,,,,,,,,,,,,,,,0.4406,WARNING,,10,,t559_0,0.88,NORMAL,OFFLOAD,WARNING: heavy task offloaded (weight=0.88 >= 0.3),
1771434250.682,0.0,,,,,,,,,,,,,,,0.4406,WARNING,,10,,t559_1,0.81,NORMAL,OFFLOAD,WARNING: heavy task offloaded (weight=0.81 >= 0.3),
1771434250.682,0.0,45.71,4.7872,1.227,44.8,4,,,0.02585,0.2849,0.0000,0.2093,0.0000,0.2585,0.3734,0.1619,SAFE,False,10,0,,,,,,
1771434250.682,0.0,,,,,,,,,,,,,,,0.1619,SAFE,,10,,t560_0,0.23,NORMAL,LOCAL,SAFE: all tasks permitted (weight=0.23),
1771434250.682,0.0,46.39,4.7676,1.245,46.0,4,,,0.02885,0.3987,0.0000,0.2747,0.0000,0.2885,0.3823,0.1889,SAFE,False,10,0,,,,,,
1771434250.682,0.0,,,,,,,,,,,,,,,0.1889,SAFE,,10,,t561_0,0.62,LOW,LOCAL,SAFE: all tasks permitted (weight=0.62),
1771434250.682,0.0,,,,,,,,,,,,,,,0.1889,SAFE,,10,,t561_1,0.59,HIGH,LOCAL,SAFE: all tasks permitted (weight=0.59),
1771434250.682,0.0,46.02,4.6568,1.517,65.5,6,,,0.03292,0.3373,0.0000,0.6441,0.0000,0.3292,0.5483,0.2668,WARNING,False,10,0,,,,,,
1771434250.682,0.0,,,,,,,,,,,,,,,0.2668,WARNING,,10,,t562_0,0.49,NORMAL,OFFLOAD,WARNING: heavy task offloaded (weight=0.49 >= 0.3),
1771434250.682,0.0,,,,,,,,,,,,,,,0.2668,WARNING,,10,,t562_1,0.55,HIGH,OFFLOAD,WARNING: heavy task offloaded (weight=0.55 >= 0.3),
1771434250.682,0.0,46.05,4.6740,1.455,61.1,5,,,0.03519,0.3416,0.0000,0.5867,0.0000,0.3519,0.5027,0.2530,WARNING,False,10,0,,,,,,
1771434250.682,0.0,,,,,,,,,,,,,,,0.2530,WARNING,,10,,t563_0,0.31,LOW,OFFLOAD,WARNING: heavy task offloaded (weight=0.31 >= 0.3),
1771434250.682,0.0,,,,,,,,,,,,,,,0.2530,WARNING,,10,,t563_1,0.26,LOW,LOCAL,WARNING: lightweight task permitted (weight=0.26 < 0.3),
1771434250.682,0.0,46.05,4.6832,1.467,61.9,5,,,0.03656,0.3421,0.0000,0.5560,0.0000,0.3656,0.5083,0.2515,WARNING,False,10,0,,,,,,
1771434250.682,0.0,,,,,,,,,,,,,,,0.2515,WARNING,,10,,t564_0,0.63,HIGH,OFFLOAD,WARNING: heavy task offloaded (weight=0.63 >= 0.3),
1771434250.682,0.0,,,,,,,,,,,,,,,0.2515,WARNING,,10,,t564_1,0.47,HIGH,OFFLOAD,WARNING: heavy task offloaded (weight=0.47 >= 0.3),
1771434250.682,0.0,,,,,,,,,,,,,,,0.2515,WARNING,,10,,t564_2,0.58,NORMAL,OFFLOAD,WARNING: heavy task offloaded (weight=0.58 >= 0.3),
1771434250.682,0.0,,,,,,,,,,,,,,,0.2515,WARNING,,10,,t564_3,0.81,HIGH,OFFLOAD,WARNING: heavy task offloaded (weight=0.81 >= 0.3),
1771434250.682,0.0,,,,,,,,,,,,,,,0.2515,WARNING,,10,,t564_4,0.55,LOW,OFFLOAD,WARNING: heavy task offloaded (weight=0.55 >= 0.3),
1771434250.682,0.0,,,,,,,,,,,,,,,0.2515,WARNING,,10,,t564_5,0.90,NORMAL,OFFLOAD,WARNING: heavy task offloaded (weight=0.90 >= 0.3),
1771434250.682,0.0,46.02,4.7142,1.409,57.8,5,,,0.03646,0.3370,0.0000,0.4528,0.0000,0.3646,0.4794,0.2316,WARNING,False,10,0,,,,,,
1771434250.682,0.0,,,,,,,,,,,,,,,0.2316,WARNING,,10,,t565_0,0.32,NORMAL,OFFLOAD,WARNING: heavy task offloaded (weight=0.32 >= 0.3),
1771434250.682,0.0,,,,,,,,,,,,,,,0.2316,WARNING,,10,,t565_1,0.81,LOW,OFFLOAD,WARNING: heavy task offloaded (weight=0.81 >= 0.3),
1771434250.682,0.0,,,,,,,,,,,,,,,0.2316,WARNING,,10,,t565_2,0.18,LOW,LOCAL,WARNING: lightweight task permitted (weight=0.18 < 0.3),
1771434250.682,0.0,,,,,,,,,,,,,,,0.2316,WARNING,,10,,t565_3,0.86,LOW,OFFLOAD,WARNING: heavy task offloaded (weight=0.86 >= 0.3),
1771434250.682,0.0,,,,,,,,,,,,,,,0.2316,WARNING,,10,,t565_4,0.66,LOW,OFFLOAD,WARNING: heavy task offloaded (weight=0.66 >= 0.3),
1771434250.683,0.0,45.95,4.6873,1.402,57.3,5,4827.225,-28.15626,0.03723,0.3246,1.0000,0.5423,1.0000,0.3723,0.4758,0.6918,CRITICAL,False,10,0,,,,,,
1771434250.683,0.0,,,,,,,,,,,,,,,0.6918,CRITICAL,,10,,t566_0,0.82,HIGH,OFFLOAD,CRITICAL: non-critical task offloaded (priority=HIGH),
1771434250.683,0.0,,,,,,,,,,,,,,,0.6918,CRITICAL,,10,,t566_1,0.63,HIGH,OFFLOAD,CRITICAL: non-critical task offloaded (priority=HIGH),
1771434250.683,0.0,,,,,,,,,,,,,,,0.6918,CRITICAL,,10,,t566_2,0.80,NORMAL,OFFLOAD,CRITICAL: non-critical task offloaded (priority=NORMAL),
1771434250.683,0.0,46.09,4.7061,1.348,53.5,5,-12529.516,-33.99063,0.03642,0.3480,0.0000,0.4796,1.0000,0.3642,0.4492,0.4304,CRITICAL,False,10,0,,,,,,
1771434250.683,0.0,,,,,,,,,,,,,,,0.4304,CRITICAL,,10,,t567_0,0.31,CRITICAL,LOCAL,CRITICAL: mission-critical task permitted locally (priority=CRITICAL),
1771434250.683,0.0,,,,,,,,,,,,,,,0.4304,CRITICAL,,10,,t567_1,0.32,NORMAL,OFFLOAD,CRITICAL: non-critical task offloaded (priority=NORMAL),
1771434250.683,0.0,,,,,,,,,,,,,,,0.4304,CRITICAL,,10,,t567_2,0.50,HIGH,OFFLOAD,CRITICAL: non-critical task offloaded (priority=HIGH),
1771434250.683,0.0,46.23,4.6911,1.380,55.7,5,30988.947,-96.10310,0.03684,0.3710,1.0000,0.5297,1.0000,0.3684,0.4649,0.6932,CRITICAL,False,10,0,,,,,,
1771434250.683,0.0,,,,,,,,,,,,,,,0.6932,CRITICAL,,10,,t568_0,0.38,LOW,OFFLOAD,CRITICAL: non-critical task offloaded (priority=LOW),
1771434250.683,0.0,,,,,,,,,,,,,,,0.6932,CRITICAL,,10,,t568_1,0.36,LOW,OFFLOAD,CRITICAL: non-critical task offloaded (priority=LOW),
1771434250.683,0.0,,,,,,,,,,,,,,,0.6932,CRITICAL,,10,,t568_2,0.84,NORMAL,OFFLOAD,CRITICAL: non-critical task offloaded (priority=NORMAL),
1771434250.683,0.0,,,,,,,,,,,,,,,0.6932,CRITICAL,,10,,t568_3,0.34,NORMAL,OFFLOAD,CRITICAL: non-critical task offloaded (priority=NORMAL),
1771434250.683,0.0,46.39,4.7001,1.328,52.0,4,-37.214,-67.51477,0.03659,0.3986,0.0000,0.4998,1.0000,0.3659,0.4241,0.4342,CRITICAL,False,10,0,,,,,,
1771434250.683,0.0,,,,,,,,,,,,,,,0.4342,CRITICAL,,10,,t569_0,0.56,LOW,OFFLOAD,CRITICAL: non-critical task offloaded (priority=LOW),
1771434250.683,0.0,45.98,4.7565,1.280,48.6,4,-2537.559,99.72611,0.03877,0.3303,0.0000,0.3116,0.0000,0.3877,0.4001,0.1989,WARNING,False,10,0,,,,,,
1771434250.683,0.0,,,,,,,,,,,,,,,0.1989,WARNING,,10,,t570_0,0.28,LOW,LOCAL,WARNING: lightweight task permitted (weight=0.28 < 0.3),
1771434250.683,0.0,,,,,,,,,,,,,,,0.1989,WARNING,,10,,t570_1,0.56,HIGH,OFFLOAD,WARNING: heavy task offloaded (weight=0.56 >= 0.3),
1771434250.683,0.0,,,,,,,,,,,,,,,0.1989,WARNING,,10,,t570_2,0.51,HIGH,OFFLOAD,WARNING: heavy task offloaded (weight=0.51 >= 0.3),
1771434250.683,0.0,,,,,,,,,,,,,,,0.1989,WARNING,,10,,t570_3,0.16,NORMAL,LOCAL,WARNING: lightweight task permitted (weight=0.16 < 0.3),
1771434250.683,0.0,,,,,,,,,,,,,,,0.1989,WARNING,,10,,t570_4,0.33,NORMAL,OFFLOAD,WARNING: heavy task offloaded (weight=0.33 >= 0.3),
1771434250.683,0.0,,,,,,,,,,,,,,,0.1989,WARNING,,10,,t570_5,0.39,NORMAL,OFFLOAD,WARNING: heavy task offloaded (weight=0.39 >= 0.3),
1771434250.683,0.0,45.76,4.6735,1.348,53.4,5,-17346.985,-0.51636,0.03935,0.2934,0.0000,0.5884,1.0000,0.3935,0.4490,0.4408,WARNING,False,10,0,,,,,,window_reset|B=10
1771434250.683,0.0,,,,,,,,,,,,,,,0.4408,WARNING,,10,,t571_0,0.54,NORMAL,OFFLOAD,WARNING: heavy task offloaded (weight=0.54 >= 0.3),
1771434250.683,0.0,46.24,4.7003,1.299,49.9,4,11175.686,17.06319,0.03131,0.3732,1.0000,0.4991,0.0000,0.3131,0.4093,0.4728,WARNING,False,10,0,,,,,,
1771434250.683,0.0,,,,,,,,,,,,,,,0.4728,WARNING,,10,,t572_0,0.47,CRITICAL,OFFLOAD,WARNING: heavy task offloaded (weight=0.47 >= 0.3),
1771434250.683,0.0,,,,,,,,,,,,,,,0.4728,WARNING,,10,,t572_1,0.79,NORMAL,OFFLOAD,WARNING: heavy task offloaded (weight=0.79 >= 0.3),
1771434250.683,0.0,46.35,4.7390,1.253,46.6,4,19690.466,24.88059,0.02692,0.3917,1.0000,0.3699,0.0000,0.2692,0.3863,0.4493,WARNING,False,10,0,,,,,,
1771434250.683,0.0,,,,,,,,,,,,,,,0.4493,WARNING,,10,,t573_0,0.23,NORMAL,LOCAL,WARNING: lightweight task permitted (weight=0.23 < 0.3),
1771434250.683,0.0,46.05,4.7068,1.269,47.8,4,,,0.02384,0.3424,0.0000,0.4774,0.0000,0.2384,0.3946,0.2059,WARNING,False,10,0,,,,,,
1771434250.683,0.0,,,,,,,,,,,,,,,0.2059,WARNING,,10,,t574_0,0.78,CRITICAL,OFFLOAD,WARNING: heavy task offloaded (weight=0.78 >= 0.3),
1771434250.683,0.0,,,,,,,,,,,,,,,0.2059,WARNING,,10,,t574_1,0.54,NORMAL,OFFLOAD,WARNING: heavy task offloaded (weight=0.54 >= 0.3),
1771434250.683,0.0,,,,,,,,,,,,,,,0.2059,WARNING,,10,,t574_2,0.40,NORMAL,OFFLOAD,WARNING: heavy task offloaded (weight=0.40 >= 0.3),
1771434250.683,0.0,,,,,,,,,,,,,,,0.2059,WARNING,,10,,t574_3,0.35,LOW,OFFLOAD,WARNING: heavy task offloaded (weight=0.35 >= 0.3),
1771434250.683,0.0,,,,,,,,,,,,,,,0.2059,WARNING,,10,,t574_4,0.17,LOW,LOCAL,WARNING: lightweight task permitted (weight=0.17 < 0.3),
1771434250.683,0.0,45.81,4.7123,1.269,47.8,4,,,0.02230,0.3021,0.0000,0.4590,0.0000,0.2230,0.3945,0.1971,WARNING,False,10,0,,,,,,
1771434250.683,0.0,,,,,,,,,,,,,,,0.1971,WARNING,,10,,t575_0,0.78,NORMAL,OFFLOAD,WARNING: heavy task offloaded (weight=0.78 >= 0.3),
1771434250.683,0.0,45.50,4.7282,1.225,44.6,4,,,0.02195,0.2494,0.0000,0.4061,0.0000,0.2195,0.3725,0.1792,SAFE,False,10,0,,,,,,
1771434250.683,0.0,,,,,,,,,,,,,,,0.1792,SAFE,,10,,t576_0,0.16,LOW,LOCAL,SAFE: all tasks permitted (weight=0.16),
1771434250.683,0.0,45.96,4.7614,1.225,44.7,4,,,0.02623,0.3266,0.0000,0.2953,0.0000,0.2623,0.3726,0.1783,SAFE,False,10,0,,,,,,
1771434250.683,0.0,,,,,,,,,,,,,,,0.1783,SAFE,,10,,t577_0,0.18,HIGH,LOCAL,SAFE: all tasks permitted (weight=0.18),
1771434250.685,0.0,45.74,4.7402,1.232,45.1,4,-9675.978,-10.89122,0.02589,0.2899,0.0000,0.3661,1.0000,0.2589,0.3758,0.3834,WARNING,False,10,0,,,,,,
1771434250.685,0.0,,,,,,,,,,,,,,,0.3834,WARNING,,10,,t578_0,0.34,HIGH,OFFLOAD,WARNING: heavy task offloaded (weight=0.34 >= 0.3),
1771434250.685,0.0,,,,,,,,,,,,,,,0.3834,WARNING,,10,,t578_1,0.51,HIGH,OFFLOAD,WARNING: heavy task offloaded (weight=0.51 >= 0.3),
1771434250.685,0.0,,,,,,,,,,,,,,,0.3834,WARNING,,10,,t578_2,0.48,CRITICAL,OFFLOAD,WARNING: heavy task offloaded (weight=0.48 >= 0.3),
1771434250.685,0.0,45.42,4.7598,1.190,42.2,3,-13704.485,57.48224,0.02802,0.2362,0.0000,0.3005,0.0000,0.2802,0.3401,0.1635,SAFE,False,10,0,,,,,,
1771434250.685,0.0,,,,,,,,,,,,,,,0.1635,SAFE,,10,,t579_0,0.79,LOW,LOCAL,SAFE: all tasks permitted (weight=0.79),
1771434250.685,0.0,45.08,4.7265,1.358,54.1,5,-46449.590,17.48921,0.02638,0.1793,0.0000,0.4116,0.0000,0.2638,0.4539,0.1922,SAFE,False,10,0,,,,,,
1771434250.685,0.0,,,,,,,,,,,,,,,0.1922,SAFE,,10,,t580_0,0.82,NORMAL,LOCAL,SAFE: all tasks permitted (weight=0.82),
1771434250.685,0.0,,,,,,,,,,,,,,,0.1922,SAFE,,10,,t580_1,0.32,NORMAL,LOCAL,SAFE: all tasks permitted (weight=0.32),
1771434250.685,0.0,,,,,,,,,,,,,,,0.1922,SAFE,,10,,t580_2,0.33,HIGH,LOCAL,SAFE: all tasks permitted (weight=0.33),
1771434250.686,0.0,46.17,4.6059,1.690,77.8,7,-3848.208,-47.05103,0.04207,0.3615,0.0000,0.8136,1.0000,0.4207,0.6498,0.5212,WARNING,False,10,0,,,,,,
1771434250.686,0.0,,,,,,,,,,,,,,,0.5212,WARNING,,10,,t581_0,0.67,HIGH,OFFLOAD,WARNING: heavy task offloaded (weight=0.67 >= 0.3),
1771434250.686,0.0,46.20,4.6552,1.616,72.6,6,3042.104,-18.23324,0.04354,0.3663,1.0000,0.6493,1.0000,0.4354,0.5982,0.7415,CRITICAL,False,10,0,,,,,,
1771434250.686,0.0,,,,,,,,,,,,,,,0.7415,CRITICAL,,10,,t582_0,0.23,NORMAL,OFFLOAD,CRITICAL: non-critical task offloaded (priority=NORMAL),
1771434250.686,0.0,,,,,,,,,,,,,,,0.7415,CRITICAL,,10,,t582_1,0.53,NORMAL,OFFLOAD,CRITICAL: non-critical task offloaded (priority=NORMAL),
1771434250.686,0.0,46.04,4.6436,1.548,67.7,6,4906.359,-24.27649,0.04628,0.3406,1.0000,0.6880,1.0000,0.4628,0.5641,0.7394,CRITICAL,False,10,0,,,,,,
1771434250.686,0.0,,,,,,,,,,,,,,,0.7394,CRITICAL,,10,,t583_0,0.73,HIGH,OFFLOAD,CRITICAL: non-critical task offloaded (priority=HIGH),
1771434250.686,0.0,,,,,,,,,,,,,,,0.7394,CRITICAL,,10,,t583_1,0.67,NORMAL,OFFLOAD,CRITICAL: non-critical task offloaded (priority=NORMAL),
1771434250.686,0.0,,,,,,,,,,,,,,,0.7394,CRITICAL,,10,,t583_2,0.68,LOW,OFFLOAD,CRITICAL: non-critical task offloaded (priority=LOW),
1771434250.686,0.0,46.65,4.7129,1.485,63.2,6,24499.374,-5.39388,0.04626,0.4419,1.0000,0.4570,1.0000,0.4626,0.5323,0.7152,CRITICAL,False,10,0,,,,,,window_reset|B=10
1771434250.686,0.0,,,,,,,,,,,,,,,0.7152,CRITICAL,,10,,t584_0,0.19,HIGH,OFFLOAD,CRITICAL: non-critical task offloaded (priority=HIGH),
1771434250.686,0.0,,,,,,,,,,,,,,,0.7152,CRITICAL,,10,,t584_1,0.44,CRITICAL,LOCAL,CRITICAL: mission-critical task permitted locally (priority=CRITICAL),
1771434250.686,0.0,46.18,4.6908,1.541,67.2,6,4724.550,-24.94759,0.04545,0.3638,1.0000,0.5306,1.0000,0.4545,0.5603,0.7201,CRITICAL,False,10,0,,,,,,
1771434250.686,0.0,,,,,,,,,,,,,,,0.7201,CRITICAL,,10,,t585_0,0.87,CRITICAL,LOCAL,CRITICAL: mission-critical task permitted locally (priority=CRITICAL),
1771434250.686,0.0,46.50,4.6011,1.703,78.8,7,34219.415,-104.81820,0.05352,0.4160,1.0000,0.8298,1.0000,0.5352,0.6566,0.7926,CRITICAL,False,10,0,,,,,,
1771434250.686,0.0,,,,,,,,,,,,,,,0.7926,CRITICAL,,10,,t586_0,0.89,LOW,OFFLOAD,CRITICAL: non-critical task offloaded (priority=LOW),
1771434250.686,0.0,,,,,,,,,,,,,,,0.7926,CRITICAL,,10,,t586_1,0.28,NORMAL,OFFLOAD,CRITICAL: non-critical task offloaded (priority=NORMAL),
1771434250.686,0.0,,,,,,,,,,,,,,,0.7926,CRITICAL,,10,,t586_2,0.38,HIGH,OFFLOAD,CRITICAL: non-critical task offloaded (priority=HIGH),
1771434250.686,0.0,,,,,,,,,,,,,,,0.7926,CRITICAL,,10,,t586_3,0.39,LOW,OFFLOAD,CRITICAL: non-critical task offloaded (priority=LOW),
1771434250.686,0.0,47.07,4.6557,1.629,73.5,7,74888.677,-78.50521,0.05426,0.5122,1.0000,0.6478,1.0000,0.5426,0.6194,0.7738,CRITICAL,False,10,0,,,,,,
1771434250.686,0.0,,,,,,,,,,,,,,,0.7738,CRITICAL,,10,,t587_0,0.71,NORMAL,OFFLOAD,CRITICAL: non-critical task offloaded (priority=NORMAL),
1771434250.686,0.0,47.26,4.7094,1.560,68.6,6,98877.504,-12.92749,0.05340,0.5438,1.0000,0.4687,1.0000,0.5340,0.5699,0.7436,CRITICAL,False,10,0,,,,,,
1771434250.687,0.0,,,,,,,,,,,,,,,0.7436,CRITICAL,,10,,t588_0,0.30,HIGH,OFFLOAD,CRITICAL: non-critical task offloaded (priority=HIGH),
1771434250.687,0.0,47.17,4.6886,1.496,64.0,6,59608.629,82.11743,0.04871,0.5281,1.0000,0.5381,0.0000,0.4871,0.5378,0.5396,CRITICAL,False,10,0,,,,,,
1771434250.687,0.0,,,,,,,,,,,,,,,0.5396,CRITICAL,,10,,t589_0,0.79,HIGH,OFFLOAD,CRITICAL: non-critical task offloaded (priority=HIGH),
1771434250.687,0.0,,,,,,,,,,,,,,,0.5396,CRITICAL,,10,,t589_1,0.34,NORMAL,OFFLOAD,CRITICAL: non-critical task offloaded (priority=NORMAL),
1771434250.687,0.0,,,,,,,,,,,,,,,0.5396,CRITICAL,,10,,t589_2,0.46,LOW,OFFLOAD,CRITICAL: non-critical task offloaded (priority=LOW),
1771434250.687,0.0,,,,,,,,,,,,,,,0.5396,CRITICAL,,10,,t589_3,0.78,HIGH,OFFLOAD,CRITICAL: non-critical task offloaded (priority=HIGH),
1771434250.687,0.0,,,,,,,,,,,,,,,0.5396,CRITICAL,,10,,t589_4,0.45,HIGH,OFFLOAD,CRITICAL: non-critical task offloaded (priority=HIGH),
1771434250.687,0.0,,,,,,,,,,,,,,,0.5396,CRITICAL,,10,,t589_5,0.40,HIGH,OFFLOAD,CRITICAL: non-critical task offloaded (priority=HIGH),
1771434250.687,0.0,47.13,4.7056,1.436,59.7,5,55717.946,50.04833,0.04617,0.5221,1.0000,0.4814,0.0000,0.4617,0.4929,0.5200,CRITICAL,False,10,0,,,,,,
1771434250.687,0.0,,,,,,,,,,,,,,,0.5200,CRITICAL,,10,,t590_0,0.85,LOW,OFFLOAD,CRITICAL: non-critical task offloaded (priority=LOW),
1771434250.687,0.0,47.29,4.6922,1.380,55.7,5,74448.994,48.30799,0.03970,0.5487,1.0000,0.5259,0.0000,0.3970,0.4651,0.5169,CRITICAL,False,10,0,,,,,,
1771434250.687,0.0,,,,,,,,,,,,,,,0.5169,CRITICAL,,10,,t591_0,0.44,NORMAL,OFFLOAD,CRITICAL: non-critical task offloaded (priority=NORMAL),
1771434250.687,0.0,47.03,4.7034,1.329,52.0,4,22559.835,-9.49025,0.03761,0.5050,1.0000,0.4888,1.0000,0.3761,0.4243,0.6966,CRITICAL,False,10,0,,,,,,
1771434250.687,0.0,,,,,,,,,,,,,,,0.6966,CRITICAL,,10,,t592_0,0.80,HIGH,OFFLOAD,CRITICAL: non-critical task offloaded (priority=HIGH),
1771434250.687,0.0,47.37,4.6944,1.280,48.6,4,70673.512,3.53584,0.03221,0.5613,1.0000,0.5188,0.0000,0.3221,0.4002,0.4971,CRITICAL,False,10,0,,,,,,
1771434250.687,0.0,,,,,,,,,,,,,,,0.4971,CRITICAL,,10,,t593_0,0.83,LOW,OFFLOAD,CRITICAL: non-critical task offloaded (priority=LOW),
1771434250.687,0.0,46.86,4.7521,1.236,45.4,4,21565.532,150.12593,0.03694,0.4763,1.0000,0.3262,0.0000,0.3694,0.3779,0.4621,CRITICAL,False,10,0,,,,,,
1771434250.687,0.0,,,,,,,,,,,,,,,0.4621,CRITICAL,,10,,t594_0,0.43,HIGH,OFFLOAD,CRITICAL: non-critical task offloaded (priority=HIGH),
1771434250.687,0.0,,,,,,,,,,,,,,,0.4621,CRITICAL,,10,,t594_1,0.27,HIGH,OFFLOAD,CRITICAL: non-critical task offloaded (priority=HIGH),
1771434250.687,0.0,,,,,,,,,,,,,,,0.4621,CRITICAL,,10,,t594_2,0.80,NORMAL,OFFLOAD,CRITICAL: non-critical task offloaded (priority=NORMAL),
1771434250.687,0.0,,,,,,,,,,,,,,,0.4621,CRITICAL,,10,,t594_3,0.30,LOW,OFFLOAD,CRITICAL: non-critical task offloaded (priority=LOW),
1771434250.687,0.0,46.57,4.7644,1.194,42.4,3,-30131.772,108.00791,0.03994,0.4280,0.0000,0.2855,0.0000,0.3994,0.3421,0.1968,WARNING,False,10,0,,,,,,
1771434250.687,0.0,,,,,,,,,,,,,,,0.1968,WARNING,,10,,t595_0,0.44,HIGH,OFFLOAD,WARNING: heavy task offloaded (weight=0.44 >= 0.3),
1771434250.687,0.0,,,,,,,,,,,,,,,0.1968,WARNING,,10,,t595_1,0.66,CRITICAL,OFFLOAD,WARNING: heavy task offloaded (weight=0.66 >= 0.3),
1771434250.687,0.0,46.36,4.7624,1.156,39.7,3,-53906.787,52.69355,0.04370,0.3931,0.0000,0.2920,0.0000,0.4370,0.3228,0.1934,WARNING,False,10,0,,,,,,
1771434250.687,0.0,,,,,,,,,,,,,,,0.1934,WARNING,,10,,t596_0,0.57,LOW,OFFLOAD,WARNING: heavy task offloaded (weight=0.57 >= 0.3),
1771434250.687,0.0,46.76,4.7613,1.120,37.1,3,,,0.04650,0.4607,0.0000,0.2956,0.0000,0.4650,0.3048,0.2012,WARNING,False,10,0,,,,,,window_reset|B=10
1771434250.687,0.0,,,,,,,,,,,,,,,0.2012,WARNING,,10,,t597_0,0.42,HIGH,OFFLOAD,WARNING: heavy task offloaded (weight=0.42 >= 0.3),
1771434250.687,0.0,,,,,,,,,,,,,,,0.2012,WARNING,,10,,t597_1,0.43,LOW,OFFLOAD,WARNING: heavy task offloaded (weight=0.43 >= 0.3),
1771434250.687,0.0,,,,,,,,,,,,,,,0.2012,WARNING,,10,,t597_2,0.73,NORMAL,OFFLOAD,WARNING: heavy task offloaded (weight=0.73 >= 0.3),
1771434250.687,0.0,45.81,4.7664,1.086,34.7,3,,,0.03628,0.3011,0.0000,0.2787,0.0000,0.3628,0.2881,0.1663,SAFE,False,10,0,,,,,,
1771434250.687,0.0,,,,,,,,,,,,,,,0.1663,SAFE,,10,,t598_0,0.32,LOW,LOCAL,SAFE: all tasks permitted (weight=0.32),
1771434250.687,0.0,,,,,,,,,,,,,,,0.1663,SAFE,,10,,t598_1,0.51,HIGH,LOCAL,SAFE: all tasks permitted (weight=0.51),
1771434250.687,0.0,45.86,4.7158,1.273,48.1,4,,,0.03056,0.3098,0.0000,0.4472,0.0000,0.3056,0.3964,0.2052,SAFE,False,10,0,,,,,,
1771434250.688,0.0,,,,,,,,,,,,,,,0.2052,SAFE,,10,,t599_0,0.20,NORMAL,LOCAL,SAFE: all tasks permitted (weight=0.20),
1771434250.688,0.0,,,,,,,,,,,,,,,0.2052,SAFE,,10,,t599_1,0.54,HIGH,LOCAL,SAFE: all tasks permitted (weight=0.54),
1771434250.688,0.0,,,,,,,,,,,,,,,0.2052,SAFE,,10,,t599_2,0.75,CRITICAL,LOCAL,SAFE: all tasks permitted (weight=0.75),
1771434250.688,0.0,46.56,4.6544,1.613,72.4,6,-28221.682,-48.73294,0.03634,0.4262,0.0000,0.6520,1.0000,0.3634,0.5966,0.4916,WARNING,False,10,0,,,,,,
1771434250.688,0.0,,,,,,,,,,,,,,,0.4916,WARNING,,10,,t600_0,0.19,NORMAL,LOCAL,WARNING: lightweight task permitted (weight=0.19 < 0.3),
1771434250.688,0.0,46.88,4.6707,1.594,71.0,6,-29046.141,-23.54891,0.03799,0.4803,0.0000,0.5976,1.0000,0.3799,0.5872,0.4908,WARNING,False,10,0,,,,,,
1771434250.688,0.0,,,,,,,,,,,,,,,0.4908,WARNING,,10,,t601_0,0.72,HIGH,OFFLOAD,WARNING: heavy task offloaded (weight=0.72 >= 0.3),
1771434250.688,0.0,,,,,,,,,,,,,,,0.4908,WARNING,,10,,t601_1,0.81,NORMAL,OFFLOAD,WARNING: heavy task offloaded (weight=0.81 >= 0.3),
1771434250.688,0.0,,,,,,,,,,,,,,,0.4908,WARNING,,10,,t601_2,0.44,CRITICAL,OFFLOAD,WARNING: heavy task offloaded (weight=0.44 >= 0.3),
1771434250.688,0.0,45.95,4.6550,1.528,66.3,6,-54400.236,-96.63652,0.04198,0.3245,0.0000,0.6499,1.0000,0.4198,0.5539,0.4762,WARNING,False,10,0,,,,,,
1771434250.688,0.0,,,,,,,,,,,,,,,0.4762,WARNING,,10,,t602_0,0.29,CRITICAL,LOCAL,WARNING: lightweight task permitted (weight=0.29 < 0.3),
1771434250.688,0.0,,,,,,,,,,,,,,,0.4762,WARNING,,10,,t602_1,0.47,NORMAL,OFFLOAD,WARNING: heavy task offloaded (weight=0.47 >= 0.3),
1771434250.688,0.0,47.31,4.6494,1.542,67.3,6,44356.418,-114.38757,0.04552,0.5518,1.0000,0.6686,1.0000,0.4552,0.5608,0.7608,CRITICAL,False,10,0,,,,,,
1771434250.688,0.0,,,,,,,,,,,,,,,0.7608,CRITICAL,,10,,t603_0,0.89,HIGH,OFFLOAD,CRITICAL: non-critical task offloaded (priority=HIGH),
1771434250.688,0.0,,,,,,,,,,,,,,,0.7608,CRITICAL,,10,,t603_1,0.73,NORMAL,OFFLOAD,CRITICAL: non-critical task offloaded (priority=NORMAL),
1771434250.688,0.0,47.07,4.7231,1.479,62.8,5,42488.870,-39.07669,0.04552,0.5117,1.0000,0.4229,1.0000,0.4552,0.5143,0.7148,CRITICAL,False,10,0,,,,,,
1771434250.688,0.0,,,,,,,,,,,,,,,0.7148,CRITICAL,,10,,t604_0,0.24,LOW,OFFLOAD,CRITICAL: non-critical task offloaded (priority=LOW),
1771434250.688,0.0,,,,,,,,,,,,,,,0.7148,CRITICAL,,10,,t604_1,0.26,NORMAL,OFFLOAD,CRITICAL: non-critical task offloaded (priority=NORMAL),
1771434250.688,0.0,,,,,,,,,,,,,,,0.7148,CRITICAL,,10,,t604_2,0.43,HIGH,OFFLOAD,CRITICAL: non-critical task offloaded (priority=HIGH),
1771434250.688,0.0,46.46,4.6659,1.420,58.6,5,-18166.461,-94.92597,0.04720,0.4100,0.0000,0.6136,1.0000,0.4720,0.4850,0.4732,CRITICAL,False,10,0,,,,,,
1771434250.688,0.0,,,,,,,,,,,,,,,0.4732,CRITICAL,,10,,t605_0,0.26,CRITICAL,LOCAL,CRITICAL: mission-critical task permitted locally (priority=CRITICAL),
1771434250.688,0.0,,,,,,,,,,,,,,,0.4732,CRITICAL,,10,,t605_1,0.87,LOW,OFFLOAD,CRITICAL: non-critical task offloaded (priority=LOW),
1771434250.688,0.0,,,,,,,,,,,,,,,0.4732,CRITICAL,,10,,t605_2,0.62,LOW,OFFLOAD,CRITICAL: non-critical task offloaded (priority=LOW),
1771434250.688,0.0,46.57,4.6817,1.433,59.5,5,45368.476,-84.22298,0.04618,0.4278,1.0000,0.5609,1.0000,0.4618,0.4914,0.7187,CRITICAL,False,10,0,,,,,,
1771434250.688,0.0,,,,,,,,,,,,,,,0.7187,CRITICAL,,10,,t606_0,0.86,NORMAL,OFFLOAD,CRITICAL: non-critical task offloaded (priority=NORMAL),
1771434250.688,0.0,,,,,,,,,,,,,,,0.7187,CRITICAL,,10,,t606_1,0.59,NORMAL,OFFLOAD,CRITICAL: non-critical task offloaded (priority=NORMAL),
1771434250.688,0.0,,,,,,,,,,,,,,,0.7187,CRITICAL,,10,,t606_2,0.71,NORMAL,OFFLOAD,CRITICAL: non-critical task offloaded (priority=NORMAL),
1771434250.688,0.0,47.50,4.6910,1.378,55.5,5,97995.700,-24.74091,0.04276,0.5834,1.0000,0.5301,1.0000,0.4276,0.4638,0.7244,CRITICAL,False,10,0,,,,,,
1771434250.688,0.0,,,,,,,,,,,,,,,0.7244,CRITICAL,,10,,t607_0,0.52,NORMAL,OFFLOAD,CRITICAL: non-critical task offloaded (priority=NORMAL),
1771434250.688,0.0,,,,,,,,,,,,,,,0.7244,CRITICAL,,10,,t607_1,0.20,LOW,OFFLOAD,CRITICAL: non-critical task offloaded (priority=LOW),
1771434250.688,0.0,,,,,,,,,,,,,,,0.7244,CRITICAL,,10,,t607_2,0.77,HIGH,OFFLOAD,CRITICAL: non-critical task offloaded (priority=HIGH),
1771434250.688,0.0,46.97,4.7113,1.326,51.9,4,,,0.03866,0.4956,0.0000,0.4624,0.0000,0.3866,0.4230,0.2428,WARNING,False,10,0,,,,,,
1771434250.688,0.0,,,,,,,,,,,,,,,0.2428,WARNING,,10,,t608_0,0.54,LOW,OFFLOAD,WARNING: heavy task offloaded (weight=0.54 >= 0.3),
1771434250.688,0.0,,,,,,,,,,,,,,,0.2428,WARNING,,10,,t608_1,0.25,NORMAL,LOCAL,WARNING: lightweight task permitted (weight=0.25 < 0.3),
1771434250.688,0.0,,,,,,,,,,,,,,,0.2428,WARNING,,10,,t608_2,0.45,NORMAL,OFFLOAD,WARNING: heavy task offloaded (weight=0.45 >= 0.3),
1771434250.688,0.0,,,,,,,,,,,,,,,0.2428,WARNING,,10,,t608_3,0.46,NORMAL,OFFLOAD,WARNING: heavy task offloaded (weight=0.46 >= 0.3),
1771434250.688,0.0,,,,,,,,,,,,,,,0.2428,WARNING,,10,,t608_4,0.33,NORMAL,OFFLOAD,WARNING: heavy task offloaded (weight=0.33 >= 0.3),
1771434250.688,0.0,47.10,4.7141,1.342,53.0,5,,,0.03387,0.5167,0.0000,0.4529,0.0000,0.3387,0.4461,0.2440,WARNING,False,10,0,,,,,,
1771434250.688,0.0,,,,,,,,,,,,,,,0.2440,WARNING,,10,,t609_0,0.68,LOW,OFFLOAD,WARNING: heavy task offloaded (weight=0.68 >= 0.3),
1771434250.688,0.0,,,,,,,,,,,,,,,0.2440,WARNING,,10,,t609_1,0.27,CRITICAL,LOCAL,WARNING: lightweight task permitted (weight=0.27 < 0.3),
1771434250.688,0.0,47.49,4.6928,1.364,54.6,5,,,0.02536,0.5815,0.0000,0.5241,0.0000,0.2536,0.4571,0.2547,WARNING,False,10,0,,,,,,window_reset|B=10
1771434250.688,0.0,,,,,,,,,,,,,,,0.2547,WARNING,,10,,t610_0,0.53,NORMAL,OFFLOAD,WARNING: heavy task offloaded (weight=0.53 >= 0.3),
1771434250.688,0.0,,,,,,,,,,,,,,,0.2547,WARNING,,10,,t610_1,0.22,LOW,LOCAL,WARNING: lightweight task permitted (weight=0.22 < 0.3),
1771434250.688,0.0,,,,,,,,,,,,,,,0.2547,WARNING,,10,,t610_2,0.66,HIGH,OFFLOAD,WARNING: heavy task offloaded (weight=0.66 >= 0.3),
1771434250.688,0.0,46.80,4.7057,1.370,55.0,5,,,0.02449,0.4665,0.0000,0.4811,0.0000,0.2449,0.4600,0.2350,WARNING,False,10,0,,,,,,
1771434250.688,0.0,,,,,,,,,,,,,,,0.2350,WARNING,,10,,t611_0,0.29,HIGH,LOCAL,WARNING: lightweight task permitted (weight=0.29 < 0.3),
1771434250.688,0.0,,,,,,,,,,,,,,,0.2350,WARNING,,10,,t611_1,0.59,LOW,OFFLOAD,WARNING: heavy task offloaded (weight=0.59 >= 0.3),
1771434250.688,0.0,47.45,4.7314,1.394,56.7,5,,,0.02578,0.5748,0.0000,0.3954,0.0000,0.2578,0.4721,0.2406,WARNING,False,10,0,,,,,,
1771434250.688,0.0,,,,,,,,,,,,,,,0.2406,WARNING,,10,,t612_0,0.64,NORMAL,OFFLOAD,WARNING: heavy task offloaded (weight=0.64 >= 0.3),
1771434250.688,0.0,47.12,4.7135,1.342,53.0,4,,,0.02569,0.5199,0.0000,0.4549,0.0000,0.2569,0.4308,0.2334,WARNING,False,10,0,,,,,,
1771434250.689,0.0,,,,,,,,,,,,,,,0.2334,WARNING,,10,,t613_0,0.35,NORMAL,OFFLOAD,WARNING: heavy task offloaded (weight=0.35 >= 0.3),
1771434250.689,0.0,,,,,,,,,,,,,,,0.2334,WARNING,,10,,t613_1,0.40,LOW,OFFLOAD,WARNING: heavy task offloaded (weight=0.40 >= 0.3),
1771434250.689,0.0,47.21,4.7151,1.293,49.5,4,37356.219,32.25324,0.02323,0.5351,1.0000,0.4496,0.0000,0.2323,0.4063,0.4772,WARNING,False,10,0,,,,,,
1771434250.689,0.0,,,,,,,,,,,,,,,0.4772,WARNING,,10,,t614_0,0.76,NORMAL,OFFLOAD,WARNING: heavy task offloaded (weight=0.76 >= 0.3),
1771434250.689,0.0,,,,,,,,,,,,,,,0.4772,WARNING,,10,,t614_1,0.60,LOW,OFFLOAD,WARNING: heavy task offloaded (weight=0.60 >= 0.3),
1771434250.689,0.0,46.61,4.7447,1.247,46.2,4,-51749.407,51.93942,0.02089,0.4347,0.0000,0.3509,0.0000,0.2089,0.3835,0.1954,WARNING,False,10,0,,,,,,
1771434250.689,0.0,,,,,,,,,,,,,,,0.1954,WARNING,,10,,t615_0,0.80,NORMAL,OFFLOAD,WARNING: heavy task offloaded (weight=0.80 >= 0.3),
1771434250.689,0.0,,,,,,,,,,,,,,,0.1954,WARNING,,10,,t615_1,0.67,CRITICAL,OFFLOAD,WARNING: heavy task offloaded (weight=0.67 >= 0.3),
1771434250.689,0.0,,,,,,,,,,,,,,,0.1954,WARNING,,10,,t615_2,0.46,HIGH,OFFLOAD,WARNING: heavy task offloaded (weight=0.46 >= 0.3),
1771434250.689,0.0,,,,,,,,,,,,,,,0.1954,WARNING,,10,,t615_3,0.46,NORMAL,OFFLOAD,WARNING: heavy task offloaded (weight=0.46 >= 0.3),
1771434250.689,0.0,46.19,4.7516,1.205,43.2,4,-45500.281,38.99077,0.02393,0.3648,0.0000,0.3279,0.0000,0.2393,0.3624,0.1828,WARNING,False,10,0,,,,,,
1771434250.689,0.0,,,,,,,,,,,,,,,0.1828,WARNING,,10,,t616_0,0.72,HIGH,OFFLOAD,WARNING: heavy task offloaded (weight=0.72 >= 0.3),
1771434250.689,0.0,46.20,4.7335,1.165,40.4,3,-52421.143,18.73522,0.02064,0.3660,0.0000,0.3883,0.0000,0.2064,0.3277,0.1806,WARNING,False,10,0,,,,,,
1771434250.689,0.0,,,,,,,,,,,,,,,0.1806,WARNING,,10,,t617_0,0.27,HIGH,LOCAL,WARNING: lightweight task permitted (weight=0.27 < 0.3),
1771434250.689,0.0,,,,,,,,,,,,,,,0.1806,WARNING,,10,,t617_1,0.65,NORMAL,OFFLOAD,WARNING: heavy task offloaded (weight=0.65 >= 0.3),
1771434250.689,0.0,46.11,4.7410,1.198,42.7,3,-79815.908,46.65255,0.01899,0.3521,0.0000,0.3632,0.0000,0.1899,0.3442,0.1773,SAFE,False,10,0,,,,,,
1771434250.689,0.0,,,,,,,,,,,,,,,0.1773,SAFE,,10,,t618_0,0.40,NORMAL,LOCAL,SAFE: all tasks permitted (weight=0.40),
1771434250.689,0.0,,,,,,,,,,,,,,,0.1773,SAFE,,10,,t618_1,0.53,NORMAL,LOCAL,SAFE: all tasks permitted (weight=0.53),
1771434250.689,0.0,46.59,4.6815,1.401,57.2,5,-11863.585,-23.36316,0.02035,0.4324,0.0000,0.5617,1.0000,0.2035,0.4755,0.4404,WARNING,False,10,0,,,,,,
1771434250.689,0.0,,,,,,,,,,,,,,,0.4404,WARNING,,10,,t619_0,0.30,HIGH,LOCAL,WARNING: lightweight task permitted (weight=0.30 < 0.3),
1771434250.689,0.0,,,,,,,,,,,,,,,0.4404,WARNING,,10,,t619_1,0.33,NORMAL,OFFLOAD,WARNING: heavy task offloaded (weight=0.33 >= 0.3),
1771434250.689,0.0,46.59,4.7066,1.425,59.0,5,-49836.963,-23.93586,0.02055,0.4316,0.0000,0.4779,1.0000,0.2055,0.4877,0.4320,WARNING,False,10,0,,,,,,
1771434250.689,0.0,,,,,,,,,,,,,,,0.4320,WARNING,,10,,t620_0,0.54,NORMAL,OFFLOAD,WARNING: heavy task offloaded (weight=0.54 >= 0.3),
1771434250.689,0.0,,,,,,,,,,,,,,,0.4320,WARNING,,10,,t620_1,0.34,HIGH,OFFLOAD,WARNING: heavy task offloaded (weight=0.34 >= 0.3),
1771434250.689,0.0,,,,,,,,,,,,,,,0.4320,WARNING,,10,,t620_2,0.66,HIGH,OFFLOAD,WARNING: heavy task offloaded (weight=0.66 >= 0.3),
1771434250.689,0.0,,,,,,,,,,,,,,,0.4320,WARNING,,10,,t620_3,0.32,NORMAL,OFFLOAD,WARNING: heavy task offloaded (weight=0.32 >= 0.3),
1771434250.689,0.0,46.39,4.7186,1.371,55.0,5,-42373.958,4.92555,0.02050,0.3981,0.0000,0.4380,0.0000,0.2050,0.4603,0.2173,WARNING,False,10,0,,,,,,
1771434250.689,0.0,,,,,,,,,,,,,,,0.2173,WARNING,,10,,t621_0,0.86,HIGH,OFFLOAD,WARNING: heavy task offloaded (weight=0.86 >= 0.3),
1771434250.689,0.0,46.17,4.7317,1.320,51.4,4,,,0.01901,0.3622,0.0000,0.3943,0.0000,0.1901,0.4198,0.1977,WARNING,False,10,0,,,,,,
1771434250.689,0.0,,,,,,,,,,,,,,,0.1977,WARNING,,10,,t622_0,0.75,HIGH,OFFLOAD,WARNING: heavy task offloaded (weight=0.75 >= 0.3),
1771434250.689,0.0,,,,,,,,,,,,,,,0.1977,WARNING,,10,,t622_1,0.89,NORMAL,OFFLOAD,WARNING: heavy task offloaded (weight=0.89 >= 0.3),
1771434250.689,0.0,46.36,4.7282,1.272,48.0,4,,,0.01831,0.3934,0.0000,0.4059,0.0000,0.1831,0.3961,0.1975,WARNING,False,10,0,,,,,,window_reset|B=10
1771434250.689,0.0,,,,,,,,,,,,,,,0.1975,WARNING,,10,,t623_0,0.79,HIGH,OFFLOAD,WARNING: heavy task offloaded (weight=0.79 >= 0.3),
1771434250.689,0.0,,,,,,,,,,,,,,,0.1975,WARNING,,10,,t623_1,0.51,HIGH,OFFLOAD,WARNING: heavy task offloaded (weight=0.51 >= 0.3),
1771434250.689,0.0,,,,,,,,,,,,,,,0.1975,WARNING,,10,,t623_2,0.86,LOW,OFFLOAD,WARNING: heavy task offloaded (weight=0.86 >= 0.3),
1771434250.689,0.0,46.45,4.7443,1.228,44.9,4,,,0.01903,0.4077,0.0000,0.3524,0.0000,0.1903,0.3740,0.1886,WARNING,False,10,0,,,,,,
1771434250.689,0.0,,,,,,,,,,,,,,,0.1886,WARNING,,10,,t624_0,0.19,NORMAL,LOCAL,WARNING: lightweight task permitted (weight=0.19 < 0.3),
1771434250.689,0.0,,,,,,,,,,,,,,,0.1886,WARNING,,10,,t624_1,0.47,HIGH,OFFLOAD,WARNING: heavy task offloaded (weight=0.47 >= 0.3),
1771434250.689,0.0,,,,,,,,,,,,,,,0.1886,WARNING,,10,,t624_2,0.19,HIGH,LOCAL,WARNING: lightweight task permitted (weight=0.19 < 0.3),
1771434250.689,0.0,46.10,4.7320,1.285,48.9,4,,,0.01872,0.3494,0.0000,0.3932,0.0000,0.1872,0.4024,0.1922,WARNING,False,10,0,,,,,,
1771434250.689,0.0,,,,,,,,,,,,,,,0.1922,WARNING,,10,,t625_0,0.57,NORMAL,OFFLOAD,WARNING: heavy task offloaded (weight=0.57 >= 0.3),
1771434250.689,0.0,,,,,,,,,,,,,,,0.1922,WARNING,,10,,t625_1,0.50,HIGH,OFFLOAD,WARNING: heavy task offloaded (weight=0.50 >= 0.3),
1771434250.689,0.0,,,,,,,,,,,,,,,0.1922,WARNING,,10,,t625_2,0.26,NORMAL,LOCAL,WARNING: lightweight task permitted (weight=0.26 < 0.3),
1771434250.689,0.0,45.63,4.7338,1.307,50.5,4,,,0.01840,0.2719,0.0000,0.3874,0.0000,0.1840,0.4137,0.1841,WARNING,False,10,0,,,,,,
1771434250.689,0.0,,,,,,,,,,,,,,,0.1841,WARNING,,10,,t626_0,0.80,NORMAL,OFFLOAD,WARNING: heavy task offloaded (weight=0.80 >= 0.3),
1771434250.689,0.0,,,,,,,,,,,,,,,0.1841,WARNING,,10,,t626_1,0.79,LOW,OFFLOAD,WARNING: heavy task offloaded (weight=0.79 >= 0.3),
1771434250.689,0.0,,,,,,,,,,,,,,,0.1841,WARNING,,10,,t626_2,0.66,HIGH,OFFLOAD,WARNING: heavy task offloaded (weight=0.66 >= 0.3),
1771434250.689,0.0,,,,,,,,,,,,,,,0.1841,WARNING,,10,,t626_3,0.16,CRITICAL,LOCAL,WARNING: lightweight task permitted (weight=0.16 < 0.3),
1771434250.689,0.0,,,,,,,,,,,,,,,0.1841,WARNING,,10,,t626_4,0.88,NORMAL,OFFLOAD,WARNING: heavy task offloaded (weight=0.88 >= 0.3),
1771434250.689,0.0,,,,,,,,,,,,,,,0.1841,WARNING,,10,,t626_5,0.71,NORMAL,OFFLOAD,WARNING: heavy task offloaded (weight=0.71 >= 0.3),
1771434250.689,0.0,45.82,4.7115,1.303,50.2,4,,,0.01832,0.3026,0.0000,0.4616,0.0000,0.1832,0.4113,0.1969,WARNING,False,10,0,,,,,,
1771434250.689,0.0,,,,,,,,,,,,,,,0.1969,WARNING,,10,,t627_0,0.28,LOW,LOCAL,WARNING: lightweight task permitted (weight=0.28 < 0.3),
1771434250.690,0.0,,,,,,,,,,,,,,,0.1969,WARNING,,10,,t627_1,0.33,HIGH,OFFLOAD,WARNING: heavy task offloaded (weight=0.33 >= 0.3),
1771434250.690,0.0,46.10,4.7111,1.328,52.0,4,-29739.811,4.45409,0.01702,0.3493,0.0000,0.4632,0.0000,0.1702,0.4242,0.2040,WARNING,False,10,0,,,,,,
1771434250.690,0.0,,,,,,,,,,,,,,,0.2040,WARNING,,10,,t628_0,0.80,LOW,OFFLOAD,WARNING: heavy task offloaded (weight=0.80 >= 0.3),
1771434250.690,0.0,45.86,4.7377,1.280,48.6,4,-31954.436,19.16811,0.01727,0.3096,0.0000,0.3743,0.0000,0.1727,0.4002,0.1831,WARNING,False,10,0,,,,,,
1771434250.690,0.0,,,,,,,,,,,,,,,0.1831,WARNING,,10,,t629_0,0.62,NORMAL,OFFLOAD,WARNING: heavy task offloaded (weight=0.62 >= 0.3),
1771434250.690,0.0,,,,,,,,,,,,,,,0.1831,WARNING,,10,,t629_1,0.43,LOW,OFFLOAD,WARNING: heavy task offloaded (weight=0.43 >= 0.3),
1771434250.690,0.0,,,,,,,,,,,,,,,0.1831,WARNING,,10,,t629_2,0.38,HIGH,OFFLOAD,WARNING: heavy task offloaded (weight=0.38 >= 0.3),
1771434250.690,0.0,,,,,,,,,,,,,,,0.1831,WARNING,,10,,t629_3,0.75,NORMAL,OFFLOAD,WARNING: heavy task offloaded (weight=0.75 >= 0.3),
1771434250.691,0.0,45.73,4.7206,1.236,45.4,4,-17625.228,-7.42456,0.01642,0.2888,0.0000,0.4314,1.0000,0.1642,0.3778,0.3827,WARNING,False,10,0,,,,,,
1771434250.691,0.0,,,,,,,,,,,,,,,0.3827,WARNING,,10,,t630_0,0.81,LOW,OFFLOAD,WARNING: heavy task offloaded (weight=0.81 >= 0.3),
1771434250.691,0.0,45.30,4.7459,1.194,42.4,3,-42604.729,11.79831,0.01254,0.2160,0.0000,0.3469,0.0000,0.1254,0.3420,0.1520,SAFE,False,10,0,,,,,,
1771434250.691,0.0,,,,,,,,,,,,,,,0.1520,SAFE,,10,,t631_0,0.58,CRITICAL,LOCAL,SAFE: all tasks permitted (weight=0.58),
1771434250.691,0.0,,,,,,,,,,,,,,,0.1520,SAFE,,10,,t631_1,0.50,HIGH,LOCAL,SAFE: all tasks permitted (weight=0.50),
1771434250.691,0.0,45.60,4.6813,1.437,59.8,5,-33744.632,-41.97795,0.01707,0.2671,0.0000,0.5622,1.0000,0.1707,0.4936,0.4209,WARNING,False,10,0,,,,,,
1771434250.691,0.0,,,,,,,,,,,,,,,0.4209,WARNING,,10,,t632_0,0.84,LOW,OFFLOAD,WARNING: heavy task offloaded (weight=0.84 >= 0.3),
1771434250.691,0.0,,,,,,,,,,,,,,,0.4209,WARNING,,10,,t632_1,0.32,HIGH,OFFLOAD,WARNING: heavy task offloaded (weight=0.32 >= 0.3),
1771434250.691,0.0,,,,,,,,,,,,,,,0.4209,WARNING,,10,,t632_2,0.25,NORMAL,LOCAL,WARNING: lightweight task permitted (weight=0.25 < 0.3),
1771434250.691,0.0,45.83,4.6528,1.447,60.5,5,-10769.942,-52.84040,0.02625,0.3045,0.0000,0.6573,1.0000,0.2625,0.4986,0.4480,WARNING,False,10,0,,,,,,
1771434250.691,0.0,,,,,,,,,,,,,,,0.4480,WARNING,,10,,t633_0,0.26,HIGH,LOCAL,WARNING: lightweight task permitted (weight=0.26 < 0.3),
1771434250.691,0.0,,,,,,,,,,,,,,,0.4480,WARNING,,10,,t633_1,0.81,NORMAL,OFFLOAD,WARNING: heavy task offloaded (weight=0.81 >= 0.3),
1771434250.691,0.0,45.47,4.6938,1.458,61.3,5,-6442.940,-26.68601,0.02684,0.2450,0.0000,0.5208,1.0000,0.2684,0.5042,0.4248,WARNING,False,10,0,,,,,,
1771434250.691,0.0,,,,,,,,,,,,,,,0.4248,WARNING,,10,,t634_0,0.25,HIGH,LOCAL,WARNING: lightweight task permitted (weight=0.25 < 0.3),
1771434250.691,0.0,,,,,,,,,,,,,,,0.4248,WARNING,,10,,t634_1,0.23,HIGH,LOCAL,WARNING: lightweight task permitted (weight=0.23 < 0.3),
1771434250.691,0.0,,,,,,,,,,,,,,,0.4248,WARNING,,10,,t634_2,0.47,LOW,OFFLOAD,WARNING: heavy task offloaded (weight=0.47 >= 0.3),
1771434250.691,0.0,,,,,,,,,,,,,,,0.4248,WARNING,,10,,t634_3,0.19,NORMAL,LOCAL,WARNING: lightweight task permitted (weight=0.19 < 0.3),
1771434250.691,0.0,,,,,,,,,,,,,,,0.4248,WARNING,,10,,t634_4,0.79,LOW,OFFLOAD,WARNING: heavy task offloaded (weight=0.79 >= 0.3),
1771434250.691,0.0,46.01,4.6542,1.576,69.7,6,7910.318,-38.24194,0.03145,0.3356,1.0000,0.6527,1.0000,0.3145,0.5778,0.7221,CRITICAL,False,10,0,,,,,,
1771434250.691,0.0,,,,,,,,,,,,,,,0.7221,CRITICAL,,10,,t635_0,0.81,LOW,OFFLOAD,CRITICAL: non-critical task offloaded (priority=LOW),
1771434250.691,0.0,45.86,4.6713,1.510,65.0,6,-28520.607,-78.99826,0.03128,0.3094,0.0000,0.5956,1.0000,0.3128,0.5451,0.4549,CRITICAL,False,10,0,,,,,,window_reset|B=10
1771434250.691,0.0,,,,,,,,,,,,,,,0.4549,CRITICAL,,10,,t636_0,0.69,NORMAL,OFFLOAD,CRITICAL: non-critical task offloaded (priority=NORMAL),
1771434250.691,0.0,,,,,,,,,,,,,,,0.4549,CRITICAL,,10,,t636_1,0.58,CRITICAL,LOCAL,CRITICAL: mission-critical task permitted locally (priority=CRITICAL),
1771434250.691,0.0,46.28,4.6704,1.601,71.5,6,50909.688,-133.73847,0.03128,0.3808,1.0000,0.5986,1.0000,0.3128,0.5907,0.7229,CRITICAL,False,10,0,,,,,,
1771434250.691,0.0,,,,,,,,,,,,,,,0.7229,CRITICAL,,10,,t637_0,0.16,HIGH,OFFLOAD,CRITICAL: non-critical task offloaded (priority=HIGH),
1771434250.691,0.0,,,,,,,,,,,,,,,0.7229,CRITICAL,,10,,t637_1,0.47,NORMAL,OFFLOAD,CRITICAL: non-critical task offloaded (priority=NORMAL),
1771434250.691,0.0,,,,,,,,,,,,,,,0.7229,CRITICAL,,10,,t637_2,0.90,NORMAL,OFFLOAD,CRITICAL: non-critical task offloaded (priority=NORMAL),
1771434250.691,0.0,46.71,4.6898,1.534,66.7,6,110450.764,-58.08190,0.02948,0.4514,1.0000,0.5340,1.0000,0.2948,0.5572,0.7145,CRITICAL,False,10,0,,,,,,
1771434250.691,0.0,,,,,,,,,,,,,,,0.7145,CRITICAL,,10,,t638_0,0.81,HIGH,OFFLOAD,CRITICAL: non-critical task offloaded (priority=HIGH),
1771434250.691,0.0,,,,,,,,,,,,,,,0.7145,CRITICAL,,10,,t638_1,0.76,NORMAL,OFFLOAD,CRITICAL: non-critical task offloaded (priority=NORMAL),
1771434250.691,0.0,,,,,,,,,,,,,,,0.7145,CRITICAL,,10,,t638_2,0.31,NORMAL,OFFLOAD,CRITICAL: non-critical task offloaded (priority=NORMAL),
1771434250.691,0.0,46.14,4.6801,1.472,62.3,5,95286.831,-124.22420,0.02930,0.3563,1.0000,0.5664,1.0000,0.2930,0.5109,0.6979,CRITICAL,False,10,0,,,,,,
1771434250.691,0.0,,,,,,,,,,,,,,,0.6979,CRITICAL,,10,,t639_0,0.45,NORMAL,OFFLOAD,CRITICAL: non-critical task offloaded (priority=NORMAL),
1771434250.691,0.0,,,,,,,,,,,,,,,0.6979,CRITICAL,,10,,t639_1,0.44,NORMAL,OFFLOAD,CRITICAL: non-critical task offloaded (priority=NORMAL),
1771434250.691,0.0,,,,,,,,,,,,,,,0.6979,CRITICAL,,10,,t639_2,0.62,NORMAL,OFFLOAD,CRITICAL: non-critical task offloaded (priority=NORMAL),
1771434250.691,0.0,,,,,,,,,,,,,,,0.6979,CRITICAL,,10,,t639_3,0.89,LOW,OFFLOAD,CRITICAL: non-critical task offloaded (priority=LOW),
1771434250.691,0.0,,,,,,,,,,,,,,,0.6979,CRITICAL,,10,,t639_4,0.77,NORMAL,OFFLOAD,CRITICAL: non-critical task offloaded (priority=NORMAL),
1771434250.691,0.0,,,,,,,,,,,,,,,0.6979,CRITICAL,,10,,t639_5,0.76,LOW,OFFLOAD,CRITICAL: non-critical task offloaded (priority=LOW),
1771434250.691,0.0,46.38,4.6947,1.414,58.1,5,88199.730,25.21495,0.02877,0.3970,1.0000,0.5177,0.0000,0.2877,0.4819,0.4901,CRITICAL,False,10,0,,,,,,
1771434250.691,0.0,,,,,,,,,,,,,,,0.4901,CRITICAL,,10,,t640_0,0.66,NORMAL,OFFLOAD,CRITICAL: non-critical task offloaded (priority=NORMAL),
1771434250.691,0.0,46.17,4.7167,1.360,54.3,5,38379.551,120.61371,0.02643,0.3610,1.0000,0.4442,0.0000,0.2643,0.4549,0.4685,CRITICAL,False,10,0,,,,,,
1771434250.691,0.0,,,,,,,,,,,,,,,0.4685,CRITICAL,,10,,t641_0,0.41,CRITICAL,LOCAL,CRITICAL: mission-critical task permitted locally (priority=CRITICAL),
1771434250.691,0.0,46.29,4.7151,1.417,58.4,5,92719.316,40.28358,0.02593,0.3815,1.0000,0.4496,0.0000,0.2593,0.4837,0.4769,CRITICAL,False,10,0,,,,,,
1771434250.691,0.0,,,,,,,,,,,,,,,0.4769,CRITICAL,,10,,t642_0,0.23,LOW,OFFLOAD,CRITICAL: non-critical task offloaded (priority=LOW),
1771434250.691,0.0,,,,,,,,,,,,,,,0.4769,CRITICAL,,10,,t642_1,0.60,NORMAL,OFFLOAD,CRITICAL: non-critical task offloaded (priority=NORMAL),
1771434250.691,0.0,,,,,,,,,,,,,,,0.4769,CRITICAL,,10,,t642_2,0.83,NORMAL,OFFLOAD,CRITICAL: non-critical task offloaded (priority=NORMAL),
1771434250.691,0.0,46.63,4.7070,1.363,54.5,5,70054.414,99.62824,0.02043,0.4387,1.0000,0.4767,0.0000,0.2043,0.4565,0.4764,CRITICAL,False,10,0,,,,,,
1771434250.691,0.0,,,,,,,,,,,,,,,0.4764,CRITICAL,,10,,t643_0,0.81,NORMAL,OFFLOAD,CRITICAL: non-critical task offloaded (priority=NORMAL),
1771434250.691,0.0,47.54,4.7414,1.313,50.9,4,190620.401,132.22405,0.02550,0.5901,1.0000,0.3620,0.0000,0.2550,0.4163,0.4766,CRITICAL,False,10,0,,,,,,
1771434250.691,0.0,,,,,,,,,,,,,,,0.4766,CRITICAL,,10,,t644_0,0.61,LOW,OFFLOAD,CRITICAL: non-critical task offloaded (priority=LOW),
1771434250.691,0.0,,,,,,,,,,,,,,,0.4766,CRITICAL,,10,,t644_1,0.22,HIGH,OFFLOAD,CRITICAL: non-critical task offloaded (priority=HIGH),
1771434250.691,0.0,,,,,,,,,,,,,,,0.4766,CRITICAL,,10,,t644_2,0.17,LOW,OFFLOAD,CRITICAL: non-critical task offloaded (priority=LOW),
1771434250.691,0.0,47.19,4.7487,1.266,47.5,4,102902.592,147.73416,0.02737,0.5323,1.0000,0.3376,0.0000,0.2737,0.3928,0.4637,CRITICAL,False,10,0,,,,,,
1771434250.691,0.0,,,,,,,,,,,,,,,0.4637,CRITICAL,,10,,t645_0,0.22,CRITICAL,LOCAL,CRITICAL: mission-critical task permitted locally (priority=CRITICAL),
1771434250.691,0.0,,,,,,,,,,,,,,,0.4637,CRITICAL,,10,,t645_1,0.38,NORMAL,OFFLOAD,CRITICAL: non-critical task offloaded (priority=NORMAL),
1771434250.691,0.0,,,,,,,,,,,,,,,0.4637,CRITICAL,,10,,t645_2,0.50,NORMAL,OFFLOAD,CRITICAL: non-critical task offloaded (priority=NORMAL),
1771434250.691,0.0,,,,,,,,,,,,,,,0.4637,CRITICAL,,10,,t645_3,0.85,HIGH,OFFLOAD,CRITICAL: non-critical task offloaded (priority=HIGH),
1771434250.691,0.0,46.05,4.7451,1.278,48.5,4,,,0.03014,0.3411,0.0000,0.3498,0.0000,0.3014,0.3992,0.1964,WARNING,False,10,0,,,,,,
1771434250.691,0.0,,,,,,,,,,,,,,,0.1964,WARNING,,10,,t646_0,0.65,CRITICAL,OFFLOAD,WARNING: heavy task offloaded (weight=0.65 >= 0.3),
1771434250.691,0.0,,,,,,,,,,,,,,,0.1964,WARNING,,10,,t646_1,0.31,LOW,OFFLOAD,WARNING: heavy task offloaded (weight=0.31 >= 0.3),
1771434250.691,0.0,,,,,,,,,,,,,,,0.1964,WARNING,,10,,t646_2,0.74,NORMAL,OFFLOAD,WARNING: heavy task offloaded (weight=0.74 >= 0.3),
1771434250.691,0.0,46.79,4.7387,1.234,45.3,4,,,0.02771,0.4652,0.0000,0.3712,0.0000,0.2771,0.3770,0.2072,WARNING,False,10,0,,,,,,
1771434250.691,0.0,,,,,,,,,,,,,,,0.2072,WARNING,,10,,t647_0,0.16,NORMAL,LOCAL,WARNING: lightweight task permitted (weight=0.16 < 0.3),
1771434250.691,0.0,,,,,,,,,,,,,,,0.2072,WARNING,,10,,t647_1,0.54,HIGH,OFFLOAD,WARNING: heavy task offloaded (weight=0.54 >= 0.3),
1771434250.691,0.0,,,,,,,,,,,,,,,0.2072,WARNING,,10,,t647_2,0.30,HIGH,LOCAL,WARNING: lightweight task permitted (weight=0.30 < 0.3),
1771434250.691,0.0,46.61,4.7219,1.311,50.8,4,,,0.02526,0.4353,0.0000,0.4270,0.0000,0.2526,0.4154,0.2161,WARNING,False,10,0,,,,,,
1771434250.691,0.0,,,,,,,,,,,,,,,0.2161,WARNING,,10,,t648_0,0.45,CRITICAL,OFFLOAD,WARNING: heavy task offloaded (weight=0.45 >= 0.3),
1771434250.691,0.0,,,,,,,,,,,,,,,0.2161,WARNING,,10,,t648_1,0.89,NORMAL,OFFLOAD,WARNING: heavy task offloaded (weight=0.89 >= 0.3),
1771434250.691,0.0,,,,,,,,,,,,,,,0.2161,WARNING,,10,,t648_2,0.31,NORMAL,OFFLOAD,WARNING: heavy task offloaded (weight=0.31 >= 0.3),
1771434250.691,0.0,46.48,4.7256,1.264,47.4,4,,,0.02165,0.4128,0.0000,0.4148,0.0000,0.2165,0.3920,0.2035,WARNING,False,10,0,,,,,,window_reset|B=10
1771434250.691,0.0,,,,,,,,,,,,,,,0.2035,WARNING,,10,,t649_0,0.68,HIGH,OFFLOAD,WARNING: heavy task offloaded (weight=0.68 >= 0.3),
1771434250.691,0.0,,,,,,,,,,,,,,,0.2035,WARNING,,10,,t649_1,0.20,NORMAL,LOCAL,WARNING: lightweight task permitted (weight=0.20 < 0.3),
1771434250.691,0.0,,,,,,,,,,,,,,,0.2035,WARNING,,10,,t649_2,0.36,CRITICAL,OFFLOAD,WARNING: heavy task offloaded (weight=0.36 >= 0.3),
1771434250.691,0.0,45.96,4.7153,1.273,48.1,4,,,0.01988,0.3275,0.0000,0.4490,0.0000,0.1988,0.3965,0.1969,WARNING,False,10,0,,,,,,
1771434250.692,0.0,,,,,,,,,,,,,,,0.1969,WARNING,,10,,t650_0,0.88,HIGH,OFFLOAD,WARNING: heavy task offloaded (weight=0.88 >= 0.3),
1771434250.692,0.0,,,,,,,,,,,,,,,0.1969,WARNING,,10,,t650_1,0.81,HIGH,OFFLOAD,WARNING: heavy task offloaded (weight=0.81 >= 0.3),
1771434250.692,0.0,,,,,,,,,,,,,,,0.1969,WARNING,,10,,t650_2,0.61,LOW,OFFLOAD,WARNING: heavy task offloaded (weight=0.61 >= 0.3),
1771434250.692,0.0,,,,,,,,,,,,,,,0.1969,WARNING,,10,,t650_3,0.15,CRITICAL,LOCAL,WARNING: lightweight task permitted (weight=0.15 < 0.3),
1771434250.692,0.0,,,,,,,,,,,,,,,0.1969,WARNING,,10,,t650_4,0.76,HIGH,OFFLOAD,WARNING: heavy task offloaded (weight=0.76 >= 0.3),
1771434250.692,0.0,45.98,4.7404,1.269,47.8,4,-38815.921,33.09669,0.01623,0.3300,0.0000,0.3655,0.0000,0.1623,0.3944,0.1822,WARNING,False,10,0,,,,,,
1771434250.692,0.0,,,,,,,,,,,,,,,0.1822,WARNING,,10,,t651_0,0.73,CRITICAL,OFFLOAD,WARNING: heavy task offloaded (weight=0.73 >= 0.3),
1771434250.692,0.0,,,,,,,,,,,,,,,0.1822,WARNING,,10,,t651_1,0.39,NORMAL,OFFLOAD,WARNING: heavy task offloaded (weight=0.39 >= 0.3),
1771434250.692,0.0,45.50,4.7394,1.225,44.6,4,-121160.769,-1.98718,0.01355,0.2507,0.0000,0.3687,1.0000,0.1355,0.3725,0.3661,WARNING,False,10,0,,,,,,
1771434250.692,0.0,,,,,,,,,,,,,,,0.3661,WARNING,,10,,t652_0,0.66,NORMAL,OFFLOAD,WARNING: heavy task offloaded (weight=0.66 >= 0.3),
1771434250.692,0.0,,,,,,,,,,,,,,,0.3661,WARNING,,10,,t652_1,0.49,HIGH,OFFLOAD,WARNING: heavy task offloaded (weight=0.49 >= 0.3),
1771434250.692,0.0,45.91,4.7538,1.184,41.7,3,-76613.014,4.99944,0.01446,0.3177,0.0000,0.3208,0.0000,0.1446,0.3371,0.1617,SAFE,False,10,0,,,,,,
1771434250.692,0.0,,,,,,,,,,,,,,,0.1617,SAFE,,10,,t653_0,0.56,NORMAL,LOCAL,SAFE: all tasks permitted (weight=0.56),
1771434250.692,0.0,,,,,,,,,,,,,,,0.1617,SAFE,,10,,t653_1,0.41,HIGH,LOCAL,SAFE: all tasks permitted (weight=0.41),
1771434250.692,0.0,45.72,4.6828,1.398,57.0,5,-19558.935,-61.73861,0.01958,0.2864,0.0000,0.5573,1.0000,0.1958,0.4740,0.4212,WARNING,False,10,0,,,,,,
1771434250.692,0.0,,,,,,,,,,,,,,,0.4212,WARNING,,10,,t654_0,0.79,NORMAL,OFFLOAD,WARNING: heavy task offloaded (weight=0.79 >= 0.3),
1771434250.692,0.0,46.00,4.7022,1.345,53.2,5,-47330.245,-36.12410,0.02008,0.3326,0.0000,0.4926,1.0000,0.2008,0.4475,0.4135,WARNING,False,10,0,,,,,,
1771434250.692,0.0,,,,,,,,,,,,,,,0.4135,WARNING,,10,,t655_0,0.71,HIGH,OFFLOAD,WARNING: heavy task offloaded (weight=0.71 >= 0.3),
1771434250.692,0.0,,,,,,,,,,,,,,,0.4135,WARNING,,10,,t655_1,0.81,NORMAL,OFFLOAD,WARNING: heavy task offloaded (weight=0.81 >= 0.3),
1771434250.692,0.0,45.74,4.7620,1.296,49.7,4,-51742.625,39.78451,0.02183,0.2904,0.0000,0.2933,0.0000,0.2183,0.4079,0.1764,SAFE,False,10,0,,,,,,
1771434250.692,0.0,,,,,,,,,,,,,,,0.1764,SAFE,,10,,t656_0,0.80,NORMAL,LOCAL,SAFE: all tasks permitted (weight=0.80),
1771434250.692,0.0,,,,,,,,,,,,,,,0.1764,SAFE,,10,,t656_1,0.69,NORMAL,LOCAL,SAFE: all tasks permitted (weight=0.69),
1771434250.692,0.0,,,,,,,,,,,,,,,0.1764,SAFE,,10,,t656_2,0.55,NORMAL,LOCAL,SAFE: all tasks permitted (weight=0.55),
1771434250.692,0.0,46.65,4.6328,1.781,84.3,8,10193.545,-92.04182,0.03416,0.4413,1.0000,0.7241,1.0000,0.3416,0.7103,0.7733,WARNING,False,10,0,,,,,,
1771434250.692,0.0,,,,,,,,,,,,,,,0.7733,WARNING,,10,,t657_0,0.16,HIGH,LOCAL,WARNING: lightweight task permitted (weight=0.16 < 0.3),
1771434250.692,0.0,,,,,,,,,,,,,,,0.7733,WARNING,,10,,t657_1,0.69,LOW,OFFLOAD,WARNING: heavy task offloaded (weight=0.69 >= 0.3),
1771434250.692,0.0,,,,,,,,,,,,,,,0.7733,WARNING,,10,,t657_2,0.15,NORMAL,LOCAL,WARNING: lightweight task permitted (weight=0.15 < 0.3),
1771434250.692,0.0,,,,,,,,,,,,,,,0.7733,WARNING,,10,,t657_3,0.64,CRITICAL,OFFLOAD,WARNING: heavy task offloaded (weight=0.64 >= 0.3),
1771434250.692,0.0,,,,,,,,,,,,,,,0.7733,WARNING,,10,,t657_4,0.63,NORMAL,OFFLOAD,WARNING: heavy task offloaded (weight=0.63 >= 0.3),
1771434250.692,0.0,,,,,,,,,,,,,,,0.7733,WARNING,,10,,t657_5,0.55,CRITICAL,OFFLOAD,WARNING: heavy task offloaded (weight=0.55 >= 0.3),
1771434250.692,0.0,46.66,4.5614,1.782,84.4,8,41353.648,-152.65810,0.05502,0.4433,1.0000,0.9620,1.0000,0.5502,0.7111,0.8255,CRITICAL,False,10,0,,,,,,
1771434250.692,0.0,,,,,,,,,,,,,,,0.8255,CRITICAL,,10,,t658_0,0.25,HIGH,OFFLOAD,CRITICAL: non-critical task offloaded (priority=HIGH),
1771434250.692,0.0,46.92,4.6322,1.702,78.7,7,,,0.05762,0.4860,0.0000,0.7259,0.0000,0.5762,0.6562,0.3415,WARNING,False,10,0,,,,,,
1771434250.692,0.0,,,,,,,,,,,,,,,0.3415,WARNING,,10,,t659_0,0.49,NORMAL,OFFLOAD,WARNING: heavy task offloaded (weight=0.49 >= 0.3),
1771434250.692,0.0,,,,,,,,,,,,,,,0.3415,WARNING,,10,,t659_1,0.73,NORMAL,OFFLOAD,WARNING: heavy task offloaded (weight=0.73 >= 0.3),
1771434250.692,0.0,,,,,,,,,,,,,,,0.3415,WARNING,,10,,t659_2,0.69,NORMAL,OFFLOAD,WARNING: heavy task offloaded (weight=0.69 >= 0.3),
1771434250.692,0.0,,,,,,,,,,,,,,,0.3415,WARNING,,10,,t659_3,0.78,LOW,OFFLOAD,WARNING: heavy task offloaded (weight=0.78 >= 0.3),
1771434250.692,0.0,,,,,,,,,,,,,,,0.3415,WARNING,,10,,t659_4,0.26,NORMAL,LOCAL,WARNING: lightweight task permitted (weight=0.26 < 0.3),
1771434250.692,0.0,46.76,4.6079,1.696,78.3,7,,,0.06203,0.4601,0.0000,0.8069,0.0000,0.6203,0.6532,0.3528,WARNING,False,10,0,,,,,,
1771434250.692,0.0,,,,,,,,,,,,,,,0.3528,WARNING,,10,,t660_0,0.85,HIGH,OFFLOAD,WARNING: heavy task offloaded (weight=0.85 >= 0.3),
1771434250.692,0.0,,,,,,,,,,,,,,,0.3528,WARNING,,10,,t660_1,0.84,NORMAL,OFFLOAD,WARNING: heavy task offloaded (weight=0.84 >= 0.3),
1771434250.692,0.0,47.32,4.6241,1.623,73.0,7,,,0.06323,0.5526,0.0000,0.7529,0.0000,0.6323,0.6163,0.3507,WARNING,False,10,0,,,,,,
1771434250.692,0.0,,,,,,,,,,,,,,,0.3507,WARNING,,10,,t661_0,0.86,HIGH,OFFLOAD,WARNING: heavy task offloaded (weight=0.86 >= 0.3),
1771434250.692,0.0,,,,,,,,,,,,,,,0.3507,WARNING,,10,,t661_1,0.67,NORMAL,OFFLOAD,WARNING: heavy task offloaded (weight=0.67 >= 0.3),
1771434250.693,0.0,47.58,4.6971,1.554,68.1,6,107548.364,13.76124,0.06257,0.5967,1.0000,0.5097,0.0000,0.6257,0.5670,0.5638,CRITICAL,False,10,0,,,,,,window_reset|B=10
1771434250.693,0.0,,,,,,,,,,,,,,,0.5638,CRITICAL,,10,,t662_0,0.87,LOW,OFFLOAD,CRITICAL: non-critical task offloaded (priority=LOW),
1771434250.693,0.0,,,,,,,,,,,,,,,0.5638,CRITICAL,,10,,t662_1,0.33,NORMAL,OFFLOAD,CRITICAL: non-critical task offloaded (priority=NORMAL),
1771434250.693,0.0,,,,,,,,,,,,,,,0.5638,CRITICAL,,10,,t662_2,0.27,HIGH,OFFLOAD,CRITICAL: non-critical task offloaded (priority=HIGH),
1771434250.693,0.0,47.27,4.6775,1.490,63.6,6,73873.993,-23.82770,0.05970,0.5458,1.0000,0.5751,1.0000,0.5970,0.5350,0.7570,CRITICAL,False,10,0,,,,,,
1771434250.693,0.0,,,,,,,,,,,,,,,0.7570,CRITICAL,,10,,t663_0,0.23,HIGH,OFFLOAD,CRITICAL: non-critical task offloaded (priority=HIGH),
1771434250.693,0.0,,,,,,,,,,,,,,,0.7570,CRITICAL,,10,,t663_1,0.83,NORMAL,OFFLOAD,CRITICAL: non-critical task offloaded (priority=NORMAL),
1771434250.693,0.0,,,,,,,,,,,,,,,0.7570,CRITICAL,,10,,t663_2,0.42,HIGH,OFFLOAD,CRITICAL: non-critical task offloaded (priority=HIGH),
1771434250.693,0.0,47.50,4.6771,1.431,59.3,5,101707.152,-81.73228,0.05629,0.5839,1.0000,0.5763,1.0000,0.5629,0.4904,0.7493,CRITICAL,False,10,0,,,,,,
1771434250.693,0.0,,,,,,,,,,,,,,,0.7493,CRITICAL,,10,,t664_0,0.45,NORMAL,OFFLOAD,CRITICAL: non-critical task offloaded (priority=NORMAL),
1771434250.693,0.0,,,,,,,,,,,,,,,0.7493,CRITICAL,,10,,t664_1,0.84,LOW,OFFLOAD,CRITICAL: non-critical task offloaded (priority=LOW),
1771434250.693,0.0,47.37,4.6927,1.376,55.4,5,41914.174,57.73200,0.05076,0.5623,1.0000,0.5242,0.0000,0.5076,0.4628,0.5289,CRITICAL,False,10,0,,,,,,
1771434250.693,0.0,,,,,,,,,,,,,,,0.5289,CRITICAL,,10,,t665_0,0.73,NORMAL,OFFLOAD,CRITICAL: non-critical task offloaded (priority=NORMAL),
1771434250.693,0.0,47.69,4.7369,1.324,51.7,4,59599.567,168.92897,0.05461,0.6153,1.0000,0.3771,0.0000,0.5461,0.4221,0.5119,CRITICAL,False,10,0,,,,,,
1771434250.693,0.0,,,,,,,,,,,,,,,0.5119,CRITICAL,,10,,t666_0,0.38,NORMAL,OFFLOAD,CRITICAL: non-critical task offloaded (priority=NORMAL),
1771434250.693,0.0,,,,,,,,,,,,,,,0.5119,CRITICAL,,10,,t666_1,0.25,LOW,OFFLOAD,CRITICAL: non-critical task offloaded (priority=LOW),
1771434250.693,0.0,,,,,,,,,,,,,,,0.5119,CRITICAL,,10,,t666_2,0.33,LOW,OFFLOAD,CRITICAL: non-critical task offloaded (priority=LOW),
1771434250.693,0.0,47.27,4.7362,1.276,48.3,4,20317.266,100.09813,0.05719,0.5446,1.0000,0.3793,0.0000,0.5719,0.3982,0.5015,CRITICAL,False,10,0,,,,,,
1771434250.693,0.0,,,,,,,,,,,,,,,0.5015,CRITICAL,,10,,t667_0,0.32,HIGH,OFFLOAD,CRITICAL: non-critical task offloaded (priority=HIGH),
1771434250.693,0.0,,,,,,,,,,,,,,,0.5015,CRITICAL,,10,,t667_1,0.29,NORMAL,OFFLOAD,CRITICAL: non-critical task offloaded (priority=NORMAL),
1771434250.693,0.0,47.63,4.7193,1.232,45.1,4,50292.279,107.24286,0.05248,0.6052,1.0000,0.4356,0.0000,0.5248,0.3760,0.5069,CRITICAL,False,10,0,,,,,,
1771434250.693,0.0,,,,,,,,,,,,,,,0.5069,CRITICAL,,10,,t668_0,0.22,HIGH,OFFLOAD,CRITICAL: non-critical task offloaded (priority=HIGH),
1771434250.693,0.0,,,,,,,,,,,,,,,0.5069,CRITICAL,,10,,t668_1,0.87,LOW,OFFLOAD,CRITICAL: non-critical task offloaded (priority=LOW),
1771434250.693,0.0,,,,,,,,,,,,,,,0.5069,CRITICAL,,10,,t668_2,0.46,LOW,OFFLOAD,CRITICAL: non-critical task offloaded (priority=LOW),
1771434250.693,0.0,,,,,,,,,,,,,,,0.5069,CRITICAL,,10,,t668_3,0.33,NORMAL,OFFLOAD,CRITICAL: non-critical task offloaded (priority=NORMAL),
1771434250.693,0.0,,,,,,,,,,,,,,,0.5069,CRITICAL,,10,,t668_4,0.50,HIGH,OFFLOAD,CRITICAL: non-critical task offloaded (priority=HIGH),
1771434250.693,0.0,,,,,,,,,,,,,,,0.5069,CRITICAL,,10,,t668_5,0.16,HIGH,OFFLOAD,CRITICAL: non-critical task offloaded (priority=HIGH),
1771434250.693,0.0,46.66,4.7592,1.191,42.2,3,-38096.676,130.03516,0.05718,0.4427,0.0000,0.3027,0.0000,0.5718,0.3403,0.2177,WARNING,False,10,0,,,,,,
1771434250.693,0.0,,,,,,,,,,,,,,,0.2177,WARNING,,10,,t669_0,0.25,LOW,LOCAL,WARNING: lightweight task permitted (weight=0.25 < 0.3),
1771434250.693,0.0,47.24,4.7377,1.218,44.2,4,,,0.04746,0.5400,0.0000,0.3742,0.0000,0.4746,0.3692,0.2347,WARNING,False,10,0,,,,,,
1771434250.693,0.0,,,,,,,,,,,,,,,0.2347,WARNING,,10,,t670_0,0.69,NORMAL,OFFLOAD,WARNING: heavy task offloaded (weight=0.69 >= 0.3),
1771434250.693,0.0,46.51,4.7687,1.178,41.3,3,,,0.04823,0.4191,0.0000,0.2711,0.0000,0.4823,0.3340,0.2006,WARNING,False,10,0,,,,,,
1771434250.693,0.0,,,,,,,,,,,,,,,0.2006,WARNING,,10,,t671_0,0.19,NORMAL,LOCAL,WARNING: lightweight task permitted (weight=0.19 < 0.3),
1771434250.693,0.0,46.13,4.7696,1.191,42.2,3,,,0.04201,0.3544,0.0000,0.2679,0.0000,0.4201,0.3403,0.1874,WARNING,False,10,0,,,,,,
1771434250.693,0.0,,,,,,,,,,,,,,,0.1874,WARNING,,10,,t672_0,0.62,LOW,OFFLOAD,WARNING: heavy task offloaded (weight=0.62 >= 0.3),
1771434250.693,0.0,,,,,,,,,,,,,,,0.1874,WARNING,,10,,t672_1,0.67,NORMAL,OFFLOAD,WARNING: heavy task offloaded (weight=0.67 >= 0.3),
1771434250.693,0.0,46.45,4.7524,1.152,39.4,3,,,0.03241,0.4079,0.0000,0.3252,0.0000,0.3241,0.3211,0.1879,WARNING,False,10,0,,,,,,
1771434250.693,0.0,,,,,,,,,,,,,,,0.1879,WARNING,,10,,t673_0,0.35,NORMAL,OFFLOAD,WARNING: heavy task offloaded (weight=0.35 >= 0.3),
1771434250.693,0.0,,,,,,,,,,,,,,,0.1879,WARNING,,10,,t673_1,0.24,NORMAL,LOCAL,WARNING: lightweight task permitted (weight=0.24 < 0.3),
1771434250.693,0.0,,,,,,,,,,,,,,,0.1879,WARNING,,10,,t673_2,0.53,NORMAL,OFFLOAD,WARNING: heavy task offloaded (weight=0.53 >= 0.3),
1771434250.693,0.0,46.37,4.7254,1.179,41.3,3,,,0.03115,0.3953,0.0000,0.4155,0.0000,0.3115,0.3344,0.1995,WARNING,False,10,0,,,,,,
1771434250.693,0.0,,,,,,,,,,,,,,,0.1995,WARNING,,10,,t674_0,0.73,HIGH,OFFLOAD,WARNING: heavy task offloaded (weight=0.73 >= 0.3),
1771434250.693,0.0,,,,,,,,,,,,,,,0.1995,WARNING,,10,,t674_1,0.60,LOW,OFFLOAD,WARNING: heavy task offloaded (weight=0.60 >= 0.3),
1771434250.693,0.0,,,,,,,,,,,,,,,0.1995,WARNING,,10,,t674_2,0.20,LOW,LOCAL,WARNING: lightweight task permitted (weight=0.20 < 0.3),
1771434250.693,0.0,46.38,4.7474,1.193,42.4,3,,,0.02718,0.3969,0.0000,0.3419,0.0000,0.2718,0.3417,0.1876,WARNING,False,10,0,,,,,,window_reset|B=10
1771434250.693,0.0,,,,,,,,,,,,,,,0.1876,WARNING,,10,,t675_0,0.83,NORMAL,OFFLOAD,WARNING: heavy task offloaded (weight=0.83 >= 0.3),
1771434250.693,0.0,,,,,,,,,,,,,,,0.1876,WARNING,,10,,t675_1,0.52,LOW,OFFLOAD,WARNING: heavy task offloaded (weight=0.52 >= 0.3),
1771434250.693,0.0,,,,,,,,,,,,,,,0.1876,WARNING,,10,,t675_2,0.86,NORMAL,OFFLOAD,WARNING: heavy task offloaded (weight=0.86 >= 0.3),
1771434250.693,0.0,,,,,,,,,,,,,,,0.1876,WARNING,,10,,t675_3,0.18,LOW,LOCAL,WARNING: lightweight task permitted (weight=0.18 < 0.3),
1771434250.693,0.0,,,,,,,,,,,,,,,0.1876,WARNING,,10,,t675_4,0.47,HIGH,OFFLOAD,WARNING: heavy task offloaded (weight=0.47 >= 0.3),
1771434250.693,0.0,,,,,,,,,,,,,,,0.1876,WARNING,,10,,t675_5,0.45,NORMAL,OFFLOAD,WARNING: heavy task offloaded (weight=0.45 >= 0.3),
1771434250.693,0.0,45.89,4.7593,1.202,43.0,4,,,0.02142,0.3152,0.0000,0.3023,0.0000,0.2142,0.3610,0.1707,SAFE,False,10,0,,,,,,
1771434250.693,0.0,,,,,,,,,,,,,,,0.1707,SAFE,,10,,t676_0,0.88,LOW,LOCAL,SAFE: all tasks permitted (weight=0.88),
1771434250.693,0.0,46.44,4.6879,1.392,56.5,5,,,0.02236,0.4064,0.0000,0.5402,0.0000,0.2236,0.4708,0.2355,SAFE,False,10,0,,,,,,
1771434250.693,0.0,,,,,,,,,,,,,,,0.2355,SAFE,,10,,t677_0,0.35,NORMAL,LOCAL,SAFE: all tasks permitted (weight=0.35),
1771434250.693,0.0,,,,,,,,,,,,,,,0.2355,SAFE,,10,,t677_1,0.38,NORMAL,LOCAL,SAFE: all tasks permitted (weight=0.38),
1771434250.693,0.0,,,,,,,,,,,,,,,0.2355,SAFE,,10,,t677_2,0.62,NORMAL,LOCAL,SAFE: all tasks permitted (weight=0.62),
1771434250.693,0.0,,,,,,,,,,,,,,,0.2355,SAFE,,10,,t677_3,0.61,HIGH,LOCAL,SAFE: all tasks permitted (weight=0.61),
1771434250.693,0.0,,,,,,,,,,,,,,,0.2355,SAFE,,10,,t677_4,0.26,HIGH,LOCAL,SAFE: all tasks permitted (weight=0.26),
1771434250.693,0.0,46.39,4.5575,1.920,94.3,9,,,0.05569,0.3982,0.0000,0.9750,0.0000,0.5569,0.7952,0.3893,WARNING,False,10,0,,,,,,
1771434250.693,0.0,,,,,,,,,,,,,,,0.3893,WARNING,,10,,t678_0,0.27,NORMAL,LOCAL,WARNING: lightweight task permitted (weight=0.27 < 0.3),
1771434250.693,0.0,46.69,4.5472,1.902,93.0,8,,,0.07438,0.4485,0.0000,1.0000,0.0000,0.7438,0.7708,0.4124,WARNING,False,10,0,,,,,,FAILURE:BROWNOUT(V=4.547V)
1771434250.693,0.0,,,,,,,,,,,,,,,0.4124,WARNING,,10,,t679_0,0.77,NORMAL,OFFLOAD,WARNING: heavy task offloaded (weight=0.77 >= 0.3),
1771434250.693,0.0,47.44,4.6294,1.813,86.7,8,,,0.07762,0.5727,0.0000,0.7354,0.0000,0.7762,0.7267,0.3873,WARNING,False,10,0,,,,,,
1771434250.694,0.0,,,,,,,,,,,,,,,0.3873,WARNING,,10,,t680_0,0.60,NORMAL,OFFLOAD,WARNING: heavy task offloaded (weight=0.60 >= 0.3),
1771434250.694,0.0,,,,,,,,,,,,,,,0.3873,WARNING,,10,,t680_1,0.28,LOW,LOCAL,WARNING: lightweight task permitted (weight=0.28 < 0.3),
1771434250.694,0.0,47.27,4.5903,1.806,86.1,8,40558.118,-133.56800,0.08146,0.5447,1.0000,0.8656,1.0000,0.8146,0.7228,0.8539,CRITICAL,False,10,0,,,,,,
1771434250.694,0.0,,,,,,,,,,,,,,,0.8539,CRITICAL,,10,,t681_0,0.61,HIGH,OFFLOAD,CRITICAL: non-critical task offloaded (priority=HIGH),
1771434250.694,0.0,,,,,,,,,,,,,,,0.8539,CRITICAL,,10,,t681_1,0.46,LOW,OFFLOAD,CRITICAL: non-critical task offloaded (priority=LOW),
1771434250.694,0.0,47.47,4.6629,1.724,80.3,7,54426.776,-51.41840,0.08037,0.5788,1.0000,0.6235,1.0000,0.8037,0.6671,0.8143,CRITICAL,False,10,0,,,,,,
1771434250.694,0.0,,,,,,,,,,,,,,,0.8143,CRITICAL,,10,,t682_0,0.15,HIGH,OFFLOAD,CRITICAL: non-critical task offloaded (priority=HIGH),
1771434250.694,0.0,48.74,4.6190,1.648,74.9,7,116637.222,-105.79117,0.07771,0.7901,1.0000,0.7699,1.0000,0.7771,0.6292,0.8485,CRITICAL,False,10,0,,,,,,
1771434250.694,0.0,,,,,,,,,,,,,,,0.8485,CRITICAL,,10,,t683_0,0.38,NORMAL,OFFLOAD,CRITICAL: non-critical task offloaded (priority=NORMAL),
1771434250.694,0.0,48.49,4.6548,1.578,69.9,6,128572.134,-86.11647,0.07178,0.7487,1.0000,0.6508,1.0000,0.7178,0.5790,0.8120,CRITICAL,False,10,0,,,,,,
1771434250.694,0.0,,,,,,,,,,,,,,,0.8120,CRITICAL,,10,,t684_0,0.79,NORMAL,OFFLOAD,CRITICAL: non-critical task offloaded (priority=NORMAL),
1771434250.694,0.0,,,,,,,,,,,,,,,0.8120,CRITICAL,,10,,t684_1,0.44,CRITICAL,LOCAL,CRITICAL: mission-critical task permitted locally (priority=CRITICAL),
1771434250.694,0.0,,,,,,,,,,,,,,,0.8120,CRITICAL,,10,,t684_2,0.44,NORMAL,OFFLOAD,CRITICAL: non-critical task offloaded (priority=NORMAL),
1771434250.694,0.0,48.14,4.6354,1.627,73.4,7,84267.721,-43.29598,0.06646,0.6905,1.0000,0.7154,1.0000,0.6646,0.6187,0.8161,CRITICAL,False,10,0,,,,,,
1771434250.694,0.0,,,,,,,,,,,,,,,0.8161,CRITICAL,,10,,t685_0,0.57,HIGH,OFFLOAD,CRITICAL: non-critical task offloaded (priority=HIGH),
1771434250.694,0.0,,,,,,,,,,,,,,,0.8161,CRITICAL,,10,,t685_1,0.19,NORMAL,OFFLOAD,CRITICAL: non-critical task offloaded (priority=NORMAL),
1771434250.694,0.0,47.90,4.6496,1.558,68.5,6,74810.989,75.87989,0.06263,0.6504,1.0000,0.6680,0.0000,0.6263,0.5692,0.5913,CRITICAL,False,10,0,,,,,,
1771434250.694,0.0,,,,,,,,,,,,,,,0.5913,CRITICAL,,10,,t686_0,0.56,HIGH,OFFLOAD,CRITICAL: non-critical task offloaded (priority=HIGH),
1771434250.694,0.0,48.15,4.6724,1.494,63.9,6,72005.080,103.16479,0.05542,0.6912,1.0000,0.5920,0.0000,0.5542,0.5371,0.5727,CRITICAL,False,10,0,,,,,,
1771434250.694,0.0,,,,,,,,,,,,,,,0.5727,CRITICAL,,10,,t687_0,0.72,LOW,OFFLOAD,CRITICAL: non-critical task offloaded (priority=LOW),
1771434250.694,0.0,,,,,,,,,,,,,,,0.5727,CRITICAL,,10,,t687_1,0.45,LOW,OFFLOAD,CRITICAL: non-critical task offloaded (priority=LOW),
1771434250.694,0.0,,,,,,,,,,,,,,,0.5727,CRITICAL,,10,,t687_2,0.31,NORMAL,OFFLOAD,CRITICAL: non-critical task offloaded (priority=NORMAL),
1771434250.694,0.0,,,,,,,,,,,,,,,0.5727,CRITICAL,,10,,t687_3,0.72,NORMAL,OFFLOAD,CRITICAL: non-critical task offloaded (priority=NORMAL),
1771434250.694,0.0,48.05,4.6894,1.435,59.6,5,30424.975,49.44538,0.04518,0.6753,1.0000,0.5354,0.0000,0.4518,0.4923,0.5443,CRITICAL,False,10,0,,,,,,window_reset|B=10
1771434250.694,0.0,,,,,,,,,,,,,,,0.5443,CRITICAL,,10,,t688_0,0.37,CRITICAL,LOCAL,CRITICAL: mission-critical task permitted locally (priority=CRITICAL),
1771434250.694,0.0,48.75,4.6789,1.476,62.6,5,,,0.04432,0.7921,0.0000,0.5705,0.0000,0.4432,0.5129,0.3161,WARNING,False,10,0,,,,,,
1771434250.694,0.0,,,,,,,,,,,,,,,0.3161,WARNING,,10,,t689_0,0.41,NORMAL,OFFLOAD,WARNING: heavy task offloaded (weight=0.41 >= 0.3),
1771434250.694,0.0,,,,,,,,,,,,,,,0.3161,WARNING,,10,,t689_1,0.17,LOW,LOCAL,WARNING: lightweight task permitted (weight=0.17 < 0.3),
1771434250.694,0.0,,,,,,,,,,,,,,,0.3161,WARNING,,10,,t689_2,0.20,HIGH,LOCAL,WARNING: lightweight task permitted (weight=0.20 < 0.3),
1771434250.694,0.0,48.71,4.6626,1.514,65.3,6,,,0.03872,0.7853,0.0000,0.6246,0.0000,0.3872,0.5472,0.3236,WARNING,False,10,0,,,,,,
1771434250.694,0.0,,,,,,,,,,,,,,,0.3236,WARNING,,10,,t690_0,0.49,NORMAL,OFFLOAD,WARNING: heavy task offloaded (weight=0.49 >= 0.3),
1771434250.694,0.0,,,,,,,,,,,,,,,0.3236,WARNING,,10,,t690_1,0.53,LOW,OFFLOAD,WARNING: heavy task offloaded (weight=0.53 >= 0.3),
1771434250.694,0.0,,,,,,,,,,,,,,,0.3236,WARNING,,10,,t690_2,0.17,HIGH,LOCAL,WARNING: lightweight task permitted (weight=0.17 < 0.3),
1771434250.694,0.0,48.30,4.6702,1.499,64.2,6,,,0.02706,0.7167,0.0000,0.5992,0.0000,0.2706,0.5394,0.2988,WARNING,False,10,0,,,,,,
1771434250.694,0.0,,,,,,,,,,,,,,,0.2988,WARNING,,10,,t691_0,0.41,LOW,OFFLOAD,WARNING: heavy task offloaded (weight=0.41 >= 0.3),
1771434250.694,0.0,48.43,4.7302,1.439,59.9,5,,,0.03378,0.7379,0.0000,0.3994,0.0000,0.3378,0.4944,0.2731,WARNING,False,10,0,,,,,,
1771434250.694,0.0,,,,,,,,,,,,,,,0.2731,WARNING,,10,,t692_0,0.57,HIGH,OFFLOAD,WARNING: heavy task offloaded (weight=0.57 >= 0.3),
1771434250.694,0.0,,,,,,,,,,,,,,,0.2731,WARNING,,10,,t692_1,0.38,LOW,OFFLOAD,WARNING: heavy task offloaded (weight=0.38 >= 0.3),
1771434250.694,0.0,,,,,,,,,,,,,,,0.2731,WARNING,,10,,t692_2,0.78,NORMAL,OFFLOAD,WARNING: heavy task offloaded (weight=0.78 >= 0.3),
1771434250.694,0.0,,,,,,,,,,,,,,,0.2731,WARNING,,10,,t692_3,0.69,NORMAL,OFFLOAD,WARNING: heavy task offloaded (weight=0.69 >= 0.3),
1771434250.694,0.0,48.26,4.7095,1.383,55.9,5,,,0.02913,0.7095,0.0000,0.4685,0.0000,0.2913,0.4665,0.2685,WARNING,False,10,0,,,,,,
1771434250.694,0.0,,,,,,,,,,,,,,,0.2685,WARNING,,10,,t693_0,0.19,LOW,LOCAL,WARNING: lightweight task permitted (weight=0.19 < 0.3),
1771434250.694,0.0,47.93,4.7268,1.379,55.7,5,,,0.03301,0.6542,0.0000,0.4107,0.0000,0.3301,0.4647,0.2578,WARNING,False,10,0,,,,,,
1771434250.694,0.0,,,,,,,,,,,,,,,0.2578,WARNING,,10,,t694_0,0.42,LOW,OFFLOAD,WARNING: heavy task offloaded (weight=0.42 >= 0.3),
1771434250.694,0.0,47.97,4.6981,1.328,52.0,4,,,0.02883,0.6620,0.0000,0.5062,0.0000,0.2883,0.4239,0.2588,WARNING,False,10,0,,,,,,
1771434250.694,0.0,,,,,,,,,,,,,,,0.2588,WARNING,,10,,t695_0,0.71,CRITICAL,OFFLOAD,WARNING: heavy task offloaded (weight=0.71 >= 0.3),
1771434250.694,0.0,,,,,,,,,,,,,,,0.2588,WARNING,,10,,t695_1,0.71,LOW,OFFLOAD,WARNING: heavy task offloaded (weight=0.71 >= 0.3),
1771434250.695,0.0,,,,,,,,,,,,,,,0.2588,WARNING,,10,,t695_2,0.45,LOW,OFFLOAD,WARNING: heavy task offloaded (weight=0.45 >= 0.3),
1771434250.695,0.0,,,,,,,,,,,,,,,0.2588,WARNING,,10,,t695_3,0.81,CRITICAL,OFFLOAD,WARNING: heavy task offloaded (weight=0.81 >= 0.3),
1771434250.695,0.0,48.42,4.6932,1.280,48.6,4,22102.688,3.74515,0.02780,0.7371,1.0000,0.5228,0.0000,0.2780,0.3999,0.5142,WARNING,False,10,0,,,,,,
1771434250.695,0.0,,,,,,,,,,,,,,,0.5142,WARNING,,10,,t696_0,0.40,CRITICAL,OFFLOAD,WARNING: heavy task offloaded (weight=0.40 >= 0.3),
1771434250.695,0.0,,,,,,,,,,,,,,,0.5142,WARNING,,10,,t696_1,0.21,NORMAL,LOCAL,WARNING: lightweight task permitted (weight=0.21 < 0.3),
1771434250.695,0.0,47.77,4.7275,1.290,49.3,4,-58657.065,48.30549,0.02577,0.6281,0.0000,0.4084,0.0000,0.2577,0.4049,0.2352,WARNING,False,10,0,,,,,,
1771434250.695,0.0,,,,,,,,,,,,,,,0.2352,WARNING,,10,,t697_0,0.62,CRITICAL,OFFLOAD,WARNING: heavy task offloaded (weight=0.62 >= 0.3),
1771434250.695,0.0,48.02,4.7597,1.244,46.0,4,-41409.567,96.50107,0.02838,0.6696,0.0000,0.3009,0.0000,0.2838,0.3822,0.2243,WARNING,False,10,0,,,,,,
1771434250.695,0.0,,,,,,,,,,,,,,,0.2243,WARNING,,10,,t698_0,0.82,HIGH,OFFLOAD,WARNING: heavy task offloaded (weight=0.82 >= 0.3),
1771434250.695,0.0,,,,,,,,,,,,,,,0.2243,WARNING,,10,,t698_1,0.28,HIGH,LOCAL,WARNING: lightweight task permitted (weight=0.28 < 0.3),
1771434250.695,0.0,,,,,,,,,,,,,,,0.2243,WARNING,,10,,t698_2,0.27,LOW,LOCAL,WARNING: lightweight task permitted (weight=0.27 < 0.3),
1771434250.695,0.0,48.04,4.7040,1.347,53.4,5,-15563.953,33.51267,0.02699,0.6731,0.0000,0.4868,0.0000,0.2699,0.4486,0.2608,WARNING,False,10,0,,,,,,
1771434250.695,0.0,,,,,,,,,,,,,,,0.2608,WARNING,,10,,t699_0,0.61,LOW,OFFLOAD,WARNING: heavy task offloaded (weight=0.61 >= 0.3),
1771434250.695,0.0,,,,,,,,,,,,,,,0.2608,WARNING,,10,,t699_1,0.84,HIGH,OFFLOAD,WARNING: heavy task offloaded (weight=0.84 >= 0.3),
1771434250.695,0.0,47.68,4.7267,1.298,49.8,4,-44765.839,-3.51365,0.02725,0.6128,0.0000,0.4112,1.0000,0.2725,0.4089,0.4360,WARNING,False,10,0,,,,,,
1771434250.695,0.0,,,,,,,,,,,,,,,0.4360,WARNING,,10,,t700_0,0.90,LOW,OFFLOAD,WARNING: heavy task offloaded (weight=0.90 >= 0.3),
1771434250.695,0.0,47.88,4.7292,1.252,46.6,4,-22645.944,19.65168,0.02642,0.6462,0.0000,0.4025,0.0000,0.2642,0.3859,0.2335,WARNING,False,10,0,,,,,,window_reset|B=10
1771434250.695,0.0,,,,,,,,,,,,,,,0.2335,WARNING,,10,,t701_0,0.52,LOW,OFFLOAD,WARNING: heavy task offloaded (weight=0.52 >= 0.3),
1771434250.695,0.0,,,,,,,,,,,,,,,0.2335,WARNING,,10,,t701_1,0.87,HIGH,OFFLOAD,WARNING: heavy task offloaded (weight=0.87 >= 0.3),
1771434250.695,0.0,46.79,4.7621,1.209,43.5,4,-67676.370,35.14337,0.02539,0.4650,0.0000,0.2929,0.0000,0.2539,0.3646,0.1922,WARNING,False,10,0,,,,,,
1771434250.695,0.0,,,,,,,,,,,,,,,0.1922,WARNING,,10,,t702_0,0.86,NORMAL,OFFLOAD,WARNING: heavy task offloaded (weight=0.86 >= 0.3),
1771434250.695,0.0,47.07,4.7559,1.169,40.7,3,-53902.335,57.36110,0.02231,0.5113,0.0000,0.3138,0.0000,0.2231,0.3297,0.1904,WARNING,False,10,0,,,,,,
1771434250.695,0.0,,,,,,,,,,,,,,,0.1904,WARNING,,10,,t703_0,0.62,NORMAL,OFFLOAD,WARNING: heavy task offloaded (weight=0.62 >= 0.3),
1771434250.695,0.0,,,,,,,,,,,,,,,0.1904,WARNING,,10,,t703_1,0.64,LOW,OFFLOAD,WARNING: heavy task offloaded (weight=0.64 >= 0.3),
1771434250.695,0.0,,,,,,,,,,,,,,,0.1904,WARNING,,10,,t703_2,0.57,NORMAL,OFFLOAD,WARNING: heavy task offloaded (weight=0.57 >= 0.3),
1771434250.695,0.0,,,,,,,,,,,,,,,0.1904,WARNING,,10,,t703_3,0.86,HIGH,OFFLOAD,WARNING: heavy task offloaded (weight=0.86 >= 0.3),
1771434250.695,0.0,,,,,,,,,,,,,,,0.1904,WARNING,,10,,t703_4,0.29,LOW,LOCAL,WARNING: lightweight task permitted (weight=0.29 < 0.3),
1771434250.695,0.0,46.63,4.7625,1.209,43.5,4,,,0.02439,0.4378,0.0000,0.2917,0.0000,0.2439,0.3644,0.1877,WARNING,False,10,0,,,,,,
1771434250.695,0.0,,,,,,,,,,,,,,,0.1877,WARNING,,10,,t704_0,0.26,HIGH,LOCAL,WARNING: lightweight task permitted (weight=0.26 < 0.3),
1771434250.695,0.0,,,,,,,,,,,,,,,0.1877,WARNING,,10,,t704_1,0.30,LOW,OFFLOAD,WARNING: heavy task offloaded (weight=0.30 >= 0.3),
1771434250.695,0.0,46.53,4.7295,1.237,45.5,4,,,0.02363,0.4218,0.0000,0.4016,0.0000,0.2363,0.3787,0.2022,WARNING,False,10,0,,,,,,
1771434250.695,0.0,,,,,,,,,,,,,,,0.2022,WARNING,,10,,t705_0,0.75,HIGH,OFFLOAD,WARNING: heavy task offloaded (weight=0.75 >= 0.3),
1771434250.695,0.0,,,,,,,,,,,,,,,0.2022,WARNING,,10,,t705_1,0.18,HIGH,LOCAL,WARNING: lightweight task permitted (weight=0.18 < 0.3),
1771434250.695,0.0,,,,,,,,,,,,,,,0.2022,WARNING,,10,,t705_2,0.61,HIGH,OFFLOAD,WARNING: heavy task offloaded (weight=0.61 >= 0.3),
1771434250.695,0.0,47.05,4.7401,1.242,45.8,4,,,0.02371,0.5076,0.0000,0.3662,0.0000,0.2371,0.3809,0.2084,WARNING,False,10,0,,,,,,
1771434250.695,0.0,,,,,,,,,,,,,,,0.2084,WARNING,,10,,t706_0,0.27,LOW,LOCAL,WARNING: lightweight task permitted (weight=0.27 < 0.3),
1771434250.695,0.0,,,,,,,,,,,,,,,0.2084,WARNING,,10,,t706_1,0.46,NORMAL,OFFLOAD,WARNING: heavy task offloaded (weight=0.46 >= 0.3),
1771434250.695,0.0,,,,,,,,,,,,,,,0.2084,WARNING,,10,,t706_2,0.34,NORMAL,OFFLOAD,WARNING: heavy task offloaded (weight=0.34 >= 0.3),
1771434250.695,0.0,46.34,4.7305,1.270,47.8,4,,,0.02139,0.3894,0.0000,0.3984,0.0000,0.2139,0.3948,0.1989,WARNING,False,10,0,,,,,,
1771434250.695,0.0,,,,,,,,,,,,,,,0.1989,WARNING,,10,,t707_0,0.17,LOW,LOCAL,WARNING: lightweight task permitted (weight=0.17 < 0.3),
1771434250.695,0.0,,,,,,,,,,,,,,,0.1989,WARNING,,10,,t707_1,0.21,CRITICAL,LOCAL,WARNING: lightweight task permitted (weight=0.21 < 0.3),
1771434250.695,0.0,47.08,4.7223,1.324,51.7,4,,,0.01785,0.5129,0.0000,0.4257,0.0000,0.1785,0.4221,0.2192,WARNING,False,10,0,,,,,,
1771434250.695,0.0,,,,,,,,,,,,,,,0.2192,WARNING,,10,,t708_0,0.35,CRITICAL,OFFLOAD,WARNING: heavy task offloaded (weight=0.35 >= 0.3),
1771434250.695,0.0,46.68,4.6989,1.277,48.3,4,,,0.02071,0.4462,0.0000,0.5036,0.0000,0.2071,0.3983,0.2194,WARNING,False,10,0,,,,,,
1771434250.695,0.0,,,,,,,,,,,,,,,0.2194,WARNING,,10,,t709_0,0.70,HIGH,OFFLOAD,WARNING: heavy task offloaded (weight=0.70 >= 0.3),
1771434250.695,0.0,,,,,,,,,,,,,,,0.2194,WARNING,,10,,t709_1,0.34,LOW,OFFLOAD,WARNING: heavy task offloaded (weight=0.34 >= 0.3),
1771434250.695,0.0,,,,,,,,,,,,,,,0.2194,WARNING,,10,,t709_2,0.30,HIGH,OFFLOAD,WARNING: heavy task offloaded (weight=0.30 >= 0.3),
1771434250.695,0.0,,,,,,,,,,,,,,,0.2194,WARNING,,10,,t709_3,0.28,HIGH,LOCAL,WARNING: lightweight task permitted (weight=0.28 < 0.3),
1771434250.695,0.0,46.54,4.7282,1.306,50.4,4,,,0.01937,0.4228,0.0000,0.4061,0.0000,0.1937,0.4129,0.2055,WARNING,False,10,0,,,,,,
1771434250.695,0.0,,,,,,,,,,,,,,,0.2055,WARNING,,10,,t710_0,0.71,HIGH,OFFLOAD,WARNING: heavy task offloaded (weight=0.71 >= 0.3),
1771434250.695,0.0,,,,,,,,,,,,,,,0.2055,WARNING,,10,,t710_1,0.66,CRITICAL,OFFLOAD,WARNING: heavy task offloaded (weight=0.66 >= 0.3),
1771434250.695,0.0,,,,,,,,,,,,,,,0.2055,WARNING,,10,,t710_2,0.38,NORMAL,OFFLOAD,WARNING: heavy task offloaded (weight=0.38 >= 0.3),
1771434250.695,0.0,45.76,4.7304,1.259,47.1,4,,,0.01741,0.2937,0.0000,0.3987,0.0000,0.1741,0.3897,0.1824,WARNING,False,10,0,,,,,,
1771434250.695,0.0,,,,,,,,,,,,,,,0.1824,WARNING,,10,,t711_0,0.18,NORMAL,LOCAL,WARNING: lightweight task permitted (weight=0.18 < 0.3),
1771434250.695,0.0,45.99,4.7431,1.263,47.4,4,,,0.01737,0.3318,0.0000,0.3563,0.0000,0.1737,0.3915,0.1818,WARNING,False,10,0,,,,,,
1771434250.695,0.0,,,,,,,,,,,,,,,0.1818,WARNING,,10,,t712_0,0.57,LOW,OFFLOAD,WARNING: heavy task offloaded (weight=0.57 >= 0.3),
1771434250.695,0.0,,,,,,,,,,,,,,,0.1818,WARNING,,10,,t712_1,0.60,NORMAL,OFFLOAD,WARNING: heavy task offloaded (weight=0.60 >= 0.3),
1771434250.695,0.0,,,,,,,,,,,,,,,0.1818,WARNING,,10,,t712_2,0.83,LOW,OFFLOAD,WARNING: heavy task offloaded (weight=0.83 >= 0.3),
1771434250.695,0.0,,,,,,,,,,,,,,,0.1818,WARNING,,10,,t712_3,0.46,NORMAL,OFFLOAD,WARNING: heavy task offloaded (weight=0.46 >= 0.3),
1771434250.695,0.0,45.27,4.7272,1.219,44.2,4,,,0.01744,0.2111,0.0000,0.4093,0.0000,0.1744,0.3697,0.1699,SAFE,False,10,0,,,,,,
1771434250.695,0.0,,,,,,,,,,,,,,,0.1699,SAFE,,10,,t713_0,0.16,HIGH,LOCAL,SAFE: all tasks permitted (weight=0.16),
1771434250.695,0.0,,,,,,,,,,,,,,,0.1699,SAFE,,10,,t713_1,0.55,NORMAL,LOCAL,SAFE: all tasks permitted (weight=0.55),
1771434250.695,0.0,,,,,,,,,,,,,,,0.1699,SAFE,,10,,t713_2,0.50,LOW,LOCAL,SAFE: all tasks permitted (weight=0.50),
1771434250.695,0.0,,,,,,,,,,,,,,,0.1699,SAFE,,10,,t713_3,0.70,NORMAL,LOCAL,SAFE: all tasks permitted (weight=0.70),
1771434250.695,0.0,,,,,,,,,,,,,,,0.1699,SAFE,,10,,t713_4,0.82,CRITICAL,LOCAL,SAFE: all tasks permitted (weight=0.82),
1771434250.695,0.0,,,,,,,,,,,,,,,0.1699,SAFE,,10,,t713_5,0.52,NORMAL,LOCAL,SAFE: all tasks permitted (weight=0.52),
1771434250.695,0.0,46.41,4.5151,1.986,99.0,9,,,0.06233,0.4022,0.0000,1.0000,0.0000,0.6233,0.8280,0.4062,WARNING,False,10,0,,,,,,window_reset|B=10|FAILURE:BROWNOUT(V=4.515V)
1771434250.695,0.0,,,,,,,,,,,,,,,0.4062,WARNING,,10,,t714_0,0.23,LOW,LOCAL,WARNING: lightweight task permitted (weight=0.23 < 0.3),
1771434250.695,0.0,,,,,,,,,,,,,,,0.4062,WARNING,,10,,t714_1,0.85,LOW,OFFLOAD,WARNING: heavy task offloaded (weight=0.85 >= 0.3),
1771434250.695,0.0,47.49,4.5227,1.984,98.8,9,,,0.08038,0.5811,0.0000,1.0000,0.0000,0.8038,0.8268,0.4455,WARNING,False,10,0,,,,,,
1771434250.695,0.0,,,,,,,,,,,,,,,0.4455,WARNING,,10,,t715_0,0.72,NORMAL,OFFLOAD,WARNING: heavy task offloaded (weight=0.72 >= 0.3),
1771434250.695,0.0,,,,,,,,,,,,,,,0.4455,WARNING,,10,,t715_1,0.64,NORMAL,OFFLOAD,WARNING: heavy task offloaded (weight=0.64 >= 0.3),
1771434250.697,0.1,,,,,,,,,,,,,,,0.4455,WARNING,,10,,t715_2,0.19,CRITICAL,LOCAL,WARNING: lightweight task permitted (weight=0.19 < 0.3),
1771434250.697,0.1,47.35,4.5841,1.940,95.7,9,11503.552,-95.78862,0.08314,0.5590,1.0000,0.8863,1.0000,0.8314,0.8052,0.8765,CRITICAL,False,10,0,,,,,,
1771434250.697,0.1,,,,,,,,,,,,,,,0.8765,CRITICAL,,10,,t716_0,0.33,LOW,OFFLOAD,CRITICAL: non-critical task offloaded (priority=LOW),
1771434250.697,0.1,,,,,,,,,,,,,,,0.8765,CRITICAL,,10,,t716_1,0.68,NORMAL,OFFLOAD,CRITICAL: non-critical task offloaded (priority=NORMAL),
1771434250.697,0.1,48.18,4.5884,1.849,89.2,8,62493.681,-76.64633,0.08540,0.6966,1.0000,0.8721,1.0000,0.8540,0.7447,0.8813,CRITICAL,False,10,0,,,,,,
1771434250.697,0.1,,,,,,,,,,,,,,,0.8813,CRITICAL,,10,,t717_0,0.75,LOW,OFFLOAD,CRITICAL: non-critical task offloaded (priority=LOW),
1771434250.697,0.1,,,,,,,,,,,,,,,0.8813,CRITICAL,,10,,t717_1,0.39,NORMAL,OFFLOAD,CRITICAL: non-critical task offloaded (priority=NORMAL),
1771434250.697,0.1,47.79,4.6232,1.765,83.2,8,52280.905,-72.79104,0.08340,0.6323,1.0000,0.7561,1.0000,0.8340,0.7025,0.8481,CRITICAL,False,10,0,,,,,,
1771434250.697,0.1,,,,,,,,,,,,,,,0.8481,CRITICAL,,10,,t718_0,0.73,HIGH,OFFLOAD,CRITICAL: non-critical task offloaded (priority=HIGH),
1771434250.697,0.1,,,,,,,,,,,,,,,0.8481,CRITICAL,,10,,t718_1,0.33,NORMAL,OFFLOAD,CRITICAL: non-critical task offloaded (priority=NORMAL),
1771434250.697,0.1,,,,,,,,,,,,,,,0.8481,CRITICAL,,10,,t718_2,0.67,LOW,OFFLOAD,CRITICAL: non-critical task offloaded (priority=LOW),
1771434250.697,0.1,48.56,4.6213,1.686,77.6,7,116329.251,-75.59957,0.08108,0.7598,1.0000,0.7622,1.0000,0.8108,0.6482,0.8510,CRITICAL,False,10,0,,,,,,
1771434250.697,0.1,,,,,,,,,,,,,,,0.8510,CRITICAL,,10,,t719_0,0.51,HIGH,OFFLOAD,CRITICAL: non-critical task offloaded (priority=HIGH),
1771434250.697,0.1,,,,,,,,,,,,,,,0.8510,CRITICAL,,10,,t719_1,0.23,NORMAL,OFFLOAD,CRITICAL: non-critical task offloaded (priority=NORMAL),
1771434250.697,0.1,,,,,,,,,,,,,,,0.8510,CRITICAL,,10,,t719_2,0.19,LOW,OFFLOAD,CRITICAL: non-critical task offloaded (priority=LOW),
1771434250.697,0.1,,,,,,,,,,,,,,,0.8510,CRITICAL,,10,,t719_3,0.86,LOW,OFFLOAD,CRITICAL: non-critical task offloaded (priority=LOW),
1771434250.697,0.1,,,,,,,,,,,,,,,0.8510,CRITICAL,,10,,t719_4,0.58,NORMAL,OFFLOAD,CRITICAL: non-critical task offloaded (priority=NORMAL),
1771434250.697,0.1,,,,,,,,,,,,,,,0.8510,CRITICAL,,10,,t719_5,0.18,LOW,OFFLOAD,CRITICAL: non-critical task offloaded (priority=LOW),
1771434250.697,0.1,48.80,4.6497,1.613,72.4,6,116997.922,-64.73463,0.07815,0.8006,1.0000,0.6676,1.0000,0.7815,0.5966,0.8303,CRITICAL,False,10,0,,,,,,
1771434250.697,0.1,,,,,,,,,,,,,,,0.8303,CRITICAL,,10,,t720_0,0.55,CRITICAL,LOCAL,CRITICAL: mission-critical task permitted locally (priority=CRITICAL),
1771434250.697,0.1,,,,,,,,,,,,,,,0.8303,CRITICAL,,10,,t720_1,0.56,HIGH,OFFLOAD,CRITICAL: non-critical task offloaded (priority=HIGH),
1771434250.697,0.1,49.05,4.6138,1.687,77.7,7,157434.971,-78.64753,0.07673,0.8419,1.0000,0.7875,1.0000,0.7673,0.6487,0.8599,CRITICAL,False,10,0,,,,,,
1771434250.697,0.1,,,,,,,,,,,,,,,0.8599,CRITICAL,,10,,t721_0,0.80,NORMAL,OFFLOAD,CRITICAL: non-critical task offloaded (priority=NORMAL),
1771434250.697,0.1,,,,,,,,,,,,,,,0.8599,CRITICAL,,10,,t721_1,0.51,NORMAL,OFFLOAD,CRITICAL: non-critical task offloaded (priority=NORMAL),
1771434250.697,0.1,,,,,,,,,,,,,,,0.8599,CRITICAL,,10,,t721_2,0.87,NORMAL,OFFLOAD,CRITICAL: non-critical task offloaded (priority=NORMAL),
1771434250.697,0.1,49.52,4.6656,1.614,72.4,6,129227.644,104.32509,0.07237,0.9200,1.0000,0.6147,0.0000,0.7237,0.5971,0.6321,CRITICAL,False,10,0,,,,,,
1771434250.697,0.1,,,,,,,,,,,,,,,0.6321,CRITICAL,,10,,t722_0,0.82,NORMAL,OFFLOAD,CRITICAL: non-critical task offloaded (priority=NORMAL),
1771434250.697,0.1,,,,,,,,,,,,,,,0.6321,CRITICAL,,10,,t722_1,0.33,CRITICAL,LOCAL,CRITICAL: mission-critical task permitted locally (priority=CRITICAL),
1771434250.697,0.1,,,,,,,,,,,,,,,0.6321,CRITICAL,,10,,t722_2,0.59,NORMAL,OFFLOAD,CRITICAL: non-critical task offloaded (priority=NORMAL),
1771434250.697,0.1,48.97,4.6408,1.631,73.6,7,61517.284,81.84595,0.06620,0.8275,1.0000,0.6974,0.0000,0.6620,0.6204,0.6303,CRITICAL,False,10,0,,,,,,
1771434250.697,0.1,,,,,,,,,,,,,,,0.6303,CRITICAL,,10,,t723_0,0.73,CRITICAL,LOCAL,CRITICAL: mission-critical task permitted locally (priority=CRITICAL),
1771434250.697,0.1,,,,,,,,,,,,,,,0.6303,CRITICAL,,10,,t723_1,0.43,NORMAL,OFFLOAD,CRITICAL: non-critical task offloaded (priority=NORMAL),
1771434250.697,0.1,48.96,4.6613,1.752,82.3,7,,,0.05725,0.8268,0.0000,0.6292,0.0000,0.5725,0.6810,0.3745,WARNING,False,10,0,,,,,,
1771434250.697,0.1,,,,,,,,,,,,,,,0.3745,WARNING,,10,,t724_0,0.48,LOW,OFFLOAD,WARNING: heavy task offloaded (weight=0.48 >= 0.3),
1771434250.697,0.1,,,,,,,,,,,,,,,0.3745,WARNING,,10,,t724_1,0.79,HIGH,OFFLOAD,WARNING: heavy task offloaded (weight=0.79 >= 0.3),
1771434250.697,0.1,,,,,,,,,,,,,,,0.3745,WARNING,,10,,t724_2,0.78,NORMAL,OFFLOAD,WARNING: heavy task offloaded (weight=0.78 >= 0.3),
1771434250.697,0.1,49.42,4.6005,1.674,76.7,7,,,0.04683,0.9033,0.0000,0.8316,0.0000,0.4683,0.6422,0.3918,WARNING,False,10,0,,,,,,
1771434250.697,0.1,,,,,,,,,,,,,,,0.3918,WARNING,,10,,t725_0,0.24,CRITICAL,LOCAL,WARNING: lightweight task permitted (weight=0.24 < 0.3),
1771434250.697,0.1,,,,,,,,,,,,,,,0.3918,WARNING,,10,,t725_1,0.19,NORMAL,LOCAL,WARNING: lightweight task permitted (weight=0.19 < 0.3),
1771434250.697,0.1,,,,,,,,,,,,,,,0.3918,WARNING,,10,,t725_2,0.43,CRITICAL,OFFLOAD,WARNING: heavy task offloaded (weight=0.43 >= 0.3),
1771434250.697,0.1,49.75,4.6271,1.713,79.5,7,,,0.03784,0.9581,0.0000,0.7430,0.0000,0.3784,0.6613,0.3816,WARNING,False,10,0,,,,,,
1771434250.697,0.1,,,,,,,,,,,,,,,0.3816,WARNING,,10,,t726_0,0.89,NORMAL,OFFLOAD,WARNING: heavy task offloaded (weight=0.89 >= 0.3),
1771434250.697,0.1,49.85,4.6237,1.638,74.1,7,,,0.02514,0.9745,0.0000,0.7544,0.0000,0.2514,0.6238,0.3649,WARNING,False,10,0,,,,,,window_reset|B=10
1771434250.697,0.1,,,,,,,,,,,,,,,0.3649,WARNING,,10,,t727_0,0.43,NORMAL,OFFLOAD,WARNING: heavy task offloaded (weight=0.43 >= 0.3),
1771434250.697,0.1,,,,,,,,,,,,,,,0.3649,WARNING,,10,,t727_1,0.57,HIGH,OFFLOAD,WARNING: heavy task offloaded (weight=0.57 >= 0.3),
1771434250.697,0.1,,,,,,,,,,,,,,,0.3649,WARNING,,10,,t727_2,0.31,HIGH,OFFLOAD,WARNING: heavy task offloaded (weight=0.31 >= 0.3),
1771434250.697,0.1,49.49,4.6848,1.568,69.1,6,,,0.02685,0.9150,0.0000,0.5508,0.0000,0.2685,0.5739,0.3230,WARNING,False,10,0,,,,,,
1771434250.697,0.1,,,,,,,,,,,,,,,0.3230,WARNING,,10,,t728_0,0.27,NORMAL,LOCAL,WARNING: lightweight task permitted (weight=0.27 < 0.3),
1771434250.697,0.1,50.26,4.6549,1.574,69.6,6,,,0.02367,1.0000,0.0000,0.6504,0.0000,0.2367,0.5769,0.3436,WARNING,False,10,0,,,,,,FAILURE:THERMAL(T=50.3C)
1771434250.697,0.1,,,,,,,,,,,,,,,0.3436,WARNING,,10,,t729_0,0.55,NORMAL,OFFLOAD,WARNING: heavy task offloaded (weight=0.55 >= 0.3),
1771434250.697,0.1,,,,,,,,,,,,,,,0.3436,WARNING,,10,,t729_1,0.80,NORMAL,OFFLOAD,WARNING: heavy task offloaded (weight=0.80 >= 0.3),
1771434250.697,0.1,49.87,4.6716,1.509,64.9,6,,,0.02475,0.9781,0.0000,0.5948,0.0000,0.2475,0.5443,0.3283,WARNING,False,10,0,,,,,,
1771434250.697,0.1,,,,,,,,,,,,,,,0.3283,WARNING,,10,,t730_0,0.58,NORMAL,OFFLOAD,WARNING: heavy task offloaded (weight=0.58 >= 0.3),
1771434250.697,0.1,,,,,,,,,,,,,,,0.3283,WARNING,,10,,t730_1,0.62,CRITICAL,OFFLOAD,WARNING: heavy task offloaded (weight=0.62 >= 0.3),
1771434250.698,0.1,,,,,,,,,,,,,,,0.3283,WARNING,,10,,t730_2,0.42,HIGH,OFFLOAD,WARNING: heavy task offloaded (weight=0.42 >= 0.3),
1771434250.698,0.1,49.85,4.6743,1.448,60.6,5,53206.931,33.52295,0.02522,0.9752,1.0000,0.5858,0.0000,0.2522,0.4990,0.5682,CRITICAL,False,10,0,,,,,,
1771434250.698,0.1,,,,,,,,,,,,,,,0.5682,CRITICAL,,10,,t731_0,0.43,HIGH,OFFLOAD,CRITICAL: non-critical task offloaded (priority=HIGH),
1771434250.698,0.1,,,,,,,,,,,,,,,0.5682,CRITICAL,,10,,t731_1,0.86,HIGH,OFFLOAD,CRITICAL: non-critical task offloaded (priority=HIGH),
1771434250.698,0.1,,,,,,,,,,,,,,,0.5682,CRITICAL,,10,,t731_2,0.38,LOW,OFFLOAD,CRITICAL: non-critical task offloaded (priority=LOW),
1771434250.698,0.1,49.89,4.6969,1.392,56.5,5,55564.780,35.68721,0.02872,0.9810,1.0000,0.5103,0.0000,0.2872,0.4708,0.5569,CRITICAL,False,10,0,,,,,,
1771434250.698,0.1,,,,,,,,,,,,,,,0.5569,CRITICAL,,10,,t732_0,0.26,LOW,OFFLOAD,CRITICAL: non-critical task offloaded (priority=LOW),
1771434250.698,0.1,49.68,4.7173,1.339,52.8,4,15732.843,116.88298,0.03157,0.9470,1.0000,0.4424,0.0000,0.3157,0.4295,0.5386,CRITICAL,False,10,0,,,,,,
1771434250.698,0.1,,,,,,,,,,,,,,,0.5386,CRITICAL,,10,,t733_0,0.20,CRITICAL,LOCAL,CRITICAL: mission-critical task permitted locally (priority=CRITICAL),
1771434250.698,0.1,,,,,,,,,,,,,,,0.5386,CRITICAL,,10,,t733_1,0.34,NORMAL,OFFLOAD,CRITICAL: non-critical task offloaded (priority=NORMAL),
1771434250.698,0.1,,,,,,,,,,,,,,,0.5386,CRITICAL,,10,,t733_2,0.83,LOW,OFFLOAD,CRITICAL: non-critical task offloaded (priority=LOW),
1771434250.698,0.1,49.02,4.7156,1.341,52.9,4,-43574.250,88.60930,0.03515,0.8371,0.0000,0.4479,0.0000,0.3515,0.4306,0.2800,WARNING,False,10,0,,,,,,
1771434250.698,0.1,,,,,,,,,,,,,,,0.2800,WARNING,,10,,t734_0,0.23,NORMAL,LOCAL,WARNING: lightweight task permitted (weight=0.23 < 0.3),
1771434250.698,0.1,,,,,,,,,,,,,,,0.2800,WARNING,,10,,t734_1,0.81,LOW,OFFLOAD,WARNING: heavy task offloaded (weight=0.81 >= 0.3),
1771434250.698,0.1,,,,,,,,,,,,,,,0.2800,WARNING,,10,,t734_2,0.76,HIGH,OFFLOAD,WARNING: heavy task offloaded (weight=0.76 >= 0.3),
1771434250.698,0.1,48.76,4.7222,1.352,53.7,5,-65004.536,98.59464,0.03776,0.7941,0.0000,0.4261,0.0000,0.3776,0.4512,0.2787,WARNING,False,10,0,,,,,,
1771434250.698,0.1,,,,,,,,,,,,,,,0.2787,WARNING,,10,,t735_0,0.51,NORMAL,OFFLOAD,WARNING: heavy task offloaded (weight=0.51 >= 0.3),
1771434250.698,0.1,,,,,,,,,,,,,,,0.2787,WARNING,,10,,t735_1,0.57,NORMAL,OFFLOAD,WARNING: heavy task offloaded (weight=0.57 >= 0.3),
1771434250.698,0.1,49.37,4.7355,1.303,50.2,4,-7263.594,50.78190,0.04157,0.8949,0.0000,0.3817,0.0000,0.4157,0.4113,0.2809,WARNING,False,10,0,,,,,,
1771434250.698,0.1,,,,,,,,,,,,,,,0.2809,WARNING,,10,,t736_0,0.60,CRITICAL,OFFLOAD,WARNING: heavy task offloaded (weight=0.60 >= 0.3),
1771434250.698,0.1,48.79,4.7298,1.256,46.9,4,-88752.262,74.94957,0.03683,0.7976,0.0000,0.4008,0.0000,0.3683,0.3882,0.2623,WARNING,False,10,0,,,,,,
1771434250.698,0.1,,,,,,,,,,,,,,,0.2623,WARNING,,10,,t737_0,0.67,HIGH,OFFLOAD,WARNING: heavy task offloaded (weight=0.67 >= 0.3),
1771434250.698,0.1,,,,,,,,,,,,,,,0.2623,WARNING,,10,,t737_1,0.83,HIGH,OFFLOAD,WARNING: heavy task offloaded (weight=0.83 >= 0.3),
1771434250.698,0.1,48.49,4.7260,1.213,43.8,4,-83064.094,54.54248,0.03322,0.7476,0.0000,0.4132,0.0000,0.3322,0.3667,0.2500,WARNING,False,10,0,,,,,,
1771434250.698,0.1,,,,,,,,,,,,,,,0.2500,WARNING,,10,,t738_0,0.46,NORMAL,OFFLOAD,WARNING: heavy task offloaded (weight=0.46 >= 0.3),
1771434250.698,0.1,,,,,,,,,,,,,,,0.2500,WARNING,,10,,t738_1,0.31,NORMAL,OFFLOAD,WARNING: heavy task offloaded (weight=0.31 >= 0.3),
1771434250.698,0.1,,,,,,,,,,,,,,,0.2500,WARNING,,10,,t738_2,0.76,HIGH,OFFLOAD,WARNING: heavy task offloaded (weight=0.76 >= 0.3),
1771434250.698,0.1,,,,,,,,,,,,,,,0.2500,WARNING,,10,,t738_3,0.48,HIGH,OFFLOAD,WARNING: heavy task offloaded (weight=0.48 >= 0.3),
1771434250.698,0.1,,,,,,,,,,,,,,,0.2500,WARNING,,10,,t738_4,0.69,NORMAL,OFFLOAD,WARNING: heavy task offloaded (weight=0.69 >= 0.3),
1771434250.698,0.1,48.28,4.7623,1.173,41.0,3,,,0.02999,0.7129,0.0000,0.2924,0.0000,0.2999,0.3317,0.2199,WARNING,False,10,0,,,,,,
1771434250.698,0.1,,,,,,,,,,,,,,,0.2199,WARNING,,10,,t739_0,0.68,LOW,OFFLOAD,WARNING: heavy task offloaded (weight=0.68 >= 0.3),
1771434250.698,0.1,,,,,,,,,,,,,,,0.2199,WARNING,,10,,t739_1,0.89,NORMAL,OFFLOAD,WARNING: heavy task offloaded (weight=0.89 >= 0.3),
1771434250.698,0.1,,,,,,,,,,,,,,,0.2199,WARNING,,10,,t739_2,0.62,NORMAL,OFFLOAD,WARNING: heavy task offloaded (weight=0.62 >= 0.3),
1771434250.698,0.1,,,,,,,,,,,,,,,0.2199,WARNING,,10,,t739_3,0.37,CRITICAL,OFFLOAD,WARNING: heavy task offloaded (weight=0.37 >= 0.3),
1771434250.698,0.1,,,,,,,,,,,,,,,0.2199,WARNING,,10,,t739_4,0.57,LOW,OFFLOAD,WARNING: heavy task offloaded (weight=0.57 >= 0.3),
1771434250.698,0.1,47.96,4.7781,1.136,38.3,3,,,0.03479,0.6600,0.0000,0.2396,0.0000,0.3479,0.3131,0.2078,WARNING,False,10,0,,,,,,window_reset|B=10
1771434250.698,0.1,,,,,,,,,,,,,,,0.2078,WARNING,,10,,t740_0,0.65,NORMAL,OFFLOAD,WARNING: heavy task offloaded (weight=0.65 >= 0.3),
1771434250.698,0.1,47.90,4.7811,1.102,35.8,3,,,0.03398,0.6498,0.0000,0.2297,0.0000,0.3398,0.2958,0.2010,WARNING,False,10,0,,,,,,
1771434250.698,0.1,,,,,,,,,,,,,,,0.2010,WARNING,,10,,t741_0,0.23,LOW,LOCAL,WARNING: lightweight task permitted (weight=0.23 < 0.3),
1771434250.698,0.1,,,,,,,,,,,,,,,0.2010,WARNING,,10,,t741_1,0.71,HIGH,OFFLOAD,WARNING: heavy task offloaded (weight=0.71 >= 0.3),
1771434250.698,0.1,,,,,,,,,,,,,,,0.2010,WARNING,,10,,t741_2,0.70,HIGH,OFFLOAD,WARNING: heavy task offloaded (weight=0.70 >= 0.3),
1771434250.698,0.1,,,,,,,,,,,,,,,0.2010,WARNING,,10,,t741_3,0.34,LOW,OFFLOAD,WARNING: heavy task offloaded (weight=0.34 >= 0.3),
1771434250.698,0.1,,,,,,,,,,,,,,,0.2010,WARNING,,10,,t741_4,0.17,NORMAL,LOCAL,WARNING: lightweight task permitted (weight=0.17 < 0.3),
1771434250.698,0.1,,,,,,,,,,,,,,,0.2010,WARNING,,10,,t741_5,0.72,NORMAL,OFFLOAD,WARNING: heavy task offloaded (weight=0.72 >= 0.3),
1771434250.698,0.1,47.26,4.7518,1.175,41.1,3,,,0.03033,0.5436,0.0000,0.3274,0.0000,0.3033,0.3325,0.2046,WARNING,False,10,0,,,,,,
1771434250.698,0.1,,,,,,,,,,,,,,,0.2046,WARNING,,10,,t742_0,0.28,NORMAL,LOCAL,WARNING: lightweight task permitted (weight=0.28 < 0.3),
1771434250.698,0.1,,,,,,,,,,,,,,,0.2046,WARNING,,10,,t742_1,0.36,NORMAL,OFFLOAD,WARNING: heavy task offloaded (weight=0.36 >= 0.3),
1771434250.698,0.1,,,,,,,,,,,,,,,0.2046,WARNING,,10,,t742_2,0.50,NORMAL,OFFLOAD,WARNING: heavy task offloaded (weight=0.50 >= 0.3),
1771434250.698,0.1,,,,,,,,,,,,,,,0.2046,WARNING,,10,,t742_3,0.68,HIGH,OFFLOAD,WARNING: heavy task offloaded (weight=0.68 >= 0.3),
1771434250.698,0.1,,,,,,,,,,,,,,,0.2046,WARNING,,10,,t742_4,0.18,NORMAL,LOCAL,WARNING: lightweight task permitted (weight=0.18 < 0.3),
1771434250.698,0.1,,,,,,,,,,,,,,,0.2046,WARNING,,10,,t742_5,0.69,LOW,OFFLOAD,WARNING: heavy task offloaded (weight=0.69 >= 0.3),
1771434250.698,0.1,47.33,4.7411,1.258,47.0,4,,,0.02473,0.5554,0.0000,0.3629,0.0000,0.2473,0.3891,0.2164,WARNING,False,10,0,,,,,,
1771434250.698,0.1,,,,,,,,,,,,,,,0.2164,WARNING,,10,,t743_0,0.48,HIGH,OFFLOAD,WARNING: heavy task offloaded (weight=0.48 >= 0.3),
1771434250.698,0.1,,,,,,,,,,,,,,,0.2164,WARNING,,10,,t743_1,0.82,NORMAL,OFFLOAD,WARNING: heavy task offloaded (weight=0.82 >= 0.3),
1771434250.698,0.1,47.11,4.7592,1.215,43.9,4,,,0.02191,0.5184,0.0000,0.3028,0.0000,0.2191,0.3675,0.1970,WARNING,False,10,0,,,,,,
1771434250.698,0.1,,,,,,,,,,,,,,,0.1970,WARNING,,10,,t744_0,0.63,NORMAL,OFFLOAD,WARNING: heavy task offloaded (weight=0.63 >= 0.3),
1771434250.698,0.1,,,,,,,,,,,,,,,0.1970,WARNING,,10,,t744_1,0.52,HIGH,OFFLOAD,WARNING: heavy task offloaded (weight=0.52 >= 0.3),
1771434250.699,0.1,,,,,,,,,,,,,,,0.1970,WARNING,,10,,t744_2,0.26,LOW,LOCAL,WARNING: lightweight task permitted (weight=0.26 < 0.3),
1771434250.699,0.1,,,,,,,,,,,,,,,0.1970,WARNING,,10,,t744_3,0.17,CRITICAL,LOCAL,WARNING: lightweight task permitted (weight=0.17 < 0.3),
1771434250.699,0.1,,,,,,,,,,,,,,,0.1970,WARNING,,10,,t744_4,0.65,NORMAL,OFFLOAD,WARNING: heavy task offloaded (weight=0.65 >= 0.3),
1771434250.699,0.1,47.05,4.7332,1.286,49.0,4,-104541.136,3.45830,0.02074,0.5077,0.0000,0.3893,0.0000,0.2074,0.4032,0.2129,WARNING,False,10,0,,,,,,
1771434250.699,0.1,,,,,,,,,,,,,,,0.2129,WARNING,,10,,t745_0,0.56,LOW,OFFLOAD,WARNING: heavy task offloaded (weight=0.56 >= 0.3),
1771434250.699,0.1,,,,,,,,,,,,,,,0.2129,WARNING,,10,,t745_1,0.32,CRITICAL,OFFLOAD,WARNING: heavy task offloaded (weight=0.32 >= 0.3),
1771434250.699,0.1,,,,,,,,,,,,,,,0.2129,WARNING,,10,,t745_2,0.44,HIGH,OFFLOAD,WARNING: heavy task offloaded (weight=0.44 >= 0.3),
1771434250.699,0.1,,,,,,,,,,,,,,,0.2129,WARNING,,10,,t745_3,0.71,HIGH,OFFLOAD,WARNING: heavy task offloaded (weight=0.71 >= 0.3),
1771434250.699,0.1,,,,,,,,,,,,,,,0.2129,WARNING,,10,,t745_4,0.88,CRITICAL,OFFLOAD,WARNING: heavy task offloaded (weight=0.88 >= 0.3),
1771434250.699,0.1,,,,,,,,,,,,,,,0.2129,WARNING,,10,,t745_5,0.25,NORMAL,LOCAL,WARNING: lightweight task permitted (weight=0.25 < 0.3),
1771434250.699,0.1,47.75,4.6993,1.306,50.4,4,-44325.334,-26.81378,0.02301,0.6247,0.0000,0.5024,1.0000,0.2301,0.4129,0.4459,WARNING,False,10,0,,,,,,
1771434250.699,0.1,,,,,,,,,,,,,,,0.4459,WARNING,,10,,t746_0,0.65,NORMAL,OFFLOAD,WARNING: heavy task offloaded (weight=0.65 >= 0.3),
1771434250.699,0.1,,,,,,,,,,,,,,,0.4459,WARNING,,10,,t746_1,0.25,NORMAL,LOCAL,WARNING: lightweight task permitted (weight=0.25 < 0.3),
1771434250.699,0.1,47.14,4.7325,1.323,51.7,4,-68283.985,-29.85807,0.02239,0.5235,0.0000,0.3918,1.0000,0.2239,0.4217,0.4205,WARNING,False,10,0,,,,,,
1771434250.699,0.1,,,,,,,,,,,,,,,0.4205,WARNING,,10,,t747_0,0.70,HIGH,OFFLOAD,WARNING: heavy task offloaded (weight=0.70 >= 0.3),
1771434250.699,0.1,,,,,,,,,,,,,,,0.4205,WARNING,,10,,t747_1,0.44,NORMAL,OFFLOAD,WARNING: heavy task offloaded (weight=0.44 >= 0.3),
1771434250.699,0.1,,,,,,,,,,,,,,,0.4205,WARNING,,10,,t747_2,0.83,NORMAL,OFFLOAD,WARNING: heavy task offloaded (weight=0.83 >= 0.3),
1771434250.699,0.1,,,,,,,,,,,,,,,0.4205,WARNING,,10,,t747_3,0.76,HIGH,OFFLOAD,WARNING: heavy task offloaded (weight=0.76 >= 0.3),
1771434250.699,0.1,,,,,,,,,,,,,,,0.4205,WARNING,,10,,t747_4,0.36,NORMAL,OFFLOAD,WARNING: heavy task offloaded (weight=0.36 >= 0.3),
1771434250.699,0.1,,,,,,,,,,,,,,,0.4205,WARNING,,10,,t747_5,0.75,LOW,OFFLOAD,WARNING: heavy task offloaded (weight=0.75 >= 0.3),
1771434250.699,0.1,46.79,4.7482,1.276,48.3,4,-70453.945,-29.98430,0.02226,0.4646,0.0000,0.3394,1.0000,0.2226,0.3978,0.4017,WARNING,False,10,0,,,,,,
1771434250.699,0.1,,,,,,,,,,,,,,,0.4017,WARNING,,10,,t748_0,0.70,NORMAL,OFFLOAD,WARNING: heavy task offloaded (weight=0.70 >= 0.3),
1771434250.699,0.1,,,,,,,,,,,,,,,0.4017,WARNING,,10,,t748_1,0.80,HIGH,OFFLOAD,WARNING: heavy task offloaded (weight=0.80 >= 0.3),
1771434250.699,0.1,,,,,,,,,,,,,,,0.4017,WARNING,,10,,t748_2,0.52,NORMAL,OFFLOAD,WARNING: heavy task offloaded (weight=0.52 >= 0.3),
1771434250.699,0.1,46.48,4.7485,1.231,45.1,4,-85540.850,-32.62635,0.02177,0.4126,0.0000,0.3383,1.0000,0.2177,0.3757,0.3904,WARNING,False,10,0,,,,,,
1771434250.699,0.1,,,,,,,,,,,,,,,0.3904,WARNING,,10,,t749_0,0.80,NORMAL,OFFLOAD,WARNING: heavy task offloaded (weight=0.80 >= 0.3),
1771434250.699,0.1,,,,,,,,,,,,,,,0.3904,WARNING,,10,,t749_1,0.36,HIGH,OFFLOAD,WARNING: heavy task offloaded (weight=0.36 >= 0.3),
1771434250.699,0.1,46.80,4.7575,1.190,42.1,3,-27694.745,5.74952,0.02100,0.4668,0.0000,0.3082,0.0000,0.2100,0.3400,0.1851,WARNING,False,10,0,,,,,,
1771434250.699,0.1,,,,,,,,,,,,,,,0.1851,WARNING,,10,,t750_0,0.27,HIGH,LOCAL,WARNING: lightweight task permitted (weight=0.27 < 0.3),
1771434250.699,0.1,,,,,,,,,,,,,,,0.1851,WARNING,,10,,t750_1,0.83,NORMAL,OFFLOAD,WARNING: heavy task offloaded (weight=0.83 >= 0.3),
1771434250.699,0.1,,,,,,,,,,,,,,,0.1851,WARNING,,10,,t750_2,0.69,HIGH,OFFLOAD,WARNING: heavy task offloaded (weight=0.69 >= 0.3),
1771434250.699,0.1,,,,,,,,,,,,,,,0.1851,WARNING,,10,,t750_3,0.37,LOW,OFFLOAD,WARNING: heavy task offloaded (weight=0.37 >= 0.3),
1771434250.699,0.1,,,,,,,,,,,,,,,0.1851,WARNING,,10,,t750_4,0.80,NORMAL,OFFLOAD,WARNING: heavy task offloaded (weight=0.80 >= 0.3),
1771434250.699,0.1,,,,,,,,,,,,,,,0.1851,WARNING,,10,,t750_5,0.83,NORMAL,OFFLOAD,WARNING: heavy task offloaded (weight=0.83 >= 0.3),
1771434250.699,0.1,46.18,4.7307,1.222,44.4,4,-69077.298,-10.47922,0.02120,0.3639,0.0000,0.3978,1.0000,0.2120,0.3710,0.3908,WARNING,False,10,0,,,,,,
1771434250.699,0.1,,,,,,,,,,,,,,,0.3908,WARNING,,10,,t751_0,0.85,NORMAL,OFFLOAD,WARNING: heavy task offloaded (weight=0.85 >= 0.3),
1771434250.699,0.1,,,,,,,,,,,,,,,0.3908,WARNING,,10,,t751_1,0.19,LOW,LOCAL,WARNING: lightweight task permitted (weight=0.19 < 0.3),
1771434250.699,0.1,,,,,,,,,,,,,,,0.3908,WARNING,,10,,t751_2,0.88,NORMAL,OFFLOAD,WARNING: heavy task offloaded (weight=0.88 >= 0.3),
1771434250.699,0.1,,,,,,,,,,,,,,,0.3908,WARNING,,10,,t751_3,0.77,NORMAL,OFFLOAD,WARNING: heavy task offloaded (weight=0.77 >= 0.3),
1771434250.699,0.1,46.55,4.7500,1.231,45.1,4,-33668.786,-9.18110,0.01905,0.4250,0.0000,0.3334,1.0000,0.1905,0.3755,0.3885,WARNING,False,10,0,,,,,,
1771434250.699,0.1,,,,,,,,,,,,,,,0.3885,WARNING,,10,,t752_0,0.26,NORMAL,LOCAL,WARNING: lightweight task permitted (weight=0.26 < 0.3),
1771434250.699,0.1,,,,,,,,,,,,,,,0.3885,WARNING,,10,,t752_1,0.66,LOW,OFFLOAD,WARNING: heavy task offloaded (weight=0.66 >= 0.3),
1771434250.699,0.1,,,,,,,,,,,,,,,0.3885,WARNING,,10,,t752_2,0.48,LOW,OFFLOAD,WARNING: heavy task offloaded (weight=0.48 >= 0.3),
1771434250.699,0.1,46.05,4.7544,1.257,46.9,4,,,0.01595,0.3422,0.0000,0.3186,0.0000,0.1595,0.3886,0.1761,SAFE,False,10,0,,,,,,window_reset|B=10
1771434250.699,0.1,,,,,,,,,,,,,,,0.1761,SAFE,,10,,t753_0,0.86,HIGH,LOCAL,SAFE: all tasks permitted (weight=0.86),
1771434250.699,0.1,,,,,,,,,,,,,,,0.1761,SAFE,,10,,t753_1,0.58,HIGH,LOCAL,SAFE: all tasks permitted (weight=0.58),
1771434250.699,0.1,,,,,,,,,,,,,,,0.1761,SAFE,,10,,t753_2,0.55,CRITICAL,LOCAL,SAFE: all tasks permitted (weight=0.55),
1771434250.699,0.1,46.45,4.6359,1.732,80.8,7,,,0.03310,0.4082,0.0000,0.7138,0.0000,0.3310,0.6709,0.3091,WARNING,False,10,0,,,,,,
1771434250.699,0.1,,,,,,,,,,,,,,,0.3091,WARNING,,10,,t754_0,0.77,NORMAL,OFFLOAD,WARNING: heavy task offloaded (weight=0.77 >= 0.3),
1771434250.699,0.1,,,,,,,,,,,,,,,0.3091,WARNING,,10,,t754_1,0.17,LOW,LOCAL,WARNING: lightweight task permitted (weight=0.17 < 0.3),
1771434250.699,0.1,,,,,,,,,,,,,,,0.3091,WARNING,,10,,t754_2,0.41,LOW,OFFLOAD,WARNING: heavy task offloaded (weight=0.41 >= 0.3),
1771434250.699,0.1,,,,,,,,,,,,,,,0.3091,WARNING,,10,,t754_3,0.81,LOW,OFFLOAD,WARNING: heavy task offloaded (weight=0.81 >= 0.3),
1771434250.699,0.1,47.37,4.5829,1.701,78.6,7,,,0.05275,0.5624,0.0000,0.8905,0.0000,0.5275,0.6553,0.3670,WARNING,False,10,0,,,,,,
1771434250.699,0.1,,,,,,,,,,,,,,,0.3670,WARNING,,10,,t755_0,0.74,CRITICAL,OFFLOAD,WARNING: heavy task offloaded (weight=0.74 >= 0.3),
1771434250.699,0.1,,,,,,,,,,,,,,,0.3670,WARNING,,10,,t755_1,0.34,LOW,OFFLOAD,WARNING: heavy task offloaded (weight=0.34 >= 0.3),
1771434250.699,0.1,46.75,4.6847,1.626,73.3,7,,,0.05207,0.4586,0.0000,0.5509,0.0000,0.5207,0.6182,0.3024,WARNING,False,10,0,,,,,,
1771434250.699,0.1,,,,,,,,,,,,,,,0.3024,WARNING,,10,,t756_0,0.72,CRITICAL,OFFLOAD,WARNING: heavy task offloaded (weight=0.72 >= 0.3),
1771434250.700,0.1,,,,,,,,,,,,,,,0.3024,WARNING,,10,,t756_1,0.57,NORMAL,OFFLOAD,WARNING: heavy task offloaded (weight=0.57 >= 0.3),
1771434250.700,0.1,46.90,4.7053,1.558,68.4,6,25353.546,-43.24095,0.05175,0.4831,1.0000,0.4824,1.0000,0.5175,0.5688,0.7362,CRITICAL,False,10,0,,,,,,
1771434250.700,0.1,,,,,,,,,,,,,,,0.7362,CRITICAL,,10,,t757_0,0.84,LOW,OFFLOAD,CRITICAL: non-critical task offloaded (priority=LOW),
1771434250.700,0.1,,,,,,,,,,,,,,,0.7362,CRITICAL,,10,,t757_1,0.64,NORMAL,OFFLOAD,CRITICAL: non-critical task offloaded (priority=NORMAL),
1771434250.700,0.1,,,,,,,,,,,,,,,0.7362,CRITICAL,,10,,t757_2,0.69,LOW,OFFLOAD,CRITICAL: non-critical task offloaded (priority=LOW),
1771434250.700,0.1,,,,,,,,,,,,,,,0.7362,CRITICAL,,10,,t757_3,0.68,CRITICAL,LOCAL,CRITICAL: mission-critical task permitted locally (priority=CRITICAL),
1771434250.700,0.1,,,,,,,,,,,,,,,0.7362,CRITICAL,,10,,t757_4,0.85,HIGH,OFFLOAD,CRITICAL: non-critical task offloaded (priority=HIGH),
1771434250.700,0.1,47.31,4.6635,1.669,76.4,7,30671.162,-93.99584,0.05333,0.5520,1.0000,0.6215,1.0000,0.5333,0.6397,0.7783,CRITICAL,False,10,0,,,,,,
1771434250.700,0.1,,,,,,,,,,,,,,,0.7783,CRITICAL,,10,,t758_0,0.76,NORMAL,OFFLOAD,CRITICAL: non-critical task offloaded (priority=NORMAL),
1771434250.700,0.1,,,,,,,,,,,,,,,0.7783,CRITICAL,,10,,t758_1,0.18,HIGH,OFFLOAD,CRITICAL: non-critical task offloaded (priority=HIGH),
1771434250.700,0.1,,,,,,,,,,,,,,,0.7783,CRITICAL,,10,,t758_2,0.60,LOW,OFFLOAD,CRITICAL: non-critical task offloaded (priority=LOW),
1771434250.700,0.1,,,,,,,,,,,,,,,0.7783,CRITICAL,,10,,t758_3,0.17,LOW,OFFLOAD,CRITICAL: non-critical task offloaded (priority=LOW),
1771434250.700,0.1,,,,,,,,,,,,,,,0.7783,CRITICAL,,10,,t758_4,0.78,HIGH,OFFLOAD,CRITICAL: non-critical task offloaded (priority=HIGH),
1771434250.700,0.1,,,,,,,,,,,,,,,0.7783,CRITICAL,,10,,t758_5,0.80,CRITICAL,LOCAL,CRITICAL: mission-critical task permitted locally (priority=CRITICAL),
1771434250.700,0.1,47.57,4.5924,1.806,86.1,8,83156.174,-138.29425,0.06138,0.5948,1.0000,0.8587,1.0000,0.6138,0.7230,0.8390,CRITICAL,False,10,0,,,,,,
1771434250.700,0.1,,,,,,,,,,,,,,,0.8390,CRITICAL,,10,,t759_0,0.83,LOW,OFFLOAD,CRITICAL: non-critical task offloaded (priority=LOW),
1771434250.700,0.1,,,,,,,,,,,,,,,0.8390,CRITICAL,,10,,t759_1,0.85,CRITICAL,LOCAL,CRITICAL: mission-critical task permitted locally (priority=CRITICAL),
1771434250.700,0.1,48.33,4.5434,1.945,96.1,9,106875.159,-206.60975,0.07208,0.7219,1.0000,1.0000,1.0000,0.7208,0.8074,0.9002,CRITICAL,False,10,0,,,,,,FAILURE:BROWNOUT(V=4.543V)
1771434250.700,0.1,,,,,,,,,,,,,,,0.9002,CRITICAL,,10,,t760_0,0.49,NORMAL,OFFLOAD,CRITICAL: non-critical task offloaded (priority=NORMAL),
1771434250.700,0.1,,,,,,,,,,,,,,,0.9002,CRITICAL,,10,,t760_1,0.53,NORMAL,OFFLOAD,CRITICAL: non-critical task offloaded (priority=NORMAL),
1771434250.700,0.1,,,,,,,,,,,,,,,0.9002,CRITICAL,,10,,t760_2,0.34,NORMAL,OFFLOAD,CRITICAL: non-critical task offloaded (priority=NORMAL),
1771434250.700,0.1,,,,,,,,,,,,,,,0.9002,CRITICAL,,10,,t760_3,0.57,HIGH,OFFLOAD,CRITICAL: non-critical task offloaded (priority=HIGH),
1771434250.700,0.1,48.19,4.5744,1.854,89.5,8,127972.976,-180.06186,0.07415,0.6976,1.0000,0.9188,1.0000,0.7415,0.7468,0.8767,CRITICAL,False,10,0,,,,,,
1771434250.700,0.1,,,,,,,,,,,,,,,0.8767,CRITICAL,,10,,t761_0,0.74,HIGH,OFFLOAD,CRITICAL: non-critical task offloaded (priority=HIGH),
1771434250.700,0.1,,,,,,,,,,,,,,,0.8767,CRITICAL,,10,,t761_1,0.22,HIGH,OFFLOAD,CRITICAL: non-critical task offloaded (priority=HIGH),
1771434250.700,0.1,,,,,,,,,,,,,,,0.8767,CRITICAL,,10,,t761_2,0.53,HIGH,OFFLOAD,CRITICAL: non-critical task offloaded (priority=HIGH),
1771434250.700,0.1,48.66,4.5831,1.769,83.5,8,132510.595,-52.75312,0.07155,0.7762,1.0000,0.8896,1.0000,0.7155,0.7044,0.8712,CRITICAL,False,10,0,,,,,,
1771434250.700,0.1,,,,,,,,,,,,,,,0.8712,CRITICAL,,10,,t762_0,0.80,NORMAL,OFFLOAD,CRITICAL: non-critical task offloaded (priority=NORMAL),
1771434250.700,0.1,,,,,,,,,,,,,,,0.8712,CRITICAL,,10,,t762_1,0.45,LOW,OFFLOAD,CRITICAL: non-critical task offloaded (priority=LOW),
1771434250.700,0.1,,,,,,,,,,,,,,,0.8712,CRITICAL,,10,,t762_2,0.77,HIGH,OFFLOAD,CRITICAL: non-critical task offloaded (priority=HIGH),
1771434250.700,0.1,48.54,4.6342,1.690,77.8,7,69907.153,51.39236,0.06734,0.7566,1.0000,0.7192,0.0000,0.6734,0.6499,0.6316,CRITICAL,False,10,0,,,,,,
1771434250.700,0.1,,,,,,,,,,,,,,,0.6316,CRITICAL,,10,,t763_0,0.50,NORMAL,OFFLOAD,CRITICAL: non-critical task offloaded (priority=NORMAL),
1771434250.700,0.1,,,,,,,,,,,,,,,0.6316,CRITICAL,,10,,t763_1,0.47,HIGH,OFFLOAD,CRITICAL: non-critical task offloaded (priority=HIGH),
1771434250.700,0.1,,,,,,,,,,,,,,,0.6316,CRITICAL,,10,,t763_2,0.37,LOW,OFFLOAD,CRITICAL: non-critical task offloaded (priority=LOW),
1771434250.700,0.1,48.99,4.6743,1.617,72.6,6,134287.279,-10.46201,0.06008,0.8316,1.0000,0.5858,1.0000,0.6008,0.5983,0.8057,CRITICAL,False,10,0,,,,,,
1771434250.700,0.1,,,,,,,,,,,,,,,0.8057,CRITICAL,,10,,t764_0,0.21,CRITICAL,LOCAL,CRITICAL: mission-critical task permitted locally (priority=CRITICAL),
1771434250.700,0.1,,,,,,,,,,,,,,,0.8057,CRITICAL,,10,,t764_1,0.81,NORMAL,OFFLOAD,CRITICAL: non-critical task offloaded (priority=NORMAL),
1771434250.700,0.1,49.29,4.6309,1.603,71.7,6,,,0.04828,0.8818,0.0000,0.7305,0.0000,0.4828,0.5916,0.3674,WARNING,False,10,0,,,,,,
1771434250.700,0.1,,,,,,,,,,,,,,,0.3674,WARNING,,10,,t765_0,0.47,NORMAL,OFFLOAD,WARNING: heavy task offloaded (weight=0.47 >= 0.3),
1771434250.700,0.1,,,,,,,,,,,,,,,0.3674,WARNING,,10,,t765_1,0.25,NORMAL,LOCAL,WARNING: lightweight task permitted (weight=0.25 < 0.3),
1771434250.700,0.1,,,,,,,,,,,,,,,0.3674,WARNING,,10,,t765_2,0.80,LOW,OFFLOAD,WARNING: heavy task offloaded (weight=0.80 >= 0.3),
1771434250.700,0.1,,,,,,,,,,,,,,,0.3674,WARNING,,10,,t765_3,0.34,LOW,OFFLOAD,WARNING: heavy task offloaded (weight=0.34 >= 0.3),
1771434250.700,0.1,49.14,4.6390,1.600,71.5,6,,,0.04835,0.8573,0.0000,0.7034,0.0000,0.4835,0.5902,0.3607,WARNING,False,10,0,,,,,,window_reset|B=10
1771434250.700,0.1,,,,,,,,,,,,,,,0.3607,WARNING,,10,,t766_0,0.21,NORMAL,LOCAL,WARNING: lightweight task permitted (weight=0.21 < 0.3),
1771434250.700,0.1,,,,,,,,,,,,,,,0.3607,WARNING,,10,,t766_1,0.28,LOW,LOCAL,WARNING: lightweight task permitted (weight=0.28 < 0.3),
1771434250.700,0.1,49.32,4.6009,1.661,75.8,7,,,0.04726,0.8860,0.0000,0.8304,0.0000,0.4726,0.6353,0.3886,WARNING,False,10,0,,,,,,
1771434250.700,0.1,,,,,,,,,,,,,,,0.3886,WARNING,,10,,t767_0,0.66,HIGH,OFFLOAD,WARNING: heavy task offloaded (weight=0.66 >= 0.3),
1771434250.700,0.1,,,,,,,,,,,,,,,0.3886,WARNING,,10,,t767_1,0.39,LOW,OFFLOAD,WARNING: heavy task offloaded (weight=0.39 >= 0.3),
1771434250.700,0.1,,,,,,,,,,,,,,,0.3886,WARNING,,10,,t767_2,0.28,LOW,LOCAL,WARNING: lightweight task permitted (weight=0.28 < 0.3),
1771434250.701,0.1,,,,,,,,,,,,,,,0.3886,WARNING,,10,,t767_3,0.46,NORMAL,OFFLOAD,WARNING: heavy task offloaded (weight=0.46 >= 0.3),
1771434250.701,0.1,,,,,,,,,,,,,,,0.3886,WARNING,,10,,t767_4,0.37,HIGH,OFFLOAD,WARNING: heavy task offloaded (weight=0.37 >= 0.3),
1771434250.701,0.1,49.91,4.6324,1.663,75.9,7,98269.507,92.52234,0.04406,0.9844,1.0000,0.7254,0.0000,0.4406,0.6364,0.6338,CRITICAL,False,10,0,,,,,,
1771434250.701,0.1,,,,,,,,,,,,,,,0.6338,CRITICAL,,10,,t768_0,0.27,NORMAL,OFFLOAD,CRITICAL: non-critical task offloaded (priority=NORMAL),
1771434250.701,0.1,,,,,,,,,,,,,,,0.6338,CRITICAL,,10,,t768_1,0.42,HIGH,OFFLOAD,CRITICAL: non-critical task offloaded (priority=HIGH),
1771434250.701,0.1,,,,,,,,,,,,,,,0.6338,CRITICAL,,10,,t768_2,0.70,LOW,OFFLOAD,CRITICAL: non-critical task offloaded (priority=LOW),
1771434250.701,0.1,48.96,4.6500,1.591,70.8,6,48120.919,78.68489,0.03761,0.8262,1.0000,0.6665,0.0000,0.3761,0.5857,0.5905,CRITICAL,False,10,0,,,,,,
1771434250.701,0.1,,,,,,,,,,,,,,,0.5905,CRITICAL,,10,,t769_0,0.31,NORMAL,OFFLOAD,CRITICAL: non-critical task offloaded (priority=NORMAL),
1771434250.701,0.1,,,,,,,,,,,,,,,0.5905,CRITICAL,,10,,t769_1,0.52,CRITICAL,LOCAL,CRITICAL: mission-critical task permitted locally (priority=CRITICAL),
1771434250.701,0.1,,,,,,,,,,,,,,,0.5905,CRITICAL,,10,,t769_2,0.79,LOW,OFFLOAD,CRITICAL: non-critical task offloaded (priority=LOW),
1771434250.701,0.1,49.24,4.6257,1.660,75.7,7,36614.599,44.28406,0.03519,0.8741,1.0000,0.7477,0.0000,0.3519,0.6352,0.6143,CRITICAL,False,10,0,,,,,,
1771434250.701,0.1,,,,,,,,,,,,,,,0.6143,CRITICAL,,10,,t770_0,0.32,LOW,OFFLOAD,CRITICAL: non-critical task offloaded (priority=LOW),
1771434250.701,0.1,,,,,,,,,,,,,,,0.6143,CRITICAL,,10,,t770_1,0.17,LOW,OFFLOAD,CRITICAL: non-critical task offloaded (priority=LOW),
1771434250.701,0.1,,,,,,,,,,,,,,,0.6143,CRITICAL,,10,,t770_2,0.86,NORMAL,OFFLOAD,CRITICAL: non-critical task offloaded (priority=NORMAL),
1771434250.702,0.1,50.11,4.6379,1.589,70.7,6,47936.541,1.83745,0.03499,1.0000,1.0000,0.7071,0.0000,0.3499,0.5846,0.6138,CRITICAL,False,10,0,,,,,,FAILURE:THERMAL(T=50.1C)
1771434250.702,0.1,,,,,,,,,,,,,,,0.6138,CRITICAL,,10,,t771_0,0.39,LOW,OFFLOAD,CRITICAL: non-critical task offloaded (priority=LOW),
1771434250.702,0.1,,,,,,,,,,,,,,,0.6138,CRITICAL,,10,,t771_1,0.23,HIGH,OFFLOAD,CRITICAL: non-critical task offloaded (priority=HIGH),
1771434250.702,0.1,50.25,4.6846,1.523,65.9,6,38623.723,5.25286,0.03117,1.0000,1.0000,0.5514,0.0000,0.3117,0.5514,0.5831,CRITICAL,False,10,0,,,,,,
1771434250.702,0.1,,,,,,,,,,,,,,,0.5831,CRITICAL,,10,,t772_0,0.90,NORMAL,OFFLOAD,CRITICAL: non-critical task offloaded (priority=NORMAL),
1771434250.702,0.1,49.49,4.7047,1.461,61.5,5,6140.529,37.60101,0.03236,0.9153,1.0000,0.4845,0.0000,0.3236,0.5056,0.5563,CRITICAL,False,10,0,,,,,,
1771434250.702,0.1,,,,,,,,,,,,,,,0.5563,CRITICAL,,10,,t773_0,0.28,HIGH,OFFLOAD,CRITICAL: non-critical task offloaded (priority=HIGH),
1771434250.702,0.1,,,,,,,,,,,,,,,0.5563,CRITICAL,,10,,t773_1,0.52,LOW,OFFLOAD,CRITICAL: non-critical task offloaded (priority=LOW),
1771434250.702,0.1,,,,,,,,,,,,,,,0.5563,CRITICAL,,10,,t773_2,0.45,HIGH,OFFLOAD,CRITICAL: non-critical task offloaded (priority=HIGH),
1771434250.702,0.1,,,,,,,,,,,,,,,0.5563,CRITICAL,,10,,t773_3,0.29,CRITICAL,LOCAL,CRITICAL: mission-critical task permitted locally (priority=CRITICAL),
1771434250.702,0.1,50.17,4.6780,1.479,62.8,5,31341.968,19.87015,0.02850,1.0000,1.0000,0.5734,0.0000,0.2850,0.5145,0.5759,CRITICAL,False,10,0,,,,,,FAILURE:THERMAL(T=50.2C)
1771434250.702,0.1,,,,,,,,,,,,,,,0.5759,CRITICAL,,10,,t774_0,0.81,LOW,OFFLOAD,CRITICAL: non-critical task offloaded (priority=LOW),
1771434250.702,0.1,,,,,,,,,,,,,,,0.5759,CRITICAL,,10,,t774_1,0.84,HIGH,OFFLOAD,CRITICAL: non-critical task offloaded (priority=HIGH),
1771434250.702,0.1,49.65,4.6503,1.420,58.6,5,10140.386,25.17763,0.02813,0.9413,1.0000,0.6656,0.0000,0.2813,0.4852,0.5747,CRITICAL,False,10,0,,,,,,
1771434250.702,0.1,,,,,,,,,,,,,,,0.5747,CRITICAL,,10,,t775_0,0.85,NORMAL,OFFLOAD,CRITICAL: non-critical task offloaded (priority=NORMAL),
1771434250.702,0.1,,,,,,,,,,,,,,,0.5747,CRITICAL,,10,,t775_1,0.17,LOW,OFFLOAD,CRITICAL: non-critical task offloaded (priority=LOW),
1771434250.702,0.1,49.74,4.7083,1.366,54.7,5,-10141.097,75.85031,0.03184,0.9562,0.0000,0.4723,0.0000,0.3184,0.4579,0.2996,WARNING,False,10,0,,,,,,
1771434250.702,0.1,,,,,,,,,,,,,,,0.2996,WARNING,,10,,t776_0,0.88,LOW,OFFLOAD,WARNING: heavy task offloaded (weight=0.88 >= 0.3),
1771434250.702,0.1,,,,,,,,,,,,,,,0.2996,WARNING,,10,,t776_1,0.51,NORMAL,OFFLOAD,WARNING: heavy task offloaded (weight=0.51 >= 0.3),
1771434250.702,0.1,,,,,,,,,,,,,,,0.2996,WARNING,,10,,t776_2,0.88,NORMAL,OFFLOAD,WARNING: heavy task offloaded (weight=0.88 >= 0.3),
1771434250.702,0.1,48.95,4.7185,1.315,51.1,4,-683.835,68.38851,0.03562,0.8243,0.0000,0.4383,0.0000,0.3562,0.4176,0.2750,WARNING,False,10,0,,,,,,
1771434250.702,0.1,,,,,,,,,,,,,,,0.2750,WARNING,,10,,t777_0,0.50,LOW,OFFLOAD,WARNING: heavy task offloaded (weight=0.50 >= 0.3),
1771434250.702,0.1,,,,,,,,,,,,,,,0.2750,WARNING,,10,,t777_1,0.72,NORMAL,OFFLOAD,WARNING: heavy task offloaded (weight=0.72 >= 0.3),
1771434250.703,0.1,,,,,,,,,,,,,,,0.2750,WARNING,,10,,t777_2,0.43,HIGH,OFFLOAD,WARNING: heavy task offloaded (weight=0.43 >= 0.3),
1771434250.703,0.1,48.86,4.7378,1.268,47.7,4,-11651.620,56.03538,0.04068,0.8093,0.0000,0.3739,0.0000,0.4068,0.3940,0.2652,WARNING,False,10,0,,,,,,
1771434250.703,0.1,,,,,,,,,,,,,,,0.2652,WARNING,,10,,t778_0,0.74,LOW,OFFLOAD,WARNING: heavy task offloaded (weight=0.74 >= 0.3),
1771434250.703,0.1,,,,,,,,,,,,,,,0.2652,WARNING,,10,,t778_1,0.19,LOW,LOCAL,WARNING: lightweight task permitted (weight=0.19 < 0.3),
1771434250.703,0.1,,,,,,,,,,,,,,,0.2652,WARNING,,10,,t778_2,0.47,NORMAL,OFFLOAD,WARNING: heavy task offloaded (weight=0.47 >= 0.3),
1771434250.703,0.1,48.65,4.7221,1.274,48.1,4,-87514.533,84.28070,0.03742,0.7749,0.0000,0.4262,0.0000,0.3742,0.3968,0.2652,WARNING,False,10,0,,,,,,window_reset|B=10
1771434250.703,0.1,,,,,,,,,,,,,,,0.2652,WARNING,,10,,t779_0,0.49,LOW,OFFLOAD,WARNING: heavy task offloaded (weight=0.49 >= 0.3),
1771434250.703,0.1,,,,,,,,,,,,,,,0.2652,WARNING,,10,,t779_1,0.26,NORMAL,LOCAL,WARNING: lightweight task permitted (weight=0.26 < 0.3),
1771434250.703,0.1,48.93,4.7267,1.298,49.8,4,-79499.353,42.12645,0.03666,0.8214,0.0000,0.4110,0.0000,0.3666,0.4088,0.2704,WARNING,False,10,0,,,,,,
1771434250.703,0.1,,,,,,,,,,,,,,,0.2704,WARNING,,10,,t780_0,0.40,HIGH,OFFLOAD,WARNING: heavy task offloaded (weight=0.40 >= 0.3),
1771434250.703,0.1,,,,,,,,,,,,,,,0.2704,WARNING,,10,,t780_1,0.23,CRITICAL,LOCAL,WARNING: lightweight task permitted (weight=0.23 < 0.3),
1771434250.703,0.1,48.79,4.7201,1.312,50.9,4,-41931.866,15.47677,0.03587,0.7988,0.0000,0.4329,0.0000,0.3587,0.4161,0.2712,WARNING,False,10,0,,,,,,
1771434250.703,0.1,,,,,,,,,,,,,,,0.2712,WARNING,,10,,t781_0,0.83,NORMAL,OFFLOAD,WARNING: heavy task offloaded (weight=0.83 >= 0.3),
1771434250.703,0.1,48.64,4.7437,1.265,47.5,4,-92004.403,65.73295,0.03208,0.7726,0.0000,0.3543,0.0000,0.3208,0.3927,0.2494,WARNING,False,10,0,,,,,,
1771434250.703,0.1,,,,,,,,,,,,,,,0.2494,WARNING,,10,,t782_0,0.69,LOW,OFFLOAD,WARNING: heavy task offloaded (weight=0.69 >= 0.3),
1771434250.703,0.1,48.36,4.7610,1.222,44.4,4,-77335.450,110.66093,0.02925,0.7265,0.0000,0.2968,0.0000,0.2925,0.3709,0.2292,WARNING,False,10,0,,,,,,
1771434250.703,0.1,,,,,,,,,,,,,,,0.2292,WARNING,,10,,t783_0,0.34,LOW,OFFLOAD,WARNING: heavy task offloaded (weight=0.34 >= 0.3),
1771434250.703,0.1,,,,,,,,,,,,,,,0.2292,WARNING,,10,,t783_1,0.48,NORMAL,OFFLOAD,WARNING: heavy task offloaded (weight=0.48 >= 0.3),
1771434250.703,0.1,,,,,,,,,,,,,,,0.2292,WARNING,,10,,t783_2,0.46,HIGH,OFFLOAD,WARNING: heavy task offloaded (weight=0.46 >= 0.3),
1771434250.703,0.1,47.61,4.7632,1.181,41.5,3,-127934.306,54.92973,0.03092,0.6009,0.0000,0.2892,0.0000,0.3092,0.3356,0.2077,WARNING,False,10,0,,,,,,
1771434250.703,0.1,,,,,,,,,,,,,,,0.2077,WARNING,,10,,t784_0,0.55,LOW,OFFLOAD,WARNING: heavy task offloaded (weight=0.55 >= 0.3),
1771434250.703,0.1,47.61,4.7883,1.143,38.8,3,-80231.520,69.80814,0.03582,0.6014,0.0000,0.2057,0.0000,0.3582,0.3167,0.1981,WARNING,False,10,0,,,,,,
1771434250.703,0.1,,,,,,,,,,,,,,,0.1981,WARNING,,10,,t785_0,0.86,LOW,OFFLOAD,WARNING: heavy task offloaded (weight=0.86 >= 0.3),
1771434250.703,0.1,,,,,,,,,,,,,,,0.1981,WARNING,,10,,t785_1,0.49,HIGH,OFFLOAD,WARNING: heavy task offloaded (weight=0.49 >= 0.3),
1771434250.703,0.1,,,,,,,,,,,,,,,0.1981,WARNING,,10,,t785_2,0.62,LOW,OFFLOAD,WARNING: heavy task offloaded (weight=0.62 >= 0.3),
1771434250.703,0.1,47.76,4.7573,1.108,36.3,3,,,0.03350,0.6260,0.0000,0.3090,0.0000,0.3350,0.2992,0.2086,WARNING,False,10,0,,,,,,
1771434250.703,0.1,,,,,,,,,,,,,,,0.2086,WARNING,,10,,t786_0,0.73,NORMAL,OFFLOAD,WARNING: heavy task offloaded (weight=0.73 >= 0.3),
1771434250.703,0.1,,,,,,,,,,,,,,,0.2086,WARNING,,10,,t786_1,0.39,LOW,OFFLOAD,WARNING: heavy task offloaded (weight=0.39 >= 0.3),
1771434250.703,0.1,47.65,4.8132,1.076,34.0,3,,,0.03001,0.6087,0.0000,0.1227,0.0000,0.3001,0.2828,0.1756,SAFE,False,10,0,,,,,,
1771434250.703,0.1,,,,,,,,,,,,,,,0.1756,SAFE,,10,,t787_0,0.55,LOW,LOCAL,SAFE: all tasks permitted (weight=0.55),
1771434250.703,0.1,,,,,,,,,,,,,,,0.1756,SAFE,,10,,t787_1,0.61,NORMAL,LOCAL,SAFE: all tasks permitted (weight=0.61),
1771434250.703,0.1,,,,,,,,,,,,,,,0.1756,SAFE,,10,,t787_2,0.75,LOW,LOCAL,SAFE: all tasks permitted (weight=0.75),
1771434250.703,0.1,47.41,4.6764,1.544,67.4,6,,,0.03439,0.5687,0.0000,0.5787,0.0000,0.3439,0.5621,0.2903,WARNING,False,10,0,,,,,,
1771434250.703,0.1,,,,,,,,,,,,,,,0.2903,WARNING,,10,,t788_0,0.20,HIGH,LOCAL,WARNING: lightweight task permitted (weight=0.20 < 0.3),
1771434250.703,0.1,,,,,,,,,,,,,,,0.2903,WARNING,,10,,t788_1,0.80,HIGH,OFFLOAD,WARNING: heavy task offloaded (weight=0.80 >= 0.3),
1771434250.703,0.1,47.65,4.6635,1.533,66.6,6,,,0.04059,0.6081,0.0000,0.6216,0.0000,0.4059,0.5565,0.3057,WARNING,False,10,0,,,,,,
1771434250.703,0.1,,,,,,,,,,,,,,,0.3057,WARNING,,10,,t789_0,0.28,NORMAL,LOCAL,WARNING: lightweight task permitted (weight=0.28 < 0.3),
1771434250.703,0.1,,,,,,,,,,,,,,,0.3057,WARNING,,10,,t789_1,0.59,LOW,OFFLOAD,WARNING: heavy task offloaded (weight=0.59 >= 0.3),
1771434250.703,0.1,47.72,4.6881,1.544,67.5,6,,,0.04302,0.6203,0.0000,0.5398,0.0000,0.4302,0.5622,0.3001,WARNING,False,10,0,,,,,,
1771434250.703,0.1,,,,,,,,,,,,,,,0.3001,WARNING,,10,,t790_0,0.46,HIGH,OFFLOAD,WARNING: heavy task offloaded (weight=0.46 >= 0.3),
1771434250.703,0.1,48.01,4.6843,1.481,62.9,5,,,0.04520,0.6684,0.0000,0.5523,0.0000,0.4520,0.5156,0.3003,WARNING,False,10,0,,,,,,
1771434250.703,0.1,,,,,,,,,,,,,,,0.3003,WARNING,,10,,t791_0,0.55,LOW,OFFLOAD,WARNING: heavy task offloaded (weight=0.55 >= 0.3),
1771434250.703,0.1,47.36,4.6849,1.423,58.8,5,,,0.04705,0.5592,0.0000,0.5503,0.0000,0.4705,0.4863,0.2829,WARNING,False,10,0,,,,,,window_reset|B=10
1771434250.703,0.1,,,,,,,,,,,,,,,0.2829,WARNING,,10,,t792_0,0.87,NORMAL,OFFLOAD,WARNING: heavy task offloaded (weight=0.87 >= 0.3),
1771434250.703,0.1,,,,,,,,,,,,,,,0.2829,WARNING,,10,,t792_1,0.49,CRITICAL,OFFLOAD,WARNING: heavy task offloaded (weight=0.49 >= 0.3),
1771434250.703,0.1,,,,,,,,,,,,,,,0.2829,WARNING,,10,,t792_2,0.34,HIGH,OFFLOAD,WARNING: heavy task offloaded (weight=0.34 >= 0.3),
1771434250.703,0.1,47.70,4.7341,1.368,54.8,5,,,0.04700,0.6159,0.0000,0.3865,0.0000,0.4700,0.4589,0.2629,WARNING,False,10,0,,,,,,
1771434250.703,0.1,,,,,,,,,,,,,,,0.2629,WARNING,,10,,t793_0,0.88,LOW,OFFLOAD,WARNING: heavy task offloaded (weight=0.88 >= 0.3),
1771434250.703,0.1,,,,,,,,,,,,,,,0.2629,WARNING,,10,,t793_1,0.55,HIGH,OFFLOAD,WARNING: heavy task offloaded (weight=0.55 >= 0.3),
1771434250.703,0.1,,,,,,,,,,,,,,,0.2629,WARNING,,10,,t793_2,0.77,NORMAL,OFFLOAD,WARNING: heavy task offloaded (weight=0.77 >= 0.3),
1771434250.703,0.1,,,,,,,,,,,,,,,0.2629,WARNING,,10,,t793_3,0.20,LOW,LOCAL,WARNING: lightweight task permitted (weight=0.20 < 0.3),
1771434250.703,0.1,,,,,,,,,,,,,,,0.2629,WARNING,,10,,t793_4,0.33,CRITICAL,OFFLOAD,WARNING: heavy task offloaded (weight=0.33 >= 0.3),
1771434250.704,0.1,,,,,,,,,,,,,,,0.2629,WARNING,,10,,t793_5,0.21,HIGH,LOCAL,WARNING: lightweight task permitted (weight=0.21 < 0.3),
1771434250.704,0.1,47.69,4.6981,1.423,58.8,5,-3989.534,-59.24429,0.04757,0.6149,0.0000,0.5065,1.0000,0.4757,0.4864,0.4845,WARNING,False,10,0,,,,,,
1771434250.704,0.1,,,,,,,,,,,,,,,0.4845,WARNING,,10,,t794_0,0.57,NORMAL,OFFLOAD,WARNING: heavy task offloaded (weight=0.57 >= 0.3),
1771434250.704,0.1,,,,,,,,,,,,,,,0.4845,WARNING,,10,,t794_1,0.72,LOW,OFFLOAD,WARNING: heavy task offloaded (weight=0.72 >= 0.3),
1771434250.704,0.1,,,,,,,,,,,,,,,0.4845,WARNING,,10,,t794_2,0.56,HIGH,OFFLOAD,WARNING: heavy task offloaded (weight=0.56 >= 0.3),
1771434250.704,0.1,47.62,4.7213,1.368,54.9,5,-1952.050,-91.92287,0.04639,0.6033,0.0000,0.4291,1.0000,0.4639,0.4591,0.4664,WARNING,False,10,0,,,,,,
1771434250.704,0.1,,,,,,,,,,,,,,,0.4664,WARNING,,10,,t795_0,0.52,NORMAL,OFFLOAD,WARNING: heavy task offloaded (weight=0.52 >= 0.3),
1771434250.704,0.1,47.38,4.7523,1.317,51.2,4,-1654.542,75.89764,0.04568,0.5642,0.0000,0.3258,0.0000,0.4568,0.4187,0.2395,WARNING,False,10,0,,,,,,
1771434250.704,0.1,,,,,,,,,,,,,,,0.2395,WARNING,,10,,t796_0,0.34,HIGH,OFFLOAD,WARNING: heavy task offloaded (weight=0.34 >= 0.3),
1771434250.704,0.1,,,,,,,,,,,,,,,0.2395,WARNING,,10,,t796_1,0.46,HIGH,OFFLOAD,WARNING: heavy task offloaded (weight=0.46 >= 0.3),
1771434250.704,0.1,,,,,,,,,,,,,,,0.2395,WARNING,,10,,t796_2,0.64,LOW,OFFLOAD,WARNING: heavy task offloaded (weight=0.64 >= 0.3),
1771434250.704,0.1,47.05,4.7170,1.270,47.9,4,-35978.645,53.45218,0.04105,0.5081,0.0000,0.4435,0.0000,0.4105,0.3950,0.2387,WARNING,False,10,0,,,,,,
1771434250.704,0.1,,,,,,,,,,,,,,,0.2387,WARNING,,10,,t797_0,0.53,HIGH,OFFLOAD,WARNING: heavy task offloaded (weight=0.53 >= 0.3),
1771434250.704,0.1,,,,,,,,,,,,,,,0.2387,WARNING,,10,,t797_1,0.77,LOW,OFFLOAD,WARNING: heavy task offloaded (weight=0.77 >= 0.3),
1771434250.704,0.1,46.92,4.7358,1.226,44.7,4,-48363.769,47.77803,0.03965,0.4859,0.0000,0.3805,0.0000,0.3965,0.3730,0.2220,WARNING,False,10,0,,,,,,
1771434250.704,0.1,,,,,,,,,,,,,,,0.2220,WARNING,,10,,t798_0,0.86,LOW,OFFLOAD,WARNING: heavy task offloaded (weight=0.86 >= 0.3),
1771434250.704,0.1,,,,,,,,,,,,,,,0.2220,WARNING,,10,,t798_1,0.88,LOW,OFFLOAD,WARNING: heavy task offloaded (weight=0.88 >= 0.3),
1771434250.704,0.1,46.56,4.7356,1.185,41.8,3,-86963.766,51.30056,0.02739,0.4268,0.0000,0.3813,0.0000,0.2739,0.3376,0.1957,WARNING,False,10,0,,,,,,
1771434250.704,0.1,,,,,,,,,,,,,,,0.1957,WARNING,,10,,t799_0,0.17,LOW,LOCAL,WARNING: lightweight task permitted (weight=0.17 < 0.3),
1771434250.704,0.1,,,,,,,,,,,,,,,0.1957,WARNING,,10,,t799_1,0.17,LOW,LOCAL,WARNING: lightweight task permitted (weight=0.17 < 0.3),
1771434250.704,0.1,,,,,,,,,,,,,,,0.1957,WARNING,,10,,t799_2,0.59,NORMAL,OFFLOAD,WARNING: heavy task offloaded (weight=0.59 >= 0.3),
