timestamp,elapsed_sec,temperature,voltage,current,cpu_percent,queue_depth,dT_dt,dV_dt,sigma_V,x1_thermal_prox,x2_thermal_vel,x3_voltage_sag,x4_voltage_drop,x5_voltage_instab,x6_load_pressure,risk_score,device_state,is_cold_start,budget_remaining,tasks_this_window,task_id,task_weight,task_priority,decision,reason,event
1771434250.706,0.0,29.99,4.8910,0.642,3.0,0,,,,0.0000,0.0000,0.0000,0.0000,0.0000,0.0210,0.0042,SAFE,True,10,0,,,,,,
1771434250.706,0.0,,,,,,,,,,,,,,,0.0042,SAFE,,10,,t0_0,0.46,LOW,LOCAL,SAFE: all tasks permitted (weight=0.46),
1771434250.706,0.0,30.26,4.8757,0.762,11.6,0,,,0.00765,0.0000,0.0000,0.0000,0.0000,0.0765,0.0809,0.0238,SAFE,True,10,0,,,,,,
1771434250.706,0.0,30.40,4.8594,0.753,11.0,0,,,0.01292,0.0000,0.0000,0.0000,0.0000,0.1292,0.0767,0.0283,SAFE,True,10,0,,,,,,
1771434250.708,0.0,30.62,4.8648,0.746,10.4,0,,,0.01209,0.0000,0.0000,0.0000,0.0000,0.1209,0.0728,0.0267,SAFE,True,10,0,,,,,,
1771434250.708,0.0,,,,,,,,,,,,,,,0.0267,SAFE,,10,,t3_0,0.18,HIGH,LOCAL,SAFE: all tasks permitted (weight=0.18),
1771434250.708,0.0,30.75,4.8548,0.786,13.3,1,,,0.01298,0.0000,0.0000,0.0000,0.0000,0.1298,0.1081,0.0346,SAFE,True,10,0,,,,,,
1771434250.708,0.0,,,,,,,,,,,,,,,0.0346,SAFE,,10,,t4_0,0.70,NORMAL,LOCAL,SAFE: all tasks permitted (weight=0.70),
1771434250.708,0.0,30.64,4.8089,0.958,25.6,2,,,0.02539,0.0000,0.0000,0.1371,0.0000,0.2539,0.2092,0.0850,SAFE,True,10,0,,,,,,
1771434250.708,0.0,31.11,4.8146,0.936,24.0,2,,,0.02820,0.0000,0.0000,0.1181,0.0000,0.2820,0.1981,0.0832,SAFE,True,10,0,,,,,,
1771434250.708,0.0,31.23,4.8111,0.916,22.5,1,,,0.02975,0.0000,0.0000,0.1296,0.0000,0.2975,0.1728,0.0812,SAFE,True,10,0,,,,,,
1771434250.708,0.0,31.78,4.8229,0.897,21.2,1,95527.906,-60.53083,0.02909,0.0000,1.0000,0.0903,1.0000,0.2909,0.1633,0.5235,SAFE,True,10,0,,,,,,
1771434250.708,0.0,32.18,4.8423,0.879,19.9,1,102521.679,-29.65011,0.02761,0.0000,1.0000,0.0255,1.0000,0.2761,0.1543,0.5118,SAFE,True,10,0,,,,,,
1771434250.708,0.0,32.03,4.8183,0.862,18.7,1,86912.413,-36.52696,0.02739,0.0000,1.0000,0.1058,1.0000,0.2739,0.1461,0.5204,SAFE,True,10,0,,,,,,
1771434250.708,0.0,,,,,,,,,,,,,,,0.5204,SAFE,,10,,t10_0,0.25,NORMAL,LOCAL,SAFE: all tasks permitted (weight=0.25),
1771434250.708,0.0,32.34,4.8199,0.913,22.3,1,,,0.02693,0.0000,0.0000,0.1004,0.0000,0.2693,0.1714,0.0743,SAFE,True,10,0,,,,,,
1771434250.708,0.0,32.42,4.8128,0.894,21.0,1,,,0.02306,0.0000,0.0000,0.1239,0.0000,0.2306,0.1619,0.0715,SAFE,True,10,0,,,,,,window_reset|B=10
1771434250.708,0.0,31.95,4.8226,0.876,19.7,1,,,0.01939,0.0000,0.0000,0.0912,0.0000,0.1939,0.1531,0.0619,SAFE,True,10,0,,,,,,
1771434250.708,0.0,32.53,4.8436,0.860,18.6,1,,,0.01778,0.0000,0.0000,0.0212,0.0000,0.1778,0.1449,0.0495,SAFE,True,10,0,,,,,,
1771434250.708,0.0,32.62,4.8438,0.845,17.5,1,,,0.01489,0.0000,0.0000,0.0206,0.0000,0.1489,0.1373,0.0450,SAFE,True,10,0,,,,,,
1771434250.709,0.0,32.51,4.8350,0.830,16.5,1,43426.091,11.98749,0.01255,0.0000,1.0000,0.0502,0.0000,0.1255,0.1302,0.2951,SAFE,True,10,0,,,,,,
1771434250.709,0.0,32.84,4.8534,0.817,15.5,1,39373.066,10.96448,0.01385,0.0000,1.0000,0.0000,0.0000,0.1385,0.1236,0.2886,SAFE,True,10,0,,,,,,
1771434250.709,0.0,32.60,4.8377,0.805,14.6,1,33980.823,19.35313,0.01340,0.0000,1.0000,0.0410,0.0000,0.1340,0.1174,0.2922,SAFE,True,10,0,,,,,,
1771434250.709,0.0,32.87,4.8454,0.793,13.8,1,31757.276,25.43152,0.01264,0.0000,1.0000,0.0152,0.0000,0.1264,0.1117,0.2870,SAFE,True,10,0,,,,,,
1771434250.709,0.0,33.36,4.8532,0.783,13.1,1,56350.779,40.16341,0.01335,0.0000,1.0000,0.0000,0.0000,0.1335,0.1064,0.2846,SAFE,True,10,0,,,,,,
1771434250.709,0.0,,,,,,,,,,,,,,,0.2846,SAFE,,10,,t20_0,0.73,LOW,LOCAL,SAFE: all tasks permitted (weight=0.73),
1771434250.709,0.0,32.90,4.7891,0.963,25.9,2,56384.798,-33.34995,0.01831,0.0000,1.0000,0.2029,1.0000,0.1831,0.2113,0.5369,CRITICAL,True,10,0,,,,,,
1771434250.709,0.0,33.30,4.8175,0.940,24.3,2,46256.848,-26.07387,0.01836,0.0000,1.0000,0.1085,1.0000,0.1836,0.2000,0.5225,SAFE,True,10,0,,,,,,
1771434250.709,0.0,33.41,4.8280,0.919,22.8,1,47358.797,-15.78397,0.01808,0.0000,1.0000,0.0734,1.0000,0.1808,0.1746,0.5125,SAFE,True,10,0,,,,,,
1771434250.709,0.0,33.74,4.8183,0.900,21.4,1,,,0.01766,0.0000,0.0000,0.1058,0.0000,0.1766,0.1649,0.0644,SAFE,True,10,0,,,,,,
1771434250.709,0.0,33.13,4.8442,0.882,20.1,1,,,0.01768,0.0000,0.0000,0.0192,0.0000,0.1768,0.1559,0.0514,SAFE,True,10,0,,,,,,window_reset|B=10
1771434250.709,0.0,,,,,,,,,,,,,,,0.0514,SAFE,,10,,t25_0,0.34,NORMAL,LOCAL,SAFE: all tasks permitted (weight=0.34),
1771434250.709,0.0,33.79,4.8210,0.954,25.3,2,,,0.01777,0.0000,0.0000,0.0967,0.0000,0.1777,0.2069,0.0717,SAFE,True,10,0,,,,,,
1771434250.709,0.0,33.91,4.8324,0.932,23.7,2,,,0.01743,0.0000,0.0000,0.0588,0.0000,0.1743,0.1960,0.0643,SAFE,True,10,0,,,,,,
1771434250.709,0.0,33.88,4.8270,0.912,22.3,1,,,0.01743,0.0000,0.0000,0.0768,0.0000,0.1743,0.1709,0.0616,SAFE,True,10,0,,,,,,
1771434250.709,0.0,34.01,4.8265,0.893,20.9,1,,,0.01603,0.0000,0.0000,0.0784,0.0000,0.1603,0.1614,0.0585,SAFE,True,10,0,,,,,,
1771434250.709,0.0,34.54,4.8409,0.875,19.7,1,,,0.01620,0.0000,0.0000,0.0305,0.0000,0.1620,0.1527,0.0507,SAFE,True,10,0,,,,,,
1771434250.709,0.0,34.17,4.8372,0.859,18.5,1,,,0.01564,0.0000,0.0000,0.0427,0.0000,0.1564,0.1445,0.0501,SAFE,True,10,0,,,,,,
1771434250.709,0.0,34.67,4.8387,0.844,17.4,1,,,0.01413,0.0000,0.0000,0.0377,0.0000,0.1413,0.1369,0.0464,SAFE,True,10,0,,,,,,
1771434250.709,0.0,34.36,4.8413,0.830,16.4,1,,,0.00899,0.0000,0.0000,0.0290,0.0000,0.0899,0.1298,0.0387,SAFE,True,10,0,,,,,,
1771434250.709,0.0,34.19,4.8342,0.817,15.5,1,,,0.00802,0.0000,0.0000,0.0527,0.0000,0.0802,0.1233,0.0395,SAFE,True,10,0,,,,,,
1771434250.709,0.0,,,,,,,,,,,,,,,0.0395,SAFE,,10,,t34_0,0.30,LOW,LOCAL,SAFE: all tasks permitted (weight=0.30),
1771434250.709,0.0,34.32,4.8254,0.882,20.2,1,,,0.00817,0.0000,0.0000,0.0821,0.0000,0.0817,0.1562,0.0501,SAFE,True,10,0,,,,,,
1771434250.709,0.0,33.75,4.8412,0.865,19.0,1,,,0.00731,0.0000,0.0000,0.0294,0.0000,0.0731,0.1477,0.0407,SAFE,True,10,0,,,,,,
1771434250.709,0.0,34.47,4.8501,0.850,17.8,1,,,0.00812,0.0000,0.0000,0.0000,0.0000,0.0812,0.1399,0.0361,SAFE,True,10,0,,,,,,
1771434250.709,0.0,,,,,,,,,,,,,,,0.0361,SAFE,,10,,t37_0,0.67,NORMAL,LOCAL,SAFE: all tasks permitted (weight=0.67),
1771434250.709,0.0,35.19,4.7854,1.010,29.3,2,,,0.01561,0.0000,0.0000,0.2153,0.0000,0.1561,0.2348,0.0906,CRITICAL,True,10,0,,,,,,window_reset|B=10
1771434250.709,0.0,34.55,4.7909,0.984,27.4,2,,,0.01924,0.0000,0.0000,0.1970,0.0000,0.1924,0.2220,0.0892,CRITICAL,True,10,0,,,,,,
1771434250.709,0.0,34.96,4.7949,0.960,25.7,2,,,0.02134,0.0000,0.0000,0.1837,0.0000,0.2134,0.2100,0.0872,CRITICAL,True,10,0,,,,,,
1771434250.709,0.0,35.01,4.8151,0.938,24.1,2,,,0.02153,0.0000,0.0000,0.1163,0.0000,0.2153,0.1989,0.0764,SAFE,True,10,0,,,,,,
1771434250.709,0.0,,,,,,,,,,,,,,,0.0764,SAFE,,10,,t41_0,0.29,NORMAL,LOCAL,SAFE: all tasks permitted (weight=0.29),
1771434250.709,0.0,35.84,4.8052,0.994,28.1,2,,,0.02154,0.0000,0.0000,0.1492,0.0000,0.2154,0.2269,0.0863,SAFE,True,10,0,,,,,,
1771434250.709,0.0,35.39,4.7987,0.969,26.4,2,,,0.02185,0.0000,0.0000,0.1710,0.0000,0.2185,0.2146,0.0870,CRITICAL,True,10,0,,,,,,
1771434250.709,0.0,,,,,,,,,,,,,,,0.0870,SAFE,,10,,t43_0,0.48,CRITICAL,LOCAL,SAFE: all tasks permitted (weight=0.48),
1771434250.709,0.0,35.98,4.7604,1.071,33.7,3,,,0.02610,0.0000,0.0000,0.2986,0.0000,0.2610,0.2806,0.1210,CRITICAL,True,10,0,,,,,,
1771434250.709,0.0,,,,,,,,,,,,,,,0.1210,SAFE,,10,,t44_0,0.46,HIGH,LOCAL,SAFE: all tasks permitted (weight=0.46),
1771434250.709,0.0,35.61,4.7605,1.160,40.0,3,,,0.02799,0.0000,0.0000,0.2982,0.0000,0.2799,0.3249,0.1317,CRITICAL,True,10,0,,,,,,
1771434250.709,0.0,35.96,4.7618,1.124,37.4,3,,,0.02887,0.0000,0.0000,0.2940,0.0000,0.2887,0.3068,0.1284,CRITICAL,True,10,0,,,,,,
1771434250.709,0.0,35.90,4.7740,1.090,35.0,3,,,0.02847,0.0000,0.0000,0.2532,0.0000,0.2847,0.2899,0.1194,CRITICAL,True,10,0,,,,,,
1771434250.709,0.0,36.09,4.7893,1.058,32.7,2,,,0.02481,0.0000,0.0000,0.2022,0.0000,0.2481,0.2592,0.1029,CRITICAL,True,10,0,,,,,,
1771434250.709,0.0,36.36,4.7842,1.029,30.7,2,,,0.01712,0.0000,0.0000,0.2194,0.0000,0.1712,0.2447,0.0946,CRITICAL,True,10,0,,,,,,
1771434250.710,0.0,,,,,,,,,,,,,,,0.0946,SAFE,,10,,t49_0,0.46,NORMAL,LOCAL,SAFE: all tasks permitted (weight=0.46),
1771434250.710,0.0,37.01,4.7695,1.121,37.2,3,70346.547,-35.77843,0.01765,0.0000,1.0000,0.2684,1.0000,0.1765,0.3054,0.5636,CRITICAL,True,10,0,,,,,,
1771434250.710,0.0,,,,,,,,,,,,,,,0.5636,SAFE,,10,,t50_0,0.65,NORMAL,LOCAL,SAFE: all tasks permitted (weight=0.65),
1771434250.710,0.0,,,,,,,,,,,,,,,0.5636,SAFE,,10,,t50_1,0.81,NORMAL,LOCAL,SAFE: all tasks permitted (weight=0.81),
1771434250.710,0.0,36.91,4.6836,1.468,62.0,5,90957.506,-115.09302,0.03259,0.0000,1.0000,0.5546,1.0000,0.3259,0.5090,0.6565,CRITICAL,True,10,0,,,,,,window_reset|B=10
1771434250.710,0.0,,,,,,,,,,,,,,,0.6565,SAFE,,10,,t51_0,0.28,NORMAL,LOCAL,SAFE: all tasks permitted (weight=0.28),
1771434250.710,0.0,,,,,,,,,,,,,,,0.6565,SAFE,,10,,t51_1,0.60,NORMAL,LOCAL,SAFE: all tasks permitted (weight=0.60),
1771434250.710,0.0,37.46,4.6632,1.639,74.2,7,88475.527,-97.21201,0.04411,0.0000,1.0000,0.6226,1.0000,0.4411,0.6244,0.6999,CRITICAL,True,10,0,,,,,,
1771434250.710,0.0,,,,,,,,,,,,,,,0.6999,SAFE,,10,,t52_0,0.84,CRITICAL,LOCAL,SAFE: all tasks permitted (weight=0.84),
1771434250.710,0.0,38.40,4.6122,1.788,84.8,8,167575.888,-148.36759,0.05793,0.0000,1.0000,0.7927,1.0000,0.5793,0.7138,0.7537,CRITICAL,True,10,0,,,,,,
1771434250.710,0.0,,,,,,,,,,,,,,,0.7537,SAFE,,10,,t53_0,0.88,HIGH,LOCAL,SAFE: all tasks permitted (weight=0.88),
1771434250.710,0.0,,,,,,,,,,,,,,,0.7537,SAFE,,10,,t53_1,0.49,LOW,LOCAL,SAFE: all tasks permitted (weight=0.49),
1771434250.710,0.0,39.32,4.6050,1.986,99.0,10,201699.260,-156.85827,0.06688,0.0000,1.0000,0.8168,1.0000,0.6688,0.8430,0.7917,CRITICAL,True,10,0,,,,,,
1771434250.710,0.0,,,,,,,,,,,,,,,0.7917,SAFE,,10,,t54_0,0.83,NORMAL,LOCAL,SAFE: all tasks permitted (weight=0.83),
1771434250.710,0.0,40.25,4.5619,1.986,99.0,10,261093.401,-212.17705,0.07780,0.0000,1.0000,0.9604,1.0000,0.7780,0.8430,0.8213,CRITICAL,True,10,0,,,,,,
1771434250.710,0.0,,,,,,,,,,,,,,,0.8213,SAFE,,10,,t55_0,0.43,LOW,LOCAL,SAFE: all tasks permitted (weight=0.43),
1771434250.710,0.0,,,,,,,,,,,,,,,0.8213,SAFE,,10,,t55_1,0.53,NORMAL,LOCAL,SAFE: all tasks permitted (weight=0.53),
1771434250.710,0.0,40.87,4.5658,1.986,99.0,12,287087.985,-223.54913,0.08560,0.0000,1.0000,0.9473,1.0000,0.8560,0.8730,0.8333,CRITICAL,True,10,0,,,,,,
1771434250.710,0.0,,,,,,,,,,,,,,,0.8333,SAFE,,10,,t56_0,0.88,CRITICAL,LOCAL,SAFE: all tasks permitted (weight=0.88),
1771434250.710,0.0,41.28,4.5423,1.986,99.0,12,295346.249,-241.91021,0.09249,0.0000,1.0000,1.0000,1.0000,0.9249,0.8730,0.8471,CRITICAL,True,10,0,,,,,,FAILURE:BROWNOUT(V=4.542V)
1771434250.710,0.0,,,,,,,,,,,,,,,0.8471,SAFE,,10,,t57_0,0.64,NORMAL,LOCAL,SAFE: all tasks permitted (weight=0.64),
1771434250.710,0.0,,,,,,,,,,,,,,,0.8471,SAFE,,10,,t57_1,0.55,CRITICAL,LOCAL,SAFE: all tasks permitted (weight=0.55),
1771434250.710,0.0,42.38,4.5391,1.986,99.0,14,640285.566,-457.78741,0.09571,0.0000,1.0000,1.0000,1.0000,0.9571,0.9030,0.8563,CRITICAL,True,10,0,,,,,,
1771434250.710,0.0,42.72,4.5635,1.986,99.0,13,693424.291,-238.56658,0.09196,0.0000,1.0000,0.9548,1.0000,0.9196,0.8880,0.8437,CRITICAL,True,10,0,,,,,,
1771434250.710,0.0,43.62,4.5190,1.986,99.0,12,734576.963,-286.57091,0.08550,0.0000,1.0000,1.0000,1.0000,0.8550,0.8730,0.8401,CRITICAL,True,10,0,,,,,,FAILURE:BROWNOUT(V=4.519V)
1771434250.710,0.0,44.57,4.5666,1.986,99.0,11,735182.106,-90.48648,0.06985,0.0946,1.0000,0.9445,1.0000,0.6985,0.8580,0.8256,CRITICAL,True,10,0,,,,,,
1771434250.710,0.0,,,,,,,,,,,,,,,0.8256,SAFE,,10,,t61_0,0.89,CRITICAL,LOCAL,SAFE: all tasks permitted (weight=0.89),
1771434250.710,0.0,45.08,4.5402,1.986,99.0,12,687037.657,-128.61685,0.04891,0.1802,1.0000,1.0000,1.0000,0.4891,0.8730,0.8251,CRITICAL,True,10,0,,,,,,FAILURE:BROWNOUT(V=4.540V)
1771434250.710,0.0,,,,,,,,,,,,,,,0.8251,SAFE,,10,,t62_0,0.86,HIGH,LOCAL,SAFE: all tasks permitted (weight=0.86),
1771434250.710,0.0,45.23,4.5610,1.986,99.0,12,593330.893,-1.67483,0.03777,0.2045,1.0000,0.9632,1.0000,0.3777,0.8730,0.8121,CRITICAL,True,10,0,,,,,,
1771434250.710,0.0,,,,,,,,,,,,,,,0.8121,SAFE,,10,,t63_0,0.34,LOW,LOCAL,SAFE: all tasks permitted (weight=0.34),
1771434250.710,0.0,,,,,,,,,,,,,,,0.8121,SAFE,,10,,t63_1,0.31,HIGH,LOCAL,SAFE: all tasks permitted (weight=0.31),
1771434250.710,0.0,46.09,4.6067,1.986,99.0,13,622382.868,81.18715,0.02815,0.3488,1.0000,0.8111,0.0000,0.2815,0.8880,0.6031,CRITICAL,True,10,0,,,,,,window_reset|B=10
1771434250.710,0.0,,,,,,,,,,,,,,,0.6031,SAFE,,10,,t64_0,0.59,LOW,LOCAL,SAFE: all tasks permitted (weight=0.59),
1771434250.710,0.0,,,,,,,,,,,,,,,0.6031,SAFE,,10,,t64_1,0.45,NORMAL,LOCAL,SAFE: all tasks permitted (weight=0.45),
1771434250.710,0.0,46.88,4.5318,1.986,99.0,14,667080.581,-20.78212,0.02564,0.4801,1.0000,1.0000,1.0000,0.2564,0.9030,0.8439,CRITICAL,True,10,0,,,,,,FAILURE:BROWNOUT(V=4.532V)
1771434250.710,0.0,,,,,,,,,,,,,,,0.8439,SAFE,,10,,t65_0,0.72,HIGH,LOCAL,SAFE: all tasks permitted (weight=0.72),
1771434250.710,0.0,47.73,4.5529,1.986,99.0,14,,,0.02149,0.6216,0.0000,0.9903,0.0000,0.2149,0.9030,0.4054,CRITICAL,True,10,0,,,,,,
1771434250.710,0.0,,,,,,,,,,,,,,,0.4054,SAFE,,10,,t66_0,0.38,NORMAL,LOCAL,SAFE: all tasks permitted (weight=0.38),
1771434250.710,0.0,48.18,4.5332,1.986,99.0,14,,,0.02210,0.6971,0.0000,1.0000,0.0000,0.2210,0.9030,0.4163,CRITICAL,True,10,0,,,,,,FAILURE:BROWNOUT(V=4.533V)
1771434250.710,0.0,,,,,,,,,,,,,,,0.4163,SAFE,,10,,t67_0,0.24,LOW,LOCAL,SAFE: all tasks permitted (weight=0.24),
1771434250.710,0.0,47.93,4.5546,1.986,99.0,13,,,0.02172,0.6558,0.0000,0.9847,0.0000,0.2172,0.8880,0.4060,CRITICAL,True,10,0,,,,,,
1771434250.710,0.0,48.88,4.5617,1.986,99.0,12,,,0.02174,0.8129,0.0000,0.9608,0.0000,0.2174,0.8730,0.4188,CRITICAL,True,10,0,,,,,,
1771434250.710,0.0,,,,,,,,,,,,,,,0.4188,SAFE,,10,,t69_0,0.53,CRITICAL,LOCAL,SAFE: all tasks permitted (weight=0.53),
1771434250.710,0.0,,,,,,,,,,,,,,,0.4188,SAFE,,10,,t69_1,0.53,NORMAL,LOCAL,SAFE: all tasks permitted (weight=0.53),
1771434250.710,0.0,49.00,4.5944,1.986,99.0,13,,,0.02414,0.8330,0.0000,0.8519,0.0000,0.2414,0.8880,0.4124,CRITICAL,True,10,0,,,,,,
1771434250.710,0.0,,,,,,,,,,,,,,,0.4124,SAFE,,10,,t70_0,0.50,NORMAL,LOCAL,SAFE: all tasks permitted (weight=0.50),
1771434250.710,0.0,48.81,4.5816,1.986,99.0,13,,,0.02504,0.8012,0.0000,0.8947,0.0000,0.2504,0.8880,0.4151,CRITICAL,True,10,0,,,,,,
1771434250.710,0.0,,,,,,,,,,,,,,,0.4151,SAFE,,10,,t71_0,0.69,LOW,LOCAL,SAFE: all tasks permitted (weight=0.69),
1771434250.710,0.0,49.43,4.5412,1.986,99.0,14,,,0.02275,0.9058,0.0000,1.0000,0.0000,0.2275,0.9030,0.4420,CRITICAL,True,10,0,,,,,,FAILURE:BROWNOUT(V=4.541V)
1771434250.710,0.0,,,,,,,,,,,,,,,0.4420,SAFE,,10,,t72_0,0.30,LOW,LOCAL,SAFE: all tasks permitted (weight=0.30),
1771434250.710,0.0,,,,,,,,,,,,,,,0.4420,SAFE,,10,,t72_1,0.77,HIGH,LOCAL,SAFE: all tasks permitted (weight=0.77),
1771434250.710,0.0,50.05,4.6122,1.986,99.0,15,,,0.02689,1.0000,0.0000,0.7925,0.0000,0.2689,0.9180,0.4335,CRITICAL,True,10,0,,,,,,
1771434250.710,0.0,,,,,,,,,,,,,,,0.4335,SAFE,,10,,t73_0,0.18,HIGH,LOCAL,SAFE: all tasks permitted (weight=0.18),
1771434250.710,0.0,50.17,4.5444,1.986,99.0,14,,,0.02660,1.0000,0.0000,1.0000,0.0000,0.2660,0.9030,0.4572,CRITICAL,True,10,0,,,,,,
1771434250.710,0.0,,,,,,,,,,,,,,,0.4572,SAFE,,10,,t74_0,0.22,CRITICAL,LOCAL,SAFE: all tasks permitted (weight=0.22),
1771434250.710,0.0,,,,,,,,,,,,,,,0.4572,SAFE,,10,,t74_1,0.73,LOW,LOCAL,SAFE: all tasks permitted (weight=0.73),
1771434250.710,0.0,50.71,4.5394,1.986,99.0,15,,,0.02751,1.0000,0.0000,1.0000,0.0000,0.2751,0.9180,0.4611,CRITICAL,True,10,0,,,,,,
1771434250.710,0.0,51.78,4.6030,1.986,99.0,14,,,0.02703,1.0000,0.0000,0.8233,0.0000,0.2703,0.9030,0.4347,CRITICAL,True,10,0,,,,,,
1771434250.710,0.0,,,,,,,,,,,,,,,0.4347,SAFE,,10,,t76_0,0.42,NORMAL,LOCAL,SAFE: all tasks permitted (weight=0.42),
1771434250.710,0.0,,,,,,,,,,,,,,,0.4347,SAFE,,10,,t76_1,0.88,LOW,LOCAL,SAFE: all tasks permitted (weight=0.88),
1771434250.710,0.0,51.85,4.5834,1.986,99.0,15,,,0.02588,1.0000,0.0000,0.8888,0.0000,0.2588,0.9180,0.4450,CRITICAL,True,10,0,,,,,,window_reset|B=10
1771434250.710,0.0,,,,,,,,,,,,,,,0.4450,SAFE,,10,,t77_0,0.57,CRITICAL,LOCAL,SAFE: all tasks permitted (weight=0.57),
1771434250.710,0.0,52.03,4.5658,1.986,99.0,15,,,0.02555,1.0000,0.0000,0.9473,0.0000,0.2555,0.9180,0.4523,CRITICAL,True,10,0,,,,,,
1771434250.710,0.0,52.33,4.5852,1.986,99.0,14,,,0.02363,1.0000,0.0000,0.8828,0.0000,0.2363,0.9030,0.4390,CRITICAL,True,10,0,,,,,,
1771434250.711,0.0,52.27,4.5691,1.986,99.0,13,169555.832,27.80948,0.02306,1.0000,1.0000,0.9362,0.0000,0.2306,0.8880,0.6924,CRITICAL,True,10,0,,,,,,
1771434250.711,0.0,53.09,4.5475,1.986,99.0,12,181720.911,-64.52729,0.02398,1.0000,1.0000,1.0000,1.0000,0.2398,0.8730,0.8986,CRITICAL,True,10,0,,,,,,
1771434250.711,0.0,,,,,,,,,,,,,,,0.8986,SAFE,,10,,t81_0,0.40,NORMAL,LOCAL,SAFE: all tasks permitted (weight=0.40),
1771434250.711,0.0,53.19,4.5768,1.986,99.0,12,180682.765,32.30738,0.02310,1.0000,1.0000,0.9106,0.0000,0.2310,0.8730,0.6861,CRITICAL,True,10,0,,,,,,
1771434250.711,0.0,,,,,,,,,,,,,,,0.6861,SAFE,,10,,t82_0,0.30,NORMAL,LOCAL,SAFE: all tasks permitted (weight=0.30),
1771434250.711,0.0,53.35,4.5733,1.986,99.0,12,158117.549,33.83417,0.02289,1.0000,1.0000,0.9222,0.0000,0.2289,0.8730,0.6874,CRITICAL,True,10,0,,,,,,
1771434250.711,0.0,53.98,4.5653,1.986,99.0,11,131614.611,-37.59890,0.02127,1.0000,1.0000,0.9491,1.0000,0.2127,0.8580,0.8863,CRITICAL,True,10,0,,,,,,
1771434250.711,0.0,,,,,,,,,,,,,,,0.8863,SAFE,,10,,t84_0,0.22,LOW,LOCAL,SAFE: all tasks permitted (weight=0.22),
1771434250.711,0.0,54.04,4.5535,1.986,99.0,10,130836.129,-29.74791,0.01797,1.0000,1.0000,0.9884,1.0000,0.1797,0.8430,0.8851,CRITICAL,True,10,0,,,,,,
1771434250.711,0.0,,,,,,,,,,,,,,,0.8851,SAFE,,10,,t85_0,0.46,NORMAL,LOCAL,SAFE: all tasks permitted (weight=0.46),
1771434250.711,0.0,54.09,4.6077,1.986,99.0,10,123151.649,41.72662,0.01971,1.0000,1.0000,0.8076,0.0000,0.1971,0.8430,0.6633,CRITICAL,True,10,0,,,,,,
1771434250.711,0.0,,,,,,,,,,,,,,,0.6633,SAFE,,10,,t86_0,0.71,LOW,LOCAL,SAFE: all tasks permitted (weight=0.71),
1771434250.711,0.0,,,,,,,,,,,,,,,0.6633,SAFE,,10,,t86_1,0.69,NORMAL,LOCAL,SAFE: all tasks permitted (weight=0.69),
1771434250.711,0.0,54.59,4.5390,1.986,99.0,12,134782.253,-45.96058,0.01976,1.0000,1.0000,1.0000,1.0000,0.1976,0.8730,0.8944,CRITICAL,True,10,0,,,,,,
1771434250.711,0.0,,,,,,,,,,,,,,,0.8944,SAFE,,10,,t87_0,0.16,NORMAL,LOCAL,SAFE: all tasks permitted (weight=0.16),
1771434250.711,0.0,,,,,,,,,,,,,,,0.8944,SAFE,,10,,t87_1,0.84,CRITICAL,LOCAL,SAFE: all tasks permitted (weight=0.84),
1771434250.711,0.0,54.83,4.5217,1.986,99.0,13,,,0.02195,1.0000,0.0000,1.0000,0.0000,0.2195,0.8880,0.4495,CRITICAL,True,10,0,,,,,,
1771434250.711,0.0,55.23,4.5502,1.986,99.0,12,,,0.02163,1.0000,0.0000,0.9994,0.0000,0.2163,0.8730,0.4462,CRITICAL,True,10,0,,,,,,
1771434250.711,0.0,55.10,4.5354,1.986,99.0,11,,,0.02289,1.0000,0.0000,1.0000,0.0000,0.2289,0.8580,0.4445,CRITICAL,True,10,0,,,,,,window_reset|B=10
1771434250.711,0.0,55.33,4.5485,1.986,99.0,11,,,0.02180,1.0000,0.0000,1.0000,0.0000,0.2180,0.8580,0.4434,CRITICAL,True,10,0,,,,,,
1771434250.711,0.0,,,,,,,,,,,,,,,0.4434,SAFE,,10,,t91_0,0.85,NORMAL,LOCAL,SAFE: all tasks permitted (weight=0.85),
1771434250.711,0.0,55.66,4.5719,1.986,99.0,11,,,0.02194,1.0000,0.0000,0.9269,0.0000,0.2194,0.8580,0.4340,CRITICAL,True,10,0,,,,,,
1771434250.711,0.0,,,,,,,,,,,,,,,0.4340,SAFE,,10,,t92_0,0.83,HIGH,LOCAL,SAFE: all tasks permitted (weight=0.83),
1771434250.711,0.0,55.16,4.5311,1.986,99.0,12,,,0.02301,1.0000,0.0000,1.0000,0.0000,0.2301,0.8730,0.4476,CRITICAL,True,10,0,,,,,,
1771434250.711,0.0,,,,,,,,,,,,,,,0.4476,SAFE,,10,,t93_0,0.63,NORMAL,LOCAL,SAFE: all tasks permitted (weight=0.63),
1771434250.711,0.0,55.55,4.5394,1.986,99.0,12,,,0.02254,1.0000,0.0000,1.0000,0.0000,0.2254,0.8730,0.4471,CRITICAL,True,10,0,,,,,,
1771434250.711,0.0,56.34,4.5279,1.986,99.0,11,,,0.02263,1.0000,0.0000,1.0000,0.0000,0.2263,0.8580,0.4442,CRITICAL,True,10,0,,,,,,
1771434250.711,0.0,,,,,,,,,,,,,,,0.4442,SAFE,,10,,t95_0,0.82,NORMAL,LOCAL,SAFE: all tasks permitted (weight=0.82),
1771434250.711,0.0,55.80,4.4369,1.986,99.0,12,,,0.03779,1.0000,0.0000,1.0000,0.0000,0.3779,0.8730,0.4624,CRITICAL,True,10,0,,,,,,
1771434250.711,0.0,,,,,,,,,,,,,,,0.4624,SAFE,,10,,t96_0,0.52,LOW,LOCAL,SAFE: all tasks permitted (weight=0.52),
1771434250.711,0.0,,,,,,,,,,,,,,,0.4624,SAFE,,10,,t96_1,0.88,LOW,LOCAL,SAFE: all tasks permitted (weight=0.88),
1771434250.711,0.0,56.01,4.5375,1.986,99.0,14,,,0.03753,1.0000,0.0000,1.0000,0.0000,0.3753,0.9030,0.4681,CRITICAL,True,10,0,,,,,,
1771434250.711,0.0,,,,,,,,,,,,,,,0.4681,SAFE,,10,,t97_0,0.46,HIGH,LOCAL,SAFE: all tasks permitted (weight=0.46),
1771434250.711,0.0,,,,,,,,,,,,,,,0.4681,SAFE,,10,,t97_1,0.89,LOW,LOCAL,SAFE: all tasks permitted (weight=0.89),
1771434250.711,0.0,56.00,4.5453,1.986,99.0,15,,,0.03120,1.0000,0.0000,1.0000,0.0000,0.3120,0.9180,0.4648,CRITICAL,True,10,0,,,,,,
1771434250.711,0.0,,,,,,,,,,,,,,,0.4648,SAFE,,10,,t98_0,0.17,LOW,LOCAL,SAFE: all tasks permitted (weight=0.17),
1771434250.711,0.0,,,,,,,,,,,,,,,0.4648,SAFE,,10,,t98_1,0.20,NORMAL,LOCAL,SAFE: all tasks permitted (weight=0.20),
1771434250.711,0.0,56.99,4.5754,1.986,99.0,15,,,0.03342,1.0000,0.0000,0.9152,0.0000,0.3342,0.9180,0.4560,CRITICAL,True,10,0,,,,,,
1771434250.711,0.0,,,,,,,,,,,,,,,0.4560,SAFE,,10,,t99_0,0.31,HIGH,LOCAL,SAFE: all tasks permitted (weight=0.31),
1771434250.711,0.0,56.02,4.5414,1.986,99.0,14,,,0.03320,1.0000,0.0000,1.0000,0.0000,0.3320,0.9030,0.4638,CRITICAL,True,10,0,,,,,,
1771434250.711,0.0,,,,,,,,,,,,,,,0.4638,SAFE,,10,,t100_0,0.52,LOW,LOCAL,SAFE: all tasks permitted (weight=0.52),
1771434250.711,0.0,56.79,4.5631,1.986,99.0,14,,,0.03382,1.0000,0.0000,0.9564,0.0000,0.3382,0.9030,0.4588,CRITICAL,True,10,0,,,,,,
1771434250.711,0.0,57.25,4.5289,1.986,99.0,13,,,0.03391,1.0000,0.0000,1.0000,0.0000,0.3391,0.8880,0.4615,CRITICAL,True,10,0,,,,,,
1771434250.711,0.0,,,,,,,,,,,,,,,0.4615,SAFE,,10,,t102_0,0.76,CRITICAL,LOCAL,SAFE: all tasks permitted (weight=0.76),
1771434250.711,0.0,,,,,,,,,,,,,,,0.4615,SAFE,,10,,t102_1,0.52,LOW,LOCAL,SAFE: all tasks permitted (weight=0.52),
1771434250.712,0.0,57.10,4.5435,1.986,99.0,15,45305.117,15.65260,0.03380,1.0000,1.0000,1.0000,0.0000,0.3380,0.9180,0.7174,CRITICAL,True,10,0,,,,,,window_reset|B=10
1771434250.712,0.0,,,,,,,,,,,,,,,0.7174,SAFE,,10,,t103_0,0.48,NORMAL,LOCAL,SAFE: all tasks permitted (weight=0.48),
1771434250.712,0.0,57.46,4.5778,1.986,99.0,15,99527.777,140.96347,0.03434,1.0000,1.0000,0.9072,0.0000,0.3434,0.9180,0.7059,CRITICAL,True,10,0,,,,,,
1771434250.712,0.0,,,,,,,,,,,,,,,0.7059,SAFE,,10,,t104_0,0.42,NORMAL,LOCAL,SAFE: all tasks permitted (weight=0.42),
1771434250.712,0.0,56.80,4.5720,1.986,99.0,14,47454.995,34.52323,0.03556,1.0000,1.0000,0.9266,0.0000,0.3556,0.9030,0.7066,CRITICAL,True,10,0,,,,,,
1771434250.712,0.0,,,,,,,,,,,,,,,0.7066,SAFE,,10,,t105_0,0.31,NORMAL,LOCAL,SAFE: all tasks permitted (weight=0.31),
1771434250.712,0.0,57.79,4.5339,1.986,99.0,14,107416.139,-11.44482,0.03561,1.0000,1.0000,1.0000,1.0000,0.3561,0.9030,0.9162,CRITICAL,True,10,0,,,,,,
1771434250.712,0.0,,,,,,,,,,,,,,,0.9162,SAFE,,10,,t106_0,0.67,NORMAL,LOCAL,SAFE: all tasks permitted (weight=0.67),
1771434250.712,0.0,57.58,4.5083,1.986,99.0,14,35170.383,-67.17448,0.03658,1.0000,1.0000,1.0000,1.0000,0.3658,0.9030,0.9172,CRITICAL,True,10,0,,,,,,
1771434250.712,0.0,,,,,,,,,,,,,,,0.9172,SAFE,,10,,t107_0,0.16,NORMAL,LOCAL,SAFE: all tasks permitted (weight=0.16),
1771434250.712,0.0,57.42,4.5317,1.986,99.0,13,83761.722,-9.64607,0.02043,1.0000,1.0000,1.0000,1.0000,0.2043,0.8880,0.8980,CRITICAL,True,10,0,,,,,,
1771434250.712,0.0,,,,,,,,,,,,,,,0.8980,SAFE,,10,,t108_0,0.69,HIGH,LOCAL,SAFE: all tasks permitted (weight=0.69),
1771434250.712,0.0,57.73,4.5088,1.986,99.0,14,56238.517,-54.26547,0.02288,1.0000,1.0000,1.0000,1.0000,0.2288,0.9030,0.9035,CRITICAL,True,10,0,,,,,,
1771434250.712,0.0,,,,,,,,,,,,,,,0.9035,SAFE,,10,,t109_0,0.29,LOW,LOCAL,SAFE: all tasks permitted (weight=0.29),
1771434250.712,0.0,57.56,4.5936,1.986,99.0,13,19045.331,64.74318,0.02666,1.0000,1.0000,0.8546,0.0000,0.2666,0.8880,0.6854,CRITICAL,True,10,0,,,,,,
1771434250.712,0.0,,,,,,,,,,,,,,,0.6854,SAFE,,10,,t110_0,0.70,LOW,LOCAL,SAFE: all tasks permitted (weight=0.70),
1771434250.712,0.0,58.11,4.5209,1.986,99.0,14,,,0.02628,1.0000,0.0000,1.0000,0.0000,0.2628,0.9030,0.4569,CRITICAL,True,10,0,,,,,,
1771434250.712,0.0,,,,,,,,,,,,,,,0.4569,SAFE,,10,,t111_0,0.70,NORMAL,LOCAL,SAFE: all tasks permitted (weight=0.70),
1771434250.712,0.0,57.92,4.5292,1.986,99.0,14,,,0.02658,1.0000,0.0000,1.0000,0.0000,0.2658,0.9030,0.4572,CRITICAL,True,10,0,,,,,,
1771434250.712,0.0,,,,,,,,,,,,,,,0.4572,SAFE,,10,,t112_0,0.49,NORMAL,LOCAL,SAFE: all tasks permitted (weight=0.49),
1771434250.712,0.0,57.92,4.5369,1.986,99.0,14,,,0.02588,1.0000,0.0000,1.0000,0.0000,0.2588,0.9030,0.4565,CRITICAL,True,10,0,,,,,,
1771434250.712,0.0,,,,,,,,,,,,,,,0.4565,SAFE,,10,,t113_0,0.73,HIGH,LOCAL,SAFE: all tasks permitted (weight=0.73),
1771434250.712,0.0,58.03,4.5728,1.986,99.0,14,,,0.02706,1.0000,0.0000,0.9242,0.0000,0.2706,0.9030,0.4478,CRITICAL,True,10,0,,,,,,
1771434250.712,0.0,,,,,,,,,,,,,,,0.4478,SAFE,,10,,t114_0,0.31,NORMAL,LOCAL,SAFE: all tasks permitted (weight=0.31),
1771434250.712,0.0,58.24,4.5499,1.986,99.0,14,,,0.02711,1.0000,0.0000,1.0000,0.0000,0.2711,0.9030,0.4577,CRITICAL,True,10,0,,,,,,
1771434250.712,0.0,,,,,,,,,,,,,,,0.4577,SAFE,,10,,t115_0,0.64,NORMAL,LOCAL,SAFE: all tasks permitted (weight=0.64),
1771434250.712,0.0,57.39,4.5923,1.986,99.0,14,,,0.02883,1.0000,0.0000,0.8590,0.0000,0.2883,0.9030,0.4411,CRITICAL,True,10,0,,,,,,window_reset|B=10
1771434250.712,0.0,,,,,,,,,,,,,,,0.4411,SAFE,,10,,t116_0,0.22,NORMAL,LOCAL,SAFE: all tasks permitted (weight=0.22),
1771434250.712,0.0,58.27,4.5499,1.986,99.0,13,,,0.02778,1.0000,0.0000,1.0000,0.0000,0.2778,0.8880,0.4554,CRITICAL,True,10,0,,,,,,
1771434250.712,0.0,,,,,,,,,,,,,,,0.4554,SAFE,,10,,t117_0,0.25,CRITICAL,LOCAL,SAFE: all tasks permitted (weight=0.25),
1771434250.712,0.0,58.53,4.6075,1.986,99.0,13,,,0.03258,1.0000,0.0000,0.8084,0.0000,0.3258,0.8880,0.4353,CRITICAL,True,10,0,,,,,,
1771434250.712,0.0,,,,,,,,,,,,,,,0.4353,SAFE,,10,,t118_0,0.72,NORMAL,LOCAL,SAFE: all tasks permitted (weight=0.72),
1771434250.712,0.0,58.51,4.5702,1.986,99.0,13,,,0.03037,1.0000,0.0000,0.9326,0.0000,0.3037,0.8880,0.4492,CRITICAL,True,10,0,,,,,,
1771434250.712,0.0,,,,,,,,,,,,,,,0.4492,SAFE,,10,,t119_0,0.45,NORMAL,LOCAL,SAFE: all tasks permitted (weight=0.45),
1771434250.712,0.0,58.16,4.5832,1.986,99.0,13,,,0.03037,1.0000,0.0000,0.8892,0.0000,0.3037,0.8880,0.4436,CRITICAL,True,10,0,,,,,,
1771434250.712,0.0,,,,,,,,,,,,,,,0.4436,SAFE,,10,,t120_0,0.43,HIGH,LOCAL,SAFE: all tasks permitted (weight=0.43),
1771434250.712,0.0,,,,,,,,,,,,,,,0.4436,SAFE,,10,,t120_1,0.80,HIGH,LOCAL,SAFE: all tasks permitted (weight=0.80),
1771434250.712,0.0,58.08,4.5743,1.986,99.0,14,,,0.02638,1.0000,0.0000,0.9190,0.0000,0.2638,0.9030,0.4464,CRITICAL,True,10,0,,,,,,
1771434250.712,0.0,,,,,,,,,,,,,,,0.4464,SAFE,,10,,t121_0,0.86,NORMAL,LOCAL,SAFE: all tasks permitted (weight=0.86),
1771434250.712,0.0,,,,,,,,,,,,,,,0.4464,SAFE,,10,,t121_1,0.63,NORMAL,LOCAL,SAFE: all tasks permitted (weight=0.63),
1771434250.712,0.0,58.42,4.5526,1.986,99.0,16,,,0.02508,1.0000,0.0000,0.9915,0.0000,0.2508,0.9330,0.4606,CRITICAL,True,10,0,,,,,,
1771434250.712,0.0,,,,,,,,,,,,,,,0.4606,SAFE,,10,,t122_0,0.49,LOW,LOCAL,SAFE: all tasks permitted (weight=0.49),
1771434250.712,0.0,,,,,,,,,,,,,,,0.4606,SAFE,,10,,t122_1,0.61,NORMAL,LOCAL,SAFE: all tasks permitted (weight=0.61),
1771434250.712,0.0,58.01,4.5446,1.986,99.0,17,,,0.02261,1.0000,0.0000,1.0000,0.0000,0.2261,0.9480,0.4622,CRITICAL,True,10,0,,,,,,
1771434250.712,0.0,,,,,,,,,,,,,,,0.4622,SAFE,,10,,t123_0,0.59,HIGH,LOCAL,SAFE: all tasks permitted (weight=0.59),
1771434250.712,0.0,58.39,4.5338,1.986,99.0,17,,,0.02205,1.0000,0.0000,1.0000,0.0000,0.2205,0.9480,0.4617,CRITICAL,True,10,0,,,,,,
1771434250.712,0.0,,,,,,,,,,,,,,,0.4617,SAFE,,10,,t124_0,0.63,NORMAL,LOCAL,SAFE: all tasks permitted (weight=0.63),
1771434250.713,0.0,58.43,4.5352,1.986,99.0,17,9599.407,-14.73651,0.02224,1.0000,1.0000,1.0000,1.0000,0.2224,0.9480,0.9118,CRITICAL,True,10,0,,,,,,
1771434250.713,0.0,,,,,,,,,,,,,,,0.9118,SAFE,,10,,t125_0,0.20,NORMAL,LOCAL,SAFE: all tasks permitted (weight=0.20),
1771434250.713,0.0,58.89,4.5227,1.986,99.0,16,21658.964,-84.76810,0.02473,1.0000,1.0000,1.0000,1.0000,0.2473,0.9330,0.9113,CRITICAL,True,10,0,,,,,,
1771434250.713,0.0,,,,,,,,,,,,,,,0.9113,SAFE,,10,,t126_0,0.55,NORMAL,LOCAL,SAFE: all tasks permitted (weight=0.55),
1771434250.713,0.0,58.55,4.5753,1.986,99.0,16,2446.018,5.04512,0.02489,1.0000,1.0000,0.9158,0.0000,0.2489,0.9330,0.7005,CRITICAL,True,10,0,,,,,,
1771434250.713,0.0,58.66,4.5656,1.986,99.0,15,30036.759,-17.61900,0.02320,1.0000,1.0000,0.9480,1.0000,0.2320,0.9180,0.9000,CRITICAL,True,10,0,,,,,,
1771434250.713,0.0,,,,,,,,,,,,,,,0.9000,SAFE,,10,,t128_0,0.47,NORMAL,LOCAL,SAFE: all tasks permitted (weight=0.47),
1771434250.713,0.0,59.16,4.5408,1.986,99.0,15,65106.897,-33.46287,0.02364,1.0000,1.0000,1.0000,1.0000,0.2364,0.9180,0.9072,CRITICAL,True,10,0,,,,,,window_reset|B=10
1771434250.713,0.0,58.59,4.5401,1.986,99.0,14,10187.991,-12.43929,0.01895,1.0000,1.0000,1.0000,1.0000,0.1895,0.9030,0.8996,CRITICAL,True,10,0,,,,,,
1771434250.713,0.0,,,,,,,,,,,,,,,0.8996,SAFE,,10,,t130_0,0.52,LOW,LOCAL,SAFE: all tasks permitted (weight=0.52),
1771434250.713,0.0,59.06,4.5533,1.986,99.0,13,63118.343,8.74706,0.01825,1.0000,1.0000,0.9890,0.0000,0.1825,0.8880,0.6944,CRITICAL,True,10,0,,,,,,
1771434250.713,0.0,,,,,,,,,,,,,,,0.6944,SAFE,,10,,t131_0,0.62,NORMAL,LOCAL,SAFE: all tasks permitted (weight=0.62),
1771434250.713,0.0,58.47,4.5371,1.986,99.0,14,4832.060,3.28144,0.01594,1.0000,1.0000,1.0000,0.0000,0.1594,0.9030,0.6965,CRITICAL,True,10,0,,,,,,
1771434250.713,0.0,,,,,,,,,,,,,,,0.6965,SAFE,,10,,t132_0,0.72,HIGH,LOCAL,SAFE: all tasks permitted (weight=0.72),
1771434250.713,0.0,58.69,4.5590,1.986,99.0,14,,,0.01430,1.0000,0.0000,0.9701,0.0000,0.1430,0.9030,0.4410,CRITICAL,True,10,0,,,,,,
1771434250.713,0.0,,,,,,,,,,,,,,,0.4410,SAFE,,10,,t133_0,0.61,HIGH,LOCAL,SAFE: all tasks permitted (weight=0.61),
1771434250.713,0.0,,,,,,,,,,,,,,,0.4410,SAFE,,10,,t133_1,0.56,HIGH,LOCAL,SAFE: all tasks permitted (weight=0.56),
1771434250.713,0.0,59.35,4.5293,1.986,99.0,15,,,0.01493,1.0000,0.0000,1.0000,0.0000,0.1493,0.9180,0.4485,CRITICAL,True,10,0,,,,,,
1771434250.713,0.0,,,,,,,,,,,,,,,0.4485,SAFE,,10,,t134_0,0.31,HIGH,LOCAL,SAFE: all tasks permitted (weight=0.31),
1771434250.713,0.0,,,,,,,,,,,,,,,0.4485,SAFE,,10,,t134_1,0.47,HIGH,LOCAL,SAFE: all tasks permitted (weight=0.47),
1771434250.713,0.0,59.26,4.5674,1.986,99.0,16,,,0.01619,1.0000,0.0000,0.9421,0.0000,0.1619,0.9330,0.4453,CRITICAL,True,10,0,,,,,,
1771434250.713,0.0,,,,,,,,,,,,,,,0.4453,SAFE,,10,,t135_0,0.86,LOW,LOCAL,SAFE: all tasks permitted (weight=0.86),
1771434250.713,0.0,58.70,4.5909,1.986,99.0,16,,,0.01973,1.0000,0.0000,0.8635,0.0000,0.1973,0.9330,0.4386,CRITICAL,True,10,0,,,,,,
1771434250.713,0.0,,,,,,,,,,,,,,,0.4386,SAFE,,10,,t136_0,0.17,HIGH,LOCAL,SAFE: all tasks permitted (weight=0.17),
1771434250.713,0.0,58.91,4.5394,1.986,99.0,15,,,0.01947,1.0000,0.0000,1.0000,0.0000,0.1947,0.9180,0.4531,CRITICAL,True,10,0,,,,,,
1771434250.713,0.0,59.26,4.5559,1.986,99.0,14,,,0.01739,1.0000,0.0000,0.9803,0.0000,0.1739,0.9030,0.4454,CRITICAL,True,10,0,,,,,,
1771434250.713,0.0,59.13,4.5462,1.986,99.0,13,,,0.01633,1.0000,0.0000,1.0000,0.0000,0.1633,0.8880,0.4439,CRITICAL,True,10,0,,,,,,
1771434250.713,0.0,,,,,,,,,,,,,,,0.4439,SAFE,,10,,t139_0,0.45,LOW,LOCAL,SAFE: all tasks permitted (weight=0.45),
1771434250.713,0.0,58.95,4.5422,1.986,99.0,13,,,0.01599,1.0000,0.0000,1.0000,0.0000,0.1599,0.8880,0.4436,CRITICAL,True,10,0,,,,,,
1771434250.713,0.0,58.89,4.5539,1.986,99.0,12,,,0.01576,1.0000,0.0000,0.9870,0.0000,0.1576,0.8730,0.4387,CRITICAL,True,10,0,,,,,,
1771434250.713,0.0,,,,,,,,,,,,,,,0.4387,SAFE,,10,,t141_0,0.66,NORMAL,LOCAL,SAFE: all tasks permitted (weight=0.66),
1771434250.713,0.0,59.64,4.5549,1.986,99.0,12,,,0.01542,1.0000,0.0000,0.9838,0.0000,0.1542,0.8730,0.4379,CRITICAL,True,10,0,,,,,,window_reset|B=10
1771434250.713,0.0,,,,,,,,,,,,,,,0.4379,SAFE,,10,,t142_0,0.39,LOW,LOCAL,SAFE: all tasks permitted (weight=0.39),
1771434250.713,0.0,,,,,,,,,,,,,,,0.4379,SAFE,,10,,t142_1,0.76,NORMAL,LOCAL,SAFE: all tasks permitted (weight=0.76),
1771434250.713,0.0,59.41,4.5688,1.986,99.0,14,,,0.01608,1.0000,0.0000,0.9373,0.0000,0.1608,0.9030,0.4385,CRITICAL,True,10,0,,,,,,
1771434250.713,0.0,,,,,,,,,,,,,,,0.4385,SAFE,,10,,t143_0,0.77,LOW,LOCAL,SAFE: all tasks permitted (weight=0.77),
1771434250.713,0.0,,,,,,,,,,,,,,,0.4385,SAFE,,10,,t143_1,0.55,NORMAL,LOCAL,SAFE: all tasks permitted (weight=0.55),
1771434250.713,0.0,59.53,4.5464,1.986,99.0,15,,,0.01546,1.0000,0.0000,1.0000,0.0000,0.1546,0.9180,0.4491,CRITICAL,True,10,0,,,,,,
1771434250.713,0.0,,,,,,,,,,,,,,,0.4491,SAFE,,10,,t144_0,0.70,HIGH,LOCAL,SAFE: all tasks permitted (weight=0.70),
1771434250.713,0.0,,,,,,,,,,,,,,,0.4491,SAFE,,10,,t144_1,0.65,LOW,LOCAL,SAFE: all tasks permitted (weight=0.65),
1771434250.713,0.0,59.20,4.5988,1.986,99.0,16,,,0.01975,1.0000,0.0000,0.8373,0.0000,0.1975,0.9330,0.4352,CRITICAL,True,10,0,,,,,,
1771434250.713,0.0,,,,,,,,,,,,,,,0.4352,SAFE,,10,,t145_0,0.30,NORMAL,LOCAL,SAFE: all tasks permitted (weight=0.30),
1771434250.713,0.0,,,,,,,,,,,,,,,0.4352,SAFE,,10,,t145_1,0.26,NORMAL,LOCAL,SAFE: all tasks permitted (weight=0.26),
1771434250.713,0.0,59.36,4.5214,1.986,99.0,16,,,0.02080,1.0000,0.0000,1.0000,0.0000,0.2080,0.9330,0.4574,CRITICAL,True,10,0,,,,,,
1771434250.713,0.0,,,,,,,,,,,,,,,0.4574,SAFE,,10,,t146_0,0.66,NORMAL,LOCAL,SAFE: all tasks permitted (weight=0.66),
1771434250.713,0.0,,,,,,,,,,,,,,,0.4574,SAFE,,10,,t146_1,0.24,LOW,LOCAL,SAFE: all tasks permitted (weight=0.24),
1771434250.714,0.0,58.63,4.5206,1.986,99.0,17,-29833.933,-25.60045,0.02281,1.0000,0.0000,1.0000,1.0000,0.2281,0.9480,0.6624,CRITICAL,True,10,0,,,,,,
1771434250.714,0.0,,,,,,,,,,,,,,,0.6624,SAFE,,10,,t147_0,0.62,HIGH,LOCAL,SAFE: all tasks permitted (weight=0.62),
1771434250.714,0.0,58.90,4.5286,1.986,99.0,17,-3461.771,-13.52107,0.02063,1.0000,0.0000,1.0000,1.0000,0.2063,0.9480,0.6602,CRITICAL,True,10,0,,,,,,
1771434250.714,0.0,,,,,,,,,,,,,,,0.6602,SAFE,,10,,t148_0,0.87,NORMAL,LOCAL,SAFE: all tasks permitted (weight=0.87),
1771434250.714,0.0,,,,,,,,,,,,,,,0.6602,SAFE,,10,,t148_1,0.59,LOW,LOCAL,SAFE: all tasks permitted (weight=0.59),
1771434250.714,0.0,59.46,4.5273,1.986,99.0,18,34267.303,-26.65743,0.02132,1.0000,1.0000,1.0000,1.0000,0.2132,0.9630,0.9139,CRITICAL,True,10,0,,,,,,
1771434250.714,0.0,,,,,,,,,,,,,,,0.9139,SAFE,,10,,t149_0,0.80,NORMAL,LOCAL,SAFE: all tasks permitted (weight=0.80),
1771434250.714,0.0,59.28,4.5265,1.986,99.0,18,-21390.046,-28.38351,0.02185,1.0000,0.0000,1.0000,1.0000,0.2185,0.9630,0.6645,CRITICAL,True,10,0,,,,,,
1771434250.714,0.0,59.32,4.5863,1.986,99.0,17,-5361.183,17.53677,0.02472,1.0000,0.0000,0.8788,0.0000,0.2472,0.9480,0.4486,CRITICAL,True,10,0,,,,,,
1771434250.714,0.0,,,,,,,,,,,,,,,0.4486,SAFE,,10,,t151_0,0.30,HIGH,LOCAL,SAFE: all tasks permitted (weight=0.30),
1771434250.714,0.0,58.91,4.5497,1.986,99.0,16,-37356.374,3.31792,0.02466,1.0000,0.0000,1.0000,0.0000,0.2466,0.9330,0.4613,CRITICAL,True,10,0,,,,,,
1771434250.714,0.0,59.56,4.5624,1.986,99.0,15,21211.275,-36.41349,0.02492,1.0000,1.0000,0.9586,1.0000,0.2492,0.9180,0.9031,CRITICAL,True,10,0,,,,,,
1771434250.714,0.0,,,,,,,,,,,,,,,0.9031,SAFE,,10,,t153_0,0.40,HIGH,LOCAL,SAFE: all tasks permitted (weight=0.40),
1771434250.714,0.0,59.20,4.5801,1.986,99.0,15,-9996.166,58.69271,0.02633,1.0000,0.0000,0.8997,0.0000,0.2633,0.9180,0.4469,CRITICAL,True,10,0,,,,,,
1771434250.714,0.0,,,,,,,,,,,,,,,0.4469,SAFE,,10,,t154_0,0.42,HIGH,LOCAL,SAFE: all tasks permitted (weight=0.42),
1771434250.714,0.0,,,,,,,,,,,,,,,0.4469,SAFE,,10,,t154_1,0.79,NORMAL,LOCAL,SAFE: all tasks permitted (weight=0.79),
1771434250.714,0.0,59.42,4.5898,1.986,99.0,16,,,0.02806,1.0000,0.0000,0.8675,0.0000,0.2806,0.9330,0.4474,CRITICAL,True,10,0,,,,,,window_reset|B=10
1771434250.714,0.0,,,,,,,,,,,,,,,0.4474,SAFE,,10,,t155_0,0.64,NORMAL,LOCAL,SAFE: all tasks permitted (weight=0.64),
1771434250.714,0.0,59.66,4.5636,1.986,99.0,16,,,0.02812,1.0000,0.0000,0.9548,0.0000,0.2812,0.9330,0.4588,CRITICAL,True,10,0,,,,,,
1771434250.714,0.0,,,,,,,,,,,,,,,0.4588,SAFE,,10,,t156_0,0.29,NORMAL,LOCAL,SAFE: all tasks permitted (weight=0.29),
1771434250.714,0.0,,,,,,,,,,,,,,,0.4588,SAFE,,10,,t156_1,0.44,LOW,LOCAL,SAFE: all tasks permitted (weight=0.44),
1771434250.714,0.0,59.22,4.5617,1.986,99.0,16,,,0.02494,1.0000,0.0000,0.9609,0.0000,0.2494,0.9330,0.4565,CRITICAL,True,10,0,,,,,,
1771434250.715,0.0,,,,,,,,,,,,,,,0.4565,SAFE,,10,,t157_0,0.22,NORMAL,LOCAL,SAFE: all tasks permitted (weight=0.22),
1771434250.715,0.0,59.74,4.5362,1.986,99.0,16,54325.545,19.32071,0.02376,1.0000,1.0000,1.0000,0.0000,0.2376,0.9330,0.7104,CRITICAL,True,10,0,,,,,,
1771434250.715,0.0,,,,,,,,,,,,,,,0.7104,SAFE,,10,,t158_0,0.27,HIGH,LOCAL,SAFE: all tasks permitted (weight=0.27),
1771434250.715,0.0,,,,,,,,,,,,,,,0.7104,SAFE,,10,,t158_1,0.50,LOW,LOCAL,SAFE: all tasks permitted (weight=0.50),
1771434250.715,0.0,59.74,4.5220,1.986,99.0,16,49985.621,-128.06784,0.02361,1.0000,1.0000,1.0000,1.0000,0.2361,0.9330,0.9102,CRITICAL,True,10,0,,,,,,
1771434250.715,0.0,59.71,4.5537,1.986,99.0,15,95573.493,7.97843,0.02246,1.0000,1.0000,0.9876,0.0000,0.2246,0.9180,0.7044,CRITICAL,True,10,0,,,,,,
1771434250.715,0.0,,,,,,,,,,,,,,,0.7044,SAFE,,10,,t160_0,0.61,LOW,LOCAL,SAFE: all tasks permitted (weight=0.61),
1771434250.715,0.0,59.89,4.5074,1.986,99.0,15,39656.142,-109.48353,0.02503,1.0000,1.0000,1.0000,1.0000,0.2503,0.9180,0.9086,CRITICAL,True,10,0,,,,,,
1771434250.715,0.0,59.45,4.5232,1.986,99.0,14,29702.582,-113.04030,0.02533,1.0000,1.0000,1.0000,1.0000,0.2533,0.9030,0.9059,CRITICAL,True,10,0,,,,,,
1771434250.715,0.0,,,,,,,,,,,,,,,0.9059,SAFE,,10,,t162_0,0.18,LOW,LOCAL,SAFE: all tasks permitted (weight=0.18),
1771434250.715,0.0,59.50,4.5691,1.986,99.0,13,9187.465,-40.99640,0.02384,1.0000,1.0000,0.9362,1.0000,0.2384,0.8880,0.8932,CRITICAL,True,10,0,,,,,,
1771434250.715,0.0,59.74,4.5576,1.986,99.0,12,8756.408,-11.81364,0.02389,1.0000,1.0000,0.9746,1.0000,0.2389,0.8730,0.8952,CRITICAL,True,10,0,,,,,,
1771434250.715,0.0,59.33,4.5615,1.986,99.0,11,13461.853,-0.40032,0.02386,1.0000,1.0000,0.9616,0.8006,0.2386,0.8580,0.8506,CRITICAL,True,10,0,,,,,,
1771434250.715,0.0,59.78,4.5771,1.986,99.0,10,,,0.02359,1.0000,0.0000,0.9096,0.0000,0.2359,0.8430,0.4304,CRITICAL,True,10,0,,,,,,
1771434250.715,0.0,59.19,4.5726,1.986,99.0,10,,,0.02169,1.0000,0.0000,0.9248,0.0000,0.2169,0.8430,0.4305,CRITICAL,True,10,0,,,,,,
1771434250.715,0.0,59.38,4.5507,1.959,97.1,9,,,0.02133,1.0000,0.0000,0.9976,0.0000,0.2133,0.8145,0.4339,CRITICAL,True,10,0,,,,,,window_reset|B=10
1771434250.715,0.0,59.67,4.5894,1.867,90.5,8,,,0.02388,1.0000,0.0000,0.8687,0.0000,0.2388,0.7534,0.4075,CRITICAL,True,10,0,,,,,,
1771434250.715,0.0,,,,,,,,,,,,,,,0.4075,SAFE,,10,,t169_0,0.71,NORMAL,LOCAL,SAFE: all tasks permitted (weight=0.71),
1771434250.715,0.0,,,,,,,,,,,,,,,0.4075,SAFE,,10,,t169_1,0.47,NORMAL,LOCAL,SAFE: all tasks permitted (weight=0.47),
1771434250.715,0.0,59.17,4.5892,1.986,99.0,10,,,0.02546,1.0000,0.0000,0.8692,0.0000,0.2546,0.8430,0.4271,CRITICAL,True,10,0,,,,,,
1771434250.715,0.0,59.42,4.5100,1.986,99.0,9,,,0.02697,1.0000,0.0000,1.0000,0.0000,0.2697,0.8280,0.4426,CRITICAL,True,10,0,,,,,,
1771434250.715,0.0,,,,,,,,,,,,,,,0.4426,SAFE,,10,,t171_0,0.31,NORMAL,LOCAL,SAFE: all tasks permitted (weight=0.31),
1771434250.715,0.0,59.47,4.5577,1.975,98.2,9,,,0.02698,1.0000,0.0000,0.9744,0.0000,0.2698,0.8225,0.4381,CRITICAL,True,10,0,,,,,,
1771434250.715,0.0,59.62,4.5792,1.882,91.5,8,,,0.02336,1.0000,0.0000,0.9027,0.0000,0.2336,0.7608,0.4129,CRITICAL,True,10,0,,,,,,
1771434250.715,0.0,,,,,,,,,,,,,,,0.4129,SAFE,,10,,t173_0,0.28,NORMAL,LOCAL,SAFE: all tasks permitted (weight=0.28),
1771434250.715,0.0,59.34,4.5512,1.869,90.6,8,,,0.02068,1.0000,0.0000,0.9960,0.0000,0.2068,0.7545,0.4211,CRITICAL,True,10,0,,,,,,
1771434250.715,0.0,,,,,,,,,,,,,,,0.4211,SAFE,,10,,t174_0,0.48,HIGH,LOCAL,SAFE: all tasks permitted (weight=0.48),
1771434250.715,0.0,,,,,,,,,,,,,,,0.4211,SAFE,,10,,t174_1,0.56,NORMAL,LOCAL,SAFE: all tasks permitted (weight=0.56),
1771434250.715,0.0,59.46,4.5486,1.986,99.0,10,,,0.02101,1.0000,0.0000,1.0000,0.0000,0.2101,0.8430,0.4396,CRITICAL,True,10,0,,,,,,
1771434250.715,0.0,,,,,,,,,,,,,,,0.4396,SAFE,,10,,t175_0,0.65,CRITICAL,LOCAL,SAFE: all tasks permitted (weight=0.65),
1771434250.715,0.0,59.38,4.5634,1.986,99.0,10,,,0.02097,1.0000,0.0000,0.9555,0.0000,0.2097,0.8430,0.4338,CRITICAL,True,10,0,,,,,,
1771434250.715,0.0,,,,,,,,,,,,,,,0.4338,SAFE,,10,,t176_0,0.82,HIGH,LOCAL,SAFE: all tasks permitted (weight=0.82),
1771434250.715,0.0,59.11,4.5473,1.986,99.0,11,,,0.02139,1.0000,0.0000,1.0000,0.0000,0.2139,0.8580,0.4430,CRITICAL,True,10,0,,,,,,
1771434250.715,0.0,,,,,,,,,,,,,,,0.4430,SAFE,,10,,t177_0,0.88,NORMAL,LOCAL,SAFE: all tasks permitted (weight=0.88),
1771434250.715,0.0,,,,,,,,,,,,,,,0.4430,SAFE,,10,,t177_1,0.48,HIGH,LOCAL,SAFE: all tasks permitted (weight=0.48),
1771434250.715,0.0,59.34,4.5393,1.986,99.0,13,,,0.02162,1.0000,0.0000,1.0000,0.0000,0.2162,0.8880,0.4492,CRITICAL,True,10,0,,,,,,
1771434250.715,0.0,,,,,,,,,,,,,,,0.4492,SAFE,,10,,t178_0,0.43,HIGH,LOCAL,SAFE: all tasks permitted (weight=0.43),
1771434250.715,0.0,,,,,,,,,,,,,,,0.4492,SAFE,,10,,t178_1,0.25,CRITICAL,LOCAL,SAFE: all tasks permitted (weight=0.25),
1771434250.715,0.0,59.33,4.5417,1.986,99.0,13,,,0.02160,1.0000,0.0000,1.0000,0.0000,0.2160,0.8880,0.4492,CRITICAL,True,10,0,,,,,,
1771434250.716,0.0,,,,,,,,,,,,,,,0.4492,SAFE,,10,,t179_0,0.85,LOW,LOCAL,SAFE: all tasks permitted (weight=0.85),
1771434250.716,0.0,59.49,4.5508,1.986,99.0,14,1261.383,-6.54339,0.02160,1.0000,1.0000,0.9973,1.0000,0.2160,0.9030,0.9018,CRITICAL,True,10,0,,,,,,
1771434250.716,0.0,59.19,4.5860,1.986,99.0,13,-24241.993,6.51778,0.02117,1.0000,0.0000,0.8799,0.0000,0.2117,0.8880,0.4332,CRITICAL,True,10,0,,,,,,window_reset|B=10
1771434250.716,0.0,,,,,,,,,,,,,,,0.4332,SAFE,,10,,t181_0,0.31,LOW,LOCAL,SAFE: all tasks permitted (weight=0.31),
1771434250.716,0.0,59.00,4.5765,1.986,99.0,12,-19360.647,24.13048,0.01972,1.0000,0.0000,0.9116,0.0000,0.1972,0.8730,0.4328,CRITICAL,True,10,0,,,,,,
1771434250.716,0.0,,,,,,,,,,,,,,,0.4328,SAFE,,10,,t182_0,0.45,HIGH,LOCAL,SAFE: all tasks permitted (weight=0.45),
1771434250.716,0.0,,,,,,,,,,,,,,,0.4328,SAFE,,10,,t182_1,0.28,LOW,LOCAL,SAFE: all tasks permitted (weight=0.28),
1771434250.716,0.0,59.24,4.5233,1.986,99.0,13,-12793.464,-24.11129,0.01743,1.0000,0.0000,1.0000,1.0000,0.1743,0.8880,0.6450,CRITICAL,True,10,0,,,,,,
1771434250.716,0.0,,,,,,,,,,,,,,,0.6450,SAFE,,10,,t183_0,0.45,NORMAL,LOCAL,SAFE: all tasks permitted (weight=0.45),
1771434250.716,0.0,59.48,4.5078,1.986,99.0,13,6169.643,-52.96352,0.02180,1.0000,1.0000,1.0000,1.0000,0.2180,0.8880,0.8994,CRITICAL,True,10,0,,,,,,
1771434250.716,0.0,,,,,,,,,,,,,,,0.8994,SAFE,,10,,t184_0,0.65,LOW,LOCAL,SAFE: all tasks permitted (weight=0.65),
1771434250.716,0.0,60.04,4.5990,1.986,99.0,13,53106.107,49.32577,0.02444,1.0000,1.0000,0.8366,0.0000,0.2444,0.8880,0.6808,CRITICAL,True,10,0,,,,,,
1771434250.716,0.0,,,,,,,,,,,,,,,0.6808,SAFE,,10,,t185_0,0.44,NORMAL,LOCAL,SAFE: all tasks permitted (weight=0.44),
1771434250.716,0.0,59.24,4.5746,1.986,99.0,13,-5433.441,33.67780,0.02515,1.0000,0.0000,0.9180,0.0000,0.2515,0.8880,0.4421,CRITICAL,True,10,0,,,,,,
1771434250.716,0.0,,,,,,,,,,,,,,,0.4421,SAFE,,10,,t186_0,0.37,NORMAL,LOCAL,SAFE: all tasks permitted (weight=0.37),
1771434250.716,0.0,,,,,,,,,,,,,,,0.4421,SAFE,,10,,t186_1,0.36,NORMAL,LOCAL,SAFE: all tasks permitted (weight=0.36),
1771434250.716,0.0,59.16,4.5531,1.986,99.0,13,-9723.000,10.85637,0.02509,1.0000,0.0000,0.9897,0.0000,0.2509,0.8880,0.4514,CRITICAL,True,10,0,,,,,,
1771434250.716,0.0,,,,,,,,,,,,,,,0.4514,SAFE,,10,,t187_0,0.80,NORMAL,LOCAL,SAFE: all tasks permitted (weight=0.80),
1771434250.716,0.0,59.51,4.5436,1.986,99.0,14,,,0.02515,1.0000,0.0000,1.0000,0.0000,0.2515,0.9030,0.4558,CRITICAL,True,10,0,,,,,,
1771434250.716,0.0,,,,,,,,,,,,,,,0.4558,SAFE,,10,,t188_0,0.23,HIGH,LOCAL,SAFE: all tasks permitted (weight=0.23),
1771434250.716,0.0,,,,,,,,,,,,,,,0.4558,SAFE,,10,,t188_1,0.72,NORMAL,LOCAL,SAFE: all tasks permitted (weight=0.72),
1771434250.716,0.0,59.09,4.5202,1.986,99.0,15,,,0.02677,1.0000,0.0000,1.0000,0.0000,0.2677,0.9180,0.4604,CRITICAL,True,10,0,,,,,,
1771434250.716,0.0,,,,,,,,,,,,,,,0.4604,SAFE,,10,,t189_0,0.77,NORMAL,LOCAL,SAFE: all tasks permitted (weight=0.77),
1771434250.716,0.0,,,,,,,,,,,,,,,0.4604,SAFE,,10,,t189_1,0.64,NORMAL,LOCAL,SAFE: all tasks permitted (weight=0.64),
1771434250.716,0.0,59.02,4.5679,1.986,99.0,16,,,0.02687,1.0000,0.0000,0.9403,0.0000,0.2687,0.9330,0.4557,CRITICAL,True,10,0,,,,,,
1771434250.716,0.0,,,,,,,,,,,,,,,0.4557,SAFE,,10,,t190_0,0.55,HIGH,LOCAL,SAFE: all tasks permitted (weight=0.55),
1771434250.716,0.0,,,,,,,,,,,,,,,0.4557,SAFE,,10,,t190_1,0.22,NORMAL,LOCAL,SAFE: all tasks permitted (weight=0.22),
1771434250.716,0.0,59.41,4.5960,1.986,99.0,16,,,0.02895,1.0000,0.0000,0.8468,0.0000,0.2895,0.9330,0.4456,CRITICAL,True,10,0,,,,,,
1771434250.716,0.0,59.17,4.5569,1.986,99.0,15,,,0.02887,1.0000,0.0000,0.9771,0.0000,0.2887,0.9180,0.4595,CRITICAL,True,10,0,,,,,,
1771434250.716,0.0,59.43,4.5990,1.986,99.0,14,,,0.03009,1.0000,0.0000,0.8367,0.0000,0.3009,0.9030,0.4395,CRITICAL,True,10,0,,,,,,
1771434250.716,0.0,,,,,,,,,,,,,,,0.4395,SAFE,,10,,t193_0,0.61,NORMAL,LOCAL,SAFE: all tasks permitted (weight=0.61),
1771434250.716,0.0,,,,,,,,,,,,,,,0.4395,SAFE,,10,,t193_1,0.64,NORMAL,LOCAL,SAFE: all tasks permitted (weight=0.64),
1771434250.716,0.0,60.03,4.5794,1.986,99.0,15,,,0.03023,1.0000,0.0000,0.9021,0.0000,0.3023,0.9180,0.4511,CRITICAL,True,10,0,,,,,,window_reset|B=10
1771434250.716,0.0,,,,,,,,,,,,,,,0.4511,SAFE,,10,,t194_0,0.50,LOW,LOCAL,SAFE: all tasks permitted (weight=0.50),
1771434250.716,0.0,,,,,,,,,,,,,,,0.4511,SAFE,,10,,t194_1,0.69,NORMAL,LOCAL,SAFE: all tasks permitted (weight=0.69),
1771434250.716,0.0,59.11,4.5610,1.986,99.0,16,,,0.02813,1.0000,0.0000,0.9632,0.0000,0.2813,0.9330,0.4599,CRITICAL,True,10,0,,,,,,
1771434250.716,0.0,60.09,4.5618,1.986,99.0,15,,,0.02271,1.0000,0.0000,0.9606,0.0000,0.2271,0.9180,0.4512,CRITICAL,True,10,0,,,,,,
1771434250.716,0.0,,,,,,,,,,,,,,,0.4512,SAFE,,10,,t196_0,0.70,LOW,LOCAL,SAFE: all tasks permitted (weight=0.70),
1771434250.716,0.0,59.65,4.5943,1.986,99.0,16,,,0.02220,1.0000,0.0000,0.8523,0.0000,0.2220,0.9330,0.4396,CRITICAL,True,10,0,,,,,,
1771434250.716,0.0,,,,,,,,,,,,,,,0.4396,SAFE,,10,,t197_0,0.34,HIGH,LOCAL,SAFE: all tasks permitted (weight=0.34),
1771434250.716,0.0,,,,,,,,,,,,,,,0.4396,SAFE,,10,,t197_1,0.80,HIGH,LOCAL,SAFE: all tasks permitted (weight=0.80),
1771434250.716,0.0,59.87,4.5294,1.986,99.0,17,,,0.02437,1.0000,0.0000,1.0000,0.0000,0.2437,0.9480,0.4640,CRITICAL,True,10,0,,,,,,
1771434250.716,0.0,60.27,4.5567,1.986,99.0,15,,,0.02426,1.0000,0.0000,0.9777,0.0000,0.2426,0.9180,0.4550,CRITICAL,True,10,0,,,,,,
1771434250.717,0.0,,,,,,,,,,,,,,,0.4550,SAFE,,10,,t199_0,0.84,NORMAL,LOCAL,SAFE: all tasks permitted (weight=0.84),
1771434250.717,0.0,59.48,4.5269,1.986,99.0,16,18924.337,-30.05178,0.02581,1.0000,1.0000,1.0000,1.0000,0.2581,0.9330,0.9124,CRITICAL,True,10,0,,,,,,
1771434250.717,0.0,,,,,,,,,,,,,,,0.9124,SAFE,,10,,t200_0,0.21,NORMAL,LOCAL,SAFE: all tasks permitted (weight=0.21),
1771434250.717,0.0,59.39,4.5216,1.986,99.0,15,-1952.527,-77.67232,0.02562,1.0000,0.0000,1.0000,1.0000,0.2562,0.9180,0.6592,CRITICAL,True,10,0,,,,,,
1771434250.717,0.0,,,,,,,,,,,,,,,0.6592,SAFE,,10,,t201_0,0.87,NORMAL,LOCAL,SAFE: all tasks permitted (weight=0.87),
1771434250.717,0.0,,,,,,,,,,,,,,,0.6592,SAFE,,10,,t201_1,0.59,NORMAL,LOCAL,SAFE: all tasks permitted (weight=0.59),
1771434250.717,0.0,,,,,,,,,,,,,,,0.6592,SAFE,,10,,t201_2,0.78,LOW,LOCAL,SAFE: all tasks permitted (weight=0.78),
1771434250.717,0.0,59.59,4.5429,1.986,99.0,18,-26473.956,-36.57390,0.02611,1.0000,0.0000,1.0000,1.0000,0.2611,0.9630,0.6687,CRITICAL,True,10,0,,,,,,
1771434250.717,0.0,,,,,,,,,,,,,,,0.6687,SAFE,,10,,t202_0,0.56,LOW,LOCAL,SAFE: all tasks permitted (weight=0.56),
1771434250.717,0.0,,,,,,,,,,,,,,,0.6687,SAFE,,10,,t202_1,0.74,NORMAL,LOCAL,SAFE: all tasks permitted (weight=0.74),
1771434250.717,0.0,59.47,4.5346,1.986,99.0,19,21871.848,-26.52494,0.02463,1.0000,1.0000,1.0000,1.0000,0.2463,0.9780,0.9202,CRITICAL,True,10,0,,,,,,
1771434250.717,0.0,59.20,4.5580,1.986,99.0,18,-53538.492,-3.87348,0.02464,1.0000,0.0000,0.9734,1.0000,0.2464,0.9630,0.6638,CRITICAL,True,10,0,,,,,,
1771434250.717,0.0,59.57,4.5326,1.986,99.0,17,-5085.557,-61.94853,0.02150,1.0000,0.0000,1.0000,1.0000,0.2150,0.9480,0.6611,CRITICAL,True,10,0,,,,,,
1771434250.717,0.0,,,,,,,,,,,,,,,0.6611,SAFE,,10,,t205_0,0.79,HIGH,LOCAL,SAFE: all tasks permitted (weight=0.79),
1771434250.717,0.0,59.55,4.5708,1.986,99.0,17,-19486.727,41.53509,0.02064,1.0000,0.0000,0.9308,0.0000,0.2064,0.9480,0.4512,CRITICAL,True,10,0,,,,,,
1771434250.717,0.0,,,,,,,,,,,,,,,0.4512,SAFE,,10,,t206_0,0.85,NORMAL,LOCAL,SAFE: all tasks permitted (weight=0.85),
1771434250.717,0.0,,,,,,,,,,,,,,,0.4512,SAFE,,10,,t206_1,0.76,NORMAL,LOCAL,SAFE: all tasks permitted (weight=0.76),
1771434250.717,0.0,59.64,4.5649,1.986,99.0,19,-37926.659,8.21159,0.02084,1.0000,0.0000,0.9504,0.0000,0.2084,0.9780,0.4600,CRITICAL,True,10,0,,,,,,window_reset|B=10
1771434250.717,0.0,,,,,,,,,,,,,,,0.4600,SAFE,,10,,t207_0,0.18,NORMAL,LOCAL,SAFE: all tasks permitted (weight=0.18),
1771434250.717,0.0,59.60,4.5388,1.986,99.0,18,,,0.02069,1.0000,0.0000,1.0000,0.0000,0.2069,0.9630,0.4633,CRITICAL,True,10,0,,,,,,
1771434250.717,0.0,,,,,,,,,,,,,,,0.4633,SAFE,,10,,t208_0,0.45,CRITICAL,LOCAL,SAFE: all tasks permitted (weight=0.45),
1771434250.717,0.0,,,,,,,,,,,,,,,0.4633,SAFE,,10,,t208_1,0.29,HIGH,LOCAL,SAFE: all tasks permitted (weight=0.29),
1771434250.717,0.0,59.11,4.5570,1.986,99.0,18,,,0.01561,1.0000,0.0000,0.9768,0.0000,0.1561,0.9630,0.4552,CRITICAL,True,10,0,,,,,,
1771434250.717,0.0,,,,,,,,,,,,,,,0.4552,SAFE,,10,,t209_0,0.45,CRITICAL,LOCAL,SAFE: all tasks permitted (weight=0.45),
1771434250.717,0.0,,,,,,,,,,,,,,,0.4552,SAFE,,10,,t209_1,0.72,HIGH,LOCAL,SAFE: all tasks permitted (weight=0.72),
1771434250.717,0.0,,,,,,,,,,,,,,,0.4552,SAFE,,10,,t209_2,0.49,NORMAL,LOCAL,SAFE: all tasks permitted (weight=0.49),
1771434250.717,0.0,59.35,4.5506,1.986,99.0,20,-27924.655,15.05423,0.01499,1.0000,0.0000,0.9979,0.0000,0.1499,0.9930,0.4633,CRITICAL,True,10,0,,,,,,
1771434250.717,0.0,,,,,,,,,,,,,,,0.4633,SAFE,,10,,t210_0,0.68,NORMAL,LOCAL,SAFE: all tasks permitted (weight=0.68),
1771434250.717,0.0,59.68,4.5692,1.986,99.0,19,24032.080,67.91183,0.01608,1.0000,1.0000,0.9359,0.0000,0.1608,0.9780,0.7033,CRITICAL,True,10,0,,,,,,
1771434250.717,0.0,,,,,,,,,,,,,,,0.7033,SAFE,,10,,t211_0,0.15,HIGH,LOCAL,SAFE: all tasks permitted (weight=0.15),
1771434250.717,0.0,59.97,4.5564,1.986,99.0,18,90637.523,-3.16470,0.01499,1.0000,1.0000,0.9788,1.0000,0.1499,0.9630,0.9048,CRITICAL,True,10,0,,,,,,
1771434250.717,0.0,,,,,,,,,,,,,,,0.9048,SAFE,,10,,t212_0,0.55,CRITICAL,LOCAL,SAFE: all tasks permitted (weight=0.55),
1771434250.717,0.0,,,,,,,,,,,,,,,0.9048,SAFE,,10,,t212_1,0.22,NORMAL,LOCAL,SAFE: all tasks permitted (weight=0.22),
1771434250.717,0.0,,,,,,,,,,,,,,,0.9048,SAFE,,10,,t212_2,0.72,LOW,LOCAL,SAFE: all tasks permitted (weight=0.72),
1771434250.717,0.0,59.98,4.5488,1.986,99.0,20,49211.704,31.70510,0.01239,1.0000,1.0000,1.0000,0.0000,0.1239,0.9930,0.7110,CRITICAL,True,10,0,,,,,,
1771434250.717,0.0,,,,,,,,,,,,,,,0.7110,SAFE,,10,,t213_0,0.55,LOW,LOCAL,SAFE: all tasks permitted (weight=0.55),
1771434250.717,0.0,60.04,4.5870,1.986,99.0,19,57395.377,31.85674,0.01533,1.0000,1.0000,0.8766,0.0000,0.1533,0.9780,0.6949,CRITICAL,True,10,0,,,,,,
1771434250.717,0.0,,,,,,,,,,,,,,,0.6949,SAFE,,10,,t214_0,0.47,NORMAL,LOCAL,SAFE: all tasks permitted (weight=0.47),
1771434250.717,0.0,,,,,,,,,,,,,,,0.6949,SAFE,,10,,t214_1,0.69,NORMAL,LOCAL,SAFE: all tasks permitted (weight=0.69),
1771434250.717,0.0,59.89,4.5322,1.986,99.0,20,29689.262,-64.11285,0.01562,1.0000,1.0000,1.0000,1.0000,0.1562,0.9930,0.9142,CRITICAL,True,10,0,,,,,,
1771434250.717,0.0,59.44,4.5586,1.986,99.0,19,-19039.757,38.82989,0.01563,1.0000,0.0000,0.9714,0.0000,0.1563,0.9780,0.4575,CRITICAL,True,10,0,,,,,,
1771434250.717,0.0,,,,,,,,,,,,,,,0.4575,SAFE,,10,,t216_0,0.76,LOW,LOCAL,SAFE: all tasks permitted (weight=0.76),
1771434250.717,0.0,,,,,,,,,,,,,,,0.4575,SAFE,,10,,t216_1,0.77,LOW,LOCAL,SAFE: all tasks permitted (weight=0.77),
1771434250.718,0.0,59.94,4.5439,1.986,99.0,20,32804.276,-8.59365,0.01452,1.0000,1.0000,1.0000,1.0000,0.1452,0.9930,0.9131,CRITICAL,True,10,0,,,,,,
1771434250.718,0.0,,,,,,,,,,,,,,,0.9131,SAFE,,10,,t217_0,0.60,NORMAL,LOCAL,SAFE: all tasks permitted (weight=0.60),
1771434250.718,0.0,,,,,,,,,,,,,,,0.9131,SAFE,,10,,t217_1,0.25,LOW,LOCAL,SAFE: all tasks permitted (weight=0.25),
1771434250.718,0.0,59.53,4.5587,1.986,99.0,20,10449.525,8.02944,0.01390,1.0000,1.0000,0.9710,0.0000,0.1390,0.9930,0.7087,CRITICAL,True,10,0,,,,,,
1771434250.718,0.0,,,,,,,,,,,,,,,0.7087,SAFE,,10,,t218_0,0.30,NORMAL,LOCAL,SAFE: all tasks permitted (weight=0.30),
1771434250.718,0.0,59.79,4.5580,1.986,99.0,19,6832.561,-11.18879,0.01364,1.0000,1.0000,0.9734,1.0000,0.1364,0.9780,0.9058,CRITICAL,True,10,0,,,,,,
1771434250.718,0.0,,,,,,,,,,,,,,,0.9058,SAFE,,10,,t219_0,0.85,LOW,LOCAL,SAFE: all tasks permitted (weight=0.85),
1771434250.718,0.0,,,,,,,,,,,,,,,0.9058,SAFE,,10,,t219_1,0.65,LOW,LOCAL,SAFE: all tasks permitted (weight=0.65),
1771434250.718,0.0,59.31,4.6241,1.986,99.0,21,-39456.302,67.41902,0.02264,1.0000,0.0000,0.7530,0.0000,0.2264,0.9930,0.4391,CRITICAL,True,10,0,,,,,,window_reset|B=10
1771434250.718,0.0,59.67,4.5230,1.986,99.0,19,-18709.325,-25.67846,0.02509,1.0000,0.0000,1.0000,1.0000,0.2509,0.9780,0.6707,CRITICAL,True,10,0,,,,,,
1771434250.719,0.0,,,,,,,,,,,,,,,0.6707,SAFE,,10,,t221_0,0.44,NORMAL,LOCAL,SAFE: all tasks permitted (weight=0.44),
1771434250.719,0.0,59.69,4.5811,1.986,99.0,19,-10270.514,-2.95887,0.02563,1.0000,0.0000,0.8964,1.0000,0.2563,0.9780,0.6578,CRITICAL,True,10,0,,,,,,
1771434250.719,0.0,,,,,,,,,,,,,,,0.6578,SAFE,,10,,t222_0,0.23,LOW,LOCAL,SAFE: all tasks permitted (weight=0.23),
1771434250.719,0.0,59.08,4.5704,1.986,99.0,18,-24091.958,18.99948,0.02566,1.0000,0.0000,0.9322,0.0000,0.2566,0.9630,0.4594,CRITICAL,True,10,0,,,,,,
1771434250.719,0.0,,,,,,,,,,,,,,,0.4594,SAFE,,10,,t223_0,0.88,LOW,LOCAL,SAFE: all tasks permitted (weight=0.88),
1771434250.719,0.0,,,,,,,,,,,,,,,0.4594,SAFE,,10,,t223_1,0.39,HIGH,LOCAL,SAFE: all tasks permitted (weight=0.39),
1771434250.719,0.0,59.50,4.5845,1.986,99.0,19,1741.182,12.88654,0.02633,1.0000,1.0000,0.8851,0.0000,0.2633,0.9780,0.7070,CRITICAL,True,10,0,,,,,,
1771434250.719,0.0,,,,,,,,,,,,,,,0.7070,SAFE,,10,,t224_0,0.90,LOW,LOCAL,SAFE: all tasks permitted (weight=0.90),
1771434250.719,0.0,,,,,,,,,,,,,,,0.7070,SAFE,,10,,t224_1,0.31,HIGH,LOCAL,SAFE: all tasks permitted (weight=0.31),
1771434250.719,0.0,,,,,,,,,,,,,,,0.7070,SAFE,,10,,t224_2,0.22,HIGH,LOCAL,SAFE: all tasks permitted (weight=0.22),
1771434250.719,0.0,59.60,4.4973,1.986,99.0,20,-20467.330,-46.41081,0.03205,1.0000,0.0000,1.0000,1.0000,0.3205,0.9930,0.6806,CRITICAL,True,10,0,,,,,,
1771434250.719,0.0,,,,,,,,,,,,,,,0.6806,SAFE,,10,,t225_0,0.31,NORMAL,LOCAL,SAFE: all tasks permitted (weight=0.31),
1771434250.719,0.0,,,,,,,,,,,,,,,0.6806,SAFE,,10,,t225_1,0.51,NORMAL,LOCAL,SAFE: all tasks permitted (weight=0.51),
1771434250.719,0.0,59.75,4.5858,1.986,99.0,20,13338.021,27.04539,0.03197,1.0000,1.0000,0.8805,0.0000,0.3197,0.9930,0.7150,CRITICAL,True,10,0,,,,,,
1771434250.719,0.0,,,,,,,,,,,,,,,0.7150,SAFE,,10,,t226_0,0.79,LOW,LOCAL,SAFE: all tasks permitted (weight=0.79),
1771434250.719,0.0,,,,,,,,,,,,,,,0.7150,SAFE,,10,,t226_1,0.71,CRITICAL,LOCAL,SAFE: all tasks permitted (weight=0.71),
1771434250.719,0.0,59.70,4.4690,1.986,99.0,22,-5165.974,-88.64999,0.04022,1.0000,0.0000,1.0000,1.0000,0.4022,0.9930,0.6888,CRITICAL,True,10,0,,,,,,
1771434250.719,0.0,,,,,,,,,,,,,,,0.6888,SAFE,,10,,t227_0,0.70,LOW,LOCAL,SAFE: all tasks permitted (weight=0.70),
1771434250.719,0.0,,,,,,,,,,,,,,,0.6888,SAFE,,10,,t227_1,0.78,HIGH,LOCAL,SAFE: all tasks permitted (weight=0.78),
1771434250.719,0.0,59.44,4.5412,1.986,99.0,23,7782.413,-82.62214,0.04036,1.0000,1.0000,1.0000,1.0000,0.4036,0.9930,0.9390,CRITICAL,True,10,0,,,,,,
1771434250.719,0.0,,,,,,,,,,,,,,,0.9390,SAFE,,10,,t228_0,0.84,NORMAL,LOCAL,SAFE: all tasks permitted (weight=0.84),
1771434250.719,0.0,,,,,,,,,,,,,,,0.9390,SAFE,,10,,t228_1,0.82,LOW,LOCAL,SAFE: all tasks permitted (weight=0.82),
1771434250.719,0.0,59.53,4.5181,1.986,99.0,24,-8584.983,-4.81712,0.04147,1.0000,0.0000,1.0000,1.0000,0.4147,0.9930,0.6901,CRITICAL,True,10,0,,,,,,
1771434250.719,0.0,,,,,,,,,,,,,,,0.6901,SAFE,,10,,t229_0,0.15,NORMAL,LOCAL,SAFE: all tasks permitted (weight=0.15),
1771434250.719,0.0,59.39,4.5038,1.986,99.0,23,,,0.04334,1.0000,0.0000,1.0000,0.0000,0.4334,0.9930,0.4919,CRITICAL,True,10,0,,,,,,
1771434250.719,0.0,,,,,,,,,,,,,,,0.4919,SAFE,,10,,t230_0,0.25,LOW,LOCAL,SAFE: all tasks permitted (weight=0.25),
1771434250.719,0.0,59.34,4.5282,1.986,99.0,22,,,0.04346,1.0000,0.0000,1.0000,0.0000,0.4346,0.9930,0.4921,CRITICAL,True,10,0,,,,,,
1771434250.719,0.0,,,,,,,,,,,,,,,0.4921,SAFE,,10,,t231_0,0.17,HIGH,LOCAL,SAFE: all tasks permitted (weight=0.17),
1771434250.719,0.0,59.32,4.5663,1.986,99.0,20,,,0.03703,1.0000,0.0000,0.9455,0.0000,0.3703,0.9930,0.4785,CRITICAL,True,10,0,,,,,,
1771434250.719,0.0,,,,,,,,,,,,,,,0.4785,SAFE,,10,,t232_0,0.88,CRITICAL,LOCAL,SAFE: all tasks permitted (weight=0.88),
1771434250.719,0.0,60.13,4.5299,1.986,99.0,21,,,0.03682,1.0000,0.0000,1.0000,0.0000,0.3682,0.9930,0.4854,CRITICAL,True,10,0,,,,,,window_reset|B=10
1771434250.720,0.0,,,,,,,,,,,,,,,0.4854,SAFE,,10,,t233_0,0.46,NORMAL,LOCAL,SAFE: all tasks permitted (weight=0.46),
1771434250.720,0.0,,,,,,,,,,,,,,,0.4854,SAFE,,10,,t233_1,0.71,NORMAL,LOCAL,SAFE: all tasks permitted (weight=0.71),
1771434250.720,0.0,59.79,4.5704,1.986,99.0,21,2269.827,-15.48467,0.03593,1.0000,1.0000,0.9320,1.0000,0.3593,0.9930,0.9257,CRITICAL,True,10,0,,,,,,
1771434250.720,0.0,,,,,,,,,,,,,,,0.9257,SAFE,,10,,t234_0,0.25,NORMAL,LOCAL,SAFE: all tasks permitted (weight=0.25),
1771434250.720,0.0,,,,,,,,,,,,,,,0.9257,SAFE,,10,,t234_1,0.50,NORMAL,LOCAL,SAFE: all tasks permitted (weight=0.50),
1771434250.720,0.0,,,,,,,,,,,,,,,0.9257,SAFE,,10,,t234_2,0.76,LOW,LOCAL,SAFE: all tasks permitted (weight=0.76),
1771434250.720,0.0,59.44,4.5457,1.986,99.0,23,-15928.423,76.89123,0.03475,1.0000,0.0000,1.0000,0.0000,0.3475,0.9930,0.4833,CRITICAL,True,10,0,,,,,,
1771434250.720,0.0,,,,,,,,,,,,,,,0.4833,SAFE,,10,,t235_0,0.53,NORMAL,LOCAL,SAFE: all tasks permitted (weight=0.53),
1771434250.720,0.0,59.49,4.5197,1.986,99.0,22,2757.115,-21.49969,0.03182,1.0000,1.0000,1.0000,1.0000,0.3182,0.9930,0.9304,CRITICAL,True,10,0,,,,,,
1771434250.720,0.0,,,,,,,,,,,,,,,0.9304,SAFE,,10,,t236_0,0.77,HIGH,LOCAL,SAFE: all tasks permitted (weight=0.77),
1771434250.720,0.0,,,,,,,,,,,,,,,0.9304,SAFE,,10,,t236_1,0.85,NORMAL,LOCAL,SAFE: all tasks permitted (weight=0.85),
1771434250.720,0.0,,,,,,,,,,,,,,,0.9304,SAFE,,10,,t236_2,0.68,HIGH,LOCAL,SAFE: all tasks permitted (weight=0.68),
1771434250.720,0.0,59.32,4.5528,1.986,99.0,25,-12750.100,34.76128,0.03055,1.0000,0.0000,0.9907,0.0000,0.3055,0.9930,0.4779,CRITICAL,True,10,0,,,,,,
1771434250.720,0.0,,,,,,,,,,,,,,,0.4779,SAFE,,10,,t237_0,0.89,HIGH,LOCAL,SAFE: all tasks permitted (weight=0.89),
1771434250.720,0.0,59.98,4.5597,1.986,99.0,25,35067.877,56.01678,0.02771,1.0000,1.0000,0.9678,0.0000,0.2771,0.9930,0.7221,CRITICAL,True,10,0,,,,,,
1771434250.720,0.0,,,,,,,,,,,,,,,0.7221,SAFE,,10,,t238_0,0.83,NORMAL,LOCAL,SAFE: all tasks permitted (weight=0.83),
1771434250.720,0.0,,,,,,,,,,,,,,,0.7221,SAFE,,10,,t238_1,0.73,CRITICAL,LOCAL,SAFE: all tasks permitted (weight=0.73),
1771434250.720,0.0,,,,,,,,,,,,,,,0.7221,SAFE,,10,,t238_2,0.15,HIGH,LOCAL,SAFE: all tasks permitted (weight=0.15),
1771434250.720,0.0,59.67,4.5639,1.986,99.0,26,19485.922,35.71817,0.02078,1.0000,1.0000,0.9538,0.0000,0.2078,0.9930,0.7134,CRITICAL,True,10,0,,,,,,
1771434250.721,0.0,,,,,,,,,,,,,,,0.7134,SAFE,,10,,t239_0,0.50,NORMAL,LOCAL,SAFE: all tasks permitted (weight=0.50),
1771434250.721,0.0,,,,,,,,,,,,,,,0.7134,SAFE,,10,,t239_1,0.20,LOW,LOCAL,SAFE: all tasks permitted (weight=0.20),
1771434250.721,0.0,59.87,4.5274,1.986,99.0,25,23503.662,-27.76853,0.02115,1.0000,1.0000,1.0000,1.0000,0.2115,0.9930,0.9197,CRITICAL,True,10,0,,,,,,
1771434250.721,0.0,,,,,,,,,,,,,,,0.9197,SAFE,,10,,t240_0,0.81,NORMAL,LOCAL,SAFE: all tasks permitted (weight=0.81),
1771434250.721,0.0,,,,,,,,,,,,,,,0.9197,SAFE,,10,,t240_1,0.68,NORMAL,LOCAL,SAFE: all tasks permitted (weight=0.68),
1771434250.721,0.0,,,,,,,,,,,,,,,0.9197,SAFE,,10,,t240_2,0.68,HIGH,LOCAL,SAFE: all tasks permitted (weight=0.68),
1771434250.721,0.0,60.12,4.5529,1.986,99.0,28,-505.282,16.43861,0.02025,1.0000,0.0000,0.9902,0.0000,0.2025,0.9930,0.4676,CRITICAL,True,10,0,,,,,,
1771434250.721,0.0,,,,,,,,,,,,,,,0.4676,SAFE,,10,,t241_0,0.72,CRITICAL,LOCAL,SAFE: all tasks permitted (weight=0.72),
1771434250.721,0.0,,,,,,,,,,,,,,,0.4676,SAFE,,10,,t241_1,0.71,NORMAL,LOCAL,SAFE: all tasks permitted (weight=0.71),
1771434250.721,0.0,,,,,,,,,,,,,,,0.4676,SAFE,,10,,t241_2,0.46,NORMAL,LOCAL,SAFE: all tasks permitted (weight=0.46),
1771434250.721,0.0,60.16,4.5633,1.986,99.0,29,54817.047,-17.50623,0.01696,1.0000,1.0000,0.9556,1.0000,0.1696,0.9930,0.9098,CRITICAL,True,10,0,,,,,,
1771434250.721,0.0,,,,,,,,,,,,,,,0.9098,SAFE,,10,,t242_0,0.81,NORMAL,LOCAL,SAFE: all tasks permitted (weight=0.81),
1771434250.721,0.0,,,,,,,,,,,,,,,0.9098,SAFE,,10,,t242_1,0.44,NORMAL,LOCAL,SAFE: all tasks permitted (weight=0.44),
1771434250.721,0.0,59.29,4.5112,1.986,99.0,29,-22640.895,-85.19872,0.01915,1.0000,0.0000,1.0000,1.0000,0.1915,0.9930,0.6678,CRITICAL,True,10,0,,,,,,
1771434250.721,0.0,,,,,,,,,,,,,,,0.6678,SAFE,,10,,t243_0,0.30,HIGH,LOCAL,SAFE: all tasks permitted (weight=0.30),
1771434250.721,0.0,59.31,4.5358,1.986,99.0,28,-26903.959,39.69763,0.01842,1.0000,0.0000,1.0000,0.0000,0.1842,0.9930,0.4670,CRITICAL,True,10,0,,,,,,
1771434250.721,0.0,,,,,,,,,,,,,,,0.4670,SAFE,,10,,t244_0,0.78,NORMAL,LOCAL,SAFE: all tasks permitted (weight=0.78),
1771434250.721,0.0,,,,,,,,,,,,,,,0.4670,SAFE,,10,,t244_1,0.59,CRITICAL,LOCAL,SAFE: all tasks permitted (weight=0.59),
1771434250.721,0.0,,,,,,,,,,,,,,,0.4670,SAFE,,10,,t244_2,0.76,LOW,LOCAL,SAFE: all tasks permitted (weight=0.76),
1771434250.721,0.0,59.91,4.5649,1.986,99.0,30,88000.098,29.97776,0.01867,1.0000,1.0000,0.9503,0.0000,0.1867,0.9930,0.7108,CRITICAL,True,10,0,,,,,,
1771434250.721,0.0,,,,,,,,,,,,,,,0.7108,SAFE,,10,,t245_0,0.29,NORMAL,LOCAL,SAFE: all tasks permitted (weight=0.29),
1771434250.721,0.0,,,,,,,,,,,,,,,0.7108,SAFE,,10,,t245_1,0.18,LOW,LOCAL,SAFE: all tasks permitted (weight=0.18),
1771434250.721,0.0,,,,,,,,,,,,,,,0.7108,SAFE,,10,,t245_2,0.74,NORMAL,LOCAL,SAFE: all tasks permitted (weight=0.74),
1771434250.721,0.0,59.39,4.5132,1.986,99.0,30,-36894.294,-48.84731,0.01945,1.0000,0.0000,1.0000,1.0000,0.1945,0.9930,0.6680,CRITICAL,True,10,0,,,,,,window_reset|B=10
1771434250.721,0.0,,,,,,,,,,,,,,,0.6680,SAFE,,10,,t246_0,0.87,LOW,LOCAL,SAFE: all tasks permitted (weight=0.87),
1771434250.721,0.0,,,,,,,,,,,,,,,0.6680,SAFE,,10,,t246_1,0.73,NORMAL,LOCAL,SAFE: all tasks permitted (weight=0.73),
1771434250.721,0.0,,,,,,,,,,,,,,,0.6680,SAFE,,10,,t246_2,0.21,LOW,LOCAL,SAFE: all tasks permitted (weight=0.21),
1771434250.721,0.0,59.59,4.5347,1.986,99.0,31,-4832.862,-30.69097,0.01954,1.0000,0.0000,1.0000,1.0000,0.1954,0.9930,0.6681,CRITICAL,True,10,0,,,,,,
1771434250.721,0.0,,,,,,,,,,,,,,,0.6681,SAFE,,10,,t247_0,0.67,HIGH,LOCAL,SAFE: all tasks permitted (weight=0.67),
1771434250.721,0.0,,,,,,,,,,,,,,,0.6681,SAFE,,10,,t247_1,0.81,NORMAL,LOCAL,SAFE: all tasks permitted (weight=0.81),
1771434250.721,0.0,59.83,4.5259,1.986,99.0,32,-5039.998,-2.77992,0.01903,1.0000,0.0000,1.0000,1.0000,0.1903,0.9930,0.6676,CRITICAL,True,10,0,,,,,,
1771434250.721,0.0,,,,,,,,,,,,,,,0.6676,SAFE,,10,,t248_0,0.71,LOW,LOCAL,SAFE: all tasks permitted (weight=0.71),
1771434250.721,0.0,,,,,,,,,,,,,,,0.6676,SAFE,,10,,t248_1,0.28,NORMAL,LOCAL,SAFE: all tasks permitted (weight=0.28),
1771434250.721,0.0,59.57,4.5720,1.986,99.0,31,-59712.804,34.85585,0.02060,1.0000,0.0000,0.9267,0.0000,0.2060,0.9930,0.4597,CRITICAL,True,10,0,,,,,,
1771434250.721,0.0,,,,,,,,,,,,,,,0.4597,SAFE,,10,,t249_0,0.37,NORMAL,LOCAL,SAFE: all tasks permitted (weight=0.37),
1771434250.721,0.0,,,,,,,,,,,,,,,0.4597,SAFE,,10,,t249_1,0.58,CRITICAL,LOCAL,SAFE: all tasks permitted (weight=0.58),
1771434250.721,0.0,,,,,,,,,,,,,,,0.4597,SAFE,,10,,t249_2,0.75,NORMAL,LOCAL,SAFE: all tasks permitted (weight=0.75),
1771434250.721,0.0,59.38,4.5698,1.986,99.0,32,-85261.563,11.78910,0.02143,1.0000,0.0000,0.9341,0.0000,0.2143,0.9930,0.4615,CRITICAL,True,10,0,,,,,,
1771434250.721,0.0,,,,,,,,,,,,,,,0.4615,SAFE,,10,,t250_0,0.74,LOW,LOCAL,SAFE: all tasks permitted (weight=0.74),
1771434250.721,0.0,59.47,4.5293,1.986,99.0,31,20745.780,33.03130,0.02096,1.0000,1.0000,1.0000,0.0000,0.2096,0.9930,0.7196,CRITICAL,True,10,0,,,,,,
1771434250.721,0.0,59.79,4.5736,1.986,99.0,29,52842.977,69.07312,0.02218,1.0000,1.0000,0.9215,0.0000,0.2218,0.9930,0.7106,CRITICAL,True,10,0,,,,,,
1771434250.722,0.0,,,,,,,,,,,,,,,0.7106,SAFE,,10,,t252_0,0.19,LOW,LOCAL,SAFE: all tasks permitted (weight=0.19),
1771434250.722,0.0,,,,,,,,,,,,,,,0.7106,SAFE,,10,,t252_1,0.69,NORMAL,LOCAL,SAFE: all tasks permitted (weight=0.69),
1771434250.722,0.0,,,,,,,,,,,,,,,0.7106,SAFE,,10,,t252_2,0.68,NORMAL,LOCAL,SAFE: all tasks permitted (weight=0.68),
1771434250.722,0.0,59.32,4.5258,1.986,99.0,30,-22559.010,-25.17287,0.02269,1.0000,0.0000,1.0000,1.0000,0.2269,0.9930,0.6713,CRITICAL,True,10,0,,,,,,
1771434250.722,0.0,,,,,,,,,,,,,,,0.6713,SAFE,,10,,t253_0,0.60,CRITICAL,LOCAL,SAFE: all tasks permitted (weight=0.60),
1771434250.722,0.0,,,,,,,,,,,,,,,0.6713,SAFE,,10,,t253_1,0.75,NORMAL,LOCAL,SAFE: all tasks permitted (weight=0.75),
1771434250.722,0.0,59.03,4.5367,1.986,99.0,30,-21689.955,23.35847,0.02191,1.0000,0.0000,1.0000,0.0000,0.2191,0.9930,0.4705,CRITICAL,True,10,0,,,,,,
1771434250.722,0.0,,,,,,,,,,,,,,,0.4705,SAFE,,10,,t254_0,0.26,CRITICAL,LOCAL,SAFE: all tasks permitted (weight=0.26),
1771434250.722,0.0,,,,,,,,,,,,,,,0.4705,SAFE,,10,,t254_1,0.38,NORMAL,LOCAL,SAFE: all tasks permitted (weight=0.38),
1771434250.722,0.0,,,,,,,,,,,,,,,0.4705,SAFE,,10,,t254_2,0.51,LOW,LOCAL,SAFE: all tasks permitted (weight=0.51),
1771434250.722,0.0,59.63,4.5419,1.986,99.0,30,2585.924,7.21075,0.01999,1.0000,1.0000,1.0000,0.0000,0.1999,0.9930,0.7186,CRITICAL,True,10,0,,,,,,
1771434250.722,0.0,,,,,,,,,,,,,,,0.7186,SAFE,,10,,t255_0,0.51,NORMAL,LOCAL,SAFE: all tasks permitted (weight=0.51),
1771434250.722,0.0,59.51,4.5423,1.986,99.0,29,-18701.824,16.36100,0.01985,1.0000,0.0000,1.0000,0.0000,0.1985,0.9930,0.4685,CRITICAL,True,10,0,,,,,,
1771434250.722,0.0,,,,,,,,,,,,,,,0.4685,SAFE,,10,,t256_0,0.53,LOW,LOCAL,SAFE: all tasks permitted (weight=0.53),
1771434250.722,0.0,,,,,,,,,,,,,,,0.4685,SAFE,,10,,t256_1,0.24,NORMAL,LOCAL,SAFE: all tasks permitted (weight=0.24),
1771434250.722,0.0,59.32,4.5440,1.986,99.0,28,-14962.362,-27.87725,0.01885,1.0000,0.0000,1.0000,1.0000,0.1885,0.9930,0.6674,CRITICAL,True,10,0,,,,,,
1771434250.722,0.0,,,,,,,,,,,,,,,0.6674,SAFE,,10,,t257_0,0.51,NORMAL,LOCAL,SAFE: all tasks permitted (weight=0.51),
1771434250.722,0.0,60.35,4.5508,1.986,99.0,27,57600.036,-18.86673,0.01673,1.0000,1.0000,0.9973,1.0000,0.1673,0.9930,0.9150,CRITICAL,True,10,0,,,,,,
1771434250.722,0.0,,,,,,,,,,,,,,,0.9150,SAFE,,10,,t258_0,0.84,NORMAL,LOCAL,SAFE: all tasks permitted (weight=0.84),
1771434250.722,0.0,,,,,,,,,,,,,,,0.9150,SAFE,,10,,t258_1,0.17,NORMAL,LOCAL,SAFE: all tasks permitted (weight=0.17),
1771434250.722,0.0,,,,,,,,,,,,,,,0.9150,SAFE,,10,,t258_2,0.31,HIGH,LOCAL,SAFE: all tasks permitted (weight=0.31),
1771434250.722,0.0,60.11,4.5832,1.986,99.0,28,37627.725,53.60725,0.01928,1.0000,1.0000,0.8893,0.0000,0.1928,0.9930,0.7035,CRITICAL,True,10,0,,,,,,window_reset|B=10
1771434250.722,0.0,,,,,,,,,,,,,,,0.7035,SAFE,,10,,t259_0,0.37,NORMAL,LOCAL,SAFE: all tasks permitted (weight=0.37),
1771434250.722,0.0,,,,,,,,,,,,,,,0.7035,SAFE,,10,,t259_1,0.34,LOW,LOCAL,SAFE: all tasks permitted (weight=0.34),
1771434250.722,0.0,,,,,,,,,,,,,,,0.7035,SAFE,,10,,t259_2,0.31,LOW,LOCAL,SAFE: all tasks permitted (weight=0.31),
1771434250.722,0.0,59.61,4.5267,1.986,99.0,28,-10625.398,-46.56449,0.01920,1.0000,0.0000,1.0000,1.0000,0.1920,0.9930,0.6678,CRITICAL,True,10,0,,,,,,
1771434250.722,0.0,,,,,,,,,,,,,,,0.6678,SAFE,,10,,t260_0,0.65,CRITICAL,LOCAL,SAFE: all tasks permitted (weight=0.65),
1771434250.722,0.0,,,,,,,,,,,,,,,0.6678,SAFE,,10,,t260_1,0.26,LOW,LOCAL,SAFE: all tasks permitted (weight=0.26),
1771434250.722,0.0,,,,,,,,,,,,,,,0.6678,SAFE,,10,,t260_2,0.47,CRITICAL,LOCAL,SAFE: all tasks permitted (weight=0.47),
1771434250.722,0.0,60.11,4.4965,1.986,99.0,28,,,0.02287,1.0000,0.0000,1.0000,0.0000,0.2287,0.9930,0.4715,CRITICAL,True,10,0,,,,,,
1771434250.722,0.0,,,,,,,,,,,,,,,0.4715,SAFE,,10,,t261_0,0.82,NORMAL,LOCAL,SAFE: all tasks permitted (weight=0.82),
1771434250.722,0.0,59.41,4.5452,1.986,99.0,28,,,0.02147,1.0000,0.0000,1.0000,0.0000,0.2147,0.9930,0.4701,CRITICAL,True,10,0,,,,,,
1771434250.722,0.0,,,,,,,,,,,,,,,0.4701,SAFE,,10,,t262_0,0.36,LOW,LOCAL,SAFE: all tasks permitted (weight=0.36),
1771434250.722,0.0,59.07,4.5509,1.986,99.0,27,,,0.02129,1.0000,0.0000,0.9971,0.0000,0.2129,0.9930,0.4695,CRITICAL,True,10,0,,,,,,
1771434250.722,0.0,,,,,,,,,,,,,,,0.4695,SAFE,,10,,t263_0,0.22,HIGH,LOCAL,SAFE: all tasks permitted (weight=0.22),
1771434250.722,0.0,59.60,4.5942,1.986,99.0,25,,,0.02431,1.0000,0.0000,0.8525,0.0000,0.2431,0.9930,0.4537,CRITICAL,True,10,0,,,,,,
1771434250.723,0.0,,,,,,,,,,,,,,,0.4537,SAFE,,10,,t264_0,0.24,HIGH,LOCAL,SAFE: all tasks permitted (weight=0.24),
1771434250.723,0.0,60.02,4.5431,1.986,99.0,24,41528.323,-0.91925,0.02364,1.0000,1.0000,1.0000,1.0000,0.2364,0.9930,0.9222,CRITICAL,True,10,0,,,,,,
1771434250.723,0.0,,,,,,,,,,,,,,,0.9222,SAFE,,10,,t265_0,0.65,HIGH,LOCAL,SAFE: all tasks permitted (weight=0.65),
1771434250.723,0.0,59.64,4.5726,1.986,99.0,23,-42569.871,21.78031,0.02449,1.0000,0.0000,0.9247,0.0000,0.2449,0.9930,0.4633,CRITICAL,True,10,0,,,,,,
1771434250.723,0.0,60.04,4.5537,1.986,99.0,22,-4045.022,-29.52643,0.02441,1.0000,0.0000,0.9878,1.0000,0.2441,0.9930,0.6714,CRITICAL,True,10,0,,,,,,
1771434250.723,0.0,,,,,,,,,,,,,,,0.6714,SAFE,,10,,t267_0,0.33,LOW,LOCAL,SAFE: all tasks permitted (weight=0.33),
1771434250.723,0.0,,,,,,,,,,,,,,,0.6714,SAFE,,10,,t267_1,0.80,NORMAL,LOCAL,SAFE: all tasks permitted (weight=0.80),
1771434250.723,0.0,59.42,4.5483,1.986,99.0,22,-11377.855,21.57798,0.02431,1.0000,0.0000,1.0000,0.0000,0.2431,0.9930,0.4729,CRITICAL,True,10,0,,,,,,
1771434250.723,0.0,59.37,4.5465,1.986,99.0,21,-44469.655,49.91508,0.02426,1.0000,0.0000,1.0000,0.0000,0.2426,0.9930,0.4729,CRITICAL,True,10,0,,,,,,
1771434250.723,0.0,,,,,,,,,,,,,,,0.4729,SAFE,,10,,t269_0,0.46,NORMAL,LOCAL,SAFE: all tasks permitted (weight=0.46),
1771434250.723,0.0,,,,,,,,,,,,,,,0.4729,SAFE,,10,,t269_1,0.78,NORMAL,LOCAL,SAFE: all tasks permitted (weight=0.78),
1771434250.723,0.0,59.87,4.5869,1.986,99.0,21,27457.091,41.72109,0.02621,1.0000,1.0000,0.8770,0.0000,0.2621,0.9930,0.7088,CRITICAL,True,10,0,,,,,,
1771434250.723,0.0,,,,,,,,,,,,,,,0.7088,SAFE,,10,,t270_0,0.77,NORMAL,LOCAL,SAFE: all tasks permitted (weight=0.77),
1771434250.723,0.0,,,,,,,,,,,,,,,0.7088,SAFE,,10,,t270_1,0.68,NORMAL,LOCAL,SAFE: all tasks permitted (weight=0.68),
1771434250.723,0.0,,,,,,,,,,,,,,,0.7088,SAFE,,10,,t270_2,0.82,NORMAL,LOCAL,SAFE: all tasks permitted (weight=0.82),
1771434250.723,0.0,59.74,4.5944,1.986,99.0,24,40357.909,43.47800,0.02740,1.0000,1.0000,0.8522,0.0000,0.2740,0.9930,0.7068,CRITICAL,True,10,0,,,,,,
1771434250.723,0.0,,,,,,,,,,,,,,,0.7068,SAFE,,10,,t271_0,0.85,LOW,LOCAL,SAFE: all tasks permitted (weight=0.85),
1771434250.723,0.0,,,,,,,,,,,,,,,0.7068,SAFE,,10,,t271_1,0.70,LOW,LOCAL,SAFE: all tasks permitted (weight=0.70),
1771434250.723,0.0,,,,,,,,,,,,,,,0.7068,SAFE,,10,,t271_2,0.65,NORMAL,LOCAL,SAFE: all tasks permitted (weight=0.65),
1771434250.723,0.0,59.68,4.5177,1.986,99.0,26,4473.615,-76.51917,0.02828,1.0000,1.0000,1.0000,1.0000,0.2828,0.9930,0.9269,CRITICAL,True,10,0,,,,,,window_reset|B=10
1771434250.723,0.0,,,,,,,,,,,,,,,0.9269,SAFE,,10,,t272_0,0.76,NORMAL,LOCAL,SAFE: all tasks permitted (weight=0.76),
1771434250.723,0.0,,,,,,,,,,,,,,,0.9269,SAFE,,10,,t272_1,0.18,LOW,LOCAL,SAFE: all tasks permitted (weight=0.18),
1771434250.723,0.0,,,,,,,,,,,,,,,0.9269,SAFE,,10,,t272_2,0.29,HIGH,LOCAL,SAFE: all tasks permitted (weight=0.29),
1771434250.723,0.0,59.36,4.5755,1.986,99.0,27,,,0.02275,1.0000,0.0000,0.9149,0.0000,0.2275,0.9930,0.4603,CRITICAL,True,10,0,,,,,,
1771434250.723,0.0,,,,,,,,,,,,,,,0.4603,SAFE,,10,,t273_0,0.40,NORMAL,LOCAL,SAFE: all tasks permitted (weight=0.40),
1771434250.723,0.0,60.04,4.5506,1.986,99.0,26,,,0.02249,1.0000,0.0000,0.9980,0.0000,0.2249,0.9930,0.4708,CRITICAL,True,10,0,,,,,,
1771434250.723,0.0,,,,,,,,,,,,,,,0.4708,SAFE,,10,,t274_0,0.38,NORMAL,LOCAL,SAFE: all tasks permitted (weight=0.38),
1771434250.723,0.0,59.29,4.5530,1.986,99.0,25,,,0.02241,1.0000,0.0000,0.9900,0.0000,0.2241,0.9930,0.4697,CRITICAL,True,10,0,,,,,,
1771434250.723,0.0,,,,,,,,,,,,,,,0.4697,SAFE,,10,,t275_0,0.30,LOW,LOCAL,SAFE: all tasks permitted (weight=0.30),
1771434250.724,0.0,,,,,,,,,,,,,,,0.4697,SAFE,,10,,t275_1,0.83,LOW,LOCAL,SAFE: all tasks permitted (weight=0.83),
1771434250.724,0.0,59.92,4.5356,1.986,99.0,25,29891.706,-12.76667,0.02107,1.0000,1.0000,1.0000,1.0000,0.2107,0.9930,0.9197,CRITICAL,True,10,0,,,,,,
1771434250.724,0.0,,,,,,,,,,,,,,,0.9197,SAFE,,10,,t276_0,0.86,NORMAL,LOCAL,SAFE: all tasks permitted (weight=0.86),
1771434250.724,0.0,,,,,,,,,,,,,,,0.9197,SAFE,,10,,t276_1,0.24,CRITICAL,LOCAL,SAFE: all tasks permitted (weight=0.24),
1771434250.724,0.0,59.23,4.5632,1.986,99.0,25,-8509.578,16.74173,0.02073,1.0000,0.0000,0.9560,0.0000,0.2073,0.9930,0.4636,CRITICAL,True,10,0,,,,,,
1771434250.724,0.0,,,,,,,,,,,,,,,0.4636,SAFE,,10,,t277_0,0.42,NORMAL,LOCAL,SAFE: all tasks permitted (weight=0.42),
1771434250.724,0.0,59.60,4.5425,1.986,99.0,24,-16192.153,-44.44098,0.02065,1.0000,0.0000,1.0000,1.0000,0.2065,0.9930,0.6693,CRITICAL,True,10,0,,,,,,
1771434250.724,0.0,,,,,,,,,,,,,,,0.6693,SAFE,,10,,t278_0,0.88,LOW,LOCAL,SAFE: all tasks permitted (weight=0.88),
1771434250.724,0.0,,,,,,,,,,,,,,,0.6693,SAFE,,10,,t278_1,0.86,NORMAL,LOCAL,SAFE: all tasks permitted (weight=0.86),
1771434250.724,0.0,,,,,,,,,,,,,,,0.6693,SAFE,,10,,t278_2,0.77,NORMAL,LOCAL,SAFE: all tasks permitted (weight=0.77),
1771434250.724,0.0,59.96,4.5492,1.986,99.0,27,12999.725,-45.15965,0.02073,1.0000,1.0000,1.0000,1.0000,0.2073,0.9930,0.9193,CRITICAL,True,10,0,,,,,,
1771434250.724,0.0,,,,,,,,,,,,,,,0.9193,SAFE,,10,,t279_0,0.26,LOW,LOCAL,SAFE: all tasks permitted (weight=0.26),
1771434250.724,0.0,59.35,4.5165,1.986,99.0,26,-19635.143,-1.23493,0.02333,1.0000,0.0000,1.0000,1.0000,0.2333,0.9930,0.6719,CRITICAL,True,10,0,,,,,,
1771434250.724,0.0,,,,,,,,,,,,,,,0.6719,SAFE,,10,,t280_0,0.28,NORMAL,LOCAL,SAFE: all tasks permitted (weight=0.28),
1771434250.724,0.0,59.88,4.5351,1.986,99.0,24,31355.985,-40.39992,0.02378,1.0000,1.0000,1.0000,1.0000,0.2378,0.9930,0.9224,CRITICAL,True,10,0,,,,,,
1771434250.724,0.0,,,,,,,,,,,,,,,0.9224,SAFE,,10,,t281_0,0.17,HIGH,LOCAL,SAFE: all tasks permitted (weight=0.17),
1771434250.725,0.0,,,,,,,,,,,,,,,0.9224,SAFE,,10,,t281_1,0.51,NORMAL,LOCAL,SAFE: all tasks permitted (weight=0.51),
1771434250.725,0.0,59.60,4.5144,1.986,99.0,24,-17767.948,-24.08038,0.02326,1.0000,0.0000,1.0000,1.0000,0.2326,0.9930,0.6719,CRITICAL,True,10,0,,,,,,
1771434250.725,0.0,,,,,,,,,,,,,,,0.6719,SAFE,,10,,t282_0,0.83,LOW,LOCAL,SAFE: all tasks permitted (weight=0.83),
1771434250.725,0.0,,,,,,,,,,,,,,,0.6719,SAFE,,10,,t282_1,0.30,LOW,LOCAL,SAFE: all tasks permitted (weight=0.30),
1771434250.725,0.0,59.80,4.5548,1.986,99.0,24,20470.356,1.16951,0.01843,1.0000,1.0000,0.9842,0.0000,0.1843,0.9930,0.7150,CRITICAL,True,10,0,,,,,,
1771434250.725,0.0,,,,,,,,,,,,,,,0.7150,SAFE,,10,,t283_0,0.76,CRITICAL,LOCAL,SAFE: all tasks permitted (weight=0.76),
1771434250.725,0.0,60.61,4.5150,1.986,99.0,24,81694.064,-40.86556,0.01874,1.0000,1.0000,1.0000,1.0000,0.1874,0.9930,0.9173,CRITICAL,True,10,0,,,,,,
1771434250.725,0.0,59.57,4.5571,1.986,99.0,22,40498.530,-12.11887,0.01657,1.0000,1.0000,0.9764,1.0000,0.1657,0.9930,0.9121,CRITICAL,True,10,0,,,,,,window_reset|B=10
1771434250.725,0.0,,,,,,,,,,,,,,,0.9121,SAFE,,10,,t285_0,0.29,CRITICAL,LOCAL,SAFE: all tasks permitted (weight=0.29),
1771434250.725,0.0,59.92,4.5354,1.986,99.0,21,38845.138,-14.11789,0.01633,1.0000,1.0000,1.0000,1.0000,0.1633,0.9930,0.9149,CRITICAL,True,10,0,,,,,,
1771434250.725,0.0,,,,,,,,,,,,,,,0.9149,SAFE,,10,,t286_0,0.82,NORMAL,LOCAL,SAFE: all tasks permitted (weight=0.82),
1771434250.725,0.0,,,,,,,,,,,,,,,0.9149,SAFE,,10,,t286_1,0.22,NORMAL,LOCAL,SAFE: all tasks permitted (weight=0.22),
1771434250.725,0.0,,,,,,,,,,,,,,,0.9149,SAFE,,10,,t286_2,0.55,NORMAL,LOCAL,SAFE: all tasks permitted (weight=0.55),
1771434250.725,0.0,59.77,4.5491,1.986,99.0,23,-22689.824,-0.26553,0.01609,1.0000,0.0000,1.0000,0.5311,0.1609,0.9930,0.5709,CRITICAL,True,10,0,,,,,,
1771434250.725,0.0,,,,,,,,,,,,,,,0.5709,SAFE,,10,,t287_0,0.66,HIGH,LOCAL,SAFE: all tasks permitted (weight=0.66),
1771434250.725,0.0,,,,,,,,,,,,,,,0.5709,SAFE,,10,,t287_1,0.37,CRITICAL,LOCAL,SAFE: all tasks permitted (weight=0.37),
1771434250.725,0.0,59.62,4.5753,1.986,99.0,23,32000.399,116.85407,0.01889,1.0000,1.0000,0.9158,0.0000,0.1889,0.9930,0.7065,CRITICAL,True,10,0,,,,,,
1771434250.725,0.0,59.32,4.5480,1.986,99.0,21,-67311.580,25.60416,0.01793,1.0000,0.0000,1.0000,0.0000,0.1793,0.9930,0.4665,CRITICAL,True,10,0,,,,,,
1771434250.725,0.0,,,,,,,,,,,,,,,0.4665,SAFE,,10,,t289_0,0.64,LOW,LOCAL,SAFE: all tasks permitted (weight=0.64),
1771434250.725,0.0,,,,,,,,,,,,,,,0.4665,SAFE,,10,,t289_1,0.68,NORMAL,LOCAL,SAFE: all tasks permitted (weight=0.68),
1771434250.725,0.0,59.75,4.5617,1.986,99.0,22,,,0.01882,1.0000,0.0000,0.9609,0.0000,0.1882,0.9930,0.4623,CRITICAL,True,10,0,,,,,,
1771434250.725,0.0,,,,,,,,,,,,,,,0.4623,SAFE,,10,,t290_0,0.21,NORMAL,LOCAL,SAFE: all tasks permitted (weight=0.21),
1771434250.725,0.0,59.53,4.5418,1.986,99.0,21,,,0.01872,1.0000,0.0000,1.0000,0.0000,0.1872,0.9930,0.4673,CRITICAL,True,10,0,,,,,,
1771434250.725,0.0,,,,,,,,,,,,,,,0.4673,SAFE,,10,,t291_0,0.32,CRITICAL,LOCAL,SAFE: all tasks permitted (weight=0.32),
1771434250.725,0.0,,,,,,,,,,,,,,,0.4673,SAFE,,10,,t291_1,0.43,HIGH,LOCAL,SAFE: all tasks permitted (weight=0.43),
1771434250.725,0.0,59.90,4.5737,1.986,99.0,21,,,0.01889,1.0000,0.0000,0.9211,0.0000,0.1889,0.9930,0.4572,CRITICAL,True,10,0,,,,,,
1771434250.725,0.0,,,,,,,,,,,,,,,0.4572,SAFE,,10,,t292_0,0.44,CRITICAL,LOCAL,SAFE: all tasks permitted (weight=0.44),
1771434250.725,0.0,,,,,,,,,,,,,,,0.4572,SAFE,,10,,t292_1,0.80,NORMAL,LOCAL,SAFE: all tasks permitted (weight=0.80),
1771434250.725,0.0,59.70,4.5571,1.986,99.0,22,,,0.01874,1.0000,0.0000,0.9764,0.0000,0.1874,0.9930,0.4643,CRITICAL,True,10,0,,,,,,
1771434250.725,0.0,,,,,,,,,,,,,,,0.4643,SAFE,,10,,t293_0,0.21,CRITICAL,LOCAL,SAFE: all tasks permitted (weight=0.21),
1771434250.725,0.0,60.06,4.5331,1.986,99.0,21,,,0.01647,1.0000,0.0000,1.0000,0.0000,0.1647,0.9930,0.4651,CRITICAL,True,10,0,,,,,,
1771434250.725,0.0,,,,,,,,,,,,,,,0.4651,SAFE,,10,,t294_0,0.28,LOW,LOCAL,SAFE: all tasks permitted (weight=0.28),
1771434250.725,0.0,,,,,,,,,,,,,,,0.4651,SAFE,,10,,t294_1,0.40,LOW,LOCAL,SAFE: all tasks permitted (weight=0.40),
1771434250.725,0.0,,,,,,,,,,,,,,,0.4651,SAFE,,10,,t294_2,0.17,HIGH,LOCAL,SAFE: all tasks permitted (weight=0.17),
1771434250.725,0.0,59.44,4.5608,1.986,99.0,21,,,0.01670,1.0000,0.0000,0.9639,0.0000,0.1670,0.9930,0.4606,CRITICAL,True,10,0,,,,,,
1771434250.725,0.0,,,,,,,,,,,,,,,0.4606,SAFE,,10,,t295_0,0.32,NORMAL,LOCAL,SAFE: all tasks permitted (weight=0.32),
1771434250.725,0.0,,,,,,,,,,,,,,,0.4606,SAFE,,10,,t295_1,0.50,HIGH,LOCAL,SAFE: all tasks permitted (weight=0.50),
1771434250.725,0.0,,,,,,,,,,,,,,,0.4606,SAFE,,10,,t295_2,0.21,NORMAL,LOCAL,SAFE: all tasks permitted (weight=0.21),
1771434250.725,0.0,59.49,4.5348,1.986,99.0,21,,,0.01382,1.0000,0.0000,1.0000,0.0000,0.1382,0.9930,0.4624,CRITICAL,True,10,0,,,,,,
1771434250.725,0.0,,,,,,,,,,,,,,,0.4624,SAFE,,10,,t296_0,0.22,LOW,LOCAL,SAFE: all tasks permitted (weight=0.22),
1771434250.725,0.0,,,,,,,,,,,,,,,0.4624,SAFE,,10,,t296_1,0.55,LOW,LOCAL,SAFE: all tasks permitted (weight=0.55),
1771434250.726,0.0,59.81,4.5403,1.986,99.0,21,28733.006,-7.50669,0.01412,1.0000,1.0000,1.0000,1.0000,0.1412,0.9930,0.9127,CRITICAL,True,10,0,,,,,,
1771434250.726,0.0,,,,,,,,,,,,,,,0.9127,SAFE,,10,,t297_0,0.23,LOW,LOCAL,SAFE: all tasks permitted (weight=0.23),
1771434250.726,0.0,59.48,4.5551,1.986,99.0,20,-16114.612,-6.44237,0.01334,1.0000,0.0000,0.9831,1.0000,0.1334,0.9930,0.6597,CRITICAL,True,10,0,,,,,,window_reset|B=10
1771434250.726,0.0,,,,,,,,,,,,,,,0.6597,SAFE,,10,,t298_0,0.72,LOW,LOCAL,SAFE: all tasks permitted (weight=0.72),
1771434250.726,0.0,58.86,4.5203,1.986,99.0,20,-39270.908,-20.84038,0.01606,1.0000,0.0000,1.0000,1.0000,0.1606,0.9930,0.6647,CRITICAL,True,10,0,,,,,,
1771434250.726,0.0,,,,,,,,,,,,,,,0.6647,SAFE,,10,,t299_0,0.39,HIGH,LOCAL,SAFE: all tasks permitted (weight=0.39),
1771434250.726,0.0,60.13,4.5482,1.986,99.0,19,13308.415,-24.72293,0.01416,1.0000,1.0000,1.0000,1.0000,0.1416,0.9780,0.9098,CRITICAL,True,10,0,,,,,,
1771434250.726,0.0,,,,,,,,,,,,,,,0.9098,SAFE,,10,,t300_0,0.73,NORMAL,LOCAL,SAFE: all tasks permitted (weight=0.73),
1771434250.726,0.0,,,,,,,,,,,,,,,0.9098,SAFE,,10,,t300_1,0.83,LOW,LOCAL,SAFE: all tasks permitted (weight=0.83),
1771434250.726,0.0,59.28,4.5391,1.986,99.0,21,-24167.605,-17.46266,0.01437,1.0000,0.0000,1.0000,1.0000,0.1437,0.9930,0.6630,CRITICAL,True,10,0,,,,,,
1771434250.726,0.0,,,,,,,,,,,,,,,0.6630,SAFE,,10,,t301_0,0.17,HIGH,LOCAL,SAFE: all tasks permitted (weight=0.17),
1771434250.726,0.0,,,,,,,,,,,,,,,0.6630,SAFE,,10,,t301_1,0.50,NORMAL,LOCAL,SAFE: all tasks permitted (weight=0.50),
1771434250.726,0.0,60.09,4.5629,1.986,99.0,20,1402.945,28.92938,0.01448,1.0000,1.0000,0.9569,0.0000,0.1448,0.9930,0.7075,CRITICAL,True,10,0,,,,,,
1771434250.726,0.0,,,,,,,,,,,,,,,0.7075,SAFE,,10,,t302_0,0.16,CRITICAL,LOCAL,SAFE: all tasks permitted (weight=0.16),
1771434250.726,0.0,59.90,4.5428,1.986,99.0,19,26861.238,-17.50106,0.01445,1.0000,1.0000,1.0000,1.0000,0.1445,0.9780,0.9100,CRITICAL,True,10,0,,,,,,
1771434250.726,0.0,,,,,,,,,,,,,,,0.9100,SAFE,,10,,t303_0,0.71,NORMAL,LOCAL,SAFE: all tasks permitted (weight=0.71),
1771434250.726,0.0,,,,,,,,,,,,,,,0.9100,SAFE,,10,,t303_1,0.78,LOW,LOCAL,SAFE: all tasks permitted (weight=0.78),
1771434250.726,0.0,59.48,4.5397,1.986,99.0,21,-887.751,4.77173,0.01216,1.0000,0.0000,1.0000,0.0000,0.1216,0.9930,0.4608,CRITICAL,True,10,0,,,,,,
1771434250.726,0.0,,,,,,,,,,,,,,,0.4608,SAFE,,10,,t304_0,0.56,LOW,LOCAL,SAFE: all tasks permitted (weight=0.56),
1771434250.726,0.0,59.37,4.5290,1.986,99.0,20,,,0.01222,1.0000,0.0000,1.0000,0.0000,0.1222,0.9930,0.4608,CRITICAL,True,10,0,,,,,,
1771434250.726,0.0,,,,,,,,,,,,,,,0.4608,SAFE,,10,,t305_0,0.59,LOW,LOCAL,SAFE: all tasks permitted (weight=0.59),
1771434250.726,0.0,,,,,,,,,,,,,,,0.4608,SAFE,,10,,t305_1,0.62,NORMAL,LOCAL,SAFE: all tasks permitted (weight=0.62),
1771434250.726,0.0,59.39,4.5155,1.986,99.0,21,,,0.01413,1.0000,0.0000,1.0000,0.0000,0.1413,0.9930,0.4627,CRITICAL,True,10,0,,,,,,
1771434250.726,0.0,,,,,,,,,,,,,,,0.4627,SAFE,,10,,t306_0,0.28,NORMAL,LOCAL,SAFE: all tasks permitted (weight=0.28),
1771434250.726,0.0,,,,,,,,,,,,,,,0.4627,SAFE,,10,,t306_1,0.44,CRITICAL,LOCAL,SAFE: all tasks permitted (weight=0.44),
1771434250.726,0.0,60.05,4.5336,1.986,99.0,21,,,0.01284,1.0000,0.0000,1.0000,0.0000,0.1284,0.9930,0.4614,CRITICAL,True,10,0,,,,,,
1771434250.726,0.0,,,,,,,,,,,,,,,0.4614,SAFE,,10,,t307_0,0.90,NORMAL,LOCAL,SAFE: all tasks permitted (weight=0.90),
1771434250.726,0.0,,,,,,,,,,,,,,,0.4614,SAFE,,10,,t307_1,0.42,CRITICAL,LOCAL,SAFE: all tasks permitted (weight=0.42),
1771434250.726,0.0,59.33,4.5643,1.986,99.0,22,,,0.01462,1.0000,0.0000,0.9522,0.0000,0.1462,0.9930,0.4570,CRITICAL,True,10,0,,,,,,
1771434250.726,0.0,,,,,,,,,,,,,,,0.4570,SAFE,,10,,t308_0,0.26,NORMAL,LOCAL,SAFE: all tasks permitted (weight=0.26),
1771434250.726,0.0,59.91,4.5642,1.986,99.0,21,,,0.01597,1.0000,0.0000,0.9527,0.0000,0.1597,0.9930,0.4584,CRITICAL,True,10,0,,,,,,
1771434250.726,0.0,59.77,4.5648,1.986,99.0,19,,,0.01680,1.0000,0.0000,0.9506,0.0000,0.1680,0.9780,0.4560,CRITICAL,True,10,0,,,,,,
1771434250.726,0.0,,,,,,,,,,,,,,,0.4560,SAFE,,10,,t310_0,0.83,LOW,LOCAL,SAFE: all tasks permitted (weight=0.83),
1771434250.726,0.0,,,,,,,,,,,,,,,0.4560,SAFE,,10,,t310_1,0.87,NORMAL,LOCAL,SAFE: all tasks permitted (weight=0.87),
1771434250.726,0.0,60.06,4.5486,1.986,99.0,21,,,0.01526,1.0000,0.0000,1.0000,0.0000,0.1526,0.9930,0.4639,CRITICAL,True,10,0,,,,,,window_reset|B=10
1771434250.726,0.0,,,,,,,,,,,,,,,0.4639,SAFE,,10,,t311_0,0.23,NORMAL,LOCAL,SAFE: all tasks permitted (weight=0.23),
1771434250.726,0.0,59.81,4.5376,1.986,99.0,20,,,0.01542,1.0000,0.0000,1.0000,0.0000,0.1542,0.9930,0.4640,CRITICAL,True,10,0,,,,,,
1771434250.726,0.0,,,,,,,,,,,,,,,0.4640,SAFE,,10,,t312_0,0.50,LOW,LOCAL,SAFE: all tasks permitted (weight=0.50),
1771434250.726,0.0,59.16,4.5580,1.986,99.0,19,,,0.01568,1.0000,0.0000,0.9732,0.0000,0.1568,0.9780,0.4578,CRITICAL,True,10,0,,,,,,
1771434250.726,0.0,,,,,,,,,,,,,,,0.4578,SAFE,,10,,t313_0,0.47,LOW,LOCAL,SAFE: all tasks permitted (weight=0.47),
1771434250.726,0.0,,,,,,,,,,,,,,,0.4578,SAFE,,10,,t313_1,0.62,LOW,LOCAL,SAFE: all tasks permitted (weight=0.62),
1771434250.726,0.0,,,,,,,,,,,,,,,0.4578,SAFE,,10,,t313_2,0.83,HIGH,LOCAL,SAFE: all tasks permitted (weight=0.83),
1771434250.726,0.0,59.62,4.5634,1.986,99.0,22,,,0.01572,1.0000,0.0000,0.9553,0.0000,0.1572,0.9930,0.4585,CRITICAL,True,10,0,,,,,,
1771434250.726,0.0,,,,,,,,,,,,,,,0.4585,SAFE,,10,,t314_0,0.26,LOW,LOCAL,SAFE: all tasks permitted (weight=0.26),
1771434250.726,0.0,,,,,,,,,,,,,,,0.4585,SAFE,,10,,t314_1,0.25,NORMAL,LOCAL,SAFE: all tasks permitted (weight=0.25),
1771434250.726,0.0,60.19,4.6009,1.986,99.0,21,,,0.02159,1.0000,0.0000,0.8305,0.0000,0.2159,0.9930,0.4481,CRITICAL,True,10,0,,,,,,
1771434250.727,0.0,,,,,,,,,,,,,,,0.4481,SAFE,,10,,t315_0,0.52,LOW,LOCAL,SAFE: all tasks permitted (weight=0.52),
1771434250.727,0.0,,,,,,,,,,,,,,,0.4481,SAFE,,10,,t315_1,0.68,HIGH,LOCAL,SAFE: all tasks permitted (weight=0.68),
1771434250.727,0.0,,,,,,,,,,,,,,,0.4481,SAFE,,10,,t315_2,0.36,HIGH,LOCAL,SAFE: all tasks permitted (weight=0.36),
1771434250.727,0.0,59.56,4.4898,1.986,99.0,22,13941.294,-74.28187,0.02749,1.0000,1.0000,1.0000,1.0000,0.2749,0.9930,0.9261,CRITICAL,True,10,0,,,,,,
1771434250.727,0.0,,,,,,,,,,,,,,,0.9261,SAFE,,10,,t316_0,0.38,NORMAL,LOCAL,SAFE: all tasks permitted (weight=0.38),
1771434250.727,0.0,,,,,,,,,,,,,,,0.9261,SAFE,,10,,t316_1,0.49,CRITICAL,LOCAL,SAFE: all tasks permitted (weight=0.49),
1771434250.727,0.0,,,,,,,,,,,,,,,0.9261,SAFE,,10,,t316_2,0.25,NORMAL,LOCAL,SAFE: all tasks permitted (weight=0.25),
1771434250.727,0.0,59.79,4.5313,1.986,99.0,23,-6872.318,-32.78498,0.02737,1.0000,0.0000,1.0000,1.0000,0.2737,0.9930,0.6760,CRITICAL,True,10,0,,,,,,
1771434250.727,0.0,,,,,,,,,,,,,,,0.6760,SAFE,,10,,t317_0,0.38,HIGH,LOCAL,SAFE: all tasks permitted (weight=0.38),
1771434250.727,0.0,,,,,,,,,,,,,,,0.6760,SAFE,,10,,t317_1,0.21,HIGH,LOCAL,SAFE: all tasks permitted (weight=0.21),
1771434250.727,0.0,60.07,4.5556,1.986,99.0,22,17888.897,-9.16075,0.02562,1.0000,1.0000,0.9812,1.0000,0.2562,0.9930,0.9218,CRITICAL,True,10,0,,,,,,
1771434250.727,0.0,,,,,,,,,,,,,,,0.9218,SAFE,,10,,t318_0,0.19,CRITICAL,LOCAL,SAFE: all tasks permitted (weight=0.19),
1771434250.727,0.0,59.49,4.5226,1.986,99.0,21,-34176.770,-25.87822,0.02641,1.0000,0.0000,1.0000,1.0000,0.2641,0.9930,0.6750,CRITICAL,True,10,0,,,,,,
1771434250.727,0.0,,,,,,,,,,,,,,,0.6750,SAFE,,10,,t319_0,0.24,CRITICAL,LOCAL,SAFE: all tasks permitted (weight=0.24),
1771434250.727,0.0,60.01,4.5030,1.986,99.0,20,12045.751,-34.48379,0.02897,1.0000,1.0000,1.0000,1.0000,0.2897,0.9930,0.9276,CRITICAL,True,10,0,,,,,,
1771434250.727,0.0,,,,,,,,,,,,,,,0.9276,SAFE,,10,,t320_0,0.29,LOW,LOCAL,SAFE: all tasks permitted (weight=0.29),
1771434250.727,0.0,59.71,4.5578,1.986,99.0,19,32733.750,-0.21857,0.02867,1.0000,1.0000,0.9739,0.4371,0.2867,0.9780,0.8083,CRITICAL,True,10,0,,,,,,
1771434250.727,0.0,,,,,,,,,,,,,,,0.8083,SAFE,,10,,t321_0,0.28,CRITICAL,LOCAL,SAFE: all tasks permitted (weight=0.28),
1771434250.727,0.0,,,,,,,,,,,,,,,0.8083,SAFE,,10,,t321_1,0.56,HIGH,LOCAL,SAFE: all tasks permitted (weight=0.56),
1771434250.727,0.0,59.08,4.5340,1.986,99.0,19,-32203.810,-29.29431,0.02810,1.0000,0.0000,1.0000,1.0000,0.2810,0.9780,0.6737,CRITICAL,True,10,0,,,,,,
1771434250.727,0.0,,,,,,,,,,,,,,,0.6737,SAFE,,10,,t322_0,0.24,NORMAL,LOCAL,SAFE: all tasks permitted (weight=0.24),
1771434250.727,0.0,,,,,,,,,,,,,,,0.6737,SAFE,,10,,t322_1,0.35,CRITICAL,LOCAL,SAFE: all tasks permitted (weight=0.35),
1771434250.727,0.0,60.21,4.5700,1.986,99.0,19,1221.548,-30.74054,0.02914,1.0000,1.0000,0.9333,1.0000,0.2914,0.9780,0.9161,CRITICAL,True,10,0,,,,,,
1771434250.727,0.0,,,,,,,,,,,,,,,0.9161,SAFE,,10,,t323_0,0.85,NORMAL,LOCAL,SAFE: all tasks permitted (weight=0.85),
1771434250.727,0.0,,,,,,,,,,,,,,,0.9161,SAFE,,10,,t323_1,0.44,NORMAL,LOCAL,SAFE: all tasks permitted (weight=0.44),
1771434250.727,0.0,59.60,4.5765,1.986,99.0,20,,,0.03042,1.0000,0.0000,0.9117,0.0000,0.3042,0.9930,0.4675,CRITICAL,True,10,0,,,,,,window_reset|B=10
1771434250.727,0.0,,,,,,,,,,,,,,,0.4675,SAFE,,10,,t324_0,0.30,NORMAL,LOCAL,SAFE: all tasks permitted (weight=0.30),
1771434250.727,0.0,,,,,,,,,,,,,,,0.4675,SAFE,,10,,t324_1,0.66,HIGH,LOCAL,SAFE: all tasks permitted (weight=0.66),
1771434250.727,0.0,59.94,4.5473,1.986,99.0,20,,,0.03023,1.0000,0.0000,1.0000,0.0000,0.3023,0.9930,0.4788,CRITICAL,True,10,0,,,,,,
1771434250.727,0.0,,,,,,,,,,,,,,,0.4788,SAFE,,10,,t325_0,0.81,NORMAL,LOCAL,SAFE: all tasks permitted (weight=0.81),
1771434250.727,0.0,,,,,,,,,,,,,,,0.4788,SAFE,,10,,t325_1,0.57,NORMAL,LOCAL,SAFE: all tasks permitted (weight=0.57),
1771434250.727,0.0,60.21,4.5814,1.986,99.0,22,,,0.03148,1.0000,0.0000,0.8952,0.0000,0.3148,0.9930,0.4665,CRITICAL,True,10,0,,,,,,
1771434250.727,0.0,,,,,,,,,,,,,,,0.4665,SAFE,,10,,t326_0,0.41,NORMAL,LOCAL,SAFE: all tasks permitted (weight=0.41),
1771434250.727,0.0,,,,,,,,,,,,,,,0.4665,SAFE,,10,,t326_1,0.48,NORMAL,LOCAL,SAFE: all tasks permitted (weight=0.48),
1771434250.727,0.0,59.27,4.5640,1.986,99.0,22,,,0.02770,1.0000,0.0000,0.9532,0.0000,0.2770,0.9930,0.4702,CRITICAL,True,10,0,,,,,,
1771434250.727,0.0,,,,,,,,,,,,,,,0.4702,SAFE,,10,,t327_0,0.69,LOW,LOCAL,SAFE: all tasks permitted (weight=0.69),
1771434250.727,0.0,59.99,4.5456,1.986,99.0,21,,,0.02229,1.0000,0.0000,1.0000,0.0000,0.2229,0.9930,0.4709,CRITICAL,True,10,0,,,,,,
1771434250.727,0.0,,,,,,,,,,,,,,,0.4709,SAFE,,10,,t328_0,0.25,LOW,LOCAL,SAFE: all tasks permitted (weight=0.25),
1771434250.727,0.0,,,,,,,,,,,,,,,0.4709,SAFE,,10,,t328_1,0.79,HIGH,LOCAL,SAFE: all tasks permitted (weight=0.79),
1771434250.727,0.0,59.87,4.5734,1.986,99.0,22,,,0.02252,1.0000,0.0000,0.9222,0.0000,0.2252,0.9930,0.4610,CRITICAL,True,10,0,,,,,,
1771434250.727,0.0,,,,,,,,,,,,,,,0.4610,SAFE,,10,,t329_0,0.39,NORMAL,LOCAL,SAFE: all tasks permitted (weight=0.39),
1771434250.727,0.0,59.39,4.5555,1.986,99.0,21,,,0.02251,1.0000,0.0000,0.9818,0.0000,0.2251,0.9930,0.4687,CRITICAL,True,10,0,,,,,,
1771434250.727,0.0,,,,,,,,,,,,,,,0.4687,SAFE,,10,,t330_0,0.60,NORMAL,LOCAL,SAFE: all tasks permitted (weight=0.60),
1771434250.727,0.0,,,,,,,,,,,,,,,0.4687,SAFE,,10,,t330_1,0.84,NORMAL,LOCAL,SAFE: all tasks permitted (weight=0.84),
1771434250.727,0.0,,,,,,,,,,,,,,,0.4687,SAFE,,10,,t330_2,0.79,NORMAL,LOCAL,SAFE: all tasks permitted (weight=0.79),
1771434250.727,0.0,59.98,4.5581,1.986,99.0,24,,,0.02063,1.0000,0.0000,0.9729,0.0000,0.2063,0.9930,0.4657,CRITICAL,True,10,0,,,,,,
1771434250.727,0.0,,,,,,,,,,,,,,,0.4657,SAFE,,10,,t331_0,0.44,LOW,LOCAL,SAFE: all tasks permitted (weight=0.44),
1771434250.727,0.0,,,,,,,,,,,,,,,0.4657,SAFE,,10,,t331_1,0.75,HIGH,LOCAL,SAFE: all tasks permitted (weight=0.75),
1771434250.727,0.0,,,,,,,,,,,,,,,0.4657,SAFE,,10,,t331_2,0.23,HIGH,LOCAL,SAFE: all tasks permitted (weight=0.23),
1771434250.727,0.0,60.26,4.5395,1.986,99.0,25,,,0.01442,1.0000,0.0000,1.0000,0.0000,0.1442,0.9930,0.4630,CRITICAL,True,10,0,,,,,,
1771434250.728,0.0,,,,,,,,,,,,,,,0.4630,SAFE,,10,,t332_0,0.60,LOW,LOCAL,SAFE: all tasks permitted (weight=0.60),
1771434250.728,0.0,,,,,,,,,,,,,,,0.4630,SAFE,,10,,t332_1,0.83,LOW,LOCAL,SAFE: all tasks permitted (weight=0.83),
1771434250.728,0.0,,,,,,,,,,,,,,,0.4630,SAFE,,10,,t332_2,0.73,HIGH,LOCAL,SAFE: all tasks permitted (weight=0.73),
1771434250.728,0.0,59.55,4.5263,1.986,99.0,27,-23348.178,-21.07295,0.01697,1.0000,0.0000,1.0000,1.0000,0.1697,0.9930,0.6656,CRITICAL,True,10,0,,,,,,
1771434250.728,0.0,,,,,,,,,,,,,,,0.6656,SAFE,,10,,t333_0,0.30,LOW,LOCAL,SAFE: all tasks permitted (weight=0.30),
1771434250.728,0.0,,,,,,,,,,,,,,,0.6656,SAFE,,10,,t333_1,0.23,HIGH,LOCAL,SAFE: all tasks permitted (weight=0.23),
1771434250.728,0.0,,,,,,,,,,,,,,,0.6656,SAFE,,10,,t333_2,0.44,CRITICAL,LOCAL,SAFE: all tasks permitted (weight=0.44),
1771434250.728,0.0,59.51,4.5713,1.986,99.0,27,-42274.094,-10.13641,0.01606,1.0000,0.0000,0.9290,1.0000,0.1606,0.9930,0.6554,CRITICAL,True,10,0,,,,,,
1771434250.728,0.0,,,,,,,,,,,,,,,0.6554,SAFE,,10,,t334_0,0.56,HIGH,LOCAL,SAFE: all tasks permitted (weight=0.56),
1771434250.728,0.0,,,,,,,,,,,,,,,0.6554,SAFE,,10,,t334_1,0.74,NORMAL,LOCAL,SAFE: all tasks permitted (weight=0.74),
1771434250.728,0.0,60.12,4.5854,1.986,99.0,27,50890.200,21.36284,0.01743,1.0000,1.0000,0.8821,0.0000,0.1743,0.9930,0.7007,CRITICAL,True,10,0,,,,,,
1771434250.728,0.0,,,,,,,,,,,,,,,0.7007,SAFE,,10,,t335_0,0.59,NORMAL,LOCAL,SAFE: all tasks permitted (weight=0.59),
1771434250.728,0.0,,,,,,,,,,,,,,,0.7007,SAFE,,10,,t335_1,0.74,HIGH,LOCAL,SAFE: all tasks permitted (weight=0.74),
1771434250.728,0.0,59.48,4.5255,1.986,99.0,28,-31139.726,-20.12206,0.01912,1.0000,0.0000,1.0000,1.0000,0.1912,0.9930,0.6677,CRITICAL,True,10,0,,,,,,
1771434250.728,0.0,,,,,,,,,,,,,,,0.6677,SAFE,,10,,t336_0,0.87,NORMAL,LOCAL,SAFE: all tasks permitted (weight=0.87),
1771434250.728,0.0,,,,,,,,,,,,,,,0.6677,SAFE,,10,,t336_1,0.56,LOW,LOCAL,SAFE: all tasks permitted (weight=0.56),
1771434250.728,0.0,60.22,4.5585,1.986,99.0,28,20870.530,-14.87429,0.01894,1.0000,1.0000,0.9717,1.0000,0.1894,0.9930,0.9139,CRITICAL,True,10,0,,,,,,window_reset|B=10
1771434250.728,0.0,,,,,,,,,,,,,,,0.9139,SAFE,,10,,t337_0,0.67,NORMAL,LOCAL,SAFE: all tasks permitted (weight=0.67),
1771434250.728,0.0,,,,,,,,,,,,,,,0.9139,SAFE,,10,,t337_1,0.74,NORMAL,LOCAL,SAFE: all tasks permitted (weight=0.74),
1771434250.728,0.0,59.97,4.5751,1.986,99.0,29,34751.157,19.60356,0.01833,1.0000,1.0000,0.9165,0.0000,0.1833,0.9930,0.7061,CRITICAL,True,10,0,,,,,,
1771434250.728,0.0,,,,,,,,,,,,,,,0.7061,SAFE,,10,,t338_0,0.84,NORMAL,LOCAL,SAFE: all tasks permitted (weight=0.84),
1771434250.728,0.0,,,,,,,,,,,,,,,0.7061,SAFE,,10,,t338_1,0.51,LOW,LOCAL,SAFE: all tasks permitted (weight=0.51),
1771434250.728,0.0,,,,,,,,,,,,,,,0.7061,SAFE,,10,,t338_2,0.62,NORMAL,LOCAL,SAFE: all tasks permitted (weight=0.62),
1771434250.728,0.0,59.72,4.5380,1.986,99.0,31,-15788.080,-20.12738,0.01884,1.0000,0.0000,1.0000,1.0000,0.1884,0.9930,0.6674,CRITICAL,True,10,0,,,,,,
1771434250.728,0.0,,,,,,,,,,,,,,,0.6674,SAFE,,10,,t339_0,0.44,HIGH,LOCAL,SAFE: all tasks permitted (weight=0.44),
1771434250.728,0.0,,,,,,,,,,,,,,,0.6674,SAFE,,10,,t339_1,0.32,LOW,LOCAL,SAFE: all tasks permitted (weight=0.32),
1771434250.728,0.0,59.88,4.5380,1.986,99.0,30,-22737.983,-1.55313,0.01925,1.0000,0.0000,1.0000,1.0000,0.1925,0.9930,0.6678,CRITICAL,True,10,0,,,,,,
1771434250.728,0.0,,,,,,,,,,,,,,,0.6678,SAFE,,10,,t340_0,0.28,NORMAL,LOCAL,SAFE: all tasks permitted (weight=0.28),
1771434250.728,0.0,,,,,,,,,,,,,,,0.6678,SAFE,,10,,t340_1,0.17,NORMAL,LOCAL,SAFE: all tasks permitted (weight=0.17),
1771434250.728,0.0,59.72,4.5522,1.986,99.0,29,,,0.01831,1.0000,0.0000,0.9927,0.0000,0.1831,0.9930,0.4660,CRITICAL,True,10,0,,,,,,
1771434250.728,0.0,,,,,,,,,,,,,,,0.4660,SAFE,,10,,t341_0,0.62,LOW,LOCAL,SAFE: all tasks permitted (weight=0.62),
1771434250.728,0.0,,,,,,,,,,,,,,,0.4660,SAFE,,10,,t341_1,0.89,LOW,LOCAL,SAFE: all tasks permitted (weight=0.89),
1771434250.728,0.0,59.80,4.5632,1.986,99.0,29,,,0.01856,1.0000,0.0000,0.9559,0.0000,0.1856,0.9930,0.4614,CRITICAL,True,10,0,,,,,,
1771434250.728,0.0,,,,,,,,,,,,,,,0.4614,SAFE,,10,,t342_0,0.15,LOW,LOCAL,SAFE: all tasks permitted (weight=0.15),
1771434250.728,0.0,59.90,4.5843,1.986,99.0,28,,,0.02052,1.0000,0.0000,0.8857,0.0000,0.2052,0.9930,0.4543,CRITICAL,True,10,0,,,,,,
1771434250.728,0.0,60.23,4.5579,1.986,99.0,26,,,0.02000,1.0000,0.0000,0.9736,0.0000,0.2000,0.9930,0.4652,CRITICAL,True,10,0,,,,,,
1771434250.728,0.0,,,,,,,,,,,,,,,0.4652,SAFE,,10,,t344_0,0.44,NORMAL,LOCAL,SAFE: all tasks permitted (weight=0.44),
1771434250.728,0.0,,,,,,,,,,,,,,,0.4652,SAFE,,10,,t344_1,0.21,NORMAL,LOCAL,SAFE: all tasks permitted (weight=0.21),
1771434250.728,0.0,,,,,,,,,,,,,,,0.4652,SAFE,,10,,t344_2,0.31,CRITICAL,LOCAL,SAFE: all tasks permitted (weight=0.31),
1771434250.728,0.0,59.62,4.5665,1.986,99.0,26,,,0.01796,1.0000,0.0000,0.9449,0.0000,0.1796,0.9930,0.4594,CRITICAL,True,10,0,,,,,,
1771434250.728,0.0,,,,,,,,,,,,,,,0.4594,SAFE,,10,,t345_0,0.67,NORMAL,LOCAL,SAFE: all tasks permitted (weight=0.67),
1771434250.728,0.0,,,,,,,,,,,,,,,0.4594,SAFE,,10,,t345_1,0.53,HIGH,LOCAL,SAFE: all tasks permitted (weight=0.53),
1771434250.728,0.0,,,,,,,,,,,,,,,0.4594,SAFE,,10,,t345_2,0.34,NORMAL,LOCAL,SAFE: all tasks permitted (weight=0.34),
1771434250.728,0.0,59.68,4.5252,1.986,99.0,27,,,0.01989,1.0000,0.0000,1.0000,0.0000,0.1989,0.9930,0.4685,CRITICAL,True,10,0,,,,,,
1771434250.728,0.0,,,,,,,,,,,,,,,0.4685,SAFE,,10,,t346_0,0.36,NORMAL,LOCAL,SAFE: all tasks permitted (weight=0.36),
1771434250.728,0.0,59.18,4.5590,1.986,99.0,25,,,0.01785,1.0000,0.0000,0.9699,0.0000,0.1785,0.9930,0.4625,CRITICAL,True,10,0,,,,,,
1771434250.728,0.0,,,,,,,,,,,,,,,0.4625,SAFE,,10,,t347_0,0.77,CRITICAL,LOCAL,SAFE: all tasks permitted (weight=0.77),
1771434250.728,0.0,,,,,,,,,,,,,,,0.4625,SAFE,,10,,t347_1,0.42,LOW,LOCAL,SAFE: all tasks permitted (weight=0.42),
1771434250.728,0.0,,,,,,,,,,,,,,,0.4625,SAFE,,10,,t347_2,0.51,NORMAL,LOCAL,SAFE: all tasks permitted (weight=0.51),
1771434250.728,0.0,59.97,4.5711,1.986,99.0,27,,,0.01624,1.0000,0.0000,0.9295,0.0000,0.1624,0.9930,0.4557,CRITICAL,True,10,0,,,,,,
1771434250.729,0.0,,,,,,,,,,,,,,,0.4557,SAFE,,10,,t348_0,0.79,NORMAL,LOCAL,SAFE: all tasks permitted (weight=0.79),
1771434250.729,0.0,,,,,,,,,,,,,,,0.4557,SAFE,,10,,t348_1,0.45,NORMAL,LOCAL,SAFE: all tasks permitted (weight=0.45),
1771434250.729,0.0,,,,,,,,,,,,,,,0.4557,SAFE,,10,,t348_2,0.74,HIGH,LOCAL,SAFE: all tasks permitted (weight=0.74),
1771434250.729,0.0,60.20,4.5648,1.986,99.0,29,29217.983,12.65066,0.01637,1.0000,1.0000,0.9505,0.0000,0.1637,0.9930,0.7085,CRITICAL,True,10,0,,,,,,
1771434250.729,0.0,,,,,,,,,,,,,,,0.7085,SAFE,,10,,t349_0,0.83,LOW,LOCAL,SAFE: all tasks permitted (weight=0.83),
1771434250.729,0.0,,,,,,,,,,,,,,,0.7085,SAFE,,10,,t349_1,0.41,HIGH,LOCAL,SAFE: all tasks permitted (weight=0.41),
1771434250.729,0.0,59.37,4.5502,1.986,99.0,29,-25567.497,-12.99115,0.01563,1.0000,0.0000,0.9992,1.0000,0.1563,0.9930,0.6641,CRITICAL,True,10,0,,,,,,window_reset|B=10
1771434250.729,0.0,,,,,,,,,,,,,,,0.6641,SAFE,,10,,t350_0,0.39,NORMAL,LOCAL,SAFE: all tasks permitted (weight=0.39),
1771434250.729,0.0,,,,,,,,,,,,,,,0.6641,SAFE,,10,,t350_1,0.74,LOW,LOCAL,SAFE: all tasks permitted (weight=0.74),
1771434250.729,0.0,,,,,,,,,,,,,,,0.6641,SAFE,,10,,t350_2,0.77,NORMAL,LOCAL,SAFE: all tasks permitted (weight=0.77),
1771434250.729,0.0,60.02,4.5634,1.986,99.0,30,6982.495,-20.89251,0.01476,1.0000,1.0000,0.9553,1.0000,0.1476,0.9930,0.9076,CRITICAL,True,10,0,,,,,,
1771434250.729,0.0,59.56,4.5287,1.986,99.0,28,-39814.412,-29.24152,0.01598,1.0000,0.0000,1.0000,1.0000,0.1598,0.9930,0.6646,CRITICAL,True,10,0,,,,,,
1771434250.729,0.0,,,,,,,,,,,,,,,0.6646,SAFE,,10,,t352_0,0.90,NORMAL,LOCAL,SAFE: all tasks permitted (weight=0.90),
1771434250.729,0.0,59.81,4.5573,1.986,99.0,28,11599.662,-9.20832,0.01591,1.0000,1.0000,0.9756,1.0000,0.1591,0.9930,0.9113,CRITICAL,True,10,0,,,,,,
1771434250.729,0.0,,,,,,,,,,,,,,,0.9113,SAFE,,10,,t353_0,0.65,CRITICAL,LOCAL,SAFE: all tasks permitted (weight=0.65),
1771434250.729,0.0,59.92,4.5611,1.986,99.0,27,14372.552,35.91527,0.01586,1.0000,1.0000,0.9630,0.0000,0.1586,0.9930,0.7097,CRITICAL,True,10,0,,,,,,
1771434250.729,0.0,,,,,,,,,,,,,,,0.7097,SAFE,,10,,t354_0,0.52,CRITICAL,LOCAL,SAFE: all tasks permitted (weight=0.52),
1771434250.729,0.0,59.45,4.5474,1.986,99.0,26,15653.665,-11.58814,0.01380,1.0000,1.0000,1.0000,1.0000,0.1380,0.9930,0.9124,CRITICAL,True,10,0,,,,,,
1771434250.729,0.0,,,,,,,,,,,,,,,0.9124,SAFE,,10,,t355_0,0.41,NORMAL,LOCAL,SAFE: all tasks permitted (weight=0.41),
1771434250.729,0.0,,,,,,,,,,,,,,,0.9124,SAFE,,10,,t355_1,0.17,HIGH,LOCAL,SAFE: all tasks permitted (weight=0.17),
1771434250.729,0.0,59.38,4.5485,1.986,99.0,25,-35918.637,-22.65390,0.01385,1.0000,0.0000,1.0000,1.0000,0.1385,0.9930,0.6624,CRITICAL,True,10,0,,,,,,
1771434250.729,0.0,,,,,,,,,,,,,,,0.6624,SAFE,,10,,t356_0,0.34,LOW,LOCAL,SAFE: all tasks permitted (weight=0.34),
1771434250.729,0.0,,,,,,,,,,,,,,,0.6624,SAFE,,10,,t356_1,0.18,NORMAL,LOCAL,SAFE: all tasks permitted (weight=0.18),
1771434250.729,0.0,60.08,4.5747,1.986,99.0,24,,,0.01464,1.0000,0.0000,0.9178,0.0000,0.1464,0.9930,0.4526,CRITICAL,True,10,0,,,,,,
1771434250.729,0.0,,,,,,,,,,,,,,,0.4526,SAFE,,10,,t357_0,0.84,LOW,LOCAL,SAFE: all tasks permitted (weight=0.84),
1771434250.729,0.0,59.40,4.5213,1.986,99.0,24,,,0.01530,1.0000,0.0000,1.0000,0.0000,0.1530,0.9930,0.4639,CRITICAL,True,10,0,,,,,,
1771434250.729,0.0,,,,,,,,,,,,,,,0.4639,SAFE,,10,,t358_0,0.75,LOW,LOCAL,SAFE: all tasks permitted (weight=0.75),
1771434250.729,0.0,,,,,,,,,,,,,,,0.4639,SAFE,,10,,t358_1,0.46,NORMAL,LOCAL,SAFE: all tasks permitted (weight=0.46),
1771434250.729,0.0,,,,,,,,,,,,,,,0.4639,SAFE,,10,,t358_2,0.25,HIGH,LOCAL,SAFE: all tasks permitted (weight=0.25),
1771434250.729,0.0,59.77,4.5779,1.986,99.0,25,,,0.01665,1.0000,0.0000,0.9068,0.0000,0.1665,0.9930,0.4531,CRITICAL,True,10,0,,,,,,
1771434250.729,0.0,,,,,,,,,,,,,,,0.4531,SAFE,,10,,t359_0,0.79,NORMAL,LOCAL,SAFE: all tasks permitted (weight=0.79),
1771434250.729,0.0,59.52,4.5758,1.986,99.0,25,,,0.01706,1.0000,0.0000,0.9141,0.0000,0.1706,0.9930,0.4545,CRITICAL,True,10,0,,,,,,
1771434250.729,0.0,,,,,,,,,,,,,,,0.4545,SAFE,,10,,t360_0,0.42,LOW,LOCAL,SAFE: all tasks permitted (weight=0.42),
1771434250.729,0.0,,,,,,,,,,,,,,,0.4545,SAFE,,10,,t360_1,0.26,NORMAL,LOCAL,SAFE: all tasks permitted (weight=0.26),
1771434250.729,0.0,,,,,,,,,,,,,,,0.4545,SAFE,,10,,t360_2,0.58,NORMAL,LOCAL,SAFE: all tasks permitted (weight=0.58),
1771434250.729,0.0,59.96,4.5678,1.986,99.0,26,,,0.01721,1.0000,0.0000,0.9407,0.0000,0.1721,0.9930,0.4581,CRITICAL,True,10,0,,,,,,
1771434250.729,0.0,,,,,,,,,,,,,,,0.4581,SAFE,,10,,t361_0,0.90,LOW,LOCAL,SAFE: all tasks permitted (weight=0.90),
1771434250.729,0.0,,,,,,,,,,,,,,,0.4581,SAFE,,10,,t361_1,0.88,HIGH,LOCAL,SAFE: all tasks permitted (weight=0.88),
1771434250.729,0.0,,,,,,,,,,,,,,,0.4581,SAFE,,10,,t361_2,0.66,CRITICAL,LOCAL,SAFE: all tasks permitted (weight=0.66),
1771434250.729,0.0,59.58,4.5633,1.986,99.0,28,,,0.01721,1.0000,0.0000,0.9556,0.0000,0.1721,0.9930,0.4600,CRITICAL,True,10,0,,,,,,
1771434250.729,0.0,,,,,,,,,,,,,,,0.4600,SAFE,,10,,t362_0,0.64,HIGH,LOCAL,SAFE: all tasks permitted (weight=0.64),
1771434250.729,0.0,,,,,,,,,,,,,,,0.4600,SAFE,,10,,t362_1,0.35,NORMAL,LOCAL,SAFE: all tasks permitted (weight=0.35),
1771434250.729,0.0,60.22,4.5718,1.986,99.0,28,,,0.01761,1.0000,0.0000,0.9274,0.0000,0.1761,0.9930,0.4568,CRITICAL,True,10,0,,,,,,window_reset|B=10
1771434250.729,0.0,,,,,,,,,,,,,,,0.4568,SAFE,,10,,t363_0,0.80,NORMAL,LOCAL,SAFE: all tasks permitted (weight=0.80),
1771434250.729,0.0,,,,,,,,,,,,,,,0.4568,SAFE,,10,,t363_1,0.40,HIGH,LOCAL,SAFE: all tasks permitted (weight=0.40),
1771434250.729,0.0,60.10,4.5757,1.986,99.0,28,,,0.01579,1.0000,0.0000,0.9143,0.0000,0.1579,0.9930,0.4533,CRITICAL,True,10,0,,,,,,
1771434250.729,0.0,,,,,,,,,,,,,,,0.4533,SAFE,,10,,t364_0,0.51,NORMAL,LOCAL,SAFE: all tasks permitted (weight=0.51),
1771434250.729,0.0,59.33,4.5431,1.986,99.0,27,,,0.01660,1.0000,0.0000,1.0000,0.0000,0.1660,0.9930,0.4652,CRITICAL,True,10,0,,,,,,
1771434250.729,0.0,,,,,,,,,,,,,,,0.4652,SAFE,,10,,t365_0,0.22,HIGH,LOCAL,SAFE: all tasks permitted (weight=0.22),
1771434250.729,0.0,,,,,,,,,,,,,,,0.4652,SAFE,,10,,t365_1,0.22,NORMAL,LOCAL,SAFE: all tasks permitted (weight=0.22),
1771434250.729,0.0,59.63,4.5638,1.986,99.0,26,,,0.01662,1.0000,0.0000,0.9540,0.0000,0.1662,0.9930,0.4592,CRITICAL,True,10,0,,,,,,
1771434250.729,0.0,,,,,,,,,,,,,,,0.4592,SAFE,,10,,t366_0,0.65,NORMAL,LOCAL,SAFE: all tasks permitted (weight=0.65),
1771434250.729,0.0,59.45,4.5201,1.986,99.0,25,,,0.01987,1.0000,0.0000,1.0000,0.0000,0.1987,0.9930,0.4685,CRITICAL,True,10,0,,,,,,
1771434250.729,0.0,59.56,4.4924,1.986,99.0,24,,,0.02703,1.0000,0.0000,1.0000,0.0000,0.2703,0.9930,0.4756,CRITICAL,True,10,0,,,,,,
1771434250.729,0.0,,,,,,,,,,,,,,,0.4756,SAFE,,10,,t368_0,0.45,NORMAL,LOCAL,SAFE: all tasks permitted (weight=0.45),
1771434250.729,0.0,59.46,4.5771,1.986,99.0,23,,,0.02719,1.0000,0.0000,0.9098,0.0000,0.2719,0.9930,0.4641,CRITICAL,True,10,0,,,,,,
1771434250.729,0.0,59.58,4.5400,1.986,99.0,21,,,0.02576,1.0000,0.0000,1.0000,0.0000,0.2576,0.9930,0.4744,CRITICAL,True,10,0,,,,,,
1771434250.729,0.0,,,,,,,,,,,,,,,0.4744,SAFE,,10,,t370_0,0.55,HIGH,LOCAL,SAFE: all tasks permitted (weight=0.55),
1771434250.729,0.0,,,,,,,,,,,,,,,0.4744,SAFE,,10,,t370_1,0.17,LOW,LOCAL,SAFE: all tasks permitted (weight=0.17),
1771434250.729,0.0,59.86,4.5348,1.986,99.0,21,,,0.02542,1.0000,0.0000,1.0000,0.0000,0.2542,0.9930,0.4740,CRITICAL,True,10,0,,,,,,
1771434250.729,0.0,,,,,,,,,,,,,,,0.4740,SAFE,,10,,t371_0,0.85,NORMAL,LOCAL,SAFE: all tasks permitted (weight=0.85),
1771434250.729,0.0,59.21,4.5341,1.986,99.0,21,,,0.02479,1.0000,0.0000,1.0000,0.0000,0.2479,0.9930,0.4734,CRITICAL,True,10,0,,,,,,
1771434250.729,0.0,,,,,,,,,,,,,,,0.4734,SAFE,,10,,t372_0,0.37,NORMAL,LOCAL,SAFE: all tasks permitted (weight=0.37),
1771434250.729,0.0,,,,,,,,,,,,,,,0.4734,SAFE,,10,,t372_1,0.21,NORMAL,LOCAL,SAFE: all tasks permitted (weight=0.21),
1771434250.729,0.0,60.25,4.5463,1.986,99.0,21,,,0.02411,1.0000,0.0000,1.0000,0.0000,0.2411,0.9930,0.4727,CRITICAL,True,10,0,,,,,,
1771434250.729,0.0,,,,,,,,,,,,,,,0.4727,SAFE,,10,,t373_0,0.84,NORMAL,LOCAL,SAFE: all tasks permitted (weight=0.84),
1771434250.729,0.0,,,,,,,,,,,,,,,0.4727,SAFE,,10,,t373_1,0.82,NORMAL,LOCAL,SAFE: all tasks permitted (weight=0.82),
1771434250.729,0.0,59.66,4.5492,1.986,99.0,22,,,0.02362,1.0000,0.0000,1.0000,0.0000,0.2362,0.9930,0.4722,CRITICAL,True,10,0,,,,,,
1771434250.729,0.0,59.81,4.5372,1.986,99.0,21,,,0.02233,1.0000,0.0000,1.0000,0.0000,0.2233,0.9930,0.4709,CRITICAL,True,10,0,,,,,,
1771434250.729,0.0,59.62,4.5340,1.986,99.0,19,,,0.02008,1.0000,0.0000,1.0000,0.0000,0.2008,0.9780,0.4657,CRITICAL,True,10,0,,,,,,window_reset|B=10
1771434250.729,0.0,60.31,4.5550,1.986,99.0,18,,,0.02052,1.0000,0.0000,0.9835,0.0000,0.2052,0.9630,0.4610,CRITICAL,True,10,0,,,,,,
1771434250.729,0.0,,,,,,,,,,,,,,,0.4610,SAFE,,10,,t377_0,0.87,NORMAL,LOCAL,SAFE: all tasks permitted (weight=0.87),
1771434250.729,0.0,,,,,,,,,,,,,,,0.4610,SAFE,,10,,t377_1,0.76,LOW,LOCAL,SAFE: all tasks permitted (weight=0.76),
1771434250.729,0.0,59.57,4.5611,1.986,99.0,20,,,0.02028,1.0000,0.0000,0.9631,0.0000,0.2028,0.9930,0.4641,CRITICAL,True,10,0,,,,,,
1771434250.729,0.0,60.19,4.5611,1.986,99.0,18,,,0.02007,1.0000,0.0000,0.9631,0.0000,0.2007,0.9630,0.4579,CRITICAL,True,10,0,,,,,,
1771434250.730,0.0,,,,,,,,,,,,,,,0.4579,SAFE,,10,,t379_0,0.40,HIGH,LOCAL,SAFE: all tasks permitted (weight=0.40),
1771434250.730,0.0,,,,,,,,,,,,,,,0.4579,SAFE,,10,,t379_1,0.29,LOW,LOCAL,SAFE: all tasks permitted (weight=0.29),
1771434250.730,0.0,59.46,4.5640,1.986,99.0,18,9843.608,19.87086,0.01358,1.0000,1.0000,0.9535,0.0000,0.1358,0.9630,0.7001,CRITICAL,True,10,0,,,,,,
1771434250.730,0.0,,,,,,,,,,,,,,,0.7001,SAFE,,10,,t380_0,0.36,LOW,LOCAL,SAFE: all tasks permitted (weight=0.36),
1771434250.730,0.0,59.61,4.5138,1.986,99.0,17,-25524.891,-21.59942,0.01411,1.0000,0.0000,1.0000,1.0000,0.1411,0.9480,0.6537,CRITICAL,True,10,0,,,,,,
1771434250.730,0.0,59.78,4.5567,1.986,99.0,16,5116.361,5.01596,0.01445,1.0000,1.0000,0.9777,0.0000,0.1445,0.9330,0.6982,CRITICAL,True,10,0,,,,,,
1771434250.730,0.0,,,,,,,,,,,,,,,0.6982,SAFE,,10,,t382_0,0.86,NORMAL,LOCAL,SAFE: all tasks permitted (weight=0.86),
1771434250.730,0.0,59.37,4.5299,1.986,99.0,17,-17761.397,-4.84998,0.01481,1.0000,0.0000,1.0000,1.0000,0.1481,0.9480,0.6544,CRITICAL,True,10,0,,,,,,
1771434250.730,0.0,,,,,,,,,,,,,,,0.6544,SAFE,,10,,t383_0,0.86,NORMAL,LOCAL,SAFE: all tasks permitted (weight=0.86),
1771434250.730,0.0,,,,,,,,,,,,,,,0.6544,SAFE,,10,,t383_1,0.64,NORMAL,LOCAL,SAFE: all tasks permitted (weight=0.64),
1771434250.730,0.0,59.52,4.5301,1.986,99.0,18,-4241.354,-2.56537,0.01510,1.0000,0.0000,1.0000,1.0000,0.1510,0.9630,0.6577,CRITICAL,True,10,0,,,,,,
1771434250.730,0.0,,,,,,,,,,,,,,,0.6577,SAFE,,10,,t384_0,0.70,HIGH,LOCAL,SAFE: all tasks permitted (weight=0.70),
1771434250.730,0.0,,,,,,,,,,,,,,,0.6577,SAFE,,10,,t384_1,0.21,NORMAL,LOCAL,SAFE: all tasks permitted (weight=0.21),
1771434250.730,0.0,,,,,,,,,,,,,,,0.6577,SAFE,,10,,t384_2,0.65,HIGH,LOCAL,SAFE: all tasks permitted (weight=0.65),
1771434250.730,0.0,59.63,4.5919,1.986,99.0,20,-27084.118,24.58849,0.01995,1.0000,0.0000,0.8603,0.0000,0.1995,0.9930,0.4504,CRITICAL,True,10,0,,,,,,
1771434250.730,0.0,,,,,,,,,,,,,,,0.4504,SAFE,,10,,t385_0,0.59,NORMAL,LOCAL,SAFE: all tasks permitted (weight=0.59),
1771434250.730,0.0,,,,,,,,,,,,,,,0.4504,SAFE,,10,,t385_1,0.65,NORMAL,LOCAL,SAFE: all tasks permitted (weight=0.65),
1771434250.730,0.0,,,,,,,,,,,,,,,0.4504,SAFE,,10,,t385_2,0.21,LOW,LOCAL,SAFE: all tasks permitted (weight=0.21),
1771434250.730,0.0,59.48,4.5623,1.986,99.0,21,-3461.942,0.83882,0.02030,1.0000,0.0000,0.9588,0.0000,0.2030,0.9930,0.4636,CRITICAL,True,10,0,,,,,,
1771434250.730,0.0,,,,,,,,,,,,,,,0.4636,SAFE,,10,,t386_0,0.85,HIGH,LOCAL,SAFE: all tasks permitted (weight=0.85),
1771434250.730,0.0,,,,,,,,,,,,,,,0.4636,SAFE,,10,,t386_1,0.25,NORMAL,LOCAL,SAFE: all tasks permitted (weight=0.25),
1771434250.730,0.0,59.26,4.5566,1.986,99.0,22,-37169.152,-2.98337,0.02001,1.0000,0.0000,0.9781,1.0000,0.2001,0.9930,0.6658,CRITICAL,True,10,0,,,,,,
1771434250.730,0.0,,,,,,,,,,,,,,,0.6658,SAFE,,10,,t387_0,0.67,NORMAL,LOCAL,SAFE: all tasks permitted (weight=0.67),
1771434250.730,0.0,,,,,,,,,,,,,,,0.6658,SAFE,,10,,t387_1,0.77,NORMAL,LOCAL,SAFE: all tasks permitted (weight=0.77),
1771434250.730,0.0,59.38,4.5729,1.986,99.0,23,,,0.02008,1.0000,0.0000,0.9236,0.0000,0.2008,0.9930,0.4588,CRITICAL,True,10,0,,,,,,
1771434250.730,0.0,,,,,,,,,,,,,,,0.4588,SAFE,,10,,t388_0,0.53,LOW,LOCAL,SAFE: all tasks permitted (weight=0.53),
1771434250.730,0.0,,,,,,,,,,,,,,,0.4588,SAFE,,10,,t388_1,0.23,HIGH,LOCAL,SAFE: all tasks permitted (weight=0.23),
1771434250.730,0.0,59.63,4.5691,1.986,99.0,23,,,0.02048,1.0000,0.0000,0.9362,0.0000,0.2048,0.9930,0.4608,CRITICAL,True,10,0,,,,,,window_reset|B=10
1771434250.730,0.0,,,,,,,,,,,,,,,0.4608,SAFE,,10,,t389_0,0.22,LOW,LOCAL,SAFE: all tasks permitted (weight=0.22),
1771434250.730,0.0,,,,,,,,,,,,,,,0.4608,SAFE,,10,,t389_1,0.18,LOW,LOCAL,SAFE: all tasks permitted (weight=0.18),
1771434250.730,0.0,59.69,4.5746,1.986,99.0,22,,,0.02111,1.0000,0.0000,0.9178,0.0000,0.2111,0.9930,0.4590,CRITICAL,True,10,0,,,,,,
1771434250.730,0.0,,,,,,,,,,,,,,,0.4590,SAFE,,10,,t390_0,0.58,HIGH,LOCAL,SAFE: all tasks permitted (weight=0.58),
1771434250.730,0.0,,,,,,,,,,,,,,,0.4590,SAFE,,10,,t390_1,0.65,NORMAL,LOCAL,SAFE: all tasks permitted (weight=0.65),
1771434250.730,0.0,,,,,,,,,,,,,,,0.4590,SAFE,,10,,t390_2,0.58,NORMAL,LOCAL,SAFE: all tasks permitted (weight=0.58),
1771434250.730,0.0,59.70,4.5393,1.986,99.0,24,,,0.02160,1.0000,0.0000,1.0000,0.0000,0.2160,0.9930,0.4702,CRITICAL,True,10,0,,,,,,
1771434250.730,0.0,,,,,,,,,,,,,,,0.4702,SAFE,,10,,t391_0,0.57,NORMAL,LOCAL,SAFE: all tasks permitted (weight=0.57),
1771434250.730,0.0,59.60,4.5268,1.986,99.0,23,,,0.02274,1.0000,0.0000,1.0000,0.0000,0.2274,0.9930,0.4713,CRITICAL,True,10,0,,,,,,
1771434250.730,0.0,59.74,4.5445,1.986,99.0,21,,,0.01984,1.0000,0.0000,1.0000,0.0000,0.1984,0.9930,0.4684,CRITICAL,True,10,0,,,,,,
1771434250.730,0.0,,,,,,,,,,,,,,,0.4684,SAFE,,10,,t393_0,0.90,LOW,LOCAL,SAFE: all tasks permitted (weight=0.90),
1771434250.730,0.0,,,,,,,,,,,,,,,0.4684,SAFE,,10,,t393_1,0.31,HIGH,LOCAL,SAFE: all tasks permitted (weight=0.31),
1771434250.730,0.0,59.76,4.5545,1.986,99.0,22,,,0.01983,1.0000,0.0000,0.9849,0.0000,0.1983,0.9930,0.4665,CRITICAL,True,10,0,,,,,,
1771434250.730,0.0,,,,,,,,,,,,,,,0.4665,SAFE,,10,,t394_0,0.40,LOW,LOCAL,SAFE: all tasks permitted (weight=0.40),
1771434250.730,0.0,59.95,4.5302,1.986,99.0,21,,,0.01980,1.0000,0.0000,1.0000,0.0000,0.1980,0.9930,0.4684,CRITICAL,True,10,0,,,,,,
1771434250.730,0.0,,,,,,,,,,,,,,,0.4684,SAFE,,10,,t395_0,0.72,LOW,LOCAL,SAFE: all tasks permitted (weight=0.72),
1771434250.730,0.0,,,,,,,,,,,,,,,0.4684,SAFE,,10,,t395_1,0.53,HIGH,LOCAL,SAFE: all tasks permitted (weight=0.53),
1771434250.730,0.0,,,,,,,,,,,,,,,0.4684,SAFE,,10,,t395_2,0.85,CRITICAL,LOCAL,SAFE: all tasks permitted (weight=0.85),
1771434250.730,0.0,59.62,4.5295,1.986,99.0,24,,,0.01986,1.0000,0.0000,1.0000,0.0000,0.1986,0.9930,0.4685,CRITICAL,True,10,0,,,,,,
1771434250.730,0.0,,,,,,,,,,,,,,,0.4685,SAFE,,10,,t396_0,0.27,HIGH,LOCAL,SAFE: all tasks permitted (weight=0.27),
1771434250.730,0.0,,,,,,,,,,,,,,,0.4685,SAFE,,10,,t396_1,0.58,HIGH,LOCAL,SAFE: all tasks permitted (weight=0.58),
1771434250.731,0.0,,,,,,,,,,,,,,,0.4685,SAFE,,10,,t396_2,0.58,NORMAL,LOCAL,SAFE: all tasks permitted (weight=0.58),
1771434250.731,0.0,59.96,4.5558,1.986,99.0,25,19674.992,-13.31986,0.01638,1.0000,1.0000,0.9808,1.0000,0.1638,0.9930,0.9125,CRITICAL,True,10,0,,,,,,
1771434250.731,0.0,,,,,,,,,,,,,,,0.9125,SAFE,,10,,t397_0,0.41,LOW,LOCAL,SAFE: all tasks permitted (weight=0.41),
1771434250.731,0.0,59.28,4.5237,1.986,99.0,24,-24402.478,-50.78162,0.01766,1.0000,0.0000,1.0000,1.0000,0.1766,0.9930,0.6663,CRITICAL,True,10,0,,,,,,
1771434250.731,0.0,,,,,,,,,,,,,,,0.6663,SAFE,,10,,t398_0,0.31,LOW,LOCAL,SAFE: all tasks permitted (weight=0.31),
1771434250.731,0.0,,,,,,,,,,,,,,,0.6663,SAFE,,10,,t398_1,0.80,LOW,LOCAL,SAFE: all tasks permitted (weight=0.80),
1771434250.731,0.0,60.19,4.5767,1.986,99.0,24,29630.246,37.20736,0.01926,1.0000,1.0000,0.9110,0.0000,0.1926,0.9930,0.7063,CRITICAL,True,10,0,,,,,,
1771434250.731,0.0,,,,,,,,,,,,,,,0.7063,SAFE,,10,,t399_0,0.32,NORMAL,LOCAL,SAFE: all tasks permitted (weight=0.32),
1771434250.731,0.0,,,,,,,,,,,,,,,0.7063,SAFE,,10,,t399_1,0.78,NORMAL,LOCAL,SAFE: all tasks permitted (weight=0.78),
1771434250.731,0.0,,,,,,,,,,,,,,,0.7063,SAFE,,10,,t399_2,0.31,LOW,LOCAL,SAFE: all tasks permitted (weight=0.31),
1771434250.731,0.0,59.39,4.5388,1.986,99.0,25,-12464.704,11.93491,0.01813,1.0000,0.0000,1.0000,0.0000,0.1813,0.9930,0.4667,CRITICAL,True,10,0,,,,,,
1771434250.731,0.0,,,,,,,,,,,,,,,0.4667,SAFE,,10,,t400_0,0.78,HIGH,LOCAL,SAFE: all tasks permitted (weight=0.78),
1771434250.731,0.0,,,,,,,,,,,,,,,0.4667,SAFE,,10,,t400_1,0.25,HIGH,LOCAL,SAFE: all tasks permitted (weight=0.25),
1771434250.731,0.0,59.60,4.5730,1.986,99.0,25,-8434.635,28.40549,0.01855,1.0000,0.0000,0.9232,0.0000,0.1855,0.9930,0.4572,CRITICAL,True,10,0,,,,,,
1771434250.731,0.0,,,,,,,,,,,,,,,0.4572,SAFE,,10,,t401_0,0.30,CRITICAL,LOCAL,SAFE: all tasks permitted (weight=0.30),
1771434250.731,0.0,59.88,4.5782,1.986,99.0,24,7179.281,23.58608,0.01901,1.0000,1.0000,0.9060,0.0000,0.1901,0.9930,0.7054,CRITICAL,True,10,0,,,,,,window_reset|B=10
1771434250.731,0.0,,,,,,,,,,,,,,,0.7054,SAFE,,10,,t402_0,0.67,CRITICAL,LOCAL,SAFE: all tasks permitted (weight=0.67),
1771434250.731,0.0,,,,,,,,,,,,,,,0.7054,SAFE,,10,,t402_1,0.33,HIGH,LOCAL,SAFE: all tasks permitted (weight=0.33),
1771434250.731,0.0,59.05,4.5508,1.986,99.0,24,-54108.067,20.52568,0.01886,1.0000,0.0000,0.9974,0.0000,0.1886,0.9930,0.4671,CRITICAL,True,10,0,,,,,,
1771434250.731,0.0,,,,,,,,,,,,,,,0.4671,SAFE,,10,,t403_0,0.63,HIGH,LOCAL,SAFE: all tasks permitted (weight=0.63),
1771434250.731,0.0,59.62,4.5106,1.986,99.0,23,-0.687,-18.82399,0.02084,1.0000,0.0000,1.0000,1.0000,0.2084,0.9930,0.6694,CRITICAL,True,10,0,,,,,,
1771434250.731,0.0,,,,,,,,,,,,,,,0.6694,SAFE,,10,,t404_0,0.24,NORMAL,LOCAL,SAFE: all tasks permitted (weight=0.24),
1771434250.731,0.0,,,,,,,,,,,,,,,0.6694,SAFE,,10,,t404_1,0.18,NORMAL,LOCAL,SAFE: all tasks permitted (weight=0.18),
1771434250.731,0.0,,,,,,,,,,,,,,,0.6694,SAFE,,10,,t404_2,0.47,LOW,LOCAL,SAFE: all tasks permitted (weight=0.47),
1771434250.731,0.0,59.71,4.5658,1.986,99.0,23,,,0.02144,1.0000,0.0000,0.9472,0.0000,0.2144,0.9930,0.4632,CRITICAL,True,10,0,,,,,,
1771434250.731,0.0,,,,,,,,,,,,,,,0.4632,SAFE,,10,,t405_0,0.22,LOW,LOCAL,SAFE: all tasks permitted (weight=0.22),
1771434250.731,0.0,,,,,,,,,,,,,,,0.4632,SAFE,,10,,t405_1,0.22,NORMAL,LOCAL,SAFE: all tasks permitted (weight=0.22),
1771434250.731,0.0,,,,,,,,,,,,,,,0.4632,SAFE,,10,,t405_2,0.47,LOW,LOCAL,SAFE: all tasks permitted (weight=0.47),
1771434250.731,0.0,,,,,,,,,,,,,,,0.4632,SAFE,,10,,t405_3,0.47,NORMAL,LOCAL,SAFE: all tasks permitted (weight=0.47),
1771434250.731,0.0,,,,,,,,,,,,,,,0.4632,SAFE,,10,,t405_4,0.72,NORMAL,LOCAL,SAFE: all tasks permitted (weight=0.72),
1771434250.731,0.0,,,,,,,,,,,,,,,0.4632,SAFE,,10,,t405_5,0.90,LOW,LOCAL,SAFE: all tasks permitted (weight=0.90),
1771434250.731,0.0,59.29,4.5300,1.986,99.0,27,,,0.02197,1.0000,0.0000,1.0000,0.0000,0.2197,0.9930,0.4706,CRITICAL,True,10,0,,,,,,
1771434250.731,0.0,,,,,,,,,,,,,,,0.4706,SAFE,,10,,t406_0,0.65,LOW,LOCAL,SAFE: all tasks permitted (weight=0.65),
1771434250.731,0.0,,,,,,,,,,,,,,,0.4706,SAFE,,10,,t406_1,0.29,LOW,LOCAL,SAFE: all tasks permitted (weight=0.29),
1771434250.731,0.0,59.93,4.5892,1.986,99.0,27,,,0.02417,1.0000,0.0000,0.8693,0.0000,0.2417,0.9930,0.4558,CRITICAL,True,10,0,,,,,,
1771434250.731,0.0,,,,,,,,,,,,,,,0.4558,SAFE,,10,,t407_0,0.47,NORMAL,LOCAL,SAFE: all tasks permitted (weight=0.47),
1771434250.731,0.0,59.71,4.5146,1.986,99.0,26,,,0.02562,1.0000,0.0000,1.0000,0.0000,0.2562,0.9930,0.4742,CRITICAL,True,10,0,,,,,,
1771434250.731,0.0,,,,,,,,,,,,,,,0.4742,SAFE,,10,,t408_0,0.30,HIGH,LOCAL,SAFE: all tasks permitted (weight=0.30),
1771434250.731,0.0,,,,,,,,,,,,,,,0.4742,SAFE,,10,,t408_1,0.32,LOW,LOCAL,SAFE: all tasks permitted (weight=0.32),
1771434250.731,0.0,,,,,,,,,,,,,,,0.4742,SAFE,,10,,t408_2,0.47,CRITICAL,LOCAL,SAFE: all tasks permitted (weight=0.47),
1771434250.731,0.0,60.04,4.5389,1.986,99.0,26,,,0.02576,1.0000,0.0000,1.0000,0.0000,0.2576,0.9930,0.4744,CRITICAL,True,10,0,,,,,,
1771434250.731,0.0,,,,,,,,,,,,,,,0.4744,SAFE,,10,,t409_0,0.82,NORMAL,LOCAL,SAFE: all tasks permitted (weight=0.82),
1771434250.731,0.0,,,,,,,,,,,,,,,0.4744,SAFE,,10,,t409_1,0.84,HIGH,LOCAL,SAFE: all tasks permitted (weight=0.84),
1771434250.731,0.0,59.27,4.5203,1.986,99.0,27,,,0.02606,1.0000,0.0000,1.0000,0.0000,0.2606,0.9930,0.4747,CRITICAL,True,10,0,,,,,,
1771434250.731,0.0,,,,,,,,,,,,,,,0.4747,SAFE,,10,,t410_0,0.67,CRITICAL,LOCAL,SAFE: all tasks permitted (weight=0.67),
1771434250.731,0.0,,,,,,,,,,,,,,,0.4747,SAFE,,10,,t410_1,0.33,HIGH,LOCAL,SAFE: all tasks permitted (weight=0.33),
1771434250.731,0.0,59.77,4.5600,1.986,99.0,27,,,0.02496,1.0000,0.0000,0.9665,0.0000,0.2496,0.9930,0.4692,CRITICAL,True,10,0,,,,,,
1771434250.731,0.0,,,,,,,,,,,,,,,0.4692,SAFE,,10,,t411_0,0.29,LOW,LOCAL,SAFE: all tasks permitted (weight=0.29),
1771434250.731,0.0,,,,,,,,,,,,,,,0.4692,SAFE,,10,,t411_1,0.72,LOW,LOCAL,SAFE: all tasks permitted (weight=0.72),
1771434250.731,0.0,,,,,,,,,,,,,,,0.4692,SAFE,,10,,t411_2,0.57,NORMAL,LOCAL,SAFE: all tasks permitted (weight=0.57),
1771434250.731,0.0,59.62,4.5714,1.986,99.0,28,,,0.02563,1.0000,0.0000,0.9288,0.0000,0.2563,0.9930,0.4650,CRITICAL,True,10,0,,,,,,
1771434250.731,0.0,,,,,,,,,,,,,,,0.4650,SAFE,,10,,t412_0,0.22,LOW,LOCAL,SAFE: all tasks permitted (weight=0.22),
1771434250.731,0.0,59.44,4.5529,1.986,99.0,27,,,0.02472,1.0000,0.0000,0.9903,0.0000,0.2472,0.9930,0.4721,CRITICAL,True,10,0,,,,,,
1771434250.732,0.0,,,,,,,,,,,,,,,0.4721,SAFE,,10,,t413_0,0.42,LOW,LOCAL,SAFE: all tasks permitted (weight=0.42),
1771434250.732,0.0,,,,,,,,,,,,,,,0.4721,SAFE,,10,,t413_1,0.19,LOW,LOCAL,SAFE: all tasks permitted (weight=0.19),
1771434250.732,0.0,60.23,4.5689,1.986,99.0,26,56175.726,38.95180,0.02391,1.0000,1.0000,0.9368,0.0000,0.2391,0.9930,0.7143,CRITICAL,True,10,0,,,,,,
1771434250.732,0.0,,,,,,,,,,,,,,,0.7143,SAFE,,10,,t414_0,0.76,NORMAL,LOCAL,SAFE: all tasks permitted (weight=0.76),
1771434250.732,0.0,60.09,4.5191,1.986,99.0,26,9585.360,-70.09762,0.02515,1.0000,1.0000,1.0000,1.0000,0.2515,0.9930,0.9238,CRITICAL,True,10,0,,,,,,window_reset|B=10
1771434250.732,0.0,,,,,,,,,,,,,,,0.9238,SAFE,,10,,t415_0,0.50,NORMAL,LOCAL,SAFE: all tasks permitted (weight=0.50),
1771434250.732,0.0,,,,,,,,,,,,,,,0.9238,SAFE,,10,,t415_1,0.29,NORMAL,LOCAL,SAFE: all tasks permitted (weight=0.29),
1771434250.732,0.0,59.37,4.5517,1.986,99.0,25,-20894.080,37.07705,0.02292,1.0000,0.0000,0.9943,0.0000,0.2292,0.9930,0.4708,CRITICAL,True,10,0,,,,,,
1771434250.732,0.0,,,,,,,,,,,,,,,0.4708,SAFE,,10,,t416_0,0.34,NORMAL,LOCAL,SAFE: all tasks permitted (weight=0.34),
1771434250.732,0.0,,,,,,,,,,,,,,,0.4708,SAFE,,10,,t416_1,0.38,NORMAL,LOCAL,SAFE: all tasks permitted (weight=0.38),
1771434250.732,0.0,59.87,4.5054,1.986,99.0,25,-10678.586,-33.55298,0.02511,1.0000,0.0000,1.0000,1.0000,0.2511,0.9930,0.6737,CRITICAL,True,10,0,,,,,,
1771434250.732,0.0,,,,,,,,,,,,,,,0.6737,SAFE,,10,,t417_0,0.31,HIGH,LOCAL,SAFE: all tasks permitted (weight=0.31),
1771434250.732,0.0,,,,,,,,,,,,,,,0.6737,SAFE,,10,,t417_1,0.16,NORMAL,LOCAL,SAFE: all tasks permitted (weight=0.16),
1771434250.732,0.0,,,,,,,,,,,,,,,0.6737,SAFE,,10,,t417_2,0.90,HIGH,LOCAL,SAFE: all tasks permitted (weight=0.90),
1771434250.732,0.0,59.86,4.5210,1.986,99.0,25,35113.007,0.73405,0.02563,1.0000,1.0000,1.0000,0.0000,0.2563,0.9930,0.7242,CRITICAL,True,10,0,,,,,,
1771434250.732,0.0,,,,,,,,,,,,,,,0.7242,SAFE,,10,,t418_0,0.47,LOW,LOCAL,SAFE: all tasks permitted (weight=0.47),
1771434250.732,0.0,59.53,4.5549,1.986,99.0,25,-14120.509,-5.09759,0.02194,1.0000,0.0000,0.9835,1.0000,0.2194,0.9930,0.6684,CRITICAL,True,10,0,,,,,,
1771434250.732,0.0,,,,,,,,,,,,,,,0.6684,SAFE,,10,,t419_0,0.31,LOW,LOCAL,SAFE: all tasks permitted (weight=0.31),
1771434250.732,0.0,,,,,,,,,,,,,,,0.6684,SAFE,,10,,t419_1,0.66,HIGH,LOCAL,SAFE: all tasks permitted (weight=0.66),
1771434250.732,0.0,,,,,,,,,,,,,,,0.6684,SAFE,,10,,t419_2,0.30,NORMAL,LOCAL,SAFE: all tasks permitted (weight=0.30),
1771434250.732,0.0,,,,,,,,,,,,,,,0.6684,SAFE,,10,,t419_3,0.22,HIGH,LOCAL,SAFE: all tasks permitted (weight=0.22),
1771434250.732,0.0,,,,,,,,,,,,,,,0.6684,SAFE,,10,,t419_4,0.44,CRITICAL,LOCAL,SAFE: all tasks permitted (weight=0.44),
1771434250.732,0.0,60.21,4.5839,1.986,99.0,26,35388.180,12.52477,0.02357,1.0000,1.0000,0.8871,0.0000,0.2357,0.9930,0.7075,CRITICAL,True,10,0,,,,,,
1771434250.732,0.0,,,,,,,,,,,,,,,0.7075,SAFE,,10,,t420_0,0.84,NORMAL,LOCAL,SAFE: all tasks permitted (weight=0.84),
1771434250.732,0.0,,,,,,,,,,,,,,,0.7075,SAFE,,10,,t420_1,0.80,CRITICAL,LOCAL,SAFE: all tasks permitted (weight=0.80),
1771434250.732,0.0,,,,,,,,,,,,,,,0.7075,SAFE,,10,,t420_2,0.70,HIGH,LOCAL,SAFE: all tasks permitted (weight=0.70),
1771434250.732,0.0,,,,,,,,,,,,,,,0.7075,SAFE,,10,,t420_3,0.90,CRITICAL,LOCAL,SAFE: all tasks permitted (weight=0.90),
1771434250.732,0.0,59.62,4.5270,1.986,99.0,31,10760.442,-25.88483,0.02408,1.0000,1.0000,1.0000,1.0000,0.2408,0.9930,0.9227,CRITICAL,True,10,0,,,,,,
1771434250.732,0.0,,,,,,,,,,,,,,,0.9227,SAFE,,10,,t421_0,0.36,CRITICAL,LOCAL,SAFE: all tasks permitted (weight=0.36),
1771434250.732,0.0,,,,,,,,,,,,,,,0.9227,SAFE,,10,,t421_1,0.82,LOW,LOCAL,SAFE: all tasks permitted (weight=0.82),
1771434250.732,0.0,59.70,4.5781,1.986,99.0,31,,,0.02450,1.0000,0.0000,0.9062,0.0000,0.2450,0.9930,0.4609,CRITICAL,True,10,0,,,,,,
1771434250.732,0.0,,,,,,,,,,,,,,,0.4609,SAFE,,10,,t422_0,0.38,HIGH,LOCAL,SAFE: all tasks permitted (weight=0.38),
1771434250.732,0.0,,,,,,,,,,,,,,,0.4609,SAFE,,10,,t422_1,0.70,LOW,LOCAL,SAFE: all tasks permitted (weight=0.70),
1771434250.732,0.0,59.53,4.5520,1.986,99.0,30,,,0.02431,1.0000,0.0000,0.9934,0.0000,0.2431,0.9930,0.4720,CRITICAL,True,10,0,,,,,,
1771434250.732,0.0,,,,,,,,,,,,,,,0.4720,SAFE,,10,,t423_0,0.17,NORMAL,LOCAL,SAFE: all tasks permitted (weight=0.17),
1771434250.732,0.0,,,,,,,,,,,,,,,0.4720,SAFE,,10,,t423_1,0.75,NORMAL,LOCAL,SAFE: all tasks permitted (weight=0.75),
1771434250.732,0.0,,,,,,,,,,,,,,,0.4720,SAFE,,10,,t423_2,0.77,CRITICAL,LOCAL,SAFE: all tasks permitted (weight=0.77),
1771434250.732,0.0,59.64,4.5770,1.986,99.0,31,,,0.02478,1.0000,0.0000,0.9101,0.0000,0.2478,0.9930,0.4617,CRITICAL,True,10,0,,,,,,
1771434250.732,0.0,,,,,,,,,,,,,,,0.4617,SAFE,,10,,t424_0,0.43,LOW,LOCAL,SAFE: all tasks permitted (weight=0.43),
1771434250.732,0.0,,,,,,,,,,,,,,,0.4617,SAFE,,10,,t424_1,0.49,HIGH,LOCAL,SAFE: all tasks permitted (weight=0.49),
1771434250.732,0.0,59.27,4.5301,1.986,99.0,31,,,0.02531,1.0000,0.0000,1.0000,0.0000,0.2531,0.9930,0.4739,CRITICAL,True,10,0,,,,,,
1771434250.732,0.0,,,,,,,,,,,,,,,0.4739,SAFE,,10,,t425_0,0.26,NORMAL,LOCAL,SAFE: all tasks permitted (weight=0.26),
1771434250.732,0.0,59.82,4.5573,1.986,99.0,29,,,0.02468,1.0000,0.0000,0.9758,0.0000,0.2468,0.9930,0.4701,CRITICAL,True,10,0,,,,,,
1771434250.732,0.0,,,,,,,,,,,,,,,0.4701,SAFE,,10,,t426_0,0.20,HIGH,LOCAL,SAFE: all tasks permitted (weight=0.20),
1771434250.732,0.0,,,,,,,,,,,,,,,0.4701,SAFE,,10,,t426_1,0.34,HIGH,LOCAL,SAFE: all tasks permitted (weight=0.34),
1771434250.732,0.0,59.60,4.5902,1.986,99.0,28,,,0.02591,1.0000,0.0000,0.8658,0.0000,0.2591,0.9930,0.4571,CRITICAL,True,10,0,,,,,,
1771434250.732,0.0,,,,,,,,,,,,,,,0.4571,SAFE,,10,,t427_0,0.72,NORMAL,LOCAL,SAFE: all tasks permitted (weight=0.72),
1771434250.732,0.0,,,,,,,,,,,,,,,0.4571,SAFE,,10,,t427_1,0.34,NORMAL,LOCAL,SAFE: all tasks permitted (weight=0.34),
1771434250.732,0.0,,,,,,,,,,,,,,,0.4571,SAFE,,10,,t427_2,0.16,LOW,LOCAL,SAFE: all tasks permitted (weight=0.16),
1771434250.732,0.0,,,,,,,,,,,,,,,0.4571,SAFE,,10,,t427_3,0.72,HIGH,LOCAL,SAFE: all tasks permitted (weight=0.72),
1771434250.732,0.0,,,,,,,,,,,,,,,0.4571,SAFE,,10,,t427_4,0.68,NORMAL,LOCAL,SAFE: all tasks permitted (weight=0.68),
1771434250.732,0.0,,,,,,,,,,,,,,,0.4571,SAFE,,10,,t427_5,0.35,NORMAL,LOCAL,SAFE: all tasks permitted (weight=0.35),
1771434250.732,0.0,60.21,4.5278,1.986,99.0,32,,,0.02679,1.0000,0.0000,1.0000,0.0000,0.2679,0.9930,0.4754,CRITICAL,True,10,0,,,,,,window_reset|B=10
1771434250.733,0.0,,,,,,,,,,,,,,,0.4754,SAFE,,10,,t428_0,0.40,NORMAL,LOCAL,SAFE: all tasks permitted (weight=0.40),
1771434250.733,0.0,,,,,,,,,,,,,,,0.4754,SAFE,,10,,t428_1,0.73,NORMAL,LOCAL,SAFE: all tasks permitted (weight=0.73),
1771434250.733,0.0,59.56,4.5466,1.986,99.0,31,-3885.832,19.60493,0.02321,1.0000,0.0000,1.0000,0.0000,0.2321,0.9930,0.4718,CRITICAL,True,10,0,,,,,,
1771434250.733,0.0,,,,,,,,,,,,,,,0.4718,SAFE,,10,,t429_0,0.88,NORMAL,LOCAL,SAFE: all tasks permitted (weight=0.88),
1771434250.733,0.0,,,,,,,,,,,,,,,0.4718,SAFE,,10,,t429_1,0.63,NORMAL,LOCAL,SAFE: all tasks permitted (weight=0.63),
1771434250.733,0.0,,,,,,,,,,,,,,,0.4718,SAFE,,10,,t429_2,0.52,HIGH,LOCAL,SAFE: all tasks permitted (weight=0.52),
1771434250.733,0.0,60.15,4.5461,1.986,99.0,33,27042.072,-32.07667,0.02120,1.0000,1.0000,1.0000,1.0000,0.2120,0.9930,0.9198,CRITICAL,True,10,0,,,,,,
1771434250.733,0.0,,,,,,,,,,,,,,,0.9198,SAFE,,10,,t430_0,0.65,LOW,LOCAL,SAFE: all tasks permitted (weight=0.65),
1771434250.733,0.0,,,,,,,,,,,,,,,0.9198,SAFE,,10,,t430_1,0.75,NORMAL,LOCAL,SAFE: all tasks permitted (weight=0.75),
1771434250.733,0.0,,,,,,,,,,,,,,,0.9198,SAFE,,10,,t430_2,0.76,NORMAL,LOCAL,SAFE: all tasks permitted (weight=0.76),
1771434250.733,0.0,59.11,4.5223,1.986,99.0,35,-24639.531,-29.67701,0.02315,1.0000,0.0000,1.0000,1.0000,0.2315,0.9930,0.6717,CRITICAL,True,10,0,,,,,,
1771434250.733,0.0,,,,,,,,,,,,,,,0.6717,SAFE,,10,,t431_0,0.90,CRITICAL,LOCAL,SAFE: all tasks permitted (weight=0.90),
1771434250.733,0.0,,,,,,,,,,,,,,,0.6717,SAFE,,10,,t431_1,0.32,NORMAL,LOCAL,SAFE: all tasks permitted (weight=0.32),
1771434250.733,0.0,59.32,4.5819,1.986,99.0,34,-19003.656,4.97655,0.02294,1.0000,0.0000,0.8936,0.0000,0.2294,0.9930,0.4577,CRITICAL,True,10,0,,,,,,
1771434250.733,0.0,,,,,,,,,,,,,,,0.4577,SAFE,,10,,t432_0,0.68,LOW,LOCAL,SAFE: all tasks permitted (weight=0.68),
1771434250.733,0.0,,,,,,,,,,,,,,,0.4577,SAFE,,10,,t432_1,0.36,HIGH,LOCAL,SAFE: all tasks permitted (weight=0.36),
1771434250.733,0.0,,,,,,,,,,,,,,,0.4577,SAFE,,10,,t432_2,0.89,HIGH,LOCAL,SAFE: all tasks permitted (weight=0.89),
1771434250.733,0.0,59.43,4.5155,1.986,99.0,36,9673.865,-14.64506,0.02422,1.0000,1.0000,1.0000,1.0000,0.2422,0.9930,0.9228,CRITICAL,True,10,0,,,,,,
1771434250.733,0.0,,,,,,,,,,,,,,,0.9228,SAFE,,10,,t433_0,0.59,NORMAL,LOCAL,SAFE: all tasks permitted (weight=0.59),
1771434250.733,0.0,,,,,,,,,,,,,,,0.9228,SAFE,,10,,t433_1,0.42,NORMAL,LOCAL,SAFE: all tasks permitted (weight=0.42),
1771434250.733,0.0,,,,,,,,,,,,,,,0.9228,SAFE,,10,,t433_2,0.56,HIGH,LOCAL,SAFE: all tasks permitted (weight=0.56),
1771434250.733,0.0,,,,,,,,,,,,,,,0.9228,SAFE,,10,,t433_3,0.26,LOW,LOCAL,SAFE: all tasks permitted (weight=0.26),
1771434250.733,0.0,,,,,,,,,,,,,,,0.9228,SAFE,,10,,t433_4,0.17,LOW,LOCAL,SAFE: all tasks permitted (weight=0.17),
1771434250.733,0.0,,,,,,,,,,,,,,,0.9228,SAFE,,10,,t433_5,0.62,NORMAL,LOCAL,SAFE: all tasks permitted (weight=0.62),
1771434250.733,0.0,59.56,4.5265,1.986,99.0,38,-16038.469,-30.77053,0.02379,1.0000,0.0000,1.0000,1.0000,0.2379,0.9930,0.6724,CRITICAL,True,10,0,,,,,,
1771434250.733,0.0,,,,,,,,,,,,,,,0.6724,SAFE,,10,,t434_0,0.61,NORMAL,LOCAL,SAFE: all tasks permitted (weight=0.61),
1771434250.733,0.0,,,,,,,,,,,,,,,0.6724,SAFE,,10,,t434_1,0.39,HIGH,LOCAL,SAFE: all tasks permitted (weight=0.39),
1771434250.733,0.0,,,,,,,,,,,,,,,0.6724,SAFE,,10,,t434_2,0.44,NORMAL,LOCAL,SAFE: all tasks permitted (weight=0.44),
1771434250.733,0.0,,,,,,,,,,,,,,,0.6724,SAFE,,10,,t434_3,0.51,NORMAL,LOCAL,SAFE: all tasks permitted (weight=0.51),
1771434250.733,0.0,59.45,4.5633,1.986,99.0,39,-8979.971,-26.98862,0.02416,1.0000,0.0000,0.9558,1.0000,0.2416,0.9930,0.6670,CRITICAL,True,10,0,,,,,,
1771434250.733,0.0,,,,,,,,,,,,,,,0.6670,SAFE,,10,,t435_0,0.87,HIGH,LOCAL,SAFE: all tasks permitted (weight=0.87),
1771434250.733,0.0,,,,,,,,,,,,,,,0.6670,SAFE,,10,,t435_1,0.82,CRITICAL,LOCAL,SAFE: all tasks permitted (weight=0.82),
1771434250.733,0.0,,,,,,,,,,,,,,,0.6670,SAFE,,10,,t435_2,0.33,NORMAL,LOCAL,SAFE: all tasks permitted (weight=0.33),
1771434250.733,0.0,,,,,,,,,,,,,,,0.6670,SAFE,,10,,t435_3,0.29,LOW,LOCAL,SAFE: all tasks permitted (weight=0.29),
1771434250.733,0.0,,,,,,,,,,,,,,,0.6670,SAFE,,10,,t435_4,0.36,NORMAL,LOCAL,SAFE: all tasks permitted (weight=0.36),
1771434250.733,0.0,59.79,4.5684,1.986,99.0,41,-25143.889,40.64823,0.02343,1.0000,0.0000,0.9387,0.0000,0.2343,0.9930,0.4641,CRITICAL,True,10,0,,,,,,
1771434250.733,0.0,,,,,,,,,,,,,,,0.4641,SAFE,,10,,t436_0,0.55,NORMAL,LOCAL,SAFE: all tasks permitted (weight=0.55),
1771434250.733,0.0,59.49,4.5552,1.986,99.0,39,,,0.02285,1.0000,0.0000,0.9826,0.0000,0.2285,0.9930,0.4692,CRITICAL,True,10,0,,,,,,
1771434250.733,0.0,,,,,,,,,,,,,,,0.4692,SAFE,,10,,t437_0,0.47,CRITICAL,LOCAL,SAFE: all tasks permitted (weight=0.47),
1771434250.733,0.0,,,,,,,,,,,,,,,0.4692,SAFE,,10,,t437_1,0.71,NORMAL,LOCAL,SAFE: all tasks permitted (weight=0.71),
1771434250.733,0.0,60.21,4.5746,1.986,99.0,39,,,0.02378,1.0000,0.0000,0.9181,0.0000,0.2378,0.9930,0.4617,CRITICAL,True,10,0,,,,,,
1771434250.733,0.0,,,,,,,,,,,,,,,0.4617,SAFE,,10,,t438_0,0.71,LOW,LOCAL,SAFE: all tasks permitted (weight=0.71),
1771434250.733,0.0,,,,,,,,,,,,,,,0.4617,SAFE,,10,,t438_1,0.37,HIGH,LOCAL,SAFE: all tasks permitted (weight=0.37),
1771434250.733,0.0,59.77,4.5098,1.986,99.0,38,,,0.02325,1.0000,0.0000,1.0000,0.0000,0.2325,0.9930,0.4719,CRITICAL,True,10,0,,,,,,
1771434250.733,0.0,,,,,,,,,,,,,,,0.4719,SAFE,,10,,t439_0,0.73,LOW,LOCAL,SAFE: all tasks permitted (weight=0.73),
1771434250.733,0.0,,,,,,,,,,,,,,,0.4719,SAFE,,10,,t439_1,0.84,NORMAL,LOCAL,SAFE: all tasks permitted (weight=0.84),
1771434250.733,0.0,,,,,,,,,,,,,,,0.4719,SAFE,,10,,t439_2,0.90,LOW,LOCAL,SAFE: all tasks permitted (weight=0.90),
1771434250.733,0.0,59.96,4.5577,1.986,99.0,40,,,0.02289,1.0000,0.0000,0.9744,0.0000,0.2289,0.9930,0.4682,CRITICAL,True,10,0,,,,,,
1771434250.733,0.0,,,,,,,,,,,,,,,0.4682,SAFE,,10,,t440_0,0.24,LOW,LOCAL,SAFE: all tasks permitted (weight=0.24),
1771434250.733,0.0,,,,,,,,,,,,,,,0.4682,SAFE,,10,,t440_1,0.33,HIGH,LOCAL,SAFE: all tasks permitted (weight=0.33),
1771434250.733,0.0,,,,,,,,,,,,,,,0.4682,SAFE,,10,,t440_2,0.45,LOW,LOCAL,SAFE: all tasks permitted (weight=0.45),
1771434250.733,0.0,59.90,4.5703,1.986,99.0,39,,,0.02375,1.0000,0.0000,0.9324,0.0000,0.2375,0.9930,0.4636,CRITICAL,True,10,0,,,,,,window_reset|B=10
1771434250.733,0.0,,,,,,,,,,,,,,,0.4636,SAFE,,10,,t441_0,0.71,HIGH,LOCAL,SAFE: all tasks permitted (weight=0.71),
1771434250.733,0.0,59.95,4.5188,1.986,99.0,37,,,0.02521,1.0000,0.0000,1.0000,0.0000,0.2521,0.9930,0.4738,CRITICAL,True,10,0,,,,,,
1771434250.733,0.0,,,,,,,,,,,,,,,0.4738,SAFE,,10,,t442_0,0.40,LOW,LOCAL,SAFE: all tasks permitted (weight=0.40),
1771434250.734,0.0,,,,,,,,,,,,,,,0.4738,SAFE,,10,,t442_1,0.17,NORMAL,LOCAL,SAFE: all tasks permitted (weight=0.17),
1771434250.734,0.0,,,,,,,,,,,,,,,0.4738,SAFE,,10,,t442_2,0.48,HIGH,LOCAL,SAFE: all tasks permitted (weight=0.48),
1771434250.734,0.0,59.86,4.5745,1.986,99.0,37,24875.939,11.23857,0.02508,1.0000,1.0000,0.9183,0.0000,0.2508,0.9930,0.7131,CRITICAL,True,10,0,,,,,,
1771434250.735,0.0,,,,,,,,,,,,,,,0.7131,SAFE,,10,,t443_0,0.89,NORMAL,LOCAL,SAFE: all tasks permitted (weight=0.89),
1771434250.735,0.0,59.60,4.5385,1.986,99.0,36,-7444.633,-19.86145,0.02349,1.0000,0.0000,1.0000,1.0000,0.2349,0.9930,0.6721,CRITICAL,True,10,0,,,,,,
1771434250.735,0.0,,,,,,,,,,,,,,,0.6721,SAFE,,10,,t444_0,0.64,NORMAL,LOCAL,SAFE: all tasks permitted (weight=0.64),
1771434250.735,0.0,59.59,4.5912,1.986,99.0,34,4208.906,23.86185,0.02413,1.0000,1.0000,0.8627,0.0000,0.2413,0.9930,0.7049,CRITICAL,True,10,0,,,,,,
1771434250.735,0.0,,,,,,,,,,,,,,,0.7049,SAFE,,10,,t445_0,0.69,HIGH,LOCAL,SAFE: all tasks permitted (weight=0.69),
1771434250.735,0.0,59.45,4.5499,1.986,99.0,33,-30429.835,-16.35922,0.02273,1.0000,0.0000,1.0000,1.0000,0.2273,0.9930,0.6713,CRITICAL,True,10,0,,,,,,
1771434250.735,0.0,,,,,,,,,,,,,,,0.6713,SAFE,,10,,t446_0,0.77,NORMAL,LOCAL,SAFE: all tasks permitted (weight=0.77),
1771434250.735,0.0,,,,,,,,,,,,,,,0.6713,SAFE,,10,,t446_1,0.18,HIGH,LOCAL,SAFE: all tasks permitted (weight=0.18),
1771434250.735,0.0,,,,,,,,,,,,,,,0.6713,SAFE,,10,,t446_2,0.61,HIGH,LOCAL,SAFE: all tasks permitted (weight=0.61),
1771434250.735,0.0,59.14,4.5620,1.986,99.0,34,-25215.115,34.63668,0.02270,1.0000,0.0000,0.9599,0.0000,0.2270,0.9930,0.4661,CRITICAL,True,10,0,,,,,,
1771434250.735,0.0,,,,,,,,,,,,,,,0.4661,SAFE,,10,,t447_0,0.35,NORMAL,LOCAL,SAFE: all tasks permitted (weight=0.35),
1771434250.735,0.0,,,,,,,,,,,,,,,0.4661,SAFE,,10,,t447_1,0.41,LOW,LOCAL,SAFE: all tasks permitted (weight=0.41),
1771434250.735,0.0,,,,,,,,,,,,,,,0.4661,SAFE,,10,,t447_2,0.78,NORMAL,LOCAL,SAFE: all tasks permitted (weight=0.78),
1771434250.735,0.0,60.52,4.5316,1.986,99.0,34,22059.134,-17.28531,0.02328,1.0000,1.0000,1.0000,1.0000,0.2328,0.9930,0.9219,CRITICAL,True,10,0,,,,,,
1771434250.735,0.0,,,,,,,,,,,,,,,0.9219,SAFE,,10,,t448_0,0.76,LOW,LOCAL,SAFE: all tasks permitted (weight=0.76),
1771434250.735,0.0,,,,,,,,,,,,,,,0.9219,SAFE,,10,,t448_1,0.52,LOW,LOCAL,SAFE: all tasks permitted (weight=0.52),
1771434250.735,0.0,,,,,,,,,,,,,,,0.9219,SAFE,,10,,t448_2,0.16,CRITICAL,LOCAL,SAFE: all tasks permitted (weight=0.16),
1771434250.735,0.0,,,,,,,,,,,,,,,0.9219,SAFE,,10,,t448_3,0.75,CRITICAL,LOCAL,SAFE: all tasks permitted (weight=0.75),
1771434250.735,0.0,,,,,,,,,,,,,,,0.9219,SAFE,,10,,t448_4,0.20,NORMAL,LOCAL,SAFE: all tasks permitted (weight=0.20),
1771434250.735,0.0,59.64,4.5756,1.986,99.0,36,-10217.497,3.53767,0.02412,1.0000,0.0000,0.9147,0.0000,0.2412,0.9930,0.4616,CRITICAL,True,10,0,,,,,,
1771434250.735,0.0,,,,,,,,,,,,,,,0.4616,SAFE,,10,,t449_0,0.51,CRITICAL,LOCAL,SAFE: all tasks permitted (weight=0.51),
1771434250.735,0.0,60.24,4.5448,1.986,99.0,35,11483.451,17.30491,0.02346,1.0000,1.0000,1.0000,0.0000,0.2346,0.9930,0.7221,CRITICAL,True,10,0,,,,,,
1771434250.735,0.0,,,,,,,,,,,,,,,0.7221,SAFE,,10,,t450_0,0.75,NORMAL,LOCAL,SAFE: all tasks permitted (weight=0.75),
1771434250.735,0.0,,,,,,,,,,,,,,,0.7221,SAFE,,10,,t450_1,0.37,HIGH,LOCAL,SAFE: all tasks permitted (weight=0.37),
1771434250.735,0.0,59.85,4.5669,1.986,99.0,34,-1909.750,-15.04790,0.01993,1.0000,0.0000,0.9436,1.0000,0.1993,0.9930,0.6612,CRITICAL,True,10,0,,,,,,
1771434250.735,0.0,,,,,,,,,,,,,,,0.6612,SAFE,,10,,t451_0,0.21,NORMAL,LOCAL,SAFE: all tasks permitted (weight=0.21),
1771434250.735,0.0,59.97,4.5326,1.986,99.0,32,,,0.02102,1.0000,0.0000,1.0000,0.0000,0.2102,0.9930,0.4696,CRITICAL,True,10,0,,,,,,
1771434250.735,0.0,,,,,,,,,,,,,,,0.4696,SAFE,,10,,t452_0,0.49,CRITICAL,LOCAL,SAFE: all tasks permitted (weight=0.49),
1771434250.735,0.0,,,,,,,,,,,,,,,0.4696,SAFE,,10,,t452_1,0.66,LOW,LOCAL,SAFE: all tasks permitted (weight=0.66),
1771434250.735,0.0,60.03,4.5155,1.986,99.0,32,,,0.02301,1.0000,0.0000,1.0000,0.0000,0.2301,0.9930,0.4716,CRITICAL,True,10,0,,,,,,
1771434250.735,0.0,,,,,,,,,,,,,,,0.4716,SAFE,,10,,t453_0,0.40,NORMAL,LOCAL,SAFE: all tasks permitted (weight=0.40),
1771434250.735,0.0,59.72,4.5342,1.986,99.0,31,,,0.02160,1.0000,0.0000,1.0000,0.0000,0.2160,0.9930,0.4702,CRITICAL,True,10,0,,,,,,window_reset|B=10
1771434250.735,0.0,,,,,,,,,,,,,,,0.4702,SAFE,,10,,t454_0,0.65,CRITICAL,LOCAL,SAFE: all tasks permitted (weight=0.65),
1771434250.735,0.0,,,,,,,,,,,,,,,0.4702,SAFE,,10,,t454_1,0.87,NORMAL,LOCAL,SAFE: all tasks permitted (weight=0.87),
1771434250.736,0.0,,,,,,,,,,,,,,,0.4702,SAFE,,10,,t454_2,0.80,NORMAL,LOCAL,SAFE: all tasks permitted (weight=0.80),
1771434250.736,0.0,59.89,4.5732,1.986,99.0,33,44948.818,11.12979,0.02149,1.0000,1.0000,0.9226,0.0000,0.2149,0.9930,0.7100,CRITICAL,True,10,0,,,,,,
1771434250.736,0.0,,,,,,,,,,,,,,,0.7100,SAFE,,10,,t455_0,0.43,LOW,LOCAL,SAFE: all tasks permitted (weight=0.43),
1771434250.736,0.0,,,,,,,,,,,,,,,0.7100,SAFE,,10,,t455_1,0.44,NORMAL,LOCAL,SAFE: all tasks permitted (weight=0.44),
1771434250.736,0.0,59.76,4.5791,1.986,99.0,32,-45461.340,47.26803,0.02238,1.0000,0.0000,0.9030,0.0000,0.2238,0.9930,0.4584,CRITICAL,True,10,0,,,,,,
1771434250.736,0.0,,,,,,,,,,,,,,,0.4584,SAFE,,10,,t456_0,0.63,LOW,LOCAL,SAFE: all tasks permitted (weight=0.63),
1771434250.736,0.0,,,,,,,,,,,,,,,0.4584,SAFE,,10,,t456_1,0.84,CRITICAL,LOCAL,SAFE: all tasks permitted (weight=0.84),
1771434250.736,0.0,,,,,,,,,,,,,,,0.4584,SAFE,,10,,t456_2,0.85,LOW,LOCAL,SAFE: all tasks permitted (weight=0.85),
1771434250.736,0.0,59.80,4.5553,1.986,99.0,34,9333.643,-20.25367,0.01952,1.0000,1.0000,0.9825,1.0000,0.1952,0.9930,0.9158,CRITICAL,True,10,0,,,,,,
1771434250.736,0.0,,,,,,,,,,,,,,,0.9158,SAFE,,10,,t457_0,0.29,NORMAL,LOCAL,SAFE: all tasks permitted (weight=0.29),
1771434250.736,0.0,,,,,,,,,,,,,,,0.9158,SAFE,,10,,t457_1,0.16,CRITICAL,LOCAL,SAFE: all tasks permitted (weight=0.16),
1771434250.736,0.0,,,,,,,,,,,,,,,0.9158,SAFE,,10,,t457_2,0.85,NORMAL,LOCAL,SAFE: all tasks permitted (weight=0.85),
1771434250.736,0.0,59.79,4.6288,1.986,99.0,34,-20732.821,63.87475,0.02885,1.0000,0.0000,0.7375,0.0000,0.2885,0.9930,0.4433,CRITICAL,True,10,0,,,,,,
1771434250.736,0.0,,,,,,,,,,,,,,,0.4433,SAFE,,10,,t458_0,0.59,LOW,LOCAL,SAFE: all tasks permitted (weight=0.59),
1771434250.736,0.0,60.38,4.5644,1.986,99.0,33,24464.669,-1.89991,0.02888,1.0000,1.0000,0.9520,1.0000,0.2888,0.9930,0.9212,CRITICAL,True,10,0,,,,,,
1771434250.736,0.0,,,,,,,,,,,,,,,0.9212,SAFE,,10,,t459_0,0.39,LOW,LOCAL,SAFE: all tasks permitted (weight=0.39),
1771434250.736,0.0,,,,,,,,,,,,,,,0.9212,SAFE,,10,,t459_1,0.27,NORMAL,LOCAL,SAFE: all tasks permitted (weight=0.27),
1771434250.736,0.0,59.39,4.5202,1.986,99.0,32,-26511.635,-9.43659,0.02992,1.0000,0.0000,1.0000,1.0000,0.2992,0.9930,0.6785,CRITICAL,True,10,0,,,,,,
1771434250.736,0.0,,,,,,,,,,,,,,,0.6785,SAFE,,10,,t460_0,0.66,LOW,LOCAL,SAFE: all tasks permitted (weight=0.66),
1771434250.736,0.0,,,,,,,,,,,,,,,0.6785,SAFE,,10,,t460_1,0.77,HIGH,LOCAL,SAFE: all tasks permitted (weight=0.77),
1771434250.736,0.0,,,,,,,,,,,,,,,0.6785,SAFE,,10,,t460_2,0.72,NORMAL,LOCAL,SAFE: all tasks permitted (weight=0.72),
1771434250.736,0.0,,,,,,,,,,,,,,,0.6785,SAFE,,10,,t460_3,0.67,LOW,LOCAL,SAFE: all tasks permitted (weight=0.67),
1771434250.736,0.0,59.57,4.5958,1.986,99.0,35,-21073.880,61.09399,0.03142,1.0000,0.0000,0.8475,0.0000,0.3142,0.9930,0.4602,CRITICAL,True,10,0,,,,,,
1771434250.736,0.0,,,,,,,,,,,,,,,0.4602,SAFE,,10,,t461_0,0.73,NORMAL,LOCAL,SAFE: all tasks permitted (weight=0.73),
1771434250.736,0.0,,,,,,,,,,,,,,,0.4602,SAFE,,10,,t461_1,0.70,CRITICAL,LOCAL,SAFE: all tasks permitted (weight=0.70),
1771434250.736,0.0,,,,,,,,,,,,,,,0.4602,SAFE,,10,,t461_2,0.48,HIGH,LOCAL,SAFE: all tasks permitted (weight=0.48),
1771434250.736,0.0,,,,,,,,,,,,,,,0.4602,SAFE,,10,,t461_3,0.76,NORMAL,LOCAL,SAFE: all tasks permitted (weight=0.76),
1771434250.736,0.0,,,,,,,,,,,,,,,0.4602,SAFE,,10,,t461_4,0.55,HIGH,LOCAL,SAFE: all tasks permitted (weight=0.55),
1771434250.736,0.0,,,,,,,,,,,,,,,0.4602,SAFE,,10,,t461_5,0.79,LOW,LOCAL,SAFE: all tasks permitted (weight=0.79),
1771434250.736,0.0,60.00,4.5823,1.986,99.0,40,12879.589,36.61310,0.03169,1.0000,1.0000,0.8924,0.0000,0.3169,0.9930,0.7163,CRITICAL,True,10,0,,,,,,
1771434250.736,0.0,,,,,,,,,,,,,,,0.7163,SAFE,,10,,t462_0,0.70,HIGH,LOCAL,SAFE: all tasks permitted (weight=0.70),
1771434250.736,0.0,59.82,4.5543,1.986,99.0,38,-5895.279,-25.87672,0.03173,1.0000,0.0000,0.9855,1.0000,0.3173,0.9930,0.6784,CRITICAL,True,10,0,,,,,,
1771434250.736,0.0,,,,,,,,,,,,,,,0.6784,SAFE,,10,,t463_0,0.61,LOW,LOCAL,SAFE: all tasks permitted (weight=0.61),
1771434250.736,0.0,,,,,,,,,,,,,,,0.6784,SAFE,,10,,t463_1,0.77,LOW,LOCAL,SAFE: all tasks permitted (weight=0.77),
1771434250.736,0.0,,,,,,,,,,,,,,,0.6784,SAFE,,10,,t463_2,0.47,HIGH,LOCAL,SAFE: all tasks permitted (weight=0.47),
1771434250.736,0.0,59.89,4.5281,1.986,99.0,39,11122.689,-69.95590,0.03209,1.0000,1.0000,1.0000,1.0000,0.3209,0.9930,0.9307,CRITICAL,True,10,0,,,,,,
1771434250.736,0.0,,,,,,,,,,,,,,,0.9307,SAFE,,10,,t464_0,0.20,NORMAL,LOCAL,SAFE: all tasks permitted (weight=0.20),
1771434250.736,0.0,,,,,,,,,,,,,,,0.9307,SAFE,,10,,t464_1,0.85,NORMAL,LOCAL,SAFE: all tasks permitted (weight=0.85),
1771434250.736,0.0,,,,,,,,,,,,,,,0.9307,SAFE,,10,,t464_2,0.87,NORMAL,LOCAL,SAFE: all tasks permitted (weight=0.87),
1771434250.736,0.0,59.56,4.5511,1.986,99.0,40,-19858.344,-5.75832,0.02927,1.0000,0.0000,0.9965,1.0000,0.2927,0.9930,0.6774,CRITICAL,True,10,0,,,,,,
1771434250.736,0.0,,,,,,,,,,,,,,,0.6774,SAFE,,10,,t465_0,0.33,CRITICAL,LOCAL,SAFE: all tasks permitted (weight=0.33),
1771434250.736,0.0,,,,,,,,,,,,,,,0.6774,SAFE,,10,,t465_1,0.55,LOW,LOCAL,SAFE: all tasks permitted (weight=0.55),
1771434250.736,0.0,,,,,,,,,,,,,,,0.6774,SAFE,,10,,t465_2,0.84,NORMAL,LOCAL,SAFE: all tasks permitted (weight=0.84),
1771434250.736,0.0,,,,,,,,,,,,,,,0.6774,SAFE,,10,,t465_3,0.25,NORMAL,LOCAL,SAFE: all tasks permitted (weight=0.25),
1771434250.736,0.0,,,,,,,,,,,,,,,0.6774,SAFE,,10,,t465_4,0.24,LOW,LOCAL,SAFE: all tasks permitted (weight=0.24),
1771434250.736,0.0,59.67,4.5604,1.986,99.0,41,-16602.271,-162.99921,0.02792,1.0000,0.0000,0.9653,1.0000,0.2792,0.9930,0.6720,CRITICAL,True,10,0,,,,,,
1771434250.736,0.0,,,,,,,,,,,,,,,0.6720,SAFE,,10,,t466_0,0.65,NORMAL,LOCAL,SAFE: all tasks permitted (weight=0.65),
1771434250.736,0.0,,,,,,,,,,,,,,,0.6720,SAFE,,10,,t466_1,0.56,NORMAL,LOCAL,SAFE: all tasks permitted (weight=0.56),
1771434250.736,0.0,,,,,,,,,,,,,,,0.6720,SAFE,,10,,t466_2,0.32,LOW,LOCAL,SAFE: all tasks permitted (weight=0.32),
1771434250.736,0.0,,,,,,,,,,,,,,,0.6720,SAFE,,10,,t466_3,0.31,NORMAL,LOCAL,SAFE: all tasks permitted (weight=0.31),
1771434250.736,0.0,59.79,4.5287,1.986,99.0,41,-84731.904,-85.06034,0.02963,1.0000,0.0000,1.0000,1.0000,0.2963,0.9930,0.6782,CRITICAL,True,10,0,,,,,,window_reset|B=10
1771434250.736,0.0,,,,,,,,,,,,,,,0.6782,SAFE,,10,,t467_0,0.65,HIGH,LOCAL,SAFE: all tasks permitted (weight=0.65),
1771434250.736,0.0,,,,,,,,,,,,,,,0.6782,SAFE,,10,,t467_1,0.60,HIGH,LOCAL,SAFE: all tasks permitted (weight=0.60),
1771434250.736,0.0,,,,,,,,,,,,,,,0.6782,SAFE,,10,,t467_2,0.51,CRITICAL,LOCAL,SAFE: all tasks permitted (weight=0.51),
1771434250.736,0.0,60.03,4.5353,1.986,99.0,42,92552.886,36.14190,0.03004,1.0000,1.0000,1.0000,0.0000,0.3004,0.9930,0.7286,CRITICAL,True,10,0,,,,,,
1771434250.737,0.0,,,,,,,,,,,,,,,0.7286,SAFE,,10,,t468_0,0.57,NORMAL,LOCAL,SAFE: all tasks permitted (weight=0.57),
1771434250.737,0.0,,,,,,,,,,,,,,,0.7286,SAFE,,10,,t468_1,0.37,LOW,LOCAL,SAFE: all tasks permitted (weight=0.37),
1771434250.737,0.0,,,,,,,,,,,,,,,0.7286,SAFE,,10,,t468_2,0.21,NORMAL,LOCAL,SAFE: all tasks permitted (weight=0.21),
1771434250.737,0.0,59.48,4.5515,1.986,99.0,41,-6006.121,-47.85138,0.03009,1.0000,0.0000,0.9950,1.0000,0.3009,0.9930,0.6780,CRITICAL,True,10,0,,,,,,
1771434250.737,0.0,,,,,,,,,,,,,,,0.6780,SAFE,,10,,t469_0,0.68,NORMAL,LOCAL,SAFE: all tasks permitted (weight=0.68),
1771434250.737,0.0,,,,,,,,,,,,,,,0.6780,SAFE,,10,,t469_1,0.53,CRITICAL,LOCAL,SAFE: all tasks permitted (weight=0.53),
1771434250.737,0.0,59.33,4.5674,1.986,99.0,40,-43836.819,-16.13587,0.02176,1.0000,0.0000,0.9421,1.0000,0.2176,0.9930,0.6628,CRITICAL,True,10,0,,,,,,
1771434250.737,0.0,,,,,,,,,,,,,,,0.6628,SAFE,,10,,t470_0,0.62,HIGH,LOCAL,SAFE: all tasks permitted (weight=0.62),
1771434250.737,0.0,,,,,,,,,,,,,,,0.6628,SAFE,,10,,t470_1,0.54,NORMAL,LOCAL,SAFE: all tasks permitted (weight=0.54),
1771434250.737,0.0,,,,,,,,,,,,,,,0.6628,SAFE,,10,,t470_2,0.80,NORMAL,LOCAL,SAFE: all tasks permitted (weight=0.80),
1771434250.737,0.0,59.32,4.5711,1.986,99.0,41,-59989.133,33.06945,0.02212,1.0000,0.0000,0.9298,0.0000,0.2212,0.9930,0.4616,CRITICAL,True,10,0,,,,,,
1771434250.737,0.0,,,,,,,,,,,,,,,0.4616,SAFE,,10,,t471_0,0.66,HIGH,LOCAL,SAFE: all tasks permitted (weight=0.66),
1771434250.737,0.0,59.81,4.5524,1.986,99.0,39,-9693.594,48.12265,0.01969,1.0000,0.0000,0.9919,0.0000,0.1969,0.9930,0.4672,CRITICAL,True,10,0,,,,,,
1771434250.737,0.0,,,,,,,,,,,,,,,0.4672,SAFE,,10,,t472_0,0.46,LOW,LOCAL,SAFE: all tasks permitted (weight=0.46),
1771434250.737,0.0,58.81,4.5503,1.986,99.0,37,-89068.389,-1.57272,0.01576,1.0000,0.0000,0.9991,1.0000,0.1576,0.9930,0.6642,CRITICAL,True,10,0,,,,,,
1771434250.737,0.0,,,,,,,,,,,,,,,0.6642,SAFE,,10,,t473_0,0.16,LOW,LOCAL,SAFE: all tasks permitted (weight=0.16),
1771434250.737,0.0,,,,,,,,,,,,,,,0.6642,SAFE,,10,,t473_1,0.38,CRITICAL,LOCAL,SAFE: all tasks permitted (weight=0.38),
1771434250.737,0.0,,,,,,,,,,,,,,,0.6642,SAFE,,10,,t473_2,0.87,NORMAL,LOCAL,SAFE: all tasks permitted (weight=0.87),
1771434250.737,0.0,59.44,4.5702,1.986,99.0,37,-27466.777,19.36907,0.01414,1.0000,0.0000,0.9327,0.0000,0.1414,0.9930,0.4540,CRITICAL,True,10,0,,,,,,
1771434250.737,0.0,,,,,,,,,,,,,,,0.4540,SAFE,,10,,t474_0,0.66,NORMAL,LOCAL,SAFE: all tasks permitted (weight=0.66),
1771434250.737,0.0,,,,,,,,,,,,,,,0.4540,SAFE,,10,,t474_1,0.35,NORMAL,LOCAL,SAFE: all tasks permitted (weight=0.35),
1771434250.737,0.0,,,,,,,,,,,,,,,0.4540,SAFE,,10,,t474_2,0.27,HIGH,LOCAL,SAFE: all tasks permitted (weight=0.27),
1771434250.737,0.0,,,,,,,,,,,,,,,0.4540,SAFE,,10,,t474_3,0.87,HIGH,LOCAL,SAFE: all tasks permitted (weight=0.87),
1771434250.737,0.0,59.93,4.5517,1.986,99.0,39,16320.094,45.36788,0.01412,1.0000,1.0000,0.9944,0.0000,0.1412,0.9930,0.7120,CRITICAL,True,10,0,,,,,,
1771434250.737,0.0,,,,,,,,,,,,,,,0.7120,SAFE,,10,,t475_0,0.80,NORMAL,LOCAL,SAFE: all tasks permitted (weight=0.80),
1771434250.737,0.0,59.77,4.5326,1.986,99.0,38,-31856.585,-5.47626,0.01355,1.0000,0.0000,1.0000,1.0000,0.1355,0.9930,0.6621,CRITICAL,True,10,0,,,,,,
1771434250.737,0.0,,,,,,,,,,,,,,,0.6621,SAFE,,10,,t476_0,0.20,HIGH,LOCAL,SAFE: all tasks permitted (weight=0.20),
1771434250.737,0.0,,,,,,,,,,,,,,,0.6621,SAFE,,10,,t476_1,0.39,NORMAL,LOCAL,SAFE: all tasks permitted (weight=0.39),
1771434250.737,0.0,,,,,,,,,,,,,,,0.6621,SAFE,,10,,t476_2,0.77,LOW,LOCAL,SAFE: all tasks permitted (weight=0.77),
1771434250.737,0.0,59.34,4.5241,1.986,99.0,37,,,0.01558,1.0000,0.0000,1.0000,0.0000,0.1558,0.9930,0.4642,CRITICAL,True,10,0,,,,,,
1771434250.737,0.0,,,,,,,,,,,,,,,0.4642,SAFE,,10,,t477_0,0.48,LOW,LOCAL,SAFE: all tasks permitted (weight=0.48),
1771434250.738,0.0,,,,,,,,,,,,,,,0.4642,SAFE,,10,,t477_1,0.22,CRITICAL,LOCAL,SAFE: all tasks permitted (weight=0.22),
1771434250.738,0.0,,,,,,,,,,,,,,,0.4642,SAFE,,10,,t477_2,0.55,CRITICAL,LOCAL,SAFE: all tasks permitted (weight=0.55),
1771434250.738,0.0,59.66,4.5591,1.986,99.0,37,19400.751,-8.13309,0.01551,1.0000,1.0000,0.9697,1.0000,0.1551,0.9930,0.9102,CRITICAL,True,10,0,,,,,,
1771434250.738,0.0,,,,,,,,,,,,,,,0.9102,SAFE,,10,,t478_0,0.27,LOW,LOCAL,SAFE: all tasks permitted (weight=0.27),
1771434250.738,0.0,,,,,,,,,,,,,,,0.9102,SAFE,,10,,t478_1,0.74,LOW,LOCAL,SAFE: all tasks permitted (weight=0.74),
1771434250.738,0.0,,,,,,,,,,,,,,,0.9102,SAFE,,10,,t478_2,0.18,NORMAL,LOCAL,SAFE: all tasks permitted (weight=0.18),
1771434250.738,0.0,,,,,,,,,,,,,,,0.9102,SAFE,,10,,t478_3,0.50,LOW,LOCAL,SAFE: all tasks permitted (weight=0.50),
1771434250.738,0.0,,,,,,,,,,,,,,,0.9102,SAFE,,10,,t478_4,0.77,NORMAL,LOCAL,SAFE: all tasks permitted (weight=0.77),
1771434250.738,0.0,59.77,4.5402,1.986,99.0,39,26867.777,-30.28046,0.01452,1.0000,1.0000,1.0000,1.0000,0.1452,0.9930,0.9131,CRITICAL,True,10,0,,,,,,
1771434250.738,0.0,,,,,,,,,,,,,,,0.9131,SAFE,,10,,t479_0,0.25,NORMAL,LOCAL,SAFE: all tasks permitted (weight=0.25),
1771434250.738,0.0,,,,,,,,,,,,,,,0.9131,SAFE,,10,,t479_1,0.89,HIGH,LOCAL,SAFE: all tasks permitted (weight=0.89),
1771434250.738,0.0,59.25,4.5612,1.986,99.0,38,-33111.372,8.62008,0.01402,1.0000,0.0000,0.9626,0.0000,0.1402,0.9930,0.4578,CRITICAL,True,10,0,,,,,,window_reset|B=10
1771434250.738,0.0,,,,,,,,,,,,,,,0.4578,SAFE,,10,,t480_0,0.16,NORMAL,LOCAL,SAFE: all tasks permitted (weight=0.16),
1771434250.738,0.0,,,,,,,,,,,,,,,0.4578,SAFE,,10,,t480_1,0.86,HIGH,LOCAL,SAFE: all tasks permitted (weight=0.86),
1771434250.738,0.0,59.74,4.5458,1.986,99.0,38,55076.412,-4.37132,0.01415,1.0000,1.0000,1.0000,1.0000,0.1415,0.9930,0.9127,CRITICAL,True,10,0,,,,,,
1771434250.738,0.0,,,,,,,,,,,,,,,0.9127,SAFE,,10,,t481_0,0.54,LOW,LOCAL,SAFE: all tasks permitted (weight=0.54),
1771434250.738,0.0,,,,,,,,,,,,,,,0.9127,SAFE,,10,,t481_1,0.23,LOW,LOCAL,SAFE: all tasks permitted (weight=0.23),
1771434250.738,0.0,,,,,,,,,,,,,,,0.9127,SAFE,,10,,t481_2,0.39,LOW,LOCAL,SAFE: all tasks permitted (weight=0.39),
1771434250.738,0.0,,,,,,,,,,,,,,,0.9127,SAFE,,10,,t481_3,0.57,CRITICAL,LOCAL,SAFE: all tasks permitted (weight=0.57),
1771434250.738,0.0,59.46,4.5585,1.986,99.0,38,1171.124,-11.49790,0.01355,1.0000,1.0000,0.9717,1.0000,0.1355,0.9930,0.9085,CRITICAL,True,10,0,,,,,,
1771434250.738,0.0,,,,,,,,,,,,,,,0.9085,SAFE,,10,,t482_0,0.80,NORMAL,LOCAL,SAFE: all tasks permitted (weight=0.80),
1771434250.738,0.0,,,,,,,,,,,,,,,0.9085,SAFE,,10,,t482_1,0.70,HIGH,LOCAL,SAFE: all tasks permitted (weight=0.70),
1771434250.738,0.0,59.73,4.5601,1.986,99.0,38,-11808.179,8.26579,0.01253,1.0000,0.0000,0.9663,0.0000,0.1253,0.9930,0.4568,CRITICAL,True,10,0,,,,,,
1771434250.738,0.0,,,,,,,,,,,,,,,0.4568,SAFE,,10,,t483_0,0.41,HIGH,LOCAL,SAFE: all tasks permitted (weight=0.41),
1771434250.738,0.0,,,,,,,,,,,,,,,0.4568,SAFE,,10,,t483_1,0.41,NORMAL,LOCAL,SAFE: all tasks permitted (weight=0.41),
1771434250.738,0.0,,,,,,,,,,,,,,,0.4568,SAFE,,10,,t483_2,0.22,LOW,LOCAL,SAFE: all tasks permitted (weight=0.22),
1771434250.738,0.0,58.80,4.5468,1.986,99.0,37,-56788.855,13.99737,0.01255,1.0000,0.0000,1.0000,0.0000,0.1255,0.9930,0.4612,CRITICAL,True,10,0,,,,,,
1771434250.738,0.0,,,,,,,,,,,,,,,0.4612,SAFE,,10,,t484_0,0.80,CRITICAL,LOCAL,SAFE: all tasks permitted (weight=0.80),
1771434250.738,0.0,59.69,4.5925,1.986,99.0,36,20412.828,67.17421,0.01719,1.0000,1.0000,0.8583,0.0000,0.1719,0.9930,0.6974,CRITICAL,True,10,0,,,,,,
1771434250.738,0.0,,,,,,,,,,,,,,,0.6974,SAFE,,10,,t485_0,0.41,HIGH,LOCAL,SAFE: all tasks permitted (weight=0.41),
1771434250.738,0.0,,,,,,,,,,,,,,,0.6974,SAFE,,10,,t485_1,0.48,NORMAL,LOCAL,SAFE: all tasks permitted (weight=0.48),
1771434250.738,0.0,59.37,4.5861,1.986,99.0,35,,,0.01895,1.0000,0.0000,0.8796,0.0000,0.1895,0.9930,0.4519,CRITICAL,True,10,0,,,,,,
1771434250.738,0.0,,,,,,,,,,,,,,,0.4519,SAFE,,10,,t486_0,0.28,LOW,LOCAL,SAFE: all tasks permitted (weight=0.28),
1771434250.738,0.0,,,,,,,,,,,,,,,0.4519,SAFE,,10,,t486_1,0.60,LOW,LOCAL,SAFE: all tasks permitted (weight=0.60),
1771434250.738,0.0,,,,,,,,,,,,,,,0.4519,SAFE,,10,,t486_2,0.71,NORMAL,LOCAL,SAFE: all tasks permitted (weight=0.71),
1771434250.738,0.0,59.62,4.5646,1.986,99.0,36,,,0.01910,1.0000,0.0000,0.9513,0.0000,0.1910,0.9930,0.4614,CRITICAL,True,10,0,,,,,,
1771434250.738,0.0,,,,,,,,,,,,,,,0.4614,SAFE,,10,,t487_0,0.88,NORMAL,LOCAL,SAFE: all tasks permitted (weight=0.88),
1771434250.738,0.0,,,,,,,,,,,,,,,0.4614,SAFE,,10,,t487_1,0.68,HIGH,LOCAL,SAFE: all tasks permitted (weight=0.68),
1771434250.738,0.0,60.08,4.5290,1.986,99.0,36,,,0.01949,1.0000,0.0000,1.0000,0.0000,0.1949,0.9930,0.4681,CRITICAL,True,10,0,,,,,,
1771434250.738,0.0,,,,,,,,,,,,,,,0.4681,SAFE,,10,,t488_0,0.81,HIGH,LOCAL,SAFE: all tasks permitted (weight=0.81),
1771434250.738,0.0,,,,,,,,,,,,,,,0.4681,SAFE,,10,,t488_1,0.75,NORMAL,LOCAL,SAFE: all tasks permitted (weight=0.75),
1771434250.738,0.0,59.09,4.5943,1.986,99.0,36,,,0.01967,1.0000,0.0000,0.8523,0.0000,0.1967,0.9930,0.4491,CRITICAL,True,10,0,,,,,,
1771434250.738,0.0,,,,,,,,,,,,,,,0.4491,SAFE,,10,,t489_0,0.18,NORMAL,LOCAL,SAFE: all tasks permitted (weight=0.18),
1771434250.738,0.0,,,,,,,,,,,,,,,0.4491,SAFE,,10,,t489_1,0.71,LOW,LOCAL,SAFE: all tasks permitted (weight=0.71),
1771434250.738,0.0,59.02,4.5551,1.986,99.0,36,,,0.01974,1.0000,0.0000,0.9831,0.0000,0.1974,0.9930,0.4661,CRITICAL,True,10,0,,,,,,
1771434250.738,0.0,,,,,,,,,,,,,,,0.4661,SAFE,,10,,t490_0,0.18,HIGH,LOCAL,SAFE: all tasks permitted (weight=0.18),
1771434250.738,0.0,,,,,,,,,,,,,,,0.4661,SAFE,,10,,t490_1,0.34,NORMAL,LOCAL,SAFE: all tasks permitted (weight=0.34),
1771434250.738,0.0,,,,,,,,,,,,,,,0.4661,SAFE,,10,,t490_2,0.37,LOW,LOCAL,SAFE: all tasks permitted (weight=0.37),
1771434250.738,0.0,59.85,4.5177,1.986,99.0,35,,,0.02251,1.0000,0.0000,1.0000,0.0000,0.2251,0.9930,0.4711,CRITICAL,True,10,0,,,,,,
1771434250.738,0.0,,,,,,,,,,,,,,,0.4711,SAFE,,10,,t491_0,0.67,NORMAL,LOCAL,SAFE: all tasks permitted (weight=0.67),
1771434250.738,0.0,59.25,4.5267,1.986,99.0,33,,,0.02422,1.0000,0.0000,1.0000,0.0000,0.2422,0.9930,0.4728,CRITICAL,True,10,0,,,,,,
1771434250.738,0.0,,,,,,,,,,,,,,,0.4728,SAFE,,10,,t492_0,0.67,HIGH,LOCAL,SAFE: all tasks permitted (weight=0.67),
1771434250.738,0.0,,,,,,,,,,,,,,,0.4728,SAFE,,10,,t492_1,0.25,CRITICAL,LOCAL,SAFE: all tasks permitted (weight=0.25),
1771434250.738,0.0,,,,,,,,,,,,,,,0.4728,SAFE,,10,,t492_2,0.37,NORMAL,LOCAL,SAFE: all tasks permitted (weight=0.37),
1771434250.738,0.0,59.65,4.5616,1.986,99.0,33,,,0.02404,1.0000,0.0000,0.9612,0.0000,0.2404,0.9930,0.4676,CRITICAL,True,10,0,,,,,,window_reset|B=10
1771434250.738,0.0,,,,,,,,,,,,,,,0.4676,SAFE,,10,,t493_0,0.83,LOW,LOCAL,SAFE: all tasks permitted (weight=0.83),
1771434250.738,0.0,,,,,,,,,,,,,,,0.4676,SAFE,,10,,t493_1,0.41,CRITICAL,LOCAL,SAFE: all tasks permitted (weight=0.41),
1771434250.738,0.0,59.56,4.5835,1.986,99.0,33,,,0.02507,1.0000,0.0000,0.8885,0.0000,0.2507,0.9930,0.4592,CRITICAL,True,10,0,,,,,,
1771434250.738,0.0,,,,,,,,,,,,,,,0.4592,SAFE,,10,,t494_0,0.75,CRITICAL,LOCAL,SAFE: all tasks permitted (weight=0.75),
1771434250.738,0.0,,,,,,,,,,,,,,,0.4592,SAFE,,10,,t494_1,0.16,LOW,LOCAL,SAFE: all tasks permitted (weight=0.16),
1771434250.738,0.0,59.60,4.5338,1.986,99.0,33,,,0.02608,1.0000,0.0000,1.0000,0.0000,0.2608,0.9930,0.4747,CRITICAL,True,10,0,,,,,,
1771434250.738,0.0,,,,,,,,,,,,,,,0.4747,SAFE,,10,,t495_0,0.26,NORMAL,LOCAL,SAFE: all tasks permitted (weight=0.26),
1771434250.738,0.0,,,,,,,,,,,,,,,0.4747,SAFE,,10,,t495_1,0.35,HIGH,LOCAL,SAFE: all tasks permitted (weight=0.35),
1771434250.738,0.0,,,,,,,,,,,,,,,0.4747,SAFE,,10,,t495_2,0.74,LOW,LOCAL,SAFE: all tasks permitted (weight=0.74),
1771434250.738,0.0,,,,,,,,,,,,,,,0.4747,SAFE,,10,,t495_3,0.53,HIGH,LOCAL,SAFE: all tasks permitted (weight=0.53),
1771434250.738,0.0,59.89,4.5372,1.986,99.0,34,,,0.02654,1.0000,0.0000,1.0000,0.0000,0.2654,0.9930,0.4751,CRITICAL,True,10,0,,,,,,
1771434250.738,0.0,,,,,,,,,,,,,,,0.4751,SAFE,,10,,t496_0,0.84,NORMAL,LOCAL,SAFE: all tasks permitted (weight=0.84),
1771434250.738,0.0,,,,,,,,,,,,,,,0.4751,SAFE,,10,,t496_1,0.20,CRITICAL,LOCAL,SAFE: all tasks permitted (weight=0.20),
1771434250.738,0.0,,,,,,,,,,,,,,,0.4751,SAFE,,10,,t496_2,0.25,LOW,LOCAL,SAFE: all tasks permitted (weight=0.25),
1771434250.738,0.0,59.57,4.6179,1.986,99.0,34,,,0.03008,1.0000,0.0000,0.7737,0.0000,0.3008,0.9930,0.4493,CRITICAL,True,10,0,,,,,,
1771434250.738,0.0,,,,,,,,,,,,,,,0.4493,SAFE,,10,,t497_0,0.33,LOW,LOCAL,SAFE: all tasks permitted (weight=0.33),
1771434250.739,0.0,,,,,,,,,,,,,,,0.4493,SAFE,,10,,t497_1,0.53,NORMAL,LOCAL,SAFE: all tasks permitted (weight=0.53),
1771434250.739,0.0,60.08,4.5698,1.986,99.0,33,41686.131,9.64609,0.02917,1.0000,1.0000,0.9339,0.0000,0.2917,0.9930,0.7192,CRITICAL,True,10,0,,,,,,
1771434250.739,0.0,,,,,,,,,,,,,,,0.7192,SAFE,,10,,t498_0,0.34,NORMAL,LOCAL,SAFE: all tasks permitted (weight=0.34),
1771434250.739,0.0,,,,,,,,,,,,,,,0.7192,SAFE,,10,,t498_1,0.41,NORMAL,LOCAL,SAFE: all tasks permitted (weight=0.41),
1771434250.739,0.0,59.84,4.5203,1.986,99.0,32,-389.260,1.67303,0.03081,1.0000,0.0000,1.0000,0.0000,0.3081,0.9930,0.4794,CRITICAL,True,10,0,,,,,,
1771434250.739,0.0,,,,,,,,,,,,,,,0.4794,SAFE,,10,,t499_0,0.25,HIGH,LOCAL,SAFE: all tasks permitted (weight=0.25),
1771434250.739,0.0,,,,,,,,,,,,,,,0.4794,SAFE,,10,,t499_1,0.63,CRITICAL,LOCAL,SAFE: all tasks permitted (weight=0.63),
1771434250.739,0.0,59.96,4.5779,1.986,99.0,31,27550.591,33.47055,0.03048,1.0000,1.0000,0.9070,0.0000,0.3048,0.9930,0.7170,CRITICAL,True,10,0,,,,,,
1771434250.739,0.0,,,,,,,,,,,,,,,0.7170,SAFE,,10,,t500_0,0.59,NORMAL,LOCAL,SAFE: all tasks permitted (weight=0.59),
1771434250.739,0.0,,,,,,,,,,,,,,,0.7170,SAFE,,10,,t500_1,0.90,NORMAL,LOCAL,SAFE: all tasks permitted (weight=0.90),
1771434250.739,0.0,,,,,,,,,,,,,,,0.7170,SAFE,,10,,t500_2,0.83,HIGH,LOCAL,SAFE: all tasks permitted (weight=0.83),
1771434250.739,0.0,59.81,4.5558,1.986,99.0,34,6368.660,-3.78612,0.02845,1.0000,1.0000,0.9805,1.0000,0.2845,0.9930,0.9245,CRITICAL,True,10,0,,,,,,
1771434250.739,0.0,,,,,,,,,,,,,,,0.9245,SAFE,,10,,t501_0,0.25,HIGH,LOCAL,SAFE: all tasks permitted (weight=0.25),
1771434250.739,0.0,59.50,4.5707,1.986,99.0,32,-2162.265,-8.37076,0.02878,1.0000,0.0000,0.9311,1.0000,0.2878,0.9930,0.6684,CRITICAL,True,10,0,,,,,,
1771434250.739,0.0,,,,,,,,,,,,,,,0.6684,SAFE,,10,,t502_0,0.85,HIGH,LOCAL,SAFE: all tasks permitted (weight=0.85),
1771434250.739,0.0,,,,,,,,,,,,,,,0.6684,SAFE,,10,,t502_1,0.49,CRITICAL,LOCAL,SAFE: all tasks permitted (weight=0.49),
1771434250.739,0.0,,,,,,,,,,,,,,,0.6684,SAFE,,10,,t502_2,0.65,HIGH,LOCAL,SAFE: all tasks permitted (weight=0.65),
1771434250.739,0.0,59.34,4.5322,1.986,99.0,33,-9969.125,-1.06957,0.02743,1.0000,0.0000,1.0000,1.0000,0.2743,0.9930,0.6760,CRITICAL,True,10,0,,,,,,
1771434250.739,0.0,,,,,,,,,,,,,,,0.6760,SAFE,,10,,t503_0,0.47,HIGH,LOCAL,SAFE: all tasks permitted (weight=0.47),
1771434250.739,0.0,59.35,4.5817,1.986,99.0,32,-21376.085,29.09195,0.02652,1.0000,0.0000,0.8943,0.0000,0.2652,0.9930,0.4614,CRITICAL,True,10,0,,,,,,
1771434250.739,0.0,,,,,,,,,,,,,,,0.4614,SAFE,,10,,t504_0,0.36,LOW,LOCAL,SAFE: all tasks permitted (weight=0.36),
1771434250.739,0.0,59.40,4.5497,1.986,99.0,30,-6597.213,-44.61895,0.02673,1.0000,0.0000,1.0000,1.0000,0.2673,0.9930,0.6753,CRITICAL,True,10,0,,,,,,
1771434250.739,0.0,,,,,,,,,,,,,,,0.6753,SAFE,,10,,t505_0,0.78,LOW,LOCAL,SAFE: all tasks permitted (weight=0.78),
1771434250.739,0.0,59.70,4.5649,1.986,99.0,29,,,0.02590,1.0000,0.0000,0.9503,0.0000,0.2590,0.9930,0.4680,CRITICAL,True,10,0,,,,,,window_reset|B=10
1771434250.740,0.0,,,,,,,,,,,,,,,0.4680,SAFE,,10,,t506_0,0.32,HIGH,LOCAL,SAFE: all tasks permitted (weight=0.32),
1771434250.740,0.0,,,,,,,,,,,,,,,0.4680,SAFE,,10,,t506_1,0.54,NORMAL,LOCAL,SAFE: all tasks permitted (weight=0.54),
1771434250.740,0.0,59.40,4.5538,1.986,99.0,29,-38451.342,48.90656,0.02483,1.0000,0.0000,0.9872,0.0000,0.2483,0.9930,0.4718,CRITICAL,True,10,0,,,,,,
1771434250.740,0.0,,,,,,,,,,,,,,,0.4718,SAFE,,10,,t507_0,0.17,NORMAL,LOCAL,SAFE: all tasks permitted (weight=0.17),
1771434250.740,0.0,,,,,,,,,,,,,,,0.4718,SAFE,,10,,t507_1,0.78,NORMAL,LOCAL,SAFE: all tasks permitted (weight=0.78),
1771434250.740,0.0,,,,,,,,,,,,,,,0.4718,SAFE,,10,,t507_2,0.77,NORMAL,LOCAL,SAFE: all tasks permitted (weight=0.77),
1771434250.740,0.0,59.68,4.5716,1.986,99.0,30,-23898.917,-9.15410,0.02389,1.0000,0.0000,0.9279,1.0000,0.2389,0.9930,0.6631,CRITICAL,True,10,0,,,,,,
1771434250.740,0.0,,,,,,,,,,,,,,,0.6631,SAFE,,10,,t508_0,0.65,LOW,LOCAL,SAFE: all tasks permitted (weight=0.65),
1771434250.740,0.0,59.95,4.5534,1.986,99.0,29,11957.605,-3.56786,0.01754,1.0000,1.0000,0.9887,1.0000,0.1754,0.9930,0.9147,CRITICAL,True,10,0,,,,,,
1771434250.740,0.0,,,,,,,,,,,,,,,0.9147,SAFE,,10,,t509_0,0.59,HIGH,LOCAL,SAFE: all tasks permitted (weight=0.59),
1771434250.740,0.0,,,,,,,,,,,,,,,0.9147,SAFE,,10,,t509_1,0.80,NORMAL,LOCAL,SAFE: all tasks permitted (weight=0.80),
1771434250.740,0.0,,,,,,,,,,,,,,,0.9147,SAFE,,10,,t509_2,0.75,NORMAL,LOCAL,SAFE: all tasks permitted (weight=0.75),
1771434250.740,0.0,59.55,4.5542,1.986,99.0,31,3807.977,-24.06012,0.01722,1.0000,1.0000,0.9861,1.0000,0.1722,0.9930,0.9140,CRITICAL,True,10,0,,,,,,
1771434250.740,0.0,,,,,,,,,,,,,,,0.9140,SAFE,,10,,t510_0,0.25,LOW,LOCAL,SAFE: all tasks permitted (weight=0.25),
1771434250.740,0.0,,,,,,,,,,,,,,,0.9140,SAFE,,10,,t510_1,0.67,CRITICAL,LOCAL,SAFE: all tasks permitted (weight=0.67),
1771434250.740,0.0,59.09,4.5684,1.986,99.0,30,-22376.352,52.77954,0.01333,1.0000,0.0000,0.9388,0.0000,0.1333,0.9930,0.4540,CRITICAL,True,10,0,,,,,,
1771434250.740,0.0,,,,,,,,,,,,,,,0.4540,SAFE,,10,,t511_0,0.56,LOW,LOCAL,SAFE: all tasks permitted (weight=0.56),
1771434250.740,0.0,,,,,,,,,,,,,,,0.4540,SAFE,,10,,t511_1,0.44,HIGH,LOCAL,SAFE: all tasks permitted (weight=0.44),
1771434250.740,0.0,,,,,,,,,,,,,,,0.4540,SAFE,,10,,t511_2,0.18,NORMAL,LOCAL,SAFE: all tasks permitted (weight=0.18),
1771434250.740,0.0,60.09,4.5723,1.986,99.0,30,64722.516,-13.67457,0.01283,1.0000,1.0000,0.9255,1.0000,0.1283,0.9930,0.9017,CRITICAL,True,10,0,,,,,,
1771434250.740,0.0,,,,,,,,,,,,,,,0.9017,SAFE,,10,,t512_0,0.59,HIGH,LOCAL,SAFE: all tasks permitted (weight=0.59),
1771434250.740,0.0,59.58,4.5734,1.986,99.0,29,15721.136,34.63470,0.01319,1.0000,1.0000,0.9219,0.0000,0.1319,0.9930,0.7016,CRITICAL,True,10,0,,,,,,
1771434250.740,0.0,,,,,,,,,,,,,,,0.7016,SAFE,,10,,t513_0,0.76,LOW,LOCAL,SAFE: all tasks permitted (weight=0.76),
1771434250.740,0.0,59.09,4.5410,1.986,99.0,29,-53389.851,-34.93467,0.01412,1.0000,0.0000,1.0000,1.0000,0.1412,0.9930,0.6627,CRITICAL,True,10,0,,,,,,
1771434250.741,0.0,,,,,,,,,,,,,,,0.6627,SAFE,,10,,t514_0,0.61,NORMAL,LOCAL,SAFE: all tasks permitted (weight=0.61),
1771434250.741,0.0,,,,,,,,,,,,,,,0.6627,SAFE,,10,,t514_1,0.20,LOW,LOCAL,SAFE: all tasks permitted (weight=0.20),
1771434250.741,0.0,59.54,4.5012,1.986,99.0,28,14489.893,-95.19584,0.02036,1.0000,1.0000,1.0000,1.0000,0.2036,0.9930,0.9190,CRITICAL,True,10,0,,,,,,
1771434250.741,0.0,,,,,,,,,,,,,,,0.9190,SAFE,,10,,t515_0,0.18,NORMAL,LOCAL,SAFE: all tasks permitted (weight=0.18),
1771434250.741,0.0,,,,,,,,,,,,,,,0.9190,SAFE,,10,,t515_1,0.44,HIGH,LOCAL,SAFE: all tasks permitted (weight=0.44),
1771434250.741,0.0,,,,,,,,,,,,,,,0.9190,SAFE,,10,,t515_2,0.33,LOW,LOCAL,SAFE: all tasks permitted (weight=0.33),
1771434250.741,0.0,59.80,4.5257,1.986,99.0,28,12392.932,-83.10255,0.02062,1.0000,1.0000,1.0000,1.0000,0.2062,0.9930,0.9192,CRITICAL,True,10,0,,,,,,
1771434250.741,0.0,,,,,,,,,,,,,,,0.9192,SAFE,,10,,t516_0,0.15,NORMAL,LOCAL,SAFE: all tasks permitted (weight=0.15),
1771434250.741,0.0,,,,,,,,,,,,,,,0.9192,SAFE,,10,,t516_1,0.47,NORMAL,LOCAL,SAFE: all tasks permitted (weight=0.47),
1771434250.741,0.0,,,,,,,,,,,,,,,0.9192,SAFE,,10,,t516_2,0.43,LOW,LOCAL,SAFE: all tasks permitted (weight=0.43),
1771434250.741,0.0,59.75,4.5652,1.986,99.0,28,-21295.123,21.32862,0.02088,1.0000,0.0000,0.9494,0.0000,0.2088,0.9930,0.4629,CRITICAL,True,10,0,,,,,,
1771434250.741,0.0,,,,,,,,,,,,,,,0.4629,SAFE,,10,,t517_0,0.79,NORMAL,LOCAL,SAFE: all tasks permitted (weight=0.79),
1771434250.741,0.0,,,,,,,,,,,,,,,0.4629,SAFE,,10,,t517_1,0.22,HIGH,LOCAL,SAFE: all tasks permitted (weight=0.22),
1771434250.741,0.0,,,,,,,,,,,,,,,0.4629,SAFE,,10,,t517_2,0.45,CRITICAL,LOCAL,SAFE: all tasks permitted (weight=0.45),
1771434250.741,0.0,60.08,4.5586,1.986,99.0,29,57437.957,8.03737,0.02067,1.0000,1.0000,0.9713,0.0000,0.2067,0.9930,0.7155,CRITICAL,True,10,0,,,,,,
1771434250.741,0.0,,,,,,,,,,,,,,,0.7155,SAFE,,10,,t518_0,0.89,NORMAL,LOCAL,SAFE: all tasks permitted (weight=0.89),
1771434250.741,0.0,,,,,,,,,,,,,,,0.7155,SAFE,,10,,t518_1,0.75,LOW,LOCAL,SAFE: all tasks permitted (weight=0.75),
1771434250.741,0.0,59.83,4.5256,1.986,99.0,30,80167.614,-77.33108,0.02203,1.0000,1.0000,1.0000,1.0000,0.2203,0.9930,0.9206,CRITICAL,True,10,0,,,,,,window_reset|B=10
1771434250.741,0.0,,,,,,,,,,,,,,,0.9206,SAFE,,10,,t519_0,0.42,NORMAL,LOCAL,SAFE: all tasks permitted (weight=0.42),
1771434250.741,0.0,59.92,4.5634,1.986,99.0,28,-17970.744,-16.21662,0.02150,1.0000,0.0000,0.9554,1.0000,0.2150,0.9930,0.6643,CRITICAL,True,10,0,,,,,,
1771434250.741,0.0,,,,,,,,,,,,,,,0.6643,SAFE,,10,,t520_0,0.40,HIGH,LOCAL,SAFE: all tasks permitted (weight=0.40),
1771434250.741,0.0,,,,,,,,,,,,,,,0.6643,SAFE,,10,,t520_1,0.52,LOW,LOCAL,SAFE: all tasks permitted (weight=0.52),
1771434250.741,0.0,,,,,,,,,,,,,,,0.6643,SAFE,,10,,t520_2,0.16,NORMAL,LOCAL,SAFE: all tasks permitted (weight=0.16),
1771434250.741,0.0,59.63,4.5256,1.986,99.0,28,5008.579,-86.44176,0.02250,1.0000,1.0000,1.0000,1.0000,0.2250,0.9930,0.9211,CRITICAL,True,10,0,,,,,,
1771434250.741,0.0,,,,,,,,,,,,,,,0.9211,SAFE,,10,,t521_0,0.27,NORMAL,LOCAL,SAFE: all tasks permitted (weight=0.27),
1771434250.741,0.0,,,,,,,,,,,,,,,0.9211,SAFE,,10,,t521_1,0.84,NORMAL,LOCAL,SAFE: all tasks permitted (weight=0.84),
1771434250.741,0.0,59.75,4.5448,1.986,99.0,28,71864.335,6.93082,0.02243,1.0000,1.0000,1.0000,0.0000,0.2243,0.9930,0.7210,CRITICAL,True,10,0,,,,,,
1771434250.741,0.0,,,,,,,,,,,,,,,0.7210,SAFE,,10,,t522_0,0.17,NORMAL,LOCAL,SAFE: all tasks permitted (weight=0.17),
1771434250.741,0.0,59.49,4.5334,1.986,99.0,27,,,0.02174,1.0000,0.0000,1.0000,0.0000,0.2174,0.9930,0.4703,CRITICAL,True,10,0,,,,,,
1771434250.741,0.0,,,,,,,,,,,,,,,0.4703,SAFE,,10,,t523_0,0.23,NORMAL,LOCAL,SAFE: all tasks permitted (weight=0.23),
1771434250.741,0.0,,,,,,,,,,,,,,,0.4703,SAFE,,10,,t523_1,0.63,HIGH,LOCAL,SAFE: all tasks permitted (weight=0.63),
1771434250.741,0.0,59.36,4.5929,1.986,99.0,26,,,0.02452,1.0000,0.0000,0.8570,0.0000,0.2452,0.9930,0.4545,CRITICAL,True,10,0,,,,,,
1771434250.741,0.0,,,,,,,,,,,,,,,0.4545,SAFE,,10,,t524_0,0.31,HIGH,LOCAL,SAFE: all tasks permitted (weight=0.31),
1771434250.741,0.0,,,,,,,,,,,,,,,0.4545,SAFE,,10,,t524_1,0.26,HIGH,LOCAL,SAFE: all tasks permitted (weight=0.26),
1771434250.741,0.0,59.58,4.5428,1.986,99.0,26,,,0.02308,1.0000,0.0000,1.0000,0.0000,0.2308,0.9930,0.4717,CRITICAL,True,10,0,,,,,,
1771434250.741,0.0,,,,,,,,,,,,,,,0.4717,SAFE,,10,,t525_0,0.36,NORMAL,LOCAL,SAFE: all tasks permitted (weight=0.36),
1771434250.741,0.0,,,,,,,,,,,,,,,0.4717,SAFE,,10,,t525_1,0.21,NORMAL,LOCAL,SAFE: all tasks permitted (weight=0.21),
1771434250.741,0.0,,,,,,,,,,,,,,,0.4717,SAFE,,10,,t525_2,0.81,NORMAL,LOCAL,SAFE: all tasks permitted (weight=0.81),
1771434250.741,0.0,59.10,4.5744,1.986,99.0,26,,,0.02459,1.0000,0.0000,0.9185,0.0000,0.2459,0.9930,0.4626,CRITICAL,True,10,0,,,,,,
1771434250.741,0.0,,,,,,,,,,,,,,,0.4626,SAFE,,10,,t526_0,0.59,HIGH,LOCAL,SAFE: all tasks permitted (weight=0.59),
1771434250.741,0.0,59.82,4.5634,1.986,99.0,26,,,0.02085,1.0000,0.0000,0.9554,0.0000,0.2085,0.9930,0.4637,CRITICAL,True,10,0,,,,,,
1771434250.741,0.0,,,,,,,,,,,,,,,0.4637,SAFE,,10,,t527_0,0.79,NORMAL,LOCAL,SAFE: all tasks permitted (weight=0.79),
1771434250.741,0.0,,,,,,,,,,,,,,,0.4637,SAFE,,10,,t527_1,0.71,NORMAL,LOCAL,SAFE: all tasks permitted (weight=0.71),
1771434250.741,0.0,59.49,4.5867,1.986,99.0,26,,,0.02141,1.0000,0.0000,0.8777,0.0000,0.2141,0.9930,0.4541,CRITICAL,True,10,0,,,,,,
1771434250.741,0.0,,,,,,,,,,,,,,,0.4541,SAFE,,10,,t528_0,0.43,NORMAL,LOCAL,SAFE: all tasks permitted (weight=0.43),
1771434250.741,0.0,60.29,4.5361,1.986,99.0,25,,,0.02192,1.0000,0.0000,1.0000,0.0000,0.2192,0.9930,0.4705,CRITICAL,True,10,0,,,,,,
1771434250.741,0.0,,,,,,,,,,,,,,,0.4705,SAFE,,10,,t529_0,0.24,NORMAL,LOCAL,SAFE: all tasks permitted (weight=0.24),
1771434250.741,0.0,,,,,,,,,,,,,,,0.4705,SAFE,,10,,t529_1,0.75,NORMAL,LOCAL,SAFE: all tasks permitted (weight=0.75),
1771434250.741,0.0,59.70,4.5864,1.986,99.0,25,,,0.02368,1.0000,0.0000,0.8786,0.0000,0.2368,0.9930,0.4565,CRITICAL,True,10,0,,,,,,
1771434250.741,0.0,,,,,,,,,,,,,,,0.4565,SAFE,,10,,t530_0,0.64,NORMAL,LOCAL,SAFE: all tasks permitted (weight=0.64),
1771434250.741,0.0,,,,,,,,,,,,,,,0.4565,SAFE,,10,,t530_1,0.31,NORMAL,LOCAL,SAFE: all tasks permitted (weight=0.31),
1771434250.741,0.0,59.88,4.5682,1.986,99.0,25,,,0.02195,1.0000,0.0000,0.9394,0.0000,0.2195,0.9930,0.4627,CRITICAL,True,10,0,,,,,,
1771434250.741,0.0,,,,,,,,,,,,,,,0.4627,SAFE,,10,,t531_0,0.47,LOW,LOCAL,SAFE: all tasks permitted (weight=0.47),
1771434250.742,0.0,,,,,,,,,,,,,,,0.4627,SAFE,,10,,t531_1,0.60,HIGH,LOCAL,SAFE: all tasks permitted (weight=0.60),
1771434250.742,0.0,,,,,,,,,,,,,,,0.4627,SAFE,,10,,t531_2,0.39,NORMAL,LOCAL,SAFE: all tasks permitted (weight=0.39),
1771434250.742,0.0,59.52,4.5535,1.986,99.0,26,9305.830,-37.69796,0.02198,1.0000,1.0000,0.9882,1.0000,0.2198,0.9930,0.9190,CRITICAL,True,10,0,,,,,,window_reset|B=10
1771434250.742,0.0,,,,,,,,,,,,,,,0.9190,SAFE,,10,,t532_0,0.74,NORMAL,LOCAL,SAFE: all tasks permitted (weight=0.74),
1771434250.742,0.0,59.95,4.5818,1.986,99.0,26,21282.116,37.31966,0.02029,1.0000,1.0000,0.8940,0.0000,0.2029,0.9930,0.7051,CRITICAL,True,10,0,,,,,,
1771434250.742,0.0,,,,,,,,,,,,,,,0.7051,SAFE,,10,,t533_0,0.38,LOW,LOCAL,SAFE: all tasks permitted (weight=0.38),
1771434250.742,0.0,,,,,,,,,,,,,,,0.7051,SAFE,,10,,t533_1,0.39,NORMAL,LOCAL,SAFE: all tasks permitted (weight=0.39),
1771434250.742,0.0,,,,,,,,,,,,,,,0.7051,SAFE,,10,,t533_2,0.35,CRITICAL,LOCAL,SAFE: all tasks permitted (weight=0.35),
1771434250.742,0.0,59.24,4.5264,1.986,99.0,26,8371.756,-45.98547,0.02226,1.0000,1.0000,1.0000,1.0000,0.2226,0.9930,0.9209,CRITICAL,True,10,0,,,,,,
1771434250.742,0.0,,,,,,,,,,,,,,,0.9209,SAFE,,10,,t534_0,0.32,LOW,LOCAL,SAFE: all tasks permitted (weight=0.32),
1771434250.742,0.0,,,,,,,,,,,,,,,0.9209,SAFE,,10,,t534_1,0.75,NORMAL,LOCAL,SAFE: all tasks permitted (weight=0.75),
1771434250.742,0.0,59.73,4.5480,1.986,99.0,26,-5177.085,-14.71127,0.02101,1.0000,0.0000,1.0000,1.0000,0.2101,0.9930,0.6696,CRITICAL,True,10,0,,,,,,
1771434250.742,0.0,,,,,,,,,,,,,,,0.6696,SAFE,,10,,t535_0,0.31,LOW,LOCAL,SAFE: all tasks permitted (weight=0.31),
1771434250.742,0.0,,,,,,,,,,,,,,,0.6696,SAFE,,10,,t535_1,0.69,NORMAL,LOCAL,SAFE: all tasks permitted (weight=0.69),
1771434250.742,0.0,59.45,4.5296,1.986,99.0,26,-2302.803,-54.69387,0.02089,1.0000,0.0000,1.0000,1.0000,0.2089,0.9930,0.6695,CRITICAL,True,10,0,,,,,,
1771434250.742,0.0,,,,,,,,,,,,,,,0.6695,SAFE,,10,,t536_0,0.31,NORMAL,LOCAL,SAFE: all tasks permitted (weight=0.31),
1771434250.742,0.0,,,,,,,,,,,,,,,0.6695,SAFE,,10,,t536_1,0.58,LOW,LOCAL,SAFE: all tasks permitted (weight=0.58),
1771434250.742,0.0,,,,,,,,,,,,,,,0.6695,SAFE,,10,,t536_2,0.83,LOW,LOCAL,SAFE: all tasks permitted (weight=0.83),
1771434250.742,0.0,59.73,4.5289,1.986,99.0,27,-32186.010,-6.87263,0.02206,1.0000,0.0000,1.0000,1.0000,0.2206,0.9930,0.6707,CRITICAL,True,10,0,,,,,,
1771434250.742,0.0,,,,,,,,,,,,,,,0.6707,SAFE,,10,,t537_0,0.51,HIGH,LOCAL,SAFE: all tasks permitted (weight=0.51),
1771434250.742,0.0,,,,,,,,,,,,,,,0.6707,SAFE,,10,,t537_1,0.89,HIGH,LOCAL,SAFE: all tasks permitted (weight=0.89),
1771434250.742,0.0,,,,,,,,,,,,,,,0.6707,SAFE,,10,,t537_2,0.22,NORMAL,LOCAL,SAFE: all tasks permitted (weight=0.22),
1771434250.742,0.0,,,,,,,,,,,,,,,0.6707,SAFE,,10,,t537_3,0.51,NORMAL,LOCAL,SAFE: all tasks permitted (weight=0.51),
1771434250.742,0.0,,,,,,,,,,,,,,,0.6707,SAFE,,10,,t537_4,0.35,CRITICAL,LOCAL,SAFE: all tasks permitted (weight=0.35),
1771434250.742,0.0,59.28,4.5535,1.986,99.0,30,-24112.510,-31.55129,0.02143,1.0000,0.0000,0.9885,1.0000,0.2143,0.9930,0.6685,CRITICAL,True,10,0,,,,,,
1771434250.742,0.0,,,,,,,,,,,,,,,0.6685,SAFE,,10,,t538_0,0.80,NORMAL,LOCAL,SAFE: all tasks permitted (weight=0.80),
1771434250.742,0.0,,,,,,,,,,,,,,,0.6685,SAFE,,10,,t538_1,0.48,LOW,LOCAL,SAFE: all tasks permitted (weight=0.48),
1771434250.742,0.0,,,,,,,,,,,,,,,0.6685,SAFE,,10,,t538_2,0.54,LOW,LOCAL,SAFE: all tasks permitted (weight=0.54),
1771434250.742,0.0,,,,,,,,,,,,,,,0.6685,SAFE,,10,,t538_3,0.38,NORMAL,LOCAL,SAFE: all tasks permitted (weight=0.38),
1771434250.742,0.0,,,,,,,,,,,,,,,0.6685,SAFE,,10,,t538_4,0.29,LOW,LOCAL,SAFE: all tasks permitted (weight=0.29),
1771434250.742,0.0,60.03,4.5463,1.986,99.0,33,8724.548,-20.97248,0.02140,1.0000,1.0000,1.0000,1.0000,0.2140,0.9930,0.9200,CRITICAL,True,10,0,,,,,,
1771434250.742,0.0,,,,,,,,,,,,,,,0.9200,SAFE,,10,,t539_0,0.26,HIGH,LOCAL,SAFE: all tasks permitted (weight=0.26),
1771434250.742,0.0,,,,,,,,,,,,,,,0.9200,SAFE,,10,,t539_1,0.74,HIGH,LOCAL,SAFE: all tasks permitted (weight=0.74),
1771434250.742,0.0,59.60,4.5353,1.986,99.0,32,,,0.01944,1.0000,0.0000,1.0000,0.0000,0.1944,0.9930,0.4680,CRITICAL,True,10,0,,,,,,
1771434250.742,0.0,,,,,,,,,,,,,,,0.4680,SAFE,,10,,t540_0,0.65,NORMAL,LOCAL,SAFE: all tasks permitted (weight=0.65),
1771434250.742,0.0,,,,,,,,,,,,,,,0.4680,SAFE,,10,,t540_1,0.86,HIGH,LOCAL,SAFE: all tasks permitted (weight=0.86),
1771434250.742,0.0,,,,,,,,,,,,,,,0.4680,SAFE,,10,,t540_2,0.77,HIGH,LOCAL,SAFE: all tasks permitted (weight=0.77),
1771434250.742,0.0,,,,,,,,,,,,,,,0.4680,SAFE,,10,,t540_3,0.47,LOW,LOCAL,SAFE: all tasks permitted (weight=0.47),
1771434250.742,0.0,,,,,,,,,,,,,,,0.4680,SAFE,,10,,t540_4,0.88,LOW,LOCAL,SAFE: all tasks permitted (weight=0.88),
1771434250.742,0.0,60.00,4.5624,1.986,99.0,37,,,0.01929,1.0000,0.0000,0.9586,0.0000,0.1929,0.9930,0.4625,CRITICAL,True,10,0,,,,,,
1771434250.742,0.0,,,,,,,,,,,,,,,0.4625,SAFE,,10,,t541_0,0.53,NORMAL,LOCAL,SAFE: all tasks permitted (weight=0.53),
1771434250.742,0.0,,,,,,,,,,,,,,,0.4625,SAFE,,10,,t541_1,0.63,LOW,LOCAL,SAFE: all tasks permitted (weight=0.63),
1771434250.742,0.0,,,,,,,,,,,,,,,0.4625,SAFE,,10,,t541_2,0.38,LOW,LOCAL,SAFE: all tasks permitted (weight=0.38),
1771434250.742,0.0,,,,,,,,,,,,,,,0.4625,SAFE,,10,,t541_3,0.52,CRITICAL,LOCAL,SAFE: all tasks permitted (weight=0.52),
1771434250.742,0.0,,,,,,,,,,,,,,,0.4625,SAFE,,10,,t541_4,0.64,CRITICAL,LOCAL,SAFE: all tasks permitted (weight=0.64),
1771434250.742,0.0,,,,,,,,,,,,,,,0.4625,SAFE,,10,,t541_5,0.72,NORMAL,LOCAL,SAFE: all tasks permitted (weight=0.72),
1771434250.742,0.0,59.82,4.5843,1.986,99.0,40,,,0.01898,1.0000,0.0000,0.8856,0.0000,0.1898,0.9930,0.4527,CRITICAL,True,10,0,,,,,,
1771434250.742,0.0,,,,,,,,,,,,,,,0.4527,SAFE,,10,,t542_0,0.72,NORMAL,LOCAL,SAFE: all tasks permitted (weight=0.72),
1771434250.742,0.0,,,,,,,,,,,,,,,0.4527,SAFE,,10,,t542_1,0.48,HIGH,LOCAL,SAFE: all tasks permitted (weight=0.48),
1771434250.742,0.0,59.60,4.5167,1.986,99.0,40,,,0.02048,1.0000,0.0000,1.0000,0.0000,0.2048,0.9930,0.4691,CRITICAL,True,10,0,,,,,,
1771434250.742,0.0,,,,,,,,,,,,,,,0.4691,SAFE,,10,,t543_0,0.46,NORMAL,LOCAL,SAFE: all tasks permitted (weight=0.46),
1771434250.742,0.0,,,,,,,,,,,,,,,0.4691,SAFE,,10,,t543_1,0.73,HIGH,LOCAL,SAFE: all tasks permitted (weight=0.73),
1771434250.742,0.0,,,,,,,,,,,,,,,0.4691,SAFE,,10,,t543_2,0.32,NORMAL,LOCAL,SAFE: all tasks permitted (weight=0.32),
1771434250.742,0.0,59.86,4.5509,1.986,99.0,40,,,0.02043,1.0000,0.0000,0.9969,0.0000,0.2043,0.9930,0.4686,CRITICAL,True,10,0,,,,,,
1771434250.742,0.0,,,,,,,,,,,,,,,0.4686,SAFE,,10,,t544_0,0.48,NORMAL,LOCAL,SAFE: all tasks permitted (weight=0.48),
1771434250.742,0.0,59.46,4.5457,1.986,99.0,38,,,0.01754,1.0000,0.0000,1.0000,0.0000,0.1754,0.9930,0.4661,CRITICAL,True,10,0,,,,,,window_reset|B=10
1771434250.742,0.0,,,,,,,,,,,,,,,0.4661,SAFE,,10,,t545_0,0.29,LOW,LOCAL,SAFE: all tasks permitted (weight=0.29),
1771434250.742,0.0,,,,,,,,,,,,,,,0.4661,SAFE,,10,,t545_1,0.23,NORMAL,LOCAL,SAFE: all tasks permitted (weight=0.23),
1771434250.742,0.0,59.68,4.5709,1.986,99.0,36,,,0.01812,1.0000,0.0000,0.9303,0.0000,0.1812,0.9930,0.4577,CRITICAL,True,10,0,,,,,,
1771434250.742,0.0,,,,,,,,,,,,,,,0.4577,SAFE,,10,,t546_0,0.64,CRITICAL,LOCAL,SAFE: all tasks permitted (weight=0.64),
1771434250.742,0.0,,,,,,,,,,,,,,,0.4577,SAFE,,10,,t546_1,0.76,LOW,LOCAL,SAFE: all tasks permitted (weight=0.76),
1771434250.742,0.0,59.63,4.5761,1.986,99.0,36,,,0.01975,1.0000,0.0000,0.9129,0.0000,0.1975,0.9930,0.4570,CRITICAL,True,10,0,,,,,,
1771434250.742,0.0,,,,,,,,,,,,,,,0.4570,SAFE,,10,,t547_0,0.88,NORMAL,LOCAL,SAFE: all tasks permitted (weight=0.88),
1771434250.742,0.0,,,,,,,,,,,,,,,0.4570,SAFE,,10,,t547_1,0.17,NORMAL,LOCAL,SAFE: all tasks permitted (weight=0.17),
1771434250.742,0.0,,,,,,,,,,,,,,,0.4570,SAFE,,10,,t547_2,0.55,CRITICAL,LOCAL,SAFE: all tasks permitted (weight=0.55),
1771434250.742,0.0,59.71,4.6008,1.986,99.0,37,,,0.02312,1.0000,0.0000,0.8308,0.0000,0.2312,0.9930,0.4497,CRITICAL,True,10,0,,,,,,
1771434250.742,0.0,,,,,,,,,,,,,,,0.4497,SAFE,,10,,t548_0,0.36,HIGH,LOCAL,SAFE: all tasks permitted (weight=0.36),
1771434250.742,0.0,,,,,,,,,,,,,,,0.4497,SAFE,,10,,t548_1,0.78,NORMAL,LOCAL,SAFE: all tasks permitted (weight=0.78),
1771434250.742,0.0,,,,,,,,,,,,,,,0.4497,SAFE,,10,,t548_2,0.29,NORMAL,LOCAL,SAFE: all tasks permitted (weight=0.29),
1771434250.742,0.0,59.52,4.5815,1.986,99.0,37,,,0.02255,1.0000,0.0000,0.8949,0.0000,0.2255,0.9930,0.4575,CRITICAL,True,10,0,,,,,,
1771434250.742,0.0,,,,,,,,,,,,,,,0.4575,SAFE,,10,,t549_0,0.84,HIGH,LOCAL,SAFE: all tasks permitted (weight=0.84),
1771434250.742,0.0,,,,,,,,,,,,,,,0.4575,SAFE,,10,,t549_1,0.45,NORMAL,LOCAL,SAFE: all tasks permitted (weight=0.45),
1771434250.742,0.0,,,,,,,,,,,,,,,0.4575,SAFE,,10,,t549_2,0.16,NORMAL,LOCAL,SAFE: all tasks permitted (weight=0.16),
1771434250.742,0.0,59.73,4.5266,1.986,99.0,37,,,0.02438,1.0000,0.0000,1.0000,0.0000,0.2438,0.9930,0.4730,CRITICAL,True,10,0,,,,,,
1771434250.742,0.0,,,,,,,,,,,,,,,0.4730,SAFE,,10,,t550_0,0.25,NORMAL,LOCAL,SAFE: all tasks permitted (weight=0.25),
1771434250.742,0.0,,,,,,,,,,,,,,,0.4730,SAFE,,10,,t550_1,0.41,NORMAL,LOCAL,SAFE: all tasks permitted (weight=0.41),
1771434250.742,0.0,59.44,4.5532,1.986,99.0,35,,,0.02417,1.0000,0.0000,0.9895,0.0000,0.2417,0.9930,0.4714,CRITICAL,True,10,0,,,,,,
1771434250.742,0.0,,,,,,,,,,,,,,,0.4714,SAFE,,10,,t551_0,0.49,LOW,LOCAL,SAFE: all tasks permitted (weight=0.49),
1771434250.742,0.0,,,,,,,,,,,,,,,0.4714,SAFE,,10,,t551_1,0.32,NORMAL,LOCAL,SAFE: all tasks permitted (weight=0.32),
1771434250.742,0.0,,,,,,,,,,,,,,,0.4714,SAFE,,10,,t551_2,0.58,HIGH,LOCAL,SAFE: all tasks permitted (weight=0.58),
1771434250.742,0.0,60.04,4.5441,1.986,99.0,35,,,0.02358,1.0000,0.0000,1.0000,0.0000,0.2358,0.9930,0.4722,CRITICAL,True,10,0,,,,,,
1771434250.742,0.0,,,,,,,,,,,,,,,0.4722,SAFE,,10,,t552_0,0.85,NORMAL,LOCAL,SAFE: all tasks permitted (weight=0.85),
1771434250.742,0.0,,,,,,,,,,,,,,,0.4722,SAFE,,10,,t552_1,0.21,NORMAL,LOCAL,SAFE: all tasks permitted (weight=0.21),
1771434250.742,0.0,,,,,,,,,,,,,,,0.4722,SAFE,,10,,t552_2,0.84,NORMAL,LOCAL,SAFE: all tasks permitted (weight=0.84),
1771434250.742,0.0,,,,,,,,,,,,,,,0.4722,SAFE,,10,,t552_3,0.54,NORMAL,LOCAL,SAFE: all tasks permitted (weight=0.54),
1771434250.743,0.0,59.76,4.5746,1.986,99.0,37,11829.026,18.74685,0.02395,1.0000,1.0000,0.9179,0.0000,0.2395,0.9930,0.7119,CRITICAL,True,10,0,,,,,,
1771434250.743,0.0,,,,,,,,,,,,,,,0.7119,SAFE,,10,,t553_0,0.70,NORMAL,LOCAL,SAFE: all tasks permitted (weight=0.70),
1771434250.743,0.0,,,,,,,,,,,,,,,0.7119,SAFE,,10,,t553_1,0.32,HIGH,LOCAL,SAFE: all tasks permitted (weight=0.32),
1771434250.743,0.0,59.08,4.5554,1.986,99.0,37,-23145.100,-10.02552,0.02286,1.0000,0.0000,0.9819,1.0000,0.2286,0.9930,0.6691,CRITICAL,True,10,0,,,,,,
1771434250.743,0.0,,,,,,,,,,,,,,,0.6691,SAFE,,10,,t554_0,0.38,HIGH,LOCAL,SAFE: all tasks permitted (weight=0.38),
1771434250.743,0.0,,,,,,,,,,,,,,,0.6691,SAFE,,10,,t554_1,0.77,LOW,LOCAL,SAFE: all tasks permitted (weight=0.77),
1771434250.743,0.0,,,,,,,,,,,,,,,0.6691,SAFE,,10,,t554_2,0.41,HIGH,LOCAL,SAFE: all tasks permitted (weight=0.41),
1771434250.743,0.0,59.33,4.5589,1.986,99.0,37,-11347.244,-11.18111,0.01918,1.0000,0.0000,0.9704,1.0000,0.1918,0.9930,0.6639,CRITICAL,True,10,0,,,,,,
1771434250.743,0.0,,,,,,,,,,,,,,,0.6639,SAFE,,10,,t555_0,0.39,NORMAL,LOCAL,SAFE: all tasks permitted (weight=0.39),
1771434250.743,0.0,,,,,,,,,,,,,,,0.6639,SAFE,,10,,t555_1,0.25,NORMAL,LOCAL,SAFE: all tasks permitted (weight=0.25),
1771434250.743,0.0,,,,,,,,,,,,,,,0.6639,SAFE,,10,,t555_2,0.18,HIGH,LOCAL,SAFE: all tasks permitted (weight=0.18),
1771434250.743,0.0,59.14,4.5740,1.986,99.0,36,-22144.344,-17.36796,0.01917,1.0000,0.0000,0.9201,1.0000,0.1917,0.9930,0.6574,CRITICAL,True,10,0,,,,,,
1771434250.743,0.0,,,,,,,,,,,,,,,0.6574,SAFE,,10,,t556_0,0.75,CRITICAL,LOCAL,SAFE: all tasks permitted (weight=0.75),
1771434250.743,0.0,,,,,,,,,,,,,,,0.6574,SAFE,,10,,t556_1,0.81,LOW,LOCAL,SAFE: all tasks permitted (weight=0.81),
1771434250.743,0.0,59.72,4.5316,1.986,99.0,36,8126.179,-32.33002,0.02060,1.0000,1.0000,1.0000,1.0000,0.2060,0.9930,0.9192,CRITICAL,True,10,0,,,,,,
1771434250.743,0.0,,,,,,,,,,,,,,,0.9192,SAFE,,10,,t557_0,0.15,NORMAL,LOCAL,SAFE: all tasks permitted (weight=0.15),
1771434250.743,0.0,59.52,4.5465,1.986,99.0,34,-8063.962,12.88898,0.02085,1.0000,0.0000,1.0000,0.0000,0.2085,0.9930,0.4695,CRITICAL,True,10,0,,,,,,window_reset|B=10
1771434250.743,0.0,,,,,,,,,,,,,,,0.4695,SAFE,,10,,t558_0,0.73,NORMAL,LOCAL,SAFE: all tasks permitted (weight=0.73),
1771434250.743,0.0,,,,,,,,,,,,,,,0.4695,SAFE,,10,,t558_1,0.31,CRITICAL,LOCAL,SAFE: all tasks permitted (weight=0.31),
1771434250.743,0.0,,,,,,,,,,,,,,,0.4695,SAFE,,10,,t558_2,0.84,NORMAL,LOCAL,SAFE: all tasks permitted (weight=0.84),
1771434250.743,0.0,60.02,4.5657,1.986,99.0,35,22380.260,8.13993,0.02038,1.0000,1.0000,0.9476,0.0000,0.2038,0.9930,0.7122,CRITICAL,True,10,0,,,,,,
1771434250.743,0.0,,,,,,,,,,,,,,,0.7122,SAFE,,10,,t559_0,0.88,NORMAL,LOCAL,SAFE: all tasks permitted (weight=0.88),
1771434250.743,0.0,,,,,,,,,,,,,,,0.7122,SAFE,,10,,t559_1,0.81,NORMAL,LOCAL,SAFE: all tasks permitted (weight=0.81),
1771434250.743,0.0,59.53,4.6229,1.986,99.0,36,-19532.528,50.99739,0.02460,1.0000,0.0000,0.7572,0.0000,0.2460,0.9930,0.4416,CRITICAL,True,10,0,,,,,,
1771434250.743,0.0,,,,,,,,,,,,,,,0.4416,SAFE,,10,,t560_0,0.23,NORMAL,LOCAL,SAFE: all tasks permitted (weight=0.23),
1771434250.743,0.0,60.30,4.5980,1.986,99.0,34,,,0.02610,1.0000,0.0000,0.8401,0.0000,0.2610,0.9930,0.4539,CRITICAL,True,10,0,,,,,,
1771434250.743,0.0,,,,,,,,,,,,,,,0.4539,SAFE,,10,,t561_0,0.62,LOW,LOCAL,SAFE: all tasks permitted (weight=0.62),
1771434250.743,0.0,,,,,,,,,,,,,,,0.4539,SAFE,,10,,t561_1,0.59,HIGH,LOCAL,SAFE: all tasks permitted (weight=0.59),
1771434250.743,0.0,59.78,4.5339,1.986,99.0,33,,,0.02533,1.0000,0.0000,1.0000,0.0000,0.2533,0.9930,0.4739,CRITICAL,True,10,0,,,,,,
1771434250.743,0.0,,,,,,,,,,,,,,,0.4739,SAFE,,10,,t562_0,0.49,NORMAL,LOCAL,SAFE: all tasks permitted (weight=0.49),
1771434250.743,0.0,,,,,,,,,,,,,,,0.4739,SAFE,,10,,t562_1,0.55,HIGH,LOCAL,SAFE: all tasks permitted (weight=0.55),
1771434250.743,0.0,59.71,4.5376,1.986,99.0,33,,,0.02620,1.0000,0.0000,1.0000,0.0000,0.2620,0.9930,0.4748,CRITICAL,True,10,0,,,,,,
1771434250.743,0.0,,,,,,,,,,,,,,,0.4748,SAFE,,10,,t563_0,0.31,LOW,LOCAL,SAFE: all tasks permitted (weight=0.31),
1771434250.743,0.0,,,,,,,,,,,,,,,0.4748,SAFE,,10,,t563_1,0.26,LOW,LOCAL,SAFE: all tasks permitted (weight=0.26),
1771434250.743,0.0,59.61,4.5532,1.986,99.0,32,,,0.02580,1.0000,0.0000,0.9893,0.0000,0.2580,0.9930,0.4730,CRITICAL,True,10,0,,,,,,
1771434250.743,0.0,,,,,,,,,,,,,,,0.4730,SAFE,,10,,t564_0,0.63,HIGH,LOCAL,SAFE: all tasks permitted (weight=0.63),
1771434250.743,0.0,,,,,,,,,,,,,,,0.4730,SAFE,,10,,t564_1,0.47,HIGH,LOCAL,SAFE: all tasks permitted (weight=0.47),
1771434250.743,0.0,,,,,,,,,,,,,,,0.4730,SAFE,,10,,t564_2,0.58,NORMAL,LOCAL,SAFE: all tasks permitted (weight=0.58),
1771434250.743,0.0,,,,,,,,,,,,,,,0.4730,SAFE,,10,,t564_3,0.81,HIGH,LOCAL,SAFE: all tasks permitted (weight=0.81),
1771434250.743,0.0,,,,,,,,,,,,,,,0.4730,SAFE,,10,,t564_4,0.55,LOW,LOCAL,SAFE: all tasks permitted (weight=0.55),
1771434250.743,0.0,,,,,,,,,,,,,,,0.4730,SAFE,,10,,t564_5,0.90,NORMAL,LOCAL,SAFE: all tasks permitted (weight=0.90),
1771434250.743,0.0,59.53,4.5765,1.986,99.0,37,,,0.02588,1.0000,0.0000,0.9117,0.0000,0.2588,0.9930,0.4630,CRITICAL,True,10,0,,,,,,
1771434250.743,0.0,,,,,,,,,,,,,,,0.4630,SAFE,,10,,t565_0,0.32,NORMAL,LOCAL,SAFE: all tasks permitted (weight=0.32),
1771434250.743,0.0,,,,,,,,,,,,,,,0.4630,SAFE,,10,,t565_1,0.81,LOW,LOCAL,SAFE: all tasks permitted (weight=0.81),
1771434250.743,0.0,,,,,,,,,,,,,,,0.4630,SAFE,,10,,t565_2,0.18,LOW,LOCAL,SAFE: all tasks permitted (weight=0.18),
1771434250.743,0.0,,,,,,,,,,,,,,,0.4630,SAFE,,10,,t565_3,0.86,LOW,LOCAL,SAFE: all tasks permitted (weight=0.86),
1771434250.743,0.0,,,,,,,,,,,,,,,0.4630,SAFE,,10,,t565_4,0.66,LOW,LOCAL,SAFE: all tasks permitted (weight=0.66),
1771434250.743,0.0,59.42,4.5365,1.986,99.0,39,,,0.02684,1.0000,0.0000,1.0000,0.0000,0.2684,0.9930,0.4754,CRITICAL,True,10,0,,,,,,
1771434250.743,0.0,,,,,,,,,,,,,,,0.4754,SAFE,,10,,t566_0,0.82,HIGH,LOCAL,SAFE: all tasks permitted (weight=0.82),
1771434250.743,0.0,,,,,,,,,,,,,,,0.4754,SAFE,,10,,t566_1,0.63,HIGH,LOCAL,SAFE: all tasks permitted (weight=0.63),
1771434250.743,0.0,,,,,,,,,,,,,,,0.4754,SAFE,,10,,t566_2,0.80,NORMAL,LOCAL,SAFE: all tasks permitted (weight=0.80),
1771434250.743,0.0,59.56,4.5441,1.986,99.0,41,,,0.02726,1.0000,0.0000,1.0000,0.0000,0.2726,0.9930,0.4759,CRITICAL,True,10,0,,,,,,
1771434250.743,0.0,,,,,,,,,,,,,,,0.4759,SAFE,,10,,t567_0,0.31,CRITICAL,LOCAL,SAFE: all tasks permitted (weight=0.31),
1771434250.743,0.0,,,,,,,,,,,,,,,0.4759,SAFE,,10,,t567_1,0.32,NORMAL,LOCAL,SAFE: all tasks permitted (weight=0.32),
1771434250.743,0.0,,,,,,,,,,,,,,,0.4759,SAFE,,10,,t567_2,0.50,HIGH,LOCAL,SAFE: all tasks permitted (weight=0.50),
1771434250.743,0.0,59.68,4.5336,1.986,99.0,40,,,0.02782,1.0000,0.0000,1.0000,0.0000,0.2782,0.9930,0.4764,CRITICAL,True,10,0,,,,,,
1771434250.743,0.0,,,,,,,,,,,,,,,0.4764,SAFE,,10,,t568_0,0.38,LOW,LOCAL,SAFE: all tasks permitted (weight=0.38),
1771434250.744,0.0,,,,,,,,,,,,,,,0.4764,SAFE,,10,,t568_1,0.36,LOW,LOCAL,SAFE: all tasks permitted (weight=0.36),
1771434250.744,0.0,,,,,,,,,,,,,,,0.4764,SAFE,,10,,t568_2,0.84,NORMAL,LOCAL,SAFE: all tasks permitted (weight=0.84),
1771434250.744,0.0,,,,,,,,,,,,,,,0.4764,SAFE,,10,,t568_3,0.34,NORMAL,LOCAL,SAFE: all tasks permitted (weight=0.34),
1771434250.744,0.0,59.87,4.5277,1.986,99.0,41,-24362.961,-67.32189,0.02813,1.0000,0.0000,1.0000,1.0000,0.2813,0.9930,0.6767,CRITICAL,True,10,0,,,,,,
1771434250.744,0.0,,,,,,,,,,,,,,,0.6767,SAFE,,10,,t569_0,0.56,LOW,LOCAL,SAFE: all tasks permitted (weight=0.56),
1771434250.744,0.0,59.53,4.5940,1.986,99.0,39,-14133.658,57.61658,0.02976,1.0000,0.0000,0.8534,0.0000,0.2976,0.9930,0.4593,CRITICAL,True,10,0,,,,,,
1771434250.744,0.0,,,,,,,,,,,,,,,0.4593,SAFE,,10,,t570_0,0.28,LOW,LOCAL,SAFE: all tasks permitted (weight=0.28),
1771434250.744,0.0,,,,,,,,,,,,,,,0.4593,SAFE,,10,,t570_1,0.56,HIGH,LOCAL,SAFE: all tasks permitted (weight=0.56),
1771434250.744,0.0,,,,,,,,,,,,,,,0.4593,SAFE,,10,,t570_2,0.51,HIGH,LOCAL,SAFE: all tasks permitted (weight=0.51),
1771434250.744,0.0,,,,,,,,,,,,,,,0.4593,SAFE,,10,,t570_3,0.16,NORMAL,LOCAL,SAFE: all tasks permitted (weight=0.16),
1771434250.744,0.0,,,,,,,,,,,,,,,0.4593,SAFE,,10,,t570_4,0.33,NORMAL,LOCAL,SAFE: all tasks permitted (weight=0.33),
1771434250.744,0.0,,,,,,,,,,,,,,,0.4593,SAFE,,10,,t570_5,0.39,NORMAL,LOCAL,SAFE: all tasks permitted (weight=0.39),
1771434250.744,0.0,59.31,4.4962,1.986,99.0,40,-22569.545,-39.65132,0.03453,1.0000,0.0000,1.0000,1.0000,0.3453,0.9930,0.6831,CRITICAL,True,10,0,,,,,,window_reset|B=10
1771434250.744,0.0,,,,,,,,,,,,,,,0.6831,SAFE,,10,,t571_0,0.54,NORMAL,LOCAL,SAFE: all tasks permitted (weight=0.54),
1771434250.744,0.0,59.84,4.5164,1.986,99.0,38,13281.488,-35.23087,0.02907,1.0000,1.0000,1.0000,1.0000,0.2907,0.9930,0.9277,CRITICAL,True,10,0,,,,,,
1771434250.744,0.0,,,,,,,,,,,,,,,0.9277,SAFE,,10,,t572_0,0.47,CRITICAL,LOCAL,SAFE: all tasks permitted (weight=0.47),
1771434250.744,0.0,,,,,,,,,,,,,,,0.9277,SAFE,,10,,t572_1,0.79,NORMAL,LOCAL,SAFE: all tasks permitted (weight=0.79),
1771434250.744,0.0,60.04,4.5572,1.986,99.0,38,29036.642,-18.43564,0.02483,1.0000,1.0000,0.9758,1.0000,0.2483,0.9930,0.9203,CRITICAL,True,10,0,,,,,,
1771434250.744,0.0,,,,,,,,,,,,,,,0.9203,SAFE,,10,,t573_0,0.23,NORMAL,LOCAL,SAFE: all tasks permitted (weight=0.23),
1771434250.744,0.0,59.81,4.5139,1.986,99.0,36,22432.521,-21.59811,0.02597,1.0000,1.0000,1.0000,1.0000,0.2597,0.9930,0.9246,CRITICAL,True,10,0,,,,,,
1771434250.744,0.0,,,,,,,,,,,,,,,0.9246,SAFE,,10,,t574_0,0.78,CRITICAL,LOCAL,SAFE: all tasks permitted (weight=0.78),
1771434250.744,0.0,,,,,,,,,,,,,,,0.9246,SAFE,,10,,t574_1,0.54,NORMAL,LOCAL,SAFE: all tasks permitted (weight=0.54),
1771434250.744,0.0,,,,,,,,,,,,,,,0.9246,SAFE,,10,,t574_2,0.40,NORMAL,LOCAL,SAFE: all tasks permitted (weight=0.40),
1771434250.744,0.0,,,,,,,,,,,,,,,0.9246,SAFE,,10,,t574_3,0.35,LOW,LOCAL,SAFE: all tasks permitted (weight=0.35),
1771434250.744,0.0,,,,,,,,,,,,,,,0.9246,SAFE,,10,,t574_4,0.17,LOW,LOCAL,SAFE: all tasks permitted (weight=0.17),
1771434250.744,0.0,59.63,4.5223,1.986,99.0,37,3706.839,-20.89055,0.02646,1.0000,1.0000,1.0000,1.0000,0.2646,0.9930,0.9251,CRITICAL,True,10,0,,,,,,
1771434250.744,0.0,,,,,,,,,,,,,,,0.9251,SAFE,,10,,t575_0,0.78,NORMAL,LOCAL,SAFE: all tasks permitted (weight=0.78),
1771434250.744,0.0,59.41,4.5293,1.986,99.0,36,-15550.957,-4.11552,0.02623,1.0000,0.0000,1.0000,1.0000,0.2623,0.9930,0.6748,CRITICAL,True,10,0,,,,,,
1771434250.744,0.0,,,,,,,,,,,,,,,0.6748,SAFE,,10,,t576_0,0.16,LOW,LOCAL,SAFE: all tasks permitted (weight=0.16),
1771434250.744,0.0,59.97,4.5814,1.986,99.0,34,,,0.02687,1.0000,0.0000,0.8954,0.0000,0.2687,0.9930,0.4619,CRITICAL,True,10,0,,,,,,
1771434250.744,0.0,,,,,,,,,,,,,,,0.4619,SAFE,,10,,t577_0,0.18,HIGH,LOCAL,SAFE: all tasks permitted (weight=0.18),
1771434250.744,0.0,59.84,4.5504,1.986,99.0,32,,,0.02709,1.0000,0.0000,0.9987,0.0000,0.2709,0.9930,0.4755,CRITICAL,True,10,0,,,,,,
1771434250.744,0.0,,,,,,,,,,,,,,,0.4755,SAFE,,10,,t578_0,0.34,HIGH,LOCAL,SAFE: all tasks permitted (weight=0.34),
1771434250.744,0.0,,,,,,,,,,,,,,,0.4755,SAFE,,10,,t578_1,0.51,HIGH,LOCAL,SAFE: all tasks permitted (weight=0.51),
1771434250.744,0.0,,,,,,,,,,,,,,,0.4755,SAFE,,10,,t578_2,0.48,CRITICAL,LOCAL,SAFE: all tasks permitted (weight=0.48),
1771434250.744,0.0,59.63,4.5658,1.986,99.0,32,,,0.02808,1.0000,0.0000,0.9473,0.0000,0.2808,0.9930,0.4698,CRITICAL,True,10,0,,,,,,
1771434250.744,0.0,,,,,,,,,,,,,,,0.4698,SAFE,,10,,t579_0,0.79,LOW,LOCAL,SAFE: all tasks permitted (weight=0.79),
1771434250.744,0.0,59.26,4.5753,1.986,99.0,31,,,0.02954,1.0000,0.0000,0.9157,0.0000,0.2954,0.9930,0.4672,CRITICAL,True,10,0,,,,,,
1771434250.744,0.0,,,,,,,,,,,,,,,0.4672,SAFE,,10,,t580_0,0.82,NORMAL,LOCAL,SAFE: all tasks permitted (weight=0.82),
1771434250.744,0.0,,,,,,,,,,,,,,,0.4672,SAFE,,10,,t580_1,0.32,NORMAL,LOCAL,SAFE: all tasks permitted (weight=0.32),
1771434250.744,0.0,,,,,,,,,,,,,,,0.4672,SAFE,,10,,t580_2,0.33,HIGH,LOCAL,SAFE: all tasks permitted (weight=0.33),
1771434250.744,0.0,60.04,4.5265,1.986,99.0,32,,,0.02959,1.0000,0.0000,1.0000,0.0000,0.2959,0.9930,0.4782,CRITICAL,True,10,0,,,,,,
1771434250.744,0.0,,,,,,,,,,,,,,,0.4782,SAFE,,10,,t581_0,0.67,HIGH,LOCAL,SAFE: all tasks permitted (weight=0.67),
1771434250.744,0.0,59.83,4.5652,1.986,99.0,31,,,0.02645,1.0000,0.0000,0.9494,0.0000,0.2645,0.9930,0.4685,CRITICAL,True,10,0,,,,,,
1771434250.744,0.0,,,,,,,,,,,,,,,0.4685,SAFE,,10,,t582_0,0.23,NORMAL,LOCAL,SAFE: all tasks permitted (weight=0.23),
1771434250.744,0.0,,,,,,,,,,,,,,,0.4685,SAFE,,10,,t582_1,0.53,NORMAL,LOCAL,SAFE: all tasks permitted (weight=0.53),
1771434250.744,0.0,59.51,4.5294,1.986,99.0,30,,,0.02306,1.0000,0.0000,1.0000,0.0000,0.2306,0.9930,0.4717,CRITICAL,True,10,0,,,,,,
1771434250.744,0.0,,,,,,,,,,,,,,,0.4717,SAFE,,10,,t583_0,0.73,HIGH,LOCAL,SAFE: all tasks permitted (weight=0.73),
1771434250.744,0.0,,,,,,,,,,,,,,,0.4717,SAFE,,10,,t583_1,0.67,NORMAL,LOCAL,SAFE: all tasks permitted (weight=0.67),
1771434250.744,0.0,,,,,,,,,,,,,,,0.4717,SAFE,,10,,t583_2,0.68,LOW,LOCAL,SAFE: all tasks permitted (weight=0.68),
1771434250.744,0.0,60.01,4.5988,1.986,99.0,32,,,0.02580,1.0000,0.0000,0.8374,0.0000,0.2580,0.9930,0.4533,CRITICAL,True,10,0,,,,,,window_reset|B=10
1771434250.744,0.0,,,,,,,,,,,,,,,0.4533,SAFE,,10,,t584_0,0.19,HIGH,LOCAL,SAFE: all tasks permitted (weight=0.19),
1771434250.744,0.0,,,,,,,,,,,,,,,0.4533,SAFE,,10,,t584_1,0.44,CRITICAL,LOCAL,SAFE: all tasks permitted (weight=0.44),
1771434250.744,0.0,59.39,4.5862,1.986,99.0,31,,,0.02754,1.0000,0.0000,0.8792,0.0000,0.2754,0.9930,0.4604,CRITICAL,True,10,0,,,,,,
1771434250.744,0.0,,,,,,,,,,,,,,,0.4604,SAFE,,10,,t585_0,0.87,CRITICAL,LOCAL,SAFE: all tasks permitted (weight=0.87),
1771434250.746,0.0,59.41,4.5259,1.986,99.0,30,-17939.395,-17.28533,0.02627,1.0000,0.0000,1.0000,1.0000,0.2627,0.9930,0.6749,CRITICAL,True,10,0,,,,,,
1771434250.746,0.0,,,,,,,,,,,,,,,0.6749,SAFE,,10,,t586_0,0.89,LOW,LOCAL,SAFE: all tasks permitted (weight=0.89),
1771434250.746,0.0,,,,,,,,,,,,,,,0.6749,SAFE,,10,,t586_1,0.28,NORMAL,LOCAL,SAFE: all tasks permitted (weight=0.28),
1771434250.746,0.0,,,,,,,,,,,,,,,0.6749,SAFE,,10,,t586_2,0.38,HIGH,LOCAL,SAFE: all tasks permitted (weight=0.38),
1771434250.746,0.0,,,,,,,,,,,,,,,0.6749,SAFE,,10,,t586_3,0.39,LOW,LOCAL,SAFE: all tasks permitted (weight=0.39),
1771434250.746,0.0,59.78,4.5695,1.986,99.0,32,6227.035,2.58402,0.02460,1.0000,1.0000,0.9351,0.0000,0.2460,0.9930,0.7148,CRITICAL,True,10,0,,,,,,
1771434250.746,0.0,,,,,,,,,,,,,,,0.7148,SAFE,,10,,t587_0,0.71,NORMAL,LOCAL,SAFE: all tasks permitted (weight=0.71),
1771434250.746,0.0,59.83,4.6159,1.986,99.0,31,23916.233,28.63463,0.02747,1.0000,1.0000,0.7804,0.0000,0.2747,0.9930,0.6975,CRITICAL,True,10,0,,,,,,
1771434250.746,0.0,,,,,,,,,,,,,,,0.6975,SAFE,,10,,t588_0,0.30,HIGH,LOCAL,SAFE: all tasks permitted (weight=0.30),
1771434250.746,0.0,59.65,4.5701,1.986,99.0,29,-16552.722,30.75725,0.02712,1.0000,0.0000,0.9329,0.0000,0.2712,0.9930,0.4670,CRITICAL,True,10,0,,,,,,
1771434250.746,0.0,,,,,,,,,,,,,,,0.4670,SAFE,,10,,t589_0,0.79,HIGH,LOCAL,SAFE: all tasks permitted (weight=0.79),
1771434250.746,0.0,,,,,,,,,,,,,,,0.4670,SAFE,,10,,t589_1,0.34,NORMAL,LOCAL,SAFE: all tasks permitted (weight=0.34),
1771434250.746,0.0,,,,,,,,,,,,,,,0.4670,SAFE,,10,,t589_2,0.46,LOW,LOCAL,SAFE: all tasks permitted (weight=0.46),
1771434250.746,0.0,,,,,,,,,,,,,,,0.4670,SAFE,,10,,t589_3,0.78,HIGH,LOCAL,SAFE: all tasks permitted (weight=0.78),
1771434250.746,0.0,,,,,,,,,,,,,,,0.4670,SAFE,,10,,t589_4,0.45,HIGH,LOCAL,SAFE: all tasks permitted (weight=0.45),
1771434250.746,0.0,,,,,,,,,,,,,,,0.4670,SAFE,,10,,t589_5,0.40,HIGH,LOCAL,SAFE: all tasks permitted (weight=0.40),
1771434250.746,0.0,59.59,4.5736,1.986,99.0,33,-10409.480,5.93487,0.02684,1.0000,0.0000,0.9214,0.0000,0.2684,0.9930,0.4652,CRITICAL,True,10,0,,,,,,
1771434250.746,0.0,,,,,,,,,,,,,,,0.4652,SAFE,,10,,t590_0,0.85,LOW,LOCAL,SAFE: all tasks permitted (weight=0.85),
1771434250.746,0.0,59.77,4.5359,1.986,99.0,32,10983.279,4.61677,0.02817,1.0000,1.0000,1.0000,0.0000,0.2817,0.9930,0.7268,CRITICAL,True,10,0,,,,,,
1771434250.746,0.0,,,,,,,,,,,,,,,0.7268,SAFE,,10,,t591_0,0.44,NORMAL,LOCAL,SAFE: all tasks permitted (weight=0.44),
1771434250.746,0.0,59.57,4.5327,1.986,99.0,31,-18523.448,-46.62904,0.02924,1.0000,0.0000,1.0000,1.0000,0.2924,0.9930,0.6778,CRITICAL,True,10,0,,,,,,
1771434250.746,0.0,,,,,,,,,,,,,,,0.6778,SAFE,,10,,t592_0,0.80,HIGH,LOCAL,SAFE: all tasks permitted (weight=0.80),
1771434250.746,0.0,60.01,4.5002,1.986,99.0,30,26466.003,-60.70703,0.03253,1.0000,1.0000,1.0000,1.0000,0.3253,0.9930,0.9311,CRITICAL,True,10,0,,,,,,
1771434250.746,0.0,,,,,,,,,,,,,,,0.9311,SAFE,,10,,t593_0,0.83,LOW,LOCAL,SAFE: all tasks permitted (weight=0.83),
1771434250.746,0.0,59.64,4.5712,1.986,99.0,29,,,0.03267,1.0000,0.0000,0.9294,0.0000,0.3267,0.9930,0.4721,CRITICAL,True,10,0,,,,,,
1771434250.746,0.0,,,,,,,,,,,,,,,0.4721,SAFE,,10,,t594_0,0.43,HIGH,LOCAL,SAFE: all tasks permitted (weight=0.43),
1771434250.746,0.0,,,,,,,,,,,,,,,0.4721,SAFE,,10,,t594_1,0.27,HIGH,LOCAL,SAFE: all tasks permitted (weight=0.27),
1771434250.746,0.0,,,,,,,,,,,,,,,0.4721,SAFE,,10,,t594_2,0.80,NORMAL,LOCAL,SAFE: all tasks permitted (weight=0.80),
1771434250.746,0.0,,,,,,,,,,,,,,,0.4721,SAFE,,10,,t594_3,0.30,LOW,LOCAL,SAFE: all tasks permitted (weight=0.30),
1771434250.746,0.0,59.52,4.5746,1.986,99.0,31,,,0.03161,1.0000,0.0000,0.9179,0.0000,0.3161,0.9930,0.4695,CRITICAL,True,10,0,,,,,,
1771434250.746,0.0,,,,,,,,,,,,,,,0.4695,SAFE,,10,,t595_0,0.44,HIGH,LOCAL,SAFE: all tasks permitted (weight=0.44),
1771434250.746,0.0,,,,,,,,,,,,,,,0.4695,SAFE,,10,,t595_1,0.66,CRITICAL,LOCAL,SAFE: all tasks permitted (weight=0.66),
1771434250.746,0.0,59.50,4.5559,1.986,99.0,31,,,0.02972,1.0000,0.0000,0.9802,0.0000,0.2972,0.9930,0.4757,CRITICAL,True,10,0,,,,,,
1771434250.746,0.0,,,,,,,,,,,,,,,0.4757,SAFE,,10,,t596_0,0.57,LOW,LOCAL,SAFE: all tasks permitted (weight=0.57),
1771434250.746,0.0,60.12,4.5388,1.986,99.0,29,,,0.02903,1.0000,0.0000,1.0000,0.0000,0.2903,0.9930,0.4776,CRITICAL,True,10,0,,,,,,window_reset|B=10
1771434250.746,0.0,,,,,,,,,,,,,,,0.4776,SAFE,,10,,t597_0,0.42,HIGH,LOCAL,SAFE: all tasks permitted (weight=0.42),
1771434250.746,0.0,,,,,,,,,,,,,,,0.4776,SAFE,,10,,t597_1,0.43,LOW,LOCAL,SAFE: all tasks permitted (weight=0.43),
1771434250.746,0.0,,,,,,,,,,,,,,,0.4776,SAFE,,10,,t597_2,0.73,NORMAL,LOCAL,SAFE: all tasks permitted (weight=0.73),
1771434250.746,0.0,59.40,4.5326,1.986,99.0,30,,,0.02852,1.0000,0.0000,1.0000,0.0000,0.2852,0.9930,0.4771,CRITICAL,True,10,0,,,,,,
1771434250.746,0.0,,,,,,,,,,,,,,,0.4771,SAFE,,10,,t598_0,0.32,LOW,LOCAL,SAFE: all tasks permitted (weight=0.32),
1771434250.746,0.0,,,,,,,,,,,,,,,0.4771,SAFE,,10,,t598_1,0.51,HIGH,LOCAL,SAFE: all tasks permitted (weight=0.51),
1771434250.746,0.0,59.52,4.5279,1.986,99.0,30,,,0.02918,1.0000,0.0000,1.0000,0.0000,0.2918,0.9930,0.4778,CRITICAL,True,10,0,,,,,,
1771434250.746,0.0,,,,,,,,,,,,,,,0.4778,SAFE,,10,,t599_0,0.20,NORMAL,LOCAL,SAFE: all tasks permitted (weight=0.20),
1771434250.746,0.0,,,,,,,,,,,,,,,0.4778,SAFE,,10,,t599_1,0.54,HIGH,LOCAL,SAFE: all tasks permitted (weight=0.54),
1771434250.746,0.0,,,,,,,,,,,,,,,0.4778,SAFE,,10,,t599_2,0.75,CRITICAL,LOCAL,SAFE: all tasks permitted (weight=0.75),
1771434250.746,0.0,59.99,4.5609,1.986,99.0,30,,,0.02238,1.0000,0.0000,0.9638,0.0000,0.2238,0.9930,0.4663,CRITICAL,True,10,0,,,,,,
1771434250.746,0.0,,,,,,,,,,,,,,,0.4663,SAFE,,10,,t600_0,0.19,NORMAL,LOCAL,SAFE: all tasks permitted (weight=0.19),
1771434250.746,0.0,60.12,4.5774,1.986,99.0,29,,,0.02306,1.0000,0.0000,0.9088,0.0000,0.2306,0.9930,0.4598,CRITICAL,True,10,0,,,,,,
1771434250.747,0.0,,,,,,,,,,,,,,,0.4598,SAFE,,10,,t601_0,0.72,HIGH,LOCAL,SAFE: all tasks permitted (weight=0.72),
1771434250.747,0.0,,,,,,,,,,,,,,,0.4598,SAFE,,10,,t601_1,0.81,NORMAL,LOCAL,SAFE: all tasks permitted (weight=0.81),
1771434250.747,0.0,,,,,,,,,,,,,,,0.4598,SAFE,,10,,t601_2,0.44,CRITICAL,LOCAL,SAFE: all tasks permitted (weight=0.44),
1771434250.747,0.0,59.04,4.5372,1.986,99.0,30,-35462.184,-33.83550,0.02192,1.0000,0.0000,1.0000,1.0000,0.2192,0.9930,0.6705,CRITICAL,True,10,0,,,,,,
1771434250.747,0.0,,,,,,,,,,,,,,,0.6705,SAFE,,10,,t602_0,0.29,CRITICAL,LOCAL,SAFE: all tasks permitted (weight=0.29),
1771434250.747,0.0,,,,,,,,,,,,,,,0.6705,SAFE,,10,,t602_1,0.47,NORMAL,LOCAL,SAFE: all tasks permitted (weight=0.47),
1771434250.747,0.0,60.27,4.5341,1.986,99.0,29,44776.765,-40.30252,0.02199,1.0000,1.0000,1.0000,1.0000,0.2199,0.9930,0.9206,CRITICAL,True,10,0,,,,,,
1771434250.747,0.0,,,,,,,,,,,,,,,0.9206,SAFE,,10,,t603_0,0.89,HIGH,LOCAL,SAFE: all tasks permitted (weight=0.89),
1771434250.747,0.0,,,,,,,,,,,,,,,0.9206,SAFE,,10,,t603_1,0.73,NORMAL,LOCAL,SAFE: all tasks permitted (weight=0.73),
1771434250.747,0.0,59.94,4.6105,1.986,99.0,30,26354.096,54.24911,0.02797,1.0000,1.0000,0.7985,0.0000,0.2797,0.9930,0.7004,CRITICAL,True,10,0,,,,,,
1771434250.747,0.0,,,,,,,,,,,,,,,0.7004,SAFE,,10,,t604_0,0.24,LOW,LOCAL,SAFE: all tasks permitted (weight=0.24),
1771434250.747,0.0,,,,,,,,,,,,,,,0.7004,SAFE,,10,,t604_1,0.26,NORMAL,LOCAL,SAFE: all tasks permitted (weight=0.26),
1771434250.747,0.0,,,,,,,,,,,,,,,0.7004,SAFE,,10,,t604_2,0.43,HIGH,LOCAL,SAFE: all tasks permitted (weight=0.43),
1771434250.747,0.0,59.30,4.5140,1.986,99.0,30,-49050.439,-24.69471,0.02605,1.0000,0.0000,1.0000,1.0000,0.2605,0.9930,0.6746,CRITICAL,True,10,0,,,,,,
1771434250.747,0.0,,,,,,,,,,,,,,,0.6746,SAFE,,10,,t605_0,0.26,CRITICAL,LOCAL,SAFE: all tasks permitted (weight=0.26),
1771434250.747,0.0,,,,,,,,,,,,,,,0.6746,SAFE,,10,,t605_1,0.87,LOW,LOCAL,SAFE: all tasks permitted (weight=0.87),
1771434250.747,0.0,,,,,,,,,,,,,,,0.6746,SAFE,,10,,t605_2,0.62,LOW,LOCAL,SAFE: all tasks permitted (weight=0.62),
1771434250.747,0.0,59.37,4.5398,1.986,99.0,31,-2012.381,7.17833,0.02566,1.0000,0.0000,1.0000,0.0000,0.2566,0.9930,0.4743,CRITICAL,True,10,0,,,,,,
1771434250.747,0.0,,,,,,,,,,,,,,,0.4743,SAFE,,10,,t606_0,0.86,NORMAL,LOCAL,SAFE: all tasks permitted (weight=0.86),
1771434250.747,0.0,,,,,,,,,,,,,,,0.4743,SAFE,,10,,t606_1,0.59,NORMAL,LOCAL,SAFE: all tasks permitted (weight=0.59),
1771434250.747,0.0,,,,,,,,,,,,,,,0.4743,SAFE,,10,,t606_2,0.71,NORMAL,LOCAL,SAFE: all tasks permitted (weight=0.71),
1771434250.747,0.0,60.31,4.5332,1.986,99.0,33,47160.689,5.27942,0.02493,1.0000,1.0000,1.0000,0.0000,0.2493,0.9930,0.7235,CRITICAL,True,10,0,,,,,,
1771434250.747,0.0,,,,,,,,,,,,,,,0.7235,SAFE,,10,,t607_0,0.52,NORMAL,LOCAL,SAFE: all tasks permitted (weight=0.52),
1771434250.747,0.0,,,,,,,,,,,,,,,0.7235,SAFE,,10,,t607_1,0.20,LOW,LOCAL,SAFE: all tasks permitted (weight=0.20),
1771434250.747,0.0,,,,,,,,,,,,,,,0.7235,SAFE,,10,,t607_2,0.77,HIGH,LOCAL,SAFE: all tasks permitted (weight=0.77),
1771434250.747,0.0,59.84,4.5433,1.986,99.0,33,-9276.933,-17.45962,0.02479,1.0000,0.0000,1.0000,1.0000,0.2479,0.9930,0.6734,CRITICAL,True,10,0,,,,,,
1771434250.747,0.0,,,,,,,,,,,,,,,0.6734,SAFE,,10,,t608_0,0.54,LOW,LOCAL,SAFE: all tasks permitted (weight=0.54),
1771434250.747,0.0,,,,,,,,,,,,,,,0.6734,SAFE,,10,,t608_1,0.25,NORMAL,LOCAL,SAFE: all tasks permitted (weight=0.25),
1771434250.747,0.0,,,,,,,,,,,,,,,0.6734,SAFE,,10,,t608_2,0.45,NORMAL,LOCAL,SAFE: all tasks permitted (weight=0.45),
1771434250.747,0.0,,,,,,,,,,,,,,,0.6734,SAFE,,10,,t608_3,0.46,NORMAL,LOCAL,SAFE: all tasks permitted (weight=0.46),
1771434250.747,0.0,,,,,,,,,,,,,,,0.6734,SAFE,,10,,t608_4,0.33,NORMAL,LOCAL,SAFE: all tasks permitted (weight=0.33),
1771434250.747,0.0,60.00,4.5529,1.986,99.0,35,-6798.715,-24.34739,0.02476,1.0000,0.0000,0.9903,1.0000,0.2476,0.9930,0.6721,CRITICAL,True,10,0,,,,,,
1771434250.747,0.0,,,,,,,,,,,,,,,0.6721,SAFE,,10,,t609_0,0.68,LOW,LOCAL,SAFE: all tasks permitted (weight=0.68),
1771434250.747,0.0,,,,,,,,,,,,,,,0.6721,SAFE,,10,,t609_1,0.27,CRITICAL,LOCAL,SAFE: all tasks permitted (weight=0.27),
1771434250.747,0.0,60.41,4.5303,1.986,99.0,34,,,0.02488,1.0000,0.0000,1.0000,0.0000,0.2488,0.9930,0.4735,CRITICAL,True,10,0,,,,,,window_reset|B=10
1771434250.747,0.0,,,,,,,,,,,,,,,0.4735,SAFE,,10,,t610_0,0.53,NORMAL,LOCAL,SAFE: all tasks permitted (weight=0.53),
1771434250.747,0.0,,,,,,,,,,,,,,,0.4735,SAFE,,10,,t610_1,0.22,LOW,LOCAL,SAFE: all tasks permitted (weight=0.22),
1771434250.747,0.0,,,,,,,,,,,,,,,0.4735,SAFE,,10,,t610_2,0.66,HIGH,LOCAL,SAFE: all tasks permitted (weight=0.66),
1771434250.747,0.0,59.73,4.5508,1.986,99.0,34,,,0.02423,1.0000,0.0000,0.9972,0.0000,0.2423,0.9930,0.4725,CRITICAL,True,10,0,,,,,,
1771434250.747,0.0,,,,,,,,,,,,,,,0.4725,SAFE,,10,,t611_0,0.29,HIGH,LOCAL,SAFE: all tasks permitted (weight=0.29),
1771434250.747,0.0,,,,,,,,,,,,,,,0.4725,SAFE,,10,,t611_1,0.59,LOW,LOCAL,SAFE: all tasks permitted (weight=0.59),
1771434250.747,0.0,60.37,4.5952,1.986,99.0,33,,,0.02732,1.0000,0.0000,0.8495,0.0000,0.2732,0.9930,0.4564,CRITICAL,True,10,0,,,,,,
1771434250.747,0.0,,,,,,,,,,,,,,,0.4564,SAFE,,10,,t612_0,0.64,NORMAL,LOCAL,SAFE: all tasks permitted (weight=0.64),
1771434250.747,0.0,60.07,4.5523,1.986,99.0,32,,,0.02620,1.0000,0.0000,0.9925,0.0000,0.2620,0.9930,0.4738,CRITICAL,True,10,0,,,,,,
1771434250.747,0.0,,,,,,,,,,,,,,,0.4738,SAFE,,10,,t613_0,0.35,NORMAL,LOCAL,SAFE: all tasks permitted (weight=0.35),
1771434250.747,0.0,,,,,,,,,,,,,,,0.4738,SAFE,,10,,t613_1,0.40,LOW,LOCAL,SAFE: all tasks permitted (weight=0.40),
1771434250.747,0.0,60.24,4.5363,1.986,99.0,31,,,0.02624,1.0000,0.0000,1.0000,0.0000,0.2624,0.9930,0.4748,CRITICAL,True,10,0,,,,,,
1771434250.747,0.0,,,,,,,,,,,,,,,0.4748,SAFE,,10,,t614_0,0.76,NORMAL,LOCAL,SAFE: all tasks permitted (weight=0.76),
1771434250.747,0.0,,,,,,,,,,,,,,,0.4748,SAFE,,10,,t614_1,0.60,LOW,LOCAL,SAFE: all tasks permitted (weight=0.60),
1771434250.747,0.0,59.75,4.5639,1.986,99.0,32,,,0.02609,1.0000,0.0000,0.9537,0.0000,0.2609,0.9930,0.4687,CRITICAL,True,10,0,,,,,,
1771434250.747,0.0,,,,,,,,,,,,,,,0.4687,SAFE,,10,,t615_0,0.80,NORMAL,LOCAL,SAFE: all tasks permitted (weight=0.80),
1771434250.747,0.0,,,,,,,,,,,,,,,0.4687,SAFE,,10,,t615_1,0.67,CRITICAL,LOCAL,SAFE: all tasks permitted (weight=0.67),
1771434250.747,0.0,,,,,,,,,,,,,,,0.4687,SAFE,,10,,t615_2,0.46,HIGH,LOCAL,SAFE: all tasks permitted (weight=0.46),
1771434250.747,0.0,,,,,,,,,,,,,,,0.4687,SAFE,,10,,t615_3,0.46,NORMAL,LOCAL,SAFE: all tasks permitted (weight=0.46),
1771434250.747,0.0,59.48,4.5583,1.986,99.0,34,,,0.01947,1.0000,0.0000,0.9723,0.0000,0.1947,0.9930,0.4645,CRITICAL,True,10,0,,,,,,
1771434250.748,0.0,,,,,,,,,,,,,,,0.4645,SAFE,,10,,t616_0,0.72,HIGH,LOCAL,SAFE: all tasks permitted (weight=0.72),
1771434250.748,0.0,59.66,4.5123,1.986,99.0,33,-20792.016,-40.58869,0.01971,1.0000,0.0000,1.0000,1.0000,0.1971,0.9930,0.6683,CRITICAL,True,10,0,,,,,,
1771434250.748,0.0,,,,,,,,,,,,,,,0.6683,SAFE,,10,,t617_0,0.27,HIGH,LOCAL,SAFE: all tasks permitted (weight=0.27),
1771434250.748,0.0,,,,,,,,,,,,,,,0.6683,SAFE,,10,,t617_1,0.65,NORMAL,LOCAL,SAFE: all tasks permitted (weight=0.65),
1771434250.748,0.0,59.71,4.5382,1.986,99.0,32,-41973.969,7.96541,0.01976,1.0000,0.0000,1.0000,0.0000,0.1976,0.9930,0.4684,CRITICAL,True,10,0,,,,,,
1771434250.748,0.0,,,,,,,,,,,,,,,0.4684,SAFE,,10,,t618_0,0.40,NORMAL,LOCAL,SAFE: all tasks permitted (weight=0.40),
1771434250.748,0.0,,,,,,,,,,,,,,,0.4684,SAFE,,10,,t618_1,0.53,NORMAL,LOCAL,SAFE: all tasks permitted (weight=0.53),
1771434250.748,0.0,60.15,4.5268,1.986,99.0,32,25168.995,-24.06212,0.02021,1.0000,1.0000,1.0000,1.0000,0.2021,0.9930,0.9188,CRITICAL,True,10,0,,,,,,
1771434250.748,0.0,,,,,,,,,,,,,,,0.9188,SAFE,,10,,t619_0,0.30,HIGH,LOCAL,SAFE: all tasks permitted (weight=0.30),
1771434250.748,0.0,,,,,,,,,,,,,,,0.9188,SAFE,,10,,t619_1,0.33,NORMAL,LOCAL,SAFE: all tasks permitted (weight=0.33),
1771434250.748,0.0,60.08,4.5711,1.986,99.0,30,-17256.539,-24.11602,0.02125,1.0000,0.0000,0.9298,1.0000,0.2125,0.9930,0.6607,CRITICAL,True,10,0,,,,,,
1771434250.748,0.0,,,,,,,,,,,,,,,0.6607,SAFE,,10,,t620_0,0.54,NORMAL,LOCAL,SAFE: all tasks permitted (weight=0.54),
1771434250.748,0.0,,,,,,,,,,,,,,,0.6607,SAFE,,10,,t620_1,0.34,HIGH,LOCAL,SAFE: all tasks permitted (weight=0.34),
1771434250.748,0.0,,,,,,,,,,,,,,,0.6607,SAFE,,10,,t620_2,0.66,HIGH,LOCAL,SAFE: all tasks permitted (weight=0.66),
1771434250.748,0.0,,,,,,,,,,,,,,,0.6607,SAFE,,10,,t620_3,0.32,NORMAL,LOCAL,SAFE: all tasks permitted (weight=0.32),
1771434250.748,0.0,59.87,4.5698,1.986,99.0,32,-12393.959,17.57413,0.02201,1.0000,0.0000,0.9339,0.0000,0.2201,0.9930,0.4620,CRITICAL,True,10,0,,,,,,
1771434250.748,0.0,,,,,,,,,,,,,,,0.4620,SAFE,,10,,t621_0,0.86,HIGH,LOCAL,SAFE: all tasks permitted (weight=0.86),
1771434250.748,0.0,59.69,4.5709,1.986,99.0,31,-33461.896,34.65795,0.02177,1.0000,0.0000,0.9303,0.0000,0.2177,0.9930,0.4613,CRITICAL,True,10,0,,,,,,
1771434250.748,0.0,,,,,,,,,,,,,,,0.4613,SAFE,,10,,t622_0,0.75,HIGH,LOCAL,SAFE: all tasks permitted (weight=0.75),
1771434250.748,0.0,,,,,,,,,,,,,,,0.4613,SAFE,,10,,t622_1,0.89,NORMAL,LOCAL,SAFE: all tasks permitted (weight=0.89),
1771434250.748,0.0,59.94,4.5482,1.986,99.0,32,11544.478,-15.74090,0.02182,1.0000,1.0000,1.0000,1.0000,0.2182,0.9930,0.9204,CRITICAL,True,10,0,,,,,,window_reset|B=10
1771434250.748,0.0,,,,,,,,,,,,,,,0.9204,SAFE,,10,,t623_0,0.79,HIGH,LOCAL,SAFE: all tasks permitted (weight=0.79),
1771434250.748,0.0,,,,,,,,,,,,,,,0.9204,SAFE,,10,,t623_1,0.51,HIGH,LOCAL,SAFE: all tasks permitted (weight=0.51),
1771434250.748,0.0,,,,,,,,,,,,,,,0.9204,SAFE,,10,,t623_2,0.86,LOW,LOCAL,SAFE: all tasks permitted (weight=0.86),
1771434250.748,0.0,60.14,4.5558,1.986,99.0,34,39599.470,-2.45118,0.01794,1.0000,1.0000,0.9805,1.0000,0.1794,0.9930,0.9140,CRITICAL,True,10,0,,,,,,
1771434250.748,0.0,,,,,,,,,,,,,,,0.9140,SAFE,,10,,t624_0,0.19,NORMAL,LOCAL,SAFE: all tasks permitted (weight=0.19),
1771434250.748,0.0,,,,,,,,,,,,,,,0.9140,SAFE,,10,,t624_1,0.47,HIGH,LOCAL,SAFE: all tasks permitted (weight=0.47),
1771434250.748,0.0,,,,,,,,,,,,,,,0.9140,SAFE,,10,,t624_2,0.19,HIGH,LOCAL,SAFE: all tasks permitted (weight=0.19),
1771434250.748,0.0,59.84,4.5580,1.986,99.0,33,,,0.01806,1.0000,0.0000,0.9733,0.0000,0.1806,0.9930,0.4632,CRITICAL,True,10,0,,,,,,
1771434250.748,0.0,,,,,,,,,,,,,,,0.4632,SAFE,,10,,t625_0,0.57,NORMAL,LOCAL,SAFE: all tasks permitted (weight=0.57),
1771434250.748,0.0,,,,,,,,,,,,,,,0.4632,SAFE,,10,,t625_1,0.50,HIGH,LOCAL,SAFE: all tasks permitted (weight=0.50),
1771434250.748,0.0,,,,,,,,,,,,,,,0.4632,SAFE,,10,,t625_2,0.26,NORMAL,LOCAL,SAFE: all tasks permitted (weight=0.26),
1771434250.748,0.0,59.41,4.5691,1.986,99.0,33,,,0.01813,1.0000,0.0000,0.9364,0.0000,0.1813,0.9930,0.4585,CRITICAL,True,10,0,,,,,,
1771434250.748,0.0,,,,,,,,,,,,,,,0.4585,SAFE,,10,,t626_0,0.80,NORMAL,LOCAL,SAFE: all tasks permitted (weight=0.80),
1771434250.748,0.0,,,,,,,,,,,,,,,0.4585,SAFE,,10,,t626_1,0.79,LOW,LOCAL,SAFE: all tasks permitted (weight=0.79),
1771434250.748,0.0,,,,,,,,,,,,,,,0.4585,SAFE,,10,,t626_2,0.66,HIGH,LOCAL,SAFE: all tasks permitted (weight=0.66),
1771434250.748,0.0,,,,,,,,,,,,,,,0.4585,SAFE,,10,,t626_3,0.16,CRITICAL,LOCAL,SAFE: all tasks permitted (weight=0.16),
1771434250.748,0.0,,,,,,,,,,,,,,,0.4585,SAFE,,10,,t626_4,0.88,NORMAL,LOCAL,SAFE: all tasks permitted (weight=0.88),
1771434250.748,0.0,,,,,,,,,,,,,,,0.4585,SAFE,,10,,t626_5,0.71,NORMAL,LOCAL,SAFE: all tasks permitted (weight=0.71),
1771434250.748,0.0,59.63,4.5344,1.986,99.0,38,,,0.01855,1.0000,0.0000,1.0000,0.0000,0.1855,0.9930,0.4672,CRITICAL,True,10,0,,,,,,
1771434250.748,0.0,,,,,,,,,,,,,,,0.4672,SAFE,,10,,t627_0,0.28,LOW,LOCAL,SAFE: all tasks permitted (weight=0.28),
1771434250.748,0.0,,,,,,,,,,,,,,,0.4672,SAFE,,10,,t627_1,0.33,HIGH,LOCAL,SAFE: all tasks permitted (weight=0.33),
1771434250.748,0.0,59.92,4.5433,1.986,99.0,37,,,0.01853,1.0000,0.0000,1.0000,0.0000,0.1853,0.9930,0.4671,CRITICAL,True,10,0,,,,,,
1771434250.748,0.0,,,,,,,,,,,,,,,0.4671,SAFE,,10,,t628_0,0.80,LOW,LOCAL,SAFE: all tasks permitted (weight=0.80),
1771434250.748,0.0,59.73,4.5656,1.986,99.0,35,,,0.01508,1.0000,0.0000,0.9480,0.0000,0.1508,0.9930,0.4569,CRITICAL,True,10,0,,,,,,
1771434250.748,0.0,,,,,,,,,,,,,,,0.4569,SAFE,,10,,t629_0,0.62,NORMAL,LOCAL,SAFE: all tasks permitted (weight=0.62),
1771434250.748,0.0,,,,,,,,,,,,,,,0.4569,SAFE,,10,,t629_1,0.43,LOW,LOCAL,SAFE: all tasks permitted (weight=0.43),
1771434250.748,0.0,,,,,,,,,,,,,,,0.4569,SAFE,,10,,t629_2,0.38,HIGH,LOCAL,SAFE: all tasks permitted (weight=0.38),
1771434250.748,0.0,,,,,,,,,,,,,,,0.4569,SAFE,,10,,t629_3,0.75,NORMAL,LOCAL,SAFE: all tasks permitted (weight=0.75),
1771434250.748,0.0,59.69,4.5218,1.986,99.0,37,,,0.01708,1.0000,0.0000,1.0000,0.0000,0.1708,0.9930,0.4657,CRITICAL,True,10,0,,,,,,
1771434250.748,0.0,,,,,,,,,,,,,,,0.4657,SAFE,,10,,t630_0,0.81,LOW,LOCAL,SAFE: all tasks permitted (weight=0.81),
1771434250.748,0.0,59.38,4.5449,1.986,99.0,36,,,0.01543,1.0000,0.0000,1.0000,0.0000,0.1543,0.9930,0.4640,CRITICAL,True,10,0,,,,,,
1771434250.748,0.0,,,,,,,,,,,,,,,0.4640,SAFE,,10,,t631_0,0.58,CRITICAL,LOCAL,SAFE: all tasks permitted (weight=0.58),
1771434250.748,0.0,,,,,,,,,,,,,,,0.4640,SAFE,,10,,t631_1,0.50,HIGH,LOCAL,SAFE: all tasks permitted (weight=0.50),
1771434250.749,0.0,59.59,4.5392,1.986,99.0,35,-32642.447,-16.60236,0.01507,1.0000,0.0000,1.0000,1.0000,0.1507,0.9930,0.6637,CRITICAL,True,10,0,,,,,,
1771434250.749,0.0,,,,,,,,,,,,,,,0.6637,SAFE,,10,,t632_0,0.84,LOW,LOCAL,SAFE: all tasks permitted (weight=0.84),
1771434250.749,0.0,,,,,,,,,,,,,,,0.6637,SAFE,,10,,t632_1,0.32,HIGH,LOCAL,SAFE: all tasks permitted (weight=0.32),
1771434250.749,0.0,,,,,,,,,,,,,,,0.6637,SAFE,,10,,t632_2,0.25,NORMAL,LOCAL,SAFE: all tasks permitted (weight=0.25),
1771434250.749,0.0,59.72,4.5057,1.986,99.0,35,-7261.658,-52.31082,0.01866,1.0000,0.0000,1.0000,1.0000,0.1866,0.9930,0.6673,CRITICAL,True,10,0,,,,,,
1771434250.749,0.0,,,,,,,,,,,,,,,0.6673,SAFE,,10,,t633_0,0.26,HIGH,LOCAL,SAFE: all tasks permitted (weight=0.26),
1771434250.749,0.0,,,,,,,,,,,,,,,0.6673,SAFE,,10,,t633_1,0.81,NORMAL,LOCAL,SAFE: all tasks permitted (weight=0.81),
1771434250.749,0.0,59.26,4.5646,1.986,99.0,35,-8897.680,-4.45510,0.01804,1.0000,0.0000,0.9513,1.0000,0.1804,0.9930,0.6603,CRITICAL,True,10,0,,,,,,
1771434250.749,0.0,,,,,,,,,,,,,,,0.6603,SAFE,,10,,t634_0,0.25,HIGH,LOCAL,SAFE: all tasks permitted (weight=0.25),
1771434250.749,0.0,,,,,,,,,,,,,,,0.6603,SAFE,,10,,t634_1,0.23,HIGH,LOCAL,SAFE: all tasks permitted (weight=0.23),
1771434250.749,0.0,,,,,,,,,,,,,,,0.6603,SAFE,,10,,t634_2,0.47,LOW,LOCAL,SAFE: all tasks permitted (weight=0.47),
1771434250.749,0.0,,,,,,,,,,,,,,,0.6603,SAFE,,10,,t634_3,0.19,NORMAL,LOCAL,SAFE: all tasks permitted (weight=0.19),
1771434250.749,0.0,,,,,,,,,,,,,,,0.6603,SAFE,,10,,t634_4,0.79,LOW,LOCAL,SAFE: all tasks permitted (weight=0.79),
1771434250.749,0.0,59.60,4.5504,1.986,99.0,36,-1442.409,15.98669,0.01808,1.0000,0.0000,0.9986,0.0000,0.1808,0.9930,0.4665,CRITICAL,True,10,0,,,,,,
1771434250.749,0.0,,,,,,,,,,,,,,,0.4665,SAFE,,10,,t635_0,0.81,LOW,LOCAL,SAFE: all tasks permitted (weight=0.81),
1771434250.749,0.0,59.31,4.5524,1.986,99.0,35,-36471.143,9.08340,0.01795,1.0000,0.0000,0.9920,0.0000,0.1795,0.9930,0.4655,CRITICAL,True,10,0,,,,,,window_reset|B=10
1771434250.749,0.0,,,,,,,,,,,,,,,0.4655,SAFE,,10,,t636_0,0.69,NORMAL,LOCAL,SAFE: all tasks permitted (weight=0.69),
1771434250.749,0.0,,,,,,,,,,,,,,,0.4655,SAFE,,10,,t636_1,0.58,CRITICAL,LOCAL,SAFE: all tasks permitted (weight=0.58),
1771434250.749,0.0,59.53,4.5785,1.986,99.0,35,-12143.376,12.88990,0.01990,1.0000,0.0000,0.9050,0.0000,0.1990,0.9930,0.4561,CRITICAL,True,10,0,,,,,,
1771434250.749,0.0,,,,,,,,,,,,,,,0.4561,SAFE,,10,,t637_0,0.16,HIGH,LOCAL,SAFE: all tasks permitted (weight=0.16),
1771434250.749,0.0,,,,,,,,,,,,,,,0.4561,SAFE,,10,,t637_1,0.47,NORMAL,LOCAL,SAFE: all tasks permitted (weight=0.47),
1771434250.749,0.0,,,,,,,,,,,,,,,0.4561,SAFE,,10,,t637_2,0.90,NORMAL,LOCAL,SAFE: all tasks permitted (weight=0.90),
1771434250.749,0.0,59.81,4.5837,1.986,99.0,35,6935.672,61.92050,0.02156,1.0000,1.0000,0.8876,0.0000,0.2156,0.9930,0.7056,CRITICAL,True,10,0,,,,,,
1771434250.749,0.0,,,,,,,,,,,,,,,0.7056,SAFE,,10,,t638_0,0.81,HIGH,LOCAL,SAFE: all tasks permitted (weight=0.81),
1771434250.749,0.0,,,,,,,,,,,,,,,0.7056,SAFE,,10,,t638_1,0.76,NORMAL,LOCAL,SAFE: all tasks permitted (weight=0.76),
1771434250.749,0.0,,,,,,,,,,,,,,,0.7056,SAFE,,10,,t638_2,0.31,NORMAL,LOCAL,SAFE: all tasks permitted (weight=0.31),
1771434250.749,0.0,59.16,4.5513,1.986,99.0,36,-13324.382,6.40015,0.02113,1.0000,0.0000,0.9957,0.0000,0.2113,0.9930,0.4692,CRITICAL,True,10,0,,,,,,
1771434250.749,0.0,,,,,,,,,,,,,,,0.4692,SAFE,,10,,t639_0,0.45,NORMAL,LOCAL,SAFE: all tasks permitted (weight=0.45),
1771434250.749,0.0,,,,,,,,,,,,,,,0.4692,SAFE,,10,,t639_1,0.44,NORMAL,LOCAL,SAFE: all tasks permitted (weight=0.44),
1771434250.749,0.0,,,,,,,,,,,,,,,0.4692,SAFE,,10,,t639_2,0.62,NORMAL,LOCAL,SAFE: all tasks permitted (weight=0.62),
1771434250.749,0.0,,,,,,,,,,,,,,,0.4692,SAFE,,10,,t639_3,0.89,LOW,LOCAL,SAFE: all tasks permitted (weight=0.89),
1771434250.749,0.0,,,,,,,,,,,,,,,0.4692,SAFE,,10,,t639_4,0.77,NORMAL,LOCAL,SAFE: all tasks permitted (weight=0.77),
1771434250.749,0.0,,,,,,,,,,,,,,,0.4692,SAFE,,10,,t639_5,0.76,LOW,LOCAL,SAFE: all tasks permitted (weight=0.76),
1771434250.749,0.0,59.37,4.5513,1.986,99.0,41,,,0.02103,1.0000,0.0000,0.9956,0.0000,0.2103,0.9930,0.4691,CRITICAL,True,10,0,,,,,,
1771434250.749,0.0,,,,,,,,,,,,,,,0.4691,SAFE,,10,,t640_0,0.66,NORMAL,LOCAL,SAFE: all tasks permitted (weight=0.66),
1771434250.749,0.0,59.17,4.5634,1.986,99.0,39,,,0.02091,1.0000,0.0000,0.9553,0.0000,0.2091,0.9930,0.4637,CRITICAL,True,10,0,,,,,,
1771434250.749,0.0,,,,,,,,,,,,,,,0.4637,SAFE,,10,,t641_0,0.41,CRITICAL,LOCAL,SAFE: all tasks permitted (weight=0.41),
1771434250.749,0.0,59.26,4.5799,1.986,99.0,37,,,0.02040,1.0000,0.0000,0.9004,0.0000,0.2040,0.9930,0.4560,CRITICAL,True,10,0,,,,,,
1771434250.749,0.0,,,,,,,,,,,,,,,0.4560,SAFE,,10,,t642_0,0.23,LOW,LOCAL,SAFE: all tasks permitted (weight=0.23),
1771434250.749,0.0,,,,,,,,,,,,,,,0.4560,SAFE,,10,,t642_1,0.60,NORMAL,LOCAL,SAFE: all tasks permitted (weight=0.60),
1771434250.749,0.0,,,,,,,,,,,,,,,0.4560,SAFE,,10,,t642_2,0.83,NORMAL,LOCAL,SAFE: all tasks permitted (weight=0.83),
1771434250.749,0.0,59.62,4.5506,1.986,99.0,38,,,0.02021,1.0000,0.0000,0.9979,0.0000,0.2021,0.9930,0.4685,CRITICAL,True,10,0,,,,,,
1771434250.749,0.0,,,,,,,,,,,,,,,0.4685,SAFE,,10,,t643_0,0.81,NORMAL,LOCAL,SAFE: all tasks permitted (weight=0.81),
1771434250.749,0.0,60.59,4.5827,1.986,99.0,37,,,0.02078,1.0000,0.0000,0.8910,0.0000,0.2078,0.9930,0.4552,CRITICAL,True,10,0,,,,,,
1771434250.749,0.0,,,,,,,,,,,,,,,0.4552,SAFE,,10,,t644_0,0.61,LOW,LOCAL,SAFE: all tasks permitted (weight=0.61),
1771434250.749,0.0,,,,,,,,,,,,,,,0.4552,SAFE,,10,,t644_1,0.22,HIGH,LOCAL,SAFE: all tasks permitted (weight=0.22),
1771434250.749,0.0,,,,,,,,,,,,,,,0.4552,SAFE,,10,,t644_2,0.17,LOW,LOCAL,SAFE: all tasks permitted (weight=0.17),
1771434250.749,0.0,60.33,4.5769,1.986,99.0,36,,,0.01343,1.0000,0.0000,0.9102,0.0000,0.1343,0.9930,0.4504,CRITICAL,True,10,0,,,,,,
1771434250.749,0.0,,,,,,,,,,,,,,,0.4504,SAFE,,10,,t645_0,0.22,CRITICAL,LOCAL,SAFE: all tasks permitted (weight=0.22),
1771434250.749,0.0,,,,,,,,,,,,,,,0.4504,SAFE,,10,,t645_1,0.38,NORMAL,LOCAL,SAFE: all tasks permitted (weight=0.38),
1771434250.749,0.0,,,,,,,,,,,,,,,0.4504,SAFE,,10,,t645_2,0.50,NORMAL,LOCAL,SAFE: all tasks permitted (weight=0.50),
1771434250.749,0.0,,,,,,,,,,,,,,,0.4504,SAFE,,10,,t645_3,0.85,HIGH,LOCAL,SAFE: all tasks permitted (weight=0.85),
1771434250.749,0.0,59.27,4.5756,1.986,99.0,37,,,0.01371,1.0000,0.0000,0.9145,0.0000,0.1371,0.9930,0.4512,CRITICAL,True,10,0,,,,,,
1771434250.749,0.0,,,,,,,,,,,,,,,0.4512,SAFE,,10,,t646_0,0.65,CRITICAL,LOCAL,SAFE: all tasks permitted (weight=0.65),
1771434250.749,0.0,,,,,,,,,,,,,,,0.4512,SAFE,,10,,t646_1,0.31,LOW,LOCAL,SAFE: all tasks permitted (weight=0.31),
1771434250.749,0.0,,,,,,,,,,,,,,,0.4512,SAFE,,10,,t646_2,0.74,NORMAL,LOCAL,SAFE: all tasks permitted (weight=0.74),
1771434250.749,0.0,60.13,4.5493,1.986,99.0,37,,,0.01382,1.0000,0.0000,1.0000,0.0000,0.1382,0.9930,0.4624,CRITICAL,True,10,0,,,,,,
1771434250.750,0.0,,,,,,,,,,,,,,,0.4624,SAFE,,10,,t647_0,0.16,NORMAL,LOCAL,SAFE: all tasks permitted (weight=0.16),
1771434250.750,0.0,,,,,,,,,,,,,,,0.4624,SAFE,,10,,t647_1,0.54,HIGH,LOCAL,SAFE: all tasks permitted (weight=0.54),
1771434250.750,0.0,,,,,,,,,,,,,,,0.4624,SAFE,,10,,t647_2,0.30,HIGH,LOCAL,SAFE: all tasks permitted (weight=0.30),
1771434250.750,0.0,59.99,4.5524,1.986,99.0,37,37484.954,1.08326,0.01382,1.0000,1.0000,0.9920,0.0000,0.1382,0.9930,0.7114,CRITICAL,True,10,0,,,,,,
1771434250.750,0.0,,,,,,,,,,,,,,,0.7114,SAFE,,10,,t648_0,0.45,CRITICAL,LOCAL,SAFE: all tasks permitted (weight=0.45),
1771434250.750,0.0,,,,,,,,,,,,,,,0.7114,SAFE,,10,,t648_1,0.89,NORMAL,LOCAL,SAFE: all tasks permitted (weight=0.89),
1771434250.750,0.0,,,,,,,,,,,,,,,0.7114,SAFE,,10,,t648_2,0.31,NORMAL,LOCAL,SAFE: all tasks permitted (weight=0.31),
1771434250.750,0.0,59.94,4.5409,1.986,99.0,37,46309.891,-22.48586,0.01492,1.0000,1.0000,1.0000,1.0000,0.1492,0.9930,0.9135,CRITICAL,True,10,0,,,,,,window_reset|B=10
1771434250.750,0.0,,,,,,,,,,,,,,,0.9135,SAFE,,10,,t649_0,0.68,HIGH,LOCAL,SAFE: all tasks permitted (weight=0.68),
1771434250.750,0.0,,,,,,,,,,,,,,,0.9135,SAFE,,10,,t649_1,0.20,NORMAL,LOCAL,SAFE: all tasks permitted (weight=0.20),
1771434250.750,0.0,,,,,,,,,,,,,,,0.9135,SAFE,,10,,t649_2,0.36,CRITICAL,LOCAL,SAFE: all tasks permitted (weight=0.36),
1771434250.750,0.0,59.50,4.5285,1.986,99.0,37,14520.298,-51.41229,0.01632,1.0000,1.0000,1.0000,1.0000,0.1632,0.9930,0.9149,CRITICAL,True,10,0,,,,,,
1771434250.750,0.0,,,,,,,,,,,,,,,0.9149,SAFE,,10,,t650_0,0.88,HIGH,LOCAL,SAFE: all tasks permitted (weight=0.88),
1771434250.750,0.0,,,,,,,,,,,,,,,0.9149,SAFE,,10,,t650_1,0.81,HIGH,LOCAL,SAFE: all tasks permitted (weight=0.81),
1771434250.750,0.0,,,,,,,,,,,,,,,0.9149,SAFE,,10,,t650_2,0.61,LOW,LOCAL,SAFE: all tasks permitted (weight=0.61),
1771434250.750,0.0,,,,,,,,,,,,,,,0.9149,SAFE,,10,,t650_3,0.15,CRITICAL,LOCAL,SAFE: all tasks permitted (weight=0.15),
1771434250.750,0.0,,,,,,,,,,,,,,,0.9149,SAFE,,10,,t650_4,0.76,HIGH,LOCAL,SAFE: all tasks permitted (weight=0.76),
1771434250.750,0.0,59.59,4.5650,1.986,99.0,40,-1675.999,14.42129,0.01625,1.0000,0.0000,0.9499,0.0000,0.1625,0.9930,0.4583,CRITICAL,True,10,0,,,,,,
1771434250.750,0.0,,,,,,,,,,,,,,,0.4583,SAFE,,10,,t651_0,0.73,CRITICAL,LOCAL,SAFE: all tasks permitted (weight=0.73),
1771434250.750,0.0,,,,,,,,,,,,,,,0.4583,SAFE,,10,,t651_1,0.39,NORMAL,LOCAL,SAFE: all tasks permitted (weight=0.39),
1771434250.750,0.0,59.22,4.5469,1.986,99.0,39,-81716.308,-35.80643,0.01649,1.0000,0.0000,1.0000,1.0000,0.1649,0.9930,0.6651,CRITICAL,True,10,0,,,,,,
1771434250.750,0.0,,,,,,,,,,,,,,,0.6651,SAFE,,10,,t652_0,0.66,NORMAL,LOCAL,SAFE: all tasks permitted (weight=0.66),
1771434250.750,0.0,,,,,,,,,,,,,,,0.6651,SAFE,,10,,t652_1,0.49,HIGH,LOCAL,SAFE: all tasks permitted (weight=0.49),
1771434250.750,0.0,59.76,4.5535,1.986,99.0,39,-34210.743,-23.46761,0.01651,1.0000,0.0000,0.9884,1.0000,0.1651,0.9930,0.6636,CRITICAL,True,10,0,,,,,,
1771434250.750,0.0,,,,,,,,,,,,,,,0.6636,SAFE,,10,,t653_0,0.56,NORMAL,LOCAL,SAFE: all tasks permitted (weight=0.56),
1771434250.750,0.0,,,,,,,,,,,,,,,0.6636,SAFE,,10,,t653_1,0.41,HIGH,LOCAL,SAFE: all tasks permitted (weight=0.41),
1771434250.750,0.0,59.53,4.5275,1.986,99.0,38,15466.689,-48.17384,0.01720,1.0000,1.0000,1.0000,1.0000,0.1720,0.9930,0.9158,CRITICAL,True,10,0,,,,,,
1771434250.750,0.0,,,,,,,,,,,,,,,0.9158,SAFE,,10,,t654_0,0.79,NORMAL,LOCAL,SAFE: all tasks permitted (weight=0.79),
1771434250.750,0.0,59.80,4.5372,1.986,99.0,37,-19664.810,-12.11681,0.01782,1.0000,0.0000,1.0000,1.0000,0.1782,0.9930,0.6664,CRITICAL,True,10,0,,,,,,
1771434250.750,0.0,,,,,,,,,,,,,,,0.6664,SAFE,,10,,t655_0,0.71,HIGH,LOCAL,SAFE: all tasks permitted (weight=0.71),
1771434250.750,0.0,,,,,,,,,,,,,,,0.6664,SAFE,,10,,t655_1,0.81,NORMAL,LOCAL,SAFE: all tasks permitted (weight=0.81),
1771434250.750,0.0,59.59,4.6076,1.986,99.0,37,,,0.02209,1.0000,0.0000,0.8081,0.0000,0.2209,0.9930,0.4457,CRITICAL,True,10,0,,,,,,
1771434250.750,0.0,,,,,,,,,,,,,,,0.4457,SAFE,,10,,t656_0,0.80,NORMAL,LOCAL,SAFE: all tasks permitted (weight=0.80),
1771434250.750,0.0,,,,,,,,,,,,,,,0.4457,SAFE,,10,,t656_1,0.69,NORMAL,LOCAL,SAFE: all tasks permitted (weight=0.69),
1771434250.750,0.0,,,,,,,,,,,,,,,0.4457,SAFE,,10,,t656_2,0.55,NORMAL,LOCAL,SAFE: all tasks permitted (weight=0.55),
1771434250.750,0.0,60.11,4.5822,1.986,99.0,38,,,0.02257,1.0000,0.0000,0.8925,0.0000,0.2257,0.9930,0.4572,CRITICAL,True,10,0,,,,,,
1771434250.750,0.0,,,,,,,,,,,,,,,0.4572,SAFE,,10,,t657_0,0.16,HIGH,LOCAL,SAFE: all tasks permitted (weight=0.16),
1771434250.750,0.0,,,,,,,,,,,,,,,0.4572,SAFE,,10,,t657_1,0.69,LOW,LOCAL,SAFE: all tasks permitted (weight=0.69),
1771434250.750,0.0,,,,,,,,,,,,,,,0.4572,SAFE,,10,,t657_2,0.15,NORMAL,LOCAL,SAFE: all tasks permitted (weight=0.15),
1771434250.750,0.0,,,,,,,,,,,,,,,0.4572,SAFE,,10,,t657_3,0.64,CRITICAL,LOCAL,SAFE: all tasks permitted (weight=0.64),
1771434250.750,0.0,,,,,,,,,,,,,,,0.4572,SAFE,,10,,t657_4,0.63,NORMAL,LOCAL,SAFE: all tasks permitted (weight=0.63),
1771434250.750,0.0,,,,,,,,,,,,,,,0.4572,SAFE,,10,,t657_5,0.55,CRITICAL,LOCAL,SAFE: all tasks permitted (weight=0.55),
1771434250.750,0.0,59.76,4.5057,1.986,99.0,41,,,0.02547,1.0000,0.0000,1.0000,0.0000,0.2547,0.9930,0.4741,CRITICAL,True,10,0,,,,,,
1771434250.750,0.0,,,,,,,,,,,,,,,0.4741,SAFE,,10,,t658_0,0.25,HIGH,LOCAL,SAFE: all tasks permitted (weight=0.25),
1771434250.750,0.0,59.74,4.5630,1.986,99.0,38,,,0.02573,1.0000,0.0000,0.9566,0.0000,0.2573,0.9930,0.4687,CRITICAL,True,10,0,,,,,,
1771434250.750,0.0,,,,,,,,,,,,,,,0.4687,SAFE,,10,,t659_0,0.49,NORMAL,LOCAL,SAFE: all tasks permitted (weight=0.49),
1771434250.750,0.0,,,,,,,,,,,,,,,0.4687,SAFE,,10,,t659_1,0.73,NORMAL,LOCAL,SAFE: all tasks permitted (weight=0.73),
1771434250.750,0.0,,,,,,,,,,,,,,,0.4687,SAFE,,10,,t659_2,0.69,NORMAL,LOCAL,SAFE: all tasks permitted (weight=0.69),
1771434250.750,0.0,,,,,,,,,,,,,,,0.4687,SAFE,,10,,t659_3,0.78,LOW,LOCAL,SAFE: all tasks permitted (weight=0.78),
1771434250.750,0.0,,,,,,,,,,,,,,,0.4687,SAFE,,10,,t659_4,0.26,NORMAL,LOCAL,SAFE: all tasks permitted (weight=0.26),
1771434250.750,0.0,59.32,4.5326,1.986,99.0,41,,,0.02621,1.0000,0.0000,1.0000,0.0000,0.2621,0.9930,0.4748,CRITICAL,True,10,0,,,,,,
1771434250.751,0.0,,,,,,,,,,,,,,,0.4748,SAFE,,10,,t660_0,0.85,HIGH,LOCAL,SAFE: all tasks permitted (weight=0.85),
1771434250.751,0.0,,,,,,,,,,,,,,,0.4748,SAFE,,10,,t660_1,0.84,NORMAL,LOCAL,SAFE: all tasks permitted (weight=0.84),
1771434250.751,0.0,59.68,4.5294,1.986,99.0,41,-4940.942,-24.05615,0.02670,1.0000,0.0000,1.0000,1.0000,0.2670,0.9930,0.6753,CRITICAL,True,10,0,,,,,,
1771434250.751,0.0,,,,,,,,,,,,,,,0.6753,SAFE,,10,,t661_0,0.86,HIGH,LOCAL,SAFE: all tasks permitted (weight=0.86),
1771434250.751,0.0,,,,,,,,,,,,,,,0.6753,SAFE,,10,,t661_1,0.67,NORMAL,LOCAL,SAFE: all tasks permitted (weight=0.67),
1771434250.751,0.0,59.82,4.5988,1.986,99.0,41,17763.838,71.27683,0.02931,1.0000,1.0000,0.8373,0.0000,0.2931,0.9930,0.7068,CRITICAL,True,10,0,,,,,,window_reset|B=10
1771434250.751,0.0,,,,,,,,,,,,,,,0.7068,SAFE,,10,,t662_0,0.87,LOW,LOCAL,SAFE: all tasks permitted (weight=0.87),
1771434250.751,0.0,,,,,,,,,,,,,,,0.7068,SAFE,,10,,t662_1,0.33,NORMAL,LOCAL,SAFE: all tasks permitted (weight=0.33),
1771434250.751,0.0,,,,,,,,,,,,,,,0.7068,SAFE,,10,,t662_2,0.27,HIGH,LOCAL,SAFE: all tasks permitted (weight=0.27),
1771434250.751,0.0,59.45,4.5539,1.986,99.0,41,-20894.837,16.62989,0.02912,1.0000,0.0000,0.9871,0.0000,0.2912,0.9930,0.4760,CRITICAL,True,10,0,,,,,,
1771434250.751,0.0,,,,,,,,,,,,,,,0.4760,SAFE,,10,,t663_0,0.23,HIGH,LOCAL,SAFE: all tasks permitted (weight=0.23),
1771434250.751,0.0,,,,,,,,,,,,,,,0.4760,SAFE,,10,,t663_1,0.83,NORMAL,LOCAL,SAFE: all tasks permitted (weight=0.83),
1771434250.751,0.0,,,,,,,,,,,,,,,0.4760,SAFE,,10,,t663_2,0.42,HIGH,LOCAL,SAFE: all tasks permitted (weight=0.42),
1771434250.751,0.0,59.67,4.5331,1.986,99.0,41,4968.774,-74.40277,0.02961,1.0000,1.0000,1.0000,1.0000,0.2961,0.9930,0.9282,CRITICAL,True,10,0,,,,,,
1771434250.751,0.0,,,,,,,,,,,,,,,0.9282,SAFE,,10,,t664_0,0.45,NORMAL,LOCAL,SAFE: all tasks permitted (weight=0.45),
1771434250.751,0.0,,,,,,,,,,,,,,,0.9282,SAFE,,10,,t664_1,0.84,LOW,LOCAL,SAFE: all tasks permitted (weight=0.84),
1771434250.751,0.0,59.58,4.5349,1.986,99.0,40,-32261.308,-47.27083,0.02998,1.0000,0.0000,1.0000,1.0000,0.2998,0.9930,0.6786,CRITICAL,True,10,0,,,,,,
1771434250.751,0.0,,,,,,,,,,,,,,,0.6786,SAFE,,10,,t665_0,0.73,NORMAL,LOCAL,SAFE: all tasks permitted (weight=0.73),
1771434250.751,0.0,59.97,4.5801,1.986,99.0,39,12668.850,74.33156,0.03014,1.0000,1.0000,0.8997,0.0000,0.3014,0.9930,0.7157,CRITICAL,True,10,0,,,,,,
1771434250.751,0.0,,,,,,,,,,,,,,,0.7157,SAFE,,10,,t666_0,0.38,NORMAL,LOCAL,SAFE: all tasks permitted (weight=0.38),
1771434250.751,0.0,,,,,,,,,,,,,,,0.7157,SAFE,,10,,t666_1,0.25,LOW,LOCAL,SAFE: all tasks permitted (weight=0.25),
1771434250.751,0.0,,,,,,,,,,,,,,,0.7157,SAFE,,10,,t666_2,0.33,LOW,LOCAL,SAFE: all tasks permitted (weight=0.33),
1771434250.751,0.0,59.67,4.5619,1.986,99.0,38,-4251.031,-1.13641,0.02970,1.0000,0.0000,0.9604,1.0000,0.2970,0.9930,0.6732,CRITICAL,True,10,0,,,,,,
1771434250.751,0.0,,,,,,,,,,,,,,,0.6732,SAFE,,10,,t667_0,0.32,HIGH,LOCAL,SAFE: all tasks permitted (weight=0.32),
1771434250.751,0.0,,,,,,,,,,,,,,,0.6732,SAFE,,10,,t667_1,0.29,NORMAL,LOCAL,SAFE: all tasks permitted (weight=0.29),
1771434250.751,0.0,60.18,4.5183,1.986,99.0,36,51746.234,-14.33487,0.02716,1.0000,1.0000,1.0000,1.0000,0.2716,0.9930,0.9258,CRITICAL,True,10,0,,,,,,
1771434250.751,0.0,,,,,,,,,,,,,,,0.9258,SAFE,,10,,t668_0,0.22,HIGH,LOCAL,SAFE: all tasks permitted (weight=0.22),
1771434250.751,0.0,,,,,,,,,,,,,,,0.9258,SAFE,,10,,t668_1,0.87,LOW,LOCAL,SAFE: all tasks permitted (weight=0.87),
1771434250.751,0.0,,,,,,,,,,,,,,,0.9258,SAFE,,10,,t668_2,0.46,LOW,LOCAL,SAFE: all tasks permitted (weight=0.46),
1771434250.751,0.0,,,,,,,,,,,,,,,0.9258,SAFE,,10,,t668_3,0.33,NORMAL,LOCAL,SAFE: all tasks permitted (weight=0.33),
1771434250.751,0.0,,,,,,,,,,,,,,,0.9258,SAFE,,10,,t668_4,0.50,HIGH,LOCAL,SAFE: all tasks permitted (weight=0.50),
1771434250.752,0.0,,,,,,,,,,,,,,,0.9258,SAFE,,10,,t668_5,0.16,HIGH,LOCAL,SAFE: all tasks permitted (weight=0.16),
1771434250.752,0.0,59.39,4.5649,1.986,99.0,38,-17794.342,35.49927,0.02581,1.0000,0.0000,0.9502,0.0000,0.2581,0.9930,0.4679,CRITICAL,True,10,0,,,,,,
1771434250.752,0.0,,,,,,,,,,,,,,,0.4679,SAFE,,10,,t669_0,0.25,LOW,LOCAL,SAFE: all tasks permitted (weight=0.25),
1771434250.752,0.0,60.12,4.5412,1.986,99.0,36,17709.680,-57.56821,0.02262,1.0000,1.0000,1.0000,1.0000,0.2262,0.9930,0.9212,CRITICAL,True,10,0,,,,,,
1771434250.752,0.0,,,,,,,,,,,,,,,0.9212,SAFE,,10,,t670_0,0.69,NORMAL,LOCAL,SAFE: all tasks permitted (weight=0.69),
1771434250.752,0.0,59.57,4.5753,1.986,99.0,35,7045.889,21.45498,0.02341,1.0000,1.0000,0.9156,0.0000,0.2341,0.9930,0.7110,CRITICAL,True,10,0,,,,,,
1771434250.752,0.0,,,,,,,,,,,,,,,0.7110,SAFE,,10,,t671_0,0.19,NORMAL,LOCAL,SAFE: all tasks permitted (weight=0.19),
1771434250.752,0.0,59.34,4.5814,1.986,99.0,33,-14414.828,35.30689,0.02392,1.0000,0.0000,0.8954,0.0000,0.2392,0.9930,0.4589,CRITICAL,True,10,0,,,,,,
1771434250.752,0.0,,,,,,,,,,,,,,,0.4589,SAFE,,10,,t672_0,0.62,LOW,LOCAL,SAFE: all tasks permitted (weight=0.62),
1771434250.752,0.0,,,,,,,,,,,,,,,0.4589,SAFE,,10,,t672_1,0.67,NORMAL,LOCAL,SAFE: all tasks permitted (weight=0.67),
1771434250.752,0.0,59.85,4.5379,1.986,99.0,33,11930.772,2.20323,0.02323,1.0000,1.0000,1.0000,0.0000,0.2323,0.9930,0.7218,CRITICAL,True,10,0,,,,,,
1771434250.752,0.0,,,,,,,,,,,,,,,0.7218,SAFE,,10,,t673_0,0.35,NORMAL,LOCAL,SAFE: all tasks permitted (weight=0.35),
1771434250.752,0.0,,,,,,,,,,,,,,,0.7218,SAFE,,10,,t673_1,0.24,NORMAL,LOCAL,SAFE: all tasks permitted (weight=0.24),
1771434250.752,0.0,,,,,,,,,,,,,,,0.7218,SAFE,,10,,t673_2,0.53,NORMAL,LOCAL,SAFE: all tasks permitted (weight=0.53),
1771434250.752,0.0,59.93,4.5044,1.986,99.0,33,-1993.686,-55.37277,0.02365,1.0000,0.0000,1.0000,1.0000,0.2365,0.9930,0.6723,CRITICAL,True,10,0,,,,,,
1771434250.752,0.0,,,,,,,,,,,,,,,0.6723,SAFE,,10,,t674_0,0.73,HIGH,LOCAL,SAFE: all tasks permitted (weight=0.73),
1771434250.752,0.0,,,,,,,,,,,,,,,0.6723,SAFE,,10,,t674_1,0.60,LOW,LOCAL,SAFE: all tasks permitted (weight=0.60),
1771434250.752,0.0,,,,,,,,,,,,,,,0.6723,SAFE,,10,,t674_2,0.20,LOW,LOCAL,SAFE: all tasks permitted (weight=0.20),
1771434250.752,0.0,60.08,4.5466,1.986,99.0,33,17931.578,-11.18121,0.02361,1.0000,1.0000,1.0000,1.0000,0.2361,0.9930,0.9222,CRITICAL,True,10,0,,,,,,window_reset|B=10
1771434250.752,0.0,,,,,,,,,,,,,,,0.9222,SAFE,,10,,t675_0,0.83,NORMAL,LOCAL,SAFE: all tasks permitted (weight=0.83),
1771434250.752,0.0,,,,,,,,,,,,,,,0.9222,SAFE,,10,,t675_1,0.52,LOW,LOCAL,SAFE: all tasks permitted (weight=0.52),
1771434250.752,0.0,,,,,,,,,,,,,,,0.9222,SAFE,,10,,t675_2,0.86,NORMAL,LOCAL,SAFE: all tasks permitted (weight=0.86),
1771434250.752,0.0,,,,,,,,,,,,,,,0.9222,SAFE,,10,,t675_3,0.18,LOW,LOCAL,SAFE: all tasks permitted (weight=0.18),
1771434250.752,0.0,,,,,,,,,,,,,,,0.9222,SAFE,,10,,t675_4,0.47,HIGH,LOCAL,SAFE: all tasks permitted (weight=0.47),
1771434250.752,0.0,,,,,,,,,,,,,,,0.9222,SAFE,,10,,t675_5,0.45,NORMAL,LOCAL,SAFE: all tasks permitted (weight=0.45),
1771434250.752,0.0,59.71,4.5691,1.986,99.0,37,-20717.175,37.20686,0.02378,1.0000,0.0000,0.9362,0.0000,0.2378,0.9930,0.4641,CRITICAL,True,10,0,,,,,,
1771434250.752,0.0,,,,,,,,,,,,,,,0.4641,SAFE,,10,,t676_0,0.88,LOW,LOCAL,SAFE: all tasks permitted (weight=0.88),
1771434250.752,0.0,60.21,4.5325,1.986,99.0,36,135974.288,-88.79729,0.02393,1.0000,1.0000,1.0000,1.0000,0.2393,0.9930,0.9225,CRITICAL,True,10,0,,,,,,
1771434250.752,0.0,,,,,,,,,,,,,,,0.9225,SAFE,,10,,t677_0,0.35,NORMAL,LOCAL,SAFE: all tasks permitted (weight=0.35),
1771434250.752,0.0,,,,,,,,,,,,,,,0.9225,SAFE,,10,,t677_1,0.38,NORMAL,LOCAL,SAFE: all tasks permitted (weight=0.38),
1771434250.752,0.0,,,,,,,,,,,,,,,0.9225,SAFE,,10,,t677_2,0.62,NORMAL,LOCAL,SAFE: all tasks permitted (weight=0.62),
1771434250.752,0.0,,,,,,,,,,,,,,,0.9225,SAFE,,10,,t677_3,0.61,HIGH,LOCAL,SAFE: all tasks permitted (weight=0.61),
1771434250.752,0.0,,,,,,,,,,,,,,,0.9225,SAFE,,10,,t677_4,0.26,HIGH,LOCAL,SAFE: all tasks permitted (weight=0.26),
1771434250.752,0.0,59.67,4.5381,1.986,99.0,38,-73666.539,-8.44660,0.02246,1.0000,0.0000,1.0000,1.0000,0.2246,0.9930,0.6711,CRITICAL,True,10,0,,,,,,
1771434250.753,0.0,,,,,,,,,,,,,,,0.6711,SAFE,,10,,t678_0,0.27,NORMAL,LOCAL,SAFE: all tasks permitted (weight=0.27),
1771434250.753,0.0,59.51,4.5250,1.986,99.0,35,-3989.415,-57.86978,0.02282,1.0000,0.0000,1.0000,1.0000,0.2282,0.9930,0.6714,CRITICAL,True,10,0,,,,,,
1771434250.753,0.0,,,,,,,,,,,,,,,0.6714,SAFE,,10,,t679_0,0.77,NORMAL,LOCAL,SAFE: all tasks permitted (weight=0.77),
1771434250.753,0.0,59.89,4.5897,1.986,99.0,34,65587.398,16.42902,0.02444,1.0000,1.0000,0.8678,0.0000,0.2444,0.9930,0.7059,CRITICAL,True,10,0,,,,,,
1771434250.753,0.0,,,,,,,,,,,,,,,0.7059,SAFE,,10,,t680_0,0.60,NORMAL,LOCAL,SAFE: all tasks permitted (weight=0.60),
1771434250.753,0.0,,,,,,,,,,,,,,,0.7059,SAFE,,10,,t680_1,0.28,LOW,LOCAL,SAFE: all tasks permitted (weight=0.28),
1771434250.753,0.0,59.38,4.5445,1.986,99.0,34,-55675.594,12.99094,0.02409,1.0000,0.0000,1.0000,0.0000,0.2409,0.9930,0.4727,CRITICAL,True,10,0,,,,,,
1771434250.753,0.0,,,,,,,,,,,,,,,0.4727,SAFE,,10,,t681_0,0.61,HIGH,LOCAL,SAFE: all tasks permitted (weight=0.61),
1771434250.753,0.0,,,,,,,,,,,,,,,0.4727,SAFE,,10,,t681_1,0.46,LOW,LOCAL,SAFE: all tasks permitted (weight=0.46),
1771434250.753,0.0,59.33,4.6043,1.986,99.0,33,-71792.181,197.93970,0.02835,1.0000,0.0000,0.8192,0.0000,0.2835,0.9930,0.4534,CRITICAL,True,10,0,,,,,,
1771434250.753,0.0,,,,,,,,,,,,,,,0.4534,SAFE,,10,,t682_0,0.15,HIGH,LOCAL,SAFE: all tasks permitted (weight=0.15),
1771434250.753,0.0,60.41,4.5314,1.986,99.0,31,39653.259,-30.13482,0.02821,1.0000,1.0000,1.0000,1.0000,0.2821,0.9930,0.9268,CRITICAL,True,10,0,,,,,,
1771434250.753,0.0,,,,,,,,,,,,,,,0.9268,SAFE,,10,,t683_0,0.38,NORMAL,LOCAL,SAFE: all tasks permitted (weight=0.38),
1771434250.753,0.0,60.04,4.5530,1.986,99.0,30,39678.125,-31.95719,0.02666,1.0000,1.0000,0.9899,1.0000,0.2666,0.9930,0.9239,CRITICAL,True,10,0,,,,,,
1771434250.753,0.0,,,,,,,,,,,,,,,0.9239,SAFE,,10,,t684_0,0.79,NORMAL,LOCAL,SAFE: all tasks permitted (weight=0.79),
1771434250.753,0.0,,,,,,,,,,,,,,,0.9239,SAFE,,10,,t684_1,0.44,CRITICAL,LOCAL,SAFE: all tasks permitted (weight=0.44),
1771434250.753,0.0,,,,,,,,,,,,,,,0.9239,SAFE,,10,,t684_2,0.44,NORMAL,LOCAL,SAFE: all tasks permitted (weight=0.44),
1771434250.753,0.0,59.54,4.5438,1.986,99.0,31,-80222.302,22.49351,0.02652,1.0000,0.0000,1.0000,0.0000,0.2652,0.9930,0.4751,CRITICAL,True,10,0,,,,,,
1771434250.753,0.0,,,,,,,,,,,,,,,0.4751,SAFE,,10,,t685_0,0.57,HIGH,LOCAL,SAFE: all tasks permitted (weight=0.57),
1771434250.753,0.0,,,,,,,,,,,,,,,0.4751,SAFE,,10,,t685_1,0.19,NORMAL,LOCAL,SAFE: all tasks permitted (weight=0.19),
1771434250.753,0.0,59.21,4.5403,1.986,99.0,30,-54738.567,4.41487,0.02320,1.0000,0.0000,1.0000,0.0000,0.2320,0.9930,0.4718,CRITICAL,True,10,0,,,,,,
1771434250.753,0.0,,,,,,,,,,,,,,,0.4718,SAFE,,10,,t686_0,0.56,HIGH,LOCAL,SAFE: all tasks permitted (weight=0.56),
1771434250.753,0.0,59.42,4.5486,1.986,99.0,29,,,0.02317,1.0000,0.0000,1.0000,0.0000,0.2317,0.9930,0.4718,CRITICAL,True,10,0,,,,,,
1771434250.753,0.0,,,,,,,,,,,,,,,0.4718,SAFE,,10,,t687_0,0.72,LOW,LOCAL,SAFE: all tasks permitted (weight=0.72),
1771434250.753,0.0,,,,,,,,,,,,,,,0.4718,SAFE,,10,,t687_1,0.45,LOW,LOCAL,SAFE: all tasks permitted (weight=0.45),
1771434250.753,0.0,,,,,,,,,,,,,,,0.4718,SAFE,,10,,t687_2,0.31,NORMAL,LOCAL,SAFE: all tasks permitted (weight=0.31),
1771434250.753,0.0,,,,,,,,,,,,,,,0.4718,SAFE,,10,,t687_3,0.72,NORMAL,LOCAL,SAFE: all tasks permitted (weight=0.72),
1771434250.753,0.0,59.35,4.5512,1.986,99.0,31,,,0.02256,1.0000,0.0000,0.9960,0.0000,0.2256,0.9930,0.4706,CRITICAL,True,10,0,,,,,,window_reset|B=10
1771434250.753,0.0,,,,,,,,,,,,,,,0.4706,SAFE,,10,,t688_0,0.37,CRITICAL,LOCAL,SAFE: all tasks permitted (weight=0.37),
1771434250.753,0.0,60.04,4.5504,1.986,99.0,29,,,0.02193,1.0000,0.0000,0.9988,0.0000,0.2193,0.9930,0.4704,CRITICAL,True,10,0,,,,,,
1771434250.753,0.0,,,,,,,,,,,,,,,0.4704,SAFE,,10,,t689_0,0.41,NORMAL,LOCAL,SAFE: all tasks permitted (weight=0.41),
1771434250.753,0.0,,,,,,,,,,,,,,,0.4704,SAFE,,10,,t689_1,0.17,LOW,LOCAL,SAFE: all tasks permitted (weight=0.17),
1771434250.753,0.0,,,,,,,,,,,,,,,0.4704,SAFE,,10,,t689_2,0.20,HIGH,LOCAL,SAFE: all tasks permitted (weight=0.20),
1771434250.753,0.0,59.95,4.5419,1.986,99.0,29,,,0.02175,1.0000,0.0000,1.0000,0.0000,0.2175,0.9930,0.4704,CRITICAL,True,10,0,,,,,,
1771434250.753,0.0,,,,,,,,,,,,,,,0.4704,SAFE,,10,,t690_0,0.49,NORMAL,LOCAL,SAFE: all tasks permitted (weight=0.49),
1771434250.753,0.0,,,,,,,,,,,,,,,0.4704,SAFE,,10,,t690_1,0.53,LOW,LOCAL,SAFE: all tasks permitted (weight=0.53),
1771434250.753,0.0,,,,,,,,,,,,,,,0.4704,SAFE,,10,,t690_2,0.17,HIGH,LOCAL,SAFE: all tasks permitted (weight=0.17),
1771434250.753,0.0,59.50,4.5470,1.986,99.0,29,,,0.02028,1.0000,0.0000,1.0000,0.0000,0.2028,0.9930,0.4689,CRITICAL,True,10,0,,,,,,
1771434250.753,0.0,,,,,,,,,,,,,,,0.4689,SAFE,,10,,t691_0,0.41,LOW,LOCAL,SAFE: all tasks permitted (weight=0.41),
1771434250.753,0.0,59.65,4.6079,1.986,99.0,28,,,0.02336,1.0000,0.0000,0.8069,0.0000,0.2336,0.9930,0.4469,CRITICAL,True,10,0,,,,,,
1771434250.753,0.0,,,,,,,,,,,,,,,0.4469,SAFE,,10,,t692_0,0.57,HIGH,LOCAL,SAFE: all tasks permitted (weight=0.57),
1771434250.753,0.0,,,,,,,,,,,,,,,0.4469,SAFE,,10,,t692_1,0.38,LOW,LOCAL,SAFE: all tasks permitted (weight=0.38),
1771434250.753,0.0,,,,,,,,,,,,,,,0.4469,SAFE,,10,,t692_2,0.78,NORMAL,LOCAL,SAFE: all tasks permitted (weight=0.78),
1771434250.753,0.0,,,,,,,,,,,,,,,0.4469,SAFE,,10,,t692_3,0.69,NORMAL,LOCAL,SAFE: all tasks permitted (weight=0.69),
1771434250.753,0.0,59.55,4.5612,1.986,99.0,30,,,0.02317,1.0000,0.0000,0.9628,0.0000,0.2317,0.9930,0.4669,CRITICAL,True,10,0,,,,,,
1771434250.753,0.0,,,,,,,,,,,,,,,0.4669,SAFE,,10,,t693_0,0.19,LOW,LOCAL,SAFE: all tasks permitted (weight=0.19),
1771434250.753,0.0,59.29,4.5840,1.986,99.0,28,,,0.02020,1.0000,0.0000,0.8867,0.0000,0.2020,0.9930,0.4541,CRITICAL,True,10,0,,,,,,
1771434250.753,0.0,,,,,,,,,,,,,,,0.4541,SAFE,,10,,t694_0,0.42,LOW,LOCAL,SAFE: all tasks permitted (weight=0.42),
1771434250.753,0.0,59.44,4.5247,1.986,99.0,27,,,0.02092,1.0000,0.0000,1.0000,0.0000,0.2092,0.9930,0.4695,CRITICAL,True,10,0,,,,,,
1771434250.753,0.0,,,,,,,,,,,,,,,0.4695,SAFE,,10,,t695_0,0.71,CRITICAL,LOCAL,SAFE: all tasks permitted (weight=0.71),
1771434250.753,0.0,,,,,,,,,,,,,,,0.4695,SAFE,,10,,t695_1,0.71,LOW,LOCAL,SAFE: all tasks permitted (weight=0.71),
1771434250.753,0.0,,,,,,,,,,,,,,,0.4695,SAFE,,10,,t695_2,0.45,LOW,LOCAL,SAFE: all tasks permitted (weight=0.45),
1771434250.753,0.0,,,,,,,,,,,,,,,0.4695,SAFE,,10,,t695_3,0.81,CRITICAL,LOCAL,SAFE: all tasks permitted (weight=0.81),
1771434250.753,0.0,60.04,4.4980,1.986,99.0,30,,,0.02612,1.0000,0.0000,1.0000,0.0000,0.2612,0.9930,0.4747,CRITICAL,True,10,0,,,,,,
1771434250.753,0.0,,,,,,,,,,,,,,,0.4747,SAFE,,10,,t696_0,0.40,CRITICAL,LOCAL,SAFE: all tasks permitted (weight=0.40),
1771434250.753,0.0,,,,,,,,,,,,,,,0.4747,SAFE,,10,,t696_1,0.21,NORMAL,LOCAL,SAFE: all tasks permitted (weight=0.21),
1771434250.753,0.0,59.52,4.5533,1.986,99.0,29,,,0.02607,1.0000,0.0000,0.9889,0.0000,0.2607,0.9930,0.4732,CRITICAL,True,10,0,,,,,,
1771434250.753,0.0,,,,,,,,,,,,,,,0.4732,SAFE,,10,,t697_0,0.62,CRITICAL,LOCAL,SAFE: all tasks permitted (weight=0.62),
1771434250.753,0.0,59.93,4.5862,1.986,99.0,28,,,0.02758,1.0000,0.0000,0.8795,0.0000,0.2758,0.9930,0.4605,CRITICAL,True,10,0,,,,,,
1771434250.753,0.0,,,,,,,,,,,,,,,0.4605,SAFE,,10,,t698_0,0.82,HIGH,LOCAL,SAFE: all tasks permitted (weight=0.82),
1771434250.753,0.0,,,,,,,,,,,,,,,0.4605,SAFE,,10,,t698_1,0.28,HIGH,LOCAL,SAFE: all tasks permitted (weight=0.28),
1771434250.753,0.0,,,,,,,,,,,,,,,0.4605,SAFE,,10,,t698_2,0.27,LOW,LOCAL,SAFE: all tasks permitted (weight=0.27),
1771434250.753,0.0,60.03,4.5395,1.986,99.0,29,,,0.02786,1.0000,0.0000,1.0000,0.0000,0.2786,0.9930,0.4765,CRITICAL,True,10,0,,,,,,
1771434250.753,0.0,,,,,,,,,,,,,,,0.4765,SAFE,,10,,t699_0,0.61,LOW,LOCAL,SAFE: all tasks permitted (weight=0.61),
1771434250.753,0.0,,,,,,,,,,,,,,,0.4765,SAFE,,10,,t699_1,0.84,HIGH,LOCAL,SAFE: all tasks permitted (weight=0.84),
1771434250.753,0.0,59.77,4.5555,1.986,99.0,29,,,0.02785,1.0000,0.0000,0.9818,0.0000,0.2785,0.9930,0.4741,CRITICAL,True,10,0,,,,,,
1771434250.753,0.0,,,,,,,,,,,,,,,0.4741,SAFE,,10,,t700_0,0.90,LOW,LOCAL,SAFE: all tasks permitted (weight=0.90),
1771434250.753,0.0,60.12,4.5418,1.986,99.0,29,,,0.02804,1.0000,0.0000,1.0000,0.0000,0.2804,0.9930,0.4766,CRITICAL,True,10,0,,,,,,window_reset|B=10
1771434250.753,0.0,,,,,,,,,,,,,,,0.4766,SAFE,,10,,t701_0,0.52,LOW,LOCAL,SAFE: all tasks permitted (weight=0.52),
1771434250.753,0.0,,,,,,,,,,,,,,,0.4766,SAFE,,10,,t701_1,0.87,HIGH,LOCAL,SAFE: all tasks permitted (weight=0.87),
1771434250.753,0.0,59.21,4.5768,1.986,99.0,29,,,0.02851,1.0000,0.0000,0.9106,0.0000,0.2851,0.9930,0.4655,CRITICAL,True,10,0,,,,,,
1771434250.754,0.0,,,,,,,,,,,,,,,0.4655,SAFE,,10,,t702_0,0.86,NORMAL,LOCAL,SAFE: all tasks permitted (weight=0.86),
1771434250.754,0.0,59.69,4.5509,1.986,99.0,29,9774.810,17.30954,0.02842,1.0000,1.0000,0.9971,0.0000,0.2842,0.9930,0.7266,CRITICAL,True,10,0,,,,,,
1771434250.754,0.0,,,,,,,,,,,,,,,0.7266,SAFE,,10,,t703_0,0.62,NORMAL,LOCAL,SAFE: all tasks permitted (weight=0.62),
1771434250.754,0.0,,,,,,,,,,,,,,,0.7266,SAFE,,10,,t703_1,0.64,LOW,LOCAL,SAFE: all tasks permitted (weight=0.64),
1771434250.754,0.0,,,,,,,,,,,,,,,0.7266,SAFE,,10,,t703_2,0.57,NORMAL,LOCAL,SAFE: all tasks permitted (weight=0.57),
1771434250.754,0.0,,,,,,,,,,,,,,,0.7266,SAFE,,10,,t703_3,0.86,HIGH,LOCAL,SAFE: all tasks permitted (weight=0.86),
1771434250.754,0.0,,,,,,,,,,,,,,,0.7266,SAFE,,10,,t703_4,0.29,LOW,LOCAL,SAFE: all tasks permitted (weight=0.29),
1771434250.754,0.0,59.41,4.5767,1.986,99.0,32,-25029.344,51.98716,0.02480,1.0000,0.0000,0.9111,0.0000,0.2480,0.9930,0.4618,CRITICAL,True,10,0,,,,,,
1771434250.754,0.0,,,,,,,,,,,,,,,0.4618,SAFE,,10,,t704_0,0.26,HIGH,LOCAL,SAFE: all tasks permitted (weight=0.26),
1771434250.754,0.0,,,,,,,,,,,,,,,0.4618,SAFE,,10,,t704_1,0.30,LOW,LOCAL,SAFE: all tasks permitted (weight=0.30),
1771434250.754,0.0,59.44,4.5359,1.986,99.0,31,-2959.942,-11.48837,0.02517,1.0000,0.0000,1.0000,1.0000,0.2517,0.9930,0.6738,CRITICAL,True,10,0,,,,,,
1771434250.754,0.0,,,,,,,,,,,,,,,0.6738,SAFE,,10,,t705_0,0.75,HIGH,LOCAL,SAFE: all tasks permitted (weight=0.75),
1771434250.754,0.0,,,,,,,,,,,,,,,0.6738,SAFE,,10,,t705_1,0.18,HIGH,LOCAL,SAFE: all tasks permitted (weight=0.18),
1771434250.754,0.0,,,,,,,,,,,,,,,0.6738,SAFE,,10,,t705_2,0.61,HIGH,LOCAL,SAFE: all tasks permitted (weight=0.61),
1771434250.754,0.0,60.08,4.5544,1.986,99.0,32,5832.945,-20.98894,0.02329,1.0000,1.0000,0.9853,1.0000,0.2329,0.9930,0.9200,CRITICAL,True,10,0,,,,,,
1771434250.754,0.0,,,,,,,,,,,,,,,0.9200,SAFE,,10,,t706_0,0.27,LOW,LOCAL,SAFE: all tasks permitted (weight=0.27),
1771434250.754,0.0,,,,,,,,,,,,,,,0.9200,SAFE,,10,,t706_1,0.46,NORMAL,LOCAL,SAFE: all tasks permitted (weight=0.46),
1771434250.754,0.0,,,,,,,,,,,,,,,0.9200,SAFE,,10,,t706_2,0.34,NORMAL,LOCAL,SAFE: all tasks permitted (weight=0.34),
1771434250.754,0.0,59.46,4.5501,1.986,99.0,32,-22272.855,6.98313,0.02206,1.0000,0.0000,0.9998,0.0000,0.2206,0.9930,0.4706,CRITICAL,True,10,0,,,,,,
1771434250.754,0.0,,,,,,,,,,,,,,,0.4706,SAFE,,10,,t707_0,0.17,LOW,LOCAL,SAFE: all tasks permitted (weight=0.17),
1771434250.754,0.0,,,,,,,,,,,,,,,0.4706,SAFE,,10,,t707_1,0.21,CRITICAL,LOCAL,SAFE: all tasks permitted (weight=0.21),
1771434250.754,0.0,60.25,4.5580,1.986,99.0,30,18762.757,1.71077,0.01505,1.0000,1.0000,0.9732,0.0000,0.1505,0.9930,0.7102,CRITICAL,True,10,0,,,,,,
1771434250.754,0.0,,,,,,,,,,,,,,,0.7102,SAFE,,10,,t708_0,0.35,CRITICAL,LOCAL,SAFE: all tasks permitted (weight=0.35),
1771434250.754,0.0,59.93,4.5054,1.986,99.0,29,-7619.024,-24.05879,0.02068,1.0000,0.0000,1.0000,1.0000,0.2068,0.9930,0.6693,CRITICAL,True,10,0,,,,,,
1771434250.754,0.0,,,,,,,,,,,,,,,0.6693,SAFE,,10,,t709_0,0.70,HIGH,LOCAL,SAFE: all tasks permitted (weight=0.70),
1771434250.754,0.0,,,,,,,,,,,,,,,0.6693,SAFE,,10,,t709_1,0.34,LOW,LOCAL,SAFE: all tasks permitted (weight=0.34),
1771434250.754,0.0,,,,,,,,,,,,,,,0.6693,SAFE,,10,,t709_2,0.30,HIGH,LOCAL,SAFE: all tasks permitted (weight=0.30),
1771434250.754,0.0,,,,,,,,,,,,,,,0.6693,SAFE,,10,,t709_3,0.28,HIGH,LOCAL,SAFE: all tasks permitted (weight=0.28),
1771434250.754,0.0,59.84,4.5602,1.986,99.0,29,25064.156,-11.00633,0.01828,1.0000,1.0000,0.9661,1.0000,0.1828,0.9930,0.9125,CRITICAL,True,10,0,,,,,,
1771434250.754,0.0,,,,,,,,,,,,,,,0.9125,SAFE,,10,,t710_0,0.71,HIGH,LOCAL,SAFE: all tasks permitted (weight=0.71),
1771434250.754,0.0,,,,,,,,,,,,,,,0.9125,SAFE,,10,,t710_1,0.66,CRITICAL,LOCAL,SAFE: all tasks permitted (weight=0.66),
1771434250.754,0.0,,,,,,,,,,,,,,,0.9125,SAFE,,10,,t710_2,0.38,NORMAL,LOCAL,SAFE: all tasks permitted (weight=0.38),
1771434250.754,0.0,59.16,4.5465,1.986,99.0,31,,,0.01803,1.0000,0.0000,1.0000,0.0000,0.1803,0.9930,0.4666,CRITICAL,True,10,0,,,,,,
1771434250.754,0.0,,,,,,,,,,,,,,,0.4666,SAFE,,10,,t711_0,0.18,NORMAL,LOCAL,SAFE: all tasks permitted (weight=0.18),
1771434250.754,0.0,59.47,4.5670,1.986,99.0,29,,,0.01854,1.0000,0.0000,0.9433,0.0000,0.1854,0.9930,0.4598,CRITICAL,True,10,0,,,,,,
1771434250.754,0.0,,,,,,,,,,,,,,,0.4598,SAFE,,10,,t712_0,0.57,LOW,LOCAL,SAFE: all tasks permitted (weight=0.57),
1771434250.754,0.0,,,,,,,,,,,,,,,0.4598,SAFE,,10,,t712_1,0.60,NORMAL,LOCAL,SAFE: all tasks permitted (weight=0.60),
1771434250.754,0.0,,,,,,,,,,,,,,,0.4598,SAFE,,10,,t712_2,0.83,LOW,LOCAL,SAFE: all tasks permitted (weight=0.83),
1771434250.754,0.0,,,,,,,,,,,,,,,0.4598,SAFE,,10,,t712_3,0.46,NORMAL,LOCAL,SAFE: all tasks permitted (weight=0.46),
1771434250.754,0.0,58.86,4.5255,1.986,99.0,31,,,0.01980,1.0000,0.0000,1.0000,0.0000,0.1980,0.9930,0.4684,CRITICAL,True,10,0,,,,,,
1771434250.754,0.0,,,,,,,,,,,,,,,0.4684,SAFE,,10,,t713_0,0.16,HIGH,LOCAL,SAFE: all tasks permitted (weight=0.16),
1771434250.754,0.0,,,,,,,,,,,,,,,0.4684,SAFE,,10,,t713_1,0.55,NORMAL,LOCAL,SAFE: all tasks permitted (weight=0.55),
1771434250.754,0.0,,,,,,,,,,,,,,,0.4684,SAFE,,10,,t713_2,0.50,LOW,LOCAL,SAFE: all tasks permitted (weight=0.50),
1771434250.754,0.0,,,,,,,,,,,,,,,0.4684,SAFE,,10,,t713_3,0.70,NORMAL,LOCAL,SAFE: all tasks permitted (weight=0.70),
1771434250.754,0.0,,,,,,,,,,,,,,,0.4684,SAFE,,10,,t713_4,0.82,CRITICAL,LOCAL,SAFE: all tasks permitted (weight=0.82),
1771434250.754,0.0,,,,,,,,,,,,,,,0.4684,SAFE,,10,,t713_5,0.52,NORMAL,LOCAL,SAFE: all tasks permitted (weight=0.52),
1771434250.754,0.0,59.47,4.5114,1.986,99.0,35,,,0.02081,1.0000,0.0000,1.0000,0.0000,0.2081,0.9930,0.4694,CRITICAL,True,10,0,,,,,,window_reset|B=10
1771434250.754,0.0,,,,,,,,,,,,,,,0.4694,SAFE,,10,,t714_0,0.23,LOW,LOCAL,SAFE: all tasks permitted (weight=0.23),
1771434250.754,0.0,,,,,,,,,,,,,,,0.4694,SAFE,,10,,t714_1,0.85,LOW,LOCAL,SAFE: all tasks permitted (weight=0.85),
1771434250.754,0.0,60.02,4.5220,1.986,99.0,35,,,0.02166,1.0000,0.0000,1.0000,0.0000,0.2166,0.9930,0.4703,CRITICAL,True,10,0,,,,,,
1771434250.754,0.0,,,,,,,,,,,,,,,0.4703,SAFE,,10,,t715_0,0.72,NORMAL,LOCAL,SAFE: all tasks permitted (weight=0.72),
1771434250.754,0.0,,,,,,,,,,,,,,,0.4703,SAFE,,10,,t715_1,0.64,NORMAL,LOCAL,SAFE: all tasks permitted (weight=0.64),
1771434250.754,0.0,,,,,,,,,,,,,,,0.4703,SAFE,,10,,t715_2,0.19,CRITICAL,LOCAL,SAFE: all tasks permitted (weight=0.19),
1771434250.754,0.0,59.42,4.5733,1.986,99.0,35,,,0.02125,1.0000,0.0000,0.9222,0.0000,0.2125,0.9930,0.4597,CRITICAL,True,10,0,,,,,,
1771434250.755,0.0,,,,,,,,,,,,,,,0.4597,SAFE,,10,,t716_0,0.33,LOW,LOCAL,SAFE: all tasks permitted (weight=0.33),
1771434250.755,0.0,,,,,,,,,,,,,,,0.4597,SAFE,,10,,t716_1,0.68,NORMAL,LOCAL,SAFE: all tasks permitted (weight=0.68),
1771434250.755,0.0,59.88,4.5547,1.986,99.0,34,-2616.839,49.09326,0.02140,1.0000,0.0000,0.9843,0.0000,0.2140,0.9930,0.4680,CRITICAL,True,10,0,,,,,,
1771434250.755,0.0,,,,,,,,,,,,,,,0.4680,SAFE,,10,,t717_0,0.75,LOW,LOCAL,SAFE: all tasks permitted (weight=0.75),
1771434250.755,0.0,,,,,,,,,,,,,,,0.4680,SAFE,,10,,t717_1,0.39,NORMAL,LOCAL,SAFE: all tasks permitted (weight=0.39),
1771434250.755,0.0,59.22,4.5701,1.986,99.0,34,-37100.318,9.83988,0.02244,1.0000,0.0000,0.9331,0.0000,0.2244,0.9930,0.4623,CRITICAL,True,10,0,,,,,,
1771434250.755,0.0,,,,,,,,,,,,,,,0.4623,SAFE,,10,,t718_0,0.73,HIGH,LOCAL,SAFE: all tasks permitted (weight=0.73),
1771434250.755,0.0,,,,,,,,,,,,,,,0.4623,SAFE,,10,,t718_1,0.33,NORMAL,LOCAL,SAFE: all tasks permitted (weight=0.33),
1771434250.755,0.0,,,,,,,,,,,,,,,0.4623,SAFE,,10,,t718_2,0.67,LOW,LOCAL,SAFE: all tasks permitted (weight=0.67),
1771434250.755,0.0,59.78,4.5456,1.986,99.0,35,37521.041,-0.85734,0.02240,1.0000,1.0000,1.0000,1.0000,0.2240,0.9930,0.9210,CRITICAL,True,10,0,,,,,,
1771434250.755,0.0,,,,,,,,,,,,,,,0.9210,SAFE,,10,,t719_0,0.51,HIGH,LOCAL,SAFE: all tasks permitted (weight=0.51),
1771434250.755,0.0,,,,,,,,,,,,,,,0.9210,SAFE,,10,,t719_1,0.23,NORMAL,LOCAL,SAFE: all tasks permitted (weight=0.23),
1771434250.755,0.0,,,,,,,,,,,,,,,0.9210,SAFE,,10,,t719_2,0.19,LOW,LOCAL,SAFE: all tasks permitted (weight=0.19),
1771434250.755,0.0,,,,,,,,,,,,,,,0.9210,SAFE,,10,,t719_3,0.86,LOW,LOCAL,SAFE: all tasks permitted (weight=0.86),
1771434250.755,0.0,,,,,,,,,,,,,,,0.9210,SAFE,,10,,t719_4,0.58,NORMAL,LOCAL,SAFE: all tasks permitted (weight=0.58),
1771434250.755,0.0,,,,,,,,,,,,,,,0.9210,SAFE,,10,,t719_5,0.18,LOW,LOCAL,SAFE: all tasks permitted (weight=0.18),
1771434250.755,0.0,59.90,4.5576,1.986,99.0,37,25726.668,-9.36200,0.02238,1.0000,1.0000,0.9746,1.0000,0.2238,0.9930,0.9177,CRITICAL,True,10,0,,,,,,
1771434250.755,0.0,,,,,,,,,,,,,,,0.9177,SAFE,,10,,t720_0,0.55,CRITICAL,LOCAL,SAFE: all tasks permitted (weight=0.55),
1771434250.755,0.0,,,,,,,,,,,,,,,0.9177,SAFE,,10,,t720_1,0.56,HIGH,LOCAL,SAFE: all tasks permitted (weight=0.56),
1771434250.755,0.0,59.96,4.5363,1.986,99.0,37,65539.960,10.80268,0.01924,1.0000,1.0000,1.0000,0.0000,0.1924,0.9930,0.7178,CRITICAL,True,10,0,,,,,,
1771434250.755,0.0,,,,,,,,,,,,,,,0.7178,SAFE,,10,,t721_0,0.80,NORMAL,LOCAL,SAFE: all tasks permitted (weight=0.80),
1771434250.756,0.0,,,,,,,,,,,,,,,0.7178,SAFE,,10,,t721_1,0.51,NORMAL,LOCAL,SAFE: all tasks permitted (weight=0.51),
1771434250.756,0.0,,,,,,,,,,,,,,,0.7178,SAFE,,10,,t721_2,0.87,NORMAL,LOCAL,SAFE: all tasks permitted (weight=0.87),
1771434250.756,0.0,60.31,4.5772,1.986,99.0,38,33642.520,43.65878,0.02069,1.0000,1.0000,0.9093,0.0000,0.2069,0.9930,0.7075,CRITICAL,True,10,0,,,,,,
1771434250.756,0.0,,,,,,,,,,,,,,,0.7075,SAFE,,10,,t722_0,0.82,NORMAL,LOCAL,SAFE: all tasks permitted (weight=0.82),
1771434250.756,0.0,,,,,,,,,,,,,,,0.7075,SAFE,,10,,t722_1,0.33,CRITICAL,LOCAL,SAFE: all tasks permitted (weight=0.33),
1771434250.756,0.0,,,,,,,,,,,,,,,0.7075,SAFE,,10,,t722_2,0.59,NORMAL,LOCAL,SAFE: all tasks permitted (weight=0.59),
1771434250.756,0.0,59.63,4.5516,1.986,99.0,39,-15526.695,19.62757,0.02069,1.0000,0.0000,0.9947,0.0000,0.2069,0.9930,0.4686,CRITICAL,True,10,0,,,,,,
1771434250.756,0.0,,,,,,,,,,,,,,,0.4686,SAFE,,10,,t723_0,0.73,CRITICAL,LOCAL,SAFE: all tasks permitted (weight=0.73),
1771434250.756,0.0,,,,,,,,,,,,,,,0.4686,SAFE,,10,,t723_1,0.43,NORMAL,LOCAL,SAFE: all tasks permitted (weight=0.43),
1771434250.756,0.0,59.40,4.6084,1.986,99.0,38,-1018.373,23.23035,0.02608,1.0000,0.0000,0.8055,0.0000,0.2608,0.9930,0.4494,CRITICAL,True,10,0,,,,,,
1771434250.756,0.0,,,,,,,,,,,,,,,0.4494,SAFE,,10,,t724_0,0.48,LOW,LOCAL,SAFE: all tasks permitted (weight=0.48),
1771434250.756,0.0,,,,,,,,,,,,,,,0.4494,SAFE,,10,,t724_1,0.79,HIGH,LOCAL,SAFE: all tasks permitted (weight=0.79),
1771434250.756,0.0,,,,,,,,,,,,,,,0.4494,SAFE,,10,,t724_2,0.78,NORMAL,LOCAL,SAFE: all tasks permitted (weight=0.78),
1771434250.756,0.0,59.71,4.5175,1.986,99.0,39,-21111.098,-73.92270,0.02685,1.0000,0.0000,1.0000,1.0000,0.2685,0.9930,0.6755,CRITICAL,True,10,0,,,,,,
1771434250.756,0.0,,,,,,,,,,,,,,,0.6755,SAFE,,10,,t725_0,0.24,CRITICAL,LOCAL,SAFE: all tasks permitted (weight=0.24),
1771434250.756,0.0,,,,,,,,,,,,,,,0.6755,SAFE,,10,,t725_1,0.19,NORMAL,LOCAL,SAFE: all tasks permitted (weight=0.19),
1771434250.756,0.0,,,,,,,,,,,,,,,0.6755,SAFE,,10,,t725_2,0.43,CRITICAL,LOCAL,SAFE: all tasks permitted (weight=0.43),
1771434250.756,0.0,59.86,4.5593,1.986,99.0,38,76250.484,-21.36390,0.02390,1.0000,1.0000,0.9689,1.0000,0.2390,0.9930,0.9185,CRITICAL,True,10,0,,,,,,
1771434250.756,0.0,,,,,,,,,,,,,,,0.9185,SAFE,,10,,t726_0,0.89,NORMAL,LOCAL,SAFE: all tasks permitted (weight=0.89),
1771434250.756,0.0,59.85,4.5336,1.986,99.0,37,7968.941,-23.99536,0.02270,1.0000,1.0000,1.0000,1.0000,0.2270,0.9930,0.9213,CRITICAL,True,10,0,,,,,,window_reset|B=10
1771434250.756,0.0,,,,,,,,,,,,,,,0.9213,SAFE,,10,,t727_0,0.43,NORMAL,LOCAL,SAFE: all tasks permitted (weight=0.43),
1771434250.756,0.0,,,,,,,,,,,,,,,0.9213,SAFE,,10,,t727_1,0.57,HIGH,LOCAL,SAFE: all tasks permitted (weight=0.57),
1771434250.756,0.0,,,,,,,,,,,,,,,0.9213,SAFE,,10,,t727_2,0.31,HIGH,LOCAL,SAFE: all tasks permitted (weight=0.31),
1771434250.756,0.0,59.45,4.5874,1.986,99.0,37,-53316.921,59.14020,0.02384,1.0000,0.0000,0.8755,0.0000,0.2384,0.9930,0.4563,CRITICAL,True,10,0,,,,,,
1771434250.756,0.0,,,,,,,,,,,,,,,0.4563,SAFE,,10,,t728_0,0.27,NORMAL,LOCAL,SAFE: all tasks permitted (weight=0.27),
1771434250.756,0.0,60.18,4.5514,1.986,99.0,35,26370.085,30.00660,0.02390,1.0000,1.0000,0.9953,0.0000,0.2390,0.9930,0.7219,CRITICAL,True,10,0,,,,,,
1771434250.756,0.0,,,,,,,,,,,,,,,0.7219,SAFE,,10,,t729_0,0.55,NORMAL,LOCAL,SAFE: all tasks permitted (weight=0.55),
1771434250.756,0.0,,,,,,,,,,,,,,,0.7219,SAFE,,10,,t729_1,0.80,NORMAL,LOCAL,SAFE: all tasks permitted (weight=0.80),
1771434250.756,0.0,59.80,4.5522,1.986,99.0,35,,,0.02366,1.0000,0.0000,0.9926,0.0000,0.2366,0.9930,0.4713,CRITICAL,True,10,0,,,,,,
1771434250.756,0.0,,,,,,,,,,,,,,,0.4713,SAFE,,10,,t730_0,0.58,NORMAL,LOCAL,SAFE: all tasks permitted (weight=0.58),
1771434250.756,0.0,,,,,,,,,,,,,,,0.4713,SAFE,,10,,t730_1,0.62,CRITICAL,LOCAL,SAFE: all tasks permitted (weight=0.62),
1771434250.756,0.0,,,,,,,,,,,,,,,0.4713,SAFE,,10,,t730_2,0.42,HIGH,LOCAL,SAFE: all tasks permitted (weight=0.42),
1771434250.756,0.0,59.84,4.5353,1.986,99.0,35,,,0.02422,1.0000,0.0000,1.0000,0.0000,0.2422,0.9930,0.4728,CRITICAL,True,10,0,,,,,,
1771434250.756,0.0,,,,,,,,,,,,,,,0.4728,SAFE,,10,,t731_0,0.43,HIGH,LOCAL,SAFE: all tasks permitted (weight=0.43),
1771434250.756,0.0,,,,,,,,,,,,,,,0.4728,SAFE,,10,,t731_1,0.86,HIGH,LOCAL,SAFE: all tasks permitted (weight=0.86),
1771434250.756,0.0,,,,,,,,,,,,,,,0.4728,SAFE,,10,,t731_2,0.38,LOW,LOCAL,SAFE: all tasks permitted (weight=0.38),
1771434250.756,0.0,59.99,4.5466,1.986,99.0,36,,,0.02433,1.0000,0.0000,1.0000,0.0000,0.2433,0.9930,0.4729,CRITICAL,True,10,0,,,,,,
1771434250.756,0.0,,,,,,,,,,,,,,,0.4729,SAFE,,10,,t732_0,0.26,LOW,LOCAL,SAFE: all tasks permitted (weight=0.26),
1771434250.756,0.0,59.94,4.5568,1.986,99.0,34,,,0.02369,1.0000,0.0000,0.9772,0.0000,0.2369,0.9930,0.4693,CRITICAL,True,10,0,,,,,,
1771434250.756,0.0,,,,,,,,,,,,,,,0.4693,SAFE,,10,,t733_0,0.20,CRITICAL,LOCAL,SAFE: all tasks permitted (weight=0.20),
1771434250.756,0.0,,,,,,,,,,,,,,,0.4693,SAFE,,10,,t733_1,0.34,NORMAL,LOCAL,SAFE: all tasks permitted (weight=0.34),
1771434250.756,0.0,,,,,,,,,,,,,,,0.4693,SAFE,,10,,t733_2,0.83,LOW,LOCAL,SAFE: all tasks permitted (weight=0.83),
1771434250.756,0.0,59.42,4.5549,1.986,99.0,34,,,0.02285,1.0000,0.0000,0.9838,0.0000,0.2285,0.9930,0.4693,CRITICAL,True,10,0,,,,,,
1771434250.756,0.0,,,,,,,,,,,,,,,0.4693,SAFE,,10,,t734_0,0.23,NORMAL,LOCAL,SAFE: all tasks permitted (weight=0.23),
1771434250.756,0.0,,,,,,,,,,,,,,,0.4693,SAFE,,10,,t734_1,0.81,LOW,LOCAL,SAFE: all tasks permitted (weight=0.81),
1771434250.756,0.0,,,,,,,,,,,,,,,0.4693,SAFE,,10,,t734_2,0.76,HIGH,LOCAL,SAFE: all tasks permitted (weight=0.76),
1771434250.756,0.0,59.29,4.5682,1.986,99.0,35,,,0.02313,1.0000,0.0000,0.9394,0.0000,0.2313,0.9930,0.4638,CRITICAL,True,10,0,,,,,,
1771434250.756,0.0,,,,,,,,,,,,,,,0.4638,SAFE,,10,,t735_0,0.51,NORMAL,LOCAL,SAFE: all tasks permitted (weight=0.51),
1771434250.756,0.0,,,,,,,,,,,,,,,0.4638,SAFE,,10,,t735_1,0.57,NORMAL,LOCAL,SAFE: all tasks permitted (weight=0.57),
1771434250.756,0.0,60.06,4.5704,1.986,99.0,34,,,0.01771,1.0000,0.0000,0.9319,0.0000,0.1771,0.9930,0.4575,CRITICAL,True,10,0,,,,,,
1771434250.756,0.0,,,,,,,,,,,,,,,0.4575,SAFE,,10,,t736_0,0.60,CRITICAL,LOCAL,SAFE: all tasks permitted (weight=0.60),
1771434250.756,0.0,59.67,4.5444,1.986,99.0,33,,,0.01452,1.0000,0.0000,1.0000,0.0000,0.1452,0.9930,0.4631,CRITICAL,True,10,0,,,,,,
1771434250.756,0.0,,,,,,,,,,,,,,,0.4631,SAFE,,10,,t737_0,0.67,HIGH,LOCAL,SAFE: all tasks permitted (weight=0.67),
1771434250.757,0.1,,,,,,,,,,,,,,,0.4631,SAFE,,10,,t737_1,0.83,HIGH,LOCAL,SAFE: all tasks permitted (weight=0.83),
1771434250.757,0.1,59.60,4.5211,1.986,99.0,33,-11948.800,-30.99866,0.01718,1.0000,0.0000,1.0000,1.0000,0.1718,0.9930,0.6658,CRITICAL,True,10,0,,,,,,
1771434250.757,0.1,,,,,,,,,,,,,,,0.6658,SAFE,,10,,t738_0,0.46,NORMAL,LOCAL,SAFE: all tasks permitted (weight=0.46),
1771434250.757,0.1,,,,,,,,,,,,,,,0.6658,SAFE,,10,,t738_1,0.31,NORMAL,LOCAL,SAFE: all tasks permitted (weight=0.31),
1771434250.757,0.1,,,,,,,,,,,,,,,0.6658,SAFE,,10,,t738_2,0.76,HIGH,LOCAL,SAFE: all tasks permitted (weight=0.76),
1771434250.757,0.1,,,,,,,,,,,,,,,0.6658,SAFE,,10,,t738_3,0.48,HIGH,LOCAL,SAFE: all tasks permitted (weight=0.48),
1771434250.757,0.1,,,,,,,,,,,,,,,0.6658,SAFE,,10,,t738_4,0.69,NORMAL,LOCAL,SAFE: all tasks permitted (weight=0.69),
1771434250.757,0.1,59.64,4.5631,1.986,99.0,36,-12122.383,27.61642,0.01648,1.0000,0.0000,0.9565,0.0000,0.1648,0.9930,0.4594,CRITICAL,True,10,0,,,,,,
1771434250.757,0.1,,,,,,,,,,,,,,,0.4594,SAFE,,10,,t739_0,0.68,LOW,LOCAL,SAFE: all tasks permitted (weight=0.68),
1771434250.757,0.1,,,,,,,,,,,,,,,0.4594,SAFE,,10,,t739_1,0.89,NORMAL,LOCAL,SAFE: all tasks permitted (weight=0.89),
1771434250.757,0.1,,,,,,,,,,,,,,,0.4594,SAFE,,10,,t739_2,0.62,NORMAL,LOCAL,SAFE: all tasks permitted (weight=0.62),
1771434250.757,0.1,,,,,,,,,,,,,,,0.4594,SAFE,,10,,t739_3,0.37,CRITICAL,LOCAL,SAFE: all tasks permitted (weight=0.37),
1771434250.757,0.1,,,,,,,,,,,,,,,0.4594,SAFE,,10,,t739_4,0.57,LOW,LOCAL,SAFE: all tasks permitted (weight=0.57),
1771434250.757,0.1,59.60,4.5743,1.986,99.0,39,-23383.438,27.64374,0.01459,1.0000,0.0000,0.9189,0.0000,0.1459,0.9930,0.4527,CRITICAL,True,10,0,,,,,,window_reset|B=10
1771434250.757,0.1,,,,,,,,,,,,,,,0.4527,SAFE,,10,,t740_0,0.65,NORMAL,LOCAL,SAFE: all tasks permitted (weight=0.65),
1771434250.757,0.1,59.83,4.5650,1.986,99.0,38,-6310.897,8.17188,0.01493,1.0000,0.0000,0.9499,0.0000,0.1493,0.9930,0.4570,CRITICAL,True,10,0,,,,,,
1771434250.757,0.1,,,,,,,,,,,,,,,0.4570,SAFE,,10,,t741_0,0.23,LOW,LOCAL,SAFE: all tasks permitted (weight=0.23),
1771434250.757,0.1,,,,,,,,,,,,,,,0.4570,SAFE,,10,,t741_1,0.71,HIGH,LOCAL,SAFE: all tasks permitted (weight=0.71),
1771434250.757,0.1,,,,,,,,,,,,,,,0.4570,SAFE,,10,,t741_2,0.70,HIGH,LOCAL,SAFE: all tasks permitted (weight=0.70),
1771434250.757,0.1,,,,,,,,,,,,,,,0.4570,SAFE,,10,,t741_3,0.34,LOW,LOCAL,SAFE: all tasks permitted (weight=0.34),
1771434250.757,0.1,,,,,,,,,,,,,,,0.4570,SAFE,,10,,t741_4,0.17,NORMAL,LOCAL,SAFE: all tasks permitted (weight=0.17),
1771434250.757,0.1,,,,,,,,,,,,,,,0.4570,SAFE,,10,,t741_5,0.72,NORMAL,LOCAL,SAFE: all tasks permitted (weight=0.72),
1771434250.757,0.1,59.41,4.5456,1.986,99.0,40,-499.898,-9.19619,0.01512,1.0000,0.0000,1.0000,1.0000,0.1512,0.9930,0.6637,CRITICAL,True,10,0,,,,,,
1771434250.757,0.1,,,,,,,,,,,,,,,0.6637,SAFE,,10,,t742_0,0.28,NORMAL,LOCAL,SAFE: all tasks permitted (weight=0.28),
1771434250.757,0.1,,,,,,,,,,,,,,,0.6637,SAFE,,10,,t742_1,0.36,NORMAL,LOCAL,SAFE: all tasks permitted (weight=0.36),
1771434250.757,0.1,,,,,,,,,,,,,,,0.6637,SAFE,,10,,t742_2,0.50,NORMAL,LOCAL,SAFE: all tasks permitted (weight=0.50),
1771434250.757,0.1,,,,,,,,,,,,,,,0.6637,SAFE,,10,,t742_3,0.68,HIGH,LOCAL,SAFE: all tasks permitted (weight=0.68),
1771434250.757,0.1,,,,,,,,,,,,,,,0.6637,SAFE,,10,,t742_4,0.18,NORMAL,LOCAL,SAFE: all tasks permitted (weight=0.18),
1771434250.757,0.1,,,,,,,,,,,,,,,0.6637,SAFE,,10,,t742_5,0.69,LOW,LOCAL,SAFE: all tasks permitted (weight=0.69),
1771434250.757,0.1,59.62,4.5616,1.986,99.0,43,19810.868,-6.59500,0.01416,1.0000,1.0000,0.9614,1.0000,0.1416,0.9930,0.9077,CRITICAL,True,10,0,,,,,,
1771434250.757,0.1,,,,,,,,,,,,,,,0.9077,SAFE,,10,,t743_0,0.48,HIGH,LOCAL,SAFE: all tasks permitted (weight=0.48),
1771434250.757,0.1,,,,,,,,,,,,,,,0.9077,SAFE,,10,,t743_1,0.82,NORMAL,LOCAL,SAFE: all tasks permitted (weight=0.82),
1771434250.757,0.1,59.57,4.5743,1.986,99.0,42,-29364.990,3.81002,0.01468,1.0000,0.0000,0.9192,0.0000,0.1468,0.9930,0.4528,CRITICAL,True,10,0,,,,,,
1771434250.757,0.1,,,,,,,,,,,,,,,0.4528,SAFE,,10,,t744_0,0.63,NORMAL,LOCAL,SAFE: all tasks permitted (weight=0.63),
1771434250.757,0.1,,,,,,,,,,,,,,,0.4528,SAFE,,10,,t744_1,0.52,HIGH,LOCAL,SAFE: all tasks permitted (weight=0.52),
1771434250.757,0.1,,,,,,,,,,,,,,,0.4528,SAFE,,10,,t744_2,0.26,LOW,LOCAL,SAFE: all tasks permitted (weight=0.26),
1771434250.757,0.1,,,,,,,,,,,,,,,0.4528,SAFE,,10,,t744_3,0.17,CRITICAL,LOCAL,SAFE: all tasks permitted (weight=0.17),
1771434250.757,0.1,,,,,,,,,,,,,,,0.4528,SAFE,,10,,t744_4,0.65,NORMAL,LOCAL,SAFE: all tasks permitted (weight=0.65),
1771434250.757,0.1,59.60,4.5603,1.986,99.0,43,-4043.643,15.82331,0.01468,1.0000,0.0000,0.9658,0.0000,0.1468,0.9930,0.4588,CRITICAL,True,10,0,,,,,,
1771434250.757,0.1,,,,,,,,,,,,,,,0.4588,SAFE,,10,,t745_0,0.56,LOW,LOCAL,SAFE: all tasks permitted (weight=0.56),
1771434250.757,0.1,,,,,,,,,,,,,,,0.4588,SAFE,,10,,t745_1,0.32,CRITICAL,LOCAL,SAFE: all tasks permitted (weight=0.32),
1771434250.757,0.1,,,,,,,,,,,,,,,0.4588,SAFE,,10,,t745_2,0.44,HIGH,LOCAL,SAFE: all tasks permitted (weight=0.44),
1771434250.757,0.1,,,,,,,,,,,,,,,0.4588,SAFE,,10,,t745_3,0.71,HIGH,LOCAL,SAFE: all tasks permitted (weight=0.71),
1771434250.757,0.1,,,,,,,,,,,,,,,0.4588,SAFE,,10,,t745_4,0.88,CRITICAL,LOCAL,SAFE: all tasks permitted (weight=0.88),
1771434250.757,0.1,,,,,,,,,,,,,,,0.4588,SAFE,,10,,t745_5,0.25,NORMAL,LOCAL,SAFE: all tasks permitted (weight=0.25),
1771434250.757,0.1,60.39,4.5173,1.986,99.0,46,,,0.01862,1.0000,0.0000,1.0000,0.0000,0.1862,0.9930,0.4672,CRITICAL,True,10,0,,,,,,
1771434250.757,0.1,,,,,,,,,,,,,,,0.4672,SAFE,,10,,t746_0,0.65,NORMAL,LOCAL,SAFE: all tasks permitted (weight=0.65),
1771434250.757,0.1,,,,,,,,,,,,,,,0.4672,SAFE,,10,,t746_1,0.25,NORMAL,LOCAL,SAFE: all tasks permitted (weight=0.25),
1771434250.757,0.1,59.84,4.5729,1.986,99.0,44,,,0.01893,1.0000,0.0000,0.9237,0.0000,0.1893,0.9930,0.4576,CRITICAL,True,10,0,,,,,,
1771434250.758,0.1,,,,,,,,,,,,,,,0.4576,SAFE,,10,,t747_0,0.70,HIGH,LOCAL,SAFE: all tasks permitted (weight=0.70),
1771434250.758,0.1,,,,,,,,,,,,,,,0.4576,SAFE,,10,,t747_1,0.44,NORMAL,LOCAL,SAFE: all tasks permitted (weight=0.44),
1771434250.758,0.1,,,,,,,,,,,,,,,0.4576,SAFE,,10,,t747_2,0.83,NORMAL,LOCAL,SAFE: all tasks permitted (weight=0.83),
1771434250.758,0.1,,,,,,,,,,,,,,,0.4576,SAFE,,10,,t747_3,0.76,HIGH,LOCAL,SAFE: all tasks permitted (weight=0.76),
1771434250.758,0.1,,,,,,,,,,,,,,,0.4576,SAFE,,10,,t747_4,0.36,NORMAL,LOCAL,SAFE: all tasks permitted (weight=0.36),
1771434250.758,0.1,,,,,,,,,,,,,,,0.4576,SAFE,,10,,t747_5,0.75,LOW,LOCAL,SAFE: all tasks permitted (weight=0.75),
1771434250.758,0.1,59.59,4.5797,1.986,99.0,48,-528.187,5.31452,0.01968,1.0000,0.0000,0.9009,0.0000,0.1968,0.9930,0.4554,CRITICAL,True,10,0,,,,,,
1771434250.758,0.1,,,,,,,,,,,,,,,0.4554,SAFE,,10,,t748_0,0.70,NORMAL,LOCAL,SAFE: all tasks permitted (weight=0.70),
1771434250.758,0.1,,,,,,,,,,,,,,,0.4554,SAFE,,10,,t748_1,0.80,HIGH,LOCAL,SAFE: all tasks permitted (weight=0.80),
1771434250.758,0.1,,,,,,,,,,,,,,,0.4554,SAFE,,10,,t748_2,0.52,NORMAL,LOCAL,SAFE: all tasks permitted (weight=0.52),
1771434250.758,0.1,59.41,4.5637,1.986,99.0,49,-24553.735,-1.26226,0.01941,1.0000,0.0000,0.9542,1.0000,0.1941,0.9930,0.6621,CRITICAL,True,10,0,,,,,,
1771434250.758,0.1,,,,,,,,,,,,,,,0.6621,SAFE,,10,,t749_0,0.80,NORMAL,LOCAL,SAFE: all tasks permitted (weight=0.80),
1771434250.758,0.1,,,,,,,,,,,,,,,0.6621,SAFE,,10,,t749_1,0.36,HIGH,LOCAL,SAFE: all tasks permitted (weight=0.36),
1771434250.758,0.1,59.90,4.5620,1.986,99.0,47,28893.077,16.00890,0.01585,1.0000,1.0000,0.9601,0.0000,0.1585,0.9930,0.7093,CRITICAL,True,10,0,,,,,,
1771434250.758,0.1,,,,,,,,,,,,,,,0.7093,SAFE,,10,,t750_0,0.27,HIGH,LOCAL,SAFE: all tasks permitted (weight=0.27),
1771434250.758,0.1,,,,,,,,,,,,,,,0.7093,SAFE,,10,,t750_1,0.83,NORMAL,LOCAL,SAFE: all tasks permitted (weight=0.83),
1771434250.758,0.1,,,,,,,,,,,,,,,0.7093,SAFE,,10,,t750_2,0.69,HIGH,LOCAL,SAFE: all tasks permitted (weight=0.69),
1771434250.758,0.1,,,,,,,,,,,,,,,0.7093,SAFE,,10,,t750_3,0.37,LOW,LOCAL,SAFE: all tasks permitted (weight=0.37),
1771434250.758,0.1,,,,,,,,,,,,,,,0.7093,SAFE,,10,,t750_4,0.80,NORMAL,LOCAL,SAFE: all tasks permitted (weight=0.80),
1771434250.758,0.1,,,,,,,,,,,,,,,0.7093,SAFE,,10,,t750_5,0.83,NORMAL,LOCAL,SAFE: all tasks permitted (weight=0.83),
1771434250.758,0.1,59.42,4.5314,1.986,99.0,51,-12000.086,-29.52564,0.01789,1.0000,0.0000,1.0000,1.0000,0.1789,0.9930,0.6665,CRITICAL,True,10,0,,,,,,
1771434250.758,0.1,,,,,,,,,,,,,,,0.6665,SAFE,,10,,t751_0,0.85,NORMAL,LOCAL,SAFE: all tasks permitted (weight=0.85),
1771434250.758,0.1,,,,,,,,,,,,,,,0.6665,SAFE,,10,,t751_1,0.19,LOW,LOCAL,SAFE: all tasks permitted (weight=0.19),
1771434250.758,0.1,,,,,,,,,,,,,,,0.6665,SAFE,,10,,t751_2,0.88,NORMAL,LOCAL,SAFE: all tasks permitted (weight=0.88),
1771434250.758,0.1,,,,,,,,,,,,,,,0.6665,SAFE,,10,,t751_3,0.77,NORMAL,LOCAL,SAFE: all tasks permitted (weight=0.77),
1771434250.758,0.1,59.90,4.5655,1.986,99.0,53,19605.992,-8.55964,0.01743,1.0000,1.0000,0.9483,1.0000,0.1743,0.9930,0.9093,CRITICAL,True,10,0,,,,,,
1771434250.758,0.1,,,,,,,,,,,,,,,0.9093,SAFE,,10,,t752_0,0.26,NORMAL,LOCAL,SAFE: all tasks permitted (weight=0.26),
1771434250.758,0.1,,,,,,,,,,,,,,,0.9093,SAFE,,10,,t752_1,0.66,LOW,LOCAL,SAFE: all tasks permitted (weight=0.66),
1771434250.758,0.1,,,,,,,,,,,,,,,0.9093,SAFE,,10,,t752_2,0.48,LOW,LOCAL,SAFE: all tasks permitted (weight=0.48),
1771434250.758,0.1,59.49,4.5820,1.986,99.0,51,-6469.284,21.33407,0.01857,1.0000,0.0000,0.8932,0.0000,0.1857,0.9930,0.4533,CRITICAL,True,10,0,,,,,,window_reset|B=10
1771434250.758,0.1,,,,,,,,,,,,,,,0.4533,SAFE,,10,,t753_0,0.86,HIGH,LOCAL,SAFE: all tasks permitted (weight=0.86),
1771434250.758,0.1,,,,,,,,,,,,,,,0.4533,SAFE,,10,,t753_1,0.58,HIGH,LOCAL,SAFE: all tasks permitted (weight=0.58),
1771434250.758,0.1,,,,,,,,,,,,,,,0.4533,SAFE,,10,,t753_2,0.55,CRITICAL,LOCAL,SAFE: all tasks permitted (weight=0.55),
1771434250.758,0.1,59.57,4.5726,1.986,99.0,51,-48006.827,54.13744,0.01836,1.0000,0.0000,0.9248,0.0000,0.1836,0.9930,0.4572,CRITICAL,True,10,0,,,,,,
1771434250.758,0.1,,,,,,,,,,,,,,,0.4572,SAFE,,10,,t754_0,0.77,NORMAL,LOCAL,SAFE: all tasks permitted (weight=0.77),
1771434250.758,0.1,,,,,,,,,,,,,,,0.4572,SAFE,,10,,t754_1,0.17,LOW,LOCAL,SAFE: all tasks permitted (weight=0.17),
1771434250.758,0.1,,,,,,,,,,,,,,,0.4572,SAFE,,10,,t754_2,0.41,LOW,LOCAL,SAFE: all tasks permitted (weight=0.41),
1771434250.758,0.1,,,,,,,,,,,,,,,0.4572,SAFE,,10,,t754_3,0.81,LOW,LOCAL,SAFE: all tasks permitted (weight=0.81),
1771434250.758,0.1,60.22,4.5049,1.986,99.0,52,21936.244,-66.56245,0.02420,1.0000,1.0000,1.0000,1.0000,0.2420,0.9930,0.9228,CRITICAL,True,10,0,,,,,,
1771434250.758,0.1,,,,,,,,,,,,,,,0.9228,SAFE,,10,,t755_0,0.74,CRITICAL,LOCAL,SAFE: all tasks permitted (weight=0.74),
1771434250.758,0.1,,,,,,,,,,,,,,,0.9228,SAFE,,10,,t755_1,0.34,LOW,LOCAL,SAFE: all tasks permitted (weight=0.34),
1771434250.758,0.1,59.39,4.6039,1.986,99.0,50,,,0.02714,1.0000,0.0000,0.8204,0.0000,0.2714,0.9930,0.4524,CRITICAL,True,10,0,,,,,,
1771434250.758,0.1,,,,,,,,,,,,,,,0.4524,SAFE,,10,,t756_0,0.72,CRITICAL,LOCAL,SAFE: all tasks permitted (weight=0.72),
1771434250.758,0.1,,,,,,,,,,,,,,,0.4524,SAFE,,10,,t756_1,0.57,NORMAL,LOCAL,SAFE: all tasks permitted (weight=0.57),
1771434250.758,0.1,59.40,4.6101,1.986,99.0,49,,,0.03051,1.0000,0.0000,0.7998,0.0000,0.3051,0.9930,0.4531,CRITICAL,True,10,0,,,,,,
1771434250.758,0.1,,,,,,,,,,,,,,,0.4531,SAFE,,10,,t757_0,0.84,LOW,LOCAL,SAFE: all tasks permitted (weight=0.84),
1771434250.758,0.1,,,,,,,,,,,,,,,0.4531,SAFE,,10,,t757_1,0.64,NORMAL,LOCAL,SAFE: all tasks permitted (weight=0.64),
1771434250.758,0.1,,,,,,,,,,,,,,,0.4531,SAFE,,10,,t757_2,0.69,LOW,LOCAL,SAFE: all tasks permitted (weight=0.69),
1771434250.758,0.1,,,,,,,,,,,,,,,0.4531,SAFE,,10,,t757_3,0.68,CRITICAL,LOCAL,SAFE: all tasks permitted (weight=0.68),
1771434250.758,0.1,,,,,,,,,,,,,,,0.4531,SAFE,,10,,t757_4,0.85,HIGH,LOCAL,SAFE: all tasks permitted (weight=0.85),
1771434250.758,0.1,59.58,4.5894,1.986,99.0,52,,,0.02773,1.0000,0.0000,0.8687,0.0000,0.2773,0.9930,0.4593,CRITICAL,True,10,0,,,,,,
1771434250.758,0.1,,,,,,,,,,,,,,,0.4593,SAFE,,10,,t758_0,0.76,NORMAL,LOCAL,SAFE: all tasks permitted (weight=0.76),
1771434250.758,0.1,,,,,,,,,,,,,,,0.4593,SAFE,,10,,t758_1,0.18,HIGH,LOCAL,SAFE: all tasks permitted (weight=0.18),
1771434250.758,0.1,,,,,,,,,,,,,,,0.4593,SAFE,,10,,t758_2,0.60,LOW,LOCAL,SAFE: all tasks permitted (weight=0.60),
1771434250.758,0.1,,,,,,,,,,,,,,,0.4593,SAFE,,10,,t758_3,0.17,LOW,LOCAL,SAFE: all tasks permitted (weight=0.17),
1771434250.758,0.1,,,,,,,,,,,,,,,0.4593,SAFE,,10,,t758_4,0.78,HIGH,LOCAL,SAFE: all tasks permitted (weight=0.78),
1771434250.758,0.1,,,,,,,,,,,,,,,0.4593,SAFE,,10,,t758_5,0.80,CRITICAL,LOCAL,SAFE: all tasks permitted (weight=0.80),
1771434250.758,0.1,59.50,4.5462,1.986,99.0,55,,,0.02846,1.0000,0.0000,1.0000,0.0000,0.2846,0.9930,0.4771,CRITICAL,True,10,0,,,,,,
1771434250.758,0.1,,,,,,,,,,,,,,,0.4771,SAFE,,10,,t759_0,0.83,LOW,LOCAL,SAFE: all tasks permitted (weight=0.83),
1771434250.758,0.1,,,,,,,,,,,,,,,0.4771,SAFE,,10,,t759_1,0.85,CRITICAL,LOCAL,SAFE: all tasks permitted (weight=0.85),
1771434250.758,0.1,59.82,4.5320,1.986,99.0,54,,,0.02979,1.0000,0.0000,1.0000,0.0000,0.2979,0.9930,0.4784,CRITICAL,True,10,0,,,,,,
1771434250.758,0.1,,,,,,,,,,,,,,,0.4784,SAFE,,10,,t760_0,0.49,NORMAL,LOCAL,SAFE: all tasks permitted (weight=0.49),
1771434250.758,0.1,,,,,,,,,,,,,,,0.4784,SAFE,,10,,t760_1,0.53,NORMAL,LOCAL,SAFE: all tasks permitted (weight=0.53),
1771434250.758,0.1,,,,,,,,,,,,,,,0.4784,SAFE,,10,,t760_2,0.34,NORMAL,LOCAL,SAFE: all tasks permitted (weight=0.34),
1771434250.758,0.1,,,,,,,,,,,,,,,0.4784,SAFE,,10,,t760_3,0.57,HIGH,LOCAL,SAFE: all tasks permitted (weight=0.57),
1771434250.758,0.1,59.33,4.5409,1.986,99.0,54,,,0.03045,1.0000,0.0000,1.0000,0.0000,0.3045,0.9930,0.4790,CRITICAL,True,10,0,,,,,,
1771434250.758,0.1,,,,,,,,,,,,,,,0.4790,SAFE,,10,,t761_0,0.74,HIGH,LOCAL,SAFE: all tasks permitted (weight=0.74),
1771434250.758,0.1,,,,,,,,,,,,,,,0.4790,SAFE,,10,,t761_1,0.22,HIGH,LOCAL,SAFE: all tasks permitted (weight=0.22),
1771434250.758,0.1,,,,,,,,,,,,,,,0.4790,SAFE,,10,,t761_2,0.53,HIGH,LOCAL,SAFE: all tasks permitted (weight=0.53),
1771434250.758,0.1,59.54,4.5264,1.986,99.0,53,,,0.03198,1.0000,0.0000,1.0000,0.0000,0.3198,0.9930,0.4806,CRITICAL,True,10,0,,,,,,
1771434250.758,0.1,,,,,,,,,,,,,,,0.4806,SAFE,,10,,t762_0,0.80,NORMAL,LOCAL,SAFE: all tasks permitted (weight=0.80),
1771434250.758,0.1,,,,,,,,,,,,,,,0.4806,SAFE,,10,,t762_1,0.45,LOW,LOCAL,SAFE: all tasks permitted (weight=0.45),
1771434250.758,0.1,,,,,,,,,,,,,,,0.4806,SAFE,,10,,t762_2,0.77,HIGH,LOCAL,SAFE: all tasks permitted (weight=0.77),
1771434250.758,0.1,59.24,4.5618,1.986,99.0,53,,,0.03090,1.0000,0.0000,0.9607,0.0000,0.3090,0.9930,0.4744,CRITICAL,True,10,0,,,,,,
1771434250.758,0.1,,,,,,,,,,,,,,,0.4744,SAFE,,10,,t763_0,0.50,NORMAL,LOCAL,SAFE: all tasks permitted (weight=0.50),
1771434250.758,0.1,,,,,,,,,,,,,,,0.4744,SAFE,,10,,t763_1,0.47,HIGH,LOCAL,SAFE: all tasks permitted (weight=0.47),
1771434250.758,0.1,,,,,,,,,,,,,,,0.4744,SAFE,,10,,t763_2,0.37,LOW,LOCAL,SAFE: all tasks permitted (weight=0.37),
1771434250.758,0.1,59.58,4.5884,1.986,99.0,52,,,0.03179,1.0000,0.0000,0.8720,0.0000,0.3179,0.9930,0.4638,CRITICAL,True,10,0,,,,,,
1771434250.758,0.1,,,,,,,,,,,,,,,0.4638,SAFE,,10,,t764_0,0.21,CRITICAL,LOCAL,SAFE: all tasks permitted (weight=0.21),
1771434250.758,0.1,,,,,,,,,,,,,,,0.4638,SAFE,,10,,t764_1,0.81,NORMAL,LOCAL,SAFE: all tasks permitted (weight=0.81),
1771434250.758,0.1,59.79,4.5311,1.986,99.0,50,,,0.03239,1.0000,0.0000,1.0000,0.0000,0.3239,0.9930,0.4810,CRITICAL,True,10,0,,,,,,
1771434250.758,0.1,,,,,,,,,,,,,,,0.4810,SAFE,,10,,t765_0,0.47,NORMAL,LOCAL,SAFE: all tasks permitted (weight=0.47),
1771434250.758,0.1,,,,,,,,,,,,,,,0.4810,SAFE,,10,,t765_1,0.25,NORMAL,LOCAL,SAFE: all tasks permitted (weight=0.25),
1771434250.758,0.1,,,,,,,,,,,,,,,0.4810,SAFE,,10,,t765_2,0.80,LOW,LOCAL,SAFE: all tasks permitted (weight=0.80),
1771434250.758,0.1,,,,,,,,,,,,,,,0.4810,SAFE,,10,,t765_3,0.34,LOW,LOCAL,SAFE: all tasks permitted (weight=0.34),
1771434250.758,0.1,59.55,4.5401,1.986,99.0,50,,,0.03249,1.0000,0.0000,1.0000,0.0000,0.3249,0.9930,0.4811,CRITICAL,True,10,0,,,,,,window_reset|B=10
1771434250.758,0.1,,,,,,,,,,,,,,,0.4811,SAFE,,10,,t766_0,0.21,NORMAL,LOCAL,SAFE: all tasks permitted (weight=0.21),
1771434250.759,0.1,,,,,,,,,,,,,,,0.4811,SAFE,,10,,t766_1,0.28,LOW,LOCAL,SAFE: all tasks permitted (weight=0.28),
1771434250.759,0.1,59.59,4.5129,1.986,99.0,47,3350.505,-22.09386,0.03150,1.0000,1.0000,1.0000,1.0000,0.3150,0.9930,0.9301,CRITICAL,True,10,0,,,,,,
1771434250.759,0.1,,,,,,,,,,,,,,,0.9301,SAFE,,10,,t767_0,0.66,HIGH,LOCAL,SAFE: all tasks permitted (weight=0.66),
1771434250.759,0.1,,,,,,,,,,,,,,,0.9301,SAFE,,10,,t767_1,0.39,LOW,LOCAL,SAFE: all tasks permitted (weight=0.39),
1771434250.759,0.1,,,,,,,,,,,,,,,0.9301,SAFE,,10,,t767_2,0.28,LOW,LOCAL,SAFE: all tasks permitted (weight=0.28),
1771434250.759,0.1,,,,,,,,,,,,,,,0.9301,SAFE,,10,,t767_3,0.46,NORMAL,LOCAL,SAFE: all tasks permitted (weight=0.46),
1771434250.759,0.1,,,,,,,,,,,,,,,0.9301,SAFE,,10,,t767_4,0.37,HIGH,LOCAL,SAFE: all tasks permitted (weight=0.37),
1771434250.759,0.1,60.04,4.5512,1.986,99.0,48,8802.294,12.77591,0.02814,1.0000,1.0000,0.9960,0.0000,0.2814,0.9930,0.7262,CRITICAL,True,10,0,,,,,,
1771434250.759,0.1,,,,,,,,,,,,,,,0.7262,SAFE,,10,,t768_0,0.27,NORMAL,LOCAL,SAFE: all tasks permitted (weight=0.27),
1771434250.759,0.1,,,,,,,,,,,,,,,0.7262,SAFE,,10,,t768_1,0.42,HIGH,LOCAL,SAFE: all tasks permitted (weight=0.42),
1771434250.759,0.1,,,,,,,,,,,,,,,0.7262,SAFE,,10,,t768_2,0.70,LOW,LOCAL,SAFE: all tasks permitted (weight=0.70),
1771434250.759,0.1,59.03,4.5513,1.986,99.0,47,-12152.230,6.92363,0.02219,1.0000,0.0000,0.9958,0.0000,0.2219,0.9930,0.4702,CRITICAL,True,10,0,,,,,,
1771434250.759,0.1,,,,,,,,,,,,,,,0.4702,SAFE,,10,,t769_0,0.31,NORMAL,LOCAL,SAFE: all tasks permitted (weight=0.31),
1771434250.759,0.1,,,,,,,,,,,,,,,0.4702,SAFE,,10,,t769_1,0.52,CRITICAL,LOCAL,SAFE: all tasks permitted (weight=0.52),
1771434250.759,0.1,,,,,,,,,,,,,,,0.4702,SAFE,,10,,t769_2,0.79,LOW,LOCAL,SAFE: all tasks permitted (weight=0.79),
1771434250.759,0.1,59.19,4.5422,1.986,99.0,47,-14093.122,10.56533,0.01828,1.0000,0.0000,1.0000,0.0000,0.1828,0.9930,0.4669,CRITICAL,True,10,0,,,,,,
1771434250.759,0.1,,,,,,,,,,,,,,,0.4669,SAFE,,10,,t770_0,0.32,LOW,LOCAL,SAFE: all tasks permitted (weight=0.32),
1771434250.759,0.1,,,,,,,,,,,,,,,0.4669,SAFE,,10,,t770_1,0.17,LOW,LOCAL,SAFE: all tasks permitted (weight=0.17),
1771434250.759,0.1,,,,,,,,,,,,,,,0.4669,SAFE,,10,,t770_2,0.86,NORMAL,LOCAL,SAFE: all tasks permitted (weight=0.86),
1771434250.759,0.1,59.99,4.5356,1.986,99.0,46,30027.671,-17.43794,0.01839,1.0000,1.0000,1.0000,1.0000,0.1839,0.9930,0.9170,CRITICAL,True,10,0,,,,,,
1771434250.759,0.1,,,,,,,,,,,,,,,0.9170,SAFE,,10,,t771_0,0.39,LOW,LOCAL,SAFE: all tasks permitted (weight=0.39),
1771434250.759,0.1,,,,,,,,,,,,,,,0.9170,SAFE,,10,,t771_1,0.23,HIGH,LOCAL,SAFE: all tasks permitted (weight=0.23),
1771434250.759,0.1,60.14,4.5736,1.986,99.0,44,22372.120,-9.87604,0.01988,1.0000,1.0000,0.9215,1.0000,0.1988,0.9930,0.9083,CRITICAL,True,10,0,,,,,,
1771434250.759,0.1,,,,,,,,,,,,,,,0.9083,SAFE,,10,,t772_0,0.90,NORMAL,LOCAL,SAFE: all tasks permitted (weight=0.90),
1771434250.759,0.1,59.43,4.5806,1.986,99.0,42,-14069.808,32.89476,0.02190,1.0000,0.0000,0.8982,0.0000,0.2190,0.9930,0.4573,CRITICAL,True,10,0,,,,,,
1771434250.759,0.1,,,,,,,,,,,,,,,0.4573,SAFE,,10,,t773_0,0.28,HIGH,LOCAL,SAFE: all tasks permitted (weight=0.28),
1771434250.759,0.1,,,,,,,,,,,,,,,0.4573,SAFE,,10,,t773_1,0.52,LOW,LOCAL,SAFE: all tasks permitted (weight=0.52),
1771434250.759,0.1,,,,,,,,,,,,,,,0.4573,SAFE,,10,,t773_2,0.45,HIGH,LOCAL,SAFE: all tasks permitted (weight=0.45),
1771434250.759,0.1,,,,,,,,,,,,,,,0.4573,SAFE,,10,,t773_3,0.29,CRITICAL,LOCAL,SAFE: all tasks permitted (weight=0.29),
1771434250.759,0.1,60.15,4.5504,1.986,99.0,42,23886.622,6.80876,0.02076,1.0000,1.0000,0.9987,0.0000,0.2076,0.9930,0.7192,CRITICAL,True,10,0,,,,,,
1771434250.759,0.1,,,,,,,,,,,,,,,0.7192,SAFE,,10,,t774_0,0.81,LOW,LOCAL,SAFE: all tasks permitted (weight=0.81),
1771434250.759,0.1,,,,,,,,,,,,,,,0.7192,SAFE,,10,,t774_1,0.84,HIGH,LOCAL,SAFE: all tasks permitted (weight=0.84),
1771434250.759,0.1,59.71,4.4927,1.986,99.0,42,,,0.02605,1.0000,0.0000,1.0000,0.0000,0.2605,0.9930,0.4746,CRITICAL,True,10,0,,,,,,
1771434250.759,0.1,,,,,,,,,,,,,,,0.4746,SAFE,,10,,t775_0,0.85,NORMAL,LOCAL,SAFE: all tasks permitted (weight=0.85),
1771434250.759,0.1,,,,,,,,,,,,,,,0.4746,SAFE,,10,,t775_1,0.17,LOW,LOCAL,SAFE: all tasks permitted (weight=0.17),
1771434250.759,0.1,59.93,4.5536,1.986,99.0,41,,,0.02289,1.0000,0.0000,0.9880,0.0000,0.2289,0.9930,0.4699,CRITICAL,True,10,0,,,,,,
1771434250.759,0.1,,,,,,,,,,,,,,,0.4699,SAFE,,10,,t776_0,0.88,LOW,LOCAL,SAFE: all tasks permitted (weight=0.88),
1771434250.759,0.1,,,,,,,,,,,,,,,0.4699,SAFE,,10,,t776_1,0.51,NORMAL,LOCAL,SAFE: all tasks permitted (weight=0.51),
1771434250.759,0.1,,,,,,,,,,,,,,,0.4699,SAFE,,10,,t776_2,0.88,NORMAL,LOCAL,SAFE: all tasks permitted (weight=0.88),
1771434250.759,0.1,59.31,4.5499,1.986,99.0,43,,,0.02267,1.0000,0.0000,1.0000,0.0000,0.2267,0.9930,0.4713,CRITICAL,True,10,0,,,,,,
1771434250.759,0.1,,,,,,,,,,,,,,,0.4713,SAFE,,10,,t777_0,0.50,LOW,LOCAL,SAFE: all tasks permitted (weight=0.50),
1771434250.759,0.1,,,,,,,,,,,,,,,0.4713,SAFE,,10,,t777_1,0.72,NORMAL,LOCAL,SAFE: all tasks permitted (weight=0.72),
1771434250.759,0.1,,,,,,,,,,,,,,,0.4713,SAFE,,10,,t777_2,0.43,HIGH,LOCAL,SAFE: all tasks permitted (weight=0.43),
1771434250.759,0.1,59.42,4.5612,1.986,99.0,43,,,0.02308,1.0000,0.0000,0.9626,0.0000,0.2308,0.9930,0.4668,CRITICAL,True,10,0,,,,,,
1771434250.759,0.1,,,,,,,,,,,,,,,0.4668,SAFE,,10,,t778_0,0.74,LOW,LOCAL,SAFE: all tasks permitted (weight=0.74),
1771434250.759,0.1,,,,,,,,,,,,,,,0.4668,SAFE,,10,,t778_1,0.19,LOW,LOCAL,SAFE: all tasks permitted (weight=0.19),
1771434250.759,0.1,,,,,,,,,,,,,,,0.4668,SAFE,,10,,t778_2,0.47,NORMAL,LOCAL,SAFE: all tasks permitted (weight=0.47),
1771434250.759,0.1,59.40,4.5391,1.986,99.0,42,,,0.02097,1.0000,0.0000,1.0000,0.0000,0.2097,0.9930,0.4696,CRITICAL,True,10,0,,,,,,window_reset|B=10
1771434250.759,0.1,,,,,,,,,,,,,,,0.4696,SAFE,,10,,t779_0,0.49,LOW,LOCAL,SAFE: all tasks permitted (weight=0.49),
1771434250.759,0.1,,,,,,,,,,,,,,,0.4696,SAFE,,10,,t779_1,0.26,NORMAL,LOCAL,SAFE: all tasks permitted (weight=0.26),
1771434250.759,0.1,59.84,4.5549,1.986,99.0,41,,,0.02103,1.0000,0.0000,0.9836,0.0000,0.2103,0.9930,0.4675,CRITICAL,True,10,0,,,,,,
1771434250.759,0.1,,,,,,,,,,,,,,,0.4675,SAFE,,10,,t780_0,0.40,HIGH,LOCAL,SAFE: all tasks permitted (weight=0.40),
1771434250.759,0.1,,,,,,,,,,,,,,,0.4675,SAFE,,10,,t780_1,0.23,CRITICAL,LOCAL,SAFE: all tasks permitted (weight=0.23),
1771434250.759,0.1,59.84,4.5508,1.986,99.0,39,,,0.02103,1.0000,0.0000,0.9975,0.0000,0.2103,0.9930,0.4693,CRITICAL,True,10,0,,,,,,
1771434250.759,0.1,,,,,,,,,,,,,,,0.4693,SAFE,,10,,t781_0,0.83,NORMAL,LOCAL,SAFE: all tasks permitted (weight=0.83),
1771434250.760,0.1,59.86,4.5692,1.986,99.0,38,-17081.453,18.73505,0.02165,1.0000,0.0000,0.9361,0.0000,0.2165,0.9930,0.4619,CRITICAL,True,10,0,,,,,,
1771434250.760,0.1,,,,,,,,,,,,,,,0.4619,SAFE,,10,,t782_0,0.69,LOW,LOCAL,SAFE: all tasks permitted (weight=0.69),
1771434250.760,0.1,59.79,4.5797,1.986,99.0,36,4729.844,86.71700,0.02246,1.0000,1.0000,0.9010,0.0000,0.2246,0.9930,0.7082,CRITICAL,True,10,0,,,,,,
1771434250.760,0.1,,,,,,,,,,,,,,,0.7082,SAFE,,10,,t783_0,0.34,LOW,LOCAL,SAFE: all tasks permitted (weight=0.34),
1771434250.760,0.1,,,,,,,,,,,,,,,0.7082,SAFE,,10,,t783_1,0.48,NORMAL,LOCAL,SAFE: all tasks permitted (weight=0.48),
1771434250.760,0.1,,,,,,,,,,,,,,,0.7082,SAFE,,10,,t783_2,0.46,HIGH,LOCAL,SAFE: all tasks permitted (weight=0.46),
1771434250.760,0.1,59.27,4.5677,1.986,99.0,36,-39494.343,14.04099,0.02210,1.0000,0.0000,0.9411,0.0000,0.2210,0.9930,0.4630,CRITICAL,True,10,0,,,,,,
1771434250.760,0.1,,,,,,,,,,,,,,,0.4630,SAFE,,10,,t784_0,0.55,LOW,LOCAL,SAFE: all tasks permitted (weight=0.55),
1771434250.760,0.1,59.53,4.5943,1.986,99.0,35,13322.397,44.29275,0.02374,1.0000,1.0000,0.8523,0.0000,0.2374,0.9930,0.7031,CRITICAL,True,10,0,,,,,,
1771434250.760,0.1,,,,,,,,,,,,,,,0.7031,SAFE,,10,,t785_0,0.86,LOW,LOCAL,SAFE: all tasks permitted (weight=0.86),
1771434250.760,0.1,,,,,,,,,,,,,,,0.7031,SAFE,,10,,t785_1,0.49,HIGH,LOCAL,SAFE: all tasks permitted (weight=0.49),
1771434250.760,0.1,,,,,,,,,,,,,,,0.7031,SAFE,,10,,t785_2,0.62,LOW,LOCAL,SAFE: all tasks permitted (weight=0.62),
1771434250.760,0.1,59.95,4.5268,1.986,99.0,36,31968.017,-34.31696,0.02500,1.0000,1.0000,1.0000,1.0000,0.2500,0.9930,0.9236,CRITICAL,True,10,0,,,,,,
1771434250.760,0.1,,,,,,,,,,,,,,,0.9236,SAFE,,10,,t786_0,0.73,NORMAL,LOCAL,SAFE: all tasks permitted (weight=0.73),
1771434250.760,0.1,,,,,,,,,,,,,,,0.9236,SAFE,,10,,t786_1,0.39,LOW,LOCAL,SAFE: all tasks permitted (weight=0.39),
1771434250.760,0.1,60.14,4.6108,1.986,99.0,35,44361.827,71.43529,0.02229,1.0000,1.0000,0.7975,0.0000,0.2229,0.9930,0.6946,CRITICAL,True,10,0,,,,,,
1771434250.760,0.1,,,,,,,,,,,,,,,0.6946,SAFE,,10,,t787_0,0.55,LOW,LOCAL,SAFE: all tasks permitted (weight=0.55),
1771434250.760,0.1,,,,,,,,,,,,,,,0.6946,SAFE,,10,,t787_1,0.61,NORMAL,LOCAL,SAFE: all tasks permitted (weight=0.61),
1771434250.760,0.1,,,,,,,,,,,,,,,0.6946,SAFE,,10,,t787_2,0.75,LOW,LOCAL,SAFE: all tasks permitted (weight=0.75),
1771434250.760,0.1,59.78,4.5668,1.986,99.0,36,-3486.071,11.87845,0.02212,1.0000,0.0000,0.9438,0.0000,0.2212,0.9930,0.4634,CRITICAL,True,10,0,,,,,,
1771434250.760,0.1,,,,,,,,,,,,,,,0.4634,SAFE,,10,,t788_0,0.20,HIGH,LOCAL,SAFE: all tasks permitted (weight=0.20),
1771434250.760,0.1,,,,,,,,,,,,,,,0.4634,SAFE,,10,,t788_1,0.80,HIGH,LOCAL,SAFE: all tasks permitted (weight=0.80),
1771434250.760,0.1,59.91,4.5494,1.986,99.0,36,3933.326,-1.39428,0.02215,1.0000,1.0000,1.0000,1.0000,0.2215,0.9930,0.9207,CRITICAL,True,10,0,,,,,,
1771434250.760,0.1,,,,,,,,,,,,,,,0.9207,SAFE,,10,,t789_0,0.28,NORMAL,LOCAL,SAFE: all tasks permitted (weight=0.28),
1771434250.760,0.1,,,,,,,,,,,,,,,0.9207,SAFE,,10,,t789_1,0.59,LOW,LOCAL,SAFE: all tasks permitted (weight=0.59),
1771434250.760,0.1,59.87,4.5841,1.986,99.0,35,,,0.02278,1.0000,0.0000,0.8863,0.0000,0.2278,0.9930,0.4566,CRITICAL,True,10,0,,,,,,
1771434250.760,0.1,,,,,,,,,,,,,,,0.4566,SAFE,,10,,t790_0,0.46,HIGH,LOCAL,SAFE: all tasks permitted (weight=0.46),
1771434250.760,0.1,60.11,4.5600,1.986,99.0,33,,,0.02141,1.0000,0.0000,0.9668,0.0000,0.2141,0.9930,0.4657,CRITICAL,True,10,0,,,,,,
1771434250.760,0.1,,,,,,,,,,,,,,,0.4657,SAFE,,10,,t791_0,0.55,LOW,LOCAL,SAFE: all tasks permitted (weight=0.55),
1771434250.760,0.1,59.45,4.5409,1.986,99.0,32,,,0.02244,1.0000,0.0000,1.0000,0.0000,0.2244,0.9930,0.4710,CRITICAL,True,10,0,,,,,,window_reset|B=10
1771434250.760,0.1,,,,,,,,,,,,,,,0.4710,SAFE,,10,,t792_0,0.87,NORMAL,LOCAL,SAFE: all tasks permitted (weight=0.87),
1771434250.760,0.1,,,,,,,,,,,,,,,0.4710,SAFE,,10,,t792_1,0.49,CRITICAL,LOCAL,SAFE: all tasks permitted (weight=0.49),
1771434250.760,0.1,,,,,,,,,,,,,,,0.4710,SAFE,,10,,t792_2,0.34,HIGH,LOCAL,SAFE: all tasks permitted (weight=0.34),
1771434250.760,0.1,59.84,4.5909,1.986,99.0,33,,,0.02280,1.0000,0.0000,0.8638,0.0000,0.2280,0.9930,0.4537,CRITICAL,True,10,0,,,,,,
1771434250.760,0.1,,,,,,,,,,,,,,,0.4537,SAFE,,10,,t793_0,0.88,LOW,LOCAL,SAFE: all tasks permitted (weight=0.88),
1771434250.760,0.1,,,,,,,,,,,,,,,0.4537,SAFE,,10,,t793_1,0.55,HIGH,LOCAL,SAFE: all tasks permitted (weight=0.55),
1771434250.760,0.1,,,,,,,,,,,,,,,0.4537,SAFE,,10,,t793_2,0.77,NORMAL,LOCAL,SAFE: all tasks permitted (weight=0.77),
1771434250.760,0.1,,,,,,,,,,,,,,,0.4537,SAFE,,10,,t793_3,0.20,LOW,LOCAL,SAFE: all tasks permitted (weight=0.20),
1771434250.760,0.1,,,,,,,,,,,,,,,0.4537,SAFE,,10,,t793_4,0.33,CRITICAL,LOCAL,SAFE: all tasks permitted (weight=0.33),
1771434250.760,0.1,,,,,,,,,,,,,,,0.4537,SAFE,,10,,t793_5,0.21,HIGH,LOCAL,SAFE: all tasks permitted (weight=0.21),
1771434250.760,0.1,59.83,4.5583,1.986,99.0,36,,,0.02303,1.0000,0.0000,0.9722,0.0000,0.2303,0.9930,0.4680,CRITICAL,True,10,0,,,,,,
1771434250.760,0.1,,,,,,,,,,,,,,,0.4680,SAFE,,10,,t794_0,0.57,NORMAL,LOCAL,SAFE: all tasks permitted (weight=0.57),
1771434250.760,0.1,,,,,,,,,,,,,,,0.4680,SAFE,,10,,t794_1,0.72,LOW,LOCAL,SAFE: all tasks permitted (weight=0.72),
1771434250.760,0.1,,,,,,,,,,,,,,,0.4680,SAFE,,10,,t794_2,0.56,HIGH,LOCAL,SAFE: all tasks permitted (weight=0.56),
1771434250.760,0.1,59.80,4.5728,1.986,99.0,37,,,0.02284,1.0000,0.0000,0.9241,0.0000,0.2284,0.9930,0.4616,CRITICAL,True,10,0,,,,,,
1771434250.760,0.1,,,,,,,,,,,,,,,0.4616,SAFE,,10,,t795_0,0.52,NORMAL,LOCAL,SAFE: all tasks permitted (weight=0.52),
1771434250.760,0.1,59.65,4.6003,1.986,99.0,35,,,0.02447,1.0000,0.0000,0.8322,0.0000,0.2447,0.9930,0.4512,CRITICAL,True,10,0,,,,,,
1771434250.760,0.1,,,,,,,,,,,,,,,0.4512,SAFE,,10,,t796_0,0.34,HIGH,LOCAL,SAFE: all tasks permitted (weight=0.34),
1771434250.760,0.1,,,,,,,,,,,,,,,0.4512,SAFE,,10,,t796_1,0.46,HIGH,LOCAL,SAFE: all tasks permitted (weight=0.46),
1771434250.760,0.1,,,,,,,,,,,,,,,0.4512,SAFE,,10,,t796_2,0.64,LOW,LOCAL,SAFE: all tasks permitted (weight=0.64),
1771434250.760,0.1,59.44,4.5302,1.986,99.0,35,,,0.02582,1.0000,0.0000,1.0000,0.0000,0.2582,0.9930,0.4744,CRITICAL,True,10,0,,,,,,
1771434250.760,0.1,,,,,,,,,,,,,,,0.4744,SAFE,,10,,t797_0,0.53,HIGH,LOCAL,SAFE: all tasks permitted (weight=0.53),
1771434250.760,0.1,,,,,,,,,,,,,,,0.4744,SAFE,,10,,t797_1,0.77,LOW,LOCAL,SAFE: all tasks permitted (weight=0.77),
1771434250.760,0.1,59.46,4.5418,1.986,99.0,35,,,0.02420,1.0000,0.0000,1.0000,0.0000,0.2420,0.9930,0.4728,CRITICAL,True,10,0,,,,,,
1771434250.761,0.1,,,,,,,,,,,,,,,0.4728,SAFE,,10,,t798_0,0.86,LOW,LOCAL,SAFE: all tasks permitted (weight=0.86),
1771434250.761,0.1,,,,,,,,,,,,,,,0.4728,SAFE,,10,,t798_1,0.88,LOW,LOCAL,SAFE: all tasks permitted (weight=0.88),
1771434250.761,0.1,59.29,4.5244,1.986,99.0,36,-48854.120,-35.51701,0.02298,1.0000,0.0000,1.0000,1.0000,0.2298,0.9930,0.6716,CRITICAL,True,10,0,,,,,,
1771434250.761,0.1,,,,,,,,,,,,,,,0.6716,SAFE,,10,,t799_0,0.17,LOW,LOCAL,SAFE: all tasks permitted (weight=0.17),
1771434250.761,0.1,,,,,,,,,,,,,,,0.6716,SAFE,,10,,t799_1,0.17,LOW,LOCAL,SAFE: all tasks permitted (weight=0.17),
1771434250.761,0.1,,,,,,,,,,,,,,,0.6716,SAFE,,10,,t799_2,0.59,NORMAL,LOCAL,SAFE: all tasks permitted (weight=0.59),
